,com (y),com (x),end_1 (y),end_1 (x),end_2 (y),end_2 (x),ee-distance,gyr_distance,length,time,T,length_ref
0,-0.153,27.965000000000003,0.799,35.343,0.5950000000000001,35.343,0.204,4.038036322647255,0.4433682558157698,0.0,20,36.754000000000005
1,0.153,28.237,-0.391,38.233,-0.425,36.737,1.4963863137572464,4.7150667754427245,1.8064896365681264,2.0,20,36.754000000000005
2,-0.221,33.337,1.173,44.795,-0.221,28.169,16.684337325767544,6.388732806392008,25.363157058136554,4.0,20,36.754000000000005
3,-0.119,37.553,0.5950000000000001,48.603,0.527,21.743,26.86008607581145,7.978801490338147,31.679951726711405,6.0,20,36.754000000000005
4,0.153,39.593,3.655,44.115,0.6970000000000001,20.519,23.78068501956998,8.567077845339668,36.31217376218102,8.0,20,36.754000000000005
5,0.085,38.709,-1.411,41.531000000000006,0.391,23.919,17.703947243482173,6.345541160557239,21.76906107325148,10.0,20,36.754000000000005
6,0.119,37.519000000000005,-3.621,44.387,-0.323,30.447000000000003,14.32481776498396,3.727585392726285,17.656740610953612,12.0,20,36.754000000000005
7,0.221,36.635000000000005,-0.085,32.113,-0.561,32.249,0.4950474724710753,2.765510103248299,1.281806464251641,14.0,20,36.754000000000005
8,-0.017,33.439,-0.765,35.479,0.629,25.823,9.756104345485449,3.6002364336774297,17.720919719764158,16.0,20,36.754000000000005
9,0.051,32.283,-0.7310000000000001,40.749,0.527,29.019,11.79726510679488,6.208564473907529,15.799344246277393,18.0,20,36.754000000000005
10,0.187,28.305000000000003,0.935,41.599,0.765,16.507,25.09257587415051,6.752464233731343,27.41085268095801,20.0,20,36.754000000000005
11,0.017,21.913,0.289,37.553,0.663,7.293,30.26231114769657,8.629214015194666,32.17975422925646,22.0,20,36.754000000000005
12,0.255,19.159,-0.085,37.859,0.357,3.927000000000001,33.93487863540992,9.88533113899495,35.52319950646972,24.0,20,36.754000000000005
13,0.017,6.647,-0.6970000000000001,22.253,0.255,-3.927000000000001,26.197303372675595,7.566640333871965,28.130629126012845,26.0,20,36.754000000000005
14,0.119,-2.057,-0.017,15.555,0.561,-14.637,30.19753215082319,8.352099463705333,31.564979560325693,28.0,20,36.754000000000005
15,-0.221,-9.673,-0.391,1.853,0.5950000000000001,-21.505000000000003,23.378801509059443,9.117549837840958,25.3345261127215,30.0,20,36.754000000000005
16,-0.017,-15.589,-0.459,4.981000000000001,0.527,-28.679,33.674438317513186,9.870634121461077,35.68922806580997,32.0,20,36.754000000000005
17,-0.187,-23.715000000000003,-0.8330000000000001,-6.205,-0.187,-36.771,30.572825711732964,8.74571016732206,32.587914122975285,34.0,20,36.754000000000005
18,-0.153,-30.107000000000003,-0.7310000000000001,-14.059,1.6150000000000002,-43.911,29.944041477395803,8.302623722353173,32.4976073229614,36.0,20,36.754000000000005
19,-0.425,-35.003,0.221,-16.405,2.635,-42.653000000000006,26.35877273319075,8.368946314552083,32.57624100050859,38.0,20,36.754000000000005
20,-0.221,-37.689,-0.051,-17.527,2.363,-46.019000000000005,28.594080856009345,8.868695318131591,33.37416249693575,40.0,20,36.754000000000005
21,0.017,-38.947,,,,,28.594080856009345,5.551641697265499,,42.0,20,36.754000000000005
22,-0.6970000000000001,-38.641000000000005,-0.799,-28.271,-4.267,-44.659000000000006,16.75092737731258,4.974035470442839,22.22176479862654,44.0,20,36.754000000000005
23,-0.323,-38.913,0.289,-27.591,-2.975,-42.687000000000005,15.444834476290124,5.880469605109804,18.13205173038996,46.0,20,36.754000000000005
24,0.119,-40.477,-0.493,-29.325000000000003,-3.043,-42.517,13.43619603905808,6.018162732706942,15.396858828523154,48.0,20,36.754000000000005
25,-0.493,-42.279,-0.459,-24.633000000000003,-4.131,-44.693000000000005,20.39331223710361,7.164025739452577,31.195341172451418,50.0,20,36.754000000000005
26,-0.8330000000000001,-41.293000000000006,0.187,-25.449,-3.655,-42.347,17.32926334268136,6.710736500754369,21.346635059317457,52.0,20,36.754000000000005
27,-0.425,-40.511,-0.6970000000000001,-25.653,1.785,-41.565000000000005,16.104411445315225,6.3615448269647485,17.679820278787677,54.0,20,36.754000000000005
28,-0.5950000000000001,-38.777,-0.935,-29.257,-3.0770000000000004,-42.619,13.532597976737506,3.92849638837058,17.43201134176718,56.0,20,36.754000000000005
29,0.017,-36.261,-0.8670000000000001,-24.735000000000003,-0.187,-36.023,11.30846337925715,5.280540458345208,15.70150946140552,58.0,20,36.754000000000005
30,-0.255,-28.611,-0.765,-17.867,-1.0710000000000002,-36.363,18.498531076817965,6.883593861313655,27.62436976945149,60.0,20,36.754000000000005
31,0.017,-26.911,-0.357,-22.797,-0.255,-39.831,17.034305386484068,7.18757840559105,18.056948936727256,62.0,20,36.754000000000005
32,-0.255,-23.307,-0.8670000000000001,-13.957,0.221,-40.341,26.40642346096874,8.197271206471338,27.81982980729938,64.0,20,36.754000000000005
33,0.017,-26.775,-0.221,-23.001,-0.255,-38.437000000000005,15.436037444888504,4.700990877788453,16.43624285623512,66.0,20,36.754000000000005
34,0.051,-27.013,-0.7310000000000001,-22.355,0.323,-36.771,14.454479305737722,5.180802348286168,23.21548282343753,68.0,20,36.754000000000005
35,-0.221,-28.441000000000003,,,,,14.454479305737722,4.793788154672149,,70.0,20,36.754000000000005
36,-0.221,-29.121,-0.765,-23.375,0.221,-30.923,7.612128480260958,3.449995491937703,9.19572359126467,72.0,20,36.754000000000005
37,-0.459,-25.755000000000003,-1.037,-23.239,-0.187,-32.011,8.813085952150926,2.8414070813521928,11.683982769235802,74.0,20,36.754000000000005
38,-0.221,-25.959000000000003,-0.255,-23.205,0.323,-29.631000000000004,6.451942343201774,1.8732641023491423,7.932933031290574,76.0,20,36.754000000000005
39,-0.255,-24.735000000000003,-0.187,-22.253,0.391,-26.673,4.45763210684776,1.2405548251462122,5.416427730113785,78.0,20,36.754000000000005
40,-0.221,-25.041,0.5950000000000001,-20.655,-0.935,-33.677,13.11157442872518,4.043297695473461,16.083361604576293,80.0,20,36.754000000000005
41,-0.119,-27.625000000000004,-0.187,-13.379,-1.0710000000000002,-35.955000000000005,22.593300599956617,8.817775571210827,31.68538458970806,82.0,20,36.754000000000005
42,-0.051,-28.475,0.289,-15.861,-0.221,-34.561,18.706953252734664,5.193494703741751,19.795483564723096,84.0,20,36.754000000000005
43,-0.255,-23.443,-0.901,-15.181,-0.7310000000000001,-29.767000000000003,14.58699064234978,4.270890930570605,16.092627393996104,86.0,20,36.754000000000005
44,-0.221,-22.661,-0.629,-14.535000000000002,-1.037,-28.373,13.84401343541677,4.400470253585064,16.01863382335189,88.0,20,36.754000000000005
45,0.085,-21.097,-0.935,-11.407,0.323,-28.237,16.876950672440802,5.238828105124767,19.003947078252526,90.0,20,36.754000000000005
46,-0.153,-22.015,-0.017,-12.155,-0.119,-13.141000000000002,0.9912618221237012,5.998152103771775,1.0267265685425824,92.0,20,36.754000000000005
47,-0.051,-18.071,-0.459,-17.187,-1.037,-27.523000000000003,10.35214856925846,4.578417574692391,18.02309033241791,94.0,20,36.754000000000005
48,-0.221,-18.751,-0.663,-8.551,-1.139,-29.393,20.84743485419729,5.9428793586597,24.440188775913004,96.0,20,36.754000000000005
49,-0.323,-12.869000000000002,-0.493,-1.139,-0.289,-25.109,23.97086806938789,7.709651764158312,26.474291042953496,98.0,20,36.754000000000005
50,-0.187,-8.653,-0.493,-5.083,-0.5950000000000001,-22.729000000000003,17.64629479522543,6.6978692706627925,23.12738940985857,100.0,20,36.754000000000005
51,-0.017,-9.911,-0.527,-17.085,0.7310000000000001,-16.643,1.3333896654766757,4.018803213529658,4.327408859032417,102.0,20,36.754000000000005
52,-0.119,-11.951,-0.357,-5.865,0.289,-16.949,11.102809194073362,3.6816100413663535,14.32894022844267,104.0,20,36.754000000000005
53,-0.289,-11.747000000000002,0.221,-5.593,0.221,-17.663,12.07,3.6913567988661735,14.143306280571627,106.0,20,36.754000000000005
54,0.017,-8.347000000000001,-0.493,3.587,0.663,-14.739,18.362423914069733,5.673028435761816,19.74448100752334,108.0,20,36.754000000000005
55,-0.119,-5.151000000000001,-0.8330000000000001,0.527,0.255,-12.597,13.16902122406977,5.295710265846753,19.240748670924127,110.0,20,36.754000000000005
56,-0.085,-3.2470000000000003,-0.493,11.713,-0.119,-13.685,25.400753532129716,7.599164936021372,27.19307515229168,112.0,20,36.754000000000005
57,0.085,0.901,-0.289,16.507,0.255,-12.427,28.93911353168925,9.0505202283484,32.08175237778567,114.0,20,36.754000000000005
58,0.153,11.917000000000002,0.901,24.701,0.153,-5.933000000000001,30.643130714729526,9.068658014203171,32.55898653668969,116.0,20,36.754000000000005
59,0.255,18.819000000000003,0.527,32.147000000000006,0.323,1.853,30.294686860900217,9.071536676783092,31.26298840873024,118.0,20,36.754000000000005
60,0.425,26.163,-0.323,38.505,-0.527,5.9670000000000005,32.538639492148405,8.876042375574347,33.66367483129257,120.0,20,36.754000000000005
61,0.323,32.283,2.8390000000000004,43.061,0.391,16.371000000000002,26.802029848502148,7.738530790496772,29.55169058992262,122.0,20,36.754000000000005
62,0.323,33.405,0.663,34.323,-0.323,16.643,17.7074728857621,8.931670195561532,18.722232721847035,124.0,20,36.754000000000005
63,0.255,38.199000000000005,-1.887,48.569,0.119,18.343,30.29249266732601,8.301128137384948,36.82255603856456,126.0,20,36.754000000000005
64,0.119,40.987,-3.519,45.849,-0.289,22.355,23.71499390680925,7.708964859530189,34.639553851183074,128.0,20,36.754000000000005
65,-0.391,41.633,0.901,45.679,-0.6970000000000001,25.313,20.428596623361088,7.248511646570008,29.42601252061343,130.0,20,36.754000000000005
66,0.119,41.463,2.907,45.917,0.799,24.293000000000003,21.72650547142821,7.272623266678431,32.25780264855015,132.0,20,36.754000000000005
67,-0.289,41.633,3.111,46.767,0.493,27.149,19.791913702317927,6.242926122818179,28.775619765848678,134.0,20,36.754000000000005
68,0.255,43.027,0.459,39.899,0.6970000000000001,25.143,14.757919230026976,7.894900104210219,15.391902741895672,136.0,20,36.754000000000005
69,0.051,41.429,,,,,14.757919230026976,6.139638406133094,,138.0,20,36.754000000000005
70,0.323,42.823,3.281,45.237,0.255,32.079,13.501468068325016,4.154376943214941,17.363591885260277,140.0,20,36.754000000000005
71,-0.119,43.911,1.105,48.467000000000006,0.017,37.145,11.374156144523427,3.217118002950327,18.590534914401093,142.0,20,36.754000000000005
72,-0.051,44.013000000000005,-1.3090000000000002,41.871,-1.513,41.973000000000006,0.2280789337049786,2.819158066513302,1.3544716486106676,144.0,20,36.754000000000005
73,0.017,43.979000000000006,-1.819,44.149,0.5950000000000001,37.417,7.151728462406833,3.815176175123827,16.88710426939195,146.0,20,36.754000000000005
74,-0.187,42.959,0.187,36.567,0.663,36.091,0.6731656556895933,3.631295484250429,0.7987399970152942,148.0,20,36.754000000000005
75,-0.051,40.613,-0.799,33.915,0.391,45.951,12.094684617632655,4.147442650910997,16.47115541464319,150.0,20,36.754000000000005
76,-0.255,39.593,-0.085,25.891,0.017,26.469,0.5869310010554903,6.4302023983605805,0.6190616388456012,152.0,20,36.754000000000005
77,0.289,33.813,0.527,23.035,-3.281,45.713,22.99548973168434,6.251845590280149,26.895577394384613,154.0,20,36.754000000000005
78,-0.221,33.49,,,,,22.99548973168434,6.04989050827563,,156.0,20,36.754000000000005
79,0.153,33.779,0.221,24.463,-1.037,46.257000000000005,21.830277139789136,7.770083947955918,24.034264053969263,158.0,20,36.754000000000005
80,0.051,29.784,0.527,27.931,0.629,46.529,18.598279705392116,9.491199972089708,19.303271907786183,160.0,20,36.754000000000005
81,0.085,23.919,-0.629,7.735,-0.153,41.361,33.629368890896544,10.104929508966253,36.03446698381246,162.0,20,36.754000000000005
82,-0.153,13.753,-0.119,1.751,0.017,30.617,28.866320375136144,8.452986662480429,31.387216720540312,164.0,20,36.754000000000005
83,0.153,7.514,0.459,-7.021000000000001,-0.663,26.537000000000003,33.576751599879344,9.557920782972396,35.0322918137862,166.0,20,36.754000000000005
84,-0.119,-2.4650000000000003,-0.119,14.195,-0.289,14.433000000000002,0.2924790590794493,8.112218714969297,0.7824170061102288,168.0,20,36.754000000000005
85,0.017,-1.955,-0.051,-8.789000000000001,-0.391,1.819,10.6134473193209,7.008311010942888,11.975572223268784,170.0,20,36.754000000000005
86,0.187,-0.255,-0.561,-5.219,-0.561,9.979,15.198,4.780750151848577,19.531159971701967,172.0,20,36.754000000000005
87,-0.221,5.236000000000001,-0.6970000000000001,-2.261,-0.663,15.215000000000002,17.476033073898666,4.765699459963591,19.381647357086667,174.0,20,36.754000000000005
88,0.119,7.293,,,,,17.476033073898666,4.708578090281092,,176.0,20,36.754000000000005
89,0.017,10.523,0.289,1.513,-0.391,18.887,17.387302148407038,5.675892934993892,21.16876169833364,178.0,20,36.754000000000005
90,0.051,14.297,,,,,17.387302148407038,8.079768065978133,,180.0,20,36.754000000000005
91,0.153,17.051000000000002,-0.561,1.173,-0.493,29.223000000000003,28.050082424121324,8.799639415313013,30.426861376808837,182.0,20,36.754000000000005
92,0.119,19.057,0.017,3.0770000000000004,-0.6970000000000001,32.861000000000004,29.79255698995976,9.085838956218412,32.537948880058416,184.0,20,36.754000000000005
93,-0.221,26.809,0.153,9.061,-0.289,40.885000000000005,31.827069296433816,8.338771948343645,33.568037716288686,186.0,20,36.754000000000005
94,0.085,32.691,0.085,14.161,-1.649,44.829,30.71698194810161,8.557664385697997,32.40623123738293,188.0,20,36.754000000000005
95,-0.051,36.465,-0.187,17.187,3.791,44.523,27.623927671495235,8.335160280259828,33.7355815720068,190.0,20,36.754000000000005
96,0.425,38.233,-0.663,20.723000000000003,0.6970000000000001,48.705000000000005,28.01503032302482,7.868654796548881,31.95993805367032,192.0,20,36.754000000000005
97,-0.119,41.531000000000006,,,,,28.01503032302482,7.233564174644552,,194.0,20,36.754000000000005
98,-0.017,42.279,0.153,25.619000000000003,-3.1790000000000003,46.699000000000005,21.34171089673928,6.621070451565228,32.45154277547998,196.0,20,36.754000000000005
99,0.153,42.007000000000005,-0.663,29.971000000000004,2.669,46.393,16.756619826206002,4.4725539769286335,23.354136804273324,198.0,20,36.754000000000005
100,0.085,42.823,-0.357,31.841,0.187,47.99100000000001,16.159159507845697,4.369799288275326,21.610529649018208,200.0,20,36.754000000000005
101,0.561,44.047,0.357,32.419000000000004,0.527,32.861000000000004,0.47356520142426,4.238770475055077,1.6451706119961669,202.0,20,36.754000000000005
102,-0.221,43.027,0.629,31.875000000000004,3.757,44.523,13.029055529853268,4.88062921943801,24.509099227564622,204.0,20,36.754000000000005
103,0.017,43.265,1.139,41.531000000000006,3.5530000000000004,45.135000000000005,4.337765784364112,4.383928437030443,11.37880453857156,206.0,20,36.754000000000005
104,0.527,44.353,-3.757,44.285,2.1590000000000003,42.517,6.174534800290626,2.947909465269263,8.576160949397272,208.0,20,36.754000000000005
105,-0.8670000000000001,44.999,1.887,47.447,-2.091,41.939,6.794302613219402,2.307737193635541,11.09617897921878,210.0,20,36.754000000000005
106,-0.051,44.42100000000001,3.4850000000000003,44.387,3.723,44.387,0.238,2.4102882910165,1.0676462359254344,212.0,20,36.754000000000005
107,-0.255,45.101000000000006,1.0710000000000002,41.633,0.051,45.271,3.778285854723012,1.881819547039261,4.501502400153638,214.0,20,36.754000000000005
108,0.391,45.747,0.629,41.701,0.527,42.789,1.0927707902391974,2.8759817364232627,1.128680244049781,216.0,20,36.754000000000005
109,-0.527,45.033,-0.255,40.545,-0.459,41.055,0.5492868103277194,1.9795218007625897,2.0692391187924115,218.0,20,36.754000000000005
110,0.255,43.979000000000006,0.493,33.439,2.567,44.353,11.109314650328349,4.218307107666181,20.497941692368155,220.0,20,36.754000000000005
111,0.221,41.582,0.8330000000000001,29.359,-0.391,48.875,19.554345603982767,6.379454868777387,25.071590202255724,222.0,20,36.754000000000005
112,-0.255,36.720000000000006,,,,,19.554345603982767,7.460055888811929,,224.0,20,36.754000000000005
113,-0.187,32.521,-0.663,18.989,-2.023,47.005,28.04899028485696,8.447262927231758,30.171874907957974,226.0,20,36.754000000000005
114,0.289,28.645000000000003,-0.357,12.325,-1.6150000000000002,43.741,31.441177140813288,8.445699849131088,32.693648573235315,228.0,20,36.754000000000005
115,0.391,27.115,-0.357,13.753,-0.391,41.463,27.71002085888785,8.074684497340833,30.550769151814794,230.0,20,36.754000000000005
116,0.119,18.717,-0.221,6.001,0.663,35.003,29.015469322414894,8.519252227828789,30.705972900078724,232.0,20,36.754000000000005
117,0.017,17.357000000000003,0.493,-0.5950000000000001,0.799,36.567,37.16325981396143,11.031904065865913,38.73304467597226,234.0,20,36.754000000000005
118,-0.119,9.554,0.017,1.921,-0.459,27.421000000000003,25.50444227972845,8.494009036684968,26.543436785920964,236.0,20,36.754000000000005
119,0.017,6.987,-0.051,-8.415000000000001,-0.017,26.877,35.292016377645524,10.393590484561344,36.75207304514341,238.0,20,36.754000000000005
120,-0.221,2.5330000000000004,0.085,-11.339,-0.357,16.031000000000002,27.373568711441337,8.509729477398386,28.84346971876877,240.0,20,36.754000000000005
121,-0.017,-2.7710000000000004,-0.765,-9.571000000000002,0.323,14.739,24.334334673460877,8.529711624514992,33.663991497471415,242.0,20,36.754000000000005
122,-0.221,-0.629,0.357,-10.421,-0.459,15.827000000000002,26.260680874646035,8.180173732093678,27.137912938456648,244.0,20,36.754000000000005
123,-0.187,-2.363,0.323,-13.141000000000002,-0.459,1.853,15.014378442013513,8.456891059700107,16.05659414356022,246.0,20,36.754000000000005
124,0.017,-3.3830000000000005,-0.901,-13.753,0.8330000000000001,15.827000000000002,29.63078054996189,9.630641490575798,37.0262061046936,248.0,20,36.754000000000005
125,-0.221,-7.531000000000001,0.459,-19.091,0.323,9.911,29.0023188728074,9.647906909503302,31.60491969079793,250.0,20,36.754000000000005
126,-0.085,-14.195,0.459,-26.639000000000003,-0.119,5.083,31.727265372231503,9.514622867521702,33.652314870294816,252.0,20,36.754000000000005
127,-0.187,-13.719,-0.8330000000000001,-25.857000000000003,0.357,1.649,27.53172962238297,8.674073903202133,28.78310824534076,254.0,20,36.754000000000005
128,-0.051,-17.221,-0.969,-20.349,0.153,-3.145,17.2405481351377,6.088436533876142,22.48839383637249,256.0,20,36.754000000000005
129,-0.323,-19.465,0.493,-31.671000000000003,0.459,-0.051,31.62001827956461,9.202497798933123,33.2437872068175,258.0,20,36.754000000000005
130,-0.085,-18.309,-0.799,-21.607000000000003,0.425,-0.425,21.217334893902205,8.323601014969253,22.28753200692555,260.0,20,36.754000000000005
131,-0.527,-20.383000000000003,0.5950000000000001,-33.031000000000006,-0.221,-0.425,32.61620903783884,10.10540233807238,36.541760320747294,262.0,20,36.754000000000005
132,0.187,-24.089,0.017,-26.503000000000004,0.561,-6.477,20.03338743198464,7.126412398456486,21.056793320744717,264.0,20,36.754000000000005
133,-0.187,-22.151000000000003,-0.935,-24.361,0.017,-8.789000000000001,15.601073296411377,5.025227185512099,22.824158949246307,266.0,20,36.754000000000005
134,-0.017,-22.525,0.425,-30.515,-0.221,-15.487000000000002,15.04187820719208,5.407460225672049,15.66548046125484,268.0,20,36.754000000000005
135,-0.051,-23.613000000000003,-1.003,-28.271,-0.459,-18.785,9.501585762387244,3.4632513354682057,12.471411946633186,270.0,20,36.754000000000005
136,-0.357,-24.157,0.391,-27.795,-0.629,-20.553,7.313478242259288,2.539600350555105,8.363853381008134,272.0,20,36.754000000000005
137,-0.391,-24.701,0.561,-28.475,-0.459,-19.227,9.304079965262552,4.383736042090678,15.610892440577548,274.0,20,36.754000000000005
138,-0.017,-29.189000000000004,-1.207,-40.375,-0.6970000000000001,-20.451,19.93052623489907,7.547301571042426,22.114102050550603,276.0,20,36.754000000000005
139,-0.051,-34.663000000000004,2.737,-45.237,-0.085,-15.113,30.25589297971554,9.324793966285824,34.498599039579695,278.0,20,36.754000000000005
140,-0.119,-39.899,2.023,-44.42100000000001,-0.119,-25.959000000000003,18.58584429074989,5.11013994391585,20.88655748789045,280.0,20,36.754000000000005
141,-0.119,-40.545,1.683,-41.531000000000006,-0.289,-26.809,14.853486728711207,5.617885154558753,17.00996082930778,282.0,20,36.754000000000005
142,0.629,-42.925,1.5470000000000002,-46.155,-0.527,-31.841,14.463473718301564,4.394412231067118,15.968844168102466,284.0,20,36.754000000000005
143,0.187,-43.095000000000006,0.8670000000000001,-47.039,-1.173,-39.797,7.523839711211292,3.7057411242391214,12.111726152948895,286.0,20,36.754000000000005
144,-0.085,-43.605,2.635,-43.469,-0.119,-37.621,6.464025061832604,3.1011884209368428,24.40299361692471,288.0,20,36.754000000000005
145,-0.357,-41.225,-2.499,-44.489,-0.901,-29.053,15.518495416759963,5.223664607110005,17.597719336004122,290.0,20,36.754000000000005
146,-0.085,-36.363,-0.051,-24.191000000000003,-0.8330000000000001,-24.225,0.7827387814590511,6.930480580863075,1.3575271491485,292.0,20,36.754000000000005
147,-0.289,-32.147000000000006,-0.969,-28.033,3.145,-44.387,16.8635201544636,7.288951958388853,27.753904752439325,294.0,20,36.754000000000005
148,-0.391,-31.943,-0.153,-25.041,-1.037,-43.639,18.618997287716653,5.778840532247827,19.703947141418944,296.0,20,36.754000000000005
149,-0.357,-34.527,-2.975,-42.347,-1.003,-42.687000000000005,2.001095699860454,4.47081417332639,9.37905482278579,298.0,20,36.754000000000005
150,-0.629,-35.921,0.765,-46.223000000000006,-0.7310000000000001,-26.707,19.57325399620615,6.096779912557324,25.248193596777963,300.0,20,36.754000000000005
151,-0.663,-36.295,-0.969,-42.211000000000006,-0.8670000000000001,-30.583,11.628447359815496,4.393201473169874,17.533881317596876,302.0,20,36.754000000000005
152,-0.765,-37.383,1.139,-47.515,-0.425,-29.325000000000003,18.257113572522904,6.1422610002706906,23.63150799692616,304.0,20,36.754000000000005
153,-0.5950000000000001,-38.369,-3.723,-45.169,-0.629,-31.059,14.445239215741635,4.427018973270308,20.94476470734901,306.0,20,36.754000000000005
154,-0.493,-39.729000000000006,-1.241,-40.749,0.119,-33.031000000000006,7.836907808568378,4.388204388345941,10.215366006636906,308.0,20,36.754000000000005
155,-0.527,-41.803,-4.097,-44.217000000000006,0.323,-38.199000000000005,7.466774671837902,4.202500528365118,10.141353534441125,310.0,20,36.754000000000005
156,0.187,-41.565000000000005,0.255,-46.291,-0.187,-27.659,18.637241963337814,5.103587598426292,21.63316715216927,312.0,20,36.754000000000005
157,-0.187,-42.245000000000005,1.3430000000000002,-47.685,-0.221,-26.775,20.96840947711581,5.775512446937301,25.331292666536395,314.0,20,36.754000000000005
158,-0.425,-41.497,0.765,-48.161,0.085,-26.197000000000003,21.974523794612708,6.122210484838725,28.9188503594855,316.0,20,36.754000000000005
159,-0.017,-42.959,0.969,-47.583000000000006,0.561,-34.051,13.538149356540575,3.953697660217053,21.066397343954637,318.0,20,36.754000000000005
160,-0.493,-43.129000000000005,0.357,-38.947,0.221,-38.539,0.4300697617828996,2.5824150323336204,0.5198349393312824,320.0,20,36.754000000000005
161,-0.5950000000000001,-44.931,-2.499,-47.821000000000005,0.323,-41.361,7.049488208373711,2.3800875778761825,13.492258929486768,322.0,20,36.754000000000005
162,-0.323,-44.387,-3.519,-42.143,-3.281,-42.075,0.2475237362355376,2.960928165061583,18.184434434344077,324.0,20,36.754000000000005
163,0.255,-44.897000000000006,-3.3150000000000004,-42.959,-1.0710000000000002,-43.639,2.3447677923410666,2.607323990858336,13.668960661662616,326.0,20,36.754000000000005
164,-0.051,-44.795,-2.907,-44.319,1.275,-43.843,4.209002257067582,2.843521786106143,9.79720575527848,328.0,20,36.754000000000005
165,-0.221,-43.741,-3.995,-45.509,0.493,-44.013000000000005,4.730767379611896,3.095849799698584,,330.0,20,36.754000000000005
166,-0.289,-44.795,-2.125,-47.107000000000006,-1.819,-47.175,0.3134645115479582,2.8130621377497027,25.926361363997973,332.0,20,36.754000000000005
167,-1.139,-45.577000000000005,-3.043,-42.653000000000006,3.0090000000000003,-44.353,6.286231303412245,2.8165293197339536,17.16989846584707,334.0,20,36.754000000000005
168,-0.357,-44.081,-3.0090000000000003,-44.115,2.363,-42.517,5.604639863541636,3.055150632354208,16.32137654437742,336.0,20,36.754000000000005
169,-0.085,-43.809000000000005,-3.3150000000000004,-43.061,-0.8330000000000001,-36.601,6.920399121438012,3.250440804398472,23.922179365559018,338.0,20,36.754000000000005
170,-0.289,-45.339000000000006,-0.6970000000000001,-36.805,2.023,-41.497,5.423399671792593,3.134945584666984,20.35228262554273,340.0,20,36.754000000000005
171,-0.629,-44.659000000000006,-3.995,-43.741,-3.825,-43.979000000000006,0.2924790590794493,2.6567777475731766,0.491142081996555,342.0,20,36.754000000000005
172,0.391,-44.013000000000005,-1.3430000000000002,-42.347,-1.479,-48.229000000000006,5.883572044260188,2.9690838097820005,14.801043666748637,344.0,20,36.754000000000005
173,0.527,-44.285,-2.4650000000000003,-43.333000000000006,-2.091,-43.163,0.4108235631022154,1.9282336224305132,1.6742471015948437,346.0,20,36.754000000000005
174,-0.5950000000000001,-39.134,0.561,-27.727,2.431,-46.699000000000005,19.063936739299155,6.132196352835327,27.733851863227727,348.0,20,36.754000000000005
175,-0.527,-32.691,-0.935,-19.669,1.3090000000000002,-43.129000000000005,23.567077375016197,8.720246360823927,33.3132615921054,350.0,20,36.754000000000005
176,-0.459,-29.155,-0.901,-17.731,2.2270000000000003,-46.699000000000005,29.13639318790162,9.417665970172395,34.37115425971746,352.0,20,36.754000000000005
177,-0.255,-25.959000000000003,-0.969,-18.241,-0.8330000000000001,-35.513000000000005,17.272535424771895,7.085181194076847,21.60377604832937,354.0,20,36.754000000000005
178,-0.425,-28.135,0.459,-21.777,-1.513,-41.123000000000005,19.446246424438836,6.976485305206098,26.281634984627157,356.0,20,36.754000000000005
179,-0.306,-29.733,0.017,-23.681,-1.003,-41.089000000000006,17.43785720781083,4.8234597225375655,19.099619689566072,358.0,20,36.754000000000005
180,-0.153,-29.053,-0.493,-24.871,-0.289,-39.253,14.383446735744531,3.6320715154144634,15.805898338962564,360.0,20,36.754000000000005
181,-0.051,-25.755000000000003,-0.357,-19.431,-1.037,-39.423,20.0035612829316,5.9902710134572805,22.236875483264026,362.0,20,36.754000000000005
182,-0.051,-25.857000000000003,0.6970000000000001,-15.861,0.425,-32.011,16.152290363908147,6.821550000876966,17.951754346249675,364.0,20,36.754000000000005
183,0.051,-24.803,0.493,-11.033,0.425,-41.225,30.19207657647947,8.556306907649859,32.12351624305762,366.0,20,36.754000000000005
184,0.119,-25.925,0.289,-10.455,2.1590000000000003,-43.707,33.30454029107743,9.63497474289336,36.65127867571783,368.0,20,36.754000000000005
185,-0.289,-25.619000000000003,0.459,-16.677,-0.323,-40.851000000000006,24.18664507533031,7.238927887642632,27.3541810699074,370.0,20,36.754000000000005
186,-0.187,-22.117,-0.493,-6.171,0.629,-41.157,35.00398663009687,9.740733627756656,36.46264154876002,372.0,20,36.754000000000005
187,-0.187,-14.535000000000002,-0.799,0.289,-0.051,-33.881,34.178186084109264,9.50021659088714,36.07154032701978,374.0,20,36.754000000000005
188,-0.119,-12.733,-0.799,-2.261,-0.459,-29.903,27.64409094182697,7.755267693371088,30.70601879172604,376.0,20,36.754000000000005
189,0.153,-9.163,0.765,5.797000000000001,-0.391,-28.747000000000003,34.56333710740328,9.230174384317126,36.58568249786776,378.0,20,36.754000000000005
190,0.187,-4.335,0.357,6.885000000000001,0.629,-19.159,26.045420326806017,7.457537089783875,27.28573512305471,380.0,20,36.754000000000005
191,-0.119,-1.0710000000000002,0.051,4.743,0.289,-17.323,22.06728347577019,7.019447507248385,24.326511032737685,382.0,20,36.754000000000005
192,0.153,-1.207,-0.051,1.649,-0.527,-10.557,12.215277811003729,3.470464405594697,13.678604593656278,384.0,20,36.754000000000005
193,-0.187,0.391,0.6970000000000001,2.431,-0.221,-3.5530000000000004,6.054005285759174,1.993834724633964,8.440343782389792,386.0,20,36.754000000000005
194,0.119,0.493,,,,,6.054005285759174,4.826723089610983,,388.0,20,36.754000000000005
195,0.323,-1.105,0.459,7.735,-0.391,-16.201,23.95108757447144,7.4083479859139905,26.33464752899664,390.0,20,36.754000000000005
196,0.119,-9.826,0.017,1.5810000000000002,0.7310000000000001,-16.949,18.543750861139177,8.225236007512162,26.432495761407782,392.0,20,36.754000000000005
197,0.085,-9.333,0.6970000000000001,7.803000000000001,0.493,-15.181,22.98490530761439,7.948494087578628,28.460182260619053,394.0,20,36.754000000000005
198,-0.255,-9.571000000000002,-0.255,1.819,-0.425,-16.575000000000003,18.39478556548024,5.9336098147698895,19.706124069964908,396.0,20,36.754000000000005
199,-0.017,-8.568000000000001,,,,,18.39478556548024,5.942988301804781,,398.0,20,36.754000000000005
200,-0.017,-8.551,0.629,5.423,-0.527,-13.515,18.97324906282527,5.496469055790032,21.336376554514725,400.0,20,36.754000000000005
201,0.187,-8.041,-0.051,1.5470000000000002,-0.901,-10.387,11.96423236150151,3.9426120367786233,13.97441394299318,402.0,20,36.754000000000005
202,0.017,-4.879,0.799,2.499,-0.255,-10.251,12.79349115761605,3.544400852226992,15.33291506746964,404.0,20,36.754000000000005
203,-0.119,-2.601,0.799,7.327000000000001,0.357,-10.251,17.583556181842173,6.4327968662385695,23.726476540429445,406.0,20,36.754000000000005
204,0.153,2.499,,,,,17.583556181842173,9.607701318149,,408.0,20,36.754000000000005
205,0.323,6.409000000000001,-0.459,18.513,-0.459,-12.325,30.838,9.547559817297149,34.45195050304648,410.0,20,36.754000000000005
206,0.017,11.067,0.663,22.627,0.017,-7.361000000000001,29.994957242843338,8.529553815048402,32.26241609756777,412.0,20,36.754000000000005
207,0.357,12.427,0.765,22.083,-0.765,-3.1790000000000003,25.30829002520716,7.672584085583853,28.97656905355126,414.0,20,36.754000000000005
208,0.323,17.731,-0.663,33.507000000000005,0.7310000000000001,-0.8330000000000001,34.36828241271304,9.970391003026403,36.84001824825911,416.0,20,36.754000000000005
209,0.153,28.713,-1.003,42.143,0.051,9.775,32.38515616760247,8.764847210009027,34.50678724450357,418.0,20,36.754000000000005
210,0.221,35.921,2.2950000000000004,44.013000000000005,0.561,15.453,28.612590864862277,8.486818489389833,34.5965034525198,420.0,20,36.754000000000005
211,0.153,36.295,3.043,42.857000000000006,0.799,16.235,26.716407318350274,9.322194004743558,37.00255177425293,422.0,20,36.754000000000005
212,0.051,40.613,3.145,45.747,-0.459,21.301,24.71023536917445,7.665647050449881,34.191560970085746,424.0,20,36.754000000000005
213,0.323,42.721,3.3150000000000004,45.815000000000005,0.663,26.741000000000003,19.25748114370101,5.949522555593453,34.52725178975961,426.0,20,36.754000000000005
214,-0.323,41.837,3.519,46.223000000000006,-0.629,28.815,17.895372809751688,5.132479290109937,19.925178664862266,428.0,20,36.754000000000005
215,-0.8670000000000001,42.755,-2.499,45.543000000000006,-0.323,30.107000000000003,15.588619951746852,4.608381130236683,18.683682057832343,430.0,20,36.754000000000005
216,-0.119,43.29900000000001,-2.329,47.583000000000006,0.357,26.945,20.81205516041124,6.345374825185764,30.19028115062783,432.0,20,36.754000000000005
217,0.187,42.993,3.111,46.86900000000001,0.459,33.201,13.922906593093268,4.670912679820555,24.72404272175252,434.0,20,36.754000000000005
218,0.017,44.829,-2.023,41.939,3.825,44.42100000000001,6.352907051106604,3.2133869964946467,7.549121961083993,436.0,20,36.754000000000005
219,0.493,44.013000000000005,-3.3830000000000005,43.333000000000006,-0.425,48.943000000000005,6.342070955137604,2.996383114386713,19.74770720918645,438.0,20,36.754000000000005
220,-0.119,44.285,2.091,44.251000000000005,2.805,47.379000000000005,3.208454456588094,1.8966749702290613,8.937539143573982,440.0,20,36.754000000000005
221,-0.629,44.115,-3.3830000000000005,43.877,-1.173,45.679,2.851544143091599,1.854714889046556,9.027770706537456,442.0,20,36.754000000000005
222,-0.085,43.707,-2.057,41.905,-2.329,42.483,0.6388020037539018,3.3954434264520783,0.7156885356725481,444.0,20,36.754000000000005
223,-0.187,42.245000000000005,-0.357,39.831,1.819,41.905,3.006069194147068,4.269898952457589,4.288336132864996,446.0,20,36.754000000000005
224,0.289,41.429,-0.561,35.139,-0.561,35.309000000000005,0.17,4.047713761775236,0.2260808247751141,448.0,20,36.754000000000005
225,-0.255,38.403000000000006,0.425,25.721,2.363,43.163,17.549336397710317,6.49216486025608,22.657357562816976,450.0,20,36.754000000000005
226,0.255,33.031000000000006,0.7310000000000001,17.799000000000003,1.649,43.367,25.58447474543889,8.198366057566284,27.367275494768,452.0,20,36.754000000000005
227,0.527,28.883000000000003,0.6970000000000001,19.567,3.043,43.197,23.746170554428357,8.936848430721453,35.13842859658473,454.0,20,36.754000000000005
228,0.357,30.617,-0.017,22.253,-0.085,43.129000000000005,20.876110748891904,6.5107582960331785,23.37188003063554,456.0,20,36.754000000000005
229,0.323,25.347,0.425,13.005,0.051,43.537000000000006,30.53429055995898,9.316371226054416,33.494528942435764,458.0,20,36.754000000000005
230,0.289,19.023,,,,,30.53429055995898,10.250167090819067,,460.0,20,36.754000000000005
231,0.119,11.441,0.7310000000000001,-3.825,0.8670000000000001,29.529000000000003,33.354277266941345,9.429598547228036,35.63258223772988,462.0,20,36.754000000000005
232,0.119,6.069000000000001,-0.017,-10.217,-0.6970000000000001,25.619000000000003,35.84245103226062,10.10540727206218,37.19210828938762,464.0,20,36.754000000000005
233,-0.187,-1.0710000000000002,-0.8670000000000001,-16.031000000000002,-0.017,19.635,35.676127256191926,10.036931643634844,37.66040454342327,466.0,20,36.754000000000005
234,-0.051,-7.463000000000001,0.527,-21.573,-0.017,1.649,23.228371014774154,9.851771536812528,25.56353793798188,468.0,20,36.754000000000005
235,0.051,-15.674,0.289,-30.889000000000003,-0.391,1.785,32.6810751965109,9.605521740181471,34.42476256895352,470.0,20,36.754000000000005
236,0.017,-24.055000000000003,0.255,-39.015,-0.8330000000000001,-6.715000000000001,32.318319015691394,9.04540498062184,33.856120918376504,472.0,20,36.754000000000005
237,-0.051,-25.415000000000003,0.425,-27.965000000000003,0.051,-9.503,18.46578782505637,6.480843593910049,27.355833147225,474.0,20,36.754000000000005
238,0.017,-22.729000000000003,-0.017,-29.529000000000003,0.663,-9.605,19.93560071831296,5.732307356947791,25.247760146108924,476.0,20,36.754000000000005
239,-0.153,-24.361,,,,,19.93560071831296,4.249418293699007,,478.0,20,36.754000000000005
240,-0.255,-23.715000000000003,-0.5950000000000001,-30.923,0.765,-9.843,21.123825411132334,6.750236169208569,24.0492404424937,480.0,20,36.754000000000005
241,-0.153,-19.533,-0.119,-32.351,-0.8670000000000001,-7.395,24.96720729276705,8.783569450277518,30.37918373446445,482.0,20,36.754000000000005
242,0.085,-17.765,-1.003,-34.663000000000004,-0.255,-2.363,32.30865989173801,10.019636024042695,34.83559747326553,484.0,20,36.754000000000005
243,-0.187,-13.311000000000002,,,,,32.30865989173801,8.533468302815802,,486.0,20,36.754000000000005
244,-0.391,-12.223,-0.969,-32.419000000000004,-0.221,-6.375000000000001,26.054739300173395,8.506308144386809,28.16227018265937,488.0,20,36.754000000000005
245,-0.221,-15.997000000000002,-0.187,-26.775,0.289,-8.925,17.856345538771365,4.831097626400932,19.641411810803,490.0,20,36.754000000000005
246,-0.289,-17.969,-0.799,-24.259,0.6970000000000001,-13.651000000000002,10.71296784275954,3.360096960161252,12.076703585829852,492.0,20,36.754000000000005
247,-0.391,-20.247,0.221,-24.361,-0.187,-14.297,10.072266874939324,3.2902205617295,13.005007255818803,494.0,20,36.754000000000005
248,-0.017,-21.301,-0.119,-25.041,0.153,-24.531,0.5780000000000001,3.0091045342577245,0.6217921949205379,496.0,20,36.754000000000005
249,-0.051,-14.909,0.459,-20.179,0.7310000000000001,-9.911,10.271602017212311,4.039101771973924,18.387125480882272,498.0,20,36.754000000000005
250,-0.085,-16.235,0.119,-19.363000000000003,-0.017,-1.445,17.918516121598913,7.56353465339342,25.36627292200047,500.0,20,36.754000000000005
251,-0.323,-16.337,-0.493,-25.517000000000003,0.629,-6.035,19.51428215436069,5.6188358955381865,21.41298872338582,502.0,20,36.754000000000005
252,-0.119,-15.283,-0.5950000000000001,-26.639000000000003,0.6970000000000001,-2.023,24.649882758341874,7.422299630558949,26.5868542889794,504.0,20,36.754000000000005
253,-0.425,-14.841,0.459,-21.369,-0.8330000000000001,-7.497000000000001,13.932036749879757,5.466538870151237,15.966075001402915,506.0,20,36.754000000000005
254,-0.323,-14.603000000000002,-0.561,-22.729000000000003,-0.935,-10.727,12.007825781547634,4.688913115800405,14.729172313448158,508.0,20,36.754000000000005
255,0.051,-12.257,-0.8330000000000001,-24.973000000000003,-0.799,-13.345,11.628049707496094,6.116996825075777,26.149327521471434,510.0,20,36.754000000000005
256,0.085,-13.719,-0.8330000000000001,-25.449,0.357,-11.441,14.058455249421966,6.053586676680753,18.917959414607783,512.0,20,36.754000000000005
257,0.017,-15.436000000000002,0.255,-22.491000000000003,-0.085,-10.625,11.870870060783243,5.1153391247863285,21.90309492445221,514.0,20,36.754000000000005
258,-0.459,-14.603000000000002,,,,,11.870870060783243,5.1152363113168295,,516.0,20,36.754000000000005
259,0.085,-13.549,0.459,-23.307,0.663,-11.305,12.003733585847364,4.176115795836882,13.098516402487292,518.0,20,36.754000000000005
260,-0.085,-15.351,0.459,-21.913,-0.969,-14.331,7.715303493706518,2.7418686009292834,13.107648982748788,520.0,20,36.754000000000005
261,-0.187,-19.669,-1.105,-26.707,0.051,-13.039,13.716798460282195,4.3847694752156405,17.606091624400943,522.0,20,36.754000000000005
262,-0.119,-20.621,0.425,-33.031000000000006,-0.255,-12.019,21.023000356752128,6.717980055874564,24.568659996563262,524.0,20,36.754000000000005
263,-0.051,-28.373,1.411,-41.259,-0.187,-10.523,30.77751289496928,9.08333048256116,32.935088028039004,526.0,20,36.754000000000005
264,-0.187,-29.019,0.323,-40.273,0.085,-15.657000000000002,24.61715052559902,7.495278305622237,27.366465158757688,528.0,20,36.754000000000005
265,-0.255,-31.569000000000003,0.153,-37.995000000000005,0.561,-13.277,24.721367033398455,7.972490775075625,28.264854999044044,530.0,20,36.754000000000005
266,-0.391,-33.167,1.785,-41.327000000000005,0.085,-16.983,24.40328535259136,6.772440794705722,27.64343827372557,532.0,20,36.754000000000005
267,-0.323,-33.439,2.329,-47.005,0.085,-20.995,26.106620539625577,6.743947748510075,28.3613597602026,534.0,20,36.754000000000005
268,-0.323,-35.343,-3.519,-46.529,-0.391,-24.565,22.18561876531732,7.303850657901963,26.899093260192917,536.0,20,36.754000000000005
269,-0.391,-39.457,-2.125,-45.849,-0.493,-21.981,23.923729809542657,7.812464111741589,28.6015260811808,538.0,20,36.754000000000005
270,0.085,-39.355,-0.085,-41.157,0.561,-23.273000000000003,17.89566349705984,6.38816678030967,24.788675283870447,540.0,20,36.754000000000005
271,-0.289,-41.939,-2.975,-42.755,-0.561,-24.871,18.046186633192068,6.41422455658738,28.702552025851208,542.0,20,36.754000000000005
272,-0.051,-42.313,-0.799,-28.815,-1.037,-28.441000000000003,0.4433057635537801,5.77593250772768,0.8980380518927171,544.0,20,36.754000000000005
273,0.017,-44.285,-4.2330000000000005,-45.543000000000006,-0.459,-26.537000000000003,19.377076972546718,7.097701518409721,35.631182102305935,546.0,20,36.754000000000005
274,-0.017,-42.313,2.975,-45.475,0.527,-29.087000000000003,16.569829449937018,6.20089417582571,21.20101342948993,548.0,20,36.754000000000005
275,0.085,-42.075,-2.9410000000000003,-42.619,1.717,-45.815000000000005,5.649015843489909,4.7168837673634165,10.67820396410107,550.0,20,36.754000000000005
276,-0.289,-42.415000000000006,-2.193,-45.883,-0.5950000000000001,-31.977000000000004,13.99751549382961,4.13126739439079,23.066725569756706,552.0,20,36.754000000000005
277,-0.459,-42.823,-2.8390000000000004,-43.027,-0.561,-33.167,10.119727466686047,3.785999715018736,28.10332639938153,554.0,20,36.754000000000005
278,-0.187,-44.42100000000001,-3.519,-42.789,0.323,-46.733,5.506005811838561,3.3315142987074444,17.324034444770643,556.0,20,36.754000000000005
279,-0.527,-43.29900000000001,-0.5950000000000001,-34.323,-0.765,-34.595000000000006,0.3207553584899245,3.5170542920117627,0.9318721096298266,558.0,20,36.754000000000005
280,0.935,-44.727,,,,,0.3207553584899245,2.707943638016214,,560.0,20,36.754000000000005
281,0.425,-45.849,-2.737,-45.339000000000006,2.907,-43.775000000000006,5.856691216036578,2.795725131650181,14.511155617414206,562.0,20,36.754000000000005
282,-0.323,-43.571000000000005,-3.111,-42.619,-0.051,-44.387,3.5340379171706693,2.730946982677131,14.553270753966943,564.0,20,36.754000000000005
283,-0.255,-43.843,-3.1790000000000003,-43.231,-2.9410000000000003,-43.29900000000001,0.2475237362355376,2.514478794413681,14.318728001839968,566.0,20,36.754000000000005
284,-0.493,-42.415000000000006,-3.281,-42.857000000000006,-0.935,-35.445,7.774410588591267,3.936246832950059,18.68713636713148,568.0,20,36.754000000000005
285,-0.119,-43.095000000000006,-2.2950000000000004,-43.435,-0.391,-35.377,8.279890095888955,3.808540538650568,16.156559885905946,570.0,20,36.754000000000005
286,-0.255,-41.667,-0.391,-35.003,-0.289,-34.357,0.6540030580968257,4.255027168849839,0.7709487619535035,572.0,20,36.754000000000005
287,-0.187,-40.817,-0.901,-36.941,-0.8670000000000001,-34.017,2.924197667737255,3.685427151461319,3.1916894832506757,574.0,20,36.754000000000005
288,-0.085,-36.329,-0.459,-32.963,-0.901,-32.011,1.049603734749453,3.775891665464752,1.7293994473259895,576.0,20,36.754000000000005
289,-0.085,-34.833000000000006,0.357,-39.933,0.493,-29.971000000000004,9.962928284395106,3.055958671798018,12.588707387364126,578.0,20,36.754000000000005
290,-0.391,-34.357,-0.187,-39.423,0.493,-24.565,14.873552500999889,5.167928531876039,18.18866098202366,580.0,20,36.754000000000005
291,-0.357,-32.453,1.105,-43.29900000000001,0.6970000000000001,-22.049000000000003,21.253916439094237,7.28643113695082,25.937083177480883,582.0,20,36.754000000000005
292,-0.017,-31.841,3.0770000000000004,-44.455000000000005,-0.969,-15.249,29.48492075621029,9.08819635950751,32.684641732256445,584.0,20,36.754000000000005
293,-0.255,-27.047,2.805,-43.639,-0.6970000000000001,-16.133000000000003,27.728037074412608,8.261789567054707,29.925803290864128,586.0,20,36.754000000000005
294,-0.187,-25.041,1.887,-42.347,-0.323,-12.971,29.459013493326623,9.338878401495746,32.246164252764544,588.0,20,36.754000000000005
295,0.017,-23.375,1.207,-40.987,0.357,-14.127,26.87344600158305,9.073696644613696,29.10760101847877,590.0,20,36.754000000000005
296,0.153,-17.561,-0.085,-38.165000000000006,-0.017,-0.8330000000000001,37.33206193073188,10.692137535546577,38.95813132343928,592.0,20,36.754000000000005
297,0.051,-12.529000000000002,-0.799,-29.665000000000003,0.527,4.199000000000001,33.889950899934924,9.654707430544184,35.64280558199351,594.0,20,36.754000000000005
298,-0.153,-9.894,-0.255,-29.665000000000003,-0.6970000000000001,3.1790000000000003,32.84697398543739,10.22410223054766,34.58976613053889,596.0,20,36.754000000000005
299,0.017,-10.591,-0.221,-27.897,0.051,-5.933000000000001,21.96568414595821,6.962527959138057,23.26176424417363,598.0,20,36.754000000000005
300,0.255,-10.047,0.425,-21.947000000000003,0.6970000000000001,-2.091,19.85786292630705,6.938853497783041,21.54768750204566,600.0,20,36.754000000000005
301,-0.255,-6.7490000000000006,-0.153,-23.953000000000003,0.085,6.375000000000001,30.32893384212508,8.926391344504447,30.92879451661657,602.0,20,36.754000000000005
302,0.255,0.663,0.493,-17.697000000000003,-0.5950000000000001,15.215000000000002,32.92997856057608,9.823325434141069,34.91989464609575,604.0,20,36.754000000000005
303,-0.051,3.3150000000000004,0.561,-12.257,-0.493,12.801,25.080157096796665,7.977312483284072,27.21583033974801,606.0,20,36.754000000000005
304,-0.051,8.211,0.051,-12.495,0.017,24.735000000000003,37.23001552511092,10.68158962090897,37.82467114753168,608.0,20,36.754000000000005
305,0.085,6.171,0.459,-13.005,0.527,20.995,34.000067999932,9.68723319240235,34.96741253444291,610.0,20,36.754000000000005
306,0.187,11.713,-0.085,1.887,-0.527,27.795,25.91177006690203,10.061357540097791,26.87762435049006,612.0,20,36.754000000000005
307,0.323,15.181,0.289,2.2950000000000004,-0.6970000000000001,24.769,22.4956189512536,8.523115121063002,24.749134278148343,614.0,20,36.754000000000005
308,0.153,19.363000000000003,0.629,-1.0710000000000002,0.493,27.523000000000003,28.59432342266556,10.04333997635022,33.44184471789663,616.0,20,36.754000000000005
309,0.221,20.009,-0.153,16.133000000000003,-0.051,31.093000000000004,14.96034772323157,10.401805435352276,17.864681563573033,618.0,20,36.754000000000005
310,0.357,22.661,0.561,2.2270000000000003,0.459,34.425000000000004,32.19816156242465,10.545498860383104,35.226109660366994,620.0,20,36.754000000000005
311,-0.085,29.733,0.425,16.405,-2.669,43.877,27.64567995184781,8.62756809906721,30.027138649762563,622.0,20,36.754000000000005
312,0.187,36.499,0.527,16.677,0.493,48.229000000000006,31.5520183189602,8.923776999307087,33.58683754395919,624.0,20,36.754000000000005
313,-0.187,39.355,0.765,18.887,3.655,45.713,26.981222655765624,8.734291181714903,36.60593527462166,626.0,20,36.754000000000005
314,-0.119,39.525000000000006,-0.459,20.893,3.3150000000000004,45.373000000000005,24.76920418584336,8.28873428368407,35.19952180867206,628.0,20,36.754000000000005
315,0.085,41.565000000000005,0.7310000000000001,25.517000000000003,1.819,46.053,20.56480099587643,6.316488783416953,22.3945616992098,630.0,20,36.754000000000005
316,-0.119,42.449000000000005,-0.5950000000000001,36.839000000000006,-1.649,47.141000000000005,10.35577713163044,7.009926698076169,20.772417324447886,632.0,20,36.754000000000005
317,0.051,41.769000000000005,0.8670000000000001,23.001,-2.975,43.605,20.959145497848905,7.888937081386586,36.599485750877385,634.0,20,36.754000000000005
318,0.017,41.497,0.051,23.239,-2.125,41.905,18.792406232305645,7.391742152844773,36.497901555476936,636.0,20,36.754000000000005
319,-0.017,42.347,0.663,27.693,3.349,43.435,15.969507193398298,5.366199440295626,20.666156607438115,638.0,20,36.754000000000005
320,-0.119,41.701,0.153,28.305000000000003,-1.003,45.237,16.971415969211293,5.558506389236934,21.67825045808599,640.0,20,36.754000000000005
321,0.085,44.251000000000005,-0.255,44.931,-0.459,45.679,0.7753192890674139,3.301619776798772,15.37459861302492,642.0,20,36.754000000000005
322,0.527,43.367,-0.7310000000000001,38.675,-1.3430000000000002,48.059000000000005,9.403935346438743,2.7479768374752904,12.30699088479751,644.0,20,36.754000000000005
323,0.119,43.639,2.8390000000000004,44.183,-0.391,47.277,4.472777213320602,2.660201493713876,15.733678455878108,646.0,20,36.754000000000005
324,0.493,43.911,0.799,37.927,1.411,47.957,10.048653840191731,3.1192504137607093,12.813557549335556,648.0,20,36.754000000000005
325,0.425,42.551,0.8330000000000001,30.141,-2.9410000000000003,42.619,13.036240255533802,5.245440342711929,34.42188765558297,650.0,20,36.754000000000005
326,0.459,38.539,0.051,26.639000000000003,-0.051,28.441000000000003,1.804884483838232,7.910828023845664,1.8416952089578704,652.0,20,36.754000000000005
327,0.527,31.331000000000003,-0.561,17.323,0.799,48.569,31.275583383847536,9.078737430015527,32.52028937430445,654.0,20,36.754000000000005
328,-0.085,27.727,-0.153,13.107,-0.5950000000000001,44.591,31.487102438935217,9.282703481578016,32.58692557701482,656.0,20,36.754000000000005
329,0.187,24.259,0.391,8.925,-0.289,42.857000000000006,33.93881294329547,9.670988933420302,35.15690304448942,658.0,20,36.754000000000005
330,0.391,23.613000000000003,-0.663,14.535000000000002,-0.527,41.633,27.09834127765019,9.432933455366928,34.117282677377524,660.0,20,36.754000000000005
331,0.017,21.301,0.289,16.303,0.051,36.159000000000006,19.857426318634552,6.814905822596328,21.61300997138409,662.0,20,36.754000000000005
332,0.221,24.837000000000003,,,,,19.857426318634552,5.753099358612768,,664.0,20,36.754000000000005
333,0.255,24.769,0.459,20.009,-0.765,34.391000000000005,14.433991132046604,3.9149288432935263,17.394881974671414,666.0,20,36.754000000000005
334,0.255,25.143,-0.527,20.587,0.289,35.479,14.91433940877034,4.151957072338994,17.177219600576514,668.0,20,36.754000000000005
335,-0.187,24.667,,,,,14.91433940877034,5.373376917166619,,670.0,20,36.754000000000005
336,-0.153,25.415000000000003,-0.357,10.455,0.493,30.617,20.179909415059324,7.830606624237989,25.87992571529036,672.0,20,36.754000000000005
337,-0.017,20.621,-0.799,9.979,0.289,36.363,26.40642346096874,8.125621888666837,30.10665143221681,674.0,20,36.754000000000005
338,0.119,12.801,0.527,0.901,0.187,33.371,32.471780055919325,9.66108048760874,33.51837748841115,676.0,20,36.754000000000005
339,0.187,7.565,0.255,-2.193,0.017,22.117,24.311165007049745,7.321374387487067,26.41350685526087,678.0,20,36.754000000000005
340,0.085,4.4030000000000005,-0.901,-8.177000000000001,0.6970000000000001,22.627,30.845421378220788,9.133277545897831,32.25874555421661,680.0,20,36.754000000000005
341,-0.085,0.663,-0.153,-15.589,0.799,19.533,35.13489985754905,10.26673891912517,36.77295462061093,682.0,20,36.754000000000005
342,-0.187,-9.197,-0.901,-20.655,-0.153,1.5810000000000002,22.248577482616724,8.138340107948679,23.931244090302386,684.0,20,36.754000000000005
343,-0.425,-14.365,-0.7310000000000001,-30.753000000000004,-0.459,1.887,32.64113331365809,11.097193561707456,33.289234327455674,686.0,20,36.754000000000005
344,-0.425,-20.961,0.119,-35.445,-0.7310000000000001,-4.811,30.64579018397144,8.607226383498725,32.123393526468114,688.0,20,36.754000000000005
345,-0.255,-25.245,-2.499,-42.211000000000006,-0.425,-6.511,35.76019401513364,10.228098419884232,37.18986972777967,690.0,20,36.754000000000005
346,-0.323,-31.331000000000003,-1.513,-45.271,0.153,-12.529000000000002,32.78435785553837,9.481398402857131,34.35779816654346,692.0,20,36.754000000000005
347,-0.323,-35.139,2.8390000000000004,-46.325,-0.425,-15.249,31.24694340251539,9.060345553224668,35.72385368020275,694.0,20,36.754000000000005
348,-0.493,-34.561,-1.241,-47.787000000000006,0.357,-14.229,33.59602607452256,10.228985630844122,37.83037815085488,696.0,20,36.754000000000005
349,-0.425,-35.513000000000005,-3.1790000000000003,-44.761,0.459,-22.185,22.867243384369704,7.870961037236464,25.73289699881053,698.0,20,36.754000000000005
350,-0.187,-38.165000000000006,,,,,22.867243384369704,8.357534941614425,,700.0,20,36.754000000000005
351,-0.323,-36.975,-1.887,-41.939,-0.357,-20.247,21.74589073825214,7.415574945755683,29.954011528355,702.0,20,36.754000000000005
352,-0.5950000000000001,-40.205000000000005,-4.2330000000000005,-45.441,-0.5950000000000001,-19.533,26.16217705008511,9.204562843747508,37.769687725328,704.0,20,36.754000000000005
353,-0.085,-40.681,-3.043,-47.107000000000006,0.187,-20.825000000000003,26.479736101404036,8.972230367425217,38.992182636383376,706.0,20,36.754000000000005
354,-0.493,-41.361,-1.887,-46.189,-0.459,-27.285000000000004,18.957858528852885,5.260889806699332,21.742333315714003,708.0,20,36.754000000000005
355,-0.323,-42.619,-2.2950000000000004,-43.095000000000006,-0.8670000000000001,-32.691,10.50154274380674,4.41676141758653,12.982459487350264,710.0,20,36.754000000000005
356,-0.153,-42.347,1.241,-45.781000000000006,-0.357,-34.833000000000006,11.06400958061769,4.237366366196968,22.989599118888204,712.0,20,36.754000000000005
357,0.051,-44.183,-1.785,-45.033,0.561,-43.129000000000005,3.0214122525732896,2.687974167363882,4.444469502531237,714.0,20,36.754000000000005
358,-0.187,-43.435,-1.6150000000000002,-48.059000000000005,-1.037,-37.383,10.69163504801768,3.295674060608873,15.71487167847778,716.0,20,36.754000000000005
359,-0.561,-41.769000000000005,-3.349,-42.789,0.391,-33.473,10.038697923535702,3.951088164432877,18.82414206450064,718.0,20,36.754000000000005
360,-0.493,-36.635000000000005,-1.819,-43.571000000000005,-0.799,-22.593,21.002782768004817,7.00924605622426,25.32495865294363,720.0,20,36.754000000000005
361,-0.153,-26.945,-1.0710000000000002,-35.071000000000005,-0.7310000000000001,-13.345,21.72866024401873,7.8674977511791155,32.66376119571116,722.0,20,36.754000000000005
362,-0.119,-24.361,0.527,-43.061,-0.8670000000000001,-10.591,32.49990978449017,9.814025798405345,34.59783428117121,724.0,20,36.754000000000005
363,-0.425,-16.303,-0.799,-34.731,-0.663,-2.2950000000000004,32.436285114050904,9.350778298459431,34.99871098968199,726.0,20,36.754000000000005
364,0.051,-11.985,0.323,-31.603,-0.221,3.145,34.75225805613212,10.026125308342888,35.891234099573545,728.0,20,36.754000000000005
365,-0.153,-6.783,-0.153,-27.523000000000003,0.459,6.953,34.48143152480767,10.396477721095222,36.06951828395201,730.0,20,36.754000000000005
366,0.289,-0.8330000000000001,-0.5950000000000001,-20.179,-0.5950000000000001,13.311000000000002,33.49,9.791369091846445,35.7992447289132,732.0,20,36.754000000000005
367,0.051,6.953,-0.493,-10.659,-0.425,23.001,33.66006868679861,9.789427658399717,35.0236111885982,734.0,20,36.754000000000005
368,0.153,12.495,-0.085,1.955,-0.357,25.415000000000003,23.461576758606828,9.509108144588064,24.610196887026465,736.0,20,36.754000000000005
369,0.085,17.697000000000003,-0.6970000000000001,-0.7310000000000001,-0.289,32.113,32.84653406373342,9.776621341637147,34.23399074202948,738.0,20,36.754000000000005
370,0.187,22.321,0.187,1.853,-0.425,38.029,36.18117632139674,10.829107161000614,36.83902092770355,740.0,20,36.754000000000005
371,0.085,26.979000000000003,0.561,9.299,-0.7310000000000001,35.241,25.97415307570201,8.109067329440661,29.19388382171074,742.0,20,36.754000000000005
372,0.119,26.129,0.153,7.089,0.459,34.901,27.813683323141507,9.034179192780757,31.0790471715964,744.0,20,36.754000000000005
373,-0.051,27.353,-0.289,8.109,-0.5950000000000001,39.831,31.72347584991279,9.727886472490924,34.020715489081105,746.0,20,36.754000000000005
374,0.323,33.609,-0.357,14.331,1.003,46.393,32.0908311515922,9.278238042190592,34.30287437020525,748.0,20,36.754000000000005
375,-0.017,35.717000000000006,-0.799,19.329,-0.459,44.999,25.672251556885307,7.974327334410749,29.32373737098351,750.0,20,36.754000000000005
376,0.119,40.511,0.459,23.069000000000003,1.139,42.381,19.323968122515627,7.011961273841313,31.02946428554513,752.0,20,36.754000000000005
377,0.153,41.089000000000006,-0.765,29.087000000000003,-1.3090000000000002,47.413,18.3340724335866,5.266428294792153,23.301344529786057,754.0,20,36.754000000000005
378,-0.255,42.449000000000005,0.8330000000000001,32.793,-1.649,42.993,10.497634209668384,3.4900432385898,22.388407405902317,756.0,20,36.754000000000005
379,0.119,39.661,0.017,26.979000000000003,-0.051,29.291,2.3129997838305134,5.889501219575782,2.646480868984069,758.0,20,36.754000000000005
380,0.051,35.377,0.289,20.689,2.057,47.923,27.29132792665099,8.728850289120588,32.25773603639866,760.0,20,36.754000000000005
381,-0.017,32.113,-0.561,19.941000000000003,-0.663,43.809000000000005,23.86821794772287,7.430432338453785,26.13774522056351,762.0,20,36.754000000000005
382,-0.153,28.679,-0.527,13.107,-2.329,44.217000000000006,31.16214536902105,8.762457242138487,33.33495016319462,764.0,20,36.754000000000005
383,0.085,20.553,0.289,9.911,0.7310000000000001,40.919,31.011150059293197,10.079287434966512,33.58960066779908,766.0,20,36.754000000000005
384,-0.085,20.383000000000003,-0.119,12.801,0.289,39.661,26.863098555453355,9.254601602704314,30.789780611109563,768.0,20,36.754000000000005
385,0.017,21.505000000000003,0.289,14.025,-0.493,31.365,17.357624376624816,5.156512069852302,18.668098550806977,770.0,20,36.754000000000005
386,0.221,23.783,-0.187,16.235,0.085,33.167,16.934184598025382,5.399768644623197,17.92111342154642,772.0,20,36.754000000000005
387,-0.017,24.463,-0.221,19.363000000000003,-0.187,30.515,11.152051829147856,3.836621980240716,12.824164339369332,774.0,20,36.754000000000005
388,0.017,23.783,0.7310000000000001,19.737,-0.561,26.707,7.088735007037575,2.237536417695324,9.223444151758304,776.0,20,36.754000000000005
389,0.051,22.797,0.459,20.349,0.017,28.883000000000003,8.545438549308047,2.733937010962154,12.42329051506434,778.0,20,36.754000000000005
390,0.119,24.565,0.7310000000000001,15.317000000000002,0.391,18.445,3.1464240019425227,5.4742803859782185,22.975594904328908,780.0,20,36.754000000000005
391,-0.119,25.347,-0.459,17.697000000000003,-0.7310000000000001,32.589000000000006,14.894483811129543,8.384386157518758,23.098751639622197,782.0,20,36.754000000000005
392,-0.187,26.775,0.5950000000000001,9.877,-0.6970000000000001,25.653,15.828816759315904,7.395321065167433,31.1632493738051,784.0,20,36.754000000000005
393,-0.255,25.415000000000003,0.629,13.855,-0.425,18.445,4.709460266315027,5.782133420474046,34.25489818364498,786.0,20,36.754000000000005
394,0.221,27.489,-0.493,20.349,0.493,31.637000000000004,11.330981422630613,3.9886308214210944,12.25617455740456,788.0,20,36.754000000000005
395,0.017,31.365,-0.527,30.719,0.6970000000000001,37.757000000000005,7.143641928316396,3.6274391078028776,13.677614466060913,790.0,20,36.754000000000005
396,-0.187,33.779,,,,,7.143641928316396,5.063412812506038,,792.0,20,36.754000000000005
397,0.051,34.595000000000006,-0.119,26.401000000000003,2.7030000000000003,44.591,18.407601256002916,5.852433131466554,21.90764441220385,794.0,20,36.754000000000005
398,0.221,36.567,0.051,26.163,2.2950000000000004,47.719,21.67248652093248,7.265444337062024,26.880578976020352,796.0,20,36.754000000000005
399,-0.051,42.007000000000005,0.051,24.021,-3.349,46.529,22.763349138472574,7.979215932118199,24.890353136542345,798.0,20,36.754000000000005
400,-0.017,42.619,-0.119,27.557,-0.459,28.237,0.7602631123499286,6.216941938630436,1.02119045515976,800.0,20,36.754000000000005
401,0.51,42.857000000000006,0.357,31.229000000000003,1.887,47.345000000000006,16.188463670157216,4.131804412464162,26.00282515433101,802.0,20,36.754000000000005
402,0.663,44.523,-0.8330000000000001,41.191,0.8330000000000001,48.67100000000001,7.6632862402496755,2.9387608391527267,21.528272931194604,804.0,20,36.754000000000005
403,0.187,44.931,-1.989,42.687000000000005,-1.887,43.061,0.3876596445337069,2.251918296308842,0.4161150259933622,806.0,20,36.754000000000005
404,0.187,45.237,-1.411,48.399,-1.6150000000000002,48.501000000000005,0.2280789337049786,2.892051147418988,0.3339193669077021,808.0,20,36.754000000000005
405,0.119,44.931,1.819,48.127,1.785,47.889,0.2404163056034262,2.79809584477802,0.2797637747979983,810.0,20,36.754000000000005
406,-0.629,44.387,-2.057,46.903000000000006,-0.935,46.665000000000006,1.146964689953444,2.7256636314095704,15.850439682621415,812.0,20,36.754000000000005
407,0.8330000000000001,44.319,1.6150000000000002,47.277,1.819,47.889,0.6451046426743494,3.305318535596752,22.495565692135237,814.0,20,36.754000000000005
408,0.391,42.585,0.187,37.349,0.085,37.859,0.5200999903864642,3.8568017302617386,0.5781800686358928,816.0,20,36.754000000000005
409,0.017,42.245000000000005,-1.5470000000000002,47.481,-1.275,47.379000000000005,0.290496127340796,3.942400349605199,19.90970065516849,818.0,20,36.754000000000005
410,0.289,40.647000000000006,-0.629,28.781,0.119,32.487,3.7807327332145553,6.015368614917405,4.20272080915621,820.0,20,36.754000000000005
411,0.357,42.075,0.085,33.541000000000004,0.085,34.731,1.1900000000000002,4.677802737599283,1.2422774792621838,822.0,20,36.754000000000005
412,0.017,38.369,-0.6970000000000001,20.281,0.391,44.489,24.23243710401412,8.954662311374697,37.14136707540552,824.0,20,36.754000000000005
413,0.119,30.889000000000003,0.6970000000000001,18.751,-2.363,46.359,27.77706363170881,8.343433840593889,31.380860515062984,826.0,20,36.754000000000005
414,0.119,26.673,-0.187,14.773,-1.445,43.333000000000006,28.58769252668008,8.927760235077345,30.722466232070264,828.0,20,36.754000000000005
415,0.051,24.429,0.765,7.769,-1.445,43.095000000000006,35.39506146343018,9.71232077508905,36.41316451061216,830.0,20,36.754000000000005
416,0.221,15.759,0.765,2.737,0.6970000000000001,34.527,31.79007272718954,8.741886489911465,33.59569445228344,832.0,20,36.754000000000005
417,0.221,14.161,-0.187,0.561,0.289,34.833000000000006,34.275305396159496,10.082080545626097,35.90587569326095,834.0,20,36.754000000000005
418,0.221,7.089,0.119,-3.723,-0.663,24.225,27.958938248796212,9.20530090535688,31.99352149951657,836.0,20,36.754000000000005
419,-0.221,5.4910000000000005,0.527,-8.211,0.357,25.245,33.4564319077812,9.367789747701163,36.19729468488399,838.0,20,36.754000000000005
420,-0.187,0.255,0.7310000000000001,-15.521,0.017,15.929,31.458103820796325,10.176679679658978,33.185608717483326,840.0,20,36.754000000000005
421,0.085,-5.6610000000000005,0.527,-18.921000000000003,0.153,13.039,31.96218822296121,9.17623909098194,33.35643510152038,842.0,20,36.754000000000005
422,-0.085,-10.047,0.5950000000000001,-26.605,-0.323,10.761,37.377274914043696,10.565232717651798,38.11424777937493,844.0,20,36.754000000000005
423,-0.051,-14.263000000000002,0.527,-29.971000000000004,-0.255,1.649,31.62966841432265,10.244084304558523,33.116894907972124,846.0,20,36.754000000000005
424,-0.153,-21.335,0.357,-35.751000000000005,-0.391,-3.3830000000000005,32.37664170354918,9.221898329706644,34.03548761292738,848.0,20,36.754000000000005
425,0.153,-27.387,0.119,-44.013000000000005,-0.323,-10.455,33.560910714699034,9.400136783652044,35.03776973994848,850.0,20,36.754000000000005
426,0.051,-32.147000000000006,2.499,-46.223000000000006,-0.221,-11.271,35.057676819778,10.255986881759783,36.80898111987264,852.0,20,36.754000000000005
427,0.221,-34.085,-0.8670000000000001,-48.331,0.391,-13.209,35.14452230433642,10.501453368205052,36.592844850725456,854.0,20,36.754000000000005
428,0.051,-33.575,-3.213,-47.005,-0.187,-13.005,34.134391396361536,10.413555364980557,37.325747898062005,856.0,20,36.754000000000005
429,-0.017,-35.037,0.391,-46.325,0.663,-17.867,28.45929985083962,9.576687225556409,32.852968299313744,858.0,20,36.754000000000005
430,-0.493,-34.765,-2.975,-42.755,0.187,-14.297,28.633127806790515,9.259300821959869,31.72157438239036,860.0,20,36.754000000000005
431,-0.255,-32.997,-3.111,-42.619,-0.7310000000000001,-13.753,28.963949247297062,9.174526959928352,32.49785067006496,862.0,20,36.754000000000005
432,-0.289,-32.215,-2.873,-42.585,0.323,-12.631,30.124019187352808,8.822536488165746,33.24356069763361,864.0,20,36.754000000000005
433,0.051,-34.731,-4.2330000000000005,-44.999,-0.051,-13.719,31.55831941026011,9.994482214047729,37.31887508781637,866.0,20,36.754000000000005
434,-0.357,-38.471,2.431,-45.577000000000005,-0.935,-19.941000000000003,25.85603318376584,8.69468045358912,35.46305518417655,868.0,20,36.754000000000005
435,-0.663,-40.511,3.2470000000000003,-43.571000000000005,0.425,-20.655,23.089104356817312,8.70937628594048,39.28195914768246,870.0,20,36.754000000000005
436,-0.561,-42.653000000000006,2.2950000000000004,-42.551,-0.187,-26.265,16.474043826577613,6.899096119827223,32.48185274560753,872.0,20,36.754000000000005
437,-0.221,-43.163,2.737,-45.883,3.145,-44.285,1.649262865646347,4.551293021855408,1.9871235025704448,874.0,20,36.754000000000005
438,-0.357,-43.129000000000005,-2.499,-43.231,0.5950000000000001,-47.651,5.395297582154297,4.601086969735993,16.936065650186702,876.0,20,36.754000000000005
439,-0.357,-41.837,-0.799,-32.113,-0.935,-46.121,14.008660178618085,3.82620659981194,18.96999167921286,878.0,20,36.754000000000005
440,-0.187,-44.86300000000001,-1.411,-40.851000000000006,1.853,-46.903000000000006,6.876074461493273,2.951570506304432,13.45568763230214,880.0,20,36.754000000000005
441,-0.765,-42.653000000000006,-0.765,-38.437000000000005,-0.561,-38.539,0.2280789337049786,2.4179588704246853,2.9043384330934616,882.0,20,36.754000000000005
442,-0.153,-42.177,-0.969,-31.467,-2.431,-44.795,13.407946449773732,4.628814116913266,15.163801445096537,884.0,20,36.754000000000005
443,-0.153,-38.641000000000005,0.221,-24.395000000000003,0.017,-24.735000000000003,0.3965047288494804,6.453101055062196,0.966302269407346,886.0,20,36.754000000000005
444,-0.153,-37.009,-0.493,-23.613000000000003,-0.425,-23.987,0.3801315561749643,7.0448307642814,0.4017010905483611,888.0,20,36.754000000000005
445,-0.187,-32.317,-0.765,-16.337,2.261,-44.761,28.58461915086504,9.348781657996344,36.10706893030893,890.0,20,36.754000000000005
446,-0.323,-23.443,-0.017,-7.939000000000001,-1.377,-43.197,35.28421975898008,9.752018515034267,36.52860479422214,892.0,20,36.754000000000005
447,-0.051,-20.519,-0.527,-4.199000000000001,-1.785,-41.055,36.87746330755412,11.276031643448093,39.59577148324463,894.0,20,36.754000000000005
448,0.051,-10.387,-0.629,1.989,-0.5950000000000001,-30.617,32.60601772679394,9.075563862896995,33.83182771246132,896.0,20,36.754000000000005
449,-0.051,-4.7090000000000005,-0.8330000000000001,10.047,-0.425,-26.231,36.280294210493935,10.859256240784612,37.0626018591578,898.0,20,36.754000000000005
450,-0.017,-3.111,0.8330000000000001,12.359000000000002,0.629,-22.695,35.054593593422254,10.2336096269375,37.046413186414966,900.0,20,36.754000000000005
451,0.119,2.108,-0.6970000000000001,15.759,0.323,-17.255000000000003,33.029753193143904,9.556176183026109,34.27512385678118,902.0,20,36.754000000000005
452,0.119,3.791,0.221,19.771,0.391,-16.303,36.074400563280335,10.613750360106708,36.8875585958574,904.0,20,36.754000000000005
453,0.119,10.591,-0.663,25.007,0.289,-6.001,31.02261059292077,9.056952199953294,32.908071926967274,906.0,20,36.754000000000005
454,-0.017,17.357000000000003,0.799,31.569000000000003,-0.153,1.955,29.629298000458935,9.905587670954656,30.667699261406785,908.0,20,36.754000000000005
455,0.085,20.213,-0.255,35.751000000000005,-0.425,2.261,33.4904314693018,9.904098397961802,34.31681344382788,910.0,20,36.754000000000005
456,0.187,27.285000000000004,-0.765,41.973000000000006,0.799,6.885000000000001,35.122839292972884,9.970199787611472,36.02859124167333,912.0,20,36.754000000000005
457,0.051,31.467,-3.791,44.625,-0.663,9.877,34.88850653152124,10.458621752919958,37.014293922401336,914.0,20,36.754000000000005
458,0.051,33.541000000000004,-1.649,47.005,0.5950000000000001,13.073,34.00611944929912,9.69226805661584,35.26109621174424,916.0,20,36.754000000000005
459,0.221,37.043,0.663,48.841,0.187,16.439,32.40549613877251,9.793236660808985,35.717144032059146,918.0,20,36.754000000000005
460,0.153,36.023,0.799,48.263000000000005,0.323,16.439,31.82755962998106,9.93114461789694,34.2412732843145,920.0,20,36.754000000000005
461,0.119,34.901,0.493,47.923,0.5950000000000001,16.371000000000002,31.552164870258903,9.7674938224185,33.471633823400595,922.0,20,36.754000000000005
462,-0.221,37.757000000000005,-3.4850000000000003,46.631,0.425,17.391000000000002,29.50026610049476,9.051086054650314,35.1050278205275,924.0,20,36.754000000000005
463,-0.323,38.743,1.377,48.535,-0.459,26.877,21.73568172383834,9.506592503483263,26.764764969354932,926.0,20,36.754000000000005
464,0.153,39.559000000000005,-1.275,47.277,-0.5950000000000001,19.159,28.126221289039165,8.786966371568175,34.85720032735854,928.0,20,36.754000000000005
465,-0.255,39.525000000000006,-2.9410000000000003,47.379000000000005,-0.5950000000000001,18.717,28.757850406454235,9.261637887165328,35.04866970321306,930.0,20,36.754000000000005
466,-0.017,39.593,-2.635,46.359,-0.493,18.955,27.487585925286343,8.780412985151946,34.21191888285207,932.0,20,36.754000000000005
467,0.221,42.415000000000006,1.445,48.059000000000005,0.425,21.845,26.233836852431637,8.494915787487585,33.15735497272037,934.0,20,36.754000000000005
468,-0.051,39.797,-1.241,48.637,-0.051,19.023,29.63789965567736,9.139770829791376,36.06979172015462,936.0,20,36.754000000000005
469,0.289,38.471,-0.8330000000000001,48.093,-0.051,18.683,29.42039469483712,9.022691773122302,35.35493785876337,938.0,20,36.754000000000005
470,-0.323,40.137,0.901,43.537000000000006,0.799,23.511000000000003,20.0262597606243,6.639296359478842,21.042305610476625,940.0,20,36.754000000000005
471,-0.323,37.825,-3.213,43.061,-0.391,24.769,18.508402092022965,5.278977954293442,20.18869058684948,942.0,20,36.754000000000005
472,-0.119,35.479,-0.765,42.347,-0.459,24.327,18.022597925937315,4.338000765329578,18.92177632967288,944.0,20,36.754000000000005
473,-0.289,38.539,-0.561,28.305000000000003,0.323,26.061000000000003,2.4118441077316755,5.6454153715553685,2.591669621225792,946.0,20,36.754000000000005
474,-0.051,37.213,-1.3430000000000002,47.447,-0.357,30.379,17.096456357970794,6.579462363732809,21.551139747728843,948.0,20,36.754000000000005
475,0.187,34.935,-0.255,47.141000000000005,-0.425,33.031000000000006,14.11102405922405,5.925385538522521,21.615046824333508,950.0,20,36.754000000000005
476,0.085,36.431,2.805,45.033,2.8390000000000004,44.217000000000006,0.8167080261635734,4.480755040713442,1.0050112771661948,952.0,20,36.754000000000005
477,0.017,37.213,-0.527,46.325,0.8670000000000001,36.771,9.655161935462296,3.895642736395828,11.821237640814648,954.0,20,36.754000000000005
478,0.051,36.601,-1.785,45.611,-0.629,26.707,18.9393123423212,4.252088647853557,20.26322236622348,956.0,20,36.754000000000005
479,0.255,31.875000000000004,-0.493,43.843,-0.663,16.677,27.166531909686228,8.319565734163636,28.872389146875875,958.0,20,36.754000000000005
480,-0.119,26.163,0.051,30.345,-0.663,9.877,20.480449702093946,10.411636545480755,21.29654769203196,960.0,20,36.754000000000005
481,0.051,21.811,2.2950000000000004,42.687000000000005,0.085,4.199000000000001,38.55139743251858,11.54979550564151,40.937951637997465,962.0,20,36.754000000000005
482,-0.221,20.893,-0.187,39.151,-0.561,7.939000000000001,31.214240660314005,9.929076156119155,32.289035885867385,964.0,20,36.754000000000005
483,-0.187,17.153000000000002,0.425,34.799,-0.221,2.193,32.61239874648904,9.77352285728183,34.76106577985441,966.0,20,36.754000000000005
484,-0.221,10.625,0.221,28.475,0.629,-6.035,34.512411738387684,10.159955851239973,36.181952369314914,968.0,20,36.754000000000005
485,-0.051,6.069000000000001,0.663,23.239,-0.153,-3.995,27.246221976633755,8.393064007460264,29.698248384786883,970.0,20,36.754000000000005
486,-0.119,3.689,0.051,23.715000000000003,-0.561,-11.033,34.75338901459828,10.164231203048637,35.704067605228765,972.0,20,36.754000000000005
487,0.017,-0.663,0.323,19.499,0.663,-14.909,34.40967980089324,9.522713322456305,35.66821566942307,974.0,20,36.754000000000005
488,0.085,-0.5950000000000001,0.051,15.079,-0.425,-13.345,28.427985366536262,9.11735024421515,31.4472437148158,976.0,20,36.754000000000005
489,-0.085,-2.9410000000000003,-0.6970000000000001,12.325,0.6970000000000001,-5.423,17.802661037047244,8.146351285732555,26.497658156911708,978.0,20,36.754000000000005
490,-0.255,-2.261,-0.629,16.031000000000002,-0.289,2.125,13.910155858221,8.180674812410764,14.334838697383814,980.0,20,36.754000000000005
491,0.017,0.051,-0.629,15.861,0.6970000000000001,-4.981000000000001,20.884138478759425,6.401422644908454,22.333186059106264,982.0,20,36.754000000000005
492,-0.187,2.261,-0.6970000000000001,10.285,0.527,-2.4650000000000003,12.808617255582275,4.455418356751929,20.156605606950187,984.0,20,36.754000000000005
493,0.119,5.168,-0.119,16.303,-0.459,-1.0710000000000002,17.377326491724784,5.713203882445677,19.376283219780355,986.0,20,36.754000000000005
494,0.255,8.143,-0.629,22.967,0.119,-11.203,34.178186084109264,10.397957665586128,35.55078050029007,988.0,20,36.754000000000005
495,0.255,17.187,-0.289,32.079,0.493,-2.4650000000000003,34.55285024422732,9.780690754307097,35.72293025121804,990.0,20,36.754000000000005
496,0.119,21.063,-0.7310000000000001,35.547000000000004,-0.357,2.261,33.28810105728472,9.968525200372568,34.32153153107853,992.0,20,36.754000000000005
497,-0.085,24.123,0.051,34.017,-0.187,7.225,26.79305708574518,8.633210303058402,27.57672276948697,994.0,20,36.754000000000005
498,-0.051,25.925,0.017,31.773000000000003,0.153,5.151000000000001,26.622347379598217,9.498486816502863,28.721067016720017,996.0,20,36.754000000000005
499,-0.051,20.111,-0.6970000000000001,30.107000000000003,-0.357,6.9190000000000005,23.190492534657388,8.104785817210542,25.573782116714707,998.0,20,36.754000000000005
500,-0.391,20.264000000000003,-0.527,31.909,-0.561,1.649,30.26001910111757,8.841379474949987,31.61951115438708,1000.0,20,36.754000000000005
501,-0.153,23.409,-0.7310000000000001,36.057,-0.255,2.567,33.4933825702929,10.57461994537604,35.42244990244063,1002.0,20,36.754000000000005
502,-0.085,26.945,0.391,42.211000000000006,0.629,6.579000000000001,35.63279483846307,10.499546881025358,37.76760925930836,1004.0,20,36.754000000000005
503,-0.221,35.343,1.139,48.365,0.153,14.739,33.64045291014971,10.113147985423154,35.98394968031601,1006.0,20,36.754000000000005
504,-0.153,38.777,3.145,46.529,-0.323,16.371000000000002,30.35674534596883,9.927582349351148,37.73243143649304,1008.0,20,36.754000000000005
505,-0.153,38.913,3.0090000000000003,46.597,-0.6970000000000001,17.527,29.305278295897484,9.69529676678813,34.345935177338944,1010.0,20,36.754000000000005
506,0.119,41.157,-0.527,39.729000000000006,-0.187,20.315,19.416977004673,8.934543534520333,20.316024544569245,1012.0,20,36.754000000000005
507,-0.051,41.633,-3.519,46.631,-0.629,35.717000000000006,11.29015039758107,8.33835844566926,18.9042222822423,1014.0,20,36.754000000000005
508,-0.051,41.157,,,,,11.29015039758107,8.306057772015441,,1016.0,20,36.754000000000005
509,-0.391,42.245000000000005,-3.5530000000000004,43.911,0.017,21.913,22.28580050166473,8.320875132896912,38.30382980061312,1018.0,20,36.754000000000005
510,0.051,42.347,-3.145,46.733,-0.629,25.551,21.330901996868302,6.335652476709134,33.395103213172604,1020.0,20,36.754000000000005
511,0.663,43.163,1.649,47.617,-0.357,29.801,17.928577523049622,4.95826095275311,21.00743914276769,1022.0,20,36.754000000000005
512,0.187,43.061,-0.765,44.829,-0.153,26.537000000000003,18.302235054768587,6.046141599212519,31.195369782533163,1024.0,20,36.754000000000005
513,-0.017,44.387,-3.1790000000000003,43.367,0.119,26.775,16.91659741200931,6.290461249681697,25.46676461833183,1026.0,20,36.754000000000005
514,-0.153,43.197,1.411,47.99100000000001,0.153,26.741000000000003,21.287204231650527,5.819396584769931,25.56665856404568,1028.0,20,36.754000000000005
515,-0.119,40.239,0.5950000000000001,41.837,0.799,29.087000000000003,12.75163189556537,4.024472612793001,19.51656296190369,1030.0,20,36.754000000000005
516,-0.051,41.633,2.7030000000000003,42.653000000000006,0.8670000000000001,28.645000000000003,14.127808039465997,6.095194268843776,20.914265468826365,1032.0,20,36.754000000000005
517,0.085,40.035,2.907,43.775000000000006,0.527,27.625000000000004,16.324426483034557,8.19123147734533,26.087027145509666,1034.0,20,36.754000000000005
518,0.391,30.379,0.323,46.495000000000005,0.6970000000000001,18.479000000000003,28.01849624801445,7.637893221499159,30.2289350549804,1036.0,20,36.754000000000005
519,0.255,30.277,-0.323,46.223000000000006,0.8330000000000001,17.867,28.37955376675257,8.429596406490882,30.02758317825995,1038.0,20,36.754000000000005
520,0.391,24.429,0.765,42.993,0.153,7.123,35.87522047319013,9.950369606517768,36.83318627079092,1040.0,20,36.754000000000005
521,0.119,11.577,0.187,31.773000000000003,-0.663,-2.8390000000000004,34.62243555846411,9.664246445482554,35.405158660560915,1042.0,20,36.754000000000005
522,0.119,9.027,-0.017,28.645000000000003,-0.799,1.5470000000000002,27.10928121511155,9.306841927228396,35.631177648838694,1044.0,20,36.754000000000005
523,0.289,9.843,-0.119,28.033,0.527,2.975,25.066325618247287,8.521237854529742,25.740501010825017,1046.0,20,36.754000000000005
524,0.221,9.469,-0.493,30.515,-0.221,-0.493,31.009192959507995,9.483176975625794,32.263507596597094,1048.0,20,36.754000000000005
525,0.357,9.571000000000002,0.8330000000000001,24.905,0.289,5.593,19.31966045250278,6.144280430874296,21.711884606186512,1050.0,20,36.754000000000005
526,0.221,11.611,-0.255,23.137,-0.051,5.627000000000001,17.5111883091925,4.485991409965015,18.89243253475313,1052.0,20,36.754000000000005
527,0.119,14.229,0.051,20.655,0.8330000000000001,7.395,13.28303895951525,3.78580699861104,16.551863296415757,1054.0,20,36.754000000000005
528,-0.153,13.481000000000002,0.7310000000000001,20.655,0.459,3.723,16.934184598025382,4.849747065805772,18.72393107293229,1056.0,20,36.754000000000005
529,-0.017,12.189,0.527,10.353000000000002,-0.527,5.117,5.3410309866167225,4.244865027113294,16.60446441806759,1058.0,20,36.754000000000005
530,-0.255,11.883,0.629,10.353000000000002,0.187,2.023,8.341718288218562,5.02859037221953,18.4758007807544,1060.0,20,36.754000000000005
531,0.051,15.589,0.7310000000000001,9.877,0.629,8.755,1.1266268237531007,3.4721403285803563,1.3262297832479035,1062.0,20,36.754000000000005
532,-0.017,17.527,-0.119,21.573,0.7310000000000001,6.681,14.916238265729064,4.417700200602275,16.177740314552654,1064.0,20,36.754000000000005
533,0.153,15.759,0.7310000000000001,17.493000000000002,-0.7310000000000001,8.075000000000001,9.530801015654456,4.73738772312915,17.585929993764804,1066.0,20,36.754000000000005
534,0.153,10.71,-0.527,22.525,0.765,-0.187,22.748718821067705,8.296210823160783,25.26774525706128,1068.0,20,36.754000000000005
535,-0.017,8.483,-0.561,23.885,0.629,8.823,15.108935898996991,7.7912585470981535,32.01158684679613,1070.0,20,36.754000000000005
536,0.221,11.441,0.289,25.789,-0.561,4.539000000000001,21.26699320543457,6.142961875750941,22.13746118220008,1072.0,20,36.754000000000005
537,-0.051,13.379,-0.799,23.069000000000003,0.7310000000000001,7.735,15.410141336146143,5.047682135434787,17.698401434249686,1074.0,20,36.754000000000005
538,0.221,17.697000000000003,-0.187,27.693,0.6970000000000001,3.757,23.952318301158243,7.290419612268992,25.17956988488469,1076.0,20,36.754000000000005
539,0.357,19.499,0.7310000000000001,30.753000000000004,0.6970000000000001,-0.187,30.940018681313045,9.524427669787912,32.616458171358346,1078.0,20,36.754000000000005
540,0.255,27.013,-0.8670000000000001,41.259,0.663,6.341,34.951503887529654,10.441941243935494,36.96548201640646,1080.0,20,36.754000000000005
541,-0.085,31.467,0.357,45.543000000000006,0.017,16.133000000000003,29.41196525225746,10.095193327483326,30.43487274360449,1082.0,20,36.754000000000005
542,-0.119,34.493,0.153,44.931,-0.425,13.991,30.945398430138205,9.754642614858264,35.164082258670234,1084.0,20,36.754000000000005
543,0.459,35.207,1.649,43.29900000000001,0.085,14.773,28.56884267869457,9.742746182950391,33.489184542321084,1086.0,20,36.754000000000005
544,0.357,36.499,1.0710000000000002,48.67100000000001,0.221,15.419,33.262862234029114,9.806822304714988,35.431689249912964,1088.0,20,36.754000000000005
545,0.289,35.547000000000004,,,,,33.262862234029114,9.726985080548152,,1090.0,20,36.754000000000005
546,0.391,38.335,-1.3090000000000002,48.399,0.425,16.711000000000002,31.735407670297857,10.038796228589376,35.75080189816233,1092.0,20,36.754000000000005
547,-0.017,41.361,0.8670000000000001,48.705000000000005,-0.255,21.029,27.69873390608315,8.440601685829527,35.28617727572341,1094.0,20,36.754000000000005
548,-0.289,41.565000000000005,-1.717,42.789,-0.663,20.689,22.125119570298374,8.801832299042616,24.00451248539633,1096.0,20,36.754000000000005
549,-0.459,42.925,3.5530000000000004,46.019000000000005,-0.085,22.389000000000003,23.908407391543253,8.434791844880747,35.347020205965805,1098.0,20,36.754000000000005
550,-0.493,41.973000000000006,3.281,44.047,-0.561,21.505000000000003,22.86706644937212,8.985727622547612,38.27574254881228,1100.0,20,36.754000000000005
551,-0.255,41.021,1.3090000000000002,47.447,-0.629,20.587,26.92982443314476,8.54431446595175,33.26622159724414,1102.0,20,36.754000000000005
552,0.017,39.797,2.125,48.093,0.527,19.533,28.60467101716082,8.982158516183926,34.21426130145259,1104.0,20,36.754000000000005
553,-0.187,37.553,-1.3090000000000002,48.399,-0.187,18.003,30.41670100454683,9.238165120418184,32.75506549962616,1106.0,20,36.754000000000005
554,-0.493,39.185,-2.193,47.413,0.085,18.717,28.786276244071583,9.1128293301082,34.950813883371985,1108.0,20,36.754000000000005
555,0.017,41.327000000000005,3.5530000000000004,46.053,0.187,20.179,26.09202621491861,9.01463615431033,36.691009624444085,1110.0,20,36.754000000000005
556,0.119,41.837,3.519,43.775000000000006,0.7310000000000001,24.327,19.646822847473327,7.532044939761753,35.21366230127946,1112.0,20,36.754000000000005
557,0.357,42.653000000000006,2.397,43.469,-0.153,22.253,21.36869570189065,8.260092652933388,39.12198109480676,1114.0,20,36.754000000000005
558,-0.357,41.973000000000006,2.431,43.605,0.901,27.217,16.45926620478568,5.843995971111943,35.98861877799988,1116.0,20,36.754000000000005
559,0.017,43.197,3.519,46.189,-0.153,24.871,21.63193722254205,7.214382595251319,34.22191519110793,1118.0,20,36.754000000000005
560,0.119,42.925,-0.357,48.773,0.765,28.135,20.6684766734271,4.792472437516809,24.72773650429239,1120.0,20,36.754000000000005
561,0.119,44.047,2.8390000000000004,46.291,-0.221,30.923,15.669684872389745,4.8732417074720935,18.492414653537928,1122.0,20,36.754000000000005
562,0.051,44.217000000000006,3.1790000000000003,43.571000000000005,0.459,31.127,12.73779949598831,4.398996787486711,22.106934982512875,1124.0,20,36.754000000000005
563,-1.445,45.271,-1.411,42.007000000000005,3.349,43.503,4.989550681173607,2.8838965408232764,13.541830288236708,1126.0,20,36.754000000000005
564,-0.425,45.407,0.561,40.069,-1.5470000000000002,47.447,7.673235823301667,2.8271297977156,9.446386596528113,1128.0,20,36.754000000000005
565,-0.119,43.843,-0.391,35.275000000000006,1.207,47.005,11.83834887135871,3.917494181979397,19.75255113264603,1130.0,20,36.754000000000005
566,-0.391,44.047,-0.153,39.899,-0.357,40.273,0.4260187789288167,2.559173065788897,1.4281089681669297,1132.0,20,36.754000000000005
567,-0.391,43.435,-0.357,37.043,-0.6970000000000001,47.141000000000005,10.103722284386087,2.6131343072243154,11.107518115242328,1134.0,20,36.754000000000005
568,0.255,44.591,0.153,39.355,-1.5810000000000002,42.517,3.606244584051393,2.7974894200189766,20.488868608523745,1136.0,20,36.754000000000005
569,0.017,43.027,-0.119,40.851000000000006,0.017,41.395,0.5607423650840019,2.8532374803543887,2.78531000744425,1138.0,20,36.754000000000005
570,-0.323,41.293000000000006,-0.085,29.087000000000003,0.085,29.529000000000003,0.47356520142426,6.303657603026678,0.9408135547679972,1140.0,20,36.754000000000005
571,-0.085,40.443000000000005,-0.561,29.733,-0.7310000000000001,30.277,0.5699438568841673,6.100267734571256,6.47032211629716,1142.0,20,36.754000000000005
572,0.221,39.831,-0.289,32.623000000000005,-0.493,32.929,0.3677662300973269,4.568862360377209,2.259683037341729,1144.0,20,36.754000000000005
573,0.119,40.205000000000005,0.221,33.541000000000004,-3.4170000000000003,43.469,10.573562691921772,3.6469563188082255,15.649392618961713,1146.0,20,36.754000000000005
574,-0.153,39.695,0.187,32.045,-1.717,48.195,16.26184848041575,5.017780841736723,18.512802073686206,1148.0,20,36.754000000000005
575,0.391,41.667,0.6970000000000001,31.501,2.329,47.685,16.266077584961902,5.219943620744093,20.28285058339682,1150.0,20,36.754000000000005
576,0.255,43.435,0.459,33.371,-2.907,42.585,9.809574506572648,4.681882155981046,24.97344659978447,1152.0,20,36.754000000000005
577,-0.051,42.993,0.629,32.385000000000005,-3.621,45.305,13.601062458499335,4.82125884860141,21.80544874443027,1154.0,20,36.754000000000005
578,0.289,42.891000000000005,-0.425,27.999,-3.349,43.367,15.643695215645185,5.974263888063726,28.67481512513955,1156.0,20,36.754000000000005
579,-0.119,42.755,-0.187,34.833000000000006,0.765,41.667,6.899989855065007,3.3616366949672774,13.69738734291739,1158.0,20,36.754000000000005
580,0.255,42.687000000000005,-0.187,30.651000000000003,0.969,43.809000000000005,13.208682750372954,5.455336738474583,33.37587956595783,1160.0,20,36.754000000000005
581,-0.085,34.731,,,,,13.208682750372954,8.190943896818647,,1162.0,20,36.754000000000005
582,-0.017,27.761000000000003,0.425,11.271,-2.975,45.917,34.8124304810796,10.074085275581078,36.10276007345457,1164.0,20,36.754000000000005
583,0.153,22.763,,,,,34.8124304810796,10.961834707896749,,1166.0,20,36.754000000000005
584,0.085,15.147,0.017,-0.425,-0.153,35.071000000000005,35.49640708578828,10.582578358521245,37.42171076687431,1168.0,20,36.754000000000005
585,0.051,6.375000000000001,0.357,-8.585,-0.357,26.775,35.367207919201086,10.22482472830108,36.39268310796184,1170.0,20,36.754000000000005
586,0.255,-1.241,-0.765,-15.589,0.153,15.793,31.395423997773943,8.611661800642262,33.29464400786004,1172.0,20,36.754000000000005
587,-0.187,-4.777,-0.459,-18.513,-0.391,15.861,34.37406726007268,10.062314648926938,35.47499584819448,1174.0,20,36.754000000000005
588,0.017,-12.903,-0.289,-27.523000000000003,-0.119,1.751,29.274493607917456,10.321225333885986,30.345590399253062,1176.0,20,36.754000000000005
589,0.153,-14.79,0.153,-28.645000000000003,0.289,1.649,30.29430527343382,10.133446674245866,30.66158425233234,1178.0,20,36.754000000000005
590,-0.017,-17.425,0.051,-31.977000000000004,0.527,3.825,35.80516415267496,10.899959283610508,37.356245725045966,1180.0,20,36.754000000000005
591,0.119,-16.779,-0.527,-30.923,0.085,3.757,34.68539957965023,10.596215466692296,35.39063954376723,1182.0,20,36.754000000000005
592,-0.119,-22.117,0.391,-38.641000000000005,0.051,-0.221,38.421504395325286,10.787997026916337,39.22654682393227,1184.0,20,36.754000000000005
593,-0.357,-29.971000000000004,-1.6150000000000002,-44.829,0.255,-9.639,35.23965096308419,9.59580675489377,37.07383553073123,1186.0,20,36.754000000000005
594,-0.527,-33.677,-0.391,-48.501000000000005,-0.8670000000000001,-12.835,35.669176217008435,10.576248950973891,37.83494430308689,1188.0,20,36.754000000000005
595,-0.629,-33.099000000000004,-1.479,-43.435,0.561,-13.651000000000002,29.853781268040404,9.172912743211588,31.20266433932432,1190.0,20,36.754000000000005
596,-0.357,-33.473,-2.669,-44.081,0.085,-14.161,30.04647926130448,9.485598134144023,31.673829942164968,1192.0,20,36.754000000000005
597,-0.221,-35.751000000000005,,,,,30.04647926130448,10.067280738718454,,1194.0,20,36.754000000000005
598,-0.119,-37.621,1.3090000000000002,-47.855,0.255,-17.459,30.41426855934563,9.209105486789456,32.59760241235177,1196.0,20,36.754000000000005
599,-0.221,-37.417,-3.0090000000000003,-45.237,-0.901,-16.813000000000002,28.50206027640809,9.443020056691246,35.76951937165885,1198.0,20,36.754000000000005
600,-0.017,-35.785000000000004,3.043,-43.095000000000006,-0.391,-18.581000000000003,24.75335435855109,8.263076083327515,30.281749263035703,1200.0,20,36.754000000000005
601,-0.153,-34.697,1.5810000000000002,-47.719,-0.969,-14.195,33.620842880570386,9.998715228382974,36.65618966886719,1202.0,20,36.754000000000005
602,0.051,-35.003,0.8330000000000001,-47.685,-0.629,-14.467,33.25015741316122,9.853730770995092,35.930144317382805,1204.0,20,36.754000000000005
603,-0.153,-34.697,-1.513,-47.787000000000006,-0.017,-14.229,33.591328940665626,10.31232768281576,35.8611167859597,1206.0,20,36.754000000000005
604,-0.323,-36.261,3.0090000000000003,-46.053,-0.799,-15.181,31.1059680447338,9.96147528925668,36.47767060237743,1208.0,20,36.754000000000005
605,-0.221,-35.751000000000005,1.989,-44.42100000000001,-0.8330000000000001,-14.739,29.815848268999492,10.041228186301709,36.31287585151735,1210.0,20,36.754000000000005
606,-0.017,-36.941,2.805,-45.305,0.493,-19.125,26.2818900385798,9.984440602735846,35.12048640253038,1212.0,20,36.754000000000005
607,-0.391,-33.235,-2.737,-42.041,-0.051,-15.283,26.892474040147366,8.175494121794118,31.56715782402504,1214.0,20,36.754000000000005
608,-0.391,-35.173,1.411,-45.611,-0.8330000000000001,-14.637,31.05518011540104,9.580379750962347,33.285159511848086,1216.0,20,36.754000000000005
609,-0.527,-31.977000000000004,0.391,-39.865,-0.799,-14.841,25.05227885841925,7.749864906164433,29.02241735418829,1218.0,20,36.754000000000005
610,-0.221,-32.895,2.193,-45.98500000000001,-0.901,-11.951,34.17434698717739,10.091489926037468,37.62115222818561,1220.0,20,36.754000000000005
611,-0.017,-36.057,-0.221,-47.923,0.017,-15.181,32.742864993766204,9.767325812127549,37.32362360413685,1222.0,20,36.754000000000005
612,0.085,-35.003,1.819,-47.583000000000006,0.255,-14.705000000000002,32.915178565518985,9.316267555648484,34.682277271191545,1224.0,20,36.754000000000005
613,-0.561,-33.949000000000005,-2.975,-46.835,0.187,-20.961,26.06649420232802,8.43036215036468,33.59891709444049,1226.0,20,36.754000000000005
614,-0.527,-38.675,-3.587,-46.835,0.119,-18.071,29.001760843093653,8.691218733569276,37.7014542875545,1228.0,20,36.754000000000005
615,-0.051,-41.429,-2.975,-42.993,-0.357,-27.829,15.388333892920311,5.433637506639942,18.67308421159073,1230.0,20,36.754000000000005
616,0.153,-43.061,-1.173,-48.229000000000006,-0.187,-32.181000000000004,16.07826172196485,4.302374041206381,20.17376410261217,1232.0,20,36.754000000000005
617,0.255,-42.755,1.173,-47.923,-0.051,-32.929,15.043876229216991,3.7624110971749616,21.53942364813348,1234.0,20,36.754000000000005
618,-0.255,-43.435,,,,,15.043876229216991,1.3449208355267213,,1236.0,20,36.754000000000005
619,-1.037,-43.605,1.819,-46.86900000000001,-1.853,-41.225,6.733373597239352,2.377437371777752,11.82869973727179,1238.0,20,36.754000000000005
620,-0.935,-43.129000000000005,-4.131,-44.319,2.2950000000000004,-44.659000000000006,6.434988422678009,2.530040798497782,22.13808165147449,1240.0,20,36.754000000000005
621,-0.6970000000000001,-42.619,-0.663,-33.235,2.499,-42.687000000000005,9.966872528531706,4.063536115457902,20.462711804677543,1242.0,20,36.754000000000005
622,-0.425,-42.585,-0.6970000000000001,-26.707,2.9410000000000003,-42.891000000000005,16.58785399019415,7.125877391689995,27.90376277550812,1244.0,20,36.754000000000005
623,0.221,-36.159000000000006,0.357,-25.755000000000003,-1.241,-47.923,22.22552199611969,7.906147985086116,31.045464304949626,1246.0,20,36.754000000000005
624,0.119,-35.343,0.153,-28.713,-1.275,-48.127,19.466447544428853,6.16430074667654,25.34451149092185,1248.0,20,36.754000000000005
625,0.051,-36.737,0.425,-29.223000000000003,-0.357,-46.189,16.98401248233173,4.502349074159664,17.672543822989628,1250.0,20,36.754000000000005
626,-0.7310000000000001,-39.287000000000006,0.187,-43.911,-3.0090000000000003,-43.061,3.307100845151233,5.169605720952905,9.332034205229682,1252.0,20,36.754000000000005
627,-0.119,-41.599,-1.717,-46.767,-1.751,-46.325,0.4433057635537801,5.144576079520517,0.4832645291317169,1254.0,20,36.754000000000005
628,-0.085,-43.469,1.5810000000000002,-46.359,-0.8330000000000001,-30.141,16.39667405299014,5.784707804606551,26.35012498082927,1256.0,20,36.754000000000005
629,-0.7310000000000001,-41.939,0.663,-45.883,-0.799,-27.319000000000003,18.621480607083853,6.136157521773906,25.123903725772436,1258.0,20,36.754000000000005
630,-0.051,-40.511,1.105,-45.339000000000006,1.275,-45.475,0.2177062240727168,2.3012982689367245,0.904234305774736,1260.0,20,36.754000000000005
631,0.6970000000000001,-44.42100000000001,-0.493,-43.809000000000005,0.051,-43.673,0.5607423650840019,2.2135656278763447,0.7343590996276934,1262.0,20,36.754000000000005
632,-2.057,-44.251000000000005,-1.105,-40.273,-0.017,-45.441,5.281284692193747,2.328559422627528,14.204679386170271,1264.0,20,36.754000000000005
633,-0.391,-42.177,0.289,-39.865,-0.323,-44.183,4.361154434321262,1.595538910058233,6.65663157090917,1266.0,20,36.754000000000005
634,-1.819,-43.741,-3.0770000000000004,-42.721,0.017,-47.209,5.451144833885814,2.4966683605326194,17.6985097492703,1268.0,20,36.754000000000005
635,-1.717,-43.979000000000006,-2.975,-43.231,-0.357,-45.98500000000001,3.799794731297995,2.633014065975888,16.937283436565135,1270.0,20,36.754000000000005
636,-1.751,-44.897000000000006,1.037,-47.447,1.0710000000000002,-47.685,0.2404163056034262,2.915401022740982,0.251941351090318,1272.0,20,36.754000000000005
637,-0.901,-45.373000000000005,-2.431,-46.461000000000006,1.207,-47.821000000000005,3.883895467182401,2.4307629571389437,18.515496152699452,1274.0,20,36.754000000000005
638,-0.017,-45.033,-2.431,-46.461000000000006,-1.921,-46.563,0.5200999903864642,2.5028266277074085,15.698820485948362,1276.0,20,36.754000000000005
639,-0.765,-44.999,-3.111,-43.469,-2.125,-47.175,3.834922685009439,2.5355559226644977,6.099606083239078,1278.0,20,36.754000000000005
640,-1.513,-44.217000000000006,,,,,3.834922685009439,2.6729686435675166,,1280.0,20,36.754000000000005
641,-0.017,-44.183,-3.825,-43.265,2.1590000000000003,-45.169,6.279607631054667,2.1863282895854126,10.480938424223158,1282.0,20,36.754000000000005
642,1.037,-43.29900000000001,1.5470000000000002,-46.801,3.3150000000000004,-44.829,2.648510524804461,2.787196870278121,19.22428514667808,1284.0,20,36.754000000000005
643,-0.527,-41.73500000000001,1.173,-47.651,2.9410000000000003,-45.033,3.1590739149314,4.021144755523771,15.8490446998521,1286.0,20,36.754000000000005
644,-0.629,-41.871,3.043,-44.727,3.2470000000000003,-44.965,0.3134645115479582,3.393678230339761,20.5827087468,1288.0,20,36.754000000000005
645,-0.629,-44.234,-0.085,-48.093,0.5950000000000001,-47.54900000000001,0.8708248962908675,2.6760970824892376,0.999093138965388,1290.0,20,36.754000000000005
646,-0.7310000000000001,-44.387,-3.621,-42.687000000000005,-2.193,-42.245000000000005,1.4948404597146814,2.6848398379307112,13.384913389161971,1292.0,20,36.754000000000005
647,-0.629,-44.795,-3.043,-43.911,-2.5330000000000004,-44.285,0.6324365580831014,3.0722174969880727,19.52566139958081,1294.0,20,36.754000000000005
648,-0.629,-45.135000000000005,-2.5330000000000004,-42.857000000000006,2.7710000000000004,-44.795,5.646969098551896,2.4321756231716707,20.03261325698938,1296.0,20,36.754000000000005
649,-0.969,-44.251000000000005,0.493,-41.089000000000006,3.2470000000000003,-43.639,3.753267376566716,2.362219399394226,10.09801931700747,1298.0,20,36.754000000000005
650,1.003,-43.503,-1.173,-40.579,0.663,-41.73500000000001,2.1696156341619592,1.9532684030991376,2.98460732513692,1300.0,20,36.754000000000005
651,0.391,-44.149,-1.751,-44.625,0.255,-33.745000000000005,11.0633826653515,4.502940323334299,20.14477068947913,1302.0,20,36.754000000000005
652,0.187,-36.397000000000006,-0.187,-44.353,-0.051,-23.443,20.91044227174548,6.959918789021008,27.73055577241525,1304.0,20,36.754000000000005
653,-0.255,-29.495,3.145,-45.679,-0.527,-15.419,30.48198130043387,8.385947143635004,32.90828332782399,1306.0,20,36.754000000000005
654,-0.017,-20.961,-0.119,-40.341,0.765,-8.449,31.904249246769627,9.40493586016169,33.28507274233024,1308.0,20,36.754000000000005
655,-0.119,-15.147,0.187,-34.085,0.6970000000000001,-1.887,32.20203881744136,9.53961740331818,33.715779272188044,1310.0,20,36.754000000000005
656,-0.153,-11.169,0.051,-17.561,-0.085,-4.437,13.12470464429581,5.1053725682809405,14.913469463627802,1312.0,20,36.754000000000005
657,0.051,-10.625,-0.459,-15.827000000000002,0.255,-2.2270000000000003,13.618729603013636,5.364236955287251,15.650536873880208,1314.0,20,36.754000000000005
658,0.017,-8.347000000000001,0.051,-19.023,-0.7310000000000001,6.307,25.34206826602754,8.373598612007783,26.871153620095797,1316.0,20,36.754000000000005
659,-0.085,-2.329,-0.221,-21.981,-0.7310000000000001,10.013,31.99806456647027,9.30131491032954,33.309269227084286,1318.0,20,36.754000000000005
660,-0.119,1.632,0.255,-17.697000000000003,-0.765,15.895,33.607482262139186,9.720343657395487,34.664118700179664,1320.0,20,36.754000000000005
661,-0.119,2.7030000000000003,0.7310000000000001,-16.847,0.255,15.793,32.643470648814294,10.05273224750428,34.30921009107449,1322.0,20,36.754000000000005
662,-0.085,3.451,-0.663,-16.677,0.153,16.575000000000003,33.26201076303115,9.858059904246256,34.485688908812065,1324.0,20,36.754000000000005
663,0.187,3.859,-0.5950000000000001,-17.153000000000002,0.493,19.329,36.49822006618953,10.35137190176957,37.29385399920501,1326.0,20,36.754000000000005
664,-0.221,8.007000000000001,-0.663,-12.427,0.799,22.457,34.914623010996415,10.541188076195814,36.92957955410299,1328.0,20,36.754000000000005
665,0.085,13.515,-0.085,-5.899,0.799,27.353,33.26374843579719,9.641732873926609,35.46160681894822,1330.0,20,36.754000000000005
666,0.289,19.873,-0.017,-1.377,-0.5950000000000001,32.691,34.0729028408206,9.961929963123543,34.91604924714791,1332.0,20,36.754000000000005
667,0.289,24.735000000000003,0.425,4.063000000000001,-0.8670000000000001,39.865,35.82530485564639,11.182193349472806,37.68371054251799,1334.0,20,36.754000000000005
668,0.085,33.779,-0.289,12.733,-2.499,44.761,32.10415680250768,9.462253941945889,34.408526364461835,1336.0,20,36.754000000000005
669,-0.051,33.133,-0.629,16.303,-3.3150000000000004,43.095000000000006,26.926304239534996,9.4672562180459,29.9816676513471,1338.0,20,36.754000000000005
670,-0.221,35.037,-0.187,16.439,-2.737,43.367,27.048469161858318,9.068232816920078,31.430622425314453,1340.0,20,36.754000000000005
671,-0.153,40.307,-0.425,18.853,-3.791,44.999,26.36177672312699,8.902869839888488,36.19288834178813,1342.0,20,36.754000000000005
672,0.255,40.919,0.085,20.961,-3.757,45.407,24.74606797048776,8.971282729040178,36.65808252779672,1344.0,20,36.754000000000005
673,0.085,42.432,0.8670000000000001,22.049000000000003,-1.275,41.497,19.565604207383934,7.655831410478806,37.69475839058945,1346.0,20,36.754000000000005
674,-0.051,41.871,0.8330000000000001,21.505000000000003,-3.0090000000000003,44.625,23.437051094367654,8.129433071762916,32.43063340578797,1348.0,20,36.754000000000005
675,0.323,41.123000000000005,0.765,21.335,-1.887,45.135000000000005,23.94729846976481,8.105592039048295,32.0030531092399,1350.0,20,36.754000000000005
676,0.085,42.517,-0.493,29.869000000000003,-2.669,44.42100000000001,14.713792169253988,8.494947813837486,28.16508703168348,1352.0,20,36.754000000000005
677,0.153,41.599,0.7310000000000001,21.505000000000003,-3.281,46.835,25.64576074129992,8.101373336176305,30.10872050457032,1354.0,20,36.754000000000005
678,0.255,41.531000000000006,0.765,21.505000000000003,-1.887,48.331,26.956768723272454,8.362769937626938,28.24259361684938,1356.0,20,36.754000000000005
679,-0.085,37.043,0.6970000000000001,22.049000000000003,0.425,40.171,18.1240411608449,6.019545726166814,19.220545407391803,1358.0,20,36.754000000000005
680,0.527,33.303000000000004,0.6970000000000001,22.321,-0.085,37.757000000000005,15.455795676703287,5.03785735591076,16.520761630811606,1360.0,20,36.754000000000005
681,0.187,30.209000000000003,-0.799,21.267000000000003,-0.459,36.057,14.793907529790769,5.146542111317744,18.71867476290504,1362.0,20,36.754000000000005
682,0.187,25.211,0.7310000000000001,11.917000000000002,-0.6970000000000001,41.361,29.47860783687045,9.317028896614056,31.61179443085754,1364.0,20,36.754000000000005
683,0.085,20.179,0.391,4.4030000000000005,-0.255,41.667,37.269599031918766,11.013061733015894,38.68528240905954,1366.0,20,36.754000000000005
684,0.051,16.541,0.527,0.629,-0.425,37.757000000000005,37.140203122761726,10.96178528227418,39.38524301442355,1368.0,20,36.754000000000005
685,0.187,3.893,0.765,-8.687000000000001,0.221,23.443,32.134604961007376,9.800290899231229,33.57879140446038,1370.0,20,36.754000000000005
686,0.085,-0.5950000000000001,-0.459,-12.121,0.799,15.861,28.01026397590712,8.749470274300887,30.85508279311806,1372.0,20,36.754000000000005
687,0.017,0.204,0.493,-4.913,-0.357,8.551,13.490804127256464,3.783474138263293,14.909372679142754,1374.0,20,36.754000000000005
688,0.051,-1.513,,,,,13.490804127256464,4.019758114781139,,1376.0,20,36.754000000000005
689,-0.085,5.9670000000000005,-0.6970000000000001,-7.191000000000001,0.289,20.077,27.2858208599265,7.634201189123561,29.85965141717601,1378.0,20,36.754000000000005
690,0.187,10.846,-0.187,-5.933000000000001,0.663,25.075000000000003,31.019648031529957,9.14984836086728,32.627774972921785,1380.0,20,36.754000000000005
691,0.391,18.343,0.051,2.057,0.289,33.915,31.85888899506698,9.37338321754159,33.36339270766093,1382.0,20,36.754000000000005
692,-0.085,28.849000000000004,0.289,9.843,-1.5470000000000002,41.633,31.842974044520403,9.427891643250485,33.59036766020488,1384.0,20,36.754000000000005
693,0.391,36.601,0.051,19.499,0.5950000000000001,48.807,29.31304828911521,8.063795983054913,31.695592216886173,1386.0,20,36.754000000000005
694,0.323,37.145,0.6970000000000001,19.193,-1.513,46.86900000000001,27.764096887887423,8.793511146964278,31.53515398438962,1388.0,20,36.754000000000005
695,-0.187,39.287000000000006,0.255,18.105,0.663,48.977,30.874695917530914,9.212243737696896,36.26309905333829,1390.0,20,36.754000000000005
696,-0.221,39.287000000000006,-0.051,17.935000000000002,1.241,48.365,30.45741558307271,9.610576204452192,35.83814093541638,1392.0,20,36.754000000000005
697,-0.255,41.633,-0.051,26.129,2.669,47.243,21.288480359105016,6.571962659459256,28.4575377459252,1394.0,20,36.754000000000005
698,-0.017,42.993,-0.5950000000000001,25.585,2.329,44.523,19.162401206529417,7.248390749666717,33.803789886283724,1396.0,20,36.754000000000005
699,0.323,42.007000000000005,-0.187,24.497000000000003,2.4650000000000003,44.829,20.50422707638598,6.813136780287763,21.3805480325768,1398.0,20,36.754000000000005
700,0.051,39.933,0.799,30.753000000000004,-0.153,32.929,2.3751378907339253,4.554978280920815,3.314264126617191,1400.0,20,36.754000000000005
701,0.051,34.289,0.221,22.049000000000003,2.329,46.835,24.87547909086376,7.8587603014992915,28.23474643391775,1402.0,20,36.754000000000005
702,0.017,29.665000000000003,0.561,12.835,1.649,47.719,34.90096273743749,10.398135498559224,36.92182547809325,1404.0,20,36.754000000000005
703,0.119,19.839,0.323,3.927000000000001,-0.017,39.797,35.87161133821563,9.375788760856944,37.509973089691606,1406.0,20,36.754000000000005
704,0.153,10.557,0.663,-1.513,0.6970000000000001,25.857000000000003,27.370021118004274,7.629619594878779,29.34682282449333,1408.0,20,36.754000000000005
705,0.187,6.001,-0.8670000000000001,-8.109,-0.663,25.347,33.45662194543855,9.705392307527577,35.08188013187918,1410.0,20,36.754000000000005
706,0.085,0.493,-0.289,2.125,0.629,20.179,18.07732391699612,10.927801804538053,18.781088827265148,1412.0,20,36.754000000000005
707,0.051,-8.262,-0.561,-23.477,0.357,10.659,34.1483413945685,9.725641256168878,35.308881256859024,1414.0,20,36.754000000000005
708,0.119,-15.963,,,,,34.1483413945685,8.873345453025912,,1416.0,20,36.754000000000005
709,-0.119,-18.19,0.459,-33.099000000000004,0.493,1.445,34.54401673227942,10.4197306667567,35.12231772509253,1418.0,20,36.754000000000005
710,-0.085,-24.973000000000003,0.323,-37.519000000000005,-0.051,-5.423,32.09817895146078,9.21486283680041,33.40197302014964,1420.0,20,36.754000000000005
711,-0.527,-30.379,-3.213,-44.353,0.085,-11.237,33.27981760767327,9.537880543216382,35.33679520550821,1422.0,20,36.754000000000005
712,-0.493,-31.841,-0.527,-47.311,-0.323,-12.257,35.054593593422254,10.550209577178336,37.02357830015888,1424.0,20,36.754000000000005
713,-0.289,-32.351,-1.003,-46.699000000000005,-0.425,-13.855,32.8490855276064,9.873941366356798,34.42236294651085,1426.0,20,36.754000000000005
714,-0.629,-35.734,-0.459,-48.093,-0.765,-15.181,32.91342248992044,10.250050959115882,38.36197880373071,1428.0,20,36.754000000000005
715,-0.221,-36.193000000000005,-2.1590000000000003,-43.129000000000005,0.051,-15.725,27.49296848286849,9.463834849638095,29.27603628013913,1430.0,20,36.754000000000005
716,-0.459,-35.479,-0.7310000000000001,-47.753,-0.935,-14.637,33.11662833079479,10.00809130480065,37.04085463069811,1432.0,20,36.754000000000005
717,-0.323,-34.799,-2.023,-46.257000000000005,-0.391,-14.399,31.89977410578326,10.244912504754971,35.441407917123186,1434.0,20,36.754000000000005
718,-0.6970000000000001,-36.771,-2.329,-46.155,0.629,-17.221,29.0848090934082,9.275715853502597,31.036290401728397,1436.0,20,36.754000000000005
