,com (y),com (x),end_1 (y),end_1 (x),end_2 (y),end_2 (x),ee-distance,gyr_distance,length,time,T,length_ref
0,0.8670000000000001,45.407,-3.587,45.339000000000006,2.669,42.245000000000005,6.979281624923873,2.551787436086064,11.416637781779416,0.0,30,14.212000000000002
1,-0.527,39.865,-0.8330000000000001,42.755,0.493,36.431,6.461520873602438,2.9169064251648016,6.862825939298314,2.0,30,14.212000000000002
2,-0.357,39.797,-0.221,46.155,0.799,35.921,10.284704954445704,2.910802859006913,10.797879599712711,4.0,30,14.212000000000002
3,-0.119,40.103,-0.289,46.86900000000001,0.8330000000000001,35.547000000000004,11.377458767229175,3.1094895436862675,11.953603756327396,6.0,30,14.212000000000002
4,0.187,40.001000000000005,0.663,43.707,0.561,36.363,7.344708299177035,2.473859081719163,10.020813130855643,8.0,30,14.212000000000002
5,0.051,39.933,2.057,46.291,0.7310000000000001,35.853,10.521887663342545,2.99906590565232,11.647990657396482,10.0,30,14.212000000000002
6,-0.017,40.239,0.153,46.019000000000005,0.391,36.159000000000006,9.862871995519358,2.988092660757845,11.470311239156398,12.0,30,14.212000000000002
7,-0.051,40.035,0.017,45.713,0.051,35.785000000000004,9.92805821900738,2.8212238612280105,11.072606926574236,14.0,30,14.212000000000002
8,0.221,39.253,-0.255,46.42700000000001,0.323,35.003,11.43861267811792,3.1840057540107267,12.156914530423206,16.0,30,14.212000000000002
9,0.085,38.964000000000006,-0.425,45.067,0.357,34.527,10.568969864655685,2.799553232744033,11.202839198843137,18.0,30,14.212000000000002
10,-0.255,37.944,-1.037,42.959,0.187,33.711000000000006,9.32864834796553,2.830975178697648,10.932702863865869,20.0,30,14.212000000000002
11,-0.153,36.737,-0.901,42.891000000000005,-0.629,32.555,10.339578327959028,2.675013575990255,11.71925555392631,22.0,30,14.212000000000002
12,-0.051,36.465,-2.1590000000000003,43.129000000000005,-0.119,31.841,11.470856288873993,3.330586977105246,12.372301060565963,24.0,30,14.212000000000002
13,-0.017,36.703,-2.091,42.653000000000006,-0.561,32.759,10.011600071916575,2.9098685232436368,11.259287804540012,26.0,30,14.212000000000002
14,-0.187,36.839000000000006,-1.411,42.891000000000005,-0.119,32.351,10.61889184425569,3.049720723545045,11.746811313100777,28.0,30,14.212000000000002
15,0.153,39.457,0.799,40.817,0.5950000000000001,35.751000000000005,5.07010571881889,1.629911556413537,5.732261747966563,30.0,30,14.212000000000002
16,-0.255,39.049,-0.6970000000000001,40.681,0.357,36.023,4.7757596254418,1.4199222668983933,5.08800537475149,32.0,30,14.212000000000002
17,-0.255,39.457,-3.2470000000000003,42.925,-0.493,36.227,7.242079811766783,1.5498816353091804,,34.0,30,14.212000000000002
18,-0.357,38.947,0.017,38.573,-0.425,35.105000000000004,3.4960532032564955,1.853069452712024,10.501894681465828,36.0,30,14.212000000000002
19,-0.187,38.437000000000005,0.017,39.661,0.8330000000000001,35.445,4.294241725846369,1.8961722438049424,8.922829546456983,38.0,30,14.212000000000002
20,-0.323,37.383,-0.5950000000000001,42.007000000000005,-0.255,33.439,8.574743378084268,2.850597431043681,8.917737908924483,40.0,30,14.212000000000002
21,-0.391,37.281000000000006,0.901,42.041,-0.289,32.997,9.121953518846718,3.0585519101142085,11.654773430591373,42.0,30,14.212000000000002
22,-0.51,37.485,0.561,43.775000000000006,-0.289,32.623000000000005,11.184346382332764,3.23113636053842,12.095150624687712,44.0,30,14.212000000000002
23,-0.153,36.533,-0.187,43.673,0.187,32.283,11.396138644295268,3.1321207497962704,11.896373511615083,46.0,30,14.212000000000002
24,-0.323,36.295,-0.017,42.449000000000005,0.391,32.453,10.00432306555521,2.840208926444735,10.74739008046824,48.0,30,14.212000000000002
25,-0.017,36.703,-0.6970000000000001,40.851000000000006,-0.5950000000000001,32.657000000000004,8.19463483018005,2.48031609873425,10.017188557688238,50.0,30,14.212000000000002
26,-0.017,35.683,0.119,42.653000000000006,-0.459,31.875000000000004,10.793487295587097,3.002663336768806,11.637905212703624,52.0,30,14.212000000000002
27,0.289,35.785000000000004,0.765,42.007000000000005,0.561,31.263,10.745936534337062,3.0331005520329577,11.528937635840698,54.0,30,14.212000000000002
28,0.255,35.819,0.5950000000000001,41.395,0.799,31.297,10.100060395859028,2.9089001061623927,10.61687590651858,56.0,30,14.212000000000002
29,0.187,34.833000000000006,-0.7310000000000001,41.497,0.663,30.991000000000003,10.598078693801062,2.868517284013324,11.166030454884217,58.0,30,14.212000000000002
30,0.017,34.833000000000006,-0.357,41.259,0.663,30.719,10.589239821630258,2.937063398776353,11.179498711079562,60.0,30,14.212000000000002
31,-0.017,34.935,-0.323,41.599,0.765,30.379,11.272628087540191,3.197323277162288,11.77027052954107,62.0,30,14.212000000000002
32,0.391,34.748000000000005,0.391,40.715,0.255,30.413000000000004,10.302897650661198,2.754446304268083,11.468571510532977,64.0,30,14.212000000000002
33,-0.051,34.289,0.935,40.511,-0.629,30.175,10.4536592636263,3.011998973362573,11.98307879274002,66.0,30,14.212000000000002
34,0.221,34.289,0.357,39.185,-0.5950000000000001,29.427000000000003,9.804329043845888,2.953337028239409,11.749722146618227,68.0,30,14.212000000000002
35,0.187,34.051,-0.459,40.783,0.391,29.733,11.082644088844503,3.2041730602450302,11.89960153392184,70.0,30,14.212000000000002
36,-0.153,34.255,-0.663,40.919,-0.425,30.073,10.84861097099532,2.957269569205657,11.248600995388705,72.0,30,14.212000000000002
37,0.085,34.255,-0.323,40.171,-0.493,29.665000000000003,10.507375314511233,2.935036082713996,11.235295935070754,74.0,30,14.212000000000002
38,0.289,33.847,0.8330000000000001,38.879000000000005,0.935,30.447000000000003,8.432616912916181,2.2813911326206213,9.758984938682492,76.0,30,14.212000000000002
39,0.323,34.051,-0.221,40.715,0.8330000000000001,29.461,11.30324873653588,3.0967161961464806,12.12153500640592,78.0,30,14.212000000000002
40,0.187,34.357,-0.357,41.327000000000005,0.6970000000000001,29.665000000000003,11.709532868564828,3.3061706968293203,12.228018974461174,80.0,30,14.212000000000002
41,0.187,34.153000000000006,-0.357,41.429,0.6970000000000001,29.665000000000003,11.811122385277365,3.433971599674118,12.225422062589288,82.0,30,14.212000000000002
42,-0.051,34.442,-0.187,41.769000000000005,0.561,29.461,12.330708333262937,3.429535839047651,12.601256612277254,84.0,30,14.212000000000002
43,0.017,34.527,-0.051,41.225,0.459,29.869000000000003,11.367446327122025,3.2815254024041742,11.715150730399657,86.0,30,14.212000000000002
44,0.153,33.949000000000005,-0.425,40.919,-0.221,30.073,10.84791832565124,3.195153843914631,11.59773538258599,88.0,30,14.212000000000002
45,-0.187,33.881,-0.017,39.593,0.6970000000000001,30.141,9.478929264426442,2.7339724192024435,10.226763795016636,90.0,30,14.212000000000002
46,-0.085,33.235,0.017,38.879000000000005,0.8330000000000001,29.087000000000003,9.825941176294512,2.9005020487132054,10.610839178203491,92.0,30,14.212000000000002
47,0.085,32.963,-0.255,39.899,0.527,28.407000000000004,11.518575780017253,3.4098700058239926,12.01381621835192,94.0,30,14.212000000000002
48,-0.153,32.861000000000004,0.425,39.117,0.561,28.135,10.982842072979109,3.24059306727125,11.506335970846932,96.0,30,14.212000000000002
49,0.051,32.657000000000004,-0.153,38.913,0.085,28.475,10.44071300247258,3.0883782358979834,11.145315025533543,98.0,30,14.212000000000002
50,0.085,32.487,-0.289,39.389,-0.323,28.339,11.050052307568505,3.1712829558207445,11.969611272007636,100.0,30,14.212000000000002
51,-0.017,32.963,-0.017,38.641000000000005,-0.561,28.747000000000003,9.908944040613008,3.022146151720428,10.68714650238917,102.0,30,14.212000000000002
52,-0.119,32.81,0.765,37.995000000000005,-0.527,28.611,9.47252447872266,2.743271606756017,10.90871143539834,104.0,30,14.212000000000002
53,0.119,33.133,0.561,38.879000000000005,-0.425,28.611,10.315232425883575,2.995904812855847,11.380930271589516,106.0,30,14.212000000000002
54,0.391,32.589000000000006,0.357,38.641000000000005,0.629,28.101000000000003,10.5435090932763,3.1282019694369807,11.213690929008072,108.0,30,14.212000000000002
55,-0.051,32.861000000000004,-0.391,40.919,-0.017,27.999,12.9254120243805,3.5341801336931464,13.221926670524162,110.0,30,14.212000000000002
56,0.153,33.507000000000005,-0.289,39.933,0.085,28.577,11.362157013525206,3.302538838613697,11.819239142449067,112.0,30,14.212000000000002
57,0.357,33.371,0.629,37.791,-0.391,29.461,8.39221663209429,2.507741492034254,10.217916973243652,114.0,30,14.212000000000002
58,0.255,33.133,-0.493,38.743,-0.493,29.903,8.84,2.64029142514204,10.214597173955568,116.0,30,14.212000000000002
59,0.085,33.813,-0.493,39.729000000000006,-0.5950000000000001,29.359,10.370501627211675,3.003331048877124,11.02817880649589,118.0,30,14.212000000000002
60,-0.221,33.881,-0.289,36.397000000000006,-0.5950000000000001,29.869000000000003,6.53516793969367,2.35439223080023,7.580360745454907,120.0,30,14.212000000000002
61,-0.017,35.139,0.799,36.873000000000005,-0.493,32.453,4.604960803307668,1.2622865006023614,4.996912504214349,122.0,30,14.212000000000002
62,0.051,36.159000000000006,-0.153,40.137,-0.5950000000000001,32.453,7.696701891069967,2.171233559378988,8.646805096834951,124.0,30,14.212000000000002
63,-0.119,36.329,-1.207,41.837,-0.5950000000000001,31.943,9.912909764544416,2.822866309196278,10.979094044620572,126.0,30,14.212000000000002
64,-0.187,36.703,-0.561,42.279,-0.187,32.419000000000004,9.867090553957636,2.792815488395644,10.941035182319398,128.0,30,14.212000000000002
65,0.323,36.465,0.799,42.891000000000005,0.901,32.079,10.812481121370803,2.935773519552915,11.541521081593288,130.0,30,14.212000000000002
66,-0.289,36.091,0.901,42.347,0.561,32.317,10.035761057338902,3.1519708338557244,11.131712318962492,132.0,30,14.212000000000002
67,-0.187,36.125,-0.459,38.165000000000006,0.255,33.643,4.57802140667778,2.288225452084042,4.895721285067946,134.0,30,14.212000000000002
68,-0.323,36.907,0.8670000000000001,43.367,-0.255,32.963,10.464325109628428,2.943956325331292,11.294160100018688,136.0,30,14.212000000000002
69,-0.289,37.655,0.561,42.959,-0.425,32.725,10.281388622165784,3.086320917265058,12.17477302066285,138.0,30,14.212000000000002
70,-0.119,40.851000000000006,0.221,41.701,0.799,36.601,5.132648828821236,2.1593832277199487,10.886887503267756,140.0,30,14.212000000000002
71,-0.289,40.885000000000005,0.289,43.809000000000005,0.5950000000000001,36.669,7.146554134686171,2.696281646357887,11.61100342286335,142.0,30,14.212000000000002
72,-0.153,40.137,-0.391,46.257000000000005,0.561,35.581,10.71836181512828,3.1119684228471387,11.860655035776697,144.0,30,14.212000000000002
73,-0.527,40.120000000000005,-0.561,46.121,0.935,36.023,10.208213359839224,2.9370908647978275,11.191044815903476,146.0,30,14.212000000000002
74,-0.221,40.919,-0.6970000000000001,44.965,-0.323,37.111,7.862899719569111,2.4821377841897294,10.18925285117788,148.0,30,14.212000000000002
75,-0.187,40.341,-0.459,46.801,-0.017,36.057,10.753087928590558,3.07372578541029,11.202827690732342,150.0,30,14.212000000000002
76,-0.187,40.103,-0.085,44.625,-0.085,36.159000000000006,8.466000000000001,2.545409940165358,10.559460018472508,152.0,30,14.212000000000002
77,0.459,41.259,-1.0710000000000002,42.347,0.663,37.859,4.811330377348868,1.4097012600044383,,154.0,30,14.212000000000002
78,-0.051,41.888000000000005,-0.221,45.747,0.153,38.131,7.625177506130596,2.3047085984725104,11.263727317399796,156.0,30,14.212000000000002
79,-0.323,41.157,-0.629,47.923,0.391,37.281000000000006,10.690770037747516,3.040837797370846,11.53064591900958,158.0,30,14.212000000000002
80,-0.323,42.007000000000005,-0.459,47.719,0.799,37.519000000000005,10.277283882427302,2.984424794027856,11.4585158535487,160.0,30,14.212000000000002
81,-0.425,41.395,0.153,47.651,0.663,37.553,10.110870585661752,2.8617631651334885,11.04263971808743,162.0,30,14.212000000000002
82,-0.255,41.293000000000006,-0.425,47.719,0.357,36.975,10.772421269148364,3.0613805959132727,11.657920879574306,164.0,30,14.212000000000002
83,-0.357,41.293000000000006,-0.425,47.685,0.221,36.975,10.729464851519856,3.1494275407317325,11.800054979624822,166.0,30,14.212000000000002
84,-0.391,41.497,-0.255,47.617,0.357,36.907,10.72747146349036,3.1116561167392245,11.92863099990531,168.0,30,14.212000000000002
85,-0.289,41.174,0.629,43.367,0.935,37.995000000000005,5.380708131835438,1.943827632191152,9.176111554893511,170.0,30,14.212000000000002
86,0.289,40.783,-0.8670000000000001,44.353,0.663,37.961000000000006,6.572561448932982,1.9480042286227224,9.4950704881344,172.0,30,14.212000000000002
87,0.629,41.021,-0.561,45.305,-0.5950000000000001,37.553,7.752074561044934,2.75703848837065,11.397211828072727,174.0,30,14.212000000000002
88,0.5950000000000001,40.443000000000005,1.411,47.617,-0.5950000000000001,36.295,11.498335531719365,3.213953788206556,12.130449927739775,176.0,30,14.212000000000002
89,-0.051,41.157,-1.751,47.073,-0.255,36.839000000000006,10.342764233994702,2.864163729025746,12.023247334279684,178.0,30,14.212000000000002
90,-0.119,41.565000000000005,-1.003,47.685,0.765,36.941,10.888496682278966,3.038573791715651,12.204375738103806,180.0,30,14.212000000000002
91,-0.255,41.701,0.8670000000000001,47.923,0.8330000000000001,37.961000000000006,9.962058020308858,2.728178062894199,11.04379595296039,182.0,30,14.212000000000002
92,0.119,41.327000000000005,1.173,46.631,-0.153,37.213,9.51088849687557,2.606699331872657,11.701690609635063,184.0,30,14.212000000000002
93,0.153,41.293000000000006,0.017,45.849,-0.085,36.329,9.520546412890388,3.3400356344307194,9.976017606171254,186.0,30,14.212000000000002
94,-0.289,41.157,0.799,46.801,-0.289,37.179,9.683316993675255,2.709318622325263,10.653934568877492,188.0,30,14.212000000000002
95,-0.119,41.021,0.153,45.577000000000005,-0.663,36.737,8.87758165267997,2.6806613669086543,10.754844211513516,190.0,30,14.212000000000002
96,0.051,40.375,-1.683,44.319,-0.289,36.397000000000006,8.043713072953311,2.283343926145164,10.247544827634773,192.0,30,14.212000000000002
97,-0.017,40.681,-1.853,44.795,-0.221,37.043,7.921927038290621,2.042694947895838,10.174828365187848,194.0,30,14.212000000000002
98,-0.187,40.851000000000006,-1.887,45.679,0.8330000000000001,36.261,9.802914056544616,2.9426506046587217,11.844998796891542,196.0,30,14.212000000000002
99,0.323,40.171,-0.051,45.033,0.969,36.057,9.03376864879769,2.5035838124757293,11.069507289066433,198.0,30,14.212000000000002
100,0.425,40.239,1.105,45.033,0.799,36.091,8.947234209519722,2.3392646885799384,11.207907292861249,200.0,30,14.212000000000002
101,0.527,40.103,1.207,46.835,-0.425,35.377,11.57364195057027,3.1923936124418324,12.411161066171116,202.0,30,14.212000000000002
102,0.5950000000000001,40.545,1.377,45.679,0.7310000000000001,36.839000000000006,8.86357241748495,2.575663088910563,9.702511912333804,204.0,30,14.212000000000002
103,-0.289,40.953,-0.7310000000000001,43.401,-0.663,37.043,6.358363625965411,1.79061277735956,10.164355594460403,206.0,30,14.212000000000002
104,0.289,41.259,-2.975,46.733,-0.629,37.315000000000005,9.705794145766744,3.0035409497281376,11.63857601227892,208.0,30,14.212000000000002
105,0.153,41.463,-2.669,45.98500000000001,-0.629,37.757000000000005,8.477121209467281,2.381224500184668,10.980579064062816,210.0,30,14.212000000000002
106,0.391,41.191,-2.2270000000000003,45.475,-0.629,37.451,8.181575642869777,2.570450067405813,10.642949813138555,212.0,30,14.212000000000002
107,0.493,41.531000000000006,-3.281,46.665000000000006,-0.289,36.975,10.141408383454442,3.092485526437083,12.516414501680224,214.0,30,14.212000000000002
108,-0.187,40.511,-1.173,46.087,-0.289,36.465,9.662522444993336,2.716065182659628,10.898270102099884,216.0,30,14.212000000000002
109,0.255,40.885000000000005,-0.561,44.829,-0.561,36.873000000000005,7.956,2.9026059549416567,11.319214324746312,218.0,30,14.212000000000002
110,0.153,40.783,-1.173,43.061,0.289,36.873000000000005,6.358363625965411,1.9784620565173388,9.499542372433456,220.0,30,14.212000000000002
111,-0.289,41.021,-3.111,46.053,0.017,36.499,10.053024420541313,2.929174877885218,10.862636518666356,222.0,30,14.212000000000002
112,0.289,41.157,-2.7030000000000003,44.251000000000005,-0.153,36.329,8.32229439517733,2.852996818030324,12.194307251182144,224.0,30,14.212000000000002
113,0.255,40.443000000000005,-1.207,45.407,-0.663,35.853,9.569475011723474,2.8762133365835627,11.468642680577114,226.0,30,14.212000000000002
114,0.085,40.783,-0.187,42.993,-0.289,36.805,6.188840602245302,2.1861051180566458,10.25990448457568,228.0,30,14.212000000000002
115,0.051,39.559000000000005,2.7030000000000003,45.747,-0.459,35.173,11.036653478296762,3.2500706287917547,12.080333982122202,230.0,30,14.212000000000002
116,0.425,38.471,2.193,44.795,-0.629,34.493,10.681520865494765,2.828012512872531,11.411444637092766,232.0,30,14.212000000000002
117,-0.153,38.913,0.561,41.259,-0.663,35.853,5.542834293030959,1.812109235705128,8.041748991897412,234.0,30,14.212000000000002
118,0.425,40.069,1.139,42.619,0.8330000000000001,36.227,6.399320276404362,2.2748058238036672,10.403959498001685,236.0,30,14.212000000000002
119,-0.493,39.661,0.153,45.169,0.629,35.615,9.565850301985703,2.905982174963853,11.418962328857177,238.0,30,14.212000000000002
120,-0.119,40.171,-0.119,45.849,0.7310000000000001,36.091,9.794950944236524,2.7746271084163863,10.826406260446497,240.0,30,14.212000000000002
121,-0.085,40.647000000000006,1.445,43.197,0.187,37.145,6.1813645742667545,2.024583660727102,9.618928679193036,242.0,30,14.212000000000002
122,-0.085,40.613,2.397,43.027,0.935,36.635000000000005,6.557065502189223,2.409571690479755,10.85638952088085,244.0,30,14.212000000000002
123,0.085,40.171,,,,,6.557065502189223,2.0444321421349807,,246.0,30,14.212000000000002
124,0.017,39.899,1.105,45.169,0.663,35.921,9.258556474958718,2.704706192050462,9.947509296721456,248.0,30,14.212000000000002
125,0.187,39.831,2.499,44.557,0.799,35.479,9.23580445873558,2.793143837957892,10.265924375733457,250.0,30,14.212000000000002
126,0.221,40.035,1.717,46.019000000000005,-0.5950000000000001,35.683,10.591422945006022,3.043693663437358,11.292584980337317,252.0,30,14.212000000000002
127,-0.255,40.137,0.7310000000000001,44.965,-0.391,36.397000000000006,8.641152006532462,2.5735820185443785,10.29401983656586,254.0,30,14.212000000000002
128,0.255,40.953,1.3090000000000002,44.999,0.6970000000000001,37.417,7.606659450770753,2.5347936553427783,10.127261529388552,256.0,30,14.212000000000002
129,0.17,40.341,1.887,45.441,-0.255,35.989000000000004,9.691670031527076,3.1105284823513006,12.017076962255931,258.0,30,14.212000000000002
130,0.017,39.746,0.629,43.401,0.8330000000000001,36.193000000000005,7.210886214606358,2.199303191929574,9.492052182812165,260.0,30,14.212000000000002
131,-0.017,39.661,2.5330000000000004,44.591,0.561,35.445,9.356179775955573,3.058420821487686,10.70355067982346,262.0,30,14.212000000000002
132,0.255,39.083000000000006,-0.051,43.163,-0.493,37.179,6.000301659083484,1.903969387509009,6.920493401860503,264.0,30,14.212000000000002
133,-0.221,39.457,0.119,44.353,-0.493,35.139,9.234302355890238,2.576356091675045,11.544545755561815,266.0,30,14.212000000000002
134,0.221,38.743,-2.091,45.679,-0.5950000000000001,34.289,11.487824685291816,3.27835014332756,12.584314427946143,268.0,30,14.212000000000002
135,-0.119,38.981,2.023,43.469,0.051,34.289,9.389418725352492,2.916798583279353,11.663615155069444,270.0,30,14.212000000000002
136,-0.085,37.961000000000006,2.125,44.931,-0.629,33.507000000000005,11.751267676297736,3.0622144806097205,12.388055980888607,272.0,30,14.212000000000002
137,0.017,38.539,1.275,44.999,0.425,33.983000000000004,11.048744544064723,3.0686319947738268,12.012232316739336,274.0,30,14.212000000000002
138,0.017,38.335,2.363,43.061,-0.255,34.221000000000004,9.219518642532266,2.753173042843374,11.230505357297105,276.0,30,14.212000000000002
139,0.221,38.267,1.751,43.673,0.187,34.357,9.44637242543401,2.7240684981360057,10.711905067932811,278.0,30,14.212000000000002
140,-0.017,38.403000000000006,0.221,44.795,-0.459,34.425000000000004,10.39227116659299,2.994873732664397,11.37538062975798,280.0,30,14.212000000000002
141,0.153,38.641000000000005,-0.187,44.455000000000005,-0.629,34.527,9.937834170482017,2.9213055270943387,11.648504431763085,282.0,30,14.212000000000002
142,0.255,38.777,0.969,43.469,-0.629,34.765,8.849475690683603,2.465522140964024,10.920020069207997,284.0,30,14.212000000000002
143,-0.153,38.097,1.003,44.795,0.5950000000000001,34.187000000000005,10.615843254306272,3.0771120519629656,11.49611145495864,286.0,30,14.212000000000002
144,0.085,38.454,0.561,44.557,0.5950000000000001,33.915,10.642054312960443,2.902851553823273,11.094095536583335,288.0,30,14.212000000000002
145,-0.153,38.301,2.2950000000000004,43.435,0.119,34.221000000000004,9.467458581900424,2.813537985775667,10.334121615150528,290.0,30,14.212000000000002
146,0.051,38.233,2.2270000000000003,43.367,0.289,34.153000000000006,9.415606193973918,2.8136606901974304,10.692644500172038,292.0,30,14.212000000000002
147,0.391,38.641000000000005,0.391,44.115,-0.255,34.187000000000005,9.948994924111682,2.653142068222291,10.874695857208806,294.0,30,14.212000000000002
148,0.425,37.961000000000006,0.221,44.897000000000006,-0.493,34.187000000000005,10.733773614158258,3.0821858898028376,11.615503542572888,296.0,30,14.212000000000002
149,-0.051,37.179,0.8670000000000001,43.571000000000005,-0.255,33.337,10.295321267449598,2.941061247283703,11.079134257233326,298.0,30,14.212000000000002
150,-0.051,37.621,1.479,43.367,-0.255,32.997,10.513974319922983,2.901947145695673,11.238816871233634,300.0,30,14.212000000000002
151,-0.017,36.737,-0.629,40.511,-0.561,33.541000000000004,6.970331699424354,1.9863660015626303,9.144063635085397,302.0,30,14.212000000000002
152,0.391,36.278000000000006,-0.357,43.639,0.153,31.807,11.842986278806542,3.322400829037612,12.30320257692617,304.0,30,14.212000000000002
153,0.119,36.465,0.255,43.945,0.5950000000000001,31.399,12.550606200498844,3.354546395066164,12.958498138918683,306.0,30,14.212000000000002
154,0.289,36.227,0.153,42.517,-0.5950000000000001,32.419000000000004,10.125665805269302,2.8562693853306054,10.94778892572313,308.0,30,14.212000000000002
155,0.085,36.567,-0.901,41.803,0.051,32.487,9.364516004578132,2.657506935820208,10.2007091696863,310.0,30,14.212000000000002
156,0.051,36.737,-0.323,41.361,0.7310000000000001,32.419000000000004,9.003903597884642,2.4269223789330616,11.302552404266558,312.0,30,14.212000000000002
157,0.391,36.499,-0.119,42.041,0.221,31.739,10.307609034106797,2.938351261625734,11.027335640903631,314.0,30,14.212000000000002
158,0.391,35.853,0.901,41.293000000000006,-0.391,31.603,9.775753883972326,2.6931771020222834,11.731449395091436,316.0,30,14.212000000000002
159,0.459,35.105000000000004,0.6970000000000001,41.225,0.8330000000000001,30.549000000000003,10.676866206897978,3.0247453888030686,11.588102577544252,318.0,30,14.212000000000002
160,0.255,34.425000000000004,0.799,41.667,0.459,29.971000000000004,11.700940816874516,3.4763090354063437,12.172452653826856,320.0,30,14.212000000000002
161,0.051,33.983000000000004,-0.493,40.613,0.6970000000000001,28.985000000000003,11.688733207666262,3.2197242859356154,12.37749560610612,322.0,30,14.212000000000002
162,0.221,34.085,-0.323,40.069,0.323,29.665000000000003,10.424036262408148,3.0245753437950094,11.154255365892404,324.0,30,14.212000000000002
163,0.136,34.935,-0.051,40.613,-0.561,30.481,10.144827450479385,2.770427543437565,11.655821008995929,326.0,30,14.212000000000002
164,0.051,34.357,0.051,41.327000000000005,0.085,29.767000000000003,11.56004999989187,3.192964568289953,12.099990558050552,328.0,30,14.212000000000002
165,0.119,34.323,0.119,41.055,0.051,30.685,10.370222948423049,2.943309728044744,11.208305604836346,330.0,30,14.212000000000002
166,0.425,34.527,-0.153,39.049,-0.255,31.127,7.922656625147906,2.3969269338864803,8.660700426527104,332.0,30,14.212000000000002
167,0.289,34.323,-0.187,40.919,-0.017,29.869000000000003,11.051307614938606,3.005840185600184,11.387016942204944,334.0,30,14.212000000000002
168,0.425,34.051,0.153,40.919,-0.153,30.209000000000003,10.7143705368071,2.928565956777534,11.225416063762728,336.0,30,14.212000000000002
169,0.357,34.221000000000004,-0.119,40.409000000000006,-0.289,29.359,11.051307614938606,3.065277108386153,11.522751787583124,338.0,30,14.212000000000002
170,0.425,34.119,-0.085,40.443000000000005,-0.221,29.495,10.94884468791114,3.165884564518004,11.409695704592467,340.0,30,14.212000000000002
171,0.051,33.915,-0.153,39.967000000000006,0.8330000000000001,30.107000000000003,9.9091773624252,2.864607327545952,10.547056152971429,342.0,30,14.212000000000002
172,0.153,33.949000000000005,0.459,40.749,0.8330000000000001,29.223000000000003,11.532066250243275,3.278338825516788,12.22709135245739,344.0,30,14.212000000000002
173,0.119,34.629000000000005,0.153,40.409000000000006,0.935,30.991000000000003,9.45040993819845,2.6869001213510044,10.321050923576076,346.0,30,14.212000000000002
174,0.187,35.598000000000006,0.459,40.307,-0.5950000000000001,31.229000000000003,9.138982437886618,2.848943355770245,11.165487000224983,348.0,30,14.212000000000002
175,0.153,33.949000000000005,0.629,41.191,0.425,30.005000000000003,11.187860027726485,3.2644476560044104,11.771323867977738,350.0,30,14.212000000000002
176,0.5950000000000001,33.643,0.561,39.117,0.357,29.495,9.62416230120835,2.8087060471828327,11.472215401736138,352.0,30,14.212000000000002
177,0.153,32.657000000000004,-0.289,38.981,0.663,28.747000000000003,10.278183691684053,2.9582962114848885,11.094758708724406,354.0,30,14.212000000000002
178,0.255,32.963,0.221,41.157,0.799,27.931,13.238623795546124,3.553118057657904,13.87629296542617,356.0,30,14.212000000000002
179,-0.051,32.725,0.357,41.089000000000006,0.561,27.659,13.431549277726678,3.6984380138655606,13.897658075230575,358.0,30,14.212000000000002
180,0.085,33.371,0.255,39.797,0.391,29.189000000000004,10.608871759051478,3.39207685211131,11.536973333894942,360.0,30,14.212000000000002
181,-0.051,34.085,0.7310000000000001,37.451,0.357,30.991000000000003,6.470817259048505,2.106933911983873,9.343667643660904,362.0,30,14.212000000000002
182,-0.187,33.575,-0.119,40.409000000000006,-0.5950000000000001,29.223000000000003,11.196123078994802,3.3569948570540795,12.000638399737555,364.0,30,14.212000000000002
183,0.153,32.385000000000005,0.323,38.981,-0.5950000000000001,28.645000000000003,10.376686368971551,3.27598917548915,11.383901473554566,366.0,30,14.212000000000002
184,0.255,31.807,-0.629,37.553,-0.663,27.489,10.06405743226856,2.751111124209832,11.228919339433862,368.0,30,14.212000000000002
185,0.017,32.011,0.5950000000000001,38.505,-0.085,26.707,11.817580293782653,3.5825915965895088,13.248156788276289,370.0,30,14.212000000000002
186,-0.085,30.923,-0.187,37.519000000000005,0.391,25.959000000000003,11.574440980021452,3.408513311087303,11.928199670083428,372.0,30,14.212000000000002
187,0.051,30.277,0.017,37.995000000000005,0.119,25.891,12.10442976765118,3.4543585275153377,12.913486090806408,374.0,30,14.212000000000002
188,0.085,31.161,0.187,37.485,0.561,26.571,10.920406219550626,3.420727941893759,11.30299260796413,376.0,30,14.212000000000002
189,0.017,30.413000000000004,-0.459,33.983000000000004,0.119,26.605,7.400605921139161,2.9270529396292795,7.659282129861959,378.0,30,14.212000000000002
190,0.221,30.379,-0.6970000000000001,35.717000000000006,0.8330000000000001,26.503000000000004,9.340165737287537,2.935354739217229,9.760682080786278,380.0,30,14.212000000000002
191,0.153,30.651000000000003,0.527,37.927,-0.017,26.265,11.674681151962996,3.311236254265225,12.528608000222263,382.0,30,14.212000000000002
192,0.017,31.059,-0.527,38.709,-0.459,26.027,12.682182304319712,3.714154612455125,13.044515446887852,384.0,30,14.212000000000002
193,-0.119,31.127,-0.561,37.689,-0.255,26.809,10.884302274376616,3.0375154603627434,11.40424977617734,386.0,30,14.212000000000002
194,-0.085,31.501,-0.629,37.859,-0.425,27.421000000000003,10.439993295017006,2.8571769354723906,11.075971273607726,388.0,30,14.212000000000002
195,0.153,31.569000000000003,0.017,37.179,-0.051,28.373,8.806262544348767,2.7932656679750774,10.413875536552313,390.0,30,14.212000000000002
196,-0.153,31.977000000000004,0.017,36.601,0.8670000000000001,27.523000000000003,9.117707167923305,3.022162859021119,11.574532754574982,392.0,30,14.212000000000002
197,0.085,31.331000000000003,0.561,37.485,0.901,27.693,9.797900999703968,2.914548722648471,10.581486113789008,394.0,30,14.212000000000002
198,0.357,30.753000000000004,0.8330000000000001,35.751000000000005,0.8670000000000001,27.251,8.500067999728003,2.50735061232784,9.59429061183262,396.0,30,14.212000000000002
199,-0.187,29.461,0.765,36.329,0.221,24.905,11.43694504664598,3.343923717132795,12.06330756773058,398.0,30,14.212000000000002
200,0.255,28.373,0.289,34.765,-0.255,24.531,10.248448272787446,2.8907334241771885,10.725761515592414,400.0,30,14.212000000000002
201,0.255,27.421000000000003,0.187,33.065000000000005,0.323,22.865,10.200906626373952,2.909912878930049,11.511100897297572,402.0,30,14.212000000000002
202,0.221,26.707,0.6970000000000001,33.031000000000006,-0.5950000000000001,22.117,10.990207459370366,3.084571435728226,12.470306205117078,404.0,30,14.212000000000002
203,0.425,25.789,0.527,32.623000000000005,-0.561,21.709000000000003,10.968096462011994,3.293151293302904,11.441214018459409,406.0,30,14.212000000000002
204,-0.085,25.483,0.8670000000000001,31.535000000000004,0.799,21.267000000000003,10.268225163094156,3.05048819091916,11.57438716561859,408.0,30,14.212000000000002
205,-0.017,24.395000000000003,0.8330000000000001,31.501,0.7310000000000001,20.043000000000003,11.458453996940426,3.19618120666696,12.097158961182174,410.0,30,14.212000000000002
206,0.153,23.579,0.561,30.617,-0.561,18.751,11.91892780412735,3.204999827449932,12.7256817478998,412.0,30,14.212000000000002
207,-0.289,23.443,0.425,29.393,0.119,18.207,11.19018462761004,3.0633895627707965,12.19397140558653,414.0,30,14.212000000000002
208,0.187,22.831000000000003,0.527,26.129,0.289,19.295,6.838143022780382,2.1972445843137,8.76282967310919,416.0,30,14.212000000000002
209,0.425,20.893,-0.527,26.435,-0.391,17.289,9.147011096527653,3.1184119384433377,10.017023292608908,418.0,30,14.212000000000002
210,0.459,20.553,-0.051,27.081000000000003,-0.459,17.255000000000003,9.834466940307442,2.9271882424586466,10.562596416578394,420.0,30,14.212000000000002
211,0.323,20.213,-0.255,26.163,-0.561,16.983,9.185098584119826,2.6793504529800742,10.62039778444674,422.0,30,14.212000000000002
212,0.459,20.009,0.221,25.721,-0.527,16.133000000000003,9.61713304472804,2.774824867204706,10.894217664201385,424.0,30,14.212000000000002
213,0.119,19.193,-0.493,24.803,-0.561,15.419,9.384246373577373,2.627406994386792,10.475251941237326,426.0,30,14.212000000000002
214,-0.187,19.261000000000003,-0.561,24.327,-0.051,14.637,9.703411771124628,2.683153649064073,11.24832780412349,428.0,30,14.212000000000002
215,-0.255,18.309,-0.289,25.143,-0.255,13.821000000000002,11.322051050935958,3.063846611007528,11.85941979776543,430.0,30,14.212000000000002
216,0.085,17.986,0.561,24.905,0.459,13.991,10.914476625106676,3.066770339212765,11.557251358361135,432.0,30,14.212000000000002
217,-0.051,18.411,0.051,26.197000000000003,-0.221,13.549,12.650924393102663,3.654449999438381,13.135506222574488,434.0,30,14.212000000000002
218,0.527,18.479000000000003,-0.5950000000000001,24.769,-0.527,15.079,9.690238593553824,2.857381772521725,10.546597508821058,436.0,30,14.212000000000002
219,0.425,17.663,0.799,23.443,-0.425,14.331,9.193841416948633,2.8455084942368054,10.05223046899462,438.0,30,14.212000000000002
220,0.255,17.119,-0.561,23.579,0.051,13.005,10.59169580378893,2.9263971254737715,11.396923771025754,440.0,30,14.212000000000002
221,0.493,17.289,-0.221,22.695,0.289,13.311000000000002,9.397848477178169,2.820700983060302,10.495103334435262,442.0,30,14.212000000000002
222,0.085,17.119,0.425,23.851000000000003,0.5950000000000001,12.971,10.881328043947578,3.205862588546041,11.6477417714228,444.0,30,14.212000000000002
223,0.017,17.323,0.425,24.157,0.119,12.767,11.394109706335112,3.413077236817693,11.814777234507654,446.0,30,14.212000000000002
224,0.289,17.425,0.8670000000000001,22.661,0.8670000000000001,13.923000000000002,8.738000000000001,2.564731422921379,9.869411293302708,448.0,30,14.212000000000002
225,-0.017,15.657000000000002,0.7310000000000001,18.241,0.969,12.665,5.5810769570039085,1.86422601368274,6.967519102395247,450.0,30,14.212000000000002
226,0.017,16.133000000000003,-0.119,19.567,0.935,13.447,6.210097905830471,1.7900226436301254,6.925697058923883,452.0,30,14.212000000000002
227,0.153,15.555,-0.289,22.763,-0.561,11.441,11.32526679597439,3.0807408013174085,12.235455144182616,454.0,30,14.212000000000002
228,0.255,15.283,-0.5950000000000001,20.893,0.5950000000000001,11.407,9.560350202790692,2.8872658489942458,9.885809706381444,456.0,30,14.212000000000002
229,-0.119,14.807,0.289,22.457,0.289,10.931,11.526000000000002,3.415868264636853,12.00751022767484,458.0,30,14.212000000000002
230,0.187,14.195,0.5950000000000001,19.295,-0.017,11.271,8.047305138989078,2.4861179368507726,8.887119794703196,460.0,30,14.212000000000002
231,-0.017,14.977,-0.527,19.057,0.153,10.217,8.866115271075602,2.7686642357568783,11.47274614217323,462.0,30,14.212000000000002
232,-0.119,13.260000000000002,0.289,20.451,0.7310000000000001,9.911,10.549263670986711,3.0605203216159813,11.658365759025015,464.0,30,14.212000000000002
233,0.187,13.175,0.493,19.397,0.459,8.585,10.812053458987336,3.102382165924804,11.263888728845505,466.0,30,14.212000000000002
234,0.085,13.617,0.629,19.805,-0.085,9.265,10.564156189682166,3.2466514553695687,11.091339682836262,468.0,30,14.212000000000002
235,0.255,12.971,0.799,19.159,0.221,9.809,9.36784841892737,2.5879400270325608,10.321376032803975,470.0,30,14.212000000000002
236,0.085,12.563,0.799,18.547,0.493,8.211,10.340528613180275,2.9709297876983207,11.120971788490667,472.0,30,14.212000000000002
237,-0.255,12.631,0.119,17.119,0.323,8.891,8.23052853709894,2.516627981728296,9.863466870849756,474.0,30,14.212000000000002
238,0.153,11.441,-0.459,13.515,0.561,8.959000000000001,4.668783139105949,2.1155514545466705,5.015589961531805,476.0,30,14.212000000000002
239,-0.187,11.543,-0.5950000000000001,16.303,0.493,7.939000000000001,8.43446738093165,2.5869666108925427,10.08171672388358,478.0,30,14.212000000000002
240,0.323,10.455,0.255,16.949,-0.561,6.545000000000001,10.43595093894179,2.993375127855907,10.948079538022656,480.0,30,14.212000000000002
241,0.221,9.503,-0.187,15.929,-0.527,6.103000000000001,9.831880593253764,2.8033556012848746,10.59084965889902,482.0,30,14.212000000000002
242,-0.119,8.483,0.629,13.685,-0.527,4.913,8.847842674912343,2.5063704495512,10.460930469115423,484.0,30,14.212000000000002
243,-0.153,7.973000000000001,0.901,13.719,-0.357,3.995,9.8050364609215,2.6193206384206404,10.854479099391057,486.0,30,14.212000000000002
244,-0.051,7.191000000000001,-0.051,13.923000000000002,-0.357,3.281,10.6463984520588,3.045865473508302,11.078809841910417,488.0,30,14.212000000000002
245,0.017,6.273000000000001,0.799,12.019,0.901,2.057,9.96252217061523,2.7479597563838114,11.097239977864623,490.0,30,14.212000000000002
246,-0.051,5.593,0.289,11.067,0.901,1.989,9.098605827268264,2.611825539749945,10.458783561615904,492.0,30,14.212000000000002
247,0.085,5.015000000000001,0.425,10.693,0.901,1.683,9.022564823818112,2.5377127744358603,10.269094704601612,494.0,30,14.212000000000002
248,-0.255,4.4030000000000005,0.527,9.741,0.765,1.6150000000000002,8.129484608509939,2.3620061038661726,9.473682868481008,496.0,30,14.212000000000002
249,-0.255,3.757,-0.051,10.829,0.493,-0.493,11.335061534901344,3.155161995679945,12.274983734971483,498.0,30,14.212000000000002
250,-0.187,3.995,0.085,10.999,-0.357,0.323,10.685145764096998,2.96698623112988,11.333896057400096,500.0,30,14.212000000000002
251,0.357,3.111,-0.017,10.115,-0.5950000000000001,-0.391,10.521887663342545,3.193683840698887,11.693223668418543,502.0,30,14.212000000000002
252,0.289,3.451,0.221,10.387,-0.323,-0.119,10.52007471456358,3.0669445575902423,11.510793509446236,504.0,30,14.212000000000002
253,0.425,2.261,-0.663,6.205,-0.663,-0.357,6.562,1.960728456041015,8.98796750254485,506.0,30,14.212000000000002
254,0.357,2.2950000000000004,-0.663,7.565,-0.051,-1.0710000000000002,8.657657881898546,2.4443438400261264,9.566205239238643,508.0,30,14.212000000000002
255,0.255,1.683,0.289,7.531000000000001,0.085,-1.751,9.284241487596065,2.748496183065824,9.70787733942318,510.0,30,14.212000000000002
256,-0.017,1.887,0.629,6.987,0.5950000000000001,-1.5810000000000002,8.568067460051887,2.500490018767505,9.566965252505588,512.0,30,14.212000000000002
257,-0.119,1.3430000000000002,-0.323,3.757,-0.561,-2.397,6.158600490371168,2.194985650050175,9.547791292508572,514.0,30,14.212000000000002
258,0.221,0.561,-0.357,2.9410000000000003,0.663,-1.513,4.569301478344365,2.0387895135186618,4.957206112557741,516.0,30,14.212000000000002
259,-0.357,0.935,0.425,6.4430000000000005,-0.527,-2.669,9.161596367446014,2.572509958248626,9.965918600748504,518.0,30,14.212000000000002
260,-0.289,1.105,0.5950000000000001,7.497000000000001,-0.527,-2.873,10.430521751091842,2.913656944821596,10.819853289826458,520.0,30,14.212000000000002
261,0.051,1.037,-0.357,6.851000000000001,-0.323,-3.3150000000000004,10.1660568560283,2.796027888232524,10.89632751202328,522.0,30,14.212000000000002
262,-0.085,1.0710000000000002,-0.017,7.905,-0.663,-2.805,10.729464851519856,3.1297996915619835,11.431120115038084,524.0,30,14.212000000000002
263,-0.017,0.6970000000000001,-0.323,7.123,0.119,-2.975,10.10766877177918,2.8218903020233723,10.986096438374368,526.0,30,14.212000000000002
264,0.323,0.765,-0.561,6.885000000000001,0.289,-3.281,10.201473226941294,3.1768940033547683,10.688048931547462,528.0,30,14.212000000000002
265,0.051,0.425,0.153,6.9190000000000005,0.255,-2.7710000000000004,9.690536827235116,2.767577329323815,10.380126361039553,530.0,30,14.212000000000002
266,0.459,0.153,0.085,7.735,-0.357,-3.893,11.636397552507391,3.282047224230277,12.417742436399347,532.0,30,14.212000000000002
267,0.527,0.085,-0.187,6.069000000000001,0.629,-4.063000000000001,10.164805949943169,2.8356978629892606,10.858604795292246,534.0,30,14.212000000000002
268,0.357,0.119,0.629,5.9670000000000005,0.119,-4.063000000000001,10.042957731664512,2.779533741510191,11.199545530294046,536.0,30,14.212000000000002
269,0.085,-0.289,0.493,4.573,0.289,-3.995,8.570428227340802,2.553226352651487,9.547822326972078,538.0,30,14.212000000000002
270,0.119,-1.3090000000000002,-0.425,5.9670000000000005,-0.425,-5.389,11.356000000000002,3.379355722845409,12.251527431488,540.0,30,14.212000000000002
271,0.357,-1.003,0.425,3.587,-0.153,-4.335,7.943057849468302,2.3206331728676552,9.806378573452765,542.0,30,14.212000000000002
272,0.561,-1.139,0.289,3.927000000000001,0.8330000000000001,-5.219,9.162164154827176,2.4579015482275164,10.568998883132885,544.0,30,14.212000000000002
273,0.493,-1.037,0.187,5.899,0.5950000000000001,-5.287000000000001,11.19343825640719,3.181131184846594,11.915662778010544,546.0,30,14.212000000000002
274,0.459,-0.629,0.5950000000000001,4.029,-0.153,-4.335,8.397380543955359,2.413930499440148,10.039929302168373,548.0,30,14.212000000000002
275,0.459,-0.901,-0.391,5.015000000000001,-0.391,-4.029,9.044,2.62876314746042,10.141572344276932,550.0,30,14.212000000000002
276,0.187,-0.7310000000000001,0.935,5.287000000000001,0.901,-4.301,9.58806028349843,2.66260958432515,10.578239518722771,552.0,30,14.212000000000002
277,0.323,-1.3090000000000002,0.153,4.165,0.8670000000000001,-5.219,9.411123843622503,2.722412746619276,10.727217061491933,554.0,30,14.212000000000002
278,0.187,-1.921,-0.051,3.0090000000000003,0.7310000000000001,-4.947,7.994339247242389,2.353423368378728,9.251234733032552,556.0,30,14.212000000000002
279,0.459,-2.329,0.493,4.641,0.493,-6.681,11.322,3.0872689041873467,11.85370075172433,558.0,30,14.212000000000002
280,0.323,-2.193,-0.663,3.689,-0.051,-5.865,9.57358135704711,2.578780786057907,10.269109905259658,560.0,30,14.212000000000002
281,0.391,-2.023,-0.5950000000000001,4.641,0.017,-6.239000000000001,10.897198906140972,3.124343905690544,11.417770283736845,562.0,30,14.212000000000002
282,0.255,-2.584,-0.323,4.097,0.289,-6.511,10.62563918077402,3.0340200035793576,11.570227155853487,564.0,30,14.212000000000002
283,0.323,-2.907,0.289,0.629,0.289,-5.117,5.746,2.4488162055390434,6.133518721371802,566.0,30,14.212000000000002
284,-0.051,-2.261,0.493,3.587,-0.357,-5.627000000000001,9.253123580715869,2.655663753438854,10.405107548825097,568.0,30,14.212000000000002
285,0.493,-3.06,-0.357,1.173,0.085,-6.171,7.357288902850017,2.3387514831636134,8.21465090557197,570.0,30,14.212000000000002
286,0.425,-2.499,-0.561,4.097,0.017,-6.273000000000001,10.386095705316796,3.051998265783987,10.960239438806877,572.0,30,14.212000000000002
287,0.425,-2.601,0.561,1.785,0.459,-6.7490000000000006,8.534609539984826,2.8441270814151047,11.373985477707103,574.0,30,14.212000000000002
288,0.425,-3.5530000000000004,0.017,2.023,0.221,-6.477,8.502447647589488,2.4033588077972032,9.319479883776609,576.0,30,14.212000000000002
289,0.391,-3.2470000000000003,-0.527,2.431,0.493,-6.647,9.13512364448342,2.63475520915897,9.773570570250966,578.0,30,14.212000000000002
290,-0.187,-2.7030000000000003,0.357,3.0770000000000004,0.119,-6.4430000000000005,9.522974535301456,2.696647537825886,9.94353808309626,580.0,30,14.212000000000002
291,-0.289,-3.111,-0.6970000000000001,3.145,0.629,-7.157000000000001,10.38698608837039,2.9742503229869643,10.895019575800305,582.0,30,14.212000000000002
292,0.119,-3.213,0.799,1.819,0.119,-6.375000000000001,8.222167354171283,2.348338893584489,9.308721462463726,584.0,30,14.212000000000002
293,-0.119,-3.451,0.935,3.2470000000000003,0.119,-6.375000000000001,9.656538717366592,2.9398158409638397,10.172404478602724,586.0,30,14.212000000000002
294,-0.153,-4.165,0.085,2.431,0.255,-6.511,8.94361582359171,3.273001270616973,9.7233902173559,588.0,30,14.212000000000002
295,0.153,-3.5530000000000004,0.663,-1.5810000000000002,0.153,-6.477,4.922490832901571,2.2912373092221974,5.211938758001851,590.0,30,14.212000000000002
296,0.187,-3.349,-0.357,-1.445,0.663,-7.157000000000001,5.802356762557781,2.1481056185559444,8.790424719761047,592.0,30,14.212000000000002
297,0.357,-4.539000000000001,-0.187,0.085,0.289,-6.613,6.714892404201277,2.5414390742892654,7.491129426948793,594.0,30,14.212000000000002
298,0.017,-5.627000000000001,-0.051,0.153,0.357,-6.647,6.8122290037842985,2.98526272528249,7.443361666869755,596.0,30,14.212000000000002
299,-0.051,-5.831,-0.527,1.5810000000000002,0.153,-4.913,6.52950503483993,3.63879264933837,6.74087691851413,598.0,30,14.212000000000002
300,0.017,-5.6610000000000005,-0.221,1.275,0.153,-4.777,6.063545167639143,3.461666938552782,6.372739787391009,600.0,30,14.212000000000002
301,-0.153,-5.457000000000001,0.391,-0.153,-0.357,-4.199000000000001,4.11456194509209,3.0401835729172237,4.370557905598847,602.0,30,14.212000000000002
302,-0.187,-5.355,0.629,0.357,-0.357,-4.131,4.595034276259536,3.151294536786784,4.8344191788916895,604.0,30,14.212000000000002
303,0.255,-4.2330000000000005,-0.6970000000000001,-0.8330000000000001,0.153,-6.4430000000000005,5.674028551214737,2.6350400664593465,7.430387861007887,606.0,30,14.212000000000002
304,-0.051,-4.641,0.459,-1.3430000000000002,-0.017,-6.239000000000001,4.919084467662657,2.8869179491964823,6.450268099846107,608.0,30,14.212000000000002
305,-0.221,-5.831,0.085,0.459,0.085,-4.743,5.202,3.1120495646401407,5.784967852095953,610.0,30,14.212000000000002
306,-0.085,-5.933000000000001,0.7310000000000001,-2.601,0.119,-6.477,3.9240183485809546,2.403391370584596,5.413355740841417,612.0,30,14.212000000000002
307,-0.323,-7.463000000000001,-0.017,-7.055000000000001,-0.391,-11.169,4.130965020428036,3.3056214618135065,4.429145794735437,614.0,30,14.212000000000002
308,0.391,-8.653,0.323,-7.565,-0.391,-10.727,3.241610710742424,3.008735228980638,3.675493791260539,616.0,30,14.212000000000002
309,-0.187,-8.143,-0.561,-4.539000000000001,0.5950000000000001,-7.463000000000001,3.1442188219015548,1.9470049960247804,3.945887412567039,618.0,30,14.212000000000002
310,-0.153,-9.673,0.5950000000000001,-8.483,-0.663,-12.495,4.204605570086212,3.39832020206229,4.51368765831677,620.0,30,14.212000000000002
311,-0.017,-9.809,0.527,-8.347000000000001,-0.5950000000000001,-12.325,4.1332031162283815,2.4625640362794496,4.478315261999579,622.0,30,14.212000000000002
312,0.017,-10.489,0.425,-8.177000000000001,-0.5950000000000001,-14.501,6.405729934987894,3.839250728673607,6.729334429540114,624.0,30,14.212000000000002
313,-0.221,-10.557,0.051,-7.735,-0.391,-14.161,6.441183121135434,3.466224004460886,6.707123943034338,626.0,30,14.212000000000002
314,-0.391,-10.761,-0.459,-7.089,-0.085,-14.875000000000002,7.794977357247422,3.485892967703152,8.119256503510874,628.0,30,14.212000000000002
315,-0.357,-10.489,-0.527,-6.953,0.7310000000000001,-14.501,7.652115263115161,3.0196716181534518,8.08265187928571,630.0,30,14.212000000000002
316,0.323,-10.829,-0.425,-7.565,0.425,-13.583,6.0777318137607885,2.2871236318709767,6.623496482624025,632.0,30,14.212000000000002
317,0.493,-11.509,-0.017,-7.191000000000001,0.765,-15.045000000000002,7.89283472524289,2.4879167928767125,8.669532870655372,634.0,30,14.212000000000002
318,0.289,-12.053,-0.663,-6.817,-0.6970000000000001,-15.555,8.738066147609551,2.673845386473745,9.685490294332125,636.0,30,14.212000000000002
319,0.357,-12.699000000000002,-0.6970000000000001,-6.851000000000001,-0.6970000000000001,-16.269000000000002,9.418,2.7332941847469967,10.371083844796448,638.0,30,14.212000000000002
320,-0.085,-12.733,-0.425,-7.157000000000001,-0.7310000000000001,-15.963,8.811314998341622,2.360321830047635,10.113733443749222,640.0,30,14.212000000000002
321,0.459,-13.039,-0.6970000000000001,-7.973000000000001,-0.7310000000000001,-16.643,8.670066666410358,2.568993911148944,9.901236200128425,642.0,30,14.212000000000002
322,0.323,-13.277,0.7310000000000001,-8.653,0.425,-16.303,7.656117553956444,2.1952458439547065,8.30414828185048,644.0,30,14.212000000000002
323,0.391,-13.719,0.765,-8.721,0.5950000000000001,-17.051000000000002,8.331734513293137,2.322328828051704,9.309760356977684,646.0,30,14.212000000000002
324,0.221,-13.957,0.391,-8.177000000000001,0.5950000000000001,-17.595000000000002,9.420209127190333,2.899981124867913,10.095141230852493,648.0,30,14.212000000000002
325,0.425,-13.311000000000002,0.459,-8.245000000000001,-0.493,-17.187,8.992534014392163,2.516201668034739,10.490475054442172,650.0,30,14.212000000000002
326,0.187,-15.385000000000002,-0.391,-12.223,0.289,-18.785,6.597139076902957,2.8667186532389364,7.023309317199588,652.0,30,14.212000000000002
327,0.289,-15.283,0.357,-8.211,0.765,-19.227,11.023552966262738,2.983685899902227,11.429159537181755,654.0,30,14.212000000000002
328,0.221,-15.351,-0.255,-9.469,0.5950000000000001,-18.581000000000003,9.15155964849708,2.4727132320684544,9.682708330391431,656.0,30,14.212000000000002
329,0.289,-15.045000000000002,0.425,-8.313,0.425,-18.989,10.676,3.1046696963735188,11.131434230933062,658.0,30,14.212000000000002
330,0.289,-15.929,0.425,-8.585,0.5950000000000001,-20.315,11.73123181937856,3.198703230303736,12.132020094376232,660.0,30,14.212000000000002
331,-0.119,-16.490000000000002,0.459,-9.775,0.5950000000000001,-20.383000000000003,10.608871759051478,3.116592579276154,11.531295946743532,662.0,30,14.212000000000002
332,-0.051,-16.405,-0.085,-9.945,0.085,-21.301,11.357272383807656,3.0959250595909413,12.48605138372612,664.0,30,14.212000000000002
333,-0.425,-17.119,0.8670000000000001,-11.747000000000002,0.187,-21.607000000000003,9.88342046054907,2.95933225753181,11.13486608854718,666.0,30,14.212000000000002
334,-0.153,-17.799000000000003,0.357,-11.305,0.561,-21.675,10.372006363283818,3.136705824299176,11.442750216049474,668.0,30,14.212000000000002
335,-0.153,-18.003,0.459,-12.393,0.051,-22.593,10.208156738608592,2.964689125249063,11.901304624750784,670.0,30,14.212000000000002
336,-0.119,-19.159,0.7310000000000001,-13.141000000000002,-0.255,-22.797,9.706211001209484,2.732923597003795,10.07268135744624,672.0,30,14.212000000000002
337,-0.017,-19.125,0.6970000000000001,-11.679,0.221,-23.375,11.705682039078289,3.390978916626275,12.032197510050889,674.0,30,14.212000000000002
338,0.187,-19.125,-0.391,-12.869000000000002,-0.765,-22.117,9.255559410430036,2.663319538445319,10.102734970507484,676.0,30,14.212000000000002
339,0.119,-18.581000000000003,-0.527,-13.481000000000002,-0.5950000000000001,-21.301,7.820295646585238,2.3039111335604514,8.953514378004524,678.0,30,14.212000000000002
340,0.357,-19.125,-0.187,-13.617,0.357,-23.171000000000003,9.569475011723474,2.726734525660057,10.866747113541075,680.0,30,14.212000000000002
341,-0.119,-19.329,-0.425,-14.025,0.629,-22.083,8.12664014214977,2.2769660820777795,8.574955625970007,682.0,30,14.212000000000002
342,-0.085,-18.649,0.289,-14.093000000000002,0.629,-21.573,7.487723285485383,2.130695004101315,8.333397333084019,684.0,30,14.212000000000002
343,0.323,-19.601000000000003,0.799,-12.971,0.629,-23.341,10.371393349015358,2.9384788476720227,11.22039631549055,686.0,30,14.212000000000002
344,-0.051,-19.533,-0.5950000000000001,-12.835,-0.085,-23.205,10.38253340952968,2.897630546918601,10.814144502135806,688.0,30,14.212000000000002
345,0.221,-19.839,-0.221,-14.671,0.119,-23.341,8.676664105518896,2.507310701127157,9.003972206723938,690.0,30,14.212000000000002
346,0.289,-19.193,-0.425,-14.671,0.357,-23.647,9.01,3.145518288284142,9.835764577924468,692.0,30,14.212000000000002
347,0.187,-19.737,-0.391,-17.017,-0.425,-22.865,5.848098836374092,1.6322387743813365,7.266345569832239,694.0,30,14.212000000000002
348,0.289,-20.825000000000003,-0.561,-14.739,-0.085,-25.245,10.51677764336586,3.182786850168142,11.050471897039856,696.0,30,14.212000000000002
349,0.323,-22.049000000000003,0.663,-14.841,-0.799,-26.027,11.28113646757276,3.2813104767942782,11.808576567991317,698.0,30,14.212000000000002
350,0.119,-22.321,-0.323,-14.841,-0.561,-26.537000000000003,11.698421261007828,3.4347092265621404,12.385608908396406,700.0,30,14.212000000000002
351,0.221,-23.171000000000003,-0.051,-17.323,-0.799,-27.727,10.430854231557452,2.87141515878885,11.51201227355071,702.0,30,14.212000000000002
352,0.187,-24.225,-0.561,-19.295,0.187,-28.475,9.210423660179808,2.409834149200224,10.20099518314917,704.0,30,14.212000000000002
353,0.391,-24.565,0.7310000000000001,-22.593,0.187,-28.339,5.771694032084516,2.2513941515445284,,706.0,30,14.212000000000002
354,0.391,-24.803,0.799,-20.247,0.527,-28.781,8.538333561064478,2.365514678560193,9.648963996277685,708.0,30,14.212000000000002
355,-0.085,-25.823,0.323,-20.145000000000003,0.7310000000000001,-29.903,9.766525892045747,2.6955052395312067,10.755160010905875,710.0,30,14.212000000000002
356,-0.119,-26.639000000000003,0.425,-21.029,-0.391,-30.889000000000003,9.893707899468229,2.7891557604407824,10.925693408910544,712.0,30,14.212000000000002
357,-0.255,-26.945,-0.221,-19.295,-0.8330000000000001,-31.433000000000003,12.15341877826976,3.534856196450998,12.816198889359,714.0,30,14.212000000000002
358,-0.323,-27.965000000000003,-0.425,-20.451,-0.8330000000000001,-31.841,11.397305120071149,3.1342166109017966,11.67845308519608,716.0,30,14.212000000000002
359,-0.255,-28.679,0.255,-21.777,0.017,-32.929,11.154539345037966,3.2642083053261928,11.532294456587474,718.0,30,14.212000000000002
360,-0.289,-28.951,0.5950000000000001,-22.287000000000003,0.017,-32.759,10.487939168397194,2.8246162296756525,11.153581438711878,720.0,30,14.212000000000002
361,-0.221,-28.781,-0.629,-22.253,0.425,-33.303000000000004,11.10015387280735,2.9884345666151697,11.89516546906548,722.0,30,14.212000000000002
362,-0.255,-28.373,0.221,-20.961,0.255,-32.793,11.83204885047387,3.1529568291859555,12.252195286611895,724.0,30,14.212000000000002
363,-0.119,-28.611,-0.119,-22.763,-0.153,-32.147000000000006,9.384061594000755,2.6896228126637896,9.923924895297576,726.0,30,14.212000000000002
364,-0.187,-28.645000000000003,-0.017,-21.947000000000003,0.357,-32.487,10.546633396491984,3.00815214398204,11.233250039445805,728.0,30,14.212000000000002
365,0.119,-28.271,0.629,-22.321,-0.799,-31.909,9.693757166341646,2.745325713256868,10.223895057447432,730.0,30,14.212000000000002
366,-0.051,-27.506,-0.5950000000000001,-22.933000000000003,-0.8330000000000001,-31.705,8.775228088203749,2.4850902027170925,10.66614788586913,732.0,30,14.212000000000002
367,-0.085,-27.591,0.221,-21.029,-0.663,-32.249,11.254770366382427,3.1465364921253647,11.550241208116232,734.0,30,14.212000000000002
368,-0.255,-28.339,0.119,-22.593,-0.8330000000000001,-31.807,9.26305025356119,2.801216500577495,10.653138390465292,736.0,30,14.212000000000002
369,-0.323,-29.155,-0.459,-24.701,0.561,-32.147000000000006,7.515538304073768,2.249912830103308,9.128231984757448,738.0,30,14.212000000000002
370,-0.459,-30.379,-0.289,-23.307,-0.527,-34.493,11.188531628413088,3.142676163466868,11.48216901531611,740.0,30,14.212000000000002
371,-0.527,-30.379,-0.8330000000000001,-25.041,-0.527,-33.915,8.879274294670708,2.573166563626872,9.153193018872956,742.0,30,14.212000000000002
372,-0.255,-28.849000000000004,-0.255,-26.401000000000003,-0.663,-32.453,6.065737218178843,2.1630925975120068,9.567898715068392,744.0,30,14.212000000000002
373,0.255,-29.665000000000003,-0.119,-26.265,-0.493,-33.337,7.08188251808797,2.283490294169625,8.23494453050655,746.0,30,14.212000000000002
374,0.289,-28.951,0.493,-26.605,-0.323,-32.623000000000005,6.073070063814512,1.949061743132924,8.262179867383448,748.0,30,14.212000000000002
375,0.323,-29.019,0.6970000000000001,-26.639000000000003,-0.153,-33.235,6.650542534259894,2.4032441741463524,10.29717794455735,750.0,30,14.212000000000002
376,-0.017,-29.019,0.051,-25.211,0.561,-32.419000000000004,7.226019928010164,2.1772720135141004,8.798905834652626,752.0,30,14.212000000000002
377,-0.017,-28.475,-0.765,-22.661,0.051,-32.351,9.724297198255512,2.6869916921137613,10.285662033832375,754.0,30,14.212000000000002
378,-0.323,-27.965000000000003,-0.799,-25.177000000000003,-0.153,-31.331000000000003,6.187813183993195,1.8621369594741304,8.603456911091833,756.0,30,14.212000000000002
379,-0.425,-29.597,-0.085,-23.103,-0.8670000000000001,-33.201,10.12823419950388,2.8003046513371803,10.970024103600108,758.0,30,14.212000000000002
380,-0.561,-29.495,0.153,-22.763,-0.8670000000000001,-34.085,11.36785309546178,3.4197552478293214,11.882254919311672,760.0,30,14.212000000000002
381,0.187,-30.991000000000003,-0.425,-24.123,-0.7310000000000001,-35.105000000000004,10.986262330747431,3.294472732620326,11.750658144055556,762.0,30,14.212000000000002
382,0.323,-31.093000000000004,-0.561,-24.021,-0.6970000000000001,-34.799,10.778858010012009,3.250255133965748,11.513257420641102,764.0,30,14.212000000000002
383,-0.085,-31.569000000000003,-0.629,-25.959000000000003,-0.221,-34.969,9.01923300508419,2.372899974686165,10.440895885543007,766.0,30,14.212000000000002
384,0.051,-31.433000000000003,-0.425,-24.769,0.425,-35.003,10.26923833592346,2.9040969714795377,11.06471652459339,768.0,30,14.212000000000002
385,0.187,-31.331000000000003,-0.289,-25.279000000000003,0.153,-34.731,9.462328888809562,2.665053340545125,9.9201558048436,770.0,30,14.212000000000002
386,-0.017,-31.569000000000003,-0.425,-25.211,0.289,-35.547000000000004,10.360631834014756,2.909026813034742,10.84772918119622,772.0,30,14.212000000000002
387,-0.357,-31.637000000000004,-0.5950000000000001,-24.871,0.119,-36.057,11.20876407102942,3.089136763003629,11.50440916225351,774.0,30,14.212000000000002
388,-0.255,-32.045,-0.425,-26.741000000000003,-0.323,-35.819,9.078573015623103,2.5002507842740966,9.97040186201648,776.0,30,14.212000000000002
389,0.187,-33.49,-0.459,-26.741000000000003,-0.391,-36.873000000000005,10.132228185349954,2.840428180994511,10.770189355168728,778.0,30,14.212000000000002
390,0.391,-33.133,-0.8330000000000001,-28.135,-0.357,-37.315000000000005,9.192332456999148,3.1130200311410965,9.972190237108142,780.0,30,14.212000000000002
391,0.085,-33.762,-0.289,-28.305000000000003,-0.935,-37.553,9.270535043890405,2.615451994097774,10.60811258243379,782.0,30,14.212000000000002
392,-0.289,-35.547000000000004,-0.459,-29.529000000000003,0.085,-39.389,9.87499549366986,2.6003035942296706,10.725827264005476,784.0,30,14.212000000000002
393,-0.085,-35.343,-0.459,-28.951,-0.935,-39.457,10.51677764336586,2.9453085226493045,11.538583499131942,786.0,30,14.212000000000002
394,0.017,-35.275000000000006,-0.663,-30.073,-0.765,-39.457,9.38455433145336,2.68548457272424,11.150909410807149,788.0,30,14.212000000000002
395,0.255,-35.785000000000004,0.357,-30.413000000000004,-0.459,-40.171,9.792059027599866,3.03079855018467,10.24827488140241,790.0,30,14.212000000000002
396,0.153,-35.989000000000004,-0.799,-29.495,-0.799,-40.545,11.05,3.033895263148094,11.947143213229117,792.0,30,14.212000000000002
397,0.187,-36.737,0.017,-29.087000000000003,0.425,-40.205000000000005,11.125483719820906,3.1394629813605963,12.156005006122909,794.0,30,14.212000000000002
398,-0.119,-36.363,-0.289,-31.161,0.629,-39.967000000000006,8.853720122072982,2.650812902201872,10.02887634318795,796.0,30,14.212000000000002
399,-0.255,-36.771,-0.8670000000000001,-32.351,0.085,-40.103,7.81023738435651,2.369714512874016,8.08768261206934,798.0,30,14.212000000000002
400,-0.323,-36.533,0.493,-31.433000000000003,-0.017,-39.627,8.209856027970284,2.601984452434407,9.53902203325088,800.0,30,14.212000000000002
401,-0.357,-35.989000000000004,-0.8330000000000001,-29.359,-0.765,-40.103,10.744215187718458,2.914975331882105,11.404281201137438,802.0,30,14.212000000000002
402,-0.289,-36.261,-0.425,-30.209000000000003,-0.935,-39.695,9.49969978473004,2.5470203823962336,10.737607017861356,804.0,30,14.212000000000002
403,-0.119,-36.431,-0.085,-30.685,0.051,-40.273,9.588964490496355,2.6467799469488624,10.83589013985068,806.0,30,14.212000000000002
404,-0.153,-36.635000000000005,-0.663,-30.141,-0.765,-40.069,9.928523958776552,2.711444947717575,10.64022888956272,808.0,30,14.212000000000002
405,0.255,-36.533,0.391,-30.685,-0.629,-40.647000000000006,10.014082284463216,2.8047162523526654,11.598520324880646,810.0,30,14.212000000000002
406,-0.153,-37.315000000000005,-0.289,-30.447000000000003,-1.3090000000000002,-41.497,11.09697706584996,2.940583950724469,11.83640821930407,812.0,30,14.212000000000002
407,-0.153,-37.213,0.017,-29.563,-1.241,-41.327000000000005,11.831071802672826,3.20489080924394,12.751688560605832,814.0,30,14.212000000000002
408,-0.221,-37.451,0.017,-29.835,-0.629,-41.871,12.053323690999092,3.4700077760928725,12.396923022302108,816.0,30,14.212000000000002
409,-0.255,-37.995000000000005,-0.187,-31.875000000000004,-0.8330000000000001,-42.415000000000006,10.559778217368017,2.8931411296354934,11.464106136675454,818.0,30,14.212000000000002
410,-0.085,-38.607,-0.527,-31.841,0.221,-42.551,10.736088859542846,3.027511478406788,11.418767317059508,820.0,30,14.212000000000002
411,-0.391,-38.301,-0.391,-35.547000000000004,-1.105,-42.415000000000006,6.905014120188315,2.2664048935111825,7.741904247221274,822.0,30,14.212000000000002
412,0.085,-38.709,0.6970000000000001,-36.227,-0.969,-42.075,6.080679238374608,2.1176358236353163,6.410722788569579,824.0,30,14.212000000000002
413,0.119,-39.083000000000006,0.6970000000000001,-35.003,-1.989,-42.109,7.596698756696885,2.353592035103849,8.392212897706782,826.0,30,14.212000000000002
414,-0.119,-38.947,-0.493,-33.643,0.425,-41.973000000000006,8.380431015168611,2.473772424631898,9.187098193664507,828.0,30,14.212000000000002
415,-0.493,-38.437000000000005,-0.561,-32.861000000000004,-1.105,-41.599,8.754917475339218,2.7811686838379384,9.471731282482756,830.0,30,14.212000000000002
416,-0.085,-38.369,-0.527,-34.187000000000005,0.187,-41.293000000000006,7.141780730322095,2.3324442231340146,7.677447122515736,832.0,30,14.212000000000002
417,0.119,-37.825,-0.051,-33.065000000000005,-0.8670000000000001,-40.885000000000005,7.862458648539909,2.6577836655263827,9.844131688991016,834.0,30,14.212000000000002
418,0.221,-37.587,0.425,-35.173,0.051,-40.477,5.317169547795143,2.054579458671114,5.690355409771601,836.0,30,14.212000000000002
419,-0.119,-36.635000000000005,0.289,-33.133,0.425,-39.491,6.359454379111466,2.161664620135941,7.524536237320824,838.0,30,14.212000000000002
420,-0.017,-36.873000000000005,-0.391,-34.799,-0.799,-39.933,5.150186404393534,1.544368411452158,6.197043508008117,840.0,30,14.212000000000002
421,0.017,-36.091,-0.663,-34.663000000000004,-0.901,-35.309000000000005,0.688447528864764,1.2483804741420697,7.664003532909277,842.0,30,14.212000000000002
422,0.085,-36.227,-0.289,-32.385000000000005,-0.289,-39.389,7.004,2.1252555453860498,7.968027292288283,844.0,30,14.212000000000002
423,0.187,-36.363,0.527,-32.011,-0.187,-40.749,8.767122675085595,2.676364165467553,10.253867709561852,846.0,30,14.212000000000002
424,0.085,-36.125,-0.459,-30.141,0.629,-39.491,9.413088972276848,2.704452190828949,10.579394840578347,848.0,30,14.212000000000002
425,-0.119,-36.363,-0.459,-28.407000000000004,0.153,-40.817,12.425081247219271,3.655811481901901,12.765563068372584,850.0,30,14.212000000000002
426,-0.289,-37.213,0.221,-31.093000000000004,0.527,-41.191,10.102635299762138,2.698569491639009,11.402907996613571,852.0,30,14.212000000000002
427,-0.289,-37.791,0.153,-32.249,0.5950000000000001,-41.157,8.918958907854662,2.793785799145248,10.208566004574294,854.0,30,14.212000000000002
428,-0.153,-38.811,0.561,-32.623000000000005,1.3090000000000002,-41.803,9.210423660179808,2.6143720590531667,10.473631807384091,856.0,30,14.212000000000002
429,0.323,-39.253,-0.8330000000000001,-31.773000000000003,-0.119,-43.197,11.44629075290332,3.02275756879838,12.069425162008573,858.0,30,14.212000000000002
430,-0.085,-38.913,-0.323,-32.317,-0.153,-42.415000000000006,10.099430875054296,2.98429870228903,10.651564404287342,860.0,30,14.212000000000002
431,-0.289,-39.695,0.357,-33.983000000000004,-0.357,-43.367,9.411123843622503,2.6193695724458617,10.70763681741858,862.0,30,14.212000000000002
432,-0.357,-39.219,0.119,-34.119,-1.887,-42.211000000000006,8.336935887962676,2.3204180889622275,10.199299184294553,864.0,30,14.212000000000002
433,-0.5950000000000001,-39.185,0.663,-35.377,-0.7310000000000001,-42.449000000000005,7.208080188233203,2.115096437752612,8.337829793430412,866.0,30,14.212000000000002
434,-0.153,-39.797,0.6970000000000001,-33.609,-0.901,-43.741,10.257242709422451,2.827827122640292,11.060221502553208,868.0,30,14.212000000000002
435,-0.391,-40.477,-0.357,-36.057,-2.329,-42.755,6.982262384070081,1.9338828612541743,9.222118901482832,870.0,30,14.212000000000002
436,-0.459,-41.021,0.323,-35.309000000000005,-2.5330000000000004,-43.741,8.902547949884909,2.442089907201313,10.488017902529178,872.0,30,14.212000000000002
437,-0.459,-40.817,0.391,-35.377,-2.329,-42.245000000000005,7.387003722755256,2.551930028072479,8.863621989018327,874.0,30,14.212000000000002
438,-1.275,-41.565000000000005,-0.085,-35.445,-2.2270000000000003,-45.101000000000006,9.890727981296424,2.8438558451785143,10.958141098328731,876.0,30,14.212000000000002
439,-0.969,-41.225,0.663,-36.227,-1.207,-44.319,8.30526122406755,2.4404973096267435,9.99249301839586,878.0,30,14.212000000000002
440,0.221,-42.279,0.425,-37.621,2.091,-42.007000000000005,4.691753616719446,1.8317438438367857,9.933778388720077,880.0,30,14.212000000000002
441,0.629,-42.721,0.5950000000000001,-38.505,3.3830000000000005,-46.019000000000005,8.014558004032413,2.605580790466824,10.591355152339387,882.0,30,14.212000000000002
442,0.8670000000000001,-44.251000000000005,0.459,-39.219,2.091,-47.447,8.388289932995878,3.002536474615736,8.841061418174926,884.0,30,14.212000000000002
443,-0.799,-44.761,-0.5950000000000001,-39.151,2.363,-47.209,8.583771199187453,2.624735774126208,11.013735566282914,886.0,30,14.212000000000002
444,-0.5950000000000001,-45.645,-2.499,-43.29900000000001,2.261,-47.345000000000006,6.247216660241584,2.807802451817744,6.84483119046521,888.0,30,14.212000000000002
445,-0.561,-44.727,0.493,-40.851000000000006,2.329,-46.699000000000005,6.129437168288782,2.337979721470413,10.82149471742689,890.0,30,14.212000000000002
446,-0.6970000000000001,-45.492,-0.153,-42.347,0.255,-48.637,6.303218542935031,2.1062053456994176,8.463365513471807,892.0,30,14.212000000000002
447,0.221,-44.965,0.527,-43.163,-0.289,-48.773,5.669034838488823,1.8096283273547096,9.117625378974203,894.0,30,14.212000000000002
448,0.8330000000000001,-45.237,1.3090000000000002,-43.197,-1.411,-48.603,6.051713476363533,2.456743179129832,11.04748310845443,896.0,30,14.212000000000002
449,0.8160000000000001,-46.121,0.017,-41.973000000000006,-1.445,-48.637,6.822487816038956,2.6064013222538542,11.02413254115025,898.0,30,14.212000000000002
450,0.561,-45.98500000000001,0.6970000000000001,-42.041,-2.091,-47.787000000000006,6.386662665273625,2.27870847982598,8.516485297549785,900.0,30,14.212000000000002
451,0.799,-45.917,-0.255,-41.837,-2.2270000000000003,-48.025000000000006,6.494623006764904,2.519486846632673,11.259948721479946,902.0,30,14.212000000000002
452,1.0710000000000002,-46.087,0.051,-41.429,-2.193,-48.263000000000005,7.192989086603705,2.7291421873138506,11.429352916673968,904.0,30,14.212000000000002
453,-0.799,-44.965,1.5810000000000002,-42.483,-1.377,-48.569,6.766768800542842,2.387936071783922,9.931443188742035,906.0,30,14.212000000000002
454,-1.717,-45.101000000000006,1.717,-41.701,-2.261,-48.297,7.70270731626225,2.40993655149774,9.73909389591212,908.0,30,14.212000000000002
455,-1.3090000000000002,-44.557,0.7310000000000001,-41.701,-2.057,-48.331,7.192346209687074,2.5655624494810003,8.205991443857599,910.0,30,14.212000000000002
456,-1.955,-44.659000000000006,0.7310000000000001,-41.225,-1.411,-48.569,7.65,2.345606347772031,9.596677375494467,912.0,30,14.212000000000002
457,-1.853,-44.455000000000005,1.5470000000000002,-41.769000000000005,-2.431,-48.127,7.49990986612506,2.276331860279249,9.830507261670377,914.0,30,14.212000000000002
458,-1.853,-43.945,1.139,-41.429,-2.975,-46.699000000000005,6.6856485100549525,2.1263579184925416,9.404431362414668,916.0,30,14.212000000000002
459,-1.105,-44.86300000000001,-1.139,-41.123000000000005,-3.519,-46.223000000000006,5.628001421463929,2.074750550448317,8.375278882253953,918.0,30,14.212000000000002
460,-0.119,-44.829,-0.425,-38.777,-2.805,-46.291,7.881915756971779,2.695481877122405,10.91299435625417,920.0,30,14.212000000000002
461,-1.751,-44.285,-2.499,-43.469,-0.6970000000000001,-47.617,4.52251124929502,1.697376440916457,4.786703551936214,922.0,30,14.212000000000002
462,-0.935,-44.183,,,,,4.52251124929502,2.0413532228186986,,924.0,30,14.212000000000002
463,-0.765,-44.557,-3.3830000000000005,-45.951,1.717,-41.667,6.66052970866432,2.0580078837599345,10.067411138447431,926.0,30,14.212000000000002
464,-1.105,-44.387,-2.261,-47.583000000000006,-0.153,-43.401,4.683245455877794,2.080891832806197,10.576379893555783,928.0,30,14.212000000000002
465,0.238,-44.438,-2.669,-44.999,1.003,-43.367,4.018333983132811,2.043036942032173,8.834491281283263,930.0,30,14.212000000000002
466,-0.8670000000000001,-43.673,-3.723,-46.733,1.5470000000000002,-42.041,7.056044500993457,2.4353096003526344,10.84008933100106,932.0,30,14.212000000000002
467,-1.275,-43.877,-3.519,-45.951,2.601,-42.381,7.085146434619401,2.217867621049508,8.821824092036138,934.0,30,14.212000000000002
468,-1.513,-43.741,-3.043,-47.073,2.737,-42.551,7.3387249573750895,2.4182443378243144,9.68285708240352,936.0,30,14.212000000000002
469,-1.0710000000000002,-44.489,-3.4170000000000003,-46.835,2.907,-42.959,7.41730085678072,2.2428816450166127,8.85129426285065,938.0,30,14.212000000000002
470,-1.241,-44.659000000000006,-3.4170000000000003,-46.291,3.2470000000000003,-44.523,6.894542769466298,2.040007228437136,8.946042485773024,940.0,30,14.212000000000002
471,-1.5810000000000002,-42.823,-2.5330000000000004,-43.775000000000006,2.975,-42.925,5.57320051675875,2.706680720791204,7.130449818443572,942.0,30,14.212000000000002
472,-0.901,-43.605,-3.587,-46.291,0.969,-41.667,6.491418335001989,2.007631210655401,8.007826919280518,944.0,30,14.212000000000002
473,0.221,-44.795,-2.669,-45.067,2.023,-42.381,5.40642765604054,1.9987509689829468,9.468422086725877,946.0,30,14.212000000000002
474,0.459,-45.033,-3.5530000000000004,-45.815000000000005,1.139,-41.633,6.28521980522559,2.1255003077706984,10.404578577375094,948.0,30,14.212000000000002
475,-0.561,-44.625,-3.0090000000000003,-47.073,3.281,-44.217000000000006,6.908026925251522,2.3252909125450523,9.224124085332058,950.0,30,14.212000000000002
476,-0.255,-44.897000000000006,-3.893,-45.543000000000006,2.5330000000000004,-43.809000000000005,6.655841945238785,2.1801378447034323,9.951983442612756,952.0,30,14.212000000000002
477,-1.5470000000000002,-46.529,-3.3830000000000005,-43.673,1.6150000000000002,-44.081,5.014625409738997,1.9488667245674085,10.42348209141829,954.0,30,14.212000000000002
478,-1.445,-47.005,-2.669,-44.523,1.479,-45.033,4.179234858200721,2.058801724166797,10.482379719377738,956.0,30,14.212000000000002
479,-1.0710000000000002,-46.155,-2.669,-44.523,1.649,-45.271,4.382308524054417,1.961367533307388,8.0506318306482,958.0,30,14.212000000000002
480,-0.901,-46.257000000000005,-2.601,-44.353,2.261,-47.413,5.7447927725898005,2.0046023225954483,6.588913732562018,960.0,30,14.212000000000002
481,-0.765,-45.611,-2.431,-43.707,2.737,-46.835,6.040911189547485,2.188063338651075,8.074024753205947,962.0,30,14.212000000000002
482,-1.479,-45.98500000000001,-2.261,-42.381,2.907,-46.733,6.7563398375155765,2.376965219254019,9.66762983855272,964.0,30,14.212000000000002
483,-0.527,-46.087,-2.499,-43.163,2.873,-45.951,6.052382010415403,2.210188727884001,9.751831848614724,966.0,30,14.212000000000002
484,-0.663,-45.883,-2.5330000000000004,-43.605,2.193,-46.665000000000006,5.630157724256044,2.073863584209441,9.18001157829485,968.0,30,14.212000000000002
485,-2.397,-46.155,-3.145,-42.721,2.567,-47.277,7.306440994081866,2.482674197030759,9.50616833575269,970.0,30,14.212000000000002
486,-2.091,-47.039,-3.0090000000000003,-43.503,2.057,-47.583000000000006,6.504671859517589,2.215343336361022,8.645766511247952,972.0,30,14.212000000000002
487,-2.1590000000000003,-46.801,-2.975,-42.993,1.683,-47.413,6.421321047884151,2.3553526176882884,9.938478167693845,974.0,30,14.212000000000002
488,-1.955,-46.563,-2.057,-41.667,1.5470000000000002,-47.277,6.667901918894729,2.196809154555412,11.270593278099843,976.0,30,14.212000000000002
489,-2.2270000000000003,-45.645,-1.683,-41.531000000000006,0.799,-48.161,7.079351947742111,2.197446922920673,10.479264307976054,978.0,30,14.212000000000002
490,-1.207,-44.591,-1.139,-41.157,0.8670000000000001,-48.331,7.449181968511711,2.304968831763984,9.571141893968584,980.0,30,14.212000000000002
491,-1.003,-43.231,,,,,7.449181968511711,2.3055080663418206,,982.0,30,14.212000000000002
492,-1.037,-42.925,-0.459,-40.035,-2.9410000000000003,-46.121,6.572649389705799,1.9561573361385876,7.517817171881665,984.0,30,14.212000000000002
493,-1.0710000000000002,-42.279,0.459,-39.083000000000006,-2.4650000000000003,-43.367,5.186755440542768,2.282450975621044,5.553274028109322,986.0,30,14.212000000000002
494,-0.969,-42.789,0.323,-39.321000000000005,1.105,-46.189,6.912376436508649,2.436756594101671,10.869201224506853,988.0,30,14.212000000000002
495,-0.8330000000000001,-42.075,0.459,-38.369,-0.663,-47.005,8.708580825829202,2.519774280656076,10.453702963550471,990.0,30,14.212000000000002
496,-0.8330000000000001,-41.701,0.5950000000000001,-37.723000000000006,-0.901,-47.617,10.006460513088532,2.726001498704682,11.65903474749148,992.0,30,14.212000000000002
497,-0.629,-41.667,0.085,-37.927,0.255,-46.291,8.365727463885015,2.326482241160494,10.219236882412874,994.0,30,14.212000000000002
498,-0.493,-41.395,0.493,-37.893,0.255,-47.821000000000005,9.930852329986587,2.811015473106236,11.096271187561602,996.0,30,14.212000000000002
499,-0.391,-40.647000000000006,0.663,-36.329,1.479,-46.087,9.792059027599866,2.800783142991845,11.4534651593582,998.0,30,14.212000000000002
500,-0.051,-40.545,0.391,-36.975,-0.8330000000000001,-45.679,8.789641175838751,2.593488551913377,10.923507557444609,1000.0,30,14.212000000000002
501,-0.289,-40.613,-0.085,-37.077000000000005,0.459,-46.325,9.263986183063963,2.494676676513208,10.493806358918096,1002.0,30,14.212000000000002
502,0.289,-40.443000000000005,0.119,-36.023,0.629,-48.127,12.114739617507263,3.481570568233092,12.59438310099367,1004.0,30,14.212000000000002
503,-0.051,-40.953,-0.085,-37.519000000000005,1.037,-46.86900000000001,9.4170793773866,2.61108472333676,9.902427147218344,1006.0,30,14.212000000000002
504,-0.561,-40.409000000000006,-0.221,-36.533,-1.751,-45.713,9.306626671356277,2.418467564937188,10.840987304841189,1008.0,30,14.212000000000002
505,0.153,-40.749,-0.901,-36.737,0.663,-43.401,6.845070635135916,2.6205078736968,11.316536868333726,1010.0,30,14.212000000000002
506,-0.357,-40.647000000000006,0.6970000000000001,-36.125,1.6150000000000002,-44.013000000000005,7.941238442459715,2.550805895513225,10.994268963608604,1012.0,30,14.212000000000002
507,-0.255,-39.627,-0.255,-35.921,1.3430000000000002,-43.741,7.981604099427633,2.191995283259172,10.481673317889449,1014.0,30,14.212000000000002
508,-0.187,-40.069,-0.391,-35.921,-0.901,-45.577000000000005,9.669458930053947,2.6813720270563883,10.758778917574276,1016.0,30,14.212000000000002
509,-0.119,-39.457,0.459,-35.819,-0.323,-43.605,7.825172202578037,2.167811819177327,9.39494773459948,1018.0,30,14.212000000000002
510,0.017,-40.137,-0.051,-36.737,0.017,-41.531000000000006,4.794482245248178,1.6790122852594074,8.713270391090242,1020.0,30,14.212000000000002
511,-0.493,-40.137,-0.901,-36.431,-2.2950000000000004,-44.251000000000005,7.943276150304735,2.4096414801824264,10.47940466180343,1022.0,30,14.212000000000002
512,0.085,-39.491,-0.527,-35.717000000000006,-2.499,-43.911,8.427954674771335,2.5080304872929355,10.008729726734655,1024.0,30,14.212000000000002
513,-0.221,-39.491,0.153,-36.193000000000005,-0.969,-43.843,7.731842212564869,2.326399497021065,9.215977065346298,1026.0,30,14.212000000000002
514,-0.187,-39.695,0.459,-35.989000000000004,-1.513,-43.163,7.44009811763259,2.203878647439568,9.390543185875591,1028.0,30,14.212000000000002
515,-0.425,-39.015,-0.8330000000000001,-34.969,-0.527,-44.251000000000005,9.28704258631347,2.5631318331795527,10.985506307039124,1030.0,30,14.212000000000002
516,-0.391,-38.641000000000005,,,,,9.28704258631347,2.694660501520944,,1032.0,30,14.212000000000002
517,-0.153,-38.165000000000006,-0.187,-33.847,-0.8330000000000001,-44.42100000000001,10.5937147403543,2.833028741923793,11.351379312712128,1034.0,30,14.212000000000002
518,0.017,-38.233,-0.8330000000000001,-34.017,-1.853,-42.313,8.358469716401443,2.718985532540103,11.363332344585093,1036.0,30,14.212000000000002
519,0.017,-38.505,-0.493,-35.343,0.017,-41.939,6.615687114729656,2.008809237714392,9.283355424971434,1038.0,30,14.212000000000002
520,-0.187,-37.553,0.663,-33.745000000000005,1.377,-43.503,9.784087080560967,2.6441416712304764,11.060020577723124,1040.0,30,14.212000000000002
521,-0.357,-37.621,0.561,-33.235,1.649,-44.047,10.866604253399496,3.0811241074678777,11.871215258614134,1042.0,30,14.212000000000002
522,-0.527,-36.567,0.5950000000000001,-33.201,-0.425,-40.103,6.97696237627809,2.899312716717162,7.615122478500991,1044.0,30,14.212000000000002
523,-0.425,-36.261,0.561,-32.929,0.493,-42.619,9.690238593553824,2.742934112751808,10.629204947550788,1046.0,30,14.212000000000002
524,-0.629,-35.615,0.017,-31.773000000000003,-0.221,-42.517,10.746635752643709,3.1117115166763383,11.332163420895023,1048.0,30,14.212000000000002
525,-0.629,-35.683,0.153,-32.045,-0.6970000000000001,-41.905,9.896570112922962,3.075590198806886,10.397364140885102,1050.0,30,14.212000000000002
526,0.255,-36.057,-0.663,-31.569000000000003,0.799,-41.463,10.00143389719694,2.893693048374248,11.696855539061904,1052.0,30,14.212000000000002
527,0.153,-35.853,0.085,-31.739,0.221,-42.041,10.302897650661198,2.9037118450365758,11.201950787921762,1054.0,30,14.212000000000002
528,-0.085,-35.071000000000005,0.7310000000000001,-31.263,-0.629,-41.769000000000005,10.593660179560226,2.9148892313509336,11.076337660389196,1056.0,30,14.212000000000002
529,-0.017,-35.037,-0.119,-30.719,-0.119,-41.429,10.71,3.145222534781297,11.550349164852204,1058.0,30,14.212000000000002
530,-0.017,-34.119,-0.663,-30.311000000000003,-0.187,-41.565000000000005,11.264061967159094,3.386302072064177,12.185304250316612,1060.0,30,14.212000000000002
531,-0.459,-33.881,-0.017,-29.393,-0.221,-40.069,10.677948866706563,3.2586680914873427,11.152134347995236,1062.0,30,14.212000000000002
532,-0.459,-35.139,-0.323,-31.365,0.357,-40.749,9.40860542269682,2.796234274255141,10.251492841593562,1064.0,30,14.212000000000002
533,-0.289,-36.431,-0.8670000000000001,-32.997,-0.969,-39.933,6.936749959455077,2.2900411828648592,9.656548517323094,1066.0,30,14.212000000000002
534,-0.459,-36.193000000000005,0.221,-33.473,-0.255,-39.831,6.375793283976513,1.9726577366349456,8.089038627431881,1068.0,30,14.212000000000002
535,-0.5950000000000001,-35.802,0.391,-32.963,-0.799,-39.049,6.201249551501698,2.1899192871307807,6.685727621867144,1070.0,30,14.212000000000002
536,-0.051,-35.683,0.765,-32.079,0.187,-41.565000000000005,9.50359300475352,2.4921982166157104,10.855295952302356,1072.0,30,14.212000000000002
537,-0.221,-35.207,0.561,-31.535000000000004,-0.391,-41.73500000000001,10.244330334384967,3.018579840870167,11.424623782460667,1074.0,30,14.212000000000002
538,-0.323,-34.969,0.221,-31.603,-0.323,-41.293000000000006,9.705258162460185,2.628639865761881,10.319801734744152,1076.0,30,14.212000000000002
539,-0.221,-35.003,0.221,-30.821,0.5950000000000001,-41.803,10.988366575610774,3.0139889598944665,11.4991552581855,1078.0,30,14.212000000000002
540,0.017,-35.207,0.323,-31.331000000000003,-0.289,-41.395,10.082590936857452,2.8539378728858806,10.473367868899516,1080.0,30,14.212000000000002
541,0.051,-35.071000000000005,0.153,-30.413000000000004,-0.221,-41.395,10.988366575610774,3.04670780073358,11.47285918304241,1082.0,30,14.212000000000002
542,0.187,-33.983000000000004,0.357,-30.481,0.255,-37.281000000000006,6.800764956973591,2.563906997692072,7.134255560875937,1084.0,30,14.212000000000002
543,0.255,-34.425000000000004,0.153,-30.141,0.425,-41.395,11.257286529177447,3.093240079345739,11.481109279277453,1086.0,30,14.212000000000002
544,-0.017,-34.425000000000004,0.051,-29.937,0.187,-41.531000000000006,11.594797626521991,3.0115730332604635,11.967637746377832,1088.0,30,14.212000000000002
545,0.323,-34.051,-0.6970000000000001,-30.039,-0.527,-39.831,9.793475583264604,2.8436222744586948,10.773455121282751,1090.0,30,14.212000000000002
546,0.323,-34.0,-0.459,-29.835,-0.459,-40.205000000000005,10.37,2.854212151671217,11.077507364602411,1092.0,30,14.212000000000002
547,0.085,-33.677,-0.663,-29.257,-0.153,-38.471,9.22810359716448,3.0295988535892526,9.81269025160204,1094.0,30,14.212000000000002
548,-0.153,-33.711000000000006,-0.391,-29.801,-0.629,-40.817,11.018570687707188,3.1064227017641963,11.730851922410183,1096.0,30,14.212000000000002
549,0.017,-33.643,0.425,-29.597,-0.901,-40.273,10.758031976156234,3.103302333534318,11.705992962129042,1098.0,30,14.212000000000002
550,-0.323,-34.085,0.7310000000000001,-29.971000000000004,0.323,-39.015,9.053198329872158,2.610387874619672,11.043480115878,1100.0,30,14.212000000000002
551,-0.153,-33.065000000000005,0.7310000000000001,-28.985000000000003,-0.153,-38.675,9.730239257078937,2.5796620149876706,11.16336326178524,1102.0,30,14.212000000000002
552,0.255,-32.725,0.153,-29.121,-0.085,-38.539,9.421006740258708,2.6979053593855995,10.75706954395142,1104.0,30,14.212000000000002
553,-0.153,-31.399,-0.799,-27.285000000000004,-0.459,-37.995000000000005,10.715395466337208,2.917264102840588,11.523551893578183,1106.0,30,14.212000000000002
554,-0.255,-31.365,-0.799,-27.591,0.289,-38.437000000000005,10.90043393631648,3.0553706943768177,11.276333764584074,1108.0,30,14.212000000000002
555,-0.425,-31.195000000000004,-0.629,-27.013,-0.221,-38.267,11.26139334185606,3.121791267987364,11.650397236393111,1110.0,30,14.212000000000002
556,-0.255,-30.787000000000003,0.085,-26.979000000000003,0.629,-37.145,10.18054477913633,2.8510480344332927,10.7306226875315,1112.0,30,14.212000000000002
557,-0.187,-30.957,-0.255,-27.761000000000003,-0.051,-36.737,8.978317882543479,2.54862348554508,9.581619294067677,1114.0,30,14.212000000000002
558,-0.289,-31.297,-0.323,-27.251,-0.629,-36.975,9.728813493946731,2.7368725110758585,10.798614263119132,1116.0,30,14.212000000000002
559,-0.255,-32.793,-0.799,-29.631000000000004,-0.8670000000000001,-34.867000000000004,5.23644153982454,1.4211555377767615,8.305404052492806,1118.0,30,14.212000000000002
560,-0.357,-33.507000000000005,-0.8330000000000001,-29.767000000000003,0.153,-35.105000000000004,5.4282999180222165,1.5408111366895534,6.468165130225963,1120.0,30,14.212000000000002
561,-0.119,-32.793,-0.663,-29.325000000000003,0.663,-36.397000000000006,7.195238703476071,1.9983411583888109,9.041744137339284,1122.0,30,14.212000000000002
562,0.085,-32.419000000000004,-0.799,-29.665000000000003,0.323,-35.513000000000005,5.954661031494572,1.9809347616148612,7.042915271364472,1124.0,30,14.212000000000002
563,0.255,-32.589000000000006,-0.153,-28.271,-0.799,-38.879000000000005,10.627651669112986,2.7691514144549427,11.376630580762566,1126.0,30,14.212000000000002
564,0.289,-32.113,0.6970000000000001,-28.407000000000004,0.119,-36.907,8.519629334660047,2.2818700933269707,9.352284901289122,1128.0,30,14.212000000000002
565,0.153,-32.147000000000006,0.017,-28.237,-0.799,-39.865,11.65659641576391,3.3349860679626304,12.100222163219478,1130.0,30,14.212000000000002
566,0.051,-31.365,-0.663,-27.421000000000003,-0.969,-37.723000000000006,10.30654355252041,2.929672293740832,11.052917944941344,1132.0,30,14.212000000000002
567,-0.085,-31.229000000000003,-0.799,-27.149,0.255,-36.397000000000006,9.307868714157932,2.431547484935968,11.053702894307875,1134.0,30,14.212000000000002
568,-0.153,-30.481,-0.221,-26.197000000000003,-0.425,-38.063,11.8677534521071,3.1596011262620496,12.205781063123975,1136.0,30,14.212000000000002
569,0.255,-30.413000000000004,-0.663,-26.605,-0.255,-37.553,10.955599846653763,3.159881214203912,11.620335404495888,1138.0,30,14.212000000000002
570,0.289,-30.345,0.255,-25.755000000000003,-0.255,-37.689,11.94489246498268,3.2233197151477864,12.262838813193406,1140.0,30,14.212000000000002
571,-0.051,-31.093000000000004,0.527,-27.047,-0.935,-35.241,8.323405553017347,2.435224339444449,10.198687112174674,1142.0,30,14.212000000000002
572,-0.187,-31.467,0.629,-28.373,-0.527,-32.657000000000004,4.437227963492523,1.8143768905502105,9.226067872290592,1144.0,30,14.212000000000002
573,0.017,-31.399,-0.187,-27.999,0.119,-36.499,8.50550621656348,2.347633164040487,9.101759743946795,1146.0,30,14.212000000000002
574,-0.221,-32.419000000000004,-0.289,-28.679,-0.935,-36.295,7.643348219203415,2.455170607189172,8.749625376427584,1148.0,30,14.212000000000002
575,-0.255,-32.419000000000004,-0.425,-28.611,-0.901,-34.119,5.528529641776374,1.6880634374805774,7.274915341915424,1150.0,30,14.212000000000002
576,-0.153,-31.807,-0.799,-28.475,-0.357,-35.853,7.391227773516387,2.127437912348701,7.831486032881577,1152.0,30,14.212000000000002
577,-0.255,-31.909,-0.663,-29.427000000000003,-0.561,-35.377,5.950874221490486,1.566032196888445,6.265918841738444,1154.0,30,14.212000000000002
578,-0.323,-32.011,0.493,-28.747000000000003,-0.935,-36.635000000000005,8.016216563940873,2.477709398303611,8.583158332692141,1156.0,30,14.212000000000002
579,-0.323,-32.011,0.391,-27.965000000000003,-0.969,-38.199000000000005,10.323969972835062,2.7850808577641293,10.61895106218987,1158.0,30,14.212000000000002
580,-0.357,-32.691,-0.6970000000000001,-30.141,-0.765,-37.587,7.446310495809318,2.317896369308903,8.303637278155776,1160.0,30,14.212000000000002
581,-0.391,-32.079,-0.391,-28.679,-0.391,-38.029,9.35,2.7362937429655783,10.484736706397346,1162.0,30,14.212000000000002
582,0.051,-32.249,-0.799,-29.393,-0.527,-36.329,6.941331284415116,1.9628746403618456,8.72143514472268,1164.0,30,14.212000000000002
583,0.085,-32.623000000000005,-0.799,-29.495,-0.6970000000000001,-35.581,6.086854688589174,2.0345035406006104,9.185593111014713,1166.0,30,14.212000000000002
584,0.255,-32.011,-0.391,-28.679,0.663,-37.247,8.63258593933475,2.6058158407212644,9.625421338765587,1168.0,30,14.212000000000002
585,0.051,-31.841,-0.119,-27.659,0.323,-36.363,8.71521543049855,2.5746385779484604,10.100408424940952,1170.0,30,14.212000000000002
586,-0.017,-31.501,0.7310000000000001,-27.795,-0.527,-35.343,7.652115263115161,2.243592702101292,9.784939045185892,1172.0,30,14.212000000000002
587,0.085,-30.617,0.527,-27.013,0.493,-37.009,9.99605782296201,2.854039737509257,10.68994717137782,1174.0,30,14.212000000000002
588,0.051,-30.039,-0.017,-27.183000000000003,0.561,-34.935,7.773518379729992,2.132921746055938,9.732136403479137,1176.0,30,14.212000000000002
589,-0.255,-29.631000000000004,0.6970000000000001,-25.925,0.187,-34.901,8.990476961763488,2.5026504998843584,9.86313463979849,1178.0,30,14.212000000000002
590,-0.221,-30.039,0.391,-26.129,0.051,-38.131,12.006814898215096,3.608136271742428,12.442300682156771,1180.0,30,14.212000000000002
591,-0.017,-30.175,-0.153,-26.911,-0.7310000000000001,-34.289,7.400605921139161,2.5696007279491857,8.232376453456654,1182.0,30,14.212000000000002
592,0.255,-29.903,0.765,-26.163,-0.527,-35.921,9.843161483994866,2.8268136874485577,10.799163865330552,1184.0,30,14.212000000000002
593,0.153,-29.257,0.255,-25.245,-0.663,-34.187000000000005,8.988998164422997,2.683608993238526,11.057385392815949,1186.0,30,14.212000000000002
594,-0.119,-29.223000000000003,0.255,-25.823,-0.629,-34.289,8.512027490557113,2.542143926417923,9.72823791651722,1188.0,30,14.212000000000002
595,-0.459,-29.053,-0.493,-25.823,0.459,-32.623000000000005,6.8663166253822006,2.39835444275268,7.298728076406348,1190.0,30,14.212000000000002
596,0.204,-29.937,-0.7310000000000001,-26.571,0.7310000000000001,-34.459,8.022343049259362,2.2938118126489946,9.992312346572144,1192.0,30,14.212000000000002
597,0.017,-28.985000000000003,-0.5950000000000001,-25.313,-0.6970000000000001,-34.867000000000004,9.554544468471535,2.605446842639476,10.342454455548818,1194.0,30,14.212000000000002
598,0.527,-28.305000000000003,0.765,-24.123,0.6970000000000001,-35.173,11.050209228788386,2.974765680533049,11.43605714661009,1196.0,30,14.212000000000002
599,0.357,-27.387,-0.7310000000000001,-23.647,0.493,-33.847,10.273177502603565,2.847756695634454,10.78341446171066,1198.0,30,14.212000000000002
600,-0.153,-25.993,-0.323,-22.457,0.017,-31.977000000000004,9.526069493762892,2.902571254546441,10.363516111208655,1200.0,30,14.212000000000002
601,-0.085,-26.265,-0.391,-22.933000000000003,-0.8330000000000001,-29.597,6.6786420775484,2.135012113124909,8.015307407868764,1202.0,30,14.212000000000002
602,-0.255,-26.435,-0.357,-22.593,-0.799,-32.997,10.413384656296916,2.6498684151631298,11.397414696024716,1204.0,30,14.212000000000002
603,-0.187,-26.537000000000003,0.629,-23.171000000000003,-0.017,-32.011,8.86357241748495,2.384537629468704,10.356313858985454,1206.0,30,14.212000000000002
604,-0.187,-26.775,0.085,-22.933000000000003,0.153,-33.643,10.710215870840326,2.984478800213986,11.389861562478275,1208.0,30,14.212000000000002
605,-0.425,-25.959000000000003,-0.425,-22.321,0.527,-31.705,9.43216624111344,2.4396031286645283,9.861380304512938,1210.0,30,14.212000000000002
606,-0.425,-26.469,0.085,-23.171000000000003,-0.187,-31.467,8.300457818698918,2.3661323453477694,8.790618734722699,1212.0,30,14.212000000000002
607,-0.187,-26.129,-0.5950000000000001,-22.083,-0.799,-31.977000000000004,9.896102869311738,2.784137726559889,10.700588803970737,1214.0,30,14.212000000000002
608,0.051,-25.483,0.085,-21.777,0.323,-32.147000000000006,10.372730787984423,2.8435024820347805,11.186240648380496,1216.0,30,14.212000000000002
609,0.187,-25.619000000000003,-0.5950000000000001,-21.131,0.323,-32.793,11.698075397260869,3.298020574173539,12.600319834637675,1218.0,30,14.212000000000002
610,-0.017,-25.415000000000003,-0.391,-21.607000000000003,-0.8330000000000001,-31.671000000000003,10.073701405143993,2.6442023476085166,10.747263246296088,1220.0,30,14.212000000000002
611,0.221,-24.735000000000003,-0.085,-20.927000000000003,-0.663,-30.617,9.707223289901188,2.6932192818484246,10.419458765804135,1222.0,30,14.212000000000002
612,0.187,-23.851000000000003,-0.5950000000000001,-19.907,0.187,-31.127,11.24721850058938,3.2898801025451263,11.860906219070642,1224.0,30,14.212000000000002
613,0.221,-23.715000000000003,0.459,-19.533,-0.527,-30.005000000000003,10.51831640520478,2.898898870562738,11.448597229143155,1226.0,30,14.212000000000002
614,-0.153,-23.885,0.527,-19.431,0.289,-29.801,10.372730787984423,2.957368973204916,11.615167822813254,1228.0,30,14.212000000000002
615,-0.221,-22.253,0.7310000000000001,-19.159,0.6970000000000001,-26.809,7.650075555182445,2.505194339852326,9.37101983906449,1230.0,30,14.212000000000002
616,-0.187,-21.981,0.493,-17.731,0.391,-28.203000000000003,10.47249674146524,3.0691705556209588,11.138786324280622,1232.0,30,14.212000000000002
617,0.017,-21.012,0.527,-17.561,0.629,-25.619000000000003,8.058645543762301,2.227838982888745,9.550242439682902,1234.0,30,14.212000000000002
618,-0.017,-20.043000000000003,0.5950000000000001,-16.371000000000002,0.323,-25.687,9.319969957033123,2.793530864164495,10.17243411947659,1236.0,30,14.212000000000002
619,-0.051,-19.499,0.7310000000000001,-15.623,0.765,-25.585,9.962058020308858,2.61528248815203,11.009335471325722,1238.0,30,14.212000000000002
620,-0.323,-18.887,0.119,-14.263000000000002,0.7310000000000001,-26.571,12.32320607634231,3.499844812497969,12.845210015260468,1240.0,30,14.212000000000002
621,-0.153,-20.009,0.425,-16.915000000000003,-0.8330000000000001,-24.735000000000003,7.920540638113032,2.118621431261728,9.308432940334606,1242.0,30,14.212000000000002
622,-0.085,-20.247,0.799,-16.813000000000002,-0.425,-24.905,8.184047898198056,2.570058833780058,9.726113976094226,1244.0,30,14.212000000000002
623,-0.051,-20.485000000000003,0.765,-16.439,-0.255,-26.877,10.487718722391444,3.05574855156744,11.558269407335432,1246.0,30,14.212000000000002
624,-0.221,-20.723000000000003,-0.561,-17.017,-0.799,-23.273000000000003,6.260525537045593,1.9865850386503656,8.124016896852627,1248.0,30,14.212000000000002
625,0.119,-20.451,-0.7310000000000001,-17.017,-0.255,-26.231,9.226287010493442,2.578503144670273,10.032185341250427,1250.0,30,14.212000000000002
626,-0.459,-21.505000000000003,-0.425,-17.561,-0.255,-23.579,6.020400651119492,1.870299379020423,8.80350437511058,1252.0,30,14.212000000000002
627,-0.255,-19.363000000000003,-0.7310000000000001,-16.711000000000002,0.629,-21.437,4.91779178087076,2.3673856184970514,5.532782089632827,1254.0,30,14.212000000000002
628,0.017,-20.247,-0.6970000000000001,-15.929,0.5950000000000001,-23.545,7.72481197182171,2.7049868456011845,8.066160511583057,1256.0,30,14.212000000000002
629,0.051,-20.009,-0.6970000000000001,-15.759,0.493,-25.755000000000003,10.066584127696942,2.620389309723055,11.354547792760505,1258.0,30,14.212000000000002
630,0.017,-19.023,0.799,-15.385000000000002,0.527,-25.279000000000003,9.897738125450685,2.692664770866037,10.614544347187175,1260.0,30,14.212000000000002
631,-0.085,-19.465,-0.187,-15.453,-0.255,-25.313,9.860234479970543,2.708216519064512,10.919894365199015,1262.0,30,14.212000000000002
632,-0.187,-19.227,0.5950000000000001,-14.977,0.527,-26.027,11.050209228788386,3.179454669572272,12.272492674492248,1264.0,30,14.212000000000002
633,-0.017,-19.091,0.459,-14.909,-0.255,-24.939,10.055381444778712,2.8451637858435963,11.03608690182122,1266.0,30,14.212000000000002
634,-0.017,-19.091,0.8330000000000001,-15.589,0.765,-25.381,9.792236108264548,2.8261815405242463,10.62076613224874,1268.0,30,14.212000000000002
635,-0.085,-19.397,-0.357,-14.977,-0.561,-23.171000000000003,8.196539025710791,2.717730031633486,10.33450955854926,1270.0,30,14.212000000000002
636,0.187,-17.867,-0.663,-14.943,-0.255,-23.579,8.645632423368461,2.5376875798432548,9.595222645676872,1272.0,30,14.212000000000002
637,0.153,-17.765,-0.561,-14.943,-0.799,-22.015,7.076003674391359,2.061439809760201,8.491276259409803,1274.0,30,14.212000000000002
638,-0.051,-16.643,-0.527,-12.699000000000002,0.289,-20.553,7.896275831048458,2.423861427617971,8.804403952329444,1276.0,30,14.212000000000002
639,0.017,-16.303,-0.119,-11.849,-0.255,-22.083,10.234903614592568,2.867712770984421,10.762484443620671,1278.0,30,14.212000000000002
640,0.153,-15.657000000000002,0.119,-12.427,0.051,-19.941000000000003,7.514307686008073,2.3045711213056856,8.817907847468671,1280.0,30,14.212000000000002
641,-0.221,-14.875000000000002,0.323,-10.557,0.459,-19.023,8.467092299012691,2.8085793237312617,10.521355393756778,1282.0,30,14.212000000000002
642,-0.017,-14.603000000000002,0.8330000000000001,-10.863,0.629,-21.403,10.541974008694956,2.989884728371568,11.439299490903595,1284.0,30,14.212000000000002
643,0.289,-13.787,0.8330000000000001,-10.523,-0.527,-17.663,7.268369830986863,2.094214546937808,9.796892903583174,1286.0,30,14.212000000000002
644,-0.221,-13.515,-0.017,-9.265,-0.527,-17.187,7.938399334878538,2.2754191110594952,9.63019940919554,1288.0,30,14.212000000000002
645,-0.017,-13.413,-0.6970000000000001,-9.401,0.221,-17.561,8.211475141532123,2.3526432980383745,10.268183943981754,1290.0,30,14.212000000000002
646,0.017,-12.495,-0.663,-8.143,0.255,-17.323,9.225785820188978,2.727505907834615,11.12588551852332,1292.0,30,14.212000000000002
647,0.255,-11.747000000000002,0.119,-7.769,0.085,-17.833000000000002,10.06405743226856,2.769776025811586,10.814788600028573,1294.0,30,14.212000000000002
648,0.221,-11.203,-0.561,-7.497000000000001,0.799,-17.561,10.155476158211393,2.8847041066801933,10.529270040852603,1296.0,30,14.212000000000002
649,0.255,-11.475,-0.5950000000000001,-7.463000000000001,0.221,-18.071,10.639338325290725,2.828856446007508,11.669955369784253,1298.0,30,14.212000000000002
650,0.323,-12.121,0.425,-8.653,0.119,-16.745,8.097783647393896,2.270121609668055,10.47286261427574,1300.0,30,14.212000000000002
651,0.153,-11.951,0.765,-8.755,-0.051,-17.833000000000002,9.114600375222164,2.738208546350786,9.881053841883414,1302.0,30,14.212000000000002
652,0.119,-11.679,0.629,-8.551,0.119,-15.623,7.090365575906507,2.164368920023121,8.594496049011031,1304.0,30,14.212000000000002
653,-0.289,-11.679,0.255,-8.143,-0.357,-16.269000000000002,8.149013437220484,2.599806491179189,8.432290884552833,1306.0,30,14.212000000000002
654,-0.017,-10.999,-0.085,-7.395,-0.561,-17.323,9.939404408715848,2.7273966552630187,10.268587970525443,1308.0,30,14.212000000000002
655,-0.119,-11.543,0.629,-8.517000000000001,-0.629,-17.527,9.097398749093063,2.716443240444195,9.488387233569828,1310.0,30,14.212000000000002
656,0.051,-10.897,-0.119,-7.531000000000001,-0.255,-16.643,9.11301486885652,2.508560835761925,9.65194758261416,1312.0,30,14.212000000000002
657,0.561,-11.101,0.629,-8.483,0.663,-15.555,7.072081730296958,2.742541498217969,8.848308870838006,1314.0,30,14.212000000000002
658,-0.017,-10.047,0.425,-7.701,-0.357,-16.507,8.840653821974934,2.9954870592366745,9.47938304829417,1316.0,30,14.212000000000002
659,0.5950000000000001,-11.067,0.5950000000000001,-8.415000000000001,0.119,-14.535000000000002,6.138483200270243,1.7433305653589826,6.717859661855151,1318.0,30,14.212000000000002
660,-0.017,-10.523,0.527,-7.837000000000001,0.153,-15.555,7.727056360607189,3.005736655943845,9.428633767756104,1320.0,30,14.212000000000002
661,-0.051,-10.897,0.527,-8.075000000000001,-0.5950000000000001,-16.201,8.203094538038679,2.30828721574798,9.104897665655722,1322.0,30,14.212000000000002
662,0.289,-10.149,0.391,-7.735,0.629,-16.099,8.367385493689174,2.5809266607107864,9.214221240083928,1324.0,30,14.212000000000002
663,0.221,-10.115,0.561,-7.939000000000001,-0.357,-15.419,7.5361212835251,2.892430910398479,7.969791940241268,1326.0,30,14.212000000000002
664,0.085,-9.333,0.187,-7.395,-0.527,-12.665,5.318147797870984,2.1690009156476218,7.36433274313556,1328.0,30,14.212000000000002
665,0.255,-7.735,-0.289,-6.9190000000000005,0.153,-13.277,6.373345118538616,2.4975499513823185,7.351645880220324,1330.0,30,14.212000000000002
666,-0.119,-8.619,-0.289,-6.987,-0.289,-11.407,4.42,1.995665113842536,7.021347321308801,1332.0,30,14.212000000000002
667,0.221,-6.375000000000001,0.357,-7.837000000000001,0.119,-13.515,5.682985834928678,3.134296607822312,6.1309513502551205,1334.0,30,14.212000000000002
668,0.221,-6.545000000000001,-0.017,-7.123,-0.391,-10.149,3.049024762116569,2.085899698766184,4.809096527774821,1336.0,30,14.212000000000002
669,0.051,-5.1850000000000005,-0.527,-1.3090000000000002,0.6970000000000001,-7.089,5.90817873798686,3.26758353135931,6.274981057705753,1338.0,30,14.212000000000002
670,0.255,-4.896000000000001,-0.527,-1.921,0.221,-6.545000000000001,4.684109307008111,2.49508621126125,5.37596622590299,1340.0,30,14.212000000000002
671,0.629,-3.893,-0.527,-0.221,0.8670000000000001,-5.831,5.780599968861364,3.008727872364059,6.118195679706047,1342.0,30,14.212000000000002
672,0.357,-2.091,-0.459,0.901,0.493,-5.355,6.328020227527722,2.573451852001877,6.801601405785579,1344.0,30,14.212000000000002
673,0.221,-1.989,-0.527,0.663,-0.527,-5.457000000000001,6.12,2.030516536526972,7.075088181796908,1346.0,30,14.212000000000002
674,0.323,-1.6150000000000002,-0.629,1.139,0.493,-5.1850000000000005,6.422761088503916,2.19128551178863,6.9030629276394535,1348.0,30,14.212000000000002
675,0.425,-1.3430000000000002,0.8330000000000001,1.5470000000000002,0.459,-5.253,6.810277233710828,2.2068459816742942,7.374860447474679,1350.0,30,14.212000000000002
676,0.527,-1.105,0.527,2.4650000000000003,0.187,-4.879,7.351866157650043,2.29933672645968,7.949936903042855,1352.0,30,14.212000000000002
677,0.255,-0.425,0.289,2.7710000000000004,0.221,-4.845000000000001,7.616303565378681,2.564713594847908,8.57127754176088,1354.0,30,14.212000000000002
678,0.493,0.051,-0.493,2.907,-0.493,-3.961,6.868,2.307180843957179,7.821489278447545,1356.0,30,14.212000000000002
679,0.5950000000000001,0.527,-0.357,3.519,0.017,-4.675000000000001,8.20253082895761,2.632110495050168,9.653738461023774,1358.0,30,14.212000000000002
680,0.527,0.629,-0.357,4.7090000000000005,0.459,-5.1850000000000005,9.92759245738865,3.034851294742003,10.433645650970272,1360.0,30,14.212000000000002
681,0.493,0.799,0.085,4.743,0.459,-5.219,9.969018005801775,3.012719112904121,10.495035983342577,1362.0,30,14.212000000000002
682,0.527,0.663,0.527,3.995,0.629,-3.961,7.95665381928861,2.3283602570748507,9.523967311802243,1364.0,30,14.212000000000002
683,0.357,0.459,-0.017,3.757,0.799,-3.961,7.761016685976137,2.298434323112657,9.473173769834997,1366.0,30,14.212000000000002
684,0.391,1.853,-0.051,5.6610000000000005,0.629,-3.519,9.205150732063002,2.726173939785542,10.822273784613564,1368.0,30,14.212000000000002
685,0.085,2.1590000000000003,0.935,5.049,-0.425,0.425,4.819852279894064,1.330299914167937,5.26533324010702,1370.0,30,14.212000000000002
686,0.187,3.3150000000000004,0.969,6.409000000000001,-0.527,-0.765,7.328321226583889,2.044212033841055,7.644494335092777,1372.0,30,14.212000000000002
687,0.391,2.4650000000000003,-0.017,5.287000000000001,-0.357,0.391,4.907791356608388,1.9456645118318665,5.72720456078168,1374.0,30,14.212000000000002
688,-0.017,2.363,0.289,5.525,-0.561,1.037,4.567783269814802,1.6159087121985118,7.786875753666754,1376.0,30,14.212000000000002
689,0.357,3.689,0.8670000000000001,7.565,-0.153,-1.241,8.864876536083287,2.604647656845166,10.544134223470756,1378.0,30,14.212000000000002
690,0.459,4.505,0.935,8.041,0.799,-1.0710000000000002,9.11301486885652,2.5483237261274074,10.29985026272288,1380.0,30,14.212000000000002
691,0.357,4.573,0.799,8.211,0.969,-1.3090000000000002,9.521517736159504,2.6409287596055684,10.435166934429938,1382.0,30,14.212000000000002
692,0.085,5.6610000000000005,0.8330000000000001,8.993,0.459,-0.663,9.663240243313837,2.620360742481136,10.319517424992306,1384.0,30,14.212000000000002
693,0.391,5.321000000000001,-0.051,9.809,0.935,-0.119,9.976842185782033,2.9170787193541274,11.238081455021558,1386.0,30,14.212000000000002
694,0.527,6.511,-0.5950000000000001,9.911,-0.527,0.323,9.588241131719624,2.8288564801702933,10.717343405858696,1388.0,30,14.212000000000002
695,0.561,6.885000000000001,-0.527,10.013,0.901,3.5530000000000004,6.615949213831679,2.1812956008594986,9.445821974113374,1390.0,30,14.212000000000002
696,0.187,7.395,-0.527,11.203,-0.357,0.935,10.269407188343443,2.99573539491907,11.130500094293806,1392.0,30,14.212000000000002
697,0.391,8.007000000000001,-0.561,11.679,0.527,2.261,9.480636476524138,2.933776365746623,11.090208799141983,1394.0,30,14.212000000000002
698,0.323,7.599,-0.5950000000000001,11.543,0.901,2.601,9.06627707496302,2.5033167410553188,10.58424278297428,1396.0,30,14.212000000000002
699,0.289,8.449,0.935,11.951,-0.425,3.1790000000000003,8.876800324441234,2.342778260395234,10.09071314573545,1398.0,30,14.212000000000002
700,0.357,9.231,0.425,13.447,-0.527,2.601,10.887700399992646,2.657828084038205,11.36052833012392,1400.0,30,14.212000000000002
701,0.255,9.061,0.8330000000000001,12.393,-0.357,7.327000000000001,5.203888546077828,1.9535437384060672,8.166192474713894,1402.0,30,14.212000000000002
702,0.085,9.911,0.8670000000000001,11.883,-0.5950000000000001,7.837000000000001,4.302041375905165,1.3059994831545685,4.745726293911857,1404.0,30,14.212000000000002
703,0.493,8.891,-0.629,10.795,-0.221,6.613,4.20185530450538,1.413694437517937,5.922844767929266,1406.0,30,14.212000000000002
704,0.391,8.857000000000001,-0.391,13.005,0.459,5.627000000000001,7.426801734259507,2.314394864722758,9.149613729699077,1408.0,30,14.212000000000002
705,0.357,9.537,0.935,13.447,0.051,3.349,10.136619752165906,2.883871367455133,11.312307756700893,1410.0,30,14.212000000000002
706,0.391,10.013,-0.5950000000000001,13.583,-0.187,4.607,8.985267942582459,2.56625544694522,10.17968482441972,1412.0,30,14.212000000000002
707,0.561,10.353000000000002,-0.391,14.331,-0.085,4.369000000000001,9.96669855067364,2.91519912626766,10.792742306650627,1414.0,30,14.212000000000002
708,0.051,10.829,-0.561,15.215000000000002,0.255,4.913,10.334266301968418,2.853246376296781,11.454473640336907,1416.0,30,14.212000000000002
709,0.391,10.523,-0.493,13.991,-0.051,4.913,9.088753929995024,2.690517995071834,10.441341551024925,1418.0,30,14.212000000000002
710,0.561,10.863,-0.5950000000000001,14.569,-0.085,5.763000000000001,8.820755976672295,2.608434410612636,10.31713512296599,1420.0,30,14.212000000000002
711,0.119,12.461,-0.561,14.943,0.8330000000000001,9.231,5.879641145512199,2.1103804168347,6.484235080143395,1422.0,30,14.212000000000002
712,0.289,12.393,0.323,15.895,0.935,6.307,9.60751206088236,2.5623411209373086,9.987993751657866,1424.0,30,14.212000000000002
713,0.357,11.9,0.527,15.317000000000002,0.935,6.035,9.290962705769516,2.59394828107872,10.295161367096208,1426.0,30,14.212000000000002
714,0.221,11.747000000000002,-0.561,15.045000000000002,-0.119,8.483,6.576869163971563,2.3759811758960447,8.11020034177005,1428.0,30,14.212000000000002
715,0.391,13.651000000000002,-0.561,17.187,-0.323,6.477,10.712644118050408,2.967957369165019,11.43084722787292,1430.0,30,14.212000000000002
716,0.629,14.433000000000002,-0.357,17.765,-0.221,9.061,8.70506243515806,2.9120891148176438,9.553219764126842,1432.0,30,14.212000000000002
717,0.255,13.923000000000002,-0.561,16.541,-0.017,8.721,7.838898902269375,2.285701236767368,9.74139754177386,1434.0,30,14.212000000000002
718,0.561,14.535000000000002,-0.051,17.765,-0.255,9.231,8.536437898795961,2.3939601456923585,9.165775503657835,1436.0,30,14.212000000000002
719,0.221,13.753,-0.187,17.357000000000003,0.765,10.353000000000002,7.068402931355852,2.1280278436186038,9.986457155913634,1438.0,30,14.212000000000002
720,-0.119,16.303,0.017,20.077,-0.221,9.265,10.814619179610531,3.080468817438552,11.38449117284608,1440.0,30,14.212000000000002
721,0.323,16.371000000000002,0.153,19.567,0.425,12.087000000000002,7.484943820764456,2.255779669030637,8.675484549973374,1442.0,30,14.212000000000002
722,0.527,16.745,0.765,20.315,0.969,12.359000000000002,7.958614954877514,2.381186245021155,9.75791893589338,1444.0,30,14.212000000000002
723,0.391,17.629,0.901,21.539,0.7310000000000001,12.053,9.48752317520226,2.6675536155186585,10.853333986669668,1446.0,30,14.212000000000002
724,-0.119,18.955,0.527,22.627,0.969,12.733,9.903867931268069,2.9899101937983845,11.31584949156782,1448.0,30,14.212000000000002
725,-0.153,19.295,0.527,23.443,0.459,11.849,11.594199411774838,3.2033701759984416,12.18382765026222,1450.0,30,14.212000000000002
726,0.153,18.445,0.255,22.865,0.289,12.291,10.574054662238131,3.107801572436111,11.001149262676456,1452.0,30,14.212000000000002
727,0.459,18.581000000000003,0.765,21.913,-0.017,15.147,6.811041036434886,2.184014982724761,7.450481764202415,1454.0,30,14.212000000000002
728,0.493,18.819000000000003,0.8670000000000001,22.661,-0.357,14.569,8.184047898198056,2.9141933107299387,8.50557293627087,1456.0,30,14.212000000000002
729,0.493,18.683,0.8670000000000001,22.559,-0.357,13.923000000000002,8.722308868642523,3.006657334070972,9.027002856582715,1458.0,30,14.212000000000002
730,-0.051,18.615,0.799,22.491000000000003,-0.5950000000000001,12.495,10.092732632939407,2.872155057803507,10.519249798074592,1460.0,30,14.212000000000002
731,0.051,18.581000000000003,0.017,22.117,-0.357,13.073,9.05172977943995,2.5694935676927875,10.122580613229696,1462.0,30,14.212000000000002
732,0.527,18.173,0.629,22.049000000000003,-0.391,12.767,9.33787577557123,2.7673424861511635,10.671932973575965,1464.0,30,14.212000000000002
733,0.391,19.091,-0.391,23.137,-0.187,13.447,9.692147130538208,3.0095194316258094,10.60927945445368,1466.0,30,14.212000000000002
734,0.289,19.193,-0.527,22.321,-0.561,13.209,9.112063432615033,2.5275116566253906,10.367339576990636,1468.0,30,14.212000000000002
735,0.391,19.907,-0.459,22.933000000000003,0.493,15.113,7.877734699772518,2.300498544177265,9.52660535431031,1470.0,30,14.212000000000002
736,0.323,20.349,-0.221,23.885,-0.323,14.025,9.860527572092682,2.698130796353806,10.546443098283223,1472.0,30,14.212000000000002
737,0.323,20.621,0.8670000000000001,24.837000000000003,-0.051,15.317000000000002,9.564158300655633,2.537660556209487,11.03198969428779,1474.0,30,14.212000000000002
738,0.425,20.995,0.119,24.429,0.799,16.303,8.154402246639542,2.3412693988391045,9.305291127010811,1476.0,30,14.212000000000002
739,-0.085,21.471,-0.561,25.959000000000003,-0.357,17.051000000000002,8.910335571683033,2.618678918038197,10.740425025092009,1478.0,30,14.212000000000002
740,-0.017,21.403,-0.255,24.327,0.255,19.023,5.328462817736464,1.521867911605599,6.576054731838029,1480.0,30,14.212000000000002
741,0.493,22.321,0.8330000000000001,20.757,0.017,15.827000000000002,4.997074744287903,3.0019873676920845,5.356380851517998,1482.0,30,14.212000000000002
742,0.255,20.417,-0.527,24.055000000000003,0.663,17.255000000000003,6.903339771443965,2.2106280549672324,9.730248599063252,1484.0,30,14.212000000000002
743,-0.051,21.981,-0.5950000000000001,25.347,-0.5950000000000001,17.289,8.058,2.2370438450026016,9.357458066641597,1486.0,30,14.212000000000002
744,-0.119,21.539,-0.221,25.449,0.425,17.765,7.711107054113567,2.276464600851134,10.174930082771615,1488.0,30,14.212000000000002
745,-0.051,21.777,-0.561,24.939,0.221,19.227,5.765281259400967,1.792594681944443,8.101827904250511,1490.0,30,14.212000000000002
746,0.357,22.865,0.425,27.557,0.289,16.167,11.390811911360842,3.2090060546006303,12.098811212273612,1492.0,30,14.212000000000002
747,0.459,24.327,-0.527,28.203000000000003,0.425,17.357000000000003,10.887700399992646,3.6321838585646495,12.199918746310926,1494.0,30,14.212000000000002
748,0.425,24.191000000000003,-0.391,27.591,0.969,19.703000000000003,8.004382799441816,2.445336562889158,9.887210020651612,1496.0,30,14.212000000000002
749,0.357,24.905,-0.255,28.713,0.527,20.043000000000003,8.705195230435674,2.512863776137213,9.048886942696091,1498.0,30,14.212000000000002
750,0.527,25.041,-0.425,28.985000000000003,-0.357,19.091,9.894233674216514,2.9053966849339865,11.029575560751349,1500.0,30,14.212000000000002
751,0.153,25.415000000000003,-0.051,29.223000000000003,0.187,19.329,9.896862128978054,2.7482003642765265,10.879994788708151,1502.0,30,14.212000000000002
752,0.255,25.721,0.765,28.815,0.561,22.797,6.021456634403341,1.8184022315859527,7.403581759911033,1504.0,30,14.212000000000002
753,0.187,25.687,0.255,29.495,0.6970000000000001,22.321,7.187603216650179,2.338718810973222,9.757176182072708,1506.0,30,14.212000000000002
754,0.017,26.911,-0.289,30.481,-0.561,20.485000000000003,9.999699995499864,2.9112930472171428,10.569322516978344,1508.0,30,14.212000000000002
755,0.051,27.659,0.8330000000000001,30.787000000000003,-0.051,21.233,9.594809638549377,2.693606919796983,10.837381988545337,1510.0,30,14.212000000000002
756,0.561,28.101000000000003,0.663,32.521,0.935,21.471,11.053347185355214,3.047299832929201,11.911403458024711,1512.0,30,14.212000000000002
757,0.255,29.087000000000003,0.969,32.249,0.935,24.395000000000003,7.854073592728808,2.171504167286241,9.373538598840716,1514.0,30,14.212000000000002
758,0.187,28.951,-0.051,32.623000000000005,-0.561,25.347,7.293851931592799,2.24269304927677,9.599332038894694,1516.0,30,14.212000000000002
759,-0.153,29.359,-0.629,32.079,-0.561,26.775,5.304435879525739,1.825509998313269,6.768661978321319,1518.0,30,14.212000000000002
760,0.357,30.447000000000003,0.7310000000000001,33.473,0.357,27.659,5.826016821122301,1.7472319876170517,6.585640596145865,1520.0,30,14.212000000000002
761,-0.085,31.909,,,,,5.826016821122301,2.42881378808214,,1522.0,30,14.212000000000002
762,-0.017,32.419000000000004,0.085,36.023,0.255,26.537000000000003,9.48752317520226,2.7950082314743443,10.27703208911521,1524.0,30,14.212000000000002
763,0.051,32.725,0.085,36.567,0.493,26.435,10.14021143763778,3.3763660481936286,10.59901265592442,1526.0,30,14.212000000000002
764,-0.153,33.456,0.255,37.111,0.459,28.611,8.502447647589488,2.4820329243025645,9.403694274222806,1528.0,30,14.212000000000002
765,-0.051,33.150000000000006,0.391,36.159000000000006,0.255,28.203000000000003,7.957162308260402,2.43172315759738,9.53260217944902,1530.0,30,14.212000000000002
766,-0.051,33.660000000000004,0.799,37.043,0.969,27.761000000000003,9.283556646027426,2.6086530158195527,10.255148835258291,1532.0,30,14.212000000000002
767,-0.051,33.745000000000005,0.935,37.961000000000006,0.629,27.625000000000004,10.340528613180275,2.875357195822452,11.336741448605348,1534.0,30,14.212000000000002
768,-0.153,34.051,0.5950000000000001,37.859,0.7310000000000001,27.047,10.81285531208108,3.13959269290216,11.540590764243037,1536.0,30,14.212000000000002
769,0.051,34.799,0.765,38.403000000000006,0.459,29.903,8.50550621656348,2.407643399256293,10.285172876825504,1538.0,30,14.212000000000002
770,0.289,35.207,0.051,38.879000000000005,0.187,29.767000000000003,9.11301486885652,2.342153771286649,9.961621426228623,1540.0,30,14.212000000000002
771,-0.187,36.057,0.935,40.137,0.187,30.311000000000003,9.854429460907417,2.8376564833474016,11.165272134429909,1542.0,30,14.212000000000002
772,0.051,36.941,0.085,40.579,-0.255,32.181000000000004,8.404879773084206,2.3783406472933817,9.789012010925914,1544.0,30,14.212000000000002
773,0.459,37.587,0.527,40.715,0.085,32.623000000000005,8.104062438061543,2.339203024121614,9.236952964612794,1546.0,30,14.212000000000002
774,0.527,38.777,0.153,42.313,-0.459,32.351,9.98078093137005,2.812167066694177,10.765319040007489,1548.0,30,14.212000000000002
775,-0.051,39.151,-0.663,42.891000000000005,-0.119,32.963,9.942892939180227,2.7392762025682016,11.13410819576665,1550.0,30,14.212000000000002
776,0.017,38.539,0.221,41.73500000000001,-0.017,35.445,6.294501092223275,1.8079425957827155,7.38155648314204,1552.0,30,14.212000000000002
777,0.153,38.029,0.289,42.143,0.935,36.669,5.511986211884062,2.040919258400573,9.98937153662488,1554.0,30,14.212000000000002
778,-0.221,38.913,-0.799,42.007000000000005,-0.425,33.201,8.813938506706297,2.5486902643682767,10.158508380620344,1556.0,30,14.212000000000002
779,0.119,39.593,-0.5950000000000001,43.027,-0.425,33.337,9.691491113342671,2.6824089662047514,10.470152636203316,1558.0,30,14.212000000000002
780,-0.255,40.477,-1.989,44.081,0.187,34.663000000000004,9.66611090356406,2.894324937621027,10.915878595673734,1560.0,30,14.212000000000002
781,-0.119,41.837,0.085,45.645,0.901,35.309000000000005,10.36816049258498,2.803373252647084,11.066711715239302,1562.0,30,14.212000000000002
782,-0.187,42.109,1.105,45.815000000000005,0.085,38.097,7.785109119338021,2.340552473278731,8.805620533332942,1564.0,30,14.212000000000002
783,1.139,41.599,1.955,44.693000000000005,0.901,39.797,5.0081665307775065,1.8430222745837677,8.19402329719689,1566.0,30,14.212000000000002
784,1.3090000000000002,42.653000000000006,1.377,46.631,-0.527,38.267,8.577978316596516,2.406186733693501,9.127222728670803,1568.0,30,14.212000000000002
785,1.3430000000000002,42.551,1.5470000000000002,46.631,-0.6970000000000001,37.417,9.48331861744611,2.6554184155364124,9.9854920078252,1570.0,30,14.212000000000002
786,1.02,43.333000000000006,0.8670000000000001,46.801,-0.153,39.831,7.044238780734226,2.366355223008316,7.764446666186489,1572.0,30,14.212000000000002
787,1.275,42.891000000000005,1.105,46.767,1.513,41.701,5.082402974971584,2.278718202868364,5.415799196741737,1574.0,30,14.212000000000002
788,1.6150000000000002,44.727,0.357,47.821000000000005,1.513,41.667,6.26163333324461,2.4735931444852537,7.673679595213294,1576.0,30,14.212000000000002
789,0.459,44.42100000000001,1.513,48.263000000000005,-0.051,39.695,8.709576338720503,2.3324099125153794,10.60133418047651,1578.0,30,14.212000000000002
790,0.323,45.747,3.349,45.747,0.323,42.075,4.758178222807549,1.8642927980867852,10.30643456709752,1580.0,30,14.212000000000002
791,0.051,45.713,3.2470000000000003,47.039,0.935,40.103,7.311185950309293,2.4281319014355938,11.707254206000798,1582.0,30,14.212000000000002
792,0.425,44.489,3.281,46.903000000000006,-1.819,42.041,7.046207774398936,2.381146910694357,10.106493567478427,1584.0,30,14.212000000000002
793,0.629,44.387,2.9410000000000003,47.515,-0.527,40.477,7.846047922361934,2.5078232619163323,10.329991298222454,1586.0,30,14.212000000000002
794,-0.629,46.121,0.119,44.795,1.377,44.829,1.2584593755858788,1.386021037745521,8.814143347604304,1588.0,30,14.212000000000002
795,-0.459,45.849,0.799,44.149,2.1590000000000003,45.067,1.6408302776338572,1.425116654622269,10.020309788433597,1590.0,30,14.212000000000002
796,0.323,45.135000000000005,0.051,49.045,0.8670000000000001,41.667,7.42298726928721,2.3412921188340183,9.111630162976333,1592.0,30,14.212000000000002
797,-1.377,44.795,-0.119,48.841,1.3090000000000002,41.939,7.048176218001364,2.507900138806788,10.941439770869538,1594.0,30,14.212000000000002
798,-0.187,44.625,-0.187,49.011,-1.003,42.211000000000006,6.84878500173571,2.261108399694943,10.867838092421202,1596.0,30,14.212000000000002
799,-1.207,44.999,-0.561,48.875,-0.051,42.891000000000005,6.005693631879669,2.2762447611608905,10.35787341771126,1598.0,30,14.212000000000002
800,-1.139,45.441,-0.425,49.045,-0.187,42.041,7.008042522702042,2.369060866886443,9.65260887916913,1600.0,30,14.212000000000002
801,0.459,45.271,-1.5470000000000002,48.67100000000001,-0.323,39.525000000000006,9.227539867158526,2.848823867942728,10.860156622510342,1602.0,30,14.212000000000002
802,0.5950000000000001,45.407,-2.261,47.821000000000005,-0.493,39.117,8.881747575787099,2.991712657668573,11.86176127230436,1604.0,30,14.212000000000002
803,0.663,45.56,-1.989,48.467000000000006,0.561,39.049,9.757111457803482,3.0684187190212446,11.717780056698563,1606.0,30,14.212000000000002
804,0.255,45.441,-0.153,48.943000000000005,-0.663,41.123000000000005,7.836612788698955,2.341526678930093,8.376009998166516,1608.0,30,14.212000000000002
805,0.527,45.611,-0.799,48.67100000000001,-0.051,41.293000000000006,7.415820116480712,2.680891359391897,10.130636098586546,1610.0,30,14.212000000000002
806,0.7310000000000001,45.373000000000005,-0.935,48.875,-0.493,39.083000000000006,9.80197061819714,2.7394250340612314,11.3214853231801,1612.0,30,14.212000000000002
807,0.8670000000000001,45.237,-0.561,47.855,-0.357,42.075,5.783598879590458,1.9975449750672591,8.995588756824283,1614.0,30,14.212000000000002
808,0.5950000000000001,45.220000000000006,-2.4650000000000003,47.719,2.193,42.143,7.265586005271702,2.339647367543606,9.79692411526762,1616.0,30,14.212000000000002
809,-1.0710000000000002,44.455000000000005,-2.329,47.685,3.145,42.721,7.389585374024716,2.429602513147976,9.314963009529167,1618.0,30,14.212000000000002
810,-1.377,44.234,-2.2950000000000004,48.263000000000005,2.873,42.483,7.753491084666313,2.4099839838470785,9.86553409480688,1620.0,30,14.212000000000002
811,-1.139,43.979000000000006,-1.3090000000000002,48.025000000000006,2.873,42.823,6.674573244785018,2.4180505798065903,10.62646082847338,1622.0,30,14.212000000000002
812,-0.935,44.795,-1.921,48.229000000000006,2.261,42.959,6.7277057010544095,2.38325705038804,11.38553971591996,1624.0,30,14.212000000000002
813,-1.139,44.319,-2.125,48.127,1.921,42.075,7.279891482707693,2.504277302236169,10.17775463449405,1626.0,30,14.212000000000002
814,-0.017,44.795,-2.431,47.719,1.853,41.905,7.22185931737804,2.433335407275593,10.99062718519432,1628.0,30,14.212000000000002
815,0.493,47.54900000000001,-2.873,47.54900000000001,2.4650000000000003,45.611,5.678916093762964,2.139791099307476,7.463288908631215,1630.0,30,14.212000000000002
816,0.765,47.141000000000005,-2.2270000000000003,48.263000000000005,1.6150000000000002,45.033,5.019348961767851,1.7334482876812285,9.2944122544987,1632.0,30,14.212000000000002
817,0.765,46.699000000000005,-2.2950000000000004,48.331,2.2270000000000003,43.775000000000006,6.419160381233671,2.208894509743183,10.245840884328317,1634.0,30,14.212000000000002
818,-0.7310000000000001,44.965,-2.431,48.025000000000006,3.4170000000000003,43.29900000000001,7.518921465210286,2.6490115205599314,10.067103473611766,1636.0,30,14.212000000000002
819,-0.7310000000000001,44.897000000000006,-2.9410000000000003,47.583000000000006,2.363,44.625,6.073070063814512,2.5880795371336047,8.19377728562551,1638.0,30,14.212000000000002
820,0.391,47.039,-3.145,47.209,3.111,43.061,7.506226748506869,2.340775994210566,11.265772291161742,1640.0,30,14.212000000000002
821,1.139,47.583000000000006,-2.805,47.515,3.4850000000000003,43.333000000000006,7.553358458328322,2.9415174191686724,11.342710824137878,1642.0,30,14.212000000000002
822,0.7310000000000001,46.563,-2.193,46.665000000000006,2.601,44.86300000000001,5.121488065006108,1.7599511877130372,6.484208773979364,1644.0,30,14.212000000000002
823,0.085,45.475,-2.4650000000000003,43.809000000000005,0.153,44.523,2.7136175117359485,1.8757129972890527,10.861774903195172,1646.0,30,14.212000000000002
824,0.391,45.577000000000005,-1.3090000000000002,42.755,2.499,43.231,3.83763468819011,2.363232690471815,11.42705969332956,1648.0,30,14.212000000000002
825,1.717,46.733,-0.765,45.883,0.969,44.047,2.5254013542405493,1.9964783781920397,10.21719503026113,1650.0,30,14.212000000000002
826,1.513,47.175,-1.5810000000000002,47.99100000000001,0.765,43.095000000000006,5.429045219925876,2.4675951903585527,10.280242351456543,1652.0,30,14.212000000000002
827,1.751,47.617,-2.329,48.43300000000001,0.935,42.279,6.966018374939877,2.923961297847973,12.50297279111098,1654.0,30,14.212000000000002
828,1.173,46.257000000000005,-1.751,48.637,1.853,42.381,7.219858170352102,2.6159544319001578,10.078464831131097,1656.0,30,14.212000000000002
829,1.683,46.665000000000006,-1.513,48.67100000000001,1.921,41.905,7.587562981616694,2.764136311684576,10.483398901184072,1658.0,30,14.212000000000002
830,0.289,45.033,-1.479,48.705000000000005,2.023,42.415000000000006,7.199173841490426,2.3837880489786167,10.927303006330025,1660.0,30,14.212000000000002
831,0.051,45.407,0.221,48.569,2.091,44.557,4.426403054399814,1.5450705778664773,9.683203598636554,1662.0,30,14.212000000000002
832,0.085,44.149,-1.751,48.467000000000006,3.3150000000000004,42.959,7.483476464852416,2.5108817630999014,11.74539671570718,1664.0,30,14.212000000000002
833,0.425,45.577000000000005,-0.051,42.585,0.153,42.823,0.3134645115479582,1.6027257346581785,1.7852414350810408,1666.0,30,14.212000000000002
834,0.459,46.529,-3.111,46.121,-0.017,44.217000000000006,3.632912330348753,2.1443355435019957,11.238779562760866,1668.0,30,14.212000000000002
835,0.5950000000000001,46.86900000000001,-3.2470000000000003,46.971,2.567,44.625,6.269474619136759,2.2548509549615265,9.792172615325958,1670.0,30,14.212000000000002
836,0.221,46.767,-3.1790000000000003,46.155,3.0090000000000003,44.591,6.38258881645998,2.4610993938402874,8.660744985516553,1672.0,30,14.212000000000002
837,-0.085,45.679,-3.4170000000000003,45.475,3.0770000000000004,43.843,6.695928613717444,2.320853117351757,9.734052785547451,1674.0,30,14.212000000000002
838,-0.255,46.461000000000006,-3.825,45.101000000000006,1.955,44.693000000000005,5.7943821068341705,2.54097039752085,10.51166624226098,1676.0,30,14.212000000000002
839,-0.357,46.563,-3.723,45.135000000000005,3.519,44.523,7.267813151148013,2.5711728828373874,10.567369176564767,1678.0,30,14.212000000000002
840,-0.765,46.699000000000005,-2.737,44.285,3.451,43.979000000000006,6.195561314360468,2.531573117214132,10.84700043247068,1680.0,30,14.212000000000002
841,-0.221,46.835,-3.281,45.849,3.349,44.897000000000006,6.698,2.339278536989478,9.605152553333248,1682.0,30,14.212000000000002
842,0.119,46.529,-3.145,45.849,2.499,44.387,5.830281296815789,2.099944746928618,9.610023745376346,1684.0,30,14.212000000000002
843,-0.493,47.073,-2.873,45.237,2.499,44.897000000000006,5.382748740188418,2.100874199799943,9.232830577002453,1686.0,30,14.212000000000002
844,-0.8330000000000001,47.447,-3.621,46.291,0.901,45.169,4.659116654474323,1.8803726297432315,8.258390118518516,1688.0,30,14.212000000000002
845,-0.935,47.651,-3.5530000000000004,46.087,3.2470000000000003,46.903000000000006,6.84878500173571,2.566186022528808,8.485548657616649,1690.0,30,14.212000000000002
846,-0.357,46.461000000000006,-3.4170000000000003,46.121,3.451,46.699000000000005,6.892278868415004,2.079294477765329,7.917870664289716,1692.0,30,14.212000000000002
847,-0.459,46.937000000000005,-3.519,44.523,1.5810000000000002,44.557,5.100113332074102,2.394833871935168,11.677872215844292,1694.0,30,14.212000000000002
848,-0.5780000000000001,46.495000000000005,-3.621,44.523,2.975,44.081,6.610792690744431,2.775301439010748,12.204428463939196,1696.0,30,14.212000000000002
849,0.153,46.631,-3.111,45.203,2.635,44.557,5.782199581474164,2.2189811803705672,9.905605470587558,1698.0,30,14.212000000000002
850,-0.153,46.461000000000006,-3.281,46.053,3.451,46.087,6.732085858038355,2.1483852709852287,7.580373728097787,1700.0,30,14.212000000000002
851,-0.153,46.665000000000006,-3.2470000000000003,46.495000000000005,3.0770000000000004,47.175,6.360454071841098,2.251320318680788,6.925645155831995,1702.0,30,14.212000000000002
852,-0.153,46.087,,,,,6.360454071841098,2.0820743978794525,,1704.0,30,14.212000000000002
853,0.663,45.747,-1.649,48.365,3.0090000000000003,43.775000000000006,6.5395002867191625,2.314795880672685,10.079480112479146,1706.0,30,14.212000000000002
854,0.221,46.172,2.125,44.897000000000006,2.2950000000000004,48.161,3.26842408509055,2.155409613043424,11.190330090208702,1708.0,30,14.212000000000002
855,-0.493,45.747,1.649,41.633,2.397,47.821000000000005,6.233044841808857,2.605855909459841,11.535443869912388,1710.0,30,14.212000000000002
856,-0.629,45.577000000000005,1.6150000000000002,41.599,0.901,48.841,7.2771120645486835,2.5510083299831896,10.622597441338408,1712.0,30,14.212000000000002
857,-1.0710000000000002,45.713,1.6150000000000002,41.599,-0.459,48.43300000000001,7.141780730322095,2.354891392016248,10.100231835780006,1714.0,30,14.212000000000002
858,-0.935,45.781000000000006,-1.377,42.245000000000005,-0.663,48.773,6.566930789950508,2.077509659388492,7.074916945265862,1716.0,30,14.212000000000002
859,-1.3430000000000002,45.441,0.221,41.973000000000006,0.187,48.43300000000001,6.460089473064596,2.1878051551327413,9.382748496686078,1718.0,30,14.212000000000002
860,-0.119,45.305,-1.0710000000000002,42.177,-0.357,48.841,6.702140851996473,1.908442674014601,8.298746913551978,1720.0,30,14.212000000000002
861,0.357,44.829,-1.411,42.109,1.785,48.501000000000005,7.146473256089328,2.2154645660785013,11.498368907307684,1722.0,30,14.212000000000002
862,1.003,45.237,-0.8330000000000001,41.395,-0.493,48.195,6.808494694130268,2.284983210965922,11.349269770912649,1724.0,30,14.212000000000002
863,0.901,44.829,-0.255,42.585,0.357,48.637,6.082865114401272,1.84781885828142,9.973793284264827,1726.0,30,14.212000000000002
864,1.955,45.271,-0.187,41.225,1.3090000000000002,48.739,7.661475836938991,2.263266000629398,9.60050229372322,1728.0,30,14.212000000000002
865,2.193,45.033,-0.935,41.599,1.105,47.99100000000001,6.709639632647942,2.1610890797407105,9.66912718324479,1730.0,30,14.212000000000002
866,2.057,44.795,-0.187,40.715,-0.017,45.611,4.898950499851984,2.13479832850674,10.441421626731778,1732.0,30,14.212000000000002
867,1.819,44.489,-1.513,42.415000000000006,0.8330000000000001,47.311,5.429045219925876,2.0952052008550908,9.24164354076244,1734.0,30,14.212000000000002
868,1.751,44.387,-2.567,43.775000000000006,0.323,46.461000000000006,3.945465245062996,2.650613155127002,12.476468621786418,1736.0,30,14.212000000000002
869,1.02,45.033,-0.493,41.803,0.187,48.365,6.597139076902957,1.9698241277203643,10.421948394996434,1738.0,30,14.212000000000002
870,1.479,45.679,-0.799,45.033,-0.187,47.685,2.721699469081772,1.4955495612938137,9.206128467419854,1740.0,30,14.212000000000002
871,1.666,46.665000000000006,1.275,41.973000000000006,-0.799,49.011,7.337228359537408,2.565629969920584,10.146144062555324,1742.0,30,14.212000000000002
872,1.6150000000000002,47.107000000000006,2.567,44.795,-1.5810000000000002,48.739,5.723726059133159,2.821708079296372,6.632269388237261,1744.0,30,14.212000000000002
873,2.023,47.345000000000006,1.275,41.973000000000006,-1.785,48.501000000000005,7.209603595205496,2.981299319150902,11.481334762430954,1746.0,30,14.212000000000002
874,1.5470000000000002,46.733,0.8330000000000001,44.353,-1.105,48.399,4.486196607372442,1.8669996435920744,9.394241514774237,1748.0,30,14.212000000000002
875,0.8670000000000001,45.135000000000005,2.2950000000000004,44.829,-0.459,48.773,4.81036921659866,2.477505016907445,5.8028112353949135,1750.0,30,14.212000000000002
876,0.459,45.543000000000006,2.4650000000000003,44.489,-1.105,48.875,5.655253840456678,2.4213650123636445,6.300877109795261,1752.0,30,14.212000000000002
877,-0.493,45.237,2.567,43.333000000000006,-1.139,48.739,6.554332307718308,2.170331088397677,9.30632992748154,1754.0,30,14.212000000000002
878,-0.153,44.727,0.799,42.381,-1.377,48.67100000000001,6.655755103667803,2.300330858074563,9.98667959741048,1756.0,30,14.212000000000002
879,-0.153,45.067,0.459,40.273,0.561,48.705000000000005,8.432616912916181,2.651195882820553,10.43348218703864,1758.0,30,14.212000000000002
880,-0.425,44.86300000000001,0.017,39.661,-2.737,47.617,8.419171693224934,2.663185263339367,10.285106983442184,1760.0,30,14.212000000000002
881,-0.289,44.625,-0.357,39.355,-2.669,47.447,8.41580703200828,2.764011308438228,10.89274210479407,1762.0,30,14.212000000000002
882,-0.119,44.455000000000005,-0.629,39.695,-2.023,47.651,8.077200752736063,2.698835642156294,10.58481210362269,1764.0,30,14.212000000000002
883,0.085,44.897000000000006,-0.323,40.069,0.051,48.841,8.779969248237718,2.481095705669913,9.49742364373086,1766.0,30,14.212000000000002
884,-0.255,44.081,,,,,8.779969248237718,2.4363626928270827,,1768.0,30,14.212000000000002
885,-0.765,44.183,0.051,39.763000000000005,-2.635,47.481,8.172032794843643,2.5625848943337277,10.71263488800659,1770.0,30,14.212000000000002
886,-0.493,44.931,-0.493,39.797,-2.737,47.345000000000006,7.874505698772464,2.319870826235237,10.52002939849338,1772.0,30,14.212000000000002
887,-0.663,44.761,-0.493,39.763000000000005,-1.887,47.719,8.077200752736063,2.2918363976601,9.78354131090508,1774.0,30,14.212000000000002
888,-0.7310000000000001,44.795,0.323,39.049,-0.629,48.739,9.73665260754434,2.6677072630365632,10.539844188442476,1776.0,30,14.212000000000002
889,-1.241,44.183,0.5950000000000001,41.225,-1.649,48.773,7.874505698772464,2.615005532351041,11.768437723266372,1778.0,30,14.212000000000002
890,-2.023,44.897000000000006,0.765,42.075,-1.003,47.855,6.044354721556306,2.2007336212256075,9.7823102915945,1780.0,30,14.212000000000002
891,-2.125,44.897000000000006,0.527,39.763000000000005,-0.969,48.943000000000005,9.301097569641984,2.5776655772282733,11.483038485261968,1782.0,30,14.212000000000002
892,-0.221,45.441,-0.7310000000000001,41.429,-1.955,48.263000000000005,6.942746718698587,2.32633196387563,8.491010734126128,1784.0,30,14.212000000000002
893,0.7310000000000001,44.982000000000006,0.5950000000000001,38.845000000000006,-1.751,48.365,9.80480066090076,2.986344308616965,11.274117719996498,1786.0,30,14.212000000000002
894,0.493,45.033,0.765,40.511,-1.5810000000000002,48.705000000000005,8.523224272539121,2.707520985310629,11.325805111992675,1788.0,30,14.212000000000002
895,-0.561,44.761,-1.037,43.095000000000006,-0.255,48.875,5.832660113533104,2.154601887717185,10.3917686064588,1790.0,30,14.212000000000002
896,-0.459,44.86300000000001,2.125,42.041,0.085,48.909000000000006,7.164567258390419,2.368792996741881,10.410847858748294,1792.0,30,14.212000000000002
897,-1.037,44.931,2.363,42.007000000000005,-0.289,49.045,7.521073593576917,2.5329593868786766,10.77941133886934,1794.0,30,14.212000000000002
898,-1.139,45.101000000000006,0.901,42.143,-1.3430000000000002,48.739,6.967262877199339,2.252926978670863,9.18541435116236,1796.0,30,14.212000000000002
899,-1.275,45.169,1.0710000000000002,42.347,0.527,49.079,6.753944032933646,2.741330085489878,11.343471723574693,1798.0,30,14.212000000000002
900,-1.649,45.98500000000001,,,,,6.753944032933646,2.9061081253898657,,1800.0,30,14.212000000000002
901,-1.105,45.339000000000006,0.323,40.953,0.391,48.909000000000006,7.956290592983643,2.712258305239356,10.280232535258031,1802.0,30,14.212000000000002
902,0.017,45.951,-1.3430000000000002,41.769000000000005,-1.887,46.053,4.3184015561316205,2.053433351082966,11.123213120460427,1804.0,30,14.212000000000002
903,0.663,46.121,0.119,40.987,-2.873,46.971,6.690315388679371,2.231555982687628,10.931039245174023,1806.0,30,14.212000000000002
904,0.255,46.529,0.8330000000000001,42.653000000000006,-3.4170000000000003,46.325,5.616590068716072,2.239633088319685,10.375075305094963,1808.0,30,14.212000000000002
905,0.5950000000000001,46.903000000000006,1.751,42.687000000000005,-3.281,47.039,6.652888695897445,2.771966940099448,11.867849521434646,1810.0,30,14.212000000000002
906,0.901,46.648,2.669,42.585,-1.921,48.229000000000006,7.274808313625865,2.5658417567551277,9.105261155370869,1812.0,30,14.212000000000002
907,0.153,46.155,0.935,43.027,-2.805,47.175,5.585114501959651,2.3782918992625923,8.076714051392587,1814.0,30,14.212000000000002
908,0.391,45.747,2.363,42.891000000000005,-2.431,47.99100000000001,6.999459693433487,2.3952688745987625,9.726264251281398,1816.0,30,14.212000000000002
909,-1.785,44.251000000000005,2.499,43.877,-2.329,48.229000000000006,6.499960615265296,2.3957244926553702,10.497478762086343,1818.0,30,14.212000000000002
910,-2.363,44.42100000000001,1.6150000000000002,43.265,-2.2950000000000004,48.297,6.372528854387401,2.33595504201591,9.702721572330026,1820.0,30,14.212000000000002
911,-2.567,44.965,1.717,43.197,-1.513,48.773,6.443964307784456,2.6448209687087973,11.775499728564675,1822.0,30,14.212000000000002
912,-2.431,44.999,0.5950000000000001,42.211000000000006,-1.5470000000000002,48.637,6.773598748080668,2.4171444861338123,10.049415012560978,1824.0,30,14.212000000000002
913,-2.091,44.86300000000001,0.323,39.423,-1.683,48.67100000000001,9.463061872354,2.6388614490663245,11.174750120127294,1826.0,30,14.212000000000002
914,-2.091,44.86300000000001,0.799,39.253,-0.425,48.535,9.362355472849767,2.789936678407821,11.69789136534791,1828.0,30,14.212000000000002
915,-1.3430000000000002,44.761,0.357,40.579,0.357,47.447,6.868,2.1714587130610465,9.878261182906922,1830.0,30,14.212000000000002
916,-1.3090000000000002,44.489,1.3090000000000002,45.101000000000006,-0.187,44.047,1.830008743148513,1.515127739260556,2.736090378146516,1832.0,30,14.212000000000002
917,-0.8670000000000001,44.795,2.261,44.829,1.105,42.619,2.49408019117269,1.9877555983420487,11.772018348523426,1834.0,30,14.212000000000002
918,-0.357,45.815000000000005,3.4850000000000003,46.019000000000005,-0.153,41.395,5.883572044260188,2.6265539604344816,11.20858491376231,1836.0,30,14.212000000000002
919,-0.357,45.781000000000006,2.9410000000000003,47.515,-0.629,41.463,7.026493008606783,2.542206066864808,9.821711141505869,1838.0,30,14.212000000000002
920,-0.663,46.563,1.921,45.509,0.357,42.891000000000005,3.0495934155227973,2.0621505336918804,10.487190742646886,1840.0,30,14.212000000000002
921,-1.377,46.801,2.975,46.359,-0.527,42.959,4.88098391720358,2.723343944491772,12.44087456063649,1842.0,30,14.212000000000002
922,-1.0710000000000002,46.019000000000005,2.431,45.339000000000006,-0.901,43.503,3.804355398750228,2.254149715564973,10.563006762694078,1844.0,30,14.212000000000002
923,-0.6970000000000001,46.631,3.1790000000000003,46.223000000000006,-2.7030000000000003,42.619,6.898314286838488,2.4182596502443654,10.540867592622163,1846.0,30,14.212000000000002
924,-0.459,46.087,3.4170000000000003,46.121,-3.043,43.401,7.009279563550024,2.265243101687673,10.132996659843856,1848.0,30,14.212000000000002
925,-0.765,46.053,2.567,44.557,-1.105,45.067,3.7072474964587943,2.0321979714521574,9.591382780375351,1850.0,30,14.212000000000002
926,0.765,46.257000000000005,1.955,43.639,-3.0770000000000004,44.557,5.115051123889184,2.4420066636316324,10.524988723117566,1852.0,30,14.212000000000002
927,0.935,46.529,3.825,44.285,-3.621,45.713,7.5816950611324385,2.993091027112965,9.726212911380864,1854.0,30,14.212000000000002
928,0.459,46.257000000000005,2.873,42.823,-0.765,47.107000000000006,5.620293586637623,2.524912265106716,11.00120076217876,1856.0,30,14.212000000000002
929,0.051,44.761,3.0090000000000003,43.027,-1.6150000000000002,46.291,5.65995335669827,2.2931363673998764,10.125223257784064,1858.0,30,14.212000000000002
930,-0.391,44.931,3.1790000000000003,43.469,-2.499,48.059000000000005,7.301217980583788,2.5089126601041394,10.44221770733785,1860.0,30,14.212000000000002
931,-0.425,44.523,3.043,43.231,-1.5470000000000002,48.365,6.886657825099197,2.529016550743872,9.900350262705084,1862.0,30,14.212000000000002
932,-0.799,44.42100000000001,2.193,42.449000000000005,-0.561,48.399,6.556448428837064,2.5159975243059733,10.675208875210362,1864.0,30,14.212000000000002
933,-0.493,43.877,-0.323,39.525000000000006,-3.689,46.42700000000001,7.679033793388333,2.338505094442318,10.528368430124631,1866.0,30,14.212000000000002
934,-0.425,41.939,,,,,7.679033793388333,2.6392270318077635,,1868.0,30,14.212000000000002
935,-0.119,42.007000000000005,0.051,38.029,0.051,48.365,10.336,2.8548947544147945,11.360768762304458,1870.0,30,14.212000000000002
936,-0.289,41.633,0.901,38.233,0.7310000000000001,46.42700000000001,8.195763295752265,2.2808664366347244,9.736805828326537,1872.0,30,14.212000000000002
937,-0.255,41.463,-0.323,37.485,-2.9410000000000003,44.829,7.796682627887325,2.3181337937694315,9.56519904100851,1874.0,30,14.212000000000002
938,0.391,41.803,-0.187,38.471,-1.921,43.775000000000006,5.580248381568691,2.0920550093438344,9.39401209824893,1876.0,30,14.212000000000002
939,0.391,41.463,-0.357,38.301,-0.357,44.489,6.188000000000001,2.020404370527606,8.361512923475294,1878.0,30,14.212000000000002
940,-0.017,41.73500000000001,0.221,37.723000000000006,0.119,45.951,8.228632207116807,2.3631681068078443,9.943361302404778,1880.0,30,14.212000000000002
941,0.187,40.647000000000006,-0.629,37.349,0.5950000000000001,45.917,8.654987001723343,2.399289421956904,9.816887273395055,1882.0,30,14.212000000000002
942,0.221,39.899,0.221,36.295,-0.357,44.387,8.11261659392332,2.22146820014292,9.117987050928956,1884.0,30,14.212000000000002
943,0.187,39.661,-0.629,35.377,-0.6970000000000001,43.673,8.29627868384374,2.633520849668681,9.379439215352944,1886.0,30,14.212000000000002
944,0.561,38.913,0.935,34.731,-0.5950000000000001,45.271,10.65046947322042,2.8987624226523785,11.351386105275544,1888.0,30,14.212000000000002
945,0.425,39.117,0.935,35.275000000000006,-0.017,44.319,9.093967231082374,2.439927085416563,9.817691397717237,1890.0,30,14.212000000000002
946,-0.119,38.165000000000006,0.765,34.459,0.289,43.979000000000006,9.531892571782375,2.4894713628699208,10.14107123892958,1892.0,30,14.212000000000002
947,-0.187,36.907,0.357,33.371,1.037,43.163,9.815582713216775,2.8628191641031795,10.474213492391684,1894.0,30,14.212000000000002
948,0.255,36.567,0.629,32.487,-0.221,43.027,10.57421864725711,2.858042480876242,11.073230387210462,1896.0,30,14.212000000000002
949,0.119,36.856,-0.119,32.351,0.493,42.721,10.388043319124156,2.804439142682501,11.62419304540163,1898.0,30,14.212000000000002
950,0.493,36.499,-0.085,31.773000000000003,-0.255,42.959,11.187291718731572,3.0088796480002715,11.885728758700662,1900.0,30,14.212000000000002
951,0.187,36.261,-0.561,31.773000000000003,-0.391,43.401,11.629242623662128,3.2527882438183933,12.44474182075091,1902.0,30,14.212000000000002
952,0.153,36.04,0.8330000000000001,32.351,0.323,41.191,8.854699317311685,2.4471189741414463,9.823360752514091,1904.0,30,14.212000000000002
953,-0.051,35.615,-0.357,31.943,-0.153,41.361,9.420209127190333,2.637373186112152,9.959110707690574,1906.0,30,14.212000000000002
954,0.187,35.853,-0.5950000000000001,32.079,-0.323,41.803,9.727803451961806,2.7182774092316384,10.431147353599243,1908.0,30,14.212000000000002
955,0.153,35.649,-0.459,31.977000000000004,-0.255,41.73500000000001,9.760132171236208,2.651439684870552,10.407324204815737,1910.0,30,14.212000000000002
956,0.153,35.751000000000005,-0.629,32.011,0.357,41.089000000000006,9.131389817546944,2.412553048498826,10.378282680896392,1912.0,30,14.212000000000002
957,0.425,35.581,0.765,31.569000000000003,-0.017,42.143,10.60287696806862,3.098314769221781,11.135787972847329,1914.0,30,14.212000000000002
958,0.051,36.023,0.8670000000000001,32.147000000000006,0.357,39.559000000000005,7.429525153063283,2.1765063177539643,8.92615284165234,1916.0,30,14.212000000000002
959,0.051,34.901,0.8330000000000001,30.685,0.187,39.219,8.55841527386934,2.4721413000346395,10.103276290951191,1918.0,30,14.212000000000002
960,0.221,34.289,-0.663,30.277,0.765,40.681,10.50154274380674,3.017510153501348,11.43598402874566,1920.0,30,14.212000000000002
961,0.085,34.629000000000005,-0.629,30.583,0.391,39.491,8.9662067787889,2.677919789398128,10.414535422414968,1922.0,30,14.212000000000002
962,0.255,33.881,-0.391,29.665000000000003,-0.289,39.253,9.588542537841713,2.7687901672395623,10.709763446714415,1924.0,30,14.212000000000002
963,0.255,34.255,-0.425,29.257,0.561,39.321000000000005,10.112185322668886,3.0770584362830604,10.9461467685164,1926.0,30,14.212000000000002
964,-0.085,33.983000000000004,-0.5950000000000001,30.651000000000003,0.221,38.607,7.997736679836366,2.3065734049047664,9.51908854175151,1928.0,30,14.212000000000002
965,0.255,33.949000000000005,-0.5950000000000001,29.189000000000004,0.187,39.729000000000006,10.568969864655685,3.079494457466139,11.76791528003642,1930.0,30,14.212000000000002
966,0.493,32.997,-0.5950000000000001,29.189000000000004,0.221,39.219,10.063138476638391,2.998644499012958,10.768013737288932,1932.0,30,14.212000000000002
967,0.493,33.371,-0.051,28.475,0.799,41.157,12.710453335739054,3.531830916679948,13.29008757125876,1934.0,30,14.212000000000002
968,0.255,32.776,-0.561,28.237,0.017,40.545,12.321564348734295,3.2005708387511147,13.130748749555917,1936.0,30,14.212000000000002
969,0.357,33.099000000000004,-0.561,29.223000000000003,-0.119,40.205000000000005,10.990891137664862,3.260581469562756,12.236776215178272,1938.0,30,14.212000000000002
970,0.527,33.167,0.8670000000000001,29.325000000000003,0.187,38.335,9.035623940824452,2.626028483973366,9.96765724647848,1940.0,30,14.212000000000002
971,0.221,33.133,-0.119,30.175,-0.357,38.709,8.537318080053009,2.459673675799014,9.839424673694763,1942.0,30,14.212000000000002
972,0.153,33.983000000000004,-0.391,29.461,0.493,39.525000000000006,10.102749724703669,2.833145487139786,12.506303395891624,1944.0,30,14.212000000000002
973,0.357,33.575,-0.561,29.801,-0.323,39.185,9.387017630749396,2.863568861247346,10.571243513182251,1946.0,30,14.212000000000002
974,0.289,32.946000000000005,-0.561,29.257,-0.153,37.893,8.645632423368461,2.663818778895735,9.875938545318483,1948.0,30,14.212000000000002
975,0.153,32.045,-0.527,28.577,-0.629,37.689,9.112570877639309,2.629988358552296,10.323502629774186,1950.0,30,14.212000000000002
976,0.323,32.385000000000005,-0.051,28.135,-0.289,38.573,10.44071300247258,3.207804218564078,10.957361407330344,1952.0,30,14.212000000000002
977,0.119,31.671000000000003,0.085,27.795,-0.663,37.451,9.684928497412876,2.749509714224455,10.104241605650458,1954.0,30,14.212000000000002
978,0.221,32.249,0.425,28.441000000000003,-0.357,35.887,7.486951315455444,2.329133866671617,9.156115333525308,1956.0,30,14.212000000000002
979,0.017,32.147000000000006,0.7310000000000001,28.203000000000003,0.799,36.975,8.772263561932006,2.6818859430092346,10.049350082131864,1958.0,30,14.212000000000002
980,0.425,31.773000000000003,0.5950000000000001,28.373,0.459,37.315000000000005,8.94303416073091,2.7039260168802524,9.88560041759283,1960.0,30,14.212000000000002
981,0.017,31.603,0.935,27.557,0.8330000000000001,37.111,9.554544468471535,2.866968370061145,10.612597286027691,1962.0,30,14.212000000000002
982,0.561,30.991000000000003,-0.255,27.761000000000003,-0.255,35.173,7.412000000000001,2.6956009766007654,8.31277929880957,1964.0,30,14.212000000000002
983,0.459,31.535000000000004,-0.119,27.931,-0.425,34.901,6.976713839623924,2.8683805880279314,7.796370068856146,1966.0,30,14.212000000000002
984,0.425,31.331000000000003,0.119,26.945,-0.425,36.261,9.331869694761068,3.1476932907043764,9.9816079138803,1968.0,30,14.212000000000002
985,0.493,30.957,0.6970000000000001,27.931,-0.289,35.445,7.578416193374445,2.1208213160700944,9.356101794358777,1970.0,30,14.212000000000002
986,0.391,33.133,-0.221,29.767000000000003,0.255,36.193000000000005,6.4436055124441,2.0551574879525307,9.05351651550936,1972.0,30,14.212000000000002
987,0.323,33.133,-0.5950000000000001,30.209000000000003,-0.357,38.063,7.857605233148329,2.661072632888879,9.869686487402864,1974.0,30,14.212000000000002
988,0.544,31.875000000000004,0.425,28.271,0.221,37.077000000000005,8.808362617422151,2.465825291945298,9.860645432155392,1976.0,30,14.212000000000002
989,-0.221,31.705,0.8670000000000001,28.407000000000004,0.051,36.397000000000006,8.031559997908252,2.4661402979685776,8.88517760824682,1978.0,30,14.212000000000002
990,-0.085,31.263,-0.289,27.251,-0.153,37.043,9.792944398902714,2.871412204857312,10.317631531955463,1980.0,30,14.212000000000002
991,0.561,30.481,-0.221,26.673,-0.493,36.125,9.455912859158548,2.47723011365143,10.38375089125259,1982.0,30,14.212000000000002
992,0.425,30.549000000000003,-0.425,26.945,-0.493,35.989000000000004,9.04425563548488,2.30765888458571,9.9530129971501,1984.0,30,14.212000000000002
993,0.493,29.903,-0.153,26.707,-0.221,31.705,4.998462563628942,2.0516908166073726,6.477545082989423,1986.0,30,14.212000000000002
994,0.017,29.461,0.153,25.449,-0.289,34.867000000000004,9.42836613629318,2.9343395421369607,10.60564049073948,1988.0,30,14.212000000000002
995,-0.119,28.747000000000003,0.459,24.157,0.255,35.003,10.84791832565124,2.7744395481664417,11.555547133081818,1990.0,30,14.212000000000002
996,-0.153,29.461,0.5950000000000001,25.313,0.8330000000000001,34.391000000000005,9.08111931426958,3.0970262389449634,11.607945548282066,1992.0,30,14.212000000000002
997,-0.187,28.849000000000004,-0.391,25.007,-0.221,32.521,7.515922830897082,2.486344213852486,8.453672219182813,1994.0,30,14.212000000000002
998,-0.187,28.101000000000003,0.8330000000000001,25.245,-0.425,31.807,6.681497436952289,2.6226271552806577,7.007169074639148,1996.0,30,14.212000000000002
999,0.527,28.577,-0.017,24.871,-0.425,32.351,7.491119008532704,3.0856960673722984,8.178101698490025,1998.0,30,14.212000000000002
1000,0.527,27.557,-0.255,24.123,0.323,33.099000000000004,8.994590596575256,2.642886212958523,9.66489273734486,2000.0,30,14.212000000000002
1001,0.289,27.863000000000003,-0.527,23.613000000000003,-0.255,33.983000000000004,10.37356659977657,2.981383671624837,11.027189513386672,2002.0,30,14.212000000000002
1002,0.221,28.033,0.289,23.987,-0.119,33.915,9.93638002493866,2.7747681204773045,10.45083881877198,2004.0,30,14.212000000000002
1003,0.323,27.999,0.799,23.851000000000003,0.221,33.779,9.94481110931726,2.95223505327387,10.6111009183862,2006.0,30,14.212000000000002
1004,0.459,28.135,-0.391,24.599,-0.629,34.221000000000004,9.624943012818312,2.955747666111636,10.558995565905654,2008.0,30,14.212000000000002
1005,0.391,28.169,0.085,24.021,-0.5950000000000001,34.595000000000006,10.595842392183831,2.989561830387037,11.177465470691256,2010.0,30,14.212000000000002
1006,0.289,28.305000000000003,-0.459,24.123,-0.5950000000000001,34.527,10.404888850920033,3.1160880467769885,11.268855913546194,2012.0,30,14.212000000000002
1007,0.119,28.186000000000003,-0.5950000000000001,24.565,-0.119,34.527,9.97336553025106,2.797092930960559,10.727949454632434,2014.0,30,14.212000000000002
1008,-0.153,28.101000000000003,-0.119,25.007,0.085,31.433000000000003,6.429237279802326,2.1499266084711706,8.08644774153842,2016.0,30,14.212000000000002
1009,-0.289,28.101000000000003,0.153,24.871,-0.459,30.753000000000004,5.913752446628114,2.161716770639404,6.182011420126592,2018.0,30,14.212000000000002
1010,0.187,28.135,0.901,24.463,-0.629,31.433000000000003,7.135951233017222,2.565158247052332,7.4259010330670066,2020.0,30,14.212000000000002
1011,0.357,27.727,0.8670000000000001,23.477,-0.425,32.079,8.698486535024355,2.6513154951430207,10.232167937442687,2022.0,30,14.212000000000002
1012,0.425,27.795,-0.187,24.191000000000003,0.629,33.847,9.690417534864018,2.8002312798793585,10.50741315444913,2024.0,30,14.212000000000002
1013,0.187,27.421000000000003,-0.527,23.001,0.289,34.629000000000005,11.65659641576391,3.374937054921934,12.931605635259668,2026.0,30,14.212000000000002
1014,0.153,26.979000000000003,-0.527,22.151000000000003,-0.5950000000000001,33.881,11.730197099793338,3.27966930493956,12.659259735785362,2028.0,30,14.212000000000002
1015,0.527,26.809,-0.391,22.967,0.527,30.821,7.907467356872237,2.8641701999238345,8.23786434069577,2030.0,30,14.212000000000002
1016,-0.187,27.217,-0.391,23.851000000000003,-0.425,30.549000000000003,6.698086293860359,2.299011639980705,7.764500068445654,2032.0,30,14.212000000000002
1017,0.153,28.169,-0.561,24.055000000000003,0.663,33.031000000000006,9.059070150959204,2.555744484752932,9.70679915695056,2034.0,30,14.212000000000002
1018,0.357,27.795,-0.391,23.511000000000003,0.527,33.133,9.66569231871158,2.851713893335942,10.116579932073824,2036.0,30,14.212000000000002
1019,0.493,28.169,-0.391,24.259,0.323,34.187000000000005,9.953641544681023,3.090039549151852,10.44520391118946,2038.0,30,14.212000000000002
1020,0.459,28.237,-0.119,23.613000000000003,0.493,34.221000000000004,10.62563918077402,3.102845579226364,10.99608489168959,2040.0,30,14.212000000000002
1021,0.153,27.999,-0.561,23.987,0.561,32.725,8.80974051831267,2.429988490785621,10.634880748046887,2042.0,30,14.212000000000002
1022,0.357,27.421000000000003,0.935,23.613000000000003,-0.425,31.603,8.104918259920948,2.3341172395681844,9.977430653583207,2044.0,30,14.212000000000002
1023,-0.119,27.081000000000003,-0.561,22.355,0.8670000000000001,32.793,10.535227951971423,2.847168499185716,12.284397186310416,2046.0,30,14.212000000000002
1024,-0.119,25.721,-0.323,21.981,0.527,32.249,10.303122051106646,2.9435158591630075,10.658643552367016,2048.0,30,14.212000000000002
1025,-0.017,25.279000000000003,0.969,21.607000000000003,0.357,31.569000000000003,9.98078093137005,3.0933225484035023,11.1469515558651,2050.0,30,14.212000000000002
1026,-0.187,24.157,0.221,20.349,0.085,31.875000000000004,11.526802331956596,3.267028995175337,12.108071048597562,2052.0,30,14.212000000000002
1027,-0.391,24.225,-0.289,19.703000000000003,0.323,30.413000000000004,10.72747146349036,3.413809340050228,11.14443746829424,2054.0,30,14.212000000000002
1028,0.255,23.647,-0.527,19.975,-0.5950000000000001,26.503000000000004,6.528354157059803,2.8860682284724306,7.665101087198619,2056.0,30,14.212000000000002
1029,0.255,22.967,-0.425,19.295,-0.391,26.231,6.936083332832731,2.4013301022236444,8.31676869983427,2058.0,30,14.212000000000002
1030,0.527,23.035,-0.391,19.771,-0.221,26.469,6.700157013085589,2.538523469281703,7.518572227169502,2060.0,30,14.212000000000002
1031,0.289,23.188,-0.323,18.819000000000003,-0.255,29.087000000000003,10.268225163094156,3.1123552377134027,10.9551017170178,2062.0,30,14.212000000000002
1032,0.221,22.814,-0.187,19.159,-0.051,27.863000000000003,8.70506243515806,2.6068635155431084,9.37867550420476,2064.0,30,14.212000000000002
1033,0.085,22.321,0.051,18.445,0.017,27.931,9.48606093170395,2.5125207570389887,10.765293195453063,2066.0,30,14.212000000000002
1034,0.085,22.457,-0.051,18.071,-0.085,28.747000000000003,10.676054139990113,2.8628752741157166,11.82736049537327,2068.0,30,14.212000000000002
1035,0.085,22.865,-0.391,18.989,-0.527,28.543000000000003,9.554967922499792,2.873403835275105,10.173185406502906,2070.0,30,14.212000000000002
1036,0.425,22.865,0.629,20.281,0.799,26.231,5.952428076003943,3.050105998184056,7.09335195632878,2072.0,30,14.212000000000002
1037,0.357,23.239,-0.493,22.253,0.6970000000000001,25.143,3.12541197284454,1.0833520771868543,3.717942724424274,2074.0,30,14.212000000000002
1038,0.187,23.307,-0.221,20.451,-0.051,25.551,5.102832546733236,1.563637807563445,6.868142309514335,2076.0,30,14.212000000000002
1039,0.051,23.511000000000003,0.799,19.941000000000003,-0.391,26.707,6.869851235652778,2.1396663437078884,9.259594911827232,2078.0,30,14.212000000000002
1040,0.119,23.477,0.459,19.499,-0.391,26.707,7.25794488818977,2.2729749701261768,9.332552892371378,2080.0,30,14.212000000000002
1041,-0.085,22.593,0.119,19.091,0.5950000000000001,24.939,5.867340112862046,2.3898595774647515,6.462163254738154,2082.0,30,14.212000000000002
1042,-0.255,21.777,-0.153,18.547,-0.289,24.191000000000003,5.645638316435087,2.974915045382778,6.103791741848848,2084.0,30,14.212000000000002
1043,0.289,22.117,-0.527,17.459,-0.085,29.665000000000003,12.21400016374652,3.4899438218502428,12.9491466325964,2086.0,30,14.212000000000002
1044,0.187,21.981,-0.5950000000000001,18.207,0.765,28.815,10.6948241687276,3.018987916333121,11.871529452921529,2088.0,30,14.212000000000002
1045,0.323,22.321,-0.561,18.887,-0.255,26.367,7.486256474366879,2.212190371444516,8.969703896302404,2090.0,30,14.212000000000002
1046,0.017,21.607000000000003,-0.323,18.615,-0.357,26.367,7.752074561044934,2.231905857170229,8.816886507848281,2092.0,30,14.212000000000002
1047,0.357,20.995,0.459,16.439,-0.459,25.517000000000003,9.124297671601909,2.4495384972887035,11.20438437719356,2094.0,30,14.212000000000002
1048,0.289,20.349,0.323,16.677,0.6970000000000001,25.585,8.915847688245915,2.437535601459645,10.322783663433414,2096.0,30,14.212000000000002
1049,0.391,20.417,0.527,16.167,-0.459,26.231,10.112185322668886,2.59591513322362,10.95168811479292,2098.0,30,14.212000000000002
1050,0.289,20.145000000000003,-0.527,17.425,0.5950000000000001,23.851000000000003,6.52321699777035,2.014234220566718,8.147188763106925,2100.0,30,14.212000000000002
1051,0.255,20.723000000000003,-0.357,16.847,0.527,24.939,8.140142504895108,2.416399335788685,9.595119106712083,2102.0,30,14.212000000000002
1052,0.357,19.329,0.289,15.725,0.221,25.687,9.962232079207952,2.97338271797954,11.249809954264094,2104.0,30,14.212000000000002
1053,0.221,19.567,0.153,15.385000000000002,0.629,25.789,10.4148831966566,2.923414236881921,11.056283597013488,2106.0,30,14.212000000000002
1054,0.255,19.567,0.8670000000000001,16.167,0.5950000000000001,25.721,9.557871101872006,2.974160471929024,10.601320734358865,2108.0,30,14.212000000000002
1055,0.085,19.023,0.459,14.807,-0.255,24.905,10.123210953052396,3.032047061883252,11.376577746264148,2110.0,30,14.212000000000002
1056,0.255,19.057,0.799,15.827000000000002,-0.051,25.109,9.320838159736496,2.5649899075966376,10.363829809413597,2112.0,30,14.212000000000002
1057,0.153,19.397,0.935,15.045000000000002,-0.187,24.633000000000003,9.653425713185968,2.6620190616970394,11.241953478342053,2114.0,30,14.212000000000002
1058,0.153,18.785,0.8330000000000001,14.501,0.629,24.429,9.93009566922696,2.840002592249695,10.899266794142976,2116.0,30,14.212000000000002
1059,0.357,18.445,0.8670000000000001,14.943,-0.629,21.641,6.863032857272359,2.4771721376182354,7.1830582903709566,2118.0,30,14.212000000000002
1060,0.459,17.833000000000002,0.901,14.263000000000002,0.255,23.205,8.965304233543891,2.466948945116258,10.349761934447416,2120.0,30,14.212000000000002
1061,0.425,18.071,0.765,13.549,-0.221,23.885,10.382923095159668,2.842204299161164,11.348074266942678,2122.0,30,14.212000000000002
1062,0.629,17.119,0.527,13.073,-0.5950000000000001,23.409,10.396719674974412,2.796572697788241,11.00171684162992,2124.0,30,14.212000000000002
1063,0.493,17.663,-0.221,14.467,0.017,24.191000000000003,9.726912151345871,2.5286542521208357,10.955724721827671,2126.0,30,14.212000000000002
1064,0.255,16.677,0.425,12.325,-0.5950000000000001,24.361,12.079143015959373,3.400194337437937,12.41121490002016,2128.0,30,14.212000000000002
1065,0.085,17.017,-0.561,13.413,-0.391,22.253,8.841634464283175,2.3687758863398694,9.90439105182509,2130.0,30,14.212000000000002
1066,0.459,17.119,-0.357,14.569,-0.255,19.533,4.96504783461348,1.598885258630412,7.635337430234073,2132.0,30,14.212000000000002
1067,0.255,15.963,-0.357,11.849,0.459,18.751,6.950069064405045,2.58210103630232,7.297416620518994,2134.0,30,14.212000000000002
1068,0.255,15.079,-0.561,11.407,0.459,20.995,9.642102675246724,3.098144701415525,10.819587782311425,2136.0,30,14.212000000000002
1069,0.187,14.875000000000002,-0.561,11.305,-0.187,20.995,9.697214857885744,2.716720888650742,10.804092333983808,2138.0,30,14.212000000000002
1070,0.153,15.589,-0.459,12.597,-0.085,20.485000000000003,7.896861401848206,2.387966761884663,8.853735842580349,2140.0,30,14.212000000000002
1071,0.255,15.249,-0.527,12.019,0.969,19.465,7.594796376467246,2.2380021893389337,9.214257066789772,2142.0,30,14.212000000000002
1072,0.425,14.637,0.459,11.679,0.289,19.091,7.413949284962773,2.186880142670148,8.278228578540068,2144.0,30,14.212000000000002
1073,0.221,14.637,-0.391,10.931,0.119,20.757,9.839226392354227,2.8412114481458066,10.73346406061583,2146.0,30,14.212000000000002
1074,0.017,14.671,-0.391,10.999,0.357,20.349,9.37987228058037,2.488122722740397,10.384636358028676,2148.0,30,14.212000000000002
1075,0.221,13.889,-0.119,10.965000000000002,-0.187,17.493000000000002,6.528354157059803,2.172301208961759,7.275511266849625,2150.0,30,14.212000000000002
1076,0.527,14.807,-0.493,12.087000000000002,0.7310000000000001,17.527,5.5760000000000005,1.935000157985858,8.265995320124405,2152.0,30,14.212000000000002
1077,0.017,14.875000000000002,-0.187,10.217,0.935,20.451,10.295321267449598,2.9241348993336143,11.420327486952916,2154.0,30,14.212000000000002
1078,-0.051,14.467,-0.119,11.203,0.391,16.983,5.802456376397845,1.9659277725055404,6.920086175887401,2156.0,30,14.212000000000002
1079,0.017,14.127,-0.187,10.523,0.969,18.071,7.636009429014609,2.298328997675528,10.03416752730708,2158.0,30,14.212000000000002
1080,0.221,12.733,-0.255,9.231,-0.153,19.159,9.928523958776552,2.988372350824256,10.661496609598167,2160.0,30,14.212000000000002
1081,-0.119,12.223,-0.187,7.565,-0.561,19.601000000000003,12.041809332488205,3.3975207711866537,12.723897526087166,2162.0,30,14.212000000000002
1082,0.085,11.543,0.901,8.177000000000001,0.391,17.085,8.922587292932473,2.5234980009771832,10.287483036776042,2164.0,30,14.212000000000002
1083,0.085,11.509,0.8670000000000001,7.327000000000001,0.5950000000000001,16.099,8.776216041096527,2.622694198117629,9.962164397974746,2166.0,30,14.212000000000002
1084,0.187,11.611,-0.391,7.973000000000001,0.935,17.731,9.84768196074589,2.742827724724029,10.268063818069743,2168.0,30,14.212000000000002
1085,0.323,12.087000000000002,,,,,9.84768196074589,2.3413629235947253,,2170.0,30,14.212000000000002
1086,0.391,11.951,0.629,8.925,0.391,15.997000000000002,7.076003674391359,2.211703829284883,7.46150226553863,2172.0,30,14.212000000000002
1087,0.493,11.951,0.8330000000000001,7.259,-0.425,18.819000000000003,11.628248535355617,3.311327345894191,12.43986963255042,2174.0,30,14.212000000000002
1088,-0.187,10.999,0.799,6.9190000000000005,0.493,18.173,11.258159352220948,3.580262034302037,12.564410449937167,2176.0,30,14.212000000000002
1089,0.187,10.659,0.901,7.361000000000001,0.5950000000000001,15.079,7.724063697303383,2.391230341665833,8.953938095686082,2178.0,30,14.212000000000002
1090,-0.085,10.965000000000002,0.629,7.463000000000001,-0.561,15.861,8.48189271330403,2.518901659563578,10.013720873544134,2180.0,30,14.212000000000002
1091,0.017,9.707,-0.255,5.9670000000000005,0.459,16.065,10.123210953052396,3.110403789241915,10.558488267289794,2182.0,30,14.212000000000002
1092,0.459,10.013,-0.357,7.939000000000001,-0.391,11.747000000000002,3.808151782689341,1.2411301438334883,5.029885248609855,2184.0,30,14.212000000000002
1093,0.425,9.843,0.017,6.001,-0.425,12.495,6.50902450448606,2.1990665100345548,8.798974207467555,2186.0,30,14.212000000000002
1094,0.561,9.724,0.221,5.763000000000001,0.8330000000000001,15.215000000000002,9.47179222745094,2.7636170014658257,10.383751077651263,2188.0,30,14.212000000000002
1095,0.527,9.537,-0.425,6.205,0.765,15.385000000000002,9.256808305242147,2.790375563704079,10.313124001406004,2190.0,30,14.212000000000002
1096,0.153,10.013,0.187,6.4430000000000005,-0.527,16.235,9.817996740679844,2.5754097546384283,10.3314444862789,2192.0,30,14.212000000000002
1097,-0.085,9.707,0.561,6.579000000000001,-0.5950000000000001,14.739,8.241476566732445,2.4457524696151998,8.63970177419444,2194.0,30,14.212000000000002
1098,0.561,8.415000000000001,-0.221,5.355,0.765,14.263000000000002,8.96240257966579,2.520133117606218,9.46670339957504,2196.0,30,14.212000000000002
1099,0.238,8.585,0.901,5.049,0.935,15.079,10.030057626953097,2.913226248979929,10.6473436135157,2198.0,30,14.212000000000002
1100,0.017,8.075000000000001,-0.663,4.981000000000001,0.119,13.481000000000002,8.53589620368008,2.382110465522577,9.885901577384566,2200.0,30,14.212000000000002
1101,-0.187,7.769,-0.527,4.573,-0.629,13.005,8.432616912916181,2.4076064115065137,9.612747494407396,2202.0,30,14.212000000000002
1102,-0.085,7.055000000000001,-0.493,3.995,-0.561,13.481000000000002,9.48624372446755,2.669549259266676,10.093297553177848,2204.0,30,14.212000000000002
1103,-0.017,7.225,-0.527,3.757,-0.289,12.393,8.639278905093875,2.370716111509039,9.867226107792913,2206.0,30,14.212000000000002
1104,-0.289,7.667000000000001,-0.561,3.825,0.289,11.849,8.068895587377495,2.350861812335551,10.146251319006009,2208.0,30,14.212000000000002
1105,-0.153,5.355,-0.527,1.3430000000000002,0.119,12.359000000000002,11.034925101694167,3.002702111990471,11.458620811642511,2210.0,30,14.212000000000002
1106,0.051,5.729,0.255,2.057,0.663,9.843,7.796682627887325,2.4574496708175704,8.434996236387208,2212.0,30,14.212000000000002
1107,0.017,5.797000000000001,0.5950000000000001,2.329,-0.017,9.843,7.538881879960715,2.1344429093033703,8.96484112997749,2214.0,30,14.212000000000002
1108,0.051,5.508,0.8670000000000001,2.2950000000000004,0.8330000000000001,11.781,9.48606093170395,2.696382352931634,10.53994351607696,2216.0,30,14.212000000000002
1109,0.323,4.607,0.8670000000000001,1.037,0.561,10.353000000000002,9.321024192651793,2.59229936678042,10.586062940916635,2218.0,30,14.212000000000002
1110,-0.017,3.859,0.8330000000000001,-0.493,0.5950000000000001,10.625,11.120547108843162,3.3445039789869067,12.065984782421252,2220.0,30,14.212000000000002
1111,-0.119,4.131,0.459,0.8670000000000001,-0.085,8.857000000000001,8.008497736779352,2.4902231905027525,8.611516233107698,2222.0,30,14.212000000000002
1112,-0.051,3.213,0.017,-1.207,0.017,9.265,10.472,2.856194749914334,11.283325574530467,2224.0,30,14.212000000000002
1113,0.221,2.601,-0.629,-1.3090000000000002,-0.323,8.653,9.96669855067364,3.177147336693236,10.871657176418854,2226.0,30,14.212000000000002
1114,-0.153,2.2270000000000003,-0.391,-1.513,0.391,6.1370000000000005,7.689865018321193,2.3837661871810405,9.746844838150372,2228.0,30,14.212000000000002
1115,-0.119,0.8330000000000001,-0.527,-2.7710000000000004,0.289,7.021000000000001,9.825941176294512,2.636286980004233,11.007778420316347,2230.0,30,14.212000000000002
1116,-0.017,-0.153,0.799,-3.791,0.085,7.463000000000001,11.27662680059955,3.149837664813184,11.931429158990628,2232.0,30,14.212000000000002
1117,-0.153,-0.799,0.8330000000000001,-3.927000000000001,-0.425,2.635,6.681497436952289,2.4802536245227107,7.110271577283739,2234.0,30,14.212000000000002
1118,-0.085,-1.649,0.6970000000000001,-5.049,-0.527,3.961,9.09275953712623,2.486470112968244,10.005922292128396,2236.0,30,14.212000000000002
1119,0.459,-1.258,-0.119,-4.4030000000000005,-0.323,3.927000000000001,8.332497584758126,2.419822968700107,9.713614852101385,2238.0,30,14.212000000000002
1120,0.187,-2.091,0.187,-4.913,0.8330000000000001,2.397,7.338488672744546,2.4703932707646525,8.895280470519324,2240.0,30,14.212000000000002
1121,-0.323,-2.261,-0.153,-6.035,0.799,2.261,8.350444299556761,2.506056618838456,9.500233723712496,2242.0,30,14.212000000000002
1122,-0.119,-2.975,0.459,-6.511,-0.493,2.091,8.654519512948134,2.506565226346454,9.686990440803806,2244.0,30,14.212000000000002
1123,0.187,-3.213,0.8330000000000001,-6.375000000000001,0.799,0.6970000000000001,7.072081730296958,1.9904149396248203,8.392381693142863,2246.0,30,14.212000000000002
1124,-0.085,-4.25,0.765,-6.307,0.935,-1.5810000000000002,4.729056565531861,1.9705504217310343,6.069091789586636,2248.0,30,14.212000000000002
1125,0.085,-3.825,-0.187,-5.9670000000000005,0.323,1.3430000000000002,7.327769101165784,3.041402490701907,8.217270569918766,2250.0,30,14.212000000000002
1126,-0.017,-3.4850000000000003,0.459,-6.715000000000001,0.425,1.649,8.364069105405575,2.41980722988482,9.154418321267332,2252.0,30,14.212000000000002
1127,0.357,-3.757,0.153,-6.4430000000000005,-0.051,-3.723,2.7276392723378957,1.2695361044772115,3.532348100650609,2254.0,30,14.212000000000002
1128,0.425,-4.471,0.323,-6.681,-0.527,-3.961,2.849719284420836,1.7027082999003589,7.13833587210143,2256.0,30,14.212000000000002
1129,0.153,-4.913,0.289,-6.613,-0.221,-2.329,4.314250340441547,2.357991078599686,7.033909175675846,2258.0,30,14.212000000000002
1130,0.119,-5.253,0.153,-6.477,0.629,-0.119,6.375793283976513,2.603138892745005,6.924560150657441,2260.0,30,14.212000000000002
1131,0.119,-6.171,-0.527,-5.593,0.5950000000000001,-1.887,3.872120865882159,2.640388349968198,4.700057959695542,2262.0,30,14.212000000000002
1132,-0.357,-7.565,0.425,-10.319,-0.7310000000000001,-6.7490000000000006,3.752497301797831,3.2842965817456804,3.978828662094292,2264.0,30,14.212000000000002
1133,0.527,-8.16,0.391,-10.863,-0.493,-6.885000000000001,4.075038650123457,2.2864448222996794,4.775848277778207,2266.0,30,14.212000000000002
1134,0.459,-9.163,-0.187,-11.271,0.561,-8.381,2.9852309793381147,2.6500879732543883,3.2366657822743155,2268.0,30,14.212000000000002
1135,0.289,-8.925,0.8670000000000001,-7.361000000000001,-0.663,-4.437,3.30010242265297,2.537326802355108,3.565935080824416,2270.0,30,14.212000000000002
1136,0.425,-8.551,0.085,-11.577,0.5950000000000001,-7.973000000000001,3.6399060427434113,3.0876742103397308,3.83056457457563,2272.0,30,14.212000000000002
1137,0.323,-8.109,-0.357,-11.135000000000002,0.323,-7.599,3.600791024205654,2.5806810450545754,3.87128635463035,2274.0,30,14.212000000000002
1138,-0.357,-8.381,-0.561,-11.543,-0.051,-7.191000000000001,4.38178091647677,2.3734175197499354,4.580590219758019,2276.0,30,14.212000000000002
1139,-0.255,-9.044,-0.663,-12.665,-0.085,-7.565,5.132648828821236,2.9215727261196687,5.471641550408681,2278.0,30,14.212000000000002
1140,-0.119,-9.027,-0.629,-11.951,0.017,-7.701,4.298815650850825,2.9631477329694347,4.497526053425078,2280.0,30,14.212000000000002
1141,-0.085,-9.265,0.289,-12.801,-0.017,-7.531000000000001,5.278876395597837,3.0012405620015263,5.621990547662841,2282.0,30,14.212000000000002
1142,0.085,-9.129,0.765,-12.155,0.085,-7.259,4.94299666194506,2.3772333580499003,5.618991691702199,2284.0,30,14.212000000000002
1143,0.187,-9.537,-0.5950000000000001,-11.781,0.323,-7.701,4.182,1.3821193937366796,4.5990536249957845,2286.0,30,14.212000000000002
1144,-0.221,-10.217,0.119,-13.447,-0.187,-6.953,6.501205426688192,2.390101080334179,6.921986842524903,2288.0,30,14.212000000000002
1145,-0.017,-10.557,0.7310000000000001,-13.379,0.085,-7.667000000000001,5.748413694229043,2.1757847952572016,6.489045337429357,2290.0,30,14.212000000000002
1146,0.221,-11.169,-0.5950000000000001,-13.787,0.323,-8.177000000000001,5.6846129155818526,1.6065659663913,7.030800167968305,2292.0,30,14.212000000000002
1147,-0.051,-11.696000000000002,-0.561,-15.079,-0.119,-7.497000000000001,7.594872480825468,2.635813934009046,8.017119570380343,2294.0,30,14.212000000000002
1148,-0.153,-11.883,-0.391,-15.011,-0.5950000000000001,-6.9190000000000005,8.094571020134422,2.222853420880002,8.72590789415924,2296.0,30,14.212000000000002
1149,-0.221,-11.747000000000002,-0.7310000000000001,-15.385000000000002,-0.561,-6.987,8.399720471539515,2.2046078905044726,9.640985784360495,2298.0,30,14.212000000000002
1150,0.289,-11.543,0.8330000000000001,-15.249,0.493,-8.279,6.978287755603089,2.230354166482703,7.973357353639267,2300.0,30,14.212000000000002
1151,0.391,-11.815,0.493,-15.487000000000002,0.153,-7.599,7.8953241858710275,2.530005215680206,8.6863091938357,2302.0,30,14.212000000000002
1152,0.323,-12.189,0.8330000000000001,-15.045000000000002,0.765,-8.687000000000001,6.358363625965411,1.7008625410899565,7.10961695356567,2304.0,30,14.212000000000002
1153,0.527,-11.645,0.561,-15.113,0.5950000000000001,-8.415000000000001,6.698086293860359,2.0791918822044333,8.145716102247306,2306.0,30,14.212000000000002
1154,-0.119,-11.883,-0.221,-15.249,0.051,-7.633000000000001,7.620855595010314,2.1506725446976755,9.145614460187614,2308.0,30,14.212000000000002
1155,0.187,-12.019,-0.119,-15.929,-0.5950000000000001,-6.953,8.988612351191925,2.9176740522576967,9.43555655024328,2310.0,30,14.212000000000002
1156,0.085,-11.815,0.085,-15.453,0.493,-8.381,7.083759453849348,1.969824479107827,7.860991763646568,2312.0,30,14.212000000000002
1157,0.5950000000000001,-11.339,0.255,-15.317000000000002,0.629,-8.109,7.217696308379843,2.493450487244492,8.068235423169746,2314.0,30,14.212000000000002
1158,0.425,-11.509,0.765,-15.317000000000002,0.357,-8.109,7.2195379353529265,2.44622184031377,7.555766513309174,2316.0,30,14.212000000000002
1159,-0.017,-10.421,0.8330000000000001,-13.481000000000002,0.459,-7.871,5.622452845511468,2.5111355681428043,6.511153796817475,2318.0,30,14.212000000000002
1160,-0.085,-10.115,-0.017,-12.835,-0.459,-7.055000000000001,5.796875365229099,2.4944786064978666,6.136272200542935,2320.0,30,14.212000000000002
1161,-0.323,-9.826,-0.391,-13.243,0.255,-8.007000000000001,5.27570014310897,2.535987291217299,5.712502530944955,2322.0,30,14.212000000000002
1162,-0.119,-10.591,0.085,-14.501,0.357,-7.803000000000001,6.703520567582381,2.869516479871268,7.2571149050910115,2324.0,30,14.212000000000002
1163,0.255,-11.407,0.8330000000000001,-14.399,0.255,-7.973000000000001,6.451942343201774,2.073133756184788,7.485488199227127,2326.0,30,14.212000000000002
1164,-0.085,-12.155,0.799,-15.385000000000002,-0.425,-7.191000000000001,8.284914724968509,2.318303514846809,8.711625706646357,2328.0,30,14.212000000000002
1165,-0.187,-12.155,0.8330000000000001,-15.249,-0.085,-7.565,7.7386419997309615,2.5030896773559483,8.5213723151956,2330.0,30,14.212000000000002
1166,-0.153,-12.155,-0.085,-14.705000000000002,0.221,-8.857000000000001,5.856000341530045,1.6891110533588816,6.33223485396101,2332.0,30,14.212000000000002
1167,-0.085,-12.257,-0.255,-15.215000000000002,0.221,-8.891,6.3418886776732375,1.915460736174564,6.799153319821355,2334.0,30,14.212000000000002
1168,-0.357,-12.24,-0.391,-15.589,-0.5950000000000001,-6.953,8.63840911279386,2.2315210258338505,9.227763180055875,2336.0,30,14.212000000000002
1169,0.051,-11.951,0.425,-15.419,-0.085,-7.633000000000001,7.802685178834271,2.58145770361016,8.342492894671206,2338.0,30,14.212000000000002
1170,0.357,-12.053,0.561,-16.235,0.7310000000000001,-8.619,7.617897085154144,2.3000034310062256,9.024456629448292,2340.0,30,14.212000000000002
1171,-0.255,-12.325,-0.5950000000000001,-16.303,-0.221,-7.429,8.881877729399344,2.5045194916133053,9.28586878602188,2342.0,30,14.212000000000002
1172,0.153,-12.019,0.561,-15.759,-0.629,-6.817,9.020834994611086,2.459499481685432,9.715731803824594,2344.0,30,14.212000000000002
1173,0.493,-12.631,-0.051,-15.827000000000002,-0.289,-7.293,8.537318080053009,2.471148749504291,9.481647448954744,2346.0,30,14.212000000000002
1174,0.255,-12.801,-0.425,-16.677,-0.561,-6.9190000000000005,9.75894768917223,2.8012259756102447,10.41099909731567,2348.0,30,14.212000000000002
1175,0.323,-13.481000000000002,0.255,-16.677,0.425,-8.619,8.059793049452324,2.496644154472451,9.581152843577874,2350.0,30,14.212000000000002
1176,0.119,-13.651000000000002,0.5950000000000001,-16.881,0.425,-8.211,8.671666506502657,2.50627575411977,9.97999354711207,2352.0,30,14.212000000000002
1177,0.153,-13.413,0.799,-16.575000000000003,-0.493,-9.401,7.289412870732457,2.009778761544597,9.421712830591607,2354.0,30,14.212000000000002
1178,-0.119,-13.039,0.765,-16.065,0.289,-9.775,6.307985098270287,2.043733014001664,8.031699893580246,2356.0,30,14.212000000000002
1179,0.289,-13.498,0.5950000000000001,-16.847,-0.425,-7.225,9.675912566781491,2.6652925770137013,10.043570051643002,2358.0,30,14.212000000000002
1180,0.119,-13.957,0.799,-17.323,-0.119,-7.565,9.801086062268814,2.6990720829284163,10.219778993861985,2360.0,30,14.212000000000002
1181,0.119,-14.161,0.255,-17.833000000000002,-0.6970000000000001,-8.517000000000001,9.364516004578132,2.430923524258877,10.257212625847872,2362.0,30,14.212000000000002
1182,0.357,-13.804,0.799,-17.527,0.459,-9.639,7.8953241858710275,2.287086676432977,9.639520316605608,2364.0,30,14.212000000000002
1183,0.187,-13.855,-0.051,-17.697000000000003,-0.561,-7.701,10.009001748426265,2.710752642358688,10.625640283049924,2366.0,30,14.212000000000002
1184,0.136,-13.957,-0.5950000000000001,-17.901,-0.561,-7.429,10.47205519465974,2.9324475379675983,11.073467532957991,2368.0,30,14.212000000000002
1185,0.119,-13.855,-0.425,-17.493000000000002,-0.6970000000000001,-8.109,9.387941201349742,2.5977452625745583,10.036043166625198,2370.0,30,14.212000000000002
1186,0.323,-14.603000000000002,-0.6970000000000001,-17.765,-0.6970000000000001,-9.469,8.296000000000001,2.309895922329384,9.57793211231814,2372.0,30,14.212000000000002
1187,0.153,-14.297,-0.561,-17.663,-0.561,-9.129,8.534,2.4355003337086165,9.672755757796285,2374.0,30,14.212000000000002
1188,0.017,-14.365,-0.6970000000000001,-17.833000000000002,0.7310000000000001,-8.687000000000001,9.256808305242147,2.741234676358829,9.504381957207912,2376.0,30,14.212000000000002
1189,0.153,-14.229,-0.7310000000000001,-18.275,0.629,-9.061,9.31382821400524,2.699894757874676,9.76084581946719,2378.0,30,14.212000000000002
1190,0.119,-13.719,-0.323,-16.609,0.901,-10.727,6.00800299600458,1.9279416690942015,6.360974498811103,2380.0,30,14.212000000000002
1191,-0.085,-14.093000000000002,-0.7310000000000001,-17.221,0.7310000000000001,-8.687000000000001,8.658325473207855,2.3195681664497183,9.244116314763914,2382.0,30,14.212000000000002
1192,-0.119,-14.637,-0.765,-17.459,-0.5950000000000001,-9.707,7.753863811029957,2.289299055536536,8.53696312938711,2384.0,30,14.212000000000002
1193,0.085,-14.569,-0.561,-17.935000000000002,0.255,-10.319,7.659589545138826,1.9959733140676177,8.517874896793481,2386.0,30,14.212000000000002
1194,-0.323,-15.827000000000002,-0.425,-19.737,0.799,-11.339,8.486729641033701,2.4310472779795824,9.197479295831116,2388.0,30,14.212000000000002
1195,-0.119,-15.827000000000002,0.425,-19.091,-0.085,-11.475,7.633056792661771,2.3918868954050336,9.733515724416476,2390.0,30,14.212000000000002
1196,-0.119,-16.830000000000002,0.561,-20.485000000000003,-0.493,-11.883,8.66633255766244,2.330238994112748,9.459348865125486,2392.0,30,14.212000000000002
1197,-0.255,-18.547,0.323,-21.913,-0.561,-12.699000000000002,9.256308767537956,2.5815745665026144,9.78121396795403,2394.0,30,14.212000000000002
1198,-0.221,-18.105,0.119,-21.811,-0.153,-11.917000000000002,9.897738125450685,2.7224015054600894,11.232868904481444,2396.0,30,14.212000000000002
1199,-0.187,-18.173,0.051,-21.505000000000003,0.629,-13.719,7.807424671426553,2.444145697007695,8.47915611880944,2398.0,30,14.212000000000002
1200,0.187,-18.683,0.6970000000000001,-21.607000000000003,0.357,-16.269000000000002,5.348817065482797,2.018645450619036,6.327493033413452,2400.0,30,14.212000000000002
1201,-0.153,-19.55,0.5950000000000001,-22.083,0.7310000000000001,-14.739,7.345259151316583,2.2431347324926825,8.418634702377119,2402.0,30,14.212000000000002
1202,-0.119,-20.281,0.5950000000000001,-23.647,-0.255,-13.345,10.337006529938929,3.0535479404113253,11.492460800412848,2404.0,30,14.212000000000002
1203,-0.051,-19.839,0.5950000000000001,-23.885,-0.7310000000000001,-15.589,8.40130299417894,2.4487441414091164,10.6001183238165,2406.0,30,14.212000000000002
1204,0.051,-20.247,0.357,-23.817,0.799,-16.371000000000002,7.4591071851797395,2.405422969881692,9.420710536957118,2408.0,30,14.212000000000002
1205,-0.051,-21.165000000000003,-0.765,-25.245,-0.017,-16.507,8.769957126463048,2.6268930677221243,10.703922676225512,2410.0,30,14.212000000000002
1206,0.051,-21.607000000000003,-0.5950000000000001,-24.973000000000003,-0.5950000000000001,-18.615,6.3580000000000005,2.316015690941095,7.669297133850611,2412.0,30,14.212000000000002
1207,0.357,-21.233,-0.255,-24.769,0.425,-16.677,8.12052116554104,2.5676043863680027,8.604512905210424,2414.0,30,14.212000000000002
1208,0.323,-21.641,0.765,-25.483,0.799,-15.861,9.622060070483869,2.879681755255357,10.170141243573102,2416.0,30,14.212000000000002
1209,-0.323,-21.811,0.765,-26.061000000000003,0.493,-15.929,10.135650349138924,2.954584480204732,10.93588451697688,2418.0,30,14.212000000000002
1210,-0.085,-21.675,0.425,-25.687,0.663,-14.977,10.712644118050408,3.0349724273663203,11.364600048103316,2420.0,30,14.212000000000002
1211,-0.221,-21.743,0.663,-25.177000000000003,0.629,-15.385000000000002,9.792059027599866,2.8605026013170494,10.526872108750707,2422.0,30,14.212000000000002
1212,-0.017,-21.505000000000003,-0.255,-25.177000000000003,0.289,-15.453,9.739204895678087,2.9433735933538765,10.286585438098353,2424.0,30,14.212000000000002
1213,0.119,-22.219,-0.425,-25.313,0.357,-15.929,9.416526960615576,2.7436730333729904,9.958973224905645,2426.0,30,14.212000000000002
1214,0.289,-21.709000000000003,-0.799,-24.905,0.493,-15.181,9.80945666181364,2.687736641531576,10.761245061884184,2428.0,30,14.212000000000002
1215,-0.085,-21.879,-0.5950000000000001,-25.381,-0.221,-17.833000000000002,7.557260085507181,2.3474247580118464,8.387931321064176,2430.0,30,14.212000000000002
1216,-0.357,-20.621,-0.085,-24.327,-0.119,-18.649,5.678101795494689,2.1900283552963744,9.453816653792485,2432.0,30,14.212000000000002
1217,0.221,-19.975,0.765,-22.287000000000003,0.7310000000000001,-16.813000000000002,5.474105589043749,1.8620359186669884,7.837947384216149,2434.0,30,14.212000000000002
1218,-0.187,-20.519,0.255,-24.055000000000003,0.221,-15.215000000000002,8.84006538437358,2.413979240527104,9.429511452376063,2436.0,30,14.212000000000002
1219,-0.085,-21.267000000000003,-0.663,-24.735000000000003,-0.561,-18.615,6.12084994098042,2.2274704392928064,7.432126989792448,2438.0,30,14.212000000000002
1220,-0.323,-21.811,0.085,-26.231,0.799,-14.841,11.412357162304378,3.2309037796037585,12.279111661983766,2440.0,30,14.212000000000002
1221,-0.119,-21.777,0.6970000000000001,-25.653,0.8330000000000001,-15.691,9.962928284395106,3.0872740576995485,10.725704725645908,2442.0,30,14.212000000000002
1222,-0.153,-21.743,0.5950000000000001,-25.653,0.459,-15.997000000000002,9.656957698985742,3.198920383365784,10.61944835708158,2444.0,30,14.212000000000002
1223,0.017,-22.049000000000003,0.459,-25.619000000000003,0.6970000000000001,-15.759,9.862871995519358,2.65352543092909,10.714674773684434,2446.0,30,14.212000000000002
1224,0.187,-21.947000000000003,0.629,-24.871,0.765,-17.187,7.685203445582948,2.3122053784015955,9.033374268733786,2448.0,30,14.212000000000002
1225,0.017,-22.083,0.765,-26.163,-0.459,-19.465,6.808919150643515,2.977208432921649,7.350506207534237,2450.0,30,14.212000000000002
1226,0.085,-22.389000000000003,0.765,-25.687,0.051,-18.547,7.175611193480316,2.2445112780572622,7.93467709102531,2452.0,30,14.212000000000002
1227,0.085,-21.981,-0.799,-26.231,0.221,-18.071,8.22350290326452,2.671922416153256,11.757707647142835,2454.0,30,14.212000000000002
1228,-0.187,-23.001,-0.6970000000000001,-26.503000000000004,0.425,-17.221,9.349567262713286,2.657881935650817,10.839609131927151,2456.0,30,14.212000000000002
1229,0.187,-24.089,-0.663,-27.285000000000004,-0.765,-19.193,8.092642831609462,2.2837737865871737,9.202868314852289,2458.0,30,14.212000000000002
1230,0.425,-24.157,-0.221,-27.421000000000003,0.5950000000000001,-19.295,8.166867943097893,2.3163385255537783,8.51806206111568,2460.0,30,14.212000000000002
1231,0.289,-24.531,-0.799,-28.883000000000003,-0.289,-18.683,10.212742041195405,3.0524334787742307,10.89003799398418,2462.0,30,14.212000000000002
1232,-0.221,-26.435,-0.799,-30.107000000000003,0.6970000000000001,-20.145000000000003,10.073701405143993,2.8740274521052416,10.881841145440491,2464.0,30,14.212000000000002
1233,-0.051,-27.183000000000003,-0.799,-30.957,-0.7310000000000001,-21.267000000000003,9.690238593553824,2.971484992870929,10.581585557527973,2466.0,30,14.212000000000002
1234,-0.187,-26.605,0.7310000000000001,-30.379,0.799,-20.145000000000003,10.234225911127815,3.0881207727522293,10.95719640832236,2468.0,30,14.212000000000002
1235,0.153,-27.047,0.6970000000000001,-30.787000000000003,0.765,-20.723000000000003,10.064229727107785,2.738432053994739,10.942112219628912,2470.0,30,14.212000000000002
1236,-0.391,-26.571,0.289,-29.835,0.6970000000000001,-24.191000000000003,5.6587277722117015,1.8141087434520864,8.777995217887185,2472.0,30,14.212000000000002
1237,-0.425,-27.149,0.289,-29.869000000000003,0.7310000000000001,-22.525,7.357288902850017,2.2629144878211265,9.130271071274386,2474.0,30,14.212000000000002
1238,-0.221,-27.625000000000004,-0.153,-31.297,0.5950000000000001,-21.981,9.345980954399597,2.715542781949974,9.790749899836666,2476.0,30,14.212000000000002
1239,-0.187,-27.455,-0.6970000000000001,-31.875000000000004,-0.119,-22.117,9.775103477713165,2.90040100097908,10.854948490380318,2478.0,30,14.212000000000002
1240,-0.221,-27.659,-0.153,-31.535000000000004,0.425,-22.559,8.994590596575256,2.503266439669689,10.869635309498252,2480.0,30,14.212000000000002
1241,-0.221,-28.951,-0.187,-32.997,0.289,-23.239,9.769602857844326,2.954381947215124,10.277133924789224,2482.0,30,14.212000000000002
1242,-0.357,-29.291,-0.5950000000000001,-32.453,0.6970000000000001,-23.715000000000003,8.833001075512218,2.268685409424556,9.224005785917862,2484.0,30,14.212000000000002
1243,-0.153,-29.529000000000003,0.187,-33.065000000000005,0.527,-23.749,9.32220231490392,2.7623568349859053,10.13225770922254,2486.0,30,14.212000000000002
1244,-0.459,-29.053,-0.527,-32.283,-0.459,-24.769,7.514307686008073,2.1433984831442965,8.918931303116914,2488.0,30,14.212000000000002
1245,-0.493,-29.801,0.7310000000000001,-31.943,0.391,-25.789,6.163385108850493,1.9662243583158956,8.062083680746257,2490.0,30,14.212000000000002
1246,0.085,-30.175,0.663,-33.779,0.391,-25.245,8.538333561064478,2.321636896767181,10.440649929989648,2492.0,30,14.212000000000002
1247,0.119,-30.957,0.561,-34.799,-0.5950000000000001,-25.041,9.82623529130053,3.0026664882429897,10.321775740156346,2494.0,30,14.212000000000002
1248,0.085,-30.957,-0.017,-34.255,-0.8330000000000001,-25.381,8.911438267754539,2.519365403545269,9.275365758651295,2496.0,30,14.212000000000002
1249,-0.221,-31.025,-0.527,-34.833000000000006,-0.8330000000000001,-25.211,9.626864494735552,2.62313431750208,10.498802551602331,2498.0,30,14.212000000000002
1250,-0.323,-30.753000000000004,-0.8670000000000001,-34.901,-0.5950000000000001,-25.687,9.218013885865002,2.768202660048277,10.611885857674942,2500.0,30,14.212000000000002
1251,-0.323,-32.045,-0.6970000000000001,-36.261,0.5950000000000001,-27.013,9.337813876920016,2.670857237481607,10.470895385091753,2502.0,30,14.212000000000002
1252,-0.323,-30.685,-0.8670000000000001,-33.813,-0.323,-27.489,6.347354724607724,1.9324486234457676,8.805229434321157,2504.0,30,14.212000000000002
1253,-0.425,-30.94,-0.221,-34.901,0.493,-26.809,8.123438926956982,2.3871142754595063,9.409219172044814,2506.0,30,14.212000000000002
1254,-0.323,-31.671000000000003,0.527,-34.969,-0.357,-29.291,5.74640235277691,2.98803176311296,6.420106653260457,2508.0,30,14.212000000000002
1255,-0.391,-31.263,-0.7310000000000001,-35.139,0.5950000000000001,-25.007,10.21840007046113,2.740435772087832,11.15762201473246,2510.0,30,14.212000000000002
1256,-0.289,-31.093000000000004,-0.8670000000000001,-34.391000000000005,0.561,-23.987,10.50154274380674,2.9685386136853453,11.34385384225675,2512.0,30,14.212000000000002
1257,-0.085,-30.889000000000003,-0.901,-33.507000000000005,-0.629,-26.469,7.043254077484356,1.96079212509403,8.581212888103332,2514.0,30,14.212000000000002
1258,0.187,-31.042,-0.527,-33.847,-0.255,-26.027,7.824729004892119,2.234454872605981,8.587642518875269,2516.0,30,14.212000000000002
1259,-0.323,-31.433000000000003,0.459,-34.221000000000004,-0.629,-25.755000000000003,8.53562534323057,2.4747550909069576,9.702443055027748,2518.0,30,14.212000000000002
1260,-0.017,-32.011,-0.901,-35.309000000000005,0.7310000000000001,-27.081000000000003,8.388289932995878,2.5928038333438552,9.36522502514661,2520.0,30,14.212000000000002
1261,-0.255,-32.215,0.493,-36.227,0.221,-27.013,9.218013885865002,2.87605972594383,10.371927970681243,2522.0,30,14.212000000000002
1262,-0.119,-32.011,-0.901,-35.955000000000005,0.017,-25.925,10.07192255728766,2.7116883793098503,11.29339495498139,2524.0,30,14.212000000000002
1263,-0.153,-32.351,-0.901,-36.771,-0.323,-25.959000000000003,10.827438662952565,3.2689522449765622,11.839846515010132,2526.0,30,14.212000000000002
1264,-0.119,-32.623000000000005,-0.935,-35.887,0.085,-26.265,9.675912566781491,2.6841200072970226,11.363382394947529,2528.0,30,14.212000000000002
1265,0.119,-33.201,-0.527,-35.241,-0.323,-31.093000000000004,4.153013363811872,1.3501515184216015,5.303730478698091,2530.0,30,14.212000000000002
1266,0.119,-33.813,-0.7310000000000001,-36.601,-0.6970000000000001,-31.569000000000003,5.032114863553892,1.8121577135695783,7.405046083369603,2532.0,30,14.212000000000002
1267,0.085,-34.068000000000005,-0.7310000000000001,-37.757000000000005,-0.8330000000000001,-29.495,8.262629605640084,2.429408472740431,9.289649139079437,2534.0,30,14.212000000000002
1268,0.085,-33.099000000000004,-0.8330000000000001,-35.309000000000005,-0.901,-32.691,2.618882967984633,1.068999733626381,4.738555315337537,2536.0,30,14.212000000000002
1269,-0.017,-31.909,0.6970000000000001,-34.799,0.5950000000000001,-29.903,4.897062384736385,1.352331714039018,6.817265829121731,2538.0,30,14.212000000000002
1270,0.085,-32.317,0.663,-35.105000000000004,0.765,-29.835,5.270987004347478,1.5701552136063268,6.676223950963793,2540.0,30,14.212000000000002
1271,0.357,-32.657000000000004,0.255,-36.057,-0.119,-28.203000000000003,7.862899719569111,2.2515076263166702,9.19383848218514,2542.0,30,14.212000000000002
1272,-0.017,-32.963,0.629,-36.431,-0.561,-27.625000000000004,8.886041638434968,2.446936331966652,9.600728229863035,2544.0,30,14.212000000000002
1273,-0.051,-33.507000000000005,-0.085,-36.975,-0.8330000000000001,-27.183000000000003,9.82052788805164,2.6584225438891247,10.409880041920609,2546.0,30,14.212000000000002
1274,0.255,-33.541000000000004,0.085,-37.145,0.527,-29.801,7.357288902850017,2.633109729452313,8.28899666370242,2548.0,30,14.212000000000002
1275,-0.051,-34.119,0.323,-37.519000000000005,-0.6970000000000001,-29.903,7.684,2.2475255324173573,8.03366041905925,2550.0,30,14.212000000000002
1276,0.119,-33.813,-0.187,-37.009,-0.663,-28.951,8.072046828407279,2.476998761241055,8.948500809801894,2552.0,30,14.212000000000002
1277,0.153,-34.153000000000006,-0.629,-37.587,-0.493,-29.461,8.127137995629212,2.340301515059243,9.064412436370954,2554.0,30,14.212000000000002
1278,0.153,-34.221000000000004,0.085,-37.451,0.493,-29.563,7.898544676077993,2.317086533956745,9.372455903501686,2556.0,30,14.212000000000002
1279,0.187,-34.289,-0.051,-38.199000000000005,-0.391,-29.359,8.846536045255228,2.599376480124364,9.715790204944756,2558.0,30,14.212000000000002
1280,-0.153,-34.085,0.629,-37.281000000000006,-0.323,-29.665000000000003,7.67526937638022,2.1177143512948606,9.292309617776027,2560.0,30,14.212000000000002
1281,-0.102,-34.663000000000004,0.629,-38.301,0.459,-27.931,10.371393349015358,2.8100104676331457,11.45999662178753,2562.0,30,14.212000000000002
1282,-0.085,-34.935,-0.935,-38.403000000000006,-0.629,-29.325000000000003,9.08315583924442,2.598570969360381,9.915419898863185,2564.0,30,14.212000000000002
1283,0.153,-36.04,-0.799,-38.879000000000005,-0.8330000000000001,-30.175,8.704066405996683,2.498731024626935,9.755988185349972,2566.0,30,14.212000000000002
1284,0.289,-36.057,-0.969,-39.117,0.289,-31.195000000000004,8.021262244809106,2.228025467669744,8.512377297645033,2568.0,30,14.212000000000002
1285,-0.459,-36.057,-0.153,-39.049,0.357,-30.855000000000004,8.209856027970284,2.307896008836124,8.832637968131326,2570.0,30,14.212000000000002
1286,-0.255,-36.091,0.425,-39.627,0.7310000000000001,-29.461,10.170604308496127,2.925895008369234,11.011368493976509,2572.0,30,14.212000000000002
1287,-0.153,-35.921,0.629,-39.423,0.119,-30.345,9.092314556811154,2.568878795775968,9.947910455119242,2574.0,30,14.212000000000002
1288,-0.187,-35.785000000000004,0.493,-39.457,0.561,-30.039,9.418245484165295,2.796185829982844,10.28781928869139,2576.0,30,14.212000000000002
1289,-0.255,-36.057,0.119,-38.879000000000005,0.153,-31.739,7.1400809519220445,2.0636683045969018,8.232935128270416,2578.0,30,14.212000000000002
1290,-0.119,-35.819,0.459,-38.947,-0.561,-32.827000000000005,6.204417780904184,2.617937275923605,6.614332168401061,2580.0,30,14.212000000000002
1291,-0.459,-32.827000000000005,-0.8670000000000001,-34.391000000000005,-0.663,-30.515,3.881364708449852,1.1089907230055362,4.268545054265499,2582.0,30,14.212000000000002
1292,0.119,-31.875000000000004,0.425,-33.473,-0.799,-28.577,5.046681285756017,1.675934749127583,6.159961249785208,2584.0,30,14.212000000000002
1293,-0.017,-30.243,-0.391,-34.391000000000005,-0.187,-27.081000000000003,7.312845957628262,2.3199227335528168,9.090178448425656,2586.0,30,14.212000000000002
1294,0.017,-30.073,0.7310000000000001,-32.079,-0.357,-27.353,4.849620603717368,2.408748833922405,5.356946571869888,2588.0,30,14.212000000000002
1295,0.187,-30.957,-0.8670000000000001,-34.493,-0.459,-27.795,6.710414890302983,2.399574293864996,9.574575709790512,2590.0,30,14.212000000000002
1296,0.085,-30.413000000000004,0.629,-34.833000000000006,-0.629,-26.605,8.323613878598646,2.5615657797490416,8.717630718585879,2592.0,30,14.212000000000002
1297,-0.085,-30.175,-0.255,-34.629000000000005,-0.629,-26.571,8.066674655643427,2.3053197809668418,8.86962561912283,2594.0,30,14.212000000000002
1298,0.221,-30.481,0.6970000000000001,-33.915,-0.017,-27.081000000000003,6.871197275584511,2.0717934071428674,8.798876879637927,2596.0,30,14.212000000000002
1299,-0.119,-30.583,0.6970000000000001,-34.119,0.5950000000000001,-27.727,6.392813777985404,2.0638684796712874,7.874661699446604,2598.0,30,14.212000000000002
1300,0.187,-30.685,-0.5950000000000001,-35.207,-0.629,-26.639000000000003,8.568067460051887,2.6162677073879643,10.06855714943416,2600.0,30,14.212000000000002
1301,0.051,-30.481,-0.187,-35.105000000000004,-0.799,-27.285000000000004,7.843911269258469,2.186988291708273,8.562902508740937,2602.0,30,14.212000000000002
1302,-0.187,-30.141,-0.357,-34.663000000000004,-0.629,-26.095,8.572316373069768,2.528052903068321,9.55400089559761,2604.0,30,14.212000000000002
1303,0.153,-30.617,-0.459,-32.793,-0.561,-27.625000000000004,5.169006480940027,2.1509304254076427,5.9219856947922285,2606.0,30,14.212000000000002
1304,0.289,-30.481,0.459,-36.567,-0.153,-26.571,10.014717170245,3.035141331891008,10.38743615439434,2608.0,30,14.212000000000002
1305,0.187,-29.563,-0.901,-34.629000000000005,-0.7310000000000001,-26.843000000000004,7.787855674060736,2.3164622692543064,8.83002716248757,2610.0,30,14.212000000000002
1306,0.085,-29.019,0.425,-35.037,-0.799,-25.653,9.463489419870452,2.893051220774029,10.865221835860345,2612.0,30,14.212000000000002
1307,0.289,-27.863000000000003,-0.7310000000000001,-33.847,0.187,-23.987,9.902642273656058,3.2253709061469293,10.43855940932367,2614.0,30,14.212000000000002
1308,0.459,-28.237,-0.8330000000000001,-33.167,0.527,-24.803,8.47384776828095,2.24360229363304,9.112746147040214,2616.0,30,14.212000000000002
1309,0.221,-27.897,0.357,-31.501,-0.017,-24.599,6.912125577562954,2.7243941934148257,7.319993933711765,2618.0,30,14.212000000000002
1310,0.153,-28.033,0.357,-32.215,-0.799,-24.191000000000003,8.106843528772465,2.903372244306506,8.56203569070594,2620.0,30,14.212000000000002
1311,-0.051,-28.543000000000003,-0.6970000000000001,-33.065000000000005,-0.459,-25.483,7.585734506295354,2.546121242681947,8.27962306991674,2622.0,30,14.212000000000002
1312,0.221,-28.305000000000003,-0.527,-33.269000000000005,0.6970000000000001,-25.245,8.116819081388966,2.697989386927777,8.462825091827458,2624.0,30,14.212000000000002
1313,-0.493,-27.761000000000003,-0.8330000000000001,-32.725,0.255,-24.667,8.131119726089391,2.882070119831322,8.480749857477734,2626.0,30,14.212000000000002
1314,-0.119,-27.421000000000003,-0.493,-32.589000000000006,0.051,-23.919,8.687049902009312,2.6365764378173058,9.140264611165827,2628.0,30,14.212000000000002
1315,0.085,-27.455,0.493,-33.541000000000004,0.051,-24.055000000000003,9.496291907897524,2.608397694168021,10.14531003983375,2630.0,30,14.212000000000002
1316,0.187,-27.625000000000004,0.119,-32.827000000000005,0.323,-24.021,8.808362617422151,2.4494962826405278,10.017072433640934,2632.0,30,14.212000000000002
1317,-0.051,-26.299000000000003,-0.289,-32.827000000000005,-0.085,-22.899,9.93009566922696,2.661900323703601,10.305379455163706,2634.0,30,14.212000000000002
1318,0.051,-26.503000000000004,0.323,-32.997,-0.391,-22.457,10.564156189682166,2.9351959387153235,11.159408082236084,2636.0,30,14.212000000000002
1319,0.187,-25.619000000000003,-0.425,-31.603,-0.085,-21.743,9.865860327411898,2.691023309816948,10.610463007249251,2638.0,30,14.212000000000002
1320,0.323,-24.973000000000003,-0.6970000000000001,-32.011,0.357,-21.165000000000003,10.897092823317603,3.220991350729865,11.310713216976543,2640.0,30,14.212000000000002
1321,0.085,-24.429,-0.629,-29.189000000000004,0.765,-21.199,8.1106926954484,2.289064014628321,9.40022120990625,2642.0,30,14.212000000000002
1322,-0.323,-23.749,0.765,-26.129,0.051,-20.451,5.722716138338508,2.3598118497026217,6.439798149213334,2644.0,30,14.212000000000002
1323,-0.085,-23.919,0.391,-26.639000000000003,-0.5950000000000001,-20.689,6.031143838443915,2.305402413071368,6.707536289449508,2646.0,30,14.212000000000002
1324,-0.323,-23.783,-0.425,-29.189000000000004,0.629,-20.485000000000003,8.767584159847,2.5379918595279136,9.512611294253354,2648.0,30,14.212000000000002
1325,-0.153,-23.987,0.629,-29.087000000000003,0.765,-20.723000000000003,8.365105617982358,2.579809923123526,9.285147211617208,2650.0,30,14.212000000000002
1326,-0.051,-23.919,0.459,-27.931,0.629,-20.281,7.651888655750292,2.417948056489388,8.876870167768242,2652.0,30,14.212000000000002
1327,-0.119,-23.579,-0.357,-29.019,-0.7310000000000001,-19.703000000000003,9.323504276826393,2.8792936675819125,10.392892238459757,2654.0,30,14.212000000000002
1328,0.255,-24.089,0.6970000000000001,-29.087000000000003,-0.289,-20.893,8.253110443947786,2.119996337897798,9.743155043053036,2656.0,30,14.212000000000002
1329,0.289,-24.021,-0.8670000000000001,-27.285000000000004,-0.5950000000000001,-21.267000000000003,6.024143756584831,2.0532589173656817,7.327251572306123,2658.0,30,14.212000000000002
1330,-0.017,-23.987,-0.119,-28.713,-0.7310000000000001,-19.873,8.861159292101684,2.892472551525721,10.221236075125177,2660.0,30,14.212000000000002
1331,-0.255,-23.681,-0.629,-29.359,-0.255,-20.451,8.915847688245915,2.691678221604243,9.763615458204509,2662.0,30,14.212000000000002
1332,-0.051,-23.647,-0.8330000000000001,-28.611,-0.765,-20.247,8.364276418196617,2.635819244002126,9.44541584727463,2664.0,30,14.212000000000002
1333,0.255,-23.613000000000003,0.017,-28.747000000000003,-0.5950000000000001,-20.383000000000003,8.386360354766543,2.3318920074886185,9.064415439802511,2666.0,30,14.212000000000002
1334,0.085,-22.559,-0.017,-27.659,-0.7310000000000001,-19.703000000000003,7.987974211275347,2.245106285650596,9.493356195474297,2668.0,30,14.212000000000002
1335,0.221,-22.661,0.119,-27.829,0.357,-23.103,4.731989010976252,2.699147756528021,5.6666799629479945,2670.0,30,14.212000000000002
1336,0.221,-22.593,0.255,-28.237,-0.527,-19.023,9.247124958602,2.706644714337705,10.47637628802849,2672.0,30,14.212000000000002
1337,0.153,-21.811,0.051,-28.645000000000003,-0.5950000000000001,-17.935000000000002,10.729464851519856,3.047279017559548,12.012693673107597,2674.0,30,14.212000000000002
1338,-0.119,-21.845,0.6970000000000001,-27.557,-0.561,-18.479000000000003,9.164750296652931,2.7941399993010467,9.711027228918988,2676.0,30,14.212000000000002
1339,0.221,-21.947000000000003,0.765,-27.251,-0.153,-18.921000000000003,8.380431015168611,2.494999083819328,9.146176055478191,2678.0,30,14.212000000000002
1340,-0.187,-21.879,0.051,-27.081000000000003,0.5950000000000001,-18.751,8.347744365994926,2.189146635642334,10.016688400781987,2680.0,30,14.212000000000002
1341,-0.051,-21.777,-0.765,-26.639000000000003,0.493,-18.037000000000003,8.69350148099142,2.5234922578903127,9.870053831097552,2682.0,30,14.212000000000002
1342,0.357,-20.757,0.7310000000000001,-25.517000000000003,-0.7310000000000001,-17.017,8.624815592231524,2.312407109572436,10.519053668848189,2684.0,30,14.212000000000002
1343,0.187,-19.839,0.255,-26.605,-0.663,-16.303,10.34282011832363,3.269226881144292,11.406388245059768,2686.0,30,14.212000000000002
1344,0.255,-20.111,0.527,-26.163,0.765,-15.487000000000002,10.678652536720165,2.94215752607688,11.39064873279847,2688.0,30,14.212000000000002
1345,-0.323,-19.805,0.6970000000000001,-23.851000000000003,0.7310000000000001,-16.609,7.242079811766783,2.366357116518226,8.682801043150517,2690.0,30,14.212000000000002
1346,-0.289,-19.533,0.765,-25.007,0.799,-15.555,9.452061150881326,3.1296971230717587,10.491561343443252,2692.0,30,14.212000000000002
1347,-0.323,-19.023,0.085,-24.769,-0.7310000000000001,-15.351,9.453284085438248,2.577076319041923,10.316346317706683,2694.0,30,14.212000000000002
1348,-0.153,-19.091,0.527,-23.987,-0.765,-15.555,8.53040960329573,2.222592839482091,10.30437431766132,2696.0,30,14.212000000000002
1349,0.357,-18.955,0.765,-22.423,-0.5950000000000001,-16.167,6.402119648991262,2.139692687041548,6.827105492025066,2698.0,30,14.212000000000002
1350,-0.255,-18.989,0.663,-24.021,0.425,-15.079,8.94516673964214,2.5745410796926,9.97156506707109,2700.0,30,14.212000000000002
1351,-0.187,-18.343,0.527,-24.769,0.6970000000000001,-14.433000000000002,10.33739793178148,3.0107320665575514,11.25256401458587,2702.0,30,14.212000000000002
1352,0.119,-18.632,0.085,-25.279000000000003,0.799,-14.875000000000002,10.42847122065358,2.7767820662040603,11.616675164438345,2704.0,30,14.212000000000002
1353,0.187,-18.615,0.085,-23.715000000000003,-0.221,-15.011,8.709377245245495,2.648205289506448,9.754033222188598,2706.0,30,14.212000000000002
1354,0.051,-18.411,-0.5950000000000001,-23.545,-0.119,-14.637,8.920708492042547,2.7084866113312587,10.116788877531349,2708.0,30,14.212000000000002
1355,-0.119,-17.901,-0.357,-24.021,0.629,-14.773,9.300413969281154,2.7513281471030746,10.553778078996356,2710.0,30,14.212000000000002
1356,-0.017,-18.343,-0.765,-24.157,-0.187,-14.399,9.775103477713165,2.8358151128016957,10.366544056769742,2712.0,30,14.212000000000002
1357,0.017,-17.969,-0.051,-21.981,-0.221,-14.705000000000002,7.277985710345962,2.0398212569914818,8.677194133303741,2714.0,30,14.212000000000002
1358,-0.017,-17.187,0.017,-22.967,0.799,-13.719,9.281003609524134,2.5669355878746067,10.19753548587174,2716.0,30,14.212000000000002
1359,-0.187,-17.357000000000003,-0.8330000000000001,-23.341,0.7310000000000001,-13.617,9.84897314444506,2.9713578170886645,10.415699435606616,2718.0,30,14.212000000000002
1360,-0.153,-17.289,-0.459,-23.511000000000003,0.8330000000000001,-13.549,10.045432195779334,2.995397888026506,10.9758179792245,2720.0,30,14.212000000000002
1361,-0.017,-16.983,0.765,-23.001,0.799,-13.209,9.792059027599866,2.924665626837331,10.719281285839063,2722.0,30,14.212000000000002
1362,-0.255,-17.357000000000003,0.6970000000000001,-23.715000000000003,0.663,-13.651000000000002,10.06405743226856,3.039197807718041,10.893792404327169,2724.0,30,14.212000000000002
1363,0.017,-17.017,0.221,-21.981,0.5950000000000001,-13.719,8.270460688498556,2.648703760763007,9.000082139981917,2726.0,30,14.212000000000002
1364,0.221,-16.779,-0.119,-22.423,-0.5950000000000001,-13.141000000000002,9.294197114328918,2.5106823023857374,10.09558679519626,2728.0,30,14.212000000000002
1365,0.051,-16.609,0.221,-21.709000000000003,-0.6970000000000001,-13.277,8.481824567862743,2.415036374284523,9.843975470550212,2730.0,30,14.212000000000002
1366,-0.323,-16.915000000000003,0.255,-21.709000000000003,-0.527,-13.311000000000002,8.43433032314955,2.6768322109420235,9.423554769951457,2732.0,30,14.212000000000002
1367,-0.289,-16.983,0.017,-22.253,-0.187,-13.141000000000002,9.11428329601401,2.823088297715879,9.752360024336458,2734.0,30,14.212000000000002
1368,-0.357,-16.949,0.391,-22.015,-0.459,-13.583,8.474734450117007,2.7840101452647854,8.939735512447173,2736.0,30,14.212000000000002
1369,0.085,-16.847,-0.425,-22.321,-0.6970000000000001,-12.529000000000002,9.795777049320796,3.09642154757157,10.482919803709372,2738.0,30,14.212000000000002
1370,-0.255,-16.405,0.5950000000000001,-21.607000000000003,0.663,-12.597,9.010256600119666,2.506922151030756,9.956946407442947,2740.0,30,14.212000000000002
1371,0.017,-15.827000000000002,0.629,-21.403,0.323,-12.393,9.015194728900758,2.57608247475859,9.678954563661367,2742.0,30,14.212000000000002
1372,0.119,-16.337,0.425,-20.315,0.8670000000000001,-12.495,7.832481343737756,2.232404080995899,9.10280040805464,2744.0,30,14.212000000000002
1373,-0.153,-14.943,0.357,-20.145000000000003,0.8330000000000001,-11.815,8.343588916048057,2.468383466228014,9.786798003736102,2746.0,30,14.212000000000002
1374,0.085,-14.807,0.527,-20.961,0.8330000000000001,-10.421,10.544440999882356,3.119005806964873,11.497463254603865,2748.0,30,14.212000000000002
1375,0.255,-14.875000000000002,0.323,-20.145000000000003,0.289,-19.261000000000003,0.8846536045255229,2.2399978431979544,,2750.0,30,14.212000000000002
1376,0.017,-14.331,-0.493,-20.961,-0.391,-10.693,10.268506610018813,3.0140604168958327,10.789698348827637,2752.0,30,14.212000000000002
1377,-0.051,-14.093000000000002,0.051,-18.717,0.8670000000000001,-10.693,8.06538480173141,2.661402802095166,9.1254773494241,2754.0,30,14.212000000000002
1378,-0.085,-13.787,-0.085,-19.159,0.085,-10.387,8.773647132179411,2.4249174845654577,9.732531981248068,2756.0,30,14.212000000000002
1379,-0.153,-13.821000000000002,-0.085,-18.411,-0.493,-10.659,7.762729416899703,2.492888042854576,8.67548898432764,2758.0,30,14.212000000000002
1380,-0.119,-13.583,-0.391,-18.547,0.8330000000000001,-9.537,9.09275953712623,2.6996952215308725,10.52463782692482,2760.0,30,14.212000000000002
1381,-0.221,-13.719,0.357,-16.235,0.561,-11.339,4.90024815698144,1.8024017718049008,6.251109601638171,2762.0,30,14.212000000000002
1382,0.153,-12.971,0.561,-17.527,0.8330000000000001,-8.925,8.60629932084633,2.9126163985506888,9.463181582197162,2764.0,30,14.212000000000002
1383,0.221,-12.937,0.425,-17.799000000000003,0.765,-9.639,8.167080261635734,2.119806911124187,8.942088899652475,2766.0,30,14.212000000000002
1384,0.051,-12.665,0.255,-18.377,0.5950000000000001,-8.619,9.763921548230506,2.901024666893225,10.90882978591779,2768.0,30,14.212000000000002
1385,0.255,-12.597,0.8330000000000001,-18.887,0.765,-8.755,10.132228185349954,2.8037116149858936,11.631101575036768,2770.0,30,14.212000000000002
1386,0.255,-11.747000000000002,0.493,-19.091,0.289,-8.177000000000001,10.915906375560391,2.9542343402449647,11.602072546090504,2772.0,30,14.212000000000002
1387,0.221,-11.713,0.459,-17.799000000000003,-0.391,-7.633000000000001,10.201473226941294,2.935023638062489,11.501131584264192,2774.0,30,14.212000000000002
1388,0.357,-11.135000000000002,-0.357,-16.677,-0.323,-7.701,8.976064393708414,2.9271553366852374,9.698752724059856,2776.0,30,14.212000000000002
1389,0.323,-11.305,-0.391,-16.541,-0.459,-8.585,7.956290592983643,2.5739649428862093,8.927797771267572,2778.0,30,14.212000000000002
1390,0.051,-11.067,-0.289,-16.371000000000002,-0.6970000000000001,-7.735,8.645632423368461,2.6850323850383786,9.954934841056078,2780.0,30,14.212000000000002
1391,0.153,-11.169,-0.561,-16.133000000000003,-0.561,-7.871,8.262,2.552171004443865,9.698982457866393,2782.0,30,14.212000000000002
1392,0.119,-10.387,-0.629,-16.099,-0.5950000000000001,-7.191000000000001,8.908064885259874,2.8224247413711634,9.757428596648824,2784.0,30,14.212000000000002
1393,0.323,-10.965000000000002,0.8330000000000001,-15.827000000000002,0.459,-8.075000000000001,7.761016685976137,2.944445286724077,8.128826986738693,2786.0,30,14.212000000000002
1394,0.493,-10.727,,,,,7.761016685976137,2.085303937262674,,2788.0,30,14.212000000000002
1395,-0.153,-10.353000000000002,0.085,-14.467,0.5950000000000001,-7.973000000000001,6.513995394533221,2.407651397705566,7.272745359149178,2790.0,30,14.212000000000002
1396,0.323,-10.217,-0.221,-15.759,0.187,-7.395,8.373945306723707,3.035131165495856,8.887083318406946,2792.0,30,14.212000000000002
1397,0.017,-9.741,0.425,-14.501,-0.119,-7.021000000000001,7.499755729355458,2.777356185620371,8.040196707025531,2794.0,30,14.212000000000002
1398,-0.085,-9.503,0.799,-13.991,-0.187,-6.953,7.106732019712015,2.6235519515103607,7.572845604299056,2796.0,30,14.212000000000002
1399,-0.051,-9.231,0.799,-14.059,-0.017,-7.089,7.01760329457287,2.775139022318138,7.545225664253834,2798.0,30,14.212000000000002
1400,0.017,-9.367,0.527,-10.761,0.357,-7.667000000000001,3.09866681009753,1.7640117795572643,5.556249021414698,2800.0,30,14.212000000000002
1401,0.187,-8.993,0.5950000000000001,-12.155,0.357,-7.667000000000001,4.494306175595963,2.255045570119607,5.978387362835071,2802.0,30,14.212000000000002
1402,0.051,-8.313,-0.6970000000000001,-13.107,-0.187,-6.987,6.141213235184071,2.4243740977739896,7.235494369297177,2804.0,30,14.212000000000002
1403,0.255,-7.633000000000001,-0.085,-12.529000000000002,-0.187,-6.9190000000000005,5.610927196105828,2.470840401525141,6.71670539751054,2806.0,30,14.212000000000002
1404,-0.357,-6.953,-0.7310000000000001,-11.883,-0.6970000000000001,-6.783,5.100113332074102,3.1673359433144737,6.429825675650278,2808.0,30,14.212000000000002
1405,0.017,-4.131,-0.017,-6.205,0.119,-0.255,5.951554082758554,3.352333854226172,6.150706638560829,2810.0,30,14.212000000000002
1406,0.051,-4.845000000000001,0.255,-6.477,-0.153,-0.799,5.692639809438149,3.021610739100359,5.973077479466084,2812.0,30,14.212000000000002
1407,-0.017,-3.893,0.935,-5.9670000000000005,-0.187,-0.561,5.521206389911539,2.7742219663679992,5.86415573057276,2814.0,30,14.212000000000002
1408,0.289,-3.213,0.357,-4.845000000000001,-0.6970000000000001,-0.221,4.742603926114851,2.8523401728841904,5.402303242686758,2816.0,30,14.212000000000002
1409,0.391,-3.043,-0.493,-5.627000000000001,-0.527,0.561,6.1880934058884405,3.482375905523185,7.177259600559977,2818.0,30,14.212000000000002
1410,0.153,-2.737,-0.357,-5.763000000000001,-0.629,1.003,6.771465129497456,2.549190271229356,7.786719122838246,2820.0,30,14.212000000000002
1411,0.391,-1.649,-0.425,-5.6610000000000005,-0.357,1.479,7.140323802181523,2.0352039522395438,8.0948267859796,2822.0,30,14.212000000000002
1412,0.323,-1.258,0.221,-4.777,-0.561,2.499,7.317902705010502,2.6941683089848736,7.900109322765211,2824.0,30,14.212000000000002
1413,-0.119,-1.003,0.799,-5.695,0.255,2.2270000000000003,7.940656144173477,2.448980496384,8.58725200572193,2826.0,30,14.212000000000002
1414,0.017,-1.139,0.017,-4.777,-0.255,2.567,7.349035310841826,3.159344509344523,7.708712293900927,2828.0,30,14.212000000000002
1415,0.221,-0.7310000000000001,-0.323,-4.301,-0.561,2.193,6.498359793055476,2.071031281576771,7.159239300815867,2830.0,30,14.212000000000002
1416,0.221,-0.629,-0.323,-4.301,0.289,2.363,6.692043036323064,2.153336345171172,7.164352037061684,2832.0,30,14.212000000000002
1417,0.391,-1.139,-0.289,-4.301,0.799,1.785,6.182486554777132,1.8999690847687296,6.510147899002134,2834.0,30,14.212000000000002
1418,0.425,-0.7310000000000001,-0.051,-4.607,0.051,1.6150000000000002,6.222836009409216,1.746332784221203,7.42278424795012,2836.0,30,14.212000000000002
1419,0.391,-1.411,0.8330000000000001,-3.519,-0.527,0.7310000000000001,4.462297614458274,1.932633760935126,4.855630556489176,2838.0,30,14.212000000000002
1420,-0.051,-1.6150000000000002,0.8330000000000001,-3.3830000000000005,-0.323,0.8670000000000001,4.404410970833672,1.6923012956169394,4.9503862316237255,2840.0,30,14.212000000000002
1421,0.085,-1.003,0.255,-4.845000000000001,-0.017,2.2950000000000004,7.145179074033065,2.429177252186757,8.298221685493846,2842.0,30,14.212000000000002
1422,0.153,-0.969,,,,,7.145179074033065,2.681036318644051,,2844.0,30,14.212000000000002
1423,0.085,-0.5950000000000001,0.153,-4.879,-0.221,2.9410000000000003,7.828938369919641,2.360121912724505,8.686117653437122,2846.0,30,14.212000000000002
1424,0.119,-0.255,-0.357,-4.199000000000001,0.255,3.0090000000000003,7.233934475788401,2.245214617560328,8.026997749196333,2848.0,30,14.212000000000002
1425,0.119,-0.119,0.051,-4.675000000000001,-0.017,3.859,8.534270912034607,2.8231458868137183,8.980905783249861,2850.0,30,14.212000000000002
1426,0.289,0.153,0.221,-4.777,-0.221,3.757,8.545438549308047,2.330434301212951,9.996924569883506,2852.0,30,14.212000000000002
1427,-0.153,0.561,-0.051,-3.927000000000001,-0.527,4.165,8.105987910180968,2.1705651856141066,9.525729579938366,2854.0,30,14.212000000000002
1428,0.391,1.649,-0.5950000000000001,-3.893,-0.561,4.981000000000001,8.874065133860581,2.767937858180724,9.769465051099262,2856.0,30,14.212000000000002
1429,0.187,2.2270000000000003,0.935,-0.8330000000000001,-0.527,5.559,6.557065502189223,2.1527504178250165,6.926638274384371,2858.0,30,14.212000000000002
1430,-0.255,2.397,0.901,-1.3430000000000002,-0.527,5.831,7.314742647557739,2.2938380237676377,7.722571900154742,2860.0,30,14.212000000000002
1431,-0.187,2.635,0.425,-3.825,0.085,6.477,10.307609034106797,3.080297479438673,11.050542734397917,2862.0,30,14.212000000000002
1432,-0.051,2.737,0.017,-3.689,-0.357,6.953,10.648569857027752,3.17528958614922,11.044132946401016,2864.0,30,14.212000000000002
1433,0.255,2.669,-0.017,-2.669,0.459,5.9670000000000005,8.649108162117063,2.457007273270822,9.069618649223871,2866.0,30,14.212000000000002
1434,-0.153,3.145,0.8670000000000001,-2.7030000000000003,0.7310000000000001,6.647,9.350989038599073,2.8336705629157546,10.34949995247899,2868.0,30,14.212000000000002
1435,0.085,2.873,0.765,0.8670000000000001,0.799,5.763000000000001,4.896118054132273,1.6489651619044563,7.614234223244377,2870.0,30,14.212000000000002
1436,0.187,3.349,-0.289,-1.5470000000000002,0.629,6.307,7.907467356872237,2.156509568358858,8.978986908585867,2872.0,30,14.212000000000002
1437,0.221,3.723,0.629,-1.3430000000000002,0.935,6.7490000000000006,8.097783647393896,2.2924120064330484,9.158851836018911,2874.0,30,14.212000000000002
1438,-0.153,4.437,0.085,-0.357,0.8330000000000001,7.633000000000001,8.024936386040702,2.6955177779445183,8.612629270209831,2876.0,30,14.212000000000002
1439,0.255,5.423,0.629,-0.017,0.8670000000000001,8.653,8.673266051494098,2.289009522461735,9.314224959493334,2878.0,30,14.212000000000002
1440,0.153,5.763000000000001,0.663,1.003,0.8330000000000001,9.367,8.365727463885015,2.3923131618061517,9.137840012547054,2880.0,30,14.212000000000002
1441,-0.085,6.273000000000001,0.459,1.411,0.8330000000000001,9.639,8.23649561403392,2.284742965654926,9.9868970610927,2882.0,30,14.212000000000002
1442,0.051,7.123,0.119,1.6150000000000002,-0.187,10.591,8.981214394501448,2.682462679410791,9.33643398490408,2884.0,30,14.212000000000002
1443,0.357,7.633000000000001,-0.629,1.105,-0.5950000000000001,11.135000000000002,10.030057626953097,2.855438683601152,10.886910021889545,2886.0,30,14.212000000000002
1444,0.425,7.667000000000001,-0.187,2.261,-0.5950000000000001,11.577,9.324930026547117,2.658806172869956,10.52795345408372,2888.0,30,14.212000000000002
1445,0.255,8.075000000000001,-0.391,2.431,-0.527,11.339,8.90903810745021,2.6812198670493483,10.127019477818626,2890.0,30,14.212000000000002
1446,0.391,9.163,-0.357,4.913,-0.527,12.257,7.345967329086076,3.012251671274945,8.262437283152794,2892.0,30,14.212000000000002
1447,0.255,9.571000000000002,0.289,3.349,0.8330000000000001,13.413,10.078691978625006,2.8424750184467618,10.723767171323717,2894.0,30,14.212000000000002
1448,0.051,9.435,0.459,3.5530000000000004,0.459,12.801,9.248,2.6302150035866654,9.762013755850193,2896.0,30,14.212000000000002
1449,0.289,9.299,0.153,3.655,0.119,12.393,8.738066147609551,2.630636138049612,9.241945066380676,2898.0,30,14.212000000000002
1450,0.085,9.503,-0.187,3.0770000000000004,-0.425,12.903,9.8288819303113,3.010232417582597,10.65987848097224,2900.0,30,14.212000000000002
1451,0.221,10.149,-0.663,3.927000000000001,-0.5950000000000001,13.379,9.452244601151625,2.9083899764122045,10.402549126527044,2902.0,30,14.212000000000002
1452,0.357,10.489,-0.561,5.831,-0.391,13.957,8.127778048150676,2.1804502334863867,9.010722373047908,2904.0,30,14.212000000000002
1453,0.527,10.863,0.8330000000000001,5.831,0.629,14.467,8.63840911279386,2.325629201371056,9.130708759035402,2906.0,30,14.212000000000002
1454,0.221,10.744000000000002,,,,,8.63840911279386,2.1384298990030493,,2908.0,30,14.212000000000002
1455,0.017,11.169,-0.187,7.021000000000001,0.8330000000000001,14.535000000000002,7.58291474302593,2.3884880341326955,8.775112701011068,2910.0,30,14.212000000000002
1456,0.051,11.407,0.493,6.069000000000001,0.901,15.079,9.01923300508419,2.7600696105062,10.03184674937386,2912.0,30,14.212000000000002
1457,0.221,11.118,0.187,4.981000000000001,0.901,15.283,10.32671293297146,2.825876990115689,11.288001430444544,2914.0,30,14.212000000000002
1458,0.051,10.999,0.901,6.817,0.969,14.229,7.412311920042222,2.2786155058144977,8.71519437100727,2916.0,30,14.212000000000002
1459,0.629,12.223,0.7310000000000001,7.157000000000001,0.765,15.487000000000002,8.33006938746611,2.262179625907037,9.511695314445385,2918.0,30,14.212000000000002
1460,-0.085,11.611,-0.187,8.653,0.017,15.997000000000002,7.346832786990595,2.572388399654625,8.889542430079977,2920.0,30,14.212000000000002
1461,0.255,13.039,0.663,6.375000000000001,0.901,17.051000000000002,10.678652536720165,3.534880008452522,11.252578619827418,2922.0,30,14.212000000000002
1462,0.629,13.685,0.527,6.545000000000001,0.765,17.527,10.984578644627204,3.132714694570152,11.40018313572162,2924.0,30,14.212000000000002
1463,-0.119,13.855,0.459,7.225,0.459,17.493000000000002,10.268,2.789012901588927,10.829487788794156,2926.0,30,14.212000000000002
1464,-0.085,14.501,0.799,9.129,0.527,18.003,8.878167603734457,2.4954189404565943,9.5892580885917,2928.0,30,14.212000000000002
1465,0.017,14.161,0.765,9.129,0.5950000000000001,16.915000000000003,7.787855674060736,2.3007498129649915,8.584851804940707,2930.0,30,14.212000000000002
1466,0.493,13.753,0.493,9.265,0.323,16.575000000000003,7.311976476986233,2.1404768613370178,8.791441554665697,2932.0,30,14.212000000000002
1467,0.323,14.399,-0.119,8.585,0.051,17.833000000000002,9.249562368025853,2.770132363443084,10.134314502762855,2934.0,30,14.212000000000002
1468,0.255,14.467,0.5950000000000001,9.945,-0.561,18.411,8.544559204546482,2.312054180859808,10.294242313996168,2936.0,30,14.212000000000002
1469,-0.034,15.317000000000002,0.8330000000000001,11.883,-0.561,19.261000000000003,7.508536475239366,2.3034359347661155,7.8396890313468734,2938.0,30,14.212000000000002
1470,0.561,16.167,0.561,10.319,0.5950000000000001,20.417,10.098057238895016,2.8211514734445933,10.701216609545854,2940.0,30,14.212000000000002
1471,-0.051,17.357000000000003,0.8670000000000001,10.523,0.901,20.961,10.438055374445952,3.0178232057331127,11.222807431606624,2942.0,30,14.212000000000002
1472,0.119,17.119,0.493,12.461,0.085,20.315,7.864590262690104,2.2764245872852307,8.747229430017493,2944.0,30,14.212000000000002
1473,-0.017,17.595000000000002,0.629,12.393,0.017,21.539,9.16645296720602,2.484725029601319,9.968144540980653,2946.0,30,14.212000000000002
1474,0.561,17.935000000000002,-0.187,11.883,-0.5950000000000001,21.029,9.15509584876095,2.612473511195815,10.283963286690891,2948.0,30,14.212000000000002
1475,0.459,18.411,-0.017,13.753,-0.357,20.043000000000003,6.299182486640628,2.0947120176493264,7.671565728989394,2950.0,30,14.212000000000002
1476,0.391,18.972,-0.289,13.345,0.255,22.661,9.331869694761068,2.748613697949994,9.839622670998148,2952.0,30,14.212000000000002
1477,0.017,18.921000000000003,-0.323,13.209,0.7310000000000001,22.219,9.071439577046194,2.7363666449646877,9.442565590886176,2954.0,30,14.212000000000002
1478,-0.017,19.499,,,,,9.071439577046194,2.5258973450186133,,2956.0,30,14.212000000000002
1479,0.051,19.397,,,,,9.071439577046194,2.336073317386961,,2958.0,30,14.212000000000002
1480,0.153,20.145000000000003,0.799,17.765,0.7310000000000001,22.219,4.454519053725105,1.2281240007350378,5.29551949078288,2960.0,30,14.212000000000002
1481,0.425,20.825000000000003,-0.051,18.479000000000003,-0.391,24.259,5.789991364414977,2.2653105146033115,8.691851380672077,2962.0,30,14.212000000000002
1482,0.459,20.961,0.969,16.949,-0.119,24.157,7.289650746092024,2.2940115581085534,9.666711999873076,2964.0,30,14.212000000000002
1483,0.221,21.947000000000003,0.085,15.555,-0.425,25.313,9.771318437140405,2.717702409552952,10.937482023747805,2966.0,30,14.212000000000002
1484,0.221,21.641,-0.5950000000000001,18.819000000000003,-0.221,24.395000000000003,5.588528607782195,1.946147066483104,6.618882484594821,2968.0,30,14.212000000000002
1485,0.391,22.321,-0.357,17.901,-0.561,26.333,8.43446738093165,2.5033727083245525,10.025849853085152,2970.0,30,14.212000000000002
1486,0.119,22.695,-0.561,17.255000000000003,-0.357,26.095,8.84235353285538,2.532763550933029,9.780693821150514,2972.0,30,14.212000000000002
1487,-0.051,22.627,0.629,16.779,0.051,25.993,9.23211135114823,2.661164638736821,9.856388492926945,2974.0,30,14.212000000000002
1488,-0.323,23.715000000000003,-0.425,20.417,0.629,26.095,5.77499783549743,2.323582320298718,6.188797266519182,2976.0,30,14.212000000000002
1489,-0.017,23.171000000000003,0.935,16.201,0.6970000000000001,27.251,11.052562779735748,3.545936119455602,11.74782670171807,2978.0,30,14.212000000000002
1490,0.255,22.933000000000003,0.901,16.949,0.799,25.857000000000003,8.908583950325665,2.7436168970966905,9.833832648576925,2980.0,30,14.212000000000002
1491,0.187,23.035,0.391,16.541,-0.5950000000000001,26.401000000000003,9.9091773624252,2.910934496218395,10.855081994996318,2982.0,30,14.212000000000002
1492,0.357,23.307,0.119,17.357000000000003,-0.085,26.231,8.876344517874461,2.5750771318043637,9.835192617597396,2984.0,30,14.212000000000002
1493,0.323,22.797,0.153,15.895,-0.5950000000000001,26.333,10.4647669825945,2.879887497109563,11.8447338938726,2986.0,30,14.212000000000002
1494,0.323,22.729000000000003,-0.391,19.703000000000003,-0.459,25.177000000000003,5.47442234395557,2.5898767966618528,7.225120810283619,2988.0,30,14.212000000000002
1495,0.459,24.089,0.459,19.567,0.119,27.421000000000003,7.861355862699513,2.900824705482048,8.2007412066822,2990.0,30,14.212000000000002
1496,0.425,24.565,0.527,19.193,0.8670000000000001,27.795,8.608716745253036,2.521022167340378,9.746070396813389,2992.0,30,14.212000000000002
1497,0.391,24.191000000000003,-0.527,19.737,0.8330000000000001,27.829,8.205489869593405,2.336579880725709,10.268818746906987,2994.0,30,14.212000000000002
1498,0.119,25.041,0.5950000000000001,19.499,0.119,28.679,9.192332456999148,2.506097734408243,10.190632493416654,2996.0,30,14.212000000000002
1499,-0.085,25.993,-0.051,19.873,-0.085,29.291,9.418061371641194,2.9985064931992365,9.859565124318577,2998.0,30,14.212000000000002
1500,0.051,26.571,0.017,19.023,0.629,30.549000000000003,11.542236351764766,3.414867335629479,11.91028603789407,3000.0,30,14.212000000000002
1501,0.357,26.095,-0.561,22.049000000000003,0.8670000000000001,29.665000000000003,7.748718603743461,2.2985258924177816,9.578531893203728,3002.0,30,14.212000000000002
1502,-0.017,26.707,-0.187,20.893,0.765,30.379,9.533650927110768,2.935499272943329,10.879649448921835,3004.0,30,14.212000000000002
1503,-0.017,27.353,0.119,19.941000000000003,0.8330000000000001,30.549000000000003,10.632001693002124,3.333019338851735,11.863265893523192,3006.0,30,14.212000000000002
1504,0.085,27.693,0.561,20.723000000000003,0.391,31.467,10.745344852539631,3.1118605292011847,11.50924505371724,3008.0,30,14.212000000000002
1505,-0.085,28.22,0.017,22.083,-0.5950000000000001,31.365,9.302153944114234,2.6489862141007112,10.43839946111171,3010.0,30,14.212000000000002
1506,0.289,29.223000000000003,-0.391,25.347,-0.391,32.181000000000004,6.8340000000000005,2.1910827492369136,7.836079509625691,3012.0,30,14.212000000000002
1507,0.391,29.699,-0.051,23.919,-0.391,32.589000000000006,8.676664105518896,2.7863904413239204,9.312397271225644,3014.0,30,14.212000000000002
1508,0.289,29.495,-0.425,22.865,-0.629,33.779,10.915906375560391,3.133581365425408,11.679483414910935,3016.0,30,14.212000000000002
1509,0.306,29.835,-0.119,23.613000000000003,0.5950000000000001,33.507000000000005,9.919729431793996,2.695724728225853,10.911135730078389,3018.0,30,14.212000000000002
1510,-0.357,30.107000000000003,0.289,26.469,0.6970000000000001,32.963,6.506804131061577,2.67214017148612,7.595575997378212,3020.0,30,14.212000000000002
1511,0.493,31.161,0.255,25.891,0.153,34.663000000000004,8.772593003211764,2.5919253253474706,10.10035315229526,3022.0,30,14.212000000000002
1512,0.051,30.821,-0.459,29.053,-0.323,32.453,3.4027189128695308,2.4765810417650265,5.024920235918874,3024.0,30,14.212000000000002
1513,0.561,31.807,,,,,3.4027189128695308,2.466023024973914,,3026.0,30,14.212000000000002
1514,0.527,31.603,-0.5950000000000001,25.993,0.629,35.207,9.294943356470766,2.7549099001383075,10.03101255437945,3028.0,30,14.212000000000002
1515,0.085,31.807,-0.051,25.449,0.799,35.819,10.404777748707565,2.965232682581663,11.314627761344711,3030.0,30,14.212000000000002
1516,0.153,32.113,0.085,26.605,0.7310000000000001,36.091,9.507970971768898,2.7635067308099432,10.217302814523208,3032.0,30,14.212000000000002
1517,0.425,32.759,0.357,26.605,0.289,36.635000000000005,10.030230505825877,2.909339965035592,10.463474117974698,3034.0,30,14.212000000000002
1518,-0.221,32.759,0.5950000000000001,27.115,-0.391,35.921,8.861028834170444,2.5993070971356125,9.272807213292792,3036.0,30,14.212000000000002
1519,-0.357,32.487,0.289,27.727,-0.459,34.969,7.28052662930368,2.152217395755588,7.784528186851017,3038.0,30,14.212000000000002
1520,-0.289,31.977000000000004,0.425,27.591,-0.527,34.459,6.933666274057326,1.9355573998354616,7.445370663903547,3040.0,30,14.212000000000002
1521,-0.323,32.453,0.901,27.523000000000003,-0.561,36.261,8.859463189155425,2.4676578225701093,9.439859008020608,3042.0,30,14.212000000000002
1522,-0.051,32.895,0.8670000000000001,28.169,0.799,35.785000000000004,7.616303565378681,2.3476003337301514,8.858156009546178,3044.0,30,14.212000000000002
1523,-0.153,33.031000000000006,0.493,27.387,-0.289,36.193000000000005,8.840653821974934,2.837923641465739,9.34818605618675,3046.0,30,14.212000000000002
1524,0.255,33.439,0.255,28.713,-0.663,36.941,8.279052361230724,2.570375095384382,9.826525726991324,3048.0,30,14.212000000000002
1525,-0.051,34.085,-0.255,28.271,-0.5950000000000001,37.689,9.424135185787607,2.881307390659698,10.783552329343756,3050.0,30,14.212000000000002
1526,-0.221,33.745000000000005,-0.5950000000000001,29.189000000000004,0.357,36.669,7.540338453942238,2.2254526550666096,9.156609882419463,3052.0,30,14.212000000000002
1527,-0.153,33.813,-0.629,28.849000000000004,0.187,36.941,8.133038792480951,2.4585510592517466,9.445460717828173,3054.0,30,14.212000000000002
1528,0.289,34.799,-0.629,28.917,-0.629,37.859,8.942,2.441958845174175,9.888485585771342,3056.0,30,14.212000000000002
1529,0.221,35.411,0.799,31.535000000000004,0.119,38.743,7.240004419888154,2.0808636865597023,7.698570910487757,3058.0,30,14.212000000000002
1530,-0.119,35.173,0.221,31.059,-0.663,38.539,7.53205523081184,2.220590649204352,9.36530533872292,3060.0,30,14.212000000000002
1531,0.085,37.213,-0.493,32.793,0.493,40.715,7.983124701518824,2.143136619419946,9.601948180630972,3062.0,30,14.212000000000002
1532,0.017,37.621,0.8670000000000001,33.303000000000004,-0.6970000000000001,40.749,7.608482897398141,2.1984127316179505,9.602983841998704,3064.0,30,14.212000000000002
1533,0.085,38.879000000000005,0.935,32.589000000000006,-0.901,42.959,10.531277035573607,3.2684041740635936,12.054247521045909,3066.0,30,14.212000000000002
1534,-0.085,39.185,-0.629,33.269000000000005,-0.323,42.857000000000006,9.592881735954007,2.8111570776969343,10.578685667821484,3068.0,30,14.212000000000002
1535,-0.391,39.899,-0.527,33.337,0.8330000000000001,43.911,10.661101068838995,2.994158460160859,11.206126213850649,3070.0,30,14.212000000000002
1536,0.493,40.443000000000005,0.8330000000000001,34.391000000000005,2.1590000000000003,43.333000000000006,9.03978097079791,2.74773245562731,10.3352060155733,3072.0,30,14.212000000000002
1537,0.289,40.613,0.255,34.323,1.275,44.081,9.811165272280354,2.8749615685900163,10.410107607279151,3074.0,30,14.212000000000002
1538,0.289,40.936,0.289,33.677,-0.255,44.353,10.689850887641043,3.2711669726843606,12.2080238531668,3076.0,30,14.212000000000002
1539,-0.153,41.803,-0.663,36.261,-0.527,45.033,8.773054200220127,2.514662905341218,9.61143347869648,3078.0,30,14.212000000000002
1540,-0.017,42.143,-0.663,35.615,-0.765,46.223000000000006,10.608490373281208,3.1523627721919225,11.49883667208372,3080.0,30,14.212000000000002
1541,-0.357,42.007000000000005,-0.493,37.587,-2.397,44.217000000000006,6.897979124352292,2.2468588446103275,8.602935060141318,3082.0,30,14.212000000000002
1542,-0.765,41.344,,,,,6.897979124352292,2.544509521869718,,3084.0,30,14.212000000000002
1543,-0.5950000000000001,42.755,0.289,36.193000000000005,-3.111,45.611,10.012927843543066,3.2621858761714626,11.219151520190696,3086.0,30,14.212000000000002
1544,-1.241,43.027,0.8330000000000001,36.465,-3.0090000000000003,47.107000000000006,11.314288665223282,3.3338834488686184,11.868588524490567,3088.0,30,14.212000000000002
1545,-1.0710000000000002,42.993,0.7310000000000001,36.771,-1.3430000000000002,47.617,11.04251746659248,2.8782637086650333,12.44040670142753,3090.0,30,14.212000000000002
1546,0.051,44.285,0.629,38.199000000000005,-0.6970000000000001,48.637,10.521887663342545,3.4381850269355176,11.451790120080158,3092.0,30,14.212000000000002
1547,-0.153,44.081,0.8330000000000001,38.029,-0.7310000000000001,48.093,10.184802010839483,3.3114596421593334,10.885319776927217,3094.0,30,14.212000000000002
1548,0.969,44.115,0.085,39.083000000000006,0.8670000000000001,47.889,8.840653821974934,2.7713321845852086,9.246996315425145,3096.0,30,14.212000000000002
1549,0.629,43.401,-0.051,38.913,-0.255,46.937000000000005,8.026592801432,2.2660339941137257,10.13214571768908,3098.0,30,14.212000000000002
1550,0.5950000000000001,43.605,-0.357,38.743,0.221,47.617,8.892803832312955,2.785049295867264,10.439072032126276,3100.0,30,14.212000000000002
1551,0.425,43.537000000000006,-0.153,37.825,3.111,45.237,8.098854239952711,2.3163928613198674,11.41453678310488,3102.0,30,14.212000000000002
1552,0.901,42.789,-1.751,42.551,2.2950000000000004,45.135000000000005,4.800747025203474,1.7184819495764074,7.056658139778373,3104.0,30,14.212000000000002
1553,0.051,43.571000000000005,-1.717,44.013000000000005,3.519,45.169,5.36209212901084,2.34456197697344,9.956932595963528,3106.0,30,14.212000000000002
1554,0.527,43.673,-3.0770000000000004,44.761,3.587,45.849,6.752232223494687,2.537091644070015,9.896599039417008,3108.0,30,14.212000000000002
1555,0.561,43.639,-3.451,44.659000000000006,3.621,46.155,7.228499152659562,2.494961090948577,10.09736578092182,3110.0,30,14.212000000000002
1556,1.139,43.401,-3.655,44.217000000000006,3.621,45.917,7.471959314664395,2.471464338069607,9.646330095531416,3112.0,30,14.212000000000002
1557,1.207,43.29900000000001,-3.757,44.727,3.451,46.563,7.438155685383307,2.7632685941739688,12.086558025601567,3114.0,30,14.212000000000002
1558,0.561,43.673,-3.3150000000000004,46.189,1.105,46.631,4.4420450245354335,2.2737215535039006,11.053721807354918,3116.0,30,14.212000000000002
1559,1.445,43.503,-3.621,44.353,3.757,45.713,7.502298581101662,2.540170062406442,9.653706614543776,3118.0,30,14.212000000000002
1560,1.785,42.789,-2.431,44.42100000000001,3.859,45.169,6.334319537251023,2.4080542853551186,9.229595496810385,3120.0,30,14.212000000000002
1561,1.445,42.959,-3.451,44.013000000000005,3.791,45.067,7.318297616249288,2.4760602671391085,9.414251963478083,3122.0,30,14.212000000000002
1562,1.411,43.29900000000001,-3.281,43.435,3.859,45.441,7.416443622114309,2.3421530828670902,8.82003409688307,3124.0,30,14.212000000000002
1563,1.5810000000000002,42.551,-3.3150000000000004,43.639,3.825,45.509,7.38081973767142,2.670310869935125,10.320010614369268,3126.0,30,14.212000000000002
1564,1.513,42.619,-3.4850000000000003,43.843,3.791,45.713,7.512461380932351,2.712220842754745,11.008135588775142,3128.0,30,14.212000000000002
1565,1.513,43.265,-2.635,43.095000000000006,3.723,45.849,6.928829627000509,2.4707913484175155,8.830095734581226,3130.0,30,14.212000000000002
1566,1.173,43.911,-0.357,42.653000000000006,3.4850000000000003,44.829,4.415420704757362,1.753086923486521,8.528195919295133,3132.0,30,14.212000000000002
1567,0.799,44.115,-0.663,42.143,3.825,45.067,5.356483921379771,2.136174670312328,10.355700180802009,3134.0,30,14.212000000000002
1568,-0.255,45.543000000000006,0.119,41.73500000000001,3.213,45.475,4.853909352264421,2.1836597695519995,10.248112625394477,3136.0,30,14.212000000000002
1569,0.255,44.86300000000001,-1.683,44.387,3.349,44.86300000000001,5.054463374088292,1.8713736670161167,5.707494317798623,3138.0,30,14.212000000000002
1570,0.391,44.625,-2.431,45.645,1.377,42.041,5.243060175126736,2.174096018957909,7.398274559149183,3140.0,30,14.212000000000002
1571,0.391,44.727,-1.411,44.115,2.193,42.347,4.01430442293556,2.179932625460336,9.029345549135224,3142.0,30,14.212000000000002
1572,1.513,45.98500000000001,-3.791,44.319,3.5530000000000004,43.741,7.366710256281294,2.7669362383852407,10.963589214101845,3144.0,30,14.212000000000002
1573,0.8670000000000001,46.42700000000001,-3.0090000000000003,47.617,3.5530000000000004,43.537000000000006,7.726981558150634,3.080986479391171,10.042000274504128,3146.0,30,14.212000000000002
1574,0.289,45.407,-3.655,46.597,3.621,44.251000000000005,7.64486049578408,2.2072303003054694,9.492621703968796,3148.0,30,14.212000000000002
1575,0.119,44.965,-0.391,46.903000000000006,2.397,46.835,2.7888291449997435,1.679755493879333,9.679668403752656,3150.0,30,14.212000000000002
1576,0.051,44.523,-3.5530000000000004,46.155,3.587,45.849,7.146554134686171,2.477073846355418,9.468102806095564,3152.0,30,14.212000000000002
1577,-0.119,44.319,-3.859,45.339000000000006,3.3830000000000005,43.945,7.374944067584513,2.490788282415267,9.97451623709584,3154.0,30,14.212000000000002
1578,0.493,44.999,-3.587,44.761,3.519,44.013000000000005,7.145259967279008,2.441394251390173,10.362361631609614,3156.0,30,14.212000000000002
1579,0.527,45.98500000000001,-2.9410000000000003,46.529,3.791,45.101000000000006,6.8817881397206655,2.1505320963003918,7.552575518529452,3158.0,30,14.212000000000002
1580,0.901,46.087,-1.0710000000000002,45.679,3.621,45.815000000000005,4.693970600674871,1.5465470869133784,6.084468172104886,3160.0,30,14.212000000000002
1581,-0.017,45.747,-0.5950000000000001,47.209,2.907,47.311,3.5034851219892458,1.7162700623757612,9.634528758516872,3162.0,30,14.212000000000002
1582,-0.017,45.849,-3.451,46.359,3.1790000000000003,45.781000000000006,6.655147180941982,2.1858922769878166,9.317965284191128,3164.0,30,14.212000000000002
1583,0.391,44.829,-2.4650000000000003,47.277,3.451,46.257000000000005,6.003287099581363,2.448751567509327,10.493973810011216,3166.0,30,14.212000000000002
1584,0.493,43.979000000000006,-3.621,44.319,3.587,45.747,7.348091452887614,2.4771726361219035,9.849863746527078,3168.0,30,14.212000000000002
1585,0.901,43.911,-3.451,44.047,3.451,46.597,7.357995922803981,2.7299731000316747,10.020297704756302,3170.0,30,14.212000000000002
1586,-0.153,44.42100000000001,-2.2270000000000003,43.231,3.3830000000000005,43.945,5.655253840456678,1.825271032006044,9.802647867130425,3172.0,30,14.212000000000002
1587,1.241,45.509,-2.431,44.727,3.2470000000000003,42.925,5.957087207688,2.0616779753866994,10.225301747449006,3174.0,30,14.212000000000002
1588,0.7310000000000001,45.645,-0.255,49.079,3.043,42.755,7.132305377646137,2.293157102529501,9.328516628438654,3176.0,30,14.212000000000002
1589,0.935,44.047,-1.3090000000000002,49.011,0.663,40.137,9.090470834890787,2.6563979531093875,11.219085494679264,3178.0,30,14.212000000000002
1590,0.085,43.095000000000006,-0.221,48.365,0.629,39.763000000000005,8.643894029891852,2.4672723552623608,10.082625515186871,3180.0,30,14.212000000000002
1591,0.085,43.027,0.493,48.059000000000005,0.527,39.627,8.432068548108465,2.3220632407230184,9.46409390773116,3182.0,30,14.212000000000002
1592,-0.459,42.143,1.377,45.203,0.765,38.335,6.895213412215753,2.0846749943350384,10.0399158338091,3184.0,30,14.212000000000002
1593,-0.391,40.681,1.3090000000000002,47.311,-0.629,36.465,11.017783806192606,3.0404398441008262,11.53993988383085,3186.0,30,14.212000000000002
1594,0.017,40.851000000000006,1.6150000000000002,46.42700000000001,0.901,36.805,9.648454798567489,2.578312982141298,11.004477590637553,3188.0,30,14.212000000000002
1595,0.119,39.797,2.669,43.571000000000005,0.629,36.635000000000005,7.229778419841095,2.1152822059040544,9.400377489882208,3190.0,30,14.212000000000002
1596,-0.085,40.137,3.4170000000000003,44.659000000000006,0.765,35.989000000000004,9.066532082334458,2.6866246678351087,10.893467459913456,3192.0,30,14.212000000000002
1597,-0.187,40.307,3.145,44.965,0.085,36.227,9.258306756637522,2.773633666092949,10.81628679246401,3194.0,30,14.212000000000002
1598,0.051,40.885000000000005,0.8670000000000001,44.931,-0.255,37.247,7.765483887047864,2.4006549117523988,9.905645957570142,3196.0,30,14.212000000000002
1599,0.017,41.837,0.119,45.169,-0.663,37.621,7.588400885562122,2.382663967037988,10.026351928774696,3198.0,30,14.212000000000002
1600,0.051,41.497,1.275,46.087,0.8670000000000001,37.791,8.306026727623744,2.4136902531330957,10.14579005342058,3200.0,30,14.212000000000002
1601,-0.085,40.919,-0.765,45.883,0.765,37.145,8.870938169100267,2.621256795916088,10.533198500696209,3202.0,30,14.212000000000002
1602,-0.459,39.797,-0.255,46.325,0.765,36.533,9.84498166580314,2.7804927697276915,10.33237686477868,3204.0,30,14.212000000000002
1603,-0.051,40.103,-0.119,45.781000000000006,0.119,36.363,9.421006740258708,2.494599235545544,10.12311738684887,3206.0,30,14.212000000000002
1604,0.119,40.409000000000006,-0.153,45.747,-0.629,36.839000000000006,8.920708492042547,2.355855392598708,10.410123108907158,3208.0,30,14.212000000000002
1605,-0.187,40.273,1.411,44.86300000000001,0.8330000000000001,36.975,7.909148373876925,2.4481972834700305,9.6242366321444,3210.0,30,14.212000000000002
1606,0.187,40.443000000000005,2.2950000000000004,45.475,0.901,36.091,9.486974860301888,2.665569760783534,10.779263816119029,3212.0,30,14.212000000000002
1607,0.493,40.137,0.629,45.271,0.255,36.091,9.18761535981998,2.923836160604224,10.499283529323138,3214.0,30,14.212000000000002
1608,0.051,39.695,-0.799,45.305,-0.629,36.193000000000005,9.113585682924148,2.6442516528000226,9.95947535598987,3216.0,30,14.212000000000002
1609,0.255,39.899,-0.051,45.441,0.7310000000000001,35.921,9.552063860758052,2.7768061235247745,10.566243831527824,3218.0,30,14.212000000000002
1610,0.221,40.001000000000005,-2.193,42.109,0.765,35.479,7.259935536903892,2.2147380154936447,10.26803112670084,3220.0,30,14.212000000000002
1611,-0.187,40.239,-0.765,45.135000000000005,0.221,36.703,8.489453457084267,2.7097867933467,9.321332506590736,3222.0,30,14.212000000000002
1612,-0.119,40.001000000000005,-0.221,45.271,0.901,36.499,8.843464705645633,2.5544315402506217,9.323699213674908,3224.0,30,14.212000000000002
1613,0.017,40.834,2.261,42.551,0.799,37.655,5.109624252330107,1.7615114047507456,8.949038044099977,3226.0,30,14.212000000000002
1614,-0.085,40.851000000000006,3.0090000000000003,43.945,0.629,37.587,6.788855868259393,2.140838767188877,9.441420021934253,3228.0,30,14.212000000000002
1615,-0.187,41.021,3.621,44.455000000000005,-0.289,37.145,8.290006031360894,2.5416320482918544,10.706746627442524,3230.0,30,14.212000000000002
1616,0.425,40.953,1.887,44.149,-0.527,37.247,7.311976476986233,2.250915635435182,10.009837357450152,3232.0,30,14.212000000000002
1617,0.255,40.749,-0.459,45.917,-0.323,37.043,8.875042084407262,2.5949007040691354,9.914524268621376,3234.0,30,14.212000000000002
1618,0.425,40.817,-1.887,44.659000000000006,-0.289,37.621,7.217135719937655,2.286365145479311,9.278456983858383,3236.0,30,14.212000000000002
1619,0.221,40.783,-2.4650000000000003,45.203,-0.629,37.077000000000005,8.330832611450072,2.530986897335259,10.63186283956901,3238.0,30,14.212000000000002
1620,-0.119,40.715,-3.111,44.387,-0.663,37.111,7.676775364695779,2.3508371377342665,9.905089334332011,3240.0,30,14.212000000000002
1621,0.221,40.511,-3.0770000000000004,44.591,-0.663,36.533,8.411822632462005,2.946605872316551,10.850964035334696,3242.0,30,14.212000000000002
1622,0.255,39.763000000000005,-1.445,44.829,-0.221,36.363,8.554024316074862,2.3483065159401484,9.879948529469088,3244.0,30,14.212000000000002
1623,-0.323,39.661,-0.901,44.285,0.017,35.853,8.481824567862743,2.381601802182266,9.834176682500804,3246.0,30,14.212000000000002
1624,0.102,40.409000000000006,-3.213,43.673,-0.5950000000000001,36.601,7.541028311841828,2.392565396459229,10.904399386637923,3248.0,30,14.212000000000002
1625,0.051,39.491,-1.649,43.435,-0.493,35.989000000000004,7.535200859963854,2.255896656272147,9.26172334149475,3250.0,30,14.212000000000002
1626,0.153,39.525000000000006,-2.023,45.033,-0.425,35.955000000000005,9.2175749522312,2.5950324014986434,10.857057058645774,3252.0,30,14.212000000000002
1627,-0.323,38.913,-2.7710000000000004,44.591,-0.323,34.561,10.324417852838002,2.824640328154397,11.095821069895225,3254.0,30,14.212000000000002
1628,-0.391,38.709,-2.057,44.319,-0.5950000000000001,34.969,9.463611572755934,2.4861637917582957,10.398642689489073,3256.0,30,14.212000000000002
1629,-0.425,37.553,-1.445,43.367,0.119,34.221000000000004,9.278761339747888,2.606742196375359,9.938330022858676,3258.0,30,14.212000000000002
1630,0.085,37.179,-0.051,42.959,0.323,33.949000000000005,9.017758923368934,2.4122172746413177,9.62295646393494,3260.0,30,14.212000000000002
1631,-0.051,37.247,0.561,42.007000000000005,-0.255,33.881,8.166867943097893,2.1788587953829657,9.040830426695155,3262.0,30,14.212000000000002
1632,-0.119,37.757000000000005,0.153,43.129000000000005,-0.459,34.153000000000006,8.996839445049579,2.3620458860444247,9.63592246220823,3264.0,30,14.212000000000002
1633,0.085,37.213,0.051,43.095000000000006,-0.425,33.235,9.871482968632424,2.8174186678793176,10.436530591240956,3266.0,30,14.212000000000002
1634,0.187,37.009,-0.017,44.387,-0.425,33.337,11.057529742216389,2.8052872631626307,11.417384388390609,3268.0,30,14.212000000000002
1635,0.187,36.805,-0.085,41.871,-0.493,33.541000000000004,8.339985851306944,2.4784342355936344,8.847802184004733,3270.0,30,14.212000000000002
1636,0.289,36.261,0.187,42.789,-0.5950000000000001,32.521,10.29773509078574,2.814747255368969,10.818302823816197,3272.0,30,14.212000000000002
1637,0.085,36.295,0.8670000000000001,40.477,-0.663,31.943,8.670066666410358,2.61467812009761,11.425028097967145,3274.0,30,14.212000000000002
1638,0.085,35.241,0.051,40.409000000000006,-0.493,31.399,9.026407701849058,2.6127190941628773,9.956485850616197,3276.0,30,14.212000000000002
1639,-0.289,34.561,0.629,41.259,0.085,30.957,10.316353037774542,2.5994666218080176,10.94919142784105,3278.0,30,14.212000000000002
1640,0.187,33.779,0.5950000000000001,38.471,0.935,30.311000000000003,8.167080261635734,2.362250369965615,9.008159445141718,3280.0,30,14.212000000000002
1641,0.085,33.711000000000006,0.255,38.641000000000005,0.8670000000000001,29.903,8.759405687602328,2.6592725502868992,9.199315714661662,3282.0,30,14.212000000000002
1642,0.221,32.895,0.017,40.239,0.799,28.611,11.654265656831408,3.4074582088496297,11.88469587850346,3284.0,30,14.212000000000002
1643,-0.187,33.575,-0.459,37.961000000000006,0.8670000000000001,29.937,8.132825585244037,2.742774649416799,9.899306595290344,3286.0,30,14.212000000000002
1644,-0.017,32.861000000000004,-0.017,39.423,0.561,28.951,10.487939168397194,3.163809639047701,11.439155987768952,3288.0,30,14.212000000000002
1645,0.187,33.609,0.8330000000000001,37.995000000000005,-0.085,30.073,7.97501147334598,2.2842502950128534,9.089503239236636,3290.0,30,14.212000000000002
1646,-0.323,33.303000000000004,0.391,38.607,0.6970000000000001,29.563,9.049175211034427,2.8603811497489424,10.087714010201756,3292.0,30,14.212000000000002
1647,-0.255,32.589000000000006,0.017,38.845000000000006,-0.085,33.609,5.236993412254783,2.799301418779959,5.561464648955994,3294.0,30,14.212000000000002
1648,-0.017,32.725,-0.153,38.165000000000006,-0.5950000000000001,28.951,9.22459538408054,2.48073011616556,9.998891168360217,3296.0,30,14.212000000000002
1649,0.085,33.643,0.323,38.471,0.629,29.699,8.777335586611692,2.670919297724385,9.683985844839045,3298.0,30,14.212000000000002
1650,0.221,33.507000000000005,0.629,38.539,-0.255,29.801,8.782602120100854,2.7202452998198,9.810625859940089,3300.0,30,14.212000000000002
1651,0.221,33.745000000000005,0.799,40.511,-0.5950000000000001,29.121,11.474987407400498,2.8519631066121325,12.621671893698082,3302.0,30,14.212000000000002
1652,0.187,32.691,0.901,35.921,0.901,28.883000000000003,7.038,2.225805345357135,8.545887716421879,3304.0,30,14.212000000000002
1653,0.085,32.759,0.663,35.887,0.935,30.413000000000004,5.480753597818461,2.008167592719838,7.206521466553913,3306.0,30,14.212000000000002
1654,0.527,32.045,0.357,37.179,0.425,28.815,8.364276418196617,2.329136676173448,9.60883618322195,3308.0,30,14.212000000000002
1655,0.255,32.113,-0.561,36.601,-0.629,30.345,6.25636955430224,2.3772328488848906,8.915294540915788,3310.0,30,14.212000000000002
1656,0.187,32.555,0.799,34.017,-0.561,29.427000000000003,4.787243465711766,2.299730624210813,5.289784442765989,3312.0,30,14.212000000000002
1657,0.221,32.351,-0.663,37.723000000000006,-0.391,28.713,9.014104725373452,2.68779749341481,9.890639634786648,3314.0,30,14.212000000000002
1658,0.221,32.691,-0.5950000000000001,38.097,-0.527,29.189000000000004,8.908259538203858,2.725691246691526,9.84567034180299,3316.0,30,14.212000000000002
1659,0.221,32.385000000000005,0.153,38.811,-0.5950000000000001,28.781,10.057852852373612,2.9552109456574054,11.249022732188774,3318.0,30,14.212000000000002
1660,0.221,32.011,-0.425,34.663000000000004,-0.561,28.747000000000003,5.917563011916308,2.727640174380399,7.197559053595932,3320.0,30,14.212000000000002
1661,0.017,31.875000000000004,0.5950000000000001,37.315000000000005,-0.357,28.101000000000003,9.26305025356119,2.8312836475540726,10.419220273817531,3322.0,30,14.212000000000002
1662,0.017,31.705,-0.493,37.893,-0.017,27.251,10.652640048363596,3.3174922658558508,11.368331821683205,3324.0,30,14.212000000000002
1663,0.051,30.583,-0.119,35.649,0.799,27.795,7.907467356872237,2.3545932397497715,9.392423807127404,3326.0,30,14.212000000000002
1664,0.289,30.311000000000003,0.221,34.969,0.765,27.217,7.77106427717594,2.2621682960897824,9.048807495070182,3328.0,30,14.212000000000002
1665,0.459,30.073,0.357,35.955000000000005,0.765,25.449,10.513919345325036,3.013623449932789,10.99253765251262,3330.0,30,14.212000000000002
1666,0.255,29.869000000000003,0.391,35.615,0.901,25.619000000000003,10.009001748426265,3.041215714845974,10.99337822529538,3332.0,30,14.212000000000002
1667,0.085,30.651000000000003,0.391,35.615,0.765,27.251,8.372357613002446,2.65692458144785,9.28446836583082,3334.0,30,14.212000000000002
1668,0.187,30.039,0.153,34.867000000000004,0.901,26.605,8.295790980973424,2.2632876655007723,9.2095042617198,3336.0,30,14.212000000000002
1669,-0.051,30.549000000000003,0.017,36.125,0.255,27.217,8.911178822131223,2.810056755297614,9.627583411089049,3338.0,30,14.212000000000002
1670,0.221,30.328000000000003,-0.119,35.819,0.119,26.911,8.911178822131223,2.63188905072343,9.295627818189065,3340.0,30,14.212000000000002
1671,0.119,30.277,-0.663,36.159000000000006,-0.323,25.857000000000003,10.307609034106797,2.691812279515976,11.547055391068394,3342.0,30,14.212000000000002
1672,0.493,29.869000000000003,0.051,35.377,0.799,25.925,9.481550927986412,3.252668180620295,9.854731284989974,3344.0,30,14.212000000000002
1673,0.221,30.651000000000003,-0.459,34.867000000000004,-0.561,27.761000000000003,7.106732019712015,2.1298364789749904,8.290504296860547,3346.0,30,14.212000000000002
1674,-0.187,30.243,0.5950000000000001,34.357,0.153,27.081000000000003,7.289412870732457,2.402960876477963,8.042418715531092,3348.0,30,14.212000000000002
1675,-0.187,30.855000000000004,-0.6970000000000001,35.989000000000004,0.7310000000000001,27.319000000000003,8.786813074146963,2.498359215516209,10.425615744260988,3350.0,30,14.212000000000002
1676,-0.187,30.447000000000003,0.8330000000000001,35.003,0.765,27.625000000000004,7.378313357400864,2.399043053663968,8.59132544076832,3352.0,30,14.212000000000002
1677,-0.153,29.971000000000004,0.561,34.969,0.561,26.571,8.398000000000001,2.7416034262652014,9.169491740078833,3354.0,30,14.212000000000002
1678,0.187,30.549000000000003,0.765,33.847,-0.561,27.455,6.5280885410662135,2.0045680304241986,8.497101651638205,3356.0,30,14.212000000000002
1679,0.017,30.277,0.901,34.561,-0.323,26.775,7.881622421811388,2.375644817706525,9.4266359438149,3358.0,30,14.212000000000002
1680,-0.119,29.393,0.5950000000000001,34.153000000000006,0.425,25.551,8.603679677905262,2.7339094207618206,10.076296818954226,3360.0,30,14.212000000000002
1681,-0.051,29.359,0.017,35.309000000000005,-0.527,25.109,10.214496365460215,2.8442183552329108,11.430305933329707,3362.0,30,14.212000000000002
1682,0.085,26.962000000000003,-0.459,32.351,-0.561,22.967,9.38455433145336,3.1111182863852864,10.395223376671948,3364.0,30,14.212000000000002
1683,-0.017,26.911,-0.629,33.949000000000005,-0.527,22.763,11.18646503592623,3.290815324701766,11.911431371039884,3366.0,30,14.212000000000002
1684,0.017,26.231,0.5950000000000001,30.719,0.7310000000000001,23.307,7.413247601422739,2.1811874150919155,8.605031907464623,3368.0,30,14.212000000000002
1685,-0.289,26.265,0.7310000000000001,29.597,0.561,23.409,6.19033472439092,1.8987738133280667,7.407393302782095,3370.0,30,14.212000000000002
1686,0.221,26.095,0.425,31.331000000000003,-0.391,22.389000000000003,8.97915474863865,2.4833083886357312,9.896573594064286,3372.0,30,14.212000000000002
1687,0.221,25.993,0.119,31.807,-0.561,22.253,9.57816871849729,2.5760064013951,10.277708067300132,3374.0,30,14.212000000000002
1688,0.221,25.449,-0.119,31.943,-0.391,21.743,10.203626022155069,2.995824923652929,11.079874989010678,3376.0,30,14.212000000000002
1689,0.255,25.653,-0.391,31.433000000000003,-0.323,21.301,10.132228185349954,3.001575049754384,10.818251867811489,3378.0,30,14.212000000000002
1690,0.289,25.075000000000003,-0.119,30.277,0.765,21.471,8.850259431225732,2.610013347039836,9.948645299315675,3380.0,30,14.212000000000002
1691,0.255,24.973000000000003,-0.221,29.359,0.8670000000000001,21.505000000000003,7.929001198133344,2.210128374649861,8.429512783769292,3382.0,30,14.212000000000002
1692,0.017,24.803,-0.561,29.903,-0.493,21.675,8.228280986937673,2.332302611847728,9.438745316445642,3384.0,30,14.212000000000002
1693,0.493,24.531,-0.187,28.883000000000003,-0.323,21.369,7.51523066844924,2.5151984533774137,8.597554514788635,3386.0,30,14.212000000000002
1694,0.255,24.344,-0.391,29.529000000000003,-0.255,19.975,9.554967922499792,2.841547330590066,10.513719946266429,3388.0,30,14.212000000000002
1695,-0.051,24.021,0.765,28.135,-0.187,20.553,7.641533092253151,2.3651941730561985,9.615958740770454,3390.0,30,14.212000000000002
1696,0.119,23.817,0.119,27.999,0.221,20.247,7.752671023589225,2.3273457880074933,10.593857153348694,3392.0,30,14.212000000000002
1697,0.051,23.443,0.527,27.931,-0.221,20.179,7.788004108884381,2.131498164064938,9.521272898027204,3394.0,30,14.212000000000002
1698,-0.221,23.477,0.629,28.237,0.153,19.873,8.377533765971942,2.56352916972008,9.460336569346827,3396.0,30,14.212000000000002
1699,0.493,22.423,-0.119,27.863000000000003,0.255,18.683,9.18761535981998,2.6269012295646896,9.874889291820274,3398.0,30,14.212000000000002
1700,0.493,21.981,-0.051,29.053,0.493,17.221,11.844499145172836,3.2941394882465254,12.29272367503551,3400.0,30,14.212000000000002
1701,0.085,22.151000000000003,-0.017,26.027,0.935,18.615,7.472887527589319,2.077661809165128,9.194368942756071,3402.0,30,14.212000000000002
1702,-0.221,22.593,-0.459,26.265,0.085,18.683,7.601490643288328,2.304563241319217,9.15900109962575,3404.0,30,14.212000000000002
1703,-0.153,22.695,-0.5950000000000001,26.503000000000004,0.391,18.275,8.28686792461422,2.499443977814845,9.69171149981432,3406.0,30,14.212000000000002
1704,-0.017,21.573,0.5950000000000001,27.013,0.8330000000000001,18.445,8.571304918155695,2.703011390300645,9.377246673692454,3408.0,30,14.212000000000002
1705,-0.085,22.389000000000003,0.7310000000000001,28.101000000000003,0.663,18.275,9.82623529130053,2.8186447973001107,10.513656763993644,3410.0,30,14.212000000000002
1706,0.051,21.845,0.799,26.129,0.8670000000000001,18.173,7.956290592983643,2.9538945753846937,9.005153978378887,3412.0,30,14.212000000000002
1707,-0.085,21.981,-0.187,26.299000000000003,0.901,18.037000000000003,8.333329946665978,2.7014910739677216,9.961555109377118,3414.0,30,14.212000000000002
1708,-0.017,22.355,-0.119,26.129,0.493,18.751,7.40333897643489,2.1348971819727574,9.044671508437572,3416.0,30,14.212000000000002
1709,0.017,21.165000000000003,-0.493,26.401000000000003,-0.527,17.799000000000003,8.602067193413454,2.6330055599614446,9.74576764533906,3418.0,30,14.212000000000002
1710,0.357,21.097,-0.425,23.001,-0.459,18.615,4.386131780966003,1.755348149307331,5.887458326880513,3420.0,30,14.212000000000002
1711,0.391,20.961,0.629,23.443,-0.391,18.581000000000003,4.967840979741602,1.5247051371574314,6.005496690005719,3422.0,30,14.212000000000002
1712,0.153,20.723000000000003,-0.051,25.109,-0.357,17.391000000000002,7.724063697303383,2.228417236390463,9.108558501689965,3424.0,30,14.212000000000002
1713,0.289,20.893,-0.357,25.007,-0.391,18.003,7.004082523785682,2.099085309466377,8.760525547822684,3426.0,30,14.212000000000002
1714,0.357,20.723000000000003,-0.561,25.381,-0.493,17.527,7.85429436677796,2.226785623947008,8.83226962480839,3428.0,30,14.212000000000002
1715,0.221,20.655,-0.323,25.007,-0.527,17.595000000000002,7.414806808002486,2.162959603449368,8.042008322014897,3430.0,30,14.212000000000002
1716,0.119,20.315,-0.357,25.721,0.119,16.575000000000003,9.158378240714892,2.6135149834247446,9.801899726493373,3432.0,30,14.212000000000002
1717,0.017,20.179,-0.255,24.599,0.901,16.711000000000002,7.972256895007837,2.2463372749024755,9.736346587203126,3434.0,30,14.212000000000002
1718,-0.221,20.553,-0.357,25.653,0.459,17.119,8.5729231887379,2.365469384049975,10.49799568877297,3436.0,30,14.212000000000002
1719,-0.187,20.383000000000003,-0.527,24.905,-0.527,17.051000000000002,7.854000000000001,2.285441576588647,9.388811974400516,3438.0,30,14.212000000000002
1720,-0.017,20.349,-0.085,24.769,-0.459,16.711000000000002,8.066674655643427,2.3144883226079846,9.763097373036258,3440.0,30,14.212000000000002
1721,-0.085,19.261000000000003,-0.255,21.267000000000003,0.901,16.167,5.229372428886664,2.7333974209213547,6.110746172053503,3442.0,30,14.212000000000002
1722,0.187,19.635,0.969,24.905,0.935,17.391000000000002,7.514076922683185,2.308037101019021,10.17874491977857,3444.0,30,14.212000000000002
1723,-0.187,19.805,-0.017,25.687,-0.493,16.133000000000003,9.565850301985703,2.6462575327968887,11.497808274255968,3446.0,30,14.212000000000002
1724,0.289,19.057,-0.561,23.919,-0.493,16.133000000000003,7.786296937569233,2.5671571588137687,8.90183046738165,3448.0,30,14.212000000000002
1725,0.459,19.125,-0.017,23.545,0.187,15.963,7.584743898115479,2.384260848176964,8.547156024795,3450.0,30,14.212000000000002
1726,0.017,18.615,0.5950000000000001,23.647,0.8330000000000001,14.637,9.01314284808579,2.744685934058133,9.754347084257816,3452.0,30,14.212000000000002
1727,0.153,18.207,-0.561,23.545,-0.323,14.875000000000002,8.673266051494098,2.5915146234656605,9.42750969801868,3454.0,30,14.212000000000002
1728,-0.051,16.915000000000003,0.765,21.063,0.969,13.855,7.210886214606358,2.314863882237478,8.484578658481741,3456.0,30,14.212000000000002
1729,0.289,16.303,-0.425,18.819000000000003,0.935,13.175,5.805543557669687,2.5236039790763285,6.260655256657657,3458.0,30,14.212000000000002
1730,0.187,15.691,0.493,21.539,0.935,12.087000000000002,9.462328888809562,2.7961765087554724,9.974877078851536,3460.0,30,14.212000000000002
1731,0.187,15.827000000000002,0.8670000000000001,20.587,0.901,12.223,8.364069105405575,2.7904384680900214,9.305576410748534,3462.0,30,14.212000000000002
1732,0.357,15.487000000000002,-0.051,20.111,0.153,11.237,8.876344517874461,2.67252939824878,9.620557539522196,3464.0,30,14.212000000000002
1733,0.391,14.807,0.153,20.009,0.6970000000000001,10.421,9.603420224066008,2.678652125832705,10.467037114410717,3466.0,30,14.212000000000002
1734,0.561,15.283,0.459,20.213,0.119,12.121,8.099139707401028,2.350940970063164,9.121280167146566,3468.0,30,14.212000000000002
1735,0.323,15.198,-0.119,20.077,0.187,11.577,8.50550621656348,2.843163088460844,9.29011743218492,3470.0,30,14.212000000000002
1736,0.153,14.467,-0.153,17.799000000000003,0.119,11.815,5.990178628388305,1.8419056739722108,6.254930001900521,3472.0,30,14.212000000000002
1737,0.017,14.025,-0.357,17.527,-0.187,11.067,6.462236454974393,1.8855208582793164,7.095376801452943,3474.0,30,14.212000000000002
1738,-0.051,13.583,1.003,18.649,0.153,10.217,8.474734450117007,2.385203523431892,9.886929202593803,3476.0,30,14.212000000000002
1739,0.153,12.495,-0.289,18.751,-0.527,8.857000000000001,9.896862128978054,2.749174532562137,10.779719841213158,3478.0,30,14.212000000000002
1740,0.255,11.781,0.153,17.459,-0.357,7.565,9.907135610255873,2.71547960252208,11.247283775396848,3480.0,30,14.212000000000002
1741,0.289,11.169,0.119,17.731,-0.493,7.599,10.150466393225486,2.828953347557013,10.904840616656756,3482.0,30,14.212000000000002
1742,0.357,11.033,0.629,15.827000000000002,0.7310000000000001,7.565,8.262629605640084,2.359374256329794,9.104535426450504,3484.0,30,14.212000000000002
1743,0.527,10.863,-0.629,15.861,-0.527,6.851000000000001,9.01057733999326,2.792582213494885,10.262677454264333,3486.0,30,14.212000000000002
1744,-0.051,10.047,-0.187,15.419,0.357,6.817,8.619184416173029,2.514087530688459,9.110258512845034,3488.0,30,14.212000000000002
1745,0.493,10.166,-0.017,16.235,-0.527,6.715000000000001,9.533650927110768,2.4642696620841185,11.004329005384472,3490.0,30,14.212000000000002
1746,0.221,9.707,-0.663,14.671,-0.221,6.035,8.647303625986543,2.384899377911087,9.54700207753215,3492.0,30,14.212000000000002
1747,0.187,10.149,0.459,14.807,0.969,6.885000000000001,7.938399334878538,2.29804733316951,9.140006170154043,3494.0,30,14.212000000000002
1748,0.255,9.741,0.969,14.297,0.8330000000000001,6.579000000000001,7.719198144885258,2.179538855397835,9.192816924220487,3496.0,30,14.212000000000002
1749,0.255,8.993,0.901,15.351,0.8670000000000001,5.695,9.656059858969394,2.6284228764846973,10.434702377502337,3498.0,30,14.212000000000002
1750,0.391,9.163,0.935,15.351,0.8670000000000001,5.117,10.234225911127815,2.8460233088311875,10.811471299743296,3500.0,30,14.212000000000002
1751,0.323,9.639,0.459,14.127,0.8670000000000001,5.559,8.577708784984486,2.584918172360601,9.945207759413004,3502.0,30,14.212000000000002
1752,-0.187,8.177000000000001,0.051,13.617,0.935,4.845000000000001,8.816430116549443,2.764531121639182,10.185826410440818,3504.0,30,14.212000000000002
1753,-0.357,7.429,,,,,8.816430116549443,2.943121294643712,,3506.0,30,14.212000000000002
1754,0.017,7.735,0.357,12.631,0.8670000000000001,4.165,8.481347534442863,2.64156530662474,9.83429445762071,3508.0,30,14.212000000000002
1755,0.017,6.885000000000001,0.017,12.427,-0.051,3.349,9.078254678075515,2.6141008769691707,9.768908626252252,3510.0,30,14.212000000000002
1756,0.221,7.021000000000001,-0.119,12.665,-0.629,3.2470000000000003,9.431798555948914,2.5873810218486617,10.31715557136223,3512.0,30,14.212000000000002
1757,-0.187,6.715000000000001,-0.391,12.495,-0.051,3.043,9.458113131063724,2.765344981656066,10.617607957344848,3514.0,30,14.212000000000002
1758,0.561,5.899,0.085,11.951,-0.527,2.567,9.403935346438743,2.915753439334033,10.15043371743386,3516.0,30,14.212000000000002
1759,0.119,5.6610000000000005,-0.153,9.707,-0.561,2.7030000000000003,7.01587343101342,1.8073145928097791,8.615533991325652,3518.0,30,14.212000000000002
1760,0.391,5.559,-0.357,7.905,-0.527,2.805,5.102832546733236,1.970326952822336,6.281843705956833,3520.0,30,14.212000000000002
1761,0.119,5.457000000000001,-0.357,6.987,-0.391,2.091,4.896118054132273,1.7462729950417155,7.695939981429366,3522.0,30,14.212000000000002
1762,-0.051,4.437,0.459,8.109,0.765,1.921,6.195561314360468,1.7124336904992716,7.098170481089856,3524.0,30,14.212000000000002
1763,0.187,5.389,0.935,9.605,0.085,2.1590000000000003,7.494358945233409,2.113761914861443,8.421118713802569,3526.0,30,14.212000000000002
1764,0.153,4.845000000000001,-0.187,9.809,-0.561,1.683,8.13460214146949,2.2940588670178514,9.428225007992909,3528.0,30,14.212000000000002
1765,0.051,3.621,-0.6970000000000001,9.367,-0.629,0.527,8.840261534592742,2.424886240883488,9.746363782565416,3530.0,30,14.212000000000002
1766,-0.119,2.8390000000000004,-0.323,8.993,-0.527,-0.6970000000000001,9.692147130538208,2.806850674951659,10.377735665780069,3532.0,30,14.212000000000002
1767,-0.017,3.0090000000000003,-0.085,8.755,0.6970000000000001,-0.8670000000000001,9.653725084132033,2.6911237167681112,10.953525859347074,3534.0,30,14.212000000000002
1768,-0.051,2.1590000000000003,0.799,8.721,0.8330000000000001,-1.649,10.370055737555129,2.959814784933529,11.20864165818317,3536.0,30,14.212000000000002
1769,-0.119,1.921,0.629,6.4430000000000005,0.8670000000000001,-1.853,8.299413232271304,2.5980082367091404,9.955572742658235,3538.0,30,14.212000000000002
1770,-0.391,0.765,0.561,4.811,0.629,-1.207,6.018384168528959,2.090440010842132,7.472192974246587,3540.0,30,14.212000000000002
1771,-0.119,0.425,0.901,7.939000000000001,0.8330000000000001,-3.519,11.458201778638742,3.258365658978481,12.314274889789209,3542.0,30,14.212000000000002
1772,0.051,0.5950000000000001,0.5950000000000001,5.627000000000001,0.765,-2.8390000000000004,8.467706655287488,2.808903957134048,9.668805484404436,3544.0,30,14.212000000000002
1773,-0.017,-0.391,0.221,5.627000000000001,0.663,-4.199000000000001,9.835936152700464,2.9524859794540848,10.781053530659811,3546.0,30,14.212000000000002
1774,-0.051,-0.493,0.425,4.607,0.221,-4.641,9.250249726358744,3.183654466938965,10.168195966624838,3548.0,30,14.212000000000002
1775,-0.119,-1.173,0.391,5.695,0.425,-5.933000000000001,11.628049707496094,3.5103194941729408,12.387635661972212,3550.0,30,14.212000000000002
1776,0.357,-2.397,0.289,3.995,0.5950000000000001,-6.205,10.204588967714477,2.7917314377582816,10.638879365290451,3552.0,30,14.212000000000002
1777,0.323,-2.652,0.425,1.819,0.8670000000000001,-5.763000000000001,7.594872480825468,2.6302822424749146,8.619629208429137,3554.0,30,14.212000000000002
1778,0.255,-2.635,-0.187,2.805,-0.459,-5.627000000000001,8.436385956083328,2.622661242132545,9.506629821676018,3556.0,30,14.212000000000002
1779,0.357,-2.737,0.119,2.261,0.187,-6.409000000000001,8.670266662565806,2.286672153992101,9.650634739565014,3558.0,30,14.212000000000002
1780,0.391,-2.8390000000000004,0.153,1.377,0.017,-6.035,7.413247601422739,2.255756803334061,8.467835685481306,3560.0,30,14.212000000000002
1781,0.323,-2.9410000000000003,-0.051,2.261,0.187,-6.307,8.571304918155695,2.4669556447926326,9.298761197111329,3562.0,30,14.212000000000002
1782,-0.085,-2.431,0.799,1.275,-0.153,-5.933000000000001,7.270596124115271,2.082686352415022,8.710224279705555,3564.0,30,14.212000000000002
1783,0.357,-2.8390000000000004,0.629,2.193,0.425,-6.409000000000001,8.604418632307473,2.596178831850015,9.5691956068818,3566.0,30,14.212000000000002
1784,0.459,-2.8390000000000004,0.119,2.499,0.7310000000000001,-7.123,9.641443252957515,3.0424514504494327,10.364767926725822,3568.0,30,14.212000000000002
1785,0.119,-3.587,0.255,1.377,0.629,-6.817,8.20253082895761,2.371427595248519,9.36336720193066,3570.0,30,14.212000000000002
1786,0.017,-2.9410000000000003,-0.255,2.2270000000000003,0.323,-6.647,8.892803832312955,2.5724821527863444,9.309013139133526,3572.0,30,14.212000000000002
1787,0.085,-3.3150000000000004,-0.051,2.329,0.663,-7.157000000000001,9.512833016509855,2.963187882495184,9.883231016250203,3574.0,30,14.212000000000002
1788,-0.119,-3.349,0.901,-1.3430000000000002,0.7310000000000001,-6.239000000000001,4.898950499851984,2.1205190036752173,6.319270703781644,3576.0,30,14.212000000000002
1789,-0.153,-3.349,0.935,-1.6150000000000002,0.561,-5.865,4.2664242639475045,1.7456434086032575,5.7982409601918645,3578.0,30,14.212000000000002
1790,0.391,-3.451,-0.085,2.7710000000000004,0.5950000000000001,-6.817,9.61208322893638,2.6250327185262536,10.065379047073762,3580.0,30,14.212000000000002
1791,0.425,-3.757,0.051,2.805,0.323,-7.055000000000001,9.863751010644988,3.130637188381719,10.810403225698057,3582.0,30,14.212000000000002
1792,0.255,-3.4680000000000004,-0.153,1.955,0.425,-6.613,8.587473900979264,2.3573867200438863,9.769705014624032,3584.0,30,14.212000000000002
1793,0.357,-3.587,-0.527,2.2270000000000003,0.8330000000000001,-1.5470000000000002,4.01156777332753,2.82961326460934,4.503406536930863,3586.0,30,14.212000000000002
1794,0.085,-4.607,0.323,0.119,-0.153,-6.375000000000001,6.51142165736485,2.5886497056372164,7.713869355252206,3588.0,30,14.212000000000002
1795,0.153,-4.539000000000001,-0.187,0.6970000000000001,0.425,-6.613,7.335573869848221,2.8410735026597838,8.031350598648492,3590.0,30,14.212000000000002
1796,0.289,-4.607,0.663,0.017,0.357,-6.579000000000001,6.603094123212238,2.5997418229624976,7.950193429293796,3592.0,30,14.212000000000002
1797,0.357,-4.811,-0.085,0.153,0.391,-7.089,7.257626333726476,2.388674401964696,7.993782614115074,3594.0,30,14.212000000000002
1798,0.357,-3.587,0.799,-2.669,0.187,-6.477,3.856865048196528,2.4839784294938947,4.126761307553829,3596.0,30,14.212000000000002
1799,0.255,-3.655,0.765,1.955,0.425,-6.715000000000001,8.676664105518896,3.0179984137361804,9.21506531150818,3598.0,30,14.212000000000002
