,com (y),com (x),end_1 (y),end_1 (x),end_2 (y),end_2 (x),ee-distance,gyr_distance
0,2.407806949520137,45.13540255486489,3.828194182683307,47.38704363667843,2.8548968432873596,43.09911882166535,4.39699976462136,1.3628360970459898
1,2.337894650083401,45.30670003870181,3.828194182683307,47.38704363667843,2.9643575278949865,43.209369427744484,4.2660491748394085,1.3644050677718382
2,2.3048457946003453,45.404975662221354,3.8289841041548067,47.167332345991746,3.1840688185817387,43.21015934921598,4.009380731731165,1.359404530731976
3,2.2752367393395847,45.417595759598214,3.828589143419082,47.277187991335104,3.074608133974062,43.09990874313685,4.244779061391935,1.3743131709038223
4,2.2545550791819813,45.44896255384542,3.828589143419082,47.277187991335104,3.1844637793174635,43.100303703872605,4.226258373021001,1.384241793554087
5,2.2145180870318413,45.48305034861668,3.828589143419082,47.277187991335104,3.404570030739941,42.991237980000754,4.306873542092241,1.3786619083900402
6,2.188842246422145,45.41982537455406,,,,,,1.3484468349400152
7,2.1510670597995354,45.41007010317255,,,,,,1.3182895964264518
8,2.174422074585408,45.344781805881496,,,,,,1.358926339793312
9,2.1448404267875225,45.30582143130778,,,,,,1.3684059567991609
10,2.1523245156171398,45.3365189338099,0.9727373252272218,47.15706336686218,3.9526633752495237,43.32277971970961,4.856098264082268,1.3699439824703863
11,2.1407346732522807,45.37060845889923,0.9731322859629964,47.04720772151876,3.842412769170398,43.432240404317234,4.61527455258625,1.3534455082892212
12,2.1233643727811367,45.39827909808247,0.1037661808740794,44.407512547391924,3.608877852732329,47.27639806986361,4.5294935669723735,1.3478117744455
13,2.105632150255065,45.40583959571727,0.7534209952762437,47.04641780004723,0.1041611416098542,44.29765690204857,2.824398136231747,1.3522709829172874
14,2.1138176511047253,45.44306003457521,0.6435653499328924,47.04602283931148,3.842807729906173,43.322384758973854,4.909239488877843,1.368237090040152
15,2.1001977592669805,45.41902937973905,0.6439603106686171,46.93616719396813,0.6439603106686171,46.93616719396813,0.0,1.4031061823111137
16,2.13268393085418,45.4308642757254,0.6435653499328924,47.04602283931148,3.732952084562771,43.3219897982381,4.838670528886372,1.4306200834256424
17,2.153468030656067,45.38401215152721,0.7534209952762437,47.04641780004723,0.7534209952762437,47.04641780004723,0.0,1.472684565165722
18,2.124262828665331,45.309481029505456,0.8632766406196452,47.04681276078301,0.8632766406196452,47.04681276078301,0.0,1.5404187535914484
19,2.0779124146737535,45.27987907493112,0.8632766406196452,47.04681276078301,0.8632766406196452,47.04681276078301,0.0,1.5823566488775922
20,2.029345882961162,45.25691081359776,-0.9908406652020365,43.30500648660072,3.9384447887624336,47.27758295207085,6.330815023413064,1.5973788175835737
21,2.085371055974504,45.26374354333142,-0.22303603000575162,43.63733814778107,1.1924486159139744,47.15785328833368,3.794420066056769,1.538176286966238
22,2.1213457268343094,45.23783152933466,0.43333311690418336,44.40869742959918,1.19205365517825,47.267708933677035,2.9579728929874065,1.5198408481817538
23,2.1652303423744805,45.23293244190777,1.0924669889643914,44.4110671940137,1.19205365517825,47.267708933677035,2.858377080245774,1.5187861562854965
24,2.238508969019237,45.17121284849284,1.191658694442475,47.377564579020365,3.9388397494981575,47.16772730672751,2.755183375040622,1.510591839133479
25,2.2610354861676707,45.1022998770775,,,,,,1.5293309528876986
26,2.277448608896336,45.044446006922776,,,,,,1.537867745878755
27,2.312007578931339,44.9577161584446,1.7547605469106475,43.534591795681315,0.7518411523331948,47.485840381420736,4.076544210275133,1.5385206288892206
28,2.330776049026106,44.87404105645923,1.6441149800957964,43.753908125632265,1.6342409617019782,46.50029925921647,2.7464088834092206,1.5494981387472235
29,2.3091359714644777,44.80462934426071,1.081013127627574,47.596880908971386,3.828589143419082,47.277187991335104,2.7661123484304087,1.5293005329577527
30,2.2714397102363737,44.74209239910513,1.081408088363299,47.48702526362801,3.828589143419082,47.277187991335104,2.755183375040624,1.5376792886358728
31,2.259805689048872,44.71397816705755,1.6441149800957964,43.753908125632265,3.8289841041548067,47.167332345991746,4.052791383405159,1.5585063717867635
32,2.2440219159963215,44.67833046972246,1.4247986501447685,43.64326255881736,3.829379064890581,47.05747670064832,4.175986730972369,1.5699194775015333
33,2.2283243396014014,44.69441913215856,0.7664546995560599,43.421181503716134,3.829774025626306,46.94762105530497,4.671156302724765,1.580440119917152
34,2.2553811885981623,44.727328979673395,0.10534602381712829,43.968089966018454,3.829774025626306,46.94762105530497,4.769587975148919,1.5757156763126148
35,2.236115282603219,44.76821892422688,-0.5553676911861287,44.40514278297741,3.829774025626306,46.94762105530497,5.068891756763619,1.577829982986632
36,2.2120490738927345,44.77233966321568,-0.7762638640800554,44.73391979753603,3.829774025626306,46.94762105530497,5.110387294526579,1.5958395435879418
37,2.1803158223916594,44.77864307258544,-0.887304391630731,45.06309177283036,3.829774025626306,46.94762105530497,5.0795944140311216,1.610574715774378
38,2.150044426316122,44.80048449955752,-0.7782386677588292,45.28319802425281,3.829774025626306,46.94762105530497,4.899396392280941,1.6317213599248999
39,2.1442638858850076,44.79824154460195,-0.9983449191813566,45.39226374812472,3.829774025626306,46.94762105530497,5.072461818309669,1.6245189015713284
40,2.13855442926847,44.8084595853642,-0.7790285892303286,45.502909314939586,3.829774025626306,46.94762105530497,4.82993307981168,1.6211149028023613
41,2.146616311532257,44.82159150111906,-0.7798185107018281,45.72262060562632,3.829774025626306,46.94762105530497,4.769587975148925,1.6207813284383912
42,2.1532278766185,44.80738812906793,-0.6699628653584768,45.723015566362065,3.829774025626306,46.94762105530497,4.663399049152732,1.6090631736195824
43,2.1535936182150412,44.80814271301744,-0.7802134714376028,45.8324762509697,3.830168986362081,46.83776540996165,4.718710915109513,1.6063509209042142
44,2.1159586740760425,44.834868621115014,-0.3403959293283728,45.72420044856932,3.829774025626306,46.94762105530497,4.345926303354933,1.6203466651501452
45,2.1081064173940427,44.84098559368662,0.20611757223821078,46.49516476965167,3.829774025626306,46.94762105530497,3.6517944606191315,1.6152461770208468
46,2.156069939471802,44.81751727853027,,,,,,1.6194870844206999
47,2.184251418618525,44.81825658835381,,,,,,1.636222545199799
48,2.1326314869587573,44.8783371021795,,,,,,1.6494935450201063
49,2.1130410568334677,44.90094842740409,1.088912342342619,45.39976800210404,3.829774025626306,46.94762105530497,3.1477248674552185,1.690859646741005
50,2.0832492532783307,44.90842625756712,,,,,,1.7213382026919966
51,2.0717413628922943,44.9508999071478,,,,,,1.714126262254204
52,2.05929068879495,44.97663537962833,,,,,,1.7439039404483836
53,2.0429345674118555,44.97335852563647,,,,,,1.7629985374549262
54,2.0517331275214183,44.937684831088305,,,,,,1.777537528672887
55,2.0680243842285226,44.95241401056583,,,,,,1.8323001641039678
56,2.0471854872938677,44.93532095551726,,,,,,1.8629380418270205
57,2.03096630560853,44.96622073166963,,,,,,1.874249234848051
58,1.97482241261308,44.936353356589024,,,,,,1.8726748122545775
59,1.911333593647184,44.90154461456881,,,,,,1.9117773989886377
60,1.8709537529174238,44.855869975517805,,,,,,1.9573110159635274
61,1.8671706850093037,44.80782262851613,,,,,,1.9668273204757185
62,1.8340253633453607,44.71398645978056,,,,,,1.9522393285681974
63,1.7819096538701518,44.65804772150411,,,,,,1.8985967042626224
64,1.736474907970618,44.67053730960161,0.5400290763615867,45.28793755308184,1.5204357090010794,47.59846075191439,2.509923229436874,1.8226611806990782
65,1.6835150071643235,44.70614434560592,,,,,,1.743937694702556
66,1.685925790322,44.665885120747504,,,,,,1.628477623063794
67,1.6311619506154953,44.65020495427372,,,,,,1.5137152068524748
68,1.541737955383189,44.65545480953196,,,,,,1.4105718142267396
69,1.525555911185904,44.619191814999574,0.5431887622475847,44.409092390334926,0.9715524430199475,47.486630302892266,3.1072069525914423,1.3769636165899877
70,1.5400179292516023,44.578942202038355,,,,,,1.3898659903186936
71,1.5268168675642464,44.52618529720722,,,,,,1.40145227507686
72,1.5016014135135405,44.516245871694736,,,,,,1.4133301591284966
73,1.497275699521953,44.51397882166209,,,,,,1.4113723923939896
74,1.5028644785318575,44.524318649945535,,,,,,1.4092349153184234
75,1.5270001650248834,44.55210561820493,,,,,,1.416659024816139
76,1.546199641085555,44.61242494220286,0.3155782568457874,46.60541537573078,0.644355271404392,46.82631154862481,0.39609272210089475,1.4443573352089005
77,1.50595069580213,44.67721615781848,-0.34316065447864597,46.4931899659729,0.644355271404392,46.82631154862481,1.042188894923182,1.4819509894110752
78,1.45627921838295,44.77764993954157,-1.0015046050673546,46.271108910871625,0.6439603106686171,46.93616719396813,1.7747837357924365,1.510517220224257
79,1.42184815949277,44.85070625264503,-1.1105703289392064,46.051002659449146,0.6435653499328924,47.04602283931148,2.0166946070799674,1.5223842928708893
80,1.366527076032684,44.92840910800535,-1.2204259742826076,46.0506076987134,0.5333147438537665,47.155483523919166,2.0727655669596246,1.575677474866978
81,1.2896334737391464,44.94125109701449,-1.658663673448789,45.71946091974027,0.5333147438537665,47.155483523919166,2.6204828375001457,1.6343246407385073
82,1.2048494162703134,44.89122156947343,-1.9874406880073932,45.4985647468463,0.533709704589541,47.045627878575736,2.957972892987374,1.681620466289392
83,1.14105725780973,44.84383824345045,-2.315032820358774,44.948101637922214,0.3143933746385132,46.934982311760876,3.2956906600910525,1.719128104631536
84,1.1173224764133072,44.828129334177696,-2.424888465702125,44.94770667718647,0.09507704468753538,46.82433674494605,3.141968584307085,1.7472017122319832
85,1.0698121208296625,44.80782449051646,-2.534744111045526,44.947311716450685,-0.01398867918431671,46.6042304935235,3.0165523004042236,1.7776434854097722
86,1.0815570799689223,44.739518161611215,,,,,,1.7964911714306773
87,1.083892019195133,44.673139511872385,,,,,,1.8343993945825072
88,1.0607441658753378,44.64421314991202,,,,,,1.8873281228564938
89,1.1029532632789083,44.64487527129853,,,,,,1.912820783551483
90,1.1669779120621495,44.6012787854863,,,,,,1.8622948564674333
91,1.2688172166691978,44.53334427586935,,,,,,1.7853197800839895
92,1.2881376034475902,44.51218573565412,-2.2075469394299208,45.60763047071815,3.0659189977875183,45.51673294069093,5.274249269038877,1.7326048490690489
93,1.2754555844763498,44.512725218258936,-1.988230609478893,45.71827603753302,2.8466026678365406,45.406087373876076,4.8449019165668,1.7109610171942544
94,1.2599587220152921,44.5256840555892,-2.0988761762937935,45.937592367484,-1.2148965239820615,44.51262866390623,1.6768844868431587,1.648992692962382
95,1.2558414374189972,44.55310986655195,-1.8795598463428156,46.048237934298875,-1.1038559964314358,44.18345668861188,2.019684519184425,1.638542435349557
96,1.2382279690999665,44.57919794501937,-0.9932104296165352,43.9641403586609,2.0764282682257065,45.732889584755895,3.5427610080419285,1.5988659519375314
97,1.2057571626140033,44.61535187898821,-0.7727092174582829,43.745218989445696,1.9661776621465807,45.842350269363514,3.449559529053165,1.5438855787910517
98,1.0893842173720167,44.66482927065866,-0.7727092174582829,43.745218989445696,1.6366107261164766,45.841165387156266,3.19340161780241,1.4334578123818429
99,1.0442699165654992,44.645232438565294,,,,,,1.2682221416122619
100,1.0299997101979714,44.61732980029922,-0.44274732069245426,43.63654822630957,-0.12028967790589543,45.61513472469744,2.0046903658655815,1.1470140349882103
101,1.0508570148446006,44.665594930719784,-0.2313302054565709,45.9443066999918,1.7452814892525537,46.17112728392212,1.9895832148857882,1.0624437621848724
102,0.9951842774033661,44.68816037784386,-0.012013875505543009,46.05495226680667,0.10732082749585206,43.41881173930164,2.6388402096555876,0.9993095973484468
103,0.9559761920544972,44.73266803873104,0.20730245444543502,46.165597833621575,1.2070621631368397,43.09319441062907,3.2309723410668183,0.9859450185889157
104,0.9990232902456839,44.69083191687051,0.0958669661590347,46.60462545425928,1.2070621631368397,43.09319441062907,3.6830561684498515,0.9933074073126968
105,1.0831775164080955,44.59308950019087,0.5356845082683148,46.49634965185893,1.3173127692159659,42.983733726021434,3.5985293358202863,0.955086062285539
106,1.1096482135979016,44.5237267473005,0.6455401536116662,46.496744612594675,1.3177077299516904,42.87387808067808,3.684694174387376,0.9793770771318747
107,1.1575758967476175,44.451728678177126,1.0849627349851214,46.4983244555377,1.4279583360308163,42.76441739607043,3.7496277029961407,0.9873490836854294
108,1.2102100546564571,44.446282097147915,1.2070621631368397,43.09319441062907,1.1952133410642476,46.388863770930094,3.295690660091089,1.0303232833195162
109,1.2671800230927246,44.42763613253301,1.0968115570577135,43.202655095236686,1.3042790649360994,46.60897002235255,3.412627162395244,1.0698087078353318
110,1.319869000782536,44.44807939484777,0.9826113436210401,44.41067223327795,1.5235953948870775,46.719615589167425,2.371472783826625,1.1166766002624842
111,1.3455787199636096,44.50470221404758,0.658968818627257,42.76165267092016,1.961438133317534,47.16061801348396,4.587736086653964,1.2300969527856003
112,1.352907661611006,44.50734496568296,,,,,,1.3382434422333924
113,1.3494218032916478,44.5831674153165,1.6476696267175692,42.76520731754196,2.5107163600343907,47.162592817162725,4.481277596418662,1.3993519996925912
114,1.3414779215010044,44.588011488686796,,,,,,1.4471328801280547
115,1.3500301191510067,44.56987521500649,,,,,,1.5050442412493796
116,1.3498329611670137,44.63513500008338,2.3079883809850514,42.43801014592635,2.950138941407846,47.16417266010573,4.769587975148955,1.547684433682985
117,1.3654469614986038,44.70836579620772,2.194578089019877,43.42631599328093,2.730032689985369,47.27323838397758,3.884008690739286,1.6007405207606322
118,1.3826602098480394,44.711623599365836,2.620572005377742,47.16298777789848,2.304038773627504,43.536566599360064,3.6402093141678202,1.61783054953602
119,1.4276771089215912,44.74697852297164,2.51150628150589,46.94288152647596,2.5237500643142567,43.53735652083159,3.4055470154274263,1.6077190542107243
120,1.4468650691691631,44.78302769117164,2.4020455968982635,46.83263092039685,2.6340006703933327,43.42789583622396,3.412627162395274,1.5732803800999562
121,1.5026017926070607,44.841323060563376,2.732007493664092,46.72396015726073,2.963962567159211,43.31922507308783,3.412627162395244,1.593797035258734
122,1.5400598164722266,44.79516655940519,2.9647524886307113,43.099513782401104,2.9493490199363466,47.3838839507924,4.284397858118368,1.545003188209498
123,1.548187421764487,44.854833913512216,2.6193871231704677,47.492554713928556,2.9643575278949865,43.209369427744484,4.297054895613927,1.4209976864917147
124,1.604756501642196,44.92723175210187,2.2902151478761383,47.38151418637788,2.744251276472459,43.318435151616335,4.088368873865195,1.303989535597115
125,1.681257488761567,44.9819834656368,2.2914000300834125,47.05194725034778,2.8533170003443606,43.538541403038835,3.558057240879101,1.2238692120493688
126,1.664290799200107,45.07456611868767,,,,,,1.1436290348384657
127,1.635969815600618,45.23594320649115,,,,,,1.069947513465215
128,1.5819812209034447,45.38395531204582,2.073268582339659,46.61173474750282,2.4111296938205826,44.30595107749937,2.330405214443535,1.034106582040284
129,1.5260419493250421,45.54272604086508,2.18312422768306,46.61212970823858,2.51901053548521,44.85562426495198,1.788331899862139,1.0459181920161116
130,1.4839468170415608,45.62052160141976,2.402440557633988,46.72277527505345,2.738326865436138,44.96626983176685,1.7883318998621092,1.0762233262398841
131,1.4182027591384934,45.63192867793605,2.292979873026411,46.612524668974324,2.7379319047004134,45.07612547711023,1.5995326777692092,1.109935730513532
132,1.3515063108909713,45.62709486880898,2.518615574749435,44.96547991029535,2.513086124448939,46.5034589451025,1.5379889747091466,1.17080544908682
133,1.3007970280349679,45.64414799914383,-0.454991103500771,47.04207323195396,2.519405496220984,44.745768619608626,3.7576654993645713,1.3098754512997994
134,1.3042071945657079,45.647804430869066,-1.6622183200706113,46.708161727830586,2.739511747643412,44.636702895736754,4.864788719161102,1.438151920144183
135,1.367986402856452,45.65027722597623,-2.0996660977652932,46.157303658170754,2.8434429819505422,46.284932536622996,4.944756465649615,1.461144677987622
136,1.4035150204400126,45.68225327198631,-2.2079419001656455,45.71748611606152,2.4075750471988093,45.29465188558963,4.634844709142604,1.4494009019415548
137,1.3924253407416047,45.72294411172811,,,,,,1.4333671234694043
138,1.3718077128644734,45.760317301239525,-2.0961114511435204,45.16860285008047,3.06275931190147,46.39557810343789,5.302774351426997,1.4243042101087475
139,1.3687614728802304,45.80275515795037,-1.656688869770065,45.17018269302347,1.8614565063680009,44.413831919163975,3.598529335820304,1.3806236921889643
140,1.355864649185985,45.84123305918462,-1.6562939090342905,45.06032704768009,1.7535756647033731,43.86415873171137,3.613589510449318,1.3278286505342487
141,1.3370159491015863,45.87841049505445,-1.327121933739961,45.17136757523074,1.6445099408315214,43.64405248028889,3.34115060977596,1.2907956776445675
142,1.276696339803124,45.82162332808593,-1.2172662883966097,45.17176253596649,1.6452998623030208,43.42434118960219,3.353768973686293,1.2866962845192467
143,1.2325218037451529,45.807959871675486,-0.997554997709857,45.172552457437995,1.974866798333125,43.42552607180943,3.447809815763291,1.274787004593145
144,1.1677526382533645,45.78242073395444,-1.1078056037889334,45.28201314204554,2.304433734363229,43.42671095401669,3.8840086907392655,1.2754778329102507
145,1.1212518866641177,45.83495613197542,,,,,,1.263384025944544
146,1.1061031345536645,45.840187485780426,-0.5636618666369481,46.712111335188126,2.4150793011781295,43.20739462406571,4.599558475555758,1.2833023698689447
147,1.0951060588723913,45.855979476816195,-0.34553041889319425,47.15232383803313,2.3060135773062775,42.98728837264321,4.9374290872616164,1.2944014324907913
148,1.1017014141045811,45.870857058231195,-0.5660316310514465,47.37124520724832,2.306803498777777,42.76757708195645,5.4265036525380745,1.3168191633231638
149,1.1315028205725102,45.81453175684681,-0.8952036063457759,47.260204679697715,2.417449065592628,42.548260752005504,5.759868340736297,1.3716157778577478
150,1.1871702820227894,45.80614367232383,-1.0046642909534023,47.14995407361861,2.5273047109360296,42.54865571274127,5.800582008395376,1.3812181574997966
151,1.2777570593125849,45.79235185852911,-0.8948086456100509,47.15034903435436,2.6371603562793804,42.549050673477026,5.800582008395376,1.3657312799442407
152,1.3738673849773066,45.76812196873244,-1.005059251689127,47.25980971896197,2.636765395543606,42.65890631882038,5.867810397296978,1.3598572838912766
153,1.4264993877054437,45.817502926836944,-0.8952036063457759,47.260204679697715,2.4162641833853535,42.8778276880356,5.492817766818456,1.3403341778993305
154,1.4976895208403846,45.80941486139591,-1.0054542124249017,47.36966536430529,1.9756567198046744,43.205814781122704,5.1210032287949865,1.311879072004109
155,1.5561614132535688,45.79781088043891,-0.675492315659023,47.26099460116924,1.4247986501447685,43.64326255881736,4.183205382394756,1.2722720745776679
156,1.5535255513072903,45.82247720841231,-0.7857429217381491,47.37045528577682,0.8747305019564623,43.860999045825345,3.8824547764179242,1.2658466969826718
157,1.594775204860236,45.929062183925474,-0.7861378824739238,47.480310931120215,0.5447686051906335,43.96966980896144,3.754452445763496,1.2705030487261129
158,1.6057425295363954,46.04868748274277,-0.6774671193377968,47.810272827886074,0.5451635659263583,43.85981416361807,4.135329424681826,1.3005287064357056
159,1.5810483501497778,46.15031675285266,-0.6782570408092962,48.0299841185728,0.5455585266621331,43.74995851827472,4.4515551981742485,1.3556954964986287
160,1.5698639566070842,46.24525817946117,-0.8983632922318234,48.139049842444656,0.3262421967111051,43.63931295145984,4.663399049152735,1.3742900627490737
161,1.5796060085474537,46.32903508489532,-1.1180745829185263,48.13825992097315,0.43609784205445645,43.63970791219559,4.759456072097207,1.397769425544887
162,1.585787439815535,46.40172451290345,-1.2287201497334272,48.35757625092413,0.43570288131873175,43.74956355753897,4.899396392280941,1.4315203806558419
163,1.5856474674995225,46.4404196256595,-1.1188645043900258,48.35797121165987,0.32584723597538046,43.749168596803216,4.829933079811684,1.4807434626457145
164,1.5843601867381747,46.45525915508205,-1.1192594651258003,48.46782685700325,2.847787550043815,45.07652043784598,5.2190440934315925,1.4927448962677399
165,1.5595473787578877,46.42728354364793,-1.0090088590466746,48.35836617239563,2.738326865436138,44.96626983176685,5.0545862952463825,1.4675173850224486
166,1.5270327929769567,46.43324713202136,-0.8995481744390977,48.468616778474754,2.738326865436138,44.96626983176685,5.049808802406421,1.4338117072183856
167,1.4532702191596512,46.42495783871993,-1.009403819782449,48.46822181773901,0.5443736444548589,44.07952545430483,4.655628870388177,1.4236123260596294
168,1.3988265379715816,46.41732672509955,-1.0090088590466746,48.35836617239563,0.5443736444548589,44.07952545430483,4.552084697473943,1.360163964945426
169,1.330359575150952,46.43279595519239,-0.6782570408092962,48.0299841185728,0.7632950136700623,44.300026666463076,3.9988316944230564,1.3226392581932787
170,1.2970671441706805,46.43558866504204,-0.34790018330769273,47.811457710093315,0.5447686051906335,43.96966980896144,3.9441338520950504,1.280679094323853
171,1.2576427840889728,46.48510768428505,0.7636899744057868,44.190171021119674,2.6174123194917445,48.04183294064539,4.274527585008083,1.2482609490148566
172,1.2234519410501756,46.479048089902946,0.9837962258283142,44.081105297247845,2.7268730040993203,48.15208354672452,4.428451260052404,1.2552509298638979
173,1.1917370411099397,46.53515380993793,1.203112555779292,44.19175086406269,2.6174123194917445,48.04183294064539,4.101630872965062,1.255393892466655
174,1.1906218949134817,46.54327892077872,1.4232188072017697,44.08268514019084,2.617017358755969,48.151688585988765,4.240512235993198,1.260324308145454
175,1.2387490638603953,46.56104727374098,1.533074452545171,44.083080100926594,2.617017358755969,48.151688585988765,4.210523391295246,1.261726155738703
176,1.2763902201347312,46.546044702836795,1.5342593347524451,43.75351316489649,2.617017358755969,48.151688585988765,4.529493566972364,1.2515839197525414
177,1.1880239686881573,46.54619201383346,,,,,,1.2504308716124979
178,1.1270337429954842,46.58183149387304,1.864221231518274,43.644842401760386,2.5067667526768433,48.26114927059639,4.660810428887131,1.2474607167946048
179,1.1445256676715136,46.61731116344961,1.972891994654401,43.974804298526244,2.5067667526768433,48.26114927059639,4.319464721101943,1.243203119068397
180,1.1701701898300663,46.63126499954447,,,,,,1.2271072129865788
181,1.2245869782241035,46.67231829200481,,,,,,1.2298073805181036
182,1.2398811140573116,46.65595636465321,,,,,,1.2389427132041453
183,1.2441853957472426,46.628970176828325,,,,,,1.2490279799375696
184,1.2450916266232288,46.61159021773875,0.10021153425230686,45.39621335548227,2.1918133638696045,44.19530551068447,2.4118411774731574,1.239355780903573
185,1.2430152065790694,46.60161215628418,0.10218633793108049,44.84693512876541,2.0815627577904787,44.30476619529212,2.0522860823771345,1.2521986916266266
186,1.2224067487034567,46.5840714477681,-0.335656400499376,44.4059327044489,2.0815627577904787,44.30476619529212,2.419335264443209,1.2873368683884112
187,1.2057221115868684,46.57851138005533,-0.5553676911861287,44.40514278297741,2.0815627577904787,44.30476619529212,2.638840209655601,1.3024841985330253
188,1.1895377820761504,46.568638047795964,-0.6652233365294801,44.40474782224165,2.0815627577904787,44.30476619529212,2.7486051323674974,1.3115444696756005
189,1.1930207165044326,46.55459954165545,-0.7750789818728313,44.404352861505906,2.0815627577904787,44.30476619529212,2.8583770802457575,1.3121546707166845
190,1.1688057002324521,46.49138426382537,-0.8853295879519576,44.51381354611348,2.0815627577904787,44.30476619529212,2.9742479698422124,1.3442525198904125
191,1.1574422857286342,46.468137189527525,-0.7766588248158303,44.84377544287938,2.0823526792619775,44.085054904605364,2.9579728929873923,1.3388541844231945
192,1.1466271580959133,46.45126589983832,-0.667988061679753,45.173737339645264,2.1922083246053785,44.08544986534111,3.0602439436825244,1.3293185676280033
193,1.1484724848202603,46.428966362632934,2.0823526792619775,44.085054904605364,2.396911107333442,48.260754309860616,4.187530600212941,1.329286249407016
194,1.2037894769793207,46.46766308678545,2.0823526792619775,44.085054904605364,2.396911107333442,48.260754309860616,4.187530600212941,1.3012477339984116
195,1.2477356680817788,46.483412590042974,2.0823526792619775,44.085054904605364,2.5063717919411186,48.37100491593974,4.306873542092239,1.263681117431868
196,1.2992933612909319,46.467909800616866,2.1910234423981048,44.41501680137122,2.5063717919411186,48.37100491593974,3.9685370785929135,1.2272564488953683
197,1.3102320249371775,46.43748927260603,2.19062848166238,44.52487244671457,2.396516146597717,48.370609955203975,3.8512448266469255,1.2080742761758851
198,1.2971073746131472,46.39918360001634,2.1898385601908803,44.74458373740135,2.507161713412618,48.15129362525302,3.4214567429030525,1.203308335796677
199,1.2743947593536158,46.37964334570663,2.1898385601908803,44.74458373740135,2.617017358755969,48.151688585988765,3.4337800126407774,1.2081336910947618
200,1.2595394581756647,46.362793756335066,2.3000891662699567,44.63512305279372,2.617017358755969,48.151688585988765,3.5308181245212222,1.2178141183931879
201,1.2028783444947597,46.38870884186955,-1.1176796221827514,48.028404275629775,2.507161713412618,48.15129362525302,3.6269238343935095,1.2585152067556105
202,1.1888689750655366,46.332939459374984,-1.4464566367413563,47.8075081027358,2.507556674148393,48.04143797990964,3.9609272210086997,1.2789628096216092
203,1.152337287543998,46.31710033654468,-1.9945499812509884,47.47596636302692,2.507556674148393,48.04143797990964,4.537479750488231,1.328087961807955
204,1.1283261473022077,46.27696529255964,-1.6649830452208845,47.47715124523417,2.5079516348841175,47.931582334566286,4.197605443508736,1.3196071599507044
205,1.1800609123540269,46.25223499023044,-1.443691911591083,47.038518585332184,2.507556674148393,48.04143797990964,4.076544210275121,1.280592326406085
206,1.1660133239293375,46.24199795052886,-1.5539425176702588,47.14797926993986,2.6182022409632433,47.82212164995867,4.2262583730209835,1.2859459237041748
207,1.2863384417160972,46.26741435013043,-1.333046344776232,46.819202255381256,2.508346595619892,47.821726689222906,3.9700572997092163,1.3335326715050775
208,1.4148649839975564,46.26839770959823,-1.4429019901195832,46.81880729464551,2.4000707932194896,47.38190914711363,3.8840086907392664,1.280842899344199
209,1.4100089994326301,46.21626495324273,-1.4425070293838589,46.708951649302115,2.399675832483715,47.49176479245703,3.9211178968662996,1.2635221499178269
210,1.3686777986361287,46.253936347447606,-1.5515727532557104,46.488845397879636,2.399675832483715,47.49176479245703,4.076544210275121,1.2401939465177667
211,1.4087394554410528,46.2686024847379,-1.440532225705085,46.15967342258528,1.9681524658253542,45.293072042646635,3.5171194574516917,1.227065803307063
212,1.5087377570459253,46.196014786295116,-0.7786336284946039,45.39305366959624,2.078798032640205,45.07375571269571,2.875215971598758,1.1704562230932707
213,1.5580804185925712,46.12488390726558,0.4305683917539104,45.17768694700279,2.2989042840626825,44.96468998882382,1.8804379039688082,1.092187368449627
214,1.5027888094818473,46.01852909291813,,,,,,1.0473209262792444
215,1.4351744343541573,46.03569576137415,0.20572261150243604,46.605020414995025,1.9681524658253542,45.293072042646635,2.197127106727383,1.0235622892954899
216,1.392388573841119,46.02323655888567,,,,,,1.0232694042593165
217,1.3635486485384272,46.01022138380122,,,,,,1.034707308603227
218,1.3387557522338673,45.964196310886265,,,,,,1.0427349472730174
219,1.2988827137224623,45.927357281131926,,,,,,1.0528363407619414
220,1.2386052519009956,45.89301182427765,,,,,,1.049442799428435
221,1.1908213054700125,45.86797782131713,,,,,,1.045450979152721
222,1.1314127627787915,45.85105514467024,,,,,,1.0247639283141032
223,1.0812644695312232,45.85443311740069,,,,,,1.007768685786196
224,0.9890306382012091,45.86892540254236,,,,,,0.98361582722117
225,0.9327484351167,45.866327947206486,-0.014383639920091397,46.71408613886688,1.4200591213157219,44.96153030293781,2.26474678348616,0.9886593614520965
226,0.8711616393959666,45.8473448595375,-0.12423928526344273,46.71369117813113,1.5314946096021718,44.52250268230004,2.7464088834092237,1.0023246618182924
227,0.8210913902185377,45.82461109863144,-0.12423928526344273,46.71369117813113,1.312178279651144,44.4118571154852,2.7132518262690337,1.0100082183513923
228,0.8160826890547459,45.78031772455759,-0.34434553668592,46.822756902003036,1.2019276735720679,44.5213178000928,2.772649054706125,1.0332461763454457
229,0.884148124763464,45.706089613018555,-0.3439505759501954,46.71290125665963,0.43135831322540974,44.95797565631604,1.9185587654216059,1.0395090020606024
230,0.9766374639899232,45.65369097427639,-0.7837681180593753,46.821177059060034,-0.008459228883770344,45.06625145871638,1.9185587654216283,1.0501107730876365
231,1.0681564727204584,45.617236421563234,-0.23369996987106934,46.60344057205201,-0.008459228883770344,45.06625145871638,1.5536034762956905,1.0666532299179496
232,1.141637704679816,45.617706061323894,-0.5632669059011733,46.60225568984476,-0.11870983496289639,45.17571214332401,1.49420797730477,1.0904959398439513
233,1.191644932995974,45.68057861436636,-0.44788181025722573,45.064671615773385,-0.3427656937429211,46.38333432062956,1.3228456928643135,1.128532228934723
234,1.276948596003602,45.7698713016356,-0.7762638640800554,44.73391979753603,-0.3419757722714217,46.1636230299428,1.4942079773047658,1.146660417064535
235,1.3286935985118506,45.842595005892356,-0.7746840211370566,44.29449721616255,-0.12305440305616848,46.38412424210105,2.188872373322136,1.1754429489597784
236,1.3498842604223138,45.87405266139765,-0.663643493586431,43.965325240868175,-0.12344936379189324,46.493979887444404,2.585711511270346,1.2041282212017403
237,1.3832919552763465,45.91306041625388,-0.3321017538776033,43.41723189635862,0.20611757223821078,46.49516476965167,3.1246361092937733,1.201641565581066
238,1.3922871050116574,45.9413260846174,0.10692586676012736,43.52866738464502,0.20572261150243604,46.605020414995025,3.077939044899288,1.1965267530478068
239,1.4141789360764438,45.96812398714956,-0.01398867918431671,46.6042304935235,0.6565990542127087,43.42078654298039,3.253306517134879,1.1400055803476827
240,1.4210036252393687,46.02494214485591,-0.01398867918431671,46.6042304935235,0.7640849351415615,44.080315375776316,2.6411259097027022,1.0559443991124304
241,1.4000142669209383,46.05002332046076,0.09626192689480949,46.494769808915926,1.2027175950435676,44.3016065094061,2.456462782924905,1.0249283221113459
242,1.3848470619345123,46.06689283871253,-0.23409493060684405,46.71329621739538,1.312178279651144,44.4118571154852,2.772649054706092,1.0198369478234033
243,1.3718132371866119,46.06272229742414,-0.3439505759501954,46.71290125665963,1.4216389642587703,44.522107721564296,2.8136955659613663,1.018940887099259
244,1.3638607677977856,46.08015311644606,-0.34355561521442074,46.603045611316254,1.5314946096021718,44.52250268230004,2.800798497761649,1.0231229684595675
245,1.3591987352573418,46.08673609604461,-0.34355561521442074,46.603045611316254,1.5314946096021718,44.52250268230004,2.800798497761649,1.0223621590648342
246,1.3583440215159737,46.08065686886691,-0.34355561521442074,46.603045611316254,1.641745215681248,44.413041997692474,2.9559322077545023,1.023479426073635
247,1.368948521401021,46.090987885001965,-0.12384432452766804,46.603835532787755,1.7508109395531002,44.633148249114974,2.7199155739058316,1.026255807114348
248,1.3814602643314113,46.080314189082024,-0.01398867918431671,46.6042304935235,1.7508109395531002,44.633148249114974,2.6456913857285786,1.0252832090911586
249,1.390898834834618,46.07964363077417,,,,,,1.0208164549778678
250,1.3970743680079343,46.092161683437844,0.20572261150243604,46.605020414995025,1.7508109395531002,44.633148249114974,2.5051103329097075,1.0197764145664683
251,1.4040545519764525,46.10519567724032,,,,,,1.0224674698344087
252,1.3947645427326858,46.120892340100376,,,,,,1.033221486504196
253,1.3727213694108507,46.16921960339924,0.20493269003093667,46.82473170568181,1.6401653727382495,44.85246457906595,2.439206935100194,1.04142143437264
254,1.3800377229371783,46.20744683098889,,,,,,1.0545444695235724
255,1.3921642664209342,46.23710936162982,,,,,,1.0696280841034538
256,1.3896716650912224,46.269957427299424,,,,,,1.0940076002438772
257,1.4008280251981462,46.273867307009546,,,,,,1.1061780089512303
258,1.4043165339295425,46.26926962255452,,,,,,1.1073446726006986
259,1.4025823543777058,46.2671548157359,,,,,,1.104827722484935
260,1.375100698836711,46.260815480507084,,,,,,1.0968634897715648
261,1.3802634402353693,46.22169702161558,,,,,,1.0796567137237696
262,1.396303331655311,46.20385849454307,,,,,,1.0848814317840165
263,1.4040133197166322,46.17923459307112,,,,,,1.0959279254683738
264,1.4155904406551865,46.155258966088056,,,,,,1.1044786605197474
265,1.4409674095860614,46.14434081437565,,,,,,1.1109232892747207
266,1.4370757278672597,46.137891191237856,,,,,,1.12812362157769
267,1.461701391409833,46.12689962355077,0.31873794273183526,45.72657021298384,1.3113883581796446,44.63156840617196,1.4779661038772398,1.1311743011259576
268,1.469277114591041,46.1201843392053,,,,,,1.1314407144334784
269,1.4601996058710127,46.1214441852766,,,,,,1.1386241184305792
270,1.4724118717494972,46.11579765049051,,,,,,1.1435358017405926
271,1.4861601638972517,46.10661124462997,0.2096722188599834,45.50646396156137,0.9818214221495407,44.6303835239647,1.167789075681188,1.1588094568045944
272,1.5139087253383203,46.11776902605545,,,,,,1.1640296285540686
273,1.5111242400162035,46.13825052262115,,,,,,1.177935956256387
274,1.4955218268037007,46.161565008315804,,,,,,1.1847309433653044
275,1.4810040747904012,46.17244557016811,,,,,,1.2002171015616994
276,1.4553945766190695,46.16489124671354,,,,,,1.2221416999449097
277,1.4345732238976177,46.12373846910128,,,,,,1.2308619867799893
278,1.4333419585533809,46.08061523342809,0.1041611416098542,44.29765690204857,2.5178256532779355,45.18519120098211,2.5716713449951594,1.248145223968241
279,1.4229602807393673,46.06175104442118,,,,,,1.2566363669165526
280,1.4276512353699742,46.079330909740996,0.10534602381712829,43.968089966018454,2.518220614013711,45.07533555563872,2.6547987840417826,1.2479342838721559
281,1.4234287750026104,46.08093762468665,-0.004904582261997825,44.077550650626044,2.518220614013711,45.07533555563872,2.7132518262690386,1.2502144630038263
282,1.411802556023866,46.11657821047179,0.10613594528862778,43.74837867533172,2.5170357318064367,45.404902491668835,2.9251510960501754,1.2599505397233268
283,1.370264961844671,46.10498352962929,0.21599159063202908,43.74877363606747,2.5170357318064367,45.404902491668835,2.835060303765787,1.2652654341546945
284,1.3849939438686172,46.137549394148635,-0.12107959937739485,45.8348460153842,0.21599159063202908,43.74877363606747,2.1131291865104993,1.2424381961490185
285,1.43325652564545,46.13500527677545,-0.12147456011316961,45.944701660727546,0.5463484481336326,43.53024722758801,2.505110332909727,1.2150546104897755
286,1.5013008821323466,46.097012064142774,0.09744680910203368,46.16520287288583,0.5463484481336326,43.53024722758801,2.6729204878207646,1.1936765548394799
287,1.6031059802031828,46.07084087849427,-0.12384432452766804,46.603835532787755,0.5463484481336326,43.53024722758801,3.145807276739661,1.1996977147768875
288,1.6256848475737795,46.06324335964205,0.09507704468753538,46.82433674494605,0.6565990542127087,43.42078654298039,3.4495595290531846,1.1890925087743278
289,1.6331662646745664,46.03172138202698,0.20414276855943705,47.04444299636849,0.8763103448994614,43.42157646445192,3.684694174387379,1.1845353780563657
290,1.6677226144922674,46.032761848942975,0.3136034531670138,47.15469360244766,0.6569940149484833,43.310930897637014,3.859070977426259,1.182772104964936
291,1.6865080481994374,46.03626890980454,0.6565990542127087,43.42078654298039,2.5174306925422107,45.295046846325405,2.6411259097026836,1.1861036975859292
292,1.7270380117627613,46.02504477926479,0.8699909731274158,45.17926678994581,0.8767053056352362,43.31172081910854,1.8675580407182797,1.224857390207054
293,1.744145787345101,46.00883044697141,,,,,,1.238315432960216
294,1.7464543259786853,46.0367851051473,0.8763103448994614,43.42157646445192,2.7387218261719126,44.85641418642348,2.351028671447458,1.2564154678018733
295,1.738327900516111,46.0406263999886,0.6565990542127087,43.42078654298039,2.7379319047004134,45.07612547711023,2.659340786993133,1.2734782006311305
296,1.7347774151312791,46.032456334794134,0.323477471560832,44.408302468863425,0.6565990542127087,43.42078654298039,1.0421888949231486,1.2870580396354823
297,1.7374905231507394,45.94801529399551,0.3238724322966068,44.29844682352008,0.6569940149484833,43.310930897637014,1.0421888949231775,1.2805604918514966
298,1.7453038810388477,45.92618043906482,0.5443736444548589,44.07952545430483,0.6569940149484833,43.310930897637014,0.7768017381478473,1.2847583060128198
299,1.6952516636272343,45.833190146733294,0.7668496602918348,43.31132585837276,2.8493673929868133,44.6370978564725,2.468714543630812,1.3193437252316367
300,1.697153978010454,45.84122030530201,0.8767053056352362,43.31172081910854,2.8493673929868133,44.6370978564725,2.376556332605223,1.3024479142143734
301,1.715625220198323,45.85314339611058,0.8767053056352362,43.31172081910854,2.8493673929868133,44.6370978564725,2.376556332605223,1.2909694163920067
302,1.707173604838792,45.893183339512696,0.8767053056352362,43.31172081910854,2.8493673929868133,44.6370978564725,2.376556332605223,1.2728937185315834
303,1.7046598042712184,45.93836172519345,0.6569940149484833,43.310930897637014,2.8493673929868133,44.6370978564725,2.5622684932375943,1.2670267678587919
304,1.7039888425964207,45.99449247517548,0.5467434088693574,43.42039158224463,0.6514645646479371,44.84890993244416,1.4323516318712903,1.2772790159618148
305,1.7385817191270723,45.970028477755925,0.10179137719530577,44.95679077410878,0.7668496602918348,43.31132585837276,1.7747837357924365,1.2923683910232389
306,1.7831585790142512,45.94503804660155,-0.22935540177779715,45.395028473275,0.6565990542127087,43.42078654298039,2.1639192446629725,1.2964573342525778
307,1.7748274343861352,45.93013127769689,-0.45025157467172416,45.72380548783357,0.43649280279023134,43.52985226685226,2.366378314389912,1.322545938869779
308,1.7286276658721538,45.96132491957305,-0.4506465354074988,45.83366113317694,0.43609784205445645,43.63970791219559,2.366378314389912,1.336396116870045
309,1.652814034440164,45.99286241129974,-0.12147456011316961,45.944701660727546,0.8759153841637367,43.53143210979529,2.6112557566047943,1.3642179945616635
310,1.4968990524360526,46.0756566323744,-0.451831417614773,46.16322806920705,0.9853760687713133,43.64168271587437,2.9023708115672955,1.367528611864886
311,1.3901443398855773,46.159273015961325,-0.8920439204597779,46.38135951695078,0.9853760687713133,43.64168271587437,3.3212248930659225,1.3822568365434127
312,1.2267574956758878,46.250461750487666,-1.003874369481903,46.930242782931835,1.2046923987223412,43.75232828268924,3.8700010000603418,1.42930809584876
313,1.0062439457233328,46.35214660741691,-1.1145199362967535,47.14955911288286,1.2042974379865663,43.86218392803259,4.022903133465594,1.4405071799416065
314,0.9109944594302962,46.39421325088317,-1.1153098577682532,47.36927040356954,1.5342593347524451,43.75351316489649,4.482623931914339,1.4724248827448287
315,0.8188637208049371,46.41900817259959,-1.4460616760056313,47.697652457392415,1.7543655861748726,43.64444744102464,5.16441725320652,1.5166105261615008
316,0.8637139390231023,46.32309258238167,-1.7760235727714602,47.80632322052852,2.0839325222049765,43.64563232323189,5.67543917225735,1.546776455540729
317,0.9449573573853097,46.235052565731955,-1.9941550205152139,47.36611071768352,1.974866798333125,43.42552607180943,5.592972514664538,1.5654775203725906
318,0.9615282916571048,46.19125964968226,-1.8842993751718624,47.366505678419266,2.4138944189708553,43.536961560095804,5.756724593568177,1.547302232960655
319,0.9683383303151837,46.162474919796416,-1.9941550205152139,47.36611071768352,2.6336057096576084,43.537751481567334,6.006038945635126,1.5520761756294421
320,0.9458492257496546,46.13560159457783,-2.2142612719377412,47.47517644155542,2.963567606423437,43.42908071843121,6.571210124039149,1.5671845850316188
321,0.9371821928986137,46.098371567797955,-2.2142612719377412,47.47517644155542,3.0730282910310636,43.539331324510336,6.591381320182135,1.5669642548401284
322,0.9373716805173542,46.10029326100428,-2.4335776018886692,47.36453087474052,3.0726333302952886,43.64918696985366,6.642449786131771,1.56695047286015
323,0.9725581345650007,46.09577689145763,-2.4335776018886692,47.36453087474052,3.0726333302952886,43.64918696985366,6.642449786131771,1.576995187809507
324,0.9816882292403372,46.109189568408446,-2.2138663112019668,47.36532079621202,3.0730282910310636,43.539331324510336,6.526059298894903,1.5827032117712676
325,1.0062761988825948,46.12761302568812,-2.3241169172810925,47.47478148081967,2.962777684951937,43.64879200911791,6.526059298894927,1.5776774142136154
326,1.0467382714642655,46.0921416891036,-2.2138663112019668,47.36532079621202,2.962777684951937,43.64879200911791,6.3726155766855275,1.5639383208137194
327,1.0621582598923134,46.06177390501656,-2.2138663112019668,47.36532079621202,3.0726333302952886,43.64918696985366,6.46194468213363,1.531266932002023
328,1.0937379753255,46.03528536542436,-2.1040106658585653,47.36571575694777,3.0726333302952886,43.64918696985366,6.372615576685534,1.5158387022341813
329,1.133247599541489,46.00326380607442,-1.7736538083569615,47.14718934846834,3.18248897563869,43.64958193058941,6.066020849366868,1.5061071609629193
330,1.1899667274935537,45.96932601766423,-1.5539425176702588,47.14797926993986,3.1820940149029653,43.759437575932786,5.823423121317176,1.4903942115127182
331,1.199580722049715,45.97426344557811,-1.6641931237493353,47.25743995454744,3.1816990541671903,43.86929322127614,5.912885022234852,1.4650940084900554
332,1.2640128482690547,45.95947210586273,-1.3338362662477317,47.03891354606794,3.2919496602463165,43.75983253666856,5.670120607531556,1.4510536345041865
333,1.383766837287106,45.91963811151848,-1.2239806209043804,47.039308506803685,3.291554699510542,43.86968818201191,5.5169332271877085,1.4035270175671846
334,1.4962330890781335,45.88851368447697,-0.8936237634027766,46.82078209832426,3.291554699510542,43.86968818201191,5.121003228795029,1.3679203822218806
335,1.6190755231728446,45.864249484218774,-1.2231906994328807,46.81959721611701,3.4014103448538933,43.87008314274766,5.485122431434134,1.371284085013632
336,1.6532208934861117,45.870985714869605,-0.6707527868300263,45.9427268570488,3.4014103448538933,43.87008314274766,4.56928490438905,1.3604814822447335
337,1.6647098623372076,45.89148160437557,-0.4494616532002247,45.50409419714684,3.291159738774817,43.97954382735529,4.039369038368847,1.3642835516327467
338,1.6139690342791693,45.94899823965159,-0.11910479569862133,45.285567788667315,3.291159738774817,43.97954382735529,3.6517944606191284,1.3628545967715546
339,1.5929165334327415,45.955732445231256,0.3218976286178331,44.84772505023691,3.290369817303268,44.19925511804202,3.038476655819462,1.3580580954848405
340,1.5836103394493446,45.97119481575503,0.6526494468552112,44.51934299641403,3.290369817303268,44.19925511804202,2.6570707560314357,1.3550691350537223
341,1.6107555935117601,45.97392283555659,0.8715708160704646,44.73984420857233,3.180119211224192,44.308715802649644,2.3484606437324476,1.3505082061484337
342,1.6140168121817888,45.97676016288539,,,,,,1.3438395704576072
343,1.6161440586016707,45.95724535267161,,,,,,1.3422243783275842
344,1.6267289386170676,45.93651949650775,,,,,,1.343812363501894
345,1.5976553447735165,45.95727873304755,,,,,,1.3456992613225953
346,1.581711685550976,45.987285573476015,,,,,,1.3436747056209597
347,1.5960056679608208,46.000374211870685,0.5317349009107675,47.594906105292615,3.615987145975874,45.298996453682925,3.844972436772939,1.3637284912263397
348,1.626392732735701,46.038961909846904,1.3046740256718743,46.4991143770092,3.6155921852401,45.408852099026355,2.5551936472632897,1.4020876113480192
349,1.6257048819834188,46.09284348706369,2.522170221371258,43.976779102205015,3.6148022637686004,45.62856338971306,1.9804636105043605,1.4436960154955165
350,1.6290130501798072,46.17937019792172,,,,,,1.4186142706682652
351,1.663484300845585,46.26671392278708,,,,,,1.3877396931243415
352,1.705269974686418,46.36025705868102,,,,,,1.3374350788974847
353,1.7861958977920336,46.41094845862002,,,,,,1.3286707347078135
354,1.8313333195843555,46.43916470250578,0.09823673057353312,45.945491582199075,3.9427893568557053,46.06917085329379,3.8465414931274577,1.3167716699323526
355,1.8793517047945651,46.454868206335426,,,,,,1.3165948934706115
356,1.9283487252983436,46.441163156797806,,,,,,1.3669394120445122
357,1.9346770035532583,46.40814445707664,0.20809237591693444,45.94588654293482,4.161315765335184,46.39952771079544,3.979166429771609,1.4063276929208892
358,1.9741302896618664,46.400567439052594,-0.0116189147698183,45.94509662146329,4.051460119991782,46.399132750059664,4.088368873865214,1.4607144516617165
359,1.9993651284219907,46.389400833972715,-0.012013875505543009,46.05495226680667,4.161315765335184,46.39952771079544,4.187530600212944,1.4490078965505688
360,1.9996118382264467,46.409901834045755,-0.12186952084889437,46.054557306070926,4.27156637141431,46.29006702618779,4.399743602495035,1.4611649297147316
361,1.9246405486841671,46.445994205542966,-0.2317251661922957,46.05416234533518,1.3042790649360994,46.60897002235255,1.6331321307603053,1.4480587345450395
362,1.8662267696811001,46.48212629482935,-0.451831417614773,46.16322806920705,4.161315765335184,46.39952771079544,4.619195216937012,1.4176597468037864
363,1.8093031251086975,46.51264907439878,-0.5616870629581743,46.162833108471304,4.161315765335184,46.39952771079544,4.728930116933014,1.4187797977606738
364,1.7672024681978413,46.545209926473056,-0.341580811535647,46.05376738459942,4.161315765335184,46.39952771079544,4.516151878000367,1.441293015570391
365,1.6299724728178628,46.5980335544471,,,,,,1.4878291678737756
366,1.4796555740011903,46.66989010575702,-1.1089904859962076,45.61158007807567,3.941604474648431,46.39873778932392,5.111567931551589,1.5270530971786904
367,1.3609967129212657,46.707205515428086,-1.4381624612905366,45.50053955052507,3.941604474648431,46.39873778932392,5.454232518072888,1.586142207848295
368,1.1534102290593042,46.729666261296096,-1.8752152782495435,44.83982583552184,3.831748829305079,46.39834282858816,5.915945785974771,1.6713960246589414
369,1.0264014147882847,46.74831627775858,-2.314637859622999,44.83824599257884,3.3978556982321204,44.858783950838,5.7125304774911765,1.7076768246403982
370,0.9303992394313786,46.72853265179643,-2.754455401732229,44.94652179497919,3.288000052888769,44.85838899010225,6.043098155116652,1.7594365242706602
371,0.8637130688201141,46.70654072634745,-2.754455401732229,44.94652179497919,3.1789343290169176,44.63828273867974,5.941390831513042,1.7956029040755348
372,0.7868433010230368,46.69661135529346,-3.1938779831057342,44.944941952036196,3.068683722937791,44.747743423287375,6.265665677463383,1.8411069922110972
373,0.7669267086241237,46.68500609593676,-3.1930880616341852,44.725230661349464,2.9588280775944398,44.74734846255162,6.151955898836662,1.8499239384391786
374,0.7581688698047795,46.663390709081824,-3.083232416290784,44.72562562208521,2.7387218261719126,44.85641418642348,5.823423121317171,1.884938121476909
375,0.7338421216517894,46.64740093515751,-3.1930880616341852,44.725230661349464,2.629261141564336,44.74616358034437,5.822386832827559,1.9399285183766075
376,0.7177400179193576,46.63328068606858,-2.095716490407746,45.05874720473709,2.629261141564336,44.74616358034437,4.735305918826669,2.057055920229937
377,0.7767327866274221,46.656788584044705,-1.8752152782495435,44.83982583552184,2.739116786907687,44.74655854108013,4.615274552586253,2.100631787187971
378,0.7836500397550632,46.64416932876298,-1.876005199721043,45.05953712620859,2.9588280775944398,44.74734846255162,4.844901916566785,2.148153296754184
379,0.8700736048821436,46.636203380845735,-1.9874406880073932,45.4985647468463,3.1777494468096434,44.96784967470985,5.192383616086554,2.1670426443821373
380,0.8700653847454746,46.67338538798089,-2.0992711370295183,46.04744801282738,3.2872101314172695,45.078100280789,5.4730079006827905,2.1250035748064167
381,0.9411578677570138,46.76057150736158,-2.2091267823729197,46.04705305209163,3.28642020994577,45.29781157147568,5.5463861694853325,2.0291413306157695
382,0.9599725695603682,46.83165908592888,-1.9902054131576665,46.26755426424986,3.395880894553347,45.40806217755486,5.454232518072882,1.9860335989346516
383,0.9737715762047114,46.915480959697895,,,,,,1.9709711392990554
384,1.002416690987525,47.013345135989525,-1.7693092402636899,45.93877724969125,3.39193128719585,46.50661863098852,5.192383616086554,1.946904633280873
385,0.9385534678873577,47.09657587536476,-1.988230609478893,45.71827603753302,3.285630288474271,45.51752286216245,5.2776804193111895,1.9913541115448934
386,0.8248387358449553,47.10988218197831,-2.4268632693808487,45.4969849039033,3.285630288474271,45.51752286216245,5.7125304774911845,2.0995494197407107
387,0.6768332572624425,47.13418503736162,-2.866285850754354,45.49540506096027,3.2860252492099957,45.40766721681911,6.152936680971054,2.18555360544646
388,0.5895214885739317,47.14817400814658,-2.865495929282855,45.27569377027349,3.2860252492099957,45.40766721681911,6.152936680971055,2.2324626716907034
389,0.5350233344465567,47.16596736374682,-2.975351574626206,45.275298809537745,3.2860252492099957,45.40766721681911,6.262775832274322,2.2043504947302828
390,0.5238920972985118,47.14739242919029,-2.86510096854713,45.1658381249302,3.721103262490179,46.61765915853912,6.74432135107474,2.1786092225285243
391,0.4957298448945697,47.104541376747534,-2.86510096854713,45.1658381249302,3.721103262490179,46.61765915853912,6.74432135107474,2.171368191869762
392,0.49513433019100056,47.06013679839018,-2.7556402839394534,45.276088731009246,3.721103262490179,46.61765915853912,6.614228464321502,2.166681170431933
393,0.44715625409961535,47.01148129532725,-2.2071519786941463,45.4977748253748,3.831353868569355,46.50819847393152,6.122459376508544,2.168458507295596
394,0.39720290359974225,46.96616411309959,-1.988230609478893,45.71827603753302,3.6116425778826025,46.507408552460014,5.655202015900498,2.141368545384477
395,0.33656242698625677,46.933283507588676,-1.7697042009994142,46.04863289503462,3.722288144697454,46.28809222250901,5.497210264734982,2.1093159676010296
396,0.296637389935376,46.88039185762265,-1.3306765803617338,46.160068383321025,3.612037538618327,46.39755290711667,4.948416086083208,2.074237637590318
397,0.24155672320388138,46.848089538600476,-0.7817933143806017,46.271898832343155,3.612037538618327,46.39755290711667,4.395627203400301,2.025981653474466
398,0.2223623991068812,46.78618188687804,-0.451831417614773,46.16322806920705,3.392721208667349,46.28690734030177,3.846541493127443,1.9987326077231398
399,0.2176959369579644,46.74943599485585,-0.23251508766379514,46.273873636021904,3.393116169403074,46.177051694958415,3.626923834393494,1.9567031619640616
400,0.16506758166527902,46.686857133752504,,,,,,1.9346976980706616
401,0.1639938569112859,46.63319676219267,,,,,,1.8772117075528922
402,0.15014807901089822,46.60787219467874,,,,,,1.8427277783188363
403,0.18678338849258821,46.53878407939387,,,,,,1.7493694633636963
404,0.16171610509133633,46.4858071961237,,,,,,1.7273965494011414
405,0.1311497298894374,46.453362347151796,,,,,,1.7027538366463244
406,0.11221273781268828,46.40278475030162,,,,,,1.6961529038779664
407,0.11533143731144421,46.38015385538666,,,,,,1.667124960920217
408,0.06626707762006401,46.39452909398575,,,,,,1.6652822545782586
409,0.03587986618381357,46.42738147413427,,,,,,1.6695339503790216
410,0.0976006066544797,46.48360711873604,,,,,,1.6959414552480667
411,0.1646782060134185,46.49666300636315,,,,,,1.6999762078441447
412,0.20073565776832392,46.530268916015636,,,,,,1.7186025404241996
413,0.22925607696875283,46.540921865992935,,,,,,1.6719680402559598
414,0.18809736914379407,46.53579796880808,,,,,,1.5806319798482962
415,0.13941658089414688,46.53239558849607,,,,,,1.5360938131298394
416,0.11912080342504065,46.53122850445508,,,,,,1.5474590267254873
417,0.12118557285866692,46.516002258382194,,,,,,1.5676290093421785
418,0.09026472909091966,46.578163652030746,,,,,,1.5885856332012545
419,0.05427934212063937,46.62485869251696,1.1865242048777034,48.80568796848418,1.7460714107240534,45.95141599323537,2.9086013106407607,1.5936727618983806
420,0.058227251920365264,46.572806285672904,0.7625050921985626,44.51973795714977,1.2967748109567796,48.69622728387656,4.210523391295246,1.587606307440683
421,0.0028906831528979944,46.58716458634247,,,,,,1.5894654521781806
422,-0.011467099664894167,46.57814091945269,0.3211077071463337,45.067436340923656,1.5160911409078073,48.80687285069143,3.925731883044031,1.6028615629704204
423,-0.009037864712951574,46.597232964139195,1.5275450022446246,45.62105913573374,1.8464479984094109,48.58834644221198,2.9843748223286912,1.5965607843437681
424,0.04662338497313564,46.625120438698936,,,,,,1.5938955708298543
425,0.06923898951055019,46.63255601036974,,,,,,1.577992604834628
426,0.08744329789715986,46.65272448124597,,,,,,1.5632829579425647
427,0.10477475281114434,46.67331814599352,1.307833711557872,45.62026921426224,2.618992162434743,47.602410359271936,2.3765563326052264,1.5491750885471298
428,0.11025705566742047,46.673395635315444,1.5279399629803994,45.511203490390386,2.399675832483715,47.49176479245703,2.1639192446629725,1.534719330545366
429,0.12077139098678032,46.67914431954732,,,,,,1.5233122666561296
430,0.15700298218663236,46.65354802834437,,,,,,1.5102421095133443
431,0.17071351215604091,46.6025703503879,,,,,,1.5116619107525722
432,0.15969829504503147,46.56588855016948,,,,,,1.5088370795888777
433,0.17658846346724796,46.565934130546665,,,,,,1.5213186729009023
434,0.16533467332653173,46.57219426682131,,,,,,1.5208157365738268
435,0.15213545590301655,46.55698928793935,,,,,,1.5206184465523482
436,0.18202285078686692,46.590245927521174,,,,,,1.5084495053846978
437,0.20262512964525828,46.60824944496342,,,,,,1.5108890826521089
438,0.2121618802770226,46.63433878332905,,,,,,1.500980428180041
439,0.24445778850091418,46.6412040793195,,,,,,1.4846533369151886
440,0.2914748933688357,46.595890293701615,,,,,,1.481990082421797
441,0.3826573132569787,46.57047259106248,,,,,,1.4931787708321094
442,0.43660340258556996,46.558768894410406,,,,,,1.5322686164438928
443,0.4365243136008946,46.548053922108444,,,,,,1.5357800702366864
444,0.44607469126112453,46.5457768286598,,,,,,1.5342929461909653
445,0.4691538990447596,46.54391312530718,,,,,,1.5178564575433513
446,0.45922941004471957,46.53882250346896,,,,,,1.5117758717052003
447,0.4289565484367663,46.56751150375742,,,,,,1.5184717369531104
448,0.41435153091190713,46.59836439805439,,,,,,1.5375763876735546
449,0.37198834325282004,46.66941619768348,,,,,,1.5514509427892904
450,0.3806468486003708,46.73043840853604,0.41832460894559353,48.58321195264718,1.3102034759723706,44.961135342202056,3.7302663290149125,1.5743292187881417
451,0.4026434601297228,46.800849861894925,0.5277852935532201,48.693462558726274,1.4200591213157219,44.96153030293781,3.8371175308432206,1.578416384941054
452,0.41080798337362323,46.83911234638928,,,,,,1.606946307474322
453,0.41307609401057777,46.810029172801364,,,,,,1.6007515794506206
454,0.3988039368492877,46.777833220835376,,,,,,1.6176640173615089
455,0.43054682115516424,46.73417657730107,,,,,,1.6480906762132073
456,0.45822738483910413,46.70756287257683,,,,,,1.6605052530560038
457,0.4518390551366575,46.648560394396796,,,,,,1.7096460772940432
458,0.47760759613107195,46.56226212220235,,,,,,1.7428634147273532
459,0.4893764492720402,46.47362550460422,,,,,,1.7428508490452552
460,0.43847630259213877,46.45122489435615,,,,,,1.716886662422347
461,0.40666082992902197,46.44955748302604,0.08875767291548961,48.58202707043993,1.748046214402827,45.402137766518564,3.5867721490366056,1.6896749841325298
462,0.3711305479985916,46.46579701807931,,,,,,1.643291016603583
463,0.33186640652085636,46.49437554792494,,,,,,1.6174054347273237
464,0.3364261789321766,46.51843616434048,,,,,,1.6073283399413096
465,0.2914501609093222,46.49089418564856,,,,,,1.5960865381863927
466,0.24422545245785166,46.53162239076634,,,,,,1.559803840871015
467,0.21521588720392726,46.57739457219241,,,,,,1.5107502373222919
468,0.14260115512339758,46.59120970951752,,,,,,1.4839987457886061
469,0.08757029676140295,46.52159847833106,,,,,,1.4524180335902122
470,0.005821516854838953,46.4886127329153,,,,,,1.4386694537721136
471,-0.045386112951233036,46.46983253014534,,,,,,1.4651860101207783
472,-0.08592492880929559,46.4699751533105,,,,,,1.4674492671040928
473,-0.1266001883237417,46.47524458552677,,,,,,1.4813612348986043
474,-0.2129302786883913,46.51708249289731,,,,,,1.4567472258347998
475,-0.25346999512246,46.524331390086836,,,,,,1.4430533571620807
476,-0.2618938258248462,46.537246338944996,,,,,,1.4304548580685692
477,-0.24498003262167592,46.541762093272304,,,,,,1.4407274591277115
478,-0.2322970642083763,46.542233199930536,,,,,,1.4521905666108361
479,-0.185022112041431,46.53278668472075,,,,,,1.4721147268297103
480,-0.16798835996613817,46.54766843718466,,,,,,1.4871201399602365
481,-0.10347568351408681,46.63259846959591,,,,,,1.4972400054266124
482,-0.018011641164193168,46.665482470170325,,,,,,1.524792792974624
483,0.09366949082851153,46.670195495803156,,,,,,1.5974665934215733
484,0.18855321208256706,46.67665929007408,,,,,,1.6659522494298904
485,0.2557704033613556,46.63239134038478,,,,,,1.7206205578022644
486,0.31168754523122516,46.5757661691936,,,,,,1.744263731109913
487,0.3069197678021485,46.51934822811866,-0.019913090220637593,48.25206517367405,1.193238537385474,46.93814199764691,1.7883318998621416,1.747306826719006
488,0.3460486939506362,46.48482121289646,0.1994032397303903,48.36271074048892,2.8430480212147677,46.3947881819664,3.2956906600910525,1.7560156790414518
489,0.3526173459712816,46.39622244916026,0.5293651364962191,48.254039977352825,2.9532986272938935,46.285327497358736,3.122704340262588,1.7883455302748055
490,0.31292549839314215,46.35631132974109,0.9699726000769486,47.926052884265744,3.06354923337297,46.175866812751146,2.728775257218293,1.8297172119961251
491,0.28687207520128477,46.29214177064611,0.7518411523331948,47.485840381420736,3.063944194108745,46.06601116740776,2.7132518262690417,1.8039418963144676
492,0.3166988047523995,46.253324603736424,0.3116286494882401,47.70397182916447,3.284050445531222,45.95694544353591,3.447809815763304,1.7699040642038157
493,0.33904901027401485,46.221597080032076,0.42148429483159144,47.70436678990021,3.394301051610348,45.84748475892831,3.5050892066152457,1.717440679618196
494,0.35312014427471766,46.15758092168924,0.42069437336009197,47.92407808058697,3.394696012346123,45.73762911358493,3.6912389294104813,1.6970686828219754
495,0.3706541783218601,46.097761536724526,0.41990445188859243,48.1437893712737,3.2848403670027713,45.73723415284918,3.7415726395510522,1.6886688459315027
496,0.3810460200607048,46.00246496483758,0.41950949115281777,48.25364501661707,3.175379682395145,45.626983546770035,3.8071210892426777,1.6530789753273694
497,0.3266636525717561,45.933309349354644,0.5293651364962191,48.254039977352825,3.0655240370517434,45.62658858603429,3.651794460619129,1.6369630709771772
498,0.25810624022581086,45.92783345423744,0.638430860368071,48.474146228775304,2.955668391708392,45.626193625298534,3.67156966545672,1.6226052107659137
499,0.18465569713630636,45.95270586781326,-1.9886255702146676,45.828131682876396,0.8569572688475995,48.804503086276924,4.117781978801908,1.6345781184200947
500,0.16160019975633003,45.9565481588647,-2.2079419001656455,45.71748611606152,0.9664179534551759,48.91475369235601,4.50545008125755,1.6426856993070191
501,0.09578366806548637,45.947764660275915,1.8543472131244558,46.391233535344625,2.9560633524441666,45.51633797995518,1.4068477829806807,1.6575496426262364
502,0.03505627285742606,45.92993929010504,1.1869191656134284,48.6958323231408,1.853952252388731,46.50108918068798,2.2938680433269716,1.6888121623400458
503,-0.025815306593258286,45.942520131820075,1.4062354955644059,48.80647788995567,2.9560633524441666,45.51633797995518,3.636892494058406,1.7310823282674006
504,-0.08083704088911925,45.98733818970604,1.7365923530660097,48.587951481476225,2.7359571010216395,45.62540370382703,3.1265666847694646,1.7831042405908553
505,-0.08680210135288874,46.05181229043017,2.0661592890961136,48.58913636368347,2.0724786608681596,46.831446038189604,1.757701685381882,1.8222705321806558
506,-0.0976718192850173,46.11435242721093,2.2866605012543655,48.37021499446822,2.8466026678365406,45.406087373876076,3.0165523004042276,1.8792939178665449
507,-0.16873596622549342,46.12459500552544,2.5067667526768433,48.26114927059639,1.9618330940533082,47.050762368140525,1.327399392020905,1.9298072557617283
508,-0.22775669775161433,46.15856884988062,2.5067667526768433,48.26114927059639,2.7355621402859147,45.735259349170406,2.5362309091548356,1.974388453960558
509,-0.2272365347102228,46.19810514472358,2.6174123194917445,48.04183294064539,2.7355621402859147,45.735259349170406,2.3095976084685046,2.0053120286482904
510,-0.18472165965554135,46.23139825176052,1.5235953948870775,46.719615589167425,2.72766292557082,47.93237225603779,1.7089638239252911,2.0549778369431704
511,-0.19283955044790727,46.26413996777748,2.947769176993347,47.823306532165915,2.732007493664092,46.72396015726073,1.120319399104672,2.0825760387875403
512,-0.1777817046840851,46.30985619190241,,,,,,2.1036796237902724
513,-0.11831486851770048,46.33148789566513,,,,,,2.118473851330222
514,-0.12971737628796132,46.27677020007789,,,,,,2.081138040745677
515,-0.08305019979874641,46.22034801053751,,,,,,2.067750179851473
516,-0.07972381332612914,46.17717911522661,,,,,,2.066793980402448
517,-0.04389239994256241,46.148243352772276,,,,,,2.0505021758690876
518,-0.08966680937078976,46.10520454178248,,,,,,2.013122641378397
519,-0.16399909071874985,46.017207860236844,,,,,,1.9537686323768202
520,-0.14533719692695238,45.98826959669208,,,,,,1.9307497026735265
521,-0.1428127651077917,46.02354442651124,,,,,,1.9357726896111258
522,-0.08634572561538913,46.09463304747366,,,,,,1.9311105070697974
523,-0.12497950791717143,46.11968388738743,,,,,,1.919107645009683
524,-0.09404749767822503,46.17217884551632,,,,,,1.9027425878592308
525,-0.10115023785326473,46.18567956578488,,,,,,1.836228215458709
526,-0.09845862148166505,46.22103235371501,,,,,,1.7992156910895811
527,-0.13950691856077416,46.21484082355381,,,,,,1.7531639860099704
528,-0.1801282583430294,46.22945419389937,1.197188144743021,45.83958554421324,2.3984909502764906,47.82133172848714,2.317422354571308,1.7265622112342494
529,-0.2104123050165466,46.237334079721265,1.3074387508221472,45.73012485960562,2.3984909502764906,47.82133172848714,2.358715979169911,1.6410082490916078
530,-0.2844851538636314,46.221813789786,,,,,,1.6400896993970147
531,-0.2942204585105544,46.25156488841029,,,,,,1.6562641233549897
532,-0.2940605909091503,46.27114891811529,,,,,,1.668595907514978
533,-0.3101397824171812,46.29808775220845,,,,,,1.6676211325454315
534,-0.3215722070701605,46.33009752935352,,,,,,1.690503101471494
535,-0.3011853245772248,46.36676016555351,,,,,,1.6903364573989796
536,-0.3243939805680767,46.37277843048735,,,,,,1.6846393564484554
537,-0.316299564377264,46.4086806351664,,,,,,1.6903650645357107
538,-0.2861153891740882,46.40981423841995,,,,,,1.677274142608233
539,-0.2580190557232689,46.4281720305193,,,,,,1.6921426264651191
540,-0.2781508059968898,46.38744708524627,,,,,,1.6928269994632086
541,-0.2636161759779941,46.385087204973516,1.5172760231150317,48.47730591466132,1.7512059002888747,44.52329260377157,3.960927221008715,1.7211887748866337
542,-0.2970662296258243,46.33823156611286,1.8468429591451356,48.47849079686859,1.9709171909756271,44.524082525243074,3.956354280610427,1.7216127257553069
543,-0.33090271694943213,46.29621653676085,1.8468429591451356,48.47849079686859,1.971707112447127,44.30437123455637,4.1759867309723555,1.7295836802539621
544,-0.3229201255360199,46.279337480775965,1.736197392330235,48.69780712681957,1.9724970339186263,44.08465994386962,4.61919521693701,1.7645948936137577
545,-0.35521967493949486,46.26314965029214,1.6263417469868835,48.69741216608383,2.192603285341154,43.97559421999774,4.7556510433167345,1.7892407687148248
546,-0.37025012301420246,46.27929180012403,1.6267367077226584,48.58755652074048,2.5213802998997084,44.19649039289174,4.481277596418633,1.8019255411876116
547,-0.3295696477645856,46.290587325282246,1.6263417469868835,48.69741216608383,2.413104497499356,43.756672850782515,5.002989167223694,1.8597898739293663
548,-0.26180476148212845,46.299039384898194,-0.12186952084889437,46.054557306070926,2.7434613550009597,43.53814644230309,3.8134557376987597,1.9154069342655897
549,-0.17091380455461064,46.29227747079151,-0.0116189147698183,45.94509662146329,2.963962567159211,43.31922507308783,3.968537078592896,1.9798004664471385
550,-0.11515634370885332,46.25476822709621,-0.0116189147698183,45.94509662146329,3.404570030739941,42.991237980000754,4.516151878000334,2.0565177123398635
551,-0.046956523986671564,46.22744127483579,0.09863169130930789,45.835635936855724,3.73453192750577,42.88256721686465,4.684056510393871,2.13412867425754
552,-0.008094177973479827,46.229336801806085,0.20730245444543502,46.165597833621575,3.844782533584946,42.773106532256996,4.973958037214506,2.2232463584752993
553,0.09761482088375216,46.280658354513825,0.31755306052456106,46.05613714901394,3.9550331396640215,42.6636458476494,4.973958037214485,2.305751024697479
554,0.18854692882653387,46.35769558763665,0.20611757223821078,46.49516476965167,4.064888785007373,42.66404080838515,5.4376121670349695,2.3769416180340994
555,0.2549308724671777,46.401417525407986,0.20572261150243604,46.605020414995025,4.064888785007373,42.66404080838515,5.515839357200303,2.420179281711581
556,0.32615526712401105,46.44414998185802,0.42543390218913874,46.605810336466526,4.065283745743148,42.554185163041794,5.446482665863258,2.453625781405629
557,0.3870116812758593,46.46551364893405,0.5344996260610407,46.825916587889054,3.84596741579222,42.44353959622689,5.49281776681848,2.471435681892695
558,0.4051252689111624,46.4693352957597,0.6451451928758913,46.60660025793803,3.7341369667700453,42.992422862208,4.754382023669488,2.450779112336678
559,0.42373839253484846,46.49291180475533,0.7565806811622416,46.167572637300324,3.6227014784836453,43.43145048284573,3.9624503616998865,2.4200990963717275
560,0.3886839029423523,46.52111796107841,0.8664363265056431,46.16796759803609,3.8416228476988983,43.65195169500393,3.8964176958073278,2.367447148153744
561,0.3555339216291055,46.56982239143348,0.975502050377495,46.3880738494586,3.951083532306524,43.762202301083065,3.9685370785929157,2.2978286627999185
562,0.3331104318780919,46.573203328468296,1.0857526564566211,46.278613164850945,4.059359334706826,44.20201984319227,3.6269238343935055,2.252927611794373
563,0.2829460505440307,46.560648913913546,0.9762919718489944,46.16836255877185,3.838858122548625,44.42094121240752,3.353768973686293,2.215944217026425
564,0.2500616662454495,46.51674226012709,0.8664363265056431,46.16796759803609,3.508896225782796,44.529611975543624,3.109148350439435,2.2016362567991203
565,0.2648656328423434,46.493502660916185,0.7565806811622416,46.167572637300324,3.178144407545418,44.85799402936647,2.7529923739982483,2.196203769089692
566,0.20674707615940616,46.46985682665949,0.7565806811622416,46.167572637300324,3.067893801466242,44.96745471397411,2.604313992201837,2.186300413067439
567,0.2240226569202761,46.441070636762184,,,,,,2.1693469221905812
568,0.2671809893756666,46.46355770967513,,,,,,2.1716037906573207
569,0.21934183382928024,46.43447524729035,,,,,,2.2046168449152064
570,0.14971482477172104,46.35767240545996,0.7561857204265168,46.27742828264367,3.7195234195471794,47.057081739912576,3.064185019293237,2.2598185736614234
571,0.10230146605536941,46.264782364548616,,,,,,2.2469161199743684
572,0.12689963276650176,46.25700871602351,,,,,,2.232856969411884
573,0.12748832188452144,46.22858959364856,,,,,,2.228308653669556
574,0.1132182351652191,46.19090611053313,,,,,,2.218200585498392
575,0.11574705838049043,46.17984685599268,,,,,,2.1866997186255954
576,0.09963255574148888,46.14628355009987,,,,,,2.138244603237896
577,0.07758747433159453,46.13330621428286,,,,,,2.113237904468498
578,0.022203421959745437,46.12603302540951,,,,,,2.0904324344763077
579,0.03483771624686065,46.15071235638394,,,,,,2.0676068643331247
580,0.03396896305491744,46.130820803919825,,,,,,2.078596212944889
581,0.03149116402214276,46.093004578431625,,,,,,2.085019675784497
582,0.07616010218192468,46.073080260689686,,,,,,2.084172644754981
583,0.06419701800925759,46.02916778564955,,,,,,2.090105573800704
584,0.041146574012742826,45.96508290541968,,,,,,2.106663024254623
585,0.09588762600937575,45.92069418097703,,,,,,2.1121587621577134
586,0.1721477461975019,45.9069999534601,,,,,,2.103499894814698
587,0.16622431496276355,45.8756229129444,,,,,,2.1147533765058255
588,0.17897104609105233,45.86572993673132,,,,,,2.131456499582746
589,0.17953863664135133,45.87019903546197,0.7506562701259707,47.81540731745084,2.0811677970547033,44.41462184063547,3.651794460619154,2.146927406370555
590,0.19276300151361406,45.89116384017185,0.8589320725263232,48.255224859560094,2.1910234423981048,44.41501680137122,4.064685147445664,2.164953366806622
591,0.2219400412437686,45.9226140054193,0.8569572688475995,48.804503086276924,2.301274048477231,44.305556116763626,4.7251005062762745,2.179635110782787
592,0.21687308938062966,45.91314931877044,0.7467066627684232,48.913963770884486,2.1914184031338797,44.30516115602787,4.829933079811661,2.199554588267138
593,0.2272949506959542,45.95820358183923,0.6380358996323462,48.58400187411868,2.301274048477231,44.305556116763626,4.5903659155237415,2.2130335993283134
594,0.2418223019027482,45.96598182301385,0.41832460894559353,48.58321195264718,2.301274048477231,44.305556116763626,4.673739192777096,2.245439574349612
595,0.23760291658433894,46.007472283372,0.19861331825889092,48.582422031175675,2.301274048477231,44.305556116763626,4.765791035731809,2.2764993508523608
596,0.2560450320335157,46.01179517576047,-0.021492933163636582,48.691487755047504,2.1910234423981048,44.41501680137122,4.81491770747598,2.3016161813180496
597,0.23074487112613912,46.00661422435357,0.19900827899461562,48.4725663858323,2.080377875583204,44.63433313132223,4.274527585008056,2.294893557450915
598,0.216875274403766,46.01640220640015,0.3096538458094664,48.253250055881324,2.520985339163984,44.30634603823515,4.5241616127203805,2.2831360388835344
599,0.2163550258560137,46.03654512359647,,,,,,2.255507553187461
600,0.13173482577557677,46.007868677306654,,,,,,2.261207458800329
601,0.11861909754138363,45.99414289716677,,,,,,2.2644887454665863
602,0.09078490915123294,45.97366411057741,,,,,,2.239396119056629
603,0.12663119480185966,46.01084210677658,,,,,,2.175020115012268
604,0.06371616236163911,45.93740485858282,0.6411955855183441,47.705156711371714,2.5198004569567094,44.63591297426525,3.598529335820287,2.1727504796546144
605,0.04328330444619756,45.87807003914363,0.6411955855183441,47.705156711371714,2.629261141564336,44.74616358034437,3.5648344989078224,2.138080917780503
606,0.025746911361626247,45.88661369974014,0.7506562701259707,47.81540731745084,2.629656102300061,44.63630793500099,3.692873305815311,2.108970214368318
607,0.02280278659181894,45.92201491609574,0.7490764271829218,48.254829898824326,2.739116786907687,44.74655854108013,4.033389214159924,2.1018473999695946
608,-1.6063045109168867e-05,45.94794149404686,0.9672078749266754,48.6950424016693,2.4075750471988093,45.29465188558963,3.6928733058153314,2.083866764565623
609,0.025791170031843193,45.91930537716262,0.8573522295833241,48.69464744093356,2.739116786907687,44.74655854108013,4.3736076424786745,2.0979724140028715
610,-0.008905277449167,45.92132153463024,0.9668129141909508,48.80489804701268,2.5178256532779355,45.18519120098211,3.9380094169530317,2.1221583518103806
611,0.035150090325595726,45.91294620141382,1.1869191656134284,48.6958323231408,2.629261141564336,44.74616358034437,4.204786980741477,2.1317468824884394
612,-0.02869006865658208,45.91220737005733,1.1869191656134284,48.6958323231408,2.2957445981766846,45.84353515157076,3.0602439436825053,2.1441212067037334
613,-0.006720616059730474,45.90652275722936,1.0766685595343022,48.80529300774843,2.2957445981766846,45.84353515157076,3.2028356165469907,2.1424300497895348
614,-0.03188349035340474,45.879714002312085,0.9668129141909508,48.80489804701268,2.2957445981766846,45.84353515157076,3.245878866994442,2.1753974817241195
615,-0.015024857290058213,45.906759091737946,0.8569572688475995,48.804503086276924,2.2953496374409097,45.953390796914114,3.193401617802401,2.1884988949024327
616,0.0034426882339512804,45.88794169526895,0.7478915449756975,48.584396834854424,2.298114362591183,45.18440127951058,3.736731266844545,2.1884441659924487
617,-0.05263832296398271,45.881944850540556,,,,,,2.2066556874463723
618,-0.031051679454594357,45.8924341870849,-0.021492933163636582,48.691487755047504,2.1854939920975585,45.952995836178374,3.517119457451697,2.228661351130399
619,-0.02200629273236438,45.90830709417498,,,,,,2.232017931708463
620,0.018689827515189994,45.935290691990076,,,,,,2.2124414194255566
621,-0.011316944632128572,45.93351325355566,,,,,,2.2077887601875146
622,-0.03567768302421903,45.90238094593341,-0.020703011692137088,48.47177646436078,2.075638346754157,45.95260087544262,3.2773301235813297,2.2022193295240338
623,-0.02749976892244249,45.9171033645565,-0.1305586570354884,48.471381503625025,1.9665726228823555,45.732494624020134,3.4495595290531558,2.204466781160114
624,0.0032432784749059813,45.91734748309904,-0.13016369629971375,48.36152585828165,1.8606665848965014,44.63354320985072,4.226258373020979,2.2034391329704968
625,-0.04056411943234937,45.897648809210544,-0.3498749869864664,48.36073593681015,1.8590867419535022,45.072965791224206,3.9609272210087054,2.217221085797454
626,-0.09606381173357251,45.86703462078305,,,,,,2.230429582536783
627,-0.05572863452680485,45.822699289473476,-0.24080926311461442,48.58084218823266,1.640560333474024,44.7426089337226,4.274527585008049,2.227757843984031
628,-0.03421764709380594,45.80884226480963,,,,,,2.245617249880455
629,-0.061881620581796644,45.79273790253321,,,,,,2.2720966147354984
630,-0.0532899250885971,45.78597275615564,,,,,,2.2803196923004143
631,-0.04110709102724415,45.823038038350525,,,,,,2.290377565343248
632,-0.004910222997369992,45.83205075814311,,,,,,2.276508371217128
633,-0.01476686877740047,45.80101246720091,,,,,,2.2098849946976764
634,-0.07496022205062429,45.784393829418164,1.4188742391084974,45.29109723896786,1.516881062379307,48.587161560004695,3.2975210910348136,2.1832828659394616
635,-0.10002706009381951,45.76557671354599,,,,,,2.1600633419704725
636,-0.1364091236116352,45.7433049953413,,,,,,2.1862514481119835
637,-0.19148108099815817,45.72803408677108,,,,,,2.207685035100144
638,-0.19185242594568575,45.689021251689624,,,,,,2.2078875629874726
639,-0.19568807916628683,45.68182780227638,,,,,,2.201267355838703
640,-0.18446047711569927,45.68641235654935,,,,,,2.18830465603684
641,-0.20608278448289483,45.69222849834673,,,,,,2.1920666055781797
642,-0.220176514416919,45.70329626872927,,,,,,2.184238569247213
643,-0.2279856577996175,45.72054051747121,,,,,,2.1594778284388614
644,-0.21465163538600096,45.75551833719794,,,,,,2.138298343004447
645,-0.19220332016642047,45.76666244580177,,,,,,2.1492684950396
646,-0.18317972674128175,45.83074838115063,,,,,,2.1156797425784584
647,-0.20975991071786118,45.834153522209704,,,,,,2.1038776675555906
648,-0.21894157768376374,45.88584450623336,,,,,,2.0814932697566295
649,-0.20335071451880574,45.88761044371914,,,,,,2.0845713243332824
650,-0.17645588324640615,45.89056515863537,,,,,,2.0900467134139116
651,-0.1674469499382911,45.87320384871312,,,,,,2.1038878700549772
652,-0.15461812518272108,45.85171236302915,,,,,,2.109315099820409
653,-0.14483641625034624,45.831312175146955,,,,,,2.1258210698722464
654,-0.09761385143334587,45.85326053404331,,,,,,2.151882199626985
655,-0.10747137246580853,45.839436517640465,,,,,,2.165195740550858
656,-0.10291125765650651,45.828943490470444,-0.34000096859264806,45.61434480322594,3.2801008381737247,47.055501896969574,3.896417695807342,2.2000745429348076
657,-0.11781138907486614,45.821481707923155,-0.34000096859264806,45.61434480322594,3.4990222073889776,47.27600310912785,4.183205382394756,2.241972519895955
658,-0.09630855203786239,45.834687369224625,-0.34000096859264806,45.61434480322594,3.3883766405740268,47.49531943907883,4.17598673097238,2.2753154242377334
659,-0.09890077426742487,45.83994205860789,,,,,,2.2930019152352816
660,-0.09088987224171681,45.87055069968735,,,,,,2.2681437741001442
661,-0.08026465830179227,45.868719730580246,,,,,,2.2531294001316167
662,-0.05714643172262385,45.8905458692456,,,,,,2.270375919321027
663,-0.06155884097728545,45.85345125837427,,,,,,2.2958392927569773
664,-0.06095981524326447,45.81095019718906,,,,,,2.3133179503026544
665,-0.04896346163021218,45.7144466385095,,,,,,2.3338924552572866
666,-2.867405522213359e-05,45.67395180551263,,,,,,2.327682855804105
667,0.019348397245287897,45.71165453079575,,,,,,2.293054278135188
668,0.022647284578404724,45.74504402416635,,,,,,2.297268755075056
669,0.04144499040882829,45.745971785363196,,,,,,2.312863999687204
670,0.04149741244429311,45.74926330595586,-0.8912539989882785,46.16164822626403,0.6447502321401167,46.7164559032814,1.6331321307603195,2.3182671837808626
671,0.03980423075368436,45.7784436287218,-0.7817933143806017,46.271898832343155,0.7557907596907423,46.38728392798707,1.541907424307548,2.3172270896777207
672,0.04993788080874292,45.78802259123407,-1.2208209350183823,46.16046334405678,0.8664363265056431,46.16796759803609,2.087270751391015,2.3207311117834415
673,0.03680662738348032,45.779829085267636,-1.3310715410974585,46.269924028664384,0.7569756418980164,46.057716991956944,2.09880272175436,2.3180368830041154
674,0.041121504937630435,45.79146251589277,-1.2212158957541073,46.27031898940013,0.8668312872414178,46.05811195269272,2.0988027217543754,2.3133644711156363
675,0.04925332671146945,45.76286139793745,-1.3314665018332332,46.37977967400778,0.757370602633741,45.94786134661357,2.1330245874197087,2.3153316313792995
676,0.04688144903282203,45.73810665418169,-1.2216108564898818,46.38017463474353,0.8688060909201913,45.50883372597589,2.2647467834861894,2.3026230934181804
677,0.028611739370218554,45.74090002483512,-1.4417171079123092,46.48924035861538,0.9798466184707672,45.179661750681554,2.752992373998234,2.281157466147614
678,-0.0009847835520297847,45.71726126426673,,,,,,2.252889475743449
679,-0.004864377262850658,45.718043382696045,,,,,,2.2488738693629906
680,-0.029249714037721565,45.69455428015942,,,,,,2.2408558815540696
681,-0.0487141610425605,45.694901867742196,,,,,,2.2082752421276197
682,-0.06002802414452437,45.721478360407964,,,,,,2.195431040359238
683,-0.08194723722706826,45.70912397632052,,,,,,2.1888810062673256
684,-0.08301856267902419,45.72573139651883,,,,,,2.186412882266163
685,-0.07754521711435906,45.736119246433795,,,,,,2.176207180740342
686,-0.0692302558322382,45.71470144939901,,,,,,2.17571131609321
687,-0.06093817946272167,45.734912372292676,,,,,,2.166876871247075
688,-0.05757404885527147,45.735150524230015,,,,,,2.1504617157247665
689,-0.06913591184487987,45.72765901528629,,,,,,2.1232889512182846
690,-0.07981643218525393,45.7251373022885,,,,,,2.108432909758168
691,-0.047742033651785705,45.708596869804886,,,,,,2.111330718848226
692,-0.027613608715898616,45.68796183391551,,,,,,2.134796530613805
693,0.03885819821961258,45.65378438014594,,,,,,2.165450661865688
694,0.03416287786544928,45.642977859736504,,,,,,2.1802265377080854
695,0.01623896737114589,45.646082179478014,,,,,,2.201403266087414
696,-0.013109151454129195,45.66962171918783,1.9811861701051705,41.66783574631553,2.6174123194917445,48.04183294064539,6.405671233094005,2.1912422681578896
697,-0.043805203922352966,45.68060357205438,1.8709355640260945,41.777296430923194,2.6174123194917445,48.04183294064539,6.308854509979846,2.161964121739421
698,-0.1048665611993985,45.734386319684035,1.8697506818188203,42.10686336695327,2.6174123194917445,48.04183294064539,5.9818777791842965,2.1303435658473355
699,-0.1895157160165988,45.79446721454513,-0.229750362513522,45.50488411861834,1.7595000757396941,42.21632405156089,3.843402739856383,2.1040891953664587
700,-0.24025350842325735,45.87992976575316,-0.3392110471211486,45.39463351253924,1.5378139813742178,42.76481235680618,3.2309723410668516,2.1327437891814407
701,-0.2812310354269123,45.92809266707998,-0.44906669246449993,45.39423855180349,1.4267734538235424,43.09398433210056,2.9681552738505936,2.1540196835854397
702,-0.28135838824230025,46.0020641919029,-0.6687779831512525,45.393448630331996,1.7555504683821468,43.314880504994555,3.19340161780241,2.1756470996375317
703,-0.3037682135594296,46.03371654679975,-0.9991348406528561,45.611975038811416,1.53465429548817,43.64365751955311,3.2084827010668717,2.1357019359065097
704,-0.2462121610548182,46.078308506145426,-1.1089904859962076,45.61158007807567,1.5334694132809454,43.973224455583214,3.109148350439435,2.1157139070685558
705,-0.2703342066584418,46.10051905682748,-1.3290967374186848,45.72064580194755,1.2039024772508415,43.972039573375966,3.077939044899301,2.0654474000607874
706,-0.27174746666463073,46.10902212864668,-0.9987398799170814,45.50211939346807,1.2039024772508415,43.972039573375966,2.681935422310393,2.0154813181368594
707,-0.2855592986284707,46.092861390883144,-0.9995298013885807,45.721830684154796,0.9834012650925394,44.1909609425912,2.505110332909741,1.9149974950606212
708,-0.2730278959347807,46.146510444427015,-0.671147747565751,46.05258250239218,1.0928619497001664,44.30121154867035,2.4857655620731256,1.7634974046972305
709,-0.21103227073425534,46.249144438447296,-2.1036157051227904,47.25586011160444,0.9826113436210401,44.41067223327795,4.197605443508764,1.673079093893569
710,-0.07652857226946547,46.33290675867138,-2.1036157051227904,47.25586011160444,1.0924669889643914,44.4110671940137,4.27876049007402,1.637163136296818
711,0.04295810730657811,46.37205064193727,-1.993365099043714,47.14639942699684,0.9818214221495407,44.6303835239647,3.8964176958073398,1.6101791958901985
712,0.11873707732909539,46.42508223363542,,,,,,1.6129963250168735
713,0.18909284379367988,46.48318318908085,-2.1036157051227904,47.25586011160444,2.7284528470423193,47.712660965351034,4.853612418890406,1.6530989041275648
714,0.22765737697411945,46.503956490636114,-2.1036157051227904,47.25586011160444,2.728057886306595,47.822516610694414,4.864788719161121,1.6254192964182599
715,0.20700380296627993,46.49181687830089,-1.9941550205152139,47.36611071768352,2.947769176993347,47.823306532165915,4.963027582705999,1.6272319861236129
716,0.2138494110966876,46.506779627997616,-1.5547324391417585,47.367690560626535,2.8383084923857207,47.71305592608678,4.406595722520385,1.6472242780535278
717,0.2687836170101154,46.560802275243795,-1.3350211484550059,47.36848048209804,2.72766292557082,47.93237225603779,4.10163087296505,1.6852344536860047
718,0.3149610276184275,46.61584812852999,-1.4452717545341318,47.47794116670569,2.617807280227469,47.93197729530204,4.08836887386521,1.6955321769866183
719,0.34965908287966907,46.65257889985236,-1.4456667152698566,47.58779681204907,2.72766292557082,47.93237225603779,4.187530600212927,1.7059768995925906
720,0.3847994173588307,46.671294981607545,-1.4456667152698566,47.58779681204907,2.8375185709142214,47.93276721677354,4.297054895613912,1.6961144635594716
721,0.3941222337013866,46.68551688833108,-1.4456667152698566,47.58779681204907,2.8375185709142214,47.93276721677354,4.297054895613912,1.690850226377536
722,0.42470967418777344,46.689575507778144,-1.4460616760056313,47.697652457392415,2.72766292557082,47.93237225603779,4.180319417661847,1.6873708996730656
723,0.4352911965755604,46.71385291676264,-1.33620603066228,47.69804741812817,2.617807280227469,47.93197729530204,3.9609272210086997,1.6653002946036521
724,0.4646122448544755,46.67942070971001,-1.3366009913980048,47.80790306347155,2.5079516348841175,47.931582334566286,3.8465414931274577,1.6431641884288828
725,0.49521422486908395,46.64515575796901,-1.3369959521337793,47.91775870881492,2.728057886306595,47.822516610694414,4.0661694217866815,1.6420515414818844
726,0.5528476129054111,46.547179706408514,-1.3369959521337793,47.91775870881492,2.618597201698968,47.71226600461528,3.9609272210086997,1.5920878610418305
727,0.6502213420598428,46.545031971439684,-1.3373909128695043,48.027614354158274,2.5091365170913917,47.60201539853618,3.870001000060345,1.5403001071750482
728,0.7520612255481733,46.523714613963136,-1.0086138983109496,48.248510527052275,2.3992808717479903,47.601620437800406,3.4687481245208924,1.5093947908879106
729,0.8447844045563461,46.51729429935009,-0.8991532137033231,48.35876113313138,-0.45736086791531944,47.7012071040142,0.7921854442017394,1.5109119214882523
730,0.9035786985939948,46.47746209549447,-0.6790469622808455,48.24969540925956,-0.23606973428556768,47.26257444411224,1.0819596223314756,1.5251379097354416
731,0.9488023396022971,46.46847414634274,-0.7889026076241968,48.2493004485238,-0.12621408894216635,47.262969404847986,1.188278166302605,1.5480619528529809
732,0.9831092451804254,46.47407025556413,-0.8991532137033231,48.35876113313138,-0.125424167470667,47.04325811416121,1.5261732633956158,1.5895907309332469
733,1.0506667636783675,46.481822462510955,-0.6798368837523451,48.46940669994628,0.7514461915974702,47.59569602676411,1.676884486843138,1.6316537304651615
734,1.1362593417806028,46.50408409509145,-0.4601255930655924,48.47019662141778,0.7522361130689694,47.375984736077335,1.6331321307603115,1.6963060193161927
735,1.2604606567068655,46.48469631809595,-0.24080926311461442,48.58084218823266,3.719128458811405,47.166937385256,4.204786980741486,1.7028453264634476
736,1.318038232686211,46.43244613194941,0.08836271217971482,48.69188271578329,3.8289841041548067,47.167332345991746,4.039369038368837,1.7359667623959867
737,1.4217913147393961,46.36010147777752,0.4175346874740941,48.80292324333391,3.828589143419082,47.277187991335104,3.7367312668445325,1.7709818981217738
738,1.4731239214694307,46.22850272391456,0.5273903328174954,48.80331820406966,3.828194182683307,47.38704363667843,3.5918156558387264,1.8141541253933644
739,1.4733681098777718,46.15891984848787,0.6372459781608467,48.8037131648054,3.8289841041548067,47.167332345991746,3.5867721490365985,1.8236736020160287
740,1.479382585767661,46.08556011866091,0.6372459781608467,48.8037131648054,3.4990222073889776,47.27600310912785,3.2440192971672173,1.8590759498502754
741,1.3802415470966953,46.049753188616336,0.9676028356624502,48.58518675632595,3.7187334980756805,47.27679303059935,3.046410028737248,1.9250872124365783
742,1.3323374123476726,46.06003638824271,1.187314126349203,48.585976677797454,3.718338537339906,47.38664867594267,2.8007984977616474,1.921446819408078
743,1.285600607203809,46.09821925072396,1.516881062379307,48.587161560004695,3.6084828919965544,47.38625371520693,2.4118411774731574,1.8620094765942106
744,1.239714550812893,46.159924255062975,1.5164861016435323,48.69701720534805,3.3887716013098017,47.38546379373543,2.2859626733114693,1.8120058640316943
745,1.1791119751568588,46.17939842981498,1.6267367077226584,48.58755652074048,3.3895615227813014,47.16575250304876,2.264746783486162,1.7682831693043934
746,1.1579712167637937,46.2339944922646,1.7369873138017344,48.478095836132844,3.5009970110677013,46.726724882411,2.485765562073147,1.7071692059618488
747,1.1699809077411798,46.27381229176368,1.8468429591451356,48.47849079686859,2.6197820839062422,47.38269906858516,1.3409677111551999,1.606600813781235
748,1.194730451687099,46.26578510602053,,,,,,1.544091677150613
749,1.2175351985951555,46.27605451775665,1.9563036437527623,48.588741402947726,2.5107163600343907,47.162592817162725,1.530121971841241,1.5179755905246706
750,1.1965801684682202,46.24403786848694,,,,,,1.4882289270800764
751,1.1795832693184598,46.23327309988817,1.736197392330235,48.69780712681957,2.5107163600343907,47.162592817162725,1.719523948047435,1.4681365325692928
752,1.1790987716323205,46.226510330177675,,,,,,1.4615833103335891
753,1.1693091174120245,46.22118707209201,1.6263417469868835,48.69741216608383,2.5107163600343907,47.162592817162725,1.7713805040209447,1.4589938228974804
754,1.1816644400810015,46.20448826241274,,,,,,1.462117433292926
755,1.178774018636153,46.1783281939539,1.5164861016435323,48.69701720534805,2.4004657539552645,47.27205350177031,1.6768844868431334,1.4720966374033764
756,1.1813641823539696,46.09571987104466,1.4066304563001308,48.6966222446123,2.2906101086119133,47.271658541034554,1.6768844868431334,1.4816636094114253
757,1.176352836071266,46.02566124699633,,,,,,1.4800931188326547
758,1.1900774758427646,45.985568987189254,1.4066304563001308,48.6966222446123,2.842258099743268,46.6144994726531,2.529083226809472,1.4817437587903006
759,1.1765570884662342,45.92962518866567,,,,,,1.4735915350170599
760,1.1724071055843992,45.89428450016614,,,,,,1.4807921623967506
761,1.1682667107856397,45.85314327581258,1.2963798502210546,48.806082929219926,2.402440557633988,46.72277527505345,2.358715979169911,1.4692854705167893
762,1.156557058910065,45.833953644314356,0.7617151707270632,44.73944924783655,1.2963798502210546,48.806082929219926,4.101630872965032,1.477965337842319
763,1.1251996952832268,45.82979830734906,0.7621101314627879,44.62959360249318,1.2963798502210546,48.806082929219926,4.210523391295217,1.496810740659812
764,1.0873407989453403,45.83688212121442,1.2963798502210546,48.806082929219926,1.6283165506656572,48.148133939367,0.7369388348774694,1.5129141689880012
765,1.0554902622349684,45.87365317091958,,,,,,1.535587122323025
766,1.0183755638290628,45.820193355149996,,,,,,1.5154170026227307
767,0.9923848564789238,45.71173491555746,,,,,,1.5042816338866014
768,0.9869081803324891,45.681594008646336,,,,,,1.5278410852056001
769,0.9484501575005511,45.644729163532446,,,,,,1.5613832839174253
770,0.9422353168440829,45.655125597759906,,,,,,1.578670885710704
771,0.9298677880809927,45.614932977679615,0.7467066627684232,48.913963770884486,1.737777235273234,48.25838454544612,1.188278166302609,1.6213861509995542
772,0.8982368265549951,45.613261169234136,0.7471016235041981,48.80410812554115,1.737777235273234,48.25838454544612,1.1310404031800978,1.6601641171900077
773,0.8560414651327636,45.59329326856852,0.967997796398175,48.47533111098257,1.407815338507405,48.367055308582195,0.45294935669723,1.686849736960501
774,0.832295761299239,45.519019725545576,,,,,,1.6805274958589638
775,0.8301984254112225,45.46994744879872,,,,,,1.6621126627507814
776,0.8130204454367211,45.46653570339618,,,,,,1.6558637491530102
777,0.8157978432056078,45.463771951299,,,,,,1.6565161621343085
778,0.8297495376107874,45.51468804544762,,,,,,1.660967273187123
779,0.8269618431953393,45.53924401232989,,,,,,1.661186382410366
780,0.8058669860566239,45.52782909222483,,,,,,1.6670759729254299
781,0.8114308340381106,45.56049700511335,1.4070254170359056,48.58676659926895,1.6291064721371569,47.92842264868027,0.6947925966154292,1.675749249629665
782,0.7978599772537117,45.59619471989937,1.4070254170359056,48.58676659926895,1.738962117480508,47.928817609416015,0.7369388348774694,1.6730494891786847
783,0.755743159776133,45.591580175330115,,,,,,1.6342150318325892
784,0.7461623595281461,45.60062501716992,,,,,,1.645130867657081
785,0.735890761073675,45.6040957785298,,,,,,1.6759818400608302
786,0.7465721320062675,45.59317525793027,,,,,,1.7073686850768768
787,0.785452169451926,45.61484293292638,,,,,,1.7504381949590202
788,0.8275556831022373,45.70787396462899,,,,,,1.7833349826905927
789,0.8909523895427178,45.752525769550964,,,,,,1.8258125294639747
790,0.9723579602436432,45.814102776495446,,,,,,1.8903679577953647
791,0.9969640714381386,45.81284032055789,1.1967931840072465,45.94944118955659,1.188499008556427,48.25640974176734,2.30698346206375,1.9851736159916737
792,1.0471951351607205,45.819003940773825,1.0865425779281204,46.05890187416422,1.0782484024773011,48.36587042637495,2.30698346206375,2.0311217715608434
793,1.110278297519383,45.8344857306459,1.1960032625357473,46.16915248024335,1.1877090870849276,48.476121032454074,2.30698346206375,2.0500148146266883
794,1.1822186896824234,45.84572941339685,,,,,,2.0963142738242015
795,1.2654469752270627,45.827611430771235,0.9676028356624502,48.58518675632595,1.3054639471433735,46.279403086322446,2.3304052144435654,2.1635971075564004
796,1.3924321370560018,45.79538242133359,1.077063520270027,48.69543736240505,1.41492463175095,46.389653692401595,2.330405214443535,2.232794167438146
797,1.4695727065899373,45.747591545283626,0.20690749370971023,46.27545347896493,0.857747190319099,48.5847917955902,2.3992990166538473,2.2882916542748224
798,1.5092271620140683,45.67492108855929,0.09665688763053427,46.38491416357258,0.857747190319099,48.5847917955902,2.327814435194063,2.3226852809339564
799,1.5274754348304789,45.60932440763428,0.09665688763053427,46.38491416357258,0.7478915449756975,48.584396834854424,2.2938680433269383,2.3273571927029386
800,1.5514736823214241,45.54816396909606,,,,,,2.332363768463106
801,1.529384203391738,45.501241375122156,,,,,,2.3572391343120547
802,1.4692574265971314,45.46302822489876,,,,,,2.3714981355172386
803,1.4252890762043944,45.41304732427386,1.0766685595343022,48.80529300774843,1.4117649458649526,47.268498855148536,1.572903638369816,2.4138984051017425
804,1.4067818842047342,45.351152642855354,0.9672078749266754,48.6950424016693,1.3015143397858262,47.37795953975611,1.3588480700917194,2.479465875371413
805,1.4083464362125573,45.34849164050153,1.077063520270027,48.69543736240505,1.191658694442475,47.377564579020365,1.3228456928643144,2.527287154906453
806,1.3666487584747913,45.35371378917442,,,,,,2.5648853396532485
807,1.3290815640419869,45.341994264399204,,,,,,2.611172852281678
808,1.3366570172266203,45.30504795019729,,,,,,2.6773500649700055
809,1.3119761603772488,45.241644746677885,,,,,,2.7291871788369524
810,1.272876811951988,45.21316627646353,0.8569572688475995,48.804503086276924,1.9649927799393063,46.17191720539362,2.856265238745586,2.7352440668455356
811,1.2517879313978573,45.19018787150363,1.0766685595343022,48.80529300774843,3.173799839452146,46.06640612814352,3.4495595290531558,2.7695742896148086
812,1.2852013171414554,45.21198951691549,1.0766685595343022,48.80529300774843,3.6144073030328756,45.73841903505644,3.9806825915449426,2.758997353727121
813,1.2649916955134448,45.23360020506275,,,,,,2.6961249392529982
814,1.2179168084906544,45.261115251144474,0.9668129141909508,48.80489804701268,3.5073163828397473,44.96903455691712,4.60087019908892,2.582851599530298
815,1.2614377341610923,45.345792645047126,1.1865242048777034,48.80568796848418,3.288000052888769,44.85838899010225,4.471841898424974,2.4586753617093473
816,1.2744654796469794,45.40214273855938,1.2963798502210546,48.806082929219926,3.1777494468096434,44.96784967470985,4.274527585008049,2.3282543973935796
817,1.3208631662329888,45.46098772309713,1.2963798502210546,48.806082929219926,3.0682887622020165,44.85759906863072,4.327838489325939,2.193788105990877
818,1.3995811289190945,45.48420768065485,1.2963798502210546,48.806082929219926,3.178144407545418,44.85799402936647,4.373607642478702,2.0953194914606073
819,1.4726232080605666,45.46203974829996,,,,,,2.0526019333413843
820,1.5196413540223155,45.42427958634382,,,,,,2.014820815269631
821,1.5165845532085953,45.40637182317601,1.2963798502210546,48.806082929219926,3.2844454062669968,45.84708979819256,3.5648344989078313,1.9924902681581047
822,1.5388319675185882,45.347501320771435,1.2963798502210546,48.806082929219926,3.394301051610348,45.84748475892831,3.626923834393498,2.00947678394202
823,1.5348714483839956,45.309142179087836,1.2963798502210546,48.806082929219926,3.284050445531222,45.95694544353591,3.4739629830771888,1.9982327690373856
824,1.5038122433113974,45.28830408143726,1.2963798502210546,48.806082929219926,3.283655484795497,46.06680108887929,3.384217701122853,2.0055589597692176
825,1.4939154843502107,45.277706050308296,1.2963798502210546,48.806082929219926,3.283655484795497,46.06680108887929,3.384217701122853,2.008163799850907
826,1.5278409539004005,45.24891566949591,1.1869191656134284,48.6958323231408,3.06354923337297,46.175866812751146,3.141968584307082,2.0870831890946167
827,1.5232050267325057,45.25057446148078,1.1869191656134284,48.6958323231408,2.07840307190443,45.18361135803908,3.6235948535778735,2.1100115012949905
828,1.553445807382232,45.27320030600458,1.0774584810058017,48.5855817170617,2.1882587172478316,45.18400631877483,3.5783505075754825,2.0780179807515604
829,1.5547316893078968,45.292141921525136,1.187314126349203,48.585976677797454,2.1882587172478316,45.18400631877483,3.546165872843188,2.0883629386515863
830,1.5640891669870425,45.29726361119256,1.187314126349203,48.585976677797454,2.077613150432931,45.403322648725805,3.3048326767100344,2.1008987261855903
831,1.5267081320424634,45.30113645607712,1.1877090870849276,48.476121032454074,3.172219996509147,46.505828709517,2.7964862573322753,2.13236768690553
832,1.4535536016288277,45.29036921380295,1.1877090870849276,48.476121032454074,3.061969390429971,46.615289394124595,2.6411259097027058,2.1441513757593214
833,1.4322276407000325,45.275823078417005,1.1877090870849276,48.476121032454074,3.171825035773372,46.61568435486035,2.7199155739058534,2.1557776865251257
834,1.3762291627552976,45.2830146026534,1.1877090870849276,48.476121032454074,3.3911413657243004,46.72632992167525,2.8136955659613543,2.1639202547979908
835,1.3626234368503118,45.25788021477981,1.1881040478207023,48.3662653871107,3.3911413657243004,46.72632992167525,2.7464088834092206,2.1482387159116154
836,1.335839654130982,45.25247647509987,1.1881040478207023,48.3662653871107,3.3911413657243004,46.72632992167525,2.7464088834092206,2.1233954551324628
837,1.353613812690977,45.210966562581355,0.9687877178696745,48.25561982029584,3.2812857203809487,46.7259349609395,2.7726490547061005,2.1475065429014033
838,1.429715426428555,45.15155312118908,0.9695776393412239,48.035908529609095,3.3903514442528,46.946041212361976,2.6547987840417697,2.1835664963660357
839,1.4937002783725277,45.14079493648507,0.9707625215484481,47.706341593579,3.3903514442528,46.946041212361976,2.536230909154829,2.2573527919424428
840,1.5181725720875945,45.105137797448464,0.9715524430199475,47.486630302892266,3.5002070895962016,46.94643617309773,2.585711511270349,2.3084050235909603
841,1.5290770912414164,45.043464237301485,0.8616967976765962,47.48623534215652,3.499812128860477,47.056291818441075,2.67292048782077,2.3751834245288106
842,1.6429826430675538,44.93223579589011,0.9719474037557223,47.37677465754886,3.499812128860477,47.056291818441075,2.5480991579197454,2.466874269512289
843,1.7452625372256927,44.828339998087266,0.972342364491497,47.26691901220554,3.6092728134680536,47.16654242452025,2.6388402096555876,2.536139579117217
844,1.7614654197176212,44.72527661332204,1.081408088363299,47.48702526362801,3.5002070895962016,46.94643617309773,2.478472346661432,2.5875574626551616
845,1.7357479477979112,44.620385692714386,0.8609068762050969,47.705946632843236,3.389956483517076,47.05589685770532,2.6112557566047827,2.6405022819385513
846,1.6243134152465937,44.60317114419542,0.7498663486544712,48.03511860813757,3.2801008381737247,47.055501896969574,2.7132518262690524,2.705292744815234
847,1.5015108588217645,44.62977396902893,0.7490764271829218,48.254829898824326,3.1706401535660977,46.945251290890454,2.7529923739982483,2.799267110001891
848,1.4449846979129826,44.72051993827816,0.6380358996323462,48.58400187411868,3.280890759645224,46.8357906062829,3.168741776806949,2.8602502262941707
849,1.3560015287067853,44.741709860084654,0.4179296482098188,48.69306759799053,2.949743980672121,47.274028305449086,2.9023708115672755,2.833440253894633
850,1.2599187403721808,44.79237656386214,0.08875767291548961,48.58202707043993,3.0599945867511975,47.164567620841474,3.2920267449393297,2.730133695361848
851,1.423781162228859,44.79826029387534,-0.1305586570354884,48.471381503625025,2.9493490199363466,47.3838839507924,3.2662642615206208,2.6332516721721797
852,1.5525937656167637,44.78052791607854,-0.4593356715940929,48.25048533073105,3.0595996260154728,47.274423266184826,3.651794460619115,2.5514695306436703
853,1.4759853574382176,44.81365736480961,-0.6778620800735714,47.92012847322945,2.9489540592005716,47.49373959613581,3.6517944606191315,2.500525488962309
854,1.4740421136341164,44.87351992280386,-1.006639094632176,47.69923230033542,3.058809704543923,47.49413455687156,4.070618997535437,2.4454511350367554
855,1.5317325421136028,44.86823018451802,-0.8955985670815504,47.37006032504104,2.6197820839062422,47.38269906858516,3.5154033707638095,2.3911708195425962
856,1.581655244802949,44.86785121009974,-0.5648467488441723,47.04167827121821,2.618992162434743,47.602410359271936,3.2328394156757456,2.3420122820432114
857,1.6178379327392616,44.89090915035744,-0.7841630787951502,46.931032704403364,2.8387034531214956,47.60320028074344,3.684694174387396,2.281346225422021
858,1.677444805659192,44.91342970177012,0.22033615872530124,42.54036153729046,2.3984909502764906,47.82133172848714,5.712530477491183,2.2313098329917485
859,1.6412760198483436,44.96633300212385,0.7688244639706083,42.7620476316559,2.508346595619892,47.821726689222906,5.350354138940668,2.182665897593883
860,1.6003563924273343,45.03774989559927,,,,,,2.1581321877910615
861,1.5655808275571086,45.02529511315687,0.4274087058679124,46.056532109749696,2.8379135316499964,47.82291157143016,2.988415954609562,2.124038705677656
862,1.505664455238911,44.98993370602781,-1.001899565803129,46.38096455621503,3.0580197830724236,47.71384584755828,4.273115684858888,2.0859974538209034
863,1.4584303802356238,44.9790960077256,-1.2220058172256067,46.49003028008688,2.8379135316499964,47.82291157143016,4.2731156848588965,2.085109834628061
864,1.4959300289310598,44.93776189549341,-1.5519677139914854,46.59870104322298,2.728057886306595,47.822516610694414,4.451555198174238,2.0696982149857357
865,1.490069986182494,44.90929649763884,-0.23014532324929673,45.614739763961694,2.8379135316499964,47.82291157143016,3.7800804050210353,2.056826087879117
866,1.4554179710054558,44.86136019534398,,,,,,2.060259376793782
867,1.401014599342337,44.805425912503146,-1.333046344776232,46.819202255381256,3.1670855069443253,47.93395209898079,4.636146449010738,2.0559670025573853
868,1.328570945729597,44.78495925769141,-1.222795738697156,46.70974157077361,3.3867967976310283,47.93474202045231,4.769587975148917,2.058560880477422
869,1.2432472657269802,44.72442262843821,-1.2220058172256067,46.49003028008688,3.2773361130234515,47.824491414373185,4.693065557204359,2.064440871611692
870,1.2815022059601835,44.61486033417136,-1.7689142795279151,45.8289216043479,3.497837325181704,47.60557004515796,5.558340772923516,2.0153841191190267
871,1.2331411892591422,44.582391167199106,-1.9874406880073932,45.4985647468463,3.498627246653203,47.38585875447118,5.801622191674315,2.0255719387237496
872,1.1571418714760944,44.5341802844992,-2.205967096486922,45.16820788934472,3.4990222073889776,47.27600310912785,6.0819161163138435,2.045436349772184
873,1.10251105578397,44.48200290573769,-2.5363239539885254,45.38673429782417,3.6084828919965544,47.38625371520693,6.461944682133641,2.0671174956664293
874,1.0051475700172683,44.42863363883023,-2.53671891472425,45.49658994316752,3.718338537339906,47.38664867594267,6.534375696419888,2.1051126786735925
875,0.9831790955447073,44.3744929302727,-0.5526029660358556,43.63615326557382,3.71794357660413,47.49650432128608,5.756724593568208,2.1508239630092483
876,0.8496653000409405,44.27632869326393,-1.9838860413856207,44.509863938755956,3.497837325181704,47.60557004515796,6.2954497349104805,2.182841683385437
877,0.8537009483842908,44.17990944891579,-2.094926568936246,44.839035914050335,3.3875867191025275,47.71503072976556,6.191065993311886,2.1792538003169977
878,0.8735094734300344,44.121046927743045,-2.42449350496635,44.837851031843094,3.4966524429744297,47.93513698118806,6.682301219551927,2.177613490367556
879,0.8255042881815213,44.06668284497131,-0.4439322028996784,43.96611516233967,3.387191758366803,47.82488637510894,5.437612167034979,2.2072002380590146
880,0.7544211142469771,44.01074914769382,-0.11515518834112394,44.18701133523365,3.4966524429744297,47.93513698118806,5.205151316099266,2.2376444460717906
881,0.828266608104692,43.92471769903075,-2.6406501490313303,43.84836030228123,3.276941152287677,47.93434705971656,7.191187286629571,2.1927692274976667
882,0.8832194943168875,43.85308965966647,-2.5300045822164794,43.629043972330244,3.387191758366803,47.82488637510894,7.253847668787013,2.1816478517461775
883,0.9900774574460961,43.845627457231295,0.8707808945989151,44.959555499259054,3.3875867191025275,47.71503072976556,3.7318836134303823,2.1291485719669243
884,1.0400935456863576,43.84554556705451,0.7609252492555137,44.95916053852328,3.3875867191025275,47.71503072976556,3.8071210892426883,2.089429953066882
885,1.0261077843951483,43.90139720576333,-2.4165942902513056,42.640738124975734,3.387191758366803,47.82488637510894,7.781987251177734,2.100516564181667
886,0.9596514102107,43.90287189767661,0.7601353277840144,45.17887182921003,3.387191758366803,47.82488637510894,3.728648343109699,2.0729959365018127
887,0.8622122118610205,43.920322522533574,0.8699909731274158,45.17926678994581,3.387191758366803,47.82488637510894,3.6517944606191186,2.026789927694673
888,0.8032299163497623,43.93775518233592,0.8711758553346899,44.84969985391568,3.387191758366803,47.82488637510894,3.896417695807342,1.9745050234075163
889,0.7760984763747177,43.92697080121776,-2.750110833638907,43.73810969620213,3.277731073759176,47.71463576902981,7.2213321256166525,1.9730236424213694
890,0.6689873444476637,43.86980659721791,-2.640255188295556,43.73850465693788,3.277731073759176,47.71463576902981,7.129668997815681,2.0095983126182277
891,0.5842958164218289,43.793628490453244,-2.530794503687979,43.84875526301697,3.3867967976310283,47.93474202045231,7.191187286629552,2.0481340654248217
892,0.5852622865236726,43.7427343784645,-2.531584425159479,44.06846655370373,3.2773361130234515,47.824491414373185,6.917462003718541,2.0483478222556575
893,0.5804203343130744,43.70264557768296,-2.311478173736951,43.95940082983187,3.276941152287677,47.93434705971656,6.857888019934417,2.0129875207139287
894,0.5698263845382613,43.711090317621306,-1.982306198442622,44.0704413573825,3.276941152287677,47.93434705971656,6.526059298894939,1.9510543303987542
895,0.5641631039916627,43.72924521488207,1.974076876861625,43.64523736249614,3.058809704543923,47.49413455687156,3.9988316944230844,1.7886003865183984
896,0.5806991602944103,43.72179486897656,1.8650111529897735,43.42513111107369,2.730032689985369,47.27323838397758,3.9441338520950473,1.7028842947303648
897,0.6129357768941611,43.670867938854386,2.292584912290637,46.7223803143177,2.5269097502002547,42.658511358084624,4.070618997535422,1.6036836567671438
898,0.5331906932298919,43.64099061668739,1.8543472131244558,46.391233535344625,2.855686764758859,42.879407530978625,3.6517944606191444,1.5328122434600255
899,0.49942058213361334,43.55102650858421,1.3070437900863725,45.839980504949,3.4053599522114406,42.771526689313994,3.7173027230668594,1.563226982706037
900,0.40651727446808833,43.521242660107276,0.7597403670482894,45.28872747455333,3.404570030739941,42.991237980000754,3.5033672270435567,1.5780462431589424
901,0.3757763562080654,43.45773974857387,0.43333311690418336,44.40869742959918,3.2951093461323144,42.880987373921656,3.2440192971672173,1.6172004591515259
902,0.4973727592791798,43.417962252843914,,,,,,1.7524537366980089
903,0.576611505945132,43.4873897125739,0.2195462372538017,42.76007282797716,2.6383452384866546,42.21948373744692,2.4784723466614187,2.0056254635732977
904,0.36952320095122204,43.656472231606024,0.10929563117462576,42.86953351258481,3.9542432181925227,42.88335713833615,3.8449724367729115,1.9718974854640352
905,0.43965686425777895,43.83314815482727,-0.0009549749044504477,42.97899419719238,3.9546381789282967,42.77350149299274,3.960927221008702,2.0609421734870574
906,0.5959705973553917,43.93194748469932,-0.1112055809835765,43.08845488180001,3.9546381789282967,42.77350149299274,4.078024168287306,2.090866808534783
907,0.5559523722050858,43.970427100298394,0.21678151210352864,43.529062345380765,3.9542432181925227,42.88335713833615,3.792829447640157,2.037979864669858
908,0.5064463151395303,43.92821095481335,0.21678151210352864,43.529062345380765,3.9542432181925227,42.88335713833615,3.792829447640157,2.003277210347605
909,0.4804093650944425,43.86171588323646,0.32663715744688,43.52945730611652,4.064493824271649,42.7738964537285,3.813455737698769,1.9671080710008992
910,0.5116618225990626,43.773298586526145,,,,,,1.945110071024877
911,0.5017797969692015,43.727119190509576,,,,,,1.939132371689668
912,0.4685694396366548,43.70565608873224,,,,,,1.9363579839284988
913,0.46115543802142395,43.71856085958783,,,,,,1.9459871808547822
914,0.422016325822886,43.751156050279356,4.0640988635358735,42.8837520990719,4.172769626672052,43.21371399583777,0.3473962983077194,1.9465517712407787
915,0.47680748949401064,43.765425071844795,-0.22224610853425203,43.41762685709436,4.172374665936276,43.32356964118113,4.3956272034003,2.008599984923841
916,0.4635822814632253,43.80993064705236,-0.3324967146133281,43.527087541701995,4.0640988635358735,42.8837520990719,4.4434145844772805,2.014772575582263
917,0.4335625779759735,43.86430826240116,-0.22303603000575162,43.63733814778107,4.064493824271649,42.7738964537285,4.3736076424786905,2.0066820661438673
918,0.40999450321508113,43.90786292951911,-0.002534817847499342,43.41841677856586,4.0640988635358735,42.8837520990719,4.101630872965045,1.9879760011222505
919,0.4451522211397918,43.94184739480397,-0.11278542392657538,43.527877463173496,4.063703902800149,42.99360774441525,4.210523391295229,2.0237454116100193
920,0.4569304972689208,43.97989017077849,0.10771578823162677,43.308956093958265,3.953848257456798,42.9932127836795,3.859070977426243,2.059749358508096
921,0.5048139376140466,43.99266863936324,0.10771578823162677,43.308956093958265,3.9546381789282967,42.77350149299274,3.884008690739275,2.0914080178126206
922,0.5144251694442976,43.99993215882897,0.21757143357502806,43.30935105469401,3.9550331396640215,42.6636458476494,3.792829447640157,2.1125119670493797
923,0.4928011852948747,44.01155876923241,0.10771578823162677,43.308956093958265,3.845572455056445,42.5533952415703,3.813455737698762,2.1323296147137287
924,0.4562919849143117,44.02957860089683,0.2183613550465276,43.08963976400728,3.845572455056445,42.5533952415703,3.6666358630055815,2.1648576469282235
925,0.46442535237081656,44.01998178334638,0.10850570970312624,43.089244803271534,3.7369016919203184,42.22343334480444,3.7302663290149276,2.2074988487403435
926,0.4931792564017519,44.01378989303614,0.21915127651802704,42.869928473320556,4.5007567197591065,43.654321459418455,4.352863141454267,2.2295520354454053
927,0.5072876759801958,43.98119441324008,0.2195462372538017,42.76007282797716,4.500361759023382,43.76417710476183,4.396999764621378,2.235461379263936
928,0.5402539659752076,43.96719794909412,0.32940188259715303,42.76046778871291,4.609032522159458,44.09413900152769,4.482623931914363,2.215319546513766
929,0.5278608183772008,43.988422865620024,0.3297968433328778,42.65061214336955,4.609427482895233,43.98428335618431,4.482623931914355,2.2137016297597563
930,0.5042765644124745,44.009871733126445,0.3297968433328778,42.65061214336955,4.609032522159458,44.09413900152769,4.516151878000348,2.215132586374485
931,0.5011638719009273,44.02200761189466,0.3301918040686526,42.540756498026205,4.608637561423684,44.20399464687104,4.590365915523764,2.2419121140128984
932,0.5260068185932479,44.04753624985185,0.3301918040686526,42.540756498026205,4.607452679216459,44.53356158290114,4.718710915109502,2.2633106259468296
933,0.5820771233637393,44.06581565397782,0.21994119798952647,42.65021718263381,4.497202073137334,44.64302226750879,4.718710915109501,2.291369432840226
934,0.6180052394377421,44.05364600128656,0.22033615872530124,42.54036153729046,4.497202073137334,44.64302226750879,4.765791035731822,2.294739540612622
935,0.6575459428646488,44.04361068777321,0.33058676480442717,42.430900852682804,4.497597033873108,44.533166622165396,4.667279287557359,2.278160811241661
936,0.62992135782537,44.04291697400833,0.22073111946107585,42.43050589194705,4.498386955344608,44.31345533147869,4.673739192777128,2.26824523501729
937,0.6065119639442285,44.02380077055983,0.22073111946107585,42.43050589194705,4.279860546865129,43.983098473977066,4.345926303354927,2.2663317680666766
938,0.5999304718438582,44.0116086940661,0.330981725540152,42.32104520733943,4.390111152944206,43.87363778936944,4.345926303354942,2.274746398559936
939,0.6171080874079309,44.0021181394109,0.22112608019680063,42.32065024660368,4.390111152944206,43.87363778936944,4.448843315377227,2.275797675898065
940,0.6023744924370033,43.994377414280535,0.33137668627592676,42.21118956199609,4.38971619220848,43.983493434712805,4.428451260052399,2.281341256760627
941,0.5866028989520831,44.00058019284761,0.33137668627592676,42.21118956199609,4.390111152944206,43.87363778936944,4.386007248012499,2.276600351775474
942,0.5432341066179435,44.021559960924485,0.22112608019680063,42.32065024660368,3.4073347558902145,42.22224846259719,3.1877278171386574,2.256975135478754
943,0.5377077443832478,43.995902941313965,0.22112608019680063,42.32065024660368,3.2970841498110883,42.33170914720477,3.0759779494183386,2.2852229537285216
944,0.5895155516959898,43.973667370798296,-0.8821699020659596,43.63496838336655,3.1868335437320123,42.441169831812374,4.240512235993187,2.3497643835875173
945,0.5782530806316495,43.940375613761304,0.3317716470116515,42.10133391665272,1.9776315234833979,42.656536554405854,1.7369814915385875,2.3894886135854194
946,0.48454039486501066,43.973321478793295,-1.1030660749598866,43.96374539792515,1.5417635887317152,41.66625590337252,3.5033672270435763,2.44337412750657
947,0.3439772545669566,44.05847118290492,-1.4326330109899905,43.9625605157179,1.3248170231952356,40.896476464497454,4.123639424122438,2.457708973393025
948,0.19104221612703776,44.12669274562971,-1.542488656333392,43.96216555498215,1.6547789199611143,40.78780570136135,4.505450081257545,2.4087239179894517
949,0.018308402001730555,44.16601226972738,-1.6519493409410186,43.851914948903,1.6547789199611143,40.78780570136135,4.508127912151473,2.3617453269655195
950,-0.09664497629110431,44.16863374480326,-1.8720555923634958,43.96098067277487,1.6543839592253398,40.89766134670473,4.6711563027247545,2.324560279045354
951,-0.16467896962588063,44.12075589059734,-1.7618049862843699,43.851519988167254,0.11127043485339927,42.32025528586793,2.4193352644432076,2.2990858109921137
952,-0.2316416608717323,44.02167063779271,-1.7618049862843699,43.851519988167254,0.22152104093257544,42.210794601260346,2.5740166909864772,2.284235900363966
953,-0.1999790229791064,43.796610149946375,0.22191600166830017,42.10093895591698,1.3279767090812835,40.01763130175052,2.358715979169911,2.3321227041132926
954,-0.2413728226103871,43.632413678625795,0.22191600166830017,42.10093895591698,1.1090553398660303,39.7971300895923,2.4687145436308042,2.387802987352059
955,-0.28528627212212776,43.51184101329627,0.11206035632489887,42.100543995181226,1.1106351828090293,39.357707508218816,2.9189559226374286,2.4210375777944955
956,-0.31092260497453544,43.41756322594375,0.11206035632489887,42.100543995181226,1.0015694589372273,39.137601256796316,3.0935830544173313,2.4584150491403602
957,-0.3437679690968644,43.33001798948616,0.11206035632489887,42.100543995181226,1.0031493018802262,38.69817867542283,3.5171194574517175,2.4750164569876802
958,-0.330540436611354,43.26361419676922,0.0018097502458227232,42.210004679788824,1.0035442626159512,38.58832303007948,3.7576654993646095,2.499937023680982
959,-0.3495742154826245,43.27131788900746,0.002204710981547457,42.10014903444545,1.0035442626159512,38.58832303007948,3.6517944606191484,2.502322750310186
960,-0.3425811517938143,43.31193582260805,0.002204710981547457,42.10014903444545,0.893293656536875,38.697783714687084,3.5171194574517175,2.4776531276721636
961,-0.3087291659322706,43.31750366290792,-0.10804589509752861,42.20960971905308,0.8928986958011002,38.80763936003046,3.546165872843217,2.475476970057894
962,-0.2759025933480455,43.31023471442155,-0.10804589509752861,42.20960971905308,1.0027543411444515,38.808034320766204,3.5783505075755104,2.485433549391121
963,-0.29600714303467834,43.37599184140689,0.002204710981547457,42.10014903444545,0.8925037350653754,38.91749500537384,3.3048326767100344,2.4530955093302316
964,-0.298376665698753,43.38924719236628,0.0018097502458227232,42.210004679788824,1.2220706710954794,38.918679887581085,3.5102500769537914,2.4477052338136827
965,-0.3308179302513906,43.42047522270407,0.0018097502458227232,42.210004679788824,1.2220706710954794,38.918679887581085,3.5102500769537914,2.4476715245433014
966,-0.3835622974039767,43.48322113771943,0.0018097502458227232,42.210004679788824,1.2220706710954794,38.918679887581085,3.5102500769537914,2.4664283185881946
967,-0.46048326231297665,43.570243415690406,-0.10844085583330344,42.3194653643964,1.0031493018802262,38.69817867542283,3.7880535849513635,2.492970067263788
968,-0.4906918873763019,43.58623466914477,-0.21908642264820413,42.538781694347435,1.0031493018802262,38.69817867542283,4.030395974998759,2.517472371572945
969,-0.5008722500923429,43.59314427860705,-0.3293370287273302,42.648242378955025,0.893293656536875,38.697783714687084,4.13532942468183,2.5407449987828685
970,-0.5376052524290633,43.54587175986133,-0.21869146191242947,42.428926049004026,0.8940835780083742,38.47807242400035,4.104572164754262,2.57769559148038
971,-0.5346971618661651,43.50593363912694,-0.21869146191242947,42.428926049004026,1.0047291448232252,38.258756094049374,4.345926303354908,2.6128918593156287
972,-0.5393165193784277,43.45438573302704,-0.4387977133349068,42.537991772875934,1.1157696723738508,37.92958411875502,4.8635481763080675,2.6599212939087145
973,-0.535488210400964,43.43030917473402,-0.4384027525991322,42.42813612753253,1.1169545545810748,37.60001718272492,5.072461818309645,2.6824114305798363
974,-0.536398679980268,43.37943717888238,-0.3281521465200561,42.318675442924906,1.1185343975241238,37.16059460135146,5.357116754834233,2.718289763965646
975,-0.525091648793962,43.25772294020718,-0.43800779186340744,42.31828048218915,1.1193243189956235,36.94088331066471,5.598364372192293,2.8122952288712537
976,-0.5232772011774088,43.17497527608455,-0.43761283112763255,42.20842483684582,1.1189293582598485,37.05073895600806,5.3874434783797565,2.898360618763783
977,-0.5266526004543662,43.127200245804055,-0.43761283112763255,42.20842483684582,1.2295749250747496,36.83142262605711,5.629535308465338,2.9298772278539302
978,-0.5314445592096655,43.1633324745651,-0.5478634372068087,42.317885521453405,1.1193243189956235,36.94088331066471,5.629535308465344,2.947588593265653
979,-0.5344528250535431,43.14521572072048,-0.5474684764710339,42.208029876110075,1.3394305704181009,36.83181758679285,5.697722930518522,3.0246968742079496
980,-0.5221688457507183,43.09190613938715,-0.4372178703919079,42.09856919150245,1.2295749250747496,36.83142262605711,5.5245842526747895,3.075684191961829
981,-0.5208200202513481,43.121079559797806,-0.5474684764710339,42.208029876110075,1.2299698858105241,36.7215669807137,5.767197086477197,3.0998833974865865
982,-0.5017344007642786,43.12195560984718,-0.5470735157353092,42.09817423076671,1.2299698858105241,36.7215669807137,5.662666224694849,3.124928651621863
983,-0.49267805076528526,43.114684562103726,-0.6573241218143853,42.20763491537433,1.2299698858105241,36.7215669807137,5.801622191674339,3.131234429442068
984,-0.5199229852010124,43.197835181926834,-0.6573241218143853,42.20763491537433,1.009468673652272,36.940488349928955,5.524584252674824,3.129547034396815
985,-0.5208461007707718,43.22822691170413,-0.6569291610786605,42.09777927003095,1.1181394367883493,37.270450246694814,5.143342689990329,3.1037211674710488
986,-0.5413855529504237,43.219370117691014,-0.6569291610786605,42.09777927003095,1.3362708845321027,37.71066274953979,4.818675937038008,3.107633614820469
987,-0.5105916666764596,43.187519482532885,-0.5466785549995345,41.98831858542329,1.334296080853329,38.25994097625662,4.175986730972366,3.0923983236686294
988,-0.48804536723815595,43.12279246801714,-0.6569291610786605,42.09777927003095,1.3335061593818296,38.47965226694335,4.129488560997379,3.075926074738332
989,-0.47179730666804937,43.12076975633892,-0.5466785549995345,41.98831858542329,1.3331111986460549,38.58950791228673,3.8840086907392664,3.052674376014444
990,-0.467321661828179,43.122031958941335,-0.6569291610786605,42.09777927003095,1.4421769225179066,38.809614163709206,3.9010608962978326,3.0544282087723467
991,-0.4163094471694173,43.11582665752651,-0.7667848064220119,42.0973843092952,1.441781961782182,38.91946980905258,3.8700010000603418,3.0582270074385756
992,-0.3921759634085709,43.08378662567155,-0.7667848064220119,42.0973843092952,1.4413870010464074,39.02932545439594,3.7800804050210592,3.0696118654556557
993,-0.33895434182451784,42.99934395133265,-0.6569291610786605,42.09777927003095,1.331531355703056,39.028930493660184,3.656748287622776,3.079989653580664
994,-0.30505724694741343,42.990031626870866,-0.6569291610786605,42.09777927003095,1.4409920403106826,39.13918109973931,3.6269238343935313,3.0988235355205522
995,-0.3047539637465758,42.99653536214146,-0.6569291610786605,42.09777927003095,1.4409920403106826,39.13918109973931,3.6269238343935313,3.114368938582742
996,-0.24995813982556267,42.939198382749034,-0.6569291610786605,42.09777927003095,1.331531355703056,39.028930493660184,3.656748287622776,3.1100666971576594
997,-0.22658189159180905,42.98385158666921,-0.8770354125011379,42.206844993902806,1.4413870010464074,39.02932545439594,3.933409832649992,3.0925917786342394
998,-0.21153631352520452,42.98510316694951,-0.8770354125011379,42.206844993902806,1.441781961782182,38.91946980905258,4.022903133465569,3.0915484259617965
999,-0.20292986738911828,43.03500228551465,-0.7667848064220119,42.0973843092952,1.3335061593818296,38.47965226694335,4.183205382394756,3.0785054954207363
1000,-0.2280855595412269,43.167027691061506,-0.8766404517654133,42.096989348559426,1.3350860023248285,38.04022968556989,4.620501365759089,3.0453128642043654
1001,-0.2195216130119072,43.191235569921226,-0.8766404517654133,42.096989348559426,1.115374711638076,38.0394397640984,4.520158519520032,3.039723211331026
1002,-0.19456625775796613,43.12517223226049,-0.8766404517654133,42.096989348559426,1.226020278452977,37.82012343414742,4.7657910357318345,3.0754456682462368
1003,-0.18007004460324505,43.09991434546069,-0.8766404517654133,42.096989348559426,1.3366658452678275,37.60080710419641,5.011424901064789,3.0994505655517375
1004,-0.17523497616550404,43.10653418970808,-0.7663898456862372,41.98752866395181,1.3366658452678275,37.60080710419641,4.864788719161101,3.117679377016935
1005,-0.16913012394873939,43.11419991469228,-0.8762454910296387,41.987133703216024,1.3362708845321027,37.71066274953979,4.814917707475955,3.1034382818412594
1006,-0.1679660636725515,43.09037024143723,-0.8762454910296387,41.987133703216024,1.115374711638076,38.0394397640984,4.421633009264856,3.0955379614556695
1007,-0.1276495817545562,43.006090150319544,-0.8758505302939139,41.87727805787265,1.115374711638076,38.0394397640984,4.323653632434897,3.091057807179313
1008,-0.13191002499745877,43.01499045402356,-0.8762454910296387,41.987133703216024,1.226020278452977,37.82012343414742,4.6672792875573474,3.0210664689896114
1009,-0.12723945095673206,42.98232834503671,-0.8758505302939139,41.87727805787265,1.0063089877662241,37.819333512675925,4.473191073866241,2.965750085173032
1010,-0.1408163771558908,43.01738700986608,-0.8758505302939139,41.87727805787265,0.7865976970794715,37.8185435912044,4.3860072480124765,2.9261217829677846
1011,-0.18398090158847666,43.07010193048636,-0.8758505302939139,41.87727805787265,0.34757007644179083,37.70710810291802,4.345926303354908,2.8134545366469252
1012,-0.2016243295338951,43.060212329912865,-0.8758505302939139,41.87727805787265,0.1278587857550382,37.70631818144652,4.29002781831079,2.6828138016671095
1013,-0.19523755269582707,43.077032638515874,-0.8758505302939139,41.87727805787265,-0.09224746566743926,37.81538390531837,4.136788352024656,2.5875309420306283
1014,-0.18061729810230628,43.06913206065499,-1.0963517424521159,42.096199427087925,-0.09382730861043824,38.25480648669183,3.9700572997092345,2.4663469108248464
1015,-0.20415276987347028,43.130254127180834,-1.0963517424521159,42.096199427087925,-0.20407791468956438,38.36426717129943,3.83711753084325,2.359978564604447
1016,-0.29778700628899146,43.190814575460614,-1.0963517424521159,42.096199427087925,-0.31511844224018987,38.69343914659379,3.4912895892304006,2.2874081664503825
1017,-0.31748008159733,43.24120515022438,-1.2066023485312418,42.20566011169555,-0.31590836371168923,38.913150437280535,3.4108585034724053,2.2351095258295253
1018,-0.32435411203232917,43.30177234762002,-1.2069973092670168,42.31551575703888,-0.3170932459189635,39.24271737331064,3.199065355538418,2.2071070268984596
1019,-0.2999490247769266,43.27781715182474,-1.0971416639236153,42.315910717774635,-0.20921240425438578,39.792390560763245,2.675177069470291,2.1986806070537854
1020,-0.3254991729696363,43.34573617311499,-1.3176428760818675,42.5348320869899,0.010498886432366896,39.793180482234746,3.0464100287372546,2.1956630444568166
1021,-0.33583745699443435,43.39886525649057,-1.318432797553367,42.75454337767661,-0.2111872079331595,40.34166878748005,2.6547987840417493,2.2010494005571184
1022,-0.3183757923372238,43.40970030939884,-1.5385390489758943,42.86360910154851,0.007734161282093726,40.56216999963831,2.772649054706092,2.225092730357342
1023,-0.3194417168154081,43.43011612988743,-2.0882122364284257,42.97148994321309,0.007734161282093726,40.56216999963831,3.19340161780241,2.2449789736630517
1024,-0.29652983227761875,43.40020293300166,-2.3079235271151783,42.97070002174159,0.22626056976157227,40.892526857139934,3.2773301235813297,2.2438148628712526
1025,-0.30989052586493177,43.436501321169196,-1.9783565910850742,42.97188490394883,0.11561500294667143,41.11184318709091,2.800798497761649,2.230996832639297
1026,-0.3242075517452601,43.44697883686347,-1.978751551820849,43.08174054929221,0.33414141142619996,41.44220004459254,2.835060303765787,2.208129836672745
1027,-0.36601369809888357,43.52683959469635,-1.978751551820849,43.08174054929221,0.3337464506904251,41.552055689935834,2.7726490547061005,2.220186696242525
1028,-0.3710469489938332,43.56739573727966,-1.8685009457417232,42.97227986468459,0.44281217456227706,41.7721619413584,2.604313992201837,2.2692374702791223
1029,-0.3709951243404874,43.60698600437545,-2.7512957158461813,44.06767663223223,-1.978751551820849,43.08174054929221,1.252555166454849,2.3176095306541424
1030,-0.39362230349931343,43.60657060722685,-1.978751551820849,43.08174054929221,-1.224375581640155,47.14916415214711,4.136788352024685,2.348757661592576
1031,-0.39877499368471514,43.5682818320704,-2.0886071971642006,43.08134558855647,-1.4440868723268576,47.14837423067562,4.117781978801918,2.3542760575595674
1032,-0.46603467496790263,43.688441267701656,,,,,,2.421223597413867
1033,-0.5181002808346884,43.74548815935479,-2.198462842507602,43.08095062782071,0.0018097502458227232,42.210004679788824,2.3663783143898995,2.4643474740422318
1034,-0.47538208479055566,43.71186092276642,-2.198067881771827,42.97109498247734,-0.3285471072557809,42.42853108826828,1.9466595762090004,2.480408066133948
1035,-0.4623679446006507,43.76562163711284,-1.978751551820849,43.08174054929221,-0.32894206799155545,42.53838673361168,1.7369814915385875,2.4566718813964807
1036,-0.4051718180491709,43.762253115027654,-1.7590402611340963,43.082530470763714,-0.6596938862289337,42.86676878743453,1.1203193991046574,2.4627673033052826
1037,-0.37592009544226523,43.718066985270895,-1.6503694979980192,43.412492367529566,-0.9904457044662619,43.195150841257366,0.6947925966154292,2.428840721661112
1038,-0.3323103897689595,43.6943019526122,,,,,,2.3876261617643553
1039,-0.3222397789779669,43.74061288278551,,,,,,2.3417619439590123
1040,-0.3911872704853796,43.85571043355267,,,,,,2.2838030626123036
1041,-0.35909157304485684,43.912542031557116,,,,,,2.2681603596791327
1042,-0.3063426447596337,43.94371251854784,,,,,,2.254922741895243
1043,-0.26383763222561557,43.958833503090155,-2.3106882522654515,43.73968953914515,-1.7606201040770957,43.52195305213719,0.5915945785974698,2.2520340130015866
1044,-0.27943712280379407,43.993563357903184,-2.311478173736951,43.95940082983187,-1.870080788684772,43.411702446058065,0.7034238914903403,2.2458843777392152
1045,-0.28424026338701713,44.00997399427137,-1.9795414732923486,43.301451839978945,-1.2204259742826076,46.0506076987134,2.8520368644971668,2.248406026082617
1046,-0.2899307273093422,44.048936800692736,-2.4193590154015787,43.40972764237932,-1.3314665018332332,46.37977967400778,3.1630237418739853,2.2583038405420655
1047,-0.2655088369751049,44.0665696333519,-2.639465266824056,43.518793366251174,-1.3314665018332332,46.37977967400778,3.145807276739696,2.3039837973864414
1048,-0.2646014495747179,44.09997738064426,,,,,,2.350521415245048
1049,-0.30766077850480883,44.14541897880986,,,,,,2.3755020505510975
1050,-0.3194469449118627,44.13636491280073,,,,,,2.406361549950663
1051,-0.33571256412082384,44.13928175041001,,,,,,2.45572390995723
1052,-0.34720338199720147,44.12452517271169,,,,,,2.5014104103055983
1053,-0.31433474284359275,44.066707236704836,-2.9690322028541596,43.51760848404392,-2.540273561346023,46.485290751257835,2.9984949577753053,2.5467230823958347
1054,-0.3253214941756002,44.02941003894231,,,,,,2.5886789313214518
1055,-0.3225189515201718,44.04306167600703,-2.866285850754354,45.49540506096027,-2.8686556151689024,46.15453893302048,0.6591381320182057,2.588724048707299
1056,-0.34755697153476833,44.11448246745882,-2.975351574626206,45.275298809537745,-2.978116299776479,46.04428832694135,0.7689944873546034,2.5348196160812626
1057,-0.4151655576947333,44.20595592582439,-3.087182023648331,45.82418207551887,-2.9745616531547068,45.05558751885107,0.7768017381478461,2.4430858499030155
1058,-0.4473068101317154,44.231534910949954,-2.9745616531547068,45.05558751885107,-1.2204259742826076,46.0506076987134,2.0166946070799545,2.370203377963864
1059,-0.48709734100638885,44.303330078394715,-2.973771731683207,44.83587622816431,-1.220031013546883,45.940752053370026,2.0727655669596246,2.2998666902250875
1060,-0.5317757605335025,44.339078514310664,-3.0836273770265583,44.83548126742857,-1.109780407467707,45.83129136876242,2.210816504632441,2.257670372524582
1061,-0.5743342907014845,44.341391217390054,-2.3098983307939522,43.51997824845845,-1.220031013546883,45.940752053370026,2.654798784041777,2.241103690358923
1062,-0.5944249111066245,44.32058454768611,-2.0909769615786993,43.740479460616655,-1.2196360528111083,45.83089640802667,2.264746783486183,2.244784475644204
1063,-0.6058579835672514,44.32406766855171,-1.7614100255485947,43.741664342823896,-1.2196360528111083,45.83089640802667,2.1583349276252717,2.2460217897610133
1064,-0.654178207613048,44.31877444381177,-1.4322380502542658,43.852704870374524,-1.4397423042335855,45.93996213189852,2.087270751391015,2.221789780472258
1065,-0.7049033169434681,44.304882973979566,-3.1930880616341852,44.725230661349464,-3.1950628653129587,45.274508888066244,0.549281776681808,2.164840519191166
1066,-0.7002010358166406,44.31077309557166,-1.3290967374186848,45.72064580194755,-2.8579916753035346,43.18843650874957,2.9579728929873856,2.1278100213527824
1067,-0.7026750028925389,44.296831185945784,-1.3290967374186848,45.72064580194755,-2.8579916753035346,43.18843650874957,2.9579728929873856,2.107104447214391
1068,-0.7041367073839031,44.30355846152739,-2.85759671456781,43.078580863406195,-1.3290967374186848,45.72064580194755,3.052346526791202,2.0802789756546383
1069,-0.6067795779802888,44.31143603755986,-1.3290967374186848,45.72064580194755,-0.006879385940771429,44.62682887734291,1.7160111273243146,2.0712514741148755
1070,-0.724949950823752,44.270263342401655,,,,,,2.0762091128365854
1071,-0.7036560160329607,44.17923658512656,-2.8579916753035346,43.18843650874957,-1.439347343497811,45.830106486555174,2.998494957775313,2.149393447559302
1072,-0.67613022158958,44.165797358727275,-2.85759671456781,43.078580863406195,-1.549597949576987,45.93956717116277,3.1458072767396685,2.1384981727290886
1073,-0.6502893351432832,44.18520525573264,-2.8579916753035346,43.18843650874957,0.6467250358188903,46.16717767656457,4.599558475555766,2.1282586731482063
1074,-0.6285701821746705,44.179463143085385,-2.8579916753035346,43.18843650874957,0.6455401536116662,46.496744612594675,4.818675937038,2.1136969807297503
1075,-0.6212111858272364,44.16149501043993,-2.8579916753035346,43.18843650874957,0.5344996260610407,46.825916587889054,4.973958037214502,2.1001589390625717
1076,-0.6419625667513784,44.15025320374685,-2.85759671456781,43.078580863406195,0.42543390218913874,46.605810336466526,4.818675937037999,2.069728313316727
1077,-0.682697860978807,44.16130934417125,-2.85759671456781,43.078580863406195,0.3155782568457874,46.60541537573078,4.74421764641224,2.0130006121096624
1078,-0.7509912351856839,44.20435987407982,-2.8572017538320353,42.96872521806282,0.31597321758156216,46.49555973038743,4.74421764641224,1.97074638046841
1079,-0.8040833747111205,44.23726095015653,-2.747346108488634,42.96912017879857,0.3163681783172869,46.38570408504408,4.589051189472025,1.9271681347870655
1080,-0.8752614576161905,44.318435793445644,-2.747346108488634,42.96912017879857,0.4266187843964129,46.27624340043643,4.5837885143583295,1.79925135224087
1081,-0.9454514035424543,44.368779693816485,-2.8572017538320353,42.96872521806282,0.3171580997887864,46.16599279435732,4.50545008125755,1.6700412411289622
1082,-1.0250581741746538,44.394460782164806,-2.746556187017134,42.749408888111816,0.4266187843964129,46.27624340043643,4.744217646412268,1.5506384883085207
1083,-1.0458245579135115,44.34732070859699,-2.746951147752909,42.85926453345522,0.20730245444543502,46.165597833621575,4.433898311631733,1.4512831569498108
1084,-0.9137267335799167,44.3664769814803,-2.532769307366753,44.398033489733834,0.09744680910203368,46.16520287288583,3.168741776806966,1.2925021816073208
1085,-0.7785645421483498,44.30340477790829,0.2140167869532555,44.29805186278433,0.20730245444543502,46.165597833621575,1.8675580407182497,1.2402852151681507
1086,-0.7121224295438147,44.265352571226785,0.10455610234557881,44.18780125670518,0.20730245444543502,46.165597833621575,1.9804636105043574,1.247641370227674
1087,-0.6913860205725731,44.250502326244934,0.10455610234557881,44.18780125670518,0.09705184836630891,46.27505851822917,2.087270751391015,1.236735173003523
1088,-0.680672997289055,44.270180266767944,-0.0017448963759498933,43.19870548787914,0.20690749370971023,46.27545347896493,3.083814848615091,1.228147503679262
1089,-0.6570497588435563,44.256546577803235,-0.002534817847499342,43.41841677856586,0.31597321758156216,46.49555973038743,3.0935830544173,1.2339522826602258
1090,-0.7735139268726149,44.186678747732465,-2.7461612262814095,42.639553242768464,0.3151832961100126,46.71527102107415,5.097382239264864,1.327418057582208
1091,-0.7248269875750004,44.20127445292121,-2.746951147752909,42.85926453345522,0.5348945867967653,46.71606094254566,5.064127759699073,1.3469785256158457
1092,-0.7069685884865313,44.24087429272404,-2.746951147752909,42.85926453345522,0.7542109167477433,46.826706509360555,5.291382771457203,1.3735227945538462
1093,-0.6596546798247485,44.29081389822527,-2.747346108488634,42.96912017879857,1.0837778527778474,46.827891391567825,5.43761216703499,1.4408253340798027
1094,-0.6282779823280056,44.36971436720733,-2.747346108488634,42.96912017879857,1.193238537385474,46.93814199764691,5.592972514664538,1.5085398253493214
1095,-0.6214036749706359,44.43078017927207,-2.8572017538320353,42.96872521806282,1.3030941827288252,46.938536958382656,5.750431943197485,1.5585587239977754
1096,-0.6300861403474601,44.51369062062754,-0.7778437070231045,45.17334237890952,1.5232004341513528,46.82947123451083,2.835060303765787,1.6390344390441094
1097,-0.6591079127466422,44.558105923781405,-0.5589223378079012,45.393843591067736,1.5220155519440786,47.15903817054093,2.728775257218305,1.6833581239383346
1098,-0.6624718961187175,44.60437956602698,-2.6374904631452822,42.96951513953431,1.4121599066006771,47.15864320980518,5.826530880920047,1.7034876970235848
1099,-0.684578353828809,44.555749651058434,-0.667988061679753,45.173737339645264,0.6447502321401167,46.7164559032814,2.0256511038796314,1.6576933991099208
1100,-0.6990181984274437,44.56106742550673,-2.746556187017134,42.749408888111816,0.20690749370971023,46.27545347896493,4.599558475555773,1.66772354142249
1101,-0.6897653783040318,44.51851414659359,-2.527634817801931,42.96991010027007,-0.12186952084889437,46.054557306070926,3.9118735981979773,1.6505794232726434
1102,-0.6490774359088503,44.446907685991995,-0.12147456011316961,45.944701660727546,0.43767768499750553,43.20028533082216,2.8007984977616394,1.6447971737520244
1103,-0.6062226297241979,44.35152403623209,-0.0116189147698183,45.94509662146329,0.6581788971557576,42.98136396160691,3.038476655819451,1.6531860620238328
1104,-0.5399168303972035,44.28400316050251,-0.12147456011316961,45.944701660727546,-0.5573424948649023,44.95442100969426,1.0819596223314756,1.639048940159624
1105,-0.5187523606431356,44.227479437669956,-0.44709188878572625,44.84496032508664,-0.011223954034043514,45.83524097611994,1.0819596223314971,1.6028755667638082
1106,-0.5318141541895852,44.20259126307989,-2.635515659466509,42.420236912817465,-0.12147456011316961,45.944701660727546,4.329232542668377,1.5698028524854906
1107,-0.5167212843739951,44.18438995576412,-2.635515659466509,42.420236912817465,-0.010828993298268827,45.72538533077657,4.220543348942056,1.5499381632520386
1108,-0.47529790986000753,44.16941090342246,-2.635515659466509,42.420236912817465,0.09902665204508258,45.72578029151235,4.290027818310827,1.5443026325686182
1109,-0.41779001861912185,44.14645082917916,-2.745766265545635,42.529697597425105,0.2088822973884839,45.7261752522481,4.352863141454265,1.5906269291747457
1110,-0.31637972372017487,44.06828776938358,-2.745766265545635,42.529697597425105,0.20809237591693444,45.94588654293482,4.516151878000334,1.6600907259968247
1111,-0.2753576672937523,44.025214664169525,-2.6359106202022837,42.53009255816086,0.5372643512113137,46.05692707048545,4.74421764641224,1.7093759815015466
1112,-0.23423364021939236,44.03841049469023,-2.7461612262814095,42.639553242768464,0.7557907596907423,46.38728392798707,5.129244876293532,1.7478746117109245
1113,-0.21142925043871566,44.024395416615945,-2.746556187017134,42.749408888111816,0.9743171681702207,46.717640785488676,5.439831147811717,1.7799260985460736
1114,-0.2212143700489725,44.087923863604686,-2.746951147752909,42.85926453345522,1.3030941827288252,46.938536958382656,5.748332862294108,1.8334160679334952
1115,-0.21236181584079084,44.12188127206904,-2.746951147752909,42.85926453345522,1.522410512679853,47.04918252519751,5.98187777918429,1.8801635984802854
1116,-0.19008373465762013,44.184055955041224,-2.746951147752909,42.85926453345522,1.6322661580232045,47.049577485933284,6.061045029606216,1.9189036787927176
1117,-0.17675203613454418,44.233492398446494,-2.8572017538320353,42.96872521806282,2.1815443847400613,47.05155228961203,6.485247839917147,1.9473460439908976
1118,-0.15826765845858032,44.25590201316474,-2.8572017538320353,42.96872521806282,2.511111320770165,47.0527371718193,6.7452160013872255,1.9754905429353313
1119,-0.130710188270154,44.26286576609837,-2.747346108488634,42.96912017879857,2.7304276507210936,47.16338273863423,6.89911905810633,1.9886878500685643
1120,-0.1284556122865795,44.25463546886065,-2.747346108488634,42.96912017879857,3.0595996260154728,47.274423266184826,7.2288486937916385,2.017171054456022
1121,-0.11604949291933811,44.296865185300994,-2.747346108488634,42.96912017879857,3.169455271358874,47.27481822692058,7.317620805300494,2.079280460255609
1122,-0.1540581064607419,44.34052290470262,-2.747346108488634,42.96912017879857,2.9493490199363466,47.3838839507924,7.207112774803115,2.078070003917692
1123,-0.10898674710455676,44.395822631092834,-2.746951147752909,42.85926453345522,2.9489540592005716,47.49373959613581,7.343139330913458,2.092823726734912
1124,-0.08906382863168764,44.33634726442976,-2.6374904631452822,42.96951513953431,2.8390984138572204,47.49334463540006,7.103383632845151,2.041962634114274
1125,0.0007414705473273533,44.22763471125479,-2.8568067930963106,42.85886957271946,2.9489540592005716,47.49373959613581,7.428921806562931,2.0300259719266527
1126,0.01208793587960433,44.088560952490866,-2.966662438439662,42.858474611983716,2.620177044642017,47.27284342324183,7.120353039809761,1.9365354201942013
1127,0.036488236693415985,43.972439946045334,-2.8568067930963106,42.85886957271946,2.2906101086119133,47.271658541034554,6.7800152830856035,1.8848023937221934
1128,0.033143348672261826,43.85215880571669,-2.8568067930963106,42.85886957271946,2.0708988179251606,47.27086861956305,6.6142284643215135,1.8223294056426005
1129,0.05512207755621704,43.789313553942094,-2.8568067930963106,42.85886957271946,1.7421218033665558,47.04997244666903,6.222177073612732,1.7856804344876578
1130,0.06207629360949211,43.75982400033149,-2.8568067930963106,42.85886957271946,1.4121599066006771,47.15864320980518,6.059053557553272,1.7671820766765027
1131,0.09562969990330708,43.710294636037936,-2.8568067930963106,42.85886957271946,1.302304261257326,47.15824824906944,5.981877779184317,1.7682276200847005
1132,0.131561777736677,43.72252823117974,-2.8568067930963106,42.85886957271946,1.302304261257326,47.15824824906944,5.981877779184317,1.7840427076052356
1133,0.15367515607145413,43.68311560190851,-2.746556187017134,42.749408888111816,0.972342364491497,47.26691901220554,5.851333536699317,1.806779890006357
1134,0.20086849071118504,43.64726656475594,-2.746556187017134,42.749408888111816,0.7526310738047444,47.26612909073401,5.7135866909563635,1.8049898582664372
1135,0.24027771101985346,43.63490384174933,-2.7461612262814095,42.639553242768464,1.0821980098348485,47.26731397294128,6.006038945635135,1.817393096483321
1136,0.28786159487035384,43.63517795824092,-2.7461612262814095,42.639553242768464,1.191658694442475,47.377564579020365,6.160777317068117,1.8309312546684084
1137,0.2910135500108533,43.64134270408786,-2.4158043687797566,42.42102683428898,1.4101851029219032,47.707921436521985,6.526059298894939,1.8408229749345257
1138,0.28499983580278127,43.64381155639893,-2.4158043687797566,42.42102683428898,1.5188558660580804,48.037883333287844,6.857888019934416,1.8648074956274994
1139,0.29091893293861376,43.66513269393773,-2.635515659466509,42.420236912817465,1.627526629194158,48.367845230053724,7.317620805300513,1.8889454507251715
1140,0.2828106590436799,43.68931930280747,-2.635515659466509,42.420236912817465,1.7369873138017344,48.478095836132844,7.471039886523934,1.8883387986979432
1141,0.25335198590779295,43.68555625820241,-2.4154094080440314,42.31117118894561,1.8464479984094109,48.58834644221198,7.587249680428419,1.9043251105089185
1142,0.23283155538435577,43.70751940033354,-2.6347257379950095,42.200525622130755,1.8464479984094109,48.58834644221198,7.802895160471097,1.9306355500058658
1143,0.23214732428216336,43.7008810794014,-2.635120698730784,42.31038126747408,1.8468429591451356,48.47849079686859,7.624537585790199,1.902727749054257
1144,0.2424425484270914,43.72239282226266,-2.525265053387433,42.31077622820984,1.956698604488487,48.47888575760435,7.624537585790186,1.9262931926369264
1145,0.2548077126042225,43.74262547511433,-2.525265053387433,42.31077622820984,1.9570935652242618,48.36903011226097,7.536178004098794,1.945371565868602
1146,0.2643772917945904,43.771206216821135,-2.525265053387433,42.31077622820984,1.9570935652242618,48.36903011226097,7.536178004098794,1.9645256410706704
1147,0.24766376033921006,43.76812134243578,-2.524870092651658,42.20092058286651,2.2870554619900902,48.26035934912487,7.737662806393726,1.975130279448173
1148,0.23717753177976747,43.822991537113516,-2.524870092651658,42.20092058286651,2.396911107333442,48.260754309860616,7.806760850656445,2.024329827677157
1149,0.21333970859616982,43.86345393506436,-2.4150144473082564,42.20131554360228,2.177199816646739,48.259964388389115,7.602345537431774,2.042585584240985
1150,0.19029604569546996,43.91252387253804,-2.4150144473082564,42.20131554360228,2.287450422725865,48.150503703781496,7.583272091855983,2.070057807487454
1151,0.18919457902835793,43.94996603036696,-2.4150144473082564,42.20131554360228,2.5079516348841175,47.931582334566286,7.5545716319352865,2.0938781133041116
1152,0.22296733422543943,44.02043081835029,-2.4150144473082564,42.20131554360228,2.7284528470423193,47.712660965351034,7.53857971808255,2.1340582003521367
1153,0.22809640812488324,44.023289057215095,-2.4150144473082564,42.20131554360228,2.617807280227469,47.93197729530204,7.626911475397516,2.124392981530212
1154,0.2285596757518371,44.00107896447738,-2.524870092651658,42.20092058286651,2.507556674148393,48.04143797990964,7.709537121537737,2.100679127807406
1155,0.20346219247354408,43.97016822380666,-2.4154094080440314,42.31117118894561,2.289425226404639,47.60122547706466,7.079558129484808,2.0690576364235085
1156,0.18304332875490292,43.94873134762314,-2.4154094080440314,42.31117118894561,2.1799645417970126,47.49097487098553,6.92443701129212,2.0584414172829146
1157,0.16359515401468855,43.892377227049025,-2.4150144473082564,42.20131554360228,2.0681340927748875,48.03985813696662,7.361195585431724,2.0153729818042923
1158,0.14037445171823199,43.857305894231736,-2.4150144473082564,42.20131554360228,1.7373822745375092,48.36824019078947,7.4346054461336735,1.9781353395738948
1159,0.1381239749968894,43.84012015569449,-2.4154094080440314,42.31117118894561,0.7478915449756975,48.584396834854424,7.025655337679429,1.9468132730218208
1160,0.1583128199864273,43.759057554742746,-2.4154094080440314,42.31117118894561,-0.018333247277588723,47.81264259230058,6.001013391290447,1.8550672656055667
1161,0.1981713580400565,43.69279355560908,-2.4154094080440314,42.31117118894561,0.20374780782366247,47.15429864171191,5.505984747996505,1.8041869624977236
1162,0.24664459843587508,43.68185241221982,-2.414619486572532,42.091459898258904,1.0818030490990735,47.377169618284604,6.337483553613894,1.8016225813393703
1163,0.24201921464398615,43.62752509024597,-2.305158801964905,42.20171050433803,2.4016506361624885,46.942486565740175,6.680494948071532,1.7889724238670717
1164,0.20819892019433245,43.62096586374075,-2.194908195885829,42.092249819730405,2.9552734309726674,45.736049270641914,6.308854509979847,1.7355204787134197
1165,0.18168377561072385,43.61338144818744,-1.9748019444633018,41.9831840958585,2.5198004569567094,44.63591297426525,5.219044093431621,1.7183029435930768
1166,0.1324813214592689,43.575878363118676,,,,,,1.7069281690604545
1167,0.13601139139597088,43.57955745962261,,,,,,1.689256063927436
1168,0.1825928928126727,43.59040546706313,,,,,,1.6730629000208
1169,0.23000382141929607,43.62837504355078,,,,,,1.6691956954118141
1170,0.24725310846693327,43.64271819414518,,,,,,1.6559295725910912
1171,0.26935546131953136,43.66640039682354,,,,,,1.6431082506938317
1172,0.2516804456998866,43.65584176973106,,,,,,1.622115132092248
1173,0.2425237405922588,43.622796895989566,,,,,,1.5933123012242936
1174,0.22240996834034996,43.60513747258716,,,,,,1.5749324165704077
1175,0.2067029828225754,43.58530756253481,,,,,,1.5782843771629882
1176,0.20654187964712029,43.55137622876725,,,,,,1.571959603539296
1177,0.1989030033266348,43.52235239298702,,,,,,1.5725909208635132
1178,0.19407038219705716,43.51894502902772,,,,,,1.5598917948500037
1179,0.19657703721922817,43.55246343674182,,,,,,1.5720304684482191
1180,0.19084417473148207,43.49536736953938,,,,,,1.543197971882673
1181,0.1678257411967421,43.480030304584936,,,,,,1.5297904223460512
1182,0.11745023598370719,43.489763352422464,,,,,,1.527870097841672
1183,0.06629538382650413,43.516900510498644,,,,,,1.529443999307323
1184,0.019710562015926174,43.56444020351389,,,,,,1.5414536037026596
1185,0.012712386552515659,43.59961195322431,,,,,,1.554766939449094
1186,-0.011567405851271239,43.59392647441748,,,,,,1.547454453628836
1187,-0.05554876655292067,43.58115305195035,,,,,,1.5359348743074004
1188,-0.06544899791462831,43.57401348544761,,,,,,1.5284374695235123
1189,-0.07399390829309546,43.57846793505026,,,,,,1.5314882061733128
1190,-0.06081385364677151,43.60593283812297,,,,,,1.5415176636744095
1191,-0.0469262415829376,43.6138408564106,,,,,,1.5449271648148144
1192,-0.059785753015968425,43.66278416114703,,,,,,1.5633893590227492
1193,-0.06387253487642199,43.7135393598127,,,,,,1.5707122754877727
1194,-0.041313292801844426,43.762084620128704,,,,,,1.5817813771004088
1195,-0.03144832668281883,43.7596952447423,,,,,,1.6076975802332207
1196,-0.03168772747312083,43.7453164081155,,,,,,1.6109694618091484
1197,-0.04891705008350114,43.74969378152075,,,,,,1.6067836180838204
1198,-0.05245297274039626,43.748659168426045,-0.6569291610786605,42.09777927003095,-0.5482583979425335,42.42774116679678,0.34739629830768604,1.6040026458234786
1199,-0.11753816337799099,43.686433452179706,-0.6569291610786605,42.09777927003095,1.209431927551388,42.43406053856882,1.8964147238200804,1.5633174177385878
1200,-0.21572509116195981,43.615907974509135,,,,,,1.5259205279694867
1201,-0.31428958540729807,43.55556431125248,,,,,,1.4971362875905503
1202,-0.378714515526163,43.54803314826563,,,,,,1.4684541059682223
1203,-0.41423257285363874,43.53556653185561,,,,,,1.4718249279968814
1204,-0.4445119344991716,43.53833231279568,,,,,,1.4597983322003834
1205,-0.4610295039501239,43.5278521233822,,,,,,1.4463676346033187
1206,-0.4576684062969199,43.530190107305216,,,,,,1.442020072092342
1207,-0.45671795200895765,43.54973360872525,,,,,,1.4390703611577185
1208,-0.4938838085589729,43.55857656336384,,,,,,1.450171638118713
1209,-0.5184454093427701,43.57733815660844,,,,,,1.4525369187186308
1210,-0.5532844934269902,43.603220360034726,,,,,,1.4728322992140936
1211,-0.5487492321665728,43.59755793478359,,,,,,1.48011036017889
1212,-0.5345989138539812,43.64125366265839,,,,,,1.4917197984530837
1213,-0.5330930387174435,43.68661774678893,,,,,,1.5094851405744505
1214,-0.5104722486122562,43.74824934740813,,,,,,1.5138469624792303
1215,-0.4984716875726139,43.78617641491769,,,,,,1.5172073046216292
1216,-0.5268609956683934,43.83822862977419,,,,,,1.5051899707990228
1217,-0.5267554888807248,43.883202849760096,,,,,,1.5065494177582601
1218,-0.5265044651366547,43.875866521354276,,,,,,1.5152291153778712
1219,-0.5076142321403138,43.90647371371586,,,,,,1.5476695661009123
1220,-0.5352394006782737,43.93972545053938,,,,,,1.5666304790327747
1221,-0.5741036347759695,43.97319364845671,,,,,,1.5959744481619242
1222,-0.5786332902988874,43.97329532194344,,,,,,1.6239877970677128
1223,-0.5905767954965212,43.9676653215031,,,,,,1.6735177716396437
1224,-0.5846186515478442,43.97303213121814,,,,,,1.6963710736753186
1225,-0.5975524453405646,43.93631598056964,,,,,,1.6913676680388507
1226,-0.5810705405498305,43.98193276893985,,,,,,1.6749001670859265
1227,-0.5489781865263499,44.02160551089989,,,,,,1.67885768556555
1228,-0.5121952143184536,44.042357251429465,,,,,,1.6574853388992694
1229,-0.4915722235979764,44.14666828124303,,,,,,1.663145071552949
1230,-0.4698996748688265,44.178886021795044,,,,,,1.6578576561857197
1231,-0.46052913839049064,44.19200716159029,,,,,,1.6516643750389326
1232,-0.4650637587280082,44.208530099221974,,,,,,1.658509519909239
1233,-0.45944802418709846,44.1937449971706,,,,,,1.6608660686230714
1234,-0.461510954662879,44.20796195828473,,,,,,1.6615142853735083
1235,-0.507066462009587,44.1911800400768,,,,,,1.6842598940869675
1236,-0.5226745021784049,44.22820673704947,,,,,,1.6801146362215735
1237,-0.5341982528811839,44.22905170697876,,,,,,1.6777510402485816
1238,-0.5309097718840706,44.223954158789255,,,,,,1.6737305520512231
1239,-0.5325931829448399,44.19553127864629,,,,,,1.6522259589062798
1240,-0.5327718537618212,44.18429867694232,,,,,,1.644395526628694
1241,-0.5306053263411487,44.20499850610405,,,,,,1.6529590595667807
1242,-0.5568185082329806,44.17069534615237,,,,,,1.6417027399584165
1243,-0.6217862778059715,44.185549261061965,,,,,,1.6473850838770354
1244,-0.6952955780685666,44.201410149806485,,,,,,1.6638093260584357
1245,-0.77224747751755,44.247151736306606,,,,,,1.6579434612095931
1246,-0.8313055054689474,44.30539747903337,,,,,,1.6458020723986533
1247,-0.9211858259078101,44.35867914352621,,,,,,1.6312544921014953
1248,-0.9875615726009075,44.45656502583615,,,,,,1.6057083164427743
1249,-1.060554960502878,44.54237068053006,-2.7461612262814095,42.639553242768464,0.3297968433328778,42.65061214336955,3.0759779494183235,1.5865604543592586
1250,-1.110687068193109,44.59559183142606,-2.746556187017134,42.749408888111816,0.5499030947554052,42.541546419497706,3.303006297638954,1.6027422701994773
1251,-1.1211729444408,44.65576668534216,-2.746556187017134,42.749408888111816,0.5514829376984042,42.10212383812422,3.360958197313952,1.6480134988964996
1252,-1.1382819901413859,44.71857734150507,-2.41698925098703,42.75059377031909,0.3333514899546504,41.66191133527925,2.957972892987369,1.689834393257142
1253,-1.0899989032505324,44.7287139014681,-2.5268448963304313,42.75019880958332,0.11482508147517197,41.33155447777764,2.998494957775301,1.6989648334445187
1254,-1.0065167178745567,44.772126295255156,-2.526449935594707,42.64034316423996,-0.10409628774003128,41.11105326561939,2.86470326374262,1.6662430481235206
1255,-0.9449445940074572,44.885938294314805,-2.4165942902513056,42.640738124975734,-0.10330636626853179,40.89134197493266,2.900291004197687,1.7049126652892053
1256,-0.879955033343186,44.96368984860201,-2.3067386449079543,42.64113308571148,0.11600996368244615,41.00198754174753,2.9251510960501754,1.6913259735696626
1257,-0.8334302481543735,44.95867103612631,-2.1968829995646026,42.64152804644724,0.11482508147517197,41.33155447777764,2.65707075603144,1.694240038071686
1258,-0.8496419860500578,44.998971160011145,-2.1968829995646026,42.64152804644724,0.11403516000367236,41.55126576846434,2.555193647263296,1.6573223187885304
1259,-0.8922208342227058,45.04007785113228,-2.0870273542212012,42.64192300718299,0.11245531706067345,41.990688349837825,2.293868043326976,1.6296956974658534
1260,-0.9370010626703096,44.990430087687315,-2.0870273542212012,42.64192300718299,0.11206035632489887,42.100543995181226,2.2647467834861796,1.608196549324212
1261,-0.9822967306931746,44.93591293538948,-2.0870273542212012,42.64192300718299,-0.10765093436180388,42.0997540737097,2.0522860823771434,1.5741398103525517
1262,-0.9864485320401013,44.828347612533285,-1.9771717088778504,42.642317967918736,0.002599671717322071,41.99029338910205,2.084377789846326,1.5348550140796515
1263,-0.979687298376046,44.762272134917445,-1.9771717088778504,42.642317967918736,0.002599671717322071,41.99029338910205,2.084377789846326,1.501204032780026
1264,-0.9900761234201824,44.67869782979531,,,,,,1.4610105695517617
1265,-0.9928970798771476,44.63490061652634,-2.0862374327496522,42.422211716496236,0.2223109624040748,41.99108331057357,2.3484606437324627,1.3982007792680367
1266,-1.0213471480258256,44.62991669774278,-2.0854475112781525,42.20250042580953,0.11048051338189994,42.539966576554704,2.2217072922386403,1.366228009104303
1267,-1.057707726476493,44.64553184744267,-1.8649462991199506,41.98357905659425,0.11008555264612517,42.649822221898056,2.0843777898463114,1.3478137408516286
1268,-1.0504957965720974,44.66052806656084,-1.7546956930408244,41.874118371986626,0.00022990730277375594,42.64942726116228,1.918558765421634,1.3704832416810504
1269,-1.0558587517303715,44.63154123926427,-1.864156377648451,41.76386776590758,0.32940188259715303,42.76046778871291,2.4093379685189715,1.3970869092297622
1270,-1.0538148041892443,44.62535952610857,-1.7543007323050497,41.764262726643324,0.32861196112565366,42.98017907939966,2.4118411774731423,1.404822132401125
1271,-1.0669046152908706,44.58658632777914,-1.7543007323050497,41.764262726643324,0.2183613550465276,43.08963976400728,2.376556332605218,1.4148823758436464
1272,-1.0665802922446082,44.565943164265086,-1.6448400476974732,41.87451333272238,0.10732082749585206,43.41881173930164,2.335578151362387,1.3929210091968087
1273,-1.0694553557326436,44.513573550381054,-1.6448400476974732,41.87451333272238,0.21717647283925337,43.41920670003739,2.4193352644431956,1.3856573436608197
1274,-1.0537937471056058,44.510701627093944,-1.6448400476974732,41.87451333272238,-0.0033247393189989338,43.63812806925257,2.409337968519003,1.3960588930137452
1275,-1.0501979055791013,44.517408489863676,,,,,,1.3839024149192898
1276,-1.0300798780453357,44.505456017403475,,,,,,1.3911714591587716
1277,-0.9904846896296372,44.47755530865691,,,,,,1.3969625645702257
1278,-0.981999120536755,44.48617577146374,-2.3098983307939522,43.51997824845845,-1.7539057715693251,41.65440708129992,1.9466595762090135,1.3969243141606427
1279,-0.9962576957267231,44.50500659785977,-2.310293291529727,43.629833893801774,-1.644050126225974,41.65480204203567,2.0843777898463207,1.3946398797490167
1280,-0.9838982166194188,44.521739848569865,-2.420148936873078,43.62943893306603,-1.644050126225974,41.65480204203567,2.121678631486376,1.3999591729794478
1281,-0.9964176766719958,44.50499598848476,-2.420543897608803,43.7392945784094,-1.6444450869616982,41.76465768737907,2.1216786314863474,1.3972157612671399
1282,-1.0010231654429207,44.524849877376056,-2.529609621480705,43.51918832698692,-1.7546956930408244,41.874118371986626,1.8184462470292138,1.402069082187445
1283,-1.0112278728010715,44.52754498454284,-2.5300045822164794,43.629043972330244,-1.9744069837275773,41.873328450515125,1.8415280842249382,1.4084076875794487
1284,-1.0215664036121377,44.519258227650646,-1.8649462991199506,41.98357905659425,0.8711758553346899,44.84969985391568,3.962450361699875,1.4275389661913644
1285,-1.0187697782316523,44.52558602165564,-1.9748019444633018,41.9831840958585,1.6409552942097487,44.63275328837923,4.482623931914369,1.4488821175392481
1286,-0.9963672573582791,44.540029891683574,-1.9748019444633018,41.9831840958585,2.1914184031338797,44.30516115602787,4.769587975148948,1.4780297091005354
1287,-0.9770111217121281,44.51307401179794,-1.9748019444633018,41.9831840958585,2.6316309059788345,44.08702970828414,5.064127759699098,1.5194710925030737
1288,-0.9373929831339416,44.49562793717052,-1.9748019444633018,41.9831840958585,2.8521321181370864,43.86810833906889,5.181913917399056,1.5596642198795923
1289,-0.9126963059007518,44.47757623995227,-2.0846575898066533,41.98278913512276,3.0734232517667883,43.42947567916696,5.357116754834261,1.5981109829717604
1290,-0.8406864085343302,44.441382986036615,-2.0846575898066533,41.98278913512276,3.403780109268441,43.2109492706875,5.624173334386043,1.6541342993730381
1291,-0.7993738492396596,44.43156803642918,-1.8645513383842258,41.87372341125088,3.734926888241544,42.77271157152125,5.671184719506298,1.7023699842084141
1292,-0.7493755369954865,44.44682411728796,-1.8645513383842258,41.87372341125088,3.9550331396640215,42.6636458476494,5.8729499361620086,1.7475466947189473
1293,-0.6954032090159559,44.401467924102285,-1.864156377648451,41.76386776590758,4.065283745743148,42.554185163041794,5.9818777791842965,1.806176687831565
1294,-0.6813140608756659,44.41626042142854,-1.7543007323050497,41.764262726643324,4.065283745743148,42.554185163041794,5.872949936162019,1.8671157914005836
1295,-0.6830992880657782,44.42640947578254,-1.864156377648451,41.76386776590758,4.064888785007373,42.66404080838515,5.99698991555061,1.8966912387050128
1296,-0.7157035219831707,44.43209203997682,-1.7539057715693251,41.65440708129992,4.065283745743148,42.554185163041794,5.8883416370640695,1.8928012671310865
1297,-0.7817949581269904,44.43286460898112,-1.644050126225974,41.65480204203567,3.9534532967210225,43.103068429022876,5.7818267094042,1.870918329082913
1298,-0.841189410655135,44.43136270130679,-1.7539057715693251,41.65440708129992,3.732557123826996,43.43184544358149,5.767197086477183,1.8306009834262387
1299,-0.8402858899803745,44.41132016599742,-1.644050126225974,41.65480204203567,3.293134542453541,43.430265600638485,5.246719289286429,1.814264711317965
1300,-0.8328188986849175,44.39516960733373,-1.4247337962749456,41.7654476088506,3.1836738578459642,43.32001499455933,4.863548176308048,1.7821257250621614
1301,-0.859282759521765,44.4046851381058,-1.6448400476974732,41.87451333272238,3.1852537007889627,42.88059241318587,4.933761317221726,1.755696277285235
1302,-0.798625048442699,44.382349294355635,-1.6456299691689726,42.094224623409154,2.7478059230942313,42.32973434352599,4.399743602495033,1.7467746319816693
1303,-0.6691105865021046,44.41381976922418,-1.536169284561346,42.20447522948831,2.4182389870641274,42.32854946131872,3.9563542806104115,1.676114797184655
1304,-0.6197148921252458,44.46048924350168,-1.536169284561346,42.20447522948831,2.4162641833853535,42.8778276880356,4.009380731731149,1.614959920572573
1305,-0.5728845921894663,44.507458337701344,-1.3164579938745933,42.205265150959804,2.5241450250499815,43.427500875488214,4.030395974998741,1.5759387799209434
1306,-0.4813522621591085,44.561699046332556,,,,,,1.5549983331637405
1307,-0.4397023851966402,44.602263957440655,-2.8591765575108092,43.518003444779666,1.8614565063680009,44.413831919163975,4.8048813907632955,1.5170484483080138
1308,-0.37878997907507816,44.63042299808455,-0.6589039647574342,42.647057496747784,1.7519958217603742,44.30358131308488,2.9251510960501754,1.5031133329369006
1309,-0.31645846263951993,44.59784571470148,-0.5498382408855823,42.867163748170285,1.974076876861625,43.64523736249614,2.6411259097027022,1.5185904124454237
1310,-0.31967844743694424,44.580273667910184,-0.5490483194140828,42.64745245748354,1.7579202327966452,42.655746632934346,2.30698346206375,1.556818269400721
1311,-0.34153373195823433,44.54924888767056,-0.6573241218143853,42.20763491537433,1.1007611644152109,42.10409864180299,1.7611313504682735,1.5867851215632558
1312,-0.3263497341170133,44.52621160473631,-0.8766404517654133,42.096989348559426,0.330981725540152,42.32104520733943,1.2282313914624583,1.5883564761030746
1313,-0.3179624362284991,44.53414080899396,,,,,,1.5703410530334356
1314,-0.31056132027182615,44.52060357726903,,,,,,1.5554177059342367
1315,-0.30017748586481685,44.49754025241008,,,,,,1.5193594277317317
1316,-0.30736128333476703,44.49353121074206,,,,,,1.5122514207748365
1317,-0.319555659335276,44.489934069996806,,,,,,1.4896968938301929
1318,-0.36648457970136866,44.49496702883534,,,,,,1.437392419144231
1319,-0.4106674100646278,44.44730239113414,,,,,,1.423800413185244
1320,-0.4463914380398325,44.40271773423143,,,,,,1.4379080751859832
1321,-0.43660366341769946,44.39128406755097,,,,,,1.4009691115971792
1322,-0.44000039136764335,44.38864572129857,,,,,,1.410501748473165
1323,-0.45032962143664035,44.45771305196788,,,,,,1.4424117536764574
1324,-0.43506419453224887,44.518906113092655,,,,,,1.4719532669068558
1325,-0.42155139281460063,44.56782200538723,,,,,,1.4917413294769293
1326,-0.41156107753865245,44.572660264809265,,,,,,1.514542959313464
1327,-0.3981247022758317,44.567013391770004,,,,,,1.5042807870350456
1328,-0.3409931872236478,44.59805097668273,,,,,,1.4445575981689376
1329,-0.28867938917484415,44.65887662837345,,,,,,1.4073799911326144
1330,-0.28063784446502893,44.65259506252939,-2.1992527639791013,43.300661918507444,0.32861196112565366,42.98017907939966,2.5480991579197383,1.403185544297685
1331,-0.2731013383535298,44.60074485550736,-2.420148936873078,43.62943893306603,0.7664546995560599,43.421181503716134,3.19340161780239,1.475779717958529
1332,-0.2875944521969662,44.53271795342557,,,,,,1.6051859213149324
1333,-0.346304610962485,44.45946227319037,,,,,,1.7446813916117534
1334,-0.4717748906501742,44.38838385772717,,,,,,1.9023394168979721
1335,-0.613554441360591,44.31770290799047,,,,,,2.0358278969772297
1336,-0.7713936714638061,44.2901921693078,,,,,,2.139695156006727
1337,-0.9267994673856874,44.386715262158006,,,,,,2.114161802949639
1338,-1.057808797586266,44.50019173618734,,,,,,2.035678666197436
1339,-1.1748402115947003,44.52004699636634,,,,,,1.9258865381590449
1340,-1.261578616587211,44.57420859303776,,,,,,1.8036353881178575
1341,-1.2800554453456565,44.65479625275889,-3.194667904577234,45.16465324272294,-1.0074290161036752,47.91894359102218,3.517119457451697,1.7831826553841852
1342,-1.320381954468048,44.727791758650845,-2.975351574626206,45.275298809537745,-0.8983632922318234,48.139049842444656,3.5376475663467266,1.7889056540544401
1343,-1.3068754111509304,44.75492792834649,,,,,,1.8320982389297575
1344,-1.2852906615773516,44.799909631610866,,,,,,1.866132635441245
1345,-1.2493823399699635,44.84890561226793,,,,,,1.8886951597930282
1346,-1.2346534209824969,44.93566175161928,-1.7535108108335504,41.54455143595652,-1.0090088590466746,48.35836617239563,6.8543675433061475,1.8688124248801905
1347,-1.206751150495397,45.04766636539965,-1.7535108108335504,41.54455143595652,-0.8983632922318234,48.139049842444656,6.649713265378046,1.875684974706964
1348,-1.1544490754202188,45.136650778382204,-2.533954189573977,44.72760042576396,-2.533954189573977,44.72760042576396,0.0,1.8157485154352215
1349,-1.107013646691636,45.27363576938235,-2.635120698730784,42.31038126747408,-1.8637614169127263,41.654012120564175,1.012825551939823,1.8245324831795162
1350,-1.0765432867274334,45.286285623747716,-2.635120698730784,42.31038126747408,-1.9740120229918026,41.76347280517182,0.858005563662138,1.8195697385596055
1351,-1.0899902060883717,45.20229104397681,,,,,,1.8552620897754464
1352,-1.1040517815163067,45.15376028247738,,,,,,1.8597441275624684
1353,-1.1360726483752688,45.14153859756493,-1.215291484717836,44.622484309249636,-0.23962438090739024,48.25127525220255,3.7576654993645797,1.8930643108234424
1354,-1.1599069881847024,45.14356522142532,-1.4346078146687644,44.51183874243473,-0.12976873556398894,48.2516702129383,3.960927221008717,1.9272696059120025
1355,-1.1843025612462474,45.16992469077698,-1.5444634600121656,44.511443781698986,0.089547594386989,48.362315779753175,4.18320538239475,1.9332685487041101
1356,-1.1773164390476583,45.267939183424026,-1.6543191053555169,44.51104882096321,0.4179296482098188,48.69306759799053,4.667279287557373,1.9141763902801112
1357,-1.159102693927368,45.36904236940361,-1.9846759628571202,44.72957522944274,0.4179296482098188,48.69306759799053,4.634844709142598,1.882928744084982
1358,-1.0977722254512594,45.41857761484595,,,,,,1.869396046280768
1359,-0.9985336781803826,45.48300858027409,-2.205967096486922,45.16820788934472,0.5277852935532201,48.693462558726274,4.461033805526078,1.8551053386202874
1360,-0.9561247856774636,45.577900807630854,-0.5640568273726727,46.821966980531535,0.5277852935532201,48.693462558726274,2.1667060059524568,1.817476944619525
1361,-0.8149213314687819,45.68670763021538,-0.3439505759501954,46.71290125665963,0.6376409388965715,48.693857519462036,2.210816504632449,1.8828927018401522
1362,-0.6845306284305441,45.780692002119515,-0.12384432452766804,46.603835532787755,0.6376409388965715,48.693857519462036,2.2244216576886133,1.9296435206916547
1363,-0.5964498204137794,45.85270661061564,-0.12384432452766804,46.603835532787755,0.6372459781608467,48.8037131648054,2.3278144351940915,1.9570290193364137
1364,-0.5063255821717346,45.93646147368323,,,,,,1.9584462087382237
1365,-0.4079401627671948,46.01449251613174,,,,,,1.9216300268776676
1366,-0.3311086317307695,46.07823522878527,,,,,,1.8858313870763481
1367,-0.28511996903128123,46.100081221389374,,,,,,1.8575041623833597
1368,-0.11251015141197795,46.122132706812984,-2.09690137261502,45.3883141407672,0.7467066627684232,48.913963770884486,4.529493566972342,1.7412853246288327
1369,0.036562885707679633,46.18300469606792,-1.6574787912415647,45.3898939837102,0.9668129141909508,48.80489804701268,4.306873542092222,1.6124904596344818
1370,0.17578316245186978,46.26260728208146,-1.3290967374186848,45.72064580194755,0.9664179534551759,48.91475369235601,3.9334098326499682,1.524103971119533
1371,0.2115712756138356,46.336298510474826,-0.7806084321733776,45.94233189631304,1.2963798502210546,48.806082929219926,3.5376475663467106,1.4367793670928781
1372,0.12711212262167498,46.4607386741521,-0.5616870629581743,46.162833108471304,1.7369873138017344,48.478095836132844,3.2625673002209923,1.2718570964777587
1373,0.007123054618486581,46.585578565793966,0.3211077071463337,45.067436340923656,2.287450422725865,48.150503703781496,3.6567482876227513,1.2352338471191495
1374,-0.012334572723284422,46.66916913889372,0.3218976286178331,44.84772505023691,2.398095989540716,47.93118737383052,3.7173027230668683,1.3620102467851325
1375,-0.0075686498883123865,46.69808579626978,0.32268755008933264,44.62801375955018,2.1803595025327867,47.38111922564213,3.3212248930658728,1.516532445153528
1376,0.11650210021886291,46.4060672380412,0.10455610234557881,44.18780125670518,1.6322661580232045,47.049577485933284,3.244019297167224,1.6398072281580816
1377,0.2027717553135369,46.11389566227458,-0.11397030613384972,43.857444399203544,1.7401469996877823,47.59925067338591,4.175986730972386,1.7736883335894176
1378,0.2329277013634631,45.71064943272391,-0.551813044564356,43.416441974887114,2.396516146597717,48.370609955203975,5.765104109784597,1.8945454199589835
1379,0.17550378409996584,45.130769700865166,-0.9900507437305371,43.085295195913986,2.396516146597717,48.370609955203975,6.277211754229433,1.9039179558192978
1380,0.18720245677384711,44.823850624182555,-1.2101569951530147,43.194360919785865,1.9563036437527623,48.588741402947726,6.255063051229531,1.8656740181995768
1381,0.2090861867004092,44.572582904351066,-1.2105519558887894,43.30421656512922,1.298749614635553,48.14694905715972,5.454232518072891,1.7920938972132596
1382,0.2917410854938733,44.424305677731994,-1.430263246575492,43.30342664365772,1.4109750243934027,47.48821014583526,5.058166453618944,1.7745548108110218
1383,0.3719244869984842,44.34665877492541,-1.430263246575492,43.30342664365772,1.8511875272384577,47.27007869809155,5.148033381972985,1.7982574866462098
1384,0.4629300148736138,44.32132851817213,-1.3200126404963661,43.19396595905011,2.0720837001323846,46.94130168353293,5.054586295246381,1.8253973867195876
1385,0.5206923523843601,44.28535236820733,-1.5397239311831188,43.19317603757862,2.072873621603884,46.721590392846196,5.049808802406421,1.8075826658317986
1386,0.5323688999748808,44.2432385668612,-1.3204076012321406,43.30382160439346,1.8543472131244558,46.391233535344625,4.428451260052418,1.7904867286184134
1387,0.5413438417474121,44.20448618935935,-1.3204076012321406,43.30382160439346,1.9645978192035816,46.28177285073697,4.433898311631733,1.770622373004281
1388,0.5620181683130482,44.21504371926713,-1.2105519558887894,43.30421656512922,1.636215765380702,45.95102103249962,3.887114655802391,1.7537909787854187
1389,0.6181485439794139,44.21083575187296,-0.9912356259378112,43.4148621319441,1.6366107261164766,45.841165387156266,3.5766637997242605,1.7418431728662316
1390,0.6075146887905778,44.20497165496765,-1.210946916624564,43.41407221047259,1.525570198565851,46.170337362450596,3.8840086907392686,1.7445842991059632
1391,0.5943855180717241,44.190646441617496,-1.210946916624564,43.41407221047259,1.523990355622852,46.60975994382405,4.206221816811483,1.7499414102613153
1392,0.6246881083782546,44.229009527911685,-1.1010912712811627,43.41446717120835,1.5232004341513528,46.82947123451083,4.306873542092246,1.7752720639748858
1393,0.6188591710977367,44.25016174794689,-1.430263246575492,43.30342664365772,1.192843576649749,47.047997642990254,4.571925346622923,1.7919473156151764
1394,0.6337144868705168,44.2878403700567,-1.2105519558887894,43.30421656512922,1.192843576649749,47.047997642990254,4.448843315377201,1.818134021989986
1395,0.6391550118326567,44.289275791807476,-1.1010912712811627,43.41446717120835,0.7534209952762437,47.04641780004723,4.078024168287292,1.8135519991961435
1396,0.6278025510624329,44.29283070602307,-1.3211975227036399,43.52353289508022,0.42385405924613967,47.04523291783998,3.930340452679877,1.8079177837367326
1397,0.5868026599980791,44.307014187582574,-0.9912356259378112,43.4148621319441,0.09468208395176052,46.93419239028939,3.6830561684498515,1.7930177357716814
1398,0.5375956500323953,44.32541064166586,-0.9912356259378112,43.4148621319441,-0.125424167470667,47.04325811416121,3.7302663290149165,1.7812767501553057
1399,0.48765113654128517,44.35250159082832,-1.2113418773602886,43.52392785581597,-0.4561759857080452,47.37164016798406,3.9211178968662823,1.7616064567139755
1400,0.4264052743480202,44.372908835170065,0.11008555264612517,42.649822221898056,-0.6770721586020718,47.700417182542694,5.111567931551586,1.7431189596633339
1401,0.3478753003391978,44.42725937591306,-0.6782570408092962,48.0299841185728,0.33058676480442717,42.430900852682804,5.68924417146026,1.7455472543450123
1402,0.2986728669506721,44.427968288196666,-0.5680064347302201,47.920523433965194,0.11087547411767457,42.4301109312113,5.532224696860851,1.7141391133803208
1403,0.29847611127989065,44.41771634593265,0.22073111946107585,42.43050589194705,-0.5680064347302201,47.920523433965194,5.546386169485352,1.710757163415908
1404,0.2823559824255815,44.443801461355164,-0.8979683314960488,48.02919419710127,0.22112608019680063,42.32065024660368,5.817202621281553,1.7428227059741441
1405,0.2808550856330993,44.47690983844521,-0.8975733707603241,47.919338551757924,0.22112608019680063,42.32065024660368,5.709360664719173,1.768246526920306
1406,0.29448329198606155,44.47645736842372,-0.8967834492888247,47.69962726107117,0.11087547411767457,42.4301109312113,5.3649956995864185,1.7572863951085063
1407,0.2851351421664341,44.471900932699505,-0.7861378824739238,47.480310931120215,0.22073111946107585,42.43050589194705,5.149205387311344,1.7479407322172074
1408,0.2999453495669405,44.46660456249882,0.22112608019680063,42.32065024660368,-0.5640568273726727,46.821966980531535,4.569284904389088,1.7256924854096813
1409,0.29518301926134227,44.47095316324017,0.22112608019680063,42.32065024660368,-0.2329100483995698,46.3837292813653,4.088368873865256,1.6849805289806563
1410,0.26234752078025925,44.43562943177649,0.22112608019680063,42.32065024660368,-0.2329100483995698,46.3837292813653,4.088368873865256,1.6173552852359485
1411,0.24944293480363763,44.358445644512344,0.22112608019680063,42.32065024660368,-0.6719376690372505,46.2722937930789,4.051302207759286,1.5181262542344631
1412,0.24706691197605565,44.34436255533224,0.22112608019680063,42.32065024660368,-0.6707527868300263,45.9427268570488,3.7302663290149463,1.4641555029412403
1413,0.25838814373959756,44.332358483895476,0.11127043485339927,42.32025528586793,-0.4506465354074988,45.83366113317694,3.5580572408791316,1.4390689294119152
1414,0.25929420492095234,44.35618108091586,0.0014147895100478647,42.31986032513215,-0.12028967790589543,45.61513472469744,3.2975210910348136,1.427631950139667
1415,0.26242971791415476,44.37822357985034,-1.2137116417748373,44.18306172787613,0.11166539558917413,42.21039964052461,2.376556332605201,1.4015032003119698
1416,0.27485682125725325,44.40049649352103,-1.3235672871181885,44.18266676714038,-0.10804589509752861,42.20960971905308,2.3174223545712813,1.3853303830922497
1417,0.2706998462217668,44.39248788716311,-0.10804589509752861,42.20960971905308,0.6514645646479371,44.84890993244416,2.746408883409195,1.3670826825307518
1418,0.2820362088838676,44.421688874058326,-1.4338178931972647,44.29212745174803,0.002204710981547457,42.10014903444545,2.62048283750015,1.347161398045009
1419,0.27419488515281726,44.47085479486568,-1.2141066025105618,44.29291737321953,0.002204710981547457,42.10014903444545,2.507517935899741,1.3492160218892304
1420,0.2810959513985436,44.47879564228293,-1.3243572085896882,44.40237805782713,-0.10804589509752861,42.20960971905308,2.5075179358997146,1.3564055452990194
1421,0.2834569464389114,44.47874547691727,-1.3243572085896882,44.40237805782713,-0.10804589509752861,42.20960971905308,2.5075179358997146,1.3623714169007395
1422,0.2936516770808621,44.48818180125697,-1.2141066025105618,44.29291737321953,-0.10765093436180388,42.0997540737097,2.4564627829249317,1.3668321048727672
1423,0.28115439263338327,44.48476771460802,-1.3243572085896882,44.40237805782713,-0.10765093436180388,42.0997540737097,2.604313992201817,1.3688105421602121
1424,0.2532256586947198,44.47461999688617,-1.2141066025105618,44.29291737321953,-0.21790154044092996,42.20921475831733,2.3095976084685086,1.383432455507262
1425,0.24060506346267355,44.46153307523114,-1.2141066025105618,44.29291737321953,-0.21790154044092996,42.20921475831733,2.3095976084685086,1.377876489662553
1426,0.24789609426656667,44.45471590527992,-1.2141066025105618,44.29291737321953,-0.10765093436180388,42.0997540737097,2.4564627829249317,1.383492034504128
1427,0.27087845878534017,44.45063333979721,-1.3243572085896882,44.40237805782713,-0.21790154044092996,42.20921475831733,2.456462782924905,1.373208825599915
1428,0.2554396528886382,44.455743958432,-0.8849346272162326,44.40395790077012,-0.10725597362602926,41.989898428366295,2.5362309091548387,1.3775861883582763
1429,0.2491653765551865,44.46271677459493,-1.3243572085896882,44.40237805782713,-0.21711161896943057,41.989503467630556,2.654798784041777,1.3766094761822423
1430,0.2771514137065584,44.50378011716492,-1.1070156823174337,45.06230185135886,-0.3265723035770572,41.87925286155142,3.2773301235813457,1.3740332849215908
1431,0.29586828623746614,44.48338611452234,-0.8857245486877323,44.623669191456884,-0.3265723035770572,41.87925286155142,2.800798497761666,1.3597914611790103
1432,0.3538630219815748,44.47082277037031,-0.7766588248158303,44.84377544287938,-0.3265723035770572,41.87925286155142,2.9984949577753053,1.3507633270517874
1433,0.42361517836473994,44.477538394014374,-0.667988061679753,45.173737339645264,-0.4368229096561333,41.98871354615905,3.193401617802428,1.3375595274711485
1434,0.47195433059651154,44.456555446055006,-1.4322380502542658,43.852704870374524,-0.4368229096561333,41.98871354615905,2.1131291865105033,1.3455393753430411
1435,0.5515403162471636,44.5045994092837,-1.3215924834394148,43.633388540423546,-0.43642794892040854,41.878857900815674,1.9651702263399518,1.3588165263439334
1436,0.5611811909761613,44.591729804247294,-1.5428836170691664,44.07202120032553,-0.4372178703919079,42.09856919150245,2.2620808063601765,1.3755374572708434
1437,0.6821936789173437,44.588187464420265,-1.433027971725765,44.07241616106128,-0.4372178703919079,42.09856919150245,2.2108165046324153,1.4068414111307395
1438,0.7734297199336753,44.53672660993351,-1.1042509571671606,44.29331233395528,-0.4372178703919079,42.09856919150245,2.2938680433269716,1.4021772880263474
1439,0.8571878893774054,44.46165367635521,-0.7750789818728313,44.404352861505906,-0.4372178703919079,42.09856919150245,2.3304052144435374,1.3980721951968986
1440,0.9625444484401613,44.42092326180864,,,,,,1.3672950433413882
1441,1.0903797458156914,44.32639481072144,-0.5470735157353092,42.09817423076671,0.43214823469695923,44.738264365629306,2.8158393343226145,1.3456178758152282
1442,1.1452844578332362,44.24102667827005,,,,,,1.328203453228938
1443,1.1951502551642998,44.17171841360314,,,,,,1.3249860349253073
1444,1.2029815452686936,44.13314856814631,,,,,,1.3217446019773158
1445,1.226260548227953,44.09510459586281,-0.5466785549995345,41.98831858542329,2.3064085380420027,42.877432727299855,2.9884159546095836,1.3177100233072814
1446,1.3051485536729663,44.06101470383789,-0.5466785549995345,41.98831858542329,-0.11634007054834818,44.51657827126376,2.564622438146766,1.3665245430734176
1447,1.3540276154074986,44.0495139147815,-0.6569291610786605,42.09777927003095,-0.5553676911861287,44.40514278297741,2.3095976084684744,1.4194689387727857
1448,1.4621177194684327,44.02780968469355,-0.7750789818728313,44.404352861505906,-0.6569291610786605,42.09777927003095,2.3095976084684744,1.4540991534982453
1449,1.4851581672544807,44.00638789191344,-0.656534200342886,41.987923624687554,-0.6656182972652048,44.514603467585005,2.5266961727364854,1.4887869647818168
1450,1.5381170515469893,43.96758549714882,-0.7758689033443308,44.62406415219265,-0.656534200342886,41.987923624687554,2.6388402096556174,1.5033308554542686
1451,1.556296496580848,43.94762114491274,-0.9971600369740824,45.062696812094615,-0.656534200342886,41.987923624687554,3.09358305441733,1.5202149615249276
1452,1.575079022757781,43.9129439347654,-0.9971600369740824,45.062696812094615,-0.7663898456862372,41.98752866395181,3.083814848615121,1.5562776307020723
1453,1.6440424237108242,43.87281615842957,-1.1070156823174337,45.06230185135886,-0.7667848064220119,42.0973843092952,2.984374822328689,1.5468373169267142
1454,1.6162213465962232,43.8612275065841,-1.2164763669251104,44.95205124527974,-0.6569291610786605,42.09777927003095,2.9086013106407607,1.5817819677059664
1455,1.4999709011284208,43.9251478391552,-1.215291484717836,44.622484309249636,-0.8770354125011379,42.206844993902806,2.439206935100167,1.6537817846309983
1456,1.3768059809723747,43.99907844971983,-1.5428836170691664,44.07202120032553,-0.7663898456862372,41.98752866395181,2.224421657688608,1.7468886761923752
1457,1.2571977857998613,44.05474185580255,-1.5416987348618922,43.74245426429542,-0.7659948849505126,41.87767301860842,2.019684519184425,1.8203085934268552
1458,1.2281642212935493,44.10107583485631,-1.6507644587337442,43.52234801287294,-0.7659948849505126,41.87767301860842,1.8675580407182761,1.8646405187621204
1459,1.1697728121417172,44.11794086842902,-2.0886071971642006,43.08134558855647,-0.7663898456862372,41.98752866395181,1.716011127324334,1.9229803317568128
1460,1.193106059876988,44.133529137767994,-2.308318487850953,43.080555667084965,-0.7663898456862372,41.98752866395181,1.8900402025105263,1.9580417349365398
1461,1.2173918941048585,44.15218886357113,-2.0893971186357,43.3010568792432,-0.7667848064220119,42.0973843092952,1.78833189986212,1.9718728020735348
1462,1.2314394963518804,44.17120072611951,-2.0893971186357,43.3010568792432,-0.7671797671577366,42.20723995463858,1.7160111273243146,1.9990303343598834
1463,1.2340944431643386,44.178274667924796,-1.9799364340281234,43.41130748532232,-0.7675747278935114,42.317095599981904,1.6331321307603224,2.0144037081121797
1464,1.2589268369818463,44.144318194566495,-1.6507644587337442,43.52234801287294,-0.878615255444187,42.64626757527626,1.167789075681178,2.0065931339387624
1465,1.2946064127904222,44.07317085084904,-1.4310531680469913,43.52313793434447,-0.878615255444187,42.64626757527626,1.036382783479798,2.00053754911904
1466,1.3335895397142619,43.99810225292088,-1.1014862320168874,43.524322816551724,-0.878615255444187,42.64626757527626,0.90589871339446,1.9544697603871646
1467,1.3360245246767857,43.913980707474195,-0.88137998059446,43.41525709267984,-0.7679696886292362,42.42695124532528,0.9947916074429163,1.894824604284936
1468,1.3098647824078316,43.873842129875186,-0.8782202947084121,42.53641192993291,-0.5522080053000806,43.526297620230494,1.0421888949231437,1.799851447535116
1469,1.2329573272875654,43.83003959918343,-0.8778253339726376,42.42655628458951,-0.3324967146133281,43.527087541701995,1.2282313914624758,1.7364753261786336
1470,1.1737227029777744,43.8179350041323,-0.987680979315989,42.426161323853755,-0.11278542392657538,43.527877463173496,1.406847782980695,1.6844101732360777
1471,1.1568985047264677,43.77874817606864,-1.0979315853951148,42.53562200846141,-0.0029297785832240754,43.52827242390924,1.477966103877241,1.648006646834569
1472,1.1104852078548937,43.726329537919106,-1.208182191474291,42.64508269306901,-0.11318038466235027,43.63773310851682,1.477966103877241,1.6499561872324744
1473,1.1340217224594065,43.74015422767697,-1.208182191474291,42.64508269306901,-0.22303603000575162,43.63733814778107,1.3982431286661319,1.6459386122522677
1474,1.1363313170767027,43.747869698309586,-1.2085771522100157,42.75493833841236,-0.44314228142817896,43.746403871652944,1.252555166454882,1.6297224943530593
1475,1.0839790945222298,43.73830046182359,-1.4282884428967184,42.75414841694086,1.320867415837738,41.9950329179311,2.8520368644971623,1.6384567494593025
1476,1.0809573328710167,43.72186525361865,-1.3192227190248662,42.974254668363365,1.320867415837738,41.9950329179311,2.8158393343226145,1.635000018796127
1477,1.0664080200668047,43.70326768924246,,,,,,1.6441264298183906
1478,1.0573165744263595,43.709058646308215,,,,,,1.660046459360042
1479,1.0664223245182678,43.708898518179716,-1.5440684992764406,44.40158813635563,1.1023410073582098,41.66467606042952,3.8071210892426883,1.6671634556791939
1480,1.0578569036542445,43.72115354859787,-1.8736354353065447,44.40040325414836,1.1023410073582098,41.66467606042952,4.04235563325994,1.6776676337415615
1481,1.0410708123104355,43.7323901948563,-1.7629898684916439,44.18108692419735,0.9924853620148584,41.66428109969377,3.7318836134304036,1.6803574371197847
1482,1.03362546390446,43.74334769843528,-1.9830961199141215,44.29015264806925,1.101946046622485,41.77453170577292,3.980682591544954,1.6778854390807478
1483,1.0234043746318071,43.75231428011278,-1.87324047457077,44.29054760880501,1.1015510858867104,41.88438735111622,3.8260935709741943,1.6906611988123963
1484,1.0387562887861825,43.76053947973244,-1.87324047457077,44.29054760880501,1.321262376573463,41.88517727258772,3.9988316944230835,1.6852638928123576
1485,1.023937170443792,43.771594027126206,-2.092556804521748,44.17990204199011,1.4315129826525892,41.77571658798016,4.266049174839413,1.684007793418576
1486,1.0309120293025689,43.78272196079952,-1.8724505530992706,44.070836318118246,-1.3208025619679153,43.41367724973684,0.8580055636621515,1.6908517205323415
1487,1.0480339750088177,43.81222773889814,-2.092161843785973,44.07004639664676,-1.210946916624564,43.41407221047259,1.0985635533636884,1.6951865427494894
1488,1.0220155679128604,43.80172472922696,-2.3126630559442254,44.28896776586201,-0.9912356259378112,43.4148621319441,1.5843708884034913,1.7152986401902406
1489,1.0070744301413885,43.77935947584702,-1.2105519558887894,43.30421656512922,-1.2105519558887894,43.30421656512922,0.0,1.7283911694715577
1490,0.9786804058431078,43.7688615609116,-3.0828374555550586,44.61576997674184,-1.1014862320168874,43.524322816551724,2.262080806360203,1.7216775490099
1491,1.0134610260496093,43.80855281723356,-2.972586849475933,44.50630929213419,-0.7715243352510586,43.41565205341562,2.456462782924911,1.7057335269484382
1492,1.0558689555425869,43.869920776815945,-3.1907182972196866,44.066096789289226,-0.44116747774940523,43.19712564493614,2.883598543238594,1.7179792398428262
1493,1.1067625985812215,43.89903776424802,-3.189533415012412,43.73652985325913,-0.3313118324060539,43.19752060567189,2.9086013106407607,1.7558168828767398
1494,1.1584888140734708,43.87557199207186,-3.188348532805188,43.406962917229045,0.2183613550465276,43.08963976400728,3.421456742903067,1.830298336768842
1495,1.2654858221723768,43.81371905908045,-3.078492887461787,43.4073578779648,0.3290069218613784,42.87032343405631,3.44955952905316,1.9024161928677528
1496,1.3657193282232702,43.75367330634332,-3.078097926726012,43.29750223262142,0.548718212548131,42.871113355527804,3.6517944606191244,1.9614744675097828
1497,1.431634364732059,43.72723158752446,-3.078097926726012,43.29750223262142,0.4392575279405044,42.760862749448656,3.558057240879129,1.9943754610069908
1498,1.3795571625761296,43.77486488064904,-2.9678473206468863,43.18804154801382,0.5495081340196305,42.65140206484106,3.558057240879101,2.0703632407675094
1499,1.4053825610974566,43.81934287473064,-2.8564118323605356,42.74901392737606,0.6593637793629817,42.65179702557681,3.5171194574517073,2.0967925249253168
1500,1.430033977921249,43.85777927714675,-2.637095502409558,42.859659494190964,0.9893256761288606,42.54312626244073,3.6402093141678122,2.1038461844623013
1501,1.4596652237296526,43.90927385430862,-2.5272398570662067,42.86005445492672,0.9897206368646354,42.43327061709733,3.542761008041923,2.129424166407022
1502,1.4954123980532585,43.96809412735809,-2.5272398570662067,42.86005445492672,0.879864991521284,42.432875656361574,3.433780012640796,2.152953798106121
1503,1.6729330453196976,43.99673646655602,-2.0886071971642006,43.08134558855647,1.209431927551388,42.43406053856882,3.360958197313978,2.122928354298419
1504,1.8307110000474687,44.03991826108335,-1.9791465125565741,43.19159619463559,1.0995762822079866,42.433665577833075,3.1706454968806614,2.103123064792027
1505,1.9579401094920266,44.07781232540023,-1.8696858279489976,43.30184680071469,1.0999712429437112,42.3238099324897,3.12656668476947,2.0528901481114374
1506,2.042313356316691,44.11044915332025,-1.3208025619679153,43.41367724973684,1.2098268882871126,42.32420489322545,2.7551833750406334,1.9907440573146469
1507,2.0743966620850065,44.1354194498091,-1.1014862320168874,43.524322816551724,1.4303281004453148,42.10528352401025,2.902370811567288,1.9247715603695583
1508,2.0372838342305566,44.18085497047536,-1.102276153488387,43.74403410723842,1.3204724551019633,42.10488856327449,2.925151096050158,1.91273714087258
1509,2.0313936805264783,44.209749429697624,-1.3223824049109145,43.85309983111027,1.4307230611810893,41.995427878666845,3.321224893065897,1.9147037265550868
1510,1.9773339784501285,44.285906623297805,-1.4326330109899905,43.9625605157179,1.4303281004453148,42.10528352401025,3.4126271623952387,1.922009481727317
1511,1.930737832483831,44.31936113346334,-1.652739262412518,44.071626239589754,1.5405787065244907,41.99582283940259,3.808705739088308,1.9246769672360338
1512,1.8994662741929103,44.366516425498226,-1.8724505530992706,44.070836318118246,1.5405787065244907,41.99582283940259,3.994302149800271,1.9339889040438272
1513,1.936802030011982,44.382152972497785,-1.7625949077558691,44.07123127885401,1.5409736672602157,41.88596719405922,3.960927221008709,1.9330263889901838
1514,2.0141008946276697,44.36279962953213,-1.652739262412518,44.071626239589754,1.5405787065244907,41.99582283940259,3.808705739088308,1.9585440335755953
1515,2.074674813612975,44.33442845715703,-1.433027971725765,44.07241616106128,1.6504343518678422,41.99621780013837,3.717302723066843,1.9797364284951444
1516,2.0933105224044617,44.26670083178194,-1.3231723263824138,44.072811121797024,1.759895036475419,42.106468406217516,3.656748287622735,2.002554832911087
1517,2.2102867061093088,44.17818758192731,-1.1026711142241619,43.85388975258177,1.4307230611810893,41.995427878666845,3.141968584307091,1.9470870760270143
1518,2.287343534621572,44.14532929379996,-0.8821699020659596,43.63496838336655,1.5405787065244907,41.99582283940259,2.9251510960501754,1.9273208882358281
1519,2.2490271422184684,44.12703266762918,-0.7719192959867834,43.52550769875899,1.320867415837738,41.9950329179311,2.5927030828730455,1.990894172603221
1520,2.2014484300541706,44.07425385396983,-0.9912356259378112,43.4148621319441,1.2114067312301118,41.88478231185197,2.681935422310393,2.041616126081981
1521,2.195911264378926,44.0850665825067,-0.11278542392657538,43.527877463173496,1.4311180219168143,41.885572233323465,2.254063956075747,2.104811504448573
1522,2.1073114596766067,44.081113186227746,0.10534602381712829,43.968089966018454,1.5409736672602157,41.88596719405922,2.529083226809472,2.183585748198254
1523,1.9971251907911514,44.09950901955461,,,,,,2.243234984125495
1524,1.988375740837072,44.13211855180932,-0.7731041781940576,43.85507463478905,1.4311180219168143,41.885572233323465,2.9559322077545023,2.2435994185204087
1525,1.922394143511314,44.18765637855498,-1.4353977361402634,44.73155003312151,1.3216573373092377,41.775321627244416,4.04235563325994,2.265550931730188
1526,1.9312827708696858,44.223177503768106,-1.2160814061893357,44.84219559993637,1.4311180219168143,41.885572233323465,3.968537078592896,2.2489075220705517
1527,1.9836055224736142,44.19006759599466,-0.5557626519218535,44.51499842832076,1.3216573373092377,41.775321627244416,3.3212248930658728,2.2248464308140883
1528,1.94119715123465,44.18587989937964,-0.44551204584272736,44.405537743713154,1.1023410073582098,41.66467606042952,3.147724867455226,2.1938854941657953
1529,1.8405103752002923,44.21641546085646,-0.4474868495215009,44.95481597043001,1.3216573373092377,41.775321627244416,3.6385512820552868,2.1568460006144052
1530,1.8194865574423311,44.24903921982374,1.1027359680939843,41.55482041508612,2.9698869781954826,41.67139039293731,1.87078631977552,2.1056276508413396
1531,1.8742320870881815,44.20366789375288,1.1027359680939843,41.55482041508612,3.079347662803109,41.78164099901646,1.9895832148857913,2.0397515166986873
1532,1.904609613336796,44.184247956232575,,,,,,1.9698798353021267
1533,1.8710567505470856,44.21474168976926,0.981426461413816,44.740239169308076,1.4323029041240882,41.55600529729337,3.21599672236721,1.9271932498344624
1534,1.864524517222969,44.23950768502756,0.872360737541964,44.520132917885554,1.652014194810841,41.55679521876489,3.0641850192932227,1.9261033072397113
1535,1.8558422304867388,44.2668118380587,0.653044407590936,44.40948735107068,1.5425535102032646,41.44654461268581,3.093583054417298,1.951178497549606
1536,1.8859816929639932,44.285156727821004,0.323477471560832,44.408302468863425,1.6528041162823408,41.33708392807818,3.3465643059157837,1.985747407461112
1537,1.924986815223269,44.29675284978515,-0.00648442520499679,44.5169732319995,1.6528041162823408,41.33708392807818,3.5867721490366056,2.0328280320042613
1538,1.9955273874565698,44.31418142838418,-0.5561576126576281,44.62485407366416,1.6528041162823408,41.33708392807818,3.960927221008721,2.049634667031767
1539,2.046457976772367,44.29786058597534,-0.6668031794724789,44.84417040361514,1.6528041162823408,41.33708392807818,4.204786980741485,2.0609861990425915
1540,2.0532570958913032,44.31060264853517,-0.7766588248158303,44.84377544287938,1.6528041162823408,41.33708392807818,4.266049174839417,2.0665127647029435
1541,2.0277246200497583,44.326544045702896,-1.1062257608459343,44.842590560672114,1.6528041162823408,41.33708392807818,4.461033805526083,2.089569723348732
1542,1.9529155520492574,44.34559637158724,-1.765359632906142,44.84022079625758,1.5429484709389893,41.33668896734241,4.818675937037994,2.14713522431021
1543,1.9020289354374842,44.35096486332939,-2.205177175015422,44.94849659865797,1.7626597616256918,41.33747888881394,5.364995699586396,2.203062709493273
1544,1.8361812444027823,44.39572448905128,-2.6445997563888777,44.946916755714945,1.8725154069690932,41.33787384954969,5.781826709404225,2.2626959634928934
1545,1.8281120975802978,44.411015287336525,-2.9745616531547068,45.05558751885107,1.872910367704868,41.22801820420633,6.1764287295674425,2.2883626534158323
1546,1.8882380724440704,44.413496264853144,-2.864706007811355,45.05598247958682,1.9823710523124447,41.338268810285435,6.108645590774478,2.2513163517381862
1547,1.863757532399955,44.38723741454731,-3.194667904577234,45.16465324272294,1.7630547223614665,41.22762324347059,6.330815023413064,2.2798684113093217
1548,1.7449492907918605,44.430166246698896,-3.1954578260487327,45.384364533409666,1.6531990770181153,41.227228282734835,6.38680323560482,2.346774966296351
1549,1.716076919642705,44.463120207769535,-2.8670757722258533,45.715116351647,1.6528041162823408,41.33708392807818,6.292573567973668,2.381325690035866
1550,1.62109758877948,44.50982242294375,-2.541063482817572,46.70500204194456,1.7626597616256918,41.33747888881394,6.879850184717284,2.444363537890892
1551,1.5455039332884006,44.51885593682937,-2.323721956545318,47.364925835476264,1.652409155546616,41.44693957342159,7.129668997815655,2.474139063399189
1552,1.4814705494218623,44.51439232224185,-2.2142612719377412,47.47517644155542,1.7622648008899675,41.447334534157335,7.2213321256166525,2.480195006021316
1553,1.458146709600211,44.4340709815837,-2.104800587330065,47.58542704763455,1.7622648008899675,41.447334534157335,7.254679484358686,2.4486195191108804
1554,1.3849642514724712,44.36198862263666,-2.104800587330065,47.58542704763455,1.7622648008899675,41.447334534157335,7.254679484358686,2.449581763024812
1555,1.2110770359847738,44.31635840031363,-1.8850892966433621,47.58621696910604,1.872120446233369,41.44772949489309,7.197058671640608,2.49585791014241
1556,1.0840857938414419,44.2710443420303,-1.7752336512999607,47.586611929841794,1.98197609157672,41.448124455628836,7.197058671640608,2.5295410132350744
1557,0.9578786705156134,44.23594182912134,-1.7756286120357354,47.696467575185146,1.9823710523124447,41.338268810285435,7.3857466116306405,2.5644776666995583
1558,0.8707595702918607,44.19572995628354,-1.9945499812509884,47.47596636302692,2.2016873822634726,41.44891437710034,7.3439610328498,2.590243119185584
1559,0.8194941639359125,44.149418299367795,-1.8846943359076371,47.47636132376267,2.0922266976557964,41.33866377102118,7.313496575245519,2.6315614459089716
1560,0.7702952900472697,44.1463015397503,-1.7748386905642357,47.47675628449842,2.2020823429991974,41.339058731756936,7.313496575245527,2.6719561915453007
1561,0.7847518954459912,44.13240110323678,-1.9921802168364404,46.81683249096674,2.421398672950175,41.44970429857184,6.948794402626283,2.6778141705307683
1562,0.7979721956435242,44.11664980497972,-1.9909953346291662,46.487265554936606,2.421398672950175,41.44970429857184,6.696733852390265,2.682349369383629
1563,0.7841881814711729,44.12724381505303,-2.0992711370295183,46.04744801282738,3.949108728627751,44.311480527799915,6.292573567973661,2.707870243365129
1564,0.8107365193987504,44.165818499795094,-2.0988761762937935,45.937592367484,2.421398672950175,41.44970429857184,6.369774252812415,2.713653148206435
1565,0.7812966910038135,44.22136892809837,-2.2075469394299208,45.60763047071815,2.0914367761842962,41.55837506170789,5.905737071231228,2.712307079164151
1566,0.8409772871751465,44.24097277607712,2.0910418154485217,41.66823070705129,4.3905061136799794,43.76378214402608,3.11108853680638,2.6546227686275343
1567,0.9510994568951568,44.24316406896478,2.0906468547127974,41.77808635239469,4.609032522159458,44.09413900152769,3.421456742903045,2.5637480520229956
1568,0.9423963125854204,44.26941814303832,-2.541063482817572,46.70500204194456,4.499571837551882,43.98388839544856,7.548178932138472,2.55202490647129
1569,0.9179423761971699,44.31608060358383,2.2001075393204235,41.888336958473744,4.718493206767034,44.20438960760679,3.421456742903065,2.5529653736326443
1570,0.9388434772678104,44.32451633893479,-2.4316027982098953,46.81525264802374,2.4198188300071264,41.889126879945245,6.913971861213977,2.5644439839365245
1571,0.8929144767881386,44.376356241790276,-2.5414584435532968,46.81485768728796,2.3099631846637747,41.88873191920949,6.913971861213981,2.563732115280894
1572,0.919662707110876,44.398591828565564,,,,,,2.5528480493324888
1573,0.9486021818225416,44.39386281198498,-2.4319977589456707,46.92510829336706,4.609032522159458,44.09413900152769,7.588840132113502,2.5533507189295817
1574,0.9441118137789907,44.432172329931724,-2.4319977589456707,46.92510829336706,4.609032522159458,44.09413900152769,7.588840132113502,2.5388117156441026
1575,0.9792797455866625,44.44885329316732,-2.4316027982098953,46.81525264802374,2.6383452384866546,42.21948373744692,6.842913485806124,2.531645998438269
1576,0.9831193677953161,44.50381374558876,,,,,,2.5194153640445047
1577,1.048157851959562,44.497364280118056,-2.1036157051227904,47.25586011160444,2.639530120693879,41.88991680141676,7.161758159356554,2.520631640290218
1578,1.032491392267355,44.48974126933877,,,,,,2.5335062869314044
1579,1.0399158606604344,44.49221744114937,-2.323721956545318,47.364925835476264,2.6391351599581543,41.99977244676015,7.308544427126441,2.53170626698055
1580,1.0690163196771336,44.47821934504154,-2.323721956545318,47.364925835476264,2.6391351599581543,41.99977244676015,7.308544427126441,2.5258140087163827
1581,1.0559735275813367,44.4807424694128,-2.323721956545318,47.364925835476264,2.6391351599581543,41.99977244676015,7.308544427126441,2.5314068527383466
1582,1.0492068099591594,44.47320175056968,-2.213471350466192,47.255465150868694,2.748595844565731,42.11002305283929,7.148264490922614,2.518342892506232
1583,1.0671862670267511,44.46413294750214,-2.213471350466192,47.255465150868694,2.8592414113806317,41.89070672288827,7.383295182693846,2.5154617501824785
1584,1.0833788090912317,44.458176791143885,-2.3229320350738183,47.14521454478959,2.7497807267730052,41.78045611680921,7.3832951826938285,2.502869284421979
1585,1.072720932563936,44.474568310477636,-2.4331826411528943,47.2546752293972,2.7497807267730052,41.78045611680921,7.53857971808255,2.504039650203385
1586,1.056713026386716,44.51637379457804,-1.7720739654139628,46.70776676709483,2.7497807267730052,41.78045611680921,6.687717106881208,2.528281172132749
1587,1.0222694197483804,44.543273396049315,-2.323721956545318,47.364925835476264,2.7497807267730052,41.78045611680921,7.544980551091409,2.541478323356652
1588,0.9995819273554956,44.53512820124284,-1.993365099043714,47.14639942699684,2.75017568750873,41.67060047146581,7.244691394054092,2.5100524853576656
1589,0.9827332722674925,44.5316686029184,-1.9937600597794392,47.25625507234019,2.75017568750873,41.67060047146581,7.3283329410356535,2.439405140723461
1590,1.0246606774875522,44.48711304070204,-1.883509453700363,47.14679438773259,2.7493857660372303,41.890311762152514,7.006734454087166,2.3720273496959923
1591,0.9804989735989978,44.46276974215458,-1.8842993751718624,47.366505678419266,2.639925081429654,41.780061156073465,7.188669510761965,2.305270639834172
1592,0.927830548852007,44.40511016902207,-1.9945499812509884,47.47596636302692,2.639925081429654,41.780061156073465,7.343139330913458,2.216675152886001
1593,0.8336297020430652,44.354434430038985,-1.66458808448511,47.36729559989077,2.6403200421653787,41.67020551073006,7.14066309686397,2.1303294769921335
1594,0.7562052224748627,44.34440601857648,-1.7740487690926867,47.25704499381169,2.640715002901153,41.56034986538666,7.207112774803158,2.0704018364447325
1595,0.6998482081654591,44.3174841255592,-2.1024308229155664,46.926293175574315,2.640715002901153,41.56034986538666,7.161758159356531,2.053694223396453
1596,0.6930072904391824,44.30003428790074,-2.3213521921308193,46.70579196341608,2.530859357557802,41.55995490465091,7.072736101275932,2.0586586330218437
1597,0.6696029905487784,44.272780715512994,-2.6509191281609232,46.70460708120881,2.530859357557802,41.55995490465091,7.301936338589835,2.085615466612056
1598,0.6672281140086025,44.31479456412742,-2.6501292066893742,46.48489579052208,2.530859357557802,41.55995490465091,7.1482644909226245,2.1301210386053526
1599,0.739822574888214,44.321430522120075,-2.6501292066893742,46.48489579052208,2.530859357557802,41.55995490465091,7.1482644909226245,2.1375017129329774
1600,0.8193688801592208,44.336762128430486,-2.5414584435532968,46.81485768728796,2.530859357557802,41.55995490465091,7.30358892123828,2.1100492535303252
1601,0.9098369937002168,44.352430472006056,-2.651314088896648,46.814462726552215,2.5312543182935765,41.450099259307606,7.4589148476112,2.102687874287832
1602,0.9784759722284401,44.37739078937789,-2.651314088896648,46.814462726552215,2.5312543182935765,41.450099259307606,7.4589148476112,2.0659790135691187
1603,1.089876646364888,44.365830330268025,-2.651709049632423,46.92431837189554,2.530859357557802,41.55995490465091,7.458914847611178,2.0298235211035354
1604,1.2222750456914993,44.35180073296918,-2.651709049632423,46.92431837189554,2.421398672950175,41.44970429857184,7.46376722686079,1.9718826269218754
1605,1.2937108416047967,44.34208118388461,-2.7603798127685,46.594356475129686,2.4210037122144006,41.55955994391514,7.224673788047052,1.9142600415286812
1606,1.350811686940953,44.34811955054272,-2.540273561346023,46.485290751257835,2.4210037122144006,41.55955994391514,6.991215643330691,1.8683959501077454
1607,1.3997474334429114,44.368465375880284,-2.320957231395045,46.59593631807271,2.311148066871049,41.559164983179386,6.84291348580613,1.8649956566650518
1608,1.4018259484592137,44.39465460551857,-2.1016409014440667,46.706581884887584,2.311148066871049,41.559164983179386,6.780015283085597,1.8828405734767144
1609,1.4081691119008173,44.394330744157934,-2.1020358621797914,46.816437530230985,2.4206087514786256,41.669415589258534,6.851725998776194,1.8831320273117025
1610,1.4317377267533122,44.38639113087027,-1.8819296107573638,46.707371806359085,2.4206087514786256,41.669415589258534,6.625167107623339,1.8726861842463354
1611,1.425328426575454,44.40802813847469,-1.661428398599062,46.48845043714386,2.529279514614803,41.99937748602439,6.14115695731232,1.8574386742511706
1612,1.4380958690397792,44.39685048528981,-1.4409271864408097,46.26952906792863,2.6391351599581543,41.99977244676015,5.905737071231224,1.8568436578544671
1613,1.4291834801143237,44.39861263365265,-1.3306765803617338,46.160068383321025,2.7489908053015055,42.000167407495894,5.826530880920043,1.8710030144347398
1614,1.424389379102878,44.393681776313045,-1.4401372649693103,46.049817777241906,2.858846450644907,42.00056236823164,5.905737071231223,1.8745659597590376
1615,1.4503553939030545,44.36969877528727,-1.549597949576987,45.93956717116277,2.969097056723983,41.891101683624015,6.067015523613007,1.885316188171582
1616,1.4752072311938913,44.35868340814538,-1.5484130673697127,45.610000235132674,2.969492017459758,41.78124603828071,5.922062567673458,1.9179224509982873
1617,1.4453074035680107,44.32317639329414,-1.547623145898213,45.39028894444597,3.1888083474107356,41.891891605095516,5.888341637064062,1.9453822007534511
1618,1.4777234579863165,44.27368547577408,-1.65708383050579,45.280038338366765,3.2978740712825876,42.111997856518066,5.881163856170605,1.962265664166688
1619,1.5056280519025746,44.23326378905961,-1.656688869770065,45.17018269302347,3.407729716625939,42.11239281725381,5.915945785974752,1.9607616350281678
1620,1.470536607517245,44.189295718510465,-1.6558989482985658,44.95047140233672,4.60666275774496,44.753272873587925,6.265665677463383,1.922968248933002
1621,1.4364357154882825,44.175187939651586,-1.6551090268270163,44.73076011164999,4.716123442352536,44.86352347966702,6.372615576685542,1.9041774895138384
1622,1.5306137382639977,44.188067387233225,,,,,,1.86555713639291
1623,1.792467478428953,44.13973311397308,-1.6543191053555169,44.51104882096321,4.716518403088311,44.75366783432367,6.375455634277333,1.8236234781601797
1624,1.9962162945085062,44.09836865656482,,,,,,1.7743452131318438
1625,2.1309269162460858,44.08727203735413,-1.543673538540666,44.29173249101228,2.4210037122144006,41.55955994391514,4.814917707475984,1.7254615310046013
1626,2.1209848919568492,44.094546305319234,-1.5440684992764406,44.40158813635563,2.3119379883425486,41.33945369249268,4.923967240432371,1.724205274811426
1627,2.09126566866289,44.110557322672676,-1.2141066025105618,44.29291737321953,2.091831736920071,41.44851941636458,4.361172782759025,1.7268975350243718
1628,2.0031819072586394,44.143744871900395,1.9815811308409452,41.55798010097214,4.60666275774496,44.753272873587925,4.1353294246818395,1.7461073707028079
1629,2.019811196945783,44.16770257524995,1.8713305247618195,41.66744078557979,4.497597033873108,44.533166622165396,3.887114655802381,1.7612824808316547
1630,1.999163893219961,44.189444553562865,1.6512242733393419,41.776506509451686,4.277490782450581,44.6422323460373,3.887114655802391,1.7909651755688716
1631,1.9284804379708231,44.24881781567358,,,,,,1.8240135166095055
1632,1.8629100504788618,44.30492407168246,,,,,,1.870069337362909
1633,1.8231343950358743,44.35031051646872,0.9810315006780412,44.850094814651435,1.649644430396343,42.21592909082514,2.7176961401833806,1.9601379605155218
1634,1.7575857154377583,44.37065853613073,0.5408189978330863,45.06822626239516,1.3196825336304638,42.324599853961196,2.852036864497195,2.0169922293138627
1635,1.698666661846349,44.35779718909509,0.32031778567483404,45.28714763161034,1.6488545089248434,42.435640381511845,3.1458072767396654,2.079129439152086
1636,1.6473454547438842,44.371880233233824,-0.11910479569862133,45.285567788667315,1.2086420060798386,42.65377182925558,2.947755339509884,2.1360856075965176
1637,1.5159661714380135,44.40661037465941,,,,,,2.1876051570506974
1638,1.4781949893382935,44.3974339848831,,,,,,2.193321902374034
1639,1.5561700134368874,44.38880118533565,,,,,,2.175010782886599
1640,1.6455525527107226,44.37133438385044,-1.1058308001101596,44.732734915328756,1.2082470453441136,42.76362747459893,3.0384766558194807,2.126899819242936
1641,1.8058047123814094,44.35193727208034,-1.4350027754045387,44.62169438777813,1.2082470453441136,42.76362747459893,3.2309723410668445,2.0700436416271124
1642,1.8992510084968839,44.343653124342715,-1.4350027754045387,44.62169438777813,1.2082470453441136,42.76362747459893,3.2309723410668445,2.028938085427745
1643,1.8945050874094984,44.332523630247024,-1.5452533814836649,44.73115507238576,1.428353296766541,42.654561750727076,3.6269238343935055,2.020681993206697
1644,1.8567495261400297,44.366885764504765,-1.5456483422194396,44.84101071772911,1.5386039028457172,42.54510106611948,3.8449724367728906,2.0184917712744688
1645,1.8159279956269794,44.399790012173064,-1.325937051532687,44.84180063920061,1.3184976514231899,42.65416678999133,3.432022254648629,1.9874006896613072
1646,1.8171571898847316,44.42591061438512,0.7581605241052906,45.72815005592684,1.3184976514231899,42.65416678999133,3.1246361092937733,1.980662689661955
1647,1.8311318165930595,44.4612898704509,0.8672262479771424,45.94825630734935,1.4287482575023158,42.544706105383725,3.4495595290531527,1.9653163224468635
1648,1.854405939439303,44.49693784526207,0.757370602633741,45.94786134661357,1.428353296766541,42.654561750727076,3.360958197313961,1.9679937012689448
1649,1.8637471373187602,44.52102121449769,0.536869390475539,46.16678271582882,1.4279583360308163,42.76441739607043,3.5171194574517175,1.9691472180886747
1650,1.8293840429826123,44.56565545888414,0.4274087058679124,46.056532109749696,1.6472746659817945,42.87506296288535,3.407318431419997,1.9854616803809189
1651,1.8151333401900933,44.57956627301842,0.2076974151812097,46.055742188278195,1.5370240599027183,42.984523647492935,3.3465643059157837,2.00750596460094
1652,1.7879281784999874,44.611198468746935,-0.12226448158466903,46.1644129514143,1.6468797052460697,42.9849186082287,3.6385512820552868,2.037116037649116
1653,1.7734328238842532,44.63196524127655,-0.3423707330071465,46.27347867528615,1.866985956668547,42.87585288435686,4.0527913834051414,2.0565105646794644
1654,1.733760562898751,44.66238216582508,-0.671147747565751,46.05258250239218,1.8661960351970477,43.095564175043584,3.896417695807337,2.1024741095254638
1655,1.6393267206862763,44.71807758690578,-0.8912539989882785,46.16164822626403,2.0859073258837504,43.09635409651508,4.273115684858897,2.1557881506741774
1656,1.509572575307504,44.79775409160183,-1.2216108564898818,46.38017463474353,2.195762971227152,43.09674905725083,4.739127282664857,2.2269211493361394
1657,1.4515199258704903,44.822553995550166,-1.9902054131576665,46.26755426424986,2.415869222649629,42.98768333337895,5.4928177668184475,2.275179775076717
1658,1.331043379336711,44.85560268728835,-2.2075469394299208,45.60763047071815,2.4166591441211285,42.7679720426922,5.426503652538076,2.3538814967555215
1659,1.3060473629743155,44.82351841144888,-1.990600373893441,46.377409909593254,2.5273047109360296,42.54865571274127,5.922062567673489,2.356244842085915
1660,1.3860839378042316,44.75464886491281,-2.211101586051693,46.59633127880846,2.856871646966133,42.54984059494852,6.485247839917134,2.29548383939838
1661,1.342186141245169,44.753820534238955,-2.320957231395045,46.59593631807271,3.0761879769170615,42.66048616176337,6.679591629164278,2.307946276989956
1662,1.25215066043098,44.747440613062096,-2.211496546787468,46.706186924151844,3.2951093461323144,42.880987373921656,6.704838555775949,2.3196540513779174
1663,1.1459696514580355,44.807663295581875,-2.1020358621797914,46.816437530230985,3.294319424660815,43.10069866460838,6.5518978700305786,2.3127879947869068
1664,1.0038563500100892,44.88968687333518,-1.9917852561007152,46.70697684562334,3.404570030739941,42.991237980000754,6.551897870030549,2.2979180615137342
1665,0.9102753765105303,44.93565674976638,-1.7724689261496875,46.81762241243824,3.2951093461323144,42.880987373921656,6.416965402133755,2.2781764667287745
1666,0.9158721592430024,44.977294744995746,-1.7665445151134165,45.169787732287716,3.2951093461323144,42.880987373921656,5.555082977914966,2.203370654507824
1667,0.9456926457731538,44.99494306944784,-1.7665445151134165,45.169787732287716,2.852922039608586,43.64839704838216,4.863548176308072,2.142006235243988
1668,0.9571727789986728,45.0107932178126,-1.6574787912415647,45.3898939837102,-0.8841447057447333,44.18424661008338,1.432351631871315,2.0808335434978003
1669,1.0182913546938697,44.99139151275081,,,,,,2.0578989555430662
1670,1.0760748579224535,44.972816153575,-1.547623145898213,45.39028894444597,2.194578089019877,43.42631599328093,4.226258373020993,2.043539918266322
1671,1.094538140675439,45.002479079039205,,,,,,1.994662941424898
1672,1.1055354578747874,45.02236248226625,-1.438952382762036,45.720250841211794,1.7539706254391476,43.75430308636801,3.749627702996122,1.9517347534228309
1673,0.9840666412354911,45.09873788325171,-1.2192410920753336,45.7210407626833,-0.7750789818728313,44.404352861505906,1.3895851932308874,1.8578808760778218
1674,1.039489492243833,45.05743637002726,-1.438952382762036,45.720250841211794,-0.6652233365294801,44.40474782224165,1.5261732633956084,1.8268875980182468
1675,1.161973187137463,44.95980287229123,,,,,,1.7900496588610455
1676,1.1743118555862924,44.85727851994298,-1.8783749641355416,45.71867099826877,3.6219115570121456,43.651161773532436,5.876031501710039,1.7682642223414362
1677,1.076974962912512,44.76715872203041,-1.988230609478893,45.71827603753302,1.7555504683821468,43.314880504994555,4.448843315377215,1.7715757407265489
1678,1.056573189959783,44.708224816784515,-1.988230609478893,45.71827603753302,0.42503894145336396,46.715665981809906,2.6112557566048027,1.823058113334015
1679,1.0662172471799565,44.696631578195436,-2.2083368609014205,45.8273417614049,0.3151832961100126,46.71527102107415,2.6751770694703074,1.8661626508821048
1680,1.0620677740850992,44.70968402848549,-2.208731821637195,45.93719740674825,0.20493269003093667,46.82473170568181,2.5716713449951625,1.916230506482646
1681,1.0313795214063464,44.73132820746109,,,,,,1.9424548937705621
1682,0.9874463769316918,44.71637222630223,-2.3197723491877706,46.2663693820426,-0.12463424599916735,46.82354682347453,2.2647467834861867,1.9760833981471857
1683,0.9407489564119604,44.674936318416606,-2.1004560192367925,46.37701494885751,-0.125424167470667,47.04325811416121,2.084377789846307,2.011591350007637
1684,0.9499059039208176,44.60929332289505,-2.1004560192367925,46.37701494885751,-0.34513545815741964,47.04246819268971,1.8772262228817207,2.0590184029545813
1685,0.9142784277850491,44.574144101176216,-2.1008509799725177,46.48687059420086,2.6403200421653787,41.67020551073006,6.758621544922256,2.120515339984336
1686,0.8856100333712396,44.585943264898646,-2.1008509799725177,46.48687059420086,2.640715002901153,41.56034986538666,6.837620526278177,2.1592143550261302
1687,0.8666000857871649,44.611408256960104,-2.1012459407082917,46.59672623954421,2.641109963636928,41.45049422004336,6.998117141204061,2.190318262752861
1688,0.8634086457635199,44.65640207097844,-2.3213521921308193,46.70579196341608,2.7505706482445045,41.56074482612241,7.224673788047052,2.2199512993192676
1689,0.8463323104359428,44.68859982880319,-2.5406685220817975,46.59514639660119,2.751360569716004,41.341033535435706,7.457296686219398,2.202505704763406
1690,0.919854030611064,44.63378737759135,-2.6505241674251487,46.59475143586543,-0.7861378824739238,47.480310931120215,2.064013526881571,2.2062556646159366
1691,0.9605400082903881,44.64217157458618,-2.649734245953649,46.37504014517873,2.970676899667032,41.45167910225061,7.471847522858013,2.1741071547215824
1692,0.989084100847244,44.66934819075994,-3.08797194511983,46.0438933662056,2.970676899667032,41.45167910225061,7.602345537431784,2.1485502757904444
1693,0.9527425796953288,44.683821531422,-2.8678656936974027,45.93482764233373,2.8608212543236804,41.45128414151486,7.27461452395669,2.190499445270117
1694,0.911500221210519,44.701900193118206,-2.756035244675228,45.38594437635267,2.8608212543236804,41.45128414151486,6.857888019934404,2.2165993087269618
1695,0.872334229050328,44.723629286350494,-0.8955985670815504,47.37006032504104,2.8608212543236804,41.45128414151486,7.010178413230509,2.2471068568389936
1696,0.860021673276361,44.72765768408486,-1.876400160456818,45.16939277155196,2.8608212543236804,41.45128414151486,6.022092536437034,2.2474017148097096
1697,0.8308130485718082,44.756471843558664,-1.876005199721043,45.05953712620859,2.8608212543236804,41.45128414151486,5.954579284658881,2.235425717011844
1698,0.8039003280515602,44.76113885987004,-2.205572135751147,45.05835224400134,2.751360569716004,41.341033535435706,6.195937397003122,2.227293895150815
1699,0.7831128545411968,44.77029160179422,-0.7849530002666495,47.15074399509014,2.861216215059405,41.34142849617145,6.858767856748604,2.206215772401517
1700,0.7865707926648305,44.73567429163409,-0.8948086456100509,47.15034903435436,2.8608212543236804,41.45128414151486,6.825254324790527,2.1481378107229556
1701,0.9099593499377967,44.62030054479391,-1.1149148970324785,47.259414758226214,2.751360569716004,41.341033535435706,7.069322618402764,2.0480162453447126
1702,1.0683515280501343,44.546032696663616,-1.3346261877192311,47.25862483675471,2.750965608980279,41.450889180779114,7.100834724097523,1.9653965928971961
1703,1.1621081361671013,44.57149208628065,-1.6626132808063363,46.81801737317399,2.750965608980279,41.450889180779114,6.948794402626272,1.8799962278341846
1704,1.183597285094993,44.52712475937536,-2.1012459407082917,46.59672623954421,2.860426293587906,41.56113978685816,7.069322618402748,1.811704440813139
1705,0.9211053695496676,44.521662338308765,-2.429233033795397,46.156118775963506,3.080137584274609,41.56192970832966,7.173544298073222,1.8118316195906243
1706,0.7309831902937516,44.414714541709195,-2.866680811490129,45.605260706303625,2.969492017459758,41.78124603828071,6.9773921683267135,1.672610141724464
1707,0.6804076655160016,44.308107592756386,-2.313452977415725,44.50867905654871,2.969097056723983,41.891101683624015,5.8955106790198215,1.4355437369572572
1708,0.5363635030130379,44.329046068481446,-0.8841447057447333,44.18424661008338,2.968702095988258,42.00095732896739,4.428451260052398,1.2992356248018495
1709,0.354632918397874,44.33823356097447,-0.7723142567225582,43.635363344102316,2.6391351599581543,41.99977244676015,3.7832716933944437,1.2067291872371826
1710,0.33127320114059944,44.34532123009522,,,,,,1.2045104485785836
1711,0.3185785869401233,44.38461055463507,,,,,,1.2175724519149431
1712,0.33979594448558414,44.41078000934734,,,,,,1.2143368595506414
1713,0.40220806482882243,44.39832957079471,,,,,,1.1938751707758444
1714,0.43699690451351475,44.394075664136444,,,,,,1.1629961175030192
1715,0.4935458184357063,44.39277464217197,,,,,,1.1508461312522702
1716,0.5751458589488277,44.402438839951,,,,,,1.1868157199102092
1717,0.6311414476568131,44.44810040060564,,,,,,1.2065627909574708
1718,0.6700993056775222,44.43013657383597,,,,,,1.2217685290564733
1719,0.6875867375321748,44.40380411812664,,,,,,1.2443254038628444
1720,0.6857358638551433,44.34248760081886,,,,,,1.2511776979334877
1721,0.7156926159697687,44.348734657773996,,,,,,1.2442607773921872
1722,0.7310022587631516,44.32133430382896,,,,,,1.237226611459362
1723,0.7341440450016248,44.319818573923385,,,,,,1.2241630477861727
1724,0.7571674179853185,44.29049777467733,,,,,,1.2196550998971167
1725,0.7789128371123066,44.30025830727914,,,,,,1.2185435570715928
1726,0.7966072085014405,44.289407200458456,,,,,,1.2061575300255067
1727,0.8274615905165947,44.28904388229613,,,,,,1.1975383865635123
1728,0.864308578009381,44.273226431701964,,,,,,1.1947251107655954
1729,0.9015149949145266,44.21770033125804,,,,,,1.1933147977504248
1730,0.954006721997141,44.17708008065818,,,,,,1.1834164859294931
1731,1.003967149454808,44.148822088895166,,,,,,1.1652632912710519
1732,1.0399063166707658,44.10658870382082,,,,,,1.1454338502184729
1733,1.0539763793172257,44.1252248069094,,,,,,1.1253710461803674
1734,1.0433849452978152,44.16897552072789,0.5479282910766315,43.090824646214536,0.8688060909201913,45.50883372597589,2.4392069351001675,1.1009329474087328
1735,1.0320143673583813,44.200705845306274,0.43886256720472977,42.87071839479206,1.0881224208711195,45.61947929279074,2.8243981362317765,1.0633271247300824
1736,1.0392522169863956,44.24619218274901,,,,,,1.0281026543608272
1737,1.0586265069453231,44.3070656766869,0.43846760646900496,42.98057404013541,0.9794516577350422,45.289517396024856,2.371472783826596,1.0054073972960567
1738,1.0619684883759597,44.3286193455879,0.32861196112565366,42.98017907939966,0.9778718147920432,45.72893997739837,2.824398136231779,0.9910669054540879
1739,1.038057670443407,44.35669844735889,0.3278220396541542,43.199890370086415,1.0873324993996198,45.839190583477496,2.7464088834092237,0.9997439236858086
1740,1.0578499151944003,44.37146285342314,0.2183613550465276,43.08963976400728,1.0877274601353946,45.729334938134116,2.7791703864617507,1.0103755331495303
1741,1.1116175338515624,44.40369891331582,0.21796639431080286,43.19949540935067,0.9770818933204939,45.9486512680851,2.8520368644971668,1.0263917835239587
1742,1.1305392603577122,44.43204981706679,0.21717647283925337,43.41920670003739,1.197188144743021,45.83958554421324,2.6112557566047943,1.0323290509380698
1743,1.1631108537958403,44.46253274209175,0.21717647283925337,43.41920670003739,1.1967931840072465,45.94944118955659,2.7132518262690337,1.037068966783709
1744,1.165106147243954,44.48402787994978,0.3262421967111051,43.63931295145984,1.3070437900863725,45.839980504949,2.409337968519004,1.0378533352837835
1745,1.1860816076540854,44.49235107516785,0.21678151210352864,43.529062345380765,1.3074387508221472,45.73012485960562,2.4564627829249317,1.0424511261582323
1746,1.1814232382714254,44.498678846064614,,,,,,1.0497427647610553
1747,1.201370279256888,44.510588343075206,,,,,,1.0726399899479464
1748,1.2009740520452001,44.50725588057229,0.21678151210352864,43.529062345380765,2.844232903422042,46.065221245936264,3.651794460619129,1.0832152801645745
1749,1.2129392180359009,44.53693413764102,0.10732082749585206,43.41881173930164,2.623336730528015,46.39399826049489,3.8964176958073513,1.0814382461964827
1750,1.241334355824419,44.53814147657597,,,,,,1.0910037169640268
1751,1.2456886897890016,44.549294759299784,,,,,,1.086298269896596
1752,1.245840914337423,44.563124787248874,-0.0029297785832240754,43.52827242390924,1.853952252388731,46.50108918068798,3.5050892066152586,1.080761680313049
1753,1.2520483901909678,44.58305056483389,,,,,,1.0717643481129489
1754,1.2494806133018295,44.558107787541275,,,,,,1.0644173028619126
1755,1.2496303292336595,44.55797320026895,-0.0033247393189989338,43.63812806925257,1.4157145532224498,46.16994240171485,2.9023708115672955,1.0519495633957894
1756,1.2682835330355113,44.554895074554494,,,,,,1.0401055477774213
1757,1.2614344506583899,44.52591767150333,,,,,,1.006867012861189
1758,1.2483973482348052,44.48406820729611,,,,,,0.9896227753638728
1759,1.2477463935117463,44.41028301657695,,,,,,0.9771996842998588
1760,1.2383319843802703,44.361052622596056,,,,,,0.9537400512556085
1761,1.2405099881214297,44.35165570208817,,,,,,0.9530821262258151
1762,1.223563000017483,44.339400618334054,,,,,,0.9594400166570743
1763,1.2089736944138645,44.32060218363356,,,,,,0.9626219695585012
1764,1.167630301692615,44.31744657233416,,,,,,0.9554764633000268
1765,1.151814332855922,44.29670860291303,,,,,,0.9623918592483336
1766,1.1314966247427494,44.28582461284164,,,,,,0.9682225534775329
1767,1.1157282276551193,44.27429896742436,,,,,,0.9723178580991085
1768,1.0944020980476765,44.25557709426763,,,,,,0.987953780314019
1769,1.0718450147796204,44.23901307282457,,,,,,0.9893533566531032
1770,1.0610256279400303,44.22067003452282,,,,,,0.9971357048749567
1771,1.0820774718078154,44.21374014211656,,,,,,0.9914493267427846
1772,1.0873408509827645,44.20218471402112,,,,,,0.9899230368674224
1773,1.0833620173182705,44.1832426031197,,,,,,0.9682809932023357
1774,1.0755849737471839,44.17829852150102,,,,,,0.956489536283135
1775,1.040520705822568,44.2031635408167,,,,,,0.9534455660010532
1776,1.0112296740850604,44.21806367526809,,,,,,0.9566827965593789
1777,0.9777537898705247,44.23396798898057,,,,,,0.9614102820097619
1778,0.9324549437134043,44.23463110633926,,,,,,0.9630564833146112
1779,0.8640092174090062,44.25564858544429,-0.6652233365294801,44.40474782224165,0.8767053056352362,43.31172081910854,1.8900402025105212,0.9612672239798584
1780,0.811142091024109,44.27419171090567,-0.5553676911861287,44.40514278297741,1.9772365627476731,42.7663921997492,3.01655230040424,0.9615499909981017
1781,0.7787370766571444,44.30770491999868,-0.7754739426085562,44.51420850684926,1.9764466412761736,42.98610349043596,3.1477248674552185,0.9571603920858097
1782,0.7411237134751449,44.31873538634361,-0.33526143976360123,44.296077059105556,1.9764466412761736,42.98610349043596,2.657070756031447,0.960523553638902
1783,0.7686384548939553,44.3354977592201,-0.44472212437122793,44.1858264530264,1.9768416020118986,42.87624784509261,2.752992373998221,0.9645328806961729
1784,0.8567853841040031,44.330024197252655,0.9873508724500869,43.09240448915756,1.9772365627476731,42.7663921997492,1.0421888949231535,0.9692293295783686
1785,0.8250881662347436,44.3115107724153,-0.5514180838285813,43.30658632954374,1.9764466412761736,42.98610349043596,2.5480991579197454,1.042880645032803
1786,0.7484412228754257,44.322652089058145,-0.8798001376514112,42.97583451130637,2.0870922080910246,42.76678716048495,2.974247969842217,1.1112123029975844
1787,0.6868937048123125,44.289346578013316,-1.4282884428967184,42.75414841694086,2.086302286619525,42.986498451171705,3.5222627009365337,1.1867712389579668
1788,0.7102224291228003,44.28020435894292,-1.5393289704473938,43.08332039223524,2.0866972473552496,42.876642805828354,3.631911584402226,1.1961423049092235
1789,0.8077572072832285,44.26979615432871,-1.210946916624564,43.41407221047259,2.306803498777777,42.76757708195645,3.576663799724268,1.1296608477428645
1790,0.8724646012507894,44.26236006496761,-0.6624586113792068,43.63575830483807,2.4166591441211285,42.7679720426922,3.1990653555384703,1.0800243900257134
1791,0.9348255477815178,44.257328293618336,-0.44472212437122793,44.1858264530264,2.417449065592628,42.548260752005504,3.29752109103478,1.0310449692384545
1792,1.044761703260653,44.2401513660558,-0.006089464469272031,44.407117586656156,2.4166591441211285,42.7679720426922,2.9251510960501754,1.0178628017378348
1793,1.1092993657900598,44.25819348492053,-0.00648442520499679,44.5169732319995,2.636765395543606,42.65890631882038,3.230972341066809,1.0335491150409484
1794,1.2153924856702494,44.25226679281253,0.5423988407760852,44.62880368102167,1.6476696267175692,42.76520731754196,2.1667060059525083,1.049815796871832
1795,1.3129865232245463,44.24342603371468,0.32150266788205845,44.95758069558028,2.52651478946453,42.768367003427976,3.1072069525914436,1.058342050686528
1796,1.3934772499356591,44.21821179471125,0.3195278642033347,45.50685892229711,2.636370434807881,42.76876196416372,3.5867721490366367,1.053959107174279
1797,1.4374412925257098,44.216075797406866,0.5392391548900873,45.507648843768614,2.746226080151233,42.76915692489947,3.517119457451721,1.0522406891231957
1798,1.401155173432396,44.23999529147239,0.6479099180261646,45.83761074053447,2.9651474493664858,42.98965813705773,3.67156966545672,1.0600641193516434
1799,1.3657022191323596,44.2386723171078,0.9774768540562686,45.838795622741735,3.1844637793174635,43.100303703872605,3.5171194574516877,1.0780628778910808
1800,1.2755076239986662,44.259246069130946,0.1041611416098542,44.29765690204857,3.294319424660815,43.10069866460838,3.4073184314200216,1.0781793728148095
1801,1.1901371748484633,44.283942693445596,-0.3364463219708754,44.625643995135654,3.293134542453541,43.430265600638485,3.821359281384927,1.146734245813161
1802,1.1247180515990716,44.31174895144024,-0.4466969280499514,44.73510467974328,3.402990187796892,43.43066056137423,4.06468514744564,1.1500577445773288
1803,1.0587363803062702,44.30212917114396,-0.22659067662752405,44.6260389558714,3.182883936374465,43.53972628524608,3.578350507575487,1.125197029413901
1804,1.0129437815356388,44.276556665174816,-0.5557626519218535,44.51499842832076,3.0726333302952886,43.64918696985366,3.7302663290149276,1.1052508518555437
1805,1.007812294912598,44.24707781120079,-0.11673503128412277,44.626433916607155,3.072238369559564,43.75904261519703,3.304832676710039,1.098981111461444
1806,0.9856314548573312,44.26510327404596,0.09823673057353312,45.945491582199075,3.0718434088237894,43.86889826054039,3.6269238343935055,1.1190621645391017
1807,0.9989547301809244,44.275014102178154,0.42622382366063827,46.38609904577982,2.9615928027447125,43.97835894514801,3.4964708281768786,1.1142265770740944
1808,1.0097791786890304,44.29657885994414,0.5364744297398143,46.276638361172175,2.8521321181370864,43.86810833906889,3.341150609775962,1.1027377260767306
1809,1.0423204919738354,44.32393224361584,0.5356845082683148,46.49634965185893,2.8517371574013617,43.97796398441227,3.421456742903065,1.091341382576397
1810,1.0782885687051122,44.37993470759321,0.5356845082683148,46.49634965185893,2.8517371574013617,43.97796398441227,3.421456742903065,1.1179807399590858
1811,1.105532037048337,44.47526670378892,-0.01714836507036452,47.483075656270465,2.8517371574013617,43.97796398441227,4.5294935669723655,1.2134111418962288
1812,1.1711762091009652,44.504591560781684,0.09270728027298691,47.48347061700623,2.742276472793685,43.867713378333136,4.482623931914363,1.3096887423268566
1813,1.2201115906928641,44.55625085344758,-0.017543325806089204,47.592931301613845,2.7418815120579603,43.977569023676516,4.548106181319112,1.3720452059589763
1814,1.2707527057016594,44.53193523315279,0.42306413777464036,47.26494420852676,2.7418815120579603,43.977569023676516,4.022903133465585,1.3564194669659717
1815,1.3022442112071473,44.40581359156379,1.3050689864075988,46.38925873166585,2.632025866714609,43.97717406294077,2.752992373998268,1.269574376662855
1816,1.3056797395770274,44.40279063939186,1.41492463175095,46.389653692401595,2.522170221371258,43.976779102205015,2.6547987840418035,1.2674708131312198
1817,1.3320597353209969,44.400287025081695,1.7452814892525537,46.17112728392212,2.7414865513221853,44.087424669019896,2.3095976084685086,1.2736275395479402
1818,1.3444240427638292,44.35123636205066,1.85474217386023,46.281377890001224,2.30285389142023,43.86613353539011,2.4564627829249277,1.255143171719475
1819,1.3618425404334114,44.33426224493834,2.1850990313618337,46.06285148152174,2.7418815120579603,43.977569023676516,2.1583349276252677,1.235450588518657
1820,1.375284682781463,44.30603900954861,,,,,,1.207208074057531
1821,1.3831489449548735,44.2414194343314,2.405995204255811,45.734074466963136,2.5241450250499815,43.427500875488214,2.3095976084685046,1.1844587975809775
1822,1.3090516677050705,44.20666894340262,2.3048286950990033,43.31685530867331,2.625706494942563,45.73486438843466,2.439206935100167,1.1648560630032896
1823,1.19623423542231,44.195159167933745,-0.11673503128412277,44.626433916607155,2.6264964164140627,45.515153097747934,2.88359854323858,1.1349117133470565
1824,1.109254049481418,44.2161312570655,-0.22659067662752405,44.6260389558714,2.6268913771497875,45.40529745240458,2.9579728929873776,1.112630094747253
1825,1.0808062630198108,44.34652203953059,-0.3368412827066002,44.735499640479034,2.4056002435200354,45.843930112306516,2.95797289298739,1.1384953011656258
1826,1.0626980324830588,44.4537824106159,-0.6668031794724789,44.84417040361514,2.6245216127352893,46.06443132446477,3.5102500769538105,1.1702571354114966
1827,1.0379481573677396,44.545758973160225,-0.5569475341291276,44.844565364350885,2.8438379426862674,46.175076891279645,3.651794460619138,1.191774406264225
1828,1.0085463235430787,44.621855314228675,-0.5573424948649023,44.95442100969426,3.173009917980646,46.286117418830244,3.9609272210086974,1.2218801146810792
1829,1.0316232071583635,44.662271783643924,-0.5573424948649023,44.95442100969426,3.392721208667349,46.28690734030177,4.168755579692619,1.2600043208814058
1830,1.0002247900400014,44.69362285527131,-0.997554997709857,45.172552457437995,3.2844454062669968,45.84708979819256,4.334804272828238,1.2375627472361004
1831,0.9950044244456607,44.736729862181306,-0.7778437070231045,45.17334237890952,2.9560633524441666,45.51633797995518,3.749627702996125,1.1964344742429107
1832,0.9856747492717102,44.775721923263724,-0.7778437070231045,45.17334237890952,3.0655240370517434,45.62658858603429,3.870001000060345,1.160638274787361
1833,0.9670684451179166,44.84007917796064,-0.7778437070231045,45.17334237890952,3.0659189977875183,45.51673294069093,3.859070977426243,1.1368329232272762
1834,0.9516144701857037,44.88846322293461,-0.7778437070231045,45.17334237890952,3.0659189977875183,45.51673294069093,3.859070977426243,1.1294275682716834
1835,0.9317658110754139,44.934929034422915,-0.997949958445582,45.28240810278129,3.066313958523243,45.406877295347584,4.066169421786682,1.1263871575809787
1836,0.8310051922050257,44.967806068389876,-0.667988061679753,45.173737339645264,2.8466026678365406,45.406087373876076,3.5222627009365324,1.1106002235910155
1837,0.7347347728517839,45.00147169986968,-0.887304391630731,45.06309177283036,2.9568532739156663,45.29662668926841,3.851244826646908,1.122264813313634
1838,0.6638329644375685,45.01602868704628,-0.9971600369740824,45.062696812094615,2.5174306925422107,45.295046846325405,3.5222627009365297,1.0821857364742344
1839,0.5669265522580842,45.04772192635928,-0.997554997709857,45.172552457437995,2.1882587172478316,45.18400631877483,3.185834304754706,1.002039116464144
1840,0.6434272849502495,45.13404192924594,-0.997554997709857,45.172552457437995,2.1874687957763324,45.40371760946156,3.193401617802413,0.9951327427851248
1841,0.7129698189404383,45.22512479587764,-0.9971600369740824,45.062696812094615,2.2973244411196836,45.404112570197306,3.312128121960509,0.9876915391356448
1842,0.8022089254038506,45.337454492728575,-1.1074106430532082,45.17215749670224,2.186283913569108,45.73328454549164,3.341150609775964,0.9794206171059675
1843,0.8520392141550029,45.40537855950213,-0.8876993523665055,45.17294741817374,2.405205282784261,45.95378575764986,3.384217701122855,0.9732175897296643
1844,0.8772933318816997,45.46982190050532,-0.7782386677588292,45.28319802425281,2.294954676705185,46.06324644225749,3.1706454968806614,0.9911044356564919
1845,0.9796944679014697,45.49664203936428,-0.8888842345737299,45.50251435420382,2.294954676705185,46.06324644225749,3.23283941567574,1.0237059384938896
1846,1.1064011274808674,45.516676863016606,-0.8888842345737299,45.50251435420382,2.518615574749435,44.96547991029535,3.4495595290531673,1.1064791761000297
1847,1.1354126213901063,45.56996736616738,-0.9987398799170814,45.50211939346807,3.1777494468096434,44.96784967470985,4.210523391295229,1.1949593204881581
1848,1.1785175728759556,45.608536896477055,-0.9987398799170814,45.50211939346807,3.2872101314172695,45.078100280789,4.306873542092239,1.222629821549376
1849,1.21902872548456,45.636320793130785,-0.9983449191813566,45.39226374812472,3.1769595253381437,45.18756096539661,4.180319417661847,1.2213300323855727
1850,1.221147003595688,45.66070759164943,,,,,,1.200126315407234
1851,1.2642558663711263,45.65557013771082,,,,,,1.1867242930607387
1852,1.2497738871133017,45.61251926493502,-0.8880943131022305,45.28280306351704,1.642140176417023,44.30318635234912,2.7132518262690173,1.1932950242130613
1853,1.221942152713241,45.53048499033473,-1.3279118552114606,45.391078865917464,1.4247986501447685,43.64326255881736,3.260717247733004,1.2000469038951753
1854,1.140908368971833,45.41131946587282,-1.1078056037889334,45.28201314204554,1.20627224166534,43.312905701315785,3.0384766558194407,1.216885312141725
1855,1.1045865176059948,45.29473504657057,-1.1078056037889334,45.28201314204554,1.0972065177934383,43.092799449893306,3.107206952591402,1.2446432661705926
1856,1.0694967098625603,45.193489430985075,-1.1078056037889334,45.28201314204554,1.0972065177934383,43.092799449893306,3.107206952591402,1.2619213116270402
1857,1.052836504638148,45.0696809628882,-1.1074106430532082,45.17215749670224,0.8778901878425104,42.98215388307843,2.9559322077545023,1.255322685211045
1858,0.962788251702352,44.93887853597575,-1.2168713276608352,45.06190689062311,0.657783936419983,43.09121960695028,2.7199155739058636,1.2701221823260778
1859,0.9050961807323832,44.86529994987888,-1.2164763669251104,44.95205124527974,0.768034542499109,42.98175892234266,2.7964862573322753,1.268082040388103
1860,0.83688431512273,44.77283950609666,-1.3255420907969122,44.73194499385726,0.5479282910766315,43.090824646214536,2.4906158409526653,1.2962317659365878
1861,0.7948709362915346,44.723371576757586,-0.9959751547668081,44.73312987606451,0.768034542499109,42.98175892234266,2.4857655620731367,1.3241348896756275
1862,0.7667259222714423,44.630808015978,-1.2156864454535607,44.73233995459301,0.657783936419983,43.09121960695028,2.490615840952677,1.3563958771449691
1863,0.7215547619903491,44.56991345367223,-1.2156864454535607,44.73233995459301,0.657783936419983,43.09121960695028,2.490615840952677,1.414502826311543
1864,0.6724254666957707,44.55362108695364,-1.6558989482985658,44.95047140233672,0.6581788971557576,42.98136396160691,3.0384766558194607,1.4950939308455975
1865,0.6158819450100805,44.54579429542062,0.8782851485782351,42.87229823773508,1.312178279651144,44.4118571154852,1.5995326777692092,1.6005749410693662
1866,0.4857045641112719,44.53975623153654,0.3290069218613784,42.87032343405631,1.0944417926431649,43.86178896729684,1.2525551664548586,1.6870397334312817
1867,0.3554700902896195,44.54514819325836,0.3290069218613784,42.87032343405631,0.6542292897982103,44.07992041504057,1.252555166454853,1.7567658184956745
1868,0.18781318913688128,44.55048435526602,0.43491295984723227,43.969274848225695,0.768034542499109,42.98175892234266,1.042188894923139,1.842898667452296
1869,0.04559853680947179,44.580925653520886,0.21559662989625433,43.85862928141082,0.6569940149484833,43.310930897637014,0.7034238914903403,1.9346915954173296
1870,-0.07434388975630513,44.61484587448768,-0.11436526686957448,43.967300044546924,0.9849811080355885,43.75153836121774,1.1203193991046574,1.9598119614035039
1871,-0.09939316663662108,44.619431056808274,-0.004904582261997825,44.077550650626044,0.7644798958773362,43.97045973043294,0.7768017381478453,1.9190624043583233
1872,-0.15363418758554348,44.58772549076781,,,,,,1.8007322775106145
1873,-0.1800639413857195,44.52392551605882,,,,,,1.6823202203981287
1874,-0.1860497902127841,44.446929448698555,,,,,,1.5559109375865126
1875,-0.12798164896525785,44.386546183956995,,,,,,1.4414967512205583
1876,-0.10928757552201082,44.34017556816022,,,,,,1.3295236490772557
1877,-0.048853610394343085,44.2478605019928,,,,,,1.2145543261473437
1878,0.040762662502434675,44.221881616145744,,,,,,1.142082188835058
1879,0.1092596067610182,44.16716432659057,,,,,,1.0947224964592648
1880,0.1767407447648389,44.165787354386545,,,,,,1.0531416938842408
1881,0.14638221452688646,44.16543093448939,,,,,,1.0622812290373296
1882,0.06479783970508113,44.143647254669865,,,,,,1.0897645705727579
1883,0.047323372765171824,44.09018446638515,,,,,,1.112108618850617
1884,0.012328353607624546,44.03541141795617,,,,,,1.1293936147927697
1885,-0.0027218423079578696,43.99154637724577,,,,,,1.1270924751322375
1886,-0.03588303879022832,43.97739702555019,,,,,,1.131360771446732
1887,-0.10027623310855847,43.95741043354916,,,,,,1.1271802568170637
1888,-0.2141888454381646,43.890562732719,,,,,,1.1583724623907845
1889,-0.31011316108461834,43.84229317651419,,,,,,1.177171161638735
1890,-0.3917985861721404,43.80718227345079,,,,,,1.2103823300062633
1891,-0.4543340494096035,43.77651727975163,,,,,,1.2413954346906495
1892,-0.5071152576354692,43.730525626742065,,,,,,1.2627379136061805
1893,-0.551581451193855,43.7120375915708,,,,,,1.2552733016163535
1894,-0.5626871905494051,43.68703788154651,,,,,,1.238729544576031
1895,-0.5978227388477756,43.683569071960406,,,,,,1.2117517617247089
1896,-0.5815250179701443,43.689057237582055,,,,,,1.228639863593892
1897,-0.6138359220285309,43.67281258656012,,,,,,1.2737344950243867
1898,-0.6092493003942601,43.63920807896883,,,,,,1.3394966725488657
1899,-0.6822654902699827,43.6128455257155,,,,,,1.398093906344688
1900,-0.7343698451344791,43.590282353647765,,,,,,1.4950367634532638
1901,-0.7407117839806955,43.57563493061415,,,,,,1.608791118810112
1902,-0.8190144468737663,43.5686025514112,,,,,,1.6864216677779749
1903,-0.8427142322069624,43.55716925190782,-2.8607564004538077,43.9574260261531,3.6250712428981937,42.7723166107855,6.593212005211245,1.8253857997168548
1904,-0.8224768379853779,43.57192374882606,,,,,,1.976842954196183
1905,-0.7644640989616115,43.579211498686824,,,,,,2.1145383668496214
1906,-0.7399153398846353,43.64549247348435,,,,,,2.1651501464421323
1907,-0.776809614131806,43.75550788233706,2.8576615684376327,42.330129304261746,3.408519638097438,41.89268152656704,0.703423891490331,2.1242182529052167
1908,-0.8374787744476591,43.90196686485487,,,,,,2.1019325131328395
1909,-0.8323110526546414,44.009971610287565,,,,,,2.0669122641752504
1910,-0.8364657842120425,44.049464306191744,,,,,,2.03316148099844
1911,-0.7882953303737906,44.003334937399806,1.4338827470670876,41.11658271591993,2.420213790742901,41.779271234601936,1.1882781663026256,2.0026965517010353
1912,-0.7858808598505268,44.01371112686994,-2.6434148741816035,44.61734981968484,1.2137764956446602,41.225648439791804,5.136298620001599,1.9394205364593846
1913,-0.7496277306246488,44.00801052411121,0.9932752834864079,41.444569809007064,1.9796063271621718,42.10725832768902,1.1882781663026132,1.8642792424684507
1914,-0.7438378907269751,44.01238910366986,-2.5335592288382527,44.61774478042059,1.9792113664264466,42.2171139730324,5.111567931551578,1.836475650004785
1915,-0.7106934361943625,44.01412462885979,-2.6434148741816035,44.61734981968484,1.8697506818188203,42.10686336695327,5.164417253206527,1.8131620457541675
1916,-0.6213644788802057,43.95450791096033,-2.7524805980534555,44.39724356826233,1.870145642554595,41.99700772160987,5.208627984403687,1.8186179305749557
1917,-0.5736958166159148,43.93919259372206,-2.861941282661082,44.286992962183234,1.980791209369446,41.77769139165895,5.454232518072884,1.8500390240554028
1918,-0.548215302878919,43.9503245477744,-2.423308622759076,44.508284095812954,1.8705406032903193,41.88715207626649,5.030653460529436,1.8568647742397315
1919,-0.5233456246143128,43.97117667492941,-2.3138479381514996,44.61853470189211,0.5538527021129526,41.44298996606404,4.278760490074012,1.8557089076115039
1920,-0.5369270748100544,43.98748910301276,-2.2032023713366486,44.39921837194111,0.7739589535353799,41.33392424219214,4.273115684858881,1.8386095768173596
1921,-0.5036568254627362,43.977542005789786,-2.313452977415725,44.50867905654871,0.9944601656936323,41.11500287297693,4.739127282664836,1.8556114773065782
1922,-0.5086984340509579,43.966046276003446,-2.313452977415725,44.50867905654871,1.104710771772758,41.00554218836931,4.894467420819573,1.8606667163432016
1923,-0.49366483463108324,43.96395992113083,-2.313452977415725,44.50867905654871,1.105105732508483,40.89568654302596,4.973958037214485,1.860840648526573
1924,-0.47892705013700754,43.92542926398806,-2.313452977415725,44.50867905654871,1.2157512993234338,40.676370213074954,5.20978635826085,1.8866814618223895
1925,-0.46421092804116443,43.897237904505815,-2.2035973320723734,44.50907401728446,1.4358575507458613,40.5673044892031,5.364995699586375,1.9007848793128619
1926,-0.5397738625305959,43.93334289771012,-2.3130580166800003,44.398823411205356,1.4362525114816358,40.45744884385972,5.439831147811696,1.8424597415344501
1927,-0.6212145769611438,43.948563815390266,-2.2039922928081483,44.618929662627856,1.4366474722173606,40.34759319851635,5.612358959326585,1.8018440551631714
1928,-0.6381798136440111,43.95592296921869,-2.2039922928081483,44.618929662627856,1.4358575507458613,40.5673044892031,5.446482665863285,1.7603399442783005
1929,-0.6205199888074407,43.91929616750303,-1.985070923592895,44.83943087478609,1.4354625900101363,40.67716013454645,5.387443478379717,1.7303074935409468
1930,-0.6138270530558647,43.91177363023818,-2.094926568936246,44.839035914050335,1.215356338587659,40.786225858418334,5.232899987089057,1.731907462637256
1931,-0.565107773404008,43.895404525741895,-2.094926568936246,44.839035914050335,1.4358575507458613,40.5673044892031,5.542032647488357,1.7770442985102024
1932,-0.5517375015035146,43.89935216486437,-2.09690137261502,45.3883141407672,1.4366474722173606,40.34759319851635,6.155878089798593,1.818977609026034
1933,-0.5102444516774451,43.85214237836089,-1.9854658843286692,44.94928652012947,1.2169361815306579,40.34680327704485,5.606980559471781,1.8617471460950548
1934,-0.4894253124054702,43.862028422262426,-1.9858608450643944,45.05914216547284,1.1078704576587561,40.1266970256224,5.822386832827559,1.9005897327282337
1935,-0.4733255825341083,43.82833044238937,-2.0953215296720207,44.948891559393715,0.7786984823644267,40.01565649807175,5.709360664719149,1.9363850710494381
1936,-0.47873160120606895,43.83010580113359,-2.0953215296720207,44.948891559393715,0.338485979519472,40.23378794581548,5.306187056500685,1.933270672627162
1937,-0.44436846775415495,43.74268074728891,-1.9858608450643944,45.05914216547284,0.008129122017868412,40.45231435429493,5.019846458873693,1.9678642898221361
1938,-0.43443257362364435,43.6975581012537,-1.986255805800169,45.168997810816215,-0.21197712940465893,40.5613800781668,4.9374290872616085,1.9965388928205203
1939,-0.40485356414603607,43.667149028942276,-2.0945316082004717,44.72918026870699,-0.3226226962195098,40.780696408117784,4.327838489325939,2.023159519087662
1940,-0.3492330676897875,43.63950374824146,-2.0945316082004717,44.72918026870699,-0.3226226962195098,40.780696408117784,4.327838489325939,2.043905622495802
1941,-0.2387661068698658,43.64128760189593,-1.985070923592895,44.83943087478609,-0.3226226962195098,40.780696408117784,4.3860072480124765,2.0495444252733823
1942,-0.22140167440693184,43.70065148511007,-1.7657545936419172,44.950076441600956,-0.4328733022986358,40.89015709272541,4.273115684858912,2.032223109840045
1943,-0.15534740982630363,43.72992961800344,-1.8752152782495435,44.83982583552184,-0.6529795537211133,40.99922281659726,4.030395974998726,2.03986858349723
1944,-0.10769662552982937,43.75945263691562,-1.8748203175137688,44.729970190178484,-0.8726908444078659,40.99843289512574,3.8637590589006723,2.066472316694291
1945,-0.06265648440998337,43.78515057344759,-1.765359632906142,44.84022079625758,-1.0927970958303432,41.10749861899762,3.7928294476401443,2.0681678487846695
1946,-0.044224241220123674,43.77839534680223,-1.765359632906142,44.84022079625758,-1.2030477019094694,41.21695930360524,3.666635863005569,2.1005077586994094
1947,-0.043091410654439194,43.864698431597866,-1.6555039875627908,44.84061575699334,-1.2030477019094694,41.21695930360524,3.6517944606191164,2.111872107239358
1948,-0.0012108225430998124,43.93644919207098,-1.6555039875627908,44.84061575699334,-1.2030477019094694,41.21695930360524,3.6517944606191164,2.1438042606828573
1949,-0.001367637745757735,43.946102610891195,-1.8748203175137688,44.729970190178484,-1.3129033472528207,41.21656434286949,3.5580572408791316,2.1830653253538426
1950,-0.014929308331702851,43.919689651528785,-1.9854658843286692,44.94928652012947,-1.3132983079885956,41.32641998821284,3.6846941743874084,2.2414417325210443
1951,-0.051398321445518244,43.949919199454314,-1.984281002121396,44.619719584099364,-1.423153953331947,41.326025027477094,3.341150609775981,2.2794898967264476
1952,-0.08201878125894586,44.0648972953488,-1.8756102389853186,44.94968148086521,-1.423153953331947,41.326025027477094,3.651794460619146,2.2681628984275988
1953,-0.10215833301658571,44.1445961155928,-1.9846759628571202,44.72957522944274,-1.5330095986753483,41.32563006674135,3.433780012640809,2.2821656677662667
1954,-0.10294571418571333,44.18613975604874,-2.094926568936246,44.839035914050335,-1.3132983079885956,41.32641998821284,3.5985293358202863,2.301370376651171
1955,-0.10919457533082792,44.208008221404235,-1.9854658843286692,44.94928652012947,-1.4235489140676714,41.435880672820495,3.5580572408791338,2.3409904296187207
1956,-0.10284413981460767,44.231295333901436,-2.0953215296720207,44.948891559393715,-1.5337995201468477,41.54534135742805,3.4495595290531846,2.3622986812806386
1957,-0.059329394737831956,44.249240182979825,-1.985070923592895,44.83943087478609,-1.5337995201468477,41.54534135742805,3.324856632689009,2.345164050567376
1958,-0.06323118245483973,44.297208513057825,-1.9846759628571202,44.72957522944274,-1.2038376233809687,41.436670594291996,3.3842177011228727,2.307090336736034
1959,-0.043370065149461956,44.259314494744494,-1.8744253567780444,44.62011454483511,-0.984521293429991,41.54731616110679,3.199065355538476,2.2488903518779932
1960,-0.028397044589128662,44.22440777202615,-1.9854658843286692,44.94928652012947,-1.094771899509117,41.656776845714454,3.410858503472438,2.190877095366411
1961,-0.06029625970288838,44.22822815882758,-1.986255805800169,45.168997810816215,-0.7659948849505126,41.87767301860842,3.5102500769538194,2.155868196998247
1962,-0.11763847345888959,44.19566672926966,-1.986255805800169,45.168997810816215,-0.21711161896943057,41.989503467630556,3.6385512820553196,2.1195104312955615
1963,-0.229249236418526,44.27598241149336,,,,,,2.00818686470202
1964,-0.34803185313024354,44.24720578364737,-2.0953215296720207,44.948891559393715,1.4350676292743616,40.787015779889835,5.457550514436599,1.9566353942335741
1965,-0.3555153737068139,44.03805554321467,-1.985070923592895,44.83943087478609,1.32600190540251,40.56690952846735,5.4053345811023386,1.9814492685543565
1966,-0.4280891356574655,43.98933802749408,-1.985070923592895,44.83943087478609,1.106685575451532,40.45626396165248,5.363870844620752,1.9588270833959058
1967,-0.4829502794273843,43.93855631309017,,,,,,1.9485013085450988
1968,-0.5050976398076792,43.94001367626377,-2.094136647464747,44.61932462336361,0.6668680333423018,40.56453976405283,4.9055506421536945,1.923281821634673
1969,-0.5186822554737962,43.940095771378544,-1.8736354353065447,44.40040325414836,0.6660781118708023,40.78425105473955,4.418902763243951,1.9192506489424974
1970,-0.525833046848889,43.96053548703225,-1.9838860413856207,44.509863938755956,0.7763287179499283,40.67479037013193,4.725100506276283,1.9079254458722017
1971,-0.5307204108792546,43.95742582006827,,,,,,1.9141731107572353
1972,-0.5112394432046438,43.911795514231464,-2.644994717124603,45.05677240105832,0.8857894025575549,40.78504097621108,5.5420326474883845,1.9306912502760096
1973,-0.4627088159304459,43.867744522740544,-2.4252834264378498,45.05756232252984,0.9964349693724058,40.5657246462601,5.646659409791128,1.9377337723055013
1974,-0.4950361099437925,43.88885893388384,-2.86510096854713,45.1658381249302,0.2246807268185733,41.33194943851339,4.923967240432387,1.9339241688095417
1975,-0.49662597506433115,43.844156436749536,-2.86510096854713,45.1658381249302,0.0045744753960958945,41.44101516238526,4.702057342894962,1.9432960198139555
1976,-0.47094320582546034,43.78842816615176,-2.7548503624679537,45.05637744032257,0.00496943613182053,41.33115951704187,4.63614644901076,1.944649956254453
1977,-0.4703938400070887,43.7520878457416,-2.7548503624679537,45.05637744032257,-0.2147418545549321,41.33036959557037,4.5094662312880445,1.9392272325804225
1978,-0.4521353822269035,43.65914283930802,-2.7548503624679537,45.05637744032257,-0.5450987120565356,41.54889600404982,4.14553113391925,1.95706890207009
1979,-0.4580179598049164,43.64292308558375,-2.7548503624679537,45.05637744032257,-0.6549543573998869,41.54850104331407,4.088368873865225,1.9484477564350835
1980,-0.47225906464429956,43.57989274899938,-1.9830961199141215,44.29015264806925,-1.093587017301843,41.32720990968434,3.0935830544173313,1.9701626637541325
1981,-0.5221337619181584,43.61742484183915,-2.6445997563888777,44.946916755714945,-1.093587017301843,41.32720990968434,3.9380094169530624,1.9544934869107242
1982,-0.5055054611366772,43.63172926705951,-2.8643110470756303,44.946126834243444,-0.8730858051436408,41.10828854046912,4.32365363243492,1.933630792767823
1983,-0.5248289790315208,43.63156171563838,-2.8643110470756303,44.946126834243444,-0.6533745144568879,41.10907846194063,4.428451260052406,1.9270495392278042
1984,-0.5347023843281222,43.63271775189511,-2.644204795653103,44.83706111037157,-0.43326826303436056,41.00001273806876,4.4284512600523875,1.9014783404590039
1985,-0.522537275572341,43.59708294408371,-2.42449350496635,44.837851031843094,-0.5431239083777619,40.999617777333015,4.274527585008047,1.8865988179614661
1986,-0.46631551252764325,43.57051022748928,-2.533954189573977,44.72760042576396,-0.5431239083777619,40.999617777333015,4.2262583730209995,1.9043075514871188
1987,-0.37212780478902324,43.52049403784109,-2.75366548026068,44.726810504292466,-0.32341261769100926,41.000407698804516,4.448843315377218,1.973731952550772
1988,-0.316343620077936,43.52620666716617,-2.533954189573977,44.72760042576396,-0.1029114055327571,40.78148632958928,4.634844709142616,2.0283026794946646
1989,-0.24177062622013254,43.48576262061387,-2.75366548026068,44.726810504292466,-0.3226226962195098,40.780696408117784,4.634844709142607,2.098460062350364
1990,-0.20905822010440372,43.51255902705463,,,,,,2.147159597295732
1991,-0.19256086681900894,43.50812921513583,-2.8627312041325816,44.50670425286994,-0.2127670508761584,40.78109136885353,4.571925346622926,2.185424729215016
1992,-0.22258607970940492,43.415184366687555,-2.9717969280044336,44.28659800144748,-0.7632301598002393,41.108683501204894,3.870001000060358,2.2273768792268025
1993,-0.274013175674328,43.46650662189398,-3.0812576126120597,44.17634739536833,-0.5431239083777619,40.999617777333015,4.0661694217866735,2.2387021202067796
1994,-0.32583180272382056,43.56704279896621,-2.9714019672687084,44.17674235610408,-0.32341261769100926,41.000407698804516,4.135329424681797,2.240994071495256
1995,-0.3956688311153107,43.687587260299026,-3.0808626518762856,44.06649175002498,-0.2131620116119331,40.89094701419691,4.278760490073993,2.258488771233287
1996,-0.5220817269583575,43.82811610696037,-2.9706120457971594,43.957031065417354,-0.1029114055327571,40.78148632958928,4.278760490073989,2.278360331792266
1997,-0.5690527617708083,43.86037830869807,-3.079677769669011,43.736924813994875,0.11600996368244615,41.00198754174753,4.206221816811487,2.231199203892509
1998,-0.6642240498008108,43.868292040067985,-2.969427163589935,43.62746412938725,0.006944239810594231,40.78188129032504,4.117781978801899,2.0848100454644953
1999,-0.7541330563684132,43.75916045702726,-2.858781596775084,43.40814779943629,0.22626056976157227,40.892526857139934,3.980682591544948,1.942964719658718
2000,-0.774908890646149,43.61177493825456,-2.7481360299601336,43.188831469485315,0.6656831511350275,40.894106700082936,4.113383421044335,1.9135853447501274
2001,-0.7791231172109984,43.553400361542984,-2.748530990695908,43.298687114828674,0.9956450479009064,40.78543593694683,4.509466231288033,1.924026138515731
2002,-0.8475099209227162,43.551691963387434,-2.6390703060883314,43.408937720907794,0.9960400086366811,40.67558029160345,4.548106181319106,1.922209144918139
2003,-0.9005659160238098,43.53481725693819,-2.638675345352557,43.29908207556442,0.8865793240290545,40.565329685524354,4.461033805526101,1.9273719048379052
2004,-0.926243803828815,43.515616565939595,-2.638675345352557,43.29908207556442,0.9980148123154048,40.12630206488665,4.826183616382181,1.9247709282046865
2005,-0.9191736451704972,43.52340664773916,-2.528029778537706,43.07976574561344,0.8877642062363286,40.23576274949424,4.444772388812856,1.9285752846749002
2006,-0.9210724065545655,43.55200103311855,-2.528424739273431,43.189621390956816,0.6676579548138012,40.34482847336608,4.278760490074,1.9243417431862722
2007,-0.9110806584958266,43.58665378681243,-2.528424739273431,43.189621390956816,0.7779085608929273,40.235367788758474,4.433898311631733,1.932125671643977
2008,-0.8974534505192084,43.602845331992675,-2.528424739273431,43.189621390956816,0.6688428370210755,40.015261537335995,4.505450081257555,1.9419253287691054
2009,-0.8757927873559821,43.593315883416075,-2.528424739273431,43.189621390956816,0.4487365855985481,40.12432726120787,4.273115684858897,1.9697726316719215
2010,-0.8413837843873786,43.53413529376183,-2.527634817801931,42.96991010027007,0.34006582246247097,39.79436536444202,4.278760490073989,1.9998707849159534
2011,-0.816628728245001,43.52709071920815,-2.528029778537706,43.07976574561344,0.010498886432366896,39.793180482234746,4.152802725429255,2.0275288417967268
2012,-0.7950659239840746,43.53307780277896,-2.528029778537706,43.07976574561344,-0.09935675891098446,39.792785521499,4.086892661911012,2.0486812168617385
2013,-0.732846879312496,43.554751502008955,-2.528029778537706,43.07976574561344,0.010498886432366896,39.793180482234746,4.152802725429255,2.0614301052449755
2014,-0.6867267668304289,43.5708137489246,-2.528424739273431,43.189621390956816,-0.21000232572588523,40.01210185144998,3.9334098326499682,2.0750707254513956
2015,-0.6467961792219161,43.59418290343582,-2.528819700009205,43.29947703630017,-0.10014668038248391,40.012496812185724,4.086892661911012,2.0787674536911056
2016,-0.5959287824688629,43.579011123605625,-2.4181741331943045,43.08016070634922,0.009708964960867402,40.01289177292147,3.9118735981979724,2.1052769515478262
2017,-0.5766818614199108,43.597126006572346,-2.4185690939300297,43.1900163516926,-0.31985797106923664,40.01170689071423,3.8087057390882966,2.113134145306489
2018,-0.5441737853521079,43.61178837716523,-2.4185690939300297,43.1900163516926,-0.21039728646165995,40.12195749679335,3.7800804050210304,2.128994257750686
2019,-0.5213103833393357,43.61301477266331,-2.4185690939300297,43.1900163516926,0.11956461030421883,40.013286733657246,4.0661694217866735,2.150279442977464
2020,-0.5215775316327449,43.624997419079484,-2.4185690939300297,43.1900163516926,0.12153941398299241,39.464008506940395,4.50946623128804,2.1577014201985887
2021,-0.506851822177994,43.58872847605387,-2.4185690939300297,43.1900163516926,0.0124736901111405,39.24390225551789,4.634844709142587,2.192923009554289
2022,-0.48291058686604027,43.575131437143376,-2.4173842117228053,42.86044941566249,-0.09817187670371033,39.463218585468866,4.113383421044344,2.217369667845082
2023,-0.4380382166106941,43.57129895086169,-2.4173842117228053,42.86044941566249,0.010893847168141584,39.68332483689137,3.99883169442306,2.2354555429753775
2024,-0.39454901764238404,43.61490482742986,-2.4173842117228053,42.86044941566249,0.010893847168141584,39.68332483689137,3.99883169442306,2.2538829810662064
2025,-0.38620725321392113,43.659061411359374,-2.4173842117228053,42.86044941566249,0.3412507046697451,39.46479842841189,4.37498711188455,2.249588106525
2026,-0.3899029823684605,43.69541187588241,-2.4173842117228053,42.86044941566249,0.5605670346207231,39.57544399522677,4.433898311631749,2.2405471486623325
2027,-0.3802164139213849,43.69216971539008,-2.4189640546658038,43.29987199703594,0.8905289313866017,39.46677323209067,5.064127759699101,2.2240698210314735
2028,-0.4067630890987662,43.682529622343154,-2.308318487850953,43.080555667084965,1.109450300601805,39.687274444248914,4.816170776516693,2.1735649732702353
2029,-0.4383436490527241,43.679204875169695,-2.9706120457971594,43.957031065417354,1.2193059459452065,39.68766940498467,5.98187777918429,2.0215850526983443
2030,-0.4931805234789322,43.68748336315962,-2.7505057943746816,43.847965341545475,1.1082654183945309,40.016841380279025,5.4376121670349695,1.8337274446108602
2031,-0.4820174801088382,43.803565550085075,-2.640255188295556,43.73850465693788,0.7775136001571524,40.345223434101825,4.816170776516688,1.690851741257698
2032,-0.5189353500430601,44.01049230633717,-2.8599664789823085,43.737714735466376,0.3361162151049236,40.89292181787568,4.278760490073994,1.6128089619337302
2033,-0.6252234656966623,44.16127877191775,-3.079677769669011,43.736924813994875,-0.1064660521545296,41.77018713767962,3.564834498907822,1.5241795246403333
2034,-0.8149205046236351,44.283984919199796,-2.9690322028541596,43.51760848404392,-0.4384027525991322,42.42813612753253,2.7551833750406334,1.4263961870397646
2035,-1.0995359149599067,44.378087197373304,,,,,,1.4740686099703906
2036,-1.2603449591615252,44.460427707234935,-2.2032023713366486,44.39921837194111,1.5318895703378965,44.4126470369567,3.7351160814365367,1.5403019863500345
2037,-1.0273705172479854,44.4784788988924,-2.313452977415725,44.50867905654871,1.970127269504128,44.743793815929855,4.290027818310804,1.6729947980849114
2038,-1.0005772091963472,44.48296930843046,-1.7633848292273686,44.29094256954075,2.8525270788728614,43.75825269372554,4.646547239309784,1.7149143258560333
2039,-1.0906065543541794,44.57234723890988,-1.653924144619792,44.40119317561986,2.3075934202492765,42.54786579126975,4.373607642478681,1.6451344858546366
2040,-1.115547956093797,44.6662119860681,-1.9811213162353476,43.740874421352395,1.8689607603473208,42.32657465763997,4.1016308729650675,1.6001014030053158
2041,-1.095898313076014,44.722873592391124,-1.7614100255485947,43.741664342823896,1.5393938243172165,42.325389775432704,3.5918156558387264,1.5962772263929002
2042,-1.075318230210205,44.73364766498741,-1.210946916624564,43.41407221047259,0.9897206368646354,42.43327061709733,2.40933796851901,1.6007991966079322
2043,-1.0194046781618809,44.69281186559486,-0.88137998059446,43.41525709267984,0.6597587400987566,42.541941380233446,1.7713805040209631,1.613630777320181
2044,-0.9870108665520276,44.64305462454859,-0.22224610853425203,43.41762685709436,0.33058676480442717,42.430900852682804,1.131040403180111,1.6038674292194262
2045,-0.9639980113722321,44.57527743059979,-0.0037197000547236187,43.74798371459595,0.4396524886762291,42.651007104105304,1.183189157194945,1.573562031797142
2046,-0.941164220496242,44.5321005731205,0.10495106308135359,44.07794561136183,0.21994119798952647,42.65021718263381,1.4323516318712892,1.5585549568506463
2047,-0.9540984443859112,44.51251287957432,-1.2105519558887894,43.30421656512922,0.21994119798952647,42.65021718263381,1.57290363836983,1.5324960975188042
2048,-0.943989759920937,44.447058940245036,-1.0999063890738885,43.08490023517824,0.22073111946107585,42.43050589194705,1.4738776697549656,1.547336582048113
2049,-0.9708699127657633,44.38744052071732,,,,,,1.5686788671133884
2050,-0.9812687067125294,44.31254205438775,-0.9892608222590377,42.86558390522726,0.44162729235500287,42.101728877388474,1.6220096485836217,1.57906565283338
2051,-0.9728318973878333,44.26110489717607,-0.878615255444187,42.64626757527626,0.5518778984341788,41.99226819278083,1.572903638369842,1.6225049518472656
2052,-0.972816982147052,44.226601944899535,-0.7679696886292362,42.42695124532528,0.5522728591699035,41.88241254743745,1.4281326193727928,1.6246523436648206
2053,-0.9674674760325424,44.20896110102232,-0.43761283112763255,42.20842483684582,0.3321666077474261,41.99147827130932,0.7997663388846129,1.6418313598274794
2054,-0.9370640503908619,44.19709744752489,-0.5470735157353092,42.09817423076671,0.3325615684831509,41.881622625965946,0.905898713394482,1.6721582830894153
2055,-0.9346524275938757,44.20692304863808,,,,,,1.7017160227600592
2056,-0.9420973295482261,44.23707735384886,,,,,,1.7376276174046807
2057,-0.9866254966323454,44.28390315302357,,,,,,1.765691394506585
2058,-1.0194382021023247,44.30022138289097,,,,,,1.7814409000753209
2059,-0.9777942924539459,44.28981161512078,,,,,,1.8012865949356427
2060,-0.9546645024204292,44.31589714047958,,,,,,1.8014779174542173
2061,-0.8459001642874154,44.30969544034166,,,,,,1.8190436855198155
2062,-0.7450399896664359,44.324122816237995,,,,,,1.8494367764246946
2063,-0.6930584301977798,44.35933311364741,,,,,,1.8738466329556596
2064,-0.6691008183515135,44.34698991665187,,,,,,1.8817123129960636
2065,-0.609116373077919,44.34871835632374,,,,,,1.9046785322162438
2066,-0.5931397207893614,44.38939166372631,,,,,,1.8730831907613328
2067,-0.5305028943884317,44.359360384766106,,,,,,1.8002419462257941
2068,-0.4658265160986586,44.266312424945895,,,,,,1.7101023916307674
2069,-0.411335034411005,44.15332859513069,,,,,,1.6317608311601481
2070,-0.38986327449826713,44.15083814847874,,,,,,1.5854235462324764
2071,-0.3704982086767132,44.1597329647377,,,,,,1.5638954428762442
2072,-0.38867271277390186,44.15456339630146,,,,,,1.561556650369791
2073,-0.3480684304790168,44.14654452929128,,,,,,1.5595738046380114
2074,-0.3310195679960496,44.13225375544676,,,,,,1.539499480271725
2075,-0.3283041054827325,44.09194651645864,,,,,,1.5398043972502942
2076,-0.28035048595293455,44.101514825139255,,,,,,1.5798049667482275
2077,-0.22913362221811773,44.11272962387144,-1.2058124270597426,41.985948821008776,-0.875455569558139,41.76742241252935,0.3960927221008487,1.5945469559376815
2078,-0.21022177189375493,44.095803727834706,-1.110965289674981,46.16085830479253,-0.6553493181356617,41.65835668865746,4.525495190232846,1.5907158517029665
2079,-0.17759560836406113,44.08199094532554,-1.2208209350183823,46.16046334405678,-0.6553493181356617,41.65835668865746,4.537479750488231,1.6057320401969373
2080,-0.15491749153308706,44.05652445554331,-1.3306765803617338,46.160068383321025,-0.6557442788713862,41.76821233400087,4.44341458447725,1.6150910524989468
2081,-0.1604631908641456,44.01945429639079,-1.330281619625959,46.05021273797765,-0.4360329881846336,41.76900225547237,4.373607642478674,1.6230778218285205
2082,-0.12960525981319437,43.93152747623007,,,,,,1.6185679163623976
2083,-0.07500093905462782,43.93123554465268,,,,,,1.6216052001735293
2084,-0.01637958993135,43.89179524021134,,,,,,1.624968615912764
2085,0.07073915084074406,43.864289695575216,,,,,,1.6463141215675394
2086,0.11499263069719237,43.94199496256087,,,,,,1.666426743757356
2087,0.13935292013941428,44.01907717224191,,,,,,1.6848865394112549
2088,0.19653319679583645,44.08725946658835,-1.1062257608459343,44.842590560672114,1.6528041162823408,41.33708392807818,4.461033805526083,1.7221913774958828
2089,0.23191561575541927,44.151725287315195,0.43846760646900496,42.98057404013541,2.3127279098140483,41.11974240180596,2.6411259097027058,1.7506231947412225
2090,0.242695115467488,44.199087436994695,-0.9959751547668081,44.73312987606451,2.3127279098140483,41.11974240180596,4.8993963922809485,1.7912890079774237
2091,0.2199098314616582,44.23710841471421,-1.1058308001101596,44.732734915328756,2.203267225206472,41.00949179572683,4.981231681905343,1.8128510445230117
2092,0.20676082133654378,44.22609981428444,-1.2156864454535607,44.73233995459301,2.3123329490783235,41.22959804714933,4.971531124146283,1.8493006935344434
2093,0.1396191456659166,44.287732102668315,-1.2160814061893357,44.84219559993637,2.422583555157399,41.120137362541705,5.205151316099244,1.855914369490252
2094,0.08059081732751185,44.34277828082113,-1.3255420907969122,44.73194499385726,2.422188594421675,41.22999300788508,5.129244876293541,1.883205552768999
2095,0.08278628156486141,44.372216740398606,-1.3263320122684616,44.951656284543986,2.3127279098140483,41.11974240180596,5.284536036515171,1.8871728144347835
2096,0.07645020767328473,44.42851610367243,1.318102690687465,42.764022435334674,2.3123329490783235,41.22959804714933,1.8283741438113625,1.841851946077279
2097,0.07518108234364679,44.3917522802508,1.6472746659817945,42.87506296288535,2.3123329490783235,41.22959804714933,1.7747837357924428,1.8631004279106131
2098,-0.0027890828007672013,44.352912596854964,1.5378139813742178,42.76481235680618,2.420213790742901,41.779271234601936,1.3228456928642718,1.8493161881690872
2099,-0.07563445654044036,44.20210986678041,,,,,,1.8395935313901786
2100,-0.1987548870169851,44.087017921558775,,,,,,1.8668244525288453
2101,-0.2811321844840289,44.020411553892565,,,,,,1.8237555598582174
2102,-0.3340983673058265,44.01288769757494,,,,,,1.78281488066995
2103,-0.34427397228778905,44.01416890097355,,,,,,1.7630776118682723
2104,-0.36337974005352897,44.03339432989573,,,,,,1.7578901791701744
2105,-0.3942823768629954,44.070960634642326,,,,,,1.74949250160479
2106,-0.38561662189230755,44.10957265385911,,,,,,1.7668970943992164
2107,-0.3970778301466696,44.15903025048282,,,,,,1.7929601193888496
2108,-0.3814084465343981,44.147198784892964,,,,,,1.8054441388940912
2109,-0.39838713069068055,44.184051122030155,-2.1016409014440667,46.706581884887584,2.311543027606824,41.449309337836084,6.864044509297297,1.8307786256735086
2110,-0.3735280760832247,44.157453828020294,-1.9921802168364404,46.81683249096674,2.092621658391571,41.22880812567784,6.921822207116336,1.8458144629487347
2111,-0.3754830823930259,44.18607538609559,-1.9925751775722151,46.92668813631006,2.093016619127295,41.11895248033446,7.100834724097508,1.8733898427323044
2112,-0.374085050570666,44.19779311421653,-2.102825783651291,47.03614882091767,1.8737002891763677,41.00830691351958,7.22133212561664,1.909296764632665
2113,-0.37391688742031975,44.208956822362,-2.102825783651291,47.03614882091767,1.873305328440593,41.11816255886296,7.129668997815663,1.9040289536220805
2114,-0.37279755236075457,44.17482436475989,-2.103220744387065,47.1460044662611,1.7638446438329662,41.00791195278383,7.254679484358686,1.9189817468390444
2115,-0.3996249087016096,44.224223156561585,-2.103220744387065,47.1460044662611,1.873305328440593,41.11816255886296,7.221332125616665,1.9390167886810206
2116,-0.40673698941492625,44.26937545029803,-2.103220744387065,47.1460044662611,1.7638446438329662,41.00791195278383,7.254679484358686,1.9412937979432643
2117,-0.4087816534964742,44.27813159692432,-2.2130763897304666,47.14560950552534,1.5445283138819883,40.897266385968955,7.291185421337022,1.9521811517143228
2118,-0.3974344686241783,44.26314401258966,-2.213471350466192,47.255465150868694,1.4354625900101363,40.67716013454645,7.522553807699219,1.9561227847135896
2119,-0.383451451072776,44.24793071765537,0.6546242505339849,43.9700647696972,1.3263968661382843,40.457053883123976,3.576663799724248,1.971758924706613
2120,-0.40487449329758757,44.28944882377917,0.6546242505339849,43.9700647696972,1.4362525114816358,40.45744884385972,3.5985293358202832,1.977700000178498
2121,-0.3769214407130768,44.24139486670165,0.7640849351415615,44.080315375776316,0.9972248908439052,40.34601335557335,3.7415726395510407,1.9927408750522042
2122,-0.36630242523974493,44.245959765898164,-2.323326995809543,47.25507019013294,1.2169361815306579,40.34680327704485,7.762577864813877,1.9980359091146334
2123,-0.3884746732174562,44.246334829065106,0.8743355412207376,43.970854691168725,1.3267918268740093,40.3471982377806,3.6517944606191164,2.012672121805235
2124,-0.3844045835868201,44.22184952727566,-2.323721956545318,47.364925835476264,1.3267918268740093,40.3471982377806,7.910420438787922,2.01441583506905
2125,-0.4136624047382543,44.236025713768264,0.8739405804849629,44.08071033651209,1.4366474722173606,40.34759319851635,3.7752884144129353,2.017251886347492
2126,-0.44508857259919127,44.25150480450013,0.8739405804849629,44.08071033651209,1.4366474722173606,40.34759319851635,3.7752884144129353,2.0116847660151125
2127,-0.4543389322753094,44.23645537166274,0.653044407590936,44.40948735107068,1.2177261030021573,40.127091986358145,4.319464721101911,2.0453527838059418
2128,-0.4702245404906356,44.21397267258658,0.7625050921985626,44.51973795714977,1.328371669817058,39.9077756564071,4.646547239309783,2.069826539190154
2129,-0.46075156989166693,44.19196522605255,0.7625050921985626,44.51973795714977,1.2181210637379323,40.01723634101477,4.525495190232818,2.0711625207794055
2130,-0.43944469013938775,44.15793920678421,0.8889490884436027,39.906195813464095,1.537419020638443,42.87466800214958,3.038476655819477,2.086200731593736
2131,-0.46780401460514387,44.17120542077199,1.3141530833299175,43.86257888876834,0.6688428370210755,40.015261537335995,3.9010608962977953,2.0721715689163416
2132,-0.4990732218611206,44.238895077818505,0.9980148123154048,40.12630206488665,1.3141530833299175,43.86257888876834,3.74962770299611,2.051819632494233
2133,-0.534313706900226,44.24905802123342,1.327186787609784,40.237342592437244,1.3141530833299175,43.86257888876834,3.625259726100162,2.020231400290358
2134,-0.5640583514434659,44.25825133497996,1.4358575507458613,40.5673044892031,1.3141530833299175,43.86257888876834,3.2975210910347834,1.9803305392992971
2135,-0.5571546200703827,44.220751847419876,1.5441333531462633,41.007122031312306,1.3141530833299175,43.86257888876834,2.864703263742608,1.9826399982042702
2136,-0.5820285885804758,44.20824620793798,1.3248170231952356,40.896476464497454,0.9834012650925394,44.1909609425912,3.3121281219604946,1.991358767063799
2137,-0.617567502256032,44.19224544369872,0.8869742847648292,40.455474040180974,1.2082470453441136,42.76362747459893,2.330405214443535,1.985052202454248
2138,-0.6974826189171528,44.18677727043449,0.008129122017868412,40.45231435429493,1.0987863607364372,42.65337686851982,2.4564627829249317,1.9357067020564258
2139,-0.7397046462700507,44.212304606374644,-0.32222773548373507,40.67084076277441,0.9885357546573611,42.76283755312743,2.468714543630787,1.9023667300974818
2140,-0.7463259595833631,44.23425302968978,-0.6533745144568879,41.10907846194063,0.8782851485782351,42.87229823773508,2.3355781513623985,1.8659004612679797
2141,-0.7675673529472352,44.22479408187254,-0.8742706873508648,41.437855476499244,0.9885357546573611,42.76283755312743,2.285962673311465,1.835897360875518
2142,-0.8188095013370711,44.243306222896784,-0.7648100027432383,41.54810608257832,0.768034542499109,42.98175892234266,2.0988027217543763,1.8467963294599654
2143,-0.834917386767722,44.263129410900746,-0.9849162541657656,41.657171806450194,0.8778901878425104,42.98215388307843,2.285962673311482,1.873363786517159
2144,-0.7537318147651487,44.283280130931004,,,,,,1.910372590500548
2145,-0.6534884550384384,44.33150698224298,,,,,,1.9332255878415796
2146,-0.6163853894903644,44.309487733342806,,,,,,1.9328462153475021
2147,-0.6262777742475162,44.40078235895217,-1.0963517424521159,42.096199427087925,1.088517381606894,45.509623647447384,4.0527913834051335,1.961031263620673
2148,-0.6058284955717218,44.44717035162752,,,,,,1.9883006683457531
2149,-0.5489603893737822,44.50095667874458,,,,,,2.0201309067772866
2150,-0.4913210997784283,44.527785206298425,,,,,,2.0529600098049725
2151,-0.49205018543773793,44.59840092891902,,,,,,2.0802273414152443
2152,-0.5069688288267005,44.64220495798179,,,,,,2.0830592053991768
2153,-0.5525508611846361,44.711504647257065,,,,,,2.0918255682568154
2154,-0.4953445775455353,44.79013999574519,-1.4413221471765847,46.379384713272024,-0.88137998059446,43.41525709267984,3.0165523004042574,2.0623024733204027
2155,-0.4995984793094016,44.77638280729803,-0.88137998059446,43.41525709267984,-0.671147747565751,46.05258250239218,2.6456913857285986,2.022823998807338
2156,-0.5346348387523151,44.81582628218331,,,,,,2.0142069240297453
2157,-0.5860289876958285,44.78258102248479,,,,,,2.014312489112326
2158,-0.6271757606119123,44.7432276664899,,,,,,2.033050262922332
2159,-0.5679294523177415,44.731721431373266,,,,,,2.0354463294015366
2160,-0.4642720392083134,44.698594795499034,-1.1018811927526622,43.63417846189505,1.535839177695444,43.31409058352303,2.6570707560314357,2.0126639042678334
2161,-0.4521032385578334,44.655248011369615,,,,,,2.0405053502724977
2162,-0.47540013153547644,44.61729748539704,,,,,,2.0559880024043498
2163,-0.4757283613897463,44.57918396569692,,,,,,2.056602764877135
2164,-0.37425777840773716,44.505402660482474,,,,,,2.0545579676559593
2165,-0.3367064394055313,44.423333250861894,,,,,,2.0425053463943286
2166,-0.3483370866162308,44.413794876133046,,,,,,2.0280181247782356
2167,-0.43030083077218223,44.49388876502771,,,,,,1.9922337565055184
2168,-0.42332930684440834,44.483201628577305,,,,,,1.9062281165555348
2169,-0.35542344676582294,44.403922982481006,,,,,,1.7670628778614856
2170,-0.3150784504677694,44.33667287812447,,,,,,1.6517889451832135
2171,-0.27806954331166456,44.23675909576828,,,,,,1.539442127327411
2172,-0.24763117580710373,44.12954485484388,,,,,,1.4504332459528018
2173,-0.24672618427895326,44.0146602835158,,,,,,1.3965696609307356
2174,-0.27890166319838655,43.94151335281716,,,,,,1.3505258824479378
2175,-0.28240368402236143,43.934882799362676,,,,,,1.2819655411827848
2176,-0.27729385737335444,44.03590084954601,,,,,,1.2003931773328422
2177,-0.22825943046382619,44.08234753995742,-1.2192410920753336,45.7210407626833,0.3282170003898789,43.090034724743035,3.0523465267911982,1.164320243030526
2178,-0.16954809205266658,44.152557502797464,-1.7677293973206407,45.49935466831779,0.2183613550465276,43.08963976400728,3.122704340262588,1.152144802818767
2179,-0.029850302869013048,44.255857171883704,-1.6547140660912918,44.620904466306605,0.10969059191040036,42.7596778672414,2.5646224381467873,1.23485636296107
2180,0.10466216591543787,44.4176157817791,,,,,,1.4046605711527314
2181,0.17783443921831787,44.59402558880932,,,,,,1.6261668058284882
2182,0.13577756026579396,44.57641363229063,,,,,,1.746485722550471
2183,0.14715743684896226,44.56969590099057,,,,,,1.8199101784207337
2184,0.2246994098207354,44.48616167106272,-0.7663898456862372,41.98752866395181,0.19742843605161658,48.91198896720573,6.9912156433306984,1.8163202024987204
2185,0.2907907389495693,44.35086127905264,-0.9857061756372653,41.8768830971369,0.19782339678739144,48.8021333218624,7.0256553376794315,1.817164074890112
2186,0.36326271000136245,44.26483619762142,-1.2050225055882429,41.766237530322094,0.30807400286646747,48.69267263725477,7.089778863578704,1.8231260305485064
2187,0.37327976827365505,44.229390794927866,-1.094771899509117,41.656776845714454,0.6372459781608467,48.8037131648054,7.353814294480762,1.8584473896970517
2188,0.41547175033355355,44.25486479936056,-1.094771899509117,41.656776845714454,0.8569572688475995,48.804503086276924,7.409401943250166,1.8930674982462754
2189,0.42573915467186474,44.257499293758784,-0.8742706873508648,41.437855476499244,0.7467066627684232,48.913963770884486,7.649821095880375,1.9317111405894545
2190,0.4595559184097978,44.26185403623776,-0.8734807658793653,41.21814418581249,0.7471016235041981,48.80410812554115,7.757134533811031,1.9461409584257678
2191,0.4939288148707771,44.24042749129693,-0.7640200812717388,41.32839479189162,0.9672078749266754,48.6950424016693,7.567340830368766,1.9450166296693159
2192,0.5419719459024424,44.20189879755194,-0.7640200812717388,41.32839479189162,0.9668129141909508,48.80489804701268,7.674235061686472,1.926601726313896
2193,0.572533349059894,44.16118263375308,-0.7640200812717388,41.32839479189162,1.0778534417415264,48.47572607171832,7.380842939554172,1.9126120805284181
2194,0.5807221286930917,44.12596081227542,-0.7640200812717388,41.32839479189162,1.4082102992431298,48.25719966323884,7.261330578567337,1.8962356562038016
2195,0.5886304710585903,44.128561004483224,-0.7640200812717388,41.32839479189162,1.0782484024773011,48.36587042637495,7.274614523956697,1.8927541438564446
2196,0.5951206000450152,44.1236507294592,-0.8738757266151402,41.32799983115584,1.4082102992431298,48.25719966323884,7.295322264462104,1.8844959499766627
2197,0.6142121916330249,44.146281244260685,-0.8738757266151402,41.32799983115584,1.2979596931640538,48.36666034784645,7.366112336899732,1.8890261400806498
2198,0.6118255212260433,44.174679536009286,-0.8742706873508648,41.437855476499244,1.0774584810058017,48.5855817170617,7.409401943250166,1.914715043124696
2199,0.6238711127229258,44.24825876936789,-0.8742706873508648,41.437855476499244,0.9672078749266754,48.6950424016693,7.487176060584338,1.964333227813216
2200,0.6264294534775847,44.30948050493302,-0.8742706873508648,41.437855476499244,0.7474965842399228,48.694252480197775,7.435417039984277,2.016126828941745
2201,0.6121096508545792,44.31584161165643,-0.7640200812717388,41.32839479189162,0.6392207818395704,48.25443493808857,7.066761424205396,2.0044298123233566
2202,0.5818691906541489,44.262408973665316,-0.8734807658793653,41.21814418581249,0.7514461915974702,47.59569602676411,6.581303450013567,1.9725090157431047
2203,0.5653208300985956,44.22344346258479,-0.8734807658793653,41.21814418581249,0.7506562701259707,47.81540731745084,6.794240350458542,1.9434266171241252
2204,0.5577024542426645,44.19690371006296,-0.8738757266151402,41.32799983115584,0.6408006247826193,47.815012356715094,6.661499527602331,1.922338761191195
2205,0.5404291758672707,44.12154222190391,-0.8738757266151402,41.32799983115584,0.4210893340958667,47.814222435243586,6.614228464321516,1.8766035467931956
2206,0.520214960851094,44.10305558084014,-1.0939819780375675,41.43706555502774,0.31044376728101586,48.03353876519457,6.74432135107475,1.8561453989361145
2207,0.4782229232305355,44.12846606292166,-0.9837313719584916,41.32760487042009,0.42069437336009197,47.92407808058697,6.744321351074754,1.8452462757130978
2208,0.46306044407311764,44.17472195017815,-0.9837313719584916,41.32760487042009,0.31044376728101586,48.03353876519457,6.829673395713052,1.8712938092051006
2209,0.44681692277954266,44.172828231361834,-0.9833364112227166,41.21774922507674,0.08994255512271382,48.25246013440983,7.116114481758235,1.859337814309675
2210,0.42847714787519015,44.18096300783618,,,,,,1.8694863838133395
2211,0.45022949798323214,44.15060146592482,,,,,,1.8672184395458178
2212,0.48094131125335626,44.12618760873638,-1.5456483422194396,44.84101071772911,-0.12897881409243955,48.03195892225155,3.4912895892304032,1.8819796748212707
2213,0.5120103525763235,44.11135655885266,-1.5452533814836649,44.73115507238576,-0.01872820801336341,47.92249823764394,3.537647566346702,1.899163519405713
2214,0.5709526120593461,44.015062653304746,-1.0939819780375675,41.43706555502774,0.20177300414488875,47.70357686842872,6.399073762259155,1.8762963789745053
2215,0.561618760708626,43.93459454071648,-1.2038376233809687,41.436670594291996,0.3124185709597395,47.48426053847774,6.234771606072958,1.851471761504816
2216,0.5521264692658476,43.93734004407014,-1.3136932687243201,41.43627563355624,-0.01714836507036452,47.483075656270465,6.184239581540199,1.841240154499978
2217,0.5070058970279786,43.951073212658684,-1.2038376233809687,41.436670594291996,0.42306413777464036,47.26494420852676,6.05108111520882,1.8336553997894374
2218,0.457441606923625,43.95601712881887,-1.2038376233809687,41.436670594291996,0.6435653499328924,47.04602283931148,5.905737071231215,1.8048151852894578
2219,0.4597514610700783,43.967106812391805,-1.314088229460095,41.546131278899544,0.42543390218913874,46.605810336466526,5.35035413894064,1.7921934602894913
2220,0.4351462517113153,43.945959085351106,-1.3136932687243201,41.43627563355624,0.09744680910203368,46.16520287288583,4.934984210118748,1.7921721344188732
2221,0.4247581733147433,43.93041335207826,-1.314088229460095,41.546131278899544,-0.12265944232039386,46.27426859675766,4.875939401935533,1.7909478180189773
2222,0.4222148392345886,43.911147221923024,-1.3136932687243201,41.43627563355624,-0.12384432452766804,46.603835532787755,5.302774351426995,1.7908635673082216
2223,0.4155927725489306,43.88075863674919,-1.4239438748034465,41.5457363181638,-0.12463424599916735,46.82354682347453,5.435392280366853,1.7910981673537625
2224,0.3922909554133348,43.8605723674727,-1.4235489140676714,41.435880672820495,-0.0155685221273157,47.04365307489696,5.781826709404196,1.8017750235967347
2225,0.39586009492183394,43.85114529304342,-1.4235489140676714,41.435880672820495,-0.01714836507036452,47.483075656270465,6.208585158639869,1.8009031795327939
2226,0.4054776131829449,43.91578053984973,-1.4239438748034465,41.5457363181638,0.31202361022401487,47.594116183821114,6.29257356797368,1.8205944131999199
2227,0.40974425692878613,43.97746723390996,-1.4235489140676714,41.435880672820495,0.5301550579677685,48.034328686666065,6.881604129980906,1.8482826523680407
2228,0.446428643073449,44.04154906572645,-1.4235489140676714,41.435880672820495,0.419114530417093,48.36350066196042,7.1684954686162925,1.8763634111948306
2229,0.4658756843574024,44.06487074121441,-1.4239438748034465,41.5457363181638,0.30925888507374166,48.363105701224676,7.0342389149034,1.9015923174650866
2230,0.5072262116298359,44.09575058933224,-1.2038376233809687,41.436670594291996,0.41950949115281777,48.25364501661707,7.007595602551557,1.9203866169456356
2231,0.517551472670391,44.137188921678295,-1.2038376233809687,41.436670594291996,-0.12897881409243955,48.03195892225155,6.682301219551929,1.9547098650744625
2232,0.5281797308208137,44.21861017397777,-1.3136932687243201,41.43627563355624,-0.5680064347302201,47.920523433965194,6.526983866342924,2.0009696040262246
2233,0.5126350147671346,44.22105095789058,-1.314088229460095,41.546131278899544,-0.7881126861526475,48.029589157837044,6.5047579770590875,2.0401254704068243
2234,0.5204600610656274,44.243535019567325,-1.4239438748034465,41.5457363181638,-1.0074290161036752,47.91894359102218,6.386803235604825,2.053664918685938
2235,0.5024312408000302,44.29649910801424,-1.536169284561346,42.20447522948831,-1.1176796221827514,48.028404275629775,5.83894537840595,2.1109278797630706
2236,0.4920081881167786,44.32149807314233,-1.6464198906404721,42.31393591409586,-1.3366009913980048,47.80790306347155,5.502695956415071,2.1435045518208766
2237,0.43455754284224646,44.3200656836215,-1.9799364340281234,43.41130748532232,-1.5559173213490327,47.697257496656675,4.306873542092241,2.169119926776931
2238,0.4406685793445663,44.32571199875224,-1.9795414732923486,43.301451839978945,-1.3366009913980048,47.80790306347155,4.552084697473943,2.176030982902386
2239,0.41568164018218434,44.3027414763884,,,,,,2.2085201637048955
2240,0.4100803037719043,44.27056223405485,-1.9799364340281234,43.41130748532232,-1.4468515974771308,47.917363748079175,4.537479750488232,2.187110127209464
2241,0.4434851193742665,44.29157866680983,-2.0890021578999254,43.19120123389984,-1.556707242820532,47.91696878734342,4.7556510433167345,2.1992133754114036
2242,0.4697734488114364,44.24620438392016,-1.978751551820849,43.08174054929221,-1.4468515974771308,47.917363748079175,4.8647887191611225,2.226572057703303
2243,0.5260675195593535,44.14304779057929,-1.978751551820849,43.08174054929221,-1.4468515974771308,47.917363748079175,4.8647887191611225,2.214031751537973
2244,0.5503047084736754,44.052907074018144,-1.9783565910850742,42.97188490394883,-1.3366009913980048,47.80790306347155,4.878413870200335,2.205634608038979
2245,0.5558565131222181,43.99064086903814,-1.9783565910850742,42.97188490394883,-1.227140306790428,47.91815366955067,5.002989167223694,2.180478785228488
2246,0.5634725719617723,43.96908314367398,-2.0882122364284257,42.97148994321309,-1.008218937575175,48.1386548817089,5.278823640470326,2.129697631758928
2247,0.5814969441678683,43.939263972679235,-1.97796163034935,42.86202925860549,-0.6782570408092962,48.0299841185728,5.328882570927151,2.0898180980651997
2248,0.579356951493653,43.95352891830452,-1.97796163034935,42.86202925860549,-0.3486901047791922,48.03116900078005,5.419827615170263,2.0767932671672757
2249,0.5898506776100124,43.959478165332406,-1.97796163034935,42.86202925860549,-0.23922942017161553,48.14141960685917,5.5583407729235015,2.0631607578672027
2250,0.5956033377599325,43.94750419997911,-1.9767767481420755,42.53246232257538,-0.13016369629971375,48.36152585828165,6.114569605993136,2.0465872926296798
2251,0.6063553593166918,43.91625593414924,-1.9767767481420755,42.53246232257538,0.308863924337967,48.47296134656805,6.365035894459102,2.0218945911539876
2252,0.6389235212347191,43.91754540858514,-1.8661311813272246,42.313145992624364,0.7486814664471971,48.36468554416767,6.592296726244497,1.9991884768043622
2253,0.6770778460549451,43.920612965724374,-1.9763817874063012,42.42260667723198,0.9683927571339497,48.3654754656392,6.632449513897325,1.9564626308155095
2254,0.6719481951065867,43.876282108415,-1.9763817874063012,42.42260667723198,1.2999344968428275,47.81738212112962,6.311723257915934,1.8465437573965866
2255,0.6136027188341507,43.86664878019891,-1.7558805752480486,42.20368530801678,1.191658694442475,47.377564579020365,5.954579284658857,1.6975788393095126
2256,0.5289858572824779,43.7618939807981,-1.6456299691689726,42.094224623409154,0.5348945867967653,46.71606094254566,5.11038729452656,1.5924122870836883
2257,0.4431890251113939,43.60399117861647,-1.7550906537765494,41.98397401733,-0.012013875505543009,46.05495226680667,4.42845126005241,1.5002607834487718
2258,0.4000608475921231,43.50651204497178,-1.864156377648451,41.76386776590758,-0.44906669246449993,45.39423855180349,3.8964176958073184,1.433288778269025
2259,0.4175500229359328,43.45135842413112,-1.864156377648451,41.76386776590758,-0.5585273770721265,45.28398794572432,3.7544524457634343,1.418848998577598
2260,0.45315390067350797,43.440128135852405,,,,,,1.3639565748054225
2261,0.44375059471193073,43.4587669174347,,,,,,1.2978289983104014
2262,0.4029043800054609,43.48853510789411,,,,,,1.3084242455800776
2263,0.23722302262884473,43.40693352648409,,,,,,1.287505257869193
2264,0.1818393591208624,43.39254198191008,,,,,,1.2737052899252443
2265,0.2048981551280605,43.397311699550286,,,,,,1.3011782111765164
2266,0.24802305838954544,43.37050862382854,,,,,,1.3439612673927361
2267,0.2985961210823815,43.372017579990136,,,,,,1.3636094870496285
2268,0.3289113551284234,43.36051289233752,,,,,,1.3529209744424746
2269,0.3566764351182331,43.353580686214194,,,,,,1.322989019263305
2270,0.35481610303603084,43.330674126570635,,,,,,1.2811761717882773
2271,0.3841675708212187,43.32075056700953,,,,,,1.2395478637563073
2272,0.35345901791397033,43.27898088106871,,,,,,1.205543394705879
2273,0.3225930680203757,43.23308417166763,,,,,,1.1698975206508593
2274,0.23917047629757582,43.154833472353275,,,,,,1.157515361505509
2275,0.22726740583811372,43.13501776857891,,,,,,1.138581704809126
2276,0.27605184865889504,43.15729741156656,,,,,,1.1292720267778718
2277,0.3019744019303112,43.15479368977934,-1.0983265461308898,42.645477653804754,1.7508109395531002,44.633148249114974,3.4739629830771888,1.1212264860439354
2278,0.3406371100172977,43.16659000016737,-1.2077872307385162,42.53522704772566,1.7512059002888747,44.52329260377157,3.564834498907814,1.1414483168983587
2279,0.36645881609074366,43.17554306638249,-1.2077872307385162,42.53522704772566,1.9709171909756271,44.524082525243074,3.749627702996106,1.1692423240949994
2280,0.4276045639465651,43.20338317565196,-1.317247915346093,42.42497644164651,2.19062848166238,44.52487244671457,4.08836887386522,1.1914614483538655
2281,0.4417263070742253,43.24079052312804,-1.5365642452971209,42.31433087483163,2.3000891662699567,44.63512305279372,4.48396986316581,1.229054493327352
2282,0.462233852144775,43.20846507211687,-1.5353793630898467,41.98476393880153,2.4095498508775828,44.74537365887285,4.814917707475984,1.273316947032825
2283,0.5036518353936108,43.183621438749235,-1.6444450869616982,41.76465768737907,2.51901053548521,44.85562426495198,5.185406165746044,1.3196783450411158
2284,0.5986657476125553,43.17758932444003,-0.8805900591229107,43.19554580199311,2.738326865436138,44.96626983176685,4.028898521491741,1.3689070114859376
2285,0.6586857929871698,43.210999622758116,-0.7719192959867834,43.52550769875899,2.957248234651391,45.1867710439251,4.082460823272992,1.4484263892379703
2286,0.780500178737354,43.28885495907653,-1.6432602047544242,41.43509075134897,3.0671038799947423,45.18716600466086,6.022092536437034,1.5509168719867712
2287,0.8212794399900988,43.352489955647954,-1.6432602047544242,41.43509075134897,2.627681298621287,45.18558616171786,5.683938524338154,1.645093299619491
2288,0.8616563870858912,43.403123402565036,-1.643655165490199,41.54494639669227,2.7375369439646384,45.185981122453605,5.696663775768134,1.7089029432355212
2289,0.966794222890184,43.489401020083974,-1.7539057715693251,41.65440708129992,3.0659189977875183,45.51673294069093,6.1764287295674425,1.769291128215823
2290,1.042454460139417,43.52415431847706,-2.0842626290709285,41.87293348977938,3.285630288474271,45.51752286216245,6.489898430575726,1.8098611074430444
2291,1.1650725977599194,43.55655192089333,-2.414619486572532,42.091459898258904,3.5057365398967484,45.40845713829061,6.7862424190805815,1.8205226278075124
2292,1.3467986176326414,43.57823689948261,-2.9678473206468863,43.18804154801382,3.725842791319225,45.29939141441868,7.018780917894567,1.7411350770971854
2293,1.47190904949973,43.58045947339061,-2.9678473206468863,43.18804154801382,3.616382106711599,45.18914080833962,6.881604129980895,1.6999767869977456
2294,1.5962208866572172,43.589717493698494,-2.9678473206468863,43.18804154801382,4.055804688085055,45.190720651282625,7.303588921238253,1.6797650129636352
2295,1.6119503395943149,43.6351913696598,-2.967452359911161,43.07818590267044,4.166450254899955,44.97140432133165,7.380842939554172,1.6565593773054472
2296,1.502296459535659,43.64893099711677,-1.9748019444633018,41.9831840958585,4.1672401763715055,44.75169303064492,6.737159871644775,1.8057172193969744
2297,1.5293283584958226,43.691318270694026,-1.8653412598557255,42.09343470193765,4.167635137107229,44.64183738530155,6.549134327748033,1.853206789606317
2298,1.5256220764634938,43.70051531226112,-1.8653412598557255,42.09343470193765,4.386951467058207,44.752482952116424,6.794240350458532,1.887607724998221
2299,1.5384010234583738,43.707630005465994,-1.7558805752480486,42.20368530801678,4.386951467058207,44.752482952116424,6.6506206425079295,1.8979472760698046
2300,1.5488052435699173,43.717277833454325,-1.755485614512324,42.09382966267341,4.60666275774496,44.753272873587925,6.895619631526594,1.9160311900465816
2301,1.4800589416824748,43.73617393963859,-1.975196905199077,42.093039741201906,4.386161545586658,44.97219424280315,6.982579178460779,1.9540500594113621
2302,1.4293922157131036,43.730961600649735,-1.9748019444633018,41.9831840958585,4.276700860979081,44.86194363672402,6.8824809349956,1.9612151837044276
2303,1.440157931816475,43.749923623360395,-1.9740120229918026,41.76347280517182,4.385766584850934,45.08204988814652,7.173544298073238,1.943044707605395
2304,1.427042477021275,43.780677516110984,-1.9740120229918026,41.76347280517182,4.2759109395075825,45.081654927410774,7.076147937509712,1.9439680472593044
2305,1.4359213594623006,43.82850481673804,-2.19411827441433,41.872538529043624,4.605082914801911,45.1926954549614,7.566543386788881,1.9318487221565162
2306,1.447253544717983,43.82795716039409,-2.19411827441433,41.872538529043624,4.605082914801911,45.1926954549614,7.566543386788881,1.9248263186253831
2307,1.4824084514307343,43.848013868519686,-2.304763841229181,42.09185485899465,4.49443734798706,45.41201178491238,7.5665433867888625,1.9088426514766517
2308,1.5239846840525486,43.86678688046152,-2.19411827441433,41.872538529043624,4.3845817026436595,45.411616824176626,7.4702321628731,1.8866371816712784
2309,1.596024366506203,43.9042558029634,-2.19411827441433,41.872538529043624,4.603898032594687,45.52226239099148,7.715796133830322,1.8987923761623904
2310,1.6048555277168335,43.92004562553539,-2.0842626290709285,41.87293348977938,4.7129637564665385,45.74236864241396,7.821433048789112,1.9230727431366346
2311,1.59721477720562,43.90806995788523,-2.0838676683351536,41.763077844436076,4.6035030718589125,45.63211803633483,7.725956214173887,1.942654205306493
2312,1.5762955354294539,43.89375153290293,-2.0838676683351536,41.763077844436076,4.4948323087228355,45.30215613956895,7.470232162873065,1.9484312355490025
2313,1.6058037412962363,43.89556623334336,-2.0842626290709285,41.87293348977938,4.275515978771806,45.19151057275415,7.173544298073238,1.9683371148812996
2314,1.5944182618515303,43.887965339543314,-2.0842626290709285,41.87293348977938,4.382211938229161,46.07075069623681,7.7095371215377595,2.0000823471135503
2315,1.579623376701501,43.902359521915194,-1.9744069837275773,41.873328450515125,4.381422016757662,46.29046198692354,7.740002000120708,1.9831377866136075
2316,1.4819327093718555,43.8654932603271,-1.9744069837275773,41.873328450515125,4.381422016757662,46.29046198692354,7.740002000120708,1.9480889829851424
2317,1.3025084437265697,43.794530268411215,-1.9740120229918026,41.76347280517182,4.162500647542458,46.06996077476531,7.496841093946213,1.8795717858848526
2318,1.2033841251227233,43.8110916240282,-1.9740120229918026,41.76347280517182,4.163685529749732,45.74039383873521,7.313496575245511,1.8839556777733997
2319,1.2736664671115072,43.86618378301826,-1.9744069837275773,41.873328450515125,4.053829884406331,45.73999887799943,7.161758159356544,1.8684109619741938
2320,1.284713716838237,43.91119626355034,-1.9744069837275773,41.873328450515125,3.9439742390629795,45.73960391726368,7.069322618402759,1.9017938900777367
2321,1.322290269844391,43.9692699208832,-2.0838676683351536,41.763077844436076,4.164080490485456,45.63053819339183,7.348068164222145,1.9260621746594415
2322,1.3172980374791272,43.969378627952636,-1.9744069837275773,41.873328450515125,4.273541175093084,45.74078879947096,7.348068164222149,1.9144025728579412
2323,1.318259091232669,43.968582509784625,-2.0838676683351536,41.763077844436076,4.163290569013958,45.85024948407859,7.465383985728854,1.9185083767440831
2324,1.2477347464935649,43.95063204840961,-2.0838676683351536,41.763077844436076,4.272751253621534,45.96050009015769,7.617411478176613,1.9348544453884755
2325,1.2832796898523313,43.98142739846486,-1.9744069837275773,41.873328450515125,4.053039962934781,45.95971016868616,7.282076094180274,1.9472192489851017
2326,1.285965164015414,44.00952661880803,-1.9748019444633018,41.9831840958585,4.053039962934781,45.95971016868616,7.2213321256166525,1.9557850751465993
2327,1.264351015820681,44.02904217400895,-1.975196905199077,42.093039741201906,4.053039962934781,45.95971016868616,7.161758159356527,1.9598393534148775
2328,1.2454719244806916,44.02719636651775,-1.8657362205914498,42.203290347281026,4.052645002199056,46.06956581402954,7.069322618402731,1.9515117703624625
2329,1.2290782216365244,44.03121019479175,-1.7558805752480486,42.20368530801678,4.272751253621534,45.96050009015769,7.103383632845142,1.9539373043632484
2330,1.1772731291228666,44.00942447949217,-1.7558805752480486,42.20368530801678,4.0522500414632825,46.17942145937291,7.038526778096406,1.9596499917265544
2331,1.1837242714893412,44.05278142016203,-1.7558805752480486,42.20368530801678,4.161710726070958,46.28967206545204,7.19118728662956,1.9716603138847513
2332,1.2090211526866121,44.07830028850882,-1.7558805752480486,42.20368530801678,4.162105686806683,46.17981642010869,7.1296689978156715,1.9706534858136133
2333,1.28844940491882,44.11892036963088,-1.7558805752480486,42.20368530801678,4.272751253621534,45.96050009015769,7.103383632845142,1.9803161352151768
2334,1.3144591815363744,44.175823016504104,-1.7558805752480486,42.20368530801678,4.602713150387412,45.85182932702158,7.330802749432795,2.0136397890646243
2335,1.4020320659083987,44.21982613696664,-1.7558805752480486,42.20368530801678,4.6035030718589125,45.63211803633483,7.22467378804706,1.959696628277238
2336,1.4177317355138355,44.25651816081534,-1.7562755359838234,42.31354095336011,4.603898032594687,45.52226239099148,7.1237420704823124,1.9341613202090813
2337,1.3703656143866052,44.2810679250845,-1.7562755359838234,42.31354095336011,4.7141486386737625,45.41280170638388,7.174385424217674,1.9286487980522111
2338,1.376099080339148,44.29124415617227,-1.7566704967195483,42.423396598703484,4.714543599409537,45.30294606104045,7.082966679576114,1.9362253154016809
2339,1.4136120480165828,44.33587177633735,-1.6464198906404721,42.31393591409586,4.605082914801911,45.1926954549614,6.882480934995612,1.9560222747102987
2340,1.467325917957027,44.42614704634347,-1.6460249299046974,42.20408026875253,4.605477875537686,45.08283980961802,6.8824809349956,1.9808603643179155
2341,1.4910331308488443,44.47857264369192,-1.7562755359838234,42.31354095336011,4.715728481616762,44.973379125010396,6.997254826230542,1.998892553577423
2342,2.1894033877725625,44.779550759832496,-1.1026711142241619,43.85388975258177,4.716518403088311,44.75366783432367,5.8883416370640695,1.5883528222905114
2343,1.5544063714330354,44.58860887858413,-1.6456299691689726,42.094224623409154,4.716518403088311,44.75366783432367,6.895619631526581,1.9847745244192379
2344,2.1984132762232074,44.93605187789902,-1.1014862320168874,43.524322816551724,4.716518403088311,44.75366783432367,5.946466775054446,1.5202721086259774
2345,2.1813179770088085,45.010513792289935,-1.2113418773602886,43.52392785581597,4.716913363824036,44.6438121889803,6.0331046008084765,1.4857227689924855
2346,1.533038528048673,44.745978160877534,-1.0955618209806166,41.87648813640115,4.716518403088311,44.75366783432367,6.485247839917169,1.8801687154033815
2347,2.0193025875974877,45.0686759098117,-1.3208025619679153,43.41367724973684,4.606267797009186,44.86312851893127,6.101726970459582,1.4158131032539116
2348,2.013744895328681,45.10706746867819,-0.663643493586431,43.965325240868175,4.607452679216459,44.53356158290114,5.301636294894656,1.3792979364188103
2349,1.4373015091081527,44.69418572477094,-0.5462835942638099,41.87846294007993,4.4979919946088325,44.423310976822044,5.649864400727332,1.8518985402791843
2350,1.3846710308388988,44.64951378934141,-0.43642794892040854,41.878857900815674,4.0589643739711025,44.31187548853566,5.111567931551593,1.850851851315393
2351,1.4199180622836725,44.64022218435112,-0.3265723035770572,41.87925286155142,3.6203317140691467,44.09058435490591,4.524161612720406,1.8183950446103456
2352,2.0450459755493275,45.0220407788875,-0.44432716363545305,44.07597080768304,3.511660950933069,43.76062245814006,3.9685370785928984,1.2939165548634066
2353,1.4636673869388659,44.552920423934964,-0.10686101289030456,41.88004278302292,3.6219115570121456,43.651161773532436,4.1280270537631285,1.7594738251841053
2354,1.4916409180660115,44.533247597770114,-0.10686101289030456,41.88004278302292,3.6219115570121456,43.651161773532436,4.1280270537631285,1.747751026594025
2355,1.5287127049896296,44.487435352399004,0.0029946324530467803,41.88043774375867,3.621516596276421,43.76101741887581,4.078024168287312,1.7220596875875893
2356,2.120643119270023,44.860114755163416,-0.4439322028996784,43.96611516233967,3.95068857157075,43.87205794642641,4.395627203400285,1.2290802658359883
2357,1.5829492056598944,44.43667682941721,-0.10686101289030456,41.88004278302292,4.060149256178377,43.98230855250554,4.667279287557359,1.7158029234695933
2358,2.2538893748987747,44.839447444457996,-0.22540579442024988,44.2964720198413,4.279860546865129,43.983098473977066,4.516151878000337,1.2108850587440778
2359,2.307759475468964,44.829754573934174,-0.22501083368452526,44.1866163744979,4.389321231472706,44.093349080056186,4.615274552586268,1.2304851318963932
2360,2.4259971108688085,44.83977812392234,-0.11555014907684859,44.29686698057705,4.6102174043667326,43.76457206549758,4.755651043316736,1.2612366746555128
2361,2.5869417501933367,44.87936512913945,0.8743355412207376,43.970854691168725,2.848182510779539,44.966664792502606,2.2108165046324353,1.3454362723674311
2362,2.6615019688337767,44.94539542574991,0.8735456197491882,44.19056598185545,2.847787550043815,45.07652043784598,2.163919244662964,1.3958156026236042
2363,2.720602202270247,45.002955445393766,,,,,,1.4601705117472377
2364,2.7283001037998758,45.06832509011604,-0.22619571589174944,44.51618331052801,3.6167770674473734,45.07928516299625,3.884008690739275,1.502559855562089
2365,2.8102316943473884,45.11380721405295,0.872360737541964,44.520132917885554,4.388531310001206,44.313060370742946,3.5222627009365297,1.4899526931672424
2366,2.7655440879125353,45.20916253464384,-0.22817051957052295,45.065461537244886,4.388531310001206,44.313060370742946,4.677610853686346,1.476906967034122
2367,2.74015649037587,45.2790459369491,-0.2285654803062977,45.175317182588266,4.387346427793932,44.64262730677304,4.646547239309781,1.4311358194316224
2368,2.7348251187313624,45.3734508838691,-0.22817051957052295,45.065461537244886,4.387741388529707,44.53277166142964,4.646547239309784,1.3598968241566711
2369,2.7293677655285324,45.45623801451741,-0.11673503128412277,44.626433916607155,4.1672401763715055,44.75169303064492,4.285806041511597,1.2912834669481068
2370,2.758430881096861,45.538356485806595,-0.007274346676496162,44.73668452268628,4.1672401763715055,44.75169303064492,4.17454150278203,1.2656286590522827
2371,2.7963093359893967,45.63135235939713,0.10218633793108049,44.84693512876541,4.168425058578729,44.42212609461479,4.0883688738652255,1.196166162955862
2372,2.8403930008823877,45.69291405237261,0.10179137719530577,44.95679077410878,3.9479238464204767,44.64104746383002,3.859070977426243,1.1694349037451888
2373,2.865081258263011,45.777297324814526,0.2128319047459813,44.62761879881443,3.7274226342622248,44.85996883304525,3.5222627009365297,1.1542791402373103
2374,2.9530591737431005,45.8518317354435,0.43096335248968504,45.06783130165941,2.408759929406034,44.96508494955958,1.980463610504343,1.1358567955693664
2375,3.037946569835053,45.894076240627385,0.5388441941543126,45.617504489111965,3.061574429694196,46.72514503946797,2.755183375040622,1.1346559876962423
2376,3.0667246554567433,45.929227991218305,0.7577655633695158,45.83800570127021,3.061574429694196,46.72514503946797,2.468714543630799,1.1536419064949703
2377,3.0911382927324333,45.921504749307,0.8664363265056431,46.16796759803609,3.0607845082226963,46.9448563301547,2.3278144351940715,1.166944704931641
2378,3.0601210780565893,45.94657216092537,0.9770818933204939,45.9486512680851,2.518615574749435,44.96547991029535,1.8283741438113674,1.1917962412830119
2379,3.0677899339505417,45.92698424114112,1.0865425779281204,46.05890187416422,2.627681298621287,45.18558616171786,1.7713805040209503,1.186814491497116
2380,3.0349673734890557,45.87715427123717,1.3046740256718743,46.4991143770092,2.086302286619525,42.986498451171705,3.5985293358202863,1.2483323972764562
2381,2.584009007858363,45.459306790017756,0.3321666077474261,41.99147827130932,1.7575252720609205,42.765602278277704,1.6220096485836086,1.687779748230448
2382,2.997658087276759,45.71821542594138,1.1983730269502955,45.51001860818314,1.6480645874532938,42.655351672198606,2.889869515218816,1.4001368402871492
2383,2.65294052893761,45.37785475512352,0.44162729235500287,42.101728877388474,1.5382089421099423,42.65495671146282,1.228231391462449,1.755907816852428
2384,2.7056594718469453,45.350580683805696,0.44123233161927816,42.21158452273185,1.5382089421099423,42.65495671146282,1.1831891571949396,1.7924267745887168
2385,2.7464137719759263,45.37069830197189,0.5514829376984042,42.10212383812422,1.2082470453441136,42.76362747459893,0.9321620857774037,1.8296866981741007
2386,2.7504479890088502,45.3505509504508,1.0983914000007124,42.76323251386318,1.0983914000007124,42.76323251386318,0.0,1.861806367087738
2387,2.733452689487296,45.31341675019316,0.5510879769626794,42.2119794834676,2.7351671795501398,45.84511499451379,4.239089006472978,1.8812819642116196
2388,2.7063445820502157,45.3062456890723,0.5506930162269046,42.321835128810925,0.9869559117143621,43.20226013450094,0.9825851131699929,1.8838854524634663
2389,2.641869121308002,45.34278282898051,0.5510879769626794,42.2119794834676,1.9736819161259005,43.75509300783952,2.0988027217543554,1.8600339429858854
2390,2.559802173272971,45.44950708426865,0.6605486615702558,42.32223008954667,2.413104497499356,43.756672850782515,2.264746783486181,1.855485953508401
2391,2.577648025271576,45.50548686420153,0.6605486615702558,42.32223008954667,2.302458930684505,43.97598918073349,2.3304052144435676,1.8301189155986208
2392,2.8772615863434554,45.79253093813567,1.970127269504128,44.743793815929855,1.958278447431536,48.03946317623087,3.2956906600910587,1.565254266932075
2393,2.5606465417392545,45.614773605191935,0.5502980554911798,42.431690774154305,1.738962117480508,47.928817609416015,5.62417333438607,1.6764897000823347
2394,2.5193975765409973,45.74133931715908,0.5502980554911798,42.431690774154305,1.6291064721371569,47.92842264868027,5.601596995523305,1.6161096905739014
2395,2.4929417168201433,45.8289986582176,0.5506930162269046,42.321835128810925,1.0798282454203,47.92644784500149,5.6295353084653685,1.5469332120060204
2396,2.4281917714004213,45.94766178642834,0.6601537008345313,42.43208573489005,1.1904738122352008,47.707131515050484,5.30163629489467,1.509285346632892
2397,2.360194316119691,46.075019939946635,0.5499030947554052,42.541546419497706,1.081408088363299,47.48702526362801,4.973958037214493,1.5170241762283099
2398,2.30508692714774,46.14481984244051,0.5499030947554052,42.541546419497706,1.191658694442475,47.377564579020365,4.878413870200305,1.5518103441834754
2399,2.257905913362499,46.211835574325214,0.6597587400987566,42.541941380233446,0.6419855069898435,47.48544542068499,4.943535990136604,1.5864356943204667
2400,2.1582172290294683,46.26257840984018,0.6597587400987566,42.541941380233446,2.299694205534232,44.744978698137096,2.7464088834092237,1.617944625879182
2401,2.2656413866409335,46.723507966489855,0.42266917703886553,47.37479985387009,2.0811677970547033,44.41462184063547,3.393121209540288,1.3911987633213787
2402,1.9955094264089124,46.26925673743043,0.6597587400987566,42.541941380233446,1.643325058624297,43.973619416318996,1.7369814915385735,1.6699713519235535
2403,1.9640735432463963,46.2018134219656,0.6597587400987566,42.541941380233446,1.425588571616268,43.42355126813066,1.167789075681178,1.717057188913441
2404,1.9879952082425743,46.115758615288804,0.6597587400987566,42.541941380233446,1.2058772809295653,43.422761346659165,1.036382783479798,1.7494128313037187
2405,2.0027429269591006,46.024697243026814,0.6597587400987566,42.541941380233446,1.3165228477444662,43.20344501670818,0.9321620857774142,1.7843239701233298
2406,2.020420879015176,45.97658982567175,0.6601537008345313,42.43208573489005,1.5386039028457172,42.54510106611948,0.8856902520104724,1.7949802427141826
2407,2.034395826106871,45.918274843774796,0.7696143854421079,42.5423363409692,2.0898569332412977,41.99779764308136,1.428132619372818,1.8255518130190118
2408,2.040241117192744,45.87585743073915,0.6597587400987566,42.541941380233446,2.6391351599581543,41.99977244676015,2.052286082377137,1.8468815703264596
2409,2.0720190250038213,45.80553193754348,0.7692194247063331,42.65219198631255,3.1880184259392363,42.11160289578229,2.4784723466614254,1.8516531750923249
2410,2.0898866136763243,45.73414962995399,0.7692194247063331,42.65219198631255,3.5175853619693407,42.11278777798957,2.800798497761651,1.8325666228560196
2411,2.0957594717550165,45.67174918794069,0.658968818627257,42.76165267092016,3.846362376527944,42.33368395088352,3.2159967223671804,1.8271281416377108
2412,2.0965553568963773,45.62579087356293,0.7692194247063331,42.65219198631255,3.84596741579222,42.44353959622689,3.083814848615108,1.8379300419434488
2413,2.087034960978681,45.61546620877716,0.6593637793629817,42.65179702557681,3.84596741579222,42.44353959622689,3.193401617802399,1.8211131721229212
2414,2.1040919102849283,45.5936940308301,0.6593637793629817,42.65179702557681,4.064888785007373,42.66404080838515,3.4055470154274263,1.8325778193241722
2415,2.132736929543614,45.574244651358754,0.658968818627257,42.76165267092016,4.063703902800149,42.99360774441525,3.4126271623952453,1.8226061525986998
2416,2.134569308518416,45.53809893170044,0.7688244639706083,42.7620476316559,3.9534532967210225,43.103068429022876,3.2028356165470053,1.822380500304532
2417,2.1270844653592333,45.535705950392625,0.7684295032348337,42.871903276999305,4.172769626672052,43.21371399583777,3.421456742903082,1.8229688687460797
2418,2.1390204019988195,45.50174492303782,0.768034542499109,42.98175892234266,4.392480917358754,43.21450391730928,3.6319115844022414,1.8367032223388968
2419,2.1351697613538865,45.49615416479514,0.7684295032348337,42.871903276999305,4.392480917358754,43.21450391730928,3.6402093141678202,1.837122975897083
2420,2.143592181275193,45.45982811414979,0.6585738578914824,42.87150831626356,4.392480917358754,43.21450391730928,3.749627702996125,1.8436516633799156
2421,2.159557094662297,45.45471663950166,0.6585738578914824,42.87150831626356,4.392480917358754,43.21450391730928,3.749627702996125,1.8322252053617385
2422,2.156543052372793,45.417388250311035,0.548718212548131,42.871113355527804,4.283020232751127,43.104253311230146,3.7415726395510545,1.832455507938998
2423,2.1325852467645943,45.428378456337676,0.548718212548131,42.871113355527804,4.173954508879276,42.884147059807674,3.6252597261001918,1.8078064805080576
2424,2.1467843967845197,45.43470873939145,0.43846760646900496,42.98057404013541,4.173954508879276,42.884147059807674,3.73673126684455,1.801949550399295
2425,2.1465587780816766,45.46269260210219,0.43846760646900496,42.98057404013541,4.173954508879276,42.884147059807674,3.73673126684455,1.8036556219001334
2426,2.150482569478446,45.48006740098638,0.32861196112565366,42.98017907939966,4.173954508879276,42.884147059807674,3.846541493127473,1.8047903115421156
2427,2.1560018814657314,45.543718186210796,0.43807264573323024,43.09042968547878,4.173954508879276,42.884147059807674,3.7415726395510545,1.7771439136003657
2428,2.1062475043587803,45.61411835273347,0.3282170003898789,43.090034724743035,4.064493824271649,42.7738964537285,3.7496277029961282,1.7507830065227614
2429,2.084685286197839,45.65924528667571,0.43767768499750553,43.20028533082216,3.84596741579222,42.44353959622689,3.491289589230378,1.7417117068155585
2430,2.1323853725093262,45.684281214620704,0.5471383696051321,43.31053593690127,3.5175853619693407,42.11278777798957,3.2028356165469987,1.7583341755595856
2431,2.204999689763201,45.658865414467016,0.5467434088693574,43.42039158224463,2.8592414113806317,41.89070672288827,2.7726490547061005,1.71946550602042
2432,2.288427698232549,45.64099455823242,0.5463484481336326,43.53024722758801,2.4182389870641274,42.32854946131872,2.2244216576886218,1.6500548993809305
2433,2.2917631156073064,45.61731963963778,0.6562040934769839,43.53064218832377,2.4166591441211285,42.7679720426922,1.91855876542162,1.5966770779017565
2434,2.299758247318496,45.5912172221461,0.7656647780845605,43.64089279440284,1.9764466412761736,42.98610349043596,1.376496186999117,1.5537021647589462
2435,2.2590704948058615,45.61043298769018,0.7656647780845605,43.64089279440284,2.0855123651480256,43.20620974185845,1.3895851932308874,1.5368198583171855
2436,2.230101614324696,45.60098421413095,0.6554141720054845,43.75035347901047,2.0847224436764757,43.42592103254518,1.4656665882071238,1.5289523831074712
2437,2.1935977118993217,45.55927561919583,0.6558091327412092,43.64049783366709,2.0831426007334772,43.86534361391862,1.444934757609408,1.5332297004171418
2438,2.189915916826042,45.55533200741327,0.5459534873978578,43.640102872931344,2.6312359452430596,44.19688535362749,2.1583349276252677,1.5269826841875933
2439,2.1694874072710513,45.47159841207465,0.43570288131873175,43.74956355753897,2.7418815120579603,43.977569023676516,2.3174223545712893,1.527065693257652
2440,2.1565462157025372,45.36660042166763,0.43649280279023134,43.52985226685226,2.632025866714609,43.97717406294077,2.2406387982093,1.4879965434099816
2441,2.1853740527040997,45.25883244054541,,,,,,1.4589529524141527
2442,2.1668266162803387,45.196965636332365,,,,,,1.4395491304784016
2443,2.169851964142145,45.16964979156047,,,,,,1.4261678309250125
2444,2.15230142847261,45.17839899487119,,,,,,1.419877511634607
2445,2.1611429238885216,45.168781453525476,,,,,,1.4161197631509646
2446,2.146895102361907,45.18558085348359,0.5459534873978578,43.640102872931344,1.974076876861625,43.64523736249614,1.4281326193727941,1.4032094540663114
2447,2.1045046483578105,45.181686828981796,0.5455585266621331,43.74995851827472,1.9752617590688992,43.31567042646606,1.49420797730478,1.407123352747876
2448,2.089435468517321,45.23696607335112,0.5451635659263583,43.85981416361807,2.0851174044122507,43.31606538720181,1.6331321307603195,1.4209020074631493
2449,2.1097006648713212,45.285942339101595,0.43530792058295703,43.85941920288232,2.415869222649629,42.98768333337895,2.1639192446629525,1.462409043645551
2450,2.1051964190965204,45.30296133187087,0.43530792058295703,43.85941920288232,2.52651478946453,42.768367003427976,2.3587159791699044,1.4846714836615533
2451,2.0728254527475833,45.33229361054822,0.5455585266621331,43.74995851827472,2.746621040886957,42.659301279556125,2.4564627829249255,1.5113602608704864
2452,2.081233487945996,45.38447960136478,0.5455585266621331,43.74995851827472,2.746621040886957,42.659301279556125,2.4564627829249255,1.5282485288601206
2453,2.138293647817697,45.411663075743014,0.6554141720054845,43.75035347901047,2.747016001622732,42.54944563421277,2.4118411774731294,1.5691216263808327
2454,2.1710392187300775,45.435473581889866,0.7652698173488357,43.75074843974622,2.417449065592628,42.548260752005504,2.043446330955509,1.6122131628673766
2455,2.186127931421171,45.43757748207465,0.9849811080355885,43.75153836121774,2.418633947799902,42.21869381597539,2.0988027217543554,1.6557159249221385
2456,2.1975043083843655,45.38686283354941,1.09483675337894,43.75193332195349,2.529279514614803,41.99937748602439,2.2647467834861827,1.706340183697433
2457,2.2042407998418287,45.35373339968421,1.09483675337894,43.75193332195349,2.639530120693879,41.88991680141676,2.419335264443198,1.747949403890273
2458,2.2183389787155785,45.329413512570824,1.2050873594580658,43.64247263734587,2.7489908053015055,42.000167407495894,2.254063956075747,1.786173444521897
2459,2.245543973991502,45.34037382777231,1.3145480440656927,43.752723243424995,2.0902518939770225,41.88794199773799,2.019684519184431,1.8178306377033777
2460,2.265374983968214,45.36458231982281,1.3145480440656927,43.752723243424995,1.980791209369446,41.77769139165895,2.0843777898462874,1.812574488259658
2461,2.250094965809919,45.36480450094935,1.3145480440656927,43.752723243424995,2.529279514614803,41.99937748602439,2.1330245874197216,1.8067038719004993
2462,2.2688151984495177,45.372524982320314,1.3145480440656927,43.752723243424995,2.4206087514786256,41.669415589258534,2.358715979169911,1.8209594933374396
2463,2.3114242454379,45.38151788001182,1.3145480440656927,43.752723243424995,2.641504924372653,41.34063857469996,2.752992373998241,1.8399157779672686
2464,2.3614104574894594,45.35637340947296,1.424403689409044,43.75311820416074,2.422188594421675,41.22999300788508,2.7132518262690337,1.8517265337814006
2465,2.392470972252503,45.369573024757536,1.424403689409044,43.75311820416074,2.422188594421675,41.22999300788508,2.7132518262690337,1.8659845557373913
2466,2.4125487652350266,45.35746427930986,1.424008728673269,43.862973849504094,2.5316492790293013,41.34024361396421,2.7551833750406276,1.892731056341828
2467,2.419791893293133,45.36135214604431,1.424008728673269,43.862973849504094,2.422188594421675,41.22999300788508,2.8158393343226096,1.8979927656614173
2468,2.422457608127226,45.35201636746626,1.424008728673269,43.862973849504094,2.3119379883425486,41.33945369249268,2.67517706947032,1.9029084365481699
2469,2.4084990416886347,45.328658584964856,1.424008728673269,43.862973849504094,1.8713305247618195,41.66744078557979,2.2406387982093174,1.908886958973874
2470,2.3952298597096786,45.28545274585966,1.424008728673269,43.862973849504094,1.6500393911320674,42.106073445481776,1.7713805040209374,1.9279558472694984
2471,2.409639184328231,45.28967161690907,1.3137581225941928,43.97243453411173,1.7579202327966452,42.655746632934346,1.3895851932308585,1.9108209654950754
2472,2.3975275122047184,45.266580644850926,1.3141530833299175,43.86257888876834,1.6468797052460697,42.9849186082287,0.9386131114408586,1.8966811907909253
2473,2.3898694481292733,45.241896605078885,1.2042974379865663,43.86218392803259,1.3161278870086914,43.31330066205154,0.5601596995523213,1.8878559117792015
2474,2.3520125933393907,45.22791369647957,0.9865609509785874,43.312115779844284,1.2046923987223412,43.75232828268924,0.49129255658497967,1.88740200187921
2475,2.3401550564620366,45.203625694429434,0.8763103448994614,43.42157646445192,1.2042974379865663,43.86218392803259,0.5492817766818381,1.8975089847872526
2476,2.3214662054240054,45.16767037875794,0.7660597388203353,43.53103714905952,1.2042974379865663,43.86218392803259,0.5492817766818501,1.8947113590404134
2477,2.2967285345530404,45.12652516445295,0.5459534873978578,43.640102872931344,1.2042974379865663,43.86218392803259,0.6947925966154437,1.8969762099047147
2478,2.2699429633666215,45.1228423353933,-0.0037197000547236187,43.74798371459595,1.2042974379865663,43.86218392803259,1.2134031047226015,1.9193562101394877
2479,2.2552836196740356,45.16831382392273,-0.11357534539807498,43.74758875386019,1.2042974379865663,43.86218392803259,1.3228456928642993,1.9757301907477416
2480,2.2319667713939033,45.19029282520272,-0.22303603000575162,43.63733814778107,1.3137581225941928,43.97243453411173,1.5729036383698305,2.052400309203685
2481,2.206629131736555,45.248418889270916,-0.22145618706270254,43.19791556640764,1.4232188072017697,44.08268514019084,1.8675580407182628,2.1218425653415687
2482,2.1847248043831495,45.30305336483818,0.3282170003898789,43.090034724743035,1.4228238464659948,44.1925407855342,1.553603476295701,2.1976510671919773
2483,2.1851231417070625,45.380697011989184,0.8774952271067357,43.092009528421805,1.4220339249944953,44.41225207622095,1.428132619372779,2.234873210141739
2484,2.140358737867049,45.4348026877795,1.096021635586164,43.42236638592342,1.5322845310736717,44.30279139161335,0.9825851131699861,2.222897014831022
2485,2.0889092971040704,45.48472134640967,1.312178279651144,44.4118571154852,1.2050873594580658,43.64247263734587,0.7768017381478453,2.179080709860536
2486,2.080293926962535,45.49713331955017,1.312178279651144,44.4118571154852,1.2050873594580658,43.64247263734587,0.7768017381478453,2.1499720232543322
2487,2.085660423066947,45.51811297945363,1.4220339249944953,44.41225207622095,1.424403689409044,43.75311820416074,0.6591381320182057,2.116570169926231
2488,2.126894658173247,45.49103830324808,1.312178279651144,44.4118571154852,1.424008728673269,43.862973849504094,0.5601596995523213,2.097438417172925
2489,2.1558642849108165,45.464012913187325,,,,,,2.0693812439722894
2490,2.1991191526391383,45.41091589875637,,,,,,2.052338067010235
2491,2.204903578867943,45.378982147646404,,,,,,2.0707791116152
2492,2.235833738944545,45.31507088848915,,,,,,2.107780717678925
2493,2.1988965128173747,45.38119415712548,,,,,,2.079570208620814
2494,2.217110440152438,45.43925769306304,-0.0056945037334972465,44.297261941312804,1.2019276735720679,44.5213178000928,1.2282313914624583,2.0982438486085053
2495,2.228648260368398,45.44798547181532,-0.44551204584272736,44.405537743713154,1.2019276735720679,44.5213178000928,1.651503148819478,2.0938864198424785
2496,2.224482762305519,45.45871571614814,-0.5549727304503539,44.29528713763405,1.2019276735720679,44.5213178000928,1.7713805040209631,2.1136945043991227
2497,2.2343288350390713,45.44536529627906,-0.884539666480458,44.29410225542678,1.0920720282286664,44.520922839357056,1.9895832148857995,2.1566040735028533
2498,2.21021672463262,45.43660738677604,-0.994790272559584,44.403562940034384,0.9822163828853153,44.5205278786213,1.9804636105043574,2.173522847820757
2499,2.169733177114103,45.45604911587446,-1.3239622478539133,44.29252241248378,0.8719657768061894,44.629988563228956,2.2217072922386403,2.182407078852133
2500,2.1003754727584583,45.44222799680988,-1.653924144619792,44.40119317561986,0.7625050921985626,44.51973795714977,2.4193352644431796,2.197582496419895
2501,1.989040186106458,45.41257279170737,-1.9838860413856207,44.509863938755956,0.7625050921985626,44.51973795714977,2.7464088834092206,2.2184700536464317
2502,1.866456119478714,45.3839152751745,-2.3138479381514996,44.61853470189211,0.6526494468552112,44.51934299641403,2.9681552738506065,2.2642045347102573
2503,1.8212011917027358,45.37054104949677,-2.2039922928081483,44.618929662627856,0.6526494468552112,44.51934299641403,2.8583770802457518,2.269248455687677
2504,1.7866551983996115,45.382420058559504,-2.3138479381514996,44.61853470189211,0.6526494468552112,44.51934299641403,2.9681552738506065,2.262766847067308
2505,1.770324655698254,45.42313732646706,-2.2039922928081483,44.618929662627856,0.653044407590936,44.40948735107068,2.8647032637426184,2.2454112541067786
2506,1.7459616243735705,45.50821594291846,-2.2047822142796476,44.83864095331458,0.7629000529342873,44.40988231180643,2.998494957775297,2.210251198068282
2507,1.691593469841024,45.61043659539649,-2.2047822142796476,44.83864095331458,0.8727556982776887,44.410277272542196,3.107206952591418,2.1749757491285293
2508,1.6777981650507858,45.72099382414615,-1.8748203175137688,44.729970190178484,0.9826113436210401,44.41067223327795,2.875215971598746,2.125179199401197
2509,1.6890421992632476,45.78661325672494,-1.6547140660912918,44.620904466306605,0.9822163828853153,44.5205278786213,2.638840209655588,2.071490615762438
2510,1.5719177631053018,45.81305481781126,-1.6543191053555169,44.51104882096321,0.8715708160704646,44.73984420857233,2.5362309091548387,2.0244637153905383
2511,1.4565937467581922,45.788149038790436,-1.8748203175137688,44.729970190178484,0.7617151707270632,44.73944924783655,2.6365525280728384,1.9881619640410928
2512,1.4250479659185593,45.76187730404135,-1.6547140660912918,44.620904466306605,0.7621101314627879,44.62959360249318,2.416839817400103,1.9707669902311207
2513,1.3831864605306305,45.72131127039759,-1.6543191053555169,44.51104882096321,0.7621101314627879,44.62959360249318,2.4193352644431814,1.9781569809594244
2514,1.3536801294423566,45.66888451928582,-1.7637797899631433,44.40079821488411,0.7617151707270632,44.73944924783655,2.54809915791975,2.0096345097223938
2515,1.3243489476190982,45.664298309927474,-1.984281002121396,44.619719584099364,0.8719657768061894,44.629988563228956,2.8562652387456033,2.0443677208366795
2516,1.3242808891294837,45.63269724107603,-1.8736354353065447,44.40040325414836,0.8715708160704646,44.73984420857233,2.766112348430413,2.070396012584529
2517,1.307823153676711,45.62320581717544,-2.3130580166800003,44.398823411205356,0.9818214221495407,44.6303835239647,3.3030062976389725,2.0884609348683463
2518,1.3051891315716353,45.609662993020684,-2.422123740551852,44.178717159782856,0.981426461413816,44.740239169308076,3.449559529053165,2.118869303431987
2519,1.2872919244350733,45.60457842522744,-2.2020174891293745,44.069651435911005,1.0908871460213927,44.85048977538718,3.3842177011228474,2.1251405875499523
2520,1.2897299783775187,45.61899690595036,-2.3118731344727257,44.06925647517526,1.0912821067571672,44.74063413004383,3.4687481245208973,2.1140790312361295
2521,1.2753924702077826,45.59272192889129,-2.3118731344727257,44.06925647517526,1.2011377521005686,44.74102909077958,3.576663799724268,2.0720526285617975
2522,1.2579682728470019,45.511858374481356,-2.4217287798160774,44.068861514439504,1.9563036437527623,48.588741402947726,6.292573567973658,2.0381734270695078
2523,1.219824302383656,45.46723125674395,-2.531584425159479,44.06846655370373,2.0661592890961136,48.58913636368347,6.447922362500852,2.008320080979174
2524,1.2041590400112252,45.467652557416834,-2.7509007551104068,43.95782098688886,0.6518595253837118,44.73905428710081,3.491289589230392,1.9839104064025177
2525,1.1782282059599827,45.42136046030594,-2.7509007551104068,43.95782098688886,0.43214823469695923,44.738264365629306,3.2773301235813386,1.893777056430725
2526,1.1672384735074164,45.379801977234806,-2.531189464423704,43.958610908360356,-0.008459228883770344,45.06625145871638,2.7551833750406334,1.8242228674625525
2527,1.1723574350761754,45.354727999010095,-2.530794503687979,43.84875526301697,-0.4494616532002247,45.50409419714684,2.659340786993146,1.7373456175074964
2528,1.1879099529788892,45.34567303201792,-2.6406501490313303,43.84836030228123,-0.6699628653584768,45.723015566362065,2.7199155739058583,1.6106982165959123
2529,1.136859570416829,45.27914080760823,-2.530794503687979,43.84875526301697,-0.8908590382525036,46.051792580920655,2.7464088834092237,1.5159692395948858
2530,1.147924730260472,45.2598019427512,-2.0909769615786993,43.740479460616655,-1.0011096443316299,46.16125326552828,2.654798784041777,1.3993293250992234
2531,1.1726266814975073,45.27158941846371,-1.210946916624564,43.41407221047259,-0.8912539989882785,46.16164822626403,2.7661123484304087,1.3237712002836806
2532,1.1263015739476423,45.287684535976624,-0.7707344137795092,43.19594076272889,-0.5608971414866749,45.94312181778455,2.755183375040624,1.3030548926868584
2533,1.0811973407553401,45.26926532596087,-0.5510231230928065,43.19673068420038,-0.341580811535647,46.05376738459942,2.864703263742608,1.3027186023358228
2534,1.1023091910761191,45.25060269219624,-0.44116747774940523,43.19712564493614,1.9689423872968541,45.07336075195995,3.05432279538723,1.3090369670696282
2535,1.1390899230002185,45.24411940663182,-0.11199550245507602,43.308166172486736,0.09547200542326002,46.71448109960266,3.412627162395244,1.3384565329731515
2536,1.1957945092639017,45.27504592602354,0.20532765076666132,46.714876060338405,0.43728272426173076,43.31014097616551,3.412627162395245,1.3694863105611252
2537,1.282659066905688,45.339215497790896,0.42503894145336396,46.715665981809906,0.7668496602918348,43.31132585837276,3.421456742903051,1.4068666120476054
2538,1.312089798839251,45.37272360837176,,,,,,1.4597729431988147
2539,1.4335839334385356,45.43310534452043,,,,,,1.4969622613875166
2540,1.491742544754715,45.421243847063415,,,,,,1.5564468679225576
2541,1.554164571790439,45.40200844638463,1.4275633752950416,42.87427304141383,2.411524654556307,44.196095432155964,1.6478453300455236,1.6028623900529622
2542,1.5461820835255133,45.44015253722812,1.5382089421099423,42.65495671146282,2.4123145760278564,43.97638414146924,1.5843708884034704,1.6380075451737182
2543,1.5042794387530163,45.47427279977558,1.649644430396343,42.21592909082514,2.30285389142023,43.86613353539011,1.7747837357924148,1.6792920048760112
2544,1.4849080851863905,45.51726710361233,1.8697506818188203,42.10686336695327,2.4123145760278564,43.97638414146924,1.9466595762089847,1.7481325642121939
2545,1.4950890323631079,45.532715950172864,1.980001287897946,41.99740268234562,2.302458930684505,43.97598918073349,2.0046903658655837,1.819913648475659
2546,1.4822338466040816,45.57646111973018,1.980791209369446,41.77769139165895,2.30206396994873,44.08584482607687,2.3304052144435374,1.8734909689061103
2547,1.4426281993062924,45.603139056511,1.8713305247618195,41.66744078557979,2.300879087741456,44.41541176210697,2.7813407658526357,1.905911823984695
2548,1.3873890777792226,45.629608648593546,1.9815811308409452,41.55798010097214,2.3004841270057312,44.52526740745032,2.9843748223286912,1.9198986885517095
2549,1.3574677429203357,45.62682824914763,1.8717254854975938,41.55758514023639,2.4095498508775828,44.74537365887285,3.2328394156757545,1.9093060186917659
2550,1.300293323325434,45.64207533260754,,,,,,1.9140686642619906
2551,1.2978413989293838,45.64207073023366,1.0786433632130257,48.256014781031595,1.5386039028457172,42.54510106611948,5.729406527485216,1.9416510234463524
2552,1.3062847798882409,45.68071832138777,,,,,,1.9670940009405387
2553,1.3679856010057174,45.63396732783639,,,,,,1.9839192943147408
2554,1.397258428097016,45.56696837300267,1.4247986501447685,43.64326255881736,1.5164861016435323,48.69701720534805,5.054586295246388,2.0113870244025858
2555,1.4038317306900374,45.38550358826189,,,,,,2.014404996548875
2556,1.3542898401429115,45.252826676891,,,,,,2.0127799728741853
2557,1.3799503341767598,45.302975122689745,1.3153379655371922,43.53301195273829,1.516881062379307,48.587161560004695,5.058166453618937,2.031142816422002
2558,1.388309603706322,45.342389607338696,1.2050873594580658,43.64247263734587,1.736197392330235,48.69780712681957,5.08315695876879,2.0802418492586923
2559,1.3917832114185449,45.345460041095635,1.3145480440656927,43.752723243424995,1.956698604488487,48.47888575760435,4.769587975148926,2.120720243784797
2560,1.3575555428830883,45.32608907033075,1.424403689409044,43.75311820416074,1.956698604488487,48.47888575760435,4.755651043316733,2.152260237914693
2561,1.291088670027478,45.31149157585145,1.2050873594580658,43.64247263734587,1.956698604488487,48.47888575760435,4.894467420819579,2.1907478660748496
2562,1.19206189968749,45.26174388635014,0.8759153841637367,43.53143210979529,1.956698604488487,48.47888575760435,5.0641277596990895,2.2048863858821264
2563,1.130290119250957,45.29579745861372,0.21757143357502806,43.30935105469401,1.956698604488487,48.47888575760435,5.454232518072885,2.2106663419970696
2564,1.0347735598926067,45.25967725191276,,,,,,2.2322085097289
2565,0.9488768326891108,45.27018248483194,0.43886256720472977,42.87071839479206,1.956698604488487,48.47888575760435,5.8099369536501895,2.2338538474038963
2566,0.8542079460981942,45.27289892270415,0.3290069218613784,42.87032343405631,1.8468429591451356,48.47849079686859,5.809936953650198,2.253075761272998
2567,0.7749639051638542,45.24288891628626,0.21875631578230226,42.97978411866391,1.8468429591451356,48.47849079686859,5.734670108317412,2.2614801423049236
2568,0.7255081310306465,45.27580150934018,0.21757143357502806,43.30935105469401,1.9570935652242618,48.36903011226097,5.350354138940634,2.278505687635884
2569,0.6768734687482209,45.32900026043313,1.9570935652242618,48.36903011226097,2.952903666558119,46.395183142702145,2.2108165046324153,2.315665997536424
2570,0.6278916279322778,45.38484758215222,1.8480278413524098,48.148923860838494,3.0631542726372447,46.28572245809449,2.224421657688605,2.3574138832840354
2571,0.5832155065628883,45.423046012211636,1.8472379198809104,48.36863515152522,3.173404878716371,46.17626177348689,2.562268493237592,2.4117165943981917
2572,0.48932773596890494,45.3940002530146,,,,,,2.470126583898261
2573,0.3644724527139319,45.367910077794264,,,,,,2.512792245993242
2574,0.20728525550561278,45.285213688531016,,,,,,2.57439259644929
2575,0.32188866331622595,45.423565198215,-1.5397239311831188,43.19317603757862,3.6144073030328756,45.73841903505644,5.748332862294122,2.717085131268924
2576,0.5634078411472246,45.54378436875845,-0.9916305866735362,43.524717777287464,3.50336677548225,46.06759101035079,5.164417253206521,2.7913339593352444
2577,0.6741075830884202,45.60953157794304,,,,,,2.821053468302813
2578,0.5507085704290802,45.590172925192675,,,,,,2.8572149558726747
2579,0.499888883427454,45.50176320862862,,,,,,2.857136974697531
2580,0.4019254906631709,45.36971176896049,0.9853760687713133,43.64168271587437,3.173799839452146,46.06640612814352,3.2662642615206146,2.808254218620855
2581,0.4199006052941531,45.34187433095936,1.2054823201938407,43.53261699200253,3.943579278327205,45.849459562607066,3.586772149036614,2.7492301307712776
2582,0.4874907343529056,45.367124436683326,1.3161278870086914,43.31330066205154,4.0522500414632825,46.17942145937291,3.962450361699875,2.642044360743282
2583,0.6363182317651207,45.40340191768686,1.4263784930878176,43.203839977443934,2.179569581061288,47.60083051632891,4.461033805526102,2.5107561690567834
2584,0.7225122813347064,45.399463202372125,,,,,,2.392348920245116
2585,0.790703500421056,45.42732058901148,1.3173127692159659,42.983733726021434,1.9602532511102595,47.49018494951403,4.5520846974739415,2.3025766168206134
2586,0.8579605941566758,45.52344234219496,1.207852084608339,42.873483119942335,1.9598582903745352,47.60004059485741,4.786006570951036,2.217506112627676
2587,0.9113562440415047,45.5646925285,1.1003662036794861,42.21395428714637,3.172219996509147,46.505828709517,4.7657910357318025,2.1953669695474165
2588,0.9216604347660499,45.61286483481169,0.33414141142619996,41.44220004459254,3.171825035773372,46.61568435486035,5.90062609054969,2.184360471296149
2589,0.9221737321102867,45.70224087197824,,,,,,2.1301993271155424
2590,0.9527942626292386,45.71874801770949,-0.8758505302939139,41.87727805787265,0.6388258211038457,48.364290583431924,6.661499527602331,2.0569997142050283
2591,0.9585225880542317,45.72787429841199,-1.0967467031878406,42.206055072431305,0.7486814664471971,48.36468554416767,6.42917836248789,2.062532198009489
2592,0.942926637253518,45.699319641565566,-1.3168529546103682,42.31512079630313,1.738962117480508,47.928817609416015,6.39152545675688,2.087662867544998
2593,0.8886769029583317,45.58925275459339,,,,,,2.1501988699090107
2594,0.8091681375419336,45.50687785199104,,,,,,2.232459130943799
2595,0.781891753721426,45.47990058894835,,,,,,2.3126030626906022
2596,0.729314048565603,45.45727188824188,,,,,,2.4015057529903236
2597,0.7445154010540506,45.499925826296945,,,,,,2.463501943204147
2598,0.8013608875846006,45.5992903071574,-1.7614100255485947,43.741664342823896,1.9598582903745352,47.60004059485741,5.360494863475706,2.4943986530569484
2599,0.8325996339994514,45.665533107270214,-1.8712656708919961,43.74126938208815,3.0603895474869716,47.05471197549805,5.941390831513036,2.5352591383591117
2600,0.8994953557500698,45.76924640929148,-1.7614100255485947,43.741664342823896,3.169850232094599,47.16496258157723,6.003024117897807,2.5339684528413082
2601,0.9480779373195005,45.838947806125475,,,,,,2.5298022292485345
2602,0.965825397674183,45.86124517911915,-1.8712656708919961,43.74126938208815,2.507161713412618,48.15129362525302,6.214413905182836,2.5421891258406393
2603,0.9175736673819738,45.922206673124,-2.420543897608803,43.7392945784094,2.2866605012543655,48.37021499446822,6.603271700645619,2.5625352240288146
2604,0.9160270001604285,45.98302834386038,-2.530794503687979,43.84875526301697,-2.422123740551852,44.178717159782856,0.34739629830771696,2.554208043762697
2605,0.7869629424146204,45.99102335850322,,,,,,2.531918083458162
2606,0.6511785471428087,45.93265143245778,-2.643019913445829,44.50749417434143,3.1741948001878706,45.95655048280014,5.994977165060789,2.559553144119863
2607,0.6523090694289196,45.93477819038511,-2.7532705195249547,44.616954858949086,3.06354923337297,46.175866812751146,6.022092536437019,2.552453419199657
2608,0.6451534249399149,45.94232204641029,-2.643019913445829,44.50749417434143,2.9536935880296187,46.17547185201539,5.8399787286270275,2.539499269514585
2609,0.5929011267598214,45.930829707913894,-2.531979385895253,44.17832219904708,3.2820756418524986,46.50622367025277,6.262775832274327,2.552320553192379
2610,0.5313761216701166,45.92973081424522,-2.531979385895253,44.17832219904708,3.281680681116723,46.61607931559612,6.304070362397169,2.5454279206678487
2611,0.48267682728814004,45.94337768497091,-2.6414400705028296,44.068071592967975,3.500602050331977,46.8365805277544,6.737159871644768,2.5288430014286947
2612,0.5155984634025977,45.971947295640845,-2.6418350312386045,44.17792723831133,3.3895615227813014,47.16575250304876,6.730887326678841,2.5202354048324955
2613,0.49156402042310277,45.892118735827076,,,,,,2.479672306264509
2614,0.46568925667204536,45.81109829342811,,,,,,2.4391210154955814
2615,0.44793240923158195,45.782038376306915,-2.971007006532934,44.066886710760734,-0.1266090496779412,47.37282505019132,4.361172782758994,2.3751426409356147
2616,0.43533566920215133,45.76677052333297,-3.0808626518762856,44.06649175002498,-0.34553041889319425,47.15232383803313,4.123639424122456,2.3038190835703833
2617,0.38399598322477524,45.71674638952656,-3.190323336483912,43.95624114394586,-0.23409493060684405,46.71329621739538,4.04235563325995,2.2279826602095585
2618,0.33316318184893534,45.72532582705868,-3.189928375748187,43.84638549860248,1.8519774487099572,47.05036740740478,5.9738023414435775,2.152201806900473
2619,0.294801269309409,45.706274599701736,-3.189928375748187,43.84638549860248,1.9618330940533082,47.050762368140525,6.067015523613001,2.057519647506426
2620,0.31037919317710133,45.7205280828177,-3.078492887461787,43.4073578779648,2.1839141491545595,46.39241841755187,6.050083821239914,1.9682420323447618
2621,0.3573099586822328,45.773309246310596,-2.7481360299601336,43.188831469485315,1.9638078977320825,46.501484141423724,5.759868340736277,1.8401753077622263
2622,0.27985383170748995,45.750975055719614,-2.7477410692244084,43.07897582414194,1.9642028584678068,46.391628496080365,5.759868340736294,1.8052400376869648
2623,0.2707093484944426,45.82119511028062,-3.077702965990237,43.187646587278074,1.8500026450311837,47.59964563412166,6.6142284643215135,1.7486100800435143
2624,0.25548142188408,45.89037335531908,-2.9678473206468863,43.18804154801382,1.8488177628239095,47.92921257015177,6.758621544922256,1.7113158787704295
2625,0.2699764220394124,46.006322785111124,-2.85759671456781,43.078580863406195,1.7460714107240534,45.95141599323537,5.42650365253806,1.6880653975737736
2626,0.38249342861617736,46.29749007976548,-2.6374904631452822,42.96951513953431,1.188499008556427,48.25640974176734,6.526059298894923,1.67357941193733
2627,0.44989899934391386,46.42067617866867,-2.308318487850953,43.080555667084965,1.2967748109567796,48.69622728387656,6.673264973065815,1.6485836264363776
2628,0.5630385145872648,46.42237390262313,-2.308318487850953,43.080555667084965,1.4082102992431298,48.25719966323884,6.372615576685543,1.5993211509301855
2629,0.713694660342451,46.51059731921181,-1.9803313947638481,43.5211631306657,1.5172760231150317,48.47730591466132,6.0660208493668595,1.4981314910034054
2630,0.8306332608458535,46.59555823415914,-1.7621999470200946,43.96137563351063,1.4082102992431298,48.25719966323884,5.339064077532823,1.3792277312665417
2631,0.9278247665639502,46.63638040470104,-1.6543191053555169,44.51104882096321,1.1991629484217947,45.29030731749636,2.9579728929873776,1.289722717289411
2632,1.0460590080623116,46.617031591338865,-1.325937051532687,44.84180063920061,1.0897022638141183,45.180056711417315,2.43920693510017,1.232615803684783
2633,1.1280397638654207,46.56335262148736,-0.8876993523665055,45.17294741817374,1.0912821067571672,44.74063413004383,2.0256511038796416,1.2124814566056572
2634,1.2601701859901977,46.62304860684803,-0.11949975643439589,45.39542343401074,0.7636899744057868,44.190171021119674,1.4942079773047903,1.2380383596890567
2635,1.3909779568790284,46.620521929966664,0.43175327396118446,44.84812001097265,0.6538343290624354,44.18977606038393,0.6947925966154292,1.2870018170335724
2636,1.3453800324072236,46.46828526635237,0.2112520618029824,45.06704138018791,0.6526494468552112,44.51934299641403,0.7034238914903639,1.1835729545621965
2637,1.2207147755985432,46.39653180481291,,,,,,1.1902192971742462
2638,1.163204415472341,46.35949586816337,,,,,,1.2153329400298594
2639,1.171328720280477,46.34398639193805,,,,,,1.2351747243543418
2640,1.0403062602164028,46.271357734378675,,,,,,1.5084475789073992
2641,0.8410063889113257,46.23634965735653,2.0689240142463867,47.82014684627989,4.602318189651638,45.961684972364935,3.141968584307091,1.5849780091015044
2642,0.638538018224862,46.264550175109534,-0.12186952084889437,46.054557306070926,4.492857505044062,45.85143436628584,4.619195216936994,1.6789535575014118
2643,0.47657932838046796,46.26914677491044,-0.3423707330071465,46.27347867528615,4.493647426515561,45.63172307559908,4.878413870200333,1.761189334329763
2644,0.4020659929944819,46.26153646564756,-0.451831417614773,46.16322806920705,4.604687954066185,45.3025511003047,5.129244876293532,1.8285119428156322
2645,0.3298434956969505,46.251354466977745,-0.5616870629581743,46.162833108471304,4.4948323087228355,45.30215613956895,5.129244876293532,1.8664742541565915
2646,0.271805705822513,46.24058961327602,-0.7806084321733776,45.94233189631304,4.385371624115159,45.1919055334899,5.220200155931877,1.9077180723660516
2647,0.22628140871068325,46.24107519989533,-0.7802134714376028,45.8324762509697,3.946344003477478,45.0804700452035,4.786006570951036,1.9206469875784375
2648,0.2136111013777951,46.22729720284751,,,,,,1.9345382630255443
2649,0.19465776746417715,46.19504707102923,,,,,,1.9388663709673268
2650,0.19585040364769277,46.1885797452474,,,,,,1.9460481699626035
2651,0.19695435469342626,46.187785234172836,,,,,,1.9459205067694023
2652,0.21120812609396847,46.17333839550711,,,,,,1.9289424753887388
2653,0.20655784253293027,46.178576995264855,,,,,,1.924581923213927
2654,0.20684858306831053,46.17638820573056,,,,,,1.9095690210310572
2655,0.18027836986777207,46.191015864101544,,,,,,1.8823218023790653
2656,0.18809598083074755,46.19021095297977,,,,,,1.89208579192778
2657,0.18106298475536842,46.18869082988951,,,,,,1.8950109708925318
2658,0.19903003702154246,46.17974319724949,,,,,,1.892133074171235
2659,0.21037622414022672,46.16157615693958,,,,,,1.8713625336821442
2660,0.21167898180956937,46.15650552091173,,,,,,1.8513870439296394
2661,0.21171931980045317,46.12112160198599,,,,,,1.8097493438908634
2662,0.19353775417362404,46.08935715533033,,,,,,1.7838041308075916
2663,0.14925743452281276,46.04183419230751,,,,,,1.7457149437889479
2664,0.14888966079024826,46.02870676341332,,,,,,1.7314241548467704
2665,0.1085643652315051,46.0229131295382,,,,,,1.7275053534469
2666,0.0972674105590413,46.039290102384435,,,,,,1.781736606378152
2667,0.11251484065411925,46.061890978369064,,,,,,1.8492707278375489
2668,0.08579257243131663,46.08617482808589,,,,,,1.9189304130966018
2669,0.06108770921440998,46.07102695223331,,,,,,1.9573644014012617
2670,0.033029359916043596,46.07744000010881,,,,,,1.9923200743054392
2671,0.006418881184640307,46.113664038591764,,,,,,2.018923687522089
2672,-0.04951128302352129,46.13284229728055,,,,,,2.0035983640987753
2673,-0.09724058161181828,46.131582788408664,,,,,,1.9387582710870654
2674,-0.16680389634497952,46.16989616257781,,,,,,1.862853545543078
2675,-0.13782289032168474,46.22173939937169,,,,,,1.7900786684463368
2676,-0.16611216420356278,46.25325507587616,,,,,,1.7188534498893753
2677,-0.12827676115935432,46.29573336209517,,,,,,1.6978750285565805
2678,-0.07918981645771683,46.322170978699816,,,,,,1.668456131030869
2679,-0.06262540635618413,46.323989644530826,,,,,,1.6556451738300035
2680,-0.07377442432854284,46.2971538224796,,,,,,1.6469376374342537
2681,-0.02915815287220788,46.31590872106492,,,,,,1.629054491827158
2682,-0.04890584042737397,46.29190246687158,,,,,,1.617199056583995
2683,-0.032326092420454394,46.30536485121616,,,,,,1.6395311431732649
2684,0.026536765970499837,46.273119211281,,,,,,1.6612537065722415
2685,0.09475801343175959,46.26698862095584,,,,,,1.6840678889823126
2686,0.16748388541138784,46.22903543487375,,,,,,1.7025687912240182
2687,0.20711782219787636,46.21695203891463,,,,,,1.7058059744029639
2688,0.23544094512905855,46.1973683205665,-2.0976912940865193,45.608025431453896,2.7406966298506865,44.30713595970664,5.010220665819454,1.7124803189630868
2689,0.2846187278077448,46.19947605589399,-1.9878356487431679,45.60842039218965,2.960012959801664,44.417781526521495,5.089088991314515,1.7103931246114976
2690,0.33258999856419785,46.187502714845884,-1.9878356487431679,45.60842039218965,3.179724250488417,44.418571447992996,5.302774351426997,1.7143001659858863
2691,0.3745034919267077,46.20225193923072,-2.098481215558019,45.827736722140656,2.8501573144583126,44.41738656578575,5.145688570472617,1.7108393206963766
2692,0.4434095557084419,46.17309285944085,-1.988230609478893,45.71827603753302,2.7403016691149116,44.41699160504999,4.904320409998377,1.7048712445250178
2693,0.45862599603651805,46.185151562630985,-2.0988761762937935,45.937592367484,2.5198004569567094,44.63591297426525,4.798598033307686,1.705190440971128
2694,0.47062273205927085,46.16112727764447,,,,,,1.7005997240970026
2695,0.44493648916234435,46.16859882451298,,,,,,1.6850227400610547
2696,0.3901852475939991,46.20077081387656,,,,,,1.6761783778387047
2697,0.36643233475088904,46.210897468006785,,,,,,1.667236742164541
2698,0.331262907864377,46.25078282971869,,,,,,1.6428440672621007
2699,0.2746038893478607,46.26395943625411,,,,,,1.6114661451726608
2700,0.21177980110807693,46.32121074090122,,,,,,1.6276568235944362
2701,0.17818343290200278,46.338676336089804,,,,,,1.6352681273718568
2702,0.186703029616975,46.343081825351646,,,,,,1.650090552611475
2703,0.21336984902812972,46.29095718932892,,,,,,1.6665318611528281
2704,0.2236727816043422,46.27591616153879,,,,,,1.692887973233836
2705,0.21198273521614175,46.285018667860086,,,,,,1.7082587843218153
2706,0.18999199378110213,46.30844460391257,,,,,,1.7116728599907083
2707,0.13866362226951315,46.32308034622788,-2.317797545508997,45.71709115532577,1.302304261257326,47.15824824906944,3.896417695807339,1.71801034834662
2708,0.1165694646311959,46.368084667694184,-2.317797545508997,45.71709115532577,1.3026992219931004,47.04839260372601,3.857507017492739,1.7091102181023512
2709,0.11300199832656764,46.37628961571452,-2.3170076240374975,45.49737986463904,1.3026992219931004,47.04839260372601,3.938009416953039,1.7080611710261107
2710,0.11091476354602833,46.3999399098732,-2.4272582301166232,45.60684054924665,1.3026992219931004,47.04839260372601,3.9988316944230577,1.7429792388032344
2711,0.11193778715121687,46.42386259771659,-2.3170076240374975,45.49737986463904,1.1924486159139744,47.15785328833368,3.8824547764179367,1.7785531999459447
2712,0.08831822019234527,46.4004327367072,-2.3166126633017727,45.3875242192957,1.192843576649749,47.047997642990254,3.882454776417925,1.7541352006299975
2713,0.05466339867631665,46.32865021021024,-2.096506411879245,45.27845849542377,1.1924486159139744,47.15785328833368,3.7880535849514003,1.6474323185904098
2714,0.04032584169541647,46.28741801388614,,,,,,1.537308051633076
2715,0.02632264000541696,46.26163295890636,,,,,,1.4719158030394826
2716,0.05648508264826182,46.26782024931565,,,,,,1.4581700033639324
2717,0.06042057164113133,46.25044697764536,,,,,,1.4671077300134263
2718,0.041251972746245584,46.24194649328576,,,,,,1.500200424179109
2719,0.026914194054009084,46.21569930265624,-1.989415491686167,46.04784297356313,-1.765359632906142,44.84022079625758,1.2282313914624783,1.506980100939013
2720,-0.04350602198087235,46.22040487686868,-1.7708890832066886,46.378199831064755,-1.6547140660912918,44.620904466306605,1.7611313504682742,1.523018044135286
2721,-0.09828890528853637,46.25119455011296,,,,,,1.5547253273677197
2722,-0.23730612087907832,46.29563281148741,,,,,,1.5742671385659261
2723,-0.3176041150519314,46.3514029547376,,,,,,1.6172902401541611
2724,-0.3613248527637443,46.4092451920828,,,,,,1.6799383402828976
2725,-0.3583363553649468,46.38509166146633,,,,,,1.7210365485776238
2726,-0.40352308251732366,46.39745142387629,,,,,,1.6741568085861795
2727,-0.43266368517853804,46.41991510776367,,,,,,1.5988278990665785
2728,-0.3801442331301732,46.43606241358719,,,,,,1.5837607797233473
2729,-0.2946530295448536,46.46313238089894,,,,,,1.590017735283599
2730,-0.24318954373687807,46.51400076733579,-2.1016409014440667,46.706581884887584,-0.12344936379189324,46.493979887444404,1.9895832148858026,1.6188550825896848
2731,-0.18506165847286066,46.49937048521033,,,,,,1.6628223264270348
2732,-0.18101637751533095,46.48162933541391,,,,,,1.6438603666251435
2733,-0.23851825227567278,46.3786452843591,,,,,,1.5746296185184785
2734,-0.32137465108625696,46.31599893711792,,,,,,1.4794301342951088
2735,-0.35831242174729344,46.27133452354456,,,,,,1.4581121385307125
2736,-0.3433836719152668,46.299522036435334,,,,,,1.43077198871139
2737,-0.2885269803724427,46.31102999216215,-1.1050408786386603,44.513023624641974,1.5243853163586267,46.4999042984807,3.2956906600910707,1.3968763090625735
2738,-0.23431138274416313,46.33447797252261,0.2136218262174807,44.40790750812768,1.5243853163586267,46.4999042984807,2.4687145436308042,1.3552151688482161
2739,-0.16623791745455313,46.32152743184312,-0.7750789818728313,44.404352861505906,1.5247802770943515,46.390048653137356,3.0384766558194807,1.3470545251833441
2740,-0.0956739021035994,46.28460952348195,0.32466235376810626,44.07873553283333,1.523990355622852,46.60975994382405,2.8007984977616407,1.3613839625725932
2741,-0.025462141299666525,46.26009149323068,0.43570288131873175,43.74956355753897,1.5243853163586267,46.4999042984807,2.9579728929873763,1.3650393167526833
2742,0.05137666521026881,46.19770714985335,0.5451635659263583,43.85981416361807,1.5243853163586267,46.4999042984807,2.8158393343226096,1.372687847831983
2743,0.12968485333548382,46.15619384197363,0.9845861472998138,43.8613940065611,1.5247802770943515,46.390048653137356,2.5857115112703726,1.361135709663035
2744,0.21141852348824475,46.10149990737804,1.4236137679375442,43.97282949484747,1.5251752378301262,46.28019300779394,2.3095976084685046,1.3733039215997616
2745,0.2737335116186495,46.07887361328716,1.5326794918093962,44.192935746269946,1.5251752378301262,46.28019300779394,2.087270751391015,1.371481851766033
2746,0.35351002970871953,46.0702694490561,1.525570198565851,46.170337362450596,2.19062848166238,44.52487244671457,1.7747837357924428,1.3797031716110553
2747,0.41520594269504774,46.07096939613027,1.525570198565851,46.170337362450596,2.520195417692484,44.526057328921844,1.921701369928208,1.3922103040895972
2748,0.48486602345791974,46.04660545576141,1.5259651593016257,46.060481717107216,3.069078683673516,44.637887777943995,2.0988027217543563,1.415700426087916
2749,0.539490547901145,46.052357696542,1.525570198565851,46.170337362450596,3.39864561970362,44.63907266015127,2.4193352644431765,1.44234374831498
2750,0.6487324019689363,46.02570458025246,-0.44590700657845206,44.5153933890565,3.948318807156251,44.53119181848662,4.39425421345475,1.4714565668416906
2751,0.7124961852270772,46.01981656649362,-0.4463019673142267,44.62524903439991,4.2778857431863555,44.532376700693895,4.725100506276288,1.5117514549084488
2752,0.8029674664969008,46.010470348378846,-0.5565525733933527,44.73470971900753,4.607057718480684,44.64341722824454,5.164417253206529,1.6065801291318824
2753,0.8479475907904215,45.99118079449571,-0.6668031794724789,44.84417040361514,4.60666275774496,44.753272873587925,5.274249269038898,1.6887173761414185
2754,0.8620502318902551,45.982595098369,1.1967931840072465,45.94944118955659,4.386951467058207,44.752482952116424,3.4073184314200113,1.7611910255328458
2755,0.8983450470502958,45.94964724811157,1.197188144743021,45.83958554421324,4.386951467058207,44.752482952116424,3.369923159084036,1.8273314094367086
2756,0.9020894212051861,45.95594833550212,1.3086236330293717,45.40055792357554,4.497202073137334,44.64302226750879,3.277330123581317,1.8953323691014103
2757,0.9215615570633249,45.93854079134785,1.4192691998442224,45.181241593624556,4.2778857431863555,44.532376700693895,2.9313331764142543,1.9316772685439603
2758,0.9444090002479637,45.94896181474426,1.5295198059233983,45.07178090901693,3.8392530832843996,44.31108556706417,2.431774088154031,1.9170540213794087
2759,0.9413690715470121,45.990277194491156,1.6393754512667498,45.072175869752705,3.2891849350960434,44.52882205407212,1.7369814915386115,1.827309267709123
2760,0.9468264471923781,46.0684410622028,1.5295198059233983,45.07178090901693,2.9580381561228903,44.96705975323835,1.432351631871304,1.7007898355444022
2761,0.9922014669949593,46.108386909244096,1.5287298844518986,45.29149219970361,2.5170357318064367,45.404902491668835,0.9947916074429048,1.5747547193488616
2762,1.0216316932171772,46.12411855640746,1.309018593765146,45.29070227823211,2.7359571010216395,45.62540370382703,1.4656665882071305,1.4628787757467656
2763,1.0535311087102333,46.14466855367172,1.4176893569012232,45.62066417499799,2.9552734309726674,45.736049270641914,1.5419074243075457,1.3865318849168575
2764,1.0707469503483071,46.17450888054417,1.4176893569012232,45.62066417499799,3.5057365398967484,45.40845713829061,2.0988027217543754,1.3776755646853815
2765,1.119525129366972,46.20570729942272,1.636215765380702,45.95102103249962,3.7274226342622248,44.85996883304525,2.358715979169918,1.4041328130372581
2766,1.1418029312680191,46.24674075616202,1.6370056868522513,45.73130974181289,3.7293974379409978,44.31069060632842,2.529083226809463,1.4268747553907326
2767,1.1634284190697042,46.25544156669422,1.7468613321956026,45.73170470254864,3.400225462646619,44.19965007877777,2.2540639560757465,1.4316764393630799
2768,1.180995536328453,46.225974876385756,,,,,,1.4518747021565224
2769,1.2121943290191708,46.21847324372329,,,,,,1.455941959062067
2770,1.2206193325730097,46.22641149526024,1.7468613321956026,45.73170470254864,3.0710534873522897,44.088609551227144,2.1102716744710257,1.4590167367911795
2771,1.236120615076099,46.235435150261154,1.6374006475879759,45.62145409646951,3.0710534873522897,44.088609551227144,2.0988027217543777,1.4603927998102888
2772,1.2440271349763479,46.22756067588053,1.5275450022446246,45.62105913573374,2.9611978420089384,44.0882145904914,2.0988027217543777,1.4763838535917275
2773,1.2316868009571427,46.221486899466065,1.4172943961654985,45.73051982034137,2.8509472359298123,44.197675275098995,2.0988027217543777,1.484252469353156
2774,1.2334705144732643,46.226748445538384,1.4172943961654985,45.73051982034137,2.7406966298506865,44.30713595970664,1.9435573279011849,1.4899165904532026
2775,1.2289129319508931,46.238376936407796,1.4165044746939492,45.950231111028096,2.5205903784282087,44.41620168357849,1.8900402025105296,1.5025483370770003
2776,1.2437511538992476,46.22668175867531,1.3070437900863725,45.839980504949,2.6308409845073353,44.306740998970895,2.0256511038796217,1.5153592373536697
2777,1.2564834446880997,46.21288072681071,1.3066488293505978,45.94983615029234,2.4111296938205826,44.30595107749937,1.9804636105043358,1.545200533837493
2778,1.2318282383058132,46.21810664308431,,,,,,1.539437483774702
2779,1.2222527710039932,46.23459692028973,,,,,,1.5394311964326786
2780,1.1982521936777628,46.25012458789781,,,,,,1.538859463032873
2781,1.209203616788331,46.24457631967863,,,,,,1.5626884748451901
2782,1.2102830408397924,46.25942616602936,,,,,,1.5629028077967209
2783,1.2135318267315023,46.28243553689076,,,,,,1.5847330193625004
2784,1.2406684266085402,46.2176757949659,,,,,,1.6331758731869719
2785,1.2849213614455255,46.13552491718401,,,,,,1.6956618818335647
2786,1.2859144427611429,46.09846487405182,,,,,,1.7018026379425641
2787,1.2864007191719293,46.064655533692225,,,,,,1.6724044267836977
2788,1.2472789509153708,46.032505259113286,,,,,,1.6122651091853262
2789,1.1682732894840342,46.03203492438435,,,,,,1.5524074458399484
2790,1.123510917366229,46.033267748944425,,,,,,1.5078648461384943
2791,1.0623934400196136,46.04314335148846,,,,,,1.4674038750467742
2792,0.9990457559067191,46.001748873426976,,,,,,1.4467274140892032
2793,0.9321258987834795,45.94699090700164,,,,,,1.4487942344011466
2794,0.8546587355834826,45.88032358069076,,,,,,1.4578230960543574
2795,0.7749962607955272,45.82104344280883,,,,,,1.475264810427958
2796,0.6626118202568665,45.79844952728109,,,,,,1.48306672560844
2797,0.5734851199082686,45.79657299732327,0.7518411523331948,47.485840381420736,1.4145296710152255,46.499509337744946,1.1882781663026298,1.4988110406931052
2798,0.45438175889705923,45.83930965891885,0.7518411523331948,47.485840381420736,1.6393754512667498,45.072175869752705,2.5716713449951647,1.4816719122483022
2799,0.34365144534859554,45.92539166456792,0.7510512308616955,47.70555167210747,1.5295198059233983,45.07178090901693,2.7464088834092237,1.4492492587736614
2800,0.2726018837520498,45.9672448307686,0.6411955855183441,47.705156711371714,1.5295198059233983,45.07178090901693,2.7791703864617463,1.4415036403713355
2801,0.24132529955720172,45.952468204590936,0.9691826786054493,48.14576417495247,1.3102034759723706,44.961135342202056,3.2028356165469876,1.432679506621064
2802,0.24125606683781142,45.93764184067085,,,,,,1.37995971757331
2803,0.2922879766565234,46.02854087206396,0.3108387280167407,47.92368311985122,1.187314126349203,48.585976677797454,1.0985635533636884,1.3922064696016179
2804,0.36959634232001837,46.20654039831883,0.20098308267338932,47.923288159115465,1.187314126349203,48.585976677797454,1.188278166302609,1.386851510391378
2805,0.4219710493613971,46.35643978589602,0.42187925556736616,47.59451114455686,1.1865242048777034,48.80568796848418,1.4323516318712892,1.3080070315446672
2806,0.4645008867527638,46.47548461190552,0.9806365399422664,44.95995045999481,0.9676028356624502,48.58518675632595,3.625259726100162,1.21629260966075
2807,0.46698453431143305,46.54938765865329,0.6392207818395704,48.25443493808857,0.9802415792065416,45.06980610533818,3.2028356165469876,1.1690169670486488
2808,0.4336845241224664,46.58489051280467,0.5289701757604943,48.36389562269618,0.7601353277840144,45.17887182921003,3.1934016178023974,1.1607142480018957
2809,0.4085854210226438,46.5728440571861,0.419114530417093,48.36350066196042,0.8703859338631904,45.069411144602434,3.3248566326890074,1.144555105869006
2810,0.38548526960168633,46.563375110030485,0.419114530417093,48.36350066196042,0.8703859338631904,45.069411144602434,3.3248566326890074,1.1493010527328702
2811,0.3559904655514323,46.56257312123872,0.4187195696813183,48.4733563073038,0.8703859338631904,45.069411144602434,3.4337800126407774,1.1611512011340661
2812,0.31598257747485997,46.540774800318566,0.419114530417093,48.36350066196042,0.8703859338631904,45.069411144602434,3.3248566326890074,1.1633852307653696
2813,0.28735612760246665,46.552796033487624,0.30925888507374166,48.363105701224676,0.8703859338631904,45.069411144602434,3.3411506097759514,1.1638366869583
2814,0.27326983080487827,46.55886400809633,0.19861331825889092,48.582422031175675,0.8703859338631904,45.069411144602434,3.5766637997242503,1.1548072459108862
2815,0.24160395062048556,46.57659330020656,0.08915263365121431,48.472171425096555,0.8703859338631904,45.069411144602434,3.491289589230375,1.177413841374846
2816,0.20152489223950365,46.563369996928635,0.08915263365121431,48.472171425096555,0.972342364491497,47.26691901220554,1.4942079773047747,1.1826461599955944
2817,0.14827146338531594,46.587976892030674,0.08915263365121431,48.472171425096555,0.8624867191481457,47.26652405146979,1.4323516318712974,1.1870568350432948
2818,0.07807935468588184,46.625200330351625,-0.021097972427861822,48.58163210970415,0.9719474037557223,47.37677465754886,1.5613521701313053,1.1972402893799883
2819,-0.007897084116287137,46.65346083741403,,,,,,1.2173819374937496
2820,-0.09523181546040109,46.63901231786483,,,,,,1.23581230676787
2821,-0.13990193691416308,46.66801625478935,,,,,,1.2201945630022197
2822,-0.19490184086954468,46.70625896662675,,,,,,1.2354361354103012
2823,-0.18496326672993968,46.69106264453688,,,,,,1.2382291331613589
2824,-0.2006521706998758,46.67978984451484,,,,,,1.2474013437795555
2825,-0.2514515466297652,46.67608478173453,,,,,,1.2776447990510742
2826,-0.32054345915440235,46.68868199430381,,,,,,1.3039531505399404
2827,-0.3336823726657788,46.69116218608805,,,,,,1.2867335177303991
2828,-0.27793197164576666,46.726909426616956,,,,,,1.239672147007195
2829,-0.2674257095292653,46.76653079605815,-1.882324571493089,46.817227451702486,1.1995579091575197,45.18045167215306,3.4895608000235026,1.2407664024292726
2830,-0.34371490623967166,46.78708911606408,-1.7712840439424133,46.48805547640811,0.7601353277840144,45.17887182921003,2.8499203247885725,1.2653680822493094
2831,-0.38142386933211564,46.79734821041938,-2.1004560192367925,46.37701494885751,0.9802415792065416,45.06980610533818,3.3465643059158037,1.27226826987501
2832,-0.38559387037382403,46.79062278071895,-2.429627994531122,46.26597442130686,0.9798466184707672,45.179661750681554,3.5783505075754847,1.273689040234313
2833,-0.3844301565763541,46.76049811543365,-2.429627994531122,46.26597442130686,0.9798466184707672,45.179661750681554,3.5783505075754847,1.2786500931187692
2834,-0.4276237540462874,46.73986065172002,-2.3197723491877706,46.2663693820426,0.8695960123916908,45.289122435289116,3.335728127528227,1.2827778508266103
2835,-0.4838100084652779,46.72037063503685,-2.429627994531122,46.26597442130686,0.8695960123916908,45.289122435289116,3.440802064990452,1.2876907892663731
2836,-0.5229486874988243,46.68235392437808,-2.3197723491877706,46.2663693820426,0.8695960123916908,45.289122435289116,3.335728127528227,1.2905424120015778
2837,-0.5615484511375086,46.6458609026181,-2.5390886791387985,46.15572381522773,0.650279682440663,45.178476868474284,3.3357281275282182,1.303126826380262
2838,-0.6034709111661224,46.58964173730199,-2.7580100483540018,45.93522260306948,0.650279682440663,45.178476868474284,3.4912895892303855,1.300842864580598
2839,-0.5739400206021369,46.55704089115605,-2.9773263783049795,45.82457703625463,0.8695960123916908,45.289122435289116,3.884008690739275,1.2558247402622833
2840,-0.6089914042752524,46.50640933778553,-2.7580100483540018,45.93522260306948,0.6494897609691636,45.39818815916101,3.4495595290531673,1.2453917174389275
2841,-0.6180527124222428,46.444489389878015,,,,,,1.2379363806825519
2842,-0.612072479866169,46.41750670401417,,,,,,1.2174611748861794
2843,-0.6326222539607741,46.3762634665656,,,,,,1.2392319095370794
2844,-0.6176703606957425,46.3385047006919,,,,,,1.242789987860523
2845,-0.6082655102694055,46.32298830108615,-2.8682606544331275,46.04468328767711,0.9762919718489944,46.16836255877185,3.8465414931274657,1.2453050008667375
2846,-0.6347421580273361,46.26937121933078,-2.8682606544331275,46.04468328767711,0.7565806811622416,46.167572637300324,3.6269238343935015,1.274348136576268
2847,-0.6986790238723531,46.21011176375728,-2.5379037969315243,45.826156879197626,0.7565806811622416,46.167572637300324,3.3121281219604946,1.3145419539052356
2848,-0.7495316094843725,46.18924349548385,-2.647364481539101,45.7159062731185,0.8668312872414178,46.05811195269272,3.530818124521244,1.3191218536100144
2849,-0.7527730084733997,46.19017619400722,-2.6469695208033763,45.606050627775126,0.8664363265056431,46.16796759803609,3.5580572408791244,1.3012170902723141
2850,-0.7220276158450935,46.2229430729463,-2.866285850754354,45.49540506096027,0.6467250358188903,46.16717767656457,3.57666379972427,1.2782838291690874
2851,-0.6550325332777696,46.23567410852125,-2.975746535361981,45.385154454881175,1.0865425779281204,46.05890187416422,4.117781978801899,1.274658883773245
2852,-0.6153154322389064,46.254475438375216,-2.866285850754354,45.49540506096027,0.7565806811622416,46.167572637300324,3.6846941743873836,1.2701308611909266
2853,-0.5872131320027904,46.26358448763507,-3.0852072199695573,45.274903848802,0.7565806811622416,46.167572637300324,3.9441338520950326,1.274580644847196
2854,-0.5334131936989497,46.27428141333339,-3.0852072199695573,45.274903848802,1.0857526564566211,46.278613164850945,4.290027818310815,1.2792405118433658
2855,-0.5540817913455796,46.270672799860144,-3.0852072199695573,45.274903848802,-0.5660316310514465,47.37124520724832,3.2773301235813244,1.2922451364121517
2856,-0.5710689940922976,46.27898421019043,-2.975746535361981,45.385154454881175,-0.5656366703156717,47.261389561904984,3.05432279538723,1.2812798795246332
2857,-0.6113092274725133,46.283823104612615,,,,,,1.246050282493707
2858,-0.6651997677522009,46.281458667159,-2.6469695208033763,45.606050627775126,1.1952133410642476,46.388863770930094,3.9211178968663076,1.2510957685344564
2859,-0.6765910658231773,46.273482391162794,,,,,,1.2840564410785968
2860,-0.7042774266387679,46.27750705190103,,,,,,1.311413075177083
2861,-0.7281360744608706,46.28919213686802,,,,,,1.3357945790738064
2862,-0.7426476031068969,46.31045477972793,-1.883509453700363,47.14679438773259,-0.6750973549232983,47.15113895582589,1.2084199087000438,1.3498274293922852
2863,-0.7409345926551868,46.341493588671526,-2.2126814289946926,47.03575386018191,-0.675492315659023,47.26099460116924,1.5536034762957018,1.3657993491215805
2864,-0.761414219304429,46.36887432342164,-2.1036157051227904,47.25586011160444,-0.675492315659023,47.26099460116924,1.4281326193727941,1.3699045982480818
2865,-0.7539352814906638,46.37789569041029,-2.2126814289946926,47.03575386018191,-0.675492315659023,47.26099460116924,1.5536034762957018,1.357922733393153
2866,-0.7251254863227106,46.36284657074358,-2.4316027982098953,46.81525264802374,-0.675492315659023,47.26099460116924,1.811797426788927,1.3620073607731464
2867,-0.7015886452858949,46.35829137614832,,,,,,1.3546302152052898
2868,-0.6571172491123304,46.35959174750483,,,,,,1.341329122787813
2869,-0.6032648836581204,46.36813060429446,-2.4304179160026216,46.485685711993604,-0.675492315659023,47.26099460116924,1.9185587654216134,1.3261871779018166
2870,-0.5288642789332921,46.40390427855004,-2.5406685220817975,46.59514639660119,-0.675492315659023,47.26099460116924,1.9804636105043514,1.2848735567064917
2871,-0.4796545874720117,46.4293980098175,,,,,,1.28295394551943
2872,-0.515201343548296,46.433336503570075,-2.4304179160026216,46.485685711993604,1.523990355622852,46.60975994382405,3.9563542806104053,1.2938510469273548
2873,-0.5793078894647467,46.43424986829169,-2.869050575904627,46.264394578363834,1.523990355622852,46.60975994382405,4.4065957225203904,1.2932181981971549
2874,-0.5653723452549267,46.45046973131342,-2.869050575904627,46.264394578363834,1.523990355622852,46.60975994382405,4.4065957225203904,1.259318093919331
2875,-0.5381833681954833,46.476560353189086,,,,,,1.2553543151484887
2876,-0.5693062361968101,46.49253775638413,,,,,,1.2861487163424619
2877,-0.6057059361271689,46.496934112949056,,,,,,1.3049746297950011
2878,-0.6237266260498968,46.53033431735589,,,,,,1.3588365090644507
2879,-0.5645526087926097,46.522726496495544,-2.322142113602319,46.925503254102814,1.632661118758929,46.939721840589925,3.9548287921092795,1.3919456877190455
2880,-0.3922930379410852,46.552061494392326,,,,,,1.3667901065074635
2881,-0.5084790897036714,46.546500621153506,-2.211496546787468,46.706186924151844,1.5228054734155776,46.93932687985415,3.741572639551048,1.3685163936737672
2882,-0.5357792703508909,46.584128609507225,-2.211101586051693,46.59633127880846,1.6322661580232045,47.049577485933284,3.8700010000603378,1.3476081215915168
2883,-0.5654658963022248,46.54127365799491,-2.320957231395045,46.59593631807271,1.7425167641022805,46.94011680132567,4.078024168287304,1.3341068256559334
2884,-0.6097777251688437,46.47646641882794,-2.211496546787468,46.706186924151844,1.852372409445682,46.94051176206143,4.070618997535444,1.328176177199147
2885,-0.6182037471274492,46.42535260422083,-2.320167309923545,46.37622502738601,1.9622280547890334,46.94090672279718,4.319464721101923,1.3534904517364932
2886,-0.5728488285311949,46.36948360810613,-0.454991103500771,47.04207323195396,2.0720837001323846,46.94130168353293,2.5290832268094685,1.3775556272639597
2887,-0.5782673513572228,46.31318386003233,-0.345925379628919,47.262179483376485,2.1823343062115605,46.83184099892535,2.564622438146778,1.3981588362661328
2888,-0.575848131002175,46.31441589141743,-1.1058308001101596,44.732734915328756,2.0720837001323846,46.94130168353293,3.870001000060337,1.4406786939607072
2889,-0.5793505886636678,46.27169303920596,-1.1042509571671606,44.29331233395528,1.9622280547890334,46.94090672279718,4.051302207759247,1.4590529660154257
2890,-0.57696190282322,46.262379858732196,-1.3231723263824138,44.072811121797024,1.9622280547890334,46.94090672279718,4.361172782758994,1.485108278184857
2891,-0.5757243239916231,46.26372822383508,-1.5428836170691664,44.07202120032553,2.0720837001323846,46.94130168353293,4.6152745525862615,1.4746113538947376
2892,-0.5626243773998914,46.25307494287061,-1.8720555923634958,43.96098067277487,2.1815443847400613,47.05155228961203,5.097382239264876,1.4880538175816522
2893,-0.5798236481522199,46.24099944907144,-2.0929517652574727,44.289757687333505,2.1815443847400613,47.05155228961203,5.0890889913145,1.5113793001978315
2894,-0.5733152382169852,46.25351003088766,-2.422123740551852,44.178717159782856,2.0720837001323846,46.94130168353293,5.275393233756607,1.526899347403682
2895,-0.5473813721048931,46.271983971696926,-2.423308622759076,44.508284095812954,2.1815443847400613,47.05155228961203,5.260502288400199,1.5411046943341513
2896,-0.5331225902254376,46.27886232192827,-2.9729818102117074,44.616164937477585,2.2917949908191373,46.94209160500443,5.755676296264838,1.5698301054711055
2897,-0.4852439444568191,46.306458015200356,-3.1934830223699597,44.835086306692816,2.181149424004287,47.161407934955456,5.856487535352656,1.594780955030723
2898,-0.49288824291919403,46.29683256299221,-3.1938779831057342,44.944941952036196,1.7413318818950565,47.26968373735581,5.455338741087627,1.5940620153122493
2899,-0.5009651165219197,46.28708359081841,-2.7548503624679537,45.05637744032257,1.850792566502683,47.37993434343488,5.158571844142339,1.6297393219443912
2900,-0.4827000329214546,46.316885725871565,-2.754455401732229,44.94652179497919,1.9610431725818092,47.27047365882731,5.257059926407561,1.618486938649803
2901,-0.498988334469353,46.32315413485858,-2.754455401732229,44.94652179497919,1.8511875272384577,47.27007869809155,5.158571844142353,1.6308588569209033
2902,-0.5010516609338042,46.322843204160726,-2.7552453232037286,45.166233085665944,1.960648211846034,47.38032930417064,5.20978635826084,1.6394586644904248
2903,-0.4352537542152913,46.35639336171808,-2.645389677860377,45.16662804640169,2.1823343062115605,46.83184099892535,5.106843745762691,1.6016384087432125
2904,-0.4413261583746228,46.34494647869084,-2.6457846385961017,45.27648369174499,2.402440557633988,46.72277527505345,5.251317641868708,1.5925346100818238
2905,-0.423429384934771,46.3554664012852,-2.646179599331877,45.38633933708842,2.292584912290637,46.7223803143177,5.11628775520863,1.5641033298853901
2906,-0.37924237874277056,46.34374431280516,-2.4260733479093495,45.277273613216515,2.402440557633988,46.72277527505345,5.0402402314174575,1.5409593241245851
2907,-0.31671107941231974,46.37227876545767,-3.085602180705332,45.38475949414542,2.512691163713164,46.613314590445846,5.731512539880365,1.5028895011312924
2908,-0.2884969946169719,46.39850994017925,-3.0852072199695573,45.274903848802,2.512296202977389,46.723170235789226,5.781826709404208,1.5002881055176776
2909,-0.2397266410561831,46.45230814290566,-3.085602180705332,45.38475949414542,2.4028355183697627,46.61291962971008,5.624173334386044,1.4706501755756878
2910,-0.20989977564521348,46.49984259869319,-3.0859971414410565,45.49461513948877,2.4032304791055377,46.50306398436672,5.581092092315573,1.4553745555239563
2911,-0.19058610181925187,46.53802562026105,-3.195852786784458,45.494220178753025,2.293769794497911,46.39281337828763,5.562681531705291,1.4489561625537375
2912,-0.2227231619858701,46.54941098315011,-3.195852786784458,45.494220178753025,2.1839141491545595,46.39241841755187,5.454232518072902,1.4629558809948737
2913,-0.21230926502936534,46.56643295959969,-3.195852786784458,45.494220178753025,2.1839141491545595,46.39241841755187,5.454232518072902,1.4685635569722795
2914,-0.17642300985275042,46.57692030974891,-3.195852786784458,45.494220178753025,2.403625439841262,46.39320833902337,5.671184719506318,1.4726162161800624
2915,-0.15858314862969586,46.60355826969058,-3.195852786784458,45.494220178753025,2.4032304791055377,46.50306398436672,5.689244171460243,1.4609370027593596
2916,-0.13651171991544497,46.61596293438969,-2.8670757722258533,45.715116351647,2.4020455968982635,46.83263092039685,5.386323311306941,1.4590405399782145
2917,-0.1998747006637521,46.578187987705995,-2.4260733479093495,45.277273613216515,2.512296202977389,46.723170235789226,5.14568857047261,1.502045013319345
2918,-0.2356052002411225,46.56676619844032,-2.3170076240374975,45.49737986463904,2.404020400577037,46.283352693679966,4.786006570951036,1.500116120130409
2919,-0.25915805811333625,46.52417412841007,-2.6457846385961017,45.27648369174499,2.2933748337621864,46.50266902363097,5.089088991314521,1.5200849371827359
2920,-0.2565272420528865,46.43864994245328,-2.865495929282855,45.27569377027349,2.2941647552336857,46.28295773294422,5.25705992640758,1.5158050437055566
2921,-0.2559501707635776,46.340476807321366,-3.1954578260487327,45.384364533409666,-0.12384432452766804,46.603835532787755,3.3048326767100433,1.4824229342714024
2922,-0.23729083984052676,46.1648329139622,-3.196642708255957,45.71393146943976,-0.4522263783504978,46.2730837145504,2.800798497761651,1.4775612420005695
2923,-0.18164366693656622,45.99638100542672,-3.197432629727507,45.93364276012648,-0.5612921022223997,46.052977463127924,2.6388402096555876,1.4554687514026923
2924,-0.16042070762084462,45.841477715841314,-0.5605021807509001,45.8332661724412,2.184704070626059,46.17270712686512,2.766112348430424,1.4108186607263473
2925,-0.12181759981405253,45.72417494470574,-2.4312078374741706,46.705397002680336,-0.44985661393599935,45.61394984249019,2.262080806360189,1.3698057954116292
2926,-0.1052037545469957,45.60606089747381,-2.211496546787468,46.706186924151844,-0.44906669246449993,45.39423855180349,2.19712710672737,1.3262277966102063
2927,-0.09923699809080597,45.53313696770496,-1.8819296107573638,46.707371806359085,-0.22817051957052295,45.065461537244886,2.3304052144435463,1.333110595074635
2928,-0.1043890426189253,45.489418035728825,-1.990600373893441,46.377409909593254,-0.4474868495215009,44.95481597043001,2.098802721754388,1.3766581850563053
2929,-0.15643748620835873,45.4097244078964,-1.8807447285500896,46.37780487032901,-0.5569475341291276,44.844565364350885,2.0256511038796576,1.421449042022572
2930,-0.22304638043314343,45.373243708614226,,,,,,1.4546486798545553
2931,-0.2766246375157507,45.3562777725095,-1.6594535949203384,45.939172210427,1.8555320953317298,46.06166659931449,3.5171194574517,1.4722171426974704
2932,-0.3050837800840651,45.3791533217476,-1.8787699248713166,45.82852664361214,1.8555320953317298,46.06166659931449,3.7415726395510545,1.4900148040128103
2933,-0.33299563890890194,45.385461472191125,,,,,,1.5137037775874727
2934,-0.3425190535378405,45.4212828369724,-0.9983449191813566,45.39226374812472,1.9653877406750813,46.062061560050246,3.0384766558194474,1.523294284886734
2935,-0.3507576348028116,45.48469059978159,,,,,,1.5427665515133595
2936,-0.35482699743695223,45.55175986499895,-0.8896741560452295,45.72222564489054,1.8559270560674546,45.95181095397111,2.755183375040639,1.5712264977988668
2937,-0.36059088383911425,45.62270951796796,,,,,,1.6077506881378423
2938,-0.378987440897552,45.650719626787264,-1.327121933739961,45.17136757523074,-0.8912539989882785,46.16164822626403,1.0819596223314694,1.6411168807342005
2939,-0.4153542494418952,45.69631063984819,-1.1070156823174337,45.06230185135886,-0.7817933143806017,46.271898832343155,1.252555166454849,1.646306521049619
2940,-0.4110584849345248,45.71676823706493,-0.997554997709857,45.172552457437995,-1.001899565803129,46.38096455621503,1.208419908700074,1.6512047839465027
2941,-0.4293471661445898,45.72118962161784,-1.001899565803129,46.38096455621503,-0.8876993523665055,45.17294741817374,1.2134031047226166,1.6692813192444695
2942,-0.45119034103008915,45.7730168590433,-0.8916489597240032,46.27150387160738,-0.6687779831512525,45.393448630331996,0.90589871339446,1.6813141187854845
2943,-0.4795239503567496,45.79432264487474,-0.4494616532002247,45.50409419714684,1.1948183803285228,46.49871941627345,1.9217013699281877,1.6844976200373563
2944,-0.4522672489235334,45.83024082991882,-0.23093524472079613,45.83445105464845,1.4141347102794506,46.6093649830883,1.8184462470292004,1.705486516588871
2945,-0.3960937121829833,45.858381492699195,-0.12147456011316961,45.944701660727546,1.523990355622852,46.60975994382405,1.774783735792423,1.723357809412219
2946,-0.3635684853288044,45.866816588674304,-0.12147456011316961,45.944701660727546,1.6338460009662035,46.61015490455983,1.8772262228817311,1.7388271129135042
2947,-0.3183516668900479,45.821460953753785,-0.0116189147698183,45.94509662146329,1.8543472131244558,46.391233535344625,1.9185587654216305,1.76427174324508
2948,-0.27668764116524236,45.79675434807669,-0.12226448158466903,46.1644129514143,1.9638078977320825,46.501484141423724,2.1131291865104846,1.8152570871059368
2949,-0.26283266176393216,45.798898611802294,-1.218451170603834,45.50132947199657,-0.45301629982199715,46.492795005237156,1.2525551664548586,1.813505409673501
2950,-0.25271605352849363,45.78143577492063,,,,,,1.8310852382973526
2951,-0.25569724437152935,45.79675908447514,,,,,,1.8189110701709024
2952,-0.24477812160451895,45.80902094450981,-0.9991348406528561,45.611975038811416,2.292979873026411,46.612524668974324,3.4408020649904505,1.78000478994174
2953,-0.25940288961300645,45.82543458961257,,,,,,1.7566182690351793
2954,-0.25211508139638766,45.86155341837251,,,,,,1.728258777968866
2955,-0.2482080005530665,45.896688293690474,,,,,,1.663755043455124
2956,-0.2998581914041758,45.875151187084185,,,,,,1.5294299170758294
2957,-0.2822297712150001,45.924974305586716,,,,,,1.4022906662658792
2958,-0.2384818443139355,45.95261497218396,,,,,,1.267371256289136
2959,-0.22339411773321455,45.955076812093616,,,,,,1.1884025850723843
2960,-0.21698467124664245,45.95841175400113,,,,,,1.1694530823639664
2961,-0.21631276992246506,45.90966898688903,,,,,,1.175827375778985
2962,-0.2004167011722584,45.82849504952698,,,,,,1.156724982841841
2963,-0.17439269757704237,45.80219657108396,,,,,,1.156937334361603
2964,-0.17035001504500524,45.765374418328314,,,,,,1.1694896476484595
2965,-0.1527316252206,45.74792326571045,,,,,,1.170872358156566
2966,-0.1487851870160441,45.696162850039485,,,,,,1.1946457510791666
2967,-0.1349565721592341,45.65335477730045,,,,,,1.1993091374994571
2968,-0.125173404875848,45.61546591896742,,,,,,1.2140324609224793
2969,-0.1271243170968663,45.59438240414614,,,,,,1.234528036118493
2970,-0.10103157388438275,45.587061566419905,,,,,,1.2600016170943757
2971,-0.07712038087165354,45.62533783230481,,,,,,1.2850062571960612
2972,-0.08298780105416133,45.69662161272109,,,,,,1.2923601787848966
2973,-0.13513560844744568,45.80172023475578,,,,,,1.3006272714463611
2974,-0.1950892967826509,45.91754193711227,,,,,,1.3102484598417703
2975,-0.18316702365865517,45.93409390540151,,,,,,1.2974279074281438
2976,-0.11758578584128188,45.95724575812731,,,,,,1.2715787278016173
2977,-0.033480899336827276,46.00357939384924,,,,,,1.2567993035802745
2978,0.012145199129911067,46.086466944666476,,,,,,1.2712166750587133
2979,-0.048054366831433014,46.13354452420806,-1.6610334378633371,46.3785947918005,-1.327516894475686,45.28122322057405,1.1469340216635269,1.2915246965638765
2980,-0.03378921340366022,46.17017082613629,,,,,,1.3060542071896388
2981,-0.06258457352726117,46.2176763658531,-1.106620721581709,44.95244620601548,0.42069437336009197,47.92407808058697,3.34115060977596,1.3165112753313504
2982,-0.0886680822329171,46.221647757601716,,,,,,1.323118359280623
2983,-0.11769112201685673,46.208745103000965,-0.6648283757937052,44.2948921768983,0.4270137451321377,46.166387755093076,2.1667060059524643,1.3158266186222929
2984,-0.1731853918962868,46.15796859346289,-0.663643493586431,43.965325240868175,0.30925888507374166,48.363105701224676,4.504110568791134,1.3529900925019518
2985,-0.12658232065035913,46.165547763378534,,,,,,1.4001835860603502
2986,-0.14282821430879347,46.14472168614202,,,,,,1.4336202882052844
2987,-0.15875177887950886,46.100541172987896,,,,,,1.4693889454668625
2988,-0.1998655456118159,46.04104647140003,-1.4271035606894442,42.42458148091076,0.6467250358188903,46.16717767656457,4.278760490074013,1.525891288917968
2989,-0.23035919183147846,45.96523534634994,-1.4263136392179445,42.20487019022406,1.0790383239488006,48.14615913568822,6.447922362500834,1.5892591123684894
2990,-0.22209996844396993,45.89957788519896,-1.4255237177464453,41.98515889953728,-0.23527981281406832,47.04286315342546,5.195868827542462,1.6440896258975897
2991,-0.23346612467757402,45.8089446259637,-1.4247337962749456,41.7654476088506,-0.1258191282064416,47.15311375950464,5.542032647488367,1.68912825186156
2992,-0.2467181018849089,45.746988753888246,,,,,,1.745306184403809
2993,-0.19630149529853844,45.72208544818125,,,,,,1.790814857610325
2994,-0.1559795088939216,45.69710547364083,-1.3132983079885956,41.32641998821284,0.09310224100876152,47.37361497166284,6.20858515863984,1.859313667919516
2995,-0.14467691602181143,45.71670145044095,,,,,,1.909675103476557
2996,-0.1619816789485945,45.727348701537245,,,,,,2.0392556696680457
2997,-0.16028964848904056,45.68956325388848,-1.3136932687243201,41.43627563355624,-0.125424167470667,47.04325811416121,5.73151253988036,2.181769028214497
2998,-0.12586923911115047,45.67749726698435,-1.4239438748034465,41.5457363181638,0.20335284708793772,47.26415428705527,5.945451933034088,2.2586890752628443
2999,-0.010127970995904574,45.76335623966832,-1.5341944808826222,41.65519700277145,0.42266917703886553,47.37479985387009,6.045094883456317,2.2501744807318342
3000,0.2008968131948298,45.9944565928204,,,,,,2.100989166829337
3001,0.2782997116599651,46.0413100191242,,,,,,2.006683710899414
3002,0.2800640790911709,46.047759533148266,,,,,,1.9953189100531012
3003,0.19646322104634975,45.92574557065078,,,,,,2.0461521709881896
3004,0.11629815858902749,45.84283124708391,-1.758250339662597,42.86281918007699,-0.12739897114944054,47.5925363408781,5.002989167223699,2.053491082244337
3005,0.027623785211316254,45.68734155010292,,,,,,2.118283395526703
3006,0.037467652509803634,45.6365556654785,,,,,,2.1355644530785587
3007,0.10423162385318605,45.60328183155783,,,,,,2.1398869292119307
3008,0.17085636347889216,45.58073915541107,,,,,,2.1378052786644566
3009,0.24421264983172836,45.60938000059059,,,,,,2.130331494999091
3010,0.27423324971626645,45.62247275755269,,,,,,2.1236964192324597
3011,0.3244396684257303,45.64913452818947,,,,,,2.129264825574096
3012,0.38969508842651895,45.71141170423961,,,,,,2.1182582019497276
3013,0.44988748542302415,45.777564967849706,,,,,,2.103315743510083
3014,0.45076421621854584,45.79470244602701,,,,,,2.120073868770424
3015,0.47474054926449855,45.81751801019955,,,,,,2.1392451876298226
3016,0.5104700474130256,45.811970296702285,,,,,,2.1614036995667187
3017,0.5446554191446449,45.81187744947291,,,,,,2.192942699102846
3018,0.5735038918574914,45.80401281045299,,,,,,2.1997599324211445
3019,0.5285956827230354,45.75114268346561,,,,,,2.221245201581303
3020,0.52091501898478,45.72287601719596,,,,,,2.2486158258028786
3021,0.4959971053658399,45.69143388241799,,,,,,2.267187147390332
3022,0.5129716998065187,45.677931530446735,-2.8564118323605356,42.74901392737606,2.9548784702368924,45.84590491598529,6.584969914615525,2.259028373457856
3023,0.5129992133396032,45.6593617614338,-2.8564118323605356,42.74901392737606,2.7355621402859147,45.735259349170406,6.339387559531498,2.2498796530706064
3024,0.5240801673198837,45.64988539916287,-2.8572017538320353,42.96872521806282,2.7363520617574144,45.51554805848369,6.146067919278508,2.2661292106518975
3025,0.5164135955483057,45.62198493316946,-2.9670573991753866,42.96833025732707,2.5174306925422107,45.295046846325405,5.957618627749835,2.2705641280872255
3026,0.5462429908544109,45.61079217258361,-2.9678473206468863,43.18804154801382,2.1882587172478316,45.18400631877483,5.528951513635608,2.2535774608858765
3027,0.566026717265756,45.582115742916514,-2.9670573991753866,42.96833025732707,2.298509323326958,45.07454563416721,5.671184719506305,2.2864204950644718
3028,0.5598156005503002,45.56436193146084,-3.078097926726012,43.29750223262142,2.0795879541117044,44.854044422008954,5.387443478379731,2.282346274456216
3029,0.49393119954352854,45.486500595171236,-2.8583866360393095,43.29829215409292,2.1898385601908803,44.74458373740135,5.251317641868708,2.334377043451711
3030,0.48992307565532983,45.48321408309028,-3.078492887461787,43.4073578779648,2.0795879541117044,44.854044422008954,5.3571167548342595,2.329992349572724
3031,0.44424107154928066,45.42516998253059,-3.078492887461787,43.4073578779648,2.0799829148474793,44.7441887766656,5.328882570927162,2.3581697412884757
3032,0.4443248994051696,45.359904450413175,-3.1891384542766876,43.62667420791575,2.080377875583204,44.63433313132223,5.364995699586406,2.380801141111925
3033,0.4772103535686434,45.36010889625315,-3.189533415012412,43.73652985325913,2.0807728363189786,44.52447748597883,5.3288825709271626,2.376922047696648
3034,0.48248148059408597,45.307014736737955,-3.189533415012412,43.73652985325913,2.19062848166238,44.52487244671457,5.437612167034991,2.3896842806661494
3035,0.5098695166826209,45.25325357173305,-3.189533415012412,43.73652985325913,2.1918133638696045,44.19530551068447,5.400867361677186,2.4006597554083537
3036,0.5611711184127733,45.21444412701889,-3.1891384542766876,43.62667420791575,2.30206396994873,44.08584482607687,5.510366750081263,2.4423112813065715
3037,0.574369441110359,45.15410706904293,-3.1891384542766876,43.62667420791575,2.192603285341154,43.97559421999774,5.393040823763098,2.441214809903066
3038,0.5990464372753976,45.13743269358153,-3.1891384542766876,43.62667420791575,2.30285389142023,43.86613353539011,5.497210264734982,2.4415033354198856
3039,0.5661095858647008,45.11137920114114,-3.189533415012412,43.73652985325913,2.412709536763581,43.866528496125866,5.603751041746155,2.459928574607015
3040,0.5551456356120855,45.09577286095593,-3.1891384542766876,43.62667420791575,2.412709536763581,43.866528496125866,5.606980559471781,2.4723968015057105
3041,0.5264700238460187,45.131164390597554,-3.078492887461787,43.4073578779648,2.30285389142023,43.86613353539011,5.400867361677178,2.4557435275273676
3042,0.5021755177448035,45.14251058607049,-3.1887434935409127,43.516818562572425,2.522170221371258,43.976779102205015,5.729406527485232,2.481073835328548
3043,0.48817643424012525,45.164789597497816,-2.9682422813826608,43.29789719335717,2.302458930684505,43.97598918073349,5.314141512062871,2.5206140798781864
3044,0.4662748296368337,45.16348090158822,-2.9682422813826608,43.29789719335717,2.30206396994873,44.08584482607687,5.328882570927148,2.547072324577098
3045,0.45082580212150125,45.15350717983803,-2.7481360299601336,43.188831469485315,2.411524654556307,44.196095432155964,5.257059926407567,2.575578335101923
3046,0.43160897434924334,45.15338391884207,-2.9686372421184353,43.40775283870055,2.6304460237715603,44.41659664431425,5.689244171460228,2.6065513625997605
3047,0.4729099181250335,45.20413792963247,-2.748530990695908,43.298687114828674,2.850552275194088,44.30753092044239,5.689244171460233,2.566426191627791
3048,0.48893406854177224,45.299920433244864,-2.9690322028541596,43.51760848404392,2.8501573144583126,44.41738656578575,5.888341637064049,2.4921858336109795
3049,0.4626159170137688,45.33145443370921,-3.079282808933286,43.6270691686515,2.850552275194088,44.30753092044239,5.9687496446573896,2.4051209000614064
3050,0.43325301666516,45.344611209849916,-2.9690322028541596,43.51760848404392,2.7406966298506865,44.30713595970664,5.764057336446901,2.3456964985672544
3051,0.355164486141259,45.26569605023259,-2.9690322028541596,43.51760848404392,2.6304460237715603,44.41659664431425,5.671184719506298,2.308397743708622
3052,0.2719666326444127,45.205234167693874,-2.7524805980534555,44.39724356826233,2.630051063035835,44.5264522896576,5.38408227800364,2.27626301726172
3053,0.19732590176727965,45.0598267206613,-2.643019913445829,44.50749417434143,2.739511747643412,44.636702895736754,5.384082278003649,2.254889141741193
3054,0.12839146507852167,45.00398604696975,-2.3138479381514996,44.61853470189211,2.629656102300061,44.63630793500099,4.943535990136604,2.247274430790736
3055,0.07057007576768459,45.030157483264894,-1.8752152782495435,44.83982583552184,2.630051063035835,44.5264522896576,4.516151878000336,2.254606181411324
3056,0.035140310427550864,45.011244438208315,-1.8752152782495435,44.83982583552184,2.629261141564336,44.74616358034437,4.505450081257545,2.269287817124838
3057,0.02977244422393078,45.047603829313715,-1.8756102389853186,44.94968148086521,2.5198004569567094,44.63591297426525,4.4065957225203825,2.299269102381816
3058,0.006501215776594702,45.08994839657582,-1.9858608450643944,45.05914216547284,2.520195417692484,44.526057328921844,4.5374797504882345,2.319887872861644
3059,-0.003996646590781977,45.10777431661113,-2.095716490407746,45.05874720473709,2.409944811613308,44.63551801352947,4.525495190232846,2.3388286825894236
3060,-0.021203167920989398,45.123522370550674,-1.876005199721043,45.05953712620859,2.409944811613308,44.63551801352947,4.306873542092226,2.350723863879793
3061,0.029383103174796907,45.14103708185363,-1.876005199721043,45.05953712620859,2.299694205534232,44.744978698137096,4.187530600212927,2.380968043042788
3062,0.08378168018714913,45.1201807548499,-1.765359632906142,44.84022079625758,2.299694205534232,44.744978698137096,4.066169421786695,2.4490692921598116
3063,0.1174848296218997,45.109901070468126,-1.6547140660912918,44.620904466306605,2.299694205534232,44.744978698137096,3.956354280610412,2.5366840968055038
3064,0.16281267762807494,45.06815415798788,,,,,,2.567381418445185
3065,0.1912067545048955,45.06016192963691,-1.3239622478539133,44.29252241248378,2.189443599455106,44.85443938274471,3.558057240879112,2.589658618275383
3066,0.20268241660630362,45.036573980467516,-1.2145015632463367,44.40277301856288,2.299299244798457,44.854834343480455,3.542761008041919,2.5952888876475964
3067,0.16738440736013313,45.04613288510651,-1.2141066025105618,44.29291737321953,2.299299244798457,44.854834343480455,3.558057240879112,2.5741046201232236
3068,0.16559864442931146,45.03356410594618,-1.5432785778049412,44.181876845668874,2.299299244798457,44.854834343480455,3.90106089629781,2.5339514061139425
3069,0.09698730050100779,44.96288405234251,-1.7649646721703678,44.73036515091423,2.0795879541117044,44.854044422008954,3.846541493127472,2.444381346762214
3070,0.10563846405019998,44.98985426407017,-2.314637859622999,44.83824599257884,2.1890486387193313,44.96429502808808,4.505450081257563,2.3352934063952193
3071,0.10365582287235728,45.02022685430322,-2.5343491503097515,44.83745607110731,2.1890486387193313,44.96429502808808,4.725100506276302,2.280188865469132
3072,0.07510207498905928,44.96832059627937,-2.534744111045526,44.947311716450685,2.1890486387193313,44.96429502808808,4.7238232794638675,2.251971144552552
3073,0.05689168426176474,44.93018471268882,-2.534744111045526,44.947311716450685,2.189443599455106,44.85443938274471,4.725100506276302,2.2429392853053405
3074,0.03533341050315768,44.919541867568434,-2.3166126633017727,45.3875242192957,2.1890486387193313,44.96429502808808,4.525495190232846,2.216845642788276
3075,0.03212576952424238,44.845625653010075,-2.5355340325170257,45.167023007137445,2.1890486387193313,44.96429502808808,4.728930116932998,2.1850302976014713
3076,0.017141339494659995,44.78100737351516,-2.6477594422748756,45.82576191846187,2.189443599455106,44.85443938274471,4.933761317221748,2.159414874231058
3077,-0.019825560605963275,44.66160189359438,-2.758405009089726,46.04507824841286,2.1898385601908803,44.74458373740135,5.116287755208623,2.1503925545321003
3078,0.09006884329568589,44.573040792107435,-2.9765364568334802,45.60486574556788,1.1936334981212489,46.82828635230358,4.3459263033549265,2.1100649301481127
3079,0.19175581180354373,44.54834712429024,-3.0859971414410565,45.49461513948877,1.5235953948870775,46.719615589167425,4.769587975148917,2.0611011510481534
3080,0.06829602451211736,44.527990492032345,-2.759194930561226,46.26478953909959,1.4137397495436763,46.71922062843168,4.197605443508736,2.127078820289735
3081,0.008967364283335338,44.501632151202244,-2.978116299776479,46.04428832694135,1.4141347102794506,46.6093649830883,4.4284512600523875,2.150126926687534
3082,0.011686145396909806,44.52342721372164,-2.9777213390407544,45.934432681597976,2.51901053548521,44.85562426495198,5.601596995523279,2.1465439104798967
3083,-0.015608390665989564,44.5243836930284,-3.0875769843841057,45.93403772086223,2.51901053548521,44.85562426495198,5.709360664719154,2.1554320911534472
3084,-0.034271213485317115,44.510953714683275,-2.976931417569205,45.71472139091125,2.5198004569567094,44.63591297426525,5.601596995523273,2.1614681969716987
3085,-0.06995225722338237,44.477820384100035,-3.196247747520233,45.60407582409638,2.51901053548521,44.85562426495198,5.764057336446916,2.1818534509893226
3086,-0.05266998260918177,44.477659596887534,-3.0859971414410565,45.49461513948877,2.5198004569567094,44.63591297426525,5.671184719506305,2.17995236194091
3087,-0.054227250366241785,44.474056185594605,-3.085602180705332,45.38475949414542,2.519405496220984,44.745768619608626,5.641313711906447,2.1786771015256643
3088,-0.07502940388605656,44.4344064603577,-3.085602180705332,45.38475949414542,2.6284712200927864,44.965874871031104,5.729406527485224,2.1788152897362303
3089,-0.12680147605647252,44.436283152167476,-3.0859971414410565,45.49461513948877,2.6272863378855624,45.29544180706115,5.716754160491496,2.162250591846771
3090,-0.1361138260397107,44.52285063186001,-2.9761414960977057,45.49501010022452,2.5166407710707115,45.51475813701218,5.492817766818441,2.1869462998661953
3091,-0.07207694140615474,44.55580731036439,-3.1938779831057342,44.944941952036196,2.515455888863437,45.84432507304229,5.779739030437647,2.2182143075635103
3092,-0.06745955857466396,44.572620874940604,-2.9761414960977057,45.49501010022452,2.515455888863437,45.84432507304229,5.5026959564150415,2.22925557889627
3093,-0.04130205741811948,44.59448811919052,-3.1934830223699597,44.835086306692816,2.515455888863437,45.84432507304229,5.7974603387773875,2.2384899238320393
3094,0.008657120461544552,44.61876864602302,-3.1934830223699597,44.835086306692816,2.5150609281276624,45.954180718385636,5.817202621281541,2.2297502608866364
3095,0.05750399648769599,44.58314613548088,-3.1942729438414594,45.05479759737957,2.4048103220485366,46.06364140299324,5.689244171460243,2.236775150262612
3096,0.17355324952452333,44.55410030205282,-3.0852072199695573,45.274903848802,2.2953496374409097,45.953390796914114,5.423166661147861,2.2558928894851817
3097,0.2537284742348882,44.53235268021005,-3.194667904577234,45.16465324272294,2.2953496374409097,45.953390796914114,5.546386169485336,2.293851815335746
3098,0.2615826709802925,44.479035002475406,-3.1950628653129587,45.274508888066244,1.3015143397858262,47.37795953975611,4.964243266149272,2.343167483409686
3099,0.2878292575062746,44.445760620592104,-3.1942729438414594,45.05479759737957,2.405995204255811,45.734074466963136,5.641313711906455,2.369928598152438
3100,0.3290158157146085,44.472039478601175,-3.1942729438414594,45.05479759737957,2.2961395589124596,45.73367950622739,5.532224696860834,2.3839646564341077
3101,0.36272722381974365,44.45908298524298,-3.194667904577234,45.16465324272294,2.1866788743048327,45.62342890014826,5.400867361677186,2.3915808177556963
3102,0.44240499593209265,44.481922991694624,-3.194667904577234,45.16465324272294,1.1912637337067002,47.48742022436376,4.963027582706004,2.3797706622312567
3103,0.4004431205010934,44.435633533083546,-3.1950628653129587,45.274508888066244,1.6306863150801556,47.48900006730679,5.309597568083565,2.4134744289673438
3104,0.36494903151394353,44.37447093769876,-3.1950628653129587,45.274508888066244,1.081408088363299,47.48702526362801,4.814917707475994,2.4434128132122974
3105,0.38327138587214366,44.376790276422206,-3.194667904577234,45.16465324272294,0.8616967976765962,47.48623534215652,4.67373919277713,2.440769590270147
3106,0.444629424329058,44.37673134063638,-3.1942729438414594,45.05479759737957,0.6419855069898435,47.48544542068499,4.541467575851905,2.4416938851513894
3107,0.4973303981736593,44.39989043205592,-3.1942729438414594,45.05479759737957,0.5329197831180417,47.26533916926251,4.333412011904953,2.400462353687543
3108,0.5404488222086702,44.390702877238276,-3.19269310089846,44.61537501600609,0.5329197831180417,47.26533916926251,4.571925346622934,2.357240628233319
3109,0.5608373410434014,44.428646611401625,-3.1922981401626855,44.50551937066268,0.7534209952762437,47.04641780004723,4.693065557204346,2.343415888688544
3110,0.5768185536598229,44.43971415450146,,,,,,2.325165995250408
3111,0.5785231255101105,44.46237166375519,-2.423308622759076,44.508284095812954,2.950928862879345,46.944461369418946,5.900626090549682,2.3429240270581726
3112,0.5637006377082925,44.35946216820782,-1.87324047457077,44.29054760880501,2.8387034531214956,47.60320028074344,5.759868340736277,2.358972431487896
3113,0.5437115588122071,44.34026152222693,-1.2137116417748373,44.18306172787613,2.728057886306595,47.822516610694414,5.364995699586401,2.4177111755722254
3114,0.5508595182316534,44.30507330173139,-0.7723142567225582,43.635363344102316,2.5067667526768433,48.26114927059639,5.670120607531565,2.449013935963436
3115,0.5195991625613424,44.2300859619112,-0.551813044564356,43.416441974887114,0.8719657768061894,44.629988563228956,1.8707863197755472,2.505628451872871
3116,0.5544830581412926,44.20788448692656,-0.6612737291719326,43.306191368807994,1.9586734081672608,47.929607530887516,5.3141415120628785,2.5027181048116565
3117,0.5421380135764081,44.09251420515892,-0.6616686899077073,43.41604701415136,1.7401469996877823,47.59925067338591,4.8236823549463,2.506832890983272
3118,0.5722572737163001,44.00185699014587,-0.7715243352510586,43.41565205341562,1.960648211846034,47.38032930417064,4.8149177074759555,2.525625905305142
3119,0.5510226833542269,43.85926380056062,-0.551813044564356,43.416441974887114,2.069318974982112,47.71029120093651,5.03065346052945,2.5250108853720934
3120,0.5651927910161786,43.79761958842645,-0.662063650643432,43.52590265949475,1.8500026450311837,47.59964563412166,4.786006570951051,2.5489541766789925
3121,0.589124082556007,43.915929370430824,,,,,,2.6002379082818496
3122,0.6070968325025975,44.06859861026156,-1.2137116417748373,44.18306172787613,-0.6624586113792068,43.63575830483807,0.7768017381478453,2.6594099332725736
3123,0.5764342933713085,44.147152001240975,-1.3231723263824138,44.072811121797024,0.6435653499328924,47.04602283931148,3.5648344989078313,2.694933255047579
3124,0.5448014012942828,44.34733255970288,,,,,,2.756103575532064
3125,0.5201815532322633,44.164317004498464,,,,,,2.7222618190955243
3126,0.5028032011533284,44.1450688001124,-1.6523443016767434,43.961770594246374,1.738962117480508,47.928817609416015,5.219044093431603,2.7241788099650006
3127,0.48206988756438457,44.17557532616474,-1.6523443016767434,43.961770594246374,1.7381721960090086,48.14852890010274,5.387443478379732,2.7081398098003917
3128,0.5282223062662658,44.154576183808224,-1.6523443016767434,43.961770594246374,-0.014778600655816035,46.823941784210284,3.2975210910348127,2.6999151681526334
3129,0.5751682412901222,44.138622267127936,-1.6523443016767434,43.961770594246374,-0.23369996987106934,46.60344057205201,2.998494957775309,2.6791639002836822
3130,0.5977020912869712,44.10979117748298,-1.7621999470200946,43.96137563351063,-0.34316065447864597,46.4931899659729,2.9023708115672955,2.654770774530129
3131,0.5934287434840443,44.11492033990181,-1.8720555923634958,43.96098067277487,-0.34355561521442074,46.603045611316254,3.0523465267911907,2.628554091602539
3132,0.5870903666313008,44.105759321212865,-1.8724505530992706,44.070836318118246,-0.5628719451653985,46.4924000445014,2.752992373998234,2.5978280891374546
3133,0.5735385508572294,44.08124402962954,-1.7629898684916439,44.18108692419735,-1.4235489140676714,41.435880672820495,2.766112348430411,2.5829044713202345
3134,0.5344272879150878,44.09014099955923,1.6267367077226584,48.58755652074048,1.960648211846034,47.38032930417064,1.252555166454878,2.5390693183372632
3135,0.49388132042142185,44.15711341516478,1.6267367077226584,48.58755652074048,1.9602532511102595,47.49018494951403,1.1469340216634691,2.5162176453977003
3136,0.45880783995811697,44.257064602147494,1.8480278413524098,48.148923860838494,1.9594633296387605,47.70989624020076,0.4529493566972264,2.520259395864182
3137,0.4775498393709578,44.25681323254149,-0.7782386677588292,45.28319802425281,1.8480278413524098,48.148923860838494,3.887114655802424,2.5794304901993192
3138,0.532703068927508,44.32647160883253,-0.9983449191813566,45.39226374812472,1.8488177628239095,47.92921257015177,3.813455737698771,2.6359285735932145
3139,0.5262021410310604,44.3616570598971,-1.1074106430532082,45.17215749670224,1.5172760231150317,48.47730591466132,4.220543348942029,2.638971181879367
3140,0.5037780633618218,44.387176117522024,-1.1074106430532082,45.17215749670224,0.4285935880751866,45.72696517371959,1.6331321307603195,2.65332461010747
3141,0.4891616499009158,44.38127976146864,-0.8869094308950062,44.95323612748699,1.5172760231150317,48.47730591466132,4.266049174839417,2.6570819358874926
3142,0.4948675755243407,44.415800369435075,-0.7766588248158303,44.84377544287938,0.2096722188599834,45.50646396156137,1.1882781663026256,2.6605683543090497
3143,0.4708211372878445,44.43594962483235,,,,,,2.5889813175362697
3144,0.45765716046416965,44.417164919466686,-0.8975733707603241,47.919338551757924,-0.45973063232981776,48.360340976074404,0.6214413905182867,2.511562715484771
3145,0.4249242650581617,44.44764873681621,-1.2263503853189286,47.698442378863916,-0.569586277673219,48.35994601533865,0.9321620857774142,2.4510082366525388
3146,0.3770991881332374,44.40888666814898,-1.8728455138350453,44.180691963461605,0.10021153425230686,45.39621335548227,2.3174223545713026,2.382206376433325
3147,0.3914195515392156,44.387816499511565,-1.8728455138350453,44.180691963461605,-0.569586277673219,48.35994601533865,4.377744746644264,2.3189454007640733
3148,0.40696918192291626,44.36097138029313,-1.982306198442622,44.0704413573825,-0.569586277673219,48.35994601533865,4.516151878000353,2.2776120610651653
3149,0.41353470356937955,44.41183844384515,,,,,,2.2371821459796153
3150,0.39388243439647813,44.341591438523835,,,,,,2.1543628099387955
3151,0.41835432449104026,44.34301300607032,,,,,,2.1307564336150118
3152,0.39370174980139244,44.30435796178078,,,,,,2.1067097240692627
3153,0.39676691004516124,44.335538133171355,,,,,,2.1130206360404356
3154,0.4130562439485845,44.32594597438793,,,,,,2.099054755860712
3155,0.44499625489797023,44.31952828779537,,,,,,2.073867564836101
3156,0.4938345704998943,44.30527381429111,,,,,,2.060190334330863
3157,0.520414191986097,44.310843040462444,,,,,,2.055024939023256
3158,0.5681751428239145,44.30687164538835,,,,,,2.054323334304618
3159,0.5719118093129246,44.31531333316226,,,,,,2.0855710744801743
3160,0.56868729188041,44.30499227377624,-2.9698221243256597,43.73731977473062,0.7739589535353799,41.33392424219214,4.448843315377201,2.0750204125814844
3161,0.547384249052629,44.30765342403111,-2.7497158729031823,43.62825405085875,0.9932752834864079,41.444569809007064,4.333412011904953,2.0923896297215574
3162,0.5322082126500713,44.310654860575035,-2.5300045822164794,43.629043972330244,0.9940652049579074,41.22485851832032,4.26604917483943,2.0783031153628966
3163,0.5441685162535709,44.27238489817756,,,,,,2.070497262344907
3164,0.5828289679965634,44.208802298679856,,,,,,2.0614021833910634
3165,0.583883422178597,44.26587826310074,,,,,,2.063698025048411
3166,0.5763702174992535,44.31311693497978,,,,,,2.055382249144815
3167,0.6156710001376003,44.34072236616768,,,,,,2.1046473587734984
3168,0.6211949630729935,44.37917683751629,,,,,,2.1231515345671785
3169,0.6391224655380369,44.4251988833518,,,,,,2.135388787744128
3170,0.6640672880219595,44.47920706313803,,,,,,2.1623921781499553
3171,0.6389307133435816,44.50722146887755,-1.9791465125565741,43.19159619463559,2.1874687957763324,45.40371760946156,4.717431958339822,2.1326339371717355
3172,0.6418646698433205,44.52268636676867,-2.0893971186357,43.3010568792432,2.1874687957763324,45.40371760946156,4.7657910357318345,2.1006164782910677
3173,0.6692075636936379,44.51863250116039,-2.199647724714876,43.410517563850824,2.187073835040607,45.51357325480491,4.864788719161122,2.1197554922925064
3174,0.6814841229864322,44.53250290672633,-2.309108409322453,43.30026695777169,2.2969294803839584,45.51396821554066,5.1103872945265945,2.1462997467006475
3175,0.6937072986990678,44.5204330117839,-2.4181741331943045,43.08016070634922,2.40678512572731,45.51436317627641,5.404218122434836,2.1391161671601684
3176,0.6660581097798907,44.50257226100737,-2.4173842117228053,42.86044941566249,2.406390164991535,45.62421882161976,5.559426280359472,2.1584204352212577
3177,0.5997177839181682,44.4603243003929,-2.526449935594707,42.64034316423996,2.405995204255811,45.734074466963136,5.822386832827551,2.17648375890783
3178,0.5441991553881973,44.495317974489474,-2.4158043687797566,42.42102683428898,2.5158508495992122,45.73446942769891,5.9413908315130595,2.1783964765758346
3179,0.5057455700234533,44.53149065250392,-2.4150144473082564,42.20131554360228,2.5150609281276624,45.954180718385636,6.195937397003103,2.2013452642160436
3180,0.48388437239916104,44.58452564198528,-2.4150144473082564,42.20131554360228,2.5150609281276624,45.954180718385636,6.195937397003103,2.187762405205141
3181,0.4838452467361661,44.65902817981477,-2.524870092651658,42.20092058286651,2.4044153613127617,46.17349704833662,6.330815023413045,2.137234481578661
3182,0.4757723615089882,44.65094919067917,-2.194908195885829,42.092249819730405,2.514271006656163,46.17389200907239,6.231867434683589,2.179396911913099
3183,0.4840985208058591,44.67377338819774,-2.0850525505424278,42.09264478046615,2.404020400577037,46.283352693679966,6.141156957312309,2.1588079729018266
3184,0.5038003793589828,44.668438677595056,-2.1960930780930537,42.42181675576048,2.293769794497911,46.39281337828763,5.993970536363423,2.1544750166341156
3185,0.5199152610519847,44.69689741910024,-2.197277960300328,42.751383691790586,2.0736635430754333,46.50187910215947,5.683938524338159,2.1545881879245243
3186,0.525410565656243,44.730600974738365,-1.9791465125565741,43.19159619463559,2.18312422768306,46.61212970823858,5.387443478379732,2.1686387310430435
3187,0.5599374642661175,44.735629237226604,-1.9811213162353476,43.740874421352395,2.1827292669472853,46.72198535358195,5.121003228795011,2.172726973381918
3188,0.5251421656956274,44.74985614173517,-2.2016225283936,43.959795790567625,2.1823343062115605,46.83184099892535,5.24096567500031,2.20312799779379
3189,0.5414698642166418,44.74011159141419,-2.3118731344727257,44.06925647517526,2.181939345475786,46.941696644268674,5.333410084548382,2.2323926177209024
3190,0.5716616977038304,44.70192526767643,-2.422123740551852,44.178717159782856,2.1815443847400613,47.05155228961203,5.42650365253806,2.256693146357381
3191,0.5286995040122495,44.715511322093256,-2.532374346630978,44.28817784439048,1.9618330940533082,47.050762368140525,5.275393233756585,2.2602414845968015
3192,0.41566910091888537,44.80948447038297,-3.081652573347785,44.28620304071174,1.8515824879741825,47.16022305274821,5.7093606647191555,2.2266624606869327
3193,0.34791169869454386,44.89067421093164,-3.081652573347785,44.28620304071174,1.7413318818950565,47.26968373735581,5.6711847195063,2.2478041892116387
3194,0.3174707773754717,44.94469431631901,-3.081652573347785,44.28620304071174,1.6314762365517053,47.26928877662006,5.577847585447633,2.266893502550068
3195,0.2556237906730554,45.01298911829771,-3.0808626518762856,44.06649175002498,1.5216205912083538,47.26889381588428,5.6069805594717845,2.2575575428743426
3196,0.22362629001848536,44.74567381831678,-2.7497158729031823,43.62825405085875,-2.10440562659434,47.475571402291166,3.9010608962978246,2.1729765545240487
3197,0.17268135077305904,44.76225210808412,-2.639465266824056,43.518793366251174,-2.104800587330065,47.58542704763455,4.101630872965062,2.143291713653914
3198,0.06256413349741775,44.80203609405862,-2.199647724714876,43.410517563850824,-2.104800587330065,47.58542704763455,4.175986730972386,2.111451736638721
3199,-0.03716082964406426,44.83407710188102,-2.10440562659434,47.475571402291166,-1.870080788684772,43.411702446058065,4.070618997535452,2.0565774577911817
3200,-0.10149355600497598,44.81794959103321,-2.10440562659434,47.475571402291166,-1.6507644587337442,43.52234801287294,3.979166429771607,2.052896282924701
3201,-0.1303241466804696,44.82788604569031,-1.9945499812509884,47.47596636302692,-1.5409088133903925,43.52274297360872,3.979166429771607,2.0638672350267244
3202,-0.12014351718095978,45.07821202947481,-1.6503694979980192,43.412492367529566,0.6400107033111198,48.034723647401826,5.158571844142353,2.135023519990778
3203,-0.15456716677462673,45.058932200324406,-1.2105519558887894,43.30421656512922,0.5301550579677685,48.034328686666065,5.040240231417461,2.127293972246418
3204,-0.13753909071053014,45.00634417514183,-1.1010912712811627,43.41446717120835,0.20098308267338932,47.923288159115465,4.6930655572043545,2.1478793728565444
3205,-0.045298059388906714,44.98786466525511,-1.210946916624564,43.41407221047259,-0.018333247277588723,47.81264259230058,4.55738398296738,2.1502543171446065
3206,-0.0026097363291163536,44.99715037279622,-1.2105519558887894,43.30421656512922,-0.1277939318852153,47.70239198622144,4.529493566972364,2.148986875270524
3207,0.0645075786983153,44.95086800753519,-1.5389340097116189,42.973464746891864,-0.1277939318852153,47.70239198622144,4.934984210118748,2.1421355300182205
3208,0.11397086065894457,44.88116378687157,-1.7578553789268228,42.75296353473359,0.3108387280167407,47.92368311985122,5.56918632620799,2.1585979069366807
3209,0.05378058601008828,44.89080289346734,-1.867316063534499,42.64271292865448,0.42069437336009197,47.92407808058697,5.755676296264849,2.1497362195950442
3210,0.055248118025223024,44.914474698681076,-1.8677110242702242,42.75256857399784,0.7506562701259707,47.81540731745084,5.699840649577179,2.1668551306580675
3211,0.06609732693076563,44.9558210882708,-2.41777917245853,42.97030506100584,0.7510512308616955,47.70555167210747,5.697722930518518,2.229146507451188
3212,0.0765978524818206,44.96109447919172,-2.4185690939300297,43.1900163516926,0.7510512308616955,47.70555167210747,5.516933227187705,2.295246785790824
3213,0.030026318422607525,45.04119658365777,-2.198067881771827,42.97109498247734,0.7510512308616955,47.70555167210747,5.577847585447635,2.3270666941322045
3214,0.05612355921722303,45.04694531417126,-2.638280384616782,43.18922643022107,0.6415905462541188,47.59530106602837,5.492817766818461,2.4019069876193253
3215,0.04038955544861771,45.135007631669126,-2.7481360299601336,43.188831469485315,0.08875767291548961,48.58202707043993,6.093810357368489,2.434363375720181
3216,0.028390620693384737,45.172820310178686,,,,,,2.4532678233082024
3217,0.04012047339709286,45.34203696721297,-1.224375581640155,47.14916415214711,0.308863924337967,48.47296134656805,2.0256511038796234,2.4756536404358522
3218,0.1306936078987636,45.31978873973015,-3.194667904577234,45.16465324272294,-2.7477410692244084,43.07897582414194,2.133024587419721,2.4502882673039026
3219,0.11457768368763219,45.30869160862952,-3.1942729438414594,45.05479759737957,-2.7477410692244084,43.07897582414194,2.0256511038796448,2.4006030029818755
3220,0.14048563471200778,45.30164850908179,-2.746951147752909,42.85926453345522,-0.23764957722861663,47.70199702548569,5.454232518072891,2.3292768284228957
3221,0.11683981874266772,45.37192981168166,-2.9678473206468863,43.18804154801382,-0.1277939318852153,47.70239198622144,5.333410084548382,2.273532894471256
3222,0.12630064637031038,45.39461940468102,-2.8579916753035346,43.18843650874957,-0.12818889262094005,47.812247631564816,5.369492762990905,2.2635111663006366
3223,0.10733912735532077,45.38643031455815,-2.637885423881057,43.079370784877696,0.31202361022401487,47.594116183821114,5.393040823763093,2.263271544642924
3224,0.055609795540659,45.400496312442975,-2.7489259514316826,43.40854276017205,0.3116286494882401,47.70397182916447,5.27424926903889,2.23367400156223
3225,0.0008683330183493744,45.463027829170045,-2.8595715182465837,43.627859090123,0.2005881219376645,48.033143804458824,5.363870844620773,2.155279284579327
3226,0.0266548564135291,45.51712246110816,-2.9690322028541596,43.51760848404392,0.5301550579677685,48.034328686666065,5.71358669095634,2.082899771992361
3227,-0.013556496015571415,45.56102656047116,-2.9690322028541596,43.51760848404392,0.7494713879186964,48.14497425348094,5.936310547701187,2.0243681116388563
3228,-0.07931898509465274,45.543681893372536,-2.8591765575108092,43.518003444779666,1.0798282454203,47.92644784500149,5.911864415508999,2.038495156570227
3229,-0.16145090936689468,45.62968099609223,-2.749320912167408,43.51839840551543,1.1896838907637013,47.926842805737245,5.911864415508995,2.028328004258874
3230,-0.2552264026818472,45.67530902966701,-2.748530990695908,43.298687114828674,1.1904738122352008,47.707131515050484,5.911864415508995,1.9898059441553917
3231,-0.3039042881205192,45.74356529612197,-2.7489259514316826,43.40854276017205,1.3026992219931004,47.04839260372601,5.446482665863269,1.9624838438871555
3232,-0.344818139930856,45.79568709442051,-2.7481360299601336,43.188831469485315,1.192843576649749,47.047997642990254,5.515839357200303,1.9221044428161411
3233,-0.38794917427441516,45.83523863409344,-2.8583866360393095,43.29829215409292,1.0833828920420725,46.937747036911155,5.364995699586387,1.8726409880294788
3234,-0.44094100200764935,45.827518654217904,,,,,,1.8336626618893885
3235,-0.41933851274385414,45.84937469734109,,,,,,1.7551860960481365
3236,-0.4142523669139067,45.83698549939005,,,,,,1.7247717270036789
3237,-0.36670859014068635,45.848143044613586,,,,,,1.6767116494312355
3238,-0.31007483521181756,45.84457081674174,,,,,,1.6739447872096334
3239,-0.2943890684956364,45.771296552534864,,,,,,1.6731559615713878
3240,-0.25517248807860493,45.75349484410968,,,,,,1.6706636151003245
3241,-0.25307467652130744,45.73392651012086,,,,,,1.6872724011088298
3242,-0.27605633356664794,45.75746163942881,-2.9678473206468863,43.18804154801382,0.7542109167477433,46.826706509360555,5.205151316099256,1.744287813993117
3243,-0.3557739779943327,45.642232893578424,,,,,,1.815517066312116
3244,-0.40355888941795204,45.57657205889879,-2.41698925098703,42.75059377031909,0.7534209952762437,47.04641780004723,5.339064077532809,1.8450253152674176
3245,-0.47088006678646765,45.51657228534228,,,,,,1.8541199296583384
3246,-0.5350510541761794,45.48688539314356,-1.975196905199077,42.093039741201906,1.1948183803285228,46.49871941627345,5.427615527081537,1.8528357677745877
3247,-0.5361243053970767,45.510436335498454,-1.9740120229918026,41.76347280517182,0.8652514442984189,46.4975345340662,5.520213536600823,1.865730037720039
3248,-0.5541720619199794,45.54609914084298,,,,,,1.8629543749760076
3249,-0.5483590641946653,45.64876158555234,,,,,,1.8461135584721349
3250,-0.5716234818600147,45.65704854329134,-1.6432602047544242,41.43509075134897,-0.23883445943584086,48.03156396151579,6.74432135107475,1.9202567260458507
3251,-0.5604497775369017,45.73655079929419,,,,,,1.9228161913248987
3252,-0.6040684775235388,45.703961220395456,,,,,,1.951523601326535
3253,-0.6471647464523304,45.73590206387957,,,,,,1.98819637598798
3254,-0.6740722048087566,45.80813636078379,,,,,,2.0176433819436053
3255,-0.6950528773191536,45.88901533047704,,,,,,2.048180105189565
3256,-0.7048744461125618,45.943486566528556,,,,,,2.1069303572329465
3257,-0.6903047286824269,46.05619516490951,,,,,,2.1436815350834983
3258,-0.6828561235229015,46.1565849298108,,,,,,2.171249047090479
3259,-0.6932906775664812,46.108215100804514,,,,,,2.2934791904546254
3260,-0.675605310794208,46.12318887539087,,,,,,2.3679065491668383
3261,-0.6655889442079741,46.15707710897076,,,,,,2.366111728432155
3262,-0.6458892035337883,46.18925993249472,,,,,,2.3446381080026444
3263,-0.622734178215637,46.205267244719906,,,,,,2.33293045990929
3264,-0.6151060756289609,46.21306262882361,,,,,,2.342449245039048
3265,-0.6156729048746417,46.26535682785633,,,,,,2.29420378478355
3266,-0.614005319796742,46.285580297595395,,,,,,2.274738991089739
3267,-0.6234426659683845,46.292704973546385,,,,,,2.2552955080267796
3268,-0.6203429178637172,46.30085669066218,,,,,,2.2202362790854515
3269,-0.646950703903366,46.25456144246766,,,,,,2.2107674425240447
3270,-0.6507582481779359,46.24686486139591,,,,,,2.1914036440906353
3271,-0.604477966333579,46.33707376941281,,,,,,2.133292563091918
3272,-0.5695297881183957,46.4293913902984,,,,,,2.0586060945591464
3273,-0.5238319735793576,46.46123183279793,,,,,,1.8774770648375576
3274,-0.41467432832514384,46.44990438386517,-2.3075285663794536,42.86084437639824,-0.7821882751163765,46.38175447768655,3.83711753084325,1.8228441203454384
3275,-0.2816052660975082,46.33036172340636,-2.8579916753035346,43.18843650874957,-1.330281619625959,46.05021273797765,3.244019297167228,1.7892192004359975
3276,-0.17040357413711119,46.26038212722066,-3.190323336483912,43.95624114394586,-1.1093854467319322,45.72143572341904,2.728775257218305,1.6466278725807624
3277,-0.18008593908676832,46.122420642293406,,,,,,1.5539398621085376
3278,-0.16418483019164715,45.996145488707285,,,,,,1.502850394065871
3279,-0.20476955825554552,45.867830818160016,,,,,,1.4517204768988263
3280,-0.24295053319768029,45.81945851796032,,,,,,1.4496261281658287
3281,-0.2779121100632313,45.77783167818623,,,,,,1.4845320718873574
3282,-0.2705383291267442,45.77472517779399,,,,,,1.5577042629888909
3283,-0.28121690037756863,45.79627126667517,,,,,,1.6131200650021102
3284,-0.27027269261891806,45.80067991201375,,,,,,1.6425030300336092
3285,-0.2508342554508467,45.783272746598435,,,,,,1.6573939889876497
3286,-0.22519425964564005,45.79704452933453,,,,,,1.6769030662101077
3287,-0.2110824950032342,45.7529017194574,,,,,,1.6827195979211722
3288,-0.19579832401951994,45.680835615338665,,,,,,1.691950689705276
3289,-0.15403156861635486,45.72576362568751,,,,,,1.698665040917807
3290,-0.10551250028040808,45.78616045569896,,,,,,1.6797495234577808
3291,-0.12274789136136464,45.80336745276043,,,,,,1.673380948250838
3292,-0.1253053357711337,45.819179144056605,-1.9807263554996228,43.63101877600902,-1.6574787912415647,45.3898939837102,1.7883318998621416,1.6365503414097697
3293,-0.11142171813063165,45.81453137563982,-1.8708707101562718,43.63141373674477,-1.6574787912415647,45.3898939837102,1.7713805040209671,1.6296326782513726
3294,-0.09294341327533229,45.81996004975721,-1.9874406880073932,45.4985647468463,-1.651159419469519,43.63220365821628,1.8964147238200884,1.627698662239578
3295,-0.06556224799502228,45.837135287705564,-1.9870457272716688,45.38870910150294,-1.7610150648128704,43.63180869748052,1.7713805040209671,1.6259989544495426
3296,-0.0665730457789164,45.84912622032127,-2.096506411879245,45.27845849542377,-1.8712656708919961,43.74126938208815,1.5536034762956923,1.6049114638629718
3297,-0.07530324247390648,45.8306163111459,-1.8712656708919961,43.74126938208815,-1.4369775790833124,45.17097261449499,1.4942079773047947,1.577780898032008
3298,-0.10700698094080083,45.82945664553009,-2.0909769615786993,43.740479460616655,-1.65708383050579,45.280038338366765,1.5995326777692132,1.5543941745106435
3299,-0.12130544685144284,45.85557580663946,-1.9815162769711228,43.85073006669575,-1.547623145898213,45.39028894444597,1.599532677769242,1.5413417369570395
3300,-0.10346806937675379,45.85529209060046,-1.87324047457077,44.29054760880501,-0.11476022760534917,44.0771556898903,1.7713805040209558,1.526876344903438
3301,-0.10817487712166347,45.80771274881117,,,,,,1.5171139449173179
3302,-0.11131869951933666,45.778636507542274,,,,,,1.5330279615385214
3303,-0.11709483972652975,45.77748276614737,,,,,,1.5761534900683798
3304,-0.07352438663625806,45.77317153022397,,,,,,1.6413941422237794
3305,-0.059582807632713404,45.75080781043358,,,,,,1.691024227409194
3306,-0.012942790958046194,45.76309576313812,,,,,,1.73854381038179
3307,0.012265284613799676,45.76353114344064,-1.438952382762036,45.720250841211794,0.21757143357502806,43.30935105469401,2.9251510960501665,1.814881793828004
3308,-0.023017224154463563,45.763926080997365,-1.5488080281054375,45.71985588047605,0.10771578823162677,43.308956093958265,2.9251510960501665,1.8859823611544804
3309,-0.08346407422654577,45.742025275004,-0.9991348406528561,45.611975038811416,0.10771578823162677,43.308956093958265,2.5551936472632963,1.9098004260311081
3310,-0.0990881149166933,45.74611772517809,-0.8892791953095048,45.61236999954717,0.3274270789183794,43.30974601542976,2.6043139922018437,1.935841390557703
3311,-0.09371777800583145,45.758696562359276,-0.8892791953095048,45.61236999954717,0.43807264573323024,43.09042968547878,2.8499203247885863,1.938365459490615
3312,-0.045405348382547686,45.75909200205498,-0.8884892738380054,45.392658708860466,0.43767768499750553,43.20028533082216,2.562268493237607,1.9560793009724553
3313,-0.021190853480968573,45.73852098311293,-0.997554997709857,45.172552457437995,0.657783936419983,43.09121960695028,2.659340786993146,1.9476598802156504
3314,0.028413131359460476,45.667222387732906,,,,,,1.8791443673669244
3315,0.05834740588134674,45.594711850398284,,,,,,1.7905318132836654
3316,0.11673270683996484,45.52190005455306,-2.093741686728972,44.50946897802021,0.6569940149484833,43.310930897637014,3.000506695645219,1.73650766838064
3317,0.19949655583367165,45.47585597030459,,,,,,1.6716053043652972
3318,0.2371926673719167,45.38732779751511,,,,,,1.5689938231904206
3319,0.2441362168253114,45.2777934117423,,,,,,1.5011813345072877
3320,0.27894838650005194,45.11789642288744,,,,,,1.4211595557446046
3321,0.2929174891536739,45.01640787309097,,,,,,1.3616512761276014
3322,0.28333248583534526,44.91528900815696,,,,,,1.3270260495379578
3323,0.31873634946977547,44.866281075908034,,,,,,1.2878101358604985
3324,0.3309736660982569,44.843369061166605,,,,,,1.2676615538091924
3325,0.328120101256249,44.81904471365637,,,,,,1.2861517997400123
3326,0.32192876099097034,44.79743636931579,,,,,,1.29638730415657
3327,0.34756073054720804,44.777368810138434,-1.6558989482985658,44.95047140233672,0.2136218262174807,44.40790750812768,1.9466595762090078,1.3089081272864909
3328,0.36718970749105995,44.78692409185725,-1.5460433029552143,44.950866363072485,0.43530792058295703,43.85941920288232,2.2620808063602103,1.3192755362734891
3329,0.3724644466533411,44.801730667559276,-1.5460433029552143,44.950866363072485,0.21559662989625433,43.85862928141082,2.0727655669596246,1.3248716935044669
3330,0.3770137280095418,44.817225559466806,,,,,,1.2901111639094787
3331,0.36264040565238476,44.88205619118325,,,,,,1.2740076047692017
3332,0.34254829258862074,44.91763468604503,,,,,,1.3277841647225952
3333,0.32391216848139215,44.929712715681276,,,,,,1.3250696411752723
3334,0.2810934276312151,44.89986839230442,,,,,,1.3290019518527654
3335,0.301023373528721,44.87903773460074,,,,,,1.311336300538335
3336,0.29370710086398805,44.86565746291363,,,,,,1.326323212429407
3337,0.3226288675805641,44.8326625346859,,,,,,1.3267364049387242
3338,0.3654607659467149,44.82997019344585,,,,,,1.357373039277669
3339,0.3935883984857424,44.8789769542943,,,,,,1.3740234765843258
3340,0.4384876728257647,44.91130779066029,,,,,,1.3882566560667258
3341,0.41355039313470066,44.93793762015144,-2.7497158729031823,43.62825405085875,0.3171580997887864,46.16599279435732,3.9806825915449426,1.4355737386497691
3342,0.4571255645071738,44.97804230842744,,,,,,1.4575693106856358
3343,0.4969243204588598,45.01956013460353,,,,,,1.459986954773893
3344,0.494156671289027,45.056421097731004,,,,,,1.4536640196213997
3345,0.526716060805487,45.086485069413925,-2.42449350496635,44.837851031843094,-0.34355561521442074,46.603045611316254,2.7287752572182873,1.4542940908028357
3346,0.5382252625413534,45.110633970775275,-2.4256783871736247,45.16741796787321,-0.5628719451653985,46.4924000445014,2.2859626733114458,1.4436823974134234
3347,0.6238735363258132,45.13204104527532,-1.986255805800169,45.168997810816215,-1.001899565803129,46.38096455621503,1.5613521701313053,1.394837138501955
3348,0.6469305668703068,45.20751282789636,-1.876400160456818,45.16939277155196,-0.7821882751163765,46.38175447768655,1.633132130760313,1.3878850902764264
3349,0.6312070923214276,45.30791459388995,-2.096506411879245,45.27845849542377,-0.7821882751163765,46.38175447768655,1.716011127324353,1.4270942864825764
3350,0.64040634535427,45.38181932157943,-2.09690137261502,45.3883141407672,-0.5632669059011733,46.60225568984476,1.9559367990989793,1.4400409535760879
3351,0.6642903198835463,45.43109300387665,-2.096506411879245,45.27845849542377,-0.6731225512445248,46.601860729109006,1.943557327901206,1.419659925975601
3352,0.6472063745837877,45.44487298029004,-2.4268632693808487,45.4969849039033,-0.6739124727160241,46.82157201979578,2.1971271067273768,1.4241807032863485
3353,0.6600077336507106,45.47749956281214,-2.5363239539885254,45.38673429782417,-0.6743074334517989,46.93142766513911,2.4193352644431765,1.4077818030920362
3354,0.6143111533075084,45.48322335854649,-2.646179599331877,45.38633933708842,-0.5640568273726727,46.821966980531535,2.5290832268094743,1.43704384438805
3355,0.612198536136113,45.487622911942985,-2.6469695208033763,45.606050627775126,-0.5640568273726727,46.821966980531535,2.411841177473151,1.436205216606895
3356,0.6453277143663538,45.48744166395276,-2.4272582301166232,45.60684054924665,-0.45420118202927134,46.82236194126728,2.3174223545713097,1.4115770940574088
3357,0.6302070707311507,45.511070463232684,-2.2071519786941463,45.4977748253748,-0.34434553668592,46.822756902003036,2.2859626733114635,1.3931310392489011
3358,0.5978225793812211,45.53571496221166,-2.2075469394299208,45.60763047071815,-0.5640568273726727,46.821966980531535,2.0434463309555086,1.387410100560218
3359,0.5662207449585029,45.54493300880551,-2.3174025847732724,45.6072355099824,-0.45380622129354675,46.71250629592388,2.1667060059524745,1.4068725510299724
3360,0.5291647747038587,45.54764528305038,-2.534744111045526,44.947311716450685,0.9727373252272218,47.15706336686218,4.145531133919246,1.4394672775122042
3361,0.4283986151207193,45.53039396459026,-2.533954189573977,44.72760042576396,-0.7833731573236508,46.71132141371664,2.6456913857285786,1.4966634516510535
3362,0.39198916388580873,45.52676375730096,,,,,,1.5297798044356188
3363,0.3326760993177486,45.50498664825948,-2.6422299919743297,44.287782883654735,-0.7825832358521013,46.49161012302991,2.8835985432385662,1.5305918794195927
3364,0.3025930018359871,45.459463650350024,-2.861941282661082,44.286992962183234,-1.0026894872746286,46.60067584690173,2.9681552738505745,1.5489806540936812
3365,0.26494390222608966,45.41101892590252,-2.9706120457971594,43.957031065417354,-0.8924388811955026,46.49121516229413,3.2773301235813204,1.5495151668050535
3366,0.25898741777756684,45.393473436822866,-3.0804676911405107,43.9566361046816,-1.002294526538854,46.49082020155838,3.2773301235813252,1.5411742151331682
3367,0.26139782094755887,45.37042114024413,,,,,,1.5630764155005983
3368,0.2563972195933202,45.3513693297972,-2.9698221243256597,43.73731977473062,-1.1117552111464806,46.38056959547929,3.2309723410668427,1.5572915044174163
3369,0.2612009876673031,45.33940184043432,-2.969427163589935,43.62746412938725,-1.1117552111464806,46.38056959547929,3.321224893065914,1.5471714705641635
3370,0.24635288725156826,45.33218041357182,-2.858781596775084,43.40814779943629,-1.001899565803129,46.38096455621503,3.5050892066152803,1.5663479717067441
3371,0.21714006439394373,45.33379306927378,-2.4193590154015787,43.40972764237932,-1.001899565803129,46.38096455621503,3.2920267449393594,1.609797491512128
3372,0.2204394701616044,45.35108768433402,-2.0917668830501985,43.96019075130338,1.6425351371527477,44.19333070700572,3.7415726395510545,1.6228894711431514
3373,0.1319485776539795,45.37886775636408,-1.653924144619792,44.40119317561986,1.7519958217603742,44.30358131308488,3.4073184314199985,1.6386039326627573
3374,0.15738492893835465,45.43035464067753,1.0833828920420725,46.937747036911155,1.972891994654401,43.974804298526244,3.093583054417298,1.557665110826905
3375,0.2524170418014113,45.48763200316893,-1.876005199721043,45.05953712620859,1.8614565063680009,44.413831919163975,3.7928294476401616,1.4354354896827684
3376,0.3353422628826023,45.519771393363,-1.546438263690939,45.060722008415866,0.8648564835626441,46.607390179409556,2.8647032637426038,1.3114509752418808
3377,0.33535167319076553,45.525025998121116,0.9735272466987211,46.9373520761754,2.07919299337593,44.96390006735233,2.2620808063601765,1.2560056009466585
3378,0.357627202001499,45.55069303911962,0.8640665620911446,46.82710147009634,1.8590867419535022,45.072965791224206,2.016694607079975,1.2371446014224585
3379,0.33104655840021013,45.58064521634355,-0.335656400499376,44.4059327044489,1.9661776621465807,45.842350269363514,2.7132518262690417,1.2312125669899956
3380,0.2824958201015573,45.547797570581324,-0.33447151829210175,44.0763657684188,1.6366107261164766,45.841165387156266,2.6456913857286115,1.2443058947937367
3381,0.2749128028670588,45.502861599532196,-0.004114660790498404,43.8578393599393,1.8575068990105035,45.512388372597655,2.490615840952677,1.2744338461690485
3382,0.2915372153017887,45.454484294435716,0.10613594528862778,43.74837867533172,1.6377956083237508,45.51159845112617,2.335578151362389,1.2837488414117761
3383,0.31801225757295887,45.40658544970359,,,,,,1.2708664735196686
3384,0.3238092516781188,45.34599748902883,0.6562040934769839,43.53064218832377,1.4188742391084974,45.29109723896786,1.9185587654215943,1.2834209143037938
3385,0.35146547413559254,45.31386719876518,0.8763103448994614,43.42157646445192,1.4192691998442224,45.181241593624556,1.8415280842249382,1.2904129563100089
3386,0.36784250843231386,45.27440582088441,0.9865609509785874,43.312115779844284,1.3098085152366457,45.07099098754543,1.788331899862139,1.305444267051651
3387,0.37919008186108216,45.22693790749292,1.0972065177934383,43.092799449893306,1.1960032625357473,46.16915248024335,3.077939044899288,1.3167311992547512
3388,0.4219933064260766,45.20388769658809,0.9881407939215865,42.87269319847083,1.1960032625357473,46.16915248024335,3.303006297638956,1.32542166391243
3389,0.4495185568353257,45.15436869017765,0.8806549129927834,42.21316436567488,1.4157145532224498,46.16994240171485,3.9927911597141152,1.357469941221399
3390,0.4906700444534747,45.107815008510705,,,,,,1.3857971717243383
3391,0.5265839115835608,45.08490958261237,0.0029946324530467803,41.88043774375867,-0.45143645687899836,46.05337242386367,4.197605443508751,1.3956543721744625
3392,0.5891154698952759,45.104018403322584,-0.5462835942638099,41.87846294007993,-0.45143645687899836,46.05337242386367,4.175986730972386,1.398109613131419
3393,0.6234362409456514,45.10500643785929,-0.6569291610786605,42.09777927003095,-0.2317251661922957,46.05416234533518,3.979166429771577,1.400179110411968
3394,0.6238597038124007,45.11950015899252,-0.6573241218143853,42.20763491537433,0.9743171681702207,46.717640785488676,4.796082385410891,1.381842377826368
3395,0.6342608098506564,45.11601020416265,-0.6577190825501601,42.31749056071765,-0.3411858507999223,45.943911739256045,3.6402093141678202,1.3623584658171897
3396,0.6436107683986718,45.10860282873124,-0.4387977133349068,42.537991772875934,1.749231096610101,45.07257083048845,3.348366926195123,1.3287401075693928
3397,0.6470847833962076,45.10472274557298,-0.21908642264820413,42.538781694347435,1.749231096610101,45.07257083048845,3.208482701066863,1.3034295094325552
3398,0.65813889761408,45.09128527260574,-0.22027130485547833,42.86834863037753,-0.12186952084889437,46.054557306070926,3.1877278171386583,1.2563694593469699
3399,0.6914137189945009,45.13216437257219,-0.2210612263269778,43.088059921064264,-0.2313302054565709,45.9443066999918,2.8562652387455882,1.1936715592783205
3400,0.7459898737328408,45.192431582344014,-0.0017448963759498933,43.19870548787914,1.5275450022446246,45.62105913573374,2.8647032637426117,1.1012272896399269
3401,0.7610735335468838,45.190130046423235,-0.0017448963759498933,43.19870548787914,1.8571119382747285,45.622244017941014,3.054322795387242,1.0758221776992836
3402,0.766305314771995,45.1988680238597,-0.0021398571117246298,43.30856113322249,1.6374006475879759,45.62145409646951,2.835060303765778,1.0528098824114651
3403,0.7712718405361384,45.21527481268587,-0.0029297785832240754,43.52827242390924,1.6374006475879759,45.62145409646951,2.659340786993136,1.0347091545223839
3404,0.7638025478091033,45.20992570799329,-0.2226410692699767,43.527482502437735,1.6374006475879759,45.62145409646951,2.8007984977616394,1.019748258537289
3405,0.736125232409557,45.20135515103865,-0.11199550245507602,43.308166172486736,1.6374006475879759,45.62145409646951,2.9002910041976833,1.0319371648286164
3406,0.6911338114877429,45.14325513395356,-0.0009549749044504477,42.97899419719238,0.5360794690040396,46.38649400651557,3.4495595290531824,1.0776420444182238
3407,0.6629764729183967,45.13076992077232,-0.0009549749044504477,42.97899419719238,0.5356845082683148,46.49634965185893,3.558057240879101,1.1079530449843045
3408,0.6493806574417775,45.13890426673226,-0.0005600141687256408,42.86913855184903,0.5352895475325401,46.60620529720228,3.7752884144129353,1.1210708935241767
3409,0.615204400875774,45.10031436522346,0.11008555264612517,42.649822221898056,0.644355271404392,46.82631154862481,4.210523391295246,1.1605026171473223
3410,0.5916838733417629,45.00801152802177,0.6609436223060308,42.21237444420335,0.6439603106686171,46.93616719396813,4.723823279463838,1.252957498577166
3411,0.5556592996430295,44.90145962919132,1.1007611644152109,42.10409864180299,0.8632766406196452,47.04681276078301,4.948416086083177,1.361256705630861
3412,0.5192546931705225,44.78590726068983,0.8628816798838705,47.156668406126435,1.5405787065244907,41.99582283940259,5.205151316099281,1.4703508559647116
3413,0.4595652939457889,44.76567319846903,1.0821980098348485,47.26731397294128,1.6504343518678422,41.99621780013837,5.30163629489467,1.5315906477202075
3414,0.48697661689970795,44.766120536846024,1.3011193790500515,47.487815185099514,1.6504343518678422,41.99621780013837,5.502695956415071,1.5869784425177071
3415,0.4957458455745825,44.750425766429025,1.5409736672602157,41.88596719405922,1.4105800636576782,47.59806579117864,5.713586690956364,1.6562873982305977
3416,0.4607435839257039,44.71441909365195,1.3220522980449625,41.665465981901015,1.4109750243934027,47.48821014583526,5.8234231213171945,1.729322120966565
3417,0.4219171905801458,44.66356366529021,1.4323029041240882,41.55600529729337,1.5208306697368041,47.48860510657101,5.933260289446712,1.8194986182661423
3418,0.4279425186293409,44.61331010792792,1.3220522980449625,41.665465981901015,1.6306863150801556,47.48900006730679,5.831706799930362,1.8685948157839616
3419,0.5470483971719429,44.75897713788353,1.1011561251509854,41.99424299645959,1.1999528698932944,45.07059602680968,3.0779390448993182,1.865191046909277
3420,0.6961011017613835,44.85790948708128,0.9905105583361349,42.21355932641062,2.8469976285723146,45.29623172853266,3.5985293358202606,1.8669682117990247
3421,0.7733914440668258,44.930410913387874,1.2098268882871126,42.32420489322545,2.955668391708392,45.626193625298534,3.7351160814365594,1.8582374341724217
3422,0.7999000485693668,44.92808779253002,1.0999712429437112,42.3238099324897,1.8519774487099572,47.05036740740478,4.786006570951039,1.8764074475529353
3423,0.8727242235316032,44.97304564051399,1.0995762822079866,42.433665577833075,3.284050445531222,45.95694544353591,4.145531133919259,1.8789131219540334
3424,0.9373929552001358,45.03298293675513,0.8786801093140097,42.762442592391686,3.3939060908745735,45.95734040427166,4.066169421786692,1.8887086023783455
3425,1.0027660196910324,45.11391886601227,0.43767768499750553,43.20028533082216,3.50336677548225,46.06759101035079,4.197605443508733,1.8516529813783045
3426,0.9977587610417546,45.112121801777356,0.21717647283925337,43.41920670003739,3.9423943961199304,46.179026498637164,4.636146449010749,1.774957932411644
3427,1.097696224204933,45.136048596859936,0.43609784205445645,43.63970791219559,3.612037538618327,46.39755290711667,4.206221816811502,1.7311572828250954
3428,1.274152583388524,45.1857999556744,0.32663715744688,43.52945730611652,2.0708988179251606,47.27086861956305,4.128027053763143,1.731556392891756
3429,1.3947604656368418,45.227754653045935,0.3254522752396057,43.85902424214657,3.5021818932749755,46.39715794638092,4.066169421786709,1.6408399554259963
3430,1.4176796773919846,45.227809586171595,0.44004744941200385,42.54115145876195,3.173799839452146,46.06640612814352,4.461033805526074,1.547348388077885
3431,1.4184491235579182,45.208973051886716,0.5495081340196305,42.65140206484106,3.394301051610348,45.84748475892831,4.278760490073989,1.5254178800327558
3432,1.465992092094651,45.27413931838705,0.6581788971557576,42.98136396160691,3.2848403670027713,45.73723415284918,3.8071210892426883,1.4966064452297365
3433,1.442332975915105,45.269519622922196,0.8782851485782351,42.87229823773508,3.285630288474271,45.51752286216245,3.5766637997242605,1.484625074856517
3434,1.3570113267362507,45.28124988581936,0.6569940149484833,43.310930897637014,3.2860252492099957,45.40766721681911,3.362753101686141,1.4855774643075277
3435,1.2867912328202964,45.30667076145462,0.6569940149484833,43.310930897637014,3.1773544860739182,45.07770532005323,3.077939044899288,1.4740368425088115
3436,1.2253564815299547,45.317698291622136,0.6565990542127087,43.42078654298039,3.067893801466242,44.96745471397411,2.8647032637426073,1.4630456073039402
3437,1.174501489853482,45.390794399337686,0.43728272426173076,43.31014097616551,2.9584331168586653,44.85720410789498,2.957972892987361,1.4270617778284709
3438,1.1484159505873626,45.455763393850624,2.848577471515314,44.856809147159225,2.9505339021436203,47.054317014762304,2.199871801247525,1.4261775639714165
3439,1.0975574335730476,45.50664636626558,2.7387218261719126,44.85641418642348,3.0607845082226963,46.9448563301547,2.1131291865104993,1.4274219350587491
3440,1.0504650491382117,45.528805965271246,,,,,,1.4720278712620558
3441,1.0306683333034716,45.533968246420926,0.9901155976003599,42.32341497175395,3.2812857203809487,46.7259349609395,4.963027582706004,1.5303601905914614
3442,1.0389041932328396,45.54601242810137,0.8810498737285083,42.103308720331505,3.3911413657243004,46.72632992167525,5.260502288400171,1.5533631578160083
3443,1.0216137508159837,45.508177546309604,0.6617335437775301,41.99266315351657,3.2812857203809487,46.7259349609395,5.409798111657414,1.591613966444466
3444,1.0138583624909776,45.500789082098215,0.4420222530907774,41.99187323204508,3.061969390429971,46.615289394124595,5.314141512062872,1.6035991163815544
3445,1.0162568915637191,45.465328966328926,0.11206035632489887,42.100543995181226,2.518615574749435,44.96547991029535,3.7415726395510522,1.5950177893194724
3446,1.0099507945262982,45.39237215522355,-0.4368229096561333,41.98871354615905,2.518220614013711,45.07533555563872,4.273115684858909,1.6322177270363076
3447,0.997143456409848,45.321421443462064,-0.9857061756372653,41.8768830971369,2.518615574749435,44.96547991029535,4.6711563027247855,1.6695894694345075
3448,0.9299864217498603,45.232049324112346,-1.7543007323050497,41.764262726643324,2.842653060479043,46.50464382730974,6.603271700645602,1.7569690377442901
3449,0.9106797057800106,45.1461368704247,-1.864156377648451,41.76386776590758,2.848577471515314,44.856809147159225,5.637033503618033,1.8196658662796275
3450,0.8007756969320866,45.04785895296109,-2.0846575898066533,41.98278913512276,2.848577471515314,44.856809147159225,5.709360664719149,1.9353905594438054
3451,0.7594075307324767,45.0106783416673,-2.195303156621554,42.202105465073785,2.627681298621287,45.18558616171786,5.6711847195063,1.9559505799565244
3452,0.7449387233314422,44.98259175788595,-2.4154094080440314,42.31117118894561,2.627681298621287,45.18558616171786,5.804741623134599,1.9846368943823374
3453,0.7438125056560606,44.95333979652948,-2.304763841229181,42.09185485899465,2.7375369439646384,45.185981122453605,5.915945785974765,2.0265946267213772
3454,0.7025306108159702,44.955762130378055,-2.635120698730784,42.31038126747408,2.7371419832289132,45.295836767796914,6.146067919278508,2.036334204230081
3455,0.6569946143074455,45.032792818964616,-2.4150144473082564,42.20131554360228,2.7371419832289132,45.295836767796914,6.010056363439265,2.0076278964037177
3456,0.661194026615762,45.14626449298051,-2.194908195885829,42.092249819730405,2.6280762593570617,45.07573051637448,5.6711847195063,1.988680953366566
3457,0.5992558143312884,45.258373442555836,-2.0854475112781525,42.20250042580953,0.5341046653252658,46.935772233232385,5.4097981116573886,1.971838114261361
3458,0.6133931634167001,45.40306527251409,,,,,,1.9525169612733277
3459,0.616388621743281,45.4705806272828,-2.194908195885829,42.092249819730405,2.6272863378855624,45.29544180706115,5.7891276570165635,1.9900052362348895
3460,0.5632592142479311,45.51831510444431,-1.975196905199077,42.093039741201906,2.6272863378855624,45.29544180706115,5.606980559471756,1.9936663902940022
3461,0.5863197332876832,45.52511843642187,-2.4150144473082564,42.20131554360228,2.7371419832289132,45.295836767796914,6.010056363439265,1.970000200496796
3462,0.5764622465128685,45.50194697016156,-2.4150144473082564,42.20131554360228,2.8469976285723146,45.29623172853266,6.104693053582374,1.9389731888455637
3463,0.5657405796500586,45.51480842303007,-2.195303156621554,42.202105465073785,2.736747022493139,45.405692413140336,5.881163856170615,1.9039172915282685
3464,0.5237088273995977,45.531633347274784,-1.975196905199077,42.093039741201906,2.736747022493139,45.405692413140336,5.759868340736289,1.8601638083193537
3465,0.5069371581905905,45.592026801221095,-1.5365642452971209,42.31433087483163,2.6268913771497875,45.40529745240458,5.18540616574608,1.7916932174425233
3466,0.4987298234906741,45.594995967699994,-1.0983265461308898,42.645477653804754,2.6264964164140627,45.515153097747934,4.702057342894946,1.7614871347071654
3467,0.5103325197660031,45.61955906316343,-1.0995114283381138,42.975044589834866,2.6268913771497875,45.40529745240458,4.448843315377215,1.7364205036559863
3468,0.5290606839540892,45.656828177004954,-1.2093670736815152,42.974649629099105,2.7363520617574144,45.51554805848369,4.693065557204346,1.7067790752004235
3469,0.5485955310654081,45.61549642641692,,,,,,1.6533472243397889
3470,0.4958343802684088,45.393064916073065,,,,,,1.6149474491052092
3471,0.5821637031009527,45.22385744060654,-3.079677769669011,43.736924813994875,2.7351671795501398,45.84511499451379,6.185215244491985,1.5503696880943014
3472,0.6461679891818851,45.05460841661221,-2.5331642681024773,44.507889135077185,1.4133447888079513,46.82907627377508,4.578519790186816,1.459213990670574
3473,0.7297012702874631,44.93336525555603,-1.7649646721703678,44.73036515091423,1.0841728135135722,46.71803574622442,3.473962983077184,1.3825696656678395
3474,0.7802574642552608,44.872328185408925,-1.9838860413856207,44.509863938755956,0.644355271404392,46.82631154862481,3.503367227043608,1.3994934876198202
3475,0.7637756382769335,44.789028257307805,-1.982306198442622,44.0704413573825,0.3155782568457874,46.60541537573078,3.421456742903065,1.40984865511934
3476,0.7647380079827326,44.694626986340744,-1.9803313947638481,43.5211631306657,0.2065125329739356,46.38530912430833,3.6035563874015906,1.4361015116118825
3477,0.742342717725401,44.60026971127011,,,,,,1.4654895234961496
3478,0.7454502564771666,44.58367745324318,,,,,,1.4653031588203798
3479,0.7573910298239166,44.576039735355565,,,,,,1.462622235846918
3480,0.7796867968571849,44.56539454210021,,,,,,1.448767867519523
3481,0.804550610194084,44.545795713677215,,,,,,1.4356182726200701
3482,0.8533323959632478,44.558165222155566,-1.6487896550549703,42.973069786156096,-0.6628535721149316,43.74561395018145,1.252555166454849,1.4456457148529827
3483,0.8490444082445395,44.52126803046555,-1.5393289704473938,43.08332039223524,2.7347722188143653,45.95497063985714,5.149205387311306,1.4742862628762334
3484,0.8327189059304775,44.56259712147724,,,,,,1.4843210976588874
3485,0.8292021006757552,44.60923661650536,-1.2093670736815152,42.974649629099105,-0.7754739426085562,44.51420850684926,1.5995326777692092,1.4482742203331012
3486,0.821660591016964,44.63600098671017,-0.8857245486877323,44.623669191456884,-0.8782202947084121,42.53641192993291,2.087270751391015,1.4855861320496644
3487,0.8366009439238501,44.663259101900636,-1.1058308001101596,44.732734915328756,-1.0971416639236153,42.315910717774635,2.416839817400148,1.6148591038798041
3488,0.8363637078069518,44.65932414490961,-1.2172662883966097,45.17176253596649,-0.9861011363729899,41.98673874248028,3.1934016178024267,1.7359558347803516
3489,0.8929460471811317,44.6752068182581,-1.327516894475686,45.28122322057405,-1.0963517424521159,42.096199427087925,3.193401617802367,1.792194665174716
3490,0.919772113674021,44.68650101713916,-1.32870177668296,45.61079015660417,-0.9864960971087646,42.09659438782368,3.5308181245212222,1.8197496445196164
3491,0.997681914463585,44.74266330928979,-1.4385574220263115,45.61039519586842,-0.9868910578444892,42.20645003316705,3.4337800126407774,1.8743067668315638
3492,1.0611830683966468,44.756003016230736,-1.4401372649693103,46.049817777241906,-0.8766404517654133,42.096989348559426,3.9927911597141152,1.950345647071866
3493,1.126771799875886,44.84077165850966,-1.5507828317842112,46.26913410719288,-0.7671797671577366,42.20723995463858,4.136788352024652,2.0029943967336634
3494,1.2251241274305646,44.93787661388702,-1.5507828317842112,46.26913410719288,-0.9872860185802642,42.31630567851038,3.992791159714144,2.020229617213744
3495,1.2898668542431662,44.98318946524192,-1.5507828317842112,46.26913410719288,-1.3176428760818675,42.5348320869899,3.74157263955104,2.0420408928582643
3496,1.3578228402320542,45.027655863373525,-1.4401372649693103,46.049817777241906,-1.3180378368176424,42.64468773233326,3.4073184314199985,2.0438040945734373
3497,1.3883038014720614,45.026195551272046,-1.549597949576987,45.93956717116277,-1.4282884428967184,42.75414841694086,3.187727817138689,2.0392157547994607
3498,1.4152674724207182,45.082823667634344,-1.5381440882401196,42.75375345620511,-1.5492029888412122,45.82971152581943,3.0759779494183532,2.0247318784561545
3499,1.4820029384793707,45.15375692338281,-1.8681059850059984,42.862424219341236,-1.2196360528111083,45.83089640802667,3.0384766558194474,1.9349956741602838
3500,1.4781181620674368,45.17535000125254,-1.7578553789268228,42.75296353473359,-1.0003197228601304,45.94154197484152,3.2773301235813497,1.8780179802573194
3501,1.4542471545587146,45.17935330262743,-1.7578553789268228,42.75296353473359,2.9525087058223947,46.505038788045496,6.022092536437046,1.7983329364251608
3502,1.4508994623672764,45.1690386076312,-1.8677110242702242,42.75256857399784,-0.12265944232039386,46.27426859675766,3.9303404526798973,1.7778274577920972
3503,1.5757142391380006,45.24605625086176,-1.4278934821609937,42.64429277159751,3.391536326460075,46.61647427633187,6.245408680525144,1.68513567097133
3504,1.7475933264494197,45.31101136115745,,,,,,1.579243400203266
3505,1.8060287839184161,45.36533764368748,-1.2093670736815152,42.974649629099105,1.3038841042003249,46.718825667695924,4.50946623128802,1.4789106821747722
3506,1.877655238658898,45.40087824234628,,,,,,1.4183192811080048
3507,1.9674066402073973,45.44624484306194,,,,,,1.3607546431405837
3508,2.0270701745094373,45.45667635077512,,,,,,1.302106985674187
3509,2.0782673946820975,45.606046851688816,,,,,,1.2112441713591584
3510,2.0432525080963955,45.804349651152904,,,,,,1.1749783809934855
3511,1.9213044658639662,46.000759994078834,1.0936518711716656,44.0815002579836,2.845417785629316,45.73565430990617,2.4093379685190017,1.1708165760762252
3512,1.7566578332119247,46.14915781548039,1.203112555779292,44.19175086406269,2.6245216127352893,46.06443132446477,2.351028671447479,1.190543540695836
3513,1.6643366347273905,46.23176219407448,1.2015327128362934,44.6311734454362,2.514271006656163,46.17389200907239,2.0256511038796217,1.1943703957260634
3514,1.6487725624227199,46.29765481915727,1.0908871460213927,44.85048977538718,2.7343772580786405,46.06482628520052,2.043446330955515,1.1711847909016102
3515,1.6637897320582793,46.34705172362678,0.9802415792065416,45.06980610533818,2.6237316912637896,46.284142615151495,2.0434463309554967,1.1613082980309346
3516,1.6619136876926754,46.38081199303478,,,,,,1.119769242329295
3517,1.6435029152697578,46.46640869666765,,,,,,1.080053631870751
3518,1.5391373401122928,46.568196195688635,,,,,,1.0476428324171323
3519,1.478383390234683,46.67523991507865,2.0780081111687054,45.29346700338239,2.293769794497911,46.39281337828763,1.1203193991047018,1.0154630624657617
3520,1.425512573720544,46.759987545139715,1.2995395361070528,47.92723776647299,2.513086124448939,46.5034589451025,1.8707863197755374,1.0051223666455193
3521,1.4241318561766412,46.80568965256031,2.297719401855458,45.29425692485388,2.7327974151356416,46.504248866573995,1.2858356724975937,1.0118362100662026
3522,1.413315814854366,46.83713518212072,2.1878637565121064,45.29386196411813,2.5134810851846634,46.39360329975915,1.1469340216635269,1.0187960284973974
3523,1.3489477405620265,46.87167401421939,,,,,,1.0115447137409408
3524,1.3282957073261745,46.91957486330693,,,,,,1.0325234141270596
3525,1.2703335094369874,47.00308680911159,0.5333147438537665,47.155483523919166,2.077613150432931,45.403322648725805,2.3355781513623985,1.0550294737128536
3526,1.2234043790455225,47.079933473434814,0.8597219939978726,48.03551356887335,1.968547426561079,45.18321639730333,3.0602439436825,1.0702662628880957
3527,1.195229829738055,47.12824964385034,1.8582968204820027,45.29267708191088,1.7381721960090086,48.14852890010274,2.8583770802457744,1.0860844224080541
3528,1.1904040434436118,47.15877378437864,0.3124185709597395,47.48426053847774,1.7496260573458258,44.96271518514508,2.9023708115672955,1.1093951013797405
3529,1.1723647297496917,47.16998742192748,0.20256292561638822,47.483865577741994,1.6393754512667498,45.072175869752705,2.8072544383235436,1.126044536234747
3530,1.1191299681984024,47.21350388762721,,,,,,1.1401669699985735
3531,1.0828836349750641,47.222812937797734,,,,,,1.157073138402427
3532,1.104180073372429,47.21697797906923,,,,,,1.1853629341964653
3533,1.1266939828239446,47.206053861462486,,,,,,1.1992935623720788
3534,1.1407236900405935,47.18438931211043,,,,,,1.1986358741911094
3535,1.110969322410551,47.174487476963,0.2021679648806635,47.59372122308537,1.2015327128362934,44.6311734454362,3.1265666847694646,1.1623890541760622
3536,1.1521611872743112,47.12970566277954,0.0923123195372622,47.59332626234962,1.4204540820514966,44.85167465759443,3.0464100287372817,1.1247566185131557
3537,1.1781727990176099,47.06868714068465,0.3124185709597395,47.48426053847774,1.530309727394898,44.852069618330184,2.9002910041977117,1.09893637563163
3538,1.184314892104978,47.03560556799404,0.09270728027298691,47.48347061700623,1.4204540820514966,44.85167465759443,2.947755339509938,1.0807316180630788
3539,1.1578410606709235,46.9849176557834,-0.23725461649284188,47.59214138014234,1.5307046881306725,44.742213972986825,3.3537689736862846,1.0659762742106305
3540,1.1434081618321754,46.93134494847706,0.0923123195372622,47.59332626234962,1.421244003522996,44.631963366907705,3.245878866994442,1.0516383042287016
3541,1.1049030760374912,46.90045499622036,1.312178279651144,44.4118571154852,1.2999344968428275,47.81738212112962,3.4055470154274565,1.031848098645738
3542,1.1047832094949492,46.8205227982456,1.2023226343077928,44.41146215474945,-0.018333247277588723,47.81264259230058,3.6135895104493425,1.037631897577495
3543,1.1161740203216182,46.7678638954438,1.2027175950435676,44.3016065094061,2.4020455968982635,46.83263092039685,2.8007984977616407,1.0268423391497166
3544,1.0813135380524683,46.68748605051061,0.9822163828853153,44.5205278786213,0.19979820046611513,48.25285509514557,3.81345573769878,1.0346839152474856
3545,1.0289067620748233,46.58806084627888,1.311783318915419,44.52171276082855,0.419114530417093,48.36350066196042,3.9441338520950473,1.048673671306397
3546,1.0108200248344106,46.52741465445292,1.4204540820514966,44.85167465759443,0.5289701757604943,48.36389562269618,3.6235948535779023,1.0767927407184574
3547,0.9882855312743392,46.542438419010026,0.7486814664471971,48.36468554416767,2.2917949908191373,46.94209160500443,2.098802721754388,1.0794992918629527
3548,0.9753047617411638,46.54652799201567,0.7490764271829218,48.254829898824326,2.1827292669472853,46.72198535358195,2.098802721754388,1.0834203269233598
3549,1.0157333089627683,46.51505829177805,0.6479099180261646,45.83761074053447,2.4016506361624885,46.942486565740175,2.0727655669596086,1.087395777356872
3550,1.0571498999518272,46.51133142628752,-0.12384432452766804,46.603835532787755,2.2917949908191373,46.94209160500443,2.439206935100167,1.110111544733038
3551,1.0201451234374526,46.52532254186169,0.2100671795957082,45.39660831621801,2.2910050693476376,47.1618028956912,2.728775257218305,1.1248933357602688
3552,1.0081203875097737,46.61279213199479,-0.009249150355269985,45.28596274940306,2.2906101086119133,47.271658541034554,3.0384766558194807,1.1309002782149011
3553,0.9943766445390433,46.552541843339625,-0.11910479569862133,45.285567788667315,0.20414276855943705,47.04444299636849,1.788331899862139,1.1074815000037082
3554,0.9835314156628758,46.50924646732541,,,,,,1.1110712807129364
3555,0.9729735309606019,46.59852569574075,,,,,,1.109892626148696
3556,0.8716393064365614,46.578119348068604,-0.23014532324929673,45.614739763961694,1.1877090870849276,48.476121032454074,3.193401617802401,1.0635474685752282
3557,0.7792214365494858,46.61558067502316,-0.017543325806089204,47.592931301613845,1.0786433632130257,48.256014781031595,1.281134246618796,1.074356193928795
3558,0.7755516184916639,46.67474890346212,0.20848733665270922,45.83603089759146,0.5285752150247196,48.47375126803955,2.6570707560314357,1.0654740900918382
3559,0.7710390853812669,46.61111449735913,1.9677575050895797,45.402927687990065,0.8585371117905984,48.365080504903446,3.1630237418739537,1.035158247238541
3560,0.7474495719415778,46.55927967767336,-0.34671530110046844,47.48189077406322,1.0782484024773011,48.36587042637495,1.6768844868431512,1.0397379066807326
3561,0.6496133744118376,46.552094667611065,-0.4561759857080452,47.37164016798406,1.4086052599789045,48.14734401789547,2.0196845191844224,1.0928450186817262
3562,0.598513429352843,46.53117947210409,-0.5664265917872211,47.481100852591716,1.5188558660580804,48.037883333287844,2.1583349276252677,1.156304647835172
3563,0.5596152581581358,46.58397803831057,1.409790142186179,47.81777708186537,2.294954676705185,46.06324644225749,1.9651702263399518,1.1785895303133915
3564,0.4384848150910289,46.60001618706723,1.1904738122352008,47.707131515050484,2.4048103220485366,46.06364140299324,2.043446330955518,1.1436755482671184
3565,0.3305489360222747,46.59100242533279,0.7514461915974702,47.59569602676411,2.294954676705185,46.06324644225749,2.1750448668140088,1.1418409437204933
3566,0.25164485151348953,46.58377636536313,0.8616967976765962,47.48623534215652,2.1850990313618337,46.06285148152174,1.9435573279012073,1.1412201435697278
3567,0.12986358357430297,46.57250925276861,0.31202361022401487,47.594116183821114,1.9653877406750813,46.062061560050246,2.2540639560757465,1.1457344160222762
3568,0.009185837679136414,46.57916829253013,-0.23764957722861663,47.70199702548569,2.077218189697206,45.513178294069164,3.185834304754704,1.1707197550777648
3569,-0.0738182908402962,46.57355412849195,-1.2247705423758797,47.25901979749047,-0.12976873556398894,48.2516702129383,1.477966103877241,1.2609994384831273
3570,-0.1866926905213087,46.59363999931622,-1.4456667152698566,47.58779681204907,-0.13016369629971375,48.36152585828165,1.5261732633955953,1.3234042875625198
3571,-0.23567028119965291,46.45588562489118,-1.2263503853189286,47.698442378863916,-0.021097972427861822,48.58163210970415,1.494207977304778,1.372106015964455
3572,-0.3324221774449124,46.37546317502444,-0.020703011692137088,48.47177646436078,2.1866788743048327,45.62342890014826,3.603556387401567,1.390972777242843
3573,-0.37045853838716725,46.37274678511166,-1.557102203556257,48.02682443268677,1.9669675836180798,45.62263897867676,4.266049174839417,1.3762635356596127
3574,-0.34969907203743783,46.32697243667916,-1.227140306790428,47.91815366955067,1.7476512536671023,45.51199341186191,3.8260935709741757,1.322633378658547
3575,-0.31195558393439626,46.195391156545625,-1.3373909128695043,48.027614354158274,1.8575068990105035,45.512388372597655,4.066169421786691,1.2424123249396501
3576,-0.3347678845111452,46.22944246139794,-1.4476415189486302,48.1370750387659,1.6374006475879759,45.62145409646951,3.9806825915449426,1.1735774866410467
3577,-0.4013220142898244,46.25310176148177,-1.2275352675261528,48.02800931489403,1.4168994354297237,45.84037546568474,3.4320222546486483,1.1520463550440074
3578,-0.4380804564896084,46.245460655741184,-1.3381808343410537,48.24732564484503,1.306253868614873,46.05969179563572,3.4320222546486483,1.1485417831258018
3579,-0.5093676275722686,46.236598948617434,-1.1180745829185263,48.13825992097315,0.8668312872414178,46.05811195269272,2.875215971598756,1.1466035559536487
3580,-0.5620986005131112,46.27729948345496,,,,,,1.1418204199795485
3581,-0.5666361101965764,46.389420122117826,-2.1040106658585653,47.36571575694777,0.8648564835626441,46.607390179409556,3.064185019293237,1.1537587120279857
3582,-0.4770720839443921,46.359058382869954,-2.2138663112019668,47.36532079621202,0.975502050377495,46.3880738494586,3.3357281275282022,1.2022278885585527
3583,-0.4122846441544932,46.34374022293147,-0.11555014907684859,44.29686698057705,1.3054639471433735,46.279403086322446,2.4392069351001457,1.3032629484117897
3584,-0.37823903886350435,46.366907516512704,-0.5549727304503539,44.29528713763405,1.6342409617019782,46.50029925921647,3.107206952591402,1.3527849316494491
3585,-0.33006855728215906,46.37909982486413,,,,,,1.4011554900685361
3586,-0.28283083848884627,46.43218028873854,-2.32056227065927,46.48608067272936,-0.884539666480458,44.29410225542678,2.620482837500125,1.4323530349195135
3587,-0.24670007931803178,46.4216588593497,-1.8795598463428156,46.048237934298875,-0.994790272559584,44.403562940034384,1.8675580407182761,1.4375953093543137
3588,-0.19389011671045864,46.42226621276002,-1.4397423042335855,45.93996213189852,-1.1050408786386603,44.513023624641974,1.4656665882071385,1.436711091357618
3589,-0.14426777915318456,46.397165235813034,-1.3298866588902345,45.94035709263427,-1.1054358393744348,44.62287926998538,1.3364602439103674,1.3961773361387875
3590,-0.06988233010261773,46.36560958942566,,,,,,1.3008645932159149
3591,-0.018098634645364525,46.33927625080282,,,,,,1.1661619760878075
3592,-0.03257821617843722,46.23888403867835,-1.1089904859962076,45.61158007807567,0.6431703891971178,47.15587848465491,2.3355781513623985,1.0714770535975233
3593,-0.017794031946158556,46.26357942835009,-0.3364463219708754,44.625643995135654,0.6431703891971178,47.15587848465491,2.7132518262690386,1.0266398512540678
3594,0.05558553565781714,46.3084657755844,-1.330281619625959,46.05021273797765,0.644355271404392,46.82631154862481,2.121678631486384,0.9964071780212285
3595,0.17093955721175524,46.36189070755206,,,,,,0.9684265234267019
3596,0.3481988469776751,46.349038185846254,-0.01240883624131772,46.164807912150046,0.5360794690040396,46.38649400651557,0.5915945785974809,0.8905244773470444
3597,0.4847816532256619,46.470815011875786,0.6423804677256182,47.37558977534159,1.4165044746939492,45.950231111028096,1.6220096485835953,0.8206713411895658
3598,0.6258713861699292,46.627595789028234,0.8616967976765962,47.48623534215652,1.632661118758929,46.939721840589925,0.9450201012552658,0.8667740920387631
3599,0.766128266639137,46.66457940186606,-0.12226448158466903,46.1644129514143,1.3074387508221472,45.73012485960562,1.49420797730478,0.9927728411222756
3600,0.8629059644348415,46.64981568299984,1.6310812758159303,47.37914442196339,1.956698604488487,48.47888575760435,1.1469340216634978,1.1417863185212844
3601,0.9269850282922014,46.54282140764463,1.6310812758159303,47.37914442196339,2.286265540518591,48.48007063981159,1.2811342466188165,1.2185486977895366
3602,0.9522093220350754,46.467886153320414,,,,,,1.2489716736148686
3603,0.9164444611814578,46.30949104808391,,,,,,1.2884724942825783
3604,0.8438967547887226,46.14763641189199,1.8519774487099572,47.05036740740478,2.505581870469619,48.590716206626496,1.6732821529579027,1.329164443933497
3605,0.7986766433169612,46.08595822270524,2.1835191884188347,46.50227406289522,2.5063717919411186,48.37100491593974,1.8964147238200855,1.3434092220005605
3606,0.7777215662907401,46.10971810930526,2.2941647552336857,46.28295773294422,2.5059768312053436,48.480860561283116,2.208085414640339,1.3490501829497878
3607,0.7596540520406321,46.133642772684134,2.5063717919411186,48.37100491593974,2.7355621402859147,45.735259349170406,2.6456913857285986,1.357300069477048
3608,0.780718858287498,46.15416220725618,2.8466026678365406,45.406087373876076,2.2858705797828662,48.58992628515497,3.2328394156757247,1.3723910967395792
3609,0.7438969891254213,46.166191387788736,2.396911107333442,48.260754309860616,2.848182510779539,44.966664792502606,3.3248566326890074,1.4367274332929392
3610,0.6506867086349969,46.16144453974941,2.5063717919411186,48.37100491593974,2.738326865436138,44.96626983176685,3.412627162395244,1.4905085493259789
3611,0.6327214886079259,46.19320850381193,2.5063717919411186,48.37100491593974,2.629261141564336,44.74616358034437,3.626923834393494,1.5432628254774237
3612,0.6326781301188704,46.21229063433498,2.3961211858619422,48.48046560054735,2.628866180828561,44.856019225687724,3.6319115844022414,1.5663483365818511
3613,0.6602735011445242,46.19739205653858,2.0661592890961136,48.58913636368347,2.6284712200927864,44.965874871031104,3.6666358630055664,1.577252982321653
3614,0.7080619278092707,46.1762272914762,2.0669492105676133,48.36942507299672,2.7387218261719126,44.85641418642348,3.576663799724278,1.612646360951311
3615,0.7633936906477738,46.1338593022016,2.1768048559110147,48.36982003373247,2.7379319047004134,45.07612547711023,3.3411506097759487,1.6546085078350903
3616,0.8164644421379503,46.10314231607888,1.847632880616635,48.25877950618187,2.300879087741456,44.41541176210697,3.8700010000603595,1.6983254135165633
3617,0.7985352262837275,46.14767456080567,1.6271316684583832,48.4777008753971,2.630051063035835,44.5264522896576,4.076544210275133,1.7543194753774012
3618,0.7744674959873354,46.17569220413321,1.6271316684583832,48.4777008753971,2.8489724322510885,44.746953501815874,3.925731883044031,1.7823552185521125
3619,0.7425992937235509,46.11245617227132,1.518065944586531,48.2575946239746,2.738326865436138,44.96626983176685,3.5102500769537914,1.7575942941218485
3620,0.7267808131960534,46.04946576145897,1.409790142186179,47.81777708186537,2.738326865436138,44.96626983176685,3.1458072767396654,1.7306811379107978
3621,0.6727065670651861,45.95466614390165,1.3015143397858262,47.37795953975611,2.7379319047004134,45.07612547711023,2.7132518262690075,1.72195761007161
3622,0.6114617237429872,45.839064176329,0.9727373252272218,47.15706336686218,2.4095498508775828,44.74537365887285,2.8072544383235436,1.710340881095038
3623,0.5656195254514089,45.74508757559105,,,,,,1.703732439782896
3624,0.4767586572653505,45.684280522080016,,,,,,1.7238777692912834
3625,0.48071566280086075,45.60205681635438,,,,,,1.7532515765346302
3626,0.5598670796370475,45.444816758607416,,,,,,1.799689867463932
3627,0.5420217824321331,45.33075109113235,,,,,,1.877527763670744
3628,0.5290231025994565,45.241193036998226,,,,,,1.9096336799636608
3629,0.5721276502080398,45.19115013433846,,,,,,1.9239531972196313
3630,0.6258701206670964,45.169822274132414,,,,,,1.8747054113644452
3631,0.6490984426362011,45.09871003073184,,,,,,1.7977422869594102
3632,0.7425389003775221,44.947247104054554,,,,,,1.7608073071730679
3633,0.8105736480738551,44.83915249190093,,,,,,1.7350864207319086
3634,0.8705648681751703,44.69912433693385,,,,,,1.7348024697248394
3635,0.94942247180063,44.53319618990279,-0.6553493181356617,41.65835668865746,0.7510512308616955,47.70555167210747,6.208585158639869,1.7288212339882671
3636,1.0316721852521276,44.320750019917476,-0.7648100027432383,41.54810608257832,0.6411955855183441,47.705156711371714,6.315546228137994,1.7016426934475843
3637,1.1645489249064087,44.12720883293145,-0.8742706873508648,41.437855476499244,0.4222742163030909,47.48465549921349,6.184239581540201,1.6485787796068667
3638,1.3268979238259644,43.98156192849495,-0.9849162541657656,41.657171806450194,0.20414276855943705,47.04444299636849,5.516933227187705,1.627153123044295
3639,1.527694557658719,43.813662528182775,-1.204627544852518,41.6563818849787,-0.014383639920091397,46.71408613886688,5.195868827542462,1.5855014083314953
3640,1.5835412132618432,43.869992741681564,-1.3144831901958696,41.655986924242946,-0.12226448158466903,46.1644129514143,4.663399049152735,1.7170533067004952
3641,1.4967005653393,43.92709299782756,,,,,,1.6454479438663685
3642,1.4847438257624532,43.98894408619687,-0.7687596101007856,42.64666253601204,-0.3392110471211486,45.39463351253924,2.7813407658526357,1.567999664773105
3643,1.5265808490041266,44.047061648069885,-0.5573424948649023,44.95442100969426,-0.2218511477984773,43.30777121175099,1.6804790986569966,1.5357098385893988
3644,1.6698634251158015,44.087852039655665,0.10732082749585206,43.41881173930164,3.066313958523243,45.406877295347584,3.5648344989078313,1.6009003919816251
3645,1.6748176446534608,44.07918186079725,,,,,,1.6260672219834005
3646,1.6170053678873397,44.026337147959005,,,,,,1.6736042650531382
3647,1.6581986064254084,43.94453952535082,-0.5573424948649023,44.95442100969426,4.602713150387412,45.85182932702158,5.237510472553545,1.729113595878436
3648,1.6506128045797885,43.831344783573776,-0.7770537855516049,44.953631088222764,4.493252465779835,45.74157872094246,5.328882570927148,1.6729821228770132
3649,1.5397134283393836,43.748098148696855,-0.6660132580009793,44.624459112928406,4.713358717202263,45.63251299707058,5.4730079006827905,1.6072092287766844
3650,1.449895057056651,43.70221817714015,-0.9951852332953088,44.513418585377735,4.603898032594687,45.52226239099148,5.689244171460247,1.5511732769374469
3651,1.3334418848329153,43.715630982301526,0.6518595253837118,44.73905428710081,4.604687954066185,45.3025511003047,3.992791159714125,1.51232335483294
3652,1.367881423503184,43.75989004310581,1.2011377521005686,44.74102909077958,4.385371624115159,45.1919055334899,3.2159967223671964,1.5017144235716433
3653,1.4250445382053962,43.766744853807666,-0.6644334150579806,44.18503653155491,4.164870411956957,45.41082690270513,4.982442923669611,1.4696219931577945
3654,1.4501334187927941,43.799373195217846,-0.884539666480458,44.29410225542678,4.275121018036082,45.301366218097456,5.257059926407561,1.4049228469476582
3655,1.4896832275133354,43.77665101280095,-1.1042509571671606,44.29331233395528,4.274726057300308,45.41122186344087,5.493916220537415,1.3895220389827947
3656,1.499756987864794,43.744179545295104,-0.8841447057447333,44.18424661008338,4.163685529749732,45.74039383873521,5.2822518194054275,1.4066882065990514
3657,1.4755361826720634,43.71601417693524,-0.994790272559584,44.403562940034384,3.943579278327205,45.849459562607066,5.145688570472617,1.3985709255457641
3658,1.43834138060472,43.690130089222976,-0.6652233365294801,44.40474782224165,3.5049466184252487,45.628168428977304,4.345926303354941,1.3758070109247413
3659,1.4450124150597603,43.69826376543245,-0.5561576126576281,44.62485407366416,3.395485933817622,45.517917822898205,4.051302207759267,1.3764636497094722
3660,1.4324627790898499,43.70745739012589,-0.44590700657845206,44.5153933890565,3.2860252492099957,45.40766721681911,3.8371175308432393,1.3743343822602838
3661,1.417901904379592,43.69953950913604,-0.22619571589174944,44.51618331052801,3.1769595253381437,45.18756096539661,3.468748124520883,1.3635850862750283
3662,1.4025641733007426,43.650921402414156,-0.3372362434423749,44.84535528582238,3.067893801466242,44.96745471397411,3.407318431420015,1.3454882507926758
3663,1.439181186217783,43.634406938300096,,,,,,1.3375250338310767
3664,1.513780406738511,43.6149916660277,1.759895036475419,42.106468406217516,3.1820940149029653,43.759437575932786,2.1805863913794856,1.322561872136014
3665,1.577190133490259,43.59966090096911,1.870145642554595,41.99700772160987,3.402990187796892,43.43066056137423,2.0988027217543657,1.3410274131814186
3666,1.6408702096062646,43.611082274871244,,,,,,1.3898488037532968
3667,1.6636148586681196,43.629371128090675,,,,,,1.4039783311664829
3668,1.7300355907823413,43.65992045895602,,,,,,1.4300514967310425
3669,1.8112548876680226,43.654262618454794,,,,,,1.427954678489403
3670,1.8597532140667774,43.67505156235479,,,,,,1.4618240789530221
3671,1.8926681131613945,43.74852419473171,,,,,,1.498576155972295
3672,1.8605231453365496,43.84117545637481,,,,,,1.5126702740167637
3673,1.82841326029481,43.91906492770964,,,,,,1.5344741943065416
3674,1.7385046999629032,43.9736651025561,,,,,,1.5231595675200373
3675,1.7194347366370855,44.036005103972855,,,,,,1.5191518414282592
3676,1.7088985848057903,44.08413694135163,,,,,,1.5488744447645366
3677,1.7030235254412756,44.11781872585654,,,,,,1.5582432614289563
3678,1.6721309080730182,44.15093867691842,,,,,,1.567119680668855
3679,1.624162456242136,44.21090101935859,,,,,,1.5856728535700018
3680,1.5920553305212255,44.2526044567688,,,,,,1.602691511292497
3681,1.5591916758349196,44.30942089245125,,,,,,1.6075285419749472
3682,1.5363269554426762,44.35932658927013,,,,,,1.606546949985778
3683,1.5470093155224962,44.3939517531648,,,,,,1.6016973059812984
3684,1.5310622583474995,44.42266703609439,,,,,,1.6242245267936668
3685,1.5323511709170585,44.428899741703326,,,,,,1.6277680705080755
3686,1.5492188533814821,44.438190979235884,,,,,,1.6194185025240742
3687,1.4948159078669816,44.44116637113161,,,,,,1.6130828619709985
3688,1.4545743758800949,44.45148185822279,,,,,,1.5931800881832927
3689,1.3574483145495293,44.456520619429156,,,,,,1.583239019715198
3690,1.331951487112544,44.43379231008823,,,,,,1.561158884764168
3691,1.2731700666869832,44.447828575772206,,,,,,1.5618744911056741
3692,1.2781997126568423,44.42806694400664,,,,,,1.572827882653898
3693,1.350111542393401,44.42306327663511,,,,,,1.5430028005258551
3694,1.3561320440092426,44.424812626507084,,,,,,1.538246005586234
3695,1.4140501770886353,44.4244938725596,,,,,,1.504428497917135
3696,1.4695817061303285,44.45273347876987,-0.887304391630731,45.06309177283036,3.7361117704488183,42.443144635491144,5.314141512062894,1.4699709698614434
3697,1.5837979049392654,44.472989875155896,-1.2156864454535607,44.73233995459301,3.2955043068680894,42.77113172857825,4.919062889374384,1.4024695247529826
3698,1.6535792962091866,44.49758997928267,,,,,,1.3750732536168784
3699,1.7210760010881545,44.62218764192568,,,,,,1.384936134994541
3700,1.8143979560221197,44.66522803761428,-1.1070156823174337,45.06230185135886,3.6132224208256014,46.067985971086536,4.82618361638218,1.420804279129426
3701,1.916834393247617,44.66764044118768,-0.997949958445582,45.28240810278129,2.949743980672121,47.274028305449086,4.421633009264882,1.4633568051925319
3702,1.9884838178993702,44.69616067983745,-0.6691729438869773,45.50330427567534,2.2890302656688637,47.71108112240802,3.6912389294105052,1.4953601962434138
3703,2.0385588227200158,44.702008896828964,-0.45104149614327366,45.943516778520305,1.9590683689030353,47.81975188554414,3.05432279538723,1.5047043867362597
3704,2.07779220034777,44.716107908531214,-0.12265944232039386,46.27426859675766,1.9590683689030353,47.81975188554414,2.592703082873034,1.5155446855651447
3705,2.1326258958286073,44.729352430893435,-0.23330500913529456,46.49358492670866,1.9590683689030353,47.81975188554414,2.5622684932375943,1.5034619201676593
3706,2.171043052322208,44.775562724412865,-0.014383639920091397,46.71408613886688,1.8492127235596838,47.81935692480838,2.16670600595249,1.5044778908674246
3707,2.2065222900514474,44.82003032852861,0.3143933746385132,46.934982311760876,2.069318974982112,47.71029120093651,1.918558765421634,1.5117500744035968
3708,2.246654537147201,44.824479976960085,0.42385405924613967,47.04523291783998,1.7401469996877823,47.59925067338591,1.4281326193727906,1.5320793349873434
3709,2.2801044218010658,44.796840698455185,0.7538159560119685,46.93656215470388,1.7405419604235068,47.48939502804254,1.131040403180112,1.5144724071082398
3710,2.304959722854776,44.78251673032154,0.9743171681702207,46.717640785488676,1.7405419604235068,47.48939502804254,1.0875224334070044,1.5168053530670915
3711,2.3022153451275083,44.82223757131449,,,,,,1.5550442436457432
3712,2.337984268078843,44.8014865876984,1.3011193790500515,47.487815185099514,1.632661118758929,46.939721840589925,0.6405671233094172,1.5550005097360677
3713,2.3192918063426267,44.89208431295537,,,,,,1.546647523471162
3714,2.326019936196059,44.86375312927013,,,,,,1.5312577653165218
3715,2.3576293616318234,44.842472636315286,0.5344996260610407,46.825916587889054,2.288240344197365,47.930792413094764,2.0727655669596214,1.516811254693996
3716,2.348679726781649,44.858925706311226,0.09468208395176052,46.93419239028939,2.398095989540716,47.93118737383052,2.5099232294368523,1.5410057445883143
3717,2.3472165232203013,44.90228173100943,-0.12502920673494222,46.93340246881786,2.6182022409632433,47.82212164995867,2.883598543238589,1.570905043881598
3718,2.3752220648299156,44.94557001692801,-0.34513545815741964,47.04246819268971,2.508741556355617,47.71187104387954,2.9313331764142694,1.6270373663345026
3719,2.3747832797279416,45.02455929309363,,,,,,1.6940445998002396
3720,2.3700816835336704,45.03901808064999,,,,,,1.7296628784697563
3721,2.349764681326483,45.06414567550148,,,,,,1.7684431845860176
3722,2.382130343458129,45.06505466633771,,,,,,1.8387548180710076
3723,2.389096864448439,45.04775916050583,,,,,,1.8885681448043263
3724,2.3932099644744516,45.03838116473841,,,,,,1.8960381155601802
3725,2.388809094093995,45.001594491123655,,,,,,1.8878614240061609
3726,2.4170713176258487,45.0133447623688,,,,,,1.8929443395585737
3727,2.415731028865819,44.99649774549878,,,,,,1.8940914050362443
3728,2.394885247726563,44.99714041146639,,,,,,1.8847115263744645
3729,2.4426427955813934,45.00290919241018,-0.45420118202927134,46.82236194126728,2.4012556754267638,47.05234221108353,2.864703263742607,1.8634387109126533
3730,2.4366597047436085,45.01671113699331,-0.5644517881084475,46.93182262587486,2.510321399298666,47.27244846250608,3.0935830544173175,1.8609808165457642
3731,2.4633464204121216,45.03055549787834,-0.5644517881084475,46.93182262587486,2.510321399298666,47.27244846250608,3.0935830544173175,1.8581375651769088
3732,2.5295057598488513,45.03294567525559,,,,,,1.8817346701406368
3733,2.5512174279035515,44.99431929443051,,,,,,1.8987285154106186
3734,2.5221156373316336,44.985407469356886,,,,,,1.9245340044207757
3735,2.5314035552668814,44.95741635908085,,,,,,1.935377506566634
3736,2.5851381672793017,44.955539271712674,,,,,,1.9328825804674488
3737,2.6061392756069246,44.9372507037015,,,,,,1.9482628403129783
3738,2.5716688379557424,44.95308508440712,,,,,,1.9537991857712742
3739,2.523735344399657,44.97758259443771,0.20532765076666132,46.714876060338405,2.5099264385628905,47.3823041078494,2.3992990166538433,1.9539947476526172
3740,2.5156679989260318,44.951140130528735,0.3155782568457874,46.60541537573078,2.5091365170913917,47.60201539853618,2.40933796851901,1.939512668495205
3741,2.5032513525611457,44.96733035555046,0.5352895475325401,46.60620529720228,2.5095314778271165,47.49215975319281,2.1639192446629782,1.9334794648352518
3742,2.497257098416793,44.94635669461245,0.7553957989550175,46.49713957333043,2.6197820839062422,47.38269906858516,2.0640135268815647,1.90200372049142
3743,2.5124681363472114,44.93211045399199,0.6463300750831655,46.27703332190793,2.729242768513819,47.4929496746643,2.4118411774731445,1.890422592603377
3744,2.497190775661634,44.92018878450176,0.4274087058679124,46.056532109749696,2.7296377292495935,47.38309402932091,2.6570707560314193,1.8847080558540281
3745,2.5211198413581095,44.87201404242999,0.20809237591693444,45.94588654293482,2.839493374592995,47.38348899005666,2.998494957775301,1.8823366053091137
3746,2.522617793757372,44.8346888800986,-0.23212012692807035,46.16401799067855,2.839493374592995,47.38348899005666,3.30483267671003,1.8829668911700834
3747,2.5316399563860834,44.761689384472504,-0.5628719451653985,46.4924000445014,2.9493490199363466,47.3838839507924,3.6235948535778837,1.8489266359243073
3748,2.5463706125084418,44.696539357787415,-0.5640568273726727,46.821966980531535,2.9493490199363466,47.3838839507924,3.558057240879112,1.8010039175069201
3749,2.5224057510889195,44.64989906687123,-0.454991103500771,47.04207323195396,3.169455271358874,47.27481822692058,3.6319115844022134,1.76935036905758
3750,2.5526392584183397,44.62442130913821,-0.45578102497227035,47.261784522640745,3.0607845082226963,46.9448563301547,3.5308181245212245,1.7078914102429477
3751,2.5737252828798307,44.6091192651155,-0.45578102497227035,47.261784522640745,3.3891665620455766,47.2756081483921,3.844972436772897,1.6871168881572882
3752,2.5955493736109707,44.64145349294148,-0.2368596557571172,47.482285734798964,3.3895615227813014,47.16575250304876,3.6402093141677896,1.6344662109294197
3753,2.656232013945021,44.69270321210375,0.09270728027298691,47.48347061700623,3.389956483517076,47.05589685770532,3.3248566326890114,1.5810830236659112
3754,2.7439259301005077,44.753577343759574,0.0923123195372622,47.59332626234962,3.499417168124703,47.166147463784505,3.433780012640792,1.5198721535031616
3755,2.819066352580049,44.76938076400931,0.3124185709597395,47.48426053847774,3.6092728134680536,47.16654242452025,3.312128121960509,1.472666223336767
3756,2.8833067468692257,44.74874396974453,0.31202361022401487,47.594116183821114,2.5241450250499815,43.427500875488214,4.717431958339822,1.4472857378901378
3757,2.9637490475420267,44.71543894515589,,,,,,1.3783166974717278
3758,3.0538727212978682,44.61392821098288,1.302304261257326,47.15824824906944,2.6336057096576084,43.537751481567334,3.8575070174927584,1.2993937525147932
3759,3.1173625316911617,44.554360750220475,1.5228054734155776,46.93932687985415,2.7434613550009597,43.53814644230309,3.6135895104493136,1.2555753634137516
3760,3.129870605090425,44.50686279239704,1.8531623309171814,46.7208004713747,3.500602050331977,46.8365805277544,1.65150314881948,1.2212745902889672
3761,3.137909236463629,44.44821285824746,2.2941647552336857,46.28295773294422,3.6112476171468275,46.61726419780337,1.3588480700917045,1.2020370784999581
3762,3.155957477006998,44.31920638861065,2.633210748921833,43.64760712691066,3.831748829305079,46.39834282858816,3.0005066956452384,1.2001217959086656
3763,3.1558130860511713,44.312201003050966,,,,,,1.2247720352093383
3764,3.071594894079319,44.12181641522254,,,,,,1.3497520219654688
3765,2.9351292461480356,44.146743423637375,1.7602899972111936,41.996612760874115,4.271961332150035,46.18021138084444,4.879650633782182,1.4590747269714708
3766,2.801271484811403,44.28211201813259,1.4338827470670876,41.11658271591993,4.381422016757662,46.29046198692354,5.954579284658884,1.4725397485374547
3767,2.66506752927216,44.429355450883264,1.325606944666785,40.67676517381071,4.381422016757662,46.29046198692354,6.391525456756861,1.5118636547283144
3768,2.5422944902812725,44.540505007589246,1.3267918268740093,40.3471982377806,4.27156637141431,46.29006702618779,6.632449513897291,1.5703970348576133
3769,2.4509722969076444,44.59463635735567,1.3267918268740093,40.3471982377806,4.382211938229161,46.07075069623681,6.488038594334456,1.6067163641048745
3770,2.40534928204717,44.66993430288123,1.216541220794933,40.45665892238823,4.382211938229161,46.07075069623681,6.44511423765437,1.6167383456304034
3771,2.3364320807982395,44.68439248380678,1.1055006932442577,40.78583089768258,4.382211938229161,46.07075069623681,6.218296700878862,1.6228559341342215
3772,2.305891439388917,44.71411318903005,0.9948551264294068,41.00514722763356,4.272751253621534,45.96050009015769,5.94139083151305,1.5994909215363087
3773,2.2452299907162043,44.72090748384567,1.105105732508483,40.89568654302596,4.162895608278182,45.96010512942194,5.915945785974771,1.6028044772980197
3774,2.2024218958643056,44.74148592834084,0.9948551264294068,41.00514722763356,4.163290569013958,45.85024948407859,5.789127657016594,1.6020459446553188
3775,2.1528651976732185,44.745205320981626,0.9948551264294068,41.00514722763356,4.053434923670556,45.84985452334281,5.7294065274852235,1.597437589469224
3776,2.095823253988439,44.75756173488521,0.9948551264294068,41.00514722763356,4.053829884406331,45.73999887799943,5.6370335036180625,1.5992400269229665
3777,2.0261401050070535,44.807499070422,0.9948551264294068,41.00514722763356,3.943579278327205,45.849459562607066,5.671184719506305,1.599779839108186
3778,1.945160918882674,44.85638941891564,0.7739589535353799,41.33392424219214,3.50336677548225,46.06759101035079,5.46418046283923,1.6250035389554693
3779,1.8510689067469654,44.879948813875814,,,,,,1.6510311283031005
3780,1.794277333812544,44.89924266431472,1.2129865741731607,41.445359730478565,3.725052869847726,45.51910270510545,4.786006570951044,1.6581905520479405
3781,1.7506395164836797,44.93094570758932,1.322842219516512,41.44575469121431,3.6151972245043744,45.518707744369706,4.67373919277713,1.6696252702325522
3782,1.7218877736491995,44.955898654252,1.4326978648598632,41.446149651950066,3.6148022637686004,45.62856338971306,4.717431958339822,1.6801310626049384
3783,1.6809934692510484,45.002320029935056,1.5437383924104888,41.11697767665569,3.5053415791610236,45.51831278363396,4.818675937038008,1.687912113416368
3784,1.6383104281841363,45.11794581792933,,,,,,1.7109682611014396
3785,1.5521737307704977,45.16425573024087,,,,,,1.7588340639704214
3786,1.5217331247052859,45.225168896161684,,,,,,1.7863695103443444
3787,1.4436446382528165,45.19160041894885,,,,,,1.8296383470250182
3788,1.3957249169875547,45.21077809145288,,,,,,1.8612202421725195
3789,1.3170001986831763,45.2363687151247,,,,,,1.8789944875217752
3790,1.2837241891116626,45.26334754077493,,,,,,1.874712648969197
3791,1.2947142573650154,45.24378585377293,-0.335656400499376,44.4059327044489,-0.21158216866888424,40.45152443282343,3.956354280610398,1.9300783780280255
3792,1.2444215625610644,45.255659904105514,-0.21079224719738474,40.23181314213671,2.6261014556782882,45.625008743091286,6.093810357368489,1.9807095894600764
3793,1.1715559736566354,45.17220849339183,-0.10054164111825864,40.1223524575291,2.6261014556782882,45.625008743091286,6.141156957312311,2.0398707726623617
3794,1.1566084604133327,45.174757110070544,0.009708964960867402,40.01289177292147,2.625706494942563,45.73486438843466,6.291614553479331,2.0730577642234995
3795,1.1485870718947084,45.18566017602496,0.008919043489367907,40.2326030636082,2.625706494942563,45.73486438843466,6.092820057474509,2.096719380119861
3796,1.1144268091429972,45.18948074755439,-0.10172652332548292,40.45191939355918,2.625706494942563,45.73486438843466,5.9454519330340645,2.1011070255066397
3797,1.078435070943289,45.195233341875756,0.11719484588972033,40.672420605717434,2.7355621402859147,45.735259349170406,5.699840649577159,2.1043386873786063
3798,1.0417672176927895,45.22764831342059,0.336906136576473,40.673210527188935,2.618992162434743,47.602410359271936,7.295322264462104,2.07739784303337
3799,1.023641132036606,45.22091388378946,0.44676178191982435,40.67360548792468,2.514271006656163,46.17389200907239,5.876031501710035,2.0711181666515204
3800,0.9123025299215772,45.200209931118806,0.8865793240290545,40.565329685524354,2.4056002435200354,45.843930112306516,5.492817766818443,2.1041530582620838
3801,0.8530477574195501,45.23645907300536,,,,,,2.1517971774636164
3802,0.8102890145947499,45.29208580044413,,,,,,2.187323736803468
3803,0.7844810425356237,45.37618812505276,,,,,,2.21739684609129
3804,0.7401231525637328,45.42795366509858,,,,,,2.2379627825364277
3805,0.7172183010144,45.50828872690146,,,,,,2.2731912194300294
3806,0.6589516615209459,45.46468701272133,,,,,,2.3146082923072284
3807,0.6499577982348429,45.48020119273843,0.7786984823644267,40.01565649807175,0.8636716013553699,46.936957115439654,6.9218222071162865,2.3296260832105795
3808,0.6421992842239743,45.4636730419332,0.6431703891971178,47.15587848465491,0.7794884038359262,39.79594520738502,7.361195585431733,2.357170056865481
3809,0.6712968495086876,45.547473558748756,0.7794884038359262,39.79594520738502,0.5325248223822668,47.37519481460584,7.583272091855965,2.383016987869557
3810,0.7145065213080487,45.52152236636764,0.42187925556736616,47.59451114455686,0.8909238921223265,39.356917586747315,8.250936340485628,2.4719349392377725
3811,0.7806743655309779,45.52029641407076,-0.8920439204597779,46.38135951695078,0.7810682467789252,39.35652262601153,7.221332125616648,2.548061932068884
3812,0.7926716189872528,45.427144459074555,-0.8940187241385515,46.93063774366758,0.7814632075146999,39.24666698066816,7.864518191849141,2.6251292115949076
3813,0.8033582370177328,45.33136807956916,-0.8944136848742765,47.04049338901094,0.8921087743296007,39.02735065071718,8.209879356087407,2.6343516707263337
3814,0.8540061796709937,45.24295532794078,-1.0054542124249017,47.36966536430529,1.001964419672952,39.027745611452936,8.58005563662161,2.6615894431570504
3815,0.8567113489554078,45.141506919202094,-1.1153098577682532,47.36927040356954,0.8913188528581013,39.24706194140394,8.36641076478944,2.656783573622963
3816,0.8128901950919832,45.28023420955921,-0.8959935278173252,47.47991597038444,1.1114251042805787,39.137996217532056,8.580055636621639,2.5522583144290327
3817,0.794256141965846,45.30335270071693,-0.8955985670815504,47.37006032504104,1.0003845767299533,39.46716819282641,8.127143171806296,2.400512363249589
3818,0.7844974626521423,45.27676083797344,-0.8952036063457759,47.260204679697715,0.8897390099151024,39.68648452277741,7.7812118052836245,2.3024614032923725
3819,0.7633574807386314,45.27249401164617,-0.8952036063457759,47.260204679697715,0.888554127707828,40.01605145880752,7.460532658029863,2.172126340824645
3820,0.7637975024108806,45.268970978175766,-0.8952036063457759,47.260204679697715,0.7775136001571524,40.345223434101825,7.114418351479878,2.0557327203086513
3821,0.7613378392324734,45.335081673199106,-0.8952036063457759,47.260204679697715,0.7771186394214278,40.4550790794452,7.007595602551554,1.9645774357695105
3822,0.75717900008584,45.30879788040763,-0.8952036063457759,47.260204679697715,0.7763287179499283,40.67479037013193,6.794240350458542,1.9013199130360645
3823,0.7408506363148314,45.30032738643257,-1.1149148970324785,47.259414758226214,0.6641033081920286,41.333529281456386,6.187166108834634,1.7773873541169343
3824,0.767350803672803,45.244429898464745,-1.4440868723268576,47.14837423067562,0.3325615684831509,41.881622625965946,5.5583407729235255,1.6194417023444978
3825,0.7896930516255092,45.182111275549744,-1.333046344776232,46.819202255381256,-0.2167166582337059,41.879647822287176,5.064127759699121,1.5176823727799218
3826,0.7725314404134549,45.192986759632916,-1.1129400933537548,46.710136531509356,-0.5494432801498076,42.75730810282688,3.992791159714144,1.4507644008449945
3827,0.7230466175668466,45.22841906895884,-1.11254513261798,46.60028088616598,-0.8805900591229107,43.19554580199311,3.412627162395244,1.4261060043655105
3828,0.6923458439609353,45.23036612904452,-1.11254513261798,46.60028088616598,-0.8817749413301849,43.52511273802322,3.083814848615091,1.436287160924084
3829,0.7440537861662696,45.22483287688504,-1.11254513261798,46.60028088616598,-0.6628535721149316,43.74561395018145,2.889869515218816,1.4256038542027716
3830,0.8343970538148414,45.22561680936562,-1.11254513261798,46.60028088616598,-0.6640384543222059,44.075180886211555,2.5646224381467624,1.4204030272896426
3831,0.86843730167017,45.25816143741652,-1.11254513261798,46.60028088616598,-0.335656400499376,44.4059327044489,2.327814435194086,1.4152872167277442
3832,0.8039405082654694,45.27835645270609,-0.11673503128412277,44.626433916607155,-0.11673503128412277,44.626433916607155,0.0,1.3879031665962267
3833,0.7887478019779405,45.29661455349155,-1.11254513261798,46.60028088616598,2.9548784702368924,45.84590491598529,4.136788352024668,1.3452515099936848
3834,0.7786968697758203,45.333861302895485,-1.11254513261798,46.60028088616598,2.9536935880296187,46.17547185201539,4.08836887386521,1.330576733572806
3835,0.7626002137731617,45.37006665993631,-1.11254513261798,46.60028088616598,3.0623643511657455,46.50543374878124,4.175986730972372,1.327731514172504
3836,0.7973033339496632,45.37271791663711,-1.1121501718822053,46.49042524082263,2.8418631390074935,46.724355117996474,3.9609272210086997,1.305728309712983
3837,0.8979061194978256,45.4142974063141,-1.2224007779613812,46.599885925430236,2.732007493664092,46.72396015726073,3.956354280610412,1.279865554050306
3838,0.932809905897345,45.42629481516212,-1.2224007779613812,46.599885925430236,2.621361926849241,46.943276487211705,3.859070977426243,1.2388496726063005
3839,0.9223876286094311,45.483297130444754,-1.11254513261798,46.60028088616598,2.620572005377742,47.16298777789848,3.775288414412954,1.2385003459329953
3840,0.9185679329445625,45.569727530424025,-1.1129400933537548,46.710136531509356,2.839493374592995,47.38348899005666,4.009380731731149,1.2718861468890925
3841,0.888991171842885,45.612023664871465,-1.1137300148252542,46.92984782219609,2.728847807778094,47.60280532000769,3.9010608962978153,1.2722160897762311
3842,0.8474346490014748,45.700328624167575,-1.1141249755609792,47.03970346753944,2.8383084923857207,47.71305592608678,4.009380731731152,1.3051755391784712
3843,0.804549937432915,45.76550184197289,-1.003874369481903,46.930242782931835,2.8379135316499964,47.82291157143016,3.9441338520950397,1.3341817023825835
3844,0.7641847549412676,45.77074550138247,-1.003874369481903,46.930242782931835,3.0580197830724236,47.71384584755828,4.136788352024673,1.3408075142926732
3845,0.7317816451021607,45.7966326575116,-1.224375581640155,47.14916415214711,3.0580197830724236,47.71384584755828,4.319464721101927,1.3593409492188149
3846,0.6959597384622813,45.7802710684369,-1.1141249755609792,47.03970346753944,3.3879816798383025,47.60517508442221,4.5374797504882185,1.3653178433701074
3847,0.6049867693187607,45.817651679622216,-1.3346261877192311,47.25862483675471,3.3887716013098017,47.38546379373543,4.725100506276285,1.3462320408464463
3848,0.5453037615414611,45.8013009519254,-1.3346261877192311,47.25862483675471,3.498232285917428,47.49571439981458,4.838670528886391,1.3483469799081254
3849,0.44599903568519594,45.82057650811125,2.1910234423981048,44.41501680137122,3.498232285917428,47.49571439981458,3.346564305915812,1.3425942833223257
3850,0.32917090290720546,45.84955178702314,1.971707112447127,44.30437123455637,3.498627246653203,47.38585875447118,3.43904789609487,1.3314974718736226
3851,0.26301565382567543,45.87424764845121,,,,,,1.3664508598958494
3852,0.21328058631711955,45.87172970543993,1.4232188072017697,44.08268514019084,3.498627246653203,47.38585875447118,3.9010608962978077,1.378749326545116
3853,0.17132577246759098,45.8903919497259,1.4236137679375442,43.97282949484747,3.498627246653203,47.38585875447118,3.994302149800271,1.3886820057815672
3854,0.16239418995797017,45.92082595346157,1.424403689409044,43.75311820416074,3.498232285917428,47.49571439981458,4.278760490074013,1.4007278579384053
3855,0.18676153238483192,45.90266409684377,1.3145480440656927,43.752723243424995,3.498232285917428,47.49571439981458,4.333412011904965,1.4183643012388816
3856,0.14534152986904234,45.885231087185566,0.9849811080355885,43.75153836121774,3.498232285917428,47.49571439981458,4.5094662312880445,1.415972845569922
3857,0.1083129505489367,45.85384258899285,-1.9941550205152139,47.36611071768352,3.498232285917428,47.49571439981458,5.493916220537431,1.4200128136676826
3858,0.08239564644860385,45.86209478655314,-1.9941550205152139,47.36611071768352,3.497837325181704,47.60557004515796,5.497210264734983,1.4147854001008842
3859,0.0392304395402394,45.86120171531976,-0.006089464469272031,44.407117586656156,3.3883766405740268,47.49531943907883,4.589051189472023,1.416619182899677
3860,0.013765218242943624,45.818710990607144,-0.11594510981262335,44.406722625920395,3.3879816798383025,47.60517508442221,4.744217646412255,1.411717640646868
3861,-0.02736162053092801,45.774885469859534,-0.22540579442024988,44.2964720198413,3.278520995230676,47.49492447834308,4.744217646412247,1.425131886399522
3862,-0.08062688424115114,45.70685208341647,-0.44353724216395374,43.856259516996296,1.63858552979525,45.29188716043939,2.5290832268094507,1.425100533782695
3863,-0.12195688459936262,45.68202581804274,-1.66379816301361,47.14758430920409,3.1686653498873243,47.494529517607305,4.844901916566785,1.4555702683106873
3864,-0.08416594718830925,45.635655335140314,1.5263601200373504,45.95062607176384,3.1686653498873243,47.494529517607305,2.2540639560757465,1.468471049148066
3865,-0.11558218882043995,45.61719477077979,-0.6612737291719326,43.306191368807994,3.058809704543923,47.49413455687156,5.601596995523288,1.4718634960505939
3866,-0.11851231218740049,45.60025321009044,-0.7707344137795092,43.19594076272889,3.058809704543923,47.49413455687156,5.756724593568197,1.4710051072164303
3867,-0.13167542941657945,45.57015226311601,-0.6608787684361579,43.196335723464635,3.1686653498873243,47.494529517607305,5.756724593568197,1.477700778363976
3868,-0.14205609493124227,45.558116468485075,-0.6604838077004331,43.08648007812126,3.0595996260154728,47.274423266184826,5.601596995523288,1.4673222688190783
3869,-0.13870460558574002,45.586748424725734,-0.6604838077004331,43.08648007812126,3.1686653498873243,47.494529517607305,5.838945378405965,1.4702896342367693
3870,-0.12968287254253705,45.58393582870657,-0.5506281623570819,43.08687503885701,3.0592046652796974,47.384278911528156,5.612358959326567,1.4465170501587876
3871,-0.1558086026931246,45.548971060082636,-0.5510231230928065,43.19673068420038,2.9489540592005716,47.49373959613581,5.54203264748838,1.4483625467517942
3872,-0.11230134058842232,45.50769133623744,-0.7699444923080099,42.976229472042135,2.839493374592995,47.38348899005666,5.696663775768114,1.4623387580666778
3873,-0.0707768572073432,45.46082623854384,,,,,,1.4723299487867352
3874,-0.028637325951349806,45.40896820510207,-0.019913090220637593,48.25206517367405,2.7296377292495935,47.38309402932091,2.883598543238589,1.4754993099527576
3875,0.006118081778119564,45.38807875622749,0.089547594386989,48.362315779753175,2.839493374592995,47.38348899005666,2.9189559226374344,1.5036452150063333
3876,0.022747747619301796,45.38934903326538,0.09033751585848851,48.14260448906645,2.8398883353287703,47.27363334471333,2.88359854323858,1.524719807233947
3877,0.05002857373104397,45.334908407330005,0.0907324765942632,48.03274884372307,2.8398883353287703,47.27363334471333,2.8520368644971623,1.5251338010309192
3878,0.08185039154476177,45.34046259695484,-0.019518129484862905,48.142209528330675,2.8398883353287703,47.27363334471333,2.98841595460956,1.525060868063444
3879,0.10456117290490088,45.32938329799412,0.31004880654524114,48.14339441053795,2.730032689985369,47.27323838397758,2.5716713449951594,1.5261533851448121
3880,0.09192415507696593,45.26897345087806,0.31044376728101586,48.03353876519457,2.729242768513819,47.4929496746643,2.4784723466614254,1.5299557188659714
3881,0.0911155206416644,45.21774864037116,0.5313399401749928,47.70476175063597,2.7296377292495935,47.38309402932091,2.2217072922386447,1.5250577641475263
3882,0.10095114389122521,45.1520123366009,0.6423804677256182,47.37558977534159,2.729242768513819,47.4929496746643,2.0901597088309174,1.5125171704803397
3883,0.07720242235076676,45.10580414898477,0.6431703891971178,47.15587848465491,2.6193871231704677,47.492554713928556,2.0046903658655664,1.4820011876323331
3884,0.05577319941619405,45.09640509615256,0.533709704589541,47.045627878575736,2.6193871231704677,47.492554713928556,2.133024587419724,1.4718973958662365
3885,0.03025821284446758,45.05862441340495,0.20374780782366247,47.15429864171191,2.6193871231704677,47.492554713928556,2.439206935100167,1.4606655873925305
3886,0.057353542906294366,44.9761926532663,-0.12502920673494222,46.93340246881786,2.728847807778094,47.60280532000769,2.9313331764142543,1.4556585818068208
3887,0.09051605438424208,44.93601191271796,-0.4399825955421809,42.86755870890603,2.728847807778094,47.60280532000769,5.697722930518522,1.4459079568409305
3888,0.07449706118872783,44.929157775105324,,,,,,1.4496236202637411
3889,0.05219126435124456,44.928825915475215,,,,,,1.4614765147637372
3890,0.02371893838691482,44.9389038509278,-0.43958763480640634,42.75770306356264,2.8387034531214956,47.60320028074344,5.85030219210036,1.4628265129609967
3891,-0.05885694753791517,45.07578952308773,-0.4391926740706815,42.64784741821928,2.8387034531214956,47.60320028074344,5.94139083151305,1.4714295317887287
3892,-0.16654131915506945,45.2765062033354,-0.5486533586783081,42.53759681214017,2.8390984138572204,47.49334463540006,6.003024117897798,1.466789895013588
3893,-0.26486511813839336,45.433867841700135,-0.8801950983871857,43.08569015664974,2.8390984138572204,47.49334463540006,5.767197086477178,1.507955833095397
3894,-0.36372031360086887,45.55426774847172,-1.100696310545388,43.30461152586496,2.9485590984648473,47.603595241479184,5.905737071231224,1.5440881781508218
3895,-0.40084138935572794,45.59433338191119,,,,,,1.593057435616121
3896,-0.4742393486045709,45.453186880331046,-1.4476415189486302,48.1370750387659,2.730032689985369,47.27323838397758,4.26604917483942,1.6415836971109374
3897,-0.5922070695842684,45.1878945052173,-1.5578921250278064,48.246535723373526,2.620177044642017,47.27284342324183,4.290027818310801,1.7121686757852992
3898,-0.6995899377447505,44.88385149032548,-1.4464566367413563,47.8075081027358,2.511111320770165,47.0527371718193,4.028898521491738,1.7945625236683345
3899,-0.7458610795141768,44.66636465242691,-1.7574604181910976,42.64310788939024,2.4016506361624885,46.942486565740175,5.981877779184302,1.8915549309186823
3900,-0.81733241734296,44.66374241451769,-1.5420936955976672,43.85230990963877,2.1827292669472853,46.72198535358195,4.702057342894946,1.8528744222505826
3901,-0.8787238285895607,44.73973309393518,-0.8730858051436408,41.10828854046912,2.073268582339659,46.61173474750282,6.242509457770624,1.747913369827742
3902,-0.9336509360109015,44.78924307551326,-1.5432785778049412,44.181876845668874,-1.5432785778049412,44.181876845668874,0.0,1.7064317581442143
3903,-1.000113076058229,44.89075818729958,-1.543673538540666,44.29173249101228,-1.543673538540666,44.29173249101228,0.0,1.637437453537118
3904,-1.0599368203320636,45.076391931557716,-0.987680979315989,42.426161323853755,1.5251752378301262,46.28019300779394,4.600870199088945,1.5689396120321057
3905,-1.1023374313560423,45.1243456601317,,,,,,1.5039121970348899
3906,-1.144939606287611,45.13968147126334,-1.317247915346093,42.42497644164651,0.868016169448692,45.72854501666262,3.960927221008721,1.4962548933410444
3907,-1.1688447684390753,45.15390793424778,-0.11476022760534917,44.0771556898903,-0.11476022760534917,44.0771556898903,0.0,1.5044378054549998
3908,-1.1770434468028887,45.13653773671047,-1.3160630331388687,42.09540950561642,-0.11515518834112394,44.18701133523365,2.411841177473124,1.5144743446312583
3909,-1.159084751662317,45.099488702136675,-1.4267085999537195,42.31472583556738,0.7597403670482894,45.28872747455333,3.6912389294104844,1.5054593579527387
3910,-1.1642788946226315,45.11702450730104,-2.3126630559442254,44.28896776586201,-1.4263136392179445,42.20487019022406,2.264746783486183,1.5240789153809937
3911,-1.1488098153330006,45.125327650249396,-2.2024124498651494,44.17950708125435,-1.4271035606894442,42.42458148091076,1.9185587654216247,1.5364923917608029
3912,-1.1328296822823545,45.09282494650592,-1.4263136392179445,42.20487019022406,0.7601353277840144,45.17887182921003,3.6912389294104844,1.5432125800335488
3913,-1.113285870490494,45.07586818527174,-1.4263136392179445,42.20487019022406,0.7601353277840144,45.17887182921003,3.6912389294104844,1.5664802246658547
3914,-1.114206119197089,45.006936939977926,-1.4271035606894442,42.42458148091076,0.7601353277840144,45.17887182921003,3.5171194574517113,1.5896323871203377
3915,-1.0908192805566443,45.01252801092745,-1.4271035606894442,42.42458148091076,0.8699909731274158,45.17926678994581,3.5867721490366367,1.597680900305117
3916,-1.0844351519715651,44.99947070344851,-1.4271035606894442,42.42458148091076,0.7609252492555137,44.95916053852328,3.348366926195146,1.5973698991321108
3917,-1.0688678101751916,45.02061058090378,-1.427498521425219,42.53443712625416,0.7609252492555137,44.95916053852328,3.2662642615206146,1.604272485268686
3918,-1.0313404122013041,45.02904511543797,-1.427498521425219,42.53443712625416,0.7609252492555137,44.95916053852328,3.2662642615206146,1.630593842143434
3919,-0.9983662787780363,45.00978109216705,-1.4271035606894442,42.42458148091076,0.7609252492555137,44.95916053852328,3.348366926195146,1.6493209533450042
3920,-0.997714001900734,44.962145089808956,-1.4267085999537195,42.31472583556738,0.8699909731274158,45.17926678994581,3.6715696654567522,1.6843707075858965
3921,-0.9720235369929818,44.932398952249756,-1.5365642452971209,42.31433087483163,0.8699909731274158,45.17926678994581,3.741572639551075,1.708167593906739
3922,-0.9335345335111939,44.869060153562785,-1.3219874441751396,43.743244185766926,0.8699909731274158,45.17926678994581,2.6204828375001585,1.7056199491627149
3923,-0.9335701347346033,44.78300547013,-2.202807410600874,44.28936272659776,-1.4271035606894442,42.42458148091076,2.019684519184456,1.668678739152948
3924,-0.9413423046416463,44.71446048549911,-2.5331642681024773,44.507889135077185,-1.2077872307385162,42.53522704772566,2.376556332605201,1.6472009011136264
3925,-0.960759520922535,44.671078502107065,-2.4237035834948513,44.61813974115636,0.8695960123916908,45.289122435289116,3.360958197313959,1.6373522573473929
3926,-0.9663213247471605,44.66976040465377,,,,,,1.6166958203720398
3927,-0.960383930472768,44.62268833847084,-2.422123740551852,44.178717159782856,1.1995579091575197,45.18045167215306,3.7576654993645917,1.6162331881650958
3928,-0.9694438738505424,44.5810710623201,,,,,,1.6000753430167027
3929,-0.9597385822760518,44.51616167008108,,,,,,1.599893196911349
3930,-0.9292864894831182,44.45305974694441,,,,,,1.5785462930892027
3931,-0.9103548502967,44.38035624129756,,,,,,1.5208932134449527
3932,-0.8496352892668863,44.34607684342489,,,,,,1.5120524222689775
3933,-0.7974757044506167,44.2744792836184,,,,,,1.493892413484165
3934,-0.7432443426270398,44.22422867775628,,,,,,1.5079925964541945
3935,-0.7211754798382845,44.27865411950498,-1.5444634600121656,44.511443781698986,1.1999528698932944,45.07059602680968,2.800798497761642,1.5278423770220755
3936,-0.6499538715519808,44.31730841615229,-1.4350027754045387,44.62169438777813,1.1999528698932944,45.07059602680968,2.6729204878207646,1.521465797313929
3937,-0.5828252356775985,44.384223275246605,-1.3251471300611875,44.62208934851389,-0.8849346272162326,44.40395790077012,0.49129255658499293,1.5201201388755154
3938,-0.5662394063370099,44.423528651695285,-1.4346078146687644,44.51183874243473,-0.8849346272162326,44.40395790077012,0.5601596995523213,1.5406374323051146
3939,-0.5621378852553002,44.3977668962612,-1.6543191053555169,44.51104882096321,-1.1046459179029353,44.40316797929863,0.5601596995523213,1.5913493121235298
3940,-0.5760869951989367,44.39638822705818,,,,,,1.5973862688543865
3941,-0.6045290735353689,44.35202441493764,-2.210311664580194,46.37661998812175,1.0897022638141183,45.180056711417315,3.5102500769538025,1.5917422194587938
3942,-0.6243105468751269,44.310018358353204,-2.100061058501018,46.267159303514106,1.1995579091575197,45.18045167215306,3.473962983077189,1.5761505923644448
3943,-0.6311834257572115,44.33044268037906,-1.6479997335834713,42.753358495469335,-2.209916703844419,46.26676434277836,3.558057240879132,1.560387446421973
3944,-0.6090624193483858,44.31301536082,-1.758250339662597,42.86281918007699,-1.9898104524219418,46.1576986189065,3.303006297638956,1.5106329086867045
3945,-0.6038759141654798,44.259596608774864,-1.7578553789268228,42.75296353473359,-2.0992711370295183,46.04744801282738,3.3121281219605243,1.470138723876376
3946,-0.5614803735074133,44.21450248247221,-1.8787699248713166,45.82852664361214,1.3098085152366457,45.07099098754543,3.277330123581317,1.4479707844077507
3947,-0.545452607284394,44.1936625881736,-1.7574604181910976,42.64310788939024,-1.317247915346093,42.42497644164651,0.49129255658500637,1.40885681735221
3948,-0.5413708270165317,44.13201986786679,-1.5468332244267136,45.170577653759246,1.4204540820514966,44.85167465759443,2.9843748223286926,1.402953870766045
3949,-0.502735128045043,44.08102793483585,-1.8681059850059984,42.862424219341236,-1.3188277582891417,42.86439902302001,0.5492817766818381,1.4131909011199941
3950,-0.5179658179024327,44.02959703503056,,,,,,1.4237546595515638
3951,-0.5814680541470738,44.0364962098045,,,,,,1.438393417265452
3952,-0.5952782222921319,44.069066318622376,,,,,,1.4481791080133972
3953,-0.6036886852401075,44.099478276842035,,,,,,1.4441444987703487
3954,-0.5410913045638217,44.11831913558081,,,,,,1.4618039651504808
3955,-0.5059119762825843,44.16935363286677,,,,,,1.4814765090666988
3956,-0.4559763548243618,44.24434736315534,,,,,,1.4929664840380281
3957,-0.42556232876121114,44.28359319113943,-2.3154277810944985,45.05795728326559,0.9837962258283142,44.081105297247845,3.440802064990459,1.5021967503590667
3958,-0.4294386362452523,44.28855826628226,-1.9854658843286692,44.94928652012947,0.9837962258283142,44.081105297247845,3.093583054417321,1.504584315321082
3959,-0.45751721769378306,44.24222874564819,,,,,,1.5072765968002586
3960,-0.4589512599602064,44.188768675965065,,,,,,1.4843919533453034
3961,-0.5374964892484335,44.11220342934415,,,,,,1.4343052373181937
3962,-0.6221018073590889,44.031937312398334,,,,,,1.3726594101054088
3963,-0.6868637875027109,44.00805614261486,,,,,,1.297217784044365
3964,-0.7141567298831716,43.92741847138086,,,,,,1.2393435127076793
3965,-0.7627050693959101,43.900709746628934,-1.8740303960422693,44.5102588994917,0.8755204234279619,43.64128775513861,2.88359854323858,1.2105910566999052
3966,-0.800026666569859,43.853194447249265,-2.2039922928081483,44.618929662627856,0.8755204234279619,43.64128775513861,3.23097234106683,1.1774132889335551
3967,-0.8177833249807371,43.79083071306943,-2.314242898887224,44.72839034723549,0.7656647780845605,43.64089279440284,3.2662642615206208,1.152266705817999
3968,-0.8727901078209199,43.781883783805,-2.314242898887224,44.72839034723549,-0.1088358165690282,42.42932100973978,3.1858343047547253,1.137177004028578
3969,-0.9051698915943057,43.74561881067457,,,,,,1.137247436617912
3970,-0.9372207414098849,43.69391047957892,0.0029946324530467803,41.88043774375867,0.6558091327412092,43.64049783366709,1.8772262228817507,1.1495510601603771
3971,-0.9559764097069575,43.7080633397644,-2.7477410692244084,43.07897582414194,0.6558091327412092,43.64049783366709,3.4495595290531673,1.1529267179023728
3972,-0.9502737252318069,43.68379302089836,-2.205177175015422,44.94849659865797,0.5463484481336326,43.53024722758801,3.0955329966559364,1.1608443814109466
3973,-0.898172017690766,43.66994832077839,-2.9670573991753866,42.96833025732707,0.0018097502458227232,42.210004679788824,3.0641850192932227,1.1575476697307034
3974,-0.8222895752345222,43.655647240319,-2.85759671456781,43.078580863406195,0.11166539558917413,42.21039964052461,3.093583054417305,1.166043703205627
3975,-0.7565466093529906,43.63670383849413,-2.8579916753035346,43.18843650874957,0.11087547411767457,42.4301109312113,3.0641850192932374,1.1690744035557215
3976,-0.7004717795375908,43.641797588086746,-2.9682422813826608,43.29789719335717,0.4408373708835032,42.32144016807518,3.5461658728432073,1.17428379760614
3977,-0.64207952732616,43.63346709989263,-2.858781596775084,43.40814779943629,0.5506930162269046,42.321835128810925,3.578350507575494,1.1898455537263968
3978,-0.6349281607268598,43.643070121871766,,,,,,1.198631284076684
3979,-0.642653191008417,43.650404245713126,,,,,,1.2106226297167753
3980,-0.6003214981030279,43.64570194572729,,,,,,1.2173193233958843
3981,-0.5304289024173916,43.64100140752366,,,,,,1.2232901903149187
3982,-0.5287505238226344,43.64655508864083,,,,,,1.2430741078334953
3983,-0.5534254719771563,43.665541105693535,,,,,,1.2389857216372855
3984,-0.5563021489103953,43.66157485305937,,,,,,1.2178086676927133
3985,-0.57389614339446,43.65928084345811,,,,,,1.2058782631430893
3986,-0.5727919524807156,43.63925682035509,,,,,,1.1821682005576724
3987,-0.6088594823410138,43.63288879034423,-2.202807410600874,44.28936272659776,0.330981725540152,42.32104520733943,3.208482701066884,1.1684756738717599
3988,-0.6198560704548637,43.62459983748745,-2.4225187012875766,44.28857280512626,0.44123233161927816,42.21158452273185,3.537647566346717,1.1648888651816989
3989,-0.6457477267164686,43.635242211565306,-2.202807410600874,44.28936272659776,0.330981725540152,42.32104520733943,3.208482701066884,1.159437243787053
3990,-0.6632022610233788,43.627036816507555,-2.2032023713366486,44.39921837194111,0.5526678199056785,41.772556902094145,3.8071210892426626,1.162246176182456
3991,-0.6844158821764672,43.631824728643814,-2.0933467259932472,44.39961333267686,0.3317716470116515,42.10133391665272,3.3411506097759407,1.1683301275459155
3992,-0.725227882526151,43.67280208079615,-2.75287555878918,44.50709921360569,0.22152104093257544,42.210794601260346,3.7576654993645713,1.1609514364875149
3993,-0.7701641984424321,43.707671884966004,-2.863126164868356,44.61655989821333,0.11206035632489887,42.100543995181226,3.896417695807334,1.1499353958986616
3994,-0.7851889177384154,43.7242489662486,-3.083232416290784,44.72562562208521,0.11285027779639818,41.88083270449445,4.278760490074014,1.1439825217591348
3995,-0.8052744778720414,43.68880803949006,-2.972586849475933,44.50630929213419,-0.10686101289030456,41.88004278302292,3.887114655802391,1.1632032770873586
3996,-0.8334315587610521,43.601627896035644,-2.8611513611895827,44.06728167149648,-0.2167166582337059,41.879647822287176,3.432022254648654,1.1811012202217523
3997,-0.8317968915877733,43.49782815628616,-2.8599664789823085,43.737714735466376,-0.4360329881846336,41.76900225547237,3.122704340262574,1.1926427311391457
3998,-0.8515996261592077,43.40204230256494,-2.8568067930963106,42.85886957271946,-0.43642794892040854,41.878857900815674,2.611255756604807,1.2059668892622728
3999,-0.8756975396859015,43.33917958938823,-2.8564118323605356,42.74901392737606,-0.5454936727923102,41.658751649393224,2.5551936472632826,1.2280458040050406
4000,-0.8823881178336718,43.32751908206969,-2.7461612262814095,42.639553242768464,-0.5458886335280349,41.76860729473662,2.3663783143898924,1.2358688167913643
4001,-0.883657166824267,43.349295984314246,-2.7461612262814095,42.639553242768464,-0.6553493181356617,41.65835668865746,2.3095976084685015,1.2432817305717783
4002,-0.8974608463834087,43.37532233575614,-2.745766265545635,42.529697597425105,-0.5454936727923102,41.658751649393224,2.366378314389904,1.2520296567671416
4003,-0.9052311704328467,43.413968526622156,-2.745766265545635,42.529697597425105,-0.6549543573998869,41.54850104331407,2.3095976084685015,1.2563207094142628
4004,-0.9151127023683451,43.41312745857191,-2.6359106202022837,42.53009255816086,-0.7644150420074634,41.43825043723502,2.166706005952484,1.2710310037049832
4005,-0.9619267389452434,43.426177409940045,-2.4150144473082564,42.20131554360228,-0.8738757266151402,41.32799983115584,1.771380504020959,1.2841365083025875
4006,-0.9616090239698386,43.45372913262521,-2.305158801964905,42.20171050433803,-0.8742706873508648,41.437855476499244,1.622009648583623,1.2385822206190453
4007,-0.8966744456500133,43.46550626422456,-2.3071336056436795,42.75098873105484,-0.9837313719584916,41.32760487042009,1.9435573279011849,1.179246648677096
4008,-0.8451949925542217,43.43351249806985,-2.41777917245853,42.97030506100584,-0.8738757266151402,41.32799983115584,2.254063956075742,1.1764809544798236
4009,-0.765751397111672,43.34661372506461,-2.4185690939300297,43.1900163516926,-0.8734807658793653,41.21814418581249,2.5051103329097266,1.2173636735233793
4010,-0.6773637148207864,43.234158202293855,-2.529609621480705,43.51918832698692,-0.5447037513207607,41.439040358706514,2.8752159715987458,1.2497302472666547
4011,-0.6200197830696124,43.162014046691766,-2.3110832130012264,43.8495451844885,-0.5443087905850361,41.32918471336311,3.077939044899292,1.2750247526261858
4012,-0.6057117161913338,43.12999312334768,-2.750110833638907,43.73810969620213,-1.1042509571671606,44.29331233395528,1.7369814915385973,1.3029025173841127
4013,-0.6545434451898288,43.19208318340047,-2.529609621480705,43.51918832698692,-1.2145015632463367,44.40277301856288,1.5843708884034744,1.3018469436023552
4014,-0.6780238104179458,43.22194329865121,,,,,,1.3252141701524762
4015,-0.7196022171206434,43.27667445812045,,,,,,1.3430456762475513
4016,-0.7183287375774643,43.31491326584204,,,,,,1.328921098142695
4017,-0.7468433295219455,43.318233426621084,,,,,,1.3176449899505775
4018,-0.7829261733521252,43.36779762296411,-3.1887434935409127,43.516818562572425,-1.1046459179029353,44.40316797929863,2.2647467834861783,1.3212386688078885
4019,-0.7861828615661448,43.372310666061985,-3.1887434935409127,43.516818562572425,-1.8708707101562718,43.63141373674477,1.3228456928643144,1.3426120889918285
4020,-0.7570459666397041,43.369479039079984,-2.9698221243256597,43.73731977473062,-1.1046459179029353,44.40316797929863,1.9804636105043416,1.3382500715462045
4021,-0.7639226232328856,43.38589766573355,,,,,,1.3429762364407218
4022,-0.7713983748001735,43.38061700976558,-3.0800727304047855,43.84678045933823,-1.2145015632463367,44.40277301856288,1.9466595762090062,1.3409610172265354
4023,-0.7873245223219015,43.38196147203535,,,,,,1.3483389866130457
4024,-0.7808100428278385,43.37773000939281,,,,,,1.3418970214335022
4025,-0.7838673139200251,43.37267271392246,,,,,,1.3383305488248065
4026,-0.799497871678295,43.377071601482704,,,,,,1.342287611002302
4027,-0.8351465332940576,43.39486290953022,-3.1942729438414594,45.05479759737957,-1.9811213162353476,43.740874421352395,1.7883318998621416,1.3400853215445536
4028,-0.8572699372698471,43.419331327082574,,,,,,1.3468004791814079
4029,-0.8880729611036171,43.47624293553254,,,,,,1.373761603781274
4030,-0.9031363395477668,43.529735705524175,,,,,,1.3961406439827753
4031,-0.8815437661973777,43.56878466403683,,,,,,1.3831452019467263
4032,-0.8966543556639845,43.589587897099776,,,,,,1.376474216612068
4033,-0.9139349392195867,43.62064679943875,,,,,,1.3810924716124342
4034,-0.9252448575023329,43.652251146677976,,,,,,1.4142820375560572
4035,-0.9044375265554109,43.6632761686697,,,,,,1.4114594911484297
4036,-0.9191643402515395,43.70371248762648,,,,,,1.4266216798516949
4037,-0.925320308327847,43.727957014208556,,,,,,1.4387443778211775
4038,-0.9137815107924253,43.72718742751085,-2.9777213390407544,45.934432681597976,-2.3122680952085006,44.1791121205186,1.8772262228817451,1.439393237485773
4039,-0.8917219606790422,43.705895254320545,,,,,,1.4123166422867368
4040,-0.8796411695365081,43.69010078954119,-2.318982427716271,46.04665809135587,-1.984281002121396,44.619719584099364,1.4656665882071094,1.3714242490568869
4041,-0.8613175754012993,43.65263612158658,-2.4217287798160774,44.068861514439504,-1.6590586341845637,45.829316565083644,1.9185587654216247,1.334528354445233
4042,-0.8884757909885387,43.735791813851385,-1.8736354353065447,44.40040325414836,-1.108200564524708,45.391868787388965,1.2525551664548726,1.3227221799825948
4043,-0.9215617624977621,43.7794249475411,,,,,,1.3451875556378328
4044,-0.9549181906980285,43.75857627972357,,,,,,1.4080791137778754
4045,-1.020537954816144,43.74726729762793,,,,,,1.4433025423435637
4046,-0.9806872649266606,43.72249983908794,,,,,,1.386936561465593
4047,-0.9156232362029784,43.75161925595787,,,,,,1.3560662049213448
4048,-0.8380143114691038,43.773633974215464,,,,,,1.3357069008853557
4049,-0.7872534718380675,43.77875608940012,,,,,,1.3381471855242846
4050,-0.7908358848710297,43.84651578631314,,,,,,1.3605495865655222
4051,-0.7995603545419869,43.89077776828498,,,,,,1.370677354506537
4052,-0.7847576514243968,43.89682827011316,,,,,,1.346364977476466
4053,-0.7883137972110852,43.909188228257484,,,,,,1.3519490637096485
4054,-0.8004766449433199,43.93490670884024,,,,,,1.3428986354073311
4055,-0.8195696470486946,43.96532418783073,,,,,,1.3383480687383917
4056,-0.8610211488740219,43.96479719677828,-2.5331642681024773,44.507889135077185,-1.547623145898213,45.39028894444597,1.3228456928643155,1.3470706042296547
4057,-0.8895851388326189,43.97742658124166,,,,,,1.348599169961016
4058,-0.8988598898723008,43.96994509998998,,,,,,1.3585229067112488
4059,-0.9419992302347105,43.96613431309528,,,,,,1.3737241385405374
4060,-0.964075593170806,43.95478721323023,,,,,,1.3921462518160952
4061,-0.9556166624688373,43.96372805795586,,,,,,1.3903522014538234
4062,-0.9586172308361581,43.99694489957536,,,,,,1.3765372717315116
4063,-0.9619059976774884,44.095536639176665,,,,,,1.3764594634829195
4064,-0.8978874215608311,44.187190102124184,,,,,,1.3816535153217548
4065,-0.8103481305583576,44.24726336113519,,,,,,1.3942017003167662
4066,-0.6342550823447505,44.313258689378756,,,,,,1.4100581622586827
4067,-0.5522537113581345,44.35555606300378,,,,,,1.4621526177491744
4068,-0.4322732625703782,44.39164713188205,,,,,,1.4887055263982747
4069,-0.3062728444365142,44.43104645870821,,,,,,1.4863755368306641
4070,-0.25666430963971454,44.50772827240405,,,,,,1.4665365748490726
4071,-0.17886027774770197,44.5681961542668,,,,,,1.4183123566451432
4072,-0.19679824896201215,44.64466847987925,,,,,,1.3703543410711352
4073,-0.19079662957032745,44.67280352938209,,,,,,1.3260507887793953
4074,-0.20150976166823384,44.76703275581546,,,,,,1.269464123404734
4075,-0.24218580580434154,44.86062230633221,,,,,,1.238371956782876
4076,-0.2292046353058692,45.00416725432057,,,,,,1.2001458330107677
4077,-0.20866160227916575,45.14241277940155,,,,,,1.1875911359363016
4078,-0.18803450923869972,45.27404767753543,,,,,,1.1654517646805396
4079,-0.13110643606522127,45.41590660140868,-1.663008241542111,46.92787301851731,-0.5553676911861287,44.40514278297741,2.755183375040622,1.1555150066912525
4080,-0.048288153557227424,45.55239026360193,-1.7728638868854623,46.92747805778156,-0.5561576126576281,44.62485407366416,2.604313992201817,1.1658352087033677
4081,0.0015233981717932582,45.659798222150776,-1.9925751775722151,46.92668813631006,-0.5565525733933527,44.73470971900753,2.620482837500125,1.1704593605935294
4082,0.010802316293315474,45.75282676580619,-1.9925751775722151,46.92668813631006,-0.7758689033443308,44.62406415219265,2.604313992201817,1.205699467031272
4083,0.019640975412639722,45.81489032050271,-2.2126814289946926,47.03575386018191,-0.8861195094234569,44.733524836800264,2.657070756031409,1.2489549476781405
4084,0.024606680059311607,45.87329198674629,-2.322537074338044,47.035358899446166,-0.7762638640800554,44.73391979753603,2.7726490547060667,1.2801045078363678
4085,0.07687977240298996,45.892314010014864,-2.541853404289072,46.92471333263129,-0.7766588248158303,44.84377544287938,2.7287752572182953,1.3034264199701542
4086,0.10485199413309362,45.930517814278076,-2.432392719681395,47.03496393871042,-0.7770537855516049,44.953631088222764,2.659340786993108,1.3348244966813374
4087,0.17516230377014733,45.97467790446072,-2.651314088896648,46.814462726552215,-0.6671981402082536,44.95402604895851,2.7199155739058583,1.3663383643751825
4088,0.26510757979937677,46.00207637860517,-2.6501292066893742,46.48489579052208,-0.4482767709930003,45.17452726111676,2.562268493237598,1.4140429074355527
4089,0.41083065614955594,45.977613869584076,-2.6493392852178745,46.26518449983533,-0.22935540177779715,45.395028473275,2.5716713449951665,1.47588300460321
4090,0.606190640543337,45.97712399430735,-2.5406685220817975,46.59514639660119,-0.11949975643439589,45.39542343401074,2.7021090612174143,1.5419245719125574
4091,0.738550483024641,45.96452575930179,-2.540273561346023,46.485290751257835,-0.11989471717012067,45.50527907935409,2.6112557566047885,1.5829289423964166
4092,0.812161152366838,45.98624036225323,-2.3197723491877706,46.2663693820426,-0.12068463864162016,45.72499037004082,2.2647467834861796,1.6083379187141151
4093,0.8113264257447895,45.99173737022826,-2.322142113602319,46.925503254102814,-1.989415491686167,46.04784297356313,0.9386131114408586,1.6475590654225782
4094,0.845353946887231,45.983877159988864,-1.6602435163918379,46.158883501113756,-0.454991103500771,47.04207323195396,1.494207977304778,1.643315206243697
4095,0.9191967283962215,45.96691327590618,-1.7732588476211872,47.037333703124915,-1.330281619625959,46.05021273797765,1.0819596223314756,1.626534569717287
4096,0.9462607127997461,45.931485724391386,,,,,,1.625716788221149
4097,1.0265874130831354,45.882659903861395,-0.8932288026670522,46.71092645298086,-0.5608971414866749,45.94312181778455,0.8366410764789375,1.5977423715676358
4098,1.0952898439575984,45.831454858340926,-0.5597122592794008,45.613554881754446,-0.125424167470667,47.04325811416121,1.49420797730477,1.582077163844549
4099,1.1054671004157122,45.81870936281025,,,,,,1.5511680497653042
4100,1.0294642157520375,45.8527571788686,,,,,,1.4906261822055513
4101,0.9448006638362971,45.90616176885448,,,,,,1.420167098658531
4102,0.8841498702883326,45.956794311717715,-0.5597122592794008,45.613554881754446,-0.23369996987106934,46.60344057205201,1.0421888949231486,1.3868060177357644
4103,0.8494869769318791,45.991337713950614,,,,,,1.3804221508047279
4104,0.847654071979398,45.96768825298817,,,,,,1.3816862545148538
4105,0.8555051787947412,45.925516426166276,,,,,,1.3767362250992892
4106,0.9731419184584077,45.87904274301365,,,,,,1.382941753159399
4107,1.034064771993258,45.84178261210754,,,,,,1.3918865097588204
4108,1.083248870148082,45.81799863612008,,,,,,1.3979975019930388
4109,1.0954239976105777,45.79313869081939,,,,,,1.4214002779334816
4110,1.0928601032932084,45.75677256038952,,,,,,1.4485602143906688
4111,1.0537632793239962,45.705377608002884,,,,,,1.4778161028163563
4112,1.0430003106805632,45.63156284610545,,,,,,1.4959958803897477
4113,1.0223920078405295,45.54818031806728,,,,,,1.5045220390920553
4114,1.0216460183594365,45.43633012782165,-1.7677293973206407,45.49935466831779,1.855137134595955,46.17152224465787,3.6846941743874053,1.5092538967907472
4115,0.9636854211385028,45.34139314302832,-1.5488080281054375,45.71985588047605,2.8497623537225882,44.5272422111291,4.5573839829673695,1.443624959876137
4116,0.8606774335372791,45.26810403062141,,,,,,1.3655700568344804
4117,0.7994855739283355,45.1425348542627,-1.440532225705085,46.15967342258528,2.850552275194088,44.30753092044239,4.673739192777103,1.313265656916155
4118,0.6443100671639844,45.10930010081511,,,,,,1.3850034883792393
4119,0.6290767685454219,45.02192715831519,,,,,,1.4405248747357158
4120,0.6649533739852083,44.92242009952926,,,,,,1.4871366925552405
4121,0.7131721856109423,44.809636347612205,,,,,,1.5332317055630016
4122,0.8056278131793695,44.71006287624469,-1.220031013546883,45.940752053370026,0.31755306052456106,46.05613714901394,1.5419074243075457,1.5720857873180978
4123,0.9501486762578982,44.6237862840928,-1.2204259742826076,46.0506076987134,0.42819862733941183,45.83682081906297,1.6624283163445184,1.5961061829245444
4124,0.9777142840659864,44.63001149894421,-1.2204259742826076,46.0506076987134,0.4285935880751866,45.72696517371959,1.6804790986569935,1.6209588239939476
4125,0.9500731653061885,44.666045201019344,-1.5507828317842112,46.26913410719288,0.5384492334185879,45.72736013445534,2.158334927625253,1.5786807256980249
4126,0.9260311267634368,44.69388918165003,-1.4401372649693103,46.049817777241906,0.42819862733941183,45.83682081906297,1.880437903968823,1.5356461861556032
4127,0.9493308558844785,44.69256256868014,-1.330281619625959,46.05021273797765,0.42819862733941183,45.83682081906297,1.7713805040209671,1.4993556352963313
4128,0.9370396737413718,44.729298351971735,-1.2204259742826076,46.0506076987134,0.42819862733941183,45.83682081906297,1.6624283163445184,1.4524833861869237
4129,0.9459035405435927,44.76560729249518,,,,,,1.4123529133388997
4130,0.9743438500544742,44.797148323613875,-1.2208209350183823,46.16046334405678,0.09981657351658209,45.50606900082562,1.473877669754952,1.3989812104130137
4131,1.0050265789553163,44.800053995939194,-1.2204259742826076,46.0506076987134,1.307833711557872,45.62026921426224,2.5646224381467624,1.3805092760338231
4132,1.0122903480529992,44.81055240305194,,,,,,1.3779034816451416
4133,1.0193182543695596,44.78804922135008,-0.8900691167810042,45.83208129023393,0.2092772581242086,45.61631960690472,1.1203193991046574,1.4074176046451878
4134,1.061693073443126,44.78035565460167,-0.6699628653584768,45.723015566362065,0.09902665204508258,45.72578029151235,0.7689944873545884,1.445629875373071
4135,1.0390783708998668,44.79792759300776,-0.5601072200151255,45.723410527097826,-0.011223954034043514,45.83524097611994,0.560159699552336,1.4767495745405086
4136,0.9774022973298316,44.809498830177986,,,,,,1.487560290704347
4137,0.9525146301526493,44.80623566107687,-1.3306765803617338,46.160068383321025,-0.2313302054565709,45.9443066999918,1.1203193991046574,1.5040206564770506
4138,0.8930542442494476,44.81353125757747,,,,,,1.5143929202149253
4139,0.7966123634186915,44.80898600958311,-1.6598485556560634,46.049027855770376,-0.45143645687899836,46.05337242386367,1.2084199087000589,1.532319071293166
4140,0.6369905809157105,44.8319568075863,-1.6598485556560634,46.049027855770376,-0.45104149614327366,45.943516778520305,1.2134031047226015,1.577994165956096
4141,0.5350218426488292,44.83015473343076,-1.6590586341845637,45.829316565083644,-0.45104149614327366,45.943516778520305,1.2134031047226015,1.6228704993979663
4142,0.5005355120459232,44.819897754762415,,,,,,1.6475701118202286
4143,0.4868085177091244,44.79076620176795,-1.6606384771275624,46.2687391464571,-0.5601072200151255,45.723410527097826,1.228231391462449,1.6564737946980512
4144,0.4958188921773197,44.760909843557535,-1.8811396892858148,46.48766051567236,0.5376593119470384,45.94707142514207,2.4784723466614103,1.674569645070017
4145,0.35208794725951037,44.84689996314154,-1.883509453700363,47.14679438773259,-0.6703578260942514,45.832871211705445,1.7883318998621314,1.7344978324635534
4146,0.3113159326592419,44.87268257441608,,,,,,1.7781242767411498
4147,0.3314323419099507,44.85458746262201,,,,,,1.7973215508232
4148,0.37255258855387324,44.84146303897767,-2.5426433257605705,47.144424623318066,-0.6703578260942514,45.832871211705445,2.2859626733114693,1.8143931307199639
4149,0.41586388122242574,44.84110990549275,,,,,,1.8231432268378926
4150,0.497385547542573,44.81635877323931,-2.4327876804171695,47.144819584053835,-0.3411858507999223,45.943911739256045,2.4118411774731383,1.8209640949779404
4151,0.5542711364540877,44.87177614634839,-2.4327876804171695,47.144819584053835,-0.12265944232039386,46.27426859675766,2.4687145436308024,1.8255910124560073
4152,0.5784145467633115,44.93886511131728,-2.5422483650247965,47.034568977974644,0.20611757223821078,46.49516476965167,2.8007984977616367,1.8128788977488208
4153,0.5519119893164235,45.00813222067466,-2.6509191281609232,46.70460708120881,0.20572261150243604,46.605020414995025,2.8583770802457513,1.814718576454098
4154,0.5687948129870033,45.068012516644465,-2.5414584435532968,46.81485768728796,0.3155782568457874,46.60541537573078,2.864703263742611,1.8029607087404913
4155,0.4933818817205005,45.14892271956825,-2.5386937184030236,46.04586816988435,0.42503894145336396,46.715665981809906,3.038476655819462,1.824397976025092
4156,0.4779025242856877,45.15528375641311,-2.318587466980546,45.9368024460125,1.0861476171923459,46.168757519507594,3.412627162395258,1.8332188229621666
4157,0.4790664332176689,45.137968235950204,-2.318982427716271,46.04665809135587,0.42385405924613967,47.04523291783998,2.918955922637438,1.8196964664318334
4158,0.4693702558863156,45.11543848716218,-2.430812876738396,46.59554135733696,0.42385405924613967,47.04523291783998,2.889869515218823,1.8196779657023283
4159,0.46509595043211865,45.11494926835652,-2.4316027982098953,46.81525264802374,0.533709704589541,47.045627878575736,2.9742479698421898,1.8148654732890956
4160,0.4879268713004769,45.09595810501079,-2.322537074338044,47.035358899446166,0.42424901998186454,46.93537727249663,2.7486051323674987,1.782569397565631
4161,0.5013354129176391,45.01620736071729,-2.4327876804171695,47.144819584053835,0.31399841390278843,47.044837957104235,2.7486051323674774,1.7592159974984911
4162,0.5194876832385359,44.9502692364035,-2.212286468258968,46.92589821483857,0.20493269003093667,46.82473170568181,2.419335264443186,1.751170401061669
4163,0.5176399184645217,44.91657946581337,-2.3229320350738183,47.14521454478959,-0.014383639920091397,46.71408613886688,2.3484606437324675,1.7473001963199444
4164,0.49437402744436726,44.94594480169252,-2.213471350466192,47.255465150868694,-0.014383639920091397,46.71408613886688,2.264746783486179,1.739467459456849
4165,0.4708936081074118,44.97537444620036,-1.9941550205152139,47.36611071768352,-0.01398867918431671,46.6042304935235,2.121678631486373,1.764260646317182
4166,0.4905602802032752,45.03714344063913,-1.7744437298284614,47.36690063915502,0.09428712321603573,47.044048035632734,1.8964147238200855,1.753697594717459
4167,0.46541688456674446,45.113805879359504,-1.6641931237493353,47.25743995454744,-0.125424167470667,47.04325811416121,1.5536034762957094,1.7495019069572535
4168,0.47139484451106095,45.15326846869189,-1.1153098577682532,47.36927040356954,-0.12502920673494222,46.93340246881786,1.081959622331483,1.7560661169858918
4169,0.4674500631626615,45.20462898468342,-1.1153098577682532,47.36927040356954,-0.23448989134256867,46.82315186273878,1.0363827834797945,1.750111182844219
4170,0.4543426683405937,45.250496874740264,-0.7865328432096487,47.590166576463595,-0.125424167470667,47.04325811416121,0.8580055636621824,1.7517168000262793
4171,0.43518615972238567,45.29182690825999,-0.6774671193377968,47.810272827886074,-0.125424167470667,47.04325811416121,0.9450201012552815,1.7779088736516104
4172,0.43485715955526355,45.32057658239957,-0.8975733707603241,47.919338551757924,-0.2356747735498429,47.15271879876889,1.0128255519398157,1.7910248455613307
4173,0.43633951801485055,45.34507281048984,-1.0074290161036752,47.91894359102218,-0.23527981281406832,47.04286315342546,1.1677890756812104,1.7925652436880104
4174,0.4503642824138351,45.360440036815106,-1.0078239768394002,48.02879923636552,-0.1258191282064416,47.15311375950464,1.2428827810365628,1.7752576267737206
4175,0.4579500639389289,45.36411927265888,-1.0078239768394002,48.02879923636552,-0.1258191282064416,47.15311375950464,1.2428827810365628,1.7694751016087247
4176,0.4403112419929729,45.40831456001886,-0.45815078938681875,47.92091839470095,-0.2356747735498429,47.15271879876889,0.7997663388846046,1.7722113592707691
4177,0.39476045320134767,45.523359996203645,,,,,,1.7416878339922084
4178,0.376525338358464,45.54579361330355,-1.1149148970324785,47.259414758226214,0.8616967976765962,47.48623534215652,1.9895832148858026,1.7061427908411457
4179,0.395465471209903,45.57806563870625,,,,,,1.6853776477846267
4180,0.40530822358813384,45.60974190591684,,,,,,1.6545263831084678
4181,0.4723303014113354,45.647156336404436,,,,,,1.6285550446152017
4182,0.49365646705341154,45.672347598302395,,,,,,1.590318871364368
4183,0.5395389129207745,45.718890228926305,,,,,,1.5970085717137539
4184,0.5928952934903988,45.798684188432254,-0.0021398571117246298,43.30856113322249,3.612037538618327,46.39755290711667,4.7543820236695185,1.5970425694737422
4185,0.6527733066544632,45.902223580654514,-0.11239046319085068,43.418021817830116,3.172219996509147,46.505828709517,4.508127912151473,1.5860518327024276
4186,0.682684004121295,45.93333542208623,-0.2226410692699767,43.527482502437735,2.5138760459204383,46.28374765441574,3.8840086907392686,1.5732329734152188
4187,0.6635986926587673,45.8276148654314,-0.3324967146133281,43.527087541701995,1.4145296710152255,46.499509337744946,3.447809815763291,1.5612863838255746
4188,0.6953752297860091,45.71342319320066,,,,,,1.5882737093926274
4189,0.712947015886247,45.65315100822565,,,,,,1.605642765962708
4190,0.7369378000130444,45.650105957130364,,,,,,1.5710144925200846
4191,0.7607218781959572,45.696640385218,,,,,,1.4930075812760528
4192,0.7910146458156941,45.75679821920691,-0.663643493586431,43.965325240868175,1.0802232061560748,47.81659219965811,4.227685921912596,1.416552503338178
4193,0.8296204752591665,45.75237260744431,-0.6644334150579806,44.18503653155491,0.8597219939978726,48.03551356887335,4.141162050182355,1.352923390764322
4194,0.8946257663553219,45.73912782304756,-0.6652233365294801,44.40474782224165,0.42069437336009197,47.92407808058697,3.6830561684498853,1.2839000556223126
4195,0.9701372656492028,45.72114961199184,0.42187925556736616,47.59451114455686,2.2933748337621864,46.50266902363097,2.1667060059524768,1.2831064113174984
4196,1.0230287390794615,45.7022958891508,-0.5561576126576281,44.62485407366416,2.51150628150589,46.94288152647596,3.844972436772904,1.3092507090500434
4197,1.0433289504387595,45.711650109568865,0.42266917703886553,47.37479985387009,2.7304276507210936,47.16338273863423,2.3174223545712858,1.3418867064125655
4198,1.109491355447072,45.75157593134679,-0.5557626519218535,44.51499842832076,3.058809704543923,47.49413455687156,4.684056510393891,1.3913332702076107
4199,1.1700325906202793,45.77548287031837,-0.5557626519218535,44.51499842832076,3.498627246653203,47.38585875447118,4.967888531552591,1.4443055309468944
4200,1.232116875265769,45.84872344180229,-0.5565525733933527,44.73470971900753,3.7187334980756805,47.27679303059935,4.973958037214499,1.4649958800519172
4201,1.262808615362828,45.895141787173635,-0.5565525733933527,44.73470971900753,3.8289841041548067,47.167332345991746,5.015035871799482,1.4704008431285798
4202,1.2645013863519972,45.96408184108104,-0.5569475341291276,44.844565364350885,3.9388397494981575,47.16772730672751,5.06055181873793,1.4624164537811195
4203,1.2864650660090855,46.0479739119565,-0.7766588248158303,44.84377544287938,4.049090355577284,47.058266622119824,5.309597568083554,1.4822788124371085
4204,1.2400517823019324,46.07872969998203,-0.5569475341291276,44.844565364350885,4.049090355577284,47.058266622119824,5.1103872945265945,1.4862510749857623
4205,1.1960323554298213,46.11765708546486,,,,,,1.4789481680895613
4206,1.1820402309525666,46.17274832915843,-0.7766588248158303,44.84377544287938,3.499812128860477,47.056291818441075,4.81491770747598,1.444600908994728
4207,1.1769498243546659,46.2380384840419,-0.6675931009439784,45.06388169430189,2.2969294803839584,45.51396821554066,2.99849495777532,1.415693235241083
4208,1.1396420310633886,46.32892919777598,-0.8869094308950062,44.95323612748699,2.40678512572731,45.51436317627641,3.341150609775964,1.3854967290327251
4209,1.1839464495480698,46.35674569017272,2.077218189697206,45.513178294069164,2.947374216257573,47.93316217750929,2.5716713449951594,1.3923647662452636
4210,1.2442853426698417,46.33541948757793,-0.667988061679753,45.173737339645264,1.8582968204820027,45.29267708191088,2.529083226809482,1.3967478359158596
4211,1.2455675882634782,46.272261270862835,-0.3392110471211486,45.39463351253924,2.3992808717479903,47.601620437800406,3.5171194574517086,1.363198011435421
4212,1.2101324332387986,46.17409357704654,-0.6687779831512525,45.393448630331996,3.498627246653203,47.38585875447118,4.619195216937004,1.28656778233117
4213,1.0948117269523723,46.131705381025675,1.0893073030783933,45.28991235676061,3.3887716013098017,47.38546379373543,3.1110885368063683,1.2524539747216157
4214,1.034176262685631,46.14778689932459,,,,,,1.2891733909164573
4215,0.9603902703408287,46.167380665084956,0.8699909731274158,45.17926678994581,3.0599945867511975,47.164567620841474,2.9559322077544907,1.3113889687107054
4216,0.8111723165385609,46.15518112024786,0.8707808945989151,44.959555499259054,3.169455271358874,47.27481822692058,3.2625673002209816,1.3262439853575305
4217,0.72301918837405,46.17367787781727,0.7609252492555137,44.95916053852328,3.0595996260154728,47.274423266184826,3.2625673002209923,1.3272125703525763
4218,0.6460575746465052,46.181164566079836,0.5416089193045858,44.848514971708404,3.0599945867511975,47.164567620841474,3.4214567429030853,1.3566316644806449
4219,0.6190390686029179,46.21487700740724,0.43254319543268394,44.628408720285925,3.2801008381737247,47.055501896969574,3.7415726395510327,1.4182021399806555
4220,0.6042824107567717,46.24540958452723,0.32268755008933264,44.62801375955018,3.3895615227813014,47.16575250304876,3.9806825915449426,1.4572409313286725
4221,0.6042268877311312,46.28545235892244,0.32308251082510725,44.51815811420678,3.7187334980756805,47.27679303059935,4.374987111884559,1.5076228633995181
4222,0.6407135763947618,46.327067457480155,0.2128319047459813,44.62761879881443,4.048695394841509,47.168122267463254,4.600870199088932,1.5520949954237278
4223,0.6406184908034058,46.35865825924421,0.2128319047459813,44.62761879881443,4.048695394841509,47.168122267463254,4.600870199088932,1.5782534975749771
4224,0.6331820067152262,46.37514452706248,0.32308251082510725,44.51815811420678,4.159735922392184,46.83895029216892,4.4839698631658225,1.628762593198937
4225,0.6532220241265152,46.41722056299493,0.2132268654817559,44.51776315347102,4.269986528471261,46.72948960756127,4.620501365759075,1.656125111364912
4226,0.6276196762221885,46.46163805753174,0.32308251082510725,44.51815811420678,4.269986528471261,46.72948960756127,4.524161612720393,1.712291764214355
4227,0.6275901235641106,46.46848514981915,0.32308251082510725,44.51815811420678,4.490487740629563,46.51056823834604,4.619195216937004,1.7492064723033076
4228,0.5353848733689788,46.44016596583519,0.32308251082510725,44.51815811420678,4.381027056021886,46.40031763226694,4.473191073866282,1.763552665539043
4229,0.43103081540194427,46.4071112340337,0.21243694401025656,44.737474444157804,4.490882701365288,46.400712593002694,4.590365915523761,1.739699423516677
4230,0.4137160226488435,46.429769388355886,0.21243694401025656,44.737474444157804,4.491277662101062,46.29085694765929,4.552084697473925,1.7405125672460204
4231,0.40087280680244297,46.46840070102303,0.21164702253870712,44.957185734844536,4.381422016757662,46.29046198692354,4.377744746644264,1.7342068692262633
4232,0.41553662845922085,46.49404512414494,0.21164702253870712,44.957185734844536,4.381422016757662,46.29046198692354,4.377744746644264,1.7475159336774913
4233,0.3484125088767723,46.49688357890519,0.32150266788205845,44.95758069558028,4.271171410678535,46.39992267153119,4.2047869807414955,1.751542937538591
4234,0.35836669354458733,46.546571898860655,0.3222925893536079,44.73786940489356,4.3806320952861615,46.51017327761029,4.428451260052399,1.7895043602156555
4235,0.3099228136455159,46.542189608034334,0.3222925893536079,44.73786940489356,4.051065159256058,46.508988395403016,4.128027053763117,1.8196508073841375
4236,0.3332764410795312,46.50937075877871,-2.2071519786941463,45.4977748253748,4.050275237784508,46.72869968608975,6.377348303351013,1.8396224887479222
4237,0.39098345799290685,46.514460949937174,-2.426468308645124,45.38712925855994,3.9400246317054317,46.838160370697395,6.529756783213595,1.8750791977741292
4238,0.36069867826736124,46.454455125312016,-2.4260733479093495,45.277273613216515,3.829774025626306,46.94762105530497,6.475004782875788,1.8823034087355324
4239,0.2635465625159554,46.35999725479328,-2.7556402839394534,45.276088731009246,3.828194182683307,47.38704363667843,6.913971861213956,1.8767625691439076
4240,0.2377947772246425,46.33160338682154,,,,,,1.9094258934974622
4241,0.25017548010245805,46.318511798312954,,,,,,1.9287065120398528
4242,0.2696984278393806,46.31662133008156,-1.0030844480104033,46.71053149224511,3.608877852732329,47.27639806986361,4.646547239309784,1.9396054582020854
4243,0.2893655953447641,46.30165119743271,-1.0030844480104033,46.71053149224511,3.608877852732329,47.27639806986361,4.646547239309784,1.937157794530702
4244,0.28500970384604885,46.2875631024233,,,,,,1.9358676089714084
4245,0.27608808152585945,46.26075566237441,,,,,,1.9694217726172263
4246,0.2442947101094616,46.24613526660557,,,,,,2.0056137642118657
4247,0.17334052223968674,46.21266265868815,,,,,,2.008340815800769
4248,0.1514903188434752,46.175802138247484,,,,,,2.0374142221054794
4249,0.16079799985667909,46.136314845167156,,,,,,2.058983525874213
4250,0.16845352533581795,46.11439610627319,,,,,,2.0883803303476363
4251,0.18110772002990055,46.09789930857383,,,,,,2.141305427312918
4252,0.1331819630867551,46.0602044063086,-1.991390295364941,46.59712120027996,3.9412095139127064,46.50859343466727,5.9332602894466975,2.204505248106908
4253,0.14286336302846947,46.03010317572972,-2.1012459407082917,46.59672623954421,3.8325387507765796,46.17863153790142,5.948495939684413,2.272421571294544
4254,0.15656695775044455,46.03075940267835,-2.1008509799725177,46.48687059420086,4.052645002199056,46.06956581402954,6.167629697230197,2.2972107234022325
4255,0.16301413445194182,46.035353889682426,-2.1008509799725177,46.48687059420086,3.9419994353842056,46.288882143980516,6.046093000343084,2.3232167062011886
4256,0.16771205436420664,46.05733667480384,-2.210706625315919,46.48647563346511,3.831353868569355,46.50819847393152,6.042099543500287,2.3388293360739483
4257,0.16584626964003835,46.07284009168235,-2.211101586051693,46.59633127880846,3.6112476171468275,46.61726419780337,5.822386832827552,2.3825070651349987
4258,0.21081039384135136,46.093339113296004,,,,,,2.384476352116627
4259,0.2446195327457034,46.02613918626213,2.7312175721925924,46.94367144794746,3.830168986362081,46.83776540996165,1.1040427073201668,2.3745406205676485
4260,0.2754335441586549,45.99076936593062,2.4016506361624885,46.942486565740175,3.608877852732329,47.27639806986361,1.2525551664548713,2.3409984485965905
4261,0.27442805795565367,45.89656729483412,1.6338460009662035,46.61015490455983,3.1686653498873243,47.494529517607305,1.7713805040209651,2.2860446674014163
4262,0.24479000667173573,45.759931484090494,1.743701646309555,46.610549865295575,3.277731073759176,47.71463576902981,1.8900402025105387,2.257802129796134
4263,0.2609617572890883,45.72402510761319,1.9642028584678068,46.391628496080365,3.387191758366803,47.82488637510894,2.019684519184408,2.192254372677844
4264,0.3003336564419869,45.709510320730345,2.074848425282658,46.172312166129366,3.1678754284158246,47.714240808294036,1.8900402025105212,2.1368195324283903
4265,0.3730380680194467,45.72883300998517,2.294559715969411,46.17310208760087,3.3875867191025275,47.71503072976556,1.8900402025105212,2.0696753470568026
4266,0.4530994647000768,45.8093059541619,2.514271006656163,46.17389200907239,3.278520995230676,47.49492447834308,1.5261732633956158,2.0150840011460622
4267,0.4912182862531772,45.83537444153561,2.624126651999515,46.17428696980814,3.3887716013098017,47.38546379373543,1.4323516318712892,2.0173228150896314
4268,0.5399417696129263,45.891665005317876,2.9532986272938935,46.285327497358736,3.2789159559664505,47.385068832999686,1.1469340216634736,2.011904605090574
4269,0.5388055032996135,45.900393281605794,3.173009917980646,46.286117418830244,3.2793109167022254,47.27521318765635,0.9947916074429181,1.997660543280994
4270,0.5842637781441348,45.88577646580962,3.2828655633239974,46.28651237956602,3.3887716013098017,47.38546379373543,1.1040427073201533,1.9879053221615242
4271,0.6050831703503091,45.90373766629722,3.392721208667349,46.28690734030177,3.3883766405740268,47.49531943907883,1.208419908700074,1.9738847925346763
4272,0.6769581139491582,45.901147873003666,3.392721208667349,46.28690734030177,3.497837325181704,47.60557004515796,1.3228456928643155,1.9709828568297592
4273,0.8115433728125593,45.91134611164959,3.3939060908745735,45.95734040427166,3.498232285917428,47.49571439981458,1.5419074243075617,2.013260463603593
4274,0.891241135294411,45.932687675224194,3.3939060908745735,45.95734040427166,3.6076929705250556,47.60596500589371,1.6624283163445208,2.000929894549089
4275,0.9462580313235226,45.89802223544461,,,,,,2.0346205750485673
4276,0.9515702185621345,45.86744415545524,,,,,,2.0884474789317617
4277,0.8856217589951068,45.79701930420053,,,,,,2.1334985516493674
4278,0.7611636711397566,45.67372057400883,,,,,,2.2161882582566226
4279,0.7554341528156368,45.57337896654176,,,,,,2.312315248493523
4280,0.7355363002653186,45.48232373554934,,,,,,2.398534459787927
4281,0.7090482336264838,45.436787500506114,,,,,,2.4339913565227778
4282,0.6380106109209498,45.343218355847114,,,,,,2.4501902305680527
4283,0.5309163902376495,45.3093055175255,,,,,,2.4449134926988974
4284,0.4820828034829493,45.25568264930439,,,,,,2.42297574840486
4285,0.4593399181875145,45.276287097159155,,,,,,2.3980224080729022
4286,0.4062651607148928,45.30359791498905,,,,,,2.326028009704802
4287,0.3692540485118666,45.31754355259699,,,,,,2.2457063597011455
4288,0.3285961886472515,45.33768925034131,,,,,,2.16286975379161
4289,0.295164006496953,45.35982956511043,,,,,,2.0812456479641193
4290,0.262709254848184,45.440687205292335,,,,,,2.0286000912935056
4291,0.3122949423846487,45.49903400759744,,,,,,2.0324252291213853
4292,0.37049308170843726,45.55959464529761,,,,,,2.028912360499231
4293,0.42073328065081705,45.63477985498788,,,,,,2.0206800244067256
4294,0.5383055357167694,45.72647841141682,2.623336730528015,46.39399826049489,3.941604474648431,46.39873778932392,1.3182762640364265,2.0485346395070043
4295,0.5920291604976601,45.76559665521283,2.8434429819505422,46.284932536622996,4.051460119991782,46.399132750059664,1.2134031047226044,2.058298419474705
4296,0.678334043783854,45.82454282398591,,,,,,2.0495439101969644
4297,0.7835830911312696,45.8221515289053,,,,,,2.064740795786198
4298,0.8682798219098666,45.841756420171144,,,,,,2.07787752467183
4299,0.9081745566871986,45.825830310298436,,,,,,2.102353813841504
4300,0.920859467677029,45.80218229771072,-0.45459614276504623,46.932217586610605,2.1874687957763324,45.40371760946156,3.0523465267911907,2.1317772150392953
4301,0.9699269838888602,45.7806378344812,-0.45459614276504623,46.932217586610605,2.1878637565121064,45.29386196411813,3.109148350439435,2.1947150989126407
4302,0.9680750577569017,45.75067933610795,-0.5644517881084475,46.93182262587486,2.1878637565121064,45.29386196411813,3.202835616547011,2.221268987636606
4303,0.9173909015650582,45.732095336806545,-0.5644517881084475,46.93182262587486,2.297719401855458,45.29425692485388,3.297521091034808,2.213494855467872
4304,0.8345754332975047,45.68768309507411,-0.8928338419312773,46.601070807637484,2.297719401855458,45.29425692485388,3.447809815763303,2.2387646028670236
4305,0.7545049951156274,45.647501087578824,,,,,,2.276779651862003
4306,0.6620956241710272,45.63707507286138,,,,,,2.2611646472429294
4307,0.615689498441241,45.62564582423571,,,,,,2.225589377557703
4308,0.5823769679032853,45.63564209036825,,,,,,2.2039391728876048
4309,0.5293423248611192,45.6244532962894,,,,,,2.1350122882149436
4310,0.5075199421314508,45.61991731973775,,,,,,2.0527699219690816
4311,0.5236665955876425,45.677174309797955,,,,,,1.9316283192120425
4312,0.5423628784764947,45.70258053365918,-1.4417171079123092,46.48924035861538,1.530309727394898,44.852069618330184,3.3931212095402943,1.849336309765532
4313,0.55868212021363,45.72649507293544,-1.5515727532557104,46.488845397879636,2.4111296938205826,44.30595107749937,4.524161612720378,1.8130676904624872
4314,0.623496796756707,45.726976712306325,-1.7708890832066886,46.378199831064755,3.1816990541671903,43.86929322127614,5.551823271241371,1.8273743336617239
4315,0.659914562188487,45.717062071142415,-1.7708890832066886,46.378199831064755,3.729792398676723,44.20083496098501,5.915945785974789,1.8643291172764975
4316,0.703477105155053,45.69894782603687,-1.7712840439424133,46.48805547640811,4.277095821714855,44.75208799138067,6.292573567973661,1.9250728172514593
4317,0.7528992546242722,45.683075837496546,0.7617151707270632,44.73944924783655,4.604292993330412,45.412406745648134,3.9010608962978246,1.9927609784727507
4318,0.7294941730431148,45.68298460406423,-1.7708890832066886,46.378199831064755,4.492857505044062,45.85143436628584,6.285857393920602,2.0282782647838284
4319,0.7289727458997423,45.646695265797945,0.5431887622475847,44.409092390334926,4.271171410678535,46.39992267153119,4.2262583730210075,2.0552098913855326
4320,0.779772001402733,45.63112828437864,0.5443736444548589,44.07952545430483,4.050275237784508,46.72869968608975,4.394254213454759,2.0814654540109543
4321,0.7961554338462793,45.60279833459592,0.32466235376810626,44.07873553283333,4.15934096165641,46.94880593751225,4.789787485224154,2.111046691419978
4322,0.783123337294544,45.58887996402217,-0.004509621526223137,43.96769500528267,4.0494853163130085,46.94841097677647,5.031852805751032,2.1456096372937195
4323,0.6639297541228102,45.57742441441291,-1.6618233593348368,46.59830608248721,3.939629670969658,46.94801601604073,5.612358959326575,2.168080154659376
4324,0.5295009261683256,45.57924665836737,-1.6618233593348368,46.59830608248721,4.159735922392184,46.83895029216892,5.826530880920045,2.1416559233212946
4325,0.45795764668050803,45.58520334506997,-1.880349767814315,46.2679492249856,4.159735922392184,46.83895029216892,6.067015523613011,2.1408119840127813
4326,0.3736353650105741,45.56593805765799,-1.7693092402636899,45.93877724969125,4.159735922392184,46.83895029216892,5.996989915550643,2.1686722360701216
4327,0.20511097465438732,45.53233253737671,-1.9890205309504423,45.93798732821975,4.050275237784508,46.72869968608975,6.090838974652687,2.1366401582884915
4328,0.03455544643433783,45.49441438167758,,,,,,2.136051893852754
4329,-0.0790740592845999,45.48657939395967,-2.4300229552668964,46.37583006665026,4.050275237784508,46.72869968608975,6.489898430575697,2.1779270185222774
4330,-0.20922150235422313,45.47270202112945,,,,,,2.255066813358115
4331,-0.32637941041521734,45.44799939293255,-2.7603798127685,46.594356475129686,4.049880277048784,46.83855533143315,6.814636862840014,2.3065754303194494
4332,-0.4516584163709781,45.39862351646891,-2.6505241674251487,46.59475143586543,4.053039962934781,45.95971016868616,6.733576275714796,2.3811759983899314
4333,-0.42362170938050026,45.41404013273835,-2.6505241674251487,46.59475143586543,3.9427893568557053,46.06917085329379,6.614228464321505,2.4020779485918045
4334,-0.30398113645713387,45.42487483765323,-2.6509191281609232,46.70460708120881,3.8329337115123536,46.068775892558044,6.514954255173205,2.4261964650584544
4335,-0.3089962806445573,45.34313346649387,-2.6505241674251487,46.59475143586543,3.7230780661689526,46.06838093182228,6.395300723156205,2.404453919472577
4336,-0.11836635739531638,45.28280216206546,-2.7603798127685,46.594356475129686,3.946738964213202,44.970614399860125,6.900868105937209,2.4998097479300077
4337,-0.10557692132327803,45.19940506493696,-2.7603798127685,46.594356475129686,3.946738964213202,44.970614399860125,6.900868105937209,2.534429001947396
4338,-0.05048699230637951,45.11167619411223,-2.759984852032726,46.484500829786334,3.830563947097805,46.72790976461825,6.595042182069582,2.557337418454545
4339,-0.006897622553859702,45.05220383091778,-2.869840497376127,46.48410586905059,3.9392347102339325,47.05787166138408,6.833206594809034,2.551321166851442
4340,0.1580982894128112,45.05713995693193,-2.8702354581119014,46.59396151439394,3.7195234195471794,47.057081739912576,6.606012595277933,2.5883377725304557
4341,0.39969800020938545,45.14091200650874,-2.869840497376127,46.48410586905059,3.180119211224192,44.308715802649644,6.429178362487891,2.630534355594275
4342,0.395182893025744,45.18238271968338,-2.869840497376127,46.48410586905059,2.4107347330848072,44.415806722842724,5.6711847195063125,2.5784647629776813
4343,0.30973832901977344,45.21141539814867,-2.8702354581119014,46.59396151439394,2.3000891662699567,44.63512305279372,5.528951513635604,2.5153197195532826
4344,0.1543804770578189,45.243269839484405,-2.759984852032726,46.484500829786334,2.630051063035835,44.5264522896576,5.734670108317412,2.4560391588924975
4345,0.0904214423836928,45.305414278574354,-2.6505241674251487,46.59475143586543,3.3994355411751194,44.419361369464525,6.429178362487901,2.4291643942467576
4346,0.06257406533743003,45.36755323469426,-2.7595898912970007,46.37464518444298,3.946344003477478,45.0804700452035,6.829673395713039,2.423079198455689
4347,0.1274171802880253,45.478373071357964,-2.649734245953649,46.37504014517873,4.384186741907934,45.52147246951998,7.08552201608385,2.450528873794646
4348,0.10079338788969862,45.521093183868715,-2.5406685220817975,46.59514639660119,4.3833968204364355,45.74118376020671,6.976527291698887,2.4267762650797766
4349,-0.029229643321126583,45.55249705389425,-2.430812876738396,46.59554135733696,4.053829884406331,45.73999887799943,6.540836695226184,2.341838770013843
4350,-0.2517342156215634,45.54187618919142,-2.4304179160026216,46.485685711993604,3.2820756418524986,46.50622367025277,5.7125304774911845,2.1847224757247132
4351,-0.3601678151812985,45.45192796807957,-2.320957231395045,46.59593631807271,2.8402832960644946,47.16377769936998,5.192383616086557,2.029356935521376
4352,-0.32604481314015826,45.355603121182895,-1.8819296107573638,46.707371806359085,1.9594633296387605,47.70989624020076,3.97005729970921,1.8336023489192728
4353,-0.3772765228699216,45.283408700043594,-1.8811396892858148,46.48766051567236,0.31202361022401487,47.594116183821114,2.4564627829249246,1.594424437655061
4354,-0.37350230373609317,45.24506779375226,-1.771679004678188,46.59791112175146,-0.782978196587876,46.60146576837325,0.9887071980273235,1.4722189780664283
4355,-0.3407119826860017,45.147847752114195,,,,,,1.519124636673407
4356,-0.334198881939317,45.12264668018355,-2.2118915075231924,46.81604256949524,-1.87324047457077,44.29054760880501,2.5480991579197463,1.5622244108136316
4357,-0.44462257231346636,45.0939395427582,-2.2118915075231924,46.81604256949524,-0.671147747565751,46.05258250239218,1.719523948047449,1.6065051379012016
4358,-0.5483653113551243,45.122919303110514,-2.320957231395045,46.59593631807271,-0.4522263783504978,46.2730837145504,1.8964147238200855,1.6595225176126254
4359,-0.5483424326214813,45.11680723343647,-2.3197723491877706,46.2663693820426,-0.45301629982199715,46.492795005237156,1.880437903968823,1.7017801613501757
4360,-0.4835227568771866,45.08863366563694,-2.3118731344727257,44.06925647517526,-0.12305440305616848,46.38412424210105,3.1858343047547253,1.7563879069291222
4361,-0.45655197996852376,45.074267094225,-1.9909953346291662,46.487265554936606,0.09626192689480949,46.494769808915926,2.087270751391015,1.8205628587332598
4362,-0.4377113448831696,45.0522244239208,-1.7728638868854623,46.92747805778156,1.1940284588569734,46.718430706960184,2.9742479698422146,1.9049108719427241
4363,-0.43759536588803344,45.0124411995348,-1.771679004678188,46.59791112175146,1.632661118758929,46.939721840589925,3.421456742903067,1.9907502644756454
4364,-0.3673022288688419,45.019301126498,-2.8591765575108092,43.518003444779666,2.07168873939666,47.05115732887628,6.066020849366857,2.0455449211611128
4365,-0.3304605660958833,45.051020048362524,,,,,,2.049117664112786
4366,-0.32036397732953725,45.078446084766334,-2.430812876738396,46.59554135733696,2.6197820839062422,47.38269906858516,5.111567931551577,2.089723739146097
4367,-0.30275793125660216,45.100457755502006,-2.320957231395045,46.59593631807271,2.7304276507210936,47.16338273863423,5.083156958768793,2.137574559335989
4368,-0.29140460906142424,45.11085718661803,-2.858781596775084,43.40814779943629,3.169850232094599,47.16496258157723,7.103383632845151,2.2106569738066097
4369,-0.2883306356444647,45.15370319944786,-2.858781596775084,43.40814779943629,3.499417168124703,47.166147463784505,7.385746611630642,2.2523574688353527
4370,-0.25135219552775284,45.106384747195726,-2.7489259514316826,43.40854276017205,3.6092728134680536,47.16654242452025,7.385746611630636,2.2244289800932444
4371,-0.21734944456612942,45.111252678555566,-2.748530990695908,43.298687114828674,3.6084828919965544,47.38625371520693,7.557765954121133,2.2464659094785753
4372,-0.16777412035461037,45.13006424639582,-2.7481360299601336,43.188831469485315,3.608877852732329,47.27639806986361,7.55776595412115,2.257138176769874
4373,-0.14715282551412867,45.16901069541544,-2.7481360299601336,43.188831469485315,3.6096677742038286,47.05668677917683,7.441906604422735,2.2710867588190156
4374,-0.15340285545570267,45.206529402538216,-2.748530990695908,43.298687114828674,3.720313341018679,46.837370449225894,7.373481316793075,2.274620649842207
4375,-0.15706469477191676,45.22966760923165,-2.748530990695908,43.298687114828674,3.6092728134680536,47.16654242452025,7.441906604422751,2.289825142392842
4376,-0.1882586782581951,45.204876677374585,-2.8579916753035346,43.18843650874957,3.3891665620455766,47.2756081483921,7.465383985728851,2.3136319488144834
4377,-0.16712607230292306,45.1904890354196,-2.8579916753035346,43.18843650874957,3.4990222073889776,47.27600310912785,7.557765954121156,2.3317385136177156
4378,-0.15460440897357391,45.20108332584854,-2.8579916753035346,43.18843650874957,3.498627246653203,47.38585875447118,7.61741147817662,2.3581961442014774
4379,-0.16649467928800307,45.203228939123846,-2.748530990695908,43.298687114828674,3.6080879312607794,47.496109360550335,7.6174114781766304,2.3721264717746515
4380,-0.23484617162620863,45.2148124518499,-2.8579916753035346,43.18843650874957,3.497837325181704,47.60557004515796,7.740002000120702,2.3535255067916694
4381,-0.19250115132596043,45.24746144057388,-2.8579916753035346,43.18843650874957,3.6076929705250556,47.60596500589371,7.830685535914716,2.3679138164943083
4382,-0.18881778252120338,45.26289220022846,-2.8579916753035346,43.18843650874957,3.6076929705250556,47.60596500589371,7.830685535914716,2.368172957012861
4383,-0.16502170401563596,45.278441715809095,-2.8579916753035346,43.18843650874957,3.827799221947532,47.49689928202183,7.953782206625864,2.385385196262375
4384,-0.18413799661437844,45.27989174884251,-2.8579916753035346,43.18843650874957,3.498232285917428,47.49571439981458,7.6781655280449,2.375521485026993
4385,-0.17190539216188605,45.273873936752786,-2.8579916753035346,43.18843650874957,3.6092728134680536,47.16654242452025,7.5928148038007395,2.3867421264347635
4386,-0.11527644785891439,45.29959521014944,-2.748530990695908,43.298687114828674,3.7195234195471794,47.057081739912576,7.4807257677129595,2.410609194215891
4387,-0.11600235753715639,45.32033598039083,-2.748530990695908,43.298687114828674,3.939629670969658,46.94801601604073,7.618995633643086,2.4177825986416885
4388,-0.14796928983413837,45.30961254787244,-2.6374904631452822,42.96951513953431,3.939629670969658,46.94801601604073,7.686805479712785,2.395491988529626
4389,-0.13019259245937104,45.32434491754892,-2.6374904631452822,42.96951513953431,3.9392347102339325,47.05787166138408,7.7438990861136086,2.3987151070558514
4390,-0.0874928718887368,45.350731636943536,-2.748530990695908,43.298687114828674,4.049880277048784,46.83855533143315,7.664793719098021,2.420587544738069
4391,-0.08057483747426193,45.349151855383695,-2.6374904631452822,42.96951513953431,4.1605258438636845,46.61923900148215,7.715796133830321,2.4355389816626656
4392,-0.09762933569043723,45.34764108528186,-2.6374904631452822,42.96951513953431,4.1605258438636845,46.61923900148215,7.715796133830321,2.4451467400089997
4393,-0.0669520985345079,45.33847659286809,-2.748530990695908,43.298687114828674,4.159735922392184,46.83895029216892,7.762577864813885,2.4489541098778553
4394,-0.038932758946512734,45.30324255145717,-2.748530990695908,43.298687114828674,3.9392347102339325,47.05787166138408,7.6718758153136415,2.448630530102373
4395,-0.08019247709708575,45.240562701701975,-2.7477410692244084,43.07897582414194,3.9388397494981575,47.16772730672751,7.837617733192525,2.428491670994254
4396,-0.13696489655231808,45.11363042617463,-2.7477410692244084,43.07897582414194,3.6076929705250556,47.60596500589371,7.802895160471105,2.4156178396484753
4397,-0.1376033177464149,45.02137125597707,-2.638675345352557,43.29908207556442,3.1686653498873243,47.494529517607305,7.164285392803199,2.3044038716942534
4398,-0.1832840307676777,44.920511239858904,-2.638280384616782,43.18922643022107,2.7304276507210936,47.16338273863423,6.679591629164302,2.137248470798418
4399,-0.3275056329393222,44.81062023823495,,,,,,1.9222831480985845
4400,-0.5170634261249076,44.75123038290534,-1.978751551820849,43.08174054929221,2.8434429819505422,46.284932536622996,5.789127657016587,1.7884606242650165
4401,-0.5527437753501155,44.69259573409762,-1.8688959064774975,43.08213551002797,2.7347722188143653,45.95497063985714,5.426503652538054,1.7156405840596545
4402,-0.651623608030652,44.62437248858477,-1.7594352218698213,43.192386116107095,2.405995204255811,45.734074466963136,4.879650633782182,1.6262841639984373
4403,-0.7998997117456658,44.619195420007934,-1.7594352218698213,43.192386116107095,1.6377956083237508,45.51159845112617,4.113383421044335,1.5461883454315148
4404,-0.8429231005324859,44.59521878174778,-1.7586453003983218,42.97267482542034,1.4192691998442224,45.181241593624556,3.870001000060354,1.5053297980032874
4405,-0.9400359028928391,44.60830185194049,-1.7586453003983218,42.97267482542034,1.311783318915419,44.52171276082855,3.439047896094898,1.4798514520592196
4406,-1.0631716856783417,44.66860261745355,-1.5389340097116189,42.973464746891864,1.425588571616268,43.42355126813066,2.9984949577753053,1.5009067026230705
4407,-1.1860797147057742,44.73769118771745,-1.5397239311831188,43.19317603757862,1.209431927551388,42.43406053856882,2.852036864497171,1.5073405576691776
4408,-1.2280350942835487,44.7856674114665,-1.3200126404963661,43.19396595905011,0.991300479807634,41.99384803572384,2.604313992201851,1.5285098709821183
4409,-1.1951167377283471,44.779452569605326,-1.20976203441729,43.08450527444249,0.7727740713281057,41.663491178222245,2.439206935100167,1.5233456268922965
4410,-1.136340000320007,44.820959274960444,-3.1942729438414594,45.05479759737957,0.663313386720529,41.553240572143096,5.2097863582608825,1.5241713048912662
4411,-1.113241789136392,44.848073075202095,-3.1938779831057342,44.944941952036196,0.44320713529800176,41.66230629601499,4.899396392280959,1.5103479956034462
4412,-1.158965310093315,44.87032295184434,-3.1938779831057342,44.944941952036196,0.3325615684831509,41.881622625965946,4.6711563027247855,1.536782683943619
4413,-1.2153561829424442,44.89906357117107,-1.5393289704473938,43.08332039223524,0.3325615684831509,41.881622625965946,2.224421657688609,1.5762607577648968
4414,-1.272436553701929,44.91114478873239,-1.4282884428967184,42.75414841694086,-1.4282884428967184,42.75414841694086,0.0,1.5972708979904413
4415,-1.2967331099386714,44.89961636567781,-1.4278934821609937,42.64429277159751,0.11206035632489887,42.100543995181226,1.6331321307603053,1.6010503162184198
4416,-1.3472774696129761,44.907979517592594,-1.427498521425219,42.53443712625416,0.11206035632489887,42.100543995181226,1.5995326777692236,1.5881775449649158
4417,-1.406581497700282,44.88161004265044,-1.5365642452971209,42.31433087483163,0.0018097502458227232,42.210004679788824,1.5419074243075432,1.5723074025733128
4418,-1.44266402795775,44.835220764901436,-1.6472098121119714,42.53364720478264,0.0010198287743231555,42.42971597047553,1.65150314881948,1.5573337998763472
4419,-1.4689139863699812,44.81037569370048,-1.7570654574553228,42.533252244046885,0.11087547411767457,42.4301109312113,1.8707863197755368,1.5477397311970715
4420,-1.50239155674881,44.804887180179094,-1.7574604181910976,42.64310788939024,0.00022990730277375594,42.64942726116228,1.757701685381912,1.5396377725202683
4421,-1.5069529283926317,44.821763297258755,,,,,,1.5324464622941945
4422,-1.497931788453245,44.81532495705631,,,,,,1.529489544254831
4423,-1.4863027153056847,44.84354602719597,,,,,,1.5112094742815037
4424,-1.5011862387090082,44.87607842354402,-3.1930880616341852,44.725230661349464,0.10771578823162677,43.308956093958265,3.5918156558387264,1.495012991120719
4425,-1.5227897836649773,44.90102812893621,-1.8677110242702242,42.75256857399784,0.10732082749585206,43.41881173930164,2.0843777898463114,1.4857218815129773
4426,-1.4438872489529686,44.88156113447141,-1.9775666696135752,42.75217361326209,-0.0033247393189989338,43.63812806925257,2.1639192446629782,1.535895166677559
4427,-1.4131980931676535,44.86909572727552,-3.1934830223699597,44.835086306692816,-0.8837497450089586,44.074390964740026,2.431774088154031,1.586937195415185
4428,-1.390073691827477,44.856640186530065,-1.8681059850059984,42.862424219341236,-0.8837497450089586,44.074390964740026,1.5613521701312725,1.6344021778409528
4429,-1.3683957090275822,44.83588084457673,-1.8681059850059984,42.862424219341236,-0.8837497450089586,44.074390964740026,1.5613521701312725,1.664365092695749
4430,-1.3083428254137257,44.809267417479674,,,,,,1.7033988493693724
4431,-1.2412623105445928,44.76836539378826,,,,,,1.744400660502617
4432,-1.2295062846184266,44.76150319602191,-1.7586453003983218,42.97267482542034,-0.3324967146133281,43.527087541701995,1.53012197184125,1.783247889955535
4433,-1.1801044245149606,44.75473989855197,-1.7590402611340963,43.082530470763714,-0.33289167534910297,43.63694318704532,1.53012197184125,1.8064894714307627
4434,-1.0677165538551545,44.69408290846184,-1.5389340097116189,42.973464746891864,-0.3324967146133281,43.527087541701995,1.3273993920208713,1.8539420967700935
4435,-0.9414770236829577,44.64407547526637,-1.4294733251039924,43.083715352971,-0.0021398571117246298,43.30856113322249,1.444934757609408,1.9256732707915254
4436,-0.8130524874272812,44.57520670334184,-1.3200126404963661,43.19396595905011,0.3278220396541542,43.199890370086415,1.6478453300455294,1.9740123621946153
4437,-0.7221814622397082,44.54229819600001,,,,,,1.9947186630016704
4438,-0.7111989793553296,44.58091361313878,,,,,,1.9664062388615478
4439,-0.6933435177649373,44.61660457778515,-3.1934830223699597,44.835086306692816,-0.8829598235374589,43.85467967405327,2.5099232294368403,1.8763830079313548
4440,-0.6783328091761978,44.65594786734335,,,,,,1.7954230168170464
4441,-0.6636153538364415,44.68889189070721,,,,,,1.8235699987392624
4442,-0.658787514854159,44.64609132865428,-1.8819296107573638,46.707371806359085,0.21717647283925337,43.41920670003739,3.9010608962977997,1.9006588144154188
4443,-0.5989355243033724,44.578216099988175,-1.8819296107573638,46.707371806359085,-0.0017448963759498933,43.19870548787914,3.9806825915449338,1.9803170648808996
4444,-0.6472496193398323,44.57921649568268,-1.771679004678188,46.59791112175146,-0.4391926740706815,42.64784741821928,4.168755579692614,2.02360398370372
4445,-0.702665756669169,44.6047937196982,-1.8811396892858148,46.48766051567236,-0.43761283112763255,42.20842483684582,4.516151878000324,2.0257764838745627
4446,-0.7103541854563636,44.56058259741645,-2.75366548026068,44.726810504292466,0.11206035632489887,42.100543995181226,3.887114655802391,2.0270278677628277
4447,-0.6786599173008272,44.47532191324554,-2.863126164868356,44.61655989821333,0.3333514899546504,41.66191133527925,4.352863141454291,2.066612812496354
4448,-0.6787174624499613,44.427373294533766,-2.863126164868356,44.61655989821333,0.7731690320638803,41.553635532878836,4.754382023669513,2.067240543708373
4449,-0.692777445582129,44.39588615581092,-2.863126164868356,44.61655989821333,0.8834196381430567,41.44417484827132,4.909239488877879,2.072709231280519
4450,-0.7024519538947864,44.35857705079587,-2.863126164868356,44.61655989821333,1.2137764956446602,41.225648439791804,5.302774351427011,2.071778086943187
4451,-0.6416848355110766,44.2905150221295,-2.863126164868356,44.61655989821333,1.3232371802522367,41.33589904587091,5.318681573986285,2.1288355987662864
4452,-0.5288371814820665,44.167647886977775,-2.863126164868356,44.61655989821333,0.9936702442221327,41.33471416366366,5.06412775969911,2.1923753917378184
4453,-0.44621273107734616,44.05640490713405,-2.863126164868356,44.61655989821333,0.3345363721619246,41.33234439924914,4.583788514358346,2.2457312040840938
4454,-0.4306952949658468,43.98415928039812,-2.863126164868356,44.61655989821333,-0.104491248475756,41.22090891096276,4.374987111884558,2.2728436032862125
4455,-0.4239069642058349,43.96382294617514,-2.863126164868356,44.61655989821333,-0.1029114055327571,40.78148632958928,4.725100506276312,2.287250169706105
4456,-0.336012376455441,43.892950793360114,-2.863126164868356,44.61655989821333,-0.10212148406125761,40.56177503890255,4.90555064215369,2.3423810786021213
4457,-0.276574363532125,43.88633364046707,-2.972191888740208,44.39645364679083,0.11758980662544513,40.56256496037408,4.923967240432359,2.384609284864246
4458,-0.22790229968027767,43.88591237030479,-2.972191888740208,44.39645364679083,-0.32341261769100926,41.000407698804516,4.306873542092213,2.4206832768246613
4459,-0.23340952206266852,43.910676507392225,-2.862336243396857,44.396848607526586,-0.21355697234765794,41.00080265954026,4.306873542092227,2.468684187606068
4460,-0.19582029252372765,43.87938484532995,-2.862336243396857,44.396848607526586,-0.32341261769100926,41.000407698804516,4.240512235993172,2.519555218783365
4461,-0.1704288869470012,43.914378870238636,-2.862336243396857,44.396848607526586,-0.3242025391625087,41.22011898949126,4.0661694217866735,2.547711408688566
4462,-0.13968608893124895,43.94609400888747,-2.862336243396857,44.396848607526586,0.1144301207394473,41.441410123121045,4.194729385998412,2.563225818024371
4463,-0.08166075465310485,43.992565629015225,-2.862336243396857,44.396848607526586,0.11364019926789778,41.66112141380775,4.042355633259945,2.5854257244913295
4464,-0.08324037591665422,44.034386875049115,-2.862336243396857,44.396848607526586,0.11285027779639818,41.88083270449445,3.896417695807334,2.5767045165641362
4465,-0.11289873625807202,44.10957173829432,,,,,,2.5395746114459334
4466,-0.1696489225183645,44.261668238141475,,,,,,2.4466953312786486
4467,-0.3283111090226514,44.49364917380992,,,,,,2.3080042195602917
4468,-0.38026903817293706,44.51668569322887,,,,,,2.24333407565488
4469,-0.4914915319952581,44.57696975080587,-2.9717969280044336,44.28659800144748,1.7618698401541923,41.55719017950064,5.4641804628392245,2.1194042081275017
4470,-0.5300593540757013,44.60597660351812,-2.7532705195249547,44.616954858949086,1.652014194810841,41.55679521876489,5.363870844620773,2.036477631102782
4471,-0.5559721369919807,44.6138982512705,,,,,,2.0132036501784567
4472,-0.6052086566413535,44.56221282063885,,,,,,2.0301135938497334
4473,-0.644835092848796,44.50948698650098,,,,,,2.0543122659064856
4474,-0.6909181214040981,44.47703663706969,0.8838145988787812,41.33431920292791,1.4338827470670876,41.11658271591993,0.5915945785974698,2.0584108293779964
4475,-0.6738663638649466,44.4174083098076,-3.1934830223699597,44.835086306692816,0.553062780641403,41.662701256750736,4.909239488877853,2.0958716124265737
4476,-0.715955959643666,44.42187454304913,-3.1938779831057342,44.944941952036196,0.3321666077474261,41.99147827130932,4.599558475555781,2.0753350499001213
4477,-0.7577704120292202,44.39230157378266,-3.1938779831057342,44.944941952036196,0.3317716470116515,42.10133391665272,4.529493566972355,2.0778133914649306
4478,-0.8447751944751857,44.436462204156214,-2.317797545508997,45.71709115532577,0.22152104093257544,42.210794601260346,4.329232542668348,2.0551946761301934
4479,-0.8807323932992381,44.46972079803822,,,,,,2.0412707506355536
4480,-0.890337169386804,44.46304792177318,,,,,,2.0636823370690607
4481,-0.861763519175798,44.46710201609797,,,,,,2.1071755288367098
4482,-0.8276342158009237,44.44937431889245,,,,,,2.157706127154373
4483,-0.8187869866531778,44.40179832517864,,,,,,2.225987700164632
4484,-0.7622083002477744,44.35015209786044,,,,,,2.302988208740997
4485,-0.7261399388752691,44.30243265852184,,,,,,2.352382602258276
4486,-0.689443806645926,44.287151296597166,,,,,,2.3635048228646456
4487,-0.6737931861106118,44.25691631548189,,,,,,2.3577664677807326
4488,-0.6286567106090426,44.259102666493725,,,,,,2.3317783462316144
4489,-0.6250169118981074,44.33616662817127,0.6625234652490297,41.77295186282989,0.6565990542127087,43.42078654298039,1.6478453300455143,2.2999445654177415
4490,-0.6001363966288482,44.36223694694195,0.5459534873978578,43.640102872931344,0.7723791105923812,41.773346823565646,1.8804379039687933,2.2467389354160168
4491,-0.627269037260206,44.39526481436279,0.21599159063202908,43.74877363606747,0.9920904012791338,41.77413674503716,2.1216786314863505,2.1458592077515317
4492,-0.6913436788874592,44.383807128617775,-0.11397030613384972,43.857444399203544,1.320867415837738,41.9950329179311,2.351028671447479,2.0372198981423715
4493,-0.7939349514545028,44.40318374523582,-0.2234309907414763,43.747193793124445,1.4299331397095902,42.21513916935362,2.254063956075726,1.9308806303898507
4494,-0.7926093857759453,44.35828011043816,-0.11318038466235027,43.63773310851682,1.5393938243172165,42.325389775432704,2.1102716744710235,1.863010808547849
4495,-0.7600031591108841,44.34890635828104,-0.22303603000575162,43.63733814778107,1.6484595481890687,42.54549602685525,2.166706005952462,1.835167738284545
4496,-0.6841122926025571,44.288387077872876,-0.0029297785832240754,43.52827242390924,1.8693557210830956,42.21671901229665,2.285962673311465,1.8231815903139967
4497,-0.6792623490307874,44.2980623476288,0.436887763525956,43.41999662150889,1.8681708388758211,42.54628594832675,1.676884486843138,1.8097915311955102
4498,-0.6886850374121162,44.338204750803776,0.6562040934769839,43.53064218832377,1.8681708388758211,42.54628594832675,1.561352170131284,1.8163377696420304
4499,-0.7235232973075636,44.40895869616462,,,,,,1.7983514174234416
4500,-0.703733488034559,44.444289083974404,-2.866285850754354,45.49540506096027,1.75831519353242,42.545890987591,5.485122431434125,1.80912140034601
4501,-0.6571253564517194,44.45325302122117,-2.4272582301166232,45.60684054924665,1.8689607603473208,42.32657465763997,5.405334581102364,1.835224246784558
4502,-0.581052799627442,44.40347429653068,-2.866680811490129,45.605260706303625,2.199317617848924,42.10804824916052,6.155878089798589,1.9129495158308596
4503,-0.4743824661660185,44.35614505245743,,,,,,2.0045665040965135
4504,-0.32606160342669344,44.324608002758254,-2.646179599331877,45.38633933708842,1.7630547223614665,41.22762324347059,6.061045029606243,2.113274455312892
4505,-0.19435987984124628,44.26967702203935,-2.5363239539885254,45.38673429782417,1.2137764956446602,41.225648439791804,5.601596995523288,2.21501706670432
4506,-0.1491935000835856,44.23814652467833,-2.5363239539885254,45.38673429782417,0.5562224665274509,40.7838560940038,5.545298109412184,2.287419153780673
4507,-0.13858866876109954,44.20988031295701,,,,,,2.3497178851945257
4508,-0.037154682588286615,44.23416760769157,,,,,,2.4331180254866847
4509,-0.008791929256879204,44.228339247804605,,,,,,2.489910311946774
4510,0.023770857722163304,44.24263622104505,,,,,,2.539835802082407
4511,0.05831022268181441,44.252264504838905,,,,,,2.5754451219616232
4512,0.007397133337633128,44.5427579184834,,,,,,2.475274061360113
4513,0.018329756058894583,44.55086461963666,,,,,,2.4965668653197914
4514,0.10364318691739693,44.2317156329485,,,,,,2.6336680148630585
4515,0.10030198381910108,44.199799643326706,,,,,,2.6590950513156297
4516,0.15242151327761244,44.199009215371,,,,,,2.6676887955653465
4517,0.15317994534477092,44.22438512288521,,,,,,2.637280854410448
4518,0.17459679177658025,44.19969101480699,,,,,,2.637488973184636
4519,0.16515508771933518,44.20681212613121,,,,,,2.6170346493736805
4520,0.13875220906414878,44.256296780074955,,,,,,2.5660013686992786
4521,0.030067263730997985,44.3724346750686,,,,,,2.4697705845758784
4522,-0.0999682628258514,44.47815217314391,,,,,,2.335323975050663
4523,-0.14322568262882768,44.505023246171504,,,,,,2.2614398818683545
4524,-0.18285739245493388,44.555325337992535,-1.2145015632463367,44.40277301856288,1.761474879418418,41.66704582484404,4.04235563325994,2.1835713542889374
4525,-0.13895135112443327,44.61140750343172,-1.1050408786386603,44.513023624641974,2.200897460791923,41.66862566778704,4.361172782759006,2.1990803464970425
4526,-0.09512705284434256,44.616872334165784,-0.9955801940310833,44.62327423072113,2.7505706482445045,41.56074482612241,4.8386705288864045,2.221881594153277
4527,-0.045145551506178,44.590960328814376,-0.9959751547668081,44.73312987606451,3.079742623538834,41.671785353673066,5.097382239264894,2.2454046079477226
4528,-0.05861514247949838,44.58992184869132,-1.1050408786386603,44.513023624641974,3.408519638097438,41.89268152656704,5.2190440934315925,2.2596549818888296
4529,-0.06831529741680613,44.59660501860866,-0.9951852332953088,44.513418585377735,3.517980322705115,42.002932132646166,5.164417253206521,2.244953637626714
4530,-0.09304121349537037,44.59909314036841,-1.2145015632463367,44.40277301856288,3.2982690320183625,42.002142211174665,5.111567931551591,2.2296162128761243
4531,-0.09366696944716447,44.59377393890088,-1.1046459179029353,44.40316797929863,3.517980322705115,42.002932132646166,5.208627984403687,2.2285153484497804
4532,-0.05056956980615557,44.56495265135448,,,,,,2.272411730876224
4533,0.0351027767412305,44.53713719433166,,,,,,2.3296370156298947
4534,0.021988668752824733,44.507403559236,,,,,,2.354261286998685
4535,0.07415279208455357,44.49600975155763,,,,,,2.4015466704578468
4536,0.19122266809742,44.488203412243465,,,,,,2.459680962991005
4537,0.26325455658502867,44.51987275169175,,,,,,2.513371851390528
4538,0.36635273838900756,44.512173433274384,-2.973771731683207,44.83587622816431,1.9827660130482194,41.22841316494208,6.130338992866508,2.5786672527332954
4539,0.4347392637858182,44.49733113198921,,,,,,2.6052039245610774
4540,0.43263820207010495,44.45886384861669,-2.973771731683207,44.83587622816431,1.872910367704868,41.22801820420633,6.042099543500286,2.63829907995159
4541,0.44877360588289006,44.42823750934391,,,,,,2.650838012424222
4542,0.48587754503981834,44.44640477736749,-3.0828374555550586,44.61576997674184,1.872120446233369,41.44772949489309,5.8811638561706445,2.685536971646165
4543,0.48388607015402474,44.5319292427618,-3.0828374555550586,44.61576997674184,1.8709355640260945,41.777296430923194,5.7093606647191555,2.686993054628867
4544,0.521757458192618,44.614167021477144,-3.0828374555550586,44.61576997674184,2.3079883809850514,42.43801014592635,5.814089875519773,2.700772697432451
4545,0.5567850702782285,44.65164626311289,,,,,,2.7358352417583696
4546,0.5715510269506372,44.659067848899504,,,,,,2.772950247861288
4547,0.5816683491331193,44.66500775729195,,,,,,2.75853708840034
4548,0.31001222562157676,44.70489479840293,2.8521321181370864,43.86810833906889,3.73453192750577,42.88256721686465,1.3228456928642944,2.540021479734301
4549,0.09537388216528461,44.7073663481954,2.520985339163984,44.30634603823515,3.7341369667700453,42.992422862208,1.7883318998621416,2.3575093513303926
4550,-0.025082318409618803,44.69783038818925,2.0811677970547033,44.41462184063547,3.2923446209820413,43.64997689132518,1.4323516318713019,2.221805653814258
4551,-0.2059682493966674,44.75181349627619,1.5318895703378965,44.4126470369567,3.18248897563869,43.64958193058941,1.8184462470292004,2.057576444972816
4552,-0.34204644344176316,44.79245507350635,-2.8674707329616287,45.82497199699038,3.0726333302952886,43.64918696985366,6.326047483747925,1.9459590100415174
4553,-0.42629716843108056,44.8191952553027,-2.8678656936974027,45.93482764233373,2.852922039608586,43.64839704838216,6.160777317068139,1.9100803291776425
4554,-0.47287526659362145,44.84168116503511,-2.8682606544331275,46.04468328767711,2.6328157881861083,43.757462772254044,5.957618627749854,1.8817731574484486
4555,-0.5325981938453154,44.86693161236737,-3.08797194511983,46.0438933662056,2.4123145760278564,43.97638414146924,5.876031501710046,1.8664345244902711
4556,-0.5197680419411074,44.886447766853436,,,,,,1.867051137378451
4557,-0.4120661169019737,44.89904060898362,-2.978116299776479,46.04428832694135,2.5229601428427575,43.75706781151828,5.957618627749848,1.9042831174614345
4558,-0.3447623599647106,44.91812150550867,,,,,,1.9325103394209038
4559,-0.2858980477681893,44.938172959079886,,,,,,1.971137632392408
4560,-0.24440671857304117,44.971533308162236,-3.1950628653129587,45.274508888066244,-3.1978275904632314,46.043498405469855,0.7689944873546034,1.983448951691142
4561,-0.18813905142920279,44.99435863765327,-3.1950628653129587,45.274508888066244,-3.1978275904632314,46.043498405469855,0.7689944873546034,2.0157245010274516
4562,-0.13537046842974446,45.02635930890277,,,,,,2.044535877326088
4563,-0.13702655823237697,45.04535070063634,-3.1978275904632314,46.043498405469855,1.7468613321956026,45.73170470254864,4.954509446458449,2.0770431134670146
4564,-0.10194808682045806,45.0885507253456,-2.9785112605122537,46.15414397228473,2.294954676705185,46.06324644225749,5.274249269038884,2.1014949357700323
4565,-0.07502766779566611,45.12177405828066,-2.9785112605122537,46.15414397228473,1.5279399629803994,45.511203490390386,4.552084697473927,2.149374389309984
4566,0.03947366732820563,45.19027349010501,,,,,,2.199118132959427
4567,0.14000706909127555,45.28988184577483,,,,,,2.2908589334513922
4568,0.20076298341143026,45.359562618945134,-2.9785112605122537,46.15414397228473,3.6116425778826025,46.507408552460014,6.5996154037425585,2.3622550826382267
4569,0.22477822400451278,45.403806381379674,-2.9785112605122537,46.15414397228473,3.721103262490179,46.61765915853912,6.715629611936117,2.411857451699427
4570,0.2557741766965397,45.41874405829259,-3.0883669058556054,46.15374901154898,3.7214982232259533,46.50780351319577,6.819062814376843,2.4723486331145206
4571,0.21188841633356498,45.407941934352046,-3.08876186659133,46.263604656892326,3.83095890783358,46.61805411927487,6.928792825405507,2.4571943181605187
4572,0.15379652255783688,45.40397101549069,,,,,,2.398325645458244
4573,0.1279485843431467,45.392180523491966,-3.0883669058556054,46.15374901154898,3.172219996509147,46.505828709517,6.270479126492772,2.3567431973313306
4574,0.03303167930041789,45.36811333549485,-3.0883669058556054,46.15374901154898,2.842653060479043,46.50464382730974,5.941390831513051,2.2617787453435594
4575,-0.0020357481769970815,45.36929974067889,,,,,,2.1848007483199074
4576,-0.07989095322089611,45.38764966747904,-3.0883669058556054,46.15374901154898,2.292979873026411,46.612524668974324,5.400867361677178,2.1394283690153038
4577,-0.23700944875703558,45.413475416345,,,,,,2.0166975692976763
4578,-0.2660796136132723,45.39304302306156,-3.0883669058556054,46.15374901154898,1.8527673701814567,46.8306561167181,4.987284949033536,1.9806350504155588
4579,-0.26689417271118,45.40128641857203,-2.9785112605122537,46.15414397228473,2.512691163713164,46.613314590445846,5.510366750081248,1.972851621396253
4580,-0.2831792877948396,45.45927998802629,-3.0883669058556054,46.15374901154898,1.6322661580232045,47.049577485933284,4.80488139076328,1.9683183030278344
4581,-0.2708079504106213,45.489423096386055,-2.9789062212479784,46.26399961762808,2.2906101086119133,47.271658541034554,5.364995699586392,1.9670909576581943
4582,-0.31327580388431275,45.49386605961056,-3.1954578260487327,45.384364533409666,-3.0883669058556054,46.15374901154898,0.7768017381478461,1.9643202626806497
4583,-0.30305675718160213,45.44590675557646,-3.194667904577234,45.16465324272294,2.2906101086119133,47.271658541034554,5.876031501710053,1.961327821577145
4584,-0.2670777309909437,45.4253810866327,,,,,,2.0108457844060212
4585,-0.2314374444990007,45.43806439933231,-3.0883669058556054,46.15374901154898,2.068529053510612,47.93000249162326,5.454232518072897,2.0403113642286863
4586,-0.1920041809915948,45.44525887144687,-3.0883669058556054,46.15374901154898,1.188499008556427,48.25640974176734,4.765791035731828,2.0903422036317036
4587,-0.1813904305214788,45.479356760658725,-3.0883669058556054,46.15374901154898,0.9683927571339497,48.3654754656392,4.6205013657590825,2.113611005628798
4588,-0.14301105093033017,45.4703330083913,-3.0883669058556054,46.15374901154898,0.7486814664471971,48.36468554416767,4.42845126005239,2.1326201196133403
4589,-0.12733150807130694,45.49426663554749,-3.0883669058556054,46.15374901154898,0.308863924337967,48.47296134656805,4.113383421044329,2.160715403672625
4590,-0.174493301653686,45.51887173847325,-3.0883669058556054,46.15374901154898,0.308863924337967,48.47296134656805,4.113383421044329,2.1548674098491034
4591,-0.17100254679575036,45.54425526638683,-2.9785112605122537,46.15414397228473,0.19861331825889092,48.582422031175675,3.9988316944230657,2.1422623412433834
4592,-0.2207743332146132,45.505220703069966,-2.8686556151689024,46.15453893302048,0.19900827899461562,48.4725663858323,3.8449724367729154,2.102698903922525
4593,-0.2142445691350165,45.47325032805922,-2.8686556151689024,46.15453893302048,0.19861331825889092,48.582422031175675,3.9118735981979826,2.0964077143067392
4594,-0.1746399606291816,45.47531355957455,-2.8686556151689024,46.15453893302048,0.419114530417093,48.36350066196042,3.960927221008715,2.0942034466150248
4595,-0.15933403500987836,45.503053274977695,-1.9898104524219418,46.1576986189065,0.08994255512271382,48.25246013440983,2.951846604961854,2.129372220812121
4596,-0.11313535941385772,45.51951669410717,-1.9902054131576665,46.26755426424986,0.08994255512271382,48.25246013440983,2.875215971598756,2.1724734937867316
4597,-0.06970309705142119,45.53962767416146,-1.989415491686167,46.04784297356313,0.08875767291548961,48.58202707043993,3.2773301235813297,2.2121823802104106
4598,-0.1018987669319819,45.49104631298871,-1.880349767814315,46.2679492249856,0.3084689636022422,48.58281699191143,3.1858343047546933,2.1926731026854833
4599,-0.14384734263381913,45.440356896781275,-1.880349767814315,46.2679492249856,0.08915263365121431,48.472171425096555,2.955932207754492,2.1425314160122655
4600,-0.22186734557853666,45.44504404606649,-1.880349767814315,46.2679492249856,0.308863924337967,48.47296134656805,3.1072069525914126,2.0831653992782635
4601,-0.2378475988328532,45.45716168414644,-1.8799548070785903,46.158093579642255,0.4187195696813183,48.4733563073038,3.2625673002209923,2.068396536220081
4602,-0.22690557957071475,45.46397895915651,-1.8799548070785903,46.158093579642255,0.7482865057114222,48.47454118951105,3.503367227043565,2.0917050932544243
4603,-0.21502655049379904,45.46712717042715,,,,,,2.1160412766134136
4604,-0.1761922206590014,45.46975478439713,-1.8799548070785903,46.158093579642255,0.967997796398175,48.47533111098257,3.671569665456729,2.1344198397449343
4605,-0.15863824873776106,45.479753283856446,,,,,,2.144052138384542
4606,-0.17651619570280405,45.49545738099656,-1.8799548070785903,46.158093579642255,0.9676028356624502,48.58518675632595,3.7415726395510522,2.1493649404224997
4607,-0.17222538460501627,45.4923343100222,-1.8799548070785903,46.158093579642255,0.9676028356624502,48.58518675632595,3.7415726395510522,2.1521187077893122
4608,-0.14224056984859432,45.49158009551141,,,,,,2.164860945163651
4609,-0.12393782390142712,45.493461718091496,,,,,,2.182461728284072
4610,-0.09018988605337538,45.53919940845661,,,,,,2.225973623005893
4611,-0.084684409110769,45.54354029874877,-1.8795598463428156,46.048237934298875,1.1877090870849276,48.476121032454074,3.9118735981979773,2.231799762230583
4612,-0.03760767818568615,45.55485117971744,-1.8795598463428156,46.048237934298875,1.297564732428279,48.47651599318983,3.9988316944230657,2.2654572544792133
4613,-0.013505812976216674,45.542763698547624,-2.759194930561226,46.26478953909959,1.2967748109567796,48.69622728387656,4.728930116932992,2.2852061311800966
4614,-0.040001577938351074,45.55041487935888,,,,,,2.2974852557873966
4615,-0.02147940588150067,45.533557866249595,-2.7587999698255015,46.15493389375623,0.9695776393412239,48.035908529609095,4.17598673097238,2.304337332473479
4616,-0.020406137436675794,45.540431853514406,-2.9706120457971594,43.957031065417354,0.8597219939978726,48.03551356887335,5.595129881192106,2.3228226744558333
4617,0.030095143372172523,45.542577657984,-2.9714019672687084,44.17674235610408,0.8593270332620978,48.14536921421672,5.515839357200324,2.3420505806270175
4618,0.03762558704499518,45.544884389490896,-2.9714019672687084,44.17674235610408,0.9695776393412239,48.035908529609095,5.515839357200323,2.3542398535824285
4619,0.029350100307997725,45.53327992114289,-3.0804676911405107,43.9566361046816,1.2979596931640538,48.36666034784645,6.21441390518284,2.3932301508024776
4620,0.06316002692701665,45.41297049460749,-2.971007006532934,44.066886710760734,1.1881040478207023,48.3662653871107,5.981877779184312,2.4300474535841077
4621,-0.00978245815845448,45.23588313080672,-2.971007006532934,44.066886710760734,1.4082102992431298,48.25719966323884,6.061045029606237,2.3993254596131948
4622,-0.03633100364930132,45.03700251081791,-2.7505057943746816,43.847965341545475,1.6283165506656572,48.148133939367,6.137225358345115,2.345499447415414
4623,-0.1086528222810732,44.92475542256607,-1.6602435163918379,46.158883501113756,1.7393570782162828,47.81896196407264,3.7832716933944304,2.278871179203864
4624,-0.16666839291573765,44.85423075388491,-2.7497158729031823,43.62825405085875,1.7409369211592818,47.37953938269913,5.851333536699273,2.231633958372534
4625,-0.2624346896922842,44.85207735992411,-2.9741666924189816,44.94573187350769,1.8515824879741825,47.16022305274821,5.309597568083554,2.177072288064635
4626,-0.3936564473568164,44.82248851815249,-2.6493392852178745,46.26518449983533,1.9630179762605326,46.721195432110456,4.6348447091426,2.0723435231150065
4627,-0.4623846173709767,44.84961814669282,-1.7697042009994142,46.04863289503462,2.18312422768306,46.61212970823858,3.992791159714144,2.0093192430617495
4628,-0.5775250574176413,44.83006740149585,-2.869445536640402,46.37425022370723,2.292979873026411,46.612524668974324,5.167921325024264,1.9636268378853283
4629,-0.5726341806467903,44.829105279490044,-2.6493392852178745,46.26518449983533,2.1839141491545595,46.39241841755187,4.834927841311637,1.9709008813487336
4630,-0.5700601784269523,44.81759738748875,-2.6493392852178745,46.26518449983533,2.2933748337621864,46.50266902363097,4.948416086083214,1.9951393622223539
4631,-0.5674658796894385,44.81313981510326,-2.6493392852178745,46.26518449983533,2.292979873026411,46.612524668974324,4.954509446458456,2.0105772524340604
4632,-0.5040187414200519,44.826418613677696,-2.8686556151689024,46.15453893302048,2.4032304791055377,46.50306398436672,5.283394051404797,2.045880764860121
4633,-0.4965360873938369,44.83356592252797,-2.8686556151689024,46.15453893302048,2.4032304791055377,46.50306398436672,5.283394051404797,2.0541770599791978
4634,-0.47668446630641487,44.833557154562264,-2.8686556151689024,46.15453893302048,2.4032304791055377,46.50306398436672,5.283394051404797,2.0595265855752434
4635,-0.4475419396124294,44.8347356714104,-2.8686556151689024,46.15453893302048,2.4032304791055377,46.50306398436672,5.283394051404797,2.068284528772675
4636,-0.42868432933447537,44.83262328818405,-2.8686556151689024,46.15453893302048,2.4032304791055377,46.50306398436672,5.283394051404797,2.0772554413861
4637,-0.4166389138453678,44.83770330300792,-2.8686556151689024,46.15453893302048,2.4032304791055377,46.50306398436672,5.283394051404797,2.0827656652237097
4638,-0.35079862684475716,44.852861165984564,-1.7697042009994142,46.04863289503462,2.9580381561228903,44.96705975323835,4.849881262091248,2.1159909307367197
4639,-0.2788545702691817,44.871949394632175,-2.8686556151689024,46.15453893302048,3.0682887622020165,44.85759906863072,6.076953311638909,2.1578755628787407
4640,-0.19477242505865444,44.88404583000804,-2.8686556151689024,46.15453893302048,3.1777494468096434,44.96784967470985,6.161756695075601,2.200935557329543
4641,-0.08845926870701874,44.90450500068685,-2.8686556151689024,46.15453893302048,2.739116786907687,44.74655854108013,5.7818267094042,2.2672712403844533
4642,0.005832331702936916,44.90563146923245,-2.6493392852178745,46.26518449983533,2.7387218261719126,44.85641418642348,5.5691863262079675,2.3119609272180566
4643,0.0876408419231236,44.896881882742115,-2.8686556151689024,46.15453893302048,2.629261141564336,44.74616358034437,5.675439172257329,2.3641608880635623
4644,0.15732627227105142,44.886196795477275,-2.8686556151689024,46.15453893302048,2.848577471515314,44.856809147159225,5.862666352828509,2.404890168323292
4645,0.22271150762421305,44.89659553936059,-2.8686556151689024,46.15453893302048,2.9580381561228903,44.96705975323835,5.946466775054432,2.459082594046361
4646,0.29276430116338054,44.930013107051316,-2.8686556151689024,46.15453893302048,2.7375369439646384,45.185981122453605,5.689244171460235,2.4999014390697076
4647,0.3559948464454937,44.95220514423716,-2.8686556151689024,46.15453893302048,-1.7697042009994142,46.04863289503462,1.1040427073201622,2.508075961367767
4648,0.3318054721397542,44.93782730973524,-2.8686556151689024,46.15453893302048,2.8469976285723146,45.29623172853266,5.779739030437645,2.5435075296848373
4649,0.3354339843447063,44.95286014991674,-2.8686556151689024,46.15453893302048,-1.6602435163918379,46.158883501113756,1.2084199087000664,2.581318382784973
4650,0.4117201632317803,44.96634560652433,-2.869050575904627,46.264394578363834,-1.6602435163918379,46.158883501113756,1.213403104722609,2.631343536451463
4651,0.5701674154054858,44.99248109986718,-2.759194930561226,46.26478953909959,-1.6602435163918379,46.158883501113756,1.1040427073201695,2.6719574837469326
4652,0.553099499955886,45.0006075849517,-2.759194930561226,46.26478953909959,-1.7693092402636899,45.93877724969125,1.0421888949231437,2.690482039220192
4653,0.45501599867334197,44.97179284525593,-2.64894432448215,46.15532885449198,4.273541175093084,45.74078879947096,6.934886368863253,2.667380383175919
4654,-0.029643980554389254,44.81377641642972,,,,,,2.4656925647928696
4655,0.16766948660041092,44.831741997841995,-2.3181925062447717,45.82694680066915,3.944764160534479,45.519892626576954,6.270479126492778,2.487620176524706
4656,0.2772792878061177,44.790216970308,,,,,,2.433150774627196
4657,0.24944557287163996,44.69585317652839,-3.1934830223699597,44.835086306692816,2.951718784350845,46.72475007873222,6.429178362487908,2.32627960532964
4658,0.240537828253302,44.653435962957836,-3.1922981401626855,44.50551937066268,3.391536326460075,46.61647427633187,6.913971861213956,2.2924819868965693
4659,0.32097088331114465,44.629408031844804,-3.1922981401626855,44.50551937066268,3.831748829305079,46.39834282858816,7.2746145239567035,2.265308730125743
4660,0.3846579144501633,44.60979340280494,-3.191903179426961,44.39566372531934,4.161315765335184,46.39952771079544,7.621371249446935,2.281422768053599
4661,0.3429593498624026,44.5615261849175,-2.6457846385961017,45.27648369174499,4.161315765335184,46.39952771079544,6.8991190581063515,2.288591105640062
4662,0.37443405661186696,44.588467635945946,-2.7524805980534555,44.39724356826233,4.162500647542458,46.06996077476531,7.114418351479883,2.2694548637046843
4663,0.46712616792690426,44.606236139936215,-2.8627312041325816,44.50670425286994,4.272356292885809,46.07035573550106,7.304415072354668,2.2852059602096513
4664,0.5341532842987943,44.63604515113327,-1.7677293973206407,45.49935466831779,4.272751253621534,45.96050009015769,6.058057576029722,2.3025519383545126
4665,0.6752341623971532,44.64664419342098,-1.876400160456818,45.16939277155196,3.722288144697454,46.28809222250901,5.709360664719141,2.3273570986465892
4666,0.7118288994508774,44.66452178689883,-3.082442494819284,44.50591433139843,4.162500647542458,46.06996077476531,7.411844737517294,2.340783585467722
4667,0.6867228575122709,44.68416972193142,-2.8627312041325816,44.50670425286994,4.162500647542458,46.06996077476531,7.19705867164061,2.348066438658755
4668,0.6873620481166496,44.71365292507678,-2.6434148741816035,44.61734981968484,4.2731462143573085,45.850644444814336,7.025655337679421,2.3358856882772923
4669,0.6401685662442537,44.76171142774859,-2.754060440996454,44.83666614963581,4.38300185970066,45.851039405550075,7.208787095368142,2.2860311384695
4670,0.566514601005741,44.833836843287685,-2.8639160863398554,44.836271188900064,4.38300185970066,45.851039405550075,7.3176208053005105,2.254320304870091
4671,0.603070472434569,44.941149487428,-2.8643110470756303,44.946126834243444,4.273541175093084,45.74078879947096,7.181951126573947,2.2887315036368223
4672,0.6034903307333636,45.015667967343006,-3.1942729438414594,45.05479759737957,4.4948323087228355,45.30215613956895,7.6930829862549155,2.2981311960038417
4673,0.6301053343718742,45.08328191973734,-3.1942729438414594,45.05479759737957,4.493252465779835,45.74157872094246,7.718141954852486,2.2831207079481834
4674,0.6753006105695428,45.13055106732563,-3.1942729438414594,45.05479759737957,4.603898032594687,45.52226239099148,7.812169603317444,2.2846721754340362
4675,0.6541485381953298,45.20491687624665,-3.084417298498058,45.055192558115316,4.494042387251336,45.521867430255725,7.59281480380072,2.2825784766312873
4676,0.7035525399517544,45.307415744144755,-2.9745616531547068,45.05558751885107,4.49443734798706,45.41201178491238,7.477498534703529,2.30628535532934
4677,0.7069276624480694,45.382052290585094,-2.9745616531547068,45.05558751885107,4.49443734798706,45.41201178491238,7.477498534703529,2.292215832540341
4678,0.6031880079771047,45.43506651620183,-2.9745616531547068,45.05558751885107,4.163685529749732,45.74039383873521,7.171020327679711,2.207462293165116
4679,0.5249377402952878,45.43162661994265,-2.9745616531547068,45.05558751885107,4.275121018036082,45.301366218097456,7.253847668787003,2.1633194104715185
4680,0.4671092906808957,45.415066641659216,-2.8643110470756303,44.946126834243444,4.275515978771806,45.19151057275415,7.144042492745001,2.166154039518426
4681,0.4243228401841569,45.394645860405554,-2.8643110470756303,44.946126834243444,4.0542248451420555,45.63014323265606,6.952267063713905,2.163506395572097
4682,0.33955123549730704,45.362847022019274,-2.8643110470756303,44.946126834243444,4.162895608278182,45.96010512942194,7.099984884500904,2.148907545119672
4683,0.36390505395149764,45.35517899109754,-2.535139071781251,45.057167361794065,4.162500647542458,46.06996077476531,6.773782422488916,2.104935545527775
4684,0.45880947331422917,45.380196361973276,-2.644994717124603,45.05677240105832,4.162500647542458,46.06996077476531,6.882480934995616,1.9806898053437045
4685,0.6147304546683112,45.42233393705285,-0.8849346272162326,44.40395790077012,4.2731462143573085,45.850644444814336,5.357116754834261,1.8762652621229607
4686,0.6597211380445948,45.490476710129066,-0.9940003510880847,44.18385164934762,4.383791781172159,45.63132811486333,5.5691863262079755,1.8180148384709574
4687,0.6789101809189257,45.53995172829491,-0.9940003510880847,44.18385164934762,4.3833968204364355,45.74118376020671,5.598364372192312,1.8176098770242093
4688,0.5066637758080029,45.54872812597686,-1.1038559964314358,44.18345668861188,4.272356292885809,46.07035573550106,5.697722930518522,1.8806484557881156
4689,0.3126836154835248,45.580839823457396,-2.318587466980546,45.9368024460125,4.0522500414632825,46.17942145937291,6.3754556342773325,1.90546616513915
4690,0.07716499019115076,45.62923769574572,,,,,,1.8927226758102755
4691,-0.042659199545280455,45.67438617827121,-1.5527576354629846,46.81841233390976,3.8325387507765796,46.17863153790142,5.423166661147855,1.8196420222579766
4692,0.15417514023274811,45.68912442934986,0.7577655633695158,45.83800570127021,3.502971814746475,46.17744665569417,2.766112348430424,1.788396307091217
4693,0.4635224533637036,45.68698138770444,,,,,,1.8107951299619394
4694,0.5957260673971261,45.69727920201114,3.0647341155802437,45.846299876721034,3.5049466184252487,45.628168428977304,0.49129255658499293,1.9046897106362248
4695,0.7519877879079655,45.71642927395182,-2.7576150876182273,45.82536695772613,-2.3170076240374975,45.49737986463904,0.5492817766818381,1.9145831593623988
4696,0.7202648052964805,45.73375797085454,-2.649734245953649,46.37504014517873,3.8333286722480784,45.95892024721466,6.496403664401071,2.000763283048448
4697,0.7697507080597223,45.7452066247786,-2.539878600610298,46.375435105914484,4.271961332150035,46.18021138084444,6.814636862840014,2.0321246387126455
4698,0.6937994634512263,45.778607095927384,-2.540273561346023,46.485290751257835,4.272751253621534,45.96050009015769,6.833206594809027,2.034072242535799
4699,0.6010875751703829,45.82075525239257,,,,,,2.163831871231035
4700,0.49780601217952386,45.83548469280936,-2.322142113602319,46.925503254102814,4.382606898964885,45.96089505089344,6.773782422488916,2.248773423189326
4701,0.5540291850194474,45.79084909888519,-2.430812876738396,46.59554135733696,4.382606898964885,45.96089505089344,6.842913485806128,2.2945255909745588
4702,0.4856720504335788,45.753122410533514,-2.758405009089726,46.04507824841286,4.162895608278182,45.96010512942194,6.9218222071163185,2.3614886027876647
4703,0.3607907710949306,45.71303678713243,-2.5406685220817975,46.59514639660119,4.162895608278182,45.96010512942194,6.733576275714804,2.372391072522938
4704,0.4446863757290358,45.69922557663411,-2.5406685220817975,46.59514639660119,4.163685529749732,45.74039383873521,6.758621544922261,2.3808677785760266
4705,0.600018107079092,45.674607710581654,-2.4304179160026216,46.485685711993604,4.162500647542458,46.06996077476531,6.606012595277933,2.3899510297937456
4706,0.7253918251707907,45.653600101505575,-2.4304179160026216,46.485685711993604,4.0522500414632825,46.17942145937291,6.489898430575698,2.3976335624929606
4707,0.6042675187634824,45.6322679025035,-2.430812876738396,46.59554135733696,4.272356292885809,46.07035573550106,6.723711538576238,2.399302305486707
4708,0.6292400643733039,45.6195460033426,-2.429233033795397,46.156118775963506,4.162105686806683,46.17981642010869,6.591381320182141,2.439685338656668
4709,0.5696828844153959,45.601763504117585,-2.539878600610298,46.375435105914484,4.161710726070958,46.28967206545204,6.702138076956978,2.4835813036455114
4710,0.5870204836906011,45.579704594532046,-2.539878600610298,46.375435105914484,4.050670198520282,46.61884404074637,6.595042182069581,2.51571937404998
4711,0.6334787169911626,45.57662649460804,-2.4316027982098953,46.81525264802374,4.050670198520282,46.61884404074637,6.485247839917143,2.570039316479639
4712,0.7573249950544858,45.538761558975075,-2.3229320350738183,47.14521454478959,3.9404195924411565,46.728304725354,6.277211754229437,2.6033585540885533
4713,0.8808069817904938,45.51641451048145,-2.2130763897304666,47.14560950552534,3.829774025626306,46.94762105530497,6.046093000343077,2.64269039735044
4714,0.9687609996672752,45.51644489154877,-2.213471350466192,47.255465150868694,3.7195234195471794,47.057081739912576,5.93631054770119,2.6877159847225585
4715,1.0824447231167789,45.5145035734195,-2.2126814289946926,47.03575386018191,3.499417168124703,47.166147463784505,5.713586690956343,2.6995300641311837
4716,1.0873616286699426,45.52476269669786,-2.2126814289946926,47.03575386018191,3.499417168124703,47.166147463784505,5.713586690956343,2.7087510500492797
4717,1.0809700316453783,45.534763767651874,-2.211496546787468,46.706186924151844,3.278520995230676,47.49492447834308,5.5463861694853325,2.704395724408514
4718,1.0255833757197732,45.5431893629767,-2.211496546787468,46.706186924151844,3.3891665620455766,47.2756081483921,5.629535308465333,2.7194908645823923
4719,0.9665091147085337,45.568093855873755,-2.211496546787468,46.706186924151844,3.2793109167022254,47.27521318765635,5.520213536600845,2.7289170280223427
4720,0.9688438567804968,45.62302598120825,-2.211101586051693,46.59633127880846,3.278520995230676,47.49492447834308,5.562681531705283,2.7448410134495775
4721,0.9546175033718847,45.680810450519,-2.211101586051693,46.59633127880846,3.2789159559664505,47.385068832999686,5.546386169485329,2.7376861173394382
4722,0.9655341664985879,45.718721123554005,-2.1020358621797914,46.816437530230985,3.2789159559664505,47.385068832999686,5.410913418980196,2.713522714759526
4723,0.9406660648397211,45.73663317915856,-2.103220744387065,47.1460044662611,3.2793109167022254,47.27521318765635,5.384082278003655,2.725781860904311
4724,0.9022894887213732,45.7444029744287,-2.103220744387065,47.1460044662611,3.3895615227813014,47.16575250304876,5.492817766818441,2.72530831592771
4725,0.7902637832497458,45.74709387973017,-2.103220744387065,47.1460044662611,3.499812128860477,47.056291818441075,5.603751041746156,2.761503425470345
4726,0.8063779074252,45.72569385303673,-2.2126814289946926,47.03575386018191,3.610457695675328,46.836975488490154,5.826530880920035,2.7587577605642504
4727,0.7340784874153834,45.737119259611646,-2.212286468258968,46.92589821483857,3.6112476171468275,46.61726419780337,5.831706799930339,2.74835349056536
4728,0.7646915098891369,45.71153319569379,-2.3229320350738183,47.14521454478959,3.6112476171468275,46.61726419780337,5.9576186277498575,2.705875548634834
4729,0.7450271449998034,45.71981480484385,-2.2130763897304666,47.14560950552534,3.6112476171468275,46.61726419780337,5.848238957265549,2.624062070214097
4730,0.7332538700304418,45.71748779972674,-2.213471350466192,47.255465150868694,3.612037538618327,46.39755290711667,5.888341637064057,2.577024706925506
4731,0.6191044061982627,45.72009113921488,-2.213471350466192,47.255465150868694,3.612037538618327,46.39755290711667,5.888341637064057,2.516275307482648
4732,0.6414203367638479,45.71568895335783,-2.535928993252751,45.27687865248075,-2.2138663112019668,47.36532079621202,2.1131291865105006,2.4861321002530428
4733,0.6221249364925776,45.72094188465822,-2.2138663112019668,47.36532079621202,2.733982297342866,46.17468193054389,5.0890889913145,2.4359914912967495
4734,0.5338035093942474,45.72518285413756,-2.2138663112019668,47.36532079621202,2.7331923758713663,46.394393221230644,5.041437295970938,2.4388147874586763
4735,0.435273609987952,45.759024092907964,,,,,,2.4134828673561577
4736,0.34071138817323554,45.7971688143502,-2.323721956545318,47.364925835476264,2.9505339021436203,47.054317014762304,5.283394051404789,2.3926775846773163
4737,0.26493679780118123,45.85201790977209,-2.322537074338044,47.035358899446166,2.840678256800269,47.05392205402655,5.163248700809338,2.372202584481398
4738,0.25575720178742295,45.89575246440088,-2.1036157051227904,47.25586011160444,2.7308226114568677,47.0535270932908,4.838670528886391,2.3536400397738273
4739,0.2924568386884734,45.922461962485414,-2.2126814289946926,47.03575386018191,2.730032689985369,47.27323838397758,4.948416086083201,2.3629517539040568
4740,0.3255748992283512,45.940983443351705,,,,,,2.39562948207293
4741,0.2983306884162592,45.93435481536665,,,,,,2.3782054512956754
4742,0.29788033507321626,45.93321218098819,-0.7817933143806017,46.271898832343155,3.3891665620455766,47.2756081483921,4.290027818310808,2.3868862539920332
4743,0.15332778551385143,45.878048399596615,-0.7821882751163765,46.38175447768655,3.608877852732329,47.27639806986361,4.48127759641863,2.3096579039026257
4744,0.1592666705669327,45.87566899665494,-0.6727275905087499,46.492005083765655,3.828589143419082,47.277187991335104,4.569284904389061,2.3185370876768614
4745,0.1701741461910555,45.88164054595883,-0.6731225512445248,46.601860729109006,3.829379064890581,47.05747670064832,4.525495190232846,2.303328508709167
4746,0.1726050561337417,45.89566540282793,-0.6735175119802994,46.711716374452386,3.9404195924411565,46.728304725354,4.6139669241275,2.3382381828066467
4747,0.18300478447758164,45.89285509770138,-0.5640568273726727,46.821966980531535,4.0494853163130085,46.94841097677647,4.615274552586267,2.3317102915824663
4748,0.1947061499375144,45.88727888311785,-0.6743074334517989,46.93142766513911,4.0494853163130085,46.94841097677647,4.7238232794638675,2.339781051448817
4749,0.20809333050066298,45.85942640185855,-1.11254513261798,46.60028088616598,3.829379064890581,47.05747670064832,4.963027582705997,2.348348240192153
4750,0.22968194393756908,45.88233861292765,-3.084417298498058,45.055192558115316,3.9388397494981575,47.16772730672751,7.334094533500541,2.289399027616156
4751,0.2495785749228542,45.8601123089908,-3.084022337762333,44.945336912771936,3.9388397494981575,47.16772730672751,7.366112336899725,2.238992260291966
4752,0.19970598625566577,45.87708408240462,-3.1938779831057342,44.944941952036196,3.6100627349395533,46.94683113383347,7.092331745686397,2.1927212627333574
4753,0.03566946395365082,45.86333157473725,-3.1938779831057342,44.944941952036196,3.7195234195471794,47.057081739912576,7.228848693791641,2.0725539428915307
4754,-0.1381420636863493,45.92170454708218,-1.2224007779613812,46.599885925430236,3.389956483517076,47.05589685770532,4.634844709142594,1.9751474423574602
4755,-0.21591307021541808,46.021277612975226,-3.084417298498058,45.055192558115316,2.95132382361512,46.83460572407562,6.292573567973663,1.8485845075745406
4756,-0.16549816135664605,46.117516592497104,-3.0852072199695573,45.274903848802,2.7312175721925924,46.94367144794746,6.051081115208799,1.8244272948726517
4757,-0.12625817954539634,46.161676187581605,-3.0852072199695573,45.274903848802,2.51150628150589,46.94288152647596,5.8399787286270275,1.8314032605455755
4758,-0.14564409077183604,46.16323032474713,-2.975746535361981,45.385154454881175,2.511111320770165,47.0527371718193,5.734670108317403,1.8901810265762578
4759,-0.12960706673787895,46.172462037527886,-2.9761414960977057,45.49501010022452,2.0708988179251606,47.27086861956305,5.35035413894064,1.9356698225516218
4760,-0.11557726112911301,46.16140226821749,-2.866680811490129,45.605260706303625,1.7413318818950565,47.26968373735581,4.899396392280933,2.0165219616979075
4761,-0.066672344973318,46.141507961191344,-2.866680811490129,45.605260706303625,1.4113699851291777,47.37835450049186,4.630937294052226,2.053253676798172
4762,0.10770955650581752,46.12876548767498,-3.1978275904632314,46.043498405469855,1.5220155519440786,47.15903817054093,4.849881262091255,2.0743194628353114
4763,0.2843332558610208,46.15814464837566,1.5220155519440786,47.15903817054093,3.9459490427417037,45.19032569054688,3.122704340262588,2.097933824171714
4764,0.32225390588618086,46.20367639470057,1.4121599066006771,47.15864320980518,3.725447830583451,45.40924705976211,2.9002910041976926,2.107044042009309
4765,0.3597991599686878,46.24758395282013,-0.8959935278173252,47.47991597038444,4.055014766613555,45.41043194196935,5.366120318758077,2.119040503281198
4766,0.3274551395646892,46.330815412999264,-2.539878600610298,46.375435105914484,4.275121018036082,45.301366218097456,6.89911905810633,2.1222822153880547
4767,0.4740527910640439,46.30536378929193,-2.539878600610298,46.375435105914484,4.165265372692731,45.30097125736171,6.790686877228838,2.1756669565796747
4768,0.5801708166189236,46.28784007261894,-2.759984852032726,46.484500829786334,4.385371624115159,45.1919055334899,7.261330578567331,2.2120226577197655
4769,0.5923201707349282,46.247711494502916,-2.869840497376127,46.48410586905059,4.495227269458559,45.192300494225655,7.477498534703537,2.2078863936418345
4770,0.5517545207389749,46.20836756147259,-2.6501292066893742,46.48489579052208,4.605872836273411,44.97298416427465,7.411844737517288,2.1716600332491254
4771,0.506181203865464,46.17523852950116,-2.6501292066893742,46.48489579052208,4.605477875537686,45.08283980961802,7.389830519386244,2.1453337279284628
4772,0.47410624288397396,46.133539914566754,-2.9796961427194777,46.48371090831483,4.605872836273411,44.97298416427465,7.734542780941723,2.1466656760912812
4773,0.45317214112933824,46.07043190840836,-2.7603798127685,46.594356475129686,4.385766584850934,45.08204988814652,7.304415072354669,2.1437167435054403
4774,0.36384808533575413,46.02417828843954,-2.6501292066893742,46.48489579052208,4.385766584850934,45.08204988814652,7.174385424217664,2.128129264377853
4775,0.2999023913147928,45.96405786170694,-2.4300229552668964,46.37583006665026,4.606267797009186,44.86312851893127,7.1970586716406,2.138969920743089
4776,0.29571335962801726,45.982908296062455,-2.6505241674251487,46.59475143586543,4.606267797009186,44.86312851893127,7.46053265802987,2.1757442929031656
4777,0.31145370948850765,45.95741866456187,-2.6505241674251487,46.59475143586543,4.606267797009186,44.86312851893127,7.46053265802987,2.1914255271273686
4778,0.2998490798948536,45.9323296200701,-2.6505241674251487,46.59475143586543,4.606267797009186,44.86312851893127,7.46053265802987,2.2095232628790553
4779,0.28509705350484976,45.908672492313954,-2.2095217431086946,46.15690869743501,4.385766584850934,45.08204988814652,6.6823012195519205,2.196197011391932
4780,0.26339968110241235,45.905179512823814,-0.4593356715940929,48.25048533073105,4.385766584850934,45.08204988814652,5.789127657016587,2.169279754624824
4781,0.1890043233300682,45.89513799934627,-0.4593356715940929,48.25048533073105,4.605477875537686,45.08283980961802,5.973802341443565,2.091792213252636
4782,0.284457345429703,45.88131792664127,-0.5684013954659448,48.03037907930855,3.945554082005978,45.30018133589018,5.275393233756629,2.025521948229579
4783,0.5771949745496205,45.8350796708309,-2.539878600610298,46.375435105914484,3.725842791319225,45.29939141441868,6.3574471753441015,1.9368028891518685
4784,0.5037040486851473,45.847760815363415,-2.320957231395045,46.59593631807271,2.187073835040607,45.51357325480491,4.636146449010753,1.8306234769235177
4785,0.4010565221049946,45.80108554188603,-0.22224610853425203,43.41762685709436,2.7379319047004134,45.07612547711023,3.3931212095402943,1.707557107905034
4786,0.2530538598402402,45.688522068210965,-0.002534817847499342,43.41841677856586,3.396670816024846,45.18835088686813,3.832396859549004,1.6116765302811873
4787,0.10577560447993206,45.67284361238327,0.10771578823162677,43.308956093958265,3.5053415791610236,45.51831278363396,4.052791383405146,1.517058660894135
4788,-0.07923423524255159,45.64832595133638,0.2183613550465276,43.08963976400728,2.623336730528015,46.39399826049489,4.086892661911036,1.3871282091101336
4789,-0.23974610268193414,45.601158682765266,0.3282170003898789,43.090034724743035,1.41492463175095,46.389653692401595,3.4739629830772083,1.2720354936060603
4790,-0.23993786559103186,45.5262355930069,-1.5559173213490327,47.697257496656675,0.21757143357502806,43.30935105469401,4.732756628779819,1.3065213450859894
4791,-0.047078481129484435,45.38884025317913,-1.4464566367413563,47.8075081027358,0.21796639431080286,43.19949540935067,4.899396392280935,1.362253364870767
4792,0.1523239879637551,45.199208141164796,-1.7756286120357354,47.696467575185146,0.21796639431080286,43.19949540935067,4.919062889374372,1.376637605408965
4793,0.289850630812782,44.997975648902546,-1.6661679274281087,47.80671818126427,0.3274270789183794,43.30974601542976,4.919062889374366,1.374136850709849
4794,0.3824551795849805,44.894978347359555,-1.6653780059566095,47.58700689057754,0.5475333303409068,43.20068029155791,4.912925565849857,1.3678516829053744
4795,0.4683347016361078,44.76923153672898,-1.6653780059566095,47.58700689057754,-0.004509621526223137,43.96769500528267,3.9821981760626755,1.3384834513917918
4796,0.495547608707627,44.7778198328198,,,,,,1.3369333657047227
4797,0.4998854641865215,44.775600442888035,,,,,,1.3260212301625016
4798,0.5221609889609851,44.847328941625435,,,,,,1.3122190764575583
4799,0.5232235290399055,44.92604873735601,-1.5527576354629846,46.81841233390976,2.184704070626059,46.17270712686512,3.7928294476401616,1.319612288638635
4800,0.5278107885511171,44.99930932303426,-1.2212158957541073,46.27031898940013,2.4044153613127617,46.17349704833662,3.6269238343935095,1.2935259004076045
4801,0.5364683223975473,45.07669677025088,-1.2204259742826076,46.0506076987134,2.5134810851846634,46.39360329975915,3.7496277029961282,1.290723355145911
4802,0.516620449060204,45.16387184757748,-1.4401372649693103,46.049817777241906,2.512691163713164,46.613314590445846,3.992791159714129,1.3130363705280623
4803,0.5079816592477264,45.29487034651567,-1.330281619625959,46.05021273797765,2.839493374592995,47.38348899005666,4.377744746644249,1.3776305907926607
4804,0.5128936605228338,45.420547328851455,-1.2208209350183823,46.16046334405678,2.728057886306595,47.822516610694414,4.28439785811839,1.4188249692763775
4805,0.5449774376795506,45.468056135873994,-1.4413221471765847,46.379384713272024,2.508346595619892,47.821726689222906,4.204786980741486,1.4499365648213007
4806,0.5258925565541895,45.46742371378881,-1.6622183200706113,46.708161727830586,2.508346595619892,47.821726689222906,4.316669855250528,1.457234200010672
4807,0.5700040606338882,45.545758463751135,-1.663008241542111,46.92787301851731,2.3984909502764906,47.82133172848714,4.158610843967475,1.5175106027963507
4808,0.6030439815532169,45.62488745739001,-1.6641931237493353,47.25743995454744,-0.7786336284946039,45.39305366959624,2.0640135268815647,1.573143862690885
4809,0.6785215322367639,45.67464282233723,-1.8842993751718624,47.366505678419266,2.507161713412618,48.15129362525302,4.461033805526091,1.5819583496750862
4810,0.7902329684128596,45.77000561139071,-1.444876793798357,47.368085521362296,2.507161713412618,48.15129362525302,4.028898521491738,1.5970796946868198
4811,0.7887112575062748,45.838518875497044,-1.444876793798357,47.368085521362296,2.3977010288049914,48.04104301917386,3.9010608962978153,1.6484922842970353
4812,0.7589202301733748,45.87888084611047,-1.8842993751718624,47.366505678419266,-0.7782386677588292,45.28319802425281,2.3587159791699044,1.680485281861152
4813,0.7476725927513428,45.893809083777796,,,,,,1.6834032883882797
4814,0.7256416832005987,45.80350133295042,-1.8827195322288637,46.92708309704581,2.2866605012543655,48.37021499446822,4.412069756584336,1.6269308872097767
4815,0.8677777008350469,45.7148839221219,-0.6683830224154779,45.283592984988566,2.2890302656688637,47.71108112240802,3.8260935709742063,1.6077055247812184
4816,0.8995008042999527,45.72412217876887,-0.6687779831512525,45.393448630331996,2.6182022409632433,47.82212164995867,4.086892661911024,1.625686287372823
4817,0.9517201394836295,45.74826584918759,-0.6687779831512525,45.393448630331996,2.617807280227469,47.93197729530204,4.152802725429266,1.640221060821969
4818,0.9967051979639925,45.73103671081585,-0.33802616491387427,45.06506657650914,2.617807280227469,47.93197729530204,4.117781978801909,1.6412976845738834
4819,1.0294886851678218,45.748994852839424,-0.5585273770721265,45.28398794572432,2.5079516348841175,47.931582334566286,4.0513022077592975,1.6410665161016187
4820,1.0847856000840879,45.837905667217676,,,,,,1.6678337876997222
4821,1.0909077735211672,45.82789254279657,,,,,,1.6711141992883025
4822,1.0746958218353582,45.85521838595616,,,,,,1.6687462597733176
4823,1.0753500402810354,45.858265126269536,,,,,,1.6596158278976678
4824,1.0655426429251795,45.866541523061265,,,,,,1.663826758434738
4825,1.0482227887204303,45.876085120522845,,,,,,1.66761497904421
4826,1.0267880491510084,45.856253796497185,,,,,,1.6717690810362287
4827,0.9819032727430279,45.83138690421234,,,,,,1.6750594408939539
4828,0.9685030653417175,45.82646592685929,,,,,,1.7073508948883762
4829,0.974951591144809,45.82177026967868,,,,,,1.7126283661499904
4830,0.8859651616917933,45.84668983240037,,,,,,1.7698351525395153
4831,0.9125395591867621,45.90339583351803,,,,,,1.7929732719311668
4832,0.8952482830862032,45.926821480071304,,,,,,1.8044828359789051
4833,0.8827995304506172,45.92081605880474,,,,,,1.8341663141740339
4834,0.8940964229083039,45.91578352410908,,,,,,1.821258881298089
4835,0.8860940307709858,45.93029367419502,,,,,,1.8397498390124216
4836,0.9137373512503651,45.94995286003224,,,,,,1.8589708159428016
4837,0.9184837015268679,46.001505033940106,,,,,,1.8711611634021004
4838,0.9405599008950534,46.00053193506186,,,,,,1.882257293743115
4839,1.0127241635165052,45.954044891935176,,,,,,1.918576706176924
4840,1.0537498206289644,45.94602958080921,,,,,,1.9305504481779037
4841,1.0862109139020633,45.91636385273612,-2.866285850754354,45.49540506096027,3.7230780661689526,46.06838093182228,6.614228464321505,1.957738626175414
4842,1.1015166783363766,45.86489102640658,,,,,,1.9629141091689994
4843,1.0917683745622135,45.84233156851706,,,,,,1.9539451794639864
4844,1.0764079523566177,45.80167210663638,,,,,,1.9443382413008534
4845,1.1152175051822173,45.79037011320325,,,,,,1.9160494663193677
4846,1.0760724241626343,45.754683340847706,,,,,,1.8646384986881073
4847,1.110656142810312,45.75878009086865,,,,,,1.8466737734450145
4848,1.1327811882515297,45.773713764487844,,,,,,1.8275328249799336
4849,1.1263295746662534,45.77073282647354,,,,,,1.8005401852983431
4850,1.1451090402180755,45.79784094732782,,,,,,1.7952351567684266
4851,1.1788735057656052,45.80683292030751,,,,,,1.799695457323267
4852,1.215468010965419,45.836463448644835,,,,,,1.798127253807829
4853,1.2337217768947362,45.85203161347008,-2.208731821637195,45.93719740674825,2.072873621603884,46.721590392846196,4.352863141454274,1.808827194141161
4854,1.2384545717472206,45.870585837312575,,,,,,1.8084317452636038
4855,1.2326219967009442,45.87661520131815,-2.3181925062447717,45.82694680066915,1.7440966070453296,46.50069421995222,4.117781978801899,1.8142926149810177
4856,1.255220955354483,45.8748574995544,-2.3181925062447717,45.82694680066915,1.6354258439092024,46.17073232318637,3.9685370785928984,1.8069078065305686
4857,1.258202515737761,45.86711608414491,-2.317797545508997,45.71709115532577,1.9669675836180798,45.62263897867676,4.285806041511581,1.8112731355810625
4858,1.2392437421097036,45.85523879800479,-2.5363239539885254,45.38673429782417,2.4075750471988093,45.29465188558963,4.944756465649617,1.826634820202479
4859,1.2015915778836186,45.86481856574261,,,,,,1.8458331676038668
4860,1.2154734313019941,45.84063324735554,,,,,,1.8941866034045884
4861,1.2006915077393916,45.81472484193861,-2.7552453232037286,45.166233085665944,3.943184317591429,45.95931520795041,6.745216001387229,1.9548491269271155
4862,1.11219000039035,45.72674641422528,-2.7552453232037286,45.166233085665944,4.0522500414632825,46.17942145937291,6.882480934995593,1.9529852331430575
4863,1.0160043488667454,45.655589071415484,-2.9745616531547068,45.05558751885107,4.271961332150035,46.18021138084444,7.333271726011147,1.9307380332868773
4864,0.870104728022566,45.603686286007765,-2.86510096854713,45.1658381249302,4.380237134550387,46.620028922953644,7.389830519386244,1.8780690562053273
4865,0.8102632041261513,45.63091186363812,-2.7556402839394534,45.276088731009246,4.0494853163130085,46.94841097677647,7.007595602551543,1.784031523480539
4866,0.7410849207491532,45.6243735443867,-2.6457846385961017,45.27648369174499,3.2789159559664505,47.385068832999686,6.2887366325144995,1.6970272129637924
4867,0.6923659635205057,45.59912545882731,,,,,,1.6249633343269119
4868,0.6480260182379755,45.60944648379096,,,,,,1.6081296295269223
4869,0.6015634699308071,45.62215190147054,,,,,,1.5874900006103392
4870,0.5696284598963957,45.61074910028404,,,,,,1.5617447166048073
4871,0.5835032005708547,45.63900714519438,,,,,,1.5402215549448977
4872,0.6046175993769825,45.664239868646966,,,,,,1.5615799131803536
4873,0.6266876833417433,45.68899909335972,,,,,,1.5747180601111923
4874,0.6238626691623111,45.727667218841574,,,,,,1.5820849653925482
4875,0.6465473454649383,45.73858906441926,,,,,,1.5793871138777786
4876,0.6605294187858738,45.73082504871365,,,,,,1.574813268423059
4877,0.6420392994704236,45.758764898280226,,,,,,1.5804290450401572
4878,0.6282618634780507,45.77688847517592,,,,,,1.5873545422012973
4879,0.6300321079772815,45.80880250164438,-1.1149148970324785,47.259414758226214,1.1912637337067002,47.48742022436376,2.317422354571304,1.592933771175946
4880,0.6512704685546356,45.845311514027244,-1.2247705423758797,47.25901979749047,1.4117649458649526,47.268498855148536,2.636552528072853,1.5909865742958813
4881,0.6359833428448297,45.87296624899202,-0.8955985670815504,47.37006032504104,1.3026992219931004,47.04839260372601,2.2217072922386403,1.5333299878898714
4882,0.5855988265608164,45.87095023463878,-1.0046642909534023,47.14995407361861,1.3026992219931004,47.04839260372601,2.3095976084685064,1.4677424334734541
4883,0.53873234288207,45.87922645394815,-0.8948086456100509,47.15034903435436,0.7550008382192427,46.606995218673774,1.7369814915385973,1.460061937115604
4884,0.5020324173564369,45.886747684589345,,,,,,1.4585468804517328
4885,0.5235686495778437,45.871078411521594,,,,,,1.4508551745949074
4886,0.5270523192453697,45.838092791497886,,,,,,1.4562595005388823
4887,0.5259879904443399,45.80653017174687,,,,,,1.442001768889059
4888,0.5203503863383706,45.812484837571745,,,,,,1.432293233185585
4889,0.4886627243008608,45.86848427829679,,,,,,1.4128058596086586
4890,0.458163024408451,45.891857081835916,,,,,,1.4007413540454285
4891,0.4432487256673532,45.94829125514048,,,,,,1.3811689948546964
4892,0.4551096294432271,46.01004674397205,,,,,,1.3966312708076303
4893,0.4710388686148001,46.00667941238435,,,,,,1.4029504954674346
4894,0.47531079891973826,46.036442111644064,,,,,,1.3972059174789817
4895,0.47758330698151374,46.055216922141675,,,,,,1.3970849786265633
4896,0.5173924496561417,46.11703467980045,,,,,,1.3822545086801916
4897,0.5490411389147979,46.226332386943376,,,,,,1.3912910622566725
4898,0.5869353138546298,46.33828582069759,,,,,,1.375972351144657
4899,0.6155901497691224,46.34566855077235,,,,,,1.3762165652367961
4900,0.6557030109692654,46.35833674505814,-1.3358110699265051,47.588191772784825,-1.1058308001101596,44.732734915328756,2.864703263742608,1.3770422644197537
4901,0.7035022172094337,46.36657174230274,-1.2168713276608352,45.06190689062311,-1.1168897007112522,47.80869298494304,2.748605132367484,1.3663113543822025
4902,0.751027629622807,46.34172605616323,-1.1070156823174337,45.06230185135886,-1.1168897007112522,47.80869298494304,2.7464088834092206,1.3722496355932376
4903,0.7846207193805431,46.334677702359286,-1.5456483422194396,44.84101071772911,-1.1168897007112522,47.80869298494304,2.998494957775335,1.3903420767730206
4904,0.8165202540368126,46.36884729357404,-1.5444634600121656,44.511443781698986,-1.0074290161036752,47.91894359102218,3.4495595290531824,1.3921262461853703
4905,0.829624248101346,46.39990829918299,-1.4342128539330394,44.40198309709138,-1.0070340553679007,47.80908794567879,3.4337800126408067,1.3911828506066646
4906,0.8419845927565868,46.407947703837,-1.1050408786386603,44.513023624641974,-1.0070340553679007,47.80908794567879,3.2975210910348136,1.3940066231712411
4907,0.8439109453817963,46.39657686994086,-1.54485842074794,44.62129942704238,-0.8971784100245495,47.809482906414544,3.2533065171348756,1.3956087318289476
4908,0.8442790564123444,46.358886431546836,-1.5444634600121656,44.511443781698986,-0.787322764681148,47.80987786715032,3.3842177011228696,1.389343087268441
4909,0.8676286667375743,46.309216683107955,-1.5444634600121656,44.511443781698986,-0.8967834492888247,47.69962726107117,3.2533065171349054,1.3745513904970421
4910,0.9069173737669677,46.267141063031225,-1.4350027754045387,44.62169438777813,-0.8967834492888247,47.69962726107117,3.1246361092937707,1.3764251605908646
4911,0.94707877275162,46.25872007581792,-1.3255420907969122,44.73194499385726,-0.7865328432096487,47.590166576463595,2.9086013106407607,1.3614447397969618
4912,0.9653826982915992,46.23092268718147,-1.325937051532687,44.84180063920061,-0.8967834492888247,47.69962726107117,2.8898695152188463,1.3617511600090242
4913,0.9948617795370824,46.232547686052136,-1.2156864454535607,44.73233995459301,-0.89638848855305,47.58977161572782,2.875215971598743,1.347692511276751
4914,1.0097490266122078,46.16216114779317,-0.994790272559584,44.403562940034384,-0.89638848855305,47.58977161572782,3.187727817138689,1.3467998653257491
4915,1.0373962849159497,46.11001924042606,-0.8967834492888247,47.69962726107117,-0.6644334150579806,44.18503653155491,3.522262700936547,1.3660305640421795
4916,1.009348858776788,46.05501150294761,-0.8967834492888247,47.69962726107117,-0.5545777697146291,44.185431492290654,3.5308181245212515,1.3767759062307865
4917,0.9845200674203693,46.0331731772285,-0.8971784100245495,47.809482906414544,-0.2242209122129758,43.96690508381117,3.9010608962978277,1.3697248545039735
4918,0.9725802152361629,46.009785727498496,-0.8971784100245495,47.809482906414544,-0.11357534539807498,43.74758875386019,4.136788352024685,1.365804254960588
4919,0.9684189769833431,45.99064776498754,-0.8971784100245495,47.809482906414544,-0.22224610853425203,43.41762685709436,4.443414584477282,1.3637584912093244
4920,0.9462806622195254,45.960125456224354,-1.0070340553679007,47.80908794567879,-0.33170679314182866,43.30737625101524,4.5520846974739415,1.369372030595658
4921,0.9432960828044991,45.95266779292048,-1.0070340553679007,47.80908794567879,-0.44156243848517995,43.30698129027949,4.537479750488232,1.381103603715298
4922,0.9356366971980408,45.93052324710109,-1.0070340553679007,47.80908794567879,-0.44037755627790587,42.97741435424939,4.8647887191611225,1.3988740970611608
4923,0.9051257350109495,45.89889070789304,-0.8971784100245495,47.809482906414544,-0.5490483194140828,42.64745245748354,5.173756170876188,1.4130763987403023
4924,0.8841076161016379,45.872594094682235,-0.8971784100245495,47.809482906414544,-0.5482583979425335,42.42774116679678,5.393040823763112,1.4457715906790636
4925,0.8767818815330725,45.81869568465292,-0.8975733707603241,47.919338551757924,-0.5478634372068087,42.317885521453405,5.612358959326605,1.4704034946531241
4926,0.8561687042494359,45.805554946814375,-1.0070340553679007,47.80908794567879,-0.656534200342886,41.987923624687554,5.831706799930362,1.4977763775927142
4927,0.8401631361770144,45.765617442610605,-0.8967834492888247,47.69962726107117,-0.7655999242147375,41.767817373265125,5.933260289446682,1.5434137413996052
4928,0.8204676737146749,45.785656679607904,-0.7869278039454233,47.70002222180694,-0.6561392396071611,41.87806797934417,5.8234231213171945,1.5807127251876343
4929,0.8097326353596269,45.81792513475659,-1.006639094632176,47.69923230033542,-0.3265723035770572,41.87925286155142,5.859577758521884,1.573594111967633
4930,0.8051586106126644,45.77231454212362,-0.7869278039454233,47.70002222180694,-0.10804589509752861,42.20960971905308,5.532224696860821,1.5881168818091755
4931,0.7993089501301762,45.800534567732015,-1.006639094632176,47.69923230033542,-0.10962573804057756,42.64903230042653,5.129244876293528,1.581843152071496
4932,0.8215690976746955,45.86347432125709,-0.7869278039454233,47.70002222180694,-0.11002069877630238,42.758887945769885,4.987284949033557,1.53563522096746
4933,0.8581388614967748,45.90748553981774,-1.0070340553679007,47.80908794567879,-0.3313118324060539,43.19752060567189,4.660810428887131,1.5062004823594215
4934,0.9128762853658718,45.91591590662264,-1.006639094632176,47.69923230033542,-0.4419573992209546,43.41683693562287,4.319464721101943,1.446530779817399
4935,0.9239862031395162,45.952564623744934,-0.8971784100245495,47.809482906414544,-0.44314228142817896,43.746403871652944,4.088368873865226,1.4210142407622466
4936,0.9279001140817098,45.96921481794892,-0.8971784100245495,47.809482906414544,-0.2234309907414763,43.747193793124445,4.117781978801918,1.393494906134119
4937,0.8969264748154521,45.978557719684346,-0.787322764681148,47.80987786715032,0.2152016691605296,43.96848492675419,3.9700572997092345,1.3544931134451375
4938,0.8606664099288702,45.938737274334336,-0.7877177254169226,47.9197335124937,0.32466235376810626,44.07873553283333,3.9988316944230844,1.3393498146494773
4939,0.8251461600517135,45.893981031144705,-0.8971784100245495,47.809482906414544,0.43530792058295703,43.85941920288232,4.168755579692641,1.317921902831302
4940,0.8013239079833888,45.87647380286609,-1.33620603066228,47.69804741812817,0.43530792058295703,43.85941920288232,4.227685921912596,1.3005583525532183
4941,0.7224767585406041,45.893547637866924,-1.66458808448511,47.36729559989077,0.21599159063202908,43.74877363606747,4.078024168287292,1.2770224172004048
4942,0.6326562456575464,45.88239847962902,-1.8827195322288637,46.92708309704581,-0.33447151829210175,44.0763657684188,3.2440192971672173,1.242887961725734
4943,0.5920075159942522,45.90423457544409,-2.1016409014440667,46.706581884887584,-0.6664082187367041,44.734314758271786,2.4392069351001457,1.2268785375461286
4944,0.5376903821916068,45.938429447708394,-2.430812876738396,46.59554135733696,-0.7770537855516049,44.953631088222764,2.3304052144435405,1.25048907905257
4945,0.5232786045315971,45.94364176472099,-2.5406685220817975,46.59514639660119,-0.6683830224154779,45.283592984988566,2.2859626733114693,1.257350946687519
4946,0.5250717685286899,45.95489471965557,,,,,,1.284488295230982
4947,0.589206031894125,45.943553702385756,,,,,,1.2786049721320987
4948,0.5945358568081048,45.91735673887152,,,,,,1.2768467626845543
4949,0.611817822050401,45.911511642769746,,,,,,1.2706183582990975
4950,0.6192162562296091,45.89003398931239,,,,,,1.285393104137437
4951,0.6181266644673395,45.87777384692813,,,,,,1.3017366169456657
4952,0.5765130287653093,45.83702950860772,,,,,,1.3485690893728863
4953,0.6312949317133797,45.8467304365033,,,,,,1.3551330300444593
4954,0.7719436464355264,45.860326834414316,-2.866285850754354,45.49540506096027,-0.5624769844296738,46.38254439915806,2.4687145436308024,1.3881333919248258
4955,0.8639501403820332,45.815164514269014,-2.5363239539885254,45.38673429782417,-0.6723326297730251,46.382149438422296,2.1131291865104966,1.461042960948094
4956,0.8933858666875615,45.760828774198856,-2.206757017958421,45.387919180031446,-0.4534112605577721,46.60265065058051,2.1330245874197065,1.5046320244508924
4957,0.9050880357566552,45.70232336147906,-2.2063620572226466,45.278063534688016,-0.4534112605577721,46.60265065058051,2.1971271067273888,1.5363683668203227
4958,0.8784017779683291,45.63830377728943,-2.095716490407746,45.05874720473709,-0.6739124727160241,46.82157201979578,2.2647467834861827,1.5548823021252984
4959,0.8321090991345418,45.543220469255296,-2.0953215296720207,44.948891559393715,0.20137804340916401,47.8134325137721,3.671569665456729,1.5807730833488791
4960,0.7829121512858654,45.52421878052458,,,,,,1.6272500107302381
4961,0.7421923178780969,45.53533481117454,,,,,,1.6534107679702597
4962,0.7011852010683218,45.57893117512545,,,,,,1.6711448002680505
4963,0.6256418333203893,45.6141948885891,-2.094926568936246,44.839035914050335,1.744886528516829,46.28098292926547,4.101630872965053,1.6886841195892437
4964,0.5787766085974074,45.663513381711404,-1.985070923592895,44.83943087478609,-0.787322764681148,47.80987786715032,3.202835616547018,1.7087548667803434
4965,0.5733744733109084,45.710804257926746,-1.215291484717836,44.622484309249636,-0.8979683314960488,48.02919419710127,3.4214567429030525,1.739405907364256
4966,0.5620130051644302,45.62532009065269,-1.1050408786386603,44.513023624641974,-0.8979683314960488,48.02919419710127,3.522262700936547,1.7599427127957143
4967,0.5553195017600432,45.512366403948846,-0.9940003510880847,44.18385164934762,-0.8979683314960488,48.02919419710127,3.846541493127473,1.803993666517814
4968,0.5421448693355783,45.35366569649573,-1.652739262412518,44.071626239589754,-0.8979683314960488,48.02919419710127,4.0288985214917465,1.8473609406867584
4969,0.5683332459592414,45.2319753080109,,,,,,1.8635463507792318
4970,0.6070703822921559,45.04569615033193,-0.3447404974216949,46.93261254734636,-0.5522080053000806,43.526297620230494,3.412627162395244,1.8674578710887826
4971,0.6372285716423743,44.95428724723228,-1.4476415189486302,48.1370750387659,-0.4419573992209546,43.41683693562287,4.826183616382185,1.8650817091160983
4972,0.6625247059366466,44.89853990644041,-1.0070340553679007,47.80908794567879,-0.44156243848517995,43.30698129027949,4.537479750488232,1.8887611795999035
4973,0.6755275188021765,44.91167220427034,-1.1172846614470267,47.91854863028642,-0.44116747774940523,43.19712564493614,4.7695879751489265,1.899148738136708
4974,0.6822025475349117,44.94579593797405,-1.0070340553679007,47.80908794567879,-0.2210612263269778,43.088059921064264,4.786006570951039,1.9143321564119875
4975,0.6849619508801592,44.902879044070104,-1.006639094632176,47.69923230033542,-0.3313118324060539,43.19752060567189,4.5520846974739415,1.9290600417357766
4976,0.6450815004653988,44.89398917644954,-1.1164947399755274,47.69883733959968,-0.9912356259378112,43.4148621319441,4.285806041511597,1.9283552629420753
4977,0.6310460436998943,44.936750488286634,-1.33620603066228,47.69804741812817,-0.9912356259378112,43.4148621319441,4.297054895613927,1.954819524662711
4978,0.6254288109748559,44.837987355452256,-0.88137998059446,43.41525709267984,0.09310224100876152,47.37361497166284,4.076544210275103,1.9617412178901983
4979,0.6234842338191916,44.79142347383259,-0.9916305866735362,43.524717777287464,0.09191735880148742,47.703181907692965,4.316669855250538,1.9599343816749177
4980,0.619753153531878,44.76902052222885,-0.9916305866735362,43.524717777287464,-0.12937377482821424,48.14181456759493,4.696921287464927,1.9576748938518698
4981,0.6169798865680589,44.688675121442934,-1.1014862320168874,43.524322816551724,-0.24001934164311503,48.361130897545905,4.912925565849857,1.9227991484995406
4982,0.6119431093033065,44.643001532585046,-1.1014862320168874,43.524322816551724,-0.35026994772224107,48.470591582153524,5.002989167223691,1.891379375272855
4983,0.6357924051197804,44.5857554745025,-1.1014862320168874,43.524322816551724,-0.3510598691937405,48.690302872840256,5.220200155931863,1.838100044975494
4984,0.6911212809445629,44.54444203402245,-0.8821699020659596,43.63496838336655,-0.5703761991447184,48.5796573060254,4.954509446458449,1.8097533254491085
4985,0.7351814490439615,44.49158440185693,-0.9924205081450358,43.744429067974174,-0.7892975683599217,48.35915609386715,4.61919521693701,1.7211229337258727
4986,0.5766559136814126,44.43453999109994,-2.9749566138904813,45.16544316419445,-0.5680064347302201,47.920523433965194,3.6583980726322882,1.7333589712447117
4987,0.5979959092754606,44.42042032892357,-2.975351574626206,45.275298809537745,-0.5684013954659448,48.03037907930855,3.6583980726323118,1.7059095036842908
4988,0.579742618850769,44.42721764099563,-2.7552453232037286,45.166233085665944,-0.3486901047791922,48.03116900078005,3.741572639551042,1.7218025166779272
4989,0.5445030061969427,44.43809811973211,-2.866680811490129,45.605260706303625,-0.23883445943584086,48.03156396151579,3.5766637997242667,1.753255825260693
4990,0.5151042176449343,44.44115607584224,-2.8674707329616287,45.82497199699038,-0.019913090220637593,48.25206517367405,3.7415726395510576,1.7734032821657726
4991,0.4432152085890552,44.51253001587636,-2.8674707329616287,45.82497199699038,-0.12897881409243955,48.03195892225155,3.5171194574517033,1.7634432765580788
4992,0.3903663956022109,44.50706675812242,-2.9777213390407544,45.934432681597976,-0.12937377482821424,48.14181456759493,3.603556387401567,1.7752652699159777
4993,0.37490348304069543,44.51537531473368,-2.978116299776479,46.04428832694135,-0.13016369629971375,48.36152585828165,3.671569665456729,1.8210335402111215
4994,0.35711655890560146,44.59555526192225,-2.8678656936974027,45.93482764233373,-0.3510598691937405,48.690302872840256,3.731883613430388,1.8046903192374146
4995,0.3021051418743198,44.718723391609444,-2.8682606544331275,46.04468328767711,-0.13134857850698795,48.69109279431176,3.807121089242694,1.788320405043747
4996,0.23990555755920098,44.802691374757,-2.8682606544331275,46.04468328767711,-0.13095361777121314,48.5812371489684,3.7318836134303983,1.7286528872161875
4997,0.2718256208160621,44.838742920906185,-2.8682606544331275,46.04468328767711,-0.35026994772224107,48.470591582153524,3.4964708281768635,1.6918015396462387
4998,0.316612070110849,44.804710869898365,-2.8686556151689024,46.15453893302048,-0.45973063232981776,48.360340976074404,3.2662642615206305,1.6642881782454417
4999,0.5040364489441933,44.81848319924508,-2.8686556151689024,46.15453893302048,-0.6778620800735714,47.92012847322945,2.81369556596136,1.6091659094372104
5000,0.6195345442585618,44.7832324387998,-2.8686556151689024,46.15453893302048,-0.7861378824739238,47.480310931120215,2.468714543630806,1.5547783136758404
5001,0.7933005138630302,44.75432759526259,-2.7587999698255015,46.15493389375623,1.748046214402827,45.402137766518564,4.569284904389042,1.4974916347576317
5002,0.8428071662319124,44.68867793695861,-0.23330500913529456,46.49358492670866,2.087882129562524,42.54707586979824,4.578519790186788,1.4607582391637073
5003,0.8778946473059533,44.65808655619581,-2.7587999698255015,46.15493389375623,2.1981327356416998,42.4376151851906,6.195937397003126,1.459386691649126
5004,0.8506593112352759,44.667263362940254,-2.9789062212479784,46.26399961762808,2.087882129562524,42.54707586979824,6.283937168614164,1.479157325021095
5005,0.8229134801770335,44.639003435538925,-2.869050575904627,46.264394578363834,1.9780264842191726,42.5466809090625,6.10864559077446,1.5090411581074248
5006,0.8715039690354549,44.635722412340314,-2.869050575904627,46.264394578363834,1.9776315234833979,42.656536554405854,6.042099543500279,1.4974611607303514
5007,0.9543216641784034,44.65427179393863,-3.08876186659133,46.263604656892326,1.9776315234833979,42.656536554405854,6.219267021037813,1.5477774055423437
5008,1.0792185701373485,44.671645979435496,-2.9785112605122537,46.15414397228473,1.9780264842191726,42.5466809090625,6.130338992866508,1.6191920204094767
5009,1.1433230765538436,44.75310908344444,-2.8686556151689024,46.15453893302048,2.199317617848924,42.10804824916052,6.485247839917147,1.6896601573631784
5010,1.3571382293330798,44.60043829504448,-2.8686556151689024,46.15453893302048,2.092621658391571,41.22880812567784,6.991215643330698,1.8413835629101707
5011,1.4827557459533718,44.62344772659996,-2.9785112605122537,46.15414397228473,1.8737002891763677,41.00830691351958,7.072736101275932,1.8596121622001343
5012,1.529529154045088,44.632666558619626,-2.9789062212479784,46.26399961762808,1.9827660130482194,41.22841316494208,7.069322618402739,1.8827184311364011
5013,1.5484008792846538,44.61069738173049,-2.7587999698255015,46.15493389375623,1.983160973783944,41.1185575195987,6.917462003718521,1.870916743312407
5014,1.5217828919435445,44.58672662481417,-2.7587999698255015,46.15493389375623,1.6543839592253398,40.89766134670473,6.864044509297287,1.8661218205462353
5015,1.5158414646432652,44.48184063489664,-2.869050575904627,46.264394578363834,1.6543839592253398,40.89766134670473,7.018780917894573,1.8928086806078777
5016,1.5430415531950936,44.4634015702401,-2.759194930561226,46.26478953909959,1.5441333531462633,41.007122031312306,6.7942403504585265,1.9157752675204471
5017,1.580214447814479,44.442756122233284,-2.6493392852178745,46.26518449983533,1.4346726685385869,40.89687142523321,6.7452160013872335,1.9387533947109163
5018,1.6198660331519654,44.41856828843093,-2.5394836398745233,46.265579460571075,1.5441333531462633,41.007122031312306,6.657875207678097,1.9610433522699777
5019,1.6360182777214365,44.38963873268752,-2.5394836398745233,46.265579460571075,1.4342777078028621,41.00672707057656,6.5913813201821325,1.9944992187769683
5020,1.690442493558716,44.28305267281404,-2.5394836398745233,46.265579460571075,1.2137764956446602,41.225648439791804,6.283937168614172,2.005925017247478
5021,1.7064456147307676,44.244640519193396,-2.319377388452046,46.15651373669925,1.3240271017237362,41.116187755184185,6.219267021037829,2.0207164910902926
5022,1.770048682643954,44.21319211591957,-2.2091267823729197,46.04705305209163,1.3236321409880114,41.22604340052756,5.9768319092191335,1.987324048022065
5023,1.7903451551986511,44.18560535090599,-2.0988761762937935,45.937592367484,0.7711942283851069,42.10291375959572,4.789787485224131,1.9898055987473928
5024,1.796696637010357,44.17605190404771,-2.098481215558019,45.827736722140656,0.3333514899546504,41.66191133527925,4.8236823549463,1.9979718964928368
5025,1.7889150276456194,44.115889371966844,-2.0980862548222445,45.71788107679727,0.00496943613182053,41.33115951704187,4.864788719161129,2.0304512993889094
5026,1.7535781442999658,44.100337237674935,-2.0976912940865193,45.608025431453896,0.006549279074819519,40.89173693566841,5.164417253206521,2.021368303613514
5027,1.7654627409919001,44.10000930983944,-2.097296333350745,45.498169786110545,-0.21197712940465893,40.5613800781668,5.284536036515163,1.9937245214185049
5028,1.7498430815893664,44.088041818318,-2.096506411879245,45.27845849542377,-0.21158216866888424,40.45152443282343,5.1819139173990285,1.9663197221079516
5029,1.7275821628889654,44.05764293133912,-1.9866507665358941,45.27885345615952,-0.10172652332548292,40.45191939355918,5.1819139173990285,1.9675403414842794
5030,1.7106425901559779,44.038309039058866,-2.2063620572226466,45.278063534688016,-0.10172652332548292,40.45191939355918,5.265088603385003,2.0102751376850794
5031,1.7174395871991113,44.03731278749943,-2.2071519786941463,45.4977748253748,-0.3202529318050113,40.1215625360576,5.697722930518514,2.0226879889627507
5032,1.6542929816843193,44.01206198873629,-2.2075469394299208,45.60763047071815,-0.0997517196467094,39.902641166842294,6.081916116313862,2.047774186275154
5033,1.6058096661002785,43.98103721158531,-2.317797545508997,45.71709115532577,0.010103925696641968,39.90303612757805,6.2627758322743405,2.05014450392399
5034,1.547723437860246,43.95006266182181,-2.318587466980546,45.9368024460125,-0.09896179817520973,39.68292987615561,6.636087720157681,2.072949850689833
5035,1.545600643048887,43.9104926047279,-2.318587466980546,45.9368024460125,-0.09856683743948502,39.573074230812246,6.739846318168081,2.088998586289934
5036,1.534573621760066,43.934131424815874,-2.0988761762937935,45.937592367484,0.010103925696641968,39.90303612757805,6.39246948238152,2.058922354598969
5037,1.5192701561166286,43.99837752015609,-2.4284431123238974,45.93640748527675,0.22823537344034586,40.343248630423076,6.192040580644678,2.0384094173992664
5038,1.4813646182498643,43.94043176423871,-2.318982427716271,46.04665809135587,-0.31985797106923664,40.01170689071423,6.357447175344078,2.081065749302168
5039,1.5581395668165707,43.9309145553375,-2.5390886791387985,46.15572381522773,-0.10172652332548292,40.45191939355918,6.20275093480596,2.061670080170496
5040,1.5903296897839452,43.88637998052403,-2.428838073059622,46.046263130620126,-0.10370132700425662,41.00119762027601,5.5550829779149495,2.0262987875553145
5041,1.6698731346748965,43.84989883212335,-2.428838073059622,46.046263130620126,0.22547064829007277,41.11223814782666,5.602674122154812,1.9527835352051017
5042,1.7154994038042781,43.82498285519254,-2.2071519786941463,45.4977748253748,0.11522004221094675,41.22169883243429,4.866028945750849,1.8896238008859465
5043,1.7100146390206987,43.84116055001106,-1.9878356487431679,45.60842039218965,0.22507568755434804,41.22209379317004,4.912925565849863,1.867215290911048
5044,1.7099616078825777,43.87535666282457,-1.9878356487431679,45.60842039218965,0.3357212543691988,41.00277746321903,5.158571844142353,1.8834392976526573
5045,1.7088931334762218,43.87767622644209,-1.988230609478893,45.71827603753302,0.6676579548138012,40.34482847336608,5.993970536363397,1.8594405196345405
5046,1.6359883315316484,43.93369835018959,-1.8787699248713166,45.82852664361214,0.9980148123154048,40.12630206488665,6.386803235604802,1.7994460503297056
5047,1.547484752950824,43.953050112823995,-1.7697042009994142,46.04863289503462,1.5461081568250372,40.45784380459547,6.500118017857422,1.7197457274714856
5048,1.4921051833363603,43.95589139458172,-1.4409271864408097,46.26952906792863,1.3240271017237362,41.116187755184185,5.848238957265547,1.6815755243447144
5049,1.4905033915451558,43.94870837249213,-1.3314665018332332,46.37977967400778,1.433092825595588,41.336294006606664,5.751481196366219,1.6761134248780307
5050,1.4649526960032306,43.93318614267659,-1.4417171079123092,46.48924035861538,1.3232371802522367,41.33589904587091,5.848238957265547,1.7274751598226683
5051,1.4702303188480463,43.9607735613254,-1.661428398599062,46.48845043714386,1.2129865741731607,41.445359730478565,5.804741623134591,1.7742830222139314
5052,1.4473429837450316,44.00630420078323,-1.661428398599062,46.48845043714386,1.1027359680939843,41.55482041508612,5.65520201590049,1.8053629669704028
5053,1.4216401738068227,44.029594171261415,-1.442112068648084,46.599096003958735,0.8834196381430567,41.44417484827132,5.65520201590049,1.8122179141570942
5054,1.4320127289862923,44.04688102952194,-1.442112068648084,46.599096003958735,0.6629184259847544,41.66309621748649,5.366120318758077,1.8211183910477817
5055,1.4285641311716006,44.074435546705985,-1.5515727532557104,46.488845397879636,0.6625234652490297,41.77295186282989,5.209786358260838,1.8584412902795369
5056,1.464140651272204,44.07864035094517,-1.442112068648084,46.599096003958735,0.5526678199056785,41.772556902094145,5.222511513209555,1.8967287202587204
5057,1.5141640338565434,44.11930165757884,-1.442112068648084,46.599096003958735,0.5526678199056785,41.772556902094145,5.222511513209555,1.9099407829470552
5058,1.5745219771324912,44.17355603636524,-1.442112068648084,46.599096003958735,0.7719841498566062,41.88320246890895,5.209786358260859,1.9339604304663494
5059,1.5836367173057848,44.20624227064891,-1.4425070293838589,46.708951649302115,0.9924853620148584,41.66428109969377,5.601596995523281,1.9494973652446055
5060,1.5571358887552742,44.20168235857926,-1.4429019901195832,46.81880729464551,1.1027359680939843,41.55482041508612,5.847207066837203,1.981921828466262
5061,1.5570015312445038,44.22626940771584,1.1031309288297593,41.44496476974281,-1.443691911591083,47.038518585332184,6.146067919278502,1.9736330321166964
5062,1.4871373288019885,44.22238785468727,0.9936702442221327,41.33471416366366,-1.5539425176702588,47.14797926993986,6.346997871466881,1.9703480963318725
5063,1.415474453050918,44.154965065320575,-1.444876793798357,47.368085521362296,0.8846045203502808,41.11460791224118,6.673264973065807,1.955903280639738
5064,1.3887041718536812,44.09858187277637,-1.3354161091907806,47.478336127441445,0.7759337572141536,40.78464601547531,7.018780917894585,1.9784896728213757
5065,1.3799365915111137,44.06547825456882,-1.2259554245831539,47.58858673352057,0.4479466641270485,40.34403855189458,7.435417039984282,2.0114544419289793
5066,1.409379631026808,44.04954902140576,-1.2259554245831539,47.58858673352057,0.33967086172674604,39.904221009785324,7.84223579373262,1.9880143949018758
5067,1.436437283854601,43.99001170698855,-1.1164947399755274,47.69883733959968,0.11916964956844413,40.123142379000626,7.675807489745526,1.8756110199542424
5068,1.4333263213302403,43.963186529774894,-0.6770721586020718,47.700417182542694,0.22705049123312165,40.672815566453174,7.08552201608384,1.723088264528398
5069,1.4175195218832874,43.854938693520715,-0.5668215525229459,47.590956497935096,0.3345363721619246,41.33234439924914,6.323185234532538,1.6218870227892757
5070,1.3998015501900039,43.78028752091141,-0.2368596557571172,47.482285734798964,0.6629184259847544,41.66309621748649,5.888341637064083,1.6037582518755853
5071,1.3726359639430001,43.65693346700055,,,,,,1.624389282530997
5072,1.3574123318953681,43.56957908638719,-0.345925379628919,47.262179483376485,2.2005025000561984,41.778481313130435,6.046093000343081,1.7114640296924237
5073,1.3050121462356927,43.51581949894032,-0.34553041889319425,47.15232383803313,2.8600313328521314,41.670995432201565,6.349849386940494,1.7400121783668523
5074,1.1830115382195077,43.49308388511462,-0.125424167470667,47.04325811416121,3.6274410073126915,42.11318273872532,6.195937397003093,1.774733186858464
5075,0.9268183632733032,43.41235587316141,-0.12502920673494222,46.93340246881786,4.065283745743148,42.554185163041794,6.061045029606216,1.7737912896421328
5076,0.807558623492808,43.262830686157855,-0.12502920673494222,46.93340246881786,4.283415193486901,42.99439766588677,5.911864415508973,1.7348671056158798
5077,0.7602399039817341,43.2260542985724,-0.125424167470667,47.04325811416121,3.951873453778024,43.54249101039636,5.3739860631604435,1.7383315394313883
5078,0.7562294629439809,43.14730278536531,-0.12423928526344273,46.71369117813113,3.512055911668794,43.65076681279668,4.754382023669499,1.719198767413889
5079,0.8272373022449144,43.109980507876536,-0.01398867918431671,46.6042304935235,3.4025952270611675,43.540516206717605,4.589051189472003,1.7409304887151222
5080,0.8925080939934282,43.06164154718178,0.0958669661590347,46.60462545425928,3.293134542453541,43.430265600638485,4.505450081257555,1.7382498055837676
5081,0.9309019108569864,43.03327957480105,-0.12305440305616848,46.38412424210105,2.854501882551635,43.20897446700873,4.352863141454287,1.7202638874859775
5082,0.9815102449005229,43.014767085667444,-0.12305440305616848,46.38412424210105,2.635185552600607,43.09832890019386,4.290027818310823,1.701430989964393
5083,1.0337300025583225,43.002221498689615,,,,,,1.6841655656689105
5084,1.0812801219644523,43.015010428562675,,,,,,1.6527397011269493
5085,1.1142969648296814,43.01532325620818,,,,,,1.5845855086614569
5086,1.1121031046732515,43.03990984313287,,,,,,1.5720268706620417
5087,1.097148514804493,43.068191258722095,,,,,,1.5435276265905085
5088,1.0847085134131498,43.08745310284917,,,,,,1.4932587437123266
5089,1.0422382573070799,43.083286891279094,0.31834298199606054,45.83642585832722,0.6526494468552112,44.51934299641403,1.3588480700917231,1.492360910715993
5090,1.032233594643965,43.12353619756099,0.31913290346755996,45.616714567640464,0.7601353277840144,45.17887182921003,0.6214413905182762,1.486909836280231
5091,0.9770909324173169,43.12746899042264,0.09981657351658209,45.50606900082562,1.427168414559317,42.984128686757174,2.8499203247885796,1.4626548408885751
5092,0.9801421618167244,43.071418022216456,,,,,,1.431922687026396
5093,0.9414939411444867,43.08065195803995,,,,,,1.4554791391111526
5094,0.8606960779436476,43.10639187799113,,,,,,1.4483953839731598
5095,0.7718905104347732,43.102508305091895,,,,,,1.425428231111329
5096,0.7073765183754067,43.10229282125616,,,,,,1.402001394494371
5097,0.5594719234919182,43.08073965943034,,,,,,1.3934933403820944
5098,0.4368696487105719,43.034404498937725,,,,,,1.3522752949436228
5099,0.2970083077984839,42.99105116225781,,,,,,1.3219009595097952
5100,0.15981713103869966,42.96282477563598,,,,,,1.3375833590296333
5101,0.002730169544455522,42.962300345959335,,,,,,1.3835035883405131
5102,-0.1263877491298522,43.02271091224435,,,,,,1.420185879622467
5103,-0.22054688993627974,43.11960644185993,,,,,,1.432912642251847
5104,-0.2821969178691736,43.23992636538174,-0.9991348406528561,45.611975038811416,-0.0033247393189989338,43.63812806925257,2.210816504632441,1.4516841161098955
5105,-0.3356600903999481,43.34259920974273,-0.8892791953095048,45.61236999954717,-0.11318038466235027,43.63773310851682,2.1216786314863794,1.4720636286844422
5106,-0.4042345001614294,43.468755405414505,-0.9991348406528561,45.611975038811416,0.10811074896740154,43.19910044861491,2.654798784041777,1.4980173887297437
5107,-0.414792823278072,43.559595018828,-0.6687779831512525,45.393448630331996,-0.43958763480640634,42.75770306356264,2.6456913857286306,1.529225653694548
5108,-0.42259074904936517,43.67792556279899,-0.7671797671577366,42.20723995463858,-0.5490483194140828,42.64745245748354,0.49129255658497967,1.5478263923962017
5109,-0.4180726324098855,43.70917747686203,,,,,,1.5583376624876288
5110,-0.41599045244679866,43.661514614685544,,,,,,1.5430257021827347
5111,-0.483179575748212,43.59007183821897,-1.5373541667686201,42.53404216551841,0.10021153425230686,45.39621335548227,3.297521091034787,1.5444264745072136
5112,-0.5221457491070469,43.54154225804346,-1.9771717088778504,42.642317967918736,0.0978417698378084,46.05534722754245,3.994302149800271,1.5503848255241797
5113,-0.5503244600635939,43.518115328142734,-2.1968829995646026,42.64152804644724,-0.013593718448541925,46.49437484818015,4.4284512600523795,1.5681917266386491
5114,-0.6034586486087832,43.51088418436818,-2.3071336056436795,42.75098873105484,-0.0155685221273157,47.04365307489696,4.866028945750853,1.610955154171906
5115,-0.6367133777563984,43.52628025967847,-2.637095502409558,42.859659494190964,0.2021679648806635,47.59372122308537,5.520213536600845,1.6632792883516743
5116,-0.6754262797169561,43.534187643679246,-2.747346108488634,42.96912017879857,0.20098308267338932,47.923288159115465,5.76510410978459,1.6942557509948675
5117,-0.7315003024977632,43.58220106310828,-2.527634817801931,42.96991010027007,0.3096538458094664,48.253250055881324,5.996989915550618,1.7731421594636363
5118,-0.6948768086216851,43.65909736250546,-2.7477410692244084,43.07897582414194,0.308863924337967,48.47296134656805,6.199831764073348,1.8900920226769828
5119,-0.688447727981227,43.66842697399795,-2.5272398570662067,42.86005445492672,0.19861331825889092,48.582422031175675,6.33843562806586,1.9735370682518214
5120,-0.6746053644451406,43.662762289503526,-2.637095502409558,42.859659494190964,0.3084689636022422,48.58281699191143,6.436682512532749,2.0428224501461827
5121,-0.7124131841011786,43.67680711378257,-2.637095502409558,42.859659494190964,0.3084689636022422,48.58281699191143,6.436682512532749,2.0755039627956764
5122,-0.7140746442798597,43.66244707300781,-2.637095502409558,42.859659494190964,0.1994032397303903,48.36271074048892,6.1910659933118755,2.111962141085373
5123,-0.7062627590729929,43.619301156007246,-2.637095502409558,42.859659494190964,-0.01872820801336341,47.92249823764394,5.699840649577163,2.1010369481652904
5124,-0.7071376912934273,43.61007127307767,-2.637095502409558,42.859659494190964,-0.01872820801336341,47.92249823764394,5.699840649577163,2.1028335190848417
5125,-0.7169418454837065,43.58624702494441,-2.637095502409558,42.859659494190964,-0.12858385335671474,47.922103276908196,5.649864400727336,2.0910326611985415
5126,-0.6975784189851287,43.559535262039766,-2.637095502409558,42.859659494190964,-0.3482951440434674,47.921313355436695,5.5550829779149495,2.0710640790421215
5127,-0.6790994636314049,43.488710560597866,-2.637095502409558,42.859659494190964,-0.7869278039454233,47.70002222180694,5.181913917399054,2.027232717534238
5128,-0.6716288926567299,43.43675734234389,-2.747346108488634,42.96912017879857,-0.7877177254169226,47.9197335124937,5.324351207377289,2.0168373088497176
5129,-0.6596573828428961,43.47313004725757,-2.747346108488634,42.96912017879857,-0.8983632922318234,48.139049842444656,5.490620200110436,2.045499266487881
5130,-0.6537772917512337,43.45597303380022,-2.747346108488634,42.96912017879857,-0.7869278039454233,47.70002222180694,5.121003228795006,1.9876715663265863
5131,-0.6050816799027323,43.361391544991285,-2.85759671456781,43.078580863406195,-0.454991103500771,47.04207323195396,4.634844709142595,1.7517643234886984
5132,-0.6124331890016018,43.2846477735373,-2.527634817801931,42.96991010027007,0.09665688763053427,46.38491416357258,4.306873542092246,1.5633766991361413
5133,-0.5641569145851092,43.23689529613214,-2.4193590154015787,43.40972764237932,0.09981657351658209,45.50606900082562,3.2773301235813244,1.4094534445163969
5134,-0.5598342960701005,43.2224195090438,,,,,,1.3428040053564
5135,-0.303386135261019,43.17414010663991,-1.8748203175137688,44.729970190178484,-0.8790102161799116,42.75612322061961,2.210816504632462,1.2922334346250424
5136,-0.22607772951148566,43.23922954044003,-2.8591765575108092,43.518003444779666,-0.9943953118238092,44.29370729469103,2.01968451918443,1.2373000683631394
5137,-0.1667686611606135,43.34224168845887,-2.4154094080440314,42.31117118894561,-0.6652233365294801,44.40474782224165,2.7287752572182904,1.1754388616161149
5138,-0.18152844987798117,43.456087034504264,-1.9755918659348013,42.20289538654528,-0.22698563736324878,44.73589460121478,3.077939044899301,1.1378243663367857
5139,-0.20559468071763312,43.54154874581617,-1.7562755359838234,42.31354095336011,-0.4463019673142267,44.62524903439991,2.6570707560314726,1.1562543063986652
5140,-0.19375588202328417,43.67621649970923,,,,,,1.1854101861121416
5141,-0.17961760363849402,43.79249805327092,,,,,,1.1992380325711347
5142,-0.17490081122685955,43.913925758387556,,,,,,1.1897866514880227
5143,-0.18680673180161003,43.973088275606145,,,,,,1.1793955727123162
5144,-0.264172707012584,43.98061879649761,-1.0999063890738885,43.08490023517824,-0.3368412827066002,44.735499640479034,1.8184462470292138,1.1618337626631787
5145,-0.2927365433648159,43.96118249305563,,,,,,1.146597572260673
5146,-0.2590113706148838,44.006060290605944,-1.2085771522100157,42.75493833841236,0.43491295984723227,43.969274848225695,2.043446330955527,1.1583594252081406
5147,-0.25309021472034143,44.0747804576474,-1.6558989482985658,44.95047140233672,0.5443736444548589,44.07952545430483,2.366378314389904,1.1623914930897534
5148,-0.27516330887574914,44.13135495087054,,,,,,1.1934481376305668
5149,-0.2742938603351586,44.18058425393904,-1.8771900819283174,45.389104062238694,0.5443736444548589,44.07952545430483,2.7529923739982354,1.2050091388127526
5150,-0.3084060533925309,44.18663729669953,,,,,,1.1964382012649852
5151,-0.33697304856300414,44.19309992434556,,,,,,1.1820097910459957
5152,-0.3259832659968783,44.18102960036861,,,,,,1.1973488856890466
5153,-0.3268778979161569,44.1499454394596,,,,,,1.2023363887598517
5154,-0.3393202789299107,44.14652202608296,,,,,,1.2127536350275936
5155,-0.39188902615578436,44.10976790007407,-1.986255805800169,45.168997810816215,0.21915127651802704,42.869928473320556,3.185834304754704,1.2264505992189545
5156,-0.42844085248746305,44.05769376969672,-2.315822741830273,45.167812928608974,0.7652698173488357,43.75074843974622,3.391342377853406,1.2316514371934453
5157,-0.4835959741652446,44.06837196590833,-2.7548503624679537,45.05637744032257,0.6554141720054845,43.75035347901047,3.651794460619138,1.2390764798419818
5158,-0.512291733589407,44.079655119948875,-0.6703578260942514,45.832871211705445,1.3177077299516904,42.87387808067808,3.5648344989078313,1.2696623912944018
5159,-0.5341338244639807,44.098990731192316,-0.7806084321733776,45.94233189631304,1.5362341384312186,43.20423493817968,3.586772149036614,1.283377757934569
5160,-0.5624313726146867,44.16099057528036,-0.7810033929091023,46.05218754165642,1.6464847445102948,43.094774253572076,3.8260935709741757,1.3006615262034429
5161,-0.5405853855922429,44.17431985087866,-0.4522263783504978,46.2730837145504,2.0859073258837504,43.09635409651508,4.06616942178668,1.3329508711527072
5162,-0.48932363898212555,44.135230400985755,-0.12265944232039386,46.27426859675766,2.4162641833853535,42.8778276880356,4.240512235993177,1.394914298620823
5163,-0.4027570620707875,44.06865993010175,-0.12344936379189324,46.493979887444404,2.6375553170151558,42.43919502813362,4.905550642153687,1.4758429824964494
5164,-0.3624949825919113,44.03400135275475,0.0958669661590347,46.60462545425928,3.0765829376528355,42.55063051642002,5.0318528057510195,1.5733416648695624
5165,-0.3393406119513076,44.03824593878519,-3.1938779831057342,44.944941952036196,3.1876234652035116,42.22145854112567,6.938365990943148,1.6301132116474375
5166,-0.30267389738928546,44.04773997701315,-3.0848122592338325,45.16504820345869,3.4069397951544396,42.332104107940516,7.082966679576106,1.6577085363697697
5167,-0.24923809272753988,44.06356645045714,-3.0848122592338325,45.16504820345869,3.2978740712825876,42.111997856518066,7.075295132693425,1.6812501280807386
5168,-0.2060412069555114,44.16913710267996,-3.0848122592338325,45.16504820345869,3.0785577413316094,42.001352289703135,6.92792188167441,1.6276361683192826
5169,-0.17658440212947676,44.278502614925735,0.20453772929516187,46.93458735102513,2.969097056723983,41.891101683624015,5.751481196366193,1.632021122574583
5170,-0.09305478349805599,44.33087430414338,-2.9749566138904813,45.16544316419445,2.8592414113806317,41.89070672288827,6.69042340648895,1.7163611168793012
5171,-0.057131883632604394,44.40165602641504,-2.9745616531547068,45.05558751885107,2.7489908053015055,42.000167407495894,6.488038594334462,1.8063664241278827
5172,0.003982652890259984,44.47133018595967,-2.9741666924189816,44.94573187350769,2.419028908535627,42.10883817063202,6.093810357368489,1.8768378857320107
5173,0.031687313607538396,44.523536986784265,-2.973771731683207,44.83587622816431,2.3091732631922754,42.108443209896265,5.94545193303405,1.9338080733376002
5174,0.08555469527485682,44.541407797417584,-2.973376770947432,44.726020582820965,2.089067011769798,42.217508933768144,5.649864400727332,1.9880911631743563
5175,0.1409856924977261,44.555724775167384,-3.082442494819284,44.50591433139843,1.8689607603473208,42.32657465763997,5.409798111657421,2.0282987573626405
5176,0.15805608893186965,44.56894016103113,-3.0820475340835594,44.396058686055085,1.538998863581492,42.43524542077608,5.019846458873685,2.0538559026491834
5177,0.2119901673807296,44.573780058848634,-2.972191888740208,44.39645364679083,1.2086420060798386,42.65377182925558,4.529493566972342,2.055635012885281
5178,0.2459893499974259,44.581458285752035,-2.9717969280044336,44.28659800144748,1.099181321472212,42.54352122317648,4.428451260052396,2.0642586276117303
5179,0.2553137997652878,44.58081923393047,-2.862336243396857,44.396848607526586,0.7688244639706083,42.7620476316559,3.982198176062661,2.0565433799034007
5180,0.3054679242047254,44.60265143529456,-2.862336243396857,44.396848607526586,0.43846760646900496,42.98057404013541,3.59181565583872,2.0406771010038605
5181,0.358710478200829,44.60087068021902,-0.1277939318852153,47.70239198622144,0.436887763525956,43.41999662150889,4.319464721101943,2.0422812816941867
5182,0.35658404161013446,44.567682367241524,-0.1277939318852153,47.70239198622144,0.3262421967111051,43.63931295145984,4.0883688738652255,2.055712881770086
5183,0.3522416842508785,44.56974851706186,-0.018333247277588723,47.81264259230058,0.3262421967111051,43.63931295145984,4.187530600212941,2.0737237565402658
5184,0.3484141893505025,44.5349323530871,,,,,,2.1075999871433466
5185,0.35444308060298085,44.53824487580992,,,,,,2.1633591010020017
5186,0.34329425075647857,44.56568568825946,,,,,,2.1891985814403463
5187,0.3524927107675583,44.59004958290184,,,,,,2.21100494704379
5188,0.39790059244762943,44.62712222103579,,,,,,2.2259311882931945
5189,0.43306043277606127,44.5986640355925,,,,,,2.249357403503288
5190,0.5207174636893307,44.62322249387898,,,,,,2.2792505326646944
5191,0.5643692263716743,44.67578439752954,,,,,,2.2495330310932067
5192,0.6181249008405689,44.79386153467505,,,,,,2.190532987871563
5193,0.5805741959433087,44.791494547740776,-0.8837497450089586,44.074390964740026,-0.4589407108583182,48.14062968538767,4.088368873865226,2.0862940937331045
5194,0.47587814330674466,44.741760706996494,-0.8841447057447333,44.18424661008338,-0.3486901047791922,48.03116900078005,3.884008690739286,2.0309010771992577
5195,0.4577462667275031,44.70886303341854,-0.8841447057447333,44.18424661008338,-0.23883445943584086,48.03156396151579,3.9010608962978277,1.9997194027275913
5196,0.4271378691197544,44.684474209505304,-0.8833547842731839,43.964535319396646,-0.23962438090739024,48.25127525220255,4.334804272828242,1.9661295662198823
5197,0.417050420850816,44.67399131415781,-0.6624586113792068,43.63575830483807,-0.23922942017161553,48.14141960685917,4.5254951902328475,1.9594469772468572
5198,0.41493669192413596,44.637908603201396,,,,,,1.947194906409049
5199,0.3534475069325636,44.62668830983879,-0.13016369629971375,48.36152585828165,1.7512059002888747,44.52329260377157,4.274527585008077,1.895180024014555
5200,0.30157839820653665,44.680774452817836,-0.1305586570354884,48.471381503625025,1.641745215681248,44.413041997692474,4.428451260052404,1.866860697527574
5201,0.20957355167133088,44.702678071129164,-0.020308050956362376,48.361920819017406,1.2027175950435676,44.3016065094061,4.240512235993169,1.814416927042404
5202,0.09953627901734244,44.73241461325319,-0.13016369629971375,48.36152585828165,0.7640849351415615,44.080315375776316,4.373607642478699,1.7847991182095142
5203,-0.012160683411635089,44.74772722513747,0.089547594386989,48.362315779753175,0.6534393683267109,44.29963170572732,4.101630872965032,1.7510885088777268
5204,-0.1133104816017462,44.7495973284316,0.08994255512271382,48.25246013440983,0.32268755008933264,44.62801375955018,3.631911584402211,1.7243765707734193
5205,-0.16607827533913594,44.718246716269725,,,,,,1.6911883428195198
5206,-0.16908145211228773,44.685084416475824,0.09033751585848851,48.14260448906645,0.21243694401025656,44.737474444157804,3.4073184314199985,1.7064208141885584
5207,-0.17296580790560584,44.6628507735457,-0.12976873556398894,48.2516702129383,0.10258129866685527,44.73707948342206,3.5222627009365164,1.7129825340650522
5208,-0.19045156863514007,44.658678842359954,,,,,,1.711123717392019
5209,-0.21341645630913914,44.65530105680991,,,,,,1.7196374585050553
5210,-0.22297420806452797,44.661061352500376,,,,,,1.7213020945563817
5211,-0.2393945627179803,44.65251014510721,,,,,,1.7203830247846905
5212,-0.2774137865368856,44.64363444117297,,,,,,1.7355284939088302
5213,-0.2718003049289867,44.65282248766794,,,,,,1.7476227143243317
5214,-0.29495444080094996,44.67278620325342,-0.007274346676496162,44.73668452268628,-0.020308050956362376,48.361920819017406,3.625259726100162,1.7326701839107814
5215,-0.29213077386140995,44.69558752551017,-0.13016369629971375,48.36152585828165,-0.0076693074122709225,44.84654016802964,3.517119457451715,1.735437442365929
5216,-0.3159651541967267,44.72037354373959,-0.24001934164311503,48.361130897545905,-0.007274346676496162,44.73668452268628,3.631911584402211,1.7298376096703885
5217,-0.34173772521532775,44.765760662225915,-0.22580075515602466,44.406327665184655,-0.24001934164311503,48.361130897545905,3.954828792109294,1.7242785869920392
5218,-0.3756010848691793,44.82167655413416,-0.33526143976360123,44.296077059105556,-0.3498749869864664,48.36073593681015,4.0646851474456325,1.7353705727391728
5219,-0.3829177925584139,44.89985358323703,-0.44511708510695264,44.2956820983698,-0.3498749869864664,48.36073593681015,4.0661694217866655,1.758315801445
5220,-0.3656117431620797,45.002112470379544,-0.7762638640800554,44.73391979753603,-0.3498749869864664,48.36073593681015,3.6517944606191164,1.74796944182132
5221,-0.3494188263106825,45.05820306142402,-0.7770537855516049,44.953631088222764,-0.3498749869864664,48.36073593681015,3.4337800126407774,1.677983803398249
5222,-0.39326830822479675,45.053981229869365,,,,,,1.5884943549353114
5223,-0.4890799391189403,45.0703210962126,,,,,,1.5128663687024508
5224,-0.5307554779831202,45.07180874016575,,,,,,1.4494718401832074
5225,-0.5742550173020695,45.0446558266816,-2.315822741830273,45.167812928608974,-0.34948002625074154,48.2508802914668,3.6567482876227424,1.4137212832438273
5226,-0.5966383648474047,45.021908501855066,-0.34948002625074154,48.2508802914668,-0.11712999201984747,44.736289561950535,3.5222627009365173,1.4196572271118084
5227,-0.5713997984012739,44.984929853255544,,,,,,1.4487353070582416
5228,-0.545736276775046,44.9970130089694,,,,,,1.518081189792287
5229,-0.5408639995012812,44.972307935993804,,,,,,1.532700506273464
5230,-0.5270066511017524,44.96454645473781,,,,,,1.5761349634393076
5231,-0.5878274271020976,44.899144401364076,,,,,,1.5956364550267619
5232,-0.6384420694187617,44.79165426355115,,,,,,1.6212055945912327
5233,-0.6961693329239669,44.703770556642816,,,,,,1.6465477801272397
5234,-0.7493559219178265,44.67374968332562,,,,,,1.6626125707675898
5235,-0.7743012100364769,44.61134075823356,-2.7497158729031823,43.62825405085875,-0.6790469622808455,48.24969540925956,5.064127759699091,1.6860625150801887
5236,-0.7840577570444657,44.56013543812375,-2.8599664789823085,43.737714735466376,-0.8987582529675984,48.24890548778803,4.91906288937437,1.6983622248877348
5237,-0.7753247147050493,44.548335433709006,-2.749320912167408,43.51839840551543,-0.7889026076241968,48.2493004485238,5.121003228795006,1.715618703766688
5238,-0.7436185833347468,44.545614012161195,-2.529609621480705,43.51918832698692,-0.8983632922318234,48.139049842444656,4.899396392280935,1.7400459125346144
5239,-0.6541856059554103,44.558991779169375,,,,,,1.7777628303421147
5240,-0.6335005858815507,44.57471180490405,,,,,,1.8129758559064675
5241,-0.6548598398985153,44.58124839935731,,,,,,1.8350609770709794
5242,-0.7016629130532795,44.654404935782125,,,,,,1.786036724750473
5243,-0.8062352143919654,44.72731310341265,,,,,,1.7245935463214312
5244,-0.8363975252200269,44.83204443664208,,,,,,1.671365928915634
5245,-0.8868259118915527,44.82022386123027,,,,,,1.627215015643816
5246,-0.9143668562362517,44.82122874458229,,,,,,1.608472193985241
5247,-0.9834505358953683,44.79221644419062,,,,,,1.6006817300282523
5248,-0.9865959859113104,44.82945975248424,,,,,,1.5838285973348278
5249,-0.9131957721237379,44.907756075526365,,,,,,1.5484758537131365
5250,-0.9382254820910948,44.913816966222996,,,,,,1.5590112215470542
5251,-0.9338409568986359,44.9877668722484,,,,,,1.5762003692755673
5252,-0.9200783913537852,45.06078845605886,-0.6798368837523451,48.46940669994628,0.20572261150243604,46.605020414995025,2.0640135268815714,1.6133056158356127
5253,-0.8898111861565374,45.11365188553904,-0.45973063232981776,48.360340976074404,0.42424901998186454,46.93537727249663,1.6768844868431587,1.6420555255750804
5254,-0.8782540483486725,45.175129819853936,-0.3506649084579658,48.58044722749691,0.5333147438537665,47.155483523919166,1.6768844868431334,1.6638544171604426
5255,-0.8601074163799832,45.20521009404281,-0.4601255930655924,48.47019662141778,0.8620917584123708,47.37637969681311,1.716011127324334,1.678208110189408
5256,-0.8301208252794453,45.22416913455538,-0.4605205538013172,48.58005226676115,0.8616967976765962,47.48623534215652,1.7160111273243146,1.6899265595562696
5257,-0.8394359043034895,45.28768424267663,-0.5699812384089937,48.46980166068203,1.081408088363299,47.48702526362801,1.9217013699282002,1.6891911914667452
5258,-0.8483881038456544,45.36319601473318,-0.5699812384089937,48.46980166068203,1.0806181668917993,47.706736554314745,1.8184462470292138,1.6722138001092324
5259,-0.8297327260992711,45.41661578100335,-0.5703761991447184,48.5796573060254,0.5321298616464922,47.485050459949235,1.553603476295701,1.6423551799513203
5260,-0.8127870783042161,45.47961903690359,-0.5703761991447184,48.5796573060254,-0.016358443598815022,47.26336436558374,1.428132619372785,1.5940687763342454
5261,-0.7542209925602011,45.53909252283588,,,,,,1.5404777398905682
5262,-0.6673735083596348,45.5470578971038,-2.7548503624679537,45.05637744032257,-0.5703761991447184,48.5796573060254,4.145531133919225,1.5389957524172344
5263,-0.5369593712182221,45.583104601218906,,,,,,1.5369196067191226
5264,-0.5247554787151651,45.692292564723196,-2.534744111045526,44.947311716450685,-0.5699812384089937,48.46980166068203,4.033389214159917,1.5461966630496355
5265,-0.6478639666951768,45.863763894456426,-1.9925751775722151,46.92668813631006,-0.5699812384089937,48.46980166068203,2.0988027217543777,1.5710361191001743
5266,-0.6508811319076842,45.95282493793439,,,,,,1.550378175249345
5267,-0.685511163716386,46.02184614812818,-2.534744111045526,44.947311716450685,-0.5699812384089937,48.46980166068203,4.033389214159917,1.4986557206237952
5268,-0.7447872605673054,46.0934186532732,-2.535139071781251,45.057167361794065,-0.5699812384089937,48.46980166068203,3.9380094169530317,1.4587254085118215
5269,-0.8083316154497759,46.108141871076924,,,,,,1.4529978091709015
5270,-0.7941839345343576,46.1041155397964,-3.087182023648331,45.82418207551887,-0.5699812384089937,48.46980166068203,3.6517944606191244,1.4528690439700582
5271,-0.7639096937029863,46.12453132545325,-2.978116299776479,46.04428832694135,-0.46091551453709184,48.6899079121045,3.651794460619129,1.443949445559329
5272,-0.708740264779594,46.109376078468166,-2.9789062212479784,46.26399961762808,-0.3510598691937405,48.690302872840256,3.5766637997242503,1.4339576843230848
5273,-0.6914805923304926,46.07928896195253,-2.869840497376127,46.48410586905059,-0.3510598691937405,48.690302872840256,3.348366926195127,1.4234414127980701
5274,-0.6701760436567566,46.08062482850513,-2.759984852032726,46.484500829786334,-0.3510598691937405,48.690302872840256,3.266264261520614,1.408602090048185
5275,-0.6361544499098449,46.07860209802887,-2.759984852032726,46.484500829786334,-0.3510598691937405,48.690302872840256,3.266264261520614,1.4206728214853421
5276,-0.6335708462996711,46.04767011472257,,,,,,1.4471554703632994
5277,-0.6248271827144892,45.969317049885554,,,,,,1.4947917639025905
5278,-0.6070501902477308,45.87977692330487,,,,,,1.5399670751172325
5279,-0.5861326824215536,45.751000938990714,-2.6445997563888777,44.946916755714945,-0.4605205538013172,48.58005226676115,4.239089006472981,1.5659616903238287
5280,-0.5626612928393103,45.65243042747629,-2.754060440996454,44.83666614963581,-0.3510598691937405,48.690302872840256,4.541467575851897,1.6033760025066581
5281,-0.5292285027312199,45.51296216920859,-2.5331642681024773,44.507889135077185,1.2003478306290192,44.96074038146631,3.760875807937635,1.6758845569989707
5282,-0.56925331386105,45.3362072774991,-2.4225187012875766,44.28857280512626,1.3113883581796446,44.63156840617196,3.749627702996118,1.7847410394382275
5283,-0.5949825657273445,45.19939461467774,-2.423308622759076,44.508284095812954,1.4220339249944953,44.41225207622095,3.8465414931274506,1.8472354681299434
5284,-0.650244491392897,45.14301316522124,-1.765359632906142,44.84022079625758,1.3145480440656927,43.752723243424995,3.266264261520625,1.8797114156137533
5285,-0.6510667231158338,45.069920672880755,-0.4605205538013172,48.58005226676115,1.2054823201938407,43.53261699200253,5.315276891097742,1.9206126781937487
5286,-0.6109688002730533,44.956433620232886,-0.569586277673219,48.35994601533865,1.20627224166534,43.312905701315785,5.35035413894064,1.9590406421229805
5287,-0.5027577451854649,44.77722051591689,-0.5691913169374941,48.2500903699953,1.3153379655371922,43.53301195273829,5.079594414031131,1.9371269165708378
5288,-0.34404091015930555,44.58316135076207,-0.4593356715940929,48.25048533073105,1.3165228477444662,43.20344501670818,5.350354138940634,1.885462040811676
5289,-0.25480800447910124,44.493453165474094,-0.4589407108583182,48.14062968538767,1.20627224166534,43.312905701315785,5.10684374576268,1.8197641275692016
5290,-0.27117608865375503,44.55247263854491,-0.4589407108583182,48.14062968538767,1.097601478529213,42.98294380454993,5.387443478379727,1.7893570891296675
5291,-0.3390305805299055,44.75156041473886,-0.45854575012254356,48.0307740400443,0.8778901878425104,42.98215388307843,5.222511513209583,1.7539022702636635
5292,-0.33617810259357417,44.77771712853184,-0.6774671193377968,47.810272827886074,0.7684295032348337,42.871903276999305,5.145688570472612,1.7703981267134905
5293,-0.3203167797949446,44.75408333574336,-0.5680064347302201,47.920523433965194,0.8790750700497345,42.65258694704833,5.463076030192703,1.7683474465076214
5294,-0.23329466924614284,44.62265677697314,-0.5680064347302201,47.920523433965194,0.44281217456227706,41.7721619413584,6.230899076751451,1.7878429700513634
5295,-0.18042656328490142,44.558122247787644,-0.45815078938681875,47.92091839470095,0.553062780641403,41.662701256750736,6.339387559531498,1.809518874068714
5296,-0.14489919878338062,44.59774412426711,-0.45854575012254356,48.0307740400443,0.44320713529800176,41.66230629601499,6.431993444734394,1.8256829793051876
5297,-0.1192656413430297,44.65923717757205,-0.45854575012254356,48.0307740400443,0.9889307153930859,42.652981907784074,5.569186326207957,1.829946841183216
5298,-0.09704960567672355,44.698434912382226,-0.5684013954659448,48.03037907930855,0.9889307153930859,42.652981907784074,5.598364372192298,1.816189538729509
5299,-0.059767772071157556,44.70753347741015,-2.2118915075231924,46.81604256949524,-0.6786520015450709,48.13983976391617,2.0256511038796177,1.827233798346755
5300,-0.040947716900703084,44.71530080001284,-2.3213521921308193,46.70579196341608,-0.7885076468884222,48.139444803180425,2.0988027217543763,1.8346998122986165
5301,-0.09665284964714714,44.74695181561502,-2.649734245953649,46.37504014517873,-0.7889026076241968,48.2493004485238,2.64112590970269,1.8573498683061664
5302,-0.10034500945483403,44.77893766950982,-2.5394836398745233,46.265579460571075,-1.0078239768394002,48.02879923636552,2.335578151362389,1.8543024223921225
5303,-0.11587009463389146,44.82741830477486,-2.869050575904627,46.264394578363834,-1.0078239768394002,48.02879923636552,2.5646224381467704,1.8553549839607577
5304,-0.12003863528680742,44.80429332193126,-2.8686556151689024,46.15453893302048,-1.0074290161036752,47.91894359102218,2.5646224381467704,1.8521406062247787
5305,-0.1475112156643859,44.80554722306557,-2.758405009089726,46.04507824841286,-1.0074290161036752,47.91894359102218,2.564622438146766,1.8683357227569501
5306,-0.1315648034838879,44.756125581902126,-2.8682606544331275,46.04468328767711,-1.1168897007112522,47.80869298494304,2.4857655620731416,1.8433567797823571
5307,-0.13711643705882867,44.691991580122924,-2.9785112605122537,46.15414397228473,-1.2259554245831539,47.58858673352057,2.264746783486181,1.8373849013683037
5308,-0.15257000770342005,44.672911107899225,-2.8686556151689024,46.15453893302048,-1.3350211484550059,47.36848048209804,1.955936799098985,1.8341813156026336
5309,-0.15207758281259187,44.597086148611275,-2.8706304188476763,46.70381715973732,-1.3342312269835062,47.14876919141137,1.5995326777692391,1.8275347252847434
5310,-0.16738540772760774,44.51494075890999,-2.8706304188476763,46.70381715973732,-1.4432969508553584,46.92866293998884,1.4449347576094158,1.82919638468332
5311,-0.2229250832703438,44.41294231438163,-2.7611697342399992,46.81406776581647,-1.4425070293838589,46.708951649302115,1.322845692864302,1.8626990112832924
5312,-0.2636821984871658,44.3589051691226,-2.5430382864962957,47.25428026866141,-1.5515727532557104,46.488845397879636,1.2525551664548793,1.898161812128142
5313,-0.24551919542975228,44.22903147695766,-2.5426433257605705,47.144424623318066,-1.5503878710484864,46.159278461849524,1.398243128666153,1.9308312433476862
5314,-0.24732461173629253,44.19454002233794,-2.4335776018886692,47.36453087474052,-1.5492029888412122,45.82971152581943,1.771380504020941,1.94495441202688
5315,-0.19610567429437345,44.121741010905296,-2.5422483650247965,47.034568977974644,-1.5480181066339378,45.500144589789315,1.8283741438113625,1.951046481690972
5316,-0.18050784713683685,44.11845587911138,,,,,,1.9166440241823584
5317,-0.14880833099946464,44.07238179553804,,,,,,1.870804117510667
5318,-0.10906979699569146,44.00477351991586,,,,,,1.9096830463874492
5319,-0.027913023346472547,43.93224496436819,,,,,,1.9030083030479596
5320,0.17480534149188057,43.81539582865131,,,,,,1.901294582592426
5321,0.409089195376277,43.72899322829242,,,,,,1.898237827374999
5322,0.5732727341075989,43.58374290499981,,,,,,1.847228544442298
5323,0.569759838137161,43.55790062317561,,,,,,1.8358233354830185
5324,0.5176119805738851,43.570706520959206,,,,,,1.8501855725899492
5325,0.4537281831371412,43.585480645104006,,,,,,1.8582439649892615
5326,0.4063945806125784,43.5459976769,,,,,,1.824269486398609
5327,0.3644066625397659,43.54015078968841,,,,,,1.7479725330121656
5328,0.351588692783436,43.583632653212305,,,,,,1.590549674015335
5329,0.27751132564970526,43.63140761901172,,,,,,1.5771050081098443
5330,0.2394110063093769,43.66550783656501,-1.109780407467707,45.83129136876242,1.974866798333125,43.42552607180943,3.9118735981979773,1.5680892582492438
5331,0.25176060940678924,43.70449806721708,,,,,,1.5949453420820874
5332,0.2968346460920478,43.72691918857475,-1.6590586341845637,45.829316565083644,2.194183128284153,43.53617163862431,4.483969863165795,1.635269770445506
5333,0.2993026489901063,43.77480284293016,-1.9886255702146676,45.828131682876396,-0.8833547842731839,43.964535319396646,2.1667060059524825,1.6705235948109212
5334,0.319620083544853,43.78813242298593,-2.427653190852348,45.71669619459003,-0.7742890604013318,44.184641570819146,2.2540639560757416,1.6740831829168186
5335,0.2955125550539371,43.81820324112059,,,,,,1.6657761409469432
5336,0.22994679493789802,43.8758120501624,,,,,,1.6404670458806119
5337,0.16363556925095135,43.92975555010777,,,,,,1.609382700782706
5338,0.08845926904080002,43.981260213994496,,,,,,1.6169117122540548
5339,0.06592472404154265,43.97535135932771,,,,,,1.6266008687108808
5340,0.09856327087497722,43.98389132789565,,,,,,1.6331940431168677
5341,0.06956297313540419,44.01883828849648,,,,,,1.6473208272915103
5342,0.0834962740111318,44.024563446358115,,,,,,1.6425469395019405
5343,0.07910993624940514,44.0758332741787,,,,,,1.6450418687167547
5344,0.07349431207343855,44.0700634677954,,,,,,1.606753041961201
5345,0.07717475009815575,44.060871541375704,,,,,,1.5825737856198716
5346,0.08279060328789403,44.05508076941326,,,,,,1.561513347344067
5347,-0.0345887620266466,44.13999134562427,,,,,,1.5540959376075745
5348,-0.12580934860343918,44.17230586571695,,,,,,1.5373550094992143
5349,-0.22105812864895474,44.190155411166494,,,,,,1.526305198106276
5350,-0.22244763675887547,44.18520441180687,,,,,,1.4942168317771718
5351,-0.24701610386044864,44.234958335534884,,,,,,1.525246717769133
5352,-0.2672302937096736,44.31685049500463,,,,,,1.5497018317511257
5353,-0.22735350925166528,44.32343353873388,,,,,,1.5207612091826752
5354,-0.25464501581733245,44.378695376813454,,,,,,1.5431678601535839
5355,-0.31537745606100415,44.366144757358164,,,,,,1.546405631084223
5356,-0.3493138509604119,44.38042725622894,,,,,,1.530906967941514
5357,-0.39486185655735745,44.40253758727283,,,,,,1.5146345896934374
5358,-0.43638012381316216,44.446579888658285,,,,,,1.5042994690853848
5359,-0.3945982079130764,44.340474193144196,,,,,,1.526930196043712
5360,-0.33831605818876026,44.27028788424264,,,,,,1.5475867220924115
5361,-0.30481434937688817,44.24257980156711,-2.208731821637195,45.93719740674825,-0.011223954034043514,45.83524097611994,2.1998718012475176,1.6306602043849472
5362,-0.25518846483980806,44.20828509904245,,,,,,1.7359378419717049
5363,-0.2770122663167093,44.25957295814777,,,,,,1.7999300549182988
5364,-0.29262000626740436,44.29438283508389,,,,,,1.8341069918853337
5365,-0.2952426532578631,44.298558321827784,-0.2175065797052052,42.09935911297395,0.9924853620148584,41.66428109969377,1.2858356724975901,1.838581196127213
5366,-0.28779936945934564,44.31150562381675,-0.21711161896943057,41.989503467630556,0.9932752834864079,41.444569809007064,1.3273993920208853,1.8292822655436258
5367,-0.2386691589786906,44.2998440096465,-0.4368229096561333,41.98871354615905,1.1039208503012587,41.22525347905606,1.719523948047442,1.853653799168918
5368,-0.18707639921093033,44.26193958717322,,,,,,1.8941469307394836
5369,-0.1996485127764318,44.236618894629274,,,,,,1.9346023795956375
5370,-0.1766129642690576,44.28521494961175,-0.22619571589174944,44.51618331052801,0.8790750700497345,42.65258694704833,2.1667060059524568,1.9586496663035526
5371,-0.1589839950380244,44.31905690200694,-0.00648442520499679,44.5169732319995,0.7696143854421079,42.5423363409692,2.121678631486345,1.9886266612760986
5372,-0.12349788915690411,44.36637975526186,-0.11634007054834818,44.51657827126376,0.7696143854421079,42.5423363409692,2.1639192446629387,2.0090099440693754
5373,-0.09960151930926536,44.396794379606014,,,,,,1.9696370436103838
5374,-0.0948042935998886,44.392208241378746,,,,,,1.944778608277216
5375,-0.09578515381244754,44.41652773678376,,,,,,1.9389578934803684
5376,-0.08437963921445156,44.38572351670057,,,,,,1.914737725968483
5377,-0.02855683229416068,44.330870849436636,,,,,,1.860372472241595
5378,-0.015219777961111507,44.30006989166853,,,,,,1.8087250806559112
5379,0.09761312129970681,44.18831022951577,-1.6618233593348368,46.59830608248721,1.0964165963219388,43.31251074058004,4.290027818310801,1.8556090644682102
5380,0.1489098359037415,44.13733468372924,,,,,,1.8964468452683763
5381,0.23940156309214,44.13041088235727,-1.7708890832066886,46.378199831064755,1.3157329262729167,43.42315630739491,4.27311568485892,1.9543459787161714
5382,0.25243833860500964,44.17084548209631,-1.8811396892858148,46.48766051567236,1.535839177695444,43.31409058352303,4.6633990491527175,2.0312037062558885
5383,0.27545109367708254,44.190627557608416,-1.7712840439424133,46.48805547640811,1.535839177695444,43.31409058352303,4.5837885143583295,2.1053819197470083
5384,0.31542376152867463,44.1973714469955,-1.771679004678188,46.59791112175146,1.535839177695444,43.31409058352303,4.660810428887125,2.158956062599491
5385,0.31200744220088245,44.21246057762246,,,,,,2.170619721047213
5386,0.33185943385545186,44.19941700559447,-2.5371138754600246,45.60644558851087,1.865801074461323,43.205419820386965,5.015035871799482,2.123151689405905
5387,0.3082435522686961,44.21062200604175,-2.427653190852348,45.71669619459003,1.7555504683821468,43.314880504994555,4.82368235494628,2.021440072044705
5388,0.23505001464149958,44.27381245246192,-2.3181925062447717,45.82694680066915,-1.001899565803129,46.38096455621503,1.4281326193728046,1.925504860373806
5389,0.16179498673390416,44.32061914129222,-2.3181925062447717,45.82694680066915,-0.8916489597240032,46.27150387160738,1.49420797730478,1.8396675202357853
5390,0.12690258553887546,44.38687092094971,,,,,,1.7851756488097057
5391,0.08073484055421108,44.491593102397836,-2.6477594422748756,45.82576191846187,-0.451831417614773,46.16322806920705,2.221707292238648,1.686564932434072
5392,0.060086080113017436,44.55767742607362,-2.648549363746375,46.045473209148604,-0.45143645687899836,46.05337242386367,2.19712710672739,1.6040422596821622
5393,0.13728658459227383,44.51433236025204,-2.648549363746375,46.045473209148604,-0.341580811535647,46.05376738459942,2.3069834620637426,1.588782209880537
5394,0.181828712077798,44.51391478881312,-2.648549363746375,46.045473209148604,-0.341580811535647,46.05376738459942,2.3069834620637426,1.627095686788973
5395,0.23551112905071991,44.50749566715129,-2.318587466980546,45.9368024460125,-0.45104149614327366,45.943516778520305,1.8675580407182797,1.6412387565210573
5396,0.23823239632484805,44.51609252521953,-2.0980862548222445,45.71788107679727,-0.45143645687899836,46.05337242386367,1.6804790986569935,1.6513655179815698
5397,0.25833985157875267,44.51704082941454,-1.7685193187921402,45.719065959004524,-0.5616870629581743,46.162833108471304,1.2858356724975797,1.6355417618048411
5398,0.3294793210684123,44.50080668368422,-1.5480181066339378,45.500144589789315,-0.5616870629581743,46.162833108471304,1.1882781663025965,1.5917552947352278
5399,0.4009712116037571,44.48465049102238,-1.4381624612905366,45.50053955052507,-0.45104149614327366,45.943516778520305,1.081959622331483,1.5675200378144196
5400,0.48045810866982774,44.46543073970768,-1.3279118552114606,45.391078865917464,-0.45143645687899836,46.05337242386367,1.0985635533636884,1.5306737183715338
5401,0.5623714650131281,44.40696421602923,-0.9983449191813566,45.39226374812472,-0.7810033929091023,46.05218754165642,0.6947925966154292,1.5041836872052223
5402,0.5549989885570742,44.41394610962628,,,,,,1.5134616349114132
5403,0.5503602303661473,44.378711307403265,-0.9999247621243554,45.83168632949817,1.7579202327966452,42.655746632934346,4.206221816811483,1.5303327216559575
5404,0.41898539646133925,44.48330418854938,,,,,,1.6250568638136156
5405,0.3021444363275745,44.54683852568532,,,,,,1.703915536075816
5406,0.29664329610895485,44.57023262335689,,,,,,1.7750599382886643
5407,0.2699528510295635,44.57506605972989,,,,,,1.8119548898477973
5408,0.2748321814517546,44.531436526783125,,,,,,1.845346195061788
5409,0.23627698384133725,44.50996598221527,-2.322142113602319,46.925503254102814,-1.4440868723268576,47.14837423067562,0.905898713394482,1.8741777970588123
5410,0.1839305848012066,44.49946767249397,-2.321747152866544,46.815647608759484,-1.4444818330625824,47.258229876018966,0.9825851131699725,1.88318907045981
5411,0.14890989955909245,44.50522150245341,,,,,,1.8410593890726006
5412,0.14177335208551517,44.492615749313856,,,,,,1.8429037158216102
5413,0.18518711378985114,44.45550805456593,-2.320957231395045,46.59593631807271,-1.6641931237493353,47.25743995454744,0.932162085777446,1.8321555049334046
5414,0.2783610703121756,44.366579879454434,-2.211101586051693,46.59633127880846,-1.8839044144360877,47.25665003307594,0.7369388348774996,1.8262280496868701
5415,0.3394636718240944,44.34317899010017,-1.8842993751718624,47.366505678419266,-0.00806426814804561,44.956395813373014,3.054322795387209,1.8232839739039906
5416,0.3860341010464045,44.38511752724458,-1.9945499812509884,47.47596636302692,-0.00806426814804561,44.956395813373014,3.2084827010668717,1.8111923221214459
5417,0.39009050456600314,44.45050027212561,-2.214656232673466,47.58503208689879,0.10258129866685527,44.73707948342206,3.6715696654567243,1.8152570001176915
5418,0.3976699422741253,44.48745153971528,-2.4300229552668964,46.37583006665026,-1.9945499812509884,47.47596636302692,1.1831891571949367,1.8209386208497884
5419,0.40667557061290527,44.49591690743978,-2.5394836398745233,46.265579460571075,-1.9945499812509884,47.47596636302692,1.3273993920208988,1.849384710318865
5420,0.3789696994931438,44.534790075776264,-2.429233033795397,46.156118775963506,-1.9945499812509884,47.47596636302692,1.3895851932308847,1.8623394127971746
5421,0.37329221745483965,44.554372828778185,-2.5375088361957494,45.71630123385425,-1.9949449419867133,47.5858220083703,1.9466595762090135,1.8655381724019315
5422,0.378742923155393,44.57996541643616,-2.5363239539885254,45.38673429782417,-1.9949449419867133,47.5858220083703,2.2647467834861796,1.881598888955487
5423,0.3926039161687689,44.578317859107415,-2.4252834264378498,45.05756232252984,-1.9949449419867133,47.5858220083703,2.564622438146762,1.8991356597490472
5424,0.3914954387048301,44.58706474300624,-2.315032820358774,44.948101637922214,-1.9949449419867133,47.5858220083703,2.6570707560314357,1.9338153340076962
5425,0.3708606151695996,44.59273662514529,-2.3154277810944985,45.05795728326559,-1.9949449419867133,47.5858220083703,2.5480991579197454,1.9552969727172822
5426,0.3625913033808957,44.59853141851462,-2.205177175015422,44.94849659865797,-1.9949449419867133,47.5858220083703,2.6456913857285986,2.0075458639332973
5427,0.2676511378816639,44.64015071716196,-2.205177175015422,44.94849659865797,-2.1040106658585653,47.36571575694777,2.419335264443165,2.0833884091487715
5428,0.24136228946139004,44.57988253057378,-2.205572135751147,45.05835224400134,-2.2142612719377412,47.47517644155542,2.4168398174001178,2.1333460430457896
5429,0.19334916298880472,44.559310354576034,,,,,,2.1423954012198307
5430,0.2698215896521591,44.47871214512166,,,,,,2.0826135744913254
5431,0.3223050396102039,44.464681388068485,,,,,,2.091372890033491
5432,0.4020580071742651,44.42129800600834,,,,,,2.0926346092638597
5433,0.4585641991109945,44.42142656560442,,,,,,2.1196302009155543
5434,0.5465384262135763,44.40217775829268,,,,,,2.1175809035201483
5435,0.6179204833396446,44.41692266128134,,,,,,2.1097972521102486
5436,0.6925432633077535,44.42170788564028,-2.4260733479093495,45.277273613216515,-2.210706625315919,46.48647563346511,1.2282313914624783,2.101771800745273
5437,0.7566019622176863,44.428265799467376,,,,,,2.0834432235777847
5438,0.8040102012638742,44.4589677553568,,,,,,2.0512474201378574
5439,0.8266996632327236,44.48878536824978,,,,,,2.028564795589902
5440,0.8033416675388102,44.530067349615955,,,,,,2.0058248824296894
5441,0.8090497151912852,44.57874207002719,-2.7552453232037286,45.166233085665944,1.9724970339186263,44.08465994386962,4.84988126209124,2.0079197766263293
5442,0.7601067861956378,44.63483118885111,-3.084022337762333,44.945336912771936,1.8626413885752753,44.08426498313387,5.021048385494268,2.02689673663848
5443,0.7503069148861667,44.67119168438876,-3.084022337762333,44.945336912771936,0.2152016691605296,43.96848492675419,3.440802064990452,2.03830111047228
5444,0.716305091062814,44.709925210553756,,,,,,2.057013283827252
5445,0.6889824486149588,44.75380751558939,-3.083232416290784,44.72562562208521,-1.9917852561007152,46.70697684562334,2.262080806360173,2.0514640712087147
5446,0.6215782622880996,44.780293833510385,,,,,,2.0699092764540183
5447,0.6107407036904818,44.77840107976577,,,,,,2.061464421896358
5448,0.631573673094148,44.776934485847036,-3.1922981401626855,44.50551937066268,1.642140176417023,44.30318635234912,4.8386705288863885,2.0428537489545784
5449,0.6486847225120362,44.803639948233254,,,,,,2.01969770559666
5450,0.6547508585200016,44.80674575360439,-3.191508218691186,44.28580807997598,1.7519958217603742,44.30358131308488,4.943535990136604,2.008526999587708
5451,0.6348155766558632,44.81862863964946,,,,,,2.018534256418743
5452,0.6182082388505227,44.83227590616292,,,,,,2.044684026576598
5453,0.56848060584125,44.85663959899698,,,,,,2.077059667487241
5454,0.6048805890168778,44.89050512349437,,,,,,2.079888244277728
5455,0.6437111534519947,44.91418365840909,,,,,,2.0871200204272253
5456,0.741430401282997,44.91526073208994,,,,,,2.0397641305411423
5457,0.888892325367038,44.90991664688444,,,,,,1.9858493119311857
5458,0.9532864053666257,44.92820548695175,-2.973771731683207,44.83587622816431,1.970127269504128,44.743793815929855,4.944756465649601,1.9840397062140125
5459,0.8846404949133788,44.952964095099226,,,,,,2.0407045922610942
5460,0.8014232950887538,44.98025222040047,,,,,,2.0753182338787974
5461,0.8119122975577084,44.9895507866275,,,,,,1.9912936422945617
5462,0.8330974315940758,44.995571561929005,,,,,,1.9241104295913587
5463,0.7457818152681498,45.00252358374146,,,,,,1.952609596789964
5464,0.6888201041748556,45.01043137772785,-3.1954578260487327,45.384364533409666,1.7468613321956026,45.73170470254864,4.954509446458449,1.9805812511445122
5465,0.6629268842064436,45.00211876316884,,,,,,1.995226414945926
5466,0.6636165043894915,44.96604019373122,,,,,,1.9999504773870007
5467,0.614905333236707,44.962860829203876,,,,,,2.0081637078602017
5468,0.6046535413099622,44.941541120977035,,,,,,2.019848992119761
5469,0.6042500399297654,44.91037107566009,,,,,,2.022511738933729
5470,0.6512894561818648,44.89761516261739,,,,,,2.0014503054122317
5471,0.661477348660987,44.904338648558905,,,,,,1.9879615422967907
5472,0.7270542327959547,44.89577837431912,,,,,,1.9613224429809952
5473,0.7393098190934729,44.89511740948606,,,,,,1.9577861216044212
5474,0.727374105183733,44.88269856260614,,,,,,1.948827526226915
5475,0.7387926463238343,44.90185736912797,,,,,,1.923439464948253
5476,0.8249561457484278,44.90953964162426,-3.194667904577234,45.16465324272294,0.6526494468552112,44.51934299641403,3.9010608962978304,1.8991035685453679
5477,0.915206721751751,44.91128527641112,-3.194667904577234,45.16465324272294,0.6526494468552112,44.51934299641403,3.9010608962978304,1.9335572328915913
5478,0.9394921657626173,44.929363938688056,-2.9741666924189816,44.94573187350769,0.6522544861194367,44.629198641757434,3.6402093141678047,1.9512295609213386
5479,0.9160597817168556,44.949956659877095,,,,,,1.9536350840607863
5480,0.8888858344288855,44.9301391755727,-2.313452977415725,44.50867905654871,0.7629000529342873,44.40988231180643,3.077939044899288,1.9671225380417128
5481,0.8205577033619974,44.92739497898364,-1.8740303960422693,44.5102588994917,0.7636899744057868,44.190171021119674,2.6570707560314206,1.9758571105145064
5482,0.7507954884967799,44.91079862027812,-1.7633848292273686,44.29094256954075,0.653044407590936,44.40948735107068,2.419335264443209,1.9966981047297252
5483,0.6792208631978386,44.885206218442804,-1.1038559964314358,44.18345668861188,0.5427938015118599,44.51894803567828,1.680479098656979,2.01775139629357
5484,0.5874806972278009,44.88140634174468,-1.542488656333392,43.96216555498215,0.5435837229833594,44.299236744991575,2.113129186510489,2.051902519950103
5485,0.5596765816339453,44.87568377272843,-1.8716606316277713,43.8511250274315,0.43333311690418336,44.40869742959918,2.371472783826625,2.072762802232588
5486,0.5438410553634492,44.859309995504084,,,,,,2.073652663060926
5487,0.5498458707531649,44.83418418507785,-1.4310531680469913,43.52313793434447,3.1852537007889627,42.88059241318587,4.660810428887116,2.0927188043339164
5488,0.4116165985203233,44.79614015081177,-1.2105519558887894,43.30421656512922,3.1852537007889627,42.88059241318587,4.416170829280664,2.132713667887868
5489,0.40172165471640153,44.77725197454615,-1.100696310545388,43.30461152586496,3.1852537007889627,42.88059241318587,4.306873542092226,2.18147561662187
5490,0.4581522881928405,44.782465058024655,,,,,,2.2206692238906953
5491,0.5044125718706362,44.790837063706626,,,,,,2.2580925059223316
5492,0.5657879056714878,44.85894435790749,,,,,,2.325205664532701
5493,0.5349862744485993,44.99492577747636,-1.8783749641355416,45.71867099826877,-1.3294916981544596,45.83050144729093,0.5601596995523213,2.3923070134913793
5494,0.5778680974288195,45.069139514089514,-0.7778437070231045,45.17334237890952,-0.44709188878572625,44.84496032508664,0.4660810428887389,2.396031192897341
5495,0.6392834902338724,45.084978835648755,,,,,,2.3407562374597872
5496,0.6752787763122426,45.105052333441606,,,,,,2.241942808706556
5497,0.7020009179223993,45.11817009860416,,,,,,2.1438819633064568
5498,0.7245303041937607,45.1797610145766,,,,,,2.013342051623004
5499,0.7594982717358566,45.23268915090962,,,,,,1.9034448905997452
5500,0.7189348111041662,45.30593456221252,,,,,,1.8454774277088963
5501,0.6979605894343387,45.350823722553656,,,,,,1.8256726346023715
5502,0.6705427717812965,45.364649727513246,,,,,,1.8170880374299023
5503,0.7083087902645308,45.34837012809332,,,,,,1.8477363082504548
5504,0.7386973821651139,45.30245584848736,-2.0996660977652932,46.157303658170754,-0.5597122592794008,45.613554881754446,1.6331321307603053,1.8807955323554033
5505,0.8161103087179105,45.260443455264806,,,,,,1.896153296270212
5506,0.8463284433264042,45.21599321696632,,,,,,1.9061104673755274
5507,0.9236555547826736,45.155299701315776,,,,,,1.9043836405775123
5508,0.9618063230622532,45.124597115043734,,,,,,1.8929105034474671
5509,0.9834855420915485,45.10770437156252,,,,,,1.8533517501115144
5510,0.9954721803017262,45.05333489309468,-1.880349767814315,46.2679492249856,0.5475333303409068,43.20068029155791,3.911873598197968,1.7687922933255604
5511,1.0102124621153734,45.00767891794978,-1.7708890832066886,46.378199831064755,0.5475333303409068,43.20068029155791,3.933409832649992,1.706774125490257
5512,1.011565864283457,44.980986814576795,-1.7712840439424133,46.48805547640811,0.6605486615702558,42.32223008954667,4.823682354946308,1.6809923953958745
5513,1.0295027321534185,44.97652079733609,-1.5511777925199859,46.378989752536285,-0.6660132580009793,44.624459112928406,1.965170226339945,1.6469078696509816
5514,1.0378490314680122,44.98894361096806,-1.4409271864408097,46.26952906792863,-0.6652233365294801,44.40474782224165,2.019684519184425,1.634311408339819
5515,1.0386912431977051,44.997502911188086,-1.4409271864408097,46.26952906792863,-0.7758689033443308,44.62406415219265,1.7747837357924088,1.6477554045834215
5516,0.9315401584015761,44.99442765259001,,,,,,1.7176523946417557
5517,0.9027643005327383,45.01673275969739,-1.5499929103127117,46.04942281650615,-0.8833547842731839,43.964535319396646,2.188872373322132,1.8234084052279047
5518,0.9935751379624361,44.9559904259571,-1.4401372649693103,46.049817777241906,-1.1026711142241619,43.85388975258177,2.2217072922386403,1.9306554364367743
5519,1.1789800096489484,44.868302247890306,-1.3223824049109145,43.85309983111027,-1.1105703289392064,46.051002659449146,2.208085414640339,1.9748397244010454
5520,1.3032472797404444,44.8063181839647,-1.542488656333392,43.96216555498215,-0.9999247621243554,45.83168632949817,1.9466595762090135,1.9509197189833596
5521,1.4141746178020485,44.748721690878874,-1.542488656333392,43.96216555498215,-0.8896741560452295,45.72222564489054,1.8772262228817451,1.952086768207564
5522,1.3295285577015608,44.71368642629739,,,,,,1.8818616039930374
5523,1.1465760878375981,44.730472155718346,,,,,,1.7981959070404165
5524,1.3048717415182758,44.73193160584103,-1.3219874441751396,43.743244185766926,4.171584744464777,43.54328093186788,5.497210264734982,1.8094835130100726
5525,1.3995537898321393,44.71412644744968,-1.2101569951530147,43.194360919785865,-0.6691729438869773,45.50330427567534,2.371472783826625,1.8242700144848853
5526,1.4411118155138458,44.69275747874398,,,,,,1.8317254287701095
5527,1.3761813906156781,44.64216814812446,,,,,,1.8228400459493705
5528,1.3145474077155266,44.61973701634017,-0.10923077730480282,42.539176655083175,3.292739581717816,43.54012124598186,3.5461658728431984,1.8322816463847975
5529,1.2014984500407164,44.5555892132341,0.44162729235500287,42.101728877388474,0.32150266788205845,44.95758069558028,2.858377080245744,1.8439152444994436
5530,1.0983460734323518,44.53240107952877,0.43214823469695923,44.738264365629306,0.7715891891208814,41.99305811425232,2.7661123484304375,1.8495208242123231
5531,1.0236352293241642,44.50931226656851,0.43214823469695923,44.738264365629306,1.101946046622485,41.77453170577292,3.0384766558194474,1.8766740334292558
5532,0.9544800300420141,44.4303537835286,0.3218976286178331,44.84772505023691,1.431907943388314,41.66586094263677,3.369923159084027,1.9208054258101586
5533,0.8555070225530736,44.38124797300705,0.43175327396118446,44.84812001097265,1.4315129826525892,41.77571658798016,3.2309723410667854,1.9506621530544106
5534,0.7776595712572709,44.31009025321376,0.43135831322540974,44.95797565631604,1.2090369668156133,42.54391618391223,2.5362309091548343,1.9472185137691183
5535,0.6744414385278196,44.234804096888666,0.6581788971557576,42.98136396160691,0.32150266788205845,44.95758069558028,2.0046903658655837,1.9282799641025898
5536,0.6173171488453348,44.273787744086974,0.00022990730277375594,42.64942726116228,0.9747121289059955,46.6077851401453,4.076544210275103,1.895171621768524
5537,0.5771713078590721,44.35599613786066,,,,,,1.8582147159596514
5538,0.5936423664073753,44.502155449212864,,,,,,1.8694565830099432
5539,0.5780822071991119,44.57035986994976,-1.2069973092670168,42.31551575703888,2.0847224436764757,43.42592103254518,3.4739629830771985,1.8652452599831215
5540,0.5855704214715498,44.571039204135815,,,,,,1.845758162456055
5541,0.6631832247077122,44.54528428746706,,,,,,1.8541868047646972
5542,0.7090602838901314,44.50623770806827,,,,,,1.8503063466263263
5543,0.7981487423847541,44.53548497162533,,,,,,1.8336562869780464
5544,0.8828503680459423,44.564383044966235,-0.7691545708365102,42.75651818135538,0.6490948002334388,45.50804380450436,3.0955329966559697,1.8071913795481014
5545,0.9244439053849007,44.645636574245565,-0.8794051769156864,42.86597886596301,1.088517381606894,45.509623647447384,3.2956906600910707,1.7750648443255028
5546,0.9381636269545048,44.73270304969276,-0.8794051769156864,42.86597886596301,1.1983730269502955,45.51001860818314,3.362753101686141,1.8046162562295835
5547,0.9393324068560365,44.79303440510786,-0.8798001376514112,42.97583451130637,1.418479278372723,45.40095288431128,3.341150609775962,1.8414591377490686
5548,0.8760291470883815,44.79035354700964,-0.9908406652020365,43.30500648660072,1.4188742391084974,45.29109723896786,3.122704340262568,1.892148869406749
5549,0.7549494178385385,44.799832944453534,-0.8817749413301849,43.52511273802322,1.200742791364794,44.85088473612293,2.4687145436307962,1.935211158627511
5550,0.6724237433075267,44.80723149399669,,,,,,2.0070833825467975
5551,0.5580590168011657,44.85084886469417,-1.6519493409410186,43.851914948903,0.872360737541964,44.520132917885554,2.61125575660479,2.054562121834671
5552,0.4960544599043736,44.90638379319547,-1.7621999470200946,43.96137563351063,0.981426461413816,44.740239169308076,2.8520368644971845,2.099627507373857
5553,0.4719314380861669,44.95621570497083,-2.0929517652574727,44.289757687333505,0.6534393683267109,44.29963170572732,2.7464088834092357,2.1356843337012363
5554,0.45104909494426143,45.0121406252069,-2.3138479381514996,44.61853470189211,0.6534393683267109,44.29963170572732,2.984374822328704,2.152628221776103
5555,0.4618155095277375,45.040651124043634,-2.4237035834948513,44.61813974115636,0.3250573145038809,43.96887988748994,2.8243981362317765,2.1420468027181747
5556,0.4421620082774881,45.0741055713442,-2.531979385895253,44.17832219904708,0.43412303837568283,44.18898613891242,2.966121594081971,2.1615779263436323
5557,0.4071491389403723,45.14107774214166,-3.0820475340835594,44.396058686055085,0.32466235376810626,44.07873553283333,3.42145674290306,2.176542547780113
5558,0.44096587907762314,45.20134499549923,-2.9717969280044336,44.28659800144748,0.2148067084247549,44.07834057209757,3.193401617802399,2.1765769003791213
5559,0.4519941386138422,45.27257413181322,-3.191113257955461,44.175952434632585,0.10534602381712829,43.968089966018454,3.3030062976389707,2.1762103750459625
5560,0.4932630743523624,45.3299307768744,-3.190323336483912,43.95624114394586,0.10495106308135359,44.07794561136183,3.2975210910347985,2.1843091159968497
5561,0.48770536804109665,45.354714100532014,-3.190323336483912,43.95624114394586,-0.004509621526223137,43.96769500528267,3.185834304754706,2.2124340411058334
5562,0.5417808273548239,45.37184003450611,-3.190323336483912,43.95624114394586,-0.0056945037334972465,44.297261941312804,3.2028356165470053,2.222098049501697
5563,0.5543655621635214,45.35041443689813,-3.189928375748187,43.84638549860248,-0.004904582261997825,44.077550650626044,3.193401617802413,2.249312928294387
5564,0.5490977226693627,45.38234012648333,-3.189928375748187,43.84638549860248,-0.004904582261997825,44.077550650626044,3.193401617802413,2.265737092011168
5565,0.5904501003885886,45.36336732994415,-3.189928375748187,43.84638549860248,-0.11555014907684859,44.29686698057705,3.1072069525914294,2.2509544163660578
5566,0.5976137112046376,45.32948864225368,-3.0804676911405107,43.9566361046816,-0.004904582261997825,44.077550650626044,3.077939044899296,2.2179377413237042
5567,0.5703208821168394,45.24401586554954,-3.0812576126120597,44.17634739536833,-0.2246158729487505,44.07676072915455,2.8583770802457513,2.1947635594366597
5568,0.5706683586312002,45.2174879189491,-3.0812576126120597,44.17634739536833,-0.44353724216395374,43.856259516996296,2.657070756031443,2.1725303171264763
5569,0.570734354076977,45.207870008041695,-3.0812576126120597,44.17634739536833,-0.22382595147725107,43.8570494384678,2.8752159715987506,2.1722557806389884
5570,0.570042626464141,45.21461392085872,-3.0812576126120597,44.17634739536833,-0.3332866360848276,43.74679883238869,2.7813407658526286,2.170735644079344
5571,0.6041974057680577,45.21435579598508,-3.0812576126120597,44.17634739536833,-0.33289167534910297,43.63694318704532,2.800798497761629,2.1681279616363827
5572,0.6073389333342254,45.22139801838816,-3.0812576126120597,44.17634739536833,-0.33289167534910297,43.63694318704532,2.800798497761629,2.1625776901101945
5573,0.5867533848430485,45.17600934936659,-2.971007006532934,44.066886710760734,-0.3324967146133281,43.527087541701995,2.6931616556534497,2.1569177643872823
5574,0.6075170119195085,45.15500308311443,-3.191508218691186,44.28580807997598,-0.3324967146133281,43.527087541701995,2.9579728929873856,2.137849861323975
5575,0.6004850321287036,45.1462901056943,-3.191508218691186,44.28580807997598,-0.3324967146133281,43.527087541701995,2.9579728929873856,2.1245399065180406
5576,0.6041385976740735,45.14860888336182,-3.191508218691186,44.28580807997598,-0.3324967146133281,43.527087541701995,2.9579728929873856,2.1277511041382016
5577,0.6165821475489122,45.16353163080432,-3.191508218691186,44.28580807997598,-0.3324967146133281,43.527087541701995,2.9579728929873856,2.1182567012687623
5578,0.62346448262043,45.21039443004602,-3.1907182972196866,44.066096789289226,-0.3324967146133281,43.527087541701995,2.9086013106407607,2.1188531443168666
5579,0.6313147594690938,45.2516467280065,-3.189928375748187,43.84638549860248,-0.3324967146133281,43.527087541701995,2.875215971598743,2.153571937667953
5580,0.603739973176206,45.307040158929354,-2.529609621480705,43.51918832698692,-0.3332866360848276,43.74679883238869,2.208085414640325,2.166017526045248
5581,0.5843451617429762,45.400774238128434,-1.7610150648128704,43.63180869748052,-0.44353724216395374,43.856259516996296,1.3364602439103974,2.1191843628039067
5582,0.561356778701173,45.45958277222757,-1.3215924834394148,43.633388540423546,-0.5541828089788544,44.075575846947295,0.8856902520104687,2.073916871569589
5583,0.48863747778690175,45.50172616780591,-1.1030660749598866,43.96374539792515,-0.6640384543222059,44.075180886211555,0.45294935669723,2.0693519085915564
5584,0.4355142964728355,45.55224128693272,,,,,,2.1214153638625355
5585,0.4288652023377043,45.6154269390356,,,,,,2.192502029379639
5586,0.36814615879194995,45.73783793266681,,,,,,2.247523962400615
5587,0.34325511982783863,45.81402397768355,,,,,,2.2742240279336805
5588,0.2573874832195979,45.98125026497727,1.424008728673269,43.862973849504094,1.6468797052460697,42.9849186082287,0.90589871339446,2.282085611777912
5589,0.26091202934308,46.044461948322095,1.3133631618584183,44.0822901794551,1.757130311325146,42.8754579236211,1.2858356724975655,2.310839801317649
5590,0.2121519660755342,46.11148472947024,,,,,,2.33597168171495
5591,0.24000323120091424,46.15531631061605,,,,,,2.364791093414272
5592,0.3411364831139594,46.129720614955005,,,,,,2.3952523409325988
5593,0.42486520281311135,46.0525583912161,,,,,,2.417743081019285
5594,0.5105741851914448,46.003063471694645,,,,,,2.4209704288138583
5595,0.5339855807058075,45.97991725002008,,,,,,2.3965581200798516
5596,0.5993728525281777,46.01344766593319,,,,,,2.3648072666663067
5597,0.6035013110184116,46.09090084449427,,,,,,2.32187357575333
5598,0.6100333775445598,46.14049802282902,,,,,,2.3066392748755167
5599,0.6026233824654236,46.134263572198144,,,,,,2.2879042800587026
5600,0.6073751452620143,46.10645506972881,,,,,,2.2445757663467316
5601,0.5849424249211227,46.0894373624218,,,,,,2.205681695187199
5602,0.5590451897316562,46.1228269113028,,,,,,2.169113940667656
5603,0.5402335699311885,46.14837157640411,,,,,,2.152759365687306
5604,0.601730770034071,46.12351251214622,-1.5535475569344843,47.03812362459644,-1.2231906994328807,46.81959721611701,0.3960927221008487,2.144164710907221
5605,0.6171494935760055,46.093870553251904,-0.7833731573236508,46.71132141371664,-0.12423928526344273,46.71369117813113,0.6591381320182208,2.1496193862323443
5606,0.6536090471377692,46.055333736314324,-0.014383639920091397,46.71408613886688,1.203112555779292,44.19175086406269,2.8007984977616407,2.144750356908068
5607,0.6788435588723745,46.0262725511416,0.20493269003093667,46.82473170568181,0.9837962258283142,44.081105297247845,2.852036864497195,2.142829108680885
5608,0.6751232078095235,45.992039502265264,-0.5636618666369481,46.712111335188126,0.3143933746385132,46.934982311760876,0.9058987133944747,2.1546974110128767
5609,0.6889084168858379,45.953282436113426,0.20532765076666132,46.714876060338405,0.9837962258283142,44.081105297247845,2.7464088834092237,2.1696770177121305
5610,0.691919062426038,45.908162812992686,0.20611757223821078,46.49516476965167,0.8739405804849629,44.08071033651209,2.5051103329097315,2.180708829488257
5611,0.6621819105074718,45.918603809275965,0.09744680910203368,46.16520287288583,0.7644798958773362,43.97045973043294,2.2938680433269676,2.178705601863586
5612,0.6351764374657944,45.879912097146835,,,,,,2.188270098398441
5613,0.6692644551710364,45.90703681374745,,,,,,2.254226546319325
5614,0.7002989833058378,45.909879223207255,,,,,,2.266651221368081
5615,0.7444293832639293,45.89563551873742,,,,,,2.254531475352716
5616,0.8054643147566695,45.883426425651095,,,,,,2.2132042520803155
5617,0.8221918275292912,45.84446256480464,,,,,,2.149542906140308
5618,0.8417833507610095,45.82504915659,,,,,,2.0596569783179977
5619,0.8236337196675781,45.793709335572295,,,,,,1.959631921035369
5620,0.7154382009128598,45.81114215069997,,,,,,1.8969337877294108
5621,0.6220152809012868,45.86120970821275,,,,,,1.8404134047972969
5622,0.5217833153441611,45.92852620637996,,,,,,1.7840043570188318
5623,0.4906663229391076,45.94323620586466,,,,,,1.7865078815855864
5624,0.48255503469274985,45.97678420519972,-1.6594535949203384,45.939172210427,-1.3314665018332332,46.37977967400778,0.5492817766818622,1.7653883815033167
5625,0.4416913381610029,46.00637920388493,,,,,,1.756548478682756
5626,0.4113172740539123,46.01121426677619,,,,,,1.7566113123612819
5627,0.37384299475915606,46.023825155818734,,,,,,1.7442739089089005
5628,0.2460044209043148,45.9996676870047,,,,,,1.74646544934896
5629,0.2034310488358006,45.99671490077358,,,,,,1.7594528871835426
5630,0.14481640051190744,45.966984243737066,,,,,,1.7898416732986788
5631,0.08608593823552736,45.96970372082145,,,,,,1.8140015293410399
5632,0.04065789039977956,45.96199631767385,,,,,,1.8362890277141248
5633,0.06316578529720902,45.94077216589863,,,,,,1.8676598499126265
5634,0.05185548843546054,45.94864608921286,,,,,,1.9293134111899437
5635,0.050853487499661634,46.0145274369181,,,,,,1.9739273472273946
5636,0.08780073678238903,46.017670369438136,-1.5507828317842112,46.26913410719288,-1.333046344776232,46.819202255381256,0.5915945785974975,2.0050456081352284
5637,0.17324959460410605,46.03669388251116,,,,,,2.01332574857216
5638,0.2302014245226217,46.06183000205456,,,,,,2.051528531127494
5639,0.3920857030676255,46.05746824689819,,,,,,2.0569900486186565
5640,0.594505518384854,46.08970111298468,,,,,,2.055135042009568
5641,0.63328208581643,46.11308472028136,,,,,,2.026812943414323
5642,0.5754970287761192,46.110515162221546,,,,,,1.988471819639816
5643,0.4798178884273799,46.10348401543942,,,,,,1.8667370737084246
5644,0.5431811363861963,46.06475104317086,,,,,,1.7956975255380525
5645,0.4770368468087872,45.99455935682552,,,,,,1.7345366406666045
5646,0.5220506436783268,45.997527163395944,,,,,,1.7179610871882502
5647,0.5045163968455917,45.98832051385016,,,,,,1.7312453374125343
5648,0.4816323776586868,45.99595506491585,,,,,,1.7331615930044122
5649,0.4772507554554622,46.03399985634184,,,,,,1.746424699905873
5650,0.4782680438460299,46.07657175631481,-1.7689142795279151,45.8289216043479,-0.7853479610023745,47.26059964043348,1.7369814915386064,1.7446870810183315
5651,0.46184917981118867,46.07739097068462,-1.7700991617351893,46.158488540378,-0.7869278039454233,47.70002222180694,1.828374143811388,1.7551897323209722
5652,0.4769427873822784,46.12860482198244,-1.6610334378633371,46.3785947918005,-0.7865328432096487,47.590166576463595,1.4942079773047658,1.7414371620525484
5653,0.5209223292923353,46.14928362027608,-1.6610334378633371,46.3785947918005,-0.787322764681148,47.80987786715032,1.6768844868431254,1.7346718636707732
5654,0.5527239962620794,46.15814972524056,-1.4413221471765847,46.379384713272024,-0.787322764681148,47.80987786715032,1.572903638369816,1.6988864756392201
5655,0.591003297325618,46.178514841867006,-1.661428398599062,46.48845043714386,-0.8971784100245495,47.809482906414544,1.5261732633956084,1.646751451893795
5656,0.7529137780277751,46.18683262314935,,,,,,1.648112707796861
5657,0.8632088217551858,46.158431569379985,-0.8916489597240032,46.27150387160738,-0.7861378824739238,47.480310931120215,1.2134031047226166,1.6487968897662404
5658,0.9725054053585646,46.13563415720349,-1.1117552111464806,46.38056959547929,-0.8955985670815504,47.37006032504104,1.0128255519397769,1.6723015112127055
5659,1.0048263843930085,46.135426451068085,-0.8916489597240032,46.27150387160738,-0.8952036063457759,47.260204679697715,0.9887071980273386,1.6870802838155385
5660,1.0077208276968739,46.13583686067905,-1.0015046050673546,46.271108910871625,-1.0058491731606767,47.47952100964869,1.208419908700074,1.6866128629585497
5661,1.0202044350419903,46.116375673166225,-0.7841630787951502,46.931032704403364,-0.671147747565751,46.05258250239218,0.8856902520104687,1.6550704527530216
5662,1.10641133047716,46.14486920189563,,,,,,1.6229414830792073
5663,1.184850063076802,46.14765929794512,,,,,,1.5944498939570937
5664,1.2608764142391358,46.180942109344095,,,,,,1.5447759698237962
5665,1.310324948524594,46.141996879965646,-0.6739124727160241,46.82157201979578,2.072873621603884,46.721590392846196,2.7486051323675,1.4920958427565405
5666,1.3609315939207902,46.1113716879274,,,,,,1.4444730098695162
5667,1.4149889845942623,46.022542999154325,-0.5632669059011733,46.60225568984476,-0.4506465354074988,45.83366113317694,0.7768017381478473,1.400400628407593
5668,1.4446391973595385,46.01016756281323,,,,,,1.402814800799416
5669,1.5357986910610855,46.06170954963277,,,,,,1.4230916709083579
5670,1.6719943342113772,46.085487414541205,,,,,,1.4625902795868413
5671,1.6734303853201,46.123461761465826,,,,,,1.4585580773879798
5672,1.6741076012947707,46.03294449541044,,,,,,1.4502143412806485
5673,1.642287252284002,45.89991983465378,,,,,,1.4693573494590362
5674,1.6445725064192147,45.77572931568624,1.4145296710152255,46.499509337744946,2.1839141491545595,46.39241841755187,0.7768017381478558,1.5267314062700712
5675,1.648106865242419,45.67235489324473,,,,,,1.5531815095698058
5676,1.6254726957268593,45.617828916650076,1.1956083018000223,46.2790081255867,2.0780081111687054,45.29346700338239,1.322845692864317,1.5587566126072598
5677,1.5972707554320063,45.53752053154214,,,,,,1.6326516155865243
5678,1.612951712277055,45.50706484983322,,,,,,1.7400705475865512
5679,1.5906575381914672,45.61334630701846,,,,,,1.7794410511107315
5680,1.5318871492872417,45.686486951150286,,,,,,1.8221889306343713
5681,1.4194496359968136,45.69916067784663,,,,,,1.795835701485248
5682,1.3134338489802795,45.737489800324,,,,,,1.7829557883273446
5683,1.1518588112226686,45.75326303708032,,,,,,1.7259676123372434
5684,0.9726970380734393,45.751765822025064,,,,,,1.6536631476716452
5685,0.8904529149647926,45.8039606256745,,,,,,1.5976884298969523
5686,0.8612650539654865,45.81721889902309,-0.6660132580009793,44.624459112928406,0.650279682440663,45.178476868474284,1.4281326193728068,1.5566077636620816
5687,0.8066991714596388,45.81892097650482,,,,,,1.5018488170956343
5688,0.7147920960300386,45.836246145514664,,,,,,1.459824164763395
5689,0.5354939363100378,45.84313106974631,,,,,,1.4429984241394058
5690,0.39599514032327066,45.885548194693534,-1.220031013546883,45.940752053370026,-1.1078056037889334,45.28201314204554,0.6682301219552135,1.406181045514165
5691,0.38666403536866034,45.942153717428305,,,,,,1.4160047115171746
5692,0.3773609229182795,46.002422342370515,-0.34553041889319425,47.15232383803313,1.200742791364794,44.85088473612293,2.772649054706125,1.4401794562762267
5693,0.37386524873002497,46.025615597827766,-0.45538606423654554,47.15192887729739,0.9834012650925394,44.1909609425912,3.2920267449393634,1.4846408834386018
5694,0.3782801976419017,46.04837623738519,-0.45578102497227035,47.261784522640745,0.6550192112697095,43.86020912435382,3.5783505075755104,1.5158153067991342
5695,0.3406231690465696,46.01790744075404,-0.5656366703156717,47.261389561904984,0.10613594528862778,43.74837867533172,3.576663799724281,1.5484713448842662
5696,0.35961559958917094,45.993532189239296,-0.6762822371305726,47.48070589185596,-0.44314228142817896,43.746403871652944,3.741572639551071,1.5795099626059896
5697,0.3386941569661556,45.95479664630062,-0.5522080053000806,43.526297620230494,-0.5676114739944454,47.81066778862182,4.284397858118398,1.6080701504111914
5698,0.3459247264824889,45.880911715217444,-0.4423523599566793,43.52669258096624,-0.5680064347302201,47.920523433965194,4.395627203400301,1.6271004198390526
5699,0.3496713826341962,45.86268324649091,-0.4423523599566793,43.52669258096624,-0.13016369629971375,48.36152585828165,4.8449019165668,1.688202913969477
5700,0.33826631672101426,45.88866073994647,-0.6648283757937052,44.2948921768983,-0.1305586570354884,48.471381503625025,4.210523391295217,1.7775412914879274
5701,0.29988885454917386,45.882456888223366,-0.8841447057447333,44.18424661008338,-0.1305586570354884,48.471381503625025,4.352863141454283,1.8755891536628477
5702,0.30004965621085034,45.859875047976914,-1.1034610356956611,44.073601043268525,0.08915263365121431,48.472171425096555,4.55738398296738,1.950167114242156
5703,0.30875106625097515,45.80823473000202,-0.8825648628016843,43.74482402870992,0.5285752150247196,48.47375126803955,4.934984210118748,1.9984096458399951
5704,0.2789289069876401,45.754463527289936,-0.88137998059446,43.41525709267984,0.7478915449756975,48.584396834854424,5.419827615170263,2.0132921308262137
5705,0.24857737367522828,45.753036856361156,-0.33170679314182866,43.30737625101524,0.8573522295833241,48.69464744093356,5.516933227187708,2.067793125920711
5706,0.23135961154327253,45.69921782067953,0.8826297166715071,41.66388613895802,1.187314126349203,48.585976677797454,6.928792825405514,2.089188219733674
5707,0.18449770304227994,45.71475126885227,1.1031309288297593,41.44496476974281,1.297169771692554,48.586371638533194,7.144042492745009,2.090490857144977
5708,0.12553186245854328,45.726830863736325,0.6637083474563039,41.44338492679979,1.4066304563001308,48.6966222446123,7.2911854213370155,2.086566279007226
5709,0.09105315441067748,45.72551358115482,0.7735639927996553,41.44377988753554,1.4062354955644059,48.80647788995567,7.38983051938624,2.1171616087509206
5710,0.027660458987566663,45.74691077773472,0.6641033081920286,41.333529281456386,1.1869191656134284,48.6958323231408,7.3808429395541655,2.1421667936570934
5711,0.002931151273917217,45.697299252007525,0.9932752834864079,41.444569809007064,1.2967748109567796,48.69622728387656,7.258005793329586,2.1591912333312315
5712,-0.0010480258060351201,45.635734281871834,1.1869191656134284,48.6958323231408,1.1027359680939843,41.55482041508612,7.141508095754213,2.17475250768833
5713,0.01691153838824935,45.64069302430786,0.9672078749266754,48.6950424016693,1.2125916134373855,41.55521537582187,7.144042492745009,2.204428079783658
5714,0.07098463846542256,45.66459712121514,1.0774584810058017,48.5855817170617,1.3216573373092377,41.775321627244416,6.814636862839997,2.223594923682233
5715,0.13573001429514234,45.713111108931805,0.857747190319099,48.5847917955902,1.864221231518274,43.644842401760386,5.041437295970955,2.245706155831597
5716,0.1940584786472413,45.752801529622936,0.7482865057114222,48.47454118951105,1.7547605469106475,43.534591795681315,5.041437295970955,2.255456646629471
5717,0.2395804929365833,45.760705901945315,,,,,,2.2652124294315183
5718,0.28212106307236134,45.77059797720954,,,,,,2.247622678097711
5719,0.31814744016529906,45.755311180232276,0.8581421510548236,48.474936150246826,0.9916954405433588,41.88399239038047,6.592296726244499,2.235692253486012
5720,0.2762440755830939,45.78568569477078,,,,,,2.2000604652969904
5721,0.30744660389899414,45.742134314349435,0.9691826786054493,48.14576417495247,2.184704070626059,46.17270712686512,2.317422354571308,2.126932935308681
5722,0.24775776723841772,45.744108770087976,1.1896838907637013,47.926842805737245,2.0752433860184327,46.06245652078599,2.0640135268815714,2.0805271312784863
5723,0.20339588377967363,45.71523560324881,1.4090002207146792,48.0374883725521,2.075638346754157,45.95260087544262,2.188872373322136,2.0554478790438804
5724,0.16736288690250575,45.68044269215077,1.5184609053223057,48.14773897863122,1.1940284588569734,46.718430706960184,1.4656665882071385,2.0302681083923355
5725,0.1458621516282486,45.67768622918613,1.6279215899298825,48.257989584710366,2.0843274829407514,43.53577667788856,4.744217646412254,2.012538151408768
5726,0.11181161324702736,45.62958675389917,1.737777235273234,48.25838454544612,1.0837778527778474,46.827891391567825,1.572903638369816,2.0218275806690924
5727,0.08493537562050635,45.563942453208064,,,,,,2.043825684938704
5728,0.0987561148454171,45.52387648109568,2.067344171303338,48.25956942765337,2.6328157881861083,43.757462772254044,4.537479750488231,2.0576358533298684
5729,0.10485669378972678,45.50867344246507,,,,,,2.080142267135263
5730,0.11393981598911829,45.531682431948475,2.067344171303338,48.25956942765337,2.632420827450334,43.86731841759739,4.4284512600524035,2.083249932109577
5731,0.11030405218587766,45.550575643652756,1.8484228020881845,48.039068215495114,2.7430663942651847,43.64800208764641,4.48127759641863,2.0680463023515445
5732,0.124803981975699,45.561340496858044,1.8480278413524098,48.148923860838494,2.74267143352946,43.75785773298979,4.48127759641863,2.0870892353886195
5733,0.09465811119124139,45.59696226229847,1.7385671567447833,48.03867325475937,2.7430663942651847,43.64800208764641,4.504110568791134,2.1095218129170386
5734,0.12464411081795387,45.54029463876604,1.409395181450404,47.92763272720874,1.4315129826525892,41.77571658798016,6.151955898836647,2.148014678028789
5735,0.1456625671102397,45.61634085409036,1.5196457875295801,47.81817204260111,2.6316309059788345,44.08702970828414,3.8933191524180306,2.1266984483955422
5736,0.1716165925292517,45.64995740729032,0.6439603106686171,46.93616719396813,1.5196457875295801,47.81817204260111,1.2428827810365735,2.1523267434959688
5737,0.20785293343987993,45.66126749211724,0.7534209952762437,47.04641780004723,1.409395181450404,47.92763272720874,1.0985635533637095,2.1686383439576518
5738,0.2411937600902785,45.71586430940341,0.7534209952762437,47.04641780004723,1.6295014328729316,47.81856700333689,1.1677890756812093,2.152676521783706
5739,0.26964525512071985,45.724285844561486,1.5188558660580804,48.037883333287844,1.7460714107240534,45.95141599323537,2.0988027217543754,2.1573375548459075
5740,0.2715657541758607,45.746867813574156,1.6283165506656572,48.148133939367,1.7452814892525537,46.17112728392212,1.9804636105043574,2.145106596633353
5741,0.2737846168644541,45.7469990873548,1.5251752378301262,46.28019300779394,1.518065944586531,48.2575946239746,1.9774143960546469,2.120616486364834
5742,0.31642963711541267,45.694828120045926,,,,,,2.1503887291035237
5743,0.3105694548408941,45.723855450131786,1.4157145532224498,46.16994240171485,1.518065944586531,48.2575946239746,2.0901597088309307,2.1436125872858627
5744,0.32611881183738595,45.70168447221915,1.4157145532224498,46.16994240171485,1.407815338507405,48.367055308582195,2.197127106727383,2.1705454556263795
5745,0.32183547364844983,45.70910133020923,1.6354258439092024,46.17073232318637,1.2995395361070528,47.92723776647299,1.788331899862139,2.1699123187363627
5746,0.318389004242867,45.72244628712967,1.7456764499883286,46.06127163857874,1.300329457578552,47.70752647578624,1.705429251736217,2.1750628574648667
5747,0.34793300118892856,45.73419298952756,1.525570198565851,46.170337362450596,2.632025866714609,43.97717406294077,2.4564627829249317,2.161568711637236
5748,0.33670279762842437,45.77133695182356,1.525570198565851,46.170337362450596,2.7418815120579603,43.977569023676516,2.507517935899741,2.151706018242679
5749,0.38048358950053024,45.69848841988031,1.7460714107240534,45.95141599323537,2.6328157881861083,43.757462772254044,2.366378314389912,2.1908739079139488
5750,0.40368078859636514,45.698319848425214,1.4165044746939492,45.950231111028096,2.633210748921833,43.64760712691066,2.6043139922018437,2.2070926492237732
5751,0.4325460334968163,45.7049140758347,1.6370056868522513,45.73130974181289,2.6336057096576084,43.537751481567334,2.409337968519004,2.20117511442931
5752,0.42464319121486105,45.71461408128534,1.6370056868522513,45.73130974181289,2.8533170003443606,43.538541403038835,2.507517935899741,2.221919485407302
5753,0.40568540275006276,45.75247588716328,1.6374006475879759,45.62145409646951,2.8537119610800854,43.428685757695455,2.507517935899741,2.209465829486658
5754,0.42735962991813653,45.69919333337553,1.6377956083237508,45.51159845112617,2.9651474493664858,42.98965813705773,2.8499203247885796,2.246726485541496
5755,0.41534742174192657,45.68908194959701,1.6377956083237508,45.51159845112617,3.0761879769170615,42.66048616176337,3.193401617802401,2.260861959685542
5756,0.3955266186207351,45.68961695021972,1.6377956083237508,45.51159845112617,2.96633233157371,42.66009120102762,3.1458072767396654,2.274394871086135
5757,0.34119842913938747,45.69870060495999,,,,,,2.255135229452318
5758,0.32589515443447725,45.65400317064457,1.6374006475879759,45.62145409646951,3.0761879769170615,42.66048616176337,3.2920267449393363,2.2330447289164157
5759,0.331312307072006,45.601722731052206,,,,,,2.243788958541409
5760,0.2992091510429023,45.58738818195084,,,,,,2.24246680965279
5761,0.3053662442749947,45.56301112484889,,,,,,2.258597876434451
5762,0.3189957401120377,45.55198348044913,,,,,,2.2753516182847
5763,0.3511396777133347,45.51327483665129,,,,,,2.2820715114324064
5764,0.3616412586634971,45.53472889642806,1.5263601200373504,45.95062607176384,3.404570030739941,42.991237980000754,3.50508920661525,2.2610184090078227
5765,0.3899761908981992,45.53007309086088,1.6354258439092024,46.17073232318637,3.404570030739941,42.991237980000754,3.6385512820552868,2.242999007768735
5766,0.4226903843260632,45.536246276141725,1.744886528516829,46.28098292926547,3.6242813214266936,42.99202790147225,3.7880535849513723,2.2315159388881423
5767,0.41806340885185267,45.49367266220506,1.744886528516829,46.28098292926547,3.7341369667700453,42.992422862208,3.84340273985639,2.246953855422312
5768,0.43312207990320045,45.503798153719465,1.9645978192035816,46.28177285073697,3.7341369667700453,42.992422862208,3.73511608143654,2.26757186711145
5769,0.46325506061768984,45.54562029297128,1.8559270560674546,45.95181095397111,3.8439926121134462,42.99281782294375,3.5648344989078224,2.232262392349454
5770,0.44071978772684345,45.652597875897435,2.076033307489932,45.84274523009927,4.063308942064374,43.10346338975862,3.3842177011228443,2.2057850776637147
5771,0.40763500844991307,45.79322107493287,1.9661776621465807,45.842350269363514,4.063308942064374,43.10346338975862,3.449559529053165,2.1752866326559834
5772,0.3456443225507516,45.891115561829224,1.9653877406750813,46.062061560050246,4.063703902800149,42.99360774441525,3.717302723066843,2.1591064609794395
5773,0.30127195860812195,45.98028681555283,1.5216205912083538,47.26889381588428,4.063703902800149,42.99360774441525,4.973958037214499,2.1442248628893648
5774,0.2698046758798016,46.03163005480104,,,,,,2.1117978267679813
5775,0.2377137455452101,46.09021564861312,,,,,,2.0939859955074978
5776,0.1971693872460832,46.14529100206404,,,,,,2.080295269345956
5777,0.2513034965934269,46.179847284215924,1.6377956083237508,45.51159845112617,3.9534532967210225,43.103068429022876,3.341150609775962,2.0901309042990475
5778,0.3126945260525853,46.134338988817234,1.748046214402827,45.402137766518564,4.0629139813286494,43.213319035102,3.185834304754704,2.0973758464353374
5779,0.35051377661055183,46.06619446942887,1.8579018597462285,45.40253272725431,4.063308942064374,43.10346338975862,3.1858343047546933,2.12641699298199
5780,0.37376655139592946,46.03086514960007,2.186283913569108,45.73328454549164,4.063308942064374,43.10346338975862,3.2309723410668183,2.1460576500066173
5781,0.4123494112072495,45.95724387312167,2.0752433860184327,46.06245652078599,4.173164587407776,43.103858350494406,3.6269238343935055,2.167891370766098
5782,0.368431105718896,45.89734421998382,,,,,,2.1827357607311306
5783,0.2980503774471149,45.8750794923061,,,,,,2.2044238002040197
5784,0.2443116222230318,45.795919012307806,,,,,,2.1999759466388853
5785,0.20418518101970745,45.756441159704615,,,,,,2.153343318201786
5786,0.22381708653721885,45.73560063962883,,,,,,2.066068042655825
5787,0.30053984753454827,45.7604930089076,,,,,,1.9689490812647321
5788,0.32756330604972345,45.82401524419072,,,,,,1.9171770318558
5789,0.3669167236837304,45.882503211496655,,,,,,1.845532834361014
5790,0.3976312602172289,45.944421816676154,,,,,,1.7864383979018208
5791,0.4297963136196057,45.98156112868761,1.0794332846845753,48.03630349034484,4.173164587407776,43.103858350494406,5.822386832827559,1.7410612534559187
5792,0.4581116392381261,45.89163330740715,0.7506562701259707,47.81540731745084,4.173164587407776,43.103858350494406,5.823423121317189,1.6800935326818
5793,0.46900367296111506,45.86264064275953,1.0798282454203,47.92644784500149,4.063703902800149,42.99360774441525,5.76510410978459,1.6479513589332009
5794,0.5030255028689802,45.85395522235667,,,,,,1.6674511403150492
5795,0.4894161510188265,45.94213538840223,0.31004880654524114,48.14339441053795,4.173164587407776,43.103858350494406,6.349849386940477,1.64429874504046
5796,0.4851221157275768,45.97442460851012,0.0907324765942632,48.03274884372307,4.173164587407776,43.103858350494406,6.400016674481501,1.6324281349877865
5797,0.4981836125822767,45.995668901559405,,,,,,1.6011587128020335
5798,0.5355965874195443,46.00653782005612,1.298749614635553,48.14694905715972,4.0640988635358735,42.8837520990719,5.9454519330340645,1.613494364481418
5799,0.5408234626615825,45.99934490016144,,,,,,1.5676514697998214
5800,0.6154821395328446,46.02620384822512,1.6271316684583832,48.4777008753971,3.9546381789282967,42.77350149299274,6.1607773170681615,1.5963384076313702
5801,0.6677719687605097,46.04494284813543,1.516881062379307,48.587161560004695,3.8451774943206707,42.663250886913644,6.365035894459102,1.6049118430442397
5802,0.6955891402696234,46.032190462834706,1.5176709838508065,48.36745026931794,3.7353218489772697,42.66285592617789,6.120487887365011,1.6031322124467058
5803,0.6805114133198255,46.08041772901722,1.5172760231150317,48.47730591466132,3.515215597554842,42.77192165004975,6.045094883456345,1.5661537093479674
5804,0.7270964250018362,46.04642741839285,1.847632880616635,48.25877950618187,3.514820636819067,42.88177729539315,5.629535308465338,1.5898356714173782
5805,0.7317548573200356,46.03429116047315,1.847632880616635,48.25877950618187,3.73453192750577,42.88256721686465,5.697722930518517,1.5814021540173615
5806,0.759358211056985,46.03695426407136,1.8480278413524098,48.148923860838494,3.7341369667700453,42.992422862208,5.490620200110436,1.5859490457248289
5807,0.7732391748495184,46.06094007057382,2.1768048559110147,48.36982003373247,3.7337420060342703,43.102278507551375,5.492817766818443,1.6039675388009398
5808,0.7542197897430049,46.071833710656044,2.2870554619900902,48.26035934912487,3.8435976513776713,43.10267346828713,5.387443478379727,1.596580872081389
5809,0.7173655710946283,46.07994436204107,2.507556674148393,48.04143797990964,3.842807729906173,43.322384758973854,4.904320409998373,1.5582877993565674
5810,0.717760994774252,46.10161219378061,2.728057886306595,47.822516610694414,3.9526633752495237,43.32277971970961,4.663399049152735,1.542134653197822
5811,0.7230145627473358,46.12518728791836,2.9489540592005716,47.49373959613581,3.8420178084346723,43.5420960496606,4.051302207759286,1.5755362803050692
5812,0.7425908187671452,46.14689483978747,2.7296377292495935,47.38309402932091,4.061334138385601,43.65274161647543,3.960927221008687,1.5924872138158988
5813,0.7374039829305292,46.162822282853156,,,,,,1.582923207992605
5814,0.7088460634054711,46.14793067401586,2.177989738118289,48.04025309770237,4.1703998622575025,43.87284786789793,4.619195216937017,1.5485055025504992
5815,0.741689340350244,46.09640697823935,-1.6594535949203384,45.939172210427,4.279860546865129,43.983098473977066,6.253133369538929,1.5798123526804044
5816,0.7340925594875093,46.043175470434434,-1.5499929103127117,46.04942281650615,4.38971619220848,43.983493434712805,6.288736632514493,1.5901855668533946
5817,0.7518803100204198,46.03701969585768,0.5297600972319938,48.144184332009445,4.279465586129354,44.09295411932043,5.520213536600849,1.6010516437652698
5818,0.7476753005132875,46.03829701377477,0.6396157425753451,48.1445792927452,4.499176876816107,44.09374404079194,5.595129881192095,1.5781937929653598
5819,0.7375841539204455,46.03010246761278,0.6396157425753451,48.1445792927452,4.278675664657856,44.312665410007185,5.284536036515139,1.5861919946105374
5820,0.7422803939634318,46.01471132343111,0.5293651364962191,48.254039977352825,4.388531310001206,44.313060370742946,5.5158393572003135,1.6052031513041534
5821,0.7436028320750476,46.02702538022279,0.6396157425753451,48.1445792927452,4.388531310001206,44.313060370742946,5.360494863475684,1.5687365247343095
5822,0.7648548100413388,46.0215821363633,0.6396157425753451,48.1445792927452,4.498781916080333,44.203599686135284,5.5158393572003135,1.5619653299224405
5823,0.7903758647781961,46.054298261756344,0.6396157425753451,48.1445792927452,4.388531310001206,44.313060370742946,5.360494863475684,1.5359674727123285
5824,0.805378626017415,46.04652096764616,0.7494713879186964,48.14497425348094,4.388531310001206,44.313060370742946,5.284536036515159,1.5580078677256919
5825,0.7979174190718318,46.05013231314524,1.7393570782162828,47.81896196407264,4.388531310001206,44.313060370742946,4.394254213454755,1.573288731823692
5826,0.8087506022383866,46.07445694129805,1.6283165506656572,48.148133939367,4.388531310001206,44.313060370742946,4.725100506276292,1.5988291294636683
5827,0.826694240771435,46.10204715593757,1.5176709838508065,48.36745026931794,4.388531310001206,44.313060370742946,4.967888531552576,1.6196736686092281
5828,0.8118684467278363,46.11615602868263,0.8597219939978726,48.03551356887335,4.388531310001206,44.313060370742946,5.129244876293519,1.6281988647320174
5829,0.8552997408778816,46.12290702115038,0.6396157425753451,48.1445792927452,4.498781916080333,44.203599686135284,5.5158393572003135,1.6536359549382642
5830,0.8826485741135965,46.16062172587214,0.6400107033111198,48.034723647401826,4.498781916080333,44.203599686135284,5.437612167034979,1.654167212546131
5831,0.896792271573266,46.188535250377356,0.8597219939978726,48.03551356887335,4.498781916080333,44.203599686135284,5.284536036515161,1.667708199685197
5832,0.9149194237781194,46.221380331843854,0.8593270332620978,48.14536921421672,4.498781916080333,44.203599686135284,5.364995699586392,1.6801750397246864
5833,0.9742318475148068,46.23210553998155,0.6392207818395704,48.25443493808857,4.498781916080333,44.203599686135284,5.595129881192095,1.712391446491399
5834,0.9817305116430738,46.25426439156758,0.6392207818395704,48.25443493808857,4.498781916080333,44.203599686135284,5.595129881192095,1.6995633601863862
5835,1.0255455072439723,46.22583507677843,0.8593270332620978,48.14536921421672,4.498781916080333,44.203599686135284,5.364995699586392,1.710119260394627
5836,0.9891844647104812,46.228813701978936,,,,,,1.6826227286668773
5837,0.9828829142455858,46.22472321157262,1.0782484024773011,48.36587042637495,4.498781916080333,44.203599686135284,5.387443478379732,1.6846854266049045
5838,0.9787799471803923,46.25983620969499,1.188499008556427,48.25640974176734,4.499176876816107,44.09374404079194,5.318681573986272,1.6881724763277108
5839,1.0357928381465995,46.212857328340604,1.4090002207146792,48.0374883725521,4.499176876816107,44.09374404079194,5.010220665819462,1.6811041313118134
5840,1.0729932140861296,46.196683089731366,,,,,,1.6677520499444833
5841,1.0615199051484856,46.16919293679262,0.9699726000769486,47.926052884265744,4.499176876816107,44.09374404079194,5.209786358260863,1.6674854393017695
5842,1.092449697273633,46.14546146049048,0.8601169547335974,47.92565792352999,4.499176876816107,44.09374404079194,5.284536036515161,1.6942672398140735
5843,1.0803005995966353,46.1791236242688,,,,,,1.6853237510972827
5844,1.0900011114467456,46.17422901652974,-1.3322564233047327,46.59949096469448,4.499176876816107,44.09374404079194,6.3469978714668525,1.7149498140179864
5845,1.006345751093105,46.18334522103465,-1.2216108564898818,46.38017463474353,4.499176876816107,44.09374404079194,6.160777317068144,1.7193457586453411
5846,0.9156966817587662,46.16922349511244,-1.2212158957541073,46.27031898940013,4.499176876816107,44.09374404079194,6.120487887365011,1.7530536905879164
5847,0.8082852139047604,46.15984882036566,-1.5499929103127117,46.04942281650615,4.499176876816107,44.09374404079194,6.357447175344082,1.767458451884179
5848,0.7518783653378953,46.13835547396777,-1.6594535949203384,45.939172210427,4.499571837551882,43.98388839544856,6.461944682133637,1.7896083079863945
5849,0.7257077909842198,46.1254175788747,-1.988230609478893,45.71827603753302,4.499176876816107,44.09374404079194,6.687717106881227,1.8466151754529163
5850,0.5440352782700364,46.11370297135892,,,,,,1.8992721991290273
5851,0.41815062684374615,46.12634074905417,0.8589320725263232,48.255224859560094,4.609427482895233,43.98428335618431,5.683938524338154,1.9112568928782316
5852,0.3976764967776453,46.138135894389656,0.6396157425753451,48.1445792927452,4.609427482895233,43.98428335618431,5.750431943197501,1.9140508415199726
5853,0.4045478788345201,46.14920265633813,,,,,,1.8879127612855298
5854,0.42763726599144497,46.10943741402843,,,,,,1.9156101556820437
5855,0.4707556136265417,46.10840947876815,,,,,,1.9304524042608064
5856,0.4758577773066268,46.19934218732745,,,,,,1.9192499870731548
5857,0.5023016639246516,46.258587906132234,0.857747190319099,48.5847917955902,4.609822443630958,43.87442771084093,6.022092536437037,1.914893193837732
5858,0.4586702969736079,46.219222255605146,,,,,,1.9166003794303046
5859,0.37024428807738613,46.12621156471946,,,,,,1.9074273298637137
5860,0.3389837377268395,46.097410597590795,0.967997796398175,48.47533111098257,4.609822443630958,43.87442771084093,5.867810397296978,1.904824494577044
5861,0.3406585595064167,46.09465720692565,1.077063520270027,48.69543736240505,4.609822443630958,43.87442771084093,5.976831909219138,1.9218477834109668
5862,0.30812651814248315,46.05898046690036,1.1869191656134284,48.6958323231408,4.609427482895233,43.98428335618431,5.823423121317179,1.9132410766007035
5863,0.27656615618100494,46.01631918308912,0.967997796398175,48.47533111098257,4.609427482895233,43.98428335618431,5.78182670940421,1.8953720666814102
5864,0.24480554585403944,46.00467880520099,1.0774584810058017,48.5855817170617,4.609427482895233,43.98428335618431,5.800582008395376,1.8885853354304123
5865,0.23395832555977067,46.00445809335682,0.7467066627684232,48.913963770884486,4.609427482895233,43.98428335618431,6.26277583227433,1.8911003585466062
5866,0.23477335254951692,45.98692456899481,0.7467066627684232,48.913963770884486,4.609427482895233,43.98428335618431,6.26277583227433,1.9219414253965055
5867,0.25310518260441106,45.97504364253127,,,,,,1.9141117929558285
5868,0.275685099563856,45.9491197493555,0.30728408139496793,48.912383927941484,4.609822443630958,43.87442771084093,6.625167107623349,1.9247980071581727
5869,0.29428310479797953,45.93942797711638,0.0879677514439901,48.80173836112666,4.609822443630958,43.87442771084093,6.687717106881232,1.9177773709126824
5870,0.3738415707832636,45.95819886328479,0.0879677514439901,48.80173836112666,4.609427482895233,43.98428335618431,6.606925974140963,1.9389399281506872
5871,0.4504452570640793,45.971002184910205,-0.24120422385038928,48.690697833576,4.6102174043667326,43.76457206549758,6.913971861213959,1.9626485105138791
5872,0.5367635561108801,45.95232931839096,-0.46091551453709184,48.6899079121045,4.609427482895233,43.98428335618431,6.917462003718531,1.9444413836530612
5873,0.597030688303259,45.87321553190119,-0.3506649084579658,48.58044722749691,4.6102174043667326,43.76457206549758,6.9139718612139704,1.9540535011520699
5874,0.6263612572571812,45.84125071756054,-0.3510598691937405,48.690302872840256,4.6102174043667326,43.76457206549758,6.991215643330702,1.9231335553666808
5875,0.6514852727031346,45.77451695713575,,,,,,1.9264875899172424
5876,0.6981704187145185,45.669018056873476,-0.13174353924271262,48.80094843965513,4.716913363824036,44.6438121889803,6.386803235604799,1.903938221058154
5877,0.7029843368935754,45.59332684255753,-0.13174353924271262,48.80094843965513,4.716913363824036,44.6438121889803,6.386803235604799,1.8749308127138373
5878,0.6835500991317291,45.48956825055355,-0.13174353924271262,48.80094843965513,4.716913363824036,44.6438121889803,6.386803235604799,1.8363343516180093
5879,0.6770670742905507,45.40437544491293,0.08875767291548961,48.58202707043993,4.716913363824036,44.6438121889803,6.076953311638902,1.814014079956627
5880,0.5781705574212882,45.31884010551606,-0.021492933163636582,48.691487755047504,4.716913363824036,44.6438121889803,6.231867434683594,1.8090600671299017
5881,0.5061634104381434,45.288482405266166,0.08757279070821525,48.91159400646998,4.716913363824036,44.6438121889803,6.2964081652631005,1.8371977101932437
5882,0.4321967171301255,45.281017104226244,-1.6519493409410186,43.851914948903,0.0879677514439901,48.80173836112666,5.246719289286425,1.8705217135630847
5883,0.35070606497768286,45.31855030453866,-1.5413037741261675,43.632598618952045,0.0879677514439901,48.80173836112666,5.419827615170263,1.870903656454874
5884,0.3385464412428475,45.291513623068674,-1.7606201040770957,43.52195305213719,0.0879677514439901,48.80173836112666,5.594051301927871,1.8960881176727735
5885,0.30520614546095454,45.25157859248295,0.19742843605161658,48.91198896720573,4.717308324559811,44.5339565436369,6.292573567973675,1.9052075028998885
5886,0.29354512435339897,45.26044743673882,-1.9799364340281234,43.41130748532232,0.19742843605161658,48.91198896720573,5.915945785974765,1.9235631951919876
5887,0.2850548243606822,45.255234122176056,0.08757279070821525,48.91159400646998,4.6102174043667326,43.76457206549758,6.8517259987761685,1.9264262888921748
5888,0.27415287264993476,45.23446462016018,-0.13134857850698795,48.69109279431176,4.6102174043667326,43.76457206549758,6.837620526278177,1.9210264771342838
5889,0.29402841338073615,45.19184365758894,-0.24080926311461442,48.58084218823266,4.6102174043667326,43.76457206549758,6.835855295701122,1.9184878011691062
5890,0.3222270349961033,45.15911964275465,-0.3506649084579658,48.58044722749691,4.607452679216459,44.53356158290114,6.400016674481512,1.9264750582820622
5891,0.2920782942314054,45.18180488075364,-0.45973063232981776,48.360340976074404,4.6102174043667326,43.76457206549758,6.84291348580613,1.93136828644149
5892,0.267858520372749,45.19699324032477,-0.6794419230165702,48.3595510546029,4.6102174043667326,43.76457206549758,7.006734454087165,1.934336102221515
5893,0.26597175220113795,45.21817449435497,-0.569586277673219,48.35994601533865,4.6102174043667326,43.76457206549758,6.924437011292113,1.9543290367951471
5894,0.2509847071265488,45.22203165806275,-0.7892975683599217,48.35915609386715,4.6102174043667326,43.76457206549758,7.089778863578739,1.9361867630624596
5895,0.23194123210562054,45.195941936856414,-0.4601255930655924,48.47019662141778,4.6102174043667326,43.76457206549758,6.917462003718531,1.9175120281622235
5896,0.2260203203121988,45.15182971558458,-0.3506649084579658,48.58044722749691,4.6102174043667326,43.76457206549758,6.9139718612139704,1.898402009693826
5897,0.1773724568549531,45.14344163287402,-0.12976873556398894,48.2516702129383,4.6102174043667326,43.76457206549758,6.526983866342918,1.8724582804604484
5898,0.15973408535933137,45.15198525035698,-0.020308050956362376,48.361920819017406,4.6102174043667326,43.76457206549758,6.525134600441985,1.8753888790097992
5899,0.13522102362741964,45.12082254490402,-0.12976873556398894,48.2516702129383,4.6102174043667326,43.76457206549758,6.526983866342918,1.8995449585278021
5900,0.1322450515189944,45.12006634682292,-0.020308050956362376,48.361920819017406,4.6102174043667326,43.76457206549758,6.525134600441985,1.8928273848659058
5901,0.13099313246935132,45.11010328725011,-0.12937377482821424,48.14181456759493,4.6102174043667326,43.76457206549758,6.451664627680962,1.9158250508387606
5902,0.09340799388165706,45.116699596345576,-0.12937377482821424,48.14181456759493,4.6102174043667326,43.76457206549758,6.451664627680962,1.9152335123292499
5903,0.08151711171421615,45.11437941640895,-0.12897881409243955,48.03195892225155,4.609822443630958,43.87442771084093,6.304070362397172,1.9146028817372525
5904,0.09757941548295555,45.09126731095264,-0.12937377482821424,48.14181456759493,4.609822443630958,43.87442771084093,6.377348303351031,1.935662099129692
5905,0.07918351209666653,45.10385872361815,-0.23843949870011608,47.92170831617245,4.609822443630958,43.87442771084093,6.3155462281379835,1.9249313191004247
5906,0.04110106597526562,45.1088282374864,-0.34750522257196803,47.70160206474994,4.6102174043667326,43.76457206549758,6.3308150234130744,1.9222377977222513
5907,0.036414438259049976,45.14220459017721,-0.3482951440434674,47.921313355436695,4.6102174043667326,43.76457206549758,6.4703434873448336,1.9396176672148964
5908,0.05131237353413153,45.15688822938895,-0.45736086791531944,47.7012071040142,4.6102174043667326,43.76457206549758,6.4169654021337434,1.9479702902761937
5909,0.07428643184806505,45.16100938290772,-0.45696590717954444,47.59135145867084,4.6102174043667326,43.76457206549758,6.349849386940477,1.9418769153548088
5910,-0.4923221422610462,45.25558129251023,-0.4565709464438198,47.48149581332747,3.0694736444092907,44.5280321326006,4.599558475555768,1.5637933228603702
5911,-0.5956898597739174,45.28859636815223,-0.5660316310514465,47.37124520724832,2.5205903784282087,44.41620168357849,4.273115684858898,1.4852725641984392
5912,-0.6550479605687798,45.377060121475864,-0.5664265917872211,47.481100852591716,2.630051063035835,44.5264522896576,4.3528631414542955,1.4315929187086485
5913,-0.7413147496536787,45.46767879048512,,,,,,1.3521292877373525
5914,-0.7733021311701611,45.46863140666281,,,,,,1.3216459350733476
5915,-0.8109207309407522,45.42797674516829,-0.5668215525229459,47.590956497935096,1.9705222302398528,44.63393817058647,3.8964176958073278,1.3372179467207066
5916,-0.8766880577706188,45.35174039075277,,,,,,1.3563962332073025
5917,-0.9820480217337847,45.23859320980282,-1.4432969508553584,46.92866293998884,-0.6747023941875236,47.04128331048246,0.7768017381478453,1.3930351154324878
5918,-0.9906680261259063,45.126759214867995,-0.5644517881084475,46.93182262587486,0.7577655633695158,45.83800570127021,1.7160111273243146,1.4591677453923306
5919,-0.9954284872878139,44.97534895166176,,,,,,1.5221697024866414
5920,-0.977210608958442,44.911959890075735,-1.5515727532557104,46.488845397879636,-0.3447404974216949,46.93261254734636,1.2858356724975655,1.5653111167665765
5921,-0.937590740560529,44.88864316233353,,,,,,1.6067522584007625
5922,-0.903819837389741,44.93063191996734,-0.23488485207834353,46.933007508082106,0.7577655633695158,45.83800570127021,1.4779661038772298,1.6328946023405702
5923,-0.8757867445939188,45.01576965671043,-1.3318614625689578,46.48963531935113,-0.23527981281406832,47.04286315342546,1.2282313914624627,1.6221478241143528
5924,-0.7803366171452503,45.0637971014456,-0.23448989134256867,46.82315186273878,0.868016169448692,45.72854501666262,1.553603476295722,1.5718460332090964
5925,-0.7462941022796625,45.08377657125812,-0.3447404974216949,46.93261254734636,0.648699839497664,45.61789944984772,1.6478453300455325,1.5100210613703546
5926,-0.647838891480271,45.13331023637651,-0.45459614276504623,46.932217586610605,0.8684111301844166,45.61868937131924,1.8643241715548389,1.4176188182869245
5927,-0.5461242375003448,45.14245734288784,-0.34434553668592,46.822756902003036,0.7589504455767901,45.508438765240115,1.7160111273243357,1.3689105254724443
5928,-0.43452919548160895,45.0999345402145,,,,,,1.3710815448595335
5929,-0.29874609029124083,45.08843095673287,,,,,,1.396338027223705
5930,-0.2162680763217255,45.154831758048175,,,,,,1.4371945811400153
5931,-0.15904134120710436,45.218882212133174,,,,,,1.4773675110999365
5932,-0.08469812546060773,45.326287471776034,,,,,,1.5092769866081732
5933,0.2760799712971155,45.34659044506536,,,,,,1.7055478909486217
5934,0.34266905177118984,45.43612739518247,,,,,,1.7170505391464395
5935,0.3799258423579971,45.50786735673773,-1.6626132808063363,46.81801737317399,4.057779491763828,44.641442424565774,6.120487887365011,1.73477147790763
5936,0.39209495502956526,45.607579474322435,-1.8827195322288637,46.92708309704581,4.057779491763828,44.641442424565774,6.365035894459091,1.7515815694363652
5937,0.3967235690816013,45.66077714004931,-2.3229320350738183,47.14521454478959,4.057779491763828,44.641442424565774,6.854367543306138,1.777003128393916
5938,0.38674686526192475,45.743372128024994,-2.323326995809543,47.25507019013294,3.8376732403414007,44.750508148437646,6.650620642507915,1.7978200976146976
5939,0.4137545323532687,45.775358920054074,-2.323721956545318,47.364925835476264,3.9475288856847524,44.7509031091734,6.79424035045852,1.8223310689873693
5940,0.4239466038522264,45.84707993368316,-2.323721956545318,47.364925835476264,3.617961949654648,44.749718226966145,6.4917577339888854,1.836810891747419
5941,0.4557694202656675,45.87017467353967,-2.5430382864962957,47.25428026866141,3.7282125557337236,44.64025754235852,6.794240350458532,1.8536106648511135
5942,0.516205151411204,45.9801236840774,-0.3368412827066002,44.735499640479034,-2.323721956545318,47.364925835476264,3.295690660091038,1.9039559855152506
5943,0.5642393877548458,46.100966879165995,-0.997554997709857,45.172552457437995,-2.2138663112019668,47.36532079621202,2.507517935899711,1.9299548655754426
5944,0.6535354947216325,46.1664012599491,-0.22659067662752405,44.6260389558714,-1.9945499812509884,47.47596636302692,3.353768973686293,1.9410576915383395
5945,0.6663875110295792,46.14673289242081,-2.10440562659434,47.475571402291166,-1.108200564524708,45.391868787388965,2.3095976084685086,1.9670551145478157
5946,0.7277937869614645,46.08829167037646,-0.9983449191813566,45.39226374812472,-1.7748386905642357,47.47675628449842,2.2244216576886133,1.9780244467267833
5947,0.8293096227206699,46.0332186248819,-0.997949958445582,45.28240810278129,-1.4460616760056313,47.697652457392415,2.456462782924957,1.9604475955878395
5948,0.8781616899488153,45.95109878041444,-1.3358110699265051,47.588191772784825,-1.3358110699265051,47.588191772784825,0.0,1.9527612899222815
5949,0.9487433385656716,45.88403015447476,-1.1160997792397525,47.58898169425632,-1.1160997792397525,47.58898169425632,0.0,1.9531935565639673
5950,0.9798644393811252,45.86915944849325,-0.8955985670815504,47.37006032504104,-0.8955985670815504,47.37006032504104,0.0,1.9708083682273565
5951,1.0435618382822298,45.83403971315113,-0.89638848855305,47.58977161572782,-0.89638848855305,47.58977161572782,0.0,2.0000188740338394
5952,1.1106224462799377,45.75588733654389,-0.8967834492888247,47.69962726107117,-0.6691729438869773,45.50330427567534,2.208085414640339,2.0152499336781955
5953,1.1567153418844676,45.76787233133665,-1.1172846614470267,47.91854863028642,-0.6687779831512525,45.393448630331996,2.5646224381467624,1.9944608948332905
5954,1.1665219390808348,45.772071464388794,-1.3373909128695043,48.027614354158274,-0.5589223378079012,45.393843591067736,2.7464088834092193,2.001259867318556
5955,1.1933367781744066,45.736914304253936,-1.556707242820532,47.91696878734342,-0.559317298543626,45.503699236411094,2.6112557566047885,2.0068821685223712
5956,1.1856288759502185,45.76189298916356,-1.4460616760056313,47.697652457392415,-0.44985661393599935,45.61394984249019,2.3095976084685086,2.0319861528809704
5957,1.1471030992247127,45.73407726388761,-1.2263503853189286,47.698442378863916,-0.34000096859264806,45.61434480322594,2.2647467834861783,1.9878523561413148
5958,1.077275809145649,45.678195019544255,-0.8975733707603241,47.919338551757924,-0.23014532324929673,45.614739763961694,2.3992990166538473,1.9099947786003735
5959,1.041955368644866,45.42768688755301,-0.009644111091044526,45.395818394746485,-1.1172846614470267,47.91854863028642,2.7551833750406276,1.912148159293988
5960,1.0292260289871973,45.23032847708806,-0.8983632922318234,48.139049842444656,0.9889307153930859,42.652981907784074,5.80162219167431,1.8594133726514874
5961,1.0092150703736391,45.07838056061728,-0.7889026076241968,48.2493004485238,1.099181321472212,42.54352122317648,6.010056363439287,1.7913068878966614
5962,1.0514990631571244,44.93136294321984,-0.45973063232981776,48.360340976074404,-0.11199550245507602,43.308166172486736,5.06412775969909,1.7274425116544587
5963,1.1059197592156422,44.88513325146356,-0.6798368837523451,48.46940669994628,-0.11199550245507602,43.308166172486736,5.192383616086556,1.746881377911496
5964,1.1589339212147685,44.83251107345023,-0.5687963562017195,48.140234724651926,-0.0017448963759498933,43.19870548787914,4.973958037214493,1.7721239892749376
5965,1.2001560048893567,44.7978973201915,-0.5687963562017195,48.140234724651926,-0.1116005417193012,43.198310527143384,4.963027582705998,1.8229019755696556
5966,1.2156476660224433,44.75305864011141,-0.6790469622808455,48.24969540925956,-0.3321017538776033,43.41723189635862,4.8449019165668,1.8649344739253502
5967,1.2499951863026155,44.71158186185387,-0.6786520015450709,48.13983976391617,-0.33170679314182866,43.30737625101524,4.8449019165668,1.8985855951393147
5968,1.2376112027029824,44.682632004632,-0.8987582529675984,48.24890548778803,-0.3321017538776033,43.41723189635862,4.864788719161121,1.9235895427912644
5969,1.2182534461310173,44.689895100732954,-0.6782570408092962,48.0299841185728,-0.3348664790278766,44.18622141376215,3.8590709774262577,1.9173949081508765
5970,1.259945829389133,44.70990944531663,-0.569586277673219,48.35994601533865,-0.44709188878572625,44.84496032508664,3.5171194574517157,1.911392916171318
5971,1.3033371557375426,44.710047734901266,-0.5573424948649023,44.95442100969426,-0.4601255930655924,48.47019662141778,3.5171194574516855,1.8943281757776793
5972,1.400680865381776,44.63161885296366,-1.106620721581709,44.95244620601548,-0.24041430237888975,48.47098654288928,3.6235948535778735,1.8298934128795137
5973,1.4901571092723995,44.52277443423756,-0.7770537855516049,44.953631088222764,-0.12976873556398894,48.2516702129383,3.360958197313961,1.7764986379634198
5974,1.647861283902985,44.35933415106227,-1.1046459179029353,44.40316797929863,0.20137804340916401,47.8134325137721,3.651794460619148,1.7554375162170421
5975,1.9464723099706795,44.14816783683088,-1.1018811927526622,43.63417846189505,0.5329197831180417,47.26533916926251,3.9821981760626755,1.6845854003044873
5976,2.148959692934371,43.933105720312156,-0.9912356259378112,43.4148621319441,1.3042790649360994,46.60897002235255,3.9334098326499682,1.6676123411271508
5977,2.2970298725112475,43.81118406380115,-0.5545777697146291,44.185431492290654,-0.0005600141687256408,42.86913855184903,1.428132619372785,1.6529165354145907
5978,2.388748321408658,43.89591990188125,-0.3301269501988296,42.867953669641786,3.5057365398967484,45.40845713829061,4.600870199088945,1.6425744869083911
5979,2.699306074008135,44.25790950979153,0.2120419832744818,44.847330089501156,4.275121018036082,45.301366218097456,4.08836887386521,1.5252675204810384
5980,2.573600752484389,44.49441988779686,1.6429300978885224,44.08347506166237,4.4948323087228355,45.30215613956895,3.101375467402974,1.440440159405449
5981,2.4793525984710083,44.616049618478534,0.10218633793108049,44.84693512876541,4.275121018036082,45.301366218097456,4.197605443508736,1.455044113412388
5982,2.0602317068597396,44.99787850755984,,,,,,1.510211514210806
5983,1.724192978837116,45.27599042946498,-0.5612921022223997,46.052977463127924,4.714938560145263,45.19309041569715,5.345840975641544,1.4799229557249556
5984,1.6132970910081104,45.42595348735161,-0.6656182972652048,44.514603467585005,4.605477875537686,45.08283980961802,5.301636294894657,1.435280324773991
5985,1.3571873680348443,45.5567457512472,-0.45104149614327366,45.943516778520305,4.385371624115159,45.1919055334899,4.894467420819579,1.3073467294271277
5986,0.7779099760191213,44.62710348915204,-0.8908590382525036,46.051792580920655,3.945159121270204,45.41003698123361,4.878413870200333,1.787196177572626
5987,0.7160982652587093,44.62018278081102,-0.7806084321733776,45.94233189631304,3.0647341155802437,45.846299876721034,3.8465414931274577,1.767731328655542
5988,0.6702959004787318,44.63178672433323,-0.8904640775167791,45.941936935577274,2.6249165734710136,45.95457567912138,3.5154033707638095,1.7502262164066138
5989,0.6502322521960107,44.69347367581408,-1.109780407467707,45.83129136876242,2.514665967391938,46.064036363729016,3.631911584402226,1.7341341947658122
5990,0.5849600327643527,44.70404660274226,-0.7802134714376028,45.8324762509697,2.5150609281276624,45.954180718385636,3.2975210910347985,1.717440733874678
5991,0.551610015996256,44.880496440082766,,,,,,1.6510291304457472
5992,0.4926069689242348,44.9593610124799,-1.1089904859962076,45.61158007807567,0.32031778567483404,45.28714763161034,1.4656665882071305,1.6755284596359705
5993,0.3871111543604021,45.033596855748776,-1.2180562098681091,45.39147382665321,1.4307230611810893,41.995427878666845,4.306873542092246,1.6482243288590026
5994,0.29803305445061445,45.16061665216073,-1.1089904859962076,45.61158007807567,1.3200774943662388,42.21474420861788,4.175986730972369,1.6125078956234635
5995,0.22562404226952631,45.25586152980316,-1.437767500554812,45.390683905181724,1.3200774943662388,42.21474420861788,4.206221816811483,1.5735090950401986
5996,0.1412073143860719,45.32196825700424,-1.65708383050579,45.280038338366765,1.1003662036794861,42.21395428714637,4.123639424122416,1.574279719864771
5997,0.09707043975834864,45.35091011441006,-1.876400160456818,45.16939277155196,0.8794700307855091,42.542731301704976,3.8071210892426883,1.5659471709989592
5998,0.04982862265864898,45.4082694580188,-1.8767951211925427,45.27924841689527,0.6593637793629817,42.65179702557681,3.651794460619108,1.5500618053967912
5999,-0.042554569621098576,45.426098102414585,,,,,,1.5540611426017243
6000,-0.1366965122180737,45.46577568050797,0.3290069218613784,42.87032343405631,0.21046214033148275,45.286752670874584,2.419335264443166,1.5326139557993848
6001,-0.20897117007310828,45.49273722691277,0.4396524886762291,42.651007104105304,0.21046214033148275,45.286752670874584,2.64569138572857,1.548169559096365
6002,-0.292017655878556,45.49776884824726,-2.206757017958421,45.387919180031446,0.44004744941200385,42.54115145876195,3.8871146558023963,1.582798328046977
6003,-0.34071968639767153,45.43840876405692,-2.3170076240374975,45.49737986463904,0.4408373708835032,42.32144016807518,4.2062218168115155,1.648094495547048
6004,-0.37659869469358054,45.335489391268624,-2.3174025847732724,45.6072355099824,0.33058676480442717,42.430900852682804,4.13532942468183,1.7202155957729854
6005,-0.3784139076987072,45.29848415056211,-2.53671891472425,45.49658994316752,0.33058676480442717,42.430900852682804,4.197605443508755,1.7531171743487086
6006,-0.39955245058802447,45.25874892975971,-2.6465745600676014,45.496194982431774,0.22112608019680063,42.32065024660368,4.278760490074016,1.7807648409395371
6007,-0.4142853640202421,45.21064404989257,-2.645389677860377,45.16662804640169,0.22152104093257544,42.210794601260346,4.117781978801904,1.8093976602495256
6008,-0.4137826660647157,45.21741166137603,-2.756035244675228,45.38594437635267,0.22152104093257544,42.210794601260346,4.352863141454265,1.8142968254905263
6009,-0.41571564165014224,45.22701643756894,-2.866285850754354,45.49540506096027,0.22152104093257544,42.210794601260346,4.508127912151477,1.8157758578587406
6010,-0.3927547810430729,45.26247258463757,,,,,,1.7978828659617299
6011,-0.3794403194371735,45.34863549364091,,,,,,1.764717384362071
6012,-0.34214637671431736,45.48956436634871,-2.9761414960977057,45.49501010022452,2.184704070626059,46.17270712686512,5.2051513160992515,1.7764013958560683
6013,-0.3768313774370834,45.58661479993727,-2.866680811490129,45.605260706303625,0.0018097502458227232,42.210004679788824,4.44477238881285,1.7771117643653815
6014,-0.21982085909643975,45.626996938782845,-2.866680811490129,45.605260706303625,-0.10844085583330344,42.3194653643964,4.290027818310827,1.7767854332211457
6015,-0.2104120596648271,45.71890518411479,-0.2194813833839789,42.64863733969078,0.8747305019564623,43.860999045825345,1.6331321307603013,1.808878738359748
6016,-0.14108356303837963,45.69415233720541,-0.2194813833839789,42.64863733969078,1.0964165963219388,43.31251074058004,1.473877669754952,1.828890683806941
6017,-0.052292632735878995,45.70342639922748,-2.647364481539101,45.7159062731185,1.2058772809295653,43.422761346659165,4.483969863165801,1.8334737403277073
6018,-0.015058908624023402,45.75140490933522,0.7625050921985626,44.51973795714977,1.3157329262729167,43.42315630739491,1.2282313914624559,1.8531778489236799
6019,-0.028868999113994123,45.82155678887317,-2.5386937184030236,46.04586816988435,1.425588571616268,43.42355126813066,4.753112665210441,1.8342632834715125
6020,-0.02574240004473437,45.95122362489674,-1.3263320122684616,44.951656284543986,1.53465429548817,43.64365751955311,3.1458072767396716,1.8561551465682022
6021,-0.06167585054388496,45.982569845091305,-0.44314228142817896,43.746403871652944,1.6441149800957964,43.753908125632265,2.087270751391,1.846463445482145
6022,-0.058002047435767846,46.04517246350573,-0.8821699020659596,43.63496838336655,1.7539706254391476,43.75430308636801,2.6388402096555876,1.8100518589821104
6023,-0.04437128767498936,45.9284118433367,-0.884539666480458,44.29410225542678,1.7543655861748726,43.64444744102464,2.717696140183417,1.7548522649205163
6024,-0.1466460974910914,45.919021311717216,-1.9929701383079397,47.036543781653414,2.0839325222049765,43.64563232323189,5.302774351426997,1.5970942491435132
6025,-0.2518351078591521,45.9450872333331,-0.8861195094234569,44.733524836800264,2.521775260635483,44.086634747548395,3.4687481245208973,1.445016002234983
6026,-0.2303665469267473,45.88663993237258,,,,,,1.3323356748327175
6027,-0.24759506421510663,45.7853553415759,-0.5565525733933527,44.73470971900753,2.1886536779836065,45.074150673431454,2.766112348430424,1.2515088802303416
6028,-0.3792001576584428,45.7764372346966,-0.33605136123510077,44.51578834979226,1.5275450022446246,45.62105913573374,2.16670600595249,1.2598206626465576
6029,-0.47269973036016505,45.867809700291915,-1.4464566367413563,47.8075081027358,-0.44511708510695264,44.2956820983698,3.6517944606191195,1.3390072970700377
6030,-0.4716511613841873,45.853124622045115,-1.3369959521337793,47.91775870881492,0.9751070896417702,46.497929494801944,2.7132518262690417,1.3833258303557114
6031,-0.4549591768735246,45.91392579119397,-1.3369959521337793,47.91775870881492,-0.5549727304503539,44.29528713763405,3.705922368758625,1.3926623227845762
6032,-0.4362673804275246,45.9589850076465,-1.337785873605279,48.137469999501654,0.8644615228268694,46.71724582475292,2.6204828375001585,1.4125008374417043
6033,-0.39248057078813736,46.03195157368528,-1.0070340553679007,47.80908794567879,0.8640665620911446,46.82710147009634,2.113129186510496,1.4488045487274694
6034,-0.32044370658411525,46.059083909589646,0.32663715744688,43.52945730611652,1.0829879313063477,47.04760268225451,3.5985293358202863,1.5236048266677893
6035,-0.2562529349738875,46.04365837521863,-0.553392887507355,43.85586455626055,0.9711574822842229,47.59648594823564,4.039369038368862,1.5973536279334375
6036,-0.22803332358794598,46.04583461910213,-0.44353724216395374,43.856259516996296,0.7498663486544712,48.03511860813757,4.345926303354933,1.6289323605537618
6037,-0.19845287884595353,45.9306927697,-0.3336815968206024,43.85665447773205,0.2005881219376645,48.033143804458824,4.210523391295246,1.5752282630051502
6038,-0.09893213987079964,45.82276842097715,-0.3336815968206024,43.85665447773205,0.20137804340916401,47.8134325137721,3.9927911597141463,1.5241121932727293
6039,-0.008608278376640124,45.78810524283109,-0.3336815968206024,43.85665447773205,0.20098308267338932,47.923288159115465,4.101630872965062,1.507082441628794
6040,0.04626747600797706,45.738436797106715,-0.3332866360848276,43.74679883238869,0.31123368875251534,47.81382747450784,4.117781978801918,1.5221264977724585
6041,0.07338961851684159,45.688341085308465,-0.5526029660358556,43.63615326557382,0.4210893340958667,47.814222435243586,4.290027818310823,1.5395449402188754
6042,0.09437380216714257,45.63921605206316,-0.6616686899077073,43.41604701415136,0.3116286494882401,47.70397182916447,4.396999764621389,1.5706546113888395
6043,0.12054070033316602,45.62018560605693,-0.7715243352510586,43.41565205341562,0.42069437336009197,47.92407808058697,4.663399049152741,1.6041763020105013
6044,0.15623216883908983,45.58157874498114,-0.8809850198586853,43.305401447336465,-0.019913090220637593,48.25206517367405,5.021048385494257,1.6132694607688267
6045,0.16804500837046193,45.49657225884624,,,,,,1.6325814824365035
6046,0.181668038453638,45.444835199858375,,,,,,1.6248057480064344
6047,0.1285374385661254,45.420927979893385,,,,,,1.6155090045232146
6048,0.08412993085975172,45.42367038286449,-1.2105519558887894,43.30421656512922,0.1994032397303903,48.36271074048892,5.251317641868697,1.6379408455908695
6049,0.04569632453596565,45.421415505784275,-1.3200126404963661,43.19396595905011,0.089547594386989,48.362315779753175,5.357116754834256,1.644488242537853
6050,0.036730407534374954,45.43111501702537,-1.3204076012321406,43.30382160439346,-0.1305586570354884,48.471381503625025,5.302774351426995,1.6525480979979252
6051,0.02482012251581733,45.429306300600935,-1.5401188919188933,43.30303168292197,-0.24041430237888975,48.47098654288928,5.328882570927151,1.6948908782843768
6052,0.02965906832746925,45.421139508249865,-1.540513852654668,43.41288732826535,-0.13016369629971375,48.36152585828165,5.145688570472612,1.7141994869886317
6053,0.07703006052795161,45.437080315742705,-1.3211975227036399,43.52353289508022,-0.019518129484862905,48.142209528330675,4.79859803330769,1.7265627138182114
6054,0.08818891852989495,45.42953701933453,-0.5494432801498076,42.75730810282688,-0.12897881409243955,48.03195892225155,5.291382771457229,1.7425077899006378
6055,0.0888515999289469,45.49502489866226,-1.6515543802052435,43.74205930355965,-0.45736086791531944,47.7012071040142,4.135329424681826,1.7390211558137518
6056,0.07993092566957231,45.47667690332103,-1.7621999470200946,43.96137563351063,-0.7865328432096487,47.590166576463595,3.7576654993646095,1.72885945090234
6057,0.0734819724147227,45.46796869236258,-1.7621999470200946,43.96137563351063,-1.006639094632176,47.69923230033542,3.81345573769878,1.7004132524826774
6058,0.03141945950622333,45.393115067477915,-0.769549531572285,42.86637382669879,-1.0062441338964012,47.589376654992066,4.728930116932998,1.6786496170238412
6059,0.040500670641076965,45.438488849513725,-1.6519493409410186,43.851914948903,-1.4468515974771308,47.917363748079175,4.070618997535451,1.6983370695134568
6060,0.04606007546053808,45.411950719672284,-0.769549531572285,42.86637382669879,-1.556707242820532,47.91696878734342,5.111567931551584,1.7024200243415972
6061,0.07728996487605864,45.37987658453773,,,,,,1.6938807396393885
6062,0.14791636765962324,45.33127091130859,,,,,,1.7176431550464735
6063,0.16569971421494725,45.32530156838025,,,,,,1.774978754102775
6064,0.21871966984580818,45.301779293830776,-1.7618049862843699,43.851519988167254,-1.4464566367413563,47.8075081027358,3.968537078592915,1.7662581761459994
6065,0.2454685036043497,45.23845720847399,-1.7614100255485947,43.741664342823896,-1.4456667152698566,47.58779681204907,3.859070977426259,1.7104271397561865
6066,0.19738669785956214,45.157894383814465,-1.5416987348618922,43.74245426429542,-1.2247705423758797,47.25901979749047,3.5308181245212515,1.6360655644648974
6067,0.1545400254557578,45.09681643290068,-1.8720555923634958,43.96098067277487,-1.1145199362967535,47.14955911288286,3.2773301235813457,1.5900764695314908
6068,0.14764629511225688,45.05372503544269,-1.5420936955976672,43.85230990963877,-0.7845580395308751,47.04088834974671,3.277330123581317,1.54795976485243
6069,0.11695053735762337,45.033825408759306,-2.0917668830501985,43.96019075130338,-0.675492315659023,47.26099460116924,3.5918156558387335,1.5231831943350183
6070,0.099052611788399,45.0542989746331,-1.7621999470200946,43.96137563351063,-0.4561759857080452,47.37164016798406,3.6517944606191257,1.5221925988966227
6071,0.10194429526576791,45.07824332098607,-1.7621999470200946,43.96137563351063,-0.01793828654186399,47.70278694695719,4.128027053763143,1.543145666861352
6072,0.11508816959347702,45.09844966209446,-2.0917668830501985,43.96019075130338,0.2005881219376645,48.033143804458824,4.67373919277713,1.5552767240049388
6073,0.12377338857380854,45.117535763431675,-2.0917668830501985,43.96019075130338,0.19900827899461562,48.4725663858323,5.060551818737916,1.5749174761474887
6074,0.13323153486722986,45.16705666852475,-1.7618049862843699,43.851519988167254,0.19821835752311615,48.692277676519026,5.2225115132095885,1.6090554156824746
6075,0.11243004538255905,45.21979092630879,-1.7618049862843699,43.851519988167254,0.30728408139496793,48.912383927941484,5.467492422207572,1.6220535759255774
6076,0.0852686698017448,45.24056068739209,-1.7618049862843699,43.851519988167254,0.19861331825889092,48.582422031175675,5.121003228795012,1.631678931239247
6077,-0.011596877661203812,45.249335286910934,-1.7618049862843699,43.851519988167254,0.30767904213074276,48.80252828259816,5.366120318758077,1.6292584159820416
6078,-0.06248036672482292,45.24882655500677,-1.8720555923634958,43.96098067277487,0.30728408139496793,48.912383927941484,5.409798111657408,1.6265549720757555
6079,-0.0974362428834398,45.23931806933384,-1.8720555923634958,43.96098067277487,0.30767904213074276,48.80252828259816,5.309597568083547,1.6414462149895694
6080,-0.05637004577322744,45.1891113694973,-1.9819112377068473,43.960585712039126,0.5273903328174954,48.80331820406966,5.454232518072891,1.6542799502720429
6081,0.0014871343681214751,45.13593390448397,-0.6608787684361579,43.196335723464635,0.6372459781608467,48.8037131648054,5.755676296264848,1.638021998476348
6082,0.03317332385906754,45.0694160841848,-1.542488656333392,43.96216555498215,0.6376409388965715,48.693857519462036,5.209786358260865,1.6281501487579126
6083,0.07471750882639278,44.998973951511275,-1.7629898684916439,44.18108692419735,0.638430860368071,48.474146228775304,4.919062889374379,1.6206580064778184
6084,0.07077334346468268,44.89488465664389,-1.3239622478539133,44.29252241248378,0.6388258211038457,48.364290583431924,4.520158519520006,1.5664469327095358
6085,0.09236217925673819,44.78874018543588,-1.1046459179029353,44.40316797929863,0.7490764271829218,48.254829898824326,4.274527585008077,1.5553541351361244
6086,0.13319045600037857,44.685714589325656,-0.994790272559584,44.403562940034384,0.8601169547335974,47.92565792352999,3.9806825915449684,1.5323323498144612
6087,0.13373707867595466,44.6143335954035,-0.8853295879519576,44.51381354611348,0.9703675608127234,47.81619723892237,3.788053584951398,1.532648695272708
6088,0.11678638438280983,44.60553094502971,,,,,,1.5582037497279313
6089,0.09919032232488433,44.582699174278076,,,,,,1.5752861538033667
6090,0.10984812796883962,44.570414975821414,,,,,,1.6113840769595589
6091,0.10853602210758892,44.54856889804276,,,,,,1.6254132650231534
6092,0.10757026878536272,44.482749321634365,,,,,,1.6312524298175155
6093,0.10278939680145496,44.42170404964915,,,,,,1.6297683365257318
6094,0.10994494051859952,44.36972781679237,,,,,,1.634939729750243
6095,0.13806948801751454,44.32408911728148,,,,,,1.659252472084312
6096,0.13223477861877092,44.26628279199834,,,,,,1.6698536532024049
6097,0.10397076171589556,44.267464207788905,,,,,,1.694763614601229
6098,0.058695370146700114,44.284150476911215,,,,,,1.7123348112600445
6099,0.05399519276814145,44.36188549325275,,,,,,1.7771462933709556
6100,0.06279565431803776,44.41486205488391,,,,,,1.8123371243554842
6101,0.06980361321483748,44.42163908938834,,,,,,1.8461350575177686
6102,0.07803858197727645,44.50303377282241,,,,,,1.9060948262591264
6103,0.10277050191389424,44.608159263017264,,,,,,1.9573374770448793
6104,0.11143617125653826,44.709779730363856,,,,,,2.0335552155865333
6105,0.09498841933654249,44.78489102765333,-1.8724505530992706,44.070836318118246,2.2886353049331394,47.820936767751384,5.601596995523287,2.081508841420294
6106,0.12673146779419803,44.91619263849946,-1.982306198442622,44.0704413573825,2.729242768513819,47.4929496746643,5.823423121317189,2.188031856749914
6107,0.12146309814395995,44.99988157592539,-1.9819112377068473,43.960585712039126,2.180754463268562,47.27126358029881,5.318681573986292,2.232206120550924
6108,0.15178734306507408,45.01822265661171,-1.7625949077558691,44.07123127885401,1.4129498280721764,46.9389319191184,4.278760490074,2.225477829590266
6109,0.18076629232551092,44.99494352801634,-1.8720555923634958,43.96098067277487,0.7538159560119685,46.93656215470388,3.968537078592886,2.2174471985511603
6110,0.2412742911283876,44.91622183625535,-1.7625949077558691,44.07123127885401,0.42464398071763937,46.82552162715331,3.51711945745173,2.218064571215293
6111,0.27747457008180476,44.79696991397377,-2.092556804521748,44.17990204199011,-0.6664082187367041,44.734314758271786,1.5301219718412604,2.170637928837069
6112,0.3238693264006145,44.710713351293435,-1.8740303960422693,44.5102588994917,-0.44590700657845206,44.5153933890565,1.4281326193727941,2.0466420153483877
6113,0.2758309970521725,44.72306387475416,,,,,,1.8689430784706993
6114,0.26540077314795774,44.730807368723106,,,,,,1.72492359209935
6115,0.2792814140605503,44.725413065465155,-1.4346078146687644,44.51183874243473,0.7593454063125149,45.39858311989676,2.366378314389904,1.6607781553461043
6116,0.3068165797051135,44.7256412364413,-1.4338178931972647,44.29212745174803,0.8688060909201913,45.50883372597589,2.604313992201837,1.6681672787963664
6117,0.2752485681224472,44.769389806999676,-1.652739262412518,44.071626239589754,1.088517381606894,45.509623647447384,3.095532996655943,1.6431029473509595
6118,0.25514392253262935,44.800730863481256,-1.3235672871181885,44.18266676714038,1.5271500415088999,45.73091478107711,3.244019297167231,1.6263690796089396
6119,0.22407499948048215,44.857763171255655,-1.4342128539330394,44.40198309709138,1.855137134595955,46.17152224465787,3.735116081436553,1.628680604095118
6120,0.19741495411331136,44.86970349540488,-1.764174750698868,44.51065386022746,1.8535572916529564,46.61094482603132,4.183205382394756,1.6489132798432549
6121,0.1666285341423085,44.889360521138556,-1.5452533814836649,44.73115507238576,1.63187119728743,47.15943313127671,3.9988316944230657,1.6578174303692397
6122,0.11202426784725446,44.915863912635835,-1.7657545936419172,44.950076441600956,1.4105800636576782,47.59806579117864,4.135329424681818,1.6785252702364557
6123,0.06403186614819936,44.94736681177124,-1.7657545936419172,44.950076441600956,0.9687877178696745,48.25561982029584,4.29002781831081,1.693499911639803
6124,0.03563456003966903,44.959544491572245,-1.7661495543776418,45.05993208694434,0.638430860368071,48.474146228775304,4.175986730972377,1.7085036412938168
6125,0.0018077141178769,44.984186419146845,-1.656688869770065,45.17018269302347,0.30807400286646747,48.69267263725477,4.033389214159917,1.735079431604885
6126,-0.07498998338347994,45.021155371588684,-1.656688869770065,45.17018269302347,0.19782339678739144,48.8021333218624,4.078024168287292,1.7384622561188738
6127,-0.17006490279858724,44.99089234676768,-1.8767951211925427,45.27924841689527,0.41832460894559353,48.58321195264718,4.022903133465594,1.7337959581149118
6128,-0.2517642565528279,45.00585662954643,-1.8767951211925427,45.27924841689527,0.4179296482098188,48.69306759799053,4.113383421044348,1.75922102920436
6129,-0.3254624403884121,45.11196015325642,-1.9870457272716688,45.38870910150294,0.5281802542889948,48.58360691338293,4.06616942178668,1.8192706511482593
6130,-0.36910646778152556,45.170174556384914,-1.9870457272716688,45.38870910150294,0.9695776393412239,48.035908529609095,3.9685370785929077,1.8729199931097615
6131,-0.400390840570741,45.19366191314484,-1.9866507665358941,45.27885345615952,1.0794332846845753,48.03630349034484,4.123639424122469,1.8982626960843614
6132,-0.40276739624516283,45.22327856637288,-1.7665445151134165,45.169787732287716,1.2983546538997783,48.256804702503096,4.3500897336279865,1.9254021690753425
6133,-0.40096680283660724,45.274928556102566,-2.0961114511435204,45.16860285008047,1.4086052599789045,48.14734401789547,4.599558475555761,1.9511472761731858
6134,-0.3657370613091846,45.28016640509722,-1.9854658843286692,44.94928652012947,1.8484228020881845,48.039068215495114,4.923967240432383,1.9762352904195877
6135,-0.3365770965553648,45.331738525714876,-1.9858608450643944,45.05914216547284,1.9586734081672608,47.929607530887516,4.878413870200328,1.9710590790624123
6136,-0.3306391045895734,45.32844703781564,-1.985070923592895,44.83943087478609,2.178779659589788,47.820541807015644,5.121003228795029,1.9566013568467624
6137,-0.30306822819166523,45.416526185102214,-1.9854658843286692,44.94928652012947,2.178384698854013,47.93039745235901,5.121003228795011,1.9897247290026172
6138,-0.2816861362643267,45.47225638289321,-2.0953215296720207,44.948891559393715,2.3988859110122154,47.71147608314376,5.275393233756613,2.0276953934053457
6139,-0.22374987611294214,45.55566425751603,-2.0953215296720207,44.948891559393715,2.618992162434743,47.602410359271936,5.409798111657414,2.100350157473249
6140,-0.21666355895114503,45.561485643002506,-1.8756102389853186,44.94968148086521,2.6174123194917445,48.04183294064539,5.454232518072877,2.120453799995606
6141,-0.19490197601355969,45.49077400292341,-1.8756102389853186,44.94968148086521,2.3973060680692164,48.15089866451724,5.339064077532803,2.125951656947324
6142,-0.17726703663516866,45.48964424981855,-1.9854658843286692,44.94928652012947,2.396911107333442,48.260754309860616,5.4928177668184475,2.1163484734172258
6143,-0.19235650059599807,45.4777356953482,-2.095716490407746,45.05874720473709,2.2870554619900902,48.26035934912487,5.427615527081553,2.0807744614635837
6144,-0.2502367077789828,45.4866241671789,-2.094926568936246,44.839035914050335,2.1768048559110147,48.36982003373247,5.542032647488389,2.0244933062165495
6145,-0.2775588603292621,45.43162488615436,-1.8748203175137688,44.729970190178484,1.9574885259599866,48.25917446691763,5.209786358260841,1.9669411397591436
6146,-0.26600901968282653,45.41871928927168,-2.094136647464747,44.61932462336361,2.0677391320391125,48.149713782309995,5.457550514436591,1.9560251462375493
6147,-0.24002268317145253,45.38609908330585,-2.0945316082004717,44.72918026870699,2.068529053510612,47.93000249162326,5.251317641868701,1.9661845580930808
6148,-0.21965419468872413,45.441008934020886,-2.094136647464747,44.61932462336361,2.1791746203255125,47.710686161672264,5.27424926903889,1.9960513993054019
6149,-0.20563153376398843,45.471827998571456,-2.2047822142796476,44.83864095331458,2.4000707932194896,47.38190914711363,5.260502288400199,1.9905514949812666
6150,-0.19341019224903455,45.47662314018138,-1.985070923592895,44.83943087478609,2.5099264385628905,47.3823041078494,5.164417253206521,1.9562741228737763
6151,-0.13047381475079295,45.53578876646173,-1.985070923592895,44.83943087478609,2.4000707932194896,47.38190914711363,5.068891756763619,1.9597488897510493
6152,-0.09210520849944728,45.58773521888749,-1.876005199721043,45.05953712620859,2.1799645417970126,47.49097487098553,4.728930116932992,1.9413195137469759
6153,-0.051200252784759454,45.6265040813238,-2.095716490407746,45.05874720473709,2.180754463268562,47.27126358029881,4.81491770747598,1.9187819745612351
6154,0.03140301986374099,45.691969729648164,-1.6594535949203384,45.939172210427,2.0708988179251606,47.27086861956305,3.9609272210087076,1.9135976173783091
6155,0.06074629945706744,45.74884523313221,0.9857710295070881,43.53182707053104,2.0708988179251606,47.27086861956305,3.8933191524180306,1.8842603402791747
6156,0.06327861926673556,45.819140445048745,-0.1112055809835765,43.08845488180001,2.181149424004287,47.161407934955456,4.67373919277713,1.835913137166478
6157,0.09468844460884031,45.911052864566855,1.2042974379865663,43.86218392803259,1.852372409445682,46.94051176206143,3.1458072767396645,1.7974683310492083
6158,0.14887693079245415,45.95360450506317,1.2042974379865663,43.86218392803259,1.8535572916529564,46.61094482603132,2.824398136231779,1.747139995194476
6159,0.17495823473702557,45.9910113763548,-1.2212158957541073,46.27031898940013,1.8543472131244558,46.391233535344625,3.0779390448993045,1.7230208881366071
6160,0.23012766049394576,46.04129147322391,-0.0155685221273157,47.04365307489696,2.0736635430754333,46.50187910215947,2.1583349276252677,1.7431082771529112
6161,0.23839925611770563,46.06870050506175,1.5326794918093962,44.192935746269946,2.1835191884188347,46.50227406289522,2.3992990166538473,1.750470178281017
6162,0.24408281687308755,46.10752859264185,1.5326794918093962,44.192935746269946,2.4028355183697627,46.61291962971008,2.5716713449951647,1.769258533856648
6163,0.23341308078889916,46.1111857028876,1.641745215681248,44.413041997692474,2.621756887585016,46.833420841868374,2.611255756604822,1.7759257827427795
6164,0.22305806504108971,46.1039385992843,,,,,,1.8012989992818709
6165,0.22589261990621107,46.06155268107763,,,,,,1.8191751115511143
6166,0.22790787912895177,46.097079568929104,,,,,,1.8109473480220855
6167,0.2556881670864661,46.0756889997619,,,,,,1.813924898634029
6168,0.300337641446919,46.08795158895543,,,,,,1.820592676881302
6169,0.3085727649077465,46.06908670114845,0.7530260345404691,47.15627344539066,2.177594777382514,48.15010874304574,1.736981491538598,1.7940597901406017
6170,0.3194691494939134,46.06675285231305,0.8636716013553699,46.936957115439654,2.177594777382514,48.15010874304574,1.7883318998621405,1.7516877575484169
6171,0.30758122003889027,46.0885656545903,1.424008728673269,43.862973849504094,2.177594777382514,48.15010874304574,4.352863141454283,1.7174516071531332
6172,0.25864702342996876,46.208902472124805,1.6437200193600217,43.86376377097562,2.177989738118289,48.04025309770237,4.210523391295246,1.6260605948756974
6173,0.21883857831348721,46.262545125404905,1.8626413885752753,44.08426498313387,2.177594777382514,48.15010874304574,4.078024168287318,1.5339811387140267
6174,0.19459794506342185,46.262756308781654,1.4220339249944953,44.41225207622095,2.067344171303338,48.25956942765337,3.9010608962978277,1.4961269006930522
6175,0.15003562300361908,46.27726331366088,1.0920720282286664,44.520922839357056,2.287450422725865,48.150503703781496,3.8213592813849226,1.4921851435410474
6176,0.08718422363310861,46.262070461695856,0.7625050921985626,44.51973795714977,2.287450422725865,48.150503703781496,3.9380094169530655,1.5201570760406087
6177,0.01196338438548185,46.28263472348382,0.2065125329739356,46.38530912430833,2.3973060680692164,48.15089866451724,2.813695565961347,1.5280333980650034
6178,-0.10150216470170229,46.23381005293886,0.42543390218913874,46.605810336466526,2.177594777382514,48.15010874304574,2.335578151362387,1.5019521010469639
6179,-0.22533030445835386,46.17673699614178,0.42424901998186454,46.93537727249663,2.066554249831838,48.4792807183401,2.2540639560757465,1.4677285691252924
6180,-0.372460749437705,46.15244386132208,0.6431703891971178,47.15587848465491,1.4066304563001308,48.6966222446123,1.7195239480474285,1.4078610812409529
6181,-0.46684697462700053,46.19072609581466,-0.004904582261997825,44.077550650626044,0.9672078749266754,48.6950424016693,4.71871091510951,1.401687553657692
6182,-0.5327767173341066,46.249306155898225,-0.3340765575563271,43.96651012307542,0.8573522295833241,48.69464744093356,4.875939401935535,1.3914346284202497
6183,-0.6050106298499728,46.256294673780374,-0.553392887507355,43.85586455626055,0.4179296482098188,48.69306759799053,4.933761317221742,1.368216489523794
6184,-0.6761120797996195,46.19607511638485,-0.88137998059446,43.41525709267984,0.4179296482098188,48.69306759799053,5.435392280366826,1.3620368549979198
6185,-0.788727112188387,46.056207138363064,-1.4306582073112668,43.413282289001096,0.308863924337967,48.47296134656805,5.350354138940634,1.379861601749512
6186,-0.898952818726724,45.940168782536055,-1.7598301826055962,43.302241761450446,0.08836271217971482,48.69188271578329,5.697722930518522,1.3918943502410075
6187,-1.0355188395217245,45.8160582441316,-2.309503370058227,43.41012260311508,-0.021097972427861822,48.58163210970415,5.65520201590049,1.441340293264569
6188,-1.2117052784707887,45.66906005145505,-2.52921466074498,43.40933268164355,-0.24120422385038928,48.690697833576,5.755676296264849,1.4849497703457064
6189,-1.3422160853605964,45.63337543674407,-2.8599664789823085,43.737714735466376,-0.24080926311461442,48.58084218823266,5.505984747996487,1.4949898348917507
6190,-1.405154036490256,45.63030435739186,-2.8595715182465837,43.627859090123,-0.3498749869864664,48.36073593681015,5.357116754834259,1.4679830337181654
6191,-1.3908313826157308,45.691322639853055,-2.8595715182465837,43.627859090123,-0.1305586570354884,48.471381503625025,5.559426280359482,1.4710785574696696
6192,-1.3813173789489943,45.77958378414284,-2.8595715182465837,43.627859090123,-0.020308050956362376,48.361920819017406,5.520213536600845,1.481936139903869
6193,-1.3415186490826225,45.89825778212689,-2.8595715182465837,43.627859090123,-0.021097972427861822,48.58163210970415,5.709360664719152,1.4955093425304467
6194,-1.307874772655376,45.94903841587572,-2.8595715182465837,43.627859090123,-0.021097972427861822,48.58163210970415,5.709360664719152,1.5099236769153694
6195,-1.2743675348943708,45.98993258051,-2.8595715182465837,43.627859090123,0.19821835752311615,48.692277676519026,5.915945785974767,1.5328610902510102
6196,-1.266753131788659,45.973041844030554,-2.8599664789823085,43.737714735466376,0.30767904213074276,48.80252828259816,5.9738023414435695,1.5695346770958563
6197,-1.309887990006183,45.941929317363254,,,,,,1.6062684154645626
6198,-1.330965707533786,45.96928007356136,0.09389216248026118,47.153903680976164,0.5289701757604943,48.36389562269618,1.2858356724975655,1.6249646095356847
6199,-1.3906780441805877,45.97820940844103,-0.1266090496779412,47.37282505019132,0.8585371117905984,48.365080504903446,1.398243128666153,1.6599161891669094
6200,-1.420117738788262,46.02915304455128,-0.01714836507036452,47.483075656270465,0.967997796398175,48.47533111098257,1.3982431286661319,1.695532583650274
6201,-1.4575700906756277,45.99899024771595,-0.23804453796434139,47.81185267082907,0.9676028356624502,48.58518675632595,1.4323516318713019,1.7371618777393092
6202,-1.4358092055741118,46.029658726073876,-0.3482951440434674,47.921313355436695,0.9668129141909508,48.80489804701268,1.584370888403487,1.8020572965457393
6203,-1.4512892082550397,45.958575591016405,,,,,,1.8494539687411564
6204,-1.4651441020369917,45.87853661311682,-0.675492315659023,47.26099460116924,1.297169771692554,48.586371638533194,2.376556332605218,1.8976872268836913
6205,-1.4909993966067823,45.88185893756193,,,,,,1.9190696722293856
6206,-1.5267248950530488,45.840890638603746,-1.0042693302176278,47.040098428275186,1.298749614635553,48.14694905715972,2.5551936472633026,1.9458275567467807
6207,-1.5631549568671037,45.834522296818,,,,,,1.93583155075914
6208,-1.5834839053937073,45.83553953788528,,,,,,1.9461495962623392
6209,-1.603236792566038,45.84655306547499,,,,,,1.9380790761513385
6210,-1.629676379037832,45.87358043437613,-1.3326513840405074,46.709346610037855,1.0798282454203,47.92644784500149,2.702109061217428,1.910618217768316
6211,-1.63709842139532,45.90716118515639,-1.4425070293838589,46.708951649302115,0.9687877178696745,48.25561982029584,2.86470326374262,1.9056840948592393
6212,-1.6290576470878182,45.940750169418635,-1.001899565803129,46.38096455621503,1.0790383239488006,48.14615913568822,2.728775257218285,1.9184125566929817
6213,-1.6341304719004313,45.93458226043542,-1.0015046050673546,46.271108910871625,1.0790383239488006,48.14615913568822,2.800798497761649,1.9115969145170495
6214,-1.6317322811715254,45.92751172022317,-1.000714683595855,46.0513976201849,0.9703675608127234,47.81619723892237,2.6456913857286115,1.8887192735058687
6215,-1.6321811399845612,45.91295034037053,-1.0003197228601304,45.94154197484152,0.7506562701259707,47.81540731745084,2.564622438146766,1.8739451698967937
6216,-1.630955261549605,45.88659961523401,-1.000714683595855,46.0513976201849,0.5317349009107675,47.594906105292615,2.175044866813998,1.8639750399104167
6217,-1.638278579279936,45.87153592921743,-0.8904640775167791,45.941936935577274,0.20295788635216286,47.374009932398586,1.8017781937007715,1.8461192909299875
6218,-1.6472268535985795,45.851218417553135,-0.9999247621243554,45.83168632949817,-0.1266090496779412,47.37282505019132,1.7713805040209447,1.8273120822507827
6219,-1.6701919729267154,45.843406954700505,-0.8900691167810042,45.83208129023393,-0.34553041889319425,47.15232383803313,1.4281326193728068,1.7984343842515884
6220,-1.6514215693487126,45.8360476291223,-0.7794235499661034,45.612764960282945,-0.34553041889319425,47.15232383803313,1.599532677769238,1.8011542198640103
6221,-1.618704714326287,45.84283907695202,,,,,,1.8056665527163147
6222,-1.5967241614461005,45.80400489161926,,,,,,1.8406113565157476
6223,-1.5720875114316037,45.76204466923106,,,,,,1.861419498995424
6224,-1.562504558147319,45.68373229249608,-0.7794235499661034,45.612764960282945,0.09863169130930789,45.835635936855724,0.9058987133944747,1.8806601472317999
6225,-1.5406202296383464,45.603000359422,-0.8892791953095048,45.61236999954717,0.7577655633695158,45.83800570127021,1.6624283163445035,1.9138391484419024
6226,-1.5379613601718956,45.55993196676665,-0.8888842345737299,45.50251435420382,1.0869375386638451,45.94904622882084,2.0256511038796416,1.957423663970141
6227,-1.5403249542535289,45.51315535647264,-0.9987398799170814,45.50211939346807,1.0865425779281204,46.05890187416422,2.1583349276252677,1.9786684555087997
6228,-1.5408877443761977,45.471045328977894,-0.997949958445582,45.28240810278129,0.7557907596907423,46.38728392798707,2.0727655669596405,1.9999926749538584
6229,-1.515573218668537,45.48592092170968,-0.997949958445582,45.28240810278129,0.5356845082683148,46.49634965185893,1.9559367990989975,2.039907006086185
6230,-1.5103834139400703,45.46868954338666,-0.997554997709857,45.172552457437995,0.09665688763053427,46.38491416357258,1.6331321307603237,2.0377891004901296
6231,-1.5093421900760162,45.45902215946222,-0.997554997709857,45.172552457437995,0.20572261150243604,46.605020414995025,1.8707863197755148,2.0240684916321716
6232,-1.538195534553543,45.42036698316491,-1.1074106430532082,45.17215749670224,-0.3439505759501954,46.71290125665963,1.7195239480474285,2.002015743539855
6233,-1.5287712667126285,45.404898571850225,-1.1062257608459343,44.842590560672114,-0.23369996987106934,46.60344057205201,1.9651702263399518,2.003637659529857
6234,-1.5352925801180632,45.38885958382268,,,,,,1.9830828066666568
6235,-1.5604709238288306,45.38243495679793,,,,,,1.9710320140172644
6236,-1.5621517990656226,45.36723707810627,,,,,,1.9555079650895082
6237,-1.59876940506251,45.339182439919526,,,,,,1.9244991256298245
6238,-1.5847368101872608,45.32864629817233,,,,,,1.9264932068749123
6239,-1.5679497154759838,45.31938345054658,,,,,,1.9355433696461466
6240,-1.5259756920706002,45.309609148923414,,,,,,1.9644215977034698
6241,-1.5007448120447209,45.306537007128455,,,,,,1.9849802062970008
6242,-1.4930691350304592,45.286209353417206,,,,,,2.0083286368111013
6243,-1.466675975040045,45.28058660698037,,,,,,2.033838640161108
6244,-1.4476164856017781,45.260829597481205,,,,,,2.063818208180359
6245,-1.4348342614741774,45.20907483379901,,,,,,2.0820036510323154
6246,-1.4303151196042863,45.218288694743414,,,,,,2.098113754801281
6247,-1.4355254972493183,45.21588880185541,,,,,,2.112014414323615
6248,-1.4371073107118453,45.207056585593186,,,,,,2.1236116991226788
6249,-1.4442677887045534,45.20831635889436,,,,,,2.1198100946766836
6250,-1.4496392854289646,45.22046789801718,-2.7564302054109526,45.49580002169602,0.09981657351658209,45.50606900082562,2.8562652387455882,2.1152050288395308
6251,-1.464180913859529,45.19902979556312,,,,,,2.0976610976613825
6252,-1.4657170730883202,45.18091559944696,,,,,,2.082825054531113
6253,-1.4353960164082535,45.16042996415617,,,,,,2.064444133145531
6254,-1.3670353806267417,45.142658721843624,-2.8658908900186293,45.38554941561693,0.10455610234557881,44.18780125670518,3.2028356165470035,2.0660168256413387
6255,-1.3114593393319114,45.155064873325344,,,,,,2.0832949925967412
6256,-1.2102459659404556,45.185930294678705,,,,,,2.1122961306612025
6257,-1.1386713192271078,45.22640994803238,,,,,,2.139909701385085
6258,-1.080814800662253,45.186456603795776,,,,,,2.1798216441521636
6259,-1.087960614220243,45.158621274519014,,,,,,2.210787562191843
6260,-1.0988999863226978,45.14469244074686,,,,,,2.2230000459481976
6261,-1.091065587962596,45.12345947416935,,,,,,2.195003460492935
6262,-1.082341032292801,45.16265693254853,-2.865495929282855,45.27569377027349,1.8602716241607766,44.7433988551941,4.755651043316736,2.1332554366182466
6263,-1.1296714798716696,45.132969360226014,,,,,,2.0242408593488106
6264,-1.1743977733198239,45.15310996036788,,,,,,1.9080184278812735
6265,-1.181566988399337,45.18807032862654,,,,,,1.8115824405002952
6266,-1.2150074363826435,45.26717284546633,-3.19269310089846,44.61537501600609,1.3082286722936467,45.510413568918885,4.58905118947202,1.7001082418630713
6267,-1.2332492202733403,45.35271617252707,-3.1942729438414594,45.05479759737957,1.1967931840072465,45.94944118955659,4.48127759641863,1.6009455361346776
6268,-1.26954471167715,45.476334309026505,-3.1922981401626855,44.50551937066268,1.1960032625357473,46.16915248024335,4.693065557204359,1.519245593021613
6269,-1.2773454173156404,45.58287182639452,-3.1938779831057342,44.944941952036196,0.9758970111132695,46.2782182041152,4.377744746644264,1.4550681229479654
6270,-1.311782762432435,45.6709040455291,-3.1938779831057342,44.944941952036196,0.9758970111132695,46.2782182041152,4.377744746644264,1.4215321547128623
6271,-1.3313817884142245,45.73624047411183,-3.1938779831057342,44.944941952036196,1.1952133410642476,46.388863770930094,4.620501365759089,1.3924156667576324
6272,-1.3450084342818165,45.79367014710675,-3.1922981401626855,44.50551937066268,1.1952133410642476,46.388863770930094,4.774645864136582,1.3942177112685858
6273,-1.4070072640322964,45.81693484280587,,,,,,1.3858184900441792
6274,-1.389512924408308,45.83474763640577,-1.5488080281054375,45.71985588047605,1.1952133410642476,46.388863770930094,2.8243981362317836,1.4106605438331556
6275,-1.4052982618750034,45.84396103537275,-1.658663673448789,45.71946091974027,0.9747121289059955,46.6077851401453,2.7791703864617463,1.4070637709464773
6276,-1.380806144389444,45.86070618767922,-1.7685193187921402,45.719065959004524,1.0845677742493467,46.60818010088105,2.9884159546095748,1.4082916135864054
6277,-1.3860774517517536,45.85846648450401,-1.7685193187921402,45.719065959004524,0.8644615228268694,46.71724582475292,2.8158393343226176,1.3979571250545502
6278,-1.3793292050034256,45.85578778717211,-1.5488080281054375,45.71985588047605,0.8644615228268694,46.71724582475292,2.6112557566047885,1.4011100536982772
6279,-1.3741389164898439,45.873240257417265,-1.6590586341845637,45.829316565083644,0.7550008382192427,46.606995218673774,2.53623090915482,1.3806627756244674
6280,-1.3511322882650274,45.866134360580915,,,,,,1.3688360542226323
6281,-1.3560435082900844,45.84677357942472,,,,,,1.3740925101976038
6282,-1.32764160887804,45.831792142482676,,,,,,1.4027695121399926
6283,-1.3159659397437693,45.829141652133465,,,,,,1.4205700245434345
6284,-1.2876659107033892,45.79235801213522,,,,,,1.4506916648819004
6285,-1.2783729204199563,45.790749600181215,,,,,,1.4600253047752823
6286,-1.26401304707039,45.800763513283215,,,,,,1.4735287124282956
6287,-1.248350241144667,45.80772852190617,,,,,,1.4949923983879492
6288,-1.2440571458458418,45.80881084991017,-3.1922981401626855,44.50551937066268,-3.1938779831057342,44.944941952036196,0.4394254213455005,1.5025862369798035
6289,-1.2462886269892117,45.80858977378912,-3.191903179426961,44.39566372531934,-1.2224007779613812,46.599885925430236,2.9559322077545023,1.5115877744125126
6290,-1.2521351844964557,45.80862570827304,-3.191508218691186,44.28580807997598,-0.34000096859264806,45.61434480322594,3.145807276739659,1.5161200061737692
6291,-1.254514224199903,45.81622728661252,-3.191508218691186,44.28580807997598,-0.3407908900641475,45.83405609391269,3.2440192971672173,1.5236050015109852
6292,-1.2584603576401312,45.82366927155557,-3.191508218691186,44.28580807997598,-1.3318614625689578,46.48963531935113,2.8835985432385707,1.5203116363560543
6293,-1.2669764765653064,45.860711347429636,,,,,,1.5386953651832462
6294,-1.267126588131211,45.92863006846319,-3.191508218691186,44.28580807997598,-1.3318614625689578,46.48963531935113,2.8835985432385707,1.551165324704312
6295,-1.2700933312994893,45.9490226092946,-3.0808626518762856,44.06649175002498,-1.4417171079123092,46.48924035861538,2.925151096050171,1.5712270204716199
6296,-1.274712261835066,45.98430980537813,-3.0808626518762856,44.06649175002498,0.8656464050341437,46.38767888872285,4.5785197901868235,1.581328420299345
6297,-1.3050182595108495,45.96965073973753,-3.191508218691186,44.28580807997598,0.9758970111132695,46.2782182041152,4.619195216937004,1.5796467600460888
6298,-1.3309001387153834,45.99105670982375,-3.191508218691186,44.28580807997598,0.975502050377495,46.3880738494586,4.667279287557373,1.5728252764314925
6299,-1.3577939531534207,45.99511496000813,-3.0808626518762856,44.06649175002498,0.9751070896417702,46.497929494801944,4.728930116932998,1.5667279484118346
6300,-1.3688922106491743,46.01909595104185,,,,,,1.5470833249840712
6301,-1.3851672183356611,46.01808865330869,,,,,,1.542010852038494
6302,-1.4040351515878151,46.014418699110585,-1.442112068648084,46.599096003958735,0.644355271404392,46.82631154862481,2.0988027217543785,1.5422611587150064
6303,-1.4455166370823993,46.018253765327955,-1.442112068648084,46.599096003958735,0.533709704589541,47.045627878575736,2.0256511038796265,1.5364975960386134
6304,-1.4856046762682216,46.00513914565388,-1.442112068648084,46.599096003958735,0.7538159560119685,46.93656215470388,2.221707292238625,1.5281358268015086
6305,-1.406796671575159,46.05536843281425,-1.442112068648084,46.599096003958735,1.1936334981212489,46.82828635230358,2.6456913857286013,1.5864279895888942
6306,-1.345246183263508,46.09593271354941,-1.442112068648084,46.599096003958735,1.4133447888079513,46.82907627377508,2.864703263742611,1.6367710853305784
6307,-1.289409642126648,46.14044851345961,-1.442112068648084,46.599096003958735,1.6342409617019782,46.50029925921647,3.077939044899288,1.6874752529324681
6308,-1.2296401957442673,46.19360994475321,-1.442112068648084,46.599096003958735,1.7440966070453296,46.50069421995222,3.1877278171386583,1.7310149401849875
6309,-1.1919156660875903,46.24418317028971,-1.442112068648084,46.599096003958735,1.633056079494704,46.82986619524661,3.083814848615093,1.7701839350062716
6310,-1.1911330771580444,46.254692033408816,-1.3322564233047327,46.59949096469448,1.633056079494704,46.82986619524661,2.9742479698422017,1.7744749907524988
6311,-1.1708184585135373,46.290774849624846,-1.3322564233047327,46.59949096469448,1.522410512679853,47.04918252519751,2.889869515218816,1.7944517906539448
6312,-1.1496299611638223,46.30600490661014,-1.6610334378633371,46.3785947918005,1.6322661580232045,47.049577485933284,3.360958197313952,1.8249125989036974
6313,-1.1206088287280163,46.323061000767254,-1.5515727532557104,46.488845397879636,0.8632766406196452,47.04681276078301,2.4784723466614254,1.8383001774930556
6314,-1.1372469501528093,46.32035157243373,-1.5515727532557104,46.488845397879636,0.6435653499328924,47.04602283931148,2.2647467834861796,1.8180057727123744
6315,-1.160949795286181,46.29799992865295,-3.1907182972196866,44.066096789289226,0.31399841390278843,47.044837957104235,4.599558475555761,1.7896238834626281
6316,-1.180044339644881,46.26292376808535,-3.1907182972196866,44.066096789289226,-0.45578102497227035,47.261784522640745,4.2062218168115155,1.7363256723561629
6317,-1.2012678766141278,46.23689770019656,-0.6660132580009793,44.624459112928406,-0.8955985670815504,47.37006032504104,2.755183375040594,1.6795892754050767
6318,-1.2573134995042234,46.200182255359465,-3.191113257955461,44.175952434632585,-0.6660132580009793,44.624459112928406,2.564622438146768,1.610382393144014
6319,-1.2743409009858735,46.173639074228404,-3.1907182972196866,44.066096789289226,-0.6664082187367041,44.734314758271786,2.611255756604798,1.5796532680366981
6320,-1.2787233854515128,46.14698296383651,-3.1907182972196866,44.066096789289226,-0.6660132580009793,44.624459112928406,2.585711511270349,1.5465432532119259
6321,-1.313752611467564,46.119515405409494,-3.191508218691186,44.28580807997598,-0.5569475341291276,44.844565364350885,2.693161655653458,1.5032733555984044
6322,-1.3347489094636282,46.117528426584116,-3.191508218691186,44.28580807997598,-1.8799548070785903,46.158093579642255,2.2859626733114573,1.43068940639683
6323,-1.4122222440492818,46.15291806660243,-2.9706120457971594,43.957031065417354,-1.880349767814315,46.2679492249856,2.5551936472632963,1.367795006162642
6324,-1.462394456049447,46.161941568347444,-2.4213338190803024,43.959005869096124,-2.1004560192367925,46.37701494885751,2.439206935100195,1.3018943121333788
6325,-1.4599235378678554,46.200667518964046,,,,,,1.282840399705055
6326,-1.4725974033810993,46.18779823267135,,,,,,1.2754191727328703
6327,-1.4714769283257307,46.20409881612424,,,,,,1.261142844971632
6328,-1.5060906323473806,46.15380792818804,,,,,,1.2772740017401558
6329,-1.4762452882671138,46.1817965263751,,,,,,1.2616352761726106
6330,-1.4827168666982646,46.144048931296275,-3.0812576126120597,44.17634739536833,-2.313452977415725,44.50867905654871,0.8366410764789445,1.2586656462558226
6331,-1.4824037586390215,46.13526278117983,,,,,,1.2510522869545597
6332,-1.48063300417611,46.11379345876323,,,,,,1.2482963134900715
6333,-1.4634019750115785,46.1077519260274,,,,,,1.2516622688930665
6334,-1.4458292687541228,46.07862192446991,,,,,,1.2593624362392504
6335,-1.4564039797958652,46.04442930161753,,,,,,1.2712495208762848
6336,-1.4770124474463764,45.99785747259111,-2.7512957158461813,44.06767663223223,-2.4225187012875766,44.28857280512626,0.3960927221008885,1.283202761966012
6337,-1.4847082195280676,45.990445926948425,,,,,,1.287111213864234
6338,-1.4919840038558576,45.9879308306592,,,,,,1.2767434963151374
6339,-1.4726526656390375,45.98571818918524,-2.7512957158461813,44.06767663223223,-2.4225187012875766,44.28857280512626,0.3960927221008885,1.270169183171436
6340,-1.4709271887077484,45.97473498720347,-2.7512957158461813,44.06767663223223,-2.4225187012875766,44.28857280512626,0.3960927221008885,1.2702697430803218
6341,-1.4572110531041038,45.93958455033358,-3.191113257955461,44.175952434632585,-3.1930880616341852,44.725230661349464,0.5492817766818682,1.2652088677942837
6342,-1.5078627400712135,45.921407709631765,,,,,,1.250152379881342
6343,-1.4949728734000867,45.897007558423084,,,,,,1.2090445711085467
6344,-1.4773230684155032,45.920148813961454,,,,,,1.1871826133216163
6345,-1.4466888382987506,45.959627043763255,-2.7548503624679537,45.05637744032257,-0.9951852332953088,44.513418585377735,1.8415280842249329,1.1783403030279394
6346,-1.382382957996914,45.991371575178455,-2.864706007811355,45.05598247958682,-0.9963701155025831,44.842985521407854,1.880437903968819,1.1710877790177128
6347,-1.3466662327973882,45.971094844540865,-3.0836273770265583,44.83548126742857,-2.214656232673466,47.58503208689879,2.883598543238613,1.1724445913780068
6348,-1.3177358372480836,45.92048612437656,-3.1930880616341852,44.725230661349464,-1.8854842573791368,47.6960726144494,3.2458788669944476,1.1539130631640773
6349,-1.3088411230821146,45.89370622244707,,,,,,1.1368021275181814
6350,-1.2870974597414548,45.88892871347161,-3.1934830223699597,44.835086306692816,-1.1164947399755274,47.69883733959968,3.537647566346735,1.1537360297300123
6351,-1.2674074702228812,45.89989392022829,-2.975351574626206,45.275298809537745,-1.33620603066228,47.69804741812817,2.925151096050192,1.170281231655215
6352,-1.258726402763685,45.90837942279978,,,,,,1.2007471206174263
6353,-1.2145355117790486,45.8759758774393,,,,,,1.1914425378573776
6354,-1.1921052634672813,45.857328773433714,,,,,,1.2032178114261651
6355,-1.1438463175732836,45.80321419294769,,,,,,1.2926072765235561
6356,-0.9614882627507374,45.656580032652144,,,,,,1.4490012996183448
6357,-0.9119058809225793,45.61103134502835,-3.0852072199695573,45.274903848802,-0.22382595147725107,43.8570494384678,3.193401617802401,1.4884839768163636
6358,-0.9509381824907127,45.56881021048089,-3.0852072199695573,45.274903848802,0.7668496602918348,43.31132585837276,4.323653632434889,1.5285194282963444
6359,-1.014279498206028,45.526683732181866,-3.085602180705332,45.38475949414542,1.7563403898536463,43.09516921430783,5.355990245147774,1.4989636678380553
6360,-1.0845676983054249,45.440590163660154,-3.1950628653129587,45.274508888066244,1.974866798333125,43.42552607180943,5.490620200110431,1.4746572557702073
6361,-1.035394287670564,45.30919098482048,-2.9761414960977057,45.49501010022452,2.0843274829407514,43.53577667788856,5.426503652538067,1.490600668970914
6362,-0.973626245902407,45.247328386812896,-2.9761414960977057,45.49501010022452,2.194973049755652,43.31646034793756,5.611283691770142,1.506305724668007
6363,-0.9005552089486512,45.2147367516891,-2.866285850754354,45.49540506096027,2.1961579319629263,42.98689341190745,5.649864400727339,1.541531371312975
6364,-0.8702751713795113,45.20556581018591,-2.6465745600676014,45.496194982431774,2.4170541048568532,42.65811639734885,5.804741623134598,1.5691782397317742
6365,-0.8575306522204147,45.219443249533974,-2.8658908900186293,45.38554941561693,2.417449065592628,42.548260752005504,5.996989915550624,1.5887494489690261
6366,-0.8643185445647525,45.217448081731696,,,,,,1.5958873416028763
6367,-0.8901649771372977,45.23430285438588,-2.8658908900186293,45.38554941561693,2.1973428141701503,42.65732647587735,5.7514811963662,1.6015058879244797
6368,-0.9416507620725271,45.25744435460863,,,,,,1.5878639784092987
6369,-0.9882367731917733,45.24902171992422,,,,,,1.5757680806116283
6370,-0.9858688057943871,45.20677913210768,,,,,,1.598351289598388
6371,-1.0507596131033141,45.209495955114086,,,,,,1.5524476373393368
6372,-1.1083093168949498,45.200375892089916,,,,,,1.5345348869770252
6373,-1.1637149166819247,45.17675231938242,-2.866285850754354,45.49540506096027,1.6464847445102948,43.094774253572076,5.111567931551584,1.4965124045471458
6374,-1.1937667569635286,45.17684052610294,-2.866285850754354,45.49540506096027,1.64608978377457,43.204629898915464,5.060551818737909,1.4678140502363346
6375,-1.2141061049965851,45.18362436828444,,,,,,1.4540049681663465
6376,-1.2070986276422646,45.149859706687025,,,,,,1.4556914008035398
6377,-1.2020446264199391,45.08863069803182,,,,,,1.4843548924384988
6378,-1.1925417495655353,45.024394473599166,,,,,,1.4872775781915835
6379,-1.2231530918503086,45.096558954923275,-2.7556402839394534,45.276088731009246,1.7559454291179215,43.20502485965121,4.964243266149246,1.4508664753538534
6380,-1.187271671152537,45.15423499899105,,,,,,1.443223588409429
6381,-1.1319066355072123,45.210486704300536,-2.9761414960977057,45.49501010022452,1.5366290991669436,43.09437929283631,5.111567931551578,1.435446412476163
6382,-1.082385448437736,45.23806198927079,-2.9761414960977057,45.49501010022452,1.5366290991669436,43.09437929283631,5.111567931551578,1.455819574070026
6383,-1.0142290666725577,45.24907402911099,-2.9761414960977057,45.49501010022452,1.4267734538235424,43.09398433210056,5.015035871799468,1.5127060092824025
6384,-0.9513614279244174,45.23819208763842,-2.756035244675228,45.38594437635267,1.6472746659817945,42.87506296288535,5.0688917567636045,1.5873060823197924
6385,-0.8878709787586107,45.22068413314186,-2.975746535361981,45.385154454881175,1.6476696267175692,42.76520731754196,5.31414151206288,1.6747213978708007
6386,-0.7875723682137854,45.14826226767735,-2.975746535361981,45.385154454881175,1.5370240599027183,42.984523647492935,5.111567931551578,1.7943756242595266
6387,-0.7381559033980616,45.10824000818296,,,,,,1.8457726342149565
6388,-0.7127021135815313,45.127871636068974,,,,,,1.8876648964844067
6389,-0.7066104657542823,45.17631771595453,,,,,,1.8580734894813764
6390,-0.6854119918945507,45.22698768349545,,,,,,1.8403262356366592
6391,-0.6635496115095161,45.25628138802603,-2.9761414960977057,45.49501010022452,0.5427938015118599,44.51894803567828,3.6517944606191235,1.8402953602218048
6392,-0.684948615749479,45.32666249729744,-2.9761414960977057,45.49501010022452,0.7617151707270632,44.73944924783655,3.8134557376987472,1.8192239428307595
6393,-0.6822989101068113,45.35866478624237,-2.866680811490129,45.605260706303625,0.8707808945989151,44.959555499259054,3.792829447640164,1.812436582694407
6394,-0.6791757714536393,45.393548055773316,-3.1950628653129587,45.274508888066244,0.8699909731274158,45.17926678994581,4.066169421786695,1.813644550180784
6395,-0.6550287094105609,45.378962267782875,-3.1950628653129587,45.274508888066244,0.7597403670482894,45.28872747455333,3.9548287921092795,1.8024084984046933
6396,-0.6470652168371303,45.37161147340072,-3.1950628653129587,45.274508888066244,0.6494897609691636,45.39818815916101,3.846541493127474,1.7862002848326648
6397,-0.654366166161522,45.38068378708678,-3.1950628653129587,45.274508888066244,0.7589504455767901,45.508438765240115,3.960927221008702,1.7503130720781197
6398,-0.6557370565016495,45.39545975470393,-3.1950628653129587,45.274508888066244,0.5388441941543126,45.617504489111965,3.7496277029961282,1.7191910904738863
6399,-0.6687152024956675,45.41511081259011,-3.085602180705332,45.38475949414542,0.4285935880751866,45.72696517371959,3.530818124521244,1.701166386691232
6400,-0.6946506146499714,45.45604965629646,-3.085602180705332,45.38475949414542,0.31873794273183526,45.72657021298384,3.42145674290306,1.6668499441869549
6401,-0.728250299925114,45.475879576026216,-3.085602180705332,45.38475949414542,0.5376593119470384,45.94707142514207,3.6666358630055744,1.6340349499885314
6402,-0.7656227896942145,45.48771974245164,-3.085602180705332,45.38475949414542,0.31834298199606054,45.83642585832722,3.433780012640785,1.5926500987469245
6403,-0.7666450192732883,45.499125038696754,-3.085602180705332,45.38475949414542,0.42780366660363706,45.946676464406316,3.5580572408791244,1.5879530937258641
6404,-0.7828415984631971,45.491331704526736,-2.866285850754354,45.49540506096027,0.31834298199606054,45.83642585832722,3.2028356165469947,1.6033286009854786
6405,-0.7337736548380549,45.50219898237899,-2.866285850754354,45.49540506096027,0.09902665204508258,45.72578029151235,2.9742479698422066,1.62785325216972
6406,-0.7158559323478844,45.52350158559653,-2.866285850754354,45.49540506096027,0.20848733665270922,45.83603089759146,3.093583054417307,1.6750215022483597
6407,-0.664403731958835,45.526006192915084,-0.8936237634027766,46.82078209832426,0.31834298199606054,45.83642585832722,1.5613521701313033,1.7554254460322154
6408,-0.5894204831942009,45.528505540711,-3.085602180705332,45.38475949414542,0.5380542726828131,45.837215779798726,3.6517944606191244,1.8499775576337247
6409,-0.5105804656625363,45.55022705251572,-3.0848122592338325,45.16504820345869,0.5388441941543126,45.617504489111965,3.6517944606191244,1.9235179231206945
6410,-0.5117863667113227,45.58503317868903,-3.0848122592338325,45.16504820345869,0.6494897609691636,45.39818815916101,3.7415726395510625,1.94526018212048
6411,-0.5719279807295378,45.58375254547507,-3.084022337762333,44.945336912771936,1.0893073030783933,45.28991235676061,4.1875306002129316,1.940573616080662
6412,-0.6014969786232754,45.61785654977232,-3.084022337762333,44.945336912771936,1.1987679876860202,45.400162962839794,4.306873542092232,1.9020229542585039
6413,-0.6199745882117709,45.59404825201867,-2.975746535361981,45.385154454881175,1.6350308831734777,46.28058796852972,4.696921287464909,1.8430142004004155
6414,-0.602953699243303,45.59990819854109,-1.0046642909534023,47.14995407361861,1.6350308831734777,46.28058796852972,2.7791703864617556,1.764612133159046
6415,-0.5782445040281259,45.57412140296113,-3.08797194511983,46.0438933662056,1.7433066855737802,46.72040551063895,4.878413870200325,1.7108126667016954
6416,-0.535417084820702,45.56945093824809,-3.0875769843841057,45.93403772086223,1.8519774487099572,47.05036740740478,5.064127759699097,1.6623548275622182
6417,-0.4959534507471098,45.60195335102112,-3.087182023648331,45.82418207551887,1.8511875272384577,47.27007869809155,5.1456885704726245,1.6327596319678828
6418,-0.43818592825282593,45.620415228368195,-3.087182023648331,45.82418207551887,1.7405419604235068,47.48939502804254,5.106843745762678,1.6281270149524503
6419,-0.43716561715736707,45.620189191838,-3.087182023648331,45.82418207551887,1.850792566502683,47.37993434343488,5.177253921926455,1.6357184513802479
6420,-0.4646063589701823,45.6218115873299,-0.23369996987106934,46.60344057205201,1.9602532511102595,47.49018494951403,2.366378314389904,1.6369860870060546
6421,-0.43396372089516566,45.6275812742917,-0.01398867918431671,46.6042304935235,1.9602532511102595,47.49018494951403,2.163919244662964,1.6415960012318032
6422,-0.4278270363476051,45.62388801217737,0.20611757223821078,46.49516476965167,2.0697139357178864,47.600435555593165,2.16670600595249,1.634714737680514
6423,-0.4024205740869725,45.63334146758393,0.4258288629249135,46.495954691123174,2.621756887585016,46.833420841868374,2.22170729223863,1.6461273481020398
6424,-0.3184491205775575,45.65346880481911,-1.333046344776232,46.819202255381256,0.5360794690040396,46.38649400651557,1.9185587654216087,1.6901444459800876
6425,-0.273639332249909,45.69164955812221,0.6455401536116662,46.496744612594675,2.841468178271769,46.83421076333988,2.22170729223863,1.72135764129854
6426,-0.23396735334082408,45.72681293377496,0.6463300750831655,46.27703332190793,3.171825035773372,46.61568435486035,2.5480991579197303,1.7516108979527927
6427,-0.1741644920967345,45.763147149816554,0.7561857204265168,46.27742828264367,3.501786932539251,46.50701359172427,2.755183375040639,1.7968846474562326
6428,-0.11501658154368814,45.77758213971122,,,,,,1.8151693082582407
6429,-0.04599281162932618,45.79806782174047,-2.869840497376127,46.48410586905059,4.163290569013958,45.85024948407859,7.061636249042482,1.8311431574811579
6430,-0.05349357792058569,45.7965883738052,-2.869840497376127,46.48410586905059,4.2731462143573085,45.850644444814336,7.171020327679703,1.847046856147047
6431,-0.06634720328884147,45.750328567206985,-2.869840497376127,46.48410586905059,4.491672622836787,46.181001302315934,7.367750524918839,1.8563635498457736
6432,-0.1573954131450401,45.68677276899293,-2.869840497376127,46.48410586905059,4.381027056021886,46.40031763226694,7.25135164955773,1.847580744210111
6433,-0.17493165928817894,45.63152047054729,,,,,,1.8684401978492013
6434,-0.1483816770830507,45.587949468751084,-2.869445536640402,46.37425022370723,4.160130883127909,46.72909464682552,7.038526778096422,1.901983147999387
6435,-0.12786068151668467,45.56315744247179,,,,,,1.929340293384025
6436,-0.16559702152267153,45.5521571809627,,,,,,1.9123783873341416
6437,-0.18618886588352956,45.565847227699415,,,,,,1.8849437686048727
6438,-0.17437449517404646,45.57287913175945,0.757370602633741,45.94786134661357,2.8418631390074935,46.724355117996474,2.224421657688608,1.9065444792097628
6439,-0.15852676153579778,45.575762585856765,0.536869390475539,46.16678271582882,2.5107163600343907,47.162592817162725,2.210816504632449,1.8872666471107176
6440,-0.17287370572045913,45.609714382080135,0.5364744297398143,46.276638361172175,2.508741556355617,47.71187104387954,2.4392069351001786,1.8822821531375222
6441,-0.1931599875720416,45.647757102816335,0.42622382366063827,46.38609904577982,2.617807280227469,47.93197729530204,2.6819354223103633,1.8948521312174305
6442,-0.21269356665286607,45.69817747255977,0.5352895475325401,46.60620529720228,2.7272679648350957,48.04222790138114,2.6204828375001585,1.8461884080689281
6443,-0.2114269631605061,45.73280697825589,0.7542109167477433,46.826706509360555,2.617017358755969,48.151688585988765,2.285962673311465,1.7965051409793582
6444,-0.2760033597336275,45.755698968163166,0.9739222074344961,46.82749643083208,2.617017358755969,48.151688585988765,2.110271674471005,1.7506748464009412
6445,-0.293149694228107,45.76783488669867,1.0837778527778474,46.827891391567825,2.8371236101784967,48.04262286211689,2.1330245874197007,1.7529494283435985
6446,-0.319893703103888,45.78908982816079,1.0837778527778474,46.827891391567825,2.8371236101784967,48.04262286211689,2.1330245874197007,1.7763686047131553
6447,-0.3355353360506417,45.79079378639628,-1.0042693302176278,47.040098428275186,2.8375185709142214,47.93276721677354,3.9441338520950397,1.795103529834793
6448,-0.38350192438782865,45.76713477092885,-1.0046642909534023,47.14995407361861,2.8375185709142214,47.93276721677354,3.9211178968662943,1.8142686364939347
6449,-0.4094222783530967,45.728971130889335,-1.0046642909534023,47.14995407361861,2.6174123194917445,48.04183294064539,3.7302663290149276,1.8195101819524375
6450,-0.47036459418499554,45.7244172175952,-1.0042693302176278,47.040098428275186,2.72766292557082,47.93237225603779,3.8371175308432393,1.8111407095013994
6451,-0.5255463982496047,45.702814905713396,-1.0042693302176278,47.040098428275186,2.618597201698968,47.71226600461528,3.684694174387396,1.781673317305086
6452,-0.5684530863945733,45.70301147349199,0.7569756418980164,46.057716991956944,2.6193871231704677,47.492554713928556,2.351028671447488,1.7740683662077412
6453,-0.5622148330487454,45.68524059746161,0.7577655633695158,45.83800570127021,2.6182022409632433,47.82212164995867,2.7199155739058636,1.8001201024647655
6454,-0.5633127218318869,45.66383965963845,0.5388441941543126,45.617504489111965,2.729242768513819,47.4929496746643,2.8835985432385938,1.7830129729980897
6455,-0.5584113506242833,45.64295792846905,,,,,,1.7582830529636397
6456,-0.5376081328702387,45.65600779154898,,,,,,1.7660588209228174
6457,-0.42469844272361823,45.658419637189226,-0.8932288026670522,46.71092645298086,2.8430480212147677,46.3947881819664,3.7496277029961225,1.737776539157435
6458,-0.29561983519452006,45.651928200838874,-2.643019913445829,44.50749417434143,2.952903666558119,46.395183142702145,5.905737071231233,1.7524268380084178
6459,-0.2453085087879553,45.63574511481346,-2.6434148741816035,44.61734981968484,2.952903666558119,46.395183142702145,5.87192238826925,1.7615394789551295
6460,-0.19862120113715662,45.61877656831984,-2.754455401732229,44.94652179497919,2.842258099743268,46.6144994726531,5.8399787286270115,1.7417651836894354
6461,-0.1917627734037666,45.62139961704278,-0.7825832358521013,46.49161012302991,2.9525087058223947,46.505038788045496,3.7351160814365447,1.7175738215971657
6462,-0.20864873092336642,45.59679140751789,,,,,,1.69287132531881
6463,-0.26706289175779885,45.563937087976676,,,,,,1.6641620866589901
6464,-0.2856677949085854,45.56082906418341,,,,,,1.6655126399756188
6465,-0.24040221969859976,45.57771444320274,,,,,,1.6995580336416156
6466,-0.2186826863706321,45.576979227292114,,,,,,1.7341281620214983
6467,-0.2204093622928935,45.57851652413438,,,,,,1.738714345668156
6468,-0.2001462948378862,45.57356717909382,,,,,,1.7573985756691513
6469,-0.19140564559667966,45.56626491577387,,,,,,1.788749323189871
6470,-0.26085688958179704,45.5453745845144,,,,,,1.7517606158280326
6471,-0.3328399915995662,45.523001623803246,-0.8948086456100509,47.15034903435436,3.6128274600898265,46.177841616429916,4.611350554807892,1.7101936598978023
6472,-0.2893197851612377,45.51481470981877,-0.7845580395308751,47.04088834974671,3.7230780661689526,46.06838093182228,4.611350554807886,1.781683690439978
6473,-0.2776285243378916,45.50924492084841,-0.7853479610023745,47.26059964043348,3.9427893568557053,46.06917085329379,4.875939401935535,1.8244802142306025
6474,-0.30516174870350327,45.51323191723755,-0.8948086456100509,47.15034903435436,3.9427893568557053,46.06917085329379,4.956944693322857,1.8297002024014897
6475,-0.33525423131170057,45.517841643917436,-1.005059251689127,47.25980971896197,3.8333286722480784,45.95892024721466,5.010220665819463,1.839080808728793
6476,-0.4189695701064011,45.49579569270097,-0.8955985670815504,47.37006032504104,3.723867987640452,45.84866964113556,4.863548176308062,1.7735279101532837
6477,-0.44271525895682595,45.450686027484196,-1.2247705423758797,47.25901979749047,3.6155921852401,45.408852099026355,5.181913917399056,1.717182787799187
6478,-0.3464474910510873,45.43073299953178,,,,,,1.6944016558704205
6479,-0.2336235312707965,45.382224718065906,-1.3338362662477317,47.03891354606794,3.0682887622020165,44.85759906863072,4.912925565849849,1.6350743364139968
6480,-0.16476170822241226,45.37070249373456,-1.5535475569344843,47.03812362459644,2.8493673929868133,44.6370978564725,5.015035871799454,1.5788847570582822
6481,-0.01988429169279588,45.31848093833259,-1.5531525961987596,46.92826797925309,2.8497623537225882,44.5272422111291,5.015035871799468,1.5863192916884314
6482,0.0984767112113308,45.2524117795126,-1.5531525961987596,46.92826797925309,2.630051063035835,44.5264522896576,4.823682354946286,1.6018708884296478
6483,0.14448612002320033,45.201514332106356,-1.6634032022778358,47.03772866386066,2.5205903784282087,44.41620168357849,4.937429087261596,1.6047911739185348
6484,0.14289784516068288,45.171964625416955,0.9770818933204939,45.9486512680851,2.4107347330848072,44.415806722842724,2.0988027217543777,1.5963473119362594
6485,0.1178202215479627,45.18909009288616,1.0865425779281204,46.05890187416422,2.1918133638696045,44.19530551068447,2.1667060059524825,1.5774314024018068
6486,0.1058891223831133,45.201743616025496,1.0865425779281204,46.05890187416422,2.0827476399977525,43.975199259262,2.3095976084685086,1.5625895907273324
6487,0.10571728273194743,45.1993507589502,1.0861476171923459,46.168757519507594,1.9736819161259005,43.75509300783952,2.5716713449951594,1.5717120349986813
6488,0.12034845621144864,45.16321062805865,1.0861476171923459,46.168757519507594,2.3032488521560044,43.75627789004676,2.702109061217421,1.5929081612896216
6489,0.15273148394772335,45.135389626936096,0.8668312872414178,46.05811195269272,2.5237500643142567,43.53735652083159,3.0165523004042316,1.6134322058244526
6490,0.1572490416198169,45.099563781418276,0.9770818933204939,45.9486512680851,2.744646237208234,43.208579506272976,3.260717247732996,1.6463563958925647
6491,0.19549844502329958,45.04629838986032,0.9770818933204939,45.9486512680851,2.9655424101022105,42.87980249171438,3.6567482876227424,1.6935717477847263
6492,0.24546969890726622,44.99109764171543,1.0869375386638451,45.94904622882084,3.2951093461323144,42.880987373921656,3.7800804050210353,1.7473506231474254
6493,0.29961217663026823,44.93507284250886,0.9774768540562686,45.838795622741735,3.73453192750577,42.88256721686465,4.04235563325994,1.8039545936105488
6494,0.39082991692335745,44.88130366353144,-1.7728638868854623,46.92747805778156,3.9530583359852987,43.21292407436625,6.825254324790507,1.8484553439912217
6495,0.34739229076629036,44.88226464396807,-1.663008241542111,46.92787301851731,4.062519020592876,43.323174680445355,6.765760307456168,1.8647145509385474
6496,0.321750652796152,44.849279769848316,-1.7732588476211872,47.037333703124915,4.39129603515148,43.544070853339385,7.085522016083842,1.9170529916296717
6497,0.3576589590397332,44.82972858969515,-1.9929701383079397,47.036543781653414,4.499176876816107,44.09374404079194,7.127976092889073,2.0095893692769997
6498,0.3979310307390635,44.79404576583637,-1.9929701383079397,47.036543781653414,4.499571837551882,43.98388839544856,7.1743854242176495,2.062427826632417
6499,0.43471392351414123,44.79237405430931,-1.9929701383079397,47.036543781653414,4.718493206767034,44.20438960760679,7.2845615858372135,2.0914942962406773
6500,0.432474504030512,44.763403501772586,-1.9929701383079397,47.036543781653414,4.498386955344608,44.31345533147869,7.039384037313763,2.126373298704465
6501,0.36391773689459733,44.748990876704994,1.088517381606894,45.509623647447384,4.71809824603131,44.31424525295019,3.8213592813849036,2.161442412806514
6502,0.3368433020317025,44.72047962375808,0.8688060909201913,45.50883372597589,4.717703285295536,44.42410089829354,3.998831694423075,2.1838543677837325
6503,0.3545909730114207,44.697511870662716,0.8688060909201913,45.50883372597589,4.717703285295536,44.42410089829354,3.998831694423075,2.187656395156417
6504,0.29520873248218055,44.70105850862878,0.8688060909201913,45.50883372597589,4.608637561423684,44.20399464687104,3.9609272210087076,2.1807938742749333
6505,0.2881569453651733,44.69111058190511,0.8688060909201913,45.50883372597589,4.608637561423684,44.20399464687104,3.9609272210087076,2.1785263731840705
6506,0.2671310817423711,44.703847046138144,0.7585554848410153,45.61829441058347,4.608637561423684,44.20399464687104,4.1016308729650675,2.177404889149657
6507,0.18773482332172142,44.73013762516615,0.7589504455767901,45.508438765240115,4.608637561423684,44.20399464687104,4.064685147445669,2.1568360691308706
6508,0.14154107467404725,44.77118571038114,0.6483048787619391,45.72775509519109,4.498781916080333,44.203599686135284,4.141162050182326,2.1313545228267032
6509,0.09915186875954507,44.81336474998399,0.6479099180261646,45.83761074053447,4.498781916080333,44.203599686135284,4.1832053823947275,2.121736453259781
6510,0.01214168458534929,44.82271064311982,0.5380542726828131,45.837215779798726,4.1703998622575025,43.87284786789793,4.129488560997379,2.0611526670220495
6511,-0.003562940204282269,44.81406801726738,0.5376593119470384,45.94707142514207,4.390111152944206,43.87363778936944,4.374987111884554,1.9996070140777824
6512,-0.14147772122210817,44.85707378318401,0.4274087058679124,46.056532109749696,4.281835350543853,43.43382024726026,4.662104918685406,1.8350638226951463
6513,-0.21930492408107027,44.956059959485266,-2.1012459407082917,46.59672623954421,3.62309643921942,43.32159483750235,6.595042182069586,1.7213448881291293
6514,-0.36104109054412525,45.084058230703555,-1.1117552111464806,46.38056959547929,3.0730282910310636,43.539331324510336,5.058166453618949,1.5338124952570238
6515,-0.47118706946658123,45.193230300290615,-2.4312078374741706,46.705397002680336,2.521775260635483,44.086634747548395,5.602674122154808,1.3902753890355513
6516,-0.5669978336655203,45.231194025727696,0.42503894145336396,46.715665981809906,1.8606665848965014,44.63354320985072,2.5290832268094467,1.3267958988759792
6517,-0.6455069070541006,45.27923014723761,-2.211101586051693,46.59633127880846,1.6401653727382495,44.85246457906595,4.227685921912575,1.3085693968962218
6518,-0.682148695360575,45.320479563259475,-2.32056227065927,46.48608067272936,1.530309727394898,44.852069618330184,4.183205382394742,1.3324577937269002
6519,-0.6668802644692263,45.346463661248194,-2.539878600610298,46.375435105914484,1.6397704120024745,44.96232022440933,4.412069756584336,1.3760081729079618
6520,-0.6038543747779994,45.383081805104766,-2.540273561346023,46.485290751257835,1.6393754512667498,45.072175869752705,4.4120697565843265,1.4391573448280746
6521,-0.5562275509046634,45.43341443220752,-2.540273561346023,46.485290751257835,1.8579018597462285,45.40253272725431,4.529493566972359,1.4579735919727461
6522,-0.5890953747450421,45.46463577003222,-2.759984852032726,46.484500829786334,1.8575068990105035,45.512388372597655,4.718710915109506,1.470980713852463
6523,-0.6450063588007237,45.45617599683032,-2.4300229552668964,46.37583006665026,2.186283913569108,45.73328454549164,4.660810428887127,1.4812089740480323
6524,-0.7210320346160999,45.48370343306139,-2.430812876738396,46.59554135733696,2.514665967391938,46.064036363729016,4.973958037214485,1.4355352446125424
6525,-0.8046212822511684,45.520301595788,-2.32056227065927,46.48608067272936,2.181149424004287,47.161407934955456,4.552084697473947,1.3684341381319702
6526,-0.8704326092520326,45.535947022082915,-0.45459614276504623,46.932217586610605,1.7405419604235068,47.48939502804254,2.264746783486172,1.280916529922593
6527,-0.9737215041243277,45.484004456178276,-2.5406685220817975,46.59514639660119,0.8616967976765962,47.48623534215652,3.5171194574517055,1.20814672519728
6528,-1.059125008721251,45.397392252579614,-2.430812876738396,46.59554135733696,0.5329197831180417,47.26533916926251,3.0384766558194465,1.167465023813352
6529,-1.069635170420688,45.364298685052546,-2.32056227065927,46.48608067272936,0.6435653499328924,47.04602283931148,3.0165523004042427,1.1698893048153618
6530,-1.0550895961388145,45.328317455645596,-2.4300229552668964,46.37583006665026,0.7542109167477433,46.826706509360555,3.2159967223671737,1.180968607045785
6531,-1.0991881422705914,45.30322519861607,-2.32056227065927,46.48608067272936,0.7553957989550175,46.49713957333043,3.0759779494183235,1.1761761269209787
6532,-1.1304647335165652,45.28703389128581,-2.6505241674251487,46.59475143586543,0.7565806811622416,46.167572637300324,3.433780012640785,1.1767550192843834
6533,-1.154544745072395,45.28248754117901,-2.4304179160026216,46.485685711993604,0.7593454063125149,45.39858311989676,3.3699231590840144,1.1888888196256064
6534,-1.2036551856585858,45.29158045256267,-1.4432969508553584,46.92866293998884,0.7577655633695158,45.83800570127021,2.456462782924911,1.1942060914581207
6535,-1.2324497856135461,45.29316379770278,-1.7736538083569615,47.14718934846834,0.7581605241052906,45.72815005592684,2.902370811567303,1.224949786759707
6536,-1.2314658588032394,45.31895618693485,-1.7736538083569615,47.14718934846834,0.7581605241052906,45.72815005592684,2.902370811567303,1.250394165343424
6537,-1.246516446802211,45.34636981499555,-1.882324571493089,46.817227451702486,0.8672262479771424,45.94825630734935,2.883598543238589,1.2655687931158146
6538,-1.2116949875809828,45.35084622324971,-2.7587999698255015,46.15493389375623,0.6510696039121624,44.95876557778753,3.613589510449323,1.2722884858336956
6539,-1.2006462767653368,45.35611521675947,-2.9777213390407544,45.934432681597976,0.7621101314627879,44.62959360249318,3.960927221008683,1.2914262978355473
6540,-1.1577525072228492,45.38526720815376,,,,,,1.3064093470694043
6541,-1.1180877495744688,45.4089077988281,-2.7587999698255015,46.15493389375623,1.0924669889643914,44.4110671940137,4.227685921912582,1.3288540625738035
6542,-1.1045408019541736,45.43214701678991,-3.0875769843841057,45.93403772086223,1.203112555779292,44.19175086406269,4.630937294052238,1.3423850753281292
6543,-1.101162575905461,45.39581196052265,-3.0875769843841057,45.93403772086223,1.0928619497001664,44.30121154867035,4.488005235090796,1.366104196350213
6544,-1.0992047077100915,45.37077477120745,-2.869840497376127,46.48410586905059,0.9834012650925394,44.1909609425912,4.483969863165801,1.4023200464997583
6545,-1.075942847279945,45.35334859131803,-2.869840497376127,46.48410586905059,1.0924669889643914,44.4110671940137,4.471841898424967,1.4401898648272062
6546,-1.052011972100056,45.36738030792932,-2.869840497376127,46.48410586905059,1.091677067492892,44.63077848470045,4.373607642478688,1.4823746745374413
6547,-0.9998130822560678,45.3803207693221,-2.7595898912970007,46.37464518444298,1.2027175950435676,44.3016065094061,4.471841898424961,1.556372687170385
6548,-0.9672706200161261,45.37916292968985,-2.6493392852178745,46.26518449983533,1.203507516515067,44.081895218719346,4.4284512600524035,1.6414675246803678
6549,-0.8664501695594379,45.38188250415833,,,,,,1.7451692203361386
6550,-0.8385416527163994,45.396437794717464,,,,,,1.8126590012101624
6551,-0.7510193513964425,45.351329194547894,,,,,,1.9123894868454303
6552,-0.8190240639937464,45.3516774658079,-2.428838073059622,46.046263130620126,1.6464847445102948,43.094774253572076,5.031852805751025,1.944298209278517
6553,-0.7956799193875653,45.3397739546631,-2.429233033795397,46.156118775963506,1.9768416020118986,42.87624784509261,5.492817766818429,2.050133124353222
6554,-0.7953236898190092,45.34027887603753,-2.320167309923545,46.37622502738601,2.0851174044122507,43.31606538720181,5.363870844620786,2.100098246047501
6555,-0.8015828885508547,45.29927760383567,-2.320167309923545,46.37622502738601,1.6445099408315214,43.64405248028889,4.814917707475984,2.1093169882602854
6556,-0.8780270229630305,45.263936172091064,-2.211101586051693,46.59633127880846,1.2039024772508415,43.972039573375966,4.3068735420922275,2.0571780962931405
6557,-0.9204532413430312,45.23527037502053,-2.211101586051693,46.59633127880846,0.8727556982776887,44.410277272542196,3.7800804050210406,2.0133349306632446
6558,-0.9507669984498032,45.21110283280432,-2.211101586051693,46.59633127880846,0.5420038800403606,44.73865932636506,3.3212248930658737,1.963190533060047
6559,-1.0071644168398253,45.16890946522719,-2.211101586051693,46.59633127880846,0.5412139585688112,44.958370617051784,3.202835616546976,1.9066243395500273
6560,-1.0577844262427532,45.1380225366981,-2.1016409014440667,46.706581884887584,0.320712746410559,45.17729198626703,2.8647032637426038,1.8531818879051445
6561,-1.0588323279487093,45.151189845734585,-2.1016409014440667,46.706581884887584,0.32031778567483404,45.28714763161034,2.807254438323551,1.8017887832595967
6562,-1.0450059071693987,45.15309397689404,-2.211496546787468,46.706186924151844,0.2096722188599834,45.50646396156137,2.7021090612174077,1.7361011831652828
6563,-1.0086344029065817,45.20257726832097,-2.320957231395045,46.59593631807271,0.2092772581242086,45.61631960690472,2.713251826269028,1.6579721495357715
6564,-1.0089691428456593,45.23854331117723,,,,,,1.5983831227744871
6565,-0.991911654920609,45.29083247716836,,,,,,1.593304042242191
6566,-0.979517756497497,45.35101631575036,,,,,,1.59689076903513
6567,-0.9766529826923472,45.38206733470526,,,,,,1.576883398216792
6568,-0.9697506583249611,45.404416401267284,,,,,,1.5629935777780255
6569,-0.9520753490042934,45.42313942347372,,,,,,1.5651634658293536
6570,-0.9334436767170123,45.42816906374355,,,,,,1.5678977639312417
6571,-0.8815280609433258,45.45119810789703,,,,,,1.569416311522535
6572,-0.8899487832912215,45.47599901788398,,,,,,1.565586499283764
6573,-0.8664511913046236,45.48556549237032,,,,,,1.5587576793107663
6574,-0.9071841628940409,45.507695970916,,,,,,1.5254840305363946
6575,-0.9164722807739631,45.54886019846333,,,,,,1.5061695312550083
6576,-0.926223772895022,45.56080022228506,,,,,,1.4958628883024967
6577,-0.9062092644058096,45.56925472940704,,,,,,1.4937242347389164
6578,-0.8777516440275712,45.59990042116846,,,,,,1.5135769750401376
6579,-0.7789912381715566,45.635975753715755,-3.083232416290784,44.72562562208521,-2.979301181983753,46.37385526297148,1.6515031488194931,1.5358331300948518
6580,-0.7536925208952366,45.65114360608607,-3.191903179426961,44.39566372531934,-2.979301181983753,46.37385526297148,1.989583214885835,1.5576704301318138
6581,-0.7133670443643421,45.695606839383075,-3.1922981401626855,44.50551937066268,-2.869840497376127,46.48410586905059,2.0046903658655824,1.5761962950991
6582,-0.7137866615961086,45.708975913911004,-3.1922981401626855,44.50551937066268,-2.869840497376127,46.48410586905059,2.0046903658655824,1.5739672816172599
6583,-0.7378459454968814,45.697710365312865,-3.191903179426961,44.39566372531934,-2.869840497376127,46.48410586905059,2.1131291865105006,1.566441749860775
6584,-0.7245109515202187,45.688478440157645,-3.191508218691186,44.28580807997598,-2.869840497376127,46.48410586905059,2.221707292238612,1.5734417563560765
6585,-0.7209416000305652,45.66501277596238,-3.191508218691186,44.28580807997598,-2.979301181983753,46.37385526297148,2.0988027217543763,1.572997894209404
6586,-0.6873785176400077,45.63717414794633,-3.191903179426961,44.39566372531934,-2.8702354581119014,46.59396151439394,2.221707292238641,1.5695095107426738
6587,-0.6519110109493377,45.6244094560886,-3.191508218691186,44.28580807997598,-2.980091103455253,46.593566553658185,2.317422354571276,1.5631806807432393
6588,-0.6294323779619155,45.63332411307337,-3.191508218691186,44.28580807997598,-2.8702354581119014,46.59396151439394,2.330405214443536,1.5668221320038023
6589,-0.620853433987661,45.633746571824666,-3.191113257955461,44.175952434632585,-2.980091103455253,46.593566553658185,2.4268062094452048,1.5724964094176233
6590,-0.6472504780365499,45.62922242650948,-3.191508218691186,44.28580807997598,-2.979301181983753,46.37385526297148,2.0988027217543763,1.5772511720449256
6591,-0.6643385271815894,45.6226872161069,-3.191113257955461,44.175952434632585,-2.980091103455253,46.593566553658185,2.4268062094452048,1.5659232121088607
6592,-0.6901030196169922,45.62798196499588,-3.191113257955461,44.175952434632585,-2.979301181983753,46.37385526297148,2.2080854146403714,1.5643059176174758
6593,-0.7024374367376397,45.61691707209144,-3.191113257955461,44.175952434632585,-2.979301181983753,46.37385526297148,2.2080854146403714,1.5657254171036936
6594,-0.7125114750751536,45.61300552727652,-3.191113257955461,44.175952434632585,-2.980091103455253,46.593566553658185,2.4268062094452048,1.5672871312832048
6595,-0.7330385404270654,45.61558287782668,-3.191113257955461,44.175952434632585,-2.869840497376127,46.48410586905059,2.330405214443566,1.5697569773540563
6596,-0.8003759885487209,45.56096392782955,-2.869840497376127,46.48410586905059,-1.8708707101562718,43.63141373674477,3.0225474417281606,1.5651653442661262
6597,-0.8318338132898186,45.55724822757429,-2.869840497376127,46.48410586905059,-1.8712656708919961,43.74126938208815,2.9189559226374313,1.5654515105003657
6598,-0.7944644587769143,45.589306552840384,,,,,,1.5588460045129509
6599,-0.7778869897232911,45.57824397838447,,,,,,1.5548859916037745
6600,-0.8009019690127401,45.50031712091572,,,,,,1.5963850630554148
6601,-0.7705982979411375,45.47416057907428,-1.6515543802052435,43.74205930355965,-0.8920439204597779,46.38135951695078,2.7464088834092486,1.5964111160197145
6602,-0.6073954275253607,45.50276559954236,-2.6418350312386045,44.17792723831133,-1.11254513261798,46.60028088616598,2.864703263742616,1.6016328378377005
6603,-0.5719848106609796,45.469191682375225,-2.532374346630978,44.28817784439048,-1.442112068648084,46.599096003958735,2.555193647263269,1.6210492670557366
6604,-0.5036781347369942,45.411117653726706,-2.869840497376127,46.48410586905059,-2.5331642681024773,44.507889135077185,2.0046903658655824,1.6369471653075092
6605,-0.48784650899758836,45.34632195542371,-2.869840497376127,46.48410586905059,-2.4225187012875766,44.28857280512626,2.240638798209288,1.6564542483510054
6606,-0.4603411843528994,45.32049838909389,-2.869840497376127,46.48410586905059,-2.4225187012875766,44.28857280512626,2.240638798209288,1.663266775539102
6607,-0.4868535161128589,45.27434302391962,-2.869840497376127,46.48410586905059,-2.42449350496635,44.837851031843094,1.7054292517362208,1.650678359577627
6608,-0.5198254004376291,45.22252644722316,-2.869840497376127,46.48410586905059,-2.3122680952085006,44.1791121205186,2.371472783826627,1.6373169712644349
6609,-0.5492105837719341,45.188708833317506,-2.869840497376127,46.48410586905059,-2.3122680952085006,44.1791121205186,2.371472783826627,1.636628187847654
6610,-0.5608917636912766,45.146816866432566,-2.9796961427194777,46.48371090831483,-2.3126630559442254,44.28896776586201,2.2938680433269383,1.6386702367593116
6611,-0.6453353915408586,45.0721812382178,-2.869445536640402,46.37425022370723,-1.7629898684916439,44.18108692419735,2.4564627829249543,1.5824352115840286
6612,-0.7118422872812591,45.04187968124662,,,,,,1.5548697896784456
6613,-0.7982745220337852,44.98341084322724,-2.869050575904627,46.264394578363834,-0.88137998059446,43.41525709267984,3.4739629830771843,1.497918180669174
6614,-0.9087504369241765,44.97243660404291,-2.9777213390407544,45.934432681597976,-0.8821699020659596,43.63496838336655,3.1110885368063688,1.4317065019938169
6615,-0.9899435314871516,44.96522461189837,-2.9789062212479784,46.26399961762808,-1.1101753682034816,45.94114701410577,1.8964147238200706,1.3724743178288135
6616,-1.0444658363685944,44.96312380971472,-2.8674707329616287,45.82497199699038,-1.5499929103127117,46.04942281650615,1.33646024391039,1.3482291379269424
6617,-1.0770112086608326,44.981907908822656,-2.8674707329616287,45.82497199699038,-1.7693092402636899,45.93877724969125,1.1040427073201622,1.3482410763841175
6618,-1.109796385397974,44.97571575613377,,,,,,1.3502782326798186
6619,-1.1199414677947648,44.94464157572941,,,,,,1.3672425541136495
6620,-1.1111324088204795,44.88764716436098,,,,,,1.363544678427204
6621,-1.1052165741492226,44.85198071037621,,,,,,1.3513490523458307
6622,-1.0795238250599848,44.81590890167282,,,,,,1.3637995235389435
6623,-1.0419345972058758,44.79265477866145,,,,,,1.395756671406586
6624,-1.0436172895848879,44.77106216642847,,,,,,1.4293064788770817
6625,-1.035328419474731,44.75682971100367,,,,,,1.4468498724480134
6626,-1.0881952601469884,44.79393090167245,,,,,,1.4743591572980703
6627,-1.1097634925847921,44.81747180154028,,,,,,1.4985688725776038
6628,-1.133542732871077,44.81130352414252,-2.322537074338044,47.035358899446166,0.32308251082510725,44.51815811420678,3.651794460619129,1.5205468000945517
6629,-1.0627896278784654,44.83169278457415,,,,,,1.5748931384274247
6630,-1.0453879817742973,44.81936756665599,-2.6505241674251487,46.59475143586543,0.43254319543268394,44.628408720285925,3.6567482876227535,1.5990607669553547
6631,-0.9968975082679966,44.83651334700427,-2.6465745600676014,45.496194982431774,0.6522544861194367,44.629198641757434,3.4108585034724275,1.6380626746338396
6632,-0.945333376520761,44.89932728821388,-2.6465745600676014,45.496194982431774,0.6518595253837118,44.73905428710081,3.384217701122862,1.6493944832422753
6633,-0.8884653512537652,44.97409799079594,-2.6465745600676014,45.496194982431774,0.7617151707270632,44.73944924783655,3.4912895892303784,1.647267116866593
6634,-0.859304186415234,45.025814244516,-2.5406685220817975,46.59514639660119,0.6514645646479371,44.84890993244416,3.6385512820553068,1.6299721926711894
6635,-0.8231596001570082,45.05215048574295,-2.869840497376127,46.48410586905059,0.7617151707270632,44.73944924783655,4.028898521491722,1.6248358834619832
6636,-0.845796869116772,45.06881346342786,-2.869445536640402,46.37425022370723,-0.8916489597240032,46.27150387160738,1.9804636105043514,1.599552628771826
6637,-0.952153311834005,45.07620834276719,,,,,,1.528386407254408
6638,-1.1597384210863844,45.12218565277212,,,,,,1.4107822227643145
6639,-1.2570044073219866,45.14485562244319,,,,,,1.3319738852282057
6640,-1.367866897680751,45.15113111476393,,,,,,1.3217522338064245
6641,-1.4251609248551136,45.15490702446474,,,,,,1.3507853931620841
6642,-1.4151150994474984,45.17442895887605,,,,,,1.4034358149762691
6643,-1.4102446267410247,45.20661544914172,,,,,,1.431789130798889
6644,-1.4050507136215349,45.259232302184074,,,,,,1.4482917634417105
6645,-1.4330168847813374,45.26042071704456,,,,,,1.4492024797749012
6646,-1.4392149433815824,45.25246619868209,,,,,,1.4499539589453834
6647,-1.4266462504254118,45.23289430613459,,,,,,1.4646088562562962
6648,-1.4215163614123842,45.20409660926131,,,,,,1.4818351150254876
6649,-1.4556251081141844,45.18461800298572,,,,,,1.4897033928109067
6650,-1.5036687264312862,45.13639279732771,-0.34316065447864597,46.4931899659729,-0.010039071826769334,45.50567404008984,1.0421888949231486,1.4987413985672016
6651,-1.5546043320592413,45.11217836784668,-0.34355561521442074,46.603045611316254,-0.11989471717012067,45.50527907935409,1.1203193991046456,1.5062353534786599
6652,-1.5816045184325427,45.06059557622565,,,,,,1.5199225195243014
6653,-1.580650549939243,45.04143245417598,,,,,,1.5125247136208475
6654,-1.5506645754314714,45.01049993138841,,,,,,1.5009124205731237
6655,-1.4811915609406316,45.03923343943411,,,,,,1.5178195547396858
6656,-1.4222094499507123,45.08839950354751,,,,,,1.5531838432585456
6657,-1.3578978614346524,45.153612287070985,,,,,,1.580406767829598
6658,-1.3276886958626142,45.28615307427708,,,,,,1.572253770360878
6659,-1.3042947627589712,45.38538182494078,,,,,,1.561702287890475
6660,-1.2693504050008613,45.47502001009773,,,,,,1.5360868608273135
6661,-1.2040161129783131,45.50684210124787,,,,,,1.5321805969874867
6662,-1.122672825276621,45.49751014217302,,,,,,1.5396426555316043
6663,-1.0353390485037275,45.45231331045777,,,,,,1.5666368875548684
6664,-0.974647571730219,45.4340024213379,,,,,,1.591540087333446
6665,-0.9031092238813151,45.39649076660363,,,,,,1.606336499655746
6666,-0.8596993812700697,45.39182858685484,,,,,,1.6116577091548425
6667,-0.8052459119545847,45.42392751457164,,,,,,1.584610338271673
6668,-0.7772775788998503,45.44383281885486,,,,,,1.5578412619859152
6669,-0.7341029015368158,45.48775273708659,,,,,,1.5524880733745474
6670,-0.7157570743776898,45.53930186009845,,,,,,1.5640045895122192
6671,-0.7131609243095934,45.58247071095756,,,,,,1.5723830718340162
6672,-0.7193153441501853,45.61418333163322,,,,,,1.5915052722159646
6673,-0.6882765742808663,45.64137564259495,,,,,,1.6059891669287338
6674,-0.6692060840525099,45.67680153793528,,,,,,1.6271497770849297
6675,-0.6869687071597089,45.70810092697117,,,,,,1.637576202691641
6676,-0.669892165792054,45.703350962283075,,,,,,1.642545134681085
6677,-0.6541267505237882,45.72424587466942,,,,,,1.650905348554426
6678,-0.6474416847070786,45.75352079838911,,,,,,1.6510596765642473
6679,-0.6426470736267346,45.79507383828844,,,,,,1.6576741781226927
6680,-0.6804081419485797,45.828665110964,,,,,,1.6731611276634062
6681,-0.6832459883946316,45.85077817000249,,,,,,1.673863050109371
6682,-0.6910898145220365,45.85274477985252,,,,,,1.6937050326809544
6683,-0.6758149479115056,45.8486266685297,,,,,,1.694841697982805
6684,-0.6750139936670835,45.87276403441226,,,,,,1.6909654043728024
6685,-0.6510639843592011,45.86097111814716,,,,,,1.705909500556798
6686,-0.6142809982140224,45.83597142636457,-3.191903179426961,44.39566372531934,-2.322537074338044,47.035358899446166,2.7791703864617507,1.7228764844231201
6687,-0.5680242580095076,45.813887612966745,-3.191903179426961,44.39566372531934,-2.322537074338044,47.035358899446166,2.7791703864617507,1.74698745212143
6688,-0.5580808665963289,45.78851829554691,-3.191903179426961,44.39566372531934,-2.322537074338044,47.035358899446166,2.7791703864617507,1.774956776401566
6689,-0.5602000572533308,45.74923257416902,-3.191508218691186,44.28580807997598,-2.322142113602319,46.925503254102814,2.7791703864617214,1.8031882052157997
6690,-0.5599232251658697,45.71420613231045,-3.191508218691186,44.28580807997598,-2.4319977589456707,46.92510829336706,2.7464088834091966,1.8189449935749398
6691,-0.5410626711880155,45.640049086242314,-3.191903179426961,44.39566372531934,-2.322537074338044,47.035358899446166,2.7791703864617507,1.841102587713823
6692,-0.585010245953908,45.460371799793336,,,,,,1.8751613471735762
6693,-0.6049179724821779,45.36385553069346,,,,,,1.8260726646332914
6694,-0.6158004252650245,45.31504217417905,,,,,,1.717043988463827
6695,-0.6402257472771401,45.274173272340555,,,,,,1.5948217023805886
6696,-0.6131415859346584,45.196560914988964,-2.2126814289946926,47.03575386018191,-0.6719376690372505,46.2722937930789,1.7195239480474354,1.526696992412515
6697,-0.6174927009086949,45.13899947938115,-2.212286468258968,46.92589821483857,-0.6715427083015256,46.16243814773555,1.7195239480474354,1.5176152721289393
6698,-0.6358708000698652,45.1060818315483,-2.424888465702125,44.94770667718647,-2.2118915075231924,46.81604256949524,1.880437903968823,1.497571147947345
6699,-0.6465846838972732,45.05315930856097,-2.4225187012875766,44.28857280512626,-2.3213521921308193,46.70579196341608,2.419335264443165,1.508804954842524
6700,-0.6820640375210193,45.00339298101321,-2.530794503687979,43.84875526301697,-2.211496546787468,46.706186924151844,2.8752159715987444,1.548112064673969
6701,-0.7206204160436193,44.95595243724374,-2.420543897608803,43.7392945784094,-2.3213521921308193,46.70579196341608,2.9681552738505905,1.5607118795452004
6702,-0.698000925489142,44.90540895252648,-2.309503370058227,43.41012260311508,-2.3213521921308193,46.70579196341608,3.2956906600910587,1.5703302884982175
6703,-0.7022628733204598,44.86551989544951,-2.3106882522654515,43.73968953914515,-2.211496546787468,46.706186924151844,2.9681552738505905,1.587520501959704
6704,-0.7098850423246245,44.83841373597183,-2.4197539761373035,43.519583287722696,-2.211496546787468,46.706186924151844,3.1934016178023974,1.6216761744218087
6705,-0.7298941749541218,44.88336377312202,-2.309503370058227,43.41012260311508,-0.34434553668592,46.822756902003036,3.9380094169530575,1.6854846945557869
6706,-0.7042377875845588,44.958006807579146,-2.308713448586678,43.190411312428346,-2.210311664580194,46.37661998812175,3.187727817138689,1.7815334146437094
6707,-0.6305186807386066,44.90828011299434,-2.5272398570662067,42.86005445492672,-2.0996660977652932,46.157303658170754,3.3248566326890074,1.8652587709695507
6708,-0.6334043106047608,44.905690479298016,-2.209916703844419,46.26676434277836,-0.6770721586020718,47.700417182542694,2.0988027217543714,1.9459836605520595
6709,-0.5822133304964755,44.88905641083869,-2.2095217431086946,46.15690869743501,-0.7877177254169226,47.9197335124937,2.2647467834861783,1.9985246664594072
6710,-0.49540801522927536,44.928161580370066,-2.2095217431086946,46.15690869743501,-0.5672165132587206,47.70081214327844,2.2540639560757416,2.0607278829063387
6711,-0.416780706652997,45.00921702024535,-2.416199329515531,42.53088247963239,-2.0996660977652932,46.157303658170754,3.6402093141677896,2.115640835057305
6712,-0.36220668030277464,45.03053646503769,-2.639465266824056,43.518793366251174,-2.0996660977652932,46.157303658170754,2.6931616556534657,2.1865645199911254
6713,-0.31274709268149964,45.03229658724451,-2.639465266824056,43.518793366251174,-0.23488485207834353,46.933007508082106,4.175986730972372,2.251558172349277
6714,-0.26285280466943006,45.104484430606945,-2.5303995429522046,43.738899617673624,-0.23409493060684405,46.71329621739538,3.75766549936459,2.3067515542459636
6715,-0.25566397415623154,45.129069148829196,-2.5303995429522046,43.738899617673624,-0.2356747735498429,47.15271879876889,4.113383421044348,2.3664761065451443
6716,-0.24650800516345628,45.09808478456647,-2.4209388583445777,43.84915022375276,-0.45538606423654554,47.15192887729739,3.8434027398564115,2.438226604654234
6717,-0.22240071635688252,45.12934336655629,-2.4209388583445777,43.84915022375276,-0.6747023941875236,47.04128331048246,3.6385512820552828,2.503529389968361
6718,-0.20333436001188795,45.12700748354718,-2.5300045822164794,43.629043972330244,-2.100061058501018,46.267159303514106,2.6729204878207646,2.5764671144782993
6719,-0.17658715688006452,45.10361904217957,-2.6410451097670555,43.9582159476246,-2.3197723491877706,46.2663693820426,2.330405214443566,2.654666809527382
6720,-0.20469076959576038,45.02972299720475,-2.6410451097670555,43.9582159476246,-2.320167309923545,46.37622502738601,2.439206935100197,2.7381895397915197
6721,-0.16413105861176377,45.040748384769124,-2.6418350312386045,44.17792723831133,-0.8936237634027766,46.82078209832426,3.168741776806987,2.7899879516245374
6722,-0.12882064157952516,45.04149323386939,-2.531979385895253,44.17832219904708,-2.1016409014440667,46.706581884887584,2.5646224381467624,2.8483811243467807
6723,-0.07592098740247098,45.00431193801101,-2.6418350312386045,44.17792723831133,-2.1016409014440667,46.706581884887584,2.5857115112703446,2.8995250943233577
6724,-0.051267158685317366,44.99503572523441,-2.532374346630978,44.28817784439048,-2.321747152866544,46.815647608759484,2.5362309091548356,2.9533538007036904
6725,-0.022881408165178876,44.92206713736582,-2.4217287798160774,44.068861514439504,-2.211496546787468,46.706186924151844,2.6456913857285986,3.008790290311265
6726,0.026136475134260023,44.913234078039466,-2.430812876738396,46.59554135733696,-2.3106882522654515,43.73968953914515,2.858377080245743,3.050894397845692
6727,0.04109919680230538,44.86235487786735,-2.430812876738396,46.59554135733696,-2.0901870401071996,43.52076816992995,3.0935830544172984,3.081751483589672
6728,0.06669546826533604,44.838942474011,-2.320957231395045,46.59593631807271,-1.8696858279489976,43.30184680071469,3.324856632689009,3.107947925749839
6729,0.09702845811479967,44.823129141077374,-2.3213521921308193,46.70579196341608,-1.649184615790745,43.08292543149947,3.684694174387379,3.1188999032579763
6730,0.09072566509363883,44.85396075331322,-2.430812876738396,46.59554135733696,-1.4294733251039924,43.083715352971,3.6517944606191173,3.1281219644024665
6731,0.09637234937893253,44.87259840090225,-2.430812876738396,46.59554135733696,-1.2093670736815152,42.974649629099105,3.821359281384892,3.12551631931877
6732,0.05954240726738243,44.92870054457212,-2.540273561346023,46.485290751257835,-1.099116467602389,42.865188944491514,3.8964176958073184,3.1153536254324026
6733,0.04379230032882399,45.01234013508641,-2.649734245953649,46.37504014517873,-1.3188277582891417,42.86439902302001,3.7544524457634982,3.0951407019145876
6734,0.047562426876684084,45.10251380757561,-2.5394836398745233,46.265579460571075,-1.2093670736815152,42.974649629099105,3.549567471584852,3.0581177563170487
6735,0.049168810404494084,45.19894891504376,-2.758405009089726,46.04507824841286,-1.4290783643682177,42.97385970762761,3.3465643059157837,2.990978438439485
6736,0.044340758008992315,45.21113108230621,-2.7580100483540018,45.93522260306948,-1.5393289704473938,43.08332039223524,3.1013754674029803,2.9217395170903213
6737,0.03486506743291719,45.22303240056103,-2.7580100483540018,45.93522260306948,-1.4294733251039924,43.083715352971,3.1458072767396654,2.8502773394390455
6738,0.05048547476617514,45.17756254868845,-2.647364481539101,45.7159062731185,-1.4294733251039924,43.083715352971,2.9002910041976873,2.7857866986876285
6739,0.07566658992855246,45.14223630009119,-2.758405009089726,46.04507824841286,-1.5397239311831188,43.19317603757862,3.1013754674029803,2.7487651587964415
6740,0.028178834790970143,45.17582725130523,-2.8682606544331275,46.04468328767711,-1.64957957652647,43.19278107684284,3.101375467402983,2.7363556300469587
6741,-0.009091011435762542,45.16568286065455,-2.64894432448215,46.15532885449198,-1.5397239311831188,43.19317603757862,3.163023741873962,2.716306021098626
6742,-0.06739291286587268,45.18427442510856,-2.7595898912970007,46.37464518444298,-1.3200126404963661,43.19396595905011,3.4912895892304032,2.7070598044000183
6743,-0.07387742571846609,45.249155069624756,-2.7595898912970007,46.37464518444298,-1.6503694979980192,43.412492367529566,3.1630237418739875,2.6904303895750195
6744,-0.038962221782017116,45.21699814508772,-2.869840497376127,46.48410586905059,-1.870080788684772,43.411702446058065,3.2309723410668205,2.684998064065299
6745,-0.021648965706319516,45.18270726035917,-2.649734245953649,46.37504014517873,-2.0886071971642006,43.08134558855647,3.3411506097759798,2.6863817915483623
6746,-0.04226876841543823,45.20524735325035,-2.649734245953649,46.37504014517873,-2.0874223149569264,42.75177865252633,3.666635863005627,2.6943135990671547
6747,-0.022123344205050886,45.23968165512453,-2.649734245953649,46.37504014517873,-2.305948723436405,42.421421795024735,3.9685370785929437,2.6964836344756584
6748,-0.011155047602422802,45.26782159692893,-2.759984852032726,46.484500829786334,-2.194908195885829,42.092249819730405,4.428451260052373,2.700101736798329
6749,0.0024414036117597574,45.266198818806046,-2.759984852032726,46.484500829786334,-1.9748019444633018,41.9831840958585,4.569284904389056,2.7090188556826074
6750,0.05137459802398256,45.292564653848636,-2.759984852032726,46.484500829786334,-2.0842626290709285,41.87293348977938,4.660810428887131,2.704127067153148
6751,0.07731939191631608,45.35955588538139,-2.759984852032726,46.484500829786334,-2.0842626290709285,41.87293348977938,4.660810428887131,2.7065411872537126
6752,0.12052238089912107,45.33640088065528,-2.759984852032726,46.484500829786334,-2.0842626290709285,41.87293348977938,4.660810428887131,2.7107140971259915
6753,0.12726369311333485,45.340284802901756,-2.759984852032726,46.484500829786334,-2.304763841229181,42.09185485899465,4.416170829280649,2.7368653267017113
6754,0.13360103195581213,45.27961851041025,-2.6501292066893742,46.48489579052208,-2.4150144473082564,42.20131554360228,4.290027818310787,2.778710696795737
6755,0.1402266949213909,45.19981199727575,,,,,,2.8264402200852103
6756,0.09486515192313705,45.12180995767044,-2.745766265545635,42.529697597425105,-2.759984852032726,46.484500829786334,3.9548287921092644,2.873175263887329
6757,0.027282345792663743,44.956650043384435,-2.8572017538320353,42.96872521806282,-2.759194930561226,46.26478953909959,3.297521091034784,2.923919737437411
6758,-0.028095277668482868,44.90918875596213,-2.746556187017134,42.749408888111816,-2.539878600610298,46.375435105914484,3.631911584402272,2.9498657875225036
6759,0.0168057650191491,44.85666135115578,-2.5260549748589325,42.530487518896614,-2.6493392852178745,46.26518449983533,3.7367312668445347,2.9387509442301467
6760,0.031201187704262688,44.8465524735738,-2.5394836398745233,46.265579460571075,-1.3369959521337793,47.91775870881492,2.043446330955518,2.9319962869786056
6761,0.054140999580145295,44.86906905042117,-2.4300229552668964,46.37583006665026,-1.9755918659348013,42.20289538654528,4.197605443508749,2.9229569488029434
6762,0.06717524730031667,44.8921512035676,-2.5394836398745233,46.265579460571075,-1.7550906537765494,41.98397401733,4.352863141454281,2.90843917609714
6763,0.10627878192926309,44.94103857432049,-2.429627994531122,46.26597442130686,-1.8645513383842258,41.87372341125088,4.428451260052404,2.8926592334061527
6764,0.12416884454456818,44.87257432508005,-2.429627994531122,46.26597442130686,-2.0846575898066533,41.98278913512276,4.297054895613927,2.918897511274483
6765,0.16580370244069384,44.887495989755564,-2.319377388452046,46.15651373669925,-1.9748019444633018,41.9831840958585,4.187530600212941,2.9076094195795745
6766,0.21332878832530072,44.886245128664186,-2.210311664580194,46.37661998812175,-1.8649462991199506,41.98357905659425,4.406595722520428,2.8958238546577912
6767,0.22772120563159692,44.92415562405632,,,,,,2.876346534567542
6768,0.1959831523859499,45.00718579749144,-1.6657729666923842,47.6968625359209,-1.8637614169127263,41.654012120564175,6.046093000343098,2.848892211005734
6769,0.19334352712361932,45.078227416519056,,,,,,2.815622948753888
6770,0.20760140260591983,45.1519968744323,-2.2091267823729197,46.04705305209163,-1.7550906537765494,41.98397401733,4.088368873865225,2.793143314449687
6771,0.29165393920722343,45.18766357235541,-2.318982427716271,46.04665809135587,-1.3152731116673693,41.87569821492965,4.290027818310819,2.774207441678504
6772,0.3778501680521709,45.22002272635351,-2.319377388452046,46.15651373669925,-1.2034426626452444,41.326814948948595,4.956944693322853,2.761058868644253
6773,0.4596899306837187,45.30593344696539,-2.3197723491877706,46.2663693820426,-0.9833364112227166,41.21774922507674,5.222511513209583,2.7339367024021675
6774,0.49752842697362987,45.344328829506104,-2.211101586051693,46.59633127880846,-0.8730858051436408,41.10828854046912,5.648796272463555,2.7410299175657054
6775,0.5785620564047789,45.35005770229657,-2.210706625315919,46.48647563346511,-1.093587017301843,41.32720990968434,5.278823640470324,2.775126636892256
6776,0.6926505489805616,45.34829262455629,-2.320957231395045,46.59593631807271,-1.204627544852518,41.6563818849787,5.064127759699093,2.7846464597913494
6777,0.8272387561063864,45.37423669292966,-2.6501292066893742,46.48489579052208,-0.9868910578444892,42.20645003316705,4.590365915523744,2.7803622134950747
6778,0.8638963325587034,45.364530461600374,-2.6501292066893742,46.48489579052208,-0.5486533586783081,42.53759681214017,4.471841898424944,2.811909839584393
6779,0.8197889916389999,45.394344884546115,-2.758405009089726,46.04507824841286,-0.5490483194140828,42.64745245748354,4.052791383405125,2.8745127401165416
6780,0.6580275480079226,45.457455507689076,-2.6465745600676014,45.496194982431774,-0.4391926740706815,42.64784741821928,3.603556387401572,2.9554517277964547
6781,0.6009056550244505,45.4742516423529,-2.646179599331877,45.38633933708842,-0.2198763441197037,42.75849298503413,3.5766637997242885,2.9969917174631573
6782,0.5470985008882308,45.463400596105885,-2.6493392852178745,46.26518449983533,-0.22027130485547833,42.86834863037753,4.175986730972372,3.017630243326883
6783,0.47812435423852756,45.41328402203047,-2.6493392852178745,46.26518449983533,-0.33052191093455446,42.97780931498514,4.022903133465563,3.027902833309775
6784,0.37395600437084675,45.36441761005229,-2.8686556151689024,46.15453893302048,-0.22027130485547833,42.86834863037753,4.220543348942033,3.0425676242130906
6785,0.3482872805690176,45.3186712690025,-2.5371138754600246,45.60644558851087,-0.0009549749044504477,42.97899419719238,3.651794460619129,3.0353964799106294
6786,0.29692055167169434,45.24721580438066,-2.64894432448215,46.15532885449198,-0.0017448963759498933,43.19870548787914,3.9685370785929006,3.0373883542418154
6787,0.3186252884554631,45.16151854194962,-1.9886255702146676,45.828131682876396,-0.33170679314182866,43.30737625101524,3.0165523004042316,3.0501134252047635
6788,0.28696107894956635,45.09511463792298,-2.8686556151689024,46.15453893302048,-0.551813044564356,43.416441974887114,3.5867721490366087,3.0368919088902766
6789,0.3385054378595034,45.031492226913386,-2.7595898912970007,46.37464518444298,-0.9912356259378112,43.4148621319441,3.4478098157633092,3.0527380136448192
6790,0.30888173323593404,45.03513180098486,-2.869050575904627,46.264394578363834,-1.2105519558887894,43.30421656512922,3.3931212095402907,3.0893089531904856
6791,0.373250979956826,45.01896944170692,-2.869050575904627,46.264394578363834,-1.4290783643682177,42.97385970762761,3.59181565583871,3.1205046456140852
6792,0.44962484452439516,44.94797899047457,-2.869050575904627,46.264394578363834,-1.6476047728477463,42.643502850125984,3.821359281384897,3.1322775828971077
6793,0.4770786400676236,44.91234648333546,-2.869050575904627,46.264394578363834,-1.5373541667686201,42.53404216551841,3.960927221008691,3.124945798083594
6794,0.4734243195827094,44.902615256868785,,,,,,3.1169400537398713
6795,0.4948754760110726,44.878955076383825,,,,,,3.1157280228411954
6796,0.5140670004943477,44.80426004010792,,,,,,3.1263872387279896
6797,0.5931664986903892,44.69954095763996,,,,,,3.137507711690065
6798,0.610312533841227,44.60608204018653,-2.4327876804171695,47.144819584053835,-1.8681059850059984,42.862424219341236,4.319464721101943,3.1563244389751546
6799,0.6220425659379887,44.53734516653012,-1.8692908672132227,43.19199115537134,-2.213471350466192,47.255465150868694,4.07802416828732,3.200821397088337
6800,0.5877060619342284,44.57669214983169,,,,,,3.210860041591944
6801,0.6041070484980284,44.51211449338779,,,,,,3.2295768943855774
6802,0.5726036212781412,44.520869155388304,,,,,,3.2437329462874183
6803,0.6313523810361061,44.523752737180835,,,,,,3.2538119909121046
6804,0.6326847900228517,44.56650165290965,,,,,,3.229299429721772
6805,0.6267308948289552,44.556104326093966,,,,,,3.1788723280206566
6806,0.5754418247137761,44.604921098901066,-2.2138663112019668,47.36532079621202,0.7692194247063331,42.65219198631255,5.57784758544761,3.0887472689856947
6807,0.6005837820067743,44.589155432941176,-2.4327876804171695,47.144819584053835,0.9889307153930859,42.652981907784074,5.646659409791128,2.9761073872203214
6808,0.5623478362179865,44.65500768418218,-1.9949449419867133,47.5858220083703,1.2082470453441136,42.76362747459893,5.7891276570166195,2.8621402980658788
6809,0.5376543126452409,44.71919772520567,,,,,,2.757954097259448
6810,0.5462275183613681,44.72240421152571,,,,,,2.659143413670959
6811,0.5400952320005945,44.712623147442805,,,,,,2.567282072335038
6812,0.5749848185189995,44.67909070907743,-1.6657729666923842,47.6968625359209,1.3177077299516904,42.87387808067808,5.671184719506305,2.4666870793297093
6813,0.5800148374526378,44.66014831425703,-2.9789062212479784,46.26399961762808,1.0968115570577135,43.202655095236686,5.097382239264876,2.4145645389413652
6814,0.5681131293582107,44.682408979674285,-0.7861378824739238,47.480310931120215,0.8767053056352362,43.31172081910854,4.488005235090815,2.393421878445937
6815,0.529140304326282,44.71942717429735,-1.33620603066228,47.69804741812817,0.6562040934769839,43.53064218832377,4.619195216937017,2.402181179821572
6816,0.5053868333443798,44.73810997071293,-1.0058491731606767,47.47952100964869,0.43530792058295703,43.85941920288232,3.8964176958073526,2.3955271627124626
6817,0.4822453339963383,44.77034741388097,,,,,,2.3940008104503847
6818,0.43893180956157574,44.78490304268257,,,,,,2.3790620190849
6819,0.4158677979827676,44.80888693743864,,,,,,2.3692883337327246
6820,0.38135147702366995,44.85409639636151,,,,,,2.379394087890207
6821,0.3312690659836606,44.87125981149394,,,,,,2.3872628827891558
6822,0.26650957732954866,44.88087781238114,,,,,,2.4146013865978957
6823,0.22625657254144801,44.860959034327,,,,,,2.466148368597623
6824,0.2120317117661687,44.81260278837693,,,,,,2.5124217339688206
6825,0.18642163306502152,44.81420125124845,,,,,,2.572161137950644
6826,0.2053033742622882,44.82328693411753,,,,,,2.6092074756348818
6827,0.16270151866602134,44.85722292818454,,,,,,2.6100060271060017
6828,0.037642923480559164,44.88462064639584,-2.860361439718083,43.84757038080973,-1.9819112377068473,43.960585712039126,0.8856902520104759,2.601628692001905
6829,-0.08711639377194233,44.845995742608615,-2.9698221243256597,43.73731977473062,-1.5413037741261675,43.632598618952045,1.432351631871304,2.583013739328168
6830,-0.1535593683297795,44.87325611357024,-2.639465266824056,43.518793366251174,-1.2105519558887894,43.30421656512922,1.4449347576094158,2.5746978496077393
6831,-0.19160911354964102,44.83392681288273,-2.869445536640402,46.37425022370723,-2.4189640546658038,43.29987199703594,3.1072069525914423,2.5976162565620613
6832,-0.15768725068360798,44.88948054141245,-2.9789062212479784,46.26399961762808,-1.1018811927526622,43.63417846189505,3.2309723410668183,2.6091115117603056
6833,-0.19552057050520644,44.95833439155499,,,,,,2.570354159330763
6834,-0.253049203179034,45.004340388690004,-2.9789062212479784,46.26399961762808,-0.994790272559584,44.403562940034384,2.7199155739058534,2.510853989922628
6835,-0.2906424783976458,45.06509591047815,-2.9789062212479784,46.26399961762808,-1.2148965239820615,44.51262866390623,2.4857655620731367,2.4693482936227373
6836,-0.4093163358218508,45.13413337158248,-2.6501292066893742,46.48489579052208,-1.5440684992764406,44.40158813635563,2.3587159791699137,2.435969868649571
6837,-0.5062702203421666,45.18270258766264,-2.759984852032726,46.484500829786334,-1.764174750698868,44.51065386022746,2.210816504632435,2.402478500342686
6838,-0.5609444821060283,45.21202956732187,-2.759984852032726,46.484500829786334,-1.8736354353065447,44.40040325414836,2.264746783486183,2.3767380601368697
6839,-0.6280305607218083,45.25814465949022,-2.869840497376127,46.48410586905059,-2.2020174891293745,44.069651435911005,2.5051103329097315,2.3433644852040465
6840,-0.6597867432219416,45.25931250718264,-2.979301181983753,46.37385526297148,-2.7509007551104068,43.95782098688886,2.426806209445233,2.317884056087475
6841,-0.7121210963151475,45.277357888853544,-3.0804676911405107,43.9566361046816,-2.979301181983753,46.37385526297148,2.4193352644432253,2.3117354791581928
6842,-0.7094121912676552,45.26334782659688,-3.0804676911405107,43.9566361046816,-2.759984852032726,46.484500829786334,2.5480991579197463,2.300967806220645
6843,-0.7322656798058713,45.3017487935329,-3.190323336483912,43.95624114394586,-2.759984852032726,46.484500829786334,2.564622438146766,2.2862823119683573
6844,-0.7447678123269647,45.32054016505379,-3.1887434935409127,43.516818562572425,-2.759984852032726,46.484500829786334,2.998494957775307,2.2785969540009314
6845,-0.7536117598818375,45.32635295201561,-3.1887434935409127,43.516818562572425,-2.759984852032726,46.484500829786334,2.998494957775307,2.263933879044407
6846,-0.7634110861523433,45.36045643766478,-3.1887434935409127,43.516818562572425,-2.9789062212479784,46.26399961762808,2.755183375040625,2.2562641359590465
6847,-0.7796812840827798,45.3458813569337,-3.1887434935409127,43.516818562572425,-2.9789062212479784,46.26399961762808,2.755183375040625,2.2536466266844957
6848,-0.7915099210709302,45.359431343199994,-3.1887434935409127,43.516818562572425,-2.9789062212479784,46.26399961762808,2.755183375040625,2.2500451803475983
6849,-0.7819113233081181,45.34439089932099,-3.1887434935409127,43.516818562572425,-2.869445536640402,46.37425022370723,2.875215971598774,2.253137216968137
6850,-0.765281983023619,45.31283361603737,-3.188348532805188,43.406962917229045,-2.869445536640402,46.37425022370723,2.9843748223287196,2.260715505757605
6851,-0.7081434386052537,45.30616835217348,-3.078492887461787,43.4073578779648,-2.869445536640402,46.37425022370723,2.9742479698422293,2.2698258684377293
6852,-0.687962862785979,45.27316463829626,-2.9690322028541596,43.51760848404392,-2.869445536640402,46.37425022370723,2.858377080245774,2.285894105345137
6853,-0.6666236862883138,45.273726278728226,-2.9690322028541596,43.51760848404392,-2.869445536640402,46.37425022370723,2.858377080245774,2.298648044113413
6854,-0.6606283369423787,45.250430007141645,-2.9678473206468863,43.18804154801382,-2.9789062212479784,46.26399961762808,3.0759779494183235,2.3035584539797105
6855,-0.666663638579438,45.23816253338393,-3.077702965990237,43.187646587278074,-2.869445536640402,46.37425022370723,3.1934016178024267,2.3009067713015705
6856,-0.6734880804860988,45.24644201837881,-3.077702965990237,43.187646587278074,-2.9789062212479784,46.26399961762808,3.0779390448992885,2.3043047427388617
6857,-0.6804498323345082,45.235206294938884,-3.077702965990237,43.187646587278074,-2.9789062212479784,46.26399961762808,3.0779390448992885,2.2975904215030334
6858,-0.6914117259691692,45.23337823400039,-3.077702965990237,43.187646587278074,-2.9789062212479784,46.26399961762808,3.0779390448992885,2.2953106912483103
6859,-0.6871386418343421,45.257258744597436,-2.9682422813826608,43.29789719335717,-2.9789062212479784,46.26399961762808,2.9661215940819563,2.296482520694017
6860,-0.6662968823246395,45.26361238730207,-3.078492887461787,43.4073578779648,-2.9789062212479784,46.26399961762808,2.858377080245744,2.304613399199064
6861,-0.609995197952992,45.22530758449555,-2.858781596775084,43.40814779943629,-2.869050575904627,46.264394578363834,2.8562652387455882,2.3356054390493184
6862,-0.5709669106564687,45.22672270763348,-2.9682422813826608,43.29789719335717,-2.759984852032726,46.484500829786334,3.1934016178023974,2.3662788349308324
6863,-0.5985435207910561,45.1706580095587,-2.759984852032726,46.484500829786334,-2.638280384616782,43.18922643022107,3.2975210910347834,2.392826663241787
6864,-0.6096404230781172,45.15626520302053,-2.759984852032726,46.484500829786334,-2.308713448586678,43.190411312428346,3.3248566326890074,2.3683292997336656
6865,-0.5987300919835964,45.1726765694939,-2.7595898912970007,46.37464518444298,-1.7606201040770957,43.52195305213719,3.022547441728182,2.342604236585804
6866,-0.55937105617051,45.1575762656529,-2.6493392852178745,46.26518449983533,-1.540513852654668,43.41288732826535,3.060243943682508,2.3451734432679086
6867,-0.4804766585370811,45.16823412084365,-2.8678656936974027,45.93482764233373,-1.2101569951530147,43.194360919785865,3.2028356165469942,2.352586989127646
6868,-0.40578651320357695,45.32350725323445,-2.7568251661467276,45.60565566703937,-1.7558805752480486,42.20368530801678,3.5461658728431846,2.301986783693593
6869,-0.44420094933972437,45.15767789160988,-2.7576150876182273,45.82536695772613,-1.7539057715693251,41.65440708129992,4.290027818310816,2.3460518779882893
6870,-0.31886137349336735,45.29014574929523,-2.6477594422748756,45.82576191846187,-1.864156377648451,41.76386776590758,4.136788352024657,2.3014059795032
6871,-0.15561301902014754,45.45390448947022,-2.8686556151689024,46.15453893302048,-1.755485614512324,42.09382966267341,4.210523391295217,2.217072286970042
6872,-0.07074685520083347,45.55683799340322,-2.3181925062447717,45.82694680066915,-1.6476047728477463,42.643502850125984,3.253306517134879,2.190267210769501
6873,-0.004529741760885478,45.58150164709064,-2.2083368609014205,45.8273417614049,-1.6487896550549703,42.973069786156096,2.908601310640762,2.16954305640116
6874,0.07134666932003153,45.60915608380679,-2.0988761762937935,45.937592367484,-1.4298682858397174,43.193570998314364,2.824398136231779,2.1596065854367015
6875,0.13780442875437876,45.59095245640407,-1.989415491686167,46.04784297356313,-1.3204076012321406,43.30382160439346,2.824398136231779,2.156388150310237
6876,0.18752208247661975,45.489838689128845,-2.3197723491877706,46.2663693820426,-1.3211975227036399,43.52353289508022,2.9189559226374286,2.1845186716708622
6877,0.21461071845230434,45.36993872466636,-2.429627994531122,46.26597442130686,-1.3211975227036399,43.52353289508022,2.957972892987379,2.2110536983309297
6878,0.2776573710657777,45.22457546876843,-2.64894432448215,46.15532885449198,-1.4306582073112668,43.413282289001096,3.000506695645214,2.237815857026372
6879,0.24117589816124393,45.11045241085538,-2.103220744387065,47.1460044662611,-1.6499745372622447,43.30263672218619,3.8700010000603613,2.269711545682459
6880,0.20014381314086382,45.02277693211528,-2.103220744387065,47.1460044662611,-1.9799364340281234,43.41130748532232,3.7367312668445645,2.3072336203274233
6881,0.20921845401394873,44.930238872521194,-2.213471350466192,47.255465150868694,-2.089792079371475,43.410912524586564,3.846541493127473,2.33786981491524
6882,0.1723932584221082,44.89551341179193,-2.199647724714876,43.410517563850824,-2.213471350466192,47.255465150868694,3.8449724367729265,2.3587020963364673
6883,0.08717108897715253,44.84075476862018,-2.199647724714876,43.410517563850824,-2.103220744387065,47.1460044662611,3.7367312668445645,2.385199229032311
6884,0.028386305900556245,44.79538448404068,-2.3098983307939522,43.51997824845845,-2.1040106658585653,47.36571575694777,3.851244826646895,2.4088497208155046
6885,-0.006922286695604651,44.7537777283385,-2.310293291529727,43.629833893801774,-2.103220744387065,47.1460044662611,3.522262700936547,2.4349848025492498
6886,-0.09823503562520675,44.747772959649716,-2.420148936873078,43.62943893306603,-2.102825783651291,47.03614882091767,3.421456742903052,2.4522156256875
6887,-0.13827901812040766,44.739713873155715,-2.5300045822164794,43.629043972330244,-2.102825783651291,47.03614882091767,3.4337800126407774,2.4549919059924994
6888,-0.18865515489895424,44.756103737064564,-2.3170076240374975,45.49737986463904,-2.639860227559831,43.6286490115945,1.896414723820087,2.4193186872138814
6889,-0.1685801169044527,44.71421474880803,-2.3098983307939522,43.51997824845845,-2.7587999698255015,46.15493389375623,2.6729204878207646,2.4108812005300058
6890,-0.16937393079170215,44.66731923369073,-2.649734245953649,46.37504014517873,-1.870475749420497,43.52155809140145,2.9579728929874123,2.404662508595108
6891,-0.23438025678572694,44.673389407153856,-2.7552453232037286,45.166233085665944,-1.6499745372622447,43.30263672218619,2.1667060059524825,2.416135350466559
6892,-0.206888219646566,44.736379853349405,-2.975746535361981,45.385154454881175,-1.3204076012321406,43.30382160439346,2.659340786993136,2.4140195796994983
6893,-0.18998359387294167,44.78081446688868,-3.0859971414410565,45.49461513948877,-1.210946916624564,43.41407221047259,2.800798497761644,2.425286793752461
6894,-0.14919480736540525,44.81575901214232,-2.866680811490129,45.605260706303625,-1.3204076012321406,43.30382160439346,2.772649054706096,2.412599759896437
6895,-0.13539042197105655,44.83665294437712,-2.8678656936974027,45.93482764233373,-1.5389340097116189,42.973464746891864,3.245878866994445,2.451000462144086
6896,-0.12655449703387484,44.91781919313099,,,,,,2.4393367772848658
6897,-0.1247814979273665,44.92812901853659,,,,,,2.4281576394547377
6898,-0.1324556836922806,44.948042212912725,,,,,,2.441217432600435
6899,-0.13747157704686072,44.88470609349041,,,,,,2.461759699488466
6900,-0.1046691978978973,44.869732226921556,,,,,,2.503939026874315
6901,-0.08071406837726132,44.929914143115965,,,,,,2.5376891053127353
6902,-0.04893348906689668,44.94903198997439,,,,,,2.589580036985616
6903,-0.06035396667708308,44.93740223639336,,,,,,2.6469707182430353
6904,-0.04919884029966696,44.92967401988411,,,,,,2.699280284059767
6905,-0.056287648613238705,44.96764867340555,-2.6465745600676014,45.496194982431774,-1.0939819780375675,41.43706555502774,4.345926303354939,2.7380776279538277
6906,0.02803910464066735,45.086778678135154,-2.535928993252751,45.27687865248075,-1.093192056566068,41.21735426434099,4.308274379189622,2.765237914949492
6907,0.1491745023886364,45.21890565095125,-2.534744111045526,44.947311716450685,-1.2030477019094694,41.21695930360524,3.960927221008717,2.7930554436209754
6908,0.25229554751078603,45.37883307181643,-2.6445997563888777,44.946916755714945,-1.5330095986753483,41.32563006674135,3.788053584951395,2.823960602743289
6909,0.34406122659374216,45.48207651002218,-2.7548503624679537,45.05637744032257,-1.5334045594110728,41.43548571208474,3.8213592813849226,2.8596952058678595
6910,0.428016269053504,45.533155981552454,-2.7552453232037286,45.166233085665944,-1.5334045594110728,41.43548571208474,3.92573188304406,2.9134561738608307
6911,0.43422806356983074,45.46986725557045,-2.865495929282855,45.27569377027349,-1.5330095986753483,41.32563006674135,4.168755579692611,2.9740368505780115
6912,0.42798847408310203,45.402434868444,-2.7556402839394534,45.276088731009246,-1.643655165490199,41.54494639669227,3.893319152418002,3.031892472867442
6913,0.4546213325616204,45.3189991530157,-2.756035244675228,45.38594437635267,-1.7531158500977755,41.43469579061322,4.076544210275129,3.0882747080216473
6914,0.42895639999723656,45.267833491121166,-2.647364481539101,45.7159062731185,-1.7539057715693251,41.65440708129992,4.158610843967485,3.130076478593524
6915,0.4326035954665524,45.21143788925889,-2.5379037969315243,45.826156879197626,-1.7539057715693251,41.65440708129992,4.244779061391932,3.1300741659154436
6916,0.27828431455327685,45.189684098389314,-2.5375088361957494,45.71630123385425,-1.7543007323050497,41.764262726643324,4.028898521491717,3.0980701753982642
6917,0.2772198125252061,45.127435444520216,-2.7564302054109526,45.49580002169602,-1.7546956930408244,41.874118371986626,3.7576654993646055,3.080017378998362
6918,0.25810952294884054,45.13428307049969,-2.756035244675228,45.38594437635267,-1.864156377648451,41.76386776590758,3.7302663290149165,3.054810588913174
6919,0.2499160553229023,45.07734553420795,-2.645389677860377,45.16662804640169,-1.864156377648451,41.76386776590758,3.491289589230376,3.020587412212551
6920,0.22750670391266634,45.02515439507372,-2.7568251661467276,45.60565566703937,-1.9740120229918026,41.76347280517182,3.921117896866279,2.9436924489543967
6921,0.18689038158481516,44.974986296008005,-2.759984852032726,46.484500829786334,-1.9740120229918026,41.76347280517182,4.786006570951006,2.8490144103772157
6922,0.12611151568593357,44.91390202311961,-2.6509191281609232,46.70460708120881,-2.0846575898066533,41.98278913512276,4.755651043316734,2.7486865733463084
6923,0.025812681235359715,44.87136132597768,-2.6509191281609232,46.70460708120881,-2.1945132351500547,41.98239417438701,4.744217646412254,2.6325310351839217
6924,-0.13365518124001455,44.836789416264615,-2.6509191281609232,46.70460708120881,-2.525660014123158,42.42063187355321,4.285806041511597,2.5110209908761836
6925,-0.28069076882304356,44.79055531672172,-2.6501292066893742,46.48489579052208,-2.526449935594707,42.64034316423996,3.846541493127443,2.4164125934353855
6926,-0.4022480220618887,44.7199145942529,-2.6501292066893742,46.48489579052208,-2.4173842117228053,42.86044941566249,3.6319115844022116,2.33461157614232
6927,-0.5059582227998057,44.71195953803294,-2.6501292066893742,46.48489579052208,-2.41698925098703,42.75059377031909,3.741572639551071,2.2290630246987253
6928,-0.56496089879568,44.70949735348508,-2.6501292066893742,46.48489579052208,-2.5268448963304313,42.75019880958332,3.7367312668445654,2.143500206658873
6929,-0.5871206483344352,44.7590477781428,-2.760774773504275,46.70421212047306,-2.4165942902513056,42.640738124975734,4.078024168287289,2.083243431819281
6930,-0.6247933824854366,44.764624280416456,-2.6509191281609232,46.70460708120881,-2.416199329515531,42.53088247963239,4.180319417661833,2.0753516905120115
6931,-0.667106453488735,44.79681712992948,-2.5414584435532968,46.81485768728796,-1.8653412598557255,42.09343470193765,4.7695879751489265,2.08935324539544
6932,-0.7023958699575811,44.76748026682523,-2.651709049632423,46.92431837189554,-1.4235489140676714,41.435880672820495,5.624173334386041,2.072963027654494
6933,-0.7080652362791965,44.74465061301113,-2.647364481539101,45.7159062731185,-1.093192056566068,41.21735426434099,4.759456072097203,2.0769540456465174
6934,-0.6963588146612959,44.78000754525626,-2.647364481539101,45.7159062731185,-0.9833364112227166,41.21774922507674,4.796082385410917,2.0924273183983906
6935,-0.6825757270841665,44.808618943478066,-2.647364481539101,45.7159062731185,-0.6533745144568879,41.10907846194063,5.0198464588736895,2.1059174780865244
6936,-0.662195572960796,44.765237212340466,-2.5379037969315243,45.826156879197626,-0.2127670508761584,40.78109136885353,5.555082977914953,2.124931276869468
6937,-0.6354499448581268,44.71598520561613,-2.5375088361957494,45.71630123385425,-0.21355697234765794,41.00080265954026,5.257059926407575,2.133384930671388
6938,-0.6275738495719173,44.65116811662882,-1.8779800033998169,45.6088153529254,0.22705049123312165,40.672815566453174,5.366120318758073,2.1610690866074163
6939,-0.59400750634595,44.57878905049763,-1.5480181066339378,45.500144589789315,0.3365111758406983,40.78306617253231,5.079594414031126,2.171722510344318
6940,-0.5671133716413225,44.58266730649816,-2.322142113602319,46.925503254102814,0.4463668211840496,40.783461133268055,6.7371598716447405,2.200522580145504
6941,-0.45987347858457295,44.43002352799354,-2.432392719681395,47.03496393871042,0.6664730726065771,40.674395409396176,7.075295132693408,2.2007480591969975
6942,-0.46555469612668376,44.35868678622833,-2.4327876804171695,47.144819584053835,0.4479466641270485,40.34403855189458,7.385746611630638,2.1993890396717077
6943,-0.4714237767866845,44.31575530830934,-2.323721956545318,47.364925835476264,0.33888094025519677,40.12393230047213,7.715014034985459,2.2093800577244367
6944,-0.37402555970595597,44.187698550662596,-2.4327876804171695,47.144819584053835,0.2298152163833947,39.90382604904957,7.715014034985514,2.2559628586546165
6945,-0.2987242175725079,44.07987698518651,-2.4331826411528943,47.2546752293972,0.2298152163833947,39.90382604904957,7.818346453148491,2.2902224402509033
6946,-0.21261338983933625,43.93345578134605,-2.4331826411528943,47.2546752293972,0.2294202556476201,40.01368169439299,7.715014034985486,2.315216870440428
6947,-0.18187583433654012,43.80195422184071,-2.4331826411528943,47.2546752293972,0.11916964956844413,40.123142379000626,7.574514044625989,2.34335199071114
6948,-0.14219823294155814,43.697751129586344,-2.4331826411528943,47.2546752293972,0.11877468883271931,40.23299802434397,7.471039886523922,2.3455896219080867
6949,-0.14016218693516422,43.679148182367726,-2.4331826411528943,47.2546752293972,0.22902529491184542,40.12353733973637,7.611864337742921,2.3524981713629254
6950,-0.14897518861441694,43.697838546094694,-2.4331826411528943,47.2546752293972,0.008129122017868412,40.45231435429493,7.227179020898654,2.352923747428912
6951,-0.14479338046669793,43.71296810125136,-2.4331826411528943,47.2546752293972,0.11798476736121985,40.4527093150307,7.264653842164,2.352405676536899
6952,-0.13302123400138693,43.72513466980834,-2.4327876804171695,47.144819584053835,0.11798476736121985,40.4527093150307,7.161758159356539,2.365026855472171
6953,-0.13348079337980318,43.72453848991532,-2.4327876804171695,47.144819584053835,-0.3214378140122355,40.451129472087686,7.018780917894582,2.3799716952092984
6954,-0.10661560033869417,43.713429116373405,-2.4327876804171695,47.144819584053835,-0.21079224719738474,40.23181314213671,7.261330578567336,2.394303041646916
6955,-0.13380666113893477,43.78313250052991,-2.4327876804171695,47.144819584053835,-0.21000232572588523,40.01210185144998,7.471039886523922,2.40908554863898
6956,-0.1068247613348514,43.74965614542118,-2.323721956545318,47.364925835476264,-0.20921240425438578,39.792390560763245,7.862216044697753,2.425500134131774
6957,-0.11520895712455198,43.76607522539111,-2.4327876804171695,47.144819584053835,-0.09856683743948502,39.573074230812246,7.92337772910814,2.4296769457261242
6958,-0.08612072539249571,43.69640017061738,-2.4327876804171695,47.144819584053835,0.12272429619026662,39.13444157091028,8.408138758134136,2.4756006315655923
6959,-0.0622278675520507,43.65691528696535,-2.4327876804171695,47.144819584053835,0.23455474521239167,38.58555830492921,8.965247863828715,2.5235418130235057
6960,-0.019761184840896177,43.62003958259059,-2.4327876804171695,47.144819584053835,-0.09461723008193772,38.47451777737855,8.98004312203771,2.5465589413811753
6961,-0.009365199118278255,43.63006432942855,-2.4327876804171695,47.144819584053835,0.016028336732913116,38.255201447427574,9.220738067035885,2.576472766151594
6962,-0.015988821106390747,43.53666462773652,-2.4327876804171695,47.144819584053835,-0.09264242640316406,37.92523955066172,9.511936490641952,2.6486768332981567
6963,0.009740055437471338,43.51880396702231,-2.4327876804171695,47.144819584053835,0.0172132189401873,37.925634511397476,9.539175950297851,2.6685600193837584
6964,0.03385075067014718,43.3884136991008,-2.4327876804171695,47.144819584053835,0.018793061883186288,37.48621193002402,9.964885847339183,2.7671497569152326
6965,0.09412656949765395,43.329832392345836,-2.4327876804171695,47.144819584053835,-0.09106258346016508,37.48581696928827,9.938813205899674,2.809912345396494
6966,0.11863841467638664,43.27444006141931,-2.4327876804171695,47.144819584053835,-0.20091822880356638,37.48542200855252,9.913889386645707,2.8825922519018956
6967,0.17164330076724382,43.228549158902226,-2.4327876804171695,47.144819584053835,-0.09066762272439044,37.375961323944864,10.045701472308703,2.9200338726506483
6968,0.1902956047227691,43.266523140963955,-2.4327876804171695,47.144819584053835,-0.20052326806779172,37.37556636320912,10.021043503529256,2.9651545082436033
6969,0.19976717701470342,43.251677393548505,-2.4327876804171695,47.144819584053835,-0.19973334659629222,37.155855072522414,10.23552361486357,3.032910347677772
6970,0.2643914601561956,43.23731603159223,-2.4327876804171695,47.144819584053835,0.019582983354685696,37.266500639337266,10.17817798262902,3.0660980252335115
6971,0.2765421414223029,43.317438607209766,-2.4327876804171695,47.144819584053835,-0.19973334659629222,37.155855072522414,10.23552361486357,3.099570362247135
6972,0.34030792940000243,43.339556555092535,-2.4327876804171695,47.144819584053835,-0.09066762272439044,37.375961323944864,10.045701472308703,3.1458932418805134
6973,0.3884343602149105,43.39727353392937,-2.5422483650247965,47.034568977974644,-0.09145754419593981,37.59567261463162,9.751878803871039,3.174962106840038
6974,0.4339280352804733,43.4370993926736,-2.5422483650247965,47.034568977974644,-0.09264242640316406,37.92523955066172,9.432945026334005,3.2081109181528085
6975,0.45003654754846184,43.51931903763203,-2.5422483650247965,47.034568977974644,-0.09303738713893872,38.0350951960051,9.326798098305442,3.2323675926257627
6976,0.4487380352364706,43.61825654889615,-2.4327876804171695,47.144819584053835,0.016818258204412597,38.03549015674085,9.432945026334032,3.2326922250123986
6977,0.48002577081496073,43.6516663481536,-2.4327876804171695,47.144819584053835,0.23652954889116531,38.03628007821238,9.491614530740101,3.198133275897238
6978,0.4660454744560951,43.68633163671903,-2.4327876804171695,47.144819584053835,0.45663580031364265,37.9272143543405,9.65986615962337,3.1999250469633873
6979,0.4502585786915437,43.69166312234515,-2.4327876804171695,47.144819584053835,0.8964533424228728,37.81893855194017,9.902318052521766,3.2057883492919155
6980,0.4581947263900456,43.70511902032087,-2.4327876804171695,47.144819584053835,1.0051241055590001,38.14890044870602,9.630462010613542,3.186846653232643
6981,0.4183481442076833,43.69080849187619,-2.4327876804171695,47.144819584053835,1.1145847901665764,38.25915105478513,9.567599315245783,3.1939766374972947
6982,0.40896693224369973,43.71412088845839,-2.4327876804171695,47.144819584053835,1.2248353962457528,38.149690370177524,9.710332442572078,3.1714596058723115
6983,0.39732298406741545,43.70668781004915,-2.4327876804171695,47.144819584053835,1.1149797509023514,38.14929540944177,9.669855682623263,3.181893098587284
6984,0.3638124998423156,43.72326799305281,,,,,,3.1787143832847597
6985,0.3413107734073953,43.678339905496856,-2.323721956545318,47.364925835476264,1.3350860023248285,38.04022968556989,10.016827540093235,3.183626016284465
6986,0.3203014970498894,43.65746446578698,-2.323721956545318,47.364925835476264,1.334296080853329,38.25994097625662,9.812331285100028,3.169235632659015
6987,0.28382089211758166,43.67445201764315,-2.323721956545318,47.364925835476264,1.2232555533027036,38.58911295155098,9.465513257559616,3.1686906321487593
6988,0.2584947331175905,43.63553874603824,-2.323721956545318,47.364925835476264,1.3323212771745554,38.80921920297346,9.30412640220894,3.170364907070876
6989,0.256105877376222,43.63784913362727,-2.323721956545318,47.364925835476264,1.4421769225179066,38.809614163709206,9.347478385554224,3.1542484340485415
6990,0.26048491320418476,43.63338024397687,-2.323721956545318,47.364925835476264,1.441781961782182,38.91946980905258,9.246877702943594,3.159457135117817
6991,0.2860029980767835,43.63890000944348,-2.323721956545318,47.364925835476264,1.441781961782182,38.91946980905258,9.246877702943594,3.134974395492668
6992,0.31294960609427297,43.63845936345872,-2.323721956545318,47.364925835476264,1.331531355703056,39.028930493660184,9.102180788991285,3.121797890865376
6993,0.33692136751027957,43.64178660110803,-2.323721956545318,47.364925835476264,1.4402021188391332,39.35889239042606,8.846677114517135,3.108126745562543
6994,0.3506789842793225,43.645276248377094,-2.323721956545318,47.364925835476264,1.4402021188391332,39.35889239042606,8.846677114517135,3.0931194457121944
6995,0.3686900286113877,43.66086451978301,-2.323721956545318,47.364925835476264,1.4409920403106826,39.13918109973931,9.046322343119753,3.106946676631951
6996,0.37539223956008516,43.6432001511011,-2.6493392852178745,46.26518449983533,1.4398071581034084,39.468748035769416,7.931750578845272,3.1513515196436237
6997,0.3911610410914841,43.648267233029955,,,,,,3.1706514064270452
6998,0.4085031549460474,43.68506679783773,,,,,,3.1503901758289112
6999,0.38345819906160816,43.75620955531506,-2.4300229552668964,46.37583006665026,1.4386222758961345,39.79831497179954,7.630866316978007,3.1632219628024156
7000,0.351409621358554,43.905751302235444,-2.5390886791387985,46.15572381522773,1.4386222758961345,39.79831497179954,7.499255405992236,3.1219579843448972
7001,0.31427081045221583,44.033087291208446,-2.320957231395045,46.59593631807271,1.4386222758961345,39.79831497179954,7.7680173814785265,3.1121291556048756
7002,0.27808070079360203,44.27261340825963,-2.4300229552668964,46.37583006665026,1.4386222758961345,39.79831497179954,7.630866316978007,3.0487245254899693
7003,0.2674164131104091,44.448192808398154,-2.4300229552668964,46.37583006665026,1.4382273151604092,39.908170617142844,7.536178004098817,3.006871464931124
7004,0.2155476053549972,44.57683300194325,-2.759194930561226,46.26478953909959,1.4378323544246348,40.018026262486266,7.525761719916519,2.9801044305003606
7005,0.19198376811998588,44.66181491383205,-2.4300229552668964,46.37583006665026,1.4382273151604092,39.908170617142844,7.536178004098817,2.932257726673958
7006,0.16115921691080523,44.6473946885374,-2.4300229552668964,46.37583006665026,1.4382273151604092,39.908170617142844,7.536178004098817,2.908997642664777
7007,0.10507891979351407,44.57912585718214,-2.4300229552668964,46.37583006665026,1.328371669817058,39.9077756564071,7.480725767713004,2.857834310415226
7008,0.059304053758513026,44.55961073194716,-2.4300229552668964,46.37583006665026,1.4382273151604092,39.908170617142844,7.536178004098817,2.8182535163005498
7009,0.041529730555711054,44.499181807446945,-2.4300229552668964,46.37583006665026,1.3275817483455088,40.1274869470939,7.291185421337022,2.7559536483963654
7010,-0.021263348851499785,44.46981835217582,-2.5390886791387985,46.15572381522773,1.327186787609784,40.237342592437244,7.069322618402739,2.674054813197515
7011,-0.03712308020316444,44.43269610134193,-2.8686556151689024,46.15453893302048,1.43743739368886,40.12788190782965,7.406958343356315,2.617358055723823
7012,-0.06109421726985733,44.48791977254418,-2.7587999698255015,46.15493389375623,1.328766630552783,39.79792001106379,7.5577659541211295,2.572051561865048
7013,-0.0576361274960633,44.41755420388744,-2.978116299776479,46.04428832694135,1.328371669817058,39.9077756564071,7.496841093946222,2.53451442772351
7014,-0.061245577778577975,44.390007079411156,-2.8686556151689024,46.15453893302048,1.2181210637379323,40.01723634101477,7.373481316793061,2.5072621294366253
7015,-0.0826416181522927,44.35443348576872,-2.8686556151689024,46.15453893302048,1.328766630552783,39.79792001106379,7.617411478176613,2.5052249100238164
7016,-0.08814947373116326,44.41428021853217,-2.8686556151689024,46.15453893302048,1.2185160244737065,39.90738069567134,7.465383985728865,2.48520377513523
7017,-0.09405663477873963,44.42979127629838,-2.978116299776479,46.04428832694135,1.3279767090812835,40.01763130175052,7.406958343356311,2.463502479104515
7018,-0.11510718655437502,44.45621211044782,-2.978116299776479,46.04428832694135,1.2169361815306579,40.34680327704485,7.075295132693412,2.4460106568685
7019,-0.11796577777625798,44.48882057613278,-2.978116299776479,46.04428832694135,0.9968299301081804,40.45586900091673,6.8578880199343955,2.4322594043156758
7020,-0.09181316918203758,44.49807085510649,,,,,,2.429290823263645
7021,-0.09005237370254969,44.525541451975606,-3.0883669058556054,46.15374901154898,1.32600190540251,40.56690952846735,7.120353039809757,2.417280053893224
7022,-0.09616286959410633,44.568854432268296,-2.9785112605122537,46.15414397228473,1.2157512993234338,40.676370213074954,6.89911905810632,2.4082732171590915
7023,-0.07542744372308362,44.550922115069625,-2.9777213390407544,45.934432681597976,1.1062906147157572,40.566119606995855,6.745216001387229,2.421213764554124
7024,-0.06507224387471801,44.524171889192075,-2.9777213390407544,45.934432681597976,1.4370424329531355,40.237737553173,7.207112774803125,2.43163264836335
7025,-0.04998289451298169,44.510901462804945,-3.08797194511983,46.0438933662056,1.2169361815306579,40.34680327704485,7.140663096863975,2.4636407684176693
7026,-0.05632129796977333,44.55107974506374,-2.9777213390407544,45.934432681597976,1.2169361815306579,40.34680327704485,6.986898745331342,2.443240620836405
7027,-0.07532945356871991,44.64951836496869,-2.9777213390407544,45.934432681597976,1.216541220794933,40.45665892238823,6.89911905810632,2.3982693870073657
7028,-0.08270327891138497,44.70693233377716,-2.102825783651291,47.03614882091767,1.4366474722173606,40.34759319851635,7.567340830368746,2.37438677991193
7029,-0.10136979188727771,44.717839306115025,-2.102825783651291,47.03614882091767,1.216541220794933,40.45665892238823,7.369388348774767,2.3644508839308944
7030,-0.09039552864416327,44.695481453117765,-2.102825783651291,47.03614882091767,1.3267918268740093,40.3471982377806,7.5169366671587134,2.382987681926496
7031,-0.10993713937186207,44.63780782851621,-2.2118915075231924,46.81604256949524,1.3267918268740093,40.3471982377806,7.373481316793078,2.409311634699732
7032,-0.12497646773203656,44.57133271069493,,,,,,2.449610619023939
7033,-0.14813544735595538,44.448080709288725,-2.2126814289946926,47.03575386018191,1.4362525114816358,40.45744884385972,7.522553807699193,2.523452145823467
7034,-0.1569891896403177,44.41221934667204,-2.2126814289946926,47.03575386018191,1.2173311422664328,40.236947631701504,7.615034627067254,2.5415020758210667
7035,-0.1542499551111011,44.40631129304781,-2.2126814289946926,47.03575386018191,1.3267918268740093,40.3471982377806,7.5673408303687415,2.571547101748411
7036,-0.14428944830994367,44.395293842819164,-2.2126814289946926,47.03575386018191,1.4362525114816358,40.45744884385972,7.522553807699193,2.6211941159602015
7037,-0.12584551742250638,44.423536274428685,,,,,,2.6606389148788208
7038,-0.06706107765604238,44.36623953454206,,,,,,2.748727408173203
7039,-0.03203286717497941,44.420868610726735,,,,,,2.8056191846057335
7040,-0.04865897155508872,44.51932404195274,,,,,,2.871780119342834
7041,-0.07902710391796114,44.685655454276244,-2.538298757667299,45.93601252454098,1.6516192340750666,41.66665086410829,5.981877779184312,2.86343910458293
7042,-0.12072878209325126,44.86006293378759,,,,,,2.7896842736453675
7043,-0.1218190818027499,44.96120537919886,-2.8674707329616287,45.82497199699038,1.9815811308409452,41.55798010097214,6.4591426535208205,2.7146137038919194
7044,-0.1872659700926966,44.91202464395157,-2.8674707329616287,45.82497199699038,2.310753106135275,41.669020628522794,6.63972393287997,2.642093927165974
7045,-0.1975311312221851,44.89403091012097,-2.8678656936974027,45.93482764233373,2.641109963636928,41.45049422004336,7.103383632845151,2.5662002117012315
7046,-0.20347733225005252,44.76714721861415,-2.7576150876182273,45.82536695772613,2.640715002901153,41.56034986538666,6.879850184717294,2.4433723436485564
7047,-0.22808200121279085,44.804887117512244,-2.8674707329616287,45.82497199699038,2.640715002901153,41.56034986538666,6.966140396670593,2.320787458778087
7048,-0.18149679026733956,44.755928932925684,-2.8674707329616287,45.82497199699038,2.970281938931257,41.56153474759391,7.228848693791643,2.243493654268544
7049,-0.16579036346619197,44.752808580574246,-3.0867870629125562,45.7143264301755,3.1895982688822353,41.672180314408806,7.465383985728851,2.1985708042507928
7050,-0.16577586822797993,44.72746974042921,-2.976931417569205,45.71472139091125,3.4081246773617138,42.00253717191042,7.385746611630622,2.1903169176955655
7051,-0.18022671410488758,44.762534294189635,-2.6477594422748756,45.82576191846187,3.517190401233616,42.22264342333295,7.140663096863983,2.1644035462491598
7052,-0.12287440372615653,44.77848065434197,,,,,,2.1837933675146544
7053,-0.046643447164183706,44.80135864867671,-1.9937600597794392,47.25625507234019,3.9554281003997973,42.55379020230605,7.583272091856,2.164199619332248
7054,0.018571897619405673,44.88715776797153,-2.1040106658585653,47.36571575694777,3.9546381789282967,42.77350149299274,7.60234553743179,2.1185524856717937
7055,0.056461222173300435,44.99409119237581,-2.213471350466192,47.255465150868694,3.9550331396640215,42.6636458476494,7.689944873545823,2.1125645558113235
7056,0.1094375719668006,45.08537718713042,-2.1036157051227904,47.25586011160444,4.065283745743148,42.554185163041794,7.756356603253616,2.165888688244883
7057,0.183857310859024,45.16522920982877,-2.1036157051227904,47.25586011160444,3.955823061135571,42.443934556962645,7.737662806393756,2.227885476877757
7058,0.21200252907958622,45.18647103120749,-2.1036157051227904,47.25586011160444,4.064888785007373,42.66404080838515,7.689944873545831,2.274995343793725
7059,0.25169843271226733,45.18005543744123,,,,,,2.3700181850273307
7060,0.2080977461663109,45.19821466703901,-2.2138663112019668,47.36532079621202,3.9554281003997973,42.55379020230605,7.823747196395942,2.4157821882150055
7061,0.10514907329204001,45.234508438599455,-2.5394836398745233,46.265579460571075,4.064888785007373,42.66404080838515,7.522553807699203,2.3650362611420954
7062,0.03456654125059597,45.23547098033526,,,,,,2.3117333387824175
7063,-0.08113282565537824,45.21270343443656,,,,,,2.258872990747716
7064,-0.1368663877635022,45.212123953194535,-2.213471350466192,47.255465150868694,3.844782533584946,42.773106532256996,7.536178004098803,2.2560972180509355
7065,-0.1245106396993818,45.156403406163335,-2.213471350466192,47.255465150868694,3.9546381789282967,42.77350149299274,7.624537585790194,2.2928324197672496
7066,-0.08187070467022516,45.114490455352325,-2.213471350466192,47.255465150868694,4.0640988635358735,42.8837520990719,7.649821095880373,2.331259241262068
7067,-0.08873564902454484,45.10216731010407,-2.323326995809543,47.25507019013294,4.173954508879276,42.884147059807674,7.830685535914722,2.3289946612492534
7068,-0.08393064975641847,45.07937065637494,-2.323326995809543,47.25507019013294,4.173954508879276,42.884147059807674,7.830685535914722,2.3447414214628415
7069,-0.07655397774325198,45.078182915404554,-2.323326995809543,47.25507019013294,4.173954508879276,42.884147059807674,7.830685535914722,2.3580269419932054
7070,-0.08865004355352454,45.061864006835535,-2.323326995809543,47.25507019013294,4.064493824271649,42.7738964537285,7.802895160471123,2.372057548876902
7071,-0.06971611592373425,45.04020661500963,-2.323326995809543,47.25507019013294,4.173954508879276,42.884147059807674,7.830685535914722,2.3967402941828695
7072,-0.0622844779594208,45.04548545825366,-2.213471350466192,47.255465150868694,4.064493824271649,42.7738964537285,7.713449599395052,2.3987468523890323
7073,-0.07635404849063518,45.088061474491695,-2.213471350466192,47.255465150868694,4.173954508879276,42.884147059807674,7.740002000120702,2.373146766457348
7074,-0.08466345041518793,45.11965764086877,-2.213471350466192,47.255465150868694,3.9542432181925227,42.88335713833615,7.560160810042077,2.348289029707431
7075,-0.11344085818472618,45.15040098630498,-2.213471350466192,47.255465150868694,3.844782533584946,42.773106532256996,7.536178004098803,2.3302433243453633
7076,-0.11755312679844919,45.166175713953045,-2.213471350466192,47.255465150868694,4.064493824271649,42.7738964537285,7.713449599395052,2.3269756298379223
7077,-0.10036150151802271,45.158342731140365,-2.323326995809543,47.25507019013294,3.9542432181925227,42.88335713833615,7.649821095880379,2.332700336231833
7078,-0.10284076550809934,45.16095060444715,-2.323326995809543,47.25507019013294,4.064493824271649,42.7738964537285,7.802895160471123,2.317754186419792
7079,-0.10291832795906725,45.142840556853514,-2.323326995809543,47.25507019013294,4.064493824271649,42.7738964537285,7.802895160471123,2.3259174210288083
7080,-0.1755631503489254,45.178600231404715,-2.323326995809543,47.25507019013294,3.9546381789282967,42.77350149299274,7.713449599395058,2.2807979685795394
7081,-0.1829381300136172,45.12400870467285,-2.323721956545318,47.364925835476264,4.065283745743148,42.554185163041794,7.9976633888461235,2.317829782154571
7082,-0.2238702509584308,45.039778559880844,-2.323721956545318,47.364925835476264,3.9550331396640215,42.6636458476494,7.843774543044695,2.328067688483314
7083,-0.29641283147063313,44.954310009862766,-2.4335776018886692,47.36453087474052,3.9550331396640215,42.6636458476494,7.931750578845241,2.3387183477051057
7084,-0.33137170702989643,44.87935123939509,,,,,,2.3748193915133418
7085,-0.3693988811021268,44.80411668681434,,,,,,2.4290615614590245
7086,-0.37594748636946274,44.73131699602562,3.9550331396640215,42.6636458476494,4.060544216914101,43.87245290716216,1.2134031047225866,2.5133862938732983
7087,-0.4551854279987712,44.718679675776364,3.9550331396640215,42.6636458476494,3.9495036893634756,44.201624882456514,1.5379889747091466,2.545315191857218
7088,-0.4233970296654471,44.662559161735736,-2.4335776018886692,47.36453087474052,3.7293974379409978,44.31069060632842,6.878095792189774,2.6108250939277413
7089,-0.346624113681181,44.6041136295714,-2.323721956545318,47.364925835476264,3.510476068725795,44.09018939417017,6.690423406488948,2.6653297066207258
7090,-0.29225771963023717,44.54947816070847,-2.323721956545318,47.364925835476264,3.509291186518521,44.419756330200265,6.534375696419898,2.6753184619313717
7091,-0.36226356827235023,44.52192311868272,,,,,,2.600768210092903
7092,-0.4095015294771563,44.48097712051393,,,,,,2.525276240503428
7093,-0.403171775173538,44.46365773164896,,,,,,2.4557066668643595
7094,-0.32719317991495367,44.421939575033754,-2.6457846385961017,45.27648369174499,2.7403016691149116,44.41699160504999,5.45423251807289,2.4165498485865884
7095,-0.28538339877555635,44.41336525013854,-2.644994717124603,45.05677240105832,2.739511747643412,44.636702895736754,5.400867361677178,2.42088450880567
7096,-0.2774830031186387,44.39214344631799,-2.3229320350738183,47.14521454478959,2.9580381561228903,44.96705975323835,5.712530477491183,2.465685714955758
7097,-0.13045134728613744,44.40107169601915,-2.3229320350738183,47.14521454478959,3.28642020994577,45.29781157147568,5.90573707123124,2.5493905887475288
7098,0.027617560556157005,44.41709971527202,-2.3229320350738183,47.14521454478959,3.8337236329838538,45.84906460187131,6.291614553479343,2.6031283499655653
7099,0.09870282711874968,44.44447287858249,-2.3229320350738183,47.14521454478959,3.943184317591429,45.95931520795041,6.3773483033510265,2.657085153366937
7100,0.2429834525454302,44.45207339143104,-2.3229320350738183,47.14521454478959,3.8329337115123536,46.068775892558044,6.249272218587561,2.74784860779344
7101,0.38408115143133525,44.43488035169347,-2.3229320350738183,47.14521454478959,3.6124324993541017,46.28769726177327,5.996989915550629,2.8155976766182715
7102,0.443359855544825,44.41529419262856,-2.3229320350738183,47.14521454478959,3.5013919718034763,46.616869237067625,5.848238957265556,2.8668544968661656
7103,0.5184892456925817,44.39162893472871,-2.322142113602319,46.925503254102814,3.3907464049885756,46.836185567018646,5.713586690956335,2.9239807494626127
7104,0.5119310258846959,44.431923132077465,-2.322537074338044,47.035358899446166,3.0595996260154728,47.274423266184826,5.387443478379727,3.015321508576929
7105,0.5191963966215056,44.420379883492664,-2.2130763897304666,47.14560950552534,3.058414743808198,47.60399020221493,5.29138277145719,3.0773956248926915
7106,0.527860258363027,44.4115251041078,-2.322537074338044,47.035358899446166,2.948164137729072,47.71345088682254,5.314141512062876,3.102081908877157
7107,0.5684367355875622,44.39347074647698,-2.321747152866544,46.815647608759484,2.9485590984648473,47.603595241479184,5.328882570927148,3.100931856571011
7108,0.5995293151965317,44.38097857024125,-2.3229320350738183,47.14521454478959,2.840678256800269,47.05392205402655,5.164417253206514,3.1037958623226216
7109,0.6249142339604896,44.34007163855686,-2.3229320350738183,47.14521454478959,2.733587336607141,46.28453757588724,5.129244876293532,3.0839619509367573
7110,0.5619329996909624,44.31823911647279,-2.3229320350738183,47.14521454478959,3.0667089192590176,45.297021650004154,5.697722930518532,3.0601185164175235
7111,0.5291936894959052,44.296126343539825,-3.083232416290784,44.72562562208521,3.1785393682811924,44.74813838402313,6.261812254173022,3.077027906090773
7112,0.43473684479823815,44.23218768178891,-3.1938779831057342,44.944941952036196,3.288789974360269,44.63867769941552,6.48989843057572,3.0714572733218923
7113,0.2686231187226439,44.150942825564506,-3.1930880616341852,44.725230661349464,3.615987145975874,45.298996453682925,6.833206594809038,3.0236801247132497
7114,0.18875123156689155,44.11780646619445,-3.19269310089846,44.61537501600609,3.7262377520549506,45.189535769075384,6.942713066108636,2.929258595002045
7115,0.10855565285848649,44.12483285366701,-3.1922981401626855,44.50551937066268,3.7266327127907255,45.079680123732,6.942713066108638,2.80502450394366
7116,0.13833272730026797,44.119390708268426,-3.1922981401626855,44.50551937066268,3.8368833188698512,44.97021943912438,7.044525401873065,2.727809712485869
7117,0.1497606667349672,44.12015796152287,-3.0820475340835594,44.396058686055085,3.8376732403414007,44.750508148437646,6.928792825405508,2.6861495352286693
7118,0.1905739988923909,44.06014028671068,-2.6418350312386045,44.17792723831133,3.9475288856847524,44.7509031091734,6.614228464321507,2.661823467794478
7119,0.2903095498014139,44.035211703111315,-2.430812876738396,46.59554135733696,3.9475288856847524,44.7509031091734,6.639723932879943,2.6778341753539174
7120,0.3578731308430184,43.94600452996291,-2.5406685220817975,46.59514639660119,4.166055294164231,45.08125996667503,6.875463364029779,2.6572153772637557
7121,0.39069206883606006,43.880199780546604,-2.429233033795397,46.156118775963506,4.166055294164231,45.08125996667503,6.6823012195519205,2.619083976394903
7122,0.46058328568977547,43.826804536116555,-2.209916703844419,46.26676434277836,4.16684521563573,44.861548675988274,6.52975678321361,2.5975863557086916
7123,0.4750134375625869,43.80040815053654,-2.2095217431086946,46.15690869743501,4.167635137107229,44.64183738530155,6.554660247162655,2.566653465308324
7124,0.4846564224503416,43.79671908425059,-2.0992711370295183,46.04744801282738,4.607057718480684,44.64341722824454,6.851725998776173,2.5247499466593912
7125,0.45380200503792417,43.799854072220654,,,,,,2.510523635441135
7126,0.4691246149324112,43.80944309852104,-3.084022337762333,44.945336912771936,4.498386955344608,44.31345533147869,7.608692727464501,2.5167383725296677
7127,0.5503554051894656,43.81144554152658,-2.098481215558019,45.827736722140656,3.617961949654648,44.749718226966145,5.817202621281535,2.509901877152991
7128,0.5865437119924609,43.85767424756592,-2.098481215558019,45.827736722140656,3.288395013624544,44.7485333447589,5.49391622053743,2.5511557592103413
7129,0.5770253393395188,43.8848799115163,-2.0988761762937935,45.937592367484,3.288395013624544,44.7485333447589,5.516933227187716,2.5921821271322614
7130,0.6440338500168902,43.90314970152049,-2.0992711370295183,46.04744801282738,2.9584331168586653,44.85720410789498,5.195868827542466,2.6499948991176794
7131,0.6080706032693629,43.87645190520395,-2.866680811490129,45.605260706303625,2.848182510779539,44.966664792502606,5.750431943197493,2.686519749333535
7132,0.5268649697195793,43.864278563480354,-2.0996660977652932,46.157303658170754,2.7375369439646384,45.185981122453605,4.933761317221735,2.7319368660646806
7133,0.48243134613406846,43.835366938519996,-2.0996660977652932,46.157303658170754,2.518615574749435,44.96547991029535,4.769587975148925,2.778068638599278
7134,0.42730294234174143,43.79856560698743,-2.0992711370295183,46.04744801282738,2.4103397723490825,44.525662368186076,4.759456072097207,2.7860591297460275
7135,0.31175922623565944,43.76420820282783,-2.0992711370295183,46.04744801282738,2.1918133638696045,44.19530551068447,4.673739192777129,2.781581304931279
7136,0.09680275553388719,43.68919131558149,2.4119196152920814,44.08623978681262,4.388531310001206,44.313060370742946,1.9895832148858066,2.7517894483657726
7137,-0.015248506745117917,43.628518547081654,-2.428048151588123,45.826551839933394,4.0589643739711025,44.31187548853566,6.661499527602302,2.756842657358668
7138,0.013015915665735189,43.602729503443484,-2.757220126882452,45.71551131238275,2.413104497499356,43.756672850782515,5.528951513635608,2.816481543363926
7139,-0.019162269230926475,43.538451092059496,-2.318587466980546,45.9368024460125,1.864221231518274,43.644842401760386,4.769587975148932,2.784495323796167
7140,-0.15324788964261218,43.547163531870375,-2.2091267823729197,46.04705305209163,1.6441149800957964,43.753908125632265,4.483969863165788,2.7217313329646804
7141,-0.1687055353799789,43.547622530473525,-2.2091267823729197,46.04705305209163,1.424403689409044,43.75311820416074,4.2970548956139165,2.669652719267301
7142,-0.017002184857642752,43.61760483845675,-2.2091267823729197,46.04705305209163,0.984191186564089,43.971249651904465,3.8087057390883152,2.5968177386926206
7143,0.11202851708713124,43.735629361528474,-2.2091267823729197,46.04705305209163,0.5431887622475847,44.409092390334926,3.202835616546992,2.501088156826879
7144,0.14515025583162058,43.82741358273851,-2.2091267823729197,46.04705305209163,0.21046214033148275,45.286752670874584,2.536230909154836,2.4405899938354025
7145,0.22661416237119705,43.85391188823555,-2.2091267823729197,46.04705305209163,0.31755306052456106,46.05613714901394,2.526696172736478,2.4624354844188328
7146,0.32942142458485507,43.89883966833463,-2.0992711370295183,46.04744801282738,0.3155782568457874,46.60541537573078,2.4784723466614254,2.505780666590388
7147,0.42668869269002185,43.94445321231553,-2.2091267823729197,46.04705305209163,0.3143933746385132,46.934982311760876,2.6751770694703074,2.535677054610777
7148,0.5374457069220361,43.972130258940204,,,,,,2.565353536711064
7149,0.579282323038832,44.03394926790525,-2.976931417569205,45.71472139091125,-0.01714836507036452,47.483075656270465,3.447809815763291,2.5968819948687214
7150,0.5554776100173977,44.10979735915792,-2.976931417569205,45.71472139091125,0.0915223980657627,47.813037553036345,3.717302723066843,2.5957702840743355
7151,0.49297992331532536,44.18208770682869,-3.195852786784458,45.494220178753025,0.3096538458094664,48.253250055881324,4.461033805526094,2.564458534396467
7152,0.4378854001400907,44.25433498427518,-3.195852786784458,45.494220178753025,0.6392207818395704,48.25443493808857,4.725100506276308,2.5580420202010243
7153,0.40484931258068,44.25193168885232,-3.195852786784458,45.494220178753025,0.8581421510548236,48.474936150246826,5.031852805751043,2.5516488940628634
7154,0.325341398629141,44.308439110790474,-2.3197723491877706,46.2663693820426,1.1877090870849276,48.476121032454074,4.145531133919246,2.555136030082985
7155,0.2826712261554659,44.360708290673806,-3.196247747520233,45.60407582409638,1.297564732428279,48.47651599318983,5.333410084548382,2.555252933442394
7156,0.21474947494352592,44.387362758741936,-3.196247747520233,45.60407582409638,1.407815338507405,48.367055308582195,5.369492762990902,2.560646756513411
7157,0.1472262395237037,44.38955476236496,-3.196247747520233,45.60407582409638,1.1881040478207023,48.3662653871107,5.181913917399058,2.5540317273374264
7158,0.07433467594371763,44.39928857101905,-3.195852786784458,45.494220178753025,1.1888939692922018,48.14655409642397,5.124536986475198,2.5446960709976016
7159,0.004984198628676758,44.44127368234744,,,,,,2.5026373823374137
7160,-0.024923999943513457,44.49677323104387,-3.195852786784458,45.494220178753025,0.4222742163030909,47.48465549921349,4.129488560997379,2.4706464861320327
7161,-0.07998114042274454,44.407271762028856,-3.195852786784458,45.494220178753025,0.31202361022401487,47.594116183821114,4.08836887386522,2.4418571927450796
7162,-0.22097434227583324,44.37855848462101,-3.195852786784458,45.494220178753025,0.5329197831180417,47.26533916926251,4.1280270537631285,2.4161796281631256
7163,-0.31107155847386403,44.35804733638754,-3.195852786784458,45.494220178753025,0.6439603106686171,46.93616719396813,4.101630872965057,2.3903644208695445
7164,-0.41771243215078047,44.33170081098838,-3.195852786784458,45.494220178753025,-2.428048151588123,45.826551839933394,0.8366410764789584,2.3111444282334643
7165,-0.5255001446316346,44.25391061393772,-2.8674707329616287,45.82497199699038,1.5279399629803994,45.511203490390386,4.4065957225203904,2.2289372762958344
7166,-0.6268988048712162,44.230323998433796,-2.866680811490129,45.605260706303625,1.6374006475879759,45.62145409646951,4.504110568791125,2.1392455217950657
7167,-0.6778233105820688,44.18205700832389,-2.866680811490129,45.605260706303625,1.7464663714598279,45.84156034789202,4.619195216937003,2.0762146189175916
7168,-0.7281897849051181,44.190723724953145,-2.6505241674251487,46.59475143586543,1.633056079494704,46.82986619524661,4.290027818310811,2.146356006964814
7169,-0.70892238385412,44.1707540417687,-2.6501292066893742,46.48489579052208,1.081408088363299,47.48702526362801,3.8637590589006723,2.2220805262402967
7170,-0.7925289978511656,44.13318006489202,-2.322142113602319,46.925503254102814,0.31202361022401487,47.594116183821114,2.717696140183417,2.199972451336898
7171,-0.8138227990179401,44.15610940822404,-2.1012459407082917,46.59672623954421,-0.5660316310514465,47.37124520724832,1.719523948047442,2.1618939892855322
7172,-0.8364222015844672,44.17779703384468,-1.9898104524219418,46.1576986189065,-1.2239806209043804,47.039308506803685,1.167789075681188,2.1117073022349233
7173,-0.8294275312449689,44.22386506546737,-3.0859971414410565,45.49461513948877,-2.210311664580194,46.37661998812175,1.2428827810365843,2.0369719907893447
7174,-0.8024429002172095,44.14677249632209,-2.866680811490129,45.605260706303625,-2.649734245953649,46.37504014517873,0.7997663388846334,1.987216674044353
7175,-0.794869324364906,44.1236335269694,-2.976931417569205,45.71472139091125,-2.649734245953649,46.37504014517873,0.7369388348774929,1.979316490551566
7176,-0.7461383480775201,44.12665236416476,-2.9765364568334802,45.60486574556788,-2.541063482817572,46.70500204194456,1.1831891571949396,1.953114417570336
7177,-0.7385270482700519,44.13895989456644,-2.866680811490129,45.605260706303625,-2.541063482817572,46.70500204194456,1.1469340216634714,1.9437841470135626
7178,-0.7389310249321827,44.18462318646612,-3.0875769843841057,45.93403772086223,-2.541063482817572,46.70500204194456,0.9450201012552526,1.9327331257880134
7179,-0.7874581815632591,44.280091800099044,-3.0875769843841057,45.93403772086223,-2.1016409014440667,46.706581884887584,1.2525551664548549,1.960920585704914
7180,-0.7656691211324483,44.34594056906957,-2.9785112605122537,46.15414397228473,-1.9937600597794392,47.25625507234019,1.4779661038772522,1.925024981078292
7181,-0.7706431685100196,44.32572722731837,-2.759194930561226,46.26478953909959,-2.323721956545318,47.364925835476264,1.1831891571949396,1.8839184871641592
7182,-0.7862114677809455,44.355307969830925,-2.866285850754354,45.49540506096027,-2.323721956545318,47.364925835476264,1.9466595762089867,1.894810778270844
7183,-0.7765725744919647,44.32448880199872,-2.2138663112019668,47.36532079621202,-0.7731041781940576,43.85507463478905,3.7944200660567384,1.9018358553103067
7184,-0.7744477005939513,44.30602541905123,-2.1040106658585653,47.36571575694777,-0.5545777697146291,44.185431492290654,3.537647566346702,1.9101225765429701
7185,-0.7961291785464037,44.27685932019532,-2.6509191281609232,46.70460708120881,-2.4327876804171695,47.144819584053835,0.49129255658501314,1.9372136666926763
7186,-0.7467307082176291,44.28152921739906,-1.1014862320168874,43.524322816551724,-2.322142113602319,46.925503254102814,3.6135895104493136,2.0585412091988013
7187,-0.6846408814556382,44.26358707406918,-2.0992711370295183,46.04744801282738,-2.2126814289946926,47.03575386018191,0.9947916074428855,2.121118883315079
7188,-0.711608822071303,44.29059101643244,-2.208731821637195,45.93719740674825,-2.2126814289946926,47.03575386018191,1.0985635533636762,2.1585731537216946
7189,-0.7229203208709234,44.33736834360471,-2.648549363746375,46.045473209148604,-2.2126814289946926,47.03575386018191,1.0819596223314756,2.2021853863789036
7190,-0.4219231218973095,43.49222960621546,,,,,,1.955889740693695
7191,-0.7678744460506574,44.27267728774629,-2.8678656936974027,45.93482764233373,-2.1036157051227904,47.25586011160444,1.526173263395612,2.206615283144649
7192,-0.8381045075938156,44.34367453451771,-2.9777213390407544,45.934432681597976,-1.7744437298284614,47.36690063915502,1.8707863197755046,2.179309872047308
7193,-0.7870117175697193,44.36884523356976,-3.08797194511983,46.0438933662056,-1.6641931237493353,47.25743995454744,1.8707863197755414,2.178980000035483
7194,-0.7552838090617836,44.439015288859274,-3.087182023648331,45.82418207551887,-1.4444818330625824,47.258229876018966,2.1805863913795127,2.1321036467580505
7195,-0.6460458162963078,44.47092762200786,,,,,,2.0910210478871964
7196,-0.5509684759432171,44.50383722645219,,,,,,2.053713285374887
7197,-0.5357314688910859,44.50239965471109,-2.756035244675228,45.38594437635267,-2.4181741331943045,43.08016070634922,2.330405214443566,1.9722115389042145
7198,-0.5484701877441416,44.54500886313887,-2.865495929282855,45.27569377027349,-2.308318487850953,43.080555667084965,2.2647467834861525,1.828988133106035
7199,-0.4991772652758667,44.610393548477724,-2.308713448586678,43.190411312428346,-2.3154277810944985,45.05795728326559,1.8675580407182797,1.7413451044049253
7200,-0.46033016199374216,44.69762394910975,-2.756035244675228,45.38594437635267,-2.4185690939300297,43.1900163516926,2.221707292238641,1.6035236410558904
7201,-0.50178969108278,44.822641769506795,-2.4185690939300297,43.1900163516926,-0.7825832358521013,46.49161012302991,3.6846941743873773,1.4646730062927327
7202,-0.5961839164340899,44.914032008452416,-2.4189640546658038,43.29987199703594,-0.6723326297730251,46.382149438422296,3.5427610080419303,1.3478134812912195
7203,-0.6569490967913529,44.90579729289142,-2.4197539761373035,43.519583287722696,-2.3166126633017727,45.3875242192957,1.8707863197755343,1.27338439375314
7204,-0.7184721638446178,44.890970690426194,-2.310293291529727,43.629833893801774,-2.206757017958421,45.387919180031446,1.761131350468274,1.2069271398718655
7205,-0.7439397058388675,44.78622667350098,-2.3110832130012264,43.8495451844885,-2.315822741830273,45.167812928608974,1.3182762640364416,1.2090839428391098
7206,-0.6731231099933999,44.56825664267951,,,,,,1.333232611532198
7207,-0.5759878022381631,44.36879837891555,-2.5343491503097515,44.83745607110731,-2.2020174891293745,44.069651435911005,0.8366410764789406,1.4652643712411224
7208,-0.5564983395046882,44.24588855351475,-2.2012275676578748,43.84994014522425,-0.33960600785687334,45.50448915788259,2.49061584095266,1.4869163897336544
7209,-0.6411948151709447,44.27243373589828,-2.7580100483540018,45.93522260306948,-2.0901870401071996,43.52076816992995,2.505110332909727,1.4676862011178544
7210,-0.8002365908389678,44.37245715944539,-2.6501292066893742,46.48489579052208,-1.9799364340281234,43.41130748532232,3.145807276739663,1.4187878166564591
7211,-0.7361928831302466,44.40139810231997,-2.6426249527101042,44.39763852899809,0.5471383696051321,43.31053593690127,3.369923159084029,1.3725229254816405
7212,-0.8809893091162428,44.38822266526907,-2.649734245953649,46.37504014517873,0.5467434088693574,43.42039158224463,4.352863141454291,1.3470640640522216
7213,-1.069406225183275,44.43978893061215,,,,,,1.3388699095159737
7214,-1.2410016770515693,44.513285968246606,,,,,,1.2933013711394494
7215,-1.3587422252785681,44.55653762260052,,,,,,1.2788812289339326
7216,-1.4064039354846427,44.57755696882862,-2.2091267823729197,46.04705305209163,-2.0901870401071996,43.52076816992995,2.529083226809468,1.2742755787663103
7217,-1.4038946262087695,44.612301126159544,-2.2091267823729197,46.04705305209163,-1.9795414732923486,43.301451839978945,2.755183375040623,1.2794611470598916
7218,-1.381673559362778,44.64421479253896,-2.2075469394299208,45.60763047071815,-2.530794503687979,43.84875526301697,1.7883318998621405,1.2712573359940513
7219,-1.3694484336370876,44.70221023648284,-2.0901870401071996,43.52076816992995,-1.9878356487431679,45.60842039218965,2.0901597088309307,1.257383613202351
7220,-1.352070175843144,44.752742679727014,,,,,,1.2372991644889502
7221,-1.3171350585552537,44.802379966390774,,,,,,1.2324382924410417
7222,-1.273972083783631,44.85738945929673,,,,,,1.2390906897685536
7223,-1.2531532898924846,44.8947747123973,,,,,,1.2496911625806264
7224,-1.229603197555286,44.939918224124106,,,,,,1.2600409007727378
7225,-1.2249203406459757,44.93675421737421,,,,,,1.2385925488607756
7226,-1.2195693172915076,44.95281267848929,-1.2093670736815152,42.974649629099105,-0.3388160863853739,45.284777867195814,2.468714543630771,1.2457904254441161
7227,-1.21877680559051,44.95265584523833,,,,,,1.2549838999770497
7228,-1.2366757325223898,44.9713284471088,,,,,,1.2621312057363248
7229,-1.2433386605747163,45.007111752194476,-1.3200126404963661,43.19396595905011,-0.33960600785687334,45.50448915788259,2.5099232294368403,1.2441643445238404
7230,-1.2880230295742432,44.99087174321648,-1.2101569951530147,43.194360919785865,-0.009644111091044526,45.395818394746485,2.507517935899741,1.2097127942662562
7231,-1.3327978655005168,44.95525297000633,-0.44156243848517995,43.30698129027949,0.2096722188599834,45.50646396156137,2.2938680433269676,1.2057282036898713
7232,-1.358750798360311,44.919949930343236,-0.0029297785832240754,43.52827242390924,0.20848733665270922,45.83603089759146,2.317422354571304,1.2179285058188636
7233,-1.3319841633771818,44.9500643316972,-0.22303603000575162,43.63733814778107,0.6479099180261646,45.83761074053447,2.366378314389912,1.2349586190296518
7234,-1.3197557379700495,44.96112322877248,-0.3336815968206024,43.85665447773205,0.647119996554665,46.0573220312212,2.40933796851901,1.270286491893428
7235,-1.320673788475885,44.94139760373079,-1.7614100255485947,43.741664342823896,0.6467250358188903,46.16717767656457,3.4179276478505716,1.2808627581743663
7236,-1.3067013471883446,44.912745322778505,,,,,,1.2844139210136536
7237,-1.2902951058990242,44.89118056637755,,,,,,1.3125950819062344
7238,-1.2429649661095896,44.890538668761906,-0.005299542997772586,44.1874062959694,0.6514645646479371,44.84890993244416,0.9321620857774248,1.3591443731174453
7239,-1.24596899681919,44.8763106349094,0.2140167869532555,44.29805186278433,0.5420038800403606,44.73865932636506,0.5492817766818381,1.3786024445222278
7240,-1.2336619004335223,44.889253474162,,,,,,1.4180413266083982
7241,-1.252742852994168,44.85399583293066,,,,,,1.4435941569296733
7242,-1.275604088399693,44.820172737268045,,,,,,1.4501136831228496
7243,-1.1920853080027185,44.820256409111344,,,,,,1.4775006998008302
7244,-1.1143696435365489,44.79679849409289,,,,,,1.5010633103402884
7245,-0.9811039667249951,44.84583000633752,,,,,,1.532969997602452
7246,-0.8886533675206781,44.89907678653413,,,,,,1.586160537927987
7247,-0.8047887685722322,44.940718944365,,,,,,1.6133381482714648
7248,-0.7885833365612186,44.994786035870995,,,,,,1.628152774626375
7249,-0.7810896084650273,44.99608128205236,,,,,,1.6772123309306073
7250,-0.8034216021019102,44.995484039004815,,,,,,1.7386437829551904
7251,-0.7938058804056852,45.038443289817884,,,,,,1.7809760231503555
7252,-0.7973640550923109,45.059601505520384,,,,,,1.8246119434389403
7253,-0.7735822484563658,45.07462839775421,,,,,,1.8506998213970858
7254,-0.7615622865054631,45.11718132709468,,,,,,1.8664113624818421
7255,-0.7526672472384296,45.137318695454276,,,,,,1.8859967338896113
7256,-0.7390411395093545,45.14802294567647,,,,,,1.90077748778429
7257,-0.7240788587060393,45.19113133026282,,,,,,1.931377412626148
7258,-0.7151028925791929,45.22878466923599,,,,,,1.9594594098549938
7259,-0.7449373666565489,45.29994233800469,,,,,,1.9726456021424756
7260,-0.7577779395424612,45.3586504340068,,,,,,2.0343881357609224
7261,-0.774493896493391,45.358382718210116,1.7397520389520076,47.70910631872927,2.1858889528333334,45.84314019083501,1.918558765421627,2.071626177942322
7262,-0.7900959535114435,45.32191522023395,1.6298963936086561,47.708711357993515,2.1854939920975585,45.952995836178374,1.8415280842249426,2.1006909890618335
7263,-0.7678235370457771,45.33548589456678,,,,,,2.1281869333571217
7264,-0.6864546075727316,45.32619095074947,,,,,,2.1676317327190526
7265,-0.6778435267599623,45.25002480331316,,,,,,2.2163080964918804
7266,-0.65531807614158,45.191944745210655,,,,,,2.265595125125948
7267,-0.6459201849384811,45.12231427273949,,,,,,2.2990358241532087
7268,-0.5995919596190082,45.04791233280364,,,,,,2.346144208805075
7269,-0.5526367096248256,45.05148956880447,,,,,,2.375153258580073
7270,-0.5432502616912934,44.99572458541755,-0.5605021807509001,45.8332661724412,2.513086124448939,46.5034589451025,3.1458072767396765,2.3934703597696863
7271,-0.5708344763342874,44.95128277241185,-0.7798185107018281,45.72262060562632,2.292979873026411,46.612524668974324,3.199065355538462,2.4168090694486883
7272,-0.5690373818866206,44.914192907390884,-0.8892791953095048,45.61236999954717,2.4028355183697627,46.61291962971008,3.4408020649904505,2.436046822464989
7273,-0.5277875674881285,44.884315272960805,-0.8892791953095048,45.61236999954717,2.4032304791055377,46.50306398436672,3.4108585034724195,2.473291728693541
7274,-0.5111574838686342,44.86413691832541,-0.8892791953095048,45.61236999954717,2.292979873026411,46.612524668974324,3.3357281275282182,2.497784237423121
7275,-0.5174704353329778,44.83884058280097,-0.7794235499661034,45.612764960282945,2.292979873026411,46.612524668974324,3.230972341066828,2.501642331836424
7276,-0.5505435792179607,44.82866372966926,-0.8876993523665055,45.17294741817374,2.292979873026411,46.612524668974324,3.4912895892303832,2.501766324004295
7277,-0.562315408154147,44.85336247190339,-0.7778437070231045,45.17334237890952,2.403625439841262,46.39320833902337,3.4073184314200216,2.516840555379845
7278,-0.5646195848559541,44.86011625165424,-0.7774487462873296,45.06348673356614,2.403625439841262,46.39320833902337,3.447809815763303,2.522984217364908
7279,-0.603986045828318,44.86444315792069,-0.7766588248158303,44.84377544287938,2.292979873026411,46.612524668974324,3.5427610080419285,2.502018520462938
7280,-0.5907564034965239,44.91260330541841,-0.4463019673142267,44.62524903439991,2.4032304791055377,46.50306398436672,3.4126271623952387,2.484551501103178
7281,-0.5818070872890322,44.910323376597624,-0.33526143976360123,44.296077059105556,2.292979873026411,46.612524668974324,3.503367227043568,2.47720866436949
7282,-0.5633019134204388,44.954616264576124,-0.004904582261997825,44.077550650626044,2.4032304791055377,46.50306398436672,3.417927647850561,2.4506865669173346
7283,-0.5728702890988714,44.93792398962591,0.3254522752396057,43.85902424214657,2.292584912290637,46.7223803143177,3.4739629830771888,2.4243924983766125
7284,-0.4862126447886583,44.90669442328314,,,,,,2.4029406017556716
7285,-0.45970138757149326,44.85131871896207,,,,,,2.3938036924567
7286,-0.41522585242149834,44.84287775079315,1.5342593347524451,43.75351316489649,2.512691163713164,46.613314590445846,3.0225474417281584,2.393819388053771
7287,-0.33491358012261946,44.811053922326465,1.9724970339186263,44.08465994386962,2.512691163713164,46.613314590445846,2.585711511270346,2.3613209751945448
7288,-0.27318493031281765,44.718615090082615,2.0811677970547033,44.41462184063547,2.402440557633988,46.72277527505345,2.3304052144435654,2.3680498106007004
7289,-0.2348542197684387,44.65881225769293,2.19062848166238,44.52487244671457,2.402440557633988,46.72277527505345,2.208085414640339,2.370222448576962
7290,-0.18363071871644568,44.63768244424807,2.080377875583204,44.63433313132223,2.512296202977389,46.723170235789226,2.1330245874196883,2.3392318198859283
7291,-0.13164052721757538,44.611092067731526,,,,,,2.3507702331056812
7292,-0.09690225071646087,44.60466550452833,1.9713121517113519,44.41422687989972,2.622151848320741,46.72356519652498,2.3992990166538473,2.336225316294283
7293,-0.10143045437104348,44.58950077555482,,,,,,2.3289046747947055
7294,-0.10046751242547947,44.55073657001644,,,,,,2.3165942332096696
7295,-0.10355785974608711,44.54159174161491,,,,,,2.316393735466272
7296,-0.1285350876414693,44.48576997375834,,,,,,2.313769352127233
7297,-0.11852218388189154,44.499289539294864,,,,,,2.3108363463176023
7298,-0.10200147295405848,44.49343651818172,,,,,,2.316260715645742
7299,-0.0038248995958234597,44.538100735554984,0.9743171681702207,46.717640785488676,2.7324024543998666,46.61410451191735,1.7611313504682582,2.3158298734381813
7300,0.0405607262428729,44.51835443594431,0.9731322859629964,47.04720772151876,2.9525087058223947,46.505038788045496,2.0522860823771283,2.3284032979636176
7301,0.11090490975920471,44.54469830636491,,,,,,2.3383609610118192
7302,0.12417334859566655,44.47386960594705,,,,,,2.34264684915317
7303,0.109553669552802,44.40110377900477,,,,,,2.3526540375976674
7304,0.13280833853906301,44.37867847043267,,,,,,2.322129830525875
7305,0.13722155164421201,44.3938322400252,,,,,,2.323487216624522
7306,0.1483674535670566,44.446268415633575,,,,,,2.3036269329307095
7307,0.22905739976697378,44.577508717455444,,,,,,2.2795681802712617
7308,0.2648733806791499,44.6388759517554,,,,,,2.3089999709098903
7309,0.30887246586995226,44.63263434264146,0.3136034531670138,47.15469360244766,3.5025768540107505,46.28730230103752,3.3048326767100527,2.3230696526623165
7310,0.3706390677405199,44.626887355473144,-0.015173561391590892,46.93379742955361,3.392721208667349,46.28690734030177,3.468748124520877,2.3204987154719117
7311,0.3810001486975479,44.641633695398006,,,,,,2.304832382433269
7312,0.4219680483838616,44.56793227293064,,,,,,2.285303872097969
7313,0.42964847854092775,44.577164524679134,-0.8904640775167791,45.941936935577274,3.502971814746475,46.17744665569417,4.39974360249505,2.2442147975569737
7314,0.4189960252312622,44.63572405958653,-0.9991348406528561,45.611975038811416,3.502971814746475,46.17744665569417,4.537479750488231,2.1635498772583044
7315,0.43800134661038154,44.72890302194705,-0.997554997709857,45.172552457437995,3.502971814746475,46.17744665569417,4.611350554807886,2.094676837750777
7316,0.431498080528382,44.782841706835555,-1.2164763669251104,44.95205124527974,3.502971814746475,46.17744665569417,4.875939401935527,2.07576816545604
7317,0.44115520785106715,44.764718067642804,-1.546438263690939,45.060722008415866,3.502971814746475,46.17744665569417,5.1714230225406865,2.0761790992872378
7318,0.4328234260978187,44.76168102939996,-1.767334436584916,45.38949902297444,3.393116169403074,46.177051694958415,5.220200155931863,2.054017782096564
7319,0.4153732773167982,44.767067972629356,-1.989415491686167,46.04784297356313,3.393116169403074,46.177051694958415,5.38408227800364,2.0360159116016554
7320,0.3612537365293338,44.79496798092627,-1.9909953346291662,46.487265554936606,3.393116169403074,46.177051694958415,5.393040823763084,2.0646793368170844
7321,0.38858079406289037,44.776765671717634,-2.321747152866544,46.815647608759484,3.392721208667349,46.28690734030177,5.738877497077314,2.0629230321503367
7322,0.41323964978790817,44.749898549811206,-2.4319977589456707,46.92510829336706,3.392721208667349,46.28690734030177,5.859577758521847,2.0606373734669448
7323,0.3895525419309305,44.80336466742386,-2.1024308229155664,46.926293175574315,3.392721208667349,46.28690734030177,5.532224696860819,2.0976274365086494
7324,0.3654496112270204,44.83185098665836,,,,,,2.1296505503489493
7325,0.32987762273557597,44.83661397332972,,,,,,2.1381497640524856
7326,0.3437358649441833,44.804795182423284,,,,,,2.113526406133733
7327,0.33446579695550127,44.81812818663188,,,,,,2.116099668862271
7328,0.2818716626671364,44.820509658024385,,,,,,2.1350955459049663
7329,0.2828155258654319,44.81745651490812,,,,,,2.13257300169121
7330,0.20795187629403297,44.83318742483947,,,,,,2.125198301573734
7331,0.18013983118637164,44.84203572837751,,,,,,2.086554094965096
7332,0.1943091972022952,44.84258901487534,,,,,,2.1215956748106786
7333,0.15741620236846238,44.87774766824566,,,,,,2.229551516488101
7334,0.15205433789621578,44.7132863479816,,,,,,2.287721236983489
7335,0.14565467977998656,44.76186378581918,,,,,,2.3390338014343595
7336,0.08658806773086335,44.83457983384501,-1.6649830452208845,47.47715124523417,2.8430480212147677,46.3947881819664,4.636146449010738,2.320376092020627
7337,0.052297526173099185,44.85544775259047,-1.9941550205152139,47.36611071768352,2.952903666558119,46.395183142702145,5.041437295970945,2.301644772114749
7338,-0.0051162118750872395,44.88085686916255,-1.883509453700363,47.14679438773259,3.06354923337297,46.175866812751146,5.041437295970942,2.310790266690883
7339,-0.010650120184976223,44.880249136114806,-1.7732588476211872,47.037333703124915,2.9532986272938935,46.285327497358736,4.786006570951036,2.3262147160643565
7340,-0.03817133443634872,44.90235348394399,-1.66379816301361,47.14758430920409,3.06354923337297,46.175866812751146,4.826183616382171,2.326111294125318
7341,-0.05831438641002248,44.92829314651101,-1.4432969508553584,46.92866293998884,2.9532986272938935,46.285327497358736,4.443414584477266,2.3114357104004957
7342,-0.12960496266107213,44.97950792753818,,,,,,2.287904411505926
7343,-0.15438935645621177,44.97825440361814,-1.002294526538854,46.49082020155838,2.9532986272938935,46.285327497358736,3.9609272210086997,2.2761727180218263
7344,-0.14448249442231262,44.9537606380383,,,,,,2.2833290038285656
7345,-0.1735263041285157,44.90897859311405,0.09705184836630891,46.27505851822917,2.952903666558119,46.395183142702145,2.8583770802457447,2.29681466009424
7346,-0.18490638466391424,44.93720799720191,-0.12186952084889437,46.054557306070926,3.06275931190147,46.39557810343789,3.2028356165469902,2.260606948439292
7347,-0.23217624122045044,44.88516887453205,-0.12858385335671474,47.922103276908196,3.0631542726372447,46.28572245809449,3.5867721490366127,2.2323692760877765
7348,-0.2986336890231567,44.9357679217783,-0.12818889262094005,47.812247631564816,3.0631542726372447,46.28572245809449,3.5376475663467093,2.1758964761291355
7349,-0.3777182523562706,44.96699752094022,-0.12700401041371587,47.48268069553472,3.173009917980646,46.286117418830244,3.5102500769537968,2.1264413752018716
7350,-0.4620662945175019,44.97305339777451,-0.12700401041371587,47.48268069553472,3.173404878716371,46.17626177348689,3.5495674715848575,2.08378317350475
7351,-0.500278474174124,44.955696206622015,,,,,,2.0679509922473427
7352,-0.534758455629426,44.94655509856516,,,,,,2.077627455681831
7353,-0.5585051189796906,44.923244308042904,,,,,,2.100402233627616
7354,-0.5799349482744857,44.89775022138763,,,,,,2.107233393014891
7355,-0.6508186245878458,44.875363832103666,,,,,,2.135357948540258
7356,-0.6294518070219687,44.82888405921932,,,,,,2.128406495819795
7357,-0.6144614744173548,44.87457230052946,,,,,,2.161688456493958
7358,-0.5773379545689844,44.91847984173722,,,,,,2.1944650287182808
7359,-0.5273310364287306,44.963588103321484,,,,,,2.2284713788817476
7360,-0.4887173145148879,45.00350563031284,,,,,,2.2595734241010206
7361,-0.48484386869180085,45.045291229056375,,,,,,2.2611542883564537
7362,-0.4592107124819447,45.10154551977441,,,,,,2.263432586280255
7363,-0.4557090600702842,45.14389359645315,,,,,,2.2745249812817243
7364,-0.4422311292699625,45.21979663868481,,,,,,2.2829738094852874
7365,-0.41650129929314594,45.17612462587616,,,,,,2.284802890907759
7366,-0.36490675480779133,45.154882075345334,,,,,,2.2849053292004275
7367,-0.3446036674130521,45.102413660512376,,,,,,2.302005129364602
7368,-0.3209794389317682,45.08677616814735,,,,,,2.2980279584175194
7369,-0.28287468134410604,45.064166290345035,,,,,,2.270183387625848
7370,-0.33183159308858334,44.98522378362587,,,,,,2.2206101825091777
7371,-0.43962157520427236,44.99177692328636,,,,,,2.156147401869027
7372,-0.90990240895867,44.66945190405065,,,,,,1.9109684663725919
7373,-0.602696088602705,44.95559175669607,,,,,,2.0782975827442645
7374,-0.656342297934948,44.92820908016035,0.320712746410559,45.17729198626703,2.411524654556307,44.196095432155964,2.3095976084685153,2.0645376460379166
7375,-0.6807484338004024,44.89026276245299,0.320712746410559,45.17729198626703,2.30206396994873,44.08584482607687,2.2620808063602103,2.0522605814792207
7376,-0.7058715565165564,44.8975789912105,0.43096335248968504,45.06783130165941,2.30206396994873,44.08584482607687,2.1131291865104966,2.04472057164578
7377,-0.7387568292252353,44.85856767048271,0.5412139585688112,44.958370617051784,2.3016690092129553,44.19570047142022,1.918558765421634,2.032385907036369
7378,-0.7863932454738878,44.86854283831991,0.7601353277840144,45.17887182921003,2.3016690092129553,44.19570047142022,1.8283741438113963,2.046579210902889
7379,-0.8509194607926421,44.86498612926987,0.8695960123916908,45.289122435289116,2.4119196152920814,44.08623978681262,1.9559367990989793,2.05537139129994
7380,-0.8456411063142288,44.84759165171828,0.9794516577350422,45.289517396024856,2.4119196152920814,44.08623978681262,1.8707863197755163,2.1018464716152208
7381,-0.8508577759136757,44.847828899266815,1.1983730269502955,45.51001860818314,2.4119196152920814,44.08623978681262,1.8707863197755374,2.119763099006148
7382,-0.8403456243096932,44.871134450867466,,,,,,2.1424620611641827
7383,-0.840781014113791,44.87168502704077,,,,,,2.14863963821018
7384,-0.8648183794349593,44.8509064220864,,,,,,2.132475462540715
7385,-0.8790177949060598,44.79529761645038,0.6455401536116662,46.496744612594675,2.521775260635483,44.086634747548395,3.054322795387233,2.1254783995002215
7386,-0.8721144134061941,44.75463324069015,0.6455401536116662,46.496744612594675,2.5213802998997084,44.19649039289174,2.9681552738505936,2.118930918604828
7387,-0.8621289698911311,44.76469074401609,0.5356845082683148,46.49634965185893,2.5213802998997084,44.19649039289174,3.0384766558194607,2.120176514660407
7388,-0.8351228380630219,44.73585976208519,0.6455401536116662,46.496744612594675,2.6316309059788345,44.08702970828414,3.1227043402625783,2.1203568027419015
7389,-0.8202237264800708,44.788056003948384,0.6451451928758913,46.60660025793803,2.6316309059788345,44.08702970828414,3.208482701066863,2.1043083230750272
7390,-0.7875799990379109,44.786697469180716,,,,,,2.118356082771676
7391,-0.782922358159651,44.782402553586294,,,,,,2.11033394842049
7392,-0.8113450789199461,44.75004546171575,,,,,,2.103637626074579
7393,-0.8025280378344698,44.673258268968674,,,,,,2.102732822933051
7394,-0.8162557638746912,44.673273207915706,,,,,,2.1018335754171056
7395,-0.7620724502239761,44.69258801095663,,,,,,2.1308702396578934
7396,-0.7640154876762216,44.744564076905796,,,,,,2.1549085241724835
7397,-0.7690411653338008,44.8105957651714,1.0893073030783933,45.28991235676061,2.0712937786608854,47.16101297421971,2.11312918651053,2.206738139809919
7398,-0.7864226014415693,44.882589365772915,0.9794516577350422,45.289517396024856,2.7304276507210936,47.16338273863423,2.5646224381467873,2.265011069771916
7399,-0.7820187168836015,44.990769083086604,1.1991629484217947,45.29030731749636,2.950138941407846,47.16417266010573,2.5646224381467873,2.3465993516706134
7400,-0.8285708063818105,45.04427614524627,1.0893073030783933,45.28991235676061,2.950138941407846,47.16417266010573,2.6411259097027266,2.4171772807047174
7401,-0.8452922231504333,45.11811581113086,0.9790566969992676,45.399373041368285,3.170245192830373,47.055106936233805,2.746408883409203,2.4858730536580786
7402,-0.8093189009764802,45.18893877742317,0.9790566969992676,45.399373041368285,3.2789159559664505,47.385068832999686,3.0384766558194407,2.544114748010018
7403,-0.8074609051951012,45.185722143785334,0.8692010516559163,45.39897808063253,3.3879816798383025,47.60517508442221,3.3483669261951214,2.540312101349229
7404,-0.8117497305989531,45.22097489482482,0.8692010516559163,45.39897808063253,3.1682703891515995,47.60438516295068,3.185834304754693,2.5572960507940046
7405,-0.7983294189636578,45.221550535236034,0.7585554848410153,45.61829441058347,3.1686653498873243,47.494529517607305,3.054322795387242,2.5760673758727486
7406,-0.7393211043449172,45.147102155868026,0.7581605241052906,45.72815005592684,3.1686653498873243,47.494529517607305,2.9884159546095734,2.631869055788508
7407,-0.7394214549009847,45.095744096439745,0.868016169448692,45.72854501666262,2.729242768513819,47.4929496746643,2.5646224381467646,2.6135775637994425
7408,-0.8035393239292931,44.93710327105321,0.9778718147920432,45.72893997739837,2.5095314778271165,47.49215975319281,2.335578151362389,2.5640109951529
7409,-0.8809071694977348,44.839090237432686,0.9774768540562686,45.838795622741735,2.0705038571893852,47.38072426490639,1.8900402025105052,2.4422040407000334
7410,-0.9004736982258984,44.76326298044744,0.8672262479771424,45.94825630734935,1.7417268426307813,47.159828092012454,1.4942079773047903,2.3566468029224
7411,-0.92990303250614,44.71631643745111,1.0873324993996198,45.839190583477496,1.3030941827288252,46.938536958382656,1.1203193991046425,2.245812473271196
7412,-0.9980211318008645,44.69607620530985,0.9770818933204939,45.9486512680851,1.0841728135135722,46.71803574622442,0.7768017381478453,2.136155732490543
7413,-1.0280540879067341,44.73160282900519,,,,,,2.06670575308383
7414,-0.9950305153451995,44.756959247781296,,,,,,2.0043758169506125
7415,-0.97314108218328,44.68601609557122,,,,,,1.9745460431067163
7416,-0.949836253518197,44.69167289462129,,,,,,1.9576310625540843
7417,-0.9365143310857289,44.68866298170133,,,,,,1.9574968278862777
7418,-0.9060994872980491,44.72186137058675,,,,,,1.970533077858675
7419,-0.9105934679666488,44.73447814550218,0.6483048787619391,45.72775509519109,1.1983730269502955,45.51001860818314,0.5915945785974698,1.9877281888546503
7420,-0.9189979210938859,44.733406630024255,,,,,,1.9614689690328286
7421,-0.9504582488622859,44.70560281259541,,,,,,1.9556705016031992
7422,-0.9578678548770415,44.71788949929617,,,,,,1.9532367309558205
7423,-0.9586062653120947,44.702004086779596,,,,,,1.9576711245798732
7424,-0.9696792945219066,44.69770101591579,,,,,,1.960442566781776
7425,-0.9697608315344556,44.70192689741602,,,,,,1.956422373412657
7426,-0.9769060592622753,44.686515524636384,,,,,,1.9522328109546532
7427,-0.9625603544072825,44.70803483713735,,,,,,1.96690230691649
7428,-0.9515320247492168,44.71421725395254,,,,,,1.975615520735995
7429,-0.9451525522310865,44.71639178886032,0.7581605241052906,45.72815005592684,1.8527673701814567,46.8306561167181,1.5536034762957327,1.9853026652994552
7430,-0.9385061765476297,44.70793526972032,0.7581605241052906,45.72815005592684,1.852372409445682,46.94051176206143,1.6331321307603115,1.9870961462401862
7431,-0.921675016165448,44.73623036439051,0.7581605241052906,45.72815005592684,1.7413318818950565,47.26968373735581,1.828374143811388,2.006016671308034
7432,-0.9071301338579892,44.733828988244795,0.7581605241052906,45.72815005592684,1.5208306697368041,47.48860510657101,1.9185587654216283,2.02264272054012
7433,-0.9671111278217611,44.74397636655943,0.5388441941543126,45.617504489111965,1.4086052599789045,48.14734401789547,2.67517706947032,2.012953470017848
7434,-0.9493553406742835,44.79837984631441,0.31913290346755996,45.616714567640464,1.516881062379307,48.587161560004695,3.2028356165469907,2.065325316593554
7435,-1.0113203156884536,44.739253393652724,0.31873794273183526,45.72657021298384,1.4070254170359056,48.58676659926895,3.0602439436825053,2.0523060869933305
7436,-1.0327938129539322,44.66134073542177,,,,,,2.0657191936147075
7437,-1.039546777048101,44.62299230658754,,,,,,2.1253357652741878
7438,-1.002967735848617,44.650488130251034,,,,,,2.1630332564298467
7439,-0.9883296402475571,44.7042476097203,,,,,,2.1635050341178585
7440,-0.964249901812386,44.71728704475189,-0.01398867918431671,46.6042304935235,1.2963798502210546,48.806082929219926,2.562268493237599,2.1568592886548235
7441,-0.9825945047624904,44.67404293685019,,,,,,2.1398529014373313
7442,-0.9765167058417588,44.67606912693121,-0.014383639920091397,46.71408613886688,1.2963798502210546,48.806082929219926,2.4687145436308042,2.1238686102522224
7443,-0.9162026719243983,44.652289515093244,-0.0155685221273157,47.04365307489696,1.5164861016435323,48.69701720534805,2.254063956075747,2.1631483696825433
7444,-0.9539485613224663,44.56664236428494,-0.454991103500771,47.04207323195396,1.6283165506656572,48.148133939367,2.3587159791699044,2.1834747516911417
7445,-1.0244538221144153,44.58873552991803,-0.7845580395308751,47.04088834974671,1.737777235273234,48.25838454544612,2.8007984977616474,2.2385246862908104
7446,-1.0606141996825467,44.568182942130896,,,,,,2.2509804147330965
7447,-1.0469672359119,44.63846100817254,,,,,,2.2414695737660173
7448,-1.0581805175171644,44.72272365703224,,,,,,2.097908123490601
7449,-1.1065227872709635,44.84404841795229,,,,,,1.9115225957143143
7450,-1.1786777334180105,44.95926983303802,-1.7708890832066886,46.378199831064755,1.5172760231150317,48.47730591466132,3.9010608962978037,1.7862303720665211
7451,-1.2389518106527648,45.074733349670595,-1.989415491686167,46.04784297356313,1.6267367077226584,48.58755652074048,4.418902763243964,1.7243595386747468
7452,-1.336728968823882,45.14469105243275,-1.990600373893441,46.377409909593254,1.516881062379307,48.587161560004695,4.14553113391923,1.684768376382002
7453,-1.3717907212593967,45.203007708305684,-2.209916703844419,46.26676434277836,1.6263417469868835,48.69741216608383,4.541467575851886,1.6786253722913034
7454,-1.4330099766905193,45.19911453350708,,,,,,1.6239873248087429
7455,-1.6460451011893167,45.158522370928104,-1.2168713276608352,45.06190689062311,1.0790383239488006,48.14615913568822,3.8449724367729083,1.523916480233815
7456,-1.791910086578064,45.152413417425095,-1.4365826183475379,45.06111696915161,0.6408006247826193,47.815012356715094,3.449559529053165,1.4074318749963124
7457,-1.8666452684691486,45.12552585594929,-2.4197539761373035,43.519583287722696,0.42187925556736616,47.59451114455686,4.967888531552595,1.3633125020930428
7458,-1.9104144334122959,45.14116252097194,-2.089792079371475,43.410912524586564,0.20295788635216286,47.374009932398586,4.578519790186788,1.2969102998058448
7459,-1.9612351541578898,45.14254666910395,-2.2004376461863755,43.63022885453752,-0.23646469502134254,47.37243008945556,4.226258373020976,1.2174707213359504
7460,-1.9680985463248035,45.16587527444339,-2.200042685450601,43.52037320919419,-0.6762822371305726,47.48070589185596,4.24335726297275,1.1724299243533356
7461,-1.9752282520682822,45.09471502412978,-2.310293291529727,43.629833893801774,-0.89638848855305,47.58977161572782,4.204786980741505,1.136204607118296
7462,-2.017872552510549,45.10715030246754,-2.3098983307939522,43.51997824845845,-1.1164947399755274,47.69883733959968,4.345926303354936,1.1294204291315952
7463,-2.0489559016222882,45.09158832819193,-2.309503370058227,43.41012260311508,-1.6657729666923842,47.6968625359209,4.334804272828242,1.1285199312930694
7464,-2.0773277656070097,45.102004983885145,-2.1992527639791013,43.300661918507444,-1.7752336512999607,47.586611929841794,4.306873542092239,1.1158678677630725
7465,-2.06861571445914,45.15984958578425,-2.198857803243327,43.19080627316409,-1.8846943359076371,47.47636132376267,4.297054895613928,1.1467536371773352
7466,-2.0522505464612655,45.20368492080612,,,,,,1.1790483829587162
7467,-2.062785935597569,45.16981904221329,-1.978751551820849,43.08174054929221,-1.1153098577682532,47.36927040356954,4.373607642478674,1.1687671374586417
7468,-2.04498206465682,45.123387652892006,-1.8696858279489976,43.30184680071469,-1.0058491731606767,47.47952100964869,4.266049174839435,1.1625735281828187
7469,-2.0427742263160042,45.03468608111908,-2.7532705195249547,44.616954858949086,-0.7857429217381491,47.37045528577682,3.3842177011228194,1.1804258394788751
7470,-2.066145253957547,45.009032195679524,-1.3219874441751396,43.743244185766926,-0.6747023941875236,47.04128331048246,3.360958197313958,1.1443013630926875
7471,-2.0465242092378215,45.028927631550054,-1.212526759567563,43.853494791846025,-0.5640568273726727,46.821966980531535,3.038476655819477,1.1357505659450406
7472,-1.9951820655060328,45.083605082828896,-1.43342293246154,44.18227180640463,-0.45459614276504623,46.932217586610605,2.9189559226374286,1.1320220771651504
7473,-1.9452178238047126,45.144071244944755,-1.2137116417748373,44.18306172787613,-0.454991103500771,47.04207323195396,2.957972892987381,1.134126689901616
7474,-1.8966375939276676,45.2014069771363,-0.884539666480458,44.29410225542678,-0.6747023941875236,47.04128331048246,2.755183375040594,1.121635375226601
7475,-1.8608433150398853,45.20042946334205,-0.994790272559584,44.403562940034384,-0.7861378824739238,47.480310931120215,3.083814848615121,1.1258653816153723
7476,-1.8395552815035745,45.238208089066745,-2.9773263783049795,45.82457703625463,-1.006639094632176,47.69923230033542,2.7199155739058534,1.1403921176841594
7477,-1.8352401843433261,45.264401456824785,-1.2263503853189286,47.698442378863916,-0.9955801940310833,44.62327423072113,3.083814848615091,1.1417784708788965
7478,-1.824405579484603,45.335835831770275,-3.087182023648331,45.82418207551887,-1.3369959521337793,47.91775870881492,2.7287752572182997,1.1456017379509675
7479,-1.8360797094740424,45.41303190062249,-1.3373909128695043,48.027614354158274,-0.7762638640800554,44.73391979753603,3.3411506097759487,1.1405583570620068
7480,-1.815082753877455,45.48750470139224,-1.2279302282619275,48.1378649602374,-1.1070156823174337,45.06230185135886,3.077939044899288,1.131715431665755
7481,-1.8088783353897133,45.535121536584825,,,,,,1.1182720833085265
7482,-1.8305037124140813,45.58742531057424,-1.337785873605279,48.137469999501654,-1.1078056037889334,45.28201314204554,2.8647032637426384,1.1174932883500261
7483,-1.8297927117072315,45.627640344,-1.3369959521337793,47.91775870881492,-1.108200564524708,45.391868787388965,2.5362309091548356,1.1133220834596367
7484,-1.8006363784549009,45.63724003251499,-1.227140306790428,47.91815366955067,-0.8884892738380054,45.392658708860466,2.5480991579197454,1.112256592507472
7485,-1.779152130358724,45.64459744039659,,,,,,1.1115895743032684
7486,-1.743192030532918,45.64664798964257,-2.8682606544331275,46.04468328767711,-1.0054542124249017,47.36966536430529,2.2859626733114586,1.1216610660681323
7487,-1.710765192516485,45.619283936441676,-3.0875769843841057,45.93403772086223,-0.8959935278173252,47.47991597038444,2.6819354223103864,1.151055683841332
7488,-1.6778135858120997,45.57515470100635,-3.08797194511983,46.0438933662056,-1.0070340553679007,47.80908794567879,2.7287752572182997,1.191708041563707
7489,-1.662817271419315,45.50986276668923,-3.08797194511983,46.0438933662056,-1.2279302282619275,48.1378649602374,2.800798497761644,1.2194094765349726
7490,-1.66272167202095,45.461290268848735,-3.08797194511983,46.0438933662056,-1.3373909128695043,48.027614354158274,2.645691385728606,1.2246271183303827
7491,-1.6587310482788757,45.37605562883599,-3.08797194511983,46.0438933662056,-1.4476415189486302,48.1370750387659,2.6593407869931407,1.23261435930157
7492,-1.6325224916854955,45.21720218470973,-2.869050575904627,46.264394578363834,-1.7748386905642357,47.47675628449842,1.6331321307603186,1.1940054045163964
7493,-1.6599488567131895,45.14312636387571,-2.8702354581119014,46.59396151439394,-1.9949449419867133,47.5858220083703,1.322845692864312,1.1262287694473618
7494,-1.7275170198138434,45.089273492385495,-2.4331826411528943,47.2546752293972,-0.22619571589174944,44.51618331052801,3.5171194574517157,1.0975574287925633
7495,-1.777822083488532,44.97101939567979,-2.7595898912970007,46.37464518444298,-0.11634007054834818,44.51657827126376,3.2309723410668445,1.0643874692719952
7496,-1.7863372189353555,44.93842746335195,-2.760774773504275,46.70421212047306,-0.22738059809902358,44.84575024655813,3.141968584307091,1.056472967392628
7497,-1.788301444741027,44.94193247569977,-2.4319977589456707,46.92510829336706,-0.5569475341291276,44.844565364350885,2.800798497761634,1.0663161313833807
7498,-1.8178738866417565,45.01294427262699,-2.541063482817572,46.70500204194456,-0.5573424948649023,44.95442100969426,2.6456913857285804,1.0557307393799555
7499,-1.7943243755936271,45.036147836545155,-2.4319977589456707,46.92510829336706,-0.44788181025722573,45.064671615773385,2.7199155739058383,1.0394077541087994
