t,msd
0.05,0.06636467507969021
0.15000000000000002,0.1926793902066138
0.25,0.3431453570591232
0.35000000000000003,0.51861485631072
0.45,0.67350285074912
0.55,0.8441588436971561
0.6500000000000001,1.033236318493105
0.7500000000000001,1.1772730818900545
0.8500000000000001,1.3668696192411278
0.9500000000000001,1.5143836701433286
1.05,1.6900398929438578
1.1500000000000001,1.8915250226347213
1.2500000000000002,2.0347779723750143
1.35,2.258095421095158
1.4500000000000002,2.427191870742025
1.55,2.6264905113453336
1.6500000000000001,2.8589682156824994
1.7500000000000002,3.010481948995138
1.85,3.2772316304198266
1.9500000000000002,3.481623450763558
2.05,3.7166523181546864
2.15,3.992706068171051
2.25,4.152171339639172
2.35,4.479452112386668
2.45,4.683442981755768
2.55,4.932930201264138
2.65,5.2327023794709
2.75,5.381831582609332
2.85,5.749900660399644
2.95,5.972509396152492
3.05,6.243703429313091
3.15,6.583212465550493
3.25,6.729858605288598
3.35,7.159195854263243
3.45,7.396173990884104
3.55,7.688055488797204
3.65,8.064556218670138
3.75,8.209396310642832
3.85,8.689419803178279
3.95,8.944447116314713
4.05,9.256979203154954
4.15,9.65705341091024
4.25,9.814018934848972
4.35,10.34970965556901
4.45,10.62224889265353
4.55,10.946085253008953
4.65,11.398008464701077
4.75,11.525971911639324
4.8500000000000005,12.101222831201541
4.95,12.397641284107754
5.05,12.731314609630768
5.15,13.224012737721818
5.25,13.335001297685329
5.3500000000000005,13.980786268862348
5.45,14.28223242267248
5.55,14.626003119035456
5.65,15.155409243823932
5.75,15.241590052369924
5.8500000000000005,15.933736847551113
5.95,16.25478820228016
6.05,16.594715322658708
6.15,17.157016986135208
6.25,17.21400952896523
6.3500000000000005,17.971394294422886
6.45,18.30660723072207
6.55,18.65022914001254
6.65,19.251986190313357
6.75,19.300581141861255
6.8500000000000005,20.093061143071193
6.95,20.46058625779272
7.05,20.80399506947903
7.15,21.432737307168097
7.25,21.46035200382413
7.3500000000000005,22.304022282523853
7.45,22.68609668251995
7.55,23.01263089887216
7.65,23.682762140542795
7.75,23.695352330846948
7.8500000000000005,24.5876322079665
7.95,25.007683054525142
8.05,25.324844453973657
8.15,26.028228070655345
8.250000000000002,25.989739314899055
8.350000000000001,26.987389793284024
8.450000000000001,27.44012888772896
8.55,27.75407150703839
8.65,28.48075944019762
8.750000000000002,28.46173396965457
8.850000000000001,29.465479517548758
8.950000000000001,29.93261699376718
9.05,30.22548200060686
9.15,31.006417143653113
9.250000000000002,30.957419852148867
9.350000000000001,32.02865715350853
9.450000000000001,32.51572748849192
9.55,32.81040222023347
9.650000000000002,33.60907343901414
9.750000000000002,33.52612321306779
9.850000000000001,34.662307790604984
9.950000000000001,35.17595765981618
10.05,35.445303636452934
10.150000000000002,36.28240379853603
10.250000000000002,36.15437554861048
10.350000000000001,37.36233811719164
10.450000000000001,37.87948449861468
10.55,38.12580437828141
10.650000000000002,39.01513192116904
10.750000000000002,38.84889483382472
10.850000000000001,40.09867439833779
10.950000000000001,40.6803064737082
11.05,40.88917092591055
11.150000000000002,41.81654288928536
11.250000000000002,41.59625323138644
11.350000000000001,42.91299095965621
11.450000000000001,43.52185971664476
11.55,43.71297316686527
11.650000000000002,44.67800041514315
11.750000000000002,44.41278156672877
11.850000000000001,45.8784481613224
11.950000000000001,46.440169716772445
12.05,46.60048543918246
12.150000000000002,47.614387760660456
12.250000000000002,47.31114320863485
12.350000000000001,48.78469119383317
12.450000000000001,49.39680545269499
12.55,49.56471124434995
12.650000000000002,50.30616073458346
12.750000000000002,50.2291420401207
12.850000000000001,51.781341936104006
12.950000000000001,52.411744150997414
13.05,52.50311664134958
13.150000000000002,53.615650509638726
13.250000000000002,53.20542815382548
13.350000000000001,54.818570747470886
13.450000000000001,55.463668676277884
13.55,55.527397460507494
13.650000000000002,56.67250304523096
13.750000000000002,56.202578300243694
13.850000000000001,57.86189614682752
13.950000000000001,58.4894571830912
14.05,58.590879553784546
14.150000000000002,59.779912661258386
14.250000000000002,59.237935521960665
14.350000000000001,60.983309456202235
14.450000000000001,61.618303732882865
14.55,61.638844319767216
14.650000000000002,62.90982073875677
14.750000000000002,62.30829825946653
14.850000000000001,64.08332825892792
14.950000000000001,64.73607484655302
15.05,62.475351832078964
15.150000000000002,66.04600403553648
15.250000000000002,65.35847021618069
15.350000000000001,67.22645776339769
15.450000000000001,67.85995803804339
15.55,67.80682584139865
15.650000000000002,69.12778691825815
15.750000000000002,68.46410764096274
15.850000000000001,70.35178882336507
15.950000000000001,70.97687507092276
16.05,70.87227732826699
16.150000000000002,72.2307707329191
16.25,71.52929437800229
16.35,73.50115532533667
16.450000000000003,73.99799214083963
16.55,74.03013990388479
16.650000000000002,75.41792335129082
16.75,74.63061096630415
16.85,76.62989973738615
16.950000000000003,77.14481375857902
17.05,77.13684365473985
17.150000000000002,78.56720718958081
17.25,77.75211389190243
17.35,79.80643991607879
17.450000000000003,80.31644824378422
17.55,80.266168756873
17.650000000000002,81.69413729991459
17.75,80.86145762119608
17.85,82.9702906313937
17.950000000000003,83.52572018392041
18.05,83.41921151508313
18.150000000000002,84.89929499449254
18.25,84.04045509759064
18.35,86.18734245470759
18.450000000000003,86.66247141781194
18.55,86.55887540618937
18.650000000000002,88.05178313283044
18.75,87.17155244149625
18.85,89.31706321857061
18.950000000000003,89.86112380128789
19.05,89.66091425867617
19.150000000000002,91.23306310765385
19.250000000000004,90.30811577924764
19.35,92.47835904034858
19.450000000000003,93.01116717421162
19.55,92.88174971535479
19.650000000000002,94.4508899196774
19.750000000000004,93.46056027598823
19.85,95.66932579790624
19.950000000000003,96.2006609660247
20.05,95.9658490163249
20.150000000000002,97.56763566180874
20.250000000000004,96.62525507016683
20.35,98.80534866854539
20.450000000000003,99.38474991636437
20.55,99.1457076565091
20.650000000000002,100.76530752486353
20.750000000000004,99.81409848680622
20.85,102.01714948058483
20.950000000000003,102.56289101225377
21.05,102.2720629647927
21.150000000000002,103.98377533839842
21.250000000000004,103.02082497684837
21.35,105.26209566053964
21.450000000000003,105.80991470285245
21.55,105.48355527243892
21.650000000000002,107.14762699802853
21.750000000000004,106.20176593389698
21.85,108.41907052422376
21.950000000000003,109.00170669548993
22.05,108.60360895056753
22.150000000000002,110.36288661314009
22.250000000000004,109.40039211169179
22.35,111.59820626164286
22.450000000000003,112.1260322273224
22.55,111.76574271635644
22.650000000000002,113.52419061006445
22.750000000000004,112.57582031464985
22.85,114.80175050530202
22.950000000000003,115.3876721449945
23.05,114.94941418016857
23.150000000000002,116.71498776334536
23.250000000000004,115.76391448454274
23.35,117.97543879856008
23.450000000000003,118.58000851447741
23.55,118.11127896047662
23.650000000000002,119.91254624721573
23.750000000000004,119.00748355539113
23.85,121.15904988194528
23.950000000000003,121.73682181665902
24.05,121.18602369951508
24.150000000000002,123.06474842106404
24.250000000000004,122.17879412109384
24.35,124.33769716964731
24.450000000000003,124.94692627548231
24.55,124.39301304739566
24.650000000000002,126.23012237910807
24.750000000000004,125.36934544091349
24.85,127.42312699442178
24.950000000000003,128.0843225782292
25.05,127.51027519511275
25.150000000000002,129.20789639641325
25.250000000000004,128.50012290711408
25.35,130.65129293955988
25.450000000000003,131.2821506643488
25.55,130.6525655278277
25.650000000000002,133.0142022770168
25.750000000000004,131.63546012081554
25.85,133.81063767395716
25.950000000000003,134.46309210077976
26.05,133.77907717400123
26.150000000000002,135.80646942067898
26.250000000000004,134.77365698241002
26.35,136.95640820749992
26.450000000000003,137.5053101893908
26.55,136.7765266651964
26.650000000000002,138.8830296029257
26.750000000000004,137.84132094575574
26.85,140.01296336763963
26.950000000000003,140.72488724057223
27.05,139.9240770793915
27.150000000000002,142.0166480124049
27.250000000000004,140.93819100390448
27.35,143.038331406804
27.450000000000003,143.78734268337675
27.55,142.9482311504056
27.650000000000002,145.0820191051088
27.750000000000004,144.0132019291988
27.85,146.15834793822216
27.950000000000003,146.87835912539174
28.05,145.91691168829755
28.150000000000002,148.07728094005063
28.250000000000004,147.0052388848606
28.35,149.0850535270139
28.450000000000003,149.84875427869153
28.55,148.94387215792347
28.650000000000002,151.11434362888036
28.750000000000004,150.115666515548
28.85,152.14739254702164
28.950000000000003,152.86628807252623
29.05,151.89755568614666
29.150000000000002,154.1488547469584
29.250000000000004,153.08324187018178
29.35,155.06965926325248
29.450000000000003,155.91113444491592
29.55,154.90226629159966
29.650000000000002,157.09710570095265
29.750000000000004,157.09205253886142
29.85,158.01173832070498
29.950000000000003,158.84376969742326
30.05,157.78818863210313
30.150000000000002,160.0609748117391
30.250000000000004,159.9986545187442
30.35,160.97738769338613
30.450000000000003,161.77346504608494
30.55,160.6363734044083
30.650000000000002,163.0174808161939
30.750000000000004,162.0642953515273
30.85,163.8410756573452
30.950000000000003,164.75544772939907
31.05,163.5745234303085
31.150000000000002,165.89261764712407
31.250000000000004,164.91047320266628
31.35,166.65707644875297
31.450000000000003,167.51089852903945
31.55,166.36384021764047
31.650000000000002,168.67335392383913
31.750000000000004,167.76422883615976
31.85,169.4517906448705
31.950000000000003,170.38101766102037
32.05,169.03281044617563
32.15,171.4950787280575
32.25,170.13427883483666
32.35,172.5997678244042
32.449999999999996,173.30390769501696
32.55,171.65601135235195
32.65,174.2633745540839
32.75,172.9663960886031
32.85,175.30666913596355
32.949999999999996,175.98941669352533
33.05,174.27789464468626
33.15,176.96318792722676
33.25,175.72434960269536
33.35,178.0428605389645
33.449999999999996,178.8448879849057
33.55,177.13497789699272
33.65,179.72242857030045
33.75,178.45316596726212
33.85,180.80579518094953
33.949999999999996,181.60590831471964
34.05,179.81810820041596
34.15,182.4097410903371
34.25,180.33069871027288
34.35,183.5980425438964
34.449999999999996,184.2925071673071
34.55,182.4748424607714
34.65,185.13115017144548
34.75,183.93753671973383
34.85,186.26945243934648
34.949999999999996,187.11468273512995
35.05,185.23717165119055
35.15,187.91036344822626
35.25,186.66391425751988
35.35,188.879984202419
35.449999999999996,189.76525074281165
35.55,187.8841301412417
35.65,190.5316693212656
35.75,189.37733881928938
35.85,191.55863319091122
35.949999999999996,192.44883872276
36.05,190.39229141946353
36.15,193.00126600188693
36.25,191.91504152711886
36.35,194.0774590366301
36.449999999999996,195.0878729443549
36.55,192.9009699228081
36.65,195.69420828605402
36.75,194.60396995859256
36.85,196.65985107372904
36.949999999999996,197.57572320898925
37.05,195.4968209112382
37.15,198.11440542415798
37.25,196.86636698565056
37.35,199.2138221018023
37.449999999999996,200.15108470900432
37.55,198.06530548251746
37.65,200.60135488379734
37.75,199.57281269347496
37.85,201.5822923459056
37.949999999999996,202.57431932592044
38.05,200.4992564059407
38.15,203.09870982030688
38.25,202.0682212134906
38.35,204.0477617402064
38.45,205.0790688262315
38.55,202.8822096089789
38.65,205.50066900591224
38.75,204.54800855479374
38.85,206.46342659100628
38.95,207.50191577278662
39.05,205.11957313239168
39.15,207.83805834526913
39.25,206.89115892784213
39.35,208.77654909326154
39.45,209.880724461471
39.55,207.63114249023081
39.65,210.1250057860645
39.75,209.3727794666773
39.85,211.0149539963414
39.95,212.26959983031853
40.05,209.9245742206178
40.15,212.44228827622942
40.25,211.72744638644357
40.35,213.29730008141607
40.45,214.54821955214103
40.55,212.26247685139575
40.65,214.717405779057
40.75,214.1642645988568
40.85,215.61561522468276
40.95,216.96933477745893
41.05,214.6703652618042
41.15,217.10434887741755
41.25,216.64567714117248
41.35,218.12954428295134
41.45,219.39625015116715
41.55,217.19703299369544
41.65,219.48850871017788
41.75,219.09079350520113
41.85,220.5251266405575
41.95,221.91190061426101
42.05,219.60524652891127
42.15,222.01265963630198
42.25,221.677573617015
42.35,223.00580631711006
42.45,224.28894039118697
42.55,221.96425728517767
42.65,224.30417694829274
42.75,224.08928591992378
42.85,225.2855731030047
42.95,226.6925340134991
43.05,224.35216402096142
43.15,226.71949676141702
43.25,226.4659549495053
43.35,227.53972739330885
43.45,229.0744499272121
43.55,226.7730160309586
43.65,229.0342892824438
43.75,228.88643601129212
43.85,229.86554355238718
43.95,231.37614652019798
44.05,228.87756556842598
44.15,231.12673140279398
44.25,231.21000841129793
44.35,232.03139220919957
44.45,233.62235205787204
44.55,231.29503711535176
44.65,233.45929865228752
44.75,233.6127121335063
44.85,234.30332643660992
44.95,235.87620477720554
45.05,233.5404316093422
45.15,235.68568962587528
45.25,235.93539548197313
45.35,236.53980890721112
45.45,238.14071424944052
45.55,235.8318207706327
45.65,237.6996958052996
45.75,235.29758158741757
45.85,238.67050911829847
45.95,240.35531050579223
46.05,238.00761867007745
46.15,239.97347153339712
46.25,240.47705521653123
46.35,240.9338367181916
46.45,242.59140634031738
46.55,240.15850849086226
46.65,242.11416110413887
46.75,242.80070803715427
46.85,243.0602204954097
46.95,244.81145432342527
47.05,242.49553896645202
47.15,244.3428701389971
47.25,245.0028939707694
47.35,245.10571437719386
47.45,247.00815093214086
47.55,244.5980536002458
47.65,246.38688708741924
47.75,247.36805359866324
47.85,247.26154677209553
47.95,249.19015726417013
48.05,246.81795004742023
48.15,248.57364669353282
48.25,249.70059600953616
48.35,249.4442531799448
48.45,251.4564379271901
48.55,249.03616750326552
48.65,250.73211869264415
48.75,251.98673420430103
48.85,251.38695157002587
48.95,253.43529064148245
49.05,251.07586772928187
49.15,252.7542899941365
49.25,254.18731973687514
49.35,253.55115055773894
49.45,255.6971195909123
49.55,253.27906119905222
49.65,254.75007525658955
49.75,256.26946479255923
49.85,255.49812507575842
49.95,257.7376347372106
50.05,255.3702996951338
50.15,256.6859409812278
50.25,258.4994707891607
50.35,257.6287018509666
50.45,259.62347064875036
50.55,258.3193432682951
50.65,258.5579442974808
50.75,260.6001209326644
50.85,259.54110778215403
50.95,261.80358535026454
51.05,259.34612931360016
51.15,260.7387138660948
51.25,262.70721413688614
51.35,262.4345060399579
51.45,262.23285515255344
51.55,261.3965285252834
51.65,262.55422138054735
51.75,264.83173018067293
51.85,264.72391942536814
51.95,264.18144372910825
52.05,263.2540417207733
52.15,264.31288314381607
52.25,266.7405941210727
52.35,266.5672811644611
52.45,265.7327820199569
52.55,265.2732883245084
52.65,266.2155168737467
52.75,268.9391610452631
52.85,268.3855738912719
52.95,267.9079602420741
53.05,267.1112584182709
53.15,268.1144048893717
53.25,270.9637037312092
53.35,270.26446232844694
53.45,269.87161541467236
53.55,269.11416725103
53.65,269.8037479606345
53.75,272.8315343996786
53.85,272.01044824201847
53.95,271.7065942591614
54.05,270.90234065296477
54.15,271.6626233079408
54.25,274.8428599135247
54.35,273.90079810193214
54.45,273.54343892277444
54.55,273.00998079157284
54.65,273.3455600199289
54.75,276.98376672174004
54.85,275.6461204003367
54.95,275.4965490083419
55.05,274.62100765638945
55.15,275.19584798739476
55.25,278.68111981151975
55.35,276.85736226181643
55.45,277.1028541458302
55.55,275.26542185551915
55.65,276.8737551663474
55.75,280.7808729777972
55.85,278.96825872731335
55.95,278.96596690202904
56.05,278.04487206508725
56.15,278.46411541627936
56.25,282.69192516544416
56.35,280.7095241335644
56.45,280.8145868377445
56.55,279.96234002696906
56.65,280.3169973514152
56.75,284.6259935148343
56.85,282.31285664281916
56.95,282.4741219456896
57.05,281.62465356001576
57.15,281.80783477166256
57.25,286.39371223293784
57.35,284.082064353587
57.45,284.25510241820314
57.55,283.49465541941976
57.65,283.4649434414291
57.75,288.45790279133126
57.85,285.2640494671335
57.95,286.0614160724878
58.05,285.23462212973
58.15,285.25473698014366
58.25,290.2568805220291
58.35,287.42249901974304
58.45,287.65322891444504
58.55,286.87865979785545
58.65,286.72859738761906
58.75,292.20026025448186
58.85,289.0617251552651
58.95,289.56403551060055
59.05,288.6341344468366
59.15,288.4436891253468
59.25,294.09493347701476
59.35,290.5915360720622
59.45,291.3053124980357
59.55,290.5393928548561
59.65,290.1979269942405
59.75,296.14183721187317
59.85,292.38972537865453
59.95,293.1478395592087
60.05,292.1317487811275
60.15,291.7092812176507
60.25,297.9085550836339
60.35,293.9037395932479
60.45,294.6553398389659
60.55,293.93149863678894
60.65,293.44248457232993
60.75,299.86286322438417
60.85,295.5650881518494
60.95,296.49403060213706
61.05,295.6443104130707
61.15,295.0929202264191
61.25,300.26374490184105
61.35,297.1991764720367
61.45,298.2634267593029
61.55,297.4205535693334
61.65,296.61049797674264
61.75,303.3544048676493
61.85,298.72062950287847
61.95,299.9674750493354
62.05,298.9572888676315
62.15,298.26257606661
62.25,305.33372111836337
62.35,300.5168302485635
62.45,301.8720247943222
62.55,300.8508406152508
62.65,300.0359301596694
62.75,307.3614367837184
62.85,302.18312000106164
62.95,303.65922696234776
63.05,302.58234849978624
63.15,301.7749005590379
63.25,309.0745732441312
63.35,303.64611141451036
63.45,305.3454464883416
63.55,304.114910781403
63.65,303.27456996724857
63.75,311.0218108090348
63.85,305.36614300176217
63.95,307.2200685977505
64.05,304.7855548417116
64.15,306.34092653759694
64.25,312.3717753759371
64.35,307.0167065138667
64.45,309.67145190786147
64.55,306.06705273930885
64.65,307.9191276977912
64.75,314.30516461473854
64.85,308.3647584132104
64.95,311.1763534431646
65.05,307.59924273468454
65.15,309.3957728774712
65.25,315.9293410021161
65.35,309.99570728560036
65.45,312.95775480524054
65.55,309.3885199027265
65.65,311.06440119434774
65.75,317.82806836147586
65.85,311.6406825277778
65.95,314.9090327285127
66.05,311.1146438073972
66.15,312.67158443465274
66.25,319.8010386654312
66.35,313.35336065209873
66.45,316.4020016699652
66.55,312.6592924433841
66.65,314.06889738761043
66.75,321.4968732075233
66.85,314.87752343044195
66.95,318.2817493168671
67.05,314.4341708804935
67.15,315.9322514730024
67.25,323.4713572605093
67.35,316.41701517246344
67.45,320.03265586450755
67.55,316.1795181800344
67.65,317.57767799114794
67.75,325.41584468679156
67.85,318.19250437547254
67.95,321.86494235551544
68.05,317.7392585965178
68.15,319.01931654547957
68.25,327.1379309176943
68.35,319.70148792153026
68.45,323.6343887632937
68.55,319.4863330176398
68.65,320.61159329552163
68.75,329.1298272251847
68.85,321.4294118995294
68.95,325.4218749346752
69.05,321.40657662423826
69.15,322.4482020214609
69.25,331.0380411408275
69.35,323.11072386554065
69.45,327.410131434962
69.55,323.32097177992006
69.65,324.00327967683234
69.75,332.8812916383364
69.85,324.5612836430642
69.95,329.0073836181211
70.05,324.97200169216154
70.15,325.7846845551098
70.25,334.87203827058244
70.35,326.52924147380446
70.45,330.9175915753023
70.55,326.65983043062545
70.65,327.40962747484855
70.75,336.9220411521464
70.85,328.0544697362668
70.95,332.79923028041514
71.05,328.6316711989155
71.15,324.89285739068913
71.25,338.6836258013763
71.35,329.82262276090887
71.45,334.54888160641855
71.55,330.2612019805134
71.65,330.86604977331007
71.75,340.80062067476354
71.85,331.55770072027696
71.95,336.49180769199893
72.05,332.214240120965
72.15,327.882180808065
72.25,342.8744251367419
72.35,333.4242701295197
72.45,338.5626638675459
72.55,334.1835154200749
72.65,334.5872823939343
72.75,344.9533879534179
72.85,335.15525666425776
72.95,340.4512493405536
73.05,335.9124264797938
73.15,336.23738447026636
73.25,346.8790454621888
73.35,337.062445632096
73.45,342.24320514259523
73.55,337.99104115121287
73.65,338.1864334890846
73.75,348.9746429968949
73.85,338.8218058290092
73.95,344.49663326045817
74.05,340.0061123407614
74.15,339.9751006506399
74.25,351.0557755748932
74.35,340.083742865072
74.45,346.22064772564744
74.55,342.19196452107377
74.65,341.6879895775954
74.75,353.1268919427222
74.85,342.4318981827176
74.95,347.95520649513577
75.05,343.8588316821077
75.15,343.85534458589433
75.25,355.4172444343227
75.35,344.38347261187886
75.45,350.4675085060612
75.55,345.9364582545641
75.65,345.70122901503044
75.75,357.64317679765156
75.85,346.5488873934267
75.95,352.2451456080485
76.05,347.8302467488867
76.15,347.61922625122213
76.25,359.69736479774565
76.35,348.2952633902582
76.45,354.614567969029
76.55,349.9623065918419
76.65,349.44266996326513
76.75,361.9849476562088
76.85000000000001,350.215895239162
76.95,356.7093492813807
77.05,352.0951380534384
77.15,351.6224481517325
77.25,364.1490665493992
77.35000000000001,352.29970550156077
77.45,358.8527810913723
77.55,354.20511499227644
77.65,353.3402985467211
77.75,366.1653789795055
77.85000000000001,354.1501047089713
77.95,360.7784213777268
78.05,356.2063805670166
78.15,355.3868018397669
78.25,368.60688935533125
78.35000000000001,356.3765662513693
78.45,363.1082684559443
78.55,358.404677369352
78.65,357.5486009071377
78.75,370.8992834857126
78.85000000000001,358.31604582108514
78.95,365.33585753449245
79.05,360.6167257149335
79.15,365.4259856886224
79.25,373.0412030376478
79.35000000000001,360.1295955319342
79.45,367.2475677315032
79.55,362.52814982380386
79.65,361.88343062718985
79.75,375.4397428822627
79.85000000000001,362.42076105147163
79.95,369.6820419436954
80.05,364.82481403767275
80.15,363.3884100342907
80.25,377.6271056295846
80.35000000000001,364.27831329596614
80.45,371.86668179654583
80.55,367.1156339056171
80.65,365.64860640249253
80.75,380.0089094975658
80.85000000000001,366.33877409597784
80.95,373.85493915836355
81.05,369.2052871162789
81.15,367.75631640962956
81.25,382.3354523633616
81.35000000000001,368.6016123707667
81.45,376.24216279960615
81.55,371.52443556104015
81.65,369.7933133743981
81.75,384.5004908161552
81.85000000000001,370.61104239141343
81.95,378.4665850181538
82.05,373.74870955442924
82.15,372.02117528091526
82.25,386.9192294115641
82.35000000000001,372.8655441496623
82.45,380.60323230257075
82.55,375.94419725438917
82.65,359.0605875403948
82.75,389.0530792681256
82.85000000000001,374.99210659972186
82.95,382.98052671004723
83.05,378.20795016124544
83.15,376.4216524327616
83.25,391.79715374916145
83.35000000000001,377.00744824142896
83.45,386.564830331322
83.55,380.8289333600537
83.65,378.6580728518993
83.75,387.66229242002686
83.85000000000001,379.40834012077033
83.95,387.89173494030246
84.05,382.91490148357923
84.15,380.6106929770287
84.25,396.4668875503586
84.35000000000001,381.6662983944087
84.45,390.2322405128113
84.55,385.5510389127448
84.65,383.03880571834463
84.75,399.30391349389157
84.85000000000001,383.9811617153836
84.95,392.55710728321384
85.05,387.8829909099033
85.15,385.6560046157399
85.25,401.6026119515436
85.35000000000001,386.36252157513866
85.45,395.1851544093784
85.55,390.6650449675965
85.65,387.73234483230635
85.75,404.1075402857996
85.85000000000001,388.4693275006434
85.95,397.5479541996034
86.05,393.0029644710924
86.15,390.06797804251545
86.25,406.66448284968675
86.35000000000001,390.91758865158744
86.45,399.95804840098447
86.55,395.3196157429824
86.65,392.3480948585851
86.75,409.0663309259629
86.85000000000001,393.24512088729244
86.95,402.29139398796076
87.05,397.7245871226681
87.15,394.8241246824594
87.25,411.35098696788054
87.35000000000001,395.6704567612385
87.45,405.0544561357237
87.55,400.24261566054963
87.65,397.1892616306637
87.75,413.9461425533895
87.85000000000001,398.0588286187737
87.95,407.5739625447607
88.05,403.0157537605604
88.15,399.5950300677824
88.25,416.87442709298557
88.35000000000001,400.61212220898045
88.45,409.867466727919
88.55,405.51526861351994
88.65,402.24080114245317
88.75,419.47031198045903
88.85000000000001,402.7218620346023
88.95,412.2345911642262
89.05,407.65173704881
89.15,404.35472265675844
89.25,421.9391605632274
89.35000000000001,405.3646174970453
89.45,414.8887532192331
89.55,410.51218557353445
89.65,406.88035099597295
89.75,424.4522538400578
89.85000000000001,408.07094688377805
89.95,417.7078495748542
90.05,413.2213270615356
90.15,409.54104381303216
90.25,427.22462165725415
90.35000000000001,410.6632612341657
90.45,420.03530686181716
90.55,415.6848768748527
90.65,411.8584008023892
90.75,430.0232187422145
90.85000000000001,412.8164103538241
90.95,422.6462575132056
91.05,418.02869226072124
91.15,414.21340503519605
91.25,432.12782741267205
91.35000000000001,415.22128044408385
91.45,425.1656820490722
91.55,420.9830393555919
91.65,416.95739298219235
91.75,434.91052311317446
91.85000000000001,417.83596184656636
91.95,426.52642605209667
92.05,423.15498070456084
92.15,418.930066228145
92.25,437.4301784817589
92.35000000000001,419.9462058934254
92.45,430.08581465532166
92.55,425.9363907963868
92.65,421.64744250182775
92.75,440.11766498246453
92.85000000000001,422.64049666300673
92.95,432.77164612997956
93.05,428.46884475384616
93.15,424.20564269265077
93.25,442.1300091901186
93.35000000000001,425.1248559154013
93.45,435.4611853758718
93.55,431.4468997204014
93.65,426.5650330803519
93.75,445.0271881359529
93.85000000000001,427.5425127937003
93.95,437.8052149085114
94.05,433.56195893378253
94.15,429.0658993574906
94.25,448.37452959049
94.35000000000001,430.13312468279145
94.45,440.0870052164771
94.55,436.29218166651697
94.65,431.73933203501673
94.75,450.43376070794267
94.85000000000001,431.8534539553093
94.95,443.2916135078676
95.05,439.261278969373
95.15,434.01027025537815
95.25,452.7674792088894
95.35000000000001,434.890143439841
95.45,445.44526649002916
95.55,441.4827730100105
95.65,436.5119589529467
95.75,454.9200911619677
95.85000000000001,437.5161785946511
95.95,448.3066106737108
96.05,444.12671882966805
96.15,439.11788112639374
96.25,458.1480081314396
96.35000000000001,440.2983548363685
96.45,450.7381480140552
96.55,447.0003475147084
96.65,440.630124408299
96.75,460.8298525862281
96.85000000000001,442.35290766362533
96.95,453.11123940502597
97.05,449.1697553307391
97.15,444.00023505995466
97.25,463.03185415553435
97.35000000000001,444.9965347892555
97.45,455.53729404699214
97.55,451.66328462335144
97.65,446.2281820017919
97.75,465.43251286917564
97.85000000000001,447.3628214789477
97.95,458.02049858918247
98.05,454.46747313388533
98.15,448.7788327157997
98.25,468.33299123855994
98.35000000000001,450.0371777399121
98.45,460.45139286492724
98.55,456.95768402894225
98.65,451.1286852479434
98.75,470.5495122378801
98.85000000000001,452.45500224815083
98.95,463.18463122592647
99.05,459.8842039417407
99.15,453.7048673076756
99.25,473.3995190570415
99.35000000000001,454.8085883813081
99.45,465.8435625496232
99.55,462.328137295929
99.65,456.8551184072999
99.75,476.05666462698986
99.85000000000001,457.38968192168886
99.95,468.3652422364609
100.05,464.67517658881366
100.15,458.81956192349145
100.25,478.54231294378377
100.35000000000001,458.4152445220556
100.45,471.0529056520946
100.55,467.7241250947178
100.65,461.4567490163873
100.75,481.5120474773568
100.85000000000001,462.30098465772727
100.95,473.4150943136077
101.05,476.0107807871571
101.15,463.962109459444
101.25,484.03608323116555
101.35000000000001,465.1155345719723
101.45,476.03727778979675
101.55,472.879388421777
101.65,466.37787777690966
101.75,485.92443389535083
101.85000000000001,465.82634506001824
101.95,478.3940165286562
102.05,475.4972272756933
102.15,469.9347027347054
102.25,491.76711204254025
102.35000000000001,470.19485432188617
102.45,481.0975416273286
102.55,477.9813617714821
102.65,471.4670141230926
102.75,482.45858514928915
102.85000000000001,481.3133084026495
102.95,483.7425540725939
103.05,480.59835283985444
103.15,474.3428659291842
103.25,484.73081577923216
103.35000000000001,483.9047865211943
103.45,486.08860123745006
103.55,483.1718884862329
103.65,476.69144170747376
103.75,487.5916394951682
103.85000000000001,486.6484793212977
103.95,489.3032763459924
104.05,485.99311133384356
104.15,479.1407449973227
104.25,490.37901788898836
104.35000000000001,489.48983655712414
104.45,491.5828304540707
104.55,488.9335538325631
104.65,482.0395263434739
104.75,493.0012091673832
104.85000000000001,491.70929730288407
104.95,494.14804031457896
105.05,491.38630046397054
105.15,476.1273526328449
105.25,495.4496831414497
105.35000000000001,494.5797163474449
105.45,496.6228910059256
105.55,493.77077776304736
105.65,487.07105328132445
105.75,497.9479018980872
105.85000000000001,497.27351182194957
105.95,499.6403450475378
106.05,494.09128866979313
106.15,489.8731944836244
106.25,500.7130530398209
106.35000000000001,500.1120316054597
106.45,501.82728331177714
106.55,499.148268548787
106.65,491.8578830650747
106.75,502.9854638699382
106.85000000000001,502.4571190464802
106.95,504.5963126832557
107.05,501.6911056019668
107.15,495.75615099385163
107.25,505.8196295189835
107.35000000000001,505.2294955785274
107.45,507.2547977053022
107.55,504.451722016595
107.65,497.27002587073764
107.75,508.59243296930697
107.85000000000001,507.8190634789076
107.95,512.4159145917495
108.05,507.15910515632453
108.15,499.8602297930789
108.25,511.0049534600816
108.35000000000001,510.4374691122814
108.45,512.4771369767741
108.55,509.7452203385476
108.65,502.5652021530864
108.75,513.6801262800428
108.85000000000001,512.6525494143217
108.95,515.310386435882
109.05,512.5755261381768
109.15,505.3090928701467
109.25,516.445204017093
109.35000000000001,516.0011714840464
109.45,517.9353078782416
109.55,515.407357692948
109.65,507.3011248059372
109.75,518.818544865037
109.85000000000001,518.5138338889493
109.95,520.4491627908327
110.05,518.077229817964
110.15,510.2201566457401
110.25,521.6550662059785
110.35000000000001,521.4296292477962
110.45,523.192099568785
110.55,520.7864231413698
110.65,513.1241650598107
110.75,524.4385704954442
110.85000000000001,524.0465089032077
110.95,526.0392638093724
111.05,523.58675643072
111.15,515.8722960384056
111.25,526.399969295769
111.35000000000001,526.2410780480967
111.45,528.1232500875503
111.55,525.6743522512506
111.65,518.2645765487513
111.75,529.8458029947699
111.85000000000001,529.3150794112088
111.95,531.1613111585988
112.05,528.6181156480927
112.15,520.8838881220722
112.25,532.3240080361642
112.35000000000001,531.9281517155713
112.45,533.9094392804514
112.55,531.427096606319
112.65,523.6423978628208
112.75,535.0889259147586
112.85000000000001,534.2516975394507
112.95,536.1871460753673
113.05,533.8060449767954
113.15,525.9983545676002
113.25,537.5518246027976
113.35000000000001,537.0906512131382
113.45,538.9520970681413
113.55,536.7426818682227
113.65,528.5214847663264
113.75,540.0365180577428
113.85000000000001,539.6150697013561
113.95,541.4923760207196
114.05,539.4097089135709
114.15,531.3417504066471
114.25,542.6141032327325
114.35000000000001,542.3691592053348
114.45,543.714371977963
114.55,541.5997444945508
114.65,533.3228857802978
114.75,545.1953078800553
114.85000000000001,544.8375131739563
114.95,546.5361880782401
115.05,543.9396007056156
115.15,535.7945041163684
115.25,547.3967875919456
115.35000000000001,547.0614892031316
115.45,548.4709164628367
115.55,546.5876640926668
115.65,538.3967479082197
115.75,549.7061319674564
115.85000000000001,549.4491139716199
115.95,551.4539155012426
116.05,548.6984480450842
116.15,540.5166232168783
116.25,552.1682164256948
116.35000000000001,551.8507494116785
116.45,553.4158589506275
116.55,551.5461468786294
116.65,542.8999443346519
116.75,554.6065975603456
116.85000000000001,554.4008725357439
116.95,556.04694943002
117.05,554.0072860780753
117.15,545.4173817810598
117.25,557.2537702269088
117.35000000000001,556.8544572520507
117.45,558.2664856326834
117.55,556.2378294937722
117.65,547.0229787239266
117.75,558.8818257362558
117.85000000000001,558.4942767890941
117.95,560.1604138731518
118.05,558.5801217209212
118.15,549.6299142593622
118.25,561.3291810176282
118.35000000000001,561.1788210677347
118.45,562.6015742644431
118.55,560.3437802759458
118.65,551.9129574927878
118.75,563.9836731596321
118.85000000000001,563.8109865344225
118.95,565.1195700526891
119.05,563.3731317000942
119.15,554.4717758407726
119.25,565.8461824204941
119.35000000000001,565.7212070582374
119.45,566.7660853237534
119.55,565.1055431073737
119.65,556.1279133871143
119.75,568.1080148618079
119.85000000000001,568.5490719561446
119.95,569.6160715441824
120.05,572.2019667863666
120.15,558.5612788741627
120.25,570.4379023738
120.35000000000001,570.3073295650164
120.45,571.6626428494498
120.55,570.1649620948617
120.65,560.8356853228552
120.75,573.5202117732813
120.85000000000001,571.8925402690954
120.95,573.3426352318373
121.05,572.1266629379761
121.15,562.4655143998367
121.25,574.4386362906046
121.35000000000001,574.3995796048489
121.45,575.4051892953646
121.55,574.2241919984501
121.65,567.8506656410076
121.75,576.5176802240455
121.85000000000001,576.5563229509869
121.95,577.9942880348598
122.05,576.6499396847
122.15,566.7245028558184
122.25,578.9226271362182
122.35000000000001,578.8572661489759
122.45,579.7281893150633
122.55,578.1970343971956
122.65,568.3647104466186
122.75,580.7288877104345
122.85000000000001,579.316738172096
122.95,581.9589825321041
123.05,580.315848994762
123.15,570.7657014786206
123.25,582.9914831122004
123.35000000000001,582.5483226199166
123.45,583.3982660152006
123.55,582.64002658095
123.65,572.6276572503166
123.75,584.7800303108826
123.85000000000001,584.6510181954736
123.95,585.987379200975
124.05,584.5452375078787
124.15,574.1710806888237
124.25,586.4912013038269
124.35000000000001,586.6026799475404
124.45,587.8713849320072
124.55,586.6556059738057
124.65,576.561050989011
124.75,588.991589308689
124.85000000000001,588.6910115189644
124.95,589.7230008876791
125.05,588.7501976982634
125.15,578.8700051190947
125.25,591.1345071167231
125.35000000000001,590.9395920110363
125.45,590.7678389372603
125.55,590.7537223549592
125.65,580.0952833239417
125.75,592.4105401101349
125.85000000000001,592.280831928905
125.95,593.4053008776953
126.05,592.4254137487047
126.15,582.2455452078684
126.25,594.1829298726684
126.35000000000001,594.6211116125365
126.45,595.6109127558979
126.55,594.6328445092022
126.65,584.2583990584615
126.75,596.6995010155666
126.85000000000001,596.6135024918814
126.95,597.4537949703889
127.05,596.3704672135731
127.15,586.4910437488505
127.25,598.5223942916568
127.35000000000001,598.1059650063477
127.45,598.7868907853762
127.55,598.3626306339796
127.65,588.1224552672423
127.75,600.380682595336
127.85000000000001,600.5457990769539
127.95,601.2124618628652
128.05,601.1506470253025
128.15,600.4706397511541
128.25000000000003,590.5411864565276
128.35000000000002,601.1549534437968
128.45000000000002,598.2043191177819
128.55,607.6278304542305
128.65,602.4908644712443
128.75000000000003,592.8593332759734
128.85000000000002,602.4320289475485
128.95000000000002,599.87765809292
129.05,608.8445712449009
129.15,603.4151429095336
129.25000000000003,594.0263942147484
129.35000000000002,604.1201767728651
129.45000000000002,601.4529587359298
129.55,611.0595966768318
129.65,605.1870146305057
129.75000000000003,596.7772336781721
129.85000000000002,606.4235318593154
129.95000000000002,603.7169379467473
130.05,613.230910109219
130.15,607.7848337054119
130.25000000000003,598.3987317742137
130.35000000000002,608.4015947872387
130.45000000000002,605.1720799307618
130.55,614.6281531658861
130.65,608.9574742527547
130.75000000000003,600.0085719532075
130.85000000000002,609.5578818611788
130.95000000000002,607.2086988709758
131.05,616.9048681906268
131.15,611.147950621931
131.25000000000003,601.6949144410424
131.35000000000002,610.9384894568556
131.45000000000002,608.858808924865
131.55,618.3012681384673
131.65,612.4724158752514
131.75000000000003,603.6312395812533
131.85000000000002,613.3021302178354
131.95000000000002,610.6547422049046
132.05,620.2205941027348
132.15,614.1027169178885
132.25000000000003,605.0582619319193
132.35000000000002,614.9148445837325
132.45000000000002,612.4274810832395
132.55,622.475540510834
132.65,615.9306392004004
132.75000000000003,607.2587467070571
132.85000000000002,616.3591620969327
132.95000000000002,614.1589120557394
133.05,623.8615108781377
133.15,617.496530689771
133.25000000000003,608.8280048494794
133.35000000000002,618.1936626437629
133.45000000000002,615.8067555057521
133.55,625.7144033426531
133.65,618.9449084655683
133.75000000000003,609.8690770466854
133.85000000000002,619.3210751634426
133.95000000000002,616.7794283234703
134.05,627.4352273226793
134.15,620.7612921122361
134.25000000000003,612.1640640138236
134.35000000000002,621.6895127837929
134.45000000000002,619.2219668915409
134.55,629.3790314923873
134.65,622.5776880554988
134.75000000000003,614.0112734197086
134.85000000000002,623.1338733529504
134.95000000000002,621.0986842522727
135.05,630.7809702261825
135.15,624.2257316459442
135.25000000000003,615.2064623576858
135.35000000000002,624.5540647362116
135.45000000000002,622.697655751019
135.55,632.0809435558765
135.65,625.4841165783845
135.75000000000003,617.258193391416
135.85000000000002,626.1955628971825
135.95000000000002,624.7807774239877
136.05,636.2387371533313
136.15,627.466210035983
136.25000000000003,618.8328052797383
136.35000000000002,627.8518253993162
136.45000000000002,625.6992047405375
136.55,635.668061085465
136.65,628.6512237368038
136.75000000000003,615.6478307911743
136.85000000000002,628.8711767557595
136.95000000000002,626.919813896037
137.05,636.8111138507045
137.15,629.8626405447094
137.25000000000003,621.7829779481573
137.35000000000002,630.1507283737086
137.45000000000002,628.0149611535467
137.55,638.4164863452274
137.65,630.8777843052651
137.75000000000003,622.8521409945187
137.85000000000002,631.2505621724454
137.95000000000002,629.543838632527
138.05,639.6541032858167
138.15,632.1391052690993
138.25000000000003,624.2872342083537
138.35000000000002,632.8686279483202
138.45000000000002,630.082823331443
138.55,640.1980345556915
138.65,632.8387239994464
138.75000000000003,625.1733930170943
138.85000000000002,633.5690126096085
138.95000000000002,632.1804746020874
139.05,641.978086000228
139.15,632.1933350792393
139.25000000000003,626.2012921377424
139.35000000000002,634.6849657290014
139.45000000000002,632.8914890476893
139.55,643.1209235467692
139.65,635.0650496754402
139.75000000000003,627.7056435356478
139.85000000000002,635.5167795925505
139.95000000000002,633.9308523046182
140.05,643.330085101033
140.15,635.6425646264246
140.25000000000003,628.2317224673944
140.35000000000002,636.1421790174908
140.45000000000002,634.5394785836658
140.55,644.9495617614522
140.65,636.9931858557212
140.75000000000003,629.7435590354354
140.85000000000002,637.1809307301422
140.95000000000002,635.6666176985323
141.05,645.8166145805686
141.15,637.9962322756768
141.25000000000003,629.6348495896079
141.35000000000002,638.0721618000139
141.45000000000002,636.6875835541132
141.55,647.2022145143494
141.65,638.2769492174053
141.75000000000003,631.2427824020385
141.85000000000002,639.2330602660178
141.95000000000002,637.669246606997
142.05,647.761461017217
142.15,639.4493066133233
142.25000000000003,632.4380840221664
142.35000000000002,640.227158463174
142.45000000000002,638.482654387304
142.55,648.5884976063139
142.65,640.4346592327528
142.75000000000003,633.6284403500067
142.85000000000002,641.106337301056
142.95000000000002,639.4704652356047
143.05,649.7569113797728
143.15,641.3372837082682
143.25000000000003,633.9019095442815
143.35000000000002,641.4068250340022
143.45000000000002,639.8100070480684
143.55,650.4086083171426
143.65,642.1415418049341
143.75000000000003,634.9852827137934
143.85000000000002,642.2446054935718
143.95000000000002,642.1741957349881
144.05,651.2925921914455
144.15,642.8820080953296
144.25000000000003,636.1319890233535
144.35000000000002,643.4770636638527
144.45000000000002,642.0957779480127
144.55,652.6439542943938
144.65,643.8886811882758
144.75000000000003,635.3338132382746
144.85000000000002,643.954151324118
144.95000000000002,642.7296192851866
145.05,652.9515651532902
145.15,644.4075921824126
145.25000000000003,637.8085616483057
145.35000000000002,644.4191451438705
145.45000000000002,643.3469129211329
145.55,653.8453106248992
145.65,645.1437422127192
145.75000000000003,638.505372507752
145.85000000000002,645.4584698235326
145.95000000000002,644.3464574939545
146.05,654.635340934255
146.15,645.8157453168545
146.25000000000003,639.2088168301356
146.35000000000002,646.2462105786234
146.45000000000002,644.6183470103625
146.55,655.0103274741732
146.65,646.2227024961524
146.75000000000003,639.9722046599551
146.85000000000002,646.8688442566944
146.95000000000002,645.6943716908921
147.05,655.7814404575588
147.15,647.2089069638864
147.25000000000003,640.4662671495789
147.35000000000002,646.9428864943508
147.45000000000002,645.6267214018915
147.55,656.2710621798101
147.65,647.2314627379362
147.75000000000003,640.8619192091177
147.85000000000002,647.5067351619538
147.95000000000002,646.4149519788934
148.05,655.3423632698494
148.15,647.1662577321541
148.25000000000003,641.0364580053786
148.35000000000002,647.5222224789674
148.45000000000002,646.2344655097861
148.55,656.6886634991979
148.65,647.6940895269523
148.75000000000003,641.5515620138793
148.85000000000002,647.8078904734793
148.95000000000002,646.5484364797113
149.05,656.719896608213
149.15,647.7874828512371
149.25000000000003,641.5678375499659
149.35000000000002,647.9235672010121
149.45000000000002,646.7294371738374
149.55,657.15736375305
149.65,647.749138248719
149.75000000000003,641.6949794741437
149.85000000000002,647.9803115211289
149.95000000000002,646.7815270694098
150.05,656.9655949342833
150.15,648.4805787812751
150.25000000000003,642.1412890766837
150.35000000000002,648.5006224945248
150.45000000000002,647.3098932997891
150.55,657.47342812
150.65,648.0775822344955
150.75000000000003,642.0442862161457
150.85000000000002,648.3775791824529
150.95000000000002,647.4360606229098
151.05,657.399813246927
151.15,648.3192587194906
151.25000000000003,642.0146907380973
151.35000000000002,648.0110577910542
151.45000000000002,647.066251881133
151.55,657.3388743998777
151.65,648.320540063847
151.75000000000003,642.6453884146721
151.85000000000002,648.4012684010136
151.95000000000002,647.5307612167184
152.05,657.3364593851976
152.15,648.0662464641687
152.25000000000003,642.8115235064269
152.35000000000002,648.6068638746108
152.45000000000002,647.8728483224555
152.55,657.1987011092797
152.65,648.4709053425208
152.75000000000003,642.8663276512549
152.85000000000002,649.9682600759753
152.95000000000002,647.1932454014088
153.05,657.1789675663641
153.15,648.0632043913973
153.25000000000003,642.6155186130726
153.35000000000002,648.4125519932674
153.45000000000002,647.6178997202014
153.55,657.5728758031834
153.65000000000003,648.0904335602136
153.75000000000003,642.6101833348544
153.85000000000002,648.171170613638
153.95000000000002,647.6613398317289
154.05,657.5969875378639
154.15000000000003,648.2501036984213
154.25000000000003,644.7524451455223
154.35000000000002,648.2234743511669
154.45000000000002,646.8966931299406
154.55,657.1560271179941
154.65000000000003,647.9657922643136
154.75000000000003,644.4421083065293
154.85000000000002,647.6165104932048
154.95000000000002,647.4106038252298
155.05,657.2309292831304
155.15000000000003,648.4510537039533
155.25000000000003,642.9560102551216
155.35000000000002,648.1736012527833
155.45000000000002,647.7412107294645
155.55,657.7700814863177
155.65000000000003,648.2265097223674
155.75000000000003,643.019370865176
155.85000000000002,648.3147139889321
155.95000000000002,648.0314943067494
156.05,655.9655064346516
156.15000000000003,647.736510418126
156.25000000000003,642.488711737117
156.35000000000002,647.6493351437459
156.45000000000002,647.3578407732338
156.55,656.2334138555582
156.65000000000003,647.6997297793122
156.75000000000003,643.0701283276026
156.85000000000002,647.6788533382712
156.95000000000002,647.5028524764857
157.05,657.047026329836
157.15000000000003,647.7399288547766
157.25000000000003,642.7243273521661
157.35000000000002,647.7109051232414
157.45000000000002,647.5153948022655
157.55,657.3876161869327
157.65000000000003,647.1815522782352
157.75000000000003,642.2784039617259
157.85000000000002,647.1132299795797
157.95000000000002,646.8549931302256
158.05,656.4257832451478
158.15000000000003,647.1062362835589
158.25000000000003,642.2770632729566
158.35000000000002,647.3614625599166
158.45000000000002,647.0519870097526
158.55,656.7516540184929
158.65000000000003,647.1801070028438
158.75000000000003,642.2891013834776
158.85000000000002,647.2020596729922
158.95000000000002,647.2023687872099
159.05,656.5027930869747
159.15000000000003,646.8419149490967
159.25000000000003,642.0040173234568
159.35000000000002,646.5797463612735
159.45000000000002,646.85061801021
159.55,656.4070045528583
159.65000000000003,646.7605996155664
159.75000000000003,642.1868953676999
159.85000000000002,646.4768601618763
159.95000000000002,647.1592752822924
160.05,655.9236495042412
160.15000000000003,645.8832195274848
160.25000000000003,641.9215168489519
160.35000000000002,646.4665893752211
160.45000000000002,647.0300880323468
160.55,656.2870671007676
160.65000000000003,646.1414683009037
160.75000000000003,642.0086859405848
160.85000000000002,645.6879021320044
160.95000000000002,646.1804353430267
161.05,655.1952177518366
161.15000000000003,648.68655618594
161.25000000000003,641.3700383201024
161.35000000000002,645.6997598523027
161.45000000000002,646.1158528554515
161.55,653.7710462988248
161.65000000000003,645.6287274922284
161.75000000000003,640.6455035822535
161.85000000000002,645.4744389334799
161.95000000000002,645.9832502408333
162.05,655.463775689599
162.15000000000003,644.9390669351997
162.25000000000003,641.151112516075
162.35000000000002,645.1555606813791
162.45000000000002,645.2030326955967
162.55,654.5942035760314
162.65000000000003,645.0997318593155
162.75000000000003,641.0927640471845
162.85000000000002,645.0252090686048
162.95000000000002,645.7690714177251
163.05,654.8400303604736
163.15000000000003,645.1655808297073
163.25000000000003,640.7936644681217
163.35000000000002,644.6707628360598
163.45000000000002,645.7149481177314
163.55,654.8684346419379
163.65000000000003,644.3384820700411
163.75000000000003,640.7383434734281
163.85000000000002,644.5751458536515
163.95000000000002,645.4795435431706
164.05,654.3350590336232
164.15000000000003,644.2230727292138
164.25000000000003,640.3334065632388
164.35000000000002,644.0789332100578
164.45000000000002,644.9025280660925
164.55,654.1994716940297
164.65000000000003,643.8421781035753
164.75000000000003,640.6214689293591
164.85000000000002,643.7385181883905
164.95000000000002,644.5151734741657
165.05,653.9075743238675
165.15000000000003,643.7925407430091
165.25000000000003,640.5354760286716
165.35000000000002,643.6198544597837
165.45000000000002,644.6218501464027
165.55,654.0325048020718
165.65000000000003,643.2321286841429
165.75000000000003,639.7661395091335
165.85000000000002,643.0496167815614
165.95000000000002,644.3543078662797
166.05,653.5377125329759
166.15000000000003,643.5117594148975
166.25000000000003,640.0509267223554
166.35000000000002,643.486212221153
166.45000000000002,644.4518052416745
166.55,653.672439154145
166.65000000000003,643.0626769705175
166.75000000000003,639.9009071522752
166.85000000000002,643.0938247495824
166.95000000000002,644.2560021077389
167.05,653.7456507393617
167.15000000000003,643.2917547349618
167.25000000000003,639.540722458395
167.35000000000002,642.2640372208234
167.45000000000002,643.5522243887442
167.55,652.9110980737144
167.65000000000003,642.4687594162704
167.75000000000003,639.3256283382791
167.85000000000002,642.2206518760072
167.95000000000002,644.1517704562547
168.05,652.8501528398108
168.15000000000003,642.3451394579293
168.25000000000003,639.2172630219444
168.35000000000002,642.4970052254116
168.45000000000002,643.7127475041207
168.55,652.3793665964353
168.65000000000003,642.2824922716358
168.75000000000003,639.3570377064106
168.85000000000002,642.177681888354
168.95000000000002,643.2011315847009
169.05,652.177313184988
169.15000000000003,641.5843527562683
169.25000000000003,639.0371514722043
169.35000000000002,642.0131858982917
169.45000000000002,642.6522182037926
169.55,652.4754185273136
169.65000000000003,641.6365073081519
169.75000000000003,638.239047436532
169.85000000000002,641.9105086371089
169.95000000000002,643.2087129552145
170.05,652.6115452099746
170.15000000000003,642.1559965059779
170.25000000000003,639.3244775835802
170.35000000000002,642.0699882393212
170.45000000000002,642.9075342214417
170.55,652.2901634652193
170.65000000000003,641.6642551813669
170.75000000000003,639.3334663718277
170.85000000000002,641.7994632824394
170.95000000000002,643.2978413464632
171.05,652.5803309572025
171.15000000000003,641.822413357197
171.25000000000003,639.0196750773588
171.35000000000002,641.5007143238155
171.45000000000002,642.9407543332474
171.55,652.4499863809085
171.65000000000003,641.8803514810478
171.75000000000003,639.2963081527879
171.85000000000002,641.6560148511047
171.95000000000002,643.1627141257417
172.05,651.8993025037628
172.15000000000003,640.9629404893144
172.25000000000003,638.9021786308956
172.35000000000002,641.194766728811
172.45000000000002,642.7845159970005
172.55,652.1484101505748
172.65000000000003,641.1326743034089
172.75000000000003,637.2976949279373
172.85000000000002,641.115126315527
172.95000000000002,642.2784211022663
173.05,651.9654832935393
173.15000000000003,641.2220462956864
173.25000000000003,639.0424679867295
173.35000000000002,641.1126014957397
173.45000000000002,642.8035329375848
173.55,652.2259243688641
173.65000000000003,640.8862580995152
173.75000000000003,639.3366716124776
173.85000000000002,641.2213730238536
173.95000000000002,642.7010789723028
174.05,652.3217128661919
174.15000000000003,641.7552230842659
174.25000000000003,639.5244309185025
174.35000000000002,641.7029818429245
174.45000000000002,643.4699095222954
174.55,652.8697988148748
174.65000000000003,641.8361126667673
174.75000000000003,640.2754913461708
174.85000000000002,642.1995884869887
174.95000000000002,643.9046509794994
175.05,653.0858274578399
175.15000000000003,642.2836344913516
175.25000000000003,640.4455231343286
175.35000000000002,642.4672778754554
175.45000000000002,643.8543558648628
175.55,653.1811342557589
175.65000000000003,642.6510091622999
175.75000000000003,641.0507560978024
175.85000000000002,642.9015219298383
175.95000000000002,644.8549981389216
176.05,653.9466073696775
176.15000000000003,643.186598940486
176.25000000000003,640.8550704878865
176.35000000000002,642.0682634654414
176.45000000000002,645.1927376389664
176.55,654.6068800652258
176.65000000000003,643.9023685727475
176.75000000000003,642.3949620453761
176.85000000000002,643.874338630751
176.95000000000002,645.5106663206997
177.05,654.6239346724172
177.15000000000003,643.9444805921755
177.25000000000003,642.5152608111798
177.35000000000002,644.3539990382163
177.45000000000002,645.8353802636552
177.55,655.6773318137602
177.65000000000003,644.7470538073696
177.75000000000003,643.4740157244676
177.85000000000002,645.2150839831202
177.95000000000002,646.8990195705542
178.05,656.2876846386341
178.15000000000003,645.5707841435955
178.25000000000003,643.9517698613654
178.35000000000002,645.6608446793806
178.45000000000002,646.9759743698279
178.55,656.3430214089818
178.65000000000003,645.9132474868144
178.75000000000003,644.4700859314052
178.85000000000002,646.3154000749391
178.95000000000002,647.6627325705656
179.05,656.8296455230052
179.15000000000003,644.4017567721944
179.25000000000003,645.069854783321
179.35000000000002,646.6866603938006
179.45000000000002,648.2049234564164
179.55,657.5376141976201
179.65000000000003,647.0641542277513
179.75000000000003,645.4996882701492
179.85000000000002,647.2517710414276
179.95000000000002,648.6614101332838
180.05,657.3796224064288
180.15000000000003,647.4476936432359
180.25000000000003,645.9371589888359
180.35000000000002,647.427682196164
180.45000000000002,648.7794081001133
180.55,658.2028320527334
180.65000000000003,647.8041009703927
180.75000000000003,646.679680984934
180.85000000000002,650.3486655403591
180.95000000000002,649.5694279305574
181.05,658.6277082235049
181.15000000000003,648.4654438540201
181.25000000000003,646.8655825760445
181.35000000000002,648.7457672315672
181.45000000000002,650.1467215411552
181.55,659.2007206684003
181.65000000000003,648.6261349004197
181.75000000000003,647.2924843087139
181.85000000000002,648.5169921363968
181.95000000000002,650.6007477618397
182.05,659.5851839771382
182.15000000000003,649.5802935624961
182.25000000000003,648.0913763352445
182.35000000000002,649.609125304775
182.45000000000002,651.1565128131783
182.55,660.1888802262683
182.65000000000003,650.244485545055
182.75000000000003,648.6463605232356
182.85000000000002,623.9474595392857
182.95000000000002,651.7103033195013
183.05,660.8885432750421
183.15000000000003,650.8277126074084
183.25000000000003,648.9617032586233
183.35000000000002,650.4381011617377
183.45000000000002,651.7016013356322
183.55,660.7826745741282
183.65000000000003,651.2269805902483
183.75000000000003,649.4629856908168
183.85000000000002,650.7370604535469
183.95000000000002,652.6082327509006
184.05,661.2325966180231
184.15000000000003,651.3593117018283
184.25000000000003,650.0592829455226
184.35000000000002,651.670557396683
184.45000000000002,653.6520684544779
184.55,661.8402527649134
184.65000000000003,652.1760082015346
184.75000000000003,650.5608773627898
184.85000000000002,651.8659564853962
184.95000000000002,653.0454543236722
185.05,661.702491279402
185.15000000000003,651.6689591941638
185.25000000000003,650.9018309377042
185.35000000000002,652.7326567983268
185.45000000000002,653.6858682151371
185.55,662.4519174824525
185.65000000000003,652.7616864567793
185.75000000000003,651.3712347351479
185.85000000000002,653.2497465521739
185.95000000000002,654.5365749136395
186.05,662.9304329978809
186.15000000000003,653.6368931972168
186.25000000000003,651.9213064016864
186.35000000000002,653.6627385706663
186.45000000000002,654.1655283281522
186.55,663.3081296696167
186.65000000000003,653.5577699897973
186.75000000000003,652.0158837604461
186.85000000000002,653.6566763389441
186.95000000000002,654.9752762536551
187.05,663.7339993379358
187.15000000000003,654.2411080600007
187.25000000000003,652.4525383412155
187.35000000000002,654.0838425729861
187.45000000000002,655.1339134701908
187.55,664.2016187021693
187.65000000000003,654.9179594903424
187.75000000000003,652.9355121189503
187.85000000000002,654.7191925744204
187.95000000000002,655.8670575425685
188.05,664.3026104221661
188.15000000000003,655.1575272350185
188.25000000000003,653.5916466147581
188.35000000000002,655.27081729895
188.45000000000002,656.5668032130976
188.55,664.8772796345409
188.65000000000003,655.3530944672309
188.75000000000003,654.070324551687
188.85000000000002,655.6262571664302
188.95000000000002,656.5539487124934
189.05,664.738968596992
189.15000000000003,655.5964609949249
189.25000000000003,654.3290013034856
189.35000000000002,655.9259348281114
189.45000000000002,656.8794883042108
189.55,665.490844009943
189.65000000000003,655.5433684942697
189.75000000000003,654.1109785630746
189.85000000000002,656.0553525556152
189.95000000000002,656.9426491493468
190.05,665.498896326258
190.15000000000003,656.4885409360767
190.25000000000003,655.0651386766913
190.35000000000002,656.760145690066
190.45000000000002,657.352102982719
190.55,665.6792626955289
190.65000000000003,656.6681584877558
190.75000000000003,655.4116220983901
190.85000000000002,657.5473393151264
190.95000000000002,658.0100793805683
191.05,666.1533302139328
191.15000000000003,657.6621016971666
191.25000000000003,655.6967768362861
191.35000000000002,657.5069477132031
191.45000000000002,658.09745714435
191.55,666.5701576278382
191.65000000000003,658.4249818733208
191.75000000000003,658.905025929591
191.85000000000002,658.2499747482902
191.95000000000002,658.9375461702097
192.05,667.2131727660098
192.15000000000003,658.5433277871393
192.25000000000003,657.1234043570057
192.35000000000002,659.0646326014495
192.45000000000002,659.3938663522388
192.55,667.5808413589899
192.65000000000003,659.0877464297245
192.75000000000003,657.7478147302566
192.85000000000002,659.1347972571374
192.95000000000002,659.8134569270686
193.05,667.8932644525497
193.15000000000003,659.800612351356
193.25000000000003,658.175006791446
193.35000000000002,659.8092023406549
193.45000000000002,660.3105162147396
193.55,668.7084869825659
193.65000000000003,660.1228112646872
193.75000000000003,658.3116133000524
193.85000000000002,660.3029910935456
193.95000000000002,661.0856588044389
194.05,669.2091997655939
194.15000000000003,661.1481160816942
194.25000000000003,659.4665588512621
194.35000000000002,661.3408281754611
194.45000000000002,661.1474677364481
194.55,669.3488792671756
194.65000000000003,661.0236850592518
194.75000000000003,659.6437800251151
194.85000000000002,661.7915273289731
194.95000000000002,662.359434700825
195.05,669.8602108490951
195.15000000000003,662.1669209367562
195.25000000000003,660.6011087617436
195.35000000000002,662.3339192816512
195.45000000000002,662.8521085901273
195.55,670.7487654743486
195.65000000000003,663.019844374893
195.75000000000003,661.2687134431629
195.85000000000002,663.3773192032069
195.95000000000002,663.5404472674702
196.05,670.7511295244884
196.15000000000003,663.1950033460053
196.25000000000003,661.5680772265412
196.35000000000002,663.5677263597108
196.45000000000002,663.6441861344765
196.55,671.6220895308419
196.65000000000003,664.0422622336382
196.75000000000003,662.4147327378696
196.85000000000002,664.5836680141945
196.95000000000002,665.0052626431527
197.05,672.4013434083213
197.15000000000003,665.029093736968
197.25000000000003,663.0708351794685
197.35000000000002,665.0757536820719
197.45000000000002,665.2200878670478
197.55,672.9856486444024
197.65000000000003,665.1803159356211
197.75000000000003,663.5818335699995
197.85000000000002,672.9476820540266
197.95000000000002,665.4101037301243
198.05,673.2281046278048
198.15000000000003,665.8270607271213
198.25000000000003,664.1425774312582
198.35000000000002,666.8018037522058
198.45000000000002,666.2717664609854
198.55,673.9480073616837
198.65000000000003,666.9950640814449
198.75000000000003,665.0326552858126
198.85000000000002,667.5556887895941
198.95000000000002,667.1328417687258
199.05,674.7730542959395
199.15000000000003,668.0261232480043
199.25000000000003,665.5702720128287
199.35000000000002,667.7953803389343
199.45000000000002,667.4596979448321
199.55,675.0320908841068
199.65000000000003,668.3767304198018
199.75000000000003,666.4119193065166
199.85000000000002,668.5095071520151
199.95000000000002,668.6223108899724
200.05,675.8015446877573
200.15000000000003,669.2228443826328
200.25000000000003,667.2939408841743
200.35000000000002,669.6612493893822
200.45000000000002,669.1345239342847
200.55,676.6901299566355
200.65000000000003,670.0583724888431
200.75000000000003,668.1779108018882
200.85000000000002,670.2081850865617
200.95000000000002,669.6519395502976
201.05,677.2987684815824
201.15000000000003,670.8737242397142
201.25000000000003,668.8933553245128
201.35000000000002,671.3242322224861
201.45000000000002,670.55319005086
201.55,678.1271664755445
201.65000000000003,671.853580842845
201.75000000000003,648.7304782702105
201.85000000000002,671.2153551843868
201.95000000000002,671.2578006237558
202.05,679.0119135053452
202.15000000000003,672.7871374922922
202.25000000000003,670.4516110543768
202.35000000000002,673.2368651748981
202.45000000000002,671.8966258006186
202.55,679.2885419464573
202.65000000000003,673.3338256556825
202.75000000000003,671.1662929792366
202.85000000000002,674.1214128786364
202.95000000000002,673.0179188197465
203.05,680.2112475024836
203.15000000000003,674.604272880258
203.25000000000003,672.1198201554319
203.35000000000002,674.6081096943923
203.45000000000002,673.7393508179762
203.55,681.2724328515743
203.65000000000003,675.6547980898249
203.75000000000003,673.1599677072259
203.85000000000002,675.8550929258901
203.95000000000002,674.8024814684492
204.05,681.5699045720921
204.15000000000003,676.8255853820398
204.25000000000003,678.7336692670833
204.35000000000002,676.6865015146498
204.45000000000002,675.5356901900336
204.55,682.8727878723905
204.65000000000003,677.2036566396474
204.75000000000003,674.8116855870583
204.85000000000002,677.5298453367162
204.95000000000002,676.1310564657371
205.05,678.9336001842746
205.15000000000003,682.8152584086356
205.25000000000003,675.6361983379282
205.35000000000002,678.4863938485151
205.45000000000002,677.3080818850509
205.55,680.143874716551
205.65000000000003,683.3739926857427
205.75000000000003,676.4455282196415
205.85000000000002,679.2877608446113
205.95000000000002,677.876818953262
206.05,680.7795376186173
206.15000000000003,684.3772675199185
206.25000000000003,677.3264481623726
206.35000000000002,680.6064182118024
206.45000000000002,678.5431692606384
206.55,681.5275720890141
206.65000000000003,684.9852749384605
206.75000000000003,678.3565213955818
206.85000000000002,681.2605124712654
206.95000000000002,679.639762062611
207.05,682.6500177637615
207.15000000000003,685.683772780979
207.25000000000003,678.6176511441026
207.35000000000002,681.9557221731521
207.45000000000002,680.1724241747569
207.55,683.5411619849144
207.65000000000003,686.4063167014027
207.75000000000003,679.8271663713276
207.85000000000002,682.9998756143822
207.95000000000002,681.148423468806
208.05,684.4550844966471
208.15000000000003,686.9207217736925
208.25000000000003,680.5459710045043
208.35000000000002,683.7983881417775
208.45000000000002,681.9645252550795
208.55,685.4986399486729
208.65000000000003,688.0821422093344
208.75000000000003,681.7353196726327
208.85000000000002,684.4164373585538
208.95000000000002,682.500243973711
209.05,686.1040030342091
209.15000000000003,688.6636018310143
209.25000000000003,682.3127516123642
209.35000000000002,685.6632388442212
209.45000000000002,683.4841660976422
209.55,687.3066189157105
209.65000000000003,689.2686344583291
209.75000000000003,683.1949311579771
209.85000000000002,686.664400775949
209.95000000000002,684.472599059465
210.05,688.2745904539739
210.15000000000003,690.3428264403375
210.25000000000003,684.0486389171714
210.35000000000002,687.7339523290108
210.45000000000002,684.8548536298886
210.55,688.9095612394301
210.65000000000003,690.7793474786648
210.75000000000003,684.6129181789186
210.85000000000002,688.4762952325809
210.95000000000002,685.9005739602144
211.05,689.7562688191831
211.15000000000003,691.6318839457548
211.25000000000003,685.4114209599634
211.35000000000002,689.0731135136521
211.45000000000002,686.7267469736985
211.55,690.9814892533452
211.65000000000003,692.350550032395
211.75000000000003,686.3950809712401
211.85000000000002,690.2107263866795
211.95000000000002,687.5776048299626
212.05,691.451960322771
212.15000000000003,692.8229600174902
212.25000000000003,687.0681904882105
212.35000000000002,691.1280187027576
212.45000000000002,688.1314039788329
212.55,692.5692012739268
212.65000000000003,693.7016669422411
212.75000000000003,687.9306180050968
212.85000000000002,691.6681457887504
212.95000000000002,688.7221707861265
213.05,693.2423373417034
213.15000000000003,694.161164748435
213.25000000000003,688.6496167202077
213.35000000000002,692.8388742776729
213.45000000000002,689.6466734945654
213.55,694.1695711032678
213.65000000000003,694.4631057836485
213.75000000000003,688.8631670378071
213.85000000000002,693.112344714659
213.95000000000002,689.9117211934284
214.05,694.7747289509682
214.15000000000003,695.3126796588679
214.25000000000003,689.7627394701224
214.35000000000002,694.2575111659679
214.45000000000002,690.7553638150674
214.55,695.3037466650235
214.65000000000003,695.6869666329001
214.75000000000003,690.4701948409607
214.85000000000002,694.9417397037082
214.95000000000002,691.3112656012464
215.05,696.3233603020681
215.15000000000003,696.6174708003913
215.25000000000003,690.8451676113026
215.35000000000002,695.3434767648664
215.45000000000002,691.6209772072689
215.55,696.8313479947133
215.65000000000003,696.891595689848
215.75000000000003,691.7765493819561
215.85000000000002,696.3941136235833
215.95000000000002,692.5824877716856
216.05,697.545273884565
216.15000000000003,697.4593997659775
216.25000000000003,692.3800160167046
216.35000000000002,697.0950544422269
216.45000000000002,693.0740202492942
216.55,698.3693468974894
216.65000000000003,698.0037029711685
216.75000000000003,692.9716087619959
216.85000000000002,697.0565247530843
216.95000000000002,693.4514665895717
217.05,698.8000360239013
217.15000000000003,698.1531362033957
217.25000000000003,693.004383503932
217.35000000000002,698.0640825152257
217.45000000000002,693.7560832093823
217.55,699.647355460337
217.65000000000003,698.598521136712
217.75000000000003,693.3371357946696
217.85000000000002,698.7006407552323
217.95000000000002,695.3132803400207
218.05,699.9704705396621
218.15000000000003,699.0753541778447
218.25000000000003,694.1764357020825
218.35000000000002,699.2917174970664
218.45000000000002,694.4411536764444
218.55,700.15432877075
218.65000000000003,699.0155243972446
218.75000000000003,694.2400976314474
218.85000000000002,699.3002227998193
218.95000000000002,694.9152918699194
219.05,700.7763927384767
219.15000000000003,699.8151292473578
219.25000000000003,695.0219951933135
219.35000000000002,700.012960978289
219.45000000000002,695.5325547007337
219.55,701.6195259713732
219.65000000000003,700.0517292403948
219.75000000000003,695.1132748031904
219.85000000000002,700.5171923758237
219.95000000000002,695.5529779553992
220.05,701.2575593317072
220.15000000000003,699.7916230132716
220.25000000000003,695.0284359910634
220.35000000000002,700.6528429400743
220.45000000000002,695.7243786138648
220.55,701.8094107206578
220.65000000000003,700.0082285723296
220.75000000000003,695.450914958718
220.85000000000002,700.9193990250716
220.95000000000002,695.89565736006
221.05,702.272709878428
221.15000000000003,700.2212309409198
221.25000000000003,695.4317042109333
221.35000000000002,701.4752215182068
221.45000000000002,695.9151675759039
221.55,702.5809873626092
221.65000000000003,700.0604657355406
221.75000000000003,695.4613320815124
221.85000000000002,701.1090969785264
221.95000000000002,695.7288728075838
222.05,702.5123375626492
222.15000000000003,700.1726307431384
222.25000000000003,695.1532173024104
222.35000000000002,701.4801340940837
222.45000000000002,695.4803184151242
222.55,702.2507669058253
222.65000000000003,699.9038245979687
222.75000000000003,695.1516673694367
222.85000000000002,701.3776054479173
222.95000000000002,695.6158918565679
223.05,702.5346301079755
223.15000000000003,699.8934228280344
223.25000000000003,694.7939132635195
223.35000000000002,700.9997629080186
223.45000000000002,695.076728015319
223.55,702.1513994097405
223.65000000000003,699.4152461020637
223.75000000000003,694.660624135449
223.85000000000002,701.069277308805
223.95000000000002,694.9198596557729
224.05,701.6921789941647
224.15000000000003,699.1675363065981
224.25000000000003,694.5919935119667
224.35000000000002,701.0158240984134
224.45000000000002,695.0105105833564
224.55,701.9002698433892
224.65000000000003,699.3211681337885
224.75000000000003,694.6728614162611
224.85000000000002,700.6194737670912
224.95000000000002,694.5188645867491
225.05,701.8171016408692
225.15000000000003,698.7350405838441
225.25000000000003,694.292289549929
225.35000000000002,700.8049295314338
225.45000000000002,694.1972054145169
225.55,701.6638447440969
225.65000000000003,698.4609250501376
225.75000000000003,693.9545037524758
225.85000000000002,700.6867093935568
225.95000000000002,694.1614962629153
226.05,701.7469218233579
226.15000000000003,698.2313896620918
226.25000000000003,693.8547390927118
226.35000000000002,700.8943580634278
226.45000000000002,693.5295499150209
226.55,701.314972703078
226.65000000000003,697.9487747119813
226.75000000000003,693.311336146877
226.85000000000002,700.4215104291144
226.95000000000002,693.5936476783684
227.05,701.2422743664422
227.15000000000003,697.6379249297295
227.25000000000003,692.8622451325957
227.35000000000002,699.9172493972803
227.45000000000002,693.1787408331103
227.55,700.8913824567555
227.65000000000003,697.303687265655
227.75000000000003,692.7447548690374
227.85000000000002,699.9233878937354
227.95000000000002,692.9308489136077
228.05,700.3870022063936
228.15000000000003,696.9179597300675
228.25000000000003,692.1044672817935
228.35000000000002,699.8364078973835
228.45000000000002,692.5457560983676
228.55,700.2895228715307
228.65000000000003,696.4037495419122
228.75000000000003,692.1144857186516
228.85000000000002,699.480919138031
228.95000000000002,692.0895978459581
229.05,700.2515657223975
229.15000000000003,696.3939384340287
229.25000000000003,691.9132537824595
229.35000000000002,699.5268169537561
229.45000000000002,691.9633985021338
229.55,700.2158498311588
229.65000000000003,695.7156290592734
229.75000000000003,691.2811503457085
229.85000000000002,699.1345796798054
229.95000000000002,691.4833606816429
230.05,699.893989177211
230.15000000000003,695.4832328948265
230.25000000000003,691.062134340984
230.35000000000002,699.0224078341847
230.45000000000002,690.7493077683887
230.55,699.2054979316099
230.65000000000003,694.962742811885
230.75000000000003,690.4770679987613
230.85000000000002,698.4109594800259
230.95000000000002,690.5951348484706
231.05,698.9941601687462
231.15000000000003,694.41916063771
231.25000000000003,689.646493321437
231.35000000000002,698.0415211019931
231.45000000000002,690.0976382564077
231.55,698.6036748299658
231.65000000000003,694.0498972299539
231.75000000000003,689.6543120477812
231.85000000000002,697.8142119464906
231.95000000000002,689.5933132664046
232.05,698.2890239668021
232.15000000000003,693.6667465452407
232.25000000000003,689.2615086211057
232.35000000000002,697.8205884646254
232.45000000000002,689.5856185004709
232.55,698.2533294512996
232.65000000000003,693.5800213317141
232.75000000000003,689.1139654797113
232.85000000000002,697.2322106043778
232.95000000000002,688.9842924672555
233.05,697.6225852452451
233.15000000000003,693.0148042512069
233.25000000000003,688.586293506588
233.35000000000002,696.9078174618172
233.45000000000002,688.6102463401794
233.55,697.5398887859585
233.65000000000003,692.6087832021788
233.75000000000003,688.2072455302512
233.85000000000002,696.7987992677234
233.95000000000002,688.3606066651012
234.05,697.1449503132695
234.15000000000003,691.99749984481
234.25000000000003,687.7666058148483
234.35000000000002,696.358139206446
234.45000000000002,687.3802619238576
234.55,696.6700878046694
234.65000000000003,691.3552321040808
234.75000000000003,687.1557510716331
234.85000000000002,695.9704081583365
234.95000000000002,687.3605918764661
235.05,696.452901802962
235.15000000000003,691.4837915460779
235.25000000000003,686.9146837095043
235.35000000000002,695.7637860060795
235.45000000000002,687.0840288096871
235.55,696.2484693720356
235.65000000000003,691.0995563630916
235.75000000000003,686.7824562719413
235.85000000000002,695.7140443514546
235.95000000000002,686.857184228862
236.05,695.5313621817376
236.15000000000003,690.4380187635146
236.25000000000003,685.9753684394225
236.35000000000002,695.1120410688079
236.45000000000002,686.4335052524689
236.55,695.5358715558718
236.65000000000003,690.1759560353652
236.75000000000003,686.0266740646625
236.85000000000002,694.7779966209616
236.95000000000002,685.9423668565199
237.05,695.1811607917483
237.15000000000003,689.8733578534619
237.25000000000003,685.6862616867646
237.35000000000002,694.732184051086
237.45000000000002,685.9475286280792
237.55,695.0505805433677
237.65000000000003,689.412687204634
237.75000000000003,685.2543018371116
237.85000000000002,694.4235437652719
237.95000000000002,685.4789851327484
238.05,694.7313918456575
238.15000000000003,689.4272777087442
238.25000000000003,685.2093473320637
238.35000000000002,694.5515327606246
238.45000000000002,685.3985503867916
238.55,693.3749397593596
238.65000000000003,689.5471724808644
238.75000000000003,685.3019422543803
238.85000000000002,694.3746691487536
238.95000000000002,685.3835700152295
239.05,694.7906792577771
239.15000000000003,689.3231564447151
239.25000000000003,684.9508197064416
239.35000000000002,694.3254362167902
239.45000000000002,685.2512364522896
239.55,694.4640427075105
239.65000000000003,689.0512185070239
239.75000000000003,685.1215260352922
239.85000000000002,694.2851492807649
239.95000000000002,685.1807326279808
240.05,694.358957678002
240.15000000000003,688.9832110711571
240.25000000000003,685.0827943780554
240.35000000000002,694.3119204159366
240.45000000000002,685.2626503944246
240.55,694.6875299970815
240.65000000000003,689.8320068105198
240.75000000000003,685.0710176363108
240.85000000000002,694.0143215391194
240.95000000000002,685.0128312774492
241.05,694.0845981249043
241.15000000000003,688.8343439892534
241.25000000000003,684.8782832835035
241.35000000000002,694.1636361076191
241.45000000000002,685.2267347123965
241.55,694.6827030312394
241.65000000000003,688.8872308255304
241.75000000000003,685.2125322759952
241.85000000000002,694.6058785396398
241.95000000000002,685.3326611290569
242.05,694.738348433242
242.15000000000003,689.2839310204273
242.25000000000003,685.6255219468017
242.35000000000002,695.0934538925886
242.45000000000002,685.7479056863551
242.55,695.3246037634651
242.65000000000003,690.0126756122086
242.75000000000003,686.2725278685044
242.85000000000002,695.5642289227646
242.95000000000002,686.7354382806576
243.05,695.8114711510498
243.15000000000003,690.5475734890108
243.25000000000003,686.7400192185761
243.35000000000002,695.9238534140329
243.45000000000002,687.0932255327269
243.55,696.4191602736423
243.65000000000003,691.2524008127898
243.75000000000003,687.4200635366624
243.85000000000002,696.5111801032209
243.95000000000002,687.7186847097461
244.05,696.4209854233513
244.15000000000003,691.3933198821944
244.25000000000003,687.6367751748483
244.35000000000002,696.6391395970024
244.45000000000002,687.9223531498445
244.55,696.7817900628031
244.65000000000003,691.5458857858681
244.75000000000003,688.120861907675
244.85000000000002,696.9060079000476
244.95000000000002,688.0628120695195
245.05,697.1603208385062
245.15000000000003,691.9467314958191
245.25000000000003,688.3989640803251
245.35000000000002,697.5246301845198
245.45000000000002,688.5025082242723
245.55,697.3850263504453
245.65000000000003,692.023565099547
245.75000000000003,688.5201036757494
245.85000000000002,696.9600807046783
245.95000000000002,688.6052298536299
246.05,697.4385425719073
246.15000000000003,692.4200076965308
246.25000000000003,689.0358343835793
246.35000000000002,697.4872183513801
246.45000000000002,688.6848678183675
246.55,697.5457730944739
246.65000000000003,692.7464900517292
246.75000000000003,689.2994878783256
246.85000000000002,697.7054733079528
246.95000000000002,689.3468383340075
247.05,698.1588386507098
247.15000000000003,692.8810904544495
247.25000000000003,689.242527913749
247.35000000000002,698.0804649265124
247.45000000000002,689.5322517132576
247.55,698.1026227310866
247.65000000000003,693.2090492337475
247.75000000000003,689.7782665721106
247.85000000000002,698.3508498843615
247.95000000000002,689.6090103818597
248.05,698.308660580726
248.15000000000003,693.2328357781489
248.25000000000003,689.9166461360998
248.35000000000002,699.9773348500754
248.45000000000002,689.8550636926786
248.55,698.5074101351528
248.65000000000003,693.6614428830037
248.75000000000003,690.4236403892821
248.85000000000002,701.5907307715295
248.95000000000002,690.1471383178618
249.05,698.7342300809331
249.15000000000003,693.7455409359022
249.25000000000003,690.48527880345
249.35000000000002,698.8510184322566
249.45000000000002,690.4467188050256
249.55,699.3388317378783
249.65000000000003,693.9322993215844
249.75000000000003,690.7758610739013
249.85000000000002,698.6854768791039
249.95000000000002,690.8543546981443
250.05,699.2631040517537
250.15000000000003,694.4330404810275
250.25000000000003,691.161826444487
250.35000000000002,699.1907934531184
250.45000000000002,690.5803237245049
250.55,699.1314013268005
250.65000000000003,694.2818030521304
250.75000000000003,691.3025283829265
250.85000000000002,699.3862078955834
250.95000000000002,691.398987925875
251.05,699.372760338501
251.15000000000003,694.7165750079585
251.25000000000003,691.7595079588564
251.35000000000002,699.5040636232749
251.45000000000002,691.5668579848007
251.55,699.8341773789671
251.65000000000003,695.0007710388956
251.75000000000003,692.032975957387
251.85000000000002,699.6804251175165
251.95000000000002,691.907850733711
252.05,699.58062824917
252.15000000000003,695.093576372926
252.25000000000003,692.1402872157443
252.35000000000002,699.759510676909
252.45000000000002,692.1565536565289
252.55,700.336570110884
252.65000000000003,695.4150455176683
252.75000000000003,692.8785755961017
252.85000000000002,699.9997586988596
252.95000000000002,692.3165654096701
253.05,700.1269472181818
253.15000000000003,695.6445571380716
253.25000000000003,693.0750206731763
253.35000000000002,700.375284604295
253.45000000000002,693.0189128199847
253.55,700.5488978183494
253.65000000000003,695.7415341711768
253.75000000000003,693.1685281429649
253.85000000000002,700.0236090021499
253.95000000000002,692.8826683657226
254.05,700.4696844688775
254.15000000000003,695.952107401988
254.25000000000003,693.6426124307292
254.35000000000002,700.8398146753683
254.45000000000002,693.4318512195439
254.55,700.4337131336622
254.65000000000003,695.8318950763744
254.75000000000003,693.587373685632
254.85000000000002,700.8240773503621
254.95000000000002,693.5888563043685
255.05,700.8801757089184
255.15000000000003,696.5445957044798
255.25000000000003,693.57301966209
255.35000000000002,700.4773581048591
255.45000000000002,693.6172216520523
255.55,700.664137285049
255.65000000000003,696.0582602267195
255.75000000000003,693.8822081635062
255.85000000000002,700.6796386517475
255.95000000000002,693.9215763422801
256.05,702.3127223818669
256.15000000000003,696.1326406847782
256.25,690.1892573731699
256.35,696.3157947447573
256.45000000000005,705.9457712371238
256.55,697.8096354187165
256.65000000000003,696.2863868940576
256.75,690.1601939888437
256.85,695.9109597601345
256.95000000000005,705.8589852895253
257.05,697.5515704634155
257.15000000000003,696.5740667712296
257.25,690.3927637771216
257.35,696.4504807337561
257.45000000000005,706.0723359781565
257.55,695.848320478989
257.65000000000003,696.1818432084431
257.75,690.3639439778083
257.85,696.672750910203
257.95000000000005,706.34009091088
258.05,697.8387529206046
258.15000000000003,696.6050652224745
258.25,690.5054983868519
258.35,696.9100382588875
258.45000000000005,701.2532613818818
258.55,697.7916897386043
258.65000000000003,696.4772211955117
258.75,690.4114333684097
258.85,696.6135773358558
258.95000000000005,706.2594737822242
259.05,697.9839251579821
259.15000000000003,696.5919552792653
259.25,690.2640828836471
259.35,696.4325380442286
259.45000000000005,706.1648770515195
259.55,698.0582217768796
259.65000000000003,696.8229271873897
259.75,681.5160709390143
259.85,696.7817746356112
259.95000000000005,706.1778348014776
260.05,697.6445119588316
260.15000000000003,696.6919971951834
260.25,690.0000141591123
260.35,696.5836474456687
260.45000000000005,706.343167883295
260.55,697.6609172055892
260.65000000000003,696.540922511778
260.75,690.1680168207938
260.85,696.313617871067
260.95000000000005,705.9676023087046
261.05,697.8246348439712
261.15000000000003,696.7364638784395
261.25,690.6111488940078
261.35,696.4711215945932
261.45000000000005,706.0631696748486
261.55,697.9575798997708
261.65000000000003,696.0731621338277
261.75,690.0576351498785
261.85,696.324357004786
261.95000000000005,705.9689514202624
262.05,697.4195692360416
262.15000000000003,696.390212981688
262.25,690.3266059818015
262.35,696.6896528657528
262.45000000000005,705.9692657794933
262.55,697.6653048987337
262.65000000000003,696.638867100621
262.75,690.504396277756
262.85,694.6930650321414
262.95000000000005,706.2763215295402
263.05,697.916733673734
263.15000000000003,696.5778524059239
263.25,689.96349859353
263.35,696.251827090538
263.45000000000005,706.1069391271768
263.55,697.6264040633351
263.65000000000003,696.2848808810269
263.75,690.183245420118
263.85,696.156797342151
263.95000000000005,705.9968904369337
264.05,697.2882685685072
264.15000000000003,696.2329120807553
264.25,690.1670843585955
264.35,696.2095304847529
264.45000000000005,705.86404099014
264.55,697.546816334032
264.65000000000003,696.0411805909345
264.75,689.8654553034046
264.85,695.8164566503078
264.95000000000005,705.500329845814
265.05,697.0924235859463
265.15000000000003,695.5569933383027
265.25,689.4000561770923
265.35,695.6548576011404
265.45000000000005,705.3750132818675
265.55,697.1267279705963
265.65000000000003,695.6121861769955
265.75,689.6364454783758
265.85,695.8934758295849
265.95000000000005,705.316499356291
266.05,696.9040767378405
266.15000000000003,695.4928263568884
266.25,689.4785175499151
266.35,695.41775477163
266.45000000000005,704.5558679615777
266.55,696.8882361576981
266.65000000000003,695.1714241311885
266.75,689.3871192496872
266.85,695.4318223634157
266.95000000000005,705.0764013721385
267.05,696.5642159720762
267.15000000000003,695.3468073756276
267.25,689.3535248731091
267.35,695.2548146094547
267.45000000000005,705.0262000369165
267.55,696.8137263071325
267.65000000000003,695.5156051836503
267.75,687.0462556573659
267.85,695.3276241747742
267.95000000000005,704.9028620379839
268.05,696.1712669403219
268.15000000000003,695.0444923400453
268.25,688.9672378181285
268.35,695.091243839621
268.45000000000005,704.6108556377361
268.55,696.26027305245
268.65000000000003,687.1238412546902
268.75,688.8365211208096
268.85,694.6615317331796
268.95000000000005,704.170731609218
269.05,695.9968416349102
269.15000000000003,694.8732458019572
269.25,688.3148697583026
269.35,694.7501052180164
269.45000000000005,704.4000139370603
269.55,696.0163981998286
269.65000000000003,694.349176190459
269.75,688.2415878091723
269.85,694.0306442623007
269.95000000000005,704.0468810144881
270.05,695.7352880851815
270.15000000000003,694.1963510581709
270.25,687.9466246086384
270.35,694.1512015373579
270.45000000000005,703.9664107159939
270.55,695.3370322490738
270.65000000000003,693.9115754752959
270.75,687.8521464241843
270.85,693.8823279344953
270.95000000000005,703.937074019078
271.05,695.1934841424472
271.15000000000003,693.7749815945713
271.25,687.1424790436915
271.35,693.4806743339727
271.45000000000005,703.0993999713394
271.55,694.654100165837
271.65000000000003,693.4744377609863
271.75,686.9184405953598
271.85,693.3885037937508
271.95000000000005,703.5059171836775
272.05,694.3048267439087
272.15000000000003,693.0433849734734
272.25,686.4779951180948
272.35,693.0805403293725
272.45000000000005,703.1800667636027
272.55,694.4685068253515
272.65000000000003,693.1095742035178
272.75,686.2855033190324
272.85,692.7999671089062
272.95000000000005,702.8848066336576
273.05,694.1939859186497
273.15000000000003,693.0564644600415
273.25,686.2584755775418
273.35,692.9961536249272
273.45000000000005,703.8295361382552
273.55,694.1747700321762
273.65000000000003,692.8478975171187
273.75,685.8864833389214
273.85,692.9355115857329
273.95000000000005,703.0079192832991
274.05,694.2096478263769
274.15000000000003,692.8574369448031
274.25,685.8335720304148
274.35,692.8197788041851
274.45000000000005,702.4240568835336
274.55,693.7264305692479
274.65000000000003,692.4011769338114
274.75,685.5207118243612
274.85,692.6099283888639
274.95000000000005,702.6806439253721
275.05,693.5759220376201
275.15000000000003,692.4664636659661
275.25,684.9968649937748
275.35,692.1439676314513
275.45000000000005,702.4445117251706
275.55,693.5505885488863
275.65000000000003,693.7432591088731
275.75,685.1975860050022
275.85,692.3571915636275
275.95000000000005,702.3842839718108
276.05,693.2182427057214
276.15000000000003,692.0617792712181
276.25,684.8577507439445
276.35,692.3130887936148
276.45000000000005,702.5310814514006
276.55,693.4861634074887
276.65000000000003,692.2797995499423
276.75,684.935421132413
276.85,689.611991366296
276.95000000000005,702.27310662654
277.05,693.3379140033417
277.15000000000003,692.3250305763588
277.25,685.0355363493695
277.35,692.4677864174045
277.45000000000005,702.3304828029234
277.55,693.3596087047606
277.65000000000003,692.072528447251
277.75,684.5157288909198
277.85,691.7806381144964
277.95000000000005,702.0677915636666
278.05,693.0268098898781
278.15000000000003,692.3127178300776
278.25,684.5190515084829
278.35,692.4022638990953
278.45000000000005,702.4551855024446
278.55,693.0243061799395
278.65000000000003,692.3504381269755
278.75,684.4819965092873
278.85,692.3079186876391
278.95000000000005,702.219110357016
279.05,693.1959636457166
279.15000000000003,692.5644120804518
279.25,684.0556943316756
279.35,692.0104345066526
279.45000000000005,702.1135372369694
279.55,693.131249611779
279.65000000000003,692.3000806694066
279.75,684.2169593155454
279.85,692.1875898336494
279.95000000000005,702.4089844107077
280.05,692.9619973670302
280.15000000000003,692.2140873924134
280.25,682.968702217967
280.35,692.4160812748954
280.45000000000005,702.2074569717807
280.55,693.0869100650533
280.65000000000003,692.3028457133657
280.75,684.1033163742368
280.85,692.0459321144559
280.95000000000005,702.0259760105158
281.05,692.8754765546025
281.15000000000003,692.2266211133918
281.25,683.9752758477781
281.35,692.3964038419208
281.45000000000005,702.2639090933153
281.55,692.9736388003573
281.65000000000003,691.9880615087915
281.75,683.5530892781115
281.85,692.1115936820071
281.95000000000005,702.1951026560548
282.05,693.0138098893973
282.15000000000003,692.2341494605273
282.25,683.5411320995659
282.35,692.339466637107
282.45000000000005,701.9631081301515
282.55,692.8961182342391
282.65000000000003,692.2656014130274
282.75,683.5639193043801
282.85,692.4703404725979
282.95000000000005,702.2825328635238
283.05,693.185720848736
283.15000000000003,692.8502379953975
283.25,683.8821074684863
283.35,692.8993209881176
283.45000000000005,703.057505262428
283.55,694.0880667529989
283.65000000000003,693.5824659560575
283.75,684.5196993831364
283.85,693.7366551588175
283.95000000000005,703.5984458486635
284.05,694.1847175100369
284.15000000000003,693.9432037091116
284.25,685.0002373985947
284.35,694.257585124341
284.45000000000005,704.2344863995463
284.55,695.1890457201678
284.65000000000003,694.5502484417982
284.75,685.6959901133378
284.85,694.7173817041105
284.95000000000005,704.7106854265546
285.05,695.6031957134377
285.15000000000003,695.1128357474746
285.25,686.3018314950585
285.35,695.4997035919222
285.45000000000005,705.464256012426
285.55,696.4742902261831
285.65000000000003,695.5159738560097
285.75,686.577365540662
285.85,696.0248597041992
285.95000000000005,705.9778796507217
286.05,696.8497122295873
286.15000000000003,696.529917689575
286.25,687.7990913165257
286.35,696.9533393576918
286.45000000000005,706.6241122587002
286.55,697.4936976548563
286.65000000000003,697.4267080051635
286.75,688.2094138378062
286.85,697.8686729615976
286.95000000000005,707.6057485647964
287.05,698.673337670566
287.15000000000003,698.3697818796833
287.25,688.5468734313137
287.35,698.2645803718773
287.45000000000005,708.0004777764308
287.55,699.0098577215621
287.65000000000003,698.6413858209283
287.75,689.41523890877
287.85,699.1201867348725
287.95000000000005,709.0885706429073
288.05,699.8230042485927
288.15000000000003,699.5678594071907
288.25,690.2978844167827
288.35,700.1137758633249
288.45000000000005,710.0371399285665
288.55,700.9681515730362
288.65000000000003,700.6402551451364
288.75,691.2416208239831
288.85,700.7048545870941
288.95000000000005,710.7785540814506
289.05,701.75982858804
289.15000000000003,701.4629306447074
289.25,692.9212236177369
289.35,701.9236843294111
289.45000000000005,711.7476675038479
289.55,702.787363926612
289.65000000000003,702.2943641638528
289.75,692.8289430242613
289.85,702.7862609151282
289.95000000000005,712.610767523933
290.05,703.7378821675035
290.15000000000003,703.4442832965025
290.25,693.8765627547352
290.35,701.593238351398
290.45000000000005,713.2328278694524
290.55,704.4948325790417
290.65000000000003,704.0527476516581
290.75,694.4871838053448
290.85,704.5911381669049
290.95000000000005,714.379379815787
291.05,705.3215348202656
291.15000000000003,704.9171620865305
291.25,695.2414055341263
291.35,704.9928818158114
291.45000000000005,715.04643549427
291.55,706.145186326752
291.65000000000003,705.9068699968844
291.75,692.2627879690624
291.85,706.2480910588766
291.95000000000005,716.0259246126673
292.05,706.6665795912484
292.15000000000003,706.5504321811229
292.25,696.5922021308107
292.35,707.1150908460129
292.45000000000005,717.0479825920278
292.55,708.1358907140547
292.65000000000003,707.5856830048314
292.75,697.8827004659646
292.85,708.0591959355975
292.95000000000005,717.9079586539774
293.05,708.925043626204
293.15000000000003,709.730853837932
293.25,699.0653661813628
293.35,709.2359342515045
293.45000000000005,718.9324503577462
293.55,710.1960092714323
293.65000000000003,709.4663844234262
293.75,699.4918257807856
293.85,709.7784996943202
293.95000000000005,719.8535181027253
294.05,711.0537753553358
294.15000000000003,710.7865712922074
294.25,700.5396911061299
294.35,711.0331634285325
294.45000000000005,720.6094866503526
294.55,711.7370338488782
294.65000000000003,711.4568576030902
294.75,701.6569513583161
294.85,711.9002288662552
294.95000000000005,721.6662162551263
295.05,712.9306392983965
295.15000000000003,712.5399810067764
295.25,702.1121699953003
295.35,712.7276900572297
295.45000000000005,722.3734308680363
295.55,713.5969214995732
295.65000000000003,713.1779553777453
295.75,703.0146500186039
295.85,713.4641713424023
295.95000000000005,723.4360917215927
296.05,714.2764986769982
296.15000000000003,714.0275467107979
296.25,704.1383398735251
296.35,714.5985725804242
296.45000000000005,724.4472176994033
296.55,715.6739593422686
296.65000000000003,715.3060248405865
296.75,705.1410455816904
296.85,715.2461739378741
296.95000000000005,725.0977202380358
297.05,716.1802201810087
297.15000000000003,716.01274045059
297.25,705.9159565488378
297.35,716.5951238284119
297.45000000000005,726.1494311440994
297.55,717.5139850993369
297.65000000000003,716.9103595527715
297.75,706.6646111992424
297.85,717.3936531072306
297.95000000000005,727.1976326989271
298.05,718.4458485154671
298.15000000000003,717.9785913847322
298.25,707.8111625577288
298.35,718.4402073126809
298.45000000000005,727.653562658393
298.55,719.278875847479
298.65000000000003,718.8420215533956
298.75,708.6770273628545
298.85,719.3464161883339
298.95000000000005,728.8590665479304
299.05,720.2538923789103
299.15000000000003,719.8789785345294
299.25,709.3372463840278
299.35,720.1375153632781
299.45000000000005,729.6634842049568
299.55,721.1763516402613
299.65000000000003,720.6972996113498
299.75,710.3835692566984
299.85,721.0199556819786
299.95000000000005,730.7107213410058
300.05,721.7259236204843
300.15000000000003,721.5265367004864
300.25,711.1968120561964
300.35,722.0319020763509
300.45000000000005,731.4987916612738
300.55,723.051933089972
300.65000000000003,722.3532990844435
300.75,712.1841147646674
300.85,722.8952853431963
300.95000000000005,732.4449561854917
301.05,723.971089231742
301.15000000000003,723.6195797903097
301.25,713.0256246199688
301.35,723.9702081020447
301.45000000000005,733.3294503401033
301.55,725.096979317779
301.65000000000003,724.1354035928853
301.75,713.7046561777424
301.85,724.554879721071
301.95000000000005,733.9164169622899
302.05,725.6388111894114
302.15000000000003,725.0721020626752
302.25,714.4475424102046
302.35,725.4874518231513
302.45000000000005,734.5839329055517
302.55,726.324146323187
302.65000000000003,725.9711026156327
302.75,715.34189374801
302.85,726.3874544157467
302.95000000000005,735.3534764852482
303.05,727.2018474683845
303.15000000000003,726.6794351648346
303.25,715.56582564092
303.35,726.5627253680435
303.45000000000005,735.9891920978456
303.55,727.8220511891926
303.65000000000003,727.3739917487162
303.75,716.7833415806853
303.85,727.5120131915689
303.95000000000005,736.6100660665089
304.05,728.1798407002196
304.15000000000003,727.7394829698956
304.25,717.3695907310532
304.35,728.2544508348385
304.45000000000005,737.228346963711
304.55,729.1651096329853
304.65000000000003,728.574132114976
304.75,718.0875048375888
304.85,728.7653909803282
304.95000000000005,737.7828215295602
305.05,729.5668724173283
305.15000000000003,729.1361001486778
305.25,718.6385679101652
305.35,729.4422422310324
305.45000000000005,738.412424017772
305.55,730.6904734776278
305.65000000000003,729.6731898360858
305.75,719.1540816824881
305.85,730.3014402181813
305.95000000000005,739.1252365059777
306.05,731.2507257570355
306.15000000000003,730.7323732984731
306.25,720.1415754999276
306.35,730.841475973156
306.45000000000005,739.1680338120673
306.55,731.5042209770572
306.65000000000003,730.8886602924762
306.75,720.4988987843949
306.85,731.3184822406299
306.95000000000005,739.8436187509828
307.05,732.2355958270338
307.15000000000003,731.6624231783516
307.25000000000006,720.8506321471036
307.35,731.709046884043
307.45000000000005,733.6531314342423
307.55,732.8326207200449
307.65000000000003,732.0507793440478
307.75000000000006,721.6485590307984
307.85,732.2918134858631
307.95000000000005,740.8149325924594
308.05,732.7686823991987
308.15000000000003,732.4035428520214
308.25000000000006,721.8510927251943
308.35,732.5479564470613
308.45000000000005,741.2138652098546
308.55,733.6992524709664
308.65000000000003,732.8962531345458
308.75000000000006,722.4645413892295
308.85,732.9187109312463
308.95000000000005,741.2512674878208
309.05,733.9607344909115
309.15000000000003,733.3354956908287
309.25000000000006,721.9848387524193
309.35,733.5444915069693
309.45000000000005,741.8377676368831
309.55,734.4349390091882
309.65000000000003,733.3779244162465
309.75000000000006,723.2113686498624
309.85,733.7471227153618
309.95000000000005,741.9215362665121
310.05,734.8659964929633
310.15000000000003,734.0269038359888
310.25000000000006,723.9494541819677
310.35,734.5146646779117
310.45000000000005,742.2666227222788
310.55,735.2911384834532
310.65000000000003,734.5998194768383
310.75000000000006,724.554879052264
310.85,735.1339444922821
310.95000000000005,743.1173654590651
311.05,736.183695432402
311.15000000000003,735.4188827948282
311.25000000000006,724.6446624111684
311.35,735.2626490866542
311.45000000000005,742.9445406233799
311.55,736.1295051415167
311.65000000000003,735.3977967865123
311.75000000000006,725.1756971231192
311.85,735.4549979228973
311.95000000000005,743.5354738671664
312.05,736.2766666718198
312.15000000000003,735.5066885723878
312.25000000000006,725.4380122635968
312.35,735.9923532072323
312.45000000000005,743.5835139098973
312.55,737.0030895870871
312.65000000000003,736.3185367965837
312.75000000000006,726.345201459378
312.85,736.2657404128286
312.95000000000005,743.9869259880936
313.05,737.4234461678423
313.15000000000003,736.6347255184133
313.25000000000006,726.7358799754364
313.35,736.950419577731
313.45000000000005,744.4813494645781
313.55,737.952849287028
313.65000000000003,737.1316314624471
313.75000000000006,727.2596877955639
313.85,737.543593445274
313.95000000000005,744.8797100470192
314.05,738.5557114508726
314.15000000000003,737.8913859715674
314.25000000000006,728.0711759109329
314.35,738.0813419062505
314.45000000000005,744.9190163980613
314.55,738.8949085033321
314.65000000000003,738.0313495181717
314.75000000000006,728.3077416524967
314.85,738.6131959886004
314.95000000000005,745.6241514168652
315.05,739.4910344372079
315.15000000000003,738.4605541839314
315.25000000000006,728.7171887270558
315.35,738.8693110955952
315.45000000000005,746.1557635318322
315.55,740.1066743024016
315.65000000000003,739.4740635989581
315.75000000000006,729.6953164076281
315.85,739.7636118086825
315.95000000000005,746.6376836011436
316.05,740.1833838339564
316.15000000000003,739.635592330217
316.25000000000006,730.0521529312205
316.35,740.0781297886119
316.45000000000005,747.0363557746158
316.55,741.0504726416669
316.65000000000003,740.4179947020777
316.75000000000006,730.8226168342567
316.85,740.5839105531174
316.95000000000005,747.4970989768204
317.05,741.9153913298326
317.15000000000003,741.1394690076223
317.25000000000006,731.6171835247351
317.35,741.3776382176266
317.45000000000005,748.0354096381401
317.55,742.4478854709178
317.65000000000003,741.2424624907526
317.75000000000006,732.0682732927422
317.85,741.7948578686503
317.95000000000005,748.514811286169
318.05,742.8982554659086
318.15000000000003,742.2599847126686
318.25000000000006,732.6565082362787
318.35,742.5547090917743
318.45000000000005,748.8171835575174
318.55,743.4754726171917
318.65000000000003,742.8439189488187
318.75000000000006,733.6233845872887
318.85,743.1912228231696
318.95000000000005,749.5640459166036
319.05,744.21415453358
319.15000000000003,743.6294373550785
319.25000000000006,733.8029073780638
319.35,743.479762220133
319.45000000000005,749.6696449340028
319.55,744.5615992437046
319.65000000000003,743.8438247043171
319.75000000000006,734.6412079963985
319.85,744.1369645723289
319.95000000000005,750.4182323776544
320.05,744.8219426437852
320.15000000000003,744.321580783081
320.25000000000006,735.3473432484806
320.35,744.8739437618132
320.45000000000005,750.9183173066675
320.55,745.9444602433631
320.65000000000003,745.2564790248938
320.75000000000006,736.2138534865902
320.85,745.1249323923066
320.95000000000005,751.0422925417035
321.05,746.3085176235356
321.15000000000003,745.7275292500728
321.25000000000006,736.9828563816807
321.35,746.1645630532312
321.45000000000005,751.7707409764798
321.55,747.3788825020878
321.65000000000003,746.5035957776572
321.75000000000006,737.5575013079148
321.85,746.8527233587248
321.95000000000005,752.5492837894393
322.05,747.9240196586184
322.15000000000003,747.2430731042217
322.25000000000006,738.3549268538603
322.35,747.6372516447079
322.45000000000005,752.5676793056491
322.55,748.3428422500336
322.65000000000003,747.5271398205585
322.75000000000006,738.7653484970258
322.85,748.0089227501516
322.95000000000005,753.4063705620387
323.05,748.9175173279085
323.15000000000003,748.4929805635188
323.25000000000006,739.3159259063622
323.35,748.4234948391174
323.45000000000005,753.9471318616555
323.55,749.7041059209927
323.65000000000003,749.1791570269407
323.75000000000006,740.3118512420942
323.85,749.448397102796
323.95000000000005,754.4876017137718
324.05,749.9116265714887
324.15000000000003,749.4073005695657
324.25000000000006,740.608292852184
324.35,749.6407843112298
324.45000000000005,754.9419255119474
324.55,750.8262330710305
324.65000000000003,750.0756333800541
324.75000000000006,741.772450149177
324.85,750.1316930163662
324.95000000000005,755.2492882614333
325.05,751.1882209848995
325.15000000000003,750.7263758522166
325.25000000000006,742.2274665825906
325.35,751.0269150669485
325.45000000000005,755.8030960316813
325.55,751.9037126977961
325.65000000000003,750.9069571683397
325.75000000000006,742.5871119602814
325.85,751.7896499882988
325.95000000000005,755.8772423324951
326.05,752.2809315333512
326.15000000000003,751.8468919489463
326.25000000000006,743.2001957078062
326.35,752.1720513981483
326.45000000000005,756.4419183886438
326.55,752.7825220677115
326.65000000000003,752.389388881739
326.75000000000006,744.1186409793938
326.85,752.6856082195752
326.95000000000005,756.9787429768959
327.05,753.5086269720642
327.15000000000003,753.0871721501409
327.25000000000006,744.0493454856392
327.35,752.8418145799028
327.45000000000005,757.1139793058293
327.55,753.5093847954383
327.65000000000003,751.4265450063425
327.75000000000006,744.7437520820455
327.85,753.4156134322807
327.95000000000005,759.2287543095206
328.05,753.9846883950764
328.15000000000003,753.6167719850511
328.25000000000006,745.3526517900157
328.35,753.8103088774787
328.45000000000005,757.9685270702341
328.55,754.6963454775577
328.65000000000003,754.2823816271716
328.75000000000006,745.8692225824716
328.85,753.8401631515263
328.95000000000005,758.0056758946233
329.05,754.9012575732614
329.15000000000003,754.3780942304004
329.25000000000006,746.2643709084615
329.35,754.5861368025953
329.45000000000005,758.4363873644927
329.55,755.3864931592475
329.65000000000003,754.7315676586203
329.75000000000006,746.5559727094419
329.85,755.0662026035085
329.95000000000005,759.0261604208073
330.05,755.9769224791066
330.15000000000003,755.3124526954048
330.25000000000006,747.1639693891005
330.35,755.4824112220465
330.45000000000005,758.8829946014063
330.55,756.1968917471166
330.65000000000003,755.4380936289072
330.75000000000006,747.3535004199729
330.85,755.828316510022
330.95000000000005,759.5069367679096
331.05,756.4667675103019
331.15000000000003,756.1584704841706
331.25000000000006,747.6691920821733
331.35,755.963235145476
331.45000000000005,759.6838475037591
331.55,756.9189092707406
331.65000000000003,756.5498313761084
331.75000000000006,748.4044387724364
331.85,756.7406048503024
331.95000000000005,760.0927016675633
332.05,756.8700949985787
332.15000000000003,756.4900673408386
332.25000000000006,748.4361430209391
332.35,756.6816851771569
332.45000000000005,760.1556436263234
332.55,757.6122195795991
332.65000000000003,757.0057440550067
332.75000000000006,749.2227164881755
332.85,757.0376631654758
332.95000000000005,760.4715458626831
333.05,757.9284782167541
333.15000000000003,757.6192930778986
333.25000000000006,749.6270911605097
333.35,757.7835901217264
333.45000000000005,760.8306974892827
333.55,758.3707059389205
333.65000000000003,757.4388767883621
333.75000000000006,749.7175062549536
333.85,757.7973001223195
333.95000000000005,760.6890455029626
334.05,758.6058035937714
334.15000000000003,758.3568950117789
334.25000000000006,750.3192141418548
334.35,758.554394669713
334.45000000000005,761.0249258820824
334.55,758.843349320392
334.65000000000003,758.4637643305555
334.75000000000006,750.7839175389826
334.85,758.7622255164385
334.95000000000005,761.4467621122265
335.05,759.4258056561827
335.15000000000003,758.8711594376484
335.25000000000006,750.5353745318673
335.35,758.6800186582446
335.45000000000005,761.2336107247215
335.55,759.2985903478013
335.65000000000003,759.0135750630144
335.75000000000006,751.324079030692
335.85,759.0489197407953
335.95000000000005,761.678730547683
336.05,759.4327485536975
336.15000000000003,759.124819631361
336.25000000000006,751.5123422170021
336.35,759.420838955861
336.45000000000005,761.8541880323877
336.55,759.9358380703718
336.65000000000003,759.5438029440072
336.75000000000006,751.9939326355072
336.85,759.3449179326308
336.95000000000005,761.7842445866546
337.05,760.1271554580358
337.15000000000003,759.7565022028566
337.25000000000006,752.0889862487722
337.35,759.995518224363
337.45000000000005,762.0849676289321
337.55,760.7137698878504
337.65000000000003,759.9459376801424
337.75000000000006,752.3790577748625
337.85,760.3024355637783
337.95000000000005,762.4076461477424
338.05,761.03380461867
338.15000000000003,760.5718359407549
338.25000000000006,753.0455514554836
338.35,760.7054072288582
338.45000000000005,762.0944930615358
338.55,761.1222240066203
338.65000000000003,760.5908418950985
338.75000000000006,753.2216298686999
338.85,760.9127576240227
338.95000000000005,762.739207028763
339.05,761.4128055043316
339.15000000000003,761.3438847697629
339.25000000000006,740.7939128505272
339.35,761.2838358170117
339.45000000000005,762.9158507216944
339.55,761.9071732712688
339.65000000000003,761.5622299491826
339.75000000000006,754.2997412020577
339.85,761.8200574364729
339.95000000000005,763.1784563448152
340.05,761.7255773848801
340.15000000000003,761.6733572234392
340.25000000000006,754.4180713490377
340.35,761.9806297426284
340.45000000000005,763.3730436969926
340.55,762.6339727174576
340.65000000000003,762.216914613125
340.75000000000006,755.3634676017996
340.85,762.5101121496479
340.95000000000005,763.7727361434163
341.05,763.266716577109
341.15000000000003,762.9810447871022
341.25000000000006,755.8511567057985
341.35,763.2849128561191
341.45000000000005,764.196707815663
341.55,763.8970263572287
341.65000000000003,763.0325583765404
341.75000000000006,756.058894429428
341.85,763.4446565583468
341.95000000000005,764.4361540067295
342.05,764.0534716121973
342.15000000000003,763.8455799329104
342.25000000000006,756.5139157769536
342.35,764.3387435296655
342.45000000000005,764.7186730622113
342.55,764.462179967215
342.65000000000003,764.3000206451331
342.75000000000006,757.4022224454112
342.85,764.7479621924688
342.95000000000005,765.2820490757052
343.05,765.2229212371902
343.15000000000003,764.9431178239874
343.25000000000006,757.2161373716725
343.35,764.8270307319541
343.45000000000005,765.2295041090989
343.55,765.1592355198418
343.65000000000003,765.2962213585287
343.75000000000006,758.3645757646688
343.85,765.5318858061488
343.95000000000005,765.8943159514978
344.05,765.7772042962047
344.15000000000003,765.7766828638315
344.25000000000006,758.9095503718912
344.35,766.207948051259
344.45000000000005,766.4032326368022
344.55,766.7117624184434
344.65000000000003,766.5276335588034
344.75000000000006,759.6406873855991
344.85,766.234571109136
344.95000000000005,766.6166921052002
345.05,766.9663133254236
345.15000000000003,766.9076684104341
345.25000000000006,760.1082013763009
345.35,767.3248625886778
345.45000000000005,767.2583314600749
345.55,767.8394745243071
345.65000000000003,767.5558068257794
345.75000000000006,760.7692288458526
345.85,768.0635308422668
345.95000000000005,767.9470935741109
346.05,768.5837874841679
346.15000000000003,768.4727200552421
346.25000000000006,761.706593945397
346.35,768.8379526623071
346.45000000000005,768.048445154428
346.55,769.0388337758535
346.65000000000003,768.7788215515242
346.75000000000006,762.0000742958977
346.85,769.165913180748
346.95000000000005,768.8902442731962
347.05,769.9181437641922
347.15000000000003,770.153194805482
347.25000000000006,762.9362122763619
347.35,769.9167481793278
347.45000000000005,769.5123028048479
347.55,770.7500083072671
347.65000000000003,770.8150981686096
347.75000000000006,763.9982522643847
347.85,771.190225575069
347.95000000000005,770.6739593356515
348.05,770.9208807829033
348.15000000000003,771.2465538544714
348.25000000000006,764.231652797129
348.35,771.736859841634
348.45000000000005,771.1809069330728
348.55,772.387583517706
348.65000000000003,772.3332133418041
348.75000000000006,765.9437841292521
348.85,772.5877796757619
348.95000000000005,771.8025757550515
349.05,773.3659490471695
349.15000000000003,773.6251854738609
349.25000000000006,766.8102276194923
349.35,774.0938654526268
349.45000000000005,772.9679731815899
349.55,774.5448766580542
349.65000000000003,774.0586102431092
349.75000000000006,767.372753962183
349.85,774.6020829322265
349.95000000000005,773.5868270333937
350.05,775.3356668510759
350.15000000000003,775.5148299838376
350.25000000000006,768.8188107480597
350.35,776.2171848122024
350.45000000000005,774.5672577032949
350.55,776.4104510752877
350.65000000000003,776.7842853127356
350.75000000000006,770.1547859021782
350.85,777.6104987043952
350.95000000000005,776.3799696435378
351.05,778.4381486852924
351.15000000000003,778.9075935162923
351.25000000000006,771.533863746585
351.35,779.3298984610395
351.45000000000005,777.9155214047462
351.55,780.0848549869637
351.65000000000003,780.5424036544384
351.75000000000006,773.8281333807773
351.85,781.2895790151332
351.95000000000005,780.0004900300249
352.05,781.9020940646973
352.15000000000003,782.6366118766463
352.25000000000006,775.7693208242424
352.35,783.5009989925924
352.45000000000005,782.0376237143909
352.55,784.3475026732498
352.65000000000003,784.8555310782087
352.75000000000006,777.8665895229678
352.85,785.1168680766159
352.95000000000005,783.4059245634184
353.05,785.9787300304253
353.15000000000003,786.6717410932443
353.25000000000006,779.6870708886144
353.35,787.8567300473047
353.45000000000005,786.0143469164905
353.55,788.4027207059644
353.65000000000003,788.7713745697828
353.75000000000006,781.9487874791425
353.85,790.1892987405882
353.95000000000005,788.356523443009
354.05,790.8083037980341
354.15000000000003,791.5975077494109
354.25000000000006,784.2581222235176
354.35,792.5842934370121
354.45000000000005,789.8192783732497
354.55,792.6757835644441
354.65000000000003,793.4235677436557
354.75000000000006,786.1661422895963
354.85,794.7807487578185
354.95000000000005,792.9059783121071
355.05,795.3059503639737
355.15000000000003,796.4776610002597
355.25000000000006,788.8917631988612
355.35,797.3215429030149
355.45000000000005,794.5722506651967
355.55,799.1914238997026
355.65000000000003,798.8879757031342
355.75000000000006,791.2700740727237
355.85,799.9268924941034
355.95000000000005,797.5128568579829
356.05,800.0229701876375
356.15000000000003,801.039502133988
356.25000000000006,793.5322999401769
356.35,802.1615580215699
356.45000000000005,799.7098828369762
356.55,802.7715043641547
356.65000000000003,803.8124395056851
356.75000000000006,796.5823308859007
356.85,804.9317141126003
356.95000000000005,802.4405044388526
357.05,805.6373737072033
357.15000000000003,806.7326719885518
357.25000000000006,799.2140520723617
357.35,808.0284745545799
357.45000000000005,805.1390917418914
357.55,808.5544455906155
357.65000000000003,809.0609937487941
357.75000000000006,801.2366866987882
357.85,810.3077770549098
357.95000000000005,807.3582195724666
358.05,811.0260436793044
358.15000000000003,812.1991875175165
358.25000000000006,804.2892164474462
358.35,819.8802254525435
358.45000000000005,810.3544575848817
358.55,813.847439657177
358.65000000000003,815.2349495209698
358.75000000000006,807.5976642236325
358.85,816.7492735933977
358.95000000000005,813.5724620999811
359.05,817.23892960154
359.15000000000003,818.6815445553232
359.25000000000006,809.9626691551425
359.35,819.4112620384034
359.45000000000005,816.1172072665429
359.55,819.9799997912459
359.65000000000003,821.6422827027279
359.75000000000006,813.523379805821
359.85,822.9680741612106
359.95000000000005,819.6419707828352
360.05,823.2843315496785
360.15000000000003,824.9663794689792
360.25000000000006,816.9472938684128
360.35,826.6008417566422
360.45000000000005,822.9143385338988
360.55,826.991785798532
360.65000000000003,828.6939492840733
360.75000000000006,820.3642129447896
360.85,829.6053958005226
360.95000000000005,825.884337554843
361.05,830.2047909814063
361.15000000000003,832.0102911475216
361.25000000000006,823.8787090186532
361.35,833.5829526999715
361.45000000000005,829.6431678781663
361.55,834.1627258274921
361.65000000000003,835.6320147494996
361.75000000000006,827.4007444842435
361.85,837.3061557468466
361.95000000000005,833.466975674589
362.05,837.7614917531636
362.15000000000003,839.6631324235282
362.25000000000006,831.2733582052279
362.35,841.4475945402407
362.45000000000005,836.598950596321
362.55,841.2905146684145
362.65000000000003,843.1429905654304
362.75000000000006,834.6915786654506
362.85,845.0209916466158
362.95000000000005,840.8876260994289
363.05,845.3521947511101
363.15000000000003,847.6404460545963
363.25000000000006,838.8241993904893
363.35,849.0649588927415
363.45000000000005,844.9501417463512
363.55,849.7346345630098
363.65000000000003,851.8083418418546
363.75000000000006,843.0813915002846
363.85,853.5313552255982
363.95000000000005,848.9694614100238
364.05,853.2026786073621
364.15000000000003,855.6882227339316
364.25000000000006,846.7350948821585
364.35,857.5096334363714
364.45000000000005,853.0741463403702
364.55,857.912755982962
364.65000000000003,859.9722317800289
364.75000000000006,851.4386443671309
364.85,861.8138868742005
364.95000000000005,857.2566305754552
365.05,862.3278999894517
365.15000000000003,864.6854247258888
365.25000000000006,855.8161171098467
365.35,866.2944312965951
365.45000000000005,861.5178662014815
365.55,866.7060804714027
365.65000000000003,868.3930643324479
365.75000000000006,859.5336227530357
365.85,870.3728623360819
365.95000000000005,865.2568119705361
366.05,870.7791900748288
366.15000000000003,873.1517312583479
366.25000000000006,864.1696736770767
366.35,875.3021154592597
366.45000000000005,869.8167837158052
366.55,875.2638095049347
366.65000000000003,877.8256107004798
366.75000000000006,868.8779175707259
366.85,879.7392928927935
366.95000000000005,874.2719807888672
367.05,879.9879683170199
367.15000000000003,882.5943783386994
367.25000000000006,872.829854583912
367.35,884.1802056259522
367.45000000000005,878.5535833488426
367.55,884.1140928218165
367.65000000000003,887.0051417600166
367.75000000000006,878.0249598996181
367.85,889.0813505283445
367.95000000000005,883.8839492393012
368.05,889.0158387446587
368.15000000000003,891.9370596956353
368.25000000000006,882.796132074041
368.35,893.9836467919768
368.45000000000005,888.4700990916689
368.55,894.0980295845706
368.65000000000003,896.814642858798
368.75000000000006,887.5647142854933
368.85,898.2568339798244
368.95000000000005,892.7722878531116
369.05,898.4882304000963
369.15000000000003,901.363606077258
369.25000000000006,892.3034898320348
369.35,903.4767117341178
369.45000000000005,897.5713447932254
369.55,903.7669639231062
369.65000000000003,906.7547376877577
369.75000000000006,897.1520482614519
369.85,908.5859490655239
369.95000000000005,902.7699811516597
370.05,908.8730721666474
370.15000000000003,911.720178945199
370.25000000000006,902.3051695209397
370.35,913.8925742755591
370.45000000000005,906.8426613304879
370.55,913.318571075266
370.65000000000003,916.2478205587064
370.75000000000006,906.8885362358502
370.85,918.3426768344742
370.95000000000005,912.3406698958595
371.05,915.2941206351614
371.15000000000003,921.3818913519906
371.25000000000006,911.6391883901326
371.35,923.390390347739
371.45000000000005,917.1626926564799
371.55,923.5296602637037
371.65000000000003,926.825371276697
371.75000000000006,917.1887346214568
371.85,928.8211640679345
371.95000000000005,922.341583475015
372.05,927.9448232319746
372.15000000000003,931.4693175155139
372.25000000000006,921.5688120632958
372.35,933.2992322658009
372.45000000000005,926.9135459267817
372.55,933.3948266391511
372.65000000000003,936.5884120824051
372.75000000000006,926.1744464616183
372.85,938.8022347967269
372.95000000000005,932.4238566091067
373.05,938.7937085414411
373.15000000000003,942.2845019618896
373.25000000000006,932.3909672264773
373.35,944.172226001378
373.45000000000005,937.7453501248541
373.55,944.0688771054647
373.65000000000003,946.5947775491811
373.75000000000006,936.6974097766614
373.85,948.828705243352
373.95000000000005,942.0322617905425
374.05,948.7492421264094
374.15000000000003,952.2869235848613
374.25000000000006,942.097239302413
374.35,954.9867547574974
374.45000000000005,947.8093064605748
374.55,954.2945273824882
374.65000000000003,957.7261074552738
374.75000000000006,948.0764409160961
374.85,959.9620583302218
374.95000000000005,953.3368953203412
375.05,959.7116757721944
375.15000000000003,963.0837942408325
375.25000000000006,952.0395199419296
375.35,964.3265890704357
375.45000000000005,957.238579669678
375.55,964.0347861160344
375.65000000000003,967.7650134054655
375.75000000000006,957.5551303961483
375.85,969.7059262442019
375.95000000000005,963.1537897115893
376.05,969.2135777509075
376.15000000000003,972.9254916314609
376.25000000000006,962.8836046574256
376.35,975.0685613302165
376.45000000000005,967.9770661405516
376.55,974.6054973813227
376.65000000000003,978.0513870705437
376.75000000000006,967.7816003307644
376.85,979.2732491312842
376.95000000000005,972.3027962854547
377.05,978.7328136149486
377.15000000000003,982.4829197168943
377.25000000000006,972.3128120140857
377.35,984.6067681204956
377.45000000000005,977.4779580991554
377.55,984.6596873545927
377.65000000000003,987.8570077107514
377.75000000000006,977.5064211934075
377.85,989.797701438777
377.95000000000005,982.8691037628354
378.05,989.4378728336299
378.15000000000003,992.7845247784585
378.25000000000006,981.453973985083
378.35,995.0515945281891
378.45000000000005,986.9637870068867
378.55,993.6007188942589
378.65000000000003,997.0506832662923
378.75000000000006,986.5946908054549
378.85,998.8974677654403
378.95000000000005,991.8097343828265
379.05,998.6566198463171
379.15000000000003,1002.3973921195739
379.25000000000006,990.914290862839
379.35,1003.2410536759014
379.45000000000005,996.1323891595409
379.55,1003.2547950851368
379.65000000000003,1006.677529520998
379.75000000000006,995.8754599960629
379.85,1008.66503595751
379.95000000000005,1001.0497027990257
380.05,1006.8254219248215
380.15000000000003,1013.7445121090149
380.25000000000006,999.563021738895
380.35,1012.6437722252833
380.45000000000005,1005.3818062114632
380.55,1012.1382797675243
380.65000000000003,1015.2873042182649
380.75000000000006,1004.935951015909
380.85,1017.3046120465493
380.95000000000005,1009.9485563972448
381.05,1016.9989446852037
381.15000000000003,1020.6024407753406
381.25000000000006,1009.8503372901318
381.35,1022.596411388607
381.45000000000005,1014.7934316244751
381.55,1021.702664648612
381.65000000000003,1024.5391951418935
381.75000000000006,1013.4492772067579
381.85,1026.4180503130217
381.95000000000005,1019.074028217886
382.05,1026.2508841858457
382.15000000000003,1029.4035260099465
382.25000000000006,1018.0375366945916
382.35,1031.7512819106921
382.45000000000005,1023.8610747002024
382.55,1030.6816557554605
382.65000000000003,1034.1973347562698
382.75000000000006,1023.011989772676
382.85,1036.1226497425466
382.95000000000005,1028.7039823684609
383.05,1035.6296804109872
383.15000000000003,1039.0810330097079
383.25000000000006,1026.6067349688497
383.35,1040.0998834010545
383.45000000000005,1032.5189932782644
383.55,1039.5419857081174
383.65000000000003,1043.370383554067
383.75000000000006,1031.8720092290812
383.85,1044.9962165710895
383.95000000000005,1037.9790047506797
384.05,1043.8737252631101
384.15000000000003,1047.6337116521643
384.25000000000006,1036.2617356440599
384.35,1049.621022753202
384.45000000000005,1042.2089791734386
384.55,1048.9295699417833
384.65000000000003,1052.3084394356583
384.75000000000006,1040.762389821411
384.85,1053.3509388382124
384.95000000000005,1046.410182070279
385.05,1053.018022775545
385.15000000000003,1056.3714345852686
385.25000000000006,1044.910420820647
385.35,1058.7022718418693
385.45000000000005,1051.1706003959953
385.55,1057.9555275186515
385.65000000000003,1060.8108842788988
385.75000000000006,1048.8611645023605
385.85,1062.779297763007
385.95000000000005,1055.5471585002435
386.05,1062.2446325106482
386.15000000000003,1065.5884402580941
386.25000000000006,1053.5283714912591
386.35,1067.4434429991074
386.45000000000005,1059.0665086846582
386.55,1065.8565399106815
386.65000000000003,1069.1554379098345
386.75000000000006,1057.0900129867252
386.85,1070.922154716093
386.95000000000005,1063.923808105045
387.05,1069.9732200320425
387.15000000000003,1073.9963162693787
387.25000000000006,1061.4060323269864
387.35,1075.387572163869
387.45000000000005,1068.5984846217045
387.55,1074.623797855526
387.65000000000003,1078.218147346494
387.75000000000006,1066.0226772513709
387.85,1079.7826149939476
387.95000000000005,1072.946675167714
388.05,1078.2769893848558
388.15000000000003,1081.9300981988877
388.25000000000006,1070.0420040241277
388.35,1083.736543252756
388.45000000000005,1077.367568028612
388.55,1083.2289173105075
388.65000000000003,1086.36962624498
388.75000000000006,1074.5614455599205
388.85,1088.130828697985
388.95000000000005,1081.4191557164188
389.05,1087.21293766762
389.15000000000003,1090.8510125037178
389.25000000000006,1078.447285141483
389.35,1092.5041421074134
389.45000000000005,1086.1971598138664
389.55,1091.7452695010868
389.65000000000003,1093.9667332902586
389.75000000000006,1081.8933591330706
389.85,1095.607068744629
389.95000000000005,1089.671857919622
390.05,1095.287499923448
390.15000000000003,1098.536851930616
390.25000000000006,1086.2498831380483
390.35,1100.3067572459802
390.45000000000005,1093.9346855108836
390.55,1099.0768475887453
390.65000000000003,1102.8308398421289
390.75000000000006,1090.3063142623669
390.85,1104.5827438947265
390.95000000000005,1098.7941540974618
391.05,1103.7834494516533
391.15000000000003,1107.2781073747078
391.25000000000006,1093.7111101622104
391.35,1108.4360014072736
391.45000000000005,1102.994664384873
391.55,1107.6578060520744
391.65000000000003,1111.1410434707009
391.75000000000006,1098.683334270716
391.85,1112.752006531873
391.95000000000005,1107.6853469724347
392.05,1111.8565361751641
392.15000000000003,1115.5002287121051
392.25000000000006,1103.2754563623707
392.35,1117.4290721373204
392.45000000000005,1112.143142721152
392.55,1116.5465108822993
392.65000000000003,1119.9609776048112
392.75000000000006,1107.7034859242947
392.85,1120.7498825215146
392.95000000000005,1116.2122631447469
393.05,1120.6200883476215
393.15000000000003,1128.3842992594764
393.25000000000006,1111.6601202138886
393.35,1125.399905525957
393.45000000000005,1120.4619698142922
393.55,1124.6255054621263
393.65000000000003,1127.306073798926
393.75000000000006,1115.0004836603607
393.85,1129.2301072445136
393.95000000000005,1125.2141966089378
394.05,1128.5369669312697
394.15000000000003,1131.8886877025068
394.25000000000006,1119.1897798060102
394.35,1133.379327060954
394.45000000000005,1127.8611317461757
394.55,1132.1230305757886
394.65000000000003,1135.3159355334897
394.75000000000006,1122.3887230227288
394.85,1136.8735437925095
394.95000000000005,1133.0914643718666
395.05,1135.9904551462025
395.15000000000003,1139.389984516264
395.25000000000006,1126.213531004848
395.35,1140.2151656915903
395.45000000000005,1136.6716020502195
395.55,1139.7195295495878
395.65000000000003,1142.8854030243826
395.75000000000006,1130.000109975043
395.85,1143.986548191397
395.95000000000005,1140.3744667848273
396.05,1142.1530672661945
396.15000000000003,1145.4609984069073
396.25000000000006,1132.7726628655496
396.35,1147.0902182644818
396.45000000000005,1143.9425982693122
396.55,1146.3856559483802
396.65000000000003,1149.246335642673
396.75000000000006,1136.7093294965603
396.85,1150.538239848671
396.95000000000005,1147.431553745976
397.05,1149.857451254679
397.15000000000003,1152.874751902166
397.25000000000006,1140.3588300794602
397.35,1154.6293187865251
397.45000000000005,1151.259249744271
397.55,1153.724034496744
397.65000000000003,1155.566401399429
397.75000000000006,1142.9683779053191
397.85,1156.8731704500394
397.95000000000005,1153.5595934920304
398.05,1156.0776411161642
398.15000000000003,1158.7247322770168
398.25000000000006,1145.522380591057
398.35,1160.486421769663
398.45000000000005,1156.7058710986794
398.55,1159.093403703161
398.65000000000003,1162.106043793534
398.75000000000006,1149.3229360434775
398.85,1163.2845605486652
398.95000000000005,1159.9666059335193
399.05,1162.1185511236583
399.15000000000003,1164.6950036371486
399.25000000000006,1150.3410225748048
399.35,1164.6584075847702
399.45000000000005,1161.3059163743123
399.55,1161.85296873913
399.65000000000003,1166.3798100556187
399.75000000000006,1153.3812091856635
399.85,1167.2320196725902
399.95000000000005,1163.85641437512
400.05,1165.5738549331973
400.15000000000003,1168.563115660678
400.25000000000006,1155.57557064731
400.35,1168.4969092488566
400.45000000000005,1166.4252576874958
400.55,1168.638371254987
400.65000000000003,1170.9529866183466
400.75000000000006,1157.7974005243884
400.85,1171.3187587996101
400.95000000000005,1168.2054260532702
401.05,1170.470213279095
401.15000000000003,1172.982422138243
401.25000000000006,1160.1659638131682
401.35,1174.1109792650568
401.45000000000005,1170.5052534795302
401.55,1172.7398321542992
401.65000000000003,1174.80765701617
401.75000000000006,1161.6047558757384
401.85,1175.8213828521334
401.95000000000005,1172.3667969636417
402.05,1174.6158881157276
402.15000000000003,1177.2101728739963
402.25000000000006,1163.6595243918146
402.35,1178.0050265156317
402.45000000000005,1173.5136670909865
402.55,1176.3190163017491
402.65000000000003,1178.7079324099263
402.75000000000006,1165.6167740097565
402.85,1179.978136732096
402.95000000000005,1176.0986410607084
403.05,1178.1925955561937
403.15000000000003,1180.84608350234
403.25000000000006,1166.465786689617
403.35,1181.02186667673
403.45000000000005,1177.3818442419397
403.55,1179.975256345258
403.65000000000003,1182.5943122580068
403.75000000000006,1168.6770778313364
403.85,1183.1638793315285
403.95000000000005,1179.134791144351
404.05,1181.2328290722305
404.15000000000003,1183.706686810825
404.25000000000006,1169.6893918327496
404.35,1184.283266619579
404.45000000000005,1180.3711629229983
404.55,1183.0440705463336
404.65000000000003,1185.3478783289097
404.75000000000006,1171.4767103937172
404.85,1185.6403568861422
404.95000000000005,1181.123398314101
405.05,1184.4707290155438
405.15000000000003,1186.5790670557055
405.25000000000006,1172.3904744050299
405.35,1186.8447297379253
405.45000000000005,1182.267751828257
405.55,1185.3204400138331
405.65000000000003,1187.020975690815
405.75000000000006,1173.0310126673473
405.85,1187.6915048943708
405.95000000000005,1183.1458050029592
406.05,1186.2588658429254
406.15000000000003,1188.6275240991372
406.25000000000006,1174.131120073024
406.35,1189.0639375308378
406.45000000000005,1183.9124630773608
406.55,1187.1193359583185
406.65000000000003,1189.4924925114003
406.75000000000006,1175.0814885063198
406.85,1189.923477669573
406.95000000000005,1184.8425300348783
407.05,1188.247852834299
407.15000000000003,1190.4143989005288
407.25000000000006,1175.2589448111014
407.35,1190.5362888565755
407.45000000000005,1185.1244073569387
407.55,1188.4798575211096
407.65000000000003,1190.9232184947778
407.75000000000006,1176.2419459997677
407.85,1191.2883581461253
407.95000000000005,1186.0678798734277
408.05,1189.1063020642353
408.15000000000003,1191.5412705763663
408.25000000000006,1176.8745776942078
408.35,1192.1179330374107
408.45000000000005,1186.61342208405
408.55,1190.3179588419666
408.65000000000003,1192.4113458042652
408.75000000000006,1177.384984703271
408.85,1192.2936361909954
408.95000000000005,1186.754118067632
409.05,1190.4845593231744
409.15000000000003,1190.5691491701675
409.25000000000006,1177.526588535959
409.35,1192.9968893755577
409.45000000000005,1187.1908205992559
409.55,1191.3050853548464
409.65000000000003,1180.4918741208746
409.75000000000006,1191.5129991047781
409.85,1193.7611652597582
409.95000000000005,1187.7891532388871
410.05,1192.0209142775507
410.15000000000003,1178.1566778734789
410.25000000000006,1192.339215737074
410.35,1194.4525214959572
410.45000000000005,1187.8062376094551
410.55,1192.4957551250186
410.65000000000003,1181.6750346261717
410.75000000000006,1192.7509112643004
410.85,1195.0480804645574
410.95000000000005,1188.721952621162
411.05,1193.137485401792
411.15000000000003,1182.598197980558
411.25000000000006,1193.019545763226
411.35,1195.4932811046344
411.45000000000005,1189.079225440338
411.55,1193.782220910607
411.65000000000003,1183.126734464891
411.75000000000006,1194.1922993414064
411.85,1196.276827005026
411.95000000000005,1189.6139029040157
412.05,1194.3931528285343
412.15000000000003,1183.9236267417948
412.25000000000006,1194.7022238786706
412.35,1197.0536317244175
412.45000000000005,1190.213397319597
412.55,1195.2418040303116
412.65000000000003,1184.1276996762472
412.75000000000006,1195.205020177961
412.85,1197.383420445237
412.95000000000005,1190.5779112124028
413.05,1195.4824111582177
413.15000000000003,1184.6348874172913
413.25000000000006,1195.9160234358617
413.35,1198.1500602068181
413.45000000000005,1191.1689352210362
413.55,1196.4680115394287
413.65000000000003,1185.1424908863264
413.75000000000006,1196.4999752893323
413.85,1198.7167255186348
413.95000000000005,1191.483998407691
414.05,1197.2434997100634
414.15000000000003,1186.3357053271993
414.25000000000006,1197.430347985285
414.35,1200.1249289092484
414.45000000000005,1192.4282689145614
414.55,1197.9414044036023
414.65000000000003,1187.1652817191514
414.75000000000006,1198.4609794960354
414.85,1200.8093313827396
414.95000000000005,1193.3333057414952
415.05,1198.8660156263827
415.15000000000003,1187.9667203483245
415.25000000000006,1198.7931752613697
415.35,1201.100731668874
415.45000000000005,1193.6662799812004
415.55,1199.720040111207
415.65000000000003,1188.791160174842
415.75000000000006,1199.9489068059067
415.85,1202.2674448277642
415.95000000000005,1194.3678293960581
416.05,1200.0073946195332
416.15000000000003,1189.0562418638597
416.25000000000006,1200.2095138684226
416.35,1202.5058849256607
416.45000000000005,1194.5817898233154
416.55,1200.7476905292085
416.65000000000003,1189.728845437987
416.75000000000006,1200.1346378584933
416.85,1202.4502942369681
416.95000000000005,1194.4158982908061
417.05,1200.8063647677254
417.15000000000003,1189.9482121467913
417.25000000000006,1201.126413177276
417.35,1203.1461755160515
417.45000000000005,1194.8212517064064
417.55,1201.202383382804
417.65000000000003,1190.056245064596
417.75000000000006,1201.2403519952636
417.85,1203.4734179809402
417.95000000000005,1195.266815629774
418.05,1201.766083130309
418.15000000000003,1190.8657859440723
418.25000000000006,1202.1999092450758
418.35,1204.2808403678691
418.45000000000005,1195.3408845133408
418.55,1202.020407923907
418.65000000000003,1191.1796150291266
418.75000000000006,1202.5652448296198
418.85,1204.843235332694
418.95000000000005,1195.7524080630153
419.05,1202.9696012253717
419.15000000000003,1191.887778491543
419.25000000000006,1202.9152256072284
419.35,1205.1599454862248
419.45000000000005,1196.299597999433
419.55,1203.3277997292575
419.65000000000003,1192.3645676958486
419.75000000000006,1203.9411135291475
419.85,1205.9730784853198
419.95000000000005,1196.74475359843
420.05,1203.381113049615
420.15000000000003,1192.6781064297302
420.25000000000006,1204.002535636414
420.35,1206.1993084671544
420.45000000000005,1196.9340203049542
420.55,1204.5288289896832
420.65000000000003,1193.2051425833527
420.75000000000006,1205.0024734711876
420.85,1206.7393792483415
420.95000000000005,1197.2636550582308
421.05,1205.1582848638177
421.15000000000003,1194.121654868282
421.25000000000006,1205.68886811108
421.35,1207.782846314687
421.45000000000005,1198.0886366974416
421.55,1205.936137841416
421.65000000000003,1194.3252257557185
421.75000000000006,1206.1989152064389
421.85,1208.3994675894937
421.95000000000005,1198.6672549261198
422.05,1206.4813670788155
422.15000000000003,1195.1184385514523
422.25000000000006,1206.8195475489833
422.35,1209.321954666562
422.45000000000005,1199.1431259894514
422.55,1207.2533232676155
422.65000000000003,1195.8166010925486
422.75000000000006,1207.791915209727
422.85,1209.9438117400305
422.95000000000005,1199.7136831787238
423.05,1208.0565768260194
423.15000000000003,1196.9519679017228
423.25000000000006,1208.3257567152168
423.35,1210.4288677644158
423.45000000000005,1200.2040715175613
423.55,1208.6925960482079
423.65000000000003,1197.7282848122763
423.75000000000006,1209.0944086652394
423.85,1211.2277064293426
423.95000000000005,1200.6571443301132
424.05,1209.4154293468912
424.15000000000003,1198.4617843227281
424.25000000000006,1210.2971244485977
424.35,1212.3957561988193
424.45000000000005,1201.541536730304
424.55,1210.458923024641
424.65000000000003,1199.5951461256273
424.75000000000006,1211.2388924146662
424.85,1212.8481475231993
424.95000000000005,1201.997688424061
425.05,1211.1795896524566
425.15000000000003,1200.4249191083734
425.25000000000006,1211.9828587952259
425.35,1213.9832821071973
425.45000000000005,1203.0875819811047
425.55,1212.3972731467595
425.65000000000003,1201.5465283038457
425.75000000000006,1212.6456578538546
425.85,1215.1203357896486
425.95000000000005,1203.477510096509
426.05,1212.9661659602987
426.15000000000003,1202.4253560459308
426.25000000000006,1213.86645908984
426.35,1216.0576590232517
426.45000000000005,1204.2011151185943
426.55,1214.0184150226623
426.65000000000003,1203.2461737288227
426.75000000000006,1214.5277581743132
426.85,1217.1123736118823
426.95000000000005,1205.300593230375
427.05,1207.18397966467
427.15000000000003,1204.6073927432951
427.25000000000006,1215.863830691654
427.35,1218.2111264597718
427.45000000000005,1206.1605519692218
427.55,1216.5148352941462
427.65000000000003,1205.8555924719094
427.75000000000006,1217.3609005759763
427.85,1219.6516701793362
427.95000000000005,1207.38344258611
428.05,1217.4196666861571
428.15000000000003,1207.1471210889674
428.25000000000006,1218.6031780645244
428.35,1220.8653419748598
428.45000000000005,1208.4376931830516
428.55,1219.1634251717276
428.65000000000003,1208.8815757150953
428.75000000000006,1220.2229958452278
428.85,1222.1958526028995
428.95000000000005,1209.28457942962
429.05,1220.249852339501
429.15000000000003,1210.286492050658
429.25000000000006,1221.2999245033698
429.35,1223.748859877487
429.45000000000005,1206.6579790189855
429.55,1222.092639087945
429.65000000000003,1211.6562195515303
429.75000000000006,1223.0243769105737
429.85,1225.3944712468913
429.95000000000005,1212.2142995019626
430.05,1223.4103054629993
430.15000000000003,1213.462746251153
430.25000000000006,1224.5097368227737
430.35,1227.0972471934624
430.45000000000005,1213.3488299929745
430.55,1224.8321921228078
430.65000000000003,1214.76976961686
430.75000000000006,1225.99235412558
430.85,1228.4101082940074
430.95000000000005,1214.6619096440497
431.05,1226.3468368222218
431.15000000000003,1216.2634048301888
431.25000000000006,1227.124124843374
431.35,1229.802229078844
431.45000000000005,1215.706201696459
431.55,1227.7876547470785
431.65000000000003,1217.9359863134607
431.75000000000006,1229.0270800840208
431.85,1231.4594468987286
431.95000000000005,1217.2259463632429
432.05,1229.1001701141513
432.15000000000003,1219.3502413964218
432.25000000000006,1230.5827033067924
432.35,1233.1489253732996
432.45000000000005,1218.6876001403064
432.55,1231.2675322791824
432.65000000000003,1221.3501087745753
432.75000000000006,1232.5789923311443
432.85,1234.8639556679036
432.95000000000005,1220.1665652863776
433.05,1232.9505287845984
433.15000000000003,1223.21866789901
433.25000000000006,1234.30346612862
433.35,1236.9812451380533
433.45000000000005,1221.759085789048
433.55,1234.9356616821665
433.65000000000003,1224.900380099464
433.75000000000006,1235.85269938026
433.85,1238.7587004743525
433.95000000000005,1223.4290604753921
434.05,1236.6828302628599
434.15000000000003,1226.9339558785045
434.25000000000006,1237.891231704344
434.35,1240.670790304224
434.45000000000005,1225.0720870476846
434.55,1238.368342131326
434.65000000000003,1228.9192091697823
434.75000000000006,1239.7204308831624
434.85,1242.7096805670246
434.95000000000005,1226.9808934351738
435.05,1240.5061898267645
435.15000000000003,1230.9108833939683
435.25000000000006,1241.789045111257
435.35,1244.7033795113666
435.45000000000005,1228.8669277215654
435.55,1242.5332043156586
435.65000000000003,1232.849642798574
435.75000000000006,1243.895395319476
435.85,1246.6953352179542
435.95000000000005,1230.697601131514
436.05,1244.4243760367422
436.15000000000003,1234.723034197375
436.25000000000006,1245.880062267396
436.35,1248.7834973517317
436.45000000000005,1232.6692981485314
436.55,1246.6710467602365
436.65000000000003,1237.0609688637132
436.75000000000006,1248.131294371894
436.85,1250.908223551856
436.95000000000005,1234.5564211498536
437.05,1248.787602615207
437.15000000000003,1239.0829449188311
437.25000000000006,1250.1061618125502
437.35,1253.17449241735
437.45000000000005,1236.5007567600926
437.55,1250.8693880266542
437.65000000000003,1240.9581718475006
437.75000000000006,1252.0820054142123
437.85,1255.090266533561
437.95000000000005,1238.349431494142
438.05,1252.947203986108
438.15000000000003,1243.1679904829234
438.25000000000006,1254.4516815506415
438.35,1257.8101556315341
438.45000000000005,1240.6671606965867
438.55,1255.3378556129633
438.65000000000003,1245.5128476379803
438.75000000000006,1256.8362725440993
438.85,1260.2183808715474
438.95000000000005,1242.9823148478606
439.05,1258.0363114044737
439.15000000000003,1248.2568099620685
439.25000000000006,1259.2553623087965
439.35,1262.7244336326332
439.45000000000005,1245.52929070173
439.55,1260.438993378167
439.65000000000003,1250.4379475357239
439.75000000000006,1261.713485740918
439.85,1265.210316306362
439.95000000000005,1247.8014609738523
440.05,1262.7757722226347
440.15000000000003,1252.940930101834
440.25000000000006,1264.2303959212613
440.35,1267.7343409041043
440.45000000000005,1250.1687690643287
440.55,1265.3752059510994
440.65000000000003,1255.5893762751093
440.75000000000006,1266.7735358227208
440.85,1270.4486826850032
440.95000000000005,1252.6584480580161
441.05,1268.1346742985452
441.15000000000003,1258.3315173937433
441.25000000000006,1269.6624024724995
441.35,1273.466376353442
441.45000000000005,1255.584806760491
441.55,1271.1562130102457
441.65000000000003,1261.3063942102792
441.75000000000006,1272.5098310741603
441.85,1276.541098241622
441.95000000000005,1258.8186325747547
442.05,1274.3722366194856
442.15000000000003,1264.4029597059343
442.25000000000006,1275.9096336026764
442.35,1279.6858846537393
442.45000000000005,1261.5617957384327
442.55,1277.3988006080672
442.65000000000003,1267.6198588304217
442.75000000000006,1278.9396242248868
442.85,1283.0132038486652
442.95000000000005,1265.0506448077876
443.05,1280.7864777492684
443.15000000000003,1271.0461179587255
443.25000000000006,1282.289418438589
443.35,1286.4463589130303
443.45000000000005,1268.5641983620499
443.55,1284.3792882419027
443.65000000000003,1274.7863240391612
443.75000000000006,1285.9864162390008
443.85,1290.051887422362
443.95000000000005,1272.0721449291814
444.05,1287.9389336624683
444.15000000000003,1278.2119289182288
444.25000000000006,1289.3023821085196
444.35,1293.6625873932974
444.45000000000005,1275.4825195620183
444.55,1291.4483404684763
444.65000000000003,1281.5861804112303
444.75000000000006,1292.8010985415353
444.85,1297.1270679669951
444.95000000000005,1278.9098986032368
445.05,1295.0674173619989
445.15000000000003,1285.141871776799
445.25000000000006,1296.3481838246548
445.35,1300.9451655270573
445.45000000000005,1282.600204332721
445.55,1298.6318617898323
445.65000000000003,1288.4379586774194
445.75000000000006,1299.561964144407
445.85,1304.0418649013104
445.95000000000005,1285.7766952814072
446.05,1302.0014106452788
446.15000000000003,1292.039102632223
446.25000000000006,1303.1180262519224
446.35,1307.7757392798399
446.45000000000005,1289.4077396497246
446.55,1305.4868826235218
446.65000000000003,1295.3291527511783
446.75000000000006,1306.4486940384895
446.85,1311.1163006197864
446.95000000000005,1292.7677906236852
447.05,1309.0165280096403
447.15000000000003,1298.7058391144517
447.25000000000006,1309.4866237151937
447.35,1314.3554103963318
447.45000000000005,1296.1185642697747
447.55,1312.2409436485325
447.65000000000003,1301.8657949357128
447.75000000000006,1312.6354303142182
447.85,1317.5923602327039
447.95000000000005,1299.5497920586417
448.05,1315.4554644702662
448.15000000000003,1305.0126397148244
448.25000000000006,1315.9833331031914
448.35,1320.9986418544095
448.45000000000005,1302.7433746581773
448.55,1318.8412891388077
448.65000000000003,1308.3641951324319
448.75000000000006,1319.2851265264915
448.85,1324.0740098778863
448.95000000000005,1305.9510677081714
449.05,1322.1887865346835
449.15000000000003,1311.6240723120793
449.25000000000006,1322.613128978184
449.35,1327.6161108147385
449.45000000000005,1309.3818622787398
449.55,1325.5021118446175
449.65000000000003,1315.0283601202013
449.75000000000006,1325.9746570956756
449.85,1330.8800240074743
449.95000000000005,1312.804661665701
450.05,1328.9905862419903
450.15000000000003,1318.3370021586763
450.25000000000006,1329.302498102703
450.35,1334.2585558986932
450.45000000000005,1315.9719741846407
450.55,1332.078960204931
450.65000000000003,1321.482326531796
450.75000000000006,1332.509475151658
450.85,1337.3726527417966
450.95000000000005,1319.1010090624684
451.05,1335.1363286143855
451.15000000000003,1324.3996055178789
451.25000000000006,1335.2916099033496
451.35,1340.0379675994075
451.45000000000005,1321.8010888920605
451.55,1337.968565220579
451.65000000000003,1327.3011544065514
451.75000000000006,1338.3911473948683
451.85,1343.1056087251527
451.95000000000005,1324.87330631105
452.05,1340.703395805969
452.15000000000003,1329.9858357583469
452.25000000000006,1340.9496483397404
452.35,1345.7328967061985
452.45000000000005,1327.6724217437345
452.55,1343.5781279753708
452.65000000000003,1332.7927860944285
452.75000000000006,1343.8854106016636
452.85,1348.5542220184495
452.95000000000005,1330.500081334397
453.05,1346.380743614626
453.15000000000003,1335.6612883836892
453.25000000000006,1346.6488885940803
453.35,1351.4407958468028
453.45000000000005,1333.3463571910474
453.55,1349.072830121575
453.65000000000003,1338.0076320310795
453.75000000000006,1349.0166676177741
453.85,1353.5566417209352
453.95000000000005,1335.5496104842266
454.05,1351.180723825118
454.15000000000003,1340.255449448298
454.25000000000006,1350.9835256900035
454.35,1355.5842618611994
454.45000000000005,1337.4940366843082
454.55,1352.9641554357054
454.65000000000003,1341.9796395828732
454.75000000000006,1352.98089610204
454.85,1357.5584220352762
454.95000000000005,1339.708772931379
455.05,1355.1516369240378
455.15000000000003,1344.109820191601
455.25000000000006,1354.985574698278
455.35,1359.5366225411472
455.45000000000005,1341.6489863386612
455.55,1356.858126384452
455.65000000000003,1345.807623264147
455.75000000000006,1356.6508079952582
455.85,1361.1133614837163
455.95000000000005,1343.2761574388426
456.05,1358.2519868750148
456.15000000000003,1347.192215256872
456.25000000000006,1358.047357025275
456.35,1362.4523665617253
456.45000000000005,1344.856873989123
456.55,1359.759453931389
456.65000000000003,1348.5892118486606
456.75000000000006,1359.4266319318863
456.85,1363.6675495679635
456.95000000000005,1346.1605030013425
457.05,1360.9519523857186
457.15000000000003,1349.7763419171706
457.25000000000006,1360.5508675713063
457.35,1364.913147775546
457.45000000000005,1347.4947337410845
457.55,1362.1523674543575
457.65000000000003,1350.8786000011128
457.75000000000006,1361.6264541618878
457.85,1365.8461535606707
457.95000000000005,1348.5826393073023
458.05,1363.1009610379763
458.15000000000003,1351.766733219346
458.25000000000006,1362.4747897309983
458.35,1366.5868198085288
458.45000000000005,1349.3237006228092
458.55,1363.630008592615
458.65000000000003,1352.2889100572713
458.75000000000006,1362.9764252081814
458.85,1367.0134716393584
458.95000000000005,1349.9237536596631
459.05,1363.9783371490646
459.15000000000003,1352.4690292293067
459.25000000000006,1362.9581287604867
459.35,1366.9669422389507
459.45000000000005,1350.0373215344248
459.55,1363.9506393490406
459.65000000000003,1352.4400469714271
459.75000000000006,1363.074951186486
459.85,1366.946345436158
459.95000000000005,1350.2650188028563
460.05,1363.9423376240134
460.15000000000003,1352.437641886791
460.25000000000006,1363.1233250180408
460.35,1367.0056496239572
460.45000000000005,1350.2693587963518
460.55,1364.0040769500679
460.65000000000003,1352.556634749782
460.75000000000006,1363.195871725822
460.85,1366.9319106554833
460.95000000000005,1350.3832473078755
461.05,1363.9618122319814
461.15000000000003,1352.65694813635
461.25000000000006,1363.1148202343377
461.35,1366.880443823209
461.45000000000005,1350.2949693890494
461.55,1363.8420392701787
461.65000000000003,1352.4366430061755
461.75000000000006,1362.715154777439
461.85,1366.4150390972866
461.95000000000005,1350.0795459666658
462.05,1363.4400674671588
462.15000000000003,1352.258648739855
462.25000000000006,1362.3489664075373
462.35,1365.9241325260746
462.45000000000005,1349.461440904485
462.55,1362.8702051490575
462.65000000000003,1351.7785152342308
462.75000000000006,1361.8491035969694
462.85,1365.4140928791794
462.95000000000005,1349.1303468947708
463.05,1362.4783020965256
463.15000000000003,1351.4127198640908
463.25000000000006,1361.2415696617347
463.35,1364.8010018420403
463.45000000000005,1348.6527959962289
463.55,1361.90361797971
463.65000000000003,1350.9085842696504
463.75000000000006,1360.6773580118786
463.85,1364.185079113006
463.95000000000005,1348.1165083333904
464.05,1361.162659917603
464.15000000000003,1350.164015057217
464.25000000000006,1359.7602199992004
464.35,1363.2040489549306
464.45000000000005,1347.231545610572
464.55,1360.217398424066
464.65000000000003,1349.2422116304956
464.75000000000006,1358.7393582815944
464.85,1362.0767147044635
464.95000000000005,1346.196949732304
465.05,1359.1215498949887
465.15000000000003,1348.0848891485696
465.25000000000006,1359.940063632713
465.35,1360.7405655783102
465.45000000000005,1344.9196715939177
465.55,1357.7308156964198
465.65000000000003,1346.7748015450293
465.75000000000006,1355.9422040607567
465.85,1359.2322164884638
465.95000000000005,1343.523637707266
466.05,1356.3197150657184
466.15000000000003,1345.404275473966
466.25000000000006,1354.545552313899
466.35,1357.8464393295424
466.45000000000005,1342.2030573099653
466.55,1354.897623825972
466.65000000000003,1343.9429461555903
466.75000000000006,1353.026048205443
466.85,1356.2601812717428
466.95000000000005,1340.7873556806728
467.05,1353.3644636575655
467.15000000000003,1342.4084449550014
467.25000000000006,1351.3648531801532
467.35,1354.5789904163898
467.45000000000005,1339.1011244512983
467.55,1351.58380822388
467.65000000000003,1340.552150577757
467.75000000000006,1349.4672442103295
467.85,1352.6198580819705
467.95000000000005,1337.2561118464828
468.05,1349.5330832805423
468.15000000000003,1338.5357078484217
468.25000000000006,1347.2730283178473
468.35,1350.3546111928517
468.45000000000005,1335.0788695557917
468.55,1347.373395017485
468.65000000000003,1336.2802448104464
468.75000000000006,1344.999803562388
468.85,1347.9641338950132
468.95000000000005,1332.83460183306
469.05,1345.0650782635096
469.15000000000003,1334.0621989787521
469.25000000000006,1342.6160028484815
469.35,1345.7296755805714
469.45000000000005,1330.647436915377
469.55,1342.706379730549
469.65000000000003,1331.6105024179474
469.75000000000006,1340.021425395706
469.85,1343.225989220548
469.95000000000005,1328.2906377621039
470.05,1340.2712304419767
470.15000000000003,1329.2665652338792
470.25000000000006,1337.6026486973328
470.35,1340.7227744740355
470.45000000000005,1325.7427495284282
470.55,1337.6505158993195
470.65000000000003,1326.527453225723
470.75000000000006,1334.7114646480638
470.85,1337.7531552874573
470.95000000000005,1322.9778622531821
471.05,1334.800434954475
471.15000000000003,1323.5737867856758
471.25000000000006,1331.4786031278497
471.35,1334.5257164123677
471.45000000000005,1319.7397628535862
471.55,1331.5854708007812
471.65000000000003,1320.2633232506832
471.75000000000006,1328.3272171724495
471.85,1331.3207094933039
471.95000000000005,1316.6791757621702
472.05,1328.440300150369
472.15000000000003,1317.0989210030866
472.25000000000006,1324.9841136992754
472.35,1328.0885761193565
472.45000000000005,1313.550650253479
472.55,1325.2252444459723
472.65000000000003,1313.7114305738282
472.75000000000006,1321.5611547595618
472.85,1324.5630732737573
472.95000000000005,1310.0242081175816
473.05,1321.6350457314309
473.15000000000003,1309.9250021702753
473.25000000000006,1317.8259280178263
473.35,1320.8801124727238
473.45000000000005,1306.3834324542202
473.55,1317.9252480095133
473.65000000000003,1305.935897235685
473.75000000000006,1313.834740981809
473.85,1316.9100535864886
473.95000000000005,1302.4793678363992
474.05,1314.0537069041252
474.15000000000003,1301.9258443952274
474.25000000000006,1309.7725193744475
474.35,1312.8759617682783
474.45000000000005,1298.3737873795437
474.55,1309.9054977008827
474.65000000000003,1297.625055036726
474.75000000000006,1305.4943872294511
474.85,1308.7329112955565
474.95000000000005,1294.3367694526735
475.05,1305.9386542872544
475.15000000000003,1293.3869785280356
475.25000000000006,1301.2186176285204
475.35,1304.4964632339997
475.45000000000005,1290.078008541534
475.55,1301.763337880293
475.65000000000003,1288.99919868468
475.75000000000006,1297.0234632820689
475.85,1300.3431222764302
475.95000000000005,1285.915758526428
476.05,1297.616332673188
476.15000000000003,1284.7123041957905
476.25000000000006,1292.7318472832417
476.35,1296.2489335290195
476.45000000000005,1281.8446938295672
476.55,1293.5733102666613
476.65000000000003,1280.5471573630346
476.75000000000006,1288.3730701213794
476.85,1292.292662853051
476.95000000000005,1277.9296050743012
477.05,1289.633109482157
477.15000000000003,1276.312430199353
477.25000000000006,1284.5298366852044
477.35,1288.2742603019872
477.45000000000005,1273.9685555537317
477.55,1285.6890537032646
477.65000000000003,1272.095166897135
477.75000000000006,1280.4489558476064
477.85,1284.3693751768085
477.95000000000005,1270.1499712692234
478.05,1281.911144212637
478.15000000000003,1268.2032992685106
478.25000000000006,1276.5875685098467
478.35,1280.6548579585244
478.45000000000005,1266.3905163606562
478.55,1278.1900508290983
478.65000000000003,1264.2597489769757
478.75000000000006,1272.7703379140876
478.85,1276.9143460435887
478.95000000000005,1262.835794543002
479.05,1274.5083735232397
479.15000000000003,1260.345717216655
479.25000000000006,1268.9404135702503
479.35,1273.2007756864532
479.45000000000005,1259.0120334955875
479.55,1270.7997068232207
479.65000000000003,1256.294324833228
479.75000000000006,1265.0344919419774
479.85,1269.4184862660588
479.95000000000005,1255.1846884393588
480.05,1266.8697283934266
480.15000000000003,1252.0853767856288
480.25000000000006,1261.045342269689
480.35,1265.586774699391
480.45000000000005,1251.3810801528205
480.55,1263.1472954342948
480.65000000000003,1248.0434293479443
480.75000000000006,1257.2386244640484
480.85,1261.791906077641
480.95000000000005,1247.5702286349542
481.05,1259.3312165296259
481.15000000000003,1243.8700616513527
481.25000000000006,1253.237033064746
481.35,1257.9070762176532
481.45000000000005,1243.508361929129
481.55,1255.2386392996373
481.65000000000003,1239.2219530465854
481.75000000000006,1248.810756982313
481.85,1253.5490437056824
481.95000000000005,1239.2451569030657
482.05,1251.0072932394792
482.15000000000003,1234.4881686157905
482.25000000000006,1244.3871682599736
482.35,1249.2421389303695
482.45000000000005,1234.8388614184328
482.55,1246.6839395312604
482.65000000000003,1230.029503200498
482.75000000000006,1240.3522426526847
482.85,1245.329997148639
482.95000000000005,1231.108943782344
483.05,1243.0345822736635
483.15000000000003,1225.9857428184544
483.25000000000006,1236.4334044377713
483.35,1241.6823167994996
483.45000000000005,1227.519293813765
483.55,1239.4771373416222
483.65000000000003,1222.0364799028093
483.75000000000006,1232.8820082099987
483.85,1238.1720994601094
483.95000000000005,1224.028248558307
484.05,1235.954972780355
484.15000000000003,1218.219767671269
484.25000000000006,1229.299161608669
484.35,1234.8446377691234
484.45000000000005,1220.774405805329
484.55,1232.6484262411336
484.65000000000003,1214.4204216439675
484.75000000000006,1225.833417293289
484.85,1231.5025628958472
484.95000000000005,1217.5553837833806
485.05,1229.5184969505365
485.15000000000003,1211.0310799244635
485.25000000000006,1222.72693998135
485.35,1228.472994140604
485.45000000000005,1214.5895601517618
485.55,1226.5111192286133
485.65000000000003,1207.6227524036497
485.75000000000006,1219.6485645303324
485.85,1225.480332819314
485.95000000000005,1211.7263585566964
486.05,1223.5729300916962
486.15000000000003,1204.3489060726624
486.25000000000006,1216.6288169670297
486.35,1222.6180885766016
486.45000000000005,1208.8675264469891
486.55,1220.6536611990427
486.65000000000003,1201.0047881776823
486.75000000000006,1213.6551238850514
486.85,1219.735003968499
486.95000000000005,1206.1816958077823
487.05,1217.9855775767537
487.15000000000003,1198.1316698108515
487.25000000000006,1210.9895089209294
487.35,1217.225706188794
487.45000000000005,1203.9387794591255
487.55,1215.6101360435437
487.65000000000003,1195.2679389945338
487.75000000000006,1208.4926328514698
487.85,1214.7017327063247
487.95000000000005,1201.5049162213356
488.05,1212.8732269101688
488.15000000000003,1192.2198186209782
488.25000000000006,1205.7552365400966
488.35,1212.027822353134
488.45000000000005,1199.1359859370334
488.55,1210.374456684054
488.65000000000003,1189.637108119678
488.75000000000006,1203.219276543638
488.85,1209.5448604922074
488.95000000000005,1196.6530469157635
489.05,1207.8646727688313
489.15000000000003,1186.8479522647203
489.25000000000006,1200.5430656358837
489.35,1206.8839589303657
489.45000000000005,1194.1369788304298
489.55,1205.1520295191983
489.65000000000003,1183.9043424883628
489.75000000000006,1197.636080868206
489.85,1204.1150247799415
489.95000000000005,1191.5084834987683
490.05,1202.459018515387
490.15000000000003,1181.1036135788302
490.25000000000006,1194.9367303758022
490.35,1201.4356569229365
490.45000000000005,1188.9623000328245
490.55,1199.8270846830171
490.65000000000003,1178.3996126489687
490.75000000000006,1192.4209011631774
490.85,1199.0588273974001
490.95000000000005,1186.773600809766
491.05,1197.562953207074
491.15000000000003,1175.8988000170004
491.25000000000006,1189.9333447696467
491.35,1196.6579501398826
491.45000000000005,1184.6172953501487
491.55,1195.397700604069
491.65000000000003,1173.6188400451395
491.75000000000006,1187.8617389152585
491.85,1194.5538083647928
491.95000000000005,1182.638864695731
492.05,1193.1941453684756
492.15000000000003,1171.2267244431594
492.25000000000006,1185.581841710691
492.35,1192.589162366398
492.45000000000005,1180.5320445258183
492.55,1191.1072024205948
492.65000000000003,1168.9776088731899
492.75000000000006,1183.151444967175
492.85,1189.9563764886786
492.95000000000005,1177.9102003062562
493.05,1188.4454787335453
493.15000000000003,1166.2822448528239
493.25000000000006,1180.3688603748683
493.35,1187.225197606603
493.45000000000005,1175.3301930835362
493.55,1185.8767364317048
493.65000000000003,1163.6898179379982
493.75000000000006,1177.7846839495833
493.85,1184.7101620374474
493.95000000000005,1172.9656609191593
494.05,1183.4170617612
494.15000000000003,1161.2470098833237
494.25000000000006,1175.2336530196862
494.35,1182.2769880367578
494.45000000000005,1170.524966590373
494.55,1180.9010591452327
494.65000000000003,1158.739825287154
494.75000000000006,1172.584949321603
494.85,1179.5580356435162
494.95000000000005,1168.0223790749521
495.05,1178.3271662559405
495.15000000000003,1155.971568012624
495.25000000000006,1169.693905799093
495.35,1176.59710226967
495.45000000000005,1165.1212768463306
495.55,1175.327782397263
495.65000000000003,1153.0118204824391
495.75000000000006,1166.579108424856
495.85,1173.4545090177103
495.95000000000005,1162.1419201496692
496.05,1172.0768267123603
496.15000000000003,1149.7226627198686
496.25000000000006,1163.3697122927501
496.35,1170.0970933559968
496.45000000000005,1158.7502771033828
496.55,1168.5869835215794
496.65000000000003,1146.32604665045
496.75000000000006,1159.6857028819106
496.85,1166.2018642141472
496.95000000000005,1154.938087877856
497.05,1164.6555351305703
497.15000000000003,1142.5610732802888
497.25000000000006,1155.769112274068
497.35,1162.2430587088397
497.45000000000005,1151.1127833501841
497.55,1160.5950674864087
497.65000000000003,1138.6455241513165
497.75000000000006,1151.7046001804688
497.85,1157.9542131059752
497.95000000000005,1146.949032630031
498.05,1156.1980355129701
498.15000000000003,1134.3892618710024
498.25000000000006,1147.3060884404335
498.35,1153.4985135221236
498.45000000000005,1142.6119681610694
498.55,1151.6877416091525
498.65000000000003,1130.1665166363164
498.75000000000006,1142.989733234707
498.85,1149.057766865908
498.95000000000005,1138.2821187716352
499.05,1147.1035556010704
499.15000000000003,1125.7596755097109
499.25000000000006,1138.306203983231
499.35,1144.1076922915463
499.45000000000005,1133.5640451046752
499.55,1142.0456628421857
499.65000000000003,1120.8881941746351
499.75000000000006,1133.112987234209
499.85,1138.688759425814
499.95000000000005,1128.2652853628467
500.05,1136.419128171159
500.15000000000003,1115.5550841453608
500.25000000000006,1127.6203163908663
500.35,1133.1096229293235
500.45000000000005,1122.9650657626594
500.55,1130.813768331445
500.65000000000003,1110.1779494442815
500.75000000000006,1121.962083340564
500.85,1127.1076138589424
500.95000000000005,1117.1613813597587
501.05,1124.6781769395468
501.15000000000003,1104.2953076909544
501.25000000000006,1115.8627687509697
501.35,1120.8361244281853
501.45000000000005,1111.1728246571513
501.55,1118.204402510265
501.65000000000003,1098.1396821397348
501.75000000000006,1109.4330301645625
501.85,1114.262586251133
501.95000000000005,1104.90964546416
502.05,1111.6526063825597
502.15000000000003,1092.0674665972017
502.25000000000006,1103.0793346780176
502.35,1107.7182021564702
502.45000000000005,1098.6109010565613
502.55,1104.9728915011365
502.65000000000003,1085.7031786668103
502.75000000000006,1096.429298208371
502.85,1100.7925288492934
502.95000000000005,1092.0630227531747
503.05,1097.9698035801366
503.15000000000003,1079.0092958097869
503.25000000000006,1089.5314416202907
503.35,1093.6839162251547
503.45000000000005,1085.3276628370684
503.55,1090.8490003318534
503.65000000000003,1072.3021412613728
503.75000000000006,1082.5216760447001
503.85,1086.3257498773107
503.95000000000005,1078.2550712406273
504.05,1083.2161653435342
504.15000000000003,1065.0534141420153
504.25000000000006,1074.898652725001
504.35,1078.5179936657626
504.45000000000005,1070.7742836879372
504.55,1075.2316567265075
504.65000000000003,1057.5181432526379
504.75000000000006,1067.1057178759072
504.85,1070.311640245238
504.95000000000005,1063.1231928599034
505.05,1067.1143788793604
505.15000000000003,1049.817815242062
505.25000000000006,1059.0755422471273
505.35,1061.960590841425
505.45000000000005,1055.079801752393
505.55,1058.4975471425778
505.65000000000003,1041.674435292336
505.75000000000006,1050.5684692527404
505.85,1053.1779705998972
505.95000000000005,1046.881117452767
506.05,1049.708208910993
506.15000000000003,1033.471537966518
506.25000000000006,1042.0667933592
506.35,1044.3170788668513
506.45000000000005,1038.4891188200318
506.55,1040.536255661288
506.65000000000003,1024.770605196007
506.75000000000006,1032.930951697433
506.85,1034.8359837154394
506.95000000000005,1029.5346003728926
507.05,1031.07462857534
507.15000000000003,1015.8174827668561
507.25000000000006,1023.5506430426645
507.35,1025.1601017873975
507.45000000000005,1020.4467809243331
507.55,1021.2635627155961
507.65000000000003,1006.7319457594753
507.75000000000006,1014.0502680073199
507.85,1015.3261903679597
507.95000000000005,1011.2868124658885
508.05,1011.3816362398586
508.15000000000003,997.4277230561843
508.25000000000006,1004.3521817237099
508.35,1005.1875937890511
508.45000000000005,1001.7086106793064
508.55,1001.0624288395746
508.65000000000003,987.7366844748967
508.75000000000006,994.2278110200165
508.85,994.5607680492793
508.95000000000005,991.8250353521449
509.05,990.33488345195
509.15000000000003,977.7425005279204
509.25000000000006,983.7990016702923
509.35,983.7043095914709
509.45000000000005,981.7102772877766
509.55,979.2952515866881
509.65000000000003,967.3367157261004
509.75000000000006,972.9157169496398
509.85,972.2757463329433
509.95000000000005,970.9586003537171
510.05,967.5048487797454
510.15000000000003,956.3309995576448
510.25000000000006,961.3259820438034
510.35,960.2087479307008
510.45000000000005,959.7529763141836
510.55,955.2905214047538
510.65000000000003,944.8939391916722
510.75000000000006,949.3152052275562
510.85,947.6175855903846
510.95000000000005,948.038207620052
511.05,942.5490566088354
511.15000000000003,933.0462496560541
511.25000000000006,936.9385517721514
511.35,934.720266340808
511.45000000000005,936.1164008391687
511.55,929.5621844082832
511.65000000000003,920.940256700483
511.75000000000006,924.2680429188796
511.85,921.4683891936589
511.95000000000005,923.8275126554922
512.05,911.1838050422493
512.15,918.3612958716761
512.25,905.9185114601664
512.35,912.4923968057551
512.4499999999999,900.6087948468486
512.55,901.8169490651013
512.65,904.4607553493585
512.75,892.2580805124973
512.85,898.3775742667551
512.9499999999999,886.742683771527
513.05,887.7596147278269
513.15,890.0492089252447
513.25,878.1092324638007
513.35,883.7039425199229
513.4499999999999,872.3142042239617
513.55,873.112774807017
513.65,875.0375124847711
513.75,863.3677472114591
513.85,868.5192768378674
513.9499999999999,857.3876084117535
514.05,858.0580199768905
514.15,859.5971632526637
514.25,848.1500757594729
514.35,852.743718685673
514.4499999999999,841.7790930513974
514.55,842.1706743358923
514.65,843.3049544968751
514.75,832.1432589994479
514.85,836.2273783042642
514.9499999999999,825.5579425917537
515.05,825.7083386327112
515.15,826.4869232765618
515.25,815.658144627061
515.35,819.3140458819173
515.4499999999999,809.0011974255714
515.55,808.9961133627819
515.65,809.4579286839186
515.75,798.9656405141337
515.85,802.1417294158584
515.9499999999999,792.1718900484426
516.05,792.0052675690694
516.15,792.1068057576808
516.25,781.8989253698705
516.35,784.4578791773
516.4499999999999,774.7006356766537
516.55,774.2091768504827
516.65,773.9212021557793
516.75,764.0449863801472
516.85,766.0629463342196
516.9499999999999,756.6110126042432
517.05,755.8336699354047
517.15,755.0920283854002
517.25,745.464355865548
517.35,746.8590470580173
517.4499999999999,737.7110000674231
517.55,736.6281498521603
517.65,735.4702387071953
517.75,726.1692693906659
517.85,726.9995385575429
517.9499999999999,718.2128953561822
518.05,716.8814489938562
518.15,715.3834254040875
518.25,706.5053032271003
518.35,706.836634181631
518.4499999999999,698.4866270302629
518.55,696.968077156312
518.65,695.1599259919022
518.75,686.7695200365716
518.85,686.6770962377738
518.9499999999999,678.8627041758122
519.05,677.1941470825459
519.15,674.9921149358937
519.25,666.8558885594217
519.35,666.0520993096061
519.4499999999999,658.5085854828459
519.55,656.4759322540414
519.65,653.9314069669709
519.75,646.2559762553643
519.85,644.9220973517504
519.9499999999999,637.7932593494961
520.05,635.4938741559735
520.15,632.603131887315
520.25,625.3388354009471
520.35,623.4462958089848
520.4499999999999,616.7636708689789
520.55,614.2056994425585
520.65,610.9929861202553
520.75,604.1797141457205
520.85,601.7678686887278
520.9499999999999,595.5098191943689
521.05,592.6848033223953
521.15,589.1554455241283
521.25,582.6771496070841
521.35,579.7543155408208
521.4499999999999,574.0341295832563
521.55,570.8675857561317
521.65,566.9557820280102
521.75,560.9459915626746
521.85,557.3497608356328
521.9499999999999,551.9652450415387
522.05,548.4175409953535
522.15,543.9848908491716
522.25,538.1789166657227
522.35,533.945201987399
522.4499999999999,528.8631128425296
522.55,524.9349388391437
522.65,520.152120318393
522.75,514.7837735389213
522.85,509.94848313246155
522.9499999999999,505.3154645301627
523.05,501.02191489513825
523.15,495.85358415923895
523.25,490.8546772491535
523.35,485.38028729212573
523.4499999999999,481.193469200503
523.55,476.5302065369464
523.65,471.0219740469104
523.75,466.425556996514
523.85,460.34298581772657
523.9499999999999,456.59614526135056
524.05,451.5019968829356
524.15,445.55676074536944
524.25,443.8793373258018
524.35,442.6383288018658
524.4499999999999,443.7617987116879
524.55,443.6744985016212
524.65,442.7508971568465
524.75,444.0886810552027
524.85,442.82357488935645
524.9499999999999,443.9497464819478
525.05,443.84961994441403
525.15,442.92385059382974
525.25,444.28308889093313
525.35,443.0077034583836
525.4499999999999,444.13524579960773
525.55,444.0122926316964
525.65,443.0507987939404
525.75,444.39254978914045
525.85,443.0826079276175
525.9499999999999,444.2066388093695
526.05,444.0691570816475
526.15,443.1018380838023
526.25,444.46327946236653
526.35,443.15866792773323
526.4499999999999,444.3114624375158
526.55,444.18947212698265
526.65,443.2342626940112
526.75,444.6150858768988
526.85,443.32860529781897
526.9499999999999,444.4935909773994
527.05,444.38541281879867
527.15,443.4664560333505
527.25,444.86826311657836
527.35,443.5640938913175
527.4499999999999,444.74758306520044
527.55,444.6265527562754
527.65,443.66327346012827
527.75,445.06247716717166
527.85,443.72479029629386
527.9499999999999,444.91705458511484
528.05,444.7846477416385
528.15,443.80556540623354
528.25,445.22777522382376
528.35,443.87640627988924
528.4499999999999,445.08431330485735
528.55,444.9507406518359
528.65,443.9670331865265
528.75,445.42635573165524
528.85,444.0793349215922
528.9499999999999,445.3194956619553
529.05,445.1871835548053
529.15,444.1978026829858
529.25,445.6679756479467
529.35,444.3178608442926
529.4499999999999,445.55956979748663
529.55,445.449781108555
529.65,444.4592769086912
529.75,445.9707394481071
529.85,444.6165012212513
529.9499999999999,445.89241897184814
530.05,445.79389928506293
530.15,444.8332805114198
530.25,446.3333578739944
530.35,444.98409288477524
530.4499999999999,446.2440727998919
530.55,446.1163836549059
530.65,445.1378558177755
530.75,446.624077036558
530.85,445.2008175544653
530.9499999999999,446.46410140398365
531.05,446.2875623072285
531.15,445.2959732839587
531.25,446.72492653921205
531.35,445.3377605024154
531.4499999999999,446.6060537051363
531.55,446.4882637303347
531.65,445.5309564950641
531.75,447.0494283192793
531.85,445.3769382025415
531.9499999999999,447.0204076750413
532.05,446.9081674683331
532.15,445.98946083471446
532.25,447.49993460229274
532.35,446.15515137459295
532.4499999999999,447.46780913005523
532.55,447.40500976185984
532.65,446.4546333367392
532.75,447.9951525291949
532.85,446.64145585058515
532.9499999999999,447.94730422519916
533.05,447.84533557116976
533.15,446.8960469523639
533.25,448.42740928900406
533.35,447.10464949145234
533.4499999999999,448.41548427875506
533.55,448.2913000103996
533.65,447.34725335145197
533.75,448.8662468132602
533.85,447.52847361213946
533.9499999999999,448.8317526004353
534.05,448.70653471554436
534.15,447.75681081017126
534.25,449.2682248649917
534.35,447.9392803341207
534.4499999999999,449.24317445987145
534.55,449.0857314569572
534.65,448.1422072856366
534.75,449.658947698611
534.85,448.3170284039334
534.9499999999999,449.6385011167841
535.05,449.5063691680477
535.15,448.60056640705807
535.25,450.14500763265244
535.35,448.7796501123031
535.4499999999999,450.1163376888856
535.55,449.97556450161727
535.65,449.0912787786917
535.75,450.6413676540328
535.85,449.3513717833551
535.9499999999999,450.6734899856222
536.05,450.5474905260638
536.15,449.6570400369445
536.25,451.23310668714873
536.35,449.9020807205552
536.4499999999999,451.2299688156677
536.55,451.12315541566596
536.65,450.2269639204736
536.75,451.79077769685557
536.85,450.4258669308054
536.9499999999999,451.7939313083426
537.05,451.7013635399023
537.15,450.77315395822416
537.25,452.3744056489019
537.35,451.0029581785121
537.4499999999999,452.3724505032221
537.55,452.23524836533494
537.65,451.27238827704326
537.75,452.8699402164472
537.85,451.4345617016086
537.9499999999999,452.78685425000054
538.05,452.64510825084506
538.15,451.6445969680281
538.25,453.2468882371274
538.35,451.75185601316315
538.4499999999999,453.1271830746203
538.55,452.92783096950296
538.65,451.86865795303305
538.75,453.43552059544464
538.85,451.9198109281143
538.9499999999999,453.2451650975387
539.05,453.04631473917414
539.15,451.98186893200227
539.25,453.53904271459834
539.35,452.00315842409935
539.4499999999999,453.34654985595813
539.55,453.1700981001071
539.65,452.1139386345455
539.75,453.6805106211084
539.85,452.1826051247291
539.9499999999999,453.5422922883135
540.05,453.402451486829
540.15,452.3747186469359
540.25,453.95503876903234
540.35,452.45483684766253
540.4499999999999,453.79565467094994
540.55,453.65792457301205
540.65,452.61322301285645
540.75,454.1777429098406
540.85,452.6872104980915
540.9499999999999,454.00115906310276
541.05,453.8478048303929
541.15,452.7542975913663
541.25,454.2363930708612
541.35,452.6973478980893
541.4499999999999,453.9620936023993
541.55,453.81536453265414
541.65,452.733818857277
541.75,454.21958034988603
541.85,452.68255624041547
541.9499999999999,453.92634693041686
542.05,453.83990684815325
542.15,452.7992501912396
542.25,454.3033519716169
542.35,452.8331051353415
542.4499999999999,454.08494327325496
542.55,453.9882404709601
542.65,452.96815333119304
542.75,454.41607747170667
542.85,452.9903213651873
542.9499999999999,454.22533165957213
543.05,454.1296057405693
543.15,453.0650028851231
543.25,454.5066179743123
543.35,453.1383613494921
543.4499999999999,454.37532388485533
543.55,454.3304185831679
543.65,453.34711957836737
543.75,454.7926843519046
543.85,453.4318589090085
543.9499999999999,454.6231231578125
544.05,454.5596587824811
544.15,453.63048941420135
544.25,455.0505614466021
544.35,453.7225571242935
544.4499999999999,454.85363683481717
544.55,454.80595001639205
544.65,453.90297076259753
544.75,455.30447140862265
544.85,453.9454537081875
544.9499999999999,455.09485370900285
545.05,455.07256231744736
545.15,454.14880381417095
545.25,455.49583141910745
545.35,454.2867617075441
545.4499999999999,455.4276075649346
545.55,455.421064521376
545.65,454.4576153525498
545.75,455.816699990441
545.85,454.4835024548539
545.9499999999999,455.58786082324417
546.05,455.5668715669186
546.15,454.60194606437494
546.25,455.8818318952162
546.35,454.59111068918094
546.4499999999999,455.6100516529679
546.55,455.5358888403156
546.65,454.5741793294333
546.75,455.82005116370124
546.85,454.5082264585543
546.9499999999999,455.4615558494206
547.05,455.34683753430204
547.15,454.41369472749267
547.25,455.5931959070974
547.35,454.2745845974288
547.4499999999999,455.2208463835676
547.55,455.09236517717767
547.65,454.13016994279064
547.75,455.32221114329064
547.85,454.09934544989676
547.9499999999999,455.10909550558677
548.05,455.0716947264847
548.15,454.23129070501665
548.25,455.4581632179842
548.35,454.3062471859495
548.4499999999999,455.3062583997618
548.55,455.2693686401455
548.65,454.434346509901
548.75,455.59626764108987
548.85,454.4392380617507
548.9499999999999,455.38947654878115
549.05,455.32860046458467
549.15,454.5016658475265
549.25,455.62752163272626
549.35,454.52321818326175
549.4499999999999,455.48490878203955
549.55,455.45718866587447
549.65,454.6917356733378
549.75,455.8805543919087
549.85,454.8051435845463
549.9499999999999,455.7510359941979
550.05,455.7495251811175
550.15,455.0330410000614
550.25,456.1582356176985
550.35,455.18304099109
550.4499999999999,456.14430820310474
550.55,456.196710380457
550.65,455.559793418969
550.75,456.7288787836105
550.85,455.84992609795114
550.9499999999999,456.85858364757365
551.05,456.9675703734426
551.15,456.40052199099426
551.25,457.60699606728394
551.35,456.81314604730164
551.4499999999999,457.83957401489846
551.55,457.9940719415412
551.65,457.50032615865814
551.75,458.71737988742944
551.85,457.9731657180628
551.9499999999999,459.0065732179133
552.05,459.1967041740902
552.15,458.7594987993134
552.25,459.9846920966871
552.35,459.2974399515845
552.4499999999999,460.3170945563108
552.55,460.50502621797136
552.65,460.0821552920916
552.75,461.2636118654456
552.85,460.60860445292644
552.9499999999999,461.63252640338624
553.05,461.8496569180497
553.15,461.4838380824458
553.25,462.6843072409873
553.35,462.10152709157035
553.4499999999999,463.1325066324835
553.55,463.39108956081213
553.65,463.0942860612043
553.75,464.3189762975348
553.85,463.80563799029443
553.9499999999999,464.84708334692317
554.05,465.13649754638107
554.15,464.8888084091142
554.25,466.10733509149566
554.35,465.6356378596659
554.4499999999999,466.6556361315106
554.55,466.9363564316166
554.65,466.6975043742388
554.75,467.88118890885323
554.85,467.42158784020233
554.9499999999999,468.418513819909
555.05,468.6885960786993
555.15,468.459356727877
555.25,469.61081774345024
555.35,469.1880817748652
555.4499999999999,470.1802893972121
555.55,470.48884540941805
555.65,470.32041985818455
555.75,471.4488930845508
555.85,471.066405104525
555.9499999999999,472.02712454044405
556.05,472.3354266498693
556.15,472.2012109982445
556.25,473.3199947521012
556.35,473.0222111432497
556.4499999999999,474.0165130203252
556.55,474.3640266517912
556.65,474.28413147732306
556.75,475.37882584761337
556.85,475.10155151043665
556.9499999999999,476.03942780060095
557.05,476.36447276172214
557.15,476.2809542784198
557.25,477.31547355849534
557.35,477.0527307158355
557.4499999999999,477.94350751917324
557.55,478.2613869829815
557.65,478.1901357131465
557.75,479.1598940982488
557.85,478.93817939402186
557.9499999999999,479.8125199915294
558.05,480.1584758759139
558.15,480.1589253916881
558.25,481.13233495533734
558.35,480.9666003315778
558.4499999999999,481.80499918452057
558.55,482.1610008386259
558.65,482.19705085806163
558.75,483.1322354784843
558.85,483.0306816623833
558.9499999999999,483.862854521262
559.05,484.2426016342431
559.15,484.3317958496194
559.25,485.2491638886211
559.35,485.1983713978981
559.4499999999999,486.01091957382863
559.55,486.4030908753281
559.65,486.55447754978235
559.75,487.49559479653976
559.85,487.56790641540954
559.9499999999999,488.43856887551897
560.05,488.8982329196892
560.15,489.1296756182119
560.25,490.08139082287306
560.35,490.19093902205185
560.4499999999999,491.03746259167264
560.55,491.48510992807434
560.65,491.70416728459634
560.75,492.59812832452303
560.85,492.6869191990277
560.9499999999999,493.48409650875266
561.05,493.9125958384693
561.15,494.1544290503291
561.25,495.047684290849
561.35,495.2061395070019
561.4499999999999,496.03902338712965
561.55,496.5297453611586
561.65,496.84318991098297
561.75,497.7571707372457
561.85,497.9566301108071
561.9499999999999,498.7847538365072
562.05,499.2563022903883
562.15,499.5498852491627
562.25,500.3994778226174
562.35,500.6122712031248
562.4499999999999,501.4312526981758
562.55,501.954309039818
562.65,502.3463862921387
562.75,503.2102551732343
562.85,503.5247390782399
562.9499999999999,504.34370210152065
563.05,504.905436538189
563.15,505.37126931453395
563.25,506.23131347765235
563.35,506.6100740776497
563.4499999999999,507.3930455633622
563.55,507.92946003360987
563.65,508.3927434061314
563.75,509.19921719739455
563.85,509.60758792040144
563.9499999999999,510.37531683332224
564.05,510.9118722687517
564.15,511.42052469637827
564.25,512.221239290475
564.35,512.6392700858412
564.4499999999999,513.3581087032327
564.55,513.8741948657075
564.65,514.3603973989328
564.75,515.0813797387066
564.85,515.4843666742057
564.9499999999999,516.1684833647209
565.05,516.668205865456
565.15,517.1588274073553
565.25,517.8328499812978
565.35,518.2441252430275
565.4499999999999,518.8916426268333
565.55,519.362798488256
565.65,519.8240756705359
565.75,520.4314712292419
565.85,520.8351113481135
565.9499999999999,521.4407194480553
566.05,521.8883386451948
566.15,522.3706716448535
566.25,522.9901215531299
566.35,523.4415544165549
566.4499999999999,524.053353377591
566.55,524.5314612283519
566.65,525.0668346992492
566.75,525.7225138968021
566.85,526.2325608496868
566.9499999999999,526.8727767933932
567.05,527.3683501422544
567.15,527.8549423540895
567.25,528.3603722252926
567.35,528.6983973804216
567.4499999999999,529.1945019495851
567.55,529.5654945544178
567.65,529.9901088139421
567.75,530.454080900555
567.85,530.861351627681
567.9499999999999,531.327253553993
568.05,531.7561111725533
568.15,532.2494213381799
568.25,532.6794262608863
568.35,533.0962887402842
568.4499999999999,533.459409150084
568.55,533.7912877043307
568.65,534.1783732792665
568.75,534.53086084708
568.85,534.9135758658324
568.9499999999999,535.2596998167571
569.05,535.5777195211324
569.15,535.9785617012315
569.25,536.3380769564666
569.35,536.7412974847759
569.4499999999999,537.1289916925538
569.55,537.4939087114739
569.65,537.9245763848911
569.75,538.2938873524283
569.85,538.6731497589766
569.9499999999999,539.0300872306692
570.05,539.36285445767
570.15,539.762726190223
570.25,540.0914431012282
570.35,540.435166532107
570.4499999999999,540.7518319379425
570.55,541.0318696108687
570.65,541.3960060362967
570.75,541.7238204623253
570.85,542.0638477821645
570.9499999999999,542.3829608057716
571.05,542.7015041525968
571.15,543.1021406115096
571.25,543.4364212638378
571.35,543.7376063776163
571.4499999999999,543.9941936800845
571.55,544.2345555074318
571.65,544.5400587397104
571.75,544.7855616099525
571.85,545.0642638169462
571.9499999999999,545.3137858590185
572.05,545.5251492224102
572.15,545.8200452038561
572.25,546.0140850109867
572.35,546.2251866823549
572.4499999999999,546.4220862424222
572.55,546.6164771730018
572.65,546.8859356770627
572.75,547.0715854397955
572.85,547.2801683502569
572.9499999999999,547.4860569190488
573.05,547.6373548754513
573.15,547.8237686773879
573.25,547.9368592717873
573.35,548.102291231675
573.4499999999999,548.2595115859298
573.55,548.4076592835852
573.65,548.6427727964
573.75,548.786015249246
573.85,548.9481235606779
573.9499999999999,549.0896524615185
574.05,549.2219168295906
574.15,549.4330127442305
574.25,549.5874797368283
574.35,549.738761508558
574.4499999999999,549.8543156562178
574.55,549.9435831892962
574.65,550.1019360258024
574.75,550.19973843053
574.85,550.3440797120179
574.9499999999999,550.4647062498426
575.05,550.5565593892874
575.15,550.7422963729803
575.25,550.8700885188439
575.35,551.0440390099099
575.4499999999999,551.1911857993832
575.55,551.2745909133719
575.65,551.4157320626243
575.75,551.4640949880019
575.85,551.5612499284298
575.9499999999999,551.6453269611862
576.05,551.6842187390046
576.15,551.761629807445
576.25,551.7463441508901
576.35,551.7707926363591
576.4499999999999,551.7879815310423
576.55,551.7840524929545
576.65,551.8558161933457
576.75,551.8397000089088
576.85,551.8672115179919
576.9499999999999,551.8998548893157
577.05,551.9090095011234
577.15,552.0007515721245
577.25,552.015972650729
577.35,552.0553196370759
577.4499999999999,552.0842594538998
577.55,552.050615393314
577.65,552.0677503716856
577.75,551.9924363503821
577.85,552.003281779677
577.9499999999999,552.0508102851562
578.05,552.0863913281914
578.15,552.2054983198534
578.25,552.234735361279
578.35,552.3311754833242
578.4499999999999,552.4217480682069
578.55,552.4789331450527
578.65,552.5854111938012
578.75,552.5841563579492
578.85,552.6061027659923
578.9499999999999,552.6216358532888
579.05,552.6066420819807
579.15,552.6532814525362
579.25,552.5845075355782
579.35,552.5551887065757
579.4499999999999,552.536882156422
579.55,552.4843092448004
579.65,552.501411943524
579.75,552.4106569610075
579.85,552.3556545492689
579.9499999999999,552.3096717509414
580.05,552.2368527637065
580.15,552.2244748545413
580.25,552.1241498631331
580.35,552.0794082015693
580.4499999999999,552.0236519579106
580.55,551.9252492830794
580.65,551.8852918758762
580.75,551.7640696977519
580.85,551.7479797358942
580.9499999999999,551.7790341852791
581.05,551.8176351949148
581.15,552.0106517283415
581.25,552.156704452084
581.35,552.3446166358094
581.4499999999999,552.5253491638742
581.55,552.6982966907776
581.65,553.0340858556476
581.75,553.3029633952359
581.85,553.6091008073851
581.9499999999999,553.9058749188669
582.05,554.1546580349383
582.15,554.5508244142505
582.25,554.8447550244774
582.35,555.1550749447998
582.4499999999999,555.4374337160973
582.55,555.6510180196045
582.65,556.0018027523647
582.75,556.2862077673368
582.85,556.6896189954925
582.9499999999999,557.1285283132039
583.05,557.5558436039723
583.15,558.0977033002843
583.25,558.4882409357393
583.35,558.8819513931127
583.4499999999999,559.2456231739341
583.55,559.5617329093634
583.65,559.9953031972374
583.75,560.346892172045
583.85,560.7497483056256
583.9499999999999,561.1267053032033
584.05,561.4580039560775
584.15,561.8868837313971
584.25,562.1806038728529
584.35,562.5669685434503
584.4499999999999,562.9591362402596
584.55,563.3569817684096
584.65,563.8922779127059
584.75,564.3517281024615
584.85,564.8885112673998
584.9499999999999,565.3823305486987
585.05,565.8515614524812
585.15,566.4877642333284
585.25,566.9459988437375
585.35,567.4204344138169
585.4499999999999,567.8706955359505
585.55,568.2920589001963
585.65,568.8691219022792
585.75,569.3235485811223
585.85,569.8318265854483
585.9499999999999,570.27088921316
586.05,570.6581198299848
586.15,571.169104696046
586.25,571.5763586021588
586.35,572.0344749121923
586.4499999999999,572.4485296691889
586.55,572.7600135104184
586.65,573.1552953351554
586.75,573.441913398332
586.85,573.8289632606275
586.9499999999999,574.2070077511365
587.05,574.5135025635994
587.15,574.943916851119
587.25,575.2972007704332
587.35,575.8083111383596
587.4499999999999,576.2949515509524
587.55,576.6441288964157
587.65,577.052706546242
587.75,577.2657032418898
587.85,577.5276998654684
587.9499999999999,577.7577289090035
588.05,577.9154503724542
588.15,578.1984999454048
588.25,578.2972974520852
588.35,578.507881824988
588.4499999999999,578.7024783155033
588.55,578.7972964540643
588.65,579.0382288576543
588.75,579.1240794888934
588.85,579.3240139955767
588.9499999999999,579.4800881439892
589.05,579.5331727854084
589.15,579.7456726654653
589.25,579.6639687193027
589.35,579.5754360992032
589.4499999999999,579.424203764375
589.55,579.1259630132552
589.65,578.9246171817733
589.75,578.5064717264439
589.85,578.2023131238907
589.9499999999999,577.9222956986188
590.05,577.5186572042321
590.15,577.2915075256076
590.25,576.8617687852095
590.35,576.5844290676083
590.4499999999999,576.2512603881673
590.55,575.8307910438455
590.65,575.6437056180152
590.75,575.2698997221893
590.85,575.0771058737586
590.9499999999999,574.8852819999842
591.05,574.6033105409524
591.15,574.6619047506485
591.25,574.4407686416067
591.35,574.2519834681797
591.4499999999999,574.0557263097543
591.55,573.7790900762814
591.65,573.8738109024345
591.75,573.7697288758552
591.85,573.8384249284703
591.9499999999999,573.9729001740259
592.05,573.9579598757883
592.15,574.3390732507197
592.25,574.5436837438222
592.35,574.9354935057548
592.4499999999999,575.4560515760498
592.55,575.7724612330081
592.65,576.3888608101865
592.75,576.7483100707143
592.85,577.1802947736946
592.9499999999999,577.7163391071341
593.05,578.0941740640718
593.15,579.014263109296
593.25,579.7972471880946
593.35,580.9028139749925
593.4499999999999,582.1727413178332
593.55,583.2465135739427
593.65,584.8184866004445
593.75,585.9313604253117
593.85,586.5700615381276
593.9499999999999,587.2318555150705
594.05,587.376902817557
594.15,587.6945219299074
594.25,588.0013050954404
594.35,588.1228527115989
594.4499999999999,587.940120534116
594.55,587.4245590162925
594.65,587.0244712176897
594.75,586.5552777579449
594.85,586.2798214052892
594.9499999999999,585.6829590809275
595.05,584.7827065489967
595.15,584.1708889076637
595.25,583.5137621710581
595.35,583.2533833743882
595.4499999999999,583.4830986543254
595.55,583.7864985645907
595.65,584.4052998187749
595.75,585.0285749924738
595.85,585.9046226716404
595.9499999999999,586.4074209135855
596.05,586.7304023360801
596.15,587.0804017127593
596.25,587.1069418787985
596.35,587.247010176812
596.4499999999999,587.3098825907039
596.55,587.19172120063
596.65,587.2310267596797
596.75,586.9461713492449
596.85,586.8026485273269
596.9499999999999,586.3403026359556
597.05,586.0094171091785
597.15,586.1364642101729
597.25,586.1434311027447
597.35,586.4061605092394
597.4499999999999,586.7490981802163
597.55,587.2154871899135
597.65,588.2030860880468
597.75,588.965739544127
597.85,589.5157287115915
597.9499999999999,589.8196312935843
598.05,589.9327133284033
598.15,590.8326619487596
598.25,592.6612831351051
598.35,595.8929215990663
598.4499999999999,599.2984644863726
598.55,603.6379245839391
598.65,609.8498863035613
598.75,615.9858810998488
598.85,623.0394407136833
598.9499999999999,630.6306248529567
599.05,639.0582885566904
599.15,653.0371571805704
599.25,671.0268439875366
599.35,694.8713506640311
599.4499999999999,730.5422645472073
599.55,787.2338954724639
