Time x_cm_1 y_cm_1 x_cm_2 y_cm_2 x_cm_3 y_cm_3 x_cm_4 y_cm_4 x_cm_5 y_cm_5 x_cm_6 y_cm_6 x_cm_7 y_cm_7 x_cm_8 y_cm_8 x_cm_9 y_cm_9 x_cm_10 y_cm_10
0 -8.1859 1.4358 -7.1423 1.0983 -9.3415 4.1109 -8.0016 4.3158 -5.3378 5.2603 -3.4818 3.3841 -4.5152 2.0257 -5.5836 3.1529 -6.4921 0.8280 -7.2785 0.0634
1 -8.3250 0.9838 -7.4406 0.8514 -9.3403 4.4389 -8.4143 4.1712 -5.4443 5.1889 -3.5675 3.4228 -4.5199 1.9186 -5.5392 3.4999 -5.8574 0.8255 -7.0420 -0.0566
2 -8.2673 0.4667 -7.5580 0.8313 -9.1656 4.9044 -8.7212 4.0201 -5.7082 5.0086 -3.2357 2.7380 -4.7816 1.6773 -5.7358 3.8711 -5.4744 1.1582 -7.3376 0.0947
3 -8.1641 0.3064 -7.5572 0.1373 -8.9670 4.9841 -8.5253 3.6310 -6.4002 4.5249 -3.1429 1.9377 -4.6185 1.6867 -5.8424 3.8042 -5.6172 1.2911 -7.4894 0.1431
4 -7.7334 -0.0001 -7.0280 -0.2322 -8.8946 5.2073 -8.2804 2.8783 -6.6685 4.0393 -4.1299 1.7286 -4.9934 1.5052 -6.1796 4.2136 -6.1022 1.9340 -8.0211 -0.1725
5 -7.5766 0.3570 -6.6347 -0.3036 -8.6065 4.6579 -7.9903 2.2256 -7.2624 3.9416 -5.0974 1.6312 -5.4593 1.1153 -6.5050 4.1119 -6.0251 2.4454 -8.2104 -0.2773
6 -7.0120 0.5377 -6.9624 -0.3488 -8.2775 4.3193 -8.0479 1.7385 -7.3613 3.8349 -5.6638 1.6589 -6.3089 1.2439 -7.2964 4.2192 -5.9930 2.9220 -8.1628 -0.2186
7 -6.6997 0.8587 -7.2369 -0.4441 -7.5795 3.6052 -8.0966 1.8407 -7.0483 3.5704 -6.0759 1.3474 -6.9468 1.5503 -7.6039 4.0616 -5.8713 3.2960 -8.1600 0.4161
8 -6.5651 1.0737 -7.2818 -0.1601 -6.9051 3.5247 -7.9153 1.8153 -7.4166 3.2998 -6.7325 1.5102 -7.5195 1.6315 -8.4004 3.9654 -5.8149 3.1155 -7.7911 0.5525
9 -6.3489 1.6941 -8.0370 0.2288 -5.8538 3.3065 -7.9253 1.4433 -7.6166 3.0665 -7.5008 1.4760 -7.6173 1.7876 -8.7892 3.9218 -6.1917 3.2284 -7.8186 0.8201
10 -6.4709 2.1010 -8.6517 0.9051 -4.5847 3.4593 -7.7894 1.4078 -7.6635 2.7674 -7.5362 2.0686 -7.5864 1.9757 -8.7439 3.7726 -6.4378 3.3784 -7.5543 1.0110
11 -6.3330 2.5228 -8.7941 1.3493 -3.5349 3.4658 -7.6711 1.1887 -7.7809 2.2724 -8.1566 1.5125 -7.5928 2.0007 -8.1340 3.1088 -6.7375 3.8160 -7.6579 1.3748
12 -6.2539 2.9089 -9.0937 1.2187 -2.1927 3.4194 -8.1758 0.9562 -7.7146 1.8868 -8.3301 1.7757 -8.0761 2.3556 -7.7203 3.1086 -7.3610 4.4260 -7.6299 1.4183
13 -6.2893 3.2475 -8.8274 1.5734 -0.8870 3.1655 -8.0518 0.7442 -7.3626 1.4921 -8.7382 2.4644 -8.1084 3.0741 -8.0480 3.1602 -7.6441 4.8414 -7.7340 1.5524
14 -6.0413 3.3212 -8.4924 1.7881 0.1283 3.1902 -7.7696 1.0728 -6.7115 1.5641 -9.0900 3.2084 -8.0696 3.2007 -8.2263 2.7901 -8.0531 5.1263 -7.5957 1.9411
15 -6.0091 3.4536 -8.3294 1.5308 1.2679 2.9662 -7.3674 1.7193 -5.9176 1.3116 -9.3905 3.8775 -8.1264 3.8807 -8.4072 2.8518 -8.4455 5.0637 -7.8144 2.3954
16 -5.8243 4.0796 -8.2189 1.3979 2.0532 2.7001 -7.1322 1.8944 -5.0831 1.1075 -9.7821 3.9022 -8.3494 4.4821 -8.1045 2.7479 -8.6172 5.2643 -7.7775 2.3768
17 -5.6706 4.5632 -7.9936 1.1066 2.6671 2.5426 -7.0587 2.1091 -4.2985 0.8955 -9.8055 3.7820 -8.5792 5.0212 -7.9662 2.8684 -9.0292 5.0828 -7.5668 2.7464
18 -5.8022 5.0777 -7.7003 1.0567 2.8536 2.6614 -6.7687 2.4614 -3.4778 0.6625 -9.9111 3.8337 -8.5855 4.9986 -7.7326 2.6865 -9.7094 5.2877 -7.3123 2.8441
19 -6.3474 5.4548 -7.6043 1.0934 3.3885 2.3676 -6.7179 2.7359 -2.6465 0.4671 -9.7154 3.9481 -8.1302 4.9994 -7.0327 2.4737 -9.7641 5.4308 -7.3795 2.6410
20 -6.5272 5.6508 -7.5332 0.9393 3.4740 2.3458 -6.4731 2.5423 -2.0007 0.6016 -9.8927 4.0906 -7.7637 5.0893 -6.5566 2.3443 -9.9095 4.8515 -7.1517 2.2210
21 -7.1625 5.8514 -7.7596 0.5348 2.7223 2.7815 -6.4550 2.8214 -2.0961 0.4081 -10.0828 4.4209 -7.7589 5.0064 -6.1767 2.8632 -9.9962 4.4857 -7.1321 1.8063
22 -7.8537 5.7356 -7.8019 0.1687 1.8844 2.9204 -7.1242 2.6893 -2.4846 0.3341 -9.6246 4.4486 -7.4980 5.1833 -6.2194 3.3308 -10.3338 4.1000 -7.4987 1.1345
23 -8.3417 5.3021 -7.9534 -0.3179 0.8928 2.7652 -7.5486 2.5591 -2.4213 0.3179 -9.6680 4.5428 -7.5950 5.4353 -6.1788 4.3808 -10.6550 3.2693 -7.8926 1.3740
24 -8.6407 4.6504 -8.1739 -0.5566 -0.2013 2.6587 -7.4722 2.1717 -2.8924 0.4008 -9.7785 4.4772 -7.6000 5.7947 -6.3653 4.9382 -10.4762 2.6511 -8.2347 1.1415
25 -8.0522 4.1902 -8.3401 -0.5137 -1.2168 2.5633 -7.6450 2.1810 -3.5211 0.2745 -9.7463 4.3176 -7.5689 5.9247 -6.5835 5.3999 -10.2808 2.3387 -8.3414 1.0276
26 -7.4632 3.9428 -8.1242 -0.7385 -2.2191 2.0011 -7.6148 2.2831 -4.1498 0.3747 -9.5132 4.6354 -7.2970 5.9529 -6.2236 5.7291 -9.3470 1.8625 -8.5557 0.9176
27 -6.7375 3.6599 -8.0955 -0.5707 -3.4123 1.9622 -7.5214 2.4002 -5.0121 0.8262 -9.2676 4.2762 -7.5527 5.7189 -6.6736 6.0083 -8.7907 1.8789 -8.7602 0.8757
28 -6.5616 4.0260 -8.0806 -0.4290 -4.5121 2.0237 -7.8756 2.7493 -5.7866 1.0912 -9.2059 3.6601 -7.7823 5.3880 -7.0123 6.3441 -8.5953 1.6409 -8.7791 0.6915
29 -6.1457 4.3560 -7.9675 0.1986 -5.2294 2.0058 -7.8267 2.7406 -6.3311 1.5296 -8.5190 3.5619 -8.0111 5.4209 -6.6261 6.4698 -8.0882 1.3457 -8.4063 0.3159
30 -6.2722 4.2321 -8.0294 1.1197 -5.5866 2.3041 -7.8127 2.7286 -7.3702 1.5336 -8.1866 3.3721 -7.9498 4.9311 -6.2421 6.3234 -8.1960 1.1623 -8.3552 -0.0126
31 -6.6578 4.5883 -8.0184 1.3083 -6.3128 2.4861 -7.7334 2.9807 -8.8543 1.4196 -7.9999 3.1455 -7.9783 5.2282 -6.2930 6.4045 -7.9369 0.7195 -8.0045 -0.1654
32 -7.1334 4.8019 -7.8493 1.8910 -7.1615 2.4652 -8.1727 3.4276 -9.4305 1.7229 -7.9110 2.9902 -8.0451 5.0982 -6.6436 6.0754 -8.3268 0.2924 -7.6041 -0.2131
33 -7.4686 4.7936 -7.8380 2.2141 -7.4855 2.6955 -8.6355 3.4199 -10.0591 1.8506 -7.9363 3.2179 -7.9212 4.9798 -7.1396 5.6766 -7.8622 -0.3846 -7.3248 -0.6893
34 -7.7427 4.9103 -7.7807 2.4389 -7.9463 2.7012 -8.8870 3.6361 -10.5566 2.0852 -7.2150 3.3060 -7.5640 4.6274 -7.4456 5.6207 -7.2690 -0.6751 -7.1976 -0.6261
35 -8.1842 4.4750 -7.8306 2.8250 -8.1012 2.6516 -9.4229 3.6990 -10.6682 2.3395 -7.0139 2.7777 -7.6962 4.3154 -7.2533 5.3461 -7.0987 -0.2473 -7.1766 0.0099
36 -8.7179 4.3853 -7.3378 2.6968 -7.9930 2.6343 -9.9199 3.6263 -10.5806 2.1017 -6.7257 3.0376 -7.9848 4.1243 -7.1286 5.3886 -6.8284 -0.5753 -6.8583 0.3862
37 -8.7443 4.3459 -6.6185 3.0689 -7.1370 2.2176 -10.1178 3.1645 -10.5815 1.9939 -6.3484 2.5374 -8.4261 3.8465 -6.3215 5.1473 -6.6851 -0.0462 -6.4478 0.5983
38 -7.9956 4.3641 -5.7000 3.1918 -6.9473 2.3870 -10.2454 2.7384 -10.0420 1.8498 -6.2349 2.2559 -8.9475 3.8789 -5.7679 5.2854 -6.6368 0.5671 -5.6437 0.9012
39 -7.4379 4.5228 -4.7008 3.5881 -6.8391 3.2708 -10.1321 2.2467 -9.0757 1.7282 -6.0250 1.7662 -9.3336 4.0121 -5.9139 5.1803 -6.7075 1.3980 -5.4094 0.6965
40 -6.9759 4.6550 -3.5810 3.4691 -6.3230 3.3242 -10.0868 1.4575 -8.2781 1.3513 -6.1385 1.4975 -9.5629 3.8164 -5.7408 5.0574 -7.2797 2.1297 -5.5457 0.3807
41 -6.4705 4.9180 -1.9614 3.7522 -5.7147 3.4029 -9.7731 0.4669 -7.1088 1.0918 -5.7134 1.1800 -10.2338 3.7363 -5.8326 5.1141 -7.8620 2.6439 -5.4800 0.1720
42 -5.7998 4.8030 -0.6142 3.7624 -5.2934 3.0868 -9.0260 0.1146 -6.6790 0.7303 -5.2362 1.0301 -10.7780 3.1114 -5.6966 5.2613 -8.6926 3.1638 -5.3434 0.1277
43 -4.4487 4.4170 1.0046 3.8626 -4.4421 3.0868 -7.9967 -0.0630 -6.3520 0.1377 -5.4053 0.5433 -10.8797 2.6200 -5.6790 5.1390 -9.0798 2.9484 -5.0562 0.1228
44 -3.5230 4.0538 3.1092 3.6253 -4.0704 3.4385 -7.5703 0.4170 -6.4016 -0.3421 -4.7626 0.9055 -10.8487 2.2113 -5.4506 5.0325 -9.2505 2.5595 -4.7874 0.0619
45 -2.2897 3.9053 5.5404 3.3516 -3.1465 3.4781 -7.2234 0.6548 -6.2982 -0.2918 -4.1489 0.6865 -10.8116 1.8250 -4.7714 4.9007 -9.5368 2.0929 -4.9851 0.1428
46 -0.6250 3.8862 7.9599 3.1502 -2.3666 3.5732 -6.8220 0.8325 -6.1867 -0.5441 -3.4034 0.7675 -11.0596 1.6801 -4.9490 4.6848 -9.5280 1.6691 -4.7051 0.2322
47 1.3237 3.6454 10.1982 2.7269 -1.3955 3.4596 -7.1115 0.7249 -5.6301 -0.2368 -2.6483 0.9207 -10.9464 1.4312 -4.9779 4.2845 -9.4032 1.5421 -4.6383 0.2845
48 3.1837 3.2727 12.2760 2.6172 -0.3448 3.0747 -7.0829 0.7646 -5.1624 -0.2535 -1.1001 1.5333 -11.2926 2.0596 -4.7562 3.8854 -9.4698 1.6182 -4.9099 0.2354
49 5.1850 3.0596 14.2511 2.6199 1.0866 2.7537 -6.9282 0.4507 -4.7662 0.5873 0.4943 2.1935 -11.1384 2.5276 -4.7546 3.7811 -9.7942 1.8834 -4.6559 -0.0477
50 7.2325 2.8083 17.0064 2.5085 3.0223 2.9250 -6.6595 0.3242 -4.6406 1.1292 1.7549 2.2296 -11.2585 3.0188 -4.6954 3.5823 -10.0552 2.1979 -4.7050 -0.1291
51 9.4766 2.4846 19.1498 2.5909 4.7044 2.6413 -6.6149 -0.2088 -4.4935 1.8810 3.2368 2.2596 -10.7449 3.5898 -4.9490 3.3566 -10.2022 2.6496 -4.1885 -0.1849
52 11.9260 2.6190 21.3205 2.5879 6.9127 2.8682 -6.2169 0.3173 -4.3998 2.4357 5.2003 2.2436 -10.2253 4.1664 -5.1872 3.1764 -10.4220 2.9596 -3.4839 -0.2495
53 14.6180 2.5049 23.3359 2.5188 9.0988 2.9112 -5.6985 0.1972 -4.4086 2.1013 6.4016 2.4803 -9.5310 4.6933 -5.5663 3.3053 -10.3617 3.1378 -2.5077 -0.1322
54 16.6107 2.3791 24.9562 2.4288 11.6371 2.6514 -5.3984 0.6758 -4.6176 1.7480 7.4766 2.7434 -9.0785 4.7743 -5.8514 2.9203 -10.3790 3.3121 -1.1923 0.2137
55 18.9011 2.4491 25.9849 2.5458 13.5768 2.7318 -5.6794 0.9842 -4.8869 1.6089 8.5585 2.7190 -8.5258 4.1907 -5.8433 3.1744 -10.1981 3.4093 0.4206 0.2082
56 21.1598 2.5848 27.0580 2.5042 15.9999 2.5426 -6.0014 1.1374 -4.9650 1.4365 9.5399 2.6101 -7.6742 4.3268 -5.5659 3.1173 -9.6786 3.5880 1.9087 0.4167
57 23.2226 2.3769 27.8099 2.5003 18.0046 2.3882 -6.2587 1.4634 -5.3996 1.5959 10.6151 2.6123 -7.6891 3.8662 -5.1072 2.7158 -9.4249 3.7450 3.9643 0.6078
58 25.6503 2.4281 28.7827 2.3814 20.1527 2.5257 -6.7632 1.2677 -5.1673 2.0763 10.9672 2.5527 -7.3028 4.2372 -5.0521 2.6825 -9.0820 3.8013 6.0520 1.1020
59 27.6226 2.5762 28.9693 2.5097 21.9398 2.6525 -6.6788 1.0697 -5.5944 2.4511 10.8037 2.4563 -6.8510 4.4542 -4.9104 2.9740 -8.8861 4.2510 8.2332 1.4039
60 29.9157 2.3514 28.7586 2.4444 23.3823 2.4879 -6.7044 1.1546 -6.1195 2.5305 10.4792 2.4719 -6.2809 4.4159 -4.4486 2.8264 -9.1406 4.4910 10.2630 1.6215
61 32.2451 2.6643 28.5338 2.4505 23.9295 2.5339 -6.4025 0.7823 -6.2564 2.7589 9.5789 2.3628 -6.3830 4.8486 -4.4284 2.9494 -9.3831 4.9832 12.3475 1.9422
62 34.2577 2.5883 28.1722 2.4421 24.4773 2.4674 -5.8515 0.5263 -6.2838 2.9995 8.9527 2.2848 -6.2846 4.6032 -4.0844 2.5105 -9.3690 4.8713 14.6044 2.3683
63 36.3083 2.5384 27.1074 2.3804 24.9503 2.5655 -5.0224 1.0454 -6.9559 2.9430 8.1560 2.0552 -6.4420 3.9816 -3.7380 2.4420 -9.0967 4.8634 16.4856 2.6142
64 38.7376 2.4357 25.7173 2.3992 24.8771 2.4554 -3.5865 1.3071 -7.1582 2.7040 7.0548 1.7700 -6.5375 3.3890 -4.1437 2.4012 -8.6172 4.7650 18.9662 2.5949
65 41.4546 2.4296 23.8651 2.5365 24.6196 2.5241 -2.4887 1.8034 -7.2450 2.5037 5.6028 1.3630 -6.9455 2.8735 -3.9515 2.0378 -7.9544 4.4753 21.0595 2.6704
66 43.9551 2.3110 22.2876 2.4413 24.4295 2.5330 -1.4208 2.3451 -6.8226 2.1071 3.7153 1.2002 -6.9657 2.0784 -3.7211 2.2443 -8.0802 3.8860 23.3275 2.4441
67 46.5864 2.6537 20.0136 2.4524 24.0272 2.6234 -0.2934 2.6867 -6.7546 2.2093 1.5228 1.1803 -7.6557 1.7683 -3.6509 1.8084 -8.1047 3.0513 25.5460 2.6126
68 48.5533 2.3662 17.8363 2.6733 23.1392 2.5382 1.1853 3.1034 -5.8940 2.1728 -0.4571 0.9192 -8.0638 1.7596 -3.5842 1.8080 -8.2224 2.2494 27.8233 2.6049
69 51.0063 2.5865 15.3259 2.7559 21.5705 2.5095 2.4274 3.5490 -5.5377 2.1515 -2.2480 0.8843 -8.7398 1.5164 -3.7037 1.6937 -7.9968 2.0968 30.1280 2.6342
70 53.3593 2.5712 13.0919 2.9912 20.0237 2.6104 4.2943 3.4372 -5.1127 2.3602 -3.9145 0.9019 -9.2352 1.5884 -3.7275 2.0194 -8.6339 1.7217 32.6306 2.7052
71 55.8946 2.5006 11.0389 3.2739 18.6570 2.6070 6.4175 3.4254 -4.4343 2.6664 -4.9257 0.7081 -9.4983 1.3111 -4.5158 2.5052 -8.9602 1.0656 35.0135 2.5988
72 57.9375 2.3459 8.9795 3.3120 17.1101 2.6008 8.5854 3.1690 -3.8544 2.8626 -6.5031 0.7319 -9.4590 1.2295 -5.0516 2.7475 -9.1660 0.6085 37.2492 2.2524
73 59.7638 2.3657 6.8788 3.4595 15.6363 2.6291 10.6859 2.8985 -3.0613 3.0332 -7.5319 0.5923 -9.3240 0.7365 -5.6833 2.3879 -9.0639 0.2763 39.5925 2.4275
74 62.3080 2.4854 4.4899 3.6433 14.4582 2.4632 12.3473 2.7656 -2.2778 3.0964 -8.1166 0.5653 -9.4445 0.3547 -6.4182 2.2234 -9.0029 -0.2099 42.0373 2.6094
75 64.5147 2.5678 2.5303 4.0077 13.2020 2.5327 14.4655 2.4306 -1.2210 3.5131 -8.8065 0.1809 -9.3961 -0.1194 -6.6980 1.9594 -8.9345 -0.5086 43.9250 2.5014
76 66.8887 2.5943 0.3091 4.0712 12.5702 2.5432 16.6568 2.3972 -0.3277 3.7021 -8.9423 0.0993 -8.8303 -0.0966 -6.6344 1.6930 -8.5793 -0.4628 45.4704 2.5310
77 69.0432 2.4885 -1.3247 3.6942 12.0067 2.5047 19.0148 2.6525 0.7726 3.6978 -8.7712 0.3816 -8.2256 -0.2164 -6.7288 1.5101 -8.8395 -0.5004 47.2535 2.4870
78 71.2355 2.5255 -3.1586 3.5922 11.5682 2.4576 21.2131 2.3978 1.8121 3.6058 -8.8103 0.1955 -7.9608 -0.2777 -6.4003 1.2463 -8.6464 -0.2288 48.5059 2.5895
79 73.4381 2.5229 -4.6784 3.5845 11.4174 2.5550 23.6013 2.3891 2.0710 3.4593 -8.2708 0.7085 -7.7874 -0.3452 -6.0125 1.3799 -9.2149 0.0605 49.3344 2.4221
80 75.5089 2.5704 -6.2421 3.8561 11.5267 2.4858 26.1330 2.4574 2.6900 2.8312 -7.9578 0.7241 -7.2252 -0.1500 -5.9140 0.6306 -9.2028 0.7591 49.5358 2.6028
81 77.8291 2.6555 -7.3985 3.7087 12.5796 2.4643 28.3683 2.6773 2.7394 2.6257 -6.8385 1.1897 -6.1994 0.0866 -5.9421 0.1031 -9.5569 1.2546 49.6937 2.5177
82 80.2577 2.3183 -8.6841 3.8649 13.6482 2.4344 30.9991 2.6168 2.8177 2.5384 -5.8358 1.1679 -5.0570 0.1883 -5.8861 -0.3758 -10.1004 1.8477 49.8998 2.6210
83 82.5456 2.4219 -9.0811 4.0080 14.8077 2.4272 33.0624 2.4446 2.9176 1.9432 -4.4967 1.0751 -3.5245 0.4798 -6.1190 -0.8005 -10.7299 2.3461 49.1669 2.5107
84 84.6112 2.3342 -9.5783 4.0772 16.2577 2.4596 35.1180 2.6140 2.8391 1.6183 -3.2193 1.0933 -2.0632 0.4529 -6.6038 -0.9458 -10.5276 2.4656 48.2920 2.4791
85 86.6608 2.5243 -9.7898 4.0621 17.4436 2.7171 37.6073 2.6840 2.5157 1.1648 -1.5913 0.9739 -0.7213 0.8010 -6.9727 -1.0374 -9.9009 2.5487 47.0599 2.4849
86 88.8946 2.6115 -9.9107 4.1946 19.4600 2.6317 39.8462 2.3123 2.3078 1.1926 0.3525 1.0826 1.4115 0.9830 -7.6972 -0.6519 -9.8721 2.6770 45.4774 2.4266
87 91.3262 2.4938 -10.3443 4.1610 21.1865 2.5018 41.7492 2.4873 1.6329 1.3781 2.2799 1.0252 3.2164 1.4293 -7.9928 -0.9913 -9.7850 2.2317 43.6689 2.4890
88 93.8118 2.6271 -10.2383 3.7312 22.7624 2.4676 44.1277 2.5308 1.3932 1.6264 3.7500 1.2904 4.9821 1.5360 -8.2193 -0.5938 -9.2070 1.9382 42.0548 2.5745
89 96.3739 2.3071 -10.5192 3.2210 23.4922 2.3732 46.0361 2.5666 1.0760 2.0064 5.7538 1.4300 6.8805 2.1916 -8.2843 -0.0738 -8.8613 1.9046 39.8484 2.6851
90 98.8971 2.5021 -10.9543 2.8947 24.5642 2.4551 48.3723 2.4801 0.1494 2.3257 7.1544 1.8599 9.0700 2.3007 -8.4064 0.6549 -8.3908 1.7215 37.6900 2.3245
91 101.0829 2.5764 -10.5145 2.5949 25.0830 2.3951 50.3673 2.7856 -1.0405 2.7580 8.5479 2.1793 10.8325 2.4506 -8.2178 1.2075 -7.6406 1.7188 35.5891 2.4519
92 102.6701 2.4239 -10.6830 2.7730 25.1736 2.5187 52.3072 2.4548 -2.1738 2.8809 9.1037 2.4465 12.9769 2.6265 -8.0113 1.5714 -7.1562 1.7946 33.7339 2.5310
93 104.8760 2.6001 -10.2396 3.0569 25.0597 2.5187 54.2574 2.4951 -3.4448 3.4804 9.8353 2.5378 15.1815 2.4599 -7.7447 2.1515 -7.0625 1.7610 31.7860 2.5205
94 107.1464 2.6467 -9.7121 2.9365 24.7549 2.6057 55.4495 2.4269 -4.7106 3.8320 10.1577 2.5295 17.2059 2.2502 -7.8024 2.3353 -6.0366 1.4228 29.4352 2.5366
95 109.2840 2.4958 -9.1920 3.1508 24.4594 2.6098 56.9608 2.5347 -5.7148 4.1385 10.1242 2.4584 19.3920 2.2889 -8.0999 2.4900 -5.1088 0.8644 27.0247 2.3306
96 111.3820 2.4338 -8.4546 3.6637 23.8425 2.5200 57.7763 2.4816 -6.2958 3.8894 9.8521 2.4299 21.9719 2.4776 -7.9428 3.0280 -3.5355 0.3694 24.8053 2.5322
97 113.2920 2.5667 -7.8602 3.9634 22.8659 2.5945 58.8990 2.5058 -6.5301 3.5882 9.1603 2.5818 24.1477 2.4500 -7.5359 3.2774 -1.8858 0.6272 22.4083 2.8025
98 114.7968 2.5451 -7.3364 3.8966 21.4574 2.3950 58.9129 2.5021 -6.7349 3.6447 8.1717 2.6652 26.5397 2.5278 -7.0989 3.4775 -0.5859 0.8785 20.1693 2.4455
99 115.7953 2.6197 -6.8784 3.6666 19.4593 2.3730 59.0620 2.4444 -7.0432 3.3670 7.2202 2.6212 28.7463 2.4691 -6.6929 3.5641 1.2028 1.2480 18.1560 2.6774
100 116.5190 2.6223 -6.7619 3.9498 17.5840 2.6894 58.6792 2.4417 -7.1514 3.4435 5.7729 3.1736 30.9286 2.2530 -6.1579 3.3591 3.0340 1.1427 15.9565 2.5366
101 116.9397 2.5689 -7.0525 3.7000 15.7931 2.6532 58.3675 2.4755 -7.2974 2.8245 4.1837 3.5053 32.9422 2.3164 -5.8677 3.1200 4.4421 1.4554 13.8039 2.4580
102 117.3804 2.4267 -7.2496 3.7596 13.4816 2.3363 57.5049 2.4006 -7.3870 2.2471 2.8261 3.8164 35.3119 2.2219 -5.8297 3.2958 6.5375 2.0432 12.1690 2.6823
103 117.4190 2.5468 -7.3754 3.7533 11.2602 2.5548 56.4408 2.3747 -7.6845 1.8557 1.5652 4.1475 37.5843 2.3955 -6.0426 2.7952 8.2567 2.0883 10.1383 3.2372
104 117.4711 2.4426 -7.6380 3.5290 9.1376 2.5365 54.9497 2.6330 -8.1371 1.4025 0.2472 4.0074 40.2366 2.5115 -6.0451 2.4522 10.1609 2.3474 7.9704 3.6006
105 116.8071 2.3021 -7.8274 3.1985 6.7945 2.3889 53.7159 2.3940 -8.9890 0.7128 -0.4524 4.0307 42.1274 2.5409 -6.2904 2.1099 12.5144 2.5638 5.8226 3.8995
106 115.8717 2.4553 -7.6613 2.9531 5.0787 2.2295 51.6844 2.4476 -9.0743 0.8002 -0.8473 4.3081 43.8729 2.5905 -6.3032 2.3423 14.7679 2.4290 3.9923 4.0651
107 115.0135 2.2650 -8.2671 2.8070 3.1656 1.5875 49.1373 2.6005 -9.4570 0.7471 -0.8285 4.3242 45.9350 2.4732 -6.7319 2.5265 16.9191 2.6060 1.9577 4.2810
108 113.5767 2.4736 -8.5664 2.9534 1.7857 1.0160 46.8356 2.4149 -9.5423 0.9057 -0.3200 4.0635 48.1461 2.5152 -6.9874 2.9838 19.0385 2.4353 0.2939 4.3305
109 111.5842 2.4596 -8.7413 3.6115 0.5571 0.8491 44.5564 2.4398 -9.4301 1.0235 0.4132 4.1959 50.5311 2.4329 -6.9197 3.1698 21.3082 2.5217 -0.9835 4.2186
110 109.6397 2.4849 -9.0722 3.9758 -0.6279 0.5217 41.6924 2.3256 -9.1774 1.3018 1.2176 3.8134 52.9736 2.6720 -6.8857 3.3008 23.2950 2.3385 -2.5263 4.0703
111 107.1833 2.6115 -9.4398 4.0125 -1.8640 -0.0075 39.5631 2.3559 -8.5916 1.5202 2.5297 3.8573 55.7198 2.5109 -7.1738 3.4470 25.1757 2.4579 -4.0737 4.1874
112 104.7083 2.5261 -9.5889 3.8036 -3.2198 -0.1895 37.4916 2.5601 -8.3701 2.1179 3.6911 3.8672 58.3008 2.4508 -7.2252 3.5245 27.7219 2.6045 -5.6481 3.9997
113 101.9303 2.6644 -10.0365 3.5336 -4.3851 -0.2608 34.9940 2.5204 -8.1927 2.3844 5.1314 3.7572 60.4087 2.6706 -7.3535 3.8591 29.7786 2.5614 -6.7811 3.2910
114 99.8153 2.5777 -10.3330 3.4374 -5.6288 -0.3481 33.0449 2.5787 -7.9659 2.7235 7.0775 3.5581 62.4462 2.4097 -7.3509 3.7841 31.8850 2.4697 -7.0972 2.7047
115 97.3972 2.7735 -10.4801 3.3725 -6.6902 0.0439 31.0424 2.6200 -7.7081 3.1081 9.2157 3.1983 64.2224 2.4477 -7.1652 4.0427 34.3654 2.6211 -7.4052 2.3722
116 94.9907 2.5184 -10.6935 3.1998 -7.8436 0.2577 29.4474 2.6131 -7.3940 3.2311 11.4490 3.2082 65.9008 2.3948 -6.7692 4.0715 36.7891 2.4902 -7.8214 1.8147
117 92.3404 2.2959 -10.7532 2.9833 -8.4693 0.5550 28.0507 2.4527 -6.9305 3.0861 13.7957 2.8849 67.3021 2.3454 -6.5232 3.8445 39.1809 2.3839 -7.7414 1.4681
118 89.7883 2.3767 -10.6826 3.1103 -8.8062 0.8517 26.9228 2.4236 -6.5880 2.9722 16.0485 2.5475 68.3790 2.4645 -6.3074 3.2555 41.4942 2.3615 -8.4912 0.7641
119 87.9091 2.7024 -10.8637 3.3435 -8.6612 1.0128 25.8821 2.3598 -6.6361 2.7491 18.7726 2.2418 69.1124 2.4825 -6.2501 2.8420 43.6780 2.4117 -8.4439 0.3715
120 85.4813 2.6634 -11.0819 3.7413 -8.5579 1.6416 25.5711 2.5380 -6.4400 2.4888 20.8055 2.4796 69.2477 2.4925 -6.2636 2.4200 45.5724 2.4004 -8.4969 0.0559
121 83.2958 2.5327 -10.2607 3.9114 -8.6828 2.0904 24.8809 2.5634 -6.7826 2.2524 22.8891 2.5727 69.3976 2.4654 -6.4584 2.1442 47.9010 2.3364 -8.0314 -0.2994
122 80.9883 2.4682 -9.9002 4.0576 -9.0111 2.7448 24.9920 2.5357 -7.0213 2.1119 24.9641 2.7045 69.2597 2.4747 -6.5082 1.6594 50.1446 2.4800 -7.7343 -0.4531
123 78.6665 2.4356 -9.7943 3.4684 -9.2243 2.9226 25.3183 2.4736 -7.0746 2.0552 27.2665 2.6235 68.9336 2.5557 -6.5959 1.1281 52.4186 2.5029 -7.2749 -0.2628
124 76.0686 2.5997 -9.8879 3.1206 -9.5319 3.1241 25.9508 2.4113 -7.0991 1.4995 29.5494 2.3814 68.9660 2.3971 -6.5040 0.9105 54.0705 2.4722 -7.2604 -0.4752
125 73.4128 2.5665 -10.1539 2.2825 -9.6550 3.3947 26.7007 2.4424 -6.9847 1.0834 31.5908 2.4583 67.7207 2.5051 -6.4923 0.3638 55.5822 2.3511 -6.9438 -0.2992
126 70.7741 2.6860 -9.9982 1.5537 -9.9104 3.2339 28.1154 2.5034 -7.1248 0.6860 33.6371 2.5481 66.3313 2.6467 -6.6639 0.1038 57.0230 2.5816 -6.8744 0.1426
127 68.6905 2.4619 -9.8422 1.4467 -9.8711 3.1444 29.8229 2.5894 -7.1532 0.1944 35.7712 2.4617 64.7372 2.5734 -6.8786 -0.3390 58.2224 2.5398 -6.6877 0.2697
128 66.0803 2.6410 -9.7165 1.3959 -9.8704 2.9842 31.3560 2.7332 -7.3075 0.1696 37.8440 2.5027 62.4403 2.5323 -7.3193 -0.5203 59.0518 2.6559 -6.5930 0.5045
129 63.8109 2.4843 -9.4667 1.2880 -9.8576 2.8959 33.0016 2.3224 -7.2955 -0.1637 40.0148 2.4280 60.2854 2.5447 -7.6176 -0.8345 58.9974 2.5360 -6.7591 0.7690
130 61.9336 2.5725 -9.0122 1.0528 -9.8248 2.6519 35.5372 2.3598 -7.2673 0.0472 42.4469 2.5401 57.4613 2.6039 -8.1950 -0.4427 58.9858 2.5067 -7.1562 0.5994
131 59.6609 2.3706 -8.6507 1.3522 -9.7101 2.7568 38.3849 2.4448 -7.2123 0.8004 44.5356 2.4865 55.2050 2.5663 -8.6960 -0.3144 59.2331 2.5604 -7.6470 0.1106
132 57.5758 2.4583 -7.6742 1.4274 -9.6966 2.6994 41.0877 2.5496 -7.0015 1.2698 46.8462 2.5887 53.0385 2.3966 -8.7366 -0.0064 58.8671 2.5849 -7.9468 -0.1424
133 55.0448 2.3763 -7.1224 1.5279 -9.3280 2.2650 43.2074 2.3885 -6.2968 1.9321 48.8919 2.5748 50.6848 2.5106 -8.5272 0.2644 58.3389 2.5506 -8.4031 -0.5419
134 52.9785 2.5354 -6.8764 1.5998 -8.7711 2.1918 45.6381 2.6508 -6.1178 2.1452 51.0310 2.7547 48.3885 2.5561 -8.3044 0.4791 56.8710 2.4369 -8.2436 -0.3881
135 50.7220 2.2703 -6.8268 2.0982 -8.1874 1.7881 47.8172 2.3947 -5.5181 2.4168 53.0501 2.7463 46.5286 2.3259 -8.0959 0.3222 55.5701 2.5827 -8.6010 -0.3236
136 48.6354 2.3397 -6.3710 1.8588 -7.1846 1.5902 49.8646 2.2478 -5.1804 2.7719 54.9914 2.6551 44.2846 2.7106 -7.6462 0.1446 54.1290 2.6372 -8.2282 0.1287
137 46.7859 2.4070 -5.8032 1.5383 -6.2738 1.3855 52.3452 2.2546 -5.0580 3.1517 56.6861 2.4701 42.1159 2.5322 -7.3797 0.0312 52.4013 2.5767 -8.3599 0.0838
138 44.4440 2.4592 -5.3511 1.6280 -5.1969 1.1232 54.4063 2.5024 -4.5320 3.5981 58.9359 2.5244 39.7882 2.4860 -7.2070 -0.7524 50.7042 2.7047 -8.2723 0.1148
139 42.3095 2.6380 -4.8731 1.5149 -3.9947 1.0133 56.8167 2.3230 -4.4052 3.4478 60.9882 2.4579 37.4356 2.5357 -6.6989 -0.7836 49.8485 2.6327 -8.8871 0.4294
140 39.8799 2.4742 -4.3278 1.5333 -2.6147 1.0602 59.6178 2.3914 -4.1929 3.7015 62.7318 2.4058 35.2476 2.6016 -6.7608 -0.4963 48.6101 2.3934 -9.2108 0.7581
141 37.6786 2.3236 -3.5639 1.7775 -1.1842 1.2578 62.1636 2.2642 -3.9244 3.5913 64.3168 2.4640 33.2978 2.7621 -6.9158 -0.8360 48.2718 2.4692 -9.4871 0.7183
142 35.5716 2.5155 -3.1714 1.9980 0.2398 1.7375 64.3882 2.4601 -3.7187 3.7379 65.5112 2.4414 30.6706 2.6353 -6.7492 -0.8455 47.7178 2.4443 -9.7761 0.6350
143 33.5120 2.7315 -2.1462 2.4476 2.0684 2.1063 66.5457 2.5735 -3.3621 3.4101 66.3798 2.4305 28.6688 2.6769 -6.3484 -0.7449 47.2916 2.4548 -10.2385 1.1872
144 31.1536 2.5910 -1.3853 2.9136 4.0113 2.2020 68.8806 2.6895 -3.3253 3.5265 67.2885 2.4860 26.5328 2.6273 -5.9766 -0.5157 47.5192 2.5167 -10.3618 1.2558
145 29.3169 2.4745 -0.4675 3.0598 5.9531 2.3448 71.4458 2.5832 -3.6563 3.3586 67.8965 2.4640 23.9934 2.5723 -6.1421 -0.6000 47.8859 2.5358 -10.3067 1.1301
146 26.5016 2.3693 0.7515 3.3716 8.3849 2.5458 73.7868 2.4180 -4.1268 3.6587 67.8713 2.5727 22.0734 2.3980 -6.2745 -0.4903 48.7279 2.5093 -10.0735 1.3986
147 24.2944 2.5845 2.1845 3.2294 10.6348 2.3730 76.4569 2.6368 -4.9369 4.3096 67.3543 2.4758 19.6968 2.5509 -6.2037 -0.5193 49.4370 2.4854 -9.5249 1.0506
148 22.1931 2.3892 3.4331 3.3091 13.1659 2.2476 78.7711 2.4226 -5.7090 4.6966 66.3524 2.5508 17.2519 2.4486 -5.9930 -0.3543 49.8785 2.4829 -9.0444 0.3689
149 20.1025 2.5167 4.9783 2.9318 15.5150 2.3790 81.2096 2.2993 -6.2665 5.0301 65.2522 2.4554 15.1707 2.4411 -6.2779 -0.0588 50.7588 2.4554 -8.5032 0.2276
150 17.8378 2.6358 6.5917 2.7515 18.1151 2.8371 83.7292 2.3199 -6.6293 5.2610 63.8874 2.4229 12.9820 2.3388 -6.5751 -0.1800 51.7932 2.5298 -8.2298 -0.4228
151 15.5838 2.3259 8.8756 2.5539 20.6564 2.6313 86.2925 2.3914 -6.8640 4.9692 62.1236 2.4693 10.9328 2.3002 -6.7582 0.2805 52.5580 2.5521 -8.0990 -0.6023
152 13.5311 2.3130 10.8847 2.4494 23.0004 2.4811 88.4826 2.4533 -7.2443 4.8570 60.2637 2.4365 8.6202 2.3343 -6.9599 0.6711 53.1045 2.4937 -7.9492 -0.4470
153 11.2252 1.8199 12.8687 2.5743 24.9697 2.4109 90.9140 2.5689 -7.3819 4.4739 57.7397 2.3171 6.6976 2.6206 -7.3871 0.8293 53.5245 2.4981 -7.7502 -0.3544
154 8.7819 1.6901 14.8074 2.4859 27.3795 2.6361 93.3322 2.5465 -7.6869 4.0923 55.5621 2.5408 5.1711 3.0871 -7.7853 1.0136 53.4889 2.5333 -7.8555 -0.3263
155 6.6605 1.6477 15.9438 2.5987 29.6851 2.4134 95.1145 2.4937 -8.2353 3.5420 53.1061 2.2456 3.2805 3.4240 -7.8145 0.9649 53.3793 2.4877 -7.7762 -0.5495
156 4.8465 1.3931 16.9589 2.4773 32.2369 2.3552 96.9831 2.6934 -8.4072 3.4733 50.7472 2.5332 1.7478 3.8610 -7.4866 1.2791 53.1092 2.4461 -7.4731 -0.6753
157 2.6248 0.8983 18.3676 2.4410 34.7735 2.5707 99.0566 2.6922 -8.1846 3.2947 48.6530 2.4919 -0.0002 4.2520 -7.2035 1.2865 52.4513 2.4978 -7.4936 -0.5180
158 0.6378 0.2367 18.9310 2.3386 37.1903 2.5458 100.3701 2.6356 -8.1756 2.8695 46.4367 2.6146 -1.8200 4.5714 -6.4211 1.8589 51.7503 2.5449 -7.2957 -0.4437
159 -0.9652 0.1610 19.4691 2.4453 39.3946 2.4874 101.4906 2.3860 -7.7824 2.6585 44.7313 2.5948 -3.3669 4.2666 -5.6462 2.3394 50.2423 2.3714 -7.4921 -0.2445
160 -2.5984 0.1627 19.3649 2.5203 41.5776 2.4519 102.7662 2.3716 -7.8838 2.4287 43.4321 2.3951 -4.5228 4.2185 -4.1659 2.9767 48.8743 2.5346 -7.5826 0.1183
161 -3.9244 -0.1792 19.9121 2.5621 43.6276 2.3395 103.5816 2.5595 -7.3816 1.7925 42.3689 2.3542 -6.1219 3.7649 -2.8468 3.1322 47.0785 2.6632 -7.6278 0.2716
162 -5.5173 -0.5201 19.7364 2.4575 45.5608 2.5943 104.1520 2.3588 -7.4392 1.1424 41.3251 2.5377 -7.3268 3.7513 -1.1489 3.5307 44.7526 2.5076 -7.7727 0.4162
163 -6.3262 -0.5085 19.0823 2.4431 47.1072 2.3555 104.3271 2.3904 -7.8576 0.5985 40.8722 2.5727 -8.2319 3.8455 0.6047 3.7065 42.6440 2.3523 -7.6956 0.4409
164 -6.8814 -0.2311 18.6643 2.4225 48.7830 2.4157 104.3942 2.5884 -8.1523 0.0817 40.6985 2.5268 -8.8147 4.2437 1.4867 3.3822 40.4323 2.5221 -7.5242 0.7408
165 -7.3618 0.0343 18.4351 2.4582 50.2121 2.5816 103.6586 2.4841 -7.8536 0.1817 41.1861 2.4832 -9.2941 4.5182 2.8520 3.2670 38.0629 2.4959 -7.5911 1.0439
166 -7.4348 -0.0002 17.8262 2.4735 51.1194 2.6960 103.1290 2.5183 -8.0401 0.3890 41.6945 2.5737 -9.4896 4.5044 3.8942 2.9590 35.8595 2.6243 -7.7267 1.4460
167 -7.6882 0.0693 17.2265 2.4960 52.0491 2.4874 102.4092 2.5079 -7.8563 0.4069 42.4478 2.5453 -9.8867 4.4011 4.5369 2.8024 34.4277 2.6494 -7.9382 2.4784
168 -7.8535 0.1181 16.7170 2.4631 52.4473 2.4736 101.1657 2.5283 -7.8481 0.6567 43.3188 2.5350 -9.9811 4.2360 5.1792 2.6451 33.0961 2.5051 -7.5222 3.2241
169 -7.5861 0.3874 16.2411 2.5647 52.5624 2.5265 99.3929 2.4850 -7.5068 0.9227 44.5587 2.6550 -10.4795 3.9850 5.3433 2.4106 31.5373 2.4315 -6.8904 3.6628
170 -7.1320 0.8350 16.0801 2.4178 52.6827 2.4490 97.9055 2.5423 -7.7721 1.0652 45.9029 2.7463 -10.8850 3.7520 4.9792 1.9120 30.4739 2.6060 -5.8019 3.7648
171 -6.6295 0.6926 15.9100 2.5143 51.8281 2.5477 95.7696 2.6938 -8.0694 1.4171 48.1186 2.6960 -10.8987 4.1799 4.4018 1.4665 29.9249 2.6306 -5.3620 3.6090
172 -6.3556 0.8872 16.2115 2.5435 51.5741 2.5855 93.7197 2.7398 -8.8528 1.8067 50.3252 2.6023 -10.4335 4.1411 3.6598 1.0985 29.8941 2.5385 -4.6440 3.1729
173 -5.9743 1.4239 17.2150 2.4409 51.5413 2.5035 91.6822 2.5252 -9.0110 2.4673 52.5880 2.5906 -9.9291 4.2169 3.0134 0.8223 29.5194 2.4886 -4.0902 3.0380
174 -5.6964 2.2648 18.4185 2.3195 51.3813 2.5210 89.3560 2.6843 -9.8804 2.4931 54.5614 2.5369 -9.1562 4.2625 1.8937 0.4643 30.1242 2.5239 -3.9759 2.4164
175 -5.6753 3.0561 19.4711 2.3240 51.0142 2.5473 86.7218 2.4946 -10.4433 2.5061 56.9775 2.4293 -8.5749 4.7676 0.6486 0.3562 30.8239 2.4744 -4.1493 2.0369
176 -5.6174 3.0468 21.2502 2.3870 50.4500 2.5395 84.0996 2.5438 -10.5293 2.2326 59.3665 2.3562 -8.5734 5.1353 -0.8140 0.4476 31.4703 2.4887 -4.4730 1.9021
177 -5.9620 3.7418 22.9221 2.4675 50.3464 2.6022 81.8148 2.4494 -10.6293 2.4367 61.5096 2.4718 -8.3360 5.6927 -2.4672 0.3461 32.4477 2.4946 -4.6970 1.8920
178 -6.2396 3.6579 25.2756 2.7180 49.9216 2.4033 79.7143 2.4459 -11.0853 2.6755 63.8746 2.6115 -7.9230 5.9277 -4.2398 0.9229 33.9742 2.5834 -5.2112 1.9406
179 -6.4296 4.0372 27.6844 2.4810 49.6336 2.4486 77.2406 2.5798 -11.0918 3.3506 66.2811 2.6261 -7.9152 5.8020 -5.7483 1.0579 35.7149 2.5656 -5.7423 1.7019
180 -6.8796 4.4128 29.7712 2.4445 50.1477 2.4783 75.2299 2.7437 -11.0645 3.7949 68.3580 2.4329 -8.0339 5.3728 -6.4922 1.1117 37.6075 2.4961 -5.8752 1.6711
181 -6.9696 4.5146 32.0917 2.5403 50.5947 2.4615 72.9942 2.6536 -10.6599 4.3318 70.1867 2.4892 -8.1862 5.2306 -7.0030 1.6931 40.2084 2.3675 -5.9024 1.7529
182 -6.7670 4.8769 34.6265 2.5743 51.5228 2.3998 70.7833 2.5227 -10.4286 4.1655 71.6261 2.5615 -8.4006 4.6444 -7.4344 1.9212 42.1627 2.4314 -5.4726 1.4544
183 -6.8804 5.2737 36.9373 2.5875 52.7917 2.4944 67.8099 2.5070 -10.0018 3.8471 73.0182 2.5490 -8.9137 4.4977 -7.9048 2.2338 44.1160 2.7021 -5.7528 1.5434
184 -6.3149 5.2367 38.8164 2.6463 54.2435 2.5500 65.5366 2.4414 -9.9735 3.5356 74.1642 2.4293 -8.8795 4.4593 -8.3926 2.1997 46.3971 2.4353 -5.9486 1.6742
185 -6.4619 5.1261 40.6139 2.6011 56.1752 2.5442 63.5831 2.5796 -10.0298 3.0053 75.3395 2.5855 -8.4603 4.7835 -8.7507 2.4615 48.4720 2.4425 -6.7426 1.5047
186 -6.5574 4.8595 41.7052 2.5512 57.9624 2.4685 61.3556 2.7926 -10.1050 2.5461 75.6646 2.5387 -8.4303 4.7867 -8.8198 2.7500 50.7180 2.3465 -7.4708 1.4910
187 -6.8370 4.4870 43.2081 2.4562 60.2246 2.6413 58.8212 2.7463 -10.1018 2.1834 75.5076 2.4093 -8.1409 4.7132 -8.5871 2.9125 53.1840 2.6033 -8.0068 1.8423
188 -6.9038 3.6998 43.9608 2.5050 62.8728 2.6214 56.8513 2.7664 -10.2393 1.7850 75.2458 2.3784 -8.3748 5.2053 -7.8843 3.4120 55.3632 2.6336 -8.3722 1.9872
189 -7.1417 3.2765 44.6656 2.5606 64.9951 2.4347 54.9496 2.4516 -10.6782 1.4054 75.0534 2.3814 -8.5500 5.1649 -7.1236 3.9919 57.5840 2.4664 -8.2900 2.2893
190 -6.7315 2.9453 45.1377 2.5163 67.5085 2.5373 52.7402 2.5791 -10.3741 1.1410 74.3514 2.4543 -8.8379 4.5255 -6.3542 3.9080 60.0155 2.3628 -8.0821 2.7503
191 -6.4022 2.6524 45.0409 2.4903 69.6569 2.3449 50.3690 2.4991 -9.9665 1.0923 73.0660 2.4722 -9.0972 3.8395 -6.5480 3.6880 62.1862 2.6354 -7.4307 2.9952
192 -6.5492 2.4320 44.6117 2.3646 72.0946 2.4470 48.4953 2.8446 -9.0592 1.4371 71.5021 2.4805 -9.0241 3.0784 -5.9548 3.7211 63.9225 2.5961 -6.7657 3.1433
193 -6.7959 2.4829 43.8683 2.4372 74.1223 2.3105 46.9211 2.5381 -8.4421 1.7597 69.8266 2.2721 -8.5096 2.2451 -5.5678 3.4705 65.2723 2.7195 -6.7272 2.9520
194 -7.0461 2.3230 42.8473 2.6117 76.4311 2.6670 45.4575 2.4578 -7.4636 1.6860 67.6654 2.5646 -8.1263 1.6279 -5.3125 2.9813 66.3155 2.5763 -6.8790 2.3797
195 -7.1568 2.4374 41.5083 2.5185 78.7120 2.5876 44.2324 2.4697 -6.6045 1.7565 65.6131 2.5460 -7.6752 1.2016 -4.6845 2.5700 67.3890 2.5686 -7.1712 1.8532
196 -7.5448 2.5570 40.3767 2.5666 80.8502 2.4911 43.3941 2.5654 -5.6263 1.7239 63.2102 2.6352 -6.7713 1.0815 -4.6379 2.1060 68.2253 2.4790 -7.7250 1.7655
197 -7.4915 2.4703 38.4795 2.5565 83.2549 2.6836 42.4729 2.5230 -3.8101 1.5709 61.1889 2.5223 -6.3948 1.2149 -4.8257 2.0460 68.3534 2.4854 -8.3049 2.1567
198 -7.8799 2.4502 36.6484 2.6154 85.7253 2.7776 42.2079 2.5141 -2.1279 1.1405 58.9240 2.3644 -5.5532 1.1300 -4.8025 2.0696 68.6679 2.5146 -7.9902 2.2343
199 -7.9024 2.3533 34.1333 2.3827 87.8009 2.5152 42.1195 2.4950 -0.5043 1.0147 56.6952 2.5047 -5.4040 1.2037 -4.6734 2.4881 68.6766 2.5707 -8.0209 2.4814
200 -8.1199 2.2437 31.6469 2.5176 89.8829 2.4931 42.2772 2.6082 1.3142 1.3696 55.1038 2.4010 -5.8030 1.4089 -4.4015 2.6314 68.4729 2.4787 -8.4119 2.8151
201 -7.8707 2.4983 29.0941 2.5556 92.0175 2.6477 42.7509 2.6202 3.1328 1.5256 53.5443 2.4160 -6.0018 1.5648 -4.5617 3.6102 67.3468 2.5088 -7.9551 3.0841
202 -8.1058 2.9228 26.1386 2.7830 93.9350 2.5021 43.6052 2.5499 5.0494 2.0099 52.1878 2.5396 -5.9692 1.8852 -5.0967 4.4142 66.8485 2.5840 -7.4009 3.0154
203 -8.1681 2.9203 23.7890 2.4195 95.8957 2.4992 44.7702 2.6338 7.2109 2.2418 50.9253 2.5834 -6.2052 2.2507 -5.7142 5.1449 65.3476 2.5410 -7.6637 2.8952
204 -7.7151 2.7004 21.4529 2.5916 97.9858 2.5057 46.2627 2.5337 9.0522 2.2580 49.7867 2.4092 -6.4060 2.8217 -5.6419 4.8160 63.6871 2.6797 -8.0411 2.4033
205 -7.1110 2.8052 19.0177 2.5087 99.7031 2.5307 48.3090 2.4549 11.3190 2.4690 48.9149 2.4525 -6.5226 3.2364 -5.9011 4.8665 61.5969 2.5597 -8.3901 2.1143
206 -7.2385 2.1544 16.4131 2.6312 101.1098 2.5351 50.3322 2.5261 13.0100 2.3890 48.3848 2.4816 -6.7653 3.2587 -5.9801 4.8998 59.2399 2.4089 -8.7037 2.2774
207 -6.9636 1.9039 14.0621 2.2426 101.8700 2.4549 52.4939 2.3856 14.9031 2.3634 48.0915 2.4866 -7.0644 3.0816 -5.5400 4.3996 57.1432 2.4510 -9.2132 2.4764
208 -6.9421 1.5960 11.7283 2.0137 102.2885 2.4313 54.8498 2.4700 16.2402 2.4288 47.5406 2.4923 -7.9079 3.6531 -4.9378 4.3472 54.9444 2.6629 -9.7003 2.8347
209 -7.0092 1.6377 9.6815 2.0428 102.3622 2.4720 57.0384 2.5723 17.0470 2.4291 47.3134 2.4840 -8.3939 3.9342 -4.3814 4.4265 52.3805 2.6677 -10.1118 2.9051
210 -7.1938 1.5095 7.7166 1.5253 101.8673 2.4529 58.9375 2.3556 17.7917 2.3834 47.3397 2.5395 -8.7837 4.1015 -4.0022 4.3542 50.1632 2.7616 -10.5054 2.7248
211 -6.9654 2.1516 5.4580 1.4656 101.5785 2.3620 61.3197 2.5946 18.6614 2.5584 47.2083 2.4695 -9.2751 4.3200 -2.5652 4.8191 47.9163 2.5139 -10.3981 2.4631
212 -7.4065 2.2335 3.8958 1.7128 101.1934 2.4785 63.8659 2.4727 18.1382 2.4494 47.1720 2.4906 -9.4359 4.7809 -1.2997 4.7148 46.4157 2.2562 -10.8030 2.4740
213 -7.5012 2.3834 2.1171 1.8790 100.0873 2.4953 66.1851 2.5312 18.1745 2.5024 47.1089 2.4300 -9.3293 4.7830 -0.0523 4.4718 45.2637 2.4125 -10.5626 1.5928
214 -7.6493 2.2823 0.3863 1.9056 98.7939 2.4536 68.1173 2.4378 17.5095 2.6012 47.1223 2.4746 -9.2660 4.9143 1.4221 4.4437 44.1339 2.4721 -9.9999 1.4888
215 -7.9185 2.4408 -0.6802 2.3944 97.8650 2.3952 70.3999 2.4400 16.2055 2.4250 46.8955 2.5032 -8.8521 4.8943 3.0709 4.3130 43.6738 2.4995 -9.6092 1.2678
216 -8.4024 2.3675 -2.0504 2.8213 97.0807 2.5588 72.5771 2.5702 15.4605 2.5047 46.3997 2.5329 -8.7427 4.5414 4.8637 3.6564 43.0931 2.5137 -9.2716 1.0884
217 -8.3531 2.6397 -3.0677 3.1688 96.1585 2.4520 74.5904 2.2521 13.5157 2.5300 45.5575 2.4875 -8.5664 4.4542 7.1501 3.1219 43.0039 2.5006 -8.9357 1.0839
218 -8.0395 2.7108 -3.7855 3.0684 95.4587 2.5529 76.9356 2.6023 12.0174 2.6955 44.1741 2.3916 -8.3629 4.0283 9.1850 2.6798 43.2842 2.4885 -8.6333 1.0066
219 -7.6323 2.8983 -4.3987 3.0177 94.9768 2.5749 79.3699 2.4635 10.0579 3.0068 42.7454 2.5003 -7.8995 3.9751 11.2934 2.6429 43.6433 2.5056 -8.4034 0.9861
220 -7.4099 2.9416 -4.8434 3.4359 94.6154 2.5112 81.5040 2.4942 8.0209 3.5095 41.3701 2.4529 -7.6861 3.6404 13.4253 2.6164 44.5951 2.5541 -7.8988 0.7513
221 -7.3394 3.2106 -4.8881 3.9305 94.3387 2.4733 83.8716 2.4178 6.0408 3.8779 39.3029 2.5744 -7.2404 3.0127 15.7512 2.5305 45.2854 2.5450 -7.4626 0.4873
222 -6.7785 3.1926 -5.3677 4.0957 94.9984 2.4871 86.2272 2.3605 4.0883 4.1309 36.8730 2.5677 -6.4680 3.0281 17.9816 2.5060 46.4099 2.6225 -7.0679 0.0733
223 -6.1230 3.7500 -5.5922 4.6773 95.7275 2.5351 88.3426 2.4384 2.0385 4.1633 34.7327 2.6743 -5.7219 3.1837 20.2685 2.6241 47.6244 2.4426 -6.5111 0.0213
224 -5.6918 4.1968 -5.6975 4.9258 96.6998 2.4783 90.9042 2.3454 0.0409 3.9361 32.6057 2.5517 -5.1023 2.6263 22.4091 2.6621 48.6220 2.4649 -5.9891 -0.2360
225 -5.1669 4.2257 -5.5688 5.2476 97.7293 2.4666 93.2142 2.3360 -1.8654 3.7571 30.5937 2.5348 -4.8348 2.6059 24.7299 2.5405 49.5424 2.5521 -5.6115 -0.3189
226 -5.2105 4.7542 -5.4264 5.6242 99.3380 2.4951 95.3576 2.5508 -3.3203 3.7785 28.0726 2.5997 -4.3787 2.2463 26.8879 2.4480 50.3074 2.4975 -5.4064 0.2668
227 -5.1494 4.4793 -5.6669 5.6740 101.0757 2.6757 97.9131 2.3685 -5.1601 3.8929 25.5832 2.5564 -4.4942 1.6269 29.6102 2.4854 50.2157 2.4335 -4.7639 0.2146
228 -5.5209 4.3749 -5.7977 5.3000 102.9644 2.5351 100.4274 2.4013 -6.5295 3.7982 23.0116 2.5501 -4.4195 1.0370 32.2914 2.5551 50.3196 2.4897 -4.4305 0.6536
229 -5.4331 3.9803 -5.6804 5.0443 104.9283 2.2690 102.6552 2.3512 -7.4160 3.2938 20.8752 2.3094 -4.5470 0.7776 34.6669 2.5100 50.2528 2.5569 -4.7025 1.0267
230 -6.1193 3.5861 -5.7532 4.2893 107.3110 2.3591 104.8003 2.5071 -8.0058 2.7144 18.4611 2.4269 -4.6531 0.7004 36.9922 2.3202 49.7290 2.4671 -5.1754 1.2575
231 -6.7232 3.0667 -5.8506 3.8873 109.3849 2.5828 107.6144 2.4620 -8.5281 2.3768 16.2201 2.4742 -4.8029 0.9943 39.2088 2.6586 49.3017 2.6207 -5.5455 1.3505
232 -7.3805 2.7613 -6.5792 3.2997 111.8732 2.4958 109.9042 2.4125 -8.7127 2.1558 14.0369 2.3769 -4.8093 1.3540 41.3044 2.6362 47.9716 2.7113 -6.1162 0.9537
233 -7.7878 2.4627 -7.1714 2.9793 113.9559 2.5206 112.0869 2.3689 -8.7651 2.1131 11.8090 2.2794 -5.2762 1.9811 43.8368 2.4870 46.4587 2.4922 -6.7003 0.5154
234 -7.8776 2.5316 -7.8018 2.6535 116.0366 2.5533 114.0024 2.3978 -8.1737 1.6425 9.5630 2.4656 -5.3248 2.5146 45.8645 2.2712 44.8134 2.4839 -6.9220 0.3496
235 -7.8537 2.6260 -8.0625 2.3605 118.0933 2.4626 116.3528 2.5477 -7.5818 1.2085 7.5899 2.7398 -5.7579 2.7290 48.1356 2.3658 42.4204 2.4435 -7.2546 -0.0408
236 -8.3135 2.5822 -7.9005 1.7700 120.2842 2.4566 118.3802 2.5080 -6.8848 1.0079 5.7424 3.2628 -6.0794 3.4063 50.0122 2.5887 40.5784 2.4573 -7.2991 -0.2983
237 -8.5995 2.4762 -7.6585 1.1359 122.3115 2.4520 120.6005 2.5115 -6.0735 0.9675 3.8898 3.5243 -6.4823 3.3050 52.0593 2.4824 38.2259 2.3766 -7.4994 -0.7223
238 -8.3451 2.3337 -7.5121 0.9882 124.3740 2.4439 122.9981 2.7071 -4.9639 0.7954 2.4015 3.6912 -7.1462 3.1367 54.2012 2.4806 35.9484 2.3894 -7.5675 -0.7941
239 -7.9169 2.0689 -7.7010 0.6349 126.4292 2.5629 125.3831 2.7187 -3.4742 0.9343 1.3899 3.7255 -7.4939 3.0167 56.1205 2.6221 33.8956 2.4651 -7.6686 -0.8223
240 -7.2313 1.9000 -7.5323 0.0780 128.5928 2.3445 127.6640 2.8796 -1.8976 0.7311 0.3676 3.9746 -8.2521 2.9201 57.9666 2.5695 31.7322 2.6797 -7.6416 -0.8865
241 -6.3289 1.5716 -7.3981 -0.1232 130.9453 2.4251 129.9332 2.5809 -0.4914 0.6241 -0.4122 4.0696 -8.3941 3.4972 59.6520 2.5279 29.5187 2.4769 -7.1031 -1.1939
242 -5.5733 1.2387 -6.9642 0.3445 133.4087 2.4941 132.6148 2.3877 1.3561 0.5785 -0.7838 3.9150 -8.1785 3.2206 60.6047 2.5471 27.2838 2.3939 -7.1238 -0.8064
243 -5.1368 0.9883 -6.4648 0.3914 135.8438 2.4821 134.9157 2.5038 3.1082 0.9720 -0.9924 3.7955 -8.1872 2.9514 61.4604 2.6108 24.9333 2.4182 -6.8933 -0.3827
244 -4.8124 1.4000 -5.9957 0.6887 137.9941 2.6443 136.9374 2.4885 4.9545 1.3409 -0.4213 4.1365 -7.9051 2.7069 62.0612 2.5651 22.4465 2.2466 -6.7095 -0.0319
245 -4.3216 1.4291 -5.8131 0.7340 140.2355 2.6004 139.3229 2.5359 6.8252 1.7151 0.5368 4.2352 -8.0532 2.1958 62.2524 2.4619 20.2762 2.4474 -6.4991 0.2296
246 -4.0819 1.6793 -5.9992 0.7194 142.4748 2.4889 141.7413 2.6005 8.5601 2.0880 1.0627 4.0621 -8.0551 2.2055 62.2122 2.4928 17.7633 2.4658 -6.7946 0.5141
247 -4.1652 2.2169 -6.0620 0.9526 144.2984 2.5732 143.7008 2.4839 10.6496 2.4559 1.9691 3.7502 -8.0446 1.8752 61.5742 2.3914 14.8506 2.5376 -6.4357 0.4972
248 -4.1910 2.6528 -6.6435 0.9792 146.7915 2.4191 145.9723 2.5814 12.5578 2.2850 3.4424 4.0812 -7.6332 1.4659 61.0488 2.4696 12.7714 2.5497 -6.1261 0.8043
249 -4.2865 2.2314 -6.6314 1.3306 149.1909 2.6182 148.2798 2.4328 14.9826 2.4580 4.9578 4.1431 -7.5149 1.0175 59.6619 2.4538 10.3297 2.5537 -5.9961 0.5372
250 -4.7557 2.2070 -6.6678 1.5874 151.5258 2.7054 150.7109 1.9120 17.3579 2.4882 6.8171 3.6986 -7.2007 1.1399 58.1129 2.5124 7.9736 2.3848 -5.6990 0.4102
251 -4.8067 2.1879 -6.7604 1.9264 153.1576 3.0485 152.7312 1.5764 19.6255 2.6156 8.7956 3.3671 -6.6431 0.8737 56.8350 2.5429 5.4565 2.1567 -5.6063 0.3807
252 -5.4456 2.2964 -7.0477 2.4053 154.9788 3.0943 154.8692 1.1780 21.9798 2.4563 11.0932 3.0361 -6.3087 0.7967 55.0746 2.4380 3.3747 1.6527 -6.0458 0.6874
253 -5.8731 2.3680 -7.3041 2.7485 156.5415 3.6090 157.0829 0.9882 24.2143 2.3354 13.2920 2.7263 -6.0997 0.9113 52.9375 2.2896 1.7188 1.1067 -6.5040 1.0824
254 -6.8201 2.4483 -7.9332 2.4346 158.0983 3.8033 158.7384 0.7466 27.0123 2.5386 15.8310 2.6410 -6.0373 0.9401 50.8030 2.4856 -0.1035 0.8264 -7.1431 1.5476
255 -7.5143 2.6829 -7.8414 2.4980 159.8660 4.1975 160.6797 0.5829 29.2690 2.4708 17.9129 2.5677 -6.6911 1.5061 48.3276 2.4292 -1.6544 0.6692 -7.6515 1.4094
256 -7.8972 2.9089 -8.1532 2.2908 161.3582 4.5412 162.3459 0.6437 31.5853 2.4146 20.2863 2.5046 -6.6447 1.5508 46.1308 2.4009 -2.5205 0.6515 -8.2815 1.4646
257 -8.0851 3.0454 -9.0151 2.1876 163.0822 4.7670 164.0547 1.0380 33.7460 2.4305 22.7642 2.3860 -6.5559 1.1022 43.9109 2.5286 -3.6684 -0.0864 -8.7885 1.1460
258 -8.4369 3.6321 -9.7831 1.9753 164.5370 4.8103 165.4547 1.5220 35.6657 2.4598 24.7955 2.6555 -6.9315 1.2838 41.4889 2.4292 -4.2594 -0.2496 -9.0335 0.8017
259 -8.1283 3.8777 -10.2462 2.2737 165.5023 4.8361 166.5098 1.5558 37.8827 2.6803 26.9303 2.4819 -7.3434 0.8121 39.2366 2.2917 -5.0835 -0.7273 -9.5819 0.7262
260 -8.0528 4.4807 -10.5648 2.3019 166.5204 4.7466 167.8031 1.0773 40.0111 2.4479 29.1549 2.3607 -7.2988 0.2572 36.7759 2.7123 -5.9909 -0.9187 -9.4341 0.3627
261 -8.0035 4.4534 -10.6107 2.5404 166.9914 5.1978 168.7554 1.1163 41.6705 2.4612 30.8972 2.3707 -7.1643 0.4035 34.5445 2.6437 -6.7290 -0.9687 -9.6963 0.1300
262 -8.1088 4.7215 -10.5893 2.6994 167.1379 5.2929 169.2069 1.0227 42.8023 2.5958 33.2946 2.2464 -7.2600 0.3001 32.3151 2.5211 -7.1904 -1.1253 -10.0829 -0.2668
263 -8.5480 4.9549 -10.3667 3.0435 167.3981 5.4427 170.0542 0.8160 43.8752 2.6135 34.6395 2.3839 -6.8631 0.2363 29.8384 2.4188 -7.9044 -0.7511 -10.2495 -0.2302
264 -8.6534 4.5557 -10.2791 3.2940 167.5169 5.3824 170.4940 1.0546 44.5909 2.4903 35.9633 2.5124 -6.5822 0.3740 27.6114 2.4991 -7.8383 -0.3632 -10.2808 0.0681
265 -8.3101 5.1219 -10.4921 2.7762 167.5403 5.3139 170.6174 1.0111 45.5287 2.5304 36.9942 2.4686 -6.2899 0.3471 25.6541 2.4844 -7.7057 -0.0457 -10.7879 0.3955
266 -8.1448 5.4494 -10.6264 2.4151 167.0645 4.8961 171.1402 1.4014 45.4870 2.5343 37.5620 2.4559 -6.4849 0.7678 23.5553 2.5776 -7.8951 0.8135 -10.8578 0.8569
267 -7.7915 5.6099 -10.6597 2.0998 166.5963 4.6609 170.9588 1.9840 45.4008 2.4898 37.6195 2.5095 -6.0997 1.0538 20.7285 2.4063 -8.0817 1.4555 -11.1984 1.1583
268 -7.1893 5.5822 -10.5019 1.9963 165.9811 3.9530 171.5975 2.3724 44.8136 2.3963 37.9834 2.4814 -5.9940 1.6384 18.5864 2.5165 -8.3799 2.2868 -11.2664 1.6625
269 -6.8469 5.1767 -10.6985 2.4422 164.8835 3.3761 171.9724 2.4468 43.8836 2.4214 37.6504 2.4385 -6.2024 1.9955 16.2274 2.6574 -8.2333 2.7058 -10.9872 2.0914
270 -6.1849 4.9125 -10.7497 3.3559 163.7499 3.1211 172.2706 2.4643 42.4168 2.6913 37.2580 2.5293 -5.7455 2.3240 14.0501 2.5946 -8.2985 2.8856 -10.6651 2.4729
271 -6.3213 4.6626 -10.8823 3.4922 162.5928 2.5985 172.0127 1.9434 40.7697 2.5959 37.0234 2.5071 -5.3586 2.4718 11.7700 3.2426 -8.2182 2.6391 -10.5032 3.0691
272 -6.4016 4.8991 -11.1641 3.4633 161.2592 2.6754 171.8335 1.5182 39.2230 2.5176 36.0860 2.4567 -4.8018 2.9086 9.5067 3.0804 -8.4124 3.0655 -9.6821 3.4504
273 -7.1982 4.9712 -11.2970 3.5471 159.6759 2.6186 171.2744 1.3461 37.0076 2.5801 34.8160 2.3204 -4.8695 3.4860 7.4280 3.4517 -8.0018 3.6600 -9.2278 3.9827
274 -8.2728 4.9318 -11.0667 3.6160 158.2694 2.2431 170.8766 1.6243 34.8096 2.5046 32.8309 2.3650 -4.9035 4.1640 5.5329 3.8505 -7.6094 4.1631 -8.5918 4.8726
275 -9.3240 4.9825 -10.6410 3.4290 156.6545 1.8759 170.5752 1.7471 32.6048 2.3324 30.4048 2.5133 -5.1211 4.9469 3.5425 4.4576 -7.0585 4.6574 -7.9187 5.4587
276 -9.7849 4.4674 -10.7149 3.4112 154.6176 1.7846 170.3896 1.5137 30.7310 2.3627 28.4012 2.3310 -5.7784 5.2116 1.6925 4.1501 -6.3917 4.6537 -7.4285 5.5077
277 -9.7900 4.1748 -10.5490 3.2319 152.8284 1.8748 170.4271 2.1090 28.8401 2.3374 26.7308 2.3526 -6.5209 5.6596 -0.3764 4.2517 -5.3623 4.4857 -8.0115 5.5946
278 -9.6823 3.7670 -10.8098 3.1796 150.9635 2.0988 170.6434 2.6952 26.5965 2.4696 25.3565 2.4490 -6.8453 5.4793 -2.2212 4.3968 -3.9153 4.6374 -8.3013 5.5224
279 -9.5263 3.5212 -10.3921 3.3825 148.7364 2.2766 170.6637 2.8324 24.4269 2.3758 24.0889 2.5416 -7.3853 5.2780 -3.9169 4.6375 -2.6516 4.2904 -7.8225 5.4512
280 -9.5594 3.1939 -10.2926 3.4279 146.3241 2.3063 170.7736 2.3326 22.3649 2.4389 22.6606 2.5053 -7.8495 5.3179 -5.2306 4.9436 -1.0365 3.7070 -8.0988 5.6200
281 -9.4318 2.5409 -10.2611 3.7104 144.0777 2.5297 170.9513 2.2807 20.0962 2.6158 21.9719 2.4939 -8.0081 4.9084 -6.1237 5.0913 0.3408 3.6980 -8.0245 5.5192
282 -9.0652 2.2334 -10.2501 3.5995 141.5988 2.3819 170.9978 1.6851 17.8237 2.6557 21.6331 2.5250 -8.1343 4.5281 -6.9146 4.8628 1.2173 3.3328 -7.9507 4.9131
283 -9.4918 1.5819 -10.1106 3.8988 139.2502 2.1744 171.1203 1.1847 15.5883 2.4787 21.1512 2.4881 -7.8104 3.8760 -7.6127 5.0037 2.2894 2.9801 -7.7391 4.3731
284 -9.3281 0.8613 -9.7043 3.5183 137.0354 2.5331 170.5829 0.7592 13.2557 2.6320 21.1880 2.4774 -7.7689 3.7361 -7.7448 5.5236 3.0312 2.6523 -7.8243 3.8288
285 -9.3970 0.2198 -9.0549 3.4772 134.9352 2.4780 170.1181 0.3439 11.2013 2.3260 21.2542 2.5369 -7.9064 3.7669 -8.5692 5.5048 3.1322 2.4185 -7.8651 3.4996
286 -9.2000 0.0629 -8.4727 3.3242 132.7627 2.6375 169.8357 0.0140 8.6377 2.1806 21.7799 2.5370 -8.6126 4.4257 -8.0383 4.9844 3.6032 2.3750 -8.1103 2.8256
287 -9.0916 -0.2138 -8.1451 2.8461 130.5638 2.5791 169.6070 0.3681 6.3767 2.3080 22.2227 2.5860 -9.3742 4.6104 -8.1467 5.0925 3.8980 2.4160 -8.2482 2.7652
288 -8.8869 -0.4559 -7.9267 2.3509 128.3903 2.4527 169.6642 0.6490 4.3398 3.0366 23.1127 2.5161 -9.9312 4.5834 -7.6171 5.2457 4.0567 2.7737 -8.0621 2.4218
289 -9.0300 -0.8089 -7.8577 1.9480 125.9899 2.5830 169.4639 1.2878 2.2419 3.2055 23.9750 2.5817 -10.3503 4.1077 -7.0526 4.4779 4.0798 3.2588 -7.8464 2.0937
290 -8.6543 -0.3403 -7.8116 2.0978 123.9807 2.4752 169.0842 1.5632 0.1555 3.7229 25.7139 2.5787 -9.8798 3.3441 -6.9891 4.1044 3.7337 3.6422 -6.9944 1.5751
291 -8.9728 0.1129 -7.1638 2.0766 121.8860 2.5366 168.7331 1.8814 -1.7280 3.8822 27.4203 2.5915 -9.6420 2.9270 -6.6592 3.8344 2.8563 4.0403 -5.9357 1.4297
292 -9.2809 1.0371 -7.0019 1.9793 120.1109 2.4329 168.9799 2.1881 -3.1873 4.3192 29.5906 2.7329 -9.4975 2.8600 -6.5252 3.4548 2.5142 4.2402 -5.2176 1.0539
293 -9.3166 1.4012 -6.1747 1.7756 118.2713 2.3920 169.0148 2.3659 -4.5539 4.3745 31.7004 2.3519 -9.4295 2.9960 -6.1478 3.2345 1.6767 4.3596 -3.9220 1.0596
294 -9.5439 2.1462 -5.6297 1.7801 117.3796 2.4990 169.0971 2.9644 -5.8494 4.3713 33.8889 2.2307 -9.1580 2.8588 -5.7688 3.1309 1.1705 4.5119 -2.2489 0.8635
295 -9.5654 2.8490 -5.0767 1.3605 115.9246 2.7097 170.0980 3.1263 -6.9577 4.4020 36.2342 2.4308 -8.7568 3.1591 -5.2831 2.8356 0.4836 4.5295 -0.7892 0.8414
296 -9.4273 3.1592 -4.7188 1.0664 115.0196 2.5297 170.5669 3.0946 -8.0672 4.7766 38.7389 2.5531 -8.7988 3.7074 -4.8120 2.0775 -0.0040 4.4185 1.1794 1.1269
297 -8.9723 3.0729 -4.6278 1.1054 114.3768 2.4931 171.0387 3.4665 -8.5642 4.9615 40.7880 2.4115 -9.0287 4.1332 -4.7301 2.0171 -0.4456 4.3547 3.1856 1.3165
298 -8.6031 3.0224 -4.6516 0.4436 113.8276 2.4895 171.2063 3.3711 -8.9467 5.0482 43.0171 2.5693 -9.9245 3.9770 -3.8776 1.8084 -0.3527 4.3317 4.9073 1.6530
299 -7.8322 3.0611 -4.5552 0.1913 114.2938 2.4830 171.3018 3.3034 -8.9990 5.0425 45.1494 2.2883 -9.8774 4.4174 -3.4725 1.5210 -0.4218 4.1967 6.7537 1.8547
300 -6.9599 2.9327 -4.4702 -0.3974 114.4177 2.4806 171.7087 3.1404 -8.9991 5.4563 47.6086 2.4349 -9.7702 4.0554 -2.8850 1.3785 -0.0851 4.1511 9.0529 2.1545
301 -6.1198 3.4267 -4.7060 -0.3425 115.2476 2.4133 171.5152 3.3987 -9.0839 5.3655 50.2387 2.5139 -9.9994 3.4883 -1.7755 1.1238 0.8714 4.2691 10.9368 2.3571
302 -5.2776 3.5741 -5.3145 0.1618 116.2812 2.5575 171.1588 3.3154 -9.2492 5.1995 52.1111 2.5938 -10.1756 3.1760 -0.8807 0.8693 2.0991 3.9947 12.5101 2.5382
303 -4.1555 3.8174 -5.8418 -0.0137 117.9640 2.5318 170.9811 3.0847 -9.2291 4.9230 54.5747 2.3867 -9.7878 2.7795 0.3410 0.9628 3.6116 3.9181 14.4031 2.4984
304 -2.2734 3.9531 -5.9375 0.2976 119.6707 2.4973 170.2733 2.9266 -9.5195 4.7561 56.9108 2.2601 -9.6802 2.7273 1.7672 0.7868 5.5561 3.6354 16.0805 2.4334
305 -0.2294 4.0346 -5.9590 0.6447 121.7879 2.3609 169.9728 2.4889 -9.6450 4.3908 59.3549 2.4897 -9.4573 2.2921 3.7371 1.0754 7.7702 3.5527 17.3674 2.4982
306 1.7331 3.9432 -6.5157 0.9431 123.9472 2.2930 169.9522 1.6589 -9.7877 4.5914 61.5935 2.4810 -9.2899 1.9596 5.6580 1.1617 9.6602 3.3733 18.0552 2.4870
307 3.4424 3.9953 -6.3916 1.0326 126.3076 2.3101 169.9375 1.1508 -9.6668 4.8681 63.9963 2.4154 -9.2481 2.1871 7.7928 1.4683 12.0381 2.9918 18.6604 2.3804
308 5.2823 4.0117 -6.9308 1.3078 128.5236 2.3905 170.1831 0.5921 -9.7263 5.0005 66.3541 2.4878 -8.9642 1.9973 9.8096 2.0519 14.4083 2.5492 18.9165 2.4640
309 7.1997 3.6190 -7.5654 1.8603 130.3722 2.4887 170.2703 0.3329 -9.5819 5.2787 68.9479 2.3808 -9.0362 1.5236 12.0119 2.1928 16.3851 2.3362 18.9394 2.4662
310 9.5502 3.3934 -8.0086 1.9278 132.4847 2.3886 170.1165 0.0435 -9.7342 5.1066 71.2813 2.5773 -8.4971 1.4148 14.4084 2.5067 18.6927 2.4118 18.6704 2.4372
311 11.4385 2.9901 -8.3189 1.9642 134.5294 2.6795 169.9676 0.0523 -9.4590 4.6700 73.4234 2.3995 -8.6390 1.6553 16.2976 2.4526 21.1448 2.3832 17.7165 2.4660
312 13.2510 2.7709 -8.4698 2.1876 136.0932 2.6698 169.7384 0.2944 -10.0261 4.6011 75.0294 2.3579 -8.5842 2.1392 17.7919 2.3648 23.5093 2.5303 16.9844 2.4089
313 15.2799 2.7246 -8.7430 2.2916 137.3713 2.6154 169.5558 0.4080 -10.3763 4.5276 76.6160 2.6321 -8.0475 2.2657 19.2002 2.3907 25.7975 2.3862 15.6962 2.3580
314 17.4704 2.4454 -8.7918 2.9435 138.3390 2.4519 169.6185 0.6989 -10.4722 4.0316 77.5158 2.6186 -7.9363 2.5833 20.0972 2.4567 28.5143 2.3500 13.7415 2.4003
315 20.1982 2.6092 -8.5521 3.2962 138.9245 2.5204 169.3711 0.8591 -10.6159 3.8545 78.5053 2.2855 -7.5242 2.2376 20.6065 2.6157 31.0681 2.5311 12.0214 2.3435
316 22.3542 2.5182 -8.7194 3.7932 139.3614 2.4299 169.6153 1.3974 -10.6272 3.8633 79.1784 2.5827 -7.3721 2.1713 21.0489 2.4380 33.2187 2.6078 9.9177 2.4264
317 24.5570 2.4479 -8.4984 4.1099 139.4915 2.4010 169.7847 1.9932 -10.3781 3.4234 79.3645 2.5194 -6.9183 2.0619 21.4985 2.5317 36.0608 2.4616 8.0610 2.1133
318 26.6474 2.3619 -8.2676 4.3109 139.3439 2.5571 169.7224 2.6904 -10.1646 3.1263 79.7443 2.5491 -6.8600 1.8234 21.5558 2.4270 38.8979 2.5598 6.1697 1.9309
319 28.8952 2.4713 -7.7513 4.4949 138.7265 2.4192 169.5108 3.1339 -9.7123 2.6418 79.9180 2.4792 -6.6752 1.8434 21.0167 2.4746 41.1796 2.4628 4.4613 1.4151
320 31.2472 2.3542 -6.8740 4.6837 137.7182 2.4077 169.0976 2.9929 -8.8816 2.2786 79.7719 2.4096 -6.1749 1.9746 20.7629 2.4490 43.5432 2.5439 3.2770 1.2566
321 33.2652 2.4931 -6.3082 4.3377 136.3192 2.4022 168.6631 3.3830 -8.1535 2.1103 79.0119 2.4637 -6.2223 2.4229 20.0761 2.5001 45.6918 2.6874 2.0524 1.4838
322 35.3293 2.3725 -5.7625 3.8507 135.2102 2.4212 168.1283 3.4343 -7.8399 2.0055 78.0582 2.3643 -6.4371 2.4410 18.7120 2.3405 47.8358 2.3378 0.8442 1.5180
323 37.5280 2.4587 -5.7476 3.5838 133.1930 2.5794 167.1490 3.4579 -7.2811 1.7518 76.7161 2.4727 -7.2145 1.9766 16.9934 2.4395 50.1986 2.3064 -0.2465 1.2395
324 39.3798 2.4472 -6.0749 3.7416 130.6961 2.4343 166.7077 3.0786 -6.8262 1.7429 75.1533 2.4216 -7.5160 1.5657 15.2994 2.6256 52.3591 2.4444 -1.1431 0.8738
325 40.1404 2.5402 -6.5215 3.1600 128.4546 2.7333 166.6337 2.7173 -6.6388 1.4813 73.0748 2.4558 -8.2807 1.3876 13.2803 2.5170 54.6127 2.5906 -2.2680 0.4397
326 41.2578 2.6529 -6.7236 2.7757 126.3464 2.6530 166.3776 2.2497 -7.0622 1.4647 70.5684 2.4287 -8.6195 0.8742 10.5131 2.1999 57.0125 2.5749 -3.8196 0.2330
327 41.8791 2.5571 -7.0682 2.7117 124.1995 2.4763 166.5260 1.8897 -6.8871 1.8877 68.4102 2.5334 -9.2757 0.7150 8.2101 2.3607 59.0424 2.5880 -4.5532 0.1310
328 42.2157 2.5338 -7.1158 2.5723 122.3054 2.6419 166.9329 1.8051 -6.8576 2.0873 65.8365 2.5486 -9.4231 0.7343 6.1520 1.8722 61.1335 2.5139 -5.1893 -0.1241
329 42.2787 2.4609 -7.2198 2.2097 120.0622 2.6242 167.0091 1.6311 -6.2346 2.2034 63.0081 2.5352 -9.1399 0.6854 4.5884 1.6351 62.9783 2.5524 -5.8417 -0.2800
330 41.8809 2.4605 -7.5365 1.8473 118.1788 2.5317 168.0028 1.8561 -6.0104 2.6014 60.8013 2.6328 -9.0457 0.7929 3.0584 1.5991 64.4807 2.4256 -6.5830 -0.4018
331 41.4826 2.4586 -7.6126 2.2790 116.0135 2.4461 168.2146 1.9594 -5.9354 3.0996 58.1947 2.4981 -8.9769 1.1110 1.8905 1.4997 65.6595 2.4942 -6.9810 -0.6825
332 40.8703 2.5625 -7.7364 2.2760 113.7272 2.5227 168.4985 1.6771 -6.1641 3.3443 55.7115 2.3305 -8.4611 1.5861 1.0555 1.6454 66.4630 2.4414 -7.2492 -0.5107
333 39.6153 2.5411 -8.2482 2.6154 111.6137 2.5927 168.5452 1.7138 -6.2550 3.6498 53.3325 2.4523 -8.2800 1.9130 0.5674 1.6834 67.0109 2.5264 -7.9660 -0.3643
334 38.0907 2.3881 -8.5024 3.2262 109.4753 2.3371 168.7188 1.5451 -6.2034 4.2633 51.0032 2.3816 -8.5150 2.2979 0.4645 1.7284 67.4617 2.4644 -7.8808 -0.6127
335 36.3458 2.3146 -8.7866 3.5990 107.2689 2.5435 169.3523 1.4366 -6.7742 4.4413 49.0691 2.3883 -8.6944 2.4666 0.4936 2.1637 67.1897 2.5082 -7.8345 -0.7281
336 34.7858 2.3503 -8.7112 4.0163 105.1121 2.4317 170.0192 1.3601 -7.2104 4.9415 46.6901 2.2012 -8.8687 2.4641 0.8321 1.9850 67.1383 2.4736 -7.6666 -0.6209
337 32.7957 2.4791 -8.7331 4.5909 102.8665 2.3823 170.3750 1.8089 -7.7514 4.9772 44.5712 2.3715 -8.8694 3.1168 1.4649 1.8503 66.2915 2.5099 -7.6921 -0.5396
338 30.8075 2.4412 -8.5536 5.4677 100.0143 2.3158 170.7873 2.0514 -8.1119 4.8790 42.5190 2.2714 -8.4772 3.1215 2.6774 1.7256 65.6961 2.5321 -7.3742 -0.6056
339 28.5351 2.7531 -8.2357 5.5454 97.9829 2.4432 170.8809 2.5972 -8.6617 4.7767 40.1454 2.3011 -7.9897 3.0600 3.8953 1.8952 65.0470 2.5366 -6.7969 -0.2118
340 26.1189 2.4389 -7.4120 5.6072 96.0803 2.7133 170.5968 2.9412 -8.8044 4.7166 38.1300 2.5339 -7.0661 3.0953 5.5856 1.9971 63.5881 2.5284 -6.1408 0.2550
341 23.6698 2.4573 -6.4991 5.2800 93.9668 2.5673 169.8245 2.8340 -8.4336 4.8268 35.6697 2.3357 -6.4392 3.1579 7.6507 1.8316 62.2339 2.4034 -5.1377 0.3329
342 21.5906 2.3487 -5.8689 5.0415 91.7737 2.4724 169.5684 2.7938 -7.7988 4.5605 33.4649 2.4366 -6.1240 3.1746 9.6996 2.0865 60.2477 2.5613 -4.2983 0.6276
343 19.4410 2.5481 -4.7936 5.0860 90.1602 2.5062 169.4438 2.7776 -7.8048 4.3306 31.4304 2.2566 -5.4223 2.8571 12.0265 2.3349 58.9215 2.4471 -3.0748 0.5976
344 17.0353 2.2976 -4.5947 5.2077 88.5445 2.5364 169.0601 2.3359 -7.5231 3.9494 29.2504 2.3729 -4.8491 2.4442 13.9179 2.4339 57.7265 2.6270 -1.5235 0.7364
345 14.7583 2.1868 -3.9189 5.3305 87.6401 2.4421 168.7723 1.6539 -7.3195 4.1291 27.0350 2.3854 -4.5840 2.2122 15.7377 2.7136 56.5468 2.5419 0.4036 0.6658
346 12.5175 2.6297 -3.1714 5.3410 86.7433 2.5388 169.0645 1.2222 -7.8571 4.4587 24.9752 2.4974 -4.4035 1.4709 18.1125 2.5979 55.7998 2.4401 2.4918 1.1177
347 10.3568 3.0625 -2.1322 5.1966 86.0782 2.3994 169.2427 0.7547 -8.2302 4.2077 22.7856 2.4421 -4.6329 0.9438 20.3775 2.5524 55.1714 2.3970 4.5299 1.4350
348 8.6309 3.6564 -0.5663 4.9745 85.8082 2.5292 169.4306 0.3943 -8.3411 4.4774 20.3207 2.4926 -4.7757 0.5882 22.9879 2.3281 54.8737 2.5217 6.4155 1.7218
349 6.3897 3.9673 0.7442 4.5354 86.0353 2.4872 169.7131 0.2240 -7.8000 4.6071 18.0596 2.2286 -5.0023 0.3161 25.1852 2.6566 55.0709 2.4525 8.5285 2.0279
350 4.3238 4.1982 1.8477 4.4448 86.6462 2.4925 169.4436 0.2611 -7.4337 4.8481 15.8901 2.5590 -5.0314 -0.0180 27.7090 2.5276 55.2505 2.5437 10.9299 2.1346
351 2.8329 4.3517 3.2718 4.2391 87.1893 2.4515 169.4781 0.4244 -6.7188 4.3681 13.6070 2.8927 -5.2502 0.0771 29.7106 2.4216 56.4964 2.4590 13.4393 2.4524
352 1.1128 4.1678 4.2353 3.9106 88.0947 2.4650 169.5944 0.8422 -6.1344 3.9106 11.5246 3.2618 -5.5196 0.2964 32.3225 2.4961 57.3851 2.5854 15.6753 2.2925
353 -0.3258 3.9701 4.8619 3.4508 89.1926 2.3432 169.3227 1.2607 -5.3978 3.1830 9.2342 3.5349 -5.9620 0.5095 34.1329 2.2542 58.5779 2.5978 18.0089 2.3231
354 -1.7207 3.7799 5.3931 3.0526 90.5340 2.3515 169.3205 1.7714 -5.2236 2.6854 6.7048 3.8797 -6.0283 0.4712 35.9165 2.5277 60.2412 2.5039 20.7670 2.6235
355 -2.3090 3.6578 5.5414 2.8470 92.0590 2.2639 169.6393 2.0010 -5.2371 1.8754 4.6052 4.0961 -6.2495 0.1895 37.8253 2.5325 61.9137 2.5320 22.6879 2.4907
356 -2.7490 3.3923 5.9356 2.6471 93.8270 2.5144 170.2724 2.1098 -5.2870 1.0567 2.8776 4.3299 -6.1651 0.0106 39.5862 2.5121 64.0629 2.5589 25.1216 2.5148
357 -3.3685 3.1788 5.8620 2.4086 95.9813 2.4681 170.4079 2.4052 -5.4906 0.8160 0.9413 4.2943 -6.4798 -0.1751 40.9375 2.4651 66.1438 2.3237 27.4597 2.6040
358 -4.2501 3.1172 5.2753 2.2116 98.1449 2.4847 171.0601 2.4430 -6.1789 0.4354 -0.9746 4.0768 -7.4426 -0.7717 42.0399 2.3988 68.6754 2.5079 29.6800 2.3854
359 -4.9528 2.9239 4.4497 1.9492 100.1660 2.6225 171.1017 2.3041 -6.4103 0.1528 -2.7698 4.0972 -8.2502 -0.5808 42.4259 2.5018 70.8411 2.6140 31.7892 2.6812
360 -5.2790 2.1387 4.0495 1.6530 102.4974 2.3955 171.3435 2.4137 -6.5484 0.0911 -4.2233 3.8649 -8.9533 -0.8064 42.7394 2.4943 73.1179 2.5336 34.3417 2.5292
361 -5.7260 1.6359 3.5166 1.6024 104.6342 2.6130 171.5901 2.1289 -6.9517 -0.1440 -5.5126 3.3248 -9.3659 -0.5881 42.8481 2.4616 75.4976 2.2404 36.6845 2.5473
362 -6.0421 1.3110 2.7521 1.5838 107.0462 2.6436 171.3604 1.8174 -6.9713 -0.2929 -6.3244 2.8840 -9.6758 -0.0729 42.4180 2.4775 77.8294 2.1793 38.9952 2.5498
363 -6.3865 0.2804 2.1038 1.5470 109.2366 2.5061 170.9542 1.6045 -7.1469 -0.7196 -6.7847 2.7388 -10.2773 0.3013 41.6146 2.4658 79.9644 2.2957 41.6237 2.4366
364 -6.5854 0.0090 1.5969 1.7494 111.6110 2.4596 170.4844 1.2601 -7.3304 -0.5663 -7.2182 2.8773 -10.5317 1.0015 40.8771 2.4630 82.6570 2.3150 44.3007 2.2397
365 -6.4673 0.2373 1.2613 1.6392 113.8021 2.6400 170.1245 1.0490 -7.6167 -0.4084 -7.2625 2.5252 -10.6995 1.2686 39.5089 2.4205 84.7331 2.3674 46.4197 2.4581
366 -6.6510 0.0385 0.9612 1.3048 115.7338 2.5683 169.9034 1.0363 -7.5892 -0.1803 -7.4717 2.2890 -10.6292 1.6146 37.7855 2.5032 86.6949 2.3273 48.6425 2.3200
367 -6.8841 0.0542 1.1664 1.3647 118.2934 2.5029 169.5885 0.5702 -7.3328 0.6618 -7.1454 2.2155 -10.3595 2.0049 36.1872 2.5482 89.1913 2.6528 51.0769 2.1825
368 -7.0491 0.2069 1.6564 1.8860 120.5841 2.4500 169.7282 0.3342 -7.5835 1.0013 -6.5910 1.5685 -10.0480 2.3380 34.7813 2.4665 91.6626 2.7328 53.4496 2.5363
369 -7.5573 0.2544 2.5526 1.5392 122.5860 2.4552 169.5016 0.1339 -7.4892 1.7438 -5.7973 1.4932 -9.6313 2.5922 33.3830 2.6668 93.6117 2.5378 55.7266 2.6640
370 -8.0332 0.9491 3.1838 1.4847 124.9519 2.5482 169.4978 -0.2290 -7.0509 2.0148 -4.5134 0.9637 -9.3418 2.9821 32.3281 2.4308 95.7336 2.5120 57.9182 2.5125
371 -8.4299 0.9243 4.5140 1.4426 127.2529 2.6590 169.5170 -0.4160 -7.0100 2.2865 -3.5437 0.6861 -8.9256 3.2609 31.4082 2.5059 98.0110 2.6352 60.3009 2.6439
372 -8.7810 1.3877 5.9186 1.0444 129.6678 2.6807 169.1964 -0.6101 -6.9239 2.5199 -2.0776 0.5295 -8.6514 3.6350 30.8710 2.4827 99.9989 2.5367 62.3578 2.6627
373 -8.6829 2.2709 7.9126 1.3594 131.7342 2.5765 169.3032 -0.3070 -7.0402 2.8840 -0.7819 0.7051 -7.7216 3.9574 30.8687 2.4393 102.1460 2.6258 64.1100 2.7123
374 -8.9940 2.7224 9.6611 1.6200 134.1335 2.5924 169.1122 -0.0667 -7.4549 3.3246 1.2598 0.7854 -7.3052 3.6920 31.3433 2.4171 104.0683 2.5605 65.9424 2.5570
375 -8.6713 3.3421 11.1969 1.9784 136.3284 2.4684 169.2659 0.4482 -7.2389 3.8697 2.8192 0.9724 -6.9292 4.1667 32.1787 2.4904 106.0311 2.4091 67.5545 2.7355
376 -8.4373 3.6678 12.5606 2.2597 138.3061 2.6720 169.3644 1.2421 -7.3978 4.4320 5.0102 1.3302 -6.4801 4.4410 32.8256 2.5629 107.5372 2.3416 68.8131 2.5182
377 -8.4308 4.1439 13.8158 2.3041 140.4403 2.6097 169.2258 1.9312 -7.1890 5.1573 7.1286 1.6372 -5.8345 4.6164 33.5721 2.4728 108.4515 2.3244 69.6572 2.6563
378 -8.4816 4.8171 15.2800 2.4417 142.6727 2.4510 169.4873 2.2700 -7.5548 5.5011 9.1296 2.0927 -5.3462 4.4219 34.5460 2.4114 109.0692 2.4561 70.2511 2.4944
379 -8.2083 5.0415 16.3114 2.4749 144.7789 2.6462 169.6618 2.5833 -7.5892 5.7490 11.0829 2.1373 -4.5793 4.6101 36.1002 2.5630 109.3576 2.5130 70.5787 2.5169
380 -7.7958 5.1169 16.5178 2.4451 147.1043 2.5597 169.7783 2.9657 -7.3639 5.7635 13.3358 2.4929 -4.1573 4.0041 38.0959 2.5412 109.2618 2.4786 70.7521 2.6008
381 -7.6911 5.5172 16.6284 2.5076 149.1303 2.4452 169.6242 2.9993 -7.1161 5.4898 15.8599 2.3690 -4.2822 3.1866 40.3405 2.5857 109.2341 2.5242 70.7393 2.4739
382 -7.5001 5.4780 16.2703 2.5504 151.3707 2.6071 170.0056 3.3767 -6.9140 5.1907 18.0814 2.5287 -4.0139 2.5485 42.5657 2.5144 108.6464 2.5106 70.3009 2.5087
383 -7.7601 5.0834 15.7126 2.4903 153.4460 2.5125 170.4864 3.5818 -6.8417 4.9914 20.2713 2.5699 -4.0169 1.9927 44.8267 2.4103 108.2261 2.4715 69.2312 2.5580
384 -7.8660 4.7133 15.0125 2.5772 155.6703 2.1346 170.5077 3.7689 -6.3357 4.8108 22.2672 2.6236 -4.1081 1.6682 46.7820 2.6197 107.4850 2.4486 67.7172 2.5268
385 -7.7324 4.3420 14.0933 2.5009 157.6387 2.1845 170.4349 4.0936 -5.0810 4.6448 24.3193 2.5036 -4.2689 1.5084 49.0891 2.6314 106.2907 2.5830 65.9842 2.6126
386 -7.5590 4.0839 13.2702 2.6153 159.6462 2.2319 169.9938 4.0045 -3.8800 4.5533 26.5798 2.6053 -4.3226 1.3748 51.3639 2.2574 104.8109 2.3432 64.3749 2.6499
387 -8.2851 3.4717 12.2504 2.4883 161.5282 2.7093 169.8335 3.4926 -2.0837 4.6129 28.5072 2.6572 -4.7703 1.0160 53.9090 2.4558 102.9644 2.3933 62.5745 2.5981
388 -8.7298 3.6951 11.8503 2.5910 163.3465 2.7121 169.3539 2.7468 0.0961 4.4891 30.9237 2.4887 -5.6023 1.2528 56.3984 2.4042 100.5770 2.4757 61.3420 2.4820
389 -9.4124 3.8149 11.0955 2.5823 164.6338 3.2114 168.8722 1.8007 1.6118 4.1021 33.4584 2.7267 -5.9569 1.0185 59.0468 2.6049 98.7293 2.4171 60.5090 2.4084
390 -9.6173 3.5421 10.3956 2.5362 166.1893 3.2044 169.0299 1.0878 3.7593 3.7211 36.2316 2.3601 -6.6572 1.0274 61.4215 2.6549 96.6499 2.5081 59.5638 2.5799
391 -9.8393 3.2659 9.9190 2.4267 167.4091 3.2351 169.3136 0.9056 5.6067 3.5688 38.4008 2.5543 -6.8376 0.9786 63.2597 2.6682 94.9275 2.5466 58.6697 2.4450
392 -10.0636 3.0036 9.6750 2.5484 168.5808 2.8357 169.5281 0.7357 7.8087 3.0592 41.0392 2.4980 -7.1421 1.3520 65.4994 2.3983 93.8221 2.6311 58.3838 2.4899
393 -10.3678 2.4332 10.1017 2.5112 169.3484 2.9399 169.8804 0.4984 10.1411 2.7857 43.1939 2.4534 -7.3526 1.0348 67.7862 2.3871 92.8080 2.5261 58.1945 2.4845
394 -10.1454 1.8180 10.6077 2.4906 170.1875 2.9814 170.0861 0.0540 11.8292 2.7647 45.4730 2.4774 -7.8051 1.2865 70.4844 2.3189 92.1072 2.5751 58.6306 2.5879
395 -9.9016 1.1418 11.3900 2.4438 170.4560 3.4799 170.1742 -0.0952 13.5443 2.6736 47.7271 2.1969 -7.8324 1.7918 72.5645 2.6532 91.9948 2.5010 59.1495 2.5886
396 -9.3855 0.9843 12.2956 2.3573 170.8414 3.8025 169.5333 -0.4753 15.7955 2.4587 49.9372 2.5362 -8.0421 1.9931 74.6580 2.4139 92.0636 2.4058 60.1098 2.4677
397 -9.4839 1.1352 13.3624 2.2985 170.7690 4.4015 168.7349 -0.6145 17.9193 2.3863 51.9425 2.6144 -8.0720 2.4229 77.0003 2.3098 92.3422 2.3581 61.5801 2.5357
398 -9.3924 1.1470 15.1316 2.4369 170.7642 4.6987 168.0595 -0.7615 20.4019 2.5514 53.6935 2.5339 -7.8963 2.5549 79.2629 2.2545 93.1834 2.4319 63.0771 2.4269
399 -9.4475 1.5603 17.0757 2.7599 170.4114 5.0033 167.4284 -0.7305 22.1979 2.5784 54.6672 2.3544 -7.2379 2.5695 81.5460 2.6785 94.1405 2.4588 64.4446 2.6910
400 -9.5455 2.1734 19.5907 2.2578 169.8321 5.1604 166.7872 -0.8714 23.3385 2.3308 55.5529 2.4973 -7.1544 3.1339 83.7689 2.5303 95.4346 2.4336 66.3693 2.6164
401 -9.8407 2.6671 22.1712 2.2655 169.4032 5.4927 166.6147 -0.7167 24.3184 2.4220 56.2348 2.4566 -6.6250 2.9721 86.0468 2.6207 97.0671 2.5222 68.6089 2.4928
402 -10.0086 2.7681 24.2783 2.1257 169.0348 5.3713 166.3098 -0.7668 24.7894 2.3682 56.5187 2.5269 -6.5791 2.8708 88.3461 2.6696 98.7008 2.5079 71.2738 2.4802
403 -9.3919 2.7797 26.3475 2.3486 169.0094 5.3593 166.7083 -1.0599 25.2535 2.4844 56.9613 2.5464 -6.8009 3.0642 90.4323 2.4314 100.4777 2.5612 73.1162 2.4161
404 -8.9338 2.8943 28.8025 2.3976 169.3622 5.1634 166.5753 -1.2059 25.5263 2.4747 56.6950 2.5259 -6.6062 2.6867 93.1969 2.4892 102.3250 2.4779 75.0567 2.2776
405 -8.5811 2.8380 30.5858 2.4755 168.7657 5.0911 166.8643 -0.7294 25.5997 2.5807 56.1376 2.6174 -6.6769 2.8173 95.3840 2.4183 103.4559 2.4494 76.5761 2.5239
406 -8.7552 3.0676 32.4100 2.4378 168.1182 4.8908 167.2348 -0.3227 25.1571 2.5509 55.5211 2.4488 -7.0133 2.6293 98.3243 2.3924 104.2369 2.4479 78.0446 2.4122
407 -8.5604 3.6089 34.0001 2.4582 167.5123 5.0362 166.7461 -0.2159 24.6223 2.4715 54.4799 2.4689 -6.5298 2.1723 100.2033 2.5148 104.8500 2.4409 79.4759 2.4766
408 -8.8921 4.0408 35.1765 2.6749 167.0578 4.6226 166.4429 0.0815 23.8340 2.4076 53.0985 2.4268 -6.0657 1.6977 102.1255 2.4318 105.3205 2.5791 80.2934 2.5835
409 -9.1275 4.1243 36.1971 2.6519 166.6948 4.6455 166.5282 0.4786 23.1016 2.4723 51.5582 2.4729 -6.0318 0.9021 103.7287 2.4696 105.6248 2.5224 81.0960 2.5035
410 -9.4409 4.4274 36.7832 2.5275 166.6301 4.3628 166.8935 0.8239 21.5876 2.5373 49.9615 2.4445 -6.0248 0.4767 104.8346 2.5993 105.4419 2.5300 81.6377 2.5393
411 -9.0883 4.1840 36.8087 2.5835 166.8306 4.1734 167.0304 1.0902 20.3641 2.4741 47.7367 2.6479 -5.8771 0.2616 106.0300 2.5388 104.9174 2.4850 81.3064 2.4869
412 -8.9481 4.3835 36.7995 2.5148 166.3088 3.8341 167.4258 1.6298 18.6524 2.4205 45.7085 2.5771 -5.6862 -0.1913 106.8814 2.4693 104.3775 2.5713 81.0177 2.5338
413 -8.9750 3.9810 36.3286 2.5390 166.2847 3.5577 167.8994 1.8320 17.6893 2.4581 43.3370 2.4933 -5.5098 -0.1515 107.0891 2.3519 103.5301 2.5962 80.5382 2.5510
414 -9.2549 3.5793 35.7974 2.6584 166.3934 3.6832 168.3833 2.0727 16.8690 2.5874 41.7891 2.4591 -5.1594 0.0364 107.2891 2.5299 102.7611 2.5841 79.3249 2.5806
415 -8.7857 3.3740 34.7504 2.6073 166.5271 3.7369 168.6317 2.4204 16.2310 2.5487 40.2145 2.6404 -4.5051 0.1506 107.1711 2.4692 101.7474 2.5691 78.3751 2.4297
416 -8.2320 3.0380 33.2342 2.6192 166.9093 4.1077 168.8801 2.8833 16.5188 2.5189 38.7767 2.4813 -3.8818 -0.0058 106.9248 2.4142 101.0065 2.5281 76.4573 2.4071
417 -8.2409 2.6786 31.6903 2.6891 167.2422 4.6883 168.7475 3.2929 16.7363 2.5891 37.8635 2.5229 -2.9807 0.2180 106.2426 2.3903 100.2734 2.4982 74.5537 2.5735
418 -7.9379 2.5327 29.7610 2.5862 167.2696 5.0747 168.8639 3.7925 17.2544 2.4436 37.7481 2.5139 -2.2921 0.2894 104.9036 2.5518 99.4708 2.4878 72.4747 2.4968
419 -7.3968 2.6093 27.8181 2.5416 167.2612 5.4566 168.9166 4.0371 18.0430 2.4480 37.3030 2.4655 -0.9674 0.3464 103.9713 2.5428 99.2716 2.5431 70.4630 2.7124
420 -7.3466 2.0876 25.5939 2.5220 167.2061 5.5477 168.6360 4.4368 18.8833 2.5660 37.1206 2.5417 0.4069 0.5712 102.4433 2.5189 99.6584 2.4789 67.9938 2.6870
421 -7.3016 1.7811 23.5849 2.4560 167.8879 5.4453 168.3853 4.8134 19.9555 2.3458 37.5835 2.5192 2.0734 0.9121 100.4095 2.3808 99.9571 2.3802 65.3306 2.4333
422 -7.0514 2.1533 20.9783 2.3128 167.8096 4.8594 168.4027 4.8563 22.1085 2.6202 38.1867 2.5458 4.1463 1.1868 98.0492 2.5323 100.8244 2.3597 63.5567 2.4252
423 -6.6186 2.2083 18.7859 2.4223 167.7511 4.6063 168.3739 5.0023 24.1099 2.5019 39.4036 2.5665 6.1322 1.5230 95.6891 2.5355 101.9268 2.4169 61.4687 2.4646
424 -6.2980 2.6726 16.5314 2.5175 168.4284 3.6724 168.6419 5.2238 26.2253 2.2498 40.9484 2.4698 8.4534 1.9142 93.4552 2.6796 103.2785 2.3777 59.2125 2.6392
425 -6.0897 3.1423 14.1408 2.5629 168.7522 3.1887 169.0001 5.6360 28.5303 2.4632 42.6894 2.5860 11.0159 1.9091 91.4397 2.6563 104.9639 2.4067 56.8681 2.5484
426 -6.2544 3.4653 12.3738 2.8307 168.4725 2.8063 169.3558 5.5529 30.8578 2.3762 44.5344 2.6499 12.8924 2.2215 89.2212 2.5124 106.5810 2.3838 55.0430 2.3480
427 -6.4112 3.6387 9.9212 2.9063 168.4645 2.3407 169.9315 5.5475 33.4205 2.4994 46.5899 2.6243 14.9513 2.3916 87.1522 2.4161 108.4085 2.4115 52.5563 2.4562
428 -6.5439 3.8091 7.8933 2.6343 168.9791 2.2301 170.1538 5.2647 35.7344 2.3588 48.8315 2.4620 17.0355 2.3957 85.1915 2.5412 110.3152 2.6001 50.3269 2.6285
429 -6.4908 4.1570 6.3384 3.0003 169.0432 1.9677 170.3727 4.6344 38.1308 2.5151 50.8592 2.4512 19.0452 2.4321 82.9788 2.4270 112.3535 2.5463 48.0591 2.4474
430 -6.6499 4.0425 4.7477 2.7972 169.0589 1.8372 170.7039 3.9471 40.2694 2.5304 52.9624 2.4389 21.2804 2.5269 81.0995 2.4549 114.4886 2.6595 45.9823 2.3375
431 -7.0087 3.9655 3.8561 2.8899 169.0268 1.4760 170.9988 3.3377 42.7437 2.4197 55.4503 2.4614 23.6817 2.5532 78.6539 2.5959 116.1329 2.6460 44.1322 2.3998
432 -7.2460 3.7380 3.3074 2.9504 168.6452 1.3817 171.2331 2.9003 44.8702 2.6688 58.0322 2.5503 26.1066 2.4603 76.2725 2.7596 117.8422 2.4428 42.9632 2.6240
433 -7.3778 3.4049 3.2230 2.8074 167.9770 1.0674 171.4799 2.6004 47.4968 2.6580 60.5083 2.5071 28.5538 2.3126 74.3440 2.4442 118.7369 2.5025 41.9189 2.6288
434 -7.4954 2.8252 3.7972 2.8937 167.5897 1.1496 171.4492 2.7284 50.1960 2.4604 62.6799 2.5857 30.9403 2.6229 72.0299 2.4203 119.9799 2.5841 41.0269 2.5350
435 -7.6907 2.3777 4.3332 2.9731 167.2398 0.6374 171.3912 2.7130 52.2225 2.7270 65.0947 2.6051 33.0867 2.4909 69.7105 2.3524 120.3649 2.4699 40.4791 2.5342
436 -7.8163 1.3703 4.8444 2.9287 166.8869 0.7190 171.2440 2.2543 54.4007 2.6411 67.0074 2.5241 34.2584 2.5651 67.4970 2.5357 120.7494 2.4766 39.4770 2.5149
437 -7.9486 0.1972 5.8544 2.9196 166.7979 0.6948 171.1397 2.0050 56.4206 2.5384 69.1687 2.6408 35.5640 2.6101 65.9319 2.5570 120.5638 2.4387 39.5450 2.5076
438 -7.8125 0.0809 6.9747 2.9121 166.6237 0.5169 170.4046 2.0366 58.7752 2.5837 71.5493 2.5241 36.5926 2.4799 63.9575 2.6275 120.4542 2.4923 39.7045 2.4845
439 -7.9081 -0.0784 7.7905 3.0895 166.6255 0.9520 169.7124 1.8403 61.0686 2.6968 74.0174 2.4926 37.7453 2.3430 62.4125 2.6356 119.7499 2.6427 40.0960 2.5235
440 -8.0043 0.0367 8.9437 2.8929 166.2274 1.1488 169.1431 1.8337 63.6467 2.4960 76.4233 2.1825 38.0265 2.4938 61.2274 2.5602 118.6684 2.5466 40.8889 2.4964
441 -8.1151 0.3036 10.3952 2.7450 165.5246 1.5264 168.8453 1.3567 65.9924 2.6577 78.6992 2.4268 38.5051 2.4931 60.3748 2.4477 117.3740 2.6715 42.4860 2.4904
442 -8.1726 0.9137 11.2895 2.6947 165.1894 1.7822 168.5938 1.2248 68.2043 2.6279 81.1857 2.5652 38.6401 2.4841 60.2150 2.4434 115.6156 2.7149 43.9728 2.5199
443 -8.2341 1.3229 12.2778 2.5024 164.4045 1.6628 167.9514 1.3045 70.3747 2.3806 83.3943 2.5190 37.9701 2.4904 60.4027 2.4709 113.8696 2.5757 45.7187 2.5002
444 -8.1906 1.4418 12.9975 2.5666 163.7711 1.6400 167.6301 1.6170 72.9993 2.3241 85.6295 2.5263 37.5384 2.4793 60.3510 2.5384 111.8588 2.4969 47.9198 2.6944
445 -8.1279 2.0085 13.2724 2.5352 163.1104 1.4064 167.9557 1.8675 75.3925 2.5531 87.6451 2.5404 36.9888 2.4995 60.9500 2.5345 109.4132 2.4918 50.2727 2.6298
446 -8.7812 2.5736 13.7350 2.4713 162.2135 1.5298 168.2779 1.7784 77.6364 2.4810 89.8726 2.3927 35.3900 2.5141 62.0185 2.4811 107.1424 2.3892 52.4895 2.5417
447 -9.4197 3.1613 13.4456 2.5102 161.2255 1.4015 168.0471 1.4332 80.0845 2.5843 92.0800 2.3362 33.7146 2.3187 63.3635 2.4774 104.3320 2.5233 54.2391 2.4757
448 -9.5648 3.3442 12.8547 2.3333 159.8035 1.1520 167.5701 1.0382 82.4068 2.4409 94.4329 2.4412 31.5638 2.5178 64.8563 2.5191 102.3554 2.3782 55.8393 2.4977
449 -9.8537 3.6088 12.3773 2.3221 158.8276 1.2190 166.9919 0.6626 84.6673 2.4004 96.4508 2.5144 29.4585 2.6514 66.2809 2.4471 99.9967 2.5185 57.7301 2.3974
450 -10.0283 3.7088 11.1687 2.5362 156.9231 1.3098 166.8841 0.4463 86.8178 2.2817 99.0459 2.6287 27.9031 2.4414 67.9032 2.6392 97.8258 2.2423 59.0722 2.4823
451 -9.9798 3.9429 9.9123 2.4343 154.8064 1.3655 166.0680 0.2903 89.3481 2.5911 100.9611 2.7254 26.5361 2.4074 69.2148 2.6692 95.1521 2.2599 59.9962 2.5506
452 -9.9643 4.1340 8.4946 2.2581 152.9323 1.4747 166.1919 0.4021 91.5286 2.6884 103.4468 2.4127 25.4709 2.4463 70.6761 2.5948 92.9712 2.1746 60.5399 2.4258
453 -10.0054 3.8791 6.8709 1.9757 151.0170 2.1036 165.9131 0.2456 94.0189 2.4699 105.7590 2.4539 24.4947 2.5212 71.8022 2.4854 90.7485 2.3134 60.9802 2.5052
454 -9.8724 3.4626 5.3352 1.8363 148.6651 2.2938 165.9806 0.7835 96.5527 2.3961 108.0774 2.4443 23.5475 2.5599 72.3740 2.4747 88.7581 2.4237 60.9251 2.4425
455 -9.5449 3.3964 3.4522 1.2874 146.7113 2.3709 166.0269 1.0990 98.3543 2.5955 110.1053 2.5199 23.1586 2.5042 72.5030 2.5454 86.1070 2.5050 60.6863 2.4272
456 -9.8132 3.1471 1.9769 0.9179 144.5667 2.4826 166.4167 1.6815 100.6270 2.4796 111.7096 2.3662 23.1804 2.5426 72.7222 2.4482 83.7735 2.2870 60.2544 2.3278
457 -9.6045 2.8540 0.1569 0.7204 142.2295 2.4626 166.2670 1.8472 103.1712 2.4268 113.6758 2.3958 23.4720 2.4525 72.6693 2.4952 81.6567 2.6782 59.5836 2.4339
458 -9.3203 2.6950 -1.5896 0.1665 140.1509 2.5790 166.6908 1.8119 105.3851 2.4968 114.9933 2.3937 24.2204 2.4739 72.3505 2.4293 79.2400 2.5488 58.5214 2.5388
459 -9.4277 2.2536 -2.9122 0.5348 137.7903 2.4203 166.3234 2.1740 107.3383 2.5387 115.5296 2.4719 25.0815 2.4742 72.3854 2.5189 77.1892 2.5029 56.8143 2.5837
460 -9.0513 2.4174 -4.3770 0.3833 135.6319 2.7513 166.3586 2.0728 109.8893 2.5642 116.4075 2.4446 26.2101 2.4069 72.0317 2.4483 75.1951 2.5509 54.8641 2.5007
461 -8.6612 2.7001 -5.5462 0.8461 133.4498 2.4792 166.2986 2.0744 111.7641 2.6474 116.6484 2.5139 27.3121 2.5429 72.1294 2.5141 72.5320 2.2874 52.5486 2.5707
462 -8.1648 2.8466 -6.8273 0.9674 131.1661 2.5687 167.0450 2.0048 114.1488 2.4198 116.8343 2.5605 28.7816 2.4946 72.3569 2.5127 70.3227 2.3174 50.3805 2.6861
463 -7.5999 3.0235 -7.6464 0.5142 128.7044 2.7142 167.8924 2.0589 116.5873 2.5426 117.0302 2.6173 30.4713 2.4976 72.0013 2.5281 68.6055 2.2955 48.5491 2.4327
464 -6.7509 2.6841 -8.2464 0.6286 126.4940 2.5649 168.3378 2.1654 119.0231 2.3535 116.6893 2.5347 32.2896 2.4981 71.6865 2.3830 66.8699 2.5925 46.1857 2.4326
465 -5.9508 2.7445 -9.0201 0.6165 124.3327 2.6318 168.7197 1.9781 121.2425 2.5060 116.0703 2.6007 34.5155 2.5426 70.9558 2.4441 65.1797 2.4042 43.8274 2.6087
466 -5.2154 2.8785 -9.7026 0.6504 122.1008 2.6589 169.1608 2.4184 123.5923 2.6246 115.1737 2.5563 36.8280 2.6077 70.7036 2.5953 63.6332 2.4409 41.9802 2.3321
467 -4.2654 3.1439 -9.7985 0.3787 119.6765 2.3260 169.7667 1.9079 125.9431 2.4938 113.7987 2.3790 38.8300 2.3726 70.6333 2.5401 62.5807 2.5382 39.7514 2.6363
468 -2.9628 3.5112 -9.9385 0.8194 117.7213 2.4484 170.3076 1.7070 127.9819 2.5583 112.3242 2.4255 41.3792 2.5154 71.4148 2.5869 61.4879 2.5773 37.6768 2.7204
469 -2.8097 3.7675 -10.0765 0.9395 116.2209 2.5522 170.6057 1.2739 130.4351 2.3796 110.5663 2.3103 43.4358 2.6954 72.1334 2.5060 61.1412 2.4914 35.2503 2.4014
470 -2.2750 3.8063 -10.1832 1.1647 115.3966 2.5023 170.8062 0.9172 132.6462 2.5969 108.1932 2.3885 45.9951 2.7434 72.8912 2.5045 61.3430 2.4956 33.1228 2.5033
471 -2.1443 3.7977 -10.4625 0.8969 114.0101 2.4601 170.7508 0.4502 134.7728 2.7452 105.6023 2.6058 48.1582 2.5010 73.6331 2.5714 61.8944 2.5071 30.6220 2.3466
472 -1.9959 3.5511 -10.0937 0.6913 113.4977 2.4750 170.9241 0.2594 136.6663 2.5535 103.6331 2.3245 50.4891 2.3884 74.0558 2.4053 62.2206 2.4685 28.2574 2.0930
473 -2.0034 3.2331 -9.8185 0.6318 113.3335 2.5253 170.8345 0.4885 138.8006 2.2945 101.5830 2.3547 52.7274 2.5920 74.9450 2.6224 63.1541 2.5327 25.8644 2.5213
474 -1.8783 2.6415 -9.6453 0.6183 112.8734 2.5515 170.6925 0.3139 140.9312 2.2869 99.2858 2.3496 55.1102 2.5897 75.4397 2.5646 63.8931 2.3852 23.9527 2.4398
475 -1.8977 2.3879 -9.2795 0.1623 113.0124 2.6153 170.7626 0.4944 143.2361 2.3187 97.3588 2.3488 57.5360 2.6622 76.0064 2.5540 64.7163 2.5045 22.2227 2.3844
476 -1.6486 2.1843 -8.9561 0.1129 113.7750 2.4964 170.9361 0.8627 145.6602 2.5664 95.4926 2.3991 59.7038 2.5407 76.0763 2.4912 65.8756 2.4476 20.2298 2.6148
477 -1.8642 2.1177 -8.9299 -0.1339 114.2886 2.5803 171.2002 1.7457 148.0193 2.4633 93.5102 2.3937 61.9668 2.5936 75.8912 2.4816 66.1916 2.4349 17.6288 2.6039
478 -2.0203 2.6411 -9.0507 -0.5241 115.6722 2.5032 171.5420 2.4250 150.0017 2.2626 91.8339 2.5273 64.2369 2.6447 75.5580 2.5262 67.2237 2.4776 15.2796 2.4222
479 -2.7626 2.7560 -8.9357 -0.1109 117.2023 2.6850 171.6583 2.5340 152.2078 1.9467 90.4249 2.6167 66.6859 2.5985 75.0578 2.4624 67.8443 2.4330 13.7398 2.4883
480 -3.1096 3.0912 -8.7742 0.5686 119.1029 2.5829 172.0223 2.6146 154.3433 1.9196 89.2535 2.5466 69.2448 2.6056 74.7358 2.4243 68.0532 2.4454 12.8513 2.4503
481 -3.9126 3.2563 -8.6281 1.3496 120.9564 2.6600 172.1004 2.2499 156.5887 1.8579 88.5473 2.5451 71.4287 2.3907 74.4554 2.4228 68.4496 2.5444 11.6489 2.6125
482 -4.6703 3.2377 -8.1394 1.6531 123.5520 2.3047 172.0816 2.0371 158.8362 1.8035 88.2532 2.4997 73.8348 2.3143 73.6550 2.3667 68.1357 2.5499 11.1237 2.5466
483 -5.1727 3.2423 -7.9507 2.1642 125.7596 2.6631 171.9572 1.5951 160.9608 1.9923 88.0758 2.5407 75.9428 2.3737 73.3051 2.3608 67.7036 2.4812 10.6006 2.5144
484 -5.9345 3.0815 -8.0497 2.5697 127.9347 2.5341 171.8334 1.4397 162.6219 1.8507 88.1215 2.5234 78.3709 2.4535 72.8204 2.4636 67.0051 2.4250 10.5638 2.4176
485 -6.2535 3.1804 -8.4818 3.1398 130.0795 2.6250 171.3174 0.9640 164.2281 1.5969 88.3938 2.5859 80.4991 2.7722 71.8620 2.3883 65.7675 2.5442 10.8967 2.4164
486 -6.5978 3.3491 -8.4187 3.4592 132.1074 2.4684 171.1503 0.9885 165.6734 1.4543 88.9981 2.5556 83.0201 2.6257 70.8745 2.5180 64.2276 2.6142 11.2577 2.4661
487 -6.9744 3.1086 -8.8019 3.9983 134.2112 2.3408 171.2611 1.0298 166.3456 1.0641 90.2027 2.6230 85.7149 2.8995 70.1741 2.4701 62.8983 2.6540 11.9167 2.3349
488 -7.0143 3.2794 -9.2130 4.4411 136.2074 2.4892 171.2772 1.2274 167.1181 0.7416 91.6041 2.3703 87.9591 2.4749 69.2124 2.4963 60.9148 2.7618 13.2267 2.2858
489 -7.1181 3.6016 -9.5673 4.3998 137.9014 2.5590 171.5503 1.2071 167.8884 0.8389 93.1427 2.5586 89.7226 2.4514 68.3496 2.6007 58.6796 2.4528 14.2898 2.4596
490 -7.0885 3.8825 -9.4799 4.5258 139.5936 2.5241 171.6963 1.4946 168.5016 0.9762 95.1742 2.5937 92.0881 2.6124 67.7274 2.6574 56.2428 2.5475 16.2380 2.4405
491 -6.8180 3.8198 -9.4398 4.4666 140.9119 2.5912 171.2579 1.9233 168.9417 0.5356 97.1973 2.6093 94.3477 2.3771 66.9146 2.5670 54.4390 2.4108 18.1249 2.5081
492 -6.7572 3.7091 -8.8438 4.6056 141.8469 2.4988 171.1695 2.3129 169.4395 0.5985 99.3673 2.6359 96.3815 2.5896 66.2826 2.4270 52.3318 2.5218 20.4223 2.5497
493 -7.1568 3.7406 -8.3151 4.2376 142.7036 2.4613 171.2520 2.6978 169.8015 0.7821 101.5934 2.4925 98.5643 2.4699 65.8363 2.4153 49.8426 2.3923 22.8057 2.6085
494 -7.6358 3.4034 -7.5004 3.5974 143.2712 2.4517 170.7427 2.8245 169.9948 0.6658 103.5705 2.4053 100.7304 2.5355 65.2598 2.5657 47.5059 2.4767 24.8301 2.3309
495 -8.0910 2.8180 -7.3625 3.3661 143.6404 2.5127 170.3861 2.8928 170.2052 0.6887 105.6005 2.4635 102.7033 2.4610 64.0795 2.4857 45.1725 2.4854 27.0338 2.5025
496 -8.4455 2.6990 -7.0070 3.1379 143.5531 2.5253 170.1340 3.3893 170.2928 0.1931 107.3067 2.3593 104.2712 2.3113 63.0646 2.6163 42.6136 2.2817 29.1418 2.4620
497 -9.4205 2.8817 -7.3890 3.0183 143.0811 2.3659 169.8486 3.8312 170.1607 -0.4823 109.0605 2.5431 105.4024 2.4435 62.2066 2.3887 40.3947 2.4870 31.1964 2.6067
498 -9.6820 3.0701 -7.1775 3.1617 142.4090 2.5020 169.9302 4.2661 170.0267 -0.4991 110.3209 2.4887 106.5147 2.3955 61.5136 2.5289 38.2881 2.6351 33.3169 2.4980
499 -9.8266 3.2847 -7.2342 3.2564 141.3034 2.5389 169.5124 4.6355 169.7206 -1.0270 111.4439 2.4093 107.3408 2.3968 60.9328 2.4778 36.0536 2.5374 35.4694 2.4976
500 -9.7700 3.5622 -7.5196 3.2246 139.9128 2.4232 169.3615 4.8375 169.2007 -0.9842 112.1558 2.4502 108.0880 2.5132 60.3348 2.5241 33.9632 2.4934 37.5359 2.3995
501 -9.9026 3.7775 -7.6272 2.9391 137.9904 2.2496 168.8029 4.4822 169.2982 -0.6442 112.7694 2.4791 108.4495 2.4885 59.9439 2.4587 31.4557 2.3413 39.7335 2.5104
502 -9.7872 3.9747 -7.2807 3.2507 135.9377 2.4839 168.4468 4.9044 169.2892 -0.6187 112.8965 2.5192 108.6559 2.5376 59.7921 2.5337 29.1360 2.4933 42.1851 2.5973
503 -9.6048 3.7563 -7.0385 3.6860 133.3121 2.5710 168.0932 5.2716 169.4837 -0.2883 112.6919 2.5087 108.4169 2.5570 60.1067 2.5133 27.2668 2.4774 44.4563 2.5349
504 -9.3824 3.9748 -6.5522 3.8485 131.2170 2.5038 167.9063 5.0806 170.1862 -0.1669 112.3532 2.4551 107.3107 2.6182 60.3389 2.4642 25.1830 2.3627 46.4288 2.4194
505 -8.8992 4.3506 -6.3555 4.2342 129.0261 2.7515 168.0612 4.8175 170.5690 -0.2029 111.7852 2.4233 106.3687 2.6555 61.0024 2.5450 22.8681 2.4748 48.3032 2.4379
506 -8.1196 4.2026 -6.2240 4.5452 126.5864 2.4707 168.5889 4.2817 170.5639 0.1349 110.9402 2.5854 105.4317 2.6320 61.4351 2.4348 20.3249 2.5496 49.8368 2.5173
507 -6.9112 4.2226 -6.5271 4.6419 123.9840 2.6019 168.4813 4.1442 170.7815 0.1520 109.9674 2.5290 103.6522 2.6009 61.9442 2.5117 18.2297 2.3840 51.4382 2.4240
508 -6.0737 4.0004 -6.6186 4.7917 121.6768 2.4281 167.9184 3.5688 171.0487 0.3554 108.9126 2.5023 102.0398 2.3556 62.0586 2.3681 15.9293 2.4095 52.3967 2.5568
509 -4.6607 4.1746 -6.9078 4.7463 119.4949 2.5697 167.2904 3.2558 170.8455 0.6077 107.8869 2.5209 99.8781 2.4138 62.5568 2.4609 13.6713 2.4278 53.1510 2.4751
510 -3.5025 4.3244 -7.2384 4.7285 117.1251 2.3943 166.7204 3.2424 170.2675 1.0450 106.8262 2.6272 97.6302 2.4472 63.2867 2.5067 11.4799 2.0897 54.1366 2.4637
511 -2.2678 4.6077 -7.0686 4.5022 114.7031 2.6884 166.0350 3.7195 169.8482 1.5328 105.9469 2.5110 95.1616 2.4298 63.5765 2.5648 9.3059 1.4592 54.2994 2.4684
512 -0.9381 4.3428 -7.1709 4.4166 112.3678 2.5345 165.6741 3.4667 169.4831 2.0709 105.4264 2.5340 93.0772 2.6775 63.1354 2.5146 7.0351 1.2487 54.0601 2.5405
513 0.4850 4.1062 -6.8239 4.2546 110.2268 2.6540 165.9929 3.7722 169.4416 2.2483 105.2911 2.5527 90.6593 2.5055 63.0983 2.5685 4.8682 0.8391 53.4180 2.6681
514 1.0105 3.9432 -6.3687 3.8581 107.9286 2.6008 166.5498 3.9100 169.0536 2.8217 105.3434 2.5053 88.4226 2.3717 62.4201 2.6132 2.9373 0.8068 52.7129 2.4871
515 2.0181 3.6597 -5.9100 3.7888 105.3676 2.4547 166.4937 3.7028 169.2782 3.0371 105.6050 2.5582 86.3938 2.5622 61.4651 2.5458 1.0347 0.8797 51.4118 2.2402
516 2.4394 3.1097 -5.2826 3.3702 103.1935 2.4837 166.9810 3.7253 169.3224 3.5103 105.8306 2.4212 84.4722 2.4760 60.0004 2.6012 -0.1724 1.0288 50.4386 2.4557
517 2.8527 2.8361 -3.9065 2.7919 100.7503 2.5365 167.6437 3.4204 169.1017 3.6033 107.1131 2.5743 82.5102 2.5676 58.0733 2.4625 -0.9515 1.4554 48.2631 2.5124
518 2.9495 2.4654 -2.7639 2.7549 98.7845 2.6580 167.8085 3.4596 168.5619 3.8043 108.1789 2.3955 80.5148 2.3463 56.2114 2.3303 -1.5212 1.3696 46.5898 2.6401
519 3.0090 1.9919 -1.9899 2.6585 97.0037 2.6178 168.4937 3.4602 167.9393 3.3684 109.6076 2.3904 77.8916 2.5678 53.8329 2.5733 -1.9805 1.6165 44.4435 2.7079
520 2.6827 1.6549 -0.6077 2.7616 95.1289 2.5610 169.0069 3.8433 167.6080 3.3986 111.7066 2.5024 75.8493 2.4664 51.3781 2.4416 -2.6309 1.7312 41.9552 2.5705
521 2.1266 1.2945 0.3278 2.9855 93.6999 2.7990 169.9387 3.4910 167.1365 3.1805 114.1063 2.4716 73.3296 2.3767 49.3809 2.5513 -2.9101 2.1721 39.5588 2.5367
522 1.5000 1.0193 1.3836 3.6898 92.6818 2.6595 170.5059 3.3284 166.8992 2.6987 116.5695 2.3987 71.0126 2.5849 47.4618 2.5725 -2.9523 2.1417 37.4411 2.6431
523 0.4871 0.6629 2.8188 3.7717 91.5983 2.5758 170.9622 3.9061 167.0126 2.1770 118.9027 2.6222 68.5042 2.7255 45.2537 2.4735 -2.4899 2.2095 35.0824 2.4627
524 -0.5393 0.5254 4.1974 3.8048 90.9948 2.5427 171.3252 4.3017 167.2978 1.8103 121.1795 2.5989 66.6041 2.7020 42.5523 2.5077 -2.0873 2.0805 33.3275 2.3316
525 -1.7654 0.3229 6.2492 3.7856 90.7894 2.5483 171.0280 4.1058 167.6440 1.5289 123.6597 2.6986 64.4928 2.7613 40.0476 2.4475 -1.1783 2.8202 31.5282 2.3392
526 -2.6160 0.1570 8.5087 3.5734 90.5481 2.4992 171.2738 4.2352 168.0880 0.9041 126.1332 2.5379 62.1481 2.5865 37.9417 2.4298 0.0527 2.9398 29.9651 2.5283
527 -3.3167 0.4120 10.7847 3.2678 90.9676 2.6195 170.7170 3.9583 168.0222 0.6186 128.3905 2.7194 60.1096 2.4311 36.3277 2.5341 2.1747 3.2391 28.6415 2.6246
528 -3.6648 0.6339 13.1021 3.0073 91.9771 2.5066 170.2676 4.3546 168.4299 0.2877 130.1622 2.5736 58.1141 2.5747 34.5602 2.7205 3.7828 3.5711 28.3886 2.5121
529 -3.9709 0.6391 15.4061 2.8633 93.0769 2.4257 170.2694 4.3205 168.9115 0.3335 132.2681 2.2830 55.8317 2.7258 33.3092 2.5692 6.1287 3.5181 27.9582 2.4335
530 -4.3596 0.4652 17.5506 2.5173 94.0770 2.5754 170.3138 4.4307 169.0568 0.1627 134.1826 2.4561 53.7808 2.5414 32.1765 2.5231 8.0880 3.2453 27.5248 2.5191
531 -4.4562 0.5913 20.2350 2.3405 95.6992 2.4541 170.1545 4.7514 169.1557 -0.0972 136.2469 2.5953 51.6760 2.4878 31.2815 2.5805 10.5583 2.6275 27.7387 2.4965
532 -3.7371 0.6780 22.7503 2.4470 97.6248 2.4538 169.9902 5.0661 169.1355 0.1685 138.3873 2.3477 49.3450 2.4500 30.9457 2.5030 13.0071 2.6287 28.2335 2.5571
533 -3.0667 1.1039 24.9295 2.3617 99.6905 2.2798 169.7414 5.4548 169.4332 0.2004 140.5575 2.2670 46.8725 2.4067 31.1596 2.4298 15.2328 2.5530 28.9727 2.5701
534 -2.1781 1.2552 27.1845 2.4917 101.9880 2.4380 169.1966 5.6762 168.8903 0.3717 142.8033 2.4508 44.7185 2.4930 31.5973 2.4890 17.0722 2.5269 29.8041 2.6912
535 -0.9314 1.3341 29.4191 2.5241 104.0332 2.4173 168.8435 6.0363 168.4930 0.4475 144.9289 2.6962 42.2370 2.3767 32.3894 2.4958 19.1829 2.5064 31.6389 2.5078
536 0.1514 1.6796 31.4929 2.6056 106.3543 2.4083 168.5904 6.0875 168.2417 0.5254 147.0979 2.4380 39.9855 2.7368 33.1456 2.6563 21.3521 2.4150 32.6343 2.4002
537 1.7626 2.5632 33.6632 2.6212 108.4186 2.5438 168.2172 5.6915 167.9795 0.4635 149.4247 2.2944 37.3976 2.5230 33.9372 2.4432 23.7875 2.3173 34.8662 2.4221
538 3.3700 2.5723 35.0788 2.3683 110.6619 2.6233 167.8176 5.2480 168.0611 0.3308 151.7641 1.8638 35.3541 2.5565 35.2565 2.5240 26.1534 2.4559 36.4693 2.4254
539 5.3826 2.8693 36.3584 2.5154 112.7534 2.4032 168.3542 5.0442 167.8929 0.3326 153.6998 1.8433 32.7520 2.6919 36.4657 2.7460 28.4000 2.6412 38.6720 2.6176
540 7.6302 2.8418 37.3531 2.4634 114.6991 2.5600 168.9111 4.9242 167.6241 -0.0848 155.4017 1.3625 30.3013 2.4087 38.0996 2.4557 30.6845 2.5304 40.3821 2.6305
541 9.8897 3.1059 37.8815 2.4583 116.9000 2.5200 169.3327 4.8565 167.2339 -0.1448 157.1076 0.7128 28.0125 2.4386 39.5524 2.4698 32.7935 2.6803 41.8824 2.5353
542 12.3202 2.8743 38.5096 2.4922 118.6861 2.6062 169.5093 4.6870 166.9765 -0.0980 159.2356 0.6132 25.8016 2.4109 40.5086 2.6067 35.0893 2.4668 43.1410 2.4477
543 14.4548 2.5326 38.7957 2.4926 120.6901 2.6952 169.8857 4.5490 167.6158 0.2789 161.2533 0.5439 23.7552 2.5547 41.4584 2.4746 36.9203 2.5072 43.6581 2.5003
544 16.9325 2.7453 38.7315 2.5580 121.9946 2.4338 170.1084 4.4728 167.9165 0.3567 162.8673 0.6293 21.8035 2.4883 42.5244 2.5651 38.9318 2.5370 44.0432 2.5577
545 19.0908 2.5312 38.8308 2.4723 123.0327 2.4317 170.0893 4.3688 168.0711 0.7079 164.5143 0.5893 19.5361 2.6256 42.6984 2.5025 41.1904 2.5017 44.1848 2.5021
546 21.2457 2.2158 38.2666 2.4849 124.0369 2.3792 169.6310 3.4363 168.3800 1.0350 165.7409 0.9634 17.0713 2.5283 42.3898 2.4851 43.2744 2.3013 43.5605 2.4452
547 24.0767 2.6127 37.2019 2.6242 124.7985 2.4641 168.8560 2.9851 168.5106 0.3152 167.2010 1.0433 15.3536 2.6086 42.3321 2.5431 46.1064 2.3296 43.0611 2.5865
548 26.1876 2.4508 36.3123 2.5105 124.9333 2.4736 167.6283 2.4836 169.2066 0.2407 168.1433 0.9286 13.4871 2.3876 41.6696 2.5752 48.3331 2.5388 42.1654 2.4944
549 28.6794 2.4998 35.3253 2.5477 124.7317 2.5086 166.6656 2.1670 169.4739 0.3578 168.7719 0.7399 11.4576 2.4561 40.5518 2.4453 50.5315 2.4010 41.2677 2.5940
550 30.9746 2.5412 33.5654 2.6418 124.7794 2.5414 165.5068 2.3073 169.6445 0.6272 169.4854 0.5563 9.9024 2.4171 39.1600 2.4116 52.9416 2.4248 40.1648 2.5472
551 33.4638 2.5225 32.0429 2.5753 124.1096 2.5782 163.9824 2.7101 170.1248 0.6062 169.5864 0.2318 8.7059 2.5381 37.1295 2.4803 55.1949 2.6904 38.7921 2.5440
552 35.6077 2.3994 29.6896 2.4383 123.3657 2.5529 162.8309 2.9074 169.9155 0.5107 169.7431 0.0730 8.1371 2.4308 35.2588 2.3265 57.3033 2.4254 36.8809 2.5027
553 37.6134 2.6205 27.6805 2.6000 122.4919 2.4841 161.7933 2.9748 169.7432 0.7616 169.6012 0.0860 7.0860 2.6029 33.0241 2.5179 59.5582 2.2909 34.7705 2.5062
554 39.3666 2.5123 25.6668 2.5119 121.0199 2.3985 160.4790 2.7192 169.1929 1.2255 169.6819 0.1710 6.6810 2.5616 30.9916 2.6070 61.3826 2.5772 31.9842 2.3697
555 40.8198 2.5827 23.7722 2.5456 119.4651 2.2225 158.7331 3.0919 167.9361 0.8936 169.4242 0.2055 6.8983 2.4688 28.6549 2.6743 62.8691 2.4144 29.8178 2.3361
556 42.0276 2.5391 21.9183 2.4877 116.9802 2.2967 156.8149 2.8982 167.3585 0.9876 168.7843 0.6583 7.1934 2.4968 26.9303 2.5384 64.5339 2.6548 27.4941 2.4117
557 42.5690 2.4803 20.3988 2.5091 114.4358 2.3965 155.0108 2.7948 166.4762 0.6517 168.0944 0.7416 8.0914 2.5684 25.5111 2.5646 65.8052 2.4963 25.2722 2.4089
558 42.7175 2.5301 19.2304 2.5681 112.1104 2.3059 153.0152 2.6690 165.5280 0.2455 166.7449 0.9775 8.9889 2.5003 24.3958 2.5462 66.2646 2.5039 23.4046 2.4075
559 42.8423 2.5290 18.0947 2.6042 109.9220 2.3211 150.8482 2.5105 164.3210 0.3562 165.5800 0.6346 10.0391 2.3744 23.2488 2.5088 67.2385 2.4427 20.9462 2.4543
560 42.8863 2.4355 18.0511 2.4471 107.8231 2.5832 148.3391 2.3650 163.0902 0.4414 164.0812 0.8525 11.7002 2.4140 22.7547 2.6505 67.3371 2.5476 18.5911 2.4883
561 42.5283 2.5711 17.8516 2.4784 105.8040 2.7563 145.9959 2.6341 161.1889 0.7373 162.5646 0.7445 13.5422 2.3846 21.9841 2.5841 67.1201 2.5310 16.4724 2.4026
562 41.6764 2.4035 17.8955 2.5277 103.5421 2.4084 143.6970 2.4363 159.1677 0.9093 160.7799 0.4486 15.5273 2.4204 21.9617 2.5008 67.0806 2.5244 14.0783 2.6519
563 40.5883 2.5736 18.2931 2.4132 101.2080 2.3351 141.6129 2.5024 157.7117 0.9204 158.7419 0.7026 17.4427 2.4265 22.2103 2.3870 66.5020 2.4923 11.9651 2.6103
564 39.0504 2.5021 19.1046 2.5446 98.8583 2.3500 139.7446 2.6940 155.7587 1.2715 156.7555 1.2475 19.0717 2.5698 22.6510 2.4991 65.6909 2.4825 9.3503 2.5922
565 37.2194 2.5062 19.8874 2.5465 96.7131 2.3856 137.5961 2.6537 153.8982 1.5049 155.2189 1.5367 20.1679 2.6300 23.3232 2.4800 64.4374 2.2742 7.3813 2.5876
566 35.3347 2.3987 21.1169 2.5572 94.1601 2.5492 134.7402 2.2919 151.8131 1.5930 154.0784 2.0283 21.1884 2.5882 24.0990 2.4466 63.1870 2.5160 5.8264 2.6423
567 32.8995 2.6629 22.9507 2.5431 91.8083 2.2879 132.5842 2.3531 149.6196 2.0652 153.0676 2.2584 22.0435 2.5263 25.5136 2.3826 61.7454 2.3360 4.3107 2.5777
568 30.5676 2.3115 24.8124 2.5254 89.6911 2.3895 130.3384 2.6164 147.4187 2.1897 152.0781 2.2586 22.2092 2.5844 27.3167 2.3903 60.2771 2.4085 2.6199 2.5970
569 28.0740 2.6907 27.0602 2.3906 87.3989 2.7428 128.4272 2.2834 144.9574 2.6005 151.5641 2.4002 22.2216 2.4864 29.7607 2.4814 58.4115 2.4195 0.3953 2.6436
570 25.9376 2.2229 29.8476 2.4833 85.4020 2.5524 126.1319 2.4091 142.4268 2.4859 151.0046 2.4431 21.7997 2.5000 32.1498 2.4664 56.9699 2.4206 -0.8692 2.9186
571 23.7542 2.3340 31.8552 2.4829 83.2684 2.4221 123.8448 2.4430 140.0589 2.4088 151.1493 2.5920 21.5610 2.4289 34.2408 2.4255 56.1178 2.4010 -1.8400 2.6562
572 21.0911 2.5107 34.0481 2.5600 81.0174 2.4620 121.2745 2.5039 137.6289 2.5393 151.3280 2.4763 21.1081 2.3274 36.3397 2.3579 55.1470 2.5252 -2.8469 2.4740
573 18.7735 2.3301 35.6429 2.5158 78.7357 2.3139 118.8907 2.3438 135.4423 2.3949 151.6624 2.3691 19.8178 2.2978 38.3100 2.2814 54.2958 2.4684 -3.3162 2.4571
574 16.5482 2.5158 37.2673 2.6468 76.5035 2.2559 116.8576 2.5263 133.2902 2.5925 152.0039 2.0429 18.5799 2.4982 40.0759 2.3302 53.8340 2.4945 -3.6515 2.3129
575 14.0708 2.5525 38.4600 2.6095 74.1629 2.4664 114.7266 2.4859 131.4146 2.4255 152.7111 1.9005 17.1996 2.3309 42.2505 2.5606 53.9065 2.4870 -3.6386 1.8639
576 11.8127 2.7000 39.3004 2.4821 71.9020 2.4540 112.5240 2.4268 129.2923 2.3780 153.6059 1.6066 14.9518 2.4924 44.5360 2.5397 54.1631 2.4124 -4.1922 1.8579
577 9.8513 3.0148 39.6950 2.5118 69.9753 2.4764 110.3383 2.4160 126.9587 2.5167 155.3667 1.2170 12.6193 2.7363 47.0772 2.7729 55.1101 2.4460 -4.0010 1.8265
578 7.5711 3.5330 39.6867 2.5034 67.6767 2.6628 108.0499 2.6717 124.6717 2.3758 157.1384 0.8162 10.1419 2.6961 49.3340 2.4821 56.0264 2.4098 -3.8571 1.8840
579 5.9390 3.5408 39.8838 2.4937 65.8845 2.6801 105.8251 2.3781 122.7732 2.1894 158.9902 0.7199 7.9097 2.2805 51.4079 2.4843 57.5183 2.4703 -3.8721 2.0376
580 4.0978 3.8090 39.6057 2.5541 64.7916 2.5889 104.1114 2.6722 120.9731 2.3964 160.5211 0.7423 5.4457 2.0719 53.5717 2.4261 59.0262 2.4315 -3.7827 2.6498
581 2.4384 4.3358 38.9797 2.3789 63.8241 2.4378 102.2337 2.6105 119.9091 2.4099 161.7217 0.7208 3.5909 1.4510 55.8019 2.6221 60.6852 2.3855 -3.8047 3.4795
582 0.6258 4.4308 37.7722 2.5312 62.9993 2.5472 101.1675 2.5113 118.7925 2.5556 163.0786 0.5220 1.5510 1.0441 58.1595 2.3693 62.6523 2.5232 -3.6925 3.9759
583 -0.9094 4.2307 36.3591 2.4143 62.6995 2.5001 100.0157 2.5541 117.7680 2.5281 164.5391 0.5428 0.3611 0.7456 60.4322 2.4571 64.9048 2.4814 -4.4416 4.4319
584 -2.3959 3.9165 34.8428 2.4763 62.4985 2.5555 99.1294 2.4452 117.3475 2.4314 165.4711 0.2361 -0.8694 0.5971 62.2459 2.4960 67.2848 2.3985 -4.1667 4.7444
585 -3.7765 3.5476 33.1607 2.4503 62.5298 2.3899 98.9791 2.5277 117.2671 2.4999 166.3394 -0.0241 -1.9276 0.4173 64.4361 2.4935 69.6497 2.5957 -4.2256 4.6062
586 -5.1084 3.3885 30.8739 2.6322 62.7780 2.3873 98.7440 2.4898 116.8041 2.4929 167.1245 -0.3596 -2.9380 0.4424 66.7860 2.5041 72.1272 2.4835 -4.8080 5.0232
587 -6.3000 3.7112 28.7783 2.5240 63.5157 2.4391 99.1817 2.4636 116.9080 2.5345 167.7981 -0.5289 -4.0412 0.6840 69.1741 2.5062 74.5785 2.3460 -5.4473 4.6874
588 -7.4853 3.9071 26.4750 2.3457 64.4571 2.5131 99.7328 2.3067 117.4130 2.4842 168.1504 -0.6468 -4.6054 0.5314 71.5584 2.5826 77.0116 2.4105 -5.7449 4.4976
589 -8.0720 4.0256 24.5221 2.5567 65.3236 2.4948 100.1250 2.5262 118.2737 2.5277 168.8065 -0.6122 -5.2424 0.5108 73.6086 2.4439 79.2313 2.3709 -5.5159 4.6415
590 -8.7955 4.3113 22.4003 2.4316 66.3472 2.3681 101.2328 2.4917 119.5666 2.6726 169.2638 -0.4186 -6.3413 0.1827 76.1252 2.4080 81.6409 2.4187 -5.5497 5.0016
591 -9.4869 4.0508 20.1903 2.5182 67.5626 2.5366 102.8781 2.5198 120.7159 2.4071 169.0234 -0.4327 -6.8426 -0.2732 78.7268 2.6248 84.1353 2.5436 -5.5915 4.6458
592 -9.7172 4.3883 17.7736 2.4380 68.4615 2.3713 104.0316 2.5184 122.4680 2.7185 168.4327 -0.4816 -7.0808 -0.6549 80.7775 2.5297 86.7607 2.5175 -6.0401 4.3245
593 -9.9360 4.5423 15.1552 2.4918 68.9654 2.3372 105.9914 2.4143 124.1192 2.3900 167.6388 -0.4892 -7.0666 -0.5565 83.0332 2.5339 89.0755 2.5650 -6.1411 4.7062
594 -9.5696 4.4932 12.9165 2.3081 69.7468 2.3881 108.1353 2.4838 125.5859 2.4844 167.4178 -0.7136 -6.8557 -0.2970 84.8830 2.3701 91.2576 2.6317 -5.6884 4.1905
595 -9.5692 4.2567 11.6886 2.3804 70.1521 2.5414 110.4726 2.3191 127.0646 2.5456 167.5338 -0.6193 -6.4959 0.2864 86.9486 2.2487 93.4884 2.6675 -5.3040 4.2978
596 -9.3469 4.1870 10.6771 2.2816 69.8393 2.5276 112.7022 2.4596 128.6783 2.6490 167.3414 -0.0662 -6.3847 0.6814 89.3691 2.5454 95.8186 2.4588 -5.4875 3.9425
597 -8.5443 4.0023 9.4356 2.4230 69.3249 2.5855 114.8185 2.4705 129.6123 2.5991 167.1780 0.1217 -5.9570 1.5004 91.4608 2.6082 98.1008 2.4780 -5.6185 3.0523
598 -8.4750 3.9455 8.6337 2.3528 68.3092 2.5948 117.2169 2.6036 131.0300 2.5577 167.2812 0.7404 -5.5311 2.3613 93.5789 2.4888 100.0072 2.5821 -5.7331 2.8385
599 -7.8484 3.5377 8.4965 2.5554 66.9632 2.6105 119.5934 2.5346 131.7530 2.4918 167.1971 0.4008 -5.5645 2.8342 95.9475 2.5493 102.1845 2.5403 -5.9961 2.4213
600 -7.6286 3.4086 8.4114 2.5425 65.2985 2.5993 121.7890 2.3914 132.3161 2.5676 167.0155 0.6719 -5.4395 3.2000 98.4122 2.5296 104.3521 2.4168 -5.9660 2.4205
601 -7.4555 3.4019 8.6690 2.5632 63.4561 2.5161 123.9508 2.4654 132.3523 2.4436 167.5823 0.8451 -5.5376 3.1691 100.6653 2.5362 106.5327 2.4698 -5.4040 2.7234
602 -7.2070 3.1510 9.4839 2.5224 61.3255 2.5009 126.1875 2.4801 132.3373 2.5320 167.6942 1.3530 -5.9604 3.3672 103.4073 2.6113 108.8396 2.3756 -5.1640 3.3396
603 -6.8673 2.9260 10.0706 2.5251 59.2368 2.5351 128.4225 2.4052 131.8977 2.4447 168.1613 1.3362 -6.0917 3.6333 105.9561 2.6754 110.8709 2.4095 -5.2283 3.6038
604 -6.5421 2.8379 11.7725 2.5182 57.3347 2.5652 130.8700 2.4902 131.2093 2.4305 168.3498 1.3786 -6.4576 4.3340 108.4059 2.5755 113.2637 2.5481 -5.5966 4.3038
605 -6.5192 2.8009 13.1976 2.5959 55.0572 2.6008 133.3829 2.4594 130.0927 2.4641 168.7445 1.4979 -6.2420 4.8491 110.9028 2.5190 115.8718 2.4829 -5.9506 4.3969
606 -6.4042 2.3177 15.1845 2.5575 52.9234 2.4291 135.9689 2.4387 128.9614 2.4429 169.3143 1.6360 -6.6534 5.2903 113.0693 2.5538 118.1581 2.3037 -6.2034 4.3715
607 -6.1583 1.9980 17.1126 2.4089 50.7281 2.4768 137.9942 2.5795 127.3909 2.4852 169.5163 1.9860 -6.3475 5.0499 115.1906 2.5550 120.0743 2.2287 -7.4097 4.1226
608 -5.4852 1.6096 19.2207 2.4827 48.5470 2.2588 139.7970 2.4657 125.6096 2.4907 169.5324 2.3457 -6.6935 4.7961 117.5208 2.3604 122.4060 2.4300 -8.1653 4.0712
609 -5.2986 1.4226 21.4180 2.3400 46.2576 2.4213 140.9530 2.4766 123.3617 2.3138 169.5186 2.1995 -6.9798 4.3276 119.7677 2.2574 124.7344 2.4223 -8.7424 3.5813
610 -5.0955 1.6555 23.2062 2.2882 43.8910 2.3857 142.5725 2.5101 121.1286 2.5673 169.3839 1.6634 -6.9759 4.1348 121.9274 2.3817 127.1103 2.5408 -9.1681 3.2495
611 -4.6851 1.6085 25.7618 2.5629 41.4148 2.4205 143.8041 2.4764 118.5538 2.3687 169.3575 0.9720 -7.6257 3.8798 123.7404 2.3828 129.6035 2.5821 -8.9428 3.0920
612 -4.1671 1.5840 27.9087 2.5024 38.7455 2.3562 144.6017 2.4208 116.3373 2.4329 168.9716 0.4388 -8.3216 4.0582 124.9666 2.3695 132.0587 2.6974 -8.6915 2.6273
613 -3.3773 1.7016 29.9022 2.6036 36.5105 2.4409 144.9227 2.5266 113.8519 2.4085 168.4283 -0.0104 -8.3047 4.4942 125.8058 2.5350 134.4745 2.7315 -8.1443 2.6718
614 -1.7755 1.7773 32.0108 2.5526 34.0463 2.5091 145.1928 2.4835 111.3564 2.6092 168.4210 -0.1267 -8.8354 4.6780 126.6468 2.5876 136.4112 2.5889 -7.7160 2.3016
615 0.0025 2.2240 34.0377 2.5405 31.7958 2.5621 144.8531 2.5588 109.2869 2.5534 167.8907 -0.4316 -8.9549 4.9928 127.6029 2.4715 138.4633 2.6071 -7.1773 2.1346
616 1.7351 2.5447 36.3533 2.4490 29.6017 2.5443 144.4296 2.4146 106.9862 2.4883 167.1963 -0.4092 -9.1291 5.4531 127.9950 2.4656 140.3517 2.5825 -7.3224 2.0662
617 4.0789 2.3061 38.6119 2.7002 27.1805 2.7788 143.7410 2.4904 104.9988 2.4351 166.8806 -0.2962 -8.6949 5.6537 128.1803 2.4866 142.4674 2.3497 -7.0567 2.1780
618 6.3577 2.2381 40.8675 2.5991 24.7962 2.5874 142.6757 2.4741 102.5638 2.5226 166.3264 0.1512 -8.5566 5.3979 128.2752 2.4730 144.6926 2.4615 -7.0056 2.3107
619 8.3976 2.4889 42.9243 2.6367 22.7223 2.8347 141.1509 2.4469 100.1032 2.5234 165.7079 0.3327 -8.1601 5.3820 127.6622 2.4895 146.9964 2.2957 -7.0438 2.5575
620 10.5222 2.4991 45.2485 2.7420 20.5016 2.6242 139.6668 2.4813 97.9468 2.4720 165.6651 0.5490 -7.8576 4.6570 126.8980 2.5211 149.1348 2.0989 -6.7935 2.6375
621 12.6838 2.4457 47.8184 2.6408 18.2578 2.3764 137.5975 2.4614 95.8578 2.4898 165.3299 0.6809 -7.2853 4.4449 126.1967 2.3967 151.3122 1.8667 -6.7412 2.5970
622 14.6024 2.4818 50.1029 2.5076 15.4095 2.5480 135.2110 2.2621 93.4775 2.4555 166.0133 0.5645 -7.0379 4.3865 124.7726 2.4855 154.0433 1.3985 -6.7638 2.7745
623 16.3358 2.4259 52.5521 2.4335 12.9966 2.5418 132.6347 2.5435 91.1922 2.5087 166.3031 0.3408 -6.9535 4.3964 123.3293 2.4024 156.0737 1.1629 -6.9970 2.8335
624 17.9491 2.7198 54.6961 2.3205 11.0901 2.9747 130.4967 2.5008 88.8684 2.3698 166.8247 0.6164 -6.3092 4.2842 121.3892 2.4000 158.1677 1.0380 -7.4198 3.0123
625 19.2210 2.5671 56.8346 2.3492 8.9996 3.1910 127.9325 2.6098 86.6816 2.3485 166.8935 1.0493 -5.6597 3.9116 119.0536 2.3771 160.0156 0.9164 -7.7734 3.0530
626 19.9795 2.4921 59.1771 2.5125 6.8055 3.5023 125.5041 2.4751 84.1894 2.5507 167.2346 1.1787 -5.5335 3.5891 117.0120 2.3262 161.5411 1.0331 -7.7678 3.4727
627 20.8123 2.5424 61.3081 2.5933 4.5843 3.8833 123.1964 2.4079 82.1013 2.3695 167.8879 1.5234 -5.5398 3.0534 114.8957 2.4297 163.1578 1.3834 -8.5239 3.5987
628 21.5322 2.5297 63.6499 2.5679 2.6145 4.3703 121.1319 2.6023 79.9230 2.5834 168.4296 1.6631 -5.6611 2.1346 112.6823 2.4427 164.6140 1.3214 -9.1482 3.7180
629 21.9441 2.5017 66.2783 2.7147 0.7999 4.5138 119.1446 2.5076 77.7236 2.6011 168.0262 1.6607 -5.6145 1.4600 110.4774 2.4237 166.2148 1.4692 -9.3989 3.3601
630 21.8970 2.4603 68.7895 2.4607 -0.9186 4.5987 117.8459 2.5046 75.9489 2.4674 168.8089 2.0241 -5.9514 0.8881 108.1628 2.2466 167.3035 1.7106 -9.5154 3.1711
631 21.7257 2.5646 70.9660 2.5733 -2.7347 4.5760 116.6229 2.4832 74.0934 2.4312 169.5131 2.1258 -6.0633 0.6315 105.8560 2.2642 168.5271 1.3105 -10.0478 2.8135
632 21.1293 2.5419 73.0304 2.4788 -4.1813 4.3026 115.6976 2.5647 73.3383 2.5544 169.9934 2.2581 -6.3087 0.0424 103.5220 2.2306 169.4630 1.1725 -10.1220 2.4851
633 20.3242 2.5082 75.7750 2.5478 -5.5278 4.0726 115.2344 2.5310 72.4654 2.5106 170.0753 2.6967 -6.4282 -0.4467 101.3559 2.2571 170.0096 0.6054 -10.3508 2.4309
634 19.3394 2.5874 78.0638 2.5037 -6.9083 3.8483 114.7355 2.5011 71.5226 2.4751 170.4580 2.8746 -6.8526 -0.5917 99.0626 2.5201 170.5362 0.6471 -10.8066 2.0340
635 18.1665 2.5063 80.2157 2.6061 -7.9109 3.5485 114.8228 2.5202 71.3973 2.5072 170.1496 2.8210 -6.8680 -0.6250 96.6254 2.5583 170.4748 0.5312 -10.4920 1.8049
636 16.3335 2.5268 82.1553 2.6355 -8.7416 3.7227 115.1898 2.4292 71.2554 2.3872 169.8369 3.4062 -7.1607 -0.5431 94.5696 2.4351 170.6135 0.3424 -10.6865 2.2333
637 14.2638 2.4638 84.4600 2.6174 -9.1160 3.9552 115.8265 2.5372 71.0884 2.5032 169.6719 3.5504 -7.3274 -0.7301 92.2261 2.3649 169.8755 0.7019 -10.6479 2.7861
638 11.9423 2.4359 86.8617 2.5059 -9.4001 4.0688 116.9126 2.4884 71.9402 2.4573 169.2712 3.8445 -7.4594 -1.0182 89.7981 2.4793 169.3153 0.7998 -10.2839 3.1427
639 10.1345 2.3774 89.2565 2.4996 -9.7332 4.2020 117.5669 2.4095 72.8502 2.4231 168.9321 3.9974 -7.8333 -0.9582 87.6473 2.7136 168.7754 1.1080 -9.8974 3.6838
640 7.5871 2.1186 91.6069 2.5688 -9.8940 3.9620 119.1697 2.5246 73.9119 2.3136 168.3936 4.2390 -7.5467 -1.3432 85.2018 2.6321 167.8134 1.5488 -9.5311 4.3034
641 5.9211 1.8863 93.6902 2.3309 -9.9041 3.7524 121.5064 2.5552 75.0663 2.3843 167.4753 4.2124 -7.4476 -1.1264 82.9309 2.4068 167.0215 1.3923 -9.1379 4.8170
642 4.4470 1.7093 95.7959 2.3283 -9.5388 3.6796 123.7533 2.6675 76.1574 2.2881 166.9315 4.3675 -7.5451 -0.9882 80.6841 2.4370 166.0332 0.9769 -8.3929 4.7140
643 2.5509 1.6549 97.7767 2.4422 -9.2240 3.6141 126.0695 2.4586 77.3720 2.4952 165.7651 4.3139 -7.7310 -0.8951 78.4957 2.5920 164.7793 0.8967 -8.2702 5.0973
644 0.5306 1.4918 99.9762 2.3570 -8.3052 3.5871 128.0993 2.7146 78.6515 2.5215 164.4946 4.3289 -8.2539 -0.8167 76.5405 2.5780 163.4314 0.6174 -7.7355 5.4533
645 -0.8408 1.3404 101.9848 2.4702 -7.9654 3.6825 130.4865 2.4926 79.7150 2.4416 162.2279 4.0411 -8.5669 -0.9489 74.3936 2.4432 161.5156 0.5302 -7.2315 5.5947
646 -2.5682 1.4860 104.2624 2.4143 -7.7760 3.3724 133.1886 2.6356 80.4080 2.4964 160.6680 4.0278 -8.8344 -1.0367 72.0363 2.3551 159.2394 1.0285 -7.0141 5.5984
647 -3.7861 1.6051 106.6597 2.3884 -6.8338 3.4386 135.0816 2.5429 80.8734 2.5339 159.2537 4.0863 -8.8054 -0.7267 69.8250 2.6754 157.5792 1.4262 -7.0780 5.5891
648 -5.1723 1.5698 109.2097 2.3366 -5.6875 3.7215 137.1870 2.6042 80.8301 2.5097 157.7092 3.9020 -8.5231 -0.1364 67.6254 2.7307 155.6927 1.5416 -7.2449 5.9558
649 -6.2088 1.7640 111.3205 2.5822 -4.6083 3.8353 139.3692 2.5103 80.9451 2.4686 155.7405 3.6674 -8.2225 -0.0330 64.8181 2.7030 153.8726 1.8753 -7.0279 5.8764
650 -7.0646 1.9364 113.8912 2.5158 -3.7779 3.8000 141.7601 2.6699 81.0954 2.5213 153.1873 3.6750 -7.8234 0.2436 62.6494 2.6071 151.9179 2.2192 -6.5677 5.9618
651 -7.5169 1.7264 116.4261 2.5347 -3.1396 3.5733 143.6942 2.5365 80.8336 2.5133 150.9206 3.3891 -7.4233 0.3253 60.2105 2.6519 149.7650 2.3583 -5.9341 6.0384
652 -8.1850 1.7681 118.8681 2.6543 -2.9233 3.1676 146.4398 2.5242 80.2946 2.5048 148.5855 2.9925 -7.4548 0.7267 57.9003 2.6004 147.6593 2.4868 -5.6607 5.2297
653 -9.2176 1.2350 121.0165 2.6157 -2.4098 2.8309 148.8036 2.4271 79.7512 2.4097 146.6231 2.8804 -7.5262 0.9582 55.6120 2.4829 145.0944 2.4914 -5.2436 4.6131
654 -9.6431 1.3629 122.7783 2.6302 -1.9676 2.4388 150.7032 1.9279 79.5100 2.4514 144.5168 2.6857 -7.3959 1.8148 53.5457 2.5959 142.7200 2.5872 -5.0901 3.7963
655 -10.0315 1.4945 124.9149 2.6501 -1.9170 1.9110 152.5821 1.9418 79.1876 2.5216 141.9369 2.5820 -7.0746 2.3998 51.5854 2.4223 140.6917 2.6103 -5.3774 3.6010
656 -10.3964 1.8332 127.1965 2.7421 -2.2209 1.2329 154.8360 1.9617 79.3272 2.5670 139.4016 2.4037 -6.5104 2.6363 49.3042 2.5945 138.3483 2.4785 -5.5102 3.2048
657 -10.7383 2.3302 129.3788 2.4319 -2.3352 0.8375 157.1165 2.0375 79.6078 2.4748 137.0453 2.3420 -6.1408 2.6637 47.2964 2.4925 135.9689 2.6927 -5.7908 2.6211
658 -10.7279 2.5779 131.1805 2.4095 -3.3016 0.6989 158.6423 1.9043 79.9412 2.5392 135.0900 2.2625 -5.6053 2.8089 45.3237 2.5738 133.8842 2.4365 -5.8031 2.1696
659 -10.8177 2.1873 133.7586 2.6131 -4.4715 0.7539 159.8972 1.7974 80.6453 2.5362 132.3694 2.6021 -5.2277 2.6666 43.9406 2.5415 132.5788 2.6964 -6.1106 1.9293
660 -10.4756 2.2545 136.1527 2.5210 -5.0508 0.6689 160.9781 2.0120 82.1465 2.5461 129.6671 2.3976 -4.7426 3.1045 43.4035 2.4341 131.3062 2.6296 -6.4881 1.4497
661 -9.8595 1.9749 138.5049 2.3511 -5.9731 0.8812 161.8771 2.0542 83.5236 2.4036 127.3457 2.5138 -4.6895 3.0319 42.4318 2.5122 129.7205 2.4761 -6.6520 1.0978
662 -9.4237 2.1884 140.6206 2.3709 -6.5820 0.8948 162.4146 2.4390 85.5594 2.3897 125.3029 2.5848 -4.8139 3.3134 41.9850 2.5139 128.6455 2.5325 -6.9183 0.9744
663 -8.6928 1.7480 142.7445 2.3146 -7.1384 1.3449 162.7261 2.6845 87.2867 2.5700 122.8757 2.5986 -5.1045 3.8179 42.0886 2.5088 128.0437 2.4751 -7.1460 0.8959
664 -8.0867 1.4685 144.6742 2.3313 -7.4291 1.8384 162.6731 2.4649 89.6470 2.5615 120.5747 2.3880 -5.5923 4.3168 41.9202 2.4750 127.7522 2.4825 -7.6004 0.5233
665 -7.5495 0.9681 146.7332 2.3538 -7.6541 2.1085 162.4875 2.4168 92.4273 2.5208 118.7780 2.4698 -6.1171 4.6007 42.4072 2.4237 127.3269 2.5236 -8.1626 0.1581
666 -6.9095 0.9393 148.1787 2.5665 -7.4983 2.2949 161.9025 2.6258 94.3289 2.4689 117.4452 2.4816 -6.5190 5.0279 43.0191 2.4452 127.5115 2.5645 -8.7527 -0.3963
667 -5.8354 0.7800 149.2538 2.5045 -7.4331 2.7731 161.1704 2.9270 96.2321 2.5882 116.4009 2.3829 -6.8867 5.3155 43.9014 2.5078 128.1378 2.5619 -8.5778 -0.5312
668 -4.6323 0.9285 150.0802 2.5335 -7.5137 3.3216 160.4736 3.1323 97.9950 2.4244 115.2822 2.3680 -6.4855 5.1665 44.8809 2.4626 128.8813 2.4583 -9.1020 -0.5354
669 -3.4177 1.0222 150.6407 2.5519 -7.2035 3.6396 159.4403 3.4485 100.0259 2.4881 115.0848 2.4831 -6.2626 5.3438 46.1588 2.5220 130.1670 2.5603 -9.2225 -0.2969
670 -2.0146 0.9004 150.6193 2.5545 -6.3905 3.7981 157.6927 3.2589 100.7252 2.6898 115.3075 2.4779 -6.2463 5.6218 47.7120 2.4901 131.2084 2.3794 -9.0290 0.0021
671 -0.7931 0.9685 150.4356 2.5438 -6.3069 3.8041 155.9206 3.2058 101.8368 2.4955 115.2364 2.4598 -6.5226 5.5895 49.4838 2.6613 132.2220 2.5799 -8.8090 0.1928
672 0.9434 0.9716 150.1078 2.5931 -6.1176 3.7753 153.8171 3.2761 102.6148 2.3382 115.3601 2.4933 -6.9725 5.2527 51.6906 2.9032 133.2738 2.5802 -8.0979 0.4111
673 2.8805 1.2486 149.1297 2.6870 -5.7810 3.4216 151.4043 3.1217 103.2307 2.4288 116.0545 2.5274 -7.2189 5.1231 54.2584 2.5971 134.0626 2.5677 -7.5097 0.9974
674 4.3730 1.3264 148.1004 2.4141 -6.0031 3.3240 149.5352 2.8407 103.3222 2.6034 117.0536 2.5153 -7.3017 5.0712 56.6357 2.7573 135.0580 2.5591 -6.2588 1.2555
675 6.2327 1.9312 147.0094 2.4140 -6.3161 2.6940 147.4311 2.7029 103.3797 2.5272 118.0011 2.4184 -7.5191 5.1902 58.8947 2.4565 135.5612 2.4898 -5.1496 1.3376
676 7.7307 2.4779 145.7460 2.4699 -6.2361 2.2450 145.3574 2.3434 102.8859 2.5467 118.9104 2.5210 -7.3892 5.4319 61.3254 2.4259 135.8100 2.5221 -3.9694 1.2328
677 9.9738 2.4101 143.9514 2.3245 -6.4388 1.9977 143.0761 2.4910 102.5554 2.4497 119.7414 2.4848 -7.4665 5.2104 63.4888 2.5919 135.9763 2.5063 -2.3253 0.8423
678 12.1494 2.5778 141.9812 2.4355 -6.4360 1.3778 140.8365 2.5448 101.6139 2.3678 120.3705 2.4417 -7.4565 5.0039 65.8834 2.3792 136.1003 2.5725 -0.3814 0.8233
679 14.5332 2.4999 140.1908 2.5387 -6.4047 0.7257 138.2297 2.5146 100.6205 2.5631 121.4293 2.4930 -7.4144 4.7279 68.0798 2.5834 135.6176 2.5655 1.0224 1.0379
680 16.6808 2.4988 137.6895 2.4483 -6.2608 0.5939 136.2734 2.4720 99.6581 2.5832 122.4206 2.4842 -7.4885 3.7983 70.0415 2.5646 134.8459 2.5178 1.9669 1.5323
681 18.9162 2.6548 135.6279 2.6273 -6.9515 -0.0240 133.7553 2.3365 98.3045 2.4726 122.8879 2.4551 -8.0884 2.8975 71.8592 2.5494 133.9357 2.5929 2.8644 1.7853
682 20.8855 2.4684 133.4430 2.4198 -7.3348 0.1556 131.8864 2.4825 95.8315 2.4266 122.6528 2.4360 -7.8801 2.1838 74.0629 2.4427 132.8189 2.4965 3.9154 2.1250
683 23.0316 2.4218 131.3964 2.4153 -7.4628 0.2117 130.5366 2.6007 93.6133 2.6507 122.2990 2.4847 -7.7694 2.0835 76.3125 2.4136 131.3056 2.6830 3.9974 2.3868
684 25.2605 2.3958 129.4705 2.4951 -7.5891 0.4805 129.2239 2.6385 91.2986 2.6856 121.9931 2.4773 -8.0975 1.5015 78.7871 2.4065 129.6523 2.5134 4.4704 2.4147
685 27.7641 2.3024 126.7676 2.5865 -7.7954 1.1227 128.0280 2.4538 89.3656 2.6305 121.0270 2.3737 -8.7603 1.0192 80.8766 2.5787 127.6984 2.4788 4.8467 2.2980
686 29.8608 2.3391 123.9726 2.5693 -7.9403 1.8979 126.9131 2.5918 87.2913 2.5351 119.8755 2.4282 -8.8664 0.7866 82.9262 2.5979 125.5657 2.4147 4.2529 2.1193
687 31.8557 2.5166 121.7085 2.4394 -7.5898 2.2938 126.1614 2.3028 85.1468 2.3775 118.8205 2.4366 -9.3712 0.4712 85.4205 2.3465 123.4084 2.5475 3.7798 1.7155
688 33.9762 2.5546 119.4101 2.4489 -7.6939 2.4183 125.6179 2.5150 82.8303 2.5160 117.3266 2.5176 -9.2663 0.3111 87.7327 2.3251 121.2514 2.4829 3.7163 1.3978
689 36.2243 2.3844 117.2558 2.7302 -7.6284 2.4633 125.5986 2.5205 80.3833 2.4211 115.4450 2.5096 -9.5787 -0.1263 89.5399 2.6078 118.9469 2.6125 3.1736 1.0707
690 38.5905 2.6168 115.2681 2.8743 -7.5341 2.6619 125.8201 2.5187 78.2981 2.5076 113.2132 2.4578 -9.5696 -0.0678 91.6019 2.6097 116.6157 2.4677 2.4502 1.0303
691 40.6685 2.5574 112.9339 2.7843 -7.3562 2.9212 125.9456 2.3824 75.9511 2.6236 110.9492 2.5055 -9.3727 -0.3995 93.7887 2.4801 114.7354 2.5825 2.0117 1.0675
692 43.2264 2.4938 110.6942 2.4606 -7.2781 2.8813 126.2945 2.4879 73.6341 2.4213 108.7154 2.7219 -8.8387 -0.4330 96.0097 2.4666 112.4113 2.4517 1.3617 1.0888
693 45.2378 2.5120 108.2052 2.4381 -7.1837 3.1705 126.5915 2.5582 71.3815 2.5820 106.3790 2.7404 -8.7875 -0.7515 98.3535 2.6700 110.1069 2.5652 0.6188 1.2857
694 47.5027 2.5124 105.6890 2.6045 -7.1067 3.3470 126.9035 2.5580 69.2989 2.6613 103.8204 2.5086 -8.5176 -1.1586 100.3883 2.4328 107.6208 2.4693 0.7764 1.4960
695 49.9206 2.7734 103.4368 2.3483 -7.4327 3.4722 127.7608 2.5283 67.1388 2.7976 101.8572 2.3974 -8.4045 -1.3444 102.8648 2.4086 104.8891 2.6771 0.5539 1.4160
696 52.1687 2.7905 101.2402 2.6603 -7.6163 3.9465 128.7081 2.5539 64.5724 2.4015 100.0305 2.2389 -8.3856 -1.2168 104.9845 2.4231 102.5207 2.4621 0.4923 1.4172
697 54.7274 2.6038 99.0275 2.5927 -8.0133 4.1255 129.3306 2.4954 62.7909 2.3863 97.3866 2.4727 -8.8016 -1.1185 106.7641 2.5763 99.9967 2.3342 1.1423 1.2504
698 56.8959 2.4031 96.7476 2.6608 -8.7663 4.0351 129.9449 2.4074 60.0906 2.5150 95.2188 2.3854 -8.8840 -0.7956 109.3480 2.4197 97.6401 2.5770 1.6995 1.4304
699 59.0269 2.7801 94.8180 2.4200 -9.1886 4.3092 129.9368 2.5231 57.7828 2.6932 93.0940 2.5126 -8.5326 -0.4368 111.4357 2.4143 95.4025 2.3951 2.9680 1.4547
700 60.8689 2.5222 92.9372 2.5654 -9.9015 3.9306 130.0612 2.3991 55.4539 2.5127 90.6382 2.5410 -8.1305 0.1825 113.6936 2.4817 93.4870 2.5281 4.2364 1.3544
701 62.5604 2.5341 91.5152 2.4381 -10.4741 4.0266 129.6488 2.5181 52.8976 2.6242 88.3149 2.4375 -7.5924 0.7526 115.9675 2.6492 91.3204 2.6084 6.2638 1.5063
702 64.0757 2.4355 90.9306 2.6278 -10.6743 4.1305 128.5123 2.5425 50.4725 2.6262 86.3578 2.5158 -6.4158 0.8472 118.2823 2.6775 89.1837 2.5385 8.3121 1.7750
703 64.9151 2.6155 89.7128 2.5756 -10.7447 3.9365 127.6783 2.5617 48.2187 2.6215 84.2456 2.3439 -5.8011 1.0331 120.9038 2.5100 86.8036 2.5374 10.2766 2.0043
704 65.6507 2.5095 89.5389 2.4373 -10.5889 3.7841 126.3072 2.5497 46.3374 2.5932 82.0707 2.6358 -4.7578 0.9034 123.0013 2.3864 84.7574 2.4568 11.9762 2.3010
705 65.8725 2.5553 89.0893 2.4806 -9.8768 3.9366 124.7856 2.8229 43.9858 2.7484 79.8201 2.5575 -3.6061 0.8190 124.7216 2.3005 82.2779 2.4266 13.6135 2.6739
706 66.0896 2.5288 89.0605 2.5028 -9.3336 4.2451 122.9342 2.5956 41.9715 2.4383 77.6942 2.7171 -2.4448 0.8287 126.3592 2.5887 79.9228 2.5659 14.8815 2.5870
707 66.1878 2.5059 89.3996 2.4787 -8.4353 4.4253 120.2500 2.4072 40.0523 2.3525 75.0217 2.5563 -1.1526 0.7919 127.4756 2.4673 78.0728 2.6044 15.7751 2.6456
708 65.8727 2.4778 90.1912 2.4413 -7.5168 4.6851 117.8624 2.4763 37.9039 2.3133 72.4820 2.5092 0.6315 0.8526 128.5962 2.4025 75.5018 2.7178 16.4214 2.5480
709 65.0855 2.4633 90.8890 2.4483 -6.6123 4.9494 115.8922 2.3633 35.3081 2.3182 70.4037 2.4373 2.7794 0.9022 129.1501 2.4369 73.0979 2.6711 16.3834 2.4054
710 63.9773 2.5943 91.9239 2.4335 -5.9614 4.9547 113.5220 2.2311 33.0089 2.4905 68.2412 2.5580 4.5712 0.9966 129.9493 2.5846 70.4665 2.4285 16.6575 2.4526
711 62.6444 2.5773 92.6966 2.5331 -5.2584 4.8947 111.1310 2.5326 30.9179 2.5448 65.8863 2.4482 6.4912 1.4826 130.2362 2.5209 68.1801 2.4621 16.1689 2.3739
712 61.4126 2.5602 94.1015 2.5038 -4.0935 4.8429 108.7578 2.5951 28.5834 2.4795 63.7579 2.6237 8.5640 1.7247 129.9666 2.4721 66.1175 2.4164 15.6991 2.4393
713 59.5648 2.7078 95.1487 2.4431 -3.5312 4.7686 106.9215 2.5823 26.5353 2.4221 61.3812 2.6269 10.9515 1.9264 129.5003 2.3667 63.6414 2.5550 14.9700 2.5286
714 57.3086 2.5842 96.0689 2.4613 -2.6824 4.6085 105.0778 2.4397 24.3584 2.2710 59.6804 2.3842 12.5710 1.8723 128.8143 2.5461 61.3468 2.3986 13.7822 2.6701
715 54.7248 2.5771 96.3499 2.4724 -1.8181 4.3667 102.9934 2.3336 22.2891 2.4358 58.4912 2.5485 15.0030 2.3842 127.9799 2.6231 58.8997 2.4879 12.3382 2.6992
716 52.3543 2.6375 96.6663 2.5510 -1.0676 4.0700 101.7045 2.4796 20.2042 2.6081 57.3474 2.4409 17.3081 2.2314 126.7530 2.6872 56.4785 2.3649 10.8993 2.6109
717 49.7451 2.5423 96.3796 2.5001 -1.0686 3.5899 100.6904 2.6549 17.8200 2.4052 56.6932 2.5035 19.8488 2.3545 125.2156 2.5016 54.2956 2.3337 8.9737 3.0962
718 47.8500 2.5221 95.8988 2.5028 -0.7372 2.8511 100.2026 2.5215 15.2237 2.3383 56.1482 2.5180 21.8160 2.3061 123.1373 2.5180 51.6138 2.4592 7.0414 3.5633
719 45.5590 2.4979 95.4925 2.4764 -0.6471 2.1521 99.5028 2.5285 13.1248 2.3232 56.0648 2.6023 24.3902 2.3909 120.8232 2.4748 49.5027 2.3935 5.0226 3.7424
720 43.3751 2.5162 94.0760 2.6313 -1.0005 1.5034 99.1480 2.5384 11.0319 2.4376 56.2509 2.4723 26.7336 2.4847 118.4140 2.5426 46.9125 2.4529 2.9101 3.9524
721 41.2581 2.4907 92.1304 2.5380 -1.4566 0.9929 99.3604 2.5021 8.7065 2.3834 56.5782 2.4762 28.5820 2.5165 116.1916 2.2961 44.7380 2.3518 1.0112 4.1279
722 38.8687 2.4172 90.6065 2.5221 -2.0756 0.8265 99.4445 2.4914 6.4639 2.0379 57.0752 2.4110 31.0786 2.5260 113.7113 2.5615 42.9589 2.3508 -0.5025 4.6658
723 36.7880 2.5513 88.9591 2.3946 -3.1695 0.6890 100.3992 2.5841 4.8830 1.5765 57.7593 2.3772 33.3836 2.4401 111.3969 2.2258 40.3638 2.2861 -1.7903 5.4518
724 34.4300 2.7020 86.7374 2.1832 -4.1957 0.5545 101.3691 2.4839 3.3186 1.2728 59.2963 2.5083 35.2512 2.4668 108.9812 2.3195 38.2513 2.3820 -2.6609 5.3549
725 32.1998 2.5323 84.3577 2.3364 -4.7725 0.1815 102.5321 2.3760 1.9874 1.1872 60.6856 2.4272 37.8233 2.5596 106.7969 2.6309 35.9570 2.4126 -3.5481 5.4386
726 29.9348 2.3364 82.2384 2.4342 -5.9109 0.1021 104.2590 2.4549 0.7714 1.2535 62.4446 2.5441 40.2387 2.4255 104.7449 2.4245 33.5281 2.3673 -4.2975 5.5039
727 27.7865 2.4054 79.6959 2.4626 -6.7360 0.0102 106.3857 2.4327 -0.7213 1.3429 64.4332 2.4963 42.4892 2.5728 102.4252 2.4692 31.4204 2.5235 -4.3486 5.1174
728 25.3166 2.4586 77.3849 2.5513 -7.9402 -0.6780 108.6269 2.3050 -1.7600 1.6398 66.3890 2.5779 44.6119 2.3893 100.1286 2.4308 28.6940 2.5757 -4.3137 4.9788
729 23.3543 2.3227 75.0469 2.6339 -8.9613 -0.6680 111.2110 2.5156 -2.8253 1.8689 68.6910 2.5443 46.6704 2.3026 97.9774 2.4340 26.2513 2.6948 -4.2657 5.0617
730 21.4372 2.4578 72.7348 2.4582 -9.1925 -0.7423 113.5574 2.4435 -3.4745 2.0244 70.9213 2.4268 49.2211 2.5811 95.3321 2.2648 23.5749 2.6879 -4.0882 5.0314
731 20.1563 2.3621 70.6618 2.5994 -9.1070 -0.6934 116.1337 2.4284 -4.3795 1.6658 73.0658 2.4304 51.1290 2.5307 92.7575 2.4181 21.4230 2.6744 -3.8346 4.8319
732 18.7267 2.5578 68.6402 2.6752 -8.8361 -0.5431 118.4243 2.4755 -4.5994 1.2654 75.2565 2.3950 53.1965 2.3778 90.4645 2.2303 19.5458 2.3935 -3.7847 4.3773
733 17.6867 2.6706 67.0608 2.4815 -8.4277 -0.4682 120.4645 2.6027 -5.2708 0.9552 77.5282 2.2521 55.8556 2.4207 88.0432 2.5955 17.8299 2.4629 -3.6974 3.9609
734 17.2903 2.5350 65.5993 2.4767 -7.9174 -0.3666 122.9453 2.6820 -5.5374 0.6243 79.4413 2.3783 58.1329 2.5095 85.8812 2.5173 15.7611 2.4747 -3.6472 3.7621
735 17.3259 2.5295 64.4794 2.5591 -7.9422 -0.7702 125.2848 2.4793 -6.0142 0.7130 81.7767 2.4339 60.4210 2.3304 83.5406 2.4048 14.1332 2.4557 -3.6031 3.3996
736 17.4556 2.5190 63.5988 2.5208 -7.7724 -0.6786 127.0508 2.5568 -6.0890 0.6714 84.1047 2.3992 62.7972 2.2755 81.3149 2.4968 13.0620 2.3784 -3.6531 3.0327
737 17.9297 2.5688 62.8941 2.4495 -7.3615 -1.0339 129.2629 2.5464 -6.4783 0.8369 86.5176 2.6500 65.5038 2.3510 78.8447 2.5272 12.1371 2.5404 -3.9994 2.5087
738 18.9669 2.5824 62.7960 2.5388 -7.0003 -1.1389 131.5252 2.3437 -7.0631 0.9898 88.5533 2.5255 67.8981 2.5924 76.6204 2.7248 11.5442 2.3822 -4.5345 1.7765
739 20.2737 2.5886 62.9375 2.5268 -7.0215 -1.0082 134.0691 2.4665 -7.6517 1.0741 90.8344 2.5683 69.8691 2.7646 74.4811 2.5344 11.5682 2.5175 -4.6882 1.2642
740 21.7237 2.6143 63.8010 2.4843 -6.8526 -0.8810 136.0658 2.6409 -7.9535 1.2579 92.8116 2.5150 72.4447 2.7000 72.3895 2.5675 11.3916 2.5241 -4.7563 0.8744
741 23.1415 2.5389 64.7926 2.5309 -7.6276 -0.7350 138.3622 2.6675 -8.5720 1.0639 95.0658 2.4158 74.9404 2.4029 70.2201 2.7344 11.9800 2.5506 -5.1344 0.2510
742 24.8269 2.4567 65.7445 2.3480 -7.9366 -0.4844 140.9071 2.4771 -8.7039 0.8609 97.3901 2.5003 77.4647 2.6748 68.4522 2.5623 12.6537 2.4236 -5.8138 -0.1015
743 26.7084 2.4820 66.7731 2.4619 -8.3977 -0.0886 143.5633 2.3607 -9.2559 0.5508 99.2521 2.7576 79.6968 2.6830 65.9677 2.6496 13.6512 2.4748 -6.3888 -0.0784
744 28.7017 2.5485 68.5739 2.4116 -8.3741 0.7476 145.9304 2.5965 -9.1293 0.0594 101.5449 2.4790 82.1166 2.5659 63.5311 2.6915 14.9267 2.6185 -6.7524 -0.0994
745 31.4640 2.2731 70.7359 2.5424 -8.2030 1.2704 147.6511 2.6016 -8.7908 -0.1932 103.9898 2.4454 84.2828 2.4947 61.3235 2.6090 16.2226 2.5311 -6.7405 -0.2763
746 33.8754 2.2028 72.8313 2.5626 -8.1699 1.9824 149.3608 2.6045 -8.8666 -0.3993 106.2755 2.5269 86.3629 2.7163 59.3285 2.6538 17.1504 2.5415 -7.1085 -0.3054
747 36.2841 2.1098 75.3094 2.3557 -8.3809 2.5275 150.8984 2.6289 -8.5474 -0.5728 108.5437 2.5302 88.8115 2.4474 57.2033 2.5892 17.6418 2.5536 -7.4104 -0.2565
748 38.5450 2.3180 77.3226 2.3967 -8.6183 2.9458 152.4610 2.3867 -8.5917 -0.0718 110.9305 2.7400 91.1662 2.3300 54.9649 2.3602 18.5516 2.4439 -7.8787 -0.5646
749 41.1845 2.4002 79.1630 2.5534 -9.1457 3.1125 153.0442 2.4566 -8.5882 0.3542 113.2252 2.5888 93.0040 2.5016 52.2162 2.6398 18.9917 2.4595 -7.7226 -0.9925
750 43.4361 2.3706 80.7427 2.5789 -9.3458 3.7084 153.6444 2.5857 -8.2981 0.5695 114.9740 2.6859 95.2941 2.4766 49.9798 2.7042 19.1084 2.5974 -7.1914 -0.6228
751 45.3600 2.3965 81.9386 2.3873 -9.7069 3.8499 154.0446 2.3722 -8.1115 0.6826 117.3649 2.4084 97.6576 2.4594 47.5673 2.5508 18.8175 2.5208 -7.3286 -0.3905
752 47.6035 2.4120 83.0018 2.5278 -10.0666 4.1039 154.1652 2.4134 -8.0332 0.7763 119.3410 2.3729 99.8497 2.5934 44.9754 2.4913 18.2363 2.6008 -7.3108 -0.1195
753 50.0246 2.4949 83.9012 2.5278 -10.3656 4.3047 153.6877 2.5478 -7.7266 1.0974 121.3031 2.4288 102.3240 2.3931 43.0998 2.3807 17.3442 2.6431 -7.4696 0.2872
754 52.1609 2.5627 84.0863 2.5496 -10.1757 4.4406 152.9673 2.5095 -7.7080 1.5087 123.2047 2.4215 104.5537 2.4445 40.6903 2.4098 16.1190 2.5581 -7.4058 0.2977
755 54.2644 2.4993 84.5113 2.4792 -9.9442 3.7435 152.0354 2.5555 -7.6355 1.2717 125.5862 2.7336 107.0768 2.3301 38.2755 2.3672 15.0073 2.5494 -7.8249 0.5648
756 56.6452 2.6736 84.4834 2.4849 -9.7812 3.4737 150.9385 2.6190 -7.5206 1.5928 128.0000 2.4146 109.7234 2.4305 35.8546 2.4460 13.2696 2.5902 -8.2684 1.1582
757 58.9255 2.6574 84.4798 2.4366 -9.0530 3.5159 149.5558 2.4524 -7.2480 1.8098 129.9206 2.2779 111.4969 2.3912 33.9248 2.5571 11.8213 2.7661 -8.3772 1.5628
758 60.8416 2.5227 84.0798 2.6168 -8.6865 3.1775 147.8361 2.3657 -7.2291 1.9234 131.8951 2.3476 114.0154 2.3923 31.8744 2.5748 9.5736 2.8167 -9.0032 1.8690
759 63.2063 2.5531 83.4127 2.5364 -8.5879 2.8549 146.0098 2.4338 -7.5481 2.2939 133.5372 2.5245 116.2904 2.5219 30.6061 2.6214 7.3233 3.0988 -9.4163 1.8968
760 65.1702 2.4421 82.4047 2.6442 -8.1013 2.5463 143.9157 2.5693 -7.9570 2.9168 134.7521 2.4398 118.5269 2.3335 29.6040 2.5020 4.9075 3.3090 -9.7033 1.7632
761 67.3789 2.3357 81.0379 2.5619 -7.9927 2.3234 141.4652 2.4967 -8.4698 3.0960 135.7747 2.4902 120.8268 2.7968 28.6302 2.5856 2.6205 3.2356 -9.8152 2.1250
762 69.8394 2.4470 79.2052 2.3795 -7.7299 2.2589 139.4508 2.5377 -8.8377 2.8685 136.1293 2.4146 122.8943 2.4116 28.3750 2.4656 0.7707 3.3532 -9.6446 2.1322
763 72.1371 2.4042 77.2650 2.4954 -7.3450 2.5482 137.1474 2.6064 -9.5625 2.6638 136.0595 2.4555 125.0759 2.5065 28.0040 2.4992 -0.6770 3.8075 -9.6229 2.8760
764 74.7575 2.3569 74.6911 2.4001 -7.2790 2.5834 134.7483 2.3645 -9.5918 1.9519 135.7052 2.5400 127.1074 2.6266 28.0470 2.5902 -1.7063 3.8631 -9.9119 2.9245
765 76.6935 2.4377 72.6529 2.2164 -7.2965 2.4504 132.6612 2.4460 -9.6384 1.8635 134.8324 2.4951 129.6029 2.5779 28.4053 2.5147 -2.8650 3.7292 -10.2172 3.5455
766 78.6569 2.3051 70.2362 2.3975 -7.1521 2.3255 130.3647 2.3192 -9.6050 1.5412 134.0310 2.5867 131.8644 2.5292 28.8412 2.5833 -3.8021 3.2267 -10.0162 3.9062
767 80.6905 2.3678 68.2008 2.4913 -7.0649 1.9353 128.2863 2.4939 -9.7534 1.0014 133.2392 2.5341 134.1780 2.4681 30.2027 2.6053 -4.5384 2.8758 -9.5170 4.6805
768 83.1302 2.4623 65.9317 2.3460 -7.0014 2.0421 125.5175 2.6420 -9.8010 0.8138 131.7700 2.5649 136.5778 2.4670 31.8718 2.7519 -5.3621 2.3442 -9.0746 5.1957
769 85.3253 2.2986 63.3259 2.5227 -6.3989 2.2953 123.2479 2.6461 -9.8526 1.0739 130.5043 2.4562 138.9585 2.6492 33.0722 2.6448 -6.0466 1.8425 -8.6626 5.4909
770 87.7160 2.3684 61.0502 2.6789 -5.8638 2.1649 121.0636 2.4027 -9.5979 1.5888 128.8309 2.6774 141.3138 2.5890 35.3230 2.3833 -6.7403 2.0895 -8.2910 5.4878
771 89.9199 2.4585 58.9026 2.5245 -5.8902 2.5980 119.0008 2.3514 -8.9802 1.9671 126.8433 2.6834 143.5825 2.6647 37.8018 2.4859 -7.4777 2.0009 -7.9964 5.5020
772 92.1818 2.5138 56.6276 2.5366 -5.3256 2.7894 116.6345 2.4263 -8.4856 2.1873 124.6926 2.6673 145.4581 2.5664 40.1564 2.4647 -8.0976 1.8651 -7.8302 5.0450
773 94.4178 2.5645 54.3609 2.6753 -5.7664 3.1263 114.4961 2.4489 -8.4968 2.7226 122.5071 2.5363 147.3125 2.5036 42.4582 2.3376 -8.6238 1.5918 -7.3717 4.8709
774 96.2922 2.5106 51.8993 2.5946 -6.0336 3.4270 112.3400 2.5481 -8.1828 3.2355 120.6078 2.5914 149.9126 2.2400 44.3075 2.4738 -9.0527 1.7596 -6.9251 4.5733
775 97.6254 2.5079 49.5125 2.5369 -6.3756 3.3293 109.8553 2.3616 -7.5849 3.0927 118.4435 2.5695 151.8064 1.8270 46.2790 2.4398 -8.9469 1.7732 -6.2464 3.7762
776 98.7715 2.4180 47.0858 2.5757 -6.5885 3.2759 107.7715 2.5385 -7.3375 3.1964 115.8998 2.6276 153.8180 1.4819 48.8338 2.4381 -8.8295 1.9870 -5.6500 3.6241
777 100.2164 2.5075 44.8506 2.4153 -7.0391 3.0018 105.9579 2.5498 -6.6660 3.4005 113.6087 2.2880 156.0322 1.2319 50.7889 2.3502 -8.5889 2.5909 -4.8368 3.3018
778 100.9305 2.3814 42.3815 2.4525 -7.1809 2.6233 104.0416 2.5585 -5.9676 3.3824 111.3491 2.3623 157.6607 0.9897 53.1601 2.4481 -8.2858 2.7863 -3.9548 3.3262
779 101.7488 2.5176 40.1930 2.4823 -7.0280 1.9294 101.7982 2.5044 -4.8543 3.3844 109.2851 2.6030 159.2680 0.7900 55.3443 2.4670 -7.9871 2.7404 -3.7680 3.7368
780 102.0487 2.5115 37.9369 2.3883 -6.8607 1.4988 99.1799 2.3200 -3.9147 3.6360 107.1619 2.3508 160.7373 0.7632 57.6338 2.3847 -7.3199 3.2940 -3.6414 4.3159
781 102.2409 2.5611 35.6772 2.4306 -6.5889 1.1331 96.6991 2.4572 -2.6856 3.8310 104.9697 2.4652 162.4744 1.1159 59.9899 2.3617 -7.1747 3.4205 -3.6576 4.7186
782 101.9225 2.5062 33.7301 2.5574 -5.9077 1.1463 94.6458 2.5581 -1.7306 3.9183 102.6206 2.5608 163.9897 0.9672 61.9249 2.5031 -7.3336 3.9662 -3.8897 4.7689
783 101.1388 2.4698 31.5413 2.6187 -6.0594 1.2867 92.8211 2.5773 -0.9096 3.8695 100.5572 2.5322 165.1054 1.4301 64.2823 2.4162 -7.2202 4.7228 -4.3986 4.4905
784 100.2625 2.4588 29.2015 2.5878 -5.9670 1.6798 90.1529 2.4930 -0.3646 3.5212 99.1142 2.6197 166.4278 1.7093 66.7935 2.5579 -6.9593 5.0351 -4.8046 4.2172
785 98.8486 2.5298 27.0100 2.3842 -4.9558 1.6813 87.9184 2.3518 -0.0839 3.1585 97.5778 2.5447 167.2143 1.9147 68.8643 2.6596 -6.7024 5.3391 -4.9724 4.1403
786 97.3760 2.4975 24.0541 2.5153 -4.6821 2.0494 85.8416 2.3343 -0.2530 2.6660 95.9702 2.3657 167.4272 2.5428 71.2282 2.4899 -6.3435 5.6034 -5.3761 4.3754
787 95.6660 2.5735 22.0306 2.5977 -4.1050 2.0350 83.5841 2.5220 -0.4293 2.1437 95.0358 2.4369 167.7690 2.8649 73.4285 2.3668 -6.0492 5.5996 -5.4724 4.5098
788 93.2557 2.5734 19.9926 2.4697 -3.3974 1.9548 81.2751 2.6453 -0.7840 1.7209 94.9124 2.4411 168.2068 3.3468 75.6608 2.5985 -6.0531 5.3599 -6.2096 4.1349
789 90.9645 2.3573 17.6549 2.4549 -2.6225 1.9397 78.7725 2.5767 -1.2964 1.4934 94.5379 2.4672 168.9932 3.9536 77.8710 2.5426 -6.2154 4.5180 -7.0505 4.0720
790 88.4573 2.6525 15.4451 2.4057 -1.1090 1.7070 76.3115 2.4728 -2.4652 1.5987 94.8980 2.5274 168.8433 4.4671 80.0703 2.3565 -6.8562 4.3749 -8.0140 3.8993
791 86.2902 2.3511 13.3593 2.6191 0.5138 1.8647 74.2451 2.5414 -3.0671 2.1067 95.3834 2.4381 169.4377 4.8954 82.2098 2.6326 -7.4285 4.0279 -8.5080 3.5069
792 84.0118 2.2649 11.2768 2.9257 1.6822 2.0194 72.0544 2.4327 -3.9677 2.4782 95.4311 2.4997 169.8094 4.5405 84.7186 2.5670 -7.9059 3.8673 -8.9928 3.2747
793 82.2224 2.2834 9.4960 3.0863 3.5076 1.8385 69.5722 2.4105 -4.9627 2.7561 96.1102 2.4431 170.0217 4.5353 86.6336 2.4728 -8.0519 3.9359 -9.3408 2.9560
794 80.3168 2.5210 7.2189 3.6031 5.4922 2.0905 67.1671 2.4410 -6.0452 2.6423 97.4633 2.4802 170.4108 4.5504 89.1786 2.5432 -8.0678 4.4492 -9.6196 2.2279
795 78.1382 2.4798 4.7795 3.8362 7.0003 2.2866 64.7691 2.3370 -7.0784 2.5885 98.7667 2.5299 170.3492 4.3164 91.3833 2.5142 -8.6170 4.4227 -9.3044 1.5291
796 75.8276 2.6986 2.5805 3.9480 8.7652 2.3776 62.3743 2.5521 -8.3158 2.3689 100.5484 2.4484 169.9893 4.0978 93.4041 2.5875 -8.9734 4.7947 -8.7389 0.8662
797 73.6539 2.5468 0.6150 4.0976 10.4927 2.8374 60.3009 2.5377 -9.2927 2.1828 102.1268 2.5717 169.4790 3.6467 95.6835 2.7138 -9.4451 4.7951 -8.1097 0.4521
798 72.0165 2.5531 -1.0416 3.9635 12.7494 2.8154 58.0481 2.5704 -9.7037 2.1167 103.9133 2.5672 169.0833 3.1147 97.9451 2.7151 -9.6989 4.6793 -7.5785 -0.1060
799 70.6770 2.4055 -2.9165 3.9114 15.0976 2.6486 55.6967 2.5652 -9.8237 2.0453 105.0018 2.5514 168.6512 2.7729 100.2803 2.5578 -10.1250 4.5288 -7.2350 -0.5696
800 69.3873 2.5348 -4.3307 4.1795 17.3658 2.3686 53.3451 2.5692 -9.9465 1.8179 106.0248 2.5773 168.3390 2.5511 102.3462 2.8752 -10.4369 4.4466 -7.0483 -1.0392
801 68.4014 2.3100 -5.4858 4.1091 19.8140 2.3994 51.0503 2.4392 -9.8745 1.3068 106.4664 2.5107 167.9883 2.2844 104.4477 2.7756 -10.5356 4.3458 -7.0808 -1.0718
802 67.7160 2.4793 -5.8944 4.1280 21.7688 2.3640 49.0729 2.4728 -9.8076 1.2692 106.9837 2.6345 167.6143 1.5278 106.8247 2.6286 -10.5481 4.3436 -7.1418 -1.0364
803 67.5493 2.4331 -5.9014 3.8900 24.0896 2.4160 46.7010 2.4050 -9.5748 1.4433 107.2649 2.4647 167.0952 1.0423 109.4806 2.5441 -10.5392 4.1978 -7.0243 -1.1049
804 67.4011 2.4584 -5.9270 3.9452 26.3847 2.4890 44.5834 2.6680 -8.9205 1.6332 107.4734 2.4262 166.4879 0.7371 111.8919 2.4727 -10.4852 4.1731 -7.6653 -0.7644
805 67.7850 2.5394 -6.5389 4.0265 28.4414 2.4970 42.0551 2.4179 -8.3821 1.9040 107.1319 2.3825 165.8928 0.3042 114.3420 2.6237 -10.3808 4.6025 -7.7975 0.1632
806 67.7924 2.4328 -7.2319 3.8248 31.0247 2.5374 39.7037 2.3568 -7.7723 1.9559 106.3431 2.5228 165.8945 0.2864 116.7048 2.5789 -9.9994 4.7984 -7.8893 0.1545
807 68.5268 2.4160 -7.7787 3.4635 33.2387 2.4463 37.2583 2.5876 -7.0031 2.0179 105.1835 2.4438 165.7816 0.5113 119.0284 2.4855 -9.6202 4.6657 -7.9395 1.0171
808 69.6587 2.2265 -7.4249 3.0284 35.2154 2.5209 35.3108 2.4179 -6.1775 1.7810 103.8958 2.4019 165.6450 0.2913 121.3247 2.4700 -9.4119 4.6913 -7.8470 1.8456
809 71.2902 2.3820 -7.2723 2.4332 36.6472 2.5737 32.8536 2.8351 -4.3606 1.5389 102.8801 2.4209 165.2829 0.7354 124.0488 2.4131 -9.1846 4.5127 -7.7679 2.4735
810 72.9148 2.4490 -6.7692 1.9266 38.0475 2.5455 30.4323 2.6145 -2.8612 1.5859 101.1217 2.4709 164.9561 1.2524 126.1859 2.1715 -8.6863 3.8678 -7.7795 2.8475
811 75.1272 2.3558 -6.1287 1.9722 39.7722 2.4561 28.3963 2.4528 -1.7242 1.9717 99.0325 2.4422 164.8122 1.7247 128.5957 2.4896 -8.5480 3.0218 -7.6845 2.9233
812 77.2535 2.4836 -6.0520 2.1685 40.7957 2.4617 25.8367 2.3682 -0.2275 1.9862 96.8308 2.4661 164.7263 2.3051 131.0460 2.3725 -8.5704 2.3242 -7.8331 2.6026
813 79.5637 2.4601 -5.9380 2.2973 41.5051 2.4615 23.5236 2.3900 1.3648 2.1973 94.7456 2.5920 164.5404 2.8235 133.0731 2.6368 -9.1429 1.8321 -7.9112 2.7795
814 82.2281 2.6814 -5.8578 2.4416 41.9431 2.5314 21.4050 2.5038 2.9805 2.3759 92.3916 2.3067 164.7411 2.9481 135.3563 2.4679 -9.2343 1.2507 -8.0430 3.0708
815 84.0036 2.4780 -6.0157 2.6239 42.2208 2.4847 18.9550 2.4882 4.2101 2.4974 90.2844 2.3117 164.8114 3.0405 137.3835 2.6066 -9.4524 0.8445 -7.6917 3.4519
816 86.3712 2.5778 -6.1792 2.3824 42.0954 2.4811 17.0725 2.4470 5.9277 2.7222 88.1042 2.6180 164.7973 2.9192 139.5354 2.5102 -9.2001 0.5402 -7.3520 3.9614
817 87.9101 2.4806 -6.1258 2.6880 40.9543 2.4533 14.7656 2.5614 8.0600 2.6959 85.9161 2.5301 164.9125 3.2386 141.4028 2.4026 -9.2244 0.8579 -7.0894 4.1639
818 89.6893 2.6189 -6.4857 2.2854 40.7249 2.3623 12.4238 2.7451 9.6711 2.6045 83.5471 2.2909 165.0571 3.4275 143.5021 2.6668 -9.5608 1.3350 -6.6098 4.1447
819 90.9604 2.5868 -6.5255 2.0064 39.8237 2.4090 10.3608 2.7500 12.0006 2.4611 81.1888 2.4895 164.9034 3.2832 146.2056 2.5774 -9.3072 1.6398 -6.1133 3.9709
820 91.9561 2.6163 -6.3828 2.1575 39.1051 2.5880 8.8370 3.2746 14.5033 2.4681 79.2943 2.6804 164.7660 3.3140 148.6269 2.5881 -9.3759 2.1643 -5.4423 4.0635
821 92.6911 2.4150 -6.0998 2.5427 37.9988 2.3797 6.8567 3.6964 16.5855 2.5447 77.7259 2.6887 165.1644 3.2585 150.6526 2.7717 -9.0143 2.2285 -4.8932 3.7579
822 92.9530 2.4804 -6.3054 2.8140 37.0565 2.5544 4.7130 3.8115 18.7876 2.5136 76.1113 2.5054 164.9218 2.9498 152.7117 3.3465 -8.4980 2.4347 -4.0758 3.2719
823 92.5674 2.5839 -6.0348 2.7352 36.1802 2.3464 2.9160 3.8202 21.3865 2.5806 75.1516 2.4754 164.9007 2.4572 155.2902 3.4112 -8.2989 2.5875 -3.4923 3.2289
824 92.1119 2.5258 -5.7833 2.6752 35.6101 2.5265 1.3084 3.7039 23.3309 2.5086 73.8442 2.5423 165.4750 2.3227 157.7251 3.4678 -7.9767 2.7292 -2.9189 3.0317
825 91.1321 2.5236 -5.5901 3.1547 34.9984 2.5787 0.1785 3.4540 25.4899 2.5679 73.4708 2.3944 165.7129 2.3600 159.5395 3.5009 -7.3959 3.0250 -2.3585 2.9267
826 89.7533 2.4729 -5.0755 3.0798 34.8404 2.5147 -0.8651 3.2864 27.2781 2.5426 73.1705 2.4554 166.2063 2.4846 161.4642 3.2597 -7.2732 3.2067 -1.2210 2.9432
827 88.4873 2.6177 -5.0630 3.3131 35.2375 2.4570 -1.6822 3.4429 28.7941 2.4568 72.9860 2.5298 166.4463 2.4924 163.4125 3.3031 -7.0416 3.4530 -0.2408 2.8126
828 86.8163 2.6500 -4.7360 3.3743 36.1446 2.4574 -2.4098 3.3498 29.9817 2.3925 73.1225 2.5373 167.4807 2.4579 164.9530 3.4488 -6.6567 3.6307 1.1874 2.8021
829 85.0640 2.6757 -4.8959 3.9287 37.0246 2.6128 -3.1699 3.5888 30.6156 2.4211 73.3836 2.5503 167.5919 2.2216 166.3331 3.7781 -6.1918 3.2226 2.7206 2.6050
830 83.1487 2.5327 -4.9856 4.1672 38.3752 2.3031 -3.5954 3.7332 31.2229 2.5744 73.5845 2.6059 168.1098 2.0928 166.9810 3.8169 -5.9370 2.7082 5.1232 2.4726
831 80.9828 2.2630 -5.4726 4.7969 40.0434 2.4246 -4.6298 3.9202 32.1490 2.5285 74.7015 2.5854 168.7352 2.0864 167.4048 3.8272 -5.9936 2.3181 7.6741 2.6282
832 79.2033 2.5151 -5.8768 5.1068 41.7066 2.3842 -5.0004 4.2248 32.7637 2.4437 75.7630 2.7357 169.0887 1.9069 168.5517 4.5132 -6.1274 1.9706 9.6082 2.5797
833 77.8807 2.5195 -5.8935 5.2192 42.8118 2.5158 -5.5837 3.6459 32.5926 2.4053 76.9765 2.5499 168.9848 2.1188 169.0992 4.7047 -6.3592 1.8978 12.0750 2.5153
834 76.7061 2.5919 -5.7279 5.0558 44.4560 2.5144 -6.0462 3.4792 32.0196 2.5066 77.8538 2.6084 169.1543 2.5565 169.3152 4.9375 -6.4388 1.8810 14.4884 2.6245
835 75.5579 2.4784 -5.4374 5.2794 45.3900 2.5923 -6.1943 2.8662 31.4343 2.4165 78.7152 2.4299 168.9553 2.8867 169.5323 4.9403 -6.0779 1.3801 16.8368 2.4543
836 75.0508 2.5870 -5.5178 5.1830 46.1048 2.5057 -5.9447 2.8154 30.3957 2.4190 79.1285 2.3739 168.9037 2.8725 169.3259 4.9505 -6.5157 0.7969 19.0382 2.4215
837 74.4516 2.4372 -5.0276 5.3551 46.4877 2.5127 -5.8703 3.0578 29.1035 2.5034 80.1527 2.4429 168.8369 2.9517 169.1448 4.7053 -6.9919 0.2543 21.5877 2.3522
838 74.5064 2.4782 -5.0458 5.9036 46.2946 2.5526 -5.2068 3.3914 27.3076 2.4209 80.4962 2.4793 168.1106 3.5035 168.7089 4.5300 -7.0505 -0.4060 23.7453 2.3919
839 74.7439 2.4781 -5.1256 5.5556 45.9157 2.5147 -5.0132 3.7467 24.9300 2.3058 80.4257 2.4732 167.3732 3.7866 168.3744 3.7739 -7.1075 -0.8821 25.5634 2.5019
840 75.0500 2.3785 -5.1157 5.5470 45.4861 2.5681 -5.2626 3.8624 22.7711 2.5946 80.3428 2.4918 166.1410 3.8712 168.2101 3.7453 -7.2938 -0.7989 27.6018 2.5036
841 75.8563 2.4755 -5.7846 5.4359 45.4147 2.6611 -5.7181 4.3167 20.3634 2.5561 79.8774 2.4950 164.5633 3.6564 168.0354 3.1923 -7.1081 -0.3259 29.9748 2.3592
842 76.9248 2.4378 -6.5096 4.8170 44.5456 2.5233 -6.5498 4.8214 18.0451 2.3299 78.8377 2.4667 163.2426 3.8238 167.8119 2.7848 -6.7634 -0.0101 32.4108 2.6948
843 78.4720 2.4773 -7.1658 4.3108 43.6053 2.3569 -6.8841 4.7574 16.1943 2.2795 77.9517 2.5008 161.9183 3.9165 167.6052 2.6520 -6.5697 0.4022 35.1599 2.8373
844 80.1457 2.4763 -7.7506 4.2729 41.7256 2.4451 -7.2792 4.5945 14.0521 2.4718 76.2759 2.5066 160.8796 3.8172 167.3197 2.7061 -5.8828 0.9236 37.1811 2.4955
845 82.0088 2.4911 -8.2739 3.9817 39.8755 2.5104 -7.3661 4.1424 11.4021 2.6077 74.3320 2.4943 159.4357 3.4812 167.1325 2.6023 -4.8004 1.3289 39.5638 2.3579
846 84.0505 2.6865 -8.4916 3.7549 37.2043 2.7301 -7.5702 4.1010 9.2600 2.2318 72.2853 2.4944 158.0996 3.4798 167.1323 2.4809 -3.5832 1.8605 41.4233 2.5160
847 86.2974 2.5372 -8.6154 3.9648 34.7119 2.4136 -8.3082 3.8189 7.1190 2.2708 69.5199 2.5111 157.0553 2.8781 167.0185 2.3613 -2.4248 2.0333 43.4892 2.5599
848 88.6338 2.3035 -8.6218 4.1592 32.5056 2.5424 -8.5878 3.6105 5.0345 1.6462 67.6352 2.4251 156.0971 2.6278 167.2008 2.6303 -1.1503 1.8304 45.6635 2.6703
849 91.2981 2.5091 -8.7819 3.9584 29.8612 2.6787 -8.8836 3.8241 2.6678 1.4623 65.5521 2.4800 154.9525 2.5094 167.1818 2.9060 0.1406 1.9506 47.8280 2.4792
850 93.7435 2.5936 -9.5109 3.8491 27.2440 2.4466 -9.2078 3.9516 0.7067 1.3569 62.7893 2.5497 153.7861 2.4185 167.7864 3.1773 1.7403 1.7783 49.8868 2.3897
851 96.0089 2.2962 -9.9391 3.5411 25.1521 2.5100 -9.5275 4.2135 -0.9012 1.0398 60.5952 2.5267 152.8883 2.5565 168.6476 2.9974 3.7382 1.7600 52.5674 2.5719
852 98.4261 2.3504 -10.0835 2.9851 22.6626 2.5489 -9.5690 4.6692 -2.6237 1.0237 58.4169 2.6187 152.1705 2.4479 168.9489 2.5252 6.0320 1.9646 55.0474 2.4701
853 100.0381 2.4422 -10.3565 2.4291 20.6623 2.5004 -9.8615 4.4839 -4.0965 0.8015 56.1059 2.7254 151.7899 2.5250 169.3218 2.6071 7.7633 2.1144 57.4542 2.5090
854 101.5294 2.5713 -10.6038 2.3398 18.1131 2.5689 -9.2803 4.0589 -5.4249 0.5848 54.0643 2.6393 151.5231 2.5108 169.6544 2.5917 9.8832 2.1699 59.6491 2.4705
855 102.8167 2.3152 -10.8908 2.1834 15.6569 2.6951 -8.9790 3.7739 -6.5142 0.6327 51.8164 2.6861 150.9574 2.5781 169.8866 2.6731 11.6504 2.2989 61.8495 2.4905
856 103.6609 2.4718 -11.1888 2.3169 12.9255 2.9804 -8.1441 3.5001 -7.4733 0.8008 49.0335 2.4856 150.1141 2.4305 170.3061 2.8166 13.6750 2.3020 64.0561 2.4653
857 104.4594 2.5357 -11.3357 2.5383 10.3814 3.0186 -7.6429 3.2461 -8.2243 0.9316 46.5526 2.3545 149.5689 2.4503 170.5839 3.1229 15.3346 2.4601 66.3630 2.5925
858 104.5648 2.5268 -11.3920 3.1503 7.7053 3.1601 -6.9007 2.9921 -8.8290 0.9441 44.5984 2.5145 148.9273 2.5096 170.7901 3.3239 16.6994 2.4607 68.5344 2.4080
859 104.3766 2.4684 -11.0161 3.7686 5.6702 2.7260 -6.7707 2.8570 -9.5459 0.9936 42.3040 2.4323 148.2753 2.4420 170.4720 3.0621 17.8713 2.5891 70.5947 2.5862
860 104.0660 2.5399 -10.7561 3.8581 4.1086 2.4432 -6.9707 2.9032 -10.3152 0.8824 39.8850 2.4345 146.8654 2.4363 170.4631 2.9775 18.6402 2.6143 72.4065 2.5300
861 103.2598 2.3381 -10.1530 3.9270 2.4656 1.8961 -7.0275 2.7177 -10.7402 0.7425 37.5565 2.5808 146.2735 2.4563 170.4530 2.8134 18.9173 2.5834 74.8849 2.7724
862 102.0888 2.4166 -10.1608 3.4323 1.6899 1.8718 -7.1146 2.5910 -10.8660 1.0688 35.5210 2.3617 145.2484 2.6174 170.3446 2.5053 19.0329 2.4525 77.0525 2.5457
863 101.4389 2.5260 -10.1728 2.8511 0.7976 1.8174 -7.2213 2.5163 -10.6518 1.0920 33.0105 2.3872 144.1972 2.7058 170.2466 2.3261 18.7578 2.4855 79.7578 2.4401
864 99.5868 2.5034 -10.0232 1.7955 0.1331 1.7546 -6.9053 2.1474 -10.7124 0.9528 30.6831 2.3613 143.7325 2.5030 170.1358 2.2019 17.9167 2.4312 82.2684 2.5555
865 97.6810 2.5490 -10.2075 1.2824 -0.4251 1.7944 -6.5779 1.6015 -10.6452 0.7379 28.2869 2.4630 142.6986 2.4078 170.0047 2.0855 17.3786 2.4225 84.6810 2.3255
866 95.1069 2.5529 -9.7162 0.6589 -0.9447 1.3130 -5.7549 1.2833 -9.3789 0.4765 25.8160 2.4016 141.5055 2.4293 170.1909 1.7969 16.3130 2.3257 86.8861 2.3186
867 92.4714 2.4197 -9.7435 0.1276 -0.8726 1.6385 -5.6413 1.4384 -8.7996 0.1938 23.1774 2.5077 140.1527 2.3518 169.9932 1.4934 14.9137 2.4110 89.2280 2.3700
868 90.5877 2.2374 -9.4446 -0.0985 -0.2276 1.4861 -5.7396 1.1194 -7.8602 0.0660 20.7510 2.5126 138.5374 2.5839 170.1572 1.7101 13.6054 2.3626 91.6948 2.6203
869 88.2030 2.3771 -9.3180 -0.1004 -0.0678 1.5390 -6.3600 0.9391 -7.5156 0.1260 18.3977 2.3999 137.4873 2.4706 170.1396 2.0327 12.1211 2.2499 94.1148 2.6524
870 85.9995 2.4531 -9.2834 0.1751 0.7262 1.6031 -6.6360 0.2800 -6.8015 0.2267 15.6883 2.1202 135.6770 2.4277 169.9096 2.5425 9.9058 2.3310 96.7822 2.3895
871 84.1778 2.4312 -9.6733 0.1906 1.6642 1.6072 -7.2456 0.6743 -6.3627 -0.0309 12.9676 2.4077 134.3372 2.6139 169.7808 2.7202 7.9810 2.3924 99.0745 2.6973
872 81.8686 2.6460 -9.6413 0.5328 3.0050 1.6498 -7.2185 0.6965 -5.6658 0.3541 10.5694 2.9597 133.4764 2.6471 169.7386 2.3348 6.0223 2.4121 101.8189 2.5096
873 79.7023 2.6560 -10.1290 0.7181 4.6120 1.6308 -7.4131 0.9366 -5.1927 0.4522 8.3753 3.1006 133.1030 2.5047 170.2560 1.9692 3.9017 2.4010 104.5114 2.6026
874 77.2374 2.5393 -10.2536 0.7442 6.6873 1.5120 -7.5987 1.5423 -4.9924 0.5323 6.2871 3.5237 132.5089 2.5917 170.6350 1.7799 2.1666 2.4117 106.7920 2.4647
875 74.7341 2.4635 -9.9966 1.0834 8.8902 1.9819 -7.7679 1.9820 -4.6868 0.3639 4.2537 3.8768 132.5157 2.5236 170.5258 1.3817 0.0912 2.2516 109.1199 2.6309
876 71.8796 2.5494 -9.8703 1.1426 10.6619 2.3867 -7.3376 2.4995 -4.2686 0.7818 2.5503 4.2904 132.6044 2.5851 171.0914 1.1246 -1.5686 1.9981 111.1597 2.3116
877 69.1170 2.5393 -9.9781 1.1506 12.8544 2.3649 -7.1281 1.8406 -4.1072 1.3027 0.6616 4.7249 133.0599 2.5263 171.0644 1.1487 -2.8331 1.7160 113.4793 2.2180
878 66.4086 2.4944 -10.0652 1.6056 14.4209 2.6220 -6.7535 1.5337 -3.9799 1.8726 -0.9415 4.7388 133.6745 2.4205 171.2972 0.9787 -4.0097 1.7123 115.9580 2.6390
879 64.1354 2.6007 -9.9896 1.4468 15.7972 2.3375 -6.7319 1.1362 -3.6840 2.5062 -2.1642 4.8882 134.8401 2.4010 171.3610 1.0004 -4.8980 1.4914 118.4079 2.6918
880 62.1102 2.5311 -10.3884 1.7614 17.2972 2.3890 -6.5179 0.7119 -3.8010 2.8193 -3.6285 4.7830 136.2273 2.4199 170.9315 1.5205 -5.6229 1.2605 120.6441 2.7864
881 60.0100 2.3165 -10.3574 1.6664 18.4205 2.4668 -6.7834 0.7068 -4.4137 3.1614 -4.7856 4.8348 137.8331 2.5290 170.8192 2.0484 -6.1613 1.3246 122.9149 2.5857
882 58.0292 2.6034 -10.2955 1.6854 19.3843 2.4142 -7.0673 0.5382 -5.1457 3.8682 -5.8009 5.0144 140.0885 2.6388 170.7421 2.2778 -6.8231 1.6787 125.0304 2.6571
883 55.3418 2.5211 -10.3218 1.9511 19.6497 2.5096 -6.7320 0.6603 -5.3951 4.0499 -6.6968 5.0158 141.8246 2.3710 171.0633 2.3857 -7.2060 1.5991 127.5770 2.6271
884 53.2384 2.4754 -10.3879 2.3222 20.0196 2.4726 -6.8831 1.0301 -5.8184 4.2770 -7.2396 5.3343 144.0485 2.5533 171.2360 2.5822 -7.7682 1.2307 129.4980 2.3929
885 50.8992 2.4191 -9.8796 2.2905 19.6800 2.3911 -6.6690 1.5193 -6.2455 4.1988 -7.5437 5.5445 146.6694 2.3707 171.3689 2.4865 -7.7807 0.9993 132.1408 2.5038
886 48.8135 2.4502 -9.1053 2.2217 19.2667 2.4205 -6.4344 1.4389 -6.4137 4.0459 -7.9659 5.7202 148.6638 2.3359 171.3351 2.2067 -7.9366 0.7013 134.3112 2.5325
887 46.3139 2.3458 -8.7093 2.2563 18.0342 2.4705 -6.1548 1.0737 -6.7501 4.6745 -8.3204 5.8310 150.8892 2.4354 171.2698 1.3784 -7.8272 0.2932 136.4330 2.4526
888 44.2049 2.4804 -8.4994 2.2032 17.0202 2.3788 -5.7067 0.7450 -6.6805 4.7994 -8.3170 6.0116 153.2523 2.0049 170.8316 0.8893 -7.7605 0.1523 138.9498 2.4190
889 41.7058 2.5062 -7.7686 1.5883 15.5438 2.3281 -5.6001 0.5802 -6.7142 5.0483 -8.5780 5.9192 155.1594 2.2626 170.4007 1.0732 -7.3527 -0.1194 141.4898 2.4097
890 39.5707 2.4056 -7.3281 1.4163 13.7502 2.5118 -5.2888 0.3497 -6.9720 5.2095 -8.5151 5.6869 157.5226 2.5822 169.9353 1.3422 -7.5174 -0.2827 143.3697 2.1641
891 37.4262 2.6698 -6.9330 1.4365 11.7365 2.6780 -4.8245 0.7756 -6.9190 5.0213 -8.3759 5.0701 159.5061 2.8243 169.9403 1.1124 -7.5152 -0.1299 145.5536 2.4120
892 35.2834 2.5231 -6.3983 1.9603 9.6530 2.5875 -4.8337 1.0070 -7.4868 5.1913 -8.1990 4.1793 161.5137 3.1968 169.6823 1.0437 -7.7164 0.1716 147.5791 2.4530
893 33.0333 2.6839 -6.1701 2.2010 7.5835 2.9030 -4.8940 1.4339 -7.8042 5.0168 -7.4397 3.7641 163.0418 3.3144 169.2401 0.5825 -8.3002 0.3988 149.2850 2.5258
894 30.6686 2.6697 -5.9403 2.2432 6.0561 3.1829 -4.7925 2.0139 -8.5263 4.8226 -6.7134 3.3787 164.6791 3.6872 168.9566 -0.0581 -8.8033 0.6776 151.2333 2.4684
895 28.1799 2.5191 -6.0107 2.5214 4.5718 3.2284 -4.6585 2.4231 -8.6889 4.4353 -6.5775 3.0548 166.0990 4.1571 168.8048 -0.1546 -9.4757 1.1233 152.4056 2.6073
896 25.7382 2.4855 -5.9514 2.7798 2.6818 3.6584 -5.1940 2.7248 -8.9264 3.9076 -6.8013 2.9576 166.9255 4.4502 168.4197 -0.6097 -9.8071 1.6736 153.2604 2.5927
897 23.2165 2.4564 -5.9811 3.0284 0.9958 3.9232 -5.2158 2.6831 -8.6259 3.6255 -6.5986 2.7700 167.7474 4.7862 168.0039 -1.1947 -10.1786 2.0526 154.4755 2.5081
898 21.2533 2.3888 -6.2330 3.6259 -0.4428 3.9484 -6.1161 2.6338 -8.5186 3.3374 -6.5634 2.7050 168.4067 4.8462 167.8093 -0.9234 -10.3022 2.3871 155.1431 2.3304
899 18.7703 2.4898 -6.2655 3.7004 -1.6287 4.0758 -6.6642 2.5490 -8.2289 3.5192 -6.6358 2.2230 168.8015 4.9660 167.6271 -0.8076 -9.7968 2.8032 155.5639 2.2463
900 16.5571 2.6133 -6.4702 3.8858 -2.9047 4.1295 -6.9320 3.0881 -8.4258 3.8978 -6.3745 1.8862 169.6502 5.0769 167.5415 -0.8356 -9.5540 2.7279 156.2493 2.4068
901 14.7537 2.5446 -6.6960 4.1146 -4.6065 4.0645 -6.9516 3.9773 -8.5492 4.2191 -6.9189 1.8329 170.2797 5.2502 167.5613 -0.9751 -9.0967 2.9461 156.3713 2.5704
902 12.6497 3.1285 -6.5785 4.7491 -5.7269 3.5222 -7.1477 4.3403 -8.6601 4.3765 -7.5472 1.6081 170.5833 4.9251 167.3125 -0.7644 -8.9736 3.0163 156.4359 2.6016
903 10.5853 3.0649 -6.7299 4.4185 -6.4685 3.5367 -7.6305 5.1011 -9.1944 4.5772 -7.7504 1.5673 170.9442 4.2403 167.0306 -0.6338 -8.5958 3.2659 156.7158 2.5681
904 8.0944 3.4434 -7.2528 4.6387 -7.4082 3.0628 -7.5717 5.3894 -9.1225 4.7733 -7.8227 1.7320 171.2254 3.6236 166.9149 -0.5288 -7.6700 2.8365 156.7056 2.5703
905 5.7421 3.6962 -7.5400 4.9494 -8.1344 2.9470 -8.2685 5.7899 -9.4964 4.9689 -7.9905 1.5859 170.9028 3.5261 167.0306 0.0600 -7.3613 2.9490 156.5833 2.5328
906 3.5573 4.1199 -8.2391 4.4989 -8.4544 2.5854 -8.2802 5.7379 -9.2276 5.2064 -8.4610 1.4790 170.5314 3.1909 167.4224 0.0773 -6.8257 3.5235 156.3643 2.6993
907 1.6693 4.1893 -7.8143 4.2309 -8.7029 2.4682 -8.5883 5.6333 -8.8780 5.3309 -8.6669 1.3895 169.9215 2.7937 167.6535 0.5550 -6.3831 3.5154 156.2160 2.6812
908 -0.2220 4.4490 -8.2071 3.9935 -9.0237 2.1888 -8.9421 5.4886 -8.1505 5.7559 -9.1549 1.6042 169.1666 2.4728 167.6247 1.3181 -5.8730 3.4389 156.4191 2.8256
909 -1.2429 4.7108 -8.3678 3.8691 -9.4338 1.6825 -8.7369 5.3638 -7.3774 5.9162 -9.1575 1.9776 168.5423 2.2720 167.4232 1.4413 -5.8292 2.6854 156.5829 3.1128
910 -2.0834 5.0457 -8.2442 3.7800 -9.8063 1.6223 -8.8887 5.0696 -7.1103 5.8319 -9.4563 2.2899 168.1888 1.8975 166.9133 1.4871 -5.3717 2.4685 157.7504 3.2097
911 -2.7248 5.1114 -8.1660 3.4468 -9.8853 1.4061 -9.0174 5.0678 -6.3941 5.7179 -9.1165 2.7424 167.7572 1.6058 166.1364 2.1545 -4.6703 2.0472 159.1149 3.2328
912 -3.2765 5.1345 -8.0428 3.7565 -10.1548 1.2913 -9.1365 4.7787 -6.1735 5.5768 -9.3127 3.1116 167.8181 1.4328 164.8220 2.6639 -4.6132 1.9946 160.1635 3.3537
913 -3.6625 4.9678 -8.1851 3.9029 -10.1867 1.5506 -8.7138 4.2663 -6.0501 4.7181 -9.2163 3.7971 167.6241 1.6100 163.5819 2.5905 -4.4852 1.8798 161.8078 3.0639
914 -4.5493 4.9691 -8.3586 3.9331 -9.9274 1.2272 -8.2416 3.8108 -6.2212 3.8908 -8.8705 4.1027 167.1511 2.0049 162.2538 2.5158 -4.8282 1.6400 163.1175 2.7226
915 -4.8026 4.9886 -8.7412 4.8029 -9.7218 1.5520 -7.9328 3.2793 -6.2734 3.2557 -8.6339 4.2254 167.0095 2.3367 161.3915 2.7255 -5.3887 1.4334 164.3889 2.4020
916 -5.1895 4.7928 -9.1479 4.6099 -8.8500 1.7685 -7.6975 2.7831 -6.7776 2.8414 -8.8090 4.4525 166.6272 2.6622 160.1626 3.0435 -6.1953 1.3720 164.9208 2.0890
917 -5.2442 4.6889 -9.5012 4.6070 -8.1497 1.8436 -7.8112 2.4220 -7.0923 2.5395 -8.7644 3.9187 166.8759 2.8197 159.0341 3.1996 -6.9580 1.6776 166.1637 1.8974
918 -5.0035 5.4085 -10.1010 4.5098 -7.6064 2.4914 -7.5607 2.4354 -6.9855 2.5149 -8.9572 3.6278 167.0005 3.1031 157.8926 3.3461 -7.5755 2.0568 167.0054 1.5682
919 -4.4563 5.3030 -10.4828 4.0225 -7.2081 2.6660 -7.1146 2.3164 -7.2227 2.4400 -9.3302 3.1450 167.4825 3.3036 156.4318 3.1897 -8.1073 2.9583 167.6730 1.4680
920 -4.4196 4.9245 -10.6070 3.4557 -6.9230 2.6702 -6.9761 2.4958 -7.3824 2.5461 -9.4525 2.3306 167.8242 3.2913 155.2804 3.2629 -8.3630 3.7112 168.6370 0.9708
921 -3.6873 4.6022 -10.5216 2.9953 -7.0761 2.6871 -6.6582 2.4236 -7.3937 2.1427 -9.7980 1.7305 167.7937 3.3147 153.7005 3.0917 -8.2063 4.3796 168.8867 0.7878
922 -3.4285 3.9190 -10.3602 2.6739 -6.9855 2.5455 -6.9143 2.4821 -7.3414 1.9197 -9.5814 1.8626 168.1169 2.8693 152.8689 2.8883 -8.0554 4.4983 169.1508 0.5317
923 -3.0246 3.6001 -10.0639 2.9802 -6.6817 2.5287 -7.1428 2.3096 -7.3392 2.2398 -9.0159 1.5883 168.6562 2.8872 151.6143 2.7475 -8.2061 4.5934 168.8090 0.2298
924 -2.2669 3.6116 -9.6456 2.5446 -6.0745 2.5627 -7.2618 2.1748 -7.6461 2.3213 -8.6778 1.7997 169.2693 2.5538 151.1287 2.5326 -8.3754 4.9191 168.7853 0.5367
925 -1.4008 3.5775 -8.5473 2.6422 -5.3962 2.5760 -7.1044 2.5166 -7.8727 2.5965 -8.2608 1.6081 169.7159 2.2762 150.7234 2.5869 -9.0466 5.2127 168.1801 0.3309
926 -0.4227 3.9151 -8.2742 2.3454 -4.8120 2.4094 -6.9087 2.9749 -7.7686 2.8314 -7.8053 1.4632 170.1657 2.2389 150.5942 2.5063 -9.1872 5.1187 168.1561 0.2821
927 0.9173 3.6312 -7.7148 1.9264 -4.3751 2.1212 -7.1494 3.4418 -7.4523 2.9104 -7.4087 1.0873 170.5894 2.0245 151.4198 2.3163 -9.4805 5.1412 167.9766 0.5100
928 2.4185 3.4210 -7.7454 1.5115 -3.8690 1.8118 -7.1911 3.4559 -7.0688 3.0003 -7.0181 0.5505 170.8378 1.8192 152.1337 2.1442 -9.3493 5.1459 168.2746 1.0229
929 3.7667 3.0893 -7.2174 1.0773 -3.8792 1.4921 -7.0348 3.7297 -6.8720 3.0388 -6.7393 0.0486 171.0255 1.3202 152.8743 1.9682 -8.7027 5.3144 168.6577 1.4037
930 4.9706 2.9078 -6.6976 0.7876 -4.1051 0.8003 -7.2932 3.9968 -6.5469 2.9676 -6.4094 -0.1111 171.0712 0.8929 153.6880 1.6882 -8.1240 5.4063 168.8399 1.5739
931 6.6923 3.0436 -6.5437 0.6011 -4.6271 0.1459 -7.0804 3.9621 -6.2062 2.7019 -6.0363 -0.6675 171.0888 1.0258 155.1842 1.4152 -7.2223 4.9790 169.1078 1.9632
932 8.5155 2.7184 -6.5852 0.3384 -5.1125 -0.0415 -7.0798 4.1781 -5.7344 2.2915 -5.9290 -0.6680 170.8677 1.2183 156.8134 0.8624 -6.4987 4.6468 169.7282 1.9690
933 10.7912 2.3847 -6.3252 0.5838 -5.4266 -0.0100 -7.6192 3.5424 -5.4009 2.2077 -5.5986 -0.3793 170.6082 1.7717 159.0419 0.8587 -5.8806 4.5326 170.0651 1.9040
934 12.7837 2.6243 -6.3386 0.7149 -5.5023 0.4374 -8.0454 3.2403 -4.8215 1.7354 -5.7112 -0.3180 170.0570 2.1862 161.4803 0.7385 -5.2670 4.3121 169.8558 1.9225
935 14.8665 2.5944 -6.4738 0.9418 -5.3937 0.9120 -8.1587 2.1664 -4.6113 1.6053 -6.0602 0.2177 169.5905 2.4769 163.1063 0.7283 -5.0706 3.3542 170.4641 2.1502
936 17.2837 2.5306 -6.8791 1.3430 -5.5329 1.0684 -8.6393 1.4089 -4.4843 1.4002 -6.3731 0.4107 169.7195 2.7297 164.5743 1.1735 -4.9851 2.7651 170.4944 2.5223
937 19.5968 2.3680 -7.2958 1.8853 -5.3743 1.2507 -8.6196 0.8574 -4.4326 0.7466 -6.5333 0.5419 170.1593 2.8828 165.9366 1.6455 -4.9221 2.3679 170.6984 2.3041
938 21.8238 2.6194 -7.5317 2.1074 -4.9911 1.1705 -9.0065 0.6655 -4.7717 0.1177 -6.6679 0.8207 170.3063 3.2009 167.0545 2.1548 -5.1130 2.0162 170.6077 1.6683
939 23.9783 2.6768 -7.6390 2.3844 -4.7596 0.8111 -9.0173 0.6503 -5.1094 -0.2824 -7.0003 0.8565 170.5628 3.5793 168.1348 2.6815 -5.3368 1.6857 170.8481 1.3889
940 26.1443 2.6065 -7.6268 2.7060 -4.3251 0.5371 -8.9776 0.4596 -5.4830 -0.6851 -7.0740 0.5536 170.9077 3.9281 168.5514 3.0080 -5.1969 1.6830 171.1271 1.1575
941 28.4881 2.4163 -7.8612 2.7897 -4.1460 0.1052 -8.9601 0.5250 -6.1263 -1.0453 -7.3295 0.4761 171.2278 4.4563 168.8362 3.3481 -5.5693 1.8034 171.1707 1.0604
942 30.8331 2.3987 -8.0335 2.5509 -4.4734 0.2858 -8.7105 0.8239 -6.0476 -1.3988 -7.3401 0.3599 171.0870 4.8753 169.0859 3.9560 -5.7972 2.1554 170.9839 0.9724
943 32.7239 2.3067 -7.8053 2.7243 -4.4473 0.4498 -8.8619 1.3683 -6.1955 -1.2238 -7.6869 0.4829 170.9232 4.9413 169.0559 4.1403 -5.9746 2.8169 171.2563 1.2785
944 34.6873 2.4402 -7.0627 2.7804 -4.4147 0.7391 -8.5367 1.6836 -5.7709 -1.2496 -7.9493 0.4221 170.4868 4.8023 169.1009 4.0018 -6.5410 3.2642 171.0161 1.1088
945 37.0225 2.2574 -6.8825 2.5667 -3.7830 0.6805 -8.1377 1.8004 -5.5991 -1.3724 -8.2736 0.5899 170.8159 4.3356 168.9537 4.2686 -6.8552 3.4123 170.1851 1.2760
946 39.3731 2.4485 -6.6745 2.9129 -3.3472 0.8435 -8.2893 2.2154 -5.2391 -0.8673 -8.6428 0.8696 170.6295 3.8379 168.4917 4.4696 -7.1968 3.4889 169.5238 1.5347
947 41.7329 2.5587 -6.1852 2.9497 -2.7194 1.1942 -8.4006 1.9658 -5.0660 -0.2891 -8.2918 1.0587 170.9261 3.0688 168.0455 4.6621 -7.5036 3.1642 168.8697 2.0067
948 44.4187 2.4217 -5.9585 2.8267 -1.7591 1.0890 -8.4481 2.1061 -4.8902 0.3904 -7.9933 1.1990 171.0773 2.4906 167.7980 5.1985 -8.0528 2.3548 168.1053 2.0274
949 46.7219 2.4347 -5.9252 2.6700 -0.7567 1.0184 -7.8785 2.1206 -4.7601 0.8827 -7.6730 0.8294 170.7957 1.7538 167.7547 5.1760 -8.3207 1.7635 167.4663 1.9187
950 49.2519 2.3841 -6.0159 2.6777 0.3670 0.8841 -7.5081 2.1019 -5.0674 1.2488 -7.4532 0.7837 170.8370 1.2665 167.4057 5.5203 -8.3258 1.5094 167.1587 1.4896
951 51.5439 2.5909 -6.2702 2.5406 1.4380 0.9928 -7.1186 2.4319 -5.2973 1.7468 -7.2500 0.3363 170.7055 0.8183 166.8449 5.2928 -8.3693 1.4600 166.6685 1.3241
952 53.9802 2.5206 -6.0648 2.3582 2.3280 1.1786 -6.5803 2.5762 -6.0097 1.9305 -7.7230 0.5622 170.4377 0.6591 166.7877 4.6441 -8.2943 1.5378 166.3074 0.9938
953 56.1396 2.3798 -6.1045 2.4847 2.8056 1.3691 -6.4552 2.0230 -6.2936 1.8644 -8.2972 0.2866 169.9565 0.8845 166.7463 4.3623 -8.5164 1.6310 165.0858 0.9663
954 58.3409 2.2916 -6.0826 2.1528 3.3727 1.7007 -5.9462 1.4859 -6.5166 1.9327 -8.5324 0.1813 169.3194 1.3677 166.6919 3.6268 -8.5191 1.5593 163.8451 1.2213
955 60.4089 2.3495 -6.1173 1.8784 3.5125 2.1549 -5.6654 1.6478 -6.7702 1.8053 -8.9233 0.3195 168.9867 1.8213 166.9678 2.9896 -8.6937 1.7899 162.5497 1.4597
956 62.9673 2.6070 -6.6206 1.3661 3.5058 2.7318 -5.3841 1.6423 -7.1504 2.5158 -9.4035 0.4652 168.3598 1.6833 167.0783 3.3210 -8.7733 1.6038 161.2864 1.2794
957 65.0064 2.5029 -7.4245 1.3029 3.6792 3.0754 -5.7193 1.8609 -7.4093 3.6077 -9.7549 0.1732 168.2981 1.7350 167.4695 3.1165 -8.8040 1.3870 159.8587 2.1278
958 67.4349 2.4253 -7.7224 1.3136 3.2613 3.1984 -5.6481 2.0580 -7.9234 3.8766 -9.8299 0.0802 168.0897 2.0371 168.0975 3.0619 -8.0672 1.5832 157.9032 2.3346
959 70.0145 2.3189 -8.0207 1.3805 3.0960 3.6173 -5.9275 2.1073 -7.8866 4.0705 -9.6349 0.0907 167.8761 2.1772 168.7459 2.6973 -7.6381 2.1952 156.6913 2.9470
960 72.2592 2.6560 -8.1170 1.6239 2.3450 3.5650 -6.1325 2.4404 -7.9150 4.3046 -9.1397 -0.2858 167.7715 2.3873 169.2523 2.5204 -7.8397 2.3854 154.9532 2.6601
961 75.0183 2.3455 -8.0088 2.0873 1.1805 3.5428 -6.0214 2.6649 -8.0475 4.4842 -9.2145 -0.5781 167.6862 2.7342 169.7881 1.8474 -7.9379 2.8851 152.8860 2.8749
962 77.5527 2.3443 -8.1053 2.8835 0.1605 3.5234 -5.9719 2.6613 -8.1323 4.2850 -8.8177 -0.7615 167.7029 3.2429 170.0846 1.3911 -8.0266 3.1301 151.0296 2.8980
963 80.0713 2.6213 -8.3122 3.0646 -1.1274 3.5424 -5.9144 2.7764 -8.1083 4.4838 -8.1717 -0.4422 168.0150 3.3165 170.1983 0.8446 -8.2835 3.5651 149.2953 2.7089
964 82.3293 2.5273 -8.1555 3.1095 -2.7676 3.4185 -5.8175 2.6434 -7.8206 4.4120 -7.5562 -0.0729 168.6006 3.5366 169.8921 0.8332 -8.5748 3.7929 147.6397 2.5911
965 84.6169 2.3053 -8.2452 3.0119 -3.7453 3.0839 -5.6610 2.6564 -7.5682 4.3966 -6.9647 0.0057 168.8910 3.7700 169.7959 0.6446 -8.6211 3.9576 146.3212 2.5912
966 86.8008 2.4561 -7.7046 2.4171 -4.4692 2.9153 -5.4841 3.3303 -7.2194 4.4880 -6.9515 0.6384 169.0132 4.2942 169.3250 0.3272 -9.3539 4.0754 145.1118 2.5138
967 88.8856 2.3292 -7.7753 2.1413 -5.4945 2.7006 -5.5262 3.5650 -6.8524 4.7306 -7.1217 0.8659 169.2144 4.8291 169.1154 0.4314 -10.0678 4.2423 144.2810 2.4684
968 91.2632 2.4045 -7.2726 1.3938 -6.6039 2.4950 -5.7930 3.9692 -6.3477 4.6696 -7.6053 1.1047 169.5502 4.9162 168.8546 0.5756 -10.2340 4.6829 143.7603 2.5234
969 93.4823 2.5215 -7.0143 0.9572 -7.0593 2.7055 -5.9679 4.2922 -6.3015 4.6609 -8.0189 1.3699 169.5716 5.2776 168.6781 0.7374 -10.4072 5.0253 143.3631 2.4988
970 95.7958 2.5309 -6.9229 0.6477 -7.1417 2.6006 -6.0694 4.3592 -6.2089 4.3760 -8.0385 1.8450 169.2837 5.2786 168.1519 0.8485 -10.0312 5.3842 143.3681 2.5294
971 98.0157 2.5258 -6.5529 0.6269 -6.9601 2.4519 -5.5598 4.4818 -6.6012 4.0517 -8.4736 2.5095 168.9318 5.2476 167.9265 1.0668 -9.4503 5.5706 143.7222 2.5781
972 100.4265 2.3547 -6.3760 0.8866 -6.7513 2.4034 -5.3176 4.2613 -6.9157 3.8345 -8.6004 3.0660 168.0632 5.1182 167.8149 1.2889 -9.1435 5.5389 144.2901 2.5281
973 102.6798 2.5675 -6.1723 1.0440 -6.8370 2.8448 -4.8343 4.4526 -7.0490 3.5747 -8.4131 3.7710 167.5706 4.9183 167.8302 1.9530 -8.8282 5.4136 145.0273 2.5090
974 105.0730 2.4443 -5.2802 1.3717 -7.0051 3.1282 -4.8777 3.9721 -7.6824 3.3994 -7.9975 4.4091 167.0560 4.3905 167.7807 1.4686 -9.1853 5.0911 146.3128 2.5632
975 107.5853 2.4672 -4.4173 1.5446 -7.2748 3.2860 -5.0461 3.2532 -8.2909 3.5303 -7.8460 4.6101 166.0400 4.5130 167.0021 1.6301 -9.3270 4.3022 147.9400 2.1998
976 109.5191 2.5581 -3.1041 1.4795 -7.2440 3.2567 -4.8825 2.9320 -8.6888 3.5505 -7.7358 5.1237 164.6906 4.2895 166.6014 1.7260 -9.3934 4.3583 149.9104 1.9348
977 112.5100 2.4728 -2.0755 0.9124 -7.4254 3.5143 -4.5460 2.9565 -8.9439 3.7777 -8.0076 5.4201 163.2679 4.3456 166.2519 1.8030 -9.2234 4.2212 151.9794 1.5935
978 114.8464 2.7948 -0.5271 0.8179 -7.1368 3.8535 -5.2191 3.2477 -9.3315 4.0696 -7.8585 5.6830 161.8730 4.3861 165.9688 2.3704 -8.8172 3.4313 153.8221 1.1134
979 117.4753 2.3911 1.1409 0.9152 -7.4117 4.0261 -5.8534 3.2477 -8.8564 4.4921 -7.9729 5.9258 160.9010 4.1443 165.6537 3.0563 -8.6203 3.2360 155.7915 0.8025
980 119.4773 2.4339 3.0724 0.8974 -7.6089 4.2127 -6.3548 3.5242 -8.8208 4.7092 -8.1246 5.5981 159.4692 3.9539 165.9942 3.9705 -7.8689 3.1777 157.5799 0.7736
981 121.6829 2.2033 5.1500 1.0926 -8.0461 4.0930 -7.1308 4.1164 -8.6138 4.6740 -8.1013 5.4833 158.7871 3.4346 165.9693 4.0440 -7.3485 2.5146 159.5689 0.7282
982 124.0485 2.4029 7.0725 1.4100 -8.1837 3.9044 -7.2863 4.0097 -8.0265 4.0981 -7.8775 5.7508 157.9846 3.1209 166.5957 3.8918 -6.6765 2.2928 161.6091 0.8404
983 126.5355 2.2444 9.2925 1.9674 -8.2555 3.5841 -7.6013 4.1146 -6.7994 3.5101 -7.5328 5.8119 157.7556 2.9592 166.9337 3.6308 -6.0279 1.8100 162.7328 0.8238
984 129.2271 2.3403 11.3658 2.0423 -8.7809 3.2306 -7.7683 4.4998 -5.9833 3.3624 -6.8069 6.1876 157.8084 2.7931 166.9137 3.4591 -5.8345 1.0511 163.8752 0.7703
985 131.6551 2.8057 13.9590 2.4573 -9.2279 2.6503 -7.6726 4.7712 -4.8779 3.1469 -6.2060 5.8205 158.0412 3.0509 167.0154 2.8858 -6.1632 0.9320 164.8366 0.8925
986 134.0032 2.7164 16.4219 2.4064 -9.6383 2.3896 -7.4412 4.9137 -3.5891 3.1174 -5.4079 5.3584 158.6386 3.0249 166.6026 2.2019 -6.5366 0.3904 165.6476 1.1238
987 136.1788 2.8318 18.8102 2.4921 -10.1275 2.1376 -7.8347 4.9547 -2.0872 2.9496 -4.8211 5.0976 159.1308 3.2541 166.4676 1.8316 -7.0643 -0.1100 165.9933 1.0871
988 138.0885 2.5281 20.9424 2.4761 -10.4667 1.8592 -7.7931 4.8776 -0.3954 3.0794 -4.2447 5.1294 159.7233 3.2457 165.9898 1.8479 -7.1239 -0.5265 166.7515 1.1499
989 140.7284 2.4706 23.2927 2.6166 -10.3089 1.8219 -8.0608 5.2203 1.4055 3.0306 -3.5839 5.2998 160.7801 3.1204 165.7598 1.7892 -7.2987 -0.7614 167.4096 1.1510
990 143.0273 2.4486 25.7218 2.4287 -10.3099 1.8321 -8.2636 5.1737 4.0940 3.0019 -2.8733 4.9793 161.3797 2.7796 165.6155 2.3028 -7.0291 -0.7562 167.9008 0.9782
991 145.3845 2.4576 27.7874 2.4933 -10.5848 1.6113 -8.3180 5.1362 6.4289 2.9156 -2.1001 4.6134 162.5913 2.6111 165.4900 3.0760 -6.2975 -0.8867 168.8047 1.3361
992 147.7746 2.2571 30.0710 2.5673 -10.5457 1.4874 -7.7786 5.0347 8.1891 2.9327 -1.6756 4.6586 163.6266 2.4934 165.6601 3.2225 -5.7729 -0.5821 168.9768 1.1213
993 150.0648 2.1777 32.4215 2.4394 -10.6959 1.3582 -7.3983 4.6287 10.2871 2.6774 -0.9025 4.5732 164.7745 2.5116 166.0303 3.3698 -4.9749 -0.5079 168.9929 1.0099
994 152.6701 1.6649 34.3392 2.5214 -10.8123 0.9353 -7.0014 3.9944 12.7548 2.3050 -0.0337 4.3955 165.3745 2.4900 166.5556 3.1827 -4.9257 0.2065 168.5491 0.8810
995 154.5078 1.4797 36.8226 2.7490 -10.6864 1.0723 -6.5695 3.4582 14.8499 2.6176 0.7157 4.0841 165.8958 2.3831 167.0457 2.9862 -4.6631 0.0674 168.3533 1.0415
996 156.9984 1.1949 38.8632 2.5027 -10.8351 1.4153 -6.6341 3.0484 17.2548 2.4387 0.8855 3.8138 166.7377 2.3227 167.4355 2.8568 -4.5123 -0.1441 167.3333 0.9320
997 159.1088 0.9670 40.9366 2.7054 -10.6036 2.0189 -6.5800 3.0969 19.5722 2.4498 1.4421 3.3086 167.6591 2.0541 167.8545 3.0499 -5.0107 -0.4714 166.5504 0.6771
998 161.0262 0.7889 42.2958 2.4624 -10.7259 2.9313 -6.7811 2.6907 22.1008 2.5078 1.2886 2.5947 168.3627 1.9244 168.2258 2.6465 -5.4949 -0.4067 166.4397 0.6211
999 162.8670 0.3855 44.3358 2.6107 -10.6079 3.6425 -6.6060 2.4454 24.1683 2.3413 0.9984 1.9147 169.2041 1.8495 168.4348 2.3658 -5.7719 -0.4812 166.4027 0.9487
1000 164.1714 0.0713 44.9834 2.6420 -10.4553 4.4150 -6.5828 2.2725 26.4149 2.3868 0.9969 1.5817 169.2910 1.7397 168.4801 2.2523 -6.0051 -0.4965 166.2808 1.1374
1001 165.0980 -0.0591 46.1466 2.6815 -9.5879 4.7890 -6.8741 1.8915 28.5088 2.4137 0.9878 1.1207 169.3792 2.1332 168.6493 2.5241 -6.1683 0.0262 166.3358 1.1321
1002 166.2411 -0.4113 46.7942 2.3911 -8.8093 5.2746 -7.0310 1.3360 30.7696 2.6421 0.5168 0.9492 168.8691 2.2648 168.8458 2.5586 -6.0146 -0.0930 166.3111 1.8524
1003 166.4765 -0.6999 46.5421 2.4695 -8.1197 5.3580 -7.3815 0.7020 33.3049 2.6029 0.2779 1.0248 168.8750 2.4065 169.5899 2.0298 -5.9306 0.0650 166.6405 2.3665
1004 166.8386 -0.2739 46.6645 2.4515 -7.3901 5.1282 -7.5910 -0.0911 35.0357 2.6398 0.2513 0.9606 169.0206 3.2170 170.3244 1.3943 -5.7545 -0.1679 166.9898 2.8146
1005 167.1550 0.2137 46.5038 2.4270 -6.6763 4.5741 -8.1855 -0.4196 37.2953 2.5316 0.4047 0.9173 169.1851 3.5265 170.6300 1.1524 -5.7206 -0.0413 167.2418 2.8257
1006 167.3104 0.2651 46.1083 2.4038 -6.2656 4.2840 -9.1465 -0.4074 39.1226 2.7072 0.3730 1.2315 169.6285 3.8458 170.7887 1.0229 -6.5247 -0.1827 167.7551 3.0044
1007 167.4197 -0.2033 45.4557 2.5759 -6.2560 4.0201 -9.5611 -0.3454 41.1687 2.4414 0.4496 1.1757 170.0869 3.7559 170.8898 1.1701 -7.0549 -0.3192 168.0762 3.0025
1008 167.3624 -0.5722 44.5115 2.4909 -5.8899 4.1096 -10.1335 -0.1188 43.4274 2.6594 0.6534 1.2586 170.2539 4.0067 170.8448 1.1187 -7.4877 -0.3075 168.2300 2.9146
1009 167.4501 -0.2398 43.0896 2.4674 -6.0194 3.6917 -10.1670 0.0243 45.7999 2.8093 1.4872 1.3090 170.8020 3.6055 170.5928 1.0768 -7.8836 -0.5454 168.5832 2.8431
1010 166.9716 -0.4554 40.9177 2.5409 -5.9637 3.0810 -9.9790 0.0557 47.4684 2.4480 2.6528 0.9587 170.6850 3.0372 170.1838 1.5516 -8.2765 -0.4188 168.5199 2.8636
1011 167.0584 -0.2493 38.7711 2.4096 -5.6546 2.6275 -9.8606 0.2246 48.8932 2.5978 3.7879 0.7716 170.2723 2.3906 169.9444 2.1437 -8.5735 -0.5436 168.8853 2.8181
1012 166.7644 -0.1917 36.6208 2.4211 -5.2421 2.4601 -9.4420 0.1816 50.7581 2.5991 5.4073 0.9734 169.7585 2.1684 169.7281 2.5629 -8.9782 -0.6370 168.6493 2.6815
1013 166.7136 0.2372 34.3985 2.4482 -4.4588 1.9332 -9.1298 0.5776 51.6239 2.5548 7.1430 1.4012 169.1716 1.8558 169.5685 2.8626 -9.2605 -0.7456 168.9748 2.5887
1014 165.9349 0.7080 32.0590 2.4263 -3.9765 1.6026 -8.6796 0.3377 52.3696 2.5423 9.1353 1.6913 169.0298 1.8884 169.2318 3.1147 -9.0912 -0.8269 168.8669 2.0902
1015 165.9586 1.3768 29.7340 2.5409 -3.0396 1.6560 -7.9640 0.5941 53.0054 2.4962 11.5340 1.8034 168.7888 2.0132 168.7594 2.9580 -9.0587 -0.7940 168.8396 2.1876
1016 165.9354 1.8985 27.6545 2.3864 -2.2345 1.5426 -7.3727 0.2904 53.2628 2.5025 13.2592 2.1629 168.7130 2.0516 168.1709 3.4279 -8.7759 -0.9456 168.6530 2.1511
1017 165.8171 2.2525 25.6025 2.5026 -1.3168 1.6983 -7.2290 0.9291 53.6892 2.4844 15.4437 2.3388 168.2640 2.0780 167.7389 3.5866 -8.3462 -0.6954 168.5904 2.1016
1018 166.0997 3.0105 23.8027 2.5603 -0.4826 1.6144 -7.4071 1.4086 53.0945 2.5023 17.5709 2.3127 167.9186 1.7453 167.2388 3.7914 -7.9835 -0.2531 167.7431 2.1758
1019 166.9375 3.4602 21.5392 2.5281 0.7702 1.0941 -7.1098 1.3277 52.4888 2.3869 19.7861 2.3782 167.3517 1.6329 166.1564 4.0719 -7.7137 -0.1764 167.3340 2.1540
1020 167.3303 3.7687 19.2989 2.4804 2.3307 0.9755 -6.7955 1.5421 52.1919 2.6864 21.6560 2.5488 166.5036 1.6799 165.0277 4.2056 -7.2822 0.0378 166.7929 1.7324
1021 168.0077 3.9912 17.3294 2.4943 4.0690 1.0837 -6.0527 1.6173 50.7176 2.5871 23.6762 2.4448 165.3636 1.6495 163.4550 4.1665 -7.0954 -0.0767 166.2148 1.2317
1022 168.3554 4.2208 15.6703 2.4953 5.8574 1.1629 -5.4539 1.5433 49.4576 2.6483 26.0710 2.5037 163.9694 1.6473 161.9998 4.3649 -6.7114 -0.4505 165.3204 1.3459
1023 168.4054 4.1400 14.4159 2.4950 8.0902 1.7981 -4.7650 1.5736 47.8547 2.5728 27.8263 2.4354 162.8615 1.7964 160.6460 4.2985 -6.7349 -0.6931 164.3085 1.7209
1024 168.7129 4.0710 13.3230 2.5300 10.1294 1.9608 -4.1428 1.7601 46.2593 2.5930 29.6337 2.3908 161.6640 2.0466 158.6763 4.0502 -6.6888 -0.2163 162.8184 2.2164
1025 168.6251 4.5467 12.1877 2.5917 12.5054 2.2301 -4.2462 1.7508 43.6956 2.5472 30.9931 2.4808 160.5414 2.6809 156.5694 3.6249 -6.3397 0.1364 161.5657 2.5539
1026 168.6883 4.5996 11.3645 2.5207 14.5658 2.3855 -4.3873 2.4443 41.6169 2.4450 32.3440 2.4563 159.0599 2.9108 154.7198 3.3409 -6.0293 0.3609 160.7475 3.1522
1027 168.7010 4.7840 11.1066 2.4658 16.7556 2.5796 -4.2480 3.2357 39.3254 2.4239 33.0888 2.4544 158.3690 3.2509 153.1698 2.8596 -5.6860 1.1730 159.5410 3.4277
1028 168.9214 4.8603 10.8781 2.4525 19.0549 2.5240 -4.7077 3.6338 37.5526 2.4939 33.7256 2.5794 157.5287 3.1601 151.6522 2.6868 -5.3754 2.0155 158.3279 3.4970
1029 169.2389 4.7158 10.9811 2.4617 21.2391 2.6456 -4.5183 4.5169 34.8491 2.7722 33.9839 2.4284 156.6294 3.1756 150.3193 2.7142 -5.1689 2.9244 156.3891 3.4731
1030 169.4812 4.9448 11.4693 2.4996 23.4763 2.5325 -4.3384 4.9532 32.4065 2.4564 33.7972 2.4302 155.9296 3.1264 149.6012 2.6663 -5.2675 3.7685 154.5011 3.4254
1031 169.8490 5.0148 12.0119 2.5018 26.0444 2.4222 -4.5290 4.6822 30.2362 2.9033 33.5339 2.5889 155.5195 2.8281 148.9763 2.6667 -5.2133 4.1645 152.4460 3.3082
1032 170.4231 4.5729 12.8303 2.4861 28.3214 2.3802 -4.6209 4.8143 28.1583 2.6151 32.8147 2.4343 155.1806 2.4719 148.0546 2.5108 -5.5150 4.2030 150.6246 2.7753
1033 170.4853 4.2897 13.1681 2.5205 31.0093 2.5396 -4.4557 4.5018 25.6686 2.5967 32.2958 2.4802 154.8657 2.6244 147.8708 2.4809 -5.8414 4.0524 148.4687 2.4153
1034 170.0934 3.9575 14.1840 2.4204 33.1644 2.6275 -4.5436 4.1062 23.4037 2.3836 31.2553 2.4307 155.1486 2.6494 148.0843 2.4864 -6.0909 4.2874 146.1553 2.6002
1035 169.8428 3.3496 14.9929 2.4545 35.8000 2.6055 -4.2438 3.7082 21.3032 2.5353 30.2922 2.5441 155.7725 2.7725 148.4043 2.4908 -6.5764 4.7613 143.7991 2.2686
1036 169.4978 2.7224 15.9859 2.5003 37.9980 2.3186 -3.8387 3.4266 19.0560 2.4682 28.5590 2.7315 156.3001 3.0916 148.9610 2.5727 -6.9845 4.7548 141.3383 2.2598
1037 169.2864 2.4754 16.6005 2.4782 39.5637 2.4424 -3.8662 3.3574 17.1371 2.6103 26.9054 2.6651 157.1942 3.2739 149.6904 2.7964 -7.0532 4.8933 139.1325 2.3927
1038 168.9603 2.5935 16.9978 2.4962 40.9329 2.3178 -4.0583 3.5492 15.1133 2.7154 25.3969 2.5462 158.2659 3.3621 150.8933 2.7785 -7.3723 4.9919 137.3040 2.5303
1039 169.1438 2.6379 17.1995 2.5368 42.2165 2.4476 -3.9330 3.5088 12.5348 2.6266 22.6776 2.5618 159.7651 3.5858 152.1544 2.7916 -7.2482 5.1255 135.3864 2.6027
1040 169.4715 2.8243 17.4783 2.5465 43.2086 2.4225 -4.1012 3.5030 10.0119 2.7187 20.3910 2.4428 161.5022 3.7759 153.6088 2.9756 -7.2885 4.9820 133.9070 2.4630
1041 170.1193 2.7094 16.5212 2.5151 44.2206 2.4403 -4.5055 3.4176 7.6410 2.7520 18.3337 2.4221 163.0673 3.8408 155.3770 2.8771 -7.3560 4.5986 132.4312 2.4814
1042 170.8193 2.5674 15.9088 2.5991 44.7861 2.4500 -4.5509 2.9565 5.9034 2.8554 16.2687 2.4611 164.4638 3.7892 157.4203 2.9159 -7.2862 4.1381 131.2085 2.5684
1043 170.7880 2.4569 14.9770 2.7799 44.9341 2.5281 -4.4291 2.4546 4.0999 3.3057 13.9897 2.4133 165.6864 3.4163 159.6984 2.5824 -7.7673 3.3277 130.3067 2.5496
1044 171.0595 2.6532 13.8784 2.6760 44.8583 2.4082 -4.2683 2.0688 2.4686 3.1430 11.6662 2.6348 166.6839 3.2450 161.8749 2.8801 -8.3118 2.7017 129.7030 2.5156
1045 171.1693 2.7207 12.5394 2.7360 44.3756 2.4613 -4.8681 2.1028 1.1133 3.0910 9.6251 2.4635 167.6893 2.9922 163.2377 2.6012 -8.3207 2.2079 129.3232 2.4898
1046 170.5186 2.7879 10.3881 2.5794 44.1122 2.3975 -5.2497 2.0126 0.3868 3.2782 7.7354 2.4388 168.1130 2.6887 164.6321 2.4937 -8.6799 1.8644 129.1930 2.4744
1047 170.1535 2.7856 8.2880 3.0516 43.0491 2.3726 -5.6332 1.9706 -0.1963 3.1791 5.8294 2.2184 168.2411 2.3351 165.7915 2.8033 -8.4787 1.4237 129.7641 2.5164
1048 169.8121 3.3188 6.2517 3.0105 41.9548 2.4563 -5.7544 1.8749 -0.2481 3.1802 4.5679 2.0300 168.4852 2.0348 167.2682 3.2356 -8.5770 1.1779 130.0788 2.5911
1049 169.1067 2.8873 3.9442 3.1412 40.3925 2.4570 -6.2658 2.1407 -0.2244 3.0161 3.1524 1.9928 168.4299 1.9924 167.9867 3.3754 -9.1972 0.6655 130.9573 2.5895
1050 168.5361 3.0598 1.8494 3.0651 38.4521 2.4549 -6.9833 2.2563 0.0238 2.9988 1.6942 1.7693 168.2914 1.9616 168.4446 3.4469 -9.2993 0.5182 132.2552 2.5345
1051 167.9597 3.5176 -0.0502 2.7223 36.4594 2.5666 -7.4626 2.1642 0.8251 2.9001 0.6727 1.7484 167.8972 1.8552 168.9067 3.4908 -9.5099 0.2431 133.7636 2.4425
1052 167.3543 4.0151 -1.6793 2.3551 33.9318 2.5654 -7.1303 2.3573 1.9520 3.3499 -0.3985 1.3433 167.2368 1.2991 168.8214 3.8044 -9.4863 0.4350 135.5163 2.6530
1053 165.9845 4.1960 -2.9167 2.2169 31.4988 2.2810 -6.5586 2.6353 3.1334 3.5995 -1.8061 1.2717 165.7427 1.1271 168.2848 3.7501 -9.2902 0.1766 137.5138 2.5800
1054 164.4891 4.4840 -4.3137 1.8327 29.3069 2.5728 -6.0289 3.3099 4.9548 3.6524 -2.7351 0.8297 164.6445 1.0004 167.3191 3.4725 -9.0993 -0.0882 139.7382 2.4520
1055 162.7759 4.5096 -5.1090 1.4289 27.0898 2.7264 -5.1834 3.7690 6.6024 3.7530 -3.4156 0.6434 162.9581 0.8484 166.3331 3.3682 -8.7949 0.0106 142.1247 2.4804
1056 161.2388 3.9784 -5.9387 1.2041 24.9111 2.7566 -3.9710 4.4140 8.4410 3.4252 -4.0013 0.4848 160.9601 0.8058 165.6765 3.6019 -8.7452 0.5528 144.5238 2.6312
1057 159.6691 3.8509 -6.4019 0.7390 22.7219 2.5234 -2.4929 4.5408 10.9263 3.0222 -4.2828 0.1963 159.1922 1.0498 164.4590 3.4210 -8.7570 1.1180 146.7099 2.7889
1058 157.4762 3.5884 -6.8884 0.1596 20.3797 2.3870 -0.9000 4.4884 13.0543 2.8167 -4.2350 0.1951 157.5951 1.6457 163.3669 3.4993 -8.6177 1.7556 148.9651 2.9670
1059 155.1631 3.0874 -7.5968 0.1589 17.8082 2.5246 0.9123 4.5644 15.3130 2.4353 -4.5692 0.3495 156.3750 1.8259 161.8069 3.7552 -8.7509 2.1160 151.4322 2.8666
1060 153.0506 3.0641 -7.9947 0.1205 15.6741 2.3512 3.0285 4.1175 17.4080 2.4634 -4.1185 1.0141 155.5161 2.1956 159.9465 3.9967 -8.9575 2.6700 153.6424 3.0487
1061 151.1109 2.6555 -8.4726 0.0960 13.2706 2.2878 4.9578 4.0064 19.6647 2.4024 -4.0940 1.3141 154.7899 2.3124 157.8046 3.8731 -9.3819 2.8457 156.0596 3.2696
1062 148.8681 2.7376 -8.8949 0.3024 11.1242 2.1604 6.8298 3.5212 21.7677 2.2303 -3.9861 1.8139 154.4147 2.5160 156.0922 3.7352 -9.7081 3.1822 158.3749 2.9523
1063 146.6854 2.4426 -8.9661 -0.1175 9.1931 2.0175 8.7587 3.2521 23.9475 2.4134 -4.7220 2.4450 154.1765 2.4933 153.9846 3.3233 -9.8318 3.8818 160.0928 2.4124
1064 144.4980 2.2659 -8.5014 -0.7765 7.0685 1.9459 10.4967 2.8208 26.5204 2.7664 -5.0810 2.6895 154.4499 2.4258 151.8423 2.8235 -9.9277 4.4513 161.5077 1.8679
1065 142.1088 2.4552 -8.1278 -1.1554 5.3694 1.5453 12.9312 2.9496 28.3762 2.6585 -5.5511 3.0878 154.7686 2.4901 149.6826 2.6134 -9.7756 4.9491 162.8992 1.6546
1066 139.9327 2.4717 -7.7457 -1.0105 4.0420 1.8273 15.0084 2.6998 30.7117 2.6061 -6.0461 3.1730 155.2656 2.4138 147.4670 2.7164 -9.1825 5.0389 163.8199 1.2135
1067 137.3174 2.4565 -7.7855 -1.3001 2.4357 1.6291 16.8874 2.5447 32.9142 2.5995 -6.3198 3.0753 155.9823 2.7347 145.5999 2.3940 -8.7080 5.3017 164.5192 1.0791
1068 134.6121 2.4014 -8.2615 -1.0313 1.2644 1.4094 19.1592 2.4926 35.1741 2.3942 -6.5554 3.1149 157.1537 3.0041 143.9893 2.5564 -8.3095 5.4018 165.3302 0.9230
1069 132.4279 2.6177 -8.4826 -0.9893 0.0759 0.8672 21.3561 2.3826 37.2328 2.6184 -6.5954 3.4035 158.1531 3.2008 142.1920 2.5525 -8.1782 5.7029 166.4176 1.1993
1070 129.7635 2.4502 -8.6146 -0.2857 -1.3655 0.6597 23.6434 2.4396 38.9941 2.4226 -7.0804 3.5423 159.0178 3.3746 141.2458 2.3909 -7.6972 5.5321 166.8238 1.1368
1071 127.9276 2.3496 -9.3065 0.6175 -2.6118 0.2093 25.7008 2.5538 40.5467 2.5512 -7.6112 3.8161 160.2873 3.4496 140.3385 2.3627 -7.8206 5.7781 167.0981 0.8689
1072 125.5396 2.5145 -9.2947 1.2235 -3.4526 0.0941 27.9199 2.6360 41.9259 2.5250 -8.3249 3.5750 161.7003 3.7667 139.4729 2.4438 -8.2813 5.7259 167.6463 0.4276
1073 123.4433 2.5053 -9.2991 1.8808 -4.5932 -0.2006 29.9927 2.4849 42.6340 2.4880 -9.2938 3.4666 162.6958 3.8618 139.2032 2.4971 -9.0851 5.3340 168.2278 0.1995
1074 120.7128 2.5344 -8.6631 2.5442 -5.4545 -0.4664 32.2475 2.5000 42.8306 2.5030 -9.8239 3.0521 163.4573 4.1302 139.3209 2.5949 -9.5954 5.3723 168.3032 -0.1181
1075 118.2629 2.4752 -8.0205 3.1698 -5.6402 -0.6023 34.7812 2.5403 43.1728 2.5115 -10.1811 2.9846 164.3868 4.3497 139.9448 2.5433 -10.1042 5.0848 168.5730 -0.4923
1076 116.0298 2.4108 -7.2248 3.4553 -5.8694 -0.4266 37.0215 2.6234 43.1594 2.4771 -10.1411 2.8960 165.3979 4.3491 140.7664 2.5838 -10.3613 4.5145 168.2579 -0.1273
1077 113.3906 2.5577 -6.3515 3.6439 -6.4821 -0.4306 38.8276 2.4371 43.1906 2.4791 -10.4747 2.6803 166.2066 4.3496 141.4513 2.5639 -10.1943 4.6017 168.4048 0.1867
1078 111.2799 2.4353 -5.9086 3.1903 -6.9627 -1.1310 41.0591 2.5690 42.5798 2.4330 -10.5380 2.6228 166.8738 4.6080 142.2370 2.5468 -10.0868 3.9585 168.6264 0.3023
1079 109.2666 2.3860 -5.4521 3.4066 -7.1676 -1.0876 43.1244 2.5188 42.0268 2.5681 -10.8971 2.2491 167.8226 4.4533 142.7568 2.3838 -9.6243 3.3835 168.7029 0.8601
1080 107.0120 2.6090 -5.6335 3.3834 -7.4353 -0.5736 45.7187 2.7130 40.6958 2.4035 -10.5662 2.2030 168.5355 4.6392 143.6496 2.6294 -9.2714 2.8785 169.2127 1.0962
1081 104.7137 2.6091 -5.9916 3.6199 -7.4181 -0.4436 47.8169 2.7222 39.3179 2.4901 -10.6024 1.6254 168.9453 4.8392 144.5163 2.5815 -8.7022 2.2082 169.4729 1.7328
1082 102.5288 2.5221 -5.8519 3.5086 -7.2456 -0.1148 49.9935 2.6783 37.4935 2.5634 -10.6244 1.5536 169.4490 4.8480 145.1289 2.4278 -7.9171 2.1172 169.1197 2.3803
1083 100.0886 2.5614 -5.4840 3.3842 -7.1951 0.3635 51.9078 2.7433 35.7620 2.6635 -10.4710 1.5898 169.3714 4.6593 145.5246 2.5475 -7.5777 2.1744 169.4485 2.8813
1084 97.9152 2.4448 -5.1304 3.1197 -6.9307 1.2782 53.4790 2.5641 33.9517 2.4660 -10.4116 1.8759 169.8503 4.5890 145.7290 2.4645 -7.2334 2.3420 169.8734 2.6669
1085 95.5928 2.6257 -4.8241 2.8317 -6.8590 2.0561 54.6971 2.4834 32.4412 2.3447 -10.7830 2.6255 169.9592 4.6948 145.4003 2.5380 -6.9370 2.2114 169.9498 3.1466
1086 93.4228 2.6431 -4.3694 2.4311 -6.8325 2.7316 56.1803 2.5205 30.0305 2.5037 -10.8602 3.0997 169.8325 5.0414 144.7452 2.5035 -6.8435 1.6685 169.5914 3.6548
1087 91.0849 2.5161 -3.8214 2.5798 -6.7756 3.3161 56.9333 2.5402 28.3526 2.5106 -10.9643 3.4743 169.7508 5.0884 143.9231 2.6005 -6.5113 1.7862 169.1656 3.8153
1088 88.8154 2.5645 -3.7568 2.2286 -6.7683 3.5778 57.3939 2.5904 25.9063 2.5643 -10.7507 3.5900 169.4321 4.8319 142.6856 2.6657 -5.7920 1.5059 168.5952 3.9653
1089 86.2382 2.7623 -4.2654 1.8506 -6.7478 4.0563 58.0443 2.5015 24.1770 2.4884 -10.4879 3.8799 168.8985 4.4411 141.1100 2.6887 -5.3490 1.3177 168.0720 3.9722
1090 84.2507 2.5920 -4.9560 2.1981 -6.5812 4.2052 57.8543 2.4326 22.1423 2.6135 -10.1635 3.7322 168.5427 4.1654 139.5822 2.4017 -4.8106 1.1897 166.8335 4.0102
1091 81.6671 2.2220 -5.6867 2.5546 -6.3753 4.3707 57.7803 2.5092 21.0527 2.4987 -10.3044 3.5117 167.9800 4.1617 137.5662 2.4358 -4.6414 1.1262 165.8295 4.1332
1092 79.2503 2.4759 -6.3734 2.9211 -6.3020 4.6743 57.8917 2.5257 20.4864 2.4141 -9.9424 3.0495 167.2240 3.9106 135.6530 2.5885 -4.7457 1.3720 164.3329 4.1830
1093 76.5454 2.2783 -7.0027 2.8613 -5.7416 4.6756 56.8307 2.5665 19.7873 2.5030 -9.8843 2.7213 166.0965 4.1062 133.7564 2.6294 -4.6336 1.4219 162.9108 3.6829
1094 74.2562 2.5744 -7.4148 3.4318 -5.6274 4.9572 55.5226 2.5776 19.2129 2.4656 -9.3976 2.4726 165.0562 4.2780 131.6705 2.7521 -5.0753 1.4877 161.3946 3.9323
1095 72.1124 2.5128 -8.0704 3.9697 -5.7259 4.5076 54.0818 2.6569 18.7803 2.5146 -8.7096 2.4687 163.7341 4.3244 129.4410 2.4373 -5.6629 1.5037 159.4608 4.1646
1096 69.9957 2.5345 -8.5153 4.0384 -6.2540 4.2091 52.4027 2.4995 18.7597 2.5165 -8.1523 2.3889 162.0782 4.4101 127.4542 2.5510 -6.2864 1.4987 157.3461 4.0830
1097 67.7341 2.7964 -8.8719 4.1356 -6.4257 3.9507 50.3182 2.4125 19.6063 2.5428 -7.3473 2.0395 160.0978 4.2131 125.0989 2.5808 -6.5784 1.7096 155.4079 3.9900
1098 65.1810 2.3806 -8.8762 3.8306 -6.3316 3.5533 48.4696 2.6370 20.7877 2.6189 -6.9513 2.4020 158.0421 3.9810 123.4055 2.5978 -6.9341 1.7658 153.4164 3.7159
1099 62.9737 2.4622 -9.1740 3.8730 -6.3626 2.9904 47.2273 2.5309 21.9302 2.5195 -6.6581 2.9553 156.1369 3.4119 121.8986 2.5142 -7.5026 1.5461 151.3787 3.2301
1100 60.4196 2.3686 -9.6963 4.6562 -6.0591 2.2713 46.0871 2.3886 23.4862 2.5494 -6.4450 3.2309 154.0359 3.1760 120.4789 2.3751 -8.0385 1.4448 149.2993 2.5992
1101 58.1100 2.3127 -9.8500 4.8642 -5.8493 1.6603 45.2760 2.4756 24.9537 2.3985 -6.2946 3.3463 152.0261 2.8706 119.9438 2.4900 -8.3321 1.4038 147.3964 2.3126
1102 56.0952 2.5225 -9.4048 5.0949 -5.3426 1.7378 44.5377 2.5235 27.1481 2.4650 -5.6395 3.2932 150.0385 2.5801 119.3457 2.4370 -8.5881 1.8328 145.1408 2.4050
1103 54.1637 2.6254 -8.9982 5.3944 -4.9944 2.1463 44.1279 2.5529 29.8026 2.5864 -5.1295 2.7336 148.2717 2.4698 118.6475 2.5038 -8.7647 2.2210 142.7682 2.4422
1104 51.9138 2.4419 -8.6667 5.0397 -5.2264 1.9970 43.5002 2.5390 31.7766 2.7460 -4.9636 2.4938 145.8335 2.5238 118.6982 2.5205 -8.0238 2.8198 140.9029 2.4169
1105 49.7242 2.5124 -8.1323 4.9094 -5.4153 2.0001 43.9398 2.4704 34.0785 2.7648 -4.8704 1.8506 143.4472 2.3654 119.1769 2.4602 -7.8425 3.2479 138.5571 2.4608
1106 47.7082 2.5695 -7.5172 4.7088 -5.9010 2.0224 44.3557 2.4205 36.4899 2.5764 -5.0120 1.5324 140.9259 2.3936 120.1014 2.6104 -7.4368 3.7140 136.5702 2.3340
1107 45.5823 2.5070 -6.6137 4.4494 -6.4696 2.5109 44.6212 2.3526 38.7031 2.5089 -4.9614 1.5579 139.0143 2.3487 121.1310 2.5592 -6.2218 4.1120 134.5075 2.3639
1108 44.1168 2.3875 -5.2935 4.3467 -6.6523 2.7726 45.5025 2.5383 40.9279 2.5371 -4.7593 1.4568 136.7566 2.3987 122.4921 2.5260 -5.3431 4.3156 131.7070 2.3286
1109 42.4862 2.4655 -3.8184 4.2852 -7.2487 2.9078 46.8148 2.6193 42.8753 2.4905 -4.5733 1.3986 134.5154 2.5188 123.7191 2.4987 -3.8929 4.2204 129.3982 2.6287
1110 41.1943 2.5900 -2.0563 4.4293 -7.1673 3.0086 48.6311 2.3493 44.2027 2.4836 -4.2251 1.3122 132.3526 2.4445 125.5508 2.5551 -2.3550 4.4789 127.0382 2.6984
1111 40.6110 2.3851 -0.5183 4.1599 -7.2733 3.1927 50.5694 2.3800 45.1922 2.5010 -4.1836 1.6215 129.9119 2.5358 126.9256 2.4109 -0.4073 4.1946 124.6496 2.6785
1112 39.8630 2.5627 1.3973 4.2820 -7.0981 3.0189 52.6561 2.4363 46.1688 2.3825 -4.1538 1.8977 127.8386 2.5628 128.8943 2.5723 1.1741 4.0981 122.4569 2.4537
1113 39.6593 2.5062 3.2668 3.8357 -6.9933 3.0791 54.9758 2.4540 46.7076 2.5415 -4.0355 1.8457 125.3208 2.4035 131.1503 2.4584 3.0646 3.8596 119.9498 2.6216
1114 39.7250 2.5155 5.2272 3.5625 -7.2505 3.3027 57.5019 2.4948 46.8821 2.5397 -3.6899 1.3287 123.4728 2.3813 133.5593 2.5586 4.8938 3.4035 117.7782 2.5413
1115 39.9480 2.5926 7.4177 3.4261 -7.9010 2.7309 59.7913 2.4614 46.7338 2.5027 -2.9618 1.1460 121.5975 2.5439 136.1009 2.6054 6.8779 3.0056 115.3995 2.5813
1116 41.0044 2.4501 9.3401 2.8054 -8.4906 2.6698 62.2136 2.6917 46.2300 2.5066 -2.5563 1.3849 120.0555 2.4871 138.3071 2.4219 8.7466 2.8309 113.0803 2.5371
1117 41.9064 2.4700 11.1835 2.6227 -8.9788 2.2163 64.3384 2.5926 45.3074 2.4412 -1.4960 1.4110 118.8860 2.4036 140.2004 2.5395 10.9872 2.3820 110.4111 2.3052
1118 43.2158 2.7081 13.4282 2.7075 -9.5700 2.1338 66.9782 2.5072 44.5967 2.5403 -0.4637 1.5162 118.3824 2.5426 142.6869 2.6407 12.6633 2.3707 108.3409 2.5085
1119 45.0524 2.5583 15.2932 2.4580 -9.9290 1.6688 69.4012 2.5923 43.4563 2.3202 1.4670 1.1787 118.0321 2.5554 144.7422 2.5516 14.7137 2.3620 105.9556 2.4479
1120 47.0050 2.5949 16.8755 2.5432 -10.0929 1.7475 71.9074 2.7138 42.2615 2.4336 2.9684 0.9629 117.8081 2.4705 147.1955 2.5592 16.9573 2.2866 104.1588 2.5008
1121 49.4350 2.4861 18.3109 2.5443 -9.9033 1.8957 73.8684 2.4471 40.5686 2.3382 4.6773 1.2129 117.9010 2.4697 150.0297 2.3225 19.5229 2.5078 102.6465 2.6159
1122 51.6572 2.5125 19.3493 2.4895 -10.0859 2.0806 76.4476 2.2510 38.8771 2.4006 6.4519 1.4411 118.0518 2.6222 152.1671 2.0530 21.6085 2.1308 100.8940 2.6917
1123 53.3509 2.5619 20.1487 2.5099 -10.2018 2.1080 78.7223 2.2468 36.7189 2.4954 8.1070 1.6185 118.9821 2.5455 154.7887 1.7857 24.0847 2.2788 99.5708 2.4527
1124 54.3710 2.5825 20.6723 2.5215 -10.1223 2.0440 80.8414 2.5030 34.7918 2.4261 9.8136 1.9998 120.1476 2.5097 156.8034 1.1578 26.0685 2.3151 98.5368 2.5661
1125 55.5681 2.5130 20.9080 2.5230 -9.7282 2.2515 82.9997 2.3255 32.5145 2.2990 11.0706 2.2738 121.1755 2.4184 158.6738 0.9922 28.2776 2.3520 97.7071 2.4813
1126 56.2232 2.5255 20.8611 2.4357 -9.7903 2.1471 85.4466 2.3835 30.3674 2.4093 12.3240 2.3573 122.5910 2.5891 160.2254 0.7101 30.5049 2.3926 97.2564 2.5198
1127 57.0361 2.5862 20.7961 2.5805 -10.0629 2.3957 87.8366 2.3251 28.2795 2.3156 12.9834 2.6052 124.3458 2.5063 161.7365 0.6870 33.0713 2.4652 97.1161 2.5040
1128 57.4089 2.4999 20.8762 2.3929 -10.2300 2.7015 89.8410 2.5621 25.7905 2.5767 13.3918 2.6439 125.7936 2.5504 162.5021 0.3726 35.1906 2.6377 97.3758 2.5530
1129 57.4596 2.4179 19.9670 2.5323 -10.0699 2.7212 91.5277 2.5327 23.6961 2.6994 13.6933 2.5396 126.9581 2.5531 163.0454 0.4907 37.0235 2.2386 98.1760 2.5076
1130 57.3055 2.4822 18.5721 2.4669 -9.5105 3.5719 93.3142 2.5316 21.4243 2.5493 13.7123 2.5058 127.7589 2.4283 163.7068 0.4075 39.3196 2.6707 98.9127 2.5063
1131 56.4995 2.4883 17.3194 2.4902 -9.3781 3.9513 94.6975 2.4880 19.0351 2.6469 13.3145 2.5060 128.5499 2.6044 163.4714 0.2630 41.5538 2.2485 100.3189 2.4500
1132 55.7191 2.4349 15.3647 2.4047 -9.2639 3.7627 95.7533 2.5171 17.1771 2.7075 12.9595 2.5602 128.3826 2.5531 163.4368 0.4164 43.8981 2.2112 102.1001 2.3854
1133 54.5995 2.2106 13.5345 2.4317 -9.1600 4.2626 96.3495 2.4464 14.6714 2.5690 12.1413 2.6587 128.5011 2.5507 162.4817 0.4171 45.5180 2.5884 104.1509 2.3305
1134 53.2585 2.4508 11.2618 2.1206 -8.5702 4.0949 96.6153 2.5475 12.5428 2.5264 10.6590 2.7419 128.1613 2.4541 161.4998 0.5112 47.4391 2.5465 106.1730 2.2644
1135 51.4848 2.4838 9.3817 1.8750 -8.3134 3.9958 96.4866 2.4597 10.8697 2.3670 9.3164 3.0754 127.7327 2.5909 160.1785 0.9929 49.9156 2.5029 108.0870 2.4825
1136 49.5522 2.4714 6.9403 1.5602 -7.8761 3.7652 96.7692 2.5448 8.6065 2.2813 7.9128 3.2386 126.5275 2.5564 158.8644 0.9429 51.9952 2.4097 110.5211 2.5488
1137 47.7188 2.5375 4.7903 1.1402 -7.7558 4.1082 96.5644 2.4573 7.2393 1.9333 6.4373 3.7235 125.6168 2.6064 156.7724 0.9532 54.3268 2.4677 113.0591 2.4745
1138 45.6443 2.5762 2.7738 0.9000 -7.2274 4.1397 96.3303 2.4239 5.4242 1.4844 4.6246 4.1141 123.6522 2.6225 154.5436 0.9903 56.8305 2.4563 115.1339 2.4004
1139 42.9617 2.4499 0.6285 0.8427 -6.5981 4.1538 95.2892 2.4620 3.4607 0.9992 2.6133 4.3778 121.8117 2.5366 152.8715 1.4853 59.1518 2.7778 117.4538 2.5008
1140 40.6321 2.5718 -1.2399 0.7540 -6.2644 4.6210 93.9452 2.5835 1.7197 0.7934 0.8950 4.5418 119.6367 2.6500 150.5670 1.8917 61.5365 2.5863 118.9105 2.5625
1141 38.1505 2.6351 -2.9447 0.5987 -5.8640 4.7593 92.3425 2.4584 -0.1839 0.5100 -0.6864 4.4854 117.0857 2.4615 148.4565 2.3765 63.9387 2.4989 120.2267 2.3553
1142 36.0364 2.5951 -4.2816 1.1076 -5.9029 4.5675 90.3657 2.4867 -2.1780 0.4941 -2.2987 4.4030 114.8722 2.4727 146.5047 2.4334 65.9621 2.6563 121.3576 2.5198
1143 33.7691 2.4631 -5.5388 0.8850 -5.5436 4.1594 88.0337 2.4656 -3.5979 0.9448 -3.3410 4.0991 112.7487 2.5839 144.2513 2.5802 68.0605 2.5351 122.5239 2.3945
1144 31.2184 2.4390 -6.4139 1.0510 -5.5202 3.8051 85.5911 2.5735 -5.2516 1.1455 -4.8352 3.9441 110.5286 2.4708 141.9904 2.4104 69.3597 2.5464 123.1524 2.4121
1145 28.7712 2.5439 -6.9396 1.5261 -5.6357 3.2040 83.3555 2.6404 -6.3621 0.9624 -5.7091 3.6465 108.2488 2.5422 140.0786 2.5831 70.7140 2.6397 123.6256 2.4632
1146 26.1317 2.4007 -7.5372 1.8150 -5.6089 3.0700 81.5082 2.2448 -7.4074 0.9255 -6.5631 2.9368 105.9215 2.5474 137.7554 2.4696 71.1061 2.4871 123.6262 2.5418
1147 23.9998 2.4637 -7.9377 2.1322 -5.4705 2.8014 79.6116 2.4085 -8.5547 0.8319 -7.0934 2.6010 103.7159 2.6602 135.5800 2.3285 72.0581 2.5161 123.3137 2.5668
1148 21.7575 2.4760 -8.0099 1.9245 -4.4255 2.8624 77.4413 2.2992 -9.0557 0.8094 -7.1237 2.5297 101.5630 2.6356 133.2074 2.4549 73.1013 2.4553 122.7324 2.6666
1149 19.9101 2.4086 -7.8788 1.8717 -3.9143 2.8086 75.6034 2.4864 -9.2952 0.3897 -7.2655 2.1697 99.2392 2.5669 131.1097 2.4170 73.6958 2.5226 121.5339 2.6483
1150 17.7823 2.6282 -8.1749 1.7427 -3.0606 2.0463 73.5631 2.6830 -9.1405 0.0761 -7.1808 2.4500 96.8022 2.5938 129.1804 2.5893 74.1923 2.5250 120.4046 2.6982
1151 15.9730 2.6108 -7.9339 1.8720 -2.3199 1.6294 71.0223 2.5644 -8.8650 0.0819 -6.6686 2.3811 94.7302 2.3774 126.6758 2.6330 74.7150 2.5050 118.3527 2.6569
1152 14.1280 2.5027 -7.5323 1.8947 -1.9001 1.3566 68.7454 2.5641 -8.6652 0.2034 -6.3310 2.2394 92.4738 2.6870 124.4656 2.5143 75.5959 2.4917 116.1580 2.6346
1153 12.9032 2.6258 -7.1988 1.7902 -1.2574 1.3495 66.7073 2.6024 -8.0985 0.4086 -5.9609 2.1340 90.4100 2.6193 122.2790 2.4816 75.6703 2.5534 114.1918 2.4209
1154 11.7174 2.5256 -6.3921 2.1999 -0.3931 0.9811 64.6836 2.6389 -7.6927 0.9851 -5.8869 2.2791 88.0928 2.7296 120.4718 2.3398 76.0585 2.5526 111.6470 2.3592
1155 11.3191 2.3985 -5.2098 1.7979 0.9661 1.0385 62.7690 2.6129 -7.2988 1.3077 -5.9855 2.2772 85.8432 2.6161 118.8265 2.5682 76.4221 2.5413 109.3498 2.4307
1156 10.8772 2.3653 -4.0009 1.9310 2.2907 1.2084 60.3236 2.5968 -6.9775 1.7051 -5.9864 2.3312 83.4176 2.7262 117.4299 2.4570 76.8351 2.4885 107.2926 2.3855
1157 11.0648 2.4574 -2.7253 1.9531 3.9627 1.3455 57.9516 2.7785 -6.3736 1.7037 -6.0302 2.5927 80.8136 2.5590 115.8680 2.6445 77.4534 2.5038 105.2878 2.2695
1158 11.1327 2.5174 -1.4485 1.9405 6.0062 1.3239 55.6281 2.6429 -5.8685 1.7873 -6.4178 2.7160 78.0586 2.5207 114.6802 2.4803 77.8859 2.4598 103.0795 2.7257
1159 11.6239 2.4137 -0.4092 1.7471 8.1218 1.6634 53.6265 2.5940 -5.4171 1.6900 -6.6648 3.4845 76.1169 2.4350 114.4303 2.4948 78.9933 2.4578 100.9572 2.5104
1160 12.0852 2.4239 0.9448 1.3175 10.3367 2.0712 51.1771 2.5997 -5.5139 1.4444 -6.8411 3.9405 73.7824 2.5541 113.6574 2.4531 80.4207 2.5459 98.2615 2.6091
1161 12.9650 2.5767 1.8583 1.2744 12.4745 2.3393 49.0816 2.3889 -5.0332 1.2829 -7.0002 4.3187 71.4471 2.7083 113.7945 2.5415 81.7163 2.4033 95.6372 2.2883
1162 14.2016 2.4185 3.1779 1.2071 14.4095 2.5079 46.6495 2.6211 -4.9043 1.4765 -7.2298 4.7727 69.3043 2.5687 113.9508 2.5909 83.4706 2.4243 93.1930 2.3293
1163 15.6155 2.5617 4.9225 1.5522 16.7899 2.3746 44.1298 2.6358 -4.8224 1.7155 -7.6805 5.0738 67.0214 2.5855 114.2599 2.6442 85.4779 2.5284 90.9285 2.5670
1164 17.1571 2.6433 6.8522 1.5774 18.8414 2.5456 41.9132 2.1582 -4.9693 1.6829 -7.5252 5.4698 64.8314 2.5589 115.0937 2.5846 88.0563 2.4420 89.0093 2.4845
1165 19.0281 2.5043 9.1844 1.7124 20.3361 2.3949 39.4439 2.3571 -5.3033 2.4485 -7.5312 5.5739 62.6282 2.6608 116.4403 2.4592 90.0916 2.6167 87.9496 2.4859
1166 21.6098 2.4355 11.3114 2.1053 22.5910 2.4634 36.9441 2.3236 -6.0912 2.6682 -7.6697 5.5245 60.3608 2.5064 118.0478 2.5365 92.0112 2.4488 86.8806 2.5425
1167 23.8446 2.5447 13.5417 2.4086 24.8460 2.3440 34.9670 2.6106 -6.2863 3.4527 -7.5955 5.1160 58.4580 2.4845 120.0240 2.5447 93.8772 2.4947 86.1765 2.5208
1168 26.1390 2.5694 15.5923 2.2279 27.1813 2.4872 32.4672 2.6324 -6.9262 3.2931 -7.1842 4.9715 56.3853 2.3880 122.1246 2.3924 95.1936 2.4119 85.2882 2.4689
1169 28.0422 2.4797 17.4775 2.4765 29.2757 2.6015 30.5188 2.4269 -7.7852 3.0015 -6.8928 4.8612 54.7788 2.4180 124.2273 2.4869 96.0676 2.5989 84.6597 2.5274
1170 30.4632 2.5832 20.0762 2.4699 32.0338 2.6773 28.9064 2.4878 -7.8868 2.3789 -6.4408 4.7757 53.8054 2.3969 126.1102 2.4810 96.7471 2.5624 84.3204 2.4638
1171 32.5449 2.7343 22.2882 2.3151 34.2717 2.4918 27.3810 2.5662 -7.9857 1.8707 -6.3174 4.1737 53.0080 2.4798 128.5430 2.4531 97.4040 2.5523 84.3074 2.5328
1172 34.9597 2.4699 24.7845 2.4967 36.2330 2.4675 26.1089 2.4594 -8.4510 1.4357 -6.0301 3.5276 51.9839 2.4565 130.7093 2.4083 97.5673 2.5334 84.3831 2.5662
1173 37.0403 2.4101 26.6339 2.4574 38.4357 2.6829 24.8914 2.5753 -8.1826 1.0220 -6.1909 2.8162 51.9437 2.5275 132.9140 2.3658 97.3819 2.5905 84.9890 2.5963
1174 39.5336 2.3485 29.0182 2.4735 40.3390 2.6236 24.4315 2.5295 -8.1312 0.9495 -6.3411 2.5530 52.3046 2.5198 135.0244 2.6154 97.2232 2.5059 86.3446 2.5330
1175 41.5023 2.6203 31.2590 2.3141 42.6430 2.4610 23.5257 2.4666 -8.0020 0.7385 -6.3522 2.2479 52.8455 2.4554 137.2859 2.6996 96.3942 2.5378 87.9240 2.7127
1176 43.9937 2.5434 33.2491 2.3944 45.0220 2.6149 23.4058 2.5008 -8.0295 1.1805 -6.5508 2.1079 53.5425 2.3782 139.5981 2.5402 95.4458 2.5331 89.5161 2.6812
1177 46.1766 2.5798 35.0132 2.4583 47.1796 2.6661 23.2929 2.4426 -7.8735 1.2626 -6.7693 1.8781 54.4193 2.5237 141.8646 2.4952 94.3095 2.6179 91.7565 2.4505
1178 48.6985 2.4779 37.3936 2.3502 49.4915 2.4196 23.6886 2.5694 -7.4829 1.7187 -7.3125 2.0084 55.9129 2.2853 144.2542 2.2399 92.9174 2.7179 94.2063 2.5884
1179 50.6029 2.3671 39.4506 2.5301 51.7063 2.6083 24.5572 2.5272 -7.6128 1.6350 -7.6405 2.4029 57.1545 2.3688 146.6576 2.3812 90.9713 2.6567 96.8121 2.5332
1180 53.1222 2.2827 41.8183 2.5510 53.9880 2.4836 25.6754 2.6079 -7.2518 2.0216 -7.9254 2.7603 58.8774 2.4915 149.0354 2.0742 88.6905 2.5194 99.3055 2.5811
1181 55.0423 2.3122 43.8872 2.3721 55.9067 2.5469 27.1224 2.3702 -7.1241 1.6751 -8.2652 2.8763 60.7323 2.4867 151.2144 1.6757 87.1146 2.4743 101.6491 2.4823
1182 57.0610 2.3240 46.6073 2.4698 57.5360 2.4035 28.9591 2.6506 -6.5264 2.2702 -8.4061 3.2004 61.8845 2.4805 153.4092 1.7032 84.5279 2.2273 103.4926 2.3706
1183 59.5886 2.3758 49.1125 2.4261 58.8866 2.6617 31.2934 2.6346 -5.9144 2.5912 -8.5279 3.7249 63.2607 2.7283 155.4972 1.2734 82.7298 2.3999 105.3200 2.7052
1184 62.4547 2.3764 51.4994 2.4390 59.6301 2.4985 33.5074 2.4293 -5.5893 2.2366 -8.0307 4.1655 63.8884 2.5151 157.1785 0.8195 80.4736 2.3677 106.9837 2.4263
1185 64.9441 2.4425 53.8529 2.6506 60.4025 2.4510 35.8054 2.6482 -5.6497 2.8661 -7.8783 4.5873 64.6344 2.5304 158.8190 0.7844 78.0943 2.4578 108.6282 2.4505
1186 66.6738 2.5218 56.3605 2.6928 60.7339 2.4987 37.5521 2.6442 -6.0121 3.6359 -7.6765 5.0595 64.8845 2.4867 160.5185 0.5141 75.5983 2.5475 110.0108 2.4872
1187 68.5142 2.5866 58.5657 2.5351 60.7753 2.5693 38.7148 2.5042 -6.2537 3.6845 -6.9221 4.6856 64.8598 2.5450 161.8167 0.6825 73.0487 2.3346 110.8349 2.4872
1188 70.3284 2.5583 61.0473 2.2148 60.8250 2.4563 39.9828 2.4733 -6.5829 3.9123 -6.6020 4.2286 64.4000 2.4899 163.6073 0.7867 70.6604 2.3231 111.5470 2.4428
1189 72.8069 2.3858 63.4169 2.4234 60.4730 2.4640 40.4264 2.5588 -7.3053 4.3216 -6.6275 3.7406 63.4932 2.5172 165.1515 0.9556 68.2412 2.1620 111.9678 2.4245
1190 74.8232 2.5248 65.9446 2.3171 59.7155 2.4450 40.9111 2.4746 -7.7320 4.2033 -6.2155 3.2106 62.7233 2.3465 166.2625 0.9046 66.1805 2.3445 112.4459 2.4873
1191 76.7110 2.5114 67.9600 2.4726 59.1005 2.5371 41.0111 2.4583 -8.2867 3.8743 -5.7201 3.1242 61.4030 2.4258 167.6442 0.8482 63.9322 2.6673 112.3318 2.4392
1192 78.2377 2.4640 70.1677 2.5385 58.1910 2.4240 40.9225 2.4942 -8.6560 3.3431 -5.5961 3.1569 60.1774 2.5068 168.5974 0.1981 61.5420 2.5767 112.0823 2.4902
1193 79.5161 2.5461 72.3056 2.2965 56.9524 2.3976 40.2768 2.5491 -8.8497 2.8206 -5.2932 2.8055 58.6225 2.4440 169.4269 0.0932 59.2052 2.4474 111.1807 2.4248
1194 80.1874 2.3968 74.9072 2.3980 55.0559 2.3749 39.4149 2.3770 -8.9577 2.4300 -4.8481 2.3019 56.3854 2.3156 169.9369 0.0348 57.0499 2.5702 109.8390 2.4783
1195 80.7119 2.5758 77.4675 2.2583 53.2235 2.5164 37.8863 2.4101 -9.0932 2.3145 -5.4697 2.0263 54.0821 2.5451 169.9941 -0.2520 54.7410 2.3405 108.5153 2.3946
1196 80.9528 2.4266 79.6040 2.6117 50.5605 2.3957 36.4122 2.5379 -9.2656 2.0089 -5.6851 2.1926 52.0419 2.2993 169.8708 0.1620 52.5505 2.5351 107.0744 2.3505
1197 80.7161 2.4599 81.7665 2.5457 48.5356 2.3240 34.6762 2.4091 -9.4144 1.6960 -6.2715 1.8624 49.6630 2.4834 169.7683 0.1290 50.3451 2.5695 105.3554 2.5571
1198 80.4953 2.4085 83.9538 2.5738 46.2940 2.3756 32.6412 2.3118 -9.6597 1.2272 -6.9344 1.5784 47.3731 2.3508 169.6693 0.3452 48.0702 2.6344 103.4613 2.5521
1199 79.4106 2.5790 86.2022 2.4521 43.9548 2.6344 30.4858 2.2630 -9.5046 0.7715 -7.3225 1.2310 44.9287 2.1654 169.4430 0.8332 45.5660 2.7420 101.1936 2.5490
1200 78.2063 2.4014 88.1488 2.5456 41.8796 2.5561 28.3980 2.4737 -9.6457 0.4277 -7.9720 1.1399 42.8566 2.6850 169.3697 1.5082 43.1029 2.5179 98.7046 2.6793
1201 76.8360 2.5117 90.1043 2.6801 39.8192 2.5628 25.9221 2.5907 -9.4325 0.8750 -8.2314 1.6454 40.8411 2.3811 169.4625 1.2970 41.2225 2.6098 96.6201 2.5772
1202 75.2790 2.4705 92.3955 2.6191 37.2921 2.5262 23.7668 2.6611 -8.8763 1.3254 -8.8537 2.1160 39.0505 2.2465 169.6437 0.9679 38.7685 2.5917 94.2045 2.6044
1203 73.8192 2.3924 94.6961 2.6945 34.9722 2.5755 21.7470 2.5886 -8.6120 1.7950 -8.8566 2.6971 37.2774 2.3004 169.6211 0.8210 36.5817 2.6239 92.1649 2.6675
1204 71.4854 2.5747 96.8698 2.6133 33.0422 2.3727 19.1751 2.6117 -8.2609 2.1862 -9.0121 3.6558 35.2345 2.3712 169.4159 0.1972 34.4658 2.5221 89.6329 2.6014
1205 69.2075 2.3714 99.3479 2.3290 30.5987 2.3791 16.7155 2.6179 -7.7846 2.6729 -8.9368 3.9698 33.1524 2.4266 168.7323 -0.1228 32.0370 2.6499 87.9713 2.4705
1206 67.3098 2.6065 101.7266 2.4559 28.0440 2.5792 14.5514 2.3530 -7.6400 3.5713 -8.7041 3.9716 30.4697 2.4800 168.0646 0.2823 29.8339 2.5153 86.2962 2.4902
1207 65.4147 2.5941 103.6787 2.6484 25.7511 2.5841 12.3230 2.3791 -7.5775 4.0198 -8.5870 4.1694 28.2840 2.4714 167.4837 0.3528 27.6807 2.5907 84.6954 2.5474
1208 63.8351 2.4483 105.7913 2.4640 23.4539 2.4978 10.2482 2.5657 -7.9454 4.6341 -8.3358 4.3563 26.2956 2.5655 167.8344 1.0806 25.5080 2.3930 83.2912 2.6010
1209 62.7837 2.4381 108.2980 2.5524 21.3411 2.5653 8.2780 2.3420 -7.9160 5.0757 -8.3438 4.2522 23.8616 2.3136 168.1453 1.4387 23.3032 2.3942 82.2226 2.4844
1210 61.8653 2.4884 110.6896 2.6422 18.6900 2.5348 5.9879 2.0588 -8.3856 5.4258 -8.4408 4.0459 21.8799 2.4400 168.6711 1.3824 21.1192 2.4482 81.5549 2.4655
1211 61.4372 2.5850 112.9358 2.7341 16.2057 2.6030 3.9124 1.2668 -8.1700 5.3744 -8.1135 3.7278 19.5148 2.5096 168.8683 2.0296 19.1761 2.5197 81.0532 2.5028
1212 60.9528 2.5585 115.2892 2.7067 13.9952 2.4941 1.9951 0.9676 -7.9577 5.4826 -7.9450 3.6448 17.4579 2.4801 168.8709 1.9354 17.4779 2.5753 80.8236 2.5332
1213 60.7319 2.5197 117.6714 2.5709 12.0743 2.2176 0.6063 0.9153 -8.1166 5.4843 -7.8202 3.4603 15.7201 2.5197 169.0409 2.1934 15.8787 2.5448 81.2115 2.5334
1214 60.4420 2.5399 120.2717 2.4590 9.7962 1.9518 -0.6734 0.5775 -7.7608 5.1446 -8.1153 3.4597 14.2429 2.3527 168.6809 1.8499 14.6715 2.5836 81.6233 2.5392
1215 60.2414 2.3938 122.5235 2.6928 7.5996 1.5602 -2.2073 0.2829 -7.8119 4.7007 -7.6534 3.4788 12.8805 2.5116 168.2111 1.9703 14.0607 2.5109 82.0742 2.5770
1216 60.1003 2.4654 124.3573 2.5997 5.3269 0.8157 -3.2728 0.4316 -8.0757 4.3008 -6.6716 3.0643 12.1934 2.4992 167.4882 1.7812 13.2474 2.5697 82.8143 2.4515
1217 59.8104 2.4994 126.6481 2.5227 2.8946 0.6544 -4.2881 0.3665 -8.6942 3.7310 -5.9605 3.1149 11.4060 2.4952 166.4556 2.0034 12.9831 2.4879 84.3952 2.4852
1218 59.5242 2.5119 129.1777 2.5922 1.3372 0.2128 -5.1347 0.0739 -8.9780 3.7506 -5.7545 2.6507 11.0655 2.5358 164.9639 2.0102 12.7209 2.4716 85.9383 2.4865
1219 59.4174 2.5059 131.1856 2.3847 0.0293 -0.0542 -5.5028 0.0491 -9.5344 4.0653 -5.6349 2.0583 10.9000 2.6122 163.7827 2.4263 13.1073 2.4976 88.1534 2.6611
1220 59.3039 2.4319 133.5995 2.4078 -1.5354 -0.1139 -5.8734 0.0711 -10.0391 4.3115 -5.4517 1.3701 11.5056 2.4328 162.4168 2.6720 13.7966 2.4480 90.2481 2.6768
1221 59.3884 2.4774 136.1643 2.4985 -2.6333 -0.4178 -5.6974 0.2279 -10.1664 4.1257 -5.5608 0.5897 12.1822 2.4870 160.8786 3.0133 14.4462 2.3603 91.6568 2.4526
1222 59.2941 2.5412 138.4973 2.5357 -3.2097 -0.2991 -5.3879 0.2770 -10.3963 4.0040 -5.9947 -0.0679 13.0888 2.4083 159.0796 3.0554 15.6828 2.3825 93.4984 2.3199
1223 59.1186 2.5202 140.7527 2.5921 -4.2830 -0.4542 -5.2916 0.5498 -10.6817 3.5719 -6.6696 -0.2431 14.3540 2.3711 157.1485 2.8551 17.0360 2.3752 94.5778 2.4195
1224 58.8493 2.4564 142.6093 2.4748 -4.6812 -0.5621 -5.0339 0.6887 -11.0999 2.9337 -7.2271 0.0197 16.2659 2.3246 155.0287 2.7157 18.9120 2.4763 95.3813 2.5300
1225 58.4709 2.5369 144.4330 2.6782 -4.8881 -0.2290 -4.9761 0.9475 -10.8475 2.7378 -7.8083 -0.1714 17.7040 2.5845 152.6082 2.7402 21.2135 2.6083 96.1641 2.5138
1226 58.1794 2.4729 146.6294 2.6075 -4.6412 -0.4238 -4.7115 1.5641 -10.8645 2.4219 -7.8768 0.0491 20.0626 2.5176 150.5281 2.4567 23.1643 2.6030 96.4980 2.5016
1227 57.9524 2.5504 149.1282 3.0786 -4.1826 -0.1490 -5.0357 2.0725 -10.6121 2.5122 -8.1651 0.3334 22.0940 2.5805 148.3511 2.6276 25.4427 2.4596 96.8751 2.4983
1228 57.7827 2.4116 151.2781 3.3930 -3.5189 0.3265 -5.5635 2.8621 -10.1523 2.4974 -7.9308 0.9318 24.6532 2.6962 145.9162 2.5239 27.5363 2.6058 96.3098 2.4729
1229 58.1498 2.5029 153.2249 3.5393 -2.5541 0.2320 -6.1217 3.7972 -9.9791 2.5141 -7.8257 1.3755 27.2194 2.6063 143.6621 2.3838 29.6551 2.5854 95.9520 2.3461
1230 57.9375 2.3790 155.1125 3.7167 -1.4418 0.1423 -6.4235 3.8878 -9.5501 1.9617 -8.0956 1.5789 29.4005 2.2806 141.1718 2.8082 31.8696 2.3751 94.9317 2.4627
1231 58.2697 2.3479 157.0484 4.2630 0.2588 0.2407 -6.4296 4.1902 -9.7367 1.8433 -8.2273 1.9472 31.6341 2.4505 139.1835 2.5680 34.1501 2.3857 93.8990 2.2890
1232 59.4277 2.4396 158.6126 4.4940 2.1177 0.4411 -6.7606 3.7012 -9.2646 1.8278 -8.3045 2.6282 34.2504 2.5013 137.2701 2.5056 36.4995 2.4565 91.9715 2.5265
1233 60.7509 2.5636 160.0485 4.9102 4.1843 0.8185 -7.2153 3.7149 -8.6316 1.9673 -8.5474 3.1715 36.8260 2.5773 135.2183 2.6225 38.7193 2.3956 90.1702 2.3479
1234 62.2500 2.6167 161.5686 5.1623 6.6543 1.2980 -7.8655 3.7778 -7.5945 2.2356 -8.6113 4.1673 39.3648 2.3743 133.9848 2.5785 40.9637 2.5242 88.3430 2.4961
1235 63.7291 2.4278 163.0840 5.1204 8.5152 1.8474 -8.3903 4.2785 -7.2056 1.9148 -8.5462 4.6552 41.4807 2.2282 132.5428 2.6497 43.1620 2.4034 86.1737 2.2991
1236 65.5170 2.5839 163.8454 5.3480 10.5941 2.1374 -8.9207 3.9989 -7.2781 1.7228 -8.8080 4.7454 43.3425 2.3132 131.2603 2.6089 45.3643 2.5676 83.6896 2.5018
1237 67.6748 2.6736 165.0069 5.6287 13.0249 2.6074 -9.6335 3.9837 -6.7324 1.8282 -8.8855 5.0675 45.8140 2.4357 130.4854 2.4891 46.9205 2.5784 81.4892 2.6045
1238 70.0916 2.6594 165.5149 5.9151 15.3608 2.4444 -9.9336 3.8374 -6.4160 1.7805 -8.7296 5.7490 48.2124 2.4988 130.4651 2.4463 48.8387 2.4894 79.2177 2.6336
1239 72.7568 2.6313 166.1081 6.0896 17.3090 2.4146 -9.7339 3.6346 -6.6758 1.8607 -8.5879 5.5359 50.7481 2.6443 130.4070 2.5118 50.8207 2.5600 77.0421 2.5474
1240 74.7634 2.4067 166.8556 5.7711 19.8153 2.4069 -9.5768 3.6705 -6.7968 1.7874 -8.4074 5.0828 52.8007 2.3104 130.0265 2.4733 51.8243 2.5790 74.8470 2.7625
1241 76.8558 2.3079 166.9751 5.3804 21.9185 2.5081 -9.3987 3.7626 -6.7289 1.7958 -8.3763 4.4442 54.6748 2.4183 130.2876 2.4864 52.5652 2.5914 72.0465 2.5230
1242 79.1592 2.2901 167.2630 5.0028 24.1791 2.5636 -9.4254 3.8804 -6.4924 2.1303 -8.4604 3.9319 56.7296 2.4579 131.1128 2.4652 53.3647 2.5473 69.5996 2.2880
1243 81.4603 2.3133 167.5475 4.6379 26.7210 2.5791 -9.1774 3.5984 -6.6890 2.3849 -8.2271 3.5395 59.0027 2.5773 131.7442 2.4298 53.9989 2.4954 67.1322 2.3959
1244 83.8836 2.2834 167.4978 4.4287 28.7136 2.5638 -8.7978 3.6035 -6.9483 2.8567 -7.9872 3.3156 60.1383 2.4238 132.6906 2.5593 54.1665 2.4803 64.8893 2.2490
1245 86.1022 2.5638 167.5508 4.2492 30.4885 2.5490 -8.3032 3.7480 -7.1261 3.2025 -8.5145 2.5854 62.1953 2.6784 133.9228 2.4675 54.2079 2.6298 62.6270 2.3825
1246 88.1354 2.3910 167.6595 4.4445 32.0833 2.3380 -7.8281 3.4672 -7.8319 3.7883 -8.7697 1.9611 63.8974 2.4276 136.0765 2.4124 54.0484 2.4872 60.4009 2.6166
1247 89.6449 2.4415 167.1140 4.9184 33.8859 2.5087 -7.5696 3.2801 -8.4054 4.4184 -9.2433 1.8489 64.4996 2.4389 137.9192 2.4395 53.0678 2.5421 58.4611 2.4376
1248 91.0076 2.5391 167.6129 5.5375 34.9374 2.6194 -7.1371 3.1782 -8.7802 4.3840 -9.7281 1.5773 64.8682 2.4613 140.4028 2.5763 52.1827 2.4261 56.1392 2.2596
1249 92.0278 2.3883 167.9199 5.3168 36.1291 2.5324 -6.6691 3.0127 -9.2856 4.4767 -9.5846 1.3925 65.2036 2.5738 143.0078 2.6393 51.0161 2.5804 53.7942 2.5216
1250 92.4414 2.5316 168.1097 5.0417 36.8395 2.5537 -6.6222 2.9004 -9.2236 4.5729 -9.3946 1.3974 65.3505 2.5138 145.3054 2.4153 49.0891 2.4416 51.5171 2.5920
1251 92.9438 2.4164 168.4607 5.1217 37.5729 2.3973 -6.2281 2.8847 -9.6302 4.1693 -9.4640 1.5236 65.1729 2.5206 147.6718 2.3504 47.1225 2.4465 49.4127 2.7311
1252 93.3662 2.5188 168.8774 5.2109 37.6823 2.4792 -5.6624 2.7683 -9.6384 3.5697 -9.3984 1.6128 64.6327 2.4399 150.0643 2.3785 45.1266 2.3395 47.0306 2.5535
1253 93.4996 2.4436 169.3417 5.1551 37.7736 2.5103 -5.6671 2.5875 -9.4746 3.4792 -9.2981 1.2562 63.9142 2.4484 152.4688 1.9543 42.9741 2.6073 44.7897 2.4599
1254 93.1792 2.4516 169.5833 4.7912 37.2829 2.5945 -5.7948 2.4805 -9.4808 3.2194 -8.8802 1.4609 62.2714 2.6368 154.5949 1.6936 40.3911 2.4330 42.8828 2.5345
1255 92.5688 2.5139 169.6718 4.9103 36.3862 2.4988 -6.3455 2.6684 -9.1534 3.8830 -8.7785 1.5020 60.9393 2.5974 156.2681 1.4320 38.1082 2.3470 40.8080 2.5417
1256 91.4790 2.5020 170.0597 5.0286 35.2377 2.4441 -7.0020 2.7667 -9.0760 4.3640 -8.7339 1.6567 58.9991 2.4404 157.4681 1.6130 35.7000 2.7527 38.6442 2.5740
1257 90.0705 2.5557 170.6197 4.8201 34.1489 2.6407 -7.6128 2.0181 -8.7639 4.3122 -8.7136 1.4083 57.2912 2.3665 158.3365 1.5641 33.1685 2.5514 36.2039 2.4938
1258 88.7080 2.5279 171.3399 4.2608 32.8144 2.6269 -8.0060 1.7509 -8.5102 4.4224 -9.1766 1.6896 55.1409 2.6159 159.1751 1.5011 30.8141 2.3898 33.7834 2.5870
1259 86.7885 2.3963 171.5012 3.8604 31.1609 2.3815 -8.2585 1.3840 -8.6182 4.5028 -9.2630 1.6426 52.9885 2.5501 159.2485 1.4797 28.6141 2.5242 31.1109 2.5868
1260 84.6204 2.4795 171.3215 3.2278 29.2125 2.5523 -8.4265 1.8092 -8.3608 4.7664 -9.3627 1.7927 50.9297 2.4846 159.4964 1.4396 26.2451 2.6735 28.6241 2.5628
1261 82.1759 2.5156 170.9374 2.6734 27.5126 2.3536 -8.2398 1.9932 -8.3758 4.3471 -9.5589 2.0584 48.3734 2.3073 159.6354 1.5605 24.0593 2.6385 26.3444 2.4892
1262 80.4517 2.6638 170.6227 2.7407 25.1683 2.3354 -8.8445 2.3442 -8.0882 4.1296 -9.2464 2.6247 46.1284 2.5109 159.0561 1.5446 21.7239 2.5659 23.8811 2.4867
1263 78.1373 2.7021 170.2849 3.0195 22.9011 2.3259 -9.0949 2.5067 -8.2589 4.2347 -8.6782 2.8914 44.0446 2.7689 158.4306 1.5698 19.3475 2.5076 21.4286 2.4951
1264 75.9549 2.5629 169.7529 2.9365 21.2478 2.5622 -9.1173 2.9528 -8.2066 4.4027 -8.3470 3.0887 41.5034 2.7604 157.2747 1.3380 17.0068 2.4768 19.2567 2.4082
1265 73.9620 2.7369 169.8337 3.2446 19.7811 2.6977 -8.8300 3.0422 -8.4125 4.6578 -8.1458 3.0590 39.0662 2.5469 156.0421 1.3077 14.8366 2.4314 17.5270 2.3619
1266 71.3969 2.4035 169.6285 3.4797 18.4198 2.4705 -8.6079 3.0580 -8.5703 5.0082 -8.1985 3.3268 36.7123 2.6068 154.3098 1.4703 12.6395 2.5833 16.2117 2.4584
1267 68.9957 2.4560 169.9273 3.5151 17.5655 2.5883 -8.9636 2.6506 -8.6451 5.9458 -8.3440 3.2026 34.6039 2.4699 152.4921 1.4596 10.4976 2.5426 14.9286 2.5014
1268 66.7244 2.4479 169.6511 3.4297 16.2855 2.4740 -8.6724 1.9054 -8.6848 6.0657 -8.4032 2.8712 32.1294 2.5412 150.5305 1.8046 8.8089 2.4007 13.9584 2.4040
1269 64.5048 2.3255 169.8998 2.9741 15.7676 2.4943 -8.4133 1.6981 -8.5357 6.0349 -9.1174 1.9980 29.9245 2.4451 148.9434 2.4941 6.9848 2.0467 13.5571 2.5076
1270 62.4847 2.4165 170.1582 2.5955 16.2143 2.5196 -7.8163 1.5829 -8.7159 5.5764 -9.2603 2.0543 28.0664 2.5383 147.0034 2.5632 5.0135 2.0639 13.1061 2.5132
1271 60.6110 2.5071 170.2364 2.3775 17.0023 2.4675 -7.1063 1.7905 -8.8294 5.0266 -9.8901 1.6552 25.9441 2.2851 144.8154 2.3486 3.6478 1.9424 13.1111 2.4553
1272 59.3196 2.5705 169.9509 2.2327 17.5403 2.5455 -6.5010 2.2550 -8.6342 4.2302 -10.3574 1.6275 23.9315 2.4775 142.6451 2.4814 1.8390 2.0984 13.5524 2.4232
1273 58.4516 2.5501 169.7401 2.3601 18.0834 2.5593 -6.0146 2.7909 -8.9519 3.9479 -10.2891 1.4398 21.6540 2.7114 140.3485 2.6035 0.2271 1.8799 14.3716 2.4726
1274 57.1128 2.5921 169.6596 2.2417 18.9209 2.6060 -5.5952 3.0771 -8.9406 3.2879 -9.7709 1.2940 19.4659 2.4885 138.1961 2.3823 -1.1362 1.5998 14.7105 2.4355
1275 56.2453 2.5733 169.3723 2.0489 20.4455 2.6554 -5.6187 3.9040 -8.7069 2.6710 -8.9859 1.3817 17.6620 2.5419 135.9945 2.4726 -1.8794 1.5674 15.5602 2.4716
1276 55.7019 2.5051 169.0556 1.8513 22.3205 2.3583 -5.6549 3.9030 -8.3063 2.1356 -8.5281 1.6036 16.7167 2.4451 133.7825 2.4535 -2.5612 1.4461 16.6639 2.4721
1277 55.1340 2.4519 169.3257 1.3973 24.7033 2.5271 -6.1455 4.2359 -7.7486 2.1747 -8.3429 1.2870 15.9490 2.4379 131.6435 2.4011 -3.1455 1.5644 17.6236 2.4679
1278 54.5896 2.4473 169.6850 1.3773 27.2081 2.3414 -6.6805 4.2557 -7.6678 2.0327 -8.2595 1.4524 15.1498 2.4885 129.0050 2.5406 -3.1879 1.2918 18.4533 2.3857
1279 55.0636 2.4394 169.7686 1.0274 29.8773 2.3202 -6.7410 4.5558 -7.5696 1.4144 -8.2805 1.1945 14.4701 2.4789 126.5710 2.5899 -3.7097 0.7556 19.3629 2.4733
1280 55.9600 2.5082 169.9592 0.5560 32.0830 2.5628 -6.9773 4.7765 -7.9450 1.2701 -8.2417 1.1184 14.4755 2.4925 124.4400 2.5001 -3.9275 0.6357 20.0120 2.4090
1281 56.6313 2.6365 169.9891 0.7028 33.5769 2.5235 -6.9496 5.1685 -8.2645 1.1431 -8.4789 1.0126 14.9745 2.5321 122.1949 2.4949 -4.4333 0.1906 20.2391 2.4198
1282 57.5882 2.5085 170.1754 0.5938 35.0326 2.3461 -6.9608 5.4485 -8.3374 0.6657 -8.3902 0.9147 15.8726 2.5291 120.0933 2.2757 -4.3916 0.1198 20.4356 2.5309
1283 59.1518 2.5524 169.9845 0.5769 36.0221 2.4790 -7.2034 5.8064 -8.0883 0.3062 -8.0083 0.9676 16.6561 2.6616 117.8849 2.4851 -4.2852 0.0148 20.8661 2.5207
1284 61.3009 2.5957 170.5908 1.0810 36.6246 2.5572 -7.0523 5.9036 -8.1673 0.0548 -7.6101 1.3265 18.2288 2.5190 115.4319 2.5289 -4.4381 0.1030 21.4220 2.5433
1285 63.2618 2.6312 170.6672 1.3670 37.5627 2.5018 -6.9256 5.9066 -7.5655 0.1349 -7.5015 1.9670 19.8171 2.6242 113.3620 2.7800 -5.1148 0.6592 21.9811 2.5094
1286 65.7612 2.5009 170.4307 1.6214 38.0365 2.4723 -6.8238 5.7946 -7.3677 -0.0165 -6.7968 2.6479 21.4353 2.4660 111.3845 2.6193 -5.9452 0.8135 21.9440 2.5196
1287 67.8377 2.5558 169.9944 1.9064 37.7867 2.5033 -6.7660 5.7695 -7.3893 -0.0445 -6.2932 3.1978 22.9317 2.6243 108.8042 2.5154 -6.8251 1.0783 22.4689 2.4190
1288 70.0202 2.5435 169.6003 2.5168 37.5883 2.5223 -6.7618 5.3634 -7.5591 0.1818 -6.1550 3.6253 24.4885 2.6299 106.2597 2.4919 -7.5760 1.2908 21.7822 2.4484
1289 72.3890 2.4610 169.1002 2.2697 37.1568 2.4640 -6.7493 4.5304 -8.1364 0.4404 -5.7749 4.1936 26.1462 2.5644 103.5222 2.3576 -8.1355 1.5753 21.2269 2.4431
1290 74.7243 2.3784 168.3617 2.5505 36.3120 2.3954 -6.6425 4.0334 -8.3145 0.6192 -5.5714 4.5438 27.0390 2.3911 101.0587 2.2831 -8.7132 1.7850 20.6220 2.5588
1291 77.1113 2.4289 168.3638 2.5064 35.1345 2.5371 -6.4223 3.4592 -8.9236 0.7162 -5.0390 4.7127 28.0041 2.3223 99.1941 2.5603 -9.0864 1.8376 19.6296 2.5551
1292 79.5300 2.2879 167.9815 2.5453 33.6252 2.3969 -6.6191 2.9198 -9.3630 0.4696 -4.2281 4.8829 28.5553 2.5277 97.0372 2.7601 -9.5196 1.8526 18.9502 2.5194
1293 82.3168 2.2549 167.5640 2.0733 31.4593 2.5906 -6.4168 2.5774 -9.3138 0.1627 -3.2565 4.7331 28.7134 2.4430 94.6907 2.5510 -10.0668 2.0695 18.4181 2.4781
1294 84.5506 2.1625 167.2539 2.3503 29.0987 2.5019 -6.6906 2.2428 -9.6407 -0.1629 -2.2872 4.5711 28.8050 2.4566 92.0885 2.5427 -10.6877 1.9494 18.0631 2.5361
1295 86.7702 2.4340 167.1388 2.1633 26.9443 2.5588 -6.6680 1.9861 -9.1496 -0.2296 -0.9393 4.5027 28.5971 2.4564 90.2414 2.4760 -10.8193 1.9232 17.8547 2.5103
1296 89.1399 2.2692 167.1837 1.9284 24.6379 2.6716 -6.8042 1.9986 -8.9081 -0.4148 0.8389 4.1230 27.8186 2.4438 88.1234 2.5152 -11.0681 1.4254 17.4335 2.5190
1297 91.7277 2.3257 167.1124 1.3793 22.1984 2.5427 -7.2250 1.7010 -8.4402 -0.0777 2.9182 3.5400 26.8939 2.5065 86.0147 2.3155 -10.7616 1.3102 16.9256 2.5158
1298 93.8791 2.4151 167.5827 0.8428 20.0884 2.5792 -7.7479 1.7387 -8.0223 -0.0164 4.4232 3.1663 26.0044 2.4944 84.0024 2.4563 -10.4116 0.8993 16.7777 2.5151
1299 96.3055 2.4320 167.3560 0.9765 18.0442 2.5139 -7.3856 1.8332 -7.3919 0.3002 6.1900 2.8344 24.7094 2.5152 82.1670 2.5096 -9.8525 0.9982 16.4395 2.4781
1300 98.5007 2.3487 167.8003 0.7467 16.2856 2.5210 -7.6913 2.0770 -6.3682 0.4370 7.6069 2.6431 23.0818 2.4665 80.5807 2.3527 -9.3260 1.0009 16.4052 2.4808
1301 100.8485 2.6091 168.0155 0.6517 14.6785 2.3604 -7.5952 2.4179 -5.2163 0.5693 8.4020 2.3489 21.3503 2.5055 79.0934 2.5369 -8.4093 1.2543 15.7643 2.5315
1302 102.8653 2.5461 168.6025 0.4184 13.2910 2.5123 -7.6448 2.6486 -3.9691 0.6266 9.0881 2.4278 20.1800 2.4630 77.9043 2.5613 -7.3221 1.2096 15.5356 2.4535
1303 104.9993 2.6058 169.0559 0.0379 12.1021 2.3192 -7.4289 2.7790 -2.0499 0.7680 9.2554 2.4643 19.4049 2.5662 77.2133 2.5301 -6.2261 1.5765 15.8863 2.4115
1304 107.2884 2.8084 169.4641 -0.0439 11.5279 2.3829 -7.7158 3.1216 -0.4077 0.5192 9.4785 2.4408 18.5640 2.4374 76.6191 2.4825 -4.9665 1.2902 16.2530 2.4129
1305 109.7107 2.6603 169.8439 0.1171 11.1318 2.5210 -7.5481 3.3317 1.1293 0.6611 9.4025 2.5080 17.3847 2.4680 76.0100 2.4982 -3.7172 1.1258 16.9481 2.4705
1306 111.8350 2.4675 169.8895 -0.0532 10.9590 2.4321 -7.5242 3.5961 2.6685 0.8864 9.4738 2.4447 17.1716 2.4618 76.0493 2.4548 -2.1575 0.9675 18.0128 2.5240
1307 114.2444 2.6830 169.7429 -0.1540 10.7784 2.4764 -7.2847 3.6589 4.5953 1.2491 9.1724 2.2848 16.1541 2.3851 76.6584 2.4579 -0.9675 0.8067 19.2450 2.4992
1308 116.3335 2.4573 169.5549 -0.4372 11.1744 2.4920 -7.0411 3.9210 6.7213 1.3483 8.2847 2.5839 15.3290 2.4887 76.5046 2.4457 0.4842 0.7506 21.1882 2.5202
1309 118.6466 2.6240 169.4752 -0.4120 11.8916 2.3879 -6.6030 3.7035 8.9134 1.6836 7.4566 2.5505 14.4060 2.4638 76.6968 2.4935 2.5324 0.6636 23.7476 2.6353
1310 120.9812 2.7509 169.0438 0.1308 12.8819 2.5073 -5.8005 3.8787 11.2622 1.7866 6.8867 2.7488 13.7490 2.5277 76.9054 2.5341 4.5031 0.7782 25.9293 2.6794
1311 123.6100 2.7206 168.5035 0.0617 14.2026 2.4970 -5.2208 3.5122 14.1769 2.2882 5.9080 3.0218 12.9083 2.6369 77.3237 2.4496 6.6644 1.2872 28.2057 2.5947
1312 126.0003 2.6391 167.7535 0.3957 15.6711 2.5188 -4.5996 3.0359 16.3748 2.4770 4.4958 3.3502 11.6180 2.6270 77.4691 2.4653 8.9344 1.5258 30.6235 2.5655
1313 128.0934 2.5515 167.0515 0.4105 17.3810 2.4059 -4.0604 2.2434 18.5287 2.5068 2.7952 3.5831 11.2134 2.5355 77.7444 2.5028 10.6662 1.9554 32.8863 2.5042
1314 130.5347 2.4918 166.0349 0.4046 19.3313 2.4887 -4.1335 1.8568 20.7964 2.4558 1.4264 3.7258 10.3273 2.4236 77.7926 2.4376 12.7298 2.2497 35.3045 2.5182
1315 132.8441 2.5445 164.3077 0.3490 21.7146 2.5373 -4.0742 1.3679 22.7038 2.3683 -0.4515 3.7721 8.9605 2.2955 77.7181 2.4942 15.2500 2.2820 37.6392 2.5257
1316 135.0528 2.1924 162.8393 0.6211 23.7561 2.5627 -4.1253 0.9931 24.8947 2.4463 -2.4689 3.7602 7.5880 2.0168 77.0141 2.5088 17.3913 2.5969 39.8459 2.5230
1317 137.0154 2.5068 161.3303 1.0760 25.7980 2.7220 -4.5208 1.0834 27.3398 2.5494 -3.8002 3.7721 5.8857 1.4887 76.2052 2.6027 19.5485 2.5293 41.5351 2.3214
1318 139.2409 2.6530 159.5773 1.2446 28.2833 2.5251 -4.3002 1.2689 29.7582 2.4195 -5.0588 3.8084 4.2538 1.2334 75.0387 2.4428 21.6037 2.4892 43.6145 2.4184
1319 140.9935 2.4940 157.9557 1.8501 30.6007 2.4662 -4.1601 1.0720 32.3477 2.4576 -6.1079 3.4655 2.1886 0.8481 74.0546 2.6945 23.0219 2.4690 46.4006 2.4037
1320 142.8816 2.2532 156.1445 2.2195 32.6794 2.5082 -3.5046 0.6981 34.8353 2.5402 -7.2714 3.4269 0.1585 0.4362 72.4045 2.6382 24.7133 2.4507 48.5961 2.7134
1321 144.1427 2.4284 154.4719 2.3293 34.6361 2.4772 -2.2021 0.8810 37.0120 2.6044 -8.2242 3.7353 -1.9786 0.3605 70.6270 2.6973 25.8481 2.3541 50.7105 2.6573
1322 145.2223 2.4666 152.5851 2.4618 36.3574 2.6471 -0.6426 1.1727 38.4581 2.5667 -8.8439 3.6794 -3.8469 0.3609 68.3329 2.5934 26.5924 2.4833 52.9418 2.3317
1323 146.1629 2.3286 150.7435 2.4786 37.7471 2.4628 0.6191 1.1833 39.7015 2.4498 -9.4302 4.0267 -5.7187 0.3339 66.0134 2.5546 27.4910 2.5287 55.5283 2.4272
1324 146.4551 2.4859 148.8971 2.4384 38.6108 2.5043 1.4725 0.8883 40.8165 2.4153 -9.6155 3.8152 -6.8435 0.5183 63.7818 2.4866 27.9195 2.4173 57.4682 2.4417
1325 146.6285 2.5572 146.6075 2.4130 39.3819 2.5661 2.0067 0.9299 41.7943 2.5179 -10.0518 3.5036 -8.0051 0.6950 61.4319 2.6221 27.8611 2.5195 59.5963 2.4701
1326 146.7024 2.4839 144.1831 2.6041 40.2904 2.4233 2.6362 1.1532 42.2084 2.5217 -10.2816 3.1670 -8.7618 0.7336 59.4459 2.5108 27.5172 2.4669 61.5563 2.5626
1327 146.2740 2.4536 141.9700 2.7336 40.8247 2.4263 3.0254 1.2604 42.2543 2.5152 -10.5353 2.2962 -9.3784 0.7072 57.4437 2.5438 27.1944 2.4083 63.0490 2.4837
1328 146.0146 2.4694 139.8308 2.4988 40.9169 2.4377 3.3661 1.6844 42.6097 2.4990 -10.5520 2.1026 -9.9669 0.6448 55.1386 2.5423 26.5393 2.5086 64.9248 2.5442
1329 145.0105 2.5009 137.3064 2.5810 41.1309 2.4516 3.5079 2.3174 42.4622 2.5170 -10.2862 1.7852 -9.8516 0.6103 52.6947 2.6200 25.1305 2.5769 66.0525 2.4706
1330 143.7599 2.4233 135.1460 2.4340 40.7321 2.4414 3.5310 2.8306 42.1369 2.4980 -9.9196 1.8194 -9.8842 0.2911 50.5230 2.4813 23.7582 2.5569 66.4736 2.4816
1331 142.5967 2.4179 132.8270 2.5921 39.8895 2.4189 3.3661 3.2668 41.7676 2.4300 -9.8045 2.0957 -10.4804 0.6632 48.3682 2.3319 22.4657 2.6672 67.0892 2.4663
1332 140.9663 2.4422 130.6401 2.5522 39.1171 2.4499 3.0240 3.5586 40.3266 2.4158 -9.3511 2.5809 -10.6586 0.5296 45.9524 2.1222 21.0126 2.5731 67.1320 2.4715
1333 138.9660 2.3281 128.6233 2.5468 38.1775 2.4962 2.4685 3.7004 39.3371 2.6349 -8.7969 3.1052 -10.7339 0.9833 43.6064 2.3643 19.3903 2.5751 66.7747 2.4868
1334 136.4363 2.5967 126.3094 2.4166 37.5698 2.5795 1.6171 3.9828 37.4779 2.5738 -8.6024 3.2713 -10.8320 1.3552 41.5449 2.4418 18.4436 2.6688 66.4028 2.4707
1335 133.8755 2.4548 123.8653 2.3917 36.8738 2.4658 1.1723 3.8638 35.5785 2.5456 -7.9446 3.3410 -10.8079 1.5043 39.2481 2.5196 17.6298 2.6316 65.4615 2.4113
1336 131.5436 2.4309 121.4449 2.6247 36.4222 2.4594 0.9025 3.9685 33.2378 2.4300 -7.4962 3.1561 -10.8374 1.1843 36.8651 2.5150 16.9513 2.5140 64.2605 2.3048
1337 129.2979 2.3559 119.2856 2.7064 35.7807 2.4191 0.5638 3.9123 31.0569 2.4811 -6.8654 2.4978 -10.8262 1.3512 34.5838 2.4434 16.5584 2.5362 62.7559 2.3804
1338 127.1649 2.6710 117.1470 2.6137 35.6998 2.5160 0.4085 3.6301 28.6082 2.5262 -6.6663 2.3661 -10.6302 1.8082 32.0487 2.4776 16.8446 2.4907 61.0601 2.4360
1339 124.8056 2.5808 114.6894 2.5692 36.0448 2.5159 0.2502 3.7072 25.9748 2.4957 -6.0230 2.4067 -10.3694 1.7603 29.8408 2.3580 17.2627 2.4990 59.2321 2.4497
1340 122.4324 2.5176 112.4361 2.4599 36.9782 2.5308 0.5318 3.7862 23.6203 2.5819 -5.7404 2.4498 -9.8294 1.3595 27.4432 2.6445 17.9186 2.5254 57.4906 2.3308
1341 120.1306 2.4922 110.1230 2.4677 38.0722 2.5656 1.1849 3.6413 21.2896 2.4941 -5.4762 2.6267 -9.0501 1.3265 24.8502 2.5494 18.7648 2.5687 56.1042 2.3809
1342 117.5480 2.4407 108.3850 2.6565 39.4200 2.5160 2.3904 3.8050 19.3788 2.5991 -5.7261 2.9113 -8.3552 1.5145 22.9578 2.3686 19.9983 2.4420 54.4800 2.4420
1343 115.0591 2.4170 106.7517 2.5037 41.0240 2.5761 3.5769 3.6942 17.0225 2.3638 -5.4905 2.9025 -7.2750 1.8175 21.2643 2.4380 21.8200 2.4504 53.3054 2.4026
1344 113.0339 2.3464 105.2659 2.4192 42.7729 2.3262 4.8017 3.5331 14.9700 2.5216 -5.9907 3.1337 -6.9467 1.5930 19.9198 2.3372 23.3422 2.3165 52.8541 2.5242
1345 110.9261 2.4162 104.1420 2.5073 45.0747 2.3369 6.5680 3.3051 13.0321 2.5171 -6.5971 2.9165 -6.6496 2.0186 18.9511 2.3887 25.4657 2.4036 51.9533 2.5732
1346 109.2666 2.6804 103.4058 2.4302 47.4769 2.4241 8.7000 2.7724 10.7446 2.3466 -7.0386 2.0981 -6.6592 1.8797 18.0448 2.4566 27.2884 2.7935 51.5404 2.4782
1347 107.3189 2.6018 102.9994 2.5237 49.7476 2.3671 10.6133 2.8105 8.8176 2.1070 -7.2474 1.9745 -6.5178 1.5838 17.4519 2.4770 29.2332 2.3094 51.9332 2.4715
1348 105.5072 2.5480 102.5995 2.5030 52.3554 2.5629 12.6337 2.5824 7.2544 1.6900 -7.1777 1.7065 -6.3699 1.5530 17.4015 2.4663 31.0753 2.4972 52.8974 2.5066
1349 103.8484 2.5440 102.7318 2.5286 54.9117 2.3182 15.2098 2.4402 5.5366 1.3474 -6.9773 1.6447 -6.1702 1.4180 17.4927 2.4774 33.6833 2.6195 53.6576 2.5502
1350 101.8376 2.4203 103.0217 2.4974 56.7031 2.4329 17.2467 2.6354 3.2957 0.7560 -6.5116 1.7412 -6.0528 1.1831 17.6952 2.4810 35.7983 2.5994 54.6924 2.3721
1351 99.9989 2.5708 103.8359 2.5196 58.8794 2.4594 19.7973 2.7693 1.2424 0.3920 -6.5586 2.3482 -5.5519 1.2193 18.0026 2.4996 38.2738 2.3925 55.8016 2.2794
1352 97.9282 2.6232 104.8668 2.3702 61.4213 2.5970 22.2889 2.5284 -0.1920 0.4003 -6.8087 3.2667 -5.3639 0.9757 18.6909 2.4981 40.6489 2.2119 57.8861 2.5430
1353 95.7219 2.5885 106.1811 2.4513 63.9393 2.4645 25.0535 2.3972 -2.0554 0.4566 -6.9341 3.8649 -4.9390 0.5912 19.7711 2.5141 43.0579 2.1829 60.1258 2.2569
1354 93.6501 2.5602 107.7290 2.4210 66.1269 2.6155 27.3474 2.4127 -3.9204 0.8107 -6.8033 3.9138 -4.8052 0.0310 20.7397 2.5619 45.1775 2.4099 62.4017 2.4903
1355 91.8097 2.5066 109.3968 2.4889 68.6887 2.8105 29.3248 2.6124 -5.3717 1.0845 -7.0405 3.9013 -4.9287 0.2288 21.8712 2.5225 47.8020 2.4440 64.8194 2.4923
1356 89.9975 2.5529 111.3224 2.3740 71.0064 2.5218 31.4228 2.5129 -6.0455 1.4942 -7.4603 4.3929 -4.2766 0.3616 22.7914 2.5010 49.9729 2.3646 66.9461 2.4440
1357 87.8533 2.4744 113.5869 2.4390 72.9976 2.3852 32.2802 2.6242 -7.1930 1.6210 -8.1391 4.8101 -3.7453 0.4952 23.4933 2.3640 51.8569 2.6133 68.9290 2.4408
1358 85.9212 2.3996 116.1131 2.4274 75.0193 2.5099 33.2478 2.5536 -7.6903 1.9811 -7.9699 4.8671 -2.7056 0.5420 24.3537 2.5253 53.9000 2.2943 70.8949 2.5106
1359 84.0232 2.5929 117.9435 2.5651 76.6524 2.4674 33.4998 2.4560 -8.3386 2.0582 -8.0414 5.2043 -1.5394 0.6759 24.6880 2.4795 56.5166 2.5796 73.0984 2.6649
1360 81.9548 2.5606 120.0828 2.5707 78.3307 2.4011 33.5814 2.4622 -8.5843 2.0432 -8.2290 5.3670 -0.2998 0.5324 24.8874 2.5416 58.4815 2.6319 75.0649 2.4354
1361 80.0167 2.5529 122.2170 2.5618 79.5940 2.4889 33.2606 2.5217 -8.9016 2.1427 -7.8335 5.8296 1.0252 0.5872 24.9190 2.6012 60.6223 2.3814 77.4482 2.4179
1362 78.7001 2.6810 124.9061 2.4357 80.5338 2.4465 32.7420 2.6445 -9.4965 2.2306 -7.1637 6.0703 2.9045 0.7549 24.2019 2.4547 63.2279 2.4693 79.3313 2.4414
1363 77.5053 2.6523 127.4224 2.4215 81.1265 2.4512 32.2479 2.5989 -9.4107 2.5876 -6.9957 6.0309 4.8315 1.1478 23.4387 2.3233 65.5453 2.5054 81.8238 2.5697
1364 76.4717 2.5479 129.2442 2.3445 81.9223 2.4513 31.4388 2.5546 -9.2184 2.3088 -6.7654 5.8095 6.8730 1.1696 22.4621 2.3353 67.4522 2.5708 84.2156 2.3660
1365 75.9817 2.4153 131.2228 2.3705 82.2210 2.5354 30.5626 2.5342 -8.7333 2.0047 -6.1685 5.4705 8.9597 1.8028 20.9329 2.4718 69.5665 2.5367 86.4266 2.5093
1366 75.6379 2.4753 133.4650 2.3477 82.3176 2.4628 29.3651 2.5616 -8.5344 2.2731 -6.0611 4.7284 10.7612 2.1447 19.1556 2.3846 71.6863 2.4631 88.8687 2.5363
1367 75.5070 2.4872 135.3751 2.3308 82.0112 2.4245 27.9814 2.5489 -8.2747 2.4193 -5.7112 3.8726 12.8821 2.4256 17.2729 2.4172 73.8329 2.4282 90.9111 2.6240
1368 75.8545 2.4618 137.7109 2.5277 82.0755 2.4454 26.0882 2.5496 -7.7294 2.4365 -5.6757 3.6984 15.0882 2.6326 15.1350 2.4935 75.9222 2.4724 93.2403 2.6089
1369 76.5577 2.4905 140.0547 2.4790 81.7148 2.4044 23.9812 2.7088 -7.5736 2.2805 -6.2475 3.6244 17.4812 2.6317 13.2377 2.6697 78.2452 2.4129 95.7446 2.6563
1370 77.6995 2.3198 142.3963 2.6486 81.1062 2.4415 22.0410 2.5045 -7.6187 1.8662 -6.6220 2.7699 19.9573 2.5010 11.0785 2.7954 80.1382 2.5101 97.9625 2.6878
1371 78.7156 2.3858 145.0159 2.4100 80.7106 2.4793 19.8660 2.4802 -7.8479 1.2487 -6.5515 2.4161 21.9241 2.4839 8.9417 3.4335 82.7849 2.6681 100.0806 2.6600
1372 80.3270 2.4456 147.7257 2.2250 80.2423 2.4537 17.5434 2.4233 -7.8313 0.6413 -6.7928 2.2476 24.3099 2.3757 7.7199 3.7535 84.8130 2.4503 102.3817 2.4887
1373 82.1587 2.2833 150.0204 1.9875 79.9183 2.3647 14.9980 2.2234 -8.1534 0.2230 -6.8136 2.0048 26.6018 2.4905 5.5365 3.9955 86.5935 2.7238 104.7587 2.4306
1374 84.2100 2.4882 152.1857 1.7365 79.5876 2.5052 12.7911 2.5632 -8.3528 -0.4762 -6.4078 1.2834 28.9371 2.3885 3.7976 4.2832 88.3240 2.6109 106.7570 2.2688
1375 86.6008 2.5160 154.3066 1.5979 79.7197 2.4885 10.6108 2.2677 -7.9524 -0.7131 -6.2944 0.7374 30.9636 2.2428 2.7456 4.0924 90.0386 2.4078 108.4478 2.5234
1376 88.7872 2.5014 156.5274 0.9867 79.5788 2.5901 9.0750 2.2567 -7.4282 -0.8659 -6.6053 0.2123 33.3345 2.3832 1.5790 4.0730 91.4737 2.4538 109.4438 2.5945
1377 91.1017 2.4199 158.2617 0.6687 80.3955 2.6002 7.1242 2.0845 -7.3470 -0.6496 -6.1429 0.2878 35.5097 2.5864 0.6064 4.1481 92.6984 2.4783 110.8106 2.5659
1378 93.5564 2.7415 159.7822 0.7392 81.1760 2.5182 5.6090 1.9561 -6.9282 -0.1746 -5.9264 0.2408 37.5183 2.4644 -0.1397 3.9529 93.4251 2.3896 111.7050 2.4878
1379 95.8527 2.5648 161.7433 0.9322 82.2288 2.5041 4.4709 1.9739 -6.7987 0.2145 -5.4258 0.0897 39.8646 2.5093 -0.4528 4.0262 94.6855 2.4199 112.4356 2.4890
1380 98.0527 2.2951 163.7260 0.9326 84.0856 2.5235 3.7081 1.9771 -7.0344 0.8978 -4.9102 -0.0253 41.9040 2.3417 -0.3721 3.9308 95.7040 2.4100 112.7898 2.5393
1381 100.1974 2.4592 165.0693 1.2413 85.5925 2.7161 3.1433 1.8682 -7.6545 1.2407 -4.8304 0.1305 44.1456 2.4295 -0.2148 3.6954 96.7601 2.6352 112.7279 2.5408
1382 102.6852 2.6773 166.4434 1.7102 87.4018 2.6039 3.1117 1.7071 -7.5797 1.4099 -4.0732 0.1257 46.5741 2.3585 0.2619 3.8337 97.4774 2.5155 112.5000 2.4061
1383 104.8742 2.6234 167.4637 2.1239 89.0880 2.5098 3.0048 1.7906 -7.3409 2.3817 -2.9261 0.2804 49.0086 2.5032 1.6255 3.7602 98.1972 2.5494 111.7372 2.6264
1384 107.0393 2.5343 168.0662 2.5126 90.6689 2.4867 2.9948 1.7197 -7.1361 2.6540 -1.7229 0.5608 51.3849 2.5423 2.6899 3.7958 99.0119 2.4771 110.6535 2.5460
1385 109.5614 2.3854 168.1902 2.8706 91.6679 2.5778 3.5670 1.6401 -6.9353 3.0353 -0.3347 0.7752 54.0927 2.2407 3.7838 3.5911 99.8165 2.5240 109.7163 2.4805
1386 111.7163 2.7202 168.2535 3.1546 92.3316 2.5441 4.4002 1.8236 -7.2788 3.3413 1.6917 0.9361 56.5308 2.4268 5.1513 3.4996 100.6564 2.5633 108.0090 2.6423
1387 114.2601 2.5485 167.9152 3.2081 92.4568 2.5074 5.2560 2.0076 -7.2579 3.8320 3.8182 1.1985 58.6497 2.4371 6.1492 3.6116 101.2097 2.6107 106.2210 2.6358
1388 116.5043 2.5125 167.7062 3.0916 92.0711 2.4999 6.7132 2.1492 -7.4956 4.2746 5.4749 1.5281 60.7394 2.5236 6.7232 3.3575 102.6143 2.4335 103.9601 2.4810
1389 118.8789 2.4831 166.8945 3.2177 92.1072 2.5960 8.5026 2.0131 -7.4955 4.6606 7.2577 1.7799 63.1596 2.5969 7.6709 2.8387 103.5256 2.5005 101.7136 2.7620
1390 121.1769 2.4282 166.0324 3.5509 91.3721 2.5568 10.3933 1.8286 -7.5447 5.2474 9.2396 2.1590 65.7298 2.4120 8.2427 2.5891 105.0787 2.5532 99.2127 2.5466
1391 123.5430 2.7507 165.2471 4.0381 90.6198 2.6653 12.7716 2.3933 -7.9039 5.2346 11.0545 2.3054 68.2351 2.4874 8.3137 2.5865 106.4194 2.6212 96.9247 2.5326
1392 125.9892 2.4435 163.8744 4.0649 89.6182 2.5079 15.0019 2.6836 -8.4013 4.9132 12.5826 2.8341 70.7918 2.2757 8.2068 2.5686 108.1829 2.2792 94.5638 2.4328
1393 128.6149 2.4744 162.4232 3.9109 88.1365 2.5561 17.4746 2.4342 -8.4416 4.2857 14.4427 2.6464 73.3651 2.3172 8.3419 2.5641 110.1702 2.5915 92.5387 2.4732
1394 130.8126 2.3896 160.9468 4.0474 86.3512 2.4017 19.6000 2.6204 -8.3493 4.1582 15.9084 2.5603 75.6457 2.6005 8.1244 2.8739 112.2746 2.4728 90.8228 2.4757
1395 132.9296 2.3489 159.2410 4.1249 84.4301 2.6131 21.5313 2.7046 -8.0157 3.5305 17.1776 2.6226 77.9288 2.4765 7.6375 3.0874 114.6220 2.5342 89.2747 2.6976
1396 134.9029 2.5515 157.7440 3.5808 82.2983 2.6074 23.7717 2.5429 -8.0815 3.1701 18.3706 2.5840 80.3831 2.5262 7.2373 3.2717 117.1450 2.3940 88.1749 2.5522
1397 137.3584 2.6569 155.8751 3.4714 79.9366 2.5763 25.8737 2.5059 -8.4156 3.3724 19.3941 2.5216 82.6982 2.5407 6.4150 3.1141 119.6440 2.6411 87.2328 2.4974
1398 139.3309 2.4813 153.9924 2.9995 78.1905 2.6520 28.3280 2.5458 -8.5084 3.5401 20.2981 2.4433 84.6951 2.4688 4.9802 2.8275 121.7938 2.5077 86.2205 2.4004
1399 141.7328 2.4140 152.1932 2.7280 76.0574 2.5288 30.6576 2.4582 -8.6492 3.5942 20.5834 2.5224 86.5502 2.4642 3.4744 2.5003 124.1725 2.5024 85.6428 2.5185
1400 144.4271 2.3393 150.1388 2.6138 73.9793 2.6395 33.0459 2.5586 -8.9002 3.6131 20.4561 2.5754 88.6538 2.4908 2.2466 2.6234 126.5699 2.6216 85.0735 2.6114
1401 146.7381 2.3572 147.8283 2.2862 71.4065 2.5381 35.3737 2.4894 -9.2358 3.6876 20.4087 2.5858 89.5384 2.4831 0.5070 2.4512 129.0221 2.3999 84.5140 2.4915
1402 149.2098 2.5376 145.5794 2.4411 69.5364 2.6024 37.5167 2.3055 -9.2512 3.1660 19.5655 2.5313 90.3834 2.5628 -1.0234 2.0737 131.2968 2.6409 83.9390 2.5679
1403 151.5542 2.2050 143.5482 2.3289 67.5244 2.6755 39.1397 2.4582 -9.1218 2.6452 18.4935 2.5653 90.6687 2.5042 -2.5371 1.9675 133.7154 2.6028 83.5793 2.5131
1404 153.9847 1.7812 140.8982 2.3803 66.1764 2.6408 40.2116 2.5400 -8.5254 2.4243 17.0793 2.6398 91.2476 2.5160 -4.1499 2.1004 136.2015 2.4710 83.3217 2.4504
1405 155.9534 1.6869 138.3214 2.3665 65.0191 2.5620 41.6179 2.5776 -8.3743 2.4524 15.4267 2.6172 91.5570 2.4556 -5.4215 1.4525 138.4845 2.5477 83.4782 2.4896
1406 157.9266 1.6258 136.1460 2.6750 64.2297 2.5935 42.7703 2.4300 -8.2287 2.0960 13.6099 2.4547 91.8219 2.4615 -6.5145 1.3759 140.3969 2.6074 83.0955 2.4396
1407 159.5334 1.2014 133.4632 2.5647 63.6148 2.4499 43.4265 2.4912 -7.7860 2.5613 11.6563 2.2264 91.3149 2.5628 -7.2266 1.1245 141.8791 2.5914 82.8466 2.4595
1408 161.0063 0.8733 131.1474 2.3754 63.2807 2.5544 43.9354 2.4868 -8.3274 3.1555 9.3883 1.7580 90.5361 2.5150 -7.8093 1.4048 143.1941 2.5320 82.5306 2.4197
1409 162.0144 0.9977 128.7189 2.3116 63.7608 2.5278 43.6784 2.4768 -8.7418 3.4899 7.2779 1.3012 89.5011 2.4099 -8.1984 1.8312 144.3040 2.4487 82.0282 2.5115
1410 162.8170 0.9429 126.4011 2.2726 64.1070 2.6258 43.1809 2.6243 -8.7126 3.8236 5.4450 1.1299 88.0982 2.3975 -8.3775 2.1910 144.7240 2.4557 81.0251 2.5005
1411 163.7004 1.0597 124.0953 2.4315 64.8513 2.6577 43.2400 2.5173 -8.8647 3.7226 3.7335 1.0032 86.6352 2.3509 -8.7062 2.1893 144.8836 2.5589 79.7252 2.4425
1412 164.4142 1.2649 121.6210 2.5601 65.6263 2.6401 42.6194 2.5602 -9.4445 3.1097 2.0351 0.9810 84.4833 2.4319 -8.8599 2.2325 145.3027 2.5118 78.1036 2.3519
1413 165.3296 0.7958 119.6171 2.7629 66.7631 2.5748 41.2099 2.4897 -9.6539 2.7143 0.3513 1.1166 81.9998 2.3857 -9.0756 2.5031 144.9697 2.5567 76.1963 2.3341
1414 165.7268 0.3424 117.2008 2.6506 68.4115 2.3842 39.6831 2.4190 -10.2930 2.3441 -1.5470 0.9571 79.6503 2.3295 -8.8063 2.2826 144.7310 2.5214 73.9820 2.5347
1415 165.7708 -0.4674 115.0687 2.6436 69.8639 2.4999 38.1047 2.6301 -9.9685 2.0020 -2.8851 1.2716 77.4178 2.4011 -8.7079 2.0549 144.3192 2.3546 71.4895 2.4656
1416 165.8471 -0.4900 112.5729 2.3816 71.0891 2.4314 35.9410 2.3639 -9.8857 2.3178 -4.1322 1.7241 75.2713 2.3513 -8.6073 1.8295 143.4514 2.5251 69.4231 2.8299
1417 166.2491 -0.5175 110.5032 2.3001 72.5871 2.4240 33.5453 2.4844 -9.3612 2.9460 -5.3605 2.6958 73.3213 2.5891 -8.5254 2.0416 142.0369 2.5302 67.6307 2.6357
1418 166.2802 -0.5624 108.2962 2.3891 73.5845 2.4987 30.9089 2.4645 -9.3454 3.3587 -6.3477 3.0793 71.1531 2.4319 -8.5106 1.3474 140.6045 2.3940 65.2693 2.4864
1419 166.1748 -0.0507 106.0615 2.5936 74.4086 2.4687 28.5124 2.2947 -9.5892 3.9876 -6.8260 3.2990 68.5918 2.4539 -8.2064 1.7385 138.8978 2.4169 62.7374 2.4840
1420 166.3733 -0.2546 104.1310 2.5955 75.3502 2.4170 26.0263 2.4515 -9.6345 4.1532 -7.5126 3.3479 66.7461 2.4392 -7.6013 1.5890 137.3991 2.6388 60.3187 2.4996
1421 166.6045 -0.1424 101.9031 2.3769 76.1379 2.5384 23.6920 2.6250 -9.8231 4.4263 -8.2824 3.2808 64.5017 2.3443 -6.8790 1.6555 135.5208 2.6031 58.1523 2.4195
1422 167.0624 0.3680 99.4687 2.4368 76.1135 2.5089 21.6409 2.5388 -10.2500 4.2355 -8.3424 3.6050 62.5911 2.4958 -6.2217 1.0444 133.1717 2.5324 56.1449 2.5880
1423 167.4644 0.1968 97.3494 2.5122 75.7040 2.4538 19.7594 2.5089 -10.8334 4.1620 -8.6588 3.5028 60.4898 2.3155 -5.4371 0.8172 131.1983 2.5706 53.7980 2.5438
1424 167.9505 0.2660 95.3388 2.7481 74.4765 2.4806 17.2291 2.4668 -10.6583 3.7246 -8.7895 3.2273 57.9225 2.4304 -5.0739 0.6459 128.6829 2.4734 51.0439 2.6616
1425 167.7438 0.4457 92.9448 2.7376 73.9976 2.5277 14.9327 2.4886 -10.7030 3.4221 -8.6879 2.9468 55.7481 2.5497 -4.4898 0.3090 126.7172 2.4430 48.8522 2.5398
1426 168.0381 0.1314 90.6217 2.4865 73.2961 2.4128 12.6354 2.3143 -10.5743 3.1191 -9.0242 2.8405 53.8309 2.2981 -3.9037 0.2341 124.5042 2.5692 46.4526 2.4798
1427 168.0324 -0.0829 88.1190 2.5511 72.6629 2.5261 10.5540 1.6856 -10.5404 3.3273 -9.4621 2.4151 51.5275 2.5659 -3.3642 0.5405 122.0499 2.6534 44.1694 2.6429
1428 167.8323 -0.1977 85.6859 2.7482 71.7630 2.5299 8.2442 1.6766 -10.4825 3.5818 -9.6881 2.3778 49.7070 2.4468 -2.5805 0.4823 119.8174 2.6658 41.4362 2.7916
1429 167.4957 0.5344 82.7808 2.4340 71.4653 2.4447 6.4756 1.4639 -10.4470 4.2797 -10.3612 2.4675 48.1610 2.5338 -1.9491 0.6242 117.7651 2.4537 39.5475 2.4631
1430 166.7874 0.5522 80.7092 2.4644 70.7116 2.5246 4.8291 1.3572 -10.2505 4.5488 -10.4729 2.1145 46.7535 2.5445 -0.6218 0.7840 115.4294 2.6733 37.2373 2.4593
1431 166.3325 1.2995 78.4253 2.4900 70.3949 2.5053 3.0824 0.9513 -10.2734 4.5710 -10.6394 2.1087 46.1229 2.4718 0.5793 0.7372 112.8514 2.4952 35.0478 2.4698
1432 166.1835 1.6052 76.0055 2.3805 70.2050 2.4904 1.6687 0.8583 -10.1316 4.6237 -10.1143 2.3855 45.1514 2.4187 1.9982 0.8303 110.3490 2.4644 32.6542 2.6119
1433 165.4311 2.0230 73.8288 2.4032 70.2123 2.4307 0.4544 0.9330 -10.1791 4.2228 -9.9444 2.5428 44.7622 2.4756 3.5528 1.0051 108.1640 2.5073 30.4609 2.5905
1434 165.7706 2.9191 71.6850 2.4817 70.5905 2.4647 -0.4434 1.0769 -10.1128 4.1964 -9.5898 2.5101 44.6264 2.4306 5.5662 1.0753 105.7773 2.5532 28.5337 2.7760
1435 166.2556 3.9226 69.6195 2.3358 71.2300 2.5997 -0.5028 0.8120 -10.0368 3.9696 -9.6047 2.4769 44.6766 2.5871 7.2115 1.6581 103.2629 2.7416 26.5767 2.5540
1436 166.3070 4.2456 67.5496 2.5415 72.1184 2.4739 -0.8568 0.7350 -9.5788 3.6405 -9.4479 2.5184 45.0350 2.5460 9.4431 2.0516 101.2168 2.7439 24.9444 2.5338
1437 166.6147 4.6930 65.4045 2.5622 72.6710 2.4359 -0.8567 0.7074 -9.1461 3.8226 -9.3149 2.4774 46.1239 2.5102 11.3974 1.9964 99.2728 2.6159 23.9255 2.5828
1438 166.8666 5.1246 63.3406 2.3825 73.7946 2.5332 -0.5672 0.6414 -8.9112 3.9882 -9.6519 2.3599 47.2977 2.5766 13.6279 2.1441 96.9457 2.3476 22.9650 2.5368
1439 166.8715 5.2334 61.2027 2.5210 74.5980 2.5431 0.3109 0.9055 -8.6316 4.6725 -9.8946 2.6508 48.8464 2.6117 16.0758 2.3009 94.8438 2.3911 22.1674 2.5059
1440 166.9838 5.3901 59.0304 2.4308 75.4173 2.4672 1.1560 1.0258 -8.5653 5.2939 -9.4499 2.4445 50.3122 2.4647 18.7048 2.3125 92.9813 2.5862 22.2952 2.5234
1441 167.1106 5.4091 57.1149 2.3730 76.1813 2.6191 2.3433 0.8105 -8.4662 5.8905 -9.3177 2.6986 52.1318 2.5725 21.0323 2.3106 91.3255 2.6133 22.3517 2.4125
1442 167.1138 5.3997 54.7382 2.4669 76.7271 2.5479 4.4859 1.1043 -8.6218 5.7836 -8.8377 2.6225 54.3020 2.5156 22.8906 2.5572 89.3763 2.5264 22.9491 2.3912
1443 167.0689 5.0314 53.3335 2.5272 76.9488 2.4507 6.0370 1.5041 -8.5240 5.7029 -8.3178 2.2264 56.6412 2.4714 25.0694 2.4172 88.2676 2.4637 23.8578 2.4643
1444 167.1833 5.3342 51.8052 2.5698 76.3653 2.5023 8.0612 1.8580 -8.7266 5.8120 -7.3390 2.0989 58.6985 2.4473 27.3455 2.5988 87.3580 2.4694 25.2527 2.4838
1445 167.1496 5.4776 50.4598 2.4949 75.8158 2.5071 10.5731 2.1232 -8.7662 5.3071 -6.6898 2.1474 60.8636 2.5590 29.7949 2.6837 86.4289 2.4309 26.8933 2.5618
1446 166.7181 5.0711 49.4290 2.4797 75.2761 2.5898 12.6196 2.2578 -8.7150 4.5514 -6.3020 1.9789 63.2219 2.3815 32.3357 2.4763 85.2759 2.4368 28.2896 2.5439
1447 166.9755 4.7052 49.0611 2.4428 74.0220 2.5202 14.8338 2.3651 -8.7917 3.9708 -6.2490 1.8986 65.2003 2.4072 34.4642 2.4628 84.2634 2.4188 30.1071 2.4504
1448 167.0733 4.0574 49.0462 2.4981 72.6599 2.3866 16.8851 2.4035 -8.5089 3.9438 -6.0169 1.5550 67.3612 2.3778 36.5639 2.6535 83.5742 2.4449 32.4049 2.2402
1449 166.9498 3.5307 48.7270 2.5166 71.1089 2.4765 18.6695 2.3958 -8.1438 3.1137 -5.8078 1.8445 69.7288 2.5716 39.0310 2.3598 82.8960 2.4623 34.6871 2.4370
1450 166.9632 2.8741 49.1983 2.4674 68.8488 2.4890 19.8627 2.3808 -8.2005 2.8643 -5.7483 2.1780 71.7916 2.6553 41.0617 2.4124 82.5678 2.4733 37.0943 2.4851
1451 166.9599 2.7485 49.7724 2.3789 66.6984 2.5644 21.0880 2.5684 -8.1963 2.5340 -5.9841 2.3741 73.6988 2.5125 43.1453 2.4268 82.7548 2.4933 39.3475 2.4160
1452 166.8437 2.3009 50.6220 2.4922 64.5452 2.4294 21.8748 2.5637 -8.0321 2.3130 -5.6134 2.6728 76.0602 2.5673 45.3870 2.3727 82.8860 2.5302 41.0854 2.4310
1453 167.1891 2.0312 51.5448 2.6186 62.2862 2.4207 22.3159 2.4948 -7.7380 2.1762 -5.9920 2.8170 78.5491 2.5721 47.6591 2.5742 83.0481 2.4888 42.8714 2.3748
1454 167.4382 1.7625 52.8274 2.4554 60.2219 2.3834 22.7150 2.4956 -7.6797 2.0995 -6.6177 2.9437 80.8794 2.4996 49.8594 2.4680 83.7660 2.4365 44.4625 2.4587
1455 167.9721 1.5276 54.5911 2.3975 58.1657 2.6289 22.5454 2.4947 -7.2609 2.3655 -6.3247 3.0124 82.8526 2.5120 51.7534 2.5460 84.9134 2.4976 45.6173 2.5520
1456 168.4512 1.3904 56.2848 2.6109 56.5113 2.3928 22.7312 2.5551 -6.7680 2.3188 -6.5775 2.9688 84.5793 2.4633 54.3419 2.3773 85.9426 2.5005 46.6668 2.5555
1457 169.0826 1.4613 58.1861 2.4957 55.4982 2.4958 22.3063 2.4579 -6.4623 2.7303 -6.7700 3.1482 86.7568 2.6286 56.4461 2.4942 86.7927 2.4463 46.8717 2.5114
1458 169.3193 1.5053 60.6664 2.5101 54.8040 2.5635 21.4996 2.5515 -6.5150 3.3774 -6.8732 2.8780 89.1115 2.5287 58.4577 2.5224 87.8385 2.4587 46.8514 2.5152
1459 169.9422 1.8569 62.7196 2.3892 54.4621 2.4595 20.2886 2.3927 -6.7536 3.7887 -7.2578 2.5955 91.7516 2.4674 60.7584 2.4892 88.8740 2.7483 46.3685 2.4136
1460 170.0013 2.1281 65.2215 2.7210 53.8886 2.4564 18.8484 2.5123 -7.0302 4.1429 -8.1933 2.2578 94.0866 2.6122 63.0408 2.3694 90.1029 2.8075 46.2461 2.4823
1461 170.4975 3.0184 67.9522 2.4939 53.6978 2.5184 17.1548 2.4443 -7.3926 4.6626 -9.1347 2.2883 96.4878 2.4777 65.3561 2.4543 91.6288 2.6682 45.4927 2.4560
1462 170.6598 3.3885 69.3093 2.6051 53.8353 2.6045 14.8188 2.2748 -7.7222 4.7798 -9.7629 2.4648 98.4126 2.3435 68.0282 2.7910 93.2427 2.5181 44.7640 2.4551
1463 171.1256 3.1611 70.6182 2.7122 54.3389 2.6261 12.3742 2.0371 -8.0068 4.2774 -9.9237 2.7219 100.2001 2.5028 70.3888 2.5904 95.0938 2.4472 43.5641 2.4505
1464 171.1107 3.6262 71.7308 2.3921 54.7629 2.5286 10.3666 1.8493 -7.9192 3.8420 -10.4786 2.5749 101.5258 2.5739 72.7252 2.6612 97.4755 2.4056 41.7390 2.4691
1465 171.1934 3.7450 72.2739 2.5981 55.9502 2.4838 8.2810 1.5271 -8.1502 3.2832 -10.8128 2.0978 102.7937 2.6202 75.0562 2.4523 99.9967 2.5776 39.9728 2.5420
1466 171.5448 3.9610 73.2110 2.4007 57.6200 2.4134 6.5402 0.9531 -7.9356 2.6174 -10.8536 1.7568 103.7943 2.5225 77.5472 2.3735 102.6671 2.3904 37.8093 2.4328
1467 171.5665 3.6924 73.5614 2.5231 58.8269 2.3039 3.9511 0.5710 -8.2964 2.1245 -10.7698 1.1570 104.1637 2.5181 79.9141 2.6490 105.0371 2.3833 35.2319 2.4329
1468 171.5117 3.6209 73.1174 2.5012 60.5463 2.4233 1.9231 0.8085 -8.8851 1.5999 -10.6123 0.7615 104.3822 2.5532 82.1569 2.3803 107.2793 2.4862 32.8333 2.5962
1469 171.4450 3.4323 72.6317 2.5021 62.9665 2.5815 -0.0087 0.4332 -9.0037 1.3089 -10.3578 0.7363 104.4932 2.4790 84.4059 2.5344 109.8130 2.4417 30.4429 2.7072
1470 171.2458 3.5877 71.7405 2.5560 65.2732 2.6094 -1.7391 0.3659 -9.3150 1.3046 -10.4167 0.4482 104.2996 2.4373 86.5359 2.4773 111.6277 2.4516 27.9427 2.6996
1471 170.8376 3.4685 71.0973 2.6358 67.1097 2.5711 -3.6039 0.4100 -9.5261 1.1318 -10.1375 0.5394 103.9105 2.3957 88.8327 2.5518 113.6380 2.5699 25.9210 2.6269
1472 170.7154 3.3954 69.7415 2.3383 68.8084 2.4259 -5.0127 0.6845 -9.4631 1.0369 -9.9086 0.2043 102.8956 2.2927 91.2596 2.4322 115.2688 2.5445 23.4797 2.4695
1473 170.6828 2.9693 67.5614 2.4829 70.2698 2.5744 -6.1062 1.1174 -9.5080 1.3421 -9.6806 0.3366 101.6053 2.4228 93.3254 2.5936 116.7527 2.6140 20.8863 2.2717
1474 171.1234 2.6991 65.7191 2.4712 71.3851 2.4870 -6.7651 1.6238 -9.6085 1.5306 -9.1598 1.0350 100.2784 2.3871 95.5516 2.6016 118.2467 2.4166 18.7569 2.4179
1475 170.8741 1.9254 63.6318 2.3556 71.7093 2.4887 -7.1984 2.2449 -9.7321 1.4684 -8.8320 1.6646 98.3347 2.5703 97.7635 2.5362 119.5420 2.4066 16.6982 2.5513
1476 170.6053 1.4136 61.1246 2.2714 71.8561 2.6262 -7.4524 2.1954 -9.5787 1.2070 -8.2525 1.2960 96.4244 2.5239 99.3617 2.4594 120.2476 2.4117 14.4480 2.3430
1477 170.5361 1.2875 58.9941 2.6394 72.3734 2.5112 -7.3134 2.2670 -9.5664 1.3647 -7.7034 1.4660 94.5384 2.5590 100.9330 2.4672 120.4911 2.5021 12.6809 2.2520
1478 170.7549 1.2149 56.3580 2.5232 72.2733 2.5554 -7.4641 2.2874 -10.1376 1.5585 -7.3658 1.5472 92.4347 2.5117 101.7598 2.6929 120.9613 2.5336 10.2874 2.0944
1479 170.5740 0.8984 54.1815 2.4959 71.9337 2.5114 -6.8080 2.3476 -10.5401 1.3218 -7.0238 1.6874 90.0580 2.6305 102.8190 2.5673 120.8402 2.4764 8.0168 1.7166
1480 170.4951 0.9312 51.8429 2.5679 71.2902 2.5749 -5.4857 2.6855 -10.3361 1.4341 -6.7306 1.8167 87.8611 2.6180 103.2853 2.6341 120.6830 2.4050 6.0397 1.6111
1481 170.5214 0.9761 49.6928 2.3267 70.3859 2.6471 -4.3840 3.1559 -9.8111 1.6008 -7.0714 2.2079 85.3511 2.4171 103.0734 2.5098 120.1066 2.3338 3.7589 1.1831
1482 170.7322 1.1485 47.5871 2.4195 69.2600 2.5263 -3.2518 3.5498 -9.3061 1.7874 -6.6541 2.6132 83.1466 2.4881 103.2640 2.5314 119.6453 2.4137 1.6137 0.7006
1483 170.7295 1.1876 45.3140 2.3541 68.4078 2.4574 -1.7687 3.7871 -9.1536 1.5935 -6.2420 3.2632 80.7359 2.5173 103.1200 2.5405 117.9826 2.3557 -0.3603 0.6000
1484 171.1117 0.8742 43.1647 2.3898 67.5322 2.6123 -0.0792 3.8779 -8.4849 1.6664 -5.9955 3.7743 78.9500 2.4009 102.6298 2.5446 116.5064 2.3459 -2.1460 0.7698
1485 171.3002 0.6357 40.6903 2.5481 66.3264 2.5243 1.8770 3.8043 -7.7986 1.8553 -5.8296 4.3017 76.4183 2.5627 101.5803 2.6105 114.8170 2.3606 -4.0746 0.5871
1486 171.6083 0.5584 38.1084 2.6766 65.5867 2.5182 3.9942 3.8109 -7.2183 1.9676 -5.5886 4.8511 74.5808 2.6510 100.2867 2.5374 112.4120 2.5216 -5.3417 0.8414
1487 171.3286 0.4798 35.9798 2.6227 64.9189 2.4012 6.0920 3.4954 -6.8654 2.1361 -5.5840 4.9007 72.6161 2.5118 99.1329 2.5681 110.3680 2.5964 -6.1235 1.0711
1488 171.1621 0.4043 33.6001 2.6055 64.1951 2.5438 7.9805 3.3210 -6.7593 1.9791 -5.4623 4.9909 70.6148 2.4317 97.3219 2.7012 108.1436 2.5265 -6.8283 1.4898
1489 170.6415 0.0042 31.4099 2.4234 64.1353 2.4842 9.9706 2.9107 -6.4598 2.2083 -5.5625 4.5283 68.5177 2.4969 95.3639 2.6240 105.9211 2.5808 -7.3133 1.9726
1490 170.4469 0.1367 29.2144 2.4879 64.2792 2.4282 11.7912 2.7922 -6.6116 1.8281 -5.4932 4.1840 66.2800 2.5930 93.2765 2.7534 103.5912 2.3250 -7.5452 1.8659
1491 170.5605 -0.1174 26.8583 2.3720 64.8083 2.3811 13.8656 2.6149 -6.6446 1.8631 -5.5274 3.6392 64.2578 2.5620 91.0611 2.7074 101.4741 2.5455 -7.3618 2.6396
1492 170.4641 -0.4484 24.8486 2.3692 65.7340 2.4448 16.1353 2.3886 -6.5379 1.6723 -5.9593 3.5207 62.2992 2.3023 88.6096 2.4025 99.1342 2.4701 -7.2085 2.9692
1493 170.3043 -0.2938 22.4098 2.6270 66.3099 2.4263 18.5112 2.5905 -6.8449 1.6062 -6.3887 3.1218 59.9357 2.5254 86.1376 2.4220 96.6792 2.4680 -6.9653 3.4988
1494 170.1422 -0.2047 20.1123 2.2387 67.5019 2.4890 20.7312 2.5852 -7.2913 1.7873 -7.1174 2.7982 57.9456 2.5164 84.1048 2.4584 94.2609 2.4931 -6.8727 3.8882
1495 170.5845 0.4514 17.8194 2.4154 69.0027 2.5885 22.8866 2.3949 -7.7380 2.4705 -7.5319 2.7595 55.2948 2.4704 82.0958 2.3977 91.9603 2.5884 -6.7257 3.7062
1496 170.5709 0.2045 15.9501 2.9003 71.4118 2.3129 25.1351 2.4414 -8.1575 2.6047 -7.5881 2.5739 53.2473 2.5392 80.4303 2.5831 89.4968 2.5261 -6.2963 3.5806
1497 170.6263 0.3853 13.8404 2.7095 73.7215 2.5013 27.2965 2.3720 -8.5605 3.5632 -7.4781 2.2140 51.0784 2.5780 79.0942 2.5166 87.1164 2.6603 -6.3694 3.3908
1498 170.7018 0.7098 11.4530 2.7442 75.5679 2.4400 28.7408 2.4330 -8.8418 3.7451 -7.8221 2.0836 48.8717 2.5681 77.9481 2.6406 84.8817 2.5121 -6.2701 3.2401
1499 170.9805 0.8401 9.1570 2.7679 77.7272 2.3212 30.1194 2.5847 -9.5190 3.8337 -7.7213 1.8235 46.5832 2.9179 76.9662 2.4246 82.3698 2.6807 -6.1213 2.7223
1500 170.9522 0.7973 7.2544 2.3244 79.7399 2.3707 31.5271 2.5495 -9.8933 4.0473 -7.4999 1.6570 44.0555 2.5044 76.7014 2.4974 80.2376 2.4181 -6.0497 2.2513
1501 170.8676 0.9546 5.2952 2.4197 81.9319 2.3090 32.0884 2.5849 -10.2063 3.9658 -7.4432 1.4921 41.5435 2.4355 76.5789 2.5173 77.9381 2.7957 -5.8499 1.5591
1502 170.6305 1.5849 3.4316 2.3755 83.2141 2.4348 32.7211 2.5826 -9.7692 4.1004 -7.7445 1.3413 39.3738 2.6015 76.7825 2.4557 75.8047 2.6429 -5.7735 1.2096
1503 169.9633 1.8894 1.7782 2.4664 84.2781 2.5205 32.5898 2.5766 -9.3550 4.0913 -7.8878 1.7402 36.5734 2.4098 77.1517 2.6063 73.9532 2.5301 -5.4223 0.8700
1504 170.1962 2.1011 0.1920 2.8074 85.1484 2.3976 32.1914 2.5303 -9.2196 3.7118 -7.6015 1.8858 34.4729 2.2438 77.5643 2.5621 72.1368 2.3384 -5.4625 -0.0439
1505 169.8050 2.2128 -1.0180 3.3945 85.8347 2.3041 31.8925 2.4360 -9.0757 3.4954 -7.6743 2.4139 32.2583 2.3653 78.7891 2.5903 71.1122 2.5990 -5.2342 -0.1900
1506 169.3147 2.4323 -1.9789 3.3674 86.1386 2.4000 31.3619 2.4617 -8.7382 3.3522 -7.6068 2.6975 30.0643 2.3395 80.2070 2.5305 69.8531 2.5950 -5.4330 -0.6220
1507 169.2747 2.5692 -3.1373 3.9021 86.5109 2.4534 30.7997 2.4054 -8.6348 3.9003 -7.4897 3.0360 28.0684 2.4318 81.4905 2.5828 69.3832 2.5444 -5.2287 -0.4812
1508 169.2799 2.4313 -4.2895 3.8230 86.2553 2.5448 30.1011 2.5444 -8.7095 4.3834 -7.4141 3.7944 25.3601 2.6101 83.1668 2.4689 69.0312 2.5286 -4.6740 -0.1241
1509 169.0726 2.3579 -4.9545 3.7200 85.7736 2.5694 28.4102 2.3523 -8.2790 5.0312 -7.3239 4.4330 23.7947 2.4320 84.7287 2.4824 69.3881 2.5513 -3.8823 0.2010
1510 168.8427 2.2964 -5.5591 3.1938 84.8486 2.4440 26.4491 2.3188 -8.1962 5.5397 -6.9561 4.6081 22.4544 2.3497 86.0549 2.4186 69.5570 2.4780 -3.0693 0.3523
1511 168.2568 2.2237 -6.0509 2.6680 83.8701 2.4736 24.6598 2.4338 -7.6161 5.8519 -6.2606 4.8969 21.3743 2.3086 87.2124 2.3945 70.3365 2.4885 -1.9093 0.5878
1512 168.0992 2.2679 -6.3332 2.6241 82.9940 2.5414 22.7210 2.4788 -7.5402 6.1044 -5.9046 5.1625 20.3038 2.4208 88.2757 2.3730 70.7720 2.3682 -0.7555 0.8340
1513 167.9713 1.7512 -6.3542 3.0761 81.9516 2.4764 20.4981 2.2849 -7.3392 5.8917 -5.5222 4.8525 19.5737 2.5474 88.9871 2.5035 71.5155 2.5246 0.0900 0.7747
1514 168.0695 1.4598 -6.0971 3.4971 81.1268 2.5765 18.2173 2.2872 -7.1310 5.5903 -5.6241 5.2479 19.0737 2.5127 89.5915 2.4727 72.8274 2.2952 0.9491 1.1388
1515 167.7272 1.2775 -6.0651 3.7602 80.4380 2.5238 16.1010 2.4880 -6.9789 5.3467 -5.6641 5.4994 18.8676 2.6162 89.7493 2.5646 74.0316 2.6518 1.5179 1.4435
1516 167.4588 0.3120 -5.6493 3.6924 79.6670 2.4734 14.1442 2.5799 -6.3232 5.0224 -5.6524 5.3833 19.0147 2.5369 89.4369 2.5467 75.1276 2.6006 2.3374 1.8029
1517 167.7765 -0.1382 -5.6740 3.5238 79.1068 2.4622 12.2493 2.2130 -6.2341 5.0281 -5.7906 5.0517 19.2479 2.4471 89.0295 2.4454 76.2594 2.4788 2.5731 1.8372
1518 168.1322 -0.1874 -5.4719 3.1960 79.1833 2.4844 10.1152 2.2872 -6.1225 4.6497 -6.0263 5.6682 20.0984 2.4927 87.9165 2.3542 77.1397 2.3763 2.6745 1.8452
1519 168.1969 -0.5634 -5.3174 2.4776 79.3066 2.5834 8.2008 2.2352 -6.2496 5.0276 -5.8052 5.7851 21.1385 2.3566 87.1833 2.3875 77.4955 2.5181 2.8651 1.6352
1520 168.8004 -0.8495 -5.0704 1.9213 79.8608 2.6681 6.2514 1.8485 -5.7576 5.1146 -5.3238 5.5471 22.4574 2.5462 85.9049 2.5265 77.4835 2.5063 2.5269 1.4645
1521 169.1750 -0.8654 -5.1362 1.4421 80.5946 2.5041 4.3710 1.1947 -5.8458 5.5218 -4.4747 5.3773 23.8063 2.6510 84.6787 2.5178 77.0423 2.5465 2.3564 1.4451
1522 169.7437 -0.3054 -5.3672 1.2841 81.9326 2.5017 2.6698 0.8537 -5.6491 5.9448 -2.7872 5.3126 25.5575 2.4865 83.7097 2.4120 76.0888 2.5554 1.9538 1.5113
1523 169.3733 -0.4690 -5.5295 1.3097 83.0532 2.5012 1.4014 0.3581 -6.0693 5.9233 -1.3746 4.4815 27.8471 2.5998 82.7857 2.4534 75.3197 2.4752 0.9283 1.8165
1524 169.2193 -0.3427 -5.6264 1.3723 84.6900 2.3956 0.2987 0.3342 -6.4282 5.3044 -0.0959 4.1245 29.9120 2.3292 81.9377 2.5656 74.0695 2.4255 -0.2416 2.1069
1525 168.7285 0.5353 -5.4279 1.4324 86.9272 2.6058 -0.6764 0.4056 -7.0622 5.0127 1.0995 3.5937 32.3154 2.4288 81.3238 2.4144 72.7241 2.5054 -1.8488 2.2857
1526 168.4069 1.0720 -5.1110 1.2426 89.1781 2.6279 -1.9532 0.4791 -7.2709 4.6549 2.4794 3.1768 34.4886 2.5076 81.1486 2.4753 71.0969 2.6659 -2.8409 2.4218
1527 167.5508 1.2179 -4.9280 0.7815 91.0268 2.7570 -2.7526 0.6523 -7.3026 4.1790 4.1267 3.2824 36.7492 2.6089 81.1497 2.5682 69.6484 2.5976 -3.6660 2.7197
1528 166.8140 1.1418 -4.9418 0.7677 93.7091 2.3760 -3.3385 0.6356 -7.6637 3.8781 5.9266 3.2283 38.9196 2.2979 81.2546 2.5180 68.6295 2.4871 -5.0555 2.7182
1529 166.1175 1.0980 -5.3585 0.3839 95.7909 2.4118 -3.6707 0.6552 -7.5695 3.5702 7.9323 2.8577 40.9834 2.4605 81.6922 2.5694 67.9835 2.5932 -6.2815 2.8976
1530 165.0033 1.2878 -6.0391 0.3413 97.6581 2.4166 -3.3567 0.5792 -7.9421 3.3917 10.1940 2.6458 42.9567 2.6336 82.0745 2.5519 67.1557 2.4768 -6.9513 3.1015
1531 164.1683 1.0450 -6.4662 0.3220 99.9511 2.5028 -2.4203 0.8923 -8.0744 2.8555 12.7801 2.4180 45.0390 2.5775 82.8204 2.5876 66.7307 2.4911 -7.7588 3.0533
1532 163.4358 0.7797 -7.1804 0.1946 101.8660 2.6213 -1.8551 0.9922 -8.0843 3.1226 14.6563 2.3398 47.3632 2.3036 82.8301 2.4528 66.9856 2.4726 -8.1965 2.9599
1533 162.8513 1.1221 -8.0389 0.2249 104.0415 2.4713 -1.0815 0.9105 -7.8385 2.8703 16.5120 2.4725 49.7013 2.5816 83.2224 2.5226 66.9666 2.4528 -8.5104 2.9568
1534 162.5299 1.0092 -8.2360 0.5354 105.7007 2.6866 0.5190 1.1295 -8.0840 2.3810 18.8834 2.5503 51.8482 2.3924 83.5641 2.4940 67.2926 2.4157 -8.9208 2.8252
1535 161.8107 1.3320 -8.2789 1.3874 107.0017 2.4280 2.5896 1.1363 -8.3395 2.1668 21.2161 2.4773 54.2697 2.5167 83.9217 2.4796 68.1655 2.4830 -8.7717 2.5283
1536 161.1681 1.5560 -8.8330 1.8938 108.3558 2.4872 4.3514 1.5312 -8.3762 2.0306 23.5842 2.4190 56.6204 2.5243 83.9211 2.4630 69.5068 2.5400 -8.4865 2.7165
1537 161.0672 1.8861 -8.8645 2.4823 109.2252 2.5081 6.1065 1.8443 -8.3841 1.6004 25.8579 2.4366 59.0865 2.3863 83.6625 2.5049 70.9043 2.5815 -8.2384 2.3733
1538 160.8276 2.3247 -9.4578 2.9312 109.7858 2.4993 8.4492 1.9459 -8.5448 1.6555 28.1916 2.4753 60.8804 2.4814 83.0431 2.4243 73.0588 2.5603 -7.9598 2.2470
1539 161.2307 2.8160 -9.8944 3.1885 110.0232 2.5067 10.6250 2.2579 -8.5351 1.7170 30.4108 2.5466 63.2303 2.5060 82.0974 2.4785 75.1744 2.4586 -8.1905 1.9225
1540 161.4956 3.2647 -9.9900 3.6224 110.1499 2.4809 13.0253 2.3679 -7.8391 1.9973 32.2815 2.5293 65.3234 2.6032 81.0198 2.4251 77.6383 2.4438 -8.2691 1.3520
1541 162.0596 3.8194 -10.2156 4.2271 110.1148 2.4697 15.2859 2.6021 -7.7344 2.4226 34.5895 2.4235 67.5194 2.7416 80.0279 2.6020 79.5275 2.3649 -8.2091 1.0674
1542 162.8598 4.0941 -10.1709 4.2091 109.7135 2.3620 17.3196 2.3648 -7.8602 2.7746 36.4254 2.5012 69.4857 2.5501 78.3792 2.6108 81.4470 2.5925 -8.6837 0.6233
1543 163.3001 4.1712 -10.0925 4.1120 108.9544 2.4150 19.7187 2.3863 -8.2492 3.1641 38.8432 2.7079 71.7592 2.5938 76.3687 2.4741 83.6160 2.6673 -8.9034 0.1637
1544 164.3855 4.4661 -9.8636 3.8515 107.5688 2.3011 22.2298 2.4236 -8.9159 3.7471 41.5820 2.6014 73.7758 2.3543 74.3758 2.5909 85.8972 2.5747 -8.3683 -0.2829
1545 165.5260 4.5220 -9.7194 3.6758 106.4579 2.3168 24.9035 2.3108 -9.3592 3.9324 43.9290 2.5105 75.8346 2.2877 71.5594 2.1914 88.4411 2.3419 -7.6241 -0.7585
1546 166.6870 4.8404 -9.2642 3.4625 104.5110 2.4811 26.9962 2.5520 -9.5758 4.0883 45.8290 2.6406 77.7703 2.3066 69.5690 2.4225 90.7556 2.5191 -7.1360 -0.3273
1547 167.6632 4.6173 -9.1278 3.3321 102.9058 2.2223 29.1295 2.6340 -9.9609 3.8699 47.7435 2.7317 80.0648 2.2001 68.0618 2.2124 93.2288 2.4060 -6.4511 -0.3825
1548 168.6342 4.6486 -8.7534 3.1249 100.7010 2.2939 31.1792 2.4466 -9.9066 3.3027 49.7415 2.5929 81.9688 2.2880 66.8594 2.3491 95.3173 2.6166 -5.7867 -0.0142
1549 169.3763 4.6931 -8.5507 2.6564 98.3278 2.4026 33.4061 2.7138 -9.9716 2.8091 51.8414 2.6066 83.1446 2.6224 65.8019 2.3735 97.3622 2.3325 -5.3462 -0.3540
1550 169.3848 4.6840 -8.6421 2.0308 96.0238 2.5324 36.1718 2.4078 -9.6301 2.1733 52.9050 2.6334 84.5948 2.5999 65.1008 2.4274 99.7400 2.5509 -5.2010 -0.4432
1551 169.6266 4.8618 -8.6204 1.3107 93.7897 2.7115 38.5135 2.5962 -9.5040 1.8132 53.8750 2.6675 85.8491 2.5201 64.2992 2.5170 102.0620 2.7111 -5.4600 -0.6285
1552 169.8403 4.7789 -8.2409 0.7720 91.2053 2.4912 40.5416 2.5752 -9.1999 1.8258 54.2885 2.5380 86.8435 2.5152 64.1149 2.4960 104.5289 2.6379 -6.3806 -0.6457
1553 170.0210 4.8865 -7.8294 0.2828 89.3779 2.3767 42.5449 2.4058 -8.5422 1.3785 54.6408 2.5066 87.8393 2.5859 64.1105 2.4902 106.8204 2.7146 -6.6278 -0.6880
1554 170.4479 4.3121 -7.6336 -0.0520 86.8126 2.4958 45.0929 2.7068 -8.2723 1.5932 54.7888 2.4785 89.2744 2.6144 64.4623 2.5294 109.0043 2.6749 -6.8448 -0.6012
1555 170.7046 4.0486 -7.3964 -0.5772 84.3781 2.4267 47.3953 2.4765 -8.1245 1.6691 54.5211 2.4771 90.3965 2.4380 64.9248 2.5223 111.1733 2.4609 -7.0750 -0.1802
1556 170.6480 3.7716 -6.6018 -0.6634 81.9308 2.4195 49.3918 2.4708 -8.0026 1.8443 54.1015 2.4617 91.6578 2.4706 65.8911 2.5395 113.1987 2.4176 -7.4573 0.1848
1557 170.2301 3.9108 -6.5232 -0.6201 79.7069 2.6756 51.7840 2.5822 -7.8469 1.7345 53.5890 2.5273 92.4689 2.4069 66.8632 2.5681 115.6920 2.5723 -7.7716 0.6802
1558 169.9179 3.9563 -5.8369 -0.8042 78.0987 2.3475 54.1517 2.2077 -7.4005 1.3247 52.4159 2.4406 93.6549 2.6053 68.3818 2.5597 118.0822 2.3510 -7.5294 0.8264
1559 169.1179 4.0100 -5.3887 -0.8718 76.5896 2.3508 56.3632 2.3246 -7.0802 1.1333 51.3716 2.4361 95.0191 2.6238 70.0833 2.5446 120.1901 2.6253 -8.0208 1.2241
1560 168.5216 3.9910 -5.5386 -0.8992 75.1387 2.5749 58.6295 2.4545 -6.5669 0.9016 50.3277 2.3908 96.3859 2.2827 72.5435 2.6593 122.4733 2.6214 -8.2942 1.7692
1561 167.7189 3.8321 -5.1883 -0.7492 74.0651 2.4566 60.7113 2.4273 -6.0280 0.4848 48.5175 2.4937 97.7084 2.3405 74.3846 2.4476 124.6895 2.4794 -8.2252 2.2778
1562 166.7748 3.5460 -4.8328 -0.7816 73.1419 2.4389 62.9147 2.5747 -5.9030 0.6201 46.6240 2.5240 99.1144 2.4459 76.3608 2.4644 126.9488 2.5676 -7.9588 2.6035
1563 166.7516 3.0347 -4.5037 -0.5971 72.9179 2.4797 65.0444 2.7327 -5.3884 1.4500 44.3657 2.4609 100.6228 2.5100 77.7583 2.3005 129.1690 2.6300 -8.0780 2.9161
1564 166.8392 2.3416 -4.0643 -0.0870 72.8389 2.5435 67.0916 2.8203 -4.9531 1.6075 42.0960 2.5528 102.2607 2.5197 79.0843 2.4197 130.9977 2.5718 -8.0094 2.8759
1565 167.0833 1.5789 -4.0503 0.2634 73.0262 2.5336 69.4780 2.7477 -4.9407 1.7950 40.2866 2.5132 104.2702 2.4205 79.4931 2.6167 133.5076 2.7147 -7.8699 2.9132
1566 167.1794 0.9220 -4.2594 0.4615 74.1112 2.4764 71.6519 2.6056 -5.1276 1.7371 38.2051 2.5521 106.2870 2.6991 80.1688 2.6665 135.6237 2.4705 -7.7609 2.9516
1567 167.6850 0.7683 -4.4345 0.6324 74.7362 2.4965 73.9045 2.7612 -5.4070 1.3318 37.0623 2.6273 108.5054 2.5752 80.2255 2.4659 137.9195 2.3915 -7.3822 3.1884
1568 168.1302 0.7592 -4.8039 0.7337 75.5398 2.4570 76.0485 2.6535 -5.8235 0.9926 35.8956 2.6552 110.9834 2.4788 80.4807 2.5369 140.2317 2.4201 -7.1734 3.1170
1569 168.4147 0.9244 -5.1291 0.6252 76.2434 2.4233 78.0060 2.6909 -6.3638 0.8012 35.2498 2.5168 113.2773 2.7490 80.0121 2.5239 142.6889 2.3021 -6.9031 3.2096
1570 168.4564 1.4067 -4.8331 0.1286 77.2367 2.3770 80.7264 2.6943 -6.6816 0.2256 34.8596 2.5101 115.5533 2.5317 79.5302 2.5104 145.0879 2.2736 -6.5908 3.1235
1571 168.5524 2.1237 -4.8839 0.0151 78.7681 2.4246 82.9244 2.4594 -7.0945 0.0363 34.5359 2.4800 117.8008 2.3672 78.7449 2.5035 146.7462 2.1833 -6.4352 2.9189
1572 168.6172 2.5450 -5.0973 0.0708 80.1240 2.4867 85.2413 2.3680 -7.0048 -0.0498 34.6056 2.6065 120.0298 2.2003 77.6387 2.5343 148.4929 2.3058 -6.7707 2.1759
1573 168.5120 2.6679 -5.0835 0.6018 81.7304 2.5021 87.3409 2.3304 -7.5368 0.1898 35.4965 2.6002 122.3817 2.4419 76.1484 2.4313 149.4794 2.5172 -6.6667 1.9250
1574 168.7349 2.7133 -4.7572 0.8007 82.3141 2.3988 89.5386 2.6787 -7.6452 0.7746 36.3393 2.4714 125.0340 2.7882 74.3238 2.5803 150.6468 2.5480 -6.1920 1.8854
1575 168.8460 3.1201 -4.9532 0.5838 82.7944 2.5395 91.9609 2.6424 -8.0476 1.1256 37.4110 2.5394 127.3516 2.6678 72.0509 2.5206 151.1773 2.4958 -6.0295 1.1015
1576 168.8101 3.1587 -5.2740 0.4086 82.8941 2.4426 94.0970 2.4562 -7.7886 1.3284 38.9376 2.4206 129.9620 2.6599 70.0129 2.6770 151.1266 2.5070 -6.0050 0.3130
1577 168.6457 3.5654 -5.4526 0.7143 82.3122 2.4861 96.4497 2.4282 -7.8019 1.3917 40.2393 2.6361 132.0348 2.5503 67.8548 2.4457 151.4472 2.5679 -6.3098 -0.1425
1578 168.9736 3.7507 -5.6942 0.8075 82.0303 2.4932 98.7811 2.6098 -7.4387 1.3495 42.1025 2.5735 134.6564 2.3604 65.5875 2.4286 151.3580 2.4995 -6.6542 -0.1524
1579 169.1534 4.4304 -6.1143 0.2712 81.4578 2.5579 100.8053 2.3152 -7.6134 1.8665 43.9360 2.3884 136.6416 2.4948 63.1630 2.4646 151.2172 2.5056 -6.6750 0.0765
1580 169.4044 5.1491 -6.2678 -0.1981 81.0957 2.6445 103.5245 2.3698 -7.7983 2.0970 46.1623 2.4620 138.9580 2.3634 61.0274 2.3738 150.5533 2.5324 -6.4894 -0.3842
1581 169.2843 5.6515 -6.2483 -0.4262 80.1569 2.5878 105.9753 2.3748 -7.6264 2.2753 48.8484 2.5602 140.9787 2.4656 59.2876 2.5764 149.6316 2.5865 -6.3106 0.1006
1582 168.9548 5.7902 -6.6452 -0.3413 79.1519 2.6791 108.2021 2.5887 -7.3367 2.8395 50.9386 2.4879 142.8173 2.5683 57.7126 2.3331 148.5484 2.6411 -5.9260 0.4551
1583 168.4697 6.0232 -6.8447 -0.1917 77.1336 2.5162 110.3121 2.5265 -7.5499 3.5764 53.3411 2.4646 144.2470 2.5717 56.5127 2.4347 148.1634 2.6889 -5.4328 0.9774
1584 168.4173 5.9611 -6.8141 -0.5513 75.4125 2.5784 112.8063 2.6519 -7.5272 4.4995 55.3035 2.4830 145.5975 2.4666 55.1911 2.6145 147.3037 2.7246 -4.8693 1.5900
1585 168.5749 6.1067 -6.5833 -0.3882 72.9232 2.6967 114.9838 2.5481 -8.0682 4.6512 57.5873 2.5175 146.4865 2.5795 53.9939 2.5012 146.4790 2.4637 -3.5262 1.5448
1586 168.6051 5.9356 -6.2404 -0.1562 70.9875 2.7853 117.0283 2.5925 -7.9848 4.7054 59.8977 2.4919 147.3349 2.3374 53.2900 2.5374 146.0290 2.4288 -1.9198 1.3942
1587 169.0091 5.7442 -6.1695 -0.0002 69.0594 2.6918 119.5423 2.7474 -7.7777 4.8380 62.4764 2.5234 147.5158 2.4432 53.2714 2.5256 145.5840 2.5280 -0.1510 1.3360
1588 169.1940 5.7509 -6.3868 0.3389 66.6409 2.4473 121.9576 2.6167 -7.8413 4.4544 64.6167 2.5971 148.1535 2.4116 53.3718 2.4474 145.5882 2.5009 1.4262 1.5039
1589 168.7350 5.6926 -6.7534 0.9918 64.5235 2.3253 124.0473 2.3094 -8.0124 4.1916 66.8419 2.5989 147.9452 2.4741 53.3963 2.4480 145.7452 2.5359 3.1735 1.7033
1590 168.9502 5.3725 -6.9187 1.1009 62.1446 2.4307 125.9747 2.4541 -8.1808 3.7840 69.0026 2.5872 147.1309 2.6112 53.9682 2.5227 146.4482 2.5423 4.8632 2.0901
1591 168.8363 4.7408 -6.9017 1.6496 59.8579 2.5857 128.3022 2.5337 -7.9208 2.8026 71.7101 2.6223 146.6194 2.4676 54.8804 2.5263 147.2935 2.6312 6.6405 2.1833
1592 169.0219 4.5336 -7.1925 1.2810 57.5643 2.5358 130.5263 2.4505 -7.9542 2.2443 74.2701 2.4482 145.5331 2.4041 55.9199 2.4324 148.8766 2.5091 8.2236 2.5032
1593 168.8547 4.2088 -7.5120 1.0485 55.5812 2.5593 132.8357 2.3747 -7.9094 2.3587 76.2719 2.3384 144.2522 2.4645 57.3907 2.5599 150.2292 2.5273 9.3677 2.7272
1594 168.8578 4.7314 -8.4971 0.5858 53.1587 2.3942 135.4513 2.4325 -7.8907 2.4457 78.4932 2.3519 142.8755 2.6162 59.0293 2.3517 151.7509 2.4425 10.5675 2.6856
1595 169.0711 4.9832 -8.6029 0.5134 50.8755 2.4727 137.6769 2.4585 -8.5840 2.2944 80.6430 2.5272 141.0540 2.4707 61.2872 2.5542 153.1700 2.5947 11.7568 2.4830
1596 169.6206 5.2079 -8.8749 0.5499 48.4930 2.5460 139.4016 2.3477 -8.8517 2.2092 82.5363 2.4591 138.9023 2.5751 63.4803 2.2868 155.0547 2.5502 12.7643 2.3674
1597 169.6617 5.1772 -9.1290 0.8140 45.7931 2.6504 141.2091 2.5048 -9.2916 1.6233 84.3996 2.3739 136.8033 2.4684 65.2209 2.4720 156.7243 2.4010 13.2103 2.3518
1598 170.2453 4.9921 -9.4367 1.4015 43.3438 2.5113 142.3466 2.3650 -9.8931 1.4643 85.8028 2.7169 134.0806 2.4575 67.7467 2.7857 158.3223 2.3300 13.4337 2.4936
1599 170.1371 4.6160 -9.4743 1.8429 41.4383 2.3342 142.9533 2.4895 -9.9664 1.5139 86.9862 2.6407 131.8536 2.2706 70.2488 2.4653 159.5574 1.7097 14.1056 2.5557
1600 170.1114 4.2387 -9.0177 1.8128 39.1539 2.5965 143.8669 2.5469 -9.7587 1.2986 88.2403 2.4159 129.6173 2.3588 72.6101 2.4674 160.8222 1.5606 13.7310 2.4468
1601 169.9512 3.9142 -8.5309 1.9568 37.0211 2.5104 144.6619 2.5208 -9.2758 1.4631 88.6678 2.5167 127.5304 2.2718 75.0899 2.5450 161.8767 1.4936 13.1179 2.4621
1602 169.7733 3.8907 -9.2719 1.9866 34.7960 2.3113 144.7862 2.5217 -8.7406 1.5315 89.0820 2.4857 125.1477 2.3979 77.3749 2.6649 162.6606 1.3787 12.1659 2.5316
1603 169.2801 4.1195 -9.4793 2.2973 32.5591 2.5629 144.9634 2.5387 -7.6634 2.3018 89.3062 2.5283 122.6741 2.3838 79.9041 2.5481 162.8555 1.3683 11.1469 2.5164
1604 168.9374 4.3211 -9.5975 2.7025 30.1664 2.2699 144.6127 2.4586 -6.9674 2.6345 89.3862 2.5395 119.9848 2.4203 82.0055 2.7277 162.9500 1.3077 9.4499 2.5826
1605 168.5149 4.6026 -10.0411 3.0844 27.5448 2.4251 143.6453 2.4652 -6.3554 3.1520 89.0260 2.5634 118.0231 2.3959 84.2159 2.5669 162.4509 1.3494 8.2236 2.3795
1606 168.4429 4.8725 -10.1851 3.0331 25.2224 2.6398 142.8893 2.5413 -5.9130 3.6471 87.9251 2.5717 116.1300 2.5282 86.3072 2.5738 161.3538 1.5957 6.5929 2.2353
1607 168.7196 5.0480 -9.9925 3.4458 23.5315 2.3757 141.4387 2.4439 -5.9196 3.8407 87.0008 2.6620 113.9483 2.7462 88.4429 2.4607 159.9089 1.7238 4.8720 2.2737
1608 168.7327 4.9161 -10.2339 4.1120 20.9438 2.4582 139.9565 2.4302 -5.7490 4.2332 85.9967 2.6582 112.1417 2.4510 90.9497 2.5622 158.5553 1.7409 3.0095 1.9498
1609 169.0544 4.7191 -10.2688 4.2203 19.1938 2.3343 137.7147 2.6469 -5.4885 4.2185 84.6125 2.4575 109.4368 2.6832 92.9308 2.3668 157.0978 1.7941 1.4123 1.7290
1610 169.2382 4.5605 -10.1693 4.4163 17.8966 2.3843 135.8952 2.3208 -5.4683 4.4507 83.4570 2.3526 106.9052 2.4441 95.3451 2.4559 155.4975 1.9885 0.2269 0.9283
1611 169.3066 3.8760 -9.7632 4.9379 16.7504 2.5032 133.4787 2.3920 -5.4482 4.3606 82.0774 2.3759 104.6109 2.5048 97.4641 2.4607 154.0285 2.2023 -1.4769 0.4844
1612 169.0263 3.6722 -9.9072 4.7202 16.1314 2.4002 130.8053 2.5017 -5.0163 3.8991 81.0541 2.4747 102.5587 2.6607 99.7877 2.4902 152.0902 2.1190 -2.6953 0.2543
1613 168.5904 3.7652 -9.7430 4.2440 15.3514 2.5913 128.7037 2.5053 -4.4925 3.6331 80.2302 2.5368 100.1298 2.4840 101.8657 2.4979 149.9587 2.1967 -3.8335 0.4766
1614 168.1862 3.1171 -9.8464 3.7576 15.0076 2.5531 126.3216 2.4733 -4.2293 3.9988 79.7797 2.4392 98.0226 2.5997 103.8569 2.2569 147.7199 2.0691 -4.7741 0.5635
1615 167.8539 2.7502 -9.9670 3.3416 15.0729 2.5369 123.8648 2.3255 -4.0365 4.1916 79.8222 2.5257 95.9002 2.4374 106.3130 2.2864 145.5004 2.3292 -5.6605 0.6722
1616 167.7638 2.3706 -10.1638 3.0046 15.7905 2.4902 121.3974 2.3235 -4.3283 3.7453 79.9445 2.5767 94.6576 2.4007 108.2384 2.3915 143.3233 2.3546 -6.7078 0.5684
1617 168.3888 2.1906 -10.1879 2.6279 16.4610 2.4068 119.0084 2.5623 -4.8241 3.4109 80.3173 2.4007 93.1683 2.4842 110.6130 2.5499 141.4361 2.2961 -7.4491 0.6664
1618 168.2096 2.2379 -9.8039 2.3329 17.3206 2.5179 116.9483 2.5896 -4.7529 3.6120 80.5057 2.4362 92.1385 2.4100 112.6689 2.4273 139.6046 2.5025 -8.4726 0.3155
1619 168.0873 2.4444 -9.2809 2.3775 18.5346 2.6208 115.0948 2.6504 -4.5947 3.3645 80.4828 2.4561 91.4846 2.4610 114.5449 2.3618 137.8785 2.4529 -8.9364 0.7019
1620 168.0529 2.5673 -8.7896 2.3593 20.1159 2.6603 112.5625 2.7658 -4.1847 3.9484 80.7702 2.4940 90.9400 2.5045 116.5175 2.5184 136.9188 2.5141 -9.5183 1.0411
1621 167.7312 2.5074 -8.6498 2.2017 21.6634 2.5418 110.0038 2.5409 -3.7776 3.7893 81.3292 2.4212 91.0348 2.5352 119.0713 2.4636 136.1335 2.6414 -9.8609 1.4623
1622 167.9365 2.2386 -8.0459 2.1564 23.6311 2.4414 108.0122 2.5465 -2.7042 3.9062 81.6092 2.4298 90.8107 2.4677 121.3974 2.4268 135.0755 2.5146 -10.1597 2.4683
1623 167.6861 2.3465 -7.6357 1.9534 25.9908 2.7405 105.8987 2.4767 -1.8686 3.5762 81.8263 2.4399 90.9462 2.4274 123.5998 2.6293 134.6009 2.5827 -10.3439 3.1767
1624 167.6356 2.5891 -7.8666 1.5844 28.1711 2.4070 103.5464 2.5843 -0.8510 3.6087 81.9542 2.5772 91.5326 2.4854 125.2989 2.3655 134.2214 2.3815 -10.1580 3.7141
1625 167.6224 3.0731 -7.8583 1.6945 30.7888 2.4232 101.1581 2.6147 0.2943 3.5703 82.0942 2.4473 92.4446 2.4054 126.6856 2.3590 133.9904 2.5756 -10.1230 4.0508
1626 167.5090 3.4163 -7.9280 1.6307 33.1041 2.3242 98.6758 2.6097 2.1516 3.4678 82.4352 2.4845 93.2594 2.4833 128.0291 2.4307 133.9384 2.4831 -9.1448 4.3112
1627 167.5163 3.5786 -8.3295 1.7050 35.4350 2.5397 96.1285 2.5775 3.9545 3.5598 83.0127 2.4817 94.3481 2.5702 128.7854 2.4590 133.8019 2.5221 -8.6449 4.1371
1628 167.4784 3.7065 -8.3981 2.1679 37.5013 2.3985 93.5336 2.7099 5.4485 3.9085 83.1012 2.5275 95.6697 2.5168 129.7010 2.3701 133.6750 2.4203 -8.4333 3.4878
1629 167.7351 3.9518 -8.5922 2.8354 39.6239 2.4551 90.9634 2.4929 7.3669 3.7615 83.1373 2.4088 98.1635 2.6264 130.3409 2.4701 133.6173 2.4460 -8.4403 3.0330
1630 168.0339 4.3350 -8.6286 3.5551 41.8994 2.4054 88.8814 2.3606 9.1486 3.3411 83.7427 2.5511 100.4024 2.5794 130.4359 2.5448 133.3978 2.4577 -8.2890 2.6203
1631 168.3399 4.4257 -8.6233 3.5763 44.1494 2.5282 86.5386 2.3878 11.4530 2.7513 83.9481 2.4830 102.6611 2.4488 130.7272 2.4797 133.0653 2.5022 -8.3652 2.4455
1632 169.0540 5.3854 -8.5201 3.5451 46.5479 2.5647 84.4222 2.5463 13.4013 2.8553 84.5314 2.5020 104.8541 2.4446 130.3464 2.4613 132.4418 2.4489 -8.2019 2.3029
1633 169.4410 5.5104 -8.5851 3.6667 48.7904 2.5595 82.0297 2.5777 15.3516 2.6765 85.0612 2.4475 107.0066 2.4496 129.7278 2.4023 131.5374 2.4714 -8.2984 2.5660
1634 169.4635 5.7930 -8.4415 3.1662 51.1219 2.4244 79.6497 2.6834 17.0076 2.6016 85.6842 2.3783 109.2453 2.5800 128.6184 2.5248 130.7340 2.5206 -8.2533 2.5735
1635 169.3462 6.1591 -8.7724 2.9472 53.4646 2.3860 77.3069 2.5029 18.3333 2.6733 86.4577 2.5958 111.2831 2.4685 127.3691 2.4228 129.3661 2.4761 -8.3018 2.5551
1636 169.4450 6.2718 -8.7736 2.5091 55.8094 2.3785 74.8226 2.4937 19.9417 2.6694 87.4773 2.5335 113.3891 2.5013 125.4124 2.4225 127.8094 2.5151 -8.4822 2.1581
1637 169.3229 6.0869 -8.9728 2.1504 57.8261 2.5145 72.7281 2.5111 20.8659 2.4553 88.6980 2.4791 115.6441 2.6196 123.5131 2.4298 125.8740 2.4238 -9.0920 2.0452
1638 169.8200 5.4821 -9.7327 1.9040 59.9639 2.6871 70.5364 2.6092 21.4049 2.5623 89.8362 2.4768 117.6515 2.5631 121.4281 2.6022 123.6948 2.5679 -9.5703 1.7720
1639 170.2473 5.1222 -10.2894 1.9422 62.3988 2.7445 68.5228 2.5092 21.4603 2.4837 91.0158 2.5402 119.5663 2.7282 119.0871 2.4685 121.4586 2.3795 -9.5014 1.2403
1640 170.2459 4.9614 -10.6216 2.1354 64.8409 2.7484 66.0070 2.6525 21.0778 2.4919 91.9732 2.3690 121.5276 2.4812 117.3024 2.4208 119.4262 2.4286 -9.7488 1.0022
1641 170.0843 5.2739 -10.8476 2.0925 67.3347 2.5791 64.0008 2.7040 20.3008 2.3707 92.4408 2.4897 123.4156 2.7111 114.9124 2.6847 117.5539 2.5324 -9.6146 0.8296
1642 169.9732 5.4381 -10.8748 2.2651 69.0527 2.5027 61.7868 2.5769 19.5502 2.3626 93.0798 2.5611 124.6924 2.5717 112.1439 2.5464 115.5556 2.4244 -9.4897 0.5941
1643 169.7331 5.5434 -11.0832 1.9348 71.1228 2.5897 60.4287 2.6064 18.2026 2.4730 93.3650 2.3968 125.7301 2.4766 109.9386 2.7938 113.1885 2.2142 -9.3769 0.7088
1644 169.6197 5.6439 -10.5857 1.8139 73.5831 2.4942 59.0289 2.7509 16.3955 2.4381 93.1667 2.3538 126.3973 2.6129 107.7757 2.5370 110.6750 2.2602 -9.1870 0.3983
1645 169.6292 5.8346 -10.6439 1.6094 76.2857 2.5465 58.2069 2.5537 14.6436 2.3748 92.5879 2.4463 127.0420 2.5758 106.2403 2.5020 108.0983 2.3028 -8.9443 0.7611
1646 169.7136 5.8347 -10.5659 1.7123 78.6032 2.4059 57.1544 2.4692 12.4395 2.6012 91.4954 2.5810 127.4444 2.5639 104.9899 2.5441 106.1700 2.4851 -8.2454 0.8995
1647 169.7412 5.9620 -9.8962 1.5878 80.9572 2.4918 56.9230 2.4487 10.3305 2.8638 90.0849 2.5233 127.8295 2.4547 104.0115 2.3745 103.7400 2.6760 -8.1428 0.9477
1648 168.9132 6.1575 -9.2629 1.7032 83.0970 2.7656 57.2225 2.4517 8.2249 2.6453 88.3688 2.3723 127.8175 2.3957 103.3969 2.5393 101.3136 2.5622 -8.1423 0.6129
1649 169.0871 6.0346 -8.8868 1.8705 84.6928 2.3466 57.5571 2.4664 6.1329 2.4489 86.8113 2.3369 127.2207 2.5168 102.9642 2.3863 98.6178 2.7011 -7.5483 0.2761
1650 168.5080 5.8592 -8.7312 1.6458 86.8795 2.3427 58.1520 2.4702 3.8032 2.0282 85.3182 2.4023 126.8368 2.4148 102.6813 2.4865 96.4872 2.7247 -7.1693 0.0081
1651 167.6398 5.7547 -8.7869 1.5251 89.4707 2.5491 58.9072 2.4208 2.0857 1.7640 83.4216 2.4343 125.6127 2.4355 102.9906 2.4669 94.3143 2.5858 -7.0574 -0.3304
1652 166.6512 5.3292 -8.8399 1.4707 92.0765 2.5778 59.9478 2.5751 0.5808 1.2429 82.2890 2.5957 124.0752 2.4693 102.7486 2.5019 92.2553 2.2351 -6.4638 -0.6047
1653 165.7714 4.7043 -9.0541 1.1843 94.1723 2.4947 61.1361 2.4638 -0.4936 0.9737 81.3874 2.4889 122.6930 2.3180 103.0787 2.5665 90.1242 2.5912 -6.2385 -0.6169
1654 164.5251 4.6044 -9.4059 1.0293 96.1031 2.5475 62.7498 2.6860 -1.7009 0.8759 81.0521 2.6687 120.7222 2.3228 104.4217 2.3152 88.0645 2.4602 -6.7019 -0.4352
1655 163.5106 4.4279 -9.7103 0.7804 97.8894 2.3414 64.6774 2.2674 -2.7181 0.5772 80.4345 2.5666 118.1677 2.4562 105.8708 2.3059 86.1356 2.3500 -7.0810 -0.0354
1656 162.2490 4.3122 -9.8681 0.9227 99.7015 2.5540 66.8015 2.3141 -3.5348 0.1308 80.2972 2.4858 115.9914 2.3369 107.5982 2.5672 83.5023 2.3363 -7.3465 0.1445
1657 161.1025 4.1101 -9.6229 0.7988 101.3479 2.6474 69.0950 2.2595 -4.3704 -0.4717 80.6542 2.4959 114.1531 2.2527 109.4350 2.5712 81.1366 2.2669 -7.6443 0.4532
1658 159.9806 3.9888 -9.2133 1.0816 102.6850 2.4352 71.7068 2.4033 -5.3395 -0.6632 81.2087 2.4355 112.4311 2.3077 111.6026 2.6745 78.8670 2.2171 -7.9132 0.1614
1659 158.9747 3.8130 -9.0502 0.9643 103.5317 2.4224 73.5958 2.4101 -5.9302 -0.8420 81.6067 2.4428 110.9997 2.1772 114.1476 2.7244 76.2812 2.3666 -7.8604 -0.1035
1660 158.3412 3.4693 -8.6760 1.2358 104.1529 2.4583 75.3358 2.5730 -5.9973 -0.5780 82.9507 2.5702 110.3397 2.3312 116.0155 2.6166 74.3419 2.3746 -7.9605 -0.4870
1661 157.8001 3.1101 -8.7595 1.3074 104.2535 2.5585 77.7378 2.6402 -5.7959 -0.2837 84.2456 2.6106 109.3206 2.4598 118.1739 2.4373 71.8594 2.3233 -8.1349 -0.8369
1662 157.3386 2.9516 -8.8028 1.4254 104.5712 2.5357 79.6995 2.6993 -5.8042 -0.5926 85.9745 2.5814 108.5717 2.4829 120.2043 2.4728 69.4432 2.3949 -8.2098 -1.0687
1663 157.2417 3.2266 -8.5562 1.4961 104.3683 2.5221 82.0706 2.3581 -5.0367 -0.2767 88.0549 2.5356 108.2104 2.4978 122.6018 2.5135 67.1074 2.4506 -8.1935 -1.1487
1664 157.6007 3.3386 -8.3409 2.1661 103.5882 2.5759 84.6800 2.4389 -4.0165 -0.2165 89.8411 2.5488 108.4666 2.5853 124.4449 2.5358 64.8597 2.3030 -7.5769 -1.2217
1665 158.1663 3.5915 -8.3376 2.7273 102.5700 2.6130 86.5929 2.4744 -2.8737 -0.1050 91.3666 2.4224 108.7517 2.5355 126.7505 2.6077 62.8287 2.5709 -7.3820 -0.9664
1666 158.5904 3.4882 -8.3015 3.2857 101.7122 2.4000 88.9560 2.4920 -1.9504 0.0987 93.4289 2.4311 109.1362 2.4788 128.7090 2.6202 60.4742 2.4152 -6.9288 -0.2242
1667 159.5675 3.3629 -7.5891 3.3123 100.1835 2.4262 91.1145 2.7438 -0.8133 0.7539 95.7441 2.4768 110.0466 2.4309 130.3383 2.3555 58.4165 2.2877 -6.4336 0.2030
1668 160.5587 3.0213 -6.9854 3.4585 98.7357 2.5478 93.3342 2.6654 0.7679 1.4088 98.1701 2.5913 111.3523 2.4785 132.2579 2.4476 56.0396 2.2433 -5.6209 0.2971
1669 161.6056 2.6991 -7.0030 3.5947 96.6319 2.3924 95.9026 2.6703 2.3009 1.6560 101.0427 2.5079 112.8486 2.5375 133.3868 2.4002 53.2153 2.3239 -4.7984 0.3628
1670 163.1406 2.7323 -6.5408 3.4185 94.5651 2.4887 98.1794 2.5651 4.0902 2.0127 103.6148 2.6042 114.4740 2.4150 134.5732 2.4340 51.0962 2.3734 -4.0579 0.3672
1671 164.5709 2.7567 -6.4574 3.1311 92.3857 2.5293 100.3230 2.4692 5.7442 2.0186 106.0428 2.6247 116.5998 2.4674 135.0074 2.5735 48.9747 2.5840 -3.7381 0.6262
1672 165.6238 2.7829 -6.2846 3.0865 90.2183 2.3689 102.1614 2.3848 7.6510 2.2083 107.9190 2.6206 118.9802 2.3047 135.2317 2.4196 47.2944 2.4310 -3.2811 0.8470
1673 166.7751 2.5638 -6.4354 2.6833 87.8280 2.4159 103.9687 2.4741 10.2522 2.1012 110.2373 2.5552 121.7917 2.4744 135.1343 2.5427 45.7373 2.4356 -2.7106 0.5151
1674 167.4892 2.6986 -6.6030 2.8873 85.5489 2.6567 106.1645 2.6320 12.2360 2.3686 112.7447 2.4316 124.3442 2.5445 134.9500 2.3585 44.8090 2.5025 -2.3399 0.3418
1675 168.5886 3.1524 -6.7524 3.6339 83.5040 2.4816 108.2703 2.4156 14.5358 2.4473 114.7955 2.5542 126.6374 2.6047 134.3258 2.4702 43.8284 2.3588 -2.3220 0.4148
1676 169.2010 3.4472 -7.0192 3.1131 81.1829 2.7184 110.6828 2.4589 16.9493 2.4608 117.1697 2.5390 129.2265 2.6102 133.4893 2.4339 43.1602 2.4042 -2.6251 0.3643
1677 169.6084 3.3299 -7.1965 2.7907 78.8690 2.5418 113.0095 2.4625 19.1735 2.4026 119.6345 2.4504 131.4762 2.6556 132.2892 2.2727 42.7653 2.4436 -3.4931 0.4737
1678 169.5042 3.4249 -7.2576 1.9365 76.6666 2.6126 115.2491 2.3428 21.6646 2.5407 121.9178 2.4834 133.6311 2.5471 130.8939 2.3851 43.0902 2.5124 -3.8405 0.3372
1679 169.6566 3.2420 -7.4664 1.3394 74.2593 2.3637 117.2277 2.3325 23.7170 2.6476 124.1917 2.5216 136.2403 2.5100 128.8639 2.3894 43.5554 2.4961 -4.9368 0.3546
1680 169.5099 3.3527 -7.9397 1.3564 72.0279 2.4915 118.9445 2.4884 26.0927 2.6524 126.4326 2.4085 138.5787 2.4672 126.7791 2.2972 44.4209 2.5020 -5.1659 0.5122
1681 169.9173 3.8067 -7.8723 1.1107 69.9542 2.6631 120.2106 2.4127 28.4107 2.5212 127.9764 2.5071 140.8980 2.5338 124.8111 2.5305 45.6338 2.6546 -6.0486 0.8514
1682 170.0696 3.6332 -7.9523 1.2081 67.9237 2.4579 121.2966 2.5875 30.4038 2.4271 129.3283 2.5753 143.2345 2.4571 122.7833 2.5117 46.7491 2.4723 -6.6141 1.2424
1683 170.4608 4.1697 -7.7290 1.3179 65.7305 2.3798 121.8620 2.5598 32.5732 2.4736 130.9558 2.4902 145.3325 2.5013 120.7961 2.4489 48.5938 2.5644 -7.1531 1.2803
1684 170.8776 4.1944 -7.4690 1.3883 63.7218 2.4582 122.3033 2.5337 35.1757 2.3857 132.3070 2.5307 147.3683 2.6871 118.2850 2.4439 50.5954 2.4199 -8.2758 1.1799
1685 171.0554 4.5565 -6.9472 1.4921 61.8792 2.3112 122.3075 2.5475 37.2167 2.5095 133.1913 2.5026 149.9988 2.8073 116.1290 2.4298 52.7824 2.4068 -8.9330 0.9910
1686 171.0339 4.3930 -6.6389 1.6921 60.1449 2.3032 122.0496 2.5770 39.6387 2.4735 133.0772 2.6011 152.4389 3.1527 113.9073 2.4714 55.3858 2.5758 -9.3235 0.8122
1687 170.6357 4.7570 -6.1749 1.4801 58.2942 2.3716 121.2770 2.5026 41.7523 2.5176 133.2624 2.5023 154.3636 3.9530 111.6531 2.6399 57.3756 2.4965 -9.4993 0.7070
1688 170.0127 4.7736 -5.7911 1.3692 57.4151 2.5950 120.6336 2.5098 43.8576 2.7614 132.8763 2.4481 156.6794 4.0827 109.4436 2.4144 59.5790 2.3406 -9.5446 0.9224
1689 170.2118 4.7139 -5.5415 1.1261 56.6944 2.5832 119.8952 2.6032 45.8720 2.6944 132.6646 2.4419 158.2339 4.1128 106.9485 2.7564 61.9555 2.3975 -9.8091 1.3712
1690 169.9651 4.9644 -5.8101 0.4018 55.9967 2.5192 118.4923 2.7266 48.1593 2.3374 131.7207 2.4854 159.9211 4.4801 104.7166 2.4374 64.0104 2.4628 -9.4144 2.3399
1691 169.7578 5.3554 -5.4894 0.0000 55.8111 2.5377 116.8712 2.6672 50.6408 2.6033 131.1748 2.5813 161.1004 4.8248 102.5452 2.3689 66.0828 2.2685 -8.7715 2.9532
1692 169.7294 5.2661 -5.8694 0.4492 55.7835 2.4137 115.3204 2.4754 52.9846 2.3903 129.7574 2.4931 162.1612 5.0306 100.6502 2.5099 68.1731 2.5558 -8.5153 3.5548
1693 170.1009 4.5756 -6.6462 0.6976 55.8631 2.5206 113.3758 2.4284 55.4174 2.4472 128.7384 2.5418 163.3415 5.1561 98.4421 2.5865 70.1915 2.6736 -8.0437 4.0304
1694 170.1194 4.1865 -7.1633 0.9270 56.4448 2.6545 111.2589 2.5393 57.6824 2.1729 127.1330 2.3892 164.0049 5.0393 96.2293 2.4894 72.7721 2.4797 -7.5463 4.3744
1695 170.1325 3.4211 -7.2389 1.6253 57.4495 2.5079 109.0895 2.4582 60.1411 2.5059 125.0699 2.3628 164.3284 4.9227 94.2087 2.4490 74.8263 2.4756 -6.6223 4.1890
1696 169.7562 2.8681 -7.4447 1.8457 58.8652 2.3766 106.8756 2.5566 62.0725 2.3101 123.0841 2.5275 164.7168 4.6474 91.8165 2.6398 76.8418 2.5795 -6.6034 4.2090
1697 169.2031 1.9538 -7.8612 2.1517 60.3308 2.5512 105.0676 2.6332 64.2893 2.3753 120.7902 2.6087 164.7937 4.4936 89.8720 2.7635 79.1931 2.4437 -6.0345 4.1551
1698 169.0715 1.4233 -7.6047 1.9448 62.4588 2.5373 103.5669 2.5791 66.6138 2.5552 118.3940 2.3814 163.9403 4.4246 87.5251 2.6421 81.3990 2.5066 -5.9548 4.0182
1699 168.6332 1.1931 -7.8131 1.9447 64.6546 2.7328 102.5769 2.6338 68.8472 2.6387 115.9379 2.3802 163.2563 4.5112 85.2810 2.4363 83.6256 2.5573 -5.6478 3.7091
1700 167.9303 0.9323 -7.8803 1.8585 66.9663 2.3622 101.3987 2.5923 70.8763 2.6194 113.2330 2.5420 162.2282 4.6531 82.7288 2.5534 85.6140 2.4316 -5.3533 3.6275
1701 166.8984 1.2382 -7.6674 2.1139 69.5083 2.3925 101.1784 2.5524 73.0616 2.5272 111.0079 2.4794 160.8863 4.1353 80.5203 2.3004 88.2569 2.6214 -5.0711 3.6140
1702 165.8723 1.4211 -7.2406 2.6903 71.7064 2.2542 100.9614 2.5499 75.3066 2.3997 108.9597 2.5438 159.2159 3.8306 78.1316 2.5095 90.6664 2.4185 -5.0846 3.3727
1703 164.7430 1.4387 -6.3663 3.3130 74.0077 2.5701 100.7197 2.4619 77.8484 2.4043 107.0519 2.4123 157.6004 3.8238 75.5887 2.5344 92.8544 2.3359 -5.2313 2.8730
1704 163.6157 1.3283 -6.0955 4.1774 76.5968 2.7012 100.9863 2.5703 79.9770 2.6129 105.3874 2.5996 155.6680 3.7362 73.7518 2.3939 95.6304 2.5157 -4.9796 2.5954
1705 162.6192 1.0101 -5.8941 4.6299 79.0439 2.3768 101.5474 2.5534 82.5562 2.5449 103.0733 2.4853 153.7111 3.3940 71.5110 2.4283 97.8887 2.5252 -4.9899 2.4021
1706 161.8484 0.9902 -5.3997 4.6654 81.2819 2.4998 102.3870 2.5459 84.3139 2.4102 100.8894 2.6882 151.3271 3.1123 69.5492 2.4397 99.7522 2.5718 -5.2991 2.1796
1707 161.0766 0.8836 -5.0616 4.2300 83.7423 2.5803 103.6829 2.6697 86.2148 2.6574 98.7013 2.6774 149.0168 2.6841 67.6032 2.5304 101.5825 2.6773 -4.4681 1.8161
1708 160.3925 1.0401 -4.7997 3.8906 85.9059 2.5809 104.7816 2.4030 87.4580 2.5080 96.4111 2.5010 146.6115 2.5871 65.7123 2.6117 102.9904 2.5392 -4.0912 1.6398
1709 159.6280 1.4582 -4.9243 3.5246 88.3527 2.4568 106.1351 2.3937 88.5754 2.4633 93.8586 2.5955 144.5766 2.5226 63.6793 2.3813 104.7276 2.3662 -3.8146 1.5274
1710 159.0971 1.8004 -4.5627 3.2930 90.8363 2.6413 107.9707 2.6084 89.2260 2.5294 91.7782 2.5686 142.2054 2.5172 61.5466 2.5868 105.5529 2.4729 -3.6069 1.2593
1711 158.8265 1.9639 -4.7203 3.1579 93.0343 2.5654 110.1161 2.4760 89.9528 2.4012 89.3283 2.4365 140.0499 2.5044 58.8033 2.3475 106.2901 2.4852 -2.9253 0.8938
1712 158.7843 1.9423 -4.1808 3.4642 95.1842 2.3675 112.1952 2.3335 90.3501 2.5491 87.1699 2.5310 137.6041 2.6720 56.4280 2.5669 106.5089 2.5252 -2.0745 0.5371
1713 158.9063 1.8305 -4.5204 3.8068 97.1331 2.5873 114.4740 2.2517 90.4861 2.4456 84.9144 2.3425 135.0796 2.6510 54.3807 2.4171 106.4750 2.5219 -1.1222 0.4287
1714 159.2316 1.8111 -5.0293 4.5707 98.8030 2.4824 116.6097 2.5107 90.0193 2.4190 82.6981 2.4411 132.6955 2.5486 52.2563 2.4168 106.7173 2.4844 -0.1318 0.8307
1715 159.1641 1.6961 -5.7838 4.6141 100.1702 2.5555 118.4839 2.3657 89.0487 2.4644 80.1416 2.5714 130.0658 2.3680 50.2494 2.4742 106.0473 2.4411 1.1576 0.8660
1716 159.4140 1.7107 -6.3319 4.7193 101.5470 2.4778 120.3935 2.6820 87.9372 2.3175 77.8366 2.5804 127.5510 2.2331 47.4153 2.5033 105.0857 2.4325 3.1522 0.7457
1717 159.6884 1.6260 -7.1622 4.7687 102.7041 2.4766 121.6635 2.5265 86.5305 2.5427 75.6300 2.4729 125.2896 2.4495 45.2181 2.6146 104.0845 2.5578 5.0407 0.9672
1718 160.0952 1.7958 -7.6396 4.5509 102.7836 2.5545 122.6510 2.4648 85.1075 2.4817 73.6649 2.5593 122.7020 2.4357 43.2023 2.4847 103.0710 2.4876 7.0575 1.4996
1719 160.8481 1.8527 -8.1842 4.1494 102.7194 2.5504 123.5368 2.4616 83.4272 2.5448 71.4311 2.3704 120.6803 2.3240 40.8040 2.6406 101.0329 2.6054 9.1668 1.6302
1720 161.5128 2.2487 -8.8396 4.1517 102.4878 2.4722 123.8186 2.4244 81.0621 2.5997 68.6789 2.5437 118.5906 2.3903 38.6335 2.3802 99.0436 2.5135 11.4795 2.2751
1721 162.7792 2.8687 -9.4239 4.0365 102.3021 2.3457 123.7436 2.5541 78.5137 2.5809 66.4879 2.6632 116.1472 2.5013 37.0947 2.5061 97.0575 2.4533 13.7614 2.4950
1722 164.0237 3.2563 -9.3417 4.2296 101.9669 2.4087 123.6415 2.5269 76.5025 2.4097 64.3764 2.5861 114.0950 2.4868 35.6062 2.4168 94.9832 2.5105 15.7787 2.2435
1723 164.6305 3.5904 -9.5797 4.3056 101.3556 2.3794 123.2010 2.4659 74.3710 2.3880 61.6375 2.5325 112.2918 2.5553 33.9073 2.5083 92.7133 2.5205 18.1584 2.5150
1724 165.6018 3.4741 -9.6169 4.4720 100.1028 2.3723 122.1634 2.5180 72.1685 2.4153 59.3683 2.4902 111.3963 2.3260 32.7851 2.5703 90.5721 2.7599 20.6458 2.6640
1725 166.3803 3.7285 -9.6940 4.3777 98.5107 2.4155 121.3421 2.4291 69.8923 2.5841 57.4835 2.5793 110.2941 2.4187 32.3303 2.4369 88.1411 2.6957 22.8726 2.5738
1726 167.0063 3.8936 -9.8341 4.2950 96.4019 2.4687 119.6697 2.5644 67.4544 2.6057 54.9653 2.6975 109.4100 2.5543 31.7458 2.6042 85.8067 2.3871 25.0876 2.4931
1727 167.8647 3.4107 -9.6110 4.4675 95.0758 2.5108 118.3010 2.6127 65.3410 2.3134 52.4691 2.5833 108.9887 2.5267 31.9024 2.5371 83.4253 2.4612 26.9533 2.5422
1728 168.3185 3.1290 -9.3186 4.3858 93.7940 2.5532 116.3623 2.5341 63.4121 2.6598 50.2931 2.3390 108.7901 2.4940 31.9713 2.4527 80.8348 2.4520 29.1095 2.6423
1729 168.4146 3.3172 -8.9098 4.5379 92.7724 2.4741 114.4613 2.4611 61.3828 2.4829 47.9546 2.3123 108.9714 2.5776 32.6998 2.4068 78.9417 2.4898 31.1607 2.3878
1730 168.8898 3.4870 -8.6505 4.2594 91.9508 2.4883 112.3436 2.4789 58.6743 2.5098 45.5223 2.4716 109.7258 2.5484 33.6892 2.4579 76.6564 2.5232 33.3183 2.5382
1731 168.8630 3.2248 -8.7078 3.9672 90.9314 2.4564 110.7236 2.3942 56.6596 2.7640 43.2261 2.2438 110.0867 2.5100 34.3917 2.4920 74.4756 2.6106 34.9805 2.5442
1732 168.8316 3.5190 -8.8279 4.1671 90.5567 2.4731 109.3643 2.5642 54.2481 2.5405 41.3056 2.3946 111.0811 2.4329 35.5412 2.3884 72.1721 2.4606 36.8487 2.4665
1733 168.8474 2.9764 -8.8313 4.3596 90.6016 2.4378 108.1720 2.3757 51.9543 2.5672 39.0070 2.5393 112.2625 2.5692 36.6679 2.3141 69.9564 2.5556 38.7775 2.4674
1734 169.1732 3.2768 -8.7771 4.5440 90.1248 2.6147 107.1644 2.3928 49.8768 2.2235 36.8233 2.4799 113.7972 2.6377 38.4781 2.4500 68.1269 2.6207 40.7478 2.4466
1735 169.0760 2.8252 -8.3221 4.9087 89.8092 2.4935 106.5913 2.4641 47.7259 2.7549 34.1628 2.4814 115.7953 2.6339 40.6804 2.4028 66.3446 2.7539 43.1932 2.6019
1736 169.5157 2.0811 -8.2237 5.0767 89.7374 2.4979 106.6252 2.5071 45.6164 2.5833 31.6690 2.5222 118.3994 2.4647 43.3075 2.3740 64.8828 2.6803 45.4764 2.5856
1737 169.3718 1.3362 -8.0210 5.0194 89.2825 2.4920 106.8730 2.6062 43.3371 2.4808 29.6296 2.4014 119.9974 2.4864 45.5850 2.5025 64.0183 2.5024 47.9587 2.6908
1738 169.6240 1.1300 -7.8170 5.1465 88.9475 2.4227 107.1316 2.5614 40.9111 2.3652 27.6444 2.2547 122.1284 2.4422 48.0633 2.5222 63.2010 2.6722 50.1483 2.5778
1739 169.0863 0.7326 -7.5684 4.7786 89.2016 2.4263 107.6373 2.6129 38.4795 2.3436 24.9826 2.2206 124.7591 2.3825 50.1499 2.4303 62.5047 2.5336 52.2555 2.4372
1740 168.1669 0.4445 -7.3626 4.0186 88.8786 2.5101 108.2271 2.6268 36.0000 2.4036 22.4644 2.3575 127.1092 2.5686 52.7137 2.6280 61.6954 2.5764 54.3413 2.4459
1741 167.5037 0.7689 -7.0422 3.6717 89.1265 2.4553 109.0737 2.6026 33.5919 2.3242 20.6044 2.5319 129.5077 2.6153 55.0726 2.4707 61.3233 2.5619 56.4323 2.4667
1742 167.2185 1.7826 -7.2517 3.3249 89.2606 2.5306 110.7312 2.5665 31.1132 2.6193 18.3531 2.5484 131.4309 2.5850 57.5855 2.2700 61.5009 2.4615 57.9049 2.6892
1743 166.9360 2.4315 -6.9359 3.7486 88.6430 2.5309 112.5046 2.6501 29.0148 2.5580 15.9853 2.3483 133.7357 2.5325 59.5267 2.5556 62.3690 2.6343 59.1801 2.5374
1744 167.1296 3.0686 -7.1369 3.8547 88.5632 2.4978 114.0962 2.6055 26.3968 2.6134 13.8077 2.4623 135.9935 2.6290 61.6704 2.3866 62.7545 2.6084 60.1756 2.5716
1745 167.7960 3.6323 -6.8803 4.3376 88.3732 2.4408 116.1629 2.4324 24.5460 2.4511 11.7938 2.8009 137.9454 2.5448 63.4922 2.5061 63.4422 2.4317 60.9481 2.5208
1746 168.0191 4.1145 -6.6479 4.8028 88.0891 2.4959 118.4940 2.3710 22.0926 2.3009 9.8527 2.9916 140.1506 2.4013 65.4465 2.4045 63.9910 2.4617 61.8765 2.4827
1747 168.4966 3.9605 -5.9032 5.5018 87.6684 2.4847 121.2455 2.4725 19.9966 2.4534 7.6287 3.2903 142.5268 2.5840 67.6101 2.6252 65.0078 2.5655 62.4906 2.5666
1748 169.1902 3.9500 -6.0555 6.0188 87.4631 2.4344 123.5629 2.5984 18.0175 2.4846 5.3806 3.8043 144.9245 2.7377 69.7165 2.6161 65.5902 2.5462 62.7491 2.5173
1749 169.6250 3.9982 -5.8779 6.1616 87.4637 2.4018 125.9293 2.4149 15.8138 2.6231 3.4904 4.0983 147.3393 2.5355 71.7776 2.6062 66.1694 2.5099 62.7753 2.4711
1750 170.0577 3.8346 -5.8564 5.9961 88.1172 2.4503 128.4613 2.4958 13.4370 2.4922 1.7820 4.2856 149.7813 2.7157 73.7817 2.4962 66.7000 2.4960 63.1210 2.5001
1751 169.6860 3.4414 -6.3743 5.9070 88.7024 2.6713 130.4605 2.4662 11.2163 2.5357 0.1759 4.1541 152.3647 2.7635 75.8929 2.5977 67.0602 2.4527 63.2484 2.5308
1752 169.5917 3.3586 -6.9915 5.4538 89.7889 2.5241 132.5997 2.5519 9.1765 2.7575 -1.6847 4.0130 154.2208 2.8451 77.8642 2.5851 67.1112 2.5042 63.1380 2.5181
1753 169.4630 3.6267 -6.7581 5.0428 91.0943 2.5776 134.9435 2.4126 7.4069 2.8110 -3.3208 3.7696 155.6758 2.9257 79.8958 2.6369 66.4715 2.4420 62.4835 2.5329
1754 170.0028 3.9455 -7.3228 4.7007 92.6455 2.4578 137.4102 2.6039 5.3510 3.4722 -4.4391 3.5668 157.1862 2.9623 82.1333 2.4557 66.0144 2.5293 61.6777 2.4608
1755 170.1888 4.1789 -7.9423 4.0553 94.8017 2.5586 139.4987 2.5817 3.6464 4.0598 -5.4615 3.2781 158.4918 3.1942 84.1673 2.4453 65.4590 2.5197 60.6849 2.4066
1756 170.4366 4.2580 -8.2239 3.1232 97.1958 2.4443 141.7290 2.5329 1.6537 4.3568 -6.2995 2.8407 159.5025 3.2689 85.0638 2.5728 64.6958 2.3309 59.8866 2.6025
1757 170.9147 4.3148 -8.4505 3.0412 99.7996 2.5046 143.8938 2.4366 -0.2916 4.2051 -6.3819 2.2467 160.9859 3.6550 86.3978 2.4788 63.2056 2.3085 58.9635 2.4837
1758 171.0399 4.6800 -8.6418 2.7158 101.7595 2.4767 146.1331 2.4342 -2.3016 4.4246 -6.8844 2.0045 161.5190 3.7201 87.4588 2.4660 61.7274 2.6412 57.6907 2.4631
1759 170.8552 4.8556 -8.8001 2.2411 104.0611 2.4236 148.4028 2.5129 -3.7599 4.6775 -6.7495 1.9445 162.0670 3.3746 88.0992 2.5131 60.2378 2.3834 57.1144 2.4407
1760 170.3140 5.0004 -8.9354 2.2084 106.1825 2.4175 150.6257 2.6168 -4.7522 4.7064 -6.9592 1.6362 162.1820 3.6715 88.4657 2.4627 57.4789 2.4352 56.4241 2.5091
1761 169.9579 5.0786 -8.9782 1.2065 108.4248 2.2174 152.7019 3.1608 -5.5821 5.1910 -6.6027 1.5009 162.1221 3.9079 89.2281 2.5134 55.4440 2.4625 55.9388 2.4231
1762 169.9249 5.1337 -8.9854 0.4088 110.4743 2.5303 154.2701 3.6626 -6.4393 5.3602 -6.3847 1.3723 161.6749 3.7949 88.7701 2.4887 53.3146 2.3426 55.3109 2.4515
1763 169.3098 5.2069 -8.9137 -0.2895 112.7617 2.4305 156.1079 4.0368 -7.0656 5.2371 -6.3683 1.0790 161.0822 3.7558 88.0363 2.4526 51.3436 2.4440 54.9720 2.5053
1764 168.6807 5.3022 -8.9532 -0.6491 114.7875 2.5333 157.6626 4.0900 -7.3580 5.6432 -5.7523 0.8776 159.8509 3.9832 87.2342 2.4771 49.3590 2.3804 55.4200 2.5301
1765 168.7077 4.9527 -8.6527 -0.7621 117.2049 2.4444 158.6532 3.7189 -7.1751 5.6343 -4.9395 0.7172 158.2519 3.9938 85.5968 2.4192 46.9787 2.4834 55.2038 2.3955
1766 168.6072 4.6611 -8.3981 -1.0546 119.4730 2.5114 159.3088 3.6767 -7.0147 5.5346 -3.6531 0.3987 156.7290 3.7341 84.3218 2.3939 44.6016 2.6653 54.8913 2.5512
1767 168.3056 4.6805 -8.2664 -0.8379 121.6458 2.3154 160.0587 3.7338 -7.0152 5.4511 -2.0598 0.3627 155.4174 3.5530 83.3208 2.4290 42.3080 2.7695 54.6003 2.4498
1768 168.3116 4.6685 -7.9625 -0.7870 123.9006 2.4860 160.4510 4.0938 -6.8029 5.5926 -0.2666 0.6262 153.7335 3.0316 82.1576 2.4834 40.0340 2.5351 54.4995 2.4791
1769 168.2227 4.6725 -7.8771 -0.5100 126.1576 2.4172 160.4844 3.9202 -6.4633 5.4929 1.5087 0.7343 151.6376 2.7119 81.1020 2.5773 37.9909 2.5321 55.0393 2.5954
1770 167.8002 4.4235 -8.1982 -0.3164 128.3304 2.5496 160.4604 4.0004 -6.5287 5.0324 3.1221 0.9920 149.4387 2.6350 80.5636 2.6507 36.3094 2.6044 55.7802 2.5531
1771 167.2984 3.9983 -8.1946 0.0287 130.5225 2.4651 159.4707 3.9964 -6.5224 5.1102 4.1391 1.7214 147.5906 2.5305 80.0308 2.5871 35.2129 2.5259 56.6717 2.4400
1772 166.7215 3.7048 -8.1404 0.3076 132.8330 2.4856 158.9720 4.0046 -6.4351 5.1057 5.1837 2.0604 145.5913 2.3627 79.5313 2.5125 33.9253 2.3883 57.4989 2.4471
1773 166.5047 3.1500 -8.2218 0.9622 134.8448 2.5278 157.7879 3.7615 -6.4401 5.1281 5.8181 2.2398 143.3033 2.5313 79.3674 2.5173 33.3187 2.4451 58.2406 2.4330
1774 166.9497 2.4961 -8.5524 1.2623 136.7943 2.5352 156.1510 3.9330 -6.3378 4.9425 6.2438 2.4612 140.7057 2.6569 79.2431 2.5217 33.2658 2.3988 58.5445 2.4369
1775 167.3931 2.3991 -8.5743 2.4262 138.8460 2.5515 154.0320 3.7653 -6.2623 4.7395 6.7702 2.6120 138.6119 2.4495 78.9581 2.4754 33.0574 2.5584 59.0660 2.5125
1776 167.8053 1.9521 -8.8999 2.6289 141.0636 2.7409 151.6238 3.1363 -6.9927 4.5698 6.5459 2.4369 136.5559 2.4807 78.8350 2.4706 32.6755 2.4505 59.7638 2.6340
1777 167.7751 1.7808 -8.8483 3.5419 143.4831 2.5920 149.5078 3.0137 -7.5300 4.1875 6.2311 2.4548 134.2299 2.6229 78.9699 2.5012 33.0561 2.4345 60.2856 2.5255
1778 167.7406 1.7910 -9.2015 4.1653 145.7994 2.5361 147.3620 2.6166 -7.7092 3.7038 5.9360 2.4899 131.9878 2.3735 79.1202 2.5133 33.9205 2.5342 60.2531 2.4371
1779 168.0875 1.3532 -9.2855 4.6039 148.0814 2.4536 145.4949 2.6148 -8.0344 3.0724 5.3764 2.4945 129.6059 2.3792 78.9895 2.5591 35.1228 2.5531 59.5001 2.3955
1780 168.4981 1.4227 -9.2307 4.9111 150.4460 2.3457 143.0953 2.6384 -8.6021 2.6916 4.4050 2.4026 127.0818 2.4641 78.8623 2.5070 36.0611 2.6207 58.6516 2.5520
1781 169.2067 1.0411 -9.0786 5.0330 152.3308 1.8246 140.7345 2.4559 -8.8569 2.2836 3.3190 2.2319 124.6780 2.3928 78.8166 2.5416 37.9619 2.4026 57.8063 2.4071
1782 169.3566 0.6287 -9.1934 4.7253 154.1868 1.5944 138.4627 2.4867 -8.7883 1.9429 1.6762 1.9073 122.5636 2.3039 78.2993 2.4462 39.3710 2.4720 56.8030 2.3456
1783 169.9220 0.7195 -9.2046 4.4079 156.5613 1.4377 136.0972 2.4691 -8.6343 1.8732 0.5310 1.6402 120.3222 2.3953 77.7385 2.6284 41.6846 2.2939 55.3056 2.5064
1784 169.7133 0.7267 -8.9954 4.0934 158.8512 0.9570 133.6597 2.3320 -8.3377 1.2994 -0.7463 1.3281 117.7141 2.6566 77.5556 2.5974 43.5010 2.2710 53.2295 2.4167
1785 169.3880 0.5750 -8.8791 4.0069 160.9612 0.9369 131.3045 2.5044 -8.3691 0.7445 -1.6799 1.4570 115.6623 2.4948 77.0113 2.5271 45.2087 2.4891 51.2220 2.6128
1786 169.5452 0.6129 -8.7513 3.8935 162.7504 0.8656 129.2706 2.3747 -8.4246 -0.0697 -2.9097 1.3433 113.2558 2.3775 76.9950 2.4838 46.7723 2.6653 48.9214 2.5820
1787 169.1721 0.9733 -8.2451 3.4101 164.7745 1.2372 127.4988 2.4931 -8.3895 -0.2096 -3.7784 1.1797 110.8014 2.3282 76.7130 2.4808 47.7905 2.5278 46.2809 2.5951
1788 168.8922 1.6034 -7.9479 3.4696 166.1069 1.5543 125.7634 2.6052 -8.0702 -0.5145 -4.4864 0.8991 108.3320 2.5130 76.3180 2.5170 48.5895 2.4441 43.9836 2.5605
1789 168.1716 1.7080 -7.4473 2.8931 167.1668 2.0932 123.7845 2.4816 -8.1510 -0.7221 -5.7822 0.6147 105.7029 2.5833 76.3104 2.4371 48.5354 2.4537 41.3630 2.5050
1790 167.8610 1.9217 -6.3068 2.3436 168.0020 2.7033 122.0719 2.4145 -8.1156 -0.7402 -6.4735 0.5275 103.1636 2.5149 76.4785 2.4389 48.6752 2.4944 38.7237 2.6046
1791 167.5980 1.7432 -5.5856 1.9693 168.3964 3.0475 120.5064 2.5272 -7.7803 -0.6550 -6.8227 0.1262 100.9541 2.5313 77.4091 2.3465 48.7175 2.5786 36.4056 2.4841
1792 167.5350 1.4169 -4.6186 2.1642 168.5537 3.4318 119.7512 2.4634 -7.5147 -0.6946 -6.8342 -0.0454 98.8552 2.4245 78.2588 2.2710 48.5028 2.5419 34.2773 2.5313
1793 167.1164 1.1501 -3.0077 1.7687 168.2690 3.6485 119.3398 2.5927 -7.1294 -0.7595 -6.5228 -0.0352 96.5622 2.4292 79.3784 2.3921 47.6241 2.5325 31.7661 2.4319
1794 166.9465 1.6643 -1.4373 1.9273 168.2458 3.5801 119.3012 2.5206 -6.7389 -0.8719 -6.7060 -0.5028 94.5098 2.3372 80.8582 2.4557 46.5866 2.5537 29.4855 2.3518
1795 166.6124 1.7558 0.6787 2.0928 168.2268 3.3682 119.2262 2.4651 -6.6679 -1.0443 -6.4033 -0.9782 92.9464 2.4658 82.5322 2.3940 45.4339 2.4867 27.0970 2.4161
1796 166.2686 2.4201 2.6936 2.3416 168.1193 3.4169 119.3878 2.3979 -6.7542 -0.8335 -6.1875 -0.8551 91.3971 2.6575 83.9644 2.4978 44.7313 2.5215 24.9826 2.4687
1797 166.2863 2.8879 4.5433 2.3882 168.3759 3.2220 119.6656 2.3844 -6.9889 -0.9922 -5.8290 -0.4530 89.6612 2.5740 85.6713 2.3522 43.9112 2.4570 22.5765 2.4343
1798 166.5611 3.6073 6.2935 2.5483 168.4368 3.2780 121.0487 2.4691 -7.2030 -1.2745 -5.7842 -0.4810 88.3037 2.3662 86.7431 2.4381 43.0084 2.4877 20.1093 2.3268
1799 166.6611 4.1633 7.9444 2.7142 168.0172 2.8730 122.2371 2.4183 -7.3610 -1.2215 -5.8658 0.0673 87.1661 2.5225 87.8677 2.6745 41.9153 2.5835 17.8658 2.5139
1800 167.3217 4.2951 9.3112 2.7308 167.6727 2.5296 123.6175 2.3754 -7.5359 -0.7714 -6.2797 0.5041 86.5775 2.4474 88.4518 2.4687 41.2968 2.5860 15.4489 2.5934
1801 167.8467 4.2401 10.0911 2.6843 167.5194 2.0613 124.9513 2.5581 -7.4965 -0.4053 -6.3756 0.5508 86.1450 2.5035 89.2774 2.3949 41.1446 2.5280 13.3396 2.3300
1802 168.3060 4.0093 10.4857 2.4229 167.4026 1.9272 126.7130 2.5828 -6.8018 0.0379 -6.4096 0.5295 85.8447 2.4190 89.8081 2.4846 41.3034 2.5459 10.8425 2.4306
1803 169.1000 4.0648 11.1663 2.4792 166.7979 1.1477 128.8895 2.4474 -5.8518 0.8777 -6.5365 0.3641 85.6819 2.5440 89.9327 2.4841 41.6476 2.4910 8.5834 2.2680
1804 169.7690 4.0198 11.0516 2.5485 166.5212 0.6462 130.8827 2.6542 -4.7590 1.4656 -6.8027 0.1450 86.4458 2.5064 90.1144 2.5585 42.4638 2.4654 6.4189 2.4056
1805 170.1560 4.2741 10.8412 2.5253 166.6438 0.2146 133.1026 2.6330 -3.8037 1.4447 -6.9174 0.1235 86.9382 2.4841 89.4391 2.5892 43.4025 2.3595 4.1015 2.6260
1806 170.2965 4.3413 10.2955 2.5667 166.8435 0.2385 135.3180 2.5629 -2.5465 1.5082 -7.0716 -0.0598 88.0087 2.3872 88.9775 2.4974 44.6628 2.4376 1.8075 2.3843
1807 170.4224 4.8169 9.4219 2.5574 167.0103 0.6996 137.2896 2.6907 -1.2800 1.9694 -7.5409 0.0032 89.2955 2.6289 87.4818 2.5863 46.0118 2.6072 -0.1234 2.6211
1808 170.0714 4.7618 8.5331 2.4757 166.9689 1.2433 138.4994 2.5955 -0.7357 2.2219 -8.2567 0.9023 90.9181 2.4303 86.2651 2.6673 47.2244 2.6221 -1.8565 2.9354
1809 169.7117 4.8941 7.3432 2.4068 166.7581 1.6226 139.7352 2.6053 0.0922 2.6329 -8.5399 1.0670 92.9530 2.3221 84.8105 2.7233 48.7952 2.5812 -3.2903 3.1710
1810 169.3409 4.7253 5.7548 2.2336 166.6167 2.1171 140.8195 2.6235 0.3992 2.6388 -8.3026 1.2974 95.1078 2.4806 83.1004 2.4764 49.9181 2.4603 -5.0739 3.5632
1811 168.9652 4.6764 4.1264 2.1655 166.9982 2.4867 141.4374 2.5931 0.5225 2.4871 -8.1840 2.1816 97.8169 2.3789 80.8648 2.6190 51.0716 2.5182 -5.8608 4.1246
1812 168.6649 3.8175 2.3336 2.2378 167.1661 2.9982 141.4803 2.5746 0.9994 2.1841 -7.9652 2.4222 100.2470 2.4469 78.6600 2.6099 51.8447 2.3919 -6.8501 4.4361
1813 168.3760 3.4425 0.2114 2.5180 167.0582 3.1700 141.4422 2.5236 1.2802 1.9642 -8.1097 2.4707 102.8236 2.6259 76.3897 2.4340 52.7876 2.5661 -7.8562 4.5856
1814 167.9433 3.0281 -1.6193 2.7477 167.3670 3.6867 141.6356 2.5677 1.5797 2.4918 -8.6393 2.5656 104.6951 2.4478 73.8597 2.4888 53.2096 2.4838 -8.3038 4.8410
1815 167.8146 2.9736 -2.8377 3.0043 167.6860 3.9071 141.3181 2.5806 1.7477 3.0293 -9.0339 2.7211 106.6802 2.2421 71.5144 2.6248 53.4831 2.4240 -8.4850 4.9422
1816 167.7729 2.8697 -4.3154 3.5271 167.8361 4.2182 140.3522 2.6094 1.6468 3.6365 -9.4730 3.0785 108.7243 2.5312 69.3256 2.3310 53.0902 2.4513 -9.1709 4.6909
1817 167.8024 2.7647 -4.8637 3.6148 168.0277 4.2338 139.2758 2.5369 0.7903 4.1032 -9.7302 3.5165 111.1014 2.2966 67.2665 2.5560 52.4934 2.4577 -9.6485 4.5974
1818 167.6704 2.6613 -5.6393 3.8025 167.9858 4.0733 137.7775 2.3328 0.1086 4.5510 -9.6658 4.2153 113.2640 2.3322 64.6559 2.5455 52.0232 2.4088 -9.4200 4.7818
1819 167.9944 2.1444 -6.1171 4.3137 168.3922 4.0798 136.0169 2.5601 -0.8707 4.7080 -9.5828 4.6536 114.8596 2.5315 62.5503 2.6666 50.8556 2.5622 -8.8525 4.5200
1820 167.9386 1.8753 -7.1175 4.0467 168.5737 4.0455 134.1032 2.5499 -1.8738 4.4939 -9.1479 5.1867 116.4562 2.4149 60.0864 2.5754 49.6960 2.5133 -8.4348 4.6617
1821 167.9386 1.9558 -7.5204 4.1478 168.7565 3.7777 131.5305 2.5287 -2.7960 4.4892 -8.5432 5.2345 118.1260 2.5453 57.6475 2.5846 48.3093 2.4064 -7.9149 4.2856
1822 168.1587 2.0539 -8.3429 4.0453 169.0966 3.4060 129.4343 2.7415 -3.7020 4.4658 -8.1803 5.2904 119.2121 2.4921 55.0089 2.3409 47.0406 2.3768 -7.5634 3.6381
1823 168.5777 2.4844 -8.6937 4.5930 169.2545 2.9299 127.4038 2.5441 -4.3780 4.3273 -7.7989 5.1237 120.6137 2.5304 53.1044 2.4189 45.6646 2.3963 -7.2146 3.1478
1824 168.8569 2.8687 -9.0369 4.5338 169.0724 2.5378 125.4034 2.6584 -5.0179 4.1281 -7.7179 4.6548 121.1936 2.5230 50.5846 2.5639 44.2673 2.3649 -6.4285 2.0342
1825 169.2284 2.9324 -9.2834 4.4768 169.3017 2.2794 123.6941 2.4708 -5.6994 3.7145 -7.1708 4.2856 121.2364 2.5004 48.4791 2.5443 43.0592 2.5287 -6.0361 2.0467
1826 169.5881 3.0466 -9.3506 4.5233 169.6337 1.9276 122.0522 2.4895 -6.0968 3.5949 -7.4372 4.4101 121.2140 2.5129 45.7620 2.6803 42.2158 2.4824 -5.7105 2.3432
1827 169.8656 4.1311 -9.3094 4.0352 169.8001 1.4044 120.3642 2.3862 -7.0061 3.2071 -7.6941 4.6322 120.5862 2.5030 43.4290 2.5183 42.0248 2.5065 -5.6247 2.0869
1828 169.8181 4.8096 -9.3152 3.6679 169.8125 1.1365 119.4430 2.5788 -7.3341 2.5878 -8.0992 4.8762 120.0903 2.4388 41.0749 2.3143 41.7343 2.4973 -5.4140 2.2525
1829 169.7397 4.8989 -8.4465 3.2793 169.4617 1.0044 118.6319 2.4735 -7.4985 2.1706 -8.6960 5.3257 119.5759 2.4660 38.9754 2.7589 41.4170 2.4493 -5.0582 2.3670
1830 169.5333 5.3195 -8.2957 2.7546 168.9931 1.0484 118.2116 2.5768 -8.2384 1.5644 -8.8591 5.1875 118.4935 2.3515 37.1237 2.7585 41.7530 2.4979 -4.3053 2.7355
1831 169.8339 5.4867 -8.1954 2.4187 168.9505 1.1581 117.7702 2.5703 -8.8363 1.0397 -8.3806 5.1483 116.7370 2.4551 35.0419 2.5510 42.5534 2.5338 -3.7249 2.7644
1832 170.0475 5.6529 -7.7912 2.3977 168.4999 1.7418 117.8583 2.4833 -8.3831 0.7558 -8.7992 5.3486 114.7177 2.5780 33.5173 2.6097 43.0986 2.4463 -3.4428 2.7174
1833 170.0408 5.3437 -7.7375 2.1888 168.4271 2.2221 117.6000 2.4999 -7.8251 0.9195 -8.7102 5.2762 112.5949 2.4371 32.2925 2.4390 43.8807 2.5389 -3.0340 2.6972
1834 170.2355 4.7799 -7.5804 2.1334 168.7229 2.4868 118.3424 2.4224 -7.5003 0.9863 -8.6359 5.1223 110.6713 2.5140 31.3207 2.5896 44.8678 2.5354 -3.1737 2.7350
1835 169.9821 4.6525 -7.3549 2.4669 168.8794 2.3140 118.9934 2.4895 -6.8248 1.2585 -8.7833 5.1657 108.6808 2.3367 30.3120 2.4093 45.4564 2.4758 -3.0913 2.5461
1836 169.9569 4.1549 -7.2392 2.5094 168.9093 1.9480 120.5711 2.4869 -7.0409 1.3152 -8.9594 5.3667 106.3090 2.5711 30.2593 2.4447 45.8276 2.5485 -3.3864 2.4658
1837 169.6141 3.3254 -7.0919 2.5513 169.1188 1.2470 121.8251 2.5411 -7.1245 1.4788 -8.9391 5.3984 103.8173 2.3848 30.2502 2.5482 46.1969 2.4450 -3.2466 2.6220
1838 169.8848 3.0055 -7.0330 2.6283 169.1488 0.7743 123.1573 2.3138 -7.6930 1.8467 -9.1287 5.6659 101.4664 2.6269 30.7915 2.5681 46.4693 2.4379 -3.1758 2.4364
1839 169.6355 2.9825 -6.6209 2.4492 169.2299 0.3520 124.5929 2.3703 -7.6395 1.9801 -9.3136 5.8231 99.1943 2.6860 31.3790 2.5414 46.8135 2.5354 -3.3542 2.0964
1840 169.2714 2.7214 -6.5606 2.2449 168.3077 0.1301 125.8696 2.5597 -8.1457 2.4460 -9.6013 5.3462 96.3974 2.4928 32.0658 2.5922 47.2601 2.5323 -3.8292 1.7834
1841 169.1893 2.2192 -6.7482 2.5357 167.2160 0.1416 126.9035 2.4446 -8.4209 3.0310 -9.7847 5.5334 94.5879 2.3432 33.1535 2.5368 46.9481 2.5249 -4.3216 1.6547
1842 168.8920 2.1836 -7.1057 3.0238 166.3495 0.2273 127.5624 2.4608 -8.2295 3.6950 -9.9840 5.1427 92.1520 2.3353 34.6565 2.3928 45.9466 2.5582 -4.8444 1.2976
1843 168.9751 1.5766 -7.7237 3.4885 165.6034 0.8968 128.0982 2.5379 -8.0326 3.9775 -9.9835 4.7881 89.9096 2.3535 36.2951 2.6586 44.5352 2.6252 -4.9709 0.9215
1844 169.0453 1.6244 -8.1480 3.5449 165.4713 1.4039 128.3601 2.5377 -7.1381 4.6211 -10.2979 4.4787 87.7165 2.6491 37.9321 2.6632 43.5805 2.5455 -5.1621 0.8364
1845 169.0050 1.9612 -8.3288 3.4091 165.5667 1.8467 128.0672 2.5169 -6.9187 4.7237 -10.1705 4.9043 85.4696 2.5880 39.7650 2.5767 41.6446 2.5754 -5.6872 0.4746
1846 169.3999 1.7495 -8.8816 3.4574 165.4750 2.6131 127.5911 2.4601 -6.2248 4.3164 -9.9389 4.6488 83.0496 2.6371 42.1463 2.5252 39.6433 2.4124 -6.0306 0.2509
1847 169.4885 1.6991 -9.6621 3.7341 165.2077 2.7022 127.2154 2.4699 -6.4469 4.1864 -9.2191 4.7351 80.5246 2.3553 44.1719 2.6153 37.3192 2.4163 -6.4461 0.4341
1848 168.5521 1.5401 -9.9578 3.4959 165.1095 2.8597 127.1690 2.4760 -5.9540 3.6559 -8.8695 4.8392 78.1906 2.5585 46.4169 2.6371 34.8142 2.4404 -6.6711 0.1112
1849 167.9644 1.4499 -10.3414 3.4952 165.4420 2.9444 127.2219 2.5619 -6.2722 3.3427 -8.5005 4.7211 76.3098 2.4744 48.4223 2.7653 32.9318 2.5385 -7.6542 -0.0949
1850 167.5151 1.7685 -10.5815 3.6783 165.7176 2.6776 126.8607 2.5157 -6.2416 2.9832 -8.4132 4.4019 74.3721 2.5528 50.0661 2.5683 31.0724 2.4507 -8.1693 -0.1510
1851 167.1685 1.9925 -10.7679 3.5005 165.9333 2.8511 126.9395 2.5400 -6.8003 2.6864 -8.0741 3.8703 73.0580 2.3504 51.8221 2.6066 29.6923 2.5146 -8.6707 -0.2587
1852 166.8537 2.4230 -10.9368 3.4667 166.3941 3.0995 126.4671 2.4417 -6.8581 2.7600 -8.4716 3.4976 72.6634 2.5293 52.8937 2.5864 29.2394 2.5171 -8.8350 -0.0761
1853 167.1115 2.6362 -10.5671 3.5198 166.8318 3.6091 125.9665 2.4614 -6.6119 2.2632 -8.8827 3.7247 71.8758 2.5812 53.7371 2.4076 28.5454 2.4993 -9.5519 0.0614
1854 167.4864 2.6924 -10.1699 3.5026 167.4309 4.1787 125.7266 2.4733 -6.7557 2.2828 -9.1593 4.0538 71.3038 2.4219 54.2628 2.5483 28.1928 2.5902 -9.7238 0.4313
1855 167.6072 2.8561 -9.4689 3.5298 167.6100 4.7124 126.0056 2.5302 -6.9916 2.5511 -9.2411 3.9709 71.0864 2.5668 54.5563 2.4561 27.9820 2.4376 -9.6285 1.0224
1856 167.7954 2.8925 -9.3045 3.7135 167.9039 4.9699 127.0100 2.6992 -6.8714 2.7660 -9.6568 3.7847 71.2889 2.4217 54.6704 2.4873 28.2504 2.5827 -9.1490 0.7696
1857 168.2249 2.7181 -8.9803 3.5251 168.0776 4.8056 127.8249 2.4640 -7.0511 2.5818 -9.6611 3.7571 71.6414 2.4386 54.5037 2.5377 28.8155 2.5794 -8.6302 0.8304
1858 168.0856 2.4426 -8.1584 3.8362 168.5591 4.9604 128.8488 2.5767 -7.5347 3.0557 -9.3968 4.0504 72.2192 2.4738 53.7007 2.4687 29.6711 2.4943 -8.0995 0.7734
1859 167.9270 1.3145 -7.6881 4.1726 168.4814 4.9618 130.1162 2.5647 -7.3859 3.2914 -8.6461 4.3904 73.2860 2.5786 52.6558 2.4204 30.5902 2.7097 -7.4069 0.3662
1860 167.6510 0.9947 -6.9816 4.4711 168.1822 4.0683 131.8114 2.6835 -7.3850 3.5849 -8.3513 4.6808 74.2594 2.6671 51.5347 2.6171 31.7039 2.5719 -7.0149 0.4497
1861 167.0689 0.8543 -7.0973 5.0931 167.6025 3.6258 133.8048 2.4755 -7.3253 3.8014 -7.5645 4.5881 75.6760 2.4233 50.1788 2.4468 33.4235 2.3547 -6.6357 0.1961
1862 166.8697 0.7125 -6.6072 4.9409 167.7378 3.5595 136.1553 2.6003 -6.8963 3.7015 -7.9523 4.8518 77.5579 2.5652 48.8963 2.3870 35.1316 2.4139 -6.2236 0.5256
1863 166.5658 0.4529 -6.3644 4.8007 167.7371 3.5827 138.3794 2.4607 -6.6604 3.9231 -7.9654 4.6063 79.1718 2.6406 47.5642 2.5300 37.3704 2.4191 -6.0568 0.6427
1864 166.8687 0.1819 -6.4027 4.8895 167.5345 3.5847 140.8723 2.6791 -5.3368 4.3532 -7.8394 3.8270 81.3183 2.7203 45.5720 2.5124 39.5853 2.3781 -5.5120 0.7616
1865 167.6127 0.0152 -6.3556 4.7173 167.7548 3.5074 142.9755 2.6289 -4.3382 4.2047 -8.3458 2.8211 83.5976 2.7224 44.0488 2.6810 41.7772 2.5802 -4.8695 1.2999
1866 168.1163 0.3140 -6.7344 4.8371 167.4044 3.4890 145.1357 2.4450 -3.1278 4.7449 -8.5829 2.6379 86.1591 2.5598 42.8842 2.5341 44.5527 2.5400 -3.7479 1.5170
1867 168.1896 1.0073 -6.8424 4.4918 167.2503 2.8788 147.6509 2.6568 -1.4238 4.9776 -8.2618 2.3688 88.2103 2.4106 41.9133 2.6300 47.1188 2.4356 -2.4563 1.4882
1868 168.5509 1.6723 -6.9046 4.2853 166.8073 2.2707 150.0285 2.5154 0.1022 4.5857 -8.2760 1.6429 89.8189 2.3475 40.9858 2.5406 49.1518 2.4230 -1.3995 1.7303
1869 169.1542 2.2762 -7.2184 3.8622 166.7124 2.0095 152.0727 2.0101 2.1566 4.6951 -7.7780 1.7280 91.5234 2.6186 40.2598 2.5751 51.8027 2.6232 -0.4042 2.1654
1870 169.4296 2.7970 -7.2831 3.4418 166.7833 1.1867 154.4957 1.8927 4.4052 3.9640 -7.8865 1.8886 92.9479 2.4951 39.6914 2.5856 54.4371 2.6223 0.5052 2.1168
1871 168.7223 3.2819 -7.3359 3.1722 166.5561 0.8269 156.3669 1.6454 6.7346 3.7309 -7.5822 1.9598 93.9953 2.5435 38.2962 2.5505 57.2136 2.3690 1.3043 2.7137
1872 168.4801 3.8116 -7.4128 2.7607 166.2094 0.4560 158.8924 1.9109 8.8784 3.3366 -7.3101 1.9014 94.5614 2.5064 37.0077 2.4955 59.4349 2.6226 1.6060 2.9092
1873 168.2234 4.1323 -7.4220 2.4720 166.5121 0.1743 160.6979 2.3539 11.0424 3.0810 -7.6620 2.1779 95.2704 2.5384 35.9477 2.5550 61.5641 2.3720 2.1705 2.9926
1874 168.0208 4.3354 -7.4946 2.2549 166.5370 -0.1724 162.5747 2.6039 13.3742 2.6671 -8.1111 2.3455 95.5800 2.6148 34.8105 2.4124 63.3043 2.4686 2.9729 3.2799
1875 167.8937 4.3889 -7.6205 1.9389 166.3279 -0.1319 164.0177 2.7798 15.3969 2.6114 -8.8377 2.0633 95.6217 2.4752 33.9118 2.4330 64.9072 2.2872 3.3810 3.1791
1876 167.7038 4.6567 -7.6050 2.0380 166.3764 -0.0343 165.3507 3.0501 17.7411 2.4669 -9.0113 1.5294 95.8327 2.4865 32.8823 2.5050 66.3536 2.4889 3.3182 2.8674
1877 167.2011 4.5380 -7.4681 2.1584 166.8389 0.7038 166.2844 3.3640 19.9253 2.6586 -8.5865 1.3068 95.0779 2.3629 31.7104 2.5089 67.6716 2.4501 3.4066 2.3636
1878 166.8366 4.2430 -7.3144 2.2331 166.6465 1.3795 167.8098 3.3541 22.5146 2.4481 -8.4170 1.0771 94.5808 2.3349 30.4538 2.4568 68.8502 2.4765 3.1569 1.9080
1879 166.5331 3.8119 -7.0945 2.5407 166.8271 1.5133 168.6710 3.1725 24.8646 2.4160 -8.4931 1.0564 93.7313 2.2645 29.1275 2.5736 69.8781 2.4468 2.7839 1.5867
1880 166.4906 3.2808 -6.7766 2.6672 166.5080 1.9297 169.8255 3.2761 27.0434 2.3682 -8.1435 1.0449 92.3035 2.4344 27.8946 2.4577 69.9855 2.3961 2.0477 0.9460
1881 166.4553 3.2234 -6.7217 2.9378 166.2858 2.0319 170.1045 3.2634 29.1903 2.5277 -7.7208 1.2681 91.2371 2.4463 26.0493 2.5105 70.6023 2.5184 1.1239 0.7593
1882 166.4895 3.0123 -6.5036 3.2473 166.2112 2.3037 170.7756 3.0144 31.8360 2.6413 -7.1478 1.4861 89.7589 2.5571 23.9277 2.3487 70.2819 2.5831 0.0876 0.5067
1883 166.1802 2.6799 -6.6583 3.9225 166.1064 2.8696 171.1575 2.9845 34.2352 2.3718 -6.5661 2.1079 88.8101 2.4948 21.9141 2.5388 69.5545 2.6324 -1.2310 0.3891
1884 165.9898 2.3522 -6.2693 4.2510 166.5135 2.9425 171.3911 3.1557 36.1456 2.2513 -6.5728 2.8477 87.8602 2.5405 19.7825 2.3112 69.1049 2.6399 -2.4813 0.3121
1885 166.2038 1.7057 -6.4301 4.7499 167.3374 3.5776 171.5115 2.6821 38.4239 2.2924 -6.7437 2.9021 86.9076 2.4998 17.5956 2.3983 68.6118 2.6797 -3.6139 0.4025
1886 166.0246 0.9626 -6.8702 4.8283 167.8855 4.2673 170.9702 2.7683 41.2539 2.4648 -7.2104 3.5452 86.4347 2.4621 15.8958 2.5494 67.4412 2.6855 -5.1174 0.5356
1887 166.5163 0.5119 -6.8163 5.1818 168.3061 4.8848 170.8251 2.6398 43.3971 2.6151 -7.7069 4.0487 86.7517 2.5674 14.3902 2.6058 66.0301 2.4829 -6.1971 0.4734
1888 167.3240 0.1599 -6.8761 5.5084 169.0937 4.8059 170.0513 2.6041 45.4479 2.6676 -8.0855 4.0230 86.7083 2.6234 13.1221 2.4468 64.3871 2.6814 -7.7950 0.5829
1889 167.6064 -0.0891 -7.1248 5.5814 169.4034 4.9580 169.4377 2.6225 47.0649 2.5614 -8.5334 3.8043 86.7946 2.5452 11.8397 2.4810 61.8412 2.5423 -8.3065 0.9887
1890 167.8883 -0.4498 -7.4412 5.6441 170.2716 4.4380 168.9568 2.2733 48.7602 2.4804 -8.7591 3.2639 87.6580 2.5347 11.0399 2.4932 59.4782 2.5985 -8.7851 1.0283
1891 168.0876 -0.1911 -7.3659 5.2707 170.3715 3.7309 168.2037 2.1091 49.7142 2.3792 -9.2674 3.0458 89.0469 2.5089 10.4383 2.6123 57.0438 2.3962 -9.0623 0.4381
1892 168.2699 -0.0010 -7.2346 5.0019 170.3187 3.1102 167.5128 1.9926 50.9363 2.5206 -9.3470 3.1913 90.5124 2.5413 10.0685 2.4409 54.8084 2.4934 -9.0585 0.4265
1893 168.5475 0.3428 -6.6177 4.5989 170.1407 2.0444 166.9118 1.7446 51.9662 2.3622 -9.6005 2.5984 92.3564 2.5845 10.2368 2.5362 52.6317 2.5807 -9.1749 0.4070
1894 168.5662 0.7140 -5.9829 4.6761 170.2095 1.6147 165.4208 1.8066 52.5659 2.4570 -9.6189 2.5965 94.1077 2.5000 10.2256 2.6404 50.5305 2.7047 -9.1245 0.3100
1895 168.5801 0.6352 -5.4320 4.4406 170.4006 1.5828 163.9854 1.2625 52.3469 2.5261 -9.9662 2.7562 96.0319 2.5790 10.7795 2.4501 48.4069 2.4170 -9.1966 0.4907
1896 168.4006 0.3847 -4.9479 4.3279 170.7114 1.1827 162.0482 1.5102 51.7029 2.5235 -10.1173 3.2465 97.7093 2.6478 11.4373 2.3873 45.9157 2.4176 -8.7349 0.8975
1897 168.3837 -0.1997 -4.3422 4.7545 170.6293 1.0219 160.2098 1.4348 50.9433 2.5351 -10.4219 2.9867 99.0314 2.5088 12.6215 2.5113 43.5155 2.5323 -7.8930 1.1497
1898 168.6436 -0.2943 -3.3757 4.6538 170.8356 1.1163 158.2220 1.4099 50.1510 2.4540 -10.7299 2.6349 100.0820 2.6116 13.9643 2.4057 41.1946 2.6249 -6.9388 1.4574
1899 169.2018 -0.2814 -3.0873 5.0473 170.9211 0.7402 156.0476 1.5679 49.5203 2.4664 -10.6032 2.1422 101.1577 2.5283 15.6642 2.4610 38.7444 2.6173 -5.6485 1.2380
1900 169.8696 -0.2068 -3.0660 4.9746 170.9044 0.7574 153.7518 1.9763 48.0575 2.4049 -10.7558 1.8351 101.4549 2.3798 17.4757 2.6547 35.9607 2.6480 -4.5106 1.5182
1901 170.1503 0.4037 -3.3859 4.8151 170.6619 0.6762 151.7609 2.1999 46.6194 2.3876 -10.6171 1.5276 101.7352 2.5142 19.9632 2.6396 33.7908 2.4656 -3.2338 1.2079
1902 170.6302 0.9792 -3.6405 4.5465 170.3612 0.7806 149.8073 2.4612 44.6771 2.7240 -10.2402 0.9328 101.7102 2.4923 22.1180 2.5418 31.3974 2.4796 -1.5947 1.0547
1903 170.4171 1.4288 -3.9430 4.2484 169.8389 0.7004 147.3353 2.7449 42.6864 2.5015 -9.9936 -0.0420 101.5724 2.4940 24.1868 2.5690 29.1452 2.5560 -0.0562 0.7660
1904 170.2119 1.7833 -3.8095 4.0870 169.0009 0.6422 145.2367 2.5568 40.5062 2.5275 -9.9602 -0.5253 100.3880 2.5447 26.0133 2.5833 26.6219 2.5961 2.0144 1.2290
1905 170.1201 2.1687 -3.7042 3.9050 168.2521 0.8916 142.7715 2.3917 38.1220 2.5408 -10.1991 -0.5732 99.3771 2.4710 27.6423 2.4488 24.3183 2.3895 3.8352 1.1226
1906 169.9541 2.7178 -3.7322 3.3690 167.5284 1.3990 140.7683 2.4480 35.8465 2.3793 -10.3259 -0.1946 98.3995 2.2395 28.5273 2.5020 22.0846 2.6164 5.9527 1.2517
1907 170.0142 3.0748 -4.0511 2.8343 167.4625 1.9731 138.7620 2.6228 33.6062 2.3998 -10.0965 0.4374 96.7740 2.6668 29.6602 2.4215 19.8340 2.3784 7.6484 1.8935
1908 170.2421 3.0402 -4.7226 2.1024 166.8389 2.6858 136.9609 2.6724 31.3823 2.6070 -10.0241 1.0242 95.3168 2.3980 30.0436 2.4882 17.0793 2.4855 9.6135 2.1767
1909 170.5943 3.6076 -5.9021 1.5248 166.5308 2.8105 134.8761 2.5409 29.9762 2.5200 -10.0516 1.6042 93.5244 2.5199 30.4815 2.4769 14.8231 2.5271 11.9109 2.2714
1910 170.9315 3.7969 -6.7451 1.1862 165.9314 3.3180 133.7766 2.6706 28.4972 2.4972 -9.9261 1.6748 91.0588 2.3291 30.1889 2.5306 12.2108 2.4180 14.3249 2.5328
1911 170.7984 4.2980 -7.4429 1.0208 165.3181 3.0618 132.5266 2.5259 27.7792 2.5094 -9.7094 2.0711 88.7535 2.5346 29.8176 2.5947 9.8422 2.1494 16.4344 2.3587
1912 171.1155 4.7511 -8.3512 1.1333 164.7361 3.2936 131.5416 2.5853 26.8924 2.5360 -9.4828 2.1360 86.0016 2.5237 29.1116 2.5247 7.8852 1.8749 18.2989 2.2891
1913 170.9597 5.1381 -8.5167 1.1864 163.5404 3.3283 131.0858 2.5279 26.9362 2.5231 -9.5618 2.0340 84.0479 2.5982 28.2530 2.5670 6.2140 1.5302 19.9197 2.2356
1914 170.8217 5.5915 -8.6583 1.1087 162.2171 2.8514 130.6374 2.4762 26.4959 2.5859 -9.3532 2.3393 81.9337 2.5027 27.6029 2.5216 4.3835 1.1727 21.1558 2.6462
1915 169.9078 5.6579 -8.7984 1.0447 160.9740 2.9775 130.9961 2.5005 26.4170 2.5378 -9.4089 1.9881 79.9639 2.7040 26.0063 2.5442 2.4804 0.7326 22.3448 2.4413
1916 169.5553 5.5862 -8.8737 1.4092 159.6120 3.2672 131.3136 2.5479 27.2051 2.4432 -9.5830 2.3625 77.5366 2.6270 24.1290 2.3449 0.1946 0.3680 23.1084 2.4840
1917 169.2703 5.6377 -9.2355 1.7027 158.0519 3.0139 131.6001 2.6165 27.6776 2.4878 -10.0046 2.5900 76.1606 2.6457 22.1013 2.5660 -1.8042 0.2479 23.6213 2.4316
1918 169.2892 5.6707 -9.3610 1.9757 156.4644 3.0388 132.8313 2.6263 28.7108 2.5595 -10.0464 3.2216 73.6063 2.4991 20.0211 2.5225 -3.4071 0.2995 23.7743 2.5955
1919 169.6950 4.8420 -9.6770 1.6973 154.7050 2.8980 134.1627 2.5571 29.5581 2.4284 -10.0187 3.3962 71.2286 2.5572 17.6907 2.6346 -5.1518 0.8422 23.6767 2.5713
1920 169.4289 4.2738 -10.2939 1.4007 153.3300 3.0649 135.6601 2.4417 31.5212 2.5634 -10.0852 3.9237 68.8981 2.4331 15.5406 2.5813 -6.0360 1.3081 23.7066 2.5314
1921 169.4523 3.3930 -10.4093 1.7612 151.0215 3.0318 137.3382 2.4729 33.4192 2.4739 -10.0337 4.1090 66.7604 2.4433 13.1248 2.0829 -7.2226 1.4146 23.4158 2.4735
1922 169.1351 2.8800 -10.5263 1.8978 149.0544 2.9670 139.6181 2.6051 35.7106 2.5802 -10.1108 4.3429 64.3790 2.6996 10.8584 1.9917 -7.7892 1.6747 23.2560 2.4539
1923 168.5500 2.2351 -10.5010 1.9051 146.5373 2.7475 141.9739 2.6586 37.9993 2.5036 -9.9440 4.5006 61.9588 2.4232 8.8538 1.8381 -8.0430 1.6664 22.7548 2.4785
1924 168.2149 1.7353 -10.3026 2.2127 144.4023 2.6094 144.5533 2.3707 40.2213 2.5149 -10.3279 4.3022 59.6804 2.4180 6.4914 1.1527 -8.9306 1.3908 22.4511 2.4454
1925 167.7794 1.2450 -10.2504 2.1536 141.9128 2.7251 146.7440 2.4238 42.1166 2.5902 -10.4068 3.8087 57.3046 2.6377 4.7620 0.9425 -9.5174 1.5824 22.4465 2.4618
1926 167.4171 0.7764 -10.3149 2.3543 139.5845 2.5927 149.1769 2.1108 44.2511 2.6156 -10.2004 3.3544 55.1687 2.5445 2.8492 0.5490 -9.8761 1.1836 22.3075 2.5224
1927 166.8934 0.5127 -10.1491 2.4273 137.3224 2.2048 151.2978 2.3874 46.2990 2.3736 -10.0196 3.0117 52.6665 2.6445 1.2928 0.4077 -9.8251 1.5468 22.0496 2.4270
1928 166.7879 -0.0113 -9.8655 2.2208 135.3266 2.5061 153.5585 2.4730 48.4640 2.4838 -9.9233 2.9577 50.7047 2.3215 0.1681 0.0926 -10.1775 1.5319 21.8197 2.5199
1929 167.1978 -0.3410 -9.7587 1.7857 133.0687 2.3354 155.8716 2.8264 50.8747 2.5865 -9.1483 2.6030 48.5519 2.4140 -1.1712 0.0588 -10.2163 1.5314 22.1842 2.5701
1930 167.2290 -0.5812 -9.8732 1.5133 130.9000 2.6347 157.2704 3.3106 53.0652 2.6104 -8.3597 2.2387 46.1816 2.6200 -2.8642 -0.0733 -9.9976 2.2321 23.0479 2.6454
1931 167.1716 -0.6037 -9.9537 0.9692 128.4704 2.5081 158.8469 3.7619 54.5957 2.6864 -7.4852 2.1536 43.5065 2.9156 -3.8208 -0.2274 -9.8074 2.4298 24.0013 2.5521
1932 167.4132 -0.4066 -9.8117 0.6014 126.4691 2.4430 159.7508 3.8092 56.7636 2.5207 -7.0493 1.6311 41.1878 2.4981 -4.7277 -0.2113 -9.7210 2.5286 25.3674 2.4721
1933 166.9389 0.2195 -9.5169 0.6311 124.4231 2.6839 161.1140 4.3128 58.2403 2.5652 -6.2318 1.2267 38.6376 2.4304 -5.8884 -0.6276 -9.1841 2.6311 27.1243 2.5758
1934 167.0230 0.4984 -9.0771 0.8350 122.2428 2.4005 162.3137 3.7075 59.4719 2.6294 -5.2548 1.0516 36.8200 2.4199 -6.8121 -0.4975 -9.2111 2.2379 28.5323 2.4758
1935 167.1838 1.0792 -8.5577 1.2289 119.6207 2.5526 162.6616 3.5869 61.0879 2.5151 -4.4076 0.6845 34.1758 2.3722 -7.6299 -0.3512 -8.9692 2.4699 30.4662 2.5444
1936 167.2157 1.5593 -8.0995 1.7303 117.4462 2.5695 163.3059 3.4816 62.1542 2.4409 -3.2282 0.5811 31.7213 2.2668 -7.7560 -0.3058 -8.3895 2.5111 32.7284 2.6730
1937 168.2615 1.6991 -7.8629 2.3000 115.2438 2.5241 163.5214 3.4995 62.7210 2.4678 -1.6715 0.6960 29.6123 2.5682 -7.8066 -0.1264 -8.4113 1.7167 34.5567 2.6175
1938 168.6072 1.8467 -7.3912 3.2200 112.5673 2.3663 163.3251 3.4125 62.6211 2.5310 -0.0860 0.7030 27.2058 2.4898 -6.6508 0.0094 -8.9781 1.3769 36.1191 2.3791
1939 169.4302 2.2366 -7.3053 3.6714 110.3927 2.5656 162.9005 3.2692 62.3757 2.4717 1.4104 1.0397 24.9276 2.5696 -6.3289 0.1748 -9.5161 1.5422 38.3039 2.4842
1940 169.7707 2.2316 -7.2433 3.9165 108.4103 2.4885 162.5828 3.4885 62.1059 2.5036 3.0361 1.2971 22.3584 2.4632 -5.7326 0.1571 -10.0392 1.8846 40.8271 2.3501
1941 170.2097 2.4624 -6.7233 3.8891 105.7472 2.5305 161.8292 3.6062 61.5789 2.4851 4.1086 1.3283 19.7589 2.4687 -5.2427 0.2577 -9.7769 2.3807 42.9999 2.4222
1942 170.5830 3.1001 -6.5283 4.1989 103.5223 2.3915 160.4512 3.6772 60.8120 2.4479 5.3683 1.8811 17.6957 2.4475 -5.3059 0.0104 -9.8226 2.7064 45.1736 2.6195
1943 170.7021 4.0095 -6.1024 4.2937 101.2785 2.5355 159.0564 3.9035 59.4036 2.4599 6.0063 2.0583 15.1595 2.4005 -5.3931 0.2791 -9.4748 2.9195 47.2638 2.6252
1944 170.9757 4.3273 -5.4712 4.5479 98.8915 2.4770 157.1607 3.5241 57.4237 2.4857 6.7733 2.3480 12.9795 2.3541 -5.6540 0.3744 -9.6262 3.6789 49.5113 2.3532
1945 170.4774 4.5915 -4.9232 4.6869 96.9568 2.7163 155.4781 3.3204 55.6475 2.5178 7.0222 2.4030 11.0015 2.4630 -6.4530 0.4012 -9.4902 4.4557 51.9361 2.4075
1946 169.5523 4.4015 -4.7996 4.9004 94.4091 2.6075 153.6761 3.2316 53.6529 2.4260 6.5093 2.4074 8.8972 2.4787 -7.1237 0.0686 -9.7321 4.7423 54.1262 2.2946
1947 168.8536 4.2786 -4.6419 4.9003 92.3128 2.5100 151.6772 2.7392 51.5254 2.3765 6.6448 2.2173 6.6682 2.8397 -7.3036 0.2787 -9.4512 4.4635 56.1806 2.5256
1948 167.7574 3.9049 -4.2960 4.6958 90.1029 2.4357 149.2480 2.4410 49.0210 2.5227 6.5240 1.9260 4.5624 2.9052 -6.9512 -0.1347 -9.1396 4.2415 58.0422 2.6485
1949 166.5211 3.9205 -4.7497 4.6120 87.9881 2.4410 146.5355 2.4919 47.0109 2.4192 5.4710 1.5930 2.6271 3.0061 -6.7904 -0.3458 -9.0741 4.0360 60.3493 2.5559
1950 165.6808 4.1966 -4.9236 4.6913 85.7606 2.4176 144.1426 2.3281 44.8376 2.3838 4.7691 1.3253 0.6270 3.1761 -7.0366 -0.4437 -9.1928 4.0120 62.3403 2.5223
1951 164.2764 4.4488 -5.3617 4.5318 82.8920 2.3155 141.8789 2.6060 42.5339 2.6134 3.2410 0.8778 -0.7130 3.0817 -6.9588 -0.2810 -9.3652 4.4798 64.2531 2.4598
1952 162.7301 4.4274 -5.9787 4.8163 80.5175 2.3746 139.8538 2.3136 39.9246 2.4332 1.5504 0.3844 -2.2163 2.3817 -6.7527 -0.2606 -9.2508 4.7985 66.5066 2.3370
1953 161.1235 4.4287 -6.5238 4.7118 78.2195 2.4182 138.4146 2.2539 37.9741 2.4543 -0.1000 0.1905 -3.4314 2.0267 -7.0436 0.0355 -9.3301 4.9819 68.6588 2.5123
1954 159.2709 4.3067 -6.5080 5.1470 75.9767 2.2681 136.9631 2.3306 35.8294 2.4662 -1.9186 0.3870 -4.4470 2.0969 -7.0792 0.6358 -9.0249 5.2460 70.3582 2.5045
1955 157.3211 4.0402 -6.3858 5.4754 73.6927 2.4474 135.6875 2.5717 33.4567 2.6382 -3.8966 0.1601 -5.3519 1.7060 -7.6946 1.2244 -8.8982 5.3757 71.9268 2.5042
1956 155.7086 3.7547 -5.8822 5.2663 71.2492 2.6120 134.8296 2.5876 31.1417 2.7267 -5.0414 0.4027 -5.7034 1.6679 -7.9419 1.9403 -8.7978 5.6340 73.0111 2.5742
1957 154.1400 3.5933 -5.9905 5.4724 69.0067 2.3645 134.5728 2.5099 28.6651 2.5135 -6.6264 0.7947 -6.1488 1.8403 -8.1938 2.7799 -9.0737 5.6234 73.8325 2.4566
1958 151.9991 2.9804 -6.2451 5.3760 66.5573 2.2960 133.8786 2.4863 26.4700 2.5392 -7.8713 0.8452 -6.4086 1.7056 -8.6263 3.1139 -9.0050 5.2319 73.8413 2.4582
1959 150.1337 2.5607 -6.5402 5.8554 64.1911 2.5095 133.7478 2.4617 24.6725 2.3378 -8.4262 0.7188 -6.6331 1.3012 -8.3273 3.2503 -9.2253 5.3737 74.0985 2.5274
1960 147.8976 2.6677 -6.9234 6.0203 61.8219 2.3253 134.0801 2.5143 22.3094 2.4356 -8.8989 0.5122 -6.6414 1.0008 -8.2293 3.1776 -9.2478 4.8999 73.9450 2.5180
1961 146.2248 2.5069 -7.1847 5.7123 59.5962 2.5924 134.4364 2.4722 19.8124 2.4446 -9.3068 0.2705 -6.5244 0.8713 -8.1179 3.0006 -9.1062 4.5167 73.2750 2.5580
1962 144.2641 2.3682 -7.3241 5.6084 57.3971 2.4670 135.3618 2.3877 17.8282 2.2948 -9.3200 0.5061 -6.7577 0.4960 -8.2363 3.0381 -9.1716 4.4710 73.0041 2.4887
1963 142.9342 2.4837 -7.6438 5.1403 55.3462 2.3487 136.5354 2.4100 15.6187 2.2990 -9.4650 0.4467 -7.0674 -0.1336 -8.3596 2.7055 -9.1257 4.4236 72.2182 2.6278
1964 141.4459 2.3975 -7.2829 5.3112 53.3023 2.3953 138.2230 2.3575 12.9524 2.3719 -9.0002 0.6778 -6.8102 -0.6711 -8.5166 2.3972 -9.0141 4.5756 71.0768 2.6379
1965 140.4879 2.4149 -6.9797 5.7352 51.7886 2.5675 140.1319 2.5007 10.8886 2.0880 -8.3042 1.0784 -7.0494 -0.8619 -8.4732 2.2008 -9.1150 4.2308 70.0090 2.5541
1966 139.6491 2.4801 -6.9465 5.5924 50.2353 2.6324 142.3149 2.6380 8.8537 1.6550 -7.5805 1.2582 -6.9430 -0.5170 -8.3828 2.0156 -9.2899 4.3188 68.9315 2.5028
1967 139.0394 2.5373 -6.7019 5.6781 49.2812 2.4580 144.5366 2.4620 6.4121 1.2903 -7.6784 1.8470 -7.0948 -0.7011 -8.1183 1.8132 -9.6037 4.3692 67.6518 2.5572
1968 138.3981 2.3276 -6.7738 5.5585 48.1999 2.4200 147.0597 2.6993 4.1883 1.2649 -7.6038 1.9791 -7.3988 -0.3534 -7.9240 1.5107 -10.3164 3.8595 66.2094 2.5911
1969 137.7966 2.4883 -6.9182 5.2237 47.6336 2.5330 149.1678 2.8137 2.1602 0.8384 -7.4083 2.0682 -7.5761 -0.0451 -7.6266 1.1885 -10.7838 3.6258 64.8126 2.5361
1970 137.4950 2.3780 -7.0508 5.2308 47.3081 2.4935 151.0433 3.1466 0.0896 0.5232 -7.1608 1.7094 -7.8476 0.3955 -7.5570 1.0262 -10.9816 3.2557 64.3599 2.5198
1971 137.2358 2.3885 -7.1676 4.9984 46.9308 2.4393 152.8721 3.2894 -1.7619 0.3675 -6.6621 1.5953 -7.8992 0.8118 -7.6333 0.3912 -11.3034 2.9359 64.1976 2.4436
1972 136.4137 2.5854 -7.0514 4.6702 47.1156 2.5038 154.3589 2.9105 -3.6718 0.3049 -6.2427 1.4003 -8.6341 0.7673 -7.2650 -0.1633 -11.2875 2.4380 64.0321 2.5137
1973 135.8904 2.4196 -6.6217 4.4783 47.6462 2.4900 155.8239 2.9204 -5.0057 0.4546 -5.7284 1.2661 -9.0350 0.9028 -7.3244 -0.4515 -10.9906 2.0159 64.2501 2.5485
1974 135.3923 2.5199 -6.3950 4.7005 48.4039 2.4855 156.7402 2.9526 -5.9777 0.7055 -5.3385 1.3632 -9.5942 0.5335 -7.3399 -0.6328 -10.6527 2.0227 64.5805 2.5542
1975 134.8423 2.4864 -5.6861 5.2194 49.3578 2.4578 157.3093 2.7859 -6.8888 0.8995 -4.9149 1.3546 -9.8622 0.3311 -7.0456 -0.5186 -10.7247 2.2465 65.6625 2.5823
1976 134.2666 2.5692 -5.5867 5.0721 50.3279 2.3696 157.9311 2.8751 -7.4062 1.2755 -5.1463 1.8799 -9.8329 0.2839 -7.1459 -0.6388 -10.2242 2.1772 66.6868 2.5439
1977 133.9982 2.5688 -5.1104 4.9225 51.2401 2.4162 158.0220 2.7994 -8.2123 1.9451 -5.1006 2.2852 -9.9397 0.5533 -7.3238 -0.7216 -10.5676 1.9712 68.2109 2.3986
1978 132.8366 2.6363 -4.9400 4.6100 52.3154 2.5418 157.7530 2.7961 -8.7503 1.6749 -5.3854 2.9722 -9.4541 0.7094 -7.1162 0.0752 -10.2672 1.8691 70.0223 2.4803
1979 131.9568 2.4925 -5.2652 4.5328 52.8164 2.3925 157.1139 3.1550 -9.2643 1.2267 -5.2906 3.4887 -8.8813 0.9885 -7.1308 0.5716 -10.6002 1.5372 72.0761 2.6233
1980 130.5609 2.5548 -5.2939 3.9557 53.6573 2.5356 156.3226 2.9472 -9.5086 1.3634 -5.7013 3.6387 -7.9958 1.2415 -6.9008 0.9826 -10.7299 1.3070 73.9025 2.6399
1981 128.6053 2.4916 -4.8008 3.9084 54.2693 2.5378 155.1532 2.7408 -9.6678 1.2994 -6.1055 3.5999 -7.0662 1.4821 -6.4802 1.0215 -10.9423 1.2709 75.5419 2.3503
1982 126.5243 2.6852 -4.2558 3.5134 54.0218 2.5493 153.4642 2.4836 -9.8646 1.2117 -6.0899 3.6132 -6.1036 1.3385 -6.9811 1.0832 -11.0009 1.1616 77.1596 2.3650
1983 124.4708 2.5803 -2.8956 2.8615 53.6143 2.5333 151.4901 2.5237 -9.6349 1.5686 -6.0514 3.4178 -4.7747 1.4598 -7.6432 1.0041 -10.9499 1.0622 78.4757 2.6184
1984 122.3500 2.5950 -1.7797 2.7657 53.0910 2.4974 149.3674 2.4151 -9.8933 1.9040 -6.0012 3.5195 -3.6374 1.0471 -8.2083 0.7572 -10.3738 0.9855 79.5490 2.4386
1985 120.1367 2.5057 -0.7394 2.4055 52.1640 2.5374 146.9565 2.5986 -9.5345 1.9353 -5.3874 3.1282 -1.6752 0.8386 -9.0153 1.3911 -10.1438 1.1956 79.8688 2.4280
1986 118.2635 2.3452 0.6716 2.4343 51.1934 2.4285 144.7771 2.4988 -9.3599 2.3998 -5.0567 2.8681 -0.2579 0.9813 -9.1643 1.9290 -10.2751 1.2899 80.5641 2.4732
1987 115.9841 2.4824 1.8671 2.2393 49.7427 2.5808 142.3646 2.3857 -9.1108 2.4516 -4.5090 2.1668 1.7607 1.1896 -9.2523 2.1219 -9.8130 1.6463 80.6160 2.5263
1988 113.5340 2.5671 3.0576 2.2340 48.1637 2.4062 139.8889 2.5468 -8.5756 1.8616 -4.2004 2.3734 3.7387 1.3908 -9.6676 2.6078 -9.5164 2.1021 80.5575 2.5871
1989 110.5416 2.5368 4.5961 1.9328 46.2414 2.6368 137.4812 2.5049 -8.6402 1.0871 -4.1444 2.7949 5.7332 2.3130 -9.7218 2.4755 -8.9284 2.4011 80.1220 2.5789
1990 108.5193 2.4063 6.0417 1.7549 43.8891 2.7764 135.3563 2.5180 -8.4780 0.2405 -4.0212 2.6593 7.8089 2.6407 -9.6400 2.6216 -8.1147 2.5775 79.2765 2.5361
1991 106.7570 2.7195 7.2401 2.0253 41.6315 2.4905 132.8369 2.4465 -8.4074 -0.2333 -3.6524 2.5393 9.8715 2.6775 -9.8922 2.4144 -8.3962 3.1022 77.9123 2.4826
1992 105.2607 2.5843 8.4020 2.0264 39.4837 2.5390 130.6822 2.4578 -8.4351 -0.4548 -3.1539 2.5978 12.2679 2.6637 -9.2315 2.2412 -8.7094 3.5086 76.5986 2.5034
1993 103.6922 2.4446 9.3107 2.2508 37.2509 2.3500 128.0569 2.6645 -7.8522 -0.4632 -2.6527 2.6110 14.3641 2.5437 -9.0750 1.6652 -9.1531 3.9740 75.0680 2.6023
1994 102.5144 2.5223 9.8728 2.3290 34.9806 2.4263 125.6406 2.7112 -8.0021 -0.2401 -1.8091 2.3197 16.7651 2.6419 -9.3992 1.0932 -9.0691 4.5309 73.1862 2.6428
1995 101.6622 2.4784 10.0602 2.4113 33.1379 2.5238 123.3899 2.6557 -8.3190 -0.0278 -0.6633 2.0648 19.1539 2.6407 -9.6077 1.0248 -8.9060 4.1764 71.0926 2.3960
1996 100.9287 2.3721 10.4367 2.5079 31.9613 2.5693 121.0450 2.4555 -8.8026 0.3140 0.4086 1.8081 20.6958 2.4907 -9.9495 0.7850 -8.6335 3.9245 68.6705 2.3016
1997 100.1978 2.4842 10.4621 2.5462 30.7103 2.5196 118.8901 2.5682 -9.0892 0.3380 1.6777 1.5663 22.6287 2.6231 -10.1912 0.9109 -7.9381 3.8614 66.3636 2.5064
1998 100.4986 2.5464 9.9283 2.4911 29.4752 2.5544 116.9361 2.4464 -9.3995 0.6305 2.7395 1.5836 24.0920 2.6470 -10.3177 1.0891 -7.5381 3.6460 64.2814 2.6429
1999 100.7422 2.5609 9.2200 2.6806 28.6603 2.5696 114.6774 2.6905 -9.7153 0.7684 4.3910 1.4445 25.3783 2.4640 -10.3374 1.4516 -7.2999 3.4716 61.5436 2.4561
2000 100.9769 2.4861 7.6924 2.7757 28.4990 2.5235 112.4614 2.6958 -9.4469 0.6468 5.9477 1.5958 26.6612 2.5086 -10.3323 1.3061 -7.0220 3.0787 59.3853 2.6105
2001 101.7314 2.5636 6.7955 3.1406 28.4165 2.4524 110.2820 2.7486 -9.1849 0.3893 7.8765 1.7084 27.3819 2.5498 -10.2537 1.2777 -6.8218 3.1520 57.0305 2.4488
2002 102.5947 2.5126 5.1873 3.2954 28.1639 2.3954 108.1150 2.5474 -9.0478 0.6219 9.5286 1.8808 27.8445 2.4581 -10.3178 0.6992 -6.5298 2.9589 54.6834 2.4712
2003 103.9841 2.6968 3.7480 3.7707 27.7451 2.4321 105.4854 2.4066 -8.6665 0.4511 11.1150 2.2394 28.5716 2.4783 -9.8891 0.1870 -6.4180 2.8787 52.7952 2.7185
2004 105.6988 2.6049 2.6016 3.9514 27.6742 2.4865 103.1243 2.6155 -8.8637 0.6618 13.1642 2.3779 28.5342 2.4123 -9.5775 0.0259 -6.1803 2.7132 50.3040 2.5658
2005 107.6359 2.4046 1.9606 3.8802 27.6153 2.5183 100.8973 2.5405 -8.4264 0.8916 15.6901 2.6232 27.9994 2.4189 -9.2339 -0.3552 -6.4810 2.8556 48.1145 2.5877
2006 110.1632 2.4825 0.8818 3.8539 27.7521 2.4238 98.6085 2.3422 -8.3182 1.2504 18.1235 2.3130 27.5498 2.4566 -8.9264 -0.4353 -6.7439 3.0862 46.0599 2.5140
2007 112.1776 2.4962 -0.1153 4.1175 28.0220 2.5307 96.3370 2.4732 -7.9477 1.2976 20.6348 2.3564 26.7666 2.3487 -9.0210 0.0127 -7.3446 2.8269 44.4252 2.6335
2008 114.8884 2.3891 -1.7772 4.3207 28.4221 2.5957 94.4396 2.3542 -7.3522 1.3951 22.6867 2.2270 26.0396 2.3848 -9.3534 0.4849 -7.4262 3.3806 42.6540 2.5617
2009 117.1325 2.3323 -2.8678 4.7219 29.1425 2.5300 92.3242 2.4416 -7.1627 1.0763 25.0017 2.6700 24.3527 2.5468 -9.5238 0.8934 -7.5848 3.8051 40.7005 2.6425
2010 119.4928 2.6245 -3.9164 5.0902 29.4806 2.5281 91.0490 2.3698 -6.9151 1.2014 27.1905 2.6268 23.1080 2.5462 -9.3698 1.1951 -7.7589 3.9186 39.1970 2.6404
2011 121.4722 2.5590 -5.0171 5.5307 30.1711 2.4538 89.7223 2.5618 -6.7241 1.5887 29.8345 2.5004 21.1680 2.4945 -9.1281 1.5847 -7.2140 4.1032 37.7554 2.6023
2012 124.0002 2.7168 -5.6407 5.9936 30.5237 2.5368 89.1278 2.5778 -6.2397 1.7238 32.0967 2.4120 18.8390 2.2523 -8.6693 1.4181 -7.1306 3.9743 36.5769 2.5541
2013 125.8969 2.6673 -6.0555 6.0796 31.2139 2.5434 88.1882 2.5059 -5.6189 2.2265 34.3874 2.3961 16.5926 2.4991 -8.2122 0.8758 -7.0906 4.2537 35.6744 2.5995
2014 127.9800 2.5001 -6.4925 5.9528 31.6434 2.5247 87.6294 2.5054 -5.1876 2.7316 36.6981 2.4382 14.3804 2.4088 -7.4734 1.2051 -7.3320 3.9761 35.0704 2.5404
2015 130.3171 2.5765 -6.7144 5.7332 32.2238 2.5229 87.7771 2.5133 -4.5955 2.6865 38.8787 2.6450 12.1580 2.9412 -6.9722 1.1979 -7.3521 3.5823 34.8450 2.4731
2016 132.6949 2.2979 -6.5618 5.0165 32.0457 2.4576 87.9646 2.5086 -4.3285 3.0919 41.2165 2.6950 10.3626 3.2267 -6.5496 1.1898 -7.6094 2.9289 34.6524 2.4212
2017 135.1021 2.4379 -6.8241 4.2933 32.4585 2.6497 88.7539 2.5762 -3.7916 3.2183 43.4525 2.6301 8.3365 3.2984 -6.1717 1.3236 -8.1408 2.6322 34.9806 2.4930
2018 137.6129 2.4533 -7.2096 3.5853 33.8691 2.5951 89.3230 2.5226 -3.6685 3.3792 45.6373 2.5571 6.6073 3.4858 -6.1542 1.7420 -8.6184 1.8328 35.3974 2.6203
2019 139.8507 2.4290 -8.0970 3.1213 34.8451 2.6422 90.0262 2.5868 -3.3137 3.6509 47.6383 2.5745 4.6998 3.7457 -6.5298 1.4247 -9.0717 1.2474 36.5897 2.3957
2020 142.2372 2.5788 -8.6213 3.1082 36.1045 2.4545 90.9837 2.6625 -2.7001 3.8414 50.0136 2.2946 3.0656 3.8391 -6.5021 1.3471 -9.2710 1.2404 37.8867 2.5765
2021 144.4657 2.5526 -9.0676 3.1190 38.0406 2.4692 91.7674 2.6010 -1.7026 3.8323 52.2225 2.5235 1.9474 3.4030 -6.5518 0.7258 -9.3367 1.2993 39.4982 2.3981
2022 146.7147 2.5964 -9.5629 3.2299 39.7534 2.5162 92.8254 2.3659 -0.5308 3.7735 54.5519 2.3828 0.5976 3.3567 -6.6916 0.2398 -9.0848 1.2758 41.4615 2.4513
2023 148.9368 2.7758 -10.1017 3.1736 40.8275 2.6211 93.2326 2.4733 1.0624 3.8097 56.7601 2.3408 -0.4061 3.1889 -6.7124 -0.3345 -9.4390 1.1133 43.5391 2.6244
2024 151.5308 2.7260 -10.0776 3.4682 42.1672 2.5600 93.7501 2.5145 2.7734 3.8737 59.1050 2.4913 -1.0257 3.3691 -6.8715 -0.5255 -9.1133 0.4038 45.7472 2.5425
2025 153.6835 3.0106 -9.7756 3.4427 43.5953 2.6204 94.1951 2.4717 4.4564 3.5231 61.2252 2.4992 -1.5346 3.2935 -7.1303 -0.3294 -9.2080 0.3781 47.6231 2.5421
2026 155.1481 3.2137 -9.3721 3.4826 44.2858 2.6064 93.9419 2.5593 6.4985 2.9078 63.6349 2.4839 -1.8766 3.4852 -7.3492 -0.0192 -9.3685 0.3792 49.7523 2.6909
2027 156.5658 3.5116 -9.0012 3.5066 44.9012 2.5507 93.4908 2.5511 8.6392 2.7976 65.6596 2.6336 -1.4341 3.4543 -7.9008 0.4989 -9.1530 0.0839 52.0985 2.5837
2028 157.9040 3.8787 -8.4476 3.6409 45.2540 2.4889 92.5979 2.5008 10.9202 2.6059 67.9594 2.6591 -0.5559 3.5163 -8.3272 0.7149 -9.2920 -0.0918 54.3472 2.5633
2029 159.7382 4.0682 -8.3327 3.6853 45.0598 2.5324 91.8912 2.4009 12.6900 2.7956 70.6610 2.6458 0.4458 3.5801 -8.5080 1.0956 -9.4675 -0.4425 56.2834 2.5342
2030 161.3190 4.3463 -7.7839 3.6697 44.7595 2.3700 90.5603 2.3561 14.5105 2.7877 73.1366 2.2610 1.3531 3.6335 -8.4126 1.2348 -8.9537 -0.5282 58.5365 2.6579
2031 162.2558 4.4547 -7.5368 3.7195 44.5417 2.4929 89.4229 2.6804 16.2521 2.5929 75.4208 2.1492 2.9506 3.5433 -8.4362 1.4508 -9.1969 -0.4629 60.7676 2.5549
2032 163.5682 4.2351 -7.2228 3.7504 44.0420 2.3785 87.8365 2.6092 17.4303 2.7115 77.1213 2.4689 4.7301 2.9355 -8.4130 1.4449 -9.4312 -0.2403 62.2459 2.4822
2033 164.5272 4.3491 -6.6099 4.1254 43.5107 2.4224 86.2312 2.3624 18.3174 2.5373 79.1807 2.3726 6.9388 2.9689 -8.4872 1.8134 -9.6482 -0.3576 64.0973 2.1392
2034 165.0081 3.9455 -5.5237 4.1764 43.3646 2.4815 84.4549 2.6469 19.2736 2.5774 80.9226 2.3901 8.5498 2.5006 -8.7185 1.2531 -9.7264 -0.4375 66.4635 2.3936
2035 165.0894 3.6697 -4.9697 4.3802 43.2304 2.4951 83.1944 2.4417 19.7081 2.4967 82.4475 2.4447 10.7732 2.4715 -9.2127 1.7562 -9.1786 -0.7055 68.6499 2.4039
2036 165.4808 3.1652 -4.6321 4.3071 43.1444 2.4940 82.4636 2.4864 20.3589 2.4780 83.3887 2.5373 13.0606 2.4474 -9.5326 1.7353 -8.7002 -0.6193 70.7830 2.1163
2037 165.5417 3.3079 -4.7120 3.8943 42.9295 2.4988 82.1180 2.5630 20.3776 2.5332 84.3551 2.5602 15.1884 2.6378 -9.4615 2.3155 -8.2844 -0.5652 73.2888 2.4087
2038 165.4114 3.3391 -4.4256 4.1312 43.1566 2.5632 81.8057 2.4720 20.0668 2.5287 84.6684 2.4770 17.2190 2.5924 -9.2864 2.4966 -7.9374 -0.1613 75.4216 2.5009
2039 165.0115 3.4136 -4.6201 3.8731 44.0225 2.5183 81.6388 2.5052 19.3818 2.5370 84.3929 2.5449 19.6138 2.3311 -8.8634 2.5588 -7.1405 0.0878 77.5618 2.4807
2040 164.2740 3.5576 -5.2170 3.9065 44.4108 2.4933 81.1532 2.5542 18.2342 2.4526 84.1929 2.5005 22.0071 2.4010 -8.4465 1.9430 -6.8851 -0.1080 79.8756 2.5362
2041 163.7563 3.5470 -5.5502 3.8819 45.0503 2.5474 81.0665 2.5897 17.3157 2.4848 83.5151 2.5689 23.9438 2.5896 -8.1657 1.8672 -6.8173 -0.3966 81.8161 2.3530
2042 162.1966 3.4753 -5.9562 3.8718 45.3457 2.4753 80.8425 2.4223 15.9355 2.5197 82.9890 2.4943 26.1057 2.4573 -7.4401 0.9767 -6.6131 -0.6670 83.3454 2.4157
2043 160.8345 3.1075 -6.2998 3.4962 46.1193 2.5982 80.4759 2.5065 14.1666 2.5572 82.3464 2.5230 28.1603 2.4903 -7.2151 0.2746 -6.6968 -0.8230 85.2976 2.4983
2044 159.7655 2.6228 -6.9938 3.5730 46.8575 2.4541 80.3800 2.4786 12.0659 2.3628 81.2179 2.2896 30.7863 2.6190 -7.4654 -0.0144 -6.7723 -0.9145 86.6935 2.6112
2045 158.8310 2.2387 -7.5746 3.8112 47.3026 2.4973 80.6582 2.4445 10.2552 2.3299 79.9940 2.5814 32.5316 2.3944 -6.9534 0.1422 -7.2086 -0.7732 88.0960 2.5439
2046 158.0161 1.9635 -8.4261 4.2455 47.4271 2.4346 80.2664 2.5226 8.0148 2.1004 78.4572 2.4875 35.2180 2.7228 -7.0482 0.3506 -7.3744 -0.8840 88.7405 2.6251
2047 156.9918 1.8215 -8.8269 4.0889 47.2730 2.3888 79.4437 2.4827 6.1049 2.2905 77.5002 2.6287 37.2803 2.4702 -6.8076 0.8064 -7.1554 -0.8733 89.5827 2.5524
2048 156.5470 1.9525 -9.6665 4.1890 46.6914 2.4732 78.3936 2.3500 3.7991 2.7376 77.0794 2.3614 39.9084 2.5106 -6.1413 1.4431 -7.0897 -1.0420 89.5661 2.4450
2049 156.4882 2.2423 -10.0935 4.0167 46.1345 2.4853 77.7137 2.3917 1.7775 3.1701 76.5856 2.4387 42.1132 2.3667 -6.1707 2.3868 -7.1023 -0.9632 89.3404 2.5803
2050 156.5812 2.8709 -10.2539 3.8981 44.7570 2.6097 76.3557 2.4967 -0.1164 3.4791 75.8929 2.4092 44.3223 2.4774 -5.8451 2.6194 -6.9143 -0.6730 88.9425 2.4838
2051 156.8448 3.1310 -10.7941 3.5946 43.7707 2.5303 74.4479 2.4769 -1.4559 3.7506 75.2504 2.4680 46.3590 2.4182 -5.4715 2.8631 -7.0056 -0.3281 88.3093 2.4329
2052 157.1095 3.3583 -11.0520 3.0126 42.2032 2.3930 72.3800 2.5715 -2.7362 3.8985 74.8770 2.5299 48.8903 2.6849 -5.2333 3.4973 -7.1548 -0.2555 87.4920 2.4607
2053 157.9906 3.8221 -11.3469 2.6337 40.5208 2.4558 70.4830 2.7115 -4.1168 4.0554 74.1193 2.4437 51.2110 2.5361 -4.9522 3.6665 -7.1943 0.1142 86.4723 2.5885
2054 158.7859 4.1500 -11.5450 2.7258 38.6972 2.4979 68.7244 2.4715 -5.3728 4.0516 73.5941 2.4823 53.5323 2.4188 -4.6095 3.4566 -7.6842 0.4654 84.8491 2.4137
2055 159.9914 4.2212 -10.8549 2.9396 36.9797 2.4640 65.9414 2.3378 -6.8195 4.2321 72.9219 2.5104 55.7162 2.5895 -4.3971 3.6041 -7.7747 0.9892 83.0088 2.6323
2056 161.1279 4.2571 -10.7662 3.3037 35.3792 2.4704 63.4195 2.5464 -7.7998 4.7773 72.7847 2.4963 57.6327 2.5645 -4.2440 3.4165 -8.1457 1.7990 81.0138 2.5333
2057 162.8952 4.4383 -10.3327 3.9168 34.1887 2.3623 60.9235 2.4291 -8.0330 5.0220 72.0778 2.5598 59.6892 2.7665 -4.4415 3.6040 -8.2299 2.2322 78.5199 2.6808
2058 164.6199 4.4780 -10.1591 4.1870 33.5264 2.3917 58.8206 2.4790 -8.2742 5.2192 71.8830 2.5417 61.7861 2.5536 -4.4994 3.7557 -8.0251 2.5398 76.4753 2.4765
2059 166.1757 4.5525 -9.4441 4.6092 33.1731 2.4072 56.7404 2.4887 -8.1146 5.5715 71.2531 2.5010 64.1581 2.2297 -4.9187 4.0135 -8.5820 2.9321 74.3754 2.2601
2060 166.8386 4.4775 -9.4829 4.8392 32.5372 2.5319 54.5633 2.6554 -7.8509 5.4896 70.2986 2.3665 66.3976 2.6336 -4.5873 3.9825 -8.9814 2.8895 72.3757 2.4568
2061 167.4779 3.8226 -9.3944 4.7915 32.6218 2.4721 52.5541 2.4989 -7.5736 5.0867 68.6466 2.4333 69.1464 2.4245 -4.9177 3.7250 -9.2148 3.2038 69.9339 2.6469
2062 167.9800 3.5450 -9.0655 4.5272 32.9033 2.4657 50.4945 2.4270 -7.2502 4.5489 67.1473 2.3865 71.8013 2.6694 -5.6256 3.3068 -9.4436 4.0196 67.3350 2.5820
2063 168.3270 3.3247 -9.2536 4.5147 33.2417 2.4840 48.5907 2.5603 -7.2945 4.2496 65.3439 2.5025 74.1967 2.6488 -5.7458 2.6050 -9.2176 5.0021 65.5743 2.4731
2064 168.6149 2.9880 -9.4171 4.7019 34.1774 2.5266 47.1546 2.5006 -7.2084 3.8653 63.1148 2.5545 76.2501 2.6482 -5.6631 2.1155 -9.2596 4.9440 63.6077 2.3738
2065 168.9500 2.4879 -9.3668 4.7959 35.0081 2.5398 45.8491 2.4391 -6.5444 3.3476 60.8292 2.2983 78.3398 2.5493 -5.5554 1.7057 -9.1456 5.0805 62.3316 2.7294
2066 168.9965 2.1007 -9.3164 4.4654 36.0098 2.4618 44.9013 2.4286 -6.4388 3.0540 58.4915 2.5306 80.0394 2.5150 -4.9378 1.1364 -9.0509 5.3372 60.2092 2.4436
2067 169.2159 1.8957 -8.9308 4.2224 37.4122 2.5027 43.9879 2.5574 -6.4153 2.7878 56.0618 2.7032 81.6237 2.4571 -4.8175 0.4749 -8.7021 5.0402 58.9561 2.4275
2068 169.0114 1.4222 -8.8059 3.8015 39.4249 2.5783 43.7777 2.5361 -6.1800 2.5054 53.3423 2.6608 82.7882 2.5557 -4.5345 0.3291 -7.9849 4.8164 58.3223 2.5128
2069 168.7828 0.7926 -8.8064 2.9683 41.5150 2.6524 43.2891 2.4305 -5.4493 1.8183 51.1528 2.3764 83.8764 2.4540 -4.7309 -0.3770 -7.6496 4.6320 57.4922 2.4907
2070 168.6295 0.5901 -8.7014 2.5290 43.4917 2.5047 43.2438 2.5028 -5.1397 1.3808 48.7022 2.5258 84.3630 2.4477 -5.0795 -0.6947 -7.3771 4.0135 57.1554 2.5153
2071 168.6452 0.0703 -8.6829 2.2936 45.3298 2.4320 43.3775 2.4343 -4.8976 0.7785 46.4445 2.5254 84.7121 2.5151 -5.7104 -0.7251 -7.4608 3.1959 57.0069 2.4948
2072 168.4341 -0.3411 -8.2112 2.3920 47.7595 2.6448 44.2457 2.4871 -4.5182 0.5699 44.4620 2.4871 84.7275 2.4788 -6.3662 -0.9606 -7.8283 2.5460 57.4149 2.5497
2073 168.6234 -0.2217 -7.9025 1.8823 50.1639 2.6137 45.8017 2.5469 -3.7694 0.2908 42.4365 2.4520 84.3834 2.4127 -6.4315 -0.8375 -8.0430 2.1594 57.7605 2.5017
2074 168.6327 -0.3618 -7.7440 1.5451 52.4254 2.6818 47.3645 2.4668 -3.3938 -0.0487 40.0721 2.4294 83.8251 2.4212 -6.6607 -0.8132 -8.2046 1.8927 58.5103 2.4585
2075 168.4034 -0.2018 -7.2113 1.4909 54.8426 2.4242 49.0414 2.7234 -2.6412 0.1128 37.8691 2.4267 82.4782 2.4292 -6.4204 -1.0441 -8.6464 1.7798 59.2676 2.5691
2076 167.6110 0.1003 -6.6388 1.3293 56.4981 2.5013 50.8950 2.3138 -1.9709 0.1685 35.8553 2.4525 81.4334 2.6001 -5.9465 -0.6435 -8.9721 2.0326 60.4864 2.4862
2077 167.0741 0.3536 -5.9533 1.1316 59.2259 2.4143 53.2575 2.4281 -0.6694 0.2764 33.7856 2.4359 79.9473 2.5679 -5.3451 -0.5740 -9.3896 1.8195 62.2031 2.6769
2078 166.3438 0.8511 -5.4276 1.4457 61.0005 2.3856 55.6540 2.5981 0.1852 0.5852 31.4159 2.4582 78.3707 2.4402 -4.4683 0.1012 -9.0866 1.2923 64.0463 2.5239
2079 165.0353 1.4010 -5.0512 1.7548 63.4260 2.2940 57.8988 2.6530 2.1440 0.5781 29.0970 2.6704 76.3778 2.5070 -4.0777 0.8383 -8.7831 0.3156 66.0207 2.5584
2080 163.7941 1.6198 -4.8847 2.4250 65.8432 2.5767 60.3260 2.3126 4.2096 0.9407 26.7734 2.5134 74.4347 2.4850 -3.4927 1.4236 -8.7699 0.4084 68.5497 2.5690
2081 162.5392 1.1142 -4.6387 2.8444 67.8630 2.3991 62.8466 2.5483 6.1312 1.3909 24.2624 2.5514 72.3704 2.5437 -2.9541 2.0278 -8.8157 0.0275 70.5740 2.4855
2082 160.5157 1.2259 -4.6455 3.1219 69.9750 2.4933 64.9306 2.6824 7.8634 1.5460 21.9248 2.4772 70.2589 2.5463 -2.4014 2.4366 -8.7161 0.3010 72.9269 2.4958
2083 158.9409 1.3937 -4.9270 3.9455 72.5084 2.4796 67.0219 2.5235 9.7244 2.0428 19.3244 2.7135 68.1408 2.5802 -1.6246 2.2016 -9.3219 0.8570 74.7425 2.7367
2084 157.6933 1.4651 -5.2479 4.3345 74.6650 2.4453 69.1581 2.6873 12.1308 2.1726 17.7515 2.4028 66.3171 2.3558 -0.5579 2.1280 -9.4976 1.4614 75.8895 2.4796
2085 155.6539 1.8215 -5.3735 4.7704 76.5800 2.4709 71.5367 2.6142 14.7931 2.2955 15.2154 2.4875 64.2284 2.3629 0.5499 2.4245 -9.6186 1.9387 77.1291 2.4627
2086 154.1568 2.1904 -5.3525 5.0201 78.4167 2.2704 73.8716 2.6469 17.2039 2.2211 13.4381 2.4794 61.9705 2.6181 2.3618 2.3865 -9.7480 2.5155 78.2108 2.4415
2087 152.0820 2.3660 -5.6927 5.2199 80.3069 2.3231 76.2033 2.5136 19.6566 2.2719 12.0617 2.6454 59.6802 2.6227 4.0721 2.3698 -9.5526 2.8397 78.8544 2.5033
2088 149.8634 2.2694 -5.3311 5.3613 82.2400 2.4253 78.4376 2.2373 21.8655 2.5469 10.6391 2.5784 57.5629 2.7177 5.7404 2.4099 -9.2581 2.3486 79.0243 2.5005
2089 147.5441 2.5399 -5.1055 5.7082 85.0343 2.5212 80.6344 2.5431 23.9479 2.5742 9.5385 2.5459 55.7591 2.6477 7.6969 2.7292 -9.0905 2.0462 79.5632 2.4037
2090 145.1454 2.4748 -5.4459 5.5660 87.2549 2.5853 82.4660 2.5865 26.1059 2.4483 8.7267 2.6699 53.6389 2.5164 9.6185 2.4710 -8.6929 1.8381 79.1384 2.4090
2091 142.8103 2.5662 -6.0327 5.6731 89.3561 2.4245 84.0552 2.5182 28.6101 2.4234 8.1695 2.5754 51.3178 2.5379 11.6179 2.6673 -8.5126 1.6208 78.7235 2.4472
2092 140.3583 2.4041 -6.2730 5.9048 91.4650 2.5593 86.0895 2.5571 30.9541 2.3740 7.8913 2.5599 48.5011 2.5560 13.9125 2.5501 -8.6079 1.6676 78.2782 2.4928
2093 138.1035 2.4644 -6.7267 5.7782 93.3877 2.6221 88.4535 2.3514 32.8989 2.5180 7.9326 2.4323 46.3414 2.6004 16.3691 2.3627 -9.2111 1.2380 77.2171 2.4570
2094 136.0170 2.6200 -6.9799 5.7497 95.0504 2.7607 90.6587 2.4445 35.1468 2.4159 8.3419 2.5846 44.2059 2.4703 18.9378 2.5067 -9.3833 1.2001 76.5617 2.4352
2095 134.1850 2.5679 -7.2856 5.5855 97.2338 2.5272 92.7555 2.5827 37.6724 2.5318 8.9968 2.4540 42.0493 2.2300 21.2341 2.6097 -9.5827 1.0304 75.5619 2.4010
2096 131.8674 2.4556 -7.0112 5.7630 99.6212 2.1047 94.8080 2.5110 39.3338 2.7530 9.7523 2.4112 39.6602 2.3727 23.0694 2.5053 -10.1351 0.9910 74.7079 2.3806
2097 129.5759 2.6239 -6.5425 5.5218 102.1789 2.4284 97.2270 2.5117 40.7383 2.6063 10.8974 2.5365 37.2986 2.6542 25.1863 2.5430 -9.6914 0.2393 73.9535 2.4404
2098 126.9318 2.3481 -5.8319 4.9947 104.4906 2.4964 99.4038 2.3635 42.1121 2.4439 12.5300 2.5662 34.7394 2.5759 26.9459 2.4812 -9.5757 -0.0706 73.3177 2.4495
2099 124.7851 2.6760 -5.3394 3.6355 106.9171 2.4850 101.5857 2.4359 43.1407 2.4764 14.2948 2.4718 32.2012 2.6252 28.6862 2.4837 -8.7364 -0.2263 73.0518 2.4262
2100 122.3216 2.5152 -5.1921 2.7050 109.0770 2.5528 103.6195 2.2706 43.9024 2.4148 16.2841 2.6615 30.0448 2.6047 30.1038 2.5762 -8.4223 -0.6656 73.5307 2.4508
2101 120.1106 2.6354 -5.6214 1.9955 110.9306 2.7475 105.7651 2.5464 44.3702 2.4249 18.3886 2.6129 27.9781 2.4093 30.9263 2.5440 -8.2142 -0.6797 73.9464 2.4732
2102 117.7564 2.6938 -6.2256 1.6935 113.3377 2.5205 107.9768 2.6168 44.7677 2.5466 20.6766 2.4769 25.7683 2.3113 31.8091 2.4857 -7.6103 -0.5693 75.0970 2.6188
2103 115.4256 2.3557 -7.0766 1.0912 115.6964 2.6999 110.4235 2.5576 45.0257 2.5093 22.6947 2.5418 23.4235 2.6233 32.6106 2.5703 -7.2062 -0.1134 76.5729 2.6074
2104 113.0702 2.3825 -7.3177 1.0946 117.8064 2.6966 112.6512 2.6518 44.7127 2.6123 24.5449 2.6009 20.9844 2.8262 33.6585 2.5375 -6.9531 0.3974 77.4132 2.6336
2105 111.0561 2.6039 -7.5432 0.6314 120.1277 2.6052 115.0992 2.6253 43.7303 2.6662 26.3958 2.4297 18.9398 2.5730 34.1454 2.5310 -6.1667 0.8058 79.4464 2.5301
2106 108.7171 2.6953 -7.2533 0.3961 122.6961 2.7399 117.1109 2.6384 42.6044 2.5085 28.1633 2.6317 16.5108 2.5971 34.4873 2.4650 -5.2240 1.4372 81.4285 2.5720
2107 106.6658 2.7992 -7.4218 0.0081 125.0209 2.3081 119.4864 2.3387 41.2548 2.5068 29.2814 2.5216 14.0143 2.5668 34.8611 2.4069 -4.0510 1.9610 83.4611 2.3670
2108 104.6461 2.4602 -7.3363 0.0728 127.2433 2.3898 121.7300 2.3532 40.0460 2.5440 30.4967 2.6216 11.6348 2.4480 35.1175 2.4948 -3.1565 2.5123 85.7436 2.4904
2109 102.8844 2.5938 -7.2557 -0.5733 129.6512 2.4735 124.2659 2.2740 38.7894 2.7446 31.1363 2.5145 9.5064 2.3777 35.6026 2.5872 -1.9119 2.6233 88.3235 2.4632
2110 100.9408 2.4928 -7.5844 -0.7565 131.9650 2.5978 126.3546 2.6214 36.8825 2.6649 31.4345 2.4285 7.2014 2.4472 35.6425 2.4709 -0.4803 2.7403 90.4961 2.4432
2111 99.0778 2.5509 -7.8060 -0.8108 134.0770 2.6450 128.5055 2.5672 35.3751 2.6490 31.9609 2.5218 4.8892 2.1744 35.4159 2.4779 1.2859 3.2250 92.8651 2.3517
2112 98.0381 2.5763 -8.2946 -0.7915 135.9941 2.5560 130.8381 2.6724 34.1327 2.6998 31.8038 2.5315 2.9179 2.0055 35.7393 2.4689 2.6067 3.2596 94.5035 2.4818
2113 97.5337 2.3901 -8.8307 -0.4754 137.4151 2.6474 133.3197 2.1721 32.5552 2.3888 30.9436 2.4817 1.1329 1.8258 35.9656 2.4804 4.0714 3.4616 96.6712 2.2219
2114 97.0537 2.5038 -9.5107 -0.0226 138.7227 2.5318 135.5428 2.3951 31.9770 2.6102 30.1196 2.5246 -0.3483 1.4144 37.0336 2.5217 5.3859 3.4170 98.3133 2.3816
2115 96.7086 2.4880 -9.5668 0.6190 139.9988 2.4532 137.7397 2.4713 31.2303 2.4536 28.8707 2.4342 -1.2813 1.0064 37.8477 2.4865 6.6975 3.0410 99.5914 2.5031
2116 96.8912 2.5466 -9.6744 1.1389 140.3869 2.4866 140.1182 2.5942 31.1813 2.4479 27.2941 2.5697 -2.5718 1.1114 38.6900 2.5419 8.5494 2.6464 100.6947 2.5889
2117 97.4056 2.4865 -9.5558 2.0054 140.4189 2.5083 141.9322 2.3554 31.3088 2.4634 25.1549 2.3941 -3.6338 0.8920 39.7934 2.4771 10.7287 2.3924 101.9210 2.5299
2118 98.0373 2.5171 -9.2828 2.7044 140.6576 2.4662 144.1750 2.5629 31.6556 2.5132 22.9872 2.6444 -4.5114 1.0427 41.2656 2.4256 13.3004 2.4215 102.1578 2.5397
2119 99.2320 2.5871 -8.7076 2.8276 140.7190 2.4865 146.4369 2.3618 32.6958 2.3485 20.8665 2.4297 -4.8738 1.0472 43.3234 2.4000 15.4289 2.3766 102.3252 2.5094
2120 100.2980 2.4500 -8.5954 3.0090 140.3884 2.6514 148.7610 2.0248 33.4918 2.3683 19.5140 2.5998 -5.5337 0.7283 45.5615 2.3575 17.7422 2.4946 102.3234 2.4962
2121 101.9071 2.5155 -8.3608 3.0245 139.8920 2.6184 150.9830 2.0481 34.7587 2.4574 17.6260 2.3922 -5.6570 0.6327 47.8810 2.4500 19.8821 2.4329 101.7543 2.5885
2122 103.6136 2.5698 -7.6526 3.5739 138.9265 2.5344 152.9996 1.9778 36.6297 2.4161 16.0404 2.4436 -5.8183 0.2060 50.1539 2.6571 21.9544 2.6473 101.0854 2.4997
2123 105.5626 2.7475 -7.2033 3.2638 137.8253 2.4884 155.0528 1.8815 38.5902 2.5239 14.9591 2.5611 -5.8353 -0.2463 51.8111 2.4248 24.4475 2.4519 100.2310 2.4104
2124 107.7090 2.6364 -6.6817 3.8164 136.3304 2.4463 157.3166 1.8935 40.7551 2.5726 14.2929 2.4526 -5.8222 -0.6472 53.8747 2.2981 26.7007 2.4165 98.9477 2.4562
2125 110.1570 2.6660 -6.5045 4.0471 134.0696 2.4374 159.6095 1.3594 42.7810 2.6521 14.0675 2.6057 -5.7319 -0.6622 56.6122 2.5586 28.7186 2.3654 97.4680 2.4483
2126 112.5087 2.4948 -6.1904 4.2350 131.7230 2.3926 161.3682 1.3290 45.1325 2.3661 13.9381 2.5213 -5.7229 -0.7903 58.5167 2.4142 30.8265 2.5434 95.6265 2.4334
2127 114.9393 2.3940 -5.5017 4.8631 129.3711 2.6365 162.9929 1.4345 47.3959 2.4377 14.2565 2.5163 -5.9434 -0.5853 60.5284 2.4921 32.8772 2.4980 93.1067 2.2827
2128 117.2702 2.7017 -5.0152 5.0682 127.5381 2.5040 163.8736 0.9693 49.6044 2.5790 14.6033 2.5232 -6.1475 -0.1816 62.9937 2.5237 35.3520 2.5201 90.5731 2.5216
2129 119.4842 2.6128 -5.0127 5.2509 125.0666 2.5175 165.1493 0.8588 51.8437 2.5026 15.1555 2.4605 -6.5455 -0.4732 65.2562 2.5076 37.4790 2.5058 88.1821 2.4521
2130 122.0183 2.6089 -4.7135 5.2069 122.9492 2.4973 166.7733 0.8129 53.5612 2.4124 15.8655 2.4592 -7.2541 0.0844 67.3898 2.6689 40.1628 2.7237 85.6113 2.5434
2131 124.0984 2.6405 -5.0542 5.3058 120.6342 2.3149 167.8133 0.8271 56.0257 2.7574 17.3341 2.5219 -7.4887 0.3447 69.3605 2.4396 42.5452 2.4563 83.4514 2.4991
2132 126.5476 2.5967 -5.3624 4.9829 118.7508 2.3992 168.6851 0.7803 58.4018 2.7478 18.4580 2.3520 -7.6105 1.3118 71.8550 2.5169 45.2376 2.5767 81.2653 2.4518
2133 128.4535 2.5997 -6.0093 4.7062 115.9949 2.2875 169.2230 0.5668 60.8855 2.5177 20.5357 2.5002 -7.6604 1.2615 74.2123 2.4532 47.7471 2.4960 78.8329 2.4583
2134 130.7417 2.4844 -6.1495 4.4421 114.1638 2.4380 169.0621 0.5069 62.8714 2.3959 22.8097 2.4440 -8.1294 1.5725 76.5998 2.4092 50.3434 2.4943 77.0896 2.3265
2135 133.0855 2.7376 -6.4199 3.7630 111.8177 2.3830 169.0190 0.3761 65.2148 2.5871 24.9931 2.2982 -8.6033 2.1523 78.9920 2.4822 52.3800 2.4202 74.6802 2.5655
2136 135.4301 2.4696 -6.9771 2.9755 109.5681 2.4938 168.9969 0.2374 67.6111 2.3344 27.0917 2.3490 -9.2175 2.5460 81.2052 2.5293 55.2006 2.6077 72.2475 2.5535
2137 137.8036 2.4635 -7.5957 3.1313 107.2544 2.6948 168.4021 0.1096 69.9637 2.5570 29.6699 2.5379 -9.7389 2.6761 83.9161 2.4691 57.5680 2.4250 70.0637 2.2865
2138 140.0000 2.3348 -8.3129 2.9933 104.9868 2.5549 168.3072 0.2552 72.3991 2.6232 32.2283 2.4710 -9.7296 2.7359 86.2416 2.3105 60.0475 2.3508 67.8760 2.5954
2139 142.1823 2.5451 -9.5644 3.5668 102.6983 2.5731 167.7142 0.5504 74.6988 2.2762 34.9632 2.5167 -10.2403 2.8585 88.1520 2.3199 61.8736 2.5741 65.8787 2.3580
2140 144.2966 2.3508 -9.5193 3.8542 100.0381 2.7000 167.2705 0.8187 76.8694 2.3553 36.7744 2.6486 -10.0750 2.9186 90.2389 2.7555 64.1450 2.6224 63.4774 2.6513
2141 146.7033 2.2022 -9.8537 4.2530 97.7540 2.4538 167.1892 1.2675 79.3057 2.5702 39.0080 2.6707 -10.1062 3.0321 92.6490 2.3918 66.0274 2.3065 61.4054 2.5861
2142 148.9611 2.1619 -9.9603 4.4486 95.3502 2.4946 167.1295 1.9302 81.6435 2.5176 41.3287 2.4537 -10.4441 3.1243 94.8041 2.4653 68.1190 2.3930 58.9444 2.7051
2143 151.1138 1.9264 -9.9834 4.4118 93.3354 2.4318 167.3569 2.4698 83.7625 2.4506 43.6208 2.4725 -10.7037 3.3837 96.7641 2.6217 70.1726 2.6766 56.6610 2.5503
2144 153.4126 1.5865 -9.6173 4.1315 91.1222 2.5693 167.3124 2.8794 85.7733 2.5544 45.5729 2.4731 -10.6994 3.5529 98.6482 2.6033 72.6573 2.6427 54.7940 2.4265
2145 155.2336 1.4910 -9.2446 4.3431 88.8355 2.3478 167.3913 3.0736 87.6621 2.5896 47.6733 2.4187 -10.8356 3.5089 99.9509 2.5301 75.0814 2.4302 52.7032 2.4139
2146 157.3261 0.9774 -8.7701 4.1242 86.6276 2.5070 167.5344 3.2790 89.7627 2.6706 49.8518 2.6138 -10.4668 3.8309 101.0590 2.5595 77.2054 2.7218 50.4808 2.3506
2147 159.0513 0.7905 -8.1321 4.1274 84.3087 2.6695 168.1449 3.1373 91.8307 2.6035 52.1963 2.5374 -10.3442 4.2246 101.9347 2.5921 79.4504 2.6977 48.1010 2.2624
2148 160.9061 0.7125 -7.6126 3.4499 81.6439 2.6501 168.1256 3.3860 94.4319 2.2229 54.9311 2.5494 -10.2377 3.8789 102.4915 2.5651 81.8750 2.4452 45.9569 2.1713
2149 162.9099 0.6998 -7.4908 3.6229 79.1834 2.4902 168.3690 3.5367 96.5137 2.4976 56.8120 2.4959 -10.0257 4.0265 102.7179 2.5535 83.9739 2.5204 43.6208 2.3647
2150 164.2877 0.6896 -7.0426 3.8825 76.7992 2.4550 168.8017 3.3462 98.7844 2.4919 59.2248 2.5970 -9.7312 4.0107 102.9822 2.4916 85.1376 2.5290 41.1821 2.4567
2151 165.4367 0.5658 -6.5618 3.8746 74.3538 2.5420 169.1208 3.0164 101.1360 2.4765 61.4881 2.5965 -9.4915 4.3616 103.0689 2.4990 86.6377 2.5469 39.1260 2.4879
2152 166.6603 0.7157 -6.3364 3.9927 72.1079 2.5536 169.2143 2.7481 103.1914 2.3632 63.6422 2.4682 -9.1645 4.5567 102.6154 2.4561 87.7140 2.4941 36.6040 2.3670
2153 167.8756 0.1940 -5.8944 4.3529 69.7248 2.6517 169.4501 2.2811 105.2634 2.4756 66.0182 2.5670 -8.9668 4.5126 101.8547 2.4046 88.1576 2.4914 33.9894 2.6158
2154 168.0662 -0.1211 -5.4930 4.6080 67.5201 2.5765 169.4891 2.0304 107.4125 2.6350 68.3377 2.6263 -8.4963 4.4376 100.8986 2.4097 88.8142 2.5232 31.7574 2.4246
2155 168.6709 -0.2495 -5.3606 4.8486 65.4725 2.4520 169.6766 2.0717 109.3005 2.5457 70.5339 2.6644 -8.7634 4.6292 99.6206 2.4684 89.2673 2.5661 29.7899 2.5433
2156 169.1740 -0.0996 -5.3190 4.4083 63.6144 2.5188 169.3521 2.5961 111.3800 2.5255 72.6870 2.6298 -8.8043 4.5378 97.9041 2.5052 89.5094 2.5081 27.0471 2.6039
2157 169.8735 -0.4699 -5.8854 3.9363 61.7189 2.6195 169.0824 2.2651 113.3572 2.6748 74.8111 2.5296 -9.1761 4.4589 95.8891 2.5723 89.5789 2.4958 24.5287 2.7163
2158 170.3925 -0.4139 -6.3936 3.7247 60.3942 2.6806 169.1757 1.7681 115.9726 2.5815 77.2615 2.5398 -8.9453 4.1862 93.7621 2.3655 89.1079 2.4699 22.5090 2.4154
2159 170.4047 0.2632 -7.0507 3.7770 59.0030 2.6212 169.0122 1.6492 118.2798 2.3112 79.6049 2.5904 -8.5115 3.5536 91.5469 2.3536 87.9486 2.4856 20.1899 2.4665
2160 170.0797 0.5858 -7.4467 3.5267 58.5221 2.4895 168.9194 1.5279 120.6452 2.5022 82.4151 2.5638 -8.3941 2.8585 89.2964 2.5139 87.1419 2.3913 18.1527 2.4242
2161 170.1620 0.8600 -7.9531 2.6607 57.7748 2.5735 168.4899 1.5226 122.6609 2.4345 84.6421 2.4510 -8.2327 2.0522 87.1157 2.5597 85.3922 2.3050 15.7582 2.6065
2162 169.7976 0.8415 -8.4270 2.6616 57.3959 2.5027 167.8678 1.6103 124.5987 2.4364 86.1834 2.5809 -8.2636 1.8990 84.4552 2.5602 83.7383 2.3939 12.9516 2.6030
2163 169.4007 1.1767 -8.7060 2.7944 57.1522 2.5347 167.7615 1.8570 126.4099 2.5578 87.2786 2.4631 -8.8747 1.2352 82.2925 2.5811 81.5734 2.3660 11.1445 2.9217
2164 168.8196 1.1528 -8.3802 2.5050 57.2627 2.4689 168.3296 1.9436 128.3788 2.4606 88.0723 2.3827 -9.5546 0.5267 80.0815 2.5023 79.4754 2.5497 8.9461 2.9640
2165 168.1333 1.1166 -8.2414 2.2009 58.0536 2.4628 168.3688 2.4018 129.5734 2.5048 88.7062 2.5046 -9.9489 0.5489 77.4777 2.5990 77.2086 2.5729 6.8437 3.0918
2166 167.7776 1.0853 -8.0746 1.8814 58.9547 2.6565 168.3751 2.4141 130.2362 2.5194 88.9341 2.4770 -9.8933 0.6396 75.2878 2.6787 75.1372 2.5087 5.2760 3.0667
2167 167.7447 0.3408 -7.7773 1.5374 59.9965 2.5740 168.3094 2.3290 130.8669 2.4208 89.0039 2.4331 -10.0811 0.3848 72.8659 2.5964 72.8466 2.2007 4.1194 3.2768
2168 167.2810 0.0097 -7.1593 1.3910 61.4563 2.4577 168.3676 1.7669 131.0032 2.4342 88.3252 2.4545 -9.6576 0.7387 70.3563 2.3558 70.5362 2.4581 3.1407 3.5446
2169 167.0217 -0.0221 -6.4573 0.8540 63.1147 2.5690 168.1697 1.5497 130.7636 2.4817 88.0058 2.4268 -9.0272 1.1532 68.1359 2.2846 68.2469 2.5221 2.4795 3.5435
2170 167.1130 0.1686 -5.8550 0.6550 64.6775 2.4610 167.8623 0.7275 130.8286 2.4992 87.1510 2.4726 -8.7915 1.5604 65.7947 2.6363 65.9701 2.3550 2.2086 3.4849
2171 166.9966 0.6712 -4.6004 0.8242 66.9036 2.4893 167.5861 0.1419 130.1662 2.4850 86.0811 2.4631 -8.8201 1.8096 63.5504 2.2900 63.7041 2.4732 2.1136 3.5302
2172 166.7195 1.5122 -3.2790 0.7621 69.2639 2.4963 167.5706 0.1028 129.8046 2.5917 84.5831 2.5006 -8.5381 2.1785 61.2746 2.6526 61.4802 2.5233 2.0755 3.3237
2173 166.0016 1.9813 -1.8505 0.8451 71.6363 2.5443 167.4836 0.2327 128.8676 2.4912 82.7135 2.4448 -8.1571 2.4705 58.6063 2.5212 59.4807 2.3561 2.3040 3.4143
2174 165.9604 2.2448 0.2545 0.9789 73.5873 2.2808 167.3805 0.5050 127.5194 2.5805 80.5756 2.4591 -7.4432 2.4293 56.4776 2.6638 57.2535 2.5926 2.4981 3.6556
2175 165.5975 2.5504 2.1170 1.1473 76.1014 2.5923 167.3681 0.5167 125.7843 2.7422 78.1907 2.4552 -7.3122 2.5612 54.1330 2.5152 55.1025 2.5219 3.1288 3.5437
2176 165.6073 2.8177 4.2771 1.5198 78.4193 2.4197 167.7659 0.8748 123.7551 2.6935 75.5736 2.5531 -7.1447 2.9321 51.6515 2.3873 52.6817 2.4051 4.5131 3.5424
2177 165.9747 2.9879 6.4852 1.7921 80.6545 2.3871 167.8433 1.3423 122.2136 2.4965 73.0872 2.3098 -7.2647 2.9280 49.4335 2.3483 50.0093 2.7119 5.9265 3.3297
2178 166.4478 2.7976 8.4562 1.7755 83.0513 2.4233 168.1818 1.3167 120.9785 2.5311 70.6010 2.4438 -6.9252 2.9002 47.2087 2.3994 48.0836 2.5968 8.0171 3.3696
2179 167.0739 2.9491 10.5860 2.0565 85.1990 2.5325 168.5327 1.5540 120.1853 2.5046 68.4281 2.4917 -7.0040 2.9022 44.9993 2.5310 45.7247 2.4686 10.1450 3.4411
2180 168.0732 3.0639 12.9637 2.4685 86.4832 2.4554 168.6013 2.1087 119.1866 2.4446 65.9300 2.4853 -6.6653 2.4818 43.2731 2.4133 43.6220 2.4848 12.3258 2.9137
2181 168.5053 2.8644 15.2859 2.3903 87.9977 2.5029 169.0444 2.6962 118.8881 2.4666 63.4356 2.3906 -6.2802 1.9151 41.4422 2.5443 41.0720 2.4888 14.6535 2.4988
2182 167.9504 2.6873 17.6379 2.5638 89.3738 2.4187 169.3399 3.2516 118.9750 2.5161 60.6871 2.2632 -6.4652 1.5043 39.0991 2.5481 38.6201 2.4329 17.1602 2.4348
2183 167.8350 2.5603 20.0231 2.4237 90.0930 2.5440 169.4608 3.2894 119.2011 2.5260 58.3921 2.5475 -6.1372 0.7960 37.0443 2.7001 36.2011 2.4753 19.1127 2.5604
2184 167.7277 2.7369 22.6147 2.4493 90.7723 2.4482 168.8764 3.8064 118.8540 2.4852 56.2176 2.5456 -5.9844 0.1541 35.8930 2.4090 33.7029 2.5630 21.4765 2.4733
2185 167.5220 2.4606 24.6335 2.3333 91.0531 2.4637 168.6606 3.9249 119.1973 2.4384 53.9834 2.4920 -6.0601 -0.4629 34.1033 2.4003 31.5044 2.5544 23.7734 2.2971
2186 167.6397 2.5433 26.6534 2.8764 91.3140 2.4654 168.2667 4.1304 120.4026 2.5514 52.3899 2.5599 -5.8852 -0.5345 33.2170 2.4893 29.1137 2.4259 26.0527 2.4240
2187 167.2552 2.2465 28.6771 2.5892 90.8007 2.4941 167.5170 4.4226 121.5566 2.3576 50.9646 2.4658 -5.9777 -0.8337 32.1280 2.5588 26.9302 2.4802 28.6051 2.3714
2188 166.3804 2.3018 31.1706 2.2298 90.5471 2.5872 166.7939 4.3630 122.7372 2.2918 49.8815 2.5220 -5.9820 -0.8937 31.0786 2.4889 24.8442 2.7443 30.3085 2.4473
2189 165.5145 2.4181 33.2636 2.4469 89.6825 2.6068 165.2685 4.3655 123.6165 2.3567 49.1082 2.6464 -5.7722 -0.2673 30.5391 2.5275 22.5906 2.5775 32.5546 2.4390
2190 164.4246 2.6603 35.5004 2.6517 88.8126 2.5113 164.0466 4.4482 124.6482 2.5150 48.8351 2.4541 -5.8162 0.4687 30.2760 2.4805 20.4154 2.6810 34.7632 2.4110
2191 162.9232 2.5220 37.4845 2.7628 86.8775 2.3138 162.7487 4.2928 125.6784 2.4782 48.4275 2.5066 -5.9636 0.7639 30.3440 2.4336 17.9021 2.4836 36.9571 2.7082
2192 161.1843 1.8843 40.0803 2.6117 85.3707 2.4873 161.3850 4.2094 126.3769 2.5800 48.4299 2.4931 -6.1143 1.3747 31.0048 2.4839 15.7861 2.6820 39.0489 2.3718
2193 159.2449 2.0286 42.4738 2.6926 83.5027 2.5809 159.4853 4.0215 126.9881 2.5238 48.9818 2.4961 -5.8358 1.5355 31.7009 2.3877 13.3116 2.6621 41.1782 2.1665
2194 157.8432 2.1654 44.7675 2.2156 80.8227 2.6925 157.3700 3.7445 127.3664 2.5616 49.5604 2.4614 -5.2140 2.2337 32.5084 2.4112 11.2844 2.7979 43.3515 2.5664
2195 156.6191 2.2519 47.1466 2.3606 78.6465 2.6282 155.2571 3.3388 127.2802 2.5095 50.8281 2.5642 -5.0230 2.6271 34.0625 2.3408 8.7943 2.7408 45.7415 2.7545
2196 155.7562 2.4137 49.2015 2.3481 76.3661 2.3762 153.0801 2.7794 127.2221 2.4934 51.9284 2.4996 -5.1538 2.9809 35.6391 2.5308 6.7638 2.7515 48.2848 2.8395
2197 155.4903 2.6333 51.3035 2.4363 74.3981 2.3512 150.9055 2.8056 126.6007 2.4851 53.6759 2.4991 -5.1826 3.9297 37.8990 2.2651 4.8518 2.5666 50.8721 2.7126
2198 155.0548 2.4898 53.6423 2.4428 71.9518 2.6201 148.9514 2.6316 125.9841 2.4904 55.0704 2.6189 -5.3028 4.4894 40.1212 2.3265 3.0432 2.1139 53.1878 2.5443
2199 154.5080 2.4159 56.0647 2.4554 70.0736 2.3515 146.5375 2.6621 124.3862 2.4451 57.1454 2.4942 -5.9465 4.8488 42.4674 2.1772 1.3851 1.7792 55.7414 2.7710
2200 154.2549 2.6353 58.4841 2.3405 67.9326 2.3856 144.9995 2.5477 123.0936 2.5241 59.7352 2.4031 -6.5334 5.3901 44.6491 2.3855 -0.1163 1.8812 58.2189 2.4356
2201 154.3537 2.8155 60.7089 2.3035 65.7529 2.5172 143.2226 2.6432 121.5421 2.3972 61.6815 2.2645 -6.7644 5.1438 46.9618 2.4626 -1.4801 1.5492 60.4933 2.4812
2202 154.6543 3.0883 62.9668 2.5628 64.0000 2.7470 141.9921 2.5328 119.7546 2.4603 64.0315 2.4299 -7.3628 4.9336 49.2825 2.3329 -2.1195 1.4893 62.7534 2.5388
2203 155.8208 3.2980 65.2821 2.5765 61.6524 2.5156 140.5280 2.5858 117.3128 2.1945 66.3623 2.6306 -7.5995 4.5004 51.6921 2.3479 -2.6317 1.6821 65.1523 2.6258
2204 157.0370 3.8980 67.7976 2.4911 59.9529 2.5550 139.9924 2.5176 115.2941 2.4794 68.5489 2.4655 -8.1994 3.9883 54.1640 2.4633 -4.0271 1.7118 67.5250 2.7741
2205 157.9938 4.1606 70.1805 2.3089 58.7187 2.5804 139.7061 2.4703 112.8234 2.3909 71.0947 2.3195 -8.1274 3.6217 56.3986 2.4929 -4.3449 1.7129 69.8395 2.3067
2206 159.0293 4.5625 72.2772 2.3191 57.5604 2.5468 139.4455 2.4921 110.5268 2.5590 73.3795 2.3137 -7.5885 3.1315 59.0827 2.6267 -4.8083 1.9585 71.8505 2.5459
2207 160.0994 4.6642 74.7146 2.3361 56.6788 2.4511 139.7177 2.4378 108.2644 2.5502 75.9015 2.1745 -7.3982 2.7893 61.4114 2.6983 -5.3088 1.7693 73.6377 2.4622
2208 161.0111 4.7249 77.4222 2.4344 55.9006 2.5095 140.4294 2.5923 106.2743 2.4750 77.8100 2.6106 -6.4860 2.2726 64.2783 2.8169 -5.5212 1.4912 75.9385 2.5986
2209 162.1805 4.7147 79.6848 2.3821 55.2038 2.5833 141.3498 2.5600 103.8748 2.6186 79.8844 2.7076 -6.0186 2.0591 66.4371 2.7602 -4.9004 1.3119 77.9494 2.6192
2210 162.8898 4.4985 82.0413 2.4169 54.6484 2.4772 142.4395 2.5313 101.8910 2.6198 82.1021 2.5153 -5.2606 2.1482 68.7470 2.6044 -4.8165 1.1705 80.3203 2.4622
2211 162.9178 4.5991 84.1330 2.5583 54.6482 2.5045 143.6242 2.4918 99.4277 2.4360 84.2398 2.4730 -4.5309 1.7496 70.9893 2.5352 -4.4569 1.0862 82.7580 2.5850
2212 163.0672 4.5552 86.7499 2.4569 54.6777 2.4437 145.4372 2.5710 97.3769 2.3207 86.4603 2.4650 -3.5704 1.2613 72.8929 2.5939 -4.2038 1.4517 85.4012 2.3339
2213 162.7382 4.4826 88.6743 2.6230 55.6597 2.4328 147.5591 2.4981 95.5547 2.5113 88.1766 2.4629 -2.0222 1.0088 75.2116 2.5871 -4.1350 2.3151 87.6305 2.5216
2214 161.9572 4.2412 90.7636 2.4823 56.3743 2.3962 149.0874 2.3831 93.5492 2.5074 89.8219 2.3800 -0.9416 0.9667 77.2505 2.6637 -4.3556 2.8910 89.8613 2.5339
2215 160.6246 4.2600 93.1822 2.6624 57.8468 2.3655 150.4351 2.5785 92.3470 2.4319 91.2422 2.4249 -0.1128 0.8604 79.3418 2.6441 -4.7051 3.5504 92.3607 2.4879
2216 159.2511 4.1804 95.3443 2.4636 59.4274 2.5365 151.9297 2.6223 91.3190 2.5035 92.3554 2.4301 0.7974 1.1053 81.3706 2.5684 -4.6757 3.1342 94.4763 2.5160
2217 157.6783 4.2391 97.2952 2.3431 61.5910 2.5267 152.6326 2.5183 90.7083 2.5091 92.8622 2.4903 1.4809 1.4143 83.9373 2.6609 -4.6528 3.2275 96.6903 2.3307
2218 156.0073 4.1190 99.2369 2.6376 63.7627 2.3009 153.4288 2.4575 90.1090 2.4805 93.3117 2.5262 2.0737 1.9987 86.0804 2.6224 -4.8526 3.1877 99.0356 2.4568
2219 154.0955 3.6640 101.4333 2.3044 66.2838 2.3960 153.8839 2.5501 89.9163 2.5111 93.3534 2.5690 2.1866 2.6257 88.3193 2.5809 -5.0686 2.9731 101.6572 2.3349
2220 151.9480 3.2380 104.0648 2.2643 68.5645 2.4038 154.2285 2.4125 90.3304 2.6001 93.7661 2.5371 2.1886 3.2249 90.2780 2.5021 -4.8596 2.8832 104.1363 2.5086
2221 149.9759 2.9480 106.0086 2.3041 70.4945 2.4754 154.1849 2.4568 90.6257 2.5350 93.0970 2.4636 1.6510 3.6174 92.7276 2.5647 -4.8179 3.1855 106.6255 2.5447
2222 148.0523 2.9918 108.1658 2.3627 72.1892 2.3727 154.1171 2.2954 91.5841 2.4787 91.8430 2.4478 1.3050 4.1231 95.0349 2.4956 -4.7885 3.2492 108.4640 2.3197
2223 145.6776 2.5986 110.2699 2.4990 73.7411 2.3619 153.2899 2.3511 92.8258 2.3836 90.8007 2.5487 0.4495 4.1523 96.9802 2.4863 -5.1308 3.8070 110.6307 2.4966
2224 143.1247 2.5041 112.6557 2.4730 75.2042 2.3766 152.7442 2.5218 93.9857 2.4446 89.7666 2.4737 -0.6670 4.1178 99.2535 2.5753 -5.6800 3.7884 112.3407 2.4188
2225 140.6763 2.3373 115.0056 2.6450 76.0343 2.3377 151.2816 2.5287 95.4797 2.5956 88.4794 2.5925 -1.8449 3.9924 101.7171 2.6000 -6.0257 3.2866 113.5786 2.5152
2226 138.5211 2.4930 117.0416 2.4302 76.5669 2.3750 149.7762 2.5116 97.1529 2.4737 87.3918 2.5766 -2.8611 3.5213 103.7714 2.3700 -6.4475 2.6713 114.1200 2.4040
2227 136.4583 2.5769 119.1471 2.4652 76.8643 2.4436 147.9270 2.3995 98.3875 2.6936 86.5604 2.5301 -4.1715 2.9580 105.9459 2.2159 -6.5949 2.6194 114.6132 2.4034
2228 134.4069 2.5380 120.4352 2.6026 76.9325 2.4527 146.3366 2.6250 99.3759 2.4545 85.8994 2.4751 -4.8333 2.5303 108.1686 2.4466 -7.3977 1.9008 114.9179 2.5431
2229 132.6043 2.5596 121.8081 2.5750 76.5396 2.4758 144.7647 2.7326 99.8974 2.4776 85.5227 2.4894 -4.9411 2.0941 110.1881 2.3621 -7.1632 1.5200 114.7141 2.4873
2230 130.4383 2.4666 123.0598 2.4902 75.9759 2.5512 143.2696 2.5073 100.3442 2.4390 85.0677 2.5142 -5.3757 1.7911 112.1652 2.3597 -7.5602 1.1732 114.7807 2.4807
2231 128.1465 2.5659 123.9502 2.5962 75.4936 2.5753 141.7145 2.4532 99.6740 2.4841 84.9693 2.5879 -5.6744 2.0415 114.2903 2.3532 -7.9934 1.5567 114.3651 2.5997
2232 126.3737 2.4644 124.8467 2.4339 73.9858 2.6152 141.0887 2.4649 99.7652 2.5917 85.4546 2.6115 -5.7397 2.2319 116.3373 2.5290 -8.6717 1.9041 113.8436 2.6055
2233 123.7038 2.4735 125.2418 2.5345 72.4621 2.7385 140.2573 2.5885 98.9567 2.5721 86.1467 2.5253 -5.8209 2.4786 118.0663 2.3921 -9.0092 2.0777 112.6703 2.5388
2234 121.2882 2.4701 124.8874 2.4601 70.3521 2.6408 139.7297 2.4664 98.3986 2.6308 87.1034 2.6435 -6.1011 2.4321 119.5112 2.4074 -9.3185 2.0877 111.1520 2.5881
2235 118.9216 2.5812 124.3927 2.4579 68.3865 2.6541 139.2892 2.4498 97.5001 2.5967 88.6951 2.5820 -6.3812 2.4027 120.7280 2.4139 -9.7308 1.7097 109.3500 2.6278
2236 116.8880 2.8362 124.1711 2.5580 65.9949 2.5701 139.5524 2.4242 95.8286 2.5458 89.6424 2.5700 -6.4437 1.6854 121.6697 2.5124 -9.4232 1.4635 107.1287 2.6254
2237 114.6374 2.4731 123.1513 2.3944 63.7741 2.4163 139.8052 2.4894 93.7939 2.6350 90.2941 2.5221 -6.3865 1.2801 122.6685 2.6184 -8.9493 1.8651 105.2231 2.3614
2238 112.4025 2.4860 121.9764 2.2837 61.7134 2.5038 140.3131 2.5954 91.9086 2.5824 91.1678 2.4273 -6.1180 1.1263 123.3963 2.4645 -8.4045 2.0560 102.6205 2.6077
2239 110.4019 2.5359 120.2496 2.3177 59.7000 2.3202 141.5999 2.6099 89.7490 2.4209 91.7046 2.4448 -5.9102 1.0453 123.9686 2.4628 -8.1570 2.1280 100.2810 2.5708
2240 107.8449 2.4348 118.6057 2.5128 57.4485 2.4039 142.6307 2.6659 87.5018 2.4067 92.3468 2.4609 -5.7230 1.3008 124.1261 2.5349 -7.9249 2.6144 97.7590 2.5829
2241 105.5154 2.4890 116.2657 2.4363 55.1942 2.4581 144.0798 2.5767 85.0011 2.5164 92.6230 2.5767 -5.1901 1.4941 123.8028 2.5013 -8.0917 2.9086 95.4566 2.4830
2242 103.0923 2.6195 114.0520 2.6426 53.3247 2.6511 146.0916 2.8439 82.3920 2.3836 92.7419 2.5560 -4.8927 2.1376 123.4423 2.5503 -8.4685 3.6380 93.4715 2.5536
2243 101.0204 2.7094 111.4831 2.5863 51.0214 2.5096 148.0793 2.9128 80.0810 2.4548 92.2437 2.4850 -4.3585 2.3911 123.2035 2.5250 -8.4578 3.9658 91.4977 2.4525
2244 98.9846 2.5583 109.0377 2.4712 48.3992 2.5772 149.8870 3.0720 78.2002 2.4675 92.2209 2.5951 -4.3771 2.4347 122.4207 2.5108 -8.4421 4.7064 89.4777 2.3850
2245 96.7657 2.2074 106.4820 2.4062 46.3103 2.3094 152.1048 3.3041 75.8512 2.2944 91.3404 2.6508 -4.5697 2.3354 121.6832 2.5397 -8.2884 5.2318 87.1316 2.2654
2246 94.3011 2.1824 104.2448 2.5555 44.1967 2.4192 154.4000 3.3172 73.7576 2.3413 90.2242 2.7131 -4.9312 2.2434 121.5774 2.5624 -8.1539 5.6345 84.6779 2.5365
2247 92.2083 2.3695 102.0911 2.3541 42.2120 2.4507 156.8019 3.4230 71.8405 2.4627 88.7019 2.6480 -4.8487 2.3884 121.3528 2.5325 -7.9338 5.5960 82.4238 2.2899
2248 89.8875 2.6224 100.1134 2.3818 39.2880 2.5194 158.8500 3.5341 69.6109 2.4978 87.0770 2.4913 -4.7517 2.7169 120.9702 2.5238 -7.1599 5.7335 80.0767 2.3784
2249 87.7674 2.6532 97.7778 2.5531 36.6294 2.6270 161.0810 3.6878 67.2961 2.4436 84.5632 2.5293 -4.5885 2.8865 120.5508 2.4809 -6.3241 5.7197 77.6868 2.4212
2250 85.6265 2.6603 95.2586 2.7079 34.5640 2.4585 163.1732 3.4685 64.8466 2.3951 81.8423 2.4935 -4.8645 3.3608 120.9715 2.4487 -6.3826 5.4068 75.1160 2.3819
2251 83.3325 2.6307 92.9386 2.6976 32.3500 2.4787 164.6460 3.0825 62.7076 2.1917 79.3760 2.5868 -4.7095 3.8627 121.7901 2.5690 -6.1493 5.2349 73.0300 2.3966
2252 81.0484 2.7039 90.5213 2.3156 30.1170 2.4446 166.0294 3.1417 60.5949 2.3456 77.1674 2.3271 -5.5190 4.4321 122.6334 2.6402 -6.2526 4.9721 71.3774 2.3810
2253 78.8416 2.3681 88.5656 2.3620 28.0184 2.6700 167.1715 3.2607 58.5819 2.4086 74.8503 2.5253 -5.8598 4.4856 123.6915 2.5046 -5.6383 5.0257 69.5541 2.4515
2254 76.5184 2.4084 86.5535 2.5306 25.9846 2.6943 168.4843 3.2400 56.4000 2.2889 72.6693 2.4539 -6.6140 4.6230 125.1982 2.4075 -5.6818 4.8668 68.5700 2.4674
2255 74.2769 2.3409 83.9948 2.4364 23.1844 2.7175 168.7561 3.2679 53.9302 2.3075 71.0409 2.5895 -6.5818 4.7978 127.2004 2.4934 -5.4690 5.1171 67.9979 2.4956
2256 72.8240 2.3444 82.0647 2.3129 21.0740 2.7171 168.7664 3.3199 51.5738 2.2809 69.5530 2.4982 -6.9689 4.9476 129.7070 2.4883 -5.2248 4.8142 67.2706 2.4596
2257 71.3128 2.5158 79.7537 2.6790 18.6646 2.5887 168.8007 3.3338 49.2794 2.1800 68.6777 2.5548 -7.2225 4.5476 131.8230 2.3975 -5.0845 4.9376 67.1261 2.4966
2258 69.8285 2.6236 77.1567 2.5185 16.4159 2.6456 169.1819 2.6948 46.7749 2.2973 67.2452 2.5998 -7.6520 4.7035 134.0587 2.4592 -4.9113 4.7978 67.0385 2.4932
2259 69.3011 2.6441 74.9326 2.4523 13.7700 2.6459 169.2021 2.3142 44.5654 2.3318 66.8023 2.5217 -8.0253 5.1494 136.5490 2.5617 -5.0954 4.5851 67.0056 2.4155
2260 68.4211 2.5624 72.9693 2.5507 11.9348 2.4813 168.7853 1.7575 42.4414 2.2735 66.1329 2.5363 -8.2102 5.1253 138.9774 2.4551 -5.4536 3.9010 67.3763 2.4872
2261 68.1245 2.5027 70.7586 2.6462 10.0452 2.2952 168.6438 1.4223 40.0089 2.3546 66.1465 2.4816 -8.2121 5.0625 140.9432 2.4011 -6.3039 3.7258 68.3997 2.6440
2262 68.1103 2.5288 68.3890 2.6016 8.2896 1.8562 168.9361 1.0467 37.7405 2.7080 66.2742 2.5218 -8.1017 5.1523 143.2928 2.5288 -6.7982 3.3566 69.3772 2.4744
2263 68.5698 2.4810 66.2610 2.6397 6.1826 1.5342 168.8496 0.6243 35.9657 2.2770 66.8672 2.5363 -8.0846 4.8210 145.6091 2.3995 -6.9230 2.9565 70.3220 2.4818
2264 69.1013 2.4693 63.7244 2.2994 3.7009 1.1783 168.3316 0.2662 33.5153 2.4812 67.2807 2.5959 -7.9820 4.0375 147.8795 2.3432 -7.2237 2.6436 71.8256 2.4413
2265 70.0183 2.4773 61.5721 2.3276 2.4586 0.5414 168.2914 0.5210 31.1408 2.3049 67.7466 2.6190 -7.8152 3.0161 150.0351 2.1808 -7.6659 2.2562 73.6996 2.5040
2266 70.9126 2.4281 59.1563 2.4469 1.1239 0.3745 168.5383 0.9349 28.5301 2.4866 68.2859 2.5482 -7.5420 2.5955 152.1950 1.6817 -7.4533 1.9795 75.7704 2.5491
2267 72.3507 2.5276 56.9231 2.5037 -0.0994 0.4404 168.9932 0.9745 26.3102 2.5821 69.2830 2.4954 -7.3038 1.8023 154.2760 1.8135 -7.5240 1.8829 77.9459 2.5449
2268 73.8672 2.5450 54.6870 2.5007 -1.3089 -0.0661 168.9643 1.2516 23.9552 2.5305 69.7043 2.4249 -6.5556 1.4084 155.7214 1.5130 -7.1577 1.7628 80.0066 2.4365
2269 75.3784 2.5670 52.4829 2.5291 -2.2662 0.1929 168.7950 1.6655 21.6203 2.6198 70.1561 2.5423 -6.7071 1.1158 157.3119 1.3980 -6.8759 1.7422 82.5782 2.6379
2270 76.9283 2.5714 50.1302 2.4734 -2.6669 0.1444 169.3588 2.2039 19.0918 2.6024 70.4084 2.5504 -6.9125 1.3807 158.7539 1.5889 -6.6525 1.8689 84.8206 2.6693
2271 78.3598 2.3935 48.1268 2.5151 -3.1626 0.1938 170.0831 2.4489 16.6086 2.5420 70.6025 2.4013 -7.0769 1.6924 159.6114 1.3994 -6.7133 1.8145 87.0937 2.6998
2272 79.2536 2.5103 46.1075 2.4587 -2.8831 0.1979 170.4307 2.9675 14.0591 2.5424 70.4145 2.4144 -7.3728 1.8526 160.6130 1.1951 -6.6041 1.9414 89.5285 2.4507
2273 80.2000 2.4776 43.8314 2.6335 -2.5706 0.2172 170.6409 3.2141 11.8206 2.3510 69.5460 2.4184 -7.6118 1.5958 161.9518 0.6098 -6.5617 2.5576 91.7633 2.2435
2274 80.9615 2.4872 41.7310 2.5311 -2.1242 0.4829 170.9872 3.4438 9.4939 2.2505 68.9283 2.4176 -7.5995 2.0500 163.1358 0.6764 -6.1806 2.4909 94.0650 2.3354
2275 81.5884 2.4351 39.3016 2.6311 -0.9779 0.4771 171.0626 4.1507 7.8584 2.3355 68.1136 2.4561 -7.8308 2.3178 164.3065 0.4844 -6.0188 2.5814 96.3109 2.3062
2276 81.6125 2.5976 36.6628 2.5273 0.3634 0.4864 171.2220 4.1821 6.1588 2.3492 66.8635 2.4524 -8.1971 2.5015 165.2724 -0.0292 -5.6211 3.1406 98.5215 2.4288
2277 81.5647 2.4599 34.7315 2.4828 1.7888 0.8061 171.1957 4.0333 4.8250 2.6186 65.2961 2.5606 -8.0685 2.3249 165.9220 -0.3687 -5.3707 3.8422 100.4364 2.3653
2278 80.6208 2.3779 32.5595 2.5530 3.5622 1.0492 170.8927 3.8648 2.9601 2.9903 63.0240 2.5374 -7.9288 2.4860 165.8933 -0.7130 -5.6346 4.3211 103.1411 2.6026
2279 79.5089 2.4404 30.8065 2.3473 5.5094 1.3397 170.5852 3.6006 1.0607 3.6063 60.6570 2.5163 -8.0371 2.6416 166.4181 -0.6616 -5.8660 5.0429 105.3450 2.4971
2280 78.1400 2.5673 29.0267 2.5145 6.9943 1.6816 170.3696 3.2569 -0.4491 3.7588 58.1909 2.6424 -7.5537 2.8329 166.6446 -0.8674 -6.0430 5.3119 108.0792 2.5186
2281 75.9987 2.5805 28.0153 2.4470 8.0821 1.9837 170.2238 2.7474 -1.6321 4.1662 56.0229 2.5231 -7.5616 3.3397 167.0445 -0.6797 -6.7152 5.8461 110.3376 2.6904
2282 74.1120 2.7440 26.9624 2.5320 9.4879 2.3136 169.6634 2.1094 -3.6077 3.9930 53.7045 2.6752 -7.2064 3.6872 168.3202 -0.5972 -7.1545 5.7780 112.5598 2.3882
2283 72.0554 2.6384 25.9572 2.4900 10.3630 2.2162 169.2126 1.6974 -5.0220 3.9570 51.2252 2.6497 -6.9479 3.9550 168.7847 -0.5594 -8.0809 5.6733 114.8654 2.5659
2284 69.4151 2.4442 25.1773 2.5253 10.7884 2.3133 168.4990 1.3161 -5.8938 4.1664 49.0551 2.5254 -7.2911 3.9649 169.2605 -0.3958 -8.2877 5.0527 117.2162 2.3949
2285 66.9839 2.6735 24.5524 2.5872 11.2341 2.4487 167.7905 0.8798 -6.9023 4.2496 46.8629 2.4488 -7.3452 4.4191 169.7591 0.5525 -8.4202 4.3714 119.4700 2.3220
2286 65.1514 2.3278 24.8895 2.4595 11.2517 2.5513 167.2309 0.8895 -7.6335 4.2005 44.2460 2.4057 -6.9885 4.7267 170.6909 0.5461 -8.5150 3.8038 121.8157 2.5254
2287 62.7755 2.5707 25.4855 2.4306 11.0152 2.5463 166.2882 0.4058 -7.7950 4.5547 41.5620 2.3329 -7.0130 5.0080 170.5695 0.1525 -8.7510 3.0725 123.9850 2.5962
2288 60.5558 2.5821 26.4442 2.5295 10.5620 2.6086 165.1359 0.3634 -8.4987 4.5522 39.3813 2.4882 -6.8201 4.8659 170.6177 0.4450 -8.9138 2.3348 126.2243 2.3892
2289 57.8999 2.5631 27.3951 2.4788 9.8124 2.6505 163.4760 0.6707 -8.8670 4.4515 36.9312 2.7219 -6.3392 5.0287 170.8372 0.8360 -8.8659 2.2085 128.4919 2.4562
2290 55.4406 2.3539 28.7214 2.3447 8.6447 2.5546 162.1375 0.6533 -9.4315 4.6024 35.3506 2.6949 -6.3057 4.4618 170.8470 1.0323 -8.6054 2.1138 130.3537 2.7017
2291 53.1975 2.5655 30.2338 2.4769 6.8591 2.5353 160.7556 1.0057 -9.7165 5.0327 33.7536 2.5511 -6.1471 4.0135 171.1873 1.3972 -8.1800 1.6793 132.4564 2.5068
2292 50.8976 2.5673 31.6715 2.4064 5.1865 2.2944 158.9467 1.4477 -9.6165 4.8684 32.3189 2.5394 -6.2783 3.9872 171.0195 1.9395 -7.9381 1.2254 134.4542 2.4413
2293 48.1193 2.3483 33.9371 2.4908 2.9150 2.1266 157.3178 1.9107 -9.5582 4.7366 31.0053 2.6564 -6.3643 4.0156 170.7899 2.6482 -7.0835 0.9567 137.1197 2.4491
2294 45.9453 2.4188 36.0819 2.4169 0.7302 2.1477 156.4358 2.0096 -9.2255 4.4553 29.9864 2.5525 -6.5192 4.5898 170.9152 2.7829 -6.1482 1.0227 139.5769 2.2530
2295 43.7440 2.5786 38.2643 2.4708 -0.9761 2.1364 155.2414 2.3210 -8.7809 3.9828 29.6250 2.6015 -6.2918 5.0782 171.1649 3.1195 -4.9786 0.7952 142.2848 2.2956
2296 41.4489 2.3852 39.8220 2.6252 -2.6441 1.9088 153.9375 2.5222 -8.6266 3.2218 29.5737 2.4528 -6.1992 5.2535 171.1777 3.3857 -3.2982 0.8501 144.5736 2.4354
2297 39.0719 2.5870 41.4127 2.5098 -4.0325 1.6482 153.4840 2.7428 -8.4341 3.4181 30.0866 2.5142 -6.0585 5.3030 171.0316 3.2642 -1.3624 1.1037 146.7754 2.5163
2298 37.1773 2.3293 42.7904 2.4714 -5.0960 1.3103 152.5212 2.6535 -8.0633 3.3017 30.4942 2.5126 -5.8740 5.3572 170.6115 3.5986 0.5097 1.1625 149.0509 2.2243
2299 34.2797 2.2767 43.8693 2.4361 -5.8165 0.6827 152.3725 2.6429 -7.6390 3.9154 31.2285 2.4531 -5.5559 5.5616 170.2336 3.2615 2.4336 1.2324 151.3658 1.8077
2300 32.3112 2.5997 44.9708 2.4869 -6.5870 0.3710 152.0315 2.5443 -7.5536 4.1522 32.2405 2.4720 -5.3988 5.3949 169.9125 3.5855 4.3089 1.5497 153.2112 1.6159
2301 30.0420 2.5391 45.8777 2.4103 -7.1659 0.5086 151.6585 2.5338 -6.9772 4.6009 33.1283 2.5019 -5.3762 5.4780 169.3062 3.1293 6.9027 1.9696 155.3412 1.0865
2302 28.0261 2.5946 46.3797 2.5374 -7.7120 0.2987 152.0133 2.6171 -6.5116 4.6297 34.9013 2.4739 -5.3012 5.0239 168.6640 3.1544 8.6069 2.1957 157.3183 0.9065
2303 25.8243 2.4117 46.6279 2.4241 -8.0029 -0.2424 152.5159 2.7092 -6.0988 4.0238 36.3841 2.4220 -4.8032 5.0736 168.4113 3.0488 10.5305 2.5260 159.5772 0.4867
2304 23.6989 2.3051 46.8636 2.4963 -8.1073 -0.3865 153.3932 2.8662 -5.8575 3.5583 38.7205 2.5453 -5.3364 5.1339 168.4132 3.0602 12.9297 2.3412 161.7208 0.6220
2305 21.4583 2.6391 46.1282 2.6016 -8.3089 -0.6329 154.5521 3.1034 -5.9342 3.3050 40.9659 2.5849 -5.6263 4.7863 168.1798 2.7776 14.8352 2.4014 163.3250 0.7318
2306 18.7799 2.5909 45.1837 2.4904 -8.6934 -0.7093 155.5919 3.6184 -6.4397 3.0223 43.0627 2.7681 -5.9258 4.2736 167.8299 2.8739 17.0932 2.4410 164.7828 0.7709
2307 16.9819 2.5281 44.0406 2.5261 -9.0193 -0.8597 156.8999 3.6964 -6.5959 2.9832 45.2840 2.4113 -6.4525 4.7608 167.3640 3.0995 19.1940 2.4712 165.6816 1.0827
2308 14.7137 2.5588 42.5481 2.5674 -8.9981 -0.9563 158.7468 3.8405 -7.3032 2.7903 47.5535 2.2589 -7.3564 5.1562 166.5753 3.2674 21.5063 2.5725 166.6753 1.2364
2309 12.3854 2.6483 41.3126 2.5619 -8.8247 -0.6843 160.3664 4.2050 -7.7930 3.0561 49.8602 2.3968 -7.7879 5.4175 166.0349 3.0568 23.6369 2.8922 167.4227 1.4619
2310 10.3624 2.7255 39.6534 2.2548 -8.4733 -0.3048 162.5812 4.5585 -8.0912 2.6686 52.3295 2.4719 -7.9305 5.3800 165.5644 2.6644 25.5790 2.6903 168.5362 1.3229
2311 8.4309 2.9722 37.2199 2.4292 -8.4053 0.1004 164.2532 4.6056 -8.5120 2.7727 54.3051 2.4349 -8.0028 5.7409 164.9634 2.4539 28.0270 2.4674 169.5699 1.1184
2312 6.2844 3.1084 34.7931 2.5492 -8.1752 0.4194 165.6369 4.5665 -8.4517 2.3632 56.6878 2.3743 -8.4611 5.4011 165.3105 1.9624 30.2952 2.5833 170.4985 1.2104
2313 4.7576 2.7062 32.6675 2.5507 -8.3558 1.0835 166.7627 4.3379 -8.0969 1.9790 59.0184 2.5513 -8.3552 5.3185 165.5713 1.3483 32.5668 2.3016 171.3413 1.3770
2314 3.4073 2.8268 30.2006 2.6412 -8.7590 1.3170 167.9407 4.4915 -7.7545 1.8012 61.3695 2.4979 -8.1217 5.1306 165.8151 0.9828 34.7628 2.3603 171.7695 1.8291
2315 1.9699 2.7014 27.9114 2.6170 -9.3023 1.5064 169.0940 4.8631 -7.7246 1.3081 64.0744 2.4701 -7.6900 4.6723 166.3869 0.3499 37.1519 2.3835 171.8941 2.3290
2316 0.9996 2.3470 25.7345 2.5841 -9.9897 1.2626 169.3836 5.2611 -7.3497 0.9773 66.0656 2.5132 -7.4343 4.3544 166.8841 0.1541 39.1212 2.8616 171.7688 2.5943
2317 -0.2774 2.2504 23.4590 2.4982 -10.1006 0.8458 169.4003 5.5917 -6.9893 0.6408 67.8330 2.5497 -7.3535 3.4168 167.1757 0.2409 41.4458 2.5806 171.6410 3.3803
2318 -1.5165 2.2730 21.2351 2.7514 -10.5847 1.0365 169.9021 5.3794 -6.6291 0.4001 69.1175 2.5690 -7.3215 2.7609 167.2426 0.3197 43.3497 2.2597 171.2632 4.0434
2319 -2.5012 2.5254 19.0781 2.5463 -10.8406 1.0611 170.1708 5.2290 -5.9129 0.4093 70.0579 2.5673 -7.2344 2.4714 166.6156 0.4852 45.2095 2.4199 170.8084 4.3190
2320 -3.3501 2.2748 16.8250 2.4747 -10.8486 1.0179 170.5065 5.0702 -4.9694 0.6466 71.2179 2.4041 -7.1434 2.4200 166.1490 0.6161 46.5282 2.6591 170.5421 4.7223
2321 -4.2910 1.9268 14.6947 2.1570 -10.1775 0.6298 170.6110 4.3361 -3.8227 0.7966 71.4953 2.4630 -7.0581 1.8588 165.7390 0.6845 47.3897 2.5579 169.9262 4.6520
2322 -5.2077 1.7140 12.8465 2.1148 -9.5389 0.8828 170.8630 3.8602 -2.5207 0.7905 71.6273 2.4819 -6.6996 1.5611 165.2834 0.7190 48.0356 2.5914 169.1290 4.0326
2323 -5.7885 1.4361 11.0297 1.9171 -8.6325 1.3776 170.5544 3.3814 -0.7410 0.8234 71.7425 2.5084 -6.4879 1.5034 164.3280 0.8874 48.8365 2.4483 169.2512 3.3965
2324 -6.2739 1.0511 9.1827 2.2792 -7.9501 1.7736 170.6129 2.9489 0.9883 0.8277 71.1749 2.4109 -6.3727 0.8221 164.1986 1.1343 49.3640 2.5024 168.6402 2.9846
2325 -6.4485 0.3441 7.3173 2.4361 -7.1385 1.9269 170.5097 2.4025 2.4861 1.3446 70.3516 2.6277 -6.3516 0.3705 164.2158 1.1363 49.3322 2.5754 168.2571 2.7927
2326 -6.8619 0.2048 6.3063 2.3243 -6.6051 2.3215 170.2422 2.1247 4.0311 1.8658 69.1039 2.4811 -6.5482 -0.2259 164.2618 1.3964 48.9413 2.4671 168.0804 2.5844
2327 -6.8807 -0.2048 5.1798 2.1335 -5.7484 2.7497 169.9309 1.8406 6.0431 1.9227 67.7859 2.4267 -6.8512 -0.6306 164.4544 2.2271 48.2955 2.6301 167.7234 2.2466
2328 -7.0066 -0.2639 4.6324 2.1346 -5.2209 3.0887 169.5962 1.8141 7.5738 1.9836 65.7035 2.3579 -7.7601 -1.0396 164.4824 2.7531 47.3294 2.5840 167.6989 1.8366
2329 -7.1960 0.1644 4.0517 2.1735 -4.6928 3.0371 169.6163 1.3304 9.1329 2.5586 63.2812 2.6492 -7.9529 -0.7799 164.7455 3.1576 45.9736 2.6897 167.5150 1.8579
2330 -7.7899 0.3022 3.8766 2.3885 -3.9382 3.5534 169.2344 1.2354 11.1464 2.4453 61.1524 2.4851 -8.3687 -0.8274 164.4608 3.6738 44.8167 2.5277 167.8388 2.2174
2331 -8.2204 0.1624 4.1157 2.1773 -3.2500 3.2686 168.8239 1.0369 13.2233 2.6804 59.1128 2.6845 -8.9370 -0.5614 164.4930 4.2215 43.0802 2.5487 168.2483 2.3576
2332 -8.5876 0.0186 4.4998 2.2985 -2.8669 3.2098 168.6181 1.2950 15.2036 2.5736 56.9155 2.4511 -8.9746 -0.0436 164.4560 4.3334 41.2324 2.3745 168.4149 2.2111
2333 -8.7191 0.0267 5.6410 2.3018 -2.1498 2.9837 168.4625 0.9398 16.3472 2.5130 54.4158 2.5091 -9.1184 -0.2204 164.5623 4.7365 39.0112 2.5805 168.2185 1.9718
2334 -8.9350 -0.1948 6.6705 2.3709 -1.5346 2.7462 168.0796 0.7575 17.6714 2.5560 52.1511 2.5352 -9.1459 0.2560 164.9004 4.9069 36.6101 2.3889 168.2148 1.9180
2335 -8.7817 -0.3006 7.5754 2.3715 -1.1765 2.2181 167.3904 0.7458 18.5509 2.4788 49.9599 2.5724 -9.2070 0.2142 165.2607 5.4610 34.4116 2.4513 168.5058 1.4869
2336 -9.1254 -0.4276 8.7071 2.2700 -0.9971 1.7626 166.8757 1.3067 19.0512 2.6024 47.7400 2.5412 -8.9239 -0.2369 166.0325 5.5561 32.3070 2.4954 168.6857 1.3896
2337 -9.4966 -0.2326 10.4407 2.3777 -1.4124 1.2795 166.3907 1.5172 19.5429 2.5489 45.2286 2.4942 -8.8724 -0.3663 166.6088 5.5560 29.6788 2.4840 168.5953 1.8781
2338 -9.7024 -0.5930 11.3220 2.5717 -1.8744 0.9765 165.8230 2.2845 20.0879 2.4722 42.8401 2.4439 -8.8681 -1.0264 167.0089 5.9899 27.2279 2.6655 168.6439 2.0200
2339 -9.3573 -0.8113 12.5500 2.4605 -2.1794 1.0297 165.4505 2.6434 19.8791 2.5665 40.6571 2.5997 -8.7299 -1.0824 167.3362 6.0555 24.6920 2.6948 169.0481 2.9382
2340 -8.9842 -0.3740 13.1191 2.4844 -2.6055 0.7815 165.0875 2.9752 19.1877 2.4868 38.2671 2.5484 -8.6979 -0.6309 167.5231 5.8552 22.2270 2.3800 169.2822 3.3945
2341 -9.3557 0.0012 13.4411 2.4587 -3.1930 1.0417 164.8009 3.3944 18.4757 2.4774 36.0107 2.4999 -8.4113 -0.5058 167.7782 5.9379 19.8358 2.4707 169.1398 3.7765
2342 -9.4021 0.8775 13.4359 2.4632 -4.1186 1.6103 164.8790 3.5434 17.5950 2.6319 33.9002 2.6368 -8.0067 0.0152 168.2216 5.1283 17.6690 2.4977 168.9501 4.3264
2343 -9.6096 1.8023 13.1780 2.5652 -4.8417 2.0323 165.4155 3.9029 16.3115 2.6137 31.6510 2.5946 -7.2218 0.3270 168.3148 4.9439 15.3117 2.5585 168.8232 4.6216
2344 -9.6912 2.6383 12.7567 2.5206 -5.7442 2.2769 165.8937 3.4792 15.1838 2.6196 29.6755 2.3577 -6.6559 0.5804 168.5254 4.1560 13.3249 2.4741 168.3411 4.6016
2345 -9.5390 3.0501 11.8159 2.5247 -6.7203 2.5675 165.8791 2.9009 14.3338 2.4953 27.3811 2.5462 -6.4577 1.0322 168.6184 3.6368 11.2822 2.2992 167.7851 5.1516
2346 -9.8090 3.3117 10.3731 2.5120 -7.4403 2.9486 165.6171 2.0130 12.4869 2.5605 25.2977 2.6367 -6.3994 1.2448 168.9389 3.0332 9.0197 2.5850 167.6564 5.5509
2347 -9.0045 3.3412 9.1193 2.3546 -7.9332 2.8898 165.3750 1.4567 10.9748 2.5124 23.0369 2.5219 -6.3699 2.0091 169.2396 2.8955 6.9389 2.5785 167.6803 5.9551
2348 -8.9535 3.8301 7.5210 2.3073 -8.0824 2.9869 165.3131 1.4108 9.3540 2.4674 20.7756 2.4439 -6.4661 2.4272 169.6282 2.7528 5.1363 2.7730 167.8382 5.8798
2349 -8.2921 4.4573 5.4613 2.3050 -8.2489 3.3188 165.6525 1.2904 7.9184 2.5493 18.4521 2.4133 -6.5293 2.8100 170.2602 2.9128 3.4727 3.1277 168.5910 5.4029
2350 -8.1018 5.0357 3.1615 2.2602 -8.4875 3.6947 166.1184 1.2813 6.8001 2.5272 16.2314 2.5120 -6.6550 3.0817 170.8660 3.0996 2.0028 3.2748 169.3853 4.7568
2351 -8.2455 4.9823 1.6792 2.2516 -8.8918 4.4185 166.2489 1.2876 5.6580 2.5270 13.7417 2.5377 -6.5926 3.4162 171.3319 3.0151 0.8806 3.4692 169.9014 4.3936
2352 -8.3887 5.3511 -0.4366 2.5259 -8.5989 4.9293 166.9843 1.3596 4.7989 2.5322 11.4656 2.4391 -7.0575 3.9813 171.5820 2.4888 -0.2908 3.4203 169.9836 3.8711
2353 -8.4242 5.7428 -1.8625 2.9974 -8.7875 5.0718 167.5996 1.3640 4.1861 2.4681 9.6739 2.4248 -7.2950 4.2734 172.0177 1.6891 -1.4117 3.5688 170.0331 3.5803
2354 -8.2975 5.7996 -2.9952 3.2438 -9.4184 5.1465 167.9006 1.2795 4.0385 2.5483 7.4076 2.1254 -7.3294 4.7939 171.3189 0.9736 -2.1729 3.4648 170.0522 3.0631
2355 -7.9872 5.3677 -4.6960 3.8381 -9.5170 4.9978 168.2361 1.1964 3.9445 2.5884 5.3817 1.9123 -7.5210 5.0340 171.0919 0.8535 -2.8473 3.3043 170.2512 2.6876
2356 -7.6980 5.1609 -5.2177 4.0531 -9.4076 4.5385 168.3745 1.5188 4.2380 2.5310 3.5272 1.7075 -7.4532 4.9859 171.1966 0.6852 -3.5611 3.3878 170.2127 2.3587
2357 -7.8439 5.2323 -5.6423 3.6738 -9.3502 4.2364 168.5205 1.9628 4.6394 2.4561 2.1696 1.3666 -7.9551 5.1350 171.1605 0.9826 -4.1821 3.6014 170.4269 2.0533
2358 -8.2082 4.7526 -6.0088 3.8670 -9.3858 4.1750 168.4763 2.6421 5.1624 2.6085 1.2203 1.1135 -7.8414 4.8377 170.8912 1.1414 -4.6997 3.9499 170.6983 1.4391
2359 -8.8131 4.2553 -6.3262 4.3775 -9.2200 3.8191 168.3359 3.2336 6.3377 2.4828 0.3790 1.2335 -8.3719 4.9125 170.9847 1.1373 -4.8552 4.3858 171.0637 0.7938
2360 -9.2469 3.8316 -6.7227 4.6111 -9.3246 3.6663 168.3119 3.6361 8.1379 2.4986 -0.7071 1.0534 -9.1209 4.4789 170.9335 1.3439 -5.1302 4.8531 171.3797 0.8981
2361 -9.4950 3.4408 -6.9027 4.8630 -9.4186 3.8664 168.3493 4.1170 9.6838 2.4603 -1.5788 0.8905 -9.4214 4.7425 171.1430 1.0911 -5.4611 5.1921 171.5725 0.7525
2362 -9.6857 3.1463 -7.1426 4.7920 -9.3073 4.3710 168.3905 3.8613 11.2163 2.6611 -1.6963 1.0365 -9.4053 4.6483 171.2817 1.0986 -5.8490 5.1559 171.6918 0.7660
2363 -10.0819 2.5354 -7.3298 5.2553 -9.2434 4.6515 167.5397 3.7637 12.6528 2.5158 -1.6682 1.0403 -9.6956 4.3176 171.0623 0.6085 -5.8442 4.8791 171.7208 1.0114
2364 -10.4169 2.1276 -7.3830 5.4676 -9.3112 4.5965 167.2407 3.9101 13.9787 2.5708 -1.3827 0.9436 -9.7567 4.8350 170.5982 -0.0159 -5.9164 4.4217 171.6503 0.7092
2365 -10.3488 1.9909 -7.4243 5.5796 -9.3227 4.2628 166.9113 4.2709 15.5918 2.5030 -0.9581 0.5470 -10.0757 5.1268 169.7357 -0.2312 -6.1618 3.9863 171.5221 0.7836
2366 -10.6230 1.9324 -7.4245 5.8013 -9.2318 3.9847 166.9862 4.5281 17.2296 2.5017 0.0011 0.5693 -9.9537 5.4591 168.7955 -0.1250 -6.7657 3.2578 171.5064 1.4062
2367 -10.4001 1.8875 -7.2352 5.3516 -8.7956 3.6351 166.5948 4.3651 19.4987 2.4029 1.1702 0.6702 -9.8208 5.2260 168.1006 0.0799 -7.3978 3.1334 171.3157 1.9812
2368 -10.0574 1.6677 -7.4296 4.9099 -7.8256 3.1605 165.5056 4.0613 22.0894 2.5628 2.5857 1.1142 -9.3430 4.9260 167.7079 0.2473 -7.7684 3.2589 171.5284 2.4411
2369 -9.9016 1.0028 -7.3934 4.1237 -7.3225 3.2317 165.0241 3.9220 23.7382 2.5582 4.4514 1.4317 -9.0312 4.9948 167.0879 0.5887 -8.1674 3.6916 171.0223 2.8391
2370 -9.5803 0.5443 -7.3327 3.5992 -7.0338 2.7720 164.5628 3.9344 25.6391 2.6034 7.0066 1.5232 -9.1061 4.7547 166.9369 0.7949 -8.4868 3.9522 170.6484 3.3773
2371 -10.0633 0.2262 -7.2706 2.9115 -6.3285 2.2961 163.7735 3.7626 27.6165 2.6631 8.8831 1.8423 -9.5104 4.4737 166.9188 1.5250 -8.8515 4.2350 169.7885 3.4134
2372 -9.9658 0.0843 -7.7154 2.5110 -5.6030 1.7411 163.1649 3.2705 29.9352 2.7754 10.8092 1.9803 -9.5577 4.0630 166.2693 1.8008 -9.3067 4.1667 169.4536 3.3020
2373 -9.2221 -0.1916 -7.8851 2.2442 -4.7493 1.1860 162.2954 2.3435 32.0883 2.5622 13.0924 2.3307 -9.7627 4.0526 165.8958 1.9001 -9.4812 4.0744 168.4685 3.4096
2374 -8.9065 -0.4062 -8.1647 2.1688 -3.9635 1.4474 161.3798 2.1322 34.2184 2.4805 15.7551 2.5466 -9.9118 4.1618 165.7209 1.9996 -8.6488 4.0836 167.3849 3.5374
2375 -8.6411 -0.0427 -8.1447 1.6588 -3.0462 1.5313 160.6120 1.9015 36.1581 2.6060 17.9354 2.4380 -9.7296 4.4550 165.1648 2.2530 -8.1811 3.8021 166.4062 3.6063
2376 -8.7917 -0.0189 -8.6774 1.3851 -2.6880 2.0956 159.4084 1.7284 38.8975 2.4157 20.0877 2.7033 -9.4281 5.3095 164.5475 2.6875 -7.2963 3.6231 164.8618 4.2564
2377 -8.9831 -0.0373 -9.2457 0.8408 -2.3910 2.7635 158.2627 1.8530 40.9447 2.4932 22.4859 2.3798 -9.2273 5.2968 163.5227 2.5919 -6.6461 3.2721 163.2632 4.2707
2378 -9.2465 0.3776 -9.2489 0.8821 -2.6081 3.1424 156.6322 1.5366 43.5385 2.6035 24.8393 2.6508 -9.2233 5.5341 162.5388 2.4815 -5.9833 3.2746 161.9689 4.4697
2379 -9.1139 0.6097 -8.7095 0.6908 -2.5775 3.3136 155.0975 1.5867 45.4212 2.4173 26.8367 2.3565 -9.2941 5.3536 161.3447 2.8091 -4.2672 3.4863 160.1292 4.2260
2380 -8.8487 0.3862 -8.5473 0.3010 -3.0531 3.6089 153.7005 1.9787 47.6109 2.3819 28.8675 2.5220 -9.1807 4.8577 160.1447 2.8961 -3.6795 3.8559 158.1693 4.0491
2381 -8.5424 0.1667 -8.1307 0.3336 -3.8250 4.0564 152.1003 2.3114 49.9688 2.4421 31.0664 2.5937 -9.2294 4.8036 158.5546 3.4270 -2.8122 3.8652 156.4568 3.8018
2382 -8.9479 0.2746 -8.4511 0.3091 -4.8155 4.4546 150.4696 2.1593 51.7601 2.4142 33.3851 2.4253 -9.1685 4.3477 157.0591 3.6697 -1.8875 3.8239 154.8021 3.2377
2383 -8.8776 0.3967 -8.2187 0.6536 -5.3383 4.3388 148.8363 2.4493 53.8474 2.4803 35.6881 2.5913 -9.5910 4.1819 155.6672 3.5604 -1.1447 4.0935 153.3707 2.9343
2384 -8.6007 0.3941 -8.2056 0.9649 -5.9381 4.0311 147.9512 2.3093 55.5178 2.5357 37.9682 2.5158 -9.6547 4.2690 154.1199 3.6091 0.3337 3.6799 152.5486 2.7744
2385 -8.3798 0.4817 -8.3780 1.3391 -6.2204 3.3770 146.7220 2.6465 57.0319 2.5428 40.0242 2.5365 -9.8256 3.8813 152.2054 3.4823 1.6251 3.3794 151.4821 2.6898
2386 -8.4270 0.5211 -8.5435 1.3056 -6.7541 2.9500 145.8478 2.5037 58.3428 2.5023 42.1287 2.5766 -9.8529 3.3334 150.2736 2.9972 2.8763 3.1888 150.9213 2.4760
2387 -8.2875 0.3418 -8.4279 0.9768 -7.1172 2.3568 145.5819 2.4917 58.9732 2.6191 44.7345 2.5330 -9.6541 2.8454 149.0470 2.6535 4.4798 2.5463 150.5878 2.4117
2388 -8.2250 0.7271 -8.2880 0.7605 -7.8990 2.3142 145.5003 2.4372 59.3381 2.5368 47.1399 2.5849 -9.3214 2.2090 147.4933 2.5694 5.7608 2.3001 150.1825 2.4527
2389 -8.5886 1.3660 -8.2788 0.2630 -8.2472 2.0554 145.4768 2.4361 59.6942 2.4909 49.4359 2.6555 -9.0222 2.1629 145.9312 2.4978 6.2996 2.1996 150.0015 2.4446
2390 -8.4268 1.7640 -7.9654 0.0354 -8.4033 1.5355 145.8113 2.3730 59.7121 2.4242 51.4992 2.3240 -8.4775 2.1413 145.4904 2.5383 6.9522 2.1034 150.4917 2.5082
2391 -8.3797 1.8994 -7.4030 -0.1917 -8.6980 0.8390 146.5150 2.5472 59.4727 2.3881 53.9387 2.4815 -8.5260 1.6544 144.8932 2.5665 7.8547 2.2026 150.7795 2.6799
2392 -8.2793 2.2829 -7.0978 -0.0587 -8.2582 0.3220 147.6130 2.3802 58.7141 2.4932 56.1658 2.4983 -8.3618 1.6383 144.6776 2.4836 8.6489 2.3059 151.8324 3.0798
2393 -7.9599 2.8415 -6.8230 -0.0027 -8.2160 0.0183 149.0945 2.3732 57.8580 2.4116 58.1802 2.4854 -8.0705 1.9271 144.4975 2.4652 8.6301 2.4037 153.0345 3.2513
2394 -7.9741 2.8808 -7.0694 0.0904 -7.6791 -0.3023 151.0783 2.6860 56.7651 2.3215 60.6843 2.7515 -7.8387 1.8499 144.9710 2.5287 8.6106 2.4584 154.4730 3.7221
2395 -7.9394 2.7726 -7.5700 0.6794 -7.5796 -0.3609 153.1871 2.5263 54.9552 2.4775 62.6828 2.5533 -7.4653 2.3167 145.4681 2.4193 8.2341 2.4501 156.1523 4.0254
2396 -7.8962 2.8852 -7.7375 0.5845 -6.9981 -0.6195 155.1786 2.8163 53.1658 2.4487 64.7999 2.8776 -6.8837 2.9409 146.5217 2.5229 7.6983 2.3708 157.8898 4.3374
2397 -7.9417 2.8193 -7.9989 0.8258 -6.6606 -0.9463 156.5152 3.0515 51.0969 2.4083 67.4139 2.6624 -6.5473 3.2041 147.5197 2.5388 6.8538 2.0906 159.4137 4.5548
2398 -7.8953 2.8214 -8.1407 1.0986 -6.3906 -1.0406 157.7661 3.1420 48.5812 2.3876 69.8759 2.5473 -6.1370 3.6710 148.8174 2.8269 6.1279 1.8274 160.4845 4.6286
2399 -7.6615 2.7934 -8.0820 1.0377 -6.3142 -0.7204 159.4077 3.2788 45.9474 2.4430 72.0108 2.3691 -5.7896 3.8446 150.4462 3.1859 5.4354 1.9367 161.7123 4.7798
2400 -7.6582 2.9470 -8.5481 0.9877 -6.1869 0.1430 160.4330 3.3459 43.6892 2.3940 74.1322 2.3761 -5.1108 4.1425 152.3559 3.5233 4.5833 1.7738 162.6883 4.4754
2401 -7.1904 3.1797 -8.9477 1.2375 -5.9556 0.3908 161.5732 3.3724 41.3454 2.4281 76.4507 2.4492 -4.9291 4.2588 154.1541 3.8821 4.0623 1.6326 163.5487 4.8037
2402 -7.1821 3.2503 -9.3241 1.2450 -5.5227 0.6781 162.2232 3.5739 39.5579 2.3632 78.6701 2.6797 -4.4612 4.4873 156.1462 4.1407 3.4471 1.9255 163.8149 4.4492
2403 -7.1899 2.8226 -10.0263 1.3156 -4.7008 0.5429 162.5287 3.7373 37.1749 2.4044 80.8089 2.5234 -4.4403 4.5902 158.2589 4.2013 2.9123 1.7602 163.7133 4.5578
2404 -7.1235 2.2860 -10.3480 1.3252 -4.1887 0.6231 162.4453 3.7232 35.1228 2.4285 83.2455 2.5534 -4.7028 4.1663 160.5365 4.5096 2.3128 1.7354 163.5012 4.4493
2405 -6.4733 2.2058 -10.3630 1.7764 -3.3344 0.5982 162.0190 3.6502 32.6552 2.4954 85.2087 2.7947 -4.8629 3.8149 162.6065 4.4780 2.2391 1.5868 162.8588 4.6443
2406 -6.3039 1.9020 -10.0793 1.9866 -2.5013 0.8786 161.2093 3.9373 29.9314 2.3219 87.1548 2.7638 -5.5904 3.7432 164.3428 4.3378 2.3767 1.6675 161.6206 4.4948
2407 -6.3472 1.3717 -10.3460 1.9895 -1.1544 1.2585 160.0695 3.7216 27.6674 2.4141 89.1809 2.4566 -5.9032 3.7572 165.6997 4.0840 2.7142 1.4538 160.4195 4.6109
2408 -6.3951 1.8410 -10.3085 2.2015 -0.2840 1.8077 158.5683 3.7016 25.9136 2.5526 91.4246 2.4241 -6.4216 3.4768 166.9325 3.6527 3.4653 1.5780 159.0249 4.3751
2409 -6.6367 2.1638 -10.0715 1.5830 0.7866 1.9553 156.9303 3.6452 23.7467 2.4457 93.6282 2.2962 -6.8891 3.3974 167.9107 3.1287 3.8811 1.6068 157.1404 3.8962
2410 -6.8837 2.6677 -9.4238 1.1291 1.9859 2.1754 155.4109 2.9872 21.5825 2.4702 95.8279 2.5541 -7.3583 3.1078 168.1054 2.8530 4.5121 1.8077 154.9246 3.4906
2411 -6.9195 3.1158 -8.2835 0.5788 3.5781 2.5270 153.5285 2.9187 19.2017 2.5628 98.2871 2.6330 -7.6019 2.6919 169.1360 2.5755 5.0942 1.8782 152.6453 2.9974
2412 -7.4049 4.0832 -7.6919 0.2143 5.5924 2.4202 151.6805 2.5550 17.0648 2.4695 100.3318 2.6370 -7.4363 2.6936 170.0062 2.6543 5.5074 2.1804 150.6634 2.6944
2413 -7.6506 4.3843 -7.1638 -0.1587 7.2992 2.2884 150.8834 2.5831 14.6206 2.3636 102.8237 2.7694 -7.9772 2.2644 170.4757 2.3405 5.6481 2.2453 148.3752 2.5074
2414 -7.7324 4.6758 -6.7277 -0.0183 9.4561 2.2384 149.4285 2.4559 12.3085 2.2548 105.4940 2.4934 -8.0312 1.8453 170.7684 2.2663 5.6993 2.2153 146.1619 2.5170
2415 -8.0900 4.8091 -6.1938 -0.0376 11.4687 2.3856 149.1116 2.5285 9.7848 1.9512 107.2484 2.5546 -8.4817 1.7220 171.1934 2.0193 5.5891 2.1287 144.0937 2.5176
2416 -7.8284 4.5745 -5.2483 0.2713 13.1231 2.5421 148.7308 2.5502 7.9167 1.7350 108.4466 2.5219 -8.5324 1.8086 171.4278 1.5124 4.9343 1.7876 142.0229 2.3190
2417 -7.8443 4.4297 -3.9603 0.5488 15.2060 2.6369 148.8201 2.4728 5.7500 1.7401 110.1458 2.5475 -8.6481 2.0123 171.1313 1.1756 4.1298 1.4843 140.1109 2.5592
2418 -8.2055 4.1849 -2.6502 0.3285 17.7015 2.3541 149.0206 2.4992 3.3297 1.3774 111.1410 2.3160 -8.9676 2.3310 170.4927 0.7307 3.5378 1.5100 138.1598 2.5683
2419 -8.1815 3.5529 -1.6276 0.5740 19.9176 2.5342 149.5423 2.6370 1.4645 0.7930 112.1200 2.4771 -9.2974 2.6828 170.1681 0.3709 2.7051 1.4670 135.4305 2.4528
2420 -8.0481 2.9498 0.0985 0.9371 22.1174 2.4183 150.5507 2.6219 -0.0647 0.3029 113.1907 2.6265 -9.5989 2.7746 170.0798 0.2031 2.2244 1.8481 133.0030 2.6582
2421 -7.9223 2.2521 1.8526 1.1338 24.5366 2.5108 151.4979 2.5457 -1.3873 0.1099 113.4251 2.4995 -10.0897 2.7556 169.9008 0.4420 1.4386 1.7736 131.0204 2.4716
2422 -7.7958 2.1057 3.9162 1.5098 26.6384 2.6586 152.7101 2.6016 -2.5107 0.0854 113.4531 2.4399 -10.2898 2.2512 169.6857 0.5509 0.9500 1.6027 128.6660 2.4351
2423 -7.4988 1.9006 5.8886 1.7672 28.7109 2.6693 154.4300 2.4229 -3.6402 -0.1579 113.0108 2.4901 -10.2982 1.5670 169.7483 0.6121 0.3535 1.5144 126.3541 2.6016
2424 -7.2340 1.5221 7.9916 2.1780 30.9792 2.4203 156.2666 2.7914 -4.5604 -0.3214 112.2098 2.4477 -10.1538 1.3149 169.5868 0.6808 0.1656 1.3117 124.2755 2.4128
2425 -6.3503 1.6066 10.0269 2.2018 33.2899 2.4097 157.9609 2.4948 -5.5250 -0.8981 110.9939 2.5684 -9.8815 1.0160 169.9221 1.0571 0.4320 1.2908 121.8144 2.3844
2426 -5.4343 1.3944 11.9982 2.5761 35.0654 2.4526 160.0948 2.3537 -6.6195 -0.6352 109.6757 2.4623 -9.9483 0.7928 169.5555 0.6611 0.5773 1.3965 119.4646 2.3056
2427 -4.5001 1.3434 13.7564 2.6647 36.8627 2.5055 161.6883 1.6219 -7.5599 -0.8877 108.4129 2.4918 -9.3382 1.3183 168.8071 0.7362 1.5099 1.2012 117.5174 2.4960
2428 -3.3196 1.0006 15.7106 2.6468 38.3270 2.4496 163.0378 1.3306 -8.2233 -0.8937 106.9371 2.4682 -8.7797 1.1214 168.1179 0.5260 2.2658 1.5022 115.2857 2.4792
2429 -1.8692 0.4329 17.7006 2.5712 39.3456 2.4922 163.8372 0.8287 -8.6461 -0.5723 104.7655 2.4030 -8.2249 1.4662 167.8410 0.9097 4.0617 1.5504 112.9267 2.7001
2430 -0.0659 0.5043 19.8394 2.6027 40.0047 2.5487 164.7979 0.7574 -9.0263 0.0191 102.4283 2.6408 -7.9545 1.4976 167.2067 1.0073 6.0036 1.6382 110.6840 2.5732
2431 0.9955 0.8004 22.5769 2.4338 40.0090 2.5073 165.5412 0.7257 -8.9533 0.6338 99.9167 2.5819 -7.5328 1.6627 166.6002 1.4779 7.7134 1.4993 108.2633 2.3460
2432 2.6657 1.0100 25.0603 2.4593 39.9536 2.5414 165.7928 0.5046 -9.0552 1.0718 97.3105 2.3940 -6.8884 1.4446 166.3492 1.3873 9.5585 1.8560 106.0742 2.4375
2433 4.5976 1.3328 27.2569 2.4184 40.0139 2.4890 166.0124 0.2328 -8.9729 1.5115 95.0424 2.3957 -5.9783 1.2138 166.5943 1.8864 11.2546 2.1174 103.6918 2.3160
2434 6.6008 1.7775 29.4264 2.3102 39.4173 2.3754 165.2931 0.3741 -8.8508 2.2385 92.9333 2.4706 -4.7812 0.9284 166.6006 2.0498 14.1924 2.6198 101.0749 2.4345
2435 8.5323 2.0189 31.9401 2.4868 38.6238 2.4759 164.8423 0.3237 -8.8410 2.9000 90.3704 2.4958 -3.7798 1.4559 166.8300 2.5508 16.3353 2.7207 98.5639 2.4084
2436 10.6420 2.2359 34.2989 2.5543 37.7534 2.3345 163.5206 0.4337 -8.6677 3.4337 88.0582 2.5234 -2.5977 1.5995 166.8410 2.6794 18.0972 2.5530 96.3710 2.5884
2437 12.3395 2.2250 36.8604 2.4566 36.9352 2.5017 161.8471 0.8942 -8.4938 4.1491 85.2784 2.6203 -0.8622 1.5144 167.3682 2.8654 19.9849 2.5536 93.9832 2.5148
2438 14.6677 2.4311 39.2439 2.3780 35.7505 2.4674 160.1841 0.8788 -8.3778 4.4216 82.6295 2.5030 0.5087 2.0176 167.6842 2.7299 21.9391 2.4923 92.1566 2.5014
2439 17.0188 2.3522 41.6467 2.5186 34.8042 2.4000 158.6385 1.0820 -7.9949 4.6244 80.3404 2.4296 1.9815 2.1837 167.9386 2.6291 23.2782 2.3620 89.8727 2.4468
2440 19.0807 2.5071 43.8645 2.7091 33.5568 2.4951 156.7515 1.5340 -7.5064 4.6712 77.9605 2.5857 3.2449 2.5961 168.5306 2.8099 24.3214 2.5069 87.6606 2.3372
2441 21.3127 2.5018 46.2194 2.4662 32.7104 2.6082 154.1312 1.6368 -7.0784 4.6713 75.5694 2.6023 4.9377 2.7210 169.5641 2.5197 25.2264 2.4832 85.5511 2.4727
2442 23.4500 2.5353 48.3961 2.5237 31.9996 2.4570 152.2166 1.7493 -7.0056 4.6336 72.8821 2.4573 6.4209 2.7166 170.5070 2.8787 25.6763 2.4497 83.2533 2.4858
2443 25.8859 2.4623 50.5737 2.3654 31.3830 2.4726 150.2323 1.9087 -6.2618 4.1343 70.3879 2.6548 8.9252 2.9821 170.9713 2.9642 25.9981 2.4927 80.9737 2.2727
2444 27.6802 2.6447 53.0646 2.6386 31.4629 2.4956 147.9909 2.1782 -6.0225 3.9790 68.0117 2.5187 11.4258 2.9402 171.1857 3.0096 26.1181 2.4294 79.1499 2.5531
2445 29.8552 2.4133 55.3133 2.4744 31.5588 2.4853 145.7120 2.2177 -5.6934 3.4606 65.4572 2.5709 13.2885 2.5489 171.3060 3.1916 25.6236 2.4558 77.2151 2.4733
2446 31.8200 2.6761 57.5111 2.6203 31.9208 2.5085 143.5500 2.4383 -4.7814 3.2752 62.9757 2.4402 15.4221 2.5819 171.0807 3.2468 24.8358 2.4565 74.8495 2.3817
2447 34.2774 2.6611 59.8391 2.4938 32.2086 2.4678 141.2611 2.3273 -4.1923 2.6092 60.8552 2.1921 17.7040 2.7850 170.6023 3.5752 24.1033 2.4256 72.4502 2.5456
2448 36.6666 2.6300 62.0629 2.4263 32.2251 2.4402 139.3219 2.6774 -3.8270 2.4286 58.6095 2.3785 20.2731 2.5096 170.2553 3.2479 23.1407 2.3862 70.2242 2.5523
2449 39.3928 2.3467 64.3071 2.5407 32.5483 2.4806 137.0423 2.5772 -3.6754 2.2702 56.3578 2.5732 21.9452 2.4746 169.2857 3.1888 21.7939 2.4640 67.8508 2.4798
2450 41.7375 2.3329 66.5482 2.6837 32.9570 2.5384 134.9914 2.4351 -3.6710 1.9058 54.0189 2.2510 24.2004 2.4365 168.7768 3.3996 20.1022 2.3714 65.9067 2.2293
2451 44.1167 2.6793 68.9849 2.5236 33.2782 2.5476 132.7009 2.5858 -4.0249 1.5708 52.2600 2.1152 26.7003 2.5373 167.4940 3.6317 18.3620 2.3898 63.8187 2.5510
2452 46.1688 2.4494 71.3971 2.3135 33.2772 2.5573 130.6938 2.6415 -4.4491 1.2586 49.7635 2.4465 28.9332 2.5394 166.2317 3.6957 15.8545 2.3146 61.8745 2.4902
2453 48.4386 2.3735 73.8982 2.4958 32.8547 2.5109 128.4371 2.6188 -4.8324 1.1153 47.8633 2.2916 31.1180 2.6888 165.2048 4.0169 13.5099 2.4275 59.9220 2.5370
2454 50.6007 2.5359 76.8885 2.4294 32.6868 2.6329 126.1614 2.5442 -4.9259 1.4406 45.5224 2.4858 33.5342 2.5022 163.7459 3.9494 11.4065 3.0357 58.4037 2.3212
2455 52.9353 2.4709 79.0438 2.5855 32.2965 2.5460 124.1968 2.3973 -4.7305 1.6240 43.1515 2.3502 35.8632 2.4461 162.2458 4.1226 9.0209 3.4579 56.9969 2.4294
2456 55.4426 2.6074 81.1262 2.5381 31.5241 2.4775 122.0942 2.3239 -4.2051 2.2224 40.7500 2.3578 38.5190 2.5305 160.6983 4.0952 6.6990 3.7544 56.0137 2.5814
2457 57.7466 2.3886 82.6553 2.3462 30.1768 2.5718 119.7957 2.6427 -3.9039 2.4519 38.4075 2.6841 40.9785 2.5626 158.7744 4.0446 4.4882 3.8315 55.4994 2.3831
2458 59.9502 2.3653 84.0867 2.5152 28.6237 2.6191 118.1101 2.5087 -3.3942 2.6766 36.1895 2.7541 43.5669 2.5547 156.4019 3.9453 2.7334 4.1952 55.2411 2.4520
2459 62.3260 2.4376 85.3392 2.4782 26.7448 2.6000 116.4295 2.5161 -2.9129 2.4602 33.8178 2.4682 45.5979 2.5824 154.0688 3.6735 0.4571 4.3636 55.1514 2.4552
2460 64.5781 2.4190 86.1408 2.4213 24.4159 2.6925 115.0792 2.4607 -3.0597 2.4995 31.6855 2.2459 47.8160 2.5934 152.4066 3.2709 -1.3423 4.5275 55.3362 2.5781
2461 66.6496 2.4467 86.3613 2.4192 22.2434 2.7978 114.5146 2.4198 -2.7944 2.2522 29.2480 2.4969 49.2689 2.5183 151.2994 2.9481 -3.4768 4.2224 55.6540 2.5276
2462 68.7609 2.4839 87.1338 2.5114 19.8755 2.3862 114.2481 2.4592 -2.9638 2.2108 27.1082 2.5438 50.5306 2.4364 149.8897 2.8965 -4.8264 4.3208 56.7706 2.4786
2463 70.9188 2.5725 86.8080 2.5389 17.1565 2.3350 113.9954 2.4945 -2.9093 1.8705 25.4166 2.6784 51.9349 2.5077 148.6016 2.6849 -6.0263 3.8454 57.8837 2.5001
2464 73.2460 2.5528 86.2441 2.5073 15.0687 2.5724 114.1410 2.4928 -3.5612 2.0938 23.9029 2.4547 52.9127 2.5953 147.5817 2.5611 -7.0300 3.3169 59.1834 2.5272
2465 75.5730 2.5072 85.0478 2.5368 12.6351 2.4506 114.1402 2.5298 -3.6158 2.4079 22.4735 2.4986 53.6542 2.5063 146.5251 2.5504 -7.6350 3.2267 60.7595 2.6286
2466 77.5793 2.6252 84.1496 2.5473 10.3654 2.5514 114.8483 2.5360 -3.1161 2.6518 21.4731 2.5275 54.3015 2.4982 145.8090 2.6459 -7.6902 2.9149 62.4737 2.5509
2467 79.8486 2.3600 82.8512 2.6859 7.8331 2.5406 115.3687 2.4036 -2.7952 2.9428 20.8088 2.5344 54.1651 2.5107 144.9170 2.4995 -8.5422 2.7311 63.9887 2.6638
2468 82.3119 2.4225 81.5936 2.4443 5.4410 3.1695 116.1503 2.5656 -2.5478 2.9771 20.2077 2.4721 54.1818 2.4831 144.3143 2.5813 -8.8435 2.4577 65.4119 2.4503
2469 84.6299 2.4153 80.2656 2.5887 3.2963 3.2185 117.4014 2.5045 -2.6588 3.4925 20.4170 2.5264 54.0435 2.4995 143.5121 2.5997 -9.2778 1.6924 66.8795 2.4968
2470 86.7948 2.7327 78.2640 2.3629 1.5883 3.7246 118.8046 2.6456 -2.9909 3.7262 20.4437 2.3937 53.8696 2.5775 142.2573 2.4429 -9.2742 1.0134 67.8227 2.5913
2471 88.5706 2.6469 75.9552 2.5231 -0.2379 3.9149 119.9204 2.5261 -3.0842 4.2233 20.8879 2.2863 53.9684 2.4865 141.1670 2.5306 -8.7687 0.4199 69.0613 2.4923
2472 90.6018 2.6503 73.9383 2.6732 -1.3591 4.1723 121.4556 2.3049 -3.5995 4.6341 21.6048 2.4474 53.5649 2.5638 140.0914 2.6491 -7.9598 -0.2434 70.1527 2.6001
2473 92.9971 2.4696 72.0778 2.4951 -2.5728 4.9229 122.2713 2.4670 -4.4447 4.7565 22.7422 2.4944 52.8848 2.5222 139.4814 2.6851 -7.4004 -0.1918 70.4502 2.5263
2474 95.2130 2.3785 69.6520 2.4658 -3.1591 4.7665 123.1448 2.5678 -5.4830 5.3294 24.3280 2.3025 52.1903 2.4995 138.4575 2.6126 -6.9233 -0.3255 70.7048 2.4920
2475 97.0536 2.6447 67.9998 2.3489 -3.3744 4.4945 123.3320 2.5243 -6.2533 5.3978 25.0049 2.3222 51.6228 2.4644 136.8446 2.7049 -6.1482 0.1710 70.8239 2.4315
2476 99.4505 2.6940 66.3080 2.4723 -3.7899 4.6194 123.2457 2.4305 -6.7834 5.5156 26.5010 2.4445 51.0844 2.5070 135.0816 2.5746 -5.4038 0.4490 70.6600 2.4464
2477 101.6243 2.3923 64.7321 2.4628 -3.7080 4.6224 123.0521 2.4848 -7.2973 5.4667 27.6680 2.5750 50.6145 2.4466 133.3064 2.6131 -5.1111 0.4497 69.8828 2.3986
2478 103.4121 2.7255 63.4865 2.5313 -3.3613 4.5921 122.4725 2.5574 -7.9298 5.1714 28.7601 2.3844 50.6370 2.5710 131.0778 2.4940 -4.8071 0.0491 68.9378 2.4823
2479 105.3277 2.6412 62.9253 2.4727 -2.7135 4.7923 121.2977 2.5314 -8.1745 5.0882 29.5095 2.6101 50.8630 2.5379 128.8618 2.6533 -4.3352 -0.4030 67.6065 2.4928
2480 106.5669 2.3762 62.4702 2.5007 -1.8486 4.4106 120.6554 2.4782 -8.7089 4.0755 30.1352 2.5682 51.3093 2.5746 126.4872 2.6189 -4.2553 -0.3674 65.9063 2.5344
2481 107.8226 2.5083 62.0493 2.5376 -0.6274 4.2069 119.5153 2.4458 -8.5236 3.3937 30.8150 2.5225 51.6659 2.5407 124.4474 2.4842 -4.0664 -0.1020 64.1996 2.3471
2482 108.8666 2.3600 62.3789 2.4482 0.7955 4.0825 118.4795 2.4023 -8.4757 2.6531 30.9267 2.4949 52.4611 2.5622 122.0810 2.4693 -3.5196 -0.1364 61.9311 2.4227
2483 110.1002 2.4910 62.7549 2.6775 2.0535 4.2106 117.5594 2.5561 -8.9740 1.9308 31.2900 2.4641 52.9609 2.4654 119.7196 2.5503 -3.4029 0.2136 59.8553 2.5924
2484 110.6315 2.5808 63.2812 2.4914 3.7340 3.7687 116.9753 2.5265 -9.3744 1.5186 30.8749 2.4890 53.3525 2.5077 117.3887 2.7611 -3.5294 0.5808 57.7472 2.4519
2485 110.7999 2.4469 64.2297 2.4523 5.6309 3.5016 116.4059 2.6622 -9.2542 1.0541 29.9656 2.5466 54.1167 2.5983 115.2713 2.2312 -3.2226 1.0615 55.6203 2.6557
2486 110.4424 2.5406 65.0667 2.5305 7.2815 2.9892 115.9823 2.5370 -9.6416 1.1374 29.3203 2.5776 54.5912 2.5268 112.9346 2.3430 -3.1566 1.2104 53.3539 2.4516
2487 110.3132 2.5395 66.8833 2.5590 8.9649 2.8646 115.5783 2.4779 -9.6399 0.9722 28.2131 2.5096 55.0153 2.4111 110.7926 2.3493 -2.6884 1.0566 50.7599 2.3970
2488 109.8201 2.6394 68.6803 2.5513 10.5521 2.8007 115.5398 2.5144 -9.9981 0.7787 26.8230 2.5107 55.2122 2.4386 108.5571 2.5397 -2.4967 0.9429 48.4604 2.4307
2489 109.2304 2.4382 70.7174 2.5709 12.7146 2.6650 115.4429 2.5369 -9.4489 0.5165 25.0413 2.5273 55.0776 2.5427 106.3722 2.1936 -2.8589 0.8381 46.2841 2.3547
2490 107.7645 2.6276 73.0992 2.3109 14.9684 2.6107 116.4252 2.4899 -9.5309 0.4312 23.0680 2.2781 54.4597 2.3601 104.2064 2.3549 -3.0893 0.5345 43.6968 2.6020
2491 106.3868 2.5763 75.2634 2.2692 17.5640 2.4532 117.2549 2.6604 -9.2169 0.7577 20.9982 2.4722 53.3960 2.4819 101.7996 2.3066 -3.9442 0.1075 41.6332 2.5250
2492 104.5039 2.5177 77.5792 2.3047 19.9602 2.5626 117.7839 2.4191 -8.9430 0.9183 19.0295 2.5598 52.4535 2.3175 99.0966 2.2867 -4.7210 -0.0999 39.2674 2.2236
2493 102.2473 2.4144 79.8962 2.3084 22.4720 2.6692 118.1175 2.4161 -8.8889 1.0412 16.5242 2.4475 50.9532 2.3339 96.8892 2.5488 -5.4188 -0.1367 36.8700 2.4656
2494 100.3219 2.4726 82.1750 2.4787 24.9083 2.4563 118.7478 2.4702 -9.1158 1.1649 14.2942 2.5423 49.2916 2.4154 94.9421 2.6863 -5.8611 -0.2754 34.5452 2.3933
2495 98.0551 2.5460 84.4063 2.5165 27.0133 2.4448 119.3717 2.4816 -9.1820 1.3599 11.9923 2.7944 47.5305 2.3948 92.6520 2.5339 -6.0509 -0.2939 32.2487 2.2773
2496 95.8428 2.4338 86.3215 2.6083 29.5579 2.4286 120.5419 2.4192 -9.5807 1.4151 9.8657 2.9777 45.4254 2.4625 90.4246 2.4121 -6.1018 0.1499 30.0634 2.4796
2497 93.3666 2.3154 88.7249 2.1582 32.1303 2.1922 120.9023 2.5339 -9.4829 1.4014 7.4546 3.5544 43.5274 2.4886 88.2989 2.5103 -6.1732 0.2710 27.6162 2.5437
2498 91.3589 2.3811 91.1653 2.4459 34.2053 2.6147 121.1449 2.5346 -9.1849 2.1410 5.5362 3.7874 41.3692 2.6764 85.7729 2.5467 -5.9492 0.7387 25.6256 2.4715
2499 88.9732 2.5568 93.8246 2.5301 36.5428 2.5750 120.7660 2.4891 -9.1601 2.1264 3.4987 3.9153 39.0023 2.4999 83.7800 2.4871 -5.5666 1.2348 23.2643 2.2062
2500 87.0177 2.6981 95.8870 2.5313 38.8295 2.5992 120.0822 2.5817 -8.5516 2.2729 1.8004 4.0845 37.1784 2.3231 81.4996 2.5088 -5.5602 1.2366 21.1931 2.3752
2501 84.7640 2.6379 98.1124 2.4683 41.1443 2.7660 119.4525 2.5310 -8.0602 2.7316 -0.4405 4.6322 35.3563 2.4295 79.3967 2.5440 -5.6849 1.3644 19.1014 2.5759
2502 82.7551 2.4676 100.4009 2.7613 43.4471 2.4463 118.5139 2.4423 -7.6815 2.9720 -2.1819 4.6216 34.2931 2.5478 77.3465 2.2825 -5.4251 1.3243 17.6969 2.3936
2503 80.9590 2.6195 102.7608 2.3919 45.4632 2.6256 116.9261 2.6062 -7.1418 2.5651 -3.8197 4.6630 32.9316 2.4609 75.0125 2.5119 -5.2131 1.0768 16.1693 2.4178
2504 79.6025 2.6062 105.5984 2.2933 47.5039 2.5901 115.5428 2.5526 -6.7992 1.8730 -4.8997 4.3343 32.0933 2.4580 72.7110 2.4652 -5.0242 1.1310 15.2573 2.6402
2505 78.1460 2.5089 108.0471 2.3673 49.8403 2.4833 113.6595 2.5718 -6.7203 1.1387 -5.9436 4.2112 31.3341 2.4999 70.5567 2.4613 -4.6065 1.0775 14.4388 2.5433
2506 76.0305 2.5128 110.4790 2.4174 51.9939 2.4043 111.4881 2.6488 -6.8397 0.3865 -6.5026 4.8621 31.3035 2.5049 68.2888 2.5785 -4.4448 1.2564 14.0071 2.5304
2507 74.7595 2.5755 112.9128 2.4931 54.2322 2.3458 108.9465 2.3561 -6.6129 0.6181 -6.9933 5.0904 31.3365 2.4786 66.1537 2.3917 -3.7524 1.5443 13.4014 2.6161
2508 73.7840 2.3788 115.1010 2.4234 56.3706 2.4904 106.6240 2.4329 -7.1464 0.6611 -7.8840 5.2434 31.8589 2.5478 63.3376 2.4262 -3.3196 1.7430 13.3771 2.4933
2509 73.2137 2.3846 117.2732 2.4661 58.7589 2.5817 104.4260 2.4098 -7.0627 0.4062 -8.6580 4.9694 32.4803 2.5694 60.7608 2.4624 -3.1471 1.8380 14.0622 2.4841
2510 72.7114 2.5196 119.0226 2.4197 60.7137 2.3405 101.7234 2.6426 -7.2042 0.6051 -9.2061 5.0049 33.6357 2.5322 58.8870 2.4868 -2.9941 2.2824 14.5197 2.4016
2511 72.7894 2.4776 120.3244 2.5361 63.1776 2.4594 99.3308 2.8468 -7.5578 0.5978 -9.3672 4.4667 35.1035 2.5527 57.5267 2.5325 -2.6686 2.1430 15.4480 2.4918
2512 73.2627 2.4448 121.2726 2.3867 65.2206 2.4588 97.3151 2.7635 -8.0406 0.8397 -9.5067 3.6940 36.6315 2.4559 56.0638 2.5191 -3.0035 1.8238 16.7046 2.4845
2513 73.5844 2.2937 122.1150 2.5209 67.6793 2.4098 94.8532 2.4392 -8.4122 1.2432 -9.1259 3.3933 38.1261 2.4211 55.2842 2.4721 -3.1736 1.4362 17.9695 2.4193
2514 74.2993 2.3533 122.7364 2.3591 69.7456 2.5999 92.6825 2.5908 -8.5726 1.6013 -8.3368 2.8325 39.9961 2.7339 55.0533 2.5420 -3.5998 1.3441 19.9166 2.4033
2515 75.9658 2.5765 123.0804 2.4319 71.5968 2.7463 90.9151 2.4841 -9.2943 1.5091 -7.7845 2.5987 42.3130 2.6723 54.6295 2.5196 -3.9053 0.9626 21.9066 2.4128
2516 77.2507 2.5249 122.9123 2.5409 73.1796 2.5934 88.3304 2.5194 -10.2381 1.8253 -7.4180 2.1238 44.9196 2.4639 54.4011 2.5147 -4.4126 0.9733 24.3333 2.6172
2517 79.2190 2.4839 122.6984 2.4968 74.4531 2.6731 86.0425 2.6309 -10.6003 2.5995 -6.9632 1.8400 47.3480 2.5144 54.6495 2.3479 -4.5539 0.9416 26.7069 2.5892
2518 81.6276 2.5849 122.0561 2.5936 75.3523 2.5596 83.8619 2.4957 -10.6630 2.9462 -6.9744 1.8275 49.1386 2.3473 55.2354 2.4485 -4.1969 1.1302 28.3731 2.5399
2519 83.6981 2.5923 121.3960 2.4679 75.8167 2.4655 81.5465 2.4836 -10.5198 3.6106 -6.7231 1.9600 50.6817 2.4991 56.1308 2.3691 -4.1204 1.1268 30.1406 2.3372
2520 85.8965 2.5572 120.3900 2.4222 75.9992 2.5129 80.0146 2.4832 -9.9789 4.2793 -6.2332 1.6097 52.0131 2.3080 57.2149 2.4884 -3.8509 1.3161 32.4774 2.4472
2521 88.4243 2.2764 119.0153 2.4080 76.0390 2.4395 78.5702 2.6862 -9.6004 4.5890 -5.7153 1.6366 53.3284 2.5218 58.6995 2.3650 -3.6893 1.1166 34.8393 2.6114
2522 90.3614 2.4736 117.5202 2.4006 75.4819 2.4567 77.1159 2.5519 -9.3301 4.7869 -5.2891 1.6533 54.5435 2.5414 60.3870 2.2581 -3.6858 0.8796 36.7746 2.4302
2523 92.6286 2.4082 115.5213 2.3534 74.8482 2.4212 75.8650 2.4966 -8.7730 5.0434 -4.4335 1.4835 55.2930 2.5016 62.2090 2.6166 -3.7010 0.9792 38.1551 2.5917
2524 94.9927 2.3542 112.9919 2.6299 73.9591 2.4217 74.9867 2.5114 -8.4993 5.1972 -4.3663 1.4800 55.7248 2.6159 64.9212 2.5706 -3.5781 0.6683 39.1889 2.6004
2525 97.1578 2.6037 110.6506 2.5558 72.4369 2.5300 75.0167 2.4721 -8.6856 5.1159 -3.7571 1.6059 55.7859 2.4995 66.7790 2.5345 -4.1812 0.1057 40.7424 2.6570
2526 99.5042 2.5702 109.0818 2.7155 71.0530 2.4647 75.3999 2.4520 -8.5189 5.0509 -4.0829 1.8062 55.8863 2.4434 68.7043 2.5381 -4.8012 0.2106 41.3459 2.4334
2527 101.4248 2.5350 107.5570 2.5077 69.5473 2.4248 75.4749 2.3916 -8.9165 4.6410 -4.0271 2.4321 55.6051 2.3837 70.8123 2.4990 -5.1412 -0.4171 41.8322 2.5170
2528 103.8797 2.6598 105.9195 2.6727 67.9616 2.5204 76.0307 2.4774 -9.0056 4.4323 -4.6879 3.0285 55.2485 2.4390 72.8694 2.3722 -5.4188 -0.6958 41.8068 2.5618
2529 105.7916 2.4358 104.6690 2.6540 66.4775 2.6369 76.9613 2.2939 -8.7902 4.4039 -5.1802 3.0154 54.7615 2.6033 75.1333 2.3392 -5.5547 -0.2196 41.7295 2.4754
2530 108.1563 2.6663 103.4627 2.6041 65.9057 2.4309 78.0010 2.4902 -8.8045 4.3123 -6.0954 3.3255 53.6557 2.5406 77.5774 2.4702 -5.1049 0.1126 41.4270 2.6257
2531 109.9033 2.4462 103.0790 2.5576 65.5722 2.3909 79.7218 2.3233 -8.9633 3.9131 -6.8676 3.5905 52.0009 2.5455 79.5394 2.4260 -5.2992 0.5137 40.5063 2.5686
2532 112.1995 2.4371 102.8443 2.4965 64.6637 2.5202 81.3106 2.4868 -8.7154 4.2340 -7.4038 3.8652 50.1961 2.6089 81.9446 2.5137 -4.7941 0.4825 39.0432 2.6300
2533 114.3437 2.4353 102.4087 2.4836 63.7307 2.5798 83.2777 2.4479 -8.7565 3.9558 -7.7464 4.1434 47.9183 2.6568 84.5009 2.5423 -4.7688 0.8732 38.1065 2.7576
2534 116.9486 2.4478 102.7633 2.4771 62.6405 2.7135 85.2657 2.4892 -8.4177 3.7888 -8.1355 3.9883 45.1678 2.6395 86.8336 2.7092 -4.5534 1.1166 36.4313 2.5308
2535 118.9169 2.6552 103.5157 2.3928 61.7019 2.4426 87.4730 2.4543 -8.4627 3.9426 -8.5097 3.3951 42.9035 2.5305 89.2784 2.5638 -4.7935 1.5180 34.5551 2.4656
2536 120.6923 2.4189 104.1755 2.5295 60.8879 2.6933 89.8016 2.3308 -8.7068 4.1719 -8.5552 2.9620 40.7886 2.7559 91.3186 2.5458 -4.7799 1.7948 32.5800 2.5515
2537 123.1305 2.3899 105.2326 2.5086 60.0936 2.5738 92.2342 2.2819 -8.4679 4.2151 -9.1311 2.2623 38.6583 2.7421 94.0590 2.4687 -5.2037 1.7611 30.4089 2.3989
2538 124.9678 2.4755 106.6478 2.3755 59.1856 2.4878 94.4782 2.7436 -8.4697 4.4234 -9.3290 2.0332 36.2229 2.7004 96.5396 2.4464 -5.9539 1.3800 28.4493 2.4680
2539 127.4552 2.6420 109.0767 2.5021 58.4246 2.5392 96.7698 2.3891 -8.6097 4.5846 -9.2644 1.6492 33.5746 2.4853 98.8510 2.5230 -6.6974 1.4171 26.1269 2.5145
2540 129.9640 2.4081 111.1598 2.6264 57.5282 2.3755 98.7753 2.4481 -8.6254 4.5207 -8.8709 1.3064 31.0352 2.3230 101.0536 2.3761 -7.7208 1.3306 23.6232 2.4453
2541 132.4776 2.7464 113.3310 2.4305 56.7383 2.4790 101.1859 2.6303 -8.8453 4.2672 -8.7235 0.9640 29.0497 2.6246 103.9003 2.5558 -7.6918 1.0633 21.5998 2.6903
2542 134.8451 2.6512 114.7868 2.4690 55.7501 2.3586 103.4351 2.6881 -8.8882 4.1520 -8.2955 1.1146 26.9318 2.6403 106.2982 2.4574 -7.4075 1.2286 19.3775 2.3665
2543 137.0704 2.5563 115.7243 2.4501 54.0343 2.5381 105.4409 2.5243 -8.9589 4.4542 -7.9121 0.9187 24.4589 2.5328 108.0943 2.5268 -7.5381 1.2651 17.0413 2.6761
2544 139.1850 2.4348 117.1518 2.6109 52.1226 2.4862 108.0701 2.4732 -8.9759 4.5203 -7.7114 0.7748 22.3201 2.4968 109.7928 2.4294 -7.4000 1.3995 14.8287 2.5869
2545 141.1853 2.3799 117.5629 2.6245 50.2104 2.5483 110.2596 2.6054 -8.9967 4.2091 -7.4409 0.3605 19.9330 2.7524 111.2030 2.3984 -7.5042 0.9462 12.9088 2.4865
2546 142.7555 2.4431 117.9974 2.4982 48.3060 2.6840 111.8955 2.5246 -8.9422 3.8212 -6.9967 0.0357 18.0170 2.5908 112.3840 2.3944 -8.2402 1.1179 10.8156 2.6286
2547 144.5125 2.4922 117.9295 2.5102 46.4399 2.5341 113.2991 2.4721 -8.8059 3.7718 -7.0185 0.1347 15.9851 2.5395 113.2019 2.6092 -8.2129 0.8875 8.7050 2.9711
2548 145.3714 2.4629 117.6978 2.4886 44.6294 2.3866 114.1256 2.3761 -9.0641 3.9480 -6.2482 0.4519 13.8201 2.5168 113.2220 2.4972 -8.2437 0.8896 7.0712 3.4717
2549 145.9504 2.5183 117.2169 2.5417 43.0010 2.6084 114.4307 2.4954 -9.3612 3.5415 -6.1822 0.6899 11.5808 2.4173 113.2955 2.4927 -8.3595 1.1415 5.0049 3.8143
2550 146.4618 2.5033 116.2779 2.6183 41.8517 2.5229 115.2620 2.5615 -9.4854 3.3759 -6.0850 0.6311 9.7699 2.4305 113.1149 2.5313 -8.4316 1.3896 3.0197 3.7031
2551 146.6892 2.5432 114.9756 2.4737 40.9910 2.5575 116.0686 2.4924 -9.5766 2.9521 -5.7437 0.3826 8.3176 2.3837 112.9522 2.4209 -7.7818 1.5694 0.9275 3.8197
2552 146.4455 2.4866 113.2056 2.5112 40.3450 2.4914 116.1668 2.5084 -10.1191 2.4205 -5.6914 0.2855 6.9455 2.5429 112.0432 2.5755 -7.1070 2.0183 -1.3675 3.9269
2553 146.0120 2.4318 111.4441 2.4166 39.6470 2.4062 115.7427 2.4956 -10.3690 1.9596 -5.6600 -0.1469 5.8846 2.3649 110.7938 2.5406 -6.1185 2.2056 -3.1766 4.1973
2554 145.2890 2.4705 109.6070 2.4168 39.4722 2.5283 115.0672 2.3733 -10.2239 1.6762 -5.4982 -0.5060 5.4748 2.3889 109.4176 2.4751 -4.8607 2.4396 -5.0191 4.0074
2555 144.1392 2.5542 107.6718 2.4929 39.5234 2.4739 114.2460 2.4417 -9.7397 1.2513 -5.1594 -0.5711 4.7481 2.5860 108.0559 2.3094 -3.4581 2.2925 -6.0113 3.5505
2556 142.4672 2.4630 105.3493 2.5494 39.9982 2.3676 113.0991 2.3402 -10.1175 0.9419 -4.9682 -0.6513 4.7283 2.5848 105.9185 2.5108 -1.6963 1.8660 -6.5015 3.0766
2557 140.6092 2.6623 103.0525 2.5492 40.7605 2.3186 111.9498 2.4361 -10.3774 0.5682 -5.4635 -0.4035 5.3046 2.3455 104.0449 2.4619 -0.0595 1.7876 -7.0167 2.6663
2558 138.6837 2.5367 100.9966 2.3131 41.9137 2.4429 110.0980 2.5672 -10.1475 0.2453 -5.4962 -0.3125 5.4887 2.2960 102.1078 2.4394 1.6890 1.6737 -7.7085 2.7938
2559 136.3511 2.6291 98.4555 2.4444 43.2477 2.2757 107.7469 2.4510 -10.3973 0.4315 -5.2073 -0.1104 6.0807 2.3854 100.5668 2.3970 3.5943 1.9303 -8.1813 2.6496
2560 133.6381 2.5717 95.9691 2.6921 45.2255 2.3389 105.6287 2.5286 -10.1702 0.2477 -5.3094 -0.1916 7.1522 2.1556 98.9709 2.4386 6.0763 2.0179 -8.7181 2.5906
2561 130.9008 2.6079 93.4436 2.6248 47.2290 2.4226 103.0676 2.6364 -9.9661 0.1360 -5.2514 0.1219 8.2945 2.1613 97.9707 2.3878 7.8227 2.1937 -8.7092 2.0768
2562 128.7163 2.5799 91.3796 2.5110 49.0573 2.4541 100.8963 2.4487 -9.9520 0.0906 -5.3765 0.0488 10.3848 2.2040 97.3202 2.4962 9.9327 2.1605 -8.7064 1.5865
2563 126.9734 2.5995 89.4189 2.3948 50.9303 2.6361 98.9489 2.5166 -10.2041 0.4372 -5.4638 0.0109 11.9171 2.3632 96.9161 2.5085 11.5727 2.4384 -8.4144 1.1035
2564 124.5407 2.5780 87.1002 2.2647 52.9188 2.6488 97.0094 2.3672 -10.1248 0.6720 -5.8692 -0.1117 14.5657 2.1460 96.5329 2.4931 13.1794 2.5382 -8.6534 1.0446
2565 123.0324 2.5660 84.7178 2.3183 54.4515 2.4646 94.6768 2.3990 -10.4419 0.8277 -6.5499 -0.1755 16.6513 2.5557 96.5705 2.5268 14.5903 2.4358 -9.1744 0.8119
2566 121.7700 2.6739 82.4490 2.2994 55.3909 2.5559 92.3289 2.4119 -10.3313 0.8022 -7.0591 -0.3520 18.8717 2.6750 96.8249 2.6187 15.1706 2.4238 -9.4012 0.7310
2567 120.5647 2.5992 80.4361 2.4225 56.1904 2.4569 89.3445 2.5414 -10.5304 1.2255 -7.3646 -0.6782 21.2738 2.5099 97.7758 2.5284 15.9711 2.6121 -9.4817 0.4778
2568 119.8230 2.5913 78.0879 2.3373 57.1174 2.3676 87.2081 2.6439 -10.1244 1.1918 -7.1210 -0.7574 23.8218 2.6932 98.6553 2.6462 16.2879 2.5257 -9.2678 0.5686
2569 119.1973 2.4464 75.8942 2.4398 57.8509 2.4294 84.6910 2.7598 -10.0192 1.2703 -7.2739 -0.7399 26.1752 2.4730 100.3213 2.7081 17.0036 2.5007 -9.4303 0.6630
2570 119.2755 2.4856 73.6159 2.4403 58.4428 2.5918 81.9420 2.5588 -9.3228 1.1333 -7.8402 -0.6673 28.1756 2.3611 101.8509 2.7121 16.7835 2.6104 -9.3513 0.8173
2571 119.3634 2.4707 71.2615 2.4451 58.2537 2.4615 79.5016 2.4958 -8.5889 0.9210 -7.8820 -0.7838 30.7791 2.1975 103.7103 2.5992 16.2161 2.5615 -9.6027 0.8752
2572 119.6320 2.4742 68.9463 2.3392 58.2292 2.4579 77.1606 2.6264 -7.6810 0.9079 -7.7909 -0.6488 33.3311 2.4942 105.8764 2.6752 14.9823 2.4064 -9.9090 0.9398
2573 119.9286 2.4564 67.0384 2.5680 57.5480 2.4600 74.9423 2.4659 -7.1991 1.0530 -7.2019 -0.6128 35.4854 2.3998 108.4817 2.4145 14.0148 2.6486 -9.7535 1.4009
2574 120.5598 2.5211 65.0001 2.3043 56.4256 2.3613 72.4341 2.6359 -6.4600 1.5212 -6.5884 -0.4503 37.6617 2.4244 110.5173 2.6203 12.4153 2.6253 -9.7454 2.3540
2575 121.7837 2.2481 62.6073 2.5773 55.4357 2.4175 70.2188 2.4787 -5.2291 1.5458 -5.8237 -0.1125 39.6244 2.5540 113.1127 2.5525 10.4136 2.4016 -9.3268 2.7869
2576 123.3974 2.5021 60.6334 2.4673 53.9258 2.5422 68.2025 2.4761 -4.2177 1.7937 -4.7978 -0.0335 42.0333 2.4748 115.1050 2.5267 8.2889 2.0715 -8.9455 3.2182
2577 124.9483 2.4235 59.0013 2.5602 52.0723 2.4959 66.0612 2.3033 -2.7397 1.8576 -3.2809 0.3484 44.4083 2.7367 117.0822 2.4804 6.3256 1.9934 -8.0736 3.2807
2578 126.8522 2.2511 57.9080 2.5531 50.2419 2.5148 63.6990 2.4835 -1.2820 1.6322 -2.0334 0.5934 46.8867 2.5704 119.1503 2.3476 4.2310 1.5206 -7.5555 3.4786
2579 129.0303 2.5564 56.6255 2.4176 48.3210 2.4780 61.5581 2.5588 0.1308 1.5805 -1.2567 0.4795 49.0321 2.4221 121.3697 2.5196 1.7102 1.3697 -6.8369 3.4666
2580 131.5669 2.6357 55.5539 2.5060 46.0488 2.5837 59.6279 2.5475 1.3159 1.2439 0.2641 0.7870 51.7171 2.5334 123.7832 2.4071 -0.0822 1.0554 -5.8343 3.3827
2581 133.6952 2.4329 54.5980 2.5021 43.6609 2.6069 57.7586 2.4326 2.0698 1.0801 1.0898 0.6694 53.5847 2.2847 125.7808 2.4633 -1.6005 0.6632 -4.1660 3.6035
2582 135.8325 2.3558 54.4011 2.5568 41.3432 2.3726 56.1639 2.5001 2.6223 1.2762 1.7606 1.1111 55.6928 2.5447 127.7472 2.5468 -2.6733 0.6703 -2.8399 4.0455
2583 138.1095 2.4451 54.0564 2.4512 39.2782 2.5329 55.0759 2.5818 3.4429 1.5548 2.2291 1.2122 58.4543 2.3110 129.3221 2.5132 -3.4433 0.2276 -1.4139 4.0202
2584 139.9002 2.2400 54.2181 2.4565 36.8803 2.6585 54.3822 2.6158 3.7480 1.8834 2.2885 1.7040 60.9155 2.4151 130.7104 2.5481 -4.4236 -0.1233 0.4817 3.8519
2585 142.0249 2.3088 54.5556 2.3545 34.9437 2.7064 53.9715 2.4294 3.7684 2.0324 2.5400 2.2346 62.8841 2.4784 131.7981 2.4088 -4.8406 -0.1902 2.1512 3.6099
2586 144.1883 2.5151 55.2221 2.5126 32.5842 2.4205 54.0441 2.4651 3.7422 2.0107 2.2265 2.8412 64.6320 2.3776 132.6277 2.4244 -5.2375 -0.3228 3.5839 3.5426
2587 146.0712 2.4845 55.8093 2.2742 30.5053 2.5266 54.0539 2.5959 3.5920 1.9293 2.1391 3.0745 67.2196 2.4259 133.4194 2.4591 -5.3347 -0.3968 5.1670 3.3477
2588 148.1538 2.3874 56.9447 2.3176 28.1693 2.4595 54.7523 2.5089 3.0619 1.7596 1.7825 3.3726 68.9666 2.6094 133.7903 2.4817 -5.4529 -0.2455 5.9854 3.1695
2589 149.7763 2.4917 58.8309 2.3518 26.1133 2.7020 55.2557 2.4378 2.6057 1.3870 1.4006 3.4646 71.3362 2.3907 133.8286 2.4347 -4.9210 0.1152 7.1067 2.6500
2590 151.3598 2.6126 60.8392 2.3950 24.1609 2.3190 56.3969 2.4647 1.3286 1.1200 1.0931 3.7613 73.7458 2.5042 133.7081 2.4878 -4.0479 -0.1146 8.2670 2.5862
2591 152.7320 2.5807 63.2221 2.5088 21.7748 2.5036 57.7570 2.6350 0.4641 0.8729 0.3576 3.9474 75.6223 2.7827 133.6928 2.5120 -3.3733 -0.1292 8.6425 2.6330
2592 153.8759 2.5602 65.3268 2.5473 19.5212 2.5844 59.2900 2.5070 -0.6180 0.7565 -0.1769 4.1438 77.7306 2.6064 132.8392 2.4818 -1.9984 0.2039 8.8715 2.5342
2593 154.5454 2.3679 67.4494 2.5981 17.5872 2.5189 61.4155 2.5161 -1.4776 0.9469 -0.9393 3.7973 79.1238 2.4974 131.2298 2.4531 -0.3438 0.6438 8.7074 2.6097
2594 155.2069 2.4123 69.7644 2.6082 15.5488 2.6644 63.4613 2.5683 -3.0096 0.9650 -1.5400 3.7620 80.6046 2.4927 130.3205 2.4545 1.3593 1.1529 8.7264 2.7517
2595 155.5818 2.3385 72.2894 2.4162 12.7598 2.4628 65.3267 2.4686 -4.1273 1.3578 -2.1238 3.4639 81.2952 2.4606 129.1999 2.5010 3.1360 1.4275 8.0309 3.0491
2596 155.6004 2.4402 74.0812 2.6479 10.5448 2.2433 67.0454 2.4024 -5.5333 1.9088 -2.8042 2.9769 82.0694 2.4692 127.4528 2.4543 4.8020 1.5890 7.2435 3.2058
2597 155.1534 2.3233 76.5211 2.5449 8.6942 1.8306 68.3804 2.3813 -6.3894 1.8258 -3.4589 2.5571 82.4565 2.5570 125.4567 2.3887 6.7356 1.5912 6.0058 3.3051
2598 154.5878 2.2938 78.2861 2.3083 7.0337 1.9187 69.3825 2.5064 -6.9760 2.1577 -3.9800 1.9348 82.3811 2.4967 123.3345 2.2850 8.8486 1.9475 4.6205 3.2399
2599 153.2865 2.4170 79.6822 2.3118 5.3008 1.7914 70.0670 2.5177 -7.9273 2.3293 -4.0496 2.0140 82.5590 2.5376 120.6865 2.2757 10.4072 2.1535 3.1226 3.2398
2600 151.6443 2.3739 80.9738 2.5459 3.2147 1.7264 70.5821 2.5886 -8.0327 2.6787 -4.2017 1.7328 82.2131 2.4909 118.4236 2.4915 12.2362 2.3416 1.2965 3.3801
2601 150.0721 2.1489 82.3315 2.5512 1.5852 1.5453 70.3799 2.4679 -8.5315 2.5997 -4.3069 1.6071 81.6637 2.4062 115.9692 2.2912 14.7086 2.4373 -0.7619 3.2248
2602 147.9088 2.4021 83.1636 2.5586 0.7127 1.4519 70.3926 2.4241 -8.5111 2.8454 -3.9650 1.2013 80.7208 2.4454 113.6683 2.4654 16.9633 2.4035 -2.0504 3.0407
2603 145.7315 2.4099 83.4892 2.4778 -0.3785 1.6099 70.0472 2.4386 -8.2207 3.5841 -4.1958 1.0983 79.1854 2.4893 111.4017 2.5682 19.3423 2.2117 -3.2032 2.3498
2604 143.6883 2.6556 82.8695 2.5187 -1.2503 1.6391 69.3334 2.5518 -8.4210 3.4825 -3.9401 0.8717 77.9723 2.2639 109.1616 2.4920 21.8443 2.4637 -4.3198 1.9110
2605 141.4190 2.5603 82.6578 2.5146 -1.9710 1.2048 67.9822 2.3729 -8.0570 3.9870 -3.7136 0.7398 76.0376 2.4329 107.1530 2.5735 23.9813 2.3804 -5.1748 1.5627
2606 139.3213 2.5204 82.1294 2.4884 -3.0189 1.0429 66.2627 2.3918 -7.7037 3.7574 -2.9194 0.5816 74.6227 2.3590 104.6918 2.4066 26.4264 2.4823 -5.8555 0.9553
2607 137.2914 2.5775 80.6177 2.4160 -3.5856 0.5186 64.2174 2.4493 -7.9352 3.4769 -2.0909 0.7538 72.5562 2.5275 102.7800 2.3958 29.2641 2.4991 -6.2602 0.9588
2608 135.0127 2.3673 79.5345 2.4300 -3.8467 0.2714 62.1819 2.3481 -7.7387 3.1833 -0.9634 1.0899 71.4154 2.4906 100.8480 2.4686 31.1387 2.4574 -6.1733 0.4655
2609 132.6838 2.3689 78.4542 2.4965 -4.0561 0.4448 59.7938 2.4655 -7.3145 3.5163 0.2792 0.9893 70.4722 2.5707 98.9984 2.5439 33.5000 2.4774 -5.9351 0.3556
2610 130.5157 2.4765 77.4507 2.4718 -4.1396 0.3311 57.4543 2.4298 -7.4106 3.4205 1.8958 0.7040 70.1662 2.5772 97.6540 2.4510 35.5750 2.2559 -5.6096 0.5608
2611 128.1046 2.4293 76.2265 2.5067 -4.1374 0.2084 55.2272 2.4966 -7.3471 3.5776 3.3290 0.9695 69.3643 2.5500 96.5452 2.5495 37.8083 2.5023 -5.0060 0.5226
2612 125.6644 2.5645 75.4140 2.4736 -3.8510 0.2966 52.7436 2.5109 -7.0820 3.4250 4.5500 1.4546 69.1463 2.5073 95.8458 2.5791 39.9015 2.3764 -3.8300 0.4714
2613 123.5132 2.3826 74.6687 2.5000 -3.3304 0.8386 50.6777 2.4091 -7.2197 3.3479 5.6730 1.9270 69.5771 2.5268 95.4880 2.5902 41.8268 2.5176 -2.5167 0.7443
2614 121.4037 2.6869 74.4830 2.4976 -2.3926 0.9802 48.2122 2.5492 -7.1413 3.0852 6.9127 2.0432 70.1048 2.5453 95.3756 2.4885 43.8247 2.4366 -1.1943 1.0218
2615 119.1199 2.5234 74.1503 2.4229 -1.8443 1.2423 46.0260 2.5089 -6.8684 2.7048 7.9197 2.1820 70.3028 2.4818 95.2804 2.4404 45.9641 2.2956 0.4363 1.0225
2616 116.9558 2.5045 73.8409 2.5812 -1.4046 1.7618 43.8429 2.5968 -7.3354 2.9072 8.6697 2.3116 70.7123 2.5105 95.7875 2.5692 47.1668 2.4788 2.6044 1.1122
2617 115.2071 2.4584 73.6873 2.5093 -0.0669 2.0781 41.6230 2.3916 -7.7412 2.7225 8.7217 2.4716 71.2563 2.6165 96.2785 2.5027 48.5578 2.5257 4.4965 1.5762
2618 112.8485 2.5837 74.3378 2.5249 0.9292 2.1571 39.4801 2.3388 -7.8894 2.7617 8.4068 2.4873 71.3722 2.4499 97.0978 2.4474 49.7624 2.4548 6.0546 1.5431
2619 110.3623 2.3480 74.8007 2.4184 2.4300 1.7038 37.1752 2.3574 -7.8964 3.1448 7.9204 2.3706 71.7160 2.5754 98.4211 2.5367 50.4681 2.3649 8.0127 1.8150
2620 108.0980 2.4480 75.8373 2.5433 3.6921 1.7211 35.1436 2.4595 -8.1605 3.2390 7.0559 2.1668 72.1409 2.5538 99.8615 2.3422 50.2665 2.5319 9.8204 1.9449
2621 105.8050 2.4092 77.0893 2.7254 5.8365 1.9157 33.3759 2.3858 -8.4987 3.0005 6.3105 1.9046 72.5854 2.3978 101.7728 2.2977 49.9143 2.4834 11.9486 2.0424
2622 103.3521 2.4271 78.8957 2.6327 7.8998 1.7673 31.0651 2.4015 -9.1782 3.1186 5.6174 1.5936 72.5612 2.4510 103.9907 2.4260 49.6113 2.5824 14.1103 2.1607
2623 101.2387 2.3953 81.1474 2.5913 9.8346 1.9555 28.7220 2.5234 -9.6862 2.8031 4.5041 1.1272 72.3462 2.4925 106.0326 2.4743 48.4839 2.5653 16.4118 2.3777
2624 98.6347 2.6224 83.3084 2.7065 12.0383 1.9564 26.1647 2.5752 -9.7888 2.5339 3.5032 0.8037 71.6686 2.5816 108.5974 2.3311 47.2277 2.5241 18.6881 2.5667
2625 96.2123 2.3023 85.3803 2.4758 14.0913 2.1685 23.8611 2.5182 -10.0437 2.4272 2.3041 0.9113 70.7431 2.5519 110.2761 2.5831 45.6768 2.4736 21.1606 2.7142
2626 94.0401 2.3840 87.5223 2.6008 16.1510 2.3588 21.7956 2.5196 -10.1808 2.3990 0.9116 0.7158 69.5493 2.5936 112.1037 2.5337 44.2460 2.5575 23.4080 2.4076
2627 91.5335 2.3438 89.5817 2.5245 18.4435 2.4692 19.9690 2.6476 -10.3041 2.4551 -0.1440 0.6733 68.6118 2.5456 113.6944 2.4913 42.2257 2.4585 25.4066 2.6565
2628 89.3430 2.4788 91.7726 2.5974 20.6506 2.4834 17.9681 2.7464 -10.0178 2.5258 -1.1593 0.7218 67.6614 2.4809 114.9092 2.4425 40.3367 2.5318 27.6176 2.6692
2629 87.2764 2.4253 94.4027 2.5291 23.0788 2.5483 16.4109 2.4751 -9.6400 2.5824 -1.7710 0.6789 66.8662 2.6306 116.1673 2.4622 38.3468 2.5546 30.1348 2.4570
2630 85.7127 2.2751 96.7487 2.4994 25.4758 2.4119 15.0127 2.5099 -9.0460 3.2608 -2.3668 0.7120 66.0802 2.4979 116.6406 2.4458 36.3793 2.6157 32.2933 2.3271
2631 84.0914 2.3559 98.8040 2.5541 27.7339 2.5881 14.0088 2.4633 -8.5892 3.8131 -2.6730 0.6018 65.5205 2.5429 116.9232 2.5323 33.8846 2.4305 34.3523 2.5211
2632 82.5542 2.4837 100.7748 2.6960 30.1047 2.3564 13.1099 2.4698 -8.2159 3.9768 -2.9818 0.9843 65.3113 2.5060 117.4693 2.5306 31.8031 2.3532 36.3580 2.6441
2633 81.7372 2.5050 103.0614 2.5087 32.0858 2.4618 12.8527 2.6180 -7.7844 3.9119 -3.1982 1.0748 64.7438 2.6612 116.9723 2.4460 29.5439 2.4274 38.1638 2.4931
2634 81.2567 2.5009 105.4536 2.4330 33.8527 2.5925 12.8313 2.5106 -7.5365 4.1192 -3.1666 1.1724 64.8174 2.5346 116.5220 2.5407 27.5322 2.5068 40.3897 2.5999
2635 80.7003 2.5484 107.6787 2.6577 35.9590 2.5079 13.0351 2.4942 -7.5167 4.6363 -3.2585 1.4695 64.5575 2.5051 115.9041 2.6920 25.1389 2.4676 42.3472 2.5348
2636 80.6968 2.5523 109.9427 2.4372 38.1629 2.5508 13.5252 2.4824 -7.5491 4.8312 -3.5207 2.0166 64.5565 2.4475 114.7872 2.4595 23.0158 2.4084 44.8042 2.6001
2637 80.6292 2.5222 112.1742 2.5570 40.3454 2.4235 14.2743 2.4942 -7.3146 5.0944 -3.4766 2.6339 65.1554 2.3867 113.3552 2.5426 20.9051 2.6066 46.5443 2.4445
2638 81.3428 2.5000 114.1454 2.7567 42.9139 2.2001 15.0333 2.4220 -7.3497 5.4719 -3.7241 3.1496 65.4379 2.4578 111.7043 2.4821 18.7769 2.7550 48.4568 2.5134
2639 81.8057 2.4045 116.5664 2.7024 45.1745 2.4818 16.1063 2.3871 -6.8679 5.6047 -4.1638 3.4504 65.6790 2.4732 109.3373 2.6919 16.7247 2.5673 49.8851 2.5545
2640 82.8986 2.6245 118.9720 2.6496 47.3674 2.2493 17.6162 2.5023 -6.4309 5.7214 -4.6961 3.6976 66.2652 2.4417 107.1599 2.3395 14.5399 2.7122 51.5927 2.6047
2641 84.1927 2.7458 121.5320 2.6245 49.3905 2.5965 19.0102 2.3730 -6.0303 5.5964 -5.3612 3.8547 66.7678 2.4120 104.9536 2.4492 12.2911 2.5344 52.4825 2.5860
2642 85.5588 2.6364 123.8905 2.4479 51.3714 2.3867 20.5965 2.4621 -5.4314 5.2310 -6.0520 3.3475 67.7534 2.4614 102.6508 2.5089 9.9010 2.5086 53.7396 2.5040
2643 87.4837 2.4907 125.7160 2.6226 53.8211 2.2923 21.6048 2.5350 -5.1015 5.1370 -6.3925 3.2720 68.5041 2.5102 100.3712 2.4163 7.9413 2.2108 54.6461 2.3292
2644 89.9220 2.4639 127.7238 2.4897 55.9416 2.5312 22.0277 2.4845 -5.4486 4.7942 -6.8338 3.1291 69.3133 2.4198 98.5291 2.5143 6.0114 2.0561 55.4671 2.4568
2645 92.0603 2.6208 128.9464 2.4970 58.4367 2.7638 22.4883 2.5301 -5.6471 4.8322 -7.7195 3.0363 70.0769 2.4601 96.9791 2.4168 3.5490 1.8045 56.1740 2.5608
2646 94.3212 2.4299 129.8209 2.3073 60.2945 2.9068 22.3716 2.4662 -5.8170 4.6134 -8.1404 3.3186 71.0126 2.5167 95.3931 2.4572 1.5414 1.7329 57.0922 2.4578
2647 96.8261 2.5218 130.9426 2.4714 62.2059 2.5747 22.4640 2.5324 -6.0415 4.3087 -8.7613 3.2826 72.2644 2.5192 94.3821 2.3759 -0.2044 1.7065 57.7419 2.4594
2648 99.4083 2.3389 131.8086 2.3922 64.8639 2.3424 22.2039 2.5437 -6.1545 3.9026 -9.2573 3.3475 73.0116 2.5931 94.0181 2.5595 -2.4146 2.0744 58.6770 2.5703
2649 101.5533 2.6566 132.3206 2.4725 67.1120 2.1966 21.4331 2.6741 -6.8000 3.0561 -9.4666 3.1971 73.8528 2.5912 93.4251 2.4763 -4.3127 2.0237 59.4110 2.5305
2650 103.5797 2.3143 132.5982 2.5077 69.2688 2.4464 20.7761 2.6233 -6.8866 2.3188 -9.5654 2.9909 75.1331 2.5243 93.3342 2.5482 -5.1157 2.3464 60.2868 2.4686
2651 105.8685 2.4081 133.0149 2.4561 71.1711 2.3905 19.0572 2.5122 -6.8404 1.5972 -9.8948 3.0739 76.3410 2.4389 93.8297 2.4063 -6.1218 1.9838 60.6967 2.4001
2652 107.5641 2.3213 132.9268 2.5052 73.1336 2.5329 17.8098 2.5333 -7.0113 0.9675 -9.9996 2.9560 78.1685 2.4193 94.2647 2.4040 -6.8535 1.9102 61.2039 2.4900
2653 109.6772 2.4914 132.7079 2.5199 75.4198 2.5102 15.9438 2.5072 -7.3054 0.8933 -9.6662 2.3898 80.2815 2.4401 95.1393 2.3980 -7.4687 2.5383 61.9163 2.5334
2654 112.5256 2.9143 131.9755 2.6589 77.3620 2.3604 14.0927 2.3373 -7.3892 0.9498 -9.3965 2.1862 82.4681 2.4521 96.2625 2.4295 -7.8872 3.1133 63.1747 2.3989
2655 114.9639 2.5670 131.0671 2.5851 78.9874 2.5496 12.1940 2.0271 -8.1411 0.8440 -9.3203 1.9657 84.6308 2.4019 97.6514 2.4463 -8.4783 3.3192 64.6912 2.5914
2656 116.9084 2.6350 130.2552 2.5375 80.2847 2.6707 10.3260 2.1446 -8.6466 0.5610 -9.0761 2.1077 86.6027 2.4899 99.1657 2.3806 -8.9079 3.6758 66.6281 2.4416
2657 119.3611 2.4394 128.7387 2.6242 81.8905 2.4049 8.6329 1.8735 -8.4250 0.8078 -8.9049 2.2436 88.1534 2.4348 101.3270 2.4909 -9.5206 3.9204 68.8852 2.5748
2658 121.4922 2.4564 126.7450 2.4561 82.9958 2.5348 6.9748 1.8624 -8.4691 1.3362 -8.8755 2.3377 90.3480 2.5223 103.9543 2.4482 -9.9027 4.2584 71.2225 2.5469
2659 124.0052 2.4692 125.0011 2.5486 83.2820 2.6524 5.5596 1.6324 -8.3635 1.6410 -9.2140 2.0518 92.1239 2.7637 106.0192 2.5405 -9.6807 4.4122 73.4953 2.5858
2660 126.4507 2.4164 123.2388 2.3864 83.8942 2.5508 3.7846 1.7094 -8.2604 1.8672 -9.6044 1.8815 94.2998 2.7211 108.2859 2.5277 -9.9135 4.2425 75.4878 2.3752
2661 128.5724 2.4142 121.5576 2.5255 83.8114 2.4592 2.0623 1.5793 -8.0046 2.3152 -9.6952 1.9700 96.0172 2.4930 110.4978 2.3491 -9.5361 4.2027 78.0001 2.4271
2662 130.9751 2.4053 120.2262 2.5621 83.7282 2.5220 1.0526 1.3697 -7.7152 2.4821 -9.8993 1.7397 98.3555 2.4624 112.4714 2.5151 -9.3082 4.2064 80.1078 2.5637
2663 133.4606 2.3931 118.8687 2.4191 83.6983 2.4396 0.4152 1.0156 -7.6864 2.6887 -10.0124 1.9061 100.4395 2.4621 114.6100 2.4653 -8.9899 3.7614 81.8027 2.6231
2664 135.8382 2.3020 117.8337 2.3755 83.4909 2.4396 -0.6751 1.2077 -7.5877 3.0384 -10.0644 1.8186 102.8910 2.3086 117.0284 2.7584 -8.7767 3.4274 84.1753 2.3957
2665 138.5329 2.5470 117.3773 2.4003 83.0028 2.5435 -1.6929 0.8674 -7.5308 3.0661 -10.1850 1.7777 104.8614 2.5013 119.8035 2.3981 -8.1982 3.2242 86.4762 2.4384
2666 141.1042 2.5932 116.7740 2.5296 82.6356 2.5219 -3.0592 0.3943 -7.5437 3.0618 -9.9293 2.4482 106.6280 2.5585 121.8634 2.4755 -8.1863 2.9629 88.8137 2.5352
2667 143.5657 2.3049 116.6363 2.6041 82.3627 2.4371 -3.7980 0.0637 -7.2369 3.0867 -9.4038 2.6129 108.3616 2.6362 124.0642 2.4942 -8.2508 2.3061 91.1095 2.5727
2668 145.8644 2.5294 116.5312 2.3979 82.0357 2.5657 -4.1403 0.3734 -7.0703 3.3662 -8.7617 2.9379 109.8980 2.5067 126.4073 2.4789 -7.9902 1.8452 93.2878 2.6480
2669 148.1955 2.4788 116.9066 2.4394 81.7630 2.3738 -4.5653 0.5363 -6.7919 4.0168 -8.6432 2.9998 111.2165 2.3250 128.9136 2.4661 -7.7172 1.3071 95.4586 2.5553
2670 150.6137 3.0911 118.0266 2.4166 82.0751 2.5019 -4.8430 0.5919 -6.7619 4.5218 -8.0450 2.9640 112.0225 2.4955 131.1814 2.4873 -7.0023 1.1155 97.5529 2.5705
2671 152.9376 2.9047 119.1925 2.3889 81.9215 2.5192 -5.0587 1.0058 -6.8346 4.6205 -7.9384 2.9632 113.1996 2.5435 133.1681 2.5899 -6.5285 0.9854 99.9551 2.3986
2672 155.3539 2.9998 120.4511 2.3273 81.9683 2.5254 -5.4258 1.0743 -6.6576 4.7092 -7.8998 3.0652 114.2334 2.5485 135.5080 2.6901 -6.0162 1.2478 102.5180 2.5893
2673 157.2618 3.2465 121.8319 2.4189 81.9910 2.4577 -5.5064 1.4858 -6.4235 4.2965 -8.0251 3.2829 114.7778 2.4792 137.8920 2.5599 -5.5517 1.1312 104.9836 2.6351
2674 158.9156 3.5127 123.5425 2.4037 82.2422 2.5832 -5.4752 1.9832 -6.2331 4.3872 -7.9384 3.4649 114.5702 2.4561 140.2962 2.5394 -4.9618 1.9937 106.8815 2.5206
2675 159.9276 3.9085 125.4386 2.4876 82.3431 2.5158 -5.5576 2.3903 -6.2089 4.1665 -7.9647 3.0396 114.4751 2.4369 142.7707 2.5445 -4.5176 2.5804 109.5096 2.8660
2676 161.4105 3.7656 127.5726 2.5971 82.7402 2.5681 -5.7649 2.8815 -6.0562 3.7700 -7.9173 3.0686 113.8478 2.5194 145.0171 2.6824 -4.5864 3.0207 111.7943 2.5357
2677 162.7632 4.3169 129.8098 2.5313 82.8126 2.5931 -6.1933 2.8334 -6.0901 3.2910 -7.8199 2.5797 112.9042 2.4787 147.5304 2.6323 -4.2534 3.1723 114.4981 2.5781
2678 163.7227 4.6750 132.3242 2.4588 83.5606 2.4538 -6.3588 2.8227 -6.0307 2.6590 -7.4522 1.8855 112.1120 2.5535 149.5470 2.5623 -4.2423 3.4235 116.6640 2.6704
2679 164.8470 4.7258 134.7629 2.5105 84.0379 2.5552 -5.8304 2.9848 -5.6318 2.6017 -7.5190 1.4065 110.6801 2.5055 151.6458 2.8914 -4.5425 3.8088 118.9072 2.4950
2680 165.7364 4.9653 136.7758 2.5332 84.6434 2.5135 -5.8987 3.5994 -5.5918 2.5224 -7.4317 0.8491 109.1413 2.5278 153.7556 3.0337 -5.1656 3.5683 121.0344 2.4998
2681 166.6795 5.0657 139.2855 2.5470 84.8528 2.5070 -5.7639 3.7981 -5.3655 2.5249 -7.2409 0.5373 107.3582 2.6432 155.0840 3.3406 -5.7431 3.3919 123.8500 2.6863
2682 167.3411 4.9212 141.2518 2.3709 85.4744 2.5245 -5.9874 4.0819 -5.3066 2.0328 -7.1787 0.1283 105.0328 2.5932 156.6293 3.4383 -6.1969 3.7821 126.1732 2.5257
2683 167.9731 4.8494 143.5244 2.4650 85.5863 2.4982 -5.9924 3.9176 -5.2514 1.8037 -7.2188 0.0114 102.6331 2.4413 157.6942 3.7143 -6.2175 4.3808 128.6718 2.5950
2684 167.9652 4.8787 145.7062 2.6011 85.1667 2.4157 -5.9375 3.4300 -5.4931 1.8859 -7.1830 0.4241 100.3105 2.6126 158.5746 3.6226 -6.9027 4.7561 130.7009 2.4898
2685 167.9622 4.6450 147.6938 2.7870 84.6592 2.3212 -6.2924 2.7105 -5.8900 1.3905 -6.9112 1.0795 98.2872 2.3842 159.5183 3.4265 -7.2441 5.3680 133.1641 2.5268
2686 167.7825 4.4457 149.6793 2.9936 83.7110 2.4328 -6.6756 2.1498 -6.1746 1.1813 -6.5284 1.4670 95.8960 2.4418 159.9596 3.3582 -7.2101 5.6378 135.5084 2.4636
2687 167.4810 4.0689 152.0995 3.2811 82.6765 2.5296 -7.3897 1.9325 -6.5679 1.1739 -6.3688 2.0517 93.8474 2.6395 159.9842 3.0587 -7.5075 5.6751 137.5013 2.4331
2688 166.7827 3.9919 153.7414 3.4727 81.2761 2.3440 -7.8357 1.8099 -6.6413 0.9337 -6.1430 2.3938 91.4699 2.6578 159.4465 3.1128 -7.2395 6.0233 139.5228 2.5835
2689 166.2919 3.5723 155.8716 3.5529 80.1062 2.4647 -8.3365 2.1075 -6.7826 1.2506 -5.4192 2.5806 89.6338 2.6047 158.6846 3.4518 -7.0514 5.5664 142.0351 2.3646
2690 165.3780 3.2931 156.8382 3.6555 79.1395 2.5207 -9.0436 2.4690 -6.4716 1.8223 -5.0071 2.8411 87.7247 2.4749 157.6102 3.3777 -6.8985 5.3426 143.8305 2.6460
2691 164.8352 3.0574 157.8690 3.4521 78.1104 2.5962 -9.3302 3.3344 -6.5302 2.5495 -4.4214 3.1866 85.9815 2.4957 155.8758 3.1100 -5.9691 5.0805 146.2332 2.3847
2692 163.9087 2.6758 158.6796 3.6499 77.2378 2.5144 -9.8740 3.8304 -6.5244 2.4235 -4.1762 3.2817 84.4997 2.3393 154.1040 2.9963 -5.1615 4.9876 148.7907 2.3320
2693 162.5626 2.1329 159.5961 3.6315 76.6989 2.5458 -9.4917 4.1800 -6.6853 2.5172 -3.8866 3.7208 83.4038 2.5256 152.2725 3.1769 -3.9258 4.8471 151.1637 2.3282
2694 161.2962 1.8720 159.8466 3.8076 76.2285 2.5106 -8.9431 4.0914 -6.9370 2.8603 -3.5750 4.3574 82.5961 2.5612 149.9785 3.0638 -2.5702 4.7204 152.8891 2.9273
2695 159.3054 1.8599 159.7507 4.0013 75.5501 2.5334 -8.4476 3.6417 -6.8307 2.9145 -2.5985 4.4770 82.3809 2.5361 147.7330 3.0460 -1.0721 4.6179 154.3958 2.8974
2696 157.2045 1.7848 159.7022 3.8451 75.2204 2.5440 -7.9082 3.4770 -6.2889 3.1988 -1.6439 4.3710 82.1271 2.4916 145.3950 2.6774 0.4477 4.2642 155.7678 2.9159
2697 154.8453 1.9869 159.3342 3.8254 75.2091 2.5013 -7.2778 3.2218 -4.9038 3.1577 -0.6403 4.5576 82.5051 2.5278 142.9100 2.4022 2.4924 3.9108 156.6693 3.1680
2698 152.6333 2.1603 158.6491 3.5241 75.4499 2.4159 -6.8685 3.0722 -3.6132 3.5654 0.6159 4.4919 82.4145 2.4357 140.4730 2.4394 4.3830 3.7732 157.9274 3.1276
2699 150.6930 2.7317 157.1393 3.4214 75.7811 2.5160 -6.6558 3.4306 -2.1737 3.9001 1.8603 4.2174 82.8864 2.5992 138.3316 2.7774 6.0596 3.5475 158.6731 3.2310
2700 148.7139 2.7467 155.4194 3.2577 76.4346 2.4324 -6.3081 3.5721 -0.5069 3.8393 3.8837 3.8470 83.9463 2.5619 136.1711 2.4811 7.2854 3.2797 159.3132 3.1564
2701 146.1934 2.5489 154.0829 3.1658 77.2613 2.3409 -6.4814 4.0747 1.3904 4.0745 5.7241 3.8094 85.2526 2.5446 133.8299 2.3896 8.3200 2.9246 160.2051 3.1394
2702 143.5375 2.4420 152.2096 3.0839 78.7710 2.5008 -6.2913 4.3430 3.3763 3.9884 7.2929 3.3039 86.6552 2.5189 131.4356 2.5861 8.6539 2.7299 160.6650 3.0032
2703 141.1311 2.5535 149.9882 2.8635 80.6197 2.4031 -6.4753 4.0872 5.2627 3.7592 9.4215 3.0301 88.3960 2.5104 129.1784 2.5472 9.2956 2.5496 161.0175 3.0239
2704 139.2565 2.5448 147.8806 2.5479 82.6243 2.5548 -6.5262 3.8927 6.9530 3.3291 10.9900 2.6960 90.4447 2.6101 127.3441 2.4329 9.6600 2.4789 161.9174 2.8611
2705 137.3167 2.5721 145.7818 2.5215 84.6836 2.7366 -6.7127 3.4244 9.1260 3.1792 13.0514 2.6021 92.5920 2.4886 125.0106 2.4258 9.9152 2.5358 162.5425 2.5915
2706 134.8527 2.4065 143.8437 2.4072 86.8665 2.6356 -7.0759 3.3549 11.5226 2.8481 15.1203 2.7911 94.8907 2.6734 122.9204 2.5193 9.5753 2.5611 163.3367 2.4996
2707 132.3460 2.7169 141.5966 2.4672 89.2876 2.6015 -7.3310 3.2176 13.7720 2.8989 17.6178 2.6226 97.3703 2.5387 120.2872 2.5414 9.3869 2.4691 163.5699 2.3154
2708 129.8079 2.4921 139.4550 2.5523 91.5226 2.5869 -7.3955 3.6067 15.9691 2.6218 19.7576 2.6257 99.3322 2.3933 117.9124 2.4161 8.8375 2.4497 163.4080 2.2574
2709 127.7320 2.4724 137.4774 2.4237 93.4831 2.4115 -7.6662 4.2874 18.2108 2.3773 21.8605 2.2731 101.3088 2.5124 115.5824 2.3886 7.5657 2.5991 162.9458 1.7409
2710 125.6258 2.5423 135.1257 2.6433 96.0970 2.4699 -7.3502 4.5448 20.6350 2.5164 24.0798 2.3335 103.2381 2.4291 113.3347 2.6244 6.2308 2.5893 162.9204 1.6594
2711 123.1144 2.5077 133.2911 2.7744 98.5780 2.5656 -7.6039 5.0921 23.1662 2.3175 26.1911 2.5867 104.6991 2.4543 111.2569 2.4472 4.6543 2.8820 163.2517 1.3684
2712 120.7449 2.5461 131.0106 2.5753 101.0800 2.4954 -7.9412 5.3787 25.5221 2.4886 28.4661 2.5530 106.1675 2.4841 109.1533 2.4559 3.1881 3.3089 163.7999 0.9807
2713 118.5361 2.5439 129.0152 2.5786 103.2355 2.3875 -8.5614 5.4978 27.8651 2.2704 30.5331 2.5434 107.0875 2.5282 106.9360 2.6530 1.8969 3.8529 164.5666 0.8515
2714 116.2000 2.4796 127.0486 2.4705 105.6521 2.5467 -8.6881 5.5339 29.9990 2.4459 32.4548 2.3178 108.3412 2.4956 104.9903 2.4924 0.3476 4.1490 165.3591 0.5998
2715 113.9785 2.3508 124.6868 2.7891 108.3369 2.4739 -8.9458 5.2926 31.9343 2.4385 33.9872 2.3819 108.6216 2.5441 102.7669 2.4711 -0.7084 4.3101 165.6706 0.3193
2716 111.8038 2.5576 122.3562 2.6873 110.5124 2.5269 -9.2093 5.2744 34.2611 2.3151 35.6646 2.2686 108.7937 2.4896 100.5347 2.5940 -2.1758 4.5251 165.9408 -0.0945
2717 109.3301 2.6659 120.2309 2.6283 112.7412 2.5585 -9.4554 5.1474 36.3626 2.3672 36.9623 2.3778 108.8426 2.4576 98.8307 2.4927 -3.2970 4.4640 165.8696 0.0191
2718 106.9351 2.3989 117.9286 2.4243 115.3966 2.5887 -9.0719 4.8301 38.8970 2.5149 37.6695 2.4465 108.8433 2.4751 96.8670 2.4919 -4.1720 5.0454 165.7013 0.3493
2719 104.2690 2.5071 115.6983 2.5541 117.6300 2.6486 -8.5526 4.5983 41.0101 2.5374 38.3046 2.4753 108.1092 2.4356 94.5734 2.5074 -4.5006 5.2224 165.3210 0.3685
2720 102.0346 2.6034 113.0601 2.7092 119.7076 2.6050 -8.0697 3.9024 43.2130 2.6512 38.7004 2.6060 107.0483 2.3559 92.2678 2.5396 -4.8368 5.1877 164.9380 0.6224
2721 99.6278 2.7410 110.8190 2.6671 122.2530 2.5092 -8.0554 3.2311 45.4456 2.4809 39.0718 2.5269 105.7310 2.4079 90.8371 2.3640 -5.6383 5.6315 164.5168 1.1095
2722 97.4274 2.4319 108.1980 2.3990 124.4386 2.7152 -7.9525 2.7270 48.2994 2.3306 39.1697 2.5472 104.5029 2.5372 89.4291 2.5689 -5.6386 5.4319 164.4393 1.6099
2723 94.7220 2.7589 105.9028 2.3091 126.8587 2.4620 -7.5390 2.0978 50.5803 2.3400 39.0042 2.5517 103.0690 2.3523 88.5287 2.6815 -5.9908 5.6118 164.3310 1.9640
2724 92.8038 2.5711 103.8047 2.6345 129.4883 2.4992 -7.0495 1.5198 53.0993 2.4718 38.3522 2.4171 101.0293 2.3758 87.7115 2.4204 -6.5470 5.4858 164.0691 2.3662
2725 90.2808 2.5705 101.7384 2.3024 131.3047 2.4453 -7.3846 0.9343 55.4451 2.5512 37.4340 2.3726 98.9009 2.5637 86.9617 2.4253 -7.0679 5.9463 163.8070 2.6033
2726 88.5197 2.6202 99.2118 2.2724 132.8312 2.5905 -7.3682 0.1801 57.2078 2.6752 35.8592 2.3875 96.5466 2.4125 86.1520 2.5400 -7.2049 5.3712 163.3861 2.0914
2727 86.6102 2.7808 96.6469 2.5632 134.6207 2.3971 -7.2350 0.0047 58.9306 2.4234 34.5983 2.5533 94.5809 2.5165 86.2791 2.4409 -7.7623 4.7140 162.3373 2.1011
2728 84.2044 2.3316 94.6665 2.6809 136.0314 2.5356 -7.4113 -0.4540 60.9108 2.6535 32.5305 2.4818 92.4716 2.6087 86.3381 2.5263 -7.8581 4.2456 160.8688 1.7165
2729 82.1904 2.3977 92.3611 2.4231 137.1308 2.4983 -7.3335 -0.6641 62.2270 2.5029 30.2884 2.5541 90.2735 2.4343 87.0843 2.4150 -8.0478 3.9581 159.2825 1.7899
2730 80.1279 2.5870 89.9431 2.7928 137.8833 2.5939 -7.7688 -0.4293 63.0331 2.4004 27.8798 2.5354 87.7798 2.6492 88.0392 2.5615 -8.8353 3.4168 157.5099 1.6785
2731 78.1348 2.6984 87.6200 2.5686 138.5085 2.4897 -7.5060 -0.7190 63.9471 2.4459 25.6878 2.4841 85.0314 2.5811 89.0074 2.4745 -9.1218 2.6700 155.8093 1.8291
2732 75.5006 2.5098 85.0106 2.5295 138.8006 2.5521 -7.1831 -0.6663 64.4961 2.4823 23.6289 2.4360 82.8744 2.4782 90.6575 2.4749 -9.3052 2.2352 154.1154 2.0743
2733 73.2466 2.5538 82.7364 2.5426 139.2560 2.4421 -7.2534 -0.3214 64.9328 2.5184 21.3671 2.5513 80.7066 2.5951 92.6203 2.5109 -9.4452 1.9562 152.1514 2.2513
2734 71.0211 2.3672 80.7392 2.4840 138.7988 2.4647 -7.4901 -0.3489 64.7344 2.4885 18.8511 2.3204 78.9629 2.6983 94.9236 2.6915 -9.6827 1.6531 150.1821 2.7532
2735 68.5408 2.5483 78.6737 2.4002 137.8993 2.3966 -7.8024 -0.3068 64.7165 2.5952 16.4293 2.4321 77.4478 2.4800 96.9249 2.6167 -9.5770 1.2952 148.0060 2.7039
2736 66.5131 2.5562 76.7543 2.6165 137.2047 2.4743 -8.0970 -0.6650 63.9582 2.5208 14.2719 2.5874 75.6772 2.4721 99.0362 2.3056 -9.6639 0.8334 145.3382 2.6579
2737 64.4366 2.5654 75.4127 2.5080 135.6648 2.4240 -8.7493 -0.7248 63.2678 2.4988 12.0849 2.8515 74.6895 2.6331 101.1189 2.5264 -9.4272 0.4322 143.0169 2.6414
2738 61.6826 2.5072 73.5848 2.5631 133.8934 2.3855 -9.0978 -0.2608 61.8518 2.7319 10.5647 2.7885 73.7599 2.4701 102.6370 2.6237 -9.4848 0.1642 140.6716 2.5987
2739 59.5033 2.6612 72.9050 2.4151 132.1496 2.5254 -9.1974 -0.1108 60.1923 2.5674 8.3073 3.1153 73.0637 2.6742 105.1614 2.5448 -9.4596 0.1627 138.4941 2.5488
2740 57.0534 2.5854 71.7796 2.4095 130.1422 2.4251 -9.1190 -0.0011 58.0325 2.6288 6.2566 3.6721 72.3937 2.4546 107.5345 2.4982 -9.1366 0.7149 136.1326 2.5743
2741 54.4046 2.4879 71.2259 2.5455 127.8085 2.4481 -9.0878 0.2086 56.0977 2.4877 4.2284 3.8887 72.9341 2.3942 109.9963 2.5792 -8.6194 1.0450 133.5498 2.6052
2742 52.2889 2.6821 71.0324 2.4954 125.2561 2.4906 -9.2382 0.5815 53.7800 2.4205 2.2771 3.8150 73.3742 2.4781 112.3179 2.5961 -8.0604 1.4516 131.3053 2.5489
2743 49.6374 2.7162 71.0999 2.4997 123.2803 2.4106 -9.4525 0.6287 51.3900 2.3919 0.5104 3.4001 74.1294 2.5547 114.6886 2.7676 -7.5493 1.8682 129.1672 2.4201
2744 47.3785 2.5161 71.2710 2.5704 121.2215 2.3673 -9.1945 0.2015 49.0788 2.4713 -1.0582 3.1958 74.8915 2.4920 116.7690 2.5541 -6.9784 2.3022 127.4230 2.4761
2745 45.5485 2.4915 72.1324 2.4821 119.7340 2.3807 -9.2004 0.1340 47.0897 2.4670 -2.1440 3.0740 76.2750 2.4076 119.2517 2.5222 -6.5457 2.2516 125.7390 2.2902
2746 42.9594 2.8881 73.1497 2.3614 118.1856 2.4824 -8.6491 -0.4577 44.7831 2.3283 -3.0242 2.7299 77.9114 2.5692 121.5118 2.4860 -6.7966 2.5971 124.7005 2.4890
2747 40.9279 2.4518 74.4438 2.3282 117.8473 2.3539 -7.9512 -0.7319 42.1300 2.5684 -3.4905 2.7588 79.8406 2.5030 124.2105 2.5623 -7.2612 3.0012 123.8560 2.3796
2748 38.7639 2.6085 75.9830 2.5239 117.2810 2.5486 -7.4412 -0.8854 39.8366 2.4672 -4.4806 2.4883 81.6142 2.3918 126.4841 2.4658 -7.0732 3.4716 123.2272 2.3808
2749 36.6400 2.6198 77.9863 2.3639 116.9978 2.4892 -7.2937 -0.4882 37.9599 2.6488 -4.9539 2.0774 83.9827 2.2532 128.4105 2.4232 -6.7737 3.6197 122.8084 2.5328
2750 34.6898 2.4909 80.5299 2.3742 117.1757 2.4954 -7.0224 -0.4653 35.2954 2.7837 -5.2153 1.5229 86.2111 2.4405 130.4491 2.4651 -6.2489 3.5577 122.6075 2.5773
2751 32.7800 2.5824 82.7394 2.5180 117.3326 2.5489 -5.7698 -0.2282 33.0572 2.5566 -5.8398 1.1676 88.1578 2.7214 133.2994 2.6487 -5.7778 3.2365 123.0877 2.4142
2752 31.2844 2.4443 84.8855 2.5329 117.6321 2.6060 -4.9164 0.1689 30.8371 2.5898 -5.9263 1.0088 90.1131 2.5493 135.7936 2.7513 -5.1554 2.8664 123.4569 2.4709
2753 29.7970 2.4873 87.2333 2.4022 118.3673 2.5545 -3.8805 -0.0731 29.4705 2.5294 -5.8366 1.0974 92.4415 2.6177 138.0682 2.5696 -5.4966 2.1900 124.4224 2.4736
2754 28.7523 2.5119 89.2200 2.5987 119.3154 2.4819 -2.9307 0.2789 27.8531 2.4354 -5.8729 0.9425 94.5745 2.3769 140.0172 2.5270 -5.4572 1.7129 125.3949 2.4786
2755 28.3493 2.5528 91.6098 2.6353 120.7592 2.4586 -1.9530 0.3363 26.5920 2.4462 -5.4830 0.5879 96.8072 2.4068 142.1491 2.4739 -5.7699 1.1246 126.5400 2.3712
2756 28.6500 2.5405 94.0231 2.4924 122.4892 2.4664 -0.9593 0.6602 25.8279 2.3370 -5.1792 0.3692 98.7008 2.6425 144.5387 2.5155 -5.9843 0.7497 128.4246 2.5177
2757 29.0077 2.5224 96.6391 2.3932 124.2565 2.2785 0.2358 0.7146 24.9030 2.5043 -4.8063 0.5972 101.1369 2.3450 146.9246 2.8021 -6.5570 0.3861 130.6635 2.6839
2758 29.3004 2.4985 98.7731 2.5113 125.8804 2.4343 1.0107 1.4386 24.6759 2.5519 -4.6367 0.2870 103.2916 2.5107 149.0667 2.8203 -6.9034 0.4570 132.9945 2.5098
2759 30.2846 2.5506 101.1334 2.5644 128.0941 2.4453 1.7309 1.7445 24.6754 2.4986 -4.9421 -0.2235 105.4309 2.4531 151.0982 3.2128 -7.7603 0.8709 135.1117 2.5417
2760 31.1279 2.5318 103.3615 2.3454 130.3750 2.4819 2.2431 2.0326 24.7201 2.5740 -5.4639 -0.3925 107.7658 2.5967 153.0291 3.4017 -8.5993 0.9963 137.2387 2.5881
2761 32.5689 2.7080 105.7725 2.2126 132.5172 2.3909 2.7248 1.9797 24.7320 2.6159 -5.9262 -0.4792 109.5072 2.7396 155.0965 3.7735 -8.9497 0.8578 138.9906 2.4127
2762 34.5552 2.6855 107.9821 2.3348 134.5606 2.6033 2.9252 1.9312 25.9511 2.5568 -6.9591 -0.3298 112.0397 2.4419 156.9242 4.1781 -9.3216 1.0733 140.9261 2.4415
2763 36.2201 2.7577 110.5594 2.4794 137.1356 2.5470 3.1451 1.8978 27.2767 2.3119 -7.7593 0.1093 114.3032 2.3300 158.9117 4.3571 -9.4352 1.0640 143.3657 2.3875
2764 38.0613 2.6517 113.2268 2.3654 139.4305 2.5766 3.0273 1.7576 28.6018 2.4449 -8.4016 0.4652 116.7719 2.4249 160.6890 4.4126 -9.6023 1.0668 145.6080 2.1975
2765 40.6350 2.5398 115.7391 2.6653 141.9669 2.6381 2.5456 1.2165 29.8289 2.5187 -8.6544 1.0450 119.1103 2.4900 162.5378 4.1021 -9.8885 1.0421 148.2542 1.9138
2766 43.5101 2.4464 117.6458 2.5417 144.0940 2.5069 1.7587 0.8505 31.0076 2.6464 -8.5296 2.0660 121.3441 2.5456 163.8039 3.6847 -10.1368 1.1380 150.5965 1.8188
2767 45.7321 2.4318 119.8091 2.4995 146.5676 2.5333 1.0482 0.7336 32.5112 2.6042 -7.7997 2.8289 123.5826 2.6139 164.8316 3.1986 -9.8163 1.1330 152.8790 1.3069
2768 48.4086 2.4799 122.0044 2.4450 148.5660 2.4735 -0.1156 0.6682 33.7600 2.4271 -7.3646 3.4736 126.0308 2.4111 165.5298 2.6663 -9.5254 1.3034 154.6256 1.2556
2769 50.5596 2.5878 124.4312 2.3814 150.6514 2.3113 -1.4331 0.6334 34.3370 2.5499 -7.1840 3.7399 128.4214 2.4529 166.1195 2.2752 -9.3668 1.3230 156.1816 1.5165
2770 52.6836 2.4730 126.3175 2.5534 152.9272 2.3110 -2.9169 0.4613 35.2739 2.5345 -7.1700 4.0063 130.4790 2.4595 166.9738 1.8523 -9.0117 1.1116 157.5777 1.4762
2771 55.0894 2.6477 128.9727 2.6820 154.9481 2.1828 -4.5078 0.4487 35.6935 2.5359 -6.9000 3.7169 132.6393 2.6162 167.2529 1.8090 -8.7321 0.9377 158.4472 1.4684
2772 57.3701 2.5760 131.3446 2.5142 157.3404 1.5982 -5.7503 0.7870 35.8320 2.5880 -6.8321 3.5183 135.1913 2.7534 167.6405 1.6908 -8.6681 0.5741 158.8619 1.6261
2773 59.7587 2.2781 133.2747 2.5925 159.1411 1.6097 -7.0256 1.4972 35.7084 2.5449 -6.5692 3.4794 137.2735 2.3787 168.0739 1.4523 -8.6180 0.7201 159.3306 1.6464
2774 61.9796 2.3210 135.9081 2.4259 160.8882 0.9474 -7.5983 1.6038 35.1373 2.5473 -6.7472 3.2742 139.4771 2.6799 168.2613 1.0124 -8.7093 0.0586 159.2918 1.5943
2775 64.4964 2.6001 138.4144 2.4399 162.0549 1.0113 -7.7734 2.1912 34.2277 2.5444 -6.2613 2.9265 141.2017 2.6327 168.4562 0.4395 -8.2266 -0.2703 159.0090 1.7365
2776 66.5755 2.5474 139.8498 2.4564 162.6255 0.7705 -8.4478 2.4469 33.4259 2.5175 -6.1195 2.7953 143.1043 2.5570 168.5553 -0.1257 -7.8141 -0.6214 158.2221 1.6948
2777 68.7752 2.3112 142.1221 2.4767 163.5496 0.9316 -8.6090 2.5768 31.7193 2.5250 -5.7105 2.1702 144.2929 2.3788 168.4842 -0.4514 -7.5662 -0.9030 157.0682 1.7886
2778 71.1942 2.4678 144.8360 2.3053 164.1461 0.4896 -8.2005 2.5628 29.9226 2.3689 -5.1641 1.7986 144.6881 2.4370 168.0067 -0.4975 -7.0081 -0.9887 155.2944 1.6736
2779 73.6276 2.4287 147.0166 2.3030 164.9307 0.5086 -8.0081 3.2301 28.2166 2.6645 -4.8419 1.6034 144.8557 2.4253 167.8870 -0.5550 -6.7744 -0.8449 153.6824 1.9300
2780 75.9140 2.4057 149.3866 2.2839 165.8219 0.0859 -8.0688 3.7781 25.9706 2.7713 -4.8903 0.9197 145.4117 2.4720 167.5145 -0.3403 -6.4517 -0.3440 151.9374 2.1052
2781 78.3644 2.5114 151.4223 2.4762 166.2894 0.1221 -8.0511 4.5127 23.9575 2.4265 -4.9155 0.5071 145.0165 2.4855 167.2337 -0.3391 -6.7285 0.1919 149.7660 2.1255
2782 80.8363 2.5355 153.3911 2.0499 166.7677 -0.0241 -8.3951 4.8731 22.0551 2.6289 -5.0141 0.4071 144.6251 2.4244 167.0609 -0.1847 -7.0017 0.5375 147.5507 2.1039
2783 83.4023 2.6013 155.4443 1.6206 167.3561 -0.1799 -8.3598 5.0602 19.5157 2.4954 -5.5493 -0.1901 144.0814 2.5151 166.5506 -0.2372 -7.3034 0.6188 145.3979 2.4047
2784 85.7069 2.4037 157.4393 1.0623 167.7541 -0.4777 -8.5249 5.6115 17.1677 2.6314 -6.2895 -0.6668 143.0254 2.4532 166.3357 -0.1577 -7.6596 0.4350 143.1319 2.6454
2785 88.1586 2.5205 159.3044 0.8419 167.9014 -0.4526 -8.2388 5.3163 14.7394 2.3287 -7.0609 -1.0955 141.1959 2.5890 166.4202 -0.0275 -7.6031 -0.1000 140.9182 2.2620
2786 90.1295 2.5193 160.9341 0.4745 167.8705 -0.5481 -8.3872 5.0742 12.4259 2.1253 -7.5579 -0.8815 139.7395 2.5301 166.4986 0.0034 -7.7296 -0.4049 138.8358 2.5069
2787 91.7919 2.4004 162.5511 0.7015 168.0857 -0.2291 -7.9694 4.5930 10.2248 1.8844 -8.2155 -0.7096 137.7998 2.4259 166.7036 0.3878 -7.7133 -0.5873 136.3919 2.4295
2788 93.0853 2.4050 163.8551 0.9357 168.3252 -0.0911 -7.8955 4.3448 7.7257 1.5598 -8.5333 -0.3761 135.9398 2.4782 167.1025 0.8740 -7.9048 -0.8576 133.9519 2.5904
2789 94.5877 2.3505 165.4478 0.9306 168.6608 -0.0436 -8.1113 3.6276 5.8944 1.2180 -8.4904 0.0840 133.6744 2.5820 167.3483 1.2741 -8.0374 -1.0199 131.3880 2.5288
2790 95.7715 2.4899 166.8012 1.0482 168.8081 -0.1219 -8.0035 2.9509 3.6769 1.0385 -8.7388 0.6147 131.4159 2.6672 166.9661 1.3742 -8.0566 -0.7940 128.8646 2.6008
2791 96.4800 2.4711 167.4365 1.2118 168.8878 -0.0819 -8.4290 2.6352 1.7086 1.0817 -8.5968 1.3324 129.0910 2.5645 166.7084 1.5709 -8.1061 -0.5622 126.3671 2.5300
2792 97.1173 2.5444 168.1783 1.0485 169.0959 -0.3252 -8.8139 2.4938 -0.3708 0.6634 -8.3762 1.7240 127.1545 2.5202 165.9920 1.6285 -8.3105 0.0240 123.9693 2.7191
2793 97.5424 2.4905 168.8702 0.6824 169.2623 0.0910 -9.2407 2.3590 -2.0225 0.7373 -8.2119 2.0157 124.8236 2.4185 165.4453 1.6544 -8.5016 0.7158 121.8145 2.7247
2794 97.2163 2.4290 169.6337 0.8347 169.5376 -0.0685 -9.7863 1.7787 -3.4117 0.5425 -7.9111 2.1953 122.6808 2.3888 165.4806 2.2681 -9.1334 0.9562 119.2037 2.6445
2795 96.8597 2.5436 170.2970 0.9990 169.3323 -0.2162 -9.9236 1.3911 -4.5045 0.3043 -7.8191 2.5005 120.3126 2.3456 165.4755 2.6423 -9.8107 0.6440 117.0290 2.6139
2796 96.6842 2.5273 170.4570 1.3129 169.4038 0.2766 -10.4417 1.1611 -5.7203 0.0207 -7.6088 3.0742 118.3332 2.4045 165.4724 2.6964 -10.1226 0.4571 114.8430 2.4866
2797 96.1185 2.6244 171.0626 1.3650 168.8960 0.6992 -10.2632 1.0997 -7.0731 -0.1484 -7.7443 3.2824 116.7993 2.3360 165.3457 3.0097 -10.0003 0.5003 112.3745 2.6516
2798 95.5377 2.5100 171.2961 1.5205 168.4955 1.1601 -10.1555 1.1000 -8.0735 0.0445 -7.3142 3.4564 115.4139 2.4741 165.6185 3.0049 -9.6153 0.6513 109.9005 2.4838
2799 95.3620 2.5594 171.4428 1.7247 168.3976 1.6026 -10.1005 1.4745 -8.8294 0.3927 -7.5907 3.3148 114.3811 2.5137 165.6282 2.9491 -9.9204 0.6248 107.5832 2.4811
2800 94.8621 2.4735 171.3069 1.6220 168.0470 1.5250 -9.6455 1.9462 -9.5522 1.0126 -7.4945 3.6983 113.4448 2.4195 165.4202 2.5588 -9.7560 0.5404 105.0035 2.4833
2801 94.3543 2.5669 171.3660 1.7227 167.7027 1.3943 -9.0631 2.5393 -9.8746 1.3310 -7.2031 3.7714 112.8457 2.4411 165.4909 2.2313 -9.7303 0.4623 102.6928 2.7265
2802 94.1477 2.4895 170.9395 1.8784 167.3758 1.3799 -8.5061 2.6610 -10.2796 1.6334 -7.0696 3.4624 112.3874 2.4250 165.2173 1.5502 -9.4477 0.5717 100.5479 2.6155
2803 93.8303 2.4327 170.9297 1.4982 167.0181 1.3866 -8.5930 2.9022 -10.3051 2.3331 -6.8450 3.0154 112.2011 2.5468 165.1090 1.5336 -9.0610 0.5397 98.2927 2.5697
2804 94.0830 2.4563 170.8180 1.3903 167.0096 1.4133 -8.3785 3.0840 -10.1611 2.8644 -7.1455 2.2866 112.4101 2.5446 164.7588 1.6915 -8.4507 1.0448 96.1628 2.3457
2805 94.9386 2.5088 170.7385 1.6839 166.8328 1.8314 -8.0202 3.7216 -10.1904 3.3958 -6.9335 1.7325 112.9179 2.5665 164.5058 2.4043 -7.9978 1.3314 93.9821 2.4449
2806 95.7850 2.6332 170.7083 1.9357 166.3457 2.1342 -7.5881 4.1617 -9.3945 3.1908 -7.3581 1.1540 113.3122 2.6248 164.7059 2.5194 -7.9041 1.5272 91.9078 2.3769
2807 97.0000 2.4168 170.9374 2.4367 166.1380 2.2963 -7.1476 4.1861 -8.7406 3.6119 -7.7560 0.6511 114.5657 2.4681 165.0160 2.6872 -7.5111 1.6039 89.7056 2.4551
2808 98.4668 2.5796 170.9513 2.8649 166.3912 2.3915 -6.9143 4.5582 -7.6555 3.6907 -8.3489 0.2497 116.0663 2.4741 165.6443 2.5586 -7.2561 1.6538 87.4746 2.7436
2809 99.5247 2.4901 170.5546 3.2948 166.3852 2.0841 -6.4477 5.0988 -6.5924 3.6538 -9.3925 0.1400 117.7770 2.5727 165.8562 2.2228 -6.6545 1.8485 85.2595 2.4803
2810 101.2957 2.5571 170.1336 3.4270 166.3211 1.7366 -6.2601 5.3896 -6.2891 4.3365 -10.0526 0.1686 119.5983 2.5565 166.1352 2.1115 -6.0245 2.0116 82.5501 2.4455
2811 103.6102 2.3850 169.8391 3.5664 166.3512 1.6524 -6.0453 5.5159 -6.0896 4.7644 -10.3326 0.5705 121.8788 2.6060 165.8886 1.6866 -5.3182 2.0641 80.4426 2.3576
2812 106.0217 2.5935 169.0872 3.5775 167.0092 1.5351 -6.1315 5.6001 -5.8783 5.3561 -10.4829 0.6387 124.5490 2.4767 166.0607 1.7136 -4.6691 2.5147 78.2170 2.4081
2813 108.3043 2.7062 168.2362 3.5664 167.3059 1.2408 -5.6311 5.4193 -5.2723 5.4200 -10.2480 0.9096 126.6964 2.4604 165.7811 1.1690 -4.0029 2.5358 76.3480 2.4158
2814 110.5815 2.6517 168.1876 4.2166 167.1522 1.2452 -5.6069 5.4318 -4.9642 5.5172 -9.9021 1.0638 128.9910 2.5903 164.9226 0.9972 -3.0545 3.1593 74.1086 2.5008
2815 112.8706 2.5682 168.2016 4.1616 167.2702 0.9096 -5.6092 5.0506 -4.6950 5.4396 -9.7431 1.8102 131.3724 2.4804 164.0033 0.9093 -1.6650 3.2317 72.0525 2.6939
2816 115.0281 2.6165 167.7773 4.0476 167.1215 0.9283 -5.3996 5.1046 -4.9857 5.5098 -9.1870 2.0458 133.6786 2.3442 163.1094 1.1715 -0.9606 3.6002 69.6965 2.6093
2817 117.1728 2.4822 167.5281 4.3542 166.8893 0.8039 -5.1576 4.6916 -5.3427 5.2906 -8.6720 2.5610 136.1223 2.3764 161.9467 1.3792 0.0157 3.8048 67.6460 2.5556
2818 119.1270 2.5082 167.6736 4.4408 166.2338 1.1398 -5.3297 4.9066 -5.4940 4.9836 -8.1406 2.8089 138.2256 2.3616 160.7903 1.3040 1.0947 4.1206 65.0632 2.5637
2819 121.0011 2.5829 167.5247 4.2542 165.8871 1.4734 -5.8221 4.5729 -6.3053 4.7081 -7.9269 3.5269 140.3172 2.4426 159.9476 1.3756 2.4739 4.1729 62.8515 2.3449
2820 123.6132 2.5757 167.6781 4.1088 165.6023 2.1026 -5.8963 4.4799 -6.4829 4.2071 -7.9140 3.8103 142.4409 2.6499 159.4592 1.5236 3.8788 4.1583 60.7523 2.3757
2821 125.6012 2.5904 167.3186 3.7745 165.1487 2.5397 -6.5148 4.4022 -6.8969 4.1714 -7.7907 4.5296 144.7877 2.6576 159.0402 1.6342 5.7147 3.8074 58.8037 2.4791
2822 128.1520 2.6717 167.0264 3.0530 165.0980 2.4106 -7.5292 4.2144 -7.1033 3.9592 -7.4250 5.2777 146.9749 2.7120 159.1530 1.8121 7.4149 3.4552 57.2602 2.4624
2823 130.2356 2.5650 166.7164 2.1808 165.1582 2.5164 -8.0515 4.3406 -7.4658 3.7985 -7.6084 5.6020 149.4274 2.7794 158.7655 1.8732 9.5116 3.2350 55.7150 2.5150
2824 132.6662 2.5563 166.5876 1.4029 165.1811 2.8699 -8.3171 3.6628 -7.7533 3.7192 -7.2578 5.8840 151.3883 2.9746 158.7612 2.1461 11.7577 2.8993 54.8170 2.5376
2825 134.8601 2.5759 166.5185 1.2320 165.2940 3.0128 -8.2666 3.7756 -8.0044 3.1498 -7.2125 5.6449 153.4262 3.3108 158.6252 2.2017 13.8164 2.6887 53.8310 2.6158
2826 137.0583 2.6914 166.6946 1.4606 165.7846 2.7023 -8.1340 3.6752 -7.8879 3.0040 -7.0032 5.8351 155.3152 3.1301 158.8738 2.3253 16.0831 2.2846 53.1770 2.4468
2827 139.3407 2.4922 166.6566 1.6072 166.3281 2.9078 -8.0260 3.3512 -7.3144 2.8790 -7.2767 5.4678 156.9520 3.1736 159.2500 1.9226 18.6646 2.4619 53.0802 2.4926
2828 141.6848 2.2085 166.3455 1.4839 166.1991 2.8998 -8.3834 3.4347 -7.1171 2.8680 -7.6420 5.0107 158.3382 3.0184 159.4875 2.0404 21.0381 2.6816 53.0245 2.5555
2829 143.9684 2.7032 166.5234 1.8915 166.4061 3.0578 -8.3464 3.3293 -7.0915 3.0264 -7.7097 4.5038 159.8461 3.2249 159.6836 1.9104 23.1154 2.6153 53.6964 2.5019
2830 146.0926 2.7467 166.0981 1.8520 166.3668 3.3864 -8.2961 3.4232 -7.2223 2.9197 -7.6126 3.8301 160.8854 3.3200 159.7163 1.7923 25.3480 2.5553 54.9191 2.5265
2831 148.4961 2.3884 165.8952 1.5563 166.1892 3.7524 -7.9764 3.6419 -7.4704 2.5459 -7.8190 3.4327 161.7483 3.0876 160.3046 1.7732 27.6160 2.4168 56.0627 2.5940
2832 150.4190 2.1749 165.7447 1.1526 166.1050 4.2986 -7.8814 3.6527 -7.4992 2.0806 -7.9173 3.1838 162.7096 3.2087 160.2239 1.5023 29.9069 2.3312 57.0101 2.6372
2833 151.9761 1.9838 165.8233 0.7850 166.3528 4.9751 -7.7322 4.2250 -7.4293 1.8940 -7.9408 2.9383 163.4792 3.1834 159.9345 1.5172 31.8836 2.4178 58.8442 2.5746
2834 154.1016 1.6923 165.9917 0.1667 166.4231 4.6207 -7.5200 4.1119 -6.8519 1.9922 -8.0222 2.8787 163.8264 3.2687 159.7348 1.7009 34.4160 2.4700 60.8353 2.7135
2835 155.8028 1.5644 166.3859 -0.5010 166.0918 4.5429 -7.0933 4.0721 -6.8045 2.2498 -7.8412 2.3630 164.0919 3.6711 159.3412 1.7308 36.8758 2.6204 62.7342 2.5702
2836 157.7218 1.3721 166.8028 -0.4112 165.7948 4.4871 -7.0014 4.2149 -6.8259 2.2449 -7.5476 1.6129 164.2303 4.0796 158.0853 1.8517 38.9632 2.5355 65.3284 2.5954
2837 159.7449 1.0948 167.0904 -0.1319 164.6638 4.3789 -6.7097 4.4060 -6.9951 2.0254 -7.3214 0.9838 164.7906 4.5489 156.2594 1.8526 41.2172 2.6384 67.7372 2.5013
2838 161.3034 1.2327 167.8534 0.2615 163.3888 4.2902 -6.6584 4.4834 -6.9810 2.5629 -7.2470 0.3394 165.1754 4.8985 154.3986 2.3141 43.2837 2.5329 70.1825 2.4522
2839 162.5768 1.4017 168.0364 0.7441 162.3438 4.1651 -6.3427 4.7041 -6.8704 2.6551 -7.1256 0.0676 165.5726 4.3118 152.3399 2.5367 45.6016 2.6851 72.5017 2.4078
2840 164.5583 1.5834 168.0386 0.6642 161.3199 4.0479 -5.8497 4.7789 -7.0964 2.7276 -7.1197 -0.1736 165.6720 4.4768 149.9726 2.3407 47.9704 2.5557 74.7931 2.2054
2841 165.5906 1.9862 168.1842 0.6226 159.9595 3.7058 -5.7141 4.6347 -7.5365 2.5396 -6.6702 -0.5744 166.0966 4.4437 147.9168 2.3623 50.2136 2.5732 77.2612 2.5876
2842 167.0485 2.1676 168.6528 0.3790 158.3187 3.7906 -5.3535 4.2427 -7.3683 2.5429 -6.3912 -0.6769 166.7042 4.0789 145.7960 2.5598 52.4715 2.6199 79.4333 2.8424
2843 168.1913 2.1721 169.3586 0.1821 156.5353 3.7637 -5.4044 4.5714 -7.3287 2.7412 -6.5206 -0.5153 167.5178 4.5392 144.0591 2.5554 54.5110 2.5018 81.9340 2.6562
2844 169.1524 1.8220 169.9087 0.3136 154.3637 3.4542 -5.7005 4.6312 -7.4347 3.0132 -6.8201 -0.2102 168.3595 4.4829 141.8155 2.4756 56.6049 2.5279 84.3571 2.6630
2845 170.0822 1.4900 170.3258 0.4987 152.7074 3.0322 -5.7053 4.7824 -7.3355 2.8786 -7.5592 0.4105 169.0284 4.4516 139.7745 2.5570 58.2881 2.6271 86.6022 2.4050
2846 170.5307 1.2963 170.5324 0.9279 150.9484 2.7869 -6.3421 4.7756 -7.6210 2.8588 -7.6992 1.1289 169.5171 4.2385 138.5100 2.4657 59.8400 2.4563 88.9124 2.3712
2847 170.6677 1.0292 170.4656 1.3952 148.4727 2.8132 -6.7307 4.8427 -7.1585 3.0619 -7.9877 1.3240 169.6589 3.9949 137.8146 2.3524 61.1413 2.5052 91.1943 2.5538
2848 170.8372 1.1849 170.5400 2.6415 146.1678 2.3109 -6.8072 4.9743 -6.8589 2.9392 -7.9575 1.7445 169.7688 3.5595 136.9440 2.4166 61.9931 2.4502 93.5028 2.5158
2849 170.9079 1.0112 170.5142 3.2128 143.6227 2.4565 -6.6044 5.3292 -7.1464 2.3730 -8.2893 1.7090 169.9741 3.4031 136.3920 2.4160 62.7414 2.4612 95.4640 2.6467
2850 170.3744 1.2664 169.7384 3.8079 141.2864 2.5353 -6.1640 5.5488 -7.1172 1.9374 -8.5612 2.1951 169.6879 2.8805 136.2298 2.5673 63.3637 2.4562 97.9494 2.4310
2851 169.5900 1.7053 169.3375 3.8468 139.3009 2.3813 -5.9433 5.9471 -7.4810 1.2742 -8.7537 2.5892 169.3000 2.7014 136.2940 2.5755 63.3808 2.4856 100.3305 2.5331
2852 168.7370 1.5119 168.9943 3.5431 137.0412 2.4555 -5.7814 5.8383 -7.4813 1.4215 -9.3146 3.1399 168.8881 2.3650 137.1536 2.4415 63.2090 2.5288 102.4774 2.6340
2853 168.0102 1.2660 168.5284 3.5268 134.8713 2.5754 -5.6667 5.7368 -7.8098 0.9977 -9.3824 3.4561 168.2455 2.0196 137.9967 2.5366 62.5497 2.3454 104.8645 2.7035
2854 166.8743 1.3396 168.2221 3.8024 132.7333 2.6583 -5.8884 6.1499 -7.7192 0.7247 -9.5460 3.7309 167.7638 2.0393 139.0477 2.5275 61.3655 2.4464 106.6028 2.5228
2855 165.9272 1.0384 168.0637 4.0922 131.4129 2.5013 -6.2079 6.1449 -7.4155 0.3532 -9.2570 4.0143 167.0080 1.8762 140.1091 2.4881 60.0784 2.5155 108.3597 2.4522
2856 164.8350 0.9646 167.6911 4.2556 129.7530 2.5270 -6.4465 6.1850 -7.4367 -0.1211 -9.3520 4.0076 166.5623 1.5556 141.4367 2.3286 58.7753 2.4904 110.3958 2.4106
2857 163.1177 0.8552 167.7354 4.9583 128.1754 2.4294 -6.6220 5.5956 -7.3614 -0.3285 -9.4554 4.0651 165.1581 1.2012 143.3542 2.3322 57.2369 2.3616 112.0468 2.4708
2858 161.6279 0.9345 167.9191 5.5660 127.2289 2.5126 -7.0372 5.2963 -7.4399 -0.2633 -9.1097 4.3111 163.7083 0.6049 145.6157 2.5049 55.3665 2.4716 113.4165 2.5705
2859 160.1472 1.4709 167.7479 5.5914 126.6150 2.3702 -7.5767 4.9687 -7.4134 -0.6325 -8.7104 3.7730 162.2291 0.5525 147.0623 2.6918 53.5560 2.6449 114.8731 2.5349
2860 158.6665 1.8793 167.8731 5.9074 126.1399 2.4669 -7.8854 4.1450 -7.4419 -0.2530 -8.9229 3.5334 160.5499 0.6498 149.0648 2.7470 51.8576 2.4724 115.9260 2.5346
2861 156.8597 2.0345 168.1383 5.6998 125.7013 2.4870 -8.0501 3.2974 -7.2295 0.5525 -8.8517 3.6116 158.6078 0.5494 151.2381 2.9040 50.1907 2.2613 116.6644 2.3381
2862 154.6118 2.4947 168.0322 5.3821 125.7203 2.6256 -7.8339 2.9038 -7.3078 1.4290 -8.4455 3.7153 156.6053 0.9085 153.2432 2.9865 48.6529 2.4446 117.3231 2.3960
2863 152.7974 2.6870 167.9662 4.8345 126.0286 2.6447 -7.6528 2.5259 -6.7692 1.7765 -8.6477 3.6022 154.5659 1.5016 155.0059 3.3011 47.1344 2.6661 117.6672 2.4884
2864 150.7975 2.8544 168.0497 4.4107 126.6459 2.3833 -7.2081 2.3683 -6.6554 2.0179 -8.9839 3.4108 152.5000 1.8430 156.9340 3.7701 46.3562 2.4708 117.4395 2.5198
2865 148.4161 2.6595 168.1960 3.9105 127.6585 2.6310 -6.9353 1.9865 -6.9376 2.4360 -8.9207 3.3665 150.6949 1.9863 158.8054 4.0795 45.5452 2.5170 116.9389 2.5127
2866 146.4511 2.7306 168.3718 3.5412 128.7529 2.5095 -6.7983 1.5088 -6.7756 2.7837 -9.1426 3.4577 148.9189 2.2317 160.3274 4.2461 45.3543 2.4752 115.8557 2.4361
2867 144.3055 2.7641 168.5424 3.0943 130.6350 2.4881 -6.6177 0.5488 -6.9062 3.1041 -9.0015 3.2778 146.5473 2.4221 161.9376 4.2043 45.1682 2.4979 115.0957 2.5435
2868 142.8366 2.5184 168.5631 2.5363 132.3821 2.5930 -6.9291 -0.0470 -7.1413 3.1632 -9.5520 3.2496 144.7333 2.5479 163.5235 4.4918 45.4961 2.5680 113.7565 2.5479
2869 141.2487 2.6960 168.6227 2.3275 134.4597 2.4397 -6.7699 -0.7328 -7.1916 3.4057 -9.6951 3.1459 142.8226 2.5097 164.8250 4.4250 45.6064 2.4479 112.1074 2.5984
2870 139.8271 2.6683 167.5644 2.1948 136.9279 2.3318 -6.1921 -0.8994 -7.1569 3.4157 -9.9871 3.1107 140.6563 2.5342 166.2935 4.1135 45.7850 2.5218 110.1296 2.6120
2871 138.3835 2.5046 167.2616 1.4690 139.0526 2.4182 -5.7700 -0.3351 -7.3566 3.5457 -9.4294 2.7820 138.5239 2.5732 166.9395 3.6351 45.8873 2.4693 107.8416 2.5674
2872 137.1833 2.5660 166.6482 0.9384 140.8958 2.2954 -5.7182 0.0236 -7.6084 3.6050 -9.0920 2.5148 136.4072 2.5720 167.8423 3.3731 45.8815 2.4915 105.4751 2.5520
2873 136.5922 2.5441 165.3464 0.6870 142.7881 2.4071 -5.2352 1.0669 -7.7484 3.9531 -9.0477 1.9542 134.2616 2.4082 167.7622 3.1424 45.7487 2.4839 103.2653 2.4774
2874 136.8423 2.4895 164.0130 0.2995 145.1877 2.4624 -5.2465 2.0000 -8.0359 3.9112 -8.6350 1.1435 132.0169 2.3223 167.9194 2.8841 45.7699 2.4538 101.1733 2.4085
2875 136.9768 2.5085 162.5952 0.4627 147.0239 2.7334 -5.1549 2.5191 -7.4896 3.5638 -8.4584 0.5958 129.5941 2.5694 167.8855 2.8317 45.8767 2.4543 98.9841 2.6043
2876 137.3236 2.4385 161.0360 0.2847 149.0834 2.9071 -5.2119 2.6364 -7.6551 3.8158 -8.3256 0.4060 127.3542 2.5137 167.7844 2.8505 45.7136 2.6362 96.6893 2.5257
2877 137.5576 2.4282 159.8773 0.5805 151.1043 2.8457 -5.3398 2.7240 -7.2874 3.3098 -8.1893 -0.0703 124.4395 2.5441 167.6132 2.5140 45.5181 2.4731 94.4505 2.5359
2878 138.2734 2.3675 158.4341 1.1157 153.1111 2.6751 -4.9597 2.5508 -7.1570 2.8048 -8.2867 -0.2121 122.2354 2.6249 167.4194 2.4350 45.0482 2.4833 92.0443 2.6040
2879 139.4142 2.4182 156.7135 0.9850 155.1548 2.8754 -5.0070 2.7888 -6.9655 2.9902 -8.3897 -0.7748 119.9862 2.5445 166.8629 2.5002 44.1590 2.4700 89.7145 2.4626
2880 140.9151 2.3454 154.8207 1.2491 157.0543 2.8093 -5.0053 2.8116 -6.5088 2.7887 -8.2259 -0.8772 117.4046 2.7268 166.9109 2.5567 43.0543 2.4937 87.2857 2.5239
2881 142.6587 2.5910 152.2013 1.7223 158.3139 3.3370 -5.0434 2.3754 -6.6542 2.5047 -8.2198 -1.1838 115.3169 2.5758 166.6410 2.9652 41.4270 2.4033 84.9194 2.4876
2882 144.5006 2.4271 150.1608 1.9459 159.4512 3.3770 -4.8012 2.4930 -6.2765 1.9551 -7.9368 -0.9329 113.3239 2.6932 166.3331 3.0978 40.0214 2.4778 82.7374 2.5122
2883 146.7625 2.4747 148.4206 2.1220 160.5275 3.0600 -4.6473 1.6455 -5.8931 2.1833 -7.7221 -0.8579 111.4053 2.4837 166.4031 3.1807 37.7199 2.6991 80.7938 2.6354
2884 149.1985 2.1390 146.3519 2.3875 161.3140 3.1152 -4.6326 1.4616 -5.7143 2.2565 -7.2102 -0.7073 109.8731 2.3853 166.5179 3.3900 35.3085 2.5378 78.4866 2.6326
2885 151.0559 2.0892 144.0086 2.5521 161.8061 3.2134 -5.0453 1.3307 -6.0714 2.5516 -6.7290 -0.8982 108.6473 2.3951 166.9866 3.9108 33.3979 2.6143 76.5752 2.5271
2886 153.0916 1.5993 141.5384 2.4981 161.7855 3.0704 -5.4506 0.8960 -6.3735 2.3646 -6.0603 -0.8417 107.4223 2.5523 167.4345 4.4717 31.8880 2.4541 74.2672 2.6021
2887 155.0675 1.5222 139.2329 2.5640 161.5357 3.1938 -6.0419 1.0239 -6.2848 2.4980 -6.1806 -0.8104 106.8175 2.4158 168.2933 4.6334 30.8173 2.4798 72.2422 2.7208
2888 156.6721 1.1632 136.9027 2.3473 160.8391 3.2256 -6.4852 0.8754 -6.3172 2.5269 -6.1733 -0.8602 106.5007 2.4880 168.5468 4.4145 29.7196 2.4457 69.4587 2.6685
2889 158.4487 0.9608 134.4523 2.4286 160.2937 3.3463 -7.1591 0.3696 -6.7772 2.6875 -6.1219 -0.9634 106.2311 2.5282 169.1333 3.8293 28.5588 2.5517 67.2181 2.5068
2890 160.0083 0.9764 131.9229 2.3526 159.3288 3.4507 -7.6125 0.4299 -6.6407 2.6490 -6.5801 -0.8344 106.5954 2.5253 169.2632 3.2728 28.0836 2.5577 65.0955 2.4553
2891 160.9579 0.8469 129.6833 2.4119 157.9216 3.5662 -7.9759 0.5808 -6.7143 2.5182 -6.4929 -1.2231 107.3028 2.5001 169.3769 2.9161 28.3007 2.5115 62.7176 2.5908
2892 161.5025 1.1158 127.6265 2.6910 156.9528 3.6528 -8.7577 0.9651 -6.1130 2.4618 -6.8755 -1.2038 107.7695 2.4212 169.2645 2.3792 28.2701 2.4403 60.3503 2.7522
2893 162.3679 1.2099 125.5252 2.5164 155.8813 3.7179 -8.7170 1.3588 -5.3365 2.3602 -7.0621 -0.9595 108.7721 2.4760 168.7238 2.3955 28.8678 2.3878 57.8103 2.6384
2894 163.4855 1.3083 123.3540 2.5010 154.8892 3.5844 -9.0938 2.0205 -5.0353 2.7131 -6.8871 -0.6386 109.9146 2.4232 168.2895 2.2067 29.7879 2.4155 56.0232 2.6555
2895 163.9654 1.8703 120.8980 2.3746 154.1271 3.0221 -8.8957 1.9311 -4.5641 2.7407 -6.6901 -0.0861 111.0263 2.2793 167.4810 2.1466 30.6836 2.4799 54.6849 2.5067
2896 164.8246 2.0582 118.7298 2.4716 153.3823 2.9477 -8.6632 2.0641 -4.4266 2.8960 -6.4027 0.3684 112.3545 2.3550 167.3324 1.7213 31.7526 2.2762 53.7718 2.4053
2897 165.0810 2.1110 116.3212 2.4791 153.0522 2.6397 -8.6874 1.9850 -4.5209 3.3426 -5.7098 0.5749 114.7108 2.3989 167.1417 1.4075 33.1105 2.3367 52.7480 2.5160
2898 165.5901 2.1959 114.4021 2.5752 152.8076 2.5316 -8.4416 2.3146 -4.7424 3.3802 -5.1865 0.6162 116.5324 2.4945 166.9159 0.9116 34.8584 2.5322 52.1700 2.4483
2899 165.7281 3.0300 111.9727 2.6197 152.7971 2.4899 -8.3134 2.3129 -4.8888 3.9536 -4.8298 0.6874 118.4738 2.3605 166.4281 0.7575 35.9806 2.5238 51.7218 2.5305
2900 166.1626 3.6806 109.7472 2.6440 153.1773 2.6225 -8.5985 2.6409 -4.6262 4.4306 -4.4463 0.7875 120.8742 2.1325 165.9187 0.5345 36.8435 2.4810 51.6467 2.4857
2901 166.1334 4.1486 107.8653 2.7307 154.0155 2.9626 -8.4277 2.9042 -5.0461 4.9259 -3.7500 0.4762 123.1985 2.6724 165.2043 0.7210 37.3621 2.4775 51.6383 2.5441
2902 165.9530 4.6935 106.0212 2.5569 155.0822 3.1887 -8.4183 3.1886 -5.1481 5.2280 -3.5646 0.1897 125.2005 2.2765 164.7300 0.6646 37.3928 2.4884 52.7147 2.5061
2903 166.1434 5.2004 103.8716 2.3025 156.2677 3.6802 -8.5438 3.0778 -5.3132 5.3548 -3.0126 0.1353 127.1725 2.4247 164.5491 1.5069 37.5385 2.4969 53.5176 2.4725
2904 166.1239 5.2461 101.6392 2.5537 157.5886 3.6501 -8.2443 3.3034 -5.5215 5.4205 -2.9473 0.0260 128.6955 2.4805 164.2981 2.4772 36.9763 2.4413 54.8096 2.3294
2905 166.0076 5.3653 99.6277 2.5811 158.9602 4.1325 -8.0815 3.0496 -5.6671 5.2577 -2.8107 0.0569 129.7342 2.5884 164.4557 3.2318 35.9790 2.4673 56.7008 2.3325
2906 165.5068 5.1059 96.7440 2.5305 160.4773 4.1743 -7.9578 3.0879 -5.8037 5.1362 -2.8310 0.2997 130.7227 2.4337 164.7323 3.6677 35.0776 2.4546 58.4445 2.3610
2907 164.9539 4.2769 94.7340 2.6240 161.8106 4.1484 -8.0214 2.8457 -6.2824 4.6388 -2.9005 0.2216 131.0491 2.5510 165.0205 3.9535 34.0685 2.5671 60.1907 2.6178
2908 164.6705 3.6969 92.7772 2.2604 163.6621 4.0880 -7.7042 2.6555 -6.5270 4.1382 -3.4458 0.2833 131.3446 2.4454 165.4310 4.4487 32.6376 2.3566 62.5436 2.5820
2909 164.3512 3.1918 90.5713 2.4331 165.1473 3.9237 -7.7708 2.4796 -6.5104 3.5105 -4.0579 0.1644 131.5973 2.4402 165.5827 4.3647 30.9126 2.2934 64.4669 2.5097
2910 165.1163 2.4319 88.2084 2.6666 166.6877 3.8633 -7.5029 2.8499 -7.1013 3.5418 -4.3340 0.1823 131.5393 2.4259 166.6396 4.1692 28.8637 2.3233 66.9320 2.3622
2911 165.3993 1.8840 86.1835 2.4320 168.0362 4.2392 -7.5662 2.6633 -7.6137 3.2667 -4.6144 -0.1731 130.9908 2.3886 167.2842 4.2855 26.7594 2.4792 68.9312 2.6761
2912 165.5322 1.8309 83.8639 2.5833 168.8541 4.3522 -7.3541 3.3060 -7.9549 2.8109 -4.9498 -0.3992 130.7060 2.4599 168.0204 4.1876 24.3800 2.3071 71.3350 2.5449
2913 166.0581 1.7205 81.9268 2.3783 169.7956 4.0855 -7.5321 3.4853 -8.3316 2.8523 -6.0064 -0.6717 129.7922 2.4453 168.3828 4.3936 21.7817 2.4878 73.9956 2.5236
2914 166.3647 1.1929 79.3539 2.6199 170.0077 3.9612 -7.8782 3.6133 -9.4342 2.6855 -7.1791 -0.5188 129.3365 2.4721 168.7734 4.6779 19.5023 2.3048 76.6256 2.3799
2915 166.6909 0.9333 76.9748 2.3763 170.4167 3.9262 -7.9669 3.9464 -10.0724 2.3487 -7.7608 -0.3936 128.6687 2.4345 168.8930 5.3250 16.9944 2.5166 79.3233 2.5035
2916 166.2297 0.5279 74.7101 2.6425 170.6072 3.9930 -7.8694 4.0795 -10.0574 2.2661 -8.6260 -0.5149 128.1742 2.3783 168.9709 5.1123 14.5919 2.4979 81.4675 2.4729
2917 165.5019 0.3903 72.6193 2.4994 170.5893 3.8790 -7.9331 3.9330 -10.1377 2.0212 -9.1114 -0.9630 127.3491 2.4818 169.3061 5.5135 12.0431 2.2985 83.9412 2.5989
2918 165.7953 0.5614 70.3126 2.7135 170.7022 3.8950 -7.7108 4.1465 -10.1599 1.5754 -9.3111 -0.9079 127.0869 2.5692 169.4737 5.5742 9.7724 2.2761 86.2415 2.6474
2919 166.1022 0.4236 68.0841 2.2605 170.1771 3.8545 -7.3814 4.3389 -10.0115 1.1810 -9.2997 -0.4679 126.7587 2.5058 169.3138 5.2848 7.4319 2.4043 88.4946 2.4773
2920 166.5177 0.5062 65.9094 2.6566 169.2180 3.5148 -6.5292 3.6887 -9.6752 0.6786 -8.8005 -0.1324 127.5798 2.4801 169.5998 5.1707 5.5992 2.4422 90.4893 2.5087
2921 166.8565 0.1364 64.2303 2.6353 168.7788 3.5640 -6.5165 3.4426 -9.6912 0.3906 -8.9532 0.4115 127.6643 2.4746 170.1214 5.2588 3.1897 2.5184 92.9244 2.5501
2922 167.2420 0.1885 62.6412 2.5522 167.5822 3.4503 -6.6411 2.7533 -9.3753 0.1906 -8.4972 0.5828 128.1154 2.4541 170.2688 5.5319 1.3547 2.4208 95.3898 2.4104
2923 167.1780 0.5517 61.2117 2.4694 166.3558 3.3832 -7.0273 2.8342 -9.1054 0.1137 -7.4439 0.5560 129.3374 2.4403 170.0183 5.4019 -0.8307 2.3011 97.3387 2.6838
2924 166.9748 0.9597 60.5224 2.6541 165.1222 3.7557 -7.2044 2.8987 -8.7384 0.3196 -6.8962 0.6001 130.5304 2.3034 170.2146 5.3833 -2.6739 2.0044 99.5206 2.7534
2925 166.6527 0.4908 59.8434 2.5454 164.0378 3.8418 -7.4726 3.1387 -8.6924 0.5422 -6.4041 0.9376 132.0345 2.5399 170.3019 5.1026 -3.6406 1.6747 101.8492 2.6270
2926 166.3193 0.8600 59.2637 2.5221 163.2816 4.1408 -7.4409 3.2716 -8.4404 0.5597 -6.0239 1.2327 134.2364 2.4007 169.9047 5.1429 -4.9452 1.0939 103.6625 2.6484
2927 166.4641 1.0971 58.6292 2.5187 162.4569 3.9792 -7.5384 3.7457 -8.3668 0.3049 -5.8231 1.6717 136.3075 2.5385 169.7122 4.8208 -5.5982 0.8972 105.6417 2.6247
2928 166.6695 1.4250 58.8677 2.5506 162.1270 4.1374 -7.3152 4.0462 -7.8632 0.3558 -5.0301 1.4050 137.8933 2.4619 169.5150 4.9165 -6.1204 0.3380 106.8720 2.5201
2929 166.8632 2.0449 59.2131 2.6057 161.7221 4.0065 -6.9923 4.1180 -7.6057 0.0600 -5.0417 1.6054 139.1803 2.5923 169.2365 5.2496 -6.8036 0.0620 108.0559 2.5379
2930 166.9079 2.6979 60.1927 2.5392 160.9063 3.8327 -6.7719 3.8706 -7.6127 -0.1397 -4.6096 1.8209 140.8895 2.4124 168.9092 4.9030 -6.5114 0.1797 109.1014 2.5645
2931 166.8336 3.1342 60.9194 2.6349 161.1286 3.8348 -6.3650 3.8059 -7.7038 -0.1305 -4.4843 1.6250 142.1115 2.5253 168.9762 4.9243 -6.2918 0.2173 109.5779 2.5365
2932 166.8023 3.6086 62.2115 2.3879 161.3448 4.0327 -6.4672 3.9052 -7.8926 -0.7095 -4.2842 1.6899 142.9204 2.5771 169.1878 4.9883 -5.8223 0.5005 110.2228 2.5140
2933 166.6383 3.9551 63.7825 2.5380 161.9141 4.0019 -6.6954 3.4945 -7.9723 -0.8353 -4.1596 2.0023 144.1476 2.4511 169.3140 5.0996 -5.2551 0.5191 110.4971 2.4777
2934 166.8827 4.1325 65.4013 2.5617 162.5094 4.3964 -6.8396 3.1843 -7.9237 -1.0239 -4.6108 2.3514 144.5725 2.6336 169.3169 5.0981 -4.7604 0.7654 111.0484 2.5433
2935 167.0898 4.2382 67.6560 2.4148 163.2818 4.4443 -7.1561 3.2737 -7.8126 -0.7178 -5.0066 2.5587 144.7502 2.5539 169.6246 5.1950 -4.5293 0.9325 110.9148 2.5099
2936 167.4781 4.6959 69.7338 2.6922 163.9669 4.6458 -7.5276 3.3823 -7.6882 -0.4975 -5.3282 2.2913 144.5668 2.5228 169.5870 4.7934 -3.2585 0.7274 110.7223 2.4869
2937 167.7432 4.4783 72.0656 2.6448 164.3507 4.8333 -7.9196 3.3083 -7.2960 -0.7769 -5.8240 2.0721 144.2701 2.5304 169.8820 4.6762 -1.6950 0.4966 110.4694 2.4209
2938 168.0415 4.4802 74.1392 2.5623 165.0981 4.9809 -8.0838 2.8631 -7.0453 -0.7650 -6.4072 1.8975 143.2935 2.4115 169.8307 4.4403 -0.2461 0.8245 110.0345 2.5959
2939 168.3053 4.8903 76.3501 2.4279 165.7594 5.5218 -7.9788 2.3414 -6.6852 -0.5282 -6.7871 1.4110 142.3193 2.5452 169.4915 4.4594 1.3285 1.2552 109.9588 2.5992
2940 168.5047 5.1929 78.5714 2.3873 166.3930 5.1198 -7.7431 1.6583 -5.8010 -0.1657 -7.0873 1.5214 141.0163 2.5272 169.4676 4.3468 2.8007 1.7561 109.8208 2.4997
2941 168.2658 5.0841 80.6069 2.2981 166.8647 4.3751 -7.2896 1.1800 -5.0394 0.0714 -7.4683 1.4750 139.3244 2.4723 169.7521 3.9512 4.5869 1.9229 109.5674 2.4821
2942 168.6947 5.0226 83.0929 2.3238 166.8539 4.2047 -7.1864 1.0876 -3.9391 0.2127 -7.9504 1.3916 137.8846 2.4832 169.7025 3.9106 6.0662 1.8772 109.6797 2.5148
2943 168.3342 4.7255 85.6998 2.3799 167.2165 3.6678 -6.6300 1.1098 -2.9497 0.2829 -8.2040 1.8166 136.0334 2.4609 169.8254 3.9281 7.3980 1.9683 109.8255 2.4602
2944 168.4147 4.8734 88.1310 2.6716 167.3669 3.2223 -6.8760 1.4215 -1.1676 0.3961 -8.4555 2.4292 134.4100 2.5041 170.2650 3.5347 8.7180 2.1960 110.5978 2.4480
2945 168.2612 4.7551 90.3698 2.7158 167.6839 2.5724 -6.3505 1.4061 1.0475 0.6749 -8.5681 2.7402 133.2243 2.6024 170.2176 3.3137 9.8677 2.2526 111.9946 2.5601
2946 167.8624 4.7910 92.7340 2.3118 167.8689 1.8889 -6.2900 1.3610 3.0616 0.8548 -8.4309 2.8777 131.8840 2.5106 170.5943 2.7824 10.7842 2.5331 113.4573 2.5472
2947 167.8958 4.6615 94.8664 2.4062 168.4453 1.3516 -6.3564 0.8853 4.9786 1.0502 -8.2478 2.9908 130.9156 2.4540 170.8279 2.5053 11.5810 2.4848 114.5124 2.6354
2948 168.5184 4.3415 97.1763 2.5934 168.8344 1.2354 -6.5040 0.4171 7.3578 1.4441 -8.0944 3.1690 130.5864 2.5123 171.1592 2.1538 12.2041 2.5228 115.5540 2.5420
2949 168.7120 4.3782 99.7155 2.6001 168.9979 1.2217 -6.3939 -0.1505 9.6827 1.7944 -7.4120 3.2888 130.2616 2.4863 171.2920 1.8019 12.1446 2.5029 116.4542 2.6473
2950 168.7957 4.2146 102.0565 2.5388 168.8828 1.4120 -6.3086 -0.3293 11.7226 2.2279 -6.7473 3.5668 130.2834 2.4409 171.3181 1.4387 11.9143 2.4188 117.2982 2.5303
2951 169.3311 4.4558 104.3287 2.3748 169.1306 1.4290 -6.4979 -0.2969 13.9589 2.4282 -5.9251 4.2021 130.3742 2.5283 171.4557 0.7855 11.2066 2.3130 117.9903 2.4715
2952 169.3696 4.6231 106.9003 2.5004 168.8207 2.3450 -6.0795 -0.3895 15.9584 2.3956 -5.0895 4.2956 130.6334 2.5154 170.9695 0.5337 10.3944 2.4539 118.5080 2.5155
2953 169.2848 4.8166 109.3605 2.4868 168.9797 3.0633 -6.3364 0.1402 18.0790 2.3616 -3.6767 4.5358 131.4576 2.3955 170.6895 0.2221 9.0258 2.6241 118.4862 2.5152
2954 169.6270 4.8842 111.4215 2.5910 168.5605 3.1928 -6.7542 0.0212 20.0718 2.5462 -2.1400 4.1477 132.5535 2.4623 170.5204 -0.0545 7.5856 2.7249 118.1151 2.5754
2955 169.1373 4.6356 112.8145 2.4538 168.8334 3.1756 -6.6900 0.2865 22.5379 2.8241 -0.9075 4.1234 133.9779 2.4049 170.1295 -0.1017 6.0968 3.3570 117.5135 2.5704
2956 168.6839 4.6285 114.3434 2.5624 169.0183 3.6970 -6.8372 0.3692 24.8390 2.6395 0.0389 3.8149 135.7105 2.4008 169.9454 0.0744 4.3598 3.7740 116.7865 2.5618
2957 168.7709 5.1421 115.0153 2.5573 169.0766 3.8611 -6.9999 0.7213 26.9162 2.5839 0.2512 3.3015 137.7879 2.4564 169.5699 -0.0088 2.5532 3.8663 116.1361 2.5309
2958 168.2038 4.8785 115.6300 2.4359 169.0404 4.5055 -7.1399 0.4276 28.9249 2.4205 1.1747 2.7916 140.3199 2.6304 168.8906 0.2003 1.0312 4.0930 115.2549 2.4668
2959 168.0398 4.8010 116.0818 2.5112 169.2814 4.6397 -7.4735 0.2371 30.9567 2.7034 0.9657 2.4711 142.7607 2.5992 168.2732 -0.3865 -0.1598 4.1462 113.8014 2.5506
2960 168.3916 4.2651 116.2039 2.4814 169.7911 4.8307 -7.6418 -0.3156 33.1775 2.3926 1.0162 1.7548 145.0496 2.6227 167.9531 -0.6345 -1.2740 4.3394 112.1488 2.5310
2961 168.4279 3.7176 116.0371 2.4429 169.8460 4.9406 -7.5795 -0.1761 35.3468 2.5133 1.0067 1.3216 147.6981 2.7588 167.7800 -0.7795 -2.1809 4.2916 110.2202 2.4072
2962 168.8368 3.4041 115.3616 2.4876 169.9769 5.0585 -7.4857 -0.4091 37.5648 2.5159 0.9699 1.0606 150.0045 2.6990 167.8411 -0.6782 -2.6780 4.6617 107.7766 2.3691
2963 169.4122 2.9687 115.0052 2.4664 169.7191 4.7973 -7.6929 -0.2667 39.8978 2.5545 0.0794 0.8117 152.4372 2.7079 167.0789 -0.5068 -3.3974 4.9159 105.5036 2.4393
2964 169.5673 2.8175 113.8456 2.4615 169.9770 4.1072 -7.7132 0.0768 41.3874 2.5519 -0.6049 0.6150 154.6193 2.7221 167.0807 -0.6073 -3.8394 5.1306 102.8995 2.3497
2965 169.8101 2.5293 112.6198 2.3813 169.8932 3.4774 -8.0223 0.4131 43.0326 2.5328 -1.0843 0.5101 156.7346 2.4674 167.2889 -0.7510 -4.7963 5.1261 100.8772 2.5372
2966 169.9471 2.6987 110.9704 2.4253 169.6742 3.0391 -7.8598 0.6509 44.5384 2.5259 -1.6487 0.5102 158.4213 2.8297 167.8380 -0.7333 -5.2861 5.4079 99.4950 2.6465
2967 169.6611 3.2195 109.3045 2.4693 169.3596 2.9970 -8.5127 1.2239 45.6948 2.6440 -2.0084 0.4748 160.1179 2.8327 168.4691 -0.5842 -5.4342 5.6733 98.4075 2.6003
2968 169.5811 3.5536 107.3433 2.4452 169.3519 3.1755 -8.8652 1.3294 46.3942 2.3870 -2.6545 0.4320 161.5717 2.8238 169.2775 -0.4716 -5.5764 5.7391 97.1162 2.4713
2969 169.5113 3.8276 104.6349 2.4080 169.8064 3.1105 -8.9929 1.6201 46.8069 2.4421 -3.5734 0.5397 162.8346 2.8525 169.6451 0.1601 -5.5435 5.5841 96.1449 2.3989
2970 168.9218 4.0905 102.2579 2.3124 169.7827 3.1411 -9.2543 2.0061 47.1060 2.5076 -4.0708 0.8439 163.7555 2.7208 169.7614 0.8807 -5.8466 5.5957 95.4809 2.4442
2971 169.1653 4.3200 99.8024 2.4256 169.5896 3.0182 -9.4311 2.4530 46.7356 2.5342 -4.7287 0.9090 164.3786 2.2647 169.6022 1.4944 -6.4340 4.9459 95.0575 2.5228
2972 168.3139 4.1722 97.6746 2.5715 169.7527 2.8922 -9.6506 2.7684 46.4467 2.5600 -5.5511 1.3016 164.8738 2.1718 169.4918 1.8561 -7.2118 4.2867 94.5899 2.5755
2973 167.5949 4.2002 95.6879 2.6942 169.3502 2.6288 -9.5267 2.8549 46.2141 2.5686 -6.0283 1.9198 164.7655 2.1355 169.4849 2.7627 -7.3768 3.7355 94.8473 2.5845
2974 166.7889 4.2195 93.5980 2.6851 168.7816 2.5755 -9.4767 2.8170 45.6509 2.5060 -6.6775 2.4636 164.3794 1.9033 170.0014 2.8643 -7.7559 3.2580 94.9443 2.5935
2975 165.4710 4.2604 91.4386 2.5395 168.6837 2.8471 -8.7957 3.1253 45.2610 2.5385 -6.9893 2.8819 164.0016 1.6548 170.3116 3.4986 -7.8910 2.8122 95.9297 2.6067
2976 164.2854 4.4395 89.3426 2.4955 168.6404 3.2411 -8.2207 3.5204 45.1237 2.5441 -7.6477 3.1458 162.8777 1.8060 170.7245 3.7622 -7.9938 2.8456 97.0397 2.4796
2977 162.6808 4.3114 87.6527 2.4786 168.3546 3.6419 -8.0931 4.0291 44.8788 2.5281 -7.7582 3.6411 161.8132 1.5271 171.1052 4.4545 -8.2360 2.4124 98.9226 2.5103
2978 161.5561 4.0397 85.6880 2.3298 168.1612 3.4879 -8.2738 4.2848 44.5753 2.4508 -8.1145 3.8144 160.5201 1.2228 170.8927 5.0423 -8.2160 2.1415 101.0011 2.5607
2979 159.8572 3.9790 84.2249 2.3459 168.4704 3.7517 -8.5618 4.8705 44.4739 2.4849 -8.1151 3.6615 160.1463 1.3969 170.6493 5.3496 -8.8508 2.0787 103.3911 2.5310
2980 158.6459 3.6375 82.4139 2.4177 168.2698 4.1736 -8.7270 5.0223 45.1746 2.5125 -8.0770 3.1418 159.3469 1.5744 169.5764 5.3915 -8.8886 1.9885 105.6731 2.4786
2981 157.4109 3.1914 81.4872 2.4615 168.6519 4.2779 -8.6710 4.8975 46.0820 2.3920 -8.1751 3.1000 158.6908 2.0949 169.2118 5.4578 -8.7795 2.0642 108.0534 2.3607
2982 156.5712 2.7264 80.9063 2.4774 168.7167 5.0021 -8.5266 5.0770 46.7842 2.5852 -8.1377 3.0973 158.3096 2.0879 169.1928 5.4981 -8.7460 2.1618 110.4716 2.3996
2983 155.8257 2.5251 80.2523 2.4257 168.8033 5.5846 -8.4888 4.9702 47.4506 2.4968 -7.9545 2.6880 157.9575 2.4157 169.4940 5.1617 -8.4405 1.6417 112.4576 2.6025
2984 155.1761 2.6629 80.3251 2.5308 168.6655 6.0275 -8.3034 4.7418 49.0116 2.4678 -8.0139 2.7199 157.8191 2.3812 169.8707 4.7690 -7.8039 1.6382 114.7690 2.5711
2985 155.0706 2.5304 80.6627 2.5268 168.4465 5.9146 -8.0661 4.4711 51.1048 2.5228 -8.2102 2.9130 157.9462 2.5704 170.2612 4.7731 -6.7688 1.5666 116.9362 2.4301
2986 155.5412 2.5009 80.8729 2.5543 168.2301 5.6188 -8.0947 4.3778 53.5333 2.4336 -7.9621 2.6779 158.4063 2.6791 170.7522 4.1154 -5.6888 1.6013 119.0325 2.6340
2987 156.2442 2.7492 81.2834 2.4357 168.3354 5.6630 -8.4902 4.0120 55.9728 2.4980 -8.0947 2.7352 158.9250 2.5642 170.8287 3.5599 -4.5940 1.8108 121.3032 2.4235
2988 156.7530 2.8703 82.5229 2.4154 168.2513 5.5002 -8.2892 3.5488 58.7293 2.5831 -8.2023 2.8844 159.9864 2.5643 171.0929 2.7513 -3.7816 2.3846 123.6618 2.4949
2989 157.5823 3.1501 83.9274 2.5925 168.3636 4.9393 -7.9030 3.2982 61.0438 2.6554 -8.2254 2.4872 160.7037 2.2383 171.2311 2.0872 -2.9838 2.9025 126.0864 2.5879
2990 158.4989 3.5046 85.6172 2.5780 168.1929 4.3382 -7.9476 2.8922 63.0811 2.6676 -8.4820 2.5451 161.3580 2.1461 170.7150 1.5189 -2.4221 3.0562 128.3198 2.4764
2991 159.4007 3.9073 87.7803 2.3144 167.8599 3.7639 -7.5846 2.3413 65.1819 2.6908 -8.4610 2.1133 162.1730 1.9815 170.6133 1.3166 -1.5682 3.3241 130.5789 2.5457
2992 160.4402 3.9672 90.1174 2.4869 167.4936 3.2499 -6.5483 1.8566 67.4047 2.5232 -8.0454 1.7783 162.8461 1.7855 170.3300 0.8759 -0.2763 3.2650 132.4769 2.6241
2993 161.6660 4.4899 92.1703 2.5291 167.4972 3.0358 -5.0435 1.6736 69.7000 2.3594 -7.4976 1.2899 163.4387 1.9457 170.1831 0.5601 0.5696 3.2320 134.9435 2.3746
2994 162.4104 4.7111 94.7704 2.3683 167.5320 2.5133 -3.7247 1.4514 71.1790 2.5356 -7.0994 1.1688 163.9420 2.1949 170.3690 0.2642 1.3806 3.2280 136.8124 2.4627
2995 163.2024 4.7098 97.2111 2.4562 167.4912 2.2843 -2.0612 1.6094 72.6399 2.4820 -6.5408 1.4387 164.8110 2.0350 170.4797 0.1995 2.1634 3.0642 138.6023 2.6785
2996 164.3525 4.6255 99.3441 2.4125 167.6000 2.4610 -0.4664 1.4727 73.8401 2.4358 -6.3007 1.8646 165.0967 2.5260 170.5792 0.2091 2.3943 2.9095 140.0820 2.6271
2997 165.0132 4.7411 101.5441 2.3054 168.0804 2.5969 1.3403 1.8234 74.6961 2.4482 -6.6272 2.4370 165.1855 2.6471 170.5755 -0.2621 2.7291 2.6464 140.9912 2.4332
2998 165.7434 4.9550 104.1195 2.3826 168.3227 2.1218 3.3603 2.3154 75.4950 2.4821 -7.0502 2.6191 164.9406 2.2666 170.2192 -0.2626 2.8020 2.0290 142.1833 2.5234
2999 166.4044 5.2218 106.6058 2.5574 168.6244 2.2354 5.1723 2.5848 75.3506 2.5469 -7.8340 2.6475 164.1281 2.1690 169.2167 -0.0024 2.5766 1.6875 143.1251 2.5451
3000 166.3988 5.5221 109.0270 2.3814 168.6098 2.0634 7.5888 2.7357 75.3646 2.5001 -7.9540 2.2260 163.1419 2.0787 168.9475 -0.2459 2.1384 1.3896 143.8317 2.4992
3001 165.9559 5.6321 111.3417 2.4349 168.6819 1.9999 10.2330 2.6455 75.4777 2.4588 -8.3313 2.1250 161.8523 1.9099 168.9098 -0.3942 1.4180 1.0226 143.9583 2.4803
3002 165.6701 5.9010 113.7332 2.3712 168.6181 2.5085 12.1877 2.5198 74.8406 2.4304 -8.5304 1.7719 160.6578 1.9568 169.1319 -0.2660 0.2030 1.0524 143.7368 2.5491
3003 165.2686 5.2914 115.9874 2.3899 168.5732 2.9857 14.5635 2.3245 74.1463 2.4418 -8.2430 1.3668 159.2612 2.2962 169.1781 -0.5210 -1.0763 0.8844 143.3285 2.5335
3004 164.4542 4.8645 118.1324 2.3808 168.6201 2.6847 16.8347 2.3225 72.7180 2.3174 -7.9226 0.6589 157.5894 2.0855 169.1110 -0.8173 -2.3142 0.7544 142.6289 2.5088
3005 163.5876 3.9277 120.6156 2.4687 168.3582 2.6187 18.9349 2.5904 71.2336 2.4640 -7.7879 0.8597 156.3194 2.8540 169.0852 -1.0293 -3.5374 0.3464 141.7965 2.6641
3006 162.5317 3.4194 123.2224 2.4620 168.2265 2.8516 20.4473 2.4417 69.3464 2.3172 -7.4836 1.2154 154.5410 3.1963 168.9359 -0.9253 -4.7384 0.5059 140.7996 2.6129
3007 161.4926 3.3775 125.6374 2.6094 167.9478 3.2250 21.9623 2.5379 67.4051 2.4425 -7.2204 1.4670 152.7005 3.1105 169.1380 -0.5189 -5.4995 0.8218 139.2330 2.5812
3008 160.9025 3.4161 127.7451 2.5190 167.6223 3.2444 23.0593 2.6463 65.0053 2.3986 -7.2242 1.4957 151.0623 3.0536 169.3563 -0.4789 -6.0249 0.8617 137.5638 2.3963
3009 160.3830 3.4534 129.6296 2.3356 167.2946 3.0033 24.3989 2.5726 63.0206 2.4730 -7.5684 1.6351 148.6976 2.7013 169.1481 -0.4554 -6.8760 0.9548 135.6335 2.3723
3010 159.0026 3.0758 131.8965 2.3209 166.4737 2.6047 24.5459 2.5162 60.8623 2.6890 -7.8018 1.7135 146.4652 2.3956 169.0954 0.1433 -7.3116 1.4138 133.3181 2.6957
3011 157.2161 2.8462 134.2177 2.5626 165.9632 2.3963 24.5189 2.5199 58.6649 2.6249 -8.6326 1.4348 144.4356 2.5236 169.2153 0.7067 -7.9626 2.2339 131.1347 2.5744
3012 155.5573 3.0156 136.5489 2.6035 166.1416 1.6003 24.7981 2.5668 56.3382 2.5120 -8.9631 1.4655 142.3118 2.4495 169.0517 1.3919 -8.3230 2.6953 129.0795 2.5200
3013 153.5646 2.8717 138.5894 2.4452 166.0631 1.1412 24.3146 2.4523 54.0234 2.4998 -9.1760 1.0923 140.4851 2.4915 169.0959 1.7399 -8.0725 3.2452 126.9319 2.3776
3014 150.9768 2.6968 140.7195 2.3502 165.6777 0.4528 23.9699 2.4899 51.8708 2.5742 -9.0443 0.6711 138.3591 2.4115 168.9073 2.0683 -7.8977 4.0747 124.5057 2.3931
3015 148.6130 2.4746 143.3970 2.7016 165.2763 0.2457 22.7868 2.5814 49.6980 2.4473 -9.3449 0.4119 136.6658 2.3207 168.6428 2.2800 -7.6822 4.8588 122.0299 2.4683
3016 146.5469 2.7327 146.0109 2.5495 164.7078 0.2962 21.3216 2.4387 47.6165 2.6023 -9.8520 0.4500 135.5755 2.4170 168.8254 2.4311 -7.0333 5.1699 119.8311 2.3497
3017 143.9843 2.5006 148.2887 2.8040 164.0561 0.3637 19.9847 2.4368 45.8619 2.4881 -10.1870 0.4844 134.3917 2.4530 168.7365 2.2701 -7.0126 5.3665 117.7065 2.2985
3018 141.7849 2.3490 150.2629 3.0319 163.9780 0.2039 17.9788 2.4296 43.4897 2.5605 -10.4898 0.8193 133.7440 2.5014 168.4021 2.4313 -6.8973 5.4679 116.1614 2.3856
3019 139.6081 2.4445 152.2484 3.1492 163.3282 0.1729 16.1934 2.6361 41.2241 2.5549 -10.3476 1.4587 133.4346 2.5013 168.1317 2.9087 -7.1084 5.4112 114.3600 2.5368
3020 137.4739 2.4870 154.3651 3.8513 162.4658 0.1860 14.1550 2.4317 38.6435 2.2146 -10.5316 1.5698 132.7780 2.5431 167.5015 2.4260 -7.4965 5.4980 113.0780 2.4037
3021 134.6866 2.4181 156.5521 3.8632 161.2003 0.6157 11.7833 2.2375 36.1207 2.3271 -10.2612 2.1788 132.7522 2.5349 167.5555 2.1597 -7.7232 5.0837 112.6477 2.4740
3022 132.5368 2.8070 158.9587 4.2038 159.7550 0.5358 9.3875 1.9181 33.9910 2.4572 -9.8121 2.4457 133.1425 2.4811 166.9051 2.0363 -7.8878 4.8988 112.5561 2.5034
3023 129.8716 2.4223 160.4582 4.7589 158.2719 0.8560 7.5106 1.5466 31.4675 2.4218 -10.2321 2.9676 133.6478 2.5475 167.2853 1.9621 -8.0670 4.5740 112.2292 2.5335
3024 127.5943 2.4812 162.3719 4.7706 156.2539 1.4977 5.5540 1.3406 29.6517 2.4109 -9.6642 3.3610 134.4064 2.5388 167.5731 2.0276 -7.9242 4.4864 112.5891 2.5318
3025 125.3045 2.4561 164.1209 4.6975 154.1180 1.8269 3.5313 0.9527 27.1725 2.4438 -9.5576 3.5275 135.5065 2.5474 167.8375 1.8114 -7.7708 4.1115 113.0869 2.6167
3026 122.9999 2.6706 165.7398 4.6302 152.2838 2.1515 1.3415 0.6032 24.7366 2.5858 -8.7141 3.8470 136.5675 2.4371 167.9046 1.4884 -7.6662 3.9784 113.8051 2.5704
3027 120.9679 2.8192 167.0987 4.3842 150.2345 2.6238 -0.3398 0.3255 22.8654 2.8235 -8.4507 3.6202 138.1584 2.6446 167.9972 1.4155 -7.4107 3.2213 115.0382 2.4912
3028 118.9349 2.6466 167.7955 3.8637 148.1060 2.3514 -1.8939 -0.0136 20.7592 2.5124 -8.1974 3.8151 139.0544 2.5245 168.6979 1.4807 -7.3707 3.2214 116.1825 2.5121
3029 116.2202 2.6221 168.4845 3.4922 145.8817 2.3415 -2.5247 -0.0991 18.5709 2.4974 -7.6367 3.8763 140.1640 2.4656 168.9972 1.6223 -7.1516 2.5637 117.3639 2.5492
3030 114.0009 2.5429 168.5439 3.0844 143.4271 2.4748 -3.3701 -0.2573 16.5212 2.4307 -7.4010 3.6490 140.7357 2.4612 168.6710 1.7559 -7.2685 2.1143 119.2520 2.6139
3031 111.8561 2.2345 168.8481 2.9349 141.2798 2.3995 -3.7170 -0.2917 14.7556 2.5416 -7.1019 3.4431 141.0501 2.5396 168.9153 2.3482 -7.2932 1.6221 121.3254 2.5353
3032 108.9766 2.4735 169.3907 2.7127 138.8036 2.3377 -4.2535 -0.0749 12.7596 2.5142 -7.0998 3.4538 141.5535 2.5068 169.3783 2.7124 -7.1488 0.9003 123.6631 2.5162
3033 107.2485 2.4071 169.8085 2.2098 136.0749 2.5307 -4.6958 -0.1656 11.4767 2.4742 -7.1431 3.4555 141.3333 2.5782 169.6689 3.1963 -7.0644 0.1827 126.1292 2.5709
3034 105.1341 2.5916 170.6777 1.7663 134.6259 2.6231 -5.2170 -0.1104 10.1765 2.3328 -7.3897 3.3782 140.7304 2.6241 169.7119 3.6838 -6.8760 -0.0355 128.4192 2.4633
3035 103.0186 2.3994 170.9377 1.6640 132.2576 2.6984 -5.4925 -0.2079 9.2866 2.3372 -7.3945 3.1972 139.9558 2.5192 169.7051 4.0058 -6.5438 -0.1694 131.0855 2.4869
3036 100.7664 2.5023 171.2610 1.5392 130.0011 2.4781 -5.5243 -0.5710 8.3839 2.3970 -7.4603 2.9305 138.7566 2.4680 170.0107 4.7529 -5.8660 -0.0470 133.0189 2.5995
3037 98.1499 2.4535 171.1830 1.0948 127.9729 2.3468 -5.5975 -0.6396 7.8143 2.5959 -7.7135 2.7290 137.3346 2.5475 169.7145 4.6577 -5.5871 -0.1199 135.4189 2.5463
3038 95.8180 2.5031 170.8962 0.8993 125.7377 2.4443 -6.0490 -1.0380 7.5793 2.5211 -7.7730 2.4156 135.7165 2.6175 169.3916 4.4067 -5.3788 -0.2535 137.5978 2.4068
3039 93.6883 2.2452 170.3234 1.0122 123.3873 2.4902 -6.1694 -1.2171 8.1724 2.3744 -8.2893 2.3874 133.9157 2.5470 169.3834 4.3424 -4.6182 -0.3554 139.1560 2.3520
3040 91.2352 2.3883 169.9566 0.9694 121.3314 2.3495 -5.9580 -1.0848 8.6377 2.5002 -8.0716 2.4958 131.9796 2.5816 169.6364 4.2346 -4.1186 -0.3389 140.3208 2.4951
3041 88.8759 2.5965 169.5971 0.6791 118.9957 2.4755 -5.8028 -0.6406 9.4039 2.3599 -7.9537 2.7203 129.6388 2.5664 169.6011 4.2375 -3.4974 -0.1923 141.2408 2.4177
3042 86.2678 2.3468 169.3658 0.4450 116.5573 2.6210 -5.4143 -0.3950 10.5079 2.4180 -8.2206 3.1697 127.2247 2.5539 169.9303 3.8198 -2.8723 -0.1708 142.3276 2.4752
3043 83.9416 2.5019 169.1173 -0.0160 114.1789 2.5635 -5.2131 0.3840 11.6854 2.4277 -7.9525 3.2073 125.3152 2.3671 170.3361 3.6471 -1.6465 0.0637 142.8082 2.5265
3044 82.0922 2.6631 168.7621 0.1507 111.8285 2.4203 -5.0713 0.4654 13.3560 2.3677 -7.6890 3.0552 123.3219 2.5013 170.7508 3.7317 -0.4464 0.4347 142.9251 2.4626
3045 79.7260 2.5083 168.8690 0.1979 109.8542 2.7108 -5.4350 0.7070 15.5513 2.5435 -7.6656 3.2471 121.0370 2.3699 171.0371 3.0801 0.6804 0.5195 143.0220 2.5474
3046 78.0396 2.5825 169.1390 -0.1086 107.5307 2.6706 -5.3574 0.7771 17.7156 2.3548 -7.7339 3.4649 118.8618 2.4306 171.5955 2.9319 2.4447 0.8344 142.5461 2.5682
3047 76.3887 2.6236 169.0089 -0.2893 105.6722 2.6728 -5.6635 0.7594 20.1697 2.4731 -7.6111 3.7006 116.8378 2.3784 172.1106 2.7239 4.2487 1.1319 142.1517 2.4925
3048 74.3060 2.3772 168.6513 -0.1929 104.3865 2.5091 -6.1152 0.5555 22.2757 2.6433 -7.1475 4.3126 115.3457 2.5190 172.0963 2.8267 6.1791 1.5870 141.1868 2.5922
3049 71.8666 2.4081 168.9914 -0.5992 103.2635 2.6099 -6.4018 0.1521 24.2072 2.6791 -6.5722 4.8239 113.6200 2.4740 172.2619 2.5392 8.0489 2.0402 140.4787 2.3262
3050 69.3757 2.5640 169.0377 -0.6303 102.6699 2.5221 -6.3721 -0.0557 26.2302 2.6116 -6.0397 4.8403 112.2213 2.3361 172.2744 2.3424 10.3598 2.1736 139.0978 2.3592
3051 67.1195 2.6724 169.3899 -0.6974 102.0556 2.5824 -6.3690 -0.7101 27.8765 2.5596 -5.5147 5.3281 111.0174 2.4873 171.9605 2.4392 12.4587 2.7170 137.4120 2.5378
3052 64.6314 2.6470 169.7695 -0.6681 101.7547 2.4845 -6.8841 -0.7630 29.4768 2.4576 -5.1259 5.6465 109.8675 2.5133 171.6783 2.6075 14.5703 2.5008 134.8454 2.6742
3053 62.1139 2.5966 170.0270 -0.5237 101.5056 2.4056 -6.7637 -0.5524 30.1958 2.4492 -4.7560 5.2923 109.3180 2.5085 171.6646 2.7757 16.9495 2.4374 132.7939 2.5662
3054 60.2605 2.4416 169.9894 -0.3476 101.6081 2.4512 -6.2900 -0.4349 31.3544 2.4255 -4.7972 5.3346 108.7069 2.5040 171.3110 3.2534 19.3869 2.6562 130.6410 2.4184
3055 58.1625 2.5465 170.0266 0.1605 102.0459 2.4748 -5.9421 -0.0522 31.5705 2.4856 -4.7347 4.8911 108.4945 2.5603 170.7075 3.4547 21.4643 2.3778 128.4026 2.4092
3056 55.6792 2.5733 169.5845 0.8802 102.9435 2.4727 -5.7704 -0.0142 31.5719 2.4938 -5.2768 4.8570 108.5143 2.5623 170.0892 3.4229 23.5302 2.5278 126.1069 2.4843
3057 53.6572 2.4914 169.0595 1.1424 104.2902 2.5215 -5.7306 0.2037 31.5790 2.4924 -5.2560 5.1329 108.5947 2.5399 169.3938 3.2737 25.7981 2.5760 124.0884 2.4516
3058 52.1037 2.7125 168.6880 1.9691 105.6562 2.3959 -5.4387 0.5333 31.2548 2.4777 -5.1709 5.5359 109.1089 2.5498 168.7084 3.1317 27.7285 2.3677 121.9357 2.4801
3059 50.3847 2.5140 168.4643 2.3098 107.3515 2.2667 -5.7747 1.0844 31.1997 2.5648 -5.3057 5.1785 110.3336 2.5323 167.9572 2.9616 30.2999 2.6026 119.6907 2.2850
3060 48.8389 2.6691 168.3420 2.8322 109.5769 2.2112 -6.1557 1.4886 31.0264 2.5966 -5.6754 5.3904 111.2472 2.6738 167.4335 3.1952 32.5915 2.6096 117.6333 2.4043
3061 47.5015 2.6147 167.9352 3.2188 111.9548 2.4708 -6.6119 1.7877 30.8628 2.5499 -5.9277 5.5462 112.6286 2.6664 166.6211 3.6628 34.7015 2.2998 115.6418 2.4211
3062 47.0608 2.5386 167.2995 3.4240 114.1844 2.4932 -6.7421 1.2998 30.5558 2.5251 -6.7650 5.4382 114.0494 2.4580 166.1846 4.0342 37.0258 2.4686 113.4346 2.3525
3063 46.0744 2.5435 167.0357 3.8340 116.7334 2.6654 -7.1648 1.1347 29.9938 2.5239 -7.0454 4.9102 116.0936 2.6625 165.7635 4.1320 39.2863 2.2904 111.2334 2.4635
3064 46.1219 2.4611 166.4854 3.9319 119.5719 2.4867 -7.6323 1.2339 30.5242 2.4970 -7.5887 4.5161 118.1799 2.4321 165.4598 4.3053 41.6558 2.5046 109.8540 2.5604
3065 46.2025 2.4812 166.1615 3.9041 122.2820 2.4869 -7.8452 1.8410 30.4389 2.5296 -7.8282 3.8375 120.1079 2.6131 165.3801 4.8417 44.0099 2.5590 108.7649 2.5005
3066 47.0034 2.4735 165.4034 4.2324 124.7976 2.4804 -7.9080 2.7449 30.5907 2.4964 -8.5021 3.4093 122.8204 2.5796 165.6804 4.6566 46.4354 2.5641 107.6984 2.3119
3067 47.9873 2.4534 164.4653 3.8973 127.1353 2.3528 -8.0112 3.0633 30.9910 2.4960 -9.0338 3.3262 125.1386 2.4012 165.8041 4.5513 48.8535 2.5730 107.1929 2.4766
3068 48.5157 2.4387 163.4813 3.5755 129.4329 2.6545 -7.9763 3.3980 31.6618 2.4371 -9.2161 3.1229 127.1208 2.4903 166.4535 4.1101 51.3292 2.6354 106.5771 2.5200
3069 49.7114 2.5512 162.5099 3.1532 131.9703 2.6968 -7.2506 4.0713 32.8811 2.3132 -9.4460 3.3702 129.4377 2.6419 166.9292 4.0875 53.6090 2.5169 106.4515 2.4348
3070 51.5005 2.5541 161.5836 2.4520 134.1368 2.6824 -6.9377 4.6863 34.5100 2.3348 -9.9244 3.1337 131.3810 2.4765 167.5775 4.1375 55.9922 2.6748 106.1943 2.5177
3071 53.6086 2.3919 161.0600 2.2171 136.0382 2.5913 -7.0810 4.7884 36.3238 2.3986 -10.1714 2.9018 133.7379 2.4310 167.8602 4.2969 58.0087 2.8193 106.2639 2.5712
3072 55.7318 2.6107 160.0601 2.1667 138.1637 2.3794 -6.6533 5.0344 37.9869 2.6237 -10.4495 2.8423 135.7704 2.5753 168.4304 4.5760 60.0449 2.7130 106.9271 2.4786
3073 58.0284 2.6436 158.8415 2.0853 140.5022 2.4631 -6.4355 4.7149 40.3536 2.4851 -10.4411 3.0284 137.9876 2.5633 169.0216 4.9142 61.8607 2.4167 107.0922 2.5895
3074 60.4816 2.5686 157.0500 2.2052 142.6382 2.4435 -6.5205 4.0487 42.9536 2.5606 -10.4088 2.9597 140.5215 2.4945 169.0661 5.1537 63.4555 2.4196 107.6503 2.6191
3075 62.5838 2.6676 155.4105 2.2928 144.6571 2.6090 -6.4734 3.7022 45.3450 2.4470 -10.1210 2.7357 142.9528 2.3102 169.4455 5.1421 64.8884 2.5310 108.1495 2.6256
3076 65.2927 2.5118 153.5579 2.4205 147.0390 2.3155 -6.5851 3.6953 47.7309 2.6249 -9.3907 2.9703 145.0740 2.1687 169.3541 5.5744 65.8774 2.3978 108.8395 2.5293
3077 67.2886 2.3608 151.6504 2.4667 149.1882 2.1008 -6.6867 3.4802 49.9200 2.5612 -8.5420 3.0208 147.5181 2.2384 169.0359 5.5880 66.7521 2.3844 109.3870 2.4360
3078 69.4589 2.3768 149.1063 2.4137 151.4488 1.6836 -6.6902 3.1987 52.1399 2.3759 -7.8906 2.8744 149.5646 2.3564 168.8607 5.0806 67.2394 2.4903 109.9277 2.4745
3079 71.6796 2.3848 147.2848 2.2687 153.8223 1.6213 -6.7961 2.8297 54.3297 2.2764 -7.6031 2.8308 151.9915 2.5325 168.8283 5.1662 67.0525 2.4868 110.3427 2.4250
3080 74.1460 2.5260 145.1495 2.2301 155.4552 1.5143 -6.5885 2.2920 56.8778 2.3847 -7.5758 2.6455 154.3997 2.7034 168.4543 4.6641 66.5936 2.4312 110.6734 2.4569
3081 76.5844 2.3749 143.7717 2.5741 157.2594 1.0697 -6.5583 1.8164 58.9904 2.3428 -7.2568 2.6300 156.8485 2.2306 168.0533 3.9891 65.7728 2.5120 110.7859 2.4031
3082 79.4611 2.3128 142.3268 2.6203 158.6845 0.7909 -7.0554 1.9577 61.4228 2.6473 -6.8645 2.8066 159.0043 1.5715 167.6707 3.9676 64.4901 2.4633 110.3731 2.5303
3083 81.8852 2.4059 141.2374 2.5105 160.0200 0.8720 -7.1658 1.6083 63.7066 2.4192 -6.4238 3.0075 160.9951 1.5565 167.4198 3.9343 63.3435 2.5048 109.6268 2.5156
3084 83.8207 2.6108 140.2439 2.4429 161.1179 0.5006 -7.6331 1.4208 65.8621 2.5420 -5.8329 3.1910 163.0048 1.2203 166.8131 4.0254 62.0978 2.6349 108.3402 2.4698
3085 85.7543 2.5077 139.5656 2.4983 162.1481 0.5744 -8.0016 1.5224 67.6944 2.4304 -4.9187 3.1893 164.4047 0.6161 166.2804 4.0238 60.4487 2.3682 107.0489 2.3910
3086 87.7764 2.5360 139.2141 2.5432 162.3663 0.8237 -8.4537 1.7935 69.2216 2.5833 -4.3226 2.4773 165.4431 0.0620 165.2761 4.2190 58.2802 2.3185 106.5022 2.4294
3087 89.6155 2.4935 138.9123 2.5180 162.2531 0.6878 -9.3320 1.2470 70.6011 2.5643 -3.8075 2.2258 166.3289 -0.0557 164.1426 4.2725 56.0898 2.6179 105.8604 2.5316
3088 91.9731 2.5205 139.2095 2.5086 162.2275 0.5979 -9.6583 0.9000 71.5317 2.5686 -3.8183 2.0461 167.1731 -0.2233 162.7433 3.8053 54.0595 2.4012 105.1333 2.4730
3089 94.0286 2.5468 139.8287 2.4225 161.5874 0.7276 -9.7453 0.8810 72.4591 2.4690 -3.7112 2.0547 167.5797 -0.3234 161.2309 3.3220 51.7903 2.4620 104.8551 2.4411
3090 95.8857 2.6369 140.9347 2.3630 161.2906 0.9209 -10.0267 0.6283 73.3237 2.4949 -3.6165 2.0905 167.8388 -0.4835 160.4448 2.9965 49.8625 2.5902 104.0358 2.4627
3091 98.1716 2.5060 142.3728 2.5579 160.2577 0.9817 -9.8892 0.6340 73.4291 2.5161 -4.0943 2.2335 167.8495 -0.8822 159.9415 2.5130 48.1674 2.3699 104.4378 2.5164
3092 100.1015 2.3835 144.0792 2.6183 158.7311 0.9883 -9.6693 0.5049 72.9192 2.4899 -4.5107 2.7491 168.0743 -0.9374 159.8090 2.4634 47.0821 2.5084 104.6294 2.5517
3093 102.4046 2.3869 146.0130 2.3589 157.4818 1.0339 -8.8995 0.0428 72.2085 2.4723 -5.3560 3.3036 168.2346 -0.6524 159.7065 2.1633 45.9782 2.4889 105.3633 2.4947
3094 104.6959 2.3998 148.3946 2.4720 156.1704 1.3281 -8.7110 0.0548 71.7813 2.4211 -6.1434 3.2880 168.1148 -0.5586 159.7506 2.0011 45.6431 2.4617 106.1664 2.5379
3095 107.0196 2.6352 150.1302 1.8440 154.1618 1.4015 -8.0138 0.2539 71.3967 2.3981 -7.1903 3.6564 167.9871 -0.4563 159.7235 2.1374 45.3979 2.4829 107.1159 2.4731
3096 109.1990 2.5885 151.9494 1.7962 152.1856 1.8279 -7.7452 0.4467 70.8113 2.4674 -7.6721 3.4521 167.8210 -0.3127 159.8512 2.3432 45.6492 2.4890 108.7350 2.5312
3097 110.6060 2.5253 154.1136 1.1831 150.1961 2.3201 -7.2812 1.2949 70.0372 2.5667 -8.4904 3.2165 167.6724 -0.0671 160.5837 2.7251 45.4629 2.5372 110.4167 2.4962
3098 111.9368 2.6905 156.4443 0.7563 148.1153 2.4120 -6.7839 1.5542 69.8810 2.4283 -8.4233 3.0188 167.7697 0.1759 161.5301 3.1429 46.3433 2.3872 112.3990 2.7495
3099 113.1737 2.5712 158.5830 0.6020 145.8899 2.5097 -6.6862 2.0643 69.1749 2.4523 -8.0898 3.0376 167.4362 0.5834 162.0016 3.2904 47.3610 2.6003 114.5202 2.5136
3100 113.9079 2.4465 160.3650 0.3378 143.6680 2.4348 -6.5995 2.2751 68.7260 2.4363 -7.9224 3.2092 167.0329 1.0205 163.0795 3.4665 48.2652 2.6790 116.8257 2.7314
3101 114.0998 2.5170 161.6503 0.4649 141.6909 2.5926 -6.6467 2.7431 68.7183 2.5102 -8.1839 3.3109 166.3504 1.6385 164.0205 3.8989 49.4868 2.6273 118.9362 2.5093
3102 114.3320 2.4979 162.7415 0.4610 139.2628 2.6595 -6.5912 2.4919 69.2255 2.4958 -8.8679 3.0673 166.3275 1.5684 164.7102 4.0688 51.1408 2.6743 121.0245 2.4542
3103 113.7590 2.4692 163.4606 0.3039 137.0038 2.4576 -6.6142 2.7514 70.1227 2.4841 -9.4634 3.1497 166.1287 1.8298 165.8812 3.8425 53.4524 2.6447 123.4610 2.5774
3104 113.2498 2.4905 164.3246 0.3845 134.7827 2.3051 -6.7540 3.3256 71.5412 2.5760 -9.9655 2.8167 166.5452 1.6540 167.4178 3.5556 55.6066 2.5343 125.5989 2.5390
3105 112.5041 2.4635 164.9171 0.2623 132.2187 2.6721 -6.9473 3.3521 73.0256 2.4739 -10.0483 2.1768 166.7977 1.4070 168.1647 3.3000 57.7124 2.6194 127.7481 2.6021
3106 111.9513 2.5468 165.6689 0.0284 129.8549 2.5377 -7.0288 3.1358 75.2954 2.4179 -10.1294 2.4981 166.3651 1.3534 169.2485 3.1177 59.9608 2.4485 129.7438 2.4490
3107 111.0571 2.5526 166.7132 -0.1617 127.5212 2.5413 -7.6599 3.5131 77.4257 2.5551 -9.6782 2.6434 166.0755 1.3354 169.5078 3.0194 62.2630 2.6308 131.7536 2.4139
3108 109.8954 2.5364 167.1693 -0.2460 124.7950 2.4738 -8.2548 3.7740 79.6249 2.4803 -9.1042 2.6410 165.5572 0.9252 170.0739 2.8892 64.2239 2.6503 133.6401 2.5344
3109 108.0730 2.5157 167.4055 -0.4419 122.3381 2.5125 -8.9150 3.7362 81.8069 2.4625 -8.6399 3.2373 165.5091 0.5368 170.0842 2.4646 66.6102 2.6454 135.1818 2.4348
3110 106.1380 2.4783 167.6448 -0.1765 120.1475 2.5307 -9.3665 4.0750 84.1744 2.3933 -8.6213 3.7537 165.6276 0.3709 170.3110 2.0907 69.1121 2.5404 136.1952 2.3569
3111 103.9239 2.5891 167.8237 -0.1091 118.0781 2.6551 -9.7987 4.2266 86.3207 2.5367 -8.2672 3.9327 165.2199 0.2727 170.4416 1.6515 70.9999 2.4823 137.1780 2.6900
3112 101.8765 2.5542 168.1638 -0.1005 116.2187 2.2843 -10.0041 4.2541 88.7696 2.3498 -8.2185 4.2054 165.0140 0.2607 170.2760 1.6328 73.5258 2.6511 137.6838 2.4505
3113 99.4229 2.5563 168.2761 -0.1714 113.9639 2.1828 -10.0183 4.0231 91.0241 2.5332 -8.5034 4.2251 164.3932 0.2798 169.9428 1.5352 75.8847 2.5009 137.7925 2.5240
3114 97.1479 2.3487 168.1770 -0.1809 111.9110 2.3777 -9.7481 3.7464 93.6813 2.5160 -9.4486 4.2235 163.3483 0.8623 169.9461 1.3333 78.1771 2.5826 138.3127 2.4507
3115 94.8152 2.4176 168.3329 -0.3963 110.1371 2.5663 -9.5602 3.7142 96.1167 2.2668 -9.9355 4.2707 162.2234 0.8791 169.6142 1.4033 80.8340 2.3501 138.5518 2.4180
3116 92.3778 2.6421 168.2206 -0.1268 109.2294 2.4791 -9.1914 3.8098 98.4392 2.3295 -10.0564 4.3447 161.3099 0.8853 169.2506 2.0701 83.3740 2.2660 138.0196 2.5004
3117 90.2905 2.5415 168.3513 -0.1891 108.3299 2.5964 -8.6103 4.3140 100.6683 2.3878 -9.9778 4.5392 159.9498 0.5423 169.0163 2.4834 86.0807 2.3518 137.5884 2.5013
3118 87.6773 2.7161 168.2997 -0.1983 107.9085 2.3868 -8.3457 4.6791 103.0175 2.4164 -9.9484 4.6394 158.7533 1.0522 169.0556 2.7432 87.9124 2.4865 136.8758 2.4457
3119 85.3985 2.7363 169.1351 0.3760 107.6447 2.4889 -8.3675 4.9482 105.3245 2.3470 -9.5764 5.1035 157.5120 1.0124 168.6200 2.9088 89.8738 2.5109 135.6223 2.3187
3120 83.0069 2.5581 169.4188 0.5304 107.6191 2.5334 -8.4287 5.5336 107.3916 2.3660 -9.0517 5.3934 156.2280 1.3041 167.8916 3.6923 92.3301 2.5556 133.9326 2.4007
3121 80.9726 2.6641 169.8124 0.9490 107.5443 2.5435 -8.4220 5.6802 110.0413 2.3606 -9.0504 5.3432 155.6981 1.6358 167.4515 3.8418 94.9194 2.4944 132.1942 2.5118
3122 78.3806 2.4952 169.7105 1.1502 107.9015 2.5978 -8.0627 6.0540 112.4204 2.6785 -8.4863 5.3126 155.1622 2.0586 167.0892 4.0756 97.2471 2.5235 129.8766 2.6528
3123 75.8993 2.5370 169.3710 1.6993 108.6417 2.5936 -7.4840 6.2272 114.7960 2.5802 -8.5148 5.1571 154.7498 2.3082 166.5945 3.8954 99.4253 2.6497 127.7753 2.3745
3124 73.4480 2.3261 168.7413 2.2750 110.1717 2.6868 -7.1988 6.1615 117.2551 2.6025 -8.2032 4.5814 154.6117 2.3835 166.1304 3.7070 101.2438 2.4934 125.7544 2.3568
3125 70.8480 2.4676 168.7857 2.6265 111.2622 2.6038 -6.8722 5.9766 119.4630 2.3683 -8.1635 4.0220 154.4449 2.3481 165.9558 3.5212 103.8749 2.3397 123.5308 2.5275
3126 68.7379 2.3892 168.5571 3.3723 113.2309 2.4498 -6.2402 5.8326 121.4714 2.5775 -7.7740 3.6740 154.8881 1.8671 165.8371 3.1335 105.7817 2.7718 121.4278 2.6928
3127 66.1860 2.5792 168.7592 3.8321 115.3178 2.4476 -5.9833 5.4911 123.6198 2.6416 -7.6734 3.1876 155.3418 1.6717 166.0681 2.5810 108.0695 2.7395 119.3761 2.5501
3128 63.8358 2.4573 168.6108 4.0600 117.6020 2.3532 -5.9106 4.8824 125.7880 2.6035 -6.7729 2.7307 156.1596 1.7712 166.0837 2.0952 110.3671 2.4878 116.9863 2.6837
3129 61.2110 2.2498 168.4965 4.6678 119.6297 2.5070 -5.8891 4.1279 127.7541 2.5340 -5.9570 2.5681 156.8967 1.5752 166.3226 1.4246 112.3388 2.5100 114.7759 2.5093
3130 59.2049 2.5084 168.2499 5.1542 121.7845 2.5809 -6.0774 3.5353 129.8555 2.6898 -5.7696 2.3405 158.2067 1.7475 166.4319 0.4922 114.5607 2.5195 112.5228 2.3904
3131 57.2357 2.6727 167.6618 5.3689 124.0046 2.5215 -6.2015 2.8486 132.1434 2.4984 -5.4927 1.7503 159.5331 1.9360 166.6849 0.1030 116.4315 2.4406 110.4517 2.5972
3132 54.9626 2.5523 167.4567 5.4927 126.2127 2.5133 -6.5391 2.6698 134.4243 2.5631 -4.9981 1.2099 160.8324 2.2847 166.8274 -0.4383 118.0901 2.3236 108.3015 2.4627
3133 52.9176 2.6293 167.3705 5.7441 128.5627 2.3254 -6.8761 2.4429 136.4989 2.5128 -4.9424 0.6076 162.3257 2.4062 166.4909 -0.5116 119.1501 2.5209 105.7153 2.5049
3134 50.6605 2.4914 166.9936 5.7311 130.5282 2.1832 -6.9765 2.0981 138.0271 2.5228 -4.5283 0.4908 163.5189 2.6068 166.3254 -0.5184 120.0450 2.4664 103.5463 2.4908
3135 48.6325 2.5318 166.6371 5.4290 132.8241 2.6222 -7.1653 2.5599 140.4202 2.6072 -4.5807 0.3579 164.4973 2.9173 166.4042 -0.0583 120.5109 2.4667 101.2493 2.3939
3136 46.2368 2.4574 166.6028 5.4626 135.1909 2.7464 -7.0663 2.6116 142.6885 2.5848 -4.4089 0.5026 165.6605 3.1266 166.3100 -0.5179 121.3119 2.5666 99.1554 2.3800
3137 43.7252 2.5899 166.2075 5.3488 137.6957 2.6672 -7.6222 2.5274 144.8873 2.5212 -4.4385 0.7528 165.6448 3.4990 166.3352 -0.5898 121.0233 2.5732 97.1706 2.6209
3138 41.1142 2.3661 165.6095 5.1594 140.4945 2.6914 -7.8069 1.8564 147.4246 2.7614 -4.5731 0.5357 165.9710 3.2956 166.6312 -1.0390 121.1488 2.5037 95.4509 2.3176
3139 38.6908 2.4300 164.6566 5.0342 143.1474 2.4412 -8.2937 1.2609 149.7914 2.6853 -4.5651 0.5395 166.1211 3.4053 167.1864 -1.1550 120.8046 2.5174 93.7035 2.5527
3140 36.4130 2.5347 163.5844 4.3978 145.5407 2.4635 -8.5793 1.0244 151.5986 3.1759 -4.3340 0.7446 166.3564 3.6659 167.4680 -1.3025 120.0176 2.5295 91.2978 2.5662
3141 34.3328 2.5732 162.2619 4.4200 147.3679 2.2761 -8.9596 0.7982 153.5126 3.0908 -4.4881 0.9077 166.8245 3.6210 167.6524 -0.9537 119.0151 2.6924 89.2117 2.4127
3142 32.2251 2.4545 161.0381 4.4714 149.5482 2.4049 -9.0267 0.6876 154.9924 3.0583 -5.1113 0.8853 166.8705 3.5838 168.3509 -0.9089 117.7030 2.4861 86.8207 2.5048
3143 29.6562 2.3728 159.1896 4.3232 151.8314 2.5119 -8.9345 0.9971 156.1721 3.4197 -5.2899 0.4616 166.6015 3.5993 168.3842 -0.4521 116.2541 2.7150 84.5724 2.5389
3144 26.9345 2.3813 157.6117 3.8027 153.6192 2.6742 -8.8742 1.0479 156.8928 3.1337 -5.5023 0.6235 165.8646 3.6057 168.2498 -0.0147 114.3321 2.6018 82.4962 2.5712
3145 24.6847 2.4141 155.6874 3.6601 155.7596 3.0280 -8.5131 1.4435 157.6245 3.0079 -5.5965 0.0996 165.7528 3.3267 168.4547 0.2931 112.4550 2.6914 80.2664 2.4851
3146 22.3274 2.4673 153.2475 3.8213 157.6365 3.1860 -8.1153 2.0138 157.9164 3.1338 -5.6980 -0.2865 165.3692 3.4708 168.5714 0.6488 110.6303 2.4947 77.9493 2.4918
3147 19.8376 2.4473 151.2156 3.3370 159.4094 3.7703 -7.5575 2.2197 157.9289 3.0988 -5.5405 -0.2642 165.1546 3.4138 168.6210 0.6321 108.4165 2.5467 75.5632 2.5047
3148 17.4232 2.3020 148.7557 2.7815 160.7084 4.2621 -6.5903 2.2964 157.8674 3.2623 -5.1043 0.1685 164.6521 3.1640 168.5395 0.8668 106.0943 2.6375 72.8622 2.4230
3149 14.9700 2.4252 146.5514 2.7036 161.7587 4.2409 -6.5019 2.5101 157.3430 3.2450 -4.5489 0.1260 164.5353 3.1116 167.9794 0.8802 103.8011 2.5428 70.7157 2.4567
3150 12.8343 2.2570 144.0995 2.1264 162.9918 4.2035 -6.1795 2.5892 156.7681 3.3020 -4.1791 0.0641 164.5436 3.1207 168.0246 1.4317 101.4033 2.2813 68.3493 2.4414
3151 10.4850 1.8716 141.6586 2.3132 164.0202 4.3569 -5.8789 2.8344 155.6565 3.2782 -3.8873 0.2773 164.0698 2.4370 168.3715 2.1431 99.2267 2.3484 66.0103 2.5962
3152 8.3955 1.7417 139.4358 2.3500 164.9087 4.6351 -5.6756 2.8961 154.6810 3.0687 -3.4989 0.0745 163.4193 1.9195 168.1159 2.7257 97.0018 2.4668 63.5818 2.6598
3153 6.0771 1.3787 136.7693 2.5209 165.1302 4.7999 -5.3411 3.1003 153.0130 2.8889 -3.6329 0.6565 162.8132 1.7546 168.3001 3.4211 94.9632 2.4783 61.5010 2.5462
3154 3.9904 1.4018 134.4317 2.6212 165.6909 5.0356 -4.9817 3.2597 151.2639 2.8559 -3.9993 1.2267 161.9740 1.5358 168.5903 3.7493 92.8819 2.4691 59.2336 2.5558
3155 1.6969 0.5835 131.9750 2.4704 166.2362 5.0111 -4.9162 3.1418 148.9055 2.9565 -4.1650 1.9209 160.7104 1.5832 168.3591 4.3585 90.3285 2.5137 56.8222 2.4573
3156 0.1394 0.8547 129.9503 2.4504 166.7021 5.4707 -4.4274 3.2966 146.9392 2.5924 -4.3080 2.1503 159.4074 1.5942 168.6859 4.9162 88.1174 2.5091 54.5954 2.3808
3157 -1.3567 0.5212 127.4190 2.6395 166.7752 5.6594 -4.1823 3.1001 144.7989 2.5418 -4.4489 2.7146 157.7285 1.6660 168.6334 4.7352 85.5680 2.6718 52.5882 2.5484
3158 -2.9261 0.8109 125.1211 2.7363 166.7677 5.7805 -4.0492 3.3879 142.8906 2.6428 -4.2749 3.4397 155.8149 1.8935 168.5291 4.8783 83.3155 2.7761 50.1703 2.4427
3159 -4.6148 0.9234 122.9656 2.6229 167.1634 5.6923 -4.4079 3.1659 140.5388 2.7191 -4.2537 4.1367 154.0134 2.2332 168.1596 4.8267 81.4495 2.3863 47.9549 2.5326
3160 -5.9991 0.9552 120.8111 2.6775 167.1574 5.4237 -4.8959 3.1048 138.3000 2.5225 -4.4569 4.2796 152.8024 2.4496 167.7476 4.6847 79.6398 2.2304 45.5933 2.4229
3161 -6.9865 0.8274 118.6502 2.3747 167.2106 5.5794 -5.1374 2.7229 135.6286 2.5069 -4.4070 4.5371 151.1239 2.7890 167.1189 4.9249 77.3759 2.5874 43.8191 2.7861
3162 -7.9885 0.5954 116.7554 2.5320 167.1939 4.9863 -5.8424 2.4298 133.0553 2.4285 -4.8435 4.5949 149.9465 2.7812 166.9978 5.2105 74.8561 2.7385 41.8055 2.6342
3163 -8.4665 0.5027 115.2496 2.3475 167.4088 4.5038 -6.4181 2.2066 130.6427 2.2975 -5.2806 4.9647 148.8895 2.7040 167.3648 5.3204 72.3558 2.5651 39.5713 2.7496
3164 -9.0198 0.4963 113.8110 2.3884 167.5831 4.4527 -7.0119 1.8293 128.3040 2.5469 -6.6952 5.3835 147.9748 2.5892 167.4951 5.4268 69.5483 2.5090 37.1190 2.5369
3165 -9.4546 0.4467 112.8055 2.5569 167.5011 4.2629 -7.3324 1.8721 125.9309 2.4028 -7.6619 5.2411 147.2328 2.4869 167.6514 5.3355 67.5111 2.7189 34.9727 2.5798
3166 -9.4328 0.4737 111.5921 2.6241 167.6632 4.0544 -7.4614 1.9445 123.7298 2.4782 -8.7028 4.9727 146.7231 2.3817 168.4839 5.0713 65.0042 2.7054 32.8587 2.4557
3167 -9.0685 0.4666 111.3112 2.5683 167.6742 4.2359 -7.6574 2.3551 121.6612 2.4757 -9.2878 4.3317 146.5567 2.4368 168.5486 4.8206 63.0074 2.5451 30.6910 2.6334
3168 -8.8523 0.7608 111.3541 2.4599 167.9207 3.4065 -7.5221 2.7891 119.2847 2.6412 -9.6458 3.9204 146.6041 2.5779 168.4789 4.8683 61.0276 2.5194 28.4976 2.5830
3169 -8.1001 0.5859 111.2422 2.4862 167.9861 2.8910 -7.4787 3.0707 117.1637 2.3390 -9.8094 3.3182 147.0933 2.5001 168.3081 4.6380 59.0491 2.5560 26.2717 2.4679
3170 -7.5993 1.0509 112.1122 2.3953 167.9023 2.5510 -7.5616 2.8818 114.8509 2.4255 -9.5434 2.7004 147.6947 2.4138 168.2141 4.4196 57.7133 2.5066 24.0670 2.6239
3171 -7.0798 1.2778 112.7646 2.5490 168.2573 2.0930 -7.8515 3.7209 112.5966 2.3008 -9.5790 2.7542 148.7310 2.5702 167.7043 4.5014 56.5922 2.6224 21.4996 2.5297
3172 -6.2396 1.0760 113.9456 2.5637 168.2892 1.4135 -8.5445 3.8762 110.4531 2.6624 -9.0196 2.5597 149.6832 2.7500 167.5819 4.6474 55.5793 2.5250 19.1134 2.7086
3173 -4.5990 0.8525 115.7319 2.4893 168.7336 0.7668 -9.2519 4.3062 108.0285 2.3887 -8.4714 2.5549 150.8999 2.9323 166.8960 4.7010 54.9376 2.4347 17.0381 2.7905
3174 -3.4551 0.8813 117.1607 2.4634 168.9679 0.5520 -9.5067 4.5290 105.7533 2.4296 -7.8223 2.1646 152.2282 2.9022 166.3739 4.6950 54.6447 2.5240 14.7948 2.5264
3175 -1.9346 0.7979 118.7797 2.4455 169.1568 -0.1479 -9.5491 4.7314 103.5183 2.2438 -7.8298 2.0805 154.1134 3.1821 166.3210 4.9021 54.8207 2.5888 12.5884 2.6540
3176 -0.3837 0.7174 120.7266 2.4180 168.7655 0.0360 -9.2199 4.8265 102.0124 2.4635 -7.9129 1.7558 156.2822 3.9324 166.5370 4.6682 55.3794 2.4611 10.6222 2.6831
3177 1.5969 1.1763 122.5113 2.4839 168.3465 -0.4746 -9.4152 4.5739 100.2227 2.6843 -8.1043 1.8279 158.1615 4.1111 166.2873 4.6806 56.0885 2.4605 8.5918 2.9745
3178 3.3820 1.4956 124.8979 2.5000 167.9203 -0.6170 -9.0423 4.3065 99.2788 2.4007 -7.9075 1.8975 159.7950 4.2507 165.3030 4.5170 57.1809 2.4856 6.3178 3.3517
3179 4.9645 1.8557 127.1026 2.3353 167.6835 -0.8187 -8.7838 3.7458 98.5679 2.5685 -7.9804 1.5548 161.3270 4.7601 164.4334 4.4943 58.3160 2.4158 4.2017 3.7297
3180 7.2327 2.3490 129.1746 2.3755 167.5196 -0.7502 -8.2143 3.3929 97.6845 2.5356 -7.3890 1.4505 162.4125 5.1186 163.3905 4.2480 59.5435 2.4100 2.2563 3.8316
3181 9.3642 2.5066 131.6397 2.6828 167.7507 -0.4184 -8.7231 3.0059 97.1701 2.5108 -6.5756 2.1712 163.7562 5.0501 161.8635 4.3318 61.3510 2.6341 0.4075 3.6832
3182 11.1743 2.4061 133.9852 2.3943 168.1046 -0.5500 -8.7945 2.1317 96.6000 2.4923 -6.2926 2.4696 164.9127 5.5334 160.1789 3.9781 63.4292 2.7308 -1.5080 3.7955
3183 13.2164 2.4727 136.5194 2.6356 168.2386 -1.0500 -9.6380 1.7207 96.2771 2.4746 -6.0692 2.3547 166.4297 5.6516 158.1985 3.6466 65.7276 2.5442 -2.6639 4.2050
3184 15.3200 2.3145 138.5159 2.3954 168.5362 -1.1708 -9.7419 1.7400 96.6360 2.4958 -5.4665 2.6502 167.1306 5.4580 156.7775 3.2089 67.8268 2.4528 -4.0548 4.5367
3185 17.5013 2.4962 140.9056 2.3555 168.6417 -0.8931 -9.9486 1.3102 97.7158 2.4051 -5.3259 3.0931 168.2989 5.4514 155.1247 3.0700 70.1681 2.4744 -4.6322 5.0276
3186 19.9950 2.4180 143.2600 2.5136 168.6890 -0.8897 -9.8154 1.1587 98.7558 2.3898 -5.0355 3.5286 169.4867 5.2831 153.8244 2.6446 72.6460 2.7634 -5.0732 5.3796
3187 22.0684 2.4214 145.4772 2.6331 168.5947 -0.9753 -9.8894 0.9375 100.0599 2.5958 -4.8882 3.8749 170.2899 4.8790 152.6204 2.6867 74.5230 2.4742 -5.2588 5.3154
3188 24.8532 2.4686 147.6929 2.5192 168.4342 -0.4700 -9.6072 1.1868 101.6647 2.3530 -4.4917 4.0481 170.4421 4.3801 151.5439 2.4649 76.1751 2.5959 -6.1510 5.3071
3189 27.2508 2.4785 150.1188 2.7087 168.4736 0.0753 -9.2985 1.5278 103.9091 2.2991 -3.5001 4.1935 170.4155 3.7982 150.8811 2.3813 77.9256 2.6485 -6.1266 5.5182
3190 28.9341 2.4060 152.2655 3.0478 168.4641 0.3439 -9.4197 1.7853 106.0124 2.4943 -2.0668 4.0129 170.1098 3.2710 150.6299 2.4401 79.1171 2.5640 -6.2379 5.5050
3191 31.2295 2.3402 154.1312 3.2451 168.3221 0.5156 -8.9394 1.9323 108.4434 2.5724 -0.3628 4.0231 169.7996 3.2754 150.0469 2.4594 80.7137 2.5258 -6.0408 5.4277
3192 33.4944 2.2792 156.1568 3.7455 168.5168 0.8429 -8.6089 2.1863 110.5973 2.5434 1.1614 3.9774 169.4044 3.0792 149.9718 2.4724 81.8290 2.5211 -5.6323 4.9813
3193 35.5744 2.2595 158.4718 3.7177 168.7208 1.0015 -8.5735 2.4731 112.9855 2.5862 2.9964 3.7101 168.8889 2.6685 150.8809 2.5582 82.1243 2.4532 -5.2771 4.9695
3194 37.6384 2.5602 160.0097 4.2281 168.8908 1.2759 -8.6506 2.7508 115.3009 2.3375 4.8322 3.2878 168.6362 2.4388 151.3342 2.8941 82.6695 2.4713 -4.8820 4.7339
3195 39.7020 2.5234 161.5671 4.5885 169.1977 1.3331 -9.1237 3.4920 117.6020 2.4547 6.5074 2.8054 168.2979 2.1491 151.9686 2.9678 82.0241 2.4555 -4.2700 4.5323
3196 41.7389 2.6069 162.8329 4.8471 169.5736 1.3142 -9.0872 4.1992 119.7459 2.6562 8.5875 2.8301 168.0217 1.8766 153.2353 3.3336 81.5641 2.4979 -3.4012 3.8379
3197 43.8788 2.4101 163.9325 4.6609 169.4350 1.5819 -9.0552 5.0382 121.8414 2.3684 10.5630 2.6258 167.8582 1.4348 154.3155 3.0463 81.1788 2.5880 -2.4456 3.3678
3198 46.3707 2.5424 164.6278 4.5867 169.4455 1.8199 -8.4204 5.6032 123.6586 2.4817 12.4759 2.5340 167.5013 0.5190 155.2291 2.9650 80.0306 2.5519 -1.6768 2.7854
3199 48.7518 2.5526 165.3184 4.6774 169.0482 2.1287 -8.0303 6.0581 125.9235 2.3992 14.2231 2.4383 167.0865 0.2946 156.4296 3.0913 78.8095 2.4610 -0.6708 2.7002
3200 50.7853 2.4608 166.1776 4.4655 168.8243 3.0094 -7.9629 6.2565 127.7609 2.6029 15.6577 2.4885 166.6950 0.1994 157.2043 3.2033 77.0151 2.4831 -0.0446 2.1865
3201 52.9395 2.6209 166.0478 4.4922 168.7915 3.0427 -7.7691 6.3159 129.0441 2.4847 16.8962 2.4434 166.0661 0.2496 158.3745 3.3586 74.8195 2.6486 0.8576 2.3592
3202 54.5835 2.5745 165.6691 4.4396 168.5360 3.4721 -7.9083 5.8307 130.3501 2.3964 18.1406 2.5815 165.3632 0.8671 159.0818 3.2669 72.7900 2.5341 2.0140 2.5845
3203 56.5878 2.3422 164.6199 4.5601 168.4291 3.5120 -8.2625 5.4406 131.1535 2.4238 19.4491 2.4900 164.9757 1.3372 159.2426 3.3365 70.4194 2.4089 3.3256 2.7608
3204 59.0019 2.3489 163.6786 4.7149 168.5966 3.4814 -8.4378 4.7968 132.0232 2.5470 20.0215 2.5350 164.3228 2.1157 158.9449 3.0486 68.0836 2.7601 4.8513 2.7082
3205 61.5902 2.4758 162.5311 4.5693 168.5592 3.1774 -8.8020 4.4161 132.5091 2.5755 20.3903 2.4329 164.4900 2.5218 158.2362 3.0179 66.1377 2.5875 6.5884 2.5807
3206 63.7657 2.5702 161.3470 4.7445 168.0359 3.1635 -9.1389 3.9600 132.8645 2.5262 20.4699 2.5544 164.4424 3.1166 157.8117 2.8936 63.7086 2.5948 8.5234 2.3777
3207 65.9712 2.7110 159.8570 4.3101 167.7720 3.2903 -9.4453 3.5102 133.6257 2.4553 19.8051 2.5091 164.2189 2.5417 156.3678 2.7880 61.5685 2.5412 10.5343 2.3561
3208 68.3541 2.7473 158.6899 4.1235 167.8633 3.0329 -9.5585 2.7537 134.1519 2.5920 19.9321 2.5247 163.7140 2.4771 155.1005 2.9622 59.3197 2.5109 12.7890 2.6200
3209 70.7541 2.6872 158.1159 3.8319 167.8774 3.0304 -9.1479 2.7536 134.3382 2.5126 19.3883 2.5395 163.6929 2.2353 153.9295 2.9823 56.7132 2.4859 15.0449 2.6527
3210 73.1127 2.2749 157.4141 3.4713 168.0240 2.9726 -8.8367 2.8762 134.4732 2.4750 18.5840 2.5691 163.6149 2.1714 152.2354 2.9256 54.4658 2.5349 17.2018 2.5121
3211 75.3125 2.5074 157.2194 3.1202 168.6523 2.9588 -8.7990 3.1023 134.8371 2.4659 17.6654 2.5177 163.6209 2.4732 150.5282 2.9908 52.2088 2.5677 19.4968 2.5811
3212 77.4467 2.2183 157.4057 2.6052 169.3322 2.6949 -8.4641 3.0605 135.4043 2.4802 16.7686 2.5579 164.1412 2.6290 148.7000 2.8083 50.1102 2.5855 21.8742 2.5689
3213 79.3775 2.2991 157.4764 2.1972 169.8100 2.0631 -8.2670 2.8876 135.6196 2.5275 16.1976 2.5521 164.7870 3.4809 147.2276 2.7013 47.7718 2.4699 24.1588 2.4021
3214 81.6761 2.2444 157.9949 2.0422 169.9165 1.6386 -8.0828 2.8531 136.7909 2.4053 15.8610 2.4471 164.8899 3.6134 146.5189 2.4977 45.9285 2.4246 26.4779 2.4071
3215 84.2733 2.5975 158.4771 1.8782 170.3568 1.1583 -7.7623 3.1063 137.8540 2.3766 15.6019 2.4972 165.2102 3.7977 145.5247 2.4670 43.5589 2.5692 28.7689 2.4101
3216 86.4108 2.3914 159.0685 1.2973 170.1927 1.3207 -7.5906 2.9731 138.9559 2.3874 15.3638 2.5775 165.1203 3.8162 144.8275 2.4203 41.9885 2.6298 31.4385 2.5212
3217 88.3564 2.4068 159.8820 1.1929 170.1902 1.2841 -7.7391 2.5607 140.8186 2.4732 15.5602 2.5987 165.0910 3.5709 144.5819 2.5728 40.0810 2.5176 33.8382 2.6171
3218 90.8336 2.3909 161.0350 0.7024 170.1438 1.4877 -7.8074 2.6637 142.5710 2.3869 15.8661 2.5832 165.1274 2.7757 144.3483 2.5880 38.6581 2.5283 36.2392 2.2705
3219 93.1288 2.5191 161.6489 0.7598 170.0517 1.5134 -7.1848 2.8980 144.7495 2.4524 16.8345 2.6569 165.4133 2.3534 144.7644 2.5568 37.6359 2.6409 38.4632 2.4169
3220 95.7413 2.5707 162.0833 0.7996 169.9897 2.0943 -7.1232 3.0328 147.2240 2.4263 17.9178 2.5623 165.7025 1.6146 145.1835 2.4805 37.2003 2.5690 40.5728 2.5901
3221 97.8818 2.4578 162.9601 1.0153 170.1293 2.4388 -7.2578 3.3248 149.6483 2.2249 19.1733 2.6647 166.0079 1.1888 146.1633 2.5496 36.6346 2.5466 42.8379 2.6140
3222 100.1805 2.6469 163.2306 0.9402 170.5543 2.4343 -6.9676 3.7164 151.8981 2.0165 20.9066 2.5890 166.7152 0.5441 147.3820 2.4471 36.6487 2.4704 44.8985 2.5403
3223 101.7751 2.4614 163.1047 1.1914 170.2925 2.4983 -6.8803 4.2805 154.2908 1.5259 22.9173 2.5357 166.6878 0.4046 148.8386 2.5495 36.1291 2.4411 46.9076 2.6959
3224 103.6682 2.6060 162.6826 1.3037 170.2247 2.7907 -6.6040 4.6821 156.7185 1.6083 25.3748 2.4394 166.8219 -0.0667 150.4059 2.3905 36.5297 2.4812 48.8205 2.3810
3225 104.8238 2.5152 162.2049 1.0321 170.1122 2.8465 -6.8514 5.0026 158.7966 1.8081 27.1828 2.5549 166.5713 0.4012 152.1815 2.3055 36.8400 2.3005 50.7459 2.4659
3226 106.4840 2.4479 161.1864 0.9205 169.9912 2.7463 -7.5903 4.6519 160.8681 1.9432 29.5489 2.3557 166.5722 0.8862 154.4351 1.8060 37.5211 2.3197 52.2461 2.5495
3227 106.9966 2.5459 159.8407 1.0040 169.9480 2.2535 -8.1700 4.8532 163.2819 1.9787 31.8199 2.2552 166.6091 0.3886 156.2026 1.4439 38.8999 2.5083 53.6987 2.5398
3228 107.7941 2.4775 157.9659 1.3690 169.7879 2.1552 -8.9623 4.9084 165.0414 2.1691 33.8760 2.3680 166.2851 0.4146 157.9934 1.4579 40.3706 2.4045 54.3919 2.4273
3229 107.6125 2.5270 156.2664 1.4396 170.0061 1.8882 -9.5997 5.0169 166.4980 2.2080 35.7701 2.4614 166.0061 0.4971 159.1187 0.9679 42.1293 2.3638 55.3830 2.4692
3230 107.1087 2.4386 154.3364 1.3271 169.6729 1.8369 -10.0769 4.9753 167.9283 1.9002 36.9218 2.5692 165.6111 0.7788 160.5802 0.9152 44.4957 2.1974 55.6308 2.5276
3231 106.4692 2.5139 152.7487 1.6273 169.0966 1.8953 -9.9270 4.9281 169.0318 1.5857 38.6579 2.5445 165.5366 1.3386 161.7316 0.7838 46.8916 2.4830 55.6909 2.4534
3232 105.5965 2.4973 150.2523 1.8719 168.9239 1.6389 -9.4752 5.0514 169.8540 1.2193 39.6189 2.4901 165.8974 1.6401 162.6503 0.9832 48.8815 2.6056 55.8565 2.4619
3233 104.6068 2.4944 147.6995 2.4657 169.1899 1.6403 -8.8885 4.6936 170.6261 0.8121 39.6682 2.6227 165.8576 1.8124 162.9405 1.0638 50.6798 2.4594 55.1712 2.5534
3234 102.8734 2.3278 145.5348 2.4518 169.4053 1.5091 -8.3693 4.7655 170.7923 0.8116 40.3287 2.5062 165.2992 1.9746 162.9644 1.0032 53.0167 2.5221 54.0644 2.6044
3235 101.3608 2.5116 143.4393 2.3232 169.4638 1.6523 -7.9035 4.5835 170.8979 0.7893 40.1370 2.5070 165.0373 2.1754 162.7188 1.0164 55.3067 2.4226 52.6368 2.5105
3236 99.3884 2.4821 141.4961 2.2288 169.5114 2.1463 -7.5062 4.4673 170.4430 0.5274 39.7638 2.4020 164.8860 2.1073 162.2909 0.8807 57.3258 2.5066 50.9815 2.5019
3237 97.0374 2.4815 140.0899 2.3348 169.7973 1.9699 -7.6161 4.2158 169.9999 0.7689 38.4984 2.4478 164.4102 2.1333 161.5274 0.7324 59.6911 2.4327 49.3477 2.6367
3238 95.0213 2.5288 138.7684 2.4005 170.3823 1.9352 -7.8825 3.8198 169.3638 1.3161 37.5812 2.4006 164.5138 2.1829 160.6254 0.6916 62.2524 2.4719 47.2864 2.5576
3239 92.5893 2.5924 137.6540 2.4915 170.7422 1.8205 -7.9190 3.6260 168.8323 1.4279 36.2502 2.4318 164.7935 2.3809 159.1266 0.8991 63.9481 2.4698 45.4728 2.5704
3240 90.4794 2.2692 136.8081 2.3938 171.3524 1.8402 -8.1742 2.9980 168.3661 1.5990 34.3302 2.4572 165.2801 2.7581 157.1307 1.0046 65.5811 2.4683 44.1834 2.4219
3241 88.3216 2.3079 136.4700 2.4686 171.2975 2.4048 -7.8051 2.6141 167.9654 1.9659 32.2797 2.4466 165.5960 2.9291 154.8560 1.0007 66.6892 2.4586 42.7995 2.5284
3242 86.6446 2.3925 136.1424 2.4895 171.1643 2.5139 -7.1468 2.1151 167.3561 1.8924 30.2646 2.4308 166.0083 3.4909 152.7103 1.2103 67.7119 2.5442 41.9097 2.4049
3243 85.2588 2.3380 136.2784 2.5215 171.0252 2.5131 -6.7183 1.6818 166.5864 1.6970 28.0043 2.4276 165.7488 2.9783 150.8772 1.7283 68.3692 2.4504 40.9949 2.6255
3244 84.4079 2.4702 136.8621 2.5809 171.0631 2.9398 -6.5805 0.8071 165.6219 1.8146 26.2876 2.4132 165.6877 2.8473 148.8217 2.2438 68.6095 2.4656 40.1157 2.4984
3245 83.6121 2.5520 137.4016 2.4676 170.8639 3.4211 -6.6399 0.6994 164.3205 1.8355 24.1841 2.5582 165.7178 2.8266 146.1590 2.4071 68.4060 2.5698 38.8133 2.5697
3246 83.1640 2.5114 138.4149 2.5412 171.0738 3.3208 -6.9037 0.5784 163.1599 1.5950 21.4495 2.4467 165.8725 2.5103 143.7902 2.7215 68.6317 2.5316 37.7798 2.5322
3247 83.1729 2.3940 139.7510 2.5246 171.5193 3.6343 -7.3530 0.0617 161.6457 2.0585 19.0673 2.6296 166.1923 2.0988 141.6093 2.4630 68.0848 2.4629 37.1768 2.4791
3248 83.5305 2.4436 141.4464 2.4526 171.7768 3.3305 -8.1406 -0.2926 160.1647 2.1485 16.6137 2.6062 166.6868 2.5515 139.3485 2.5194 67.4780 2.5071 36.6537 2.4647
3249 83.8309 2.5310 143.1931 2.4867 171.8629 2.9343 -8.4013 -0.3769 159.0018 2.9355 14.4012 2.4033 167.4924 2.7428 137.2767 2.6014 66.4859 2.6211 35.7200 2.4257
3250 84.5205 2.6412 145.4455 2.7359 171.4347 1.9720 -8.6419 -0.3319 157.4620 2.6957 12.0918 2.6623 168.1158 3.1728 135.2555 2.5661 65.1033 2.5500 35.1928 2.5464
3251 85.5960 2.6120 147.6152 2.3675 171.4272 1.5479 -8.5495 -0.2189 155.6640 3.0999 10.3443 2.7598 168.7603 3.7195 132.6919 2.6299 63.7907 2.6092 34.7709 2.6373
3252 86.5401 2.5485 149.7209 2.4228 171.1362 1.3218 -8.4065 -0.0491 154.0742 3.0453 8.1561 3.3042 168.9995 3.9922 130.1406 2.2326 61.9385 2.6851 34.0698 2.5999
3253 87.8260 2.3338 151.7356 2.0942 171.1631 1.2227 -8.2559 0.6084 152.2201 3.3128 5.9415 3.7159 169.4210 4.1015 128.0092 2.4523 59.5291 2.6171 33.4052 2.5946
3254 89.0596 2.5897 153.5472 1.7569 171.4881 1.3518 -7.9076 1.0893 150.1644 2.8214 3.7399 3.6732 169.4770 4.3682 126.2961 2.5299 57.0075 2.7310 32.4595 2.3644
3255 90.0333 2.5452 155.9527 1.5738 171.7873 1.4768 -7.4935 1.4761 148.2213 2.5879 2.7029 3.8103 169.3460 4.0070 125.0498 2.4586 54.8981 2.5984 31.7252 2.3514
3256 90.9589 2.5914 157.5757 1.5969 171.8179 1.3402 -7.3203 1.3255 146.3145 2.3685 1.0771 3.2332 169.4326 3.4205 123.9695 2.5189 52.1310 2.4824 30.0243 2.3008
3257 91.4047 2.4261 160.0657 1.6323 171.9168 1.2183 -6.9400 1.7479 144.2663 2.3325 0.1398 2.8729 169.4939 2.8247 123.0814 2.4281 50.1459 2.4513 28.0189 2.4332
3258 91.5240 2.4688 162.1770 1.5157 171.4893 1.3657 -6.0810 1.9239 142.8037 2.3362 -0.7358 2.6698 169.5920 2.2902 122.4920 2.5768 48.3567 2.5327 25.7205 2.5405
3259 91.5151 2.4996 164.0770 1.5701 171.5369 1.4483 -5.5921 2.5090 141.0516 2.6494 -1.8743 2.3185 169.4466 2.1754 121.7604 2.5785 46.8283 2.3764 23.3212 2.5352
3260 90.4673 2.4599 165.6638 2.0545 171.2569 1.8082 -4.6595 2.8115 139.7647 2.4589 -2.8347 2.2098 169.4772 2.0023 121.5855 2.4525 45.8167 2.4529 20.7910 2.4706
3261 89.6211 2.3701 166.7377 2.5073 171.0209 2.1890 -3.3184 3.3285 138.7274 2.4899 -3.6877 2.0763 169.4129 2.0799 121.2066 2.5780 44.8409 2.5346 18.4029 2.6304
3262 89.1526 2.4913 167.6694 2.7173 170.5877 2.4984 -1.5888 3.6120 138.6339 2.5681 -4.5910 2.2291 168.8927 1.9932 121.6097 2.6524 44.1336 2.5362 16.1252 2.5160
3263 88.1196 2.6380 168.0586 3.1199 170.1258 1.9714 -0.4879 3.5839 137.7488 2.5265 -5.4158 2.4398 168.8000 2.2504 121.9073 2.5711 43.1232 2.4032 14.2380 2.4552
3264 86.7362 2.5191 168.4419 3.0776 169.5757 1.9965 1.1051 3.7951 137.8830 2.4451 -5.8992 2.7951 168.2532 2.2972 122.8689 2.4329 42.9737 2.4901 12.1594 2.8378
3265 85.0049 2.4175 168.8143 2.9868 169.3617 1.8929 2.5729 3.4450 138.3336 2.5811 -6.5425 2.8848 168.1345 1.6642 124.0566 2.5325 42.9332 2.5153 10.1067 2.8725
3266 82.8559 2.4729 168.7486 3.0265 168.9776 1.8991 3.9513 3.1152 139.0615 2.6140 -7.1278 2.6312 167.8270 1.4668 125.5574 2.6680 43.3274 2.5984 7.8046 2.8477
3267 80.7758 2.5564 168.8653 3.0770 168.8337 1.8652 4.6564 2.9129 140.0016 2.6044 -7.6771 2.7138 167.6988 1.3856 127.4459 2.5471 44.0098 2.5462 6.1211 2.9487
3268 78.6907 2.3085 168.4725 3.7321 168.4243 1.8493 5.1514 2.6148 141.2891 2.5425 -8.2132 2.4670 167.2583 0.6997 129.7489 2.4569 44.8157 2.5550 4.7476 2.8150
3269 76.6037 2.4197 168.3098 4.3084 167.8503 1.8473 5.6096 2.6052 143.1977 2.4581 -8.6683 2.6483 166.7884 0.5009 132.2368 2.5001 46.0631 2.4435 3.0779 2.8095
3270 74.6941 2.6076 168.1885 4.8601 167.5773 1.9582 5.7850 2.5315 144.7693 2.6806 -9.0483 2.5845 166.5872 0.1209 134.4332 2.6179 47.6498 2.5957 1.7009 2.4134
3271 72.6407 2.6513 168.3537 5.2010 166.7029 2.1845 5.8285 2.5549 147.0004 2.5783 -9.4861 2.4541 166.0834 0.2516 136.7243 2.3896 49.7222 2.2686 0.4475 2.2913
3272 71.1890 2.6043 167.7077 5.4112 165.9229 2.4569 5.5844 2.6795 149.4726 2.2110 -9.5792 2.3223 165.7091 0.3614 139.1603 2.5800 51.1957 2.4745 -0.6671 2.2771
3273 69.8020 2.3842 167.4731 5.4578 165.8603 2.4969 4.8643 2.6669 151.3964 1.6987 -9.7624 2.3254 164.9687 0.6755 141.6429 2.6564 52.7170 2.5531 -2.1698 2.2589
3274 69.1946 2.4240 166.5703 5.1708 165.4452 2.3564 4.2642 2.7524 153.4464 1.4846 -9.9967 2.4982 164.2056 1.1670 143.7899 2.7272 53.9229 2.4965 -3.6445 2.4358
3275 68.5893 2.4055 165.9874 4.6523 165.7716 2.2933 3.9791 2.6664 155.2254 1.1027 -10.1754 2.5985 163.6398 1.4774 146.0835 2.6332 54.8142 2.6397 -4.8220 2.2940
3276 68.8281 2.5351 165.9444 4.3799 166.0077 2.0327 3.1294 2.7350 157.2715 0.8800 -10.3668 3.1459 162.5064 1.2934 148.0175 2.7920 54.8036 2.5749 -5.7568 2.6919
3277 69.0947 2.5142 165.9205 3.6834 165.8657 2.5104 2.7361 2.8678 159.4414 0.6157 -10.4654 3.2224 161.3788 1.6294 150.1895 2.4221 54.9784 2.5036 -6.1977 2.6362
3278 69.6900 2.6115 165.9085 2.9553 165.7674 2.6542 2.6109 2.9102 161.1193 0.4656 -10.2943 3.0920 159.8286 1.5586 152.5337 2.3849 54.7430 2.4313 -6.0647 3.0215
3279 70.4113 2.6432 166.1354 2.6482 165.9222 3.0231 2.7042 2.9724 162.4856 -0.1208 -9.8999 2.8725 158.7735 1.4041 154.7847 2.4815 54.1206 2.4798 -5.9570 3.1844
3280 70.9475 2.5736 166.2229 2.2075 165.8633 3.2946 2.9473 3.0422 163.5795 -0.0454 -8.8636 2.7701 157.3703 1.0963 156.8351 2.4125 53.3559 2.4620 -5.9775 2.9985
3281 72.3448 2.5501 166.3997 1.7394 165.6754 3.8828 3.5567 2.9200 164.3200 -0.0771 -8.3325 2.5523 156.1827 1.2570 158.8992 2.1095 52.6302 2.4993 -5.9606 2.8734
3282 73.5199 2.5241 166.8326 1.0703 165.8522 4.6013 3.9774 2.7012 165.0321 -0.5089 -7.7942 2.3913 154.8000 1.4374 160.3651 2.5266 51.4730 2.4849 -6.0112 2.5587
3283 75.3413 2.4144 166.8617 0.7737 165.9403 5.1223 5.0799 2.7661 165.0644 -0.4409 -7.4282 2.2099 152.6770 1.8072 162.4391 3.1763 49.5292 2.4225 -5.9317 2.4256
3284 77.7629 2.4177 166.7553 0.8394 166.0011 4.9634 6.4360 2.8119 165.2961 -0.3227 -6.7501 2.6368 150.5365 2.0578 164.2061 3.1446 47.5559 2.5595 -6.1845 2.7041
3285 79.7371 2.4790 166.7149 0.6535 166.2308 4.9474 8.0577 2.8248 165.3973 0.2971 -6.6028 2.7408 148.3795 2.2820 165.6747 2.9305 45.0201 2.5558 -6.0999 2.8234
3286 82.0420 2.5091 166.4560 0.2563 166.0884 4.4193 10.2593 2.6683 164.9571 0.6471 -6.2070 3.1056 146.2704 2.2934 167.2453 2.7268 43.0709 2.5919 -6.0175 3.0784
3287 84.2208 2.6858 166.0513 0.3676 166.4064 3.8396 12.4505 2.6596 164.0609 0.2354 -6.0167 3.1650 143.9224 2.4052 168.1418 2.2607 40.5193 2.4895 -5.8503 3.2896
3288 86.9137 2.4273 166.1984 0.2685 166.1845 2.9586 14.4760 2.8036 163.1184 0.2201 -5.9322 2.7894 141.7179 2.5061 168.6842 2.2987 38.6881 2.4161 -5.8109 3.0784
3289 89.3715 2.6655 166.3920 0.8476 166.3037 2.3827 16.2236 2.6540 162.0428 0.8225 -6.1098 2.6070 139.5327 2.5118 168.9143 2.2165 36.6480 2.6527 -5.9295 3.2862
3290 91.2480 2.5502 166.7262 1.0173 166.3677 1.8782 18.1971 2.5550 160.4311 0.7597 -6.3336 2.0704 137.2837 2.3527 169.1753 1.5737 34.7327 2.5256 -6.0711 3.2039
3291 93.5491 2.6260 166.3982 1.2497 166.3562 1.9010 20.4828 2.5576 159.0107 0.7872 -6.2569 1.8010 134.8876 2.5134 169.5283 1.0763 32.4201 2.4201 -6.0520 3.0685
3292 95.6619 2.6711 166.4087 0.9875 166.6419 1.5032 22.5658 2.6256 157.0496 1.0483 -6.2069 1.1610 132.7419 2.6874 169.4583 1.1177 30.2985 2.5881 -6.5264 2.7598
3293 98.0665 2.3675 166.6355 1.2740 166.7891 1.7793 25.1120 2.7663 155.0351 1.2903 -6.4539 0.9870 130.2219 2.6805 169.7238 0.6522 28.2589 2.6105 -6.8676 2.3150
3294 100.6004 2.2716 166.7484 1.6143 166.4965 1.4931 27.2287 2.6200 152.8383 1.5040 -6.5969 0.7414 127.6468 2.6232 170.0848 0.2298 25.8482 2.6962 -7.4415 1.9424
3295 103.0684 2.4186 167.3907 1.5136 166.5428 1.7084 29.6290 2.6146 150.4231 2.1340 -6.7869 0.2586 125.3180 2.6140 170.1749 0.1451 23.6104 2.4055 -8.0758 1.6171
3296 105.2896 2.6397 168.0256 1.6072 166.8279 1.5268 31.8637 2.3299 148.1734 2.3504 -6.9145 -0.2913 123.1234 2.5474 170.4376 0.4119 21.1866 2.4093 -8.4707 1.7022
3297 107.7676 2.5898 168.5997 2.1588 167.1722 1.5225 34.0183 2.4992 145.9454 2.6192 -7.6250 -0.8658 120.7311 2.4100 170.2256 0.1808 18.7276 2.4028 -8.8758 1.4955
3298 109.9086 2.8818 169.4068 2.5806 167.6845 1.7354 36.5079 2.4667 144.0331 2.6466 -7.6871 -1.0150 118.4561 2.4870 169.9293 0.1045 16.1269 2.7057 -9.2284 1.6755
3299 112.4559 2.6028 169.7890 2.7745 168.2320 2.2024 38.9699 2.4479 141.8052 2.3674 -8.6161 -1.1332 116.1399 2.3400 169.8160 0.5005 13.3980 2.6112 -9.3689 1.4373
3300 114.5283 2.5511 170.3394 2.7890 168.4364 2.9022 41.4542 2.2664 139.6418 2.3156 -8.7551 -1.2913 113.6563 2.5804 169.7909 0.8455 10.7560 2.6495 -9.0499 1.3244
3301 116.7115 2.3287 170.4670 3.5894 168.7833 3.0788 43.6311 2.2584 137.2990 2.4562 -9.2001 -1.0037 111.7741 2.6528 169.5599 1.4092 8.6054 2.9614 -8.5234 1.5566
3302 119.5208 2.5905 170.2381 3.9307 169.1304 3.4617 45.7220 2.4452 134.7757 2.6096 -9.4907 -0.6721 110.0884 2.4761 170.0299 1.7517 6.9778 3.1678 -7.9415 1.9005
3303 121.6585 2.6131 170.4429 3.8640 169.3455 3.5213 47.7755 2.5155 132.5028 2.5047 -9.1184 -0.6729 108.2062 2.4861 169.9388 2.2313 5.7699 3.4037 -8.1038 1.6932
3304 124.0250 2.5516 170.1598 3.9737 169.6911 3.8167 49.4032 2.4492 130.3063 2.4432 -8.5818 -0.3575 107.4722 2.6190 169.8838 2.5873 4.3377 3.3496 -7.9980 1.4638
3305 126.3408 2.6307 170.2710 4.1969 169.4243 4.0895 51.5249 2.3802 128.0548 2.5005 -8.1013 -0.4219 106.4805 2.5230 169.4718 3.2851 2.9581 3.2815 -8.1177 1.3778
3306 128.6350 2.4982 170.2777 4.4913 169.0432 4.5813 53.7027 2.3733 125.9223 2.4616 -7.4620 -0.0070 105.6582 2.5020 169.0959 3.3043 1.4234 3.3996 -8.2724 1.3612
3307 130.6457 2.3790 170.0721 4.9077 168.6609 4.8129 55.5476 2.4515 123.6433 2.4975 -7.1065 0.5118 105.0744 2.5391 168.5957 3.3548 0.4044 3.7610 -8.0228 0.9298
3308 132.3863 2.5341 170.1972 5.1082 168.7537 4.8791 57.6667 2.5476 121.1874 2.4676 -6.6281 0.7087 104.8844 2.4324 168.2070 3.5900 -1.3007 3.6356 -8.0391 0.7586
3309 134.4377 2.3633 169.9802 4.9813 168.9507 4.7548 60.0549 2.6708 118.7292 2.5405 -6.1729 0.8666 105.1231 2.4672 167.5822 3.6055 -2.6166 3.5521 -7.8683 0.6515
3310 136.3042 2.4820 169.9328 5.2920 169.3380 5.0093 62.0467 2.5352 116.4581 2.5145 -6.3294 0.8843 105.7777 2.4790 167.2638 3.6669 -3.4091 3.9634 -7.6965 0.3373
3311 139.2539 2.5795 169.5213 5.3323 169.6150 5.2072 64.7301 2.7057 114.5764 2.6715 -6.2122 1.2988 106.5646 2.3919 166.7186 3.2600 -4.3853 3.8062 -7.4746 0.5558
3312 141.0363 2.5195 169.5042 5.4407 169.7271 4.9490 66.7120 2.7053 112.4793 2.4922 -6.0208 1.4267 107.6859 2.3277 166.2012 2.8168 -4.5708 3.7130 -7.4375 0.6207
3313 142.8174 2.4531 169.5850 5.4774 169.4874 4.7448 69.0020 2.6525 110.7669 2.5973 -5.4702 1.4387 109.5256 2.6095 165.4098 2.7133 -4.9138 3.7589 -7.6831 0.5476
3314 144.8771 2.4829 169.8857 4.6700 169.2238 4.6658 71.4931 2.4478 109.8740 2.5467 -4.7356 1.8582 111.4961 2.3683 165.0435 2.7651 -4.7776 4.0302 -8.3800 0.9042
3315 147.2435 2.6074 170.1661 4.1721 168.5694 4.7527 74.3059 2.3771 108.7563 2.6814 -4.2973 2.3247 113.6952 2.5784 165.3162 3.0728 -4.2117 4.1722 -8.6416 1.4911
3316 149.4863 2.9479 170.4424 4.4478 168.0174 4.8347 76.5073 2.5833 107.9356 2.5512 -4.1613 2.7655 115.1020 2.4075 165.0797 2.8007 -3.3055 3.7099 -9.2382 1.5941
3317 151.5980 3.2839 171.0668 4.5185 167.6169 4.8279 78.6668 2.5747 107.7040 2.4216 -4.1369 3.3651 117.1390 2.4744 165.3033 2.3380 -2.2639 3.3267 -9.8862 2.4608
3318 153.5130 3.4825 171.4839 4.5003 167.0303 4.9060 81.1982 2.6224 107.4228 2.5332 -4.0749 3.9235 118.9134 2.5924 165.7675 2.0694 -1.3010 2.9427 -10.5008 2.5723
3319 154.8687 3.3242 172.1009 4.3552 166.8612 4.7475 83.4849 2.5679 107.0841 2.4953 -4.4844 4.1081 120.1700 2.4924 166.3557 1.8060 -0.2060 2.4562 -10.8263 2.4000
3320 155.9667 3.3920 172.1090 3.6595 166.7380 3.9430 85.5100 2.4510 107.2536 2.6028 -4.5918 3.8313 121.3154 2.4236 167.0615 1.7854 0.8786 2.1262 -10.9238 2.2006
3321 157.1467 3.2602 172.0261 2.8598 166.8061 3.6412 87.3979 2.4622 108.0714 2.3760 -4.6138 3.3709 121.6010 2.5441 168.0150 1.6690 2.1033 1.9800 -10.7773 2.0933
3322 157.9882 3.2132 171.8708 2.0301 166.8092 3.5917 89.5185 2.6684 108.4613 2.4753 -5.0088 2.4882 121.5585 2.5040 168.5860 1.8852 3.4436 1.5241 -10.6738 1.7293
3323 158.9133 3.2925 171.3225 1.9802 166.4542 3.8105 91.6676 2.5386 109.6368 2.3631 -5.5497 1.9444 121.3866 2.5661 169.1491 1.4543 4.9096 1.6620 -10.6429 1.7953
3324 159.5579 3.5185 171.2020 1.7604 166.5016 3.4299 93.9200 2.5178 111.1540 2.5457 -5.4636 1.6399 120.6980 2.4904 169.1948 1.6319 6.6705 1.5496 -10.6144 1.8052
3325 159.8004 3.6041 171.2363 1.3784 166.2307 2.9922 96.0709 2.2010 112.9149 2.4059 -5.3882 1.6433 120.1374 2.4183 168.9384 1.8094 8.9204 1.7287 -10.6850 1.9672
3326 159.6033 3.4095 170.7407 1.3353 165.6756 2.7743 98.0219 2.3971 115.0526 2.4452 -5.2823 1.4336 118.8250 2.5355 168.7451 1.7660 10.8054 2.0122 -10.4162 1.6690
3327 159.1490 3.4581 170.4459 1.1145 165.2940 2.3017 99.5638 2.3989 117.3640 2.4044 -5.6094 1.1658 117.4705 2.4867 168.9849 1.8401 12.8015 2.3769 -9.9728 1.6738
3328 158.2833 3.5774 170.1219 0.9139 165.0504 2.3696 100.7123 2.4354 118.9040 2.8014 -6.0417 1.1430 115.9409 2.6206 168.8501 1.8337 15.0599 2.3945 -9.6347 1.1995
3329 156.9967 3.5510 169.6472 0.5621 164.9706 2.0488 101.6231 2.4604 120.9432 2.5972 -6.8074 1.1880 113.9566 2.7204 168.4989 1.7591 16.9819 2.5623 -9.1532 1.0362
3330 155.6454 3.4616 169.4448 0.4240 165.3388 1.9669 102.0572 2.4282 123.0563 2.6275 -7.0584 1.3142 112.0182 2.3444 168.2608 1.6416 19.2725 2.6318 -9.1334 0.5627
3331 153.7339 3.5091 168.8859 0.8550 165.5274 1.8310 102.2733 2.5180 125.0601 2.7455 -7.3119 1.1934 110.0208 2.3831 167.7017 1.7204 21.5427 2.5454 -8.8206 0.3551
3332 151.5179 3.3377 168.5828 0.7431 165.8943 2.3419 102.9511 2.4692 126.8038 2.4566 -7.6219 0.7063 107.6695 2.4408 167.3197 1.4569 23.9133 2.3074 -8.9860 0.2125
3333 149.0120 3.1281 168.4442 1.1082 165.7543 2.3883 103.0946 2.5081 127.8821 2.5365 -8.2782 0.3857 105.1227 2.6346 166.2336 1.4752 25.9684 2.4140 -8.9909 -0.3021
3334 147.1572 2.9034 168.3459 1.5481 165.0781 2.3930 102.5293 2.4707 128.9231 2.4487 -8.7083 0.2456 102.8234 2.5781 165.2533 1.3929 28.4282 2.4898 -8.7570 -0.2938
3335 144.8635 2.6604 167.8736 1.0865 164.4330 2.5930 101.8005 2.5179 129.4619 2.5972 -9.4731 0.1006 100.2977 2.7697 164.5000 1.1888 30.8286 2.5480 -8.0121 -0.4525
3336 142.8512 2.4633 167.5904 0.8436 163.7116 3.1217 100.6880 2.6089 130.0293 2.5401 -9.8191 0.5600 97.7135 2.3139 163.6732 1.4049 33.2347 2.5567 -7.4584 -0.6487
3337 140.6179 2.3746 167.4991 0.7597 163.3119 3.4834 99.0848 2.6123 129.7928 2.4859 -10.1083 0.9392 95.3314 2.4422 163.1218 1.5075 35.4699 2.3835 -6.7455 -0.7658
3338 138.3080 2.4031 167.0503 0.4865 162.3445 3.4271 97.1701 2.4108 129.2648 2.4089 -9.6011 1.5172 92.8584 2.4132 162.9487 1.8894 37.6031 2.5495 -6.7997 -0.6822
3339 135.8968 2.7144 167.0267 0.7124 161.2276 3.7294 95.1461 2.3412 128.7455 2.3466 -9.3666 2.2244 90.4872 2.5073 162.5825 2.2332 39.3707 2.5497 -6.8461 -0.3109
3340 133.2779 2.6446 166.7297 0.9431 159.8002 3.5951 92.6663 2.4133 127.5119 2.3440 -8.5812 2.9227 88.6047 2.5735 162.1803 2.3942 40.9597 2.5084 -6.9519 -0.3392
3341 131.0861 2.6722 166.6247 1.1658 158.6800 3.1525 90.2050 2.5172 126.6950 2.5535 -7.6444 3.4814 86.3844 2.4163 162.3568 2.2714 42.0839 2.4018 -6.9198 -0.2153
3342 128.9513 2.6203 166.4177 1.1635 157.1193 3.2124 88.0823 2.4359 125.3366 2.4736 -7.1762 3.9114 83.9311 2.6028 162.7897 2.5370 42.8943 2.5054 -6.7160 -0.2136
3343 126.9071 2.8457 167.0925 1.0491 155.7664 2.6564 85.8142 2.2877 123.6094 2.4055 -6.7608 3.7597 81.6486 2.4463 162.6934 2.8244 43.5552 2.4694 -6.7861 0.1969
3344 124.4326 2.5861 167.2191 0.8793 154.0209 2.6308 83.3920 2.5159 121.3593 2.7157 -6.1230 3.3195 79.3352 2.4094 162.7000 2.8155 44.0963 2.5459 -6.6630 0.8669
3345 122.5059 2.7010 167.5042 0.4927 152.1919 2.2363 81.2484 2.5409 119.1175 2.6180 -5.8041 2.6790 77.4791 2.4455 163.1281 2.3214 44.3532 2.5219 -6.3827 1.1871
3346 120.3723 2.6451 167.9967 0.5065 150.2426 2.0876 79.0877 2.5277 116.8889 2.3998 -5.3119 3.0079 75.1282 2.5047 163.4157 1.7787 44.4270 2.4349 -6.4048 1.0375
3347 118.6314 2.5156 167.9052 0.5377 147.4682 2.1229 76.5384 2.3507 114.4852 2.3780 -5.0515 2.9303 73.1917 2.8175 163.8451 1.4894 44.3409 2.4756 -5.9776 0.8370
3348 116.6032 2.7694 167.4616 0.1374 145.4694 2.5582 74.2840 2.2424 112.2807 2.5219 -4.6805 2.7340 71.2665 2.7057 164.6265 1.0177 43.6518 2.5442 -6.0562 1.4021
3349 113.6289 2.7627 166.3865 -0.0442 143.0803 2.6088 71.9739 2.3193 110.0217 2.5195 -4.5121 2.8467 69.9237 2.4729 165.6424 0.5253 42.6628 2.6419 -6.2121 1.9700
3350 111.3174 2.5736 165.7382 0.3678 141.2493 2.6256 69.7958 2.2898 107.6797 2.5496 -4.1865 2.5055 68.4971 2.4971 165.9933 0.7782 41.3407 2.5686 -6.1485 2.4893
3351 108.7464 2.6691 165.1579 0.5523 139.0249 2.3794 67.4659 2.4383 105.2082 2.4948 -3.8795 2.6312 67.5677 2.5633 166.2196 0.4216 39.5927 2.5135 -6.3733 2.9962
3352 106.5404 2.5353 165.1667 0.7345 136.5779 2.5126 65.6641 2.3950 103.2885 2.6013 -3.9110 2.4754 66.9183 2.5193 166.3127 0.3436 38.1503 2.2535 -6.8372 3.2736
3353 104.3855 2.6153 164.6646 0.9107 134.3783 2.6187 63.3024 2.4480 101.7832 2.5097 -3.6644 1.7583 66.4588 2.4757 166.1445 0.2762 36.1149 2.2691 -7.1453 3.5571
3354 102.1267 2.5708 164.7383 0.8481 132.2609 2.4986 60.7577 2.4003 100.4921 2.5008 -3.9657 1.6463 66.2887 2.5102 165.5633 0.3642 34.3429 2.4830 -7.8002 3.6628
3355 99.7579 2.6238 165.0092 0.8571 129.8758 2.3679 58.5527 2.4727 99.2085 2.3626 -3.8144 1.2507 65.9819 2.4472 165.3785 0.6481 32.6702 2.4334 -8.3661 3.7396
3356 97.3984 2.5372 165.5021 1.1890 127.6372 2.3992 56.3907 2.3984 98.1348 2.4590 -3.6096 0.9911 65.8336 2.4438 165.1898 1.2635 31.4111 2.6564 -8.5242 3.5640
3357 95.0281 2.4944 165.7456 1.2410 125.7692 2.4425 53.9734 2.4878 97.3393 2.5989 -3.8148 0.8375 66.3767 2.6005 165.6412 1.6309 30.1680 2.5365 -8.5271 3.1869
3358 92.8745 2.4570 166.7127 1.0101 123.6109 2.7394 51.2667 2.7481 96.5368 2.5275 -3.8644 0.7561 67.1878 2.5452 165.6433 1.8699 29.5072 2.4834 -8.4431 3.0340
3359 91.1025 2.3557 166.9091 0.7372 121.3306 2.5687 49.0537 2.5959 96.5866 2.4700 -4.3842 0.6570 67.7488 2.4856 165.7636 2.0667 29.3180 2.4350 -8.2856 2.7861
3360 88.8454 2.2409 167.4234 0.4705 118.8611 2.2693 46.7921 2.2221 96.3400 2.5723 -5.0684 0.2709 68.8527 2.5177 165.9025 2.2354 29.2728 2.4751 -7.9393 2.8606
3361 86.5065 2.6267 167.3671 0.1228 116.6171 2.5280 44.7692 2.4213 96.3660 2.6887 -5.8068 0.2050 69.7822 2.4635 165.9177 2.5710 29.8049 2.5436 -7.9668 2.5433
3362 84.8940 2.4660 167.5363 -0.2343 114.4885 2.6637 42.4605 2.3639 96.7821 2.5726 -6.4230 0.3665 70.5456 2.5443 165.5908 2.8752 30.0096 2.5178 -7.6147 2.1834
3363 83.1483 2.4698 167.9326 -0.4508 112.0780 2.7034 40.2940 2.4362 97.7240 2.4305 -7.0467 0.0245 71.3387 2.4382 165.4032 3.1598 30.0396 2.5545 -7.8150 1.9133
3364 81.6019 2.3555 168.6762 -0.9103 109.7087 2.6099 38.1552 2.5672 99.4539 2.5545 -7.7230 0.5948 71.8733 2.6517 165.2975 3.4856 29.9145 2.5305 -7.8229 1.4379
3365 80.3213 2.3917 169.3318 -0.7494 107.4884 2.6883 36.0142 2.4839 100.9210 2.6600 -8.0974 0.5787 72.3413 2.5114 165.8391 3.8963 30.4285 2.5678 -7.7985 0.8188
3366 79.3188 2.3807 169.7714 -0.3055 105.2995 2.5295 33.8002 2.5862 102.6853 2.5801 -8.3449 1.4063 71.8230 2.4620 166.0174 3.7085 30.8215 2.5212 -8.0243 0.3780
3367 78.8916 2.4697 170.1354 0.0496 103.1413 2.3668 31.6360 2.2491 104.7268 2.5484 -8.4009 2.2847 71.5411 2.5009 166.6212 3.8262 31.1132 2.4205 -7.7798 0.8550
3368 78.4383 2.4924 170.7470 0.4967 100.8433 2.2034 29.2716 2.3590 106.8837 2.5203 -8.5891 2.5463 71.0008 2.4422 166.9004 3.6184 31.6565 2.5367 -7.5510 1.0839
3369 78.2491 2.5355 171.1517 0.8945 98.3642 2.5165 27.2171 2.3695 109.3987 2.6414 -8.1791 2.7169 70.1288 2.4734 167.3613 3.3619 31.8380 2.4818 -7.3594 1.1535
3370 78.2297 2.4011 171.0169 1.4856 96.1026 2.4715 24.8935 2.3997 112.0877 2.7450 -8.0117 3.3821 68.9243 2.4797 167.8153 2.7760 32.0579 2.4835 -7.2600 1.2803
3371 78.5436 2.5348 170.7010 1.7249 93.9943 2.4793 22.9075 2.4602 114.3524 2.5089 -7.4582 3.1442 67.3051 2.6162 168.2367 2.5255 31.6048 2.4123 -7.7114 1.7083
3372 78.6090 2.4560 170.0986 1.7211 91.8718 2.4248 20.7252 2.3990 116.4179 2.3139 -7.3183 3.3274 65.5422 2.5796 168.6761 2.8012 31.0730 2.5504 -8.0255 1.7917
3373 79.4344 2.4825 169.7343 2.5190 89.4915 2.3166 18.4788 2.6117 118.0834 2.5413 -6.8883 3.5775 63.4158 2.5494 168.6430 2.9559 30.2344 2.3932 -8.2263 1.9793
3374 80.6988 2.4564 169.2049 3.0078 86.9862 2.4576 16.4213 2.3246 120.1481 2.3884 -6.9200 3.7095 61.4567 2.6040 168.4583 3.2607 28.9555 2.2112 -8.3797 2.4405
3375 81.8925 2.5895 168.6847 3.6194 84.3638 2.4862 14.1523 2.6700 122.6436 2.6100 -6.5769 3.0495 59.0051 2.7472 168.5676 3.7648 27.4230 2.4071 -8.5942 1.9318
3376 83.2987 2.4915 169.0875 3.9443 81.7740 2.2313 11.8027 2.9451 124.7394 2.5548 -6.0348 3.0259 56.7482 2.0820 168.5983 3.9343 25.8925 2.4027 -8.8962 2.4848
3377 85.0300 2.3944 169.4969 4.3923 79.3957 2.5532 9.5439 3.3217 127.2275 2.3360 -5.8896 2.6466 54.6891 2.3493 168.4106 3.7658 23.7198 2.4951 -9.3916 3.2511
3378 86.6284 2.5083 169.2673 5.1238 77.6357 2.5381 7.7239 3.5327 129.3222 2.6710 -5.8436 2.1785 52.4520 2.4090 168.1410 3.8248 21.5046 2.3547 -9.5730 3.5726
3379 87.7292 2.4908 168.8348 5.6751 75.0289 2.5857 5.7453 3.8088 131.4109 2.5641 -5.8919 1.4266 50.2102 2.4628 167.5462 3.8902 18.9478 2.4617 -9.9835 3.7160
3380 88.7650 2.4039 168.5763 5.6240 72.9113 2.3685 3.9864 4.2060 133.8810 2.3665 -6.0993 1.3724 47.5147 2.3679 167.1614 3.8631 16.9671 2.3495 -9.4289 3.4269
3381 89.3169 2.5580 167.9818 5.4453 70.8401 2.6329 2.0259 4.3472 136.4000 2.4261 -6.4485 1.2671 45.1214 2.5413 166.8445 4.0112 14.6517 2.4780 -9.3266 3.0604
3382 90.3538 2.4636 167.2894 5.1679 68.7766 2.5174 0.3067 4.5301 138.7831 2.5425 -7.0052 1.2624 43.0224 2.3445 165.5635 4.4724 12.6577 2.2659 -8.8373 2.7858
3383 90.8097 2.4680 166.8168 4.9540 66.4196 2.3033 -1.2915 4.6750 141.3918 2.5542 -7.5871 1.0082 40.9097 2.1969 164.6769 4.5506 10.7707 2.2525 -8.4587 2.5405
3384 90.5189 2.3988 166.0327 4.6468 64.2132 2.4276 -2.8960 4.7259 143.8165 2.4348 -7.9215 0.9979 38.9561 2.5471 163.4998 4.3537 8.6349 1.8754 -8.2798 2.1703
3385 90.2842 2.4141 165.6970 4.7821 62.1248 2.5342 -4.3782 4.5184 145.8621 2.5117 -8.6034 1.3125 36.5018 2.4769 161.6449 4.3029 6.9382 1.9141 -7.7077 2.2774
3386 90.1732 2.4760 165.5423 4.6014 59.7342 2.3910 -5.6694 4.3929 148.2245 2.3493 -8.8693 1.3225 34.2254 2.4192 159.6504 4.4012 5.0665 1.7837 -7.2566 2.3567
3387 89.4359 2.5632 165.6674 4.1807 57.6962 2.5645 -6.7280 4.0520 150.2013 2.0228 -8.8922 1.2732 31.8261 2.6067 158.1433 4.3528 3.1870 1.3321 -7.1333 2.4047
3388 88.0495 2.4329 166.1009 3.4210 55.3315 2.6218 -7.7922 3.8205 152.0105 1.7474 -9.1515 1.3326 29.7651 2.3244 156.2493 4.0286 1.1907 1.1640 -6.6175 2.0696
3389 86.5728 2.3079 166.3678 3.1875 53.3640 2.3953 -8.5996 3.5034 153.7372 1.6730 -9.4745 1.7311 27.6617 2.3727 154.3994 3.4235 -0.6226 0.9778 -6.1120 1.8521
3390 84.6215 2.3512 167.0091 2.5300 51.4386 2.2658 -9.3659 3.4466 155.5662 0.9571 -9.6093 1.9944 25.7238 2.4684 152.7964 2.9460 -2.5277 0.9393 -5.4542 1.2800
3391 82.6114 2.4183 167.3715 2.4459 49.3504 2.4322 -9.8195 3.4234 157.7434 0.6357 -9.6845 2.3394 23.7594 2.5594 150.9229 2.8039 -3.9202 0.8003 -4.6013 0.8318
3392 80.6725 2.4715 167.3900 2.0856 46.8520 2.4613 -10.2076 3.6236 159.7496 0.4619 -9.3791 2.7134 22.4442 2.6284 148.9079 2.7177 -5.3703 0.9843 -3.5866 1.1961
3393 78.8158 2.5255 167.6593 1.7534 44.5602 2.5183 -10.2797 3.8388 161.8774 0.5839 -9.4643 2.5833 21.2561 2.4747 146.9027 2.5280 -6.1968 0.9213 -2.1960 1.1589
3394 77.0982 2.6703 167.8796 1.7932 42.2210 2.5173 -9.9365 3.3882 163.7537 0.4610 -9.2617 3.1122 20.1883 2.5892 145.3762 2.7390 -6.8216 1.0712 -0.8535 1.2144
3395 74.5279 2.5548 167.9180 2.0775 40.0774 2.4876 -9.3392 3.5072 164.9437 0.2557 -8.6558 3.4201 19.9162 2.5041 143.1538 2.3924 -7.5224 0.7968 -0.4853 1.0495
3396 72.1358 2.4863 168.1870 2.0810 37.6982 2.5073 -8.8520 3.3336 165.9873 0.2717 -8.4862 3.1682 19.6544 2.5036 140.7781 2.4493 -7.7300 0.7861 0.3259 1.3915
3397 69.5462 2.5926 168.5775 2.1196 36.0208 2.5776 -8.1148 3.0785 166.9987 0.1366 -8.1185 3.1573 19.6838 2.5375 138.7469 2.3334 -7.9072 0.8290 0.9533 1.8322
3398 67.1356 2.5222 169.2105 1.8716 33.7784 2.6097 -7.6949 2.7403 167.3956 -0.0404 -8.1513 2.6251 20.0364 2.7185 136.2868 2.6139 -7.9108 0.4003 1.1827 2.2871
3399 65.0876 2.4947 169.1496 1.7631 31.3045 2.4662 -7.3010 2.5954 168.2105 -0.2236 -7.6337 2.2654 20.6733 2.5641 133.7041 2.3955 -8.1168 0.3033 1.2856 2.8039
3400 62.9019 2.8128 169.1044 1.7454 28.8517 2.3089 -7.3877 2.2636 168.5579 -0.0206 -7.6629 2.2681 21.3251 2.6437 131.6070 2.3358 -8.2740 0.3945 1.2050 2.9577
3401 61.1573 2.8771 169.0466 1.5998 26.7913 2.4233 -7.5155 2.0415 168.5249 0.1978 -7.9563 2.6589 22.6990 2.6017 129.3842 2.5156 -8.2503 0.5013 1.3230 2.9798
3402 59.0313 2.6911 169.0622 1.4584 24.3648 2.4499 -7.3490 1.8134 168.3251 1.1797 -7.6857 3.4419 23.9844 2.5430 126.8479 2.3767 -8.1000 0.9269 1.2291 2.7582
3403 56.7821 2.5108 168.5936 1.6031 22.3444 2.3124 -7.2839 1.6277 168.2716 2.2622 -7.9358 3.6340 25.4825 2.6092 124.7294 2.2289 -7.7216 0.8596 0.9780 2.5988
3404 54.3773 2.4666 168.4701 1.6593 19.9151 2.5753 -6.8953 1.5225 167.6523 2.7624 -7.2734 4.0295 27.5427 2.6048 122.1834 2.6088 -7.0597 1.1515 0.4242 2.7961
3405 51.6473 2.6843 168.1862 1.2973 17.5413 2.4395 -6.6213 1.0619 167.7819 3.2429 -7.1424 4.3932 30.0402 2.4908 120.2879 2.4895 -6.2087 1.1675 0.4218 3.0223
3406 49.5406 2.5777 168.4723 1.6160 15.4220 2.4753 -6.2082 0.7545 167.7428 3.7138 -6.8028 4.0064 32.0846 2.3468 118.1485 2.3979 -5.2263 1.0982 -0.0347 3.0375
3407 47.4247 2.6824 168.0673 1.7734 13.1285 2.6016 -6.2658 0.8553 167.5651 3.7259 -6.4084 4.0438 34.4417 2.5958 115.7091 2.6139 -3.9386 1.0986 -0.1408 3.1667
3408 45.4728 2.3184 167.9553 1.8479 11.1363 2.8087 -6.6840 0.7833 167.5018 3.8976 -5.7521 3.7195 36.5644 2.6542 113.2315 2.4424 -2.6955 1.2713 -0.0307 2.8894
3409 43.9696 2.4760 167.8967 1.6166 9.0262 3.0263 -7.1866 1.0199 167.6373 4.1326 -5.4516 3.5269 38.7512 2.4319 111.1544 2.7098 -1.6116 1.0238 0.3343 2.8395
3410 41.6734 2.5814 167.8048 1.3386 7.4425 3.2672 -7.5461 1.0758 167.5418 4.3448 -5.4769 3.1928 41.1189 2.5661 109.0094 2.5136 -0.0964 1.0903 1.0592 2.9401
3411 39.5225 2.5287 167.6225 1.2071 6.0737 3.3553 -7.9722 1.1268 167.5562 4.0113 -4.9353 3.1424 43.4083 2.3030 107.2939 2.4483 1.4561 0.6928 1.9849 3.1793
3412 36.9772 2.7513 168.2742 0.8700 4.2451 3.5013 -8.9058 1.1042 167.2514 3.8659 -5.1041 2.8471 45.3620 2.2668 106.0295 2.6193 2.9431 0.8979 3.1314 2.9202
3413 34.6262 2.5711 168.4882 0.7941 3.1125 3.5286 -9.4803 0.8274 167.2464 3.8163 -5.0891 2.5832 47.7826 2.4513 105.0609 2.4840 5.1134 1.2289 4.9356 2.4851
3414 32.7520 2.5469 168.8303 0.8298 2.0467 3.4283 -9.6382 0.6751 167.4259 4.3634 -5.0289 2.1204 49.8154 2.5938 104.6976 2.4315 7.2877 1.3986 7.0444 2.1743
3415 30.4435 2.4240 169.1502 0.8160 1.2634 2.9222 -9.3947 0.6986 167.9371 3.6827 -4.8778 1.2087 52.0494 2.5270 104.0590 2.5006 9.1721 1.7869 9.2432 1.9784
3416 27.9073 2.6495 169.3276 0.6796 0.9977 3.0757 -8.7505 0.5247 167.9911 3.2723 -4.7908 0.3937 54.6159 2.5592 104.0570 2.5181 11.2766 1.8311 11.3690 2.3729
3417 26.0807 2.5372 169.4528 0.9004 0.9429 3.1450 -8.2699 0.3686 168.2837 2.2541 -4.8609 0.1072 57.0592 2.6059 103.8807 2.4323 13.1632 2.1656 13.5857 2.3584
3418 23.7980 2.4166 169.4025 0.8155 1.4897 3.4208 -7.3321 0.5085 168.4238 1.4897 -5.0549 -0.2397 59.0420 2.4919 104.1179 2.4773 15.1953 2.2618 16.0220 2.5077
3419 21.9169 2.4174 169.3618 1.2937 2.6044 3.3911 -6.8593 1.1312 167.9703 0.6977 -5.0210 -0.3885 61.1542 2.5773 104.6545 2.4738 17.4809 2.5580 18.6717 2.3307
3420 19.8198 2.6120 168.9302 1.5308 3.1320 3.2882 -7.0327 1.6736 167.5036 0.3226 -5.0677 -0.2981 63.4392 2.4366 104.9994 2.4497 19.9696 2.7174 20.9895 2.5327
3421 17.1148 2.4906 168.6379 1.6453 4.6972 3.4514 -7.0542 1.7441 167.2101 0.0408 -4.5466 -0.1897 65.5483 2.1817 106.6570 2.4191 22.4207 2.7219 22.9919 2.3606
3422 14.6370 2.6247 168.5825 1.8868 6.3866 3.3477 -7.0123 2.0762 166.5020 0.1783 -4.2334 -0.3215 67.7697 2.2228 108.7810 2.4204 24.6251 2.4989 25.0492 2.4153
3423 12.3377 2.5218 168.3893 1.7902 8.3528 3.2101 -6.8690 2.2456 166.2257 0.5684 -3.5020 -0.1492 69.8671 2.5810 110.5513 2.4520 26.9652 2.3955 27.4623 2.4269
3424 10.3005 2.3575 167.9049 1.8035 10.2537 3.0817 -6.8747 2.2148 166.0849 0.8304 -2.7122 0.0550 72.1882 2.3363 112.5270 2.5403 29.2306 2.6088 29.8257 2.4490
3425 7.8467 2.2374 166.9341 1.7476 12.3214 3.0008 -6.7126 2.3178 165.8932 1.4892 -1.6814 0.0486 74.0947 2.2693 114.7330 2.5035 31.2073 2.5353 32.2691 2.3485
3426 5.8409 2.0290 165.8968 1.5823 14.4901 2.9143 -6.5452 2.2586 166.0534 1.5869 -0.4784 0.6183 76.5083 2.2107 116.8431 2.4503 32.6104 2.6034 34.8775 2.4785
3427 3.7101 1.7817 165.6949 1.4759 16.6036 2.6654 -6.3914 2.4007 166.2723 1.9776 1.1528 0.6761 78.7462 2.3956 119.5889 2.6515 34.5714 2.6272 37.1363 2.7458
3428 1.3718 1.6980 165.0973 1.7671 19.2356 2.5045 -6.5217 2.6185 166.3193 2.1024 2.7796 1.1266 81.0671 2.3813 122.1840 2.6311 35.8967 2.6485 39.1376 2.6823
3429 -0.6098 2.0136 164.5907 1.8197 21.7850 2.4570 -6.3558 2.5040 166.9886 2.4502 4.9266 1.1818 83.7913 2.4945 124.4781 2.3554 36.7712 2.4993 41.2166 2.3587
3430 -2.2633 2.0645 163.5000 1.8775 23.7948 2.4750 -6.2746 2.6926 167.3365 2.5384 6.6070 1.3883 85.9884 2.7568 126.3846 2.3245 37.0193 2.5326 43.6335 2.5564
3431 -4.1639 2.0787 162.2401 2.5644 26.1696 2.6433 -6.0865 2.9463 167.7369 2.4079 8.9615 1.8273 88.2799 2.4048 128.1918 2.5778 37.4156 2.4677 45.9439 2.4809
3432 -5.6453 2.0748 160.8329 2.8424 28.3292 2.3646 -6.0931 2.6716 167.9280 2.4713 11.1145 2.0243 89.7880 2.5842 129.8254 2.6554 37.7211 2.4974 48.2733 2.4327
3433 -6.8696 2.3765 159.4271 3.4428 31.0780 2.4062 -6.2806 1.9133 167.8530 2.5661 13.5122 2.2582 91.2681 2.4369 131.3633 2.5917 37.0377 2.4108 50.6786 2.5109
3434 -7.6873 2.6555 157.9714 3.5133 33.2463 2.3106 -6.7809 1.2771 168.3056 2.8841 15.7757 2.5561 92.4318 2.5250 131.8377 2.6073 36.2895 2.5082 52.8497 2.3824
3435 -8.8999 2.6345 156.1577 3.5201 35.6296 2.7671 -7.1955 0.4701 168.5125 2.7761 17.9342 2.5211 93.5830 2.4837 132.4311 2.6081 35.3057 2.4913 55.2062 2.6423
3436 -9.8146 2.9570 154.3714 3.3657 38.1426 2.5487 -7.5080 -0.3157 168.3477 3.0152 20.2092 2.3511 94.8798 2.4739 132.9613 2.5073 33.9658 2.4628 57.4613 2.5080
3437 -10.4730 2.9265 152.8134 3.1909 40.3201 2.5907 -7.7550 -0.6055 168.3721 2.7444 21.8869 2.4634 95.4700 2.5631 132.7290 2.4664 32.2427 2.4223 59.4946 2.5383
3438 -10.9086 2.7410 151.1408 2.9746 42.6994 2.4955 -7.8202 -0.2159 168.2002 2.2484 23.8527 2.3446 95.7971 2.5049 132.4464 2.4302 30.1474 2.4909 61.8000 2.6834
3439 -11.1961 2.3696 149.9691 2.7992 44.7677 2.4617 -8.0927 -0.4185 168.2175 1.8504 26.0298 2.4455 95.8366 2.4807 131.6695 2.4541 28.2131 2.2682 64.0653 2.5325
3440 -11.3894 2.4412 148.4860 2.6687 45.9670 2.5003 -7.9986 -0.1819 168.0292 1.6125 28.2370 2.5858 95.6862 2.4529 130.9280 2.4363 25.7174 2.6508 66.1517 2.4233
3441 -11.4047 2.7374 148.0355 2.4049 47.9045 2.4130 -8.2892 0.5117 167.6347 1.3376 30.7582 2.6232 94.8099 2.3515 129.4807 2.5012 23.3295 2.6532 68.4899 2.3944
3442 -11.1167 2.7126 147.4391 2.4220 49.0960 2.3852 -7.9813 1.2008 166.5175 0.7524 33.3747 2.5998 94.1099 2.4236 128.2305 2.3741 20.9446 2.4497 70.9142 2.3503
3443 -10.6837 2.6596 147.1400 2.4833 49.9855 2.3806 -7.9257 1.9210 165.5239 0.7215 35.6321 2.5784 92.8063 2.4900 126.5793 2.5988 19.0540 2.5684 73.1928 2.3933
3444 -10.5098 3.1880 147.0737 2.5372 50.9922 2.5806 -8.1825 2.3212 164.4751 0.4237 38.0021 2.4632 91.4862 2.3916 124.6850 2.5587 17.4454 2.5567 75.0326 2.4947
3445 -10.3512 3.3648 147.6745 2.5218 51.2951 2.5315 -7.9266 2.1792 163.4673 0.2891 39.9598 2.5176 89.8950 2.5174 122.7169 2.3189 15.9869 2.6052 76.8834 2.4989
3446 -10.0388 3.5638 148.1422 2.4974 51.2972 2.3920 -8.4342 2.3224 162.1308 0.4430 42.2894 2.4189 88.0452 2.7116 120.2948 2.4141 14.7346 2.5800 78.7191 2.6462
3447 -9.7300 3.4442 149.4557 2.5007 50.8438 2.5288 -8.5017 2.1742 160.1854 0.4188 44.4852 2.4646 85.4140 2.6576 117.5522 2.4710 13.9429 2.5054 80.3136 2.5365
3448 -9.3726 3.7209 150.7193 2.7154 50.4383 2.5171 -8.5703 2.2656 158.6270 0.8194 46.6821 2.5636 83.7255 2.3279 115.4401 2.3859 13.6821 2.5283 80.8574 2.6919
3449 -8.8453 3.5914 152.0540 2.5226 49.7707 2.4297 -8.3791 2.2025 156.5025 0.7785 48.4640 2.5132 81.5930 2.4737 113.2470 2.6117 13.6938 2.4808 81.5465 2.4978
3450 -8.7896 3.5869 154.1014 2.6594 48.5998 2.5827 -8.0455 2.2910 154.3781 1.3127 49.6359 2.4464 79.7351 2.7682 111.0550 2.5875 14.2392 2.5934 82.4847 2.5638
3451 -8.2113 3.3525 156.0077 2.3991 47.7005 2.7578 -7.6459 2.5993 152.0889 1.5462 50.6982 2.7264 77.3780 2.6584 108.6278 2.3771 14.8675 2.5131 82.7861 2.4877
3452 -7.6321 3.3252 157.9765 2.1710 46.5047 2.5131 -7.0486 2.6879 149.6819 1.9122 51.6715 2.5974 74.8816 2.4370 106.6251 2.4272 15.5949 2.4752 82.2332 2.4904
3453 -6.6760 3.5900 159.2692 2.1984 44.6983 2.5381 -6.5198 2.5740 147.3398 2.2887 52.2178 2.5243 72.5491 2.4645 104.1775 2.4109 16.8547 2.5577 81.7887 2.5285
3454 -5.5582 3.5467 160.7484 1.8424 42.9387 2.4485 -6.6328 2.0138 145.3707 2.5006 52.3986 2.5463 70.4468 2.6923 101.4835 2.4136 17.8996 2.5608 81.3964 2.4700
3455 -4.4309 3.9699 162.4978 1.1799 40.8812 2.4909 -6.2659 1.0951 143.3834 2.6942 52.5054 2.5897 67.8034 2.3841 99.3289 2.3758 19.4161 2.6007 80.2788 2.4799
3456 -3.2058 3.9847 163.8391 1.3829 38.6753 2.6007 -6.1325 0.8543 141.0713 2.4798 52.1132 2.5510 65.5484 2.4175 97.1522 2.5398 20.9743 2.4044 79.0064 2.6089
3457 -1.9245 3.9775 165.1651 1.0107 36.2527 2.5223 -5.8825 0.4983 138.9537 2.3953 51.4660 2.5086 63.2671 2.3455 94.7718 2.5151 23.2371 2.3453 77.2189 2.5792
3458 -1.0565 3.7024 166.4260 1.1577 34.1407 2.4831 -5.8081 0.0386 136.5925 2.4762 50.7569 2.5087 61.0709 2.5221 92.1561 2.6479 25.3991 2.3379 75.5922 2.5772
3459 0.8870 3.7433 167.7821 0.6962 32.6004 2.4083 -5.5213 -0.3372 134.7069 2.5926 49.3993 2.5580 58.6167 2.5773 89.7942 2.7336 28.1006 2.4809 73.5532 2.8249
3460 2.3585 2.9280 168.5340 0.5903 31.2953 2.3951 -5.7323 0.0251 132.6894 2.5746 47.6750 2.4626 56.4156 2.4389 87.3428 2.4868 30.2555 2.4426 71.5470 2.5214
3461 3.9689 2.6693 168.8590 0.3793 30.2966 2.4907 -5.6352 0.5413 131.0439 2.6552 46.3303 2.3840 54.2450 2.5464 85.1009 2.3165 32.5433 2.3455 69.5684 2.4892
3462 5.4484 2.4551 169.0286 -0.0076 29.3018 2.6113 -5.8582 0.6626 129.5704 2.5876 44.6353 2.5688 52.1603 2.4372 83.3091 2.4164 35.2860 2.3598 68.2299 2.4816
3463 7.3298 2.0442 168.9216 -0.4407 28.6877 2.5380 -6.5319 0.9206 128.8296 2.4938 42.4631 2.2384 50.5165 2.4471 80.8579 2.4093 38.0050 2.6041 66.7207 2.4812
3464 8.9781 2.0206 168.6793 -0.3431 28.1074 2.4816 -6.7343 0.5356 127.7989 2.5238 40.0557 2.4870 48.3195 2.4254 78.8878 2.2998 40.3303 2.3768 65.3369 2.3721
3465 11.1738 2.2158 168.0954 -0.2913 28.0793 2.4767 -6.6878 0.2924 126.9408 2.4719 38.0739 2.4099 45.9994 2.3606 76.7363 2.4377 42.3930 2.3970 64.4499 2.3998
3466 13.5530 2.4135 167.5893 -0.1794 28.3018 2.5038 -6.9466 0.1624 126.6027 2.4533 35.6815 2.5557 43.7819 2.5436 74.3003 2.4852 44.7436 2.4278 63.7215 2.5117
3467 15.9117 2.5034 167.2231 -0.0616 29.2134 2.5202 -7.1008 -0.0811 126.8536 2.4777 33.2600 2.8105 41.5575 2.4440 71.6766 2.7313 46.9089 2.4956 63.1718 2.4775
3468 17.6838 2.6876 167.4325 0.6804 29.9679 2.5503 -6.7393 0.1200 126.9278 2.6022 31.0484 2.7210 39.5507 2.4331 69.3881 2.6914 49.0547 2.3310 63.2247 2.4764
3469 19.6320 2.5427 166.8537 1.2715 31.1275 2.5152 -6.1909 0.7897 127.4009 2.5364 28.4939 2.3663 37.3312 2.3928 67.2913 2.5399 51.5427 2.4291 63.6246 2.4439
3470 21.9394 2.6158 166.6904 2.2289 31.8160 2.5225 -6.2240 0.5377 128.3349 2.5460 25.8830 2.3942 34.9355 2.5581 64.8132 2.3636 53.2621 2.3080 63.8034 2.5390
3471 24.1977 2.5488 166.6232 2.5972 32.5364 2.4481 -6.1832 0.9189 129.4904 2.4099 23.7890 2.4818 32.3383 2.3113 62.4829 2.5859 54.9124 2.2553 64.2766 2.4272
3472 26.3963 2.6310 166.5277 2.8422 33.4739 2.2882 -5.9559 1.2753 130.7548 2.7334 21.5291 2.5281 30.0863 2.4993 60.1843 2.6845 56.2045 2.4349 64.8207 2.4433
3473 28.6810 2.6399 167.2830 3.1035 34.6568 2.4094 -5.6941 2.0122 132.4333 2.5156 18.9966 2.3353 27.5685 2.3355 57.7744 2.4633 57.3333 2.5073 65.2990 2.5951
3474 30.6220 2.6345 167.3968 3.4111 35.2293 2.5206 -5.4173 2.4321 134.4117 2.5083 16.6197 2.4532 25.0459 2.5106 55.3474 2.4975 58.3716 2.5031 66.0503 2.5757
3475 32.3106 2.6595 167.5708 3.8249 35.8920 2.5012 -4.7991 2.7651 136.9017 2.5255 13.9513 2.7310 23.0740 2.3042 52.8967 2.5893 59.2529 2.5010 66.6487 2.5876
3476 34.6506 2.5095 168.0535 4.1974 36.0413 2.5872 -4.4404 3.0811 139.0967 2.4645 11.7381 2.8010 20.8053 2.3949 50.4726 2.3199 59.8882 2.6199 67.4007 2.5711
3477 36.9460 2.6302 168.0431 4.8036 36.1525 2.5890 -4.0211 3.1902 141.6060 2.4951 9.5528 3.3691 18.1841 2.4276 48.1023 2.5512 59.5474 2.4842 68.4691 2.6042
3478 39.6279 2.4541 168.5553 5.3036 35.6290 2.4970 -3.5868 3.4530 143.4959 2.3461 7.6616 3.6376 15.8806 2.7043 45.7694 2.5509 59.1276 2.4493 68.7186 2.5182
3479 42.1016 2.2441 168.6896 5.8358 34.7273 2.5847 -2.7040 3.6787 145.6913 2.6983 6.0422 3.7502 13.6193 2.5622 43.3016 2.2803 58.6621 2.5925 68.7856 2.4899
3480 44.2112 2.4906 168.9313 6.0340 33.3010 2.4743 -2.2914 4.0600 147.7191 2.7925 4.0657 3.8415 11.4838 3.0075 40.5173 2.5780 57.8176 2.4602 67.9448 2.4699
3481 46.3525 2.6269 168.9936 5.9640 31.6873 2.5463 -1.4165 4.6601 149.9592 3.0304 2.3003 3.7495 8.8966 2.9633 38.0027 2.4447 56.3175 2.5538 67.8257 2.3939
3482 48.8013 2.6202 169.4589 5.9134 29.9759 2.6661 -0.1013 4.6215 152.0829 3.1805 0.3734 3.7208 6.7020 2.9646 35.7390 2.4790 54.5345 2.3524 66.5746 2.5386
3483 50.8667 2.4839 169.5756 6.0306 27.9761 2.4426 0.9388 4.1218 154.0869 3.4056 -1.2992 3.9412 4.2607 2.9143 33.5322 2.3040 52.4792 2.5352 64.8671 2.5784
3484 53.4629 2.1620 169.8941 5.7267 25.9382 2.3686 2.4795 4.1133 156.0600 3.6138 -2.6200 4.2332 2.1248 3.2843 31.3511 2.3818 50.5749 2.4993 63.8542 2.6192
3485 55.8548 2.4362 170.1133 5.5940 24.0237 2.5749 3.8472 4.0703 158.2669 3.9690 -4.2565 4.4148 0.3098 3.3711 29.2360 2.3613 48.8325 2.5191 62.7473 2.5374
3486 58.3764 2.7458 170.4318 5.4749 21.4979 2.6137 5.8554 3.6360 160.6093 4.0016 -5.5128 4.4282 -1.5395 3.8077 27.0451 2.6347 46.5546 2.2931 60.9657 2.5461
3487 59.9120 2.3221 169.9931 5.7847 19.1105 2.5236 7.7757 3.0904 162.1302 4.0576 -6.8854 4.3670 -2.6582 4.1007 25.0579 2.4095 44.2667 2.4958 60.0113 2.3755
3488 61.6710 2.4657 169.6552 5.5844 17.0078 2.6704 9.4689 2.9183 164.1845 4.5153 -8.0072 3.9889 -3.8000 3.8764 23.0156 2.4520 41.7197 2.4508 59.2985 2.5835
3489 63.3428 2.6652 169.3453 5.4500 14.2588 2.5671 11.3045 2.6360 166.0328 4.5145 -8.9573 3.7128 -5.0865 4.0220 20.2687 2.4784 39.1626 2.7186 58.5828 2.5012
3490 64.7622 2.5127 169.0595 5.0748 11.6767 2.4897 13.3919 2.6907 167.3939 4.6324 -9.4797 3.3421 -6.4688 4.2438 18.0604 2.5901 36.7061 2.3793 58.4467 2.5158
3491 65.5903 2.4670 169.1421 4.3300 9.5940 2.3841 15.8573 2.6741 168.4371 4.8949 -9.7296 2.9122 -7.5088 4.3943 15.7660 2.3908 34.3694 2.6295 58.8992 2.4693
3492 66.5624 2.4897 168.8111 4.0098 7.3970 2.1897 17.8648 2.8083 168.9671 4.6518 -9.9887 2.6745 -7.8735 4.3876 13.7571 2.4059 32.7096 2.4210 59.4015 2.4653
3493 67.1598 2.4782 169.0631 3.5831 5.2377 2.4329 19.6500 2.4468 169.3028 4.6998 -10.0603 2.3697 -8.0509 4.8484 11.7237 2.7998 31.3384 2.5178 59.7353 2.4195
3494 67.1322 2.4994 169.3236 3.2249 3.2655 2.6377 21.5128 2.6912 169.7834 4.8560 -10.5025 2.3290 -8.1700 4.7593 9.9129 2.9066 29.9375 2.3968 60.7810 2.6233
3495 67.1442 2.4947 169.9429 3.0857 1.1103 2.8350 23.5136 2.5318 169.7168 4.4822 -10.6781 2.0205 -8.1040 5.0151 7.7509 3.3195 29.2222 2.5103 62.4430 2.3794
3496 67.0668 2.4809 170.1226 2.9828 -0.0700 2.9037 24.8647 2.5486 169.4248 4.4505 -10.6818 2.0697 -8.6987 5.4521 5.5098 3.6633 27.9478 2.3385 64.0099 2.5446
3497 66.2748 2.4489 170.3552 3.1205 -1.3281 2.4069 25.8599 2.5229 169.1013 4.4939 -10.4157 2.0627 -8.8721 5.4490 3.9348 3.8714 27.4227 2.5642 66.3453 2.4118
3498 65.1812 2.3581 170.2417 2.8826 -2.3374 2.3671 26.4396 2.4776 168.7849 4.6859 -10.4459 2.3944 -8.8932 5.3661 2.2240 4.4305 27.2708 2.6128 68.2734 2.4120
3499 64.0562 2.5682 170.5116 2.7531 -2.7717 2.4310 26.8453 2.6062 168.2470 4.0938 -10.3494 2.4753 -8.7835 5.1333 0.4485 4.5743 27.2707 2.5603 70.9508 2.3615
3500 62.4550 2.4742 170.3379 3.1522 -2.6354 2.9064 27.3346 2.4585 168.0397 4.0794 -10.0008 2.3916 -8.7837 4.9372 -1.2780 4.5270 27.7634 2.4207 73.0058 2.3931
3501 60.5478 2.2583 170.4970 3.9937 -2.5108 3.1914 27.4561 2.4608 168.0543 4.4766 -9.4254 2.4647 -8.7262 5.1308 -3.0891 4.2026 28.5635 2.4323 75.1513 2.5790
3502 58.3326 2.4138 170.0947 4.4563 -2.3395 3.0435 27.0354 2.3663 167.6637 4.7396 -8.9563 3.0022 -8.7045 4.8208 -4.6919 4.1477 29.3657 2.4356 77.5772 2.2664
3503 55.7485 2.3502 169.6700 5.0424 -2.0779 3.3015 26.1348 2.3238 167.3690 4.8608 -8.7170 2.9112 -8.7155 5.0933 -5.2111 3.8420 29.4133 2.5171 80.2198 2.4867
3504 53.9656 2.5256 169.1471 5.3371 -1.5142 3.2934 25.1592 2.3188 166.7493 5.3076 -8.3350 2.8026 -8.4632 5.5102 -6.0569 3.3842 30.0733 2.4908 82.7829 2.4756
3505 51.6555 2.3195 169.3520 5.5212 -0.9883 3.6038 23.8343 2.2863 166.3331 4.9476 -7.8450 3.0768 -8.2434 5.8747 -6.0344 2.6189 30.6547 2.4151 85.1654 2.3750
3506 49.2732 2.5725 169.0769 5.4065 -0.6222 3.5731 22.3061 2.4246 166.2954 4.6925 -7.5997 3.2581 -7.9100 6.0068 -6.5929 2.1079 31.4185 2.4892 87.1531 2.6081
3507 46.8075 2.5667 168.8425 5.1226 -0.1847 3.8575 20.0929 2.4951 166.4044 3.5348 -7.4368 3.1767 -8.0286 6.2433 -6.5306 1.6231 31.3500 2.5271 89.4665 2.5839
3508 44.7824 2.4296 168.9406 4.8204 -0.2575 3.7167 17.8526 2.5061 166.4808 2.4477 -7.3850 3.0303 -8.0034 5.8760 -6.3705 1.7490 31.6273 2.5210 91.5036 2.6386
3509 42.6111 2.5971 168.0849 4.6560 -0.0375 3.7110 15.8648 2.4996 166.8657 1.5946 -7.6351 2.8018 -7.7114 5.7214 -6.5052 1.6844 31.4708 2.5058 93.7873 2.7515
3510 40.9978 2.4903 167.5775 4.4000 0.4407 3.5457 13.9988 2.4170 167.1717 1.0964 -7.4800 2.6057 -7.5164 5.6577 -6.3076 1.5510 30.7395 2.4923 96.2030 2.4172
3511 40.2692 2.4331 166.5495 4.3409 0.7729 3.4952 11.9219 2.4883 167.3402 0.8374 -7.3361 2.6129 -7.1542 5.9809 -6.8264 1.3967 29.9951 2.6035 98.5368 2.4566
3512 39.9072 2.4942 165.7989 4.1570 0.5386 3.5797 10.3337 2.6428 167.9119 0.5171 -7.3457 1.9042 -6.5221 5.9140 -7.2500 1.1601 28.8838 2.2526 100.7105 2.7397
3513 39.2027 2.4855 165.5484 3.4758 0.0031 3.7264 8.4931 2.5984 167.9488 0.0446 -7.1390 1.2424 -6.1007 5.8970 -7.4888 0.9576 27.5408 2.6506 102.8791 2.5664
3514 38.4374 2.4717 165.2013 3.1868 -0.4464 3.8108 7.0952 2.5946 168.3908 0.1417 -7.0864 0.8836 -5.8905 5.7869 -7.9653 0.5048 26.2137 2.7282 104.6027 2.5093
3515 38.8072 2.4124 164.9638 2.4975 -1.0317 4.0485 5.0688 2.5811 168.3782 0.3059 -7.0325 0.4801 -5.1829 5.6193 -8.0364 0.1536 24.8949 2.6259 106.3651 2.5254
3516 38.8253 2.4732 164.8254 2.1228 -1.7933 4.2801 3.1955 2.6163 168.4673 0.0232 -7.3370 -0.0793 -5.1497 5.2058 -8.3186 0.4695 23.2678 2.5733 107.3135 2.4216
3517 39.5732 2.5363 164.7741 2.0565 -2.2270 4.4476 1.4903 2.6956 168.6969 -0.3141 -7.6074 -0.3476 -5.2335 4.8920 -8.3136 0.8469 21.5598 2.5056 108.0372 2.3943
3518 41.0639 2.3142 164.9417 1.6913 -3.3263 4.9144 -0.1890 2.5354 168.5859 -0.5579 -7.5987 -0.5406 -5.5204 4.4080 -8.3372 1.7092 20.2372 2.6027 108.2750 2.5552
3519 42.7350 2.4712 164.8626 1.4576 -4.3501 5.0886 -1.3602 2.1402 168.3620 -1.1476 -7.5644 -0.2079 -5.5967 3.9538 -8.1828 2.5193 19.4484 2.6031 108.3685 2.5217
3520 44.9072 2.5191 164.7967 1.3513 -4.8224 4.9845 -2.5467 2.4355 168.8681 -1.1645 -7.2846 0.3780 -5.6610 3.5890 -8.1443 3.2349 18.6460 2.5279 108.2275 2.5232
3521 46.8040 2.3432 164.9585 1.3956 -5.5998 5.0288 -3.7559 2.1690 169.5606 -0.9952 -7.0349 0.2784 -5.9058 3.1293 -8.2069 3.9677 18.5485 2.5454 107.4583 2.5672
3522 48.9543 2.4659 164.9825 1.6369 -6.2307 5.2267 -4.4286 1.7590 169.6918 -0.9041 -6.2213 0.5435 -5.6870 2.7432 -7.9702 4.7270 18.6481 2.4540 106.7799 2.6325
3523 51.5117 2.5784 165.2217 2.1246 -6.0855 4.9801 -5.0904 1.4714 169.9457 -0.7886 -5.5372 0.8004 -5.0864 2.4049 -7.4911 4.7948 19.0481 2.4618 105.5532 2.6041
3524 53.6417 2.2923 165.4653 2.6812 -6.1905 4.8571 -5.9276 1.4717 169.8811 -0.7166 -4.3234 0.5021 -4.8705 1.9307 -7.3674 4.2385 19.4756 2.3580 104.6231 2.5689
3525 55.9449 2.5239 165.7982 3.3288 -6.6156 4.5487 -6.8387 1.7794 170.0621 -0.5658 -2.9613 0.7230 -4.2713 1.6621 -7.0830 4.1060 20.6641 2.4554 103.3915 2.6440
3526 57.5055 2.5650 166.5623 3.5839 -6.5599 4.0941 -7.3902 2.3042 169.3996 -0.4680 -1.3801 0.6705 -3.4386 1.3261 -6.9981 3.7082 21.8615 2.4605 102.7772 2.5825
3527 59.8388 2.5823 167.1960 3.4898 -6.5886 3.7458 -8.0845 2.5197 169.0681 -0.6751 0.2248 0.5952 -2.6985 0.8802 -6.8528 3.4070 23.0504 2.4130 101.5054 2.5618
3528 62.0507 2.3547 167.8115 3.4035 -6.7705 3.2494 -8.4564 2.6422 168.6913 -0.7860 2.3117 0.9907 -1.7433 0.9578 -7.1612 2.9934 24.7002 2.2814 100.8637 2.5185
3529 63.9877 2.5199 168.3394 3.7002 -6.5703 3.3067 -8.6642 2.8751 168.3095 -0.5640 4.3303 1.1976 -0.5628 0.9176 -6.9452 2.9563 26.4063 2.2312 100.1279 2.5985
3530 66.3080 2.4102 168.9447 3.9700 -6.6345 2.9715 -9.1271 2.8447 168.3352 -0.0591 6.8345 1.6571 0.6206 0.5707 -7.1168 2.4931 28.7498 2.4677 100.1125 2.5572
3531 68.3008 2.7415 169.2802 4.1207 -6.1886 2.4310 -9.3984 3.0066 167.8433 0.3680 8.8046 1.7675 2.1882 0.4318 -7.2525 2.7580 31.0745 2.4184 100.5259 2.4679
3532 70.5204 2.5049 169.4943 4.5765 -5.9601 1.8312 -9.8156 3.2475 167.6976 0.9008 11.0475 2.1879 3.9344 0.7302 -7.6602 2.6441 33.5239 2.4587 100.6123 2.5886
3533 72.5209 2.3548 169.7508 4.6063 -5.5356 0.9754 -9.9805 3.0974 167.1172 1.5112 13.2918 2.5617 5.9617 1.1931 -7.8856 1.8981 35.7472 2.5660 101.1683 2.5039
3534 75.0658 2.2498 170.0373 4.7486 -5.5075 0.5387 -10.2928 3.0769 166.5832 2.0809 15.4428 2.7401 7.5696 1.3002 -8.1567 1.3896 38.2131 2.5005 102.2946 2.5357
3535 77.3446 2.1497 170.1294 4.5199 -5.6749 0.1348 -10.6789 3.2147 165.9957 2.1435 17.9789 2.6500 9.7409 1.8544 -8.2287 1.2015 40.3292 2.6947 103.1673 2.4831
3536 79.7468 2.3235 170.2024 3.9460 -5.2805 0.2536 -10.5349 3.2753 164.7866 1.9204 19.8972 2.4483 11.9788 2.0353 -8.8168 1.1835 42.7683 2.6756 104.6783 2.3373
3537 82.2577 2.5191 169.7535 4.0602 -5.3138 0.6104 -10.5695 3.3683 163.9659 2.1037 21.9272 2.5601 14.2894 2.1278 -9.1050 0.8072 44.8893 2.5608 106.3115 2.2912
3538 84.5200 2.4894 169.6230 4.2711 -5.4614 0.1166 -10.2900 3.1218 162.9931 2.4440 24.2621 2.5228 16.3918 2.3191 -9.2277 0.6170 47.1329 2.4817 108.4328 2.4210
3539 86.0669 2.4773 169.9318 4.6366 -5.7736 0.3233 -10.0546 3.2982 161.9317 2.9531 26.5279 2.5248 18.9602 2.6723 -9.4817 0.4043 49.3309 2.4724 110.4761 2.4487
3540 87.9068 2.5749 169.7526 4.9299 -5.6797 0.4390 -9.7917 3.2378 160.5332 2.9780 28.4248 2.5258 21.0384 2.5839 -9.9244 0.4413 51.3689 2.5124 112.9423 2.5379
3541 88.8964 2.5927 169.8011 5.2416 -5.3986 0.3119 -9.5591 3.4837 159.3170 2.9368 29.8438 2.3159 23.1224 2.4417 -9.5237 0.3894 54.0873 2.5783 114.9401 2.2786
3542 89.8472 2.5361 170.1580 4.8586 -4.5731 0.6309 -9.1377 3.4817 158.0845 3.1357 31.3397 2.4864 25.8070 2.6883 -9.2978 0.4074 55.9414 2.4804 117.5298 2.5213
3543 90.2475 2.4080 170.8417 4.8522 -3.3297 1.0403 -8.8077 3.2382 156.5852 3.3580 32.1259 2.6241 27.6625 2.5821 -8.8395 0.4736 58.3839 2.6299 119.4024 2.5198
3544 90.6613 2.5173 170.9665 5.0651 -1.9486 1.2368 -8.9302 2.9344 155.0436 3.2262 32.9117 2.4893 29.8619 2.6064 -8.5179 0.5277 60.3836 2.6628 121.4887 2.6756
3545 90.4779 2.4552 170.9361 5.0208 -0.1058 1.4435 -8.7955 2.7000 153.6562 3.2086 33.3170 2.5101 31.7764 2.6507 -8.4648 0.2223 62.5336 2.5051 123.8080 2.4340
3546 90.1801 2.4714 170.6998 5.0950 1.3467 1.5216 -8.5149 2.2828 152.1447 3.0630 33.3237 2.5327 34.0854 2.5394 -8.4377 0.2329 64.8386 2.5439 125.9270 2.4545
3547 89.4170 2.5767 170.0956 5.2496 2.9281 1.8169 -8.3967 1.5008 151.3400 2.8445 33.1477 2.5478 36.5931 2.4428 -8.7559 0.2057 66.7380 2.5754 128.3470 2.5752
3548 88.5662 2.4741 169.4030 5.3713 4.4056 2.2233 -7.8347 0.9544 151.0854 2.6560 32.6061 2.5192 38.9200 2.5077 -8.5943 0.1708 68.8624 2.4554 130.5081 2.5719
3549 87.8560 2.5020 168.6549 5.6421 6.2794 2.4373 -7.0691 0.2967 150.4972 2.4474 31.7652 2.5542 40.9910 2.5027 -8.3187 -0.1721 71.0086 2.6790 132.8671 2.4816
3550 86.5318 2.5146 168.2036 5.7969 8.1655 2.5295 -6.7792 0.3574 150.0915 2.5275 30.9753 2.6163 43.0233 2.4706 -8.6142 -0.0441 73.4599 2.4121 135.3876 2.4123
3551 85.0836 2.5553 168.3506 6.0009 10.2737 2.8448 -6.8978 0.3898 150.4069 2.5291 30.0841 2.4466 45.2355 2.3595 -8.6036 0.3317 75.5654 2.5431 137.5668 2.6482
3552 83.2030 2.5021 168.4449 5.9150 12.6065 2.5172 -7.7137 0.3781 151.0823 2.4813 27.9793 2.5527 47.3194 2.5777 -8.2881 0.4980 77.3258 2.6215 139.6943 2.5705
3553 81.0906 2.7027 168.9601 5.4668 15.2595 2.4682 -8.1228 0.9014 151.6685 2.3789 26.0750 2.4916 49.2850 2.5052 -8.3910 1.0425 79.3669 2.2915 142.0973 2.6713
3554 78.6277 2.4848 169.5716 5.3860 17.5949 2.5498 -8.4060 1.1094 152.9186 2.0826 23.9323 2.4502 51.3322 2.3984 -8.4320 1.5891 80.9811 2.3930 144.0403 2.6140
3555 76.2116 2.3725 170.0197 4.7141 19.8567 2.2566 -8.3074 1.2764 154.1055 1.8516 21.5641 2.2419 52.7331 2.4739 -8.8730 2.1532 82.2771 2.4363 145.7670 2.7204
3556 74.2562 2.8489 169.8694 4.1202 21.8264 2.3715 -8.2460 1.2522 155.5662 1.7078 19.4519 2.3273 53.6167 2.5507 -9.5023 2.3172 83.2354 2.4833 147.3473 2.5278
3557 71.6392 2.6125 170.3637 3.4824 23.9468 2.4598 -8.4027 1.5890 157.5524 1.6931 17.4352 2.1999 54.5532 2.5587 -9.7442 2.5188 84.1393 2.5399 148.1866 2.4424
3558 69.0010 2.6407 170.0203 3.4954 26.2443 2.3094 -8.3921 2.1495 159.1770 1.2696 15.2669 2.5061 54.8382 2.5377 -9.8534 2.7696 84.5859 2.5628 148.8601 2.6514
3559 66.4493 2.1972 170.0142 3.0834 28.4411 2.5313 -8.4086 2.4056 160.9739 0.8533 12.8369 2.8678 55.1785 2.5016 -10.2047 2.8222 84.9826 2.5158 149.8537 2.4945
3560 63.9008 2.2716 169.8510 2.7829 30.7588 2.7263 -8.2729 2.5692 162.4602 0.3302 10.8170 3.1562 55.1767 2.4409 -10.0296 2.7361 85.1441 2.4610 150.0119 2.5404
3561 61.7521 2.5439 169.7877 2.7767 33.2320 2.6615 -8.1814 2.6604 163.5606 0.1198 8.5952 3.5097 54.9400 2.4208 -10.1467 2.7320 84.9911 2.5506 149.6254 2.5562
3562 59.4106 2.4664 170.1639 2.2258 35.6349 2.7174 -8.0692 2.5769 164.1435 -0.0829 6.4923 3.5481 54.1290 2.3988 -9.6421 2.7735 84.8013 2.4813 149.1110 2.5620
3563 57.5810 2.5729 170.6380 2.0133 37.8747 2.6483 -7.9691 2.7392 164.9672 -0.0632 4.6431 3.4427 53.2136 2.4962 -9.2347 2.6709 83.9660 2.4576 148.1154 2.4714
3564 56.0733 2.5527 170.9204 2.1490 39.9003 2.5054 -7.8142 3.1659 165.5612 0.1864 2.9264 3.3830 52.0340 2.4846 -8.7901 2.5166 82.5139 2.4374 146.9476 2.4244
3565 54.7077 2.4345 171.0754 2.2501 41.8420 2.6095 -7.8499 3.3996 165.8348 0.0875 0.9244 3.5175 50.5732 2.5839 -8.3675 2.4469 81.2682 2.6135 145.7654 2.4573
3566 53.2700 2.4004 170.6542 2.2318 43.9824 2.5638 -7.9516 3.8469 166.9680 -0.1020 -0.9573 3.3161 48.4584 2.5250 -8.5660 2.1694 79.4211 2.6627 144.2578 2.6861
3567 52.3317 2.4490 170.6239 2.1557 46.1794 2.4909 -7.9808 3.7540 167.4249 -0.2911 -2.1520 3.4223 46.5514 2.5136 -7.8686 2.5094 77.2994 2.5328 142.2563 2.3314
3568 51.9986 2.5393 170.0480 2.4834 48.3736 2.5530 -7.5177 3.7557 167.4357 -0.6626 -3.7497 3.8302 43.9629 2.6380 -7.2370 2.0948 74.8218 2.6037 139.9263 2.4911
3569 52.2024 2.4708 169.7397 3.1939 50.4965 2.4866 -7.3092 4.1855 167.4426 -0.8857 -4.9963 4.3181 41.9698 2.3638 -6.5769 2.1307 71.9447 2.4950 137.5410 2.5827
3570 52.0848 2.5266 169.1654 3.3966 52.1748 2.4428 -7.5261 4.1675 167.0788 -0.9618 -5.8142 4.6963 39.7813 2.5893 -6.2285 2.0778 69.9676 2.4300 135.4202 2.5979
3571 52.5732 2.6385 168.6964 3.8037 53.8319 2.6350 -6.9743 4.1701 166.7654 -0.9543 -6.4281 5.0746 37.8313 2.5525 -5.9874 1.3227 67.8970 2.5402 133.2672 2.2886
3572 53.4131 2.4615 168.7909 4.1952 54.9089 2.5315 -6.8256 4.2350 166.4339 -0.6522 -6.8233 5.4751 35.1862 2.4407 -5.6546 1.1173 65.6731 2.5079 130.9540 2.6199
3573 54.5536 2.4544 168.5953 4.1891 55.6257 2.4381 -6.6833 3.9138 166.1858 -0.4436 -7.0498 5.3581 32.9805 2.6806 -5.4761 0.7906 63.4235 2.7060 128.7675 2.6039
3574 55.5969 2.6134 168.5128 4.5644 56.2867 2.5619 -7.0369 4.0954 166.3816 0.0697 -7.2256 5.4085 30.6245 2.4722 -5.3849 0.7354 60.9679 2.7366 126.6794 2.3506
3575 57.0363 2.4064 167.8901 4.7646 56.6901 2.5071 -7.3072 3.6625 166.4138 0.4966 -7.2493 5.1677 28.3234 2.4518 -5.6272 0.7417 58.9279 2.6139 124.4737 2.4308
3576 58.8401 2.6318 167.5925 4.9098 56.2179 2.5288 -7.8569 3.8876 166.9052 0.7352 -7.1844 4.7928 25.9948 2.6577 -5.8073 0.7333 56.5384 2.6375 121.9988 2.5500
3577 60.9698 2.5607 167.3166 5.1881 55.8001 2.4603 -8.3537 4.0270 167.0385 0.5780 -6.1565 4.5692 23.6214 2.5215 -6.2645 1.1653 53.8185 2.5938 119.7127 2.5662
3578 62.3351 2.6022 166.9942 4.9558 55.3237 2.5055 -8.4571 4.1657 166.9559 0.2366 -5.7483 4.5866 21.2551 2.5524 -6.7486 1.2021 51.3808 2.5323 117.2757 2.5776
3579 63.5122 2.4433 167.1711 5.0826 54.4197 2.4467 -8.2193 4.4189 167.1325 -0.3614 -4.2569 4.2201 19.0910 2.7087 -7.0190 1.9914 48.8157 2.7952 115.0687 2.3161
3580 64.6361 2.5600 167.1420 5.3181 52.9642 2.4609 -8.2480 4.9677 166.9120 -0.6252 -2.5708 4.4099 16.5939 2.6165 -7.3038 2.4008 46.6324 2.6000 113.0894 2.5944
3581 65.7695 2.4656 167.7277 5.4358 51.8846 2.4636 -8.1080 5.0146 166.9254 -1.1203 -1.0331 4.5877 14.3925 2.4912 -7.5215 2.7463 44.1661 2.4790 110.8204 2.5024
3582 66.0274 2.5164 167.9605 5.5404 49.9479 2.2558 -7.8915 5.2737 166.9192 -1.0991 0.6825 4.0720 12.1447 2.2589 -7.2551 2.9410 42.0553 2.2612 108.3393 2.5428
3583 65.9099 2.5602 168.2325 5.4756 47.9914 2.3660 -8.0833 5.2631 167.3856 -0.8388 2.2279 4.2577 10.1851 1.7391 -7.4813 2.8915 39.7712 2.4143 106.0242 2.4148
3584 65.7269 2.4238 168.3188 4.9586 45.6906 2.4828 -8.4638 4.9217 167.5843 -0.4870 4.0589 4.0063 7.6590 1.8846 -7.5734 3.1536 37.8643 2.5800 103.8694 2.4056
3585 64.9913 2.5332 168.7498 4.6160 43.7259 2.4907 -9.0376 4.6825 167.8142 -0.0192 6.2042 3.9854 5.7899 1.6308 -7.6713 2.8303 35.6525 2.4294 101.5109 2.6444
3586 63.8451 2.5032 168.5614 4.3181 41.5952 2.6419 -9.4802 4.5139 168.3926 -0.1470 8.8003 3.1907 4.1311 1.1885 -7.3606 2.6810 33.1870 2.4876 99.3923 2.4379
3587 62.8611 2.5888 169.1143 3.6473 39.5733 2.4712 -10.1172 3.5493 168.7150 -0.6133 11.4177 2.9794 2.4841 0.8459 -7.4709 2.5640 30.9159 2.4380 97.2602 2.5974
3588 61.3419 2.4599 169.3318 3.0286 37.5657 2.5915 -10.5908 3.1521 168.7501 -0.8120 13.5735 3.1139 1.0930 0.7740 -7.6096 2.4740 28.6667 2.4620 94.9115 2.3759
3589 59.7577 2.4146 169.5663 2.8461 35.5576 2.5717 -11.0649 2.8383 168.7482 -0.7768 15.6020 2.4880 -0.1157 0.8826 -8.0187 2.7013 25.9817 2.5911 92.7133 2.5249
3590 57.5084 2.4877 169.4349 2.2141 32.7513 2.6379 -11.5033 2.5594 168.6664 -0.7362 18.1145 2.4359 -1.0685 0.6559 -7.9988 2.8059 23.5048 2.7508 90.2701 2.4772
3591 55.5425 2.6922 169.6978 1.4079 30.0396 2.4520 -11.5426 2.3002 168.1284 -0.5720 20.3953 2.4246 -1.7431 0.8747 -7.7116 2.9537 21.6610 2.5595 88.5031 2.5336
3592 53.1903 2.3932 169.6178 0.3922 27.9151 2.4822 -11.2618 2.5791 167.5334 -0.5506 22.8170 2.4310 -1.6936 1.1333 -7.6916 2.3275 19.1316 2.5636 86.1395 2.3793
3593 50.7585 2.5679 169.0372 -0.1564 25.6598 2.5074 -11.0474 2.5712 166.9400 -0.2713 25.1282 2.2594 -1.4498 1.0159 -7.7009 2.0991 16.5870 2.5669 83.8553 2.3802
3594 48.4886 2.4978 168.5537 -0.4709 23.7790 2.6412 -10.8589 2.2782 166.3844 0.0727 27.3472 2.4969 -0.9130 1.1458 -7.5867 1.8308 14.2959 2.5206 81.4182 2.5501
3595 46.6136 2.2740 167.9838 -0.3735 21.6394 2.5960 -10.3937 1.7389 165.4338 0.2701 29.2412 2.5308 0.0526 1.1623 -7.3225 0.6792 11.6637 3.1428 79.4072 2.4437
3596 44.1623 2.5251 167.5784 -0.3583 19.3227 2.5730 -10.4374 1.1980 164.6204 0.3509 31.9015 2.3528 1.2313 1.1081 -7.0845 0.3231 9.5103 3.3677 77.3685 2.5097
3597 41.9334 2.8777 166.7748 0.1882 16.8881 2.5590 -10.1083 0.7854 163.3277 0.6195 34.0389 2.4136 2.6943 0.8068 -7.2981 -0.0453 6.9396 3.6886 75.2102 2.5661
3598 39.8424 2.6774 166.0799 0.0822 14.6406 2.4771 -9.9743 0.7777 161.2817 0.4879 36.5224 2.6120 4.3016 1.0041 -7.4907 -0.1215 4.7667 3.8507 72.9713 2.6746
3599 37.7126 2.5483 165.3012 0.2621 12.5757 2.7396 -9.4762 0.6696 159.2616 0.7114 38.9210 2.5691 6.4722 1.2042 -7.2656 0.0080 2.6812 4.0853 71.2772 2.5504
3600 35.4852 2.5734 164.2390 0.7477 10.1318 2.8026 -9.1485 0.4292 157.3294 0.7719 41.3544 2.5543 8.5188 1.7387 -6.9592 0.6304 0.1590 4.1811 69.9134 2.4567
3601 33.2937 2.7139 163.6292 1.1264 7.7083 3.3686 -8.5635 0.5249 155.1926 0.9922 43.5715 2.3446 10.6831 1.9325 -6.6569 1.0480 -1.6446 4.1266 68.2417 2.3980
3602 31.4485 2.7191 162.9346 1.4276 5.7075 3.6538 -8.2492 1.1075 152.9541 1.5027 45.9562 2.4532 12.9600 2.2388 -5.9543 0.9704 -2.8935 4.0322 67.3721 2.6039
3603 29.0170 2.5345 161.8209 1.6270 4.0400 3.8334 -7.4689 1.0508 150.8420 1.8093 48.2249 2.6840 15.0921 2.1938 -5.2008 0.7148 -4.3573 3.9045 66.4679 2.6320
3604 26.9140 2.3828 161.2206 2.1725 2.3627 4.1855 -6.5158 0.8995 148.8604 2.0552 50.3576 2.3873 17.4176 2.3457 -4.0177 0.6293 -5.6411 3.5056 66.0038 2.4844
3605 25.0874 2.3804 161.0456 2.6252 1.2469 4.1389 -5.2645 0.7979 146.5957 2.1695 52.3004 2.6025 19.8919 2.3202 -2.8960 0.3584 -6.9234 3.0149 65.5992 2.5112
3606 23.7701 2.4065 160.6890 2.9442 0.1514 4.0856 -3.9521 0.7605 144.4249 2.4946 54.6924 2.5096 22.2631 2.4773 -1.6149 0.4916 -7.4214 2.3945 65.8592 2.4988
3607 22.8596 2.4564 160.6841 3.3656 -0.6399 3.8411 -2.3858 0.7271 142.1836 2.4789 57.1903 2.5953 24.2410 2.3763 -0.4608 0.7900 -7.7186 2.2183 65.8031 2.4922
3608 21.9702 2.7053 160.9406 3.9144 -1.4030 3.4868 -0.6802 0.8852 139.7727 2.5340 59.4064 2.3593 26.2697 2.7701 0.7485 1.3056 -8.5129 1.8478 66.3266 2.4747
3609 21.6358 2.5259 161.5022 4.1529 -1.3780 3.7155 0.9813 1.0611 137.6241 2.3969 61.4206 2.4488 28.0561 2.5559 1.2727 1.4370 -8.2373 1.6900 66.9564 2.4657
3610 21.7276 2.4947 162.0394 4.3918 -1.2236 3.6428 3.2699 1.0003 135.3127 2.4627 63.9437 2.6179 30.0504 2.4857 1.9406 1.8134 -8.4286 1.8428 68.2356 2.3773
3611 21.9492 2.4754 162.8432 4.4986 -0.4544 3.6610 4.9692 1.3205 133.1446 2.5367 65.6526 2.1665 32.4186 2.5777 1.6823 2.0033 -8.0823 1.3820 69.4150 2.5223
3612 22.0959 2.5056 163.5316 4.5872 0.3559 3.7329 7.2622 1.5189 131.0381 2.5762 67.4072 2.2114 34.8697 2.5133 1.7087 2.4754 -7.7263 1.5513 70.4199 2.6222
3613 22.2901 2.4345 164.5158 4.1028 1.6516 4.0426 9.3186 1.8266 128.8563 2.6737 69.3770 2.3744 37.0468 2.5965 1.5907 2.0526 -7.4705 1.5150 71.6185 2.4882
3614 23.5745 2.4669 165.3325 3.9942 2.3868 3.9597 11.4288 1.9588 126.8660 2.4119 70.8252 2.5529 39.3695 2.6064 1.5195 1.8114 -6.6958 1.4999 72.9135 2.6002
3615 25.2764 2.3882 166.1899 3.6310 3.3383 4.0706 13.1858 2.4919 124.7231 2.4780 71.6808 2.5546 41.5348 2.5869 1.3576 1.4167 -6.3800 1.4040 73.9514 2.5814
3616 26.9529 2.5003 167.1576 3.3189 4.3590 3.8327 15.0982 2.6495 122.9175 2.4827 72.3665 2.4462 43.6636 2.5238 0.9470 1.1360 -5.8109 1.3536 74.9699 2.5448
3617 28.6594 2.6009 168.0654 2.9542 5.2105 3.6360 17.1823 2.4332 121.4041 2.4029 72.7797 2.4927 45.8132 2.3478 0.3289 0.6253 -4.9905 1.0438 75.5980 2.4598
3618 31.2568 2.4487 168.5835 2.5549 5.3587 3.1999 19.5135 2.5803 119.5842 2.4768 72.6980 2.6018 48.1194 2.4516 -0.4861 0.3877 -4.8686 1.1031 75.9086 2.5076
3619 33.3111 2.2636 169.2088 2.2909 5.9432 2.9591 22.0347 2.6153 118.3313 2.5199 71.9785 2.5726 50.3685 2.5019 -1.3798 0.4069 -4.5796 1.0596 75.5953 2.5513
3620 35.8934 2.4121 170.0064 1.7287 6.1086 2.6609 24.5419 2.4874 117.1274 2.6079 71.5121 2.6182 52.9191 2.5622 -2.5992 0.5141 -4.4811 1.4595 75.1865 2.4229
3621 37.8959 2.3859 170.2514 1.5291 6.7778 2.4976 26.9078 2.5839 116.7057 2.4845 70.4009 2.4157 55.0600 2.4516 -3.5065 0.6440 -4.5700 1.6351 74.3621 2.6385
3622 40.2787 2.5648 170.5787 1.1621 6.5635 2.5264 28.5715 2.3261 116.3650 2.5266 69.3783 2.4544 57.5002 2.5416 -4.4708 0.7216 -4.6580 1.7644 73.3214 2.5945
3623 42.5227 2.4958 170.9172 1.0349 6.3786 2.5711 31.1252 2.4600 116.0071 2.5205 67.6569 2.4233 60.2479 2.4579 -5.0581 0.7498 -4.3847 2.5073 71.8633 2.3271
3624 44.7409 2.6414 170.7560 0.4996 6.9186 2.5085 33.4021 2.4982 116.0894 2.5342 66.2949 2.5524 62.2833 2.5141 -5.4058 0.8700 -4.1410 2.5810 69.8418 2.4243
3625 47.1096 2.3820 170.5492 0.3389 6.8718 2.5263 35.3473 2.5173 116.5967 2.4720 64.2744 2.6177 64.9241 2.3155 -5.5170 0.9749 -4.0788 2.8204 67.3702 2.4487
3626 48.5839 2.4347 170.2495 -0.3131 6.8375 2.5468 37.2661 2.6285 117.2278 2.5315 62.1523 2.4634 67.1685 2.5369 -5.4297 1.0521 -3.8979 2.2742 65.1701 2.4637
3627 49.8042 2.4681 169.6170 -0.5660 6.3865 2.4163 39.1601 2.5839 118.0909 2.6124 59.7658 2.4508 69.2563 2.5797 -4.9878 1.6729 -3.8363 2.1329 63.0301 2.6215
3628 50.7704 2.6354 169.9653 -0.8970 6.3838 2.4193 41.6960 2.4148 118.9870 2.6331 57.3874 2.4351 71.7584 2.4381 -4.7665 1.8907 -3.7155 2.0946 60.8779 2.3322
3629 51.3155 2.4515 169.4291 -1.1231 6.6239 2.3868 43.9911 2.5360 120.0603 2.4866 55.1461 2.3729 73.9675 2.5596 -4.9173 2.5182 -4.0052 1.8620 58.7944 2.6698
3630 51.6581 2.5000 169.6405 -1.1784 7.2412 2.5348 46.5579 2.6538 121.4107 2.6421 52.7724 2.4955 76.0764 2.4578 -4.9065 2.5105 -4.2226 2.3061 56.4058 2.5722
3631 51.9715 2.4652 169.6273 -1.0953 8.6196 2.4265 49.1748 2.5727 121.8803 2.5968 50.7093 2.5955 78.4548 2.6926 -4.4336 2.8241 -4.4209 2.8659 54.0683 2.5351
3632 51.8580 2.5181 169.7212 -0.2911 9.9690 2.5035 51.3347 2.4882 122.6250 2.5469 48.4918 2.3983 81.0573 2.4742 -3.9194 3.0853 -4.7892 3.0751 52.2249 2.4426
3633 51.3053 2.4714 169.4681 0.0785 11.4010 2.4229 53.5052 2.4570 122.9325 2.4682 46.4062 2.3856 83.5094 2.5458 -4.2043 2.7600 -4.8254 3.1864 50.6471 2.5431
3634 50.9915 2.4416 168.7542 0.7277 13.0631 2.4940 55.5934 2.3834 122.9240 2.5494 44.0339 2.3364 85.5430 2.3124 -4.0363 2.8970 -4.4884 3.2986 49.2116 2.7082
3635 49.9781 2.5071 168.6629 1.6904 15.2340 2.5939 57.9305 2.2892 123.1129 2.5564 41.6963 2.5547 87.9111 2.3350 -4.1908 2.3881 -4.4477 3.2881 48.2080 2.4302
3636 48.7759 2.4525 168.6743 2.1684 17.3934 2.4471 59.9705 2.4900 122.5759 2.4391 39.0619 2.5739 90.3423 2.3947 -3.9579 1.5902 -4.3871 3.6661 47.1056 2.5189
3637 47.1539 2.3510 168.4284 2.3445 19.6034 2.3067 62.3797 2.4264 122.1335 2.6829 36.5654 2.6090 92.6984 2.5211 -4.3328 1.1682 -4.2570 3.8703 46.4608 2.5316
3638 45.2868 2.4572 168.3385 2.5768 22.0312 2.5162 64.5296 2.5042 121.1958 2.5616 34.4309 2.5912 94.8376 2.3049 -4.1288 0.8726 -3.7143 3.2156 46.2009 2.5175
3639 43.2597 2.4728 169.1752 2.8526 24.4294 2.5307 66.6779 2.4238 120.2948 2.5980 31.8425 2.3105 96.5818 2.5330 -4.3223 0.6592 -3.9223 2.7464 46.0014 2.5021
3640 41.1378 2.2968 169.8142 2.7478 26.8426 2.6472 69.0751 2.4393 118.9185 2.5950 29.1439 2.4694 98.8713 2.4273 -4.2721 0.4980 -4.3277 2.6542 46.2186 2.4956
3641 38.8827 2.5188 169.8941 2.3658 29.2223 2.5374 70.9428 2.5078 117.4989 2.6628 26.6906 2.3095 101.2449 2.3223 -4.4118 0.3056 -4.9049 2.4230 46.9123 2.5034
3642 36.6571 2.5104 169.6037 2.1061 30.9849 2.4971 73.3447 2.4896 116.2659 2.5224 23.9858 2.6029 103.4710 2.3129 -4.5809 -0.2364 -5.4720 2.2220 48.2011 2.5248
3643 34.6432 2.4366 169.5780 2.0922 33.2701 2.4462 75.7043 2.5323 114.4377 2.6179 21.4116 2.6666 105.3651 2.6123 -4.7324 -0.0892 -5.5784 2.1178 49.6564 2.5682
3644 32.9406 2.6147 169.3971 2.1451 34.5644 2.5626 77.9822 2.4032 113.5816 2.3652 18.7469 2.3524 107.9204 2.5110 -4.9801 -0.3864 -6.1995 1.9286 51.1538 2.4830
3645 31.0912 2.3634 168.9785 1.9824 36.0232 2.3885 80.5328 2.6184 113.1031 2.4634 16.2178 2.4906 109.6506 2.6158 -5.4130 -0.7965 -6.4334 1.8347 53.2822 2.4963
3646 29.5878 2.4036 169.0895 2.0978 36.9291 2.4873 82.5719 2.5272 113.0302 2.5205 13.9453 2.4994 111.4253 2.6330 -5.5899 -0.5494 -6.4090 1.6782 54.9916 2.3706
3647 28.6263 2.5441 168.7174 2.1302 37.8903 2.5070 84.8790 2.4305 112.9210 2.4808 11.7750 2.3320 112.9049 2.4939 -5.4157 -0.5991 -6.2418 1.1710 57.1815 2.5028
3648 27.8333 2.4707 168.5339 1.7456 38.2888 2.4629 86.9872 2.4588 113.7581 2.6049 9.7446 2.2267 114.2123 2.4453 -5.5656 -0.5253 -6.7597 1.4497 59.5797 2.3741
3649 27.4926 2.4150 168.3204 1.3847 38.6907 2.5436 88.8605 2.4876 114.4421 2.5370 7.5707 2.0566 115.4195 2.5838 -4.9939 -0.4601 -6.9359 1.6851 62.1133 2.5480
3650 27.1425 2.4940 168.1949 1.6617 38.3091 2.4613 91.0242 2.3545 115.2736 2.5050 6.0482 1.7651 115.6608 2.5000 -4.6549 -0.6497 -7.3894 2.4926 63.9606 2.5013
3651 26.9539 2.5253 168.1320 1.7174 37.9943 2.4357 93.1314 2.5164 116.6999 2.5115 4.3575 1.6992 116.5759 2.5404 -4.6571 -0.3631 -7.4843 2.6055 65.7846 2.6380
3652 27.0397 2.5627 168.0472 1.7909 37.3531 2.4100 94.8134 2.3496 118.3998 2.5360 3.1825 1.1798 116.5946 2.4336 -4.5825 -0.2305 -7.3224 2.9958 66.8719 2.6039
3653 27.1215 2.5500 168.4151 2.1221 36.3743 2.3815 96.2360 2.6532 120.4707 2.5505 1.8307 1.3114 116.4610 2.5666 -4.2394 0.2695 -7.8264 3.2311 68.1470 2.5445
3654 28.0138 2.5479 168.2035 2.4277 35.2881 2.4946 97.0352 2.4897 122.4890 2.6967 0.6193 1.3002 116.2232 2.4983 -4.4150 0.2014 -7.4356 3.7158 68.6408 2.4007
3655 29.1506 2.4901 168.2388 2.6736 33.8205 2.4375 97.8486 2.4026 125.2032 2.6134 -0.6476 1.3793 115.2657 2.6169 -4.4348 0.2645 -7.7567 4.3599 69.1472 2.4613
3656 30.7656 2.4708 167.9184 2.7050 31.5644 2.3788 98.5860 2.5081 127.3778 2.4757 -1.4635 1.2510 114.7577 2.5161 -4.5636 0.1169 -7.6272 4.7738 69.2847 2.4808
3657 32.2475 2.5644 167.8366 2.4224 29.4501 2.6013 98.7754 2.4946 129.8480 2.4139 -2.5828 1.0957 113.7015 2.4550 -4.5909 0.2061 -7.3593 5.3233 68.8827 2.4538
3658 33.5095 2.4620 167.6232 2.5898 27.2470 2.5987 99.0455 2.4392 132.0907 2.5640 -3.4511 0.7769 112.0460 2.5906 -4.8947 0.2459 -7.8261 5.9688 68.5287 2.4574
3659 35.3396 2.4974 167.5373 2.7860 24.9147 2.4151 98.6763 2.4813 134.5706 2.3758 -3.3694 0.9349 110.1897 2.4772 -5.5070 0.1337 -8.1090 6.0770 67.7266 2.4330
3660 36.5610 2.5306 167.8305 2.9684 22.9367 2.3957 98.1908 2.5141 136.8431 2.5135 -3.7528 0.7706 108.0625 2.6306 -5.6629 0.3727 -8.4380 5.8901 66.9499 2.2971
3661 37.6863 2.5172 168.0819 3.5928 21.4694 2.4170 97.1263 2.4798 139.2680 2.3862 -4.0649 0.6271 106.0049 2.4516 -5.5038 0.4075 -8.7775 5.0575 65.4924 2.3212
3662 38.5084 2.4918 168.5794 3.9293 20.3967 2.5411 95.9603 2.5228 141.4815 2.6537 -4.3191 0.3424 103.9032 2.6282 -5.4034 0.2553 -8.6080 5.0123 63.8858 2.4654
3663 39.0080 2.5072 169.1218 3.8484 19.5059 2.5162 94.3834 2.5951 143.5439 2.2786 -4.3422 1.0839 102.0416 2.5374 -5.1285 0.3659 -8.5678 4.1376 62.5379 2.5689
3664 39.1768 2.5971 170.0016 3.5299 18.5681 2.4200 93.0699 2.4069 145.9577 2.4152 -4.3921 1.1095 100.2032 2.4379 -4.6269 0.5643 -8.8170 3.8495 60.2112 2.5129
3665 38.9872 2.5128 170.2550 3.3408 17.8965 2.4417 91.7936 2.4315 148.4561 2.4688 -4.6006 1.8852 98.9163 2.4514 -4.5964 0.5411 -9.0518 3.7384 58.0937 2.4662
3666 38.4736 2.5370 170.2361 2.4763 17.8125 2.4795 90.1484 2.3934 150.9083 2.4691 -4.9881 2.4694 97.9901 2.5651 -4.6057 0.5900 -9.2361 3.7724 56.2291 2.3642
3667 37.5655 2.5165 170.3899 2.1275 18.5668 2.4557 88.7933 2.5016 153.0455 2.4070 -5.3032 2.5868 96.9891 2.5280 -5.3650 0.5859 -9.6502 3.8122 54.2471 2.4680
3668 36.8474 2.5457 170.1108 1.6849 18.6274 2.5493 87.8488 2.6142 155.0909 2.0573 -6.0073 2.7139 96.3297 2.4632 -5.2724 0.3333 -10.1642 3.8713 52.7843 2.5788
3669 36.4065 2.5799 170.1960 1.0589 19.2167 2.5447 86.9662 2.5460 157.2491 1.6126 -6.9604 3.3804 96.1067 2.5443 -5.2748 0.0542 -9.9181 3.7912 51.7772 2.5291
3670 35.2920 2.4917 170.4335 0.8265 20.4638 2.5802 86.7015 2.3804 158.8958 1.3663 -7.7616 3.4988 96.0294 2.4911 -5.6797 -0.2745 -9.9138 3.7933 50.5612 2.5153
3671 34.6589 2.5267 170.3575 0.4247 21.6282 2.4584 86.8026 2.5164 160.8399 1.4639 -8.3911 3.6112 96.5912 2.5398 -6.2060 -0.6359 -9.2140 3.8135 49.8559 2.4729
3672 33.8143 2.5401 170.0609 0.3003 23.1074 2.4762 87.3625 2.5293 162.7716 1.1938 -8.6746 4.1313 96.8288 2.6002 -6.3031 -0.8315 -8.6954 3.8014 49.8257 2.4189
3673 32.7145 2.4955 169.7938 0.2658 25.0003 2.2696 88.1509 2.5676 164.3026 1.0725 -8.9570 4.4993 97.3623 2.6058 -6.7605 -0.3684 -8.2392 4.0057 49.8289 2.5028
3674 32.2835 2.5119 169.7142 -0.0560 27.0528 2.5121 88.8450 2.5863 165.7764 1.0141 -9.0438 4.4801 98.9577 2.2742 -6.3071 -0.0866 -7.7981 4.2772 50.4126 2.5451
3675 32.4031 2.4733 169.3494 -0.1778 28.8255 2.5572 89.9757 2.4191 166.6763 1.2462 -9.2790 4.7382 100.6643 2.3630 -6.2367 0.0977 -7.5819 4.4174 51.0599 2.4370
3676 32.7003 2.4716 169.1335 -0.6789 30.7356 2.6474 91.7061 2.5940 168.0145 1.5564 -9.2984 4.5700 102.6600 2.4411 -6.2716 0.2740 -7.5711 4.6751 51.5403 2.5856
3677 33.2939 2.4854 169.0125 -0.8274 33.0369 2.5140 93.2970 2.6273 168.9169 2.0135 -9.6995 3.8028 104.7467 2.3291 -5.9243 0.6823 -7.6391 4.9877 52.4903 2.5285
3678 34.0949 2.4522 168.9796 -0.7534 35.6583 2.5070 95.3502 2.3809 169.4519 2.4501 -10.1472 3.2746 107.3230 2.3565 -5.4501 0.8156 -7.4718 5.4128 54.1259 2.5794
3679 35.0455 2.5976 168.3091 -0.9408 37.9568 2.5143 97.9591 2.5862 169.8254 3.2155 -9.9923 3.2642 109.4688 2.2702 -5.1723 1.3426 -7.4568 5.7222 55.8848 2.5911
3680 36.4986 2.4319 168.0359 -0.9294 40.4505 2.2812 100.3028 2.5883 169.5797 3.3593 -9.7594 3.6291 111.7294 2.5910 -5.3196 1.5194 -7.3695 5.5168 58.0490 2.4611
3681 38.5878 2.4451 168.2304 -1.0574 42.6627 2.6064 102.4613 2.5941 169.1876 3.3430 -9.3039 3.9886 114.0719 2.7267 -5.7350 1.8975 -7.4265 5.2791 60.5051 2.5774
3682 40.9357 2.4428 168.0348 -0.7295 45.1482 2.7607 104.6778 2.5852 168.9625 3.8099 -8.8588 3.9461 116.1302 2.6620 -5.8933 2.5677 -7.7838 5.0319 62.6982 2.5119
3683 43.2095 2.5466 168.1892 -0.0796 47.4229 2.6300 107.3440 2.5393 169.1467 4.2194 -8.1949 4.3873 118.0937 2.2932 -5.9143 3.3347 -7.7714 4.0864 65.1931 2.4428
3684 45.5465 2.5134 168.1876 0.9951 49.6576 2.4290 109.5441 2.4749 169.1723 4.1806 -7.4921 4.3575 119.4137 2.3964 -6.0313 3.5744 -8.2453 3.5394 67.4277 2.4517
3685 47.4236 2.3977 168.1078 1.8584 51.5634 2.4284 112.0377 2.6870 168.5295 4.5299 -6.9696 4.4819 120.8115 2.4120 -6.1311 3.8002 -8.2488 3.2991 69.7646 2.6212
3686 49.5079 2.4001 167.9923 2.4201 54.0570 2.4415 114.6182 2.8186 168.0938 4.6624 -6.7801 4.8100 121.5991 2.6816 -6.3554 4.2804 -8.1004 2.9081 72.3249 2.6718
3687 51.6981 2.4842 168.0620 2.9137 56.0345 2.3873 116.8123 2.5215 167.9331 4.6452 -6.1995 4.4785 121.9571 2.5761 -6.7734 4.6350 -8.1762 2.6591 74.1779 2.5044
3688 53.9773 2.3487 168.2562 2.8686 58.2773 2.4337 119.0098 2.4552 167.5900 4.1920 -6.3141 4.6403 122.1053 2.5832 -7.2949 4.5243 -8.1110 2.8207 76.6443 2.6169
3689 56.2844 2.3527 168.2617 2.9149 59.9319 2.5623 121.1179 2.4459 167.8983 3.7863 -6.1894 4.8522 122.6319 2.4833 -7.7301 4.1067 -8.1224 2.4734 78.8958 2.5442
3690 58.3180 2.4338 168.3918 2.7077 61.4393 2.4014 123.0725 2.6061 167.7790 2.8855 -5.8770 5.2407 122.4160 2.5251 -8.0092 3.3853 -7.5461 2.2186 81.3340 2.4443
3691 60.3531 2.5898 168.5476 3.1786 62.8066 2.5091 125.2689 2.6815 167.9756 2.3470 -5.4679 5.3911 121.7715 2.4208 -8.1391 2.9741 -7.2500 1.6718 83.2684 2.4122
3692 62.3934 2.3698 168.4748 3.8166 64.0687 2.4653 127.6693 2.6880 168.4371 1.8141 -5.1514 5.4965 121.1183 2.5910 -8.6135 2.6824 -6.8416 1.4795 85.1876 2.3496
3693 64.2189 2.3519 168.6257 4.5328 65.0358 2.5029 129.6437 2.4301 168.4978 1.0641 -5.1582 5.2836 120.1643 2.3909 -8.8439 2.0241 -6.8647 0.9686 86.8085 2.3750
3694 65.7921 2.5098 168.3102 4.7824 65.2825 2.4190 132.0071 2.4728 168.8116 0.6996 -5.2597 4.7405 118.8200 2.5295 -9.0251 1.3244 -6.8532 1.0003 88.0131 2.3606
3695 67.2178 2.6021 168.3715 5.5641 65.2947 2.5270 134.0653 2.5706 169.2154 1.0302 -5.3365 4.7601 117.3080 2.5249 -9.1252 0.6032 -6.4477 0.5112 89.7427 2.4927
3696 68.2508 2.5216 167.9310 5.4279 65.3086 2.5015 136.4338 2.6559 169.7886 1.1759 -5.6478 4.9387 115.2827 2.4362 -9.4086 0.5065 -5.8379 -0.0387 91.1108 2.4533
3697 69.0921 2.5205 167.8768 5.4373 64.8288 2.6075 138.8793 2.4800 169.9100 0.9215 -6.4796 4.9666 112.9032 2.5186 -9.4110 0.0345 -5.1576 0.2733 92.2557 2.4542
3698 69.7282 2.5456 167.6231 5.1541 64.1694 2.4649 141.0024 2.5307 169.9619 0.6519 -7.1717 4.6323 110.8552 2.4628 -9.4712 -0.3770 -5.1567 0.3997 93.4863 2.5450
3699 70.0275 2.5279 167.9446 4.8957 63.0761 2.3611 142.9854 2.5399 170.0392 0.6739 -7.4383 4.2119 108.5791 2.5938 -9.0638 -0.5372 -5.0087 0.8044 94.8370 2.5139
3700 69.8220 2.4690 167.9971 4.5233 61.8264 2.4448 145.0027 2.4530 169.5895 0.5542 -7.8420 3.6134 105.8960 2.5977 -8.2611 -0.6940 -5.1012 0.6388 96.2276 2.5729
3701 69.4343 2.5275 167.9512 4.4998 60.0585 2.6202 146.9363 2.4577 169.2352 0.5303 -7.9713 2.9169 103.9315 2.6404 -8.0877 -0.7704 -4.8903 0.5074 97.7513 2.4659
3702 69.0349 2.2871 167.9058 4.5736 58.0994 2.6675 148.6055 2.7946 168.8175 0.5192 -7.8666 2.2256 101.9490 2.4902 -7.9497 -0.6752 -4.6021 0.4876 98.9695 2.4690
3703 67.6884 2.3869 167.4767 4.9136 55.8354 2.6464 150.2248 2.5418 168.7623 0.7797 -7.5132 1.6206 100.1700 2.5094 -8.2773 -0.3753 -5.1307 0.4588 99.8725 2.4447
3704 66.4196 2.5363 167.1998 5.0349 53.7350 2.5754 151.6311 2.3303 168.9584 0.7811 -7.1431 1.1077 98.8281 2.4026 -8.4729 -0.4454 -5.1131 0.5698 100.8790 2.4294
3705 64.4568 2.4676 166.4774 4.9591 51.2494 2.6953 152.6371 2.5572 168.6689 0.9212 -6.9568 0.8434 97.4178 2.6487 -8.8706 -0.4292 -5.4713 -0.1856 102.2044 2.3779
3706 62.8270 2.5676 165.6011 5.2064 48.8930 2.5919 153.3206 2.3797 168.7219 0.8752 -6.9616 0.6538 96.4584 2.5693 -9.0699 -0.4030 -5.3470 -0.1719 103.5655 2.4433
3707 60.8282 2.4927 165.4140 4.7067 46.4187 2.3589 154.0678 2.5300 168.9355 1.3480 -6.5278 0.6030 95.5152 2.4967 -9.5656 0.1363 -5.1239 -0.3966 104.8372 2.2933
3708 58.5333 2.4427 165.8914 4.2060 43.9838 2.5544 154.0221 2.5831 169.0067 1.8138 -6.1128 0.6659 94.9959 2.4702 -9.9275 0.2202 -5.3069 -0.5806 106.3859 2.2951
3709 56.1000 2.5111 166.3444 4.2516 41.6415 2.4801 153.6091 2.4342 168.8135 1.9439 -5.5178 0.6555 94.9407 2.5818 -10.1562 0.3391 -5.6035 -0.2142 107.8073 2.4535
3710 53.8183 2.5221 166.8546 3.9946 39.3567 2.4517 153.3256 2.4699 169.0346 2.0305 -4.6518 0.5759 95.6615 2.6564 -10.0434 0.2126 -5.4756 0.3406 109.7014 2.6828
3711 51.4903 2.4545 167.4435 4.4251 37.0154 2.5841 152.7606 2.2992 169.1718 2.1765 -3.2721 0.6625 96.3671 2.5240 -9.8641 -0.2315 -5.7854 0.6178 111.6408 2.5052
3712 49.5959 2.5531 167.8462 4.7089 34.6080 2.4363 151.7842 2.4713 168.6812 2.2141 -2.1261 0.4920 97.2022 2.5060 -9.4969 -0.5632 -5.4226 1.1120 114.5343 2.6292
3713 47.1330 2.5093 168.0362 4.9270 32.0459 2.4385 151.0087 2.5926 168.1993 2.3580 -0.6742 0.7885 98.0467 2.5123 -9.0822 -0.6551 -5.4199 1.2187 116.8884 2.4652
3714 44.9029 2.7168 167.8788 5.2115 29.5985 2.4403 149.4731 2.5044 167.8585 2.7635 1.1837 1.0882 99.9138 2.7149 -8.6816 -0.2725 -4.7670 1.1290 119.1603 2.6315
3715 42.5614 2.6088 167.9080 5.6761 27.1486 2.4550 147.5434 2.6244 167.6442 3.3220 2.5214 1.6912 101.7510 2.5475 -8.8677 -0.0952 -3.8319 1.5324 121.5384 2.6645
3716 40.1964 2.6843 167.7079 5.3908 25.3108 2.3893 145.9475 2.5272 167.6002 3.5490 4.1939 1.9168 103.2827 2.5699 -8.5568 0.2206 -3.0692 1.7616 123.9014 2.5862
3717 38.0116 2.7386 167.7063 5.4671 22.5939 2.5659 143.8241 2.4047 167.7080 3.7191 5.6549 2.3803 105.5906 2.4969 -8.8180 0.4377 -2.5497 2.1855 126.6692 2.7415
3718 36.4755 2.4456 168.0684 5.5034 20.6979 2.4845 141.5584 2.5760 167.7227 4.0053 7.4895 2.7257 107.5867 2.5602 -9.2021 0.5665 -2.1977 2.5614 129.2142 2.6991
3719 34.3390 2.6530 168.0257 5.2171 18.4535 2.5060 139.1351 2.3984 167.6416 4.4883 9.1991 2.8547 110.0352 2.6206 -9.3794 0.2775 -1.7955 2.6080 131.4165 2.2960
3720 32.0212 2.5096 167.8926 4.7928 16.0581 2.3305 137.0652 2.5802 167.5036 4.5329 11.3975 2.8938 112.1897 2.5334 -9.3794 0.1321 -1.6823 2.7508 134.2411 2.5474
3721 29.9329 2.6365 167.6059 4.4851 13.9518 2.3274 135.5241 2.4914 167.3083 4.1938 13.2573 2.8790 114.4496 2.7499 -8.8650 0.2121 -1.7347 2.6159 136.3943 2.3830
3722 27.3187 2.3878 167.5243 4.2057 11.9015 2.2495 133.5708 2.3723 166.7601 3.1162 15.0173 2.6289 116.8193 2.4706 -8.6322 0.0838 -1.6316 2.6451 138.5587 2.3965
3723 25.1138 2.6576 167.2290 3.8505 9.5272 1.6071 131.0461 2.3896 166.6859 2.8710 16.4151 2.5877 118.9841 2.7028 -7.9992 0.1339 -1.0515 2.6181 140.8745 2.5225
3724 22.8924 2.7278 167.0302 3.3520 7.3188 1.1692 129.0643 2.5731 167.1560 2.2939 17.6416 2.4774 121.4388 2.4737 -7.4005 0.5810 -1.5785 2.5045 143.1553 2.4217
3725 20.4884 2.6182 166.6414 3.0773 5.2323 0.6419 126.7430 2.3644 167.8474 1.4465 18.1500 2.5858 123.6620 2.4556 -6.7512 1.1300 -1.7961 2.2674 145.4419 2.5382
3726 18.3304 2.6351 166.0531 3.4368 2.8788 0.6204 124.7360 2.3609 168.2080 1.3313 18.2431 2.5750 126.4015 2.5053 -6.6645 1.5207 -2.1437 1.9630 147.5679 2.6891
3727 15.7893 2.9206 165.9924 3.2756 0.8457 0.5753 122.4680 2.5390 168.4931 1.1595 18.2357 2.4891 128.1861 2.4700 -6.4109 2.1737 -2.5138 1.8556 150.2063 3.2857
3728 13.3936 2.5436 165.5178 3.3508 -0.5373 0.5224 120.1214 2.5257 168.6057 1.3606 18.3082 2.5201 130.1658 2.4109 -6.2435 2.4219 -3.3772 1.8117 152.9620 3.4708
3729 11.0404 2.6676 165.4111 3.2142 -2.3589 0.6733 117.8953 2.5110 168.6309 1.6261 18.0219 2.5411 132.3608 2.2362 -6.1584 2.8475 -4.3405 1.6429 155.2988 3.7253
3730 8.8787 2.2237 165.3569 2.9978 -3.7599 0.7623 115.4371 2.5219 168.8182 1.6337 17.9957 2.5365 134.1371 2.3334 -6.2138 3.0136 -4.9467 1.8095 157.5173 4.3144
3731 6.4774 2.0486 165.0253 3.1117 -4.9809 1.0965 113.3649 2.3253 169.2596 1.7409 17.4989 2.6318 135.6588 2.3266 -5.9505 3.1977 -5.7323 1.9935 159.4937 4.2838
3732 4.2124 1.4781 164.9314 2.6693 -6.0502 1.6369 111.4828 2.6148 170.1416 1.3020 16.9470 2.5429 136.9329 2.3778 -5.8810 3.2322 -6.9293 2.2150 161.5813 4.5369
3733 2.0762 1.1346 164.9954 2.9409 -7.1197 2.2876 108.9905 2.4587 170.6738 1.2963 15.9318 2.4373 138.2853 2.4495 -5.7931 3.1379 -7.4305 2.5140 163.3770 4.1833
3734 0.2118 0.9245 165.0785 2.6905 -7.2132 2.6757 106.8834 2.3354 170.5646 1.4337 14.9196 2.4652 139.7756 2.3525 -5.5704 3.6647 -8.2241 2.6352 164.6996 3.7610
3735 -1.6110 0.6600 164.7962 3.2884 -7.9429 2.9903 104.5921 2.4176 170.8568 1.5830 13.8908 2.4959 140.5148 2.5902 -5.6334 3.6398 -8.8519 2.7332 165.4940 3.0583
3736 -3.0707 0.7659 164.5894 3.5069 -7.9837 3.1835 102.1106 2.5616 171.1243 1.4342 13.5427 2.4486 141.1308 2.5403 -5.8141 3.5714 -9.1701 2.6088 166.6532 3.1840
3737 -4.5432 0.5541 163.9149 3.8377 -8.1661 3.2209 99.9759 2.5321 170.8075 2.1646 13.3862 2.4573 141.3966 2.5015 -6.2294 3.5676 -9.0139 2.4653 167.5348 2.8686
3738 -5.8059 0.8112 162.5908 4.0236 -8.0339 3.4402 97.7159 2.4027 170.4716 2.6121 13.6513 2.4785 141.3545 2.5190 -6.5941 3.5853 -8.9560 2.1603 168.3827 2.8276
3739 -7.1522 1.3933 161.3953 4.1385 -7.7609 3.9446 95.1739 2.1497 169.8687 2.7870 14.0274 2.4700 140.9891 2.4826 -7.2955 3.3833 -8.9299 1.9613 169.1323 2.7640
3740 -7.7146 2.1804 160.0575 3.7925 -7.5066 4.1784 92.6841 2.4756 169.1213 3.3937 14.4342 2.5319 140.6664 2.6071 -7.9327 3.0021 -8.8766 1.8582 169.7098 2.5122
3741 -8.4753 2.6299 158.1264 3.7107 -6.7937 4.3421 90.0449 2.2970 168.7265 3.5186 15.8240 2.6358 139.3429 2.2349 -8.4550 2.4069 -8.4209 1.7649 170.0811 2.4670
3742 -8.8492 2.6848 156.3164 3.3616 -6.2706 4.3053 87.8640 2.2023 167.8392 3.3842 17.5802 2.4915 137.8828 2.4328 -8.7769 2.1029 -8.1409 1.7359 170.4908 2.0552
3743 -9.1208 2.6940 154.5208 2.8511 -5.2974 4.4574 86.0054 2.4457 167.3266 2.5849 19.1847 2.5052 136.4370 2.4565 -8.5896 2.1095 -7.6801 1.9240 170.2938 2.0783
3744 -9.5170 2.9374 153.0320 2.5100 -4.3503 4.3304 83.1168 2.5406 167.2957 2.0189 20.8198 2.4295 134.6416 2.3993 -8.9952 2.0550 -7.1629 1.7484 170.6847 2.0327
3745 -9.8595 3.2651 151.1563 2.5494 -3.2971 4.1609 80.7474 2.5274 167.3200 1.3053 23.1720 2.4627 132.3097 2.5405 -8.6986 1.9758 -6.3223 1.5090 170.6089 1.5715
3746 -9.5647 3.5563 148.9584 2.5200 -2.0261 3.9906 78.4741 2.4457 167.7308 1.3078 25.6319 2.6857 130.3797 2.7347 -8.5413 2.3750 -5.1670 1.4258 170.4418 1.4260
3747 -9.4849 4.0745 146.9208 2.5370 -0.8032 3.5493 76.4405 2.4840 167.7724 0.8118 28.0543 2.7295 128.1089 2.3167 -8.2576 2.8152 -3.6955 1.4761 170.1100 1.5863
3748 -9.1278 4.7716 144.5680 2.5721 0.4031 3.3562 74.0004 2.4079 168.3449 1.0994 30.5944 2.7383 126.0662 2.4316 -7.5956 2.8859 -2.4110 1.2815 170.2141 2.0491
3749 -8.3701 5.0933 142.5043 2.3641 1.9403 2.9060 71.7081 2.4200 168.6350 1.4618 32.9249 2.4864 124.0543 2.6887 -7.8593 3.4389 -0.7334 1.1218 170.1366 2.4193
3750 -7.8107 5.3458 140.0908 2.4091 3.7378 2.8367 69.6009 2.5070 168.5262 1.6923 34.9316 2.4105 121.7137 2.5602 -7.2964 3.4593 0.9284 0.8607 170.2305 3.1655
3751 -7.2188 5.3319 137.8618 2.3886 5.5598 2.6601 67.1536 2.8020 168.6908 1.7304 36.4298 2.4601 119.6796 2.5654 -6.9478 3.5024 2.9042 0.8483 170.1647 3.5265
3752 -6.8508 5.0611 136.0229 2.5163 7.2549 2.8974 65.0012 2.4661 168.8549 2.0880 38.0177 2.3606 117.1245 2.5017 -5.8775 3.5629 4.5843 0.7532 170.5866 3.1204
3753 -6.3576 4.4483 134.5556 2.3725 9.2707 3.0560 63.0323 2.2945 168.8435 2.1172 38.8426 2.4670 115.1777 2.2332 -4.6109 3.9259 6.7564 1.3168 170.4581 3.3130
3754 -5.8617 4.6122 133.1062 2.4557 11.2072 2.9731 61.5988 2.5015 168.9828 2.0030 39.6901 2.4841 112.8016 2.4933 -2.6163 4.2246 8.5749 1.7039 170.6957 3.2900
3755 -5.7235 4.5076 132.1894 2.4597 13.5481 2.5789 60.0814 2.5172 169.0044 2.6512 40.1914 2.5768 110.6790 2.5739 -0.8210 4.1633 10.8714 2.2265 170.3013 2.8759
3756 -5.3338 4.2831 131.2237 2.5565 15.5950 2.6480 59.1725 2.5124 169.0347 2.6567 40.3347 2.4560 108.0808 2.5014 0.8060 4.3920 12.8553 2.2350 170.0310 2.5426
3757 -5.5986 4.0263 131.0157 2.4876 17.8657 2.6759 58.3967 2.4884 168.7532 2.9279 40.4970 2.5132 105.8588 2.4013 2.6608 4.0847 14.9214 2.4181 168.9573 1.8356
3758 -5.7563 3.8858 131.2144 2.4523 20.1050 2.5436 57.8628 2.5186 168.7597 3.3150 40.1480 2.4730 104.1744 2.5191 5.2872 3.6044 16.4604 2.4322 168.6975 1.5888
3759 -5.9169 3.1320 131.4234 2.4535 22.5744 2.5152 57.5914 2.4892 168.6581 3.4565 39.6824 2.4438 101.5737 2.4033 7.5096 3.2899 17.9795 2.5944 168.1918 1.3314
3760 -6.0195 2.3485 132.0602 2.5174 24.7365 2.4890 57.3072 2.4822 168.2314 3.7291 39.4487 2.4548 99.2956 2.4222 9.5878 3.2010 19.1853 2.6331 167.9511 1.2352
3761 -5.9514 1.7604 132.9841 2.4480 26.9601 2.6203 57.4154 2.6590 167.8125 3.5438 39.2624 2.5062 97.8802 2.4423 12.0547 2.7753 20.2789 2.5912 167.5419 0.9528
3762 -5.8561 1.2175 134.3777 2.3482 29.4370 2.5224 57.8914 2.4012 167.2863 3.6546 38.8011 2.4593 96.3820 2.4558 14.3795 2.5553 21.2516 2.5166 167.3625 0.8460
3763 -6.2596 0.4148 135.4628 2.5347 31.3911 2.4228 58.6312 2.5530 166.7322 3.7522 38.6544 2.4897 95.4404 2.5105 16.7692 2.4637 21.5254 2.4848 167.2641 1.0665
3764 -6.3078 0.3869 136.9114 2.4615 33.4980 2.4866 59.7251 2.4425 166.4104 3.9806 38.0329 2.3573 94.1937 2.4849 18.8197 2.6038 21.9675 2.4395 166.8339 0.8354
3765 -6.0853 0.3086 139.1477 2.4971 35.5075 2.4289 61.3294 2.5329 166.3869 4.2480 38.1152 2.5265 93.3254 2.4057 21.1966 2.6672 22.0326 2.4689 166.1821 0.3741
3766 -6.2356 0.4205 141.4090 2.5057 37.1443 2.5293 63.1172 2.6896 165.7802 4.5122 38.1307 2.4813 92.7904 2.4908 23.3749 2.6937 21.7465 2.4515 166.1266 0.3828
3767 -6.2650 0.5290 143.6583 2.4960 39.6660 2.4271 65.4560 2.4799 165.8131 4.1816 38.4150 2.5315 93.0486 2.4570 25.7069 2.5190 21.2170 2.4710 166.2128 0.0476
3768 -6.1115 1.3293 145.8116 2.5291 41.9162 2.4182 67.5548 2.6552 165.8520 3.5689 39.2928 2.5023 93.0509 2.5266 27.7413 2.5176 20.5187 2.4895 166.2078 0.1039
3769 -6.3372 1.3095 147.6599 2.4377 43.7055 2.3016 69.9598 2.8397 166.4354 3.6295 40.6722 2.4858 93.5194 2.5564 29.7610 2.2495 18.8574 2.4745 167.0017 -0.5104
3770 -6.3939 1.8313 148.4936 2.5528 46.3411 2.2304 72.3204 2.5320 166.8425 2.7205 42.0233 2.5279 94.4768 2.4888 32.0169 2.5170 17.1082 2.4528 167.2163 -0.9266
3771 -6.3806 1.9944 149.6226 2.4941 48.5977 2.4173 74.7244 2.4125 167.2165 2.2575 43.8673 2.4084 95.4227 2.5257 34.6292 2.4286 15.1441 2.3357 167.4692 -0.6094
3772 -6.4348 2.6216 150.3266 2.5647 50.7774 2.6451 77.1037 2.4639 168.1740 2.2391 45.2112 2.6569 96.7494 2.5120 36.8274 2.5992 13.4062 2.3637 168.0227 -0.4011
3773 -6.5344 3.0721 150.9164 2.4802 53.0460 2.4792 79.3322 2.4912 168.5797 2.5323 47.2396 2.3862 98.1967 2.6008 39.3591 2.6662 11.5123 2.2920 168.6720 0.2085
3774 -6.5335 3.3081 151.2277 2.5677 55.3032 2.4471 81.6038 2.3242 169.0186 2.9672 49.3254 2.5968 99.9913 2.5868 41.5131 2.6066 10.4169 2.3669 169.3154 0.9265
3775 -6.4260 4.0463 151.1134 2.4864 57.7971 2.6627 83.5351 2.4605 169.6824 3.4680 51.5989 2.4593 101.9286 2.7194 43.9389 2.2225 9.3439 2.4448 169.4896 1.6105
3776 -6.1658 4.5218 150.7393 2.3958 59.7014 2.4802 85.8825 2.4358 169.9438 3.8584 54.1035 2.5159 103.9556 2.5116 46.5835 2.3764 8.8524 2.4897 169.5144 2.1011
3777 -6.0884 4.7465 150.5825 2.3695 62.0107 2.3601 87.9306 2.4275 170.2044 4.1611 56.2083 2.7403 106.1126 2.4511 49.2879 2.5062 7.9857 2.5126 169.8889 2.1041
3778 -6.0538 4.8631 149.7480 2.4933 63.9316 2.4264 89.5980 2.5259 170.5291 4.4138 58.2065 2.4865 107.4773 2.4794 51.5061 2.5921 7.7980 2.5352 169.8251 2.1231
3779 -6.0130 4.8462 148.5206 2.4360 66.1430 2.6857 90.8917 2.5400 170.9574 3.7957 60.4666 2.6177 109.0687 2.6250 53.6115 2.5314 8.0484 2.4536 170.3445 1.9592
3780 -6.2836 4.5793 147.7934 2.3746 68.3209 2.3569 91.6210 2.5232 170.9628 3.8262 61.7916 2.5786 110.2277 2.6377 56.2438 2.8120 8.9389 2.4414 170.6247 2.1867
3781 -6.5674 4.6140 147.0841 2.3959 70.7046 2.4681 92.3638 2.4464 171.5671 3.1114 63.3054 2.5108 110.7589 2.5177 58.6438 2.8852 9.6017 2.3564 170.9516 2.3147
3782 -7.0130 4.2317 145.9943 2.4929 72.9213 2.5597 92.5035 2.5708 171.5651 2.1422 64.8233 2.4557 111.2630 2.5039 61.3329 2.6709 10.4930 2.5770 170.4273 2.0704
3783 -7.5939 3.7219 145.3098 2.4838 75.2111 2.5126 92.2530 2.4465 171.6715 1.8841 66.2375 2.4056 111.4614 2.4800 63.4289 2.4287 11.7550 2.5326 170.4025 2.1710
3784 -7.7236 3.0470 144.9141 2.5204 77.3587 2.4607 92.1032 2.4035 171.4780 1.6095 67.6204 2.4320 111.4846 2.5531 66.0239 2.5970 13.4557 2.5594 170.0667 2.2190
3785 -8.2260 2.5277 145.0286 2.5202 79.6928 2.6505 91.9550 2.4462 171.2457 1.5360 68.9928 2.4623 111.2077 2.4965 68.1775 2.5850 15.9193 2.4396 169.7984 2.1087
3786 -8.5753 1.7463 145.3370 2.5791 81.9412 2.5662 91.0506 2.5489 170.9198 1.2080 70.0142 2.5240 110.8299 2.4480 70.5086 2.3994 18.0017 2.5459 169.3236 2.0392
3787 -8.6579 2.1309 145.9039 2.5018 84.1680 2.4531 89.8916 2.5946 170.1561 1.1290 71.0545 2.5601 109.9023 2.5173 72.3371 2.5521 19.9262 2.5607 168.7177 2.1225
3788 -8.5451 1.8208 146.8471 2.6260 86.8831 2.6726 88.4178 2.5550 169.5548 1.3405 71.7850 2.5555 109.1003 2.4736 74.8192 2.5504 22.5504 2.5695 168.5330 1.9786
3789 -8.8791 2.0438 148.1523 2.4190 89.0103 2.6366 86.6614 2.5848 169.1443 1.0542 72.7675 2.4330 107.9021 2.5724 77.4291 2.3713 25.1407 2.6431 168.4441 2.1773
3790 -8.8840 2.0900 150.0432 2.4073 91.0800 2.4073 84.7676 2.4693 168.6409 0.9752 73.2808 2.4820 106.1418 2.4073 80.1031 2.4767 27.5019 2.5952 168.0527 1.8756
3791 -9.2551 2.3996 151.7754 2.1413 93.3250 2.5816 82.6417 2.4551 168.4790 0.9928 73.4634 2.5774 104.2424 2.6250 82.4620 2.6791 29.8688 2.3872 167.5942 1.7629
3792 -9.5726 2.9152 153.9106 1.3841 95.2379 2.4223 80.2636 2.4395 168.4579 0.7248 73.8985 2.5715 102.0695 2.4553 84.4027 2.7189 32.0900 2.4354 167.3477 1.3571
3793 -9.6165 2.9826 156.0677 1.6291 97.2816 2.5169 77.9700 2.5241 168.1707 0.3480 74.1553 2.5584 100.1643 2.6123 85.8728 2.4739 34.6864 2.5697 167.1061 1.1209
3794 -9.6505 3.7260 157.8385 1.9679 99.7928 2.5157 75.8138 2.5088 168.0892 0.3166 74.2411 2.5170 97.9123 2.4651 87.2406 2.5356 37.1371 2.5624 166.9162 0.9571
3795 -9.7245 4.2434 159.6207 2.1035 102.2455 2.4966 73.4236 2.3270 167.8922 0.1274 74.3494 2.5182 95.8120 2.4388 88.2820 2.4442 38.9441 2.5979 167.0340 0.8435
3796 -9.1841 4.6897 161.0172 2.0446 104.4427 2.6848 71.1649 2.3669 166.8777 0.3781 74.5301 2.5339 93.6939 2.1822 89.2523 2.5473 41.0707 2.6042 167.2838 0.7911
3797 -8.4597 4.5454 161.9109 1.8669 106.2576 2.4797 69.1976 2.4731 166.4527 0.7868 74.4787 2.5688 91.1122 2.5476 89.9956 2.5266 43.6313 2.3729 167.1637 0.9538
3798 -7.6952 4.2478 162.7166 1.8595 108.0857 2.5887 66.7707 2.6180 166.3051 0.4872 74.3050 2.4881 88.6635 2.5070 89.8837 2.4909 45.7577 2.5090 167.7420 0.9978
3799 -7.6999 3.7546 163.4375 1.4645 109.3544 2.4524 64.3488 2.4270 166.3576 0.4941 74.4553 2.4574 86.2724 2.4331 89.8146 2.4507 48.0780 2.6950 167.9681 1.4061
3800 -7.1742 3.5546 164.0146 1.2116 110.2668 2.4607 62.1030 2.3339 167.0102 0.4286 74.6534 2.5544 83.8962 2.5293 89.2306 2.4969 50.2091 2.5174 168.4707 1.8492
3801 -6.9986 3.6864 164.8407 1.0306 110.5343 2.5325 60.0848 2.4302 167.8856 -0.1362 74.6913 2.5021 81.4382 2.5776 88.3572 2.5307 52.2081 2.5045 168.7483 2.3580
3802 -6.4201 3.4285 165.2681 0.5798 110.8956 2.4814 57.8424 2.6065 168.5018 -0.1230 74.4329 2.4503 79.0793 2.6237 87.4985 2.4857 54.6558 2.6120 169.5011 2.3700
3803 -6.3806 2.8945 165.6128 0.8474 111.0586 2.5055 55.6142 2.5773 169.3919 0.2486 74.1321 2.4876 77.2223 2.3461 86.6297 2.4569 57.5184 2.5120 169.7986 2.2981
3804 -5.9303 2.7180 166.3199 1.1019 110.9600 2.5282 53.1991 2.6684 169.8259 0.5137 73.4719 2.4825 75.3754 2.4367 85.1545 2.4839 59.6791 2.4138 170.5602 1.9426
3805 -6.0920 2.2275 166.2345 1.7075 110.3557 2.4362 51.1133 2.8454 170.0060 1.1923 72.7521 2.4277 73.4944 2.4707 83.6659 2.5590 61.9600 2.3643 171.0011 1.6457
3806 -6.6419 1.5635 165.9330 2.1674 109.2209 2.4394 49.0771 2.6992 169.9094 1.1961 72.5195 2.5645 72.4295 2.5068 81.5438 2.5076 64.7158 2.5456 171.1088 1.3355
3807 -6.6913 1.0232 165.2148 2.4522 107.8705 2.4710 46.8830 2.5268 169.9183 2.0513 71.7283 2.4837 71.3131 2.6218 79.5988 2.3407 67.0994 2.7128 171.0524 1.0154
3808 -6.3551 0.3031 165.0695 1.8855 106.6779 2.3182 44.6893 2.8273 169.5646 2.3145 71.2884 2.5497 70.4215 2.5256 77.3676 2.4823 68.9858 2.5280 171.1209 0.8778
3809 -6.5992 -0.0588 165.2060 1.5579 104.9509 2.4559 42.7968 2.6571 169.4111 2.8794 70.9194 2.5241 69.7653 2.4231 75.5422 2.4936 71.3075 2.3794 171.2028 1.0411
3810 -6.8799 -0.5218 164.9632 0.7319 102.6712 2.5388 40.9453 2.6352 169.2210 2.9057 70.7760 2.5217 69.9171 2.4538 72.9461 2.6222 73.7551 2.6163 170.9892 1.1067
3811 -6.9856 -0.3737 165.0833 0.7004 100.5914 2.5747 39.3700 2.6255 168.8505 2.9810 70.2165 2.5635 69.7089 2.5119 70.3401 2.4841 75.7756 2.7032 170.9457 1.0690
3812 -6.9278 0.0630 165.3843 0.5046 98.1179 2.5269 38.1609 2.6530 168.3925 3.4129 70.0640 2.4868 69.9725 2.4908 68.4586 2.3155 77.7170 2.6305 170.1910 1.1386
3813 -6.6534 0.1246 165.3123 1.0398 95.5118 2.6977 37.2838 2.6184 168.4549 3.3534 69.5713 2.5643 70.4975 2.4180 66.4064 2.5472 79.9801 2.5117 169.0650 1.4516
3814 -6.4626 0.3342 165.3773 1.2547 93.2899 2.5030 36.2106 2.4852 168.2501 3.5566 68.7596 2.4995 71.2696 2.3376 64.0337 2.3073 82.5404 2.3142 168.3568 1.6920
3815 -5.8556 0.5117 165.3100 1.5792 90.8634 2.5313 36.1051 2.5138 167.9066 3.6625 67.9001 2.6921 72.4496 2.4330 61.4360 2.3470 84.9791 2.3516 167.7784 1.4233
3816 -5.0122 0.9457 164.5133 1.5693 88.6309 2.3889 35.8850 2.4905 167.4097 4.1780 66.6049 2.4725 74.1676 2.3646 59.0336 2.4736 87.2339 2.6892 166.7507 1.6134
3817 -3.7472 1.0725 163.5338 2.0050 86.6708 2.3363 35.8244 2.6181 166.7891 4.1796 65.1525 2.5895 75.6823 2.2510 56.2193 2.5375 89.3491 2.2956 165.4541 1.3515
3818 -2.7854 1.2455 162.8554 2.0096 84.6333 2.4332 36.9370 2.5737 165.9158 4.1422 63.1592 2.4020 77.3741 2.2986 53.9776 2.3204 91.6779 2.3594 164.1834 0.7347
3819 -0.8268 1.2849 161.6875 1.7457 82.3560 2.6351 37.9637 2.4989 165.6645 4.0402 60.9986 2.3962 79.5473 2.5424 52.0657 2.5127 94.3018 2.3523 162.4153 1.2573
3820 1.4000 1.2093 160.6590 1.7002 80.0341 2.4428 38.8493 2.5760 165.3471 3.6057 58.6849 2.5322 81.9824 2.5134 49.7381 2.3876 96.4745 2.5036 160.5965 1.2228
3821 3.8186 1.4551 160.3632 2.1021 78.0150 2.3348 40.3108 2.5737 165.2483 3.3588 56.3936 2.4445 84.1591 2.5465 47.7195 2.2947 98.4939 2.4340 158.3826 1.5768
3822 5.7585 1.8889 159.9030 2.2472 75.7767 2.4081 42.2495 2.4852 165.2499 2.8633 54.4073 2.5611 86.3898 2.5565 45.3221 2.6825 100.8088 2.6556 156.5510 1.8472
3823 7.9312 2.0797 159.4056 2.4871 73.6367 2.6806 43.7975 2.3467 165.0371 2.4493 52.4033 2.6857 88.6833 2.4874 42.6931 2.7664 102.9145 2.5741 154.5276 2.0362
3824 9.4692 2.2563 159.4478 2.5379 71.1834 2.6400 45.7112 2.4760 165.2183 2.1728 50.8916 2.3837 90.5812 2.7158 40.4019 2.6140 105.9364 2.3137 152.8574 2.1103
3825 12.0829 2.2710 159.3302 2.2535 68.6419 2.5892 48.2669 2.6578 165.3082 2.1050 49.7266 2.4673 92.7990 2.7016 38.3410 2.7981 108.6796 2.4493 150.9203 2.3006
3826 14.1064 2.3033 159.1693 2.0994 66.4040 2.5586 50.5011 2.6314 165.5259 2.1273 48.7306 2.5507 95.0114 2.5136 36.6319 2.5381 111.0317 2.2982 149.1689 2.4452
3827 16.6408 2.2533 159.4161 1.5641 64.1993 2.4834 52.5970 2.4576 165.9889 1.9354 47.9248 2.5000 97.4148 2.4862 34.5681 2.5984 113.6017 2.6569 147.3643 2.3840
3828 18.8132 2.4887 159.9986 1.2867 61.8263 2.5322 55.2139 2.5206 166.0714 1.9638 47.3798 2.5380 99.3286 2.7239 33.3673 2.4469 115.6164 2.5772 145.9136 2.6287
3829 21.0508 2.4882 160.3701 0.9534 59.7343 2.3598 57.2799 2.4754 165.5816 2.2305 47.0278 2.5036 101.6199 2.6821 32.2043 2.5003 117.7296 2.4670 144.8553 2.4654
3830 23.2612 2.5815 160.9609 0.5427 57.2991 2.4366 59.7511 2.3504 164.4153 2.4843 47.2364 2.4577 103.7664 2.6611 31.4533 2.3980 119.9127 2.4495 143.9604 2.4992
3831 24.8152 2.3812 162.1936 0.3795 55.2330 2.6123 61.9528 2.5501 163.7683 2.4287 47.9980 2.5161 106.1049 2.5507 30.8103 2.4640 122.4403 2.3250 143.1625 2.5948
3832 26.2883 2.4067 163.2426 0.6175 53.0581 2.5556 64.3621 2.6600 163.0442 2.3968 48.7734 2.4359 108.4862 2.1623 30.2216 2.4268 124.2689 2.4226 142.8171 2.4554
3833 27.3889 2.4386 164.3117 0.9116 51.0618 2.4439 67.0085 2.5917 162.1587 1.8565 50.1247 2.6254 111.1304 2.4403 30.3786 2.4678 126.1626 2.7026 142.2836 2.4146
3834 28.4488 2.4461 165.8482 1.4022 48.5801 2.3346 68.7376 2.4781 161.3750 1.5360 51.8105 2.7118 113.8579 2.5112 31.0184 2.3934 128.3034 2.4589 142.7973 2.4617
3835 29.3185 2.5158 167.1492 0.9389 46.2978 2.2845 71.3227 2.5568 160.5845 1.6876 53.7657 2.3726 116.0013 2.3809 31.8330 2.4649 130.1930 2.5270 143.4379 2.4702
3836 29.6421 2.4280 168.3259 0.5232 44.0174 2.2396 73.7718 2.5972 159.5382 1.6660 55.4652 2.6191 118.1654 2.2926 32.6599 2.4426 132.5099 2.5076 144.5304 2.4335
3837 29.7172 2.4698 168.9228 0.2655 41.2692 2.4060 76.0046 2.6313 158.2913 1.9276 57.8860 2.6198 120.4511 2.5469 33.7029 2.3750 134.7363 2.7694 145.3812 2.3293
3838 29.5625 2.4154 169.3275 -0.0543 39.2659 2.5116 78.4315 2.5006 156.2637 1.9950 60.4312 2.5293 122.8184 2.7002 35.2588 2.5342 136.8337 2.5931 146.6301 2.4213
3839 28.7563 2.3869 169.2637 -0.5595 37.1758 2.4925 80.5942 2.6237 154.2753 2.1916 62.2718 2.3395 124.9412 2.5315 37.0676 2.3547 139.1712 2.4920 148.2549 2.2838
3840 27.6039 2.3890 169.2800 -0.5181 34.8449 2.6501 82.9308 2.6533 152.2561 2.2851 64.7833 2.5978 127.3542 2.5433 39.0581 2.5998 141.9490 2.5244 149.7261 2.0131
3841 25.7682 2.5795 169.5482 -0.3776 32.6348 2.7118 85.4000 2.5311 149.9071 2.0928 66.6229 2.4732 129.3138 2.4253 41.0515 2.2628 143.9322 2.8438 151.6419 1.8539
3842 24.2331 2.4105 169.5428 -0.1798 30.0105 2.4993 87.1716 2.4459 147.7540 2.5082 69.0449 2.5352 131.6335 2.5349 42.6310 2.6274 146.5313 2.6338 153.4113 1.9967
3843 22.3871 2.2230 169.1754 0.2148 27.5250 2.4211 88.5510 2.4657 145.1379 2.4653 71.4146 2.3052 134.0167 2.6790 43.6152 2.4357 148.6812 2.1416 155.2179 1.9476
3844 19.7479 2.4051 168.9507 0.5499 24.9347 2.4149 89.7756 2.4304 142.8382 2.5645 73.8565 2.7353 136.5383 2.4875 44.0834 2.5315 151.3126 2.1036 156.8662 1.9860
3845 17.4734 2.3919 168.6888 0.9545 22.6471 2.3271 90.8145 2.5731 140.2849 2.4093 76.2149 2.6473 138.9415 2.5464 44.8242 2.4455 153.2064 2.4183 158.7981 2.0006
3846 15.5908 2.5847 168.1528 1.4852 20.4683 2.4021 91.3272 2.3927 138.1720 2.4569 78.8383 2.7138 141.3922 2.5119 45.2942 2.5200 155.0354 2.4474 160.2265 1.9277
3847 13.9226 2.4366 167.5007 1.9237 18.0508 2.4502 91.7832 2.4926 135.9250 2.4305 81.2490 2.6368 143.2914 2.4901 45.3865 2.5456 157.3222 3.0724 161.4118 1.5165
3848 12.5905 2.4295 167.0854 1.8669 15.9582 2.5209 91.8478 2.4951 133.6350 2.4155 83.1235 2.3056 144.5925 2.4974 45.0711 2.4803 159.4877 3.4824 162.6528 1.4797
3849 11.6676 2.4782 167.0075 2.2640 13.4769 2.5227 91.5672 2.4994 131.3615 2.4237 85.2921 2.4713 146.1696 2.3921 44.8728 2.5713 161.0595 4.0181 163.8561 1.3665
3850 11.1073 2.5225 166.9368 2.8975 11.3200 2.5872 91.0180 2.4970 129.1913 2.6090 86.8229 2.3141 147.2791 2.4863 43.6238 2.5152 162.6076 4.0885 164.8974 1.5151
3851 10.5159 2.5221 166.9275 3.0925 9.2930 2.7035 90.3908 2.4915 127.0386 2.7065 88.1800 2.4496 148.1042 2.5979 42.2174 2.4638 164.3172 4.4192 165.9187 1.3514
3852 10.2735 2.4836 167.3092 3.6364 6.9535 2.4031 89.2733 2.7091 124.8771 2.7416 89.8434 2.4082 148.7173 2.5952 41.0698 2.4919 165.8248 4.5184 165.9402 1.4873
3853 10.3410 2.5166 167.7392 3.7011 4.6368 2.3827 87.6696 2.5899 122.4144 2.4953 91.1933 2.6266 149.1330 2.4985 39.4283 2.6444 166.9708 4.5623 166.2304 1.7883
3854 10.7909 2.4738 168.3577 3.6308 2.8632 1.9074 86.1790 2.5889 120.4287 2.6157 92.3307 2.4589 148.7083 2.4802 38.1910 2.6789 168.0249 4.6561 166.4339 1.5704
3855 11.5212 2.2744 168.6875 3.9197 1.5166 1.5909 84.0387 2.7292 118.9392 2.6207 92.9827 2.3058 148.0244 2.4452 36.7632 2.6679 168.5484 4.8437 166.6218 1.7668
3856 12.7454 2.4092 169.0854 3.7029 0.0566 1.5083 81.5641 2.5280 117.1817 2.4114 93.6302 2.4357 147.2109 2.5894 35.2980 2.4820 169.4810 4.9679 166.5399 2.0634
3857 13.6755 2.2944 169.1554 3.8141 -1.6824 1.2469 79.2390 2.5945 115.4765 2.6221 93.9734 2.4573 146.1082 2.4948 34.2394 2.4835 169.7137 5.2656 166.6700 2.2094
3858 15.0217 2.4464 169.2272 3.4130 -2.7627 1.0401 77.5638 2.5014 114.2920 2.5455 93.9964 2.6060 144.8308 2.3432 33.5706 2.5363 169.7039 5.8362 167.4265 2.5034
3859 16.9248 2.5216 169.3248 3.3254 -3.4461 0.7569 76.6487 2.5155 113.7417 2.5327 93.4400 2.4988 143.0248 2.4876 33.1556 2.3927 169.4938 6.0751 167.4791 3.1331
3860 18.9399 2.3612 169.2866 3.1937 -3.9969 0.8172 75.8594 2.4577 112.8336 2.7152 92.8112 2.4714 141.4258 2.4137 32.8337 2.4798 169.0262 5.9856 168.0038 3.2612
3861 20.7900 2.5998 168.9738 3.0513 -4.6304 0.8553 75.4875 2.6162 112.0684 2.5493 92.3030 2.4073 139.3527 2.5591 32.4747 2.5092 168.9195 5.8746 168.0505 3.5381
3862 22.8321 2.5257 168.9029 2.8146 -5.1281 0.8691 74.9648 2.4463 111.2549 2.5417 91.0434 2.6090 137.4965 2.4362 32.2081 2.5361 169.1258 5.3722 168.1832 3.6725
3863 24.8145 2.6166 168.3584 2.7922 -5.5879 0.6889 74.7750 2.4535 110.8098 2.5179 88.9979 2.5378 135.5325 2.3499 32.9893 2.4884 168.7819 4.8717 167.6146 3.8005
3864 26.5681 2.3807 168.5223 2.6746 -6.1655 0.1733 75.0221 2.5299 110.4138 2.5549 87.2035 2.5597 133.5494 2.4808 33.9925 2.6161 167.8812 4.3797 167.3425 3.9638
3865 27.3344 2.3595 168.2646 2.9321 -6.2559 0.1615 75.0941 2.3954 109.8595 2.5198 85.3875 2.6102 132.2150 2.4396 35.3064 2.4606 166.6920 4.1559 166.8134 4.3845
3866 28.1502 2.5270 167.9406 2.8235 -6.2265 0.1737 74.8978 2.4934 109.1723 2.5076 83.4713 2.2740 131.1854 2.3418 36.5472 2.4152 165.5467 3.9550 166.6184 4.7974
3867 29.0180 2.4571 168.3430 3.0864 -5.9516 0.5220 75.0110 2.4040 108.6010 2.4822 81.2780 2.5631 130.4192 2.4577 37.8672 2.4579 163.7939 3.9458 166.6596 5.1265
3868 29.5512 2.4032 168.5319 3.1598 -5.4026 1.6609 75.0657 2.5243 107.9448 2.4715 79.3282 2.4527 130.1549 2.5049 39.8914 2.5640 162.3752 3.5540 166.6588 5.4454
3869 29.6587 2.5086 168.4584 2.9843 -5.0859 2.1244 75.5004 2.5338 107.2080 2.4198 77.0591 2.3893 129.9000 2.4337 42.0805 2.4851 160.4310 3.7160 166.7172 5.2537
3870 29.3461 2.4768 168.4163 2.7264 -4.9799 2.6121 75.9745 2.5087 106.5795 2.4942 74.5304 2.4800 129.8022 2.4974 44.6541 2.5281 158.5266 4.1240 166.7299 5.6512
3871 28.7916 2.4486 168.7952 2.8768 -5.2534 3.1536 76.3103 2.5120 105.4177 2.5692 71.9523 2.6584 130.1664 2.3770 47.0115 2.5343 156.7143 3.8180 166.7731 5.7774
3872 28.0538 2.3519 168.7588 2.4437 -5.8201 3.6530 76.0936 2.4501 104.8457 2.5191 70.3552 2.4930 130.7938 2.3864 49.1674 2.6234 154.7299 3.5529 166.4456 5.5043
3873 26.8527 2.4530 168.7040 2.4152 -6.2492 4.0898 75.7821 2.5775 103.9256 2.6218 69.1640 2.4577 131.8406 2.5569 51.6828 2.5317 152.5500 3.1757 166.3702 5.3653
3874 25.5590 2.5635 168.7101 2.2522 -6.3353 4.4149 74.8918 2.5694 103.1609 2.7025 68.0945 2.4623 133.1211 2.4618 53.8298 2.5412 150.4531 2.8614 165.9895 5.3552
3875 24.0904 2.4738 168.7733 1.9722 -6.7031 4.9384 73.8708 2.6041 102.2681 2.5792 66.8107 2.5711 134.6393 2.5762 56.0587 2.5177 148.5511 2.6143 165.7207 5.2808
3876 22.4627 2.5534 168.7874 1.6031 -7.0258 4.5631 72.7975 2.7140 101.8770 2.4709 66.1563 2.4505 136.4219 2.3929 57.7072 2.5051 147.2301 2.4776 165.9070 5.5390
3877 20.2891 2.5496 168.6105 1.2540 -6.9699 4.6447 71.2301 2.6589 101.5547 2.5086 65.4009 2.3805 137.8170 2.4262 60.0796 2.4879 146.1603 2.5656 166.1009 5.4441
3878 17.8237 2.2602 168.2805 1.0526 -6.5275 4.7469 69.3962 2.5424 101.5191 2.4478 65.3342 2.5018 139.5416 2.3855 61.8912 2.5511 146.0201 2.5036 165.8349 5.1544
3879 15.6686 2.4768 167.4893 0.9387 -6.1862 4.9215 66.9753 2.4785 101.4019 2.4435 65.3416 2.5755 141.2430 2.5020 63.1980 2.5407 145.3567 2.5522 166.0196 5.1331
3880 14.2711 2.5445 166.1378 0.6534 -6.2975 4.7861 64.9729 2.5220 101.8645 2.5002 65.8402 2.5267 142.0885 2.5264 64.4980 2.5483 145.3935 2.5824 166.2652 5.2533
3881 12.4074 2.3944 164.8705 0.7040 -6.1315 4.7281 62.7355 2.3251 102.6890 2.3951 66.4043 2.4204 143.1431 2.4609 65.0158 2.5831 145.5339 2.5012 166.6485 5.4051
3882 11.1273 2.4179 162.8329 0.7737 -5.9401 4.3167 60.5426 2.4073 103.9025 2.4336 67.5185 2.5207 143.8082 2.5497 65.4707 2.5374 145.5680 2.4956 167.1145 6.0726
3883 10.4438 2.4253 160.9804 0.7533 -6.5202 3.7846 58.4949 2.6633 105.1874 2.3387 68.6190 2.5274 144.4545 2.5198 65.3454 2.4745 146.5738 2.5217 167.1019 5.9428
3884 9.8573 2.5366 159.3182 1.1104 -6.7466 2.9505 56.6446 2.4797 106.7392 2.4844 70.1157 2.7102 144.6396 2.5021 65.5754 2.4230 147.5217 2.4685 168.1830 5.7814
3885 9.4371 2.5122 157.5752 1.4991 -6.8148 2.5510 54.3243 2.4263 109.1279 2.4086 72.0257 2.7792 144.7829 2.5322 65.6113 2.3997 148.6994 2.3384 168.8884 5.5187
3886 9.3151 2.4422 155.1885 1.8002 -6.6257 2.4392 51.7730 2.6266 111.3818 2.4820 73.6885 2.7287 145.0656 2.4863 64.7265 2.4525 150.0059 2.0966 169.5106 4.8886
3887 9.4354 2.3958 152.9904 2.1958 -7.0820 2.4037 49.7010 2.5311 113.7567 2.6837 75.8465 2.7148 144.2310 2.4372 64.2004 2.3890 151.8258 1.8226 169.9111 3.9690
3888 10.2303 2.5150 151.0021 2.2374 -7.1559 2.3372 47.2967 2.3659 116.2023 2.6187 77.9658 2.6670 143.2168 2.6417 63.0880 2.4751 153.5873 1.6017 170.0798 3.3257
3889 11.3184 2.5154 149.0630 2.5011 -7.0840 2.2929 44.6445 2.4218 118.7924 2.5128 80.1525 2.6028 142.0782 2.5333 61.6024 2.4213 155.7571 1.4724 169.8886 2.4883
3890 12.6716 2.4120 147.1144 2.6535 -7.1084 2.5763 42.3355 2.5837 120.9015 2.6114 82.4182 2.5239 140.4215 2.3840 60.2531 2.6493 157.6371 1.3433 169.5880 2.3065
3891 14.4693 2.4912 145.0525 2.6011 -7.3168 2.6439 40.0577 2.3596 123.6398 2.3764 84.7665 2.7360 138.8151 2.4986 58.3214 2.5189 159.6220 0.8364 169.4036 2.2066
3892 16.7991 2.3072 142.7326 2.4338 -7.4185 2.8283 37.6443 2.5301 125.8841 2.4777 87.0892 2.5378 136.7993 2.5673 55.9025 2.5069 161.1875 0.6208 169.3724 2.4423
3893 18.7553 2.5024 140.2348 2.6345 -8.0573 2.7226 35.7789 2.4082 127.9452 2.7297 89.5950 2.4618 134.3468 2.4779 53.6932 2.4776 162.5042 0.3218 169.0566 2.4477
3894 20.8635 2.2751 138.0508 2.5928 -9.0233 2.5165 33.7195 2.6063 130.4757 2.4542 92.2243 2.5453 132.1057 2.5900 51.7092 2.3988 163.7370 0.1437 168.9978 1.7889
3895 23.0343 2.5191 135.7448 2.4108 -9.4272 2.4285 31.5071 2.6104 132.6202 2.2804 94.5685 2.3565 129.6703 2.6347 49.6866 2.5295 164.2516 0.1896 168.8590 1.1065
3896 25.3301 2.3293 133.1102 2.5223 -9.8697 2.6337 29.1378 2.5891 135.2761 2.5340 96.6763 2.4860 127.2989 2.5522 47.2990 2.3558 164.4522 0.2407 168.8543 0.9174
3897 27.4176 2.4040 130.7440 2.6160 -10.2104 2.7153 27.5283 2.6491 137.5141 2.4996 98.5353 2.4811 125.5094 2.5483 45.1989 2.3994 165.0254 0.4553 168.8620 0.3192
3898 30.0356 2.4769 128.4922 2.5129 -10.4064 2.2500 26.0373 2.6129 139.8178 2.5517 100.4432 2.5526 123.6425 2.6602 42.6416 2.6179 165.0635 0.5304 168.5245 -0.1383
3899 32.1027 2.4363 125.9282 2.3432 -10.3469 2.3877 24.6384 2.6300 141.9273 2.4960 102.4142 2.6592 122.1138 2.6024 40.6567 2.5793 164.6394 0.4691 167.7512 -0.2312
3900 34.1473 2.5433 123.6267 2.5031 -9.8332 2.3373 23.4642 2.4064 144.3094 2.6156 104.5042 2.4643 121.0302 2.4670 38.3653 2.6652 164.1093 0.4723 167.1600 -0.2854
3901 36.6436 2.2374 121.3750 2.6241 -9.2287 2.0893 22.9160 2.6485 146.7581 2.5347 106.5926 2.6047 120.5274 2.5386 36.2618 2.2778 163.1564 0.6744 166.6581 -0.2609
3902 39.3763 2.3622 119.3447 2.5752 -8.6491 1.8608 22.7403 2.5155 149.2696 2.6470 108.8587 2.4683 120.1221 2.5234 33.9222 2.7348 161.8146 0.8492 165.9779 0.7850
3903 41.4094 2.4584 116.8051 2.6023 -7.9597 2.0070 22.7984 2.4672 151.5005 3.2051 110.5367 2.3843 119.5177 2.5658 31.5195 2.6833 160.7544 0.7302 165.4720 0.9407
3904 43.7224 2.5945 114.3192 2.6351 -7.4342 1.9901 22.8547 2.5884 153.4362 3.7620 112.9701 2.6041 120.0192 2.4466 29.3114 2.4348 158.9089 1.0375 165.1883 1.2188
3905 45.9032 2.5641 112.0912 2.6293 -7.1214 1.9093 23.1197 2.5836 155.6323 3.8839 115.2603 2.4897 119.8124 2.4498 26.9751 2.3825 157.0081 1.1893 165.0820 1.3687
3906 47.8835 2.4664 110.1324 2.5996 -6.8008 2.0094 23.5806 2.7010 157.9478 4.2107 117.7055 2.6381 120.4866 2.3434 25.0528 2.5714 155.3507 1.0966 165.1911 1.5252
3907 49.8911 2.4528 107.8358 2.5699 -6.7445 2.3495 24.7492 2.5376 159.8508 4.3556 120.3045 2.5562 121.5233 2.3279 22.7782 2.5694 153.3742 1.5262 165.3667 1.9438
3908 51.5575 2.5268 105.7734 2.5832 -7.0388 2.1622 26.0918 2.6232 161.7050 4.8991 122.3702 2.4484 122.6811 2.3827 20.6477 2.4678 152.6794 1.9682 165.2197 1.8217
3909 52.7833 2.5446 103.6985 2.4455 -6.6640 1.9797 28.0148 2.5493 163.8033 4.7734 124.3873 2.6619 124.2426 2.3314 18.0817 2.3073 151.1773 2.1901 165.3901 1.7002
3910 53.5589 2.4374 101.3954 2.6257 -6.1166 2.0508 30.0293 2.5347 165.3440 4.8549 126.7356 2.4932 125.8974 2.3847 15.9810 2.3582 150.0347 2.2987 165.4364 1.4294
3911 54.2385 2.4086 99.0782 2.6260 -5.8815 2.1637 32.1628 2.4259 166.4054 4.9286 128.9559 2.4301 128.4743 2.5114 13.3550 2.2222 149.4436 2.4464 165.3066 1.5088
3912 54.4683 2.4843 97.0855 2.5723 -5.4296 2.0065 34.2967 2.5891 167.6131 4.8762 131.0291 2.5244 130.7555 2.5208 11.2471 1.8616 149.1608 2.5137 164.9835 2.0787
3913 54.5147 2.4904 94.9682 2.4197 -5.4216 2.4282 36.3753 2.6287 168.5828 4.8975 133.5984 2.5293 132.7624 2.4761 9.2462 1.8292 149.3573 2.4250 165.0485 2.7406
3914 54.9407 2.5520 92.8743 2.3171 -5.5012 2.4146 38.5968 2.4451 169.1777 5.1248 136.0601 2.4433 135.2071 2.4802 7.6262 1.4119 149.9032 2.5054 165.4166 3.5233
3915 54.3451 2.6233 90.3865 2.2908 -5.6084 2.5359 40.4412 2.5352 169.6625 5.3885 138.0233 2.5857 137.5368 2.5392 5.0975 0.7413 150.9243 2.4495 165.8172 4.0470
3916 53.7784 2.6526 88.0127 2.2216 -5.7547 3.0590 42.4872 2.5671 169.9127 5.4955 140.3311 2.4880 139.7056 2.5116 3.5744 0.5554 151.8418 2.6496 165.9731 4.1948
3917 53.1170 2.6275 85.5646 2.5192 -5.9308 3.4422 44.0382 2.4600 170.2621 5.3769 142.2938 2.6249 141.9043 2.4729 1.7782 0.4250 153.2860 2.6335 166.1928 3.6175
3918 51.6881 2.4575 83.3920 2.4916 -6.2981 3.2627 45.4889 2.6760 169.9794 5.2674 144.8269 2.6262 144.2025 2.6254 0.3109 0.2183 154.5559 2.5195 166.4853 3.0169
3919 50.1910 2.6107 80.7503 2.6016 -6.6081 3.0235 46.1161 2.6081 169.7717 5.0385 147.3242 2.7394 146.9445 2.3844 -1.3809 -0.2012 155.8413 1.9055 166.4334 2.8750
3920 48.5741 2.5110 78.4729 2.3778 -6.3706 2.0902 46.5677 2.5481 169.4541 4.9782 149.6805 2.5398 148.9929 2.3052 -2.3079 -0.2913 157.6554 1.4800 166.2610 2.5162
3921 47.0242 2.6185 76.3553 2.5527 -6.4276 1.7396 46.9008 2.5238 169.5278 5.2494 151.7077 2.2381 151.0910 2.3400 -3.0983 -0.0023 159.4674 1.0637 165.9385 2.1629
3922 44.9325 2.5757 74.2827 2.4752 -6.4113 1.3230 46.8338 2.5512 169.0041 5.5049 153.8779 1.9658 153.6941 2.5930 -3.5337 0.2611 161.1428 0.9762 165.6653 2.4885
3923 42.3037 2.6432 71.6174 2.6481 -5.9801 1.1522 46.6458 2.5779 168.8379 5.6930 156.1163 1.7690 155.6875 2.5378 -3.8522 0.0125 162.8251 0.6820 165.2327 2.5340
3924 40.3453 2.5210 69.3432 2.6569 -5.6552 1.2428 46.5096 2.5395 168.5544 5.6698 157.8291 1.3273 157.5456 2.9488 -3.9549 -0.2566 164.3587 0.6675 164.9750 2.7365
3925 38.0901 2.3905 67.2868 2.5225 -5.3156 1.8947 45.9900 2.5541 168.5369 5.7702 159.5928 1.1016 159.4328 2.9090 -3.2468 0.2333 165.8107 0.6612 165.4930 3.5738
3926 35.9735 2.5790 65.1138 2.4532 -5.1209 2.1023 44.6961 2.5381 168.3528 6.3962 161.1102 0.9334 161.3553 3.1085 -2.4637 0.3062 166.9018 0.7578 165.6678 3.7744
3927 33.6224 2.3919 63.4367 2.6398 -5.2588 2.6247 43.4617 2.5633 168.5535 6.0754 162.3619 0.6961 162.5708 2.9966 -1.3827 0.4376 167.8643 0.9190 166.0838 3.9497
3928 31.3735 2.4065 61.1058 2.5756 -5.4336 3.4982 42.2438 2.5086 169.2077 5.9684 162.8849 0.7350 164.1232 2.9528 0.3768 0.6473 168.7160 1.0272 166.8752 4.1191
3929 29.3481 2.4592 58.8947 2.5590 -5.9454 3.6973 40.4859 2.6497 169.3525 5.4617 163.8183 1.0966 165.3990 3.2332 2.3176 0.8241 169.2727 1.5322 167.3663 4.2978
3930 26.9759 2.5477 56.7751 2.5164 -6.0238 3.9490 38.7015 2.5599 169.4593 4.9290 164.1651 0.6668 166.4829 3.1616 4.2965 1.3651 169.1611 1.6862 167.9306 4.0316
3931 24.7382 2.5975 54.6423 2.7290 -6.3339 3.9911 37.0348 2.6120 169.4372 4.6413 164.3460 0.7787 167.4699 2.6920 6.0119 1.8107 168.8356 2.0091 168.5148 3.9621
3932 22.4335 2.5963 52.1913 2.5964 -6.0820 4.1634 35.8512 2.6323 169.2825 4.5344 164.0747 0.8683 168.7441 2.5866 7.3330 2.1389 168.7705 2.6941 168.7188 4.3003
3933 20.2704 2.6266 49.7954 2.4297 -6.3780 4.6390 34.9553 2.5991 169.5826 4.5320 163.4566 1.0599 169.6157 2.4650 8.4716 2.3047 168.6102 3.1351 169.0079 4.3437
3934 18.2568 2.5031 47.0917 2.2699 -6.3432 4.8062 34.1535 2.4132 169.4490 4.7540 162.6020 1.2574 170.3910 2.4688 9.4054 2.4991 168.4175 3.3587 169.0836 4.4645
3935 15.8248 2.4612 44.9457 2.5596 -6.5371 5.0958 33.2535 2.5878 169.6631 5.0349 161.2939 1.2219 170.6749 2.2666 10.5289 2.4642 168.2933 3.8545 169.4783 4.7621
3936 13.6893 2.6104 42.6581 2.4129 -7.0446 5.5094 33.2095 2.5382 169.7550 5.1994 159.5762 0.9553 170.6156 2.0708 10.8978 2.4820 167.4251 3.6635 169.9557 5.0855
3937 11.5554 2.5052 40.7948 2.4774 -7.4634 5.9199 33.3322 2.5214 169.7807 5.1613 157.7688 0.6904 170.5520 1.7270 11.0564 2.5375 166.5491 4.1012 170.2604 4.9994
3938 9.6019 1.9615 39.1174 2.5977 -7.7938 5.8127 33.6043 2.5225 170.0978 4.9579 156.1472 1.1960 170.4479 1.4447 11.0283 2.4866 165.3853 4.4643 170.5951 5.2653
3939 7.4671 1.5850 37.8161 2.5596 -8.2141 5.8043 34.0610 2.5174 169.8248 4.9955 153.7576 1.3926 170.2664 0.8173 10.8320 2.4799 164.0591 4.6192 170.4711 5.4698
3940 5.1625 0.9941 36.9412 2.5061 -8.4252 5.8110 34.8982 2.5314 169.5971 4.5777 151.5976 1.4845 169.9800 0.1506 10.2211 2.4218 162.4557 4.5078 170.2630 5.2799
3941 3.1055 0.7548 35.7247 2.4834 -8.3947 5.6520 36.0681 2.4930 168.3947 4.0569 149.4773 2.0982 169.6945 -0.4955 9.4049 2.2291 160.4955 4.5656 169.9248 5.1584
3942 0.9588 0.6019 35.0556 2.4832 -7.7652 5.9078 37.2140 2.4823 167.2478 4.0397 147.3857 2.3093 169.2112 -0.5102 8.6095 2.0001 158.5943 4.5463 169.4246 4.9068
3943 -1.0515 0.2980 35.0574 2.4929 -7.4760 5.4948 38.8714 2.5000 165.8007 3.8474 145.0514 2.3282 169.2124 -0.7511 6.9900 2.0290 156.8878 4.1335 168.5034 4.2146
3944 -2.7592 0.5384 35.4264 2.5185 -7.0423 5.1712 41.0753 2.7012 164.4605 3.6607 142.8464 2.3304 169.1302 -0.9670 5.6659 1.5879 155.1238 3.6524 167.8769 4.2088
3945 -4.2187 0.7887 35.6190 2.5451 -6.3778 4.5221 42.8982 2.5660 162.8119 3.8895 140.6264 2.3862 169.3430 -1.1564 3.6257 1.1818 153.3613 3.2500 167.4260 4.0816
3946 -5.7722 1.0474 36.8214 2.3745 -5.9488 3.7109 44.8493 2.5951 161.5652 3.7495 137.9882 2.4305 169.4715 -1.1939 1.5008 1.0537 151.0080 3.0511 167.2579 4.3214
3947 -6.4393 1.4435 37.4057 2.5668 -5.9951 3.2157 46.7809 2.5750 160.1273 3.8902 135.3034 2.6097 169.6678 -0.7383 -0.7367 0.9029 148.6570 2.8489 167.3144 4.7622
3948 -7.0562 1.7770 38.2683 2.4460 -6.3247 2.4891 48.1016 2.4223 158.9330 3.9245 133.2689 2.3773 170.0481 -0.7994 -2.6968 1.0848 145.9873 2.6442 167.1005 4.8993
3949 -7.5220 2.0103 39.4749 2.3927 -7.0162 1.7789 49.8051 2.2238 157.3416 3.7437 131.3313 2.5397 169.9968 -0.6113 -4.5810 1.5231 143.5458 2.5991 167.4482 4.8983
3950 -7.5963 2.1633 40.4569 2.4523 -7.2781 1.6470 50.7279 2.3791 155.4964 3.5769 129.2865 2.6084 169.5243 -0.1672 -5.7669 1.7318 141.2541 2.3780 167.4476 4.5115
3951 -7.5030 2.1926 41.1538 2.4542 -7.5515 1.1995 51.2257 2.4857 153.5264 3.2667 127.0427 2.4289 169.3930 0.5584 -6.7586 1.9476 139.0340 2.5974 167.3293 4.4680
3952 -7.3943 2.1960 42.3315 2.4407 -8.0992 0.8045 51.2770 2.5528 151.8275 2.9452 124.1286 2.5128 169.4970 1.0645 -7.3047 2.4518 136.9507 2.3654 167.2090 3.8929
3953 -7.4299 2.3351 43.1539 2.4770 -8.1592 0.1625 51.4200 2.4661 149.5325 2.5441 121.6337 2.6370 169.7943 1.6785 -8.0983 2.2498 134.6858 2.3283 166.9055 3.2104
3954 -7.1446 2.3819 43.1147 2.5258 -8.1736 -0.1865 51.1308 2.5501 147.1595 2.4885 119.3791 2.7501 169.9607 2.2622 -8.6111 2.0088 132.2770 2.4619 166.2058 2.9789
3955 -7.0495 2.5228 42.6457 2.5420 -7.8211 -0.3740 50.6566 2.4094 144.9315 2.5065 117.1789 2.5238 170.3164 2.7856 -8.9271 1.9518 130.0835 2.6408 165.8511 2.4024
3956 -7.1015 2.0864 42.2869 2.5404 -8.1239 -0.7788 50.0740 2.3794 142.7775 2.4315 114.7140 2.6317 170.8814 2.9768 -8.9626 2.1388 127.5979 2.5998 166.0523 1.7998
3957 -6.8414 2.0820 41.6261 2.6219 -8.3411 -0.8397 50.0572 2.4543 140.2269 2.3260 112.3655 2.7668 171.2970 3.1540 -8.8339 2.2631 125.6316 2.3773 165.6647 1.6145
3958 -6.8908 2.0752 40.5302 2.7144 -8.7487 -0.5406 49.3453 2.5249 138.3642 2.5324 109.6131 2.6322 171.5018 3.5548 -8.0100 2.5176 123.3148 2.5155 166.0259 1.4118
3959 -6.9678 1.8610 39.2127 2.6719 -9.3102 -0.3546 49.2452 2.4785 136.0500 2.6035 107.1528 2.6735 171.2803 3.8208 -7.7762 2.9043 121.4642 2.4231 165.9155 1.4182
3960 -7.0024 1.5497 37.3749 2.5288 -9.2776 -0.4556 49.1522 2.4820 133.8895 2.4654 104.6814 2.5142 171.3522 4.4143 -7.2758 3.0971 119.3398 2.5664 165.3213 1.3777
3961 -7.1830 1.6063 35.5721 2.4036 -9.2846 -0.5752 49.3252 2.4451 131.7518 2.3256 102.8226 2.3187 171.0146 4.6368 -7.1083 3.2388 117.3126 2.6662 164.4915 0.9351
3962 -7.3967 1.0505 33.3446 2.4315 -9.1147 -0.4296 49.3007 2.4833 129.5316 2.3380 101.0781 2.5621 171.0564 4.9187 -6.6591 3.0140 115.3311 2.6207 163.6212 1.0388
3963 -7.7227 0.4548 31.1047 2.4658 -8.7623 -0.5713 49.3949 2.5680 127.2740 2.5165 99.6622 2.4417 170.7039 5.0800 -6.0804 3.0758 112.8921 2.6683 162.5112 1.0498
3964 -8.2866 0.0811 29.0226 2.5299 -8.4966 -0.7907 49.8725 2.5276 125.0869 2.6562 98.5182 2.5867 170.6402 5.1075 -5.9850 2.8493 110.7916 2.4788 161.1879 0.7479
3965 -8.1744 -0.0883 27.0153 2.5770 -7.8519 -0.6606 50.1986 2.6243 122.6929 2.6960 97.7341 2.4074 170.6510 4.9770 -5.9321 2.0293 108.4819 2.5502 159.8725 0.7169
3966 -8.5737 -0.1936 25.0016 2.4050 -7.3688 -0.4228 51.5335 2.5851 120.5872 2.6675 97.0225 2.5199 170.7382 4.6034 -5.6864 1.5385 106.7489 2.5552 157.7770 1.1952
3967 -8.6974 -0.1982 23.1279 2.4481 -7.4276 -0.4571 52.7845 2.5949 118.4499 2.5322 96.8860 2.5546 170.6439 4.2476 -5.3115 1.4922 104.6715 2.3315 155.9725 1.4192
3968 -8.8325 -0.1389 20.6756 2.4003 -7.7827 -0.3926 54.1319 2.5105 115.8910 2.4567 96.9156 2.4981 170.5486 3.7015 -4.8490 1.2438 102.3890 2.4914 154.2255 1.9152
3969 -8.7770 -0.2714 18.2182 2.7385 -8.1866 -0.2246 55.7357 2.7148 113.9887 2.5260 97.5394 2.5298 170.3257 3.7572 -4.6731 1.3743 100.1812 2.4473 152.8708 2.3008
3970 -8.5382 -0.3602 15.8934 2.5636 -8.1126 -0.4805 57.4471 2.5409 111.7832 2.5323 98.1752 2.4752 169.7884 3.4056 -4.5288 1.9124 98.0004 2.5661 150.9656 2.4470
3971 -8.3163 -0.3126 13.6491 2.7247 -8.3422 -0.3413 58.8038 2.4948 109.5654 2.3523 98.8446 2.5622 169.5499 3.0691 -4.3859 2.0695 95.7867 2.6861 149.7099 2.5778
3972 -7.9352 0.3483 11.6582 2.9241 -8.1891 -0.0667 59.8147 2.5624 107.4201 2.5906 100.2517 2.5305 169.5192 3.0019 -4.2535 1.9447 93.6600 2.4830 148.4683 2.4863
3973 -7.5975 0.9125 9.4139 3.1757 -8.0610 -0.2660 60.4550 2.5368 105.1753 2.4150 101.6199 2.5481 168.3725 3.0939 -4.8048 1.2069 91.0156 2.4032 147.5047 2.6423
3974 -7.0552 0.7915 7.2959 3.5571 -8.5438 0.4495 61.0738 2.4408 102.7523 2.7191 103.2016 2.5769 167.9182 3.0278 -5.3456 0.6312 88.8499 2.6862 146.9006 2.6919
3975 -6.6061 0.8335 5.1327 3.8249 -8.2320 0.9445 60.9910 2.4932 100.4611 2.5839 105.0064 2.6186 167.4947 2.5595 -5.0979 0.8091 86.4672 2.5833 146.0696 2.5129
3976 -5.9751 0.6786 2.7793 4.1967 -8.0737 1.2264 60.8609 2.5192 98.2349 2.4860 107.2275 2.3795 167.0060 2.5879 -5.1696 0.3368 83.9071 2.4570 145.7682 2.4698
3977 -5.5502 0.4530 0.9160 4.2317 -7.8839 1.5883 60.7823 2.4090 96.2182 2.2913 109.6277 2.4481 165.9657 2.4596 -5.3749 0.1913 81.8192 2.6723 145.3937 2.5244
3978 -5.3184 0.2589 -0.7719 4.5744 -7.5587 1.8913 60.0509 2.4991 93.9571 2.4254 111.7167 2.5945 165.4820 2.3082 -5.2537 0.1941 79.5877 2.4923 145.4046 2.4533
3979 -4.8093 0.2165 -2.4408 4.4598 -7.4687 2.8217 58.9643 2.5916 91.7620 2.3489 113.8902 2.3710 164.8136 2.3369 -5.4064 0.5907 76.9876 2.3125 146.1233 2.3772
3980 -4.7394 0.4414 -4.1004 4.6317 -7.4789 2.0225 57.6139 2.6505 89.2441 2.5307 116.1788 2.4077 164.5026 2.2463 -5.7180 1.1943 74.8573 2.4639 146.6599 2.4455
3981 -4.9441 0.3011 -5.4742 4.4427 -7.4516 1.7959 55.8747 2.4379 87.1333 2.2832 117.7926 2.4616 163.6178 1.8472 -6.4212 1.6522 72.2427 2.4016 147.8146 2.6023
3982 -5.2727 0.8144 -6.7037 4.3635 -7.1883 1.6032 53.9197 2.4682 85.1455 2.4898 120.5963 2.4376 162.5452 1.9451 -6.9817 2.4260 69.9987 2.3940 149.1706 2.7330
3983 -6.2593 1.0493 -7.5299 4.1241 -6.9010 1.2499 51.6651 2.4479 82.9045 2.4923 123.0782 2.5604 160.9848 1.9392 -7.2503 2.5164 67.5864 2.5625 150.9676 2.8514
3984 -7.1351 1.1197 -8.3534 4.2830 -6.3533 0.8686 49.6274 2.2564 80.6568 2.4415 125.6071 2.7112 159.1201 1.9546 -7.3740 2.8311 65.4395 2.5865 153.1954 2.9679
3985 -7.0884 1.5851 -8.5000 4.1563 -5.5964 0.9908 47.5667 2.5406 78.4242 2.5506 127.5825 2.5788 157.5824 1.8852 -7.1825 2.8273 63.0776 2.6130 155.0304 3.3851
3986 -7.1836 1.9613 -8.3218 3.9955 -4.8063 1.3635 45.4320 2.4523 76.3965 2.4155 129.5368 2.3717 156.1895 1.7081 -6.6729 2.9263 60.6551 2.5374 157.2856 4.0884
3987 -7.7129 2.1547 -8.4943 3.6876 -4.1680 1.4742 43.7368 2.4128 74.2505 2.5617 131.4299 2.5436 155.2343 1.7542 -6.3925 2.7708 58.4111 2.3763 158.8055 4.3242
3988 -7.7111 2.1527 -8.1617 3.2569 -3.2324 1.9099 42.0733 2.4229 71.6944 2.4291 132.6270 2.4269 154.5387 1.9697 -6.1152 2.7049 56.1464 2.4346 160.5612 4.2552
3989 -7.5087 2.3596 -7.9572 2.5496 -2.2634 2.1956 41.0971 2.4758 69.3201 2.6084 133.8568 2.5194 154.1270 2.1669 -6.0582 3.0129 54.2082 2.4735 162.1479 4.2680
3990 -7.6512 2.7144 -8.0242 2.0676 -1.1659 2.4522 40.3804 2.4187 67.1094 2.4241 134.6552 2.6695 154.0821 2.3233 -6.3883 3.3669 51.8814 2.4878 164.2603 3.7821
3991 -7.3292 2.8076 -8.2389 1.5008 0.6916 2.5689 40.1485 2.5684 64.7009 2.5828 135.2354 2.5518 154.1579 2.5461 -6.3488 3.4607 49.5313 2.4707 165.8420 3.3354
3992 -7.3223 3.0327 -7.9852 1.6439 2.2828 2.4617 39.7662 2.5189 62.2737 2.6504 135.7390 2.5338 154.3344 2.4376 -6.3290 3.4256 47.2166 2.5132 166.8258 2.9923
3993 -7.2282 3.4287 -7.7587 1.6570 3.8010 2.2445 39.7415 2.5038 59.7900 2.4295 135.4787 2.4951 154.7210 2.3968 -6.0261 3.5545 45.0264 2.6135 168.3411 3.0891
3994 -7.2186 3.4620 -7.4568 2.3075 5.5332 2.1301 40.4495 2.5230 57.4148 2.3482 135.5705 2.4540 155.0778 2.5761 -5.6888 3.6326 42.8248 2.4460 169.4041 3.1530
3995 -7.2417 3.5969 -7.4786 2.3584 7.3200 2.1191 41.0339 2.3497 55.4732 2.2950 135.0090 2.3825 155.9275 2.8115 -5.6754 3.5182 40.5314 2.3125 170.1373 3.0689
3996 -7.0415 3.6218 -7.2084 2.5305 9.4248 1.8450 42.5311 2.3908 52.6264 2.4918 134.5777 2.4545 156.8171 3.3357 -5.4801 3.4040 38.2865 2.4945 170.3975 3.0333
3997 -6.6486 3.5315 -7.1439 2.6918 11.6626 1.8295 43.9304 2.5499 50.5483 2.3749 133.9280 2.5099 158.2869 3.7391 -5.8637 3.4413 35.8780 2.6679 171.0023 2.7491
3998 -6.4649 3.3235 -6.5505 2.4510 13.9391 2.0882 44.9660 2.4242 48.1268 2.4496 132.5920 2.4335 160.0759 3.9646 -6.7853 2.9806 33.9713 2.6165 171.1982 2.5859
3999 -6.5286 3.1333 -6.8571 2.3241 15.9736 2.4818 46.3681 2.3862 45.6763 2.4519 131.9402 2.5246 161.6221 4.1136 -7.3138 2.3710 31.6616 2.5041 171.4050 2.0082
4000 -6.6642 3.0947 -6.7430 2.0913 18.5420 2.4093 47.4242 2.5441 43.1284 2.4516 131.2120 2.3606 163.1947 4.2527 -7.9892 1.9472 29.5928 2.6119 171.6461 1.3357
4001 -6.5521 2.7208 -6.9874 2.1677 20.8733 2.7021 48.5557 2.5742 40.6470 2.5808 130.6299 2.4613 164.6245 4.1789 -8.4505 1.8761 27.3967 2.4355 171.7595 1.6074
4002 -6.2958 2.2084 -7.7785 2.2575 23.0026 2.4259 49.0648 2.4523 38.2946 2.4776 129.9857 2.5153 166.2397 4.1289 -8.9979 1.5184 25.0310 2.5100 171.7857 1.7296
4003 -6.7191 1.2928 -8.3101 1.9546 25.5091 2.6169 49.6767 2.4493 36.0944 2.4951 130.1206 2.4904 167.2372 3.4878 -8.8410 1.3640 22.7264 2.2338 171.5524 2.0723
4004 -7.1525 0.8964 -8.4132 1.9506 27.9073 2.3703 49.6345 2.4666 33.7812 2.2845 130.2213 2.5307 168.2251 3.3841 -9.1163 1.2629 20.8132 2.5961 171.5456 2.8172
4005 -7.5557 0.4589 -8.6631 1.6654 30.2083 2.4370 49.2714 2.6016 31.6252 2.4344 130.5572 2.5214 168.0914 2.5039 -9.0562 1.0465 19.0601 2.5401 171.4696 3.3425
4006 -8.4928 0.1734 -8.5406 1.3229 32.5448 2.3578 49.1115 2.6289 29.4843 2.4282 131.3124 2.5596 168.7675 2.4848 -8.7001 0.9664 18.0225 2.5280 171.0463 4.0236
4007 -9.1853 0.2918 -8.4459 0.9261 35.1848 2.2255 48.5365 2.6004 27.3274 2.4873 132.4741 2.6448 168.9655 2.4338 -8.6061 0.9465 17.1882 2.5762 170.5036 4.5915
4008 -9.8214 0.5593 -8.2268 0.5281 37.5586 2.4026 47.3728 2.6397 25.4320 2.6118 133.4849 2.6343 168.6621 2.0390 -8.5487 0.7917 16.5396 2.5138 169.9050 4.4952
4009 -10.2833 1.2769 -7.9629 0.3752 39.6167 2.3563 46.2058 2.6716 23.4404 2.7028 135.3384 2.6068 168.5653 1.8846 -8.4675 0.5737 16.1375 2.5888 169.4064 4.5794
4010 -10.7276 1.8576 -7.2333 0.6490 41.7696 2.3741 45.0946 2.6488 20.9257 2.6675 136.8571 2.4309 168.6311 1.9708 -8.5893 0.2512 16.2183 2.4909 168.8848 4.2143
4011 -10.4761 2.2493 -6.6184 0.9695 43.9990 2.3480 43.0483 2.5068 18.6650 2.4641 138.5591 2.4683 168.2810 1.7886 -8.4713 -0.3141 16.5053 2.5536 167.9238 3.7206
4012 -10.1020 2.6743 -6.4716 1.3125 46.2413 2.3760 40.6946 2.6383 16.6830 2.4303 139.6999 2.4165 167.6376 1.3660 -8.4377 -0.4667 17.3375 2.4304 167.6500 3.0722
4013 -9.4123 2.3176 -6.6499 1.9770 47.6882 2.5616 38.4301 2.4817 15.2206 2.2647 140.3456 2.5021 166.1901 1.2466 -8.1420 -0.5787 18.3435 2.4173 167.5368 2.7998
4014 -9.1504 2.6916 -7.2843 2.4624 49.4320 2.5093 36.2187 2.4264 13.6432 2.4862 140.9857 2.4039 164.9909 1.0688 -8.1350 -0.4127 19.2062 2.4287 167.0329 2.9102
4015 -8.7802 3.2285 -7.5062 3.3402 50.8141 2.6312 34.0143 2.3796 12.5128 2.4978 141.4635 2.4975 163.6144 0.7276 -8.1248 0.1023 20.8343 2.5121 167.0939 2.5939
4016 -8.4473 3.6352 -7.5767 3.3539 51.9369 2.4627 31.7818 2.5522 11.2869 2.4255 141.3064 2.5003 161.4884 0.8501 -8.0455 0.7553 22.5862 2.3679 166.6527 2.3959
4017 -8.2223 3.9012 -7.9273 3.4937 52.3036 2.4636 29.5648 2.5619 10.5574 2.4479 140.6792 2.5743 159.6752 0.9163 -7.9551 0.9118 24.6001 2.5149 166.7344 2.3047
4018 -8.4637 4.2911 -8.0069 3.2281 52.5629 2.4834 27.6101 2.5560 9.9341 2.5199 140.1456 2.4212 158.1769 1.0884 -7.7551 1.8488 26.5090 2.5994 166.6643 2.0329
4019 -8.3855 4.7925 -8.0192 3.5107 52.8953 2.5409 25.3618 2.4664 9.9221 2.5391 139.3184 2.5770 156.7366 1.2380 -7.4585 2.4979 28.6729 2.4389 166.5562 1.6179
4020 -8.6596 5.2828 -7.9382 3.5926 52.5786 2.5154 22.8210 2.4272 10.7863 2.5328 138.3390 2.5723 155.7964 1.4941 -7.5248 3.0197 31.1755 2.4924 167.1685 1.2512
4021 -8.5470 5.7075 -8.0283 4.1368 51.9431 2.4842 19.7999 2.4585 11.5521 2.5841 136.6181 2.5845 154.7354 1.8345 -7.5692 3.3416 34.0769 2.4084 167.4830 0.9200
4022 -8.4028 5.8718 -8.1100 4.4435 50.8634 2.6535 17.8524 2.3379 12.3743 2.6442 134.9553 2.4670 154.3523 2.2316 -7.6899 3.7727 36.4853 2.8207 167.7533 0.7616
4023 -8.5415 5.4472 -8.6125 4.8605 49.2343 2.4860 15.5017 2.1833 13.3912 2.5097 132.6886 2.4548 153.8340 2.2791 -8.1125 3.8525 38.3392 2.5051 168.5649 0.2729
4024 -8.5801 5.1414 -8.6284 5.1981 47.5896 2.4516 13.1966 2.3927 14.9691 2.4967 130.9710 2.3998 153.1317 2.4776 -8.1417 3.6318 40.5335 2.4517 169.5830 0.2356
4025 -8.5520 4.5528 -8.5532 5.1196 45.6178 2.4426 11.0167 2.6290 16.4483 2.4859 129.5983 2.6075 153.1135 2.6270 -7.9954 3.1001 42.6426 2.4369 169.7845 0.3992
4026 -8.8116 4.2055 -8.7942 5.4128 43.4533 2.5704 8.7009 2.8594 18.8293 2.5808 128.6703 2.4722 153.2807 2.8938 -7.6981 3.3465 45.2259 2.3858 170.2719 0.4837
4027 -9.3255 4.2396 -8.2860 5.3602 41.0340 2.3213 6.6663 2.6754 21.1271 2.5035 127.9323 2.5402 153.7298 2.9578 -7.2242 3.1440 47.0183 2.5517 170.8498 0.2866
4028 -9.6571 3.8049 -7.9185 4.8588 38.3751 2.5823 4.6812 2.5807 23.8613 2.8773 127.2458 2.5324 154.2315 3.1106 -7.1590 2.9573 48.4669 2.5987 171.0806 0.7329
4029 -10.0107 3.5728 -7.3600 4.5921 35.8302 2.7332 2.6720 3.1539 26.1632 2.8299 126.4966 2.5035 155.2768 3.4758 -6.5025 3.0332 49.9361 2.5125 171.0515 1.1480
4030 -10.2066 3.1209 -7.2265 4.4239 33.6906 2.7688 0.9931 3.6458 28.2174 2.7179 126.0297 2.5039 156.6492 3.9301 -5.8560 2.5485 51.0810 2.5095 170.9000 1.6549
4031 -10.2827 3.0274 -6.9037 4.5115 31.1672 2.3239 -0.4020 3.7548 30.0829 2.4215 125.6408 2.5096 158.0011 4.1753 -5.3433 2.2371 52.1790 2.6590 170.8131 1.6404
4032 -10.0880 2.3282 -6.1271 4.6405 29.0649 2.4344 -1.8774 3.8849 32.2334 2.5154 126.2796 2.4732 160.0979 4.3695 -4.9837 1.8054 52.7898 2.4942 171.0184 1.4083
4033 -9.3194 1.5778 -5.7910 4.7022 27.0744 2.5205 -3.0186 4.5393 34.8216 2.3899 127.1558 2.4817 162.1588 4.6512 -4.5525 1.4104 52.7239 2.5143 171.2072 1.0751
4034 -9.1262 1.0468 -5.1726 4.3013 25.6487 2.5156 -3.6855 4.2906 37.1542 2.3799 128.5800 2.4568 164.0919 4.3679 -3.5968 1.4324 52.8513 2.4952 171.1360 0.6251
4035 -8.3112 1.0246 -4.8225 3.8681 24.6405 2.4453 -3.7012 4.3150 39.7794 2.5629 130.1472 2.5268 165.7433 3.8993 -2.6066 1.2497 52.0592 2.5604 171.1555 0.1022
4036 -7.4619 0.6880 -4.3843 3.5913 23.5954 2.5300 -3.4893 4.4854 41.7344 2.3646 131.4963 2.5666 166.6482 4.1312 -1.0063 1.4410 51.3611 2.6228 171.0640 -0.1274
4037 -6.8887 1.4262 -3.6799 3.2296 23.2961 2.5397 -3.2681 4.4871 44.0843 2.3478 133.2132 2.4389 167.7092 3.8466 0.9557 1.3402 50.2938 2.5556 170.8859 -0.3160
4038 -6.1473 2.0671 -3.6082 2.7757 22.7626 2.5165 -2.7681 3.9922 46.1933 2.3406 135.3211 2.3624 168.1262 3.4029 3.0649 1.2189 48.8736 2.4280 170.6734 -0.1318
4039 -6.0662 2.9456 -3.4092 2.6689 22.6337 2.5123 -1.5469 4.1537 48.3348 2.5321 137.7185 2.2243 168.9178 3.2053 4.6804 1.4752 47.1908 2.4482 170.8258 0.1450
4040 -5.8103 3.3211 -3.5692 2.3098 23.1380 2.5307 -0.5429 4.2488 50.5237 2.4851 139.4972 2.3248 168.8272 3.3854 6.7055 1.6366 45.8619 2.5295 170.6553 0.3092
4041 -5.5765 3.5505 -4.0803 2.0442 23.6241 2.5979 0.8950 4.0347 52.9421 2.5763 141.6901 2.1489 168.4352 3.4159 9.4280 1.9529 43.9527 2.3952 170.7003 0.4581
4042 -4.9993 3.9699 -4.4680 1.4922 24.6206 2.5872 2.3905 3.8546 55.1965 2.4267 144.1050 2.3399 168.7572 3.8574 11.5400 2.1635 41.2883 2.5360 170.4594 1.0224
4043 -4.6900 3.8374 -5.0834 1.1161 25.2672 2.5238 4.0142 3.6304 57.5017 2.4511 146.5073 2.3727 168.7195 4.0964 13.1353 2.4985 38.9968 2.7602 169.9278 1.5888
4044 -4.3955 3.8716 -5.3080 0.8328 25.9694 2.6267 6.2426 2.9645 59.4932 2.5125 148.8373 2.6203 168.7258 3.5140 14.2800 2.5450 36.6691 2.6828 169.3854 1.9487
4045 -4.1087 4.0467 -5.4662 0.5495 26.8367 2.4989 8.4393 2.6787 61.6999 2.5745 151.2883 2.9611 168.7178 4.0979 15.5930 2.5565 34.4853 2.5317 169.0817 2.4460
4046 -3.8207 4.4009 -5.8761 0.1567 27.6362 2.6427 10.5400 2.4343 63.8410 2.6032 153.1064 3.3980 167.7928 4.0413 16.6360 2.5627 32.3840 2.4951 169.0032 2.6586
4047 -3.8702 4.3822 -6.1238 -0.2841 28.2488 2.4907 12.8129 2.5428 66.1178 2.4961 154.8342 3.8896 166.7326 3.6806 17.2633 2.5283 30.1453 2.4750 168.4312 2.7006
4048 -4.5805 3.9227 -6.0123 -0.5190 28.9880 2.5073 15.1945 2.5736 68.1485 2.6061 156.6869 4.3197 165.9958 3.7285 17.6279 2.5205 27.8381 2.3952 167.6262 3.1262
4049 -4.7706 3.6680 -6.1601 -0.5137 29.3613 2.5078 17.4984 2.7184 70.2824 2.5301 158.5696 4.3820 165.3014 3.8940 17.1929 2.4683 25.8353 2.4106 166.4069 3.4343
4050 -5.0720 3.1477 -6.5507 -0.1082 29.7972 2.4887 19.7940 2.3904 72.3748 2.5959 159.9690 4.4714 164.2993 4.0506 17.0368 2.4662 23.2843 2.6232 165.4372 3.8152
4051 -5.5519 2.5650 -6.9060 0.6228 28.8894 2.4141 21.7722 2.6114 74.6785 2.5828 161.1266 4.7196 163.0164 4.2248 16.4620 2.4948 20.8679 2.3848 164.1330 4.0571
4052 -5.5636 1.8940 -7.1516 1.3420 28.5359 2.4299 24.8614 2.5637 76.5120 2.5050 162.2919 4.8697 161.7618 4.0211 16.1424 2.3604 19.2311 2.4268 162.6127 3.8994
4053 -5.8448 1.7187 -7.4104 1.7175 27.5440 2.5158 26.8919 2.4021 79.1475 2.4175 163.1526 4.6408 160.0793 4.2773 15.1558 2.4606 17.4009 2.5356 161.1372 3.8102
4054 -6.0571 1.4312 -7.5847 1.8579 26.6542 2.5213 29.2322 2.4006 81.2862 2.4459 164.0676 4.6889 159.1283 4.2313 13.5831 2.5051 15.8194 2.3449 159.7379 3.8045
4055 -6.4155 1.6042 -7.9994 1.9186 25.4495 2.5451 31.6958 2.6755 83.3843 2.4095 164.8199 4.7706 157.8675 3.8388 11.9957 2.3530 14.2897 2.6888 158.7047 3.5461
4056 -6.9234 1.3990 -8.3180 1.6590 23.5058 2.5406 34.1439 2.4049 84.9293 2.5647 164.9271 4.7344 156.5810 3.5858 10.1300 2.1006 13.0757 2.5904 157.9807 2.9599
4057 -7.2404 1.5316 -8.1742 1.8858 21.5197 2.5276 36.6010 2.3339 87.0604 2.3874 165.2336 4.7454 154.5085 3.3865 8.3563 1.6616 11.7709 2.3455 157.4157 2.9972
4058 -7.5122 1.7934 -8.2672 1.6456 19.5135 2.6115 38.8253 2.3580 88.3365 2.4731 165.0863 4.3945 152.5864 3.3305 6.2950 1.2969 11.2962 2.4825 157.1547 2.9356
4059 -7.5078 2.0427 -8.2286 1.8942 17.7384 2.5092 41.0209 2.5449 89.3544 2.5153 164.8884 4.2147 150.7072 2.7544 4.6734 1.1738 10.8868 2.4875 157.3853 2.8560
4060 -7.9072 2.0576 -8.0850 2.2160 15.5639 2.5777 43.5604 2.7451 90.0150 2.4233 164.3477 4.4056 148.4647 2.7267 3.1141 1.0521 10.5944 2.4831 157.3556 3.1987
4061 -8.2979 2.2181 -7.6423 2.4550 13.4118 2.3971 45.9151 2.4604 89.9288 2.4667 164.3920 4.7209 146.0220 2.7604 1.3546 0.9296 10.7788 2.5010 157.5754 2.9693
4062 -9.1450 2.5936 -7.3980 2.8398 11.1909 2.0041 48.2211 2.5992 90.0857 2.4553 164.3835 5.0143 143.9008 2.3945 0.3128 1.1723 11.1238 2.5099 158.1604 3.0263
4063 -9.8818 3.0053 -7.1389 3.2081 9.0691 2.1276 50.7418 2.2809 89.9880 2.6032 164.3993 5.0688 141.8267 2.3795 -0.8880 0.9948 12.1227 2.5376 158.1902 2.9224
4064 -9.8901 3.1544 -6.5288 2.8103 7.2214 1.5608 52.7471 2.4682 89.9152 2.5232 164.3222 4.6007 139.9750 2.4530 -1.7163 1.0028 13.3626 2.7356 158.7967 2.6774
4065 -10.2522 3.3795 -5.9693 2.5075 5.3454 1.2334 55.1848 2.5540 88.6875 2.5781 163.9658 4.4133 137.6682 2.6333 -2.5463 0.8710 14.6001 2.7930 159.8867 2.4807
4066 -10.1018 3.2148 -5.0006 2.3836 3.4996 1.1643 57.3985 2.4937 87.3694 2.6097 163.7269 4.2079 135.1826 2.5968 -3.4892 0.5277 16.2354 2.4927 160.8275 1.9685
4067 -10.1956 3.2802 -3.7635 2.2579 1.5157 0.5043 59.0960 2.3931 85.9927 2.5063 163.5226 3.7899 132.9029 2.5524 -4.2312 -0.0244 18.3052 2.4830 162.0758 1.6059
4068 -9.6876 2.9069 -2.3087 2.3118 0.0473 0.5632 60.9573 2.3657 84.2518 2.3752 163.9425 3.3893 130.8454 2.6229 -4.6694 -0.3776 20.8939 2.4608 163.2422 1.3427
4069 -9.3081 3.1098 -1.0575 2.8606 -1.5121 0.1239 62.2994 2.4376 82.5651 2.6612 164.5696 3.0545 128.6614 2.7966 -4.5065 -0.4909 23.4490 2.3644 164.2968 0.8493
4070 -8.9331 2.9271 0.2980 3.0328 -2.6356 0.0028 63.3418 2.2780 80.1997 2.6447 164.5790 2.8725 126.1735 2.5687 -4.6598 -0.1871 25.7155 2.6175 165.4037 0.8857
4071 -8.7012 2.6846 1.2410 3.1988 -3.7541 -0.1370 64.1539 2.4605 77.8844 2.5434 164.8264 2.7509 124.1864 2.4650 -4.9302 -0.4223 27.9932 2.4863 166.3763 0.8578
4072 -8.2340 2.8137 2.4145 3.1350 -4.3758 -0.0036 64.5553 2.5534 75.7100 2.5210 165.2251 2.5238 121.8257 2.5904 -4.9480 -0.7385 29.8712 2.5016 167.0684 0.9032
4073 -7.8227 2.6476 3.9211 3.1732 -4.9569 -0.1219 64.5946 2.5458 73.7227 2.5058 164.7962 2.5309 119.5352 2.5877 -5.0395 -0.3315 31.7955 2.4670 167.3888 1.0300
4074 -6.9604 2.0516 5.6472 3.2490 -4.8617 -0.0476 64.2493 2.5608 71.8126 2.3539 164.3497 2.8378 117.4642 2.6700 -5.1244 0.1908 32.9559 2.4703 168.3435 1.3591
4075 -5.8086 1.6723 6.9689 3.3776 -4.4130 -0.1037 63.6815 2.4242 69.8311 2.4885 163.9287 2.7789 115.0536 2.5310 -5.2328 0.2099 33.6693 2.3048 168.5170 1.4265
4076 -4.5933 1.8358 8.7881 3.0059 -3.1872 0.1530 62.8816 2.5024 68.0523 2.4972 163.0499 3.2059 112.7338 2.5572 -5.6218 0.3664 34.4550 2.5011 168.3012 1.8136
4077 -3.7011 1.8671 10.7194 2.6550 -2.1616 0.2056 61.4979 2.6266 66.0920 2.3656 161.8716 3.4402 110.6469 2.7045 -6.0122 0.7324 35.4354 2.5448 168.5297 2.3938
4078 -2.3052 1.6640 12.9137 2.4976 -1.1541 0.6078 60.4553 2.4151 63.5476 2.7086 160.8229 3.1773 108.5913 2.5673 -6.2778 0.9152 35.8451 2.4892 169.0609 2.8058
4079 -0.3852 1.6500 15.5014 2.4763 0.1092 0.8546 58.4572 2.6431 61.0333 2.6883 159.3285 2.7991 107.0939 2.4261 -6.4525 1.0850 35.5379 2.5103 169.6280 2.9414
4080 1.2673 1.9385 17.6912 2.5682 1.5847 0.9915 56.8447 2.4926 59.0554 2.7911 158.0750 2.6271 106.2277 2.5736 -6.4955 0.6155 35.2192 2.4774 169.9366 3.3754
4081 3.2049 2.0746 20.0843 2.3366 3.5400 1.0374 54.2991 2.5082 56.8441 2.6009 156.5587 2.2529 105.5874 2.6701 -6.7524 -0.0387 34.2497 2.5411 170.2475 3.5765
4082 4.7145 2.2632 22.6486 2.6499 5.9899 1.2270 51.9812 2.2167 54.5795 2.5139 155.2274 1.9606 104.5702 2.5843 -6.6987 -0.3251 33.6609 2.5716 170.2429 3.6858
4083 6.5692 2.4583 24.7187 2.8339 7.7989 1.8476 49.9977 2.4587 52.4269 2.5157 153.6320 1.9177 104.2134 2.4340 -6.9714 -0.6343 32.4025 2.5166 170.0908 3.9885
4084 8.2109 2.4319 27.1445 2.5740 9.0535 1.9825 47.7247 2.4190 50.8529 2.6737 151.5719 1.8076 103.5951 2.5356 -6.8731 -0.7446 30.9018 2.5240 169.8568 3.7512
4085 10.1532 2.4861 29.8491 2.4958 10.0698 2.2316 45.6198 2.4091 49.3474 2.5912 149.4046 2.1252 104.0992 2.5258 -6.6474 -0.9593 29.4648 2.5695 169.8510 3.7012
4086 12.1409 2.5888 31.7491 2.4941 10.9823 2.3250 43.8524 2.5448 47.9661 2.4993 147.0176 2.1179 105.0227 2.5721 -6.6795 -1.1724 27.6335 2.6135 169.8372 3.4996
4087 14.3850 2.3569 34.0113 2.4407 11.6315 2.5245 42.3759 2.6264 46.8473 2.5874 144.9206 2.3454 105.6571 2.5792 -6.3154 -1.1281 25.5988 2.5533 169.5172 3.0544
4088 16.6547 2.2482 36.4973 2.5390 12.1691 2.4807 40.7329 2.4270 46.1961 2.6079 142.7984 2.7523 107.0059 2.6617 -5.6930 -1.0950 23.1569 2.5852 168.9492 2.6139
4089 18.5999 2.5227 38.6561 2.4941 11.9834 2.4588 39.4350 2.5223 45.3747 2.5347 140.3100 2.5681 108.6454 2.6170 -5.3878 -0.6428 21.0546 2.5892 168.7963 2.2245
4090 20.3609 2.4060 40.5834 2.6516 11.7832 2.4560 38.3833 2.5099 44.7556 2.5195 138.2093 2.8701 110.4525 2.5595 -5.7972 -0.1479 18.8525 2.5758 168.0971 1.8409
4091 21.8613 2.3145 43.4842 2.3756 11.7453 2.4603 37.8064 2.4910 44.7634 2.5680 136.2998 2.5093 112.7008 2.4838 -5.9048 0.2190 16.5706 2.5751 167.8675 1.7841
4092 23.4399 2.5171 45.8848 2.5173 11.1798 2.4369 37.5230 2.5108 45.0443 2.5501 134.9424 2.5754 114.9437 2.2884 -5.8968 0.4862 14.0805 2.4916 167.9095 1.7858
4093 24.7104 2.3435 48.2759 2.5653 10.1773 2.4328 37.7165 2.4648 45.5721 2.5366 133.4821 2.5110 117.4229 2.4629 -5.9162 0.9813 11.8987 2.1145 167.9862 1.5693
4094 25.3920 2.4024 50.5047 2.5592 8.7311 2.2702 37.6690 2.4645 46.1880 2.5381 133.0843 2.4676 119.8735 2.5483 -5.5716 1.1527 9.6244 2.0572 168.0558 1.7301
4095 25.9423 2.4173 52.6813 2.5089 6.9659 2.2374 38.0534 2.4488 46.9931 2.4710 132.2883 2.4925 121.9035 2.5000 -5.5545 0.8592 7.5129 1.4663 167.5715 2.0768
4096 26.1940 2.3942 54.6301 2.5683 5.0594 2.0841 39.1058 2.5294 47.7461 2.6060 132.0526 2.4231 123.7681 2.5006 -5.0672 1.0394 5.4431 0.9249 166.7501 2.1041
4097 26.0853 2.5107 56.9566 2.5697 3.2478 2.0214 40.4927 2.6174 48.0605 2.4997 131.4298 2.5278 125.1602 2.3593 -4.8767 0.7392 3.4233 0.8009 166.1569 2.4404
4098 25.5205 2.5101 59.0600 2.2815 1.3426 1.6416 42.5372 2.3819 48.4745 2.5088 131.3899 2.4229 126.3271 2.4032 -4.7096 1.1266 1.1649 0.7626 166.1179 3.3283
4099 25.0784 2.5172 61.3736 2.4075 -0.7440 1.5384 44.7247 2.4377 48.5580 2.4886 131.7888 2.5463 127.2414 2.3632 -4.7605 0.8303 -0.4612 0.4888 165.8193 3.6179
4100 24.1883 2.4908 63.5587 2.3697 -2.1535 1.3077 47.0836 2.4746 48.7345 2.4325 133.0225 2.5426 127.8542 2.4267 -5.1111 0.9857 -2.7367 0.6099 166.1395 4.0652
4101 23.0302 2.5035 66.0791 2.5272 -3.3169 1.0679 49.3415 2.5312 48.6225 2.3804 134.1947 2.5463 128.0177 2.4601 -5.3540 1.3498 -4.1877 0.4923 166.1653 4.8970
4102 21.3390 2.6256 68.5123 2.6202 -4.3187 1.0843 51.7640 2.5765 47.7923 2.3502 135.5058 2.3845 128.1294 2.5063 -5.6292 1.8785 -5.2606 0.3026 166.2220 5.3887
4103 19.5555 2.4423 71.1427 2.4577 -5.0510 1.3045 53.7166 2.5069 46.7746 2.4870 136.8918 2.3809 127.5773 2.6086 -6.2341 2.5734 -6.5723 -0.0903 166.3496 5.7542
4104 17.4868 2.6122 73.5835 2.5136 -5.3626 1.1921 55.5283 2.5076 45.3740 2.4224 138.3027 2.4581 127.2072 2.5591 -6.5586 2.8559 -7.1181 -0.2612 166.8382 5.8417
4105 15.6593 2.6068 75.6972 2.6513 -5.5548 1.1138 57.1105 2.4554 43.7814 2.5005 140.0236 2.3835 126.2342 2.6725 -6.4763 2.9357 -7.5933 -0.3275 167.0059 5.7231
4106 14.6649 2.4623 77.7012 2.6087 -6.0858 0.7215 58.6805 2.4549 42.0603 2.4397 140.8870 2.5226 125.1162 2.5140 -6.5549 2.9860 -7.8279 -0.1414 166.8534 5.3975
4107 13.6710 2.4295 80.0649 2.5750 -5.7173 0.5462 60.2293 2.5573 40.0504 2.6807 141.4534 2.4538 123.7864 2.5030 -6.2779 3.1201 -7.6992 0.0461 165.9984 4.8308
4108 12.3177 2.6113 82.1071 2.4739 -5.7363 0.3200 60.9563 2.5666 37.7401 2.6106 141.8313 2.5668 121.9103 2.6852 -5.6178 2.9383 -7.7683 0.0374 165.5139 4.9019
4109 11.7346 2.6235 84.5865 2.4991 -5.6448 -0.0507 61.4981 2.4514 35.7506 2.5222 141.9454 2.4449 120.3516 2.6980 -5.1481 2.8898 -7.3445 0.1543 165.5652 4.8109
4110 11.0864 2.3804 86.8248 2.3314 -5.6487 -0.4506 62.1643 2.5335 33.4296 2.5483 142.1402 2.4873 118.0637 2.5764 -4.2389 2.8116 -6.9341 0.5135 165.8609 4.6595
4111 10.7634 2.4842 88.8259 2.6796 -5.2549 -0.2742 61.9819 2.5274 30.8925 2.4515 142.0440 2.5720 116.1383 2.6231 -3.5055 3.3125 -6.1195 0.7047 165.9460 4.1979
4112 11.2771 2.5310 91.0987 2.7307 -5.1965 -0.0515 61.3435 2.4504 28.9183 2.3357 141.1414 2.4792 113.7780 2.6634 -2.2454 3.5731 -4.7676 0.7677 166.0885 4.0817
4113 11.1037 2.5422 93.5171 2.6713 -5.1667 -0.1330 60.9659 2.5407 26.9672 2.3520 140.2462 2.4188 111.3450 2.3702 -1.1680 3.6060 -3.1423 0.5974 165.6851 4.2197
4114 11.8276 2.4776 95.4886 2.2993 -4.7649 -0.0552 60.2878 2.4886 24.6778 2.5913 139.3902 2.5425 108.9522 2.4637 0.1114 3.6155 -1.3648 0.1862 165.3528 3.7940
4115 12.9000 2.5457 97.6390 2.6689 -3.8810 0.3529 59.1357 2.4832 22.4126 2.6131 138.4200 2.4752 106.7398 2.4973 1.4680 3.7325 0.3465 0.4934 164.6069 3.2733
4116 14.0392 2.4581 99.5089 2.6228 -3.0775 0.4911 57.9081 2.6082 19.9048 2.3019 137.7544 2.5904 104.5216 2.6172 2.1951 3.7880 2.1751 0.5925 163.6508 3.2594
4117 15.7503 2.3712 101.7019 2.5640 -2.2290 0.4904 56.1800 2.3952 17.7020 2.3821 136.7177 2.5509 102.5805 2.4692 2.7840 3.5950 3.9876 0.6792 162.7925 3.1655
4118 17.9371 2.5890 103.9728 2.4358 -1.4438 0.3334 54.1421 2.4878 15.3413 2.6557 135.8703 2.4364 100.3001 2.3674 3.1616 3.1113 6.1220 0.9555 161.6805 2.6637
4119 20.1810 2.6367 106.0219 2.5596 -0.3706 0.2533 52.3384 2.5053 12.7600 2.6214 135.0634 2.5767 97.8220 2.5592 3.1839 2.8734 7.9788 1.3770 160.6977 2.6489
4120 22.6380 2.4850 107.6426 2.5772 1.0374 0.4910 50.1025 2.3786 10.5643 2.7617 134.7339 2.3836 95.8452 2.4390 2.7103 2.7345 10.1061 1.6021 159.5209 2.7322
4121 24.9751 2.6184 108.9454 2.5593 2.5494 0.5995 47.5937 2.5748 8.4480 2.6989 134.7670 2.5318 93.6636 2.5420 2.2408 3.2272 12.4651 2.2216 158.2037 2.5770
4122 27.0583 2.4015 109.9175 2.4479 4.0650 0.8059 45.6226 2.7075 6.1488 2.4901 134.6341 2.5010 91.3364 2.4279 2.0680 3.7065 15.0288 2.2997 156.7127 2.7812
4123 29.0694 2.5052 110.6886 2.4989 5.9738 1.0647 43.0725 2.6134 4.2959 2.4013 135.2348 2.4759 89.0023 2.6290 1.3142 3.9971 17.3551 2.6488 155.6188 2.7502
4124 31.8762 2.3242 111.3669 2.5055 7.6682 1.3125 40.8104 2.4774 2.4923 1.7699 135.9344 2.5273 86.9829 2.5547 1.4247 4.1416 19.4850 2.5734 154.1543 2.6449
4125 34.1371 2.4566 111.5800 2.5813 9.7269 1.6519 38.5592 2.6364 0.1938 1.8185 136.7326 2.4626 84.2569 2.5535 0.8641 4.2861 21.5756 2.5593 152.4597 2.6092
4126 36.3038 2.5724 111.2473 2.4740 12.0847 2.1418 36.2378 2.5058 -1.2382 1.2843 137.8887 2.5055 82.1267 2.6967 0.0122 4.2391 23.8996 2.4738 150.2545 2.3605
4127 38.3801 2.4164 111.0261 2.4842 14.3141 2.2688 33.7582 2.4341 -2.8614 0.8907 139.3734 2.3121 79.8091 2.5041 -0.6923 3.9810 25.9807 2.5399 148.1757 2.1495
4128 40.8091 2.4272 110.5211 2.4380 16.8275 2.3922 31.7762 2.4640 -4.0535 0.4965 141.0065 2.4427 77.5539 2.3740 -1.1653 3.9449 27.9772 2.6749 145.5711 2.5205
4129 43.1692 2.5590 109.3341 2.4597 19.4209 2.4321 29.4041 2.5278 -4.9623 0.5052 143.1963 2.4255 74.9130 2.4584 -1.5439 4.0587 29.8418 2.4054 143.6270 2.5196
4130 44.5072 2.4046 108.1374 2.3409 21.8426 2.5710 26.8324 2.6677 -5.6230 0.2277 145.0791 2.4516 72.5681 2.3053 -1.4416 3.9988 31.8625 2.4039 141.6769 2.4441
4131 46.4237 2.7685 107.0361 2.5651 24.0622 2.3539 24.4208 2.4571 -6.3006 0.4695 147.0237 2.6113 70.3349 2.4542 -1.1023 4.1336 33.9312 2.3540 140.2593 2.3220
4132 48.2302 2.5054 105.5109 2.5703 26.3368 2.5518 22.1505 2.4232 -6.3990 0.3271 148.8512 2.4744 68.1706 2.5797 -0.5642 4.1330 36.7137 2.3408 139.5662 2.4548
4133 49.9328 2.5191 103.1931 2.3003 28.6828 2.4114 20.2037 2.4616 -6.3399 0.5863 150.9648 2.2979 66.0032 2.7612 0.6794 4.3885 39.0060 2.4910 138.9483 2.4761
4134 50.7678 2.4343 100.7085 2.3454 31.1294 2.4790 18.0830 2.4024 -6.1370 0.5457 152.8084 2.0251 63.5270 2.5228 1.9622 4.3560 41.3098 2.3529 138.6633 2.5900
4135 51.1612 2.4982 98.2392 2.4787 33.2056 2.4130 16.7618 2.4102 -6.0710 0.2186 155.2127 1.9339 61.2823 2.5141 3.2359 4.2205 43.6661 2.4581 138.3574 2.4759
4136 51.5402 2.5749 96.2940 2.3989 35.5736 2.3569 15.4792 2.4495 -5.4147 0.1162 156.6746 1.6833 58.7471 2.4271 4.5556 3.7816 46.0038 2.5919 138.5967 2.4341
4137 51.4871 2.4570 94.8938 2.5714 37.9764 2.4998 14.2140 2.5404 -4.6707 0.0213 158.5487 1.5168 56.3720 2.3632 5.3483 3.7032 48.0750 2.6062 138.9185 2.6624
4138 51.3859 2.5255 93.8684 2.5720 40.2671 2.4234 13.3706 2.4475 -3.6030 0.2156 160.2983 1.0413 53.7978 2.4527 6.6481 3.0016 50.0817 2.5855 139.5847 2.5415
4139 50.9059 2.5234 93.3878 2.5257 42.4076 2.2935 12.9575 2.4302 -2.3789 0.5727 161.6993 1.1153 51.4980 2.5083 7.7199 2.7919 52.3177 2.5044 140.1824 2.6285
4140 50.3184 2.4836 92.3667 2.5543 44.6335 2.5400 12.7110 2.4698 -1.5132 0.9618 163.3236 1.1630 49.3176 2.5274 8.3442 2.6453 55.1152 2.3822 141.8482 2.6823
4141 49.4044 2.4971 92.1562 2.5858 46.8668 2.3164 12.8057 2.4826 -1.1112 1.2386 164.8615 0.9710 47.1497 2.7542 9.0125 2.5662 57.2033 2.4585 143.1883 2.5056
4142 47.4942 2.5729 91.9232 2.5077 49.1923 2.4796 13.0153 2.5156 -1.2084 1.7399 166.1694 0.8922 44.9205 2.5993 8.6355 2.4923 58.4428 2.5267 145.1778 2.3464
4143 45.9740 2.4979 92.1436 2.5216 51.3797 2.7260 13.5052 2.4727 -0.9649 2.3793 167.5581 1.4863 42.5157 2.4776 8.7986 2.4346 59.6731 2.3579 147.0448 2.3001
4144 43.8810 2.4581 92.0583 2.4994 54.0986 2.5621 14.4682 2.4564 -0.8679 3.1517 168.5764 1.6974 40.3676 2.5390 8.1718 2.3295 61.0909 2.3937 149.8443 2.1386
4145 41.5594 2.4168 92.2063 2.4947 56.5699 2.2674 15.4715 2.4254 -1.7327 4.0168 169.3130 2.3214 38.2527 2.4043 7.3751 1.9103 62.1735 2.4388 151.7666 1.9742
4146 39.1105 2.4693 93.8152 2.5718 58.8136 2.5208 17.0118 2.4556 -1.8088 4.4015 170.0588 2.9738 36.4405 2.3494 6.3458 1.7496 62.6287 2.4973 153.3573 1.9153
4147 36.3790 2.5504 94.6576 2.5895 60.9817 2.3938 18.7802 2.4996 -2.7019 4.4084 170.4989 3.7852 34.3078 2.2535 5.3423 1.6476 62.8945 2.4814 155.8048 1.8030
4148 33.9991 2.8030 96.5254 2.3421 63.3019 2.4105 20.9678 2.4692 -3.0589 4.5862 170.5367 4.3531 32.0010 2.1334 3.9718 1.6598 63.0551 2.5308 157.9102 1.0862
4149 31.7635 2.4781 98.6376 2.6323 65.7320 2.6433 23.2956 2.3772 -3.7961 4.6430 170.6698 4.7775 29.6887 2.3964 2.3681 1.8461 62.9398 2.5346 160.0196 0.7129
4150 29.3602 2.5539 100.9388 2.6589 67.9525 2.5245 25.2425 2.4903 -4.2379 4.3106 170.2539 5.0744 27.5712 2.3815 1.0460 1.8096 62.6109 2.4931 161.8974 1.1536
4151 27.6141 2.7793 103.3499 2.4622 69.9141 2.3113 27.8599 2.5045 -5.4429 3.9613 169.5730 4.8390 25.1993 2.4386 0.0285 2.1181 62.3010 2.4836 163.1653 1.1601
4152 25.2493 2.5919 105.8254 2.4218 72.3202 2.5066 30.1066 2.7217 -6.2917 4.1700 169.2137 4.8344 22.8047 2.5184 -1.2752 2.5910 62.1467 2.5483 163.7542 0.8468
4153 23.1329 2.8084 108.4029 2.4332 74.8517 2.6069 32.4400 2.7574 -7.3363 4.0489 168.8145 4.6467 20.9270 2.4951 -2.1202 3.2936 62.2192 2.4903 164.1742 1.1486
4154 20.9113 2.6213 111.1320 2.3700 77.2621 2.4355 34.4199 2.4000 -8.3238 3.6666 168.6598 4.5180 18.4725 2.6036 -2.9932 3.8347 61.6390 2.5331 165.1799 1.0200
4155 18.6975 2.5858 112.3894 2.3962 79.8070 2.2883 36.5489 2.3427 -9.0693 3.4243 168.3733 4.4245 16.3441 2.5391 -3.8066 3.7143 61.4862 2.5724 165.4489 0.9671
4156 16.4543 2.6424 113.5881 2.3196 82.1175 2.3435 38.5569 2.6333 -9.8716 3.3688 168.0636 4.0436 14.2042 2.6536 -4.8226 4.3964 60.8091 2.5618 165.6625 1.8924
4157 14.5428 2.5344 114.5037 2.4725 84.3793 2.5716 41.0527 2.5801 -10.2398 3.2087 167.9110 3.6185 11.9466 2.6976 -5.4518 4.8877 60.6745 2.4915 166.2633 2.3977
4158 12.3007 2.8115 115.0357 2.4884 85.9387 2.4210 43.3620 2.5118 -10.5740 3.5185 167.6763 2.9649 9.8790 2.4087 -5.9527 5.1248 60.7234 2.5376 166.7024 2.4413
4159 9.9293 2.7556 115.6190 2.5266 88.4983 2.4660 45.6904 2.3658 -10.7546 3.2841 167.3589 2.6373 7.6661 2.5069 -6.6492 5.5642 61.1585 2.4597 167.1258 2.9083
4160 7.6508 3.1772 115.9599 2.5339 90.7900 2.5426 47.8875 2.3563 -10.5528 3.2855 166.7001 1.8133 5.8056 2.8107 -7.1325 5.6033 61.8343 2.5447 167.6100 3.2733
4161 5.2167 3.5237 115.9823 2.4518 93.1998 2.3641 50.3144 2.5759 -9.8437 2.8501 166.3568 1.3880 4.0433 3.0353 -7.3229 5.3882 62.9617 2.4330 168.1487 3.6701
4162 3.4780 3.9044 115.6998 2.3766 94.9039 2.4710 52.4504 2.5143 -9.1929 2.8272 166.6101 0.9744 2.4091 3.5745 -7.5986 4.9651 64.0639 2.4836 168.2849 3.9421
4163 1.3171 3.9256 114.9454 2.5431 97.4067 2.3686 54.7370 2.4524 -8.0039 2.3506 167.1633 1.0386 0.7611 3.9224 -7.6517 4.3995 64.8987 2.4492 168.0972 3.5804
4164 -0.8151 4.3510 114.2466 2.3429 99.4107 2.4560 57.1404 2.2595 -6.9629 2.3628 167.3047 0.3534 -0.4303 4.0916 -7.7260 4.0850 65.8233 2.4084 168.0447 3.2504
4165 -2.4853 4.1593 113.6749 2.5286 101.6133 2.4922 59.3593 2.3621 -5.7013 2.9309 167.7072 0.3657 -1.4557 3.9851 -8.0355 3.6809 66.8751 2.5167 168.1754 3.1320
4166 -3.9975 4.1500 112.8725 2.4433 104.0235 2.4004 61.1758 2.3227 -4.5246 3.4296 168.6046 -0.0492 -2.6548 4.4336 -8.4763 3.1018 67.6750 2.5748 168.2652 2.4221
4167 -5.0081 3.6820 112.1498 2.5542 106.4170 2.2453 63.3466 2.5227 -3.3503 3.8510 168.6839 -0.4661 -3.7894 4.4873 -8.9677 3.1657 68.1074 2.5098 168.4140 2.0623
4168 -6.1688 3.4015 111.3089 2.5617 108.3243 2.4610 65.3344 2.4146 -2.0073 3.8734 169.0873 -0.8529 -4.6483 4.9093 -9.1009 3.8118 68.6083 2.5177 168.4731 1.9195
4169 -6.7081 2.9369 110.4732 2.4568 110.7039 2.4723 67.4905 2.5512 -0.5472 3.6999 169.0476 -1.0027 -5.2104 4.9807 -9.4098 4.1005 68.8055 2.5026 168.4507 1.8203
4170 -7.2600 2.4805 110.1139 2.5943 112.7933 2.5362 69.2858 2.6251 1.0798 3.6805 168.6332 -0.9422 -5.4710 4.7950 -9.6196 3.7472 68.8403 2.4979 168.5145 1.8065
4171 -7.9390 1.9976 109.8676 2.5465 114.9617 2.4242 70.5277 2.5922 3.2109 3.5818 168.1034 -0.6507 -5.5210 4.8043 -8.9574 3.2950 68.0089 2.4391 168.4797 1.5250
4172 -8.5798 1.5718 110.1455 2.4698 117.0989 2.6022 71.8907 2.6106 5.1362 3.2528 167.5842 -0.3340 -5.0791 4.5768 -8.7035 3.1737 67.5537 2.5771 168.2599 1.3965
4173 -9.1150 1.2670 110.2631 2.5759 119.0455 2.5569 72.9260 2.6054 7.0364 3.0112 166.8602 0.2828 -4.3728 4.7623 -8.4991 2.5534 66.5194 2.5264 168.2718 1.4775
4174 -9.1490 1.0848 110.9373 2.4843 120.8065 2.5517 73.3825 2.4938 9.1868 3.0395 166.5629 0.7956 -3.5915 4.6227 -8.0271 2.2310 65.4268 2.5856 167.8032 1.8748
4175 -9.6626 0.9146 112.0782 2.4518 123.4006 2.4540 73.6192 2.4617 11.4077 2.9585 166.1600 1.1232 -2.8465 4.3444 -7.5264 2.2872 63.5971 2.4898 167.4872 1.8886
4176 -9.9501 1.1895 113.6473 2.3077 125.8495 2.6115 73.7543 2.5289 13.5593 2.7767 165.5868 1.5682 -2.4216 4.0082 -7.1908 2.2315 61.5327 2.5195 167.2792 2.4955
4177 -10.2504 1.1311 115.4772 2.5410 128.0788 2.6424 73.4909 2.4534 15.4769 2.5684 165.3085 1.8469 -1.7648 3.8200 -6.8441 2.8338 59.1990 2.6057 166.6903 2.6186
4178 -9.8444 1.4589 117.3596 2.4418 130.4321 2.5769 72.9319 2.4999 17.7870 2.5786 164.6665 2.6710 -1.6311 3.5734 -6.6354 3.5390 56.7232 2.4205 165.9818 2.8806
4179 -9.2502 1.6716 119.6230 2.6491 132.6450 2.5864 72.2681 2.5334 20.5976 2.6023 163.8660 2.5973 -1.3197 3.0905 -6.3278 3.5465 54.3016 2.3417 165.7971 3.3622
4180 -9.2107 2.1831 121.9917 2.4851 134.5047 2.4934 70.9371 2.5492 22.6425 2.3697 162.3062 2.7842 -1.4772 2.9793 -5.8675 3.6597 52.2528 2.5731 165.1820 3.8396
4181 -8.5741 2.4499 123.9481 2.3740 136.6530 2.6589 69.3331 2.4756 24.4596 2.5211 160.8783 2.8251 -1.6522 3.0737 -5.3015 3.4246 50.6581 2.3364 165.1051 4.4518
4182 -8.4738 3.0201 125.9414 2.4406 138.5846 2.6133 67.3288 2.3117 26.2209 2.4137 159.7120 2.9171 -1.2604 3.1473 -4.9963 3.1669 49.5267 2.4350 164.3371 4.3600
4183 -8.4678 3.2604 128.2986 2.5144 140.8180 2.4900 65.0379 2.5402 27.5156 2.4314 158.1757 2.4670 -1.0103 3.0623 -4.6679 3.0305 48.4406 2.4909 163.5563 4.7441
4184 -8.5856 3.3437 130.4797 2.4693 143.0340 2.4542 62.6715 2.6977 28.5198 2.4485 156.6795 2.7586 -0.9016 2.9249 -4.8247 2.5774 47.6075 2.4892 162.6205 4.6600
4185 -8.0187 3.2084 132.4437 2.3978 145.3268 2.5932 60.3812 2.5190 29.5564 2.4358 155.9622 2.8402 -0.6453 2.7287 -4.8589 2.6186 47.0309 2.3629 161.3695 4.6414
4186 -7.8995 3.3030 134.6115 2.5373 147.7333 2.5367 58.1441 2.4764 30.3641 2.4944 155.2092 3.0836 -0.6687 3.0917 -5.4667 2.5364 46.6139 2.4689 160.1614 4.2863
4187 -7.3602 3.0560 136.8852 2.4431 149.7951 2.5742 55.9716 2.4599 30.1399 2.4840 154.7852 2.9531 -0.9971 3.5585 -5.6171 2.8557 46.6219 2.5277 158.4119 4.1342
4188 -6.8051 3.1954 139.1817 2.3495 151.9552 2.8442 54.2574 2.3464 30.0897 2.4485 154.2424 2.7954 -1.5119 3.7847 -5.7649 3.1277 46.6769 2.5789 157.2139 3.5995
4189 -6.4333 3.2047 141.4568 2.4886 154.0112 3.5117 51.8413 2.5157 29.4203 2.4339 153.8889 2.7140 -1.9944 3.5517 -5.9098 3.5494 47.5445 2.4848 156.1110 3.1245
4190 -5.6686 2.9683 144.0356 2.4272 156.2741 3.7090 49.3298 2.5957 28.6640 2.5221 153.2901 2.4760 -2.2106 3.2742 -5.7251 3.6901 48.5700 2.4753 155.5656 3.0470
4191 -4.9498 3.0393 146.3233 2.2044 158.6402 3.8296 47.1077 2.6069 27.6267 2.3823 152.8768 2.6283 -2.6833 3.2224 -5.8118 3.2164 49.4816 2.4561 154.8471 2.7566
4192 -4.7646 3.2035 148.3422 2.1623 160.7296 4.2896 44.9350 2.6226 26.3945 2.4785 152.9486 2.7599 -3.2476 3.2774 -6.2380 2.9259 51.0525 2.5345 154.6605 2.5753
4193 -4.6598 2.9135 150.7166 1.8458 162.2452 4.4669 42.5494 2.4780 24.7828 2.5936 153.0314 3.1410 -3.6611 3.4673 -7.0749 2.8920 52.8764 2.5220 154.9601 2.2306
4194 -4.4811 2.1815 153.0775 1.6860 163.6969 4.5039 40.7026 2.5307 23.1434 2.4981 154.0841 3.5746 -4.0879 3.4704 -7.7279 2.4420 54.9211 2.4804 155.3800 2.0256
4195 -4.3788 2.1216 155.0130 1.6335 165.3001 4.6678 38.1630 2.6680 21.2066 2.4394 155.2876 3.7453 -4.1121 2.9794 -8.2573 2.0440 56.9739 2.6152 156.0703 2.0207
4196 -4.2054 1.7915 156.9847 1.5683 166.2519 4.8975 35.8437 2.5042 18.5579 2.3702 156.7078 4.0579 -4.5141 3.0971 -8.7821 1.7997 59.3441 2.4021 157.2472 1.8366
4197 -3.8766 2.2158 158.7842 1.6755 167.0435 4.5289 33.5567 2.4237 16.1950 2.2903 158.3378 4.0724 -5.0179 2.9865 -8.8925 1.5274 61.3142 2.5769 158.4409 1.8832
4198 -3.8084 2.5313 160.8691 2.1665 167.4051 4.7869 31.6701 2.3995 13.9341 2.5300 160.2439 4.2291 -4.9799 2.2577 -9.1231 1.2332 63.4682 2.5086 159.6957 1.8939
4199 -3.6727 2.4680 162.6223 2.4513 167.6228 4.7080 29.3938 2.5497 11.7847 2.7743 162.0232 4.5649 -5.5804 1.4144 -8.8284 0.7181 65.5359 2.7417 161.1709 1.7537
4200 -3.8595 2.8550 164.0757 2.8313 167.9293 5.0883 26.9354 2.4916 9.7899 3.1399 163.6754 4.1423 -6.0153 1.1345 -8.3395 0.1577 67.8764 2.7105 162.6725 2.0089
4201 -3.4631 2.9717 165.6372 2.9041 168.1756 5.0168 24.9197 2.2216 7.4871 3.5140 165.2523 4.1185 -6.8278 0.9299 -8.1485 0.0772 69.7358 2.5080 164.4443 2.0856
4202 -4.0862 3.7802 167.2051 3.1048 168.0823 4.8895 22.4298 2.4915 5.4014 3.7448 166.5916 4.1269 -7.3010 0.6997 -7.8047 -0.2455 71.9938 2.6924 165.9483 2.3415
4203 -4.3213 4.3261 168.2808 3.1483 167.9690 4.7291 20.2677 2.5369 3.8383 3.9860 167.4100 4.0628 -8.1764 0.9112 -7.7789 -0.8311 73.4969 2.5965 167.1824 2.8810
4204 -4.9516 5.0999 168.7693 3.2471 167.4806 4.2630 17.8041 2.4559 1.9903 4.3000 168.1895 3.6704 -8.5978 0.6698 -8.0407 -0.7453 74.7494 2.4735 168.2431 3.2679
4205 -5.7253 5.0533 169.3854 2.8472 166.5864 4.0123 15.7432 2.4996 0.0533 4.5335 168.4988 3.2898 -9.3011 0.4589 -7.9488 -0.5651 75.7909 2.4530 168.5267 3.4710
4206 -6.0492 4.9308 169.6227 3.2747 165.7970 3.6976 13.7235 2.7167 -1.7179 4.7663 168.3626 3.2097 -9.4235 0.1778 -7.9058 -0.6954 76.8045 2.6090 169.4425 4.0179
4207 -7.0760 4.5599 169.9161 2.5803 164.9428 3.7543 11.5133 2.8658 -3.3430 4.8533 168.2195 3.3297 -9.6331 0.4923 -7.9498 -0.6844 77.5256 2.5269 169.5983 4.3606
4208 -7.5219 4.0906 169.6556 2.4269 163.8398 3.8848 9.2021 2.8503 -4.4217 5.2840 168.3911 3.1018 -9.6043 0.8325 -8.1825 -0.6745 78.0166 2.4438 170.1217 4.4643
4209 -7.9207 3.5862 169.2295 2.2865 161.9749 3.7332 7.3946 3.3558 -4.8157 5.3607 168.5550 2.6852 -10.0348 1.5436 -7.7869 -0.7926 78.0425 2.5818 170.5174 4.9341
4210 -8.1201 2.8611 168.9167 2.0337 160.6947 3.7358 5.5028 3.5811 -5.0619 5.5997 167.9834 2.1899 -10.5141 1.7133 -7.5786 -0.7593 77.7929 2.5452 170.5456 5.1311
4211 -8.2240 2.4107 168.2844 1.6120 159.2601 3.8017 4.2352 3.7803 -5.7441 5.3772 167.7230 1.6989 -10.3749 1.9669 -7.9013 -0.7616 77.3456 2.5589 170.8831 4.8736
4212 -8.0315 2.2896 168.2484 1.7355 157.7292 3.6117 2.8525 3.6199 -6.2386 5.8140 167.1087 1.2839 -10.8015 2.6147 -7.8161 -0.6104 77.1276 2.5989 170.6408 4.6431
4213 -8.1211 1.8638 168.2486 1.1800 156.4589 3.7794 1.5711 3.4756 -6.0040 5.6390 166.2989 1.1039 -10.9464 3.2337 -7.5269 -0.6058 76.4704 2.5253 170.2434 4.8759
4214 -8.1615 2.0307 168.2528 0.9603 154.9160 3.5120 0.3367 3.5612 -6.3026 5.8628 165.6227 1.1835 -11.2351 3.2082 -7.6413 -0.2961 75.7908 2.4576 170.2956 4.5492
4215 -8.0192 1.8707 167.8299 0.4672 153.0230 3.3938 -0.7576 3.6326 -6.7856 5.9696 164.8685 1.5673 -11.0851 3.1383 -7.8189 -0.1806 75.2733 2.5305 169.9965 4.0133
4216 -7.8658 1.4810 167.6413 0.0239 151.0671 3.1992 -1.5400 3.6875 -7.0933 5.6801 164.1413 1.8747 -10.7152 2.8281 -7.6441 -0.1018 74.4225 2.5129 169.1050 3.6601
4217 -7.6804 1.5060 167.5071 -0.3206 149.3416 2.5554 -1.9216 3.8568 -7.0903 5.7122 163.6337 1.8210 -10.1014 2.7595 -7.6874 0.2373 74.0252 2.5566 168.9975 3.1545
4218 -7.6229 1.4305 166.7983 -0.2986 147.0698 2.5974 -2.5530 3.7141 -6.9584 5.4430 162.6186 1.9831 -10.2707 2.8710 -7.4784 0.6590 73.4750 2.4670 169.1620 2.8823
4219 -7.0894 1.2334 167.2011 -0.2863 145.1071 2.5470 -3.0173 3.7781 -6.5175 5.2037 161.4260 1.6024 -9.7048 3.0206 -7.1618 1.2021 73.5675 2.4622 169.3204 2.4847
4220 -6.5180 1.0015 167.5029 -0.1028 142.3075 2.4484 -2.8462 3.9227 -6.0460 4.8669 160.4191 1.5013 -9.5867 2.5933 -7.0417 1.5210 73.6898 2.4741 169.6173 2.0725
4221 -5.8801 0.8319 167.8483 0.3700 139.8857 2.3434 -2.3406 3.8283 -5.7459 4.2577 159.2893 1.1762 -9.1236 2.2774 -6.9908 1.8351 74.1276 2.4441 169.7832 1.5464
4222 -5.6880 1.0386 168.1558 0.6503 138.4271 2.5942 -1.4617 3.9118 -5.4854 3.3234 158.3986 1.4198 -8.8248 1.5186 -7.0618 2.1972 74.5457 2.4807 169.6932 0.7479
4223 -5.2991 0.8786 168.4664 1.3482 136.0432 2.3999 -0.0345 4.1479 -5.2811 3.0266 157.0587 1.1543 -8.0823 1.2020 -7.3968 2.3624 75.3963 2.5765 170.2419 0.3430
4224 -5.1701 1.0543 168.4182 1.5090 133.7024 2.3638 1.3557 4.0331 -4.9506 2.8358 155.8081 1.3530 -7.7123 1.1414 -6.5997 2.2488 76.7741 2.5032 170.2092 0.1685
4225 -4.4390 1.2724 168.7343 1.9199 131.4631 2.5183 3.2457 3.8458 -4.4968 2.6059 154.7539 1.5612 -7.3462 0.7775 -6.4293 2.5102 77.6274 2.4389 169.6372 0.3029
4226 -4.3852 1.8955 168.9828 1.9443 129.3403 2.5073 4.6355 3.1919 -3.9344 2.5415 154.2114 1.8694 -7.1050 0.1612 -6.2657 3.5120 78.7625 2.5374 169.4376 0.4588
4227 -5.0354 2.7277 169.3909 1.7482 127.0634 2.5700 6.4796 2.9366 -3.1241 2.6562 153.4601 2.1171 -7.2075 0.0631 -6.2630 4.2738 80.1840 2.4696 169.4702 0.9371
4228 -5.4434 3.2219 169.8783 2.2169 124.9842 2.6166 8.0238 2.5547 -2.1577 2.2627 153.4017 2.3037 -7.6564 0.0030 -6.3426 4.9358 81.0034 2.6277 168.9906 1.3790
4229 -5.9847 3.5766 169.5128 2.4571 122.4419 2.6783 10.0917 2.4931 -1.0005 2.1037 152.9270 2.4102 -7.5945 0.0518 -6.3082 5.7225 81.5923 2.5580 168.6662 2.2805
4230 -6.8202 3.6876 169.6260 2.8017 120.0101 2.3285 12.4056 2.5313 0.0519 2.0641 152.9042 2.5542 -7.6043 0.2636 -6.0344 5.7976 81.8778 2.4008 168.5538 2.3376
4231 -7.3406 3.7194 169.2163 3.1613 118.2628 2.3371 14.9197 2.5653 1.8681 1.8921 153.6045 2.7820 -7.2862 0.4468 -6.2648 5.4275 81.5550 2.5380 168.8250 2.6212
4232 -7.5010 3.6928 168.3862 3.1095 115.9582 2.3149 17.0222 2.4309 4.4958 1.7332 154.1559 2.7904 -7.2321 0.7102 -6.1866 4.8428 81.1360 2.5648 169.4097 3.0351
4233 -7.9574 2.8380 167.5547 3.4336 114.1296 2.5839 19.7125 2.4543 6.4900 1.8760 154.7359 2.8006 -6.8244 0.6239 -5.8743 4.1134 80.9073 2.4510 170.0028 3.4307
4234 -8.3794 2.1283 166.5963 3.7651 111.9802 2.3856 22.0075 2.2054 8.4272 1.9598 155.5854 2.8375 -6.9062 1.2806 -5.9303 3.2766 79.6894 2.6202 170.8150 3.5430
4235 -8.9822 2.0850 165.2589 3.5102 109.6321 2.4772 24.3720 2.5278 10.4864 2.0616 156.8999 2.6872 -7.2007 1.6040 -6.1188 2.6287 78.3732 2.7133 171.2883 3.8115
4236 -9.4107 2.0550 164.0523 3.2674 107.7392 2.4323 26.6841 2.5043 11.9847 2.3254 158.3317 2.3701 -7.5396 1.6450 -6.1343 1.8937 77.2293 2.5006 171.6212 3.8754
4237 -9.4592 2.1165 162.3662 3.0571 105.3354 2.5928 29.0020 2.4277 13.5108 2.5315 160.1808 2.2740 -8.0031 1.6610 -6.0750 1.4491 75.2959 2.4811 171.2194 3.7702
4238 -9.5850 2.0918 160.7791 3.0181 103.0816 2.4773 31.2717 2.5808 14.6095 2.4809 162.3217 2.3699 -8.5390 1.6962 -6.4378 1.3021 73.6931 2.5697 171.0205 4.0156
4239 -9.8630 1.8896 158.9544 2.7045 100.5904 2.6493 33.8731 2.4361 15.0486 2.4287 163.9311 2.0552 -8.5549 1.7365 -6.6214 1.1535 72.0224 2.6234 171.0054 4.2854
4240 -9.8028 1.7489 157.4312 2.5162 98.1340 2.4927 36.3649 2.3970 15.9708 2.4545 165.5851 2.2387 -8.4362 1.5860 -6.7090 1.0905 70.6474 2.5111 170.6181 4.5567
4241 -10.1982 1.1056 155.4617 2.4144 96.0456 2.6121 38.0897 2.4289 16.3403 2.5485 167.2197 2.6387 -8.1984 1.5419 -7.2293 1.8437 68.9766 2.4667 170.3675 4.9253
4242 -10.4724 1.1361 153.2849 2.5454 93.8121 2.5889 40.4472 2.5083 16.3091 2.4079 168.1515 2.8815 -8.2340 1.8515 -7.3552 1.7739 67.8773 2.6090 169.9488 4.9436
4243 -10.8496 1.0563 150.5466 2.5503 91.5364 2.4824 43.0773 2.3719 16.4487 2.5254 169.0207 3.1630 -8.3865 1.9746 -7.7467 1.8625 67.1721 2.5492 169.5249 4.8445
4244 -10.6111 0.8332 148.4338 2.7671 89.4330 2.5244 45.4895 2.5435 15.9383 2.4522 169.6261 3.5677 -8.4447 2.4451 -7.7493 2.1568 66.3813 2.3445 169.5000 4.3662
4245 -10.5994 0.9603 146.3749 2.7248 87.2242 2.5930 46.9949 2.5804 14.9809 2.5027 169.7103 3.8808 -8.0425 3.5964 -7.9036 2.7190 65.9163 2.4685 169.1675 4.1838
4246 -10.5631 1.3860 144.0188 2.8159 84.9004 2.6730 48.4585 2.5664 13.6356 2.4691 169.9401 4.0752 -8.6707 3.7592 -7.9847 3.0955 65.5014 2.4334 168.8281 3.6459
4247 -10.4248 1.3937 142.2224 2.6337 82.7379 2.5195 49.8131 2.4972 12.2306 2.5642 170.3145 4.2161 -8.9340 4.0952 -7.8743 3.0551 65.3420 2.5410 168.6143 3.6347
4248 -10.4957 1.8346 139.8248 2.5086 80.7248 2.5532 50.8984 2.4927 10.9184 2.1299 170.2711 3.9067 -9.5263 3.9127 -8.0299 3.2521 65.1542 2.5226 168.3814 3.8364
4249 -10.1385 2.2416 137.0991 2.5183 78.7937 2.4140 51.1997 2.5004 8.9188 1.7081 169.9608 3.8986 -9.5867 4.0189 -7.9033 3.7376 65.0958 2.4661 168.5459 4.0696
4250 -9.9429 2.7589 135.0948 2.4539 76.6457 2.6381 51.4004 2.5054 6.9310 1.4827 169.8233 4.1897 -10.3870 4.1499 -7.2259 3.9306 65.0520 2.5399 168.4474 4.2066
4251 -9.5245 2.3841 132.7314 2.7290 74.1022 2.6224 51.3306 2.4346 5.2588 1.2551 169.4993 4.6222 -10.3634 4.2045 -6.9617 4.2165 64.6509 2.3664 168.3719 4.6364
4252 -9.0879 2.1050 130.2175 2.8016 71.9361 2.5965 51.2551 2.4891 4.0587 0.5702 169.1219 4.9098 -10.4471 3.8918 -6.3473 4.3797 64.3661 2.4608 168.2424 4.9021
4253 -8.3125 1.9295 128.2107 2.4547 69.6898 2.4316 50.7791 2.5913 2.2164 0.4739 168.5730 5.5675 -10.5665 3.5223 -5.8157 4.6638 63.6834 2.5413 167.9927 4.7807
4254 -8.1335 1.6274 126.0118 2.4611 67.5324 2.6129 50.0601 2.4850 1.0024 0.7504 168.3345 5.7620 -11.1638 3.2508 -5.0640 4.7448 63.2954 2.4064 168.1279 4.3961
4255 -8.3147 1.5053 123.7439 2.4013 65.2038 2.6112 48.8301 2.5329 -0.0196 0.6221 168.3644 5.6937 -10.7375 3.0948 -4.6817 4.6581 62.3252 2.4213 167.8567 3.9984
4256 -8.4844 1.7162 121.5458 2.4026 63.2594 2.4279 47.5658 2.4981 -0.3284 0.7718 168.3277 5.5084 -10.7838 2.8112 -4.4123 4.4865 61.0255 2.5128 167.8239 4.0785
4257 -8.6466 1.3723 118.9741 2.4219 61.0581 2.6722 45.9921 2.5242 -0.4664 0.6117 168.5083 5.3555 -10.5435 2.5943 -4.5038 4.4109 59.6066 2.5024 168.1930 3.5050
4258 -8.7294 1.0748 116.6279 2.5760 58.5761 2.4700 44.3970 2.4471 -0.6375 0.6243 168.4920 5.0320 -10.1933 2.7547 -5.0200 4.3943 57.4316 2.5369 168.2196 3.4178
4259 -8.2996 0.7837 114.1020 2.6507 56.5363 2.4982 43.1026 2.5701 -0.3741 0.5254 168.8736 4.5724 -9.8270 3.0624 -5.3795 4.4342 55.1296 2.6039 168.3406 3.1166
4260 -8.1867 0.4869 111.9399 2.6204 54.0994 2.3988 42.0240 2.6635 0.0080 0.4594 168.7389 4.4977 -9.1745 3.7514 -5.9899 4.0801 52.9208 2.6130 168.5933 3.0735
4261 -8.1075 0.3900 109.4272 2.5260 52.0899 2.3902 41.4407 2.5513 0.7619 0.6602 168.7139 3.4805 -8.3228 3.8635 -6.2706 3.5516 50.8087 2.4503 168.4891 3.2059
4262 -8.2944 -0.2480 107.3268 2.5117 49.7643 2.2916 41.0568 2.5419 1.9997 0.7360 168.4848 3.0341 -8.0866 3.6115 -6.9823 3.2694 48.3211 2.4455 168.7593 3.5688
4263 -8.4401 -0.3904 105.8739 2.5058 47.3920 2.5540 41.0441 2.4434 3.2246 0.7264 168.2310 2.3900 -8.0950 3.7392 -7.5632 3.0419 45.6523 2.8342 168.8735 3.8504
4264 -7.6722 -0.5383 103.7261 2.1620 44.9932 2.4708 40.9154 2.4779 5.2822 1.1736 168.3538 2.3340 -7.6431 3.7098 -7.8733 3.2360 43.3057 2.6237 168.7156 4.0463
4265 -7.4030 -0.3417 102.4532 2.3236 42.3667 2.3747 40.8427 2.5127 7.2113 1.4511 168.8508 1.9811 -6.8063 3.5016 -8.4578 3.4525 41.3045 2.6520 168.7187 3.8808
4266 -7.2559 -0.2223 100.9904 2.4058 40.0472 2.6060 40.7531 2.4495 8.8429 1.6778 168.8910 1.5784 -6.0064 3.7020 -9.1331 3.4825 39.4112 2.4481 169.1878 4.0418
4267 -7.4735 0.1304 100.2513 2.5450 37.3595 2.5126 41.1636 2.4598 11.4539 1.9397 169.0909 1.2795 -4.5541 3.9614 -9.7092 3.7025 37.8408 2.3650 168.9806 4.1947
4268 -7.7063 0.8543 99.7431 2.5018 34.9517 2.4534 41.5224 2.4518 13.9290 2.2937 169.0591 0.9178 -3.4043 4.1046 -10.3444 3.2593 36.6604 2.4559 168.6314 3.9761
4269 -7.4297 1.2965 99.7800 2.4857 32.8752 2.3875 41.8785 2.4514 16.4864 2.6012 169.0761 0.8853 -1.6985 4.2099 -10.4781 3.0964 35.7889 2.4771 168.6384 3.7270
4270 -7.0218 1.6085 100.0575 2.4934 30.7056 2.3643 42.2017 2.4402 19.1951 2.7677 169.1623 0.3456 0.1845 3.9646 -10.5079 2.8958 34.9430 2.5274 168.4287 3.2731
4271 -6.2995 1.4459 100.4361 2.5120 28.5093 2.4989 42.7512 2.5176 21.3002 2.5008 169.3686 0.4070 2.3011 3.8379 -10.2823 2.6928 34.1602 2.4668 167.8426 3.2207
4272 -6.6483 1.8780 101.2243 2.4485 26.1657 2.4046 43.0687 2.5287 23.6042 2.5316 169.6481 -0.0272 4.2638 3.7789 -10.3240 2.8875 33.7493 2.4749 167.7925 2.9788
4273 -6.2965 2.6373 102.1127 2.4939 24.2341 2.4518 42.8787 2.5892 25.8665 2.7436 169.8248 0.6817 6.6231 3.6554 -10.3206 2.8519 34.1597 2.4210 167.6212 3.1962
4274 -5.9527 3.2129 103.4651 2.5288 21.7276 2.5782 42.5192 2.5221 28.0860 2.6039 169.6692 1.5427 8.4961 3.5080 -9.9151 3.2511 34.1891 2.5120 167.4206 3.2542
4275 -5.8539 3.7340 104.6494 2.5877 19.6405 2.4415 41.6060 2.4641 30.2599 2.4693 169.8066 2.6190 10.5302 2.8902 -9.7435 3.8138 34.7830 2.4498 167.5890 3.4306
4276 -5.4742 4.0332 106.3190 2.5619 17.1223 2.5113 40.6261 2.5768 32.5672 2.5161 170.0379 3.3205 12.4683 2.7825 -9.4121 4.3862 35.6168 2.5711 167.6723 3.3944
4277 -5.3835 4.3071 108.7051 2.6044 14.7841 2.5993 38.6952 2.4167 35.1169 2.3574 169.8871 4.0256 14.7806 2.3407 -8.8330 4.6961 36.5069 2.5819 167.7344 3.4161
4278 -5.1024 4.8285 111.3868 2.4654 12.6720 2.2529 37.0941 2.4900 36.8770 2.3678 169.9430 4.4517 16.7984 2.4881 -8.3588 4.7465 38.0511 2.4566 167.7516 3.5388
4279 -4.4897 4.7436 113.3094 2.5732 10.2760 2.0015 34.9614 2.4632 39.0084 2.4690 169.9792 4.8812 19.2858 2.4416 -8.0000 4.7271 39.2840 2.4186 167.8329 3.6598
4280 -4.0377 5.0629 115.5674 2.5376 8.0770 1.6394 32.6359 2.5029 41.4972 2.6627 169.5840 4.5598 21.2541 2.5342 -7.5365 4.5147 41.1816 2.8341 167.9262 3.9784
4281 -3.4786 5.0624 117.7472 2.5530 6.6580 1.4536 30.3287 2.3810 43.7041 2.4412 169.1486 4.6760 23.4310 2.6155 -7.4759 4.6446 43.4892 2.5927 167.9260 3.7337
4282 -2.4382 4.7071 120.2616 2.5042 4.5919 1.2718 28.2977 2.4200 46.0362 2.3713 168.8041 4.4194 25.5661 2.5738 -6.6333 4.5621 45.5143 2.4560 167.8573 3.8020
4283 -0.7620 4.5812 122.5628 2.4936 2.8597 1.1855 26.3707 2.5129 48.3605 2.5972 168.3716 3.9907 27.8704 2.6360 -6.5676 4.6979 47.0727 2.4385 168.2909 4.0008
4284 0.6835 4.3523 124.9141 2.4304 0.7769 0.9466 25.0425 2.6125 50.6388 2.6127 168.3683 3.5931 29.7668 2.5400 -6.7545 4.9442 48.7834 2.5571 168.5648 3.7735
4285 2.0958 4.2935 127.2607 2.4272 -0.6234 1.1585 23.9401 2.5652 52.8298 2.6199 167.8355 3.2608 32.0721 2.4983 -6.5124 5.3157 49.9110 2.3827 168.9740 3.6824
4286 4.4042 4.1290 129.5413 2.5249 -2.1898 1.3763 23.0775 2.4681 55.4424 2.6466 167.9897 3.1730 34.4118 2.6603 -6.3997 5.4632 50.7739 2.4316 169.1243 3.2029
4287 6.3228 3.7535 131.7043 2.5222 -4.1171 1.3261 22.5061 2.5472 57.6049 2.5772 167.4752 2.9463 36.8258 2.6144 -6.2905 5.6818 51.3213 2.5104 169.1883 2.8813
4288 8.1625 3.2540 134.2655 2.7886 -5.3209 1.6813 22.5427 2.4664 59.9429 2.6997 167.4183 2.8136 38.7923 2.2483 -5.6819 5.7112 52.0398 2.5490 169.1333 2.5443
4289 9.8878 2.9322 136.3381 2.5499 -6.2338 1.8382 22.4252 2.5201 62.2693 2.6356 167.0272 2.7750 41.2718 2.5449 -5.4894 5.7593 52.0896 2.4842 168.8804 2.1496
4290 11.0603 2.7797 138.8778 2.6422 -7.0023 1.4871 22.7803 2.5537 64.6469 2.6198 166.9687 2.5369 43.5339 2.5075 -5.1528 4.9687 52.0261 2.5547 168.8269 1.2360
4291 12.6298 2.4123 140.8896 2.6193 -7.7778 1.3287 22.8356 2.6333 66.6919 2.3836 167.3744 1.9121 46.2342 2.3118 -5.1442 5.1893 51.4481 2.4986 168.5624 1.0101
4292 13.4300 2.4265 143.2575 2.3501 -8.3936 0.7585 23.6081 2.6908 68.6672 2.6950 167.4348 1.0809 48.4676 2.3867 -5.0506 5.3746 50.1714 2.6361 168.2599 0.6090
4293 14.0517 2.4592 145.3973 2.3839 -9.0568 1.1320 24.6635 2.6953 70.7405 2.4233 167.6319 0.5368 50.8501 2.5822 -4.8919 5.6141 48.8864 2.4778 167.9499 0.2577
4294 14.6239 2.4713 147.9002 2.2024 -9.6898 1.5071 26.1525 2.5921 72.6248 2.4813 168.1114 0.2448 52.3725 2.5418 -5.5680 5.7626 47.5907 2.4123 167.9174 -0.2787
4295 15.0457 2.5198 150.0148 2.1342 -10.0042 1.9540 27.9421 2.4276 75.1412 2.5831 168.5644 0.3600 54.3679 2.3059 -5.9480 5.5922 45.6017 2.4076 167.6969 -0.6000
4296 14.9689 2.5154 152.3342 2.3459 -10.6561 2.0946 30.0484 2.5638 77.6933 2.5435 168.8954 0.6887 56.3398 2.5283 -6.5851 5.6147 43.4143 2.4090 167.6842 -0.7027
4297 15.3396 2.4152 154.2272 2.4721 -10.7292 2.7747 31.9917 2.4481 79.5850 2.5675 169.4952 1.2841 57.2599 2.5054 -6.6911 5.0549 40.9300 2.3697 167.4558 -0.6563
4298 15.0056 2.4886 156.2840 2.9581 -10.5037 2.8546 34.2557 2.6083 81.7034 2.4942 169.6538 2.0264 58.0899 2.5079 -6.9473 4.9882 38.4125 2.6416 167.5218 -0.6180
4299 14.5387 2.5123 157.8857 3.2533 -10.5401 3.3401 36.0636 2.5798 83.8700 2.5888 169.7088 2.7890 58.8555 2.4923 -6.8405 4.9291 35.7726 2.3625 167.9443 -0.4997
4300 14.4205 2.5830 159.7735 3.3138 -10.3767 3.3783 38.4343 2.4851 85.7708 2.8561 170.0197 3.2198 59.2744 2.4933 -6.9852 5.0502 33.4422 2.3532 168.0656 0.1921
4301 14.5815 2.4750 161.2326 3.7193 -10.0361 3.3141 40.7439 2.5377 88.3787 2.4885 170.0973 3.6535 59.3910 2.4912 -7.2692 5.5247 31.5733 2.4234 167.9572 0.7652
4302 13.8500 2.4829 162.6267 3.9137 -9.4176 3.3891 42.8767 2.5331 91.1889 2.5481 170.4183 3.5732 59.1304 2.4998 -7.2020 5.3685 29.2258 2.4182 168.3030 1.1512
4303 13.7414 2.5160 163.5780 3.7768 -8.9226 3.4655 45.0898 2.5460 93.4422 2.4237 170.9477 3.3905 58.7638 2.4553 -7.6600 5.2676 26.8507 2.5102 168.5465 1.8051
4304 13.4280 2.5359 164.7715 3.8229 -8.8686 3.3589 47.4669 2.5684 95.5577 2.5055 170.7980 3.2847 58.3262 2.4079 -8.0454 4.8747 24.7829 2.7361 168.8027 2.2624
4305 13.2094 2.5305 165.5573 4.0843 -8.6101 3.2372 49.9308 2.6458 97.9737 2.4875 171.1379 3.3812 58.0284 2.4237 -8.4833 4.2763 22.1593 2.3898 169.0399 2.3579
4306 13.3946 2.4949 166.2457 3.8598 -8.3269 3.3283 52.2925 2.5074 100.4163 2.5767 171.3125 3.8225 57.5063 2.4434 -8.8607 3.6748 19.8455 2.3968 169.1164 2.6102
4307 13.3662 2.5764 166.9956 4.3681 -8.3263 4.1523 54.5882 2.4185 102.8714 2.7485 170.9818 3.5230 57.0751 2.4245 -9.2937 3.0579 17.4842 2.6174 168.8539 2.6102
4308 13.9662 2.5195 166.9762 4.4511 -7.9249 4.5721 56.2787 2.3864 104.9179 2.5326 170.6451 3.2827 57.0631 2.4210 -9.2870 2.6133 15.3413 2.4072 168.9640 3.1807
4309 14.0375 2.5163 167.0728 4.1231 -7.5360 5.0952 57.7494 2.5700 107.0818 2.4501 170.2517 2.8928 56.6835 2.4977 -9.1320 2.1987 13.0342 2.3387 168.6181 3.3283
4310 14.1156 2.4340 166.3741 4.2423 -6.6184 5.2506 59.0278 2.4128 109.4649 2.6373 169.8605 2.6068 56.6142 2.5185 -8.8889 1.9369 10.9277 1.9141 168.2519 3.9500
4311 14.1576 2.4776 166.1705 3.9058 -6.1363 4.8760 59.8139 2.3743 111.5011 2.6361 169.2187 2.4498 57.0789 2.5334 -8.6634 2.1206 8.8073 1.6274 167.9524 3.9999
4312 13.9000 2.5276 165.8320 3.7414 -6.0084 4.3403 60.3919 2.4254 113.1589 2.5354 168.9730 2.0180 57.7160 2.5596 -8.0526 1.9797 6.9396 1.4770 167.4065 4.5559
4313 13.9865 2.4456 165.8576 3.1216 -5.9873 4.1194 60.7449 2.4301 114.5559 2.4838 168.5301 1.6050 58.5779 2.5214 -7.5746 2.0046 5.3223 1.3361 166.4849 4.6739
4314 13.5946 2.4036 165.8328 2.5815 -6.1808 3.8982 60.8012 2.5301 115.9911 2.4522 167.7788 1.4549 60.0092 2.4815 -7.4050 2.2028 3.6611 0.8351 165.9316 4.5761
4315 12.7720 2.2928 166.0265 1.8884 -6.3673 3.2452 60.7303 2.5673 116.9095 2.5640 166.6516 1.0830 61.5869 2.4456 -7.0195 2.3984 2.1845 0.5575 165.1310 4.4862
4316 11.4626 2.5272 166.8754 1.4586 -6.7838 3.4290 59.6975 2.4638 118.1644 2.5485 165.5847 0.9801 63.5245 2.3963 -6.8408 2.3089 0.6422 0.6038 164.4062 3.9878
4317 10.0530 2.5498 167.3353 1.0943 -7.0312 3.5148 58.3546 2.4933 118.5344 2.4940 163.8937 0.8660 65.8154 2.4794 -6.9968 2.4223 -1.3580 0.3076 163.4618 3.5892
4318 8.4896 2.3327 167.5811 0.6969 -7.2438 3.9512 57.8347 2.5006 118.2793 2.5557 162.4349 0.7382 67.6177 2.6458 -7.0671 2.7684 -2.9015 0.4383 162.8386 3.0787
4319 6.9149 1.9751 167.4661 0.3082 -7.6082 4.3382 56.1584 2.4552 118.1557 2.5705 160.9310 0.6004 70.0141 2.4030 -7.3005 2.7778 -4.4408 0.9340 161.7591 3.1342
4320 5.4003 1.8934 167.4734 -0.2917 -7.8857 4.4997 54.4236 2.4919 117.5932 2.5801 159.2743 0.5628 72.0663 2.5437 -7.3007 3.1658 -5.6370 1.4186 160.3437 2.8719
4321 3.7080 1.3869 167.3841 -0.4341 -8.3087 4.8530 52.3158 2.4506 116.8630 2.4933 157.5175 1.0961 74.0997 2.4205 -7.4352 3.3634 -6.7328 1.3976 159.2754 2.8414
4322 2.5488 1.1434 167.4012 -0.7497 -8.5452 4.8988 50.0581 2.3863 115.6105 2.5460 155.6405 1.7512 75.6921 2.4499 -7.7357 3.4651 -7.5242 1.8338 158.1615 2.8025
4323 1.6269 1.0229 167.4129 -0.3509 -8.7028 4.8582 47.7839 2.4386 113.4396 2.5761 153.8936 2.0199 76.6109 2.3971 -7.5993 3.5050 -8.2126 2.0572 156.7368 2.9024
4324 0.2865 0.8358 167.6551 -0.4371 -8.7227 4.6171 45.5453 2.5536 111.9461 2.5296 151.8596 2.1997 77.7448 2.5299 -8.0066 3.5960 -8.0601 2.5803 155.6582 2.7099
4325 -1.0429 0.6250 167.7104 -0.9696 -8.7081 4.6824 43.6609 2.5054 110.0600 2.5105 149.4372 2.2841 78.7879 2.3675 -7.9309 3.5823 -8.3017 2.2960 154.6775 2.5016
4326 -1.9962 0.4234 167.9231 -1.0400 -8.8731 4.4412 41.5960 2.5419 108.2775 2.5039 147.2762 2.5289 79.4492 2.4118 -8.0997 3.1930 -8.8536 2.6678 153.6084 2.3659
4327 -2.8216 0.5039 168.3201 -1.0371 -8.6183 4.7597 39.1188 2.6223 107.0217 2.5252 145.6162 2.7118 79.6361 2.4744 -8.0258 2.9115 -9.2187 3.2673 152.4940 2.3338
4328 -3.0037 0.6098 168.2828 -0.9005 -8.0175 4.4825 36.7181 2.4745 105.8828 2.6507 143.7243 2.7558 79.8181 2.5831 -8.0732 2.5436 -9.5718 3.6858 151.4585 2.3694
4329 -3.4091 0.5393 167.5212 -0.6413 -7.4103 4.3141 34.6373 2.7395 105.2749 2.4920 141.4731 2.6836 79.1836 2.5554 -8.0594 1.9051 -9.4039 4.3519 150.7230 2.4456
4330 -3.0918 0.7384 166.4537 -0.4700 -6.5965 4.4552 32.3445 2.7053 105.1858 2.4446 138.9549 2.6194 78.5802 2.5483 -8.2591 1.4046 -9.4309 4.9408 150.3023 2.4730
4331 -2.5141 0.6869 165.8554 -0.3375 -5.6422 4.1326 30.3278 2.5371 105.1742 2.4818 136.5632 2.6011 77.6113 2.4352 -8.1738 0.6957 -9.3794 5.2772 150.0664 2.5720
4332 -1.6267 0.6137 165.7371 -0.3184 -4.2403 3.9810 28.0546 2.5282 104.8849 2.5586 134.4960 2.4458 75.9267 2.4513 -8.2191 0.2065 -9.4058 5.5638 150.3147 2.5495
4333 -0.5473 0.8936 165.7509 -0.2803 -1.9738 3.8646 25.3059 2.4961 105.1807 2.5906 132.0548 2.4461 74.3370 2.6096 -8.0860 0.1078 -9.4036 5.2832 150.9648 2.5164
4334 0.7147 0.8657 165.8493 -0.1024 -0.2604 3.7719 23.6200 2.6631 105.9267 2.4861 129.8237 2.3352 72.2507 2.3874 -7.6109 0.1272 -9.0447 5.3824 151.7312 2.2609
4335 1.6871 1.3728 166.4375 0.1617 1.6852 3.7460 21.7676 2.4925 106.8717 2.4521 127.6542 2.2488 70.2945 2.3638 -7.8017 -0.0688 -8.8402 4.8578 152.6880 1.8467
4336 2.6718 1.6630 166.4546 0.5239 3.7152 3.4011 20.4746 2.4795 107.7552 2.5843 125.1197 2.4198 68.0590 2.3963 -7.8489 -0.2763 -9.1677 4.8313 154.1276 1.7568
4337 3.5141 2.0102 166.6187 0.5086 5.6115 3.2170 19.0769 2.3834 108.4036 2.6895 123.0328 2.2298 65.9564 2.4365 -7.7200 0.1388 -9.1964 4.9439 155.8051 1.5262
4338 3.9106 1.9314 166.8652 0.1854 7.7360 2.9508 18.1652 2.5060 109.2951 2.6487 120.8511 2.6395 64.4437 2.4934 -7.4959 0.0508 -9.4413 4.8070 157.6779 1.5965
4339 3.7540 2.0752 166.6904 -0.0011 9.8448 2.8349 17.4435 2.5384 110.1192 2.4419 118.4911 2.4654 62.7383 2.6299 -7.7541 0.3766 -9.6442 5.1016 159.4494 1.3174
4340 3.4132 2.2094 166.2151 0.0241 11.6831 2.6795 17.1660 2.5295 111.1024 2.5554 116.3752 2.5408 61.8820 2.4245 -7.2013 1.2456 -9.0489 5.6708 160.8231 0.6511
4341 3.4558 2.1843 165.8333 0.0223 13.8800 2.4530 16.9441 2.4847 111.7743 2.5000 114.3547 2.5141 60.5976 2.4819 -7.1528 1.5680 -8.4842 5.8201 162.1745 0.3071
4342 3.2923 2.1599 165.5350 0.0562 16.1828 2.2754 17.1035 2.4559 111.7768 2.4402 112.6014 2.6267 59.8932 2.4720 -7.0333 1.7144 -7.7882 5.9678 163.4880 0.1878
4343 2.8567 2.1716 165.0168 0.2970 18.4088 2.1908 17.6612 2.4707 112.0437 2.5903 111.4028 2.4225 59.5485 2.4451 -6.7873 2.1812 -7.0185 5.5333 164.3131 0.0626
4344 1.7678 2.0374 165.2283 -0.0065 20.8261 2.5137 17.8169 2.5196 111.7295 2.5233 109.9900 2.5738 59.2814 2.5344 -7.1931 2.3030 -6.5313 5.4685 164.9211 0.0762
4345 0.8970 1.8139 165.2927 -0.0017 23.3569 2.5695 17.8855 2.5161 111.1027 2.4095 109.1207 2.4402 59.1690 2.4903 -7.2494 2.5720 -6.1793 4.8823 165.1571 -0.2653
4346 -0.3548 1.9040 165.5701 0.2810 25.7323 2.8023 17.8795 2.5325 109.7950 2.5691 108.7208 2.4829 59.4092 2.5705 -7.0347 2.8926 -6.1409 4.7226 164.8740 -0.0764
4347 -1.4943 2.2923 166.0114 0.8183 27.9710 2.5452 18.2280 2.4731 108.3254 2.6109 108.7119 2.4710 59.8705 2.4449 -7.0025 3.0722 -5.9799 4.7870 164.7106 0.0193
4348 -2.9088 2.2609 166.0588 1.4472 30.3187 2.3728 18.4750 2.5500 106.6573 2.4227 108.3983 2.4919 60.7319 2.4247 -6.6861 3.2153 -5.8809 4.4119 164.2565 -0.0598
4349 -4.0759 2.4849 166.0658 2.4116 32.6593 2.3076 18.5209 2.5181 105.2491 2.6531 108.6428 2.5392 61.7373 2.5491 -6.2762 3.2433 -5.6588 4.2085 163.2619 0.2340
4350 -5.0681 2.6820 166.4834 2.7581 35.1870 2.3502 18.1348 2.4519 103.3873 2.6560 109.5647 2.5383 62.9930 2.5569 -6.4212 2.9102 -5.2448 3.6722 162.5020 0.3933
4351 -5.9749 2.7516 166.7800 3.3906 37.5124 2.4675 17.6910 2.6708 101.4273 2.4288 110.2389 2.5301 64.0332 2.4601 -6.5589 2.6850 -4.5450 3.1836 161.4014 0.5854
4352 -6.4371 2.9324 166.5740 3.6777 39.5867 2.5733 16.7704 2.5071 99.4576 2.5501 111.6395 2.6176 64.7667 2.4979 -6.7843 2.3980 -4.3360 2.4432 159.8180 0.5373
4353 -6.6395 2.8605 167.1382 3.6975 41.8367 2.3815 15.9704 2.4511 97.5068 2.5991 113.6569 2.4979 65.4406 2.5046 -7.1071 1.9973 -4.3342 1.9576 157.8341 0.8436
4354 -6.7080 3.2465 167.6845 4.0970 44.1264 2.4360 14.1819 2.3927 96.0736 2.4363 115.5098 2.4152 65.8997 2.5474 -7.2018 2.3848 -4.8171 1.4126 156.0281 0.9253
4355 -6.7802 3.4466 168.1655 4.4830 46.0058 2.3416 12.3921 2.2962 94.9447 2.5313 117.8986 2.5955 65.9717 2.5452 -7.7779 2.3801 -5.0912 0.5388 153.5940 1.0980
4356 -7.1096 3.9334 168.4043 4.8444 47.8257 2.3459 10.4747 2.1997 93.9580 2.5667 120.0261 2.5179 66.3165 2.4802 -8.2006 2.2400 -5.7788 0.3326 151.8631 1.5735
4357 -7.2100 3.7675 168.0889 5.4173 49.8939 2.4910 8.0116 2.1167 93.7272 2.4900 122.4847 2.5636 66.3149 2.6112 -8.8179 2.7632 -6.7079 0.1226 149.7673 2.0515
4358 -6.7496 4.1139 167.9121 5.3402 51.4756 2.6303 6.0420 1.5397 93.1634 2.4892 124.7124 2.8258 66.5563 2.5593 -9.0426 2.9992 -7.3964 0.2091 147.4312 2.2350
4359 -6.6079 3.6746 168.5814 5.4029 53.0086 2.5358 4.1253 1.2581 92.6865 2.4582 126.8725 2.7770 66.3290 2.4607 -9.0077 3.4017 -8.1735 0.0034 145.5357 2.4993
4360 -6.3438 3.7456 169.0005 5.4467 54.4378 2.5234 2.6081 0.8020 92.8910 2.3319 129.0695 2.5898 66.0751 2.5403 -8.9393 3.7311 -8.6756 0.1668 143.4807 2.6786
4361 -6.1198 3.9038 169.6466 5.3549 55.2017 2.4048 1.2504 0.6689 93.3189 2.3575 131.4571 2.5416 65.7339 2.5386 -8.5831 3.8787 -8.6923 0.3344 141.5581 2.3412
4362 -5.2045 3.8635 170.0302 4.8491 55.5694 2.5653 -0.4659 0.2189 94.2600 2.4676 133.4896 2.3740 65.4209 2.5490 -7.9062 3.7377 -8.3169 0.6044 139.2903 2.4552
4363 -4.1593 3.5794 170.7966 4.1436 56.1316 2.4594 -1.9425 -0.1804 95.3945 2.3876 135.8519 2.3438 65.3613 2.5570 -6.7479 3.2880 -7.9108 1.7193 136.8214 2.4726
4364 -3.2867 3.2587 170.8778 3.5457 56.5019 2.4940 -3.2328 -0.2258 97.0961 2.5842 138.2954 2.7051 65.4501 2.4514 -5.6690 3.4273 -8.0442 2.4693 134.8112 2.2298
4365 -2.5641 2.7445 171.1491 3.6392 56.5313 2.5443 -4.5148 -0.2266 98.4086 2.5226 140.3219 2.6039 65.6174 2.4459 -4.1375 3.5806 -8.4180 3.3513 132.5908 2.4398
4366 -1.5090 2.6260 171.1198 3.6843 56.4307 2.4481 -5.3630 -0.2061 100.4169 2.3742 142.4352 2.6532 65.9474 2.4822 -3.0043 3.7400 -9.0949 3.7308 130.1742 2.5635
4367 -0.7515 2.2155 170.8052 3.6747 56.0132 2.4188 -6.7304 0.0998 102.1168 2.5684 144.9129 2.5632 67.0372 2.5719 -1.2501 4.0499 -9.5366 4.2681 127.7519 2.5501
4368 -0.0295 2.1651 170.8764 4.0908 55.4434 2.4836 -7.6852 0.4047 103.8020 2.5560 147.2975 2.6025 67.8901 2.4979 1.0188 4.3526 -10.1783 4.3615 125.4664 2.4223
4369 1.3695 1.9795 171.1026 3.4983 55.0910 2.5192 -8.1294 0.9530 105.6337 2.4953 149.5662 2.6807 69.1614 2.5215 2.9868 4.1922 -10.4046 4.3906 122.8901 2.4888
4370 3.3820 1.9404 171.0355 3.5011 55.0837 2.4528 -7.9126 1.2795 106.3710 2.3320 151.8165 2.9784 70.7405 2.3907 4.8305 3.8429 -10.0079 3.9097 120.6549 2.5326
4371 5.1367 1.8660 171.4501 2.9476 54.4837 2.5223 -7.9995 1.7026 107.3146 2.5249 153.8938 3.6159 72.5694 2.3700 7.1962 3.3833 -10.0700 3.8424 118.4356 2.3736
4372 7.5188 1.7688 171.8563 2.4636 54.1947 2.4229 -7.7077 2.3006 108.1425 2.4821 156.0680 3.8509 74.7403 2.2961 9.4472 3.2732 -9.8063 3.6863 116.3062 2.3958
4373 9.7548 1.9978 172.0174 2.1009 53.8901 2.4996 -7.5943 2.7211 108.0019 2.5221 157.8399 4.0946 77.2516 2.5134 11.8783 2.8621 -9.4650 3.3420 113.6571 2.6603
4374 11.9686 2.3033 171.9953 2.0474 53.4908 2.4041 -8.0989 3.0135 108.0965 2.4006 160.3325 4.4760 79.0095 2.5221 14.1922 2.6649 -8.7897 2.8301 111.5971 2.4670
4375 14.8156 2.5530 171.6139 1.7268 52.7980 2.4445 -8.4672 3.5881 108.1261 2.5757 162.2024 4.6446 80.3779 2.5477 16.4122 2.5691 -8.8874 2.2517 109.2541 2.6170
4376 16.8664 2.4398 171.6541 1.8023 52.5513 2.4970 -8.5725 4.5841 107.8165 2.4808 163.9510 4.5737 81.4481 2.4445 18.5309 2.3623 -9.0786 1.9709 106.9700 2.4808
4377 19.0790 2.5921 171.5910 1.9871 52.8537 2.5031 -8.5913 4.9749 107.0615 2.4713 165.8282 4.3916 82.1982 2.3814 20.8123 2.3706 -9.4785 1.6506 105.0834 2.5365
4378 21.3612 2.5628 171.7842 2.0869 52.9416 2.5253 -8.4494 5.6955 105.8963 2.4796 166.9341 4.2101 82.9147 2.5535 23.2325 2.6673 -9.8058 1.8469 102.8116 2.6389
4379 23.8799 2.7316 171.5828 2.2834 53.1734 2.4658 -8.2844 5.6846 104.7649 2.4111 167.5692 3.6001 83.4711 2.5560 25.2983 2.4152 -9.9465 2.1470 100.7762 2.5314
4380 25.6014 2.5628 171.8048 2.5804 53.0664 2.4276 -8.0927 5.9051 103.1290 2.5220 168.4982 3.5302 83.6885 2.5299 27.6236 2.3577 -9.6995 2.2356 98.6968 2.6463
4381 27.8912 2.6319 171.5438 2.9048 52.8886 2.4781 -7.5002 5.9557 101.1034 2.4438 169.0648 3.0901 83.6361 2.5139 29.8303 2.4460 -9.3951 1.8173 96.2051 2.5003
4382 29.5076 2.5790 171.7222 2.8447 52.7452 2.4383 -7.5548 5.8601 98.7877 2.4372 169.3640 2.6876 83.0204 2.5260 32.1391 2.5690 -9.2500 1.3153 94.4736 2.4539
4383 31.2284 2.5980 171.0918 2.7649 51.9667 2.5762 -7.1410 5.9400 96.2324 2.4586 169.3684 2.4996 82.6429 2.4379 34.0189 2.5851 -8.8109 1.0660 92.9386 2.5569
4384 32.8178 2.6260 170.8927 2.7669 51.3142 2.6070 -7.4708 5.8094 94.0493 2.5023 169.5862 2.0342 81.8316 2.4368 36.2940 2.5181 -8.6779 1.3597 91.5951 2.5152
4385 33.6175 2.5335 170.8089 2.5362 50.0022 2.5173 -8.0146 5.8130 91.5680 2.4663 169.0724 1.7406 80.5429 2.4801 38.1108 2.3431 -8.7886 1.3450 90.7397 2.5326
4386 34.6512 2.4196 170.7049 2.4357 48.4207 2.4582 -8.7581 5.5293 89.4338 2.4588 168.4989 1.6834 78.8016 2.4844 39.7145 2.4356 -9.3508 1.6308 90.3670 2.4896
4387 35.0092 2.4763 170.3863 2.6229 46.3000 2.5383 -9.1621 5.3518 87.2170 2.4088 168.4135 1.5774 76.9735 2.4233 40.8533 2.4432 -10.0221 1.8492 90.5683 2.5423
4388 35.5691 2.4627 170.5839 2.9577 44.1461 2.3640 -9.6161 4.7562 84.8136 2.3451 167.8941 1.6350 74.6499 2.5832 41.7860 2.4639 -9.9654 2.0447 90.8342 2.4205
4389 35.4018 2.5547 170.5195 3.2695 42.0926 2.4366 -10.1523 3.9751 82.2676 2.6282 167.3822 1.4524 72.7927 2.4949 42.8184 2.4005 -10.3115 2.1680 91.4228 2.5060
4390 35.4446 2.4551 170.9935 3.5483 39.7032 2.4888 -10.2021 3.3055 79.9808 2.5156 166.5917 1.0688 70.2733 2.6257 42.8190 2.5247 -10.5330 1.9491 92.0482 2.4743
4391 34.9151 2.5819 170.9508 3.9607 37.4209 2.4686 -9.8630 2.9229 77.7916 2.4736 166.1873 1.0164 68.2188 2.0987 42.9924 2.5338 -10.7637 1.7148 93.3167 2.3459
4392 34.1136 2.6199 171.1643 4.2659 35.4688 2.3598 -9.8285 2.4621 75.3895 2.6074 165.4312 1.2334 65.5559 2.4335 42.5132 2.4714 -10.9799 1.4444 94.2470 2.5500
4393 32.8189 2.6072 170.4057 4.6470 33.1427 2.2841 -9.1954 2.3124 73.1175 2.3803 164.2022 1.4975 63.3586 2.3236 41.7954 2.5360 -11.0031 1.5505 95.7273 2.6332
4394 31.6636 2.5558 170.1937 5.0986 31.2277 2.3807 -8.2802 2.3872 70.4613 2.6773 162.7758 1.7260 61.3977 2.5001 40.9058 2.5649 -10.9705 0.9258 97.8457 2.5878
4395 30.0293 2.6572 170.1486 5.3992 28.9842 2.3560 -8.1306 1.9269 67.8460 2.5704 161.3495 2.0713 59.7419 2.6800 39.6248 2.5551 -10.8908 0.6080 99.4607 2.2842
4396 27.6847 2.5985 170.0134 5.0760 26.5549 2.4742 -7.9031 1.5228 65.5038 2.4173 160.1170 2.5548 58.0653 2.4271 38.4382 2.4814 -10.9743 0.5373 101.8126 2.4176
4397 25.2254 2.5965 170.3215 4.8200 24.5135 2.6664 -7.2266 0.9736 63.0588 2.5987 158.9119 2.9119 56.4370 2.5103 36.4439 2.2944 -11.1978 0.5875 104.0133 2.5176
4398 22.8552 2.4012 170.8032 4.2690 22.4541 2.5977 -6.5162 0.9460 61.1786 2.2723 157.6039 2.9846 55.4710 2.4981 34.5537 2.6017 -11.3686 0.7444 106.7677 2.3822
4399 20.5031 2.7105 171.0084 3.9499 20.2022 2.4566 -5.7897 0.7627 58.8312 2.6543 156.1631 3.4872 54.8916 2.4903 32.9086 2.3235 -11.1523 1.3889 109.0255 2.3579
4400 17.7657 2.5576 171.4844 3.7140 17.9545 2.5777 -4.5359 0.7172 56.5197 2.6364 154.4540 3.4710 54.4739 2.4724 31.7765 2.4150 -10.6186 1.5505 111.2104 2.5038
4401 15.9690 2.2082 171.3305 3.1248 16.0246 2.5602 -3.1260 0.7844 54.4787 2.4461 152.9052 3.2431 54.4218 2.4897 30.4607 2.6349 -10.2808 1.8677 113.9195 2.5141
4402 13.5769 2.3622 170.8828 3.2156 13.4010 2.6092 -1.8603 0.9445 52.8269 2.4673 150.4243 2.9151 54.2822 2.4466 29.4542 2.5990 -10.5244 1.7430 116.1564 2.3952
4403 11.7556 2.1838 170.5773 3.5554 11.0942 2.7355 -0.8220 0.9786 51.4237 2.4418 148.3497 2.8037 54.2414 2.4395 28.5760 2.5076 -10.5799 1.4681 118.2195 2.5592
4404 10.1246 2.0895 170.0088 3.4727 9.5142 3.1761 -0.1371 1.1580 50.5600 2.5425 146.0593 2.4366 54.6860 2.4882 27.7755 2.5502 -10.5518 1.4422 120.4896 2.4138
4405 8.2523 2.1359 169.6090 3.5028 7.7213 3.1321 0.1396 1.3594 49.7698 2.4968 144.1981 2.3557 55.6378 2.4919 26.9664 2.5877 -10.4214 1.4709 122.6276 2.4478
4406 6.5488 2.0352 169.1399 3.7407 6.7130 2.9197 0.2741 1.7884 49.1228 2.4341 141.7272 2.2856 56.8086 2.3622 26.2189 2.4788 -10.3904 1.7012 124.9933 2.3646
4407 4.8880 2.1964 169.1217 4.2974 5.1268 3.0916 0.4809 2.3762 49.1852 2.5570 139.3579 2.5112 58.4921 2.5340 25.2123 2.4992 -10.4206 1.8667 127.1943 2.5976
4408 3.1451 1.9692 168.9234 4.4277 3.4653 3.0162 0.4852 3.0284 49.6957 2.4545 137.0535 2.6188 60.7338 2.5138 24.7806 2.5230 -10.7152 2.7555 129.2550 2.5920
4409 1.5149 2.0409 169.0679 4.2840 1.7457 3.1998 0.4326 3.3113 50.4873 2.6398 134.5584 2.3681 62.7309 2.5075 24.1391 2.5349 -9.9231 3.4797 131.8035 2.5669
4410 0.3324 1.8836 169.0452 4.4571 0.2466 3.4883 0.5387 3.7363 51.4499 2.5479 131.9236 2.3610 64.9710 2.4130 23.3361 2.4728 -9.3103 3.7538 134.2188 2.4502
4411 -0.7870 1.6443 168.8786 4.2539 -1.2585 3.4241 -0.4272 4.0438 52.5740 2.6715 129.5959 2.5618 67.0950 2.3816 23.0358 2.5911 -8.6475 4.7389 136.2757 2.4971
4412 -1.4564 1.6159 169.0095 4.1529 -2.2485 3.7337 -1.0031 4.1738 53.9863 2.4901 127.9743 2.6312 69.3460 2.4657 22.1695 2.5562 -8.1474 4.8839 138.5824 2.4424
4413 -2.3826 1.4131 169.1949 4.2647 -3.1267 3.7727 -1.8303 4.2233 56.1291 2.4340 126.4467 2.4083 71.3637 2.4691 21.1554 2.5588 -7.7077 5.0326 140.9482 2.4387
4414 -2.7310 1.4808 168.7046 4.1878 -4.2788 3.8933 -2.9417 4.4875 58.1602 2.4112 125.0813 2.4774 73.6637 2.4530 20.4276 2.4031 -7.6345 4.7895 142.7365 2.3972
4415 -2.6608 1.6873 168.8275 4.3085 -5.4285 4.2293 -3.8588 4.7750 60.3854 2.4574 124.0359 2.5191 76.1227 2.4192 18.8360 2.5948 -8.0999 4.5077 144.9442 2.4983
4416 -2.1478 1.5071 169.2240 4.0071 -6.3950 3.8918 -4.6528 4.8450 62.5850 2.5308 123.5817 2.5465 78.4644 2.3104 17.1247 2.6643 -8.1800 4.0724 147.1216 2.2868
4417 -1.5693 1.5860 169.5949 4.1629 -7.0789 3.9586 -5.2354 5.0920 65.0256 2.5445 123.1621 2.6304 80.8530 2.5029 15.2617 2.4796 -8.4991 4.2928 149.5702 2.5421
4418 -0.3953 1.5065 169.9799 3.9119 -7.6076 3.9339 -5.9058 5.4178 67.6841 2.5142 123.0269 2.5762 82.9396 2.4323 12.8630 2.5669 -8.9134 4.2792 151.6129 2.9145
4419 0.1222 1.9849 170.3698 3.7800 -7.7704 3.4883 -6.3715 5.5438 69.9799 2.3729 122.9609 2.6220 85.3381 2.3794 10.5636 2.6468 -8.9367 4.1421 153.3030 3.0262
4420 1.5837 2.2179 170.9688 3.8005 -7.9158 3.3788 -7.0960 5.4728 71.9835 2.4698 123.1265 2.6057 87.8589 2.2719 8.6072 2.3941 -9.0350 4.1833 155.3298 3.4879
4421 3.2614 2.4522 171.5432 3.7579 -7.9159 2.9213 -7.3553 5.5756 74.1173 2.5549 123.8697 2.4883 90.0357 2.7235 7.0443 2.2116 -8.8677 4.5122 157.3607 3.5307
4422 4.7698 2.7024 171.7810 3.6700 -7.9065 2.3359 -7.7554 5.3680 76.3242 2.5174 124.8099 2.4768 92.1670 2.4805 5.7792 2.7513 -9.0347 4.6191 158.7226 3.8815
4423 6.4584 2.8874 171.4545 3.7591 -7.8689 2.3038 -7.5834 5.2540 78.7118 2.4265 126.2000 2.4351 94.2664 2.7598 4.6577 2.7272 -9.1864 4.4783 159.8478 4.1336
4424 8.2563 2.8252 171.0766 3.8851 -7.6797 2.2452 -7.5158 4.6564 81.1298 2.4273 127.7030 2.5045 96.3038 2.6191 3.8087 2.8287 -9.8436 4.5375 161.2372 4.1860
4425 10.3426 2.7205 170.4633 3.7942 -7.3433 1.8279 -7.1102 4.2939 83.2102 2.3056 129.7229 2.7585 98.5103 2.6308 3.3590 2.6292 -9.9518 4.0341 162.0743 4.2424
4426 12.5493 2.7456 169.7085 3.5194 -6.5611 1.3862 -7.0180 4.0870 85.5683 2.4089 131.9169 2.7024 100.5330 2.5623 2.9729 2.6921 -10.5072 3.8267 162.1167 4.3852
4427 15.2366 2.6023 168.9530 3.6975 -5.4350 1.1565 -6.7671 4.5400 87.9686 2.3884 134.1830 2.6434 102.1753 2.5306 3.3937 2.9336 -10.3780 3.4211 162.1146 4.3463
4428 17.2494 2.5558 168.3414 3.7543 -4.2720 1.0580 -6.6295 4.4798 90.4266 2.5797 136.0556 2.5160 104.2523 2.4749 3.9327 3.0969 -10.1538 3.4839 162.0989 4.3784
4429 19.4271 2.3244 167.4636 3.7505 -2.7903 0.6241 -6.9257 4.5253 93.1190 2.3915 138.5927 2.6792 105.7092 2.4857 5.1342 3.1525 -9.6329 3.4358 161.5383 4.0852
4430 21.9292 2.5514 166.7190 3.8830 -1.7472 0.7217 -6.8885 4.3698 95.3889 2.5781 140.4870 2.5624 106.6744 2.4352 6.3618 3.1472 -9.1341 3.2958 160.8666 3.9724
4431 23.7929 2.5314 165.5290 3.9796 -0.3994 0.6408 -6.6791 4.1612 98.2253 2.5767 142.3432 2.4184 107.5720 2.4911 8.2914 3.0730 -8.6164 2.9742 160.3802 4.0950
4432 26.0673 2.4525 164.9050 4.3328 0.5972 0.8940 -6.8922 3.9558 100.8311 2.4082 144.3784 2.3543 107.9584 2.4623 10.3579 3.0067 -8.3281 2.8735 159.5399 3.7715
4433 28.7249 2.6471 164.2544 4.4366 1.3065 1.1575 -6.9166 4.1681 103.3374 2.4310 146.4467 2.6788 107.6735 2.4945 12.2983 2.5394 -7.7156 3.1167 158.4991 3.7584
4434 30.8471 2.4794 163.5681 4.4613 1.8515 1.6507 -7.0912 4.2079 105.6861 2.3786 148.5474 2.9266 107.4860 2.4811 13.9132 2.5045 -7.6570 3.4627 157.5113 3.7686
4435 32.9561 2.6717 163.3383 4.3894 2.3602 2.1012 -7.2328 4.5018 107.6031 2.4077 150.6775 2.9970 107.0011 2.4807 15.1348 2.5443 -7.8847 3.5659 156.3356 3.5490
4436 34.9744 2.5405 162.6932 4.0899 2.7373 2.2499 -7.5747 4.7705 109.5367 2.6293 152.5864 2.9026 106.9235 2.5287 16.3601 2.4511 -8.0501 3.6905 155.5295 3.1261
4437 36.9020 2.7684 162.7678 3.7893 2.7497 2.0373 -7.7222 5.2570 110.9397 2.3040 154.0667 3.0839 106.1808 2.5704 16.9958 2.5541 -7.9156 3.6868 154.8759 2.8129
4438 39.2217 2.4669 162.9632 3.4759 2.7201 1.7219 -7.8497 5.4279 111.9532 2.5346 155.6641 3.4184 105.5004 2.6253 16.9671 2.4255 -7.5190 3.3811 154.7809 2.6483
4439 41.5030 2.4407 163.1081 3.4185 2.3075 2.0241 -8.2013 5.8424 112.7389 2.5105 157.2238 3.1306 104.5798 2.4521 16.9593 2.5065 -7.4008 3.8667 155.1282 2.8019
4440 43.7854 2.6125 163.3237 3.5105 2.1813 1.7971 -8.0129 6.0507 113.1621 2.4927 158.4835 3.2263 104.2163 2.5665 16.8463 2.5022 -7.5594 4.2597 154.8079 2.8045
4441 45.8206 2.3639 163.8536 3.9078 1.4609 1.5860 -7.9716 5.9631 112.6255 2.5098 159.1967 3.0176 103.7472 2.4909 16.1908 2.5384 -7.3680 4.4830 155.4607 3.1771
4442 47.9306 2.5020 164.3240 3.9415 0.4500 1.3627 -7.9793 5.9052 112.6752 2.5085 159.5659 2.9359 102.9801 2.4721 15.7638 2.3986 -7.6420 4.9250 156.0183 3.6713
4443 49.9278 2.6126 165.0340 4.1187 -0.2659 1.3302 -8.1523 5.8109 112.6909 2.4871 159.8703 3.2337 102.4848 2.4925 14.6957 2.5308 -7.4186 5.4449 156.4087 3.7508
4444 51.3997 2.4753 165.4571 4.0953 -1.4106 1.0412 -8.1376 5.9623 112.5072 2.4455 159.6386 3.3451 102.2294 2.4534 13.4243 2.3909 -7.2080 5.8750 157.5483 3.5309
4445 52.5419 2.5808 165.9303 4.3923 -1.8934 1.0026 -8.1764 5.6248 111.4604 2.4121 159.0168 3.4135 102.4550 2.5012 11.7533 2.5777 -7.1287 5.6889 158.2005 3.4740
4446 53.1976 2.5623 166.2792 4.6515 -2.9588 1.2427 -8.3163 5.4977 110.3109 2.3848 158.2857 3.1297 103.0957 2.5082 10.0304 2.5688 -7.1270 5.3427 159.5259 3.6820
4447 54.1378 2.5199 166.7404 4.7837 -3.3855 1.4039 -8.3720 5.0891 109.3246 2.3005 157.3131 3.4298 103.7349 2.4408 8.5988 2.3832 -6.8203 4.9694 160.6723 3.2880
4448 54.1828 2.5046 166.8050 4.7115 -4.4186 1.4118 -8.3351 4.8149 107.0943 2.4296 155.8123 3.2491 105.0080 2.5845 7.3202 2.5419 -6.6343 4.5939 161.9833 2.8905
4449 54.2422 2.5396 166.5520 4.5491 -5.1485 1.4612 -8.2048 4.1747 105.0360 2.3944 154.3396 3.0539 106.4537 2.6054 6.0342 2.7423 -6.5544 4.1386 162.9206 2.7539
4450 54.2621 2.6422 166.2426 4.1246 -5.1214 1.6274 -8.5480 3.7869 102.7458 2.6974 152.2631 3.2419 108.2895 2.6638 5.2191 2.8276 -6.4425 3.7784 164.2770 2.5642
4451 53.5156 2.6003 165.7970 4.4312 -5.5269 1.9996 -8.8584 3.0750 100.4076 2.6125 149.8128 3.1792 110.5225 2.5597 4.7396 2.7207 -6.5786 3.1763 165.6462 2.6257
4452 52.4193 2.6270 164.7167 4.1618 -5.5969 2.5273 -9.2854 3.1008 98.1690 2.5865 147.9557 2.8241 112.7830 2.7358 4.4866 2.7390 -6.3068 2.9377 166.6237 2.6971
4453 50.8139 2.5645 163.3003 4.1719 -5.7614 3.4108 -9.7045 2.4669 96.0381 2.4350 145.7214 2.6842 114.9895 2.3937 4.2484 2.9106 -6.2105 2.8470 167.4812 2.7755
4454 49.0858 2.3688 161.6356 4.0122 -5.8828 4.1388 -9.8173 1.5851 93.8869 2.4182 143.7628 2.4180 117.2087 2.2756 5.1798 2.7043 -6.3144 2.3740 168.2532 3.3322
4455 47.0706 2.3057 159.7598 4.0769 -5.8500 4.5026 -9.9638 0.7880 91.6965 2.5426 141.8226 2.5375 119.8459 2.1465 6.3062 2.7502 -6.5223 1.6652 168.6014 3.3929
4456 45.1738 2.5699 158.1769 3.7663 -6.1576 4.5038 -9.6926 0.0507 89.7323 2.5064 139.4556 2.5729 121.6089 2.3671 6.8803 2.6910 -6.5643 0.9897 168.8032 3.6656
4457 43.5678 2.3937 156.6887 3.5442 -6.2048 4.7357 -9.6092 -0.6167 87.5262 2.4396 137.1092 2.3694 123.8565 2.3034 7.7607 2.7948 -6.7481 0.2970 168.6402 3.5871
4458 41.7032 2.5198 154.9958 3.1594 -6.4920 5.0035 -9.2181 -0.7591 85.4726 2.4275 135.0711 2.4886 126.2743 2.4942 8.5103 2.7594 -7.0970 -0.0587 168.8098 3.7819
4459 39.4488 2.4357 153.2671 2.7502 -6.8114 4.9969 -8.6014 -0.5076 83.3724 2.6088 132.7536 2.4468 128.5452 2.5367 9.0635 2.9086 -7.3869 -0.6879 168.4233 3.6585
4460 37.0866 2.3268 151.2405 2.8960 -7.1925 4.7756 -7.7833 -0.7056 81.2189 2.6720 130.7349 2.5145 130.5904 2.4335 10.1148 2.7027 -7.4561 -0.7541 168.2633 3.5404
4461 35.2634 2.5371 149.2043 2.9067 -7.7180 4.2944 -7.5457 -0.4121 78.9635 2.6797 128.3019 2.6628 133.0121 2.2417 11.0765 2.5494 -7.7464 -0.3013 168.1230 3.5298
4462 33.5322 2.3438 147.2691 2.6428 -8.0292 4.5383 -6.8406 0.0423 76.7279 2.4841 125.8562 2.4668 135.1640 2.4662 11.6396 2.5798 -8.3454 -0.3381 167.8608 3.6182
4463 32.5353 2.5131 144.8252 2.5780 -8.2169 5.0932 -6.6331 0.3812 74.3510 2.5188 123.7352 2.6524 137.5695 2.6325 12.1308 2.4835 -8.5740 -0.8344 167.6259 3.5853
4464 31.0422 2.4940 142.5732 2.6426 -8.0802 5.6445 -6.7442 0.4919 71.8614 2.5122 121.3968 2.4337 139.6954 2.5828 12.0541 2.5241 -8.5594 -0.4808 167.2734 3.3245
4465 30.6458 2.7012 140.2770 2.7034 -8.0231 5.5538 -7.0255 0.5755 69.5891 2.6344 118.8437 2.2705 141.8781 2.4202 12.0973 2.4219 -8.6382 -0.0277 167.1427 2.7939
4466 29.5955 2.5828 137.7426 2.5651 -8.1256 5.7169 -6.7573 1.4877 67.2210 2.4770 116.7505 2.5366 143.8896 2.4581 11.6990 2.4774 -8.2295 0.0531 166.5075 2.4358
4467 28.8890 2.5012 135.4369 2.5571 -8.3756 5.5480 -6.5989 2.1523 65.1474 2.6344 114.3486 2.4699 146.2904 2.7014 11.0359 2.6031 -7.5113 0.6175 166.4146 2.2414
4468 28.6882 2.4312 133.3393 2.3931 -8.4451 5.2839 -5.9644 2.7913 63.0357 2.4785 112.2538 2.3468 148.3774 2.6156 10.4330 2.5575 -7.4721 0.5776 165.9596 1.8942
4469 28.9583 2.4988 130.7118 2.4554 -9.0665 5.0323 -5.8731 2.9652 61.1777 2.3345 109.6668 2.6493 150.8028 2.4090 9.7603 2.6035 -6.9871 0.6110 165.6386 1.4662
4470 29.9687 2.5960 128.1681 2.6167 -9.4830 4.3021 -5.0374 3.3410 59.3477 2.6102 107.3835 2.5786 152.9749 2.3177 8.1708 2.6967 -7.2843 0.8021 165.0442 1.2853
4471 30.5402 2.4762 125.9106 2.4307 -9.7007 3.8451 -4.5302 3.5770 56.8404 2.3938 105.1993 2.6576 155.3383 2.3121 6.2554 2.6855 -7.2588 0.7555 164.1134 1.1670
4472 31.2938 2.4352 123.4202 2.3013 -10.1776 3.8697 -4.0953 3.4829 54.8773 2.4091 102.9950 2.7109 157.4229 2.4465 4.5262 2.7490 -7.6834 0.7686 163.4711 0.6898
4473 31.7528 2.5936 120.9023 2.3554 -10.0246 3.9735 -3.3546 3.8312 52.7724 2.4803 100.4498 2.4283 159.6785 2.4132 2.3486 2.5471 -8.0848 0.3842 162.6262 0.6539
4474 32.1739 2.5221 118.3984 2.5719 -10.5898 4.3135 -2.8810 3.9986 50.8759 2.4984 98.1465 2.5011 161.5572 1.8089 0.6234 2.2568 -8.6842 0.0279 162.1738 0.5919
4475 32.6910 2.4435 116.4041 2.6708 -10.6039 4.5108 -2.3700 4.4720 49.2525 2.5251 95.4620 2.6272 163.7519 1.5916 -1.2674 1.9063 -8.9921 0.0787 161.1871 0.4331
4476 33.1906 2.5002 113.8321 2.6754 -10.2523 4.2098 -1.3737 4.3269 47.0774 2.5045 93.1861 2.5867 165.5699 1.4804 -3.0223 1.6167 -9.2298 -0.3816 159.9743 0.5332
4477 33.5527 2.4338 111.0036 2.6768 -10.4041 4.1159 -0.0230 4.2271 44.6378 2.4172 90.8526 2.4127 167.1331 1.2491 -4.4147 1.3148 -9.4052 -0.3248 158.4219 0.9383
4478 33.5423 2.4651 108.8191 2.4727 -10.0984 4.2643 1.5428 3.8481 42.4074 2.5405 88.8198 2.4637 168.4645 1.3873 -5.6634 1.1115 -9.3776 -0.1090 156.3043 0.6929
4479 32.8632 2.4819 106.4276 2.5262 -10.2946 3.4884 3.3014 3.6470 39.9818 2.5307 86.3148 2.4139 169.4617 1.7333 -6.4300 1.4453 -9.4075 0.3264 154.6920 1.2866
4480 31.7741 2.4805 104.1854 2.5396 -10.3678 2.7058 5.0032 3.7530 37.7225 2.6498 84.1022 2.6113 170.0016 1.9139 -7.4297 1.5285 -9.5475 0.4138 152.8375 1.6681
4481 30.2068 2.4148 101.9719 2.6761 -10.6102 1.9286 7.1461 3.6475 35.8205 2.5175 81.6554 2.5198 170.1534 2.1252 -8.0181 1.7231 -10.2520 0.6298 150.7659 2.1577
4482 29.2555 2.4895 99.6629 2.7451 -10.9518 1.9895 9.1169 3.2268 33.6804 2.5245 79.6570 2.5080 170.4926 3.0428 -8.6982 2.2760 -10.2567 1.2413 148.1720 2.2869
4483 27.7043 2.4004 97.8291 2.5223 -10.8627 1.7156 11.4637 3.0535 31.3543 2.6296 77.4483 2.2754 170.6792 3.3744 -8.7141 2.3703 -10.3832 1.4269 145.8098 2.6835
4484 25.7545 2.3358 95.6191 2.4164 -10.8798 2.6289 13.5860 2.8229 28.9846 2.5804 75.4502 2.5505 170.2676 3.6902 -9.0086 2.6775 -10.2966 1.5491 143.5979 2.8062
4485 23.7711 2.5867 93.2451 2.5131 -10.9286 2.9391 15.8671 2.5855 27.2239 2.5989 73.1938 2.2989 169.8175 3.4729 -8.6757 2.6570 -9.8980 1.8858 141.4098 2.5757
4486 21.3464 2.5554 91.0232 2.5368 -10.6759 3.0182 18.3448 2.5524 25.0282 2.4836 71.2656 2.3636 169.3696 3.3660 -7.7590 2.7944 -9.1514 2.0732 139.0710 2.5835
4487 18.9685 2.5553 88.6435 2.5773 -10.0932 3.4219 20.6753 2.6549 22.4346 2.4068 68.9404 2.2844 168.4451 3.2881 -7.2030 2.6092 -8.8112 2.4096 137.1709 2.6326
4488 16.8362 2.6198 86.2097 2.4830 -9.9821 3.3132 22.8657 2.5846 20.1060 2.6759 66.6014 2.5712 167.9808 3.5517 -6.6492 2.6296 -8.4984 2.5500 135.0969 2.5463
4489 14.9628 2.4087 83.6623 2.6860 -9.5986 2.8072 25.6847 2.6948 17.8088 2.5657 64.4190 2.3254 166.7901 3.6178 -6.5687 2.3611 -8.5569 2.6984 132.7097 2.4012
4490 13.1519 2.6959 81.4612 2.4657 -9.2519 2.4237 28.4077 2.3311 15.3308 2.5870 62.2916 2.4043 165.2349 3.6722 -6.7251 2.4260 -8.5856 2.9132 130.1182 2.4000
4491 11.2701 2.9793 79.4504 2.3191 -9.0105 2.4368 30.6359 2.3982 13.0214 2.6156 60.2744 2.5414 163.5444 4.2765 -6.5658 2.8453 -9.1562 3.3227 128.0889 2.4613
4492 8.9984 3.5048 76.8499 2.3993 -8.8078 1.9442 32.7844 2.3946 11.0693 2.6103 57.9429 2.5830 161.7708 4.3480 -6.0272 3.1115 -9.2029 3.9054 126.4133 2.3515
4493 7.2628 3.8061 74.6556 2.4636 -8.9628 1.8662 35.1228 2.7503 9.0365 2.8780 55.6252 2.3681 160.1385 4.3098 -5.6723 2.4635 -9.0697 4.1567 124.6104 2.4035
4494 5.2059 4.0338 72.6562 2.5409 -9.2179 2.1552 37.3488 2.4740 6.9621 2.8702 53.5031 2.6750 158.1011 3.9773 -5.0919 2.2471 -8.4612 4.4327 123.3164 2.3850
4495 3.0748 4.1217 70.3694 2.5306 -9.1686 2.4370 39.3735 2.5599 5.6755 2.9335 51.2453 2.4707 156.0990 3.9009 -4.6697 2.2069 -7.9419 4.7486 122.4930 2.4251
4496 1.0276 4.4950 68.4221 2.4130 -9.3125 2.5049 41.5037 2.4602 4.7041 3.0630 48.7581 2.6281 153.7815 3.5300 -4.1077 1.7827 -7.7378 4.6386 121.8201 2.4837
4497 -0.7267 4.4684 66.2917 2.3911 -8.9293 3.0283 43.5934 2.5471 4.1684 2.9633 46.7259 2.6765 151.8529 3.2332 -3.2803 1.4714 -6.9829 4.8059 121.1529 2.5215
4498 -2.2578 4.2334 64.8658 2.5084 -8.5804 3.4880 45.6541 2.4836 3.9834 2.9923 44.2114 2.7412 149.7963 2.8257 -2.6115 1.0710 -6.9981 4.6765 120.9533 2.4973
4499 -3.7975 4.0033 63.9098 2.4968 -8.5273 3.4418 47.8693 2.6570 3.3880 2.7935 42.0529 2.4409 147.7115 2.6613 -1.9811 1.1206 -6.7689 3.9586 121.0690 2.4954
4500 -4.9529 3.5469 62.7095 2.4374 -8.3546 3.4481 49.9628 2.4419 3.7663 2.9510 39.9175 2.5468 145.4610 2.8054 -1.1450 1.1989 -7.2885 3.7815 121.2589 2.3717
4501 -5.9421 3.2620 62.0810 2.5014 -7.8601 3.3007 52.4122 2.4983 4.2691 2.8179 37.5711 2.8130 142.7607 2.6457 0.0072 1.1061 -7.7293 3.9542 121.9629 2.4589
4502 -6.5741 3.5282 61.8695 2.4782 -7.5735 3.7480 54.5972 2.2747 4.8036 2.8530 35.0064 2.3886 140.4519 2.5382 1.5267 1.0645 -8.1793 4.3135 123.0449 2.4740
4503 -7.1014 3.2633 61.6056 2.5270 -7.6771 3.7434 57.3139 2.5486 5.9608 2.8640 32.9613 2.7062 138.2580 2.6852 2.7694 0.8198 -8.4376 4.7493 124.2393 2.2904
4504 -7.1001 2.9963 61.7980 2.4529 -7.7791 4.0034 59.2372 2.5114 7.1465 2.8003 31.0856 2.6606 136.1651 2.4427 4.0933 0.9585 -8.7060 4.6027 126.0273 2.4281
4505 -7.0306 2.2959 62.0733 2.6111 -8.0744 3.5586 61.8054 2.4303 8.6704 2.8775 29.0188 2.5148 134.4008 2.4573 5.9480 1.2258 -8.7036 5.1343 127.6935 2.3968
4506 -7.1291 1.3224 62.8175 2.4543 -8.4791 3.0823 63.5460 2.5676 10.7980 2.9440 26.2803 2.5124 132.4122 2.4546 7.9379 1.8667 -8.6320 5.3381 129.9171 2.3122
4507 -6.7727 0.7104 64.0984 2.4515 -8.7219 3.0949 65.2838 2.4948 13.1352 2.7891 23.8759 2.4911 130.0449 2.2094 9.6778 2.2671 -8.5446 4.9534 132.3036 2.5415
4508 -6.7095 -0.2205 65.4173 2.4720 -9.2563 3.0206 67.0756 2.4528 15.2606 2.5471 21.4904 2.3162 127.6166 2.5184 11.9646 2.4691 -8.6686 4.7772 134.5107 2.6770
4509 -6.8947 -0.6593 67.1542 2.4839 -9.4944 3.0449 68.6349 2.2790 17.3759 2.3870 19.3568 2.5655 125.5832 2.5304 13.7683 2.4767 -8.5857 4.8976 136.7731 2.4617
4510 -6.8261 -0.6141 69.0329 2.4172 -9.3555 2.7615 69.5106 2.5449 19.5441 2.8097 17.1629 2.5431 123.1658 2.5057 15.8158 2.4677 -9.0716 5.1294 139.1129 2.2711
4511 -6.9498 -0.4403 71.7599 2.4800 -9.1002 2.6494 70.6165 2.5436 21.9910 2.5284 15.1570 2.5833 121.1714 2.3192 17.6660 2.4497 -9.1836 5.1999 141.4372 2.3642
4512 -7.0771 0.1205 73.8736 2.4804 -8.7631 2.4929 71.4228 2.4487 23.8003 2.5260 12.8825 2.8961 119.0203 2.5958 19.5112 2.4066 -9.3129 5.4582 143.4060 2.5904
4513 -7.1941 0.7130 75.7623 2.5294 -8.3747 2.2068 71.8662 2.5019 25.7577 2.6371 10.9917 2.8243 116.6939 2.4917 21.7782 2.3608 -9.5325 4.9985 145.1151 2.5162
4514 -7.1207 1.1376 77.6915 2.6644 -8.0845 1.9841 71.9715 2.5960 27.7329 2.4786 9.1856 3.1565 114.3372 2.3834 24.4220 2.4276 -10.1201 4.2232 147.2275 2.5480
4515 -7.2716 1.5561 79.5395 2.5938 -8.0562 1.5586 72.1619 2.4474 29.6769 2.4715 7.2968 3.5511 112.2630 2.5129 26.6461 2.4843 -10.1302 3.7023 148.4965 2.6063
4516 -7.5149 2.2708 81.7922 2.5759 -7.7733 1.5754 71.2988 2.3813 31.7725 2.5564 5.2013 3.6333 110.1014 2.5966 29.0815 2.5179 -9.6728 3.3431 149.4729 2.4137
4517 -7.8302 2.7342 83.8302 2.4458 -7.5205 1.8144 70.3119 2.4551 33.9150 2.6555 3.3023 3.9123 107.5157 2.4983 31.0605 2.4580 -9.3660 3.0748 150.6496 2.4865
4518 -7.7731 2.7509 86.1364 2.4710 -7.2770 1.8363 69.4736 2.4840 36.7123 2.5492 1.7401 3.9187 104.9662 2.4453 33.3872 2.5767 -9.2414 2.8252 151.5818 2.5679
4519 -7.6762 3.3091 88.7386 2.6179 -7.1631 1.9584 68.4192 2.3735 38.9066 2.6660 0.2466 3.4238 102.4525 2.4156 35.6467 2.6148 -8.9894 2.9047 152.1222 2.5169
4520 -7.1378 3.5376 90.7749 2.5282 -6.8718 2.1925 66.7966 2.3637 41.0884 2.7058 -1.3056 3.0691 100.2382 2.6439 37.9973 2.5443 -9.1880 2.8785 152.0698 2.4352
4521 -6.5869 3.5983 92.4686 2.6069 -6.1607 2.5518 64.6457 2.4626 42.8310 2.5982 -2.4176 2.9329 97.7592 2.5529 40.5417 2.4892 -8.9727 3.2822 151.7120 2.4373
4522 -6.2519 3.4604 93.7409 2.7313 -6.0637 2.8595 62.4591 2.4087 44.4297 2.5211 -3.7274 2.4733 95.2379 2.2903 42.9817 2.8342 -8.6334 4.3845 150.9764 2.4532
4523 -6.2863 3.5677 95.1689 2.4924 -6.3357 2.9480 60.0430 2.4714 45.8032 2.4985 -4.4342 2.1810 93.1074 2.5045 45.2153 2.6030 -8.6627 4.8370 150.4100 2.4216
4524 -5.9036 3.3149 95.7671 2.5577 -6.9406 3.2213 57.7379 2.4304 46.4162 2.6043 -5.9115 1.9459 91.1436 2.5421 47.3461 2.4488 -8.6144 4.6467 149.1423 2.5289
4525 -5.7266 3.1307 96.3021 2.4267 -7.4106 3.5707 55.6143 2.6715 47.1154 2.5095 -7.0275 1.8122 88.4863 2.6844 49.4125 2.5608 -8.4414 4.5349 147.7551 2.4294
4526 -5.5822 2.4489 96.9221 2.4983 -8.0190 3.3454 53.3968 2.3238 47.3911 2.5717 -7.4867 1.6557 85.9178 2.6194 51.9689 2.6836 -8.4961 4.4333 145.9838 2.5855
4527 -5.5396 2.2732 97.3121 2.5592 -8.4538 3.2886 50.9616 2.4941 47.8072 2.4716 -8.5439 1.2809 83.9002 2.5457 54.4987 2.3527 -7.8904 3.8724 144.2982 2.5135
4528 -5.5469 1.8515 96.5834 2.4051 -8.6110 3.0872 48.3886 2.6800 47.5421 2.5774 -9.1994 1.1934 81.6713 2.6360 56.6771 2.6298 -7.4182 3.7310 142.1252 2.6911
4529 -6.1570 1.8255 96.3199 2.4578 -8.6258 2.4096 45.8948 2.5285 47.2855 2.5022 -9.4248 1.2670 79.5765 2.3911 59.2738 2.6660 -7.0860 3.2083 139.7057 2.3384
4530 -6.4343 1.7175 95.2814 2.5176 -8.5939 2.0869 44.0667 2.3282 46.8089 2.5836 -9.6059 1.5028 77.4353 2.6998 61.9969 2.4562 -6.9210 2.9722 137.7553 2.6319
4531 -7.0526 1.5533 94.0709 2.5612 -8.2401 1.6890 42.4402 2.5370 45.7822 2.5521 -10.0597 1.2918 75.2457 2.5527 64.1743 2.5621 -6.9223 2.7583 135.0821 2.4541
4532 -7.9202 1.0150 92.7457 2.3400 -7.6484 1.2268 40.6512 2.4025 44.9863 2.5852 -10.1713 1.5680 72.9987 2.3842 66.3942 2.3834 -7.0386 2.2276 132.4978 2.4935
4533 -8.2604 1.0995 91.0750 2.4179 -7.1364 0.6673 39.5978 2.5104 44.0176 2.5295 -10.2156 1.5092 70.6861 2.5257 68.7457 2.4300 -7.0939 2.1803 130.2220 2.6522
4534 -8.8677 0.9528 89.2555 2.3891 -6.5229 0.5934 38.5214 2.4144 42.9599 2.5261 -10.1087 1.7806 68.7794 2.4619 71.1707 2.5424 -6.9278 2.0095 128.0532 2.7468
4535 -9.4588 1.3031 86.7403 2.4506 -5.4942 0.2540 38.0659 2.4831 41.8219 2.4148 -10.2445 1.5410 66.3392 2.4034 73.4371 2.4505 -6.9554 2.1399 125.9911 2.6993
4536 -9.5349 1.3795 84.4331 2.3753 -4.3297 0.5541 37.8668 2.5084 40.7349 2.5165 -10.4134 1.3959 64.3566 2.3370 75.8327 2.4570 -6.9756 1.5742 123.5858 2.4427
4537 -9.8891 2.0166 82.2612 2.4807 -2.9818 0.6391 37.7795 2.5055 40.0678 2.6392 -10.5441 1.7407 62.0566 2.6610 77.9525 2.3389 -7.0417 1.0920 121.2354 2.5511
4538 -9.8992 2.5380 79.8968 2.6820 -1.4453 0.5961 37.9550 2.6280 39.7193 2.5795 -10.4528 1.8699 59.8303 2.5121 80.0794 2.6110 -6.9280 1.0467 119.0943 2.4947
4539 -9.9357 2.7472 77.5161 2.5563 0.1536 0.6818 38.3660 2.4760 39.5549 2.5085 -10.0526 1.9968 57.3856 2.5565 82.3986 2.4544 -7.2991 0.7927 116.6858 2.6998
4540 -9.9396 3.4572 75.0979 2.5454 1.9175 0.9977 39.0327 2.5138 39.4037 2.4188 -10.2079 2.1164 55.1583 2.6575 84.6947 2.4022 -7.4175 0.7758 114.0952 2.6377
4541 -9.9715 3.4464 72.9210 2.6112 3.8654 1.4411 40.2365 2.4344 39.5159 2.3282 -9.5656 1.9503 52.7970 2.4731 87.0778 2.5699 -8.0673 0.6167 111.5202 2.7823
4542 -10.2881 3.4461 70.8725 2.6756 5.2233 1.7943 41.8791 2.5493 40.2155 2.5071 -9.0612 2.1241 51.4913 2.6054 89.8622 2.2069 -8.6525 0.6070 109.2152 2.3869
4543 -10.4395 3.2157 68.4508 2.5884 6.2751 2.0179 43.7309 2.4794 41.5059 2.5329 -8.5990 1.8329 50.4130 2.5840 92.5658 2.5178 -8.9175 0.4921 107.0293 2.6049
4544 -10.1993 3.1932 65.7061 2.5116 7.1698 2.2297 45.8624 2.5820 42.6919 2.6899 -8.3431 1.6439 49.2785 2.4929 94.9260 2.4770 -8.5780 0.7987 104.4676 2.4693
4545 -9.8461 3.0937 63.5966 2.4520 7.4113 2.3978 47.9665 2.7235 44.2535 2.4690 -7.5445 1.3608 48.3067 2.5722 96.7990 2.6023 -8.6778 1.4572 102.2921 2.4902
4546 -9.1751 3.3168 61.2920 2.3397 8.1024 2.5794 50.0982 2.5185 46.2403 2.5801 -7.1594 1.2389 47.6119 2.4025 99.1239 2.6279 -8.6866 1.5395 100.0432 2.4682
4547 -8.6315 3.0596 58.8022 2.3194 8.2387 2.5165 52.0827 2.4415 48.2427 2.4149 -6.4431 1.1287 47.0819 2.5019 100.9766 2.5118 -8.4546 1.8838 97.5124 2.3589
4548 -7.7514 2.8728 56.0005 2.4470 8.0237 2.3840 54.4093 2.3693 50.3256 2.3891 -5.8196 0.6217 46.9982 2.4969 102.6974 2.3754 -8.5634 2.0189 95.1399 2.4557
4549 -7.1347 2.4702 53.9247 2.4472 7.4203 2.1234 56.6666 2.5802 52.5492 2.5089 -5.0854 0.7266 47.2502 2.5162 103.8705 2.4723 -8.7428 1.8801 92.5050 2.4614
4550 -7.0020 2.1616 52.0466 2.4812 6.8235 1.7254 58.7764 2.5932 55.4146 2.4726 -5.1557 0.5429 47.6188 2.4573 105.1122 2.4441 -9.2460 1.8194 90.3057 2.3942
4551 -6.9611 1.9918 49.5511 2.6106 5.5749 1.5934 61.2750 2.3349 57.7390 2.5750 -4.6017 0.4568 48.8025 2.5044 106.1572 2.5788 -9.4098 1.6215 88.1535 2.5213
4552 -6.7478 1.6161 47.4106 2.7077 4.0762 1.2691 63.4123 2.4033 60.2127 2.6622 -4.2474 0.5725 50.0320 2.3601 106.5498 2.5159 -9.6530 1.7081 86.4611 2.5648
4553 -6.1034 1.8903 45.3866 2.4623 2.6829 0.9331 65.6905 2.3657 62.7521 2.4396 -4.2538 1.0224 51.6241 2.3135 106.9611 2.5729 -9.8297 2.0511 84.7953 2.4500
4554 -5.6517 2.1999 43.2399 2.3661 1.3235 0.6689 67.9244 2.4829 64.8436 2.4774 -4.4194 0.9485 53.4918 2.3102 107.0060 2.4968 -10.0631 2.7213 83.5538 2.5338
4555 -5.4810 2.7942 40.9864 2.4191 -0.1885 0.8945 70.3369 2.5815 66.8493 2.5021 -4.6759 1.2834 55.7658 2.5325 106.5984 2.5447 -10.0357 3.1897 82.1460 2.5180
4556 -5.5400 2.6249 38.9028 2.3038 -1.8191 0.9416 72.8490 2.5341 68.7906 2.3281 -4.8396 1.6096 57.9492 2.5463 106.2066 2.5286 -10.1739 3.7427 81.5527 2.5069
4557 -5.5548 2.9406 36.0182 2.6464 -3.1574 1.2681 75.2810 2.4585 70.9026 2.4956 -5.3987 0.7364 60.1802 2.3762 105.3123 2.5022 -9.8340 3.9081 81.1290 2.4702
4558 -5.5803 3.5373 33.9064 2.8107 -4.7100 1.5569 77.5676 2.4090 73.0459 2.5059 -5.6331 0.6147 62.5704 2.5991 104.3383 2.3470 -9.4227 3.5748 80.9783 2.5327
4559 -5.6013 3.4474 31.3262 2.5076 -5.2626 2.0990 79.6617 2.3608 74.8068 2.6681 -5.8491 0.3192 65.0625 2.6099 102.9599 2.4157 -9.0039 3.2269 81.0494 2.4367
4560 -6.0208 3.5338 28.8836 2.6446 -6.2963 2.4120 81.8709 2.2661 76.8948 2.6061 -5.7385 0.1320 67.3436 2.4502 100.8885 2.1840 -9.0805 2.8490 81.2370 2.4734
4561 -6.1732 3.9604 26.8427 2.5669 -6.8534 2.8520 84.3051 2.4162 79.3047 2.3840 -5.8023 -0.1564 69.7346 2.6162 98.6068 2.4468 -8.4186 2.5432 81.9446 2.5047
4562 -6.2592 3.8867 24.3323 2.3726 -7.5058 3.1249 86.6493 2.2235 81.4321 2.5838 -5.6565 0.1561 71.7065 2.5847 96.3787 2.4921 -8.3283 2.6452 82.9242 2.4219
4563 -6.2237 3.7234 22.2132 2.4733 -7.9960 3.4575 88.6918 2.7393 83.9236 2.5357 -5.7817 0.6492 74.0731 2.4351 94.2874 2.4575 -8.8204 2.4356 84.0227 2.5570
4564 -6.5255 3.8365 20.1281 2.6527 -8.6171 4.1204 91.4386 2.6297 86.2209 2.5120 -6.2246 0.9709 76.3415 2.3007 92.2117 2.3364 -8.3736 2.6833 85.6914 2.4870
4565 -6.6856 3.6342 18.1904 2.5811 -8.6572 4.2016 93.1626 2.4573 88.5198 2.5545 -6.4466 0.7026 78.0308 2.3507 89.9037 2.2443 -7.8245 2.5530 87.0032 2.7497
4566 -6.7610 3.1952 16.7109 2.5792 -8.5785 4.9823 95.3459 2.5766 91.0583 2.4537 -6.4699 0.4803 79.4329 2.2466 87.5960 2.5217 -7.3961 2.5573 88.9217 2.6340
4567 -6.6405 2.4763 15.1529 2.5283 -8.6490 5.1443 97.0418 2.4799 93.5764 2.5476 -6.2537 0.4289 80.7774 2.3542 84.9939 2.3643 -7.0120 2.3961 91.0941 2.3770
4568 -6.3423 1.7212 14.2275 2.4836 -8.6785 5.6863 98.3824 2.4692 95.9053 2.3421 -5.7946 0.4062 81.8440 2.5338 82.7480 2.5748 -6.4970 2.4400 93.0953 2.6435
4569 -5.8810 1.3138 13.6092 2.5073 -8.1774 5.9828 99.0822 2.5102 98.1673 2.4982 -5.5554 0.1679 82.2482 2.4422 79.9874 2.5343 -6.1534 2.1577 95.4338 2.4089
4570 -5.5035 0.8732 13.1999 2.5538 -8.0246 6.1391 99.7388 2.4950 100.1188 2.6129 -5.3451 0.4085 82.3295 2.4647 77.7422 2.7008 -6.0712 2.1179 97.6680 2.4229
4571 -5.4956 0.5756 13.6306 2.5268 -7.7070 5.9796 100.3942 2.5418 101.6853 2.4794 -5.1284 0.4319 82.5961 2.5336 75.4376 2.5828 -5.9585 1.4959 99.7451 2.4307
4572 -5.7884 0.6252 14.1118 2.5402 -6.8410 6.0684 100.6926 2.5203 103.3000 2.4820 -4.4854 0.8722 82.7403 2.3978 73.4258 2.5933 -6.1232 1.5075 101.6058 2.3919
4573 -5.8372 0.5388 14.3576 2.4524 -6.0293 5.8248 100.2261 2.5453 104.0258 2.5422 -4.3944 1.6916 82.3458 2.4952 71.4427 2.5729 -6.8149 1.2409 103.5809 2.5171
4574 -5.6066 0.8300 14.9165 2.4251 -5.2417 5.3687 100.0204 2.6051 104.2384 2.3935 -4.5227 2.4086 81.1731 2.3737 69.0448 2.6222 -6.9988 1.3194 105.9382 2.7409
4575 -6.4161 1.0194 15.8830 2.2944 -4.3273 4.9724 99.3306 2.4812 105.0135 2.4967 -4.4225 3.0846 80.0773 2.4219 66.7274 2.6009 -7.1003 1.5480 108.3948 2.4308
4576 -6.7784 0.9987 17.3965 2.5323 -3.4062 4.4268 98.7881 2.4188 105.1554 2.4342 -4.3593 4.2488 78.9839 2.4432 64.5494 2.5273 -6.9683 1.4091 110.5538 2.5550
4577 -7.2000 1.2077 19.0007 2.4163 -2.2745 4.4105 98.1005 2.4870 104.9149 2.5274 -4.3777 4.6310 77.7460 2.3252 62.0666 2.5779 -6.9716 1.8177 112.9533 2.4165
4578 -7.6506 0.7118 21.1073 2.2882 -0.6961 4.5843 97.8114 2.5648 104.5950 2.4682 -4.0706 4.6452 76.0088 2.3678 59.3408 2.6605 -6.8006 2.3726 114.8602 2.4525
4579 -8.2672 0.5204 23.5481 2.3799 0.6169 4.4617 96.6386 2.4035 104.6081 2.5019 -3.9433 4.3403 73.8950 2.3118 57.2384 2.3932 -5.8301 2.4730 117.2879 2.5368
4580 -8.7985 0.6410 25.8664 2.5672 2.4913 4.2029 96.1075 2.4959 104.1840 2.5235 -3.8798 4.2114 71.5954 2.7306 55.1060 2.5530 -6.0394 2.3627 119.0596 2.4469
4581 -9.1758 0.9280 28.0774 2.6084 4.2578 3.9401 95.5798 2.4114 103.5950 2.4878 -4.0304 4.2768 69.7194 2.6147 52.9141 2.5374 -6.1616 1.7469 121.3801 2.3789
4582 -9.4481 1.4500 30.1450 2.5645 6.4301 3.3693 95.7552 2.5712 103.1790 2.5598 -4.1354 4.6866 67.7735 2.5495 50.9939 2.4281 -6.6337 1.6888 123.5422 2.6316
4583 -9.7573 2.1855 32.3433 2.5095 8.7539 2.9656 95.9748 2.5627 103.0144 2.4937 -4.4509 5.2791 65.7261 2.6898 49.4105 2.3984 -7.0901 1.5473 125.8665 2.4980
4584 -9.7602 2.1020 34.3999 2.4338 10.9782 2.8205 96.2951 2.5654 102.9697 2.5774 -5.2579 5.2501 63.4155 2.5534 48.3070 2.4827 -8.0332 1.4538 128.2651 2.6477
4585 -9.7991 2.8300 36.2870 2.5674 12.9388 2.3140 96.8620 2.6209 102.4440 2.3703 -5.8405 5.2694 60.9914 2.4367 47.2123 2.5106 -8.3275 1.1338 130.5282 2.4312
4586 -9.5094 3.0615 38.6150 2.6056 14.8116 2.3480 97.8548 2.5664 102.5965 2.5141 -6.6994 5.5607 58.7931 2.3255 46.0440 2.3589 -8.8938 1.0139 133.1463 2.4427
4587 -9.3992 3.2758 40.8886 2.5511 16.5588 2.4001 98.9752 2.4458 102.6880 2.4835 -6.8782 5.2721 56.2469 2.6494 45.5418 2.3901 -8.8997 1.0321 135.7285 2.6340
4588 -9.6344 3.4078 43.1732 2.5034 18.3544 2.3291 100.7130 2.4649 103.0615 2.6159 -7.1265 4.8308 53.8146 2.5311 45.2455 2.4797 -8.8051 1.0414 138.4964 2.6730
4589 -9.8244 3.3531 45.6027 2.3946 19.7829 2.4611 102.8903 2.6657 103.4662 2.5485 -7.2437 4.8034 51.9231 2.2320 45.3091 2.4956 -8.5528 0.7795 140.7011 2.7992
4590 -9.6248 2.6924 47.8234 2.3803 20.7250 2.4070 105.1249 2.6660 104.4687 2.5326 -6.9421 4.7345 49.4449 2.4497 45.3812 2.5483 -8.4725 0.5478 142.6805 2.7077
4591 -9.9320 2.2573 50.1370 2.1765 21.3015 2.3639 107.1274 2.5627 105.6886 2.4863 -6.7522 4.7169 46.8390 2.6444 45.7344 2.5318 -8.2661 0.3911 144.8555 2.4436
4592 -9.6606 1.8085 52.7823 2.3548 21.5855 2.4160 108.6353 2.5032 107.1951 2.5114 -6.4952 4.7922 44.5277 2.3394 46.3705 2.5813 -8.2635 0.7333 147.1127 2.1591
4593 -9.4415 1.5966 55.0917 2.5300 21.8203 2.5057 110.7776 2.4884 109.4959 2.7325 -5.8446 5.2072 42.1979 2.4644 47.0543 2.5925 -8.5717 0.3981 149.4544 2.4010
4594 -9.3220 1.6179 57.4995 2.5019 21.6284 2.5508 113.2648 2.7043 111.6369 2.6566 -5.3637 4.9381 39.7819 2.5039 48.4353 2.4862 -8.6411 0.0001 151.5633 2.1434
4595 -9.2473 1.4680 59.7599 2.5141 20.8311 2.5979 115.0461 2.6684 113.9537 2.4503 -5.4364 4.7330 37.3427 2.6472 50.0442 2.3804 -9.0981 -0.3174 153.5997 1.4558
4596 -9.3507 1.6651 62.3012 2.3482 20.3457 2.4890 117.4883 2.7806 116.5388 2.6748 -5.8751 4.5759 35.3029 2.6280 51.9405 2.6744 -9.1839 -0.2085 155.9048 1.0296
4597 -9.4580 2.3895 64.7688 2.2168 19.7296 2.4474 120.0675 2.5855 118.6930 2.3250 -6.0298 4.0860 33.2028 2.3250 53.8870 2.5336 -9.5401 -0.0694 158.0934 0.8170
4598 -9.3585 2.8471 66.7122 2.3169 18.3491 2.5415 122.6599 2.3974 120.7629 2.2532 -6.3029 3.4794 30.5877 2.5336 55.8473 2.5693 -9.4913 0.1883 159.7678 0.7483
4599 -9.0072 3.0702 69.4230 2.3617 17.7363 2.3856 124.7896 2.5447 122.7035 2.4961 -5.8581 2.7491 28.1998 2.5463 57.8964 2.6735 -9.8741 0.4808 161.0285 0.8639
4600 -8.7456 3.3483 71.3990 2.4231 16.4052 2.4172 127.2082 2.4651 124.9654 2.3687 -5.2409 3.0002 25.6865 2.4327 60.0740 2.4761 -9.7676 0.7691 162.5518 0.8906
4601 -8.5900 3.1560 73.5695 2.5363 15.1464 2.5318 129.5993 2.4277 127.1282 2.7108 -4.8733 3.0157 23.6087 2.6346 62.5228 2.5511 -9.6775 1.3038 163.9303 0.9647
4602 -8.5233 3.5776 75.5438 2.4474 14.2360 2.4175 131.7914 2.4807 129.1205 2.4579 -4.7624 3.4443 21.2233 2.6209 64.8932 2.4709 -9.6582 1.1387 164.9969 0.9128
4603 -8.3135 3.5667 77.8278 2.3079 13.2563 2.4959 134.1409 2.2944 131.3302 2.5452 -4.5801 3.6253 18.8846 2.4340 66.6417 2.6440 -9.7242 1.0168 166.1617 0.4204
4604 -8.2123 3.7399 80.1094 2.3271 12.7741 2.4904 136.3338 2.5105 133.4689 2.4114 -4.4631 3.8819 16.5557 2.4742 68.4994 2.4407 -9.8865 1.4279 167.1712 0.3541
4605 -8.4811 4.1445 82.4714 2.3725 12.6454 2.4875 138.6699 2.4732 135.4457 2.4141 -4.7980 3.6670 14.1438 2.5413 69.8984 2.6714 -9.7278 2.0694 168.1369 -0.3174
4606 -8.5795 4.2818 85.0185 2.4511 12.8861 2.5476 140.6188 2.4351 137.1992 2.3909 -5.7984 3.4201 12.0839 2.6376 71.3294 2.5609 -9.9570 2.1189 168.7795 -0.0962
4607 -8.6860 4.4828 87.1305 2.3770 13.3059 2.5603 143.1181 2.3791 138.7623 2.3080 -5.8741 3.6264 10.0118 2.7978 72.3753 2.4213 -10.2781 1.9533 169.6993 -0.2996
4608 -8.0486 4.9154 89.5410 2.6461 13.8514 2.6594 145.3535 2.4226 140.5332 2.4519 -5.7626 3.8185 7.8588 3.2260 73.2141 2.5014 -9.7784 2.0230 170.3647 0.2353
4609 -7.8164 5.3763 91.7112 2.3559 14.8345 2.6705 147.3062 2.5435 141.2988 2.3759 -6.2433 3.8402 6.2000 3.5488 73.4481 2.5416 -9.3705 1.9243 171.1795 0.2152
4610 -8.0859 5.5646 94.0856 2.5667 16.1979 2.5118 149.2541 2.5399 142.0746 2.5022 -6.3519 4.0818 4.4964 3.6277 73.6058 2.5041 -9.0701 1.8688 171.3280 0.9056
4611 -8.2835 5.0246 96.2924 2.4304 17.7425 2.6175 151.0383 2.5298 142.6970 2.4246 -6.1174 4.6797 2.4144 3.7396 72.9073 2.5379 -8.7588 1.6143 171.3440 1.3452
4612 -8.1639 4.8955 98.5970 2.5977 19.4410 2.6366 153.4636 2.6954 143.3320 2.4720 -6.3960 4.9941 1.1617 3.7176 72.6734 2.5764 -8.4345 1.4363 170.8747 2.0728
4613 -8.1852 4.4890 100.6818 2.7720 21.6390 2.5721 154.9977 2.3554 143.7217 2.4138 -6.9285 5.2024 -0.1979 3.7055 71.4610 2.4529 -8.4183 1.2331 170.4379 2.7226
4614 -8.0865 3.8952 102.9426 2.6801 24.0667 2.6938 156.9220 2.3889 144.3286 2.5306 -7.3101 5.3084 -1.4297 3.7035 70.2064 2.4638 -8.1217 1.4013 170.2694 3.0509
4615 -8.2782 3.0722 105.3477 2.5146 25.7895 2.4361 158.7140 2.2854 144.9467 2.4467 -7.8199 5.5350 -2.2776 4.0196 68.9100 2.4553 -7.8438 1.5403 169.7306 3.2450
4616 -7.9852 2.8771 107.3404 2.3231 27.0333 2.6063 159.8100 1.8026 145.5419 2.3673 -8.1971 5.2037 -3.4149 4.4666 67.1559 2.5278 -7.9304 1.7948 169.6574 3.4913
4617 -8.2616 2.4702 109.7293 2.4581 28.3403 2.5485 161.7581 1.5792 146.1551 2.5155 -8.0083 4.6600 -3.9691 4.7362 64.8046 2.4347 -7.2889 2.2025 169.6394 3.7869
4618 -8.4550 2.0097 111.9379 2.5522 29.1314 2.6368 162.8582 1.2958 146.2944 2.4988 -8.8184 4.3225 -4.9910 5.3017 62.5004 2.5547 -6.5741 2.7611 169.9193 4.0285
4619 -9.1059 1.9288 114.0585 2.4673 29.4750 2.5745 164.0334 0.8523 146.6216 2.4694 -9.1334 4.1588 -5.6047 5.7508 60.0891 2.6093 -6.1296 3.2548 170.4691 3.9128
4620 -9.2597 1.3611 116.3653 2.6231 29.8629 2.5192 165.0958 0.7464 146.6190 2.4421 -9.2791 4.0996 -6.6268 5.8224 57.8687 2.5560 -5.6995 3.8567 170.6452 3.9234
4621 -9.2439 0.8607 118.5340 2.3879 29.9730 2.4881 166.1555 0.7592 146.6776 2.4804 -8.8491 4.7554 -7.3517 5.7821 55.4572 2.4526 -6.1708 4.3419 170.9154 4.0007
4622 -9.3289 0.3879 120.3886 2.6722 29.4231 2.4022 166.8565 0.6585 146.6413 2.4768 -8.4729 5.0164 -7.4823 5.6506 53.5893 2.7010 -6.1222 4.7938 170.7057 3.7160
4623 -8.7391 0.0978 122.5024 2.4494 28.9294 2.4701 167.4884 0.1993 147.2452 2.4774 -8.2224 5.5918 -7.8885 5.0338 51.3803 2.4002 -6.2677 4.8934 170.1630 3.6538
4624 -8.0346 -0.5465 124.2399 2.7205 28.1747 2.5098 167.6920 -0.5631 148.0589 2.4344 -7.4885 5.7127 -8.1002 4.7041 48.6481 2.4743 -7.1619 5.0373 169.6400 3.3482
4625 -7.5892 -0.7498 126.6390 2.7114 27.4362 2.3331 167.6353 -0.9029 148.4574 2.4982 -7.0782 6.1076 -8.1913 4.2303 46.2359 2.3324 -7.8857 4.7101 168.7701 2.8118
4626 -7.3447 -0.9167 129.2537 2.5747 26.5190 2.3431 167.7922 -1.0956 149.3656 2.4843 -7.0100 5.9526 -8.3453 3.3060 43.7156 2.5497 -8.0334 4.5862 168.4286 2.3281
4627 -7.5141 -1.1128 131.5964 2.6653 25.3596 2.4062 167.3513 -1.3421 150.3129 2.5016 -6.5691 5.7876 -8.8210 2.6975 41.5480 2.4155 -7.9223 4.3212 168.3299 1.8680
4628 -7.5899 -1.0662 134.5058 2.5042 24.6471 2.4420 167.0100 -1.0673 151.4713 2.6068 -6.4163 5.5803 -9.1405 2.1305 39.3282 2.4147 -7.8667 3.4477 168.6469 1.4092
4629 -8.0533 -0.6882 136.9328 2.5034 24.1061 2.4056 166.2645 -0.6817 152.1776 2.4737 -6.6466 5.0528 -9.2610 1.7232 36.9000 2.3612 -7.9214 3.1642 168.7643 0.9118
4630 -8.4519 -0.6494 139.3586 2.5173 23.7974 2.4481 165.8013 -0.3623 152.9451 2.5314 -6.8043 4.3110 -9.0898 1.1027 34.4382 2.6125 -7.9041 2.9874 168.9727 0.2763
4631 -8.6141 -0.6278 141.2643 2.5121 23.8286 2.5019 165.0403 0.0044 154.2019 2.4186 -6.8776 4.0979 -9.4491 0.6535 32.3092 2.3971 -7.8585 2.8493 169.2094 -0.1884
4632 -8.9147 -0.5037 143.5193 2.3994 24.0597 2.5785 164.0209 0.2382 154.8297 2.5309 -6.7839 3.9722 -9.7138 0.6404 29.8063 2.5476 -7.9918 2.6142 169.3913 -0.0352
4633 -8.9109 -0.0501 146.2531 2.8246 24.4653 2.5218 162.4859 0.3618 155.5777 2.9206 -6.6441 3.6959 -9.4439 0.5024 28.0690 2.5091 -7.7824 1.7274 168.9221 -0.1036
4634 -9.0224 0.3016 148.2020 2.8727 25.3463 2.6136 160.8136 0.4280 156.1523 3.3647 -6.8239 3.0663 -9.5216 0.4223 25.7612 2.5709 -7.1268 1.2965 168.5419 -0.1674
4635 -8.9002 1.3224 150.5161 3.0680 26.0930 2.5036 158.8462 0.7988 157.3574 3.7805 -6.7409 2.6048 -9.4380 0.3661 23.3704 2.3604 -5.9318 1.1811 168.7060 -0.0601
4636 -8.6723 1.8949 152.6422 3.1132 26.7370 2.6100 157.0234 1.0490 158.9526 4.0166 -6.7234 2.1136 -9.2382 0.4276 21.3731 2.5292 -4.8054 0.9723 168.9394 0.0162
4637 -8.1011 2.5308 154.9744 2.9522 27.2492 2.5064 155.1144 1.5124 160.5089 4.3482 -6.5807 1.9103 -9.7154 0.4710 18.7367 2.3817 -3.2205 0.6506 168.9515 -0.3695
4638 -7.9970 3.3117 157.2034 3.2777 28.1886 2.5030 153.1276 1.5977 162.0755 4.6144 -6.9782 1.8593 -9.8844 0.6712 16.3378 2.5457 -1.8030 0.4906 168.7444 -0.4669
4639 -8.2946 4.2286 159.3694 3.5303 28.7638 2.5978 150.7928 1.7956 163.5741 4.9063 -7.4864 1.8325 -9.5028 0.3433 14.2359 2.2925 -0.4699 0.8983 168.6721 -0.5006
4640 -8.1569 4.3481 161.7013 3.6141 28.9772 2.5085 148.2957 2.0499 165.1167 4.6076 -8.1768 2.3191 -10.0252 0.6435 11.9998 2.2401 0.9312 1.1019 169.1320 -0.4547
4641 -8.6804 4.6340 163.1335 3.5778 28.4212 2.4816 146.3076 2.1035 166.7063 4.2599 -8.3297 2.3895 -10.6335 0.8267 10.0153 1.8909 1.4998 1.5062 169.6862 -0.4178
4642 -8.9302 4.5902 164.3805 3.6988 28.1666 2.3865 144.0210 2.5626 167.3872 4.2683 -8.8945 2.4370 -10.7035 0.8543 7.8076 1.9349 2.3662 1.8512 169.9117 -0.4805
4643 -8.9227 4.9303 166.0363 3.3210 26.8938 2.5879 141.5908 2.5686 167.8070 4.1506 -9.0860 2.6428 -10.4116 1.2151 5.8150 1.8031 2.4703 2.1526 169.9109 -0.4017
4644 -8.8734 5.1125 166.7262 3.4333 26.1131 2.6058 139.2248 2.5370 168.4792 3.5410 -9.1453 3.5224 -9.7922 1.1589 3.6943 1.3802 3.0263 2.3876 169.8383 -0.4781
4645 -8.7410 4.4961 167.7238 3.5037 24.9723 2.4366 136.5225 2.5867 169.1893 3.3670 -9.2307 4.3160 -8.9997 0.9930 1.8052 1.0812 2.7408 2.2886 169.8185 -0.2987
4646 -8.5996 4.0782 167.7994 3.5270 23.3355 2.5260 134.3683 2.5018 169.3862 3.0528 -9.2733 4.9418 -8.6533 1.0610 0.3563 0.8526 2.9613 2.0896 169.1265 -0.4680
4647 -8.5098 3.4209 168.2181 3.6210 21.5013 2.7101 132.0968 2.5936 169.5770 2.7496 -9.6723 5.2913 -8.0986 1.1681 -1.1139 0.5087 2.4220 1.8755 168.2784 -0.5336
4648 -8.3186 2.9756 168.6566 3.5292 19.7873 2.6728 130.2582 2.5177 170.2238 2.4150 -9.5795 5.6441 -7.4436 1.0510 -1.9628 0.1736 1.8102 1.8574 167.3505 -0.4351
4649 -8.2749 2.1960 169.0002 3.1364 17.8657 2.5021 128.1756 2.3541 170.8038 1.9264 -9.0518 5.7608 -7.1262 1.0459 -3.0570 -0.0460 0.9906 1.6945 166.6860 -0.0952
4650 -8.1889 1.8593 168.9059 2.9417 15.6438 2.4207 125.5066 2.5827 171.3082 1.8369 -8.5791 5.8168 -7.2056 0.6616 -3.9602 0.0990 -0.0360 2.0809 165.6185 0.4163
4651 -7.6616 1.4463 168.8790 2.7716 13.3642 2.3627 123.0638 2.6412 171.1856 1.7305 -8.5462 5.9309 -6.7437 1.0148 -4.4672 0.0720 -1.0565 2.4534 164.6345 0.7537
4652 -7.9358 0.8046 168.7896 2.5670 11.1408 2.7978 120.5238 2.6457 171.1865 1.8909 -8.0882 6.2662 -6.7237 1.3155 -5.4633 -0.1844 -2.2017 2.8618 164.0877 1.0009
4653 -7.6486 0.5745 168.5661 2.3590 9.1176 3.2634 118.0112 2.3959 171.0182 1.9705 -8.0539 5.8614 -6.5773 1.7973 -5.9023 -0.2320 -3.3472 3.4973 163.7813 1.3757
4654 -6.8484 0.4575 168.0251 1.9771 6.8987 3.5263 115.6895 2.2358 170.9467 1.8209 -7.7143 5.4108 -6.6865 2.2128 -6.3204 -0.5834 -4.8751 3.5807 163.4935 1.4977
4655 -5.8863 0.0958 167.9244 1.9631 5.3248 3.4462 113.1034 2.4141 170.3613 2.0165 -7.0392 4.9811 -6.7524 2.2986 -6.6996 -0.4950 -6.1370 3.6182 162.7697 1.8846
4656 -4.9406 0.1751 167.8552 1.9341 2.9575 3.4976 110.6091 2.6059 170.0323 2.0107 -6.1159 4.5164 -6.8281 2.6679 -6.8624 -0.8345 -7.1623 3.4479 162.6581 2.2472
4657 -3.5854 0.2586 167.8301 2.1363 1.2725 3.4512 108.1957 2.5996 169.8744 1.8820 -4.4925 4.0705 -6.9342 3.1500 -7.0335 -0.8825 -8.3808 3.5952 162.0997 2.3859
4658 -2.1714 0.4000 168.0900 1.9379 -0.3142 3.2103 106.0089 2.4562 169.3649 1.8312 -3.1888 3.9537 -7.3079 3.3717 -6.9931 -0.8210 -9.2507 3.5734 162.1267 2.4962
4659 -0.5028 0.5462 168.8357 1.9708 -2.2153 3.8735 103.4728 2.3461 168.8871 2.0852 -1.9099 4.0064 -7.1191 3.7284 -6.9311 -0.6706 -9.7603 3.8369 162.2313 2.7708
4660 1.4242 1.0019 169.6367 1.7580 -4.0712 4.2780 101.1013 2.5127 168.5205 1.9193 -0.8666 3.9051 -7.0395 3.8144 -6.9453 -0.1559 -9.9114 3.8981 162.9247 2.8748
4661 2.9311 1.4273 170.3026 1.4107 -5.3917 4.5766 99.6580 2.5294 167.5247 2.2630 0.2774 3.9182 -7.0854 4.1154 -7.0378 0.1968 -9.8488 4.3616 163.7325 3.2734
4662 4.8671 1.4155 170.3589 1.5220 -6.3040 4.8749 97.8798 2.3035 166.8567 2.2097 1.9666 3.9561 -7.5621 4.1834 -7.0707 1.0878 -9.8411 4.9259 164.4755 3.2949
4663 6.5345 1.9330 170.5089 1.2124 -7.0182 5.2556 96.5762 2.4599 166.5198 2.2295 3.7932 4.0406 -7.5518 3.4739 -7.2893 1.9110 -9.6152 5.0684 164.9701 3.5077
4664 8.2805 2.2292 170.8238 0.9689 -7.6908 5.2970 95.3854 2.6005 166.3794 1.7585 5.8990 3.6624 -7.5454 2.5867 -7.4609 2.3535 -9.2902 5.1843 165.6135 3.9082
4665 10.4459 2.2944 170.5340 0.9332 -8.4659 5.3985 95.2276 2.5893 166.1802 1.6021 8.0732 3.5270 -7.8328 2.0017 -7.8243 2.7906 -9.3379 4.9904 166.2071 3.7665
4666 12.7217 2.0184 170.2794 0.7967 -8.8503 4.9021 94.4846 2.5516 165.8030 1.4087 10.0976 3.1928 -7.8319 1.6676 -8.0821 3.2723 -9.1570 4.6549 167.0484 4.2373
4667 15.0630 2.6692 170.5197 0.3881 -9.1081 4.3843 94.2639 2.5394 165.6220 1.0859 12.0664 2.8927 -7.4796 1.2431 -8.0390 3.5968 -8.6631 4.2652 168.3726 4.4999
4668 17.0912 2.7043 170.2520 0.2728 -9.3854 3.9155 94.1882 2.5349 165.4517 1.1679 14.1718 2.5195 -6.8574 1.1425 -8.2288 3.8853 -8.1534 3.8163 168.8023 4.7957
4669 19.2352 2.5835 170.3778 0.0884 -9.4079 3.5249 94.6653 2.5482 165.1150 1.0636 16.5791 2.4497 -5.9765 1.1654 -7.9364 4.3490 -7.8582 3.6077 169.4512 4.8980
4670 21.3576 2.6282 170.7337 0.2363 -9.0169 3.4307 94.9358 2.5786 165.1982 1.0900 18.5860 2.3122 -5.0070 1.0517 -7.2511 4.6144 -7.3367 3.5672 169.9980 4.8847
4671 23.3381 2.6050 171.1779 0.5094 -8.5778 3.6706 95.9502 2.6650 165.2909 1.2980 20.6244 2.5206 -4.1797 0.9594 -6.5425 5.1794 -6.6585 3.2594 170.1893 4.7820
4672 25.5289 2.6084 171.3158 0.4866 -8.3131 4.2691 97.4584 2.6291 165.0578 1.7347 23.1226 2.6546 -3.3884 0.9414 -6.1403 5.3489 -6.2953 2.6893 170.4178 4.1404
4673 27.7725 2.3458 171.4208 0.6292 -7.9120 4.6543 99.2050 2.2917 164.9593 2.5123 25.4980 2.7048 -2.1351 1.3301 -5.5592 5.1865 -5.7631 2.6585 170.0559 3.3640
4674 29.6494 2.3982 171.4382 0.8004 -7.3987 4.9330 100.8139 2.4316 165.2991 2.7599 27.9902 2.6582 -1.0969 0.9294 -5.7991 4.7443 -4.9438 2.4968 169.5430 2.7224
4675 31.6625 2.3970 171.4230 0.7008 -6.9855 4.9036 103.0277 2.3468 165.6429 3.2277 30.2859 2.7020 -0.1506 0.9856 -5.8108 4.4069 -4.3127 2.0259 168.7180 2.6313
4676 34.1917 2.5451 171.2872 0.4471 -6.4905 4.8818 104.7890 2.6291 166.4968 3.5229 32.6150 2.5263 1.0819 0.7916 -6.3358 4.1848 -3.8072 1.7787 168.0586 2.2627
4677 36.4912 2.4276 171.0613 0.2680 -5.9760 4.7284 107.2403 2.6731 166.9031 3.6985 35.0037 2.7429 2.4218 1.2180 -6.7452 3.8116 -3.0478 1.7302 167.4318 2.2492
4678 38.6601 2.4441 170.9119 0.0449 -5.8818 4.8851 109.5360 2.5819 167.4171 3.3218 37.5163 2.7102 4.3248 1.3232 -7.2940 3.9805 -2.2942 1.5903 167.1553 2.7674
4679 40.7080 2.5647 170.9821 0.2714 -5.9500 4.7362 111.9293 2.5595 168.1529 3.3782 39.7438 2.5436 6.1590 1.4137 -7.5384 3.5579 -1.5108 1.4415 166.6662 2.8821
4680 42.6499 2.5824 170.9503 0.5967 -6.0291 5.0371 113.7232 2.6624 168.4354 3.5295 42.0289 2.4340 7.4918 1.4118 -8.0581 3.6000 -0.2882 1.3419 166.0721 3.2565
4681 44.7855 2.5048 171.1013 0.7998 -6.4186 5.3458 116.2441 2.7257 168.7742 3.4088 44.4608 2.3417 8.8138 1.8490 -8.0451 3.6918 0.9713 1.5619 165.8624 3.1973
4682 47.1193 2.4064 171.5534 1.1886 -6.7060 5.3427 118.6368 2.6417 169.4248 3.5199 46.8656 2.6031 9.9520 2.0771 -8.1358 4.1484 2.7918 1.7399 165.4875 3.1418
4683 49.4414 2.5913 172.2256 1.5572 -7.4552 5.3723 120.9594 2.7529 169.4727 3.4716 49.1360 2.3289 10.5843 2.3120 -8.2466 4.1391 4.8844 1.7760 165.0633 3.0731
4684 51.4930 2.7056 171.8512 2.2721 -7.7489 5.5104 123.3533 2.6081 169.9606 3.4001 51.4888 2.5297 11.1121 2.4707 -8.9396 3.9290 6.9484 1.9876 164.9345 3.1277
4685 53.6100 2.7075 171.9658 2.3319 -8.2912 5.1257 125.4348 2.5788 170.5332 3.0075 53.8118 2.4065 11.3877 2.5301 -9.2653 4.0258 8.7142 2.1697 165.0651 2.7462
4686 56.0391 2.5957 171.1428 2.7468 -8.7070 4.2017 127.8354 2.4427 170.5164 3.0990 55.8746 2.5363 11.8705 2.4682 -9.6251 4.4268 10.6509 2.5085 164.7187 2.8399
4687 58.2335 2.5766 170.3912 3.0661 -9.0312 3.4748 130.3105 2.6448 170.7235 3.4236 57.6498 2.5289 11.7508 2.4926 -10.0217 4.6112 13.2051 2.7111 163.9616 2.8235
4688 60.3759 2.4891 169.7165 3.3581 -9.1600 2.6890 132.3272 2.5291 171.0753 2.8861 59.9303 2.6429 10.9295 2.3958 -10.1788 4.3721 15.5368 2.7280 162.9925 3.0826
4689 62.4452 2.6440 169.0367 3.3342 -8.8653 2.3834 134.5480 2.5878 170.8692 2.2529 62.0499 2.6505 10.2024 2.4830 -10.1015 4.6877 18.0431 2.7500 162.0061 3.2050
4690 64.4894 2.6424 168.7863 3.0307 -8.3252 2.5040 136.5323 2.4011 170.8874 1.8093 64.0333 2.4921 8.8166 3.0834 -9.9691 4.3676 20.5913 2.4833 160.8192 3.4186
4691 66.2117 2.3879 168.7326 3.1507 -8.3624 2.0606 138.7160 2.4504 170.6144 1.2761 66.4251 2.3833 7.5478 3.1895 -9.2857 4.3178 22.6597 2.3456 159.4856 3.8981
4692 67.4689 2.5920 168.2859 3.3311 -8.5079 1.4046 140.8065 2.5630 170.3607 1.1672 68.7074 2.5184 6.2163 3.7221 -9.3355 4.0519 24.6898 2.3979 158.7594 3.7903
4693 68.8426 2.5789 168.2604 3.6695 -8.7079 0.9773 143.1618 2.6279 169.9095 1.3032 70.3569 2.4871 4.4291 4.0250 -9.1754 3.4206 27.0514 2.4897 157.6037 3.8553
4694 69.7099 2.4729 167.9927 3.5749 -8.9524 0.4410 145.4716 2.4364 169.0616 1.5924 72.0526 2.4947 2.7337 4.1562 -8.6715 3.0824 29.4546 2.3313 156.5938 3.8789
4695 70.3307 2.4971 168.1185 3.7251 -8.8059 0.0118 147.8706 2.2613 169.3898 1.9735 73.9657 2.4209 0.9951 4.3845 -8.2555 2.7278 31.4669 2.5213 155.9046 3.4612
4696 70.3308 2.5503 167.8730 3.4187 -9.1413 -0.0517 150.3083 2.0035 169.4828 2.8213 75.2001 2.4787 -0.9938 4.5725 -8.0513 2.0447 33.5091 2.3835 154.9876 3.1663
4697 70.9806 2.4938 167.6246 2.8718 -9.3020 0.2663 152.1880 2.1001 169.8192 3.1790 75.4553 2.4139 -2.5019 4.4330 -7.8714 2.0132 35.9392 2.3969 154.5115 2.9245
4698 70.9784 2.4613 168.0558 2.2934 -9.2481 0.8090 154.6894 2.0527 170.0466 3.0430 76.3899 2.3934 -3.7364 4.2198 -7.4929 1.5685 38.2599 2.4509 154.0724 2.7188
4699 70.6177 2.5133 168.0754 2.0732 -9.0803 1.1045 156.4890 1.9363 170.5921 2.9180 76.9064 2.5427 -5.1610 4.2650 -7.0514 1.0903 40.5020 2.4508 153.7144 2.5856
4700 69.8040 2.4032 168.2596 1.8220 -9.0510 1.4349 158.6686 1.6929 170.7215 2.2010 76.8881 2.5294 -5.7308 4.2537 -7.1200 0.2285 42.7078 2.3304 154.1088 2.3823
4701 68.6053 2.3111 168.5287 1.6694 -8.9211 1.5899 160.2402 1.6001 170.4261 2.1934 76.7603 2.4001 -6.2968 4.0974 -7.0330 -0.2644 44.7826 2.7275 154.4191 2.0472
4702 67.0555 2.4053 169.0771 1.4852 -9.2878 1.1112 162.2055 1.6927 170.6467 2.1074 76.4909 2.5901 -6.5023 3.8159 -6.5433 -0.5658 47.1580 2.5770 155.0363 1.6465
4703 65.4265 2.4983 170.0432 1.2813 -9.4812 1.2061 163.8155 1.5251 170.4961 2.0168 76.0542 2.3931 -6.6245 3.4688 -6.4930 -0.6438 49.4832 2.8198 155.6322 1.3488
4704 63.5686 2.5644 170.4937 1.2677 -9.5188 1.1508 165.0619 1.6621 170.5578 1.9811 75.4730 2.3054 -6.9712 2.7495 -6.3627 -0.4413 51.8293 2.2586 156.7529 1.1190
4705 61.5629 2.4587 171.1510 1.5632 -9.3342 1.4069 166.0731 1.7297 169.8220 1.6698 73.8930 2.2010 -7.3910 2.7074 -6.5555 -0.6142 53.5762 2.5179 158.3837 0.7763
4706 59.3963 2.6969 171.1048 1.7856 -9.2155 1.2857 167.4463 1.5494 169.6485 2.0571 72.2977 2.2803 -8.1469 2.0953 -6.6664 0.0738 55.3748 2.5583 159.9704 0.5796
4707 57.1570 2.3551 170.7117 1.8268 -8.6928 1.3204 168.6779 1.2146 169.8513 2.4023 70.5987 2.8657 -8.5287 1.4278 -6.7695 0.6261 57.2469 2.5255 161.6210 0.4244
4708 54.9866 2.6802 170.2987 1.4791 -8.0649 1.7490 169.4448 1.2863 170.0024 2.9105 68.5775 2.4542 -8.5559 0.7994 -7.6173 0.8898 58.1457 2.5512 163.7560 0.5089
4709 52.5357 2.4139 169.9872 1.4545 -7.6311 1.9939 170.2518 1.3141 170.5760 3.1478 66.0337 2.4639 -8.2882 0.4323 -7.7978 1.2785 59.1349 2.4565 165.1823 0.6676
4710 50.5319 2.3586 169.7876 1.6554 -7.4441 1.8174 170.8145 1.3073 170.7353 3.1016 63.2293 2.4608 -8.0068 0.2946 -8.4100 0.9079 59.6601 2.5319 166.5743 0.9349
4711 48.1531 2.5435 169.4201 1.9919 -7.1319 1.8232 171.2444 1.8223 171.1268 3.0254 61.2368 2.6391 -7.6315 -0.0533 -8.8333 0.7042 60.2457 2.4292 167.2377 1.5341
4712 46.1410 2.3685 169.4535 2.3104 -7.1748 1.3695 171.4076 2.4881 171.3587 2.6665 58.7605 2.8127 -7.1665 -0.5001 -9.2214 0.5103 59.9937 2.4689 167.8951 1.7162
4713 43.9907 2.7105 169.1377 2.6373 -7.0107 0.8109 171.3009 2.7730 171.1944 2.0037 56.3086 2.6547 -7.0928 -0.7804 -9.6671 0.9585 59.7816 2.4931 168.1829 1.6322
4714 41.6752 2.4556 169.3108 3.3269 -6.7065 0.4289 170.8731 3.2774 171.0896 1.4253 53.7871 2.5647 -6.6722 -0.9161 -10.2546 0.7280 59.5978 2.5266 168.5935 1.8492
4715 39.3642 2.5102 169.1304 3.9252 -6.8048 -0.0552 170.5467 3.6898 170.5902 1.6113 51.4499 2.3172 -7.1450 -1.0670 -10.0377 0.7002 58.4180 2.3358 168.9003 2.3185
4716 37.0665 2.7005 168.6500 4.7412 -6.3254 0.2953 170.0013 3.9607 170.5846 2.3937 48.9072 2.6828 -7.4764 -1.2201 -10.2113 1.0044 57.8755 2.5100 169.3726 2.7963
4717 34.9391 2.4543 168.4253 5.1304 -6.1257 0.6510 169.1780 4.3908 170.3464 2.9443 47.0750 2.9243 -8.2317 -0.7574 -10.2125 1.0843 56.6125 2.4791 169.7385 3.6153
4718 32.9374 2.5542 167.3946 5.0343 -5.7849 1.0778 168.6503 4.2451 170.3698 3.2887 45.1540 2.6251 -8.9533 -1.1218 -10.1231 1.2319 55.3170 2.5545 169.6224 4.1522
4719 30.6613 2.5677 166.6016 4.8197 -5.6684 1.6391 168.2712 3.8240 170.4331 3.8424 42.7177 2.4717 -9.4071 -1.0304 -10.1639 1.1099 53.6083 2.4840 169.2570 4.9320
4720 28.3072 2.5332 165.8086 4.3995 -5.6931 2.1447 167.8484 3.8645 170.3095 4.0710 40.5006 2.4128 -9.5477 -0.7292 -10.1497 1.2502 51.7882 2.3402 168.6778 5.2679
4721 26.2974 2.3643 165.8812 4.4368 -5.5934 2.6823 167.6160 3.7160 170.2417 4.4328 38.3722 2.4520 -9.4391 -0.6207 -10.0484 1.3600 49.3505 2.5663 168.0445 5.6569
4722 23.7215 2.4851 165.9035 4.2610 -5.6300 2.3286 167.6440 2.7519 170.1365 4.8986 36.4657 2.5983 -9.1665 -0.7266 -10.0843 1.2891 47.7699 2.4552 167.4826 5.6758
4723 21.8427 2.6352 166.2167 4.1121 -5.4864 2.2082 167.6789 2.6941 170.2011 4.9837 34.3915 2.6317 -9.2712 -0.6819 -10.1689 1.3558 46.0680 2.4057 167.4555 5.8576
4724 19.4736 2.6568 166.6327 3.8628 -5.2955 1.9530 167.5545 2.5819 169.8050 4.8590 32.8216 2.3700 -8.9218 -0.8719 -9.9809 1.6558 44.3860 2.6551 166.9608 5.5839
4725 17.4373 2.3148 166.7353 3.7207 -5.3366 1.8250 167.6264 2.1366 169.3863 4.7963 31.1141 2.3511 -8.9404 -0.2631 -9.9371 1.6921 43.0413 2.4237 167.0097 5.1865
4726 16.1427 2.5249 167.0551 3.4987 -5.5194 1.4823 167.7887 1.5843 168.7904 4.4127 29.5698 2.2946 -8.3703 -0.0470 -9.8483 1.9036 42.3075 2.4871 166.8891 4.4160
4727 15.1676 2.4115 167.0885 3.4186 -5.5722 1.0223 168.4214 1.3908 168.4809 3.5587 28.4239 2.5861 -8.2580 0.0858 -9.0299 2.3946 41.3859 2.3796 167.3988 4.0575
4728 14.6119 2.4241 167.0168 2.9407 -5.7086 0.6940 168.6673 1.7622 168.3154 3.4278 27.3870 2.5491 -8.1251 0.2094 -8.4122 2.7252 40.9955 2.4949 167.8480 3.4579
4729 13.7395 2.6327 167.4990 3.3684 -5.6669 0.1547 168.7637 1.9822 167.7892 3.3377 27.0350 2.6240 -8.1911 0.2959 -8.0759 2.8443 40.5911 2.5021 168.5845 3.0514
4730 13.5351 2.4847 167.8780 2.9847 -5.4927 0.4677 169.0954 1.8743 166.9920 3.5604 26.7219 2.5754 -7.8529 0.6545 -8.2710 3.2943 40.4822 2.4963 168.5795 2.7497
4731 13.3995 2.4709 168.6690 2.7974 -5.5796 0.6064 169.7363 1.6549 166.4569 3.6441 27.1108 2.4135 -8.0007 1.0251 -8.1462 3.1702 40.4393 2.4822 168.6472 2.3843
4732 13.5621 2.4896 169.3270 2.1170 -5.7673 0.9300 170.5415 1.5520 165.5558 3.5763 27.5340 2.3670 -7.4955 0.9185 -7.8221 2.8710 41.3383 2.5309 168.3166 1.9413
4733 13.9219 2.4883 169.5974 1.0003 -5.6106 1.2001 171.1289 1.7213 165.2492 3.1374 28.1580 2.4512 -7.3430 0.8309 -7.3112 2.6535 42.6982 2.5139 168.1968 1.4431
4734 14.4715 2.5399 169.5975 0.7363 -5.7161 1.4604 171.3202 1.5702 165.1758 2.3411 28.8107 2.6062 -7.3271 0.8212 -6.9332 2.5359 43.8219 2.5096 168.6428 0.7094
4735 14.7559 2.4488 169.5957 0.4030 -5.7720 1.6210 171.4653 1.8183 164.7599 2.0271 30.1702 2.6245 -7.0218 0.4444 -6.8821 2.5587 45.4895 2.3474 168.7843 0.5043
4736 15.7161 2.4335 169.6963 0.6039 -5.8570 1.8455 171.3822 1.9027 165.2731 2.0296 31.3336 2.5564 -6.7728 0.0811 -7.2549 2.4589 47.5095 2.3522 169.2901 -0.0938
4737 16.7040 2.4233 169.6098 0.6475 -6.2661 2.2316 171.1090 1.6260 165.1184 1.8678 32.7579 2.4108 -6.2616 -0.2498 -6.9398 2.0080 49.7550 2.3824 170.2677 -0.4086
4738 17.5725 2.4477 169.5472 0.5529 -6.9125 2.9782 170.5229 2.0237 165.2324 1.9032 34.5709 2.4314 -5.9463 -0.6108 -7.0599 1.7822 52.1453 2.4615 170.4538 -0.5508
4739 18.1509 2.5294 169.2222 0.2767 -7.2707 3.4226 169.9329 2.4881 164.9103 2.1971 36.6942 2.4936 -5.6100 -0.2753 -7.1159 1.8167 54.4371 2.4195 170.6472 0.0412
4740 19.1861 2.4249 169.7339 -0.3330 -7.3594 3.7917 169.6011 2.3905 165.2227 2.5808 38.6524 2.5232 -5.3517 -0.2140 -7.6015 2.1122 56.5635 2.4886 170.7616 -0.0116
4741 19.6476 2.4339 169.3636 -0.1169 -7.0673 4.4009 169.2721 2.6320 165.4474 3.1277 41.0152 2.3852 -4.8868 -0.2125 -7.6351 2.2051 58.6420 2.3521 170.7192 0.2113
4742 20.1451 2.4659 169.1886 -0.6268 -7.1390 4.9227 169.3846 2.4387 165.1521 3.8343 43.0161 2.3798 -5.4466 -0.3371 -7.8264 2.3602 60.7375 2.6152 170.3388 0.5669
4743 20.4680 2.5798 168.8370 -0.7126 -6.7698 5.2297 169.2015 2.4373 165.3428 4.2388 45.0246 2.4146 -5.5957 -0.2306 -7.9077 2.4058 62.7860 2.5185 170.1618 1.1854
4744 21.2348 2.5014 168.5108 -0.3612 -6.5857 5.2969 168.4615 2.0648 165.5705 4.5079 47.2543 2.3990 -6.0465 -0.4776 -7.9134 2.4758 65.1476 2.7571 169.7729 1.6245
4745 21.1521 2.4864 168.0956 0.2024 -6.9192 5.2211 167.5931 1.3161 166.2005 4.7617 49.3554 2.3544 -6.9560 -0.5418 -7.4717 2.8997 67.2219 2.4337 169.4617 1.9935
4746 21.1148 2.4453 168.1270 0.8386 -7.2675 4.9218 166.6513 1.4359 166.3012 4.6916 51.5656 2.5827 -7.8023 -0.8031 -7.6531 2.7861 69.7040 2.1778 169.0826 2.2272
4747 21.1742 2.3691 168.1168 1.4923 -7.5559 4.2101 166.5337 1.4558 166.4833 4.9074 53.3207 2.7412 -8.2361 -0.5016 -7.5624 3.1225 72.1302 2.3880 168.9867 2.4865
4748 20.6890 2.3492 167.8577 2.2075 -7.8874 4.1977 166.3306 1.2753 166.4696 5.1682 54.9938 2.4058 -8.7727 -0.1502 -7.4038 3.3884 74.6055 2.4936 168.9243 3.0912
4749 19.5056 2.4605 167.5686 2.9489 -8.5999 4.0264 165.5056 1.3624 166.2026 5.1831 56.1793 2.4919 -8.7954 0.0369 -6.8378 3.5338 76.8057 2.2648 168.9620 3.1405
4750 17.8684 2.2352 168.1084 3.5782 -8.9379 3.3466 164.9511 1.9570 166.1929 5.0264 57.2734 2.4236 -8.4952 0.3887 -6.3572 3.5090 78.7697 2.3969 169.1531 3.7892
4751 16.4910 2.2724 168.5575 4.0916 -9.6585 3.1777 165.2406 2.5331 166.1288 4.8772 57.8239 2.4490 -8.1265 0.9471 -5.3931 4.1547 80.8086 2.2578 169.2243 4.1748
4752 14.8513 2.4258 169.0045 4.2098 -9.6636 2.8747 165.3137 2.7477 166.2729 4.3230 57.8325 2.5258 -8.0422 1.6102 -5.3458 4.0682 83.0950 2.4082 169.2274 4.5064
4753 13.2500 2.4293 169.2812 4.3036 -9.7307 2.6855 165.1927 3.1287 166.2370 3.8764 57.7177 2.5922 -7.9788 2.0236 -5.0416 4.1584 85.3076 2.2295 169.0847 4.5611
4754 11.8737 2.5204 169.5539 4.2158 -9.8590 2.0091 165.2680 3.0460 166.3639 3.3292 57.4095 2.5551 -7.6528 2.0841 -5.1443 4.0756 87.4504 2.5745 168.8735 4.6689
4755 10.5035 2.6389 169.6709 4.6650 -10.0685 1.3999 165.0169 2.6191 166.3127 2.7940 56.7159 2.5704 -8.0051 2.5422 -5.1612 3.3513 89.9353 2.6800 168.3479 4.9655
4756 8.8543 2.7744 169.5971 4.4671 -10.1937 0.9617 165.0241 2.2084 165.8552 2.4239 55.3378 2.5854 -8.1387 3.1480 -5.6920 2.4764 91.9986 2.7928 167.9420 5.0602
4757 6.9385 3.0939 169.3849 4.1492 -9.8766 0.7674 165.2521 1.8372 165.5305 1.7312 54.2785 2.5301 -8.4527 3.8894 -6.2311 1.6328 94.3598 2.6149 167.3159 4.9725
4758 5.7101 3.3652 169.1778 4.1158 -9.4588 0.4200 164.9075 1.7085 165.4153 1.7333 53.2128 2.4698 -8.6845 4.1908 -6.7007 0.8846 96.8418 2.5132 166.9785 4.6632
4759 4.1746 3.6756 168.7141 3.3691 -9.0979 0.2162 165.0273 1.1584 165.4307 1.6370 51.6545 2.4421 -8.8978 4.7289 -7.1033 0.5920 99.5613 2.1547 166.9689 4.2773
4760 2.4662 4.0052 168.5666 3.1594 -9.0402 0.3323 165.0818 0.8080 165.5044 0.8187 49.6403 2.6118 -9.2575 5.0584 -6.9661 0.4081 101.8805 2.3893 167.0022 3.8015
4761 0.6576 4.4300 168.7435 2.4171 -8.6085 0.8454 165.7110 0.5566 165.9552 0.0695 47.2971 2.7552 -9.1538 5.4963 -7.5767 0.2873 104.1718 2.3065 167.4051 3.9833
4762 -1.0638 4.4418 168.5784 2.3820 -7.8873 0.8560 165.8759 0.6286 166.3717 -0.1998 45.2729 2.4772 -8.7529 5.4868 -7.4356 0.0880 106.1797 2.4902 167.5357 3.9967
4763 -2.3880 4.6243 168.3431 2.1416 -6.8691 1.2485 166.2704 0.4625 167.0797 -0.8960 43.9173 2.4913 -8.4820 5.1811 -7.0235 0.1138 107.4369 2.5031 167.6830 4.2598
4764 -4.1654 4.4819 168.0205 2.2803 -5.8671 1.2355 166.4364 0.4446 167.9986 -1.1996 42.4600 2.4513 -8.5941 4.8216 -6.5029 0.4027 108.7028 2.4217 167.5384 4.9777
4765 -5.1828 4.2594 167.8412 2.2789 -4.9488 1.0597 166.9093 0.3463 168.4109 -1.1041 41.3837 2.5209 -8.9314 4.4308 -6.1043 0.5595 109.8832 2.4703 167.5945 5.4015
4766 -6.4234 3.6482 167.8084 2.2282 -4.2222 0.9920 167.1744 0.6137 168.8973 -1.0186 40.8634 2.5843 -8.9637 4.0136 -5.4772 0.4789 110.5939 2.4751 168.0066 5.3322
4767 -7.2217 3.4504 167.7523 2.5724 -3.2070 1.2140 166.9415 0.6851 169.2030 -0.4579 40.6511 2.6192 -9.2420 3.6641 -4.5347 0.2806 110.7315 2.4154 168.2962 5.3125
4768 -7.6066 2.9496 167.8097 3.1954 -2.1155 1.0943 166.4863 1.3405 169.0120 -0.0409 40.5932 2.4780 -9.4793 3.9309 -3.5186 0.4114 110.6417 2.5081 168.5454 5.1589
4769 -7.9951 2.3612 167.9518 3.0507 -0.9246 1.4831 166.3592 1.6643 168.7264 1.0098 40.4282 2.4860 -10.1427 3.4120 -2.2024 0.4123 110.8456 2.4935 168.8961 4.7313
4770 -7.8363 1.9560 168.2389 3.3658 0.7376 1.8019 165.7138 2.4445 168.4969 2.0219 41.0170 2.4923 -10.3383 3.7544 -0.8317 0.7428 110.0852 2.4372 168.8111 4.0101
4771 -7.8702 1.7955 168.4846 3.3114 2.6787 2.1690 165.9405 3.4180 168.2754 2.5472 41.6017 2.5158 -10.2485 3.6263 0.5796 1.0311 109.2355 2.5226 168.7728 3.3082
4772 -7.9551 1.9779 168.6014 3.1259 3.8074 2.3214 166.4109 4.0319 168.5365 3.0766 42.8181 2.4498 -10.0401 3.7508 2.0420 1.4230 108.3843 2.5067 168.8269 2.6213
4773 -7.7638 1.5914 168.9126 2.8438 5.5153 2.6332 166.7767 4.2015 169.0433 3.3609 43.8055 2.5660 -9.9920 3.7740 3.0644 1.5786 107.5695 2.5271 169.0659 2.5241
4774 -7.9180 1.4683 168.8229 2.5171 6.8309 2.8494 166.8584 4.7479 169.3280 3.9733 45.1931 2.6459 -9.5513 4.0034 4.0351 1.8797 106.2765 2.4699 168.8780 2.0134
4775 -7.9477 0.9658 168.9636 2.6920 8.7986 2.5260 167.2525 4.8643 169.5891 4.5372 47.0709 2.6649 -9.0838 3.7269 5.0803 2.1262 104.8709 2.4764 168.8733 1.9473
4776 -7.7692 1.3101 169.1087 2.3718 10.2278 2.5185 167.7554 4.5623 169.9035 5.1531 49.1813 2.3178 -8.4606 3.4709 6.3565 2.2481 103.9487 2.4769 168.9314 1.7768
4777 -7.3023 1.8116 169.1187 2.8398 12.0576 2.4831 168.1341 4.4875 170.0956 5.0890 50.4996 2.6500 -8.3616 3.4857 6.9218 2.2477 103.0603 2.5057 168.6357 1.5915
4778 -7.0920 2.2489 169.2549 2.6435 13.7864 2.3127 168.5266 4.4945 170.2861 4.8292 51.7776 2.5457 -8.2291 3.9422 8.0129 2.5174 102.7027 2.4417 168.3823 1.6468
4779 -6.7097 2.7534 169.3593 2.2515 14.7072 2.4259 169.0574 4.6483 169.8886 4.2388 52.3923 2.6155 -7.8010 4.0052 8.5941 2.5737 102.5757 2.5637 168.1258 1.5369
4780 -6.1214 3.1171 168.6482 2.0619 15.4460 2.5351 168.9962 4.3334 169.5653 3.8514 53.1756 2.5553 -7.1311 4.1024 9.5835 2.5308 102.8886 2.5541 167.7977 1.5090
4781 -5.9031 3.8642 168.5858 1.3489 15.9698 2.6327 168.8817 3.9447 169.4621 3.1205 53.6843 2.5309 -6.6264 3.6218 10.2134 2.4652 103.0714 2.5240 167.2856 1.7666
4782 -5.6312 4.3448 168.3506 0.8553 16.4184 2.5236 168.9605 3.5411 168.9942 2.6915 53.2271 2.4821 -6.4723 3.3895 10.4136 2.5051 104.1342 2.3943 167.0758 2.1277
4783 -5.6325 4.5277 168.2504 0.2084 16.2929 2.4366 168.8465 2.9864 169.0935 2.7835 53.0659 2.4089 -6.6760 2.7321 10.8661 2.5050 104.8729 2.4729 166.1347 2.1640
4784 -6.0838 5.1918 167.9163 0.0602 15.9162 2.3926 168.6701 2.6113 169.5986 2.7717 52.7554 2.4972 -6.6088 1.8853 11.3202 2.5386 106.1367 2.5177 165.5905 2.5947
4785 -5.9970 5.4340 167.7956 0.0859 15.4565 2.4487 168.5741 2.1295 169.5043 3.0561 51.6031 2.5125 -6.7317 1.1766 11.7142 2.5653 107.7396 2.5078 164.3256 2.9956
4786 -5.8479 5.9974 168.0289 0.1905 14.5957 2.5806 168.3806 2.0245 169.6117 3.4480 49.7794 2.4763 -7.0853 0.5203 12.1779 2.5589 109.4096 2.5221 163.3612 3.1435
4787 -6.0174 5.5931 167.9145 0.2220 13.5814 2.5263 167.3834 1.8540 169.5695 3.3170 48.4100 2.4966 -7.7523 0.6116 12.7343 2.5453 111.1970 2.5957 162.4444 2.9993
4788 -5.3562 5.6391 168.2613 0.5636 11.6749 2.8880 166.9262 1.4079 169.3829 3.1492 46.3307 2.2711 -7.9956 0.7669 12.3971 2.3895 113.6285 2.6940 161.2244 3.4664
4789 -5.3020 5.2053 168.3124 1.0288 10.1296 3.1717 165.5172 1.1331 169.2799 2.7338 44.4084 2.4412 -8.0281 0.9430 11.7334 2.6103 116.0136 2.5792 160.4661 3.1705
4790 -4.7192 4.3754 168.8035 1.6954 8.2185 3.1619 164.2799 0.9810 169.2926 2.9780 41.9497 2.4735 -7.7966 1.2053 10.9940 2.6872 118.2297 2.4240 159.1512 3.1972
4791 -4.3517 3.5079 168.5720 1.7423 6.2038 3.2970 162.5747 0.6621 169.2028 2.7373 39.5618 2.6111 -7.7163 1.4832 10.0248 2.9908 120.4146 2.3626 157.8525 3.6528
4792 -4.4072 2.5700 168.3387 1.8031 4.0862 3.7396 160.7142 0.4878 169.0032 3.0175 37.4303 2.6575 -7.6450 1.9053 8.2369 2.9062 122.5550 2.3347 156.1455 3.7062
4793 -4.6865 1.8927 168.7536 2.4091 2.3945 4.1746 159.1172 0.6611 169.0492 3.3246 34.9777 2.5557 -7.6769 2.1397 6.1086 3.3102 124.6924 2.5711 155.0037 3.7906
4794 -5.6659 1.1726 168.7571 2.9360 0.6880 4.4795 156.9644 0.7945 169.3901 3.9015 32.4641 2.7229 -7.2379 2.3494 3.9299 3.8047 126.5441 2.5886 153.0757 3.6342
4795 -6.6927 1.3573 168.9461 3.0870 -0.6853 4.5794 155.2905 1.2925 169.1469 4.3835 29.9979 2.3679 -6.7770 2.6787 1.7925 3.9693 128.5247 2.7546 150.8981 3.2020
4796 -7.8918 1.9379 168.7017 3.2545 -1.9632 4.7448 153.0001 1.8097 169.2737 4.4380 28.2965 2.3631 -6.8667 2.6666 0.0685 4.3516 130.8007 2.3974 148.5709 2.9605
4797 -8.2248 2.2670 168.6248 3.1126 -2.6811 5.0292 151.0126 2.0174 169.0869 4.9248 26.7057 2.5660 -6.1676 2.9186 -1.7013 4.9126 132.8971 2.3633 146.5272 2.5757
4798 -8.2733 2.1263 168.4481 3.4524 -3.3855 5.1039 148.7332 2.1092 169.5029 4.9175 25.0124 2.5915 -5.5661 2.9975 -3.0748 5.0670 135.3538 2.5013 144.1869 2.4788
4799 -8.0448 1.7541 168.3243 3.4843 -4.4005 4.8112 146.6893 2.3561 169.9476 5.1359 23.6808 2.5778 -4.3685 3.2158 -4.0563 5.2821 137.6930 2.7246 141.6917 2.5324
4800 -7.9173 1.7653 167.6650 3.2491 -4.4383 5.0221 144.2086 2.5187 170.6982 4.7789 22.1350 2.4329 -2.9039 3.4395 -5.2279 5.2830 140.0844 2.3756 139.5445 2.3376
4801 -7.8999 1.2803 166.6955 3.3169 -4.4378 4.7760 142.0425 2.4187 171.0556 4.1896 21.0992 2.5478 -1.4929 3.2702 -6.0359 5.3161 142.2812 2.5994 137.3338 2.5495
4802 -8.1948 1.3678 166.3585 2.9396 -4.2059 4.7502 139.8648 2.4047 171.1402 4.4315 21.0765 2.4390 -0.0134 3.5408 -6.8147 5.6884 144.3574 2.6530 135.0547 2.2834
4803 -8.5822 1.5718 166.2964 2.8522 -3.3389 4.5213 137.4122 2.7244 171.0843 4.5209 20.6617 2.4871 1.2922 3.4227 -7.6125 6.1919 146.6871 2.4046 132.6965 2.2525
4804 -8.5719 2.1527 166.1823 2.4576 -2.4579 4.6734 134.9712 2.6791 170.8593 4.8358 20.7774 2.4944 3.3610 3.2152 -7.8406 6.2503 149.3062 2.4480 131.2805 2.3386
4805 -8.7708 3.0453 166.7604 1.8083 -1.2369 4.5893 133.0196 2.5911 170.7873 5.3465 21.1644 2.4488 5.3741 3.1187 -8.3118 6.4665 151.7346 2.5510 129.7267 2.3538
4806 -8.4057 3.4662 166.9571 1.7370 0.4318 4.4846 130.7753 2.3776 170.6064 5.3682 21.9917 2.4157 6.6432 3.0638 -8.2673 6.2830 154.2316 2.6532 128.5379 2.5982
4807 -8.3526 3.9216 167.3216 1.3310 2.4362 4.2396 128.5520 2.3935 170.4567 5.7802 22.5158 2.3530 7.8877 2.7741 -8.2391 5.8524 156.2731 2.8515 127.1213 2.5083
4808 -8.6372 4.4739 167.5947 1.1542 4.2438 3.8450 126.3780 2.2798 170.5339 5.5778 23.0203 2.3173 9.4673 2.5399 -7.4193 5.6834 158.5776 3.0469 126.4303 2.4894
4809 -8.6192 5.2731 168.4290 1.0894 6.2203 3.3829 124.5871 2.5396 170.4483 5.5830 23.8973 2.3950 10.6227 2.5993 -6.8224 5.2925 160.3637 3.5748 125.8231 2.3712
4810 -8.2047 6.0190 168.4270 1.1339 7.8024 3.0899 123.2132 2.4067 170.7268 5.2869 24.5751 2.3949 11.3978 2.5678 -6.0513 5.3900 161.7966 3.9476 125.1356 2.5062
4811 -7.5906 6.2610 168.5468 1.2792 9.2636 2.7197 121.7051 2.3021 171.0163 5.1001 25.0641 2.4347 11.7585 2.5104 -5.7017 5.3419 163.0220 4.3491 125.2118 2.5524
4812 -7.3102 6.1089 168.3091 1.6842 10.5508 2.6402 120.6387 2.6093 171.1639 4.9304 25.6045 2.4471 12.0091 2.4622 -4.8862 5.1800 164.5777 4.5493 125.7426 2.5373
4813 -6.8122 5.7585 168.3486 2.0765 11.6100 2.4744 119.9492 2.4095 170.7724 4.7158 26.0540 2.4324 11.4884 2.4094 -3.9295 4.5295 165.0374 4.9382 126.1930 2.5733
4814 -6.4122 5.4066 168.4949 2.2066 12.4847 2.4434 118.7861 2.4480 170.2266 4.2047 26.1705 2.5825 10.9965 2.4325 -3.4908 4.4965 165.6467 5.0316 126.7049 2.5825
4815 -6.3101 5.2711 168.6763 2.6930 13.5116 2.5253 117.8540 2.4607 169.7652 4.2309 25.9691 2.5485 10.4010 2.4864 -3.0627 4.2075 166.0349 4.7666 127.9887 2.5580
4816 -6.4269 4.8013 168.7740 3.0222 13.6967 2.3992 117.7631 2.4868 169.1075 4.2062 24.8044 2.5851 9.8064 2.6424 -2.7264 4.1164 166.1332 4.9282 129.6301 2.3645
4817 -6.5632 4.2232 168.9230 3.4753 13.7944 2.4859 117.9204 2.4947 168.2990 3.8665 23.8780 2.5986 8.6997 2.9356 -2.6609 4.1109 166.0907 4.8152 131.2758 2.5181
4818 -6.5980 3.5996 168.7232 4.0325 13.7209 2.5995 118.2425 2.5346 168.0430 3.8461 22.7801 2.7404 7.2222 3.0805 -2.2652 3.9917 165.8151 4.7345 133.2819 2.4286
4819 -6.9651 2.9401 167.9720 4.3786 13.1491 2.6553 118.8767 2.5463 168.2274 3.8636 21.1320 2.5866 5.4668 3.4201 -2.4691 3.7788 165.2469 4.6880 135.7230 2.4251
4820 -7.0970 2.4788 167.3568 4.5111 12.6855 2.5286 120.0044 2.4680 168.1810 3.8507 19.4691 2.5114 3.9516 4.0683 -2.2874 3.5531 164.7439 4.5814 137.9317 2.3480
4821 -7.0304 2.1570 166.9181 4.8297 11.7881 2.4847 121.5608 2.5869 168.1087 4.0567 17.4546 2.4843 1.9988 4.3433 -2.4186 3.1796 163.7797 4.5862 140.1720 2.3005
4822 -6.8253 1.9663 166.3007 4.4172 10.6396 2.3511 123.2624 2.4073 167.6446 4.0455 14.9400 2.6447 -0.0159 4.5062 -2.7105 3.0704 163.0155 4.6628 142.2598 2.6743
4823 -6.6392 1.8571 165.7372 4.5804 9.0224 2.1666 125.3852 2.4351 167.3185 3.8509 12.7978 2.3185 -1.8037 4.5653 -2.5453 3.2610 161.5511 4.3549 144.4380 2.5906
4824 -6.7007 2.0846 165.1938 4.4092 6.5317 2.0513 127.6708 2.4881 167.2311 3.5748 10.1633 2.4939 -3.6695 4.3577 -2.6761 3.3721 160.1942 3.8813 146.7822 2.7146
4825 -6.9688 1.6921 165.0709 4.1756 4.5024 1.5935 129.9248 2.4446 167.8055 3.3674 7.7727 2.3898 -5.1365 4.4105 -2.4584 3.7160 158.1947 3.5117 148.7932 2.4832
4826 -7.0602 1.8276 164.8266 3.6754 2.5478 1.5139 132.4667 2.4805 168.0931 3.1162 5.3648 2.6451 -6.3419 4.4294 -2.1765 3.9143 156.7427 3.1532 150.9513 2.3467
4827 -7.1471 1.7027 165.3280 3.5409 0.5058 1.4650 134.7632 2.3331 168.3990 3.2013 3.0926 3.0045 -7.2947 4.3416 -1.7942 3.9328 155.2404 2.6961 152.9682 2.2852
4828 -7.6646 1.9147 165.7919 3.4493 -1.2579 1.1569 137.2167 2.3233 168.7615 2.9763 1.0275 2.5869 -8.0694 4.3824 -1.0905 3.8074 155.0158 2.6202 154.6669 1.9797
4829 -8.0117 2.0954 166.0748 3.1483 -3.1832 0.8090 139.0797 2.4466 169.1393 2.9953 -0.8834 2.5110 -8.6708 4.6312 -0.4562 3.6586 154.1449 2.5107 156.1922 1.7401
4830 -7.8562 2.3378 166.6339 3.3133 -4.3979 1.0399 141.4487 2.6926 169.2491 2.6116 -2.6042 2.0731 -9.0723 4.8213 0.8454 3.6505 153.7836 2.5764 157.6479 1.8192
4831 -7.8342 2.7291 166.9015 3.4220 -5.7362 1.3299 143.2754 2.5715 169.4306 2.5521 -3.5683 1.7377 -9.2199 4.8563 2.1600 3.9283 153.3699 2.4708 159.2788 1.8006
4832 -7.4207 2.6927 166.5782 3.5436 -6.7994 1.5225 145.7492 2.5354 169.6035 2.6377 -4.6815 1.3926 -9.4806 4.7771 3.9482 3.6670 153.2203 2.5703 160.7409 1.3710
4833 -7.4953 3.0631 166.4033 3.8022 -7.6302 1.3961 148.2337 2.2527 170.0310 3.0490 -5.6821 1.2356 -9.2684 4.5662 6.1431 3.4101 153.5497 2.6425 162.4711 0.9387
4834 -7.6473 3.9555 165.8626 3.0771 -8.6267 1.9427 149.8112 2.4230 170.5491 3.1816 -6.0415 1.2368 -8.9137 4.5851 8.0119 3.0825 154.0205 2.3576 164.2267 0.8763
4835 -7.5250 4.3738 165.3839 2.6848 -9.0650 2.1623 151.4028 2.5600 170.6998 3.6994 -6.3911 1.5069 -8.4168 4.5431 10.1837 2.6103 154.8005 2.1674 165.0683 0.9502
4836 -7.4011 4.7482 164.9789 2.0114 -9.4738 2.6551 153.4983 2.8765 170.5744 4.0600 -6.6899 1.0605 -8.5017 4.6859 12.3290 2.5527 155.3988 1.9896 165.9459 0.8202
4837 -7.5148 4.7554 165.2303 1.1557 -9.5442 2.5474 155.4890 2.9009 170.3935 4.2976 -6.7690 0.8667 -8.0750 4.2307 14.6679 2.4800 156.3254 1.4372 166.9085 0.8839
4838 -6.8165 4.8346 166.0880 0.5797 -9.0191 3.1244 156.9622 3.2002 169.8181 4.9136 -7.0089 0.5845 -7.9473 4.1909 17.0025 2.4235 157.4026 1.3624 167.0567 1.0677
4839 -7.0407 4.7234 166.6517 0.5602 -8.8477 3.9931 158.9227 3.2401 169.7394 4.9873 -6.6719 0.1540 -7.7094 4.7596 19.3379 2.4762 158.7812 0.9403 167.0771 1.0363
4840 -7.2636 4.5404 167.7091 0.7066 -8.7480 4.6363 160.0208 3.2167 169.1072 5.3262 -6.6388 -0.2333 -7.5070 5.2420 21.3575 2.2344 160.4245 0.5801 167.2055 1.4935
4841 -7.6409 4.3827 168.0262 0.3265 -8.2643 5.0562 160.7880 3.4181 168.5985 5.2359 -6.7161 -0.3243 -6.8464 5.5434 23.5257 2.3762 162.0054 0.6002 167.0553 2.1006
4842 -7.2981 4.1342 168.2762 0.6578 -8.0852 5.1237 161.3498 3.6001 168.4286 5.2085 -6.4579 -0.3498 -6.3203 5.3101 26.0319 2.4873 163.1702 0.4651 167.6335 2.2037
4843 -7.4155 4.0269 168.3518 1.0940 -7.8538 5.2182 161.3037 3.7489 168.3923 4.9310 -5.9825 -0.5436 -6.0581 5.0358 28.6327 2.4081 164.4187 0.6443 167.7910 1.9785
4844 -8.2160 3.7406 168.7236 0.8872 -7.9296 5.2712 160.9074 3.9449 168.7343 5.3755 -5.7620 -0.4462 -5.1535 4.5660 30.8768 2.5359 165.1395 0.3016 168.0233 2.1330
4845 -8.9134 2.9606 169.0886 1.2217 -8.3661 5.5570 160.2028 3.8934 168.8665 5.3401 -5.5399 -0.3560 -4.9402 4.2306 33.4763 2.3823 166.2036 -0.0783 167.9395 1.9646
4846 -9.3722 2.7155 169.4322 1.1376 -8.7926 4.9718 159.4278 3.7617 169.0462 4.9367 -4.9736 -0.2326 -4.8598 3.9371 35.3217 2.3697 167.0451 -0.1669 168.0688 2.0190
4847 -9.4366 1.9704 169.5403 0.6627 -8.6456 4.5676 158.1287 3.8691 169.5439 4.2872 -4.7690 0.1146 -5.1185 3.7076 37.0950 2.6631 167.4487 -0.5794 167.9681 2.5409
4848 -9.1710 1.0788 169.9235 0.3068 -8.9494 3.9066 156.3813 3.3659 169.5171 4.0591 -4.7178 -0.4371 -5.2080 3.5384 38.4257 2.4210 167.5485 -0.8978 167.5901 2.2079
4849 -8.9234 0.7599 170.1601 0.2456 -8.6283 3.4835 154.4280 3.1524 169.8514 3.7842 -5.0071 -0.8674 -5.7053 3.4177 39.5167 2.4950 167.3495 -0.7496 166.9645 2.2379
4850 -8.8464 0.5348 170.8803 0.5971 -8.2527 2.7901 152.3483 3.0930 169.5959 3.3600 -5.2148 -0.9424 -6.3896 3.9398 40.5573 2.4075 167.4367 -0.3632 166.4239 2.0070
4851 -8.4702 0.2217 170.9523 0.8630 -8.2021 2.9000 149.9610 2.8137 169.3680 2.7456 -5.6751 -0.4242 -6.4288 4.2024 40.7117 2.4729 167.0736 -0.4269 166.0628 1.7526
4852 -7.8496 -0.3259 171.1532 1.3560 -8.2975 2.3258 148.0325 2.5366 169.4376 2.5124 -5.9351 -0.1646 -6.1824 4.5961 40.5093 2.4710 166.7416 -0.2433 165.6179 0.8366
4853 -7.6158 -0.5928 171.2265 1.6767 -7.9692 1.8851 145.9808 2.7809 170.0164 2.0801 -5.7201 0.5760 -6.1017 4.5697 40.0426 2.4640 165.7103 0.0851 165.7838 0.5103
4854 -7.2601 -0.4844 171.1621 1.7865 -7.4049 1.6304 143.2372 2.6000 170.3470 2.0290 -5.0540 1.0313 -5.6613 4.6191 39.6755 2.5441 164.9576 0.7376 165.9550 0.1960
4855 -6.9788 -0.4795 171.2886 1.6322 -6.3992 1.0176 140.9478 2.4635 170.7667 1.8312 -4.9908 1.8229 -5.7643 4.2764 39.2478 2.5309 164.5538 0.6828 166.7536 0.4325
4856 -6.8782 -0.5097 171.2251 1.4090 -5.3119 1.0184 138.8857 2.5352 171.0306 2.2595 -4.8663 2.5890 -5.6130 4.4510 38.3331 2.5072 164.5910 1.0860 167.2564 -0.1086
4857 -7.0404 -0.7724 171.1244 0.8384 -3.9749 0.9096 136.8803 2.5582 170.9419 2.1077 -5.1881 3.0190 -5.2709 3.9541 36.9454 2.5174 164.3517 1.3022 167.6905 -0.2389
4858 -7.2667 -0.6979 171.2235 0.6201 -2.4590 0.6370 134.7458 2.6276 170.6543 2.2685 -5.4292 3.2722 -5.2804 3.9474 36.0721 2.5193 163.9679 1.6618 167.4072 -0.2817
4859 -6.9894 -0.8407 171.0871 0.2281 -1.0559 0.6594 132.1815 2.4816 170.3113 2.3770 -5.8914 3.4610 -5.1285 3.9433 34.5671 2.5140 163.5840 1.6291 167.5576 -0.2044
4860 -7.0415 -0.8048 171.1363 0.1317 0.7724 0.6129 130.1364 2.5326 169.7672 2.9915 -6.7573 3.5091 -5.4592 4.1878 33.2561 2.4611 163.1691 1.9780 167.5971 -0.1492
4861 -7.1547 -0.5170 170.9756 0.3267 2.7027 0.8995 128.5702 2.4161 169.5084 3.2237 -7.1390 3.7022 -4.9847 4.1651 32.3918 2.5690 163.0140 2.5187 167.5793 -0.4583
4862 -7.0727 -0.6979 171.3090 0.5670 4.7789 0.8344 127.3462 2.4942 169.1694 3.7010 -7.2905 3.8989 -4.3170 4.6186 31.9482 2.4772 163.0963 3.0469 167.6624 -0.3644
4863 -6.9050 -0.4020 171.2580 0.8371 6.6578 1.2908 126.1520 2.5293 169.2354 4.0955 -7.3501 3.6127 -3.3293 4.7101 31.7829 2.5175 163.5291 3.8605 167.7013 0.0832
4864 -7.0663 0.0419 171.1905 1.0310 8.9316 1.6439 125.4641 2.6336 169.6059 4.5152 -7.3825 3.6044 -2.3756 4.4965 31.8151 2.4759 163.7032 4.4305 167.7238 0.1666
4865 -7.3158 0.1188 170.7128 0.7925 11.0702 2.1617 125.0598 2.4719 170.1719 4.8401 -7.8073 3.3572 -1.2621 4.4304 32.1038 2.4711 164.0699 4.5805 168.1607 0.1466
4866 -7.5886 -0.5220 169.9261 0.7521 12.6231 2.4115 124.5021 2.4724 169.8481 4.4763 -8.5514 2.7817 0.3633 4.0661 32.4006 2.4091 164.3114 4.3972 168.4557 0.5605
4867 -7.5539 -0.5525 169.3355 0.5618 14.1494 2.5353 124.2538 2.4240 169.5384 4.4679 -8.5269 2.8273 2.0812 3.7467 33.0836 2.4573 164.2362 4.0102 168.8541 0.2104
4868 -7.5416 -0.4693 169.0840 0.2631 15.8621 2.5733 124.5760 2.4312 169.6472 4.1219 -8.4728 2.1524 3.9992 3.3663 33.8108 2.5310 164.4391 3.9398 169.2477 0.1734
4869 -7.6441 -0.4826 168.9431 0.2527 16.8280 2.7005 124.5629 2.4885 169.6412 3.9838 -8.3154 1.5242 5.4023 3.0402 34.6497 2.4268 165.0835 4.3678 170.0397 -0.0581
4870 -8.2371 -0.1431 168.3493 0.7974 17.4975 2.5753 125.4327 2.5115 169.5585 3.4344 -8.0481 1.3021 7.5449 2.9948 34.9436 2.5558 165.2743 4.5286 169.9195 -0.2882
4871 -8.0822 -0.4479 168.6128 1.7915 18.2294 2.4891 126.5737 2.5279 169.8129 3.2544 -7.7869 1.2854 9.4158 3.0171 35.6848 2.6307 165.3942 4.6752 169.9225 -0.4341
4872 -7.9345 -0.6468 168.0815 1.9772 18.5602 2.5680 127.9812 2.3736 170.0597 3.4647 -7.3939 0.9329 11.7908 2.9095 36.4800 2.4921 165.6267 4.2311 170.1557 -0.0639
4873 -8.0843 -0.5571 167.6016 2.0311 18.5139 2.5174 129.4967 2.3315 170.0891 3.5395 -7.2199 0.6248 13.8463 2.6756 37.0643 2.5142 165.6485 3.8507 170.4125 -0.0863
4874 -7.9705 -0.1449 166.9223 1.7752 18.3493 2.4569 131.3826 2.5257 170.3846 4.0462 -7.0124 0.3801 15.9354 2.6019 37.1623 2.5623 165.4571 3.3750 170.5597 0.1745
4875 -8.1025 0.9781 166.6586 2.0009 17.5562 2.5447 134.0787 2.5842 170.3788 4.2225 -6.8383 -0.3240 17.5923 2.5220 37.0449 2.5607 165.5191 2.9190 170.6482 0.1874
4876 -7.7887 1.7445 166.1817 2.1237 16.7633 2.5225 136.5349 2.5564 170.1351 4.3389 -6.6344 -0.1954 19.4114 2.5894 36.6382 2.5097 165.6018 2.1965 170.7336 0.4931
4877 -7.9576 2.0757 165.5119 2.1066 15.6538 2.5050 139.1025 2.5726 169.6905 4.6386 -6.3248 -0.1743 20.9099 2.4667 36.3348 2.5813 165.2262 1.8582 170.5585 0.5938
4878 -8.3765 2.6925 165.0951 2.6135 14.1912 2.4829 141.4675 2.5994 169.2986 4.2250 -5.9502 0.1214 22.2064 2.6480 35.6701 2.6832 164.8535 1.5745 171.0022 0.7843
4879 -9.2015 2.8490 164.8447 3.1962 12.1027 2.7884 143.3067 2.6813 168.9951 4.1741 -6.2309 0.0767 23.1130 2.5403 34.4827 2.6169 164.4693 1.5978 171.3854 0.7705
4880 -9.6255 2.9622 164.7778 3.3769 9.8047 3.0875 145.3542 2.6453 168.1155 3.8735 -6.2958 0.1085 23.6706 2.4065 33.2242 2.4176 164.0549 1.6771 171.5796 0.8184
4881 -9.9959 2.7054 165.0656 3.7277 7.7272 3.1171 146.5569 2.4901 167.2052 3.6302 -6.2605 0.5778 24.0812 2.4812 31.5638 2.6657 163.7656 1.6238 171.3927 0.7486
4882 -9.8908 2.5986 165.4144 4.4128 5.4766 3.3642 147.8321 2.6088 165.6473 3.6957 -6.7109 1.2033 24.0433 2.4828 29.3649 2.6571 163.1360 1.8729 170.9656 0.9222
4883 -10.1626 3.0254 165.6805 4.8735 3.6639 3.9263 148.4688 2.6703 164.7041 3.9683 -7.2831 1.4545 23.8472 2.4496 27.3009 2.5523 161.8476 1.8169 170.6713 1.1208
4884 -10.2257 3.1482 166.1522 4.6156 1.7272 3.8843 149.2217 2.4834 162.9576 3.7780 -7.7177 1.3031 23.4148 2.4603 24.9326 2.4686 160.5583 2.1635 170.7356 1.4097
4885 -10.3014 3.5011 166.5298 4.7124 0.0263 4.2824 149.5212 2.3993 161.4216 3.6169 -7.9678 1.2468 22.7220 2.4942 22.5707 2.5709 158.7706 1.9737 170.8155 1.6714
4886 -10.0303 4.1785 167.0950 4.3622 -1.4853 4.5148 149.2078 2.4751 159.7650 3.9210 -8.7519 1.2801 21.9292 2.3673 20.1347 2.6385 156.8416 1.7159 170.8240 2.3694
4887 -9.7611 4.8310 167.7035 4.0669 -3.1969 4.6042 149.1745 2.4258 157.5364 3.5642 -9.2908 1.2061 20.4748 2.4049 18.0398 2.3744 155.2577 1.8080 171.0197 3.4896
4888 -9.7590 4.8431 168.2322 3.8273 -4.6770 4.2581 148.8143 2.4450 155.7806 3.1234 -9.4158 0.9720 18.8031 2.4533 15.8335 2.4974 153.5642 1.7381 171.0342 4.0400
4889 -9.8038 4.7640 168.7138 3.3672 -6.1839 3.9975 148.0861 2.4147 153.9442 2.7858 -9.6378 1.1514 17.2654 2.5526 13.5801 2.4085 151.5466 2.0950 170.7933 4.4216
4890 -9.7709 4.3514 168.9774 3.3343 -7.1738 3.6049 147.1599 2.4325 152.1037 2.5173 -10.3482 1.7729 15.3669 2.5639 11.3826 2.6213 149.0643 2.2888 170.6164 4.6130
4891 -9.1610 3.8263 169.7875 3.5791 -8.3153 2.9927 146.2067 2.5172 150.2416 2.2875 -10.3326 2.6375 13.1372 2.3539 9.0297 2.8157 146.6380 2.2477 170.1863 4.7281
4892 -8.5583 3.2218 170.4540 3.4049 -8.8178 2.3676 145.0215 2.5602 148.4753 2.1496 -10.6429 2.8879 11.1565 2.0815 7.2464 3.3728 144.1169 2.2892 170.2620 4.6327
4893 -7.9567 3.3245 170.7870 3.3721 -9.6881 2.1010 143.7635 2.5862 146.4588 2.3940 -10.5093 3.1652 9.5243 1.7659 5.3392 3.7252 141.7860 2.5801 169.7669 4.4867
4894 -7.3037 3.3985 170.8341 3.4853 -9.5693 1.7590 142.2711 2.5273 145.2319 2.4617 -10.6290 2.8862 7.7805 1.6795 3.7984 3.8352 139.4248 2.2896 169.7733 4.3440
4895 -6.5356 3.7778 170.5489 3.2173 -9.3036 1.4792 141.5690 2.5161 144.2950 2.4429 -10.4147 1.9674 5.9940 1.4656 2.5597 3.8547 136.8345 2.5423 169.4448 4.7102
4896 -6.0130 3.8195 170.3175 3.2192 -8.8071 1.2422 140.9886 2.4813 142.9063 2.4630 -10.5961 1.9144 4.3565 1.3213 1.5021 3.7686 134.6482 2.6507 169.1562 4.5079
4897 -5.5787 3.6796 170.1595 3.0456 -8.4834 1.4168 140.3884 2.4494 142.3599 2.4842 -10.3578 1.6414 2.8351 1.5888 0.5662 3.9564 132.2926 2.4907 169.0147 4.5128
4898 -4.9327 3.0032 169.8313 3.3146 -7.4752 1.4769 140.2894 2.5275 141.8744 2.4544 -10.2066 1.2607 2.0658 1.8180 -0.6243 3.6729 129.9438 2.5167 168.5324 4.0689
4899 -4.7405 2.8257 169.2551 3.5024 -6.3897 1.5036 140.1702 2.5094 141.6464 2.5424 -10.2755 0.6156 1.7194 1.6544 -1.6270 4.1312 127.7759 2.5354 168.1812 3.8239
4900 -5.0236 2.2390 168.6889 3.6394 -4.9880 1.1285 140.0980 2.3476 141.8411 2.5733 -10.4791 0.7305 1.6671 1.6326 -2.3036 4.5926 125.4376 2.4851 168.0875 3.6062
4901 -5.5121 1.9816 168.3860 3.7156 -3.7906 1.0854 140.6842 2.3573 142.5778 2.4651 -10.7455 1.2117 1.8543 1.6008 -3.3061 4.8650 123.1573 2.4661 168.3019 2.9004
4902 -6.0446 1.3909 167.9150 4.0032 -2.0381 0.6060 141.7890 2.5218 143.2418 2.4893 -10.8191 1.8473 2.4450 1.5671 -4.4646 4.9528 120.9839 2.5795 168.2377 2.0545
4903 -6.3752 1.2763 167.5226 4.7959 -0.2166 0.6537 142.9216 2.3507 144.3372 2.3830 -11.1451 2.5126 2.9637 1.7522 -5.0580 4.8804 118.6568 2.2997 168.3902 1.5466
4904 -6.7008 1.5260 167.2809 5.0059 1.6392 0.6458 144.7988 2.3501 145.5517 2.5194 -10.7831 2.7456 3.7702 1.5609 -5.7150 4.9744 116.7202 2.4590 168.6654 1.1255
4905 -7.0414 1.8170 167.1052 5.2924 3.5409 0.9510 147.0024 2.6636 146.8813 2.6547 -10.5328 3.1260 4.4487 1.4215 -6.3885 4.9645 114.9825 2.4809 168.9954 0.4361
4906 -7.2755 2.1269 166.7191 5.4355 5.8395 1.2756 148.7190 2.6084 147.9676 2.5626 -10.1943 3.1837 5.9447 1.8220 -6.4131 4.8291 113.6231 2.6178 169.0557 -0.0743
4907 -7.6372 2.2684 166.1067 5.3776 7.3200 1.8929 150.8295 3.0396 149.0824 2.5982 -9.9474 2.7241 7.4884 2.0018 -6.8940 4.7680 112.3805 2.6153 169.2472 -0.3019
4908 -7.4571 2.6960 165.7984 4.9781 9.4847 2.2281 153.0821 3.0885 150.3300 2.5957 -10.1814 2.6438 9.7589 2.2126 -6.8313 5.1591 111.3447 2.5824 169.1337 -0.5479
4909 -7.5876 2.7060 165.5397 4.8560 11.1768 2.5057 155.4519 3.5032 151.2340 2.6032 -9.9088 2.3893 12.1173 2.2800 -6.7176 4.9880 111.1192 2.4662 168.8494 -0.9862
4910 -7.7239 2.6852 165.3071 5.0625 13.6094 2.5345 157.4559 3.7806 151.3967 2.4358 -9.5930 1.8319 14.0385 2.3747 -6.2970 5.3846 110.6155 2.5294 168.8341 -1.0958
4911 -7.4940 2.9052 165.4543 4.9841 16.0831 2.4330 159.4197 3.9989 151.4885 2.4853 -9.1074 2.1096 16.1052 2.6602 -6.9050 5.1474 110.6836 2.5666 168.6012 -0.6215
4912 -6.9902 3.1131 166.0670 4.9485 18.3356 2.4347 161.4765 4.0548 151.4967 2.4657 -8.6757 1.9839 18.4490 2.2622 -6.8391 5.1798 110.8357 2.5908 167.7731 -0.5134
4913 -6.4736 2.9664 166.5345 4.9730 20.6722 2.4970 163.2646 3.7612 151.0423 2.4034 -8.2773 2.1924 21.1934 2.5414 -6.9610 5.0740 111.4003 2.4747 167.7373 -0.1207
4914 -5.7023 3.5985 167.4543 5.1340 22.5405 2.3983 164.7461 3.6148 150.6755 2.4888 -8.2827 1.3615 23.4136 2.7094 -6.9098 4.3655 112.3645 2.5713 167.8365 0.5583
4915 -4.3739 4.0112 167.9925 4.9145 24.9816 2.6601 166.3988 3.7002 149.5536 2.4688 -8.0950 1.1494 25.5755 2.6097 -6.9709 3.6873 113.1579 2.5878 168.2561 1.0975
4916 -2.8621 4.2373 168.2036 5.1680 27.1614 2.5719 167.5564 3.9309 148.7655 2.4509 -7.7918 0.5160 27.5911 2.5447 -7.0684 2.8385 114.6010 2.6092 168.7384 1.4193
4917 -1.0340 4.2112 168.5318 4.8862 29.4352 2.4319 168.6436 4.2841 147.1501 2.5290 -7.5961 0.2540 29.7384 2.3083 -7.0474 2.6126 115.8631 2.5038 169.2039 2.1505
4918 0.9256 4.2463 168.3097 4.5380 31.3468 2.5756 169.6366 4.3000 145.4032 2.6503 -7.0485 -0.3406 32.1978 2.5664 -7.0641 2.1602 117.7699 2.6656 168.7766 2.6539
4919 2.7145 3.9424 168.0378 4.7545 33.1883 2.5720 170.3211 4.1824 143.5468 2.4327 -6.6089 -0.5104 34.3335 2.3707 -7.3405 1.6213 119.7799 2.5920 168.3351 2.7848
4920 4.7449 3.5071 167.7216 4.6626 35.2323 2.6353 170.6081 4.0485 140.9757 2.5898 -6.2635 -0.4680 36.4234 2.4523 -7.0933 1.9217 121.9932 2.4564 168.1563 3.6047
4921 7.2913 3.3157 167.5837 4.6770 37.2770 2.5808 171.0769 3.5285 138.7733 2.5079 -5.5363 0.1664 38.5055 2.6496 -7.6162 1.7174 124.5481 2.5516 168.0723 4.1343
4922 9.1002 2.8823 167.8599 5.0309 38.7732 2.4371 171.2393 3.1455 137.0006 2.5299 -4.9460 0.0307 40.5940 2.3381 -7.9878 1.9605 126.6144 2.6672 167.9767 4.3340
4923 11.6157 2.7043 167.9893 5.5086 40.1223 2.4851 171.3794 2.2305 135.1447 2.4004 -4.4330 0.1796 43.0644 2.3281 -8.2804 2.4800 128.9378 2.6026 167.8577 4.6891
4924 14.2192 2.7090 168.3354 5.5742 41.1917 2.5049 171.7829 1.8648 133.6596 2.6174 -4.6263 0.0838 45.6210 2.4590 -7.9619 2.5182 131.5284 2.5957 168.0546 5.1042
4925 16.4317 2.6616 168.2359 5.2895 41.5337 2.5638 171.8430 1.3772 132.0519 2.4449 -4.6535 -0.0651 47.7138 2.5714 -8.5178 2.9784 134.1827 2.6168 168.1441 5.6327
4926 18.6549 2.5294 168.5576 5.1243 41.9255 2.5127 171.5274 1.1271 131.5458 2.4714 -5.2236 -0.1496 50.1914 2.3744 -8.6663 3.1198 136.6996 2.4174 168.2540 5.8570
4927 21.0921 2.5394 168.7736 4.9373 41.6232 2.5509 171.6293 1.0580 131.1608 2.5791 -5.2470 -0.1196 52.5568 2.3892 -8.7201 3.5534 138.9965 2.7491 168.4900 5.8744
4928 23.2759 2.4937 168.6912 4.3761 41.5483 2.5675 171.7484 1.2677 130.9883 2.4909 -5.9122 0.0548 54.8837 2.5595 -9.1540 3.9705 141.7674 2.5910 168.5507 5.7810
4929 25.4826 2.5323 168.0053 3.7773 41.0252 2.5939 171.7653 1.8645 130.9705 2.5250 -5.8761 0.3869 56.8752 2.6075 -9.1826 4.1535 143.9052 2.5065 167.9830 6.0462
4930 27.6416 2.5333 167.7265 3.3381 39.9286 2.6049 171.7075 2.2179 131.2783 2.5402 -5.9248 0.5287 59.3352 2.5188 -9.0258 4.5835 146.1176 2.4623 167.5000 5.8559
4931 29.8652 2.4998 167.4236 2.8485 38.9390 2.6232 171.7890 2.3763 132.1108 2.5597 -5.8960 0.5871 61.3910 2.4765 -8.6378 4.9603 148.7396 2.1917 167.5674 5.8399
4932 31.9015 2.4137 167.0631 2.4033 37.8144 2.4296 171.5778 2.4976 133.2074 2.5739 -5.7936 0.7720 63.6085 2.4121 -8.2823 5.1133 151.1856 1.8144 167.4254 5.7105
4933 34.3550 2.5306 166.5803 2.1475 36.1190 2.5241 171.2860 2.6748 134.3558 2.4299 -5.0729 1.0637 65.7511 2.4223 -7.9929 5.4565 153.1206 1.8061 167.4079 5.4566
4934 36.9705 2.6665 166.1871 1.6291 34.3128 2.6489 171.2949 3.1544 135.7583 2.5783 -4.6779 1.1579 67.8088 2.3306 -7.6147 5.6512 155.0418 1.2423 167.4221 5.2541
4935 38.9462 2.2376 165.2899 1.5211 32.0771 2.4855 170.7261 3.8331 137.1676 2.6083 -4.2148 1.1773 70.3674 2.5441 -6.9432 5.3777 156.7503 0.9169 167.9855 5.0258
4936 41.9398 2.4945 164.1291 1.1271 29.6376 2.6030 170.4906 4.5658 139.0367 2.5241 -3.9370 1.1933 72.4392 2.5383 -6.5155 5.6864 158.9160 0.5988 168.4036 4.7675
4937 43.8778 2.5511 162.9991 0.5446 27.2830 2.3209 170.1451 5.0535 141.2666 2.5113 -3.6699 0.9660 74.7318 2.5063 -6.6905 5.7838 160.6020 0.3873 168.6964 4.8925
4938 46.1530 2.2301 161.3519 0.6244 24.9746 2.4775 169.8022 5.4031 143.5968 2.5879 -3.3450 0.6464 77.0808 2.5970 -7.0400 6.0087 162.3019 0.4170 168.9036 5.0653
4939 48.4010 2.5386 159.9174 0.5840 22.6539 2.5040 169.3129 5.7380 145.7893 2.2796 -3.0585 0.7903 79.4439 2.3662 -7.3827 6.1427 164.2092 0.8339 168.5728 5.4016
4940 50.7430 2.5524 158.6027 1.0105 20.2291 2.2383 168.8895 5.6559 148.0933 2.8445 -2.4393 0.8669 81.6484 2.4979 -8.2866 5.6451 165.4912 1.0150 169.0267 5.4268
4941 53.5104 2.4832 157.4282 1.1207 17.6092 2.4622 168.7955 5.3988 150.1336 3.0246 -1.7930 1.4419 83.7760 2.4303 -8.9809 5.3071 166.5915 1.1056 169.4855 5.3739
4942 55.6827 2.4184 156.5466 1.5878 15.5421 2.4686 168.8294 5.1475 152.0336 3.3832 -0.8672 1.7065 86.2019 2.6646 -9.4426 4.5414 167.5684 1.0904 169.9672 4.8363
4943 57.8691 2.3623 155.9061 1.7812 13.1635 2.7254 168.5593 4.9347 154.6405 3.8587 0.4127 2.1629 88.2110 2.5730 -9.6494 4.3939 168.5451 1.1911 170.5744 4.1578
4944 59.5133 2.4259 155.3424 2.0745 10.4731 2.6080 168.4944 4.5832 156.7158 4.0684 1.7728 2.2999 90.6471 2.3418 -9.3299 3.7465 169.2354 1.0190 170.7521 3.5498
4945 61.3563 2.4654 154.4368 2.3203 7.9711 3.1691 168.7446 4.0112 158.7371 4.1686 3.5733 2.6627 93.2670 2.4606 -9.3439 3.8354 169.9131 0.8935 170.7906 3.2672
4946 62.4811 2.4219 154.4439 2.3906 5.5033 2.9519 168.9330 3.6670 160.6800 4.6015 5.4753 2.9836 95.7111 2.6935 -8.9315 3.7990 170.0366 0.6535 170.4352 3.2677
4947 63.6431 2.5097 154.4328 2.5320 3.5108 2.9807 169.0630 2.4341 162.7762 4.9722 7.3057 2.7569 98.2374 2.4887 -8.8950 3.6499 170.2114 0.8064 169.7441 2.7443
4948 64.4384 2.5014 154.3875 2.8430 1.5662 2.8590 168.9421 1.9207 164.6580 4.7400 9.7754 2.7230 100.3919 2.6787 -8.5491 3.8165 170.6034 0.8903 169.2846 2.1519
4949 64.8011 2.5674 154.6054 3.0753 0.1206 2.5842 168.1921 1.5237 165.5944 4.5572 12.0064 2.7106 102.9724 2.6515 -8.6196 3.3047 170.8936 1.5050 168.9472 2.1854
4950 65.0054 2.5708 154.9921 3.2889 -1.7146 2.3206 167.9568 0.8632 166.4503 3.9408 14.2411 2.6934 105.1372 2.5586 -8.8109 2.9117 170.8754 1.6852 168.4519 2.5078
4951 64.9827 2.4393 155.7680 3.3878 -3.4593 2.1551 167.6566 0.7292 167.3445 3.6599 16.3101 2.6192 107.7912 2.4926 -8.6476 2.3235 170.5201 2.0322 168.2909 2.8399
4952 64.3734 2.4917 156.0419 3.1941 -5.0955 1.7619 167.4407 0.4479 168.0817 3.5818 18.0971 2.3740 109.8964 2.4591 -8.6663 1.7378 170.3494 2.5252 167.9589 2.8574
4953 63.6125 2.4219 155.9709 3.0117 -6.1650 1.9432 167.4877 0.2422 168.5619 3.0030 19.8021 2.5748 112.0186 2.4352 -8.6441 0.9891 169.9866 2.4415 167.6430 2.5221
4954 62.6372 2.3744 156.6442 3.1910 -7.4720 2.0865 167.3876 0.2893 168.5525 2.7356 20.9756 2.5352 114.4079 2.4618 -8.6033 0.6231 170.2624 2.0265 166.8914 1.9361
4955 61.5492 2.4085 157.3634 3.1240 -8.6022 2.2163 167.0312 0.1874 168.4952 2.3826 21.5445 2.5334 116.7143 2.4802 -8.4254 0.3422 170.4966 1.4544 166.6082 2.0376
4956 60.3711 2.3857 158.1365 3.0932 -9.1154 2.2826 167.0115 0.3302 168.5060 2.1402 21.5947 2.5751 118.8536 2.6049 -8.4466 0.0587 170.3819 1.1979 166.0439 1.7077
4957 59.3649 2.4954 158.0174 3.2055 -9.6822 2.2230 166.8842 0.6527 168.2205 1.7193 22.0986 2.4246 121.0274 2.5220 -8.2530 -0.2057 170.3355 0.8452 165.7118 1.2135
4958 58.0316 2.3786 158.6331 3.1966 -9.9188 1.8782 166.7078 1.0202 167.5399 1.6614 22.3445 2.4269 123.1777 2.6507 -8.1648 -0.5789 170.4288 0.7021 165.6338 1.2649
4959 57.2742 2.5795 158.1950 3.2268 -9.9763 1.5264 166.2117 1.3648 166.3838 1.5095 22.0250 2.4423 125.5565 2.6090 -7.9012 -0.6680 170.2449 1.0432 165.5982 1.5836
4960 56.4086 2.5724 157.5577 3.2613 -10.1356 1.0838 165.7071 1.4065 164.9092 1.1465 21.6903 2.4292 128.0414 2.4152 -7.6084 -0.3228 170.3130 0.9730 165.6590 1.7000
4961 55.9385 2.5498 156.8311 3.4482 -10.4423 1.2486 165.3487 1.3397 163.9723 0.9228 20.7816 2.5278 129.9522 2.5177 -7.1087 -0.2380 169.8114 1.1725 165.7063 1.6526
4962 56.0320 2.5198 155.8122 3.6274 -10.4040 1.4442 164.8711 2.0281 162.2979 0.6418 19.4962 2.5750 132.3549 2.2560 -7.1188 -0.3987 169.2224 1.0759 165.9115 1.8729
4963 56.0731 2.5059 154.2218 3.3221 -10.5461 2.0056 164.7340 2.6533 160.3211 0.4632 18.2340 2.4563 134.4594 2.3580 -7.4315 -0.4067 168.3254 1.3026 166.1680 1.6706
4964 56.4963 2.5026 152.4883 3.1053 -10.7584 2.3066 164.6847 3.4464 158.1065 0.8866 16.4806 2.4860 136.6055 2.6096 -7.5069 -0.4428 167.6741 0.9040 166.7410 1.4592
4965 57.1440 2.5397 150.7462 3.0183 -10.5675 2.3121 164.9202 3.8315 155.8071 1.2281 14.6192 2.5374 138.7262 2.6835 -7.0922 -0.2781 166.7006 0.8840 166.8048 1.0306
4966 58.1850 2.4765 148.9193 2.7479 -10.6505 2.7040 165.0870 3.9261 153.7841 1.3177 12.3125 2.4157 140.9531 2.5654 -6.4465 -0.0153 165.7863 1.0275 167.1367 0.8609
4967 59.2596 2.6073 147.2948 2.5586 -10.3053 2.6808 165.3645 4.1449 151.9598 1.4724 9.8702 2.2090 142.8217 2.4872 -6.4410 0.0058 164.4146 0.7732 167.5351 0.6849
4968 60.3518 2.5615 145.5975 2.5611 -9.9426 2.2855 165.7200 4.0251 149.7627 1.8724 7.5483 2.5319 145.4274 2.6707 -5.3378 0.2572 163.2817 0.8199 167.7023 0.1338
4969 62.4402 2.3446 144.3483 2.3480 -9.4295 1.9909 165.3783 3.6964 147.9070 2.2686 5.2175 2.5213 147.2320 2.8960 -4.0360 0.7194 161.6837 0.9142 167.5603 0.0691
4970 64.7763 2.5657 143.0788 2.4408 -9.1044 1.7251 164.9507 2.9968 145.6739 2.1742 3.1123 2.7696 149.4721 3.0953 -2.6391 0.8773 160.4378 0.8507 167.4164 0.2033
4971 66.7141 2.5204 142.7522 2.5562 -8.5905 1.7238 163.8169 2.3431 143.3048 2.4522 1.2162 2.7475 151.8035 3.1530 -1.3239 0.8741 158.9070 0.7778 167.4240 0.2428
4972 68.6751 2.3863 142.2315 2.4594 -7.9023 1.5858 163.2056 2.1811 141.0887 2.3354 -0.8317 2.5238 154.1521 3.6023 -0.1404 1.0219 157.1324 1.1482 166.8841 0.3980
4973 70.9857 2.6331 142.2395 2.4585 -7.4321 1.7788 162.3578 2.3574 138.9855 2.5375 -2.6016 2.5387 156.0504 3.8513 0.5930 1.0313 156.4393 1.4508 166.7513 0.8325
4974 73.5369 2.5816 142.5358 2.4502 -7.0601 1.5753 161.6515 2.4830 136.7969 2.5944 -4.2029 2.5774 158.2710 4.3759 1.6573 1.1152 154.9574 1.9044 166.2695 1.0360
4975 76.1058 2.6091 143.1930 2.5496 -6.2957 1.2322 160.6544 2.5463 134.7937 2.4894 -5.3629 2.5392 159.9506 4.5124 2.1351 1.4164 154.1666 2.0457 166.1603 1.8113
4976 78.4778 2.6029 144.0603 2.4139 -6.0121 1.3220 160.3303 2.9516 132.5103 2.5621 -6.5667 2.9563 161.4230 4.7610 2.3508 1.7055 154.0830 2.3701 166.2504 2.5892
4977 80.3799 2.4734 145.3620 2.4649 -5.4219 1.3840 160.2937 3.0620 130.4050 2.5583 -7.1988 3.0821 162.5979 4.8439 2.1289 2.0772 153.9222 2.5199 166.8177 3.1752
4978 82.3998 2.4891 146.6738 2.5532 -5.0791 1.6445 160.1307 3.1353 128.2366 2.2790 -7.9871 3.4084 163.5473 5.2241 1.8850 2.2199 154.2421 2.4404 167.3695 3.7340
4979 84.4321 2.3809 148.1915 2.7122 -4.2966 2.2076 159.6736 2.8384 125.7124 2.4786 -8.6491 3.8349 165.0041 5.4705 1.7865 2.3834 154.6669 2.2837 167.6848 4.0775
4980 86.1626 2.5116 150.3175 2.4860 -3.1087 2.4260 158.9611 2.5459 123.7460 2.4916 -8.9309 4.0877 166.0553 5.5624 1.3613 2.4367 155.5720 1.9475 168.3802 4.0569
4981 88.7043 2.7086 152.5925 2.9385 -1.7988 2.4815 158.5984 2.4123 121.4213 2.6324 -9.4602 4.0699 166.9696 5.8774 0.5666 2.6235 156.6850 1.5341 168.6331 3.5373
4982 90.8130 2.4895 154.6525 3.1309 -0.7887 2.8564 158.0428 2.4543 119.3869 2.7493 -9.5014 4.6222 167.9139 5.6740 -0.1215 2.3615 157.5558 1.0211 168.8117 3.4593
4983 93.1929 2.3197 156.4963 3.5478 0.6551 2.8708 157.9372 2.5431 117.1381 2.6724 -9.9376 5.1382 168.8155 5.6159 -0.7829 2.5338 158.2273 0.8995 168.5038 3.4231
4984 95.4314 2.4079 158.0659 3.8236 2.3515 3.0851 157.3630 2.5185 114.9615 2.4853 -10.2060 5.2201 169.7064 5.6836 -2.2119 2.6522 159.4447 0.8779 168.7134 2.7463
4985 97.4915 2.4077 160.0290 4.1951 4.0709 3.1587 156.9066 2.6772 112.9279 2.5387 -9.4550 5.7064 170.2616 5.3342 -3.6977 2.6747 159.9677 0.9895 168.5662 2.4874
4986 99.9032 2.5461 161.5001 4.4978 5.7325 3.1145 156.6718 2.6184 110.3885 2.4299 -8.9502 5.6572 170.4943 5.2220 -5.2802 2.6612 161.1191 1.0622 168.8477 1.9066
4987 102.0252 2.4969 162.4341 4.7390 7.3864 3.3022 156.5302 2.3460 108.3445 2.4599 -8.3250 5.9074 170.5727 4.3694 -6.4711 3.1705 161.4713 1.1458 168.7257 1.9210
4988 104.8316 2.3600 163.4638 5.0149 9.4717 2.8258 156.5433 2.4935 106.1753 2.3863 -8.1024 5.8205 170.1772 3.8116 -7.5018 3.0126 161.6296 1.2763 168.5012 2.2366
4989 107.2427 2.4799 164.1765 5.3438 11.7170 2.8178 156.3999 2.4326 103.9209 2.5308 -7.1514 5.7632 170.2544 2.9412 -8.0634 3.1398 161.3314 1.2330 167.9800 1.9392
4990 109.3947 2.4549 164.8016 5.5885 13.8780 2.7611 156.2766 2.3712 101.6540 2.4791 -6.8159 6.0157 170.5063 2.2400 -8.5126 3.4550 160.9222 1.1408 167.8509 2.0125
4991 111.7426 2.5947 165.7112 5.5097 16.0558 2.6154 156.2136 2.4980 99.2315 2.5456 -6.8910 5.7215 170.6279 1.8272 -8.9807 3.6783 159.9994 0.9430 167.5155 2.1812
4992 113.8233 2.6284 166.3313 5.8379 18.3536 2.6419 156.1994 2.4215 97.3019 2.5061 -6.9863 5.1714 170.9611 1.7025 -9.6581 4.0899 158.6307 1.0883 166.9496 1.8989
4993 116.6773 2.7705 167.4842 5.8224 20.5974 2.6989 155.8043 2.3198 95.4593 2.4286 -7.0537 4.2624 171.3524 1.3323 -9.8033 4.3110 157.2227 1.4914 166.4408 1.6690
4994 118.7787 2.5091 167.7883 5.5472 22.9251 2.6782 156.0637 2.0901 94.2758 2.4999 -7.0111 3.9539 171.2760 0.7030 -10.1824 4.2043 155.3618 1.5143 165.7357 1.6281
4995 120.9865 2.5663 168.0346 5.2275 25.3350 2.5353 156.6451 1.8188 93.1473 2.3598 -7.0566 3.5524 171.3330 0.2148 -10.4355 4.1414 153.3763 1.8147 165.1689 1.8728
4996 123.3149 2.6084 168.1373 4.7440 27.4445 2.3402 157.5409 1.5890 92.6860 2.4743 -7.2053 2.7815 170.6345 0.1009 -10.6025 4.0382 151.1330 2.1822 165.2393 2.4773
4997 125.1439 2.6128 168.3139 4.5077 29.6741 2.5174 158.3857 1.3357 92.0874 2.4103 -7.1054 2.1350 170.2152 -0.4016 -10.5499 4.0192 149.3345 2.3052 165.3458 3.1152
4998 127.3973 2.3800 168.6118 4.2139 32.0998 2.5478 159.0731 0.9574 92.0123 2.5145 -6.7437 1.7044 169.8827 -1.0657 -10.1531 3.7504 147.6198 2.2295 165.6654 3.7737
4999 130.0758 2.5060 168.2248 4.0336 34.2788 2.6575 159.7668 0.6054 92.2618 2.5674 -6.5025 1.2144 169.7901 -0.8075 -9.5385 3.4639 146.2020 2.5954 165.8180 4.0146
5000 132.2460 2.7817 168.1190 4.2118 36.6218 2.7051 160.6953 0.2416 92.6694 2.5736 -6.2525 0.9797 169.8675 -0.7901 -9.2877 3.3204 145.2085 2.5910 165.7854 4.3557
