Time x_cm_1 y_cm_1 x_cm_2 y_cm_2 x_cm_3 y_cm_3 x_cm_4 y_cm_4 x_cm_5 y_cm_5 x_cm_6 y_cm_6 x_cm_7 y_cm_7 x_cm_8 y_cm_8 x_cm_9 y_cm_9 x_cm_10 y_cm_10
0 -4.3723 1.7906 -5.9893 2.8960 -4.0157 2.5231 -5.7173 1.2259 -4.3696 1.5934 -6.2646 4.3606 -4.7041 1.9986 -6.6020 0.7516 -5.8207 2.8106 -7.5669 0.8067
1 -4.5897 1.4414 -6.3587 3.1098 -4.2126 2.1453 -5.8980 1.3547 -4.7174 1.5417 -6.1645 4.1528 -4.7490 2.2283 -6.8779 0.9379 -6.2965 2.5947 -7.8416 0.6152
2 -4.6764 1.2538 -6.1415 2.4054 -4.5361 2.4008 -5.7764 1.0518 -4.8041 1.3590 -6.3294 3.8555 -4.6139 2.4879 -7.4159 0.4575 -6.7298 3.1866 -8.3287 0.7836
3 -5.1222 0.8582 -6.2839 2.3940 -5.0013 2.6836 -5.7279 1.5422 -4.7212 1.2086 -6.5003 4.3244 -4.5754 2.3386 -7.6492 0.5804 -6.6639 3.3230 -8.5491 0.8668
4 -5.4133 0.9654 -6.3418 2.5320 -5.3621 2.9000 -5.8761 1.7110 -4.6872 1.6288 -6.4783 4.8031 -4.5391 2.4763 -8.0172 0.5334 -6.8959 3.4221 -8.3585 0.7816
5 -5.7134 1.2915 -6.4734 2.8097 -5.5938 3.3525 -6.5751 1.7237 -4.4598 2.1151 -6.5385 4.7991 -5.1686 2.6248 -8.3589 0.6450 -7.4442 3.9119 -8.6990 0.9513
6 -6.1289 1.5469 -6.4957 2.7572 -6.1496 3.6690 -6.4091 1.8084 -4.4586 2.2914 -6.6003 5.0387 -5.6732 2.6321 -8.2730 0.7322 -7.6922 3.9196 -8.6161 0.9678
7 -6.4005 1.8478 -6.8875 3.4029 -5.9262 3.9301 -6.2631 2.0751 -4.4798 2.7210 -6.5585 4.4045 -5.8492 2.9758 -8.4097 0.9949 -7.4205 4.2935 -8.5755 0.8095
8 -6.3940 2.2435 -7.1531 3.8276 -5.6898 4.0332 -6.0400 2.5807 -4.3714 3.2519 -6.4108 3.8719 -5.5057 2.5865 -8.6985 1.0120 -7.3902 4.8464 -8.4298 1.0414
9 -6.1455 2.3264 -7.5527 4.5000 -5.4426 4.3671 -5.7931 2.5274 -4.3448 3.2823 -6.4814 3.7763 -5.3014 2.5724 -8.8255 1.2981 -7.2056 5.0591 -8.7143 1.4631
10 -5.5970 2.6201 -7.1616 4.5444 -5.2549 4.3930 -5.5611 2.4125 -4.5352 3.6457 -6.3299 3.7176 -5.3061 2.3067 -8.9374 1.4910 -7.2296 5.0189 -8.4739 1.2849
11 -5.6336 2.8170 -7.2718 4.5180 -5.1904 4.2809 -5.8772 2.6782 -4.3397 3.7373 -5.8160 3.7303 -5.0600 2.0065 -9.0471 1.4830 -7.2097 5.4436 -8.2897 1.0594
12 -5.3079 2.8132 -6.7478 4.5446 -5.1462 3.9083 -5.6727 2.9597 -3.9074 3.8236 -5.4301 3.2433 -5.0700 1.7762 -9.4778 1.4188 -6.8539 5.5250 -8.2604 1.1903
13 -4.8199 2.8412 -6.7881 4.7213 -5.0866 3.6922 -6.0509 3.0668 -3.8313 3.6467 -5.2381 2.8951 -4.9150 1.6434 -10.0956 1.6201 -7.0187 5.2955 -8.2779 1.1950
14 -4.1727 2.6232 -6.2888 4.8210 -5.4330 3.7341 -5.9518 3.1307 -3.5768 3.2540 -5.1544 3.1001 -4.5910 1.6983 -10.4536 1.2949 -6.8101 5.2953 -8.5188 1.0840
15 -4.0853 2.5556 -6.1090 4.4411 -5.5347 3.2786 -6.0438 3.2623 -3.7322 3.0310 -4.9236 2.8229 -4.3035 1.7968 -10.2800 1.5079 -6.5835 5.0071 -9.0712 0.9584
16 -4.2822 2.4849 -5.9304 4.3769 -5.2497 3.0126 -6.6055 3.2299 -3.8431 3.0985 -5.5241 2.5687 -4.4472 1.6515 -10.6045 1.6547 -6.8871 5.0880 -9.4417 0.9271
17 -4.2313 1.8167 -5.9402 3.8160 -5.5480 2.7897 -6.6636 3.3094 -3.7346 2.8855 -5.6250 2.3724 -4.6426 1.7255 -10.4447 1.7966 -6.8720 5.0108 -9.2881 1.0049
18 -4.2279 2.0578 -5.7542 4.1237 -5.3875 2.5203 -7.0137 3.4799 -3.5995 2.7826 -5.7128 2.3088 -5.0332 1.5738 -10.4615 2.0634 -6.9680 5.2007 -9.3424 0.9335
19 -4.4368 2.0722 -5.4901 4.6388 -5.6072 2.1995 -7.4371 3.5601 -3.5315 2.8659 -5.7778 2.5861 -4.9793 1.2200 -10.3748 2.2360 -6.9798 5.3896 -9.6608 1.0619
20 -4.3664 1.7810 -5.5650 4.8912 -5.9460 2.5917 -7.4420 3.8544 -3.0289 3.0631 -5.6050 2.3331 -4.9027 1.0836 -9.9751 2.1838 -7.6481 5.0046 -9.3502 0.5942
21 -4.5538 1.9570 -5.2642 5.4296 -5.9631 3.0380 -7.7363 4.4588 -2.3896 3.3203 -5.4849 2.7325 -4.8865 0.7834 -9.9429 2.2151 -7.9813 5.2527 -9.5216 0.6011
22 -5.0674 1.9519 -4.8592 5.0479 -6.0611 3.5331 -7.8871 4.5966 -1.6391 3.2581 -5.6166 2.9101 -4.6267 0.8213 -9.4528 2.4631 -8.4564 5.1224 -9.5138 0.7861
23 -4.8134 1.8465 -4.5971 5.0541 -6.3794 4.1785 -8.2278 4.5453 -1.1860 3.4105 -5.7406 3.0696 -4.3516 0.7116 -9.1201 2.3976 -8.8601 4.7215 -9.2499 0.9460
24 -4.8628 2.0281 -4.7365 5.2254 -6.4820 4.6266 -8.7001 4.5417 -0.6892 3.6902 -5.5470 3.4462 -4.2046 0.6662 -8.9692 2.2870 -9.3230 4.0822 -8.9023 0.8971
25 -4.8350 2.2674 -4.8976 5.1019 -6.2500 4.8373 -9.4266 4.5774 -0.0293 3.5995 -5.2728 3.6168 -4.2234 0.5199 -9.0573 1.6114 -9.3003 3.7272 -8.2670 0.9309
26 -4.6203 2.1138 -4.8112 5.2805 -5.9065 5.2844 -9.7285 4.1810 0.8460 3.9384 -5.0941 3.3622 -3.8962 0.3716 -8.6529 1.3348 -9.3521 3.3356 -8.1833 0.8099
27 -4.9187 2.4413 -5.2374 5.3436 -5.9243 5.1296 -10.4077 4.0232 1.2793 3.7725 -4.6500 3.3318 -3.4084 0.5336 -8.7298 1.1606 -9.2039 3.0462 -7.6662 0.7713
28 -4.9058 2.9030 -5.3632 5.1861 -5.9444 5.1093 -10.0389 3.5528 2.2872 3.7986 -3.9926 3.4964 -2.8684 0.7270 -8.6148 0.9614 -9.0435 3.0109 -7.0593 0.8388
29 -4.9030 3.2583 -5.7854 5.2246 -5.7738 4.6755 -9.9117 3.5847 3.3196 3.6488 -3.7511 3.8667 -2.6372 0.8650 -8.4725 1.1399 -8.9867 2.5047 -6.4949 0.9851
30 -4.8593 2.7690 -5.8390 4.7627 -5.6788 4.1712 -10.0027 3.3482 4.2562 3.8620 -3.9026 3.9796 -1.8929 1.1461 -8.7659 1.1652 -8.8136 2.1518 -6.2366 1.2352
31 -4.9694 2.7067 -5.9198 4.6985 -5.3814 4.2417 -10.1517 2.9540 5.1627 3.3271 -3.8132 3.9962 -1.0616 0.6936 -8.3737 1.3104 -8.4314 2.1733 -5.0882 1.0441
32 -5.1552 2.5656 -5.9928 4.5645 -5.1799 4.2534 -10.1888 2.6528 6.1751 3.0502 -3.9098 4.0931 -0.2335 0.6503 -8.7718 0.9909 -8.8367 1.9672 -4.1276 1.1149
33 -5.2688 2.1952 -6.0556 4.5337 -5.4791 3.8202 -10.0717 2.5370 6.7208 3.0075 -3.9002 4.0887 0.8834 1.1055 -8.4063 0.7147 -8.6093 1.3179 -3.3604 1.2027
34 -5.4863 2.0789 -5.8388 4.3652 -6.1781 3.3479 -9.2265 2.0197 7.7535 2.7701 -4.0734 4.1473 1.7769 1.1422 -8.6908 0.8544 -8.3228 1.1748 -2.7150 0.9946
35 -5.6388 1.8745 -5.6666 4.6162 -6.2801 3.1387 -8.9286 1.8738 8.4980 2.8851 -4.5975 4.1593 2.7447 1.1003 -8.8650 0.6537 -8.2686 0.8804 -1.9955 1.0676
36 -5.8297 1.7538 -5.3164 4.3263 -6.7693 3.0840 -8.5540 1.6145 9.2968 2.9904 -4.8401 4.3478 3.9544 1.3599 -8.8558 0.4211 -8.3257 0.8353 -0.8180 0.9122
37 -6.2586 1.5722 -4.9207 4.1583 -7.0784 3.0410 -8.2961 1.2553 10.3489 2.8407 -4.9338 4.1847 5.1177 1.5807 -8.8894 0.6967 -8.5129 0.4329 0.0416 0.9670
38 -6.4608 1.1609 -4.7784 4.0669 -7.3358 3.2457 -8.3402 1.2235 11.1812 2.6147 -4.7836 4.1460 6.3594 1.6326 -8.8764 1.0326 -8.6796 0.1821 1.1248 0.9967
39 -7.0073 1.2520 -4.4681 3.8153 -7.8063 3.8035 -8.5253 1.1789 11.5927 2.5453 -4.9122 4.2687 7.8916 1.6266 -8.8213 0.9948 -8.7808 -0.2093 2.2328 0.8802
40 -7.3264 1.3903 -4.4024 3.5343 -8.2626 3.9149 -8.0614 1.1471 12.1414 2.4670 -4.8110 3.8566 9.1328 1.8469 -8.6286 0.6254 -8.9159 -0.2604 3.6326 1.3862
41 -7.6746 1.1858 -4.5380 3.0313 -8.4124 4.0425 -8.1670 1.1910 12.6346 2.5373 -4.5440 3.7517 10.2751 2.2453 -8.3825 0.9108 -9.0420 -0.2083 5.2825 1.4080
42 -7.7572 1.2565 -4.8585 2.9279 -8.5003 4.2046 -8.3234 1.4129 12.5383 2.4318 -4.0202 3.4735 11.4136 2.3490 -8.3050 1.2136 -9.2154 0.0052 6.3882 1.7630
43 -7.9010 1.5047 -5.1332 2.9390 -8.6975 4.5682 -8.4947 1.5173 12.7176 2.5228 -3.3429 3.1083 13.0395 2.5241 -7.9408 1.8856 -9.4711 -0.0364 7.2408 1.6984
44 -7.8503 1.3595 -5.3057 2.4818 -8.3796 4.3203 -8.5402 1.4393 12.8823 2.4833 -2.7820 2.9497 14.3637 2.4310 -7.9062 1.9337 -9.5204 0.0908 8.7285 1.9910
45 -7.7969 1.1470 -5.4435 2.1267 -8.4398 4.4645 -8.4197 1.3668 12.4492 2.4959 -2.3337 3.0323 15.5731 2.5207 -7.5879 2.1063 -9.4620 0.2970 10.1466 2.0571
46 -7.7424 1.4224 -5.7324 1.9012 -8.2594 4.4255 -8.5896 1.3238 11.9505 2.3282 -1.2747 3.1826 17.1092 2.6549 -7.4787 2.5614 -9.4260 0.7652 11.3614 2.3228
47 -7.9074 1.6591 -6.1477 1.9923 -8.1688 4.5902 -9.2377 1.0251 11.9517 2.4811 -0.5393 2.9922 18.4611 2.3656 -7.4648 2.9729 -9.1179 0.9622 12.6013 2.5333
48 -8.2551 2.0337 -6.1368 1.6336 -7.9982 4.7402 -9.3648 0.8275 11.7299 2.4292 -0.2559 2.8390 20.0011 2.4430 -7.1983 3.1925 -9.2127 1.0587 13.9616 2.4109
49 -8.7409 1.9250 -6.3919 1.2903 -7.9051 4.4510 -9.7171 0.7974 10.8954 2.3357 0.1983 2.6015 21.2784 2.6753 -7.1042 3.6958 -9.1457 0.8939 15.0483 2.5274
50 -9.0521 2.1627 -6.2966 1.3964 -8.0315 4.7786 -9.8093 0.6489 10.2893 2.5685 0.7558 2.7384 22.7632 2.5829 -7.0813 4.0667 -9.1159 1.3094 16.2673 2.4726
51 -9.5263 2.0393 -6.6012 1.5654 -8.2972 4.3586 -9.7249 0.7030 9.4728 2.6165 1.6126 2.9697 24.1022 2.5589 -6.8497 4.3275 -9.1387 1.8696 17.6404 2.5366
52 -9.8847 1.8646 -6.5105 1.0955 -8.4267 4.0409 -9.6406 0.6665 8.5182 2.7208 2.2190 3.2119 25.6399 2.5095 -6.8214 4.4369 -9.4842 2.0162 18.1327 2.4850
53 -9.8132 2.2133 -6.7388 1.4376 -8.9042 4.0051 -9.6428 0.7505 7.3982 2.8683 3.0370 3.0820 26.3804 2.3911 -6.6259 5.0042 -9.3519 2.2796 18.7788 2.5397
54 -10.1052 2.3566 -6.5550 1.3205 -9.0164 3.6851 -9.9336 0.9650 6.4684 3.1204 4.2478 3.1503 27.9406 2.4986 -6.6765 4.7843 -9.5698 1.9603 19.2453 2.3701
55 -9.8420 2.2774 -6.4279 1.5992 -8.9240 3.4131 -9.8861 1.1708 5.4452 3.1967 4.8463 3.2919 29.2422 2.5073 -6.4618 4.8782 -9.6050 2.0020 19.9267 2.5038
56 -9.5605 2.6868 -6.7575 1.7863 -9.2086 2.8701 -9.9473 1.2700 4.1262 3.4537 5.5659 2.9692 30.3111 2.6592 -6.3901 4.9992 -9.5619 2.0375 20.3993 2.5742
57 -9.3245 3.0316 -6.8912 2.2947 -9.7357 2.4937 -9.8784 1.3555 3.1891 3.9446 6.6026 3.1033 31.7605 2.4411 -6.3481 4.8424 -9.5331 2.2860 20.8541 2.5032
58 -8.7383 2.8041 -7.0056 2.2964 -9.8703 2.8627 -10.3621 1.6046 1.9563 4.1362 8.3347 3.3635 32.5814 2.4034 -6.3358 5.0643 -9.7844 2.0935 20.9808 2.5085
59 -9.0866 2.6397 -7.1268 2.1747 -10.2787 3.2209 -10.5190 1.9652 1.1147 4.3078 9.5652 3.1932 33.2587 2.5749 -6.6144 5.2324 -9.8212 1.8960 21.2047 2.5113
60 -9.0343 2.4541 -7.3422 2.4842 -10.3374 3.4513 -10.5817 2.1834 -0.0760 4.4075 10.8958 3.0827 34.2604 2.5040 -6.5289 5.1193 -9.2518 1.8239 21.2468 2.5163
61 -8.8714 2.3808 -7.5931 2.4450 -10.3515 3.3769 -10.7891 2.6585 -1.0517 4.7286 12.1221 2.9247 35.0769 2.3516 -6.7779 5.3405 -9.2415 1.8541 21.5033 2.4559
62 -8.9800 2.2820 -7.3923 3.1760 -10.3773 3.8412 -10.5379 2.7278 -1.9526 4.6977 13.0738 2.8237 35.9887 2.6367 -6.8360 5.7477 -8.7323 1.6221 21.3289 2.5015
63 -8.8331 2.1645 -6.9949 3.3378 -10.5307 4.3487 -10.5044 2.7699 -2.2172 4.9815 13.9096 2.6314 36.8384 2.5683 -7.0360 6.0484 -8.5743 1.7450 21.5660 2.4839
64 -8.7685 2.0763 -7.0521 3.5954 -10.1596 4.5343 -10.2848 3.4500 -2.5108 4.9499 14.7523 2.4437 37.2245 2.4851 -7.0467 5.9176 -8.3935 1.7144 21.3967 2.4929
65 -9.0513 1.7775 -7.3360 3.6806 -10.1508 4.5113 -10.3439 3.5864 -2.9842 4.9955 16.0198 2.2969 37.8032 2.4147 -7.1171 5.9126 -8.1921 1.2831 20.9491 2.4475
66 -9.3273 1.7682 -7.0991 3.8898 -10.2141 4.7107 -10.7344 3.4241 -3.2278 4.9259 16.9659 2.4701 38.2262 2.5080 -7.5876 5.7805 -7.9614 1.4389 21.0280 2.4916
67 -9.5250 1.7173 -6.8135 3.9006 -10.1466 4.3029 -10.3786 3.3629 -3.5790 4.8574 17.6629 2.3702 38.8367 2.5434 -7.7873 5.8119 -7.7287 1.6080 20.4398 2.4494
68 -9.3602 1.4026 -6.0033 4.0597 -10.3445 3.7449 -10.5648 3.5242 -4.2841 4.6947 18.3779 2.4305 39.0267 2.5016 -8.2182 5.6376 -7.4899 1.7185 20.1116 2.5182
69 -9.5287 1.5700 -5.3991 4.3132 -9.9010 2.8683 -10.6525 3.6665 -4.6405 4.4170 18.6298 2.4507 38.9672 2.5610 -7.8980 5.1713 -7.1473 1.8816 19.5285 2.4772
70 -9.6615 1.2959 -4.9211 4.2137 -9.5742 2.5402 -10.6629 3.5027 -5.1133 3.9953 19.1278 2.4624 38.9223 2.5031 -8.3090 5.0505 -7.0455 1.7377 18.5869 2.4566
71 -10.2534 1.9268 -4.1856 4.2488 -9.5286 2.0252 -10.4308 3.1987 -5.4437 3.8695 19.2985 2.5149 38.9400 2.5290 -8.2027 5.0122 -6.4963 1.6151 18.1253 2.3731
72 -10.1139 2.1186 -3.7308 4.4242 -9.1556 1.2017 -10.0158 2.7244 -5.5906 3.9816 19.2241 2.4766 38.8391 2.5050 -7.9558 4.8772 -6.3377 1.7266 18.0633 2.4286
73 -10.1692 2.3516 -2.9499 4.0233 -8.7800 1.3288 -9.6804 2.8733 -6.0372 4.5503 19.0525 2.5071 38.3427 2.5653 -7.7744 5.0178 -6.3612 2.2018 17.2764 2.4881
74 -10.3161 2.4042 -2.3311 3.8897 -8.8807 1.1432 -9.4729 2.1504 -6.1385 4.2328 18.8717 2.5576 37.9230 2.4751 -7.4430 4.8696 -6.6184 2.1422 16.9742 2.5807
75 -10.0116 2.1121 -1.9125 3.4681 -8.2886 0.6328 -9.5405 2.4943 -6.5617 4.3865 19.1523 2.5221 37.3127 2.4393 -7.3090 4.9354 -6.1080 1.9823 16.6244 2.4676
76 -9.5723 2.1147 -1.1724 3.3715 -8.1473 0.4531 -9.5766 2.3654 -6.6037 4.5148 18.9739 2.5258 36.4370 2.4704 -7.4655 4.7185 -5.9450 1.9798 16.2867 2.5850
77 -9.6361 1.9550 -0.2581 3.1269 -7.4637 0.4775 -9.4897 2.2133 -6.6685 4.8385 18.7925 2.5721 35.7049 2.6314 -7.6411 4.8742 -5.7443 1.3565 16.0645 2.4660
78 -9.4804 2.3269 0.3650 2.9255 -6.9845 0.6358 -9.7075 2.4829 -6.7352 4.5097 18.6783 2.5416 34.4790 2.4810 -7.7135 4.9934 -5.5292 1.3149 16.2647 2.5449
79 -9.3429 2.3374 1.4536 2.5208 -6.6509 0.8280 -9.7357 2.3944 -6.3909 4.3501 18.3523 2.5497 33.1526 2.6047 -7.5909 5.0213 -5.3835 1.1069 16.6245 2.4858
80 -9.0260 2.5867 2.2045 2.5710 -6.5722 1.1537 -9.4994 2.5230 -6.1622 4.5881 17.6593 2.5343 32.0250 2.4480 -7.8467 5.4390 -5.0254 1.1115 16.3699 2.5337
81 -8.6478 2.9474 3.0388 2.2478 -6.4102 1.2023 -9.4731 2.2479 -5.6256 4.5452 17.1384 2.5675 30.5076 2.3926 -8.4137 5.4261 -5.1246 1.3569 16.6804 2.3766
82 -8.2046 3.0159 4.0493 2.2310 -6.8934 1.5895 -9.5088 2.5095 -6.1050 4.2125 16.8783 2.5279 29.1279 2.6183 -8.3194 5.3559 -5.1306 1.3168 16.6652 2.4187
83 -8.1204 2.6926 4.8878 1.9011 -6.7626 1.5988 -9.3912 2.4065 -6.0637 3.9766 16.5284 2.4249 27.2824 2.4839 -8.7366 5.3692 -5.1573 1.7169 17.4171 2.5531
84 -7.9229 2.7208 6.0697 1.8285 -6.2644 1.3710 -9.3980 2.4423 -5.7882 3.7286 16.4172 2.5690 26.0040 2.6671 -9.0105 5.3454 -5.1354 1.5531 18.1198 2.5042
85 -7.6906 2.8513 7.1740 1.9375 -6.0849 1.5035 -10.0052 1.7986 -5.9623 3.4444 15.7242 2.5418 24.4403 2.3865 -9.0918 5.0215 -4.9474 1.5964 18.9595 2.4226
86 -7.4855 2.6387 7.6979 2.1949 -5.8057 1.6812 -10.0505 1.0597 -5.6324 3.0511 15.4237 2.5118 23.1999 2.5143 -9.4419 4.8302 -5.4503 1.6846 20.1887 2.5254
87 -7.3430 2.9102 8.8971 2.0270 -5.9849 1.7297 -9.6004 0.7622 -5.5379 2.7804 15.1573 2.4260 21.7230 2.4945 -9.2741 4.6476 -5.6557 1.6569 21.3250 2.2979
88 -7.3728 2.5672 9.4952 2.0069 -6.2541 1.7101 -9.2117 0.3567 -5.7522 2.5705 14.8535 2.5264 19.8004 2.4755 -9.5657 4.5408 -6.0357 1.8193 22.4785 2.5127
89 -7.2074 2.3898 10.3595 2.2309 -6.2053 1.7073 -9.2282 0.1330 -5.9853 2.2290 14.0749 2.5164 18.0855 2.7103 -9.6568 3.8954 -6.4080 1.7210 23.1410 2.5237
90 -7.5533 2.0671 11.1240 2.3898 -6.1714 1.6680 -9.0922 0.3011 -6.3165 2.4015 13.5893 2.5024 16.9186 2.6573 -10.0152 4.0023 -6.8731 2.0514 24.2055 2.5608
91 -7.3282 1.6886 12.1036 2.4802 -5.8696 1.4979 -9.0096 0.0955 -6.3588 2.2516 13.5745 2.5209 15.5774 2.6372 -10.1875 3.8035 -7.2766 2.3955 25.3240 2.3698
92 -7.1222 1.4266 12.6066 2.6191 -6.0518 1.5638 -8.7377 0.0904 -6.8098 2.2242 13.1100 2.4999 14.1061 2.6118 -10.0938 4.1763 -7.3426 2.6950 26.4391 2.4778
93 -7.1144 1.5333 12.8647 2.4461 -5.9228 1.6123 -8.3129 -0.1813 -7.3234 2.2538 13.2522 2.4502 12.5963 2.5018 -10.5195 3.9938 -7.8796 2.7959 27.8844 2.2955
94 -7.0248 1.3101 12.9262 2.4083 -5.5130 1.6618 -8.1214 -0.2838 -7.5232 2.4173 13.2037 2.5921 11.2184 2.4350 -10.5316 3.7226 -8.7014 2.9492 29.3233 2.1096
95 -7.1483 1.5390 13.0603 2.5278 -6.4122 2.0959 -7.9274 -0.3793 -7.2386 2.2686 13.1571 2.5057 10.0789 2.2098 -10.2227 3.5622 -9.3771 3.1407 30.8739 2.4466
96 -7.0469 1.4771 13.0695 2.5419 -6.8636 2.0154 -7.9702 -0.1475 -7.2432 1.7511 13.0176 2.4316 8.7398 2.3333 -10.0555 3.4515 -9.8321 2.9901 31.8111 2.4197
97 -6.8757 1.7743 13.0476 2.5385 -7.3287 2.0467 -7.7827 0.1015 -7.6222 1.8566 12.6971 2.4791 7.0282 2.1817 -9.6324 3.3223 -10.0880 3.1856 32.8975 2.3639
98 -7.0026 2.0985 12.9326 2.5844 -7.4080 2.1283 -8.1302 0.2057 -7.6583 1.7234 12.3302 2.5202 5.6371 2.1435 -9.3852 3.5131 -10.4844 3.1617 34.0660 2.2267
99 -7.5136 2.2377 12.5018 2.4770 -7.6328 2.1717 -8.5115 0.1219 -7.8557 2.2466 12.5891 2.4763 4.0726 1.7406 -9.3660 3.0492 -10.6838 3.0069 35.3069 2.5633
100 -7.5165 2.9195 11.9892 2.6679 -8.3648 2.6669 -8.2516 -0.2542 -8.0156 1.8850 12.3176 2.6429 2.9007 1.2686 -9.0538 2.5121 -10.5768 3.3665 36.8132 2.4726
101 -7.7077 3.3171 11.5366 2.5334 -8.8712 2.8939 -8.1232 -0.3074 -8.5736 2.1862 12.2345 2.5436 2.1889 1.0826 -8.8164 2.3362 -10.5718 3.5054 38.1946 2.4830
102 -7.6356 3.4567 10.7661 2.3591 -8.9982 2.7028 -8.1712 -0.4025 -8.6360 2.3588 12.0073 2.5622 1.4087 1.0983 -8.8011 1.8773 -10.6521 3.7253 38.9177 2.6686
103 -7.5301 3.2952 10.1395 2.4118 -9.3680 2.7826 -8.3341 -0.3412 -8.3942 2.4640 11.7726 2.5214 0.1995 0.8564 -8.8949 1.4888 -10.2628 3.8296 40.0943 2.6214
104 -7.6908 3.6180 8.8725 2.5712 -9.3936 2.6758 -8.0619 -0.2139 -8.2843 2.5460 11.4394 2.4776 -0.6387 0.7556 -9.2957 0.8686 -10.0605 4.0849 41.4463 2.4791
105 -7.2566 3.7474 7.8660 2.6821 -10.1042 2.3890 -7.5280 -0.2712 -8.2508 2.9493 10.8057 2.5736 -1.1296 0.3339 -9.2456 0.5286 -9.8436 4.3939 42.8347 2.3915
106 -7.6501 3.7843 6.8768 2.7260 -10.3792 2.0714 -7.5203 -0.1642 -7.9991 3.4664 10.3170 2.3741 -2.2242 0.2677 -8.7350 0.5028 -9.6131 5.0227 43.9896 2.6851
107 -7.4781 3.8151 5.8328 3.0457 -10.2740 1.8596 -7.3163 -0.3654 -8.1336 3.7578 9.6286 2.0873 -2.8347 0.1290 -8.3458 0.4093 -9.1857 5.0006 45.5347 2.5043
108 -7.3052 3.7040 4.5146 2.9318 -9.7942 1.3733 -7.1340 -0.4062 -7.5409 4.3171 8.8923 2.1671 -3.0360 -0.1518 -7.9775 0.3655 -8.6859 5.4278 46.4688 2.5951
109 -6.9731 3.5259 3.4742 3.4903 -9.9030 1.8015 -6.9772 -0.4805 -7.1945 4.9297 7.6039 2.1423 -3.5031 -0.3985 -7.6624 0.0943 -8.0798 5.5907 47.7174 2.5480
110 -7.1693 3.8512 2.0801 3.3418 -9.6506 1.7932 -6.6049 -0.3388 -6.5193 5.1306 6.7493 1.9494 -3.8429 -0.1341 -7.3125 -0.2411 -8.1158 5.6767 48.9508 2.5702
111 -6.6821 3.8917 0.8405 3.8324 -9.6299 1.6654 -6.3984 -0.5434 -6.3781 5.1292 6.0636 1.8003 -4.2420 -0.0709 -6.7094 -0.3620 -7.9713 5.5647 49.8999 2.7678
112 -6.3370 3.8480 -0.2337 4.0022 -9.8185 2.0566 -6.1204 -0.5153 -6.2345 5.0021 4.7279 1.6202 -4.6095 -0.4147 -6.3640 -0.2478 -7.8569 5.1719 50.5318 2.4691
113 -6.0118 4.3135 -1.5071 4.2858 -9.9129 2.1170 -5.6638 -0.6200 -5.9183 5.3113 4.0109 1.7280 -4.9929 -0.4226 -5.8382 -0.2545 -7.7479 5.3246 51.5544 2.5300
114 -5.5714 4.5619 -2.1308 4.7418 -9.9679 2.5802 -5.6418 -0.7588 -5.6179 5.3081 2.7540 1.7132 -4.6526 -0.1392 -6.0823 0.2729 -7.6280 5.4334 52.5182 2.5035
115 -5.3137 4.5272 -2.9411 4.7490 -9.6161 2.7973 -5.8847 -0.3025 -5.1404 5.3705 1.5843 1.2473 -4.8837 -0.2467 -5.8156 0.7908 -7.3941 5.4449 53.1876 2.4185
116 -5.5218 4.7452 -3.5059 5.0004 -9.6099 3.1829 -6.3891 -0.1036 -4.3884 4.7358 0.5658 1.2795 -5.2911 -0.3127 -5.3221 1.2356 -7.3597 5.5506 54.0545 2.2819
117 -5.5438 4.8516 -3.8731 5.1161 -9.4252 3.3664 -6.0513 0.0329 -3.3842 4.6028 -0.4192 1.1924 -5.1912 -0.1934 -5.1111 1.7082 -7.6067 5.5805 54.7186 2.5216
118 -5.4065 4.9015 -4.5132 5.3924 -9.3851 3.8183 -5.8818 0.0677 -2.6754 4.4966 -1.2366 1.1296 -5.0456 -0.1777 -5.1718 1.9590 -7.8740 5.6383 55.0463 2.4291
119 -4.8952 4.8735 -5.1375 5.3337 -9.1027 4.1461 -5.7012 0.1261 -1.9682 4.3604 -2.0407 1.3051 -4.3636 -0.1729 -5.1930 2.1147 -8.1242 5.3090 55.8426 2.5336
120 -4.5989 4.3426 -5.2795 5.4863 -8.9071 4.0022 -5.7783 -0.1423 -1.2958 4.4970 -3.0532 1.4924 -4.2660 -0.0611 -5.2203 2.4114 -8.2850 5.2697 56.0604 2.5341
121 -4.2090 4.2550 -5.8849 5.7687 -8.7935 4.1716 -5.9346 -0.2522 -0.7026 4.3799 -3.7867 1.7151 -3.6213 -0.2559 -5.4620 2.6694 -8.3174 5.2129 56.4442 2.5818
122 -4.2490 3.9526 -6.2272 5.6752 -8.5601 4.2391 -6.0438 -0.1223 0.0091 4.4769 -4.5531 1.7125 -3.2198 -0.2107 -5.2571 3.0307 -8.4308 4.9422 56.5691 2.5812
123 -4.2011 3.5996 -6.6821 5.5905 -8.2590 3.9633 -6.3191 0.2027 0.8235 4.4053 -5.2450 1.3414 -3.1311 -0.1416 -5.5470 3.1484 -8.6214 5.0318 56.5043 2.4429
124 -4.2782 3.3650 -7.1511 5.5605 -8.1565 3.6852 -6.5863 0.1940 1.6426 4.3832 -6.0849 1.1725 -2.6261 0.0999 -6.2690 3.2186 -8.6233 5.3183 56.8244 2.5106
125 -3.9302 2.8576 -7.5555 5.5107 -8.2181 3.6524 -6.8875 0.2780 2.9196 4.0744 -6.8281 1.0807 -2.4087 0.1515 -6.3881 3.6208 -8.7535 5.1592 56.7513 2.4565
126 -3.5282 2.5061 -7.7723 5.5864 -8.2072 4.2016 -7.4335 0.6894 4.4648 3.9829 -7.4610 0.8446 -1.9991 0.5667 -6.5869 3.3791 -9.0041 5.2832 56.6049 2.5580
127 -3.4263 2.2573 -8.3424 5.7183 -8.2379 4.4902 -7.7325 0.8636 5.6765 4.0657 -7.8562 0.6453 -1.9446 0.9510 -6.6499 4.0497 -8.9835 5.3970 56.2095 2.5072
128 -3.3765 2.3305 -8.5379 5.6571 -8.2751 4.7681 -7.9841 0.7068 6.8897 3.7379 -8.1803 0.7222 -1.9872 1.2904 -6.9930 4.3429 -8.8492 5.3115 55.6939 2.3849
129 -3.5317 2.4676 -8.8485 5.8395 -8.3651 4.6696 -8.1928 0.2787 8.0940 3.5052 -8.4721 0.5071 -1.8438 1.7691 -7.5460 4.4045 -8.7023 5.0761 54.8796 2.5033
130 -3.6912 2.6978 -9.0714 5.4534 -8.0473 4.8704 -8.0762 0.0699 9.3839 2.9861 -8.8570 0.5002 -1.6854 2.2209 -7.9771 4.2405 -8.9451 5.1539 54.2072 2.5621
131 -3.5218 3.1029 -9.1410 5.0322 -7.7883 4.5925 -8.0547 0.3350 10.4193 2.8602 -9.0029 0.3295 -1.0776 2.6542 -8.2166 4.2376 -8.9381 5.5653 53.6653 2.4486
132 -3.7857 3.4869 -9.2021 4.8489 -8.0003 4.4745 -8.5189 0.2634 11.1976 2.7333 -8.7087 0.3435 -1.4476 2.9530 -8.4846 4.2830 -8.9529 5.6299 52.7592 2.4144
133 -4.0238 3.9092 -8.9461 4.6960 -8.3710 4.2928 -8.8498 0.3089 11.5602 2.6966 -9.0407 0.4873 -1.9083 3.3445 -8.6324 4.4950 -8.9185 5.7874 51.8730 2.4742
134 -4.4405 4.0267 -8.8269 4.5584 -8.3679 4.3955 -8.9653 0.5970 12.1347 2.7480 -9.1351 0.2688 -2.0369 3.6172 -9.0404 4.3569 -8.7510 5.3332 51.0286 2.5326
135 -4.7817 4.2251 -8.2473 4.1348 -8.1939 4.2808 -9.1445 0.6060 13.1639 2.5311 -9.2353 0.3822 -2.1619 4.0821 -8.8524 4.3320 -8.7765 5.3755 49.9550 2.5696
136 -5.2202 4.2944 -8.6587 3.6795 -8.4369 4.4983 -9.6735 1.1491 14.2229 2.5198 -9.1859 0.9029 -2.5014 4.1525 -8.7722 4.6013 -8.5017 5.6554 49.0258 2.5915
137 -5.7545 4.7843 -8.8698 3.2415 -8.6452 4.4027 -9.6055 1.3011 14.8946 2.4681 -9.2403 0.8726 -2.8743 4.3253 -9.0226 4.6142 -8.5049 5.7607 48.2162 2.5592
138 -6.1256 4.6816 -8.8236 3.2805 -8.9826 3.7568 -10.0903 1.7628 15.5632 2.4245 -8.8697 1.0867 -3.4006 4.2979 -9.0004 4.4562 -8.6657 5.4240 47.7442 2.5188
139 -6.7381 4.8009 -9.2238 3.0007 -9.1150 3.8634 -10.1442 1.6294 16.4837 2.5530 -8.7289 1.3776 -4.0484 4.3036 -9.1050 4.3919 -8.8548 5.4330 47.5757 2.4075
140 -6.9982 4.4989 -9.4640 2.5817 -8.6928 3.7390 -10.2534 1.5527 16.9124 2.5710 -8.4888 1.3970 -4.7569 3.9928 -8.7412 4.7140 -8.8859 5.3592 47.0393 2.4964
141 -7.0828 4.1174 -9.3619 2.7773 -8.6691 3.6891 -10.5859 1.7742 17.0648 2.6510 -8.4628 1.5151 -5.4111 3.9542 -8.9829 4.6071 -9.2165 5.4160 46.7161 2.4629
142 -6.9618 3.9253 -9.1064 2.4677 -8.9678 3.7402 -10.5236 1.8215 17.1991 2.4958 -8.1125 1.0580 -5.6749 3.5352 -8.6965 4.6426 -8.7751 5.8373 46.4135 2.5008
143 -6.9939 3.9014 -8.9701 2.4271 -9.2832 3.3005 -10.4829 1.2820 17.7481 2.5062 -7.5391 1.2718 -6.2334 3.4039 -8.7572 4.4887 -8.3269 5.7733 46.1986 2.5241
144 -7.1520 3.3737 -8.7054 2.0425 -9.7473 3.3851 -10.2486 1.9671 17.9935 2.4477 -7.8481 0.7977 -6.4201 2.9892 -8.5176 4.3480 -7.7637 5.7991 46.5147 2.5708
145 -7.1327 2.5758 -8.2441 1.5677 -10.2002 3.4381 -10.6282 2.4248 17.8562 2.4771 -7.2896 0.5578 -6.9125 2.8491 -8.6975 4.1088 -7.8201 5.8137 46.6974 2.5310
146 -7.1281 2.5296 -8.2957 1.1183 -10.6547 3.7365 -10.6380 2.2850 17.8840 2.5533 -7.4347 0.5847 -7.5913 2.9314 -8.3360 4.0384 -7.5705 5.8123 47.1310 2.5428
147 -7.3408 2.6389 -7.8248 0.6884 -10.7300 3.7259 -10.4709 1.9606 17.6795 2.4649 -7.7043 0.2621 -7.9885 2.4922 -8.0196 3.7906 -7.0548 5.6758 47.7170 2.5412
148 -7.6545 2.5832 -7.6652 0.3969 -10.6115 3.4060 -10.5811 1.7399 17.1329 2.4887 -7.7979 0.2101 -8.2812 2.1745 -7.6680 3.6110 -7.2537 5.4246 48.3583 2.4657
149 -7.8107 2.8254 -7.5251 0.4689 -10.6030 3.4455 -10.6408 1.5946 16.6620 2.4147 -7.7765 -0.1701 -8.4451 2.3755 -7.4762 3.3163 -7.1905 5.3064 49.5176 2.5405
150 -8.6431 2.5897 -7.2872 0.2268 -10.2898 3.6138 -10.3020 1.3846 15.9522 2.6056 -8.0407 -0.1737 -8.1148 2.5229 -7.1965 3.1385 -7.0069 5.4898 50.2575 2.4255
151 -8.4255 2.7113 -7.2146 0.1513 -10.1191 3.8051 -9.8951 1.5042 15.1474 2.4852 -8.2445 -0.1026 -8.2689 2.8514 -6.9643 3.0637 -6.9707 5.2888 51.1519 2.4096
152 -8.9303 2.4510 -7.2851 0.2352 -9.8816 3.7273 -9.1383 1.3257 14.4028 2.6252 -8.3029 -0.0779 -8.6053 2.8638 -6.8371 2.8248 -6.4890 5.6645 52.1105 2.5908
153 -8.9994 2.4344 -7.3431 0.0274 -9.8558 3.8387 -9.1494 1.4939 13.3023 2.4288 -8.2399 0.1922 -8.7321 2.5824 -6.7660 2.7792 -6.1604 5.8882 53.0252 2.4021
154 -9.1312 2.6691 -7.0113 -0.1347 -9.3892 3.5593 -8.9795 1.7409 12.3260 2.1767 -8.2812 0.1947 -8.9022 2.4271 -6.9541 2.5058 -6.6442 5.9216 53.6756 2.5868
155 -8.9100 2.7584 -6.5227 0.1392 -9.4037 3.7307 -8.7583 2.0790 11.3713 2.6486 -8.3657 0.4403 -9.2261 2.1405 -6.6116 2.3538 -6.3918 6.0120 54.7728 2.5894
156 -8.5402 2.9337 -6.2105 0.1819 -9.5620 3.0489 -8.7180 2.5589 9.9381 2.7255 -8.5027 0.5236 -8.9930 1.6681 -6.0866 2.3471 -6.5466 5.7449 55.7820 2.4974
157 -8.4463 2.5870 -6.3226 0.3312 -9.9856 3.2888 -8.7689 3.1091 8.5771 2.5131 -8.5420 0.5187 -9.0461 1.5983 -5.7635 2.2212 -6.5686 5.6613 57.1463 2.6190
158 -8.4067 2.6848 -6.0300 0.2930 -9.9223 2.9644 -8.4401 3.8239 7.2315 2.8480 -8.3504 0.5562 -8.9599 1.2600 -6.1218 1.7165 -6.9237 5.3707 58.2609 2.3686
159 -8.2285 2.6379 -5.7211 0.4216 -9.3696 2.9976 -8.3624 3.8678 6.4064 2.9591 -8.6733 0.3255 -8.9265 1.0479 -5.4251 1.6081 -7.1566 5.2054 59.4838 2.5447
160 -7.7211 2.7974 -5.6735 0.2373 -9.5109 3.0134 -8.2709 4.2803 5.0417 2.6150 -8.6422 0.3873 -9.0895 0.9629 -5.4522 1.2555 -7.0612 4.8256 60.0447 2.5289
161 -7.4495 2.9753 -5.8611 0.0449 -9.4838 3.0103 -8.1415 4.0580 4.0945 2.9288 -8.8820 0.5734 -9.1457 0.5979 -5.2011 1.4735 -7.0734 4.9099 61.1311 2.4517
162 -7.1840 3.2584 -5.8763 -0.0896 -9.3561 3.1706 -7.9993 4.3817 2.9966 3.0110 -8.9932 0.2403 -9.4130 0.6440 -5.1502 1.1291 -7.1506 5.0755 62.0438 2.6097
163 -6.9898 3.6533 -5.7406 -0.4685 -9.7693 3.3484 -7.4501 4.3521 2.0069 3.1750 -9.2521 0.1476 -9.8235 0.5586 -5.0352 1.1330 -7.2432 5.1361 63.0706 2.5429
164 -6.7980 3.9469 -5.9093 -0.3480 -9.4296 3.9685 -7.0859 4.3657 1.2359 3.3347 -9.0035 0.0111 -9.9729 0.9108 -4.8010 1.0022 -7.1934 5.2047 63.8372 2.4941
165 -6.5314 4.3780 -5.9746 -0.4742 -9.6659 4.0297 -6.9701 4.3065 0.9013 3.4313 -9.1669 -0.0681 -10.2545 1.2056 -4.4675 0.9334 -7.0035 5.2070 64.3997 2.4700
166 -6.5995 4.4180 -6.2843 -0.4682 -9.5174 4.1754 -6.4166 4.4822 0.3996 3.4310 -9.3530 -0.0504 -10.2273 1.4715 -4.2034 0.8353 -6.9571 5.7832 65.0166 2.5354
167 -6.7765 4.7848 -6.8950 -0.8171 -9.6974 3.9988 -6.0601 4.3596 0.0672 3.2951 -9.2214 0.1779 -10.1189 1.4002 -4.0655 0.8603 -7.1318 5.8555 65.1484 2.5624
168 -6.7917 4.8869 -7.4596 -0.5966 -9.4739 3.9512 -5.6508 4.1944 -0.7939 3.4059 -9.3048 0.2436 -10.1769 1.9243 -3.5989 0.7305 -7.0355 6.0058 65.2590 2.5735
169 -7.0175 5.0637 -7.9820 -0.5572 -9.3356 4.4711 -5.3782 3.8888 -1.4392 3.7269 -9.2097 0.3857 -9.9214 2.0510 -3.2703 0.7148 -6.9228 5.4553 65.3973 2.5012
170 -7.0222 5.1035 -8.2674 -0.4080 -9.2122 4.2351 -4.9532 4.0964 -1.7533 3.7689 -8.9564 0.1928 -9.7544 2.1745 -3.0554 0.7216 -6.7057 5.2831 65.6564 2.5937
171 -6.9802 5.3190 -8.1149 -0.1281 -8.9993 4.4025 -4.7877 3.9979 -2.3446 3.9191 -8.4987 0.3223 -9.5841 2.0189 -2.5167 0.6245 -6.8372 5.1252 65.3076 2.5371
172 -6.8132 5.3688 -8.0628 -0.2467 -9.1500 4.5754 -4.4794 4.0693 -2.7225 4.1890 -8.3601 0.6652 -9.2828 2.3158 -1.9681 0.3139 -6.9349 5.1836 64.9452 2.6359
173 -6.4907 5.3387 -8.1392 -0.3191 -9.1854 4.8633 -3.9834 4.1767 -3.4576 4.1938 -8.2072 0.9275 -9.2162 2.4543 -1.4747 0.3159 -6.9513 5.4252 64.5925 2.6442
174 -6.2343 5.0001 -8.0922 -0.0023 -9.4960 4.5299 -3.3570 3.7078 -3.6298 3.6495 -8.1403 1.4358 -8.9836 2.3697 -0.6804 0.7486 -6.3997 5.3976 64.1837 2.5550
175 -5.7114 5.0612 -7.0567 0.1124 -9.4659 4.9186 -3.5040 3.5904 -3.8973 3.6432 -8.1543 1.5278 -8.9559 2.0755 0.1768 0.8133 -6.5512 5.6298 63.3910 2.5434
176 -5.2391 5.1670 -6.6890 0.1770 -9.3810 5.1410 -3.3692 3.4823 -4.1242 4.0585 -8.2189 1.8062 -8.9640 2.2149 1.3946 0.8253 -6.6189 5.5795 62.3907 2.4592
177 -5.4453 5.0345 -6.1524 0.6040 -9.3075 4.9603 -2.7554 3.2654 -4.1261 3.9734 -7.8280 2.0252 -9.0652 1.8864 2.4011 0.8303 -6.5523 5.1072 61.5548 2.6467
178 -5.5688 5.0772 -5.9350 0.4377 -9.1582 5.0546 -2.2100 3.3493 -4.3347 4.5803 -7.5836 1.9331 -8.8000 1.7255 3.5014 0.8234 -6.7175 4.9217 60.5565 2.4601
179 -5.2209 5.0311 -5.8319 0.4361 -9.4253 4.9971 -1.8679 3.3905 -4.3734 4.6391 -7.4488 2.1432 -8.6677 1.5368 4.7658 1.0538 -7.0954 4.2540 59.4201 2.5133
180 -5.2382 4.9085 -5.7654 0.4085 -9.5958 4.3279 -1.3867 3.1549 -4.3863 4.7389 -7.2533 2.2105 -8.7947 1.6724 5.9654 1.2733 -6.8889 3.5755 57.9777 2.4979
181 -5.3524 4.9056 -5.9021 0.3129 -9.7516 4.0652 -0.7371 3.0283 -4.2879 4.8412 -6.9001 2.2890 -8.7633 1.5382 7.3970 1.1857 -6.8504 2.8879 57.0778 2.4669
182 -5.9453 4.9282 -5.7669 -0.0967 -9.6235 3.5733 -0.1095 3.1099 -4.1342 4.7794 -6.2250 2.0948 -9.0781 1.7938 8.2315 1.6277 -6.8528 2.5570 55.7777 2.5090
183 -5.6205 4.8569 -5.8780 0.0190 -9.2409 3.2871 0.8035 3.0784 -4.6151 4.5557 -6.0945 1.8754 -9.4578 2.1060 9.0730 1.7314 -6.7364 2.2603 54.2563 2.4427
184 -5.9032 4.7166 -5.5896 0.0037 -9.2436 2.8805 1.5225 3.5205 -4.5537 4.5028 -5.9863 1.8271 -9.7041 2.0172 10.8231 1.8083 -6.5396 2.0010 52.6562 2.5082
185 -6.2768 4.6690 -5.3476 -0.1492 -9.0009 2.6200 1.6238 3.2746 -4.5539 4.4972 -5.3791 2.3048 -9.8815 2.1838 12.1015 2.1862 -6.0216 1.7182 51.3391 2.6313
186 -6.6030 4.3085 -5.4001 -0.2771 -8.6716 2.4278 1.8127 3.2534 -4.9033 4.6588 -4.9362 2.5437 -10.0770 2.4972 13.2018 2.3151 -5.4783 1.3586 50.2893 2.4399
187 -6.4164 3.7349 -5.3380 -0.1234 -8.2954 2.2219 2.0350 3.0501 -5.5597 4.7902 -4.7947 2.9783 -10.1873 2.5248 14.2912 2.3820 -4.9560 1.4199 48.9680 2.3764
188 -6.5709 3.5255 -5.2245 0.0818 -7.5049 1.8749 2.2159 2.9629 -5.8136 4.7278 -5.0742 3.3719 -10.3263 2.8604 15.6466 2.4387 -4.8478 1.3691 47.4296 2.6858
189 -6.7681 3.3775 -5.4125 0.2619 -7.0575 1.9419 2.0245 3.0570 -6.1187 4.4619 -4.8798 3.7613 -10.2192 2.6471 17.2569 2.4784 -4.3105 1.2971 46.0327 2.3250
190 -6.6778 2.7612 -5.0541 -0.2301 -6.5287 2.1616 1.4002 3.1368 -6.6592 4.3563 -4.7186 4.0291 -9.8316 3.2242 18.2417 2.5660 -4.1089 1.2476 44.3433 2.4364
191 -6.7647 2.7518 -4.8818 -0.2415 -6.0782 2.2860 1.0763 3.3159 -7.0406 4.7693 -4.8813 4.4006 -9.3077 2.8805 19.8825 2.5162 -4.0831 1.2414 42.7496 2.5699
192 -6.5767 2.6267 -5.0835 -0.0678 -5.8961 1.9730 0.6059 3.8144 -7.1839 4.7542 -5.1319 4.5981 -9.4089 2.7151 21.4800 2.4724 -3.7390 1.2246 41.2087 2.3976
193 -6.5344 2.5372 -5.0919 -0.0148 -5.5756 1.9455 0.5009 3.8946 -7.6003 4.7087 -4.6555 4.6773 -9.4908 2.6574 22.2338 2.6028 -3.0954 1.1607 39.6635 2.5489
194 -6.7782 2.4998 -5.3692 0.1697 -5.4886 2.1275 0.4344 4.1440 -8.0115 4.6378 -4.4544 4.6838 -9.4795 2.5667 23.4148 2.5214 -2.5540 1.0075 38.7217 2.4264
195 -6.9257 2.2848 -5.4954 0.6429 -5.4885 1.9666 -0.0204 4.2364 -8.1603 4.9090 -4.2781 4.4253 -9.2340 2.6556 24.8122 2.4725 -2.2885 0.5688 37.6911 2.3625
196 -7.0267 2.2690 -5.6445 0.4882 -5.3173 2.0440 -0.8342 4.5047 -8.4265 4.5639 -4.1332 4.0299 -8.9642 2.7178 26.3777 2.7004 -1.8966 0.3664 36.5001 2.2716
197 -7.1860 2.3842 -5.6143 0.5118 -5.6288 2.3067 -1.5435 4.6493 -8.4895 4.3034 -3.8785 3.9250 -9.0314 2.3362 28.0924 2.5578 -1.5737 0.6659 34.8293 2.3175
198 -7.5193 2.3592 -5.8993 0.4670 -6.0572 2.7070 -2.0345 4.8050 -8.6595 3.7665 -4.1010 3.5163 -9.2039 2.1317 29.5139 2.6825 -0.9838 0.6980 33.3493 2.5398
199 -7.4974 2.3220 -6.3403 0.3810 -5.8906 2.7422 -2.6768 4.9510 -9.0283 3.7529 -4.0756 3.2448 -9.5603 2.2450 30.8481 2.7678 -0.2066 0.9562 32.0344 2.6688
200 -7.2271 2.5435 -6.4564 0.4703 -6.0040 2.8148 -3.5587 4.9131 -8.6556 3.8862 -4.2381 3.0684 -9.4913 2.1101 32.3704 2.4223 0.7133 0.9684 30.1175 2.5220
201 -7.2168 2.0271 -6.8362 0.1537 -6.2178 2.6268 -4.0327 4.9545 -8.4599 4.1669 -4.0402 2.3659 -9.4565 2.0373 33.6436 2.4799 1.8622 0.9419 28.7573 2.3681
202 -7.2801 1.9483 -7.0101 -0.3924 -6.4331 2.6826 -4.6551 5.0616 -7.9325 4.1620 -4.1320 2.2049 -9.3199 1.7509 35.1489 2.3580 2.9335 1.3097 27.7336 2.4710
203 -7.1273 1.9181 -6.6922 -0.2675 -6.2268 2.8704 -5.1273 5.2069 -8.0596 4.1347 -4.2232 1.7408 -9.3377 1.3563 36.3950 2.3558 4.3893 1.4808 26.0526 2.4417
204 -6.9409 1.6621 -6.6232 -0.2029 -6.1635 2.9683 -5.5573 5.4033 -7.8175 4.2788 -4.1153 1.7510 -9.4809 1.0836 37.7000 2.4853 5.7960 1.5742 24.4529 2.6010
205 -6.9077 1.6383 -6.1575 -0.3575 -6.6053 3.2108 -6.1194 5.0863 -8.1556 4.4165 -4.3787 2.0229 -9.2585 0.9078 39.1412 2.4571 7.0357 1.7933 23.4084 2.6066
206 -6.8029 1.6582 -6.2062 -0.0790 -6.9554 3.2135 -6.3977 5.5865 -7.6719 3.6142 -4.8396 1.9843 -9.0504 0.8241 40.1841 2.3307 8.0431 2.0044 22.4560 2.6878
207 -6.5808 1.5319 -6.2560 -0.0780 -7.2980 3.3415 -6.1379 5.8123 -7.3078 3.7088 -4.7300 2.2732 -8.9913 0.5464 40.9667 2.5302 9.4715 2.3246 21.0764 2.4939
208 -6.2356 1.3145 -6.0703 -0.2305 -7.3947 3.4500 -6.5262 5.7301 -7.3381 3.5341 -4.7155 2.3530 -8.6497 0.1618 42.3065 2.4372 10.6664 2.3117 19.8184 2.3809
209 -6.0211 1.4183 -5.7403 -0.2711 -7.8855 3.0279 -6.2945 5.6001 -7.1595 3.4456 -5.2077 2.4685 -8.6074 0.1341 43.4005 2.5250 11.2067 2.5489 18.6427 2.4483
210 -5.7068 1.2397 -5.8712 -0.0324 -8.0203 2.9456 -6.4765 5.8884 -6.7952 3.3925 -5.2261 2.5785 -8.2280 0.2169 44.2816 2.5160 11.8657 2.5688 17.4966 2.4694
211 -5.4198 1.5905 -6.2918 0.2449 -8.3777 2.2483 -6.8123 5.9222 -6.1770 3.3419 -5.2083 2.7324 -7.7878 0.0361 45.1354 2.3590 12.4904 2.6400 15.8649 2.4263
212 -5.6070 1.4230 -6.1592 0.6414 -8.4726 2.3240 -6.9087 5.3868 -5.4715 3.2405 -5.4803 3.0587 -7.4198 -0.3932 45.8523 2.4983 13.1305 2.4359 14.6218 2.5964
213 -5.0793 1.5136 -6.5114 0.9502 -8.5695 2.0486 -6.8166 5.3415 -4.4476 2.9821 -5.5260 3.3962 -7.2540 0.0796 46.2568 2.4929 13.7716 2.4170 13.3425 2.2710
214 -4.5738 1.3573 -6.4717 1.1356 -8.0346 2.0551 -6.7877 4.9489 -3.6949 3.0979 -5.9721 3.3931 -7.4183 0.4124 46.7854 2.4563 14.0410 2.6300 11.9683 2.2549
215 -4.0590 1.6914 -6.9331 1.0223 -7.6588 2.2340 -6.6111 4.7723 -3.0529 3.0254 -6.3546 3.6066 -7.5357 0.7720 47.1419 2.4930 14.3646 2.4912 10.4991 1.8621
216 -3.6921 1.8505 -7.2252 0.7774 -7.7979 1.6840 -6.8427 4.8872 -2.1744 2.6119 -6.7896 3.9328 -7.6295 0.2197 47.4139 2.4086 14.4846 2.5372 9.1448 2.1511
217 -2.9971 1.9965 -7.4750 0.6975 -7.8290 1.3451 -6.6512 4.6964 -1.0415 3.0314 -6.8436 3.7362 -7.7864 0.5724 48.0490 2.4346 14.1365 2.5034 7.6764 1.8309
218 -2.0498 2.0460 -7.7081 0.5866 -7.6737 0.5046 -6.5111 4.8753 -0.2715 3.2055 -7.2396 3.5038 -8.0968 0.7697 47.9586 2.5251 14.3496 2.4993 6.0233 1.5937
219 -1.4614 2.2531 -8.0044 0.7719 -7.8747 0.3430 -6.3241 4.6652 0.5983 3.5366 -7.6816 3.1106 -8.6387 0.7399 48.0825 2.4494 13.6601 2.4941 5.1186 1.6692
220 -0.9506 2.2539 -8.2028 0.9902 -7.9477 -0.0684 -6.0584 4.8279 1.2018 3.6740 -7.5975 2.9096 -8.5730 1.1528 47.8169 2.3900 13.2240 2.5121 3.9310 1.5266
221 -0.3923 2.4605 -8.2108 1.2396 -8.1411 -0.3238 -5.5431 4.9659 2.0119 3.6294 -8.2359 3.0741 -8.8876 1.1880 47.3321 2.5808 12.3443 2.5042 3.0570 1.2753
222 0.1862 2.6210 -8.5441 1.5564 -8.5089 -0.7013 -5.5787 5.2237 2.7844 3.6218 -8.4887 3.5373 -8.7352 0.8786 46.5303 2.5020 11.3991 2.3052 2.3808 1.2035
223 0.3914 2.7701 -8.3019 1.5492 -8.6796 -0.7796 -5.5088 5.1620 3.6577 3.7802 -8.3386 3.1806 -8.5530 0.8475 46.3509 2.4742 10.9485 2.4351 1.0728 0.9319
224 0.4673 2.9295 -7.8336 1.7288 -8.7861 -1.0063 -5.2793 5.2895 4.3933 3.8249 -8.5592 3.2597 -8.7894 1.5604 46.4526 2.5455 10.3554 2.3208 -0.1831 0.5740
225 0.6374 3.4156 -7.5965 1.2378 -8.9013 -1.0323 -5.3723 5.2322 5.0200 3.4906 -8.6230 3.2130 -9.1034 2.2388 46.1874 2.3881 9.3677 2.0162 -1.4467 0.7345
226 0.7812 3.5609 -7.2615 1.0771 -8.7031 -1.2463 -5.4311 5.0974 5.7537 3.3874 -8.3873 3.2523 -8.9493 2.7120 45.7438 2.4894 8.4787 1.8821 -2.6561 0.2045
227 0.7305 3.7783 -7.1156 0.9358 -8.5241 -1.1825 -5.4749 5.6390 6.4092 3.3179 -8.4835 3.0607 -9.4748 2.8651 45.0076 2.5096 7.3381 1.8824 -3.3214 0.2705
228 0.6239 3.5351 -6.9173 1.2098 -8.1970 -1.2401 -5.5131 5.5844 7.3663 3.1299 -8.7741 2.4047 -9.2900 3.1948 44.5713 2.5819 6.3767 1.6001 -4.4579 0.2827
229 0.6329 3.7507 -6.6138 1.8478 -7.7875 -0.9345 -5.3014 5.8195 7.6350 2.9575 -9.0352 2.0053 -9.0712 3.3876 44.0001 2.5545 5.0650 1.5372 -5.2664 0.1590
230 0.6872 3.9170 -5.8594 2.1986 -7.6689 -0.7127 -5.2459 5.6000 7.7553 3.0322 -9.2710 1.7916 -8.7439 3.6075 43.6262 2.3663 3.7896 1.5400 -5.8193 0.1020
231 0.4752 4.0230 -5.5191 2.4446 -7.6066 -0.5211 -5.4056 5.6041 8.0179 2.7131 -9.3593 1.7450 -8.4959 4.3809 43.3101 2.4056 2.2533 1.3517 -6.5749 0.2337
232 0.4121 3.9992 -5.8219 2.9192 -7.5176 -0.3158 -5.4484 5.4214 8.3218 2.5662 -9.6858 1.7399 -8.2610 4.5312 42.7130 2.5947 1.1089 1.5129 -7.1005 0.2587
233 0.1937 4.1569 -5.9368 2.9210 -7.0364 -0.0163 -5.1785 5.5524 8.4441 2.6173 -9.3882 1.5011 -8.3399 4.8215 42.1512 2.5462 0.0083 1.3528 -7.7174 0.3770
234 -0.1977 4.2332 -6.2560 3.3719 -7.1241 0.0397 -5.1541 5.4915 8.4439 2.4655 -9.5752 1.2513 -8.4304 4.7614 42.2441 2.5014 -1.5520 1.1737 -7.9532 0.4095
235 -0.3281 4.2885 -6.3734 3.1915 -7.6675 0.4422 -4.9248 5.5265 8.5658 2.3738 -9.1264 0.9998 -8.1946 5.0273 41.4895 2.4687 -2.2114 1.1232 -7.9786 0.4435
236 -0.7821 4.4024 -6.8721 3.1969 -7.8006 0.4831 -5.3539 5.1640 8.0353 2.2747 -9.1968 0.6479 -7.6047 5.0916 41.0809 2.4456 -3.4554 1.2383 -8.3595 0.2925
237 -1.2654 4.5683 -7.1384 3.3574 -7.5832 0.3096 -5.6299 4.7249 7.7407 2.0615 -8.9011 0.3554 -7.4338 4.8761 41.1346 2.5273 -4.3650 0.6289 -8.6140 0.4106
238 -1.7509 4.5590 -7.4889 2.9556 -7.7217 0.5224 -5.3748 4.7043 7.1649 2.0554 -8.4601 -0.0025 -6.9940 4.8638 41.3453 2.5203 -4.9104 0.3382 -8.7653 0.5787
239 -2.1624 4.4059 -7.7209 2.7359 -8.0994 0.9368 -5.5922 4.2265 6.6471 1.6207 -8.2755 -0.0254 -7.3994 4.8155 41.2988 2.3949 -5.3451 0.1271 -8.6887 0.4080
240 -2.3491 3.8934 -8.0493 2.8754 -8.0539 0.8979 -5.7462 3.5133 6.0512 1.3768 -7.7188 -0.2281 -7.2761 4.3775 41.7769 2.5140 -5.9234 0.1001 -8.9696 0.2827
241 -3.0425 4.0677 -8.3200 2.6886 -7.9154 1.1049 -6.1348 2.7761 5.2804 1.1450 -7.4519 0.1282 -7.2106 4.0162 42.4040 2.3976 -6.3043 0.0422 -8.8752 0.2795
242 -3.4837 3.7151 -8.3412 2.6375 -7.6852 0.7878 -5.6555 2.3920 4.1675 0.8051 -7.0294 0.1385 -7.0112 3.8956 42.8384 2.4121 -6.7046 -0.1043 -8.8716 0.3629
243 -3.9747 3.9722 -8.1629 2.5640 -7.6869 0.6778 -5.4634 2.1526 2.8835 0.8904 -6.7099 0.5282 -7.3329 3.4151 43.2541 2.3842 -6.9937 -0.2202 -8.7769 -0.0342
244 -4.6602 3.5811 -8.2787 2.6586 -7.3848 0.5583 -4.8904 2.0565 2.0898 0.8636 -6.2992 0.7196 -7.1376 3.3412 43.8732 2.4597 -7.4065 -0.1416 -9.2620 -0.4113
245 -5.4406 3.6509 -8.0781 2.7204 -7.3361 0.5655 -4.6401 2.1755 0.5223 1.2653 -6.5201 0.6478 -7.5738 3.4503 44.8994 2.5284 -7.6865 -0.3401 -8.9915 -0.1069
246 -6.2044 3.8934 -8.2833 2.5021 -6.6253 0.8517 -4.5245 2.3315 -0.9329 1.1843 -6.3533 0.4672 -7.5465 3.6816 46.0228 2.3206 -7.8493 -0.2313 -9.7136 0.1692
247 -6.4672 3.4385 -8.4006 2.2928 -6.3049 1.5569 -4.3511 2.4182 -2.0049 1.4621 -5.9953 0.5966 -7.6065 3.9633 47.1481 2.3300 -8.0852 -0.1640 -9.4550 0.0782
248 -7.1038 3.1596 -8.1150 2.1788 -5.9600 1.9086 -4.1974 2.4519 -2.8655 1.4973 -6.2150 0.5630 -7.5036 4.1272 47.8043 2.4149 -8.0087 -0.5356 -9.7497 -0.2508
249 -7.1859 2.5522 -8.2404 1.8159 -5.6409 2.0698 -3.8382 2.5123 -3.7797 1.5697 -6.6944 1.2392 -7.4370 4.0965 48.9569 2.4080 -7.9610 -0.4795 -9.6219 -0.4364
250 -7.8454 2.5104 -8.4975 1.6497 -5.4464 2.2825 -3.9913 2.8772 -4.6520 1.4030 -6.7067 1.0826 -7.5931 4.0279 50.3664 2.3596 -7.8309 -0.5020 -9.7333 -0.3548
251 -8.1203 2.1692 -8.1248 1.4031 -4.9550 2.7296 -3.8273 2.8102 -5.5527 1.3229 -7.0787 1.3425 -7.7209 3.9672 51.6220 2.3762 -7.7826 -0.2376 -9.9081 -0.1794
252 -8.4145 1.9937 -8.1286 1.2669 -4.3774 2.8607 -4.0093 2.9986 -6.4031 0.6530 -7.4644 1.5799 -7.8283 4.0215 52.8812 2.4492 -7.3938 -0.1435 -9.6256 0.0182
253 -8.5930 1.6544 -8.5187 0.8268 -3.7598 3.3941 -4.0332 3.2969 -6.8976 0.4488 -7.2811 1.7576 -8.2400 3.4904 54.1163 2.5239 -7.3739 0.2302 -9.7176 0.3020
254 -8.8955 1.5173 -8.5838 0.7365 -3.5906 3.4927 -4.0903 3.2549 -7.2144 0.3102 -7.1162 1.7330 -8.4994 3.1837 55.4302 2.6245 -7.1869 0.1390 -9.2010 0.4450
255 -9.0206 1.6158 -8.7514 0.5569 -3.9272 3.5542 -4.4074 3.5787 -7.8402 0.3251 -7.3833 1.6644 -8.6719 2.8774 56.9712 2.5176 -7.1636 0.1479 -8.9112 0.9695
256 -9.2871 1.2441 -8.5444 0.4687 -3.7170 3.5044 -4.8036 3.8047 -8.0526 0.3301 -7.5699 1.5440 -9.0617 2.5743 58.3985 2.3953 -6.8189 0.2579 -8.7679 1.3107
257 -9.0543 0.7910 -8.5884 0.2050 -3.7728 3.6417 -4.9436 3.7549 -7.9856 0.0515 -7.7550 1.6867 -9.2670 2.2835 60.1133 2.6806 -6.9130 -0.0177 -8.9481 1.3484
258 -8.7172 0.5191 -8.2072 0.3714 -3.5235 3.8823 -5.2331 3.7949 -8.2689 0.2649 -8.0093 1.8447 -9.2387 1.7764 61.7651 2.6934 -6.7326 -0.3625 -8.9531 1.5607
259 -8.3344 1.0015 -8.1691 0.4870 -2.9209 4.0742 -5.4597 3.7854 -8.7208 0.1660 -8.0225 2.1686 -9.7751 1.2412 63.3431 2.4076 -6.3697 -0.0555 -9.0048 1.9969
260 -8.0681 0.8401 -8.0524 1.1628 -2.5668 4.0434 -5.5409 3.2895 -8.6246 0.1335 -8.1821 2.5637 -9.5964 1.6418 64.7449 2.3881 -6.1416 -0.5093 -8.8239 2.2000
261 -7.9453 1.0275 -7.7680 1.3263 -1.8329 4.1124 -5.9583 3.3982 -8.4164 -0.1861 -8.2257 2.7742 -9.3216 1.5880 66.4467 2.4037 -6.0401 -0.5136 -8.8109 2.4107
262 -7.7480 1.1209 -7.2867 1.5289 -1.1005 4.0832 -6.1565 3.9118 -8.4386 0.0750 -8.6187 3.1627 -9.1398 1.4489 67.9211 2.5678 -5.8837 -0.5273 -9.0820 2.6143
263 -8.1696 1.0449 -7.0579 1.5732 -0.3194 4.3336 -6.1425 3.7999 -7.9482 0.0390 -8.8539 3.4766 -9.2133 1.3298 69.0834 2.3080 -5.6362 -0.5762 -9.7920 2.8220
264 -8.6929 1.1974 -6.7161 1.7018 0.3007 4.5754 -6.4719 3.7054 -8.1984 0.3501 -9.1439 3.4233 -8.9691 1.5940 70.6289 2.3772 -5.4066 -0.5195 -10.2305 3.0259
265 -8.8582 1.3479 -6.5150 1.9548 0.6701 4.2012 -6.9830 3.5334 -7.7002 0.3485 -8.8793 4.3538 -8.4975 1.2660 72.1958 2.4867 -5.2822 -0.5606 -10.3555 3.2227
266 -9.0131 1.3321 -6.1980 2.2691 1.2307 3.9896 -7.1351 3.5197 -7.4114 0.4011 -8.4948 4.6617 -8.6195 1.1623 73.6654 2.3888 -5.1932 -0.5374 -10.4415 3.3347
267 -9.0806 1.0625 -6.0858 3.2302 2.0133 3.9297 -7.5544 3.3548 -7.4218 0.5894 -8.5454 5.0267 -8.6253 0.9230 75.1079 2.4051 -4.9718 -0.5717 -10.4876 2.8327
268 -9.5013 1.0935 -6.2883 3.3512 2.8732 3.7856 -8.0757 3.2115 -7.3199 0.6880 -8.5310 4.6757 -8.5402 0.5622 76.7650 2.5441 -5.1204 -0.2722 -10.2241 2.5742
269 -9.5021 1.0463 -6.0230 4.0185 3.8366 3.8766 -8.4674 2.8642 -6.7694 0.6932 -8.5038 4.8334 -8.0364 0.5043 78.2851 2.4454 -5.2830 0.2513 -9.9482 2.6662
270 -9.3464 1.1922 -5.9616 4.4759 4.7834 3.7920 -8.7211 2.6797 -6.4670 0.8269 -8.2285 4.8449 -7.9070 0.5497 79.4969 2.6316 -5.1127 0.5314 -10.0525 2.9948
271 -9.4590 0.9898 -5.7670 4.4235 5.8381 3.4904 -9.0543 2.5206 -6.2771 1.0420 -8.2685 4.5227 -8.1633 -0.0283 80.9016 2.5695 -4.9262 0.5741 -9.5812 3.5151
272 -9.5089 1.1297 -5.3900 4.5469 6.5828 3.4125 -9.1397 1.9528 -5.8489 1.5257 -8.2663 4.3932 -8.0407 -0.2694 82.3597 2.5176 -4.9003 0.7207 -9.1426 3.9623
273 -9.4546 1.0456 -5.4121 4.7276 6.8326 3.3005 -9.1996 1.6101 -6.0382 1.9085 -8.3405 4.1602 -7.7505 -0.2723 83.5129 2.4901 -4.6904 0.6842 -9.2128 4.1294
274 -9.4295 1.1318 -5.3384 4.6579 7.5796 3.0176 -9.6326 1.6816 -6.1129 2.1632 -8.2137 4.1221 -7.5361 -0.2762 85.1542 2.6633 -4.9288 0.7003 -8.5917 4.4153
275 -9.1442 0.8718 -5.0185 4.4546 8.2172 2.8962 -9.6639 1.5759 -5.7835 2.1684 -7.8952 3.7432 -7.3835 -0.1958 86.2459 2.6190 -3.7054 0.7102 -8.6557 4.6770
276 -8.9811 1.3145 -5.0639 4.5626 8.8076 2.7170 -10.0039 1.3398 -5.7129 2.5477 -7.7315 3.5173 -7.4320 -0.0474 87.6760 2.5493 -3.2156 0.7430 -8.6195 4.5097
277 -8.9596 1.3287 -5.2237 4.6745 9.1867 2.5012 -9.8683 1.4722 -5.9776 2.5761 -7.5023 3.4206 -7.3148 0.1003 89.1119 2.5794 -2.5467 0.7042 -8.4339 4.4042
278 -8.6804 1.2819 -5.1583 4.2879 9.1075 2.4507 -9.8274 1.5925 -6.0355 2.4555 -6.9863 3.5524 -7.3627 0.3438 90.1105 2.2402 -1.2661 0.8643 -8.5456 4.6544
279 -8.1764 1.3459 -4.6824 4.4690 9.3786 2.5147 -9.5395 1.9085 -6.0109 3.3682 -6.2951 3.3655 -7.5424 0.6484 91.8816 2.5195 -0.3388 0.7288 -8.8666 4.9506
280 -8.1033 1.4284 -4.7270 4.2173 10.0345 2.4894 -9.7457 1.9374 -6.3357 3.4981 -6.1735 2.9683 -7.3951 1.2259 92.7268 2.6030 0.6640 0.5791 -8.8923 4.9563
281 -7.5275 1.5880 -4.7816 4.2475 10.0896 2.4985 -9.2412 2.0892 -6.4969 3.3101 -5.9729 2.9085 -7.7086 1.6107 93.6747 2.5797 1.9098 1.0039 -9.3437 4.7139
282 -7.2297 1.5653 -4.5555 4.5174 10.3765 2.4810 -9.0779 2.3652 -6.6905 3.1807 -5.4966 2.4001 -8.3716 1.7156 94.7456 2.4258 3.0249 1.1582 -9.6027 4.5211
283 -7.1807 1.2952 -4.6339 4.4162 10.0619 2.5389 -8.7938 2.6858 -6.1890 3.2043 -5.3991 2.2654 -8.8330 2.0027 96.1566 2.3806 3.7723 1.2626 -9.5835 4.7171
284 -7.0118 0.7305 -4.8004 4.3983 9.9844 2.5592 -8.4891 2.6074 -6.6369 2.9909 -5.1147 2.4382 -9.1428 2.4653 97.1501 2.3103 4.6078 1.6025 -9.5220 4.3096
285 -6.6958 0.5054 -5.1000 4.5523 9.8046 2.5788 -8.3437 2.9053 -6.7821 3.3931 -4.9824 2.3243 -9.1609 2.8104 98.1184 2.5134 5.8941 1.8705 -9.6354 4.0594
286 -6.7440 0.3440 -5.2797 4.5196 9.0570 2.5675 -8.1345 2.8263 -7.2716 3.1667 -4.5415 2.1370 -8.8342 2.8191 98.8811 2.4796 7.3289 2.1769 -9.7297 4.1868
287 -6.5244 0.5345 -5.2016 4.5478 8.4327 2.8217 -8.0378 3.1997 -7.5454 3.0195 -4.0674 2.1074 -9.0145 2.9608 99.6165 2.4957 8.3363 2.0646 -9.8329 4.0985
288 -6.5377 0.8252 -5.5411 4.8795 7.8245 2.7560 -7.7179 3.3816 -7.8000 2.9354 -3.8305 2.0090 -9.1051 3.1775 100.1798 2.4894 9.3067 2.1271 -9.8442 3.6794
289 -6.3054 0.5896 -5.7077 5.0562 6.9931 3.1197 -7.5131 3.4792 -8.3276 2.4783 -3.1691 1.8680 -9.2653 3.2844 100.8277 2.4896 10.4864 2.3458 -9.7527 3.5480
290 -6.1241 0.6735 -6.0376 5.3440 6.0394 3.2506 -7.7932 3.4919 -8.8564 2.2673 -2.6505 1.5187 -9.4454 3.2023 101.0789 2.5388 11.7313 2.4927 -9.3068 3.2701
291 -5.7881 0.7851 -6.0018 5.1886 4.8425 3.3773 -7.6586 3.3405 -9.1810 2.2178 -2.1441 1.4550 -8.8378 2.9163 101.3230 2.5219 13.2938 2.4355 -8.7695 3.4706
292 -5.5177 0.4736 -6.1974 5.0819 4.2751 3.4067 -7.5735 3.5004 -9.5718 2.2361 -1.5736 1.2085 -8.6894 3.3351 101.5249 2.5936 14.2058 2.4535 -8.2886 3.7083
293 -5.2074 0.7614 -6.2383 5.1318 3.4697 3.1585 -7.5581 3.4551 -9.4226 2.0026 -1.2141 1.0225 -8.4149 3.3646 101.5466 2.5304 15.7241 2.7069 -8.2823 3.8150
294 -5.1613 0.6282 -5.8152 5.2282 3.0980 3.3156 -7.1913 3.8146 -9.6498 1.6635 -1.0430 0.9911 -8.1189 3.4843 101.5105 2.4046 16.8149 2.5639 -8.0770 4.0055
295 -5.2418 0.4447 -5.7173 4.9762 2.1794 3.5630 -6.8935 3.9970 -9.6900 1.4471 -0.4620 0.9706 -8.4860 3.5626 100.9410 2.5422 18.3945 2.5197 -7.7363 4.4047
296 -5.0027 0.9210 -5.5351 4.2858 1.9777 3.7766 -6.8046 3.9888 -9.6030 1.2193 0.5961 0.9108 -8.6087 4.1394 100.5619 2.5920 19.5883 2.6314 -7.9644 4.3966
297 -4.9359 1.0482 -5.7234 3.7636 1.2234 3.8774 -6.7027 3.6266 -9.5275 0.9234 0.9998 0.8846 -8.6166 4.4814 100.0675 2.5584 21.0303 2.6022 -8.2293 4.4167
298 -4.7399 1.1882 -5.7695 3.6639 0.9326 3.7641 -6.7169 3.8165 -9.7414 1.0086 1.6020 0.7504 -8.7202 4.9260 99.8080 2.5177 22.3197 2.6416 -8.6496 4.8893
299 -4.9469 0.8605 -5.6161 2.9669 0.5932 3.5023 -6.3732 4.1519 -9.6251 0.6085 2.3232 0.8043 -8.9041 5.2223 99.4062 2.4744 23.6555 2.4929 -8.5514 4.7061
300 -5.1321 0.9210 -6.0757 2.0273 0.2192 3.4627 -5.8384 4.4196 -9.3275 0.1223 3.2342 0.9929 -8.9023 5.1545 98.4905 2.3142 25.1787 2.4817 -8.5977 4.6972
301 -5.4114 0.7118 -6.3900 1.3720 0.1808 3.4138 -5.8407 4.1251 -9.0130 0.1286 4.2970 1.1598 -8.7903 5.0635 97.9820 2.5329 26.4349 2.4939 -9.1932 4.9106
302 -5.4588 0.3660 -6.8971 0.8849 -0.0167 3.4281 -5.8241 3.7218 -9.1835 -0.0041 5.5317 1.0314 -8.8633 4.7532 97.0490 2.3806 27.9017 2.3732 -9.3899 4.9436
303 -5.5698 0.2173 -7.6643 0.6191 0.2607 3.4124 -5.8839 3.3015 -8.9984 0.4502 6.7350 1.3992 -8.7910 4.4813 96.1598 2.3361 28.8412 2.3866 -9.6272 4.8501
304 -5.7039 0.2379 -8.1490 0.8572 0.6937 3.3501 -5.9883 3.1162 -8.7752 -0.2643 8.1907 1.6207 -8.6829 4.4806 95.1123 2.5985 30.1344 2.4775 -9.5082 5.3138
305 -5.8568 0.0858 -8.2029 0.9603 0.8607 3.4796 -6.0262 2.8491 -8.6886 -0.0922 9.4026 1.8322 -8.6597 4.6146 93.6983 2.5438 31.1591 2.4725 -9.8027 4.8629
306 -6.2957 -0.1488 -8.6725 1.1367 1.5456 3.4676 -5.6831 2.5861 -8.9555 -0.0219 10.7394 1.8859 -8.3884 4.6728 91.9628 2.6024 31.8422 2.3177 -9.9691 4.8218
307 -6.3534 -0.1110 -8.7354 1.1535 1.8326 3.1784 -5.8493 2.3435 -8.9351 0.0075 11.9316 2.1267 -8.8314 4.8244 90.8476 2.4037 32.9117 2.5222 -9.5618 4.5208
308 -6.6947 -0.0822 -8.7462 1.5211 2.5168 3.4032 -5.7572 1.7737 -8.8259 -0.0403 12.8895 2.1601 -8.7215 4.4485 89.5808 2.5452 33.7687 2.4299 -9.5377 4.4417
309 -6.8010 0.0055 -8.8583 1.5901 3.3195 3.4305 -6.0040 1.4822 -8.6011 -0.1418 13.9836 2.3516 -8.2873 4.6046 88.3504 2.4745 34.5017 2.5509 -9.6760 4.3849
310 -6.6936 -0.0857 -8.8687 1.7369 4.0443 3.3109 -6.4167 1.6524 -8.8310 0.2457 15.1854 2.2959 -8.2378 4.4564 87.2998 2.6117 35.4906 2.5068 -9.6249 4.4900
311 -6.4661 0.2098 -9.1110 1.4924 4.9312 3.4108 -6.6107 1.3561 -8.4791 0.7820 16.5188 2.5449 -8.8757 4.3382 86.4172 2.4647 35.6428 2.5226 -9.8891 4.2226
312 -6.2647 0.1831 -9.2432 1.8696 6.2084 3.2165 -7.0249 1.5221 -8.4968 1.0145 17.8229 2.5706 -8.6954 4.2896 85.8524 2.5984 36.2569 2.5399 -9.6901 4.1530
313 -5.8758 0.1683 -9.1000 1.9856 6.9789 3.2633 -7.3575 1.3699 -8.1038 0.8399 19.4984 2.4402 -8.9200 4.0629 85.1237 2.4428 36.6242 2.5802 -9.8123 3.8329
314 -5.7726 0.4060 -9.0635 2.1791 7.9004 2.8669 -7.6451 1.3735 -8.2376 0.6629 21.4191 2.5016 -9.1063 3.8445 84.4062 2.6408 36.6301 2.5389 -9.7610 3.4247
315 -5.8564 0.3774 -9.0909 2.1242 9.0015 2.7245 -7.7653 1.3277 -8.1176 0.2415 22.9743 2.6129 -8.9447 3.5509 83.7729 2.3541 36.7031 2.5883 -9.8406 3.7502
316 -5.8554 0.4476 -9.2503 2.0350 10.1394 2.6702 -7.7439 1.4507 -7.8804 0.0339 24.3628 2.6248 -9.1271 3.1548 83.2895 2.5326 36.8312 2.4850 -9.9594 3.5159
317 -5.8169 0.4507 -9.4528 2.3995 11.1652 2.4966 -8.1392 1.5263 -7.9508 -0.2991 25.7525 2.5911 -9.1018 2.9562 83.0613 2.6015 36.8412 2.5295 -10.1489 3.2725
318 -5.5701 0.3618 -9.3152 2.1254 12.3292 2.4737 -8.2597 1.2040 -8.4026 -0.3886 26.8788 2.5357 -8.9685 2.6656 82.8651 2.5132 36.3840 2.4083 -10.4832 2.8545
319 -5.2057 0.3522 -9.6638 2.5025 13.7153 2.6112 -8.5952 1.0598 -8.4112 -0.3939 28.0446 2.4363 -9.1726 2.4012 82.9991 2.5442 35.8566 2.5955 -10.7047 2.4055
320 -4.9663 0.3108 -9.8263 2.7642 14.9914 2.5020 -8.4983 0.8730 -8.5048 -0.2813 29.4900 2.4422 -9.3723 2.5306 83.2733 2.5489 35.1924 2.4849 -10.7103 2.2545
321 -5.4366 0.5495 -9.8708 3.0852 16.0883 2.4379 -8.6904 0.9193 -8.8559 -0.1429 30.8341 2.6445 -9.0039 2.5398 83.6811 2.4661 34.9010 2.5885 -10.4145 2.1670
322 -5.2792 0.3963 -10.0533 3.1884 17.4036 2.4125 -9.0035 0.7473 -9.3091 -0.0757 31.8220 2.6859 -8.9988 2.6421 84.0256 2.3876 33.9644 2.5428 -10.2062 1.9015
323 -5.1226 0.8411 -10.3429 3.6096 18.9308 2.3298 -9.5033 0.9380 -9.3239 0.1559 32.9528 2.5508 -8.6697 2.0043 84.4452 2.6152 33.5188 2.5190 -9.8681 1.7419
324 -4.9062 1.1339 -10.3819 3.7308 19.7329 2.3948 -9.4955 0.9163 -9.6806 0.4691 34.1545 2.6287 -8.3173 2.2368 84.9302 2.4765 32.4782 2.4330 -9.8943 1.2848
325 -4.8011 0.9033 -9.6996 4.3382 21.4092 2.5060 -9.1925 1.6666 -10.0453 0.9792 35.1420 2.5889 -7.6845 2.3077 85.5143 2.4182 31.6524 2.4268 -9.8901 1.2168
326 -4.5105 1.4761 -9.8137 4.4692 22.3029 2.3930 -8.7945 1.5891 -9.7965 1.1194 35.9892 2.5542 -7.1111 2.1248 85.9762 2.4256 30.8603 2.6106 -9.8987 1.2671
327 -3.9778 1.5681 -9.4735 5.0100 23.2334 2.4149 -8.6851 1.7329 -9.8952 1.4904 36.9763 2.4194 -6.8792 2.2622 86.5320 2.4498 29.2137 2.5850 -9.9649 0.9941
328 -3.7480 1.5658 -9.1240 5.1109 24.4012 2.4688 -8.4487 1.6654 -9.3800 1.1511 37.7236 2.4243 -6.6767 1.8795 87.3960 2.4806 27.8952 2.6039 -10.0096 0.8777
329 -3.5745 1.9701 -8.9300 5.3463 25.6884 2.2793 -8.4294 1.6336 -8.9704 1.0473 38.1922 2.4516 -6.5761 1.6862 88.3419 2.6250 26.1793 2.4513 -9.7823 0.7806
330 -3.5911 1.9319 -8.7699 5.1218 26.7568 2.3249 -8.3144 1.9859 -8.6752 0.9274 38.2852 2.5540 -6.3292 2.2190 88.9152 2.4516 24.4597 2.4808 -9.7078 0.8189
331 -3.5513 1.8207 -8.6744 5.2100 27.6789 2.6045 -8.5371 2.4701 -8.7127 1.3900 38.7109 2.4214 -5.9409 2.2411 90.1716 2.4513 22.9517 2.4640 -9.7250 0.4909
332 -3.2613 1.8188 -8.1266 5.3206 28.5932 2.4116 -8.9932 2.5825 -8.5185 1.8885 38.7407 2.3985 -5.9534 2.2650 90.6081 2.4278 21.5475 2.6750 -9.6033 0.5566
333 -3.4531 1.6484 -8.0031 5.5374 29.2159 2.6310 -9.4028 2.6506 -8.4809 2.3597 38.8324 2.4344 -5.6755 2.4271 91.2658 2.5674 20.0782 2.4399 -9.5425 0.0453
334 -3.3531 1.4295 -7.4967 5.1120 29.7343 2.5085 -9.5180 2.4385 -9.0506 2.3339 39.2668 2.4244 -5.6051 2.7030 92.0793 2.4673 18.3189 2.4933 -9.6166 -0.0726
335 -3.5178 1.3635 -7.0238 5.3077 30.3933 2.4301 -10.0263 2.4702 -9.1628 2.2197 39.5804 2.4481 -5.6638 2.8506 92.7649 2.3702 16.9351 2.6260 -9.3629 -0.2546
336 -3.6723 0.9236 -6.6909 5.2798 30.8672 2.4494 -10.0896 2.4185 -9.2409 2.7939 39.3127 2.5476 -5.5921 3.0440 93.3458 2.4412 15.5167 2.5134 -9.5160 -0.2788
337 -3.6748 0.7690 -6.3398 5.1612 30.7235 2.4262 -9.9323 2.1270 -9.8476 2.9901 38.4415 2.4739 -5.7183 2.6409 94.0611 2.5086 13.9077 2.5202 -9.5241 -0.1691
338 -4.1911 0.7676 -5.5274 5.2051 30.5904 2.4641 -10.1226 1.9228 -10.0755 3.3932 37.6244 2.5161 -5.5071 2.5483 94.4739 2.5314 12.4924 2.6145 -9.5194 -0.0264
339 -4.5406 0.8064 -5.1936 5.0961 30.4429 2.5285 -10.5549 1.7412 -9.9792 4.0731 37.3591 2.4518 -5.3807 2.5874 94.7758 2.5159 11.2754 2.7808 -9.5949 -0.0726
340 -4.3488 0.8837 -4.7231 5.1944 30.4099 2.4622 -10.1534 1.1125 -9.6358 4.4876 37.0014 2.4854 -5.4470 2.6902 94.6777 2.5395 9.8929 2.8780 -9.6528 0.2917
341 -4.2826 0.6494 -4.2411 4.7436 30.1456 2.4919 -10.0020 1.1978 -9.5584 4.4859 36.5865 2.5405 -5.0855 2.8921 94.1025 2.5400 8.8610 2.6908 -10.0865 0.2629
342 -4.4325 0.4770 -3.5832 4.5513 30.0092 2.5457 -9.7604 1.1807 -9.7171 4.9408 36.0283 2.5918 -4.7273 2.9815 93.9650 2.5165 8.2659 2.9207 -9.7680 0.3932
343 -5.0024 0.4392 -3.3681 4.5978 29.9188 2.4742 -9.5182 1.1126 -9.6775 5.0080 35.7835 2.5578 -4.6758 2.9571 94.0661 2.5310 7.1328 3.3123 -9.5151 0.1253
344 -4.9403 0.5227 -2.7650 4.4365 29.4623 2.3657 -9.5584 1.1340 -9.2691 5.1906 35.4133 2.5642 -4.4184 2.9565 93.3175 2.5495 5.8666 3.0212 -9.6132 0.2872
345 -4.8519 0.3208 -2.1668 4.3514 28.8572 2.4513 -9.5827 1.1541 -9.1627 5.2574 34.8902 2.5304 -4.3877 2.2365 93.1824 2.6230 4.9788 2.9340 -9.2914 0.3755
346 -5.0837 0.4284 -1.8212 4.2472 28.2608 2.4850 -9.5978 0.9670 -8.7277 5.3121 34.5602 2.5429 -4.2200 1.9473 93.1289 2.5208 3.9225 3.0718 -9.1007 0.3008
347 -5.3716 -0.0180 -1.5042 4.2123 27.6300 2.5586 -9.3782 1.1216 -8.8541 4.9791 33.7173 2.6148 -3.4623 1.9810 92.4970 2.4968 3.2050 3.0942 -8.6328 0.2794
348 -5.1835 -0.0260 -1.2387 3.9438 27.0366 2.6415 -9.4809 0.7572 -8.8173 4.5680 33.4642 2.4958 -3.5032 1.8448 92.2762 2.3843 2.7299 2.8650 -8.3322 0.1708
349 -5.5134 -0.0755 -1.1500 3.5986 26.2253 2.4845 -9.5522 0.6935 -8.9887 4.1751 33.1232 2.4113 -3.1265 1.5556 92.3607 2.5113 2.8499 2.7954 -7.8233 -0.1064
350 -5.5367 0.1359 -1.0851 3.1422 25.1632 2.5789 -9.5142 0.7215 -9.0538 3.8545 32.7240 2.3928 -2.8785 1.6846 92.5306 2.5372 2.4074 2.8650 -7.6868 0.0260
351 -5.7147 0.2810 -0.9952 2.7882 23.8536 2.6367 -9.5495 0.6124 -9.0360 3.5327 32.3398 2.4348 -2.3555 1.2275 92.7796 2.6210 2.5609 2.7975 -7.2878 -0.1615
352 -5.6987 0.8098 -0.9523 2.5849 22.6281 2.6073 -9.4703 1.1818 -8.9151 3.2246 32.3598 2.5105 -1.7667 1.1106 92.6943 2.4582 2.2706 2.7717 -6.9548 -0.2513
353 -5.5880 0.8904 -0.9448 1.9470 21.3720 2.6637 -9.1859 1.2397 -8.6662 3.2048 32.4837 2.4783 -1.4148 0.8594 92.0799 2.4836 2.1512 2.7557 -6.3514 -0.3273
354 -5.7444 1.0307 -0.7683 1.9755 19.6332 2.5779 -8.8738 1.1292 -9.0320 2.5677 31.9491 2.4873 -0.6016 0.8309 92.1635 2.5628 2.4456 2.8456 -6.3557 -0.1399
355 -6.3636 0.5521 -1.0825 1.8786 18.3222 2.4871 -8.8973 1.0437 -8.9743 2.6272 32.3312 2.5234 0.0021 0.9803 92.0958 2.5217 2.7954 2.8818 -6.3727 0.1946
356 -6.6410 0.6153 -1.0788 1.4987 17.4700 2.5531 -8.7946 1.4540 -9.3810 2.3434 32.1996 2.3914 0.3401 0.8573 92.1723 2.5496 3.3869 2.6047 -6.1447 0.0977
357 -6.8597 0.8334 -1.7505 1.2770 16.0006 2.5633 -8.4929 1.3263 -9.0990 2.0842 32.8143 2.6554 1.0142 0.8129 92.3969 2.5805 3.9938 2.7130 -6.0458 -0.0727
358 -6.5758 0.6689 -1.8987 0.9647 14.4885 2.4346 -8.3969 1.2761 -9.3892 1.7962 33.4058 2.5879 2.3501 1.0008 92.5467 2.5630 4.3609 2.7506 -6.1502 -0.3131
359 -6.2006 0.0997 -2.3300 1.0106 12.7520 2.6264 -8.2487 1.1431 -9.2915 1.8267 33.7431 2.5086 3.2230 1.0535 93.0164 2.4159 5.2421 2.4811 -6.3862 0.0484
360 -6.2914 -0.0036 -2.6294 0.7066 11.3843 2.8541 -8.1287 1.0437 -9.7562 2.0887 34.5262 2.5590 4.1935 1.0642 93.6346 2.5434 6.1755 2.6357 -6.5088 -0.2411
361 -6.7493 -0.0484 -2.9688 0.6596 10.2140 3.0870 -7.9762 0.6880 -9.6554 1.5282 35.1212 2.6135 4.8455 1.0962 94.0678 2.5348 6.7292 2.5649 -6.4703 0.0014
362 -6.8394 -0.0836 -3.5213 0.2260 9.2115 3.2370 -7.7657 0.4135 -9.4829 1.4556 36.3075 2.6464 5.8086 1.5955 94.6374 2.4181 7.7140 2.6360 -7.1857 0.3319
363 -6.9793 -0.2222 -4.4393 -0.0899 8.2324 3.3998 -7.8881 0.5685 -9.7266 1.2437 37.1920 2.6391 6.5026 1.7024 95.0439 2.5640 9.3204 2.5581 -7.2949 0.6036
364 -7.3263 -0.1258 -5.1289 -0.0098 6.8328 3.5846 -7.7768 0.1583 -10.0185 0.8689 38.5161 2.6700 7.0776 1.7632 95.2438 2.4624 10.4115 2.6945 -7.6851 0.8896
365 -7.3342 -0.3496 -5.7002 -0.0633 5.5030 4.1253 -7.5515 0.0790 -9.9353 0.7896 39.5273 2.7530 7.8919 2.1448 95.9039 2.5834 11.8173 2.5425 -7.5218 1.1296
366 -7.1752 -0.3719 -5.8614 -0.3129 4.3724 4.0999 -7.5234 0.3199 -9.7503 0.4928 40.3117 2.5375 7.8936 2.1422 96.6481 2.5466 13.2402 2.4871 -7.7683 1.4010
367 -7.0389 -0.1359 -6.2881 -0.5254 3.4293 4.1900 -7.5833 0.6800 -9.8496 0.5844 41.7426 2.5153 8.2268 2.2977 97.2755 2.5742 14.6591 2.6536 -7.7716 1.8029
368 -6.8862 -0.0092 -6.9705 -0.3221 2.2881 4.5075 -7.8895 1.0449 -10.0694 0.7654 42.4362 2.6756 8.2831 2.4892 97.8824 2.4224 15.9360 2.6000 -8.1852 1.7704
369 -6.8832 0.0566 -7.4548 -0.4092 1.1121 4.6374 -8.0322 1.1249 -9.9832 1.1070 43.4168 2.4796 8.8631 2.4773 98.3222 2.3961 17.1344 2.4197 -8.5192 1.6219
370 -6.8916 -0.2885 -7.6345 -0.5086 0.0948 4.5287 -8.1019 1.4983 -10.1454 1.5666 44.1253 2.5411 9.0130 2.5711 98.6542 2.5008 17.9528 2.5873 -8.6053 1.2432
371 -6.9244 -0.1396 -7.6795 -0.5655 -0.6803 4.4415 -7.8880 1.6997 -10.1652 2.0144 44.4277 2.5008 9.1781 2.4888 99.6324 2.4832 18.9974 2.3549 -8.6530 1.4800
372 -6.6972 -0.1566 -7.8639 -0.3040 -1.4839 4.0898 -7.9370 2.0223 -10.3714 2.1548 45.0445 2.4526 9.5738 2.4620 99.8189 2.4481 19.9580 2.5718 -8.7781 1.4392
373 -6.5433 0.2509 -7.8318 -0.1824 -2.9333 3.9926 -8.0972 2.0535 -10.6109 2.4054 45.4667 2.5702 9.6184 2.4189 100.1655 2.4297 20.9051 2.5150 -8.6314 1.3965
374 -6.2602 0.1547 -7.9710 -0.0541 -3.8828 4.0418 -8.0438 1.6670 -10.7030 2.5471 46.0729 2.6061 9.4765 2.4311 100.3443 2.5567 21.4007 2.4953 -8.7992 1.3974
375 -6.2173 0.0238 -8.1421 -0.1909 -4.6024 4.2781 -8.0879 1.9232 -10.4634 2.4923 46.6082 2.4963 8.9906 2.4921 100.3871 2.5149 22.0165 2.4719 -8.7074 1.3288
376 -6.1296 0.2093 -8.8048 -0.1431 -4.6435 4.1419 -8.0844 1.7310 -10.6457 2.6812 46.7111 2.5059 8.8440 2.4237 100.2811 2.4869 22.4177 2.4193 -8.5290 1.2095
377 -6.1119 0.4877 -8.9485 -0.4436 -5.0155 4.3225 -8.3741 1.7933 -10.6561 3.1292 46.7504 2.5317 8.1728 2.4854 100.1907 2.4890 22.6294 2.4795 -8.4154 1.1878
378 -6.2059 0.3435 -9.2732 -0.3389 -5.4982 4.3673 -8.6851 1.4650 -10.8472 3.1916 46.6171 2.5293 7.6807 2.4888 100.0784 2.3977 22.6548 2.5290 -8.2429 0.8804
379 -6.3771 0.3794 -9.0838 -0.1723 -6.0599 4.7642 -9.0728 1.9348 -10.4031 3.1288 46.5391 2.4519 7.1359 2.4091 99.4498 2.3958 22.8147 2.5108 -7.9430 0.6337
380 -6.3166 0.3444 -9.1831 -0.0279 -6.5032 4.9012 -9.0917 2.1158 -9.9227 3.3634 46.6130 2.5337 6.4575 2.2378 98.7178 2.4542 22.9278 2.5343 -7.6904 0.7835
381 -6.3822 0.1712 -9.6251 0.1387 -7.2079 4.9972 -9.3731 2.1500 -9.5950 3.2784 45.8278 2.5216 5.2730 1.8788 98.3351 2.4390 22.8404 2.4838 -7.4826 1.2625
382 -6.2415 0.5438 -9.7247 0.0590 -7.6039 5.0506 -9.6500 2.2697 -9.4016 3.1351 45.2222 2.4916 4.5080 2.0959 97.4219 2.5327 22.4155 2.5018 -7.3396 1.4767
383 -6.6038 0.6473 -9.7692 0.3943 -7.8370 5.5747 -9.8303 2.2340 -9.2481 2.7544 44.1644 2.4965 3.3993 1.7479 96.4465 2.5127 21.8117 2.5844 -7.3631 1.6429
384 -6.7881 0.4478 -9.6392 0.6563 -7.9477 5.6913 -9.7743 2.4450 -8.9805 2.8280 43.5917 2.4510 2.4006 1.5515 95.6440 2.4386 21.3460 2.5307 -7.1884 1.6492
385 -6.9129 0.9591 -9.9775 0.9203 -8.3383 5.6705 -9.9173 2.4428 -8.8185 2.5941 42.8145 2.5687 0.9086 1.4939 94.7753 2.4500 20.5491 2.5436 -7.1149 1.8355
386 -7.0826 1.2193 -9.8123 0.8690 -8.4277 5.5174 -9.5573 2.4237 -8.5153 2.3225 42.2548 2.4927 -0.2842 1.6069 93.5809 2.4026 20.1758 2.5080 -6.8617 2.1374
387 -6.9698 1.8766 -9.9531 0.8435 -8.9426 4.9022 -9.2291 2.7045 -8.6627 2.3619 41.4325 2.4467 -1.7240 1.5294 92.1469 2.5543 19.4159 2.3831 -6.8253 2.4909
388 -7.0862 2.4415 -10.0112 0.7416 -8.7791 4.8098 -8.7649 2.5410 -8.8108 2.5936 40.7646 2.4223 -2.9761 1.7388 90.8241 2.6738 18.6446 2.5361 -6.6254 2.3375
389 -7.2904 2.7276 -9.7832 0.9971 -8.3229 4.6475 -7.9859 2.4688 -8.8130 2.5945 40.0613 2.4638 -3.6266 1.4627 89.4754 2.4229 17.3490 2.6256 -6.4096 2.9787
390 -7.3574 3.0921 -9.6454 0.9731 -8.7078 4.4399 -7.4460 2.4863 -9.4664 3.1671 39.8126 2.5500 -4.4301 1.5323 88.1891 2.4055 15.8209 2.6734 -6.2750 2.8958
391 -7.7413 3.6050 -9.4624 0.7434 -8.5291 4.1418 -6.9645 2.4936 -9.7193 3.4935 39.3873 2.6396 -5.5909 1.5047 86.6811 2.4772 14.5453 2.5769 -6.0712 3.1804
392 -7.5591 4.1360 -9.1589 0.6876 -8.0983 4.0974 -6.5308 2.4474 -9.6442 4.0173 39.1913 2.4546 -6.5475 2.0847 85.3572 2.5603 13.2178 2.8129 -6.0169 3.2140
393 -7.3821 4.5314 -8.7381 0.8075 -7.5925 3.8574 -6.2846 1.8438 -9.4115 3.7141 39.2255 2.5091 -7.1892 1.9750 83.7445 2.5104 11.9954 2.3782 -6.2000 2.9413
394 -7.1957 4.7851 -8.5199 1.2280 -7.0847 3.9583 -6.1707 1.6697 -8.9714 3.7784 38.9584 2.5380 -7.9444 2.2060 82.3568 2.4444 10.5521 2.4186 -6.3724 3.0681
395 -6.8423 5.0899 -8.2404 1.6497 -6.8038 3.8068 -6.0285 1.5318 -8.6501 3.6771 38.7850 2.5136 -8.7048 2.0565 80.9854 2.5873 9.0826 2.3970 -6.4783 2.8722
396 -6.6554 4.9823 -8.3237 2.4987 -6.5284 4.1456 -6.1559 1.8126 -8.4443 3.6416 38.8957 2.4938 -9.1780 2.0828 79.8121 2.6585 7.4530 2.6306 -6.6614 2.8798
397 -6.3461 5.0892 -8.3841 3.1128 -6.3077 4.3038 -6.1661 1.4416 -8.4808 3.0781 39.2406 2.5058 -9.6597 2.2512 78.2767 2.6096 6.0210 2.6520 -6.5293 3.0151
398 -6.0489 5.2996 -8.5882 3.2005 -6.5373 4.3973 -5.8275 1.0347 -8.1894 2.9808 39.5983 2.5210 -9.4575 2.3761 76.7739 2.4665 5.0771 2.7720 -6.9199 2.6920
399 -6.1417 5.5385 -8.4012 3.6921 -6.7540 4.5227 -6.2878 1.1262 -7.9331 2.0098 39.6610 2.4909 -9.8174 2.5236 75.3760 2.6090 3.7558 2.7426 -7.0711 2.8588
400 -6.3889 5.7624 -8.1575 4.1675 -7.1884 4.5017 -6.3870 1.0744 -8.1254 1.7165 40.2245 2.3537 -10.0198 2.7526 74.1174 2.6373 2.5413 2.7710 -7.1733 2.5749
401 -6.6357 5.6414 -8.2137 4.0399 -7.6518 4.8536 -6.0017 1.1589 -7.9255 1.3917 40.5831 2.3425 -9.9628 2.8357 72.9229 2.5270 1.2061 3.1336 -7.3101 2.3434
402 -6.8339 6.0746 -7.8925 4.3801 -7.8337 5.3847 -6.0374 0.9411 -7.7815 0.9515 41.1785 2.4828 -10.1230 2.7704 71.8911 2.4903 0.2436 3.3925 -7.4418 2.2089
403 -7.0826 5.8478 -7.8031 4.7243 -8.0393 5.6172 -6.1143 1.0215 -7.8287 0.9473 41.6901 2.4419 -10.3920 2.7122 70.6981 2.4641 -1.0938 3.4249 -7.4363 2.2939
404 -7.4957 5.5624 -7.9725 4.7066 -7.9158 6.2047 -5.8195 0.6544 -7.9829 0.6645 42.5675 2.6855 -10.1392 2.9196 69.1996 2.2673 -2.2589 3.6144 -7.1954 2.3751
405 -7.7487 5.4610 -7.5649 4.6192 -7.8863 6.0669 -5.6216 0.9018 -8.1398 0.5305 43.7427 2.4068 -10.3715 2.8265 67.8929 2.4535 -3.2921 3.6025 -7.2272 2.1452
406 -8.3756 5.5883 -7.3627 4.8083 -7.8034 6.1548 -5.3394 0.6837 -7.9851 0.8847 45.2357 2.4231 -10.2225 2.7898 66.3557 2.5632 -3.9360 3.3060 -7.1743 1.7984
407 -8.5588 6.0477 -7.7544 4.9468 -7.6028 6.2788 -5.4086 0.7086 -8.0688 0.9330 46.6348 2.4055 -10.3300 2.8541 64.7973 2.5515 -4.6552 3.2919 -6.8357 1.8995
408 -8.4478 6.0633 -7.6979 5.0718 -7.5886 5.9929 -5.3144 0.5911 -8.1218 0.5208 47.9582 2.4620 -10.0295 2.7866 62.8207 2.2950 -5.3738 3.8423 -6.7831 2.1235
409 -8.3204 5.8425 -7.7013 5.0553 -6.9657 5.9929 -4.8598 0.9669 -8.3238 0.1666 49.5349 2.5393 -9.6160 2.8785 61.3246 2.4482 -6.3005 4.0196 -6.2030 1.7195
410 -8.0079 5.8672 -7.5491 5.0179 -6.9399 6.0663 -4.6863 1.2634 -8.6444 -0.0161 50.8214 2.3754 -9.4370 2.8322 60.1285 2.2848 -6.5925 4.0545 -5.5271 1.5567
411 -8.0038 5.7457 -7.4271 4.9801 -6.5661 5.8371 -4.7725 1.1939 -8.6339 -0.1805 52.1988 2.3136 -9.2689 2.5542 58.8590 2.4837 -6.9788 4.2652 -5.3501 1.6940
412 -7.8942 5.1642 -7.4225 4.7223 -6.7879 5.7089 -4.7789 1.4112 -8.5968 -0.5952 53.8571 2.3963 -9.4883 2.2736 57.7507 2.5331 -7.2869 4.9565 -4.5172 1.5197
413 -7.9089 5.0533 -7.6152 4.6344 -7.3618 5.3406 -4.8598 1.5339 -8.8464 -0.6152 54.9678 2.3529 -9.3126 2.2624 56.1483 2.7818 -7.5427 5.1190 -3.8556 1.5247
414 -8.0033 4.8854 -7.4462 4.8278 -7.4147 5.0646 -5.1383 1.7259 -8.9941 -0.5536 56.0414 2.5972 -9.3941 2.5701 54.8347 2.6766 -7.5051 5.2007 -2.9719 1.3165
415 -7.8613 4.5506 -7.2030 4.8456 -7.5581 4.4555 -5.3887 1.9588 -8.8014 -0.6138 57.5969 2.5310 -9.5407 2.5174 53.3446 2.5768 -7.8337 5.3049 -2.0137 1.2709
416 -7.8757 4.2264 -7.1811 4.4420 -7.8531 4.3583 -5.6151 1.8561 -8.3621 -0.8285 58.7307 2.4373 -9.3657 2.5585 51.5037 2.4939 -7.9258 5.7292 -0.9828 1.0567
417 -7.9394 4.0815 -6.9869 4.3621 -7.9305 4.2187 -5.9443 2.2634 -8.1583 -0.8978 59.8905 2.3573 -9.1409 2.4971 50.1829 2.5962 -7.8299 5.7622 0.0770 0.9745
418 -7.7674 3.9554 -7.7913 4.3110 -8.2998 4.1246 -6.6946 2.4874 -8.4798 -0.8724 61.6041 2.7455 -8.9431 2.5732 48.7507 2.1807 -8.1408 5.4721 1.4057 1.1733
419 -7.4547 4.1389 -7.4922 3.6751 -8.5806 3.9683 -7.1687 2.6977 -7.9368 -0.8107 63.0826 2.5068 -8.8702 2.1224 47.4374 2.4547 -8.5829 5.8955 2.6165 1.2720
420 -7.2521 4.0784 -7.7196 3.7018 -8.7464 4.0061 -7.2590 3.0788 -8.2121 -0.8180 64.1465 2.4971 -8.4551 1.9581 46.0289 2.3808 -8.7080 5.9482 3.6804 1.9176
421 -7.4058 4.1836 -7.9587 3.5090 -9.0608 4.3620 -7.1852 3.5712 -7.9451 -0.7270 65.3688 2.4914 -8.1627 1.9698 44.9355 2.4338 -9.0015 6.0486 4.8172 2.3723
422 -7.1064 3.9840 -7.9394 3.5915 -8.9099 4.6049 -6.9201 4.0786 -8.0853 -0.6337 66.5971 2.4177 -8.3843 2.2309 43.4838 2.5007 -9.1660 5.5367 6.3037 2.6365
423 -7.2000 3.9205 -7.7066 3.5162 -8.8725 4.6387 -7.1637 4.3121 -7.6903 -0.2919 68.3016 2.3687 -8.6884 2.2742 41.8537 2.6592 -9.6594 5.2612 7.2842 2.5911
424 -7.2107 3.8870 -7.5113 3.9774 -8.8595 4.9505 -7.3527 4.5281 -7.6349 0.3426 69.6796 2.3537 -8.8791 2.3676 40.4855 2.4080 -9.3154 4.9871 8.0841 2.8801
425 -7.4013 4.0105 -7.1664 4.2482 -8.8578 5.0826 -7.5068 4.4753 -7.2133 0.6002 70.6255 2.5182 -9.1383 2.0754 38.9339 2.5406 -9.1378 4.8405 9.0765 2.7625
426 -7.7181 3.7420 -6.8902 4.2973 -8.9084 5.1961 -7.7168 4.5313 -7.3591 0.4609 72.0865 2.4322 -9.4058 1.5511 37.6381 2.4048 -8.9537 4.4792 10.2230 2.8648
427 -7.4055 3.8735 -6.8858 4.5582 -8.7880 5.1637 -7.8817 4.2579 -7.3745 0.5289 73.0236 2.5653 -10.0272 1.2232 36.3613 2.3011 -8.8734 4.2771 11.3760 2.8448
428 -7.5634 3.9214 -6.7404 4.9563 -8.7230 5.2238 -7.8469 4.4475 -7.2916 0.4596 74.4609 2.7496 -10.1185 1.1555 35.1441 2.3993 -8.7176 3.9262 12.4857 2.5022
429 -7.4688 3.9780 -7.2433 4.9499 -8.2193 5.0546 -7.9531 4.8193 -7.5179 0.6286 75.5028 2.3396 -10.1734 0.9006 34.2533 2.5591 -8.5292 3.4106 13.7203 2.5401
430 -6.9532 3.6648 -7.2906 4.9718 -7.8813 4.7600 -7.7968 4.4548 -7.9339 0.6069 77.0259 2.4825 -10.0485 0.5735 32.8765 2.4898 -8.5040 3.1604 15.3647 2.5138
431 -6.6421 3.4333 -7.4842 5.0588 -7.4649 4.8524 -8.2408 4.5403 -7.9583 0.7669 78.4410 2.6138 -9.9878 0.5416 31.6430 2.3138 -8.3144 2.9732 16.8765 2.4858
432 -6.3587 3.3454 -7.6245 5.3958 -7.4621 4.4119 -8.0154 5.1285 -7.9713 0.0538 79.7622 2.3911 -9.8303 0.7752 31.0253 2.4453 -8.1273 2.5033 17.8881 2.7390
433 -6.4103 3.3550 -7.7623 5.5988 -7.2097 3.9379 -8.1941 5.0312 -7.7196 -0.1105 81.3032 2.4060 -9.5365 0.9024 30.1879 2.3477 -8.1510 2.6522 18.8488 2.5755
434 -5.9603 2.9641 -8.1076 5.3475 -7.0124 3.8158 -7.7048 5.4152 -7.3818 -0.0223 82.2835 2.6092 -9.5502 1.2165 29.3274 2.4119 -8.2445 2.3535 19.7400 2.3802
435 -5.7157 2.6928 -8.4716 5.0692 -7.1729 3.8330 -7.8959 5.5111 -6.7066 0.2530 83.6437 2.5549 -9.2508 1.1430 28.4836 2.4477 -7.8491 1.8583 20.3665 2.4422
436 -5.3980 2.7945 -9.0585 4.6981 -7.4433 3.6375 -8.0768 5.7647 -6.2742 0.3170 85.0351 2.4773 -9.2566 1.2599 27.7392 2.5628 -7.2909 1.6576 21.1051 2.5137
437 -4.7557 2.5863 -9.4944 4.6522 -7.5296 3.4070 -8.0039 5.6481 -5.9989 0.3390 86.2269 2.5175 -9.3616 1.5147 27.0253 2.6326 -6.7591 1.7425 21.8074 2.4224
438 -4.1640 2.7222 -9.5693 4.7849 -7.5176 3.1446 -8.2383 5.3932 -6.1320 0.5321 87.2529 2.4685 -9.3923 1.8603 26.6969 2.5024 -6.7098 1.3603 22.4535 2.4411
439 -3.9920 2.7799 -9.5031 4.6490 -7.7198 3.0721 -8.2788 5.2640 -6.0815 0.9874 88.7260 2.5727 -9.3463 2.2460 26.2678 2.4239 -6.4707 1.3571 22.4594 2.5536
440 -3.5751 3.0172 -9.6392 4.7061 -7.4393 2.9928 -8.4249 5.2765 -5.7691 1.3090 90.1514 2.4804 -9.4172 2.5478 25.4945 2.3123 -6.3482 1.4368 22.5024 2.5328
441 -3.0352 3.2110 -9.2873 4.5350 -7.1606 2.3277 -8.7390 5.0592 -5.7567 1.6762 91.4350 2.2947 -9.0937 2.8553 25.2232 2.2708 -5.9540 1.5537 22.6226 2.4553
442 -1.9935 3.3898 -9.0987 4.6935 -6.9827 2.2060 -9.3365 5.1405 -5.8326 2.3612 92.8003 2.4653 -8.6192 3.1729 24.8549 2.4884 -6.0344 1.6090 22.5645 2.5798
443 -1.7636 3.8115 -8.9448 4.0892 -7.2161 2.4857 -9.4364 4.9140 -5.6632 2.7735 93.9354 2.4808 -8.4318 3.1192 24.2380 2.5413 -5.9958 1.7834 22.7802 2.4985
444 -1.3685 4.0002 -8.9303 3.5513 -6.5965 2.2438 -9.4083 5.2881 -5.2573 3.1301 95.3838 2.6876 -8.2068 3.0970 23.5525 2.5561 -5.6890 2.0038 22.4029 2.4197
445 -0.6684 3.8097 -8.9877 3.4551 -6.2460 2.0197 -9.4129 4.9278 -5.2500 3.5262 96.6059 2.3560 -7.6892 2.8905 22.7356 2.4081 -5.6030 1.7913 22.0663 2.5447
446 0.3882 3.9064 -9.2692 3.1801 -5.8823 1.7744 -9.5799 4.8459 -5.1646 3.4337 98.2275 2.6447 -7.5214 2.7078 21.9036 2.5740 -5.5180 1.5957 21.6405 2.4520
447 0.9275 4.1021 -9.1365 3.2178 -5.5361 1.9092 -9.1673 4.4756 -4.8034 3.7266 99.4194 2.5528 -7.9015 2.8775 21.2290 2.4132 -5.2218 1.8309 21.1329 2.5014
448 1.4520 4.3723 -9.3786 3.3863 -4.9154 1.4539 -9.3051 4.1955 -4.4344 3.7076 100.6613 2.5802 -7.7451 2.6895 20.4939 2.4833 -4.9173 1.8688 20.2807 2.5876
449 2.0649 4.1084 -9.4967 3.2596 -4.4235 1.7267 -9.2257 3.8284 -4.0770 3.8519 101.7449 2.4420 -7.6888 2.7953 19.5346 2.5039 -4.8478 2.2274 19.7439 2.4585
450 2.6036 3.8478 -9.1945 3.3660 -3.8141 1.4320 -8.9421 3.3710 -4.0142 4.0856 103.0160 2.2697 -7.2034 2.7637 18.4518 2.5658 -4.9348 2.1592 19.7202 2.6345
451 3.7817 4.1424 -9.1393 3.4251 -2.8906 1.5356 -8.8631 3.2932 -3.7129 4.0040 104.1010 2.4583 -6.7338 2.8295 17.2504 2.6284 -4.7424 2.3945 19.2036 2.5362
452 4.7150 3.8360 -8.9177 3.5374 -2.5185 1.2204 -8.7651 2.5220 -3.7404 4.1151 104.4796 2.6629 -6.6374 2.5615 16.1881 2.3928 -5.1203 2.3655 18.6163 2.5626
453 5.4417 3.6003 -8.9513 3.4968 -2.1621 1.1722 -8.4212 2.1796 -3.6928 4.3004 105.4182 2.4600 -6.4897 2.7525 14.7994 2.5657 -5.7299 2.6084 18.2209 2.6352
454 6.6259 3.5162 -9.4805 3.7515 -1.4903 0.8588 -8.0787 2.6350 -3.2597 4.5216 106.3727 2.3813 -6.3854 2.8484 13.9203 2.3217 -6.2513 3.2977 17.4106 2.5553
455 8.0067 3.4127 -9.4725 3.7145 -1.0172 0.7744 -7.9073 2.6023 -2.6258 4.5753 106.6914 2.5178 -6.0764 2.8975 12.9266 2.5468 -6.3804 3.7565 17.0382 2.5007
456 9.5063 3.2192 -9.1723 3.7720 -0.0899 0.9419 -7.8481 2.4336 -2.3212 4.6887 107.2380 2.4652 -6.2687 2.9399 12.3130 2.5736 -6.6269 4.1068 16.7087 2.5315
457 10.4767 3.1650 -9.0659 3.8087 0.5585 0.7197 -7.5637 2.2950 -1.5793 4.5293 108.0007 2.5303 -5.8329 2.8196 11.4964 2.5509 -6.6492 4.1671 16.5636 2.4474
458 11.6102 2.6225 -8.9779 3.7115 1.2927 0.7389 -7.5992 1.9604 -1.2347 4.5186 108.1546 2.5798 -5.7112 2.6853 10.8953 2.5173 -6.4899 4.5991 16.2974 2.5062
459 12.8859 2.7221 -8.4834 3.4045 2.1978 0.8426 -7.5396 1.9827 -0.1234 4.5018 108.2046 2.4372 -5.9317 2.1294 9.8861 2.5401 -6.8801 4.5045 15.9798 2.4180
460 14.1585 2.7282 -8.3013 3.2483 3.3032 0.7086 -7.1431 1.7311 0.7017 4.2586 108.0736 2.5424 -5.7153 1.8792 8.5343 2.4487 -6.9118 3.6774 16.0159 2.4783
461 15.1073 2.5748 -8.4181 2.9937 4.5531 0.9915 -7.2619 1.5161 1.5857 3.8928 108.1250 2.4556 -5.7473 1.5497 7.6162 2.3765 -6.8733 3.0341 16.0533 2.5830
462 15.7068 2.4904 -8.2798 3.0310 5.9761 1.2240 -6.9166 1.7042 2.6332 3.4638 108.2255 2.4638 -6.1022 1.3793 7.4011 2.3907 -6.7372 2.4207 16.2750 2.5215
463 16.6422 2.4795 -7.9818 2.8615 6.9951 1.4537 -6.5680 1.7426 3.6234 3.5600 108.2396 2.4962 -6.3842 1.3242 6.6203 2.5036 -6.8941 1.9940 16.5250 2.5613
464 17.5854 2.5286 -8.0033 2.9153 8.0540 1.5671 -6.6210 2.1134 4.7285 3.5971 107.6028 2.3943 -6.5113 1.0590 5.7637 2.4259 -6.7744 1.6301 16.7007 2.4650
465 18.2701 2.4744 -7.8086 3.1518 9.3975 1.8611 -6.4319 2.4528 5.7882 3.3068 106.9578 2.5209 -6.3006 0.5643 5.4703 2.3795 -6.8778 1.3988 17.2701 2.4694
466 18.8099 2.5395 -8.0741 3.4348 11.2250 2.1323 -6.5740 2.3195 7.1255 3.4215 106.5370 2.5139 -5.8903 0.4364 5.2489 2.2884 -6.9820 1.5499 17.7033 2.6546
467 19.1788 2.4650 -7.9362 3.7330 12.5245 2.1010 -6.5095 2.2739 8.3528 3.3195 106.2576 2.3957 -5.9366 0.0895 5.1221 2.1547 -6.6621 1.8281 18.6970 2.4392
468 19.6744 2.4880 -7.8912 3.7891 14.1853 2.3677 -6.4861 2.2906 9.4660 3.2327 105.4518 2.6268 -6.0213 0.2082 4.9688 2.2639 -6.6303 2.1234 19.5545 2.4185
469 19.7364 2.5355 -7.9774 3.5723 15.3351 2.3181 -6.2016 2.4532 10.4342 3.0438 103.9873 2.5085 -6.1987 0.4682 5.1868 2.2563 -6.3243 2.3617 20.6276 2.5604
470 19.5659 2.5812 -7.7841 3.7046 16.9692 2.3554 -6.4148 3.1548 11.2700 2.7929 102.6441 2.1972 -6.3769 0.5996 5.4719 2.2279 -6.1854 2.2469 21.8412 2.4776
471 19.6773 2.5269 -7.8839 3.3685 18.3575 2.5369 -6.6838 3.3929 12.5750 2.5198 101.2648 2.4196 -6.4748 0.9262 5.4377 2.2081 -6.0576 2.5630 23.3761 2.3870
472 19.8231 2.5958 -8.0844 3.1418 19.6685 2.5933 -6.6208 4.0244 13.8465 2.5037 100.1326 2.4915 -6.5835 1.7537 5.7475 2.1500 -6.0333 2.3441 24.5183 2.3982
473 19.6428 2.5786 -7.9365 3.1398 20.8961 2.3808 -6.3902 4.1732 15.3614 2.3396 98.9277 2.4437 -6.5220 2.0978 6.8798 2.2274 -6.2085 2.4386 26.1650 2.3223
474 19.4493 2.5603 -8.1551 3.0856 22.3765 2.6561 -6.4301 4.7518 16.8872 2.5991 97.5510 2.5561 -6.3587 2.3572 7.6281 2.4165 -6.2972 2.5013 27.6381 2.4751
475 19.2958 2.5539 -8.3780 3.0989 24.0527 2.4437 -6.2393 4.9536 18.0879 2.4793 96.8221 2.3871 -6.4461 2.7415 8.1573 2.7645 -6.5025 2.5689 29.0236 2.5495
476 18.9068 2.4738 -8.4486 3.1420 25.7192 2.3510 -6.5551 5.2268 19.3248 2.4875 96.1620 2.4980 -6.6979 3.1656 9.0915 2.7009 -6.6101 2.6505 30.5133 2.6536
477 18.4215 2.5258 -8.9282 3.1364 27.6606 2.2934 -6.7927 5.6211 20.5468 2.6456 95.4656 2.4201 -6.5981 3.7800 10.1679 2.6034 -6.4171 2.6578 31.3995 2.7514
478 18.1727 2.5287 -9.4258 2.9592 28.5042 2.5156 -6.7087 5.5647 21.6213 2.6963 94.1202 2.4569 -6.7829 3.9771 11.2612 2.4642 -6.7526 2.6397 32.8060 2.7116
479 18.0593 2.4420 -9.5066 2.7056 29.7260 2.4594 -7.0280 5.6032 22.8269 2.6558 93.3657 2.5138 -6.5582 4.1004 12.3026 2.3971 -7.4644 2.4783 34.2859 2.5436
480 17.1702 2.5131 -9.7414 2.3878 31.0624 2.5388 -6.7927 5.6611 23.9545 2.6250 93.0162 2.5481 -6.5447 3.9821 13.5441 2.3714 -7.9320 2.2754 35.6690 2.4131
481 16.5143 2.5816 -10.1336 2.1426 32.5234 2.6562 -6.8194 5.1879 24.7813 2.7733 92.5185 2.4263 -6.3187 3.9293 14.6924 2.3960 -7.8569 2.7330 36.7454 2.5425
482 15.8015 2.5812 -9.9588 2.0627 33.7802 2.5553 -7.0996 5.0792 25.9451 2.4984 92.2718 2.5152 -6.1499 4.1732 15.8942 2.4860 -8.0268 2.7575 38.3229 2.6310
483 15.1563 2.6079 -10.0861 1.6583 34.5734 2.4805 -7.5482 4.7000 26.6242 2.6431 91.7390 2.5390 -6.2506 4.0266 17.1121 2.6264 -7.9224 2.4959 39.6731 2.6226
484 13.9299 2.5091 -10.3849 1.4223 35.7027 2.6559 -7.8311 4.1953 27.1778 2.5626 91.5124 2.4552 -6.3809 3.8655 18.5642 2.4913 -7.5599 2.6046 40.7323 2.5570
485 13.4583 2.5751 -10.4570 2.0268 36.7365 2.5555 -7.8175 3.8641 27.8494 2.4998 91.4953 2.5407 -6.5238 4.1282 19.7376 2.2309 -7.5121 2.5076 42.1475 2.5085
486 12.9451 2.5129 -10.1486 2.1572 38.1514 2.2331 -7.5967 3.1883 28.2008 2.5298 91.0523 2.4757 -6.6788 4.0975 21.1319 2.6225 -7.0929 2.9250 43.3014 2.5203
487 12.4787 2.5461 -10.1163 2.0403 39.5513 2.2537 -7.8181 2.9525 28.6493 2.3694 90.7042 2.4982 -7.0183 4.4806 22.3133 2.5989 -6.7117 3.4510 44.5331 2.6570
488 12.1573 2.4974 -10.1688 1.8329 40.9347 2.4564 -7.5411 2.7282 29.3048 2.4476 90.2698 2.4689 -7.1002 4.5465 24.0339 2.6349 -6.3976 3.3947 45.9154 2.4629
489 12.0290 2.5217 -10.0174 1.0683 42.3708 2.6572 -7.4420 2.4779 29.0562 2.4960 90.6123 2.5023 -7.1984 4.4924 25.4593 2.4060 -5.9181 3.7129 47.2155 2.6563
490 11.9332 2.4810 -9.8048 0.9101 43.7893 2.3777 -7.1963 2.6587 29.2154 2.5461 91.2133 2.5191 -7.6791 4.8902 26.4967 2.4946 -5.6272 3.8792 48.3937 2.6385
491 12.1622 2.5080 -9.4230 0.6238 44.8824 2.3726 -7.3056 2.6542 29.0283 2.5269 91.4244 2.4468 -8.0206 4.9079 27.8467 2.4941 -5.1827 3.9139 49.8886 2.6137
492 12.3536 2.5420 -9.2315 0.3960 46.2503 2.4158 -7.0492 2.6970 28.5639 2.5224 91.9197 2.4895 -8.6237 4.9878 29.1223 2.4703 -5.0022 4.3098 51.4545 2.6193
493 12.5834 2.6033 -8.9709 0.5826 47.6884 2.4610 -7.0941 2.8850 28.2218 2.4722 91.8887 2.4935 -8.8342 4.4300 30.7442 2.4156 -4.5957 4.4085 52.3164 2.4799
494 12.9807 2.5626 -8.6574 0.9177 48.3679 2.4859 -7.1935 3.2119 28.2280 2.4610 92.4985 2.6205 -9.1418 4.3327 32.2407 2.4533 -4.6472 4.0681 53.7213 2.4599
495 13.8981 2.4983 -8.9001 1.4780 49.1388 2.4975 -7.3747 3.5277 27.8017 2.4482 92.7723 2.4993 -9.7056 4.0924 33.9613 2.3031 -5.0170 3.8135 54.5324 2.6081
496 14.5305 2.4185 -8.8160 1.9727 50.1712 2.6771 -7.3515 3.7825 27.7445 2.4125 93.6100 2.6620 -9.8380 4.1834 34.9939 2.6116 -5.2369 3.7491 56.2762 2.3261
497 15.1707 2.2434 -8.9686 2.3467 50.5916 2.4638 -7.6455 3.8479 26.9740 2.2622 93.9182 2.5850 -9.9342 4.1167 36.2873 2.5809 -5.3691 3.3364 57.6637 2.4045
498 15.7373 2.5668 -9.1744 2.3537 51.0481 2.5554 -7.9879 3.8651 26.0857 2.4312 94.3278 2.5856 -9.6779 4.0842 37.4324 2.4475 -5.2201 3.1868 58.8300 2.3639
499 16.4667 2.5191 -9.5361 2.3476 51.2313 2.5581 -8.0057 4.0454 25.2744 2.5824 95.2669 2.5540 -9.2847 3.9124 38.7558 2.4640 -5.2087 3.0821 60.1373 2.4727
500 17.6844 2.5792 -9.8222 2.2794 50.9705 2.5590 -7.7198 3.9103 24.2560 2.4646 95.5700 2.5173 -9.1875 3.7090 40.0611 2.5103 -5.0865 3.0225 61.5476 2.5046
501 18.7331 2.6102 -9.8827 2.1208 51.4255 2.4969 -7.5985 4.0944 23.1304 2.4783 95.5625 2.3962 -8.5840 3.3757 41.3235 2.4346 -5.1340 2.6016 62.7633 2.3912
502 19.6516 2.5969 -10.2697 2.1302 51.6393 2.4794 -7.1863 4.0446 21.9526 2.4692 95.9549 2.4393 -8.2536 3.5234 42.2541 2.5012 -5.1396 2.4347 64.3413 2.4732
503 21.2362 2.7328 -10.4921 2.2694 50.8714 2.5410 -7.3014 3.8542 20.9586 2.5308 96.1441 2.4862 -7.8833 3.7971 42.3854 2.3738 -5.1587 2.1875 65.9283 2.3990
504 22.4127 2.6024 -10.2891 2.0982 50.5069 2.4955 -7.3098 3.5866 19.9525 2.4955 96.2297 2.5387 -7.7481 4.2417 42.8921 2.4928 -4.9304 1.9963 67.2929 2.4248
505 23.6083 2.3636 -10.2237 2.0959 50.3679 2.5323 -7.5270 4.0578 18.5708 2.4535 96.5209 2.4924 -7.8218 4.0147 43.3542 2.4102 -4.8162 1.8817 68.9872 2.4726
506 24.8675 2.5771 -9.9094 2.1088 50.2086 2.5995 -7.1966 4.0691 17.0341 2.4421 96.3312 2.4394 -8.1082 4.1669 43.4409 2.5010 -4.7653 1.3865 70.0814 2.4171
507 26.1298 2.3649 -9.7029 2.1021 49.5582 2.4534 -7.0500 3.7246 15.7161 2.5242 96.2997 2.4356 -8.0419 4.3603 43.7269 2.5369 -4.8831 1.4075 71.7139 2.2660
508 27.7361 2.4310 -9.5658 1.9395 48.9074 2.6260 -6.8470 3.7871 14.4735 2.5299 95.8677 2.4436 -8.0511 3.9553 44.0340 2.4751 -4.6156 1.5846 72.7341 2.3365
509 29.0824 2.4695 -9.2871 1.8813 48.5255 2.5160 -6.6122 3.9998 13.0997 2.4830 95.4428 2.5125 -7.8315 3.8798 44.1029 2.5173 -4.8141 1.5394 73.6620 2.2899
510 30.4697 2.5857 -9.4255 2.1144 47.5319 2.3041 -6.1945 3.7699 11.7885 2.8102 94.9553 2.4037 -7.8864 3.7672 44.0061 2.5463 -5.0277 2.1288 74.4789 2.3691
511 31.9190 2.6137 -9.3526 2.4447 46.3991 2.5450 -5.8974 3.7074 10.6901 2.6069 94.4084 2.3980 -7.8664 3.5832 44.1701 2.5768 -4.9651 1.7313 75.6183 2.4212
512 33.2323 2.4470 -9.2152 2.7662 45.3538 2.6324 -5.2513 4.2033 9.5187 2.8448 93.9128 2.6446 -7.6692 3.4730 43.7359 2.6365 -5.0341 1.6634 76.3096 2.3524
513 34.5192 2.4168 -9.4613 2.9362 44.2106 2.4684 -4.7582 4.5430 8.5545 2.9460 93.4546 2.5682 -7.8447 3.3153 43.9218 2.3783 -5.2177 1.4545 76.6783 2.3456
514 35.6873 2.5341 -9.2776 2.5820 42.8244 2.7460 -3.9201 4.3484 7.2423 3.0183 92.9732 2.5099 -7.9785 3.6592 43.2456 2.5363 -5.4736 1.7221 77.1324 2.4644
515 37.1465 2.4544 -9.3386 2.4556 41.4098 2.5038 -2.9385 4.5260 5.8518 3.3797 92.3397 2.4293 -7.9066 3.4356 42.6060 2.5660 -5.9959 1.6020 77.4497 2.4463
516 38.1852 2.3698 -9.3172 2.5262 39.9444 2.4392 -2.4853 4.1486 4.6415 3.6739 91.3135 2.4018 -7.5468 3.5567 41.5808 2.4495 -6.4029 1.6478 77.5567 2.3711
517 39.4862 2.5180 -9.2873 2.3961 38.4552 2.4209 -1.9945 4.4097 3.8159 3.8923 90.5662 2.4233 -7.3334 3.2730 40.7109 2.6190 -6.6466 1.7788 78.0996 2.4972
518 40.5725 2.4999 -9.3623 2.4556 37.0632 2.5338 -1.3099 4.1137 2.9552 3.9067 89.8605 2.6717 -6.7426 2.9604 39.7427 2.6276 -6.7190 1.7723 78.1287 2.4595
519 41.9575 2.3592 -9.6063 2.2280 36.0553 2.4220 -0.7019 3.8568 1.7503 3.9831 89.3575 2.6308 -6.4994 2.8709 38.4529 2.5722 -6.3276 1.6658 78.1519 2.5400
520 43.2241 2.5766 -9.7331 2.3359 34.7231 2.4514 0.1250 3.8627 1.1013 4.1105 88.9016 2.5352 -6.3293 3.0504 37.0503 2.5101 -5.9818 1.7660 77.7627 2.4777
521 43.9665 2.5289 -9.7222 2.1518 33.3415 2.4216 0.6838 3.3098 0.1856 4.0064 88.4664 2.4681 -5.6646 3.3342 35.5794 2.7399 -6.0121 1.3689 77.5058 2.5408
522 45.2297 2.3716 -9.5196 1.8887 32.3552 2.6026 1.7858 3.4516 -0.4882 4.2698 88.1862 2.4404 -5.2851 3.3875 34.4189 2.3136 -5.8444 1.5127 77.3597 2.5166
523 46.1480 2.3650 -8.8523 1.9927 31.1706 2.6694 3.0451 3.1679 -1.0412 4.3481 87.9797 2.5147 -4.8414 3.3086 32.7927 2.2191 -5.4212 1.6003 76.8316 2.4348
524 46.7186 2.4941 -8.4709 2.1131 29.6355 2.5682 3.5186 2.8398 -1.4521 4.3015 87.7494 2.5411 -4.6867 3.5657 31.2502 2.4053 -5.2039 1.9779 76.2123 2.6233
525 47.6624 2.4741 -8.3620 2.2710 28.3450 2.4878 4.7405 2.5430 -1.9480 4.0178 88.1046 2.5281 -4.7986 3.4379 30.0458 2.3058 -5.0991 2.0818 75.2079 2.6325
526 48.0238 2.5815 -8.2819 2.5137 27.2127 2.4877 5.7508 2.5801 -2.6982 3.8761 88.4666 2.5202 -4.5457 3.4997 29.0874 2.5535 -5.1933 2.1351 74.0817 2.6518
527 48.3551 2.3855 -8.0055 2.5431 26.6644 2.4773 6.6793 2.5677 -3.2975 3.8304 88.6650 2.4605 -4.7297 3.6329 27.9370 2.3290 -5.7423 2.3236 73.2476 2.4568
528 48.4138 2.4934 -8.3536 2.4122 25.7262 2.3983 7.6547 2.2692 -3.6521 3.7614 89.4652 2.5903 -4.3741 3.8788 26.8396 2.6109 -5.8450 2.2799 72.2281 2.3583
529 48.9176 2.4932 -8.5460 2.3120 24.5536 2.5607 8.6286 1.8919 -3.7076 3.8668 90.1602 2.4913 -4.4593 4.1016 25.8743 2.6833 -5.8622 2.2569 71.1500 2.5352
530 48.9304 2.4637 -8.8244 2.3052 23.6884 2.4981 9.7112 1.8972 -4.3676 3.8522 90.6458 2.4125 -4.3680 3.8078 24.8727 2.5340 -6.6240 2.5337 70.0946 2.4430
531 48.8356 2.5608 -9.2056 2.2445 23.2939 2.4989 10.9711 2.3305 -4.5340 3.9546 91.2041 2.3811 -4.6198 3.9080 24.5885 2.5612 -7.0853 2.5294 68.5447 2.4260
532 48.8381 2.5867 -9.0390 1.9131 22.7502 2.4205 12.1207 2.2972 -4.5081 3.5424 91.3084 2.4882 -4.7536 4.3528 24.0666 2.5176 -7.6265 2.7670 66.9602 2.3705
533 48.7122 2.5027 -9.1340 1.7873 21.9972 2.5031 12.7553 2.3424 -4.5544 3.8731 91.6332 2.4279 -4.8861 4.6923 23.5348 2.4086 -7.7563 3.0872 65.7374 2.3869
534 48.2813 2.5037 -9.1809 1.3913 21.5315 2.5637 13.3304 2.5406 -4.5492 3.9542 92.0709 2.4003 -5.1852 4.8287 22.9538 2.4197 -7.7021 3.4216 64.6197 2.4338
535 47.8955 2.6014 -9.0973 1.0583 21.1522 2.5967 14.1324 2.5417 -4.4754 3.9469 92.8243 2.4336 -4.8418 4.8651 23.0653 2.5321 -7.5407 3.2412 63.2280 2.6375
536 47.5991 2.4344 -9.4276 0.7458 20.8591 2.5378 14.7397 2.5091 -4.2352 4.0078 93.2565 2.5031 -4.5816 4.7415 23.3172 2.4768 -7.3773 3.2867 61.9213 2.4592
537 47.1061 2.5404 -9.3092 1.0897 20.8768 2.5634 15.5533 2.5998 -4.4638 4.0035 93.5049 2.5623 -4.4396 4.5084 23.5283 2.4916 -7.0589 3.5738 60.6288 2.5363
538 46.9003 2.4395 -9.2407 1.2250 20.4865 2.5762 16.2067 2.5352 -4.3816 3.7317 94.1000 2.4903 -4.4173 4.4921 23.5425 2.5039 -6.7404 3.6973 59.2674 2.5006
539 46.9054 2.5012 -9.3660 1.4359 20.6171 2.4777 16.4402 2.6116 -4.3858 3.4424 93.8683 2.5102 -4.1781 4.3056 23.9169 2.5205 -6.2804 3.5078 57.9075 2.4014
540 46.7153 2.5209 -9.0395 1.5585 21.1412 2.5731 16.5936 2.5840 -4.6307 3.5837 94.2538 2.5191 -4.1096 4.0375 24.2526 2.5416 -5.9984 3.3309 56.3532 2.3545
541 46.5479 2.4970 -8.8632 1.6104 21.5566 2.5557 16.7060 2.5695 -4.6881 3.5106 93.7215 2.5121 -4.4102 3.6636 24.4558 2.5351 -6.2739 3.1502 54.5401 2.3397
542 46.2730 2.5081 -9.4225 1.9129 21.5190 2.5540 16.9492 2.4947 -4.9380 3.4552 93.5404 2.5780 -4.9679 3.8270 25.0708 2.4877 -5.8287 3.1193 53.5794 2.4546
543 45.9741 2.5220 -9.4980 2.1646 22.1579 2.5070 17.1338 2.4585 -5.0548 3.0243 93.5127 2.5839 -5.1148 3.7183 25.8792 2.4626 -5.6628 2.7756 52.3192 2.4156
544 46.1118 2.5199 -9.8756 2.7552 22.1916 2.6061 17.3463 2.4194 -5.1074 3.0172 93.0248 2.4526 -5.5931 3.7029 26.8269 2.5403 -5.2367 2.6639 51.3151 2.4329
545 46.0648 2.4345 -9.8208 2.8600 22.4812 2.5386 17.3302 2.5422 -4.8620 3.2145 92.6258 2.6404 -5.4591 3.7245 27.4702 2.5256 -4.8146 2.9825 50.1273 2.5730
546 45.9704 2.4085 -9.7648 2.7745 22.7460 2.5664 17.2403 2.4114 -4.9173 3.2564 91.8179 2.5101 -5.4754 3.8367 28.4857 2.6287 -4.3908 3.7398 48.8625 2.4723
547 46.4592 2.4281 -9.9101 3.3317 23.0850 2.5636 17.1145 2.4988 -5.3008 3.5240 90.7221 2.5332 -5.3827 4.4119 29.8079 2.4730 -3.9650 3.7968 47.6307 2.5396
548 46.5059 2.4485 -9.9565 3.3078 23.1134 2.5933 16.5653 2.4650 -5.3051 3.3094 89.5992 2.4600 -5.6610 4.5138 31.3588 2.3884 -3.2047 3.6126 46.2388 2.6092
549 47.1206 2.4776 -9.7456 3.3755 23.2678 2.5368 16.0802 2.5072 -5.4284 3.5941 88.7001 2.5709 -5.5239 4.5459 33.0547 2.5289 -2.6345 3.9834 44.9656 2.6199
550 47.5276 2.4323 -9.8144 3.7033 23.1550 2.4188 15.6870 2.4033 -5.5873 3.5198 88.0678 2.5319 -5.4628 5.0288 34.3103 2.4985 -1.8376 4.2200 44.1431 2.9148
551 48.1425 2.4313 -9.6899 4.1489 23.5001 2.5014 15.1308 2.4359 -5.5287 3.6108 87.1251 2.5605 -5.0476 4.9624 35.7873 2.5489 -1.0852 4.0547 42.8354 2.4498
552 48.6015 2.6477 -9.5271 4.0423 23.8861 2.4666 14.0018 2.4100 -5.4042 4.0708 85.8363 2.5274 -4.9923 4.9508 37.2515 2.7355 -0.8278 3.9233 41.4753 2.4121
553 49.3340 2.5117 -9.6594 3.9358 23.8506 2.4438 13.0127 2.5661 -5.2870 4.0350 84.5128 2.5964 -4.9042 4.4030 38.8566 2.5021 0.6545 3.7655 40.2171 2.5466
554 50.0714 2.4133 -9.8835 3.9600 24.0847 2.4772 11.6511 2.7926 -5.1877 4.4018 83.3836 2.5880 -4.8817 4.4354 39.9466 2.5406 2.0749 3.6685 38.5144 2.5105
555 51.2869 2.4220 -9.6860 3.8760 24.0134 2.4903 9.9723 3.0638 -5.4579 4.7933 81.4642 2.5552 -4.8648 4.4947 41.5840 2.7199 2.9245 3.4299 37.5013 2.4751
556 52.6722 2.3720 -9.6875 3.5411 23.8897 2.4296 8.7119 2.9651 -5.5667 4.6749 79.8673 2.4678 -4.9595 4.4054 42.6033 2.5284 4.2701 3.4368 36.0268 2.6266
557 53.9349 2.2898 -9.5111 3.3377 23.5932 2.4919 7.7229 3.2376 -5.5926 4.7446 79.0671 2.5858 -5.0882 4.2089 43.8807 2.4261 4.9997 3.2377 34.1702 2.5647
558 55.2612 2.6149 -9.7098 3.1963 23.1672 2.5126 7.0269 3.4950 -5.7223 5.0035 77.3576 2.5108 -5.0329 3.6067 45.0831 2.3606 5.9728 3.1320 32.6721 2.4330
559 56.8503 2.6540 -9.3352 2.8925 23.1220 2.4813 5.8052 3.5396 -5.8873 5.0306 75.9566 2.4829 -5.3343 3.6233 46.0848 2.3871 7.1847 2.9339 31.2997 2.6322
560 58.3672 2.6259 -9.0484 2.5927 22.3393 2.4639 4.6532 3.3171 -6.0965 5.2241 74.5656 2.4545 -5.6453 3.8695 47.2689 2.5515 8.5253 2.9507 30.3614 2.5095
561 60.0337 2.6287 -9.1544 2.2997 21.6300 2.4204 3.7252 3.2387 -6.1489 5.3751 73.0773 2.5430 -5.8975 3.4777 47.8694 2.6369 9.9790 2.8334 28.8516 2.6328
562 61.3101 2.3001 -9.0815 2.5101 21.0033 2.3770 3.0302 3.2005 -6.2855 4.7627 71.5373 2.4524 -6.2510 3.1321 49.1028 2.6499 10.8637 2.9151 27.7482 2.2816
563 63.0809 2.4049 -8.8958 2.2173 19.9161 2.6116 2.4314 3.0014 -6.5407 5.0455 70.0028 2.6571 -6.5372 3.0687 50.3720 2.3928 12.0640 3.0115 26.4365 2.6047
564 64.6618 2.3635 -8.9031 1.8977 19.2987 2.5121 1.9988 3.1866 -6.2071 4.7698 68.8625 2.5596 -6.4621 2.5597 51.1217 2.5235 13.3496 2.6357 25.5962 2.4142
565 66.0032 2.1677 -8.4697 1.5850 18.2150 2.5737 1.8710 3.3578 -6.1650 4.4072 67.7780 2.2875 -6.7997 2.3100 51.7004 2.5888 14.4527 2.6360 24.3785 2.5383
566 67.6906 2.1426 -7.8625 1.2425 16.7524 2.3555 1.9651 3.3593 -5.8248 4.4350 66.4842 2.5098 -6.8444 1.7905 52.4043 2.5356 15.5684 2.4408 23.2158 2.4785
567 69.0462 2.4122 -7.6167 1.3276 15.4199 2.4224 2.1291 3.3530 -5.4194 4.3518 65.4820 2.4152 -7.2335 1.9172 52.8886 2.5658 16.6611 2.6390 22.1126 2.4081
568 70.3080 2.3708 -6.9606 1.6850 13.9262 2.4994 1.9079 3.4085 -5.1284 4.3071 64.6574 2.4965 -7.1127 1.6302 53.0465 2.6428 17.7323 2.5954 20.9407 2.4118
569 71.4391 2.4972 -6.3963 1.7890 12.6576 2.4920 2.1152 3.2891 -4.4139 4.6274 63.0829 2.4648 -7.3394 1.4083 53.2531 2.4826 18.8271 2.7510 19.9233 2.5584
570 72.6848 2.6123 -6.5431 2.2126 11.5766 2.2409 2.3216 3.1010 -3.4966 4.5093 62.0308 2.5949 -7.3824 1.2374 52.9514 2.4897 19.8474 2.5500 18.9097 2.5253
571 73.6702 2.4084 -5.9509 2.6777 9.9451 2.1624 2.6708 3.2127 -2.7303 4.6509 60.9635 2.3709 -7.6012 0.7798 52.8279 2.6093 20.9834 2.5182 17.6601 2.5886
572 75.2704 2.4171 -5.8562 2.8899 8.5428 2.0078 2.9523 3.0868 -1.9135 4.6142 60.1749 2.3588 -7.3251 0.3354 52.5466 2.6411 21.4962 2.4943 16.3959 2.5198
573 76.4043 2.4982 -6.4184 3.0258 7.2195 2.1494 2.8878 3.0809 -1.6184 4.5058 59.3568 2.3362 -7.1646 0.3519 52.3356 2.5950 21.8537 2.5550 15.0100 2.6090
574 78.0276 2.3612 -6.1237 2.9685 6.4294 1.9133 3.2730 3.0495 -0.4903 4.5371 58.6718 2.4122 -7.3032 0.1585 52.0215 2.5156 22.5560 2.4734 13.4181 2.7615
575 79.1815 2.5390 -6.0642 3.1453 5.2210 2.0982 3.6350 3.0170 0.4056 4.2892 58.3207 2.4195 -7.3748 0.3988 51.7357 2.6109 23.2012 2.5656 12.3424 2.3970
576 80.3635 2.6967 -5.6151 2.9452 4.4576 2.1999 4.2086 3.0780 1.8014 4.2752 57.9778 2.5196 -7.4835 0.4641 51.1832 2.4848 23.6989 2.5149 10.9238 2.3921
577 81.4004 2.5704 -5.8124 2.9568 3.4795 2.1525 4.9866 2.9284 2.9355 4.0448 57.7230 2.6051 -7.5011 0.5495 50.5965 2.5058 23.9213 2.5095 10.0186 2.4326
578 83.0352 2.4258 -6.2046 2.8482 2.3468 2.5308 5.2924 3.1726 3.8040 4.1028 57.4100 2.4726 -7.6637 0.3669 49.7068 2.5570 23.9059 2.4460 8.7585 2.1223
579 83.8899 2.4485 -6.1771 2.9610 1.4013 2.7929 5.6505 3.0823 4.6186 4.0920 56.9182 2.4870 -7.3309 0.8412 48.6518 2.4376 24.1914 2.4961 7.3725 1.8109
580 85.1210 2.5444 -5.9007 2.7157 0.7047 2.6139 5.8162 3.0503 5.8194 3.7521 56.7719 2.5673 -7.4518 0.9664 47.3580 2.4020 23.9309 2.5043 5.9306 1.7398
581 85.8142 2.5752 -6.2109 2.7420 0.0156 2.7983 6.4830 2.9094 6.9412 3.4607 57.0487 2.4597 -7.5158 1.0425 46.5042 2.5382 24.0426 2.5686 4.9814 1.2543
582 86.5877 2.3382 -6.5223 2.9360 -0.6649 2.8920 7.0389 2.7650 8.3275 3.0608 57.1253 2.4321 -7.4038 0.8794 45.1717 2.7176 23.9389 2.5304 4.1243 1.3705
583 87.3386 2.4258 -6.9045 3.2653 -1.4049 3.2573 7.0886 2.8289 9.5050 2.7263 57.3319 2.6753 -7.1217 1.4166 43.6498 2.4781 23.5893 2.3621 3.5856 1.2252
584 88.6512 2.5585 -7.4721 3.6349 -2.2226 3.6374 7.0886 2.8220 10.6601 2.7924 57.8750 2.5101 -6.9626 1.0663 42.4953 2.3352 23.0560 2.4197 2.7649 0.8074
585 89.0373 2.5491 -7.9859 3.0957 -2.8933 3.9815 7.2705 2.5806 11.7036 2.4747 57.9372 2.5240 -7.1037 1.0229 41.7168 2.3994 22.2675 2.5683 1.4836 0.8001
586 90.0379 2.4764 -7.9412 2.7578 -3.4849 3.9846 7.7845 2.5019 12.5024 2.6968 58.4715 2.4583 -6.9738 1.0567 40.6533 2.6767 21.0992 2.5673 0.7294 0.6327
587 90.3582 2.4833 -8.1404 2.4557 -4.0681 4.2444 7.7746 2.5934 14.2810 2.6790 59.0010 2.4753 -7.1148 1.4279 39.2686 2.4267 20.5084 2.7051 0.3081 0.6502
588 90.8677 2.3779 -8.4425 2.0973 -4.8997 4.0084 7.8933 2.5656 15.5642 2.6213 59.7012 2.4486 -7.2455 1.7209 38.2187 2.3922 19.7267 2.5132 0.0060 0.5527
589 91.3103 2.4992 -8.6530 2.0071 -5.5485 4.1556 7.7745 2.6217 17.0175 2.4563 60.3544 2.3682 -7.0810 1.8366 37.2218 2.4158 18.3727 2.4575 -0.3657 0.6318
590 91.8171 2.3816 -8.7401 1.8276 -6.0439 4.4433 7.4456 2.7027 18.7366 2.4584 61.2314 2.4768 -7.3887 1.9214 36.1912 2.5103 17.4568 2.5642 -0.5231 0.8571
591 92.1036 2.4902 -8.6794 1.8113 -6.4690 4.2017 7.3367 2.8882 20.2601 2.4695 61.5112 2.4395 -7.4861 2.4630 34.5480 2.5039 16.6065 2.6338 -0.6347 1.1847
592 92.3829 2.5403 -8.7605 1.6936 -6.3835 4.2234 7.2910 3.3163 21.4232 2.4394 62.5422 2.5017 -7.2829 2.7736 33.0394 2.5253 15.1181 2.6917 -0.3427 1.1334
593 92.3668 2.5310 -8.8776 1.5256 -6.2685 4.6643 6.9418 3.3438 22.8332 2.2478 63.3879 2.5253 -7.4474 2.8942 32.1002 2.5655 14.2739 2.5387 -0.0434 1.4711
594 92.1911 2.6027 -8.8372 1.0553 -6.3170 4.6761 6.3236 3.2969 23.9073 2.4754 63.6612 2.6396 -7.0037 3.0075 31.2480 2.4821 13.2772 2.5371 0.1250 1.4637
595 91.7273 2.5510 -8.9950 0.5813 -6.5263 4.6529 5.7173 3.4052 25.0704 2.5403 64.0195 2.4660 -7.1762 3.3738 30.3991 2.5139 12.5397 2.6109 0.1085 1.3031
596 91.6378 2.5342 -9.0015 0.0380 -6.4263 4.6439 4.7507 3.5056 26.0502 2.6344 64.6115 2.5455 -7.5067 3.1656 28.9312 2.4306 11.3384 2.4380 0.3697 1.3269
597 91.3583 2.6530 -9.5814 0.0763 -6.2706 4.8619 3.9713 3.6208 27.3352 2.6305 65.0026 2.5064 -7.5644 3.4522 28.0578 2.2764 10.5908 2.6266 0.5857 1.4572
598 90.8121 2.5577 -9.7494 0.1316 -6.1598 4.7942 3.0987 3.7785 28.2934 2.4294 64.9513 2.4807 -7.9667 4.1253 26.9150 2.4810 9.6853 2.5938 0.9942 1.4985
599 90.1533 2.5161 -9.4979 0.2528 -5.7758 4.7536 1.9137 3.8160 29.7382 2.5670 64.9391 2.5683 -7.9832 4.0006 26.1750 2.4712 9.4546 2.4751 1.5345 1.7978
600 89.5303 2.5148 -9.7203 0.6665 -5.6292 4.8415 1.1300 4.1719 30.8956 2.5405 64.8784 2.6045 -8.3224 4.1172 25.3025 2.5365 9.2143 2.5095 2.2258 1.5196
601 88.9786 2.5715 -9.7922 0.7917 -6.0345 4.9296 0.2086 4.1905 32.1143 2.3674 64.3010 2.5114 -9.0201 4.1591 24.3739 2.5303 9.0570 2.5125 3.0526 1.6297
602 87.5835 2.4097 -10.2559 1.0775 -6.2186 4.9935 -0.4073 4.5298 33.6098 2.6269 64.0037 2.4498 -9.2217 4.1992 23.8267 2.3921 8.4583 2.4865 3.9673 1.9016
603 86.2576 2.4167 -10.3927 1.3364 -6.8279 5.3988 -1.0990 4.4588 35.2684 2.4180 63.5465 2.4454 -9.4423 3.9716 23.6071 2.3927 8.1876 2.4792 5.0139 1.6186
604 84.8417 2.4816 -10.3269 1.3801 -6.9034 5.2542 -1.9924 4.4094 36.8837 2.5261 62.8927 2.3958 -9.6338 3.7767 23.2134 2.4751 7.8944 2.5335 6.0285 1.7463
605 83.5720 2.3860 -9.7744 1.4698 -7.1483 5.0876 -2.4676 4.7614 38.4119 2.4745 62.5114 2.5620 -9.8444 3.4524 23.3937 2.3838 8.0238 2.4749 7.0719 1.9414
606 82.6047 2.4975 -9.7352 1.2484 -7.5158 4.9326 -3.0054 4.8509 39.9885 2.4863 61.5290 2.4046 -10.1184 3.2695 23.4225 2.5055 8.0448 2.6034 8.3207 2.2236
607 81.3014 2.4229 -9.7889 1.4282 -7.8086 4.9475 -3.6792 4.8713 41.3506 2.3848 60.7699 2.4397 -10.7405 3.3655 23.0429 2.4741 8.7272 2.5878 9.9920 2.4054
608 80.1268 2.5491 -9.3802 2.0469 -8.1759 4.8588 -3.7012 4.7415 42.9051 2.6019 59.7279 2.5978 -10.8155 2.9377 22.9627 2.6247 9.1283 2.4575 11.5030 2.3221
609 78.8283 2.5059 -9.4590 2.5841 -8.0883 4.4716 -4.0878 4.5197 44.4249 2.3286 58.6186 2.4251 -10.5989 2.6238 23.0147 2.5499 9.5214 2.5086 12.8114 2.5475
610 77.5152 2.5800 -9.4500 3.0414 -8.2536 4.3465 -4.2464 4.4807 45.8976 2.5513 57.2296 2.4765 -10.6870 2.5450 23.5756 2.5891 9.7893 2.4199 13.9633 2.5382
611 76.4502 2.4600 -8.8291 3.0709 -7.9084 3.8895 -4.8397 4.5473 46.9936 2.5570 56.2120 2.4994 -10.5624 2.4937 23.8535 2.4984 10.0132 2.5088 14.8540 2.3658
612 75.4326 2.3473 -8.6498 3.3403 -7.7607 3.4599 -4.9237 4.5890 48.1972 2.4980 55.3309 2.5145 -10.3024 2.0757 24.3855 2.6397 10.7974 2.5676 15.5456 2.4510
613 74.2512 2.5909 -8.1523 3.7832 -7.3996 3.2356 -5.0789 4.0594 49.3529 2.4314 54.5012 2.5282 -9.7502 1.8244 25.1132 2.5254 11.2760 2.5953 16.2297 2.3902
614 73.1871 2.4632 -8.0437 4.2119 -7.4286 3.2385 -5.2694 4.1833 50.6127 2.4001 54.0323 2.5887 -9.7415 1.5828 25.8399 2.5952 12.1147 2.6344 17.0270 2.4902
615 72.1714 2.5335 -7.6225 4.3298 -7.3654 3.2025 -5.5061 4.1593 51.6188 2.5050 53.2465 2.7066 -9.4329 1.1327 26.9860 2.6201 12.3385 2.4959 17.4148 2.4604
616 70.9231 2.4450 -7.4786 4.5402 -7.0082 3.4183 -5.2825 3.7206 52.6038 2.4717 52.1370 2.5887 -9.1409 1.2958 28.3942 2.5761 12.8006 2.4985 18.0872 2.5695
617 69.4981 2.3268 -7.2116 4.4951 -6.9878 3.5766 -5.3995 3.6999 53.7113 2.4601 51.2663 2.5141 -9.0116 1.5216 29.4113 2.6842 12.8396 2.4590 18.0555 2.5733
618 68.3196 2.4135 -6.8643 4.8629 -6.7696 3.5113 -5.4239 3.2876 55.6614 2.4348 50.6174 2.4605 -8.5992 1.3032 30.4227 2.4389 13.1243 2.5649 17.9901 2.5797
619 66.6713 2.4646 -6.8531 5.3374 -6.5920 3.9837 -5.6710 2.9358 56.7252 2.7593 50.4305 2.6137 -8.6472 1.6725 31.4366 2.2881 13.0305 2.5267 18.1926 2.4330
620 65.0670 2.1505 -6.5100 5.3178 -6.7648 3.8866 -5.4202 2.8162 57.9744 2.6055 50.0056 2.5334 -8.3873 2.3156 32.7103 2.5642 13.6737 2.5887 18.1684 2.5172
621 63.7254 2.2716 -6.4590 5.3735 -6.4108 4.1805 -5.5150 2.6519 59.3192 2.6141 49.9116 2.4989 -8.4004 2.0773 33.8656 2.5213 13.0467 2.5749 17.9464 2.4678
622 62.4557 2.3270 -6.3354 5.3329 -6.5676 3.8686 -5.3815 2.7525 60.6790 2.4636 49.8608 2.5037 -8.8208 1.3975 35.4214 2.7712 12.8882 2.4728 17.5906 2.4209
623 61.4631 2.5271 -6.1652 5.3473 -6.4909 3.9132 -5.4912 2.6616 62.4249 2.4970 50.0403 2.5263 -9.0485 1.3852 36.7552 2.5295 12.6362 2.4599 17.5387 2.5410
624 60.6033 2.3357 -6.1031 5.2646 -6.4295 3.6079 -5.6104 2.6275 63.8814 2.5271 49.8970 2.5322 -9.1890 1.7058 37.9703 2.5876 12.1666 2.4401 17.1761 2.4702
625 59.4653 2.5621 -5.4738 4.9636 -6.6812 3.3415 -5.4926 2.6024 64.8161 2.2611 49.5158 2.4994 -9.3207 1.8496 39.2478 2.5132 11.5921 2.2389 16.4188 2.4611
626 58.1173 2.6899 -5.1843 4.8748 -7.3021 3.0692 -5.5290 2.2628 65.8677 2.4817 49.9279 2.4584 -9.3912 1.7042 40.1473 2.5696 10.6175 2.0653 15.7212 2.3844
627 56.9309 2.4624 -4.7407 4.7339 -7.6748 2.9089 -5.7165 2.5040 66.9352 2.5890 50.6823 2.4169 -9.5073 1.1298 41.0797 2.6559 9.9734 2.0924 15.1520 2.4382
628 55.6820 2.3762 -4.6903 4.5446 -7.6897 2.6480 -5.7600 2.2078 67.8511 2.6635 51.0586 2.4199 -9.8093 1.1253 42.5746 2.5183 9.0644 1.9991 14.3173 2.5020
629 54.1526 2.3407 -4.8040 4.4223 -7.7233 2.7548 -5.2744 1.5639 68.9682 2.6143 51.5349 2.5595 -10.4205 1.0638 44.1367 2.4734 8.2101 1.8162 13.4389 2.3129
630 52.8410 2.4429 -5.0430 4.2881 -7.7834 2.8151 -5.5051 0.9664 69.2533 2.5424 52.5089 2.4880 -10.7816 0.8310 45.6950 2.6326 7.0650 1.6457 12.2706 2.1838
631 51.8448 2.4334 -4.9048 4.7654 -7.9431 2.7446 -5.5146 0.5301 69.5759 2.5570 53.6919 2.4167 -10.7116 0.5670 46.9456 2.5717 6.2803 1.8816 11.0733 2.2507
632 50.7585 2.3330 -4.8056 4.6605 -8.4141 2.5008 -5.7425 0.3128 69.9041 2.6012 54.7576 2.3021 -10.8350 0.5980 47.8186 2.6372 5.5904 1.4131 9.4379 2.2302
633 49.6076 2.2653 -4.7792 4.4906 -8.7276 2.1796 -5.8824 0.0003 70.2664 2.6405 55.7744 2.6141 -10.8233 0.6332 48.6735 2.5646 4.7127 1.1089 8.3653 2.1228
634 47.8918 2.5525 -4.8116 4.4738 -8.3779 1.6177 -5.8325 -0.3986 70.1577 2.4296 57.2882 2.5073 -10.6473 0.8345 49.6609 2.5798 3.6688 1.1193 7.0758 1.9755
635 46.6651 2.2793 -4.7544 4.1938 -8.6672 1.2964 -5.9738 -0.5932 70.2351 2.5650 58.6550 2.6688 -10.7090 0.8607 50.6625 2.4917 2.9005 1.0516 6.3462 1.9395
636 45.3812 2.4474 -4.7278 4.1380 -8.3695 1.2321 -6.4273 -0.2406 70.2155 2.4798 60.1245 2.6085 -10.9268 1.4750 51.2508 2.4522 1.9263 0.8744 5.3560 2.0008
637 44.1212 2.3812 -4.5300 4.2305 -7.9782 1.2624 -6.7062 -0.0242 69.7130 2.5308 61.2872 2.4541 -10.8008 1.7960 51.8157 2.5093 1.0265 0.8364 4.6283 1.9288
638 42.6749 2.4304 -4.6172 3.9086 -7.9641 1.0268 -6.9529 -0.4480 69.1871 2.4252 62.4792 2.4086 -10.0075 2.0121 52.0844 2.5379 0.2202 1.1413 4.3034 1.8316
639 41.1796 2.5414 -4.4032 3.6189 -7.7422 1.2173 -7.0002 -0.3078 68.8941 2.4893 63.5662 2.5059 -9.7162 2.5832 52.4087 2.5300 -0.7509 1.0436 3.4965 1.8026
640 39.8414 2.5045 -4.5183 3.4663 -7.9101 1.1764 -7.3989 -0.2916 68.4511 2.4290 64.9643 2.7736 -9.5871 2.5785 52.6698 2.4661 -1.3877 1.1409 2.8554 1.6438
641 38.3650 2.5836 -4.4579 2.9986 -8.3274 1.4070 -7.5744 -0.2838 68.2765 2.4816 66.6170 2.5190 -9.1703 2.8488 52.6213 2.5022 -2.0209 1.4801 2.3922 1.7490
642 37.1874 2.6089 -4.6886 2.5772 -8.2763 1.2298 -7.4491 0.2602 67.4036 2.5195 67.7683 2.4504 -8.6268 2.8830 52.6384 2.4863 -2.5623 1.7052 2.0131 1.7918
643 36.1200 2.4089 -4.7725 2.2423 -8.0660 1.4569 -7.6270 0.3428 66.7113 2.5054 69.3318 2.3559 -7.9715 3.2270 52.5728 2.4613 -2.9154 1.9804 1.6260 1.7236
644 34.9238 2.6239 -4.5500 2.0669 -7.7964 1.5731 -7.7091 0.4257 65.6808 2.5281 70.6700 2.4669 -7.4025 3.6359 52.7738 2.5426 -3.6015 2.3509 1.5526 1.7923
645 33.9820 2.3965 -4.9058 1.9792 -7.9841 1.5092 -7.8043 0.2867 64.8884 2.4255 72.1600 2.4137 -7.2571 3.5384 52.5701 2.4502 -3.7631 2.4831 1.6354 1.7707
646 33.1738 2.5875 -4.6627 2.2902 -8.0314 0.9935 -7.8917 0.5535 63.5610 2.5326 73.3398 2.5371 -6.9482 3.2447 52.7909 2.4988 -4.4417 2.5865 1.6469 1.9162
647 32.7507 2.6300 -4.6557 2.1140 -8.0275 0.7331 -7.6982 0.6401 62.3453 2.3835 74.8122 2.3753 -6.4733 2.9937 52.6748 2.5302 -4.5670 2.5333 1.8385 1.8074
648 31.6824 2.3734 -4.4461 2.1333 -8.2529 0.8765 -7.5739 0.4166 60.6056 2.4413 75.8415 2.6163 -6.3513 2.5913 52.1204 2.5628 -4.7394 2.4981 2.2867 1.8224
649 30.9698 2.4422 -4.4939 2.1635 -8.1968 0.5496 -7.5630 0.6346 59.4240 2.5804 77.0431 2.5893 -5.8845 2.1571 51.9572 2.4805 -5.0305 2.3993 2.4840 1.9029
650 30.1056 2.4836 -4.6505 2.2595 -7.9338 0.2970 -7.3975 0.0989 58.4751 2.4991 78.0732 2.4629 -6.0423 1.9354 51.2221 2.5012 -5.5963 2.9135 2.8728 1.5974
651 29.8131 2.4859 -4.7439 2.2347 -7.8699 0.1986 -7.2788 -0.2027 57.2365 2.4697 79.0667 2.3758 -6.1717 1.5372 50.3979 2.3769 -5.5924 3.4272 3.5856 1.6844
652 29.6805 2.5493 -4.5075 3.0224 -7.9863 -0.0714 -7.5669 -0.1011 56.3330 2.4935 80.4905 2.2813 -6.4010 1.5150 49.2034 2.4029 -5.5112 3.8632 4.4545 1.7689
653 29.1556 2.5823 -4.6171 3.4204 -7.6598 0.1100 -7.8025 -0.2544 55.9893 2.3613 81.7789 2.5563 -6.3853 1.3945 48.1113 2.4473 -6.0156 3.8794 5.0294 1.9015
654 29.3137 2.4825 -4.2303 3.4175 -7.0834 0.1327 -8.0067 -0.3305 55.4990 2.4667 82.9435 2.3418 -6.4463 0.8545 47.1579 2.7200 -6.5608 4.0835 5.7510 1.9733
655 29.4556 2.4621 -4.5618 3.7233 -7.1428 0.1353 -8.4511 -0.0186 55.4479 2.5167 84.1069 2.5535 -6.2283 0.5074 45.9360 2.4985 -6.7383 4.1938 6.3097 1.9057
656 29.4342 2.4297 -4.2866 3.7263 -6.6744 -0.0535 -8.7044 -0.0294 54.5170 2.4082 84.9808 2.6441 -6.3430 0.4436 44.4974 2.4792 -7.3608 4.8000 6.7009 1.8325
657 29.5185 2.4219 -4.4103 4.3512 -6.6754 -0.3627 -8.9299 0.1541 54.5916 2.5513 86.6687 2.6261 -6.1643 0.5846 42.9836 2.3630 -7.8151 4.5055 7.5227 1.9307
658 30.1000 2.3701 -4.7109 4.3082 -6.2443 -0.0565 -9.3316 0.3778 54.5597 2.4753 88.1016 2.2600 -6.3650 0.6491 41.6802 2.3932 -8.0108 4.4918 8.1386 2.0388
659 30.7985 2.5003 -4.8555 4.6958 -6.2106 0.2135 -9.5131 0.3213 54.3361 2.4967 88.9221 2.2496 -7.0086 0.7481 40.5946 2.4990 -8.4785 3.9811 8.3074 1.7915
660 30.9709 2.5501 -4.6502 4.4792 -5.7572 0.2249 -9.8081 0.4041 54.0970 2.4617 90.3181 2.2933 -7.0844 0.4456 39.0969 2.3261 -8.3345 3.8193 8.9073 2.2113
661 31.5581 2.5584 -4.6363 4.6643 -5.4751 0.2719 -10.1752 0.4752 54.1362 2.4810 91.6489 2.5014 -7.2242 0.1416 37.6732 2.3528 -8.4394 3.7678 8.9588 2.3376
662 32.5322 2.4369 -4.7593 4.2349 -5.2359 0.5519 -9.7538 0.4307 54.2384 2.5435 92.4959 2.5677 -7.6433 0.1045 36.4712 2.3782 -8.5908 3.8099 8.9820 2.2950
663 33.1365 2.4949 -5.0914 4.0383 -4.8977 0.6914 -9.7600 0.7498 54.5759 2.5372 93.4357 2.5355 -7.9735 0.2453 35.1518 2.4904 -8.7837 3.6079 9.0683 2.4304
664 33.8735 2.5648 -5.7134 4.2809 -4.6904 0.8583 -9.5796 0.8805 55.3308 2.5275 93.9568 2.5115 -8.4073 0.2610 33.5487 2.4060 -8.7864 3.2615 9.3160 2.5074
665 35.1671 2.6240 -5.8876 4.3404 -4.4599 0.9376 -9.4941 1.2159 55.5103 2.5068 94.6233 2.4824 -9.2259 0.2374 32.0119 2.5458 -8.6655 3.3184 9.3260 2.4824
666 36.3642 2.5608 -6.2036 4.4419 -4.3561 0.7627 -9.5178 1.5391 56.3283 2.4664 95.1595 2.5667 -9.4668 0.4913 30.5281 2.5384 -8.4881 3.0105 9.2961 2.5176
667 37.5182 2.3789 -6.5698 4.3421 -4.3663 1.0474 -9.9418 1.9198 57.2651 2.4736 95.8273 2.6050 -9.7257 0.7401 29.1278 2.3408 -8.2986 2.7719 9.6587 2.4656
668 38.4525 2.3565 -6.7205 3.8868 -4.5246 0.8997 -9.9529 2.0036 58.1160 2.5030 95.9690 2.5022 -9.9799 0.7914 27.7119 2.6182 -7.9155 2.8367 9.8034 2.5167
669 39.7090 2.3489 -6.6961 3.4832 -4.5247 1.0589 -9.7838 1.5448 58.9672 2.3698 96.3624 2.5080 -9.8852 1.0889 26.1422 2.4647 -7.9340 2.7292 10.0594 2.5394
670 41.0485 2.4642 -7.2147 3.6016 -4.7337 1.0931 -9.8788 1.5701 60.2378 2.5058 96.3001 2.3952 -9.8052 1.5181 24.7281 2.5631 -7.7590 2.5560 10.2260 2.4669
671 42.5836 2.4978 -7.3151 3.3343 -4.4177 1.3696 -9.9202 1.0006 61.0816 2.4767 96.0405 2.5652 -9.9122 1.9547 23.7269 2.4920 -7.4172 2.2976 10.4929 2.4373
672 43.7418 2.2915 -7.2866 3.0824 -4.3662 1.6405 -10.0694 1.0198 62.1430 2.4303 96.1853 2.5568 -10.1515 2.1264 22.5136 2.5399 -7.2243 2.4065 10.5668 2.5339
673 44.4570 2.4943 -7.4505 2.4540 -4.2792 1.6102 -10.1763 0.7996 63.2962 2.6066 95.9069 2.4657 -9.9953 2.4835 21.4275 2.5585 -7.1180 2.6626 10.1882 2.5249
674 45.2655 2.5968 -7.9423 2.3636 -4.5632 1.6985 -9.9007 0.7039 64.5393 2.3165 95.8228 2.5148 -9.6072 2.5253 20.3697 2.6536 -7.5003 2.8142 9.9804 2.5167
675 46.6023 2.4247 -7.9228 2.4707 -4.5435 1.3313 -9.9485 0.7254 65.7577 2.5143 95.9278 2.5131 -9.3709 2.8488 19.3354 2.3583 -7.0792 2.4297 9.8756 2.5244
676 47.2364 2.5038 -8.4100 2.1826 -4.1955 1.1774 -9.5887 0.5704 66.7746 2.3965 95.6609 2.4114 -8.9780 2.3126 18.8132 2.4765 -6.8844 2.8274 9.6330 2.5503
677 47.9034 2.5249 -8.7985 2.1343 -4.4298 0.8539 -9.5632 0.4862 67.9856 2.6336 95.4352 2.5825 -8.3313 2.2319 18.0927 2.6035 -6.4506 2.6593 9.6277 2.5038
678 48.3564 2.5252 -8.2615 1.9011 -4.6478 0.6252 -9.6436 0.6093 69.4346 2.5410 94.7812 2.4380 -8.1679 1.9905 17.6564 2.5270 -6.0536 2.6045 9.5677 2.4535
679 48.6438 2.4059 -8.4810 1.7120 -4.9279 0.2512 -9.5611 1.0954 70.9752 2.5226 93.6464 2.3607 -7.6119 1.8314 17.3164 2.3377 -6.0069 2.4839 10.0099 2.4009
680 48.9084 2.5321 -8.1316 1.7447 -4.8068 0.0776 -9.3838 0.8846 71.9808 2.4593 93.0545 2.4578 -7.5349 1.6378 16.8351 2.4944 -6.0532 3.0041 9.8393 2.4513
681 49.1407 2.4149 -7.7327 1.8852 -4.7714 0.0933 -9.5075 0.9966 73.5506 2.4706 92.2376 2.4801 -7.5631 1.4734 16.1146 2.5172 -6.3058 3.3534 10.2525 2.4394
682 49.0488 2.5363 -7.3425 1.9461 -4.4842 0.0753 -9.1860 0.6391 75.4491 2.5229 91.0090 2.3464 -7.6092 1.4935 16.2067 2.4604 -6.3913 3.3456 10.6631 2.4158
683 48.3704 2.5898 -7.3399 1.9948 -4.4507 0.3618 -9.2863 0.5265 76.8249 2.4020 89.4691 2.5775 -7.4099 1.3819 15.8516 2.4602 -6.4201 3.7958 10.8937 2.5254
684 48.2500 2.3946 -6.9691 2.0838 -4.6386 0.6007 -8.8305 0.7627 77.9843 2.4334 88.3263 2.4873 -7.6745 1.2279 16.3486 2.4203 -6.5592 3.8992 11.3721 2.4782
685 47.6979 2.4791 -6.4714 2.0534 -4.7528 0.7362 -8.4562 0.8958 79.3959 2.6256 87.0118 2.3157 -7.8150 1.4666 16.7993 2.3808 -6.5336 4.0453 11.9414 2.4224
686 47.1777 2.5435 -5.9608 1.9422 -4.7292 1.1623 -8.3235 1.1272 80.7611 2.5269 85.4997 2.4972 -8.1956 1.5812 16.7337 2.4939 -6.7183 3.9781 12.5931 2.5463
687 46.7313 2.3934 -5.5481 1.9456 -4.2808 1.7107 -8.3118 1.0964 81.6867 2.3821 84.1911 2.4535 -8.3072 1.6440 16.7932 2.5905 -6.6662 4.1383 12.7852 2.4317
688 46.2280 2.5692 -4.9641 1.9882 -4.4009 2.1338 -7.7033 1.4250 83.1569 2.5295 82.4247 2.7437 -8.1204 1.9084 17.2439 2.4681 -6.6529 4.1043 13.4528 2.3423
689 45.3460 2.6056 -4.0714 1.8978 -4.4629 2.3078 -7.7197 1.1220 84.2235 2.6491 80.8795 2.5011 -8.0006 1.5359 18.1429 2.4288 -7.2459 3.9008 13.7095 2.5020
690 44.6451 2.4109 -3.3463 1.6987 -4.4995 2.8875 -7.4498 1.0746 85.0172 2.4320 79.5620 2.3532 -7.4904 1.2973 18.9520 2.5430 -7.1443 3.9808 13.9490 2.4449
691 43.9310 2.4474 -2.7977 1.5486 -4.7249 3.1670 -7.1751 0.7998 85.9006 2.3513 78.3732 2.5780 -6.9546 1.3136 20.1115 2.6434 -7.0787 4.2503 14.0116 2.4776
692 42.8569 2.4428 -2.1069 1.5268 -4.8588 3.1627 -6.8533 0.8380 86.5113 2.4328 76.9552 2.2997 -6.5813 1.2971 21.4378 2.5664 -6.8566 4.0016 13.6767 2.4865
693 42.2157 2.4400 -1.7415 1.4207 -4.8230 3.1049 -6.5969 0.8354 87.3613 2.3237 75.3347 2.7319 -6.6496 1.4865 23.0556 2.4738 -7.1570 3.5929 13.8250 2.5461
694 40.9996 2.6025 -0.9849 1.3730 -5.1614 3.1040 -6.0270 0.8527 88.0993 2.4117 73.7961 2.4445 -6.0649 1.4714 24.5617 2.3608 -6.8677 3.1302 13.7246 2.5032
695 39.3640 2.2928 -0.6720 1.7763 -5.3239 3.4795 -5.7530 0.9331 88.3460 2.5954 72.0465 2.4052 -5.7338 1.2815 25.6387 2.4398 -6.9828 3.1342 13.0310 2.4245
696 37.9672 2.4764 -0.0125 1.8862 -5.4779 3.6083 -5.3655 0.9294 88.9939 2.4913 70.7098 2.5741 -5.2550 1.2451 26.9583 2.5558 -7.2435 3.0996 12.5249 2.4409
697 36.5883 2.5691 0.3023 2.1645 -5.8988 3.8558 -5.0006 0.9301 88.9078 2.5855 69.3193 2.6564 -4.7719 1.0951 28.0411 2.6253 -7.2620 2.9640 11.9396 2.5416
698 35.6042 2.4458 0.5903 2.4343 -6.0812 4.2758 -5.0207 1.0369 88.8660 2.5277 67.9765 2.4384 -4.6398 1.2386 29.6284 2.5970 -7.4355 2.6316 11.1449 2.7043
699 34.0856 2.3342 0.9304 2.7217 -6.2922 4.3382 -5.2501 0.9898 88.7359 2.5431 66.5496 2.3694 -4.4945 1.4595 30.9922 2.4877 -7.6364 2.3108 10.4304 2.8577
700 32.9171 2.4929 1.1364 2.9679 -6.1296 4.4470 -5.3455 0.7882 88.7460 2.5628 65.9055 2.5696 -4.3951 1.3951 32.2523 2.3774 -7.6407 2.4911 9.5317 2.9529
701 31.3502 2.5058 0.8855 2.8112 -6.3868 4.5005 -5.3293 1.0773 88.6017 2.5354 64.4158 2.5398 -4.4886 1.9187 33.4731 2.3916 -7.3517 2.3662 8.6665 3.1788
702 29.6197 2.6239 0.6216 2.9943 -7.2211 4.5058 -5.7296 1.5837 88.1168 2.4312 62.8573 2.3982 -4.5566 2.3694 34.5454 2.5819 -7.0756 2.4353 7.5519 3.0210
703 28.1361 2.4464 0.3733 3.2810 -7.4869 4.2716 -6.2199 1.4613 87.5426 2.5865 61.6999 2.4626 -4.5297 2.7451 35.9380 2.6182 -6.7310 2.5915 6.5100 3.1284
704 26.4973 2.5172 0.1716 3.1530 -7.5906 4.0932 -6.3731 1.5484 87.0618 2.5635 60.8018 2.3834 -4.6236 2.7549 37.8850 2.5425 -6.7962 2.4925 5.3882 3.1563
705 25.3539 2.3258 0.1515 3.0702 -8.0332 4.2047 -6.7728 1.2871 86.6191 2.6129 59.5776 2.3229 -4.6510 3.2474 39.3218 2.4612 -6.8946 2.3326 4.4074 3.3318
706 24.1648 2.4916 -0.0696 2.9502 -8.4002 4.1260 -7.0320 1.6962 85.7846 2.5331 57.9733 2.4767 -4.8743 3.2339 40.6468 2.5813 -6.7384 2.1879 3.3810 3.3020
707 22.9924 2.5666 -0.3085 2.4602 -8.5005 3.9835 -7.3857 1.5713 85.0387 2.3415 56.3853 2.4220 -4.8180 3.4529 41.8569 2.4980 -6.1630 2.3112 2.0301 2.8771
708 21.6374 2.4805 -0.4369 2.0382 -8.6557 3.5797 -7.4262 1.7085 84.1861 2.3238 54.9436 2.4807 -5.2222 3.5712 43.0257 2.4905 -6.5288 2.4276 1.0448 2.7693
709 20.5726 2.6138 -1.0471 1.7218 -9.0608 2.9722 -7.8436 1.5622 83.0988 2.6242 53.4457 2.5386 -5.7227 3.3794 43.9777 2.4755 -6.5909 2.1931 0.1785 2.5468
710 19.1182 2.4569 -1.3962 1.2449 -9.2504 2.4357 -7.9244 1.9016 82.1020 2.5788 52.2016 2.5548 -5.8387 3.6942 45.2939 2.2929 -6.6720 1.8909 -0.4286 2.3756
711 17.9654 2.5795 -1.8161 0.7728 -9.3671 2.1709 -8.2970 1.8664 80.9186 2.5287 51.3994 2.2827 -6.6841 3.5373 46.5153 2.5131 -6.2859 1.3697 -1.1995 2.0553
712 17.0098 2.5175 -2.3272 0.5508 -9.1152 1.7565 -8.6662 1.6708 79.9946 2.5061 49.9556 2.2800 -7.2096 3.6702 48.1009 2.3185 -6.1487 1.9025 -2.2884 1.7582
713 15.5315 2.5820 -2.6511 0.7775 -8.8547 1.5431 -8.9609 1.5286 78.5799 2.3741 49.0704 2.5828 -7.4919 3.7641 49.2614 2.6104 -6.3670 2.0476 -3.2098 1.2798
714 14.1747 2.5626 -2.4894 0.8229 -8.8514 1.2991 -9.1029 1.3557 77.6170 2.4703 47.7596 2.4721 -8.0360 4.0756 50.7030 2.5124 -6.1057 1.9957 -4.2908 1.4524
715 13.2315 2.2588 -2.7041 0.7101 -8.9061 0.9848 -8.9824 1.0867 76.5465 2.6422 46.5169 2.5686 -8.4132 4.3543 52.0574 2.6908 -6.1406 2.3319 -5.2724 1.3509
716 12.1326 2.1528 -3.6237 0.5237 -8.4001 0.7174 -9.1973 0.6516 75.7806 2.6166 45.7260 2.6331 -8.8380 4.3869 53.4131 2.6733 -6.5646 2.4055 -5.8233 1.6669
717 11.0686 2.0783 -4.4103 0.5186 -8.5502 0.6261 -9.2184 0.8098 74.7614 2.4639 45.0413 2.5361 -9.1493 4.1866 54.5997 2.5261 -6.4314 2.3938 -6.3383 1.7192
718 9.9758 2.0858 -5.0142 0.6777 -8.9615 0.5163 -9.2056 0.5452 74.2635 2.5500 44.2847 2.5660 -9.3673 4.2376 56.0195 2.3506 -6.4640 2.2993 -6.7929 1.8331
719 8.4356 1.5177 -5.9564 0.7516 -8.9853 0.3119 -9.2078 0.6295 73.7931 2.4727 43.5871 2.4814 -9.7394 4.0158 57.3173 2.2643 -6.4331 2.6912 -7.7339 1.9013
720 6.8128 1.6423 -6.6375 0.7289 -8.9408 0.2288 -9.2924 0.5910 73.1122 2.5305 43.2666 2.4870 -9.7246 3.6980 58.7483 2.4643 -7.0676 2.9633 -8.3217 2.1793
721 5.5922 1.4596 -7.3794 0.9149 -8.5964 0.4665 -9.4749 0.5979 72.6638 2.4465 43.3487 2.4321 -9.7615 3.8735 59.8855 2.5645 -7.4231 3.1104 -8.9348 2.0269
722 4.3755 1.2254 -7.8125 1.2020 -8.1051 0.2494 -9.4379 1.1269 72.4791 2.5283 42.7203 2.4505 -9.7623 3.6621 61.4502 2.5993 -7.9420 3.3298 -9.3362 2.3858
723 3.1038 0.9179 -8.3092 0.8978 -7.7204 0.5169 -9.5754 1.2414 72.2991 2.5426 42.2836 2.4945 -9.6132 3.5996 62.9224 2.4974 -8.3789 3.6276 -9.5004 2.4990
724 1.6671 0.8565 -8.5019 0.7984 -7.7429 0.5841 -9.4457 1.2236 72.0159 2.5165 42.2210 2.5252 -9.9228 3.5938 63.8486 2.7173 -8.4430 4.1913 -9.7635 2.7916
725 0.5028 0.8410 -8.4672 1.2118 -7.6414 0.7627 -9.2090 1.1089 72.1649 2.4705 42.1090 2.5613 -10.0674 3.5426 64.9922 2.7167 -8.1462 3.8313 -9.8691 2.9044
726 -0.8393 1.0587 -9.2489 1.2911 -7.4237 0.8228 -8.9460 1.0577 72.4785 2.4721 42.5051 2.5488 -9.8196 2.9693 66.7975 2.4747 -8.1683 3.8718 -10.0657 2.7940
727 -2.0024 1.0107 -9.1646 1.7486 -7.3528 1.4951 -8.9657 1.2755 72.9675 2.4654 42.5300 2.5392 -9.5595 2.8613 68.4195 2.5731 -7.4990 3.9921 -10.1165 2.5081
728 -2.9567 1.1761 -9.0155 1.5837 -7.6495 1.6232 -8.8015 1.7188 72.9574 2.4622 43.2167 2.4061 -9.0864 2.9056 69.7644 2.3181 -7.5584 4.5329 -9.8710 2.2456
729 -3.8214 1.4184 -9.1293 1.4377 -7.7704 1.9433 -8.8523 2.0256 73.0639 2.4700 43.8295 2.6221 -9.0585 2.9850 71.2907 2.3116 -7.2730 4.5049 -9.7686 2.1940
730 -4.5751 1.2530 -9.3308 1.3145 -7.9709 2.3572 -8.8920 2.0767 73.3143 2.4784 44.3048 2.6737 -8.9163 3.1422 72.6994 2.5568 -7.6015 4.4437 -10.0355 1.8093
731 -5.5430 1.3352 -9.3106 1.5022 -7.9936 2.5894 -8.8603 2.0509 73.8463 2.4297 45.4712 2.6163 -9.4721 3.3813 74.1134 2.4560 -7.6370 4.4945 -10.2088 1.7207
732 -6.3709 1.6123 -9.3138 1.8644 -7.8845 2.8362 -8.7149 2.2603 74.3192 2.5157 46.5361 2.4146 -9.5530 3.3739 75.5409 2.6229 -7.7457 4.7594 -10.3021 2.4306
733 -7.0276 1.4452 -9.3376 2.5554 -8.2624 2.8204 -8.4139 2.4234 74.8473 2.4925 47.9593 2.5369 -9.4438 3.6220 76.9860 2.6268 -7.6822 4.6854 -10.5274 2.4858
734 -7.1837 1.3572 -9.4488 3.0824 -8.2019 2.5108 -8.3115 2.4507 75.2692 2.5064 49.3808 2.5596 -9.4991 3.5946 78.3935 2.7090 -7.6254 4.9591 -10.6542 2.6715
735 -7.8281 1.7258 -9.1513 3.5999 -8.8468 2.4068 -8.1568 2.6233 75.8203 2.5296 50.8810 2.5650 -9.4708 3.8258 79.8557 2.7275 -7.5730 4.9531 -10.4738 2.7867
736 -8.5902 1.8251 -9.0806 3.7919 -8.5787 2.4435 -7.8834 2.7164 76.1388 2.4507 52.3918 2.5450 -9.2157 4.1806 81.3526 2.5782 -7.4584 5.1433 -10.2360 3.4363
737 -9.0701 1.8638 -8.7643 4.4678 -8.6710 2.5754 -7.9866 2.7411 76.1543 2.5793 53.2942 2.3318 -9.0561 4.3908 82.6963 2.5863 -7.5786 5.4307 -10.2832 3.5095
738 -9.6723 1.9909 -8.8759 4.7698 -8.6401 2.3543 -7.6523 3.2216 76.3740 2.4619 54.6660 2.3338 -8.8692 4.4031 84.2118 2.5551 -7.2927 5.3480 -9.9746 3.6944
739 -10.0888 2.5554 -8.5205 4.9644 -8.5491 2.3234 -7.4156 3.4809 76.4855 2.5723 56.1544 2.3793 -9.1799 4.6170 85.7458 2.6456 -7.2436 5.5469 -9.9737 3.7258
740 -9.9655 2.5241 -8.2957 4.7972 -8.8825 2.1020 -6.6882 3.6520 76.1562 2.4482 57.1854 2.4088 -8.9095 5.3563 86.7723 2.4911 -6.9231 5.1355 -9.8389 4.0016
741 -9.9754 2.6529 -8.1209 4.9990 -9.1466 2.2115 -6.0909 3.8783 75.8487 2.5675 58.6566 2.3056 -8.7412 5.5197 87.9468 2.5890 -6.6777 5.1523 -9.5209 4.3059
742 -10.0016 2.9257 -8.3533 5.3701 -9.1887 1.9489 -6.2273 4.0441 75.5170 2.5381 60.1070 2.2892 -8.3345 5.4115 89.2550 2.5850 -6.1912 5.1905 -10.0105 4.3564
743 -9.5491 3.1187 -8.5658 5.5788 -9.2104 1.9218 -5.9125 4.0758 74.7111 2.5909 61.5431 2.2778 -8.2293 5.4225 90.4077 2.5439 -6.3216 5.3994 -10.0387 3.9228
744 -9.9783 3.4079 -8.4506 5.5349 -9.4322 1.9711 -5.4995 4.2894 74.0620 2.5256 63.3752 2.3121 -7.6816 5.2109 91.4404 2.4716 -6.4362 5.4911 -10.4017 3.6528
745 -10.2994 3.1647 -8.0690 5.7657 -9.5457 1.8007 -5.5185 4.6634 73.3444 2.3963 64.8285 2.4476 -7.2860 5.0650 92.4758 2.5463 -6.5576 5.6832 -10.7917 3.5387
746 -10.3864 3.6710 -8.2050 5.8753 -9.3367 1.9836 -5.4449 4.7336 72.4022 2.4574 66.0525 2.5528 -6.8308 5.2101 93.2253 2.5585 -6.4457 5.9034 -10.5278 2.9598
747 -10.1398 3.3759 -8.0691 5.8356 -8.9134 1.6222 -5.2663 4.6890 70.9949 2.3141 67.3972 2.5329 -6.5835 4.8868 93.4244 2.4855 -6.1726 5.6537 -10.3651 2.9966
748 -9.9814 3.7990 -8.2931 5.4844 -8.8326 1.3660 -5.3880 4.6449 69.7323 2.5868 68.8192 2.5436 -6.6929 4.8266 93.6131 2.5127 -6.1196 5.6671 -9.7509 2.6351
749 -10.0750 4.1563 -8.1728 5.5104 -8.4881 1.2267 -4.9460 4.8920 68.9957 2.5782 70.3774 2.3605 -6.1984 4.9797 94.5533 2.4626 -6.2084 5.6762 -9.4907 2.6746
750 -9.7493 4.2168 -7.9144 5.3934 -8.1035 1.6773 -4.7938 4.7079 68.2398 2.3979 71.7800 2.2957 -6.2449 4.6261 95.1247 2.4545 -6.0473 5.3960 -9.4056 2.7462
751 -9.5613 4.4990 -7.9223 5.3111 -7.5232 2.1136 -4.5039 4.8422 67.1770 2.4497 72.5279 2.6513 -5.8534 4.5549 95.6287 2.5308 -6.1473 5.3279 -9.0807 2.4307
752 -9.4973 4.8135 -8.1517 5.6761 -7.6131 1.8823 -4.1614 4.9197 66.1634 2.5047 74.2626 2.3925 -5.4811 4.6531 95.7175 2.4418 -6.1253 5.5644 -9.1390 2.1775
753 -9.3110 5.1526 -8.0571 5.4153 -7.4528 1.9889 -3.6929 4.8552 66.0117 2.5066 75.3284 2.6437 -5.4634 4.4830 95.6772 2.4763 -6.9342 5.5157 -8.8604 2.0682
754 -9.1787 5.1152 -7.7062 5.6255 -7.3790 2.2081 -3.6273 4.5910 65.2626 2.5065 76.6295 2.7071 -5.4937 4.0516 95.6729 2.5356 -6.7275 5.4338 -8.4481 2.0304
755 -8.9602 5.2294 -7.5944 5.6010 -7.3580 2.2383 -3.7589 4.6691 64.4969 2.4743 77.8420 2.5486 -5.3919 3.8909 95.2511 2.5100 -7.2259 5.7798 -8.1873 1.8685
756 -8.7606 5.2247 -7.3016 5.7444 -7.1018 2.0827 -3.5063 4.5468 63.4431 2.4041 78.9963 2.4809 -5.5568 3.3894 94.8459 2.4853 -7.2405 5.9296 -8.3183 1.5459
757 -8.6605 5.0019 -7.0934 5.6448 -7.1528 1.6283 -3.1189 4.6172 62.7612 2.5094 80.5519 2.6504 -6.1736 2.8927 94.3418 2.4532 -7.4663 5.6923 -8.4408 1.5908
758 -8.8793 5.2445 -6.9318 5.7539 -7.2427 1.4743 -3.1065 4.7544 62.4895 2.5115 81.8167 2.5705 -5.8167 2.4229 93.6873 2.4625 -7.8339 5.6793 -8.1355 1.3101
759 -8.6563 5.1645 -6.8893 5.7075 -7.0376 1.8659 -2.6330 4.6663 61.9364 2.4539 82.8917 2.4385 -5.5204 1.8062 93.2079 2.4376 -8.0103 5.3964 -8.0025 0.6771
760 -8.5221 5.0304 -6.6783 5.5148 -7.1351 2.0755 -2.5411 4.5337 61.9864 2.4305 84.2539 2.4541 -5.8806 1.6156 92.7874 2.3901 -8.0438 5.1871 -8.1814 0.5196
761 -8.6262 4.6545 -6.3820 4.8285 -6.8838 1.9205 -2.3774 4.5659 61.8124 2.5067 85.7854 2.7239 -5.9480 1.2552 92.3601 2.4469 -7.9708 5.4220 -7.8638 0.0387
762 -8.6231 4.4377 -6.4726 4.8101 -6.9120 2.0992 -2.5982 4.1088 61.8019 2.6441 87.1369 2.4212 -6.2192 0.9242 92.0299 2.3998 -7.9707 5.3144 -7.9924 -0.1296
763 -8.3402 4.3218 -6.5591 4.5685 -6.7651 2.8505 -2.3526 3.8990 62.0382 2.4315 88.7339 2.5774 -6.4986 0.6655 91.5516 2.4469 -8.5329 4.7751 -7.7801 -0.2525
764 -8.1117 4.7496 -6.8539 4.3196 -6.4725 2.6379 -2.1653 4.1460 62.3024 2.5542 89.6200 2.4967 -6.9018 0.8814 90.7629 2.5097 -8.3273 4.7216 -7.5883 -0.3992
765 -7.8006 4.3953 -6.3565 4.5157 -6.6819 2.9117 -2.2646 4.1940 62.6142 2.3841 90.6316 2.5553 -7.7295 0.7766 90.3010 2.5766 -8.6419 4.9108 -7.4661 -0.1845
766 -7.8976 4.6013 -6.1986 4.2211 -6.4925 3.1101 -2.5780 4.1886 63.2848 2.4523 91.5275 2.3538 -8.2195 1.0945 90.3062 2.4697 -8.6461 4.8888 -7.2983 -0.0308
767 -7.0716 4.4147 -6.3511 3.9890 -6.7514 3.3012 -3.1003 4.1385 63.8338 2.4509 93.2990 2.4321 -8.6144 1.0314 90.4106 2.4514 -8.4986 5.0457 -7.3395 0.8137
768 -6.7100 4.1810 -6.4201 3.7333 -6.6591 3.1160 -3.5079 4.1548 64.4069 2.5363 94.4536 2.4377 -8.6279 1.0665 90.5018 2.5155 -8.4736 5.0711 -7.2567 1.0815
769 -6.2561 4.1314 -6.1703 3.6160 -6.9328 2.8959 -3.9218 4.5008 65.2551 2.5679 95.5775 2.4661 -8.6853 0.8876 90.0522 2.4921 -7.9849 4.9954 -6.4685 1.4407
770 -5.6403 4.2277 -5.6590 3.2163 -7.1057 2.8743 -4.2148 4.5639 66.2714 2.5135 97.2592 2.4350 -9.2669 0.8729 90.0193 2.6013 -8.0486 4.9938 -5.6128 1.6221
771 -4.8303 4.4996 -5.0700 2.6438 -7.1690 2.9333 -4.9152 4.6604 67.4909 2.5325 98.4168 2.5175 -9.3160 0.5640 89.4431 2.5215 -7.9178 5.4431 -4.9784 1.5722
772 -4.1868 4.7314 -5.3231 2.1965 -7.4839 2.6567 -5.4661 4.8188 68.6168 2.2920 99.6592 2.6465 -9.4809 0.6284 89.4839 2.4434 -7.4295 5.5211 -3.9313 1.7603
773 -3.5734 4.5450 -5.3584 1.8435 -7.4827 2.3747 -5.8645 5.1127 69.6204 2.5474 100.8095 2.4291 -9.5817 0.5771 89.6017 2.4743 -7.2639 5.7777 -3.3893 1.8161
774 -2.7756 4.2242 -5.1814 1.3263 -7.2243 1.9398 -6.0352 5.0841 70.9005 2.6118 102.0501 2.4603 -9.4270 0.1372 89.8256 2.4286 -6.6241 5.8821 -2.3591 1.8529
775 -2.0561 4.0087 -4.7899 1.2090 -7.5849 1.4721 -6.4158 5.2115 72.4245 2.5644 103.0823 2.2856 -9.6531 -0.1802 90.2085 2.4415 -6.6886 6.0006 -1.5877 1.7945
776 -1.0965 3.6750 -4.9034 0.8724 -7.4587 1.2880 -6.5509 5.2916 73.9271 2.3314 104.4997 2.4065 -9.2846 -0.3383 90.4533 2.4910 -6.5292 5.8263 -0.6787 1.7681
777 -0.1448 3.3517 -4.9236 0.5181 -7.4807 0.9769 -7.1154 5.1453 74.9952 2.3868 105.4167 2.4037 -8.9910 -0.3631 91.4139 2.5447 -6.3964 6.1231 0.2067 1.6483
778 1.2983 3.1815 -5.1687 0.3056 -7.6022 0.9012 -6.9573 5.1933 77.0138 2.4949 106.4009 2.7479 -8.8633 -0.0699 91.9417 2.4128 -5.8606 5.8517 1.1001 1.5794
779 1.8822 3.0260 -5.2864 0.3659 -7.4864 0.6459 -7.2496 5.1281 78.1524 2.4497 107.6143 2.5948 -8.9826 -0.0790 92.7655 2.5210 -5.7575 5.7321 2.0930 1.5009
780 2.6435 3.0400 -5.4010 0.3896 -7.0520 0.4596 -7.1822 5.0944 79.5400 2.5302 109.0473 2.5726 -9.3255 0.2329 93.6395 2.3307 -5.8618 5.3922 3.5350 1.2676
781 3.6383 2.8461 -5.6705 0.4011 -6.9221 0.2276 -7.0358 4.6588 80.4335 2.5178 109.7632 2.4707 -9.4463 0.7268 94.9208 2.4614 -6.4978 5.6064 4.6465 1.4178
782 4.1829 2.4900 -5.6658 0.0812 -6.4904 -0.2241 -6.3301 4.5332 81.2866 2.4986 110.7196 2.5021 -9.6037 1.1375 96.0915 2.3382 -6.9841 5.3667 5.5412 1.2510
783 5.0691 2.4040 -5.8472 -0.0909 -5.9604 0.0550 -6.4574 4.3464 82.3079 2.4664 112.4010 2.5403 -9.9138 1.6026 97.2394 2.3207 -7.3711 5.5357 6.6569 1.6134
784 5.9112 2.2440 -6.0667 -0.1715 -5.5906 0.0449 -6.3784 4.4749 83.4389 2.7324 113.3513 2.2073 -9.9786 2.1352 98.9491 2.5007 -7.1898 5.5131 8.2761 1.8513
785 6.7038 2.3510 -6.4934 -0.3546 -5.8841 -0.0570 -6.2340 4.2197 84.4138 2.6466 114.6689 2.3793 -9.5245 2.6161 100.2781 2.3691 -7.4941 5.2780 9.1872 1.8377
786 7.4621 2.2849 -6.2613 -0.2323 -5.4238 0.4885 -6.0619 4.1378 84.9803 2.5401 115.9394 2.5067 -9.4498 3.0113 101.4320 2.5097 -7.1051 4.7852 10.4946 2.0037
787 7.9230 2.2109 -6.2577 -0.3453 -5.2661 0.5699 -6.0073 4.0458 85.5570 2.5756 117.4212 2.3935 -9.3728 3.2729 102.7685 2.7165 -6.7340 4.5247 11.7899 2.4588
788 8.3149 2.2875 -6.7151 -0.3151 -5.0407 0.9998 -6.0310 3.7283 85.8246 2.5541 118.7442 2.4825 -9.3563 4.1061 103.8283 2.5356 -6.4788 4.6508 13.2439 2.1783
789 8.7312 2.3340 -6.7289 -0.4734 -4.9715 1.3943 -5.9244 3.7016 86.2508 2.5073 120.0395 2.6352 -9.0284 4.5479 105.3749 2.2899 -6.1898 4.3653 14.5658 2.4303
790 8.9627 2.4380 -6.9873 -0.7804 -4.9449 1.5650 -5.4861 3.8769 86.5785 2.5145 121.1610 2.5210 -8.7698 4.5995 106.4887 2.5381 -5.8825 4.1634 15.8695 2.4993
791 8.9058 2.4847 -7.1057 -0.6526 -5.1740 1.5875 -5.7179 3.7659 87.2157 2.5322 122.6781 2.5860 -8.6508 4.7268 107.7447 2.5179 -6.0919 4.0222 16.9463 2.3447
792 9.3863 2.4430 -7.1693 -0.8823 -5.2349 2.4163 -5.8778 3.8722 87.5307 2.6076 123.8852 2.4729 -8.6044 4.7394 109.0878 2.4924 -6.1173 3.9020 18.1444 2.4047
793 9.7253 2.4993 -7.7937 -0.8588 -5.6250 2.3910 -5.9491 4.0344 87.6533 2.4768 124.8133 2.4843 -8.3181 5.1461 110.5454 2.4515 -6.5905 4.1372 19.3876 2.6481
794 9.5563 2.5627 -7.3980 -0.5383 -5.6160 2.4183 -5.6076 4.3702 87.5869 2.5073 125.2166 2.4898 -8.2032 5.1580 111.5058 2.6456 -6.5481 4.5784 20.1163 2.5184
795 9.0451 2.6313 -7.4141 -0.3443 -5.5759 2.4071 -6.0540 4.4046 87.7074 2.4537 125.9679 2.4708 -8.3621 4.9811 112.9408 2.6164 -6.4093 4.8384 21.0678 2.4179
796 8.5557 2.7156 -7.0894 -0.3231 -5.9461 2.7451 -6.0026 4.3405 87.2413 2.4550 126.3762 2.5860 -8.2200 5.0768 114.6144 2.6127 -6.4149 4.6633 21.8063 2.4529
797 7.7560 2.8936 -6.7336 -0.4162 -5.8313 2.7583 -6.0458 4.5610 86.8991 2.4421 126.8817 2.6209 -8.1901 5.5327 116.2419 2.3585 -6.5428 4.7426 22.3859 2.6081
798 7.6568 2.8677 -6.4320 -0.7187 -6.2478 2.4816 -5.7889 5.0596 86.8693 2.4429 127.2470 2.4931 -8.0564 5.4830 117.6015 2.2818 -6.6419 4.7207 22.8711 2.4845
799 7.1474 2.9678 -6.4196 -0.4320 -6.4688 2.4303 -5.9642 5.1588 86.7539 2.5608 127.4349 2.4162 -8.2268 5.6714 118.8349 2.7360 -6.8647 4.7828 23.3323 2.4961
800 6.5794 3.1713 -6.4399 -0.4123 -6.3027 2.1435 -5.7935 5.3946 85.9968 2.3676 127.3880 2.4969 -8.3533 5.6605 120.0356 2.5498 -6.9953 5.0363 23.7491 2.4049
801 5.5473 3.4300 -6.2760 -0.6036 -6.1098 2.2054 -6.1137 5.6067 85.1586 2.4406 127.6125 2.4848 -8.2911 6.0584 121.6893 2.5375 -6.7254 5.3073 24.2000 2.4788
802 5.2599 3.7140 -6.2925 -0.2487 -5.6119 1.9767 -6.4718 5.3798 84.2061 2.6822 127.9936 2.4699 -8.1293 5.7965 123.0120 2.6781 -6.4732 4.9079 23.8300 2.6228
803 4.3862 3.8825 -6.1077 -0.2571 -5.4297 2.1077 -6.5348 5.1854 83.4886 2.5078 127.5645 2.4219 -8.1864 5.6835 124.0362 2.4188 -6.2749 4.8921 23.9663 2.5530
804 3.8622 3.9485 -6.0927 0.3591 -5.2486 2.1209 -6.3072 4.8787 82.8241 2.5194 127.2497 2.5019 -8.0228 5.4602 125.0578 2.3287 -6.1812 4.4062 23.7004 2.5057
805 2.9338 4.0435 -5.9896 0.3175 -5.1856 2.6721 -6.3681 5.0248 81.9482 2.4322 126.8674 2.4956 -8.0563 5.8390 125.9798 2.3747 -6.1478 4.1221 23.6517 2.5058
806 1.9764 4.2414 -6.0435 0.2987 -4.9926 2.8451 -6.7279 5.2071 80.5693 2.5814 126.4963 2.4939 -7.6195 5.6244 127.1712 2.4249 -5.7674 3.7659 23.2261 2.3600
807 1.0095 4.3850 -6.1830 0.3113 -4.9457 3.2551 -6.7198 5.2031 78.8156 2.4686 126.1911 2.4636 -7.8062 5.1986 128.3767 2.2902 -5.4312 3.4145 22.8231 2.4634
808 0.2971 4.5085 -6.2714 0.5116 -5.1924 3.5679 -6.9213 4.6018 77.9007 2.5213 125.7789 2.4630 -7.7659 4.9975 129.5692 2.5093 -5.2860 2.8823 22.0090 2.4847
809 -0.5149 4.5916 -6.3372 0.5344 -5.0912 4.1220 -7.3603 4.4091 76.6001 2.6378 124.8389 2.3985 -8.2705 5.0986 130.8608 2.5995 -5.3542 2.4603 21.3620 2.4798
810 -1.5095 4.4827 -6.2440 0.8017 -5.0238 4.4141 -7.8770 3.9592 75.6681 2.4555 123.8863 2.5029 -8.5560 4.6382 132.2919 2.5338 -5.2788 2.2669 20.8593 2.4290
811 -2.1815 4.7756 -5.9737 0.3697 -5.4052 4.6766 -8.2251 3.3113 73.7714 2.4172 122.9164 2.4344 -8.5748 4.7386 133.4350 2.4565 -5.3412 2.1330 20.2389 2.4203
812 -3.0361 5.0238 -6.0278 0.3557 -5.5301 4.8419 -8.3312 2.6846 72.1435 2.5218 121.3872 2.3070 -8.8077 4.3896 134.6574 2.4284 -5.6485 2.2473 19.1704 2.3857
813 -3.7792 5.1697 -6.0935 0.6170 -5.6148 5.3254 -8.6187 2.3419 70.7600 2.5416 120.3824 2.5869 -9.0354 4.4165 136.1571 2.6174 -6.0928 2.0082 18.5406 2.3442
814 -4.2534 5.3206 -6.4670 0.6216 -5.9541 5.5666 -9.0482 1.8057 69.1734 2.2975 118.7709 2.6709 -9.3124 4.4858 137.5580 2.5971 -6.4004 1.7210 18.1863 2.4979
815 -4.7467 5.4568 -6.7771 0.8674 -6.1742 5.6238 -9.0072 1.4627 67.4268 2.4472 117.1870 2.2586 -9.3322 4.4809 138.9422 2.4369 -6.5213 1.4257 17.7677 2.3798
816 -5.3936 5.6173 -6.9050 0.7818 -6.1833 5.4596 -8.8843 1.3056 66.0564 2.3868 115.7085 2.4704 -9.2170 4.1749 140.1045 2.3955 -6.3132 1.0981 17.0919 2.4157
817 -5.9901 5.4835 -7.2224 0.4265 -6.7504 5.2847 -8.5135 0.7831 64.0013 2.4788 114.7089 2.4276 -9.2398 3.6591 141.4002 2.4196 -6.3628 0.7224 16.3354 2.4967
818 -6.3335 5.4481 -7.5680 0.5222 -6.9678 5.1538 -8.6151 0.8774 62.6031 2.3993 113.4911 2.6800 -9.4610 3.5254 142.4352 2.4938 -6.3405 0.6064 15.7436 2.3936
819 -6.9969 5.5860 -7.7700 0.4237 -6.7588 4.7627 -8.7801 1.0993 61.0853 2.4976 112.2618 2.4816 -9.3856 3.5054 143.3270 2.6474 -6.3259 0.3417 15.4389 2.5634
820 -7.3371 5.4549 -8.1381 0.1946 -6.9549 3.9970 -8.3345 0.7219 60.0415 2.6451 110.8237 2.4234 -9.2250 3.3191 144.5096 2.5659 -6.3694 -0.0026 15.5916 2.5563
821 -7.3721 5.0163 -8.3754 -0.2629 -6.7322 3.9040 -7.5994 0.7127 58.3227 2.5333 109.6508 2.4741 -9.2747 3.5145 145.0060 2.4137 -6.7732 -0.1529 15.7980 2.4978
822 -7.4572 5.0644 -8.5348 -0.4528 -6.8657 3.7123 -7.2162 0.6584 57.0518 2.4559 108.1457 2.4486 -8.9688 3.4925 145.7262 2.4435 -6.6807 -0.5038 15.8502 2.5092
823 -7.6234 4.7573 -8.6871 -0.2678 -6.7610 3.3962 -6.8110 0.5256 55.7439 2.2558 106.9110 2.4986 -9.0365 3.9175 146.5242 2.5019 -6.5146 -0.5536 15.9991 2.3583
824 -7.5569 4.8402 -9.2649 0.0074 -6.9736 3.5052 -6.5790 0.8527 54.3631 2.3951 106.1240 2.4212 -9.1288 4.0546 146.9921 2.5854 -6.5356 -0.8272 16.4783 2.4861
825 -7.5763 4.6886 -9.5885 0.4209 -7.3945 3.8310 -6.1902 0.8713 52.7810 2.4597 104.9360 2.3851 -9.6121 4.0987 147.3680 2.5340 -6.0075 -0.5401 16.6997 2.4708
826 -7.3835 4.4236 -9.7869 0.4749 -7.1438 4.0671 -5.9582 0.7548 51.3516 2.4680 104.0448 2.5359 -9.6236 4.2454 147.6425 2.4480 -5.8329 -0.3512 17.0870 2.4332
827 -7.2939 4.1426 -9.9271 0.3169 -6.7484 4.3667 -5.7571 0.8046 50.0076 2.4560 103.4805 2.4517 -9.3394 4.4915 147.7772 2.4618 -6.1248 -0.0952 17.6485 2.4268
828 -7.4014 4.4180 -10.2753 0.6410 -6.4071 4.5631 -5.7596 0.8430 48.9097 2.3708 102.7159 2.5335 -9.8311 4.6734 147.6591 2.4670 -6.1477 0.0875 18.3790 2.3344
829 -7.5052 4.5159 -10.1235 1.3046 -6.9192 4.7377 -5.6893 1.2355 47.3417 2.5706 102.1242 2.4449 -9.9142 4.8581 147.6857 2.5628 -6.0907 0.5715 19.3624 2.3675
830 -7.5740 4.5991 -10.2610 1.6652 -6.8721 4.7337 -6.0275 1.3954 45.6879 2.5124 101.4922 2.5520 -10.1594 4.6909 147.1665 2.5641 -5.8054 0.7460 20.2395 2.5748
831 -7.7508 4.8319 -10.6071 1.9904 -7.3366 5.0651 -6.2038 1.7177 44.3655 2.7120 100.9749 2.4481 -10.2100 4.6691 146.8411 2.4605 -5.7809 0.6213 21.4519 2.5573
832 -8.5465 4.9723 -10.3873 2.0932 -7.5504 5.1300 -5.7889 2.0477 42.7950 2.3611 100.6905 2.4743 -10.2441 4.4563 146.4906 2.6090 -5.8602 0.8270 22.6747 2.7110
833 -8.9657 5.0297 -10.5936 2.8984 -7.8421 5.0500 -5.5743 2.4000 41.3309 2.5849 100.5662 2.4954 -9.9170 4.3762 146.2095 2.4872 -5.7960 0.8220 24.1726 2.5687
834 -8.9955 5.2385 -10.1665 3.2128 -7.9048 4.8572 -5.2632 2.9680 40.0233 2.6306 100.2782 2.4837 -9.8819 4.5676 146.0150 2.4215 -5.0860 0.8203 25.1656 2.3824
835 -9.0160 4.9607 -9.9184 3.6390 -8.2250 4.7069 -5.0068 2.7549 38.7899 2.5542 100.0452 2.5020 -10.0791 4.1205 145.4422 2.5401 -4.7351 0.9121 25.9080 2.5185
836 -8.6550 4.8731 -9.2697 3.7320 -9.1196 4.5147 -4.5396 3.0852 37.4197 2.4346 100.0836 2.4734 -9.8161 3.9295 145.1592 2.4353 -4.1398 1.3593 27.1119 2.5940
837 -8.3498 4.8637 -9.6621 3.5672 -9.0928 4.3087 -3.9796 3.2574 36.4457 2.4698 100.1352 2.3885 -9.5817 3.9731 144.4484 2.5031 -3.4622 1.2937 28.1173 2.2991
838 -8.0232 4.3646 -9.5150 3.5104 -8.8933 3.9601 -3.3941 3.5125 35.3029 2.6275 100.5778 2.4231 -9.6233 3.3432 144.1737 2.4952 -2.9552 1.5055 28.7390 2.3224
839 -7.5577 4.4509 -9.2826 3.7173 -8.8870 3.7988 -3.1977 3.7148 34.0619 2.6555 100.8999 2.4485 -9.5372 3.0105 143.7695 2.5514 -2.7360 1.9295 29.9003 2.5190
840 -7.2215 3.9845 -9.2008 3.9511 -8.6246 4.0047 -3.1800 4.0723 32.7099 2.6312 101.2986 2.5228 -9.0070 2.9709 143.3353 2.5582 -1.8515 2.1935 30.9126 2.5565
841 -6.8215 3.7985 -8.9447 4.2399 -9.0658 3.8442 -2.5912 3.8727 31.0075 2.5832 101.8866 2.4908 -9.0477 2.6235 142.9850 2.4998 -1.0389 2.1472 31.6280 2.5339
842 -6.7757 3.9438 -8.7636 4.3045 -9.5202 3.8133 -1.9602 4.1737 29.5748 2.3335 102.7185 2.6267 -8.9956 2.2529 142.7881 2.5288 -0.6645 2.1600 32.3443 2.5737
843 -6.4980 3.6594 -8.4295 4.6467 -9.2616 4.2218 -1.5895 4.1153 27.9477 2.5649 103.6106 2.4975 -8.6494 2.1163 142.2169 2.5145 0.0763 2.5114 32.7601 2.4757
844 -6.3315 3.9691 -7.9863 5.0325 -9.3461 4.4693 -0.9241 3.9698 26.1896 2.4905 104.5068 2.4033 -8.4765 2.0034 141.6241 2.5807 0.6688 2.9639 33.2790 2.5230
845 -6.1255 4.0374 -7.6025 5.0033 -9.2738 4.5592 0.0021 4.0204 25.2831 2.5614 105.5445 2.5346 -8.6770 1.6946 141.7280 2.4989 1.2309 3.3165 33.6982 2.5341
846 -6.0886 3.7698 -7.2972 5.1987 -9.1113 4.6335 0.4459 4.3484 24.0714 2.4769 106.7287 2.5536 -8.3906 1.5564 141.8058 2.4787 2.1283 3.3762 33.8173 2.6163
847 -6.1927 3.8479 -7.1118 5.1285 -8.8666 4.6185 0.9786 4.3053 23.3007 2.4275 107.5496 2.3526 -8.2482 1.8336 141.9028 2.4339 2.5557 3.1871 33.8061 2.5399
848 -6.1026 3.8286 -6.7800 4.9642 -8.6097 4.3726 2.4343 4.0213 22.3332 2.3356 108.8241 2.6004 -7.9455 1.7447 141.9342 2.6370 3.7599 3.2040 33.8040 2.4479
849 -5.7211 3.7788 -6.7960 5.2280 -8.5406 4.3946 3.1718 3.9918 21.4732 2.3397 110.5783 2.5595 -7.1693 1.9427 142.3939 2.3316 4.4445 3.1566 33.7840 2.3793
850 -5.8542 3.6123 -6.7982 5.4303 -8.1637 4.1534 4.0938 3.7569 20.5689 2.4990 111.5317 2.7175 -6.8975 2.0236 142.8348 2.4077 5.3956 3.1667 33.7036 2.5365
851 -5.4665 3.5718 -6.9038 5.2424 -7.9952 4.1455 5.2702 3.7111 19.6997 2.5182 112.7745 2.6370 -6.4204 1.7511 143.3382 2.3541 6.1750 3.1571 33.3388 2.4436
852 -5.6164 3.6966 -6.9634 5.2168 -7.9771 3.9662 6.4030 3.4794 19.1880 2.5865 114.1001 2.4343 -6.0378 1.9046 144.0715 2.4548 7.0848 3.1471 32.6013 2.4376
853 -5.4704 3.7852 -6.7043 5.2677 -8.2805 4.0319 7.4938 3.2687 18.7285 2.4348 115.4135 2.4476 -6.0464 1.8525 145.0260 2.4376 8.0541 2.9693 32.0435 2.4433
854 -5.7304 3.1812 -6.7470 5.4433 -8.2327 4.3892 8.4858 2.9416 18.1165 2.5103 116.7793 2.5084 -5.5826 1.6259 145.7481 2.3613 8.8942 3.0068 31.3976 2.3139
855 -6.0578 2.7436 -6.8023 5.5093 -7.8860 4.3959 9.7467 2.9532 17.4785 2.4960 118.0558 2.5221 -5.4462 2.2046 146.6667 2.4712 9.8637 2.8564 30.4226 2.3512
856 -6.0382 2.7103 -6.7254 5.2642 -7.8962 4.9052 10.8898 2.6762 17.6099 2.5659 118.8835 2.5823 -4.8671 2.2337 147.2969 2.4946 11.3151 2.6202 29.7668 2.4334
857 -6.0620 2.6165 -6.3223 5.3980 -7.9991 5.3583 12.1963 2.4562 17.2209 2.5042 119.7372 2.3484 -4.6819 2.3126 148.1681 2.4752 12.7881 2.6404 28.9709 2.4433
858 -6.1105 2.5725 -6.0270 5.2469 -7.9081 5.3953 13.4541 2.4867 17.2534 2.5320 120.6627 2.4723 -3.9295 2.5099 149.3229 2.3431 13.9335 2.6810 28.2627 2.6147
859 -6.3481 2.1812 -6.2550 5.0864 -7.7286 5.2687 14.3279 2.5271 17.0116 2.5232 121.6975 2.5609 -3.6887 2.6860 150.0571 2.5138 15.2088 2.5953 27.0843 2.5526
860 -6.9526 1.8598 -6.2947 4.9157 -8.3347 5.3159 15.4267 2.3606 17.1339 2.5447 121.9591 2.4203 -2.5223 2.7058 150.6208 2.5729 16.3158 2.3819 26.1162 2.5512
861 -7.1694 1.9725 -6.7178 4.6282 -8.4271 5.6017 16.2611 2.5751 17.4238 2.5724 122.5033 2.5156 -1.9517 3.0443 151.0635 2.4822 17.5686 2.3525 25.2867 2.4741
862 -7.4492 1.5384 -7.1253 4.4853 -7.9611 5.5401 17.2932 2.5265 17.7080 2.5592 122.8778 2.5785 -1.5197 3.5603 151.1768 2.4916 18.8567 2.4203 24.3638 2.5053
863 -7.6921 1.4494 -7.5587 4.3164 -7.9209 5.3279 17.7266 2.5443 18.1370 2.5281 123.1084 2.5413 -0.6582 3.6977 151.6681 2.4895 20.1283 2.2987 23.5993 2.5559
864 -8.2013 2.0421 -7.4792 4.1293 -7.8275 5.2252 18.3580 2.5077 18.5467 2.5340 122.9154 2.5388 0.1310 3.7233 151.8952 2.5518 21.2126 2.3266 23.0885 2.5239
865 -8.3845 2.2603 -7.7061 3.6914 -7.9195 5.0655 18.8229 2.5842 18.7730 2.3696 122.8835 2.5261 0.7015 3.8333 151.7438 2.5299 22.5756 2.4782 22.2819 2.4494
866 -8.5349 2.7184 -7.5365 3.4815 -7.9765 4.9816 19.2852 2.5113 19.7764 2.4798 122.9464 2.5142 1.6118 3.7609 151.6282 2.4715 24.2003 2.3918 22.3507 2.4682
867 -8.6742 2.8387 -7.7783 2.7662 -7.8760 4.7940 19.9114 2.5994 20.1229 2.3931 122.6895 2.5007 2.5316 3.6033 151.6509 2.4054 25.5009 2.4233 22.1185 2.4434
868 -8.9502 3.0079 -8.1019 2.6600 -8.1649 4.4727 20.4562 2.5036 20.9462 2.5007 122.4686 2.5617 3.0281 3.7416 151.5523 2.5014 26.8426 2.3464 21.8064 2.4965
869 -9.0113 2.9906 -8.4471 2.4266 -7.8353 4.4625 20.6922 2.4853 22.2508 2.4783 122.0614 2.6342 4.1895 3.7308 151.3329 2.4402 28.0585 2.4054 21.9176 2.5195
870 -8.7800 2.8990 -8.6980 2.9468 -7.8383 4.1871 20.5498 2.5154 23.1448 2.5419 121.5693 2.5594 5.3288 3.7216 150.9152 2.3497 28.9820 2.4609 22.6506 2.5009
871 -8.8854 3.0411 -8.3730 2.6632 -7.9758 3.5368 20.3179 2.5333 24.1722 2.4523 120.8651 2.4835 6.2203 3.6512 150.1412 2.4423 30.0663 2.4614 22.8082 2.6150
872 -8.7342 3.1130 -8.5355 2.3664 -7.8152 3.5367 20.0565 2.5327 25.8248 2.5014 119.9100 2.5662 7.1779 3.1176 149.1749 2.5241 31.2451 2.3953 23.1187 2.6818
873 -8.9626 3.4026 -8.4171 2.5446 -7.3823 3.5957 20.0824 2.4953 27.0711 2.5295 119.3558 2.4423 8.6663 3.1534 148.2978 2.3853 32.6118 2.5050 23.8426 2.5876
874 -8.7208 3.4013 -8.9340 2.7517 -7.1278 3.1511 19.6773 2.6058 28.3337 2.6034 118.7312 2.4931 9.9296 2.7491 147.4181 2.5531 34.1739 2.5899 24.5814 2.5669
875 -8.9287 3.5123 -8.8682 2.8934 -7.1942 2.5677 19.1279 2.4862 29.7409 2.6833 118.2271 2.5796 11.1831 2.6736 146.2379 2.5044 35.5545 2.4974 24.8602 2.5404
876 -9.4489 3.9546 -8.9794 2.6813 -6.8015 2.2206 18.7622 2.6177 31.0741 2.4975 117.4717 2.6007 12.4090 2.3659 145.3560 2.5206 37.0542 2.4969 25.4415 2.4444
877 -9.5471 4.2727 -9.1921 2.3642 -6.4855 2.0703 18.0778 2.5403 32.4568 2.4650 116.3713 2.5402 13.9794 2.5190 143.9775 2.2834 38.3320 2.5948 26.1151 2.4799
878 -9.2871 4.8237 -9.5622 2.3861 -6.3741 1.6471 17.3577 2.5718 33.7821 2.4419 115.5984 2.4878 15.4585 2.6151 142.9848 2.5149 39.5523 2.2540 27.4186 2.5456
879 -9.0870 4.8684 -9.7041 2.3196 -6.3053 1.0866 16.1990 2.5328 34.8321 2.3196 115.1705 2.5022 17.0634 2.6077 142.1013 2.5554 40.4199 2.4399 28.2915 2.5148
880 -8.9729 5.0883 -9.4552 1.8079 -6.4720 1.0043 15.6545 2.6423 36.3815 2.5893 114.6843 2.5194 17.9717 2.4933 141.2302 2.5918 41.5050 2.3732 29.6722 2.4503
881 -8.7133 5.2433 -9.0075 1.5597 -6.5028 0.5552 14.3842 2.6388 37.6688 2.5604 114.4153 2.5513 19.2953 2.3551 140.8091 2.6389 42.7373 2.6191 30.9657 2.6060
882 -8.3735 5.2960 -9.1961 1.7391 -6.5847 0.3385 13.3745 2.4638 39.0380 2.2733 114.4531 2.5115 21.0611 2.5908 139.8247 2.3369 44.1278 2.4982 32.1341 2.4062
883 -7.9672 5.1261 -8.8891 1.3002 -6.7996 0.2047 11.8808 2.6614 40.2070 2.4899 114.2779 2.4674 22.0414 2.5209 139.0725 2.4409 45.2626 2.5556 33.7491 2.4065
884 -7.8467 5.6925 -8.6256 1.1829 -6.9876 0.1698 10.9462 2.8804 41.2109 2.4576 114.0825 2.4893 23.3644 2.4501 138.3087 2.3275 46.3646 2.4775 35.3308 2.5388
885 -7.8394 5.7772 -8.7040 1.3942 -7.3412 0.1059 10.1065 3.0529 42.0272 2.7269 114.1549 2.4909 24.0422 2.4924 137.7093 2.4389 47.6515 2.5881 36.8681 2.4868
886 -7.3155 5.6185 -8.5056 1.7304 -7.8392 -0.0868 8.8463 3.1539 43.8623 2.6783 114.3964 2.4800 24.7886 2.2985 136.7916 2.5338 48.8715 2.4218 38.5635 2.8079
887 -7.1105 5.3545 -8.6386 1.8530 -7.9873 -0.5316 7.5684 3.3934 45.4176 2.4731 114.8057 2.4854 25.2428 2.4308 136.6275 2.5449 49.7197 2.5816 40.0934 2.4667
888 -7.0372 4.9577 -8.8602 1.8724 -8.5194 -0.0898 6.5089 3.5088 46.9978 2.5686 115.1175 2.3733 25.6864 2.4763 136.2541 2.5131 50.6533 2.7827 41.3358 2.5774
889 -6.6912 4.5591 -8.4331 1.6125 -8.7857 -0.0951 5.9464 3.3599 47.9620 2.4692 115.2726 2.4073 26.2972 2.5121 135.7528 2.4416 51.6504 2.5682 42.8596 2.6733
890 -6.1772 4.5749 -8.6978 1.7529 -9.1188 -0.1450 5.0698 3.1738 49.2462 2.5525 115.7219 2.5105 26.9406 2.5470 135.7545 2.5384 52.8501 2.6139 44.2903 2.3873
891 -6.1315 4.3726 -8.6250 1.8690 -9.3453 0.1134 3.9001 3.2032 50.8997 2.5218 116.4709 2.5434 26.9506 2.5458 135.9287 2.4499 53.6762 2.6573 45.4543 2.7637
892 -6.3364 4.3400 -8.7929 2.1471 -9.6211 0.4640 3.1897 2.8820 52.2520 2.4939 117.0790 2.3950 27.2682 2.4697 136.2067 2.5930 54.1923 2.5597 46.4611 2.3647
893 -6.7602 4.5867 -9.0836 2.1229 -9.7104 0.5124 2.4340 3.0502 53.7777 2.4342 117.9655 2.4355 27.3230 2.4083 136.4544 2.5478 55.0894 2.5031 47.6150 2.3210
894 -7.3736 4.9483 -9.4606 1.9957 -9.7641 0.9536 1.8652 3.0247 54.7702 2.4249 118.7822 2.3309 27.2009 2.4794 136.8704 2.4606 55.7899 2.5156 48.8110 2.4681
895 -7.9349 4.9100 -9.9004 2.0737 -9.4891 0.9719 1.6492 3.1692 55.3847 2.5509 119.7363 2.3221 27.1779 2.5692 137.0423 2.4479 55.9709 2.5683 50.0221 2.5854
896 -8.1071 4.8140 -9.8353 2.6462 -9.3133 1.2155 0.9336 3.1555 56.3493 2.4456 120.7501 2.6168 27.2108 2.5015 137.5676 2.4602 55.9639 2.5372 51.4602 2.5816
897 -8.4821 4.4241 -9.7541 3.2343 -9.0153 1.3362 0.4385 3.3181 57.6550 2.5422 121.6496 2.1426 27.2021 2.6237 138.0946 2.4834 56.1431 2.6329 52.8372 2.5134
898 -8.2680 4.5335 -10.0672 3.2353 -8.7084 1.6771 0.7311 3.3911 58.3557 2.5668 123.0960 2.5118 27.0855 2.4153 138.7084 2.6131 56.6490 2.5001 53.5113 2.2921
899 -8.6622 4.7632 -9.8066 3.4365 -8.7498 2.0882 0.7653 3.2773 59.2539 2.5490 124.3371 2.4200 26.4871 2.3766 139.1122 2.4205 56.6756 2.5035 54.8608 2.3976
900 -8.4111 4.9231 -9.5897 3.5476 -8.9563 2.3842 0.9619 3.4377 59.7733 2.4149 125.7500 2.6465 26.0498 2.6034 139.3448 2.4587 56.6596 2.4988 55.9723 2.3423
901 -8.5725 4.7512 -9.3929 3.9085 -8.9961 2.2820 0.7815 3.2425 60.1447 2.5225 126.9736 2.5487 25.5295 2.6574 139.7161 2.5305 56.3116 2.5025 57.3127 2.4515
902 -8.5285 4.5270 -8.9002 4.1190 -9.0469 2.1915 0.7740 3.1524 60.5124 2.6106 128.4493 2.6696 24.3073 2.5377 140.3042 2.4529 55.9675 2.3847 58.8297 2.3861
903 -8.5370 4.4630 -8.8468 4.0936 -8.9593 2.2539 0.7618 3.0509 60.5695 2.4729 129.8014 2.5828 22.9413 2.4218 140.8622 2.4462 55.5744 2.4377 60.0794 2.3765
904 -8.5964 4.4364 -8.7967 4.2130 -8.7340 2.1306 1.3068 3.2840 60.9356 2.4823 131.0311 2.5246 22.0300 2.3780 141.0938 2.4406 54.8168 2.4634 61.4548 2.3883
905 -8.6126 3.7653 -8.7544 4.3877 -8.7688 1.8544 2.0812 3.5695 61.2111 2.4379 132.4049 2.6083 20.9326 2.4191 141.4111 2.5248 54.1907 2.5486 63.3075 2.4380
906 -8.8703 3.5391 -8.8749 4.6633 -8.3232 1.7718 2.4549 3.4962 60.9591 2.5048 133.2326 2.3863 19.6479 2.5832 141.5695 2.4392 53.3133 2.4803 64.7908 2.3836
907 -8.8999 3.4815 -8.8778 4.8110 -8.3914 1.6615 2.6436 3.5577 61.0333 2.5418 134.1868 2.5606 18.3267 2.6496 141.5147 2.5551 52.6555 2.5369 66.1205 2.5654
908 -9.3929 3.2159 -8.9599 5.0433 -8.0684 1.7974 3.4182 3.4342 61.0817 2.5097 135.8711 2.3208 16.7813 2.5564 141.7588 2.4851 51.8086 2.4824 67.9647 2.4215
909 -9.2574 3.1074 -8.8189 5.2803 -8.0115 1.8494 4.3649 3.6709 60.7625 2.5370 137.0006 2.4996 15.1721 2.4694 141.9550 2.6397 50.8351 2.4078 69.3951 2.4747
910 -9.3357 2.8217 -8.5999 5.4833 -7.6386 1.4914 5.2429 3.5383 60.5724 2.5871 138.3438 2.6418 13.5498 2.5342 142.4813 2.4795 49.8345 2.4277 70.6862 2.5152
911 -9.3368 2.8386 -8.6097 5.2942 -7.1369 1.6571 6.4542 3.6098 59.9670 2.6776 139.5949 2.5220 12.2336 2.4502 142.2699 2.5243 48.8077 2.2816 71.9820 2.3949
912 -9.6679 2.5563 -8.2241 5.4064 -6.7415 1.5687 7.4569 3.5884 59.3811 2.4820 140.9629 2.6221 11.5135 2.5851 142.1229 2.6058 47.6545 2.4497 73.5983 2.5766
913 -9.7952 2.1864 -7.9976 5.4162 -6.4884 1.5319 8.2464 3.4800 58.4926 2.6334 142.4252 2.4550 10.9281 2.5510 141.9705 2.3405 47.0560 2.4426 74.9106 2.3635
914 -9.7446 2.1246 -7.9443 5.4459 -5.9565 1.4252 9.4866 3.1548 57.5095 2.5978 143.5658 2.4321 9.8149 2.6047 141.5275 2.4792 45.8963 2.4871 76.1984 2.4808
915 -9.9510 1.9686 -7.9700 5.7689 -5.5563 1.2494 9.7180 3.1475 56.3786 2.3863 144.8398 2.3332 9.0529 2.4793 141.0881 2.4883 45.5147 2.4750 77.6315 2.4597
916 -10.0156 1.5049 -7.8667 5.6276 -4.5483 0.9029 10.5003 2.7616 55.5980 2.5444 146.1171 2.5466 8.3150 2.4609 140.1311 2.5469 44.8646 2.5054 78.8168 2.6524
917 -10.2285 0.8371 -7.6599 5.3847 -3.9379 0.5587 11.0481 2.7278 54.4074 2.5221 146.6451 2.5973 7.8085 2.4465 139.6070 2.5380 44.4681 2.4722 80.2800 2.5617
918 -10.4627 0.8023 -7.4393 5.5128 -3.6069 0.4905 11.0106 2.6566 53.5071 2.4948 147.4521 2.4852 7.5904 2.4451 138.9314 2.4495 44.3215 2.6264 81.9016 2.2648
919 -10.1917 0.4497 -7.5928 4.9363 -3.2392 0.5221 11.2477 2.5241 52.4099 2.5956 148.3341 2.6010 7.5777 2.5540 137.9303 2.5631 44.0897 2.6320 83.2463 2.5204
920 -9.7770 0.3048 -7.6355 4.8276 -2.5972 0.6677 11.6625 2.6021 51.5071 2.4662 149.2774 2.4773 7.6990 2.5058 136.9775 2.4104 43.7030 2.5009 84.4214 2.6067
921 -9.5067 -0.1645 -7.9998 4.7236 -2.1040 0.9420 12.2089 2.5068 50.1826 2.4839 150.2262 2.5740 7.5630 2.5059 135.7951 2.5506 43.5064 2.5400 85.6761 2.4778
922 -9.6214 -0.2957 -8.5225 4.4436 -2.0722 0.9835 12.4758 2.4685 48.6820 2.5996 150.6866 2.5661 7.5783 2.4341 134.5157 2.4678 43.4776 2.4883 86.8001 2.5999
923 -9.4008 -0.5301 -8.7702 4.6954 -2.1289 0.8923 12.6287 2.4866 47.3632 2.4412 150.8993 2.4181 7.9268 2.4056 132.9360 2.5206 43.8221 2.4237 87.7191 2.3394
924 -9.5407 -0.3742 -9.1219 4.4960 -1.8807 0.7769 12.7161 2.5012 46.2980 2.6208 151.0893 2.4243 7.8775 2.4016 131.5603 2.4849 44.0382 2.4867 89.3297 2.4843
925 -9.0757 -0.2845 -9.6054 4.1093 -1.8571 0.9217 12.6302 2.4626 45.3275 2.4752 151.2355 2.4816 7.9307 2.4548 130.0175 2.4076 44.2976 2.4650 90.5173 2.3782
926 -9.0446 0.0058 -9.7999 4.3026 -1.7112 0.7917 12.5966 2.4488 43.6515 2.6491 151.4464 2.4728 8.1665 2.4782 129.0201 2.4373 44.6790 2.4469 92.2901 2.6214
927 -8.6116 -0.2915 -9.8251 4.0239 -1.3331 1.0784 12.6034 2.4465 42.6041 2.5516 151.6349 2.4267 8.1762 2.4957 127.6690 2.2330 45.6335 2.5548 93.3023 2.4258
928 -8.9634 -0.3288 -9.9153 3.8529 -0.9631 1.3327 12.0867 2.5226 41.1218 2.6177 151.5158 2.6356 8.6588 2.4694 126.1666 2.4276 46.2196 2.5630 94.8643 2.2881
929 -8.9788 -0.1955 -9.6166 3.7483 -0.7155 1.2585 11.7256 2.5271 40.0671 2.7207 151.8880 2.4916 9.5703 2.4825 124.8162 2.6239 46.8077 2.4890 95.9209 2.5396
930 -9.1374 -0.0543 -9.5578 3.4980 -0.6279 1.6438 10.9957 2.4702 38.5674 2.6067 151.3697 2.5420 9.9243 2.4019 123.3581 2.6433 47.5213 2.3792 97.5719 2.5275
931 -9.1985 0.2226 -9.2808 3.6328 -0.7374 1.6943 10.6637 2.8171 37.3157 2.6085 150.7212 2.4944 10.3442 2.6103 122.0075 2.4447 48.3942 2.3706 98.5908 2.6583
932 -8.7720 -0.0203 -9.3069 3.6884 -0.6647 1.3636 10.1836 2.7629 35.9771 2.6214 149.7912 2.3690 10.6933 2.6153 120.8550 2.5077 49.7013 2.5616 99.9821 2.7575
933 -8.5861 -0.2710 -9.4459 3.5073 -0.7608 1.2155 9.2319 3.0318 34.6605 2.5229 149.3511 2.4524 11.0961 2.5432 119.9119 2.4604 50.9724 2.3218 101.4544 2.5057
934 -8.5359 -0.1722 -9.3789 3.9542 -0.8654 1.6362 8.2205 3.1103 32.8942 2.4196 148.6737 2.4678 11.0561 2.4874 119.2300 2.2655 52.3197 2.4173 102.7395 2.3825
935 -8.0447 0.1928 -9.2064 3.9804 -1.1843 1.5680 7.1997 3.4264 31.4995 2.5265 147.9439 2.4115 11.2247 2.5616 118.1518 2.3270 53.4966 2.4912 104.2654 2.3800
936 -8.2133 0.0514 -9.2010 3.9822 -0.8380 1.1198 5.4782 3.4915 30.3558 2.4424 146.7838 2.6265 11.6409 2.4962 117.7653 2.4557 55.0158 2.5056 105.4178 2.6298
937 -7.7791 -0.0812 -9.0133 3.9847 -1.2278 1.3073 4.3081 3.8054 29.1071 2.5167 145.5818 2.5173 12.1658 2.4659 117.0427 2.6172 56.3901 2.7075 107.0501 2.4193
938 -8.2629 -0.1467 -9.1178 3.9101 -1.6849 1.3288 3.0192 4.1655 27.7147 2.3600 144.5184 2.3809 12.4665 2.5273 116.7559 2.3978 57.5660 2.5589 108.4881 2.4022
939 -8.1834 -0.0715 -9.2237 3.8659 -2.1310 1.2609 1.8889 4.3637 26.7463 2.3393 142.9617 2.4786 12.5459 2.4277 116.5298 2.3758 59.0091 2.5490 109.7650 2.4919
940 -7.8533 -0.3648 -9.0128 4.4385 -2.9311 1.5064 0.6826 4.5777 26.0690 2.4420 141.6692 2.4948 12.4304 2.5000 116.5496 2.4966 60.5561 2.4564 110.9207 2.6700
941 -7.6624 0.2350 -8.9239 4.6080 -3.4487 1.6013 -0.3211 4.6102 25.0796 2.5503 140.1698 2.2659 12.1687 2.4141 116.5965 2.4568 62.1080 2.5208 112.0893 2.5408
942 -8.2309 0.5420 -8.7378 4.5180 -3.9146 1.8454 -1.2963 4.4131 24.2449 2.4673 138.9243 2.4791 11.6182 2.5205 116.2973 2.5362 63.9041 2.7495 113.1997 2.5455
943 -8.2371 0.6937 -8.3736 4.3359 -4.8278 2.2449 -2.3315 4.4496 23.5678 2.4204 137.6060 2.4135 10.9490 2.3983 116.3757 2.5473 65.5344 2.5683 114.4884 2.4948
944 -8.5895 0.7281 -8.4117 4.6088 -5.2670 2.1055 -3.3453 4.0600 22.8938 2.3344 136.1674 2.2617 10.3529 2.4276 116.2284 2.4311 66.4089 2.3558 115.9081 2.6219
945 -8.4418 0.7043 -8.2905 4.6116 -5.6329 2.3993 -4.0732 4.0165 22.6984 2.4786 134.7484 2.3199 9.6552 2.6009 116.5244 2.4102 67.4941 2.4621 117.1231 2.5315
946 -7.9556 0.6437 -7.9837 4.7864 -6.0850 2.5070 -4.7231 4.2909 22.1533 2.6000 133.7648 2.4152 9.3909 2.5604 117.1486 2.4132 68.9502 2.6818 118.5302 2.5504
947 -8.0216 0.2005 -7.9373 4.5775 -6.5856 2.3080 -5.3129 4.0957 22.2803 2.4348 132.6281 2.3565 8.4954 2.6356 117.4266 2.4104 70.1166 2.4508 119.9583 2.6269
948 -7.7502 0.1947 -8.4001 4.4117 -7.0054 2.2301 -6.1285 3.9345 22.0830 2.4862 131.6123 2.6767 7.4001 3.0489 117.6706 2.4521 71.3415 2.3544 120.8312 2.2893
949 -7.5093 0.2362 -8.3932 4.1699 -7.3829 2.1109 -7.1122 3.5330 21.8557 2.4187 130.5763 2.5634 6.5002 3.2233 118.3454 2.2752 72.8325 2.5046 121.9698 2.6306
950 -7.4116 0.0792 -7.8921 3.6489 -7.8547 2.0816 -7.9293 3.1545 22.0503 2.4603 129.6223 2.4510 5.5925 3.1383 118.9351 2.5138 74.7149 2.4100 122.8433 2.5987
951 -7.1261 -0.1918 -7.7199 3.5165 -8.1574 2.4275 -8.5185 2.8027 21.7824 2.4986 128.5691 2.4497 4.5403 3.2586 119.7699 2.4660 75.9526 2.6348 123.8713 2.4849
952 -6.8963 -0.0419 -8.0172 3.5009 -8.2423 2.5082 -8.6831 2.6410 21.8924 2.4462 127.8489 2.3071 3.6633 3.3135 120.5873 2.4446 77.2493 2.5030 125.0373 2.5802
953 -6.4949 -0.3610 -7.8211 3.6484 -8.1983 2.5822 -8.4526 2.1681 22.1312 2.6031 127.4273 2.5162 2.4703 3.4250 121.0797 2.5485 78.7972 2.3964 126.3727 2.5959
954 -6.1905 -0.1328 -7.8550 3.9335 -8.4115 2.1985 -8.4583 2.0996 22.6991 2.5076 127.0051 2.4888 1.3225 3.3903 121.8220 2.5081 80.0530 2.3303 127.7462 2.5344
955 -5.6008 -0.1746 -8.0111 3.7770 -8.4754 2.1252 -8.4487 2.5352 23.3805 2.5379 126.5719 2.4448 0.2667 3.4240 122.9321 2.5531 81.0286 2.5302 128.9657 2.3185
956 -5.2778 0.4898 -7.8817 3.7131 -8.4110 1.8744 -8.2867 2.1267 23.7588 2.5619 126.4653 2.4623 -0.0973 3.4339 124.1181 2.4613 81.5974 2.6059 129.9145 2.4788
957 -4.6116 0.5539 -8.1431 4.3211 -8.3211 2.0407 -8.1247 2.1479 24.4919 2.4689 126.0186 2.5345 -1.0412 2.9613 125.0729 2.3981 82.6134 2.5596 131.3110 2.6569
958 -4.5266 0.9142 -8.2442 4.6172 -8.5062 1.8486 -8.1741 2.0433 25.5592 2.3459 126.0229 2.4237 -1.6883 2.8518 126.3874 2.4060 83.1716 2.5359 132.4013 2.3666
959 -4.3373 0.9753 -8.4689 4.5819 -8.3347 1.7033 -7.8221 1.9401 26.4716 2.5954 125.9123 2.5529 -2.3890 2.8134 127.5816 2.5182 83.6377 2.5367 132.9142 2.6226
960 -3.6555 1.0877 -8.5491 4.4275 -8.0988 1.6365 -7.8247 1.7966 27.5116 2.5045 126.0938 2.5914 -2.7167 2.7529 128.6702 2.5661 84.0097 2.4265 134.1199 2.6554
961 -3.0652 1.2701 -8.6162 4.8296 -7.9030 1.7705 -7.0843 1.4650 28.5820 2.5052 126.2039 2.5890 -3.4251 2.4813 129.7379 2.4985 84.5360 2.4775 134.9053 2.5265
962 -2.2404 1.5415 -8.8693 4.4249 -7.6284 1.7941 -6.6848 1.3386 29.7087 2.6037 126.9029 2.6449 -3.9223 2.0602 131.1739 2.7056 84.8713 2.4453 135.8272 2.4422
963 -1.3168 1.7835 -8.5710 4.5321 -7.8608 1.6659 -6.1860 1.1505 31.3436 2.3721 127.5157 2.4177 -4.6049 1.6815 132.5319 2.5932 84.8447 2.4855 136.5045 2.5123
964 -0.3189 1.9284 -8.6510 4.5408 -7.6941 1.5209 -5.5486 0.9798 32.6306 2.5727 128.0825 2.3181 -5.3242 1.4416 134.0809 2.6411 85.0017 2.4835 137.0702 2.4902
965 0.7412 1.3795 -8.5778 4.2996 -7.8272 0.9503 -5.2606 0.5731 34.1992 2.4527 128.9444 2.5284 -5.8339 1.5349 135.8082 2.5048 84.8793 2.4469 137.6770 2.5469
966 2.3039 1.4803 -8.8803 4.7846 -7.4518 0.5948 -4.6332 0.6204 35.6503 2.4095 129.7633 2.6690 -6.5694 1.5411 136.7970 2.3466 84.4721 2.4895 137.8822 2.5624
967 3.7049 1.5090 -8.4376 4.9467 -7.0885 0.2807 -4.4522 0.7275 36.6885 2.4086 130.8971 2.2954 -6.7644 1.8316 138.0468 2.3731 84.1628 2.4551 138.4924 2.5494
968 5.1226 1.4344 -7.8670 5.1643 -6.9564 -0.2450 -4.0444 0.8523 37.8613 2.5378 132.0932 2.5354 -6.9649 2.1950 139.6576 2.3720 84.0460 2.4736 139.4215 2.5800
969 6.0418 1.8630 -7.7539 5.1515 -6.8388 -0.2220 -3.2631 0.8600 39.5261 2.6972 133.3446 2.6241 -7.2900 2.5964 141.0048 2.7050 83.6519 2.3743 139.7511 2.4217
970 6.8515 1.8042 -7.5644 5.0790 -6.6227 -0.3473 -2.4250 1.3763 40.7795 2.4523 134.7944 2.5352 -7.8251 2.7198 142.6828 2.7411 83.0986 2.4181 139.7932 2.4354
971 7.9152 1.6801 -7.6055 5.2789 -6.2091 -0.2744 -1.5674 1.3171 42.5087 2.4854 136.2037 2.5691 -8.4417 3.1306 143.9729 2.7451 82.3720 2.4764 140.2686 2.5289
972 9.3822 1.9805 -7.3904 5.2205 -6.1850 -0.3081 -0.3505 1.3405 43.6540 2.5545 137.3749 2.6152 -9.1129 3.4260 145.3439 2.7061 81.9769 2.5280 140.8280 2.4632
973 10.4746 2.0831 -7.6256 5.3357 -5.9981 -0.5495 0.9659 1.4800 44.6483 2.4803 138.7390 2.5221 -9.2015 3.4614 147.0824 2.4920 80.9223 2.4168 141.2254 2.5200
974 12.1421 2.1286 -7.8590 5.4607 -6.3473 -0.4894 2.3452 1.4826 45.8450 2.5526 140.2323 2.4566 -9.3061 2.9625 147.9520 2.2853 79.8020 2.4509 141.5456 2.4297
975 13.2042 2.3065 -8.1478 5.3847 -6.7453 -0.2914 3.5610 1.7644 47.3982 2.4214 141.6947 2.5447 -9.6485 2.7895 149.3115 2.2238 78.8685 2.4255 141.7033 2.4321
976 14.4242 2.3847 -8.4604 5.3317 -6.6007 -0.2900 4.4575 1.9335 48.6452 2.5082 142.7716 2.5618 -9.7843 2.4374 150.6116 2.1759 77.5323 2.5307 141.9944 2.4504
977 15.6181 2.6082 -8.8141 5.0790 -6.4628 -0.1591 5.7694 1.8925 49.6786 2.4955 143.9203 2.6215 -9.8528 2.5951 152.1454 1.6749 75.8403 2.4553 142.8750 2.4341
978 17.1647 2.4841 -9.0240 5.1063 -6.2418 0.0169 7.0721 1.9836 50.8030 2.5165 145.3456 2.6472 -9.9343 2.4584 153.3983 1.4595 74.9854 2.3078 142.9607 2.4206
979 18.4419 2.4740 -9.0001 4.7116 -6.2156 0.1182 8.2892 2.3270 51.8743 2.3656 146.6267 2.5288 -10.1690 2.3979 154.4890 1.1957 73.3570 2.5646 143.6944 2.6242
980 19.8324 2.5632 -8.5231 4.8314 -6.6999 0.0338 9.2667 2.4761 53.2987 2.3100 147.5596 2.4104 -10.2417 2.5903 155.9023 0.9927 71.7549 2.5794 143.8828 2.4213
981 20.9989 2.4888 -8.6669 4.8201 -7.1000 0.0846 10.3244 2.4619 54.7883 2.4599 148.8670 2.6940 -10.2031 2.6711 156.8253 0.7957 70.3270 2.3889 144.5214 2.4934
982 22.5015 2.6094 -8.6848 4.6710 -7.2684 0.0278 11.5317 2.4871 55.4981 2.3682 150.2852 2.7217 -9.9112 2.7364 158.1383 0.7293 68.9884 2.4889 144.9127 2.4302
983 23.8369 2.5341 -8.9293 4.4777 -7.1722 0.3631 12.9347 2.4927 56.1649 2.5581 151.5982 3.1807 -9.7729 3.1742 159.7646 0.5719 68.0714 2.5729 144.8511 2.5412
984 24.8881 2.4297 -9.0089 4.1456 -7.1588 0.5190 14.2663 2.4959 56.6590 2.4523 152.8691 3.0363 -9.3969 3.6379 160.8387 0.5821 66.5009 2.4713 145.1680 2.5115
985 26.4146 2.6274 -8.8707 3.9887 -7.5946 0.2957 15.6960 2.5577 57.2769 2.3976 154.2018 3.1662 -9.0987 4.1204 161.9515 0.5665 65.0730 2.5557 145.5123 2.5533
986 27.4715 2.5899 -8.6673 4.1514 -8.5852 0.5006 16.9636 2.3893 57.4512 2.4803 154.9807 3.2244 -8.9371 4.1925 162.9836 0.5041 63.9976 2.6428 145.2539 2.5337
987 28.8258 2.7754 -8.4553 4.3412 -9.0501 0.3050 18.3665 2.6916 57.6742 2.4274 155.8542 3.2940 -8.9996 4.7014 163.7533 0.7477 62.8624 2.4457 145.2589 2.4653
988 30.1938 2.5676 -8.0702 4.3951 -9.2987 -0.3584 20.1369 2.6095 57.9954 2.5304 157.0788 3.3993 -8.7148 5.0839 164.1305 0.9521 61.4951 2.3690 145.4386 2.5945
989 31.3494 2.6129 -7.8972 4.5124 -9.4607 -0.0561 21.6650 2.4499 58.3718 2.4828 158.2473 3.5479 -8.8333 5.4580 164.9786 0.8582 60.4639 2.3623 145.7736 2.5043
990 32.5062 2.4064 -8.4626 4.6409 -9.8939 0.3269 23.0812 2.4307 58.4997 2.4696 159.4261 3.5916 -9.0183 5.5139 165.8925 1.3053 59.2186 2.4949 145.7764 2.4926
991 34.4947 2.5892 -8.4911 4.7088 -9.8449 0.7336 24.1752 2.6091 58.0117 2.4551 160.1152 4.0619 -9.4098 5.2732 166.7845 1.4811 58.0474 2.5054 146.1341 2.4819
992 35.4986 2.4973 -8.5847 5.3047 -9.7346 0.7894 25.6060 2.5166 58.0142 2.5201 161.2065 4.2127 -9.2945 4.8420 167.4202 1.3144 57.2272 2.4637 146.2462 2.4818
993 36.8396 2.5598 -8.5799 5.5293 -9.9429 0.4439 26.6830 2.6029 57.6532 2.4562 162.1076 4.3995 -9.4656 4.7987 167.8602 1.2654 56.2654 2.5662 146.2619 2.4567
994 38.0670 2.4749 -9.2345 5.6444 -9.6519 0.7904 28.2013 2.6512 57.1247 2.5481 162.9316 4.7380 -9.2626 4.6239 168.2696 1.7248 55.1636 2.3020 145.8757 2.5052
995 39.3736 2.6013 -9.4434 5.4667 -9.6849 0.8902 29.2183 2.5818 56.2376 2.5977 163.6345 4.9489 -9.4684 4.0353 168.6092 1.8588 54.3668 2.7759 145.5930 2.4443
996 40.7741 2.6735 -9.6821 4.8190 -9.6481 0.7996 30.3618 2.5344 55.4161 2.5983 164.4953 5.1413 -9.7396 3.3692 169.1335 1.7927 53.6128 2.5937 145.2455 2.4343
997 41.6981 2.4810 -9.7118 4.6104 -9.6497 0.6688 31.6735 2.5511 54.5130 2.5602 165.2661 4.9800 -9.8396 2.8755 169.5972 2.1315 53.1657 2.5249 144.4318 2.5443
998 42.5549 2.4749 -9.9812 4.4871 -9.2236 0.6774 32.7343 2.5362 53.4229 2.6115 165.7541 4.6676 -9.7308 2.5256 169.9472 1.9520 52.9167 2.4779 144.0695 2.3564
999 43.1216 2.4496 -9.9796 4.4456 -8.7536 0.8097 33.6102 2.3847 52.5766 2.4456 166.4271 4.6890 -9.5247 2.6341 170.5618 1.9294 52.6504 2.4781 143.1784 2.4211
1000 43.5292 2.5049 -9.4216 4.2710 -8.5587 1.0214 34.8428 2.5332 51.3694 2.6748 167.0177 4.8513 -9.5767 2.7989 170.6111 2.0406 51.9911 2.4849 142.7048 2.4236
1001 44.0332 2.5219 -8.7218 4.1305 -8.1608 0.9629 35.9017 2.6242 50.1506 2.4033 167.3598 4.6870 -8.8985 2.7263 170.4502 1.9396 51.7351 2.5228 142.0477 2.4623
1002 44.8138 2.5252 -8.4782 4.3877 -8.4497 0.8312 36.9068 2.5044 48.6723 2.5251 167.7644 4.8054 -8.6066 2.8224 170.5919 1.9925 51.7612 2.5153 141.3203 2.4922
1003 44.9055 2.4278 -8.4283 4.7345 -8.7046 1.0573 37.6515 2.5122 47.4671 2.5554 168.2699 5.3175 -8.6455 2.4489 170.9959 1.6395 51.1134 2.4926 140.6559 2.4774
1004 45.1889 2.3901 -8.3046 4.8793 -8.7569 0.7965 38.2616 2.4393 46.4072 2.5346 168.3728 5.0749 -8.4670 3.0498 171.1215 2.0254 51.0399 2.5161 139.5461 2.5051
1005 45.5664 2.4947 -8.3169 5.0464 -9.0142 1.0016 38.9218 2.5112 45.4344 2.4503 168.6304 5.3766 -8.6009 3.2484 170.9102 1.8476 50.9501 2.5122 138.4689 2.6266
1006 45.4382 2.5586 -8.0795 5.3561 -8.8425 1.1413 39.6504 2.6741 44.1306 2.7101 168.3823 5.7902 -8.6306 3.1433 170.7740 1.9428 50.5499 2.4738 137.4454 2.4044
1007 45.4076 2.4716 -7.9497 5.4169 -9.1297 1.0076 40.3813 2.4631 42.7642 2.4574 168.7483 5.5954 -8.8492 3.1305 170.5997 2.0080 50.4638 2.5717 136.0941 2.5628
1008 45.1041 2.4972 -7.6992 5.3622 -9.5324 1.0979 40.7104 2.4699 41.4784 2.3724 168.9155 5.6460 -9.0904 3.2658 171.1338 1.9653 50.4176 2.4843 134.3540 2.5987
1009 44.9157 2.5412 -7.7105 5.1170 -9.8910 0.8898 41.1924 2.5186 40.2956 2.4208 168.9413 5.6657 -9.3622 3.1801 171.1449 2.0152 50.0877 2.5105 132.9653 2.5643
1010 44.4857 2.4662 -7.7982 5.2840 -9.9765 1.0762 40.9648 2.4785 39.2410 2.2656 169.0998 5.6710 -9.5449 3.2239 170.8390 1.8339 49.7591 2.4145 131.6129 2.3589
1011 43.9928 2.5453 -8.0829 5.0659 -9.8815 1.1998 40.9305 2.5287 38.0294 2.2559 169.4551 5.6808 -9.9975 3.0547 170.9842 1.7771 49.5753 2.4900 130.2054 2.5074
1012 43.2172 2.4069 -8.4773 5.1443 -10.1184 0.9828 40.7507 2.5853 36.4161 2.3995 169.1543 5.7758 -10.5898 3.1171 171.2978 1.7911 49.4536 2.5070 128.8492 2.5735
1013 42.3949 2.5271 -8.2143 5.1584 -9.8012 0.7648 40.3397 2.4707 35.0262 2.5989 169.5342 5.4634 -10.6022 2.9922 170.9951 1.7393 49.5304 2.4086 127.5230 2.4102
1014 41.3259 2.6960 -8.2217 4.9132 -10.0185 0.8026 40.0082 2.5238 33.9716 2.3831 169.1849 5.8130 -10.7000 2.6455 171.2387 1.6703 49.1918 2.4443 125.7087 2.4612
1015 40.6560 2.4035 -7.9827 4.5912 -10.0810 0.5560 39.4188 2.5217 32.5716 2.5949 168.9442 5.7372 -10.8268 2.8265 171.3627 1.5542 48.8564 2.5000 124.1770 2.4843
1016 39.6871 2.5258 -8.0760 4.3575 -9.8723 0.5421 38.5588 2.4993 30.9157 2.5797 168.6721 5.7447 -10.9948 2.9160 171.3049 1.1825 48.8453 2.4941 122.7984 2.6068
1017 38.4606 2.4098 -7.8808 4.7169 -9.7185 0.6696 38.0570 2.5622 29.9238 2.4145 168.8692 5.4532 -10.3168 3.3565 171.3868 1.4035 48.6599 2.5526 121.8823 2.5592
1018 37.1609 2.4261 -7.4961 4.6810 -9.7086 0.7479 37.2151 2.5705 28.7324 2.4462 168.3610 5.6576 -9.6109 3.1567 171.4143 1.3476 48.8185 2.5686 120.4604 2.3228
1019 35.4292 2.3371 -7.1463 4.5368 -9.8509 0.8370 36.2924 2.4660 27.6604 2.3623 168.5743 5.1968 -8.8949 3.1196 171.1949 1.4637 47.8852 2.4915 119.2439 2.5473
1020 34.0328 2.4955 -6.8040 4.1397 -9.9227 0.8694 35.8057 2.5929 26.1564 2.7720 168.6204 4.9359 -8.4482 3.1819 170.6910 1.6089 46.8654 2.6266 118.1062 2.3091
1021 32.7701 2.4690 -6.4108 4.1175 -9.3515 0.7586 35.1601 2.6726 24.6064 2.6974 168.8290 4.6204 -7.7861 2.6325 170.0855 2.3372 46.3031 2.6072 116.6355 2.4212
1022 31.9135 2.5103 -6.5288 4.3160 -9.2186 0.7662 34.0915 2.4303 23.2980 2.4937 168.7022 4.4676 -7.3853 2.7296 169.6932 2.5195 45.5518 2.7182 115.3786 2.5947
1023 30.6329 2.5145 -6.6250 4.2965 -9.1200 0.8257 32.6657 2.5851 21.9251 2.5246 168.9931 4.3009 -7.2275 2.1243 169.5280 2.6173 44.2558 2.4912 114.4175 2.6143
1024 29.1290 2.2796 -6.7646 4.5846 -9.0408 1.0663 30.9648 2.5003 20.6641 2.4523 168.8028 4.0479 -6.9087 2.1651 169.4532 2.6576 43.2608 2.4550 113.3840 2.2781
1025 27.7498 2.5284 -6.0519 4.6184 -8.6805 1.3953 29.5528 2.4050 19.4542 2.5197 168.9946 3.5589 -6.8115 1.7552 169.3399 3.0627 42.2125 2.4409 112.4669 2.5245
1026 26.4425 2.5529 -6.2686 4.9466 -8.5645 1.6318 28.2031 2.5902 17.9095 2.6773 169.0437 3.5094 -6.8478 2.0244 169.2893 3.3753 40.6671 2.4999 111.1295 2.7974
1027 24.8603 2.4032 -6.4741 5.2350 -8.5247 1.4869 26.3946 2.5024 16.5467 2.6246 168.8853 3.2923 -6.5417 1.7018 169.3490 3.3671 38.9511 2.5072 109.5670 2.6035
1028 23.6142 2.7163 -6.2968 5.3162 -8.7417 1.3814 25.1911 2.5082 15.4034 2.4602 168.9037 3.0286 -6.4237 1.5402 169.4174 3.5142 37.1551 2.3767 107.8448 2.5198
1029 22.3293 2.3591 -6.7660 5.3069 -8.7533 1.1909 23.6731 2.4157 14.0991 2.3964 169.0831 2.7876 -6.3060 1.4159 169.0952 3.7000 35.6969 2.4862 106.3843 2.4939
1030 21.3074 2.5911 -6.9117 5.5215 -8.9253 0.8868 22.2952 2.5860 12.7171 2.6162 169.1230 2.4249 -6.1901 1.2751 169.3547 3.6595 34.4167 2.6187 105.4255 2.4958
1031 19.5132 2.6456 -6.5781 5.2785 -8.4144 0.6452 20.9210 2.5271 11.8417 2.6695 169.0386 2.2742 -5.5593 1.4740 169.1913 3.6950 32.9771 2.5892 104.1025 2.3212
1032 17.9526 2.6178 -6.6804 5.4785 -8.4864 0.6951 19.7923 2.3376 10.5277 2.6395 169.2794 1.8219 -5.3028 1.0852 168.9442 3.8397 31.9316 2.4106 102.3956 2.5261
1033 16.4714 2.7693 -6.5347 5.6459 -8.5386 0.3519 18.6803 2.3835 9.1572 2.5608 169.4772 1.6176 -5.0377 1.1630 168.8903 4.1982 30.4744 2.4632 100.8194 2.6752
1034 15.0041 2.5782 -6.8346 5.6385 -8.3634 0.2102 17.3589 2.4639 8.0083 2.9244 169.4220 1.4207 -4.7725 1.1910 169.0580 4.2670 28.6555 2.4177 99.2128 2.5475
1035 13.9596 2.6138 -7.1265 5.1686 -8.4619 0.4696 16.3296 2.4801 6.7869 3.1143 169.3174 1.2660 -4.2398 1.1395 169.0576 4.2607 27.3662 2.1662 97.6020 2.5113
1036 13.1319 2.2736 -7.2911 5.0620 -8.5829 0.5933 15.3279 2.3282 5.6915 3.3703 169.3788 1.0847 -4.1900 1.0337 169.2528 4.6200 26.1631 2.3495 96.2847 2.5807
1037 11.6560 2.5499 -7.2827 4.6586 -8.4366 0.5533 14.2908 2.5064 4.8256 3.4856 169.2887 0.7488 -4.1794 0.6528 169.2429 4.7143 24.6020 2.5050 94.8892 2.7076
1038 10.9138 2.3443 -7.5069 4.2510 -7.9903 1.0883 12.5177 2.9561 4.0335 3.3464 168.9711 0.3649 -4.1317 1.2331 169.3077 4.3404 23.0065 2.7062 94.0806 2.5567
1039 9.7906 2.4247 -7.8833 3.8497 -7.9337 1.0583 10.5073 2.7991 3.2197 3.7869 168.4857 0.3288 -4.1932 0.8197 169.6599 4.4487 21.4168 2.6493 93.0752 2.5270
1040 9.0153 2.4825 -8.3209 3.1764 -8.0340 0.8714 9.2666 2.9222 2.4005 3.7729 167.4773 0.7552 -4.1710 1.1777 169.5938 4.5783 20.0658 2.6621 92.5650 2.5182
1041 8.1457 2.2986 -8.2338 2.3000 -7.7822 1.2889 7.9808 2.8821 1.4153 3.9310 166.9926 0.8095 -4.5051 1.0692 169.6476 4.7701 18.9369 2.3468 92.1228 2.4880
1042 7.4441 2.5740 -8.4567 1.7376 -7.7358 1.7184 7.3888 3.2148 0.4710 4.1676 166.5376 0.8829 -4.7162 0.7323 169.6002 5.1500 17.8825 2.5248 91.8956 2.6615
1043 6.9086 2.2809 -8.6328 1.3391 -7.5936 1.8096 6.0519 3.3579 -0.5816 4.4579 166.2253 1.3281 -4.9757 0.4458 169.6333 4.7993 16.4206 2.3623 91.2361 2.4365
1044 6.1908 2.6229 -8.5956 1.2318 -7.7185 2.1674 5.0399 3.2317 -1.7208 4.8417 165.6698 1.4671 -5.3255 0.6408 169.8610 4.7797 14.7869 2.4405 90.5505 2.4710
1045 5.8277 2.6454 -8.5281 1.3165 -8.4018 2.4400 4.0419 3.3576 -2.3611 4.8147 165.5859 1.8903 -5.7621 0.7154 170.1774 4.5781 13.3893 2.5564 90.2681 2.4723
1046 5.4786 2.5101 -8.9627 1.4029 -8.0212 2.6156 3.5810 3.0579 -3.4964 4.9482 165.5102 2.3077 -6.1762 0.7635 169.9474 4.3207 12.0154 2.5305 90.0151 2.4901
1047 5.5923 2.5081 -8.9192 1.3935 -8.4150 2.5484 2.6502 3.4878 -4.4080 4.6784 165.6820 2.4589 -6.6930 0.7849 170.3797 4.2935 10.5089 2.3505 90.1025 2.5542
1048 5.3343 2.4718 -8.7511 1.4247 -8.3285 2.6725 2.0010 3.4372 -5.4064 4.5813 165.7844 2.6824 -7.1211 0.4249 170.5341 3.9130 9.4560 2.2303 90.0863 2.4643
1049 5.6992 2.5136 -8.2765 1.5187 -8.4895 2.2729 1.4377 3.4525 -6.1318 4.6494 165.8680 3.2390 -7.4144 0.0664 170.6177 3.7287 8.4457 2.1033 90.0460 2.4394
1050 5.6386 2.4662 -7.9469 1.5624 -8.4677 2.1784 0.6695 3.6543 -6.4392 4.8170 166.2045 3.7712 -7.2858 -0.2163 170.7113 3.1457 7.0150 1.8081 90.1807 2.3752
1051 5.9777 2.5191 -8.0533 2.0692 -8.8462 2.5677 0.0930 3.4784 -7.1594 4.3902 166.1518 4.3297 -7.4460 -0.2366 170.6746 2.9894 5.5249 1.2702 90.4529 2.4761
1052 6.6539 2.5919 -7.9486 1.9884 -8.4605 2.6833 -0.1768 3.3931 -7.7169 3.9670 166.0049 4.7896 -7.6691 0.0152 170.5817 2.5570 4.3574 1.4729 91.0786 2.4576
1053 7.5915 2.4044 -7.5277 2.2937 -8.1113 2.3351 -0.3351 3.5243 -7.6752 3.6836 166.1786 4.9997 -7.7486 0.2215 170.8581 2.3804 2.8563 1.2508 91.3634 2.4022
1054 7.8907 2.6226 -7.7337 2.0139 -7.5244 2.5959 -0.8344 3.3539 -8.0950 3.1835 166.0943 5.2139 -8.3089 0.2757 170.9226 2.0354 1.3090 1.0070 91.6128 2.4436
1055 8.5135 2.4944 -7.6750 1.9639 -7.4455 2.8452 -0.7904 3.4535 -8.2265 3.1021 166.2364 5.3279 -8.8760 0.2931 170.8954 1.8188 0.2417 0.8336 92.3362 2.4765
1056 9.1199 2.5261 -7.6765 2.3844 -6.9620 2.9612 -0.8278 3.5116 -8.0103 2.9640 166.4428 5.2306 -9.1380 0.8198 170.7427 1.6010 -1.1032 0.8188 92.9463 2.5267
1057 9.6945 2.4981 -7.5385 2.3915 -6.4775 2.7460 -0.9122 3.4137 -8.0693 2.7542 165.9906 4.9748 -9.8577 0.8123 170.8466 1.6763 -2.1753 0.6152 93.4129 2.4777
1058 10.4798 2.6151 -7.4774 2.4663 -6.0607 3.0606 -0.9562 3.2096 -7.8896 2.2470 166.0596 4.8923 -9.9779 1.0665 170.7083 1.6357 -3.1797 0.8114 93.8037 2.5940
1059 11.2027 2.5976 -7.5587 2.5715 -5.1590 3.0959 -0.8316 3.2173 -7.8687 1.9624 165.7005 5.0433 -10.3373 1.2418 170.6768 1.3656 -4.1971 0.8979 94.3420 2.4545
1060 11.9589 2.5538 -7.6248 2.5272 -4.4717 3.1282 -0.6061 3.1661 -8.0633 1.7477 165.6199 5.1110 -10.4361 1.7181 170.6346 1.3258 -4.9668 1.2058 94.3805 2.4665
1061 12.9364 2.6813 -7.4061 2.5136 -4.2415 3.1049 -0.3261 2.9838 -7.9909 1.5450 166.1284 5.0884 -10.3548 1.6289 170.4967 1.6885 -5.2106 1.3084 94.9553 2.4156
1062 13.5667 2.5979 -7.4057 2.8944 -3.8349 3.3507 -0.2012 2.9367 -7.6672 1.6910 166.1439 5.2005 -10.4584 1.7621 170.3032 1.7553 -6.1600 1.8607 95.2707 2.4462
1063 14.3700 2.5893 -7.4007 3.1443 -3.6434 3.6657 -0.2098 2.9845 -7.7570 1.4971 166.3546 5.2431 -10.6416 2.0368 169.9588 1.8724 -6.3824 1.9781 95.6479 2.5429
1064 15.0686 2.3589 -8.0281 3.1450 -3.2410 3.9798 0.0466 3.2802 -7.8097 1.6237 166.7021 4.6905 -10.6722 2.1365 169.8880 1.4700 -6.6774 1.9949 95.8406 2.4713
1065 14.9135 2.5336 -8.1661 3.1142 -3.1833 3.8571 0.2594 3.0781 -7.3775 1.7377 166.6902 4.9556 -10.4269 2.0946 169.5728 1.0079 -6.9349 1.9929 95.8732 2.4732
1066 15.2944 2.5049 -7.9538 3.0616 -2.8622 3.7041 0.6952 3.3070 -7.1875 1.6618 166.4339 5.0754 -10.4342 2.0850 169.2337 0.7535 -7.5706 1.8376 96.1300 2.4221
1067 15.4812 2.5680 -7.7219 3.0229 -2.4719 3.5026 0.8006 3.1099 -7.2306 2.0494 166.6613 4.9036 -10.2733 2.2917 168.9036 0.5045 -7.6652 1.2497 96.1321 2.4538
1068 15.6639 2.4816 -7.7878 3.6673 -2.6546 3.4278 0.6607 2.8333 -6.6740 1.8081 166.8975 4.9262 -10.0522 2.3584 168.9354 0.5346 -7.9700 1.5112 96.0566 2.4831
1069 15.6947 2.4172 -7.7105 3.6694 -2.5230 3.2931 0.6809 2.5915 -6.6704 2.0534 166.9162 4.6280 -10.0045 2.4153 168.6746 0.4550 -8.1020 1.5712 95.9842 2.4345
1070 15.3487 2.4441 -7.8561 3.4664 -2.2526 3.2405 0.8357 2.3800 -6.9559 2.4243 166.6759 4.6253 -9.4628 2.7755 168.8663 0.8076 -8.4874 1.5136 95.3269 2.5256
1071 14.8901 2.5154 -7.8910 3.8042 -2.4472 2.7719 0.7634 2.1520 -6.8330 2.5101 166.4159 4.4258 -9.6879 2.9302 169.2041 0.8075 -8.5604 1.5316 94.9198 2.5096
1072 14.5790 2.5822 -8.3622 3.7810 -2.1300 2.4346 0.4888 1.8457 -6.9964 2.6416 166.5791 4.3735 -9.5848 3.2413 169.2564 0.6033 -8.5000 1.8743 94.0238 2.4895
1073 14.2743 2.4469 -8.6552 3.9427 -2.1612 2.3066 1.0192 1.9286 -6.9541 2.8103 166.6781 4.3740 -9.5740 3.2894 169.4506 0.4166 -8.5149 2.1226 92.8557 2.4805
1074 13.3962 2.4232 -8.6300 3.6123 -2.4094 2.0419 1.0507 1.7068 -6.7808 2.8783 166.4969 4.4732 -9.5501 3.4856 169.4115 0.3532 -8.6365 2.2739 92.0543 2.4613
1075 12.7243 2.4555 -8.8601 3.8578 -2.6141 1.9920 0.8250 1.6797 -7.2465 3.0074 166.3254 4.5010 -9.9375 3.7131 169.7326 0.4832 -8.5523 2.4663 91.4330 2.4996
1076 11.7913 2.2690 -9.3722 3.9466 -2.4789 2.1903 0.2542 1.5767 -7.2221 2.9727 166.2024 4.6284 -9.7417 3.9843 170.2418 0.7774 -8.7246 2.4982 90.6803 2.5210
1077 10.7175 2.1345 -9.4190 4.1651 -2.1391 1.8894 0.0674 1.5723 -7.3797 2.8060 166.0470 4.5027 -9.9362 4.0143 170.1813 0.7233 -8.2938 2.8657 89.3736 2.5600
1078 9.6732 1.9037 -9.4745 4.0122 -2.3210 1.4176 -0.1257 1.4354 -7.5602 3.0291 166.6245 4.4179 -9.7734 4.6032 170.4893 0.8684 -8.1783 2.9252 87.7962 2.4777
1079 8.8869 1.6785 -9.6198 3.8815 -2.4055 1.1731 -0.1314 1.1399 -7.5949 3.0304 166.6727 4.2386 -9.3347 4.4888 170.5535 0.9408 -7.5925 2.7917 86.0838 2.4369
1080 7.6201 1.7211 -9.9106 3.7911 -2.2584 0.9191 -0.4692 0.7792 -7.5971 2.8264 166.5221 4.4013 -8.7326 4.8149 170.7519 1.1464 -7.3341 2.6361 84.5010 2.1755
1081 6.3912 1.2866 -10.0066 3.7197 -2.9758 0.7388 -0.9508 1.0414 -7.7176 2.4734 167.0277 4.5024 -8.3384 4.7157 171.1241 1.7648 -7.0298 2.4123 83.2323 2.4114
1082 5.3154 1.4936 -10.0638 3.6615 -3.3542 0.3572 -1.2858 0.7377 -7.3168 2.6464 167.8499 4.4443 -8.1934 4.6793 170.9656 2.2060 -6.6436 1.9356 81.9810 2.5679
1083 3.7993 0.9976 -9.9317 3.6361 -3.8565 -0.0721 -2.0017 0.4872 -7.4224 2.4319 168.5809 4.5686 -8.1427 4.5330 171.2034 2.2281 -6.2779 1.7194 80.4492 2.5002
1084 2.7905 1.1299 -9.6272 3.2402 -3.9203 -0.1975 -2.7382 0.3674 -7.9333 2.4357 169.0732 4.3953 -8.0785 4.8014 170.9509 2.3401 -6.0932 1.7544 79.0257 2.3356
1085 1.6104 0.8856 -9.4190 3.2345 -4.9293 -0.5307 -3.0215 0.3359 -8.2107 2.3591 169.5151 4.4304 -8.0540 4.5896 170.3400 2.6534 -6.2325 1.4631 77.9673 2.4610
1086 0.5052 0.7992 -9.2535 3.6281 -5.5894 -0.4286 -3.5551 0.2698 -8.2072 1.9094 169.7840 4.1903 -7.6030 3.9781 169.7558 2.7909 -6.5973 1.6124 76.4442 2.5487
1087 -0.9489 0.4780 -8.9328 3.5389 -5.7475 -0.1703 -4.0464 0.3907 -8.2817 1.5827 170.0252 4.4471 -7.6895 3.6574 169.7310 2.7516 -6.8324 1.3977 74.9320 2.6484
1088 -1.9746 0.4054 -8.7974 3.6315 -5.9784 -0.2796 -4.2450 0.1339 -8.3346 1.3016 170.2129 4.3642 -7.4423 3.6449 169.7375 3.2520 -6.8209 1.7903 73.7591 2.6802
1089 -2.9170 0.2553 -8.3743 4.0057 -5.9687 -0.0391 -4.4926 -0.1500 -8.6857 0.7819 170.2370 4.2214 -7.8223 3.7457 169.8430 3.3537 -6.9379 1.5065 72.5654 2.4664
1090 -3.8930 0.1634 -8.0459 4.3175 -5.9715 -0.0149 -4.8695 -0.0275 -8.8483 0.5681 170.3407 3.6279 -7.8631 3.2268 169.7834 3.6246 -7.1778 1.3145 71.6026 2.5605
1091 -4.4709 -0.1805 -7.4175 4.3189 -6.1283 0.4362 -4.8725 -0.3090 -9.1541 0.8182 170.4840 3.0336 -7.8489 2.9376 169.7188 3.7128 -7.6192 0.9397 71.0357 2.5202
1092 -5.2819 -0.3807 -6.8422 3.9960 -5.6584 0.7871 -5.5179 -0.5017 -9.2579 0.6281 170.2475 2.6104 -7.9628 2.5308 169.7155 3.9173 -7.7630 0.6309 70.1771 2.5370
1093 -5.8386 -0.2439 -6.5182 3.7670 -5.4615 0.8742 -5.6659 -0.7621 -9.2966 0.6899 170.3053 2.4814 -8.2547 2.9276 169.6033 4.2893 -8.2018 -0.0183 69.6698 2.4668
1094 -6.0852 -0.0352 -5.8936 3.8696 -5.2334 0.6756 -5.5488 -0.6859 -9.3276 0.4762 170.3728 2.6509 -7.7015 3.1328 169.2681 4.8091 -8.3492 -0.2231 69.3221 2.4591
1095 -6.4512 0.4854 -5.8719 3.6928 -4.9847 0.9178 -5.3827 -0.7188 -9.1612 0.3670 170.5705 2.7243 -8.0311 3.3398 169.0403 5.0025 -7.9045 -0.1094 68.7789 2.5897
1096 -6.4228 0.5330 -5.3971 3.3702 -4.9666 1.0795 -5.4366 -0.8275 -9.2153 0.2952 170.7072 2.5868 -7.7175 3.3564 168.6980 5.3605 -8.2735 0.0667 68.3962 2.5039
1097 -6.2632 0.7459 -5.3836 3.2362 -4.5854 1.6178 -5.4420 -0.5122 -8.6044 0.2703 171.0555 2.5342 -7.9971 3.8409 167.9958 5.6724 -8.0599 0.0790 68.1290 2.4598
1098 -6.5206 0.7779 -5.3195 2.8884 -4.6018 1.8799 -5.5402 -0.5922 -8.6433 0.2363 171.0586 2.7274 -7.7411 4.0714 167.6147 5.0094 -8.2011 -0.0470 68.1633 2.5731
1099 -6.6803 1.1898 -4.9211 2.7418 -4.3183 2.3379 -5.7176 -0.2649 -8.8584 0.6653 170.8219 2.6138 -8.1927 4.6093 167.6145 4.7929 -7.9985 0.0308 68.2708 2.4975
1100 -6.6760 1.3455 -4.9997 2.4454 -4.1797 2.2387 -5.9745 -0.2795 -9.0365 0.5384 171.3303 2.5230 -7.8815 4.9663 167.3250 4.6851 -7.7956 0.0031 68.2047 2.4703
1101 -6.9870 1.8251 -4.6525 2.6143 -4.1338 2.5407 -6.4157 0.2980 -8.9776 0.6893 171.0605 2.3753 -7.8479 5.2815 167.2048 4.4655 -7.5227 0.0685 68.5183 2.4785
1102 -7.4053 2.2767 -4.5288 2.6060 -4.5374 2.7758 -6.7853 0.2298 -8.8324 0.5302 171.4044 2.3816 -7.4780 5.1662 166.7385 3.9033 -7.0182 -0.4194 68.4037 2.4425
1103 -7.4674 2.9165 -4.7891 2.7481 -5.1608 3.0202 -7.0310 -0.0066 -8.7142 0.3271 171.2479 2.4547 -7.4379 5.1295 166.4038 3.3238 -7.0000 -0.4353 69.0310 2.4477
1104 -7.4646 3.4402 -4.6997 2.6380 -4.9073 2.8684 -7.3058 0.2987 -9.2626 0.5439 171.1181 2.6628 -7.0525 4.8373 166.1447 3.5077 -6.5482 -0.2395 69.3189 2.4092
1105 -7.5765 3.7919 -4.4441 2.2667 -5.2222 2.8257 -7.3013 0.4700 -9.5598 0.8508 170.7754 2.4754 -6.7080 4.4950 165.9460 3.1020 -7.1093 -0.2968 69.6773 2.6340
1106 -7.5425 3.7133 -4.3137 2.0253 -5.2106 3.4467 -7.7720 0.6392 -9.5405 0.9406 170.2300 2.8962 -6.3679 4.4574 165.7172 2.9021 -7.3137 -0.4233 70.7015 2.5919
1107 -7.4624 3.9485 -4.2888 1.6436 -5.4248 3.6033 -7.9621 0.9035 -9.6032 1.0308 170.1145 3.2572 -6.7014 4.6742 166.2082 2.6227 -7.7935 0.0223 71.3156 2.5575
1108 -7.2887 3.9372 -4.4371 1.3829 -5.7280 3.4133 -7.9671 1.1018 -9.2870 1.0217 169.7368 3.2144 -6.4680 4.6670 166.6659 2.4370 -8.0488 0.2906 72.0793 2.4271
1109 -7.2546 4.1387 -4.5296 1.0133 -5.5467 3.6251 -8.0585 0.8317 -9.0950 1.1035 169.6838 3.2241 -6.4459 4.7784 166.5740 2.2469 -8.4065 0.3984 72.9641 2.5299
1110 -7.2387 4.4253 -4.8382 1.5813 -5.3863 3.7201 -8.3246 0.5462 -8.7252 1.3518 169.6069 3.3050 -6.6545 4.4421 166.6564 1.4680 -8.6896 0.4412 74.0631 2.3897
1111 -7.6783 4.4948 -4.6071 1.5524 -4.7398 4.1188 -8.3230 0.7587 -8.3849 1.7452 169.7442 2.8379 -5.7381 4.2405 166.6347 1.2428 -8.4559 0.5430 74.8932 2.3022
1112 -7.4992 4.5032 -4.3724 1.8691 -4.6018 4.5569 -8.1553 0.8293 -7.8377 1.7137 169.2943 2.5701 -5.4149 4.3167 165.9727 0.9950 -8.7906 0.6061 76.3521 2.6391
1113 -7.5003 4.2377 -4.2934 1.6313 -4.5880 4.2234 -7.9631 0.6931 -7.3784 1.8098 168.7825 2.0225 -4.8224 4.3918 166.6224 0.6409 -8.9879 0.9417 77.6385 2.5631
1114 -7.5750 4.1362 -4.6248 1.9678 -4.8567 3.9634 -8.1836 1.0389 -6.9761 2.2866 168.8549 2.1973 -4.0824 4.1310 167.1049 0.3325 -8.9056 0.8473 79.6430 2.6431
1115 -7.9266 3.9729 -4.6370 2.6817 -4.4541 4.0453 -7.9688 1.3014 -6.9305 2.0474 168.9802 2.3258 -2.7600 4.1556 166.7861 0.2520 -9.2030 0.5747 80.9138 2.4173
1116 -7.8006 4.0039 -4.9339 2.7977 -4.2278 4.0288 -8.1383 1.2180 -6.9437 2.3499 169.1694 2.3581 -1.7690 4.1628 166.8151 0.1843 -9.3484 0.6645 81.7905 2.5162
1117 -7.8794 4.0127 -5.0611 3.0305 -4.4567 4.0840 -7.9389 1.2581 -7.0756 2.5345 169.1215 2.3491 -1.2469 4.2665 166.4119 -0.0867 -9.1991 0.5776 82.9286 2.3896
1118 -8.0968 4.4881 -5.3444 2.9314 -4.4510 3.8364 -7.8598 1.5076 -6.9732 2.4663 168.9418 3.3135 -0.3167 4.4383 166.3933 0.0243 -8.7462 1.0642 84.2406 2.2719
1119 -8.0368 4.4603 -5.8339 3.1069 -4.6173 4.1249 -7.5509 1.6399 -6.5147 2.6441 169.2652 3.4321 0.3547 4.4330 166.4216 -0.3999 -8.5264 1.1361 85.2266 2.5783
1120 -8.0867 4.3809 -6.3288 3.3214 -4.4699 3.9518 -7.1892 1.8080 -5.9786 2.6579 169.4288 3.7411 1.1193 4.5093 166.8046 0.0259 -8.8143 1.2430 86.7611 2.3706
1121 -8.1332 4.0921 -7.0298 3.8171 -4.5965 3.5890 -6.9023 1.7943 -5.5274 2.7548 169.3246 4.0896 2.4917 4.2654 166.6466 -0.0066 -8.9292 1.5253 88.0674 2.3196
1122 -7.9550 4.2866 -7.3134 3.6587 -4.9583 3.5409 -6.9318 2.0278 -5.0108 2.6452 169.3009 4.7186 3.9586 4.0707 166.7902 0.2230 -9.0282 1.6176 89.4567 2.5792
1123 -8.3292 4.0862 -7.3533 4.1011 -5.0935 3.7462 -6.6825 1.8714 -4.6753 2.5431 169.0458 4.7978 5.3767 3.8035 166.3981 0.5222 -8.9530 1.8875 90.8923 2.3934
1124 -8.5596 3.8129 -7.5511 4.2142 -5.3872 3.5612 -6.5463 1.7019 -4.6897 2.3411 168.6138 5.3604 6.3359 3.5314 166.5426 0.8045 -8.7541 1.9996 92.0221 2.5549
1125 -8.6179 3.6276 -7.8061 4.1079 -5.4694 3.4727 -6.2753 1.3336 -4.1257 1.9202 168.3761 5.2353 7.6983 3.1893 166.6434 1.0601 -9.1929 2.1630 92.9365 2.6278
1126 -8.4016 3.4763 -7.6528 4.1929 -5.2375 3.9202 -6.3824 0.9939 -3.5002 1.7207 167.6458 5.5315 8.9789 2.9106 166.6165 1.6588 -9.4727 2.3486 93.7898 2.6256
1127 -8.0714 3.2222 -7.8785 4.5530 -5.2508 4.0750 -6.6964 0.5417 -2.7851 1.7907 167.5034 4.9001 10.2033 2.8532 166.8273 1.9353 -9.7991 2.6174 95.1097 2.6590
1128 -7.7463 3.2483 -8.4024 5.0195 -5.2499 4.0696 -6.4861 0.7476 -2.0098 1.7638 167.4951 4.2379 11.5991 2.6260 167.0581 2.2613 -9.9342 2.6983 95.8939 2.4903
1129 -7.2680 3.2750 -8.5879 5.1917 -5.2268 3.8867 -6.4356 0.5507 -1.2947 2.0544 167.2489 3.8469 13.1493 2.5042 167.2669 2.2317 -9.6317 2.8487 96.7137 2.2759
1130 -6.8849 3.0291 -8.8938 5.4602 -4.9005 3.5680 -6.1484 0.4834 -0.9791 2.4584 166.9381 3.5313 14.2838 2.3864 167.1871 2.4093 -9.4373 2.9071 97.2964 2.5065
1131 -6.8947 3.1577 -8.7868 5.2588 -4.8526 3.0341 -6.2803 -0.1000 -0.3426 2.5701 166.8018 3.3438 15.8377 2.6023 166.8954 2.8637 -9.9819 3.1522 98.0153 2.4518
1132 -6.6874 3.0862 -8.8414 4.9841 -4.9747 2.7335 -6.1283 0.0734 -0.1578 2.8897 166.4819 2.9254 17.0059 2.3271 166.9054 2.7218 -10.0725 3.1450 98.4086 2.3708
1133 -6.3636 3.0199 -9.3173 5.0553 -5.2724 2.7283 -6.0074 -0.1695 0.7599 2.8847 166.1429 2.7934 18.5331 2.4771 166.9938 2.5277 -10.2721 3.4073 99.0364 2.4833
1134 -6.3934 2.6916 -9.7979 4.8782 -5.2156 2.1761 -6.3399 -0.3325 1.7241 2.6650 165.7826 3.0196 19.8867 2.3928 166.6604 2.1474 -10.2044 3.8818 99.2300 2.4097
1135 -5.7180 2.7391 -9.7008 4.8498 -5.2822 1.9232 -6.4888 -0.4399 2.5782 3.2372 165.4600 2.9009 21.2406 2.3470 166.5182 2.1506 -10.0026 3.4339 99.4713 2.5419
1136 -5.3459 2.4312 -9.4788 4.6906 -5.2703 1.6661 -6.6696 -0.3260 3.3048 3.3067 164.9665 2.7184 22.7778 2.3359 166.9163 2.2546 -9.7979 3.5634 99.6299 2.4968
1137 -5.2824 2.4191 -9.5099 4.7514 -4.7801 1.1942 -6.9914 -0.4753 4.4856 3.1982 164.4487 2.9784 23.7639 2.2727 166.6593 2.2197 -9.6883 3.4849 99.6720 2.4602
1138 -4.8853 2.3734 -9.5072 4.3955 -4.5839 0.8443 -7.5734 -0.3485 5.6415 3.4391 164.0428 3.1853 25.3026 2.4827 166.7762 2.2995 -9.5695 3.4449 99.2613 2.5027
1139 -4.5947 2.3891 -9.8155 4.4557 -4.5650 0.8485 -7.9990 -0.1801 6.9221 3.0093 164.3256 3.0928 26.2779 2.2871 167.2311 2.4096 -9.3382 3.1258 99.1450 2.5092
1140 -4.2038 2.1538 -9.8025 4.2012 -4.5633 0.6753 -8.4565 -0.1285 8.1312 2.7956 163.8640 3.2255 27.7954 2.4008 167.6294 2.3819 -9.2275 2.7934 98.8416 2.4531
1141 -4.2317 2.2415 -9.1848 4.5822 -4.7255 0.4268 -8.7004 0.1867 9.3866 2.5775 163.2926 3.1634 29.4732 2.5569 167.9613 2.6446 -8.9338 2.2588 98.1752 2.4841
1142 -4.0194 2.4610 -8.9882 4.5842 -4.1903 0.1829 -8.8046 0.6871 10.7533 2.7983 163.5013 3.0170 31.3058 2.4706 168.1217 3.3252 -8.7874 2.1625 97.2522 2.4584
1143 -3.7202 2.2849 -9.0160 4.6665 -4.3735 0.2825 -9.1470 1.0297 12.1662 2.6929 163.7451 2.8923 32.8495 2.3848 168.5171 3.5966 -8.5449 1.9234 96.7170 2.4639
1144 -3.1732 2.3384 -8.9616 4.5267 -4.8008 0.2569 -9.2394 1.5453 13.2311 2.4928 163.6631 2.6095 34.0273 2.3837 168.9542 3.6455 -8.4309 1.4783 96.1020 2.4736
1145 -2.8168 1.6954 -8.6298 4.4965 -4.6592 0.1461 -9.4365 1.8224 14.6674 2.4854 163.6647 2.1631 35.1811 2.5262 169.2881 4.1453 -8.9011 0.7901 95.5002 2.6134
1146 -1.9889 1.8708 -8.7132 4.2454 -4.9176 -0.1079 -9.1328 1.9976 16.1968 2.4080 163.5397 2.2030 36.2817 2.6569 169.3147 4.4349 -9.1707 0.5410 94.4756 2.5606
1147 -1.5348 2.1436 -8.6976 3.8317 -5.2754 0.0630 -9.1160 2.1919 17.4345 2.4155 163.7822 1.9869 37.5688 2.5507 169.1803 4.2534 -8.9591 0.4274 93.6030 2.3346
1148 -0.8577 1.3771 -8.9913 3.7298 -5.4736 -0.1209 -8.9694 2.1258 18.6341 2.3683 164.1766 1.9030 38.7638 2.4527 169.1844 4.5463 -8.9146 0.1625 92.6479 2.2588
1149 -0.2973 1.1243 -9.6311 3.5145 -5.8192 -0.3980 -8.6163 2.5872 19.8003 2.4624 164.1500 1.4378 39.4083 2.4302 169.0607 4.2057 -8.8069 -0.1529 91.9230 2.5749
1150 0.1191 0.8579 -9.7018 3.3192 -6.3596 -0.4157 -8.1042 2.7289 20.9448 2.3437 164.7779 1.2965 40.2886 2.4722 169.0653 3.8868 -8.5143 -0.4318 90.9530 2.5461
1151 0.5543 0.9605 -10.0365 3.0873 -6.4751 -0.5627 -7.8989 3.2312 21.8092 2.3179 164.8690 0.9037 41.0392 2.6314 168.9310 3.6991 -8.4861 -0.6311 89.9428 2.6703
1152 1.0861 0.9025 -9.5710 2.6116 -6.6098 -0.4328 -7.5164 3.0058 22.7636 2.5264 164.9041 0.6461 41.6525 2.4785 168.6063 4.0259 -8.4546 -0.6582 88.9515 2.5962
1153 1.7298 1.2774 -9.3802 2.5773 -7.2181 -0.4111 -7.3827 3.4758 23.7522 2.5320 164.6694 0.7049 42.3687 2.5103 168.3002 3.8692 -8.2147 -0.7683 87.8093 2.5520
1154 2.2889 1.5117 -9.4399 2.3566 -7.4087 -0.4633 -6.6420 3.7084 24.6806 2.4946 164.9762 0.5204 43.0922 2.5082 168.3061 4.0318 -7.9079 -0.7764 87.0644 2.4585
1155 2.9842 1.6484 -9.8117 2.3697 -7.5491 -0.1878 -6.0188 3.8320 24.9200 2.5576 165.1908 0.4079 43.7495 2.5338 168.0594 3.9828 -7.4718 -0.9621 86.2555 2.5694
1156 4.0136 1.8913 -10.0585 2.4392 -7.2574 0.0934 -5.2890 3.7545 25.1179 2.5626 165.3866 0.8476 43.8080 2.5762 167.7631 3.9363 -6.9742 -0.9547 85.9000 2.3732
1157 4.8642 2.1481 -10.1746 2.1596 -7.5537 -0.0184 -4.5287 4.0384 25.5726 2.5114 166.1666 0.8052 44.0413 2.5324 167.3407 4.3112 -6.8720 -0.7476 85.4393 2.4064
1158 6.0226 2.0851 -10.0661 2.0775 -7.5481 0.5375 -3.6257 3.9016 25.9597 2.4895 166.7684 1.0771 43.9183 2.5623 166.6015 4.0625 -6.7529 -0.5528 85.0985 2.4711
1159 7.0880 1.9488 -10.0061 2.0210 -7.6760 0.8502 -3.0680 4.1295 25.8599 2.5652 167.1698 0.9166 43.6686 2.5343 166.1889 3.9378 -6.9499 -0.5901 84.3232 2.6418
1160 8.1396 1.8579 -10.0749 2.1670 -7.8439 0.9460 -2.4269 4.0464 25.4322 2.4885 167.6035 0.7549 43.5021 2.4916 165.8294 4.1092 -7.0186 -0.2882 84.2959 2.5527
1161 9.0706 1.8675 -10.3744 2.2112 -7.4548 1.4120 -1.3765 4.0008 25.2921 2.4870 168.1888 0.7355 43.1474 2.5103 165.1727 3.8041 -6.9923 0.2382 84.1786 2.5880
1162 10.5465 2.2420 -10.3497 2.3008 -7.4785 1.8489 -0.2262 4.1449 25.1933 2.6040 168.5377 0.5326 43.0332 2.5730 164.6015 4.3281 -6.7768 0.3021 83.8552 2.4551
1163 11.8023 2.2329 -10.0141 2.3858 -7.5452 2.2375 0.6348 4.0655 24.8001 2.4864 168.6847 0.3993 42.2716 2.4709 163.8228 4.6014 -6.7294 0.3050 83.9290 2.4637
1164 12.8953 2.3209 -10.0008 2.9271 -7.2955 2.7268 2.0436 3.6260 24.3593 2.4149 168.8731 0.3742 42.2159 2.5743 163.1576 4.5904 -6.8038 0.4486 83.6140 2.5127
1165 13.8903 2.4482 -9.7649 3.1902 -7.4068 2.2062 3.2607 3.4153 23.3186 2.5366 169.3344 0.4272 41.5518 2.5367 162.7535 4.3211 -6.7257 0.4502 83.2274 2.4436
1166 15.2409 2.6897 -9.8443 3.3719 -7.2135 2.6130 4.4274 3.2461 22.5670 2.5126 169.5710 0.6743 40.7679 2.5936 162.3219 4.4716 -6.4889 0.5681 83.4688 2.4749
1167 16.4475 2.5548 -9.9845 3.3411 -7.7441 2.6948 5.7844 2.9756 21.9733 2.4820 169.8698 0.7270 39.7315 2.6520 161.8065 4.2306 -6.1849 0.7305 83.4004 2.5272
1168 17.5837 2.5653 -9.8610 3.6116 -8.0075 3.1927 7.0263 2.8107 21.2262 2.5669 169.9147 0.7329 38.6595 2.5147 161.4158 3.8262 -6.0799 0.6704 83.2046 2.5200
1169 18.8307 2.5616 -9.4241 3.7058 -7.7818 3.5055 7.9834 2.7228 20.1647 2.6175 170.1779 1.0141 37.2684 2.5978 161.2892 3.1150 -6.1596 0.7856 83.0373 2.5486
1170 19.9737 2.3436 -9.2130 3.8414 -7.6037 3.6022 9.0195 2.6054 19.1260 2.5457 170.1071 0.4630 36.3887 2.6474 161.5204 2.7294 -6.0661 0.5855 83.2363 2.4433
1171 21.1513 2.4598 -9.3089 3.3887 -7.1772 3.7997 10.7752 2.5968 18.0823 2.5948 170.2868 0.0852 34.8016 2.6320 162.1306 2.2256 -5.9550 1.1628 83.7067 2.4403
1172 22.2200 2.4833 -9.1028 3.0877 -7.2044 3.5934 11.9227 2.5892 16.5710 2.3993 169.5661 -0.1465 33.2310 2.3447 162.1232 2.2168 -5.6950 1.1970 84.1684 2.4631
1173 23.5114 2.5743 -8.8472 2.9013 -6.6808 3.5893 12.7223 2.5302 15.8092 2.5785 169.3721 -0.0369 31.9418 2.6728 162.3961 1.7646 -5.7697 1.8219 84.2087 2.5533
1174 25.6011 2.5665 -8.8631 3.2470 -6.7241 3.9466 13.6333 2.5452 14.1732 2.3761 168.6603 0.0260 30.6842 2.4368 162.7835 1.5498 -5.4536 2.5140 84.2850 2.4743
1175 27.1626 2.4857 -8.7900 3.3558 -6.3845 4.3741 14.5545 2.4297 12.6469 2.5987 168.5106 -0.0663 29.2516 2.5899 163.2436 1.3119 -5.4158 3.1081 84.5525 2.4748
1176 27.9957 2.6361 -8.6691 3.5498 -5.8064 4.2625 15.2378 2.5646 11.4427 3.0554 168.6302 0.1531 27.7963 2.5747 163.5280 1.1263 -5.7395 3.4386 84.2606 2.4715
1177 29.3448 2.6231 -8.9295 3.8815 -5.2745 4.4605 16.3779 2.5659 10.2673 2.9425 168.6873 0.3140 26.2225 2.4869 163.5011 0.8606 -5.9999 3.6929 83.9109 2.5500
1178 30.7190 2.5252 -9.0952 3.7350 -5.4768 5.0857 16.8457 2.4825 8.9530 3.0110 168.3574 0.2503 24.7024 2.6344 163.9850 0.8069 -5.9225 4.1350 83.4794 2.4499
1179 31.9548 2.5838 -9.0004 3.8631 -5.6260 5.0239 17.7108 2.3861 7.6259 2.9056 168.3569 0.6391 23.4237 2.4657 164.6629 0.7584 -6.0366 4.1127 83.1791 2.5749
1180 33.2669 2.5486 -9.1937 3.7445 -5.8485 5.1872 18.2052 2.4516 6.6459 2.6277 167.8382 1.2079 22.5741 2.4276 165.2175 0.9493 -6.7816 4.5404 82.4269 2.5016
1181 34.5127 2.4400 -9.0791 3.1757 -6.0009 4.3528 18.3560 2.4001 5.5127 2.5820 167.9331 1.4014 21.8199 2.4689 165.5423 0.8938 -7.0901 4.6237 81.9709 2.6072
1182 35.9536 2.3852 -9.1161 3.1441 -6.0184 4.6104 18.7597 2.4220 3.9843 2.4958 167.8957 1.6704 20.8892 2.4515 165.9257 0.9183 -7.4263 4.4877 81.1280 2.5509
1183 37.1955 2.3724 -9.0183 3.1617 -6.0108 4.5980 18.6691 2.4965 2.8748 2.3647 167.4283 1.8529 19.9957 2.4700 166.5035 0.8909 -7.7394 4.4218 80.4876 2.4063
1184 38.7718 2.4692 -8.6006 3.0636 -6.1485 4.4297 18.7292 2.4176 1.9946 2.4294 167.5918 2.1159 19.2072 2.5398 167.2998 1.1105 -7.8390 4.3648 79.8330 2.5074
1185 39.9872 2.6665 -8.3383 3.1820 -6.1098 4.7413 18.2965 2.5370 1.5158 2.1008 167.3518 2.2155 18.2982 2.6051 167.8617 1.1291 -7.7056 4.3075 79.7506 2.5718
1186 41.1102 2.3836 -7.8689 3.1683 -6.0205 4.9376 17.8348 2.4913 0.2501 2.2714 167.4066 2.1929 17.5509 2.6180 168.0391 1.4382 -7.6240 3.9892 79.4344 2.5229
1187 42.2244 2.4905 -7.6553 2.7986 -6.1207 4.8271 17.4728 2.5376 -0.4892 2.4284 167.1591 2.4908 17.0273 2.5626 168.3649 1.2305 -7.5766 3.6722 78.8381 2.5130
1188 43.5160 2.4488 -7.1725 2.6424 -6.1219 4.7535 17.0470 2.4438 -0.9758 2.5461 167.1828 2.6673 16.8288 2.6153 168.7989 1.4375 -7.8571 3.1203 78.2028 2.4825
1189 44.2983 2.4427 -6.6807 2.2434 -6.1730 4.8440 16.9115 2.5745 -1.4918 2.6510 167.5544 2.7992 16.7958 2.5701 169.3138 1.8044 -8.2426 2.8416 77.6160 2.4464
1190 45.4896 2.6438 -6.1351 2.2343 -6.1212 4.9498 16.4466 2.6322 -2.1312 2.7032 167.5625 2.8057 16.8494 2.5096 169.6564 1.6610 -8.0588 2.6081 77.3234 2.4716
1191 46.2519 2.3790 -5.8981 1.6115 -5.9321 4.8539 15.7679 2.5366 -2.5916 2.7729 167.6699 3.2246 16.3627 2.5307 169.8683 1.8590 -8.7092 2.5626 77.1484 2.3933
1192 46.7622 2.3528 -5.5901 1.6835 -5.6791 4.9415 14.8426 2.4910 -3.2321 2.8401 167.6699 3.2693 16.5569 2.4840 169.8287 1.6065 -8.9397 2.2247 76.8764 2.5382
1193 47.6019 2.5440 -5.8400 1.7884 -5.7796 5.0836 14.0819 2.6646 -3.8287 3.0679 167.6555 3.9079 17.0521 2.4632 169.9703 1.8599 -9.1590 2.2122 76.8592 2.4270
1194 47.9161 2.5535 -6.1232 1.2978 -5.9343 5.0171 13.2668 2.6733 -4.3432 3.0739 167.9789 4.3240 17.2443 2.4604 170.1483 2.0368 -9.2215 1.9466 76.7013 2.4693
1195 48.1453 2.6409 -5.9704 0.8427 -6.0986 5.2225 12.3110 2.5350 -4.5565 3.3175 167.8327 4.8714 17.6267 2.4413 169.8921 1.9709 -9.0915 1.5955 76.9853 2.4677
1196 48.7480 2.4633 -6.2057 1.2597 -6.0705 4.8315 11.1499 2.6923 -4.8084 3.1469 167.9022 5.1116 17.7860 2.4598 169.8530 2.2117 -9.5070 1.2565 77.2018 2.5105
1197 48.8805 2.5320 -6.1258 1.0377 -5.7141 4.8084 10.3872 2.5370 -5.2308 3.2267 167.8491 5.3247 18.1382 2.4832 169.5804 1.9473 -9.6512 0.8133 77.1221 2.5198
1198 49.1231 2.5803 -6.2082 1.4425 -6.1707 5.1663 9.2711 2.1565 -5.1543 3.0597 168.3335 5.6008 19.0584 2.5718 169.6702 1.8397 -9.6651 0.3493 77.0669 2.5368
1199 49.1797 2.4456 -6.1067 1.5880 -6.2249 4.8826 8.3180 1.9364 -5.7212 3.3170 168.4509 5.4083 19.6665 2.4609 169.5522 1.8194 -9.9182 0.2889 77.0591 2.5039
1200 49.0298 2.5256 -5.6919 1.3962 -6.3969 4.4284 7.0144 2.0209 -5.6790 3.3344 168.5954 5.6474 20.2778 2.4361 168.9898 1.8730 -9.4771 0.5135 77.3105 2.5348
1201 48.8878 2.4616 -5.2396 1.3624 -6.6138 3.8083 6.0637 2.2798 -5.6665 3.2414 168.6234 5.8322 21.4125 2.4930 168.9884 1.5194 -9.8151 0.4286 77.4814 2.5050
1202 48.9560 2.4695 -5.1583 1.4263 -6.8510 3.4457 5.4041 2.0679 -5.7712 3.0852 168.7380 5.6881 22.2399 2.3064 168.7754 1.0861 -9.8471 0.4203 77.5509 2.4686
1203 48.5944 2.4898 -4.9075 1.3516 -6.7262 2.9202 4.4840 1.9795 -5.8148 3.4119 168.7999 5.4541 22.9889 2.5026 168.8368 1.1499 -9.4214 0.4642 77.7764 2.4969
1204 48.4153 2.4946 -4.7995 1.0779 -6.6660 2.8153 3.3636 1.8617 -5.9282 3.8154 168.6497 5.3847 23.9787 2.7150 168.6744 1.1772 -9.7884 0.3799 77.7835 2.5985
1205 47.7744 2.5182 -4.9845 0.9914 -6.3333 2.5002 3.0100 2.1803 -5.8812 3.9417 168.6095 5.4586 25.3815 2.4185 168.3055 1.5018 -10.1304 0.4824 77.8821 2.5710
1206 47.1096 2.5939 -5.0155 1.0722 -5.9820 1.8671 2.1410 2.2362 -5.8222 4.0048 168.7689 5.5065 26.6490 2.5030 167.9739 1.3886 -10.0551 0.5252 78.3252 2.4403
1207 45.9447 2.5423 -5.0884 0.8350 -5.7024 1.5611 1.4299 1.9188 -5.5584 3.4924 168.8375 5.5109 27.8277 2.3314 167.5323 1.0595 -10.1892 0.7101 78.6993 2.4924
1208 45.2758 2.5771 -4.6389 1.0069 -5.4123 1.5320 0.6881 1.8543 -5.3474 3.3929 169.0401 5.6606 29.1460 2.6131 167.3562 0.7409 -9.7700 0.7124 78.4557 2.4484
1209 44.1464 2.3602 -4.5349 0.8373 -5.2689 1.3894 -0.0963 1.6979 -4.8467 3.7872 168.9187 5.7049 30.5160 2.5487 167.1671 0.6481 -9.4330 0.6179 78.3473 2.4970
1210 42.9852 2.3400 -4.4029 0.8881 -4.8997 1.1835 -1.1323 1.6073 -4.6493 3.7671 168.7245 5.3692 31.3988 2.5007 167.4590 1.0023 -9.6076 0.9926 77.9952 2.5477
1211 41.6571 2.4213 -4.4191 0.2959 -4.4970 1.0884 -1.6221 1.5779 -4.5172 3.4884 168.6204 5.3871 32.6391 2.7232 167.4389 1.1362 -9.3882 1.1245 77.6522 2.4379
1212 39.9079 2.5391 -4.3840 0.2604 -4.8000 1.0041 -2.3921 1.2917 -4.5967 3.1675 168.7690 5.7282 33.3423 2.5459 167.5765 0.6918 -9.4664 1.4883 77.3061 2.4342
1213 38.6943 2.6244 -4.6754 0.1260 -4.2040 1.3828 -2.8656 1.1129 -4.6072 2.9015 168.5049 5.8091 34.1035 2.4647 167.8579 0.9797 -9.5008 1.6609 76.3934 2.5539
1214 37.4682 2.7058 -5.1840 0.0956 -3.8345 1.2592 -3.4084 1.0035 -4.3641 2.8673 168.4529 5.6451 34.7814 2.6480 168.1103 1.1547 -9.3897 1.7270 75.8053 2.4995
1215 36.4065 2.5005 -5.4295 -0.1867 -4.1333 1.3245 -4.0797 0.7034 -4.2996 2.5959 168.3187 5.7879 34.9476 2.5483 168.6923 1.2089 -8.9025 1.7611 74.3642 2.5814
1216 35.0719 2.6296 -5.6898 -0.6282 -4.1925 1.4953 -4.3627 0.8601 -4.1021 2.7762 168.0468 5.7182 35.5534 2.4585 168.6950 1.4924 -8.6302 1.6449 73.6728 2.4427
1217 33.5475 2.4981 -6.1492 -0.5699 -4.2425 1.8087 -4.6566 0.3909 -4.4097 2.5530 167.4813 6.0582 35.6964 2.5009 168.7151 1.7018 -9.0360 1.7876 72.4388 2.2300
1218 32.5934 2.4098 -6.4671 -0.7306 -4.0399 1.8089 -4.6931 0.7615 -4.3521 2.7841 167.2619 5.5691 36.1822 2.4802 169.4742 1.9120 -9.4457 1.8705 71.6194 2.4121
1219 31.6561 2.4466 -6.6923 -0.6841 -4.0528 2.1861 -4.5465 0.9015 -4.4278 2.3213 167.2654 5.3845 36.5772 2.5016 169.8142 1.5079 -9.9164 1.5563 70.2891 2.2911
1220 30.2466 2.7533 -7.1331 -0.8425 -3.8737 2.1831 -4.5902 0.8341 -4.5997 2.3866 167.1361 5.2142 36.4061 2.5340 170.1696 2.1969 -10.0216 2.0101 69.3501 2.4067
1221 29.1986 2.5263 -7.4819 -0.7589 -3.8172 2.2179 -4.7713 1.1428 -4.8510 2.7091 167.3526 5.0088 36.5490 2.4578 170.4160 2.3691 -9.6838 1.7407 68.4856 2.4574
1222 28.1846 2.5040 -7.6597 -0.4679 -3.6667 2.3545 -5.0318 1.6642 -4.2405 2.8239 167.5219 5.0359 36.6715 2.3360 170.7166 2.5786 -9.6373 1.6789 66.9321 2.5414
1223 26.8228 2.5771 -8.2547 -0.4874 -3.9962 2.8498 -5.2938 1.9787 -3.5549 3.1617 167.5376 5.0662 36.6311 2.5268 170.8854 2.8986 -9.4388 1.5722 66.1036 2.5206
1224 25.9436 2.3725 -8.1981 -0.3055 -4.1671 3.0677 -5.6513 1.7976 -3.1112 3.0264 167.6351 5.0968 36.3336 2.4826 171.0247 2.7182 -9.7209 1.5885 65.4279 2.4157
1225 24.4140 2.4398 -8.0474 0.0261 -4.1536 3.3866 -5.8459 2.1162 -2.1920 3.4954 167.7962 5.0153 35.8896 2.4036 171.0280 2.6317 -10.0572 1.3177 64.6096 2.6521
1226 22.8755 2.3854 -8.4112 0.1682 -3.9922 3.8649 -6.3466 2.5044 -1.1712 3.1087 167.5895 4.8193 35.4117 2.5535 171.3908 2.7920 -10.0767 1.3271 64.1922 2.5692
1227 21.7181 2.5579 -8.4054 0.2270 -3.9914 4.4759 -6.6738 2.7567 -0.2311 2.9778 167.2879 4.7030 34.4487 2.5253 171.3554 2.9234 -10.1282 1.1466 63.3865 2.4834
1228 20.0655 2.6873 -8.1537 0.3895 -4.3945 4.5251 -7.3475 2.9680 0.4051 2.9172 167.0449 4.5785 33.5306 2.5594 170.8237 3.2257 -9.9783 1.3137 62.8225 2.4333
1229 18.6970 2.6896 -7.9804 0.8065 -4.7000 4.4468 -7.8606 2.9213 0.9204 2.7123 166.8089 4.6819 32.3659 2.6078 170.6216 3.0664 -9.6335 1.3613 62.6144 2.4069
1230 17.5641 2.3944 -8.0683 1.0131 -4.7111 4.5175 -7.8161 3.1326 1.8834 2.3640 166.5463 4.4908 30.9390 2.5779 170.5165 3.3366 -9.2875 1.0572 62.4206 2.5682
1231 16.4638 2.4306 -7.9310 1.6171 -4.8756 4.5074 -8.1107 3.4053 2.9108 2.5099 166.4090 4.3760 29.8562 2.4574 170.1763 2.6588 -9.0978 1.4120 62.4008 2.5115
1232 15.0913 2.5258 -8.2724 1.7418 -5.0266 4.3303 -8.1656 3.0278 4.3628 2.6408 166.1308 4.0044 28.7854 2.6114 169.8041 2.4424 -8.8272 1.3019 62.1229 2.5113
1233 13.9184 2.4603 -8.2083 2.0048 -5.2232 4.3646 -8.2958 2.8726 5.3747 2.3513 166.0404 3.9733 27.5307 2.5956 169.1781 1.4967 -8.5352 1.3574 62.2894 2.5083
1234 12.7854 2.5306 -8.2431 2.1045 -5.3515 4.2205 -8.5864 2.7075 6.1720 2.1143 166.0607 3.9951 26.3868 2.4740 168.9307 1.1376 -8.1397 1.5226 62.5220 2.5089
1235 11.4219 2.5098 -8.3884 2.5059 -5.3005 3.9542 -8.9493 2.3671 7.4269 1.9741 165.9864 3.8148 25.0563 2.5923 168.8221 1.2577 -7.5377 1.9462 62.3775 2.5101
1236 10.0958 2.9192 -8.6217 2.5655 -4.9306 3.7567 -8.5287 1.7712 8.7918 2.3849 165.9605 3.9272 23.7544 2.6007 168.7926 0.9853 -7.2792 2.0513 62.6957 2.4398
1237 8.9476 3.0310 -8.3163 2.7056 -4.6163 3.4530 -8.9792 1.6883 9.9786 2.3859 166.4265 3.5084 22.3820 2.4512 168.1775 0.9402 -6.9906 1.7744 63.0770 2.4621
1238 7.0656 2.9128 -8.1236 3.3279 -4.3792 3.1266 -8.5352 1.4556 10.8539 2.5867 166.6232 3.4145 20.9576 2.4747 167.9027 0.6019 -6.8503 1.7402 63.3973 2.4740
1239 6.0163 3.2331 -7.9422 3.3842 -3.8598 3.1004 -8.1060 1.5382 12.0509 2.6959 166.5412 2.9301 19.2801 2.4244 167.4546 0.3831 -6.4675 1.5289 63.5212 2.4264
1240 4.8901 3.3671 -7.9019 3.4656 -3.4207 2.9949 -7.9808 1.1773 13.6719 2.6455 166.4558 2.4956 17.8536 2.5868 167.5710 0.3513 -6.6444 1.4048 63.7974 2.4322
1241 3.7040 3.4079 -7.4881 3.7862 -2.9867 2.5890 -7.9366 0.9208 15.1730 2.4282 166.6767 1.7458 16.5208 2.5138 167.6459 0.5610 -6.5182 1.4341 64.0798 2.4495
1242 2.7516 2.7399 -7.3090 3.9712 -2.3944 2.6481 -7.8554 1.0160 16.3424 2.3343 166.8961 1.1897 14.9543 2.4688 167.8976 0.4988 -6.2677 1.4837 63.7878 2.4197
1243 2.0074 3.0294 -6.7096 4.2345 -2.5363 2.4414 -7.5035 0.6841 18.0791 2.3773 167.3001 0.8756 14.1419 2.6241 167.7799 0.4752 -5.9522 1.4734 64.2542 2.4429
1244 0.8922 2.5676 -6.6472 4.2463 -2.3451 2.3708 -7.5179 0.3216 19.3685 2.5740 167.5987 0.6762 12.6563 2.6335 167.7322 0.6540 -5.7658 1.0430 64.5012 2.4015
1245 -0.0172 2.4393 -6.3155 4.5273 -2.4503 2.4387 -7.4378 0.1502 20.7196 2.5798 167.2894 0.4377 11.2675 2.7851 167.7008 0.3948 -5.2901 0.8976 64.5741 2.4501
1246 -0.3279 2.6190 -6.4588 4.5758 -2.6769 2.0668 -7.2170 0.1984 22.0386 2.5817 167.4629 0.1213 10.4211 2.8452 167.2206 0.2989 -5.0613 1.4890 64.6418 2.4554
1247 -0.8309 2.3617 -6.5728 4.4920 -3.0849 1.9267 -7.3633 -0.2998 23.2758 2.3925 167.7631 0.1032 9.1147 3.1068 166.4659 0.3066 -4.6930 1.5936 64.5350 2.4692
1248 -1.2373 2.3292 -6.7329 4.7977 -3.0442 2.0099 -7.4512 -0.3573 25.0121 2.4017 167.8606 -0.1902 7.8767 3.5535 166.0231 0.3062 -4.2199 1.6150 64.2934 2.5997
1249 -1.8850 2.0539 -6.4944 4.9653 -3.3433 1.7048 -7.5613 -0.2650 26.5801 2.4126 167.9353 -0.0980 6.4644 3.7406 165.7711 0.5841 -4.1189 2.0220 64.1274 2.4349
1250 -2.4399 1.9409 -6.4080 4.8125 -3.3489 2.3461 -7.9385 -0.7044 27.5726 2.7271 168.1851 -0.0160 5.0658 3.8912 165.4877 0.5847 -4.2287 2.1861 64.0955 2.5301
1251 -3.2232 1.6884 -6.0190 4.6239 -3.3104 2.4277 -7.8565 -0.6289 28.8662 2.4645 168.3480 0.1548 3.9270 4.2798 165.4442 0.8886 -3.6902 2.1224 63.6263 2.6099
1252 -3.6515 1.3865 -5.5489 4.4386 -3.6654 2.5990 -7.6117 -0.5298 30.1152 2.3448 168.4031 0.5909 2.5633 3.9979 164.9644 0.7355 -3.7313 2.4894 63.4746 2.6103
1253 -4.2571 1.2383 -4.8998 4.4623 -3.9525 2.7725 -7.8217 -0.4789 31.7989 2.6300 168.3549 1.0571 1.3494 4.3236 165.0034 0.6461 -3.8366 2.3505 62.9676 2.6480
1254 -4.8590 1.0281 -4.4967 4.0222 -4.2132 3.0579 -7.7940 -0.6209 33.4820 2.4358 168.4870 1.2116 0.5161 4.2017 165.3247 0.7635 -3.7120 2.4426 62.2238 2.5825
1255 -5.0033 0.8489 -4.1085 3.6311 -4.2663 3.3473 -7.4943 -0.7461 34.9378 2.5308 168.5935 1.3938 -0.3343 4.4680 165.3601 0.9021 -3.5807 2.3671 61.1753 2.5478
1256 -5.2754 0.6446 -3.3163 3.8363 -4.1413 3.5241 -7.6198 -0.7317 36.3743 2.5571 168.2150 1.5120 -1.3515 4.2305 165.2084 0.9020 -3.3675 2.4443 60.2562 2.6089
1257 -6.0862 0.7739 -3.2651 3.7666 -4.2191 4.0093 -7.6876 -0.8366 37.6662 2.6138 167.7168 1.6018 -2.5452 4.2818 165.6648 1.2139 -3.3795 2.4191 59.4018 2.5993
1258 -6.9409 0.7919 -3.0524 3.3691 -4.1059 4.1773 -7.2247 -1.2155 38.8051 2.6101 167.6472 1.7676 -3.5594 4.0680 166.3522 1.0314 -3.7347 2.2262 58.2513 2.5295
1259 -7.3087 0.3585 -2.7971 3.0283 -4.1682 4.4054 -6.9101 -0.7371 40.2454 2.5858 167.4724 1.8797 -4.7311 3.6790 166.5415 1.0016 -4.0483 1.9651 57.3184 2.4740
1260 -7.5775 0.3936 -2.2616 2.5670 -4.6628 4.6445 -7.1437 -0.7682 41.5543 2.6477 166.8366 1.8815 -5.2528 3.3739 167.2003 1.0368 -4.1963 2.1108 56.5331 2.4722
1261 -7.7701 0.3175 -2.4088 2.5348 -5.1225 4.8044 -7.3573 -0.2751 42.9141 2.5280 166.1413 1.7633 -6.0113 3.0639 167.6749 1.1100 -4.1592 2.6720 55.8942 2.4512
1262 -7.9332 0.3393 -2.0786 2.2620 -5.7288 4.8037 -7.4915 -0.1534 44.5310 2.2420 165.9992 2.0453 -6.5346 3.0288 167.9565 1.0283 -4.0856 2.9894 55.3413 2.3923
1263 -7.8482 -0.1389 -2.0950 1.7009 -6.4371 4.9170 -7.9749 -0.2246 46.1497 2.3535 165.6077 1.8983 -7.2277 2.7416 168.3476 1.3485 -4.2799 2.6789 54.8585 2.4213
1264 -8.1067 -0.0859 -1.9703 1.1094 -6.8487 5.2169 -7.8987 -0.1264 47.3322 2.4442 165.4774 2.0304 -7.3722 2.4446 168.7267 1.0989 -4.1894 2.9063 54.3473 2.4270
1265 -8.1543 0.1845 -2.1093 0.7072 -7.0603 5.6508 -7.4160 -0.3042 48.7081 2.4365 165.1183 2.0349 -7.2189 2.0544 168.8211 0.9987 -4.0478 3.1594 53.9634 2.5066
1266 -8.0931 -0.0661 -2.4526 0.5534 -7.0875 5.7375 -7.4296 -0.0315 50.3995 2.4754 164.8536 2.2444 -7.4126 2.1431 168.8954 1.3520 -3.9832 3.0678 53.8615 2.5050
1267 -8.4129 0.0679 -2.7127 0.4786 -7.1282 5.8520 -7.4826 0.5367 51.6712 2.5154 164.7214 2.2276 -7.3585 1.9034 169.3495 0.9973 -4.2189 2.7936 53.6955 2.4959
1268 -8.6298 0.0954 -3.2252 0.2502 -7.3831 5.9445 -7.6183 1.2569 52.5437 2.4028 165.0277 2.5349 -7.0301 2.1116 169.4327 1.0521 -4.3371 2.3960 53.9685 2.4555
1269 -9.0278 0.2837 -3.5669 0.4274 -7.4299 6.2271 -7.7453 1.3114 54.0326 2.3945 164.9432 2.8061 -7.3035 2.0351 169.7440 0.8799 -3.9762 2.4067 54.3333 2.4010
1270 -8.7188 0.0302 -4.0711 0.5817 -7.3653 5.8244 -7.9321 1.8664 55.4360 2.3691 165.2538 3.2101 -7.5687 1.6097 169.4801 0.8234 -3.8963 2.1967 54.3595 2.5188
1271 -9.2933 0.3358 -4.3539 0.7792 -7.6254 5.7429 -7.8051 2.3507 56.8424 2.6267 165.2562 3.0933 -7.6066 1.1167 169.8607 0.5723 -3.7489 1.9693 54.3131 2.4978
1272 -9.7749 0.5176 -4.3690 0.8019 -7.5445 5.3841 -8.2247 2.7800 58.4187 2.4349 165.2230 3.0979 -7.4411 1.2067 170.0545 0.2654 -3.7519 1.6122 54.8242 2.3026
1273 -9.9943 0.6315 -4.9133 0.9056 -7.3774 4.8336 -7.6972 3.2528 59.6807 2.5358 165.0911 3.2192 -7.5463 1.2907 170.3571 0.3891 -3.9992 1.3941 54.6361 2.3801
1274 -10.4185 0.5155 -5.4592 0.8625 -7.4786 4.5620 -7.3995 3.3505 61.5906 2.6016 165.5706 3.6263 -7.3594 1.4161 170.4740 0.8706 -3.7404 0.9304 55.2501 2.5231
1275 -10.1059 0.5734 -6.0606 1.2663 -7.5565 4.3377 -7.3726 3.2425 62.8040 2.3338 165.5343 4.0177 -7.4799 1.1293 170.7985 1.2108 -3.9507 0.4845 55.5782 2.5717
1276 -9.7836 0.5588 -6.3896 1.3348 -7.4049 4.3902 -7.3633 3.3852 64.1972 2.5029 165.4637 4.0102 -7.2051 1.5080 170.4993 1.0405 -4.0704 0.7166 56.5528 2.4892
1277 -9.4440 0.5510 -6.8005 1.5944 -7.3198 4.6234 -7.2391 3.9738 65.2303 2.5447 165.4049 4.1625 -6.7621 1.6236 170.6770 1.1973 -4.2490 0.4987 57.4920 2.4117
1278 -9.3246 0.3945 -6.9983 2.1330 -7.4691 4.4342 -6.9637 4.0204 66.3352 2.4649 165.6317 4.2798 -6.2329 1.5850 170.7649 1.2889 -4.4517 1.1726 58.2617 2.4241
1279 -9.6102 0.3881 -7.3946 2.1980 -7.2325 4.4271 -7.1987 3.9457 67.5106 2.4178 165.7012 4.2821 -5.9172 2.0852 170.3131 1.1479 -4.4877 1.0166 59.7097 2.5843
1280 -9.3485 0.2285 -7.6607 2.3478 -7.3075 4.6525 -6.9832 4.2696 68.5143 2.3540 166.0423 4.2014 -5.4866 2.4222 170.7773 1.1877 -4.3903 1.2837 60.7088 2.3692
1281 -9.2275 -0.1510 -7.5292 2.6521 -7.4200 4.4982 -6.8186 4.6892 69.3540 2.3521 166.0226 3.8646 -5.3446 2.4188 170.5642 1.0422 -4.1961 1.2772 61.6427 2.5136
1282 -8.7055 -0.3218 -8.0779 3.3993 -7.8472 4.4638 -6.7177 5.2096 70.4903 2.4278 166.2229 3.8977 -4.8339 2.1916 170.3273 0.9027 -4.0441 1.5789 62.5553 2.4730
1283 -8.5565 -0.1005 -7.9328 3.6363 -7.7774 4.4605 -7.2803 5.3949 71.5909 2.6017 166.8683 3.7219 -4.6681 2.0254 169.9620 0.7678 -4.0963 1.9891 63.9154 2.5256
1284 -7.9632 -0.1070 -8.2226 3.3858 -7.8122 4.1983 -7.2253 5.3499 72.8998 2.4165 167.3896 3.5480 -4.4515 2.2051 169.8339 0.9003 -3.9402 1.9149 65.3332 2.5607
1285 -7.4937 -0.1671 -8.7464 3.2781 -7.7245 3.7594 -7.1819 5.6896 74.3673 2.4766 167.7410 3.6239 -4.3659 2.4164 168.9299 0.7558 -3.6030 2.0846 67.2937 2.6323
1286 -7.0208 0.0540 -8.8357 3.9870 -7.6634 3.3177 -7.3565 5.5260 75.6455 2.2784 168.0749 3.0492 -4.1306 2.3135 168.4925 0.7543 -3.5435 2.3308 68.6435 2.4962
1287 -6.5670 0.0802 -8.8411 3.7134 -7.8688 2.8659 -7.6120 5.5910 76.7289 2.4765 168.5764 2.6161 -4.0091 2.5329 168.5460 0.9846 -3.6458 2.5667 70.2886 2.5341
1288 -6.2291 0.1309 -9.2248 3.8590 -7.8844 2.7869 -7.7061 5.6642 77.8762 2.5902 168.8036 2.2934 -4.0969 2.6023 168.6944 0.9831 -3.7966 1.9905 71.2914 2.6040
1289 -6.4798 0.5668 -9.3644 3.8082 -8.7115 2.5937 -7.9564 5.8445 79.2439 2.7721 169.4223 1.9174 -4.0428 2.9258 168.1122 1.1181 -4.0124 2.0468 72.5016 2.6082
1290 -6.4666 0.7218 -9.2812 3.7510 -9.2181 2.1034 -7.6396 5.6750 80.3755 2.5463 169.5888 2.0514 -4.2167 3.4817 167.5450 1.2838 -4.2556 2.4593 73.7060 2.4465
1291 -6.2572 0.8769 -9.0288 3.9575 -9.0544 1.5921 -7.2083 5.6156 81.7935 2.4876 169.7533 2.5333 -4.3864 3.7505 166.8170 1.3182 -4.6890 2.4466 74.6721 2.5910
1292 -6.1263 0.8763 -8.9515 3.7434 -9.4118 1.5550 -7.0611 5.1034 82.8720 2.4442 170.0304 2.5063 -4.3153 3.7759 165.9563 1.3077 -5.1062 2.2732 75.9453 2.2989
1293 -6.5025 0.9261 -8.8854 3.8104 -9.2072 1.3239 -6.7932 5.3073 84.4803 2.4849 170.0116 2.3161 -4.2929 4.0889 165.3668 1.1289 -5.5616 2.4455 77.1102 2.4375
1294 -6.4078 0.5406 -8.6535 4.0904 -9.5991 0.9504 -6.6254 5.0328 85.7044 2.5456 170.0950 2.2149 -4.1942 3.9772 164.7049 0.9241 -6.0461 2.7480 78.7547 2.5896
1295 -6.6529 0.5804 -8.6935 3.9873 -9.7454 0.8467 -6.3074 5.1789 86.8535 2.4614 169.7955 2.1262 -3.7850 4.3546 163.9919 1.0994 -6.5899 2.4835 80.0976 2.5425
1296 -6.7236 0.5405 -8.6548 3.5390 -9.8534 0.8735 -6.3571 5.0397 87.8539 2.4750 169.6472 1.7086 -4.1555 4.2929 163.3221 1.4051 -6.9634 2.3110 81.3388 2.6982
1297 -6.8899 0.5739 -8.6600 3.4855 -9.6852 0.6527 -6.8346 4.5673 89.1129 2.3292 169.5551 1.8684 -3.8964 3.9398 162.2541 1.5507 -7.3125 1.9903 82.9733 2.5108
1298 -7.0262 0.3608 -8.4405 3.1048 -9.6772 0.6220 -6.8422 4.3170 90.8754 2.6287 169.3760 1.9596 -3.5300 3.7495 161.5325 1.5897 -8.2766 2.0231 84.4222 2.5801
1299 -6.9697 0.0661 -8.6509 2.7810 -10.0082 0.3338 -7.0604 4.0576 92.1111 2.6077 169.1095 1.8708 -3.6069 3.5369 160.5314 1.8848 -8.5666 1.9034 85.7499 2.6653
1300 -7.0716 -0.1512 -8.6389 2.6699 -9.9244 0.5228 -7.2191 3.9305 93.4132 2.5074 168.7171 1.7092 -3.4421 3.2005 159.8211 1.9619 -8.7516 1.5647 87.1327 2.5658
1301 -6.8563 -0.2101 -8.4843 2.5591 -9.3770 0.3107 -7.4095 3.8797 94.7843 2.6596 168.1581 1.8080 -3.7813 3.2558 158.6040 2.0848 -8.9653 1.0727 88.6700 2.5444
1302 -6.8629 -0.4243 -8.5860 2.5806 -9.2145 0.5338 -7.6625 4.4580 96.1423 2.3449 168.4057 1.7214 -4.3809 2.7822 158.1533 2.0132 -9.0325 0.6680 89.6723 2.5319
1303 -6.6286 0.1131 -7.9703 2.4304 -9.4321 0.1294 -8.0929 4.8175 97.8632 2.4606 168.5774 1.6032 -4.4183 2.5113 157.4889 2.1448 -9.0641 0.3311 90.8351 2.5066
1304 -6.3628 0.1447 -7.4341 2.2525 -9.5543 0.1031 -7.8979 4.9356 99.3622 2.5164 168.4868 1.3941 -4.5524 2.9598 156.5401 2.1982 -9.0135 0.3252 91.6136 2.6171
1305 -6.4687 0.4929 -7.0789 1.8370 -9.6426 -0.2193 -8.0608 4.9429 100.7861 2.6601 168.1850 1.1398 -4.3055 3.2127 155.4910 2.3805 -8.6341 0.3683 92.5918 2.5334
1306 -5.9696 0.6043 -6.6894 1.8353 -9.4476 0.1184 -8.1313 4.9674 102.2310 2.5891 168.5787 1.2240 -4.2581 3.5573 154.1525 2.4644 -8.5179 0.3682 93.2948 2.6799
1307 -6.0067 0.8988 -6.4094 1.9263 -9.3386 0.0204 -8.1992 4.9597 103.8510 2.4463 168.4500 1.3413 -4.9091 4.0872 152.7031 2.3601 -8.2414 0.4804 94.1690 2.5325
1308 -5.6242 1.1275 -5.5421 1.5113 -9.3930 -0.1030 -8.0069 5.0241 104.7486 2.4445 168.2177 1.0078 -5.4090 4.4148 151.5865 2.5273 -8.1868 0.6259 94.7112 2.6482
1309 -5.6428 1.2604 -5.0006 1.3993 -9.2416 0.1059 -8.1009 5.3622 105.7262 2.4119 168.3041 1.4314 -5.4424 4.4490 150.1267 2.5227 -7.9164 0.6916 94.8103 2.6232
1310 -5.4888 1.6463 -4.1078 1.1152 -9.5362 0.3729 -7.6377 5.0374 106.6906 2.4405 168.2915 1.3984 -5.2979 4.9527 148.2984 2.3544 -7.3523 0.3594 94.9463 2.4629
1311 -5.4702 1.9913 -2.8609 0.6517 -9.4319 0.2649 -7.6732 5.0785 107.6146 2.3565 168.0652 1.7303 -5.3196 5.1276 147.1351 2.4289 -6.8853 0.3034 95.2364 2.5047
1312 -5.4957 2.0133 -1.9270 0.6191 -9.3887 0.3256 -7.5334 4.7950 108.3898 2.5594 168.2790 2.0674 -5.6324 5.0643 146.0342 2.5120 -6.6200 0.2186 95.1318 2.5692
1313 -5.3335 2.0286 -0.7330 0.6616 -9.1767 0.4888 -7.6921 4.2905 109.1899 2.4826 168.7938 2.2634 -5.4539 5.2148 144.7052 2.5449 -5.7882 0.2319 95.4879 2.4175
1314 -5.6759 1.8484 0.3073 0.9385 -9.0529 0.7044 -7.6378 4.2397 109.6994 2.4474 169.0219 2.5951 -5.3675 5.5486 143.6406 2.7682 -5.2398 0.4173 95.4893 2.5619
1315 -5.7565 2.1210 1.2314 0.9575 -8.9176 0.7816 -7.4914 4.1442 110.4369 2.4823 168.8592 2.9861 -5.3759 4.9852 142.1983 2.6098 -4.6460 0.1396 95.5401 2.4825
1316 -5.8317 2.1629 2.5868 0.9038 -8.2861 0.6661 -7.7969 3.7458 111.0183 2.4014 168.8856 3.2448 -4.9392 4.9433 141.0488 2.4631 -3.7655 0.2565 95.7551 2.5493
1317 -5.7435 2.3603 3.4873 1.1607 -7.7595 0.5617 -8.1001 3.5876 110.9046 2.5456 169.3006 3.6737 -4.6668 5.0692 139.9482 2.5610 -3.3904 0.7815 95.3758 2.5207
1318 -5.9083 2.5621 4.7010 1.2885 -7.2385 0.8310 -7.8108 3.6984 110.8987 2.4639 169.4232 4.0299 -4.6747 5.1329 138.5896 2.4251 -2.9797 0.8815 95.3702 2.4448
1319 -6.4670 2.1854 5.7101 1.3658 -6.4358 0.7155 -8.1740 4.0791 110.8063 2.4313 169.4668 4.4600 -4.2149 5.1670 137.3049 2.4054 -2.1656 0.9215 94.9117 2.4533
1320 -6.2067 2.0000 6.8663 1.6129 -5.9136 0.8363 -8.5465 3.9829 110.8521 2.5210 169.3709 4.8847 -4.2193 5.2420 136.3736 2.5894 -1.5591 0.9653 94.3227 2.4130
1321 -6.2732 2.0484 7.9637 1.6075 -5.3431 0.3988 -8.3170 4.0059 110.7008 2.4688 169.0652 4.9345 -4.3914 5.2303 135.4251 2.5222 -0.7810 0.8160 93.2760 2.5838
1322 -6.2619 1.7163 9.2832 1.9429 -4.8527 0.7311 -8.4971 4.1347 110.5951 2.5230 168.8772 5.1349 -4.0783 5.0097 134.3499 2.5606 -0.0097 1.1429 92.8726 2.3638
1323 -6.0679 1.7550 10.1638 2.2147 -3.8211 0.9978 -8.4517 3.8951 109.7296 2.4852 169.0971 5.4908 -4.2900 5.0305 133.3421 2.7427 0.5819 1.4534 91.5356 2.5308
1324 -5.7406 1.6934 11.3426 2.0968 -3.4422 1.1326 -8.4942 3.6606 109.2079 2.5469 169.0872 5.2155 -4.3521 5.0299 132.3930 2.4745 1.0794 2.0916 90.8298 2.6049
1325 -5.0888 1.4862 12.8692 2.5170 -2.1969 0.9942 -8.2944 3.4622 108.7979 2.5597 169.3643 5.4717 -4.3327 4.8788 130.9320 2.3812 1.6082 2.2133 90.2858 2.3675
1326 -4.6247 1.7594 14.0616 2.4818 -1.5692 0.9139 -7.9781 3.5372 107.7457 2.5285 169.4301 5.6423 -4.3159 4.6079 129.8437 2.5250 2.7662 2.3318 89.2100 2.4924
1327 -4.1973 1.7803 15.3724 2.5387 -0.5286 1.0113 -8.2254 3.7847 107.3412 2.6824 169.5939 5.3459 -4.2527 4.4331 128.6788 2.3744 3.7574 2.5093 88.4696 2.4362
1328 -3.9907 2.2943 16.7848 2.4894 0.5805 1.1484 -8.5579 3.3447 106.5630 2.6065 169.7495 5.5965 -4.3307 4.0612 127.2727 2.3813 4.9898 2.7794 87.6733 2.5045
1329 -3.2516 2.4709 18.0705 2.4476 2.0419 1.0772 -8.6389 2.9344 105.3695 2.4080 169.9257 5.7251 -3.9378 3.6332 126.2157 2.5077 5.9772 2.7691 86.2470 2.4978
1330 -2.6956 2.7679 19.3630 2.5271 2.8305 1.2382 -8.8384 2.7214 104.5627 2.5115 170.2151 5.7892 -3.5961 3.3763 125.3213 2.4741 7.0780 2.8444 85.1969 2.5548
1331 -2.6282 2.9570 20.4525 2.5772 3.5965 1.1520 -9.2680 2.8896 103.3617 2.5397 170.0844 5.6697 -4.1779 3.2873 123.7451 2.4022 8.3339 2.6727 84.2694 2.4141
1332 -2.1862 3.4411 21.7227 2.4235 4.6526 1.5032 -9.2540 2.7630 102.3698 2.4224 169.7530 5.5853 -4.0887 3.2283 122.2952 2.4820 9.8240 2.4820 83.7254 2.5988
1333 -1.6391 3.3181 22.5897 2.6355 5.5104 2.0528 -9.4599 2.7066 101.0963 2.4033 169.8232 5.4764 -3.9591 3.3406 120.8832 2.5780 11.2405 2.5254 83.1449 2.5183
1334 -1.1920 3.6558 23.9118 2.5651 6.8353 2.2803 -9.6119 3.0126 99.8852 2.4978 169.7721 5.4543 -4.3495 3.3721 119.2619 2.4408 12.4616 2.5034 82.2574 2.5617
1335 -0.7619 3.5306 25.2924 2.4687 7.8658 2.1883 -9.5288 3.0226 98.5225 2.6025 169.5878 5.5250 -4.3412 3.3123 118.2435 2.5582 13.4850 2.4830 81.5748 2.5618
1336 -0.1787 3.5044 26.3580 2.5185 8.8048 2.6123 -9.5134 3.2054 97.2115 2.7030 169.0158 5.5994 -4.3188 3.1403 117.5214 2.6058 14.8558 2.5175 81.1701 2.6159
1337 0.4385 3.3501 27.1909 2.6090 9.7556 2.7286 -9.3571 3.4309 95.9530 2.5093 168.8884 5.4981 -4.5806 3.2026 116.2322 2.2684 15.9582 2.3330 80.7128 2.4113
1338 1.5098 3.3496 27.8775 2.5341 10.6255 2.5246 -9.3345 3.3969 95.0263 2.3590 168.7745 5.5303 -4.7964 3.8497 115.4003 2.3352 17.3773 2.5241 80.6489 2.4632
1339 2.5955 3.3473 28.9342 2.4360 12.2950 2.4185 -9.1593 3.4366 93.5791 2.4357 168.6614 5.2171 -5.3029 4.0416 114.1568 2.4959 19.1592 2.5128 80.7042 2.5309
1340 3.4775 3.4958 30.1954 2.4253 13.1660 2.3886 -8.8624 3.2771 92.5070 2.4193 168.8799 4.8072 -5.4870 4.3045 113.0914 2.3343 20.1264 2.4096 80.6609 2.4971
1341 3.9535 3.2385 31.3108 2.4581 14.1773 2.3680 -8.5511 3.2162 91.8111 2.3837 169.1678 4.0967 -5.6621 4.6797 112.4728 2.5328 21.3865 2.6667 81.3043 2.5211
1342 4.6888 2.8256 32.1167 2.5162 15.7245 2.3722 -8.0018 3.3549 91.0983 2.4734 169.5078 3.5693 -5.8633 4.5480 111.7854 2.4234 22.8763 2.4628 81.5587 2.4256
1343 4.9809 2.7600 32.7997 2.4136 17.1476 2.5314 -7.4312 3.4974 89.7774 2.4972 169.5863 3.4392 -5.6837 4.4137 111.3811 2.4697 24.1862 2.4781 81.8824 2.5693
1344 5.2521 2.7360 33.6360 2.6187 18.1693 2.4785 -6.8323 3.3407 89.1608 2.3513 169.9084 3.5736 -5.7200 4.2835 110.6383 2.5341 25.8324 2.3486 82.2262 2.6022
1345 5.0563 2.5043 33.8752 2.6734 19.4617 2.5010 -6.2131 3.0249 88.7390 2.4559 170.3825 3.5158 -5.8046 4.3504 109.7422 2.4690 27.0676 2.4051 82.7778 2.6191
1346 4.7475 2.3766 34.4933 2.4829 20.9390 2.5133 -5.7680 2.1885 88.3814 2.5510 170.4305 3.2254 -5.7662 4.3278 109.5384 2.4354 28.3961 2.5314 82.9610 2.4368
1347 4.6841 2.1107 34.7097 2.5244 22.1321 2.4582 -5.4449 2.1889 87.6489 2.3628 170.7618 3.0920 -5.6683 4.1791 109.1391 2.5161 29.5972 2.4779 83.7471 2.3539
1348 4.6020 1.9152 34.5458 2.5406 23.3485 2.5437 -5.2349 1.5781 87.2402 2.5238 170.9297 3.0319 -5.3623 4.4351 109.3860 2.4451 31.0756 2.5115 84.6498 2.4080
1349 4.1095 1.6516 34.8657 2.4903 24.5652 2.6868 -5.4396 1.6857 87.4240 2.5195 171.2569 2.9797 -5.2317 4.3230 109.4256 2.4294 32.7334 2.3473 85.6287 2.4768
1350 3.7675 1.7470 35.0471 2.4645 25.6564 2.5275 -5.1040 1.8780 87.1810 2.4599 171.4940 3.2239 -5.0355 4.4347 109.6050 2.4969 34.3706 2.7167 86.5384 2.2288
1351 3.5512 1.6300 35.0641 2.4856 26.7413 2.1666 -5.3591 1.3514 87.3531 2.4602 171.5152 3.1190 -5.2924 4.7186 109.3533 2.5053 35.3045 2.5279 87.5168 2.3946
1352 3.2471 1.6635 34.9368 2.4624 28.1901 2.3706 -5.3891 1.3437 86.9416 2.3806 171.1299 3.4791 -5.1513 4.8060 109.5290 2.5260 36.6698 2.2381 89.0975 2.2883
1353 2.4921 1.5309 34.3649 2.4091 29.4840 2.5359 -5.0868 1.3692 87.3084 2.5349 170.6984 3.7436 -5.4181 4.6550 109.6412 2.5300 38.1396 2.5211 90.4423 2.5022
1354 2.1272 1.9490 33.8619 2.5355 30.4206 2.3983 -5.2758 1.4059 87.4791 2.4288 171.2330 3.7037 -5.3350 4.9345 110.0467 2.4799 39.6420 2.3847 91.7888 2.5715
1355 1.6315 2.2941 33.6755 2.4484 31.3141 2.4723 -5.1376 1.7854 87.9587 2.5161 171.2671 3.3070 -5.3743 5.1996 110.3414 2.5492 40.7422 2.3665 93.0654 2.3425
1356 1.1308 2.4371 33.1190 2.4753 32.2822 2.4047 -5.0146 1.8269 88.7510 2.4550 171.3683 3.1729 -5.3121 5.1027 110.7756 2.4678 42.1122 2.5388 94.6691 2.4891
1357 0.6673 2.3487 32.4206 2.4909 33.0676 2.4072 -4.5982 2.1509 89.6495 2.4548 171.4667 3.4968 -5.7620 4.9261 111.1427 2.4911 43.5417 2.4206 95.8104 2.3039
1358 0.2686 2.7476 31.8169 2.4521 33.6734 2.6184 -4.5919 2.3546 90.4157 2.5776 171.2272 3.4094 -6.1180 5.1827 111.4698 2.4412 45.1591 2.5219 97.1072 2.6063
1359 -0.2893 2.8527 31.1248 2.5484 33.7993 2.2927 -4.2259 2.5538 91.2500 2.4316 170.9862 3.1873 -6.1852 5.1339 111.8355 2.6013 46.6169 2.4335 98.7157 2.4581
1360 -0.9300 3.0351 30.9290 2.3392 34.2609 2.5698 -3.9777 2.2522 92.0241 2.6480 170.6731 3.3981 -6.5325 5.4152 112.2825 2.5530 47.7266 2.6600 99.9465 2.2798
1361 -1.0953 3.0349 29.8941 2.5585 34.6157 2.5458 -4.3938 1.8874 93.0352 2.5646 171.0027 3.6549 -6.7959 5.4346 113.0442 2.5337 49.1362 2.6168 101.0726 2.6897
1362 -1.5720 2.7449 29.1075 2.5665 34.7531 2.4134 -4.7166 1.8379 94.1644 2.5877 170.6971 3.3734 -6.8457 5.1265 113.5889 2.4469 50.5226 2.4703 102.7006 2.4945
1363 -1.8773 2.8380 28.7264 2.6291 34.6964 2.4700 -5.0650 1.8180 95.2640 2.5090 170.3393 3.3891 -7.1964 4.7961 114.4871 2.5030 51.1586 2.5070 103.6918 2.4817
1364 -2.3027 3.1574 28.3341 2.5746 34.8589 2.4648 -5.5254 1.9005 96.4845 2.4922 169.8838 3.2479 -7.4274 4.4218 114.6700 2.6027 52.1482 2.4942 105.1947 2.5096
1365 -2.7883 3.5098 27.7989 2.4834 35.2375 2.4649 -6.0358 1.2524 97.9988 2.5651 169.6595 2.8183 -7.6103 4.0767 115.0313 2.5477 52.7102 2.5853 106.4320 2.6357
1366 -3.2054 3.5624 27.3524 2.4508 35.2649 2.4342 -6.5342 0.9312 99.3943 2.5269 169.4936 2.7646 -7.7894 3.6179 115.1660 2.4634 53.6852 2.4371 107.2546 2.4503
1367 -3.3686 3.7158 26.9070 2.4865 35.2233 2.4937 -6.7816 0.9786 101.0021 2.5881 169.3855 3.1624 -8.1046 3.2272 115.3105 2.5072 54.3446 2.3774 107.7923 2.4346
1368 -3.7993 3.7089 26.8712 2.5342 34.8789 2.5262 -7.1952 0.8155 102.3995 2.6835 169.3528 3.3013 -8.4131 2.8410 115.5243 2.4553 54.5491 2.4541 108.2127 2.4752
1369 -4.0813 4.0371 26.6689 2.5939 34.6386 2.4647 -7.5722 0.6011 103.3601 2.2524 168.7613 3.5298 -8.7194 2.5738 115.4411 2.4952 55.1691 2.4848 109.2621 2.5510
1370 -4.4078 4.4954 26.6332 2.5531 34.5160 2.4700 -7.8787 0.4401 104.6423 2.5885 168.8194 3.5935 -8.5254 1.6961 115.2028 2.4333 55.2742 2.4685 109.6478 2.5264
1371 -4.2954 4.5333 26.9764 2.4724 33.7093 2.5473 -8.1512 0.2931 105.5087 2.5013 168.7211 3.9599 -8.5960 1.0515 114.3564 2.3399 55.3497 2.5617 109.9284 2.5154
1372 -4.3207 4.7760 27.0070 2.4808 32.3812 2.5597 -8.3491 0.1998 106.0715 2.5354 168.3919 4.5411 -8.5276 0.6178 114.0282 2.4618 55.8712 2.4800 109.9765 2.5151
1373 -4.7701 4.9190 27.2504 2.3337 31.9288 2.5645 -8.3802 0.4242 106.8204 2.6093 167.9496 4.7297 -8.3035 0.6353 113.7221 2.5415 55.8024 2.5842 110.4873 2.5264
1374 -5.0731 4.9127 27.7854 2.4592 30.9152 2.5084 -8.2874 0.7860 107.6319 2.3200 167.6580 4.9423 -8.0061 0.5435 113.0099 2.4188 55.3310 2.4773 110.7628 2.4621
1375 -4.9751 5.1662 28.1165 2.4900 30.1670 2.5846 -8.3742 0.6599 108.0881 2.4114 167.2713 5.1330 -7.5029 0.1147 112.6448 2.3852 55.0652 2.5478 110.6744 2.5169
1376 -5.1695 5.0042 28.8992 2.4189 28.8385 2.4979 -7.8589 0.6814 108.7693 2.4945 166.9023 4.8641 -7.0490 0.0151 112.2910 2.5052 54.7615 2.6052 110.4286 2.4843
1377 -5.2343 5.0636 29.2347 2.4779 27.1651 2.4097 -7.6288 0.8872 109.0242 2.4867 166.3885 4.5324 -6.5006 -0.1937 111.9903 2.4366 54.4715 2.6076 109.9301 2.5551
1378 -5.6441 5.0081 30.0331 2.4564 25.8954 2.6965 -7.3606 1.1549 109.1801 2.4169 165.9162 4.4994 -6.4080 -0.1491 111.7044 2.4155 53.6802 2.4291 109.7348 2.5568
1379 -6.2749 4.7609 30.7586 2.6102 24.5463 2.7419 -7.2559 1.3824 109.4666 2.4800 164.9232 4.3344 -6.0114 -0.0721 111.4854 2.5379 53.2112 2.5454 109.2058 2.6281
1380 -6.4288 4.7049 31.9760 2.5169 23.0918 2.3636 -7.2293 1.0986 109.6330 2.5528 164.2432 4.3875 -5.8154 -0.1754 110.1927 2.4898 52.7694 2.4615 108.6207 2.6142
1381 -6.7746 4.4369 32.8555 2.4599 21.5366 2.4459 -7.2169 1.2085 109.5835 2.5365 163.7541 4.2977 -5.6399 -0.0034 109.4682 2.5857 51.7957 2.4425 108.1620 2.5275
1382 -7.1851 4.1221 34.5846 2.6773 20.3737 2.6172 -7.1365 1.1710 109.5748 2.4429 163.2152 4.3607 -5.2548 -0.2479 109.1180 2.7367 50.7797 2.4654 107.4615 2.6434
1383 -7.4162 4.1366 35.9692 2.4607 19.5480 2.4633 -7.0473 1.0687 109.4391 2.5568 162.8002 4.3283 -5.0622 -0.2520 108.5230 2.5649 49.7073 2.6008 106.3852 2.5011
1384 -7.5647 3.6466 37.3143 2.7809 17.8516 2.3822 -6.5494 1.0669 109.0221 2.5922 162.5748 4.1292 -4.8226 -0.1163 108.3799 2.5207 48.4839 2.6632 105.3337 2.5475
1385 -7.7796 3.1203 38.8180 2.6165 16.0423 2.5802 -6.1676 0.5341 108.6395 2.5127 162.0756 4.1048 -3.9973 0.0013 108.2460 2.5233 46.8110 2.7509 104.1991 2.3121
1386 -7.8692 3.0097 40.0694 2.6216 14.5223 2.5217 -5.9652 0.1692 108.3459 2.5326 161.4942 3.8418 -3.6104 -0.1337 108.0579 2.4603 46.0951 2.5155 103.3276 2.3291
1387 -7.9261 2.7810 41.0924 2.4208 13.5124 2.5137 -5.9462 0.3833 107.8954 2.4304 161.2879 3.5472 -2.9410 0.3078 108.2104 2.4998 44.8981 2.5828 102.3153 2.5063
1388 -8.1845 2.3475 41.8158 2.4023 12.2409 2.2838 -5.7465 0.6465 107.6635 2.5994 161.1449 3.3839 -2.4838 0.5634 108.9521 2.3759 43.9490 2.6028 101.2139 2.4430
1389 -8.3431 2.2894 42.8557 2.6111 11.2896 2.3112 -5.1310 0.5710 107.0046 2.5606 160.9429 2.7527 -2.0688 0.5392 109.4842 2.4458 43.1268 2.6940 99.8918 2.4931
1390 -8.6736 2.7188 43.9280 2.5757 9.9741 2.0758 -5.1010 0.5678 106.6207 2.4445 160.9364 2.2976 -1.3335 0.6255 109.7984 2.4905 42.4134 2.5105 98.4304 2.4469
1391 -8.5489 2.7983 44.8333 2.6435 8.7413 2.1615 -5.2064 0.5054 105.9642 2.5137 161.1071 2.0183 -0.8891 0.8670 110.4997 2.4638 41.8478 2.4203 97.4050 2.3249
1392 -8.9248 2.5170 45.5949 2.5208 7.6859 1.8873 -5.1355 0.5150 105.3735 2.3216 161.3134 1.6522 -0.6097 0.8537 111.3279 2.4333 41.1918 2.3446 96.6177 2.5015
1393 -9.1052 2.6800 46.3093 2.5417 6.6669 2.0486 -4.9761 0.6976 104.5313 2.4718 161.3917 1.4449 -0.3275 1.2023 111.5763 2.4592 40.6790 2.4323 96.2469 2.3906
1394 -9.5294 3.1443 46.9858 2.6474 5.7847 2.1863 -5.3049 0.7615 103.9558 2.4604 161.7481 1.2019 -0.2526 1.0438 112.3156 2.5305 40.3000 2.5473 95.4064 2.4985
1395 -9.3391 3.4063 48.0518 2.4430 4.7821 2.0912 -5.3314 0.9951 103.8651 2.3926 162.5152 0.7913 0.1479 1.1637 112.8952 2.5504 39.9767 2.5150 95.2055 2.4654
1396 -9.2900 3.3685 48.6016 2.4666 4.2007 1.9705 -5.7308 0.7296 103.7588 2.4719 163.1090 0.7262 0.1100 1.2397 114.1877 2.5337 39.8933 2.4438 94.4973 2.5111
1397 -9.3565 2.9067 48.7876 2.4123 3.5592 1.7238 -5.7806 0.7714 103.5229 2.5470 163.3085 1.2359 0.3641 1.2011 115.3532 2.6352 39.3271 2.5031 93.9171 2.5034
1398 -9.3726 2.6770 48.6837 2.4673 3.0054 1.8593 -5.8997 0.7164 103.3172 2.4545 164.2411 1.2191 0.2035 1.0184 116.4301 2.5107 38.9581 2.4992 93.7140 2.4854
1399 -9.5923 2.5676 49.3154 2.5528 2.8687 1.6141 -5.9975 1.1679 103.1054 2.4938 164.6080 1.7189 0.1335 0.8665 117.9774 2.5308 39.0344 2.4897 93.5842 2.4653
1400 -9.6632 2.2994 49.6703 2.5277 2.9504 1.4956 -6.2945 1.4206 103.0106 2.5289 165.0376 1.5355 0.1156 0.9140 119.4988 2.4735 39.3265 2.3843 93.9182 2.4572
1401 -9.1764 2.1449 49.8769 2.4611 2.9507 1.8579 -6.4519 1.9419 103.1386 2.4501 165.5024 1.8575 -0.3787 0.6484 120.8634 2.4949 39.7169 2.4869 93.9006 2.5526
1402 -8.8874 1.5814 49.7533 2.4627 3.0694 1.7551 -6.6700 2.0469 103.4905 2.4942 165.8242 2.2595 -0.7594 0.7440 121.9067 2.4765 40.4681 2.3893 93.9325 2.5057
1403 -8.1600 1.1201 49.3726 2.4630 2.9005 1.6970 -6.9060 2.2700 103.7927 2.4929 166.3555 2.3964 -1.4371 0.7225 123.1261 2.4942 40.6147 2.4301 93.7110 2.5273
1404 -7.4507 1.0327 49.2529 2.4383 2.9394 1.6455 -6.8211 2.4448 104.2673 2.4814 167.0737 2.3901 -1.8655 0.8342 124.6939 2.4642 41.2413 2.5330 94.2362 2.4876
1405 -6.8505 1.0701 48.9095 2.3754 2.9940 1.7750 -7.2544 2.5655 104.9650 2.6152 167.4795 2.3935 -2.1175 0.9215 125.7821 2.5777 41.8100 2.5156 94.4615 2.5760
1406 -6.3657 1.7039 47.8860 2.5727 2.9515 1.8584 -7.4045 2.4766 105.6385 2.4971 167.7733 2.0413 -2.4271 1.0119 126.9918 2.6223 42.6917 2.5000 95.3460 2.4773
1407 -5.9703 1.7330 47.2371 2.4741 3.0107 1.7044 -7.5005 2.7532 106.8011 2.6006 168.1100 1.7010 -3.1242 1.0291 127.9182 2.5969 43.6666 2.3312 95.8109 2.5174
1408 -5.5020 1.8948 46.9650 2.3755 3.6733 1.6798 -7.9600 2.7262 107.7923 2.5605 168.3720 1.5563 -3.6034 1.2200 128.3822 2.6167 45.0151 2.3757 96.3464 2.6053
1409 -5.2567 2.5650 46.0149 2.2893 4.4969 1.7057 -8.1694 2.7752 108.6424 2.4623 168.7793 1.5406 -4.2760 1.6698 129.2395 2.4926 46.1921 2.5738 97.1319 2.4341
1410 -5.2100 3.3653 45.2630 2.2797 5.1119 1.9747 -8.3621 3.3772 109.4673 2.3304 168.9263 1.8237 -4.5580 1.9667 129.5721 2.5517 47.3580 2.3981 98.1116 2.5077
1411 -5.3866 3.8324 44.0062 2.5144 5.4236 1.9269 -8.5851 3.5058 110.4421 2.2225 169.4173 2.1737 -5.1351 2.2994 130.1779 2.5204 48.6931 2.4292 99.1699 2.4589
1412 -5.4990 4.0035 43.1587 2.6050 6.2213 1.9365 -8.4947 3.6137 111.6688 2.4364 169.5372 1.9082 -5.5138 2.8449 130.6620 2.5382 49.7278 2.4063 100.2029 2.6138
1413 -5.5811 4.3284 42.0794 2.4002 6.8355 2.2198 -8.8959 3.7942 112.1077 2.4853 169.5096 1.9973 -6.2585 3.0894 130.9474 2.4290 50.4631 2.4827 101.8508 2.4284
1414 -5.5935 4.5727 40.5120 2.4589 8.3671 2.2011 -8.6771 3.7075 112.7872 2.4304 169.1798 2.7035 -6.3399 3.3861 131.3569 2.5144 51.3009 2.5535 103.4435 2.5020
1415 -5.8827 4.7858 39.2492 2.4377 9.4607 2.0232 -8.4791 3.7519 113.4212 2.5271 169.2088 3.1742 -6.3777 3.5404 131.3481 2.5412 51.8678 2.4355 104.6506 2.5496
1416 -6.1413 5.3470 38.2494 2.7346 10.8690 2.3438 -7.9292 3.5004 113.8145 2.5030 169.1689 3.5878 -6.7853 3.6051 131.4118 2.5460 51.9588 2.5297 106.0947 2.4081
1417 -6.5593 5.3212 37.0317 2.4203 12.1149 2.5014 -7.9119 3.7213 114.3835 2.3748 168.7078 3.5722 -6.5799 3.8343 131.6758 2.5096 52.4830 2.3450 107.8932 2.4959
1418 -6.6768 5.4100 35.5400 2.6584 13.3223 2.3123 -7.6909 3.7640 114.7758 2.3783 168.6917 3.5213 -6.4909 3.8368 131.5501 2.3556 52.8476 2.3366 109.1328 2.3987
1419 -6.9423 5.2923 34.4217 2.4886 14.6009 2.7234 -7.8268 3.5817 114.7670 2.4621 168.0707 3.3912 -7.1322 4.2402 130.8730 2.4528 53.2589 2.4703 110.8260 2.5096
1420 -7.3527 5.0518 33.3272 2.4666 15.7881 2.5088 -6.9805 3.9810 115.0491 2.4665 167.9128 3.1478 -7.2290 4.6715 130.2392 2.4808 53.2101 2.5489 111.9923 2.4611
1421 -7.3999 4.5555 32.2710 2.6083 17.1841 2.3557 -6.8944 3.5691 115.7179 2.6055 167.6008 3.1170 -7.6253 4.9498 129.5560 2.4835 53.3906 2.5282 112.9424 2.6671
1422 -7.4463 4.2657 31.4507 2.4891 18.3154 2.3501 -6.5177 3.2865 115.3199 2.5172 167.5470 3.0045 -7.8970 5.2152 128.8533 2.4870 53.7297 2.5165 114.1584 2.5882
1423 -7.3064 3.6028 30.3155 2.5401 19.5443 2.3141 -6.6997 3.2010 114.8915 2.5005 167.5337 3.0494 -8.1493 4.9710 128.0385 2.3545 53.9326 2.5642 115.8330 2.5723
1424 -7.0177 3.2864 29.2064 2.5027 20.9056 2.2716 -6.8545 3.3925 114.7379 2.5192 167.4090 2.8710 -8.5619 5.0814 127.3579 2.4865 53.8634 2.4206 117.1103 2.3661
1425 -7.2645 3.3415 28.7673 2.5571 22.4792 2.6138 -6.4603 3.5755 114.3570 2.4870 167.1310 2.6352 -8.7468 4.9726 126.2785 2.5041 53.3330 2.4992 118.2772 2.5258
1426 -7.2695 3.2859 27.9823 2.5215 24.0940 2.2968 -6.0197 3.6808 113.9597 2.4611 167.2850 2.3526 -8.8428 4.8157 125.2168 2.3760 52.7812 2.4444 119.2712 2.4847
1427 -7.4782 2.5374 27.8457 2.4710 25.4634 2.5756 -5.8871 3.7193 113.5810 2.5411 167.1569 2.2286 -8.9704 4.9948 123.6020 2.3732 52.5622 2.4780 120.3792 2.6670
1428 -7.9388 2.5430 27.6727 2.7018 26.4593 2.5999 -5.6582 3.7536 112.7700 2.5585 166.8897 2.6968 -9.2603 5.1070 122.4340 2.4913 52.2016 2.5239 121.1405 2.6308
1429 -7.9958 2.5765 27.5282 2.5693 27.5017 2.5792 -5.4329 3.4394 112.1935 2.3950 166.3387 3.1479 -8.8534 5.2762 121.5030 2.4048 51.0664 2.4096 122.6576 2.5647
1430 -8.0263 1.5660 27.1638 2.5560 28.8957 2.3676 -5.1902 3.4524 111.2216 2.5410 166.1304 3.0856 -8.8444 5.4443 120.3815 2.5424 50.2475 2.5758 123.2897 2.5385
1431 -7.8664 1.2209 27.1358 2.4798 30.1092 2.6292 -4.7878 3.2609 110.3562 2.4623 166.1382 2.9737 -8.8957 5.3511 119.5147 2.4066 49.7766 2.5436 123.9599 2.5094
1432 -7.8889 1.2709 26.8287 2.4635 31.5120 2.4827 -4.6998 3.0920 109.1802 2.5351 165.7514 3.2908 -8.4944 4.8901 118.9518 2.4628 49.0906 2.5570 124.7800 2.3685
1433 -8.2958 1.1276 26.9081 2.4905 32.6962 2.4316 -4.3510 2.7066 108.1947 2.6697 165.7701 3.6944 -8.6522 4.7338 117.9532 2.5161 47.8808 2.5047 125.4454 2.4393
1434 -8.1675 0.5583 27.5823 2.6115 33.9388 2.4510 -3.9105 2.7831 106.9085 2.5317 165.6298 3.6561 -8.3030 4.1757 116.8766 2.4242 46.7172 2.6393 125.8573 2.5150
1435 -8.2876 0.4507 27.6777 2.4889 35.7538 2.5456 -3.9796 2.4436 105.5317 2.6156 165.5869 3.6753 -8.0784 4.0265 115.8944 2.5009 45.5405 2.6166 126.2072 2.5419
1436 -8.2154 0.3281 28.2317 2.4921 37.0006 2.5491 -4.1776 2.1820 104.4695 2.5044 165.4747 3.3357 -7.8280 3.6891 115.1694 2.4708 43.8366 2.3324 126.2516 2.5507
1437 -8.2926 0.6169 28.4453 2.5235 38.3678 2.5094 -4.7520 1.5044 103.2341 2.3064 165.6380 3.7445 -7.5275 3.1537 114.7667 2.4051 42.7515 2.5892 126.4569 2.4330
1438 -8.5298 0.1394 28.8425 2.4140 39.7674 2.3988 -4.8459 1.4364 101.8943 2.4510 164.9986 3.8945 -7.9309 2.6919 114.5293 2.5221 41.4310 2.4969 126.8327 2.4277
1439 -8.6018 -0.0199 29.5021 2.4135 41.0718 2.4660 -5.0669 1.9082 100.5312 2.3672 164.4194 4.1654 -8.1173 2.6310 114.2314 2.4632 40.1766 2.5172 127.0361 2.4329
1440 -8.4291 -0.5001 30.2506 2.4749 42.2914 2.5160 -4.6703 2.0514 98.9442 2.4914 164.2215 4.2113 -8.2479 2.2935 113.4758 2.5355 38.9011 2.5431 127.2116 2.4838
1441 -8.3757 -0.6343 31.0791 2.3856 43.4549 2.3754 -4.5341 2.2633 98.1442 2.5864 164.0506 4.4377 -8.5326 2.0770 113.2343 2.3989 37.6853 2.3701 126.7012 2.5139
1442 -8.2469 -0.7039 32.1346 2.3893 44.6811 2.3930 -4.8551 2.2867 97.2785 2.4297 163.0291 4.2042 -8.8850 2.2319 113.5055 2.4982 36.7756 2.4708 126.2567 2.5204
1443 -8.2237 -0.8979 33.4708 2.3857 46.4980 2.6505 -4.3067 2.2083 95.8923 2.5096 162.0479 3.7772 -8.8486 2.3271 113.6449 2.4522 35.7613 2.4326 125.8088 2.6427
1444 -8.1511 -0.8116 34.8453 2.4146 47.5070 2.7034 -3.7386 2.1838 94.1676 2.4886 161.2877 3.9546 -9.1471 2.3685 114.1895 2.4576 34.8330 2.4182 125.4902 2.5568
1445 -8.1774 -0.5273 35.8034 2.4878 47.7690 2.5651 -3.3783 2.5420 92.7980 2.4075 160.3786 3.7959 -9.0887 1.8370 114.5126 2.4072 34.0391 2.5709 125.5212 2.5237
1446 -7.9040 -0.5095 36.7020 2.4426 49.0053 2.4135 -2.8190 2.5268 91.8368 2.5526 159.3567 3.4697 -9.3376 1.4341 114.9804 2.5113 33.5320 2.5700 125.0330 2.5776
1447 -7.6847 -0.5543 37.5213 2.5214 49.8314 2.4452 -2.1134 2.4316 90.4945 2.6489 158.0651 3.4272 -9.0712 1.4365 115.2143 2.4132 32.7796 2.4049 124.6297 2.5319
1448 -8.1544 -0.3528 38.5294 2.6241 50.9263 2.4699 -1.4932 2.5117 88.8238 2.4802 156.8138 3.3401 -8.9883 1.3735 116.0152 2.6130 32.4659 2.4895 124.2336 2.5313
1449 -8.5076 -0.3698 39.1315 2.4640 51.7609 2.6969 -0.8643 2.4457 87.3144 2.4610 155.5284 3.4976 -8.8682 1.6069 116.6908 2.6558 32.4591 2.5351 124.1586 2.5420
1450 -8.1789 -0.7357 39.8286 2.6034 52.3489 2.5124 -0.3860 2.8214 86.0943 2.7072 154.2229 3.2430 -8.3283 1.6771 117.4952 2.6528 32.1623 2.5041 123.3516 2.5134
1451 -8.2589 -0.7103 40.5283 2.4179 53.4145 2.6604 0.4208 2.6770 84.6965 2.4902 153.1355 3.2145 -8.0183 2.2861 118.7689 2.5324 32.3120 2.5354 123.4673 2.6275
1452 -8.4018 -0.4500 41.0428 2.5254 53.8993 2.5126 0.7144 2.7345 83.2755 2.5378 152.2250 2.8224 -7.6746 2.2889 120.1858 2.5123 32.1681 2.5168 123.1672 2.5757
1453 -8.5428 -0.3111 41.4895 2.5668 54.3652 2.4314 0.9149 2.6462 81.7255 2.5612 151.0491 2.8246 -7.5344 2.5407 121.7832 2.5702 32.2938 2.4902 122.5718 2.4721
1454 -8.8796 -0.3223 41.9251 2.5472 54.9187 2.5531 1.1339 2.1947 80.5348 2.4178 150.2177 2.5149 -7.6215 2.3191 122.5892 2.3573 33.0952 2.3956 122.2980 2.4293
1455 -8.7406 -0.4778 42.1842 2.6621 55.2535 2.4489 1.1809 1.8380 78.3162 2.5779 149.7870 2.3707 -7.7181 2.6699 123.6884 2.5097 33.5644 2.5501 121.8084 2.4398
1456 -9.1818 -0.6323 42.5072 2.5468 55.2504 2.4327 1.2804 1.8998 77.2962 2.5107 149.0102 2.4237 -7.9940 2.2949 125.2214 2.3957 34.2258 2.5261 122.0011 2.4176
1457 -8.8894 -0.2223 42.7152 2.6142 54.9043 2.4530 1.0307 1.8407 76.0685 2.5026 148.3501 2.5754 -8.0945 2.6750 126.7596 2.6860 34.8581 2.5196 121.9090 2.5651
1458 -8.9072 -0.2141 42.7378 2.5816 54.8262 2.4204 1.0289 1.8189 75.1041 2.4547 147.5042 2.4316 -8.5656 2.6000 128.3197 2.4449 35.7676 2.6974 122.4137 2.4872
1459 -8.6662 0.0279 42.8730 2.4730 54.7688 2.5122 1.0158 2.2439 73.4730 2.4808 146.9889 2.4276 -8.9348 2.9738 129.5429 2.6781 36.2532 2.3602 122.8271 2.4615
1460 -8.5775 0.0873 42.9039 2.5410 54.4218 2.4643 1.2039 2.7378 72.2469 2.2588 146.6098 2.5314 -8.9063 3.3164 130.9344 2.6155 36.9943 2.4947 123.3253 2.3564
1461 -8.7137 0.1597 43.0776 2.3923 54.5324 2.4732 1.3100 3.0980 70.8952 2.5904 146.6716 2.5817 -9.2241 3.1324 132.7258 2.5524 38.1354 2.4877 123.5783 2.4536
1462 -8.3760 0.0986 43.3465 2.6050 54.1181 2.4893 1.1126 3.1574 69.3626 2.3150 146.6703 2.5562 -9.1885 3.3458 134.6465 2.3962 39.1838 2.5236 123.8923 2.5228
1463 -8.5515 0.0619 43.6550 2.5476 53.6813 2.5201 1.2145 3.5827 67.9692 2.6323 146.5202 2.5113 -8.9017 3.5632 135.9619 2.5730 40.0682 2.3248 124.9477 2.4015
1464 -8.0160 -0.1755 43.2721 2.6052 53.0558 2.5061 1.4194 3.8360 66.7752 2.4634 146.2624 2.4924 -8.9114 4.0567 137.2659 2.3051 41.6427 2.4421 126.0039 2.4361
1465 -8.1344 -0.5730 43.2505 2.5683 52.6281 2.4369 1.4391 3.8899 65.5447 2.5586 146.4157 2.5371 -9.0073 4.0049 138.7205 2.5961 42.9631 2.5564 126.8425 2.4234
1466 -8.0564 -0.5426 43.4097 2.4941 52.1628 2.4957 1.0601 3.8920 64.2663 2.2802 146.2999 2.6061 -8.8355 3.9200 140.1285 2.6061 44.6339 2.4605 127.8457 2.3566
1467 -7.6093 -0.7335 43.5369 2.4583 51.2140 2.4294 0.4123 3.9054 63.0511 2.3948 146.6261 2.4569 -8.5305 3.6634 141.3278 2.5964 46.0461 2.5405 129.1885 2.4837
1468 -7.5157 -0.8570 43.5077 2.4680 49.9644 2.4613 0.2623 3.9286 61.6576 2.7075 147.4244 2.4852 -8.4811 3.4168 142.5475 2.5452 47.2333 2.5300 130.2933 2.5998
1469 -7.2370 -0.8766 43.5418 2.4295 49.1629 2.3951 -0.1939 3.9285 60.5150 2.5096 148.0623 2.7101 -8.4602 3.3758 143.9361 2.6033 48.8916 2.4502 131.1223 2.5609
1470 -6.9570 -0.5796 43.3999 2.4164 47.4740 2.4889 -0.6542 3.8465 59.1818 2.5297 148.9207 2.4327 -8.4057 3.5307 145.1166 2.5640 50.9145 2.4976 131.8598 2.4527
1471 -6.9713 -0.6061 43.9161 2.4921 45.7067 2.5121 -1.5464 3.4318 58.1164 2.5220 149.6038 2.6305 -8.0943 3.1752 146.3304 2.5087 52.1514 2.7049 132.2425 2.5855
1472 -6.7370 -0.5883 44.0581 2.5389 44.5582 2.4484 -2.4268 3.8586 56.8398 2.4979 150.8459 2.6358 -8.3553 2.9915 147.6462 2.3978 53.3600 2.5682 132.8212 2.5277
1473 -6.8929 -0.8227 44.7101 2.6359 43.4952 2.4673 -3.3653 3.7590 55.7275 2.5726 151.8344 2.9230 -8.2595 2.9509 148.5998 2.4157 55.6095 2.4306 133.1695 2.3933
1474 -6.6367 -0.9490 45.2707 2.4588 42.6193 2.4238 -4.2507 3.8345 54.3554 2.1891 152.6966 2.7672 -8.5284 2.7872 150.1169 2.4668 57.0579 2.4648 133.4673 2.5686
1475 -6.3023 -1.0501 45.6073 2.5622 41.9932 2.4939 -5.0630 4.0334 53.0461 2.2626 153.4600 3.0195 -9.1398 2.7408 151.1102 2.3990 58.3915 2.3973 133.4826 2.4960
1476 -6.1019 -0.4589 46.7896 2.5814 40.8244 2.6412 -6.0048 4.0761 52.1539 2.5557 154.5201 3.2152 -8.4973 2.9710 152.1940 2.1485 59.2819 2.2352 133.2682 2.5400
1477 -6.0155 -0.5915 47.8268 2.4924 40.1510 2.3958 -6.6094 3.9041 51.7088 2.4596 155.5509 3.5537 -8.7339 3.2376 153.4776 1.8140 60.8596 2.3465 133.2927 2.5478
1478 -5.6645 -0.4606 48.7159 2.4838 39.1679 2.6669 -7.2467 3.9547 50.4524 2.3551 156.5900 3.5599 -8.9514 3.4478 154.2814 1.8374 61.8634 2.6112 132.5943 2.6231
1479 -5.7462 -0.0757 49.4556 2.5578 38.6052 2.5851 -7.6500 3.8069 49.6679 2.5753 157.4108 3.5129 -9.4870 3.5577 155.2151 1.9110 63.2403 2.3725 132.1042 2.5391
1480 -5.5584 0.1347 50.7254 2.3401 38.3446 2.4227 -8.0058 3.7375 48.9230 2.5794 158.2571 3.4548 -9.6947 3.5756 156.0620 1.9477 64.5544 2.4031 131.5328 2.5571
1481 -5.5941 0.1575 52.0243 2.3559 38.5928 2.5022 -8.2150 3.5118 48.2052 2.3977 159.1232 3.3632 -9.4229 3.9090 156.6854 1.9484 65.8015 2.3995 131.2105 2.4651
1482 -5.6905 0.4332 53.2827 2.4788 38.2623 2.4254 -8.5726 3.0660 47.5986 2.4991 159.9181 3.3121 -9.4404 3.9860 157.1809 1.9466 67.3204 2.4150 130.1422 2.5212
1483 -6.1503 0.5345 54.3960 2.5903 38.0312 2.5418 -8.4418 2.9551 46.9931 2.4427 160.9351 3.2255 -9.3106 3.9742 157.8321 1.9871 68.9363 2.6453 129.4606 2.3974
1484 -6.1690 0.5048 55.1490 2.5256 37.8337 2.5710 -8.7297 2.3110 47.0495 2.6455 161.5884 3.5954 -9.3856 4.0748 158.4675 2.0308 70.3049 2.2831 128.0779 2.5603
1485 -6.5531 0.6366 56.3401 2.5798 37.6239 2.5288 -8.5878 2.0193 46.9385 2.4732 162.3981 3.4248 -9.2303 4.1940 158.9392 2.1658 72.0213 2.5363 127.0198 2.4833
1486 -6.4651 0.4437 57.4084 2.5336 37.4656 2.5074 -8.7299 1.6167 46.5320 2.5543 163.0598 3.2596 -9.0047 4.7215 158.7558 2.0622 73.6572 2.4363 125.6691 2.3547
1487 -6.2812 0.3236 58.2189 2.3935 37.3157 2.5917 -8.5367 1.3163 46.5420 2.4420 163.7390 3.5544 -9.0240 5.0256 158.6465 2.1301 75.0861 2.6226 124.5623 2.4666
1488 -6.2799 0.5387 58.7867 2.3711 37.3769 2.5292 -8.6493 1.0055 46.4480 2.4925 163.9412 3.6127 -8.5536 4.6318 158.6078 1.9274 76.1388 2.6607 123.3860 2.5316
1489 -6.4758 0.2879 59.0820 2.5510 37.5253 2.5420 -8.3269 0.8755 46.3094 2.5304 164.4749 3.9701 -8.6170 4.7850 158.2803 2.0584 77.5947 2.7084 122.2272 2.6470
1490 -6.2527 0.3382 59.7084 2.5266 37.6679 2.5148 -8.2537 0.8627 46.4646 2.4271 164.7351 3.9464 -8.1802 4.3444 158.1405 2.0143 78.8090 2.3828 121.3234 2.5890
1491 -6.7207 0.1901 59.6546 2.4924 37.9735 2.5576 -8.1346 0.9776 46.6656 2.3624 165.4246 4.0000 -7.6892 4.2710 157.5447 2.1772 80.2298 2.5909 120.3052 2.4802
1492 -6.5362 0.1971 60.0006 2.4066 38.1190 2.5024 -7.7616 1.2835 47.3806 2.4591 165.6961 3.8241 -7.7535 4.1147 157.1712 1.9615 81.5633 2.5714 119.2941 2.6212
1493 -6.4775 0.4100 60.5154 2.4909 38.3309 2.4780 -7.5002 1.4881 48.1805 2.4548 165.6351 3.9787 -7.5364 4.1199 156.5404 1.8706 83.0561 2.6693 118.8728 2.5004
1494 -6.2919 1.1280 60.3713 2.4798 38.4686 2.5123 -7.2337 1.3106 48.8219 2.4628 166.0712 4.2766 -6.8484 3.9063 155.9282 1.8348 84.3365 2.6835 118.3117 2.4022
1495 -6.3482 1.2773 60.4199 2.5507 39.1349 2.5194 -6.7087 1.2023 49.3585 2.5676 166.4480 4.2307 -6.5657 3.8043 155.3680 2.2470 85.4623 2.3733 117.3134 2.5343
1496 -6.9243 0.8996 60.6499 2.5384 39.3189 2.4197 -6.5035 1.2902 50.2838 2.4482 166.0552 4.6197 -6.0866 3.7057 154.7011 2.0321 86.7687 2.3986 116.9736 2.4489
1497 -7.2365 0.9786 60.3637 2.4965 39.6507 2.5325 -6.0439 1.4898 51.6684 2.4117 165.5374 4.4446 -5.4939 3.0920 153.7135 2.0724 88.0436 2.6023 116.6586 2.6671
1498 -7.2489 0.9227 59.7236 2.5338 40.0531 2.4994 -6.0804 1.5957 52.9827 2.4790 165.2549 4.0705 -5.1105 2.8549 152.5813 2.1556 89.0495 2.5774 116.4337 2.4451
1499 -7.7218 0.4548 59.4223 2.4863 39.9984 2.4435 -6.1695 1.5158 53.9695 2.4374 164.7637 3.6613 -4.8977 2.6869 151.6542 2.3055 89.9730 2.4158 115.9697 2.6392
1500 -8.2099 0.5383 59.0503 2.3555 40.2647 2.4408 -5.9099 1.3066 55.3635 2.3324 164.8617 3.6990 -4.6428 2.4027 149.9707 2.2051 90.6034 2.4532 115.4589 2.5187
1501 -8.1006 0.1333 58.2667 2.5089 40.0682 2.3737 -5.4137 0.8363 56.6199 2.3665 165.0537 3.4596 -4.7786 2.1722 149.1082 2.4666 91.1695 2.3690 115.1356 2.4884
1502 -8.3472 0.0726 57.7273 2.5222 39.5503 2.4710 -5.5481 0.7426 57.8032 2.5457 164.9998 3.4916 -4.2793 1.9399 147.5443 2.7473 92.0014 2.4273 114.6051 2.4603
1503 -8.1564 0.2519 57.1256 2.6394 39.0971 2.4951 -4.8120 0.5343 59.2870 2.5601 165.4144 3.4026 -3.7907 1.8227 145.9130 2.7803 93.0186 2.4390 114.2045 2.4306
1504 -8.3557 0.3494 56.6021 2.7073 38.3140 2.6101 -4.7787 0.3792 60.8661 2.5292 165.4974 3.1530 -3.2640 1.6877 144.3503 2.6900 93.7039 2.4186 114.1999 2.5173
1505 -8.1736 0.4386 55.8593 2.5416 37.4000 2.5396 -4.2068 0.2531 61.7637 2.4100 165.4794 2.9424 -2.9851 1.9021 143.1142 2.5481 94.3507 2.4011 113.7464 2.4685
1506 -7.9808 0.2671 54.4565 2.4816 36.6548 2.4095 -4.3346 0.2884 62.9798 2.5762 165.7576 3.2296 -3.0138 1.8537 141.8043 2.5893 94.6647 2.4915 113.6924 2.5388
1507 -8.0024 0.2278 53.2834 2.6499 35.8561 2.4428 -4.7418 0.7949 64.2578 2.5839 165.8545 3.0811 -2.6480 1.5919 140.4479 2.4314 94.8316 2.5067 113.0754 2.4346
1508 -7.9593 0.3449 52.2409 2.5624 34.9058 2.3462 -4.9191 0.6065 65.5628 2.4853 166.1825 3.0525 -2.7209 1.3661 139.2051 2.3344 94.7891 2.4864 112.8440 2.3873
1509 -8.0048 0.7099 50.5835 2.7180 33.6554 2.4441 -5.2896 1.2056 67.0425 2.5479 166.5204 3.4321 -2.9948 1.4406 138.0674 2.2832 94.5530 2.4882 112.4126 2.4047
1510 -8.0379 1.1301 49.2771 2.4230 32.2066 2.5700 -5.1554 1.0978 68.2242 2.4796 166.9235 3.1034 -3.1014 1.3707 136.6995 2.5447 94.1979 2.5742 111.8691 2.4230
1511 -8.0018 1.5094 48.0378 2.4334 30.5861 2.3765 -5.1960 1.0935 69.6284 2.6309 166.9903 3.1204 -3.5960 0.9400 135.3558 2.4573 93.6558 2.4224 111.8018 2.3990
1512 -8.1817 1.5997 46.4725 2.4500 29.4565 2.5468 -5.8670 0.5571 71.1264 2.6066 166.8118 3.1616 -3.4596 1.0358 133.9827 2.6855 93.1299 2.5132 111.4285 2.4469
1513 -7.7677 1.8022 44.7971 2.4003 27.7424 2.4195 -5.9129 0.0250 72.5782 2.5386 166.4828 3.4053 -3.2442 0.9557 132.8265 2.4650 92.7098 2.4815 111.2206 2.4815
1514 -7.9416 2.0399 43.1362 2.5178 26.2385 2.3765 -6.4213 -0.2987 73.8632 2.4797 166.5070 3.0657 -3.4079 0.8075 131.5614 2.4977 91.9762 2.6604 110.6048 2.4447
1515 -8.4909 2.1800 41.7654 2.4171 25.0259 2.6407 -6.0057 -0.4552 75.0182 2.2433 166.7028 3.0371 -3.7998 0.8984 130.5383 2.4544 91.4423 2.5469 110.0334 2.5264
1516 -8.6539 2.2187 40.0416 2.4776 23.6917 2.5699 -5.5048 -0.6631 76.8540 2.5170 166.5384 2.8298 -3.9973 0.9076 129.0420 2.5161 90.7143 2.3759 109.4910 2.3976
1517 -8.5590 2.2059 38.4243 2.6923 22.2857 2.5833 -5.6651 -0.4179 78.2316 2.4076 166.5121 2.6846 -4.0206 0.9947 127.4832 2.3025 89.7297 2.3682 109.0168 2.4385
1518 -8.7933 2.1704 37.3322 2.6439 21.2138 2.4094 -5.8476 -0.5782 79.8064 2.2841 166.5308 2.6211 -4.0058 0.8889 126.1144 2.4280 88.6864 2.5404 108.4242 2.4929
1519 -8.8239 2.4717 35.9034 2.4958 20.3847 2.4737 -5.7531 0.0152 80.9971 2.6027 166.5527 2.5009 -4.2580 1.0099 125.1250 2.5544 87.0315 2.3910 107.6033 2.5117
1520 -8.8331 2.6174 35.0831 2.4759 19.0392 2.6234 -5.5579 0.3527 81.8020 2.5630 166.1129 1.9578 -4.3100 1.2422 124.1699 2.7241 85.8351 2.3173 106.6385 2.5430
1521 -8.8206 2.5681 33.4674 2.3222 17.1802 2.5700 -5.6887 0.2131 83.0805 2.5041 166.5443 2.0024 -4.4067 1.1708 123.3418 2.5924 84.6912 2.3971 106.2314 2.5144
1522 -9.1930 2.6798 32.3852 2.5495 15.9984 2.8110 -5.7406 0.7375 84.5662 2.5501 166.7466 1.5383 -4.6439 1.0220 122.6143 2.4526 82.9701 2.3706 105.5166 2.5146
1523 -9.0227 2.9244 31.0106 2.3693 14.3806 2.6972 -5.6364 1.2465 85.8174 2.5570 167.1276 1.3424 -4.4972 0.8638 121.6738 2.5563 81.5903 2.5406 104.6726 2.3552
1524 -8.7088 2.9504 29.4068 2.6796 13.0685 2.5602 -5.9852 1.6005 87.0116 2.4332 167.7496 1.0909 -4.4711 1.2056 121.0228 2.5306 80.1179 2.4016 104.5497 2.4471
1525 -8.5850 3.2084 28.1114 2.6505 11.6629 2.5566 -6.3872 1.7099 88.3376 2.4916 168.1142 0.8692 -4.3966 1.3946 120.7678 2.4302 78.8327 2.5192 103.8889 2.5331
1526 -8.6195 3.4729 26.9890 2.5599 10.0681 2.5334 -6.6184 2.0178 89.6834 2.6421 168.0335 1.2974 -4.4324 1.5174 120.4310 2.4068 78.0174 2.6593 103.2177 2.4679
1527 -8.4693 3.3005 25.4719 2.5470 8.5104 2.7339 -6.9895 2.2922 91.1389 2.3572 168.6310 1.0187 -4.7133 1.1726 119.9643 2.4924 76.9544 2.3070 103.0284 2.4417
1528 -8.8138 3.8869 24.0738 2.5038 7.4907 2.9932 -6.9634 2.5115 92.3946 2.4008 168.8565 1.0464 -4.7676 0.6298 119.7826 2.4664 75.3110 2.5186 102.9002 2.4768
1529 -8.6496 4.5474 22.3998 2.4295 6.5522 3.3852 -6.8539 2.6227 93.7290 2.4114 168.9320 1.1403 -4.7951 0.5649 119.4392 2.5331 74.5920 2.5522 102.5465 2.5332
1530 -8.6134 4.2874 20.9099 2.5961 5.2601 3.1951 -7.0620 2.5045 95.0419 2.3908 169.5131 1.6144 -4.6442 0.3447 119.3224 2.5127 74.1269 2.5046 102.4984 2.4614
1531 -8.7536 4.6437 19.7259 2.4002 3.9419 3.1042 -6.9939 2.4241 96.1251 2.5495 169.4492 2.2081 -4.6762 0.3722 119.4271 2.4438 73.4077 2.4663 102.2006 2.5144
1532 -9.0349 4.5545 18.2244 2.5493 3.0153 3.3354 -6.8287 2.0831 97.6334 2.7123 169.2696 2.6797 -4.7898 0.3862 119.7965 2.5873 73.2460 2.5043 102.3626 2.5026
1533 -8.7552 4.5038 16.9115 2.3920 1.5653 3.5449 -6.9788 1.9119 99.4789 2.5603 169.7111 2.9157 -4.7085 0.6887 120.3713 2.5431 72.6836 2.5742 102.7532 2.4278
1534 -8.8896 4.4877 15.3263 2.4800 0.3721 3.5882 -6.7660 1.4985 100.6331 2.8774 169.2337 2.6877 -4.8796 0.8280 120.8282 2.5325 71.9930 2.5434 103.3134 2.5142
1535 -8.8290 4.2345 13.7481 2.4688 -0.0642 3.5486 -6.7661 1.2780 102.0029 2.5298 169.1541 2.5847 -5.1845 0.9990 121.3768 2.5595 71.9055 2.5146 103.5757 2.4530
1536 -8.5040 4.2216 12.2635 2.3808 -0.9128 3.4892 -6.8814 0.8171 103.7646 2.5319 169.2210 2.4870 -4.8777 1.4368 121.6966 2.4407 71.5846 2.5353 104.6143 2.4859
1537 -8.3477 4.3414 11.0870 2.6145 -1.5259 3.3423 -6.9817 0.5875 105.3630 2.4830 169.5428 2.4752 -5.0899 1.6489 122.4016 2.4872 71.6301 2.4396 105.4471 2.6321
1538 -8.4746 4.0506 9.1693 2.6591 -1.9906 3.2159 -7.2235 0.6210 106.5446 2.6956 169.6047 2.1224 -4.9630 2.0448 122.9647 2.4736 71.8979 2.4608 106.3429 2.5349
1539 -8.4998 4.1639 8.0290 2.5273 -2.3046 3.2224 -7.5690 0.6982 107.8459 2.5745 169.8093 2.0251 -4.9051 2.5229 123.4603 2.5319 72.5838 2.4489 107.2248 2.4202
1540 -8.5511 4.4069 6.7344 2.6397 -2.8448 3.1030 -7.8962 0.3201 109.5725 2.4603 169.7881 1.6736 -4.9644 2.6108 123.7519 2.5719 72.9017 2.3653 108.0032 2.5149
1541 -8.8109 4.7415 5.1223 2.6138 -2.9869 3.1182 -8.2429 0.1352 110.9424 2.6063 169.8243 1.5270 -4.8336 2.6042 123.9075 2.5506 73.3207 2.4479 108.7386 2.5580
1542 -8.8986 5.0620 3.6416 2.7680 -3.2154 3.1745 -8.6731 0.2948 112.0158 2.6420 170.1957 1.5647 -5.0653 2.6037 124.0287 2.4732 74.0125 2.4477 109.7797 2.6805
1543 -8.5616 4.7325 2.5052 2.7082 -3.7359 3.4833 -8.7876 0.2260 113.2742 2.5283 169.9271 1.1019 -5.0230 2.6475 124.2105 2.4389 74.3444 2.4744 110.9895 2.6176
1544 -8.3047 4.6987 1.3619 2.8898 -3.8578 3.4960 -9.1281 0.1497 114.7926 2.6212 169.5747 0.5352 -5.1671 2.5923 124.5637 2.4047 74.8670 2.4377 112.1028 2.6705
1545 -8.1490 5.0616 0.1260 2.7737 -4.0389 3.2189 -9.2444 0.0284 116.0846 2.4027 169.5088 0.3334 -5.1566 2.5225 124.4425 2.4841 75.9205 2.4420 112.7834 2.3770
1546 -7.7203 5.1017 -0.8798 2.8490 -3.9575 3.2275 -9.2822 0.1660 117.1536 2.2911 169.2613 0.3756 -5.1396 2.5251 124.6337 2.3998 76.7293 2.5053 113.8109 2.6329
1547 -7.5304 4.9334 -2.1932 2.5482 -3.9516 2.8092 -9.3618 0.3234 118.0965 2.3333 168.8055 0.7901 -5.0605 2.6769 124.3958 2.5446 77.9192 2.5317 114.6052 2.5049
1548 -7.6175 4.6275 -2.8082 2.5947 -3.4636 2.3734 -9.4554 0.2988 118.7693 2.5094 168.2821 0.9427 -5.0981 2.6972 124.1421 2.5156 78.9820 2.4414 115.3621 2.3786
1549 -7.5779 4.7947 -3.3613 2.9507 -2.8816 2.2461 -9.4755 0.0219 119.9262 2.6136 168.1958 1.2349 -4.7751 2.8695 123.8811 2.6217 80.0099 2.6867 115.9746 2.4884
1550 -7.4260 4.8409 -4.1430 2.7716 -2.1518 2.0791 -9.7899 0.1378 120.8165 2.3695 167.8534 1.3561 -4.1052 3.0806 123.4454 2.5501 81.2380 2.5345 116.2885 2.4974
1551 -7.4762 4.2545 -4.9577 3.0647 -1.4964 2.0156 -9.6468 -0.1202 121.8253 2.5388 167.6799 1.0764 -3.4088 3.0018 122.8883 2.4903 82.4510 2.4723 116.8271 2.4436
1552 -7.2829 4.0309 -5.3731 3.2262 -0.4632 1.6355 -9.6855 -0.1593 122.6544 2.4420 167.1208 1.3774 -2.3392 3.2016 122.3735 2.4391 83.6825 2.3737 117.1782 2.5036
1553 -7.1488 3.3935 -5.6016 3.4338 0.0408 1.7796 -9.5379 -0.5962 123.2607 2.4783 167.1143 1.2556 -1.9034 3.4232 122.1547 2.4454 84.9746 2.4052 117.4508 2.5894
1554 -7.1035 2.7512 -6.2566 3.4602 0.3664 2.0223 -9.3748 -0.2858 123.8609 2.4914 167.2868 0.9561 -0.9404 3.8869 121.8618 2.4557 85.7889 2.6297 117.3489 2.5187
1555 -7.3153 2.4065 -6.6506 3.4242 1.8007 1.4673 -9.2734 -0.5903 124.2710 2.5523 166.8074 1.1623 0.0458 3.9091 121.8120 2.4792 86.2874 2.6767 117.2703 2.4804
1556 -7.4816 2.0082 -7.1331 3.5728 3.0908 1.5696 -8.7519 -0.1631 124.9017 2.4676 167.2642 1.7434 1.2702 3.7208 121.3532 2.4557 87.1342 2.5624 117.1361 2.4003
1557 -7.7502 2.0393 -7.8224 3.6902 4.4699 1.4339 -8.7407 -0.0529 124.9383 2.6215 166.9196 2.2023 2.4029 3.9109 120.5178 2.4955 87.2406 2.4389 116.7330 2.3590
1558 -8.1427 2.0070 -7.7402 3.6542 5.9792 1.5438 -8.9102 -0.1369 125.4097 2.5235 167.1623 2.4636 3.3863 3.9893 120.0825 2.5433 87.6251 2.5453 116.3756 2.4367
1559 -8.1640 1.7879 -7.7621 3.7656 7.0215 1.7593 -8.9993 -0.1143 125.8132 2.5053 167.0407 2.2335 4.7266 3.7907 120.0424 2.4730 87.8255 2.4495 115.7772 2.4963
1560 -7.7767 1.6097 -7.8590 3.6920 7.8229 1.8715 -8.6436 0.1497 125.6806 2.5365 167.1920 2.0712 5.8390 3.3051 119.5804 2.4348 87.9270 2.4365 114.8978 2.4718
1561 -7.9759 1.7514 -8.1665 3.4930 9.3868 1.9960 -8.5786 0.2384 125.6337 2.5098 166.8423 1.9498 6.2452 2.9261 119.6492 2.5004 88.2940 2.4601 114.2180 2.4746
1562 -8.1468 1.9260 -8.6097 3.8751 10.6532 2.0039 -8.8752 0.2755 125.1720 2.4784 166.6995 2.1296 7.0886 2.9127 120.0402 2.5202 88.7833 2.4931 113.5352 2.5193
1563 -8.3356 2.0249 -8.9090 3.4576 12.3755 2.0830 -8.6264 0.0491 124.8823 2.5714 167.0691 2.1453 7.5904 2.7417 119.8282 2.5256 89.0535 2.4405 113.1777 2.3471
1564 -8.4006 1.8207 -9.1942 3.9239 13.7098 2.5128 -8.5293 0.1149 124.6029 2.4661 167.1781 2.5272 8.1712 2.6510 119.4588 2.4614 89.1460 2.4764 112.3315 2.5061
1565 -8.5623 2.0578 -9.2093 4.0631 15.0276 2.6228 -8.8070 -0.0562 124.2198 2.5370 167.5156 2.4506 8.9817 2.5357 119.7144 2.4509 88.8949 2.4135 111.2601 2.4392
1566 -8.9709 2.4039 -9.1053 3.8756 16.0921 2.5799 -8.6733 0.0634 124.0296 2.4607 167.5728 2.8408 9.6201 2.5288 119.6435 2.4653 88.5053 2.4401 110.2405 2.4925
1567 -8.6562 2.0181 -9.2462 4.5078 16.9512 2.5651 -8.7765 0.1134 123.8374 2.5245 167.7362 3.2381 10.2713 2.4996 119.5211 2.4859 88.4023 2.4266 109.4747 2.4738
1568 -8.5080 2.2037 -9.1344 4.1935 17.9834 2.6390 -8.6114 0.2357 123.0825 2.4580 168.0168 3.1579 10.6204 2.5079 119.2623 2.4786 88.2336 2.4335 108.7970 2.5418
1569 -8.4303 2.6238 -8.9400 3.8997 19.1701 2.5153 -8.1424 -0.0741 122.7152 2.5744 168.1739 3.8925 10.8493 2.5198 119.4741 2.4491 87.6876 2.5222 108.3327 2.4988
1570 -8.5541 2.7478 -8.7566 4.0640 20.1275 2.3908 -7.9655 -0.1423 121.9656 2.3660 168.2378 4.1390 10.5740 2.4568 119.7371 2.4612 86.9318 2.4911 108.0838 2.5342
1571 -8.8762 3.2176 -8.2736 4.2489 20.8326 2.4731 -7.7060 -0.4416 121.6843 2.3580 168.1437 4.4462 10.7669 2.4883 119.9263 2.5143 86.2279 2.4137 107.9642 2.4804
1572 -8.9059 3.6693 -7.9743 4.6266 21.2793 2.5015 -7.5285 0.0826 121.2079 2.4553 168.1966 4.4898 10.3153 2.4973 119.9932 2.5571 85.3429 2.5477 107.7601 2.4723
1573 -9.0421 3.9233 -7.6234 4.6060 22.0507 2.4634 -6.8800 -0.0090 120.2998 2.4820 168.3889 4.4028 10.3931 2.4172 120.2397 2.4556 84.3801 2.6393 107.2236 2.6418
1574 -9.0293 3.9300 -7.1121 4.7072 23.2704 2.5409 -6.6484 0.2214 119.8927 2.4024 168.5800 4.5203 10.7813 2.4541 120.8158 2.5441 83.2891 2.5049 107.4489 2.5000
1575 -9.0026 4.1537 -6.7931 4.2975 23.8991 2.5582 -6.8975 0.3907 119.9553 2.4671 168.6454 4.3096 10.6381 2.4795 120.8388 2.4823 82.0972 2.2851 107.2872 2.5657
1576 -9.1057 4.1220 -6.5740 4.4278 24.2894 2.4385 -6.7983 0.4595 119.5983 2.5134 168.9978 4.2033 10.4528 2.4560 121.0650 2.4263 80.7325 2.4827 107.3849 2.5609
1577 -9.1637 4.0286 -5.7932 4.3356 24.4500 2.5410 -6.1527 0.6176 119.3333 2.4749 169.1713 3.9253 10.2361 2.4546 121.2325 2.5081 79.2078 2.5663 107.5739 2.4983
1578 -9.1087 4.0557 -5.6529 4.0274 25.1546 2.5995 -6.3551 0.6366 119.5686 2.4854 169.2389 3.7635 9.9116 2.5403 121.3932 2.4819 77.6225 2.6167 107.7392 2.5502
1579 -8.8998 3.7672 -5.4106 4.1172 24.9122 2.4513 -5.9822 1.2126 119.5112 2.5632 169.5632 3.4926 9.4047 2.4331 121.2114 2.6305 76.4361 2.4730 108.0419 2.5198
1580 -8.7032 4.3506 -5.0350 4.0865 24.6388 2.5078 -5.7864 1.4228 119.3591 2.4720 169.8786 3.0623 9.4151 2.5594 121.0935 2.5984 74.9105 2.5929 108.3586 2.5078
1581 -8.2377 4.3057 -4.9370 4.2415 24.5445 2.4901 -5.8067 1.7810 119.5088 2.5275 170.4330 3.3472 9.4098 2.5127 120.5304 2.5973 73.9090 2.7734 109.0548 2.5097
1582 -7.3961 4.4436 -4.6031 4.2544 24.7008 2.4326 -5.3553 2.4380 120.1963 2.5106 170.8660 3.4936 9.3416 2.4418 119.8310 2.5100 72.5891 2.4236 109.5291 2.5342
1583 -6.1991 4.3905 -4.1623 4.2553 24.7441 2.4230 -4.9498 2.8502 120.6919 2.5203 171.1145 3.5998 9.1655 2.4896 119.3960 2.4665 71.5091 2.4199 110.3068 2.4633
1584 -5.7020 4.2855 -3.5908 3.9668 24.5430 2.5259 -4.8230 2.7471 121.2267 2.5767 171.1741 3.6477 9.2973 2.5275 118.7719 2.4964 70.7438 2.6787 111.0262 2.4812
1585 -4.6915 4.0530 -3.4908 4.1440 23.9404 2.5080 -4.7740 3.2684 122.2094 2.6047 170.9342 4.0895 9.4308 2.5001 117.9364 2.5097 69.9779 2.5406 112.2054 2.3822
1586 -3.7631 4.0250 -2.9642 4.2033 23.7084 2.3530 -4.7801 3.7762 123.1540 2.4712 170.9974 4.2107 9.6485 2.5329 116.9232 2.5486 69.1054 2.5296 113.4365 2.2626
1587 -3.0293 3.8122 -2.3484 4.1560 23.1309 2.5036 -4.7391 3.7719 124.2012 2.6265 170.5888 4.4344 10.2993 2.5819 116.2708 2.5562 68.1962 2.5162 114.5332 2.6708
1588 -2.3843 3.6687 -1.7872 4.2272 22.4226 2.5322 -4.8885 4.3771 125.4342 2.5706 170.2746 4.9357 10.9319 2.5965 115.2761 2.5612 67.5570 2.3823 116.0894 2.6708
1589 -1.4154 3.4485 -0.6099 3.8948 21.9220 2.5094 -4.9144 4.4612 126.2748 2.3548 170.1823 4.5385 11.8366 2.6885 114.1476 2.5227 67.1528 2.4583 117.0918 2.5863
1590 -0.6266 3.0147 0.6624 4.0477 21.4601 2.4203 -5.2352 4.6202 127.0942 2.4960 169.9098 4.6572 12.6500 2.5861 112.6742 2.5705 66.5255 2.4705 118.2401 2.4983
1591 0.3522 2.9548 1.6967 3.9091 21.0652 2.4923 -5.5634 4.9573 128.4459 2.4583 169.8859 4.2961 13.2808 2.5918 111.4781 2.5654 66.1390 2.4250 118.7920 2.6983
1592 0.8639 2.9275 2.8128 3.6618 20.7598 2.5533 -5.8867 5.1438 130.2767 2.6385 169.4877 4.0485 14.2073 2.5247 110.4929 2.3988 65.4670 2.4404 119.5933 2.5579
1593 2.0867 2.7036 4.4469 3.5449 20.2782 2.4848 -5.3302 4.8910 131.2827 2.4123 169.1841 3.7988 15.5317 2.3615 109.7446 2.4032 65.4399 2.4241 120.4009 2.5354
1594 2.9078 2.4529 5.3012 3.1399 19.9230 2.4825 -5.2015 4.8161 132.3404 2.3646 168.9366 3.5559 16.8091 2.4433 108.6227 2.3598 65.4003 2.5149 121.0196 2.5549
1595 4.1038 2.4066 6.4983 3.2408 19.3086 2.3589 -4.8302 4.9285 133.3066 2.3593 168.9255 3.7733 17.8798 2.4311 107.7790 2.5261 65.3431 2.4974 121.7252 2.5901
1596 4.9215 2.0497 7.0935 3.0449 18.8861 2.5416 -4.6309 4.1263 134.3349 2.6086 169.1081 3.7203 19.2580 2.6227 106.8760 2.6176 65.4122 2.5554 122.6750 2.6580
1597 5.9814 2.0740 7.9187 2.8796 18.5658 2.4853 -4.3454 3.8249 135.6128 2.7446 168.6931 3.5352 20.5380 2.4569 106.2568 2.5558 65.9725 2.5079 123.2175 2.5749
1598 7.4471 2.0539 8.4196 2.5046 19.0026 2.4440 -4.2858 3.4403 136.5368 2.3647 168.5657 3.6552 21.7527 2.5274 106.0126 2.4705 66.5194 2.3858 123.4865 2.6155
1599 8.6840 2.0064 9.3722 2.5178 18.9387 2.5272 -4.4022 3.4679 138.0304 2.4964 167.9443 3.3745 22.9738 2.6932 105.5392 2.4889 67.4924 2.5104 123.7600 2.6020
1600 9.7893 1.9888 10.0088 2.4616 19.1871 2.5118 -4.3282 3.0691 138.9652 2.6171 166.9802 2.9246 24.1737 2.4736 105.0982 2.3772 67.9653 2.6195 123.9754 2.5101
1601 10.7313 2.1472 10.8033 2.4871 19.2831 2.5301 -4.5511 2.7248 140.0295 2.4731 166.4238 2.9982 24.7594 2.4061 104.7677 2.4867 68.3651 2.5470 124.0739 2.5183
1602 12.2386 2.2078 11.4769 2.4172 19.4961 2.5276 -4.7595 2.2575 140.6930 2.5353 165.4536 2.9876 25.4418 2.5285 104.6906 2.4521 69.1677 2.5041 123.9366 2.5829
1603 13.7640 2.4198 11.8246 2.5114 19.9940 2.5318 -5.2016 1.8739 141.4629 2.6280 164.5475 2.9635 26.1283 2.4663 104.5528 2.5285 70.1347 2.4131 123.5674 2.4195
1604 15.1745 2.5269 12.4841 2.4737 19.9244 2.4960 -5.3424 1.5695 142.3652 2.4614 163.8404 2.9949 26.4414 2.4578 104.7495 2.4638 71.3140 2.5668 123.4332 2.5018
1605 16.7002 2.3136 12.8835 2.5703 20.8883 2.4383 -5.7264 1.2676 142.7862 2.4998 163.4313 3.0109 26.8238 2.5215 105.1708 2.4670 72.4516 2.6344 123.5634 2.5515
1606 18.2156 2.3288 12.9016 2.5707 21.2067 2.6120 -5.6925 1.1008 143.4502 2.5998 163.0374 3.1891 27.1616 2.4991 105.5744 2.3329 73.8167 2.5019 123.0057 2.3623
1607 19.0032 2.4270 12.7754 2.5001 21.7745 2.4577 -5.9500 1.2351 143.8876 2.4458 162.9349 3.4319 27.2661 2.5521 106.3887 2.5575 75.0403 2.4611 122.5806 2.4200
1608 20.3290 2.3080 12.7973 2.5552 22.4733 2.5898 -5.7698 1.2744 144.0814 2.3918 162.4021 3.4275 27.2302 2.4952 107.1538 2.4987 76.3441 2.5021 122.3859 2.4262
1609 21.8137 2.4302 12.6386 2.5815 23.3804 2.5113 -5.8335 1.3954 144.2990 2.5538 162.2705 3.5327 27.1375 2.5354 108.2199 2.5189 77.8189 2.3536 121.8239 2.5479
1610 23.1374 2.5245 11.9065 2.4867 24.1513 2.7326 -5.7952 1.7038 144.0383 2.5349 162.4199 3.4991 26.8511 2.4263 109.5956 2.5129 79.0502 2.4239 120.8215 2.7112
1611 24.7689 2.4751 11.1057 2.5598 24.8535 2.6239 -5.7134 2.0755 144.2934 2.4225 161.9897 3.0347 26.9515 2.4325 110.0965 2.5197 80.3059 2.4012 120.1354 2.4600
1612 25.9012 2.5815 10.6810 2.6698 26.1175 2.5234 -5.2474 2.6538 144.5688 2.5000 161.7566 3.0005 26.9088 2.5093 111.2193 2.6854 81.6279 2.4709 119.1200 2.6807
1613 27.1347 2.4964 9.8716 2.7736 27.2334 2.3829 -5.2677 3.4482 144.1546 2.3996 161.4845 2.7759 26.2795 2.5213 112.1987 2.6504 82.7087 2.4219 118.5333 2.6080
1614 28.5792 2.4445 9.1029 2.7284 28.1788 2.5378 -5.3345 3.5875 143.9103 2.5308 161.7108 2.4388 25.8809 2.5354 113.2157 2.5036 83.6700 2.6813 117.4676 2.4256
1615 30.1042 2.3973 8.2582 2.6587 28.6294 2.3532 -5.1356 3.9753 143.5079 2.4967 161.7261 2.3136 25.5918 2.6096 114.4265 2.4346 84.2295 2.5088 116.1844 2.5406
1616 31.3451 2.2149 7.7526 2.7219 29.3199 2.3334 -5.2358 4.4542 142.5215 2.5747 161.8308 2.0049 24.7514 2.5699 115.4279 2.5370 84.5555 2.3758 114.6454 2.5984
1617 32.8791 2.5579 6.7296 2.9331 29.6856 2.4595 -5.2721 4.5758 141.8029 2.4907 161.8296 1.6316 23.9332 2.6089 116.5112 2.2803 85.3737 2.4680 112.8696 2.5036
1618 34.3546 2.5295 5.5589 2.6306 30.3382 2.4662 -5.5320 4.2581 141.4660 2.5813 161.9895 1.2806 23.0982 2.6419 117.6222 2.4001 85.8848 2.4624 112.0190 2.6117
1619 35.3215 2.6352 4.2074 2.9323 30.5134 2.4724 -5.4116 4.3426 140.9135 2.5415 162.2075 0.8241 21.8251 2.5216 118.1781 2.5542 86.5202 2.3885 110.7785 2.3671
1620 36.5892 2.4657 3.0586 3.1262 30.7402 2.4851 -5.4556 4.2820 140.1878 2.3533 162.4746 0.8271 20.6093 2.3866 118.8048 2.5127 86.5696 2.5595 109.7503 2.5589
1621 37.9082 2.2605 1.6700 2.9960 30.7826 2.5539 -5.8977 4.2311 139.1225 2.4681 163.1841 0.5791 19.5421 2.6552 119.2466 2.3816 86.7293 2.4151 108.9690 2.5101
1622 39.1165 2.4787 -0.0938 3.1070 31.0202 2.5201 -6.1679 4.0391 138.1991 2.3358 163.3711 0.5196 18.4090 2.4746 119.4640 2.4603 86.8916 2.5583 108.2641 2.3377
1623 40.2538 2.3760 -1.2783 3.1229 30.7877 2.4782 -6.3564 3.8643 137.3658 2.3605 164.1104 0.6764 17.0748 2.6054 120.2344 2.6061 87.2673 2.5395 107.8673 2.4932
1624 41.7308 2.5021 -2.2983 3.0674 30.5944 2.4590 -6.9655 3.9296 136.2273 2.4918 164.3700 0.9231 15.7229 2.7112 120.5452 2.5686 87.2806 2.5100 107.4464 2.4113
1625 43.1456 2.6592 -3.5145 3.4147 30.3266 2.4209 -7.4190 4.1859 134.7813 2.5580 165.1662 0.7894 14.2976 2.4818 120.5872 2.5284 87.3409 2.5282 107.3081 2.4729
1626 44.0457 2.5885 -4.6350 2.9408 29.6699 2.5220 -7.2508 4.0839 133.2864 2.4311 165.6515 0.9233 13.5514 2.6428 120.4520 2.4859 87.6252 2.6000 107.0066 2.5058
1627 45.3120 2.5484 -5.5284 3.1091 29.2028 2.5003 -7.7570 4.1945 131.8053 2.3111 165.8106 0.8305 11.8812 2.6422 119.8359 2.4830 87.4406 2.6378 106.4670 2.4707
1628 46.3767 2.5006 -6.3485 3.2456 28.7789 2.3888 -7.9939 4.3407 130.1570 2.2993 166.5416 0.9023 10.6014 2.5810 119.5537 2.4608 87.6790 2.5034 105.9023 2.4730
1629 47.4156 2.5101 -7.1987 3.3148 28.3458 2.4451 -8.2063 4.7051 128.8429 2.3688 166.8492 1.3077 9.4587 2.6314 119.7066 2.5014 87.3092 2.6076 105.8919 2.4618
1630 48.3546 2.4083 -8.0301 3.5456 27.3606 2.5418 -8.8376 4.7177 127.8583 2.4567 167.4330 1.4923 8.5366 2.4959 119.3010 2.4614 87.1263 2.5808 105.7643 2.4066
1631 48.8491 2.4528 -8.4725 3.7018 26.9718 2.4691 -8.8512 5.0807 126.4970 2.4811 167.8732 1.4236 7.5267 2.6753 119.1789 2.3966 87.0253 2.4903 105.7715 2.4570
1632 49.5301 2.4601 -9.0678 4.1863 26.2046 2.4129 -9.0034 5.2356 125.0703 2.5799 168.6420 1.4016 6.7825 2.2943 118.3010 2.5192 86.6450 2.5524 106.1646 2.4790
1633 50.1224 2.5911 -9.1814 4.1121 25.2907 2.6055 -9.3295 4.8375 123.8365 2.7596 169.5249 1.8782 5.8409 2.6236 117.5148 2.6232 86.4214 2.5576 106.8811 2.6334
1634 50.8246 2.5791 -9.2765 3.6300 24.2611 2.5609 -9.2233 4.7854 122.2817 2.4148 169.8457 2.3228 4.7647 2.1558 116.7606 2.6027 86.7195 2.5901 106.8737 2.4126
1635 51.6063 2.5652 -9.5175 3.7351 22.8476 2.5519 -9.0591 4.8141 120.6496 2.6264 169.9963 2.1980 3.8901 1.9527 115.8590 2.6470 86.2650 2.6055 107.1568 2.3915
1636 51.7466 2.5804 -9.5919 3.4614 22.0117 2.3958 -8.7725 4.6385 118.8352 2.6695 169.9375 2.7697 2.9793 1.9060 114.9930 2.4273 86.1769 2.4837 107.6920 2.3749
1637 52.0258 2.5782 -10.0417 3.2368 20.6402 2.3945 -8.9683 4.5859 117.5678 2.6790 169.9185 3.1024 2.1196 1.9159 114.0491 2.5747 85.9553 2.4381 107.8766 2.5595
1638 52.4334 2.4455 -10.3889 3.2482 19.3521 2.4093 -8.7882 4.6942 115.9522 2.6316 170.1017 3.0337 0.9814 1.6928 113.0742 2.3992 85.3396 2.5449 108.3198 2.4482
1639 53.0757 2.4358 -10.5793 3.0540 18.0652 2.2862 -8.7573 4.3703 114.4244 2.6871 170.3034 3.1889 0.0254 1.6006 111.5411 2.5251 85.2623 2.5038 108.9730 2.6218
1640 53.0772 2.5720 -10.6234 2.9637 17.0760 2.5267 -8.5988 4.4334 113.2440 2.6602 170.5642 3.4577 -1.3054 1.3192 110.4977 2.4925 85.1950 2.5254 109.6098 2.4448
1641 52.9669 2.5421 -10.7355 2.5174 15.7908 2.5328 -8.4908 4.3542 111.6048 2.5535 170.5596 3.7868 -2.5500 0.9388 109.2308 2.4768 85.7880 2.4398 110.0684 2.5543
1642 52.3431 2.5075 -10.1758 2.7896 14.6168 2.2944 -8.3207 3.9281 110.3073 2.4354 170.6227 3.9383 -3.4457 0.8288 108.1975 2.5208 85.7747 2.5129 110.5420 2.3343
1643 52.2817 2.4597 -10.3104 2.6314 12.6212 2.0725 -8.4154 3.6021 108.8826 2.4931 170.3204 4.0079 -3.9144 0.9431 106.9241 2.4008 85.8663 2.4268 110.4920 2.5125
1644 51.6238 2.5635 -10.1113 2.7073 11.5194 1.9227 -8.3401 3.7157 107.6402 2.5567 170.4009 4.1679 -4.4704 0.9826 105.7912 2.5667 86.4022 2.5198 110.9937 2.5597
1645 50.8384 2.4402 -9.9403 2.2851 10.1259 1.8085 -8.0528 3.9337 106.5482 2.5430 169.9887 3.7605 -5.0151 0.9445 104.3843 2.4783 86.6194 2.5060 111.3661 2.5638
1646 50.2198 2.6415 -9.6628 1.9018 9.1715 1.7207 -7.9730 3.3164 105.4602 2.3584 169.6751 3.6697 -5.6221 0.9717 103.0570 2.3356 86.8340 2.4670 111.4905 2.5374
1647 49.7328 2.4910 -9.8341 1.8321 7.9913 1.7052 -7.4774 2.8849 104.5480 2.6643 169.6498 3.7165 -6.2021 0.8249 101.7912 2.5553 87.1962 2.4952 110.9539 2.4654
1648 49.2180 2.4195 -10.1286 2.2507 6.6645 1.3434 -7.1177 2.8043 103.5999 2.5212 169.3396 4.0907 -6.4931 0.8933 100.2566 2.3204 87.4678 2.5483 110.9431 2.5670
1649 48.5410 2.5364 -10.0355 1.7598 5.2362 1.2257 -6.7045 2.6909 102.5852 2.5429 169.3704 4.5397 -6.9540 1.1811 98.7642 2.2820 87.7540 2.4664 110.9309 2.5010
1650 47.6211 2.5146 -9.8658 1.6704 3.9385 0.7198 -5.8418 2.7242 101.4154 2.5086 169.3053 4.7647 -6.8723 1.3426 97.5735 2.6156 88.1338 2.5053 110.6624 2.5184
1651 46.7997 2.5661 -10.2840 1.1760 3.1711 0.5089 -5.8059 2.9746 100.6931 2.4712 169.2120 4.8109 -7.0662 1.6842 95.7985 2.5195 88.4191 2.4650 110.3437 2.5488
1652 46.4105 2.5610 -10.3374 1.1529 2.1738 0.3875 -5.4536 3.1988 99.6316 2.6611 168.8672 4.8954 -7.5893 1.6219 94.5728 2.5604 88.6327 2.5352 109.9913 2.5415
1653 45.6899 2.4747 -10.3374 1.2404 1.1385 0.3061 -4.6687 2.8527 98.6339 2.6406 169.1511 5.4220 -7.9631 1.7432 93.3038 2.7340 88.5272 2.5671 109.0391 2.5673
1654 45.1572 2.4262 -10.3714 1.5861 0.5531 0.2110 -4.2366 2.9356 98.2535 2.5504 168.9770 5.4526 -8.6402 1.6255 92.1712 2.4675 88.5076 2.5062 108.0090 2.5346
1655 44.7469 2.4973 -10.2598 1.2988 -0.3512 0.3926 -3.9925 2.8891 97.6833 2.4648 168.7927 5.3000 -8.8446 1.7760 91.2264 2.4027 88.5038 2.4997 107.7670 2.4968
1656 44.2973 2.4533 -9.8176 1.1516 -1.4341 0.5554 -3.2284 2.7079 96.7838 2.4669 168.9638 5.4648 -8.9176 1.7528 90.2694 2.6003 88.7345 2.4844 106.4734 2.6095
1657 43.9895 2.5183 -9.7326 0.9591 -2.0414 0.8261 -2.8389 2.4672 96.3093 2.5178 168.9574 5.7209 -9.2555 1.8489 89.5023 2.5943 88.8445 2.4810 105.6960 2.4596
1658 43.9591 2.3496 -9.5860 1.2592 -3.2331 0.9865 -2.6977 2.1605 96.2361 2.5613 169.2983 5.8210 -9.5246 2.0932 88.7468 2.5153 88.6360 2.5362 105.0771 2.3272
1659 43.9100 2.5093 -9.2110 1.7114 -4.0820 1.0357 -2.3765 2.2801 96.4861 2.4792 169.2621 5.7534 -9.8445 1.9440 88.5528 2.4222 88.4040 2.4524 104.2626 2.6628
1660 43.7688 2.5253 -8.7790 1.8410 -4.7005 1.2898 -2.7107 2.4168 96.2530 2.4709 169.2763 5.6408 -9.9090 1.6378 87.9333 2.5140 88.5287 2.4608 102.9749 2.6719
1661 43.9024 2.6165 -8.5573 1.6147 -5.0363 1.6994 -2.5221 2.2472 95.8972 2.5139 169.4365 5.4581 -9.9675 1.5485 87.5766 2.5565 88.1452 2.4819 101.7635 2.4330
1662 44.2758 2.4507 -8.0541 1.3238 -5.5289 1.7293 -2.6438 2.1604 95.6549 2.4610 169.6308 5.1249 -9.3499 1.3142 87.1920 2.5371 87.6770 2.4134 100.6553 2.4106
1663 44.7217 2.5159 -7.6726 1.2712 -5.9605 1.9056 -2.9153 2.4343 95.6466 2.4442 169.4030 4.8684 -9.1576 1.3436 86.9569 2.5034 87.4514 2.4693 99.3408 2.6420
1664 44.8270 2.6182 -7.5506 0.7835 -6.2006 1.9237 -2.8754 2.4878 96.4499 2.3931 169.0902 4.8183 -9.0747 1.3243 87.2379 2.4741 86.9070 2.4426 97.4559 2.5640
1665 45.2463 2.4990 -7.9175 0.6357 -6.8238 2.2694 -2.7717 2.5945 96.8483 2.4104 168.8044 4.5688 -8.9961 1.4599 87.1911 2.5116 86.6939 2.4859 95.8780 2.4085
1666 45.8001 2.5100 -7.7380 0.5167 -6.7659 2.5611 -2.8932 2.9148 96.8830 2.5712 168.9590 3.8104 -8.6189 1.3404 87.2558 2.5218 86.6301 2.4153 94.8420 2.5412
1667 46.6567 2.4955 -7.5181 0.5510 -7.0710 2.8664 -3.3857 3.2411 97.0136 2.5293 168.9759 3.9052 -8.5015 1.1822 87.3053 2.5409 86.4176 2.4226 93.3087 2.5052
1668 47.2487 2.4818 -7.5103 0.5529 -7.2213 2.7178 -3.6904 3.2726 97.6029 2.4587 168.7724 4.1516 -8.1467 0.9254 87.0101 2.4535 86.2220 2.4316 92.1451 2.4321
1669 47.7840 2.6645 -7.7175 0.4558 -7.0863 2.7900 -3.8291 3.7817 98.0047 2.4458 169.1745 4.5106 -8.2689 0.9974 87.1581 2.5169 85.6583 2.5150 90.8305 2.3143
1670 48.3042 2.5915 -7.4165 0.1876 -6.8707 2.8179 -4.2429 3.9285 98.4868 2.3531 169.1047 4.8220 -8.5028 1.1158 87.6334 2.5918 85.4533 2.3979 89.5762 2.3913
1671 49.1353 2.5001 -7.4516 0.3597 -6.3507 2.9174 -4.5957 3.9514 98.4620 2.3952 168.9323 5.0341 -8.8925 1.2714 88.2948 2.3917 85.1902 2.3923 88.0937 2.3554
1672 50.0250 2.5289 -7.4327 0.6157 -6.2174 3.0610 -5.1650 4.0162 98.5065 2.4351 168.8202 5.4190 -8.3606 0.7688 88.6370 2.4427 85.0345 2.5049 87.1208 2.4780
1673 50.8755 2.4556 -7.2008 0.5934 -5.9772 3.3653 -5.0849 3.8731 99.0393 2.6688 168.8185 5.3152 -7.7100 1.1227 88.8689 2.6130 84.8863 2.5090 85.9347 2.8021
1674 51.2779 2.5082 -6.3897 0.8160 -5.1930 3.9369 -5.1478 3.5744 99.6618 2.5871 168.7206 5.0695 -7.9550 0.9869 89.3506 2.4634 85.0647 2.4821 84.5737 2.4287
1675 51.7206 2.5496 -6.2419 0.6942 -4.3420 3.8993 -5.6536 3.2910 99.8142 2.4868 168.6136 4.8939 -7.6869 1.0929 89.5216 2.5295 85.4299 2.5608 83.0299 2.5612
1676 52.1655 2.5613 -5.8400 1.0609 -3.7054 3.9936 -5.7434 2.9657 99.3785 2.4546 168.0697 4.8618 -7.1689 1.1139 90.1539 2.4839 85.4948 2.4877 81.6318 2.3600
1677 52.8065 2.6131 -5.7073 1.3428 -2.4457 4.1760 -6.2071 2.8462 99.4140 2.5199 167.6117 4.6530 -6.9847 0.9443 90.6042 2.4369 86.2288 2.5254 80.4821 2.3769
1678 52.6625 2.4860 -6.0559 1.5369 -1.0372 4.3329 -6.8198 2.5044 99.5639 2.4578 167.4810 4.5196 -6.7981 1.2527 90.9458 2.4788 87.2368 2.5784 78.8565 2.6494
1679 52.7380 2.4887 -6.1283 1.5052 -0.2069 4.0058 -7.4411 2.5845 99.1742 2.5928 166.9774 4.6128 -6.2199 1.2425 91.0773 2.5018 87.9165 2.6121 77.2767 2.2550
1680 52.7047 2.4112 -6.2633 1.5375 0.7248 4.0120 -7.7129 2.3413 98.8826 2.5669 166.7260 4.6428 -6.1576 1.2388 91.2632 2.4978 88.8030 2.5639 75.9811 2.2356
1681 52.4759 2.4129 -5.8526 1.4439 1.8622 3.9941 -8.1095 2.1563 98.7116 2.5421 166.8927 4.4979 -5.9731 1.5693 91.5794 2.4480 89.4977 2.5470 74.7747 2.6087
1682 52.3784 2.4148 -5.9130 1.4547 2.9116 3.7275 -8.3096 2.3582 98.3051 2.4657 167.0205 4.2148 -6.1092 1.8594 91.3824 2.4700 90.8741 2.5931 73.5898 2.6844
1683 51.6907 2.4714 -6.0396 1.3158 3.8843 3.5899 -8.7667 2.3423 97.7867 2.4464 167.0991 4.0037 -6.0750 2.3085 91.2827 2.5562 91.8656 2.3578 72.4835 2.6677
1684 51.4099 2.4527 -6.4334 1.1426 4.8316 3.6433 -9.2238 2.4035 97.7190 2.5622 167.4169 4.0863 -5.9839 2.4665 90.7896 2.4823 93.3937 2.5089 71.3424 2.4919
1685 50.8851 2.4125 -6.2775 0.6223 6.0961 3.0806 -9.6224 2.0751 97.4013 2.6040 167.7601 3.8642 -5.9078 2.9109 90.3587 2.4730 94.4899 2.5222 70.3679 2.4894
1686 50.0662 2.5215 -6.1203 0.4730 7.0631 3.1637 -9.7677 1.9886 96.9636 2.5756 167.4909 3.4223 -6.1291 2.6627 89.7401 2.6044 95.6956 2.5712 68.8220 2.3231
1687 48.9272 2.2638 -6.1069 0.5244 8.3637 3.1270 -9.8686 1.9607 97.1871 2.6087 167.2572 3.3284 -6.3485 3.2294 88.9156 2.5982 97.1881 2.3056 67.4148 2.3753
1688 48.2000 2.4095 -6.1660 0.0618 9.1683 2.9608 -9.6565 1.6175 96.5880 2.6257 167.2751 3.5677 -6.2428 3.2131 88.0607 2.5619 98.9146 2.4988 66.0907 2.3440
1689 47.1406 2.5588 -6.2202 -0.2372 10.7693 2.8209 -10.0050 1.5992 95.7747 2.4800 167.2300 3.4600 -6.3061 3.4398 87.0888 2.5142 100.1967 2.4635 65.1295 2.2841
1690 46.1206 2.6340 -6.4731 -0.1877 12.1251 2.6178 -9.6469 1.6013 95.5173 2.4922 166.9195 3.6964 -6.3619 3.4876 86.2494 2.5225 101.3725 2.3892 64.2601 2.5280
1691 44.7203 2.4107 -6.0359 0.0996 13.3131 2.5397 -9.4424 1.7426 94.7019 2.5107 167.1508 3.6086 -6.5101 3.4261 85.3663 2.6472 102.5117 2.4570 63.1818 2.4749
1692 43.3414 2.3934 -5.9790 0.0082 14.8415 2.5692 -9.0121 2.0353 94.8392 2.4282 166.7221 3.6337 -7.0194 3.4468 84.2756 2.5938 103.8812 2.5252 61.7338 2.5132
1693 41.7353 2.5325 -6.2645 -0.2726 16.1693 2.4779 -8.5394 2.2816 94.4661 2.4526 166.8252 3.5405 -7.8653 3.3077 83.1868 2.4787 105.0757 2.4368 60.5674 2.4353
1694 40.6411 2.5669 -6.5168 0.1020 17.3542 2.5716 -8.2100 2.4831 94.6827 2.5168 166.2884 3.5885 -8.0523 2.7039 82.0000 2.4805 106.3479 2.5066 59.5152 2.4212
1695 39.6335 2.5784 -6.4257 -0.1310 18.8392 2.6926 -7.9548 2.3680 94.8276 2.4525 166.2404 3.3321 -8.5970 2.7192 80.7940 2.3037 107.5504 2.3882 58.2593 2.5314
1696 38.7578 2.3509 -6.8712 -0.4014 20.0336 2.3677 -8.1542 2.5701 95.0703 2.4569 166.4216 3.3154 -8.8697 2.3618 79.2702 2.3301 109.2147 2.3443 57.0283 2.3996
1697 37.3219 2.5842 -6.8652 -0.4546 21.2356 2.5452 -8.2762 2.7687 95.0593 2.4136 165.9442 3.3978 -9.0326 1.9120 78.0868 2.5129 110.6475 2.6985 55.8196 2.7358
1698 36.2872 2.6836 -6.8845 -0.3207 22.4828 2.5595 -8.4497 3.2907 95.7215 2.3878 165.8948 3.5394 -9.1055 1.5003 77.1726 2.3870 111.6527 2.8684 54.3096 2.4888
1699 34.9831 2.4167 -7.1424 -0.6431 23.7941 2.5572 -7.7910 3.3881 96.1467 2.3013 166.1220 3.3748 -8.7562 1.3191 76.5533 2.4400 113.6522 2.4852 53.1340 2.5784
1700 33.7715 2.5943 -7.2236 -0.5184 25.2323 2.5943 -7.7606 3.2870 96.8136 2.4578 165.9303 3.2245 -9.0283 1.0920 75.9159 2.5130 114.8373 2.6879 51.9999 2.4378
1701 33.0950 2.4371 -7.3083 -0.0929 26.3914 2.3343 -7.5806 3.0165 97.6985 2.4363 166.1314 3.4732 -9.2045 0.7703 75.0813 2.4892 116.5214 2.6274 50.4940 2.5118
1702 32.1398 2.5752 -7.3563 -0.0019 27.7783 2.3762 -7.1840 2.7208 97.9021 2.3687 166.0591 3.4475 -9.3537 0.6145 74.6713 2.5653 117.7680 2.8697 49.3181 2.2615
1703 31.2176 2.5286 -7.6055 0.0722 28.9317 2.6484 -7.1494 2.5293 98.5181 2.4209 166.3048 4.0356 -9.4119 0.4347 74.1915 2.5178 119.1698 2.6078 47.5877 2.3476
1704 30.3678 2.4341 -7.4668 0.9130 29.8686 2.7141 -6.6006 2.8422 99.1160 2.4623 166.4592 3.8174 -9.2762 0.2812 74.1233 2.5082 120.5729 2.6100 46.0237 2.4029
1705 29.5405 2.3575 -7.5909 0.9270 30.9282 2.5279 -6.6378 2.6656 99.8909 2.4189 166.9724 3.6771 -9.4323 0.3697 73.5319 2.4907 121.9256 2.4646 44.6411 2.5198
1706 28.7995 2.4338 -7.8465 1.4693 31.3500 2.5726 -6.3400 2.6277 100.2885 2.4500 167.3581 3.6656 -9.5889 0.3463 73.6619 2.5317 123.2854 2.4174 43.3433 2.5388
1707 28.0118 2.6219 -7.9269 1.8531 32.0060 2.4598 -6.4807 2.4849 100.7874 2.5880 167.5492 3.7304 -9.4040 0.0892 73.4337 2.5084 124.7489 2.4482 42.1226 2.5667
1708 27.8447 2.5275 -7.5324 1.7424 32.5257 2.4310 -6.6378 1.8920 101.3169 2.4258 167.9199 4.0623 -9.7847 0.2013 72.9864 2.4358 126.4077 2.5773 41.1126 2.5303
1709 27.2682 2.6070 -7.8857 1.9871 33.3467 2.5104 -6.6597 1.6714 101.5217 2.5211 168.2672 4.0958 -9.4520 0.5880 73.1576 2.4618 127.7630 2.5120 40.1042 2.6096
1710 26.9888 2.4360 -8.3232 1.8191 34.0534 2.4900 -6.9714 1.4576 101.3631 2.4089 168.4223 3.9665 -9.5266 0.8697 72.8104 2.5118 129.3271 2.5679 39.4752 2.6233
1711 26.7967 2.4814 -8.3875 2.0494 34.3534 2.4600 -6.8209 1.5344 101.6663 2.4869 168.7491 3.7689 -9.9101 1.0190 72.8655 2.4106 130.3856 2.7105 38.7700 2.4177
1712 26.6940 2.5357 -8.3280 2.7146 34.7014 2.5055 -6.9608 1.5114 101.5911 2.5333 169.2292 3.8658 -10.1149 0.9799 73.1238 2.4671 131.8750 2.6841 38.4574 2.5323
1713 26.9664 2.5137 -8.4015 3.1405 35.0686 2.5247 -7.1882 1.5000 101.7557 2.4898 169.6170 3.9190 -10.0916 1.3484 73.5914 2.4214 132.8645 2.4053 37.5145 2.4843
1714 27.5188 2.4996 -8.6374 3.8502 35.3711 2.4754 -7.4765 1.4814 101.7558 2.5369 169.8271 3.9955 -9.9314 1.2804 73.8678 2.6158 134.1443 2.3188 36.9555 2.4276
1715 28.1575 2.5864 -8.6905 4.0122 35.1982 2.5056 -7.7067 1.5622 101.6633 2.5191 169.7079 3.6765 -10.1802 1.3898 74.4370 2.3960 135.5351 2.5180 36.4265 2.5155
1716 28.5682 2.4874 -8.7353 4.4848 34.8534 2.4455 -7.7878 1.1568 101.2653 2.4857 170.3609 3.6014 -10.5778 1.4468 75.0796 2.4115 136.9657 2.4203 36.5065 2.5196
1717 29.0131 2.5707 -8.1863 4.8312 34.4637 2.5605 -8.0470 1.4106 100.4891 2.5821 170.9874 3.9362 -10.2900 1.4743 75.6764 2.5125 138.2764 2.4791 36.7198 2.4713
1718 29.1509 2.5538 -8.0347 5.0574 33.7378 2.6382 -8.4534 1.5542 99.8569 2.3975 170.8916 3.6996 -10.4672 1.8848 76.6235 2.4327 139.6230 2.4735 36.8199 2.4278
1719 29.8368 2.5792 -8.1075 5.1260 33.4224 2.4690 -8.7436 1.2465 99.3768 2.5787 170.9395 3.6418 -10.4938 1.9886 77.4680 2.5435 140.6088 2.6338 36.8681 2.5256
1720 30.5321 2.5731 -8.4569 5.3706 32.5888 2.3305 -9.2372 1.3461 98.3158 2.3633 170.6967 3.7688 -10.7032 2.1990 78.5846 2.4333 141.7336 2.5267 37.1363 2.4260
1721 31.3149 2.4149 -8.5561 5.5139 31.8401 2.4871 -9.4056 1.3551 97.5295 2.5727 170.7907 3.5762 -10.3394 2.5181 79.7781 2.4973 142.7792 2.4481 37.6342 2.4484
1722 32.0189 2.4241 -8.0249 5.6411 31.0423 2.4247 -9.4527 1.5978 96.5299 2.4538 170.8340 3.5090 -10.4268 2.4248 80.7975 2.4086 143.7254 2.4999 38.0342 2.4897
1723 32.5577 2.5335 -7.7175 5.8148 30.3982 2.5286 -9.6808 1.9666 95.8368 2.6331 171.0836 3.5466 -10.3424 2.2901 82.0967 2.5744 144.4908 2.2490 38.7624 2.4938
1724 33.3186 2.4034 -7.3819 5.9546 29.5323 2.4018 -9.7687 2.2464 94.7661 2.4189 170.9526 3.3704 -10.1139 2.3053 82.4324 2.4412 144.9083 2.3787 39.6735 2.3990
1725 34.0451 2.3806 -7.2062 5.8734 28.6014 2.3712 -9.6142 2.2064 93.3548 2.4023 171.1350 3.4671 -10.0819 2.1719 83.0833 2.4880 145.7918 2.3969 40.4131 2.3309
1726 34.2911 2.4847 -7.1014 5.5094 27.4172 2.5696 -9.6165 2.6395 92.2265 2.4471 171.4416 3.5581 -9.9433 2.2852 83.6411 2.5897 145.8868 2.5220 40.9215 2.4107
1727 34.3933 2.5185 -7.2937 5.3747 26.2596 2.3443 -9.7270 2.7635 90.8084 2.4524 170.9965 3.3847 -9.4072 2.2112 84.4850 2.4817 145.9783 2.6032 41.5796 2.3202
1728 35.3223 2.4979 -7.1897 5.6173 25.5674 2.5129 -9.5810 2.9054 89.7977 2.5852 170.6122 3.5930 -9.2644 1.9922 85.0667 2.5564 146.3940 2.5309 42.8916 2.3791
1729 35.4289 2.4695 -7.0293 5.5127 24.7174 2.4313 -9.7941 2.8760 88.6302 2.4952 170.7262 3.4474 -9.5548 1.9950 85.5969 2.4527 146.2216 2.5270 43.4100 2.4096
1730 35.6976 2.4931 -7.0595 5.2984 24.1317 2.5438 -9.8997 2.8784 87.3786 2.5000 170.5761 3.4102 -9.2858 2.4158 85.8826 2.5232 146.2456 2.5235 44.5758 2.3945
1731 35.9255 2.5168 -7.1319 5.3322 23.7478 2.4922 -9.6542 2.9891 86.2332 2.5947 170.3055 3.3627 -9.5186 2.2620 86.2766 2.4773 146.2563 2.4348 45.9290 2.4275
1732 35.8004 2.4247 -6.6164 5.0924 23.7513 2.4680 -9.9228 3.0100 84.9762 2.3665 170.2831 3.1689 -9.6264 2.6388 86.1410 2.4973 145.9943 2.5815 47.1863 2.4086
1733 35.4997 2.4341 -6.6334 4.5096 23.7837 2.4713 -9.6563 3.0247 83.9596 2.5148 170.1403 3.2434 -9.6771 2.7593 85.8849 2.5462 146.0982 2.4575 48.6145 2.5371
1734 34.9744 2.4661 -6.4332 4.4840 23.5997 2.4852 -9.6580 2.8372 83.2027 2.3899 169.6443 3.2874 -9.4010 3.0841 85.9059 2.4405 145.3884 2.2856 49.7297 2.4895
1735 34.2327 2.4548 -5.9648 4.3878 23.5880 2.5462 -9.6966 2.5704 82.4827 2.5596 169.7642 3.5346 -9.0538 2.7219 86.2237 2.4313 144.8548 2.4468 50.7190 2.4228
1736 33.9324 2.5603 -6.1905 3.9095 23.8146 2.5810 -9.3034 2.1436 82.1585 2.5264 169.6799 3.3955 -8.9420 2.6814 85.5270 2.4936 144.6961 2.5246 52.2210 2.7560
1737 33.1120 2.5823 -6.5085 4.0406 23.8997 2.5180 -9.4018 2.0806 81.5704 2.3972 169.3355 3.6188 -8.8989 2.8858 85.4248 2.4756 144.1465 2.3731 53.5636 2.8396
1738 32.5300 2.5865 -6.6702 4.3256 24.0718 2.5269 -9.4890 2.0609 81.1680 2.5169 168.7354 3.2755 -8.8249 2.6456 84.8985 2.4667 143.1438 2.4185 54.9522 2.3738
1739 31.3878 2.5360 -6.7157 4.4986 24.2657 2.5346 -9.0937 1.6895 81.1653 2.4422 168.9364 3.4856 -8.8716 2.6646 84.3830 2.5559 142.5555 2.5601 56.5467 2.5637
1740 30.1064 2.4108 -7.1801 4.5608 25.1025 2.4931 -8.8987 1.4007 81.0536 2.5332 168.4550 3.5947 -8.7868 2.7640 83.9123 2.6109 142.3143 2.4624 57.6805 2.5590
1741 29.4392 2.5148 -7.7989 4.9136 25.4715 2.4071 -8.4715 0.8379 80.6337 2.5046 167.8647 3.7140 -8.2934 2.4507 83.0319 2.4184 141.6862 2.5367 59.2038 2.5507
1742 28.5861 2.5906 -8.1978 5.0723 26.0396 2.4842 -8.2584 0.8009 80.7119 2.4785 167.3871 3.8863 -7.9078 2.5236 82.1058 2.5082 141.0276 2.5297 60.8773 2.5659
1743 27.3667 2.3872 -8.3389 4.6664 27.0276 2.5820 -7.8206 0.9150 81.0113 2.4256 166.6247 3.7999 -7.9500 2.7850 81.3976 2.5718 140.2172 2.5628 62.0586 2.5092
1744 26.0948 2.5468 -8.4285 4.6396 27.8374 2.4907 -7.2369 0.6489 81.1138 2.4581 166.2126 3.8688 -7.8128 2.9145 80.3694 2.4006 139.4732 2.4942 63.4564 2.4733
1745 24.8727 2.4380 -8.6312 4.4817 29.1890 2.5963 -6.9768 0.4521 81.6022 2.4418 165.8567 3.7023 -7.9473 3.1975 79.3857 2.4890 138.5452 2.4930 64.4130 2.4094
1746 23.8006 2.4949 -8.8234 4.1662 30.2347 2.4133 -6.8256 0.3028 82.1001 2.5864 165.6442 3.5397 -8.3341 3.4986 78.3217 2.4309 138.4200 2.4070 65.9057 2.4095
1747 22.2966 2.4355 -8.9798 3.7946 31.6866 2.3981 -6.7636 0.0933 82.5327 2.4481 165.2557 3.3196 -8.4948 3.6268 78.0780 2.4200 138.1189 2.4278 67.4335 2.5634
1748 20.6426 2.6755 -9.4547 3.5610 32.7684 2.4868 -6.7346 0.2502 82.7479 2.5590 165.4623 3.2141 -8.2862 3.6213 77.3188 2.5157 138.1160 2.4609 68.5192 2.4582
1749 19.3549 2.4273 -9.4963 3.6379 34.0870 2.4324 -6.9079 0.1476 83.2062 2.3179 165.3421 3.1155 -8.7949 3.7082 76.5725 2.4439 138.1331 2.5293 69.9725 2.4839
1750 17.7565 2.5379 -9.7081 3.6862 35.4148 2.5086 -6.7216 0.0673 84.4050 2.4408 165.0425 3.0108 -8.6892 3.5115 76.1932 2.4274 138.2006 2.4771 71.3953 2.4626
1751 16.4954 2.4831 -9.6882 3.4221 37.1205 2.4695 -6.6398 -0.0548 85.3878 2.3413 165.4023 2.9148 -8.5552 3.5770 75.9524 2.5746 138.3343 2.4658 72.7363 2.3193
1752 15.0082 2.2838 -9.5793 3.2598 38.8614 2.4843 -6.0754 0.2400 86.3398 2.6644 165.6092 2.2593 -8.8717 3.5280 75.5734 2.5965 138.4910 2.4568 74.0912 2.4405
1753 13.4527 2.5166 -9.1072 3.3483 40.1153 2.5361 -6.0916 0.2444 87.7877 2.5104 165.8155 2.0575 -9.2984 3.3051 75.2286 2.4275 138.8140 2.3838 75.2944 2.3668
1754 12.2455 2.5434 -8.9279 3.0997 41.2181 2.6265 -6.0721 0.2826 89.0316 2.5142 165.5844 1.6141 -9.3150 3.2033 75.0530 2.4850 139.5292 2.5936 76.7650 2.6132
1755 10.7871 2.6749 -8.7790 3.1802 42.3188 2.5211 -5.4061 -0.0098 90.1678 2.5160 165.5966 0.9681 -9.3025 2.9382 75.0244 2.4568 139.8593 2.5298 78.1412 2.4488
1756 9.4386 3.0653 -8.8700 3.1443 43.4636 2.5955 -5.3562 -0.1690 91.4229 2.4335 165.8929 0.6782 -9.6751 2.8365 75.1079 2.4202 140.5995 2.4617 79.4388 2.4296
1757 8.1996 3.3986 -8.8673 2.6755 44.7952 2.7770 -5.5134 -0.5046 92.7169 2.4925 165.7043 0.7561 -9.6277 2.9827 75.3379 2.4780 141.2663 2.4545 80.5089 2.4200
1758 7.2141 3.4608 -8.3958 2.5246 46.0548 2.6602 -5.4413 -0.1860 94.1650 2.4755 165.7338 0.5940 -8.9030 2.8183 75.5866 2.4303 141.9159 2.5280 81.7512 2.4440
1759 5.6361 3.7359 -8.3202 2.5643 47.5881 2.5286 -5.3518 -0.0446 95.0306 2.7165 165.9087 0.7242 -8.5358 2.7281 75.8479 2.5033 142.6472 2.5316 83.3155 2.3575
1760 4.3800 3.9930 -7.9843 2.8588 48.9647 2.6042 -5.3244 -0.0541 96.1886 2.4357 166.2767 0.4051 -8.4682 2.7010 76.6252 2.4940 143.4078 2.4787 84.7439 2.6521
1761 3.2614 4.1902 -7.8341 2.9395 49.9741 2.4237 -5.0139 0.3051 97.0437 2.4163 166.3225 0.3654 -8.1891 2.3811 77.1926 2.5050 143.7973 2.4270 86.2596 2.4053
1762 1.9971 4.5563 -7.4532 2.6826 51.4121 2.4626 -5.3127 0.4567 97.9236 2.3419 166.6864 0.5771 -8.1435 2.1074 77.6742 2.4244 144.8742 2.5128 87.6200 2.5467
1763 0.6156 4.6793 -7.3598 2.4590 52.8543 2.5099 -5.4317 0.4955 99.3647 2.5502 166.4459 0.4858 -7.7942 1.7069 78.7864 2.4567 145.7454 2.3932 88.6161 2.4617
1764 -0.2744 4.9891 -6.9590 2.2495 54.2007 2.7311 -5.6527 0.4128 100.1122 2.5576 166.2217 0.9269 -7.5401 1.4133 79.8059 2.3819 146.4285 2.4652 90.1332 2.5587
1765 -1.5512 4.5994 -6.4768 1.7359 55.7234 2.6178 -5.7487 0.6832 100.8462 2.5470 166.5231 1.0995 -7.7921 1.0182 80.6272 2.4038 147.3829 2.5187 91.2769 2.5706
1766 -2.5594 4.5232 -6.5118 1.5911 57.0979 2.3841 -5.8153 0.8139 101.4825 2.4286 166.4343 1.3363 -7.8834 0.6687 81.8372 2.7067 148.0374 2.4082 92.8800 2.5861
1767 -3.6864 4.8449 -6.0072 1.5055 58.4116 2.3665 -6.0745 0.4986 101.8857 2.4507 166.6024 1.2999 -7.7777 0.5677 83.2678 2.4579 148.6540 2.4806 94.2630 2.3483
1768 -4.2333 4.8016 -5.9591 1.3431 59.4773 2.3932 -5.6612 0.1849 102.0580 2.5084 166.6660 1.5861 -7.9984 0.5285 84.3727 2.3790 148.7448 2.4923 95.3924 2.4380
1769 -4.9640 4.7593 -5.9919 0.9548 60.6008 2.6444 -5.6321 0.1408 102.4696 2.5699 166.9845 1.3311 -7.7786 0.2043 85.5892 2.6346 148.7814 2.5107 96.5894 2.3005
1770 -5.7705 4.5054 -5.7951 1.2017 61.7572 2.5444 -5.5046 -0.0257 102.6349 2.5044 167.0756 1.7003 -7.6490 0.1117 87.1134 2.2730 148.4856 2.4739 97.6482 2.5744
1771 -6.5928 4.3195 -5.7361 1.2487 63.0315 2.4560 -4.9608 -0.1764 102.5226 2.5067 167.3848 1.3657 -7.6691 -0.3104 88.5653 2.4358 148.5697 2.4354 98.5456 2.5090
1772 -6.8190 3.8986 -6.2521 1.5082 64.6926 2.5685 -4.8405 -0.2835 102.3426 2.4620 167.4949 1.4117 -7.7049 -0.9437 89.8751 2.4189 148.4343 2.5260 100.0845 2.4541
1773 -7.5952 2.8737 -6.2319 1.8401 65.7152 2.5902 -4.9784 -0.1211 102.2694 2.5323 167.6965 1.7394 -7.3379 -0.6948 91.3049 2.4623 148.4765 2.5417 101.4484 2.3679
1774 -7.4794 2.9968 -6.4872 2.1471 67.1573 2.3331 -5.0151 0.1270 102.3030 2.5244 167.0911 1.6387 -7.4291 -0.4388 92.9193 2.6137 148.2820 2.5154 102.9126 2.2542
1775 -7.4979 2.5393 -6.8683 2.0640 68.5156 2.1708 -5.5605 0.0656 102.1033 2.4853 167.0048 1.8707 -7.2177 -0.3478 94.2781 2.6160 147.6514 2.5603 104.1552 2.4097
1776 -7.6237 2.3717 -6.8219 2.3154 69.6588 2.3032 -5.6623 0.2705 101.3336 2.5918 167.0659 1.7710 -6.8641 0.1823 96.0242 2.5143 146.7409 2.6060 104.9268 2.4720
1777 -7.5493 2.4074 -7.1140 2.6957 71.0567 2.4050 -5.7961 0.5277 100.8505 2.5861 166.8902 1.3336 -7.0539 0.5980 97.7232 2.6172 146.2728 2.5142 106.1774 2.4278
1778 -7.3132 2.2060 -7.2651 2.5331 72.1250 2.5381 -6.4933 0.4449 99.8785 2.4634 166.5461 0.8446 -6.8089 0.5521 98.7280 2.6673 145.3641 2.4866 107.3267 2.5473
1779 -7.3183 2.1071 -7.8944 2.3166 72.8279 2.6146 -6.9032 1.0481 99.5206 2.4884 166.4499 0.9559 -7.1134 0.8028 99.8885 2.7373 144.2386 2.5872 108.5100 2.3568
1780 -7.4029 2.1158 -7.7514 1.9734 73.9803 2.5003 -7.2529 1.3705 98.7263 2.5637 166.0600 1.1598 -7.0791 0.9551 101.3602 2.5639 143.2993 2.3388 110.2578 2.3811
1781 -7.7744 2.4030 -7.7851 1.2453 75.0180 2.6821 -7.6487 1.3329 98.0620 2.4854 165.5510 1.3369 -7.0142 0.9939 102.9837 2.4431 142.2793 2.4541 111.4055 2.3447
1782 -8.1341 2.3119 -7.7556 1.0199 75.7421 2.4870 -8.0519 1.3887 97.3914 2.4309 165.3382 1.7530 -7.0795 1.3858 104.4033 2.6061 141.1016 2.3684 113.1662 2.4578
1783 -7.8921 2.2264 -7.6934 0.8352 76.6301 2.4327 -8.1593 1.3742 96.4545 2.4240 165.1824 1.8915 -7.4003 1.3273 105.5656 2.5365 140.1255 2.4457 114.2088 2.6972
1784 -8.0744 2.3219 -7.6666 0.6035 77.0287 2.4656 -8.2577 1.1540 95.7406 2.4670 165.1328 2.1605 -7.5880 1.4846 106.6757 2.5066 138.9743 2.3951 115.7926 2.4224
1785 -8.2709 2.5423 -7.8826 0.6090 77.4321 2.5614 -8.5466 1.1680 95.3916 2.4673 164.8199 2.2718 -7.9619 1.3085 107.9856 2.4456 137.5064 2.4742 117.2102 2.3105
1786 -7.8565 2.4155 -8.0150 0.7648 77.8405 2.5478 -8.4993 0.8069 94.8979 2.5588 164.4458 2.8115 -8.6020 1.5205 108.9428 2.5378 135.9640 2.3863 118.7692 2.3962
1787 -7.5862 2.4404 -7.6200 0.4907 77.9668 2.4274 -8.3050 0.7488 94.5601 2.4452 164.4873 3.1598 -8.6053 1.6086 109.4248 2.5954 134.3752 2.3604 120.0979 2.5280
1788 -7.1089 2.3532 -7.5525 0.5366 77.4781 2.5254 -8.3538 0.0924 94.1039 2.4577 164.9270 2.7905 -8.6280 1.7510 110.4716 2.4408 132.5416 2.4713 121.4373 2.3693
1789 -6.8496 2.1528 -7.0891 0.6668 77.4532 2.5192 -8.1513 0.2523 94.3070 2.4829 164.9181 3.0105 -8.8363 1.9012 111.2891 2.7305 131.0026 2.6009 122.6455 2.4986
1790 -6.8446 2.2608 -6.4029 1.2775 77.4301 2.5594 -8.0503 0.3044 94.3033 2.5348 164.8153 3.2148 -9.1360 1.7602 112.2375 2.5477 129.8794 2.5079 123.9427 2.5192
1791 -6.2854 2.3672 -5.4078 1.2925 77.0168 2.5451 -8.0280 0.2080 94.3520 2.4422 164.9249 3.2064 -9.3560 2.0096 112.9976 2.6021 128.6380 2.4217 125.4581 2.5264
1792 -6.2933 2.6804 -4.9926 1.3234 76.6561 2.5864 -8.1282 0.2105 94.5110 2.3701 165.0983 3.2443 -9.1819 2.5502 113.4471 2.5218 127.3874 2.5604 126.8791 2.3617
1793 -5.9651 2.3636 -4.4106 1.2757 76.1985 2.5843 -8.2445 0.0860 94.8887 2.3400 164.9943 2.9358 -9.1396 2.8111 114.0846 2.4021 125.7603 2.3801 128.3227 2.3570
1794 -5.8982 2.5299 -3.7872 0.9160 75.2632 2.6582 -7.7697 0.4688 94.9686 2.4889 164.7998 2.9571 -8.8556 3.4034 114.5505 2.5050 124.2848 2.6843 129.5626 2.6014
1795 -5.6886 2.9560 -2.9002 0.8079 74.5170 2.5451 -7.7725 0.3194 95.4831 2.5616 165.1364 2.7495 -8.5123 3.5327 114.7802 2.5230 123.1740 2.3909 130.6499 2.3937
1796 -5.6538 3.3575 -2.0458 1.0128 73.7557 2.5513 -7.1536 0.5183 95.8689 2.4799 165.1789 2.6337 -8.6149 4.0097 115.1253 2.4904 121.2213 2.5321 132.1607 2.3222
1797 -5.5602 3.4766 -0.8346 1.0189 72.8296 2.5113 -6.8324 0.4983 96.1651 2.5286 165.2151 2.6162 -8.7396 4.3154 114.8519 2.5630 120.0167 2.5330 133.7502 2.6327
1798 -5.6842 4.0874 0.6704 0.7851 71.7228 2.5878 -6.9873 0.3490 96.1228 2.4776 165.0627 2.8987 -8.7289 4.2013 114.7387 2.4248 118.7849 2.3875 135.1905 2.6809
1799 -5.3537 4.5226 2.1391 0.8882 70.6709 2.3704 -6.6367 0.1275 97.2810 2.3709 164.9407 3.0488 -8.9041 4.0380 114.5776 2.4729 117.3516 2.4970 136.5950 2.4025
1800 -4.9966 4.8113 3.2612 0.9393 69.0411 2.3603 -6.8106 0.0743 97.9715 2.4448 164.9691 3.2559 -9.3349 3.9353 114.2536 2.5086 116.0716 2.6932 137.9738 2.3996
1801 -4.9017 4.4592 4.2373 1.1651 67.9600 2.3658 -6.6895 0.0819 98.7180 2.5951 165.2625 3.1468 -9.4823 4.1397 113.7024 2.5236 114.8318 2.5322 138.8748 2.3983
1802 -4.7692 4.3405 5.2306 1.3621 66.5737 2.4348 -6.1100 0.0034 99.0780 2.5103 165.3296 3.0352 -9.4986 4.1306 113.0543 2.5486 113.6356 2.5768 140.1749 2.4663
1803 -4.5722 4.2016 6.6156 1.7820 65.5926 2.2390 -6.2412 -0.2748 99.7022 2.6495 165.8634 3.1012 -9.2844 4.0948 112.5456 2.5271 112.3726 2.3983 141.4857 2.5305
1804 -4.3034 4.1309 7.7962 2.0773 63.9733 2.3839 -5.9750 -0.1965 100.2245 2.5581 166.1234 2.8795 -9.1912 3.8442 111.8593 2.4421 110.9573 2.3624 142.5906 2.4515
1805 -4.1190 3.9619 9.2181 1.9945 62.3480 2.4434 -5.4996 -0.2093 100.0530 2.4722 166.4759 2.9283 -9.7551 3.2186 110.9358 2.6036 109.7943 2.5183 143.8256 2.2322
1806 -3.7784 3.7916 10.6461 2.2381 60.9664 2.2296 -5.1864 -0.1422 100.3703 2.4089 166.2794 3.0001 -9.8201 2.8072 109.8945 2.4853 108.6785 2.5665 145.2797 2.4033
1807 -3.7842 3.3679 11.6270 2.2226 59.6760 2.5754 -5.0051 -0.1248 100.6734 2.4625 166.2967 3.0398 -10.1579 2.2166 108.6579 2.4004 108.0754 2.3743 146.3718 2.3832
1808 -3.4356 3.2449 12.7404 2.1455 58.7688 2.4567 -4.9057 0.1736 100.8439 2.5332 166.6635 2.7537 -10.2718 1.7138 106.9770 2.4482 107.1415 2.2203 147.3511 2.4867
1809 -3.4374 3.2341 14.1545 2.3395 57.6592 2.4866 -5.4463 0.1808 100.9426 2.5036 166.6685 2.5685 -10.3772 1.6967 105.7539 2.3610 105.9572 2.4189 148.7793 2.7420
1810 -3.7609 3.1733 15.6229 2.4368 56.2538 2.5524 -5.4925 0.3449 100.9222 2.6187 166.8971 2.1824 -10.0595 1.3072 104.5943 2.4632 104.7423 2.5255 149.5746 2.8680
1811 -3.9508 2.9386 17.1032 2.6327 54.9837 2.4796 -5.3121 0.1210 100.8694 2.4394 166.8720 1.9989 -10.0204 0.9906 103.1865 2.3343 103.5230 2.6522 151.0747 3.0223
1812 -4.3816 2.7187 18.3365 2.4770 53.7369 2.3226 -5.4845 0.4062 100.3197 2.4847 166.9467 1.6342 -9.9887 0.9619 102.1290 2.4047 102.2752 2.3854 152.2093 2.8826
1813 -4.3565 2.6447 19.9083 2.2617 52.5480 2.4065 -6.1837 -0.1412 99.9632 2.4795 167.0330 1.7994 -10.0922 1.3575 100.4818 2.6110 101.2592 2.6047 153.2709 2.9671
1814 -4.1453 2.5854 21.5282 2.4895 51.1391 2.3477 -5.9812 -0.2721 99.7171 2.5315 166.9901 2.2470 -10.2268 1.3567 98.9728 2.4242 100.6037 2.5198 154.4476 2.9857
1815 -4.0626 2.8709 22.7823 2.4608 49.8842 2.5490 -6.1661 -0.5084 99.4502 2.4991 166.8428 2.0607 -10.0078 1.0922 97.5865 2.4722 100.0137 2.3085 155.5922 3.0969
1816 -4.3920 2.9338 23.9536 2.6383 48.0719 2.4787 -6.6618 -0.3864 99.1585 2.5198 166.5079 2.1450 -9.8443 1.3813 96.3069 2.4862 98.9928 2.4658 156.4534 3.0187
1817 -4.3815 3.0798 25.2433 2.4351 46.5322 2.6013 -6.7743 -0.0913 98.9492 2.5443 166.5464 1.9888 -10.1577 1.5419 95.1506 2.6132 98.4709 2.6084 157.5266 2.8316
1818 -4.3181 3.1171 26.5847 2.6107 45.6230 2.5217 -6.5954 -0.2564 98.4012 2.5241 166.3926 1.7958 -10.2203 1.5878 93.6536 2.5648 98.1694 2.5080 158.1749 2.6357
1819 -4.2824 3.2190 28.1054 2.6027 44.9365 2.4274 -6.7528 0.1025 98.4201 2.4883 165.6906 1.9212 -10.1253 1.6679 92.5271 2.5720 97.5450 2.4937 158.3986 2.7042
1820 -4.3051 3.4612 29.4056 2.5191 44.2337 2.4880 -6.5609 0.3233 97.8560 2.5153 165.4527 1.8699 -10.6558 1.7058 91.0426 2.4591 97.5627 2.5080 158.6706 2.7881
1821 -3.8501 3.6638 30.5745 2.4992 43.3626 2.4213 -6.6708 0.3148 97.8565 2.4450 165.9136 1.7991 -10.5427 2.0721 89.9332 2.5374 97.5737 2.4567 159.0026 2.7966
1822 -3.7932 3.5008 31.7119 2.6262 42.9214 2.3921 -6.5404 0.0263 97.5996 2.5270 165.8638 1.5642 -10.2806 1.9514 88.3646 2.6149 97.3632 2.4567 159.1658 3.0201
1823 -3.9484 4.1545 32.8666 2.7214 42.7548 2.3482 -6.6217 0.4557 97.2473 2.5328 166.4874 1.1519 -9.9146 2.1977 86.8783 2.7145 97.5685 2.5586 159.2732 2.8552
1824 -4.5166 4.3700 34.2613 2.5685 42.4706 2.4404 -6.7763 0.2154 97.8424 2.4803 166.9594 0.5915 -9.6114 2.4104 85.4533 2.4998 98.0911 2.5482 159.5996 2.6521
1825 -5.0335 4.8317 35.6141 2.4309 42.2358 2.5035 -6.8642 -0.1128 98.2694 2.4345 167.2628 0.1090 -9.2740 2.5261 84.1555 2.4890 98.8140 2.5025 159.4688 2.8174
1826 -5.5793 4.8296 37.0354 2.4396 42.1238 2.5617 -6.9771 -0.6325 98.3023 2.4757 167.7482 -0.2610 -9.0442 2.5593 82.7564 2.4690 99.3863 2.5374 158.9958 2.5146
1827 -5.7642 5.2198 38.6989 2.2464 42.4856 2.4538 -7.3430 -0.7160 98.5377 2.4828 167.4056 -0.1320 -8.7288 2.7729 81.2620 2.3165 100.1128 2.5030 158.4114 2.7184
1828 -6.2785 5.2319 39.9518 2.5618 42.9027 2.4189 -7.3599 -0.8186 98.9719 2.3236 167.6847 -0.1791 -8.6858 3.1025 80.1248 2.3608 100.5718 2.4977 157.6042 2.6449
1829 -6.6677 5.2991 41.2037 2.7013 43.0709 2.4780 -7.5673 -0.6916 99.2352 2.4442 167.8495 0.0495 -8.5676 3.4767 78.5972 2.5079 100.8859 2.5606 156.8232 2.5414
1830 -7.0115 4.5190 42.8630 2.2679 42.8222 2.4638 -7.8785 -0.6792 99.8449 2.5523 168.1967 0.1761 -8.3367 3.6809 77.4488 2.3399 101.5115 2.5006 156.3462 2.7056
1831 -7.3523 4.1707 44.1964 2.5273 42.9859 2.4647 -8.2021 -0.7899 100.7736 2.4741 168.6115 0.7795 -8.4702 4.0235 76.0031 2.4275 102.1820 2.5746 156.0246 2.7996
1832 -7.7291 3.9979 45.4098 2.5793 43.0557 2.4630 -8.2444 -0.3958 101.8564 2.5353 168.7729 0.8938 -8.2878 4.3090 74.5322 2.5615 103.0384 2.5815 155.7143 2.8098
1833 -8.0389 4.0173 46.6757 2.3905 43.7858 2.4446 -8.3770 0.4014 102.8584 2.5209 169.0543 1.0995 -8.5740 4.6536 73.1563 2.5864 103.9986 2.4278 154.9476 2.9291
1834 -8.1868 4.0677 48.2879 2.4150 43.9349 2.5282 -8.1562 0.5482 103.7516 2.4867 168.8094 1.1676 -8.2728 5.2044 71.4136 2.7543 105.1065 2.4607 153.9437 3.0985
1835 -7.6902 3.9556 49.6957 2.5085 43.7855 2.5278 -8.3483 0.8830 104.7932 2.5706 169.0002 1.2822 -8.1561 5.3660 70.4076 2.5342 106.6759 2.5541 153.7384 2.9390
1836 -7.4870 3.9476 51.0686 2.3206 43.6670 2.4606 -8.3548 1.2590 105.9905 2.5714 169.2405 1.5066 -7.8678 5.7737 69.2349 2.4341 108.3001 2.4084 153.4698 2.8750
1837 -7.3124 3.7914 52.5273 2.3761 44.2526 2.4487 -8.5727 1.4803 107.3383 2.4061 169.5946 1.7628 -7.9087 5.6421 67.7193 2.7020 109.4555 2.3169 153.1276 2.7667
1838 -7.6075 3.6002 53.7506 2.5587 44.5752 2.4366 -8.7086 1.7278 108.2519 2.5190 170.0701 1.7016 -7.5264 5.5436 65.9581 2.6139 110.8693 2.3899 152.7366 2.8355
1839 -7.9026 3.7636 54.9168 2.3946 44.6959 2.4418 -8.7143 2.3158 109.6297 2.5455 170.1050 2.2323 -7.5690 5.6471 64.3405 2.4680 112.2829 2.3683 152.8562 2.6716
1840 -8.2506 4.1759 56.4011 2.4101 44.9753 2.4251 -8.3821 2.7016 111.0800 2.6799 169.9811 2.2899 -7.3754 5.9505 62.9553 2.5683 113.1441 2.3810 152.1872 2.5006
1841 -8.4051 4.3920 57.5230 2.3174 45.4185 2.4742 -8.2096 3.2424 112.2907 2.5115 170.3129 2.1932 -6.7849 5.9178 61.8532 2.6383 114.1944 2.3241 152.4084 2.4615
1842 -8.0916 4.4602 58.6013 2.6057 45.9032 2.4678 -7.8148 3.4682 113.7988 2.6524 170.3684 2.6024 -6.7098 6.0022 60.4825 2.4739 114.6833 2.3584 152.3142 2.3308
1843 -8.6561 4.7911 59.5172 2.5356 46.1465 2.4423 -7.5032 3.8329 114.8795 2.6247 170.2497 2.7280 -6.5369 5.6818 59.1555 2.4465 115.1015 2.5588 152.5033 2.2650
1844 -8.6752 4.9199 60.5231 2.3691 46.7484 2.4815 -6.8609 3.8576 115.1396 2.5941 170.3735 2.8127 -6.2063 5.4543 57.8247 2.4352 116.2982 2.4485 152.9570 2.0851
1845 -8.5952 5.1205 61.2341 2.5145 46.9429 2.4275 -6.5477 3.7512 115.8320 2.5491 170.1645 3.6884 -6.0521 5.4562 56.3709 2.4573 117.0663 2.5386 153.0095 2.1656
1846 -8.8452 4.7395 61.8421 2.5543 46.7647 2.4982 -6.0336 3.9818 116.3675 2.5848 169.8184 3.9430 -6.0406 5.3196 55.0732 2.4423 117.7504 2.4747 153.8554 2.3369
1847 -8.6280 5.3728 62.3929 2.5096 46.8055 2.5381 -5.4085 4.1124 117.0972 2.5502 169.5904 4.2817 -5.7110 5.2096 53.9003 2.4065 118.0713 2.4917 154.7288 2.5067
1848 -8.7911 5.2991 62.4522 2.5479 46.7734 2.5233 -4.8262 3.9024 117.0916 2.4860 169.3832 4.7280 -5.6743 5.3048 52.6737 2.4134 117.8922 2.5254 155.3561 2.7814
1849 -8.9653 5.8198 62.6431 2.5218 47.0945 2.5295 -4.6246 3.9843 117.7467 2.5480 169.0402 5.1714 -5.5444 5.4876 51.4027 2.4399 117.8485 2.4859 156.1470 2.9491
1850 -8.4414 6.1522 62.9811 2.5315 47.3723 2.5428 -4.6117 4.3727 117.7453 2.3890 168.9539 5.2967 -5.7388 5.2745 50.0358 2.2740 117.7446 2.5688 156.9458 3.2149
1851 -8.2481 5.9703 63.3279 2.4941 47.4213 2.4410 -4.8220 4.5487 117.6023 2.5577 168.9831 5.0029 -5.9872 5.2714 48.8201 2.5660 117.4463 2.5671 158.2912 3.5725
1852 -7.9416 5.7690 63.8127 2.5108 48.1318 2.6383 -4.6232 4.1409 117.4908 2.5343 168.6473 5.3633 -6.1458 5.2502 47.4781 2.5531 117.5948 2.4436 159.3955 3.8353
1853 -7.9736 5.8977 64.2708 2.4640 48.5542 2.6150 -4.2358 4.0458 116.9260 2.4514 168.3145 5.6394 -5.7534 4.9333 46.2190 2.6288 117.2900 2.4929 160.5221 3.8060
1854 -7.9101 5.8684 64.1574 2.5495 48.9531 2.4812 -4.0596 4.1174 117.0441 2.5866 168.5644 5.9688 -5.5505 5.1785 45.1000 2.2239 117.0403 2.5463 162.1566 4.0512
1855 -7.8237 5.6619 63.6014 2.4872 49.3908 2.5723 -3.8713 4.0419 116.4272 2.5603 168.5829 6.0104 -5.2521 4.8922 43.5225 2.2641 116.6021 2.5438 162.9432 4.2182
1856 -7.8096 5.1855 63.3868 2.4079 49.7123 2.4914 -3.5472 4.2312 116.0253 2.4372 168.7451 5.7718 -5.3225 4.6320 41.7420 2.2786 115.8808 2.5240 164.1932 4.3447
1857 -7.9148 5.0169 63.1551 2.5201 50.4057 2.5032 -3.9083 4.4177 115.6056 2.4611 168.6693 5.3715 -5.1842 4.3669 40.4948 2.6061 115.0181 2.5624 165.0997 4.2323
1858 -8.1886 5.0532 62.6644 2.5266 50.6566 2.4626 -4.1616 4.3003 114.9003 2.4550 168.7025 5.2978 -4.5603 4.4651 39.5292 2.6078 114.3327 2.3559 165.4367 4.5732
1859 -8.4407 4.7237 62.1760 2.4354 50.9799 2.5906 -3.9803 4.1618 114.4558 2.5297 168.3565 4.9331 -4.2976 4.1316 38.0245 2.5233 113.4980 2.5042 165.7696 4.7204
1860 -8.5082 4.3513 61.5697 2.4510 51.4206 2.4379 -3.8465 4.0706 113.3954 2.5183 168.5085 4.8362 -4.0494 4.1020 36.4391 2.5501 112.8780 2.4923 166.2081 4.7438
1861 -8.5548 4.2134 60.6491 2.4103 52.2338 2.4620 -3.6410 4.0716 112.4569 2.5573 169.1239 4.4259 -3.5987 4.0822 34.8743 2.3926 111.7146 2.4816 166.2807 5.1356
1862 -8.5973 3.5232 59.5504 2.5307 53.0128 2.5880 -4.2332 3.7912 111.3447 2.5233 169.1425 4.7783 -3.6080 4.1037 33.6483 2.3851 110.8348 2.4980 166.7654 5.1464
1863 -8.7365 3.0878 58.4111 2.5614 54.5745 2.4363 -4.1434 3.7944 110.2180 2.3947 169.2621 4.6818 -3.8873 4.2463 32.5106 2.3130 109.6320 2.5649 167.1823 5.3619
1864 -9.0344 3.0985 56.8792 2.4134 55.7916 2.6139 -4.2404 3.3955 108.6141 2.3485 169.5360 4.8828 -3.9454 3.6244 30.9318 2.4867 108.4095 2.4156 167.4840 5.4093
1865 -9.2156 2.5457 55.2227 2.5282 56.8959 2.4556 -4.0177 3.7017 107.0443 2.5019 169.3612 4.9109 -4.0747 3.6922 29.5430 2.4749 107.0657 2.5676 167.6911 5.3059
1866 -9.5456 2.4959 53.9474 2.5189 58.2746 2.4378 -4.3606 3.8909 105.7827 2.5507 169.4203 4.9107 -4.3333 3.5019 28.3411 2.6403 105.8510 2.3034 167.7567 5.5014
1867 -9.6418 2.6435 52.5792 2.5242 59.6059 2.2415 -4.6452 3.9775 104.8379 2.5141 169.9026 4.7182 -4.5456 3.5206 26.9368 2.3743 104.7047 2.5327 167.4813 5.6787
1868 -9.6912 2.9165 51.4018 2.5815 61.1839 2.7992 -4.8862 4.2916 104.0003 2.5851 170.1946 4.9096 -4.6957 3.3967 25.7174 2.4449 103.3713 2.3576 167.2003 5.5855
1869 -9.4927 3.2072 50.6655 2.4937 62.2972 2.5421 -5.4244 4.4595 102.8851 2.4238 169.9983 5.1198 -4.9604 3.7063 24.3443 2.4571 102.3806 2.5484 167.4862 5.1562
1870 -9.5833 3.1170 49.3007 2.4478 63.8194 2.6079 -6.3462 4.5118 101.3536 2.3916 170.1428 4.9305 -5.1814 4.0141 23.2649 2.5351 101.3485 2.4132 167.6550 5.0923
1871 -9.2693 3.0109 48.5653 2.4413 65.2124 2.7468 -6.4414 4.4087 99.8246 2.5559 169.8892 4.5088 -5.3075 4.2553 21.8924 2.5571 100.9744 2.3460 167.5162 5.1276
1872 -9.3854 3.1635 47.5900 2.5274 66.5802 2.5485 -6.8650 4.0726 98.5470 2.6063 169.6291 4.3643 -5.7079 4.5643 20.9519 2.6302 99.9509 2.4242 168.0052 4.8835
1873 -9.5121 2.9355 46.7838 2.4488 67.6323 2.5864 -6.5783 3.5511 97.7947 2.4681 169.2472 4.1601 -5.5625 4.2319 19.9190 2.4616 99.6452 2.4259 167.9497 4.2874
1874 -9.4274 2.8669 46.3479 2.5360 69.1724 2.4303 -6.5313 3.3213 96.6275 2.5603 168.8823 3.8827 -5.5744 4.2509 18.8281 2.4261 99.3077 2.6031 167.4673 3.9237
1875 -9.0464 2.4876 45.5612 2.4972 70.6427 2.5333 -6.6565 3.2019 96.0375 2.3254 168.3137 3.7849 -5.5800 4.7602 18.3340 2.4570 99.0051 2.4750 166.9655 4.0994
1876 -8.9651 2.3165 44.7971 2.3792 72.2137 2.5079 -7.0861 2.8083 94.7028 2.4919 168.1325 3.6106 -5.9116 4.9098 18.1254 2.3498 98.9023 2.3679 166.6443 4.0007
1877 -9.1695 2.4344 44.2648 2.4362 73.4181 2.4937 -7.1298 3.1444 93.9974 2.5017 167.2896 3.4028 -5.5945 5.0190 17.1486 2.4789 98.8972 2.4441 166.3560 4.4219
1878 -8.8939 1.9503 43.8886 2.5178 74.4645 2.6074 -7.2891 3.1939 93.2852 2.6030 166.8855 2.9503 -5.7090 4.7253 16.8243 2.5302 98.7863 2.4658 166.2693 4.6725
1879 -8.3642 1.4964 44.0980 2.4716 75.8741 2.7650 -7.1081 3.1165 92.2446 2.5285 166.6011 2.4121 -5.9440 4.9586 16.7736 2.4389 98.6197 2.5249 165.8290 4.8182
1880 -8.1924 1.4344 43.9232 2.4754 77.2539 2.4315 -6.6816 3.6101 91.4309 2.5140 166.4747 2.2331 -6.2185 5.0087 16.7519 2.5328 99.1933 2.5277 165.7810 4.7458
1881 -7.9426 1.2654 43.7470 2.4778 78.6879 2.4721 -6.6353 3.8196 90.5229 2.5750 166.3678 1.7748 -6.6879 5.1914 16.6599 2.5098 99.0323 2.4394 165.4763 4.2741
1882 -7.5575 1.3548 43.7810 2.5174 79.8740 2.4538 -6.5589 3.9378 89.8740 2.5359 166.6879 2.1102 -6.8651 5.2469 16.6996 2.5231 99.1813 2.4917 164.8085 4.3859
1883 -7.7694 1.6025 44.0808 2.4063 80.5306 2.6055 -6.8622 4.3717 89.8064 2.5014 166.8350 1.8640 -6.6183 5.0166 16.6339 2.4997 99.7499 2.5521 164.7081 4.3159
1884 -7.5311 1.8926 44.4715 2.4757 80.9820 2.4530 -7.3388 4.7259 89.9525 2.5160 167.0927 1.3308 -7.0597 4.7328 16.6747 2.4096 100.4799 2.4656 164.9231 4.3034
1885 -7.7395 1.8764 45.0261 2.4882 81.4380 2.6946 -7.1500 4.7373 89.6854 2.5029 167.1328 1.1971 -7.1387 4.4119 16.8697 2.4628 100.7342 2.5052 164.9154 4.2352
1886 -7.5026 1.8346 45.3040 2.5117 82.3052 2.5157 -7.0711 4.5420 89.5156 2.3886 167.1084 1.4858 -7.5737 3.9802 17.0596 2.4855 100.9622 2.5722 165.1343 4.4387
1887 -7.6764 1.5328 45.8992 2.5076 82.5365 2.5118 -6.8431 4.9121 89.6366 2.4531 166.5718 1.1349 -7.4179 3.6923 17.6658 2.5651 101.3479 2.6136 165.0706 4.1833
1888 -7.6528 1.3073 46.5264 2.5291 83.1097 2.4874 -6.5725 5.1919 90.0395 2.4846 166.6811 1.3799 -7.3885 3.3578 18.6256 2.6368 101.7675 2.5081 165.0385 3.9763
1889 -7.7113 1.2295 47.2155 2.4660 83.3233 2.4655 -6.3538 4.7063 89.9366 2.5067 166.7712 1.5973 -7.1849 3.0238 19.7213 2.6944 102.4367 2.4139 165.4080 4.1965
1890 -7.6543 0.9286 48.2723 2.4451 83.6301 2.4589 -5.9849 4.6294 90.4167 2.6020 166.8742 1.7190 -6.8696 2.6643 20.5114 2.4308 103.2667 2.4209 165.2412 4.2268
1891 -7.5834 0.8646 49.2258 2.4937 83.4575 2.5091 -5.7470 4.5449 90.7590 2.5876 167.0344 1.5990 -6.7527 2.3131 21.3691 2.5328 103.9477 2.4914 165.5432 4.4956
1892 -7.3842 0.9240 49.3342 2.6600 83.5613 2.4489 -5.3130 3.9616 90.9482 2.5450 167.3016 1.5952 -7.0527 2.0277 22.4503 2.2730 104.3480 2.3872 165.9994 4.6908
1893 -7.3052 0.6474 49.8779 2.5171 83.3158 2.4903 -4.8606 3.7933 91.1685 2.5954 167.4595 1.6409 -7.3418 1.9980 23.9548 2.3765 104.8211 2.3772 166.0402 4.6362
1894 -7.2511 0.4092 50.2817 2.5379 83.0332 2.5611 -4.5405 3.2569 91.3160 2.5123 167.9859 1.2619 -7.0742 2.0961 25.1209 2.5643 105.1731 2.4479 166.2771 4.8647
1895 -7.2508 -0.2142 50.7573 2.5685 82.2330 2.6038 -3.9929 2.8931 92.1678 2.5171 168.5272 0.8312 -6.9232 2.1577 26.6694 2.5419 105.8562 2.4560 166.7159 5.1088
1896 -7.3253 -0.3321 51.2185 2.4201 81.6150 2.6180 -3.1087 2.6432 92.7109 2.5441 168.8976 0.5627 -6.7031 2.4729 28.0769 2.6525 106.1914 2.4279 167.1859 5.4773
1897 -7.4894 -0.6263 51.8739 2.4997 80.9314 2.5584 -2.7940 2.5164 92.9806 2.5243 168.8333 0.4704 -6.5243 2.9234 29.1126 2.4968 106.2537 2.4710 167.9538 5.5618
1898 -7.4647 -0.6266 52.5225 2.4949 79.9172 2.3626 -2.0902 2.1480 93.4874 2.5463 168.8434 0.4111 -6.3858 3.4413 30.4284 2.5563 106.5076 2.5577 168.3554 5.4879
1899 -7.1885 -0.9520 52.5989 2.4425 78.9926 2.5888 -1.6764 2.0278 93.8287 2.5144 169.2039 0.7039 -6.3519 3.8073 31.7354 2.4130 106.6141 2.5056 169.2392 5.3579
1900 -7.3650 -0.8633 52.6646 2.4794 77.9659 2.5660 -1.5026 2.1733 94.2870 2.4907 169.2448 0.4406 -6.0887 4.1669 33.4008 2.3807 106.4154 2.4859 169.1542 4.9355
1901 -7.4272 -0.9441 52.4931 2.4900 76.8737 2.6124 -1.2139 2.2204 94.3521 2.5664 169.9463 0.2099 -5.7766 4.7098 34.4035 2.5956 106.1971 2.4218 169.8856 4.6947
1902 -7.8526 -0.6091 52.4633 2.4233 75.7676 2.6119 -0.9747 1.9995 95.0552 2.4588 170.0599 0.5236 -5.9578 5.0939 35.5304 2.4856 105.6990 2.5549 170.2428 4.7570
1903 -8.3888 -0.7200 52.2618 2.4952 74.2316 2.4530 -0.2877 2.0775 94.9831 2.5129 170.3298 0.9223 -6.1613 5.2885 36.8582 2.5693 104.9202 2.5419 170.1452 4.9687
1904 -8.2091 -0.2511 51.6015 2.5437 73.1535 2.5103 0.5518 1.8834 94.8092 2.5029 170.5126 1.1993 -6.1523 5.4608 37.9639 2.5534 104.2036 2.4678 170.6778 5.0668
1905 -8.4484 0.1230 51.0075 2.3786 72.0886 2.4671 1.2730 1.8870 94.7299 2.4390 170.5898 1.5443 -6.0153 5.4084 39.3284 2.6576 103.1551 2.4547 171.0354 4.9268
1906 -8.3367 0.3095 50.7918 2.4726 70.7918 2.3344 2.3085 1.8988 94.4024 2.4779 170.9392 1.8308 -6.0612 5.7475 40.5927 2.5068 102.0159 2.6169 171.1821 4.5214
1907 -8.5284 0.8399 50.2028 2.4745 69.2101 2.2611 3.5681 1.9688 93.6677 2.5920 170.9055 1.8366 -6.2563 5.5114 41.8890 2.5266 100.9319 2.5391 171.4508 4.4280
1908 -8.8170 0.9510 49.5748 2.5798 68.0589 2.4652 4.7941 1.8167 93.1309 2.5063 170.8547 2.0530 -6.2612 5.4967 42.5335 2.5535 100.0949 2.5537 171.3217 4.1632
1909 -8.6863 1.2060 48.9015 2.4136 66.7277 2.3606 5.9850 2.0448 92.7599 2.4763 170.6161 2.8000 -6.2192 5.4371 43.1983 2.4314 98.9765 2.5633 171.1681 4.1444
1910 -8.5966 1.4443 47.9220 2.5386 65.4184 2.2910 7.2876 2.2376 92.4576 2.6187 170.1677 2.9968 -6.7196 4.9072 44.0444 2.5893 97.6185 2.6253 171.0879 3.9488
1911 -7.9982 1.6637 46.9748 2.4241 63.5395 2.3321 8.3771 2.2371 92.2367 2.4355 170.0056 3.0941 -6.4641 4.5640 44.8825 2.4858 96.4379 2.3627 170.7048 3.8724
1912 -7.6354 1.5631 46.1290 2.6419 62.2050 2.4279 9.7792 2.3220 91.7158 2.4614 169.9021 3.4251 -6.5732 4.3402 45.8558 2.3926 95.1339 2.4095 170.2645 3.6322
1913 -7.5475 1.7720 44.9677 2.4690 60.7064 2.3742 10.8398 2.2946 91.6151 2.4444 169.7291 3.9361 -6.5819 3.8594 46.7138 2.5842 93.5375 2.7480 169.8567 3.1502
1914 -7.4048 1.7654 43.6361 2.5200 59.1967 2.5344 11.7042 2.3449 91.1015 2.4987 169.7898 4.5471 -6.4812 3.7093 47.2830 2.5567 92.2251 2.2605 169.2274 2.9751
1915 -6.9852 1.7517 42.3407 2.5158 57.9731 2.5940 12.2242 2.5229 90.6903 2.4808 169.7572 4.7944 -6.3608 3.7971 47.2638 2.4683 91.3297 2.7354 168.4744 2.4620
1916 -6.8553 1.6394 40.8084 2.5529 56.4959 2.5296 13.3070 2.6155 90.6020 2.5442 169.6526 4.9890 -6.4497 3.5355 47.2923 2.5031 89.8730 2.5412 167.8694 2.2037
1917 -6.8545 1.8549 39.7239 2.3533 55.4017 2.5224 14.2090 2.7090 90.1753 2.5264 169.2693 5.1859 -6.3687 3.5570 47.1956 2.4830 89.2414 2.3593 167.0935 2.1875
1918 -6.4500 2.1563 38.3243 2.3936 54.1790 2.3672 14.4229 2.4222 89.8964 2.3984 168.8516 4.9251 -6.4693 3.4102 46.9759 2.4871 88.4275 2.4122 166.6935 2.1784
1919 -6.4954 2.6723 37.0225 2.4857 53.2664 2.4712 14.9558 2.4188 89.6283 2.5274 168.8163 5.2276 -6.1822 3.4536 46.7784 2.5308 87.5697 2.4842 166.4294 2.2636
1920 -6.8449 3.3776 36.2508 2.4818 51.8007 2.4827 15.1743 2.5044 89.7650 2.4592 168.6827 5.2686 -6.0677 3.0097 46.2256 2.5068 86.9119 2.4461 165.6943 2.3849
1921 -6.7121 3.8821 35.0132 2.4846 50.9100 2.5557 15.4237 2.3895 89.5734 2.4659 168.3357 5.6480 -6.2743 2.6582 45.5873 2.4177 86.1478 2.5916 165.1842 2.3132
1922 -6.8665 4.2149 33.8850 2.3680 49.9209 2.4101 15.3554 2.4673 89.4020 2.3745 168.0326 5.3099 -6.2010 2.2181 45.2853 2.4478 86.0421 2.4730 164.6250 2.0164
1923 -6.8210 4.2650 32.9436 2.3270 49.2092 2.3605 15.4030 2.4766 89.2868 2.3569 167.8058 5.2822 -6.5062 1.8666 44.7955 2.5707 86.2489 2.5538 163.9328 1.8202
1924 -6.9032 4.4813 31.7518 2.5379 48.3577 2.4065 15.4506 2.4873 89.2759 2.3782 167.3983 5.2724 -6.8436 1.5205 44.3903 2.6190 86.0779 2.4478 163.4485 2.1606
1925 -7.4540 4.8124 31.0130 2.5799 47.8589 2.5529 15.1249 2.5470 89.7585 2.4539 166.5961 5.3411 -6.6657 1.4715 43.5003 2.5432 85.6661 2.3917 162.6548 2.1023
1926 -7.6556 5.1205 30.2980 2.5607 47.3239 2.5484 14.6653 2.5936 90.1796 2.3468 166.1672 5.3434 -6.7154 1.1648 43.0677 2.5240 86.0093 2.4836 161.6385 2.3484
1927 -7.5318 5.0952 30.3272 2.4687 46.5449 2.4524 14.6089 2.6309 90.9480 2.4287 165.5219 4.9000 -6.9097 0.6160 42.2614 2.5463 86.2240 2.5781 160.6169 2.4489
1928 -7.6440 4.9563 29.8266 2.5387 46.0673 2.5207 14.2803 2.5760 91.5228 2.4536 164.5717 4.5316 -6.6715 0.3435 40.7024 2.5530 86.4953 2.5895 159.3079 2.3319
1929 -7.9183 5.0856 29.5132 2.4485 45.7025 2.4333 13.3697 2.5953 92.1887 2.5662 163.7404 4.4828 -6.4996 -0.1467 39.6427 2.3736 86.8495 2.5591 158.7038 2.0842
1930 -8.2473 4.9718 29.4939 2.4626 45.1480 2.5531 13.0349 2.5542 92.5639 2.4488 163.1846 4.6772 -6.7088 0.0176 38.3489 2.5764 87.0138 2.5282 157.8745 1.9242
1931 -8.8061 4.7826 29.2532 2.5446 45.0534 2.4764 12.4266 2.4536 92.6316 2.5307 162.5754 4.6535 -6.6193 0.0221 37.1310 2.4939 87.5044 2.4486 156.4701 1.5470
1932 -9.0033 4.7376 29.2332 2.5236 44.9591 2.5836 11.7677 2.5431 93.2193 2.4531 162.0943 4.6286 -6.2490 0.1327 35.3993 2.5691 88.2417 2.5471 155.3503 1.5883
1933 -9.1451 4.3756 29.3460 2.4588 44.8961 2.5798 11.1914 2.5446 93.4943 2.4050 161.3996 4.4532 -6.5133 0.3591 34.2085 2.5071 88.8751 2.4926 154.4042 1.7584
1934 -9.4531 4.0947 29.7321 2.4588 44.8191 2.5513 10.5672 2.5428 94.1185 2.3378 160.6595 4.5184 -6.4925 0.6261 33.1203 2.7269 89.5419 2.5846 153.2156 1.7647
1935 -9.4600 4.2688 30.3903 2.5322 44.9141 2.3980 10.0314 2.4130 94.5909 2.4347 159.7039 4.5756 -6.3740 0.9006 31.8597 2.5953 90.3704 2.5592 152.3940 1.9159
1936 -9.5436 4.4044 30.9347 2.5505 45.4805 2.6007 9.5425 2.4935 94.5847 2.4493 158.6305 4.3285 -6.5391 1.2786 30.7139 2.4801 91.6216 2.4384 150.8347 2.0860
1937 -9.2766 4.3096 31.3762 2.4800 45.8946 2.5505 8.9847 2.4446 94.5014 2.4450 157.8112 4.1526 -6.2385 1.2052 29.9306 2.6484 92.5214 2.5734 149.5723 2.2291
1938 -9.1262 4.6516 32.1149 2.5357 46.7608 2.5682 8.7405 2.5830 94.7314 2.4594 156.1099 3.9613 -6.3189 1.4452 28.9646 2.4184 93.5550 2.6353 148.1115 2.0601
1939 -8.7716 4.6347 33.0227 2.5169 47.4455 2.5869 8.4462 2.4562 94.6886 2.5493 154.7311 3.6293 -6.3797 1.7985 28.0184 2.4337 94.9630 2.3328 146.8810 2.6886
1940 -8.6812 5.0183 34.0047 2.5239 48.1846 2.5808 8.1670 2.5338 94.6347 2.5400 153.3285 3.6591 -6.4280 2.1276 26.6412 2.4415 96.2424 2.4994 145.8523 2.5053
1941 -8.2021 4.5721 35.1558 2.4290 49.1055 2.6538 7.5089 2.5189 94.6404 2.5560 152.2328 3.3324 -6.5295 2.3435 25.9968 2.4672 97.5342 2.5878 144.5434 2.8197
1942 -8.0604 4.3570 36.2263 2.5308 49.9844 2.5023 7.5507 2.4931 94.2780 2.6529 151.0088 2.8787 -6.5010 1.9643 25.2908 2.5671 98.9906 2.5015 143.0334 2.4091
1943 -7.1539 4.4509 37.1118 2.7185 51.0684 2.5773 7.3311 2.5181 94.1351 2.5179 150.0398 2.7963 -6.2825 2.1744 25.0760 2.4777 100.4921 2.4253 141.5481 2.8484
1944 -6.8615 3.7708 38.6217 2.4378 52.2592 2.7562 6.6491 2.5852 93.8244 2.5495 148.3920 2.7812 -5.9260 2.1377 24.3142 2.4809 101.1990 2.3897 140.5623 2.5910
1945 -6.5304 3.6503 40.1044 2.5522 53.4372 2.4441 7.2489 2.5604 93.0987 2.4940 147.1413 2.6733 -5.5857 2.0745 23.9542 2.4488 102.7471 2.4899 139.2131 2.2567
1946 -6.1879 3.4649 41.5673 2.5968 55.1567 2.2705 7.1339 2.4965 92.2569 2.6643 145.9576 2.6754 -5.3028 1.7832 23.1117 2.5054 103.9115 2.6172 137.7509 2.5206
1947 -5.7055 3.3552 42.3786 2.4582 56.4266 2.6087 7.4609 2.4382 91.1986 2.6453 144.5372 2.5463 -4.9417 1.8104 23.2700 2.5718 105.4286 2.5051 136.1473 2.5198
1948 -5.8859 3.0784 43.0970 2.4207 57.8215 2.5596 7.9224 2.3758 90.3075 2.6807 143.4177 2.4248 -4.5377 2.3483 23.1954 2.4516 106.9198 2.4903 135.1854 2.5886
1949 -6.0656 2.5009 43.8803 2.4793 59.2859 2.5183 8.5310 2.6135 89.4861 2.6069 142.2343 2.4858 -4.0749 2.4813 23.4712 2.4872 108.2119 2.6910 134.1945 2.3046
1950 -6.2559 1.9489 44.8231 2.6091 60.3660 2.4953 8.6654 2.5586 88.5691 2.3973 140.9400 2.5322 -4.0897 2.8475 23.3234 2.5161 109.1064 2.5200 133.5824 2.5030
1951 -6.4910 1.8018 45.8121 2.4883 61.8855 2.4096 9.3106 2.6197 87.8581 2.5792 139.5177 2.2773 -3.9962 3.0080 23.6609 2.6112 110.5195 2.5927 132.6900 2.4291
1952 -6.8664 1.6203 46.5672 2.3632 62.8746 2.2136 10.1405 2.3567 86.5592 2.5894 138.0515 2.6288 -3.8653 3.4081 24.2847 2.6033 111.4830 2.4938 132.4798 2.4947
1953 -6.7338 1.4471 47.2938 2.5102 64.1936 2.3324 11.0441 2.4837 84.9848 2.5348 136.9010 2.5348 -3.9425 4.0100 24.6571 2.5156 112.5540 2.4732 132.0760 2.4959
1954 -6.8541 1.2428 47.8400 2.5159 65.7875 2.3252 11.7313 2.2731 84.1876 2.5210 135.6734 2.5280 -4.4367 4.0863 25.4525 2.4580 113.4181 2.5126 132.0759 2.5017
1955 -6.7215 0.9538 48.4383 2.4442 67.2750 2.5333 12.8729 2.3609 82.9991 2.4638 134.3453 2.4979 -4.5748 4.3155 26.3599 2.5138 114.3627 2.3688 131.8988 2.4902
1956 -6.8686 1.1843 48.9808 2.3317 69.0337 2.5370 13.9431 2.5098 81.8634 2.4733 132.9754 2.3981 -4.9433 4.4099 27.0260 2.4925 115.0884 2.5562 132.1232 2.5273
1957 -7.1066 1.0108 49.5322 2.5609 70.1558 2.5907 15.2552 2.1719 81.1828 2.5100 131.4434 2.5806 -5.3944 4.5123 27.9347 2.6539 115.9412 2.3946 131.9223 2.4947
1958 -7.0949 0.6689 49.4710 2.4815 71.4264 2.4353 16.5594 2.2395 80.6130 2.6349 130.1622 2.5808 -5.4316 4.7183 29.1697 2.5559 116.5780 2.5024 131.7907 2.5889
1959 -7.3084 0.8707 49.4223 2.4411 72.3155 2.5471 17.9505 2.4121 79.8517 2.4333 129.3901 2.4281 -5.5846 4.7201 29.7601 2.4784 117.0223 2.4102 131.8443 2.5447
1960 -7.4315 0.8545 49.1199 2.5260 73.0804 2.6516 19.5107 2.3285 79.5776 2.3562 128.5668 2.5407 -5.6807 4.7181 30.6749 2.3417 117.3650 2.5304 131.8817 2.4989
1961 -7.3187 1.0165 48.8570 2.5211 73.5790 2.3577 20.3403 2.4969 78.8820 2.3741 127.5392 2.6336 -6.2111 4.5072 31.3682 2.3583 117.4669 2.4750 132.1669 2.4707
1962 -7.3527 1.1904 48.4249 2.5263 74.3605 2.5340 21.6794 2.5663 78.7945 2.3939 126.5435 2.5020 -6.4727 4.9449 32.2396 2.6151 117.4360 2.5382 132.3507 2.5075
1963 -7.5841 1.5313 48.0017 2.5943 75.0839 2.5263 23.0788 2.5522 78.2331 2.4719 125.8991 2.6167 -6.7728 4.5289 32.8567 2.4351 117.4989 2.5168 132.9180 2.4945
1964 -7.6720 1.7539 47.3321 2.6127 75.8489 2.4054 24.7094 2.2891 77.9942 2.4442 125.0459 2.5732 -6.9252 4.3364 33.3511 2.5429 117.7837 2.4648 133.5286 2.5080
1965 -7.7915 1.7914 46.7332 2.4496 76.0136 2.6062 25.5890 2.5349 78.0218 2.5110 124.4411 2.5637 -6.9008 3.8157 34.0894 2.5203 117.9137 2.4786 134.0144 2.4973
1966 -8.2162 1.9176 45.6172 2.6377 76.2801 2.6143 27.5718 2.4007 78.2176 2.5423 124.0834 2.5075 -6.8277 3.7982 34.2363 2.5044 117.8009 2.5655 134.3699 2.5508
1967 -8.2173 2.2654 45.2914 2.4920 76.4502 2.5287 28.8116 2.3642 78.9056 2.5746 123.6590 2.4757 -6.5098 3.5457 34.6678 2.5372 117.5828 2.6342 134.6059 2.5743
1968 -7.8378 2.3677 44.5139 2.5381 76.6889 2.5081 30.2530 2.3340 79.2124 2.5258 123.4481 2.4948 -6.5785 3.2901 34.4551 2.4748 117.0462 2.5198 134.9505 2.5334
1969 -7.6261 2.7133 42.8918 2.5884 76.6676 2.5466 31.4705 2.4660 79.8205 2.4420 123.3431 2.4768 -6.3412 3.2466 34.4825 2.5284 116.6490 2.4879 135.1945 2.5439
1970 -7.5360 2.9921 41.6528 2.5698 76.1212 2.5324 32.9686 2.7113 80.2890 2.5057 123.6109 2.5016 -6.3540 3.3867 34.5483 2.4455 116.4649 2.5514 135.2403 2.5396
1971 -6.8312 3.4536 40.6391 2.5873 76.2783 2.3886 34.4505 2.4698 80.6529 2.5330 123.9520 2.5382 -6.5558 3.4961 34.3156 2.5056 115.8911 2.4613 135.2704 2.4469
1972 -7.1268 3.4486 39.3050 2.3425 75.8998 2.4899 35.4338 2.5796 81.4530 2.5009 124.0972 2.4670 -6.7444 3.0459 33.8145 2.4850 114.8276 2.5129 134.8211 2.4688
1973 -6.5572 3.2545 37.6890 2.5162 75.3217 2.4284 36.5216 2.4751 82.3472 2.5224 124.6311 2.6088 -6.9514 2.8730 33.5193 2.4325 113.5584 2.3842 134.3365 2.5224
1974 -6.0843 3.4278 36.2798 2.3454 74.9244 2.5213 37.3785 2.7024 83.0966 2.4520 125.4087 2.5582 -7.4348 2.6532 33.0467 2.4307 112.7356 2.4569 134.1322 2.4593
1975 -5.2537 3.3465 34.8605 2.3708 74.1532 2.4110 38.2388 2.4989 84.2252 2.5200 125.8614 2.4858 -7.7264 2.4925 32.2752 2.3472 111.8325 2.4710 134.0826 2.3662
1976 -4.4536 3.9014 33.6062 2.4458 73.5499 2.3347 38.6699 2.5126 85.4160 2.4539 126.2354 2.3932 -8.0539 1.8147 31.4881 2.3788 111.1378 2.3695 133.6710 2.3770
1977 -4.0577 3.8626 32.4850 2.3586 72.6888 2.4146 39.4368 2.4513 86.9592 2.3936 127.4471 2.4842 -8.4693 1.4433 30.9264 2.4714 110.0064 2.4983 132.9444 2.4470
1978 -4.1488 4.2038 30.9400 2.6952 71.7601 2.3544 39.9636 2.4850 87.9336 2.5025 128.4919 2.5186 -8.7308 0.8905 30.2232 2.5612 109.1370 2.4630 132.5598 2.4532
1979 -3.6324 4.4822 29.8334 2.5610 70.4408 2.4478 40.2058 2.5182 89.3690 2.5671 129.6278 2.5002 -8.7615 0.5820 29.4309 2.3950 108.1469 2.5319 131.6760 2.4558
1980 -2.7657 4.5168 29.0360 2.6016 69.1234 2.4406 40.1393 2.4709 90.4382 2.6458 130.9719 2.3579 -8.7517 0.4198 28.2932 2.5372 107.4578 2.5588 130.5206 2.4877
1981 -2.3802 4.6220 27.7150 2.5006 67.3812 2.4001 40.5006 2.4816 91.3301 2.4906 132.3824 2.3803 -8.1712 0.1749 27.1018 2.3795 107.1640 2.5008 129.2055 2.4816
1982 -2.1698 4.3759 26.4678 2.3776 65.9759 2.5630 41.0713 2.5033 92.6847 2.2099 134.1296 2.3245 -7.8822 0.0791 25.6336 2.6081 106.7799 2.5503 127.9462 2.6134
1983 -1.5022 4.0645 25.7208 2.5428 64.5737 2.4813 41.3506 2.4492 94.4189 2.4456 135.3656 2.5131 -7.7441 -0.0117 24.3397 2.4704 106.4815 2.4001 126.5053 2.6895
1984 -1.3544 4.2322 24.9151 2.6556 63.2416 2.4642 41.2675 2.5156 95.3768 2.5343 136.6806 2.4163 -7.4911 -0.2714 23.3416 2.4890 106.3571 2.4710 124.9486 2.4891
1985 -1.1943 4.0114 24.3551 2.5598 61.4651 2.5561 40.8698 2.4354 96.7415 2.5448 137.7854 2.5016 -7.1156 -0.3172 22.8190 2.5063 106.6025 2.4633 123.4128 2.6518
1986 -1.1299 3.7036 23.4301 2.5655 59.9922 2.4882 40.3368 2.4126 97.8850 2.5234 139.4608 2.5570 -7.1057 -0.2606 22.2890 2.4034 106.3085 2.5214 122.1980 2.6608
1987 -0.9848 3.6673 23.1788 2.5409 58.5046 2.4142 39.9759 2.3990 98.9866 2.5049 140.5486 2.7129 -6.8805 -0.0748 21.6909 2.4794 106.7690 2.3948 120.8950 2.6236
1988 -1.0654 3.7399 22.6777 2.4426 57.4527 2.4282 39.6773 2.4221 100.2660 2.4574 141.8144 2.5178 -6.9022 0.4534 21.2027 2.5975 106.5711 2.4354 119.4867 2.5533
1989 -1.1497 3.8687 22.3908 2.4700 56.4245 2.6048 38.9231 2.5071 101.6187 2.4731 143.0698 2.6726 -6.6967 0.5519 20.3567 2.5007 106.4439 2.5442 118.1740 2.3326
1990 -0.9758 4.0307 22.4520 2.5078 55.2379 2.5471 38.5217 2.4575 103.1041 2.3892 144.4369 2.3889 -6.9099 0.4902 20.1471 2.4526 106.7992 2.5009 116.9396 2.2139
1991 -1.2558 4.0863 23.0403 2.5329 54.3780 2.4576 37.7077 2.4950 104.6254 2.4394 146.0343 2.5390 -7.0088 0.9231 19.4177 2.5378 107.1808 2.6254 115.7386 2.5052
1992 -1.6363 4.1269 22.7093 2.4916 53.6518 2.6739 37.0223 2.5048 105.9973 2.3609 147.8427 2.8207 -7.2280 1.4225 18.9672 2.4878 107.3915 2.4693 114.8099 2.3158
1993 -1.9155 4.3569 22.9623 2.5913 52.9774 2.7027 36.1479 2.6479 107.3988 2.5618 149.3079 3.1845 -6.8415 1.5352 18.6133 2.4910 108.1078 2.5275 113.3914 2.6482
1994 -2.2349 4.4458 23.2119 2.6336 52.5001 2.4449 35.7577 2.5646 108.7320 2.6806 150.6345 3.0265 -6.9725 1.9627 18.5237 2.4641 109.0074 2.6379 112.1664 2.6482
1995 -2.9568 4.3715 23.6397 2.4843 51.8010 2.5958 34.9937 2.6434 110.1275 2.6313 151.7306 3.1432 -6.9143 2.2906 18.1511 2.4605 110.0393 2.4044 110.9313 2.4883
1996 -3.4487 4.4158 23.9390 2.5200 51.0952 2.5439 34.3021 2.4493 111.1915 2.6459 152.9637 3.2812 -7.1339 2.5972 17.7133 2.4691 110.8478 2.4026 109.8957 2.5535
1997 -4.0467 4.3416 24.5884 2.4305 50.2450 2.5399 33.8381 2.5445 112.7130 2.6355 154.2938 3.4717 -7.4494 2.6847 17.7313 2.5220 111.9747 2.5226 108.8365 2.4107
1998 -4.9840 4.1866 25.1025 2.5385 50.0074 2.4287 33.4774 2.6375 113.8886 2.5439 155.7259 3.6369 -7.3913 2.9138 18.2173 2.4077 113.0826 2.6557 107.9628 2.4327
1999 -5.2926 4.1200 25.9584 2.4893 49.6092 2.4158 32.9911 2.5123 115.1989 2.4798 156.9587 3.7171 -6.9211 3.0707 18.3615 2.5338 114.5024 2.4134 107.0730 2.3468
2000 -5.9161 3.5245 26.9239 2.5540 49.2388 2.4768 33.1183 2.4991 116.1946 2.5418 157.9092 4.0404 -6.5668 3.3047 18.9987 2.4346 116.0426 2.4628 106.7716 2.4724
2001 -6.5532 3.6073 27.5113 2.5605 49.3537 2.5396 33.1165 2.5165 117.2625 2.6286 158.9949 4.0820 -6.1003 3.3819 19.6021 2.3406 117.4539 2.5608 106.5424 2.5583
2002 -6.8862 3.1820 28.3180 2.6335 49.6804 2.4552 33.0798 2.4978 118.5366 2.5297 160.2124 4.0169 -5.9153 3.9321 19.7203 2.4572 118.9667 2.5184 106.2398 2.4354
2003 -7.1983 2.7558 29.2493 2.3806 49.5509 2.5337 33.1027 2.5938 119.4660 2.4510 161.7181 4.0607 -5.6499 4.4118 20.5320 2.4863 120.1613 2.3426 106.0968 2.3833
2004 -7.5609 2.5268 30.0988 2.3453 49.7924 2.5473 33.5222 2.5458 120.8961 2.3169 162.7177 4.0001 -5.7960 4.7817 21.5096 2.4619 121.4844 2.3040 106.1528 2.3912
2005 -8.1094 2.4655 30.7603 2.4915 50.1755 2.5663 34.3674 2.5398 122.3209 2.5560 163.5407 4.3268 -6.0101 5.0198 22.4620 2.5516 122.8113 2.4787 106.2035 2.5150
2006 -8.2215 2.3205 31.4344 2.5799 50.6073 2.6037 35.0644 2.6430 123.1446 2.7078 164.2106 4.5804 -6.0504 5.3805 23.6970 2.3217 124.3916 2.7740 105.7479 2.4641
2007 -8.6219 2.3971 31.8452 2.4891 51.1738 2.5366 35.9125 2.6577 124.5781 2.5956 165.2106 4.4337 -6.4242 5.8045 24.9008 2.4579 126.0853 2.4688 105.9425 2.4867
2008 -8.8574 2.1494 32.7353 2.5850 51.5205 2.5491 36.5103 2.6217 126.2837 2.5606 165.5336 4.6277 -6.7438 5.8742 26.3662 2.5915 127.1018 2.4275 106.2870 2.4909
2009 -9.0848 1.6904 33.2596 2.5554 52.3539 2.6068 37.3063 2.6485 127.2482 2.4728 165.8973 4.4293 -6.8008 5.5274 27.7340 2.5308 128.5625 2.4024 106.4849 2.6647
2010 -9.3660 1.6184 33.3298 2.6061 52.9760 2.6041 38.2462 2.5581 128.4914 2.4761 165.7779 4.3399 -7.2700 5.7710 29.4069 2.3655 130.0018 2.5040 107.0102 2.4933
2011 -9.3322 1.1774 33.6226 2.4999 53.7323 2.4835 38.8339 2.4439 129.4304 2.4629 166.1625 3.7470 -7.8029 6.0133 30.4178 2.4052 130.9372 2.4685 107.3875 2.4543
2012 -9.4053 1.3167 33.7905 2.5212 55.1451 2.5544 39.6818 2.4255 130.2419 2.3029 166.2695 3.6166 -7.8375 5.8501 31.7808 2.5156 132.3804 2.4329 108.1623 2.4282
2013 -9.3330 0.7562 33.8090 2.4316 56.1019 2.4962 40.6922 2.5893 131.1392 2.3748 166.5276 3.7046 -8.1515 6.0846 32.7058 2.5610 133.9464 2.4719 108.7156 2.4014
2014 -9.5516 0.7743 33.6480 2.5031 57.4286 2.5195 41.4161 2.4501 131.9616 2.4105 166.7832 3.4935 -8.4289 5.9011 33.7175 2.5209 135.7084 2.5598 109.8163 2.5196
2015 -10.0553 0.8193 33.7403 2.5080 58.8758 2.4138 42.2008 2.5765 132.5707 2.4879 167.1608 3.8952 -8.4277 5.6850 34.8122 2.4979 137.0573 2.8206 110.9814 2.4948
2016 -10.1630 0.6310 33.4783 2.5104 59.8690 2.5650 42.7359 2.4989 133.5364 2.5850 167.3456 3.6722 -8.4658 5.4065 35.6085 2.4289 138.4631 2.6199 111.9550 2.5576
2017 -9.8031 0.2136 32.9539 2.4381 61.1783 2.4627 43.2293 2.4892 133.9702 2.5589 167.3334 3.5019 -7.9582 5.1051 36.4414 2.5012 139.6794 2.4194 112.6191 2.4951
2018 -9.6852 0.4641 33.1460 2.4313 62.7092 2.3287 42.9537 2.5487 134.4374 2.5711 167.3454 3.7241 -7.8533 5.0446 36.9760 2.5097 141.2422 2.6680 114.1067 2.5950
2019 -9.3844 0.1305 32.8574 2.4967 64.1515 2.3574 43.2096 2.5298 134.5605 2.4821 167.4919 3.7931 -7.5729 4.8747 37.5370 2.5291 143.0592 2.3111 115.3026 2.7487
2020 -9.1510 0.4242 32.1582 2.4596 65.3031 2.4429 43.6250 2.4709 134.9082 2.5673 167.7542 3.2041 -7.5962 4.3561 37.7771 2.5886 144.5993 2.5196 116.3526 2.4421
2021 -9.2791 0.5360 31.6386 2.6041 66.9620 2.4358 43.9636 2.5584 135.0277 2.5065 167.9266 2.8460 -7.9327 3.7258 38.0606 2.5041 145.5346 2.5760 117.4836 2.4648
2022 -9.1433 0.3903 31.6822 2.4831 68.4295 2.5163 43.7737 2.4515 135.2113 2.4550 167.5653 2.5406 -8.2742 3.4084 38.3438 2.5806 146.8882 2.2513 118.6323 2.3339
2023 -9.0051 0.4437 31.4445 2.4578 69.7447 2.6233 43.7541 2.4505 135.1094 2.4717 167.4612 1.9609 -8.0394 3.2480 38.4800 2.5770 147.9088 2.2879 119.4558 2.3342
2024 -9.1369 0.1521 31.0915 2.4887 70.8876 2.5787 43.8775 2.3959 134.6755 2.5167 167.1283 1.9269 -7.9622 2.9046 38.6327 2.4828 149.1889 2.4254 120.3952 2.5457
2025 -9.0323 0.6956 30.7090 2.5529 72.3952 2.5575 43.3489 2.4424 134.2209 2.5570 167.2635 1.6933 -7.6515 2.6972 38.6141 2.5038 150.1496 2.6997 121.9647 2.4468
2026 -8.9093 0.8343 30.6066 2.4468 73.1594 2.4110 42.8870 2.4774 133.4541 2.4846 167.3488 2.1276 -7.0859 2.3037 38.5151 2.5059 150.4952 2.4917 123.2905 2.4282
2027 -9.0456 1.0836 30.8005 2.5165 74.0852 2.6425 42.3144 2.5548 132.6093 2.5698 167.2162 2.2141 -7.2309 2.0554 38.2079 2.4171 150.7641 2.5231 124.3695 2.5228
2028 -8.9885 1.2538 30.5132 2.4864 74.6108 2.5534 42.2131 2.5593 131.5518 2.5208 167.2455 2.1703 -7.1820 1.7624 37.7909 2.3651 151.5879 2.3984 125.8338 2.5772
2029 -9.1317 1.1408 30.6368 2.4673 75.4524 2.4436 41.4714 2.4629 131.0891 2.4967 167.6220 2.4226 -7.2134 1.7397 37.2494 2.3729 152.0047 2.5391 126.9554 2.4837
2030 -9.1885 1.0623 30.7135 2.4291 76.0667 2.4723 40.7097 2.2667 129.8463 2.5326 167.8444 2.7584 -7.0803 1.4079 36.6637 2.5086 153.0547 2.2978 128.4712 2.5306
2031 -8.9421 1.4393 30.5244 2.5654 76.9184 2.4147 40.3670 2.5352 128.7344 2.5590 167.8411 2.9183 -7.2163 1.2121 36.2857 2.4557 153.7720 2.4904 130.0433 2.3352
2032 -9.1584 1.2043 30.7169 2.4868 77.3350 2.4778 39.9545 2.3894 127.8897 2.6609 167.8938 3.2543 -7.2587 0.9771 35.3920 2.4086 154.4173 2.3991 131.6109 2.4032
2033 -8.9066 1.1214 31.4085 2.4229 77.7576 2.5665 39.2954 2.4793 126.6992 2.5632 168.1524 3.1340 -7.0045 0.6627 34.5259 2.3747 155.1425 2.4848 133.2655 2.3860
2034 -8.7961 0.7595 31.6754 2.5197 77.6091 2.5254 38.5015 2.5007 125.0999 2.4104 168.2329 2.9682 -6.8085 1.2772 33.6992 2.1482 155.7290 2.5242 134.6635 2.5072
2035 -8.2195 0.8210 32.7252 2.4709 78.1163 2.5155 37.9914 2.4796 123.6045 2.6515 168.2664 3.2182 -6.6035 1.4202 32.7486 2.2913 156.1958 2.5300 136.3369 2.4679
2036 -7.9200 0.7892 33.6288 2.5894 78.2802 2.4706 37.5324 2.5163 122.1008 2.6076 168.6727 3.4863 -5.8009 1.2064 31.2886 2.4355 156.6288 2.6750 137.8925 2.3974
2037 -7.8727 0.6839 34.8790 2.4668 78.4353 2.4683 37.5640 2.5141 120.9060 2.4949 169.1966 3.3354 -5.6197 1.4512 29.9319 2.6450 157.1894 2.5963 139.2096 2.7391
2038 -7.2833 0.9715 36.2856 2.5552 78.0825 2.4014 37.0010 2.5541 119.4054 2.5799 169.1996 2.7722 -5.5956 1.0600 28.8143 2.4798 157.3804 2.5237 140.8958 2.6373
2039 -6.4982 1.0878 37.3416 2.3915 77.5520 2.4996 36.6860 2.5170 117.9625 2.4777 169.1001 2.9906 -5.3223 1.1762 27.8475 2.5513 157.9817 2.3806 142.1354 2.7568
2040 -5.9990 1.2616 38.5533 2.4305 77.4609 2.3673 36.8557 2.4845 116.2986 2.5405 168.6682 2.5658 -5.1134 1.2883 26.4692 2.6333 158.2933 2.1891 143.4526 2.7590
2041 -5.5535 1.0199 39.7246 2.5306 77.4501 2.5047 37.1376 2.4073 115.1212 2.3500 168.6548 2.5986 -4.7775 0.9245 24.8054 2.3473 158.5360 2.1665 144.5050 2.2634
2042 -4.6345 1.0721 41.0295 2.5516 77.0449 2.4437 37.2161 2.4473 113.6958 2.5679 168.6708 2.9447 -4.4626 1.5874 23.2149 2.4337 158.8496 2.2692 145.9426 2.5188
2043 -3.5807 1.2884 42.3151 2.4650 76.5591 2.2628 37.6736 2.5126 112.3513 2.5850 168.5162 2.7380 -4.1161 1.5950 21.5079 2.5173 158.6250 1.9873 147.1147 2.5109
2044 -2.8400 1.0805 43.5946 2.5123 75.7066 2.3574 38.4570 2.4199 110.6893 2.6351 168.5100 2.5919 -3.8400 1.8765 20.5359 2.4822 158.3965 2.0051 148.4500 2.5278
2045 -2.2279 1.5148 44.9007 2.5060 75.0871 2.3861 39.5313 2.3980 109.2728 2.5975 168.7514 2.4797 -3.7751 2.2248 19.1162 2.4237 158.2181 2.0395 149.4155 2.6650
2046 -1.1796 1.8418 46.3241 2.4138 73.7868 2.4533 40.0802 2.4991 107.6168 2.5480 168.8683 2.5547 -3.9270 2.3773 17.8347 2.4868 157.7090 1.9814 150.4611 2.4939
2047 -0.3132 1.8941 47.7554 2.3862 72.5844 2.5242 40.9111 2.5078 106.5848 2.4646 169.0457 2.5155 -4.2133 2.4377 16.7206 2.5446 156.6926 1.7802 150.5974 2.5385
2048 0.4848 2.2680 49.0280 2.5095 71.7683 2.5081 41.8987 2.4887 105.5286 2.3826 169.3140 2.9632 -4.1356 2.9807 16.0963 2.5447 155.8381 1.9447 150.8654 2.3478
2049 1.4765 2.4175 50.1741 2.3147 70.7015 2.3901 42.9260 2.3500 104.7129 2.4633 169.5096 3.2180 -4.2650 2.9616 15.4999 2.5380 154.8512 2.1605 151.1632 2.3756
2050 2.8206 2.5679 51.2128 2.3460 69.2635 2.3686 44.4479 2.4105 103.3254 2.5236 169.7051 3.0197 -4.2575 2.7435 14.8056 2.3945 153.7627 2.0503 151.5161 2.4761
2051 3.9873 2.7123 52.4122 2.5458 67.6343 2.5310 45.7148 2.4937 102.5756 2.5574 169.8517 2.8593 -4.0019 2.7220 13.8026 2.5285 152.5661 2.2589 152.1011 2.4902
2052 5.3348 2.5458 54.0351 2.4215 66.2601 2.4163 47.0627 2.6898 101.7670 2.4579 169.3231 2.5023 -4.0305 2.5985 13.4421 2.5359 151.4313 2.2470 152.3105 2.4099
2053 6.1819 2.4776 55.4844 2.4846 65.1569 2.3620 48.2102 2.5573 101.8659 2.4454 169.1109 2.3366 -4.2020 2.1642 13.1627 2.4278 150.2765 2.4235 152.0713 2.4346
2054 6.6775 2.4508 57.1544 2.4939 63.5621 2.3317 49.3532 2.7175 101.4415 2.5749 168.3768 2.3431 -4.6829 1.8836 13.1451 2.4609 148.9563 2.3291 152.3198 2.4909
2055 7.7577 2.6175 58.5893 2.2253 62.4940 2.4512 50.5187 2.3541 101.0614 2.5257 168.1853 2.2340 -5.3619 1.4681 12.6351 2.5409 147.6740 2.2672 152.3835 2.4278
2056 8.4814 2.8618 59.3522 2.6125 61.4430 2.4776 51.6505 2.6792 100.7438 2.5696 167.7488 2.1801 -5.0114 1.4829 12.5194 2.5461 146.2188 2.5702 152.6270 2.3456
2057 9.0949 2.8001 60.5791 2.6807 59.9312 2.6095 52.6882 2.4684 100.5332 2.4816 167.3192 2.2337 -5.3080 1.6773 12.9512 2.5036 144.4372 2.4899 153.0108 2.4936
2058 10.4220 2.7986 61.7535 2.6272 58.4140 2.6213 53.6238 2.2632 100.0089 2.4367 166.6198 1.8377 -5.5024 1.4332 13.3140 2.5809 143.2639 2.4057 152.8255 2.4698
2059 11.4186 2.7421 62.8778 2.2673 56.9806 2.4354 54.9160 2.4908 99.8011 2.4748 165.9294 1.7420 -6.0449 1.6919 13.6147 2.4406 142.0343 2.5520 152.7030 2.4898
2060 12.5383 2.7609 64.4061 2.5123 55.5517 2.4328 55.9178 2.5224 99.8267 2.5082 165.2083 1.8580 -6.0861 1.8135 14.0390 2.4526 140.7592 2.4931 152.8403 2.5145
2061 13.0219 2.4053 65.8036 2.6074 54.1917 2.6844 56.9154 2.5629 100.0819 2.5305 164.7314 2.0213 -5.9497 1.7699 14.4680 2.3897 139.3080 2.5361 152.9713 2.4942
2062 13.7411 2.5041 66.7938 2.6028 52.7547 2.6026 58.0389 2.5944 100.4626 2.5151 164.2230 2.0966 -5.3401 2.1009 15.1392 2.6237 138.3242 2.4580 152.8194 2.4597
2063 14.5986 2.3888 68.6158 2.5225 51.5008 2.5729 59.0019 2.4823 100.5788 2.5826 163.3721 2.3737 -5.0217 2.1964 16.1997 2.6560 137.0746 2.4844 152.5285 2.4533
2064 14.9691 2.5052 69.9729 2.6763 50.2283 2.6323 59.7195 2.5364 100.7601 2.5638 162.6071 2.4594 -5.0530 2.2007 17.4074 2.4979 135.6346 2.5071 152.5481 2.5100
2065 15.4015 2.4665 71.1781 2.6279 48.6790 2.4681 60.2734 2.3566 100.9528 2.5199 161.7502 2.5380 -4.8811 2.2602 18.0726 2.5101 134.6762 2.3784 152.5897 2.5425
2066 15.7331 2.4251 72.2726 2.5288 47.3147 2.4388 61.0141 2.4187 101.5185 2.5482 160.8112 2.7294 -4.6545 2.3706 19.2380 2.5093 133.5848 2.4544 152.7628 2.5322
2067 15.9444 2.4348 73.5464 2.5034 46.0998 2.5922 60.6503 2.4451 102.0824 2.4465 159.8865 2.7048 -4.4290 2.4496 20.5266 2.3077 131.6274 2.5398 153.2445 2.3807
2068 16.1834 2.4898 74.5868 2.4940 44.7426 2.4297 60.8728 2.4584 103.0645 2.3788 158.6571 2.9417 -4.4464 2.2767 22.0084 2.4577 130.3513 2.4641 153.2475 2.4805
2069 16.3676 2.4610 75.7239 2.5603 43.1585 2.4166 61.1670 2.4369 104.0060 2.3879 157.4513 2.7422 -4.1096 2.6224 23.5221 2.7270 128.8863 2.4548 153.8770 2.4145
2070 16.0518 2.5008 76.8518 2.3774 41.6868 2.5482 61.3067 2.4562 104.8009 2.3573 156.4336 2.6305 -3.8892 2.6276 24.8225 2.4114 127.5573 2.3869 154.2163 2.4991
2071 16.0855 2.5232 78.2120 2.4269 40.7170 2.3687 61.0033 2.4273 105.8233 2.4944 155.5482 2.6378 -4.1128 2.7062 26.1085 2.4452 126.2060 2.7688 155.0868 2.5495
2072 15.8423 2.5622 79.6287 2.4804 39.0078 2.4699 61.0296 2.4754 107.1631 2.6232 154.1812 2.2990 -3.8191 2.7093 27.1807 2.5860 124.7536 2.4857 155.6474 2.4927
2073 15.6747 2.5328 81.0310 2.4987 37.4583 2.4053 60.4166 2.4820 108.2204 2.6079 152.8305 2.3174 -3.7329 3.0366 28.7953 2.4390 123.5778 2.3736 156.1768 2.3928
2074 15.3038 2.6287 82.0015 2.6460 36.1547 2.5882 60.1804 2.4743 109.6582 2.4177 151.7397 2.4643 -4.1872 3.1303 30.2953 2.3847 122.4260 2.3745 156.4290 1.9384
2075 14.6893 2.5354 82.8902 2.4114 34.8063 2.4852 59.9780 2.5157 111.2262 2.4193 150.4098 2.5619 -4.8607 3.5548 32.0058 2.3087 120.9184 2.2952 157.0277 1.7740
2076 14.4014 2.4771 83.8410 2.4127 33.4395 2.5739 59.6018 2.4269 112.2195 2.5859 149.0249 2.5850 -4.6577 3.7920 33.0201 2.3302 119.0951 2.4444 157.4804 1.5957
2077 13.4421 2.6252 84.7574 2.5276 32.0237 2.4293 59.1782 2.4143 113.1372 2.5551 147.6493 2.4022 -4.9341 4.0804 34.5488 2.4982 117.5592 2.6412 158.0044 1.5500
2078 12.9140 2.5548 85.7929 2.4090 30.4387 2.5960 58.7938 2.5100 114.2840 2.4775 146.7850 2.2332 -5.3027 4.2992 36.0078 2.5153 116.7701 2.5089 158.9161 1.2445
2079 11.9215 2.3323 86.6468 2.4973 29.2173 2.4795 58.3576 2.5461 115.7038 2.3107 145.6090 2.4027 -4.9174 4.7352 37.3141 2.4844 115.3762 2.6560 159.5138 1.0444
2080 11.1005 2.9095 87.2883 2.5248 27.9754 2.5515 57.7880 2.4913 116.8816 2.4117 144.2652 2.4716 -5.0406 4.9351 38.4894 2.3647 113.9589 2.5122 160.5833 0.8338
2081 9.4569 3.1357 87.6187 2.6194 26.4422 2.4187 56.9541 2.5096 118.0341 2.4432 143.0666 2.4967 -5.2586 5.0220 39.8852 2.5409 112.8641 2.2969 161.7383 0.8860
2082 7.9099 3.3032 88.1521 2.5680 24.8114 2.3355 56.1520 2.5444 119.3074 2.4743 141.3402 2.4601 -5.0243 5.1485 41.2185 2.4151 111.1248 2.6325 162.4029 0.8579
2083 6.4022 3.6005 87.9687 2.5364 24.3816 2.4106 56.2698 2.5561 120.8503 2.4191 140.2576 2.4993 -4.6228 4.9449 42.8650 2.4668 109.6935 2.5164 163.3303 0.9252
2084 5.1705 3.7655 88.1843 2.5052 22.8589 2.3735 55.7073 2.6145 122.0307 2.7297 138.8868 2.5401 -4.3457 4.9346 44.0461 2.4900 108.5255 2.6464 164.4085 1.3530
2085 3.9608 3.8309 87.6731 2.5333 21.1943 2.4890 55.1052 2.4123 123.0725 2.5286 137.5224 2.5789 -4.4374 4.4949 45.6506 2.4674 107.3405 2.6259 165.0336 1.4194
2086 2.6603 4.0983 87.1831 2.5873 20.0137 2.5428 54.7598 2.5178 123.9389 2.5763 136.0796 2.7339 -4.3815 4.3134 47.0874 2.1763 106.2094 2.4382 165.8504 1.6052
2087 1.5171 4.1290 86.6671 2.5089 18.7922 2.5879 54.1471 2.4634 125.2756 2.5631 134.5748 2.6056 -4.3710 4.3814 48.4876 2.3744 105.1243 2.4927 166.5525 1.6205
2088 0.7687 4.1686 86.5639 2.6506 17.6708 2.4850 53.8852 2.5143 126.6645 2.5208 133.4294 2.4445 -4.2863 4.1221 49.6283 2.4097 103.6931 2.7008 167.0996 1.2001
2089 -0.3066 4.2997 86.0388 2.4293 16.2018 2.6199 53.6999 2.5347 128.4019 2.4173 132.2456 2.5468 -4.0610 4.1976 50.9573 2.4667 102.6702 2.5205 167.7531 1.2379
2090 -1.3851 4.4758 85.0615 2.6084 15.0715 2.3073 53.5306 2.5093 129.5980 2.6011 131.2646 2.5153 -3.5913 4.4787 52.1123 2.4049 101.2569 2.6384 168.0838 1.2598
2091 -2.2452 4.5972 84.4837 2.4780 13.8637 2.3324 53.5605 2.5207 130.8987 2.4726 129.8122 2.7222 -3.2864 4.5146 53.3321 2.5653 100.0616 2.4796 168.5682 1.0257
2092 -2.7955 4.3228 83.6883 2.5262 12.5210 2.3148 53.7902 2.5995 132.0989 2.3558 128.4449 2.5150 -2.4951 4.6707 54.1193 2.3602 98.8492 2.6114 168.7842 0.9592
2093 -3.3018 4.6377 82.6846 2.6466 11.2440 2.1777 53.5763 2.4223 133.2681 2.5808 127.1450 2.3613 -1.8718 4.4911 55.1194 2.4225 97.4988 2.5397 169.0214 1.1696
2094 -4.0949 4.9081 81.3373 2.5308 10.1584 2.0267 54.0518 2.5098 134.2253 2.4987 126.4029 2.4471 -1.5187 4.4633 56.1211 2.4590 96.0617 2.4481 169.2298 1.1865
2095 -4.8935 5.1051 79.9455 2.5501 8.8947 1.8953 53.9776 2.5464 135.6728 2.6651 125.3823 2.5496 -0.5711 4.3829 56.5264 2.3260 94.5484 2.3784 169.1819 1.1814
2096 -5.4779 4.9741 78.6097 2.5425 7.5928 1.8934 54.7614 2.5457 136.7928 2.7433 124.3859 2.5120 0.2252 4.5506 57.0488 2.5562 93.4445 2.4856 169.0006 1.6193
2097 -5.7748 5.2550 77.5190 2.3375 6.7267 1.5122 55.2852 2.5647 138.2810 2.6514 123.1508 2.3640 1.5561 4.2681 57.1144 2.5421 92.2472 2.5142 169.3413 1.6445
2098 -5.7664 4.9489 76.2931 2.4916 5.5422 1.3352 55.9681 2.5182 139.9432 2.4709 123.0087 2.4958 2.5490 4.3739 57.1346 2.5027 91.3784 2.5124 169.5197 1.7203
2099 -5.9573 4.9798 75.1292 2.4540 4.3515 1.2162 57.1139 2.5414 141.1887 2.4566 123.0801 2.5335 3.9583 4.0309 57.0316 2.4676 90.8170 2.3889 169.4039 1.9664
2100 -6.3212 5.3039 73.6225 2.4787 3.1181 1.0773 57.9043 2.4698 142.6489 2.4195 122.7490 2.5436 5.1417 3.8674 57.1929 2.5227 90.0450 2.4742 169.4207 2.2561
2101 -6.5955 5.5485 72.5469 2.4570 1.8628 1.4670 59.0802 2.5845 144.0735 2.3295 122.6124 2.4341 6.2791 3.9280 57.2646 2.6027 89.4724 2.6462 169.3651 2.5171
2102 -6.8494 5.4755 71.5810 2.5581 1.0616 1.3166 60.3652 2.5393 145.8579 2.4969 122.8949 2.4794 7.9721 3.5697 56.8559 2.5028 88.7075 2.4605 169.6672 2.6795
2103 -7.0842 5.6478 70.5148 2.6373 0.6133 1.2709 61.3306 2.6866 147.3508 2.4556 122.7629 2.4472 9.3144 3.2105 56.6634 2.5110 88.1937 2.5093 169.2735 2.9259
2104 -7.1715 5.6145 69.6078 2.5700 0.2502 1.3533 62.6818 2.6431 148.4618 2.4051 122.8864 2.6224 10.8743 2.9855 56.1789 2.4818 87.8298 2.5113 168.9004 3.3769
2105 -7.2958 5.5553 68.8466 2.3751 -0.7544 1.5473 63.8536 2.6029 150.0012 2.2242 123.2148 2.5302 11.9130 2.8871 55.7739 2.4735 87.4132 2.3927 168.6213 3.4972
2106 -7.3169 5.3314 68.1591 2.6351 -1.2558 1.2032 65.3975 2.6026 151.4813 2.2461 123.5489 2.5064 13.6995 2.8607 55.1940 2.5372 87.5147 2.4775 168.2645 3.6207
2107 -7.4683 5.1588 67.3024 2.5478 -1.7231 1.4439 66.5636 2.6242 152.4216 2.0211 124.1391 2.5460 14.6066 2.5986 54.4595 2.7683 87.5378 2.4743 168.1667 3.8158
2108 -7.5686 5.0778 67.0101 2.4986 -2.4922 1.4147 67.6875 2.4308 153.9082 1.6528 124.9694 2.5439 15.8002 2.4729 53.6148 2.5961 88.1169 2.4536 167.9425 3.6335
2109 -7.1759 4.8333 66.5352 2.4560 -3.0777 1.3012 69.5543 2.5607 155.2717 1.7639 125.6286 2.4753 17.0089 2.5352 52.6976 2.4610 88.3665 2.5050 167.5298 3.9053
2110 -7.4799 4.6138 66.0434 2.5364 -3.7122 1.1637 70.6564 2.5625 156.4184 1.6443 126.3959 2.3969 18.1713 2.5269 51.6809 2.6381 88.4276 2.5170 167.3024 4.2063
2111 -7.2736 4.2515 65.8461 2.5133 -4.1263 1.1511 71.8616 2.7170 157.1673 1.7331 127.5028 2.4425 19.3466 2.5658 50.6068 2.5728 88.4349 2.5044 167.0210 4.3543
2112 -6.8920 3.7999 65.6689 2.5963 -4.1555 1.2579 73.1708 2.7418 158.1880 1.4908 128.9546 2.5405 20.9140 2.3714 48.9729 2.3989 88.5657 2.5341 167.0669 4.7271
2113 -6.8980 3.0121 65.7003 2.5139 -4.4939 1.5436 74.7312 2.4575 159.2464 1.1402 129.8366 2.5129 22.0381 2.3762 47.5969 2.4831 89.6956 2.6108 166.6953 4.7671
2114 -6.2214 2.3086 65.7147 2.5409 -4.3960 1.3579 75.8267 2.5357 160.2475 1.2202 131.3470 2.3654 23.3749 2.2942 46.3816 2.6151 90.6725 2.6375 166.3678 4.3587
2115 -6.1668 2.2697 66.2405 2.4786 -4.9824 1.4385 77.3732 2.3927 161.3868 1.2027 131.9459 2.5085 24.7303 2.6742 45.1341 2.4321 91.8367 2.4646 166.3160 4.6234
2116 -5.9678 1.7015 66.7486 2.5035 -5.1163 1.7695 79.0171 2.5840 161.9155 0.9671 133.4452 2.4305 26.0938 2.6824 43.6427 2.6542 92.2553 2.4780 166.1058 4.1135
2117 -6.0129 1.5286 67.2536 2.5545 -5.2492 2.1779 80.3191 2.6236 162.5701 0.9779 134.7843 2.5935 27.3408 2.6647 42.3482 2.5975 93.3144 2.6394 166.2576 3.8399
2118 -6.0226 1.4575 67.9040 2.5178 -5.3268 2.3514 81.6737 2.5465 163.4905 1.0848 136.0517 2.5647 28.6514 2.6329 40.8465 2.7195 94.7136 2.3968 166.1247 3.3719
2119 -5.6291 1.5339 68.1307 2.4771 -5.3522 2.5193 82.9150 2.4794 164.0967 0.7688 137.2998 2.4093 29.6254 2.7346 39.4043 2.3926 96.3263 2.5250 166.3764 2.9028
2120 -5.6677 1.3068 68.4736 2.4884 -5.1792 2.7346 84.2917 2.4711 164.5442 0.7473 138.9982 2.3197 30.9340 2.6629 37.9479 2.4863 97.6897 2.4762 166.4584 2.3556
2121 -5.5890 1.0564 69.1346 2.4755 -5.0599 3.1860 85.9823 2.5637 165.2805 0.6748 140.3858 2.4006 32.4446 2.6469 37.1198 2.5762 98.9573 2.5455 166.3203 2.0900
2122 -5.6297 1.1970 70.1225 2.5425 -4.9827 3.2398 87.4404 2.3780 165.3654 0.4597 141.6875 2.3337 34.1267 2.7545 36.1143 2.2694 100.2067 2.6935 166.2698 2.0273
2123 -5.8137 1.4903 71.2638 2.6232 -4.9249 3.5125 89.1217 2.5075 165.8111 0.3695 143.2157 2.5604 35.4479 2.5025 35.1564 2.4267 101.4787 2.6854 166.3282 2.2211
2124 -5.9371 1.6233 72.0760 2.5369 -4.7921 3.5278 90.4806 2.3636 166.3338 0.2344 144.4136 2.6490 36.5559 2.5379 34.2195 2.5595 102.8781 2.6370 166.5629 2.5471
2125 -5.7223 1.1827 72.7489 2.4498 -4.8546 3.5132 91.4715 2.5900 166.4117 -0.1929 145.5396 2.5244 37.7721 2.5936 33.6664 2.4867 104.1629 2.6536 166.8080 2.5952
2126 -5.3660 1.0798 74.2731 2.4904 -4.7696 3.7195 93.0298 2.5950 166.7491 -0.3459 146.8583 2.5344 38.7156 2.5543 32.6469 2.5678 105.4792 2.5332 166.6199 2.6003
2127 -5.0404 1.1897 75.7724 2.3456 -4.2258 3.4317 93.5872 2.4730 167.3629 -0.5092 147.6962 2.0152 39.4439 2.5591 32.4678 2.5001 106.7213 2.4312 166.4298 2.4990
2128 -4.7883 1.2089 77.1530 2.3504 -4.6199 3.3004 94.5301 2.5604 167.4852 -0.5570 148.9022 1.9066 40.3314 2.4979 32.3592 2.6091 108.1648 2.4984 166.2163 2.5252
2129 -4.5066 1.2932 78.5570 2.6518 -4.8449 3.2266 95.3093 2.3736 167.9452 -0.7593 150.2829 1.8414 40.7780 2.3819 32.2134 2.4415 109.2112 2.6275 166.0235 2.2139
2130 -4.6582 1.5068 79.7535 2.5744 -4.4837 3.4367 96.1915 2.4693 167.9600 -0.5545 151.7460 1.8945 41.1705 2.5869 32.0762 2.4395 110.8192 2.9522 166.2180 2.7216
2131 -5.1301 1.5169 81.3494 2.4631 -4.7252 2.7443 96.9621 2.4871 168.2104 -0.7136 153.0609 1.6342 41.5542 2.5159 32.4118 2.5282 112.4643 2.5579 166.6509 3.0728
2132 -5.0972 1.7673 82.4639 2.5388 -4.5602 2.8783 97.1856 2.5155 168.7268 -0.5532 154.3893 1.6613 41.4209 2.4313 32.5217 2.4174 113.7120 2.5855 166.5650 2.7979
2133 -5.1430 1.7559 83.6713 2.5497 -4.8777 2.7766 98.0383 2.4507 169.1853 -0.4546 155.2801 1.5564 41.5419 2.4608 33.0038 2.4665 115.2389 2.3619 166.8011 2.5519
2134 -5.2104 2.0031 85.0768 2.5049 -5.1956 2.9200 98.6701 2.5084 169.0669 -0.0980 156.3264 1.0958 41.7254 2.5730 32.8807 2.4563 116.3680 2.5603 166.6503 2.6407
2135 -4.7222 1.8401 86.0525 2.5271 -5.2635 2.5116 99.1459 2.5438 169.0610 0.2224 157.2366 0.9080 41.7446 2.4849 33.1086 2.4947 117.7415 2.6218 166.5696 2.2183
2136 -5.2629 1.8406 87.4188 2.4825 -5.0251 2.5266 99.3093 2.5103 169.0132 0.4654 158.2579 0.9298 41.6721 2.4505 33.7228 2.5428 119.0312 2.3631 166.3791 1.9410
2137 -5.5068 1.6009 88.8571 2.5300 -4.6651 2.7034 99.3692 2.5148 169.2521 0.5965 158.9353 0.9111 40.9032 2.4666 34.1631 2.4157 120.4703 2.5035 166.5195 1.9074
2138 -5.5567 1.8825 90.0383 2.5289 -4.6847 2.6028 99.2323 2.5478 169.6016 0.7010 159.8003 0.7072 40.7050 2.4008 35.0769 2.4042 121.7107 2.4917 166.7928 1.3285
2139 -5.8206 1.8966 91.5014 2.6494 -4.7142 2.4128 99.1654 2.4239 169.6964 0.7590 160.3625 0.9778 40.2068 2.4232 35.7219 2.5553 122.8718 2.4505 167.6357 1.2498
2140 -6.1511 2.0651 92.8879 2.5032 -4.3196 2.1056 98.7560 2.4842 169.9888 0.5641 160.8161 1.1636 40.2933 2.3172 36.8108 2.4724 124.3812 2.4210 167.8699 1.1294
2141 -6.4011 1.9129 94.1364 2.6794 -3.9587 1.9420 98.6067 2.4974 170.0042 0.3111 161.2076 1.1658 39.6651 2.3900 37.6923 2.5591 125.4690 2.5430 167.7780 1.2675
2142 -6.5806 1.6054 95.7463 2.5012 -3.6469 1.8472 98.0946 2.6159 170.1242 0.3759 161.8126 1.3126 39.6776 2.4578 38.7912 2.4154 126.2416 2.5236 167.4472 1.9101
2143 -6.5073 1.9660 96.9692 2.4825 -2.9913 1.7579 97.4253 2.5944 170.3317 0.6800 162.0323 1.5014 39.2484 2.3801 40.0920 2.4127 127.0388 2.5148 167.2263 2.0185
2144 -6.6506 1.9548 97.7737 2.4119 -2.2776 1.6218 96.2328 2.5026 170.3463 0.5650 162.6043 1.7923 38.6453 2.4587 40.9996 2.6541 127.9130 2.5377 166.9461 2.2706
2145 -7.4862 1.8845 99.0432 2.6184 -1.2030 1.7616 95.7762 2.5601 170.0827 -0.1793 162.6293 1.6557 37.7750 2.4353 42.0508 2.5520 128.9960 2.4589 166.7401 2.4638
2146 -7.4852 1.5941 100.5385 2.6655 -0.0261 1.6306 95.1124 2.6268 169.9666 -0.4257 162.3092 1.8778 36.8486 2.4896 43.0712 2.5744 129.9117 2.4541 166.6161 1.9990
2147 -7.5130 1.4730 101.7053 2.5015 0.9699 1.8060 94.1458 2.5903 169.8769 -0.3893 162.3553 1.8287 36.1825 2.4191 44.0890 2.4439 130.5889 2.5383 166.1855 2.3473
2148 -7.7820 1.6836 103.0834 2.2630 1.9854 1.7618 93.1239 2.5410 169.8596 -0.1845 162.2489 1.5685 35.5644 2.3755 45.0672 2.4789 131.0152 2.4908 166.0832 2.1978
2149 -8.1883 1.5002 104.4953 2.6216 2.7799 2.1292 91.5141 2.3677 169.8504 -0.2773 161.8595 1.0660 34.9087 2.4033 45.5370 2.4715 131.6410 2.5372 165.6349 2.3489
2150 -8.6714 1.5733 105.4279 2.4607 3.3373 2.0025 90.0758 2.5569 169.6383 -0.0186 161.1196 1.4592 34.5975 2.5204 46.3310 2.4460 131.8537 2.4393 165.7661 2.1367
2151 -8.9420 1.8591 106.4240 2.5277 4.3863 2.0642 88.8719 2.4754 169.8105 0.0719 160.1676 1.2200 34.0999 2.5664 47.1167 2.5451 132.3835 2.4450 165.8537 2.1874
2152 -9.1730 2.0712 107.6962 2.6127 5.4773 1.8529 87.1694 2.4250 169.7988 -0.1729 158.9913 1.2718 33.8682 2.4300 47.5725 2.3925 132.4580 2.4187 165.9115 2.6486
2153 -9.5336 1.8670 108.8717 2.3268 6.6379 2.0728 86.0764 2.5766 169.8817 0.3333 158.0912 1.5074 33.6587 2.4377 47.6508 2.4447 132.4817 2.5284 166.3009 3.0537
2154 -10.0077 2.0004 109.7472 2.7547 7.6516 1.8431 84.6941 2.4593 170.0407 0.7057 156.9498 1.5329 33.8082 2.4528 48.0850 2.5791 132.3062 2.4526 166.6656 3.3328
2155 -9.9341 2.1413 110.6015 2.7501 8.9466 2.0065 83.5641 2.4094 170.0315 1.3142 155.5619 1.7407 33.6684 2.4729 48.3211 2.5761 132.3313 2.4973 166.6360 3.3308
2156 -10.2051 2.5073 111.2937 2.5874 10.3854 2.0575 81.9977 2.3917 170.1036 1.6175 154.5878 1.2500 33.9921 2.5312 48.2976 2.4212 132.1876 2.5128 166.7983 3.2102
2157 -10.0127 2.7503 112.1100 2.4315 11.6354 2.1171 81.2382 2.6076 170.0097 1.9816 153.2556 1.6110 34.6459 2.4947 48.2224 2.4719 131.6633 2.5334 166.9454 3.5311
2158 -10.1255 2.6609 112.4702 2.4876 12.3749 2.3164 79.6905 2.4634 170.0930 2.6198 152.2949 1.7603 34.9905 2.5427 48.4257 2.5340 131.1018 2.4742 167.0566 3.8253
2159 -10.1716 2.9811 112.9409 2.4946 13.6120 2.3402 78.4251 2.4686 170.1802 2.8475 151.1297 2.0317 35.4915 2.5973 48.3413 2.5354 130.9409 2.5702 166.9084 3.6627
2160 -9.9970 3.2400 113.2391 2.5121 14.5274 2.3444 77.2888 2.4087 170.6345 2.8529 149.8924 1.9945 35.7677 2.4738 48.3727 2.4277 130.8654 2.5317 166.8604 3.9392
2161 -9.8722 3.4280 114.0276 2.4983 15.3278 2.4020 76.1410 2.4683 170.1700 3.2879 148.5315 2.1973 36.6304 2.4336 48.0707 2.5021 130.1812 2.5088 167.2514 4.4558
2162 -9.4292 3.9919 114.2999 2.4438 15.9495 2.4254 75.0529 2.4995 169.9398 3.4371 147.3413 2.3331 37.2215 2.5054 47.5601 2.4709 129.7728 2.5273 167.6716 4.6673
2163 -9.0970 4.4599 114.3971 2.4882 16.7836 2.6105 74.0155 2.5354 169.6068 2.9439 145.9918 2.3644 38.0193 2.5615 47.5613 2.5388 129.4572 2.4048 167.7963 4.9626
2164 -9.0343 4.6592 114.3580 2.4634 17.4973 2.5141 72.9730 2.3261 169.0197 2.8606 144.6856 2.4536 39.0590 2.6480 47.0609 2.5549 129.0338 2.5401 168.1009 5.0069
2165 -9.0888 4.8055 114.3986 2.4968 18.2126 2.5367 71.9112 2.3304 168.9427 2.8335 143.2704 2.5513 40.0350 2.4500 46.5550 2.4608 128.3326 2.5915 168.7740 5.2667
2166 -9.1086 4.8789 114.3322 2.4978 18.3329 2.4107 70.8979 2.3318 169.1383 2.7609 141.5301 2.3855 40.9678 2.5981 45.5705 2.5244 127.8614 2.4882 169.1944 5.2379
2167 -9.0876 4.7446 114.0867 2.4976 19.0893 2.4743 69.9742 2.3932 169.0545 2.9394 140.3231 2.4289 41.8167 2.5173 44.5528 2.4163 127.4627 2.5101 169.2605 5.4462
2168 -9.0278 4.6419 113.5218 2.4856 19.9818 2.4626 69.1437 2.3274 169.5952 3.4044 138.7861 2.6176 43.1277 2.5173 43.7034 2.4369 127.3755 2.4745 169.1519 5.5513
2169 -8.8956 4.4756 113.4923 2.5174 20.5126 2.5234 68.1272 2.5343 169.4760 3.1027 137.3217 2.6561 44.6560 2.6718 42.3977 2.3037 127.2720 2.4401 169.2611 5.3809
2170 -8.6880 4.3625 112.9691 2.5899 20.8018 2.4371 67.6122 2.4909 169.2628 3.2337 135.8234 2.4271 45.8062 2.3956 41.3099 2.4529 127.4215 2.4976 169.2436 4.9594
2171 -8.4764 4.1624 112.4799 2.4862 21.3449 2.5668 67.0826 2.5310 169.4726 3.8476 134.9930 2.6643 46.8417 2.3125 40.1768 2.4380 127.1819 2.5217 168.9968 4.9696
2172 -7.9795 3.9526 111.5516 2.6695 20.9836 2.4453 67.0346 2.4777 168.9322 3.8549 133.7726 2.4238 48.2284 2.4846 38.7385 2.3921 127.1988 2.5197 169.2159 4.8546
2173 -7.9649 3.7180 110.4234 2.4804 20.9331 2.4886 66.5751 2.5671 168.5812 3.8247 132.3620 2.6120 49.4612 2.4360 37.7843 2.4926 127.1171 2.4634 168.9514 4.8672
2174 -7.7587 3.8520 109.8863 2.5311 20.7207 2.4705 66.5442 2.5593 168.4172 3.7656 131.3642 2.7350 51.1444 2.4756 36.9239 2.6475 127.8094 2.5407 169.0542 4.8900
2175 -7.2922 3.8753 108.8612 2.5363 20.4630 2.5265 66.4625 2.5288 168.3947 3.3860 130.0087 2.6032 52.6114 2.3491 36.2020 2.4433 128.4261 2.4769 168.4546 4.7188
2176 -7.2746 3.9701 107.7067 2.6733 20.5266 2.4876 66.4462 2.4634 168.4152 3.1134 128.5885 2.6680 53.8983 2.3132 35.4549 2.5070 128.7415 2.5446 168.3224 4.7335
2177 -7.1131 4.3174 106.5079 2.5483 20.1358 2.3664 66.5445 2.4575 168.1198 3.3975 127.0525 2.5089 55.5058 2.3637 35.1138 2.4273 129.2366 2.5957 168.2693 4.3836
2178 -7.3352 4.5678 105.4363 2.4556 20.0500 2.3889 67.0005 2.4731 168.3845 3.2684 125.7909 2.3216 56.8660 2.4937 34.1636 2.5622 129.7023 2.6587 168.0220 4.1064
2179 -7.5123 4.8143 103.9737 2.4045 19.4469 2.5162 67.4925 2.3014 168.3969 3.5244 124.3566 2.5212 58.0127 2.1784 34.1733 2.3962 130.1040 2.5151 167.9068 3.8534
2180 -7.5636 5.0655 102.5441 2.4954 18.9779 2.4302 67.6136 2.3503 168.5438 2.9600 122.6708 2.5588 58.3688 2.2545 33.9175 2.3955 131.0384 2.5471 167.6584 3.9260
2181 -7.3722 5.4803 101.5953 2.4802 18.5199 2.4839 68.1935 2.4625 168.6536 2.7655 121.5390 2.5654 59.3255 2.4991 33.7211 2.5033 132.0283 2.4383 167.3638 4.1579
2182 -7.4085 5.2581 100.2779 2.6268 17.9880 2.4967 68.7804 2.5237 168.4106 2.9041 120.2812 2.6840 60.1402 2.6644 33.5487 2.3899 133.0322 2.5677 167.3005 4.2338
2183 -6.8535 5.2654 99.0680 2.6073 17.3512 2.4877 69.5002 2.4866 168.9808 2.7281 118.8410 2.4328 60.6373 2.4998 33.5162 2.5444 134.2160 2.5692 167.6493 4.5278
2184 -7.0474 4.9305 98.1476 2.3617 16.5163 2.3884 70.4598 2.5694 169.0722 2.3065 117.5336 2.4589 60.8678 2.4461 33.7847 2.4890 135.4300 2.7076 167.4601 4.5780
2185 -7.0841 5.0687 97.1744 2.3964 16.5165 2.4381 71.3853 2.5202 169.0116 2.1250 116.3153 2.4980 61.6657 2.5171 33.7492 2.4617 136.9061 2.4282 167.7489 4.6368
2186 -6.9123 5.2305 96.2062 2.4972 16.4071 2.4785 72.3439 2.3647 169.1684 1.8965 115.1869 2.6002 61.8466 2.4357 34.0911 2.4581 138.0611 2.4511 167.6163 4.7892
2187 -6.4853 5.3321 95.4173 2.5030 16.2968 2.4385 73.5369 2.3486 169.6513 2.0755 114.1287 2.4061 62.1915 2.4755 34.7495 2.4802 139.0137 2.4885 167.7505 4.6520
2188 -6.1897 5.4082 94.7322 2.5654 16.5919 2.4926 74.6781 2.3304 170.1061 1.6534 112.2994 2.4901 62.4481 2.5024 35.2329 2.5621 139.7317 2.4649 167.7368 4.8995
2189 -6.0430 5.6220 94.3353 2.5440 16.4152 2.5069 76.1287 2.4898 170.4470 1.3146 110.9675 2.4787 62.5220 2.5078 35.6648 2.5150 140.7933 2.3345 167.9036 4.8467
2190 -6.0997 5.4605 94.0002 2.5812 16.8075 2.4906 77.5181 2.4139 170.3873 1.5187 109.6143 2.3463 62.4462 2.5139 37.0344 2.5275 141.8034 2.4749 167.9265 4.7451
2191 -5.4837 5.2802 93.9076 2.5145 17.3060 2.5075 79.0498 2.4039 170.9707 1.6223 108.7693 2.2430 62.0863 2.6056 37.7320 2.4205 142.7209 2.4722 167.9781 4.7029
2192 -5.3045 5.0174 93.1821 2.4295 17.9600 2.5786 80.4890 2.6225 170.8891 1.4245 107.6864 2.3744 61.6830 2.5180 38.6825 2.5607 143.6374 2.4504 167.9629 4.6393
2193 -5.4549 4.9758 93.3799 2.4745 18.4852 2.5386 81.7668 2.5635 170.8598 0.9542 106.9582 2.6332 61.3977 2.4914 39.4634 2.4907 144.3320 2.3714 167.8946 3.7944
2194 -5.5210 5.1536 93.5148 2.5653 18.9709 2.5820 83.4301 2.4464 170.6076 0.6344 106.7452 2.5739 61.2235 2.4906 40.7851 2.6235 144.9184 2.4848 167.8367 3.4377
2195 -5.5890 5.4552 93.7119 2.4788 19.6568 2.4937 85.0723 2.4513 170.3387 0.6790 106.1292 2.5904 61.0923 2.5701 41.6153 2.7895 145.4193 2.6317 167.9236 3.3680
2196 -5.9704 5.6726 94.1593 2.5470 20.3046 2.4257 86.6254 2.5770 170.0946 0.7960 105.8192 2.4655 60.8757 2.5061 42.6256 2.4815 146.0987 2.5493 167.8034 2.8473
2197 -6.1084 5.4959 94.3093 2.5733 21.1728 2.4860 87.8115 2.6415 170.2341 0.8845 105.6022 2.4709 59.9205 2.5480 43.3521 2.4888 146.7029 2.5623 167.6757 2.9738
2198 -6.5005 5.3273 94.6763 2.4644 21.7602 2.4019 89.4064 2.6634 170.5409 0.6710 105.3532 2.5792 58.9359 2.4713 43.6453 2.5863 147.1480 2.4835 167.8024 2.9294
2199 -6.9549 5.2082 95.0185 2.4559 22.7535 2.4767 90.3580 2.6428 170.0987 0.7788 105.3669 2.5208 58.2720 2.5390 44.3625 2.5877 147.6166 2.5136 167.9892 3.0133
2200 -6.8898 5.0822 95.7382 2.5942 23.9846 2.5517 91.7317 2.1822 170.2357 0.6216 105.4176 2.4595 57.8019 2.5502 44.7004 2.5650 147.9900 2.4848 168.0291 2.9052
2201 -7.2312 4.4427 96.6822 2.4377 25.5020 2.4431 92.8596 2.4080 169.9931 0.8331 105.4573 2.4603 57.0163 2.5977 45.2219 2.6514 148.5103 2.4817 168.1349 2.7702
2202 -7.4758 4.1431 97.3802 2.5796 27.3093 2.7300 94.1206 2.4789 169.6500 0.8758 105.2878 2.5234 56.8801 2.5343 45.6105 2.5512 148.8952 2.5247 168.2750 2.8493
2203 -7.3590 3.8369 98.0583 2.6056 28.4958 2.3301 95.5392 2.5297 169.3263 1.0749 105.4584 2.5527 56.5394 2.5649 45.6726 2.4646 149.4470 2.4584 168.3672 2.9501
2204 -7.0720 3.2560 98.7909 2.5281 29.9011 2.3074 96.6906 2.5604 168.7187 1.3439 105.4068 2.4395 55.8027 2.5056 45.8679 2.5149 149.5629 2.5298 168.3559 3.1229
2205 -6.7192 2.9659 99.4977 2.5086 30.8130 2.4970 98.0124 2.3749 168.2378 1.6312 105.6799 2.4963 54.9303 2.5299 45.9873 2.4869 149.5715 2.4682 168.3156 3.0321
2206 -6.6539 2.6852 100.7549 2.3276 31.9139 2.4619 99.3435 2.5400 168.1302 1.9172 106.1586 2.6490 54.3943 2.5226 46.2239 2.4759 149.5673 2.4709 168.4157 3.3244
2207 -6.0314 2.4686 101.8874 2.3430 33.1248 2.4202 100.6441 2.5121 168.1011 2.1265 106.7856 2.5763 53.6558 2.5354 46.4708 2.5488 149.3539 2.4832 168.6367 3.3022
2208 -6.0552 2.3762 103.2192 2.6514 34.4139 2.4984 101.8954 2.5806 168.1340 1.6617 107.2321 2.4917 53.0847 2.5277 46.0014 2.3787 149.2428 2.4926 168.3078 3.0847
2209 -6.0521 2.1397 104.6901 2.5359 35.4638 2.5141 103.0940 2.6065 168.1571 1.6422 108.1280 2.2898 53.1814 2.5043 45.5658 2.3644 148.7570 2.5350 168.2660 2.5904
2210 -5.9309 1.8338 106.3965 2.5899 36.6221 2.6765 104.5019 2.5829 168.2372 1.9629 109.1592 2.5644 53.0976 2.5697 45.1257 2.3475 148.7581 2.4721 167.8553 2.4315
2211 -6.0258 1.7689 107.8276 2.5320 37.8328 2.5463 105.3535 2.4885 167.7652 1.6870 109.6889 2.4989 52.7796 2.4900 44.7988 2.4816 148.0363 2.4387 167.5248 2.7073
2212 -6.2905 1.6630 109.2702 2.5772 39.1085 2.4893 106.3607 2.4124 167.8858 2.1389 111.0484 2.5397 52.1678 2.5531 43.9829 2.5264 147.2152 2.5250 167.1445 2.7768
2213 -6.3328 1.7625 110.7322 2.2699 40.2415 2.6567 107.5142 2.5804 167.9681 2.0382 112.2475 2.5794 51.6392 2.5289 42.5902 2.6302 146.3006 2.4348 167.2044 2.9448
2214 -6.4336 2.0039 112.1065 2.3741 41.5490 2.3710 108.1405 2.5326 168.0100 2.0975 113.2360 2.5261 51.3287 2.5797 41.3478 2.5005 145.5944 2.4633 166.6165 2.8840
2215 -6.6798 2.0726 112.6179 2.2927 42.7391 2.4006 109.3972 2.6101 167.8521 2.7544 114.5194 2.7110 51.0454 2.4305 40.1897 2.4170 144.9692 2.4735 166.5852 2.8004
2216 -6.3261 2.2430 113.6135 2.4355 43.7843 2.5130 110.3616 2.6217 168.2197 2.9781 115.7120 2.4417 50.8943 2.5127 38.8866 2.2759 143.6141 2.3758 166.5032 2.9363
2217 -6.6113 2.2956 114.6214 2.6337 44.6073 2.3951 111.1414 2.4017 168.1468 3.2485 116.8491 2.3974 51.0337 2.4660 37.7100 2.4116 142.3379 2.3841 166.7382 3.2874
2218 -6.3481 2.6179 115.8874 2.6215 45.9948 2.5299 111.2471 2.5039 168.3740 3.5964 118.1858 2.3793 50.2958 2.5839 36.2330 2.5945 141.3383 2.3622 166.7401 3.6149
2219 -6.5933 2.9485 116.6306 2.6353 47.0495 2.4092 111.6060 2.4437 168.5008 3.2299 119.4225 2.7007 50.1659 2.4953 34.9827 2.5950 140.1794 2.6075 167.0315 3.7665
2220 -6.7868 3.0129 117.2564 2.3548 48.3411 2.4583 111.6031 2.5485 168.7270 3.4487 120.7158 2.5983 50.1077 2.4445 33.7176 2.4618 139.2825 2.4898 167.2511 3.8303
2221 -6.7199 2.9218 117.9141 2.5104 49.6670 2.4242 112.0506 2.5501 169.3272 3.4298 121.9426 2.5381 50.2341 2.4894 32.7810 2.2598 138.6213 2.4361 167.7119 3.7882
2222 -7.4879 2.7930 118.6703 2.4287 50.7703 2.5286 112.0825 2.4944 169.2897 3.7597 123.2411 2.6778 50.1452 2.4796 31.6561 2.4528 138.0885 2.5681 168.2763 4.1380
2223 -7.7982 2.8016 118.9875 2.4187 52.0389 2.7590 112.1512 2.5039 169.4667 4.0174 124.7768 2.6438 49.9662 2.5257 30.6072 2.5503 137.6149 2.4978 168.4365 4.5650
2224 -8.2623 2.8844 119.1647 2.6336 53.3140 2.4774 112.0041 2.4326 169.7969 4.1459 126.4872 2.6250 49.9341 2.4890 29.5718 2.3714 137.3753 2.5834 168.6465 4.4005
2225 -8.6944 2.9774 119.6408 2.5318 54.4228 2.4014 111.7084 2.4157 169.9372 4.1885 127.6135 2.6006 49.9044 2.5434 28.4411 2.3937 136.9858 2.5798 168.8023 3.7284
2226 -8.8068 3.1299 120.0118 2.5498 55.7926 2.2708 111.6665 2.4000 170.0575 4.2079 128.7504 2.5175 49.7057 2.5893 27.6683 2.5602 136.5475 2.6255 168.8304 3.8849
2227 -8.7853 3.2271 120.0328 2.5249 57.1032 2.6910 111.1992 2.4092 170.6164 4.4194 130.2558 2.4074 49.3794 2.5624 26.8789 2.5259 136.1212 2.6123 169.2117 4.0085
2228 -8.4064 3.4560 120.1480 2.4454 58.4129 2.4777 111.1952 2.5073 170.4882 4.2348 131.3940 2.5579 49.2819 2.5266 26.6995 2.5701 135.8467 2.4562 169.5058 3.6620
2229 -8.1863 4.0158 119.9863 2.4754 59.3704 2.5830 110.7759 2.6059 170.7255 4.0466 132.5015 2.6201 49.2137 2.5226 26.4870 2.4730 135.7429 2.4971 169.8643 3.3129
2230 -7.5262 4.2872 119.8369 2.4965 60.8146 2.5441 110.1557 2.5126 170.9287 4.1641 133.5477 2.4399 49.3143 2.4886 25.7627 2.4799 135.7131 2.5036 169.8689 3.1043
2231 -7.5328 4.6686 119.2971 2.4528 61.9372 2.6678 109.7129 2.3822 170.9112 3.8176 134.4598 2.5772 49.0477 2.4970 25.8220 2.5214 135.4676 2.5025 170.2115 3.3491
2232 -7.5497 4.8928 118.8365 2.5990 63.4909 2.5821 108.5447 2.5684 171.0308 3.1440 135.5968 2.5308 48.9062 2.5144 26.0437 2.5496 135.5728 2.4977 170.4460 3.6157
2233 -7.2615 4.9637 118.5147 2.3967 64.6227 2.5504 107.9373 2.3749 170.8993 2.7155 136.6610 2.4139 48.3874 2.4933 26.1061 2.4736 135.5550 2.4321 170.7291 3.6183
2234 -7.4701 5.5254 118.0379 2.4892 66.1304 2.3758 107.0747 2.5778 170.9104 2.4830 137.7309 2.5156 48.4302 2.5296 26.4842 2.4778 135.7269 2.3980 170.7338 3.6397
2235 -7.6694 5.6567 117.2497 2.5236 67.4925 2.3382 106.4669 2.5476 170.8933 2.3573 139.2054 2.4346 48.7902 2.5430 26.4732 2.4245 136.1983 2.5005 170.8640 3.6963
2236 -7.7771 5.8639 116.0432 2.5061 68.8845 2.4204 105.3923 2.4086 171.1312 2.4003 140.6104 2.3548 49.2891 2.4564 27.1337 2.4238 136.9194 2.4526 170.8636 3.2626
2237 -8.0700 6.0718 115.1845 2.4649 70.0393 2.2505 104.8433 2.5455 170.8741 2.2695 141.8566 2.4004 49.9461 2.4775 27.0961 2.5318 137.3573 2.3718 170.7307 3.0194
2238 -8.5731 6.1367 114.1253 2.4095 70.9054 2.4033 103.5513 2.4637 170.8368 1.8409 143.0089 2.5410 50.3013 2.5757 27.8902 2.3795 138.4046 2.4244 170.9668 3.2906
2239 -8.9810 5.7839 113.1021 2.5275 72.1593 2.4550 103.2020 2.5578 170.5563 1.5493 144.3213 2.5845 49.8772 2.5619 28.3265 2.3946 139.1528 2.3971 170.7147 3.5510
2240 -8.7810 5.5201 112.1004 2.4916 73.4857 2.4580 102.5404 2.4384 170.3605 1.4624 145.8378 2.3343 49.9787 2.4246 28.7278 2.5720 140.0936 2.6134 170.8066 3.9033
2241 -8.7673 5.2990 111.3204 2.4898 74.8270 2.6392 102.2132 2.5089 170.1386 1.5743 147.2614 2.5196 50.1558 2.4739 29.9822 2.5650 141.1058 2.4681 170.6370 3.6185
2242 -8.6288 5.1496 110.3735 2.4533 76.0500 2.5862 101.7923 2.3904 170.1221 1.4778 148.9554 2.4022 50.5046 2.5753 31.0084 2.4162 142.4732 2.2564 170.5661 3.7912
2243 -8.6444 5.3756 109.4625 2.5704 77.7373 2.4937 101.7147 2.4887 170.3197 1.9382 150.4433 2.3069 51.0849 2.3802 32.2426 2.4563 143.9337 2.3922 170.5410 3.7749
2244 -8.3700 5.1373 108.7083 2.3745 79.0913 2.5405 101.4632 2.5403 169.9585 1.7427 151.6976 2.6315 51.0219 2.4795 33.4705 2.5188 145.2053 2.4965 170.1649 3.7310
2245 -8.3420 5.3218 107.9960 2.5436 80.3831 2.7513 101.1451 2.4722 170.0358 1.7657 153.1040 2.5238 51.1737 2.5197 34.9918 2.5723 146.5364 2.5706 169.9584 3.5934
2246 -8.1954 4.7756 107.5860 2.4567 81.9487 2.5812 101.2925 2.5236 169.9327 1.6102 154.4243 2.4369 51.7991 2.5600 36.1282 2.4443 147.8130 2.7262 169.5863 3.3592
2247 -7.9828 4.3722 106.8755 2.4348 83.5034 2.3692 101.2453 2.5121 170.1089 1.2865 155.8565 2.0469 52.4060 2.4598 37.3109 2.4021 149.2348 2.4082 169.1456 3.6528
2248 -7.7342 3.7218 106.3944 2.4030 84.8132 2.2024 101.8511 2.5545 169.9396 1.2950 156.8915 2.0116 52.5372 2.5172 38.7125 2.4435 150.4558 2.3901 168.7184 3.8153
2249 -7.5899 3.2259 105.9537 2.5568 86.3311 2.4970 102.2654 2.5260 170.1791 1.1458 158.2106 1.7591 52.4165 2.5587 39.8637 2.2859 152.3587 2.3572 168.4772 3.9433
2250 -7.8631 2.9623 105.2533 2.5246 87.5483 2.5351 102.7232 2.5181 170.5599 0.7907 159.3221 1.5753 52.2255 2.5110 41.0423 2.2363 153.6692 2.5199 168.4096 3.8993
2251 -7.7522 2.8600 104.7368 2.5458 88.1319 2.6183 103.0204 2.5794 170.9399 0.7956 160.3244 1.1320 51.8757 2.5093 42.2848 2.5365 155.0169 2.5192 168.2907 3.8737
2252 -7.7857 2.5908 104.6896 2.6367 89.0765 2.5458 104.1886 2.5921 170.8307 1.0062 161.0030 0.9747 51.5247 2.5243 43.6645 2.5056 156.3289 2.8144 167.9245 3.7200
2253 -8.3540 2.2379 104.6427 2.4939 90.1594 2.5715 104.2912 2.4703 170.8659 1.4896 161.8643 0.3988 50.9180 2.5565 45.0709 2.4467 157.4459 2.9066 167.2763 3.8057
2254 -9.0740 2.4839 104.6922 2.5047 90.6378 2.5500 104.9158 2.4791 170.7204 2.0700 162.5501 0.2513 50.6549 2.4610 46.5631 2.5430 158.3777 3.1378 166.9137 3.7343
2255 -9.0712 2.3374 105.1287 2.5280 91.3755 2.4794 105.6099 2.5318 170.8483 2.2230 163.2166 0.0804 50.1804 2.4075 47.6191 2.6581 159.7203 3.3305 166.6589 3.6737
2256 -9.2512 1.9941 105.2262 2.5754 92.1475 2.4248 106.2679 2.4054 170.9036 2.2312 163.8238 0.1654 49.0316 2.4737 48.9108 2.3514 160.8539 3.6007 166.4828 3.4656
2257 -8.8212 1.5001 106.2888 2.5270 92.4872 2.4982 106.6132 2.4778 171.2092 2.4265 164.1895 -0.0034 48.3702 2.4904 49.8338 2.4081 161.4060 4.0197 166.1587 2.8727
2258 -7.9501 1.2240 107.0723 2.3950 92.4527 2.3998 107.4873 2.5684 170.9055 2.5843 164.8681 -0.1107 47.2414 2.5632 51.2886 2.6489 161.8490 4.3901 166.3112 2.7901
2259 -8.5483 1.0678 107.7724 2.4633 92.0438 2.3730 107.8471 2.4149 171.1800 3.2074 165.4436 -0.3272 46.1992 2.3968 52.8642 2.5076 162.6931 4.6521 166.2649 2.4945
2260 -8.7149 0.8917 108.8318 2.7518 92.6138 2.4709 108.3443 2.4836 171.2315 3.8756 165.8082 -0.5659 44.8362 2.3057 54.2170 2.4432 163.3004 4.7400 166.5865 2.1658
2261 -8.6532 0.9948 109.4280 2.6525 92.0994 2.5128 108.6944 2.5035 171.0645 3.6679 166.2765 -0.3622 43.7733 2.5418 55.7082 2.5756 163.3928 4.4665 166.2904 1.9548
2262 -8.3821 0.5199 110.7916 2.4159 91.4173 2.5141 109.1494 2.5144 171.1361 3.5687 166.3539 -0.2419 42.0039 2.5016 56.8223 2.4625 163.7271 4.4667 166.7032 1.2499
2263 -7.8881 0.1603 112.1347 2.3557 90.9936 2.4978 109.0561 2.5134 171.3886 3.7780 166.7002 -0.1796 40.4685 2.3953 58.1305 2.4216 164.5236 3.9971 166.8644 1.0546
2264 -7.6407 0.0427 113.4394 2.4795 90.9687 2.5578 109.0139 2.4622 171.2541 4.3363 166.9320 0.2144 38.7765 2.5393 59.1139 2.6529 164.8530 4.0077 167.1198 0.7727
2265 -7.3178 -0.0981 114.6842 2.5454 90.6894 2.4469 108.9031 2.4352 171.2645 4.7511 166.9610 0.4143 37.5810 2.3203 60.6044 2.5302 164.8297 4.1963 167.4087 0.3992
2266 -6.8660 0.0538 116.1390 2.3959 90.2815 2.5950 109.1994 2.5720 171.3194 4.4407 166.5608 0.3506 36.6767 2.3797 61.7405 2.5052 164.4209 4.2518 167.4805 -0.0445
2267 -6.8068 0.0717 117.2248 2.6080 90.1445 2.5014 108.9007 2.4910 171.3321 4.6701 166.2169 0.3420 35.3499 2.6433 63.3930 2.4140 164.1795 4.3285 167.9541 -0.0960
2268 -6.3119 0.0830 118.4802 2.5573 90.1557 2.5551 108.2340 2.4345 171.3599 4.7045 166.0033 0.4949 34.9640 2.6352 64.8692 2.7328 163.8657 4.3189 168.0266 -0.2028
2269 -6.1760 0.3203 119.3004 2.5763 89.4601 2.5934 107.7846 2.5254 171.1748 4.4639 165.4483 0.2403 33.7859 2.5038 66.2810 2.5111 163.4607 4.2031 168.2469 -0.1667
2270 -5.3367 0.5643 120.5796 2.4715 88.7941 2.5796 107.4136 2.5314 170.9833 4.3499 164.4625 0.2610 32.8068 2.5887 67.5989 2.6124 162.6716 4.1307 168.4716 -0.4067
2271 -4.8571 0.7862 121.6612 2.5255 88.5962 2.5930 106.6330 2.5315 170.7867 4.6122 163.5722 0.5404 32.2061 2.4664 68.6050 2.6640 162.1430 3.9601 168.8049 -0.7948
2272 -4.0098 1.0050 122.6068 2.4874 87.9916 2.5012 105.2579 2.3849 170.6104 4.3665 162.4251 0.6241 31.6735 2.3703 69.8851 2.4110 161.4984 4.0670 168.7007 -1.0791
2273 -3.5685 1.0403 123.8405 2.4812 87.5220 2.4870 103.6674 2.3365 170.4942 4.1634 161.8941 0.7148 31.2781 2.4497 71.2699 2.5244 160.4523 4.1832 169.5099 -0.8716
2274 -2.9035 0.8969 125.4584 2.5368 87.2390 2.4244 102.5699 2.5823 170.6029 4.6672 160.6354 0.8062 30.9983 2.3505 72.8161 2.5501 159.6227 3.8798 169.8810 -0.8945
2275 -2.0646 1.4079 126.6930 2.4704 87.6169 2.5394 101.3369 2.4677 170.5415 4.8006 159.3564 0.7563 30.5516 2.4499 74.3991 2.5853 158.4902 3.9683 169.8535 -0.7385
2276 -1.2413 1.3340 127.8849 2.4198 88.0900 2.5077 100.3759 2.6191 169.9196 4.7954 158.0653 1.0443 30.4581 2.4610 75.6844 2.5853 157.7437 3.9574 169.9444 -0.3979
2277 -0.3898 1.3986 129.2257 2.5930 88.1714 2.5274 98.9386 2.4124 169.7832 4.3319 157.0862 1.1332 30.2730 2.5630 76.9539 2.4269 156.5506 3.6415 169.9286 0.0153
2278 0.4343 1.4875 130.5667 2.3788 88.2588 2.4078 98.1040 2.3342 170.0043 4.2710 156.0567 1.2392 30.1081 2.5092 78.3989 2.2386 155.8211 3.7037 170.0508 0.1009
2279 1.5905 1.6505 131.8738 2.4986 88.8047 2.4940 97.2490 2.4257 169.8108 4.0403 154.8804 1.4315 30.2436 2.5239 79.7051 2.4010 154.9696 3.5925 170.0114 0.1673
2280 2.4313 1.8326 132.9090 2.5076 88.9162 2.4241 96.4295 2.4935 169.7601 3.5284 153.6270 2.0645 30.4617 2.4155 80.9903 2.5178 154.3387 3.3448 170.1176 0.7070
2281 3.3182 1.4626 134.1391 2.6367 89.5303 2.3599 95.5755 2.6960 169.6811 3.1469 152.0401 2.1985 30.5897 2.5117 82.4899 2.6190 153.7151 3.5124 170.5262 0.9590
2282 4.1491 1.5615 135.4129 2.5699 90.1251 2.5012 95.0336 2.6203 169.6855 3.2531 150.4900 2.3890 31.3015 2.4723 84.3508 2.4190 153.4711 3.2630 170.5010 1.2032
2283 5.1428 1.4522 136.2693 2.6111 90.9737 2.6400 94.6773 2.4274 169.6963 3.3146 149.0486 2.3696 31.7847 2.6127 85.4419 2.4016 152.9359 3.1127 170.4432 1.8550
2284 5.7264 1.6941 137.3487 2.3470 91.4672 2.5187 94.3809 2.5836 169.8642 3.4606 147.7506 2.5618 32.5741 2.3578 86.9111 2.3643 152.4455 2.9990 170.3070 1.4421
2285 6.9143 1.6531 138.7663 2.2953 92.3009 2.6020 94.0203 2.5202 169.6448 3.6341 146.3188 2.6667 33.7668 2.5017 88.0398 2.5712 152.1823 2.7208 169.9082 1.3982
2286 8.0703 1.9065 139.8896 2.4190 93.1617 2.4247 93.0751 2.4884 169.8316 4.2267 144.9416 2.3596 34.4522 2.5356 89.4859 2.5802 151.9474 2.7145 170.2259 1.4869
2287 9.4684 1.8273 141.2625 2.5236 93.9219 2.5202 93.3108 2.5148 169.8824 4.9021 143.5168 2.4666 35.4097 2.5161 90.8505 2.5284 151.9627 2.5663 170.3797 1.7584
2288 10.9813 1.8824 142.3100 2.5570 95.0649 2.4541 93.3509 2.5120 169.0842 4.9883 142.2465 2.6396 36.3828 2.4383 91.8262 2.4287 151.8202 2.5371 170.3020 1.4782
2289 12.3056 2.1427 143.6764 2.4302 96.2120 2.6508 93.3878 2.5110 168.9977 4.9869 140.9312 2.5124 37.7046 2.4079 93.5558 2.4797 151.7046 2.5047 170.1495 1.6707
2290 13.5633 2.3388 144.7722 2.5209 96.6071 2.4269 93.3180 2.5142 168.9149 5.1518 139.6900 2.5737 38.6714 2.3793 94.9547 2.3662 151.7301 2.4386 169.9730 1.8669
2291 14.5996 2.5326 145.5621 2.5759 97.0253 2.6190 93.4118 2.4816 168.6862 5.4468 138.4491 2.5354 39.0414 2.6276 96.6828 2.3895 151.5974 2.4513 169.9163 1.8588
2292 15.6654 2.6816 146.3354 2.5386 97.5441 2.6109 93.8509 2.3989 168.2797 5.4628 137.0034 2.3481 40.0398 2.6382 97.8241 2.5355 152.2632 2.4671 170.3911 1.9843
2293 16.8150 2.4784 146.8954 2.4282 97.7543 2.5580 94.8179 2.6063 168.0804 5.3373 135.3981 2.5093 40.7977 2.6430 98.9497 2.5767 152.9453 2.5706 170.2771 2.1320
2294 18.3857 2.3337 147.5071 2.5984 98.1399 2.5687 95.6208 2.6340 168.1956 5.4360 134.3174 2.5253 41.0604 2.5644 100.3676 2.7210 153.7802 2.3541 170.4572 2.3286
2295 19.5755 2.1387 148.3431 2.5465 98.7145 2.5018 96.4522 2.5018 168.5838 5.8693 133.2638 2.6016 41.4469 2.5000 101.8725 2.4815 154.0592 2.2314 170.7225 2.4821
2296 20.4410 2.3575 148.4913 2.5293 98.6218 2.4084 97.2313 2.4312 168.3359 6.0679 131.9734 2.5378 41.2792 2.5027 103.5825 2.3108 154.9655 2.4833 170.4296 2.7552
2297 21.8360 2.5290 148.6588 2.5940 98.7559 2.4071 98.0976 2.5317 168.1306 5.8920 131.3262 2.5265 41.5114 2.4820 104.9164 2.4767 155.8024 2.5909 170.1613 3.2657
2298 23.4788 2.4679 148.7754 2.4876 98.6291 2.5054 98.7383 2.4391 168.4054 5.8918 130.6257 2.5183 41.5339 2.5194 105.9047 2.3689 156.8221 2.6077 170.6120 3.3092
2299 24.4117 2.3826 148.9713 2.5750 98.1434 2.5231 99.9540 2.3441 168.1035 5.7736 129.7454 2.5624 41.4967 2.4419 107.1772 2.4514 157.6382 2.8048 170.9033 3.4583
2300 25.7128 2.4295 149.0629 2.4911 97.7999 2.5109 101.1561 2.6232 167.8415 5.8400 129.3258 2.5218 41.8519 2.5416 108.2663 2.4313 159.2536 3.0820 171.0975 3.5282
2301 27.1929 2.4772 148.8787 2.5106 97.4572 2.3768 102.5759 2.3904 167.6823 5.4319 129.2139 2.3848 42.0056 2.5257 110.0227 2.5349 160.0957 3.2748 171.1537 3.4531
2302 28.5122 2.3847 148.7312 2.5420 96.6525 2.5120 104.0515 2.5184 167.6962 5.7588 129.1844 2.4347 41.7966 2.5018 111.5082 2.5314 161.0768 3.8462 170.9262 3.6435
2303 29.7286 2.4645 148.8061 2.5502 96.0814 2.6533 105.2580 2.4421 167.5257 5.9136 129.0466 2.4628 41.3425 2.3694 112.7937 2.4583 162.1810 3.7499 170.9025 4.1687
2304 30.9620 2.3446 148.8536 2.4929 95.5498 2.4881 106.3711 2.4268 167.8449 5.6349 128.9956 2.4964 40.5249 2.3601 114.6279 2.3941 162.7355 3.9322 171.2228 4.3006
2305 31.9797 2.3815 148.6808 2.5118 94.9379 2.3999 107.7256 2.2945 168.1828 5.3297 128.7861 2.4839 39.5511 2.5380 116.3168 2.4219 163.7562 3.8382 170.8432 4.3436
2306 33.2428 2.4878 148.2008 2.5249 94.0945 2.5280 109.2358 2.4031 168.2387 4.8336 128.8512 2.4846 38.2513 2.6845 117.2483 2.6163 164.5183 3.6611 170.8377 4.4561
2307 34.6620 2.5140 148.0079 2.5694 92.7823 2.5996 110.1945 2.4775 168.1324 4.5348 129.1926 2.5061 37.4710 2.5422 118.7812 2.4028 165.1152 3.6409 170.6412 4.6769
2308 36.3216 2.3603 147.4335 2.5019 91.9435 2.5741 111.7280 2.6405 167.6751 4.7501 129.1452 2.5004 37.0482 2.5824 120.1440 2.4634 166.1177 3.9551 170.8004 4.7853
2309 37.7867 2.6670 146.8660 2.6113 90.7566 2.7866 113.1141 2.6054 167.8912 4.7599 129.5345 2.4916 36.1499 2.3166 121.5560 2.5368 166.7347 4.0523 170.9300 5.0309
2310 38.9945 2.5826 146.2528 2.6753 89.3077 2.6701 114.6951 2.7195 167.8457 4.8149 130.0013 2.5205 35.0249 2.5488 123.0135 2.5750 167.7508 4.3669 170.9293 5.3070
2311 40.0088 2.4420 146.0298 2.6320 88.3462 2.4931 115.7300 2.6379 167.7897 4.5783 130.7903 2.4738 33.8380 2.5703 124.2739 2.6849 168.3346 4.2458 171.0253 5.2054
2312 41.2902 2.4655 145.4392 2.5387 87.2589 2.3043 117.5022 2.6073 167.7945 4.6882 131.1679 2.3512 32.6077 2.4799 125.5721 2.7609 168.3055 4.4040 170.6313 4.7289
2313 42.6655 2.4593 145.3303 2.5348 86.1881 2.2443 118.8674 2.5387 167.5377 4.5129 131.6156 2.5247 31.2308 2.4319 126.8464 2.6574 168.5523 4.4411 170.6291 4.5638
2314 44.3468 2.5089 145.3101 2.5611 85.3919 2.4230 120.2559 2.3521 167.7340 4.5879 132.6172 2.4395 29.7230 2.6880 127.7282 2.4036 168.5339 4.5885 170.4695 4.4695
2315 45.2073 2.5270 145.0427 2.5185 84.3689 2.6157 121.6257 2.3741 167.4034 4.8198 133.4884 2.6209 28.3383 2.6248 129.1720 2.5266 168.7095 4.9232 170.2711 4.1157
2316 46.4331 2.5086 144.7311 2.4267 83.7095 2.6277 122.9698 2.6786 167.3510 4.9714 134.6650 2.3973 26.8372 2.5800 130.3915 2.3903 169.0500 5.2262 170.4165 3.9114
2317 47.9219 2.5062 144.4760 2.5010 83.1146 2.4698 124.2890 2.4960 167.6767 4.7315 136.0497 2.4917 25.6917 2.6777 131.6978 2.4057 168.9641 4.9451 170.2119 3.7550
2318 48.9826 2.6018 144.8841 2.5121 82.5380 2.4990 125.8259 2.5581 167.7633 5.0772 137.3658 2.6476 24.4809 2.5310 133.0250 2.4640 168.7919 4.7926 170.1180 3.9828
2319 50.4899 2.4521 145.1140 2.4858 81.8258 2.5267 127.2952 2.4918 167.5520 4.9455 138.7399 2.5169 22.9597 2.5844 134.4930 2.5783 168.8978 4.7822 169.8521 3.8653
2320 52.0175 2.3750 145.2414 2.4882 81.7305 2.3465 128.5393 2.4935 167.9647 5.3937 140.1224 2.7720 21.7518 2.7624 135.9405 2.5758 168.6845 4.9547 169.8233 3.7821
2321 53.5063 2.2891 145.7070 2.4140 81.6027 2.4470 129.5450 2.3889 168.6321 5.5144 141.6846 2.5115 20.2502 2.5159 137.1078 2.5940 168.5087 5.3632 169.9428 4.0722
2322 54.8020 2.6312 146.1049 2.5400 81.3979 2.3705 131.0180 2.4690 168.9934 5.5937 143.0872 2.5506 18.9802 2.4719 137.6858 2.3982 168.5681 5.2943 170.2589 3.9504
2323 56.1916 2.5835 146.5959 2.3920 81.6225 2.5043 132.5993 2.5828 169.3965 5.3176 144.5521 2.6409 17.7346 2.5103 139.2415 2.4043 168.5012 5.3988 170.2211 3.6952
2324 57.4092 2.5676 147.1462 2.5133 81.4163 2.4727 134.2354 2.5026 169.8938 5.4774 145.9763 2.5635 16.5241 2.5862 140.0700 2.4864 167.9827 4.9003 170.2791 3.5314
2325 58.8028 2.4166 147.9561 2.3633 81.6300 2.5451 135.5544 2.3604 170.2922 5.1807 147.3432 2.4760 14.9395 2.3723 141.2966 2.6893 167.4676 4.5002 170.7106 3.0571
2326 60.3271 2.5334 149.0920 2.2860 81.7317 2.6028 136.6057 2.5575 170.6877 5.0042 148.6215 2.2364 13.5245 2.2475 142.2537 2.5107 167.3374 4.5510 170.4143 2.3741
2327 61.9543 2.3791 149.7005 2.0661 81.7617 2.5710 138.4836 2.6126 170.6762 5.0993 150.0457 2.1640 11.9412 2.3410 143.2459 2.6001 166.7120 4.3225 170.3265 2.1788
2328 62.9072 2.4134 150.6148 1.9200 82.4597 2.5540 140.0728 2.5831 170.5805 5.0684 151.3701 2.3710 11.0490 1.9642 144.0550 2.5011 166.2568 4.3479 169.7171 1.5754
2329 64.1784 2.5723 151.6231 1.7043 82.8008 2.5304 141.5145 2.3107 170.7321 5.1877 152.9364 2.3527 9.9586 1.8552 144.5041 2.3956 165.5089 4.1776 169.5279 1.2882
2330 65.4404 2.6281 152.9717 1.9135 83.0628 2.5703 143.0137 2.5207 170.1382 5.3015 153.9352 2.3947 8.6568 1.5246 144.9076 2.5292 164.8065 4.0239 169.2590 1.3224
2331 66.8575 2.6080 154.4853 1.5483 83.6779 2.5352 144.4239 2.2300 169.7064 5.3847 155.2964 2.5408 7.3930 1.3163 145.3251 2.5456 164.3674 3.8823 168.8147 1.3272
2332 68.0731 2.3935 155.5461 1.1842 84.5024 2.4247 145.7337 2.6882 169.6819 5.2772 156.3939 2.4093 5.9297 0.9843 145.5665 2.5931 163.4751 4.1701 168.5477 1.3541
2333 69.7931 2.5571 156.9110 0.8839 85.6195 2.4054 147.2191 2.4213 169.4258 5.0882 157.2781 2.5705 4.4796 0.8840 145.6890 2.6521 162.5387 3.7920 167.8003 1.0554
2334 70.9456 2.5967 157.7940 0.6335 86.4088 2.3555 148.5639 2.4136 169.6671 4.5229 158.0899 2.6428 3.3286 0.9488 145.7044 2.4600 161.4664 3.4654 167.2712 1.1619
2335 72.0689 2.4963 158.6982 0.7592 87.6070 2.6082 149.8326 2.4676 169.5806 4.4979 158.9870 2.8176 2.0982 1.1283 145.4068 2.5096 160.5042 3.0017 166.6739 1.3696
2336 73.6322 2.3962 159.4198 0.6201 88.5274 2.5775 151.1460 2.3925 169.7972 4.1152 159.7886 2.9302 0.8781 1.1639 145.2142 2.4941 159.3735 2.8972 166.0889 1.1045
2337 75.2866 2.4543 160.4780 0.8546 89.6397 2.5027 152.4132 2.2282 169.8959 3.6130 160.4520 3.4398 -0.4122 1.2268 144.9887 2.5685 158.4839 2.7392 165.3044 0.9513
2338 76.6829 2.5385 161.3872 0.6350 91.0168 2.3417 153.6388 2.3208 170.1532 3.5295 160.8107 3.3360 -1.7849 1.0862 145.0160 2.5326 157.6521 2.7878 164.8834 0.4875
2339 78.2893 2.3675 162.2691 0.7797 92.0359 2.6455 155.1052 2.3982 170.0208 3.2045 161.7024 3.2664 -2.8509 1.2459 144.1673 2.5891 156.5981 2.2879 164.4104 0.2908
2340 79.3370 2.3638 162.9326 0.5483 93.5535 2.6862 156.2156 2.5363 170.3073 2.9888 162.2538 3.4214 -3.9125 1.2631 143.6626 2.5026 155.9516 2.2637 163.5857 0.6759
2341 80.5464 2.3968 164.0381 0.7559 94.5212 2.5581 157.2096 2.5002 170.3151 2.6560 162.7980 3.4486 -4.8326 1.2276 143.1164 2.4301 154.8488 2.0347 162.7988 0.7050
2342 81.9109 2.5653 164.6510 0.3701 95.9351 2.3683 158.1115 2.6245 170.6772 2.4157 163.2683 3.6033 -5.7216 1.3152 142.5901 2.6387 154.0191 1.8153 161.9306 1.0995
2343 82.7771 2.6057 165.6906 0.3722 97.3435 2.4341 158.9162 2.7848 171.1142 2.4769 163.4373 3.7119 -6.4591 1.2527 142.0480 2.3835 152.7068 1.9723 161.2629 1.5981
2344 84.0977 2.3884 166.2999 0.3990 98.5262 2.4999 159.7964 2.9979 171.2046 2.5308 164.1000 3.7812 -6.6308 1.1732 140.9565 2.4500 151.5050 1.8679 160.0844 1.3665
2345 85.8718 2.5512 167.1442 0.2463 100.1898 2.5707 160.5343 2.7239 171.0837 2.5633 164.4413 3.9865 -7.1965 1.4945 140.0339 2.3299 149.8165 2.5392 158.8743 1.5061
2346 87.3779 2.4870 167.8474 0.1295 101.0246 2.3743 161.1517 2.8852 171.0029 2.4463 164.6873 4.2589 -7.3222 1.5277 138.6300 2.4826 148.7250 2.6502 157.5903 1.9468
2347 88.5573 2.6056 168.5930 0.1427 102.3068 2.4970 162.1236 2.9317 171.2314 2.3026 164.7476 4.0195 -7.7325 1.6425 137.5365 2.2729 147.0904 2.4429 156.3526 2.0105
2348 89.5003 2.4118 169.2440 0.0346 103.5353 2.3927 162.3321 2.5768 171.5577 2.5008 164.8875 3.9220 -7.9849 1.8546 136.2697 2.4299 145.4161 2.5825 155.1120 2.4297
2349 90.7268 2.5158 169.7103 0.2975 104.9371 2.2919 163.1442 2.5327 171.5272 1.9836 165.0254 3.9118 -8.5053 1.9529 134.7738 2.3614 143.9033 2.5289 154.5727 2.3233
2350 91.8297 2.4884 170.2106 0.0497 105.6285 2.6167 164.0220 2.4866 170.7412 1.7270 165.2365 4.1890 -8.6682 2.0960 133.3481 2.3592 142.5161 2.7294 153.6413 2.5338
2351 93.0361 2.4874 170.5611 -0.0168 106.8489 2.4127 164.3797 1.9697 170.8237 1.1237 165.1924 4.4943 -9.0644 1.9780 132.4497 2.4998 141.2601 2.2266 152.9810 2.4903
2352 93.8029 2.4581 171.0043 0.4740 108.0399 2.5582 164.6431 1.9927 170.9108 0.8095 165.2535 4.6170 -9.1307 1.8062 130.7660 2.3199 139.7434 2.3619 151.8193 2.5933
2353 94.7143 2.3648 171.1184 0.2095 109.2692 2.5626 164.9249 1.7228 170.8792 0.6229 164.9037 4.6025 -9.3055 1.9286 129.6344 2.4996 138.3650 2.4781 150.3916 2.8950
2354 95.5291 2.3376 171.0575 0.6083 110.4475 2.6648 165.3516 1.8547 170.9128 0.5832 165.0848 4.4290 -9.3847 2.3522 128.2640 2.5054 136.9692 2.7189 149.0123 2.6447
2355 96.0586 2.5618 171.1260 0.9125 111.4591 2.5826 165.5718 2.0650 170.9806 0.4732 165.2575 4.1448 -9.2486 2.4540 126.5798 2.5022 135.7263 2.4626 147.7681 2.6425
2356 96.2844 2.4224 171.0714 1.1954 112.4983 2.5450 165.8871 2.2382 171.0602 0.7684 165.5755 3.8075 -8.8848 2.4740 125.1825 2.6432 134.0224 2.2737 146.3768 2.3391
2357 96.7386 2.4031 171.0249 1.1374 113.4887 2.5936 165.8412 2.3341 171.2020 0.9707 165.7854 3.4639 -8.7909 2.0881 123.9313 2.3578 132.5914 2.5280 145.0553 2.4001
2358 96.9171 2.4373 170.7548 0.9599 114.5305 2.5262 165.8938 2.1149 171.0622 0.9978 166.1977 3.1358 -8.6458 2.4844 122.1660 2.4415 131.1769 2.4387 143.6215 2.5570
2359 96.9531 2.4840 170.1395 0.9675 115.1862 2.3781 165.9052 2.2073 170.8119 1.3629 166.4780 2.6407 -8.6323 2.6735 120.6442 2.6553 129.6953 2.4877 141.8430 2.6126
2360 96.7751 2.5018 169.9406 0.7086 115.4791 2.5602 165.6878 2.3053 170.9271 1.4342 166.7999 2.3458 -8.3942 2.6049 119.3545 2.5507 128.5594 2.5199 140.5751 2.4336
2361 96.7624 2.5093 169.6414 0.9038 116.1320 2.5092 165.9754 2.1087 170.4698 2.0242 166.8825 2.0070 -8.0505 2.8360 118.4666 2.5023 127.6704 2.5244 139.0679 2.4654
2362 96.6192 2.4355 169.5820 0.6417 116.3704 2.5190 166.2918 1.9081 170.2781 2.4766 166.9874 1.6556 -8.0559 2.5460 117.3326 2.4087 126.3111 2.5983 137.8125 2.2948
2363 96.4491 2.5510 169.3056 0.6162 116.4820 2.4682 166.5846 1.4120 169.9672 3.1777 166.7697 1.4186 -7.8481 2.2803 115.6739 2.4251 124.8508 2.5878 136.2997 2.5774
2364 96.3696 2.5276 169.4301 0.5523 116.7162 2.4674 166.8568 1.1828 169.7499 3.0670 166.5219 1.0827 -7.7611 1.8337 114.3264 2.6140 123.9736 2.4075 135.2107 2.5884
2365 96.2526 2.3876 169.4033 0.2959 116.9711 2.5049 167.0326 0.9946 169.2837 3.0147 166.2623 0.7575 -7.3095 1.2667 113.0135 2.4422 122.7631 2.6758 133.9634 2.5782
2366 95.7119 2.4032 169.5126 0.3841 116.9195 2.5106 167.0640 0.7164 169.3700 3.3341 166.3409 0.4075 -7.2529 1.3911 111.8938 2.5372 121.4423 2.4412 132.3028 2.5190
2367 95.0613 2.5410 169.8131 0.3387 117.0963 2.4499 167.1360 0.4499 169.2739 3.0313 166.3444 0.0175 -7.0511 1.0030 110.5172 2.4817 119.8939 2.5084 130.9093 2.6183
2368 94.5165 2.4288 170.2970 0.3113 117.0989 2.4453 167.4534 0.0487 168.7274 3.2605 166.4591 0.2790 -6.8270 0.4767 109.4976 2.3784 118.5329 2.4487 129.5283 2.3758
2369 93.8293 2.4740 170.0546 0.2784 117.0665 2.4401 167.7807 0.0257 168.9009 2.8583 166.0253 -0.2249 -6.7886 0.0243 108.4559 2.5132 117.3579 2.4859 128.4428 2.4912
2370 92.8279 2.6119 170.4315 0.2272 116.9306 2.6033 167.9164 0.2755 169.0048 2.6202 166.1183 -0.0332 -6.5793 -0.5455 107.8760 2.3861 116.3705 2.5822 127.4952 2.3789
2371 91.8186 2.4259 170.4406 0.3400 116.6210 2.4397 168.0281 0.1833 168.7312 2.2841 166.0469 0.1122 -6.2873 -0.4841 107.0513 2.5603 115.1541 2.3223 126.7980 2.4951
2372 90.7143 2.4106 170.2744 0.5598 116.0333 2.5269 167.9454 0.1264 168.5204 2.6501 166.0989 0.0561 -6.0173 -0.4154 105.9877 2.5582 114.2080 2.4468 125.7086 2.6475
2373 89.8666 2.5409 169.6498 0.5310 115.0503 2.4667 167.7074 0.2119 168.8845 2.2533 166.2070 -0.0347 -5.9658 -0.1484 105.3569 2.4982 113.2257 2.5042 124.9862 2.5264
2374 88.5391 2.2907 170.0210 1.1358 114.3230 2.4450 167.6710 0.8546 169.2262 2.2887 165.7474 0.1469 -6.0501 -0.6531 105.0177 2.4994 112.2440 2.4999 124.2314 2.4962
2375 87.9589 2.5157 169.8168 1.4322 113.5962 2.4291 167.6288 1.3183 169.4301 2.6725 165.7275 0.0805 -6.2970 -0.7734 104.6637 2.4538 111.6304 2.5183 123.7655 2.3786
2376 87.0777 2.6907 169.9025 1.8745 112.5145 2.3429 167.9294 1.2264 169.5689 2.8232 165.6262 0.1702 -6.2042 -0.6820 104.4088 2.4482 110.9868 2.5775 123.4920 2.4541
2377 86.5821 2.6485 169.5556 2.0878 111.1103 2.4490 167.9142 1.3882 169.6271 2.8617 165.4635 0.4624 -6.7117 -0.6777 104.0692 2.5301 110.1313 2.5356 123.8090 2.4573
2378 85.8611 2.6343 169.1365 2.5364 109.9336 2.6915 167.8880 1.5677 169.3000 3.0953 165.2398 0.7898 -7.0253 -0.5693 104.1047 2.5139 109.4942 2.5050 123.4966 2.5163
2379 85.1117 2.5832 169.0365 2.6802 108.6266 2.3749 167.9011 2.0051 169.5060 3.4718 164.8792 0.5890 -6.9681 -1.1092 104.4021 2.5101 108.9096 2.4431 123.6169 2.4273
2380 84.7392 2.5325 168.8230 3.1241 107.3490 2.4383 167.9605 1.8224 169.9779 3.7441 164.9836 0.6309 -6.8551 -0.9262 104.6922 2.6085 108.4132 2.5445 124.0526 2.4038
2381 84.9043 2.4509 168.7513 3.4413 105.7488 2.5519 167.9142 2.0801 169.8922 3.9870 164.9329 1.0259 -7.0539 -1.2350 104.6089 2.5352 108.3875 2.5450 124.2007 2.4331
2382 84.7476 2.6014 168.6221 3.3819 104.2835 2.6590 168.2578 2.0608 169.2267 4.4792 164.8902 1.1030 -7.0070 -0.8755 105.1849 2.5088 108.1733 2.4956 124.5667 2.3560
2383 84.7494 2.5944 168.2268 3.5031 103.2246 2.6519 168.4391 2.5301 168.8349 4.7733 164.9238 1.0552 -7.3720 -0.8512 105.6700 2.5087 108.6185 2.5845 124.5812 2.4104
2384 84.7851 2.4071 168.1772 3.5163 102.0411 2.6397 168.7717 2.8756 168.8275 4.7210 164.7154 0.8787 -7.4971 -0.5217 105.6576 2.4805 108.8896 2.5164 125.3990 2.3476
2385 84.8093 2.4676 167.8236 3.5309 100.9038 2.5294 169.0317 3.1393 168.3895 4.9199 164.5900 1.2306 -7.6181 -0.5962 106.2684 2.4365 109.1710 2.5118 125.7418 2.4786
2386 85.4507 2.6120 167.5806 3.6842 99.6129 2.5295 169.5776 3.0644 168.2517 4.8026 164.3406 0.9801 -7.6477 -0.3238 106.5079 2.5636 109.0992 2.5399 126.5317 2.4789
2387 85.8298 2.6081 167.2360 3.6307 98.3069 2.7332 169.9334 2.9961 168.6946 4.6900 164.3924 1.4598 -7.9002 -0.0739 106.5748 2.5282 109.2764 2.5121 127.6526 2.2063
2388 86.4708 2.5829 167.0523 3.4826 96.4471 2.4753 170.0390 2.6152 168.6273 4.9295 164.5713 1.4986 -8.1404 0.1764 107.0882 2.4646 109.7751 2.4837 128.7663 2.3822
2389 87.1559 2.5868 167.6319 3.6985 94.7561 2.4932 170.2733 2.8909 168.6264 5.1186 164.7031 1.4001 -7.9746 0.3059 107.3818 2.5025 110.5930 2.4260 130.0385 2.4458
2390 87.6761 2.4573 167.4077 3.8033 93.3819 2.5905 170.5730 3.2629 168.7516 5.3217 164.8091 1.5316 -8.2117 0.3987 108.0711 2.5509 111.1001 2.4729 131.4324 2.3760
2391 88.4867 2.5227 167.4888 3.6680 91.7119 2.4414 170.4805 3.1846 169.2909 5.5878 164.3964 1.2782 -8.6136 0.5957 108.4434 2.6069 111.9074 2.6793 132.3560 2.3217
2392 89.6696 2.5753 167.5368 3.5982 90.3542 2.4370 170.6281 3.3386 169.7389 5.2972 164.6674 1.4321 -8.5842 0.1578 108.6511 2.5108 112.1559 2.5710 133.8517 2.4968
2393 90.9490 2.4669 167.4160 3.7163 88.8331 2.5385 170.7117 3.6276 170.0676 5.4169 164.7398 1.2775 -8.4978 0.0581 109.0345 2.5662 113.7498 2.6604 135.1553 2.5286
2394 91.7602 2.4067 167.6939 3.2889 87.2099 2.4315 170.8918 3.3476 170.0952 5.3451 165.0607 0.7336 -8.4160 0.1097 109.2475 2.5353 115.0436 2.5351 136.6151 2.5909
2395 93.2689 2.4719 168.0413 3.2426 85.4057 2.2823 170.8238 3.5186 170.0461 5.0306 165.3962 0.6316 -8.6224 0.0452 109.0069 2.5007 116.4153 2.5304 137.8166 2.5908
2396 94.1859 2.6023 168.7524 2.8955 84.2089 2.5156 170.6366 3.1658 170.1394 4.8205 165.6527 0.4336 -8.7195 0.0145 109.3166 2.5067 117.9437 2.5069 139.0166 2.4769
2397 95.5007 2.3419 168.6384 2.6994 82.7535 2.4365 170.3214 3.1803 170.2666 4.7649 166.4587 0.4591 -8.4861 -0.0328 109.2077 2.4590 118.7750 2.7391 140.3112 2.5892
2398 96.7313 2.3873 168.7933 2.6290 81.5485 2.4964 170.2295 3.0092 170.4880 4.7810 166.8708 0.0382 -8.2663 0.2325 108.6143 2.5158 119.7879 2.4432 141.6145 2.3632
2399 97.9318 2.4648 168.6042 2.4189 80.2793 2.5494 170.4309 2.5329 170.5290 4.5171 167.2682 0.0996 -8.2820 0.3358 108.6289 2.6417 120.5650 2.4265 142.9295 2.3124
2400 99.4565 2.6060 168.1815 1.6694 79.3883 2.6560 170.3340 2.1258 170.2406 4.9264 167.4729 -0.0973 -7.8785 0.3907 107.5638 2.4463 121.5399 2.5548 144.2051 2.6491
2401 100.6889 2.5249 168.3495 0.8270 77.6647 2.6522 170.1504 2.2560 170.0890 4.8693 167.5672 0.0994 -8.1258 0.5609 107.0247 2.4102 122.8960 2.4629 145.0238 2.4217
2402 102.2618 2.4229 168.3164 0.4838 76.1630 2.5610 169.3988 1.9844 170.1838 4.8237 167.7638 0.3248 -8.0383 0.6252 105.9815 2.6358 123.1363 2.5924 145.5073 2.4491
2403 103.3937 2.3434 168.5235 0.0738 74.8713 2.3630 168.8540 1.7309 170.3903 4.7682 167.8938 0.2085 -7.2531 0.9832 104.9208 2.5020 124.1435 2.4727 146.4031 2.5005
2404 104.4964 2.5066 168.6961 -0.0145 73.7539 2.5452 168.7639 1.5807 170.2074 4.5720 168.4708 0.4898 -6.6281 0.5472 103.9007 2.4636 124.8094 2.5337 147.2329 2.6035
2405 105.9455 2.3701 168.8401 0.0392 72.4987 2.4718 168.4842 1.2760 170.0405 4.3341 168.7462 0.3764 -6.4761 0.8229 103.0113 2.5305 125.4192 2.5344 147.6442 2.6274
2406 107.2777 2.5633 168.7897 -0.0132 70.8340 2.3872 168.4408 1.3091 170.4015 3.3281 168.7169 0.3774 -6.6811 0.7447 101.9192 2.3471 125.9711 2.4781 148.0512 2.5556
2407 108.7958 2.3765 168.3854 0.4813 69.2617 2.4049 168.5506 1.1408 170.6989 2.7288 169.0727 0.5147 -6.4651 1.2989 100.4967 2.4332 126.2221 2.5436 148.4737 2.5055
2408 110.0868 2.5031 168.5202 0.4745 68.1994 2.4343 168.0221 1.1889 170.2383 1.9104 169.2329 0.5209 -6.2073 1.2090 99.1691 2.4080 126.6401 2.5003 149.0607 2.4399
2409 111.8783 2.5948 168.3604 0.3839 67.0738 2.4603 167.8938 1.6526 170.5429 1.9858 169.5418 0.4351 -5.9409 1.0314 98.1060 2.5233 126.8469 2.4695 149.2347 2.4312
2410 113.1066 2.5355 168.2554 0.0820 66.0204 2.5444 167.7752 1.9864 170.6941 1.6034 169.6755 0.4767 -5.6653 1.1094 96.9379 2.5684 126.5688 2.4940 149.5128 2.5383
2411 114.5070 2.4878 168.1052 0.5031 64.8745 2.5353 167.3062 2.4600 170.9647 1.4278 170.0408 0.7921 -5.6408 0.7789 95.5651 2.5845 126.6691 2.4849 149.6230 2.4793
2412 115.5621 2.5500 168.2188 0.7658 63.7881 2.3829 167.2241 2.3104 170.7719 1.2264 170.5345 1.1091 -6.0969 0.5029 94.6433 2.4520 126.6229 2.6605 149.7946 2.5953
2413 116.5528 2.6100 167.7857 0.7049 63.1895 2.4830 166.6918 2.6098 170.4815 1.3104 170.7321 1.4398 -5.8146 1.0220 93.3850 2.3552 126.1041 2.5516 150.0414 2.4874
2414 117.7732 2.6036 167.6901 0.9921 62.5363 2.5602 166.6020 2.9013 170.0638 1.6678 170.9686 1.4729 -6.0705 0.8684 91.6676 2.5789 125.6818 2.4768 149.6918 2.4916
2415 118.8675 2.4382 168.0066 1.3164 62.0901 2.4248 166.5277 3.3531 169.8123 1.6344 170.9167 1.9528 -6.3075 0.4631 90.0223 2.4183 125.0398 2.4275 149.7755 2.4833
2416 119.8067 2.2780 167.9465 1.4860 61.4293 2.4179 166.6641 3.7258 169.7712 1.8327 171.0761 2.5201 -6.3429 0.5052 88.9508 2.5450 124.1593 2.5735 149.4215 2.4462
2417 121.1253 2.5315 167.8274 1.9505 61.0281 2.5137 166.6956 4.1137 169.6830 2.2153 170.9412 2.8521 -6.4664 0.6916 87.3356 2.4867 123.1196 2.5124 149.2785 2.5415
2418 122.3627 2.4060 167.4906 2.2321 60.4939 2.4359 167.1742 4.1437 169.4848 2.5635 170.7652 2.8229 -6.2060 0.8493 85.8759 2.5342 122.3940 2.5284 149.4216 2.5043
2419 123.5662 2.6355 167.0114 2.4801 60.5473 2.5298 167.5337 4.4481 169.5390 2.4189 170.6722 3.2706 -6.6225 0.8631 84.2710 2.5564 121.6437 2.5144 149.1229 2.4911
2420 124.7420 2.6285 166.9677 2.5089 60.4544 2.4586 167.8192 4.2229 169.3620 2.5363 170.5474 3.6541 -6.9303 1.1328 83.2064 2.6108 120.8458 2.5278 149.0964 2.5176
2421 125.6692 2.5500 166.7732 2.9799 60.1085 2.5184 168.1155 4.4422 169.0675 2.4534 170.3314 3.8968 -7.2087 1.6481 81.6169 2.3757 120.0312 2.4966 149.0598 2.5033
2422 126.5038 2.5351 167.1852 3.4587 60.8022 2.5018 168.7994 4.5859 168.7738 2.1966 170.5009 4.1198 -7.4107 2.2606 80.3604 2.5253 119.2074 2.5008 148.8485 2.5124
2423 127.2379 2.4643 166.9308 4.0101 60.6929 2.5224 169.1332 4.7417 168.7679 1.9564 170.1834 4.1585 -7.6150 2.5356 79.4671 2.5219 117.9158 2.5971 148.6928 2.4874
2424 127.6359 2.5323 166.8317 4.2869 61.3400 2.4228 169.7086 4.6794 168.7794 2.0599 170.0733 4.1524 -7.6996 2.6755 77.9436 2.5656 117.2753 2.5644 148.7182 2.5059
2425 128.3045 2.6975 166.8508 4.5537 62.1973 2.4045 169.6852 4.2567 168.5794 1.9921 170.3963 4.6200 -8.1670 2.7390 77.3226 2.5220 116.9199 2.3607 148.9800 2.4907
2426 128.8264 2.5358 166.8257 4.9608 62.6771 2.5019 170.0158 3.7908 168.9029 2.5772 170.6646 5.0199 -8.4398 2.7630 75.8889 2.4985 116.3591 2.4488 149.4172 2.4501
2427 129.0511 2.5778 166.6608 4.9329 63.5773 2.5083 170.4752 3.8300 168.8426 2.6511 170.5597 4.9453 -8.7236 3.1456 74.9646 2.5644 115.9479 2.5272 150.0804 2.5160
2428 129.3742 2.4145 166.6178 4.6877 64.5647 2.6705 170.2247 3.7955 169.0826 2.9512 170.5864 5.0551 -8.7301 3.5785 73.9131 2.6266 115.8344 2.5937 150.8498 2.5497
2429 129.6366 2.4309 166.8216 5.0259 65.4040 2.5103 169.9529 3.7789 169.1960 3.0590 170.5447 4.9738 -8.9071 3.8548 72.5383 2.4614 115.8061 2.5156 151.3326 2.7809
2430 129.7434 2.4292 166.8377 5.0175 65.9840 2.4736 169.5082 3.4942 169.6556 3.6516 170.8504 4.9118 -9.1404 4.1567 70.9930 2.4149 115.5343 2.5235 151.6408 2.7840
2431 129.6275 2.4650 166.9621 5.1762 66.9816 2.5736 169.3060 3.1745 169.5167 3.8371 170.6574 4.5795 -9.4714 4.2709 69.8284 2.4185 115.8166 2.4577 152.8141 2.8749
2432 129.5905 2.5217 167.2988 5.1123 67.8610 2.5496 169.2210 2.9177 169.4354 4.0530 170.7343 4.5164 -9.4359 4.3746 68.5817 2.5147 116.1887 2.4950 153.4761 3.2251
2433 129.5492 2.5254 167.8981 5.2457 68.6376 2.3901 169.2991 2.2055 169.3366 4.2139 170.5663 4.0767 -9.3495 4.6221 67.5732 2.5867 116.4557 2.5038 154.6435 3.0915
2434 129.1897 2.5821 168.0170 5.3477 69.4091 2.5157 169.1261 2.0423 169.2331 4.3966 170.2130 3.9882 -9.4808 4.3930 66.1119 2.3831 117.1215 2.5764 155.3544 3.5246
2435 128.5442 2.4762 168.1342 5.6622 70.2195 2.5665 168.5573 1.7660 169.0208 4.7491 169.9316 3.8913 -9.2193 4.8199 64.6833 2.3159 117.3400 2.3600 156.0149 3.7022
2436 128.6131 2.5158 168.0129 5.3392 70.9738 2.6249 168.2046 1.3127 169.0447 4.5661 170.1851 3.8487 -9.2246 4.7029 62.9188 2.5402 118.2652 2.3359 157.2501 4.1093
2437 127.9945 2.6632 167.8378 5.8084 71.5335 2.5723 168.0581 1.3286 169.5018 4.6446 170.2417 3.8262 -9.1582 4.7319 61.6188 2.3236 118.9355 2.6157 158.8430 4.3976
2438 127.3471 2.6307 167.8425 6.0134 71.8183 2.4304 168.2006 1.1514 169.3513 5.0050 170.8020 3.4416 -8.9749 5.0880 59.9330 2.5235 119.8831 2.5457 160.1166 4.4826
2439 126.5397 2.5010 167.5931 6.1756 71.7653 2.5863 168.4641 0.6394 169.5552 5.2171 170.6878 3.1298 -8.7742 4.9445 58.7985 2.4105 121.1118 2.5540 161.3121 4.4912
2440 125.5503 2.5162 167.0136 5.7033 71.8795 2.5009 168.5117 0.7279 169.3140 5.6052 170.4946 3.1504 -8.7778 4.8827 58.0757 2.5233 122.0351 2.5508 162.4837 4.6271
2441 124.3696 2.5028 166.9564 5.8527 71.9125 2.4636 168.4538 -0.1039 168.8748 5.7033 170.3838 2.7710 -9.0391 5.2677 57.1606 2.5814 123.0004 2.7118 163.4876 4.5210
2442 123.3931 2.5291 166.8109 5.3457 71.7771 2.5119 168.7012 -0.3042 168.3719 5.5590 170.6237 2.7555 -8.7842 4.7532 56.4949 2.5066 124.4010 2.6832 164.2758 4.4457
2443 122.2585 2.6827 166.9687 5.1104 71.6773 2.5710 168.5751 -0.4857 168.0616 5.4413 170.7089 2.4860 -8.7186 4.1362 55.5068 2.5185 126.0571 2.4871 165.1472 4.2760
2444 120.6586 2.5304 166.7929 4.9613 71.3822 2.3781 168.3640 -0.6522 168.2507 5.5900 170.8079 2.4797 -8.6484 3.7836 54.1207 2.5936 127.7450 2.5084 165.7080 4.4258
2445 119.5303 2.5774 166.7282 4.6356 71.1156 2.4699 168.0385 -0.7839 168.1608 5.2254 170.7988 2.3957 -8.4923 3.5945 52.9524 2.5975 128.8778 2.4905 166.4019 4.1690
2446 118.3589 2.4946 166.7729 4.4988 70.8674 2.4778 168.4043 -0.5337 168.3458 4.9964 171.1244 1.9766 -8.7705 3.3443 52.2044 2.6098 130.0865 2.5204 166.9885 4.0365
2447 117.5114 2.4518 166.7202 4.6684 69.9635 2.4577 168.2005 -0.5364 168.7733 5.3718 171.3669 1.7371 -8.5080 2.9549 51.3430 2.5176 131.5651 2.4310 167.7492 4.0586
2448 116.4272 2.5571 166.7538 4.3987 69.2144 2.5491 167.6806 -0.2654 169.0275 5.4162 171.1892 1.3508 -8.1969 2.8555 50.4672 2.5928 132.9057 2.4775 168.3218 4.2517
2449 115.6411 2.5805 167.1718 4.3030 68.4769 2.5685 167.9703 -0.1289 168.9425 5.5877 171.1404 1.0150 -7.9200 2.9560 49.7823 2.5090 134.4777 2.4383 168.9349 4.1039
2450 115.3762 2.4654 167.9753 4.4483 67.8427 2.5862 167.7899 0.4666 169.0434 5.5700 171.0184 0.5134 -7.8738 3.0170 49.4135 2.4411 135.8391 2.4937 169.2230 3.8640
2451 114.5677 2.5018 168.5119 4.9024 66.8136 2.4804 167.7497 0.8480 168.7901 5.4976 170.9719 0.3725 -7.7675 2.6862 48.6763 2.4741 137.3887 2.6604 169.4489 3.7307
2452 113.5515 2.5433 168.3182 5.0685 65.8536 2.3230 167.8314 1.4758 169.0547 5.6850 170.7882 0.3819 -8.0737 2.4023 48.3487 2.5195 138.8025 2.5365 169.7102 4.0743
2453 113.3248 2.5265 168.3054 5.3227 64.4547 2.3164 168.0318 1.2612 168.6986 5.9787 171.3572 0.5033 -7.9591 2.1538 48.2231 2.4520 140.1655 2.4556 170.1297 4.2536
2454 113.1515 2.4611 168.1706 5.6565 63.0912 2.5204 167.8508 1.2916 168.4537 5.9145 171.2150 0.3891 -7.4907 2.0965 48.4011 2.4853 141.5691 2.5223 170.5534 4.2226
2455 113.0654 2.3833 168.0043 5.7562 61.7218 2.5454 167.9985 1.3799 168.7321 6.0306 170.8370 0.5928 -7.7331 2.0116 48.4482 2.4843 143.0525 2.2806 170.6749 3.7606
2456 113.3456 2.5020 167.5711 5.7217 60.3201 2.5856 168.3149 1.5560 168.7188 5.8515 171.0103 0.8003 -7.6613 2.0099 48.4921 2.5241 144.3461 2.4798 171.0134 3.1926
2457 113.5735 2.4918 167.0668 5.6785 59.2530 2.4784 168.7670 1.8918 168.2803 5.8937 171.1754 1.3575 -7.5224 1.8664 48.7221 2.5894 146.0331 2.3520 171.2511 3.1013
2458 113.8308 2.5467 166.8183 5.5787 58.0089 2.5274 169.2468 1.8387 168.1682 5.5973 171.3097 1.0894 -7.2686 1.9502 48.9946 2.5087 147.6616 2.7191 171.2413 2.9312
2459 114.1320 2.4970 166.6385 5.4267 56.0232 2.3297 169.2314 1.5707 168.0979 5.2615 171.2173 0.7201 -6.5760 2.1971 49.2200 2.7087 149.1180 2.6167 171.0126 2.9238
2460 114.5890 2.4815 166.2211 5.4173 54.6258 2.4523 169.7643 1.9139 168.0202 4.6432 170.8511 0.7890 -5.8877 2.4954 49.3931 2.4857 150.8448 2.4696 170.9152 2.7364
2461 115.3674 2.4960 165.6635 4.9541 53.1246 2.4167 170.0170 1.8761 167.4752 4.3323 170.7929 1.0915 -5.2118 2.2389 49.9376 2.3846 152.2620 2.3346 171.0049 2.5006
2462 115.9532 2.5348 165.4285 4.5553 51.9631 2.4581 170.0623 2.0539 167.2730 4.0018 171.1527 1.6071 -4.4679 2.4400 50.7583 2.4291 153.7778 2.2650 170.8620 2.1361
2463 116.1844 2.4995 165.1842 4.4606 50.3956 2.5055 170.6123 2.2391 167.1242 3.9000 171.5021 1.9458 -3.4950 2.3325 51.6766 2.4782 154.9034 1.9986 170.2880 1.7575
2464 116.9311 2.4805 165.0765 4.1561 49.3732 2.6480 170.8384 2.5351 167.0732 3.8455 171.5451 1.6303 -2.4482 2.3417 52.6740 2.5555 156.0163 1.7681 170.5161 1.8375
2465 117.9737 2.5059 165.2746 4.2204 47.8226 2.4807 170.9931 2.2638 166.5821 3.8069 171.2033 1.6712 -2.4392 2.7397 53.6274 2.6283 157.2931 1.5250 170.0959 1.7329
2466 119.1688 2.5540 165.3054 4.3708 46.6916 2.5558 171.0038 1.9162 166.5005 3.8447 171.3928 1.8211 -1.9142 2.6002 54.7793 2.3796 158.2514 1.6289 169.2851 0.8543
2467 120.5632 2.5154 165.9109 4.4200 45.1277 2.4334 170.6354 1.5156 166.3264 3.9177 171.6763 1.9397 -1.5173 2.9394 56.2289 2.5379 159.0176 1.4460 168.7194 0.9434
2468 121.6892 2.5274 165.7912 4.2600 43.6259 2.3498 170.7570 1.6616 165.6232 3.7838 171.6142 1.8076 -1.1033 3.0645 57.5438 2.6117 159.6727 1.3933 168.6209 0.6932
2469 122.7043 2.3797 165.7365 4.1581 42.1746 2.5606 170.6762 1.5582 165.3911 3.7929 171.2749 1.7158 -0.9400 3.2091 58.4047 2.6043 160.7170 1.1138 168.3913 0.9271
2470 123.3969 2.4355 165.9206 3.9755 40.5738 2.3678 170.6739 1.3384 165.0582 3.9480 171.2446 1.6391 -0.4555 3.2614 59.7432 2.5084 161.6185 1.3223 168.1721 1.1568
2471 124.2392 2.5651 165.5816 3.3730 39.0455 2.3367 170.4790 1.5580 164.2303 3.6991 171.3247 1.7837 0.0449 3.4318 61.1320 2.4963 162.1053 1.1558 167.9877 1.1031
2472 125.2131 2.3920 165.8434 2.9242 37.9088 2.5131 169.9275 1.6408 163.3922 3.6427 171.4279 2.0842 0.4420 3.6438 62.5938 2.6219 162.2747 1.3145 167.7882 0.9978
2473 126.2124 2.5478 165.7110 2.2502 36.4572 2.5465 169.8784 1.5534 162.7236 3.0275 171.3179 2.3840 1.0160 3.3735 63.8087 2.6464 162.6850 1.2416 167.5342 1.0473
2474 127.0683 2.4408 166.1645 1.5189 35.1781 2.5792 169.7815 1.3655 161.6204 3.0152 171.0494 2.4602 1.2884 3.4762 65.4964 2.7628 163.2571 1.2669 167.1328 0.9461
2475 128.0908 2.4515 166.2950 1.3268 33.9683 2.5071 169.5541 1.1819 160.9494 3.1037 170.6668 2.7577 1.4930 3.6587 66.7576 2.5434 163.1294 1.0946 166.8364 0.7766
2476 128.9835 2.5249 166.8890 1.0444 32.4742 2.5274 169.3273 1.3763 159.8866 2.8114 170.2301 2.8104 1.6775 3.5458 67.9772 2.4418 162.9551 0.9359 166.2398 1.2595
2477 129.4503 2.5443 167.0819 0.7826 31.0884 2.6566 168.9852 1.3044 158.8290 2.4195 169.8498 3.1183 1.6708 3.4723 68.9629 2.4415 163.2879 0.8380 165.8751 1.4159
2478 129.7173 2.5120 167.4592 1.0293 29.4829 2.3768 168.7931 1.3730 158.0885 2.4668 169.3966 3.5294 1.9655 3.2692 70.2175 2.4818 163.0289 0.7045 165.1439 1.3572
2479 129.9991 2.5245 167.1654 1.2043 28.2511 2.2814 168.8932 1.0369 157.1624 2.2944 169.0541 3.6834 1.9884 2.9750 71.2637 2.4508 162.7770 1.1193 164.6360 1.2850
2480 130.1991 2.4774 167.5681 0.8652 27.0619 2.3877 168.5700 1.0783 156.3675 2.1843 168.7665 3.8563 2.2203 3.2455 71.5586 2.5070 162.6135 1.1785 163.9929 1.3697
2481 130.3820 2.5093 167.8091 0.9144 25.9410 2.3441 168.0042 0.9406 155.5935 2.0185 168.5370 3.9990 2.5937 3.4271 72.2483 2.4729 162.2595 0.9663 163.1916 1.8619
2482 130.4359 2.5110 167.6853 1.1786 24.8122 2.4497 167.9570 0.6673 154.7144 2.0961 168.3156 3.8327 2.4510 3.4876 72.5475 2.5613 162.1027 1.1019 162.5355 1.8893
2483 130.3714 2.5086 167.9631 1.3897 23.6953 2.5560 168.2624 0.6943 153.6932 2.0672 168.0913 3.9867 2.4585 3.3835 72.8328 2.5884 161.5542 0.8358 161.8181 2.0247
2484 130.1700 2.5816 168.1352 1.3577 22.3376 2.4565 167.9511 0.4356 152.4335 2.1160 167.9409 4.2231 2.0675 3.3485 73.0411 2.5629 160.3922 0.8265 161.5278 2.0760
2485 129.6287 2.4730 168.1545 1.2543 20.7751 2.3435 167.6712 0.5465 151.3487 2.2802 168.1406 4.7655 1.8416 3.0641 73.2208 2.5724 159.6495 1.0844 161.2777 2.0783
2486 129.3101 2.6429 168.2307 0.9673 19.4238 2.3682 167.4360 0.7106 150.1169 2.2874 168.2409 5.0881 1.4856 2.7674 73.6254 2.5498 158.5855 1.6092 160.8161 2.1338
2487 128.9792 2.5731 168.0572 0.6825 18.1069 2.3233 167.5455 0.7421 148.5719 2.2485 168.2029 5.1515 1.2408 2.4025 73.7803 2.4775 157.6580 1.5160 160.3080 2.4474
2488 128.4385 2.4514 168.0467 0.6939 16.7858 2.5306 167.4803 1.0449 146.8550 2.3031 168.1056 5.1441 0.8790 2.1255 73.8866 2.5419 156.6160 1.9715 160.1914 2.7369
2489 127.5747 2.6620 167.5085 1.0646 15.1994 2.6421 167.8001 1.1109 145.0416 2.4320 168.0503 5.1083 0.4122 2.1027 73.5056 2.5957 155.6535 1.9998 159.9596 2.9663
2490 127.0010 2.3777 167.6053 1.1288 13.4908 2.6793 168.2249 1.1857 143.5027 2.5623 168.2064 5.3730 -0.3186 1.9087 72.8569 2.3590 154.3008 2.1139 159.2566 2.9891
2491 125.9638 2.4660 167.1667 1.4607 12.2930 2.5705 168.8107 1.7868 142.2085 2.5043 168.4194 5.3929 -0.3482 1.9030 72.2681 2.4443 153.1814 2.3076 159.1525 2.8866
2492 124.7834 2.4014 166.9251 1.6117 10.6069 2.6041 168.8724 1.9748 141.2115 2.4346 168.2984 5.3800 -0.7027 2.0079 71.2144 2.4462 152.1661 2.4842 159.1230 3.2620
2493 123.6109 2.5954 166.5118 1.6615 9.0990 3.0278 169.0251 2.4960 139.9256 2.4572 168.4324 4.8567 -1.4031 1.7484 70.3773 2.4176 150.8971 2.6913 158.5813 3.4687
2494 122.2878 2.6734 166.0450 1.9875 7.8623 3.0216 169.2671 2.6432 138.3840 2.4331 168.5485 4.8868 -1.8543 1.4372 69.5987 2.4747 149.7768 2.5075 158.5838 2.9744
2495 120.8811 2.4548 165.5292 2.2271 6.8112 3.4263 169.0910 3.1419 136.5862 2.5872 168.7881 4.3596 -2.5594 1.3389 68.9324 2.4030 148.7796 2.5379 158.0204 2.8269
2496 118.9647 2.3780 165.2854 1.9936 5.8856 3.5026 169.3702 3.2639 135.1863 2.4168 168.9257 3.9863 -2.8642 1.1970 67.5428 2.5545 147.1258 2.5859 157.8195 2.8172
2497 117.4553 2.5994 164.8689 2.7797 4.6606 3.5984 169.9307 3.3622 134.0064 2.3076 169.2464 4.0319 -3.4117 1.1222 66.5810 2.4407 145.2792 2.5617 157.7246 2.5707
2498 116.0565 2.5246 164.1530 3.0461 3.7255 3.8106 170.2961 3.3084 132.6665 2.4952 169.4336 3.8830 -4.0366 1.1668 65.0000 2.4329 143.9504 2.5471 157.6071 2.4852
2499 114.6532 2.4561 163.1581 3.4112 2.5429 4.2197 170.3502 3.3726 131.4301 2.5650 169.7936 3.8347 -4.1760 0.8603 63.4763 2.4940 143.0425 2.6881 157.5138 2.1948
2500 113.3093 2.6068 162.3290 3.2973 1.4217 4.2866 170.7314 3.3401 130.7461 2.5860 170.0220 3.9237 -4.2502 0.8103 62.1487 2.6415 141.8616 2.5898 157.5951 2.0337
2501 111.9020 2.6757 161.2558 3.0932 0.6037 4.3360 171.0889 3.3826 129.8544 2.6599 170.0405 3.7493 -4.3328 0.8443 60.6444 2.6797 140.9867 2.4399 157.9619 1.9304
2502 110.5082 2.6470 160.0350 3.1048 -0.3287 4.2817 170.9750 3.6226 128.7222 2.6556 170.1194 3.7596 -4.4324 0.7831 59.2720 2.5047 139.7517 2.4801 157.8392 1.7667
2503 108.9541 2.4657 158.8761 3.1474 -1.1613 4.3721 171.0355 3.6032 128.0863 2.4759 170.5061 3.5351 -4.5222 0.9153 58.0691 2.5839 138.6059 2.5136 158.2744 1.6838
2504 107.6082 2.4338 157.4486 3.0865 -1.7913 4.4285 170.6472 3.8661 127.5483 2.4819 170.7240 3.6519 -5.0377 0.4451 56.8638 2.5270 137.3136 2.4048 158.5497 1.6276
2505 106.5279 2.3882 156.2232 2.6615 -2.0909 4.3941 170.3888 3.9675 126.8114 2.5205 170.9875 3.4802 -4.9179 0.4316 55.2642 2.5296 136.4235 2.3856 159.2085 1.6691
2506 105.2433 2.4178 155.0523 2.5857 -2.3776 4.1396 170.0413 4.2609 126.0672 2.3772 171.2542 3.1895 -4.8913 0.3477 54.0365 2.5574 135.0278 2.5650 159.6827 1.8234
2507 103.8601 2.5669 153.4488 2.5164 -2.7154 3.9817 169.9816 4.3453 125.5189 2.4779 171.3014 3.1878 -5.1529 -0.1064 53.1539 2.5192 133.9601 2.5423 159.9001 1.8589
2508 102.5408 2.5497 152.1552 2.3206 -2.8122 4.1073 169.5471 4.4365 125.0681 2.4481 171.2717 2.8292 -5.0991 -0.1191 51.7993 2.5366 132.9474 2.7657 160.3365 1.7522
2509 100.9488 2.3937 150.8621 2.3605 -2.8622 4.3076 169.1685 4.6311 125.0134 2.5462 171.3305 2.3226 -5.5863 0.2287 50.7918 2.5424 131.7379 2.5873 161.2231 1.6134
2510 99.5623 2.5257 149.5491 2.3530 -3.1952 4.0810 168.5025 5.0768 125.0765 2.4897 171.2461 1.8555 -5.6330 0.3790 49.6411 2.5840 130.7022 2.4937 162.2662 1.4972
2511 98.4333 2.3270 148.4775 2.3181 -3.6788 3.6806 167.9199 4.8557 125.0226 2.4820 170.6804 1.6780 -5.4083 0.1437 48.3215 2.4223 129.7383 2.4185 162.9414 0.9079
2512 97.0499 2.4665 147.1989 2.3265 -3.6574 3.6691 167.3779 4.5792 125.3167 2.4216 170.5912 1.2236 -5.4553 -0.0785 47.0607 2.3093 129.2164 2.5279 163.5124 1.0492
2513 95.6942 2.5590 146.3445 2.2891 -3.9490 3.7367 167.1954 4.6280 125.8801 2.4546 170.1901 0.8243 -5.4454 0.0891 45.9202 2.3444 127.9490 2.4742 163.9285 0.9460
2514 94.0871 2.5184 146.0121 2.3070 -4.4840 3.7963 167.2391 4.5683 126.2715 2.3329 170.3032 0.7005 -5.3948 -0.2687 45.0092 2.5010 127.1312 2.4906 164.2089 0.9731
2515 92.9307 2.4190 145.3759 2.4136 -4.6318 4.0406 167.2879 4.5335 126.8758 2.4045 170.4206 0.2491 -5.4411 -0.5344 44.4194 2.3915 126.8103 2.6106 164.4748 1.0711
2516 92.0589 2.5677 144.6622 2.6339 -5.0339 4.2074 167.3340 4.4686 127.6576 2.5643 170.0227 0.1159 -5.4842 -0.5469 44.2021 2.5138 126.2669 2.6180 164.9815 1.0054
2517 91.1287 2.3564 143.8004 2.4690 -5.2552 3.6468 167.8403 4.4463 128.5601 2.4826 169.9971 -0.1931 -5.6818 -0.5764 43.9570 2.5107 126.3845 2.5695 165.3839 1.1321
2518 90.2060 2.3962 143.0571 2.3873 -5.3047 3.4808 168.2489 4.3961 128.9475 2.4856 170.3850 0.1109 -6.1750 -0.7411 43.7476 2.5315 126.1830 2.5553 165.2564 1.0786
2519 89.1649 2.4882 142.7435 2.4907 -5.2055 3.4831 168.3545 4.2699 130.0849 2.4858 170.6609 0.5709 -6.5715 -0.8631 43.4788 2.4307 126.3346 2.5194 165.0964 1.0231
2520 88.4512 2.6081 142.4931 2.4283 -5.3830 3.4252 168.9456 4.3372 130.8580 2.4814 170.6643 1.1218 -6.9682 -0.9020 43.5789 2.4421 126.3416 2.5142 164.8848 0.7501
2521 87.9709 2.5972 142.4049 2.4442 -5.0611 3.0710 169.6038 4.7633 131.9493 2.3292 170.8138 1.4492 -7.5806 -0.7609 43.0862 2.4627 126.4096 2.4827 164.8789 0.5236
2522 87.8124 2.4983 142.3431 2.4963 -5.2113 2.9104 169.8752 5.1190 133.4013 2.4280 170.9204 1.8962 -7.8674 -0.3858 43.2266 2.5333 126.5711 2.4781 164.7663 0.4785
2523 87.5064 2.4551 142.4677 2.4772 -4.8009 2.6904 170.2352 4.8843 134.7423 2.5123 170.6148 1.9532 -8.4824 -0.2832 43.5360 2.5353 126.6487 2.5053 164.6271 0.8172
2524 87.4592 2.4039 142.8103 2.5040 -4.3506 2.9120 170.1173 4.8343 135.9120 2.2870 170.4256 1.9743 -8.7393 -0.1999 43.9475 2.5132 127.3639 2.4859 164.0669 1.1046
2525 87.2484 2.5837 142.7049 2.5081 -4.1743 2.8263 170.3795 4.8608 137.3163 2.5781 170.1977 2.0726 -8.7403 -0.0458 44.2761 2.5002 128.0645 2.3559 163.9702 1.1782
2526 87.0964 2.5177 142.9047 2.4743 -4.0310 2.7160 170.4394 4.9017 138.7822 2.5361 169.3084 1.9547 -8.8652 -0.2625 45.2241 2.4781 129.4227 2.4674 164.2716 0.9097
2527 86.7296 2.4892 143.4490 2.5284 -4.5116 2.4918 170.3538 5.1821 140.3926 2.5678 168.9615 1.6895 -8.4208 -0.3887 46.0355 2.3407 130.2379 2.5124 164.7572 0.7942
2528 86.9276 2.4561 144.0431 2.5385 -4.6583 2.7024 170.3275 5.1676 142.0447 2.5280 168.8951 2.0845 -8.3774 -0.5649 46.8860 2.4634 130.7917 2.4796 165.0878 0.7297
2529 87.0776 2.4981 144.5018 2.4960 -4.7584 3.0468 170.2324 4.9461 143.2549 2.4985 168.4071 1.9792 -8.0466 -0.5920 47.6154 2.6243 131.3085 2.6887 165.7915 0.8535
2530 87.1659 2.4650 145.0996 2.4574 -5.0547 3.0664 169.7845 5.0608 144.2977 2.4102 168.4552 2.2470 -7.7919 -0.6303 48.5806 2.3414 131.9614 2.5800 166.3066 0.5772
2531 87.6406 2.5051 145.6894 2.5756 -5.3164 3.4179 169.8993 5.5706 145.9374 2.3282 168.4194 2.3495 -7.9776 -0.8162 49.6053 2.4337 132.9770 2.4850 166.3081 0.4887
2532 88.1507 2.5699 147.0741 2.4227 -5.3942 3.4564 169.7467 5.5313 147.5824 2.1492 168.6112 2.0817 -7.7173 -1.0138 50.4315 2.4661 134.0927 2.3786 166.3854 -0.0507
2533 89.1241 2.4956 148.1864 2.4105 -5.6951 3.4457 169.7067 5.6413 148.9481 2.4348 169.0575 2.3556 -7.7890 -1.1175 51.7802 2.6902 134.9586 2.5423 166.4989 -0.4586
2534 90.0084 2.3213 149.3081 2.2136 -6.0828 3.4793 169.4200 5.4830 150.1965 2.4483 169.4891 2.5292 -7.6575 -0.9170 53.3120 2.2743 135.4282 2.4822 166.3437 -0.4566
2535 90.9743 2.5137 150.4298 2.0017 -6.0241 3.4027 169.2120 5.2669 151.4841 2.5952 169.8472 2.7141 -7.2941 -0.9210 54.4272 2.4313 135.9674 2.5216 166.4051 -0.7508
2536 92.3199 2.3771 151.8587 2.1193 -5.8118 3.2914 168.8222 4.8982 153.1109 2.6156 170.5348 2.6517 -7.4805 -0.9461 56.1222 2.5707 136.4120 2.5105 166.2237 -0.4258
2537 93.6014 2.5503 153.1239 1.6348 -6.2789 3.1223 168.5146 4.9182 154.1849 2.6122 171.0343 2.6930 -7.1889 -0.4893 57.7291 2.6224 136.0985 2.5056 166.6555 -0.0608
2538 95.1586 2.6418 154.6080 1.1764 -5.9115 2.7383 168.2687 4.7259 155.1205 2.8023 170.8836 2.7811 -7.1455 0.0202 58.8759 2.4615 136.3015 2.4757 166.9466 0.0927
2539 96.7331 2.4317 156.1551 1.0886 -6.0014 2.5073 167.9843 4.3145 156.5330 2.6978 170.7355 2.5080 -7.2802 0.2490 60.5413 2.4690 136.4206 2.3934 167.0000 0.3692
2540 98.1724 2.7263 157.3364 1.1092 -5.8010 1.8824 167.3743 3.9492 157.8682 2.4493 170.5826 2.6036 -7.5343 0.6491 62.1247 2.5064 136.3939 2.5288 166.8847 0.5415
2541 99.4703 2.6192 158.2579 0.8286 -5.6115 1.5441 167.0222 3.5922 159.1822 2.4403 170.5757 2.5854 -7.5581 0.6873 63.6597 2.6272 136.1477 2.5515 167.0702 0.6427
2542 101.0367 2.4535 158.9340 0.8091 -5.4318 1.2341 166.5021 3.8676 160.2219 2.2529 170.5074 2.2847 -7.1543 0.7537 64.7892 2.5857 136.0472 2.5093 167.1967 0.5765
2543 102.5585 2.4876 160.3668 0.7909 -5.1499 1.3049 165.4754 3.7714 161.3063 1.7325 170.5284 2.3036 -7.4824 0.8326 66.0219 2.5503 135.6080 2.5116 167.3912 0.3436
2544 103.7886 2.6783 161.0842 0.7808 -4.6638 1.1119 165.0431 3.8884 162.4274 1.5558 170.3700 1.8219 -7.2758 0.6601 67.1906 2.4311 135.1085 2.5450 167.6110 0.5386
2545 104.7946 2.6335 161.5232 0.6855 -4.7181 0.8660 164.2729 4.0808 163.1331 1.6526 170.1213 1.2235 -7.2278 0.0529 68.5571 2.6229 134.4927 2.4786 167.3653 0.7637
2546 105.9069 2.4177 162.1801 0.3491 -4.7929 0.7701 163.1489 3.9357 163.7831 1.5933 169.5151 0.9094 -7.1633 -0.0316 69.8699 2.5629 134.2338 2.4711 167.2796 0.9690
2547 107.0178 2.4735 163.3450 0.5178 -5.0028 0.6537 162.5798 4.1483 164.3560 1.2415 168.9660 1.2425 -7.2844 -0.0843 71.3927 2.5500 133.6342 2.5503 167.2135 1.0113
2548 107.7766 2.4816 164.1018 0.2272 -5.2488 0.9148 161.3219 4.2650 164.8916 1.2324 168.8418 1.2539 -7.6205 -0.3186 72.8550 2.5692 132.8336 2.5112 167.3298 1.0696
2549 108.2903 2.4849 164.5368 0.1481 -5.0584 0.5916 160.8217 4.1306 165.5787 0.6427 168.7315 1.4299 -7.9147 -0.0566 74.3031 2.6691 132.4229 2.5477 167.5284 1.4387
2550 109.4955 2.5213 165.4254 0.3270 -5.0672 0.6689 159.5184 4.1370 165.7889 0.5725 168.7553 1.2843 -8.1237 -0.3538 75.6658 2.5909 131.8159 2.4565 167.6556 1.5839
2551 110.1919 2.6320 166.0003 0.1387 -5.3841 0.4659 158.7038 3.5390 166.3898 0.5499 168.1783 1.1785 -8.3306 -0.5290 77.1653 2.4134 131.2881 2.5046 167.3978 1.5666
2552 110.6735 2.3977 166.3553 -0.0395 -5.0644 0.4914 157.6922 3.4418 167.1080 0.4039 168.0228 1.3103 -8.3837 -0.5304 78.6323 2.6307 130.7882 2.5170 167.3025 1.4824
2553 111.0332 2.5983 166.8896 -0.2303 -5.0689 0.7214 156.6588 3.2935 167.2694 0.2965 168.0286 1.6759 -8.3627 -0.4131 80.0626 2.6575 130.2445 2.5281 166.8025 1.5946
2554 111.4814 2.4636 167.1799 -0.3418 -5.1142 0.5565 155.4648 3.3571 167.5513 0.2241 168.0710 1.9583 -9.1160 -0.4756 81.6924 2.4334 129.8124 2.5766 166.7254 1.5928
2555 111.8790 2.4905 167.3109 -0.1128 -4.7931 0.8901 153.9939 2.8585 168.2600 0.1363 167.9007 1.6567 -9.2496 -0.7681 82.9144 2.3310 129.2524 2.5874 166.1488 1.7447
2556 111.9685 2.4856 167.7088 0.0339 -5.2801 1.3882 152.9874 2.9897 168.9080 0.0414 167.6895 1.9505 -9.5250 -0.4647 84.3618 2.2905 128.6374 2.4621 165.8930 1.7331
2557 112.2574 2.4956 167.9224 -0.1245 -5.0483 1.2473 151.8558 2.8034 169.4181 0.5903 167.6330 2.1566 -9.6536 -0.1612 85.7253 2.4480 128.6362 2.5103 165.5403 2.2191
2558 112.5028 2.4715 167.9388 0.1061 -5.1404 1.5984 150.3831 2.8208 169.6473 1.1560 168.0836 2.0044 -9.9964 0.2559 86.7798 2.4538 128.5627 2.4665 165.4035 2.3867
2559 111.9130 2.4314 168.0432 0.0261 -5.0660 1.9422 149.1550 2.7048 170.0565 1.2615 168.0410 2.1478 -9.9580 0.1460 87.7572 2.4316 128.6784 2.5483 165.1496 2.3553
2560 111.2611 2.5912 168.2978 0.3766 -5.8004 2.1647 147.7992 2.7824 170.5262 1.1607 168.4191 2.1428 -10.1541 0.1747 88.5931 2.4494 128.9199 2.5012 165.4225 2.4182
2561 110.9064 2.5622 168.0126 0.7214 -6.3068 2.1310 146.7496 2.6619 170.4916 0.7942 168.6262 2.2406 -10.1619 0.4896 89.5407 2.4987 129.2483 2.5088 165.4730 3.1282
2562 110.8668 2.5673 167.7258 1.4994 -6.9219 2.1054 146.2361 2.6667 170.3401 0.7601 169.0446 1.9073 -9.8855 1.1579 90.6826 2.5515 129.8786 2.4123 165.5659 3.2616
2563 109.8632 2.5601 167.6894 1.3655 -7.3676 2.1206 145.4502 2.6058 170.4202 0.6496 168.8636 2.3252 -9.4872 1.4411 91.0640 2.4242 130.1230 2.6647 166.1823 3.2968
2564 109.2311 2.3314 167.9084 1.4165 -7.5548 2.1871 144.7237 2.3958 170.1735 1.0788 168.9161 2.3372 -9.3979 2.0510 91.4450 2.5305 130.1914 2.7310 166.2801 3.5453
2565 108.3431 2.4020 168.4367 0.9315 -7.5568 2.5785 144.3729 2.4765 169.8972 1.5916 168.7164 2.8583 -9.4098 2.2779 91.0938 2.5540 131.0670 2.5704 166.3912 3.9195
2566 107.3829 2.4476 168.1069 0.8544 -7.4145 2.9482 144.1633 2.4749 169.4671 2.0007 168.3955 3.2417 -9.7147 2.6425 91.1477 2.5616 131.8988 2.5858 165.9800 4.1030
2567 106.2132 2.6027 168.4679 0.4754 -7.4692 2.9471 143.7331 2.4004 169.3382 2.1535 168.3617 3.4210 -9.8103 2.8976 91.0034 2.4986 132.8836 2.5041 166.1404 4.3839
2568 105.1974 2.5112 168.6669 0.4017 -7.2100 2.7396 143.6373 2.4672 169.0782 2.4324 168.0915 3.6490 -9.7878 3.2671 91.0337 2.5285 133.7475 2.4532 166.0625 4.6639
2569 104.4362 2.4207 168.9215 0.5456 -7.2472 2.7118 143.6438 2.4592 169.1156 2.2409 168.2677 3.9970 -10.0734 3.7820 90.6411 2.4873 134.9311 2.4738 165.9011 5.2396
2570 104.0453 2.4075 169.4864 0.9498 -7.5029 2.5380 143.6842 2.5111 168.7489 2.1081 168.4354 4.7612 -10.0140 3.7217 90.3669 2.5706 136.6537 2.5122 165.5736 5.2522
2571 103.6360 2.3901 169.7522 1.2080 -7.9199 2.3497 143.5936 2.5570 168.6195 2.3513 168.2677 5.0474 -10.3053 3.5340 89.7853 2.5374 138.2154 2.5608 165.5365 4.8622
2572 103.3602 2.3533 170.2204 1.3157 -8.0127 2.5322 143.7883 2.5201 168.5523 2.8753 168.0984 5.0164 -10.5741 3.5218 89.3039 2.3494 139.7386 2.2836 165.5232 4.7419
2573 102.7445 2.4291 170.7553 1.5126 -7.6913 2.5435 143.9017 2.4466 168.5359 3.2159 168.0371 5.1296 -10.6429 3.6479 89.0945 2.5209 141.2052 2.5725 165.4439 4.4245
2574 102.5318 2.4883 170.9482 1.7310 -7.8102 2.2145 144.0312 2.4839 168.7195 3.7192 168.3786 5.1329 -10.4932 3.7505 88.6819 2.4531 142.3771 2.4240 165.5966 4.0500
2575 102.5113 2.5228 170.6579 1.9577 -7.9191 1.6880 144.5204 2.5122 168.4594 4.0187 168.5546 4.7836 -10.4362 3.8273 87.7242 2.4367 143.9689 2.4275 165.6574 2.9022
2576 102.6604 2.5127 170.4910 2.0648 -8.1971 1.6121 145.1623 2.4241 168.3487 4.2958 168.9416 4.4851 -10.0102 3.8727 86.8759 2.5734 145.2659 2.6218 165.9235 2.5591
2577 102.8076 2.4548 170.2252 2.4761 -8.2793 1.4688 145.5680 2.5636 168.0004 4.3299 169.6484 4.0030 -9.2691 4.4234 86.0005 2.4582 146.3468 2.5638 165.8500 2.4531
2578 103.2809 2.6398 169.9837 2.6058 -8.2949 1.3721 145.5229 2.5685 167.8484 4.5242 170.2584 3.4640 -9.1901 4.3537 84.7537 2.4718 148.2895 2.6923 166.0212 1.8067
2579 103.4694 2.5159 169.7416 2.6524 -8.0857 1.4930 145.6448 2.4663 167.5271 4.5164 170.2625 3.0359 -8.6770 4.4739 83.6835 2.5936 149.3885 2.4640 166.3338 1.4521
2580 103.6510 2.4033 169.4836 2.9967 -8.0230 1.4570 145.9639 2.5506 167.6482 4.9670 170.7904 2.2961 -8.9132 4.6727 82.5500 2.4184 150.8245 2.5071 166.5570 1.3303
2581 104.2860 2.6185 169.0752 3.0445 -7.9151 1.1869 146.4485 2.6029 167.3771 5.1286 171.1721 2.0294 -8.6779 5.2916 81.0747 2.5773 152.3358 3.0515 166.6840 1.2609
2582 105.0573 2.4958 168.6467 3.3320 -7.5816 1.2229 147.4606 2.3899 167.0564 5.2278 171.0907 1.7278 -8.6639 5.3673 79.8809 2.4780 153.4665 3.0577 167.1426 1.2268
2583 106.0812 2.6083 168.8515 3.2674 -7.4274 1.1056 147.7211 2.5881 166.4704 5.2713 171.1862 1.6930 -8.5217 5.5235 78.9767 2.6162 154.3614 3.2595 167.3448 1.3851
2584 107.2485 2.5823 168.6412 3.4457 -7.3033 1.3108 148.1771 2.4975 166.2232 5.2687 170.7957 1.5536 -8.8582 5.7880 77.5274 2.4040 155.8086 3.8031 167.2224 1.1196
2585 108.5851 2.5894 167.9523 3.5033 -7.2498 1.5186 148.2157 2.4935 166.1515 5.5274 170.8683 1.4319 -9.0717 5.7835 76.2835 2.4537 156.5728 3.6465 167.3472 1.1189
2586 109.5077 2.4392 167.5602 3.7512 -7.0323 1.5131 148.3111 2.4883 166.0084 5.2001 170.8523 1.4522 -9.3608 5.5124 74.7353 2.5872 157.6302 4.0783 167.4510 0.9204
2587 110.6566 2.4776 167.4019 3.6445 -6.8400 1.4430 148.3144 2.5231 165.8764 5.1754 170.9301 1.5307 -9.4934 5.5794 73.3994 2.5286 158.9708 4.1664 167.5460 0.8832
2588 111.6233 2.5175 166.8160 3.6487 -6.2983 1.4922 147.9619 2.4549 165.6916 5.2528 171.3833 1.3297 -9.4991 5.3446 72.0478 2.5985 160.1393 4.0213 167.5642 1.2613
2589 113.0869 2.4113 166.3738 4.0788 -5.4542 1.6845 148.0685 2.5015 165.4022 5.0665 171.3053 1.5579 -9.3630 5.0422 70.6171 2.5707 161.4078 4.0790 167.7707 1.4168
2590 114.1476 2.5050 165.7506 4.2359 -4.4182 1.6592 147.6741 2.3912 165.2757 4.7638 170.4193 1.9097 -9.0881 4.8523 69.7506 2.3762 162.4512 4.3257 167.8424 1.1212
2591 115.0509 2.4087 164.9248 4.4139 -3.7549 2.0311 147.4855 2.3808 165.5089 4.4577 170.4505 2.1796 -9.0542 4.7050 68.3742 2.5534 163.3860 4.1762 167.8958 1.2439
2592 115.7301 2.5641 164.0628 4.7665 -2.7467 2.0424 147.1896 2.4832 165.5761 4.6135 170.2870 1.9193 -8.7199 4.5714 66.7733 2.3757 164.2604 4.0456 167.6502 1.2304
2593 116.1414 2.2655 163.1057 4.2489 -1.8168 2.0738 146.7736 2.4297 165.1873 4.2322 169.5463 2.5035 -8.1315 4.5367 65.5034 2.4430 165.0841 4.2109 167.7171 1.0400
2594 116.9579 2.4766 161.9396 4.4971 -0.9253 1.8634 145.9076 2.5032 164.5201 4.5686 169.5981 2.7669 -8.1069 4.2917 64.2912 2.4442 165.6450 3.8537 167.3106 1.1485
2595 117.4508 2.5925 160.7721 4.3000 0.3342 2.3243 145.5044 2.3859 164.3952 4.3570 168.9924 2.6041 -7.6112 4.5887 62.8594 2.3862 166.2787 3.7477 167.1530 1.7682
2596 117.6460 2.6066 159.7109 3.7246 1.1072 2.4960 145.0077 2.5512 164.3685 4.6770 169.2411 2.4528 -7.0108 4.7836 61.7866 2.6532 167.1980 3.6751 166.9029 2.4291
2597 117.8483 2.6042 158.9422 3.6372 1.9918 2.6780 144.1347 2.3984 163.6805 4.1688 168.8830 2.6010 -7.0554 4.7319 60.3258 2.4461 167.4846 3.6510 167.0424 3.1474
2598 118.1150 2.5159 157.9662 3.4643 2.7543 2.9608 143.1036 2.5940 163.4198 3.8028 168.9821 2.7147 -6.3883 4.7752 58.9670 2.2622 167.8468 3.7311 167.0171 3.0306
2599 118.2707 2.4639 157.0449 3.3166 3.5768 3.0365 141.4887 2.4466 162.9283 4.0492 169.3315 3.0378 -6.7358 4.6638 57.5898 2.4838 168.3546 4.1184 166.6573 3.4669
2600 118.1038 2.5481 155.6807 3.2325 4.7449 3.2618 140.2872 2.5386 162.2085 4.2357 169.2695 2.7996 -6.6213 4.3598 56.1239 2.3691 168.6245 4.1861 166.2441 3.7930
2601 118.3247 2.4452 154.2213 3.2272 6.1288 3.3745 138.9161 2.4170 161.6317 4.3005 168.9349 2.8364 -6.6948 4.6596 54.7476 2.2387 169.0564 4.6728 166.1489 4.3292
2602 117.8155 2.5091 153.1022 2.9323 7.1795 3.2426 137.9562 2.3664 161.3689 4.0771 168.9869 2.9789 -7.0164 4.6141 53.4224 2.4032 169.1859 4.8707 165.6258 4.2163
2603 117.6208 2.4879 151.6094 2.4845 8.1871 3.1521 136.5847 2.5313 160.5845 3.8960 168.9590 3.0736 -7.1734 4.5130 52.2353 2.4157 169.0652 4.7763 165.2456 4.2327
2604 117.0531 2.4224 150.4162 2.5346 9.2965 2.9134 135.3826 2.3454 159.7569 3.8081 168.7767 2.9208 -7.1771 4.6261 50.9291 2.1686 169.1470 4.8486 165.2608 3.8266
2605 116.7272 2.5165 149.3418 2.6539 10.3826 2.8549 133.8274 2.5864 158.5983 3.5166 168.4117 3.0486 -7.1887 4.9204 50.2471 2.4763 169.5595 4.7378 165.4131 3.7198
2606 116.3518 2.5172 147.8134 2.5139 11.7857 2.8659 132.4730 2.4174 157.6579 3.6346 168.6112 2.9182 -7.1760 5.0891 49.5688 2.5600 169.7415 4.6023 165.6791 3.3675
2607 115.5970 2.4375 146.1678 2.5621 12.9908 2.4825 131.8717 2.5165 156.4374 2.9735 168.5192 2.5565 -6.4799 5.3735 49.0579 2.5744 169.3872 4.6187 165.7490 3.3218
2608 114.5830 2.3063 144.4199 2.5935 14.2341 2.4676 130.9228 2.4839 155.2226 2.9288 168.2432 2.0397 -6.2391 5.2663 48.2004 2.3849 169.6255 4.7209 165.9855 3.2758
2609 113.6776 2.4303 143.1808 2.5681 15.7224 2.6260 129.9945 2.4382 154.1585 2.5851 168.1532 2.0998 -6.0960 5.0055 47.9355 2.6412 170.0666 4.4987 166.0681 2.9129
2610 112.6766 2.4379 142.1729 2.4792 16.6094 2.3886 129.5248 2.5525 152.9491 2.5623 168.5081 1.9407 -6.3227 5.0035 47.3300 2.5987 170.1102 4.1850 165.9264 2.8846
2611 111.4914 2.5770 140.8709 2.4813 17.3561 2.5315 129.0133 2.3614 152.0155 2.4967 168.3084 1.3926 -6.2390 5.1931 46.6723 2.4316 169.9566 4.6699 165.6283 3.0417
2612 109.9566 2.4515 139.2029 2.4649 18.8081 2.4687 128.3229 2.4329 150.9439 2.4243 168.7171 1.5705 -6.1274 4.8814 46.1552 2.4904 169.8270 4.3082 165.4609 3.0053
2613 108.7380 2.3867 138.4838 2.3953 20.3629 2.5445 128.0761 2.4888 149.8585 2.5316 168.8050 1.3793 -6.1336 4.7142 46.0854 2.5252 169.8288 4.2975 165.2328 2.9277
2614 107.3184 2.5944 137.6712 2.5298 22.0338 2.3413 127.7056 2.3991 149.0180 2.4838 168.7537 1.1501 -6.0869 4.3810 45.7720 2.5434 169.6414 4.3857 165.0064 2.9650
2615 106.2321 2.4585 136.6780 2.4619 23.4435 2.5923 127.5253 2.4131 148.0355 2.4483 168.9409 1.2377 -5.8934 4.0389 45.5073 2.4870 169.6273 5.0466 165.1034 2.3626
2616 104.9034 2.4196 135.8632 2.5325 24.7283 2.4521 127.8645 2.4459 147.4942 2.4810 168.9747 1.2108 -5.9627 3.8490 45.6286 2.5499 169.8609 4.7838 165.1149 2.4118
2617 103.6199 2.4032 134.8663 2.4304 26.2018 2.3049 127.6136 2.5084 146.6659 2.4922 168.8389 1.2664 -5.7859 3.6191 45.8333 2.5163 170.0536 4.6251 165.5689 2.2592
2618 103.2380 2.3895 133.9364 2.5672 27.7562 2.6417 127.8697 2.5418 145.7473 2.5283 169.2676 1.3534 -6.0972 3.2240 46.2564 2.5575 170.3271 4.5916 165.6617 1.6660
2619 102.2460 2.3593 133.1853 2.5779 29.0212 2.4612 128.4114 2.5777 145.0969 2.4395 169.7317 1.2114 -6.4817 2.4056 46.6586 2.6600 170.8118 4.5049 165.6673 1.1908
2620 101.5453 2.4348 132.8775 2.4058 30.6199 2.4854 128.5905 2.5428 144.7660 2.5082 170.0993 0.9626 -6.7855 2.2994 47.0811 2.5098 170.9447 4.5674 165.8614 1.0239
2621 100.6546 2.2923 131.9778 2.4891 32.3506 2.3159 129.1267 2.4878 144.0383 2.5608 170.3705 0.8065 -7.1165 2.5900 47.5850 2.6722 171.2283 4.1292 165.9903 0.8929
2622 99.5304 2.3232 131.3094 2.4125 33.9366 2.2365 129.0424 2.4635 143.8252 2.5814 170.5971 1.2684 -7.1086 2.6017 48.2459 2.6127 171.3453 3.5920 166.1774 0.8560
2623 98.9477 2.6056 130.7922 2.4676 35.3520 2.3849 129.7984 2.5276 143.5966 2.5461 170.8944 1.8247 -7.0290 2.2932 48.9325 2.6149 171.1694 3.0082 166.2688 0.5873
2624 98.3891 2.6126 130.7802 2.5428 36.5244 2.4848 130.5712 2.4027 143.6991 2.5593 170.6689 2.0296 -6.8553 2.4229 49.7544 2.6240 171.3098 2.7697 166.4672 0.5558
2625 97.4248 2.5840 130.4776 2.5132 37.8546 2.5041 131.6560 2.7125 143.6057 2.5004 171.0496 2.1447 -6.9998 2.3778 50.9364 2.5817 171.1286 2.5045 166.9630 0.3788
2626 96.8773 2.4145 130.4027 2.4818 39.3223 2.3368 132.8164 2.5949 143.9412 2.4435 170.9397 2.4805 -7.0736 2.1097 52.1459 2.6244 171.0919 2.1697 167.0188 0.3855
2627 96.3780 2.4689 130.3575 2.4840 40.6785 2.3980 134.1066 2.5183 143.8879 2.4802 171.1063 2.5294 -6.9786 1.9645 53.4950 2.6449 170.6893 1.7891 166.9493 0.3604
2628 95.9204 2.4750 130.4865 2.3707 41.6973 2.3874 135.2048 2.4447 143.8947 2.5188 170.9004 2.9974 -7.1168 1.7913 55.2105 2.6328 170.5954 1.7628 167.0999 0.7279
2629 96.0296 2.4401 130.4746 2.5404 42.9396 2.4464 137.0797 2.6203 144.2946 2.4405 170.9521 2.9686 -7.3135 2.1815 56.5582 2.6240 170.6931 1.1305 167.0315 0.6718
2630 95.8205 2.4516 130.6912 2.4208 44.3398 2.2827 138.3147 2.5391 144.7279 2.3015 170.6197 3.4305 -7.3211 1.9373 57.6766 2.3244 170.1878 1.0838 166.6545 0.9003
2631 95.7198 2.4699 131.1850 2.4909 45.8043 2.1973 139.6581 2.6118 145.0681 2.6198 170.4783 3.7466 -7.4561 1.8369 59.2461 2.3454 170.1149 0.6589 166.3754 0.8619
2632 96.0841 2.5585 131.6183 2.3642 47.4235 2.4464 140.8933 2.6383 145.7666 2.5643 170.0181 3.8700 -7.8810 1.6659 60.5770 2.5625 169.9060 0.8105 165.9847 1.1479
2633 95.7855 2.5666 132.4489 2.3950 48.7909 2.6649 142.3981 2.6546 146.6714 2.4010 169.5106 4.0451 -8.2301 1.5606 62.0806 2.4568 169.5204 0.7052 165.5576 1.1369
2634 95.7122 2.4931 133.3162 2.5285 49.8348 2.3071 143.6981 2.2555 147.7705 2.4895 169.6142 4.1732 -8.4144 1.3138 62.9771 2.3748 169.1606 1.1589 165.2836 1.1783
2635 95.8121 2.4999 134.0079 2.6133 50.8693 2.6165 144.8122 2.3301 148.6943 2.4851 169.2000 3.9507 -8.3080 1.0783 64.5838 2.4421 168.9934 1.0084 165.5076 1.3895
2636 96.3132 2.5375 135.0144 2.6212 52.0489 2.3973 146.1357 2.1618 149.7536 2.4080 169.0280 4.2167 -7.9451 1.2494 65.9982 2.5869 169.0028 1.4151 165.3294 1.6016
2637 96.3627 2.5419 135.7491 2.4774 53.7319 2.4420 147.2946 2.2593 150.9239 2.2835 168.6875 4.3099 -7.6715 1.5279 66.4949 2.5604 168.9174 1.6789 165.6037 2.0253
2638 96.4243 2.5144 136.6289 2.3787 55.2295 2.6024 148.5454 2.5608 152.1368 1.8959 168.5279 3.8425 -7.5392 1.3007 67.6675 2.5924 169.0518 1.6311 165.7110 1.9036
2639 96.3232 2.5238 137.2320 2.5698 56.7973 2.4589 149.9482 2.4474 153.1806 1.9804 168.4764 3.6060 -7.3853 0.9897 69.0662 2.5434 168.6499 1.8255 165.9949 2.1018
2640 96.2137 2.5314 137.9117 2.6471 58.1488 2.4553 151.0269 2.6122 153.8497 2.2529 168.4311 3.5959 -7.3362 1.0515 70.1091 2.5024 168.5966 1.9970 166.0701 2.0999
2641 96.0851 2.4282 138.6466 2.4994 59.4992 2.5558 152.5457 2.6497 154.6787 2.1384 168.4943 3.2527 -7.5438 1.3527 71.1424 2.6001 168.4148 2.3014 166.1711 2.1537
2642 96.1198 2.4545 139.0636 2.4844 60.5121 2.6264 153.3515 2.4221 155.3515 2.0536 168.2048 3.0260 -7.3600 1.1851 72.1628 2.5129 168.2885 2.2329 166.5671 2.4938
2643 96.2658 2.4635 139.4137 2.4587 61.7364 2.5903 154.1534 2.3205 155.9604 2.2620 168.0762 3.0161 -7.2378 1.5939 72.7870 2.3912 168.1101 2.0842 166.5755 2.6931
2644 96.0655 2.5222 139.9297 2.4852 62.9804 2.5213 155.3703 2.1145 156.3873 2.1965 168.3138 3.0438 -7.5384 1.9743 73.2601 2.3337 167.8055 2.6021 166.6391 2.9054
2645 95.6931 2.4713 140.5366 2.6087 64.5215 2.5264 156.5472 1.8452 156.6703 2.2292 168.4641 3.0920 -7.7096 2.2414 74.1553 2.4909 167.8780 3.0671 166.8042 3.1009
2646 95.4789 2.5152 141.1831 2.4633 65.7881 2.5494 157.8037 1.7348 156.5196 2.3128 168.3492 2.9596 -7.5425 2.3734 74.9456 2.6770 168.2190 3.2268 166.8417 3.1725
2647 95.3743 2.4067 141.0097 2.5164 67.3089 2.2774 158.9012 1.5667 156.1736 2.4609 168.2659 2.5856 -7.7990 3.0151 75.1855 2.5977 168.1973 3.4387 166.9146 3.6869
2648 94.6429 2.4692 141.3783 2.4014 68.6324 2.4410 160.1420 1.4796 155.7116 2.3356 168.5229 2.6473 -7.9034 3.1337 75.6834 2.4930 167.9764 4.0232 166.8892 3.8900
2649 94.2804 2.4598 140.8528 2.5035 70.2256 2.3350 161.2043 1.2942 155.5200 2.3936 168.3128 2.6391 -7.5856 3.3321 75.9417 2.5193 167.8444 4.1289 167.1855 4.2760
2650 93.8455 2.4557 140.9836 2.3991 71.9959 2.5042 162.2806 1.0556 155.1205 2.3647 168.4782 2.5919 -7.5843 3.6551 75.9519 2.4075 168.2727 4.2230 167.4595 4.3408
2651 93.2887 2.5898 141.0558 2.4480 72.8722 2.6163 162.7213 0.9812 154.9185 2.4344 168.9214 2.5847 -7.6469 3.4352 75.7826 2.5267 169.0824 4.5003 167.7946 4.8288
2652 92.1980 2.4150 141.3106 2.4821 74.5198 2.6309 163.4957 0.9462 154.4086 2.3819 169.5194 2.3193 -7.7181 3.6317 76.0155 2.4390 169.3446 4.5697 168.3327 5.1058
2653 91.1445 2.4823 141.0041 2.4492 75.7688 2.6708 164.0289 0.8173 153.7821 2.2242 169.9845 2.0385 -7.8315 3.7274 75.8988 2.4949 169.9038 4.4893 168.3536 5.1695
2654 90.0422 2.6589 140.7122 2.4683 77.2299 2.7147 164.9415 1.1451 152.9665 2.1544 170.1739 1.9885 -7.5024 4.1872 75.6669 2.6239 170.1950 4.3881 168.5716 5.2075
2655 88.6808 2.6074 140.5249 2.3992 78.3641 2.6214 165.8130 1.2393 152.3570 2.3102 170.0438 1.9845 -6.9701 4.2927 75.2619 2.5170 170.3536 4.4239 168.9675 5.5719
2656 87.7039 2.5394 140.0215 2.4465 79.8509 2.5942 166.4231 1.2367 151.4670 2.1816 170.2990 2.3280 -6.6767 4.6038 74.5643 2.5546 170.4305 4.5472 169.3146 5.5207
2657 86.6424 2.4292 139.3382 2.4092 81.1144 2.3144 166.6574 1.3677 150.8193 2.3520 170.2136 2.4429 -6.5899 4.8777 74.2438 2.5476 170.2649 4.7939 169.1660 5.6093
2658 85.4504 2.5112 139.2591 2.5052 82.3193 2.3741 167.2469 1.2465 149.7448 2.3391 170.2633 2.5372 -6.7085 5.0295 73.1886 2.5944 170.5956 4.6344 168.8602 5.5240
2659 84.1601 2.4911 138.6637 2.4709 83.6371 2.4342 167.8834 1.0381 148.0995 2.2979 170.0915 2.7925 -6.8038 5.1936 72.4617 2.6529 170.8899 4.2587 168.9361 5.0377
2660 82.8535 2.5395 138.2494 2.5796 85.3971 2.6328 168.0898 1.1908 146.5517 2.3647 170.2156 2.9159 -7.1665 5.0807 71.6326 2.5763 171.0081 4.2366 168.8845 4.7104
2661 81.9773 2.6740 137.7142 2.5366 86.5257 2.4767 168.2524 1.1562 145.3203 2.5323 169.7315 3.1374 -7.0731 5.0884 70.6752 2.4337 171.0116 3.7267 168.1992 4.6777
2662 80.8878 2.4702 137.1991 2.5079 87.8602 2.4296 167.9678 1.2042 144.0713 2.5199 169.7484 3.4372 -6.9114 5.0986 69.5510 2.6161 171.0240 3.3852 168.4905 4.3720
2663 80.0227 2.5609 136.5673 2.5947 89.2594 2.3209 167.8243 1.5240 142.9580 2.5303 169.9167 3.6886 -6.5085 5.3292 69.0184 2.3626 171.3660 3.2508 168.2392 4.1851
2664 79.1396 2.5867 136.5340 2.5130 90.5707 2.3340 167.8632 1.6063 141.9588 2.5666 169.7108 4.1433 -6.5447 4.9859 67.5963 2.5470 171.5008 3.2553 167.6440 3.9481
2665 78.5674 2.5279 136.1077 2.5259 91.7413 2.4958 168.0136 1.9833 140.6169 2.6068 169.6381 4.1564 -6.2878 5.2117 66.1156 2.6043 171.6139 3.4568 167.4522 3.7338
2666 77.9848 2.5041 136.2499 2.5199 93.0506 2.5036 168.2033 2.2566 139.4979 2.4339 169.5170 3.8615 -6.5687 5.3260 64.7178 2.5452 171.7527 3.1120 167.1545 3.7062
2667 77.5562 2.5020 136.2668 2.5474 94.5971 2.5553 168.4374 2.7899 138.4752 2.5779 169.1059 3.8892 -6.6510 5.4766 63.2618 2.5602 171.7475 3.1948 167.0842 3.9416
2668 76.9183 2.4510 136.8443 2.4698 96.0237 2.3388 168.9453 3.4583 137.4610 2.4837 168.9008 3.7606 -6.1638 5.7535 61.9804 2.6107 171.8870 2.9802 166.7702 4.2403
2669 76.6264 2.5609 137.2570 2.5119 97.6956 2.6766 169.2024 3.5268 136.1375 2.5695 168.9960 3.8084 -6.2923 5.5890 60.5764 2.6986 171.5793 2.7740 166.4450 4.0249
2670 77.0494 2.4915 137.6576 2.6540 98.8361 2.6638 169.6437 4.1078 134.7212 2.5247 169.1161 3.7273 -5.6507 5.4578 59.0849 2.4294 171.4523 2.3594 166.1785 3.7531
2671 76.9956 2.5378 137.7710 2.5748 100.1109 2.6499 170.0457 4.4146 133.1281 2.4368 169.1121 4.2911 -5.4174 4.9628 57.9330 2.6657 171.6564 2.2466 165.9402 3.6379
2672 77.4507 2.4805 138.1913 2.6208 101.5135 2.5985 169.8614 4.7753 131.9383 2.5863 168.9997 4.3316 -5.5239 4.6579 56.5654 2.3403 171.7306 2.1230 165.8725 3.0161
2673 77.3880 2.4886 138.7041 2.6811 102.8529 2.5894 169.6651 4.8427 130.7323 2.5654 168.5763 4.1411 -5.3880 4.3402 55.2698 2.4355 171.9016 2.5749 165.3027 2.5000
2674 77.6922 2.5856 139.3981 2.6071 103.8012 2.4117 169.2215 5.0358 129.4590 2.4701 168.0561 4.2909 -5.2738 4.3019 54.0373 2.4397 171.9413 2.4045 165.1243 2.1218
2675 77.6246 2.5518 140.5573 2.6273 104.9302 2.3119 169.3252 5.0667 128.2000 2.5197 167.4722 4.3784 -4.9917 3.9208 52.4714 2.5041 172.0003 2.8570 164.9382 2.0538
2676 77.7179 2.5401 141.6023 2.6062 106.0452 2.3660 169.1841 5.2636 126.7434 2.3771 167.4572 4.2206 -5.2978 3.6915 50.9883 2.4707 171.8578 3.1233 165.1167 1.8602
2677 78.4921 2.6282 143.0230 2.5968 107.4180 2.4756 168.8564 5.4066 125.4152 2.4696 167.3298 4.1298 -5.5228 3.7309 50.1829 2.4012 171.9373 3.4333 164.9597 1.3903
2678 79.1417 2.4001 144.3079 2.4414 109.0445 2.5536 168.8344 5.6205 124.4358 2.4971 167.2325 3.8071 -5.7442 3.8232 49.1058 2.6198 171.8950 3.6846 164.8401 1.4140
2679 80.1375 2.5527 145.6823 2.4169 110.4243 2.3400 169.0030 5.6905 122.9050 2.3747 167.2124 3.3914 -5.4192 3.9291 47.7383 2.4659 171.2576 3.7819 164.8005 1.3737
2680 81.0547 2.5593 146.6254 2.4967 111.6248 2.4177 168.6987 5.5679 121.7773 2.3039 166.9823 2.6272 -5.3890 4.0054 46.8790 2.4426 171.4640 3.8577 165.2196 1.1401
2681 82.1329 2.7044 147.7203 2.6546 112.4837 2.4565 169.0229 5.9599 120.1755 2.4634 166.9776 1.8546 -5.2946 3.9874 45.9589 2.4138 171.1921 3.7173 165.1989 1.3692
2682 83.1379 2.5925 148.9301 2.9226 113.4354 2.4528 168.9487 6.1453 118.5548 2.7113 167.1303 1.6896 -4.9862 4.1176 45.2590 2.4939 170.9343 3.3562 165.6265 1.5679
2683 84.6975 2.5266 149.9438 2.7644 114.7988 2.4480 168.5763 6.3416 116.9169 2.4541 167.3911 1.1498 -4.4774 4.4354 44.1330 2.5919 171.2690 3.2265 165.6600 1.7145
2684 86.1746 2.4666 151.2435 3.2043 116.3383 2.4619 168.3008 6.3894 115.4912 2.6048 167.4597 0.8999 -3.9534 4.5148 43.2009 2.5607 170.7670 2.6691 166.2625 1.9721
2685 87.5778 2.5088 152.0230 3.2963 117.8279 2.4150 168.1721 6.3912 114.2023 2.6915 167.8173 0.8370 -3.7567 4.3850 42.4993 2.6167 170.4994 2.4334 166.4702 2.4913
2686 88.8935 2.5938 153.1995 3.5767 118.9670 2.4066 168.3668 6.6150 112.8718 2.6028 168.1280 0.6647 -3.1892 4.2487 41.8879 2.5495 170.4206 1.9080 166.7873 3.1469
2687 90.4356 2.4580 154.4922 3.9711 119.9113 2.6451 168.9962 6.3314 111.7150 2.4553 168.6004 0.6159 -3.0815 3.8254 41.5253 2.4006 170.2503 1.2475 167.1273 3.1034
2688 91.7104 2.4756 155.6133 3.9876 121.9556 2.5815 169.1597 6.1019 110.7194 2.5502 168.7264 0.4870 -2.3527 3.9215 41.0306 2.5396 170.4466 1.2760 167.3599 3.6063
2689 93.1969 2.5240 156.6362 4.0531 123.2035 2.6368 169.3260 5.9463 109.4391 2.5465 168.8144 0.0182 -1.7519 3.5330 41.1557 2.5033 170.4449 0.8680 167.4214 3.9845
2690 93.9794 2.5933 157.7591 4.0403 124.1878 2.5387 169.5357 5.8705 108.0536 2.5331 169.2325 -0.1153 -1.1343 3.3866 41.2072 2.4954 170.2359 0.8442 167.3189 4.0551
2691 95.1559 2.4566 158.8323 3.8219 125.2493 2.4683 169.5045 5.5501 106.8571 2.4065 168.7224 -0.0796 -0.8819 2.8239 41.2078 2.4686 170.0977 0.6991 167.6519 4.4967
2692 96.4420 2.6222 159.9005 3.7418 126.3125 2.4605 169.1794 5.4721 105.2055 2.6286 168.7657 -0.1110 -0.3329 2.8540 41.4324 2.5001 170.2532 0.3976 168.0050 4.4772
2693 97.3610 2.5523 160.8276 3.9624 127.4327 2.4323 169.1445 4.7623 104.0819 2.5788 168.4512 -0.2866 0.1019 2.5728 41.8497 2.4103 169.8920 0.4860 168.2263 4.0195
2694 98.2567 2.5196 161.7674 3.7267 128.4099 2.6398 169.1603 4.6058 102.9688 2.5998 168.4535 -0.4549 0.6625 2.7537 42.2244 2.3884 169.5127 0.8910 168.4651 4.1335
2695 99.0920 2.5240 162.9541 3.5619 129.2069 2.5274 168.5670 4.2620 101.8029 2.5495 168.2506 -0.4435 1.3331 2.7360 42.5366 2.4679 169.2038 1.1409 168.4072 3.9416
2696 100.0811 2.5785 163.9021 3.8312 130.2918 2.5376 168.2674 4.4198 100.5128 2.4468 167.9747 -0.2961 1.9798 2.6877 43.7079 2.5165 168.8137 0.8613 168.7347 3.4861
2697 100.5339 2.4812 164.6331 4.0161 130.8534 2.5473 167.9214 4.7038 99.2601 2.3931 167.9581 0.0005 2.4043 2.5710 44.8841 2.5880 168.8077 1.0969 169.3175 3.2987
2698 101.0593 2.3874 165.4369 4.0420 131.1867 2.4405 167.7709 4.9168 98.2232 2.5842 167.7352 0.1106 2.6643 2.4449 45.5675 2.6028 169.0572 1.0595 169.7373 3.2314
2699 101.4177 2.5242 166.2487 3.8462 131.7630 2.4404 167.7623 4.8175 96.8626 2.5275 167.4278 -0.2753 2.8482 2.3641 46.3032 2.5028 169.2188 1.3398 169.7195 3.1148
2700 101.5322 2.4687 166.5480 3.5581 132.2089 2.5573 167.3891 4.7143 95.0907 2.4850 167.0826 -0.1857 3.2432 2.4301 47.1153 2.3567 168.9995 1.5391 169.6507 3.2920
2701 102.5022 2.5186 166.8899 3.4497 132.6598 2.4118 167.5092 4.9278 93.6029 2.5291 166.8820 -0.2033 3.3624 2.2825 47.8876 2.4654 168.5753 1.5252 169.5753 3.2387
2702 103.3346 2.4955 167.5510 3.3264 132.3835 2.5246 167.5278 4.8504 92.1790 2.3759 166.9022 -0.2155 3.0373 2.3336 48.6790 2.4509 168.1795 1.5569 169.5698 3.4205
2703 103.7236 2.5020 168.0181 3.0475 132.4051 2.4213 168.2256 5.0402 91.2336 2.4155 166.6942 -0.5532 2.4499 2.1552 49.5705 2.5546 168.3621 1.2951 169.5887 3.2385
2704 103.5840 2.5051 168.4831 2.7386 132.4760 2.5260 168.4646 4.9859 90.1437 2.4555 166.8056 -0.5801 1.7642 2.1892 50.4234 2.5651 168.2005 1.1683 169.2923 2.9130
2705 103.2485 2.5072 168.9200 2.5141 131.9798 2.5319 168.5160 4.9628 89.0224 2.5264 167.0234 -0.3026 1.5417 1.9674 51.0763 2.4802 168.2266 0.9220 169.1603 2.8912
2706 102.9839 2.5834 168.8823 2.1678 131.5627 2.4143 168.6790 4.9649 87.5097 2.3583 167.3084 -0.1010 1.0474 1.4821 51.6329 2.4045 168.4142 1.2611 169.1571 2.7480
2707 102.9946 2.5297 168.2205 1.8221 131.2675 2.5537 168.9209 5.0042 86.1301 2.4591 167.6903 -0.2409 0.3213 1.2842 52.3387 2.4561 168.6138 1.4447 168.7735 2.6237
2708 102.3669 2.4154 168.4941 1.5899 130.6995 2.5242 168.5780 4.6614 85.1231 2.5342 167.6517 -0.3511 -0.2671 0.8788 52.5166 2.4051 168.9999 1.4510 168.6684 3.1879
2709 101.9522 2.5858 168.4896 1.4228 129.9487 2.6071 169.2062 4.9091 84.1069 2.6650 167.9948 -0.1090 -0.4440 0.9459 52.3816 2.4056 169.1390 1.7172 168.5176 3.1858
2710 101.1434 2.5130 168.5378 1.0804 128.9906 2.5649 169.2666 4.5919 82.9287 2.5205 168.2203 -0.2344 -1.2915 0.8244 52.9500 2.5028 169.1745 2.0354 168.5845 3.3717
2711 100.3287 2.4728 168.2240 1.1134 128.0482 2.4393 169.0714 4.2371 82.2130 2.6381 168.3614 -0.3179 -1.8914 1.0396 52.5879 2.4419 169.3899 2.4664 168.4509 3.2671
2712 100.0913 2.5338 167.8743 0.4858 127.1486 2.3035 169.0386 3.7779 81.2724 2.4507 168.3498 -0.4824 -2.5735 1.1269 52.7884 2.5759 169.0762 2.5845 168.3496 3.3866
2713 98.9004 2.5131 167.8797 0.3756 125.7875 2.3948 168.9348 3.4640 80.8013 2.4796 168.2118 -0.2375 -2.9574 1.2171 52.7153 2.4442 169.1233 2.7405 168.5553 3.4815
2714 98.2700 2.3634 167.8584 0.3340 124.4336 2.3839 169.0643 3.0257 80.7008 2.4548 168.1016 -0.2371 -3.7012 1.4045 52.4069 2.3672 169.5157 2.9887 168.5164 3.6615
2715 97.1806 2.3656 167.4214 0.3675 123.2889 2.4923 168.9465 2.2466 79.7841 2.5485 168.2616 -0.4116 -4.2195 1.6158 51.9796 2.4897 169.4525 3.4640 168.3200 3.2101
2716 95.8890 2.6252 167.3496 -0.1035 121.9434 2.2848 168.9264 1.6217 79.0758 2.5346 168.2047 -0.9217 -4.7413 1.7463 51.2120 2.5054 169.2045 4.1202 168.4393 3.4608
2717 94.5749 2.4967 167.2238 -0.0916 120.7382 2.6961 169.1282 1.2583 78.3876 2.5473 168.4443 -0.8890 -5.1903 1.9629 50.4352 2.3650 169.0738 4.2127 168.0858 3.7260
2718 93.3559 2.5191 167.3156 -0.2441 119.4267 2.4621 168.8397 1.0442 77.6708 2.5508 168.8271 -0.8874 -5.6712 2.4814 49.8146 2.5239 169.1842 4.4682 168.3760 3.8329
2719 91.9262 2.6667 167.2290 -0.1308 118.2031 2.5903 169.0073 0.6932 77.2554 2.4107 168.9905 -0.5957 -6.2960 2.5328 48.5253 2.5763 169.2171 4.6904 168.4898 3.7139
2720 91.2890 2.5839 167.4314 0.1393 117.1555 2.5282 169.3293 0.6626 76.9891 2.4940 168.8581 -0.6147 -6.3984 2.8883 47.0713 2.4408 169.2836 5.0558 168.5626 3.7918
2721 90.4838 2.5115 167.1580 -0.4299 116.1883 2.7492 169.4920 0.6455 76.8453 2.4888 169.0797 -0.3504 -6.6343 3.0335 45.8167 2.5129 169.0155 5.4383 168.7291 3.8960
2722 89.6983 2.4272 166.6770 -0.6756 115.3386 2.7067 169.5218 0.5987 76.5997 2.5142 168.9361 -0.4545 -6.7097 3.2824 44.7795 2.5656 169.2220 5.4649 169.2031 4.0785
2723 89.4144 2.4672 166.4134 -0.5277 114.5794 2.7116 170.2045 0.5493 76.2313 2.4958 168.9298 -0.4899 -6.5794 3.4775 43.3024 2.5677 169.1555 5.4800 169.5348 3.8880
2724 88.8680 2.3726 166.8732 -0.4167 113.9890 2.6586 170.5356 0.4153 75.7784 2.5779 168.9234 -0.2668 -6.7694 3.8081 41.7025 2.4107 169.0549 5.5660 169.8896 4.0246
2725 88.0097 2.3957 166.1649 0.0212 112.7354 2.4771 170.6952 0.9922 75.5982 2.5527 168.9643 -0.4697 -7.1730 3.9890 40.5713 2.3999 169.0552 5.5040 169.8214 4.2230
2726 87.4991 2.6286 166.3457 0.2203 112.4999 2.5901 170.6624 1.1295 75.4481 2.5903 168.7059 -0.3847 -7.2367 3.9585 39.3546 2.4758 169.0134 5.6321 169.9751 4.2809
2727 87.0999 2.5594 166.6786 0.1356 112.2411 2.4447 170.3900 1.0250 75.2607 2.5403 168.3566 -0.7545 -7.3371 4.1770 38.2772 2.3625 169.0161 6.2003 170.0836 4.2322
2728 86.5452 2.4343 166.9698 0.0441 111.7174 2.5270 170.4446 1.3974 75.1412 2.4762 168.5314 -0.5866 -7.3463 4.3417 36.9237 2.5567 169.2386 5.9119 170.2511 3.6086
2729 86.2234 2.5248 167.0967 0.0904 112.1184 2.4860 170.6822 1.8097 75.0246 2.4856 168.4157 -0.4978 -7.0584 4.7512 35.4072 2.4410 169.1813 5.8131 170.6093 3.0546
2730 85.7302 2.5119 167.4220 0.2612 112.2049 2.5141 170.5162 1.9905 74.6307 2.5712 167.8943 -0.4463 -6.7965 4.8518 33.8791 2.5294 169.4795 5.7746 170.9891 2.8533
2731 85.5712 2.5442 167.7341 0.2565 112.1164 2.4639 170.5178 1.9062 74.6847 2.5682 167.5322 -0.3811 -6.2984 4.6440 32.3534 2.5890 169.5309 5.8734 171.2407 2.4317
2732 85.6863 2.5606 167.6139 0.0686 111.8407 2.5446 169.9628 1.7204 74.5034 2.5415 167.4762 -0.2204 -5.9528 4.6305 31.2207 2.4268 169.3160 6.0308 171.4034 2.3325
2733 86.1546 2.4843 167.8601 0.0595 111.9917 2.5844 170.2603 1.4944 74.3500 2.4998 167.6987 -0.2058 -5.6566 5.0561 29.5776 2.6286 169.1390 5.9558 171.5888 2.3672
2734 86.3439 2.3978 167.8349 -0.1041 112.2265 2.5654 170.1703 1.2941 74.1711 2.6184 167.5995 0.1854 -5.3632 4.8172 28.2529 2.5635 169.0167 6.0344 171.4275 2.5884
2735 86.8185 2.6374 168.1780 -0.2297 112.6893 2.4924 170.2160 1.1760 74.4272 2.5101 167.3135 0.3781 -4.9949 4.8205 27.1935 2.4625 168.7013 5.7920 171.4462 2.7305
2736 87.2171 2.5080 168.3842 -0.3188 113.0804 2.4786 170.0547 0.9456 74.4983 2.4574 167.1774 0.9213 -4.7271 4.6318 26.2923 2.6253 168.5359 5.6785 171.6535 2.1835
2737 87.7412 2.5623 168.1233 0.0017 113.1407 2.4356 169.9402 1.0407 74.1400 2.4397 166.7383 1.0842 -4.9906 4.9137 25.2679 2.4483 168.2565 5.5114 171.2052 1.9653
2738 88.2728 2.6417 168.0303 -0.0576 114.0598 2.4399 169.9518 0.8053 73.7153 2.6039 166.8778 1.1261 -4.9264 5.1604 24.4176 2.5742 167.8496 5.5751 171.2412 2.0320
2739 88.4790 2.4890 167.8380 -0.1785 114.4829 2.5926 169.7345 0.9900 73.7511 2.6076 166.5408 1.2698 -5.0194 5.0207 23.5456 2.4540 167.7581 5.6656 171.1411 2.1501
2740 89.1651 2.4285 167.7059 -0.3127 114.9058 2.5269 169.9862 1.0207 72.9191 2.4871 166.6916 1.3735 -4.6993 5.0930 22.5866 2.4982 167.7135 5.2661 170.9684 2.1152
2741 89.9206 2.6104 167.6020 -0.4959 115.8571 2.5451 170.1065 1.1141 72.2501 2.3145 166.9036 1.6033 -4.7529 5.0624 21.9603 2.6072 167.8402 5.3245 171.0318 2.4152
2742 90.6725 2.5279 167.3552 -0.2045 116.4852 2.5892 170.3197 1.4349 71.3786 2.5322 166.5978 2.0211 -4.9383 5.2252 21.2565 2.4945 167.7996 5.2102 171.2561 2.5435
2743 91.5271 2.4327 167.4532 0.1831 117.1185 2.4906 170.5327 1.4947 70.3018 2.3879 166.4203 2.1527 -5.0798 5.4175 20.9398 2.4348 168.0814 4.8244 171.6109 2.8223
2744 91.8248 2.6260 167.3952 0.1471 117.5946 2.6057 170.0390 1.6116 69.0489 2.5035 166.6113 2.4865 -5.2969 5.4281 20.6414 2.4470 168.2425 4.3894 171.3846 3.1157
2745 92.2006 2.6033 167.4843 0.2264 118.1797 2.4450 170.3105 1.9075 68.2057 2.4278 166.3985 3.0577 -5.5731 5.1994 20.5540 2.5078 168.5381 4.2918 171.2220 3.5859
2746 92.5400 2.6567 167.6149 0.3075 118.5498 2.4854 170.0372 2.0052 66.9224 2.5698 166.3324 2.9732 -5.7656 4.6481 20.4152 2.4800 168.3630 4.4115 171.3408 3.9373
2747 93.1563 2.5092 167.2466 0.4890 118.9933 2.4927 169.5113 1.4128 65.4547 2.3820 166.2722 3.2957 -6.0652 4.5794 20.5502 2.5712 167.9701 4.4774 171.3994 4.2749
2748 93.5304 2.5211 167.2854 0.3998 119.4151 2.4654 169.1995 1.2877 64.0366 2.2667 166.9034 3.4702 -6.5333 4.5817 20.5884 2.5892 168.0804 4.0802 171.1420 3.9554
2749 93.6111 2.5112 167.5548 0.6265 119.8394 2.5631 168.9198 0.9070 62.8559 2.4655 166.7230 3.7842 -7.0181 4.5646 20.9605 2.5276 168.2000 4.0003 171.0335 3.9197
2750 93.6995 2.5664 167.1708 0.9030 119.9538 2.4693 168.5372 0.8219 61.4938 2.6716 166.7695 4.3334 -6.9839 4.4428 21.3981 2.4825 167.9387 3.9348 170.7071 3.9433
2751 93.4071 2.5416 167.1132 0.8679 119.9339 2.5790 168.6623 0.4035 60.0522 2.6066 167.3152 4.5372 -7.3102 4.6192 21.7029 2.6063 167.6868 3.7650 170.6683 4.5320
2752 93.2457 2.6089 167.0321 1.1124 119.6094 2.4560 168.2314 0.2563 58.7346 2.7000 167.5761 4.8206 -7.3565 4.8427 21.8378 2.4581 167.5216 3.7049 170.3993 4.3070
2753 93.0167 2.5336 167.0175 1.7436 119.6257 2.5000 168.2686 0.2683 57.1987 2.6780 168.2515 4.5964 -7.7496 4.9521 22.6124 2.4682 167.4725 3.7244 169.9576 4.4728
2754 92.9621 2.4608 167.2317 2.0338 119.0966 2.5876 168.3380 -0.0806 55.7729 2.3351 168.4975 4.3481 -8.1204 4.7742 23.2583 2.5005 167.4622 3.5783 169.6226 4.1896
2755 92.2962 2.4160 167.3437 2.2485 118.6435 2.4658 168.3284 -0.2942 54.5985 2.3540 168.5570 4.3182 -8.5643 4.9981 24.1631 2.5603 167.5335 3.7754 169.5628 3.7191
2756 91.9730 2.4900 167.0609 2.3050 118.3521 2.4971 168.4805 -0.4585 53.5915 2.4345 168.4743 4.8757 -8.8440 4.9311 24.6255 2.6027 167.3512 4.0908 169.2336 3.6303
2757 91.2372 2.5229 167.4289 2.2017 117.6587 2.5837 168.5676 -0.2366 52.0696 2.3644 168.4848 4.5194 -8.9529 4.5971 25.2579 2.5343 167.5606 4.6090 169.4115 3.5475
2758 90.7591 2.5349 167.7461 2.4197 116.6635 2.6001 168.5941 -0.3359 50.6121 2.5196 169.0632 4.4083 -9.2775 4.5677 26.1607 2.4416 167.8039 4.5461 169.2758 3.3957
2759 89.9105 2.5841 167.9166 2.7917 115.7993 2.6290 168.8630 0.0205 49.3496 2.4182 169.0842 3.8254 -9.1698 4.8755 27.3292 2.3152 167.8863 4.5382 169.5290 3.5758
2760 88.8358 2.5307 167.8849 2.9841 115.0926 2.4897 169.4043 0.6303 48.1822 2.3352 169.3169 3.9872 -9.6925 4.8979 28.0327 2.5924 168.3977 4.7374 169.6970 3.6078
2761 87.9008 2.5412 168.2414 3.1616 114.3780 2.4739 169.9159 0.9781 46.7961 2.4895 169.7298 4.1279 -9.4510 5.0323 28.3699 2.4411 168.7264 4.6411 169.9328 3.5426
2762 86.6063 2.3360 168.6430 3.2151 113.7315 2.4692 169.8304 1.2632 45.6393 2.4001 170.1714 3.8580 -9.5436 4.8101 29.2897 2.5235 169.1043 4.5935 170.1904 3.3123
2763 85.2443 2.5001 168.6355 3.3769 113.0353 2.5504 169.4978 1.7251 44.3751 2.5350 170.3010 3.5138 -9.7663 4.9920 29.7938 2.4593 169.5593 4.0964 170.3983 3.3672
2764 83.6979 2.5484 169.0962 3.4141 112.2963 2.4862 169.3572 2.0078 43.1314 2.6511 170.3945 3.1229 -9.8733 4.6036 30.2819 2.6063 169.9128 3.7660 170.8204 3.3400
2765 82.2393 2.3672 169.1880 3.2746 111.3732 2.4124 169.4878 1.9321 41.9015 2.5055 170.3926 2.4442 -9.7395 4.3557 30.5156 2.6477 170.5030 3.5213 171.1572 3.5290
2766 80.8771 2.4318 169.1357 3.2589 110.8365 2.4095 169.4747 2.3725 41.3280 2.6077 170.2961 2.1296 -10.0245 4.0284 31.0757 2.4671 170.8479 3.1812 170.8626 3.6446
2767 79.3122 2.6131 169.3714 3.2050 110.2849 2.4943 169.5001 2.1865 40.6604 2.4289 170.3201 2.1538 -9.6933 3.9741 31.5070 2.4941 170.8603 2.8424 171.1222 3.4957
2768 77.6398 2.5073 169.4091 3.2369 109.7074 2.3905 169.3127 2.7783 40.4862 2.6026 170.2079 2.4548 -9.4241 3.8830 31.5792 2.5250 170.5992 2.4201 171.1482 3.7818
2769 76.4659 2.4379 169.4799 3.3443 109.3955 2.4250 169.2099 3.1027 39.5143 2.5916 170.1970 2.9240 -9.2863 3.8136 31.4217 2.4647 170.3068 1.9555 171.1212 4.0566
2770 74.7245 2.4880 169.2079 2.9902 109.2084 2.5075 169.5769 3.2455 39.1117 2.5403 170.3270 3.3193 -9.1456 3.7549 31.4184 2.4944 170.3811 1.8175 171.2313 3.9852
2771 72.9049 2.4247 169.1797 2.9969 109.2077 2.5264 169.8495 3.2708 38.7212 2.6265 170.2582 3.3956 -9.0302 3.6219 31.7785 2.4154 169.7619 1.4704 171.2405 4.1598
2772 71.4776 2.4278 169.1547 2.4564 109.1523 2.5223 169.4054 3.5304 38.2983 2.5881 170.3502 3.7787 -8.4944 3.7729 31.5810 2.4769 169.3605 1.4462 171.4312 4.2581
2773 69.9523 2.6252 169.5780 1.7076 109.4568 2.4309 169.4865 3.6117 38.3381 2.5154 170.5413 3.8276 -8.5236 3.9791 30.7459 2.4332 169.0544 1.5953 171.1985 4.6005
2774 68.5058 2.4773 169.3522 1.5752 109.5355 2.6045 169.3331 4.0013 38.4296 2.5393 170.5767 3.7530 -8.3561 3.6135 30.2227 2.4707 168.7110 1.2380 170.7449 4.6027
2775 67.3631 2.5197 169.3876 1.1343 110.2040 2.4919 169.3585 4.1133 38.4932 2.4612 170.9572 3.6357 -7.8492 4.0866 29.7897 2.5473 168.4045 1.2409 170.2506 5.1378
2776 66.2939 2.5134 169.4608 0.8786 110.9555 2.6410 169.3780 4.3678 38.7311 2.4504 170.8611 3.5968 -7.7456 4.4900 28.6917 2.5906 167.9411 1.3614 170.3810 5.3580
2777 65.2011 2.4514 168.9413 0.3753 111.0800 2.4734 169.4437 4.3592 39.0664 2.4827 171.0229 3.3147 -7.6906 4.4865 27.5147 2.4753 167.7433 1.2145 170.1775 5.4052
2778 63.8465 2.4287 168.7371 0.6046 111.9303 2.4818 169.3763 4.8104 39.3835 2.5208 171.2090 3.4531 -7.5272 4.9762 26.0447 2.4126 167.4548 1.0144 169.7085 5.2158
2779 62.3160 2.3404 168.9156 0.5091 112.7567 2.5111 169.4122 4.7905 39.8721 2.5064 171.1050 3.0225 -7.4197 4.9123 25.0481 2.4785 167.4817 1.1020 169.5533 4.7463
2780 60.9510 2.6005 168.9175 0.4185 113.7776 2.4996 169.4973 4.7047 40.3920 2.4051 171.2101 2.6599 -7.5379 5.1437 24.0319 2.3736 167.5593 0.9213 169.5959 4.7596
2781 59.5918 2.4833 168.6553 0.3060 114.7967 2.6308 169.0615 4.9262 40.7750 2.3586 171.3005 2.3331 -7.3454 5.0485 23.0141 2.6471 167.1623 0.5078 169.7527 4.4571
2782 58.4350 2.5057 168.9270 0.2398 116.2092 2.3891 169.1606 5.0017 41.6309 2.4084 171.0352 2.6502 -7.3276 5.2134 22.0425 2.5127 166.6919 0.3967 169.4903 4.1615
2783 57.4160 2.3765 169.1631 0.2074 117.1275 2.5548 169.1220 4.6533 42.3869 2.5566 170.7255 2.6140 -6.8636 5.3169 21.1370 2.5879 165.9025 0.4810 169.6055 4.0805
2784 56.2531 2.6248 169.3033 0.0908 118.3996 2.4641 169.4181 4.3439 43.7165 2.4273 170.7439 2.0713 -6.6123 5.2760 20.1321 2.5738 165.9324 -0.1878 169.9840 4.1745
2785 55.3825 2.4612 169.1389 -0.2316 120.0049 2.5946 169.5566 4.2338 44.2457 2.5057 170.6992 1.9059 -6.5518 5.1787 19.8430 2.4268 165.7532 -0.2621 169.7790 4.1751
2786 54.8753 2.4066 169.3996 -0.5049 121.1084 2.4982 169.7909 3.9460 44.7779 2.5873 170.7871 1.7335 -6.1247 5.1649 19.0557 2.5220 166.1390 -0.3666 170.0271 4.1975
2787 53.7607 2.4529 169.4032 -0.4998 122.7847 2.6001 170.0786 3.8149 45.8055 2.6717 170.4781 1.5363 -5.5881 5.2145 18.8163 2.5870 165.9511 -0.5100 169.8700 4.4413
2788 52.5431 2.5508 169.3604 0.0578 123.9959 2.7575 170.1142 3.0556 46.7950 2.4882 170.4891 1.3705 -5.8636 5.1894 17.7716 2.5772 166.1750 -0.4198 169.7410 4.5967
2789 52.1007 2.4759 169.5601 0.2377 125.3383 2.5099 170.2161 3.0916 47.4656 2.5161 170.3206 0.8181 -5.7122 4.8720 17.4329 2.5551 166.0165 -0.1518 169.6931 4.8502
2790 51.1662 2.5958 169.5269 0.0842 126.7783 2.5913 170.2747 2.6913 48.2790 2.4360 170.4336 0.6420 -5.8557 4.6776 17.1265 2.5266 165.9247 -0.1624 169.5018 4.6795
2791 50.6347 2.5154 169.6811 -0.0325 128.2011 2.6957 170.0326 2.9964 48.5778 2.4041 170.2197 0.5450 -6.1033 4.2596 17.1848 2.5295 165.7339 0.0320 169.5886 4.9421
2792 49.9753 2.5755 169.8928 0.0539 129.2754 2.6264 170.2473 2.7559 49.1834 2.4675 170.0390 -0.0121 -5.8833 3.8625 17.1357 2.4473 165.8493 -0.0197 169.6311 4.7722
2793 49.6716 2.6242 170.0195 0.0978 130.4173 2.6593 169.8814 2.6867 49.4832 2.5302 169.8721 -0.0252 -6.2872 4.0345 17.2530 2.4773 166.2305 0.0464 169.8899 4.7335
2794 49.7105 2.5070 169.9640 0.1572 131.9146 2.4850 169.2467 2.5486 49.6479 2.5436 169.9617 0.0769 -6.6118 3.9992 17.7220 2.5731 166.8599 0.2520 169.6153 4.7011
2795 49.2711 2.4377 169.9610 0.2095 133.5616 2.6968 168.7360 2.2837 49.6529 2.4812 169.9576 0.2403 -6.8808 4.3413 17.9370 2.5223 167.2614 0.5465 169.7328 4.5846
2796 49.3570 2.5033 169.8645 0.4279 135.1847 2.4137 168.7558 1.8823 49.4816 2.3787 169.9781 0.2948 -6.5560 4.6800 18.2838 2.6001 167.4024 0.9774 170.1287 4.5442
2797 49.5116 2.5682 169.7537 0.7553 136.5365 2.6117 168.8458 1.5268 49.4221 2.5110 169.6036 0.4200 -6.5872 4.8371 18.6930 2.4730 167.7285 1.3161 170.1789 4.2263
2798 49.4347 2.4883 170.0082 0.9797 137.7047 2.5435 168.9082 1.3077 49.1051 2.5185 169.5089 0.4316 -6.6417 4.7972 18.8955 2.5010 168.2131 1.6251 170.1405 4.4904
2799 49.5577 2.4846 170.3457 0.8100 139.0212 2.4020 168.7161 0.9274 49.2701 2.5117 169.8687 0.9462 -6.5304 5.1981 19.4034 2.4625 168.3529 1.5071 170.0905 3.9876
2800 50.1752 2.4802 170.3841 0.7236 140.6572 2.6581 168.5551 0.3184 48.5185 2.4666 169.8234 1.3977 -6.6283 5.7962 19.7170 2.3761 168.6760 1.6681 170.4601 3.5246
2801 50.2445 2.5347 170.4634 1.1160 142.0694 2.5520 167.9318 0.2242 47.5652 2.4352 169.6822 1.1422 -6.8648 5.7102 20.1270 2.5092 168.8975 1.9045 170.0651 3.0359
2802 50.7396 2.4169 170.2146 0.8769 143.4012 2.5095 167.7499 0.3570 47.2827 2.4655 170.1737 1.7600 -7.1417 5.4488 20.6248 2.4771 169.3795 2.0697 170.2003 2.7173
2803 51.2573 2.5550 170.4335 0.9574 144.8773 2.4145 167.6938 0.4912 47.2574 2.5307 170.2071 1.7916 -7.0871 4.9488 20.8100 2.4218 169.5058 2.0694 169.9514 2.6494
2804 51.6646 2.5191 170.2737 1.2556 146.1972 2.6231 167.4623 0.0692 46.9509 2.6110 170.5493 2.5336 -7.0154 4.8936 21.2113 2.4716 169.6743 1.9380 170.2497 2.3705
2805 51.6637 2.5575 169.9403 1.8240 147.2717 2.9257 167.2977 -0.0952 46.4106 2.4974 170.7643 2.7122 -6.7740 4.1807 21.2913 2.4798 169.5074 2.1744 170.2826 2.1960
2806 52.2165 2.6212 169.8426 2.1004 148.4351 2.8809 167.0525 -0.3205 46.1254 2.4251 170.8687 2.4771 -7.1389 3.9662 21.6670 2.4860 169.4171 2.4080 170.7294 2.0447
2807 52.8164 2.5805 169.7780 1.9581 149.6439 2.9190 167.2513 -0.5562 45.5126 2.4454 171.4577 2.2937 -6.7196 3.4998 21.7802 2.5128 169.2581 2.2405 170.9077 2.2138
2808 53.3324 2.5078 169.7029 1.9689 150.9604 3.0558 167.5205 -0.6369 45.3157 2.5422 171.5741 2.2077 -6.6742 3.2351 21.5234 2.5015 169.1235 2.5491 171.0098 2.1779
2809 53.4608 2.4275 169.6873 2.1841 152.3905 3.1998 167.2179 -0.7229 45.2584 2.5482 171.6907 2.0360 -6.6531 2.5268 21.4896 2.5138 169.1555 2.6914 171.3419 1.9184
2810 53.7645 2.5315 169.2345 1.9169 153.8487 3.4416 167.3228 -0.9975 45.2305 2.5598 171.3577 2.4460 -5.9377 2.5448 21.3673 2.5864 168.8855 2.9630 171.0858 2.0047
2811 53.9811 2.4918 169.0706 2.4288 155.2797 3.6049 167.2559 -1.1324 45.3682 2.5429 171.4215 2.3483 -5.8446 2.0251 20.9454 2.5348 168.2840 2.9807 171.1806 1.8544
2812 53.8097 2.4267 168.6446 2.4045 156.4286 3.8021 166.8600 -1.2232 45.2649 2.4812 171.4859 1.9024 -5.5471 1.5253 20.5178 2.4706 167.9848 3.1526 171.1724 1.6888
2813 53.9907 2.4279 168.6663 2.1043 157.6989 3.9656 166.9695 -0.8211 45.8327 2.4695 171.3805 1.5244 -5.6194 1.1079 20.0405 2.3571 167.4874 3.4158 171.4290 2.0418
2814 54.1288 2.4599 168.6927 2.1225 158.8806 4.3583 166.4525 -0.6162 46.0552 2.3870 170.9530 1.0657 -5.6418 1.0339 19.3006 2.5444 167.0040 3.4079 171.2764 1.9949
2815 54.2705 2.4901 168.4994 1.6672 160.1557 4.3946 166.5320 -0.4000 46.7134 2.4884 170.5043 0.8830 -5.3477 1.0405 18.8709 2.5949 167.0902 3.3881 170.9496 1.8673
2816 54.1198 2.5317 168.1399 1.5257 160.7467 4.2689 166.3388 -0.7224 46.9575 2.5139 170.1832 0.7195 -5.3576 1.0752 17.9282 2.4880 166.5267 3.5422 170.7991 1.7404
2817 53.7407 2.4975 168.6387 1.3286 161.2245 4.0930 166.3631 -0.1209 47.5773 2.5519 169.6747 0.9138 -5.7238 0.9018 17.0250 2.6062 166.4867 3.7273 170.4289 2.1076
2818 53.3321 2.5327 168.9146 1.1396 162.4881 4.0215 166.2975 -0.2729 48.3209 2.5801 169.4565 1.1254 -5.6357 0.9339 16.2320 2.4811 165.7165 3.7328 170.2957 2.7888
2819 53.0073 2.4465 169.3675 0.6696 163.4344 3.8913 166.4326 -0.0112 49.3842 2.4404 168.6659 1.2010 -5.4195 0.9844 15.0773 2.4850 165.3005 3.6566 169.6643 2.8966
2820 52.9558 2.5730 169.2147 0.8355 164.3911 3.7295 166.7624 -0.0440 50.0751 2.4651 168.2803 1.0196 -5.5482 0.8349 13.8636 2.5093 165.2087 3.7742 169.4677 2.9359
2821 52.8515 2.6073 169.7759 0.9957 165.0007 3.6706 167.0010 -0.0944 50.8881 2.2397 167.8706 1.4835 -5.9920 1.0087 12.5130 2.9426 164.8441 3.4598 169.3749 2.8595
2822 52.3309 2.5637 169.4566 1.3490 165.1900 3.2921 166.8554 0.4011 51.7881 2.4055 167.5429 1.3214 -6.2946 1.0430 11.1140 2.9888 164.6411 3.4369 169.1475 2.8426
2823 51.8849 2.6119 169.8712 1.8844 165.9111 3.0268 167.1152 0.9215 53.0271 2.3751 167.0592 1.5244 -6.2613 0.7440 9.6960 2.9989 164.6474 3.3184 168.9849 3.0566
2824 52.0560 2.5621 170.1289 2.2460 166.1100 2.8235 166.8984 1.5926 53.6944 2.5983 166.5679 1.6228 -6.1796 1.1148 8.2748 3.0663 164.5172 3.5369 168.7493 3.2713
2825 51.9540 2.5902 169.5942 2.3139 166.6589 2.5123 167.2571 1.7264 55.0161 2.5669 166.2160 1.3562 -6.2478 1.0746 7.4119 2.9854 164.3766 3.1395 168.5862 3.2581
2826 51.8840 2.5112 169.5900 2.3279 166.9345 2.6361 166.8479 2.3256 55.9818 2.6033 165.4867 0.9676 -6.0489 0.9173 6.8164 3.1987 164.5290 3.5443 168.3249 3.4281
2827 51.3881 2.4426 169.4599 2.3928 167.4655 2.5399 166.5352 2.2156 56.7641 2.4879 164.7820 1.1485 -6.1360 0.5266 5.9353 3.4444 164.7701 3.2346 167.9088 3.7687
2828 51.2691 2.5225 169.6319 2.6394 168.1158 2.5733 166.1041 2.5408 57.2960 2.4189 163.9869 1.2166 -5.9215 0.1908 4.9792 3.5504 164.9179 3.3922 167.7457 3.8684
2829 51.1808 2.4701 169.7421 2.4296 168.6193 1.9199 166.0553 2.6269 58.1630 2.4904 163.1653 1.1034 -5.8662 0.5065 3.9803 3.4263 164.9679 3.6514 167.4911 4.2344
2830 51.4730 2.4952 169.6208 2.7452 169.0186 1.8172 165.9093 2.6672 59.1678 2.4110 162.4124 0.8358 -5.8701 0.7465 2.7884 3.5148 165.2052 3.8545 167.1588 4.8665
2831 51.3216 2.4175 170.0834 2.9124 169.7302 1.3864 165.7127 2.6389 59.8875 2.5500 161.6843 0.6652 -5.8216 0.8826 2.3788 3.3541 165.5032 3.9071 166.6300 5.0960
2832 51.6373 2.3984 169.9917 3.1743 170.0266 1.3493 165.9071 3.0201 60.0186 2.3987 160.4322 1.0379 -5.6736 1.3061 1.8298 3.4986 165.6008 3.9892 166.6838 5.1675
2833 51.9664 2.3839 169.4465 3.5626 170.2382 1.2675 165.7451 3.1022 60.3973 2.4403 159.0111 1.1537 -6.0009 1.3078 1.2921 3.5992 165.8871 4.5975 166.7648 4.8979
2834 52.5941 2.5128 169.3509 3.4530 170.1187 0.8279 165.5312 3.3929 60.7479 2.4509 157.8263 1.0939 -6.2429 2.0687 0.9399 3.8761 166.1813 4.3326 166.8385 5.0359
2835 52.9258 2.3729 169.1803 3.3479 170.1847 0.4582 164.9989 3.6073 60.8816 2.5107 156.9285 1.1907 -6.7993 2.4194 0.7171 3.8043 166.7862 4.1201 166.7662 4.6385
2836 53.9880 2.6329 169.2082 3.0745 170.0436 -0.1546 164.7727 3.6763 60.7982 2.5326 156.2231 1.5852 -7.1096 3.0398 0.9532 3.6966 167.2997 3.9730 166.8952 4.8548
2837 54.7973 2.4848 168.7961 2.9262 170.0388 -0.3610 164.5808 3.7062 60.5546 2.5124 154.6612 1.6242 -7.3408 3.2779 0.8421 3.7502 167.8410 3.8869 167.1217 4.7904
2838 55.6227 2.6671 168.1445 3.1530 169.7627 -0.4998 165.0099 3.4833 60.3328 2.5726 153.4319 1.6499 -7.6882 3.4298 1.0529 3.6169 167.9889 3.8605 167.4030 4.4262
2839 56.7269 2.6449 167.4485 3.4403 169.7625 -0.9199 165.4410 3.6714 59.7512 2.5029 152.4612 1.6817 -7.9307 4.1221 1.2168 3.7585 168.5781 3.4651 167.3976 4.4643
2840 58.1132 2.5969 166.6102 3.3890 169.2461 -1.0568 165.9486 3.5139 59.2049 2.4481 151.2235 1.9341 -7.9639 4.6305 1.5368 3.7787 168.2888 3.5371 167.4074 4.0740
2841 59.6458 2.5438 165.5961 3.9134 169.1414 -1.0221 165.8844 3.4262 58.6109 2.4240 150.0172 2.0861 -8.4796 4.7991 1.9272 4.0214 168.2385 3.7633 167.4256 3.7503
2842 61.0569 2.5162 165.1419 4.2583 168.7306 -0.7423 166.1938 3.4059 57.7263 2.6371 149.2839 2.2300 -8.8020 4.9874 2.2780 3.7215 168.2930 4.1461 167.9984 3.3512
2843 62.1596 2.3295 164.3033 4.6656 168.3239 -0.5141 166.7601 3.2342 57.1283 2.6225 148.4278 2.3246 -8.7250 5.0218 2.6241 3.6968 168.4588 3.7100 168.2567 2.9138
2844 63.1889 2.3694 163.0327 4.6941 168.0041 0.0503 166.8690 3.0238 56.0384 2.3595 147.6412 2.3823 -8.5589 4.9635 3.0593 3.9308 168.6098 3.7661 168.5632 2.7290
2845 64.7849 2.5465 161.8228 4.5438 167.6396 0.4183 166.8252 2.7996 54.8693 2.6642 146.5389 2.4515 -8.2503 4.7793 3.7394 3.7354 168.7436 3.8820 168.9041 2.8489
2846 66.1983 2.4836 160.8020 4.3241 167.5596 0.9311 166.8996 2.4117 53.7398 2.4266 145.8624 2.3748 -8.1353 4.7435 4.5634 3.6085 168.7906 3.2124 168.9435 2.9371
2847 67.3849 2.4879 159.9491 4.1815 167.1962 1.3349 166.6590 1.9227 52.3679 2.5998 145.2475 2.5017 -7.7705 4.3743 5.6854 3.6075 169.1598 3.0236 169.3170 2.7293
2848 68.6036 2.4224 158.7546 4.2082 166.6123 1.4707 166.7236 1.4322 51.1472 2.4374 144.8610 2.4761 -7.5883 4.4527 6.6678 3.5303 169.2426 3.1711 169.5254 2.7478
2849 69.9789 2.5132 157.8813 4.1479 166.1200 1.4029 166.5869 1.4625 50.0320 2.6637 144.4470 2.4705 -6.8561 4.1847 7.8729 3.5592 169.7452 2.9541 169.5835 2.4868
2850 71.3950 2.3292 156.4794 4.0272 165.3933 1.2888 166.3737 0.8278 48.7074 2.5353 144.2305 2.6284 -6.6716 4.1244 9.0210 3.2797 170.0847 3.0031 169.7232 2.3098
2851 72.7685 2.5312 155.2907 3.8256 165.0341 1.2739 166.7805 0.6691 47.2097 2.4973 143.6387 2.5481 -6.6827 3.7383 10.5390 3.1465 170.1488 3.2698 169.8577 2.7257
2852 74.2362 2.4282 154.3324 3.5444 164.5730 1.1598 166.9431 0.6423 46.0922 2.4321 143.6894 2.5112 -6.9459 3.9280 11.5805 3.0717 170.3871 3.2013 169.8890 2.6730
2853 75.5505 2.5845 153.0531 3.1511 164.3114 1.2943 166.6381 0.0154 44.7883 2.3875 143.4875 2.4976 -6.8309 3.9919 12.7609 2.8453 170.4571 3.0345 170.4270 2.3646
2854 76.6766 2.6024 151.7677 3.1604 164.1283 1.2016 167.1311 0.0869 43.3551 2.3882 143.3808 2.5636 -6.6193 3.8999 14.4477 2.7070 170.5305 3.0621 170.7498 2.1050
2855 78.3247 2.5134 150.5724 2.8499 164.1864 0.9858 167.2345 -0.0009 42.3835 2.6743 143.7628 2.5514 -6.2051 4.1890 15.8013 2.4224 170.1913 2.7543 171.0371 1.9464
2856 79.5412 2.5125 148.9767 2.9453 164.0013 1.1886 167.4269 -0.2024 40.7712 2.4597 144.3446 2.5054 -5.9061 4.2398 17.0653 2.5107 170.3388 2.7245 171.1920 1.6674
2857 81.0154 2.3647 147.7600 2.7034 164.1929 1.4034 167.4521 -0.3849 39.3591 2.3937 144.8907 2.4840 -5.1771 4.3116 18.3251 2.5784 170.4034 2.3144 171.3478 1.3889
2858 82.1848 2.5811 146.1342 2.7815 164.2260 1.3049 167.4231 -0.6635 38.1523 2.5824 145.2192 2.5762 -4.7326 4.1813 19.5744 2.4511 170.2547 2.2449 171.1989 0.7251
2859 83.5816 2.4684 144.5291 2.6551 164.2310 1.6432 167.1573 -0.2459 36.6323 2.3326 145.9008 2.4956 -4.5121 4.2875 21.1322 2.5076 170.5206 1.5268 170.6812 0.4350
2860 85.0019 2.6608 143.9183 2.5646 164.1920 1.8443 167.3597 -0.6603 35.1640 2.5616 146.8221 2.4768 -4.6689 4.0545 22.4473 2.5152 170.5751 1.2552 170.4927 -0.1498
2861 85.9791 2.5323 142.5290 2.5901 164.0724 1.8860 167.7035 -0.9741 33.9537 2.4669 147.6790 2.4523 -4.5893 3.8067 23.6994 2.3269 170.5235 1.3052 170.3912 -0.2209
2862 87.3994 2.3347 141.3632 2.4561 163.9931 1.7537 168.1857 -0.9315 33.0054 2.3417 148.8122 2.3194 -4.4140 4.0859 25.0830 2.6224 170.6249 1.2913 170.2586 -0.1464
2863 88.7016 2.3954 140.5546 2.5109 164.1179 1.6740 168.3477 -1.0622 31.4686 2.4232 149.4517 2.1318 -4.0712 3.6894 26.5874 2.6566 170.3739 1.2316 169.9124 -0.4061
2864 90.1343 2.6940 139.8255 2.4487 164.1722 1.5223 168.5800 -0.6714 30.1279 2.3849 150.4546 2.0851 -4.2721 3.5910 28.0119 2.7064 170.3737 1.1966 169.6430 -0.1070
2865 91.0157 2.6115 138.9265 2.5069 163.9757 1.9703 168.9521 -0.5206 29.0021 2.5118 151.3241 1.9192 -4.1763 3.5342 29.3219 2.5144 170.4266 0.8791 169.2138 -0.0156
2866 92.5480 2.7577 138.8387 2.6179 163.8806 2.2637 168.7616 -0.8000 27.4398 2.3867 152.3018 1.7451 -4.2419 3.2916 30.5383 2.5622 170.5810 0.6405 168.7751 -0.5801
2867 93.9839 2.6936 138.4779 2.5466 164.1857 2.6043 168.8222 -0.1490 26.4505 2.5702 153.2957 1.5634 -4.3931 3.0678 31.9417 2.6367 170.6683 0.9699 168.5408 -0.4434
2868 94.9676 2.4506 138.2357 2.4891 164.6623 2.5702 168.5346 -0.1633 25.2239 2.4389 154.1968 1.5395 -4.4511 2.7049 33.1800 2.5885 170.7560 1.3027 168.3797 -0.1914
2869 96.1897 2.4852 138.1965 2.5047 164.9438 2.3693 168.8040 0.2771 23.7550 2.4207 155.0441 1.4451 -4.8953 3.0616 34.4961 2.5245 170.8846 1.5981 168.4077 0.6484
2870 96.9671 2.3201 138.2594 2.5387 165.0997 2.4110 168.3938 0.3317 22.5819 2.2278 155.3277 1.5221 -5.5581 3.4181 36.1592 2.3954 170.9333 1.9947 168.3975 0.6585
2871 98.3211 2.4853 138.0915 2.5599 165.1742 2.1697 168.5404 0.0098 21.3705 2.1995 156.4605 1.3882 -5.7073 3.4701 37.7791 2.3404 171.0275 2.1945 168.6314 1.2085
2872 99.6282 2.4694 138.1604 2.3967 165.4874 2.0156 168.3698 -0.3039 20.2765 2.3604 157.7472 1.8694 -5.6896 3.9122 39.2041 2.3784 170.8129 2.4850 168.6452 1.4745
2873 100.9442 2.5438 138.1756 2.5340 165.9813 1.5218 168.0299 -0.7010 18.9283 2.5518 158.4753 1.8006 -6.0189 3.6917 40.6548 2.5239 170.3589 2.3459 168.6883 1.6662
2874 101.8932 2.5898 138.1403 2.4506 166.1131 1.0419 167.8176 -0.9908 17.5206 2.5334 159.5838 1.6014 -5.8299 4.0367 42.1376 2.4057 170.0809 2.3126 168.9696 2.0997
2875 103.5122 2.5667 138.0942 2.4716 166.0545 1.6027 167.7650 -0.8636 16.4409 2.5536 160.2849 1.4620 -5.6534 4.5745 43.5063 2.3746 170.2125 2.2937 168.8997 2.2578
2876 105.0893 2.6806 138.2638 2.4754 166.2973 1.6353 167.7097 -0.8951 15.4658 2.5230 160.9921 1.2732 -5.8499 4.7652 44.7787 2.5463 169.8860 2.6509 169.0560 2.2770
2877 106.5332 2.4998 138.7542 2.4444 166.5401 1.3850 167.6721 -0.9456 14.1715 2.6921 161.9018 1.0529 -5.5897 4.6623 46.4829 2.5336 170.0882 2.9168 168.9836 2.1460
2878 107.5209 2.4862 138.5946 2.5021 167.2067 1.1470 167.9641 -1.3763 12.6546 2.8282 162.4930 0.7966 -5.5643 4.7958 47.6278 2.4672 170.2738 3.2399 168.7812 1.7432
2879 108.6291 2.2562 138.7636 2.4955 166.9226 1.0162 168.1591 -1.1231 11.5830 3.1838 163.5990 0.6182 -5.3759 4.8666 48.8408 2.3795 170.5113 3.2876 168.8438 1.8307
2880 109.8312 2.4768 139.0596 2.4592 166.6171 0.5572 168.0043 -0.6510 10.4064 2.9855 164.2161 0.7453 -5.2354 4.9536 49.7849 2.4877 170.1085 3.3882 168.7739 2.0804
2881 111.0021 2.5975 139.5149 2.4844 166.5235 0.5356 167.5039 -0.4826 9.4718 3.1230 164.8306 0.6133 -5.0873 4.8139 51.2560 2.5133 170.4138 3.6485 168.6649 2.2638
2882 111.6619 2.5433 139.3709 2.4355 166.4642 0.3248 167.7916 -0.8625 8.0225 3.3672 165.5304 0.6816 -5.1015 5.2906 52.4652 2.5291 170.4728 3.5600 168.1746 2.1051
2883 112.9047 2.5361 139.3012 2.4564 166.6983 0.7079 167.8404 -0.7081 6.8121 3.7091 166.0853 -0.0285 -5.3491 5.6897 54.4529 2.4655 170.7219 3.3897 168.0315 1.8711
2884 113.5115 2.4807 139.3752 2.4517 166.5434 0.6901 167.6506 -0.6430 5.7045 3.8761 166.9600 0.0311 -5.5556 5.8268 55.6240 2.7538 170.5165 3.8141 167.7585 1.8626
2885 113.9007 2.5692 138.9091 2.4954 166.4875 1.2122 167.8291 -0.6675 4.8002 3.7937 167.0909 -0.3072 -5.9725 6.0401 56.7640 2.5578 170.7202 3.7849 168.1233 1.8588
2886 114.7910 2.3590 138.6071 2.4754 166.4024 1.1806 168.1902 -0.7205 3.6359 3.9406 167.4146 -0.1023 -6.7119 6.3500 57.9410 2.4489 171.0650 3.6827 168.1273 1.5853
2887 115.1634 2.4590 138.4279 2.5430 166.9533 1.8361 168.4694 -0.3281 2.3168 4.1413 167.3123 -0.0336 -7.3586 6.2642 59.5661 2.7175 171.1130 3.2309 168.5754 1.7804
2888 115.5051 2.4963 138.0327 2.5623 167.0584 2.1723 168.3102 -0.1979 1.0021 4.3316 167.3847 -0.2231 -7.2806 6.2266 60.6288 2.5102 171.1779 2.8835 168.7610 2.1763
2889 115.7253 2.5281 137.9045 2.4961 167.4396 2.3481 168.3081 -0.2206 0.5196 4.5184 167.5185 -0.0455 -7.3846 5.7827 61.9297 2.5552 171.2380 2.3413 168.5654 2.1183
2890 115.7775 2.5200 137.8039 2.5074 167.6718 2.2846 168.4137 -0.0380 -0.6374 4.4330 167.8454 -0.0303 -7.0366 5.8096 63.2778 2.6078 171.3387 2.4766 169.0295 1.9173
2891 115.8133 2.4878 137.3358 2.5231 167.3070 2.7867 168.5374 0.4434 -1.8399 4.5577 167.8522 0.4742 -6.7488 5.8461 64.1584 2.3406 171.5840 2.3489 169.2283 2.1435
2892 115.4495 2.5055 137.1181 2.5321 167.8424 2.9549 168.9008 0.6644 -2.8340 4.7205 168.1129 0.7369 -6.3425 5.8136 65.6724 2.3355 171.6516 2.1670 169.4770 2.4872
2893 115.0471 2.6188 136.8302 2.5068 167.8905 3.3574 168.7843 1.2838 -3.7779 4.6129 168.5828 1.1802 -6.4778 5.3420 67.1435 2.5190 171.6971 2.1201 169.7688 3.0825
2894 114.4779 2.4920 136.0304 2.5903 168.5764 3.5331 168.9657 1.6055 -4.4677 4.6131 168.5802 1.5495 -6.4134 4.9400 68.4945 2.3282 171.8082 2.1086 170.0449 3.0926
2895 114.1253 2.4887 135.8023 2.6164 168.6433 3.7126 169.0369 1.7071 -5.0026 4.8727 168.8341 2.0300 -6.1137 4.8576 69.7325 2.4533 171.6511 2.3709 170.3140 3.5229
2896 113.7128 2.5351 135.4941 2.5088 168.6174 4.2661 169.0874 1.9399 -5.8506 4.5685 169.0899 2.5204 -5.8995 4.5802 70.8326 2.4028 171.8479 2.4602 170.5151 3.6990
2897 113.2764 2.4787 135.3178 2.5693 168.7318 4.2152 168.9375 1.7586 -6.6880 4.4662 169.5562 2.6639 -5.5325 4.5004 72.1495 2.4586 171.5738 2.1554 170.6789 4.0912
2898 113.1084 2.5334 134.9775 2.4583 168.5327 4.3766 169.3185 1.7197 -6.8843 3.8714 169.7034 2.7405 -5.2686 4.2777 72.9679 2.4779 171.5733 2.3804 170.7221 4.3058
2899 112.2591 2.5948 134.8928 2.5438 168.4705 4.6156 169.6240 1.3151 -7.7281 3.9405 169.7940 2.7888 -5.5160 4.1063 74.6559 2.5747 171.4834 2.4862 170.8559 4.0095
2900 111.7646 2.5138 135.4147 2.4720 168.0713 4.6223 169.3701 1.6631 -8.5354 3.9537 169.7936 2.9287 -5.6028 3.8586 76.7129 2.4373 171.5794 1.7470 171.2369 4.1387
2901 111.3531 2.6272 135.7619 2.4257 167.8670 4.7211 169.3066 1.8162 -9.2362 3.6371 169.8205 2.9097 -5.7910 3.3641 77.8594 2.7217 171.6906 1.3645 171.2532 4.0895
2902 111.0783 2.6174 136.1806 2.4138 167.4901 4.6439 169.1723 2.0575 -9.5273 3.2806 169.8997 3.3046 -5.5515 3.1822 79.1794 2.4650 171.6730 1.1729 171.0854 3.9506
2903 111.0395 2.4523 136.3778 2.4008 167.2381 4.2271 169.1682 2.4068 -9.8247 3.3283 169.2789 3.4697 -5.7490 3.1006 80.6861 2.6824 171.4966 1.4714 171.2774 3.1812
2904 111.0549 2.3172 136.7575 2.4536 167.1268 3.9387 169.1693 2.9024 -9.9766 3.5486 168.9001 3.7075 -5.4712 2.9420 81.9080 2.7064 171.6651 1.3943 171.0582 3.1628
2905 110.9492 2.5352 137.1126 2.3822 166.7594 3.3308 169.2499 3.2064 -10.0397 3.4495 168.4930 3.8030 -6.0637 2.6136 83.3495 2.6473 171.7260 1.3168 171.2711 2.9739
2906 111.2137 2.5877 136.8715 2.3932 166.7568 3.0058 169.0438 3.2729 -10.5379 3.5645 168.1531 3.7316 -6.2340 2.1486 84.6485 2.7076 171.8772 1.6566 171.2141 3.2884
2907 111.5620 2.4816 137.4259 2.3842 166.7471 2.6158 168.9975 3.6004 -10.4202 3.8896 167.6858 4.2873 -6.2527 1.7013 85.7459 2.5237 171.6082 1.7903 171.1477 3.2472
2908 111.4457 2.4933 137.7399 2.4616 166.9338 2.5613 169.0364 4.0691 -10.4969 3.7038 166.7243 4.5483 -6.1290 1.4416 86.8962 2.4801 171.5441 1.6060 170.8543 2.8953
2909 111.9477 2.3987 138.0149 2.5242 167.0742 2.8156 168.7838 4.2097 -10.2690 3.8184 165.9088 4.5236 -5.9192 1.3091 88.1280 2.4292 171.6367 2.3936 170.8893 2.5570
2910 112.1652 2.5023 138.4352 2.5263 167.2692 3.2365 168.8055 4.5466 -10.4519 3.5787 165.3355 4.4375 -6.2208 1.0015 89.6136 2.3810 171.6333 2.7325 171.0396 2.3807
2911 112.4084 2.4933 138.6472 2.4700 167.3463 3.6089 168.8164 5.1053 -10.4236 3.6672 164.4207 4.5638 -6.7361 0.8014 91.2537 2.5777 171.5839 3.0072 171.0212 2.3566
2912 113.0796 2.5755 139.0547 2.4688 167.5966 3.8533 168.5033 5.1183 -9.9771 3.5962 164.0979 4.6068 -7.2716 1.0524 92.7514 2.5992 171.4235 3.6842 171.2014 1.8229
2913 113.6961 2.4223 139.2623 2.5700 167.7816 4.6085 168.0387 5.6523 -9.4372 3.4248 163.1283 4.7453 -7.3478 0.9455 94.1768 2.6225 171.3907 4.0783 171.1101 1.4533
2914 114.6168 2.5153 139.0937 2.4863 167.6470 4.4751 167.5912 5.6378 -8.8277 3.6120 162.1464 4.5306 -7.6200 0.7161 95.6898 2.6666 171.2881 4.2532 171.2045 1.6855
2915 115.8793 2.5211 139.0152 2.4822 167.5611 4.4772 167.3836 5.2265 -8.8107 3.6663 160.8446 4.3760 -7.8594 0.4575 97.0179 2.4553 170.8066 4.7103 170.9765 1.3046
2916 116.7434 2.4332 138.7226 2.4296 167.0349 4.7191 166.6300 4.7424 -8.6128 3.7650 159.5748 4.5078 -8.2296 0.3713 98.4021 2.5571 170.1931 4.8157 170.6798 1.7856
2917 117.5331 2.4103 138.2686 2.6026 166.5546 4.7691 166.4663 4.3844 -8.3826 3.8223 158.2485 4.6004 -8.2546 0.0592 99.6658 2.4846 169.6547 4.9309 170.5537 1.9487
2918 118.7425 2.6174 137.8482 2.5762 166.7082 4.8016 166.3200 3.9664 -8.3025 3.9709 156.8251 3.8171 -8.3960 -0.2661 101.2918 2.4445 169.4185 5.4073 170.3072 2.5773
2919 119.9079 2.4574 137.3875 2.5580 166.7339 4.8813 166.0751 3.8144 -8.2229 4.3343 155.4938 3.6661 -8.3582 -0.4801 102.5333 2.4107 169.2225 5.8554 170.3036 2.1304
2920 121.0146 2.5684 136.7125 2.4767 167.0159 4.8544 165.7354 3.9168 -8.2885 4.3097 154.3033 3.6450 -8.1570 -0.8539 104.0063 2.3443 169.1133 5.7918 170.1213 2.5857
2921 122.3654 2.5209 136.2199 2.5092 166.9895 5.0792 165.5854 3.5469 -8.2605 4.8052 152.9065 3.3334 -8.5547 -0.7838 105.4693 2.6436 169.2564 5.8563 169.9267 2.7179
2922 123.8544 2.4269 135.9383 2.3762 166.9845 4.7630 165.4587 3.5204 -8.1585 4.9595 151.5442 2.9996 -8.6247 -0.6417 106.8330 2.4821 169.2875 5.8056 170.0987 2.8978
2923 125.4320 2.5899 134.9150 2.5507 167.0428 4.7193 164.9443 3.2910 -8.1196 5.2065 150.4175 2.7819 -8.7214 -0.6590 107.9133 2.2951 169.1903 5.4548 169.8942 2.9735
2924 126.4328 2.4756 133.9373 2.5977 167.4750 4.9121 164.8141 3.4363 -8.0889 5.1321 149.0957 2.8620 -8.5107 -0.6606 109.3717 2.4997 169.4978 5.4865 170.0646 3.3808
2925 127.7999 2.6378 132.9458 2.5883 167.5605 4.3397 164.4133 3.4842 -8.4520 5.0005 147.9738 2.8017 -8.8097 -0.4957 109.9549 2.6043 169.4652 5.4754 170.3532 3.5913
2926 129.1123 2.5828 131.6823 2.4996 167.8157 4.5096 164.0897 3.3417 -8.6633 4.7426 146.7252 2.6765 -9.0580 -0.2091 110.7146 2.3256 169.6392 5.4900 170.4226 3.9539
2927 130.5309 2.6362 130.3831 2.4072 167.9544 4.4137 164.0728 3.1608 -8.3932 4.6293 145.2123 2.6867 -9.0356 -0.3417 111.8139 2.5564 170.0067 5.4403 170.5018 4.1981
2928 131.8168 2.7001 129.2389 2.4611 168.1896 4.1062 163.7175 3.3799 -8.8241 4.0943 143.9249 2.7249 -9.0890 -0.5817 112.2873 2.4267 169.9600 5.5236 170.5119 4.4315
2929 133.2609 2.8243 128.3593 2.4750 168.6781 3.8177 163.4910 3.1916 -8.4303 3.8840 142.4767 2.4878 -9.1413 -0.5059 112.4342 2.5127 169.4568 5.7992 170.6678 4.6230
2930 134.4536 2.6572 127.3217 2.4136 168.9873 3.7958 163.2792 3.3943 -8.3027 3.9042 141.2608 2.4361 -8.6143 -0.6943 112.6698 2.5506 169.1259 5.8318 171.0408 4.5951
2931 135.7654 2.4460 126.4724 2.5251 169.0212 3.4306 163.0068 3.2489 -8.0410 3.4957 139.8683 2.5371 -8.8933 -0.8611 113.3163 2.5274 169.2068 5.5942 170.8403 4.2005
2932 137.0452 2.6161 125.7461 2.4663 169.2281 3.1110 162.8383 3.2088 -7.7720 3.5096 138.6233 2.5619 -8.7645 -1.1203 113.5771 2.4889 169.2836 4.9385 170.6067 4.0899
2933 137.9180 2.4795 125.5259 2.4292 169.4480 3.1080 162.8329 3.0316 -7.5537 3.2729 137.0336 2.4576 -8.4024 -0.9191 113.5091 2.5984 169.4008 4.6756 170.6558 4.0302
2934 138.9813 2.5374 124.6698 2.4320 169.9988 2.7019 162.9299 3.0622 -7.6262 2.6200 136.0210 2.4201 -8.1104 -0.5756 113.7683 2.5029 169.2798 4.4958 170.4629 3.7036
2935 140.5205 2.4698 124.1312 2.4582 170.1234 2.4637 163.2007 2.9134 -7.7505 2.6155 134.6465 2.4508 -7.7109 -0.6339 113.8096 2.5126 169.2461 4.2270 170.2466 3.4870
2936 141.3011 2.4657 124.0377 2.5655 170.2184 2.1837 163.5848 3.0382 -7.6909 2.8640 133.2776 2.3838 -7.5021 -0.7066 113.7894 2.5394 169.5406 4.2103 170.1859 3.0308
2937 142.5061 2.5792 123.8573 2.5245 170.0088 2.2822 163.3693 3.0222 -7.9902 2.8783 132.0251 2.4026 -7.2645 -0.4326 113.4716 2.4969 169.1718 3.9386 170.0860 2.6886
2938 143.5960 2.4949 123.6246 2.5482 170.0828 2.0996 163.5263 3.0394 -8.3167 2.8384 130.7459 2.5447 -6.9526 -0.3505 113.1967 2.5480 169.4884 3.4691 170.0395 2.4751
2939 144.5569 2.4154 123.8119 2.4815 170.1311 1.4400 163.3933 3.1100 -8.5069 2.9364 128.9968 2.5419 -6.5636 -0.4670 113.2314 2.5756 169.7256 3.3385 169.7339 2.3538
2940 145.2993 2.3035 123.5968 2.5134 169.8553 1.4489 163.4325 2.9755 -8.6895 3.2010 127.7114 2.4655 -6.3090 -0.5322 112.6941 2.5656 169.3987 3.1381 169.5378 2.6461
2941 145.8916 2.3870 123.7504 2.4509 170.0772 1.1807 163.4922 2.7221 -8.9778 3.3503 126.7916 2.6481 -6.2765 -0.2764 112.1143 2.4580 169.2806 2.6742 169.1199 2.5571
2942 146.6396 2.4833 124.1703 2.4412 170.1588 0.9170 163.5202 2.5748 -9.3133 3.3078 125.9020 2.6760 -6.2223 0.1076 112.1019 2.5480 169.3596 2.3643 169.1824 3.0526
2943 146.8255 2.5613 124.5253 2.4024 170.4526 0.6833 163.5703 2.7612 -9.3817 2.8806 124.8164 2.5681 -6.4720 0.5148 111.9314 2.5303 169.3624 2.1922 169.0539 2.8278
2944 147.2036 2.5120 124.5856 2.5710 170.5497 0.4646 163.5760 3.1501 -9.9703 2.3906 123.6826 2.6278 -6.4328 0.2375 112.1977 2.4831 169.3815 1.6771 169.2387 2.7354
2945 147.7361 2.3760 124.6133 2.6058 170.4969 0.2168 163.6547 3.1464 -9.7122 2.2344 122.5242 2.4364 -6.8606 0.4421 111.9012 2.4926 169.4255 1.4494 169.4315 2.2290
2946 147.9294 2.5045 125.0319 2.5144 170.2626 -0.3377 163.7411 3.2476 -10.1426 2.0178 121.3431 2.5204 -6.9233 0.5888 111.9990 2.4789 168.9371 1.4530 169.6407 2.0236
2947 147.5833 2.4853 125.8677 2.3638 169.8172 -0.2114 164.2339 3.4071 -10.2307 1.8498 120.4318 2.4887 -6.7380 0.3129 111.7603 2.4006 169.0846 0.9803 169.6564 2.1941
2948 147.5978 2.5340 126.5500 2.4891 169.7126 -0.1976 164.2623 3.2721 -10.5063 1.6019 119.5155 2.4143 -6.8331 0.4673 112.0500 2.4739 168.9251 0.6332 169.6023 2.3267
2949 147.3204 2.5354 127.0119 2.4745 169.3894 -0.0005 164.4960 3.5432 -10.3665 1.3824 118.2592 2.5411 -6.7329 0.0877 111.6291 2.4937 168.7229 0.3135 169.6328 2.2190
2950 147.5058 2.4805 127.6887 2.5374 169.7470 -0.1621 164.4196 3.5459 -10.5108 1.1674 117.5725 2.5675 -6.6052 0.0446 111.8336 2.5052 168.5903 -0.0759 169.8833 1.9892
2951 147.5384 2.5380 128.4162 2.5558 169.5768 -0.2499 164.5512 3.5590 -10.5710 1.0600 117.2985 2.5796 -6.5484 -0.3219 112.1690 2.4714 167.9026 -0.0322 169.9004 2.0526
2952 147.1831 2.5360 129.1445 2.4977 169.7812 -0.6088 164.3706 3.5355 -10.3423 0.6975 117.1922 2.4727 -6.4777 -0.1414 112.4954 2.4225 167.5839 0.1916 169.6665 2.3937
2953 147.4068 2.5138 129.5999 2.5483 169.8499 -0.7163 164.3130 3.4998 -10.0375 0.8044 117.0895 2.3883 -6.3300 0.1720 113.0088 2.4647 166.7350 0.4055 169.8120 2.5655
2954 147.1546 2.4888 130.1943 2.3895 169.6028 -0.2992 163.7542 3.9837 -10.1384 0.6996 116.6875 2.3551 -5.7275 0.1213 113.4651 2.3557 166.1974 0.2782 169.5128 2.4248
2955 147.0351 2.4529 130.8261 2.4399 169.6219 -0.3782 163.8604 3.9247 -10.2269 1.0306 116.4486 2.5260 -5.1827 0.2323 114.1305 2.4449 165.6324 0.5640 169.0862 1.9963
2956 146.6127 2.5305 130.9524 2.3377 169.8896 -0.3640 163.5356 3.4721 -10.2774 1.0565 116.4862 2.4189 -4.8477 0.2045 114.8448 2.4929 165.2247 1.1143 168.9623 2.1624
2957 146.4088 2.5892 130.6726 2.5017 170.1334 -0.1432 162.7764 3.1192 -10.2891 0.9673 116.4022 2.5210 -5.1946 0.1902 115.6537 2.5314 164.6199 1.2284 168.7366 2.7623
2958 146.2248 2.6165 130.2034 2.5572 170.3681 0.0339 161.7628 2.6109 -10.0195 0.6702 116.3442 2.5587 -4.8609 0.1740 116.5727 2.6317 163.6288 1.2658 168.1934 3.3238
2959 145.9164 2.4643 130.1925 2.5373 170.8340 0.4398 161.0466 2.5329 -9.7241 0.7102 116.6962 2.5126 -5.0712 0.2441 117.0341 2.5206 163.2918 1.1907 167.8432 3.5189
2960 145.1643 2.5444 130.0765 2.6493 171.0883 0.7470 160.1370 2.3472 -9.4303 1.0695 116.8195 2.5801 -5.3816 0.0127 117.6530 2.5169 162.6771 1.1302 167.7847 3.8838
2961 144.6280 2.5106 129.5356 2.5433 171.4006 0.6485 159.2079 2.2346 -8.9185 1.0491 117.2054 2.5798 -5.6513 -0.1765 118.5413 2.4057 162.2956 1.1711 167.3960 4.0473
2962 144.0989 2.4642 129.0215 2.5301 171.2381 0.5438 157.7260 1.9599 -8.6350 1.2761 117.5083 2.5539 -5.7971 -0.2462 119.1097 2.3073 161.8907 1.4371 167.5023 4.2650
2963 143.8051 2.4879 128.0802 2.5555 171.3646 0.4408 156.6268 1.7253 -8.6183 1.1314 118.1779 2.4046 -6.2217 -0.2607 119.6068 2.4815 161.4798 1.4533 167.1693 4.2486
2964 143.8194 2.4752 127.2240 2.4749 171.4520 0.7814 155.4134 1.6143 -8.3112 0.6102 119.0206 2.4210 -6.9497 -0.0763 120.1194 2.4695 160.8338 1.4059 167.4089 4.5132
2965 143.9100 2.5070 126.4651 2.5470 171.2370 0.8112 154.3560 1.9034 -8.0032 0.5581 119.8497 2.5485 -7.3664 0.1666 120.4403 2.3410 160.1293 1.3980 167.2347 4.5295
2966 143.2091 2.5538 125.3492 2.4794 171.3426 0.5165 153.4227 1.8550 -7.8910 0.4405 120.8347 2.6043 -7.6031 0.1433 120.9121 2.5417 159.2746 1.5815 167.2114 4.4688
2967 143.3668 2.4657 124.5271 2.4290 171.0877 0.5218 152.1704 1.9129 -7.8901 0.1729 121.9599 2.6525 -7.7193 0.4000 120.9333 2.4654 158.3964 1.5581 167.4106 3.8647
2968 142.9341 2.5312 123.0155 2.4370 171.1965 0.5653 151.0859 1.9601 -7.9870 -0.1156 123.0421 2.5277 -7.9669 0.4408 121.0139 2.4450 157.2310 1.8020 167.4178 3.5916
2969 143.0051 2.4512 121.6804 2.4764 170.9174 0.9450 149.6580 2.2911 -7.6477 0.0062 124.2697 2.4714 -7.7587 0.4584 121.4706 2.5030 156.4454 2.2005 167.4627 3.3489
2970 142.7153 2.5196 120.3658 2.5251 171.1148 1.2926 148.2555 2.1692 -7.1612 -0.2718 125.8853 2.5614 -7.6898 0.7376 121.3531 2.5498 155.2683 2.1233 167.4013 3.2595
2971 142.1324 2.4985 119.0340 2.6945 171.0281 1.5238 146.5880 2.5031 -7.1934 -0.4689 127.4968 2.5789 -7.8553 1.0390 121.0065 2.5449 154.2156 2.4470 167.3620 2.7583
2972 141.5280 2.4151 117.8287 2.6405 170.9959 2.0797 145.0314 2.4249 -7.0816 -0.4590 128.9732 2.4645 -7.3638 1.1254 120.7431 2.4694 153.3617 2.5962 167.2252 2.3761
2973 141.1252 2.3529 116.6679 2.6140 170.8289 2.3469 143.6451 2.5577 -6.6651 -0.4137 129.9787 2.5729 -7.6263 1.0915 120.6010 2.4775 152.5741 2.7110 166.8928 2.3046
2974 140.1776 2.4915 114.9914 2.6328 170.8827 2.5911 142.7724 2.6396 -6.4646 -0.6702 131.1354 2.5055 -7.5310 1.1883 120.4883 2.6070 151.6111 2.6479 166.6544 2.0650
2975 139.3189 2.3831 113.5938 2.6511 170.5007 2.9914 141.2325 2.2274 -6.3423 -0.2999 132.5478 2.3831 -7.8896 1.1038 120.2238 2.6086 150.4775 2.6872 166.6304 1.7915
2976 138.7305 2.4207 112.4613 2.6098 169.9508 3.5721 140.0705 2.6035 -6.2674 -0.5703 134.2235 2.5989 -8.4467 1.3583 120.0382 2.5671 149.7818 2.5536 166.5391 1.8332
2977 137.8311 2.4900 110.7464 2.5591 169.7486 3.5180 138.6480 2.4337 -6.0468 -0.3201 135.4723 2.6030 -8.8288 0.9217 119.9884 2.4935 149.0859 2.4953 166.7397 1.2949
2978 136.5399 2.3429 109.5098 2.4264 169.1828 3.7204 137.0164 2.4776 -5.9938 -0.5254 136.6792 2.5314 -9.0508 1.0403 119.5189 2.5754 148.5229 2.4857 166.8000 0.8878
2979 135.6878 2.4505 108.2117 2.4444 168.5920 3.6524 135.5549 2.4837 -5.7865 -0.3611 138.2014 2.5114 -9.3499 1.2815 119.1722 2.5670 147.9301 2.5618 167.0218 0.1706
2980 134.7399 2.4120 106.7575 2.3519 168.1782 3.2135 134.2723 2.6391 -5.7370 0.0031 139.5629 2.4524 -9.5772 1.4811 119.3211 2.4662 147.7078 2.5678 167.4701 -0.0212
2981 134.3505 2.4251 105.1180 2.4684 168.2196 3.0918 132.9687 2.4412 -5.2096 -0.2160 140.7400 2.4527 -9.6693 1.4251 119.4531 2.3983 147.2642 2.4399 167.1257 0.0196
2982 133.6825 2.5898 103.8554 2.4629 167.8308 2.7387 131.5182 2.5297 -4.8518 0.2115 141.9042 2.3933 -9.6085 1.0925 119.5317 2.4995 147.1225 2.4830 167.1990 0.0593
2983 133.2133 2.4443 102.4442 2.3421 167.3623 2.6596 130.1064 2.3868 -5.0435 0.2775 143.2214 2.5468 -9.9248 1.1010 119.5394 2.4476 146.8684 2.4344 167.0561 -0.0317
2984 133.0566 2.5491 101.5976 2.5278 166.8659 2.5743 128.7854 2.4602 -4.8896 0.5911 144.2672 2.4694 -9.8471 0.4849 119.6837 2.5190 147.0475 2.5713 167.4257 -0.2552
2985 132.3770 2.5742 100.6277 2.3989 166.4648 2.8149 127.6040 2.5446 -4.9705 0.6470 145.9413 2.3196 -9.7787 0.3390 119.6183 2.4084 147.1541 2.5547 167.6542 -0.8365
2986 131.8533 2.4718 99.6036 2.5207 166.1749 2.9495 126.3225 2.4583 -5.1174 0.5774 147.2122 2.5593 -9.8049 0.5855 119.8652 2.4708 147.6022 2.5794 167.8335 -1.0176
2987 131.8157 2.5003 98.9812 2.5140 165.7632 2.9128 125.0745 2.3113 -5.2933 0.3889 148.5789 2.5891 -9.5777 0.4183 120.4425 2.5286 147.9783 2.5152 167.6991 -1.2002
2988 131.3488 2.4870 98.5211 2.5260 165.5449 3.0076 123.8932 2.4758 -5.3659 0.1851 149.7099 2.3107 -9.7198 0.9694 120.6979 2.5894 148.8466 2.6626 168.3123 -0.8613
2989 131.4007 2.5085 97.7058 2.3938 165.4155 3.3707 122.7667 2.6081 -5.5443 0.1302 151.0625 2.1170 -9.3759 1.1417 119.9840 2.5394 149.3315 2.6881 168.3026 -0.9259
2990 131.1623 2.5821 96.8603 2.5507 165.2157 3.8702 121.5040 2.5141 -5.8975 0.1722 152.4131 1.8256 -9.5428 1.4175 119.6535 2.4931 149.6646 2.7799 168.5894 -1.0564
2991 131.3764 2.4841 96.5014 2.5199 165.3094 3.9463 119.9908 2.4835 -5.6931 -0.1425 153.9822 1.9287 -9.2372 1.0759 119.8829 2.4968 150.7041 2.8547 168.7915 -0.7666
2992 131.8158 2.4905 96.0177 2.4522 165.2630 3.9946 118.5257 2.4545 -5.4897 -0.1646 155.0883 1.7709 -9.4396 0.9136 120.1135 2.5539 151.4813 2.7901 168.7017 -0.8952
2993 131.9142 2.5560 95.8035 2.4362 165.2685 4.0150 117.3600 2.4918 -5.7265 0.3955 156.2508 1.6767 -9.3952 1.3427 119.9711 2.4574 152.7316 3.0464 168.7110 -0.8383
2994 132.3196 2.4354 96.0540 2.4257 164.9639 4.0903 115.6094 2.5673 -5.7584 0.9483 157.5029 1.4395 -9.2767 1.0398 120.1965 2.4806 154.0215 3.3752 168.6206 -0.8228
2995 132.7245 2.5710 96.0789 2.5569 165.1909 3.7313 114.4719 2.6114 -5.6109 1.2030 158.4421 1.4222 -9.6255 0.9613 120.4327 2.5031 155.2362 3.6554 168.7437 -0.8161
2996 133.6131 2.6379 96.1320 2.3852 165.2392 3.1340 113.3139 2.4127 -5.2933 1.4837 159.9156 1.2588 -9.8445 1.3132 120.5544 2.5420 156.1336 3.6727 168.6227 -0.6347
2997 134.4023 2.6904 96.6679 2.4776 164.9564 2.8300 111.8993 2.3935 -4.9236 1.4266 160.9099 1.1045 -10.2298 1.0611 120.8210 2.4764 157.0654 3.8958 168.9454 -0.4281
2998 135.1991 2.4981 97.1178 2.4584 165.1983 2.2636 110.5009 2.5272 -4.9002 1.5766 162.1324 1.6205 -10.5523 0.7049 120.6728 2.4828 158.2713 3.9930 169.0233 0.0961
2999 135.8219 2.4832 97.1314 2.5027 165.1616 1.7386 109.3909 2.5091 -4.7340 1.8402 163.2160 1.1717 -10.3470 0.4023 120.7152 2.4413 159.0821 4.0426 169.1332 0.3989
3000 137.0692 2.5258 98.1086 2.4575 165.1193 1.6389 108.1041 2.3484 -4.8942 2.0805 164.1497 0.9563 -10.1612 0.0146 120.7533 2.5157 159.7861 4.0772 169.4422 1.0336
3001 138.2309 2.3993 98.8989 2.3686 165.4047 1.0206 106.6233 2.3382 -5.0954 1.9531 164.6012 1.1245 -9.8641 -0.0594 119.7529 2.4873 160.2711 4.3000 169.7708 1.2830
3002 139.5227 2.4981 99.6636 2.6215 165.2252 1.1085 105.2136 2.3403 -5.0977 2.2654 165.6953 1.2311 -9.5452 -0.0875 119.4303 2.4127 160.7911 3.9800 169.6066 1.3999
3003 140.9465 2.5122 100.7814 2.3765 164.9399 1.1635 103.6608 2.7495 -5.2293 2.3390 166.2936 1.2375 -9.1816 -0.1997 118.6375 2.4447 161.6028 4.2914 169.6982 1.4965
3004 141.8946 2.3845 101.9313 2.4650 164.4724 1.2265 102.3775 2.6187 -5.2097 2.4567 166.8280 1.1633 -9.2473 -0.2062 118.1036 2.5190 162.1916 3.9979 169.3507 1.7815
3005 142.7617 2.4509 103.4284 2.5248 164.4932 1.4988 101.2624 2.5854 -5.1710 2.3674 167.4728 1.1490 -9.2193 -0.6678 116.9794 2.5009 162.3781 3.8487 169.4025 1.7447
3006 143.7634 2.5275 104.5905 2.4008 164.6610 1.9539 99.9373 2.5491 -5.6496 2.5307 168.5448 1.5487 -9.3025 -0.6778 115.8937 2.4324 162.5208 3.8882 168.9387 1.6441
3007 144.7831 2.4809 105.9882 2.3345 164.8025 2.6185 98.7209 2.6357 -5.7396 2.5081 168.9498 2.1312 -9.1504 -0.4848 114.7867 2.4130 162.5996 3.8490 168.9421 1.6894
3008 145.9739 2.3972 107.3803 2.7262 164.8060 2.7112 97.7846 2.5806 -5.9574 2.1029 169.3886 2.4913 -9.2447 -0.2882 113.6471 2.4743 162.9119 3.8727 169.2986 2.1274
3009 147.0210 2.3604 108.8124 2.6637 164.9491 2.5758 97.5167 2.5232 -6.7268 2.0613 170.0905 2.4393 -8.9497 -0.0448 112.3649 2.2877 162.7115 4.0355 169.4957 2.1719
3010 147.6865 2.3817 110.3336 2.4199 165.0000 2.7362 97.1331 2.4015 -6.5792 2.1940 170.1870 2.2554 -9.0869 0.3045 110.9880 2.3593 162.3580 4.0031 169.6201 2.1938
3011 148.5549 2.5844 111.9354 2.6176 165.1734 3.0286 96.7004 2.5723 -6.8321 2.5010 170.6771 2.5968 -9.2520 0.2549 109.5014 2.4814 162.2601 4.1525 169.7285 2.0132
3012 148.8573 2.5778 113.5083 2.6124 165.2979 3.4269 96.4835 2.4872 -6.6926 2.5600 170.7496 2.7447 -9.3080 0.4402 108.1918 2.5921 162.1932 4.0965 169.6020 2.2319
3013 149.0023 2.4351 114.7488 2.6126 165.5104 3.4206 95.9966 2.5877 -6.3785 2.8809 170.3731 2.7056 -9.5904 1.0463 106.5982 2.4331 161.6736 4.0108 169.6305 3.0432
3014 149.4262 2.4277 116.0857 2.3812 165.7001 3.0780 95.7077 2.5340 -6.5054 3.0670 170.7566 2.8075 -9.7540 1.7429 105.1769 2.5897 161.4030 4.3264 169.4731 3.6363
3015 149.4196 2.4649 117.3738 2.5636 166.0101 2.8372 94.9668 2.4293 -6.5884 3.5233 171.1656 2.7905 -10.0021 1.4412 103.9021 2.4939 160.9859 4.2359 168.9449 3.7434
3016 149.3875 2.4502 118.2919 2.6260 166.0440 2.6313 94.6418 2.5079 -6.9190 3.6659 170.8414 3.0013 -10.3658 1.8411 102.5164 2.4260 159.9155 4.1670 168.6592 3.9436
3017 149.2852 2.5750 119.5380 2.5572 166.0553 2.3330 94.5968 2.4421 -6.6177 3.5517 170.8320 3.1270 -10.2494 1.6273 101.0651 2.5063 159.3072 3.8108 168.1208 3.7603
3018 149.3361 2.4778 120.4389 2.4873 165.4651 2.3658 95.0671 2.4633 -6.0987 3.5553 171.1222 3.1504 -10.1184 1.7773 100.0552 2.6477 158.4566 3.5647 167.7878 3.7208
3019 149.0381 2.6931 121.5422 2.4472 165.2143 2.1660 95.1469 2.4669 -5.9912 3.2781 171.1499 3.1915 -10.3443 1.8081 98.8861 2.4701 157.8218 3.5664 167.3566 3.1591
3020 148.3459 2.6192 122.3726 2.6624 165.1312 2.2822 95.7553 2.4799 -5.5990 3.5940 170.7539 3.4395 -10.0387 1.6103 97.4212 2.3336 157.3007 3.3444 167.0982 2.6178
3021 147.8861 2.5256 123.3048 2.4719 164.8914 2.1989 95.9790 2.4408 -5.3833 3.2147 170.7749 3.7023 -10.1378 1.5409 96.0757 2.4285 156.8303 3.2188 167.0009 2.4100
3022 147.5648 2.5795 124.0727 2.6460 164.8184 2.5012 96.7411 2.6199 -5.3458 3.0296 170.5428 4.3905 -9.7450 1.6451 94.5064 2.3737 156.2976 2.9231 167.0925 2.5371
3023 146.9054 2.5404 124.9802 2.4463 165.0272 2.9156 97.4378 2.4056 -5.2292 3.0202 170.1948 4.9963 -9.5406 1.5707 93.3668 2.5340 155.9415 2.7537 167.2354 2.6848
3024 146.2752 2.4816 125.5708 2.4052 164.8835 2.9742 98.2290 2.6624 -5.1921 2.9592 170.0763 5.3721 -9.0065 1.6772 91.9334 2.4649 155.8195 2.6152 167.3817 3.1712
3025 145.1342 2.5151 126.0198 2.4669 165.5022 3.0497 98.9835 2.6167 -5.3377 2.8598 169.5713 5.1548 -8.9279 1.6365 90.7889 2.5025 155.7250 2.4677 167.5914 3.2775
3026 144.2785 2.3848 126.1030 2.4636 165.8593 2.7425 100.3513 2.4014 -5.2794 3.0157 168.7853 4.7763 -8.5507 1.3588 89.2823 2.5980 155.9538 2.4000 167.4866 3.3248
3027 143.3078 2.6719 126.3559 2.4959 166.0593 2.4295 101.7571 2.3967 -5.1618 3.0443 168.6537 4.8577 -8.5989 1.2060 88.2059 2.5041 155.7178 2.4769 167.5071 3.4516
3028 142.3469 2.4785 126.8062 2.5209 165.5572 2.6576 102.8256 2.6543 -4.8952 2.9419 168.4210 4.5208 -8.5823 1.4111 86.9632 2.4604 155.5715 2.5655 167.5054 3.3800
3029 141.3199 2.4434 126.3557 2.4100 165.5100 2.5518 104.4164 2.4687 -5.2257 3.2888 168.0381 4.2370 -8.1583 1.4266 85.5922 2.5027 155.5103 2.7463 168.2305 3.7456
3030 140.2623 2.5774 126.3034 2.4557 165.8407 1.8672 105.6335 2.5768 -5.3347 3.2822 167.9209 3.7640 -7.4738 1.6027 84.4413 2.3755 155.8855 2.7071 168.4308 3.6602
3031 139.3409 2.3615 126.3173 2.4883 166.1707 1.4425 107.1520 2.5202 -5.3816 3.1915 167.9128 3.3496 -7.3865 1.4256 83.5068 2.4686 156.1061 3.0009 168.5131 3.5183
3032 138.8013 2.3723 126.3971 2.5733 165.9790 0.8071 108.9421 2.4794 -5.5691 3.1723 168.0017 2.9307 -7.1116 1.0151 82.4475 2.5411 156.0288 2.8470 168.7633 3.7755
3033 137.8228 2.4914 125.9332 2.5665 166.4750 0.5944 110.5110 2.4105 -6.0819 3.2188 168.0589 2.7330 -6.2295 0.8011 81.7258 2.6346 156.1903 3.0259 168.8632 3.8607
3034 137.5210 2.6047 125.4906 2.5176 166.3713 0.6055 111.6349 2.4236 -6.4083 2.9859 168.2881 2.5003 -6.0396 1.0434 80.8632 2.4324 156.0739 3.0602 169.0853 4.2567
3035 137.0112 2.5027 124.7078 2.5255 166.5011 0.6040 112.8467 2.5166 -6.5944 2.9943 168.5085 2.6398 -5.7092 1.0587 80.0883 2.4835 156.4652 3.0081 169.0025 4.1410
3036 136.7412 2.5288 123.9864 2.4998 166.6718 0.4411 114.0882 2.4164 -6.4834 2.8923 168.6081 3.2201 -5.0600 1.0616 79.4509 2.4898 156.8237 3.2734 168.6241 3.8298
3037 136.4696 2.5482 123.1961 2.4905 166.6117 0.0544 114.9606 2.5481 -6.7934 2.5687 168.5790 3.5857 -4.4173 0.9801 78.9476 2.5057 157.1857 3.5089 168.2763 3.2768
3038 136.2214 2.4577 122.7286 2.4067 166.6959 0.2143 116.6290 2.5160 -6.4689 2.9733 168.3370 4.0396 -3.5860 1.2230 78.8663 2.4541 158.0847 3.4644 168.1375 3.0192
3039 136.1165 2.4078 121.8951 2.4397 166.8150 0.7547 118.0493 2.2999 -6.6613 3.3046 168.5140 4.3451 -3.0620 1.0692 78.5218 2.5207 158.8727 3.3899 168.2158 3.2554
3040 136.4207 2.4246 120.9014 2.5230 167.1632 0.5232 119.0258 2.5440 -6.5558 3.2664 168.3115 4.7020 -2.3591 1.5541 78.5579 2.4965 159.5663 3.5329 167.7873 3.4057
3041 136.9149 2.4454 119.9068 2.5333 167.4177 0.9609 120.0727 2.4816 -6.2662 3.2661 168.1948 4.9930 -1.5453 1.6789 78.0144 2.5009 160.3217 3.3089 167.5388 3.4394
3042 136.9780 2.4661 118.9443 2.5368 167.6492 0.9310 121.2100 2.5087 -6.1375 3.4397 168.3100 5.1692 -0.7254 2.0572 77.8681 2.5045 160.9741 3.2167 166.8492 3.0779
3043 136.9903 2.4810 117.9239 2.4177 167.5495 0.9922 122.5692 2.4523 -5.5845 3.3305 168.3362 4.9631 0.0168 2.2506 77.9975 2.4617 161.6026 3.1756 166.4046 3.2548
3044 137.2654 2.4822 117.1693 2.5377 167.4015 1.4237 123.3142 2.4685 -5.0511 3.1458 168.4125 4.6070 0.4899 2.6245 78.6437 2.5414 162.6234 3.4976 165.7330 3.6853
3045 137.8174 2.5189 116.0990 2.6609 167.5525 1.5725 124.5351 2.6147 -4.7780 3.2267 168.2695 4.3395 1.1378 2.9226 78.9621 2.4103 163.3996 3.1695 165.3540 3.7151
3046 138.8536 2.5974 115.0586 2.5480 167.7573 1.6365 125.2382 2.3216 -4.1208 3.1579 168.2708 4.2412 1.8332 2.8359 79.6613 2.4513 164.2371 3.4741 164.7397 3.7663
3047 139.7495 2.4387 114.5835 2.4294 168.2199 1.7439 126.0646 2.5821 -3.4443 3.0482 168.3638 4.1133 2.3363 2.8868 80.2271 2.5726 164.1855 3.7608 163.8345 3.5705
3048 140.7216 2.5091 114.0280 2.4596 168.2421 1.6991 127.1755 2.3338 -2.8539 2.8534 168.9051 3.8710 2.6909 3.1372 80.9575 2.4816 164.5916 3.9199 162.8996 3.6177
3049 142.1208 2.4745 113.7980 2.5488 168.2558 1.6065 128.1417 2.4330 -2.1882 2.7416 169.2549 4.0138 2.8339 3.1297 81.7925 2.3888 164.7309 3.9982 161.7838 3.7251
3050 143.1609 2.3033 113.3444 2.4691 168.7425 1.7326 128.8065 2.4563 -1.3325 2.1323 169.7262 3.5027 3.4209 2.8599 82.5637 2.4614 164.7798 3.8304 160.8632 3.3998
3051 144.3451 2.5247 112.9474 2.5697 168.9713 1.4214 129.4499 2.5046 -0.5695 1.8192 169.9510 3.2379 3.1775 2.9213 83.9743 2.5696 165.1964 3.8347 160.1135 3.2470
3052 145.2658 2.3673 112.5637 2.4946 169.0026 1.5881 129.7106 2.5003 -0.2817 1.5168 169.9000 2.7888 3.1373 2.8349 85.2165 2.5543 165.2683 3.8043 159.1758 2.9919
3053 146.1528 2.3376 112.3031 2.5594 169.1509 1.7211 130.2275 2.4521 0.4834 1.5490 170.0916 2.6158 3.3159 2.8816 86.2290 2.4376 165.4709 3.6656 158.3777 2.7370
3054 147.0766 2.4931 112.6543 2.5000 169.4126 1.7910 130.5955 2.4824 1.2969 1.6310 169.6934 2.5334 3.3176 2.7910 87.6519 2.6044 165.5789 3.6189 157.7202 2.7166
3055 147.8702 2.4223 112.8628 2.5001 169.4250 2.1272 130.6816 2.5915 1.8383 1.2738 169.5471 2.5709 3.6607 2.8802 89.1540 2.6662 165.4448 3.7564 157.1696 2.6312
3056 148.6237 2.5684 113.0531 2.4884 169.5578 2.8821 130.8903 2.5784 2.8679 1.6605 169.4856 2.5086 3.6705 3.1967 90.8775 2.3764 165.2030 3.7620 156.6538 2.3903
3057 149.0919 2.5941 113.3856 2.4948 169.1172 3.2082 131.0209 2.4581 3.7028 1.7138 169.4218 2.3387 3.0971 3.3972 92.4021 2.3163 164.9010 3.7112 155.8601 2.2819
3058 149.6813 2.4548 113.3668 2.5627 169.1129 3.8707 130.8720 2.4719 4.5972 1.5672 169.1553 2.1697 2.9296 3.5801 93.6903 2.2327 164.6780 3.3867 154.7576 2.3730
3059 150.1078 2.6424 113.4244 2.4993 168.7438 3.9950 130.8664 2.4913 5.3288 1.8676 169.1696 2.0921 2.4869 3.8208 95.3446 2.5060 165.0589 3.5303 153.4129 2.2029
3060 150.7915 2.6372 113.8890 2.5226 168.4593 4.1044 130.6955 2.4994 6.4531 2.0298 169.3653 2.1226 1.9313 3.9335 96.7122 2.4674 165.1029 3.4398 151.8135 2.1903
3061 150.9676 2.4608 114.3277 2.4828 168.1299 4.3300 130.7105 2.4641 7.7433 2.3338 169.6284 1.6809 1.5778 4.0415 98.0353 2.4794 165.4832 3.4116 150.4745 2.1751
3062 150.7345 2.5256 114.1722 2.4731 167.8044 4.4818 130.2171 2.4999 9.1535 2.5074 169.9151 1.2951 1.0837 4.0113 99.4351 2.4340 165.5467 3.4244 149.4404 2.1580
3063 150.7804 2.5349 114.5443 2.4501 167.6160 4.4985 129.6150 2.3911 10.7182 2.5786 169.9131 0.7528 0.3887 4.2460 100.5204 2.5798 165.7047 3.1230 148.1148 2.1572
3064 150.9483 2.5704 115.3072 2.4584 167.2117 4.5526 128.9375 2.5074 12.1205 2.7811 169.6481 0.6099 -0.1435 4.7707 101.7045 2.4610 165.8822 3.3238 146.2911 2.2532
3065 150.5448 2.5938 115.9236 2.5529 166.9446 4.7954 128.1710 2.6304 13.6701 2.5270 169.1566 0.2981 -0.7320 4.9184 103.1471 2.7378 165.9016 3.0815 145.0638 2.4160
3066 149.8707 2.5906 116.9474 2.4323 167.0069 4.5592 127.2327 2.5677 15.3527 2.5752 169.7563 -0.1709 -1.2259 4.9558 104.1697 2.6517 166.1986 2.8564 143.6735 2.4798
3067 149.4654 2.4731 117.0719 2.5498 166.9346 4.4127 126.1639 2.3749 16.6136 2.4572 169.4906 -0.5205 -2.2121 5.3517 105.2740 2.7229 166.1020 2.5769 142.0824 2.7109
3068 149.0835 2.6171 117.2609 2.5465 166.8299 4.2545 125.3447 2.3597 17.9755 2.4928 169.4741 -0.7291 -2.9085 5.0743 106.5166 2.4933 165.9185 1.9818 141.2704 2.3905
3069 148.7509 2.6297 117.4405 2.5496 167.2077 4.1129 124.1565 2.4942 19.0346 2.6672 169.2791 -0.6744 -3.5728 5.4005 107.4177 2.2832 165.8544 2.0270 140.2887 2.4960
3070 147.9215 2.5121 117.7910 2.4786 167.1947 4.1121 123.4349 2.4620 20.4048 2.3004 169.0903 -0.4820 -4.6938 5.3304 108.4527 2.3251 165.7244 2.1756 138.9848 2.6314
3071 147.3275 2.6419 117.9362 2.4839 167.3642 3.8463 122.9348 2.4811 22.1650 2.4819 169.0214 -0.4571 -5.6414 5.4822 109.1339 2.3944 165.5332 2.4795 138.6010 2.5636
3072 146.4049 2.4587 118.4177 2.5073 167.3269 4.2789 122.1302 2.5203 23.3809 2.4875 168.6164 -0.7471 -6.0722 5.3650 110.0754 2.5016 165.0329 2.2891 137.6872 2.5555
3073 145.5120 2.4351 118.4465 2.4708 167.6084 4.5299 121.4126 2.4157 24.7320 2.4102 168.4889 -1.0753 -7.2102 5.0478 110.8831 2.4553 164.8589 2.0696 137.5271 2.4906
3074 144.5954 2.5489 118.1068 2.3980 167.9207 4.2892 120.6495 2.4321 26.0288 2.5068 168.0267 -1.1770 -7.6525 5.0184 111.8536 2.5273 164.8025 1.9343 136.6534 2.4939
3075 143.4910 2.5546 117.9273 2.3815 167.9793 4.5044 120.0827 2.4328 26.9648 2.5178 167.8688 -1.0824 -7.9732 4.7431 112.0822 2.3422 165.1314 1.8669 136.0699 2.4130
3076 142.2646 2.3070 117.9429 2.5418 168.0137 4.9295 119.8333 2.4736 28.2435 2.3199 167.8911 -1.0738 -8.1428 4.6200 112.6092 2.4083 164.7021 1.7416 135.8324 2.5605
3077 140.8748 2.4752 117.5068 2.4505 167.9750 4.9495 119.7677 2.4722 29.6181 2.4791 167.9604 -1.2094 -8.0046 4.6316 113.0035 2.5326 164.4580 1.6413 135.8845 2.5035
3078 139.6385 2.5994 117.2992 2.4274 167.8575 5.4521 119.4051 2.4792 30.7612 2.5703 168.3267 -1.2078 -7.7995 4.8203 113.4652 2.4931 164.6262 1.1659 135.9301 2.4809
3079 138.3101 2.4998 116.5151 2.4968 167.5940 5.3277 119.2196 2.5462 31.7961 2.4373 168.3996 -1.0275 -7.7650 4.4957 113.5554 2.5175 164.8596 0.9834 135.5527 2.5140
3080 137.2730 2.5041 115.5831 2.3910 167.6149 5.1496 119.1252 2.4540 33.1782 2.2678 168.7910 -1.3392 -7.6427 4.2391 113.4454 2.4425 165.2029 0.7547 135.6146 2.5548
3081 136.0954 2.3944 114.5442 2.4309 167.5950 5.1927 119.1433 2.5053 34.2833 2.4505 169.2039 -1.0394 -7.6258 4.4297 113.3382 2.5167 165.5648 0.8772 135.5885 2.5222
3082 135.1018 2.5457 113.6026 2.5823 167.2986 5.3389 119.3319 2.5151 35.2262 2.4828 168.9830 -0.6438 -7.5692 4.7143 113.1197 2.5178 165.6653 1.0500 135.7841 2.5332
3083 134.2989 2.4603 112.7031 2.5291 167.3103 5.4969 119.7276 2.4173 36.2157 2.4337 168.8413 -0.3994 -7.5830 4.8593 113.0790 2.4737 165.5747 0.8838 135.8355 2.4611
3084 134.1458 2.5118 111.6927 2.4425 167.2307 5.5144 120.4416 2.4221 37.0258 2.4088 168.4929 -0.2611 -7.5876 4.7307 112.7267 2.5333 165.5603 0.9047 136.5463 2.4177
3085 132.8549 2.3557 110.0792 2.5941 166.5424 5.3901 121.0059 2.3332 37.7977 2.3490 168.3851 0.2322 -7.2997 4.9710 112.1335 2.5809 165.1550 0.9009 137.2342 2.4810
3086 131.9848 2.5251 108.5816 2.4590 166.8318 5.6332 121.2567 2.4472 38.5476 2.4902 168.6325 0.5853 -7.1307 5.2608 111.6951 2.5608 164.9596 0.6471 137.7666 2.5214
3087 131.6331 2.5047 107.3136 2.6375 166.9644 5.6443 122.3563 2.4566 39.2244 2.3656 168.6045 0.4432 -6.7763 5.1921 110.9584 2.5526 164.9161 0.7674 138.4531 2.5579
3088 131.2133 2.4601 106.3052 2.6562 167.5198 5.5672 123.3133 2.4128 39.6249 2.4803 168.7770 0.9132 -6.8591 5.0492 110.3180 2.5832 164.8501 0.8647 138.7836 2.4256
3089 130.5957 2.5472 105.1358 2.5387 167.6356 5.6060 124.0085 2.4421 39.6198 2.5057 168.5564 1.0997 -6.6259 4.8595 109.2483 2.4367 164.8469 1.1604 139.4455 2.5520
3090 130.2684 2.5627 104.6722 2.2896 167.3300 5.1255 125.3981 2.1960 40.0489 2.4842 168.6666 0.8406 -6.5608 4.6991 108.1105 2.4778 164.7851 1.4132 140.3919 2.4660
3091 129.8950 2.5675 104.0365 2.2493 167.4168 5.0971 126.7653 2.4065 40.0639 2.5160 168.4603 0.4648 -5.9738 4.5835 106.9917 2.3734 164.8641 1.5991 141.5564 2.4475
3092 129.6691 2.4535 103.3372 2.4691 167.7849 5.1592 127.5510 2.4888 40.0847 2.5206 168.2994 0.3259 -5.4391 4.2977 105.6345 2.4219 165.1360 1.8681 142.4283 2.4874
3093 129.6896 2.5148 102.9280 2.5075 168.2415 4.9955 129.3082 2.4367 39.8843 2.4642 168.0385 0.3178 -4.7634 4.2126 104.3664 2.5107 164.9456 1.9680 143.0889 2.3700
3094 129.7353 2.4677 102.2434 2.4393 168.6533 4.6086 130.6502 2.5683 39.2442 2.5323 167.8948 0.0243 -4.0720 3.9400 103.2860 2.5316 165.0053 1.7253 143.6870 2.4974
3095 130.0848 2.4543 102.1319 2.5268 169.5602 4.4855 132.4325 2.4694 38.6530 2.6319 168.1293 -0.0650 -3.5825 3.7371 102.6771 2.3775 165.4232 1.7947 143.5600 2.5092
3096 130.4021 2.4829 101.9002 2.4024 169.4732 4.4644 133.7532 2.4776 38.2155 2.5292 168.2580 0.0931 -3.0119 3.7825 102.2602 2.4736 165.3412 1.3915 143.7405 2.5580
3097 130.3909 2.3467 101.7584 2.5763 169.6999 4.5088 134.9598 2.7508 37.5814 2.6830 168.1100 0.0246 -2.6409 3.4349 101.8147 2.4037 165.5890 1.1937 143.9811 2.4746
3098 130.6951 2.5390 101.8588 2.4598 170.0157 4.6043 136.4900 2.5566 36.7055 2.7183 168.1583 -0.1664 -2.2291 3.2988 100.8643 2.4820 166.0953 1.5025 144.3190 2.4989
3099 131.3986 2.3909 101.6912 2.4188 170.3540 4.1606 137.9149 2.4216 36.2753 2.7644 168.5128 0.3022 -1.5287 3.3454 100.3004 2.5139 166.3452 1.1671 144.1892 2.4751
3100 131.7502 2.4288 101.3602 2.4947 170.3243 4.1322 139.0379 2.4580 35.7544 2.6728 168.4342 0.6861 -0.9200 3.3930 100.1202 2.4831 166.3553 0.8060 144.0226 2.4814
3101 132.2655 2.5800 101.6079 2.4348 170.2467 4.1029 140.1314 2.3915 35.1263 2.6344 168.4369 0.8854 -0.4839 3.5215 99.8853 2.5045 166.1053 0.4773 143.5233 2.3811
3102 133.3340 2.5046 101.9994 2.5293 170.4193 4.2223 141.2614 2.4908 33.5987 2.6330 168.5845 0.7971 -0.0996 3.4531 99.9411 2.4895 166.1298 -0.1444 143.2620 2.4444
3103 134.1900 2.4855 102.5548 2.5917 170.5169 3.9498 142.3373 2.5406 32.3923 2.5468 168.4331 1.3254 0.1568 3.5848 100.3323 2.4366 166.5309 -0.3109 143.0072 2.4263
3104 134.9324 2.5864 103.0102 2.5535 170.3456 3.4078 143.0686 2.4739 31.4651 2.4451 168.7753 1.5363 0.8287 3.5445 100.1243 2.4918 166.6678 -0.3080 142.3258 2.4005
3105 135.8710 2.5386 104.0433 2.4520 170.1966 3.0858 143.6661 2.5348 30.3411 2.6308 168.9622 1.8925 1.8367 3.7954 100.3279 2.4821 166.9924 -0.5199 141.8003 2.5174
3106 137.2953 2.5516 104.9458 2.6444 170.2600 2.9968 144.4841 2.4088 29.3976 2.4252 169.0686 2.2706 2.4367 4.0303 100.6362 2.5565 167.4077 -0.6605 140.9615 2.4153
3107 138.2985 2.3895 105.8318 2.5468 169.6942 2.4886 145.1650 2.4342 28.4651 2.5866 169.7065 2.1678 3.2227 3.8999 100.8323 2.4948 167.6052 -0.3890 140.2117 2.3024
3108 139.9373 2.6365 107.0167 2.5819 169.3010 2.5762 145.9970 2.3943 27.2573 2.6132 169.8656 2.6052 3.9775 3.9097 100.8568 2.4327 167.5865 -0.4958 139.1181 2.5156
3109 140.6637 2.3534 108.0089 2.4157 169.2883 2.4328 146.0774 2.5634 25.7896 2.6443 170.0748 2.7738 5.1833 3.6942 101.1525 2.5030 167.7217 -0.4192 138.0581 2.3818
3110 141.5950 2.5005 108.6972 2.6187 169.1261 2.0963 146.3214 2.4865 24.2252 2.7703 170.2769 3.0357 6.2543 3.4148 102.0647 2.4971 167.8918 -0.0505 136.9712 2.4237
3111 143.0360 2.4540 109.7188 2.4592 169.0654 1.8278 146.1754 2.4090 23.1612 2.5821 170.6178 2.8967 7.0557 3.0699 102.5393 2.4553 167.9122 0.1951 135.1999 2.5433
3112 144.3180 2.5296 110.2656 2.3646 169.1233 1.4449 146.0982 2.4990 21.9453 2.4121 170.5060 2.3529 7.7002 3.1373 103.0667 2.4909 168.1818 0.2947 133.7922 2.5381
3113 145.9387 2.6121 111.1075 2.4050 168.7865 1.2604 145.9944 2.5214 21.0790 2.4460 171.0321 2.0812 8.2574 2.8954 103.8917 2.3760 168.0766 0.7117 132.3103 2.3901
3114 146.9510 2.6402 112.2655 2.5624 168.2880 1.4370 145.9525 2.5965 19.5597 2.3273 171.0644 2.0534 8.8233 2.7132 104.5241 2.4905 168.3509 0.9028 130.7391 2.5823
3115 148.4711 2.8976 113.1384 2.4690 168.0936 1.2481 145.3791 2.5113 18.5730 2.5756 170.5250 1.6000 9.3733 2.6059 105.4351 2.5557 168.3184 1.1779 129.2986 2.4008
3116 149.5650 2.7956 113.9859 2.4248 167.4859 1.2281 144.8616 2.4898 17.1999 2.3953 170.3168 1.5581 9.8727 2.8221 105.9965 2.5284 168.3649 1.1087 127.7632 2.4561
3117 150.8301 3.0084 114.5355 2.4368 167.2392 1.1832 144.7450 2.4976 15.5788 2.3889 170.5320 1.8572 10.1650 2.7208 106.7302 2.6282 168.7512 1.4315 126.5488 2.3077
3118 152.2473 3.2414 114.9561 2.4916 167.1890 0.8986 144.4270 2.4876 14.1699 2.4972 170.0813 1.6874 10.5223 2.4930 107.2731 2.5446 168.7791 1.4754 125.4888 2.3339
3119 153.6465 3.4798 115.0852 2.5489 166.7460 1.2604 143.6560 2.5514 12.7514 2.4174 169.8278 1.4062 10.6261 2.6036 107.7397 2.5691 169.1443 1.5330 124.1231 2.5040
3120 155.1850 3.8557 115.1317 2.5015 166.8845 1.4947 142.7690 2.5909 11.4386 2.5874 169.7557 1.4616 10.8776 2.4750 108.0943 2.4172 169.4359 1.5087 123.0651 2.3524
3121 156.4609 3.8436 115.2887 2.5781 166.7351 1.8318 142.5997 2.5693 9.9105 2.5219 169.5144 1.3709 10.7796 2.4422 108.0794 2.4716 169.7751 1.6704 121.6068 2.6040
3122 157.7516 4.0417 115.4263 2.5471 166.9225 1.8688 141.4448 2.6529 8.3161 2.3058 169.2155 1.1563 10.5038 2.4321 108.3726 2.4400 169.4571 1.7693 120.1541 2.3813
3123 158.4101 3.8891 115.2144 2.5874 166.5868 2.0087 140.7838 2.4732 7.5365 1.9187 169.2709 1.1899 10.4971 2.4513 108.1770 2.4697 169.5462 2.2811 119.1549 2.4975
3124 159.6953 3.8493 114.9169 2.5277 166.8154 2.8569 139.9774 2.4093 6.1776 1.8186 169.1810 1.2897 10.0491 2.4968 107.9144 2.4821 169.9283 2.2108 117.5838 2.5481
3125 161.1062 4.0648 114.2910 2.5083 166.8716 2.9513 139.3710 2.5438 5.2068 1.6198 168.7059 1.6334 9.7417 2.6783 107.3383 2.4016 169.9372 2.2876 116.0257 2.5856
3126 162.4646 4.1703 113.6417 2.5150 166.8858 3.4720 138.5364 2.5173 4.2986 1.1197 168.9126 1.7645 9.0976 2.8749 107.2593 2.5076 169.7598 2.8878 114.4538 2.7542
3127 163.3934 4.3537 113.1495 2.4569 166.9439 3.4896 137.6489 2.4122 3.1781 1.3944 168.4524 1.3904 8.2276 2.8608 106.3790 2.6999 169.7266 3.0870 113.3280 2.4980
3128 164.1424 4.2885 112.7521 2.3683 166.5273 3.7974 137.1040 2.4007 1.8251 1.1163 168.2122 1.6193 8.0432 3.0751 105.4812 2.6307 169.6195 3.4809 111.8104 2.2750
3129 164.8275 4.3232 111.9823 2.5894 166.2488 4.0286 136.7283 2.4187 1.1877 0.7639 168.0780 1.7061 7.7638 3.1448 105.2740 2.5492 169.7378 3.5749 110.3034 2.5886
3130 165.4567 4.6944 110.8538 2.5246 165.9104 4.1155 136.5879 2.5210 0.5975 1.0110 168.0083 1.7782 6.6807 3.2751 104.4668 2.4480 169.7249 3.6726 108.7823 2.5640
3131 165.8534 4.5625 109.6102 2.4210 165.8364 4.2039 136.2828 2.5585 -0.2406 1.0391 167.7753 2.1053 5.7169 3.6515 103.1937 2.4648 169.6414 3.8384 107.5052 2.4839
3132 166.3413 4.8272 108.5171 2.6748 166.1119 4.1180 136.2368 2.5147 -1.1336 0.9534 167.7267 2.1957 4.8753 3.6027 102.1998 2.4973 169.0605 3.9329 106.4032 2.4836
3133 166.7063 5.1196 107.3825 2.4651 165.9325 4.0456 135.6056 2.4943 -2.1296 0.7625 167.4100 2.3989 4.1945 3.6655 101.0745 2.6679 169.3278 3.7920 105.1513 2.5474
3134 167.3371 4.7138 106.3687 2.3980 166.1088 4.2600 135.6080 2.4729 -2.7155 0.5490 167.2524 2.4000 3.2521 3.9891 99.6659 2.5250 169.1436 3.9014 104.1408 2.2440
3135 167.8815 4.7782 105.0939 2.3474 165.8432 4.2487 135.4174 2.4624 -3.0952 0.4995 166.8044 2.7482 1.6784 4.2063 98.2757 2.5233 169.3275 3.5482 103.0236 2.4947
3136 168.5254 5.4178 103.6100 2.4916 165.9384 4.3329 135.7761 2.4495 -3.2868 0.4233 166.3996 2.8607 0.5423 4.3780 97.0412 2.3927 169.2767 2.8119 101.6666 2.5354
3137 168.6231 5.4590 102.4148 2.3748 166.0934 4.6981 136.2099 2.4311 -3.8667 0.5665 166.1118 2.9638 -0.7677 4.2440 95.5167 2.1754 169.2004 2.8884 100.2120 2.6337
3138 168.7174 5.5294 100.8611 2.3020 166.2393 4.9301 136.5714 2.4749 -4.0280 0.8657 166.1575 2.6774 -2.0677 4.2039 94.3517 2.1894 169.0677 2.3584 98.6590 2.6347
3139 168.8654 5.6093 99.5580 2.5435 166.3840 5.3368 136.8879 2.5505 -4.1750 0.6598 165.9918 2.7385 -2.9484 4.1968 93.1103 2.5125 168.7355 2.3687 97.3079 2.7309
3140 168.8744 5.3118 98.2377 2.5779 166.6119 5.1983 137.2586 2.5678 -4.5168 1.0332 165.7070 3.1556 -3.6340 3.9162 92.1512 2.3201 168.5337 2.1598 95.6423 2.6296
3141 168.7671 5.4208 97.0901 2.5846 166.7148 5.2599 137.9100 2.4782 -4.5846 1.3533 165.4049 3.1202 -4.2169 3.6111 90.5656 2.3093 168.5712 2.3015 94.2388 2.5288
3142 168.6996 5.5713 96.0331 2.6390 166.9880 5.4424 139.1744 2.3309 -5.2113 1.1503 165.6055 3.3416 -4.6605 3.1569 88.8389 2.5212 168.6534 2.8057 92.8244 2.5417
3143 168.7603 5.5570 94.6419 2.5555 167.2952 5.4146 140.1548 2.5437 -5.5060 0.6514 165.6076 3.6434 -5.7283 3.5699 87.6531 2.6800 168.4713 3.1023 91.7098 2.4184
3144 168.9506 5.6380 93.1507 2.4879 166.6500 5.4245 141.2086 2.5316 -5.1623 1.1361 165.8473 3.5175 -6.7876 3.3287 86.3485 2.4721 168.4830 3.0774 90.5134 2.4764
3145 168.7787 5.2977 92.3766 2.6407 166.4551 5.0792 142.2200 2.4472 -5.0091 0.9285 166.0992 3.8062 -7.7106 3.4846 85.5811 2.5225 168.6571 2.8359 89.1412 2.5601
3146 168.4285 4.8786 91.1052 2.4783 166.3254 5.0743 143.3327 2.5433 -5.0754 0.6637 166.1979 3.6811 -8.1586 3.7400 84.2586 2.3226 168.6510 2.6655 88.0283 2.5210
3147 168.2677 4.6915 90.0391 2.7174 166.0820 4.8525 144.3401 2.5074 -4.7904 0.4411 166.5485 3.5499 -8.4148 3.4558 83.2794 2.3688 168.5026 2.3703 86.7319 2.4620
3148 167.7011 4.4951 89.1170 2.4859 165.9866 4.6377 145.1252 2.6736 -5.0170 0.5471 166.3624 3.7633 -8.8645 3.6331 82.5271 2.5161 168.4908 2.5474 85.3879 2.6518
3149 167.0488 4.3384 87.6388 2.3106 165.3564 4.7193 145.5970 2.4612 -5.0690 0.5677 166.0759 3.9897 -9.4878 3.3151 81.6468 2.3729 168.4666 2.6503 83.8312 2.4996
3150 166.6029 4.4263 85.9396 2.6984 165.2225 4.6735 146.2501 2.4680 -4.9378 0.7225 166.0334 4.0312 -9.7737 3.2569 81.0468 2.5469 168.1773 2.3605 82.2644 2.5151
3151 166.4763 4.6896 84.7162 2.2738 165.4670 5.0364 146.5678 2.4196 -4.8461 0.7881 166.1148 4.1751 -10.1503 2.7753 80.4787 2.5640 168.2412 2.1818 80.7140 2.6829
3152 166.5516 4.8021 82.9990 2.6243 165.5619 5.1937 147.0793 2.5093 -4.7281 0.9441 166.1043 4.5830 -10.0100 2.4885 79.5716 2.4957 168.1979 1.8355 79.1977 2.5996
3153 166.5739 4.7109 81.7362 2.3261 165.6911 5.2073 147.2814 2.5698 -4.8359 1.1397 165.6312 4.6945 -10.2245 2.1412 79.2067 2.4699 167.6396 1.8499 77.6689 2.5002
3154 166.3271 4.3199 80.2634 2.7189 166.1649 5.0991 147.5011 2.6542 -4.3612 1.2121 165.4795 4.6269 -10.2564 1.8059 78.7531 2.5581 167.7155 1.2387 76.3695 2.2680
3155 166.1139 3.6251 79.2954 2.6431 166.7432 5.4872 147.3498 2.5097 -4.2713 1.1588 165.4814 4.6665 -10.0100 1.0641 78.3023 2.4835 167.6800 0.8650 74.9814 2.3980
3156 165.8122 3.2414 78.7157 2.4121 167.1636 5.6000 147.2170 2.5846 -4.3762 1.0090 165.7523 4.7797 -9.7894 0.5065 77.8576 2.5046 167.2942 0.2462 73.5577 2.2306
3157 165.4445 2.9576 77.4281 2.4859 167.1954 5.0280 147.2886 2.5240 -4.1446 0.6717 165.3615 4.8650 -9.5846 0.0736 78.1256 2.5439 167.6710 0.2694 72.0979 2.5049
3158 165.8077 2.2353 76.3896 2.4309 167.1776 5.2825 146.5005 2.4380 -3.6569 0.7872 165.0108 4.3558 -9.0013 -0.0221 77.7014 2.5262 167.4815 0.0336 70.8267 2.5934
3159 166.0328 1.9832 75.9396 2.5415 167.2727 5.0231 145.7659 2.4715 -3.0862 0.7974 164.9849 4.5596 -8.5811 -0.0946 78.2106 2.5307 167.1194 0.1158 69.4898 2.6073
3160 165.9400 1.7634 75.5425 2.5219 167.3672 4.5159 145.3340 2.5306 -2.5890 0.8159 165.2816 4.1622 -8.6429 -0.1936 78.6923 2.4443 167.0632 -0.1877 68.1834 2.7200
3161 165.5917 1.0010 75.1325 2.5814 167.3719 4.2187 144.9176 2.5615 -2.0383 0.9494 165.2317 3.8286 -8.0637 -0.3935 79.1881 2.5666 166.7518 -0.3133 66.9496 2.6647
3162 165.3810 1.2139 74.9921 2.4855 167.2193 4.2075 144.4088 2.4762 -1.5673 0.8170 165.2130 3.4327 -7.9240 -0.2055 79.9022 2.4565 166.1517 -0.3763 65.4787 2.3437
3163 165.6466 1.4358 75.1541 2.4791 166.6818 4.0833 143.8513 2.4458 -1.2258 1.0543 165.0904 3.2842 -7.7345 -0.2542 80.7097 2.4702 165.9669 -0.2966 64.3039 2.4659
3164 165.5218 1.5189 74.6937 2.5422 166.7440 3.7063 143.6621 2.5903 -0.7929 0.9078 164.7747 3.1801 -7.4315 -0.3768 81.4204 2.4374 165.1931 -0.5613 62.9181 2.5657
3165 165.4448 1.6682 74.8104 2.4778 166.9434 3.4136 142.9674 2.4861 -0.2514 0.9046 164.8400 2.7963 -7.1247 0.0003 81.8993 2.4420 165.3507 -0.2618 62.0119 2.3241
3166 165.0883 1.8869 74.8508 2.4754 166.5458 3.1816 142.5588 2.4713 0.7656 1.0940 164.7704 2.8366 -6.9720 0.4142 82.5794 2.4950 165.4663 -0.0232 60.5282 2.5424
3167 164.8302 2.0837 75.2289 2.4349 166.4475 3.4432 142.0003 2.4474 1.7965 1.1590 164.8321 2.8471 -6.8649 0.6342 83.1341 2.3644 165.2755 0.0173 59.4556 2.5254
3168 164.8702 2.2676 75.5546 2.5723 166.0266 3.5125 141.3266 2.4033 2.6717 1.1754 165.1404 2.9670 -6.8779 1.0185 83.8965 2.5328 165.4825 -0.2403 58.1660 2.4609
3169 164.8554 2.3728 75.8641 2.5357 166.0727 3.4205 140.7393 2.4349 3.9038 1.3754 165.1765 2.7767 -6.8002 1.5443 84.5946 2.3742 165.6553 -0.0350 56.5642 2.6908
3170 164.9351 2.4835 76.2096 2.5168 165.9035 3.6998 140.7876 2.4691 5.3347 1.4627 164.8240 3.0819 -6.0702 1.6577 85.2032 2.3914 166.2599 -0.1718 55.7076 2.5582
3171 165.6886 2.1245 76.3451 2.4396 165.5551 3.8189 140.4904 2.4474 6.4649 1.6044 165.3687 3.7290 -5.8476 2.0884 85.9106 2.5272 166.6842 -0.1888 54.1227 2.5431
3172 165.8275 2.1137 77.5661 2.5958 165.5493 4.1812 140.2675 2.5914 7.5757 1.5034 165.6645 4.4323 -5.9660 2.3721 86.1338 2.5403 166.8090 -0.2221 53.0327 2.3584
3173 165.6540 2.2501 78.7572 2.5172 165.7920 4.5426 139.7992 2.4134 9.1299 1.7683 165.7877 4.7025 -5.7487 2.6526 86.7370 2.5580 167.3060 -0.4307 51.7763 2.5120
3174 165.9539 2.1770 79.5881 2.4633 166.3664 4.9432 139.5632 2.6097 10.0912 2.3165 166.2416 4.7943 -5.6900 2.6049 86.7994 2.5279 167.3853 -0.4952 50.3510 2.5965
3175 166.1026 2.0072 80.5112 2.4573 166.6981 5.3594 139.2585 2.4868 11.2085 2.1506 166.3247 4.5004 -5.2719 2.3696 86.9819 2.5063 167.2886 -0.1542 48.8390 2.5598
3176 166.5018 1.5918 81.7964 2.5750 166.4571 5.4003 138.8847 2.4604 12.7084 2.2205 166.4329 4.3399 -4.8928 2.5492 86.7811 2.4901 167.8406 0.0210 47.1210 2.3317
3177 166.6891 1.5790 82.9777 2.6922 166.2506 5.2280 139.1252 2.5688 14.0819 2.6037 166.7319 4.3448 -4.8335 2.7321 86.6842 2.4936 167.5894 0.3296 45.8101 2.6347
3178 166.4674 1.4166 84.2079 2.5798 166.5198 5.2709 139.2682 2.4382 15.2670 2.5648 166.6100 4.5502 -5.0433 2.8790 86.2472 2.4559 167.4926 0.8016 44.5273 2.3811
3179 166.3615 1.2166 85.3358 2.6267 166.4949 4.8907 139.7428 2.5483 16.8968 2.5442 166.6442 4.2263 -5.1359 2.9083 86.5290 2.4056 167.4163 0.9067 43.1446 2.4575
3180 165.6975 1.2882 86.4497 2.4941 166.1986 4.6985 140.3013 2.4653 18.6151 2.4773 166.2916 3.6374 -5.8315 2.7647 86.2407 2.3823 166.8103 0.6842 41.6798 2.5092
3181 165.8241 1.3008 87.7758 2.5296 166.3037 4.3443 141.0652 2.4321 19.6069 2.5759 165.6886 3.5440 -5.8614 2.7912 85.8109 2.5299 166.3277 0.5595 40.2591 2.4030
3182 165.5029 1.5003 88.8260 2.4613 166.4739 4.0315 141.8797 2.4745 20.8771 2.4232 165.1178 3.3784 -6.1108 2.8146 85.1017 2.4801 166.4109 0.6868 38.7457 2.3811
3183 165.2202 1.6136 89.7256 2.5716 166.6168 3.5141 142.7902 2.3706 22.1884 2.3946 164.7791 3.3134 -6.2135 3.5530 84.5017 2.4701 166.0589 1.0963 37.3734 2.4325
3184 164.9574 1.9294 90.5092 2.4818 166.8380 3.3142 143.9062 2.4079 23.6193 2.4772 164.6607 3.5830 -6.5207 3.5324 83.6793 2.6108 166.2397 1.0488 36.1139 2.3090
3185 165.0122 2.0015 91.2278 2.5278 167.2394 3.4540 144.4817 2.5532 25.2899 2.4822 164.5379 3.6784 -6.7971 3.6465 82.7390 2.5410 166.3162 1.5327 34.5641 2.3888
3186 165.0202 2.4516 91.8056 2.4261 167.4030 3.2223 145.4028 2.4255 26.7041 2.5413 164.0369 3.7705 -7.2642 3.5147 81.7505 2.3829 166.3826 1.9133 32.9650 2.1385
3187 165.0203 2.8439 92.4366 2.5441 167.8891 3.0922 146.1762 2.3608 27.5682 2.7363 163.5450 3.8469 -7.7338 3.6698 80.6578 2.6254 166.5727 1.9879 31.7234 2.3828
3188 165.0475 3.1490 93.3254 2.5136 168.4130 3.1252 146.9103 2.3308 28.9734 2.6108 163.5653 3.6703 -8.0826 4.0907 79.5810 2.6303 166.4502 2.0375 30.1822 2.5992
3189 165.2645 3.5407 93.6496 2.5250 168.5971 3.1450 147.6017 2.5029 30.3601 2.4425 163.4386 3.6928 -8.1092 4.3154 77.9846 2.7790 166.5854 1.6221 28.3879 2.6884
3190 165.4968 3.9836 93.6635 2.5125 168.5930 3.3195 148.2499 2.5150 31.3802 2.5460 163.3219 3.6892 -8.2541 4.2997 76.7197 2.4839 167.1385 1.9323 26.9630 2.4603
3191 165.3612 4.4198 93.8588 2.5862 168.6077 3.6609 149.6152 2.3829 32.3079 2.3954 163.3432 3.7791 -8.1663 4.3508 75.4203 2.6399 167.0777 1.9114 25.7610 2.6691
3192 165.3542 4.3430 94.0961 2.5591 168.9529 4.1428 149.8953 2.4943 33.7366 2.5628 163.3849 3.8013 -8.0407 4.1226 73.8651 2.5811 167.4926 1.8064 24.2938 2.5306
3193 165.5574 4.4566 94.0609 2.4947 169.2071 4.5004 150.7952 2.5281 34.7701 2.6314 163.0036 3.6947 -7.8987 3.8763 72.7909 2.4973 167.6894 1.4739 22.9960 2.3179
3194 165.7924 4.4983 93.5621 2.4904 169.1465 4.7893 151.0920 2.5484 36.3624 2.3969 163.3896 3.6324 -8.1136 3.8614 71.3979 2.5874 168.1497 0.9997 21.8313 2.5422
3195 165.9172 4.3582 93.3922 2.4811 169.2888 4.7227 151.9573 2.4461 37.6790 2.4815 163.2144 3.6159 -8.3256 3.9278 70.3271 2.3340 168.4755 0.7000 20.5942 2.5237
3196 166.3573 4.3805 93.1309 2.4141 169.3880 4.6764 152.0615 2.5470 38.9035 2.6434 163.1381 3.4920 -8.0732 3.6117 68.5816 2.5074 168.7646 0.6862 18.8617 2.4120
3197 166.0683 4.7138 92.4945 2.4802 169.8251 4.1787 152.5100 2.5997 40.3881 2.5155 163.6547 3.4321 -7.9536 3.7415 67.2365 2.4641 168.8701 0.7550 17.8060 2.5500
3198 166.2037 4.4180 91.4777 2.3219 170.0130 3.6374 152.7088 2.4726 41.7063 2.5410 163.8055 3.5994 -7.8561 3.7946 65.8168 2.8030 169.1820 0.7694 16.4485 2.7200
3199 166.4354 4.7979 90.8807 2.4701 170.3821 3.2211 152.7986 2.4897 42.7079 2.5284 163.5204 3.2253 -7.8915 3.7964 64.1508 2.5335 168.9489 1.0477 14.7180 2.6182
3200 166.5358 5.4439 90.4934 2.4444 170.4929 2.9345 152.7949 2.4874 44.1399 2.5978 163.2670 3.2737 -7.5290 3.8033 62.4253 2.4084 169.6745 0.7259 13.4490 2.9905
3201 166.5868 5.3717 89.4154 2.4773 170.3040 2.7880 152.8619 2.5092 45.7336 2.6080 163.2682 3.0932 -7.4175 4.2271 61.1297 2.4847 170.0758 1.0418 12.3018 2.9066
3202 166.6007 5.1856 88.4636 2.4750 170.3318 2.3971 152.8254 2.4468 47.0523 2.5738 163.1246 3.2296 -7.2739 4.4847 59.7232 2.7162 169.8669 1.3121 10.8261 3.1551
3203 166.9400 5.3568 87.8055 2.5244 170.4128 2.4002 152.3432 2.4541 48.1590 2.4678 163.3492 3.3544 -7.6322 4.8989 58.7120 2.4673 169.9493 1.7383 9.3812 3.3489
3204 167.0599 5.3408 86.4386 2.6572 170.5354 2.2610 151.9154 2.4046 49.3769 2.5436 163.6805 3.3288 -7.1926 5.1024 57.3592 2.3594 169.8875 2.1277 8.1563 3.2830
3205 167.3135 5.3127 85.3260 2.4086 170.5824 1.8252 151.0022 2.4210 50.3544 2.5461 164.1704 3.3915 -6.9378 5.1888 56.0204 2.4047 169.8986 2.6369 6.9211 3.1606
3206 167.6602 5.6648 83.8818 2.5502 170.6165 1.6966 149.8692 2.4378 51.4871 2.4586 164.3362 3.4569 -6.9592 5.2900 54.7108 2.4796 169.8886 2.9082 6.2563 3.4816
3207 167.6978 5.4261 82.7352 2.6265 170.9407 1.8325 148.8886 2.1755 52.5924 2.5130 164.9372 3.3775 -6.9799 5.5460 53.6205 2.4167 170.0147 3.3707 5.4946 3.7806
3208 168.0344 4.9210 81.7923 2.6180 170.9461 1.8378 148.0953 2.4266 53.1946 2.6295 165.7493 3.3453 -6.4934 5.5305 52.2620 2.7226 170.0176 3.6293 4.6530 3.5721
3209 168.3987 4.8224 80.8626 2.3963 170.8316 1.5830 147.1002 2.5349 54.1444 2.6287 166.5409 3.4979 -6.4252 5.7147 51.3887 2.4019 169.8292 3.6688 3.6791 3.8076
3210 168.7386 4.6506 80.0927 2.3968 170.5603 1.3510 145.8614 2.5006 55.0591 2.4568 167.1968 3.5062 -6.7326 5.3271 50.0737 2.3597 169.9164 4.0226 2.8349 3.7307
3211 168.7842 4.2617 79.0637 2.3633 170.3300 1.2359 144.4945 2.4797 55.4106 2.4012 167.8422 3.3622 -6.6030 5.2353 48.8649 2.3960 169.7176 4.1768 1.9897 3.7053
3212 168.3622 3.8989 78.0925 2.2968 170.5928 1.0251 143.1181 2.6729 55.8370 2.4466 168.1631 3.0386 -6.6901 5.4459 47.5351 2.3396 169.4073 4.2508 1.3788 3.4132
3213 168.5370 3.9329 77.2525 2.4403 170.6838 1.0295 141.4344 2.5122 56.3434 2.4237 168.1246 2.6082 -6.7854 5.3757 46.1047 2.5372 169.3796 4.0270 1.1286 3.5420
3214 168.2198 3.9492 76.6533 2.4794 170.8060 0.8770 139.7045 2.3100 56.6788 2.3840 168.1496 2.1301 -6.6895 5.0780 44.8348 2.2873 169.0021 3.7036 0.6620 3.5147
3215 168.0955 4.1331 76.2375 2.4451 171.2493 0.9815 138.3390 2.4253 56.6554 2.4491 168.4198 1.7091 -7.0123 5.0995 43.5043 2.5162 168.5731 3.6155 0.4294 3.7064
3216 167.9424 3.7801 75.5478 2.5184 170.7295 1.0893 137.0486 2.4412 56.5692 2.4417 168.6059 1.1701 -6.7717 4.8959 41.9488 2.3701 168.4878 3.5791 0.2857 3.7358
3217 168.0027 4.0938 75.3269 2.4733 170.5243 1.2286 135.7733 2.6339 56.7418 2.5444 168.8502 1.2624 -6.8828 4.8390 40.8227 2.4602 168.2680 3.7350 0.2645 3.8773
3218 168.0956 4.1919 75.3350 2.5243 170.6361 1.6788 134.5784 2.7264 56.2204 2.7078 169.2035 0.8979 -6.8046 4.6860 40.2177 2.4146 167.7852 3.7752 0.0231 4.0392
3219 168.0561 4.3485 75.1272 2.4700 170.3400 1.7383 133.2609 2.6202 55.7959 2.5679 169.6565 1.0386 -7.0881 4.5818 39.4403 2.5076 167.2152 4.1248 -0.2487 3.9423
3220 168.1685 4.4131 75.2545 2.5460 169.4852 2.2644 131.9088 2.6249 55.0220 2.5500 170.0571 0.9949 -7.6355 4.3050 38.5674 2.5747 166.9418 4.0728 -0.4781 3.8765
3221 168.5659 4.5118 75.1567 2.5223 169.1626 2.3598 130.5760 2.5515 54.4731 2.5781 170.3307 0.8401 -7.7780 3.8587 37.8704 2.5517 166.3453 3.9771 -0.4393 3.9143
3222 168.8532 4.5648 75.2945 2.4999 168.9712 2.3091 129.1341 2.4666 54.0339 2.5117 170.6103 0.7467 -7.9075 3.5840 37.4780 2.5718 166.3935 3.7875 -0.4099 3.9115
3223 169.2942 4.8996 75.4510 2.3560 168.6217 2.8735 127.5697 2.7637 53.2794 2.4356 171.0431 1.3408 -8.2626 3.1873 36.7836 2.4471 165.8580 3.3514 -0.4569 3.9339
3224 169.5259 4.9423 75.5329 2.5875 168.3316 2.9372 126.4283 2.4212 52.1801 2.4900 170.9438 1.7002 -8.3507 3.0534 36.4741 2.4236 165.3785 3.0485 0.3823 4.2058
3225 169.3200 4.4291 75.7898 2.5023 167.9620 3.0500 125.5846 2.4404 50.9701 2.4589 170.8161 1.8901 -8.8719 2.8864 36.1780 2.5121 165.1561 2.9329 0.7558 3.9716
3226 169.2050 4.5530 76.1603 2.4993 167.7622 2.8518 124.7424 2.5631 49.6123 2.5737 171.0390 2.0363 -9.3925 2.8478 36.3112 2.4772 164.8421 2.5537 1.5650 3.7856
3227 169.2150 4.6446 77.0604 2.4180 167.9742 3.1765 124.0090 2.5741 48.4919 2.6038 170.9095 1.4825 -9.4461 2.6399 36.0471 2.5313 164.6808 2.1568 2.7115 3.8396
3228 169.8404 4.5694 78.1518 2.5420 167.9474 3.7373 123.0270 2.4602 47.1418 2.5583 170.8105 1.2686 -9.4607 2.6023 36.0776 2.4131 164.3785 2.1619 3.5180 3.6796
3229 169.4494 4.5425 79.2674 2.5651 168.0766 3.9764 121.8760 2.5523 45.9788 2.6058 171.2141 1.6846 -9.4198 2.7391 36.6624 2.4436 164.2179 2.0599 4.8928 3.5294
3230 169.5401 4.3590 80.7823 2.5849 167.8552 4.4606 121.0706 2.5188 44.4295 2.4422 171.6665 1.6424 -9.2347 3.1253 36.7379 2.4957 164.0949 1.9786 5.6087 3.2209
3231 169.8750 4.0934 81.3898 2.6099 167.4475 4.5862 120.2351 2.4708 43.4897 2.5014 171.7437 1.4999 -9.3080 3.0302 36.8912 2.5289 163.8966 2.1705 6.7298 3.3086
3232 169.8001 4.2668 82.8526 2.3710 167.4183 5.0265 119.7454 2.4764 42.3724 2.5022 171.6600 1.6162 -9.2545 2.9567 37.7395 2.4122 163.5531 2.3620 7.9089 3.3485
3233 170.0550 4.1346 84.2678 2.4371 167.1504 5.4056 119.4495 2.4072 41.4470 2.6702 171.6570 1.8046 -9.2936 3.1363 37.9020 2.4335 163.5661 2.3234 8.9307 3.5237
3234 170.0912 3.9928 85.5068 2.4922 167.2994 5.0661 119.2541 2.5270 40.7467 2.5149 171.5547 1.7986 -9.1098 3.3762 38.7845 2.3964 163.1366 2.2058 10.1019 3.1254
3235 170.6175 4.2736 86.7774 2.5891 167.0385 4.7887 119.0353 2.5700 39.6861 2.4352 171.4338 2.0225 -8.4533 3.3150 39.3408 2.4466 162.8407 2.5712 11.0862 3.0179
3236 170.7915 4.1222 88.0441 2.4997 166.7032 5.1358 119.0539 2.4244 38.8988 2.5161 171.4199 2.2218 -7.9320 3.4239 40.4942 2.2816 162.2017 2.5697 12.6670 2.8054
3237 170.5873 4.3689 89.4442 2.4927 165.9336 5.0253 119.0337 2.5274 38.0703 2.5778 171.4243 2.0900 -8.0263 3.3534 41.1008 2.5660 161.3902 2.9266 14.0068 2.6544
3238 170.8200 3.9224 90.6764 2.6166 165.5360 4.7419 119.0387 2.5254 37.2400 2.5699 171.1729 2.0290 -7.7270 3.0185 42.2945 2.5151 160.7789 2.6491 15.2685 2.5402
3239 170.6170 4.1562 91.6285 2.5628 165.3434 4.7588 118.9398 2.5497 36.4727 2.5253 171.0656 2.2408 -7.4756 2.9865 43.6727 2.4816 159.9213 2.6491 16.4139 2.5542
3240 170.7263 4.0328 92.9516 2.7620 165.1278 4.3690 119.3209 2.6954 36.4379 2.4214 171.1045 2.5023 -7.6003 2.7630 45.2052 2.6395 158.9853 2.6942 17.2890 2.5193
3241 170.5084 4.4759 93.9578 2.6177 165.1006 4.2363 120.0155 2.5793 36.2119 2.5197 170.7744 3.2771 -7.7395 2.6996 46.3762 2.4682 158.5710 2.8720 17.8132 2.5410
3242 169.8869 4.6354 95.0943 2.4929 165.1132 4.0670 120.4407 2.6318 35.6696 2.4347 170.6817 3.6975 -7.4836 2.9129 47.6217 2.4396 157.9871 2.7124 18.9027 2.6481
3243 169.6098 4.6224 96.6682 2.6060 164.7977 4.0267 121.1897 2.5288 35.3322 2.4188 170.5525 4.3098 -7.1017 2.9371 48.9569 2.5291 157.2816 2.8925 19.4030 2.5081
3244 169.0927 5.0625 97.8852 2.3704 164.8299 4.2002 121.6961 2.5069 35.7114 2.5272 170.2196 4.5740 -6.8240 3.0248 50.1452 2.5224 156.5895 2.8944 20.2591 2.5547
3245 168.8034 5.4544 99.3915 2.6939 165.0900 3.8462 122.6096 2.5354 35.8139 2.5450 169.6694 4.8907 -6.3023 3.0770 51.3178 2.5742 155.8769 2.6530 20.4730 2.5625
3246 168.5043 5.4452 101.0799 2.5558 165.0284 4.1968 123.4032 2.6400 35.9722 2.6830 169.2086 4.9322 -6.6317 2.9297 52.4595 2.3164 154.7210 2.8574 20.8540 2.5356
3247 168.0040 5.4007 102.4174 2.4142 165.6286 4.4056 124.2859 2.5809 36.4771 2.5680 168.7804 4.9067 -6.3684 2.8435 53.5768 2.5310 153.2012 2.5987 21.0890 2.5498
3248 167.7919 4.9012 103.9849 2.5081 165.9733 4.4309 124.8650 2.5537 37.3395 2.6114 168.5762 4.7547 -6.0568 2.9169 54.6380 2.5425 152.1225 2.4579 21.2667 2.4278
3249 167.2236 4.4493 105.1854 2.4926 166.1070 4.4131 125.5242 2.5366 37.9017 2.5611 168.0587 4.5589 -5.9068 3.3788 56.1743 2.6166 151.2324 2.5583 21.9466 2.5202
3250 166.9112 4.6694 106.5551 2.5555 166.6477 4.3839 126.1552 2.5175 38.4858 2.4629 167.6509 4.9679 -5.4303 3.7853 57.4290 2.6793 150.0581 2.5878 22.1500 2.5239
3251 166.7224 4.2838 108.0569 2.5602 167.4791 4.6839 126.7288 2.4841 39.5297 2.5143 167.6044 5.2210 -4.9082 3.8244 58.7521 2.7206 148.9542 2.3923 21.9709 2.4650
3252 166.1175 3.8135 109.6124 2.5874 167.8294 5.0096 127.0676 2.4820 40.5422 2.6114 167.5699 5.2542 -4.8083 3.7099 60.3226 2.4877 148.2245 2.5163 22.1085 2.4351
3253 165.9741 3.6875 110.7191 2.5843 168.0110 5.1707 127.3518 2.5609 41.8773 2.5215 167.5838 5.3066 -4.9040 4.0174 61.4264 2.3220 147.2024 2.4166 21.6006 2.5225
3254 165.4836 3.3158 112.5654 2.4618 168.9617 4.9307 127.9406 2.5635 43.3214 2.5873 167.6234 5.1211 -5.0807 4.3374 62.6874 2.5290 146.4404 2.4237 20.9071 2.3802
3255 164.8812 3.1177 114.2007 2.3644 168.8002 4.8361 127.7297 2.5183 44.2938 2.5643 167.5918 5.3327 -4.8796 4.4132 64.1231 2.6454 145.6038 2.4473 20.6020 2.4460
3256 164.2456 2.9900 115.0182 2.4516 169.0714 4.3331 127.9019 2.5057 45.9276 2.6381 167.2942 4.8931 -4.5839 4.2842 65.5779 2.6988 144.6426 2.4208 20.3181 2.4051
3257 163.1761 3.0019 116.2160 2.5455 168.9210 3.8965 127.9674 2.6008 46.7753 2.5210 167.1977 5.2203 -4.6712 4.0486 67.0576 2.3717 144.0631 2.5844 19.6146 2.5456
3258 162.2225 2.8633 117.6839 2.4699 169.1052 3.5235 127.7043 2.5432 48.1067 2.3209 167.2536 5.4311 -4.5738 3.8988 68.2257 2.4612 143.0807 2.4761 19.0355 2.4828
3259 161.5871 2.7839 119.1966 2.6120 169.3245 3.1450 127.4927 2.5283 49.2978 2.3282 167.1973 5.5859 -4.7396 3.5659 69.7071 2.4930 142.8497 2.4819 17.9085 2.5586
3260 160.4735 3.0603 120.6593 2.4316 169.8636 2.6817 127.1865 2.5114 50.9641 2.5299 167.1519 5.5680 -4.8314 3.5768 70.9389 2.5768 142.7932 2.5025 16.9570 2.4552
3261 159.5894 3.0773 122.0227 2.5176 170.3778 2.3516 126.8225 2.6204 52.4466 2.6659 167.0130 5.4750 -5.0461 3.4401 71.9048 2.4703 142.4651 2.5207 16.3373 2.3371
3262 158.8350 2.9140 123.8102 2.4171 170.4683 2.1627 126.6684 2.4904 54.0935 2.7078 166.7109 5.4369 -5.1891 3.4450 72.7218 2.4979 142.9303 2.4971 15.4127 2.5243
3263 158.0301 2.6923 125.6831 2.4754 170.7637 2.1706 126.2034 2.3974 55.2104 2.7348 166.5381 5.6233 -5.4035 3.3965 73.3764 2.5613 143.2213 2.4869 14.5448 2.6677
3264 157.2828 2.5398 127.4235 2.4729 171.2171 2.0073 125.5793 2.3963 56.1527 2.5163 166.6515 5.8226 -5.6637 3.4787 74.6403 2.5726 143.6435 2.5697 13.8575 2.4268
3265 156.5936 2.1644 128.9086 2.3779 171.5324 1.8772 124.9325 2.5177 57.8774 2.6386 166.9475 6.0003 -6.1295 3.6084 75.3534 2.4364 144.2243 2.5308 13.0824 2.4488
3266 155.9049 2.1773 130.2623 2.5240 171.6173 1.9195 124.9725 2.5249 59.5304 2.5542 166.6580 5.7445 -6.2692 3.4027 76.0752 2.6193 144.2549 2.4342 12.6771 2.5132
3267 155.4445 2.2713 131.5361 2.4901 171.7238 1.5261 124.2404 2.3927 61.1542 2.2831 167.0487 5.1267 -6.9062 3.3827 76.8385 2.4471 144.9149 2.5594 12.1206 2.5155
3268 154.6055 2.1529 132.8392 2.3966 171.6961 1.6019 123.6614 2.4856 62.3139 2.4485 167.0830 5.0847 -7.0825 3.7004 77.5511 2.4437 145.9356 2.5254 11.6257 2.6096
3269 153.5761 2.3636 134.1797 2.5561 171.6734 1.3854 122.9721 2.5382 63.2189 2.3792 166.8329 4.9152 -6.9431 3.7022 77.7527 2.4760 146.8392 2.5083 10.8151 2.5266
3270 152.7530 2.5671 135.6701 2.3410 171.4343 1.4369 122.6461 2.4595 64.5215 2.5926 166.7580 4.6450 -6.7421 3.5142 77.7626 2.4836 147.6598 2.5198 10.2659 2.3085
3271 151.7404 2.4769 136.9411 2.4750 171.5319 1.6381 122.2511 2.5294 65.8063 2.5298 166.4931 3.8573 -6.4445 3.3045 78.0611 2.4530 148.8592 3.0058 10.0198 2.4248
3272 150.9661 2.4363 138.6059 2.4417 171.5242 1.1709 122.2551 2.5394 67.0790 2.5433 166.2905 3.8761 -6.8290 3.1059 78.2426 2.4505 149.9060 2.8903 9.7418 2.5826
3273 150.4075 2.5761 140.1999 2.4856 171.2122 0.9011 121.8590 2.5524 68.7941 2.3802 166.0469 3.4379 -6.9078 2.8936 78.3017 2.5954 150.9229 3.1291 9.0271 2.5102
3274 150.1794 2.4749 141.7973 2.4557 170.9519 0.7499 121.3055 2.5183 70.3835 2.3829 165.7730 3.2106 -7.1695 3.1188 78.2466 2.6172 152.2289 3.3318 8.3994 2.4844
3275 149.9965 2.5252 143.2930 2.2858 170.9919 0.9911 121.5485 2.5066 71.4203 2.3298 165.7603 3.2288 -7.1289 3.0180 77.9883 2.6007 153.2860 3.3697 7.8161 2.4671
3276 150.0587 2.5522 144.3593 2.4698 170.7491 0.6785 121.3940 2.5105 72.5693 2.5803 165.6374 3.0697 -6.9617 2.7144 77.8585 2.4554 154.2877 3.5600 7.7924 2.5926
3277 150.1058 2.4980 145.6578 2.4413 171.2604 1.0332 121.2671 2.5596 73.7671 2.4044 165.7205 3.2237 -6.7959 2.5448 77.1816 2.4804 155.2253 3.4588 7.7742 2.4064
3278 149.7700 2.5142 146.9445 2.4803 171.3270 1.2091 121.4176 2.5354 75.1942 2.5584 165.9747 2.7372 -6.4541 2.0880 76.6008 2.4793 156.2343 3.4347 7.1237 2.4812
3279 149.8301 2.4329 148.7260 2.5467 171.0766 1.2411 121.4656 2.6043 76.7576 2.5790 166.3281 2.5881 -6.3524 1.8175 76.1115 2.4821 157.2635 3.2981 6.8577 2.5317
3280 149.6570 2.5473 150.0753 2.5079 171.3194 1.4784 121.8719 2.4471 77.8699 2.6597 166.4052 2.4649 -6.3988 2.0709 74.9056 2.5171 157.8068 3.0597 6.8919 2.5493
3281 149.7871 2.5387 151.3593 2.2082 171.3970 1.4615 122.6567 2.5190 79.4202 2.5746 166.8089 2.4478 -5.7407 1.9624 74.2115 2.5533 158.9047 3.4005 6.4896 2.6309
3282 150.3854 2.4363 152.7251 2.1873 171.2693 1.4002 123.1110 2.5103 80.2610 2.5663 167.2472 2.1778 -5.8313 1.9162 73.5554 2.4181 159.3721 3.6907 6.2350 2.4650
3283 150.6069 2.3899 154.1997 2.0794 171.3662 1.4988 124.0471 2.6164 81.8268 2.6823 167.1548 1.8280 -5.7244 1.9617 72.5716 2.5990 159.9254 3.6191 5.9030 2.5435
3284 150.9091 2.3294 155.3015 2.0006 171.1509 1.7160 124.5847 2.6624 83.0182 2.6578 167.1928 1.5124 -5.9206 2.0034 71.8928 2.6268 160.2668 3.6553 5.7391 2.3214
3285 151.3576 2.0029 156.5385 2.0684 171.0518 1.7837 125.4671 2.4617 84.3510 2.5592 167.2884 1.4695 -5.9342 1.9978 70.5426 2.6860 160.5892 3.5935 5.2681 2.1074
3286 151.7791 1.9904 157.9057 2.1938 170.1940 1.9658 126.5944 2.4095 85.2947 2.4693 167.6161 1.5363 -5.9769 1.7075 68.9729 2.4845 160.8091 3.7555 5.2949 1.9604
3287 152.7845 1.9190 158.8251 2.2233 169.8767 2.1115 127.7395 2.6099 86.2823 2.5662 168.2638 1.7225 -6.3580 1.3540 67.6386 2.3904 161.0596 3.8254 4.7006 1.5424
3288 153.7995 1.8180 159.3147 2.3873 169.9369 2.4414 128.5146 2.6092 87.3410 2.5953 168.1163 1.9123 -6.4150 1.1744 66.1136 2.5282 161.1925 3.5282 4.3072 1.3380
3289 154.7459 1.7521 159.8921 2.4060 169.9124 2.7834 129.9083 2.4343 88.4315 2.5683 168.0151 1.7841 -6.6818 1.1869 64.7426 2.4761 160.7752 3.4486 4.2585 1.0815
3290 155.9998 1.8232 160.4337 2.1933 169.7652 3.1487 131.0466 2.3760 89.2140 2.5029 168.4518 2.0693 -6.6344 0.9682 63.4684 2.5171 160.2472 3.4572 3.4847 1.1687
3291 157.1463 1.4668 161.3154 2.0102 169.6419 3.6484 131.8984 2.4347 89.6216 2.4075 168.6572 2.0464 -6.6296 0.9782 62.1956 2.6278 159.4985 3.3427 2.7069 0.8219
3292 158.4017 1.2609 161.5488 2.1388 169.3868 3.8432 132.9441 2.5367 90.2373 2.5629 168.8189 2.1261 -7.0450 0.3274 60.9958 2.5261 158.5507 3.1578 1.7867 0.6285
3293 159.6147 1.3931 162.5226 2.1718 169.4228 4.1787 133.6095 2.4589 90.9837 2.4143 169.0858 1.9661 -7.4999 0.1914 59.6486 2.7457 157.8106 3.2931 0.8050 0.5625
3294 160.7714 1.1189 163.2456 2.2745 169.2373 4.5203 134.3350 2.5176 91.3168 2.4814 169.1700 2.2076 -7.3033 0.1292 58.1286 2.4502 156.7240 3.3310 0.0703 0.6766
3295 161.7649 1.2971 163.9130 2.2518 169.2765 4.8624 134.9786 2.5017 91.7168 2.5459 169.2064 2.0257 -7.1043 0.3535 57.0073 2.6087 155.9070 3.5003 -1.1390 0.6387
3296 162.7405 1.0511 164.3081 2.5096 168.9888 4.4144 135.3264 2.4413 92.0077 2.4893 169.2624 1.8666 -6.8725 0.4391 55.6685 2.6737 154.7912 3.0932 -1.9499 0.8669
3297 164.0640 0.8238 164.5756 2.5562 168.2110 4.4055 136.2908 2.5137 92.0170 2.4620 169.1877 2.1422 -6.9481 0.9430 54.6972 2.4943 154.1873 3.2730 -3.0530 0.8641
3298 164.7739 0.9943 165.1382 2.3578 168.1451 4.4367 136.6935 2.4096 92.0923 2.5521 169.0498 2.3003 -6.9071 1.2929 53.6923 2.6124 153.1884 3.1947 -3.9948 0.8143
3299 165.8230 1.0509 165.3443 2.3942 167.9855 4.2894 137.0648 2.5207 91.6644 2.4137 169.1420 2.3862 -7.0223 1.5521 52.5330 2.5383 151.9086 2.9748 -4.9874 0.9691
3300 166.8526 0.7588 165.6411 2.2789 168.1853 4.6206 136.7752 2.4613 91.6450 2.4393 169.1496 2.6837 -6.9191 1.3908 51.7888 2.5488 150.6090 3.2519 -5.4394 1.0062
3301 167.1461 0.5408 166.0869 2.2674 167.8979 4.5468 137.2231 2.4745 91.5337 2.5129 169.2570 2.5278 -6.7944 1.4062 51.0878 2.5248 149.6206 3.1722 -6.0528 1.2730
3302 167.4176 0.5601 166.1901 2.4235 167.4275 4.4151 137.3703 2.5269 91.1577 2.5439 169.0703 2.7496 -6.4086 1.6274 50.2403 2.5174 148.8295 2.8017 -6.7487 1.3518
3303 168.1427 0.1084 166.4920 2.0566 166.8659 4.5141 137.3095 2.4419 90.9970 2.4432 169.1119 3.2264 -6.1918 1.3025 49.8725 2.5108 147.3065 2.6710 -7.3207 1.5928
3304 168.5804 0.1534 166.3938 1.9591 166.2479 4.7862 137.4028 2.5482 90.0482 2.4256 169.3161 3.1949 -6.1328 1.4029 49.6001 2.5287 146.0142 2.6331 -7.3937 1.5507
3305 168.9653 0.1170 166.2577 2.0307 165.4839 4.7344 137.0014 2.3734 89.2986 2.4246 169.7486 3.6683 -5.5927 1.3511 49.2938 2.5900 145.0504 2.7193 -7.6618 1.4831
3306 169.3687 0.2753 166.3817 2.4795 165.1176 4.4488 136.0827 2.4514 88.4599 2.5167 169.3177 4.0060 -5.2273 1.2018 49.3696 2.5143 144.0204 2.6277 -8.0557 1.3672
3307 169.6371 0.0523 165.8419 2.6866 164.3218 4.3457 135.2349 2.5183 87.3335 2.2475 169.1919 4.0617 -5.3134 1.1617 49.7541 2.4984 142.9424 2.5854 -8.3718 1.6215
3308 169.6556 -0.0871 165.6866 2.9849 163.6998 4.3563 134.2846 2.5074 86.3417 2.3921 169.2059 3.5175 -4.9086 1.0787 49.8930 2.4869 141.8222 2.5197 -8.6478 1.7704
3309 169.6627 -0.2327 165.6326 3.5001 162.6916 4.3498 133.8273 2.5233 85.8285 2.4314 169.2101 3.3025 -4.9856 0.9958 49.8718 2.4704 140.6208 2.4616 -8.9700 1.7284
3310 169.9462 0.3676 165.5127 4.0556 161.7491 4.0164 132.7518 2.4836 84.9316 2.2433 168.8078 3.6903 -5.5824 0.6785 49.7123 2.4965 140.0894 2.4693 -9.1039 1.7701
3311 169.8313 0.6500 165.4395 4.2528 161.1087 4.0593 132.2071 2.4978 83.4762 2.5627 168.6488 4.0366 -5.7793 0.6427 49.9795 2.4455 139.3965 2.3566 -8.9789 1.5539
3312 170.0362 0.8685 165.5885 4.3427 160.5117 4.2872 131.0791 2.6093 82.4545 2.5149 168.6099 3.9700 -5.7906 0.8536 50.4056 2.5612 138.3002 2.4942 -9.1596 1.1890
3313 170.5433 1.1861 165.6948 4.4757 159.4344 3.6900 129.8346 2.4179 81.2326 2.5237 168.9332 3.7285 -5.9326 0.5374 51.1223 2.4617 137.4474 2.5656 -8.8383 1.5441
3314 170.8982 1.7506 165.5231 4.4046 158.1431 3.5471 128.3307 2.4324 79.7175 2.3673 168.8416 4.0730 -5.7341 0.6590 52.2585 2.3722 137.1696 2.4952 -8.8499 1.8399
3315 171.1593 2.0159 165.1310 4.1969 156.9170 3.4097 126.9812 2.4109 78.4304 2.3866 168.5448 3.8850 -5.8486 1.0871 52.8096 2.4316 136.8024 2.4566 -8.6131 1.9319
3316 171.5391 2.2389 165.1551 4.2503 155.5143 3.0609 126.0805 2.6282 77.1359 2.4732 168.5409 3.8348 -5.9007 1.8971 53.7292 2.3572 136.6719 2.4828 -8.3170 1.7893
3317 171.5696 2.2877 165.5325 4.1082 154.7698 3.0767 124.6857 2.5222 76.0341 2.6623 168.3873 3.4584 -5.8783 2.4246 54.6617 2.4943 136.1582 2.6134 -8.1157 1.2925
3318 171.7428 2.0168 165.6513 3.4226 153.7529 2.8344 123.5875 2.6338 74.2934 2.4836 169.0120 3.2955 -5.7836 2.6129 55.8727 2.5585 136.0206 2.5731 -8.1810 0.9466
3319 171.6387 1.4006 165.8347 3.1421 152.2997 2.8118 122.5016 2.4253 72.9430 2.2683 169.4283 3.3322 -6.0103 2.9073 57.2017 2.5451 135.4471 2.4958 -7.7426 0.9807
3320 171.4271 1.3905 165.7862 3.0108 151.0552 2.5278 121.1933 2.3595 71.4181 2.4570 169.4661 3.7544 -6.1604 3.1568 58.3454 2.4532 134.9982 2.4632 -7.4166 0.7094
3321 171.3667 1.1730 165.4848 2.5558 149.7943 2.7532 119.9088 2.4147 70.1418 2.5907 169.2944 3.9065 -6.1882 3.2388 59.4004 2.3564 135.0128 2.5379 -7.3116 0.7733
3322 171.2782 1.1788 165.6438 2.3528 148.4024 2.7232 118.3544 2.6266 68.7336 2.4908 169.4531 4.1145 -6.0688 3.5988 60.4759 2.4690 135.3077 2.5090 -6.8658 1.0976
3323 171.1306 0.9430 165.5481 1.9514 147.1193 2.5224 117.1826 2.4195 66.8753 2.3212 169.4939 4.0207 -6.1160 3.7376 61.0513 2.5744 134.9742 2.5411 -6.5644 1.1025
3324 170.9943 0.9724 166.0515 1.7640 145.9578 2.5585 115.5941 2.3862 65.8726 2.4965 169.8864 3.6015 -6.2967 3.8782 62.1492 2.5601 134.8985 2.5598 -6.2932 1.3787
3325 170.7019 1.2923 166.7188 1.8786 144.5498 2.5382 114.4974 2.4827 64.7113 2.4123 169.7552 4.0564 -6.5276 4.2566 63.0146 2.4514 135.2090 2.5237 -5.9477 1.4911
3326 170.5718 1.3274 167.0127 1.7453 143.3814 2.4959 112.9986 2.4752 63.6459 2.4914 169.7639 4.0892 -6.5029 4.3762 63.2279 2.4579 135.4210 2.5728 -6.1406 1.7504
3327 170.5203 1.2309 167.1754 2.1486 142.1156 2.5495 111.9625 2.5846 62.7923 2.6956 169.6947 4.0792 -6.8181 4.7052 63.5702 2.5414 135.5098 2.5851 -6.2301 2.2456
3328 170.6241 1.5855 167.8999 2.2250 140.5325 2.4009 111.0557 2.3789 62.1748 2.4704 169.9468 4.2765 -7.0025 4.6153 63.7578 2.6249 135.2534 2.4493 -6.4033 2.5602
3329 170.5294 1.6932 167.9241 1.9436 139.1465 2.4857 109.9651 2.5225 61.8667 2.5606 170.0165 4.5444 -7.1799 4.5632 64.0890 2.4863 135.3718 2.4964 -6.2765 2.6608
3330 170.3676 1.8162 167.8906 1.7993 137.7666 2.4803 109.0906 2.5913 61.4453 2.5165 169.6313 4.5720 -7.4284 4.6847 64.7882 2.5299 135.4215 2.5453 -6.5270 2.5595
3331 170.8081 2.1616 168.0364 1.4487 136.4131 2.4543 108.1447 2.4785 61.3503 2.5023 169.5124 4.4476 -7.9024 4.8175 64.6720 2.4978 135.4408 2.4826 -6.8584 3.0941
3332 170.5942 2.4355 168.1753 1.0837 135.5742 2.3882 107.6417 2.4126 61.1961 2.4875 169.1781 4.3199 -8.0356 4.6613 64.9572 2.5384 135.5135 2.5479 -7.1061 2.9650
3333 170.9809 2.2430 168.7749 0.9812 133.9195 2.5610 106.8535 2.4479 60.8765 2.4855 169.0134 4.4248 -8.2885 4.8492 64.6954 2.4999 135.1596 2.6102 -7.5075 3.0124
3334 171.2283 2.1790 169.1820 0.8952 132.7934 2.4654 106.3534 2.5788 60.8101 2.4452 168.6431 4.3562 -8.4190 4.1919 64.7283 2.5263 134.8458 2.4233 -7.6742 3.1361
3335 171.0877 2.0487 169.4836 0.7532 131.7888 2.6287 106.2150 2.4926 60.8827 2.5563 168.8434 4.2997 -8.4542 4.2168 64.3429 2.5123 134.7686 2.4757 -7.1379 3.3704
3336 170.9875 1.6394 169.4920 0.5624 130.7896 2.6686 106.0740 2.4614 60.9174 2.5656 168.6518 4.1252 -8.2411 3.8763 64.2851 2.6092 134.2543 2.5717 -7.3028 3.6705
3337 170.9156 1.0325 169.4575 0.4492 129.7058 2.3896 105.7117 2.4808 60.9794 2.5619 168.4947 3.5245 -7.7577 3.8662 63.7762 2.5308 133.5168 2.4922 -7.1348 3.7999
3338 170.6548 0.7739 169.8154 0.1760 128.4760 2.6323 105.7114 2.5115 61.2813 2.5469 168.4896 3.1741 -7.5433 3.8885 62.9307 2.5230 132.6429 2.4218 -7.3804 3.7408
3339 170.9959 0.6291 169.8734 0.4148 128.1170 2.3992 105.4958 2.5035 61.4917 2.5336 168.2230 2.9271 -7.5800 3.7193 62.1645 2.5754 131.8212 2.7064 -7.3389 4.0211
3340 170.8765 0.5384 169.6909 0.5275 127.2338 2.3758 105.5214 2.5552 61.8708 2.5085 168.3545 2.4358 -7.3640 3.8921 61.3621 2.5818 130.9348 2.4645 -7.8118 3.9000
3341 170.7431 0.6053 169.3717 0.5233 127.2576 2.4894 105.7572 2.4503 62.2498 2.5924 168.2130 2.1512 -7.3044 3.6050 60.6483 2.6730 129.8040 2.4285 -8.0665 3.6706
3342 170.5906 0.4925 169.1861 0.4019 126.9496 2.5538 105.9593 2.4725 62.8455 2.6320 168.3867 1.6973 -7.3713 3.3700 59.9994 2.4322 128.2337 2.5304 -8.3959 3.8719
3343 170.3879 0.4611 169.1180 0.6140 126.3682 2.5117 106.3778 2.5389 63.2330 2.4266 168.3379 1.0261 -7.2366 2.8508 59.0865 2.3486 126.9374 2.4754 -8.7017 4.0973
3344 170.2950 0.1967 169.2747 0.9086 126.3038 2.5318 107.0126 2.4880 63.9386 2.5512 168.5231 0.8922 -6.6155 2.6314 57.4772 2.5042 125.3553 2.4919 -9.1281 4.2983
3345 170.0528 0.1989 168.4734 0.7595 126.4754 2.4823 107.5176 2.4859 64.6232 2.4942 168.5086 0.4895 -6.2163 2.1679 56.1805 2.4850 124.2170 2.5867 -9.6348 4.4925
3346 170.3549 0.3607 168.1772 0.6430 126.3149 2.5060 108.1266 2.5881 65.4291 2.5763 168.3121 0.2943 -5.9125 2.2149 54.9756 2.5133 123.5181 2.4151 -9.9239 4.6584
3347 169.9974 0.5514 167.7537 0.5130 126.3552 2.5997 108.8654 2.5460 66.4489 2.5584 168.3615 0.5841 -5.8705 2.5241 53.6517 2.6516 122.2639 2.5818 -10.0214 4.4091
3348 170.0601 0.7911 167.4879 0.4049 126.1828 2.4449 109.4952 2.6254 67.3839 2.5555 168.4835 0.4265 -6.1114 2.6453 52.3007 2.6580 121.5924 2.3970 -9.8547 4.7923
3349 170.0786 1.0496 166.9364 0.4896 126.9977 2.3853 110.2080 2.5665 67.7524 2.3890 168.3224 0.8167 -5.7367 2.6461 51.0265 2.4226 120.5854 2.4946 -9.9078 4.5584
3350 170.0187 1.2906 165.9991 0.4449 127.5280 2.6214 111.1778 2.5820 68.1544 2.4587 168.2857 1.0383 -5.7928 2.8197 49.5268 2.2670 120.0545 2.5718 -9.2551 4.5040
3351 170.0981 1.3655 164.8425 0.6308 127.9348 2.5651 112.3950 2.4521 68.6610 2.4822 167.9713 1.3892 -6.1089 2.8312 48.0140 2.2691 119.7376 2.5542 -8.9530 4.4202
3352 170.0481 1.6221 164.1817 0.4433 128.7363 2.6349 113.7300 2.6465 68.8942 2.4241 167.6706 1.6877 -6.1448 3.1856 46.7690 2.3185 119.3660 2.5081 -8.0791 4.6059
3353 170.1411 1.8163 163.4939 0.3925 129.7430 2.6306 114.7232 2.4981 68.9306 2.5217 167.5890 1.9841 -6.3185 3.2067 45.4188 2.4258 119.4805 2.5389 -7.7036 4.3540
3354 170.1329 2.0569 163.0700 0.3326 130.9556 2.4658 115.2981 2.2692 68.6707 2.5374 167.0354 2.4490 -6.6107 3.4061 44.1400 2.4723 119.3503 2.4532 -7.2190 4.1907
3355 169.4716 2.3629 162.4639 0.3009 131.7802 2.4451 115.8958 2.4942 69.0745 2.5296 166.6585 2.7197 -6.3356 3.0607 42.5432 2.4921 118.7669 2.4563 -6.6092 4.2699
3356 169.4133 2.2670 161.5507 0.5416 132.6820 2.3315 115.9703 2.4636 69.0177 2.3880 166.4878 2.9029 -6.6950 2.8455 41.1307 2.5833 118.8205 2.4840 -6.4646 4.3840
3357 169.6339 2.5832 160.9064 0.7295 134.0973 2.4125 116.5416 2.5764 69.0474 2.4647 166.0439 2.7061 -7.1165 3.0288 39.8264 2.7176 119.1590 2.5308 -6.6867 3.9790
3358 169.5466 2.5874 159.8318 1.0933 135.4417 2.7075 117.4029 2.5016 68.6601 2.3932 165.7739 3.2474 -7.1392 3.0989 38.4969 2.4194 119.4235 2.5087 -6.4675 4.2852
3359 169.4655 2.4028 159.4115 0.9448 136.9016 2.4115 117.7600 2.5486 67.7575 2.3919 165.7317 3.1952 -7.2881 3.2409 37.4499 2.6325 119.7058 2.5481 -6.2690 4.3929
3360 169.6132 2.3941 158.9138 1.5578 138.0883 2.5172 118.0550 2.4359 67.1179 2.5246 165.9502 3.0669 -7.5869 3.5050 36.0336 2.3779 120.0868 2.4737 -6.2302 4.3974
3361 169.6369 2.7874 158.3540 1.8378 139.4125 2.5884 118.4080 2.4786 66.7500 2.5180 166.0785 2.7067 -7.8946 2.8232 34.6299 2.4493 120.6270 2.5695 -6.7538 4.7753
3362 169.7085 2.9427 158.1665 1.9701 140.0714 2.3838 118.8271 2.5304 66.0677 2.4111 165.6116 2.4224 -7.7346 2.3411 33.0182 2.6027 121.6646 2.5645 -6.6246 4.6398
3363 170.1018 3.0516 157.5531 2.0954 140.9544 2.5561 119.0484 2.5162 65.3090 2.4499 165.3465 2.2493 -7.4303 2.6828 31.9849 2.5121 122.8280 2.6685 -5.8874 4.5173
3364 170.0759 3.2128 157.4563 2.2443 141.6595 2.4204 118.7591 2.5144 64.3850 2.3826 165.2579 1.7984 -7.3547 2.5297 31.2320 2.4733 123.4761 2.4405 -5.6314 4.5520
3365 170.1116 3.9051 157.3802 2.4241 142.0540 2.5143 118.4019 2.4547 63.6551 2.3550 165.3149 1.7261 -7.6911 2.4614 30.4763 2.5340 124.4826 2.6438 -5.6827 4.3834
3366 170.0634 4.0726 157.3284 2.2656 142.3671 2.5382 117.9243 2.5362 62.8303 2.5387 165.3049 1.9936 -7.9756 2.2325 29.6622 2.4465 125.5204 2.5346 -5.2972 4.0577
3367 169.6496 4.2071 157.6148 2.3276 143.3040 2.4733 117.4027 2.5277 62.1190 2.6634 165.3169 1.9450 -8.5013 2.3613 28.9608 2.4863 126.5735 2.2861 -5.1512 3.5470
3368 169.1882 4.0243 157.6156 2.4092 143.8120 2.4421 117.3756 2.5145 60.6406 2.6248 165.3272 2.0736 -8.4804 2.1223 28.4708 2.4541 128.0138 2.6245 -5.1657 3.2997
3369 169.1936 3.5189 157.8554 2.6181 144.0650 2.5372 116.8866 2.4200 59.4725 2.5018 165.5045 1.7039 -8.6642 2.2493 28.1530 2.5734 129.3611 2.4859 -4.9570 3.0397
3370 169.1873 3.1767 158.2065 2.8325 144.2185 2.4899 116.2465 2.4523 58.1187 2.4879 165.3980 1.4888 -9.0166 1.7800 27.8852 2.3927 130.4134 2.5565 -4.8937 2.6849
3371 168.9519 3.0760 158.4993 2.8083 144.5136 2.5364 115.8451 2.4562 56.8316 2.6030 165.5360 1.6404 -9.0483 1.8739 28.0393 2.5264 131.3819 2.6527 -5.1672 2.0408
3372 169.0819 2.5630 159.3110 2.6363 145.0470 2.5251 115.5723 2.5032 55.6090 2.3683 165.5193 1.3282 -9.1930 1.7873 28.0095 2.4801 132.5208 2.6142 -5.1673 1.0793
3373 168.8103 2.0182 159.4163 2.4854 145.1026 2.5140 114.7306 2.5954 54.5117 2.5202 165.7943 1.0439 -9.4164 1.6492 28.1198 2.4820 132.7907 2.4204 -5.6035 0.3984
3374 168.9682 2.0050 159.9287 2.4000 144.7638 2.5570 114.4775 2.5291 53.2988 2.5290 165.4082 0.6252 -9.6672 1.4770 28.2238 2.5535 133.2161 2.4150 -6.6282 0.4262
3375 168.8865 1.3441 160.7877 2.1378 144.5523 2.6110 114.0666 2.4398 52.1047 2.4093 165.4600 0.8479 -9.2571 1.3303 28.7102 2.5145 133.5819 2.5316 -7.0702 0.5832
3376 168.6215 0.9635 161.2920 1.8141 143.9736 2.4921 113.4519 2.4264 51.4393 2.5244 165.9684 0.7311 -9.2235 1.4910 28.9440 2.5537 134.0283 2.4251 -7.3850 0.5493
3377 168.4832 1.0967 161.7223 1.6689 143.1982 2.4338 113.0553 2.4973 50.7484 2.3681 165.7086 0.4601 -9.5776 1.7696 29.1601 2.5333 134.4014 2.4864 -7.4938 0.6474
3378 168.4037 0.9547 162.4944 1.4829 142.3615 2.5046 112.9216 2.4727 49.8629 2.5274 165.8097 0.2116 -9.4171 1.7108 29.8141 2.4591 134.4930 2.5436 -7.8764 0.5791
3379 167.9912 1.0276 163.0871 1.3062 141.3786 2.5516 112.6828 2.4875 49.2637 2.5285 165.8847 0.1758 -9.6479 1.3994 30.2904 2.5197 134.6376 2.5015 -8.1797 0.6500
3380 167.6572 1.2548 163.8383 1.4954 140.8643 2.5248 113.0746 2.5483 48.4144 2.5362 165.7894 0.3133 -9.3149 1.8195 31.1129 2.5201 134.7122 2.4758 -8.2483 0.8745
3381 166.7572 1.5874 164.5227 1.4258 139.7903 2.4808 113.4909 2.4845 47.9255 2.6431 166.1229 0.1119 -9.3310 1.8199 32.0530 2.6371 134.3985 2.4707 -8.5630 0.6871
3382 166.3295 1.5151 164.6635 1.0619 138.9842 2.5162 114.0336 2.5920 47.6037 2.4211 166.1835 0.0952 -9.3801 1.9895 32.9664 2.5392 134.2567 2.4958 -8.8957 0.7912
3383 166.0206 1.8864 165.2150 0.9891 138.0580 2.6312 114.7844 2.4539 47.3387 2.4896 166.3815 0.2391 -9.4258 2.2233 33.8059 2.5388 134.0357 2.4417 -9.0970 0.6118
3384 165.6455 1.8348 165.5483 1.0930 137.0808 2.4261 115.3147 2.5167 47.0695 2.4932 166.2236 0.2594 -9.9560 2.4696 34.6085 2.6056 133.7044 2.3800 -9.2784 0.7244
3385 165.4679 1.4173 165.9255 1.0125 135.8479 2.4133 115.7421 2.6314 47.2264 2.5382 166.4745 0.3336 -10.2987 2.7530 35.4537 2.5924 133.1554 2.5090 -9.0397 0.7707
3386 165.0575 1.1978 166.3153 1.0520 134.4050 2.4201 116.8527 2.5951 47.6746 2.4709 166.4759 0.7970 -10.6284 2.7696 36.1203 2.5868 132.3203 2.5075 -9.0633 1.0111
3387 165.2224 1.2929 166.3499 1.1201 133.0636 2.5661 117.4847 2.4762 47.9750 2.4546 166.7516 0.5438 -10.7533 3.1620 36.9548 2.3235 131.6407 2.4549 -9.2322 1.2377
3388 164.9631 0.9751 166.6062 0.8946 131.7251 2.5709 118.5551 2.4557 48.5938 2.6042 167.1342 0.4778 -10.5076 2.9685 37.4775 2.4700 131.3311 2.4929 -9.4412 1.4885
3389 164.8602 0.9218 166.8438 0.9942 130.7360 2.3949 119.5590 2.5670 48.6448 2.5194 167.3529 0.7487 -10.1593 3.3613 37.9911 2.5700 130.8880 2.5244 -9.4024 1.7468
3390 164.8480 0.9096 167.2602 0.9564 129.3115 2.3414 120.4409 2.5612 49.5206 2.4680 167.7327 0.7432 -10.0116 3.4072 38.2352 2.5577 130.4418 2.4789 -9.5337 2.2910
3391 164.1826 0.6952 167.6996 0.8046 127.8634 2.4371 121.4732 2.6576 49.9900 2.5123 168.0802 0.6878 -10.2748 2.7953 38.5240 2.5022 129.6774 2.5469 -9.5094 2.8816
3392 164.2652 0.7568 167.7929 0.4985 126.8605 2.5745 122.3321 2.5656 50.9199 2.4136 168.2507 0.9118 -9.9902 2.5156 38.6010 2.5917 129.1051 2.4542 -9.7961 2.9110
3393 164.4510 0.8487 167.9672 0.2706 125.7779 2.4443 122.6978 2.5101 51.6696 2.5357 168.7846 0.9565 -9.7279 2.6679 38.6736 2.5230 128.8268 2.5960 -10.0531 2.7365
3394 164.5072 0.9399 168.4467 0.1645 124.0934 2.4679 123.3800 2.4822 52.1017 2.5357 169.2597 1.1263 -9.5485 2.9408 38.5115 2.5078 128.5924 2.4795 -10.1537 2.6639
3395 164.4636 0.8799 168.2600 -0.1156 123.0161 2.6782 123.9557 2.5047 53.1169 2.4254 169.2113 0.9634 -9.1593 3.0673 38.3125 2.4494 127.9938 2.4749 -10.1951 2.6531
3396 164.4110 0.8271 168.3311 -0.1634 121.5769 2.6368 124.2299 2.4961 54.4033 2.5261 169.2564 0.8899 -8.9602 2.8450 37.9924 2.5093 127.6805 2.4717 -10.4658 2.4190
3397 164.1530 0.9645 168.3722 -0.1009 120.4530 2.6333 124.3747 2.4461 55.6227 2.5109 169.1875 0.8076 -8.9585 3.1187 37.3845 2.5402 127.4523 2.5325 -10.0120 2.4103
3398 163.7637 0.9165 167.4671 -0.0203 119.1972 2.5266 124.9044 2.5315 56.6656 2.5219 169.3053 0.7111 -8.6644 3.0164 36.7800 2.4671 127.2616 2.4250 -9.5536 2.5841
3399 163.9047 0.7649 166.9156 0.0478 117.7623 2.6520 125.5497 2.4378 57.9025 2.5875 169.5582 0.9356 -8.7037 3.1642 36.4201 2.5399 127.5287 2.4442 -9.7465 2.2694
3400 164.1409 0.4056 166.8390 0.1417 116.6232 2.8953 125.3701 2.5295 59.2070 2.5723 169.5484 1.0204 -8.4941 3.5378 35.3778 2.5933 127.5001 2.4607 -10.0226 2.3402
3401 164.4121 0.2706 166.9282 0.1775 114.9562 2.5249 125.5886 2.5810 60.2965 2.5086 169.6068 1.1403 -8.4213 3.2357 34.6352 2.4792 127.9528 2.6025 -9.4608 2.3952
3402 164.5862 0.4106 166.9670 0.2901 113.9633 2.5904 125.4845 2.4662 61.0569 2.6306 169.6015 1.4826 -8.1095 3.1812 33.9090 2.6135 127.9911 2.4481 -9.2655 2.4755
3403 165.0644 0.2150 166.9401 0.5466 112.7586 2.4550 124.8517 2.4972 62.3851 2.5188 169.5381 1.6679 -7.8673 3.1245 32.7628 2.4484 128.3826 2.4317 -8.8474 2.1559
3404 166.0491 0.1877 166.7989 0.8015 111.5910 2.3482 124.2546 2.4799 63.3739 2.4515 169.5103 1.9180 -7.1819 2.9777 31.8155 2.5134 128.7655 2.4834 -8.4396 2.1446
3405 166.4188 0.2035 167.1766 0.6959 110.1267 2.3312 123.9586 2.4788 65.1271 2.4456 168.9205 2.4009 -7.6008 3.1584 30.4538 2.5665 129.4540 2.6010 -7.9812 1.8177
3406 166.8110 0.1027 167.3159 0.4096 108.8878 2.6482 122.8471 2.4611 66.7133 2.5779 168.9249 2.5065 -7.5980 3.0121 29.3907 2.5090 130.6461 2.4702 -7.7845 1.6912
3407 167.5675 0.4174 168.1458 0.1830 107.3420 2.5882 122.0822 2.5420 68.1746 2.5254 169.2677 2.9609 -7.2968 2.4983 28.5999 2.4252 131.9605 2.5298 -7.4417 1.6146
3408 168.1034 0.7021 168.3451 -0.0749 105.9009 2.3852 121.5069 2.4066 69.3620 2.3597 169.0530 3.3163 -7.1874 1.8031 27.6887 2.4865 133.0651 2.2172 -7.2540 2.2668
3409 168.6985 0.8830 168.4447 0.1295 104.3638 2.4165 120.6466 2.5259 70.6713 2.3625 168.8047 3.9653 -6.9676 1.5472 26.9465 2.4496 134.5486 2.2894 -6.6448 2.1998
3410 169.3036 1.1060 168.3942 -0.1908 102.9602 2.3895 119.8222 2.5673 71.5624 2.5436 168.7846 3.5583 -6.8370 1.3096 26.3352 2.3354 135.8723 2.6382 -6.7166 2.4062
3411 169.3718 1.0912 168.0435 -0.2404 101.5399 2.4563 118.6466 2.3799 71.9347 2.5308 168.2014 3.6072 -6.9454 1.1910 25.5576 2.5264 137.0164 2.7097 -6.5192 2.3870
3412 169.7055 1.0604 167.7040 -0.4211 100.3311 2.3023 117.5374 2.3756 72.6813 2.4118 167.8248 3.6438 -6.8926 0.8915 25.0758 2.4696 138.4790 2.4258 -6.4944 2.6505
3413 170.0136 1.1828 167.7245 -0.2297 99.0438 2.4952 116.2091 2.5426 73.1655 2.5811 167.6911 3.8858 -7.2377 0.7876 24.7968 2.4026 139.9485 2.4870 -6.5128 2.6356
3414 170.2540 1.3409 167.3687 -0.1838 97.5844 2.5346 114.6031 2.6405 73.5341 2.4688 167.1164 3.9097 -7.0734 0.5678 24.3902 2.4728 140.9699 2.2047 -6.5267 2.5135
3415 170.4968 1.4510 166.3773 -0.4554 96.7769 2.5895 113.0657 2.5063 74.2355 2.5538 166.6160 3.9460 -7.4006 0.4671 24.3431 2.5125 142.2964 2.6667 -6.5338 2.6453
3416 170.3956 1.7186 165.2059 -0.3501 95.8283 2.5220 112.2634 2.5253 74.9721 2.5102 166.3718 4.0888 -7.4637 0.6653 24.1601 2.5327 143.6480 2.5911 -6.4215 3.1043
3417 170.3899 1.5761 164.6962 -0.2648 95.1254 2.4785 110.6552 2.3123 75.1986 2.4443 165.7310 4.1371 -7.3639 0.8529 23.7755 2.4855 145.4662 2.4553 -6.8878 2.7950
3418 170.5661 1.6260 164.1574 0.2257 94.4955 2.3530 109.1162 2.4358 75.0734 2.5345 164.8640 3.9446 -7.5528 1.0727 24.2939 2.5615 146.9409 2.7432 -6.4325 3.0754
3419 170.5617 1.8489 163.2545 0.5517 94.1927 2.4785 107.7401 2.4295 74.7005 2.5712 164.1330 3.7521 -7.7325 1.0060 24.6723 2.4834 148.0609 2.7363 -5.9547 2.8749
3420 170.6940 2.0984 162.9270 0.8652 93.9503 2.4631 106.7666 2.5888 74.7154 2.3966 163.5423 3.6465 -7.9626 1.3160 25.0930 2.6330 149.2216 3.0057 -5.8656 3.0912
3421 170.5470 2.3315 162.6749 1.2037 93.9440 2.5111 105.5637 2.3913 73.9924 2.5127 162.6982 3.4916 -8.7767 0.9261 25.4525 2.6041 149.8160 3.0814 -5.2649 3.4191
3422 170.3540 2.7290 161.8024 1.2325 93.8018 2.5452 104.4683 2.5568 73.6421 2.4605 161.6607 3.0560 -8.9977 0.8857 26.0564 2.4727 151.3428 2.7320 -5.2749 3.6799
3423 170.1615 3.1386 161.6280 1.4638 93.5918 2.4865 103.4720 2.6014 73.3949 2.5099 161.3324 2.6519 -9.3127 0.7149 26.6693 2.4888 152.7151 2.8341 -5.1220 3.7273
3424 169.9753 3.5829 161.1866 1.4306 93.2523 2.4979 102.8521 2.6918 72.8612 2.3619 160.8722 2.4655 -9.7796 1.1718 27.3714 2.6101 153.8582 2.8307 -5.2126 4.1257
3425 169.5355 3.9461 160.9699 1.3060 93.3006 2.4695 102.0941 2.6051 72.1583 2.5530 160.9661 2.4855 -10.3685 1.4159 28.2254 2.5019 154.8269 2.9907 -5.5428 4.0579
3426 169.3230 4.0605 160.9653 1.3501 93.6456 2.5019 101.5541 2.5938 71.4867 2.3658 161.0751 2.2195 -10.4318 1.6903 29.0260 2.4411 156.0490 2.9560 -5.5333 4.2312
3427 168.8423 4.2216 161.0966 1.3209 93.8570 2.5906 100.6222 2.5414 70.5331 2.3930 160.7763 2.0973 -10.5173 1.6504 30.1839 2.6740 157.0002 2.9719 -5.5965 3.7900
3428 168.8497 4.3856 160.8836 0.9617 94.0378 2.4929 100.5029 2.4801 69.7094 2.4138 160.1473 2.2853 -10.5543 1.9199 31.4825 2.4091 157.6661 2.8253 -6.3174 3.3006
3429 168.3173 4.7755 160.8511 0.7012 94.3546 2.5299 99.9481 2.4856 68.5970 2.4248 159.9173 2.3480 -10.6995 2.0677 32.9786 2.5348 158.3967 3.0963 -6.5375 2.8803
3430 168.0930 4.8771 160.3702 1.0608 95.3032 2.4340 99.8675 2.4317 67.6240 2.6360 159.8698 2.1710 -10.4372 1.9316 34.0323 2.4955 159.5863 2.7453 -6.8477 2.3140
3431 167.7465 4.7132 160.0914 1.1902 96.2490 2.4993 99.8400 2.5108 66.1823 2.4951 159.8437 2.2686 -10.5849 2.2845 35.1487 2.5881 160.0554 2.6666 -7.0731 2.1631
3432 167.7192 5.2309 159.9956 1.2005 96.6672 2.4062 99.5308 2.5895 64.7219 2.5720 159.4068 2.6946 -10.3198 2.3763 36.3502 2.5954 160.6755 2.6783 -7.3755 1.7375
3433 168.0171 5.5452 160.0759 1.1666 97.6365 2.5319 99.7642 2.5369 63.2641 2.7020 159.7271 2.9919 -10.1481 2.4036 37.5070 2.6267 161.0647 2.3333 -7.5178 1.7210
3434 168.2767 5.4511 160.2149 1.1186 98.7603 2.6245 99.9239 2.5031 61.9988 2.6281 159.8148 3.2532 -10.2147 2.4374 38.6861 2.4562 161.7346 1.9474 -8.0596 1.6121
3435 168.2401 5.6040 160.9319 1.1399 99.8753 2.5991 100.7700 2.5890 60.7763 2.6831 159.9686 3.6081 -10.0676 2.5963 39.7198 2.5733 162.3779 1.9688 -8.3411 1.6279
3436 168.3306 5.3480 161.0505 1.0267 101.2609 2.1546 101.1288 2.5271 59.3296 2.6141 160.1635 3.6812 -10.5871 2.6106 40.3643 2.4018 162.4320 1.8370 -8.6647 1.6582
3437 168.2964 5.2990 161.3408 0.7482 101.8896 2.4112 101.4377 2.5503 57.8611 2.4790 161.0211 3.6997 -10.5312 2.7076 41.0623 2.4627 163.0333 1.6227 -8.1570 1.6916
3438 168.3853 5.0625 162.1566 0.7916 103.4739 2.4197 101.7519 2.5810 56.3374 2.2624 161.7401 3.8435 -10.3472 2.6787 41.5419 2.4225 163.2473 1.7631 -8.1982 1.6125
3439 168.3488 5.0731 162.8371 0.8526 104.5864 2.4922 101.8435 2.5388 55.0874 2.4305 161.7595 3.7946 -10.5116 2.5277 42.2217 2.4269 163.5595 1.6327 -8.3333 1.9105
3440 168.2884 4.7854 163.5477 0.7378 106.0667 2.4724 102.5509 2.4383 53.6661 2.2908 161.9568 3.8836 -10.4896 2.0785 42.5190 2.5441 164.1926 1.5651 -8.4961 1.4830
3441 168.3404 4.3259 163.9155 0.9786 107.2675 2.3463 103.6018 2.4988 52.2884 2.4647 162.2705 4.1950 -10.7427 1.9364 43.1383 2.5067 164.3905 1.8246 -8.0328 1.8512
3442 168.3919 4.0543 164.7386 1.3231 108.6016 2.2749 104.4825 2.4682 51.0227 2.6706 162.6886 4.3217 -10.3710 1.6377 43.3814 2.5163 164.4032 1.6227 -8.2363 1.9579
3443 168.3623 3.8167 165.4769 1.5241 110.0118 2.3454 105.5996 2.5218 49.7774 2.5958 163.1115 4.4543 -10.0807 1.5166 43.5002 2.5320 164.5191 1.4891 -8.6119 1.8591
3444 168.2112 3.6872 166.4869 1.6830 111.6437 2.3667 106.9389 2.4676 48.2669 2.5828 163.8354 4.6903 -9.9451 1.3220 43.3923 2.5414 164.6526 1.7342 -8.4980 2.0151
3445 168.2730 3.7329 167.0280 1.8352 113.0658 2.4503 108.3828 2.5159 46.8265 2.5992 164.3819 4.4176 -10.2668 1.3408 43.2217 2.4740 164.7068 1.6302 -8.3071 2.3747
3446 168.4223 3.8386 167.7022 1.7644 114.5491 2.5984 109.8550 2.3561 45.3037 2.5116 164.9336 4.4228 -10.1332 1.1704 43.2004 2.5010 164.6009 1.5627 -8.5394 2.3164
3447 168.6387 4.0474 168.6684 1.7993 115.7725 2.6034 111.1791 2.3635 43.8065 2.5008 165.6178 4.4604 -10.0862 1.2773 42.9378 2.4989 164.6403 1.5250 -8.4931 2.3596
3448 168.7992 4.0420 168.9113 1.7936 116.5405 2.4490 111.8846 2.4595 42.2147 2.5449 166.0754 4.4031 -10.1349 1.8090 42.7846 2.4340 164.6614 1.5039 -8.4414 2.2131
3449 169.0440 4.1957 169.4442 2.2159 117.8292 2.6082 113.1738 2.4749 40.6553 2.5004 166.3659 3.8050 -10.0716 1.8967 42.4441 2.6242 165.0555 1.5035 -8.2384 2.5466
3450 168.9121 4.5042 169.8013 1.8713 118.8868 2.5021 113.9230 2.4417 39.2011 2.5703 166.5949 3.6694 -10.0317 2.4621 41.9418 2.4296 165.1657 1.8411 -8.0922 2.9583
3451 168.7699 4.8478 170.3324 1.9879 119.5608 2.4960 115.1328 2.4139 38.2398 2.4944 166.4495 3.6169 -10.3183 2.6565 41.2180 2.4740 165.1018 1.9593 -8.2428 2.9545
3452 169.1367 4.6648 170.7205 2.2050 119.9392 2.6093 116.0758 2.4533 36.2265 2.5855 166.7665 3.3116 -10.4900 2.9250 40.3818 2.4836 165.2318 2.1863 -8.0511 3.2287
3453 169.3378 4.6576 171.0832 2.7663 120.6072 2.6399 116.9788 2.4767 34.7920 2.4064 166.9816 3.2436 -10.3709 2.8061 39.3900 2.5636 165.3551 2.5067 -7.9709 3.4962
3454 169.7296 4.6032 170.8973 2.6543 121.2632 2.3759 117.4110 2.4983 33.7167 2.5112 167.2744 3.0566 -10.4273 3.0452 38.5235 2.5447 165.6214 2.5328 -8.0360 3.5142
3455 169.9299 4.7194 170.7695 3.1743 121.5920 2.4362 118.3427 2.4391 31.9744 2.3580 167.4932 3.0372 -10.5621 3.3888 37.8032 2.4229 166.3857 2.8219 -7.4871 3.4787
3456 170.5849 4.5180 170.8432 3.6887 122.0094 2.4870 118.8511 2.4233 30.6275 2.4325 167.8456 3.3789 -10.6449 3.3533 37.3978 2.5677 166.4899 3.0861 -7.0775 3.2738
3457 170.7882 4.2554 170.8457 4.2557 121.9364 2.4917 119.5036 2.4507 29.4249 2.6357 167.9187 3.4717 -10.5296 3.2746 36.9799 2.5116 167.1294 3.1802 -6.6094 3.3240
3458 170.8108 4.3300 170.8480 4.5275 122.2677 2.4434 120.0673 2.5227 27.8503 2.4073 168.0791 3.0000 -10.3939 3.2674 36.1150 2.6096 167.2944 3.2539 -6.1656 3.3463
3459 171.1965 3.9559 170.5773 5.0844 122.4801 2.4691 120.2620 2.5356 26.5603 2.4818 168.2969 2.8340 -10.0733 3.0675 35.5082 2.5519 167.8307 3.2420 -5.7099 3.0693
3460 171.2621 4.0029 170.1716 5.6200 122.0642 2.4767 120.5300 2.5379 25.3591 2.5535 168.6480 2.6886 -9.8803 2.9279 35.2349 2.6008 168.0025 3.0786 -5.4998 2.6892
3461 171.0787 3.7466 170.1884 5.9299 122.3376 2.4643 120.3935 2.4542 24.2462 2.5454 168.8942 2.6619 -10.0521 3.0352 35.1290 2.3726 168.1954 3.4582 -5.4178 2.7603
3462 171.0360 3.5249 170.1312 5.9374 121.9962 2.5432 120.1342 2.5056 22.6516 2.5036 168.6567 2.5036 -10.0840 2.6976 34.6554 2.3759 168.2982 3.8531 -5.2184 2.7662
3463 170.7185 3.2562 169.5763 5.9763 121.4253 2.5711 119.8239 2.5407 21.3782 2.4614 168.6904 2.3571 -10.0878 2.5604 34.4404 2.4747 168.5863 3.8133 -5.1385 2.9980
3464 170.7105 2.9822 168.9529 5.8978 120.3659 2.5313 118.9175 2.5321 20.5290 2.3724 168.7015 2.3835 -9.8874 2.4535 34.1977 2.4876 168.8922 3.6990 -5.1182 3.0510
3465 170.9100 2.6452 168.9064 6.0479 119.5517 2.5090 118.6599 2.4473 19.3768 2.3945 168.2680 2.0868 -9.7820 2.3349 33.5715 2.5082 168.7901 4.4124 -5.0157 3.4155
3466 170.4741 2.6546 168.9809 6.0726 118.8810 2.5138 118.1929 2.5382 17.8524 2.6243 167.8341 1.8025 -9.6567 1.9029 33.5565 2.5582 169.0394 4.4040 -4.5876 3.6677
3467 170.2162 2.1096 169.0625 6.1736 118.4036 2.4588 117.4343 2.5387 16.9943 2.3927 167.4144 2.0733 -9.5881 1.8174 33.7191 2.5663 169.3662 4.4145 -4.5320 4.2491
3468 170.2164 1.8275 169.2283 6.0572 117.5055 2.5207 116.5664 2.5585 15.6749 2.3532 167.3305 2.2488 -9.4653 1.5160 34.3987 2.5691 169.2051 4.7622 -4.2274 4.3228
3469 170.2129 1.6169 169.2963 5.6028 117.0556 2.6057 115.5014 2.6768 14.7694 2.4944 167.3044 2.6029 -9.0546 1.5475 34.9842 2.7218 169.2929 5.3282 -3.9475 4.8845
3470 169.9103 1.3290 169.7992 5.2294 116.6121 2.5734 114.2121 2.5984 14.1212 2.5101 167.3089 3.0397 -9.0730 1.4890 35.5137 2.5799 169.5870 5.3313 -4.2331 4.8352
3471 169.8546 1.3329 169.8109 5.1251 115.6408 2.4446 112.8953 2.5478 13.1486 2.6549 167.1894 3.1907 -8.9378 1.3816 36.3262 2.5761 169.5120 5.2640 -4.8152 4.8985
3472 169.0423 1.2450 169.3656 5.0455 115.3781 2.4637 111.8304 2.6399 12.5342 2.5991 167.4376 3.3796 -8.4999 1.2068 37.4249 2.6595 169.6060 5.1365 -5.0814 5.0391
3473 168.8494 0.8610 169.4529 5.2013 115.1719 2.4907 110.7838 2.4652 12.2822 2.5191 167.6547 3.4382 -8.3835 0.9802 38.1522 2.5736 169.9425 5.0952 -5.1887 4.4714
3474 168.6547 0.9187 169.1441 4.6745 114.7864 2.5987 109.7665 2.5221 12.0695 2.5928 167.9903 3.7750 -7.5263 0.7734 38.8702 2.6103 169.8557 5.2932 -4.8273 4.3405
3475 168.4742 1.0142 169.2629 4.6922 114.4932 2.5109 108.6604 2.4885 11.9602 2.5250 168.3948 3.4942 -7.0885 0.5839 39.9147 2.5059 170.0533 5.2766 -5.0732 4.1562
3476 168.3349 1.1335 168.7267 4.3699 114.3528 2.4065 107.1520 2.5472 11.8814 2.4672 168.9872 3.1920 -6.4888 0.6633 41.0094 2.3310 170.3676 5.1917 -5.0547 3.6882
3477 168.3074 1.3441 168.8773 3.8137 114.3585 2.5288 106.0016 2.5369 11.8171 2.5632 169.6286 2.7775 -6.1094 0.7478 41.9374 2.4829 170.4586 4.7022 -5.5310 3.5029
3478 167.8743 1.7300 168.8003 3.4011 114.2081 2.5096 104.6367 2.5363 11.6881 2.4670 169.5218 2.0539 -5.1967 1.0832 43.4366 2.3696 170.5916 4.4147 -4.9598 2.9631
3479 167.6531 2.1103 168.2072 2.9705 113.8517 2.4898 103.1464 2.4941 11.7882 2.5640 170.0802 1.4009 -4.4840 0.6987 44.6369 2.4482 170.7221 4.1422 -4.8727 2.7007
3480 167.7641 2.3121 168.2878 2.6543 113.7695 2.4319 101.9323 2.4759 12.1902 2.6294 170.0173 0.9497 -3.6169 0.7392 45.7474 2.4085 170.3091 3.7984 -4.9459 2.5881
3481 167.8199 2.5643 168.6080 2.4163 113.8685 2.4491 100.9759 2.4873 12.5570 2.4606 170.2812 0.8053 -2.8058 0.7859 47.0535 2.4639 170.3818 3.3540 -4.8800 2.4020
3482 167.8999 2.8255 169.1341 1.8944 114.0064 2.5023 99.6066 2.4624 13.3179 2.4933 170.3597 0.7298 -1.6980 0.7882 48.4643 2.5392 170.0397 2.9071 -4.6603 2.1973
3483 167.9795 2.8083 169.2319 1.7362 114.0772 2.4221 98.8696 2.4483 14.2091 2.3679 170.1175 0.5270 -0.7453 1.1567 49.7979 2.5742 169.7853 2.4101 -4.3453 2.1052
3484 168.4002 2.7698 169.9444 1.6808 114.0436 2.4823 97.9171 2.4157 14.5463 2.4750 169.9521 -0.0226 -0.1343 1.3057 51.2914 2.5145 169.7375 2.2547 -4.3313 1.9159
3485 168.4423 3.0281 169.8415 1.3434 114.5174 2.4504 96.9427 2.5567 15.2179 2.4049 169.3180 -0.1849 0.7893 1.4715 52.5851 2.2474 169.6013 1.9458 -4.3514 1.9293
3486 168.5435 3.1599 169.3099 0.5814 115.0912 2.5682 96.4663 2.5105 15.9862 2.5307 169.1194 -0.6463 1.8178 1.4122 53.5000 2.3267 169.4967 1.9609 -3.8237 1.9291
3487 168.3918 2.8342 169.1516 0.6202 115.8082 2.4461 95.8284 2.4702 17.1495 2.4853 168.8543 -0.2909 3.2355 1.7589 54.3505 2.4341 169.5267 1.4538 -3.7595 2.0251
3488 167.9206 2.8816 168.6629 0.3676 116.8101 2.3781 95.5370 2.5556 18.5485 2.4306 168.3158 -0.6169 4.8317 2.0737 55.5870 2.3988 169.6559 1.3004 -3.0104 2.1445
3489 167.8281 2.9671 168.4856 -0.0612 117.3291 2.4877 95.0894 2.5308 20.0042 2.6694 168.0746 -0.4834 5.9735 2.3906 56.2849 2.3426 169.6401 1.3000 -2.7246 1.9948
3490 167.9703 3.2892 168.0863 -0.4033 118.2970 2.5131 95.0375 2.4665 21.4151 2.3344 168.1166 -0.1663 7.0455 2.3491 57.1507 2.3976 169.0565 1.4242 -2.5100 1.7683
3491 168.0241 3.0338 167.7574 -0.8357 119.3465 2.5799 94.6669 2.5187 22.8961 2.4073 167.5293 -0.2364 7.9445 2.3619 58.1009 2.4264 169.2141 1.2927 -2.0177 1.6527
3492 167.9916 3.0474 168.2369 -0.9994 120.5139 2.4411 94.4631 2.4873 24.2429 2.5722 167.5923 0.1917 8.9128 2.4990 58.7171 2.4040 168.6932 1.1040 -1.5435 1.3363
3493 167.8901 3.1844 168.2840 -1.0517 121.5489 2.3632 94.1946 2.4699 25.6122 2.4169 167.2354 0.5784 10.2222 2.3587 59.6226 2.3910 168.4768 1.1157 -0.8105 1.2250
3494 168.1342 3.1634 168.0396 -1.1831 122.6547 2.5441 94.5304 2.4297 27.0860 2.4395 167.1554 1.1037 11.6564 2.6312 59.7999 2.3843 168.0708 1.2111 -0.1626 1.0471
3495 168.4111 3.0146 167.9924 -0.6409 124.0137 2.3356 94.8208 2.5249 28.4771 2.5802 167.0278 1.3084 13.4357 2.6984 60.1805 2.4188 167.5332 1.3132 0.4118 1.0274
3496 168.5897 2.6887 167.8097 -0.6922 125.1521 2.5695 95.1028 2.3929 29.8894 2.5806 167.4142 1.5980 14.7049 2.5995 60.5133 2.5230 167.3569 1.1777 0.9463 1.1099
3497 168.7357 2.8060 168.0969 -0.4392 126.1947 2.5760 95.3906 2.3187 31.1372 2.5648 167.4149 1.9954 15.9245 2.7571 60.4077 2.5063 166.1622 0.7668 1.8392 1.2099
3498 168.6362 2.6321 168.5646 -0.5492 127.4925 2.4724 95.4852 2.4410 32.3717 2.4619 167.5512 2.2677 17.0026 2.4584 60.5109 2.5099 165.0868 0.8660 2.8323 1.2296
3499 168.7975 2.3767 168.7176 -0.7488 129.2105 2.4892 96.3711 2.3676 33.9184 2.4699 167.5378 2.6244 18.1396 2.4739 60.2557 2.5370 164.1723 0.8100 3.8724 1.1935
3500 168.8043 2.3095 168.9785 -0.5563 130.3941 2.5686 96.8869 2.3764 35.3573 2.2895 167.2712 3.2255 20.1553 2.4429 60.1276 2.6232 163.5039 0.7292 5.1934 1.4810
3501 169.1408 2.3200 168.8888 -0.7473 131.5429 2.4848 97.9576 2.4861 36.9166 2.3781 167.1048 3.3591 21.9260 2.5397 59.8477 2.5516 162.8865 0.7034 6.2861 1.6308
3502 169.2368 2.0701 168.4412 -0.5254 132.8652 2.5382 98.7821 2.4417 38.2463 2.4049 166.6504 3.6507 23.1858 2.4740 59.2170 2.4725 161.5716 0.8308 7.5631 1.8456
3503 169.7572 1.8441 168.3980 -0.3952 134.1237 2.5515 99.5321 2.4238 39.6071 2.4589 166.8704 4.0569 24.6208 2.3507 58.7125 2.5537 160.3094 0.9544 8.6387 1.9592
3504 170.0029 1.8874 168.0847 -0.7791 135.4349 2.4786 100.7672 2.4022 40.8882 2.6843 166.8940 4.2520 25.6970 2.4035 58.1301 2.4307 159.4645 1.1726 9.7203 2.1177
3505 170.1154 1.7442 167.8170 -0.7720 136.8385 2.5977 102.0491 2.3526 41.6224 2.5583 166.9158 4.4154 26.7689 2.5575 57.7228 2.5379 158.0682 1.3693 11.1457 2.4265
3506 170.2339 1.9510 168.0903 -0.6099 138.5844 2.3841 103.4689 2.4543 42.7844 2.5029 167.0073 4.7019 28.2677 2.4244 57.2949 2.5245 157.1520 1.5404 12.4996 2.2947
3507 170.3073 1.7766 167.7378 -0.7489 139.9803 2.4222 105.1902 2.3895 44.2983 2.5923 167.1292 5.0851 29.6770 2.3439 56.6597 2.5254 156.0681 1.9403 13.8614 2.4502
3508 170.2605 1.4320 167.3916 -0.6218 141.5367 2.3535 106.4240 2.3865 45.3891 2.5838 167.3242 5.3920 30.7890 2.5927 55.7073 2.4132 155.1337 2.2777 15.2704 2.8673
3509 170.1763 1.4795 167.2911 -0.4698 143.2257 2.4649 107.6747 2.6003 46.1166 2.5528 167.8525 5.3922 32.3097 2.5499 54.8657 2.4834 154.2964 2.2404 16.9810 2.6848
3510 170.4065 1.2204 166.9753 -0.2907 144.5258 2.4632 108.8316 2.4173 47.5434 2.4967 168.4903 5.9262 33.6133 2.6443 54.2565 2.5662 153.2309 2.4647 18.3778 2.5793
3511 170.3871 1.1179 166.7544 -0.1174 145.7175 2.5687 110.2620 2.3293 48.9249 2.5791 168.7919 5.9501 34.8700 2.4129 53.4347 2.4212 151.8014 2.5695 19.9223 2.3546
3512 169.6646 1.0512 166.5300 0.1435 146.9139 2.5201 111.2923 2.4413 49.8663 2.5101 169.2118 5.4855 36.0663 2.5294 52.5589 2.4175 150.4766 2.8196 21.4547 2.4422
3513 169.5910 1.1071 166.6939 0.5406 148.2073 2.7342 112.3831 2.5081 50.6172 2.5730 169.4850 5.4314 37.7438 2.3860 52.0142 2.4608 149.0157 2.5411 22.7591 2.4517
3514 169.5978 1.1484 166.5873 0.4973 149.3660 2.7906 113.8734 2.5801 51.0538 2.5093 169.8239 5.2929 38.9139 2.3671 51.8141 2.4130 148.0290 2.5963 24.4636 2.2614
3515 169.3226 1.2992 166.7039 0.7587 150.3301 2.7651 115.4384 2.6470 51.3629 2.4218 170.1344 4.9517 40.6202 2.3466 51.3841 2.4364 146.8036 2.6085 26.0249 2.5206
3516 169.5372 1.2229 166.6890 0.9257 151.2730 3.0139 116.2421 2.5449 51.7836 2.5769 170.2924 5.2298 41.7666 2.4841 51.4817 2.4878 145.6336 2.5576 26.9782 2.5809
3517 169.3474 1.6655 166.5309 1.1132 152.3178 2.8682 116.7347 2.4966 52.0897 2.6273 170.6804 4.7916 43.3721 2.4740 51.1284 2.5521 144.2171 2.4823 28.2122 2.5065
3518 169.4884 2.2330 166.2414 1.1500 153.5379 3.1688 117.1339 2.5468 52.1199 2.5200 170.6454 4.7606 44.4666 2.5849 51.2317 2.5166 142.6693 2.4818 29.9251 2.5841
3519 169.2063 2.0947 166.0645 1.4632 154.5612 3.3488 117.1851 2.6082 52.3948 2.4357 170.8365 4.4109 45.9044 2.3321 51.2689 2.5210 141.1969 2.6352 31.4117 2.6277
3520 169.0803 2.3319 166.3516 1.9844 156.0508 3.5702 117.6948 2.5412 52.1536 2.5658 170.6508 4.2524 47.4837 2.4164 51.6252 2.6031 139.7685 2.5098 32.5281 2.5020
3521 168.5876 2.5276 165.9821 1.9275 157.0040 3.6035 118.0111 2.5200 52.2886 2.4327 170.8034 4.0421 48.9229 2.2951 52.3824 2.6502 138.3393 2.5225 33.8731 2.7161
3522 168.3192 2.7938 165.6589 1.9584 157.7003 3.9200 117.8977 2.4447 52.0924 2.5096 170.5960 4.3363 50.6079 2.4279 52.5439 2.6637 136.9806 2.3522 35.0213 2.4754
3523 168.3062 3.2361 165.7713 1.8267 158.7180 3.8507 118.2065 2.5612 51.5248 2.4704 170.2692 4.3542 51.9763 2.5169 53.1967 2.5142 135.9249 2.6148 36.4480 2.4466
3524 168.4559 3.4860 165.6254 1.6522 159.6984 3.9157 118.1582 2.5492 51.2971 2.4393 170.3880 4.4805 53.0866 2.3591 54.3066 2.4652 135.0301 2.6553 37.5594 2.5851
3525 168.0984 3.5877 165.7414 1.5684 159.7778 3.5965 118.0723 2.5052 50.8721 2.5481 170.3560 4.8705 54.3316 2.6992 54.9112 2.4015 133.5094 2.6279 38.3918 2.5770
3526 167.9832 3.7089 166.0801 1.7711 160.4590 3.5749 118.0550 2.4304 49.9542 2.5471 170.3818 4.5376 55.5839 2.6113 55.5307 2.4784 131.5334 2.4802 39.1961 2.6241
3527 167.4022 3.4451 165.9182 1.3358 161.0849 3.4328 117.5328 2.5642 48.8613 2.4423 169.9741 4.6427 56.8362 2.4927 56.8479 2.6229 130.3652 2.5801 39.9454 2.6226
3528 167.1942 3.2867 166.3142 1.6200 161.6976 3.4105 117.1766 2.4698 47.9470 2.3702 169.6729 4.8870 57.7749 2.5421 57.5401 2.4595 129.1735 2.6415 40.6774 2.5149
3529 166.3678 3.5584 166.6880 1.7290 162.3074 3.5336 116.8612 2.4170 46.5521 2.5523 169.5356 4.5064 59.2255 2.3422 58.4779 2.4805 128.0603 2.6311 41.4327 2.5282
3530 166.1346 3.4874 166.7988 1.9055 163.0505 3.2279 116.2381 2.5882 44.7263 2.6202 169.5977 4.1945 60.6962 2.5827 59.2578 2.5716 127.0030 2.4459 42.1744 2.5509
3531 165.8755 3.1718 167.2322 1.8460 163.3329 3.3834 115.7267 2.5346 43.7226 2.3851 169.5769 4.1217 62.0248 2.4602 59.9700 2.4717 125.7238 2.4510 42.0739 2.5249
3532 165.8192 3.2119 167.3564 2.0122 163.2711 3.4397 114.5752 2.5057 42.1259 2.5023 169.5723 4.0724 63.0266 2.5693 60.5995 2.5428 124.3235 2.7106 42.0945 2.4908
3533 165.5013 3.1869 167.3911 2.3151 163.0943 3.8829 113.4264 2.3356 40.5364 2.4212 169.4569 3.8392 64.1054 2.5068 61.4281 2.4635 122.5668 2.5749 42.2508 2.5620
3534 165.1755 3.4351 167.3114 2.1409 163.1430 3.7520 112.5682 2.4126 39.1153 2.3932 169.4439 4.0367 65.6904 2.4699 61.6106 2.4518 121.2440 2.5235 42.2842 2.5586
3535 165.1731 3.1170 166.8786 2.3981 163.2258 3.9188 111.5729 2.5383 37.9562 2.3212 168.9044 4.1098 66.9726 2.4118 62.1417 2.5156 119.7638 2.5968 42.3427 2.5715
3536 165.0732 3.2722 167.0270 1.9275 163.1319 3.4467 110.1947 2.5254 36.2359 2.4361 168.9670 4.2967 67.6574 2.4261 62.5993 2.5547 118.6305 2.4800 42.2701 2.3816
3537 164.8193 3.5560 166.7517 1.8227 162.8099 3.3786 109.0551 2.5293 34.7624 2.3367 168.5759 3.7787 68.2884 2.5572 62.8017 2.4746 117.2386 2.4462 41.8210 2.6213
3538 164.9596 3.5252 166.4229 2.0576 162.2524 3.3461 107.9642 2.5086 33.6545 2.4499 168.4467 3.5365 68.6975 2.5782 62.8450 2.5051 116.1677 2.3903 41.1628 2.6213
3539 165.0927 3.2695 166.0154 1.9231 161.7986 3.1821 106.7895 2.5342 31.9758 2.3639 168.5300 3.7275 69.4500 2.5693 62.9384 2.3429 114.7765 2.4443 40.7305 2.5699
3540 165.0611 2.7560 165.5533 2.1131 161.2281 3.3757 105.6080 2.6096 30.2052 2.2839 168.2167 4.2481 69.7373 2.4338 63.0183 2.4953 113.2564 2.6696 39.9717 2.5345
3541 165.3626 2.6385 164.6326 2.3227 160.7568 3.0838 104.6005 2.6330 28.7369 2.4879 168.3059 4.2198 69.9770 2.5251 62.9838 2.4999 111.7490 2.5855 39.1833 2.5397
3542 165.5306 2.6404 164.1218 2.4335 160.0399 2.6138 103.7998 2.4315 27.1106 2.4003 168.4179 3.9266 70.4294 2.6321 63.0335 2.4831 110.3323 2.5001 38.3180 2.5454
3543 165.9605 2.7697 163.7622 2.4517 159.3137 2.2573 103.2520 2.5663 25.6498 2.4885 167.8883 4.0460 70.6908 2.3902 62.9566 2.4894 108.7377 2.4327 37.3189 2.5196
3544 165.9756 2.5749 162.8698 2.7416 158.3104 1.9629 102.5853 2.5510 23.9922 2.5179 167.7520 4.3463 70.7938 2.4823 63.0208 2.4578 107.4030 2.6830 35.7651 2.7340
3545 166.1869 2.5216 161.9152 2.8531 157.1709 2.0919 102.2996 2.4369 22.7052 2.4155 167.4119 4.6623 71.0568 2.5052 63.0241 2.5805 106.1616 2.4149 34.6249 2.5763
3546 166.1432 2.5903 161.2943 3.3637 156.0478 1.9391 101.6167 2.4492 21.0706 2.5933 167.1630 4.4018 71.0069 2.5370 62.9133 2.4373 105.2275 2.6802 33.6770 2.3617
3547 166.2627 2.6263 160.4825 3.5173 155.3060 2.1229 101.7797 2.4402 19.9286 2.3322 167.1607 4.7309 71.0491 2.5113 62.9077 2.5075 104.0965 2.4667 31.8843 2.6090
3548 166.4446 2.7514 159.6042 3.9695 154.2647 1.9794 101.9547 2.4731 18.6052 2.7084 166.9409 5.1972 71.1925 2.5722 62.7006 2.4978 102.7720 2.6243 30.5120 2.4723
3549 166.3555 2.7631 158.2155 3.8775 153.3521 2.1389 102.0829 2.5394 17.4426 2.4896 166.9075 5.1667 71.1612 2.5075 62.4953 2.4408 100.8572 2.4673 29.0799 2.6565
3550 166.1826 2.7264 157.5755 3.8776 152.6758 2.1558 102.2155 2.5060 16.1706 2.4305 166.5266 5.4901 70.7798 2.4876 62.2734 2.4527 99.4271 2.6164 27.9273 2.4942
3551 166.2506 2.9638 156.6484 3.9395 151.5456 2.4063 102.3598 2.4690 14.8994 2.6211 166.6863 5.1812 70.1198 2.4305 62.3455 2.4724 98.2289 2.5946 26.3881 2.6541
3552 166.0392 2.8777 155.6527 3.6798 150.8045 2.3569 102.8668 2.4357 13.7977 2.6227 166.5219 5.3903 69.3451 2.4267 62.3626 2.6162 97.1466 2.7279 24.8925 2.4595
3553 166.1759 2.8858 154.6032 3.9620 150.2121 2.4232 103.0553 2.4093 12.1744 2.5291 166.6451 5.3109 68.5365 2.4827 62.7962 2.5484 96.3705 2.4363 23.6430 2.6891
3554 165.8987 3.0901 153.4387 3.7508 149.7077 2.4356 103.5634 2.6033 10.7992 2.4059 166.7352 5.3034 67.6755 2.5182 62.7354 2.4893 95.1879 2.5457 22.2777 2.5648
3555 165.7452 3.4491 152.6681 3.3724 149.5307 2.5072 104.4389 2.4317 9.7555 2.6238 166.8703 5.2862 66.9141 2.5061 63.2801 2.4344 94.5193 2.3666 20.4903 2.5593
3556 165.7877 3.0302 151.4157 2.9940 148.9509 2.5100 105.2265 2.5061 8.6943 2.2651 167.0850 5.5361 65.6376 2.3727 63.6129 2.5911 93.4814 2.6898 19.4711 2.4158
3557 165.7054 3.2372 150.0338 2.8374 148.7710 2.5150 106.0868 2.4017 8.0802 2.5425 167.4333 5.4763 64.3432 2.4804 64.0882 2.6730 92.4289 2.6115 18.2130 2.4364
3558 165.3937 3.1947 148.6570 2.7546 148.6484 2.5144 106.9735 2.3141 7.2915 2.5775 167.2890 4.5971 62.8310 2.3898 64.3193 2.5055 91.7666 2.5535 16.9042 2.5067
3559 165.1860 3.0430 147.0371 2.7698 148.7708 2.5802 107.9293 2.5446 6.8832 2.5951 167.0226 4.4785 61.7547 2.2777 65.2946 2.5816 91.2983 2.4327 15.9284 2.4411
3560 165.0804 2.9532 145.7162 2.5918 148.7368 2.5343 108.9581 2.5286 6.4752 2.3495 166.7472 4.3730 60.4822 2.1322 66.2670 2.4770 91.0284 2.4704 15.0388 2.4437
3561 165.2850 2.7858 144.3233 2.4508 148.9975 2.4230 109.8047 2.4041 6.3163 2.4067 166.9387 4.1228 59.0759 2.2683 67.8101 2.5096 90.6457 2.5617 14.1932 2.5112
3562 165.2280 2.9353 142.6670 2.4766 148.9866 2.4348 111.1062 2.5911 5.7135 2.4373 167.0813 4.0066 57.7489 2.4509 68.9320 2.3388 90.2464 2.5869 13.2428 2.4918
3563 165.6250 2.7005 141.3807 2.5372 149.4057 2.4134 112.7785 2.5601 5.7209 2.5244 166.5491 3.6385 56.6462 2.3948 70.3064 2.3643 90.1726 2.4865 12.9436 2.5464
3564 165.8465 2.3198 140.4677 2.6012 150.0291 2.4591 113.7735 2.4149 5.6306 2.6440 166.4490 3.7671 55.4131 2.6744 71.6106 2.6509 89.9392 2.4890 12.0916 2.4206
3565 165.5877 2.3640 139.0722 2.5205 150.5124 2.4866 115.5153 2.3877 5.2203 2.4527 166.4617 3.8548 54.6152 2.5274 72.6534 2.4992 89.4156 2.4725 11.1218 2.3401
3566 165.7612 1.5346 138.0765 2.3973 151.0565 2.4021 116.9248 2.4975 5.5002 2.5605 166.6123 4.1631 53.9573 2.5789 74.3539 2.5460 89.0950 2.4106 11.0793 2.4356
3567 165.6776 1.3006 136.7331 2.1710 151.6803 2.2685 118.2070 2.3353 5.2115 2.5826 166.7406 4.3439 53.1094 2.6437 75.3371 2.5908 89.4221 2.4995 10.6324 2.5874
3568 166.0840 1.1535 135.6114 2.4685 152.5641 2.1810 119.5534 2.7181 5.7542 2.4241 166.8567 4.3007 52.0704 2.3392 76.8799 2.6474 90.0095 2.4505 10.3525 2.5532
3569 166.1855 0.3976 134.2591 2.4920 152.8027 1.9705 121.2063 2.6475 5.8840 2.5473 167.3946 3.8458 51.2459 2.4065 78.1076 2.5415 90.6186 2.6400 10.3330 2.4386
3570 166.6810 0.3644 132.8590 2.3904 153.6281 1.7067 123.0040 2.5797 6.3398 2.4111 167.4749 3.1886 50.6819 2.4560 78.6373 2.6172 91.3042 2.6846 10.1449 2.4715
3571 167.0966 0.3427 131.3890 2.4546 154.4128 1.3198 124.2036 2.6685 6.4900 2.3872 167.4896 3.1094 49.9828 2.3803 79.2013 2.4932 91.7462 2.3355 9.9747 2.4830
3572 166.6120 0.3394 129.9469 2.4155 155.3697 1.2943 125.6641 2.3495 6.6458 2.3899 167.4658 2.8503 49.3232 2.4706 79.9520 2.4990 92.6365 2.5111 9.7954 2.5224
3573 166.8528 0.5196 129.1392 2.3670 156.0689 1.1706 127.3319 2.2368 7.0294 2.3093 167.2251 2.8603 49.0395 2.4198 80.3859 2.5546 93.3799 2.5322 10.1883 2.4296
3574 166.7332 0.5591 127.7212 2.6034 157.2066 1.3544 128.4263 2.2447 7.0351 2.5603 167.0499 2.6286 48.7780 2.5616 80.7691 2.4989 94.2786 2.3721 10.4169 2.4549
3575 166.7755 0.5405 126.4726 2.5831 158.0000 1.5483 129.7641 2.2727 7.5060 2.4807 166.7881 2.3114 48.3800 2.5181 81.3604 2.4357 95.1526 2.3121 10.6973 2.4343
3576 166.5462 0.6658 125.5098 2.5916 159.0090 1.3314 131.1704 2.5214 7.7568 2.5375 166.6794 2.4268 48.3624 2.5561 81.8223 2.5342 95.7999 2.5879 11.0577 2.5505
3577 166.6550 0.5870 124.4629 2.3704 159.9790 1.6382 132.6442 2.5188 7.8897 2.4723 165.9673 2.4490 48.2699 2.5254 82.0921 2.4742 96.8723 2.3773 12.0561 2.4650
3578 166.9912 0.5612 123.3213 2.3917 160.5636 1.5393 133.6696 2.6409 8.3438 2.4432 165.6197 2.1670 48.2155 2.5735 82.2834 2.4763 97.8945 2.4937 12.7650 2.4590
3579 166.6393 0.3262 122.4734 2.5335 161.1248 1.7221 135.1390 2.4224 8.3466 2.4240 165.7453 2.7347 48.9126 2.5209 82.4967 2.5592 99.4326 2.6064 13.7413 2.5458
3580 166.7810 0.1053 121.7823 2.3211 161.9516 1.4437 136.3830 2.4432 8.1780 2.4935 165.3633 3.1816 49.3629 2.5288 82.7330 2.5267 100.2960 2.6452 14.2561 2.7380
3581 167.1485 -0.0053 121.2782 2.4624 162.5976 1.5923 137.5790 2.4815 7.8428 2.6750 165.0179 3.0242 50.0535 2.5361 82.2309 2.4561 101.2807 2.5932 15.0186 2.5427
3582 167.2737 0.3760 120.5151 2.3906 163.1879 1.3488 138.7332 2.5097 7.9659 2.7843 164.9813 2.9160 50.8790 2.7021 82.2702 2.4528 102.5713 2.6026 16.1481 2.6200
3583 167.4210 0.3025 119.7157 2.4588 163.6963 1.5901 139.8223 2.6054 8.3981 2.8962 165.3755 2.8252 51.6591 2.4722 82.1513 2.4395 103.7247 2.3906 17.3252 2.5690
3584 167.5987 0.3114 119.1862 2.5985 163.9457 1.5431 140.5040 2.5561 7.9577 2.8016 165.5111 3.1897 52.5626 2.5245 81.7499 2.4853 104.6604 2.3514 18.5982 2.6588
3585 167.8541 0.6170 118.6363 2.3836 164.5058 1.6016 141.7768 2.5417 7.4324 3.3822 166.0166 3.3202 53.7284 2.4578 81.3352 2.4429 105.8754 2.4824 19.5802 2.7485
3586 167.8224 0.5248 118.2906 2.4584 164.8098 1.5425 142.3391 2.6243 6.7130 3.3809 166.0431 3.7667 54.8149 2.6007 80.6494 2.3930 106.5877 2.4720 21.1937 2.5730
3587 168.0034 0.4504 118.0059 2.4521 164.9312 1.5981 143.3338 2.5636 6.1445 3.6381 166.4096 4.1354 56.1005 2.5052 80.5860 2.4597 107.9317 2.6530 22.6449 2.5156
3588 168.3517 0.0301 117.6932 2.5694 165.3418 1.7033 143.6859 2.5767 5.3350 3.7080 166.7597 4.0696 57.2689 2.4629 80.4141 2.4727 108.6575 2.4102 24.0712 2.4701
3589 168.4503 -0.1879 118.1506 2.5375 165.4269 1.8103 144.5619 2.5502 4.5684 3.6596 167.4836 4.0549 58.7405 2.7256 80.0537 2.4787 109.0266 2.4040 25.4659 2.5073
3590 168.8094 -0.6209 118.4205 2.5183 165.5280 1.6054 145.0850 2.5913 3.5998 3.7162 167.9354 3.8139 60.2907 2.4964 79.5952 2.4638 109.4863 2.3505 27.0417 2.4790
3591 168.8351 -0.8114 118.5594 2.5687 165.7036 1.2686 145.2946 2.5980 2.6775 3.6876 168.4120 4.0139 61.7700 2.3956 79.3069 2.4905 110.2359 2.4323 28.6252 2.3870
3592 168.6939 -0.4199 118.9899 2.6040 165.5954 1.5606 145.5885 2.5740 1.4609 3.4274 168.3262 4.1987 63.0769 2.3170 78.7558 2.5011 110.7692 2.4813 30.1057 2.4903
3593 169.2519 -0.3311 119.4074 2.5367 166.0117 1.8693 145.5736 2.4772 0.6968 3.5308 168.4313 4.6886 64.5198 2.3990 78.4435 2.5086 111.6806 2.4292 31.4546 2.2873
3594 169.3991 -0.1299 119.7459 2.5094 166.4430 2.2489 145.6435 2.4754 -0.6113 3.1826 168.4908 4.8142 65.5910 2.5265 77.8240 2.5866 111.9505 2.6309 32.6687 2.6130
3595 169.6767 -0.3306 120.2574 2.5296 166.4934 2.3902 145.3009 2.4742 -1.5836 3.0457 168.7848 4.7025 66.7632 2.5649 76.9738 2.4168 112.0891 2.4831 34.1693 2.5988
3596 169.6143 -0.4795 120.6077 2.4901 166.9392 2.6703 145.0254 2.5070 -1.9923 3.0121 168.7642 4.7349 67.7071 2.4779 76.0078 2.4341 112.0277 2.4570 35.3600 2.2977
3597 169.2164 -0.4937 121.3682 2.6172 167.2165 2.4938 144.2006 2.5727 -3.1034 3.1332 169.0746 4.5424 69.0121 2.4251 75.2681 2.5195 112.2317 2.5573 37.0078 2.3702
3598 168.9558 -0.7888 122.2739 2.4930 167.6441 2.4761 143.8949 2.5208 -4.0677 2.7832 169.1867 4.5768 70.2956 2.4429 74.8245 2.6440 112.1014 2.5013 38.1737 2.3227
3599 168.7339 -0.3235 122.5084 2.3982 167.7801 2.4693 143.0689 2.4607 -5.0870 3.0251 169.0833 4.5071 71.3223 2.5466 74.3243 2.5819 111.7166 2.4471 39.5706 2.4422
3600 168.3574 -0.3266 123.9348 2.4927 168.2436 2.1193 142.3075 2.5948 -5.6705 3.0580 168.6088 4.8236 72.4652 2.3310 73.7825 2.5997 111.7411 2.5339 40.7625 2.6871
3601 167.8165 -0.3951 124.8283 2.5281 168.0000 2.0485 141.7932 2.3868 -6.6745 3.0985 168.9302 4.7352 73.3513 2.2649 73.2705 2.3937 111.3298 2.5536 42.0494 2.4701
3602 167.3763 -0.4666 125.9965 2.6491 168.2586 2.1340 141.0811 2.4711 -7.1800 3.1180 169.1513 4.3836 74.5171 2.4394 73.0070 2.4475 110.7602 2.4902 43.2782 2.3305
3603 166.8745 -0.1106 126.9892 2.6048 168.3413 2.2234 139.9863 2.5170 -7.9100 3.1259 169.0404 4.6065 76.0663 2.6456 72.6970 2.4423 110.5270 2.4218 44.9078 2.3073
3604 166.8276 0.3314 128.1840 2.3656 168.1377 2.0691 139.0317 2.4431 -8.6810 2.8414 169.2774 4.2143 77.4377 2.5737 72.0967 2.4818 110.0547 2.5685 45.9116 2.5323
3605 167.1053 0.5099 129.0937 2.4942 167.9642 1.7920 137.9001 2.5700 -9.1816 3.0151 169.3967 3.7438 78.8740 2.5707 71.6841 2.4862 109.6587 2.5566 46.8470 2.3524
3606 166.9767 0.6570 130.3125 2.5824 167.8029 1.9425 136.8277 2.2064 -9.3465 3.0835 169.3708 3.5712 80.0661 2.6934 70.8943 2.5178 109.4382 2.4612 48.5715 2.3571
3607 166.8320 0.9942 131.2114 2.5032 167.8659 1.4993 135.6223 2.2771 -9.7247 3.2531 169.1598 2.7580 81.4203 2.5066 70.1423 2.4435 108.8127 2.5100 49.7297 2.4653
3608 166.6284 1.3295 132.1192 2.3964 167.6520 1.4806 134.2137 2.4788 -9.8759 3.6532 169.1277 2.4098 82.4845 2.7724 69.2481 2.4692 108.3126 2.5160 51.3867 2.4168
3609 167.0338 1.8406 132.7356 2.4642 167.2859 1.3917 133.1367 2.7989 -10.0645 3.7692 168.9659 2.1572 83.6771 2.3896 68.4674 2.4324 107.8408 2.5148 52.8536 2.4847
3610 167.0112 2.0620 133.2856 2.3956 167.2261 1.6265 131.6127 2.3163 -9.9532 4.0462 168.5862 2.2753 84.8769 2.5151 67.6374 2.3205 107.8963 2.4892 54.3047 2.4925
3611 166.9607 2.1797 133.8876 2.4425 167.3543 1.5857 130.2547 2.4779 -10.0344 4.1925 168.2574 1.8645 85.9936 2.6983 67.0028 2.4362 107.9121 2.4384 55.1853 2.4706
3612 167.1246 2.2956 134.5483 2.4698 166.5843 0.8667 128.9115 2.3946 -10.0678 3.9307 167.9303 1.7822 86.8695 2.6243 66.4277 2.5641 108.1557 2.5417 56.0059 2.4429
3613 167.2741 2.4474 135.2787 2.4383 166.2271 0.7779 127.4209 2.4941 -9.8968 4.0863 167.6098 1.7455 87.9783 2.5139 65.7444 2.4181 107.8967 2.4400 57.0739 2.5452
3614 167.0031 2.7113 136.0909 2.5077 166.0334 0.7863 125.7129 2.5817 -9.2387 4.0946 167.4679 1.6176 89.0109 2.3834 65.0797 2.3037 108.1875 2.4191 57.9967 2.4055
3615 167.1237 2.6071 136.6675 2.5869 165.6421 0.7076 124.7470 2.3495 -9.3436 4.0253 167.0622 1.6582 89.3153 2.3493 64.5678 2.4240 108.7777 2.4301 58.5954 2.4712
3616 167.0541 2.4168 136.8424 2.5637 165.0381 0.4868 123.5038 2.5599 -9.2282 4.3809 166.8761 1.7785 89.8144 2.4400 64.3730 2.5136 109.0988 2.5739 59.9861 2.4415
3617 167.0004 2.2343 136.8750 2.4068 164.5046 0.5645 122.6228 2.3575 -9.0482 4.4169 166.8496 1.8257 90.2588 2.3489 64.2855 2.4803 109.9284 2.5913 60.6554 2.4229
3618 166.8150 1.6835 136.5794 2.5615 164.1086 0.6869 121.3159 2.4589 -8.4310 4.3766 166.7663 1.8983 90.7818 2.5641 64.2164 2.5597 110.3198 2.3769 61.2253 2.3353
3619 166.9554 1.3096 136.3716 2.5552 163.2227 0.6747 120.3505 2.2785 -8.1197 4.0984 166.8872 1.9349 91.3696 2.4770 64.0587 2.4812 111.2731 2.5925 61.8416 2.4524
3620 167.4706 1.1257 136.0670 2.5267 162.5814 0.8080 118.8952 2.5093 -7.2841 4.4673 166.8791 2.0217 91.7558 2.5378 64.1269 2.4449 111.9045 2.6281 62.3167 2.4785
3621 167.6970 0.9554 135.9228 2.5172 161.3273 0.6741 117.1459 2.5611 -7.1898 4.2966 166.8690 1.9999 91.4932 2.4815 64.2229 2.4948 113.1020 2.4746 62.8170 2.5462
3622 167.6441 0.6915 135.9414 2.5780 160.6195 1.0126 115.6868 2.4279 -7.0206 4.3857 166.9612 2.2148 91.5061 2.4880 64.2352 2.5372 114.0015 2.4603 63.2778 2.6379
3623 167.8586 0.9959 135.8395 2.5418 159.8988 1.1613 113.9314 2.6076 -6.7958 4.6992 166.7827 2.3285 91.5579 2.6358 64.4117 2.5954 114.9404 2.3775 63.5421 2.4998
3624 168.4150 1.0033 135.6045 2.5157 158.6737 1.3321 112.2210 2.6816 -6.9285 5.0961 167.2007 2.0057 91.2901 2.5392 64.6261 2.5468 116.1587 2.5304 63.9739 2.5097
3625 168.8769 1.3152 134.9686 2.4982 158.1417 1.4437 110.9974 2.5237 -6.5425 5.1998 167.2235 2.2408 90.8577 2.4515 65.1540 2.4967 117.6531 2.4038 64.1347 2.5091
3626 169.0335 1.2284 134.7093 2.4519 157.2960 1.6675 109.6750 2.8894 -6.8067 5.4621 167.6017 2.4248 90.7519 2.4274 65.6473 2.4626 118.8528 2.4448 64.0034 2.4641
3627 169.5542 1.3318 135.0259 2.5589 156.5818 1.4084 108.2818 2.4413 -6.5281 5.8161 167.8451 2.9526 89.9955 2.5480 66.5595 2.5073 119.8975 2.3778 63.6312 2.4888
3628 170.0657 1.5343 134.6079 2.5018 155.5797 1.6776 107.2286 2.4574 -6.2944 5.6306 167.8590 3.3687 89.6806 2.4781 67.4672 2.5348 120.9622 2.6123 63.0566 2.5337
3629 170.4992 1.9861 134.0923 2.5220 154.1631 1.7296 105.9487 2.6618 -6.4478 5.6622 168.3756 3.5523 88.7101 2.4280 68.1971 2.3657 122.2687 2.5895 62.8998 2.5175
3630 170.5809 2.3643 134.0918 2.5082 152.7251 1.7442 104.4364 2.5654 -6.3074 6.0524 168.3265 3.7869 87.9474 2.4743 69.5236 2.4132 124.0499 2.3790 62.3784 2.3922
3631 170.2835 2.8720 134.0658 2.4378 151.2589 2.0223 103.2626 2.4631 -6.4197 6.0750 168.5843 4.4268 86.4465 2.5367 70.7609 2.4580 124.6521 2.3570 61.8247 2.5112
3632 170.3979 2.8792 134.3941 2.4691 149.9649 2.0844 101.6634 2.4512 -6.3641 6.4503 168.7595 4.3615 85.3307 2.7930 71.9759 2.4794 125.5450 2.4646 60.9591 2.3977
3633 170.7554 2.6714 134.5042 2.4042 148.8061 2.4467 100.2964 2.3683 -6.1653 6.0971 168.7864 4.4533 84.2043 2.5684 73.0965 2.5444 126.9078 2.4549 60.5518 2.4471
3634 170.2735 2.8268 134.9122 2.4337 147.6458 2.4895 98.9850 2.5748 -6.2468 6.0532 168.6505 4.8051 83.3054 2.6026 74.2578 2.4956 127.6308 2.3680 59.5320 2.5126
3635 170.0083 2.9831 135.0367 2.5690 146.1543 2.4584 97.5691 2.7005 -5.9353 5.8394 168.7731 5.0848 82.1085 2.5499 75.3179 2.6035 128.1913 2.4685 58.3397 2.5627
3636 169.4628 2.8208 135.5150 2.4793 145.2289 2.4410 96.3930 2.5933 -5.5692 5.3851 169.0079 5.2876 81.0277 2.4235 76.7288 2.6374 128.8689 2.4735 56.8021 2.4904
3637 168.9841 2.7530 135.8977 2.4851 143.9914 2.3905 94.8587 2.5225 -5.4300 5.0800 169.1633 5.6042 80.1957 2.6174 78.3335 2.4821 129.3711 2.5255 55.5053 2.3797
3638 169.1338 3.1154 136.1351 2.5115 142.6335 2.5148 93.7982 2.4234 -5.1834 5.1756 169.1449 5.8343 78.7886 2.3258 79.6757 2.2454 129.9106 2.4552 54.3133 2.5492
3639 168.9660 3.3555 136.7992 2.4464 141.8099 2.5737 92.2805 2.6532 -5.1627 4.9860 169.2893 5.8736 77.3492 2.6601 81.0425 2.3682 130.2733 2.5401 53.2691 2.3496
3640 168.7756 3.2713 137.1946 2.3877 141.1365 2.5980 90.9338 2.5191 -5.2550 4.9174 169.0172 5.7308 76.3025 2.4624 82.8198 2.4680 130.4696 2.4892 51.8527 2.4028
3641 168.5798 3.8823 137.4663 2.4385 140.3453 2.5642 89.6850 2.4521 -5.2083 4.6375 169.1894 5.6491 75.1432 2.4641 84.4354 2.6301 130.7600 2.5355 50.7826 2.2998
3642 168.3672 4.1951 138.2306 2.3846 140.0720 2.4957 88.4729 2.3644 -5.2000 4.6774 169.5053 5.4604 74.4630 2.4060 85.7424 2.5262 130.8671 2.4570 49.6298 2.5194
3643 168.2624 4.5983 138.9250 2.4512 139.6900 2.4476 87.2605 2.4596 -5.2762 4.6292 169.3607 5.0166 73.5963 2.4610 87.0426 2.5377 130.8830 2.5312 48.1969 2.5348
3644 168.4488 4.6292 139.5624 2.5027 139.1040 2.4476 85.7516 2.6485 -4.8680 4.5345 169.2096 4.9395 72.9597 2.3717 88.2013 2.5963 130.9646 2.4981 47.3160 2.5038
3645 168.1729 4.7850 140.0273 2.5245 138.9709 2.4757 84.3479 2.5267 -4.9008 4.3657 169.0916 4.9650 72.3170 2.5119 89.6742 2.5235 131.0531 2.4731 45.8772 2.3977
3646 167.9205 4.5126 140.5975 2.4489 138.7157 2.5150 82.7024 2.5492 -4.7142 4.2849 168.9719 4.3837 72.2130 2.4859 90.7651 2.3490 130.8926 2.5343 44.6112 2.5815
3647 167.7632 4.1813 141.1115 2.5338 138.3283 2.4747 81.5140 2.5370 -4.8671 4.1869 168.4938 4.3480 72.2209 2.4074 92.3507 2.2469 130.7164 2.4967 43.2256 2.4624
3648 167.8106 4.3007 141.2691 2.4985 138.4194 2.5396 80.1647 2.4550 -4.9287 3.8439 168.1138 4.4224 72.1680 2.3958 94.0631 2.4905 130.8930 2.5222 42.3826 2.4312
3649 167.8542 4.1963 141.5730 2.4376 138.6239 2.4893 78.9205 2.4105 -4.7656 3.5579 167.4876 4.4679 71.9261 2.4735 95.6975 2.4046 130.6339 2.4777 41.3328 2.4968
3650 167.5894 4.0480 142.0375 2.5373 138.7975 2.5847 77.3857 2.6179 -4.6931 3.5397 167.3948 4.0519 71.8797 2.5129 97.1650 2.3855 130.4415 2.4751 40.2267 2.5506
3651 167.7905 3.7395 141.6936 2.5343 139.0107 2.5505 75.9798 2.3525 -4.7474 3.6740 167.0347 4.2850 72.0482 2.4930 98.9582 2.4612 130.1778 2.5241 39.3716 2.3980
3652 167.7295 3.5976 141.5589 2.4365 139.4653 2.5847 74.5925 2.4275 -5.1891 3.4699 166.8874 4.3474 72.0634 2.4151 100.3674 2.4967 130.0251 2.5068 38.6005 2.3983
3653 167.2231 3.3730 141.1302 2.5814 139.9954 2.3686 73.3303 2.6348 -5.3008 3.3792 166.5318 4.0635 72.2520 2.6074 101.3465 2.6192 129.7993 2.4461 38.4132 2.4408
3654 167.4920 3.3433 140.9781 2.6016 140.6118 2.6004 71.8291 2.4542 -5.3711 3.4619 166.5028 3.5884 72.7610 2.5638 102.6793 2.6189 129.6628 2.4934 38.0797 2.4458
3655 167.9526 3.0395 140.7050 2.3158 141.0006 2.5254 70.7722 2.4761 -5.5308 3.5004 166.3785 3.0224 73.5079 2.5131 104.1004 2.5478 129.7196 2.4902 37.6082 2.5025
3656 168.5136 2.7600 139.7859 2.4866 141.9140 2.6049 69.4526 2.3003 -5.6098 3.3376 165.5636 2.4964 74.4939 2.5096 105.6128 2.6005 129.5339 2.5275 37.5396 2.5170
3657 169.2059 2.3999 139.3358 2.6468 142.6225 2.7180 68.1774 2.4906 -6.1358 3.2745 165.0947 1.7994 74.8851 2.6966 106.9608 2.4037 129.3913 2.4962 37.7182 2.5274
3658 169.7335 2.0955 138.6282 2.5164 143.3130 2.6462 66.4170 2.5232 -5.9844 3.1401 164.9517 1.6047 75.8615 2.4171 108.2394 2.2888 129.5496 2.5609 37.5832 2.5202
3659 170.1589 2.2123 137.6413 2.4998 144.3488 2.6924 65.1737 2.3935 -6.1553 3.0567 165.0912 1.6460 77.0333 2.4747 109.5265 2.6255 129.5572 2.5442 37.2905 2.4883
3660 170.5057 2.2414 136.6730 2.5643 145.5408 2.6207 64.1633 2.6647 -6.2897 3.1264 165.2539 1.7369 78.0233 2.4941 110.9011 2.4977 129.7237 2.6248 37.1480 2.4691
3661 170.9282 2.4506 135.4348 2.4451 146.3873 2.5410 62.9130 2.5609 -6.6170 3.2106 165.1744 1.4325 78.7640 2.4217 111.6301 2.6749 130.0925 2.5342 37.6228 2.5804
3662 170.9671 2.1560 134.3097 2.6523 147.1699 2.4060 62.1645 2.6195 -6.8159 3.1432 164.7928 1.3749 79.8185 2.4219 112.6427 2.5959 130.5790 2.5473 38.0998 2.4850
3663 171.3620 2.1127 132.7874 2.5950 147.9150 2.6892 61.2936 2.5659 -7.0284 3.4034 164.5191 1.1417 81.0146 2.4064 113.4434 2.4537 130.9968 2.5168 38.5509 2.3732
3664 171.7339 2.5396 131.3406 2.6300 148.5991 2.5490 60.2087 2.5609 -7.0042 2.8682 164.4528 0.9860 82.5085 2.3875 113.9656 2.4323 131.8408 2.4722 39.4243 2.4004
3665 172.0522 2.5848 129.9291 2.5677 149.3388 2.5254 59.0709 2.3853 -7.0863 2.4492 164.1093 0.9488 83.8631 2.6580 114.6747 2.4959 132.7912 2.5583 39.2989 2.5684
3666 171.9861 2.0902 128.9075 2.5408 149.9394 2.4569 58.1192 2.3235 -7.0882 2.3702 163.5672 0.7427 85.1778 2.6237 115.0395 2.3489 134.1755 2.7082 39.8060 2.5081
3667 171.8142 2.2180 127.5512 2.4657 150.5953 2.4669 57.1769 2.4205 -6.9247 2.4683 163.1996 0.6731 86.3237 2.3443 115.5092 2.4675 135.2219 2.4786 40.3989 2.4187
3668 171.6275 2.2492 126.2461 2.6069 151.0674 2.5739 56.0242 2.4090 -6.8832 2.0217 162.9363 0.5983 87.6834 2.4071 116.2017 2.4116 136.3920 2.6674 41.2641 2.4712
3669 171.7143 1.8037 124.8477 2.6723 151.3095 2.5634 55.2125 2.4501 -7.0235 2.2486 162.3333 0.6219 89.0733 2.6335 116.8711 2.5754 137.5472 2.5974 41.8883 2.4911
3670 171.3787 2.2160 123.1589 2.7310 151.4919 2.4701 54.4081 2.4915 -7.2469 2.3403 161.6051 0.7464 90.2852 2.5104 116.9237 2.4705 138.7525 2.3039 42.6791 2.4426
3671 171.1919 2.8945 122.4864 2.5799 151.4774 2.4672 53.4044 2.5824 -7.2356 2.0187 160.9081 0.9278 91.8024 2.6467 116.6292 2.5415 140.3721 2.3896 43.4939 2.5911
3672 170.6216 3.0378 120.8840 2.7792 151.2395 2.4385 52.8393 2.5335 -6.9614 1.5977 160.0767 1.2356 92.9073 2.6406 116.3461 2.5408 142.0897 2.3099 44.0600 2.4664
3673 170.2903 3.4824 119.2293 2.5552 150.9900 2.5224 52.2176 2.6034 -6.7216 1.5395 158.9178 1.1983 94.2451 2.4815 116.4548 2.5418 143.5060 2.5132 44.6221 2.5236
3674 169.5361 3.4577 117.5647 2.5475 150.8367 2.4385 51.9965 2.5536 -6.6869 1.7115 157.8745 1.5428 95.4986 2.5590 116.4528 2.4670 144.7306 2.3877 45.1702 2.5922
3675 169.3401 4.2177 116.2823 2.5685 150.3561 2.4227 51.6516 2.5029 -6.7273 1.8212 156.8031 1.6616 97.2057 2.4885 116.0772 2.4925 145.8027 2.3558 45.3167 2.5488
3676 169.0639 4.4374 115.4929 2.4984 149.8053 2.5563 52.0662 2.3820 -6.6444 1.6244 155.8232 1.8349 98.9142 2.2226 115.7621 2.4363 147.2766 2.4252 45.9984 2.4219
3677 169.2672 4.4904 114.5378 2.4942 149.1085 2.4747 51.6806 2.5455 -6.6770 1.5225 154.4476 1.8497 100.3269 2.3820 115.8008 2.5058 148.8343 2.1042 46.1041 2.4635
3678 168.7910 4.5725 113.8552 2.5367 148.5407 2.4544 51.6213 2.5172 -6.2074 1.4887 152.9484 2.3244 101.8582 2.4167 115.5958 2.5945 150.0434 2.0166 46.0198 2.5275
3679 168.5641 4.8283 112.9256 2.3672 147.7489 2.3445 51.6257 2.4478 -6.1761 1.3195 151.6919 2.4694 102.9733 2.5110 115.1688 2.5744 151.0702 2.2446 45.9308 2.5743
3680 168.4260 4.1284 112.1308 2.3068 147.0132 2.4218 51.9371 2.4459 -5.9976 1.3904 149.9306 2.2672 104.0004 2.3383 115.2638 2.5075 152.2499 1.9009 46.2079 2.4922
3681 168.3637 4.3181 111.4128 2.4272 145.9215 2.4863 52.2917 2.4640 -5.6547 1.0675 148.8109 1.9915 105.4422 2.3932 114.7928 2.4950 153.2574 1.7942 46.0227 2.5943
3682 168.0838 3.9870 111.1110 2.5691 144.8513 2.3583 52.6897 2.5528 -5.2823 1.2350 147.7143 2.1073 106.7207 2.5441 114.9144 2.4999 154.7631 1.7479 45.7092 2.5558
3683 167.6801 3.7053 110.8248 2.4144 143.6315 2.4537 52.8145 2.6087 -5.0068 1.4803 146.3589 2.2592 108.2281 2.6524 114.3068 2.5384 155.8906 1.2979 45.0669 2.4226
3684 167.4929 3.1444 110.3967 2.4612 142.3126 2.3211 53.8419 2.4470 -4.8939 1.9784 144.9292 2.2285 109.7357 2.6552 114.1120 2.4550 157.3081 1.1241 44.5594 2.5066
3685 167.5339 2.8906 110.2831 2.5047 140.8121 2.7486 54.7922 2.4567 -5.1506 1.9731 143.2745 2.4972 110.7216 2.6330 113.7346 2.5534 158.6227 0.9111 43.6304 2.5856
3686 167.7954 2.6454 109.9909 2.5252 139.3793 2.5749 55.7802 2.4557 -5.5080 2.2112 141.9790 2.4535 112.1327 2.4956 113.7840 2.4644 159.7362 0.7896 42.5377 2.4989
3687 167.4781 2.5282 110.1040 2.4980 138.0746 2.4846 56.6147 2.6060 -5.6379 2.5511 140.3416 2.4320 113.0882 2.5861 114.0945 2.4304 160.4040 0.5602 41.6385 2.4502
3688 167.2748 2.4957 110.5460 2.5148 136.4669 2.3987 57.6929 2.3686 -5.8922 2.7816 138.8714 2.6021 113.9530 2.6076 114.5370 2.5090 161.7369 0.4958 40.5480 2.6018
3689 167.3871 1.7235 111.1200 2.4705 135.1185 2.4481 58.8743 2.5939 -6.3981 2.4617 137.7825 2.7276 115.4795 2.7446 114.7397 2.4777 162.9096 0.6301 39.8126 2.5974
3690 167.1615 1.5367 111.4349 2.4711 133.6397 2.6953 60.1428 2.2686 -6.9071 2.5600 136.1080 2.3995 116.6211 2.4525 115.1681 2.5398 163.5499 0.1776 39.0706 2.7038
3691 167.1759 1.7404 111.6813 2.4342 132.4298 2.5198 61.4981 2.4474 -7.1516 2.6434 135.0532 2.6664 117.8345 2.6235 116.0945 2.5590 164.6134 0.4650 38.2707 2.4012
3692 167.0218 1.5041 112.2749 2.4951 131.3276 2.3099 63.4177 2.5181 -7.4805 2.9471 133.9156 2.4735 119.0262 2.5612 116.6484 2.4499 165.1148 -0.1403 37.1677 2.3624
3693 167.1606 1.3134 112.6247 2.5325 130.2617 2.6427 64.7472 2.3409 -7.1620 2.9405 132.5197 2.4298 120.3231 2.4863 116.7981 2.4413 166.0424 -0.2215 35.9991 2.3987
3694 166.7732 0.9545 113.3344 2.5945 128.8040 2.5164 66.1245 2.5653 -7.6565 2.8833 131.1194 2.5821 121.4828 2.6018 117.0071 2.4216 166.2890 -0.5561 35.2371 2.4773
3695 166.9171 0.7404 113.6222 2.6340 127.7517 2.3481 67.3510 2.5071 -7.8062 2.6389 129.7384 2.4127 122.9734 2.5825 117.2456 2.4935 166.5813 -0.5781 34.4350 2.3814
3696 166.9035 0.4421 114.0645 2.5228 127.2242 2.4393 68.7710 2.5545 -7.7708 2.3342 128.5150 2.5354 123.7222 2.3934 117.5585 2.4382 166.8687 -0.5772 33.5645 2.3834
3697 167.1358 0.2702 114.7334 2.5538 126.0642 2.4870 70.2042 2.6243 -7.7876 1.9837 127.1892 2.5122 124.7570 2.4950 118.3971 2.4874 167.1484 -0.4178 33.1466 2.4259
3698 167.4062 0.1317 114.7326 2.5577 125.1154 2.6225 71.4943 2.6654 -8.0208 2.0827 125.9232 2.3494 126.4721 2.5224 119.4047 2.4908 167.5222 -0.3849 32.7008 2.6190
3699 167.9790 -0.0980 115.0996 2.4850 124.2087 2.5782 72.9683 2.5292 -8.2155 1.7184 124.1925 2.4519 127.8010 2.4822 119.8459 2.4426 167.7105 0.0820 32.5030 2.5282
3700 168.6740 -0.0633 115.4204 2.5190 123.4290 2.4920 74.2346 2.6061 -8.4480 1.4941 123.1981 2.4479 128.9271 2.5885 120.0380 2.5257 168.2317 0.3002 32.1796 2.5636
3701 168.8803 0.1199 115.3302 2.5263 122.7712 2.5607 75.4206 2.5468 -8.5513 1.3066 121.9568 2.5254 129.9225 2.6059 120.1638 2.4153 168.1078 0.7740 31.9749 2.5154
3702 169.0632 -0.1312 115.6877 2.4752 122.5230 2.5717 76.4289 2.4160 -8.1783 1.0409 120.6914 2.5265 131.3377 2.5839 120.5794 2.5405 168.1818 1.1132 31.4550 2.5666
3703 169.0194 -0.0945 115.4433 2.5277 122.0294 2.6289 77.3195 2.6258 -8.1722 0.4664 119.5585 2.4046 132.6517 2.6758 121.0156 2.5374 168.2123 1.8567 31.7163 2.4762
3704 169.2803 0.1947 115.0900 2.5252 121.7399 2.4746 78.2669 2.5328 -7.9626 0.2728 118.0726 2.4395 134.1614 2.6569 120.8951 2.4823 168.2824 2.3690 31.2826 2.4525
3705 169.4486 0.6129 115.0109 2.4661 121.6872 2.5051 78.8410 2.4552 -7.9926 0.0019 116.8641 2.3773 135.2287 2.6408 121.1965 2.5489 168.5976 2.6923 31.8189 2.4157
3706 169.4952 0.8507 114.7238 2.4586 121.8471 2.5070 79.3876 2.5538 -8.2977 0.1941 115.3847 2.4076 136.3024 2.5216 121.5134 2.5145 169.2051 2.8842 32.1168 2.4708
3707 169.4277 1.2211 114.2332 2.4849 122.1982 2.4995 80.1553 2.4993 -8.8756 0.2810 114.2194 2.5610 137.6525 2.5093 121.6550 2.4854 169.2132 2.9986 32.1770 2.4695
3708 169.4234 1.5528 113.6354 2.5957 122.1776 2.5568 80.5027 2.5108 -8.4686 -0.1593 112.7443 2.6694 138.9297 2.3534 121.5228 2.4420 169.5907 3.1999 32.6547 2.5306
3709 169.0693 1.7672 112.5409 2.6391 121.9530 2.5762 81.0232 2.4921 -8.2111 -0.4605 111.2890 2.4931 140.2456 2.4137 121.1949 2.4741 169.7675 3.5819 33.4702 2.4647
3710 168.9493 2.2550 111.8633 2.3702 122.1264 2.5378 81.4267 2.5076 -7.9204 -0.2707 110.1324 2.5394 141.6469 2.4409 120.3094 2.5555 169.8235 3.4019 34.0614 2.5163
3711 168.9008 2.4354 111.4318 2.4797 122.4176 2.4778 81.6600 2.5136 -8.2366 -0.2488 108.3858 2.4137 142.7473 2.3730 119.9147 2.6571 170.0650 3.8121 34.1292 2.5079
3712 168.8632 2.6772 110.5670 2.5392 122.6344 2.5308 81.6238 2.5158 -7.8824 -0.2198 106.9452 2.5031 143.9039 2.2733 119.7136 2.6544 169.9348 3.9951 34.5438 2.4802
3713 168.6538 2.7950 109.5397 2.5609 122.9395 2.5009 81.5369 2.5339 -7.8498 -0.3281 105.6739 2.5534 145.3304 2.5311 118.6283 2.4616 169.4426 3.9603 35.2670 2.4495
3714 168.3366 2.8406 108.3435 2.6025 123.4642 2.5517 81.1716 2.5561 -7.5127 -0.4853 104.1644 2.1059 146.4095 2.5227 117.8697 2.6011 169.0905 4.0319 35.7685 2.4226
3715 167.8232 3.2559 107.0606 2.7167 123.5975 2.5908 81.0727 2.5240 -7.4451 -0.5321 102.7145 2.4099 147.5660 2.7091 116.9492 2.5278 168.9834 3.9402 36.6279 2.5395
3716 167.8397 3.1987 105.9657 2.6852 123.8410 2.5375 80.4326 2.5454 -7.3827 -0.6055 101.5292 2.6501 148.9798 2.5862 115.7181 2.4987 169.1070 4.2252 36.8031 2.5546
3717 167.1895 3.6810 104.2946 2.5944 124.0811 2.5113 79.8417 2.5357 -7.6542 -0.7849 100.2313 2.4732 150.7481 2.9879 114.5650 2.5820 168.9771 4.0474 36.7645 2.4526
3718 166.3808 3.9380 102.7646 2.7049 124.1786 2.4794 79.6454 2.6987 -7.5111 -0.8216 98.8325 2.4659 152.3318 2.9467 113.5170 2.5273 168.5937 4.1460 36.7550 2.4492
3719 165.6638 3.8663 101.4647 2.6572 124.5382 2.5030 78.6477 2.4948 -7.3265 -0.7488 96.8628 2.4766 153.2172 3.0766 112.1719 2.4757 168.7717 4.0863 36.6448 2.5032
3720 164.8768 3.8552 100.0928 2.5164 124.6777 2.5470 77.6775 2.5841 -7.0372 -0.7944 95.7955 2.4773 154.1719 3.3808 110.4934 2.6549 169.3042 4.0822 36.7797 2.3816
3721 163.8045 3.4612 98.9234 2.5030 124.4809 2.4728 76.8808 2.6011 -6.7417 -0.5272 94.1687 2.5029 155.4251 3.1229 108.9758 2.7343 169.3936 4.2672 36.5287 2.4132
3722 162.9633 3.7124 97.9787 2.5070 124.4562 2.4517 75.9215 2.4706 -6.6263 -0.3085 93.1064 2.2514 156.4730 3.6739 107.2542 2.6048 169.6126 3.7736 36.0411 2.4490
3723 161.9393 3.7544 96.8332 2.5241 124.1666 2.4750 74.7999 2.2880 -6.2615 -0.0668 91.6920 2.3736 157.6119 3.7233 105.8750 2.5569 169.8976 3.8675 35.9016 2.4691
3724 160.6067 3.8034 95.3714 2.6483 123.4870 2.5193 73.5851 2.4438 -6.2764 0.2050 89.9458 2.5834 158.5926 3.8522 104.2952 2.5739 170.1986 3.6635 35.5286 2.4617
3725 159.2793 3.8339 93.6478 2.6816 122.4454 2.4755 72.2735 2.3638 -6.1498 0.3977 88.8056 2.6517 159.9322 3.7596 102.3979 2.4228 170.2678 3.7151 35.1814 2.4112
3726 158.1529 3.7987 92.2926 2.4345 121.7129 2.4850 71.0888 2.5937 -6.3705 0.3708 87.2599 2.4190 160.3107 3.7044 101.0591 2.5797 170.3080 2.9488 34.7774 2.5041
3727 157.1377 3.3862 90.7005 2.4911 120.8593 2.5567 69.7894 2.7101 -7.0533 0.7100 85.9274 2.4645 161.0151 3.5674 99.9336 2.4880 170.3474 3.0613 34.3488 2.3708
3728 155.7148 3.3694 89.2026 2.4154 120.3539 2.4042 68.1959 2.5866 -7.5405 1.1207 84.6351 2.4195 161.7162 3.4151 98.5459 2.5832 170.4256 2.3849 33.5752 2.5340
3729 154.7290 3.4832 87.5031 2.3526 119.4245 2.6217 66.7321 2.4499 -7.6280 1.2069 83.4809 2.4238 162.3430 3.4834 96.8327 2.7315 170.4984 2.5269 33.0305 2.5237
3730 153.1740 3.4966 86.4492 2.5217 118.1907 2.6144 65.3006 2.6900 -7.9759 1.7053 82.2461 2.4300 162.7202 3.2101 95.3127 2.4387 170.3549 2.4196 32.9432 2.4794
3731 151.8965 3.2932 85.1343 2.5756 117.0620 2.4814 63.9225 2.5563 -8.0210 2.1179 81.6383 2.3801 163.1415 3.2191 93.7644 2.7192 170.2032 2.4744 32.3475 2.4954
3732 150.5647 2.9519 83.8069 2.2616 115.2933 2.5062 62.3448 2.4550 -8.2455 2.7143 80.8165 2.3926 163.6865 3.3311 92.4767 2.5419 170.1053 2.5357 32.1918 2.5569
3733 149.0660 2.9610 82.5804 2.4822 114.1066 2.3932 60.8279 2.4896 -8.2420 2.8543 80.2975 2.4804 164.4026 3.5198 91.4268 2.5496 169.8976 2.6819 31.8954 2.5164
3734 147.8624 2.7554 81.7178 2.5262 112.3993 2.4898 59.5326 2.6405 -7.8220 3.3763 79.5884 2.5845 164.6292 3.3271 90.0421 2.5804 169.8089 2.2222 32.0811 2.5252
3735 146.6641 2.6484 80.5694 2.5672 111.1643 2.3842 58.4263 2.6153 -7.5342 3.8481 78.5990 2.5774 164.7066 3.4329 88.5403 2.6102 169.6068 2.3964 32.2875 2.4993
3736 145.3742 2.6686 79.4221 2.6342 109.8579 2.6706 57.1694 2.4716 -7.3956 3.9685 78.2023 2.5640 164.5500 3.5887 87.1022 2.3081 170.2143 2.4329 32.6160 2.5711
3737 143.8596 2.6433 78.6011 2.5074 108.3751 2.4558 55.8024 2.6234 -7.1181 3.9505 77.9467 2.5118 164.8391 3.7559 86.0033 2.5818 170.3815 2.6990 32.9752 2.4549
3738 142.6139 2.6551 78.0461 2.5067 107.1106 2.3017 54.2733 2.5514 -7.3190 3.9091 77.9535 2.4776 164.8484 3.6945 84.8576 2.6054 170.4673 2.6657 33.0509 2.4308
3739 141.3030 2.5911 77.3879 2.4262 105.1610 2.3738 53.2458 2.3252 -7.4260 4.1479 77.8517 2.5431 164.3787 3.6401 83.5437 2.5228 170.8152 2.6665 33.5492 2.4509
3740 139.9261 2.5085 76.8104 2.4662 103.3954 2.4801 52.0373 2.4866 -7.2375 4.1613 77.8545 2.4064 163.9388 3.9405 82.1931 2.2876 170.7984 2.7762 33.8721 2.6018
3741 138.6287 2.5324 76.2030 2.4318 101.9334 2.5874 50.6155 2.5501 -7.4144 4.0097 77.7488 2.4420 163.7424 3.5542 80.7616 2.5298 170.9276 2.9866 34.5125 2.5864
3742 137.6245 2.5979 75.8607 2.3897 100.3496 2.4855 49.1741 2.5191 -7.4277 4.1756 77.9915 2.4861 163.5747 3.6758 80.1215 2.6787 171.2725 2.8313 35.2320 2.6019
3743 136.1261 2.5691 75.7955 2.4172 99.0278 2.5367 47.6644 2.3996 -7.5353 4.3488 77.8487 2.5715 162.3302 3.7074 78.6411 2.5671 171.4280 2.9580 35.9600 2.7192
3744 134.8192 2.5541 75.5605 2.5604 97.6127 2.2548 45.9715 2.5474 -7.3172 4.8449 78.1789 2.6183 161.5826 3.5750 77.1460 2.4838 171.3061 2.9081 36.8556 2.7120
3745 134.0782 2.5847 75.3778 2.5250 96.3043 2.3328 44.8329 2.5002 -7.1539 5.1641 79.0652 2.3587 160.9363 3.4241 75.7848 2.3446 171.4728 2.9287 37.4412 2.4701
3746 132.8642 2.6296 75.4922 2.4491 94.9233 2.4835 43.5537 2.5750 -7.0818 5.1000 79.7682 2.5145 160.0999 3.3830 74.3931 2.3858 171.4153 3.1435 38.4721 2.3453
3747 132.0382 2.6040 75.6361 2.5416 93.7054 2.4917 42.5540 2.5919 -7.1179 4.4576 80.2477 2.4667 159.3436 3.0979 73.2262 2.5009 170.9417 3.6540 39.4172 2.4064
3748 131.4261 2.4681 75.7851 2.5217 91.9630 2.3612 41.3625 2.5403 -6.8042 4.6199 81.0690 2.5710 158.6264 3.3261 71.6918 2.4684 170.7533 3.6981 40.6802 2.3489
3749 130.3957 2.5544 76.5251 2.4582 90.8403 2.5860 40.1641 2.4544 -6.2511 4.6748 81.9401 2.4541 157.7737 3.0666 69.9763 2.5285 170.6307 3.6631 41.9845 2.3932
3750 129.3827 2.6812 76.6134 2.4702 89.6518 2.6022 38.8799 2.5089 -5.8195 4.7409 83.1677 2.4917 157.1611 2.9650 68.7900 2.3798 170.3044 3.5353 43.2237 2.5582
3751 128.9081 2.5734 77.2034 2.5186 88.4632 2.5719 37.7262 2.3908 -5.3042 4.7022 84.1902 2.5282 156.3879 2.7164 67.4290 2.4058 170.1050 3.7396 44.5042 2.6339
3752 128.0610 2.6267 77.5038 2.3982 87.1584 2.3797 36.1517 2.4646 -4.9868 4.8908 85.1950 2.2481 155.4263 2.5742 65.8991 2.4068 170.1580 3.7716 45.9846 2.5516
3753 127.7661 2.5376 78.1400 2.4619 85.9194 2.5978 34.8009 2.4892 -4.6497 4.8593 86.4548 2.4972 154.6602 2.5645 64.5341 2.5351 170.1025 3.7771 46.9176 2.4796
3754 127.5198 2.4630 78.8634 2.4807 84.4274 2.4640 33.5345 2.4450 -4.6347 4.9292 87.1683 2.5859 153.6003 2.4631 63.2944 2.4236 170.1285 3.8476 47.7667 2.4708
3755 127.3812 2.4295 79.9030 2.5760 83.5841 2.3682 32.2879 2.2597 -4.7528 4.5879 87.8678 2.5709 152.4203 2.4245 62.3341 2.3484 170.3443 3.9401 48.3090 2.4311
3756 127.2961 2.5293 81.0138 2.5452 82.1275 2.3810 30.7255 2.5346 -4.7191 4.5550 88.5797 2.6007 151.3221 2.4540 61.6662 2.5004 170.6077 3.9200 48.8405 2.4076
3757 127.1557 2.4574 82.1520 2.4109 80.8296 2.4631 29.5021 2.3942 -4.4963 4.3172 89.2536 2.4775 149.8853 2.5979 61.3070 2.4572 170.6938 4.1587 49.1100 2.4524
3758 127.1615 2.5293 83.4547 2.5487 79.5833 2.2823 28.0621 2.5433 -4.1384 4.1064 89.8931 2.5494 148.4465 2.2492 60.4749 2.4079 170.8787 4.7796 49.5724 2.4223
3759 127.2127 2.5234 84.7414 2.2960 78.9358 2.6046 26.6501 2.3119 -4.1408 4.1231 90.4640 2.5084 147.0935 2.4232 60.0066 2.4442 170.5134 4.9434 49.5207 2.5453
3760 127.4849 2.5665 86.0757 2.1707 78.3370 2.5738 25.3143 2.4640 -4.3847 4.1985 91.0373 2.5295 145.8886 2.5521 59.4510 2.4505 170.0603 5.3513 49.6363 2.3969
3761 127.6737 2.5245 87.3281 2.4344 77.4335 2.5433 24.1215 2.3679 -4.3862 4.4809 91.2618 2.5262 144.6523 2.4802 59.4105 2.3816 169.6588 5.3555 49.6810 2.5047
3762 128.2262 2.5068 88.4207 2.6904 77.0005 2.4425 22.8274 2.5263 -4.8003 4.8148 91.1197 2.4687 143.0645 2.3525 59.2972 2.4298 169.4114 5.5378 49.5841 2.5208
3763 129.2025 2.5643 89.9968 2.5896 76.2382 2.5955 21.5373 2.5064 -4.9407 4.6074 91.5803 2.4436 141.7849 2.5355 59.2893 2.4565 169.6304 5.8422 49.3781 2.4819
3764 129.9665 2.5434 90.9487 2.4971 76.1569 2.5640 20.1822 2.5455 -5.1717 4.7280 91.7877 2.4578 140.4872 2.5698 59.4228 2.4710 169.6926 6.0879 48.9428 2.4309
3765 130.3109 2.5085 92.5075 2.7127 76.1123 2.4877 18.7291 2.5722 -5.6719 5.0665 91.7949 2.4605 139.7557 2.7366 59.1535 2.5359 169.2935 6.1220 48.5533 2.6328
3766 131.3872 2.4577 93.0844 2.4728 76.1455 2.4464 17.6252 2.5522 -5.7921 5.1604 91.8902 2.4096 138.1543 2.4161 59.4573 2.6635 169.0834 5.9149 47.7917 2.6461
3767 132.3986 2.4721 94.0782 2.6537 76.5269 2.4687 16.2117 2.4817 -5.8753 5.6190 91.5429 2.4765 137.2516 2.3636 59.8012 2.5024 169.0035 5.9583 46.8448 2.5773
3768 133.4196 2.4619 95.0255 2.5871 76.8195 2.4463 14.7799 2.7132 -5.8455 5.6113 91.1560 2.5476 136.1044 2.5553 59.8316 2.5918 168.5559 5.8532 46.1027 2.6338
3769 134.8753 2.4032 96.1289 2.5392 77.2631 2.5068 13.4104 2.3777 -5.8086 5.5813 90.5761 2.5043 135.2642 2.4350 59.8904 2.5795 168.5620 5.4758 45.2009 2.4944
3770 135.9574 2.3756 97.0066 2.5917 77.4662 2.4587 11.9147 2.6453 -5.8517 5.2765 89.7222 2.5603 134.5662 2.3933 60.4569 2.6261 168.2303 5.3373 44.0768 2.6484
3771 136.9911 2.3210 97.4105 2.6243 77.8841 2.4526 10.6717 2.5734 -5.8871 5.0568 89.1388 2.5895 134.1724 2.4009 60.9540 2.6573 168.7884 5.3587 43.6111 2.4960
3772 138.1757 2.3779 97.9827 2.4734 78.6295 2.3762 8.9179 2.4551 -5.8993 4.6548 88.4679 2.6212 133.9723 2.5123 61.8834 2.8016 168.6494 5.2827 42.3268 2.4128
3773 139.5032 2.5621 98.7157 2.6386 79.1355 2.5245 7.5098 2.5941 -6.0488 4.6188 87.8537 2.5000 133.5509 2.5282 62.4988 2.5931 168.3961 5.0395 41.5764 2.5040
3774 140.8904 2.4516 99.0692 2.5308 79.9735 2.4100 5.9550 2.6842 -6.0097 4.5177 86.8890 2.6061 133.2129 2.5579 63.7751 2.6250 168.5675 4.8838 40.3037 2.5382
3775 142.3177 2.5753 99.4257 2.5728 80.8258 2.4762 4.8799 2.7396 -5.5374 4.2609 86.4757 2.5402 133.0053 2.6308 65.1384 2.6318 168.7376 4.9308 39.2366 2.3209
3776 143.5704 2.5450 99.3527 2.5436 81.5662 2.6248 3.3095 2.9325 -5.3999 3.9588 85.6377 2.3591 132.7759 2.5393 66.5338 2.5071 169.2285 5.2012 38.2649 2.5489
3777 144.8273 2.6480 99.3106 2.4775 82.2931 2.4534 2.2908 2.8782 -5.4468 3.9062 84.9183 2.4266 132.9965 2.5451 67.9371 2.5856 169.0736 5.3374 37.1198 2.4590
3778 146.2024 2.6074 99.3997 2.4648 83.5361 2.4050 1.1323 3.1337 -5.4077 4.1458 84.4934 2.4564 133.0621 2.4844 69.0241 2.4642 169.0312 5.3718 36.5284 2.6210
3779 147.6059 2.8315 99.3191 2.5097 84.8068 2.3302 -0.0325 3.1648 -5.3724 4.1105 83.7847 2.4937 133.2395 2.3943 70.6700 2.5116 169.5337 5.2349 36.2245 2.5501
3780 148.8485 2.8734 99.2665 2.5020 86.5582 2.6149 -1.3767 2.9493 -4.9756 3.8921 83.6019 2.4739 133.5509 2.5074 72.1030 2.3988 169.7079 5.3543 35.0753 2.6091
3781 150.0861 3.0453 99.1223 2.5053 87.4259 2.4706 -2.5631 2.8088 -4.8482 3.9735 83.4770 2.4963 134.3660 2.5893 73.0542 2.4099 169.3991 5.4301 34.3302 2.4928
3782 151.3952 2.9871 98.5626 2.4669 88.8784 2.6074 -3.0087 2.9087 -4.9395 3.9196 83.2411 2.5178 134.9506 2.4636 74.2783 2.5080 169.4279 4.9228 33.7124 2.4507
3783 152.8210 3.0383 98.1247 2.5563 90.2714 2.4167 -4.1495 2.8169 -4.6827 4.1782 83.0135 2.5413 135.5689 2.7148 75.9017 2.1634 169.6492 5.1397 33.6143 2.5053
3784 153.9826 2.9138 96.9586 2.5479 91.5566 2.5935 -4.8957 2.2960 -4.6282 4.2071 82.9165 2.5398 136.4102 2.6233 77.1336 2.3835 169.8140 5.2263 33.0537 2.5052
3785 155.0111 3.0605 96.5906 2.5489 92.6522 2.5229 -5.4191 2.2851 -4.8639 4.4051 82.9218 2.3604 137.7278 2.6126 77.8896 2.5115 170.1273 4.6877 33.1009 2.5461
3786 156.2975 2.9144 95.1437 2.5128 94.1389 2.5721 -5.7913 2.6505 -4.7666 4.4272 83.2840 2.4938 139.0393 2.4701 79.4671 2.4667 170.2042 4.6241 33.2059 2.5274
3787 157.5671 2.8347 94.0887 2.6523 95.6594 2.6957 -6.4640 2.3603 -5.2393 4.6491 83.8208 2.6198 140.2277 2.4967 80.9807 2.2346 170.2899 4.4959 32.8921 2.5229
3788 158.4202 2.7087 93.1003 2.6929 97.2150 2.6560 -6.9589 2.0194 -5.2681 4.2584 84.2936 2.5324 141.4591 2.4878 82.2062 2.5390 170.4930 4.4773 32.3220 2.4730
3789 159.3580 2.2909 91.9435 2.6869 98.0981 2.7488 -7.5687 2.3119 -5.6901 4.0789 84.9348 2.4802 142.8263 2.4235 83.6219 2.5015 170.9021 4.2750 32.3643 2.4723
3790 160.2741 2.2855 90.6891 2.4941 99.4638 2.2992 -7.9659 2.2006 -5.8158 4.1552 85.5737 2.5651 144.1136 2.4223 85.0562 2.4316 171.0107 4.2362 32.4655 2.6070
3791 160.9014 1.9483 89.0479 2.5813 100.7696 2.6522 -8.2452 1.9620 -6.0588 4.3079 86.2175 2.6704 145.5227 2.2866 86.2436 2.6117 170.8810 4.1180 32.8049 2.5581
3792 160.9597 2.2821 88.1403 2.5401 102.0232 2.4742 -8.1453 1.9383 -6.1347 4.3590 87.1795 2.6068 146.6155 2.3437 87.6339 2.3938 170.9398 4.0180 32.9184 2.5453
3793 161.4802 2.2402 86.6903 2.3479 103.1983 2.6723 -8.3329 1.5476 -6.2123 4.8485 87.9735 2.4501 147.6064 2.3959 89.1761 2.2651 171.0307 4.0058 33.6135 2.4873
3794 161.7950 2.1055 85.3809 2.4824 104.6641 2.7387 -8.5334 1.7254 -6.4588 5.0365 89.4711 2.6629 148.8250 2.5094 90.1040 2.5899 171.0388 3.9675 34.3355 2.5011
3795 162.2593 1.9120 84.0121 2.3279 105.8744 2.4161 -9.0587 1.6376 -6.5724 4.7282 90.9610 2.4444 149.6461 2.4916 91.6929 2.5342 170.9854 4.0444 35.1895 2.5711
3796 162.8890 1.4679 83.0223 2.2999 107.2180 2.4207 -9.3126 1.4292 -6.6601 4.8222 92.3150 2.6115 150.4852 2.4210 92.7815 2.6627 171.0546 4.3450 35.8843 2.5358
3797 163.4348 1.0447 81.9496 2.4564 108.1859 2.5019 -9.6416 1.5322 -6.7987 4.4437 94.4865 2.4898 151.2203 2.4788 93.4685 2.5697 170.8378 4.2421 36.5847 2.6810
3798 164.0353 1.2949 80.7641 2.3310 109.8596 2.3470 -9.7706 1.2628 -7.0964 4.3203 96.0910 2.5472 151.8788 2.5612 94.8869 2.3316 170.3758 4.8344 37.4617 2.5250
3799 164.0255 1.4576 79.5661 2.4860 111.4205 2.5143 -9.9355 1.1423 -7.3573 4.2118 97.6320 2.3652 152.4036 2.6890 96.2579 2.5289 170.4488 4.8175 38.5048 2.4907
3800 164.7961 1.5441 78.0219 2.5465 112.8695 2.6179 -9.9572 1.1952 -7.2299 3.7833 98.7796 2.3830 152.7182 2.4653 97.6204 2.6058 170.1612 4.7100 39.7298 2.4113
3801 165.1823 1.5875 76.3337 2.7094 114.6054 2.3882 -9.9932 0.7453 -7.3749 3.2976 100.1035 2.5662 153.4182 2.4546 98.8338 2.4622 170.1278 4.5174 40.8906 2.3632
3802 165.3168 1.8164 75.1404 2.7562 115.6007 2.4841 -10.0347 0.2808 -7.5430 2.9874 101.6296 2.4807 153.8381 2.4223 99.9753 2.2658 170.1359 4.5658 41.9451 2.4121
3803 165.0839 1.3116 74.1186 2.5065 116.7564 2.4708 -10.2639 0.3190 -7.6367 2.4563 102.9413 2.4922 153.9538 2.4379 101.6726 2.4092 170.1024 4.0977 42.8271 2.3594
3804 165.0756 1.1785 73.0683 2.5202 118.2027 2.3159 -10.2592 0.1474 -7.6820 2.2351 104.2901 2.5188 153.9782 2.4264 103.2625 2.6550 169.6736 3.5331 43.5113 2.5260
3805 165.1823 0.7683 72.2793 2.4335 119.6172 2.5750 -10.2194 -0.0936 -7.9780 1.9434 105.7135 2.4357 153.8042 2.5473 104.3986 2.7435 169.8549 3.1395 44.2859 2.6903
3806 165.0714 0.7985 71.2998 2.4723 120.5874 2.3985 -10.1586 0.0330 -8.0621 1.6187 106.9291 2.5411 153.6450 2.5167 105.9179 2.5384 169.6266 3.4859 45.2538 2.4912
3807 165.3347 0.6507 70.7870 2.4036 122.1557 2.2355 -10.1594 -0.0619 -8.0213 1.9187 108.3268 2.6173 153.7110 2.5393 107.5351 2.4536 169.3603 3.5592 45.9063 2.4035
3808 165.3195 0.8731 70.2803 2.4438 123.5224 2.2353 -9.8870 0.1161 -8.4669 1.6786 109.2891 2.5447 153.2473 2.6237 109.0999 2.5321 168.9183 3.1390 46.2081 2.4311
3809 165.2409 0.4013 70.1974 2.4564 124.9753 2.2878 -9.9857 0.4943 -8.7181 1.0622 110.3814 2.5182 152.9746 2.6288 110.2478 2.4752 168.8943 2.7902 46.7600 2.3659
3810 165.3223 0.4258 69.8618 2.4916 126.6026 2.4338 -9.6958 0.5740 -8.4883 0.8579 111.0443 2.5874 152.5742 2.6235 111.3973 2.5681 169.0835 2.6939 47.1802 2.4233
3811 165.4044 0.5541 69.8653 2.4826 127.7822 2.3750 -9.9966 0.6325 -8.7721 0.8336 111.5446 2.5435 151.7635 2.4646 113.0351 2.3599 168.8701 2.8324 47.3925 2.4443
3812 165.9553 0.4417 70.1826 2.4697 129.3339 2.5238 -9.9188 1.2142 -8.6723 0.8563 112.1059 2.5913 150.6049 2.4862 113.9462 2.3235 168.7721 2.8346 47.9418 2.4729
3813 166.3044 0.6270 70.5699 2.4793 130.7832 2.2723 -10.0056 1.9410 -8.3992 0.8050 112.7810 2.5857 149.8444 2.6660 115.4747 2.2297 168.8157 2.7164 48.0901 2.4365
3814 166.0524 0.6757 70.8989 2.5820 132.0366 2.5068 -10.1080 2.4083 -8.2504 0.5763 113.1551 2.4829 148.7950 2.3568 116.6755 2.4718 169.1194 2.8558 47.9625 2.5065
3815 166.3044 0.7668 71.1730 2.7145 133.4009 2.4643 -9.8967 3.0543 -7.8871 0.2777 113.5867 2.6028 147.4896 2.3429 117.8508 2.5313 169.5588 3.0214 48.1742 2.5575
3816 167.0495 1.1164 72.0082 2.5466 134.7593 2.2317 -9.5864 3.4647 -7.4541 0.2438 113.8776 2.5892 146.3362 2.1853 119.2595 2.4674 169.7837 2.7388 48.0483 2.5553
3817 167.4961 1.3147 72.7067 2.4102 136.1799 2.4289 -9.3518 3.8360 -7.4978 0.0221 114.3039 2.4749 145.2323 2.2493 120.5940 2.4607 170.1154 2.9904 47.9071 2.5596
3818 167.8734 1.3356 73.5670 2.4970 137.3304 2.4444 -8.9466 4.0274 -7.3807 -0.0059 114.3180 2.5090 143.8866 2.4651 121.4930 2.3715 170.4565 2.9795 47.5101 2.5792
3819 168.3686 1.4901 74.4225 2.4849 138.8254 2.6241 -8.5699 4.3674 -7.6430 0.1440 114.5146 2.4358 142.4045 2.4588 122.8514 2.3621 170.9007 3.1478 47.1799 2.5560
3820 169.0424 2.0119 75.2428 2.5366 140.2806 2.5188 -8.5409 4.3893 -7.9012 -0.0545 114.6271 2.5549 141.0996 2.5363 123.6733 2.4552 171.0946 3.1318 46.4261 2.5584
3821 169.2428 2.5208 75.8807 2.5873 141.4096 2.6601 -8.5917 4.1124 -7.9402 -0.0504 114.2844 2.5257 139.7312 2.6211 124.6543 2.5596 171.2877 3.3431 45.9252 2.5180
3822 169.5326 2.7479 77.0119 2.5237 142.6374 2.6090 -8.1425 4.1214 -8.2873 -0.0868 114.0959 2.5477 138.4817 2.5886 126.0744 2.4983 171.2749 3.2905 45.5657 2.6075
3823 170.1535 3.0173 78.2960 2.6643 144.2502 2.6608 -8.0554 4.1643 -8.5476 -0.2610 113.7857 2.4790 137.4232 2.3337 127.0928 2.6842 171.1729 3.2331 45.3529 2.6154
3824 169.9470 3.1474 79.5135 2.4715 145.5624 2.6741 -7.4893 4.0176 -8.6642 -0.3356 113.3371 2.5488 136.3600 2.4834 127.8875 2.6507 171.0757 3.0553 44.8764 2.5290
3825 169.6813 3.5381 80.3801 2.3082 146.6495 2.6129 -7.6944 3.8015 -9.1370 -0.3799 112.6863 2.5425 134.7447 2.4531 128.7331 2.5791 170.8709 3.1466 44.5652 2.5605
3826 169.8994 3.8184 81.6381 2.6469 147.6972 2.8291 -7.3374 3.6740 -8.8354 -0.4000 111.7334 2.6955 133.3897 2.4210 129.3381 2.4544 170.4378 3.1498 44.2104 2.4734
3827 169.6338 4.0167 82.5903 2.3597 148.8314 2.8930 -7.1283 3.4512 -8.9528 -0.3846 110.5527 2.4853 132.2954 2.6059 129.7563 2.4844 170.1579 3.0332 43.7107 2.4657
3828 169.3857 3.9762 83.0795 2.5842 150.1795 3.0548 -6.9216 3.4959 -8.9022 -0.1914 109.6714 2.4601 130.6945 2.5858 129.9146 2.5301 169.9906 3.0079 43.5132 2.5551
3829 169.5153 4.3494 83.5358 2.4364 151.3459 3.2411 -6.6132 3.3183 -8.7074 0.3707 109.0300 2.4253 129.3939 2.6424 130.2933 2.4833 169.8901 2.7263 43.2236 2.5016
3830 169.5988 4.7053 84.1001 2.4938 153.0576 3.2819 -6.1168 3.5210 -8.5880 0.6775 108.1595 2.5158 127.7339 2.5582 129.9964 2.5456 169.6525 2.3733 43.0214 2.5282
3831 169.5327 4.9595 84.5409 2.4883 153.9427 3.7419 -5.5709 3.7040 -8.4552 0.7796 106.7658 2.6153 126.5111 2.4506 129.7549 2.5567 169.3461 2.4800 43.1781 2.5639
3832 169.6038 4.6663 84.5361 2.4993 155.4412 3.8059 -5.0020 3.8058 -7.5041 0.9758 106.1901 2.5776 125.3152 2.5720 129.3655 2.5489 169.1796 2.3916 43.6773 2.4232
3833 169.2173 4.9934 84.7446 2.5219 156.4721 3.9752 -4.6893 3.8360 -7.2230 1.3187 105.6282 2.4645 123.5796 2.5078 129.2755 2.5500 169.0403 2.5348 44.2327 2.4994
3834 169.2946 5.3987 84.7337 2.5345 157.2522 3.9855 -4.4407 3.6972 -6.2869 1.3817 104.8396 2.4561 122.2346 2.3315 128.9144 2.5760 168.7636 3.3560 44.9603 2.4697
3835 169.2422 5.6804 84.4175 2.5001 158.2115 3.9281 -4.1451 3.3985 -5.7161 1.5909 103.9903 2.4074 120.7516 2.4260 128.3924 2.4760 168.3924 3.3754 45.1154 2.4595
3836 169.4774 5.7971 84.7283 2.5012 158.8947 4.0384 -3.8923 3.2996 -5.2192 1.4711 103.5083 2.4682 119.4559 2.3228 127.7953 2.5337 168.1064 4.1555 45.7942 2.4391
3837 169.2494 5.9150 84.7871 2.5966 159.9289 4.5751 -3.5019 3.1347 -4.6167 1.6307 103.1568 2.6196 118.2420 2.5763 126.8188 2.6243 167.8953 4.2709 46.1826 2.4165
3838 168.9885 5.8664 84.2809 2.5199 161.2679 4.7165 -2.4388 3.3036 -3.9669 1.8543 103.3536 2.5634 116.6918 2.4794 125.7974 2.6730 167.1348 4.2276 46.7385 2.5486
3839 168.8262 6.0038 83.7452 2.4303 162.5281 4.8662 -1.8498 3.1114 -3.0797 1.3581 103.3287 2.5552 115.3812 2.5084 124.7442 2.5882 166.6471 4.2180 47.7466 2.6272
3840 168.0549 5.8104 83.3933 2.5055 162.7468 5.2585 -1.1911 2.6515 -2.5032 1.3526 103.4019 2.4691 113.8869 2.2844 123.8415 2.5651 166.6883 4.0117 49.0075 2.6201
3841 168.2335 6.0453 82.9356 2.5043 163.9494 5.1784 -0.4231 2.0033 -1.4733 1.3300 103.3363 2.5217 112.2743 2.5258 122.4046 2.5671 166.2394 3.7008 50.1310 2.5421
3842 168.3887 5.7776 81.7365 2.5570 164.5358 5.1000 -0.0387 1.7743 -1.1126 1.2975 103.5818 2.4448 110.9451 2.4175 120.9373 2.5802 166.1631 3.4784 51.0469 2.5527
3843 168.3957 5.4249 80.7890 2.4450 165.1655 5.2030 0.7318 1.5583 -0.2417 1.1855 103.8792 2.5222 109.2746 2.3381 119.6553 2.4607 166.2961 3.6482 52.3125 2.3957
3844 168.2829 5.1720 79.5640 2.5268 165.5899 5.3245 1.6470 1.5131 0.3333 1.1629 104.1457 2.5281 107.8236 2.3457 118.2229 2.4261 165.9425 3.6352 53.3141 2.5369
3845 168.1897 5.0571 78.4936 2.4090 166.1638 5.7667 2.7463 1.4920 1.1412 1.1895 104.3729 2.4105 106.5707 2.6054 117.1557 2.4897 166.2131 3.9830 54.4571 2.5228
3846 168.1776 5.2446 77.3247 2.3644 166.1256 5.7571 3.3545 1.5537 2.1671 1.1201 104.9496 2.4655 105.4659 2.2481 115.4502 2.5652 166.1746 4.0116 55.7857 2.7800
3847 168.5445 5.1850 75.9960 2.5620 166.9260 5.6128 4.6655 1.4613 2.7873 1.4000 105.8241 2.4344 103.9322 2.4339 113.8374 2.5485 166.6246 3.9047 57.0829 2.5059
3848 168.8147 5.1431 74.7756 2.6022 167.2231 5.5282 5.8385 1.6726 3.9182 1.6356 106.9201 2.4687 102.7621 2.5071 112.5500 2.6345 166.7977 4.0788 58.1190 2.3490
3849 169.1158 5.0470 73.4493 2.5165 167.6752 5.5711 7.0363 1.6962 4.8735 1.6005 107.9030 2.4056 101.3430 2.5326 111.1609 2.3989 166.8063 3.9171 59.4348 2.4289
3850 169.0766 5.0775 72.4658 2.6186 168.4138 5.6587 8.3435 1.7839 6.1900 1.9070 109.1876 2.4394 100.0940 2.7400 109.8577 2.4795 167.1384 3.8272 60.1444 2.4773
3851 169.6318 4.6235 71.0766 2.5178 168.5099 5.6419 9.4363 1.7435 7.1257 2.1144 109.9313 2.4583 98.9383 2.5899 108.2955 2.5373 166.8708 3.8032 60.7771 2.5211
3852 169.7891 4.6759 70.2880 2.4806 169.3700 5.3907 10.7736 2.0216 8.2867 2.3837 111.4204 2.4485 98.0628 2.5922 106.8807 2.4594 166.8575 4.0452 61.7311 2.4084
3853 170.1300 4.7433 69.0167 2.4345 169.7010 5.1883 12.0194 2.1162 9.7550 2.4522 112.5988 2.6212 97.4045 2.6059 105.0759 2.4935 166.9317 4.4146 62.3845 2.5413
3854 170.3652 4.5100 68.1309 2.5114 169.7768 4.6814 13.3703 2.3431 11.0129 2.6829 114.3105 2.6437 96.6787 2.4577 103.9658 2.5609 167.4098 5.0132 63.1477 2.5030
3855 170.2456 4.3855 67.4877 2.6553 169.7446 4.2940 14.6468 2.4707 12.0797 2.7438 115.6289 2.3702 95.8070 2.3517 102.5599 2.6951 167.4382 5.4229 63.7327 2.6231
3856 170.1087 4.1750 66.6149 2.5100 170.0990 3.9150 16.0971 2.5076 13.2641 2.5841 116.9232 2.2817 95.3450 2.3919 101.0283 2.6156 167.3975 5.3844 63.8332 2.5499
3857 170.0141 3.9096 65.4304 2.5172 170.4473 3.7127 17.8516 2.3266 14.6800 2.3439 118.3395 2.4845 95.0852 2.4432 100.0019 2.4094 167.5467 5.3914 63.9288 2.4561
3858 169.7446 3.7750 64.9980 2.4527 170.4307 3.7321 18.5674 2.6301 15.7916 2.3947 119.3477 2.5401 94.4431 2.5260 98.4846 2.5208 167.8539 5.4818 63.6165 2.5379
3859 169.6970 3.6522 64.4373 2.4451 170.4741 3.4081 19.9980 2.5878 17.0867 2.5630 120.3490 2.4888 94.4952 2.4474 97.2405 2.4665 168.2963 5.3513 63.5824 2.4397
3860 169.6034 3.2629 64.1148 2.3945 170.6688 3.2358 21.3370 2.5321 18.6414 2.4354 120.8195 2.4850 94.1955 2.4816 95.8275 2.4546 168.5155 5.3280 63.5973 2.5395
3861 169.4736 3.0783 64.0833 2.5175 170.4675 2.8409 22.6239 2.4629 19.6954 2.8409 121.6692 2.6525 93.7007 2.5708 94.3823 2.5710 168.8644 5.3137 62.9914 2.5584
3862 169.8829 2.6162 63.6429 2.4549 170.4992 2.6793 23.9209 2.4962 20.2963 2.7056 122.4432 2.6561 93.5943 2.5302 92.6302 2.6398 168.9613 5.2425 62.4707 2.3623
3863 170.2713 2.2397 63.3711 2.4638 170.5538 2.4709 25.0735 2.4602 21.5027 2.4690 122.8285 2.5609 93.8074 2.5465 91.4128 2.5145 169.3446 5.0638 62.1278 2.5027
3864 170.4590 2.0889 63.3833 2.5468 170.5181 1.9657 26.0632 2.4269 23.0666 2.3685 123.1925 2.3992 94.1042 2.5497 89.9071 2.4209 169.4601 4.9735 61.4781 2.4705
3865 170.4550 2.1278 63.5753 2.5519 170.1624 1.6793 27.3668 2.6682 24.5060 2.5101 123.2096 2.4518 94.5201 2.4824 88.8197 2.4534 170.0375 4.7141 61.3277 2.4995
3866 170.4658 1.9696 64.1351 2.6008 170.0670 1.8292 29.0275 2.4284 25.6844 2.6502 123.1999 2.5202 95.0306 2.5681 87.0399 2.3526 170.4446 4.7272 61.1229 2.5109
3867 170.5944 1.7978 64.5597 2.5713 170.5135 2.1835 30.1129 2.4356 26.9796 2.6975 123.5899 2.5037 95.6771 2.3553 85.9759 2.4813 170.4208 4.2254 60.7331 2.5072
3868 170.8977 1.8346 64.6237 2.5217 171.1456 1.9630 31.5706 2.6084 28.1632 2.4481 123.7495 2.5042 96.4112 2.3956 84.5744 2.4356 170.3040 4.4014 60.5147 2.3892
3869 170.8689 1.6058 64.8387 2.5064 171.2467 2.1184 32.8259 2.4715 29.3145 2.5732 123.7570 2.5391 96.6599 2.6196 83.3784 2.2304 170.0516 4.1594 60.0990 2.5654
3870 170.8641 1.5641 65.4504 2.6043 170.9659 1.4479 33.9120 2.3334 30.4185 2.6249 123.8625 2.4923 96.8041 2.5515 82.4097 2.4804 169.9538 4.6921 59.8370 2.5795
3871 171.0851 1.6600 65.9572 2.4649 170.8140 1.0178 35.2222 2.5033 31.8019 2.5089 123.4817 2.5833 97.0202 2.4984 80.8630 2.2711 169.6410 4.7895 59.3780 2.5132
3872 170.9493 1.3424 66.1929 2.4995 170.7451 0.8028 36.9587 2.6801 32.6752 2.4644 123.1856 2.6192 97.9089 2.5154 79.6273 2.4221 169.4731 5.0790 58.8399 2.5574
3873 171.2261 1.4654 67.3304 2.5501 170.4867 1.0517 38.5336 2.5063 33.2234 2.5432 122.2958 2.5912 98.5713 2.4875 78.2481 2.3075 169.3633 5.0587 58.2369 2.4874
3874 171.3630 1.1759 68.3683 2.4382 170.2365 1.0924 39.9029 2.3295 34.1141 2.4804 121.7679 2.5634 98.8606 2.6093 76.6825 2.3763 169.1550 5.2986 58.0224 2.5733
3875 171.4071 1.5441 69.0169 2.4470 169.9474 1.0492 41.1762 2.5181 35.2752 2.4358 120.9087 2.3852 99.4136 2.4332 75.4830 2.4464 169.2401 5.8643 57.9111 2.5581
3876 171.3037 1.2536 69.8642 2.5945 169.4516 1.3283 42.3723 2.5833 36.2655 2.3232 120.0001 2.3042 100.0274 2.4121 73.9870 2.6105 168.9746 5.8457 57.5180 2.4787
3877 171.2943 0.9495 70.9698 2.4114 169.5155 1.4241 43.8306 2.3911 37.0317 2.5459 118.9292 2.5471 100.5938 2.5276 72.8427 2.5937 168.7060 5.8275 57.2777 2.4399
3878 170.8613 0.9320 72.5129 2.5856 169.5441 1.8652 44.9006 2.4480 38.1264 2.5797 117.8913 2.5403 100.8720 2.5027 71.0304 2.6786 168.6591 5.7601 57.3045 2.5230
3879 170.6160 0.7023 73.5678 2.4645 169.9455 2.4079 46.1887 2.3426 38.4932 2.5442 116.6572 2.5505 101.2117 2.4882 69.5583 2.4996 168.8227 5.6451 57.5908 2.4778
3880 170.7170 0.6782 75.0094 2.4527 170.1508 2.6032 47.7728 2.4613 38.9235 2.5178 115.4083 2.6450 101.4611 2.5323 68.4297 2.6874 168.6793 5.1497 58.1475 2.5420
3881 170.7731 0.7524 76.4218 2.4781 169.7646 2.8169 49.1121 2.4483 39.1702 2.5193 114.3234 2.6073 101.4465 2.5012 66.9969 2.5703 167.9799 4.6916 58.3215 2.5869
3882 170.7370 0.9102 77.7381 2.5188 169.6599 2.7410 50.4397 2.5832 39.1895 2.4613 113.1448 2.6128 101.0635 2.5570 65.7080 2.5380 167.6338 4.5326 58.9093 2.5133
3883 170.8903 1.2876 78.7534 2.6356 169.5487 2.8984 51.6108 2.4764 39.5576 2.5430 112.1863 2.6135 100.6167 2.5600 64.1401 2.5586 167.5966 4.3905 59.6206 2.5130
3884 171.1887 1.2711 79.6580 2.5746 169.4064 3.4421 52.7010 2.3520 39.7384 2.4333 110.8455 2.3548 100.2414 2.5853 62.6293 2.5858 167.2513 4.2159 60.3089 2.6060
3885 171.1596 1.0820 80.9348 2.5021 169.4480 3.7112 53.3975 2.3544 40.0408 2.4986 109.8865 2.4092 99.9953 2.4688 61.2961 2.4323 166.6336 4.0916 60.9814 2.5258
3886 171.5139 1.2978 81.9280 2.4781 169.8971 4.1701 54.0136 2.5342 39.8776 2.5680 108.6397 2.4521 99.2617 2.4960 59.8988 2.5549 166.1980 4.0758 61.9995 2.4036
3887 171.6740 1.4640 82.7832 2.4795 169.7909 4.6322 54.9528 2.5669 39.4157 2.5662 107.2727 2.5997 98.3886 2.5910 58.5815 2.4607 165.6658 3.7028 62.9883 2.5037
3888 171.4820 1.1880 83.6874 2.4689 170.0354 5.2526 55.8473 2.4831 39.0198 2.3508 106.0171 2.4847 97.6218 2.4144 57.2996 2.3975 165.3280 3.7664 64.3253 2.6090
3889 171.3957 1.3009 83.8602 2.3337 169.9193 4.9957 56.4948 2.5179 38.8818 2.5177 104.3831 2.4784 96.9795 2.5697 55.7149 2.4587 165.2574 3.5708 65.4314 2.6210
3890 171.6076 1.1964 84.3568 2.5217 169.7064 5.5117 57.5037 2.5054 38.0709 2.5857 103.0289 2.4766 95.9776 2.4892 54.0338 2.6086 165.0845 3.3221 66.4986 2.5419
3891 171.2738 1.3506 84.5364 2.4787 169.4671 5.6033 58.1870 2.5460 37.9678 2.5159 101.3982 2.5192 95.2898 2.6310 52.6550 2.3870 164.9420 3.1418 67.9526 2.4864
3892 171.0005 1.3930 84.5599 2.5766 168.8902 5.7818 58.6557 2.5412 37.1922 2.5883 100.2783 2.5773 94.0968 2.5509 51.2508 2.4929 164.9929 2.9468 69.4994 2.4622
3893 171.0090 1.2715 84.6167 2.5071 168.9176 5.3390 59.0306 2.4422 36.1704 2.4846 99.0778 2.3406 93.2146 2.4524 49.9443 2.5305 164.8353 2.3956 70.8606 2.6023
3894 171.1956 0.7199 84.8754 2.4738 168.9672 5.2790 59.0465 2.5238 35.6448 2.4165 97.9238 2.5368 92.1875 2.4312 48.7355 2.4630 164.5069 2.3559 72.2380 2.4015
3895 171.0870 0.3324 85.2398 2.5072 169.2861 5.0047 59.5427 2.4248 34.6992 2.6275 96.6450 2.4750 90.7384 2.6339 47.1551 2.5579 164.3473 2.0110 73.4728 2.6740
3896 171.1508 0.2614 85.2932 2.5627 169.2975 5.2702 59.3554 2.5396 33.6890 2.5585 95.4350 2.2031 89.4898 2.4386 45.8951 2.4431 163.9790 1.7286 74.9688 2.5469
3897 170.8532 0.2921 84.7814 2.5400 169.3385 5.3529 59.4021 2.4727 32.4743 2.3991 94.0717 2.5125 87.9935 2.3014 44.4879 2.4223 163.8607 1.3269 75.8225 2.4016
3898 170.7347 0.2842 84.3884 2.6585 169.4791 4.9833 59.2528 2.4604 31.2492 2.3513 92.7519 2.4451 86.8085 2.5838 43.1956 2.5716 163.9027 0.9565 77.1671 2.4322
3899 170.4424 0.2894 83.8534 2.4362 169.2372 5.0417 58.6485 2.4155 30.1777 2.3462 91.3699 2.4468 85.4835 2.5099 42.1538 2.5855 164.2906 0.5592 78.2270 2.3888
3900 170.2800 0.1550 83.6439 2.4639 169.2115 4.7024 58.0267 2.4885 28.6143 2.5382 89.9025 2.5731 84.1354 2.5296 40.6110 2.5492 164.5854 0.4535 79.3692 2.4441
3901 170.2191 0.4020 82.8758 2.5909 169.5271 4.6201 57.1213 2.6698 27.5096 2.6326 88.3927 2.4361 82.5940 2.4520 39.2410 2.3657 164.8466 0.4611 80.0294 2.4516
3902 170.0320 0.3402 82.4452 2.5025 169.6569 5.0324 56.5107 2.5371 26.2816 2.6287 86.7809 2.5463 81.4786 2.6788 37.7403 2.4141 165.4009 0.4283 80.8715 2.5149
3903 169.9189 0.8189 81.8780 2.5310 169.4480 5.2907 55.8119 2.5440 25.4061 2.5393 85.6010 2.4431 80.2595 2.3896 36.5672 2.6766 165.8329 0.5641 81.4160 2.5274
3904 169.6476 0.6549 81.2543 2.5914 169.4726 5.2366 54.7585 2.4503 24.7983 2.3918 84.2228 2.4408 78.6872 2.6221 35.1175 2.5775 165.9467 0.3109 82.1484 2.7197
3905 169.8034 0.4953 80.1950 2.5767 169.7880 5.4076 53.6075 2.5341 24.1295 2.5409 83.2335 2.3292 77.3269 2.5578 34.2086 2.4282 166.3832 0.6051 82.5456 2.5367
3906 169.9189 0.8843 79.1853 2.4571 170.0653 5.4531 52.9441 2.5186 23.2352 2.5325 81.7644 2.4684 75.8509 2.5512 33.0297 2.3777 166.7568 0.8136 82.9651 2.6106
3907 169.7122 0.5740 78.2911 2.4981 170.1720 5.1696 51.7593 2.4777 22.7175 2.4467 80.5451 2.4610 74.5187 2.5603 31.9192 2.4942 167.1234 1.0148 83.2999 2.4631
3908 169.7511 0.0605 77.2498 2.4393 169.6399 5.3241 50.7553 2.5272 21.9617 2.6127 79.0401 2.4812 73.2991 2.5880 30.8803 2.6319 167.3058 1.5700 83.6039 2.5129
3909 169.5266 0.0384 76.5472 2.3333 169.5339 5.3205 49.8969 2.4894 21.4538 2.5229 77.8570 2.5330 71.8066 2.8341 29.8099 2.4749 167.7119 1.7154 83.5325 2.4876
3910 169.3858 0.0681 76.1017 2.3453 169.1119 5.2747 49.0242 2.4523 21.3583 2.5281 76.2479 2.4987 70.5432 2.6555 29.0770 2.4462 168.1234 1.5551 83.9242 2.5030
3911 168.9553 0.2319 75.9175 2.5378 169.4250 5.5202 48.8269 2.4664 20.5354 2.5607 74.4259 2.3909 68.9056 2.4190 28.0029 2.3619 168.4749 1.5806 83.3415 2.4974
3912 168.2634 0.1311 76.1098 2.4890 169.4951 5.3050 47.9918 2.4888 20.3743 2.5019 73.2016 2.3644 68.0091 2.3722 26.8764 2.3825 168.9327 1.1731 83.2046 2.4758
3913 168.0222 -0.2519 75.7674 2.5062 169.2414 5.3724 47.4555 2.4730 20.4646 2.5037 72.0231 2.5869 67.1926 2.3619 25.9331 2.4297 169.4571 0.9840 82.7647 2.6559
3914 167.5567 0.2353 75.5829 2.5418 168.9447 5.0537 46.6448 2.5409 20.6640 2.4526 70.7948 2.6351 66.1623 2.3995 25.5021 2.3912 169.7378 0.8630 82.3244 2.5017
3915 167.0611 0.6151 75.3315 2.4955 169.1070 4.8818 46.4787 2.5492 21.3521 2.5192 69.7330 2.5515 64.8424 2.4177 24.7495 2.5913 170.2480 0.8393 81.6945 2.4633
3916 166.9817 0.6357 75.4826 2.4502 169.2276 4.5522 46.2490 2.4779 21.6405 2.5080 68.4029 2.3986 63.6957 2.4035 24.3112 2.4395 170.3049 0.5418 80.8166 2.5970
3917 166.7609 0.8763 75.8523 2.3990 169.1155 3.8205 46.3328 2.5057 21.8745 2.5225 66.6543 2.5441 62.6022 2.4224 24.1872 2.4846 170.4927 0.1511 80.4310 2.5134
3918 165.9803 0.8625 75.6012 2.3985 168.6620 3.2473 46.2267 2.4079 22.0129 2.5382 64.9975 2.5752 61.2531 2.4335 24.0078 2.4904 170.4251 0.4465 79.3196 2.5853
3919 165.3776 1.0460 76.1789 2.5173 168.8348 3.0930 46.3083 2.4489 22.5103 2.5258 63.4986 2.5013 59.9670 2.3556 23.6826 2.4285 170.4036 0.3063 78.5464 2.5782
3920 164.9055 1.0391 76.6432 2.6753 168.6124 3.2922 46.5465 2.5036 22.3570 2.5902 61.6174 2.5555 59.4291 2.5091 23.3934 2.4828 170.6306 0.6105 77.4444 2.6074
3921 164.4823 1.2831 77.2457 2.4269 168.4281 3.0289 46.5828 2.4624 22.1202 2.4815 60.1602 2.3148 58.4793 2.4976 23.3590 2.5336 170.6362 0.8489 76.4492 2.6043
3922 163.5843 1.1426 77.4635 2.4377 168.3288 2.8048 46.7454 2.4527 22.1641 2.5258 58.7571 2.2574 57.7036 2.4184 23.4921 2.4952 170.6729 0.7990 75.2451 2.5632
3923 163.0031 1.4317 78.2932 2.3703 168.2927 2.5678 47.4687 2.4403 22.5458 2.6029 57.0592 2.5238 57.2592 2.3917 23.5077 2.5495 170.7763 0.7778 74.1046 2.5530
3924 161.9375 1.7788 78.9192 2.4332 168.2170 2.3946 48.0368 2.5460 22.7843 2.5615 56.0124 2.5093 56.9306 2.4431 23.6881 2.5637 170.7290 0.5218 73.0820 2.3637
3925 161.7947 1.9196 80.1641 2.4616 167.7635 2.4400 48.6962 2.6300 23.1817 2.5501 54.5699 2.4557 56.2390 2.4974 23.9097 2.6269 170.6776 0.4820 71.5841 2.5767
3926 161.3441 2.1790 81.0557 2.3630 167.3741 2.2870 49.7925 2.4846 23.2106 2.6358 53.1624 2.4962 55.7772 2.5244 24.5421 2.5827 170.2442 0.3043 70.1976 2.7132
3927 160.5820 2.4031 81.9921 2.6047 167.1273 2.4759 50.2449 2.6675 23.4281 2.4270 51.6411 2.5245 55.2345 2.5261 25.3710 2.3967 170.3910 0.1079 68.9751 2.4172
3928 160.2025 2.4698 83.0599 2.4062 167.3214 2.3938 51.4063 2.5593 23.3276 2.4751 49.9433 2.5629 54.6251 2.4806 25.9938 2.4642 170.2601 0.0686 67.6265 2.5361
3929 159.6733 2.5483 84.8184 2.5679 167.2977 2.3651 52.8511 2.4974 23.7459 2.5470 48.7577 2.5102 54.1504 2.5055 27.3557 2.6368 170.1326 0.2355 66.3225 2.3488
3930 158.8388 2.7045 85.9545 2.4372 167.1961 2.1480 54.3487 2.3941 23.7825 2.5522 47.6465 2.5965 54.2670 2.4714 28.3139 2.4955 169.8838 0.1259 65.4833 2.4462
3931 158.2101 2.8040 86.9597 2.5727 167.2404 2.3612 56.1874 2.5363 23.6538 2.5006 46.4105 2.5202 54.6582 2.6150 29.4678 2.6067 170.2232 -0.2400 64.5397 2.3325
3932 157.7321 3.0524 88.1752 2.5711 167.1698 2.7043 57.1831 2.4862 23.7084 2.5118 44.8013 2.4283 55.1357 2.5571 31.1147 2.3901 169.9242 -0.4802 63.5531 2.4607
3933 157.0552 3.0051 89.0340 2.5635 166.8545 3.1002 58.4264 2.4894 23.4026 2.3862 43.4762 2.5682 55.5502 2.5535 32.7937 2.2398 169.9023 -0.4895 62.4235 2.5767
3934 156.3079 2.8654 89.6658 2.4347 166.6541 3.5389 59.9057 2.4773 22.5800 2.4102 42.2432 2.5061 55.7496 2.3572 33.6620 2.3792 169.2204 -0.5014 60.7890 2.2656
3935 155.3288 2.8802 90.3037 2.5187 167.1377 3.9764 61.0103 2.4289 22.6657 2.5122 40.5790 2.4266 56.1642 2.5167 34.6196 2.3899 169.4960 -0.5017 59.3545 2.5156
3936 154.4915 2.5827 90.8527 2.6412 167.3039 3.7908 62.1546 2.4637 22.2979 2.4254 38.9794 2.3596 56.6853 2.5193 35.7872 2.6207 169.0930 -0.5995 58.4645 2.6355
3937 153.5954 2.6229 91.4810 2.5220 167.4919 4.2194 63.4235 2.4686 21.4850 2.5173 37.5079 2.3373 57.2983 2.5961 36.9122 2.6062 168.8107 -0.4830 57.5648 2.6089
3938 152.4898 2.4525 91.9699 2.5776 167.7147 4.3912 64.7590 2.4889 20.4516 2.4419 36.1306 2.4720 58.0860 2.5656 37.9176 2.6447 168.9979 -0.8863 56.4192 2.5686
3939 151.4685 2.4122 92.4643 2.5045 167.9859 4.1970 66.1505 2.5495 19.6629 2.2826 34.4835 2.4211 58.7527 2.5056 39.0655 2.5406 168.9447 -1.1343 55.1833 2.3692
3940 150.5325 2.4411 92.5925 2.4905 167.9060 4.3160 67.3753 2.6040 18.9458 2.4170 33.4401 2.3405 59.8225 2.5092 40.2351 2.3695 169.1919 -1.0564 53.7443 2.3322
3941 149.9949 2.4810 92.8676 2.5844 168.1047 4.4849 68.7293 2.6101 18.1505 2.4322 32.0701 2.1638 61.5665 2.3543 40.7351 2.4735 169.4054 -0.9530 52.4477 2.3227
3942 149.6635 2.4433 92.6512 2.4523 168.2498 4.2415 70.1076 2.5314 17.2927 2.5066 30.9414 2.4076 62.9407 2.4554 41.4291 2.4631 169.2579 -0.7815 50.8499 2.4981
3943 148.9851 2.5440 92.4400 2.4533 168.5048 4.4172 71.4015 2.3068 16.1772 2.4492 29.8052 2.4695 64.4326 2.5017 42.3268 2.6105 169.6234 -0.0757 49.7033 2.4749
3944 148.4819 2.5398 92.4652 2.4672 168.7519 4.1451 73.0507 2.4865 15.2554 2.4704 28.3017 2.5271 65.7791 2.4820 42.8412 2.6494 169.6301 0.2182 48.6473 2.5436
3945 148.1914 2.4204 92.2309 2.3728 168.8914 4.0870 74.1207 2.3998 14.5155 2.3622 26.9344 2.3117 66.8974 2.3208 43.2658 2.5591 169.5512 0.9363 47.2740 2.4514
3946 148.4809 2.5008 91.9173 2.4785 169.0613 3.5164 75.4274 2.4280 14.0762 2.5555 25.8444 2.4950 67.7031 2.5218 43.7577 2.5897 169.6692 1.2856 45.9453 2.5316
3947 148.1977 2.5405 91.4379 2.4414 169.0412 3.3304 76.5504 2.4772 13.2434 2.6280 24.7162 2.4038 68.8930 2.6330 44.2287 2.5160 169.5177 1.6655 44.5368 2.6217
3948 148.1487 2.5124 90.9226 2.6500 168.9208 3.1953 77.6097 2.5523 12.6959 2.5670 23.2980 2.4407 69.9668 2.4488 44.3367 2.4666 169.2867 1.7664 43.4437 2.5801
3949 148.2446 2.5300 90.4714 2.5463 169.1024 2.8229 78.0986 2.5123 12.0116 2.3997 22.2019 2.5578 70.7565 2.5317 44.0697 2.5412 169.5899 1.8655 41.8150 2.3962
3950 148.7460 2.5467 89.8589 2.4695 169.1173 2.5453 78.6238 2.5039 11.5929 2.6169 20.6096 2.5575 72.0830 2.3879 44.2169 2.4503 169.5218 1.4314 40.8680 2.3548
3951 149.5385 2.4978 88.7401 2.3620 169.3563 1.9301 78.9554 2.5175 11.2105 2.5021 19.1969 2.4829 73.0487 2.6300 43.6846 2.5808 169.4542 1.4398 39.5862 2.3174
3952 149.7459 2.4664 87.5249 2.5111 169.2570 1.6304 79.2177 2.4776 10.2642 2.5039 17.6461 2.3537 73.9922 2.5992 43.4610 2.4166 169.2925 1.7534 38.3261 2.4399
3953 150.1871 2.5742 86.7533 2.2335 168.8992 1.4985 79.5874 2.5039 9.8682 2.4335 16.3129 2.4785 74.2312 2.4429 43.2821 2.4262 169.3306 1.7060 36.9000 2.3364
3954 150.7903 2.5071 85.7235 2.4339 168.5484 0.9335 80.0231 2.4797 9.3886 2.4586 14.9441 2.5328 74.5816 2.5105 42.8378 2.4112 169.6171 1.6661 35.3855 2.3453
3955 150.7829 2.5598 84.5476 2.5038 168.1545 0.4531 80.3751 2.5130 9.1996 2.6048 13.9151 2.4921 75.1545 2.5345 42.4273 2.6002 169.8421 1.8278 34.1720 2.4621
3956 151.4592 2.5559 83.2264 2.2713 168.1039 0.2021 80.6938 2.5791 9.4308 2.5349 12.3710 2.4214 75.8510 2.5635 41.9907 2.4818 169.4130 2.3352 33.0513 2.4514
3957 151.6591 2.4252 82.3240 2.2863 167.7816 0.1375 80.9491 2.5268 9.5838 2.4519 10.6922 2.7045 76.2303 2.5749 41.3044 2.4469 169.2354 2.8900 31.8170 2.5795
3958 152.2285 2.4209 80.7987 2.4872 166.9805 -0.2694 80.7801 2.5220 10.0947 2.5276 9.1053 2.8213 76.2961 2.5391 40.1854 2.4398 169.1317 3.3846 30.5857 2.4519
3959 152.6546 2.5879 79.4091 2.5026 166.6187 0.0443 80.7376 2.4595 10.5595 2.4020 7.5701 2.5507 76.3081 2.5591 39.2723 2.4254 168.9556 3.3637 29.0388 2.5877
3960 153.2690 2.6894 77.8218 2.4556 166.6154 0.1719 80.8083 2.4587 11.4597 2.5138 6.3860 2.6586 76.4079 2.3947 38.4844 2.4117 168.8895 3.2088 27.3127 2.4290
3961 153.8827 2.5507 76.7801 2.6621 166.4061 -0.0836 80.2533 2.3292 11.8941 2.6265 4.7611 2.2798 76.4108 2.4804 37.7447 2.5003 169.2938 3.6035 25.8303 2.5074
3962 154.2126 2.4902 75.9458 2.5855 166.6604 -0.0710 79.8086 2.5526 12.9073 2.5328 3.2667 2.4475 76.0184 2.5335 36.3682 2.4337 169.1381 3.6879 24.4042 2.5862
3963 154.7063 2.5712 74.8382 2.5771 166.7185 -0.2026 79.0684 2.3198 13.9936 2.6724 2.1488 2.0005 75.7967 2.5485 34.7089 2.5925 169.7909 3.5625 23.0158 2.4942
3964 154.8220 2.3382 73.4976 2.8261 166.5344 -0.5704 78.5065 2.4228 15.0091 2.5497 1.1468 2.1213 75.2276 2.4144 33.6810 2.6101 170.2028 3.5480 21.6349 2.5499
3965 154.5729 2.4712 72.6097 2.5054 166.2971 -0.1092 78.1698 2.4111 16.2058 2.6467 -0.1267 2.0949 74.9234 2.5206 32.5035 2.3847 170.3818 3.3920 20.1926 2.5528
3966 154.4228 2.2758 71.3658 2.4176 166.3321 -0.1334 77.1440 2.5646 17.4073 2.3749 -1.0232 1.6732 74.3261 2.4546 31.5556 2.5079 170.6046 3.2829 19.3508 2.4722
3967 154.0639 2.3789 69.8338 2.4073 166.3765 0.0010 75.6034 2.4940 18.7253 2.4627 -1.5923 1.4549 73.4015 2.4526 30.3458 2.2088 170.7591 2.9969 17.8149 2.3650
3968 153.7309 2.3961 68.8053 2.7200 166.3172 0.0320 74.7280 2.3302 20.0944 2.5311 -2.3965 1.5863 72.4311 2.3383 29.3732 2.4360 170.6073 3.0529 16.2507 2.5847
3969 153.4450 2.3534 67.5942 2.5009 166.4254 0.5174 73.4426 2.5627 21.5358 2.5032 -3.6408 1.0991 71.5103 2.4507 28.0510 2.3219 170.8124 3.0732 14.9942 2.4463
3970 152.8000 2.6181 65.8659 2.4696 166.6447 0.7503 72.6049 2.4581 22.4769 2.4771 -4.5578 0.7703 70.8262 2.5007 26.9144 2.3089 170.9743 2.7687 13.3374 2.5088
3971 152.0101 2.5359 64.7774 2.5884 166.6261 0.8074 71.3710 2.4499 24.0822 2.4592 -5.6803 0.5517 69.8620 2.5773 25.3288 2.3664 171.2449 2.5997 11.9649 2.5222
3972 151.0914 2.3941 63.5686 2.5542 166.5583 0.5770 70.3507 2.5819 25.6046 2.6088 -6.0678 0.6261 68.3046 2.3816 24.2392 2.4568 171.2520 3.1511 10.6672 2.6025
3973 150.0458 2.3129 62.4654 2.3481 167.0602 0.7248 68.8513 2.5597 27.2220 2.5178 -7.0957 0.4357 67.4170 2.3158 22.8405 2.5562 171.3356 3.5305 9.2930 2.5323
3974 148.9374 2.3522 60.9082 2.2766 167.4385 0.8154 67.3304 2.4518 28.4648 2.4621 -7.1761 0.4300 65.9501 2.4235 21.6101 2.5168 170.8020 3.6126 8.3002 2.5821
3975 147.9193 2.4642 59.7304 2.5050 167.5521 0.5617 66.1315 2.4319 29.8912 2.4546 -7.6930 0.2276 64.8505 2.4608 19.9734 2.4941 170.8779 3.5477 7.3283 2.9894
3976 147.1295 2.6344 58.2360 2.6112 168.0004 0.5400 64.9843 2.6417 31.3080 2.3535 -8.2990 0.4504 63.0134 2.6656 18.8453 2.4734 170.9289 3.4983 6.3766 3.3483
3977 145.9357 2.5225 56.6434 2.6140 168.1409 0.3878 63.7588 2.6061 32.8978 2.4562 -8.6477 0.2891 61.7119 2.4711 17.4001 2.5541 170.6675 3.6385 5.3835 3.8054
3978 144.7736 2.5087 55.5622 2.5818 168.2823 0.4238 62.5443 2.6087 34.1318 2.5271 -8.6712 0.7492 60.6315 2.3712 16.0303 2.4044 170.6821 4.0775 4.1669 3.8151
3979 143.3658 2.5076 54.1227 2.5018 168.0367 -0.0139 61.3149 2.5134 35.1947 2.5779 -8.7862 0.8644 59.3019 2.5617 15.0588 2.3142 170.2049 4.2491 3.6276 3.7547
3980 141.6835 2.5644 52.9896 2.4631 168.2956 -0.3260 59.7465 2.6854 36.8959 2.4212 -8.7180 1.0473 57.9630 2.6450 14.2060 2.6065 170.1320 3.9940 2.7463 3.9638
3981 140.7236 2.6336 51.6686 2.5699 168.2499 -0.1924 58.2702 2.5816 38.4424 2.4970 -8.8990 1.4121 56.7823 2.5492 13.3305 2.5886 169.8081 3.8978 1.8744 3.8087
3982 139.2611 2.7628 50.6069 2.5856 168.2547 0.0137 57.1830 2.5641 39.7206 2.2739 -8.6032 1.8289 55.4571 2.4961 12.4455 2.6049 169.6928 3.8548 1.2792 3.5564
3983 137.8647 2.5561 49.2276 2.4447 168.4011 0.5279 55.9995 2.5124 41.3311 2.5372 -8.6116 2.1080 54.1370 2.3760 11.0807 2.4809 169.4753 4.0869 0.3540 3.5159
3984 136.5614 2.5582 47.9859 2.5137 168.2678 0.4516 54.9547 2.4745 42.8046 2.6228 -8.4172 2.4155 52.6200 2.3750 10.2598 2.4961 169.3423 4.1276 0.0920 3.7041
3985 135.1007 2.6545 46.7635 2.5626 168.7907 0.4665 53.8554 2.5473 44.1960 2.5281 -7.9595 2.6125 51.1167 2.2226 9.3107 2.3778 169.5130 4.5013 -0.3224 3.7414
3986 133.8816 2.6429 45.6368 2.4123 168.2428 0.2150 52.4485 2.5479 45.3605 2.6633 -8.0470 2.8511 50.2824 2.2427 8.7573 2.5369 169.4826 4.5386 -0.6573 3.9934
3987 132.8007 2.4042 44.2484 2.4083 168.5954 0.0584 51.1079 2.5607 46.6930 2.5346 -7.6970 3.0708 49.1003 2.3669 8.2190 2.4905 169.6892 4.5653 -1.1982 4.0885
3988 132.1413 2.3602 43.0840 2.4871 168.4980 0.0668 49.7489 2.3741 47.9549 2.5472 -7.4370 2.6918 47.9122 2.4958 8.1375 2.5265 169.9413 4.9876 -1.4730 3.9972
3989 131.5213 2.5115 41.7246 2.4820 168.5089 0.0933 48.6758 2.4528 49.0452 2.4390 -7.1082 2.9779 46.7298 2.6207 7.8817 2.5266 170.1504 4.9615 -1.3854 3.9592
3990 130.8166 2.4317 40.6195 2.5725 168.4442 -0.2855 47.3210 2.6170 50.4092 2.3179 -6.8749 3.1286 45.8575 2.4654 7.6238 2.5335 170.4201 4.7964 -0.5576 3.6729
3991 130.2785 2.5174 39.3576 2.5866 168.6036 -0.3813 45.5593 2.5366 51.5089 2.4416 -7.1079 3.2145 44.6142 2.5035 7.4518 2.4773 169.8940 4.5228 -0.1111 3.4505
3992 129.7300 2.5209 37.9165 2.6322 168.3957 -0.1298 44.4283 2.6064 52.8375 2.5819 -6.6647 3.3944 43.6376 2.5322 7.7820 2.4733 169.8141 3.6336 -0.0187 3.6050
3993 129.1651 2.4152 36.5982 2.5999 168.1186 0.1705 43.3038 2.5979 54.0359 2.2903 -6.3521 3.3444 42.9840 2.4382 7.5836 2.4569 169.5344 3.4022 0.6092 3.7453
3994 128.7769 2.4155 35.4642 2.3729 167.6054 0.2972 42.0099 2.6455 55.3225 2.4672 -6.4952 3.0956 42.6370 2.4537 7.8909 2.4349 169.3500 3.5105 1.0339 3.7358
3995 128.1960 2.4760 34.1884 2.3011 167.8100 0.4998 40.5552 2.3474 56.5594 2.3978 -6.1761 2.9475 42.1762 2.4221 8.2781 2.5232 168.8105 3.5227 1.5760 3.6382
3996 127.4859 2.4382 32.7729 2.3856 167.9519 0.4865 39.0277 2.7231 57.7568 2.4586 -5.9334 2.6563 42.0343 2.5096 8.8078 2.4914 168.3719 3.5879 2.2590 3.7796
3997 127.1379 2.5056 31.4224 2.4650 167.9363 0.5611 37.5809 2.4395 58.8311 2.5680 -5.8815 2.6219 41.6117 2.5503 9.2990 2.4570 168.0475 3.6524 3.0173 3.3601
3998 127.1081 2.4429 30.1781 2.5125 167.7459 0.8853 36.1096 2.4964 60.0991 2.3170 -6.0713 2.2836 41.3906 2.5008 9.6652 2.5488 168.0233 3.4668 3.9255 3.4316
3999 127.7871 2.4651 28.7998 2.3730 167.9580 0.5733 34.7848 2.4999 61.4858 2.2615 -6.1167 2.1563 41.3579 2.4667 10.4568 2.4402 167.4140 3.8060 4.7106 3.3747
4000 127.9694 2.5085 27.2425 2.4864 168.3759 0.6775 33.7512 2.3218 62.6825 2.3017 -6.3360 1.8753 41.6228 2.5107 11.1684 2.3435 166.7475 3.8788 5.9473 3.2673
4001 127.9448 2.5189 26.0692 2.5402 168.4082 0.6955 32.8993 2.4859 63.9672 2.3086 -6.6097 1.4820 41.9907 2.4930 12.2708 2.4258 166.7082 3.9636 6.8708 3.4721
4002 128.2133 2.3817 24.5473 2.4412 168.4602 0.5081 31.8129 2.5865 65.1158 2.5977 -6.4817 1.8347 42.2071 2.5486 13.2538 2.2914 166.6216 3.8336 8.1594 3.4065
4003 128.3791 2.4294 23.5924 2.4703 168.4783 0.5938 30.8849 2.5260 66.5260 2.6139 -6.2485 1.7710 42.9090 2.4736 14.6993 2.4513 166.5924 3.9967 9.3756 3.0122
4004 129.4640 2.2989 22.2363 2.4052 168.5060 0.7486 30.3957 2.5493 67.8912 2.8107 -6.1681 1.1387 43.1990 2.6460 16.4298 2.3815 166.5067 4.3037 10.1744 3.1316
4005 130.5105 2.5581 20.9079 2.5968 168.2502 0.7772 29.8561 2.5666 69.4984 2.4576 -6.2133 0.6233 43.6634 2.5850 17.8429 2.3563 166.6588 4.0538 11.2737 2.7648
4006 131.2195 2.4301 20.0201 2.5923 168.4429 0.6343 29.5229 2.5999 71.2500 2.7280 -6.3010 0.1409 44.5352 2.4766 18.8650 2.4085 166.5320 4.1416 12.5488 2.8138
4007 132.2480 2.3125 18.1997 2.6078 168.3308 0.7608 28.7921 2.3824 72.4389 2.7325 -6.5365 -0.1536 45.6705 2.4568 20.5794 2.3260 166.4654 3.8590 13.5353 2.3431
4008 133.5585 2.4243 16.6290 2.3999 168.3303 0.8777 28.6050 2.5713 73.5823 2.6531 -5.9468 0.1087 46.8759 2.5410 21.8789 2.4724 166.4445 3.7460 14.7125 2.5185
4009 134.7419 2.8438 15.0761 2.4374 168.6138 1.1423 28.7667 2.5029 74.7376 2.6716 -5.7588 -0.0276 48.0550 2.4742 23.0910 2.4761 166.2212 3.8605 15.8790 2.4281
4010 135.6158 2.4632 13.8813 2.4223 167.8505 1.4701 28.8284 2.4803 76.1503 2.6016 -6.2641 -0.3286 49.5321 2.5594 24.5235 2.4197 166.1732 3.3999 16.8961 2.5576
4011 136.9396 2.6114 12.4195 2.3607 168.1937 1.8934 28.7326 2.4968 77.7243 2.6499 -6.3216 -0.2411 50.6709 2.4582 25.4936 2.5597 166.1997 3.3389 18.0262 2.6283
4012 138.2857 2.5554 11.4385 2.0882 168.2955 2.2643 28.7207 2.4133 78.7776 2.6196 -6.2822 -0.1011 52.3546 2.5778 26.4430 2.5031 166.1742 3.4412 19.4027 2.5582
4013 139.6624 2.4875 10.0554 1.9438 168.1018 2.5400 29.2335 2.4500 79.6484 2.6216 -6.4997 -0.1580 53.5006 2.4214 27.6649 2.5722 165.9811 3.6494 20.6649 2.3834
4014 140.7869 2.4619 8.8616 1.7886 167.7498 3.1728 29.3403 2.4131 80.2239 2.4925 -6.6750 -0.2993 54.9239 2.3740 28.7414 2.7102 166.5749 3.5305 21.7313 2.5342
4015 141.4245 2.4577 7.9094 1.8845 167.5570 3.3932 29.8285 2.5013 81.2342 2.4145 -7.0032 -0.2126 56.2149 2.4828 29.7404 2.5772 166.5576 3.1927 23.2630 2.6124
4016 142.8269 2.4427 6.6590 1.7379 167.2729 3.0944 30.4553 2.5551 81.7057 2.4906 -6.8654 -0.1756 57.4339 2.4402 31.5063 2.4820 166.6635 2.8507 24.4310 2.6084
4017 143.6072 2.5141 4.9769 1.5812 167.0772 3.5773 30.8205 2.5881 82.3623 2.5729 -6.7684 0.2412 58.6481 2.5777 32.6838 2.4145 167.0558 2.3428 25.9179 2.4048
4018 144.7415 2.7267 3.4569 1.5072 167.0208 3.3472 31.2782 2.2891 82.8414 2.5878 -6.1842 0.7443 59.7621 2.6476 33.6915 2.4715 167.1857 1.9862 27.1436 2.5249
4019 145.5544 2.5038 2.2166 1.2475 167.1878 3.0734 31.7855 2.4612 83.2628 2.5863 -5.6833 1.2131 61.2135 2.5350 35.2762 2.5114 167.6141 1.9472 28.5476 2.4710
4020 146.1519 2.3398 1.2043 1.2100 167.1383 3.1477 32.4729 2.4693 83.4692 2.5433 -5.6348 1.7742 62.5080 2.5506 36.5578 2.5082 167.7332 1.6849 29.9869 2.3021
4021 146.5247 2.4235 -0.4802 1.1144 166.6509 3.2780 33.6208 2.5708 83.8882 2.5800 -5.3530 2.2025 63.6691 2.2757 37.8232 2.4238 168.0496 1.2801 31.3889 2.4561
4022 147.0183 2.5631 -1.5034 0.9440 166.4939 3.4593 34.4287 2.4903 84.0596 2.5104 -4.7922 2.9121 65.1224 2.3233 39.4636 2.5281 168.0523 0.9770 32.6090 2.7041
4023 147.2778 2.5517 -2.2549 0.7274 166.3010 3.9992 34.9958 2.5691 84.0363 2.4858 -5.3284 3.2750 66.4991 2.2970 41.0015 2.5577 168.3221 0.9815 33.9662 2.4521
4024 147.4359 2.5420 -3.1626 0.0874 166.5095 4.4473 35.8144 2.5172 84.2952 2.5007 -4.9330 3.3170 67.7930 2.5146 42.5212 2.4334 168.4963 1.2081 35.4946 2.6029
4025 147.9593 2.4906 -3.7482 -0.0167 166.5471 4.1332 36.4521 2.5016 84.3426 2.4844 -4.9512 3.6815 69.3806 2.4361 44.1581 2.6846 168.8237 1.3456 37.0865 2.6732
4026 148.2478 2.4821 -4.2890 -0.0785 166.6632 4.0451 36.9868 2.4952 84.5383 2.4900 -4.9613 4.0844 70.3777 2.4044 45.6259 2.3596 168.7546 1.3424 38.1907 2.5090
4027 148.0252 2.4336 -4.8699 -0.4668 166.2856 3.9437 37.2483 2.5439 84.6325 2.4995 -5.0331 3.8122 71.4708 2.5441 47.2605 2.3476 168.7033 1.1119 39.3993 2.6351
4028 147.6916 2.4741 -5.1364 -0.9384 165.9083 4.1121 37.8301 2.4479 84.0988 2.4729 -5.0056 3.6902 72.5182 2.6032 48.9505 2.4468 168.7042 0.9892 40.9102 2.5002
4029 147.6313 2.4138 -5.7737 -0.8984 165.8133 3.9865 38.1029 2.4834 84.0521 2.4370 -5.2447 3.5591 73.7995 2.6464 50.4286 2.5529 168.5114 1.4066 42.5184 2.3442
4030 147.4165 2.4093 -6.4672 -0.9533 166.1700 3.4553 37.7765 2.4021 83.3788 2.4589 -5.4185 3.6163 74.4695 2.6111 51.9580 2.3944 168.3102 1.2216 43.7972 2.5110
4031 146.5087 2.6020 -6.8666 -0.9922 166.6680 3.0222 38.0990 2.4597 82.6399 2.5018 -5.4108 3.5261 75.2591 2.4706 53.5627 2.3416 168.0358 1.2194 44.7957 2.4065
4032 145.7370 2.4477 -7.1667 -0.9979 166.5047 2.2558 38.1151 2.5658 82.2124 2.5484 -5.5724 3.4458 75.6746 2.4621 55.2362 2.4303 167.9578 1.3353 45.9940 2.3471
4033 144.7588 2.4673 -7.5105 -1.0188 166.1859 2.1901 38.1012 2.5478 81.6289 2.5800 -5.0562 3.5605 76.1712 2.5870 56.2068 2.4862 167.9550 1.1496 47.4877 2.5160
4034 144.2326 2.4623 -7.4028 -0.9810 165.8872 1.6208 37.8893 2.5278 81.1763 2.4459 -5.4902 3.5275 76.4122 2.5216 57.4884 2.4218 168.0166 0.9023 48.8292 2.5306
4035 143.3559 2.4688 -7.4177 -0.9979 165.8078 1.2218 37.5609 2.5007 80.2518 2.5147 -5.4611 3.8668 76.4388 2.4596 58.7116 2.4131 167.9767 0.8191 50.3423 2.5686
4036 141.9527 2.3495 -7.5799 -0.8834 165.8598 1.2206 36.8693 2.5608 79.2084 2.5721 -5.4806 4.3343 76.5739 2.4957 59.7766 2.3039 167.7725 0.8764 51.5030 2.5222
4037 140.6051 2.3117 -7.4944 -0.7475 166.0492 1.0996 36.3227 2.6079 77.7894 2.4843 -5.1394 4.1720 76.7559 2.5483 60.9293 2.3350 167.5485 0.7895 52.4738 2.3892
4038 139.3589 2.3062 -7.4551 -0.8914 165.5955 0.6385 35.3636 2.6132 76.6412 2.6292 -5.0830 4.4318 76.6612 2.4530 61.8452 2.1833 167.4208 0.7381 53.7596 2.2922
4039 138.1785 2.4558 -7.4454 -1.2900 165.6250 0.4605 34.1609 2.5824 75.3147 2.6114 -5.3362 4.9058 76.4114 2.5373 63.1697 2.2687 166.8565 0.3878 54.7883 2.3417
4040 136.8811 2.6391 -7.3644 -0.9756 165.4937 0.3346 33.1995 2.5493 74.2180 2.5978 -5.4490 5.0148 75.8431 2.4749 64.3474 2.2648 166.5836 0.6886 56.3250 2.3956
4041 135.2849 2.5675 -6.8801 -0.7081 165.5128 0.0185 32.1000 2.4977 73.1383 2.5314 -5.7647 5.1568 75.5594 2.4422 65.1096 2.5448 166.2785 0.5610 57.3582 2.6112
4042 134.0424 2.6545 -6.8423 -0.5568 165.8155 -0.1833 31.1362 2.6222 71.8721 2.6101 -6.0560 5.1573 75.4211 2.5422 65.7927 2.5915 166.1006 0.6700 58.6832 2.5542
4043 132.8874 2.5628 -7.3376 -0.6777 166.2020 -0.2672 29.8490 2.6692 70.7698 2.5038 -6.2079 4.9680 74.7078 2.3666 66.3910 2.3828 165.8492 0.8706 60.0535 2.5863
4044 131.7022 2.4421 -7.2788 -0.5961 166.1668 -0.4783 28.8599 2.5036 69.4323 2.4767 -6.5333 4.9224 73.7707 2.4066 67.2051 2.5133 165.6684 0.9622 61.9444 2.4845
4045 129.9575 2.5971 -7.2924 -0.7464 166.5571 -0.5673 27.3485 2.5781 68.0109 2.7086 -6.4131 4.8359 73.2082 2.4842 67.7271 2.5384 165.7291 1.2702 63.0807 2.5496
4046 128.7484 2.5565 -7.4217 -0.8986 166.5725 -0.5107 26.2689 2.5889 66.2605 2.7695 -6.8321 5.1382 72.2511 2.4563 68.3060 2.4290 166.0168 1.3885 64.1872 2.6839
4047 127.3494 2.4735 -7.3438 -1.1370 166.6269 -0.4984 24.7823 2.5729 64.6864 2.5052 -7.0462 4.9254 71.4327 2.4794 68.6844 2.4555 165.8123 1.9019 65.4656 2.6217
4048 126.3328 2.5546 -7.3005 -0.9604 166.3428 -0.3397 23.9738 2.5664 63.4403 2.4430 -6.9428 4.6443 70.0864 2.4706 68.5360 2.5156 165.8339 1.5852 66.4421 2.5130
4049 124.8174 2.5678 -6.9934 -0.9166 166.5176 -0.1918 22.9737 2.6466 62.0189 2.4264 -7.3294 4.1526 68.9164 2.5522 68.5407 2.5659 165.6870 1.8388 67.9455 2.3157
4050 123.6490 2.5381 -7.0173 -0.5920 166.4043 -0.2737 22.4967 2.5188 60.8684 2.5658 -7.5792 4.2739 67.8053 2.3633 68.6505 2.4941 165.1736 1.9986 69.5456 2.3787
4051 122.8757 2.3957 -6.8581 -0.0171 166.3393 -0.4581 21.9081 2.5640 59.6869 2.4551 -7.3723 3.8860 67.1104 2.5071 68.0937 2.5714 165.0181 2.4910 70.9413 2.3582
4052 121.6271 2.4090 -7.0361 0.4048 165.8684 -0.5697 21.3507 2.4335 58.0427 2.5668 -7.5028 3.6948 66.0333 2.4665 68.0155 2.5138 164.6070 2.9252 72.3464 2.3527
4053 120.9600 2.5725 -7.3681 0.9299 165.7682 0.0211 20.6396 2.4628 56.6629 2.6484 -7.3152 4.0813 64.8361 2.3505 68.0694 2.6056 164.5643 3.2495 73.7169 2.2867
4054 120.2313 2.4231 -7.1676 1.3752 166.0050 0.6344 20.0319 2.5637 55.4303 2.4034 -6.8720 4.3035 63.5292 2.5722 68.0811 2.4657 164.5107 3.2731 74.9942 2.4033
4055 119.6148 2.3842 -6.9298 1.9048 165.8578 0.9983 19.3391 2.3999 54.0889 2.4242 -6.8882 4.8626 62.4965 2.4869 67.2281 2.4887 164.8180 3.4183 76.1777 2.6153
4056 119.1784 2.4380 -6.9305 2.0721 165.6131 0.8971 19.0555 2.4673 53.2899 2.2585 -6.7278 5.0140 61.1487 2.4045 66.4112 2.6422 164.3335 3.1624 77.5176 2.4060
4057 118.8053 2.4241 -6.8381 2.4764 165.1847 1.4306 19.2302 2.5410 51.8197 2.4501 -6.2901 5.0852 59.8922 2.4277 65.8258 2.5284 164.3298 3.1392 78.9805 2.6903
4058 118.5979 2.6187 -6.6417 2.7051 165.4066 1.8279 19.6010 2.4785 50.2390 2.6037 -6.3767 5.2240 58.4574 2.3458 65.3580 2.4567 164.7505 3.0169 80.1236 2.4758
4059 118.1724 2.3931 -6.6686 2.8930 165.4748 2.0687 19.8848 2.6196 48.8767 2.4667 -6.4964 5.4213 57.0522 2.3658 64.2981 2.5244 164.9914 3.0167 81.6512 2.5602
4060 118.1422 2.4289 -6.5067 2.5817 165.0445 1.9925 20.2365 2.5253 47.5243 2.5776 -6.7807 5.3375 55.6048 2.4282 63.1381 2.4785 165.3190 2.7258 82.8918 2.3647
4061 118.1920 2.4525 -6.2354 2.3440 165.2724 1.8246 20.5321 2.4514 46.7510 2.5141 -6.4844 5.0482 54.7041 2.5345 61.9915 2.5398 165.5499 2.6085 84.0955 2.3555
4062 118.1553 2.4985 -6.3537 2.4526 165.2490 1.6891 20.9201 2.5362 45.3712 2.6299 -6.6352 5.3260 53.5971 2.6702 60.5388 2.5524 165.9579 2.4143 85.5125 2.4773
4063 118.2090 2.5296 -6.3217 2.6117 165.2320 1.7400 21.6261 2.5372 44.6360 2.4633 -6.5886 5.2516 52.5541 2.5205 59.2458 2.4474 166.1499 2.2426 86.6899 2.3434
4064 118.6523 2.5393 -6.4993 2.6480 165.7281 1.9312 22.2661 2.5411 43.8339 2.6151 -6.5445 4.9886 51.2231 2.2488 57.8048 2.6332 166.0767 1.8068 88.0693 2.4270
4065 119.0850 2.5584 -6.2689 2.9870 165.8029 1.6361 23.3594 2.5793 42.5318 2.5977 -6.6034 5.0594 51.0610 2.4762 56.0819 2.6448 166.0482 1.5095 89.3703 2.5354
4066 119.6273 2.4720 -6.2252 2.9659 165.7835 1.5437 24.3617 2.4216 41.7663 2.5452 -6.9855 5.0559 50.8931 2.3679 54.4742 2.5856 166.1171 1.6936 90.2914 2.3399
4067 120.1298 2.5071 -6.0962 3.0485 165.9239 1.6619 25.0894 2.3804 40.9899 2.4467 -7.0993 4.5458 50.0248 2.3864 53.6184 2.4670 166.0941 1.6984 90.7437 2.4296
4068 120.6412 2.4906 -6.2039 3.3368 166.1188 1.3391 26.5765 2.6100 39.9294 2.3274 -7.2278 4.8488 49.3493 2.6177 52.1072 2.4512 166.2969 1.9927 91.5152 2.4608
4069 120.9916 2.5102 -6.2804 3.2318 166.0022 1.4301 28.2849 2.5659 39.0647 2.4683 -6.8475 4.5513 48.8492 2.5263 50.5232 2.4566 166.6025 1.7713 92.5507 2.5140
4070 121.8635 2.6368 -6.3299 3.4731 165.5997 1.3226 29.7332 2.4101 38.7430 2.3936 -6.7769 4.1310 48.4550 2.4852 48.8642 2.3623 166.4688 1.5975 92.9321 2.3235
4071 122.5987 2.5257 -6.2308 3.5452 165.2684 1.5380 31.6689 2.2937 38.5568 2.4997 -6.4103 3.6419 48.4156 2.5091 47.3649 2.5094 166.5527 1.5404 93.4263 2.4002
4072 123.2906 2.5427 -6.2781 3.5353 165.2669 1.9909 32.4979 2.5103 37.6503 2.5027 -6.1555 3.3007 48.0839 2.4637 45.9231 2.4488 166.3931 1.7286 93.5524 2.4258
4073 124.2575 2.4357 -6.2582 3.5095 164.8815 2.0217 33.7823 2.4957 37.3974 2.5093 -6.2554 2.6318 47.7220 2.4883 44.3123 2.5609 166.5834 1.7282 93.7697 2.5814
4074 124.7712 2.4800 -6.1771 3.6164 164.8669 2.3937 35.1779 2.5161 37.2267 2.5131 -6.0521 2.6373 47.8319 2.4366 42.7727 2.6101 166.5865 1.9607 93.7412 2.5340
4075 125.3106 2.5535 -6.5328 3.5845 164.8304 2.7901 36.6060 2.4516 37.2022 2.5230 -6.2559 2.9554 48.3021 2.5677 41.0238 2.4306 166.6818 1.9423 93.5752 2.5237
4076 125.7980 2.5763 -6.3229 3.9282 164.6933 2.9758 38.0884 2.6070 37.3162 2.5504 -5.5690 2.9996 49.0179 2.5032 39.6420 2.5840 166.4268 2.1186 93.6624 2.4492
4077 126.1696 2.5780 -6.3629 3.7320 164.6154 3.1084 39.5196 2.7556 37.5127 2.5314 -5.3770 2.7744 49.3018 2.4500 38.3432 2.5021 166.5341 2.2941 93.6614 2.6321
4078 126.6973 2.5476 -6.4857 3.8543 164.9093 3.1909 41.2388 2.5201 37.5559 2.5314 -5.0231 3.0305 50.1566 2.3893 37.0643 2.5483 166.5686 2.6047 93.3163 2.4798
4079 127.2197 2.4909 -6.6175 3.5591 165.0987 3.3560 42.6191 2.6328 38.1566 2.5869 -4.6533 3.1089 50.5474 2.4630 35.5767 2.6694 166.8079 2.5059 92.7665 2.4193
4080 127.3887 2.5029 -6.5677 3.3215 165.2049 3.1494 43.9661 2.3191 38.6579 2.4871 -4.7520 2.9735 51.2312 2.3593 34.3683 2.4392 167.0549 2.3378 92.2971 2.4547
4081 127.1217 2.5287 -6.3823 2.8720 164.7252 2.8858 45.1289 2.3533 39.2479 2.5464 -5.1633 2.5077 51.6683 2.6096 32.6846 2.4436 167.3513 2.4015 91.4203 2.5066
4082 126.9705 2.4505 -6.0831 2.4729 164.5977 2.4470 46.2568 2.6467 39.6006 2.3748 -5.5787 2.0528 52.6880 2.4611 31.5686 2.5015 167.2842 2.4746 90.9378 2.3919
4083 127.1536 2.4641 -6.0542 2.1566 164.7827 2.8415 47.1444 2.5685 40.5700 2.5128 -5.6219 1.8438 53.6347 2.4795 30.0652 2.4989 167.4351 2.4575 90.6182 2.5105
4084 127.1525 2.4608 -6.1742 1.9691 164.8836 3.0729 48.3149 2.4970 41.2831 2.3317 -5.8410 2.0337 54.5920 2.4767 28.7502 2.4315 167.5882 2.5700 89.9815 2.5119
4085 126.9433 2.5419 -6.5645 1.6123 164.8643 3.4183 49.4317 2.4160 42.8711 2.3043 -6.4895 1.1550 56.1914 2.5102 27.3598 2.4596 167.7429 2.7939 89.3930 2.4632
4086 126.5746 2.4842 -6.3428 1.0759 164.7977 3.3615 50.4048 2.4329 43.9517 2.3796 -7.1554 1.0958 57.3439 2.3656 26.0904 2.6563 167.7339 2.3396 88.9889 2.5332
4087 126.0277 2.5125 -6.3258 1.3169 164.9608 3.7399 51.6519 2.2619 45.0758 2.4741 -7.8990 1.1805 58.6014 2.3860 25.3544 2.4945 167.7432 2.3584 88.3869 2.5058
4088 124.6928 2.5448 -6.1642 1.1574 165.3836 3.8073 52.8431 2.2496 46.4440 2.4646 -8.2367 1.2350 59.9233 2.5540 24.7649 2.4289 167.8817 2.3372 87.9839 2.5662
4089 123.6867 2.3326 -6.2887 1.0457 165.5451 3.7484 54.1065 2.3225 47.4195 2.3945 -8.7243 1.5354 61.2547 2.4264 23.9593 2.4745 168.1425 2.3937 87.4439 2.5098
4090 122.5838 2.4475 -5.8417 1.1620 165.7317 3.7759 55.8674 2.2449 48.5184 2.3786 -8.9212 1.3610 62.1259 2.5182 23.2364 2.4873 168.3764 1.9066 87.5762 2.5490
4091 121.6156 2.6181 -6.0430 1.4541 166.1174 4.1262 57.3240 2.5821 49.5197 2.6090 -9.3935 1.8607 63.4562 2.4936 22.4424 2.4175 168.6058 1.5896 87.3496 2.5393
4092 120.4280 2.3665 -6.1729 1.9082 165.8887 4.3698 58.4337 2.5452 50.2063 2.6038 -9.5279 2.6442 64.9960 2.3505 22.0087 2.4486 168.9166 1.4695 87.1772 2.5311
4093 118.8095 2.4865 -6.3507 2.2081 166.0286 4.6988 59.8381 2.6304 51.1476 2.4350 -9.5163 2.9880 66.5289 2.4057 22.0371 2.5082 169.0825 1.5660 87.3719 2.5688
4094 117.3590 2.5636 -6.5526 2.2918 166.3299 4.8091 60.6988 2.5307 52.2239 2.4559 -9.8263 3.5027 67.9013 2.6273 21.4497 2.5266 169.4882 1.7538 87.4032 2.4830
4095 116.1763 2.4686 -6.5200 2.7828 166.8533 5.0572 61.6402 2.6284 52.6688 2.5915 -9.7615 3.6006 69.4884 2.5133 21.3057 2.4681 169.6637 1.6433 87.9023 2.4905
4096 114.8985 2.6191 -6.4220 3.1973 166.7803 4.8358 62.8206 2.3876 52.9516 2.4648 -9.9361 4.1121 70.6846 2.6208 21.2383 2.5347 169.7910 1.1115 88.0655 2.4716
4097 113.5829 2.4737 -6.6741 3.1958 167.0560 4.9819 63.7794 2.4869 53.3969 2.5434 -9.9381 4.4035 71.9011 2.6049 20.9456 2.4711 170.2175 0.6729 88.2670 2.4787
4098 112.6533 2.4010 -7.4078 2.7912 166.9922 4.8865 64.7827 2.4705 53.4799 2.5201 -9.7018 4.5101 73.1210 2.5180 21.1388 2.4648 170.9418 0.4543 88.8741 2.5276
4099 111.0953 2.3640 -7.7681 2.7191 167.3264 4.6946 65.5172 2.5571 53.4066 2.4350 -9.6224 4.7276 74.4065 2.5301 21.3103 2.5335 171.0731 0.6777 89.7551 2.5060
4100 109.6452 2.5674 -8.0082 2.3283 167.3271 4.4290 66.1767 2.5743 53.3422 2.4778 -9.8457 4.6187 75.5058 2.5060 21.6647 2.4024 171.2322 0.4395 90.4787 2.4854
4101 108.3280 2.6134 -8.5780 2.0534 167.8822 4.5081 67.0417 2.5607 53.1104 2.5401 -9.7150 4.6813 77.3748 2.4987 21.8966 2.5453 171.1436 0.1567 91.8186 2.6178
4102 107.0901 2.5282 -8.4078 1.7840 167.7288 4.0224 67.9313 2.3802 52.9532 2.4847 -9.7290 4.6935 78.7215 2.5295 22.3259 2.4203 171.0769 0.0993 92.7106 2.4146
4103 105.5213 2.3197 -8.3134 1.4750 168.0603 3.4441 68.2901 2.4971 52.8929 2.5183 -9.6006 4.9358 79.9559 2.5723 23.2074 2.4473 171.1706 0.5338 93.8049 2.4018
4104 104.0849 2.5028 -8.3217 1.3021 168.3952 3.1902 68.5868 2.5600 53.2163 2.4794 -9.6016 4.8300 81.4406 2.5867 23.9518 2.5411 170.9436 0.4031 94.6503 2.6025
4105 103.0115 2.3047 -8.5342 0.5339 168.2493 2.9152 69.1031 2.4913 53.3030 2.5037 -9.7987 5.0590 82.6976 2.4298 24.3893 2.5908 170.9051 0.7002 95.8007 2.4751
4106 101.3513 2.3746 -8.7332 0.4793 168.4672 2.8756 68.9774 2.5636 53.1207 2.4889 -10.0548 5.0541 84.0180 2.3025 25.6716 2.5352 170.9627 0.8126 97.1735 2.5299
4107 100.4070 2.5122 -8.5016 0.3072 168.3743 2.5103 68.7108 2.4700 52.9526 2.5869 -9.8412 4.8578 85.5814 2.4932 26.6923 2.5585 170.5781 1.1190 98.0380 2.5166
4108 98.9753 2.5633 -8.4640 0.1757 168.3518 2.1977 68.4976 2.5365 52.6596 2.5216 -9.7620 4.7527 86.8738 2.4497 27.7228 2.4749 170.6808 1.2692 99.6799 2.4395
4109 97.6384 2.6779 -8.5434 0.5728 168.0894 1.9643 68.2346 2.4416 52.8889 2.5336 -9.8764 4.5165 88.0355 2.6646 29.0748 2.4679 170.6225 1.4950 101.1460 2.4909
4110 96.5526 2.4267 -8.5081 0.8482 168.2963 1.7397 67.9778 2.4986 52.8661 2.4495 -9.6911 4.9313 89.9197 2.6336 29.8994 2.3502 170.0399 2.0071 102.3344 2.5356
4111 95.4966 2.4612 -8.1011 1.4953 168.0298 1.9403 67.4980 2.4341 52.7186 2.5769 -9.7609 5.1156 91.0447 2.5001 30.6001 2.6970 169.5839 2.4887 103.7033 2.6776
4112 94.8013 2.5669 -8.1939 1.5079 168.1291 1.7040 67.3615 2.4824 52.5328 2.5050 -9.5606 5.1874 92.7426 2.4970 32.1715 2.4486 169.4413 2.5645 105.0660 2.6472
4113 93.9907 2.6437 -8.7015 2.0737 168.1687 1.8406 66.8036 2.4091 52.3165 2.5026 -9.3445 4.8806 94.1141 2.4593 32.3446 2.4880 169.4258 2.8084 106.3479 2.5242
4114 93.3423 2.5586 -8.6797 2.1520 167.6577 2.0447 66.0345 2.4770 52.1106 2.4602 -9.2308 4.7773 95.5019 2.6017 33.1755 2.5803 169.2664 3.0159 107.6572 2.5967
4115 92.9074 2.5403 -8.5039 2.1261 167.5758 1.9845 65.0242 2.3509 52.5419 2.4446 -8.9629 4.4820 96.9140 2.5919 33.7320 2.3958 168.9304 2.9856 109.0550 2.4677
4116 92.6648 2.3810 -8.1647 2.2364 167.4376 2.2392 64.1370 2.3468 52.3137 2.5038 -8.9213 4.2393 98.4290 2.6741 34.5275 2.4669 168.5062 3.1458 110.5555 2.5402
4117 92.1305 2.4714 -7.7784 2.0849 167.5677 1.9471 63.1264 2.3243 52.5998 2.4096 -8.9752 4.1359 99.8219 2.5022 34.7938 2.4701 167.9264 3.1550 111.6488 2.3005
4118 91.7443 2.4514 -7.8284 2.2349 167.4326 1.8743 61.8861 2.3254 52.9513 2.3971 -8.9743 4.1883 100.5849 2.4642 35.4183 2.5208 167.6762 3.2118 112.7668 2.3519
4119 91.4213 2.4882 -7.8954 2.6236 167.4947 1.5804 60.8786 2.3547 53.2418 2.4842 -9.4146 4.1455 101.9837 2.3886 35.7374 2.5999 167.2341 3.2980 113.6491 2.4932
4120 91.2996 2.4785 -7.8734 2.6220 167.2876 1.4333 60.3827 2.3910 54.0977 2.4568 -9.3312 4.4021 103.3820 2.6082 35.6995 2.5701 166.9259 3.2075 114.8617 2.4918
4121 91.3841 2.5683 -7.8212 2.5571 166.9355 1.5387 59.3487 2.2118 54.7332 2.3614 -9.0670 4.1327 105.0112 2.2059 35.6709 2.5080 166.8705 2.9242 115.1980 2.4594
4122 91.2422 2.4762 -7.6454 2.8668 167.3165 1.8984 58.6654 2.6248 55.7400 2.4139 -9.2533 4.1436 106.4551 2.4989 35.4420 2.4629 166.3511 3.0441 115.9436 2.4534
4123 91.7297 2.4783 -7.1014 3.1177 167.2591 1.5964 57.6605 2.5635 56.7560 2.4191 -9.2716 3.9725 107.2194 2.5818 35.1534 2.5545 166.2289 3.0845 116.4378 2.5481
4124 91.9479 2.5282 -6.9935 2.9206 167.1932 1.5620 57.1584 2.4604 57.6912 2.4393 -9.1210 3.8806 108.1261 2.4059 35.0661 2.4924 166.3590 2.9513 116.9979 2.4287
4125 92.4270 2.5339 -6.7082 3.2690 167.1243 1.6799 56.4239 2.4990 58.6802 2.3803 -9.2771 3.5819 108.7997 2.4612 34.7903 2.4250 166.5863 2.6145 117.1837 2.4536
4126 92.9997 2.5956 -6.4864 3.5243 167.6263 1.7398 56.0286 2.3668 59.7815 2.3319 -9.2766 3.6498 110.0370 2.6643 34.4803 2.5416 166.3979 2.3679 117.4046 2.5193
4127 93.5954 2.6339 -5.7086 3.7835 168.0281 2.0601 55.4585 2.4113 61.1599 2.4764 -8.9255 3.7431 111.0469 2.5705 33.6701 2.5354 167.1058 2.1363 117.9623 2.5397
4128 93.9244 2.6367 -4.7898 3.9927 168.1432 2.5798 55.2273 2.5110 62.0830 2.6638 -9.4309 3.6375 112.2156 2.4674 32.8838 2.3596 167.0317 1.8648 118.0265 2.4338
4129 94.6969 2.6262 -3.6456 4.0843 168.1088 3.0150 54.9720 2.4963 63.1023 2.5341 -9.5343 3.4516 112.9962 2.3965 31.9877 2.3966 166.9424 1.8806 117.6934 2.5120
4130 95.3758 2.4184 -2.7115 3.8150 168.0662 2.5549 55.0777 2.4234 64.3632 2.5991 -9.6986 3.3113 113.5001 2.5443 30.7161 2.3900 167.2375 1.7150 117.7135 2.4694
4131 96.3089 2.5676 -1.4086 3.7462 168.3939 2.4161 55.2506 2.5321 65.7553 2.5208 -10.0021 3.3594 114.0222 2.5144 29.6168 2.2063 166.9082 1.8943 117.3045 2.5442
4132 97.3290 2.5033 -0.8176 3.9465 169.0128 2.1794 55.3416 2.5484 67.3534 2.5765 -10.1097 3.4999 114.4784 2.3441 28.6189 2.3976 167.3322 1.9772 116.8828 2.5144
4133 98.4286 2.5382 -0.4515 3.8001 169.2777 1.7382 55.7416 2.4943 68.9092 2.5361 -9.9990 3.5934 115.3615 2.5307 27.1948 2.2884 167.6533 2.1057 116.5378 2.5232
4134 99.5061 2.5304 0.0443 3.9322 169.7799 1.4578 55.8798 2.4421 70.4845 2.4268 -9.7166 3.3624 115.9837 2.3753 26.2265 2.4093 167.9091 2.2755 115.6720 2.3824
4135 100.8590 2.6436 0.4013 3.8589 169.8548 1.2955 56.3153 2.5950 72.0288 2.5422 -9.3038 3.3683 116.6601 2.5454 24.6655 2.5086 168.2590 2.1154 114.9509 2.4239
4136 102.0455 2.6068 0.7375 3.7706 169.6052 1.1331 56.8914 2.6186 73.1702 2.4737 -9.1280 3.4488 117.3356 2.4798 23.1650 2.4353 168.2984 2.0275 113.8100 2.5430
4137 103.7284 2.5626 1.2208 3.4134 169.2858 0.8671 57.3938 2.5020 74.6571 2.4780 -9.1031 3.3748 117.9498 2.5305 21.4150 2.5768 168.6499 2.0096 113.2907 2.4794
4138 104.9668 2.5012 1.1784 3.1044 169.1538 0.6107 58.1892 2.6414 76.1209 2.4136 -9.3054 3.2300 118.5825 2.5372 20.1912 2.4511 168.6952 2.2075 112.4691 2.4937
4139 106.2211 2.7019 1.1414 2.6559 169.1800 0.4271 58.9617 2.5036 77.3553 2.4966 -8.9266 2.9337 119.2366 2.5906 19.0327 2.2848 168.7859 2.5302 111.5364 2.5342
4140 107.5698 2.5883 1.0897 2.3975 168.9859 -0.0742 59.9778 2.6015 78.7549 2.6827 -8.9449 2.6804 119.5798 2.5235 17.4263 2.5550 168.7502 3.1343 110.6353 2.5325
4141 109.0672 2.4386 0.8828 2.2813 168.6606 -0.4092 61.0995 2.4911 80.0048 2.5327 -8.7094 2.4836 119.9097 2.5777 16.0945 2.4669 169.0405 2.9694 109.1587 2.3761
4142 110.9683 2.2404 0.9236 1.9499 168.5140 -0.4622 62.5941 2.3497 81.5392 2.5303 -8.7414 2.2904 120.1362 2.3507 14.4699 2.5186 169.0525 3.7623 107.9513 2.4758
4143 111.8577 2.3007 0.8502 1.6414 168.4336 -0.9292 63.8628 2.4801 82.9633 2.3910 -8.9595 2.5090 120.3379 2.5431 12.7719 2.3779 169.0002 4.1300 106.5007 2.5168
4144 113.2444 2.3944 0.4082 1.3189 167.9427 -0.8265 65.3094 2.3449 84.1762 2.3285 -9.2786 2.3912 120.9517 2.4827 11.2323 2.4387 168.9502 3.7998 105.3099 2.4672
4145 114.9443 2.5276 0.2318 1.0182 168.3388 -0.8849 65.9375 2.5974 85.8083 2.5270 -9.3932 2.2065 121.2291 2.5874 10.0517 2.5774 168.8242 3.9349 103.9094 2.5010
4146 116.2479 2.3985 0.2162 0.7555 168.4419 -0.7069 67.1939 2.5817 86.7522 2.7118 -9.2929 1.4660 121.5703 2.5072 8.7712 2.5300 168.3222 4.1050 102.2777 2.5921
4147 117.8568 2.4399 -0.2350 0.6072 168.4321 -0.9713 68.8321 2.5554 87.6711 2.6711 -9.1578 1.0728 121.8558 2.4947 7.5260 2.6333 168.1544 3.9431 101.3167 2.5312
4148 119.1554 2.4200 -0.6386 0.5642 168.9534 -1.1264 70.0986 2.4244 88.4891 2.4481 -9.1663 0.9120 122.3724 2.4947 6.7146 2.8311 167.8932 3.9209 100.0272 2.5290
4149 120.5805 2.5061 -1.3095 0.6012 168.9106 -1.1974 71.4784 2.4725 89.2626 2.5047 -9.6082 0.7536 122.9848 2.5359 5.5950 2.6823 167.6781 3.8199 98.9008 2.4546
4150 122.0397 2.5901 -1.6642 0.7515 168.5902 -1.2024 72.5968 2.4597 90.0588 2.5674 -9.4341 0.2937 123.3946 2.4881 4.8630 3.0847 167.3859 3.7880 97.5934 2.6721
4151 123.2465 2.6138 -2.1210 0.5157 168.6353 -0.9958 73.7771 2.4915 90.4453 2.5324 -9.4704 -0.0924 123.6867 2.5626 3.7352 3.2690 167.3803 3.5468 96.2070 2.4774
4152 124.4488 2.4039 -2.4909 0.4077 168.5294 -0.9116 74.9116 2.5406 91.0272 2.5655 -9.4189 -0.2579 124.2530 2.4565 3.5267 3.1846 167.2436 3.3768 94.8913 2.6092
4153 125.6245 2.5914 -2.9838 0.7328 168.3845 -0.9183 75.6513 2.5020 91.4958 2.5019 -9.2599 -0.0122 124.9477 2.5980 2.2927 3.2335 167.1803 2.8073 93.3526 2.5672
4154 126.7378 2.4832 -3.5306 1.1243 168.0016 -0.6919 76.1657 2.4703 91.7136 2.5079 -9.0591 -0.2976 125.8475 2.5305 1.8786 3.2354 166.7162 2.3878 91.8642 2.4200
4155 127.7165 2.5633 -4.2817 1.8066 168.1896 -0.4546 77.1411 2.5008 91.5110 2.4853 -8.6245 -0.4535 126.5639 2.5458 0.9873 3.1392 166.4748 2.3405 90.4087 2.5189
4156 128.8855 2.6585 -4.6783 2.0422 168.3123 -0.2742 78.1946 2.5115 91.5448 2.5616 -8.4729 -0.3201 127.9179 2.5561 0.6330 3.2536 166.1691 2.2873 88.9469 2.6056
4157 130.2222 2.6490 -5.4649 2.4448 168.6703 0.2200 78.6137 2.5801 91.1863 2.5753 -8.4905 -0.2341 129.1942 2.5098 0.2926 2.9550 166.0279 2.1200 88.1167 2.6520
4158 131.4104 2.3006 -6.0616 2.6182 168.5361 0.4627 78.8628 2.5328 90.8577 2.6162 -8.5962 -0.0259 130.4890 2.4766 0.2861 3.0998 166.0196 1.9445 87.1437 2.5943
4159 132.9843 2.4503 -6.8176 2.8120 168.8154 0.6450 79.0315 2.5493 90.2458 2.5621 -8.7475 0.1584 131.8274 2.5927 0.1993 3.1746 165.6206 1.8680 85.7300 2.5479
4160 134.5220 2.5267 -7.1320 2.8931 169.1418 0.7564 79.0353 2.5119 89.8916 2.5089 -8.5827 0.1351 133.3403 2.5244 0.5816 3.2979 165.7120 1.7273 84.4864 2.5792
4161 135.7487 2.4340 -7.3992 3.0998 169.5536 0.7864 78.8526 2.4633 89.1854 2.4085 -9.0972 0.3910 134.2007 2.5999 0.9638 3.2579 165.3204 1.2489 83.2543 2.5470
4162 136.8674 2.3535 -7.6273 3.0594 170.0027 0.9533 78.8184 2.4675 88.7600 2.4424 -9.2588 0.2354 135.0741 2.5644 1.2756 3.4017 165.0489 1.4752 81.9275 2.3624
4163 138.3264 2.3607 -8.0206 3.1897 169.9995 0.7657 78.7613 2.4264 88.3863 2.5380 -9.8259 0.3894 135.9332 2.4992 1.7925 3.3619 164.8558 0.9647 80.8837 2.5553
4164 139.7574 2.5627 -8.4117 3.3135 170.1093 0.6057 78.3015 2.5127 87.9224 2.6249 -9.7410 0.2982 136.5438 2.5058 2.5031 3.1674 164.4577 1.2131 80.2091 2.5536
4165 141.4488 2.3984 -8.7086 3.3836 170.0845 0.3218 77.6442 2.5556 87.3543 2.4367 -9.5682 -0.1135 137.2734 2.4858 3.3905 3.2723 164.0392 1.2728 79.8146 2.5893
4166 142.7354 2.5316 -9.2157 3.4475 169.9933 -0.0692 77.3554 2.4571 86.8463 2.5121 -9.3565 -0.0480 137.8689 2.6283 4.2346 3.3978 164.0725 0.9969 79.2281 2.6945
4167 144.1650 2.5063 -9.1192 3.4769 170.2490 -0.0799 77.1332 2.4917 86.0607 2.6182 -9.2868 -0.1353 138.2240 2.5354 5.3793 3.5486 163.8925 0.8045 78.6054 2.4525
4168 145.5929 2.3717 -8.9517 3.7727 170.3825 -0.0761 76.6449 2.4390 84.8363 2.3966 -9.5350 0.0055 138.2929 2.4579 6.3401 3.4509 163.2327 0.7421 78.2726 2.5119
4169 146.8457 2.4976 -9.4863 3.5603 170.6414 -0.1263 76.3332 2.5676 84.1047 2.4955 -9.3615 -0.1100 139.0117 2.5172 7.5563 3.3044 163.0208 1.0439 77.6477 2.4045
4170 148.2612 2.5264 -9.4932 3.3083 170.6982 -0.1487 75.9916 2.3766 83.5942 2.4143 -9.5681 0.1005 138.6566 2.5051 8.8448 2.9802 162.5155 1.0660 77.3502 2.5459
4171 149.9484 2.4801 -9.4911 3.2517 170.7810 -0.2413 75.1243 2.4785 83.3235 2.4766 -9.3106 0.4179 138.6648 2.5310 10.2735 2.8249 162.4545 1.1799 77.5652 2.5095
4172 150.9666 2.9304 -9.4814 3.2215 170.6008 -0.0700 74.2501 2.4391 83.0536 2.5108 -9.5715 0.1776 138.7000 2.4377 11.5400 2.7897 162.2103 0.9032 77.5810 2.5036
4173 152.3509 2.8110 -9.1361 2.7592 170.6320 0.3860 73.7125 2.5625 82.7944 2.4658 -9.4192 0.8452 138.4639 2.5111 12.7902 2.7502 162.1533 0.9484 77.9151 2.4083
4174 153.5457 2.9066 -8.8262 2.7318 170.9826 0.5696 73.0903 2.4915 82.7071 2.4549 -9.0333 0.8812 137.9407 2.4467 13.9112 2.5808 162.2393 1.2613 77.8879 2.3952
4175 154.5161 2.9580 -8.6830 2.0326 170.9510 1.0830 72.4004 2.5401 82.6984 2.4955 -9.0529 0.5483 137.8178 2.4436 15.0233 2.5609 161.9275 1.2160 78.2582 2.4011
4176 155.6092 2.8104 -8.7423 1.9318 171.0888 1.1020 71.9737 2.4635 83.3191 2.4546 -9.1123 0.6536 137.1195 2.6396 16.3054 2.5211 161.4148 1.4968 78.7899 2.5233
4177 156.8371 2.5628 -8.6395 1.6922 170.9869 1.3618 71.8288 2.6005 83.5692 2.5723 -8.7637 0.5767 136.0817 2.4474 17.8881 2.4259 161.3223 1.7584 79.3261 2.3583
4178 158.2177 2.5616 -8.7538 1.1846 170.9350 1.7270 72.0911 2.4938 84.1795 2.5151 -9.0097 0.9695 135.6104 2.4345 19.2277 2.6295 161.6407 1.9225 80.2719 2.3638
4179 159.1094 2.4013 -8.7720 0.9747 170.7448 1.5428 72.1218 2.4527 84.7687 2.5776 -8.7247 0.6844 134.9469 2.6510 20.5117 2.3952 161.1641 2.0958 81.1937 2.4006
4180 159.9976 1.9965 -8.7327 0.4288 170.3444 1.3394 72.5245 2.5929 85.2172 2.4276 -8.5081 0.5055 133.5285 2.5167 21.9213 2.2095 161.3509 2.5159 82.1763 2.3820
4181 161.1424 2.0546 -8.7519 0.1943 170.2385 1.1171 72.7411 2.4183 86.1632 2.5560 -8.5290 0.3340 132.4809 2.5258 23.4469 2.5847 161.3242 2.6308 83.4980 2.4457
4182 162.2923 1.8422 -8.7409 -0.2190 170.2052 0.9877 72.8454 2.4502 86.5321 2.5378 -8.0672 0.0742 131.7801 2.4488 24.3166 2.3904 161.5633 2.6977 84.5365 2.5369
4183 163.2425 1.7701 -8.8734 -0.5526 170.1589 0.8846 73.2596 2.6280 87.6508 2.5617 -7.7141 -0.0383 130.6333 2.3451 25.9546 2.5747 161.6694 2.6325 85.7542 2.5441
4184 164.2716 1.5481 -8.6394 -0.8978 170.2573 0.8703 73.8387 2.4986 88.5358 2.4732 -7.3996 -0.1620 128.9055 2.6187 27.1742 2.5967 161.2678 2.4356 86.8538 2.4387
4185 164.9724 1.1295 -8.8211 -0.5666 170.2678 0.5593 74.4213 2.4929 89.5621 2.2867 -7.4162 -0.1258 127.6981 2.5532 28.3701 2.3480 161.4986 2.4840 88.0999 2.5212
4186 165.6461 1.1225 -8.6741 -0.7256 170.2380 0.3236 75.1290 2.4752 90.8389 2.4510 -7.7374 -0.2815 126.5438 2.6008 29.1585 2.4654 161.8338 2.7148 89.6623 2.3638
4187 166.5567 1.0082 -8.0531 -0.4297 170.5183 0.2596 75.7012 2.4400 92.0524 2.5282 -8.0642 -0.0568 125.3886 2.5502 30.4984 2.3340 162.3222 2.7465 90.6862 2.3953
4188 167.4291 0.6206 -7.8699 -0.5549 170.2240 0.3898 76.7649 2.5130 93.5354 2.4266 -8.1786 -0.2059 123.9826 2.6079 31.8272 2.6275 162.4540 2.5483 91.9935 2.5986
4189 167.9542 0.3779 -7.7730 -0.9459 170.5949 0.7688 77.7091 2.4661 94.9594 2.4755 -7.9780 -0.0066 122.5457 2.4851 32.9514 2.4462 162.4510 2.1814 93.2569 2.4410
4190 168.6990 0.3329 -7.4350 -0.9046 170.8160 0.6373 79.0765 2.5953 96.0333 2.6064 -7.9954 -0.1558 120.8006 2.5177 34.0841 2.6220 162.7683 2.2567 94.8050 2.3020
4191 169.0604 0.2741 -7.2019 -0.6964 171.1021 0.5364 80.6914 2.6434 97.3686 2.7138 -8.2281 -0.0523 118.8455 2.2664 35.4487 2.6428 162.5112 2.1444 96.3798 2.5145
4192 169.2450 0.1399 -7.1374 -0.4653 171.1380 1.1486 81.9306 2.6208 99.0044 2.6680 -8.2010 -0.2489 117.6774 2.5121 36.9971 2.3906 162.1920 1.8140 97.6463 2.5451
4193 169.2378 0.0933 -6.5988 -0.1794 171.3197 1.2146 82.9947 2.6537 100.2734 2.4431 -7.8119 0.1206 116.1934 2.4124 38.2874 2.3686 162.1282 1.9609 98.7285 2.4795
4194 169.3756 -0.1558 -6.4050 0.2150 171.2245 0.9925 84.0104 2.3159 101.3241 2.4568 -7.9452 0.3445 114.8307 2.6426 39.5631 2.4353 162.1119 2.0187 100.0283 2.5391
4195 169.6658 -0.1067 -6.1928 0.4234 171.1236 0.7391 85.4993 2.4813 102.6345 2.4322 -7.7682 0.4222 113.4741 2.6693 40.8355 2.3644 161.9075 2.1572 101.2707 2.4705
4196 169.6593 -0.1792 -6.6903 0.3463 171.4765 0.7203 86.4582 2.5199 104.2848 2.4441 -8.0280 0.7278 112.3675 2.6844 42.2507 2.4745 161.7150 2.3670 102.8093 2.3809
4197 169.9553 0.3901 -6.7992 0.2505 171.3330 0.4497 87.1426 2.5381 105.3689 2.5162 -8.1118 0.8483 110.4643 2.5605 43.3199 2.5212 161.9559 2.1278 104.1533 2.3617
4198 169.6807 -0.1292 -6.8746 0.5726 171.1629 0.3438 87.8755 2.6467 106.6872 2.4830 -8.3375 1.0396 108.9966 2.8070 44.2156 2.4088 161.7542 2.2523 105.6225 2.5710
4199 169.1889 -0.1761 -6.5257 0.8274 170.8293 0.3765 88.3453 2.5802 107.9930 2.6189 -8.4134 1.1807 107.4133 2.4185 45.3888 2.4008 161.7554 2.5173 107.1615 2.5724
4200 169.2170 -0.1473 -6.3199 1.0825 170.6050 0.5359 88.9209 2.5414 109.1562 2.4234 -8.6602 1.3936 106.4090 2.4740 46.1874 2.5388 161.7158 2.4260 108.4207 2.4832
4201 169.2178 0.3824 -6.1208 1.2207 170.3225 0.3890 89.2035 2.5346 110.8446 2.5741 -8.8164 1.5971 105.0382 2.5583 46.8880 2.3926 161.7166 2.8301 109.5544 2.5250
4202 169.1540 0.4921 -5.6917 1.3094 169.9656 0.5605 89.1912 2.4404 112.2258 2.6468 -8.7640 2.0510 103.6212 2.6587 47.6567 2.5210 161.5208 2.8373 110.9275 2.6145
4203 168.4686 0.4598 -5.2175 0.7743 170.1140 0.4322 89.5334 2.4553 113.5822 2.5057 -8.3454 2.1186 102.3713 2.6132 48.0536 2.5402 161.2921 3.1359 111.9172 2.7811
4204 167.8687 1.1441 -5.2232 0.9270 169.6531 0.1336 89.4249 2.4807 115.3156 2.4161 -8.6728 2.2019 101.3051 2.4894 48.9766 2.4598 161.1137 3.4429 113.0954 2.5100
4205 167.2164 1.3102 -4.3766 0.9902 169.3318 0.2455 89.2469 2.5849 116.3815 2.6222 -8.5746 2.5620 100.0353 2.4795 49.1541 2.5821 161.0574 3.2868 114.3417 2.4374
4206 166.6293 1.3259 -2.9099 1.2083 169.0649 0.4021 88.8196 2.5541 118.0382 2.3594 -8.8999 2.7596 98.6742 2.6251 49.4643 2.5184 161.0783 3.0029 115.6503 2.4043
4207 166.0796 1.5491 -1.7452 1.1113 168.8740 0.7428 88.5789 2.5941 119.1959 2.3025 -8.7083 2.8186 97.3361 2.6848 49.3244 2.5216 160.7546 3.2910 117.2323 2.8392
4208 165.3781 1.6884 -0.7877 1.3505 169.1962 1.1169 87.9824 2.5542 120.1368 2.5883 -8.8492 3.0537 95.6616 2.6088 49.3116 2.5270 161.1345 3.5388 118.6135 2.4742
4209 164.5024 1.5784 0.6232 1.4736 169.5070 1.4150 87.4419 2.6129 121.0060 2.5193 -8.7170 3.1439 94.1820 2.6036 49.3556 2.5410 161.0160 3.3342 119.7772 2.3639
4210 163.7376 1.8364 2.1462 1.1376 169.4218 1.3930 86.9110 2.3345 121.7890 2.6581 -8.4949 3.2734 93.2339 2.6587 48.9464 2.5256 161.0965 3.4669 121.3804 2.4485
4211 163.2218 1.6438 3.4540 1.3067 169.5777 1.3851 86.3197 2.6256 122.6907 2.4213 -8.9487 3.5682 91.8325 2.4225 48.4413 2.4830 161.2849 3.3323 122.7337 2.4819
4212 162.4430 1.8442 4.2289 1.5236 169.6452 1.1742 85.6881 2.4578 123.5419 2.4505 -8.7275 3.9421 90.7557 2.3757 47.9125 2.4760 161.7993 3.3674 124.3548 2.4711
4213 161.7197 1.9630 5.1685 1.6111 169.6900 1.1158 84.9354 2.7033 124.1665 2.4745 -8.8955 3.7901 89.2522 2.5882 46.9428 2.5554 162.1227 3.6056 125.6936 2.4414
4214 160.8757 1.7045 6.2699 1.8820 169.2509 0.7393 83.6567 2.4950 124.5603 2.5287 -8.5480 4.2023 88.1491 2.5517 46.2679 2.5392 162.7119 3.7475 126.9412 2.3300
4215 159.9068 1.8667 8.1422 2.2215 169.6385 0.4747 82.2371 2.3464 124.2302 2.4873 -8.2889 4.6133 86.3628 2.4454 45.2854 2.4557 162.7906 3.9895 128.3692 2.4697
4216 158.9271 1.7892 9.5988 2.0693 169.7710 -0.0639 81.0720 2.4088 124.2742 2.4575 -8.0356 4.6708 84.9490 2.5091 44.6826 2.5781 163.0115 4.1774 130.1119 2.6458
4217 158.1489 2.0915 11.1206 2.3660 170.0491 -0.0056 79.6493 2.4218 124.5206 2.4700 -8.1706 4.5633 83.6712 2.4976 44.0226 2.5580 163.7964 4.2686 131.3350 2.7024
4218 157.2763 2.0235 12.2817 2.3593 170.0529 -0.1441 78.0203 2.5798 124.2324 2.5080 -8.0608 4.1656 82.3769 2.2134 43.4685 2.5301 164.4851 4.4646 132.8434 2.6495
4219 156.2457 2.0559 13.3777 2.3012 169.8303 0.1504 76.2464 2.6152 123.8619 2.6009 -8.1560 4.1355 81.1172 2.4047 42.3619 2.6468 165.0137 4.5244 134.1785 2.4654
4220 155.2154 2.5157 15.1496 2.2679 169.8087 0.2356 75.0543 2.5376 123.5866 2.4803 -7.9822 3.8030 79.8024 2.3161 40.7319 2.5554 165.4897 4.6396 135.6028 2.6115
4221 155.0731 2.7488 16.3790 2.3374 169.6798 -0.0701 73.6375 2.6202 123.2675 2.5449 -8.0209 3.3686 78.6116 2.5774 39.4307 2.3934 165.8179 4.6177 137.0088 2.4457
4222 154.5174 2.8083 17.6071 2.3281 169.9577 -0.0211 72.0780 2.5517 122.3549 2.6546 -8.2939 3.3141 77.7859 2.5860 38.4545 2.6516 166.4758 4.7107 138.5210 2.3297
4223 154.4561 2.7249 18.3823 2.3480 169.9956 0.2730 71.0603 2.4303 121.5792 2.6312 -8.5524 3.3177 77.2128 2.3882 37.3899 2.5191 166.5067 5.0757 139.8057 2.5216
4224 153.8099 2.8141 19.4416 2.3560 169.6675 0.6660 70.0614 2.4267 121.4564 2.4510 -8.9485 2.9930 76.5620 2.5460 35.7536 2.5460 166.8085 5.4272 141.0570 2.5073
4225 153.5524 2.7278 20.2165 2.5142 169.5169 0.9555 69.2539 2.4738 120.5193 2.6191 -9.1433 3.2603 76.2041 2.4188 34.6483 2.3962 167.1371 5.5185 142.4293 2.6150
4226 153.1770 2.4841 20.9302 2.5052 169.2650 1.2870 68.4130 2.5403 119.3340 2.6470 -9.2275 3.0573 75.9452 2.4094 33.3942 2.6366 167.0516 5.5588 143.5428 2.3228
4227 153.0065 2.6933 21.4685 2.4660 169.0546 1.7973 67.8080 2.5479 118.0412 2.7030 -9.0805 3.3430 75.7530 2.4710 32.2798 2.3967 166.6623 5.3732 144.8945 2.5582
4228 152.4110 2.5557 22.2192 2.4110 169.0405 1.7365 66.9299 2.3956 117.3308 2.5283 -9.2181 3.2938 75.3775 2.5213 31.1940 2.2673 166.5050 5.4372 145.6274 2.5819
4229 152.0605 2.4662 22.7948 2.5928 168.8886 2.2099 66.7149 2.5323 115.9625 2.6007 -9.2862 3.4457 74.9800 2.5068 29.9025 2.4755 166.5883 5.3275 146.3625 2.5890
4230 152.3092 2.4679 23.1846 2.4845 168.9071 2.3439 66.1717 2.4958 114.9149 2.2998 -9.5542 3.5428 74.9054 2.4324 29.0001 2.4658 166.2201 5.3314 147.0063 2.6071
4231 152.3041 2.4729 23.3816 2.4382 168.8728 2.4308 65.9315 2.4709 113.5136 2.3250 -9.9499 4.2233 75.0617 2.5262 27.8297 2.3954 166.0835 5.0381 147.3565 2.5218
4232 152.3529 2.4521 23.2697 2.5540 168.5971 2.3245 65.5048 2.4860 111.7833 2.5754 -10.0348 4.2985 75.2886 2.5201 26.6903 2.4472 165.5498 4.8768 147.7983 2.5098
4233 152.7588 2.4481 23.0243 2.4607 168.3471 2.2633 65.3118 2.4285 110.3195 2.4300 -9.8141 4.4100 75.7688 2.5406 26.2076 2.5228 165.5772 4.8421 148.4788 2.4566
4234 152.9960 2.3953 23.1626 2.4924 168.4599 2.6367 65.4750 2.4705 108.7850 2.3441 -9.7756 4.3236 76.0678 2.4516 25.4775 2.5556 165.3048 4.9064 148.9614 2.5008
4235 153.4743 2.2531 23.1411 2.5138 168.1393 2.6692 65.3616 2.4814 107.7419 2.2952 -9.6525 4.3296 76.6052 2.4767 24.8321 2.4385 165.3009 4.8016 149.1073 2.5550
4236 153.9937 2.3167 22.5513 2.5346 167.9626 2.8844 65.2653 2.5602 106.0639 2.4449 -9.8786 4.3252 76.9534 2.4609 24.3044 2.4506 165.5531 4.7699 149.3037 2.4876
4237 154.4825 2.3916 22.2927 2.5629 167.7622 2.8837 65.7955 2.6486 104.3060 2.4583 -9.7327 4.3053 77.7332 2.5395 23.9261 2.5724 165.2769 5.0055 149.5215 2.5201
4238 155.2028 2.2027 21.8587 2.5936 167.8308 2.5772 66.3545 2.4454 103.2202 2.5128 -10.1876 4.4628 78.5357 2.6353 23.4506 2.5374 165.3737 4.8642 149.6147 2.4986
4239 155.8477 2.0783 21.2712 2.5901 167.4741 2.4692 66.7126 2.4929 101.6923 2.5577 -9.7727 4.4694 79.3092 2.3769 23.4885 2.5578 165.2345 4.8788 149.5243 2.4949
4240 156.4804 1.8040 20.7604 2.5488 167.5204 2.7232 67.4733 2.5291 100.4151 2.6389 -9.9268 4.6129 80.1110 2.5027 23.0606 2.5056 165.0408 4.4865 149.4792 2.5274
4241 157.6556 1.5022 19.8692 2.6115 167.7485 2.4098 68.3093 2.5022 99.1492 2.2670 -10.2340 4.4186 80.6466 2.6267 22.5009 2.4505 165.4294 4.1563 148.8300 2.5896
4242 158.4658 1.5943 19.0476 2.6317 167.5601 2.3636 69.3024 2.5555 98.1122 2.6557 -9.9216 4.5547 81.3272 2.5839 22.1855 2.5843 165.2072 4.0712 148.6426 2.3347
4243 159.0637 1.1860 17.9555 2.6484 167.4922 2.5683 70.2333 2.4059 97.1711 2.3599 -9.8928 4.4483 81.7777 2.6312 22.2836 2.4190 164.9955 3.8148 147.7138 2.4617
4244 160.1060 1.1595 16.7261 2.5073 167.7378 2.7119 71.5555 2.5781 96.0265 2.4046 -9.7053 4.8645 82.5666 2.5314 22.5812 2.5032 164.8724 3.5608 147.0211 2.4920
4245 161.0658 0.7432 15.0545 2.5584 167.6707 2.4831 73.0909 2.4620 95.1262 2.5583 -9.3319 4.5576 82.7580 2.6139 22.8516 2.4410 165.2689 3.1389 146.3835 2.4481
4246 162.1079 0.8652 13.5845 2.4732 167.2628 2.4476 74.1039 2.6327 94.4299 2.5841 -9.1118 4.2464 83.1363 2.4258 23.4315 2.5062 165.3872 3.2455 145.2392 2.6309
4247 163.0983 1.0888 12.1201 2.3509 166.8176 2.4724 74.9925 2.4743 93.6085 2.5581 -8.6891 3.9815 84.0061 2.5262 23.8919 2.5235 165.3428 3.1034 144.4514 2.5465
4248 164.2487 1.1057 11.0094 2.4153 166.5601 2.2817 75.7938 2.5016 93.2233 2.4091 -8.6371 3.1042 84.5494 2.5493 24.5680 2.4634 165.6486 3.1268 143.1878 2.2390
4249 165.1839 1.1912 10.2466 2.2265 166.1570 1.7936 76.4233 2.4908 92.8747 2.4025 -8.6798 2.9890 85.0536 2.4791 25.3439 2.5745 165.7626 3.3206 141.9859 2.6014
4250 165.4342 1.0692 9.1066 2.3155 166.1187 1.2836 76.9861 2.5119 92.5846 2.4773 -8.2570 2.9414 85.4218 2.4920 26.3079 2.5443 165.5841 3.2503 140.4802 2.6437
4251 165.9351 1.2232 8.1668 2.0775 165.9898 1.1950 77.9639 2.6270 92.6766 2.4335 -8.6405 2.7916 85.3523 2.4791 27.1320 2.5201 165.4917 2.9391 138.8812 2.6839
4252 166.3581 0.8893 7.3414 1.8984 166.1206 1.3201 78.4793 2.4644 92.2354 2.4843 -8.6779 2.4853 85.5612 2.4830 28.3099 2.5679 165.7948 3.0167 137.5723 2.7413
4253 167.0255 0.9142 6.2192 1.7148 166.4107 1.5753 78.8730 2.4010 92.7368 2.5563 -8.6887 2.0336 85.7590 2.5488 29.1051 2.5890 165.7502 2.7730 136.1228 2.5596
4254 167.1786 0.9621 5.2017 1.5250 166.6954 1.7030 79.7552 2.5180 92.5993 2.5472 -8.5639 1.6206 85.7174 2.5562 29.9475 2.4667 166.3060 2.8471 134.8420 2.5999
4255 167.6563 1.0491 4.4702 1.4841 167.0439 1.5986 79.8249 2.5386 92.9100 2.5689 -8.3285 1.8201 85.5057 2.5179 30.2278 2.4869 166.8256 2.9634 133.5762 2.5370
4256 167.9774 0.8856 3.6864 1.4772 167.4978 1.5567 79.6929 2.5315 93.2584 2.5419 -7.8697 1.4910 85.0861 2.4527 30.7066 2.6069 167.1147 3.0200 132.2415 2.5056
4257 168.4638 1.0300 2.7834 1.5834 167.6718 1.1728 79.8699 2.4806 93.4713 2.6590 -7.5985 1.1673 84.6985 2.3851 31.0383 2.5434 167.5939 3.2012 130.8938 2.2533
4258 168.9688 1.1391 1.6005 1.3205 168.5071 1.0991 80.2893 2.4875 94.1664 2.4190 -7.0117 1.1577 84.1574 2.5114 31.3680 2.6341 168.0998 3.4645 129.4691 2.3368
4259 169.3239 1.0465 0.9144 1.3514 169.0182 1.4333 80.1852 2.5624 94.8427 2.5405 -6.8837 0.8382 83.1589 2.5038 31.4912 2.4815 168.4553 3.8894 127.6957 2.4479
4260 169.5648 1.0060 0.5537 1.2687 169.0891 1.6532 79.8309 2.6027 95.1516 2.5315 -6.6508 0.4856 82.3973 2.6381 31.5255 2.4157 168.9869 3.9806 126.0704 2.7535
4261 170.1462 1.0966 -0.6146 1.3511 169.1776 1.6341 79.5307 2.5302 95.9810 2.6321 -6.3879 0.3854 81.5155 2.3845 31.4827 2.4366 169.3168 4.1678 124.3847 2.5318
4262 170.1144 1.1191 -1.1975 0.8427 169.0743 1.5103 79.0130 2.5862 96.8147 2.7283 -6.2449 0.0213 80.4450 2.3378 31.3078 2.5321 169.2725 4.4403 123.3101 2.6099
4263 170.2295 1.3718 -1.8391 0.6171 169.1855 1.8172 78.6154 2.6301 98.0632 2.5729 -6.1384 -0.2644 79.3444 2.3249 30.9515 2.5059 169.2296 4.2681 122.0360 2.5968
4264 169.9520 1.6269 -2.2469 0.4874 169.2221 1.8409 78.4305 2.4638 99.0523 2.4306 -6.3444 -0.2108 78.6475 2.3099 30.8115 2.4815 169.1071 4.3915 120.2869 2.6343
4265 169.4524 1.9577 -2.8604 0.2975 169.4166 1.7390 77.5737 2.4983 99.9946 2.3443 -6.3654 -0.2507 77.6592 2.6335 31.0998 2.5947 169.0766 4.6155 119.0575 2.3007
4266 169.0410 2.3501 -3.3195 0.3712 169.3188 1.9406 76.6282 2.4246 101.2868 2.5417 -6.2568 -0.6661 76.2990 2.5609 30.8326 2.5718 169.6262 4.6705 117.6134 2.4864
4267 168.8753 2.3742 -3.6395 0.4631 169.2340 2.2598 75.8727 2.6006 102.1896 2.4631 -6.4376 -0.4414 75.2363 2.6100 30.7400 2.4276 169.5796 4.5827 116.6908 2.5233
4268 168.1601 2.7748 -3.7498 0.3649 169.0864 2.2251 75.1243 2.4732 103.3665 2.5458 -6.4081 -0.5596 74.0779 2.6276 30.9183 2.5438 170.2684 4.3644 115.1788 2.5861
4269 167.7665 3.1090 -3.8904 0.5086 168.8697 2.2985 74.8014 2.6222 104.6977 2.4377 -6.5922 -0.5259 72.6332 2.3775 30.7629 2.4499 170.4038 4.3063 113.9036 2.4363
4270 167.5204 3.4328 -4.1886 0.5255 169.2191 2.1874 74.2120 2.5467 106.0236 2.4567 -6.8047 -0.1260 70.7876 2.2771 30.5956 2.4481 170.7920 3.7582 112.8920 2.4739
4271 166.9026 3.4789 -4.2448 -0.0140 169.1924 2.1093 73.4434 2.4200 107.4917 2.4599 -6.7982 -0.2484 69.3632 2.7096 30.2555 2.5198 170.9953 3.6867 111.7048 2.6139
4272 166.3183 3.5077 -4.5036 0.1532 169.3074 2.3162 72.7402 2.5388 108.6849 2.3883 -6.5979 0.0279 67.8310 2.2836 29.9828 2.4378 171.4111 3.1099 110.3274 2.5304
4273 165.4261 3.7120 -4.4141 0.2639 169.4874 2.1512 72.1371 2.5067 109.7325 2.4384 -6.4772 0.5379 66.3132 2.3397 29.9419 2.5530 171.5889 3.1859 108.9453 2.7230
4274 165.4428 3.3373 -4.3039 0.3571 169.5301 2.1649 71.6194 2.4575 111.2475 2.5373 -7.0217 0.7256 64.9272 2.3711 29.9195 2.5346 171.6266 2.9338 107.0165 2.5448
4275 164.9763 3.5124 -4.4855 0.3245 169.8734 1.9777 71.3604 2.5881 112.5746 2.5887 -6.7348 0.8525 64.1236 2.3091 29.8231 2.4897 171.8161 2.9139 105.8280 2.4073
4276 164.8186 3.3572 -4.2376 0.6921 169.6968 2.1158 71.1235 2.4577 114.1958 2.4489 -7.0298 1.4537 62.9252 2.3505 29.6728 2.5353 171.5076 2.7352 104.2920 2.5512
4277 164.5621 3.5003 -4.3840 0.7573 169.6510 2.1697 71.1616 2.4408 115.2959 2.5940 -7.5667 1.4437 61.8500 2.4891 29.8366 2.4191 171.7914 2.7667 102.9604 2.4144
4278 164.4983 3.7980 -4.4419 0.9064 169.4917 1.7189 71.1245 2.5397 117.1934 2.4799 -7.7763 1.6253 60.6405 2.4206 30.3256 2.4591 171.7119 3.2483 101.3080 2.4713
4279 164.8075 3.7722 -4.2024 1.1989 169.2256 1.7630 71.2279 2.4513 118.6630 2.3720 -8.0872 1.6488 59.1757 2.3000 30.9983 2.3872 171.7501 2.9572 100.0583 2.6283
4280 164.6991 4.0835 -4.2760 1.6711 168.8315 1.8111 71.5741 2.4827 119.9244 2.4823 -8.5956 1.6670 57.4875 2.4508 31.5879 2.3330 171.7414 3.0923 98.7328 2.4275
4281 164.8257 3.9940 -4.6719 2.6480 168.9114 2.3371 72.2800 2.4861 121.5276 2.4532 -8.9556 1.9409 56.0347 2.5663 32.1270 2.4036 171.5454 3.3546 97.5335 2.3874
4282 164.8398 4.6098 -4.7549 2.6528 168.4530 2.3886 73.1207 2.4731 122.8105 2.2170 -9.1881 1.9713 54.4106 2.5770 32.7465 2.2628 171.3748 3.7817 96.3776 2.4881
4283 164.6760 4.3451 -4.4639 3.0046 168.2406 2.5055 73.7105 2.3719 124.0233 2.2622 -9.7393 1.9677 53.0154 2.4203 33.2248 2.4747 171.2185 3.8728 95.3960 2.3754
4284 164.7184 4.1314 -4.6580 3.2058 168.2628 2.5918 74.4991 2.5797 125.2971 2.4163 -9.5924 1.9802 51.5489 2.4647 33.8906 2.5543 171.0196 3.9609 94.5558 2.2627
4285 164.5835 3.9251 -4.5028 2.8325 168.2356 2.8123 75.3196 2.4359 126.7313 2.4896 -9.7604 2.3357 49.9431 2.8604 34.7187 2.3384 171.0101 3.8231 93.9388 2.6088
4286 165.3495 3.6921 -4.4806 2.6935 168.1426 2.7581 76.0759 2.4054 128.2650 2.4888 -9.8707 2.4523 48.7437 2.5154 35.5696 2.3185 171.0606 3.7744 92.7926 2.3351
4287 165.3759 3.8633 -4.5711 2.8834 168.0526 2.9172 76.9571 2.4875 129.6746 2.3961 -9.9430 2.7405 47.2576 2.5194 36.7042 2.3743 171.6534 3.8301 92.1892 2.5105
4288 165.5439 4.1127 -4.8271 2.7382 167.9033 3.0065 78.3912 2.4283 130.9458 2.4392 -9.7762 2.8542 45.8194 2.5680 37.8035 2.5081 171.6458 3.4123 91.7667 2.6100
4289 165.4711 4.1609 -5.5775 2.7763 167.5312 2.8739 80.1611 2.4441 132.0745 2.3859 -9.5415 2.9457 44.7009 2.4789 39.3384 2.4292 171.6283 3.3837 91.0872 2.4182
4290 165.1947 3.8826 -5.7900 2.8541 167.3796 2.5234 81.4022 2.5560 133.6888 2.5652 -9.1524 3.0515 43.0845 2.4184 40.7605 2.6455 171.1928 2.8305 90.9403 2.4702
4291 165.0540 3.7951 -5.9514 2.9325 167.4561 2.5737 82.6704 2.7414 135.0110 2.6255 -8.8450 3.4251 41.6628 2.7765 41.9021 2.4850 171.3743 2.9659 90.7130 2.4705
4292 165.3133 3.6963 -6.3426 2.8002 167.1058 2.1170 83.7707 2.5822 136.3885 2.6728 -9.1210 3.2298 40.1338 2.5031 42.7891 2.3830 170.7548 2.6390 90.5733 2.5109
4293 165.6125 3.1955 -7.0972 2.5856 167.0056 1.4442 84.5093 2.7076 137.8988 2.5224 -9.4283 3.5102 38.6848 2.4834 43.6174 2.5861 170.6783 2.7989 90.6288 2.5634
4294 165.8640 2.8382 -7.4881 2.0481 166.7015 0.9767 85.3023 2.6522 139.2673 2.3884 -9.2594 3.0606 37.2033 2.4713 44.0587 2.5990 170.1470 2.7499 90.3578 2.4401
4295 165.4142 2.8185 -7.9770 1.9582 166.7367 0.7811 85.6259 2.6189 140.7664 2.6406 -9.4133 2.7866 35.6674 2.8639 44.3549 2.4921 169.4260 2.5917 90.6193 2.4932
4296 165.3271 3.1458 -7.9957 2.2667 166.9426 0.4755 86.6383 2.6100 142.2803 2.5580 -9.4924 2.4586 34.2566 2.5876 44.3405 2.4723 169.2022 2.4167 90.8510 2.3934
4297 165.5698 3.0803 -8.5050 2.2529 166.8872 0.4038 87.1433 2.5753 143.3160 2.4408 -9.3949 1.9914 32.8116 2.3962 45.1726 2.5206 168.9523 2.6844 91.5544 2.4786
4298 165.4209 3.2696 -8.5359 2.1520 166.9131 0.1489 87.7398 2.5497 144.4904 2.5158 -9.2823 1.9312 31.6991 2.3671 45.6426 2.3853 168.9640 2.9829 91.6142 2.6083
4299 165.4022 3.1499 -9.1332 2.7122 167.5061 -0.2895 87.9466 2.5200 145.8306 2.4851 -9.0393 1.6990 30.3318 2.5217 45.5292 2.4791 168.6865 3.1122 92.0589 2.5129
4300 165.7730 3.4304 -9.1365 2.8138 167.4052 -0.0904 88.1127 2.5374 147.2811 2.7374 -8.9119 1.1097 28.8076 2.6326 45.6345 2.5506 168.7291 3.2938 92.8790 2.4184
4301 165.9420 4.0130 -9.1400 2.9650 167.8371 0.0271 88.0020 2.4794 148.4359 2.6416 -8.7807 1.4004 27.5570 2.5531 45.4556 2.4989 168.9848 3.1099 93.7470 2.4770
4302 166.1313 4.2445 -8.9153 2.9239 168.4139 0.1446 88.0875 2.5127 150.3236 2.6863 -8.5328 1.1626 26.1609 2.5244 45.2807 2.4403 169.2684 3.1185 94.4066 2.3719
4303 166.3010 4.7197 -8.5967 3.0408 168.7410 0.0062 88.0882 2.4892 151.2840 2.6836 -8.4305 1.1267 24.9873 2.6207 44.9887 2.4482 169.4692 3.0993 95.6870 2.3563
4304 166.3665 5.1798 -8.4482 3.0805 168.9943 0.3246 87.7603 2.5446 152.3574 2.9064 -8.1277 1.1515 23.5122 2.7881 44.5174 2.4547 169.4229 2.9828 96.5540 2.4113
4305 167.0124 5.2329 -8.4332 3.9076 169.3785 0.6820 86.9124 2.5394 153.6045 3.1704 -7.9275 1.3538 22.5829 2.7827 44.1768 2.5384 169.4376 2.8032 97.6915 2.3970
4306 167.3345 5.3199 -8.2038 3.4522 169.7113 1.2527 86.0865 2.4065 154.3864 2.9866 -8.1170 1.4049 21.7350 2.7219 43.8838 2.4825 169.0154 2.7080 98.9825 2.4691
4307 167.5448 5.1654 -8.1532 3.4602 169.8904 1.3511 85.8181 2.5804 154.8665 3.2374 -8.2264 1.2487 20.9674 2.5275 43.3893 2.5386 168.9255 2.9579 100.9189 2.4742
4308 167.6391 4.6501 -7.9581 3.5348 170.1711 1.5101 84.8738 2.4655 156.0085 3.5471 -8.1374 1.3202 19.7060 2.5185 42.9626 2.4800 169.0998 2.8960 102.7029 2.5181
4309 168.0027 5.1037 -7.4909 3.2490 170.4800 1.8504 83.7828 2.4198 156.9352 3.7721 -7.9358 1.3729 18.6275 2.5316 42.3728 2.5072 168.4354 3.0487 103.7084 2.4145
4310 168.2364 4.9214 -6.9974 3.0937 170.5527 1.6423 83.0320 2.4959 157.6966 3.6219 -7.7874 1.2057 18.0995 2.6462 41.3007 2.2923 168.1688 2.9944 104.9341 2.4718
4311 168.2743 4.5512 -6.9319 3.0041 170.8605 1.8400 81.9304 2.4925 158.8074 3.6380 -8.0636 1.4649 17.4992 2.5572 40.0863 2.4368 168.0152 2.7553 106.1027 2.3515
4312 168.3558 4.2889 -6.3573 3.1886 170.7826 1.7221 80.8703 2.3987 159.3886 3.3271 -8.1591 2.1440 17.1651 2.5284 38.8220 2.4329 167.9126 2.9581 107.3299 2.2280
4313 168.5279 3.8545 -6.1132 3.5360 170.9307 1.5202 79.7317 2.5862 160.2940 3.3564 -8.2806 2.2852 16.8959 2.4763 38.0660 2.4480 167.2227 3.0915 108.7761 2.1940
4314 168.7022 3.8351 -5.9805 3.6012 170.9137 1.7504 78.1524 2.6363 160.8467 2.8530 -8.6093 2.6031 16.3731 2.4476 37.2459 2.5934 166.9239 3.4573 109.7705 2.3479
4315 168.4741 3.4496 -5.2385 3.6463 170.9093 1.6676 76.5138 2.5701 161.6182 2.7018 -9.3629 2.5154 16.5949 2.5076 36.5079 2.4791 166.7231 3.9165 111.0043 2.4342
4316 167.9753 3.1272 -4.3983 3.6813 171.3125 1.6159 74.7838 2.4395 162.3587 2.5642 -9.4349 2.8630 16.6764 2.4410 35.7258 2.4872 166.3849 3.9072 112.4304 2.4965
4317 168.0883 3.0865 -3.6236 4.0420 171.4100 1.6751 73.4707 2.6035 162.8382 2.1019 -9.4378 2.8968 17.0844 2.4892 35.3286 2.5447 166.3260 4.0434 113.1073 2.6540
4318 168.0959 3.0203 -2.7848 3.7403 171.0451 1.6120 72.3376 2.3085 163.4652 1.8856 -9.8237 3.2257 17.3795 2.3485 35.1335 2.4965 166.4671 4.2917 114.4158 2.3989
4319 167.9192 2.8805 -1.7206 3.7976 170.7109 1.9163 70.9229 2.4965 164.1535 1.8619 -10.0920 3.6422 17.7402 2.3685 34.4450 2.4592 166.1932 4.7621 115.3941 2.4913
4320 167.5115 2.6176 -0.6895 4.1931 171.2828 2.1085 69.8707 2.5103 165.0560 1.4021 -10.0121 3.6685 18.6417 2.4557 34.0556 2.4467 165.7751 4.6218 116.3857 2.4739
4321 167.9194 2.5279 0.3730 3.9272 171.4167 2.8813 68.8244 2.6308 165.4137 1.2481 -10.3695 3.3371 19.3311 2.4195 33.8910 2.4607 165.7309 4.5890 117.4570 2.4682
4322 167.6803 2.0437 1.3797 3.5757 171.4714 3.4505 67.7120 2.4344 165.8958 0.9261 -10.0560 3.1339 20.2309 2.4612 33.8345 2.5084 165.8814 4.3552 118.7650 2.7728
4323 167.6931 1.8788 2.0354 3.4578 171.6413 3.1144 66.7168 2.5559 165.9204 1.3068 -9.8788 3.3565 21.2849 2.5322 33.7237 2.4440 166.0484 4.4068 119.9464 2.6169
4324 168.0278 2.2539 3.4650 3.0580 171.6005 2.9150 65.1300 2.4953 165.6981 1.1090 -9.8724 3.6707 22.2500 2.5438 33.9306 2.5199 166.4814 4.3499 120.7763 2.5667
4325 167.8258 2.3642 4.5322 2.8634 171.1852 3.0483 63.9380 2.6134 165.8741 1.1663 -10.4217 3.7234 23.7129 2.3633 34.2798 2.4572 166.6322 4.6471 121.5157 2.4880
4326 168.0346 2.3616 5.6466 2.8454 171.7277 2.6863 62.6571 2.5725 166.1756 1.0727 -10.1189 3.6839 24.5510 2.6777 34.6386 2.5144 167.1333 4.9702 122.5545 2.4136
4327 168.1598 2.5449 6.8438 2.5089 171.9338 2.4977 61.4337 2.4898 165.9249 0.6868 -10.0016 3.9483 25.7269 2.4671 35.0669 2.3996 167.3175 4.9676 122.9745 2.4655
4328 168.1357 2.0414 8.2189 2.5954 171.9780 1.9929 59.7272 2.5015 165.6731 0.9466 -10.0203 3.7701 27.2793 2.5106 35.9220 2.4384 167.0453 4.9067 122.9320 2.4907
4329 168.2764 2.2803 9.3526 2.7879 172.1690 1.8533 58.4135 2.5694 164.7910 1.4275 -10.1185 3.9187 28.3838 2.5501 36.5446 2.5440 167.4605 4.7392 123.3966 2.4555
4330 167.9688 2.2534 10.3553 2.5661 171.7631 1.4519 57.0036 2.4437 164.2556 1.6650 -10.1616 3.6079 29.6361 2.5303 37.0910 2.3978 167.9180 4.9312 123.5310 2.5354
4331 167.5501 2.4261 12.1469 2.7109 171.6505 1.1563 55.4136 2.3422 164.2234 1.5256 -9.5213 3.3158 31.1012 2.5652 38.1137 2.4236 168.1560 4.9300 123.4231 2.4836
4332 167.2388 2.8235 13.2845 2.6618 171.5112 1.1563 53.9923 2.5194 163.5039 1.2421 -9.2972 3.2813 32.0462 2.3219 38.9031 2.5226 168.3384 4.5266 123.4287 2.4728
4333 167.2507 3.5005 14.7854 2.7713 171.8498 1.2666 52.7679 2.5543 163.1102 1.4318 -9.0914 3.0998 32.9938 2.5962 40.0928 2.3903 167.8130 4.3766 123.3872 2.4402
4334 167.2480 3.8557 16.0369 2.3356 172.1596 1.4082 52.0139 2.4250 163.1118 1.5325 -8.8003 2.6398 34.2342 2.5296 41.1893 2.4264 168.0790 3.9932 123.5833 2.4873
4335 167.2266 4.3047 17.4270 2.6105 172.0148 1.2360 50.7025 2.3441 162.3344 1.4961 -8.2809 2.2491 36.0507 2.2722 42.8740 2.4193 168.2107 3.8777 123.5451 2.4526
4336 166.9085 4.0909 19.0778 2.4011 171.8525 1.1746 49.1810 2.4015 161.6885 1.2997 -8.7173 1.7624 37.3068 2.4435 43.7426 2.4785 168.7269 3.6882 123.3656 2.4086
4337 166.6461 3.9053 20.2492 2.4058 171.9365 1.7145 48.1110 2.4893 161.3494 1.1779 -8.5966 1.2527 38.9685 2.4645 45.0119 2.4771 169.2279 3.4526 122.8684 2.4150
4338 166.9817 3.8264 22.2249 2.5054 172.0107 2.1681 47.0352 2.4290 161.0747 1.0125 -8.5547 0.9754 40.3864 2.4797 46.0201 2.4153 169.2364 2.8814 122.7489 2.5108
4339 167.2191 3.9624 23.7733 2.4973 171.4777 2.1567 45.5017 2.5162 160.3055 0.9360 -8.6671 0.7365 42.1275 2.4487 47.2559 2.4179 169.5496 2.9112 122.5201 2.4238
4340 167.2575 4.1708 25.2579 2.4812 171.4873 1.9358 44.4940 2.4509 159.2582 0.9129 -8.4844 0.6545 43.4238 2.2501 48.5334 2.4299 170.0677 2.8216 121.8094 2.3636
4341 167.4688 4.0046 26.1386 2.5161 171.4671 2.2665 42.9177 2.6506 158.0655 1.1139 -8.2824 0.4594 44.6086 2.4321 49.6237 2.5306 170.1278 2.8372 121.3963 2.5103
4342 167.6549 3.6019 27.3449 2.7283 171.2804 1.9430 41.2975 2.4970 156.6089 1.1048 -8.5758 0.4424 46.2480 2.5137 50.2937 2.4978 170.1762 2.4854 121.5571 2.5668
4343 167.9131 3.7581 28.2867 2.5770 171.2477 2.3001 40.0979 2.6210 155.4374 1.1731 -8.3066 0.4320 47.8413 2.6144 51.1019 2.3993 170.3411 2.4407 121.1113 2.5270
4344 168.2164 3.7922 29.2692 2.5066 170.9540 2.1050 38.9718 2.5181 153.8493 1.6488 -8.1438 0.1944 49.6986 2.5135 51.7377 2.5534 170.5216 2.1612 120.6944 2.4457
4345 168.4849 3.6578 29.6592 2.4299 170.4288 1.7163 37.9879 2.4905 152.7576 1.7530 -8.0587 0.4439 51.3207 2.5250 52.3503 2.3834 170.5224 1.8546 120.5668 2.4377
4346 168.9709 3.4696 30.6580 2.5963 170.1744 1.3072 36.8377 2.4573 151.8419 2.1936 -8.0131 0.2009 52.0528 2.6069 52.6593 2.4499 170.8562 1.8470 120.5710 2.4813
4347 169.0275 3.6905 31.2137 2.5598 169.6180 1.4005 35.3797 2.6012 150.6034 2.1519 -8.0084 -0.0721 53.1572 2.5505 52.9812 2.4627 170.9808 1.6995 120.6472 2.5283
4348 168.9734 3.4001 31.7708 2.5613 168.9202 1.0451 34.4256 2.4018 149.5331 2.1321 -8.1650 0.0634 53.6303 2.3668 53.1789 2.5881 171.0240 1.8443 120.7101 2.5294
4349 169.0919 3.0340 32.3381 2.5538 168.7522 0.8892 33.0662 2.4927 148.2831 2.1319 -7.9679 0.1931 54.3152 2.4240 52.7179 2.4558 170.8774 2.1218 121.1344 2.5113
4350 168.4928 3.2711 32.5098 2.5781 168.5693 0.6769 31.1625 2.3845 146.8510 2.2900 -8.0076 0.0395 55.1918 2.3393 52.8537 2.5255 170.3009 2.3220 121.7221 2.5293
4351 168.7470 2.9272 32.8176 2.4980 168.3927 0.9762 29.9123 2.2876 145.4424 2.4289 -8.1250 0.2799 55.8055 2.4826 53.0213 2.5262 169.9341 2.3425 122.0294 2.5075
4352 168.6905 2.7971 32.8528 2.4519 168.4466 1.2641 28.2174 2.5028 143.8631 2.3389 -8.4520 0.5179 56.2209 2.4603 52.7179 2.4464 169.4355 2.1221 122.4923 2.5369
4353 168.6647 2.4724 32.8871 2.5098 168.4394 1.8238 26.9007 2.5656 142.5370 2.6502 -8.1253 1.0600 56.3583 2.5211 52.6192 2.5212 168.8912 2.4455 123.2112 2.4328
4354 168.7659 2.0613 33.1703 2.5843 168.2874 2.3604 25.4001 2.4395 141.2774 2.5251 -7.6816 1.0218 56.5018 2.5706 52.6022 2.5509 168.6099 2.1664 124.0331 2.4179
4355 168.8330 1.9188 32.9184 2.4091 168.2792 2.4544 23.6937 2.5894 139.7990 2.3486 -7.5537 1.4245 56.7696 2.4999 52.2855 2.5743 168.0272 2.0118 125.0467 2.4876
4356 169.1241 1.5419 33.0819 2.5316 168.1486 2.0093 22.1961 2.5812 138.2991 2.4081 -7.2243 1.6311 57.0833 2.5388 51.8834 2.5938 167.8322 1.6112 125.4089 2.5126
4357 168.9761 1.4336 32.9914 2.5789 168.0526 1.8629 20.5671 2.6318 136.9905 2.4696 -7.1820 1.7567 57.3029 2.4636 51.2976 2.3507 167.8801 1.1953 126.1340 2.6430
4358 168.7623 1.0621 32.4790 2.5978 167.6071 1.8913 19.2689 2.3375 135.7909 2.5645 -7.4623 2.0073 57.2429 2.4841 50.5835 2.5261 167.9046 0.6100 127.4304 2.8209
4359 168.9701 1.1382 32.2565 2.5311 167.7477 2.3655 17.7075 2.3983 134.6406 2.5186 -7.4293 2.3279 57.3094 2.4344 49.8893 2.5359 168.0440 0.4308 129.0334 2.7791
4360 169.1598 1.4822 31.6613 2.5572 167.4208 2.3600 16.1951 2.4708 133.5134 2.4729 -7.6645 2.7311 57.0697 2.3929 49.0917 2.5684 168.0657 0.2471 130.3345 2.3067
4361 168.8738 1.6846 30.8969 2.4764 167.3784 2.3369 14.5706 2.2238 131.9250 2.5821 -7.7775 3.1035 56.5952 2.4768 48.0266 2.5099 168.3474 0.2423 131.9779 2.5644
4362 168.9927 1.4393 30.1836 2.4145 167.1885 2.6961 13.2449 2.4043 130.3536 2.5506 -7.8666 2.8749 55.9698 2.4440 47.1531 2.6018 168.7717 0.0953 133.3048 2.4460
4363 168.7066 1.5566 29.4194 2.5800 166.5175 2.8643 11.7221 2.3909 128.8863 2.4140 -7.6492 3.0436 55.4836 2.5641 46.1952 2.5719 169.4596 0.2845 134.6096 2.2974
4364 168.5690 1.9718 28.4720 2.5728 166.0551 2.9725 10.5870 2.0751 127.2824 2.2577 -7.6473 3.0871 54.4391 2.4009 44.9298 2.5901 169.7982 0.6471 135.7384 2.1997
4365 168.5933 2.2628 27.6378 2.3937 165.4477 2.6604 9.4455 2.0812 126.0967 2.4399 -7.9472 3.6288 53.2353 2.3610 44.3728 2.6451 169.9903 0.5133 136.9828 2.6945
4366 168.6678 2.3623 26.2918 2.3518 164.6628 2.7741 8.3779 1.8796 124.6619 2.5058 -8.1410 3.9466 52.2313 2.5401 43.4904 2.5522 170.1625 0.7090 138.0165 2.3778
4367 168.5559 2.4325 24.9033 2.5067 164.5081 3.1733 6.9190 1.9460 123.4268 2.7275 -7.9301 3.8821 50.9658 2.4892 43.0593 2.5132 170.2389 0.6645 139.2076 2.4595
4368 168.3559 2.4573 23.6551 2.6225 164.7878 3.4450 5.7995 1.9826 122.0358 2.6789 -7.8003 4.0399 49.4971 2.3687 42.3501 2.5762 170.5096 0.8819 140.2051 2.4291
4369 168.2042 2.1621 22.5854 2.5538 164.5839 3.4828 4.8454 2.0084 121.0929 2.7030 -7.3033 4.1964 48.4609 2.5243 41.9107 2.5385 170.3460 0.9289 141.9359 2.4593
4370 167.8697 2.5254 21.5523 2.7281 164.3708 3.2681 4.2979 1.9252 119.3986 2.3094 -7.1491 4.1272 47.0173 2.6060 41.1538 2.4774 170.2839 1.3818 143.3480 2.5061
4371 167.3694 2.5077 20.8724 2.6067 164.0644 3.6402 3.2404 1.8426 117.9508 2.3580 -6.8005 4.3440 45.5982 2.5002 40.7394 2.4128 170.1208 1.4873 145.0296 2.6355
4372 166.9583 2.1417 19.9712 2.3856 163.9738 3.8482 2.7882 1.9763 116.1860 2.2812 -6.6139 4.2014 44.5616 2.4513 41.0501 2.4874 170.0847 1.7874 146.2262 2.5413
4373 166.4951 1.8220 19.1613 2.6249 163.4834 3.8766 2.4445 1.9632 114.6344 2.5001 -6.8923 4.0246 43.5225 2.5382 40.8804 2.5089 169.7432 2.0627 147.1860 2.7381
4374 166.4493 1.8150 18.4986 2.3750 163.2213 3.7155 2.1016 1.8759 113.6253 2.3938 -6.6657 4.3000 42.4863 2.4185 41.6258 2.4874 169.7044 2.5756 148.4692 2.7367
4375 166.1257 1.8425 17.7758 2.5246 162.5011 3.9815 2.0575 1.6589 112.0104 2.4834 -6.5577 4.2394 41.8124 2.4516 41.8703 2.4807 169.6596 2.6699 149.0552 2.6858
4376 166.0696 1.8242 17.2603 2.4953 161.9053 3.5609 1.4418 1.5027 110.7238 2.6424 -6.1794 4.0581 41.0942 2.5150 42.4564 2.4746 169.3226 3.1078 150.5442 2.7305
4377 165.9074 1.7231 16.4224 2.4028 161.3887 3.2656 1.6799 1.8933 109.4056 2.6063 -6.0324 3.9191 40.5719 2.4366 43.0789 2.5205 169.1825 3.7166 151.7211 3.0084
4378 165.1975 1.6092 15.7799 2.5351 160.7397 3.0885 1.5844 2.0389 107.9983 2.6357 -6.3970 3.6400 40.2762 2.4906 43.1147 2.3748 169.0604 3.5709 152.8364 3.3113
4379 165.0102 1.3617 15.5426 2.4232 160.1897 2.9096 0.9390 1.9675 106.8627 2.4161 -6.4570 3.9134 39.7526 2.6231 43.6643 2.4848 168.9797 3.9912 154.2960 3.3578
4380 164.8392 1.1410 15.2340 2.4914 159.2124 2.9876 1.0094 1.9137 105.6507 2.4853 -6.9742 3.8189 39.6068 2.5310 44.3256 2.5315 168.9840 4.4866 155.0788 3.8784
4381 164.9070 0.9468 14.7062 2.5318 158.6848 2.7779 1.2298 2.0873 104.6637 2.3248 -7.4033 3.8100 39.5571 2.4990 44.9881 2.4189 169.0272 4.7524 156.3132 3.9461
4382 164.8786 0.8880 14.5267 2.5406 158.0738 2.8287 1.3915 2.0169 102.8881 2.5302 -7.0917 3.3537 39.8665 2.5189 46.1711 2.5103 168.8342 5.2708 157.6951 3.8377
4383 165.4070 0.7039 14.3612 2.4874 157.3501 2.7905 1.8796 2.0056 101.6036 2.4925 -6.9296 3.0354 39.6765 2.4535 46.8617 2.4012 169.0457 5.5601 158.8263 3.9472
4384 165.7581 0.7242 14.3372 2.5086 156.9061 2.7302 2.3887 1.6202 100.0884 2.4816 -6.7303 2.7991 40.1791 2.5563 47.8095 2.3200 168.7028 5.7185 159.8354 4.3020
4385 165.9079 0.5577 14.3721 2.5412 155.9845 2.3150 3.1070 1.9049 98.7906 2.5300 -6.7854 2.7577 40.1515 2.5414 48.6837 2.4859 168.6701 5.9656 160.7915 4.4137
4386 166.1981 0.6167 14.5710 2.4818 154.6786 2.1729 3.7738 2.0563 97.5431 2.4223 -6.5123 2.4829 40.4229 2.5477 50.0817 2.4168 168.1850 6.2050 161.7566 4.4597
4387 166.4505 0.5691 15.2739 2.4931 153.8025 2.1489 4.5740 2.0369 96.2523 2.5524 -6.7268 2.5131 40.5178 2.5057 51.8337 2.4430 168.1810 6.5576 162.9408 4.0410
4388 166.6259 0.3660 16.2822 2.5889 152.2919 2.2576 5.6471 2.1814 95.0589 2.6012 -6.8936 2.7127 40.8374 2.5785 53.3161 2.5886 167.9768 6.1766 163.8966 3.7318
4389 166.6130 0.2765 16.5654 2.5814 150.8086 2.2243 6.1298 2.0762 93.6395 2.7218 -6.4590 2.2542 41.2214 2.4425 54.7918 2.3592 167.8062 6.1326 164.9622 3.7733
4390 166.8170 0.7927 17.3901 2.5802 149.5517 2.3794 6.8213 1.9732 92.0117 2.5864 -6.4201 2.7649 41.5278 2.3393 56.1085 2.5144 168.2480 6.0849 165.8339 3.6004
4391 167.1163 1.0401 18.7855 2.4713 148.3402 2.4735 7.9664 2.0160 90.5231 2.5257 -6.4720 3.0995 42.0137 2.5730 57.5914 2.5695 168.7278 6.2071 166.4122 3.2976
4392 167.2752 1.2956 19.9413 2.5112 146.9248 2.4136 8.5997 1.9352 89.1516 2.5067 -6.6644 3.0568 42.9340 2.4171 59.4358 2.5825 169.2529 5.9750 166.7771 2.8324
4393 167.3543 1.4748 21.1714 2.7577 145.7080 2.4700 9.7172 2.3272 87.6792 2.2206 -6.3609 3.7349 43.9959 2.3336 60.5850 2.4236 169.6400 5.9801 166.6069 2.9151
4394 166.9327 1.8869 22.2021 2.6120 144.3545 2.4857 10.3170 2.2962 85.9343 2.3499 -6.7677 4.0683 45.0918 2.3276 61.7349 2.4016 169.8285 5.5258 166.6166 2.6486
4395 166.7456 2.0299 23.2172 2.3005 142.9422 2.5750 11.0110 2.3641 84.3835 2.4497 -6.5669 4.1183 46.4076 2.5374 63.0154 2.2988 169.8849 5.4506 166.7385 2.8139
4396 166.4865 1.9554 24.7033 2.4302 141.3957 2.5325 11.4326 2.4306 82.7652 2.2441 -6.5881 4.2380 47.6184 2.4952 64.0363 2.4953 170.5291 5.3655 166.9324 2.7559
4397 166.8802 1.7607 26.2539 2.4982 139.7345 2.4518 11.9871 2.4633 81.4734 2.5646 -6.5407 4.3623 48.8147 2.4891 65.3246 2.4381 170.3874 4.8097 167.2885 2.8187
4398 166.7304 1.8292 27.5777 2.4219 138.4217 2.3689 12.1519 2.4758 80.2059 2.3056 -6.4164 4.2394 50.0026 2.4911 66.2793 2.4403 170.6580 4.3138 167.4097 2.8870
4399 166.5458 1.4158 28.7805 2.4558 136.7648 2.5142 11.8966 2.6192 79.2744 2.4098 -6.2940 4.4524 51.6762 2.5311 67.4929 2.4267 170.7432 4.4455 167.8402 2.5169
4400 166.4268 1.4151 30.0852 2.5487 135.2129 2.6078 12.1939 2.5344 77.9328 2.4372 -6.2425 4.5980 53.1969 2.6556 68.7184 2.4115 170.8760 4.3649 167.8581 2.4765
4401 166.4606 1.7560 31.4769 2.3745 133.7203 2.4294 11.9688 2.4493 76.7644 2.5254 -6.0970 5.2655 54.3526 2.6760 69.5053 2.4825 170.9516 3.8631 168.1123 2.3605
4402 166.2699 1.8319 32.2926 2.6328 132.7401 2.5358 11.8784 2.5827 75.4333 2.6536 -6.0325 5.4571 55.8731 2.5349 70.2461 2.6151 170.5395 4.1170 168.3615 2.1869
4403 166.1128 1.4350 33.8716 2.5386 131.2493 2.6444 11.4939 2.4917 74.4181 2.6491 -6.1250 5.5958 57.4462 2.5649 70.7300 2.5271 170.2406 4.3710 168.6479 1.9384
4404 166.1070 1.4379 35.1847 2.3208 130.2156 2.5710 11.4442 2.6303 73.2993 2.6355 -6.1992 5.7751 58.7205 2.4265 70.9748 2.5217 169.8235 4.3633 168.5179 1.9189
4405 165.7936 1.2542 36.3330 2.4214 128.7913 2.4972 11.0102 2.5257 72.4623 2.4730 -6.0714 5.8995 59.7779 2.4427 71.2201 2.4291 169.2171 4.3753 168.1853 1.5806
4406 166.1042 1.2825 38.2186 2.6710 128.0923 2.5670 10.5392 2.6188 71.7581 2.4543 -5.8319 5.4249 61.1894 2.5570 71.4948 2.4532 168.9370 4.3693 168.4601 1.3173
4407 166.5343 1.3364 39.5685 2.4607 127.5475 2.5171 9.9103 2.2941 70.9583 2.4865 -4.9819 5.5582 62.6953 2.6393 71.9506 2.5466 168.4820 4.2692 168.4855 1.0112
4408 166.6771 0.8250 40.9715 2.3164 126.7426 2.5543 9.7080 1.9889 70.2218 2.5183 -4.6928 5.2649 63.8735 2.4724 72.3447 2.4097 168.2801 4.0552 168.0695 0.6549
4409 167.1922 1.3393 42.2032 2.3914 126.2486 2.4956 8.6892 1.9781 69.3935 2.4213 -4.4708 5.3211 65.2318 2.4184 72.3323 2.5369 168.0661 3.5367 168.1121 0.5571
4410 167.2831 1.5087 43.6955 2.5815 125.7311 2.5336 7.5473 1.7167 68.8709 2.5437 -4.5705 5.0773 67.1492 2.6161 72.4391 2.5558 167.7832 3.5729 168.2673 0.6319
4411 167.5472 1.7792 45.2017 2.3917 125.7566 2.5238 6.4162 1.7770 68.6115 2.4684 -4.3409 4.9498 68.2426 2.7340 72.3876 2.5521 167.8184 3.4391 168.4361 1.2793
4412 167.5878 1.5582 46.4328 2.5670 125.7920 2.4579 5.3391 1.7179 68.2824 2.4166 -4.6250 4.7955 69.2701 2.7759 72.3887 2.3993 167.7452 2.8536 168.4765 2.1290
4413 167.9257 1.9268 47.9433 2.6053 125.9028 2.5838 4.2926 0.9368 68.1709 2.5673 -4.6649 4.7815 70.8532 2.5955 71.5229 2.4346 167.7302 2.8626 168.7891 2.4028
4414 168.3926 1.8668 49.1184 2.3560 126.2477 2.5546 3.4693 0.9539 68.2645 2.5434 -4.7187 4.7244 72.0638 2.4150 71.1431 2.5096 167.4672 2.6970 169.1555 2.6158
4415 168.3825 2.3254 50.5875 2.6308 126.3656 2.4438 2.6880 0.8164 68.5681 2.5193 -4.3400 4.7221 73.2056 2.2689 70.3801 2.5400 167.4331 2.4588 169.1062 2.9679
4416 168.7052 2.4702 52.0385 2.4523 126.8797 2.4701 1.8638 0.7623 68.8868 2.5285 -4.3531 4.6195 74.7286 2.5169 69.4375 2.5145 167.3026 2.3998 169.0001 3.5643
4417 168.9758 2.3746 53.6208 2.4058 127.2023 2.4195 0.5103 0.7689 69.4414 2.5060 -4.4275 4.3737 76.4644 2.3287 68.4828 2.4724 167.3604 2.4044 169.5301 3.7201
4418 168.9226 2.5779 55.1017 2.4719 127.1120 2.4641 -0.4360 0.8558 69.5653 2.5213 -4.5996 4.2226 78.4218 2.3664 67.3953 2.4424 167.2975 2.4722 169.8006 4.2787
4419 169.1683 2.7415 56.6493 2.3682 127.7468 2.4675 -1.8424 0.9846 70.0583 2.4505 -4.2609 4.1125 79.7418 2.3580 66.3133 2.7606 167.0952 2.6752 170.2323 4.4640
4420 169.1961 2.4019 57.7648 2.4363 127.7200 2.4183 -2.5304 0.7993 70.4685 2.5527 -4.4598 4.0391 81.3688 2.4440 65.3395 2.5991 166.9881 2.3901 170.3557 4.3190
4421 169.2057 2.5252 59.1342 2.5226 128.1305 2.3881 -3.3404 1.0017 71.0319 2.5273 -4.8257 4.1715 82.8894 2.3661 64.0697 2.5638 166.9956 2.1925 170.3752 4.2882
4422 169.0762 2.7464 60.5171 2.5114 128.4559 2.5107 -4.1597 1.1974 71.5616 2.6332 -4.9246 4.3699 84.5234 2.3964 63.4098 2.4914 166.7161 1.9530 170.6015 4.0512
4423 168.8920 2.5171 62.5289 2.3628 129.1752 2.5153 -4.9166 1.7099 71.9497 2.5692 -5.3328 4.4832 85.9723 2.5135 62.2182 2.4217 166.4085 1.6496 170.9048 3.5573
4424 169.2819 2.2447 63.9241 2.5832 129.5720 2.4236 -5.6561 1.8721 72.2582 2.5115 -5.9841 4.6610 87.0425 2.3609 61.2488 2.4231 166.5647 1.7723 171.1331 3.0007
4425 169.2239 2.0022 65.3018 2.3733 130.1231 2.3455 -6.3361 1.9698 72.4487 2.4921 -6.1192 4.9994 88.5574 2.4218 60.4370 2.5106 166.2391 1.2420 171.4427 2.8097
4426 169.3728 1.7130 66.5348 2.3973 130.6288 2.3966 -6.7902 2.0802 72.8612 2.5312 -6.2734 5.2841 89.6238 2.6694 59.6769 2.3396 166.2447 1.2222 171.3005 2.2475
4427 169.8107 1.6592 67.9995 2.5504 131.3814 2.4310 -7.2000 2.3876 73.2023 2.5371 -6.3827 5.1383 91.0998 2.6713 58.7977 2.4810 165.9303 0.7162 171.2246 1.7329
4428 169.8898 1.5248 68.5150 2.4857 131.4105 2.4408 -7.1933 2.3580 73.7923 2.4657 -6.4045 4.9319 92.4837 2.6616 57.8779 2.4364 165.7752 0.3962 170.9377 1.7007
4429 169.7665 1.2949 69.1614 2.4308 131.2986 2.4609 -7.3071 2.5972 74.3206 2.4559 -6.3805 4.8526 93.8120 2.4904 57.1707 2.4359 165.9964 0.0020 170.7413 1.7464
4430 170.0726 1.0722 69.9174 2.4527 131.0973 2.5361 -7.7056 2.5818 74.5903 2.4581 -6.8407 5.2337 94.8114 2.4237 56.6341 2.5218 166.0563 -0.1215 170.5446 1.2347
4431 170.0084 0.7318 70.8505 2.5495 130.9299 2.5275 -7.9043 2.5204 74.9445 2.4656 -6.9984 5.5573 96.0882 2.4403 56.1890 2.5686 166.3762 -0.3697 170.7184 0.7831
4432 169.9694 0.9676 71.5719 2.4802 131.1081 2.5063 -7.6413 2.4968 75.1887 2.4916 -6.9040 5.8459 97.3977 2.5352 55.5943 2.4493 166.3933 -0.5893 170.8060 0.5332
4433 169.8977 0.9421 72.1301 2.5005 131.1488 2.5068 -7.9543 2.6870 75.1237 2.5780 -6.8186 5.6388 98.5854 2.5429 55.1758 2.3732 166.5014 -0.5515 170.9547 0.7005
4434 169.9254 1.1858 72.4121 2.4422 130.7048 2.5961 -8.1562 2.5444 74.7317 2.5100 -6.9233 5.8460 99.8478 2.5691 54.9569 2.4643 166.6142 -0.8908 171.3696 1.2817
4435 169.7914 0.7823 72.7822 2.5633 130.1917 2.5857 -7.8354 2.7610 74.1926 2.6260 -7.2347 5.6964 101.0509 2.4759 54.8596 2.5103 166.9280 -0.9024 171.3453 1.2741
4436 169.7314 0.8645 72.9085 2.4912 129.6467 2.5578 -7.4936 2.6917 73.6672 2.6361 -7.5125 5.5691 102.0238 2.3600 54.9167 2.4365 167.3406 -0.7946 171.2663 1.4502
4437 170.0650 0.5650 73.2205 2.5363 129.3955 2.5169 -7.2668 2.9277 73.7273 2.6400 -7.4376 5.4831 103.2770 2.4875 55.0263 2.5556 167.4163 -0.7912 171.0949 2.0439
4438 169.8430 0.2429 73.3766 2.4941 128.7932 2.6930 -7.2836 2.7151 73.3738 2.5279 -7.4544 5.3118 104.5001 2.7140 55.0416 2.4507 167.4006 -0.9060 171.1654 2.0568
4439 169.6421 0.0338 73.3931 2.4746 128.0686 2.6997 -7.3524 2.6034 72.2812 2.7116 -7.7453 5.4395 104.8705 2.2722 55.0585 2.5021 167.2431 -0.6153 171.1440 1.8452
4440 169.3144 -0.3269 73.0230 2.4778 126.9816 2.7569 -7.5061 2.4313 71.1691 2.5771 -7.8012 5.2533 105.6760 2.4157 55.3065 2.5362 167.4006 -0.7314 170.6275 2.1130
4441 169.6041 -0.7040 72.5119 2.3752 125.8203 2.7298 -7.4709 2.1117 70.0326 2.5193 -7.4526 5.4245 106.3899 2.4181 55.7127 2.5162 167.3594 -0.7527 170.4599 2.2921
4442 169.3769 -0.8165 71.6892 2.5021 124.6484 2.5221 -7.1440 2.2990 68.7241 2.4251 -7.6395 5.3428 106.7065 2.4676 56.3680 2.5138 167.2141 -0.7453 169.8703 2.6177
4443 169.2169 -0.8086 71.1613 2.5598 123.3954 2.5434 -7.2341 2.0243 67.7322 2.5020 -7.3386 5.0111 107.8290 2.4517 56.9241 2.5497 167.2622 -0.7895 169.2441 2.5825
4444 168.9982 -0.8258 70.6150 2.6172 122.0318 2.4269 -6.8724 2.1867 67.0604 2.3656 -7.3061 4.9540 108.4737 2.5159 57.3835 2.6014 167.5477 -0.4297 169.2627 2.8275
4445 168.5817 -0.7786 69.7844 2.5776 120.8221 2.4181 -6.9596 2.1823 66.2848 2.5379 -7.3202 4.9720 108.9805 2.4671 57.7866 2.5402 167.6223 -0.5157 169.0183 2.9203
4446 168.5567 -0.5490 68.8254 2.5977 119.5501 2.5158 -6.8288 1.7364 65.1602 2.4273 -7.1404 5.0807 109.1308 2.5211 58.1495 2.4777 167.9753 -0.5727 168.7347 3.0404
4447 168.4787 -0.0112 67.8022 2.4676 117.9171 2.5553 -6.5148 1.4704 64.4814 2.4727 -7.4831 5.2683 109.1627 2.4467 58.3569 2.5012 168.2946 0.2630 168.6110 3.5175
4448 168.2410 -0.0784 66.6921 2.6714 116.3784 2.5173 -6.4616 0.9036 63.9195 2.6575 -7.1924 5.4095 109.1406 2.4731 58.8326 2.6654 168.2712 0.2751 168.3326 3.6159
4449 168.2937 0.0649 65.2760 2.5205 115.3042 2.4947 -6.3683 0.3521 62.8811 2.5818 -7.3802 5.5723 109.1015 2.5905 59.1023 2.5762 168.6005 0.2759 167.9896 3.7020
4450 167.8818 0.0272 64.3284 2.3017 114.1995 2.4975 -6.3999 0.1087 62.6754 2.6100 -7.2947 5.3333 108.5145 2.6135 59.4856 2.6077 168.6812 0.3236 168.1858 3.9341
4451 167.4800 0.2244 62.7663 2.4868 113.1087 2.6297 -6.2288 -0.1814 61.9948 2.6198 -7.0909 5.8071 108.5224 2.5825 59.8287 2.4770 168.6565 0.0804 167.7762 4.1736
4452 167.7353 0.5434 60.8584 2.5528 111.8392 2.3934 -6.4338 -0.2980 62.0204 2.4306 -7.2956 5.7810 108.0175 2.3745 60.3495 2.4428 168.4587 0.0569 168.0024 4.7135
4453 168.0539 0.4131 59.0993 2.5485 110.2472 2.4938 -6.4405 -0.6903 62.1058 2.5241 -7.3566 5.4810 107.2286 2.3922 60.5946 2.4637 168.5468 -0.0291 168.1744 4.8044
4454 168.1912 0.7335 57.5620 2.4798 108.7406 2.4083 -6.6989 -0.6906 62.1065 2.4385 -7.0862 5.5163 106.8218 2.5353 60.6103 2.4846 168.3617 -0.3688 168.2485 4.8572
4455 168.6492 0.3942 56.3686 2.5140 107.3933 2.5716 -6.9184 -0.2688 62.4940 2.4963 -7.3890 5.4498 105.9303 2.6334 60.9084 2.5290 168.5430 -0.6491 168.0309 4.9273
4456 168.4609 0.2502 54.5335 2.5724 106.3537 2.5043 -7.4048 -0.0733 62.6053 2.4897 -7.5384 5.6738 105.1995 2.6822 60.4635 2.5630 168.4390 -0.6498 168.0568 4.9555
4457 168.7688 0.1352 53.2196 2.5375 104.7890 2.4876 -7.6346 -0.4480 63.2217 2.4772 -7.4148 5.7597 104.1925 2.4811 60.0989 2.6251 168.1095 -0.4977 168.2359 5.0498
4458 168.3215 -0.4949 51.8712 2.5984 103.2020 2.3815 -7.9312 -0.5682 63.9336 2.4194 -7.7621 5.5826 103.0559 2.8016 59.4855 2.6129 167.5603 -0.3835 168.8613 4.7991
4459 168.5286 -0.2870 50.5910 2.5797 101.6002 2.5500 -7.9400 -0.5574 64.6773 2.5590 -7.8085 5.3760 101.9133 2.7223 58.7471 2.5507 167.5167 -0.3850 168.8307 4.7299
4460 168.6915 -0.6074 49.3365 2.4573 100.2607 2.5781 -8.1224 -0.7613 65.1959 2.5134 -7.9470 5.3638 100.5177 2.5644 57.7948 2.5306 167.2300 -0.2732 168.8356 4.7882
4461 168.5328 -0.8184 48.1126 2.4500 98.8723 2.4255 -7.7522 -0.9152 65.9774 2.5257 -8.0936 5.0702 99.2092 2.5866 56.9844 2.4909 166.7822 0.0546 168.7920 4.4829
4462 168.5118 -1.0260 46.7516 2.5611 97.0826 2.5465 -7.8730 -0.9961 66.8902 2.4596 -8.2066 4.7400 97.9203 2.4228 56.0807 2.6094 166.9536 0.1784 168.5559 4.3383
4463 168.3139 -0.7116 45.3712 2.5859 95.8324 2.7114 -8.1589 -0.8136 67.8353 2.7348 -8.0357 4.5647 96.7744 2.5389 54.9392 2.6327 166.6223 0.7894 168.6743 3.9459
4464 168.2402 -0.5255 43.8943 2.4361 94.5440 2.4780 -7.5805 -0.5482 68.9398 2.6345 -8.4015 4.2554 95.6181 2.5752 53.7006 2.5551 166.7778 0.9628 168.4104 3.7737
4465 168.3148 -0.3068 42.5675 2.4208 93.2059 2.5106 -7.4025 -0.3280 69.8626 2.5287 -9.0055 4.1561 94.8312 2.4929 52.0865 2.5472 166.7212 1.2482 169.0663 3.7991
4466 168.7644 0.2886 41.3264 2.4776 91.8507 2.5382 -7.3250 -0.4807 71.1038 2.2641 -9.2523 3.9203 93.3369 2.4725 50.8978 2.6498 166.6741 1.6266 168.9692 3.9512
4467 168.9731 0.4229 40.3037 2.5242 90.3186 2.6221 -7.3458 -0.0339 72.0018 2.4801 -9.2540 3.9191 91.8956 2.4201 49.5229 2.5911 166.8169 2.4969 169.7505 4.1145
4468 169.5283 0.6878 38.7682 2.5914 89.0369 2.4722 -7.1511 -0.2850 73.2120 2.4272 -9.3898 4.0540 90.6770 2.3012 47.9260 2.7603 166.7489 2.4502 170.2213 4.1718
4469 169.7444 0.6865 37.3596 2.5414 87.5867 2.6577 -7.1676 -0.1227 74.5515 2.5374 -9.6367 4.1146 89.6746 2.3899 46.7198 2.6204 166.5313 2.5851 170.3969 4.3239
4470 169.6740 0.7728 35.8512 2.5722 86.2439 2.1663 -7.2457 -0.0112 75.7150 2.5501 -9.4908 3.9363 88.1539 2.3295 45.0293 2.5735 166.7405 2.7020 170.5171 4.4746
4471 170.0695 1.2545 34.6967 2.5219 84.8128 2.4029 -7.3488 0.2155 76.6785 2.3593 -9.4583 3.8923 86.8824 2.4434 43.4400 2.5946 166.6234 2.8184 170.6476 4.8283
4472 170.4825 0.8937 33.4337 2.5502 83.1753 2.5838 -7.5374 0.0239 77.7451 2.3919 -9.1955 3.7931 85.9679 2.5718 41.8448 2.6476 166.9582 2.8647 170.6177 4.8350
4473 170.8199 0.8472 32.1226 2.4272 81.7061 2.6086 -7.5990 0.1260 79.0449 2.5000 -9.4659 4.0041 84.5577 2.6710 40.4337 2.6980 167.0898 3.4476 170.7230 4.6383
4474 171.0498 0.7462 30.8548 2.5915 80.1747 2.4950 -7.7500 0.2266 80.2942 2.5189 -9.6252 4.1809 83.1846 2.6363 38.9886 2.6164 166.9558 3.6712 170.8837 4.4079
4475 170.9190 0.3926 29.8469 2.7373 78.8018 2.3594 -7.8385 0.4286 81.1543 2.5273 -9.5538 4.2264 81.9766 2.3956 37.8365 2.4908 167.2668 3.3946 170.8762 4.2708
4476 170.5471 0.4348 28.9763 2.4171 77.0256 2.4520 -7.6429 0.2180 81.9573 2.6514 -9.5814 3.8621 80.4288 2.4838 36.9264 2.2735 167.5465 3.5376 170.7385 4.0863
4477 170.4485 0.5772 28.0729 2.4863 75.7777 2.6620 -7.4291 0.0851 83.0195 2.6165 -9.1367 4.0593 79.0728 2.5204 35.4782 2.5239 167.9062 3.1708 170.3515 4.4369
4478 170.3944 0.7858 27.5462 2.3565 74.2444 2.6026 -7.4318 0.4944 84.2971 2.5280 -8.7918 4.0363 77.9473 2.6044 34.2919 2.5592 167.8007 3.5110 170.4287 4.2517
4479 170.5486 0.4485 26.7056 2.3814 73.1820 2.5472 -7.2778 0.9346 84.9882 2.5835 -8.5601 4.1793 76.9455 2.4562 33.1374 2.3866 168.0788 3.2481 170.1890 4.1684
4480 170.2602 0.2453 26.2404 2.4320 71.3657 2.3721 -7.5349 1.1204 85.7826 2.4407 -8.4791 4.2161 75.2433 2.5242 31.8106 2.4837 168.4033 3.3673 170.0310 4.4743
4481 169.4566 0.1465 25.7532 2.4839 70.2042 2.3190 -7.2616 1.3347 86.3461 2.4697 -8.3021 4.5057 73.8921 2.3785 30.4594 2.5668 169.0883 3.5807 169.5711 4.4775
4482 169.5237 0.5981 25.6300 2.5099 68.8791 2.3803 -7.3760 1.7698 86.7745 2.5672 -8.4292 4.4339 72.3318 2.5727 29.0818 2.5233 168.9087 3.6345 169.3737 4.3001
4483 169.6409 0.3622 25.3512 2.5104 67.7717 2.3451 -7.2013 1.9928 87.1913 2.5994 -8.3886 4.7802 71.1413 2.6567 27.5863 2.5549 169.3543 3.3196 169.2696 4.3804
4484 169.5351 0.4302 25.2625 2.5804 66.4373 2.5042 -6.8189 2.0212 87.5963 2.4246 -8.3139 5.0133 69.8595 2.6477 26.1835 2.6466 169.7505 3.6946 169.4579 4.8376
4485 169.6354 0.5363 25.0902 2.5198 65.6059 2.6304 -6.7736 1.7660 87.5910 2.5530 -7.9421 5.2593 68.5003 2.5225 25.1983 2.6879 169.5605 3.8708 169.5539 4.6360
4486 169.3012 0.9192 25.4082 2.4924 64.4670 2.5070 -6.3907 1.8430 87.2846 2.5134 -7.7612 5.0236 67.2209 2.4521 23.7277 2.7567 169.9736 4.1688 169.2126 4.7528
4487 169.0632 1.2304 25.2822 2.4587 63.5374 2.3257 -6.2284 2.0396 86.9890 2.5503 -7.5777 5.1058 66.0320 2.4175 22.5188 2.6015 170.3113 3.9697 168.7618 4.8803
4488 168.8679 1.5813 25.5522 2.4583 62.2189 2.6546 -6.2905 1.7264 86.5541 2.4870 -7.1066 5.2992 64.2786 2.5796 21.0235 2.6341 170.4252 4.2259 168.6111 5.1346
4489 168.5278 1.6266 25.9452 2.5304 61.2172 2.6118 -5.9796 1.7349 86.2708 2.4949 -6.8722 5.6279 62.8011 2.3784 19.6183 2.5210 170.7310 4.4034 168.2950 5.5098
4490 168.7613 2.0907 26.4898 2.5382 60.1831 2.4410 -6.0682 1.5445 85.6258 2.4499 -6.7961 5.5420 61.5288 2.3947 18.4602 2.5584 170.6823 4.3720 167.8633 5.5890
4491 168.4229 2.3999 26.9266 2.5098 58.7417 2.6071 -5.7277 1.6630 84.9053 2.4462 -6.7973 5.6923 60.2669 2.4740 17.4273 2.5024 170.6096 4.2038 167.5084 5.5325
4492 168.3774 2.7678 27.8020 2.5654 57.0686 2.7159 -5.6678 1.6960 84.1054 2.4541 -6.7450 5.5920 59.1962 2.4119 15.8628 2.5604 170.4311 3.7652 167.2389 5.3099
4493 167.9489 3.1481 28.8670 2.5071 55.3258 2.3129 -5.2386 1.5932 83.2143 2.3912 -6.3844 5.6837 58.1688 2.5359 14.6475 2.6651 170.5002 3.6664 166.9820 5.0847
4494 167.9574 3.3097 29.7509 2.5937 54.3249 2.6201 -4.5744 1.2857 81.7699 2.5418 -6.7460 5.9207 56.7596 2.5411 13.5967 2.5624 170.2205 3.6204 166.9006 4.8580
4495 167.7787 3.6829 30.4300 2.4457 53.1905 2.5250 -4.0239 1.4223 80.7573 2.5011 -6.4937 5.7582 55.4202 2.5289 12.8811 2.5425 169.8537 3.8418 166.4992 4.4342
4496 167.9793 4.0842 31.6129 2.4628 51.6764 2.6528 -3.2335 1.3943 79.4968 2.4190 -6.6576 6.0744 53.8324 2.6330 12.1593 2.6161 169.7845 3.7361 166.3402 4.3591
4497 167.7197 4.1687 32.5210 2.4749 50.6646 2.4902 -2.7767 1.3162 78.5127 2.5970 -6.4891 5.9928 52.4527 2.3041 11.1327 2.4785 169.6905 3.5830 166.3700 4.5817
4498 167.8398 4.3855 34.1215 2.4790 49.5367 2.5622 -1.9024 1.4040 76.9666 2.5434 -6.5258 6.0779 50.9411 2.5459 10.4914 2.4000 169.2497 3.7400 166.4155 4.9454
4499 168.2121 4.6929 35.2456 2.5085 48.8449 2.5282 -0.9111 1.6445 75.4909 2.6545 -6.6190 5.9901 49.7536 2.5410 9.5093 2.5954 169.2361 3.7633 166.2753 4.8497
4500 167.8907 4.9329 35.9868 2.3729 48.1947 2.6115 0.3876 1.8198 74.0962 2.4815 -6.8462 5.7059 48.1842 2.3248 9.1728 2.4309 169.0632 4.1408 166.1037 5.4454
4501 167.9954 5.1108 37.1309 2.5068 47.7121 2.6033 1.3050 2.0709 72.6724 2.6416 -7.5090 5.4265 47.3357 2.5661 8.7453 2.5069 168.9213 4.4508 166.3854 5.7024
4502 168.2815 5.5821 38.6276 2.3687 47.1242 2.6368 2.6273 1.7273 71.7570 2.1992 -7.9007 5.0940 46.4547 2.7081 8.8581 2.4553 168.7371 4.6872 166.6272 5.6179
4503 168.1164 5.5871 39.6179 2.6436 46.7345 2.4916 3.6061 1.8398 70.4337 2.3068 -8.1567 4.8420 45.6016 2.5272 8.7189 2.5512 168.5792 5.1017 167.0747 5.6296
4504 168.3527 5.5328 40.8933 2.3915 46.1347 2.4469 4.6316 1.7364 68.8542 2.3325 -8.7464 4.4277 44.8409 2.6331 8.6239 2.4418 168.4139 5.0250 167.4351 5.7281
4505 168.5564 5.5642 42.2159 2.4388 46.1748 2.5650 5.3329 1.8079 67.4646 2.4955 -9.2303 4.2821 44.0347 2.5274 8.8631 2.4416 168.7816 5.0418 167.5455 5.7773
4506 168.3675 5.6595 43.4883 2.5516 45.7404 2.5386 5.8507 1.9744 66.2207 2.4309 -9.1122 3.6786 43.3957 2.5349 8.9510 2.3978 168.4018 5.0140 167.4022 5.3578
4507 168.5499 5.6869 45.0900 2.6202 45.0890 2.4859 6.6871 1.7248 65.1857 2.5862 -9.1775 3.3614 42.6580 2.4358 9.6007 2.5014 168.2902 4.8605 166.7819 5.4681
4508 168.7035 5.3393 46.2759 2.5405 45.1770 2.5335 6.8739 1.7979 64.0961 2.4824 -9.2276 2.5631 42.5912 2.4536 9.8331 2.4756 168.5335 4.6996 166.7634 5.3295
4509 169.2297 5.4844 47.7778 2.4265 44.9812 2.4306 7.7013 1.9270 63.1137 2.5821 -9.0970 1.9391 42.2614 2.3623 10.6812 2.5711 168.4775 4.4361 166.6089 5.0236
4510 169.5939 5.1845 48.8315 2.3944 44.8650 2.5555 8.2157 1.9179 62.1267 2.4646 -9.0421 1.5968 41.6210 2.5334 10.7544 2.5854 168.5952 4.2403 166.3732 4.6200
4511 169.8903 4.8136 50.0654 2.3025 44.7741 2.5067 8.6660 2.1831 60.9332 2.5894 -8.9937 1.2966 41.1109 2.4951 11.1416 2.3629 168.7818 3.8983 166.1865 4.1921
4512 169.7940 4.5368 51.6686 2.4004 45.1712 2.5049 9.5507 2.3732 59.7357 2.4661 -8.7050 1.5094 40.8927 2.5382 11.6325 2.4429 168.7681 3.6906 165.6860 4.0855
4513 170.3814 4.5983 53.0639 2.3892 45.2947 2.5879 8.8839 2.4260 58.9363 2.5065 -8.5670 1.4344 40.7088 2.5872 12.2251 2.5129 168.9146 3.6199 165.3973 3.7107
4514 170.6004 4.7247 54.7879 2.4583 45.4715 2.5100 9.2533 2.4380 58.1300 2.3693 -8.3611 1.2825 41.2742 2.4831 13.1006 2.3991 168.7740 3.6398 164.8803 3.4340
4515 170.4225 4.7565 56.1226 2.4556 45.5969 2.5079 9.4346 2.4887 57.5617 2.4524 -7.8300 1.7370 41.6321 2.4307 13.5334 2.4642 168.8164 3.6910 164.9739 3.1180
4516 170.1240 4.5804 57.0228 2.5368 45.7078 2.4801 9.6761 2.5647 56.8693 2.4528 -7.7088 2.1854 41.4458 2.4011 14.2490 2.4793 168.9820 3.6529 164.6902 3.0522
4517 169.9467 4.7207 58.5749 2.4952 45.8052 2.5505 9.5835 2.6374 56.6625 2.5674 -7.6078 2.1372 41.6527 2.5690 14.5342 2.5671 169.0194 3.7430 164.7284 2.8797
4518 169.5281 4.3598 59.7865 2.5772 46.3477 2.6177 9.6717 2.7188 56.0044 2.5079 -7.6058 2.2690 42.1070 2.5130 15.1119 2.5040 168.8797 3.3900 164.7905 2.7992
4519 169.4520 3.8411 61.4335 2.4621 46.5690 2.5692 9.6532 2.6250 55.7015 2.5264 -7.5826 1.7213 42.5549 2.5847 15.4014 2.4387 168.8152 3.0325 165.0251 2.5056
4520 169.3260 3.9019 62.7582 2.3902 46.8430 2.4464 9.2222 2.6624 55.4688 2.5287 -7.4404 1.9624 43.3982 2.5830 15.3988 2.4474 169.1463 3.1607 164.7801 2.2372
4521 169.1220 4.5497 64.3607 2.3890 46.8979 2.5105 8.6884 2.9075 55.1658 2.4736 -7.3376 1.7632 44.1895 2.5307 15.6472 2.4635 169.5038 3.2703 165.1039 2.7620
4522 168.6989 4.6175 65.6618 2.5685 47.6240 2.5710 8.1087 3.1445 55.2539 2.5143 -7.4273 2.0991 44.9972 2.3349 15.2838 2.5901 169.7509 3.1162 165.3786 2.7805
4523 167.6596 4.2966 67.1097 2.4003 47.8041 2.4664 7.7453 3.3235 55.3646 2.5021 -7.1964 2.1918 46.1205 2.6134 14.9654 2.5023 169.7831 3.1769 165.0375 2.6603
4524 166.9403 4.1774 68.7000 2.4481 47.7045 2.4413 7.0494 3.3140 55.9231 2.5620 -7.2243 2.6148 47.1801 2.5694 14.4594 2.4896 169.9386 3.8869 164.9333 2.5594
4525 166.1646 4.2404 69.9068 2.3805 47.5911 2.4744 6.0207 3.3779 56.2333 2.5571 -6.9955 3.0657 48.4314 2.5565 13.6783 2.5441 169.7533 3.7305 164.9122 2.1630
4526 165.4803 4.3804 71.4127 2.4722 47.3654 2.5267 4.9174 3.5428 56.5069 2.5610 -7.0607 3.0782 49.8988 2.4955 13.2316 2.4886 169.5876 3.7186 164.8660 1.9839
4527 164.6341 4.2841 72.7960 2.4520 46.7863 2.4481 4.1170 3.5089 57.0098 2.5545 -7.0871 3.3517 51.2242 2.4037 12.4749 2.5028 169.5648 3.4481 164.6544 1.8102
4528 163.9395 3.8127 74.5025 2.4461 46.3761 2.4330 3.1420 3.7087 57.3470 2.5109 -7.4830 3.5446 52.8113 2.4735 11.9290 2.4372 169.4219 2.8665 164.6780 1.4195
4529 163.6485 3.7124 75.8412 2.5128 45.5020 2.5238 2.4025 3.7410 57.7044 2.5322 -7.7118 3.8674 53.8990 2.5799 11.3106 2.4330 169.1817 2.8105 164.7074 1.3348
4530 163.0284 3.8060 77.0896 2.5836 44.7799 2.6087 1.3714 3.8549 58.1648 2.6214 -8.0440 4.1720 55.0831 2.5694 10.5119 2.3283 169.1373 2.7919 164.7333 1.1387
4531 162.4875 3.8489 78.5911 2.5264 44.1964 2.5234 0.0011 3.8696 58.8156 2.4860 -8.6118 4.0236 56.6668 2.4909 9.5227 2.3004 168.7715 2.9250 164.9767 1.1135
4532 161.6535 3.7541 79.7888 2.4939 43.3259 2.4590 -0.6837 3.7973 59.1008 2.5785 -8.8036 4.2998 58.2239 2.5864 8.4267 2.0236 168.1450 2.6668 165.1487 1.1005
4533 160.8786 3.7225 81.6235 2.5783 42.1457 2.4271 -1.4855 3.6591 59.7471 2.6713 -8.4899 4.1794 59.5711 2.6347 7.2000 1.9342 167.9594 2.4339 165.3078 0.8986
4534 160.2458 3.4784 83.0218 2.3307 40.9196 2.4005 -2.5607 3.6701 59.9969 2.4805 -8.5185 4.4396 60.8630 2.4622 6.3521 1.7437 167.9786 2.6532 165.7827 0.8779
4535 159.4808 3.3833 84.8165 2.3947 39.7579 2.3483 -3.8715 3.8003 59.9984 2.5140 -8.0916 5.0345 62.4940 2.3584 5.1121 1.4306 167.5846 2.5219 165.9921 0.7362
4536 158.7289 3.3281 86.2297 2.4477 39.1611 2.3713 -4.7670 3.7418 59.8217 2.5412 -8.1708 5.2344 63.6877 2.5708 4.1575 1.3924 167.6008 2.1985 165.8982 0.9884
4537 157.6051 3.3300 87.2456 2.7133 37.9491 2.5154 -5.4907 3.6469 59.7545 2.4871 -8.1369 5.6121 64.9524 2.5736 3.1592 0.7669 167.1665 2.3593 166.1201 0.8706
4538 156.7406 2.9158 88.3849 2.5789 36.8476 2.5110 -5.8965 3.4563 59.5215 2.5266 -7.9660 5.7299 66.2798 2.6188 2.5622 0.7448 166.8652 2.8452 166.0855 0.5925
4539 155.6704 2.5300 89.5319 2.4323 36.3503 2.4945 -6.3590 3.4836 59.3117 2.4761 -8.2743 5.7495 68.2011 2.4122 1.5123 0.5569 166.6814 3.2901 166.4065 0.0071
4540 154.5920 2.5821 90.7715 2.4746 35.5034 2.4587 -6.7722 3.4599 58.8726 2.5108 -8.2464 5.8065 69.6267 2.8030 0.3167 0.7660 166.2990 3.5013 166.5003 0.2036
4541 153.5030 2.5224 92.0503 2.5180 34.6068 2.5277 -6.9878 3.6071 58.4846 2.6230 -8.1289 5.8892 70.9145 2.4285 -0.7835 0.6380 166.1110 3.8444 166.6866 0.4784
4542 152.3183 2.3216 93.3824 2.4386 34.0058 2.5157 -7.4252 3.1438 58.1970 2.4673 -8.3309 5.8039 71.9312 2.3345 -1.6502 0.4940 166.1961 3.5847 166.3356 0.6151
4543 150.9690 2.3867 94.4435 2.4896 33.6333 2.5455 -7.7617 3.2234 57.9438 2.5091 -8.3253 5.4512 73.1418 2.4878 -2.3469 0.5545 165.5272 3.5564 166.2973 0.8906
4544 149.3777 2.5422 95.5839 2.3360 32.6903 2.5755 -7.6823 3.2991 57.0733 2.4180 -8.1064 5.5294 74.2178 2.6132 -3.3231 0.6416 165.2351 3.4762 166.2563 1.5220
4545 148.0903 2.2197 97.2128 2.4154 32.2314 2.4459 -7.8926 3.2296 56.6646 2.4352 -8.1588 5.8874 74.8778 2.3415 -4.1043 0.9567 165.1282 3.3804 165.9336 1.2212
4546 147.0342 2.2485 98.7272 2.4700 32.2213 2.5236 -7.9161 3.3306 55.8184 2.4356 -8.1928 5.6890 76.5729 2.6479 -4.8499 1.1669 165.2340 3.2009 165.6789 1.3342
4547 145.9562 2.3373 100.1890 2.5159 31.9012 2.5374 -8.0334 3.7164 55.1786 2.3960 -8.4892 5.5278 77.7158 2.4141 -5.2417 1.1049 165.1646 2.9644 165.5396 1.6277
4548 144.9375 2.3080 102.2252 2.6458 31.6205 2.5906 -7.8763 3.7226 54.4405 2.5526 -8.4918 5.7842 78.8065 2.4661 -5.6590 1.2974 165.2264 2.5631 165.6333 2.0121
4549 143.3895 2.7403 103.6090 2.8205 31.5274 2.4981 -8.4767 3.7471 53.2308 2.6745 -8.2730 5.6068 80.1449 2.7919 -6.2197 1.4193 165.1903 1.9397 165.2926 1.5031
4550 141.9725 2.4878 104.8773 2.6591 31.6252 2.5010 -8.8052 3.7594 52.0015 2.4310 -8.2564 5.4908 81.7808 2.6160 -6.5563 1.4246 165.4876 1.7211 164.9734 1.6122
4551 140.4693 2.4401 106.6233 2.5471 31.6470 2.5496 -8.8023 3.6985 50.7911 2.4813 -8.0560 4.9606 82.6556 2.7032 -6.6606 2.1167 165.4240 1.6259 164.8759 1.3960
4552 139.5374 2.5527 108.0880 2.3765 31.8906 2.4172 -8.6515 3.6740 49.9839 2.4273 -7.9388 4.7513 83.6458 2.6883 -6.7929 2.1706 165.5305 2.0788 165.3173 1.2767
4553 138.3913 2.4250 109.1408 2.6659 32.2294 2.4819 -8.5122 3.6542 48.5328 2.4448 -7.7269 4.1511 84.7120 2.6453 -6.5914 2.0727 165.9806 2.1611 165.1574 1.0816
4554 136.6798 2.5619 110.5337 2.4620 32.4674 2.6830 -8.2506 3.9689 47.0607 2.4965 -7.7618 3.6453 86.0376 2.4498 -6.1838 2.1291 166.0435 2.2835 165.3148 1.1971
4555 135.3788 2.5637 111.9689 2.6297 32.7261 2.5278 -7.8452 4.0515 45.7100 2.6503 -7.7123 3.4646 87.1641 2.6195 -6.1208 2.3913 166.4069 2.4735 165.5524 1.1074
4556 133.9944 2.6818 112.9920 2.4977 33.7526 2.4782 -7.1471 4.1599 44.5245 2.6277 -7.9750 3.0600 88.2577 2.5739 -6.0268 2.7924 166.6437 2.6631 165.8974 0.7987
4557 132.7151 2.6875 114.3388 2.5942 34.6723 2.3129 -6.6122 4.1174 42.9842 2.4825 -8.1123 3.3323 88.7344 2.4969 -6.1008 3.2069 167.0332 2.8290 165.8360 1.2750
4558 131.3870 2.7221 115.6369 2.4716 35.4973 2.4406 -5.9723 4.1133 41.3846 2.3548 -8.5360 3.1968 89.5642 2.5582 -5.7147 3.1800 167.2057 3.0452 165.8676 1.9417
4559 129.8865 2.4824 116.7543 2.5073 36.3302 2.3457 -5.4181 3.7922 40.1863 2.4272 -8.9267 3.2366 90.0531 2.5153 -5.7074 3.0580 166.9455 2.9291 166.3437 2.2585
4560 128.7156 2.3358 118.3026 2.4778 37.5730 2.3238 -5.2123 4.1368 38.4674 2.6069 -9.2609 3.1928 90.2694 2.5202 -5.4757 3.0030 167.1327 2.3576 166.3606 2.4308
4561 127.5205 2.4493 119.6719 2.4433 38.7010 2.3312 -5.0133 4.0283 37.1369 2.2565 -9.4543 3.1982 90.5226 2.5658 -5.2030 3.4126 166.9547 2.3732 166.7217 2.7491
4562 126.2732 2.7066 120.9320 2.5145 39.9349 2.2757 -4.2547 4.3152 35.9053 2.5450 -9.3517 3.1318 90.3842 2.5345 -4.9419 3.1992 166.7042 2.1876 166.0824 3.0376
4563 125.2079 2.6458 122.1937 2.4451 41.3830 2.6042 -3.8936 4.3236 34.3419 2.6373 -9.6340 3.0332 90.5171 2.4993 -4.8604 3.3046 166.3454 1.8830 166.1034 3.9683
4564 124.3171 2.4371 123.1522 2.5601 42.5121 2.4333 -3.7972 4.6346 32.9199 2.6728 -9.9696 2.6444 89.9637 2.4901 -4.3362 3.2347 166.3468 1.5451 166.0414 4.0996
4565 122.9144 2.4120 124.1209 2.5506 43.8645 2.4510 -3.5686 4.2910 31.5521 2.4748 -10.1079 2.8125 90.1464 2.4814 -4.3656 3.2970 166.3418 0.7714 165.9185 4.4739
4566 121.6386 2.4801 125.4083 2.5166 45.6010 2.5251 -2.9705 4.2212 30.0208 2.6211 -9.5509 2.6814 89.7980 2.4732 -4.7961 3.3091 166.4570 0.7554 165.8248 4.6535
4567 120.2438 2.3795 126.6484 2.7715 46.9134 2.4913 -2.2651 4.0442 28.3551 2.4676 -9.3005 3.0860 89.4635 2.5747 -5.3265 3.3148 167.1399 0.6546 165.7187 4.6486
4568 119.0873 2.4131 127.8797 2.5628 48.1300 2.6192 -1.6883 3.7905 27.3206 2.8453 -9.0953 3.3443 88.8619 2.5057 -5.2543 3.2796 167.6136 0.4664 165.9831 4.7993
4569 117.6065 2.5756 129.2787 2.2949 49.6454 2.3253 -0.4674 3.7141 26.0792 2.6241 -9.1959 3.6270 88.5204 2.6399 -4.7750 2.7173 167.3303 0.1739 166.2982 5.0952
4570 116.3195 2.5312 130.5257 2.3447 50.5313 2.5111 0.3194 3.7076 24.4816 2.5431 -9.0870 3.3947 87.7462 2.2352 -4.6474 2.2372 167.6985 -0.1216 166.1206 5.1890
4571 114.9488 2.6534 131.8061 2.5872 52.2349 2.5658 0.8175 3.4661 23.2675 2.3835 -9.1372 3.3565 86.5972 2.4623 -4.6712 2.0995 167.9854 -0.2652 165.9217 5.2447
4572 113.7381 2.4603 132.5763 2.5505 53.6021 2.5285 1.4761 3.1705 22.0360 2.4318 -8.9438 3.3631 85.8232 2.5589 -4.8229 1.8124 168.7005 -0.3573 165.8870 5.1857
4573 112.2670 2.5414 133.5916 2.2224 55.2876 2.5229 2.4814 3.0727 20.8796 2.5215 -8.5176 3.6295 84.7619 2.4595 -5.0606 1.8702 169.0355 -0.4590 165.9567 5.0877
4574 111.2752 2.4024 134.3826 2.3499 56.4818 2.6553 2.8269 3.0312 19.5553 2.4884 -8.5261 3.7262 83.6830 2.5604 -5.1592 1.8461 169.4622 -0.2183 165.9299 4.6925
4575 109.9953 2.4834 134.7771 2.5162 57.8518 2.6035 3.8236 2.9677 18.7072 2.7141 -7.9424 3.6111 82.5083 2.4295 -4.6702 2.0268 169.5373 -0.0041 165.7854 4.4248
4576 108.8453 2.4435 135.8318 2.6092 59.1121 2.4834 4.8217 2.8366 17.4114 2.5960 -7.7120 3.4102 81.0867 2.5460 -4.9550 2.2477 169.8119 0.0936 166.0026 4.1996
4577 107.6616 2.6542 136.4100 2.4246 60.3271 2.3100 6.1351 2.4729 16.1384 2.3550 -7.2723 3.4340 79.9073 2.6070 -4.7838 2.6143 169.9947 0.3014 166.0093 4.0449
4578 106.4680 2.4325 137.0520 2.4939 61.7684 2.2928 6.9376 2.4958 14.8247 2.5810 -7.1524 3.4075 78.9527 2.4548 -4.6237 2.5845 169.9318 0.6768 166.2265 3.8590
4579 104.7869 2.6992 137.4686 2.5659 63.2285 2.6085 7.9450 2.4011 13.5161 2.6689 -6.6908 3.4524 77.7497 2.4312 -4.1050 2.9202 169.8685 0.7926 166.2557 3.5677
4580 103.6777 2.3386 138.2238 2.4381 64.5803 2.5263 8.8426 2.3393 12.6816 2.6608 -6.6196 3.4316 76.4479 2.5011 -3.9051 2.6492 169.7935 1.3008 165.9123 3.4217
4581 102.7046 2.4107 137.9742 2.5398 66.0962 2.4744 9.9837 2.4241 11.5698 2.5620 -6.4776 3.2423 75.1422 2.4438 -3.9090 2.4132 169.7599 1.6451 165.7937 3.6184
4582 101.5157 2.5227 138.3548 2.5230 67.1964 2.5943 10.9145 2.3929 10.4236 2.5260 -6.6515 3.3708 74.1441 2.3631 -4.0132 2.2900 169.5903 1.9551 165.7795 3.1596
4583 99.8843 2.5285 138.5854 2.5586 68.5433 2.4455 12.0879 2.4065 9.6592 2.4707 -6.3365 3.3789 72.7776 2.5073 -3.6358 2.1525 169.2992 2.2263 165.4701 3.2778
4584 98.6552 2.5432 138.4461 2.4191 69.9210 2.6470 12.8560 2.6047 8.6039 2.3595 -6.0254 3.3270 71.3237 2.3109 -3.7057 1.9206 169.0281 2.6756 165.1647 3.1490
4585 97.4874 2.4852 138.4652 2.5566 70.6481 2.4895 13.6490 2.3552 7.5627 2.5182 -5.8914 3.3811 69.6986 2.3708 -3.5687 1.7419 169.0949 3.1599 164.8287 3.3507
4586 96.3334 2.4986 138.1388 2.5515 71.1695 2.3952 14.3748 2.3933 7.0262 2.3242 -5.7116 3.6273 68.1097 2.4401 -3.6596 1.4526 168.9975 3.3165 164.8970 3.2817
4587 95.0097 2.4623 137.7419 2.5076 71.6016 2.5985 14.9362 2.4139 6.2095 2.4700 -5.8534 3.7735 66.7407 2.3622 -4.0534 0.8897 169.1732 3.7357 164.3620 3.2488
4588 93.5307 2.6795 137.1691 2.5237 72.4036 2.6287 15.6440 2.3700 5.5468 2.4679 -6.0645 4.2185 65.4642 2.2437 -4.6452 0.6833 168.7701 3.9972 164.5190 3.4758
4589 91.9683 2.4299 136.1670 2.4984 72.8997 2.5472 15.9458 2.4130 5.2894 2.7071 -5.7433 3.7348 64.1386 2.4347 -4.5787 0.5131 168.9760 4.4563 164.6820 3.4010
4590 90.9645 2.4806 135.2289 2.5619 72.9230 2.6050 15.8613 2.4836 5.1260 2.8019 -5.4748 3.9898 62.8262 2.4240 -4.9223 0.5755 169.1374 4.4672 164.6402 3.2430
4591 89.2751 2.4364 134.5201 2.5470 73.5686 2.5355 15.9573 2.5031 5.0852 2.8548 -5.1366 3.8474 61.6267 2.6988 -4.8920 0.6605 168.8034 4.4371 164.4524 3.0066
4592 88.0753 2.5613 133.1207 2.4276 73.5993 2.4781 16.2081 2.5067 4.8533 2.6255 -4.9855 3.3435 60.0642 2.6368 -4.5321 0.6845 168.4634 4.7005 164.4232 2.7782
4593 86.6671 2.4022 131.7628 2.2516 73.8585 2.5514 16.1285 2.5005 4.9069 2.5916 -5.3510 2.7180 59.0177 2.5230 -4.0653 1.1828 168.2440 4.6929 164.6717 2.6243
4594 85.2940 2.3006 130.3447 2.3654 73.7366 2.4727 16.2793 2.5485 5.1811 2.4750 -5.3177 2.4954 57.8527 2.4096 -4.1023 1.3877 167.6559 5.3516 165.3761 2.9030
4595 83.8465 2.5249 129.1113 2.4262 73.6733 2.4848 16.0363 2.5294 5.2073 2.6627 -5.2072 2.5917 56.3103 2.6627 -4.3225 1.4835 167.1480 5.0807 165.2782 2.9900
4596 82.3259 2.5784 127.6242 2.3996 73.6156 2.4695 15.2402 2.5447 5.3909 2.5923 -5.5254 2.4641 55.1351 2.4852 -4.2579 1.8294 166.7466 5.1223 165.6159 3.2622
4597 81.5617 2.5168 126.6599 2.5702 73.5731 2.3959 14.5660 2.4576 6.0407 2.6904 -5.6729 2.3322 54.0708 2.5384 -4.5012 2.2095 166.0296 5.0539 166.0154 3.7681
4598 80.1501 2.4109 125.3785 2.3682 73.2298 2.5652 14.1632 2.4516 6.7891 2.7106 -6.3240 2.4686 52.6192 2.6414 -4.5865 2.4957 165.9485 5.0131 166.0804 3.8435
4599 79.0053 2.3673 123.9071 2.5007 72.3651 2.5927 13.4437 2.3670 7.3114 2.4029 -6.3322 2.5587 51.1476 2.3647 -4.6163 2.8854 165.7187 4.6730 166.1386 4.2407
4600 77.7686 2.3333 122.4983 2.4939 71.9275 2.5032 12.5776 2.4245 8.0558 2.4669 -6.7645 2.6154 50.1506 2.6275 -4.2008 2.8876 165.6490 4.6585 166.1060 4.3251
4601 76.2837 2.4741 120.9028 2.5772 71.4422 2.4901 11.3119 2.4844 8.9952 2.7023 -6.9422 2.9948 48.4495 2.6918 -4.3840 2.5429 165.6255 4.5597 166.1699 4.7170
4602 74.8556 2.4277 119.6389 2.5103 70.7881 2.4788 10.5700 2.7808 10.2668 2.6765 -7.2029 2.9940 47.2692 2.6876 -4.0023 2.6381 165.5284 4.8050 165.8237 4.3856
4603 73.3161 2.5698 118.1039 2.5071 69.9553 2.4720 9.1605 2.9594 11.4098 2.5528 -7.4775 3.2576 45.6671 2.4950 -3.4971 2.7297 165.5087 4.8561 165.6673 4.1470
4604 72.1020 2.3810 116.7244 2.4532 68.7389 2.4618 7.9298 3.2510 12.6415 2.5065 -7.8470 4.0848 44.1862 2.6079 -3.0028 3.0438 165.7920 4.9748 165.4819 4.3101
4605 70.8865 2.5391 115.5043 2.6604 67.4159 2.5311 6.9218 3.2581 13.9828 2.4973 -8.1478 3.8287 42.9226 2.3981 -2.5254 3.2055 165.8458 4.9640 165.1568 4.3500
4606 70.2769 2.5556 114.0548 2.4814 66.1987 2.4652 5.8244 3.7141 14.7730 2.5260 -8.0875 3.7923 41.7320 2.6707 -1.9478 2.8447 166.0264 5.1181 165.0566 4.4381
4607 69.2938 2.6728 112.6200 2.5239 65.1156 2.4082 4.6621 3.6942 15.8477 2.4206 -8.2528 3.8097 40.8218 2.5872 -1.0123 3.2768 166.2757 5.1100 165.1127 4.1509
4608 68.5478 2.5992 111.6559 2.6427 63.6478 2.5966 3.6145 3.9192 16.7409 2.6216 -8.1393 3.9974 39.5428 2.5965 -0.3990 3.1553 166.6049 5.3229 165.1126 4.3272
4609 67.8719 2.6212 110.3092 2.4754 62.0156 2.5585 1.9513 4.1920 17.8107 2.4883 -7.9050 3.9441 38.8034 2.5489 0.6361 2.7045 166.7733 5.8279 164.6592 4.0252
4610 67.0146 2.5835 108.8345 2.4068 60.7832 2.5944 0.6737 4.1963 19.3743 2.3042 -7.7100 3.7083 37.8369 2.4631 1.5435 2.6736 166.7852 5.8265 164.6072 3.5919
4611 66.8601 2.4670 107.2878 2.5069 59.0960 2.7503 -0.6180 4.4426 20.8827 2.3796 -7.6717 3.4899 36.7359 2.5788 2.8075 2.5827 167.3031 5.7508 164.4626 3.4664
4612 66.5632 2.4654 105.8012 2.3119 57.8140 2.6876 -1.6406 4.2906 22.1611 2.6564 -7.7745 3.6791 35.2234 2.5052 3.6982 2.3906 167.9273 5.5575 164.1601 3.6470
4613 66.1977 2.4017 104.4429 2.6642 56.2441 2.3546 -2.7024 4.5223 23.4241 2.6706 -7.8020 3.8318 33.5420 2.4178 4.8856 2.5687 167.8093 5.1348 163.5663 3.5403
4614 66.1808 2.5460 103.1685 2.3987 54.9128 2.4773 -3.3785 4.4302 24.9092 2.5716 -7.6803 3.5025 32.1921 2.4077 5.7320 2.4439 167.8606 5.3835 163.0566 3.2473
4615 65.6719 2.5075 101.8086 2.4669 53.6695 2.2956 -3.3832 4.6377 26.7489 2.5662 -7.6165 2.8150 30.9209 2.5250 6.3577 2.3638 167.9531 5.0757 162.5801 3.2712
4616 66.2647 2.4905 100.9799 2.3508 52.2433 2.5362 -4.1325 5.1152 27.9309 2.5808 -7.2645 2.8317 29.7946 2.4043 7.2058 2.3164 168.3287 5.0217 161.6525 3.1740
4617 66.8581 2.5599 99.7564 2.4126 50.6689 2.5112 -5.0599 5.2090 29.4374 2.4129 -7.3578 2.4331 28.9595 2.4237 8.2462 2.1951 168.6271 4.9029 160.6748 2.7000
4618 67.0702 2.5911 98.4433 2.2328 49.4090 2.5359 -5.7082 4.8906 30.6942 2.3248 -7.3740 2.5833 27.3684 2.3838 9.4929 2.4904 168.7965 4.9771 160.3521 2.4697
4619 67.2799 2.5398 97.2605 2.3909 48.0132 2.4195 -6.2743 5.3992 32.3603 2.5352 -7.0452 3.0002 25.9655 2.3869 10.4974 2.2386 169.2085 4.3428 159.6957 2.4191
4620 68.1456 2.5674 96.5773 2.4823 46.9406 2.4629 -6.8401 5.3775 33.5925 2.2928 -6.7305 3.1420 24.5875 2.3930 11.1334 2.4438 169.1706 4.4789 159.5668 2.4226
4621 68.5300 2.6581 95.5684 2.4804 45.5857 2.6396 -7.1770 5.5088 34.8718 2.4594 -6.3046 2.9791 23.1522 2.4772 11.8667 2.4025 169.5993 4.2511 159.3638 2.3115
4622 69.3971 2.6719 94.8984 2.4922 44.4218 2.5337 -7.3300 5.4186 36.1647 2.5288 -6.0180 3.2860 22.2432 2.4305 12.3125 2.4215 169.7550 4.3890 159.1192 2.2143
4623 70.0480 2.4193 93.8427 2.6120 43.1318 2.5638 -7.4046 5.5795 37.9438 2.5845 -5.5997 3.2033 21.2959 2.5844 12.8998 2.4369 169.9912 4.8500 158.7098 2.0918
4624 70.6794 2.5944 93.1928 2.5671 42.5124 2.4314 -7.2131 5.4782 39.1690 2.3525 -4.8321 2.9117 20.3150 2.3983 13.1318 2.4103 170.0639 4.8140 158.4476 1.9516
4625 72.1019 2.5718 92.6521 2.5582 41.9693 2.3926 -7.4938 5.2785 40.1732 2.2861 -4.2283 2.9181 19.3331 2.4348 13.6699 2.5527 170.3316 4.5367 157.9954 2.1076
4626 73.1518 2.5158 91.8879 2.5366 41.2487 2.4839 -7.9464 4.9765 41.7291 2.1834 -3.8969 3.1568 18.6595 2.4918 14.0401 2.4305 170.1596 4.3784 157.9222 2.2672
4627 74.6888 2.6440 91.3661 2.5565 40.5557 2.4657 -7.5635 5.1054 43.0449 2.4963 -3.1826 3.0095 17.9932 2.4263 14.3943 2.5093 170.4353 4.1200 157.7488 2.1915
4628 75.6585 2.4822 91.1475 2.5212 40.1780 2.4236 -7.4735 4.5188 44.8848 2.4988 -2.9335 2.8657 17.3525 2.5140 14.7985 2.4121 170.4308 3.7341 157.8312 2.3478
4629 76.7548 2.4451 90.9682 2.5337 39.6009 2.5013 -7.4737 3.9933 46.3370 2.3463 -2.4051 2.8523 16.7952 2.5349 14.9743 2.4522 170.3294 4.1086 157.4597 2.4598
4630 78.0981 2.6568 90.6334 2.5030 39.8322 2.4016 -7.5098 3.8149 48.0995 2.5242 -2.1860 2.8144 15.9878 2.5874 14.6612 2.5275 170.3567 3.8302 157.4104 2.5395
4631 79.3325 2.3792 90.8821 2.4240 39.8454 2.4503 -7.6043 3.3978 49.6775 2.4430 -1.5142 2.7250 16.1179 2.5314 14.5371 2.6189 170.1725 3.9617 157.6577 2.4918
4632 80.6509 2.4168 91.0983 2.6055 39.8463 2.5349 -7.6295 3.3687 51.4136 2.5603 -1.2483 2.4585 16.1081 2.4614 14.0781 2.5394 170.2940 3.9472 157.8331 2.5334
4633 81.8317 2.5456 90.9439 2.5327 40.0747 2.6530 -7.4709 3.0954 53.1454 2.4082 -1.3941 2.2380 15.7910 2.4551 13.2483 2.4303 170.1711 4.1884 158.0676 2.3602
4634 83.0999 2.4613 91.3992 2.5781 39.9811 2.4802 -7.4957 2.9253 54.1990 2.4200 -1.2099 2.2168 15.5578 2.5330 12.8232 2.4391 170.1697 4.4683 158.2883 2.4194
4635 84.5381 2.4457 92.1734 2.4953 40.1163 2.4407 -7.3510 2.2082 55.2299 2.6366 -0.9840 2.1343 15.9457 2.4896 12.2884 2.5457 170.1944 4.7574 158.6701 2.4554
4636 85.9386 2.5426 92.9271 2.5424 40.9133 2.5456 -7.0383 2.0269 56.4993 2.4891 -0.9155 1.9062 16.0125 2.5494 11.4254 2.5334 170.1721 5.0586 159.0799 2.4390
4637 87.4374 2.5770 93.5476 2.6871 41.3976 2.6260 -6.9526 1.6854 57.9766 2.4981 -0.8768 1.8967 16.4227 2.5190 10.3602 2.4078 170.2585 4.8765 159.2103 2.6540
4638 88.3842 2.5354 94.5788 2.4569 42.0555 2.4871 -6.9576 0.9682 59.5509 2.5896 -1.0173 1.4616 16.7820 2.7307 9.3620 2.3325 170.5158 4.6063 159.5120 2.8302
4639 89.7298 2.3883 95.6479 2.5536 42.8159 2.5745 -6.6594 0.8878 61.1657 2.8471 -1.4507 1.4311 17.3734 2.5533 8.1860 2.3379 170.4889 4.3174 160.0206 3.4070
4640 91.2573 2.4246 97.1060 2.6255 42.8458 2.6086 -6.4996 0.3108 63.1188 2.4037 -2.0409 1.3106 18.1276 2.5906 7.0571 2.0716 170.7565 4.2255 160.6643 3.1041
4641 92.2904 2.3081 98.4806 2.5570 43.4945 2.5268 -6.2269 0.1229 64.1403 2.6290 -2.1341 1.0787 19.0557 2.4097 5.9637 1.9761 170.5921 4.4419 161.2345 2.9841
4642 93.8124 2.3285 99.8730 2.4509 44.3485 2.3574 -5.7568 0.0863 65.6948 2.4783 -2.1534 1.0370 19.6088 2.4980 4.6157 1.4033 170.4043 4.2978 161.9172 3.1303
4643 94.9933 2.3884 101.4185 2.3554 45.0167 2.5311 -5.7496 0.3188 66.6708 2.4240 -2.6471 0.5811 20.3979 2.4067 3.4767 1.4883 170.1343 4.4505 162.6955 3.7645
4644 96.6099 2.4633 102.6757 2.6961 45.8145 2.6425 -6.0629 0.5223 67.6286 2.4952 -2.9092 0.5616 21.0925 2.5782 2.3579 0.9867 169.8563 4.4352 163.2219 3.6573
4645 97.7873 2.5032 104.0865 2.4035 46.8411 2.6192 -6.0259 0.2607 69.0052 2.5262 -3.5367 0.3312 21.8307 2.6245 1.4390 1.1554 169.4904 4.6412 164.0031 4.1742
4646 99.4143 2.6349 105.2204 2.5378 47.4815 2.4215 -6.1308 0.2926 70.3365 2.5660 -4.2266 0.3522 23.0807 2.3724 0.4093 1.3289 169.2202 4.6686 164.1442 4.0208
4647 100.5850 2.2456 106.5674 2.4256 48.5372 2.2955 -5.4364 0.3289 71.1720 2.6076 -4.8805 0.3447 24.0924 2.5471 -0.6407 1.1494 169.2209 4.9492 164.1784 3.9798
4648 102.1421 2.5046 107.4918 2.4519 49.6520 2.3758 -5.3121 0.2306 72.2793 2.5791 -5.2791 0.5143 25.2943 2.4918 -1.7084 1.1398 169.8450 4.7668 164.4344 4.1180
4649 103.1836 2.3665 108.9936 2.4705 50.6428 2.4543 -4.8391 0.1931 73.0531 2.3036 -5.6507 0.5248 26.6158 2.4813 -2.5018 1.3620 169.8582 4.1924 164.5880 4.2569
4650 104.6578 2.5238 110.3209 2.3661 51.1295 2.4402 -4.1598 0.0914 74.1323 2.4577 -6.5244 0.6634 27.9874 2.6537 -3.4600 1.6890 169.7805 3.8609 164.9250 3.9723
4651 106.3707 2.5268 111.3140 2.6576 51.6369 2.4072 -3.7727 0.3003 74.6943 2.4966 -6.6205 0.7410 29.8621 2.3867 -4.2695 1.7876 169.5488 3.2807 165.2947 4.2407
4652 107.2679 2.5048 112.3150 2.4424 52.0518 2.5155 -2.8807 0.3327 75.3588 2.5301 -7.4994 0.7964 31.5384 2.5767 -5.0663 1.8039 169.1487 3.2287 165.5415 4.3901
4653 108.6656 2.5003 113.3822 2.5326 52.1317 2.3185 -2.2363 0.4913 75.7210 2.5096 -7.6596 0.8180 33.0817 2.4414 -5.2722 1.9516 169.0200 3.1178 165.7567 4.1823
4654 109.6326 2.7315 115.0863 2.3479 52.4114 2.4323 -1.3933 0.2726 75.6996 2.5307 -7.7332 0.6943 34.4185 2.3577 -5.5126 1.9175 169.4166 2.6192 165.6992 4.0587
4655 110.7611 2.2831 116.3915 2.4981 52.9713 2.4632 -0.5805 0.6400 75.6496 2.5175 -8.1236 0.1746 35.6064 2.3502 -6.0079 2.1566 169.7700 2.2172 165.0157 4.0240
4656 111.7409 2.7980 117.5901 2.5299 52.9437 2.5701 0.3906 1.0300 75.6595 2.4633 -8.5325 0.4307 36.8759 2.4440 -6.5391 2.4263 169.9185 2.0252 165.2312 4.3252
4657 112.6623 2.5609 118.8739 2.4306 52.6388 2.4955 1.7024 1.2911 75.7794 2.4818 -8.6633 0.4015 38.1870 2.5002 -7.1677 2.5991 170.3955 2.0022 165.1972 4.2738
4658 113.8535 2.7112 119.9161 2.6108 52.4188 2.5095 2.9513 1.6106 75.8883 2.4332 -8.7141 0.4609 39.4848 2.4018 -7.6688 2.6092 170.6873 1.8096 165.3555 3.9428
4659 115.4420 2.6354 120.9490 2.5849 52.1846 2.3871 4.2158 1.6908 75.9233 2.4191 -8.6374 0.5579 40.8014 2.3755 -8.2329 3.0937 171.0511 1.4543 165.4234 3.6935
4660 116.6136 2.5181 122.2287 2.4122 51.4994 2.4293 5.2089 1.6910 75.2745 2.4848 -8.9375 0.5012 42.3363 2.4133 -8.0718 3.1577 171.0927 1.3495 165.4886 3.9040
4661 117.5094 2.4703 122.9432 2.4611 50.9045 2.4851 5.9872 1.8448 75.2404 2.5650 -8.8845 0.4762 43.3729 2.4231 -8.3317 3.0395 171.2603 1.3099 165.5332 3.4371
4662 118.7622 2.2285 123.9762 2.5249 50.2317 2.5872 7.1216 1.6968 74.6545 2.5788 -8.7122 0.7758 44.9077 2.5814 -8.5421 3.1479 170.9478 1.1994 165.1186 2.9925
4663 120.5238 2.5151 124.3557 2.4657 49.6911 2.5522 8.6947 1.9299 73.8360 2.5984 -8.6196 1.2188 46.2780 2.6699 -8.5658 3.2478 170.2897 0.9922 165.1186 3.1247
4664 121.6747 2.5542 124.7748 2.5777 48.7747 2.3304 9.7252 2.1633 73.1377 2.5519 -7.9754 1.7515 47.3915 2.4864 -8.4090 3.3569 170.1160 1.2418 165.3259 2.8839
4665 123.2424 2.5324 125.5023 2.4710 47.5692 2.3509 11.4062 2.1424 72.0762 2.7835 -7.7592 2.2256 48.9666 2.5873 -8.4864 3.4237 169.9666 1.2141 165.7882 2.9907
4666 124.7830 2.6169 125.9824 2.4887 46.5988 2.5771 12.5499 2.2954 70.7128 2.4522 -7.2840 2.4752 50.6488 2.4346 -8.5872 3.5231 169.7858 1.8054 166.5302 3.3173
4667 126.2353 2.3764 126.4307 2.4798 45.3745 2.3199 13.7859 2.2680 69.4516 2.6295 -7.1268 2.4758 51.9782 2.5261 -8.7944 3.4897 170.1224 1.6720 166.6068 3.2713
4668 127.8127 2.3543 126.1300 2.4857 43.9046 2.3223 15.1788 2.2283 68.1516 2.4279 -6.6628 2.6315 53.4142 2.3627 -8.6237 2.9115 170.3544 1.6397 166.6100 3.0634
4669 129.0592 2.3886 125.7659 2.5103 42.7250 2.3822 15.8916 2.4667 66.8014 2.3556 -6.3459 2.6930 55.2198 2.5427 -7.9153 2.4451 170.0550 1.7649 166.9495 3.0915
4670 130.2742 2.5062 125.5367 2.4937 41.6365 2.1624 16.6805 2.3692 65.1197 2.5855 -5.7340 2.9059 56.6706 2.6538 -7.7140 2.1494 170.1572 1.8153 166.7252 2.8398
4671 131.8822 2.3373 124.8984 2.6247 40.6308 2.4700 17.5916 2.4169 63.6170 2.4566 -5.8112 3.0141 57.7707 2.5053 -7.0858 2.3057 169.8635 1.7777 166.5066 2.6719
4672 132.7274 2.4805 124.4446 2.5480 39.4041 2.5154 18.3020 2.4914 62.5449 2.4982 -5.6452 3.0222 59.1029 2.3957 -6.6310 2.0302 169.8276 1.6968 166.3780 2.4179
4673 134.0113 2.3892 123.7730 2.5787 37.9763 2.4003 18.7793 2.4305 61.3114 2.3353 -5.3978 3.2319 60.1410 2.4825 -5.8468 1.3070 169.5063 1.1531 166.8716 2.3832
4674 135.2063 2.4938 122.6549 2.4452 36.6425 2.5140 19.4576 2.5831 60.0803 2.3965 -5.0875 3.6349 61.5794 2.4010 -5.6748 1.0239 169.5119 1.3686 166.1499 2.0681
4675 136.4898 2.1718 121.7760 2.7548 34.9988 2.6067 19.5564 2.4837 58.6450 2.4853 -4.9086 3.5971 62.6574 2.4860 -5.7665 0.7645 169.1655 1.4433 165.7859 2.1577
4676 138.1088 2.3953 121.1754 2.6334 33.8034 2.5430 19.6061 2.5646 57.1633 2.4774 -4.7237 3.9982 64.2457 2.5800 -5.6596 1.0853 168.6890 1.4958 165.2669 2.1964
4677 139.7764 2.7685 120.3468 2.6746 32.8404 2.3681 19.6425 2.5511 55.2715 2.5622 -4.7883 4.0337 65.4787 2.6377 -4.9953 1.1234 168.2816 1.4465 164.6457 2.2829
4678 141.2027 2.3782 119.2422 2.4503 31.4146 2.3577 19.5938 2.5520 54.2258 2.3487 -4.7257 3.8723 66.8302 2.5223 -4.8195 1.0816 168.1759 1.6419 163.8352 2.4196
4679 142.6116 2.5473 117.9264 2.5599 30.1319 2.4269 19.4142 2.4802 53.0176 2.4535 -4.9112 3.9963 67.7701 2.4933 -4.4120 0.9301 167.8437 1.5810 163.3048 2.5926
4680 143.5161 2.5802 116.3972 2.5392 29.0334 2.5731 18.6208 2.4635 52.1048 2.3732 -4.9107 4.4198 69.1681 2.4389 -4.0690 0.8384 167.4100 2.0401 162.5916 2.9903
4681 145.1953 2.4792 115.3626 2.5851 28.2880 2.5093 18.7766 2.4649 50.7786 2.5746 -5.0159 4.8849 70.6653 2.5655 -3.2921 0.5265 167.6391 1.9816 162.4596 2.8623
4682 146.9019 2.1681 114.0918 2.5319 27.9615 2.5245 18.2690 2.5700 49.2974 2.5128 -4.8866 5.2000 71.8185 2.5510 -2.8454 0.2679 167.7959 1.7436 162.1810 2.7415
4683 148.2645 2.2571 112.9497 2.6088 27.4228 2.5502 17.5453 2.5281 47.8108 2.5530 -5.3459 5.5017 72.6702 2.4058 -2.3608 0.2233 167.7833 1.4485 161.2867 2.5881
4684 149.9065 2.0291 111.8118 2.6407 26.7163 2.5086 16.9639 2.5750 46.4706 2.4454 -5.4067 5.1189 73.5745 2.5016 -1.9715 0.1611 167.6989 1.5523 160.8312 2.7216
4685 151.0426 1.7655 110.4686 2.5724 26.2451 2.5146 15.8959 2.6455 45.0659 2.5148 -5.7330 5.4254 74.6496 2.4555 -1.3978 -0.0176 167.8190 1.3152 160.0385 2.7542
4686 152.4584 1.5090 109.3889 2.5734 25.5522 2.5895 15.6229 2.5226 43.6085 2.5720 -6.4559 5.3237 75.5579 2.5550 -0.4243 0.0718 168.4017 1.3901 159.0058 2.9667
4687 154.0960 1.4776 108.4376 2.6762 24.7537 2.5087 15.0810 2.5201 42.1916 2.5603 -6.2768 5.5915 75.8864 2.4062 0.0367 -0.0071 168.9398 1.7763 158.3016 3.2990
4688 155.4611 1.3673 106.8786 2.3194 24.4042 2.5283 14.0718 2.5358 41.0238 2.4767 -6.5117 5.5092 76.4948 2.4506 0.8961 0.2980 168.9325 1.6382 157.2426 3.3410
4689 156.3977 1.2822 106.1575 2.4421 24.1331 2.4826 13.3988 2.5449 39.8287 2.6040 -6.9512 5.4134 76.7615 2.4313 2.1110 0.8096 168.8994 1.7034 156.5285 3.3152
4690 157.6576 0.9381 105.5695 2.4852 24.0972 2.5561 12.7910 2.5039 38.5199 2.2823 -6.9417 4.8321 76.7179 2.4593 2.8504 0.7976 168.8382 1.8397 155.6903 3.3278
4691 159.1739 1.0367 104.8646 2.4437 24.4110 2.4515 12.4127 2.5056 37.2774 2.5712 -6.9790 4.7897 76.9717 2.5019 3.9727 1.0276 169.0585 2.0045 154.4263 3.4063
4692 160.3388 0.8743 104.4230 2.3990 24.5669 2.5776 11.8965 2.5932 36.4619 2.4192 -7.0678 4.3936 77.4483 2.5276 5.4845 1.0956 169.0495 1.6435 153.4489 3.1010
4693 161.4486 0.9209 103.4772 2.4408 24.9032 2.5154 11.4586 2.7162 35.6085 2.4120 -6.7626 4.2809 77.2719 2.5083 7.2102 1.4052 168.7536 1.4743 152.6284 2.9598
4694 162.2176 0.6410 102.7840 2.4831 25.2516 2.5776 11.2588 2.6215 34.8965 2.4987 -6.6833 4.1510 76.9915 2.5720 8.2588 1.6845 168.4959 1.0253 151.3173 3.0145
4695 163.5636 0.6412 102.1026 2.4899 25.8846 2.3841 10.9434 2.4934 34.0194 2.4704 -6.2083 4.0439 76.8811 2.5693 9.7178 2.1643 168.0716 0.4663 150.4538 2.8659
4696 164.5456 0.8586 101.9350 2.4942 26.3787 2.5589 10.8746 2.5013 33.2836 2.3246 -6.2523 3.8752 76.6000 2.4961 10.9273 2.2248 168.4956 0.4494 149.2781 2.6156
4697 165.5236 0.6711 101.8344 2.4872 27.1882 2.4464 10.8861 2.4404 32.3122 2.4303 -6.2562 4.1254 76.2974 2.4605 12.4979 2.0050 168.7395 0.2450 147.9976 2.5934
4698 166.4313 0.8336 101.6999 2.4778 28.0180 2.5811 11.0201 2.5036 31.3830 2.4936 -6.2655 4.3440 75.8750 2.5876 13.7183 2.3190 168.3565 0.0910 147.2569 2.5379
4699 167.6498 1.0640 101.5266 2.5044 28.6844 2.4504 11.5067 2.4858 30.6474 2.5329 -5.8771 4.0837 75.4454 2.4990 14.7130 2.2996 168.2720 0.1285 146.0191 2.5165
4700 168.4307 1.1218 101.2654 2.5182 29.7282 2.5765 11.8592 2.4405 30.6254 2.4835 -6.0831 4.4637 74.5594 2.3975 16.2740 2.3712 168.0367 -0.3064 144.6138 2.6219
4701 168.8664 1.2229 101.9009 2.5719 30.4017 2.5086 12.3888 2.5516 30.2447 2.3560 -6.3471 4.5736 73.6781 2.5844 17.8957 2.3170 168.3851 -0.3484 143.2890 2.5952
4702 169.7448 1.2743 102.2353 2.4597 32.0009 2.4651 13.1766 2.3927 30.0381 2.4225 -7.0663 4.9793 72.8757 2.4544 19.0672 2.5170 168.5287 -0.4801 141.7940 2.3661
4703 169.9847 1.4070 102.3728 2.6369 32.8558 2.5334 13.5527 2.5864 29.8028 2.5695 -7.1916 4.6240 72.0735 2.5946 20.5355 2.5979 168.3495 -0.3297 140.3695 2.5137
4704 171.0721 1.2820 103.0589 2.5602 34.1299 2.5361 14.1830 2.5209 30.1215 2.4769 -7.5411 4.3356 71.0748 2.6065 21.6556 2.5781 168.5485 -0.1389 139.4048 2.3492
4705 171.0262 1.3683 103.2997 2.4051 35.1717 2.4605 14.5788 2.5916 29.8466 2.4355 -7.3151 4.1975 69.9669 2.6111 23.0072 2.5322 168.1229 0.1870 137.9429 2.6326
4706 171.4045 1.3124 103.9140 2.5199 36.2381 2.5535 15.1385 2.3760 30.1538 2.5010 -7.4061 4.1336 68.3456 2.4344 24.5530 2.5971 167.8711 0.4787 137.1228 2.5245
4707 171.3769 0.8405 104.6696 2.6344 37.0893 2.4860 15.9583 2.4388 30.6816 2.4444 -7.2705 4.2682 67.2352 2.4976 25.8702 2.3795 167.5203 0.4568 135.8698 2.4473
4708 171.1321 1.1449 105.2261 2.4897 37.8178 2.4505 16.4005 2.4948 31.4318 2.5056 -6.9714 4.2568 65.8658 2.3817 26.8023 2.6795 167.4250 0.7974 134.4214 2.3556
4709 170.9891 0.8537 106.1728 2.4407 38.3442 2.5578 17.6461 2.3810 31.6904 2.6158 -6.6207 4.0576 64.3263 2.3754 28.1276 2.4142 167.0469 1.1134 133.2357 2.4668
4710 170.8202 0.8322 106.7958 2.5471 38.9097 2.4268 18.3196 2.3970 32.1876 2.5629 -6.3874 3.9161 62.8313 2.4014 29.7581 2.5068 166.9284 1.9382 132.1913 2.5623
4711 170.7490 0.6956 107.2118 2.5211 39.3522 2.5671 18.9644 2.3997 32.8169 2.4256 -6.5510 3.9912 61.1408 2.4870 31.4229 2.5835 166.6708 2.5256 130.6966 2.4221
4712 170.6397 0.4121 107.9007 2.4374 40.0975 2.4633 19.5340 2.5066 33.7362 2.3720 -6.5949 4.5068 60.0615 2.6301 32.8525 2.6435 166.7140 2.6833 128.8672 2.4091
4713 170.4891 0.6604 108.3093 2.4668 40.3013 2.4502 20.0344 2.5440 34.6535 2.4085 -6.3061 4.6197 58.5039 2.5611 34.0583 2.3776 166.5134 2.9608 127.5187 2.3655
4714 170.2789 0.9302 108.5545 2.5377 40.1266 2.4281 20.9307 2.5206 35.6550 2.4816 -6.3051 4.5079 57.1793 2.4585 35.3229 2.5103 166.8504 2.6493 126.1201 2.2810
4715 169.8542 0.8253 108.9225 2.4893 40.3077 2.5559 21.0235 2.5066 36.9239 2.4299 -6.5112 4.6700 55.6353 2.4609 36.3498 2.5730 166.9949 2.7307 124.7119 2.4026
4716 169.7381 0.7361 108.7194 2.5623 40.4280 2.5073 21.6197 2.5282 38.5263 2.4367 -7.0291 4.6541 54.1807 2.5431 37.7289 2.4557 167.2934 3.1201 123.2318 2.3904
4717 169.5347 0.6483 108.8598 2.4975 39.7388 2.4357 21.7673 2.5879 39.6253 2.2935 -7.2897 4.6919 52.8445 2.5001 39.1383 2.3536 167.3842 3.4832 122.1854 2.5947
4718 169.0972 0.9073 109.1089 2.4564 39.4053 2.5754 22.2830 2.4857 41.1568 2.4001 -7.2447 5.0661 51.2918 2.4139 40.4510 2.4378 167.5040 3.5180 121.7223 2.6174
4719 169.0648 0.8692 108.9216 2.4672 38.9772 2.4650 22.1671 2.5455 42.6552 2.4063 -7.2162 5.3715 50.0958 2.3997 41.9445 2.3767 167.8971 3.4701 120.9084 2.5587
4720 168.8119 1.0015 108.4934 2.4127 38.6082 2.4929 21.9640 2.4543 43.6663 2.5969 -7.2805 5.2934 48.7977 2.4045 43.3966 2.5444 168.1228 3.8325 120.3772 2.4756
4721 168.7946 0.6002 108.2909 2.3975 37.8883 2.4475 21.8378 2.4873 45.0076 2.5999 -7.5652 5.5553 47.4250 2.5568 44.6105 2.3103 168.6195 3.9638 120.1666 2.4622
4722 168.3251 0.5108 107.8106 2.5212 37.1104 2.5660 21.9186 2.4871 46.0348 2.3723 -8.0058 5.0632 46.0312 2.2702 45.8782 2.4113 168.7344 4.1353 119.8271 2.5249
4723 168.0719 0.3621 107.2241 2.5850 36.2485 2.5575 21.9888 2.4836 47.2348 2.4689 -8.1140 4.8302 44.2464 2.4813 47.0265 2.6657 169.2553 4.5223 119.4904 2.4946
4724 167.8134 -0.0429 106.3057 2.3826 35.4812 2.5097 21.3974 2.4483 47.7470 2.5970 -8.0740 4.9213 43.0482 2.4982 48.0491 2.4937 169.5922 5.1041 119.0237 2.3550
4725 167.8216 0.0358 105.7727 2.4858 34.6623 2.4524 21.2787 2.4550 48.5063 2.5824 -8.0235 4.7745 41.3617 2.3675 48.9887 2.5384 169.6571 5.1527 118.8291 2.5740
4726 167.6989 -0.1953 105.2849 2.3878 33.4163 2.4408 21.4999 2.4382 49.4356 2.4508 -8.1915 4.9410 39.7430 2.5542 49.6133 2.4607 169.9078 4.9661 118.2317 2.5285
4727 167.6297 -0.3593 104.0558 2.4803 32.5137 2.4648 21.1771 2.3727 49.8396 2.5012 -8.3734 4.5636 38.6113 2.4782 50.0635 2.4043 170.2041 4.9424 118.8963 2.4572
4728 167.5045 -0.2270 102.9879 2.4291 30.8966 2.4816 20.8830 2.4237 50.2786 2.4636 -8.3956 4.6492 37.6718 2.7273 50.4346 2.5240 170.4314 5.0938 119.0619 2.4753
4729 167.2769 -0.6152 102.2101 2.5329 29.2723 2.6056 20.3138 2.4515 50.5041 2.4800 -8.4537 4.5740 36.9114 2.6154 50.9763 2.5068 170.8143 4.9040 119.0489 2.4400
4730 167.0805 -0.4738 100.9277 2.4947 27.9566 2.4099 20.7098 2.4567 50.5120 2.4682 -8.1028 5.3507 36.3077 2.6066 51.5958 2.4759 170.9630 4.8852 119.2855 2.4222
4731 166.9503 -0.0568 99.2009 2.5441 26.5566 2.5677 20.2536 2.5204 50.6886 2.4555 -7.8297 5.7915 35.5650 2.5486 52.1809 2.4918 170.6790 4.6315 119.4659 2.4792
4732 167.1879 0.0100 97.9399 2.6121 25.2090 2.3654 20.0643 2.5316 50.3187 2.5382 -7.9202 5.6547 35.1357 2.5680 52.2442 2.4867 170.5496 4.7995 120.1924 2.3073
4733 166.8666 0.0395 96.8105 2.4118 23.3658 2.5082 20.1300 2.5481 50.0643 2.5580 -7.8438 5.4627 34.5144 2.5866 51.9836 2.5234 170.3879 4.8387 120.8160 2.4945
4734 167.0246 0.3233 95.7370 2.5727 22.2722 2.4265 20.0344 2.4491 50.0100 2.5661 -8.0369 5.3305 33.2073 2.4960 51.6077 2.5059 170.1355 4.7848 122.1133 2.4583
4735 167.1594 0.2554 94.3106 2.5744 21.2124 2.4582 20.3098 2.5063 49.5061 2.6148 -8.4063 5.4405 32.9178 2.4843 51.3083 2.4581 169.7724 4.7900 122.9986 2.2649
4736 167.2055 0.0008 93.3042 2.5060 19.7638 2.3891 20.5575 2.5161 49.1255 2.4644 -8.4032 5.1725 32.4853 2.5108 51.3303 2.4304 169.6038 4.8116 123.8643 2.3995
4737 167.4641 0.1619 92.3672 2.6012 18.6301 2.5266 20.6987 2.4854 48.7075 2.6649 -8.5293 5.0472 32.1194 2.5312 50.7030 2.5464 169.1149 4.5891 125.3404 2.5108
4738 167.3365 0.1366 91.0247 2.4055 17.5068 2.4013 21.1600 2.4551 48.0560 2.5771 -8.1983 4.8454 31.9587 2.5177 49.9336 2.3564 168.6258 4.2884 127.1441 2.4375
4739 167.6086 0.3110 89.4561 2.6058 16.3251 2.4876 21.8423 2.5169 47.5391 2.5386 -7.9832 4.4575 32.2792 2.5382 48.9989 2.4583 168.2280 4.3170 128.4054 2.5323
4740 167.6335 0.1958 87.9602 2.4251 14.8515 2.5186 22.7208 2.4750 46.6266 2.5802 -7.7888 4.4703 32.2893 2.5083 48.3437 2.5741 167.5351 4.0708 130.0542 2.4395
4741 167.7494 0.1891 86.8362 2.3990 13.3714 2.6232 23.3016 2.4355 45.7037 2.4255 -7.7675 4.2051 32.2060 2.5155 47.6840 2.4703 166.5992 4.2340 131.0981 2.4917
4742 167.8416 0.2993 85.4149 2.2750 11.9812 2.5913 24.2184 2.5982 44.8824 2.4939 -7.1964 4.4093 32.6400 2.5228 47.3726 2.4455 166.2000 4.1537 132.6949 2.5918
4743 168.0770 0.2131 83.8855 2.6730 10.6573 2.9742 25.1519 2.4870 43.5212 2.5306 -6.7928 4.5199 33.1579 2.4648 46.2635 2.5116 165.6008 4.1937 134.0607 2.6093
4744 167.8768 0.3828 82.5597 2.5048 9.3107 2.8281 26.0889 2.6647 42.3370 2.5739 -6.0612 4.5266 33.3493 2.5736 45.1200 2.6160 164.8801 4.1861 135.5485 2.5792
4745 167.8523 -0.3551 81.0636 2.6300 8.0087 3.0741 27.4013 2.5903 41.2382 2.6074 -5.4302 4.7862 33.7700 2.4698 44.1183 2.2789 164.4364 3.9899 136.8031 2.3220
4746 168.0552 -0.2029 79.5433 2.3785 7.0025 3.1639 28.6981 2.5520 40.3366 2.4726 -4.3994 4.5986 34.2665 2.4700 42.6341 2.5365 163.9740 4.0888 138.3853 2.5636
4747 168.1988 -0.2426 77.7435 2.4393 5.8487 3.5214 30.1598 2.4393 38.8167 2.5804 -3.8459 4.1922 35.1712 2.6292 41.3667 2.5480 163.2364 3.9519 139.9137 2.4187
4748 167.9549 -0.2322 76.5281 2.6199 4.4928 3.5735 31.1849 2.2981 37.5835 2.3967 -3.2675 4.2897 36.0507 2.5462 39.6324 2.6481 162.8987 3.9800 141.4695 2.4909
4749 167.7086 -0.5061 75.4173 2.4864 3.5666 3.4968 32.4477 2.5247 36.4432 2.5882 -2.4874 4.3854 37.0494 2.7169 38.5301 2.5909 162.2402 3.7702 142.4458 2.4581
4750 167.8559 -0.9327 73.9361 2.2290 2.2473 3.7842 33.5379 2.4053 35.2460 2.3107 -1.4676 4.0434 37.7988 2.4887 37.3334 2.4474 162.2621 3.4720 143.8062 2.5525
4751 167.9417 -0.6936 72.5140 2.3915 0.9090 3.9080 34.2892 2.6035 34.4821 2.3153 -0.0920 3.8148 38.7895 2.6287 36.0792 2.5786 162.0996 2.8592 145.1256 2.4185
4752 168.0608 -0.7945 71.0367 2.4695 -0.4772 3.9003 35.0120 2.5237 33.8127 2.3946 0.8425 3.6806 39.8319 2.5672 34.6614 2.6611 162.3117 2.3846 146.6455 2.4705
4753 167.5983 -0.5875 69.4761 2.5576 -1.2129 3.9080 35.6342 2.5528 33.2283 2.4517 2.1446 3.5611 40.6069 2.5724 32.8495 2.6073 162.3900 2.1684 148.0674 2.6677
4754 167.7484 -0.6235 67.8397 2.4655 -1.8971 3.9150 36.2613 2.5001 32.8665 2.3915 3.3269 3.3366 41.5391 2.5266 31.7967 2.6236 162.5086 1.7259 149.4044 2.7757
4755 167.9854 -0.9565 66.5091 2.4223 -3.0746 4.1578 36.9493 2.5484 32.4349 2.5066 4.3716 3.2144 41.8091 2.3446 30.7634 2.3771 162.3915 1.1888 150.6142 2.7604
4756 168.1897 -0.4287 65.4248 2.7260 -4.2212 3.9394 37.7297 2.6011 32.0418 2.5418 5.4441 3.0541 42.6101 2.5321 29.3380 2.5882 162.4572 0.9073 152.1437 2.3944
4757 167.9648 -0.2522 63.8779 2.4405 -5.0979 3.6878 37.9543 2.4625 31.9684 2.4427 6.9669 2.5826 42.7061 2.4155 28.0624 2.3908 162.8839 0.7591 153.8693 2.5821
4758 168.2001 -0.3245 62.4950 2.4414 -5.6201 3.5653 38.5328 2.4280 31.6405 2.5508 7.8091 2.7446 43.1846 2.4002 26.6172 2.6324 163.1722 0.5732 155.1573 2.3897
4759 167.9247 0.1989 61.4247 2.5788 -6.3955 3.1992 38.7643 2.4499 31.9063 2.5738 9.1208 2.7264 43.0242 2.4555 25.4111 2.6618 163.2050 0.5966 156.4575 2.6857
4760 168.2317 0.6958 60.2095 2.5640 -6.7904 3.0326 38.9776 2.5106 31.8636 2.4728 10.0766 2.5114 42.6700 2.4337 24.0822 2.5562 163.5311 0.7883 157.1408 2.5359
4761 168.1727 0.9325 58.4849 2.5961 -7.1395 3.0646 38.9172 2.4935 31.6727 2.5472 11.3884 2.2314 42.8177 2.5330 23.0718 2.2818 163.9961 0.9117 158.3051 2.0693
4762 168.1122 1.6430 57.0892 2.5693 -7.9539 2.6547 38.8684 2.5022 31.7803 2.5433 12.6416 2.2995 42.5197 2.5608 21.5912 2.5465 164.1262 1.1201 159.3004 2.3786
4763 168.2443 1.7654 55.5148 2.6816 -8.5761 2.7561 38.4697 2.5529 31.8094 2.5067 14.3463 2.3866 42.5146 2.5361 20.3775 2.4221 164.4811 1.0998 160.6975 2.3989
4764 168.1957 1.9282 54.2913 2.4743 -9.0997 2.7054 38.6056 2.5396 31.8774 2.5284 15.4440 2.5976 42.4115 2.4283 18.9019 2.5152 165.0649 1.2774 161.8977 2.4610
4765 168.4774 2.1133 52.9042 2.5737 -9.4249 2.6763 38.0878 2.5517 32.3373 2.5445 16.7853 2.2765 41.8266 2.6112 17.8467 2.6656 165.9403 1.5837 163.0677 2.3127
4766 168.1175 2.5821 51.6909 2.5136 -9.5908 2.7984 37.7652 2.5589 32.6176 2.5466 17.8132 2.3428 41.0192 2.6203 16.3903 2.7240 166.4805 1.9160 164.1571 2.3360
4767 167.9758 2.7278 50.3388 2.4975 -9.5631 3.0577 37.1517 2.4896 32.8294 2.5509 18.7938 2.6237 40.1886 2.5566 15.4821 2.6593 166.8696 1.5893 164.7305 2.4533
4768 167.5049 2.8807 49.1173 2.2939 -9.5549 3.0546 36.5092 2.5626 32.9518 2.6078 19.6077 2.3457 38.8949 2.5508 13.8719 2.4666 167.5596 1.2924 165.5291 2.4851
4769 167.7720 2.8120 47.6849 2.5018 -9.6466 3.1579 35.7653 2.5339 32.9831 2.4969 20.3743 2.4352 37.8369 2.3725 12.1303 2.4706 168.0599 1.3596 166.0636 1.9780
4770 167.8367 2.4277 46.4606 2.4628 -9.5422 3.2278 34.9968 2.4948 33.4579 2.5735 21.2592 2.3243 36.3622 2.4099 10.6940 2.4393 168.7230 1.3852 167.1689 2.2474
4771 167.8251 2.7962 45.0166 2.4519 -9.5105 3.1513 33.8479 2.5681 33.6511 2.5797 21.9017 2.3388 35.0292 2.3185 9.2702 2.5469 169.1819 1.3096 167.7904 2.2614
4772 167.6713 3.2701 43.6219 2.5182 -9.8840 2.9705 32.5115 2.5385 34.0492 2.4878 22.4380 2.4146 34.1974 2.6200 8.0417 2.1613 169.6845 1.7042 168.1178 2.1752
4773 167.8597 3.4405 42.0101 2.5167 -9.5480 3.1859 30.9764 2.4138 34.1712 2.4662 22.8488 2.4692 33.1400 2.3778 6.6232 2.1017 169.8276 1.5083 168.1659 1.9840
4774 167.8041 3.7115 40.6570 2.6661 -9.1681 2.7128 29.7824 2.5250 33.9459 2.5647 22.8938 2.5392 31.5674 2.2742 5.4065 1.9825 169.9063 1.3299 168.6400 1.6239
4775 167.4050 4.1276 39.4784 2.4235 -9.0843 2.8396 28.7778 2.4706 34.2124 2.4295 22.8869 2.4479 30.0641 2.5934 4.5581 1.7184 170.0583 1.1828 168.7927 1.7427
4776 167.2637 4.1015 38.0580 2.2736 -8.9691 3.1045 27.9230 2.5721 34.0530 2.5426 22.7341 2.4784 28.8115 2.6467 3.7521 1.6470 170.2299 1.3118 168.8022 1.3477
4777 167.1240 3.5809 36.6076 2.5075 -8.6465 3.0582 26.9211 2.5497 33.5935 2.4814 22.4626 2.5152 27.0755 2.6055 3.1598 1.6908 170.4606 1.3659 168.7969 1.4008
4778 166.7708 3.4072 35.1498 2.3573 -8.4560 3.1568 26.3489 2.5296 33.7053 2.3553 22.2502 2.4936 26.1076 2.4220 1.9819 1.7682 170.5051 1.2266 168.5043 1.2684
4779 166.3699 3.7719 33.8142 2.2915 -8.3073 3.6184 25.7685 2.5958 33.3866 2.4891 22.0913 2.5990 25.0369 2.4951 1.0217 1.6683 170.4760 1.2556 168.6789 1.0937
4780 166.2332 4.0181 32.4279 2.2453 -7.9654 3.8780 25.3005 2.6765 32.8542 2.4391 21.6796 2.5405 24.5704 2.4988 0.2884 1.7505 170.0789 1.0045 168.6803 1.1721
4781 166.1402 4.2147 31.5312 2.3636 -7.9270 4.2220 24.8639 2.4080 31.8339 2.4551 21.2004 2.6150 23.7752 2.4990 -0.6422 1.6442 169.9722 0.9783 168.9147 1.2586
4782 165.6164 4.0306 30.7013 2.4384 -7.7029 4.1004 24.3425 2.4367 30.8474 2.4454 20.5494 2.4629 23.0427 2.4742 -1.2945 1.3039 169.8323 0.8620 169.6419 1.3520
4783 165.5550 4.1731 29.8108 2.4598 -7.9550 4.3590 24.3276 2.4705 30.2055 2.4046 19.6852 2.4234 22.4450 2.4562 -1.7846 1.3088 169.9750 0.9324 169.7864 1.4866
4784 165.2707 4.2667 28.7349 2.4226 -8.1851 4.5106 24.1308 2.4786 29.0271 2.5144 19.0099 2.6106 22.1236 2.5196 -2.5653 0.9378 170.0792 0.8022 169.6995 1.1326
4785 164.9711 4.2672 28.1736 2.6045 -7.9468 4.8949 24.2696 2.5477 28.3733 2.4330 18.2954 2.3410 21.5195 2.5670 -3.1927 0.9165 169.5106 0.8660 169.9171 1.0611
4786 165.1449 4.5491 27.5611 2.5299 -7.7278 4.8693 24.4938 2.4439 27.2589 2.3828 17.5408 2.6755 21.6148 2.4758 -3.2727 0.4838 169.0958 0.8171 170.1369 0.9136
4787 165.5261 4.4373 27.0742 2.4226 -7.4732 4.9644 24.8496 2.5486 26.0795 2.4491 16.3546 2.6012 21.3814 2.4468 -4.0195 0.1629 168.7579 0.6252 169.8204 0.6207
4788 165.6890 4.6550 26.6057 2.6396 -7.7543 5.0250 24.5088 2.5198 24.5896 2.5078 15.8615 2.4929 21.5447 2.4789 -4.6556 -0.0263 168.5379 0.7623 169.9942 0.4469
4789 165.8136 4.3325 26.2031 2.4904 -7.5939 5.2698 24.9141 2.5184 23.2787 2.5594 14.4872 2.6607 21.6899 2.5439 -5.2084 -0.2277 168.2005 0.7536 169.7687 0.6842
4790 166.6217 4.3686 26.1848 2.4511 -7.6386 5.6214 25.3968 2.4961 22.3658 2.5162 13.6648 2.4673 21.9007 2.4444 -5.8652 -0.2638 168.1568 0.8442 169.8922 0.7697
4791 167.0835 4.1505 26.4996 2.4630 -8.0945 5.6308 25.8273 2.4898 21.4356 2.6053 12.8148 2.5223 21.9284 2.5140 -6.3956 -0.1100 167.8712 0.8262 169.6449 0.8698
4792 167.1161 4.0467 26.5339 2.5670 -8.0205 5.3158 26.6412 2.5416 20.6156 2.5010 12.0388 2.3186 22.3257 2.4774 -6.7655 0.0281 167.4914 1.0409 169.5756 1.0844
4793 167.4092 4.1510 26.8977 2.5628 -7.8404 5.1291 26.9317 2.5802 20.2577 2.5629 11.2452 2.2537 22.5273 2.3529 -7.1294 -0.4642 167.4260 1.3976 169.7687 1.8358
4794 167.6433 4.0356 27.2668 2.4542 -7.8792 4.8666 27.9961 2.4942 19.3666 2.4358 10.5217 2.4147 23.1432 2.2694 -7.4854 0.0371 167.7294 1.7656 169.3641 2.1205
4795 168.1733 3.9419 27.7889 2.6666 -7.8472 5.0879 28.7372 2.4216 18.6233 2.5342 9.9690 2.3794 23.4295 2.4262 -7.7267 0.1743 167.8475 1.9753 169.1675 2.5681
4796 168.6582 3.6219 28.3259 2.6610 -7.5915 4.6283 29.6069 2.3951 18.5357 2.4621 9.1203 2.4597 24.1139 2.4542 -7.7308 0.7064 168.1299 2.3006 169.1026 2.8491
4797 168.9137 4.0044 28.8626 2.6074 -7.7253 4.4255 30.6060 2.4079 17.7184 2.4286 8.7458 2.4610 24.9589 2.4956 -7.8122 0.7849 168.1960 2.2750 169.1491 3.2981
4798 169.2327 3.6446 29.6814 2.6088 -7.5807 3.8700 31.7259 2.3517 17.1634 2.4754 8.5542 2.5105 25.6761 2.6584 -8.0522 0.8784 168.1509 2.2970 169.4531 3.4351
4799 169.8586 3.6209 30.3078 2.5781 -7.9090 3.4090 32.9799 2.4293 16.6899 2.4962 8.6233 2.4822 26.3433 2.6050 -8.2411 1.1372 168.4865 2.7865 169.1592 3.8508
4800 169.8136 3.2987 31.1129 2.5575 -8.0429 3.2293 34.9129 2.4760 16.5874 2.4509 8.1211 2.5564 26.6223 2.3671 -8.5072 1.6137 168.6162 3.1783 169.5314 4.1554
4801 170.1212 3.4404 31.6290 2.5141 -8.1032 2.7742 36.0665 2.4737 16.4852 2.4532 7.9576 2.4708 27.3183 2.4802 -8.4876 1.9264 168.9561 3.3683 169.3042 4.1580
4802 170.7518 3.3870 32.6833 2.5154 -8.1909 2.5200 37.3700 2.3272 16.2316 2.4923 7.8746 2.4982 27.4829 2.4342 -8.6623 2.1575 168.9371 3.6781 169.1390 4.2031
4803 171.2156 3.4807 33.2375 2.5546 -8.1683 2.4508 38.5516 2.4385 16.5060 2.5657 7.9231 2.5279 27.6723 2.5112 -8.5912 2.5362 168.7275 3.8342 169.3135 4.3696
4804 171.2571 3.4677 34.0988 2.4734 -8.1872 1.8822 40.0823 2.5484 16.7351 2.4757 8.6043 2.5142 28.1324 2.5081 -8.9009 2.8546 169.0019 3.8887 169.2735 4.5425
4805 171.4594 3.8188 34.8515 2.5627 -8.0747 1.6504 41.5168 2.4908 17.2164 2.5333 9.3783 2.4720 28.4241 2.4250 -8.7185 3.0686 169.1269 4.1275 168.9134 4.3925
4806 171.4029 3.8152 35.2651 2.4443 -8.0807 1.4672 42.9430 2.4296 17.7502 2.4546 10.2345 2.5361 28.6364 2.4468 -8.4396 3.2564 169.2775 3.7425 168.6626 4.6514
4807 171.5884 3.5995 36.1241 2.3241 -7.9254 1.4840 44.5905 2.6615 18.3792 2.6115 10.4819 2.4893 28.8436 2.5413 -8.4039 3.5380 169.4988 4.1341 168.5234 4.7334
4808 171.8324 3.2800 37.1140 2.4041 -7.6178 1.3614 46.0929 2.4783 18.9173 2.6281 11.5131 2.5010 28.6865 2.5751 -8.0931 3.6096 169.6112 4.2749 168.2030 4.8266
4809 171.7693 3.1549 37.4600 2.5013 -8.1987 0.8564 47.6579 2.4769 19.7834 2.6703 12.6720 2.5854 28.8280 2.4805 -7.7964 3.9693 169.3266 4.3611 167.8562 4.7555
4810 171.7061 3.0124 37.5591 2.5105 -8.5043 0.5473 48.9185 2.7434 20.6427 2.6754 13.3664 2.3870 28.4220 2.4224 -7.6159 4.1967 168.7250 4.4529 167.1533 4.4885
4811 171.6331 2.6289 38.1197 2.4438 -8.7192 0.1463 50.4400 2.5992 21.5941 2.6493 13.9943 2.4642 28.3824 2.5013 -7.3141 4.3261 168.3932 4.3802 166.6424 4.4873
4812 171.6111 2.5415 38.6223 2.4710 -9.0811 -0.1607 51.4546 2.4332 22.2854 2.6597 14.6085 2.4321 28.3580 2.5222 -7.5509 4.5380 168.4201 4.1888 165.9536 4.8299
4813 172.0448 2.6034 38.3293 2.5709 -9.0709 -0.1295 52.7874 2.3176 23.5453 2.6082 15.6712 2.5932 27.8116 2.4916 -7.2212 4.7533 168.3473 4.1538 165.3173 4.9479
4814 171.7292 2.7252 38.2254 2.5190 -8.3555 -0.0901 53.6486 2.4610 24.8029 2.3213 16.1530 2.5489 27.3989 2.4679 -7.2048 5.2328 168.3835 3.9096 164.5458 5.0388
4815 171.8988 3.0951 38.1689 2.5658 -8.0291 -0.0173 54.6794 2.2991 26.1122 2.5630 16.8855 2.5438 26.4901 2.4904 -6.7983 5.0748 168.5636 3.6450 163.7492 4.9405
4816 171.8071 3.1983 37.6509 2.5967 -8.0595 -0.2691 55.5388 2.5094 27.9547 2.5909 17.3638 2.4353 26.2963 2.6416 -6.8023 4.9992 168.4675 3.6056 163.3017 5.2368
4817 171.7172 3.1189 37.2796 2.4723 -7.2036 -0.4479 56.0815 2.4866 29.6346 2.4317 17.8726 2.6026 25.7161 2.5747 -6.7897 4.7200 168.3800 2.9775 162.6689 4.4824
4818 171.7919 3.2787 36.4762 2.6222 -6.6173 -0.3614 56.8777 2.5451 30.8925 2.4612 18.0558 2.5320 24.2972 2.5442 -6.5202 4.5746 168.0200 2.7026 161.8833 4.5951
4819 172.0210 3.3175 35.6271 2.4825 -6.3238 -0.5037 57.5263 2.5456 32.3989 2.4880 18.3461 2.5027 23.0193 2.5969 -6.3602 4.6354 167.8135 2.0937 160.7800 4.5945
4820 172.0027 3.5866 35.0722 2.5719 -6.2583 -0.0899 58.0250 2.5518 33.2520 2.3931 18.6302 2.4677 21.7547 2.5146 -6.5749 4.6158 168.1069 2.0053 159.6256 4.3068
4821 171.9389 3.7075 34.4180 2.5541 -6.2562 0.3731 58.5885 2.3951 34.6993 2.4916 18.5615 2.5069 20.7310 2.4158 -6.7685 4.4502 168.1390 1.5113 158.5889 4.0549
4822 171.8872 4.1754 33.8927 2.4384 -6.5941 0.4505 59.1106 2.3854 35.8241 2.4872 18.8853 2.4648 19.6521 2.5280 -7.0873 4.2673 168.1385 1.1134 157.2024 3.4910
4823 171.8100 3.8396 32.5960 2.3765 -6.7154 0.8761 59.5386 2.5569 36.7503 2.3660 18.8479 2.4885 18.8887 2.5193 -6.9604 3.9262 168.2081 1.0258 156.0475 2.9975
4824 171.3672 3.6776 30.9500 2.4700 -7.0707 0.7694 59.5021 2.4656 37.3250 2.4139 19.0886 2.4906 18.0621 2.4780 -6.8372 3.5457 168.4319 1.0300 155.3451 2.7262
4825 171.4045 3.5972 30.1902 2.4934 -7.2706 0.7627 59.3488 2.5000 37.8696 2.4946 18.6485 2.3835 17.1635 2.5314 -7.2459 3.6418 168.5284 1.0467 154.0845 2.5262
4826 171.1460 3.4740 28.6093 2.4543 -7.5643 0.8074 59.5716 2.4449 38.8323 2.4754 18.4556 2.5799 16.1744 2.4713 -7.5728 3.5000 168.4943 1.3428 153.2056 2.4861
4827 171.4498 3.3437 27.5601 2.4671 -8.1225 1.0939 59.5074 2.4555 39.3439 2.5313 18.2778 2.4353 15.4551 2.5251 -7.4584 3.5056 168.4900 1.5083 152.3281 2.3233
4828 171.3171 3.3925 25.7871 2.3878 -8.4254 1.1516 59.2508 2.4822 40.0208 2.5341 17.8941 2.4526 14.7217 2.4987 -7.8440 3.1603 168.8295 1.2653 151.3615 2.2786
4829 171.2871 3.5960 24.7004 2.4828 -8.8200 1.3682 59.0163 2.5074 40.6890 2.5096 17.9014 2.5220 14.4516 2.5225 -7.9888 3.0816 168.7578 0.8569 150.5638 2.4044
4830 171.4140 3.6441 23.8398 2.4717 -8.6770 1.1684 58.7040 2.4485 41.2255 2.4911 17.7438 2.4177 13.9362 2.4015 -8.0410 2.8419 168.8304 0.5547 149.4903 2.4794
4831 170.9111 3.9286 22.9403 2.5163 -8.7584 0.8879 58.2248 2.4486 41.3927 2.4456 17.2082 2.4550 13.0507 2.5047 -8.0276 2.9678 168.8644 0.4332 148.9156 2.4238
4832 170.8581 3.7795 21.6820 2.5050 -9.0485 0.8858 57.5947 2.5785 41.6529 2.5706 17.2723 2.5150 12.9008 2.5603 -7.9924 2.5902 168.7811 -0.0128 148.5836 2.5578
4833 170.6693 3.5162 20.0107 2.6042 -9.0985 0.7750 56.9502 2.4527 42.2293 2.5099 17.0939 2.4902 12.2929 2.4956 -7.8761 2.4503 168.6777 -0.2795 148.2764 2.5719
4834 170.4262 3.5375 18.5646 2.5027 -9.2127 1.0788 56.2029 2.6239 41.9619 2.4858 17.5753 2.4995 12.2306 2.4882 -7.6502 2.4670 168.5714 -0.1938 148.2742 2.4870
4835 170.2901 3.5851 17.0277 2.6233 -8.8968 1.3996 55.1822 2.4677 42.1662 2.5014 17.5589 2.4805 12.1108 2.4865 -7.9071 2.0591 168.7431 -0.4100 147.9967 2.5061
4836 170.5812 3.7596 15.5143 2.4152 -8.4053 1.6468 54.1535 2.4302 42.0761 2.5038 17.6702 2.4284 12.2183 2.4317 -7.7844 2.2337 169.0650 -0.3636 147.8814 2.5037
4837 169.9281 3.7694 14.0483 2.4358 -8.2143 1.6973 52.9813 2.4875 41.8673 2.5196 18.2778 2.6302 12.8508 2.4355 -7.7938 2.1474 169.3456 -0.6385 147.2754 2.4908
4838 169.8919 3.6690 12.5057 2.7526 -8.3858 1.6483 51.7850 2.4656 41.2397 2.4537 18.9710 2.6534 13.2251 2.3995 -7.7408 1.7396 169.1709 -0.7435 147.4891 2.5318
4839 169.4059 4.1896 11.0093 2.5523 -8.2782 1.8758 50.1723 2.4370 40.8579 2.5138 19.1957 2.4638 13.7128 2.4378 -7.6979 1.8890 169.3406 -0.5538 147.4342 2.5523
4840 168.7959 4.2901 9.9609 2.4292 -8.3126 2.1421 48.6597 2.5128 40.7898 2.5253 19.2937 2.4938 14.2294 2.4592 -7.6004 1.8535 169.4966 -0.1691 147.4649 2.5001
4841 168.6215 4.2440 8.7294 2.5732 -8.3080 2.5485 47.2195 2.4300 40.4254 2.5189 19.7468 2.4267 15.2618 2.4756 -7.4080 1.3210 169.8151 -0.0244 147.8291 2.3342
4842 168.3860 4.0815 7.2126 2.6814 -8.2756 2.4107 45.9888 2.2868 40.0825 2.5818 20.4909 2.4550 15.6250 2.4660 -7.6782 1.0637 169.4507 0.2892 148.3183 2.5470
4843 167.9154 3.3461 5.7236 2.7119 -8.0707 2.7912 44.9606 2.5949 39.5057 2.5569 21.2199 2.4637 16.3865 2.3873 -7.6215 0.7908 169.3963 0.2908 148.8278 2.4992
4844 168.1985 3.4595 4.4076 2.8301 -8.9485 2.7081 43.4719 2.4656 38.8604 2.5552 22.2816 2.3431 17.0529 2.4875 -7.1725 0.5996 169.3712 0.5330 149.2016 2.5756
4845 168.0784 2.8358 3.6372 3.0572 -9.3711 2.7637 42.0801 2.4516 38.6621 2.5196 23.4356 2.3186 18.0335 2.3957 -7.0382 0.3269 169.3781 0.8374 150.1644 2.5471
4846 167.4679 2.9455 2.3790 3.4770 -9.9858 2.5009 40.6459 2.4192 38.5717 2.5823 24.7214 2.6094 19.0167 2.5522 -6.7383 0.1769 169.3036 0.8037 151.1759 2.4905
4847 167.6879 2.9849 1.3453 3.9115 -10.1998 2.5134 39.2388 2.3860 38.1068 2.4803 25.7246 2.5233 19.4808 2.5392 -6.5589 -0.0829 169.6270 0.5548 152.3695 2.3727
4848 167.3806 2.7348 0.5492 4.1958 -10.3684 2.6775 37.6677 2.6982 38.2245 2.5049 27.2221 2.3396 20.4050 2.5762 -6.4388 -0.3868 169.8410 0.4907 153.0053 2.1367
4849 167.4622 2.5011 -0.0702 4.4344 -10.2769 2.8567 36.5983 2.4819 38.2815 2.5091 28.3022 2.4896 21.3862 2.4377 -6.1551 -0.1851 169.5474 0.1913 154.4137 2.1425
4850 167.3379 2.5719 -0.8398 4.4824 -10.2065 2.4235 35.5431 2.3935 38.2102 2.5274 29.6901 2.4206 21.9152 2.5604 -5.9472 -0.1115 169.2231 -0.2085 155.5787 1.7268
4851 167.4096 1.8553 -1.5756 4.9807 -10.0956 2.4575 34.7205 2.4852 38.6296 2.5315 30.8213 2.6602 22.4133 2.4596 -6.0515 0.2639 169.1110 -0.0195 156.9649 1.6001
4852 167.9483 1.6671 -2.5242 5.1399 -10.1293 2.3234 33.9418 2.6032 38.8600 2.5790 32.0414 2.7282 22.9581 2.4616 -5.9908 0.3546 169.1275 0.1791 157.9744 1.3973
4853 168.6638 1.2095 -3.3330 4.9477 -9.7725 2.2530 33.2528 2.4010 39.4153 2.6023 33.1760 2.5284 23.2424 2.5200 -6.1666 -0.1226 169.3408 0.3385 158.9209 1.3305
4854 168.9547 1.1281 -4.2355 4.9114 -9.6570 2.4772 32.6154 2.4944 39.4908 2.4605 34.3644 2.3588 23.0251 2.4791 -6.3036 -0.0053 169.7345 0.2077 159.7254 0.7757
4855 168.7937 0.9184 -5.3466 4.8262 -10.0546 2.6861 31.8139 2.5851 39.8237 2.6094 35.4777 2.3837 22.9023 2.4679 -6.5649 -0.3726 169.9892 0.1854 160.3500 0.5853
4856 169.1154 0.6741 -5.8550 4.4847 -9.7570 3.0397 31.5367 2.5030 40.5764 2.4782 37.2473 2.5997 22.9211 2.5452 -6.6835 -0.4928 170.4525 -0.0179 161.1293 0.7529
4857 169.1400 0.7291 -6.6453 4.5998 -9.2777 3.5014 31.4882 2.5236 41.1785 2.4617 38.6894 2.4490 22.9467 2.6010 -6.8890 -0.3920 170.6287 0.2418 162.2668 0.9648
4858 169.3714 1.0740 -7.4551 4.3611 -9.2748 3.7988 31.4714 2.5138 41.8984 2.5009 40.0450 2.3526 22.7403 2.5821 -7.4320 -0.7506 170.6372 0.4826 162.6620 0.6315
4859 169.8579 1.3266 -8.2644 4.4814 -9.3393 4.1121 31.6257 2.5558 42.5126 2.3150 41.1765 2.4932 22.3048 2.5928 -7.4108 -0.8082 170.4550 0.3247 163.1364 0.6590
4860 169.9828 1.4273 -8.5059 4.1394 -9.3331 4.4086 31.6335 2.4028 43.6490 2.5209 42.6599 2.4861 21.7321 2.6618 -7.6117 -0.5696 169.7547 0.0405 164.0050 0.5185
4861 170.0874 1.6264 -8.7787 3.6410 -9.1452 4.8406 31.5245 2.4698 44.7077 2.4298 43.5292 2.3182 21.0995 2.6051 -7.8354 -0.9670 169.1319 0.2326 164.3434 0.6664
4862 169.9492 1.9796 -9.1498 3.1111 -8.6952 5.1084 32.0289 2.4501 46.1780 2.4980 44.6018 2.5633 20.2258 2.4207 -7.6299 -1.1295 168.6378 0.4095 164.9431 0.5935
4863 169.5473 1.8715 -9.1596 2.7963 -8.1186 5.3857 32.3013 2.3897 47.4409 2.4312 45.8616 2.6337 19.1929 2.4724 -7.2456 -1.2993 168.4737 0.8602 165.3093 0.8691
4864 169.5512 2.4041 -9.6835 2.8145 -7.6953 5.7072 32.7625 2.4897 48.7461 2.6674 47.0994 2.5454 18.2502 2.5280 -6.8561 -1.0961 168.3581 1.3178 165.5581 0.7454
4865 169.6223 2.6117 -9.7888 2.8433 -7.6521 5.6458 33.2198 2.4795 50.4088 2.6959 48.6027 2.4916 17.3912 2.4432 -6.8086 -1.1213 168.3120 1.4759 165.7477 1.1216
4866 169.7895 2.6855 -9.7621 3.0292 -7.3223 5.3516 33.2870 2.5512 52.0928 2.6534 50.0683 2.4396 16.1770 2.3845 -6.3805 -1.0949 168.0638 1.5703 166.3783 1.3702
4867 169.7501 3.1200 -9.5889 2.8183 -7.2371 5.3546 34.4713 2.3738 53.0183 2.3184 51.8742 2.4391 14.8919 2.3048 -6.2682 -0.8486 167.4312 1.4657 166.4639 1.7269
4868 169.9351 3.4532 -9.4815 2.6534 -7.1472 5.5682 35.6230 2.3480 54.1851 2.6373 53.2699 2.6745 13.5792 2.5513 -6.2734 -0.8100 166.9438 1.5522 166.8885 1.9164
4869 170.3755 3.6288 -9.5722 2.7559 -6.9968 5.5020 36.2826 2.2874 55.2548 2.6583 54.7160 2.5606 12.3787 2.0102 -6.3209 -0.4011 166.5482 1.4625 167.1239 2.0765
4870 170.7519 3.8926 -9.5940 2.6097 -6.9965 5.6319 37.1766 2.2747 55.7746 2.5550 56.4578 2.6460 10.7208 1.8460 -6.1441 0.0027 166.4755 1.5631 166.8221 2.2776
4871 170.8302 4.1637 -9.1116 2.4627 -6.8500 5.5697 38.3431 2.5457 56.4473 2.5048 57.5133 2.4716 9.0105 1.7050 -5.7753 0.0853 166.6571 1.6618 166.8724 2.2067
4872 170.8190 4.1508 -8.7033 2.2661 -6.5841 5.5026 39.4576 2.4154 57.1062 2.6084 58.6720 2.4633 7.8730 1.6068 -5.9438 0.4922 166.7361 1.6517 166.8127 2.4093
4873 170.8562 4.4562 -8.2193 2.6815 -6.4845 5.3181 40.8066 2.5889 57.8784 2.5766 60.2461 2.3410 6.9688 1.3445 -5.9022 0.9725 166.6009 1.5766 166.4033 2.5646
4874 170.9420 4.6453 -8.1312 2.3612 -6.6427 5.4475 42.3219 2.5239 58.6641 2.4221 61.1672 2.5223 5.8028 1.1956 -6.0255 0.9745 166.4315 1.6503 165.5263 2.9989
4875 171.0061 4.8180 -8.0080 2.1070 -6.3015 5.7220 43.7435 2.6595 58.8275 2.4082 62.6762 2.4012 4.3547 0.9043 -6.0064 1.0737 166.0789 2.0856 165.1817 2.9695
4876 170.5788 4.9611 -7.6514 2.2274 -6.0303 5.3581 45.4212 2.5254 59.3253 2.5380 63.5800 2.5238 3.2903 0.3510 -5.9066 1.3872 165.2966 2.2739 164.4255 3.1382
4877 170.2731 4.9956 -6.9066 1.7914 -5.7851 5.3924 47.1045 2.6297 59.5947 2.5665 65.0251 2.3287 2.0703 0.3375 -5.8873 1.2598 164.5945 2.1229 163.6923 3.4033
4878 170.1295 4.8579 -6.6061 1.5250 -5.6002 5.2623 48.3770 2.7227 59.8407 2.4707 66.8116 2.5392 0.9405 0.3544 -5.6594 1.3379 164.0242 2.4174 162.9742 3.5293
4879 170.2802 4.7827 -6.5508 1.5871 -4.6795 5.1550 49.4852 2.4751 59.9904 2.5378 68.1431 2.5164 -0.3281 0.3158 -5.7023 1.2669 163.0151 2.3960 162.6140 3.4694
4880 170.1772 4.9307 -6.2584 1.3819 -3.9240 5.0781 50.8881 2.5661 59.8382 2.5604 69.3035 2.6624 -1.4831 0.4493 -6.0532 1.5974 161.8846 2.6531 161.7561 3.2560
4881 170.2342 5.0596 -5.7433 1.7536 -3.3355 4.7086 52.4736 2.5230 59.7851 2.4576 70.9363 2.4777 -2.6206 0.6123 -5.6842 1.8454 161.3061 2.8549 160.7491 3.1269
4882 170.2613 5.2846 -5.5924 1.2494 -2.4163 4.3996 54.1697 2.4746 59.5567 2.4882 72.2278 2.3796 -3.4945 1.0457 -5.6124 1.7794 160.9909 2.9461 159.5284 3.2657
4883 170.2053 5.5087 -5.1987 1.4216 -1.6965 4.5414 55.2650 2.4085 59.2854 2.6088 73.4758 2.4925 -4.3650 1.0690 -5.8527 1.8010 160.2209 3.2923 158.4023 3.2847
4884 169.9816 5.4819 -5.1170 1.5131 -1.0968 4.4648 56.6727 2.4686 59.1485 2.5944 74.6044 2.7059 -4.9803 1.0904 -6.1616 1.7823 159.8120 3.5961 157.2778 3.4777
4885 170.3934 5.3069 -4.9628 1.2046 -0.4900 4.1061 57.6074 2.3230 59.1358 2.6046 75.8564 2.6199 -5.9118 0.9368 -6.5227 1.9924 158.9102 3.5781 156.1671 3.5263
4886 170.5399 5.3429 -5.1492 1.0104 -0.5339 4.0310 58.9717 2.5470 58.3035 2.5433 77.3235 2.2569 -6.4627 1.0480 -6.6638 2.0841 158.3835 3.6665 155.3869 3.4073
4887 170.5488 5.2224 -5.3817 0.6706 -0.3025 4.0709 60.2499 2.4492 57.5500 2.5030 78.9054 2.5577 -6.9874 1.3976 -6.7359 2.0817 157.9572 3.5121 154.2917 3.2562
4888 170.4906 5.3588 -5.5009 0.7446 0.2410 3.8462 61.5898 2.5125 56.7138 2.5511 80.2663 2.3337 -7.3262 1.9941 -6.8627 1.7646 157.4758 3.3858 153.3249 2.9210
4889 170.4293 5.2318 -5.6745 0.2852 0.6982 3.5517 62.6645 2.3812 55.4227 2.4816 81.9619 2.3254 -7.7181 2.3287 -6.9411 1.9545 157.0135 3.3257 152.3889 3.0514
4890 170.2444 5.2110 -5.7069 0.4293 0.9131 3.2516 64.0302 2.5159 54.4360 2.6270 83.2350 2.4368 -8.0267 2.4876 -6.9710 1.9083 156.9699 3.0717 150.8416 2.9004
4891 170.1271 5.1581 -5.7966 0.2074 0.7160 3.0908 65.6380 2.7990 53.4195 2.5038 84.3830 2.5021 -7.9520 2.5926 -7.0626 1.9549 156.4444 2.8195 149.5638 2.7132
4892 169.6433 5.0409 -5.7454 0.1214 1.0043 2.7139 67.0378 2.4233 52.4026 2.6147 85.5862 2.5358 -7.7952 2.7914 -7.2447 2.2484 156.2839 2.7215 148.1264 2.7772
4893 169.5360 5.3593 -5.9327 0.4133 1.1424 2.7782 68.2830 2.3981 51.5448 2.4598 86.9503 2.5432 -7.4170 3.0915 -7.7692 2.7390 155.9939 2.5241 146.7964 2.6879
4894 169.5429 5.6051 -6.2776 0.5699 0.7270 2.5521 69.4501 2.5096 50.7058 2.5083 88.1664 2.4990 -7.6156 2.9857 -7.9054 3.1372 156.0481 2.2848 145.3604 2.5911
4895 169.5748 5.6510 -6.4912 0.4781 0.6988 2.4645 70.9743 2.6464 50.1619 2.5055 89.4140 2.3871 -7.4221 2.7790 -7.7435 3.1112 155.8195 2.1170 143.6226 2.2487
4896 169.1311 5.5633 -6.5430 1.0142 0.2848 2.2853 71.8002 2.4582 49.7193 2.4546 90.4662 2.5534 -7.4096 2.8552 -7.8121 3.3430 156.2655 2.0863 142.0662 2.5173
4897 168.7868 5.3937 -6.8951 1.3534 0.4746 2.0831 73.0323 2.3405 48.9224 2.4907 91.1163 2.2348 -7.5611 3.2247 -8.0796 3.3555 156.6740 1.8679 140.4555 2.3894
4898 168.5914 5.6553 -7.2821 1.5841 0.3486 2.0148 74.4485 2.4696 48.9218 2.4043 92.0411 2.4402 -7.7417 3.1222 -8.1131 3.1928 157.0196 1.7912 139.2746 2.5955
4899 168.3274 6.0103 -7.8301 2.0699 0.1961 1.6410 75.7364 2.3804 48.8719 2.4459 93.0278 2.7005 -7.5939 3.2425 -8.1297 2.8903 157.4968 1.5635 138.0041 2.4681
4900 168.3495 5.5752 -8.4216 2.0922 0.0938 1.2665 76.8391 2.2400 49.0320 2.5267 93.8066 2.5064 -7.6898 3.5840 -8.2966 2.8775 158.3263 1.2932 136.4640 2.4463
4901 167.9170 5.2282 -8.3747 2.1502 -0.0300 1.4567 77.8848 2.3753 48.7626 2.4254 93.9995 2.4948 -7.5910 3.6208 -8.4277 2.6646 158.7167 1.0082 135.1203 2.3752
4902 167.9698 4.7336 -8.2917 2.2166 -0.2404 1.4322 78.5764 2.4866 49.1280 2.4259 94.3394 2.6672 -7.6461 3.7174 -8.5671 1.9638 159.4421 1.0479 133.7005 2.3494
4903 167.6927 4.6342 -8.0742 2.3449 -0.2579 1.0893 79.1600 2.4890 49.0292 2.5307 94.9853 2.3899 -7.2726 3.9885 -8.6095 1.6554 160.2861 1.1940 132.2197 2.4527
4904 168.0436 4.3965 -8.3097 2.9529 -0.3419 1.2501 79.6017 2.5180 49.1181 2.4962 95.4796 2.4764 -7.4624 4.1506 -8.5236 1.5033 161.2774 1.0539 130.8136 2.2950
4905 168.5336 4.2366 -8.3133 3.1656 -0.8671 0.7176 80.7309 2.5172 49.3638 2.5305 95.6426 2.5071 -7.1500 4.2559 -8.2867 1.1824 162.2422 0.8463 129.5390 2.4457
4906 168.6375 4.2547 -8.5293 3.7916 -1.2440 0.5328 81.1207 2.5540 49.4763 2.4984 95.5584 2.4851 -7.0526 4.3314 -8.7038 1.0945 163.4270 0.8460 128.2334 2.4563
4907 168.4496 4.5856 -8.6507 3.8021 -1.8867 0.6840 81.8493 2.4907 49.6997 2.5426 95.3261 2.4633 -6.6456 4.3126 -8.3671 0.6966 164.3494 0.6258 127.1068 2.4523
4908 167.9427 4.3664 -9.1758 4.2430 -2.5149 0.1582 82.2009 2.5119 50.5986 2.4473 95.4320 2.4878 -6.5255 4.1184 -8.0388 0.3988 165.2244 0.6029 126.3279 2.5195
4909 167.9152 4.3559 -9.6029 4.7002 -3.0614 0.4593 82.2344 2.5417 51.3382 2.5125 95.1513 2.4732 -6.5659 4.1837 -8.1663 0.1011 165.5088 0.6755 125.3117 2.3852
4910 167.5543 4.0167 -9.5758 5.0749 -3.6917 0.5045 82.1650 2.4703 51.7090 2.5117 94.6480 2.5735 -6.3890 4.0488 -7.8589 0.2369 166.0929 0.7652 124.7052 2.5683
4911 167.2310 3.8124 -9.7192 4.9022 -3.9974 0.6079 82.4131 2.5154 52.2035 2.4758 94.1096 2.6075 -6.5746 3.4977 -7.5355 0.2860 166.4787 0.9843 124.1591 2.5761
4912 167.0631 3.8705 -9.7836 4.9865 -4.3409 0.3551 82.4498 2.3982 53.2645 2.4304 93.5544 2.5054 -6.3779 3.3915 -7.3456 0.2856 167.0402 1.2471 123.6205 2.6238
4913 167.2617 3.9165 -9.8347 5.0167 -4.4367 0.8054 81.9593 2.4566 54.8947 2.5947 92.7093 2.4870 -6.7823 3.1076 -6.8209 0.2944 167.3006 1.4419 123.3328 2.5185
4914 167.9536 3.9669 -9.7064 5.0584 -4.6473 0.3726 81.4219 2.5771 55.7254 2.5545 91.9711 2.3701 -6.6148 2.3617 -7.0493 0.6685 167.4745 2.0481 123.1785 2.4799
4915 168.4711 4.0613 -9.4532 4.8262 -5.3222 0.0868 81.0452 2.5224 56.9112 2.4875 91.3109 2.3606 -6.7948 1.6507 -7.1352 0.6791 167.6877 1.9966 123.1719 2.5148
4916 168.4504 4.0355 -9.3257 4.5169 -5.6583 -0.2172 80.6518 2.6191 58.3002 2.4400 90.1927 2.5417 -6.9132 1.4551 -7.1756 0.6705 168.2563 2.2905 123.1002 2.3901
4917 168.7151 4.1308 -9.2219 4.0286 -6.0050 -0.0528 79.6023 2.6854 59.7029 2.5226 89.3152 2.5254 -7.1875 1.3809 -7.5137 0.4767 168.5920 2.4890 122.7370 2.5328
4918 169.0937 4.0827 -8.8107 3.9217 -5.8812 0.2076 78.1695 2.5181 61.7424 2.3605 88.3464 2.6100 -7.1086 0.9269 -7.2769 0.3522 168.3877 2.7047 122.9541 2.4734
4919 169.3509 3.7340 -8.7615 4.1777 -5.6503 0.0468 77.2092 2.4373 62.9787 2.5971 87.5227 2.5006 -7.5224 0.8229 -7.2866 0.2261 168.2529 2.6794 123.1191 2.4828
4920 169.6102 3.2385 -8.8355 4.2735 -5.7362 0.9699 76.2202 2.5316 64.4669 2.4113 86.7737 2.4945 -7.7302 0.8204 -7.1029 0.2296 168.1132 2.8282 123.5506 2.6123
4921 169.8512 2.5510 -8.4842 3.7883 -5.4317 1.2762 75.2540 2.5874 66.1181 2.2969 86.6604 2.5066 -7.7986 1.1108 -7.2178 0.5817 168.1404 3.2103 123.8560 2.5655
4922 170.0689 2.1495 -8.4523 3.3551 -5.2390 1.7827 74.0910 2.6692 67.5343 2.5399 86.1330 2.5188 -7.8043 1.3050 -7.4256 0.5436 167.8670 3.4526 123.9276 2.5265
4923 169.7793 1.7107 -8.2581 2.9715 -5.0341 1.9422 72.7287 2.4393 68.9571 2.6713 85.7756 2.5398 -7.7110 1.3143 -7.6289 0.5778 167.7854 3.9970 124.7276 2.6324
4924 169.7300 1.5085 -8.3064 2.6547 -4.9287 2.2726 71.4043 2.5761 70.1489 2.4618 85.4635 2.5418 -7.5350 1.4528 -7.9192 0.6420 167.6966 4.1973 124.8932 2.5841
4925 170.1082 0.7365 -7.9272 2.4529 -4.7439 2.2987 70.0918 2.2915 71.5509 2.5631 84.8637 2.4569 -7.4684 1.4582 -8.3856 0.6040 167.9665 4.4985 125.1599 2.6643
4926 169.9106 0.5811 -7.8502 2.3669 -4.7315 2.7197 68.8726 2.4924 72.9121 2.4275 84.7005 2.4582 -7.7715 1.3995 -8.7283 0.8499 167.9039 4.7591 126.1184 2.5853
4927 169.3124 0.2962 -7.9826 2.5387 -4.9318 3.1405 67.7916 2.4636 74.2365 2.3464 84.4586 2.5554 -7.3123 1.3697 -8.9764 1.3420 168.1039 5.1751 127.1509 2.5166
4928 169.0541 0.3586 -8.0645 2.6066 -4.9923 3.4541 66.6870 2.2722 75.7041 2.4858 84.4867 2.4558 -7.3009 1.1773 -9.3512 1.6414 168.2548 5.3643 128.0860 2.6122
4929 168.5963 0.3966 -7.4054 2.4375 -4.9551 3.5276 65.3971 2.3388 77.4129 2.5170 84.7462 2.5429 -6.6334 0.9362 -9.2625 1.9821 168.1792 5.5170 128.8494 2.6901
4930 168.5002 0.2609 -7.4178 2.4253 -4.9863 3.3384 64.2421 2.3291 78.9453 2.5139 85.1394 2.4436 -6.0129 0.9202 -9.0814 2.1544 168.2968 5.5983 130.0460 2.4066
4931 168.0025 -0.0042 -7.4179 2.0124 -4.7966 3.4565 63.2514 2.7290 80.1623 2.5047 85.2756 2.5418 -5.5650 0.7497 -8.8912 2.2805 168.3888 5.5554 131.0284 2.5234
4932 167.4313 0.1556 -7.5885 1.2452 -4.7939 3.7017 61.9810 2.7089 81.7175 2.6497 85.9207 2.5816 -5.1681 0.8456 -8.5583 2.5287 167.8956 5.1503 131.9544 2.6360
4933 167.2301 -0.0611 -7.5988 1.2469 -4.7458 3.5623 60.8777 2.3993 82.8202 2.4872 86.4283 2.5434 -4.8003 0.5275 -8.4553 2.4114 167.6049 5.4377 132.6445 2.5195
4934 167.0645 0.0290 -7.9016 1.0932 -4.3765 3.5841 59.4561 2.5947 84.2689 2.6471 87.0527 2.6487 -4.6515 0.3799 -8.3340 2.7645 167.6440 5.4433 133.6806 2.5307
4935 166.6582 -0.1359 -7.5872 0.8055 -4.8082 3.6176 58.2396 2.5405 85.5388 2.4799 87.8169 2.6015 -4.6240 0.1520 -8.4006 2.5595 167.5069 5.3080 134.2989 2.6230
4936 166.2124 -0.2376 -7.8754 -0.0960 -4.9343 3.3417 57.0790 2.5985 87.0326 2.5891 88.7659 2.5486 -4.6341 0.1016 -8.1330 2.6583 167.7710 4.8341 135.2790 2.5540
4937 165.4826 0.0748 -7.8237 -0.0513 -5.0458 3.1349 55.4160 2.5390 88.4064 2.3483 89.3353 2.5471 -4.6808 -0.2682 -7.6360 2.4772 167.6904 4.4195 136.1021 2.4697
4938 164.6673 0.0956 -8.0144 -0.1415 -5.6597 3.1038 54.1906 2.5889 89.7840 2.4933 90.2861 2.5096 -4.5653 -0.3095 -7.5468 2.5158 167.7595 4.5813 136.4753 2.5351
4939 163.7959 0.4218 -7.8379 0.0573 -5.4347 3.1719 53.1477 2.6209 90.7599 2.6299 90.7858 2.4735 -4.6064 -0.2710 -7.4372 2.7077 167.7705 4.1980 136.8006 2.5178
4940 162.7895 0.3072 -7.6445 0.0958 -5.3999 3.2398 51.9053 2.5895 91.8181 2.5294 91.2952 2.4072 -4.4489 0.1392 -7.2703 2.7068 167.7818 3.9172 137.2300 2.4750
4941 161.6796 0.6070 -7.5540 0.6602 -5.8245 3.2317 50.5077 2.6399 93.0074 2.5307 92.0921 2.5494 -4.8450 -0.0961 -7.5519 2.7444 167.9085 3.9512 137.7779 2.4312
4942 160.9164 0.5732 -7.7343 1.1140 -5.5882 3.2767 49.0910 2.8441 94.2236 2.6012 92.8023 2.5021 -4.8929 -0.0065 -6.7215 3.1996 167.8089 3.9118 137.9085 2.4624
4943 159.4896 0.9359 -7.7648 1.3795 -5.9348 3.1452 47.6433 2.6958 95.2427 2.4760 93.2899 2.4207 -4.9068 -0.0039 -6.2347 3.0572 167.7361 3.8981 137.7351 2.5566
4944 158.3664 1.2888 -8.0914 1.9867 -6.3590 3.0543 46.1936 2.4884 95.8827 2.4565 93.2157 2.4898 -4.8090 0.4189 -5.8665 3.1157 167.5193 3.8630 137.3099 2.5863
4945 157.2453 1.7254 -8.4736 2.4422 -6.1974 3.0884 45.0286 2.3664 96.8210 2.5147 93.9064 2.4616 -4.8603 0.3893 -5.4537 3.1799 167.5693 3.4987 137.6038 2.4652
4946 156.4805 1.8013 -8.4550 2.6325 -6.0418 3.5349 43.5700 2.4376 97.1526 2.5398 94.3171 2.4885 -5.1108 0.6235 -5.3588 3.1839 167.1352 3.2967 137.1394 2.4453
4947 155.1163 2.1611 -8.9524 2.5709 -5.6095 3.5199 42.1541 2.3205 97.2468 2.5179 94.4743 2.5150 -5.2526 0.3062 -5.3423 3.4020 166.6917 3.2168 136.9287 2.5605
4948 153.9668 2.3755 -9.0839 2.8473 -5.5328 3.6963 41.0022 2.4274 97.3799 2.4487 94.3479 2.4552 -5.3094 0.2464 -5.0866 2.9369 166.7549 3.0642 136.6437 2.5422
4949 152.9786 2.6839 -9.5733 3.3091 -4.4297 3.8423 40.0652 2.4118 97.6996 2.5043 94.3121 2.4416 -5.1900 0.1840 -4.9256 2.7446 166.6311 3.1432 136.4538 2.5297
4950 152.0247 2.4430 -10.0159 3.2025 -3.6963 3.7144 39.1277 2.4617 97.8006 2.4855 94.2182 2.4793 -5.2406 0.3777 -4.4818 2.5341 166.8951 3.4476 136.3049 2.5231
4951 150.5922 2.5370 -10.1524 3.4442 -3.1269 3.1521 38.1622 2.4954 97.5954 2.5222 94.3619 2.4569 -4.9882 0.1596 -4.7608 2.1905 166.7797 3.3214 136.0560 2.5040
4952 149.2631 2.5907 -10.1310 3.0746 -2.7270 2.9644 36.9440 2.4457 97.6922 2.5384 94.2542 2.4133 -5.1153 0.2865 -4.7110 2.2396 166.4929 3.0607 135.6678 2.4949
4953 147.7708 2.6838 -10.3616 3.4193 -2.7203 2.5645 35.9789 2.4998 97.5273 2.4357 93.8805 2.3617 -5.2379 0.2774 -4.9559 2.0956 166.5806 2.8457 135.2538 2.5632
4954 146.9928 2.4295 -10.3106 3.6127 -3.2427 2.6653 34.9592 2.5569 97.2137 2.4961 93.3935 2.5073 -5.4079 0.4382 -4.7762 1.9409 166.7277 2.8035 134.5749 2.5109
4955 145.3192 2.4596 -10.2193 3.8017 -3.2307 2.4126 34.0089 2.4791 96.8197 2.5397 92.5993 2.6709 -5.8007 0.3353 -4.5826 1.6207 166.7238 2.9583 134.3479 2.5530
4956 143.8647 2.3043 -10.1632 4.1160 -3.4258 2.6380 33.3889 2.5739 96.4074 2.5226 91.2635 2.6445 -6.3892 0.3228 -4.6782 0.9565 166.6484 3.2544 133.9742 2.4587
4957 142.3335 2.4199 -10.3219 4.0104 -3.2507 2.9055 32.8858 2.5088 95.7886 2.5606 90.3566 2.4629 -7.0791 0.1403 -4.6731 0.7789 165.8232 3.3903 133.3545 2.5613
4958 140.8515 2.4424 -10.0678 4.6286 -3.2258 2.4765 32.3341 2.4650 94.8590 2.6120 88.8559 2.3615 -7.4226 0.2018 -4.2976 0.5188 165.5539 3.5885 133.0191 2.4516
4959 139.3593 2.4942 -9.9543 5.3461 -3.0513 2.3467 32.2671 2.5493 94.2602 2.4556 87.5455 2.5082 -7.7490 0.9662 -4.3456 0.7355 165.3499 3.9524 132.5480 2.3651
4960 137.8521 2.7021 -9.8003 5.3210 -3.2362 2.5696 32.0463 2.4699 92.8318 2.5296 86.1627 2.6359 -8.2533 0.8761 -4.3562 0.6607 165.5441 4.1126 132.0935 2.4656
4961 136.6887 2.6319 -9.3861 5.4736 -3.2337 2.8849 32.0054 2.5340 92.0530 2.5326 85.2940 2.6014 -8.6034 1.2784 -4.0497 0.8743 165.4753 4.1944 131.7433 2.6445
4962 135.3459 2.5619 -9.1139 5.6376 -3.1655 3.1310 31.8227 2.4612 90.8489 2.4969 83.9879 2.5805 -8.7537 1.5140 -4.1232 0.8775 165.9101 4.3823 131.3130 2.4282
4963 133.9565 2.6771 -8.7807 5.8556 -3.3385 3.3133 31.9050 2.4992 90.1059 2.4247 82.8990 2.6130 -8.9315 1.7421 -4.1174 1.1893 166.6230 4.5575 131.6686 2.4448
4964 132.7712 2.6445 -8.4868 6.2016 -3.1246 3.3616 32.0419 2.4333 88.9308 2.3664 81.4487 2.4908 -9.1728 1.9910 -3.9095 1.6074 166.8791 4.7857 131.7267 2.5051
4965 131.4977 2.5157 -8.2561 6.0140 -3.4837 3.3183 32.9333 2.5372 88.2831 2.3688 80.2830 2.5913 -9.1070 2.1761 -4.0045 1.4610 166.9322 4.8618 131.6105 2.5592
4966 130.0722 2.4473 -8.0771 5.8830 -3.7260 3.1611 33.2775 2.4902 87.0795 2.4068 78.7616 2.5695 -8.8880 2.8446 -4.1379 1.2503 167.0733 5.2623 131.0792 2.5190
4967 128.7582 2.5210 -7.9726 5.4462 -3.3937 2.9730 33.5601 2.4562 86.3267 2.4790 77.2629 2.4057 -8.7660 3.0600 -4.0348 1.4685 167.3543 5.3659 131.0004 2.4782
4968 127.1555 2.5961 -7.6104 5.1721 -3.5221 2.7801 34.3696 2.4067 85.5040 2.4857 75.7156 2.5413 -9.0098 3.2637 -4.6736 1.4889 167.4834 5.2333 131.3671 2.4986
4969 125.4860 2.4398 -7.3068 5.1068 -3.7387 2.4507 34.6823 2.5083 84.5541 2.5648 74.2457 2.4021 -8.6419 3.7241 -4.9345 1.7863 167.8252 5.5143 131.2835 2.4492
4970 123.7547 2.7662 -6.8819 4.7026 -3.4515 1.6491 35.1636 2.4638 83.9938 2.4669 72.2886 2.4268 -8.7100 4.0178 -5.2190 1.7611 168.1470 5.6876 131.2553 2.5334
4971 122.9430 2.7434 -6.6457 4.3096 -3.5809 1.3514 35.7833 2.5595 83.1971 2.5403 70.8806 2.4884 -8.4623 3.9741 -5.5158 1.6630 168.3248 5.7436 131.2050 2.5140
4972 122.0151 2.6823 -5.9570 4.0406 -4.1734 1.4959 36.7427 2.3977 82.6074 2.5394 69.6921 2.5114 -8.3494 3.9788 -5.6572 1.6817 168.6139 5.3230 131.5480 2.5357
4973 120.6182 2.7631 -5.6017 3.7955 -4.5705 1.3727 37.1511 2.5238 82.0015 2.4450 68.1765 2.4168 -8.2798 4.3071 -5.4235 1.2404 169.0319 5.1235 131.6231 2.5025
4974 119.3879 2.7074 -5.7882 3.7075 -4.7692 1.5694 37.3714 2.5287 81.4980 2.3347 67.1098 2.5749 -8.2960 4.5059 -5.5547 1.0965 169.2334 5.1058 131.3105 2.4963
4975 118.4833 2.4282 -5.5187 3.8092 -5.3529 1.6230 37.6896 2.4544 80.7883 2.5848 65.9665 2.4553 -7.9376 4.5380 -5.8906 0.7985 169.0775 4.9433 130.9025 2.5004
4976 116.9655 2.5490 -5.3388 3.8053 -5.4190 1.8032 37.8741 2.4616 80.1633 2.5065 65.2349 2.4161 -8.3963 4.9000 -6.1222 0.4645 169.1191 4.4893 130.4395 2.4814
4977 115.6829 2.6356 -4.7930 3.7165 -5.6024 2.0753 37.9301 2.5110 79.4385 2.5065 64.5868 2.6208 -8.4971 5.0298 -6.1980 0.3992 169.2704 4.3624 130.1817 2.4703
4978 114.3668 2.7212 -4.1962 3.5475 -6.0952 2.5806 37.8632 2.4287 78.4805 2.5671 63.7514 2.5190 -8.2220 4.9403 -6.4005 -0.1070 169.1741 3.7575 130.0799 2.4407
4979 113.1227 2.4776 -3.8805 3.7189 -6.7020 2.7012 37.5330 2.5251 77.7983 2.3110 63.3505 2.4524 -8.3238 4.7387 -6.4566 -0.2541 169.3256 3.4539 129.7029 2.3767
4980 111.8740 2.5861 -3.5869 3.3627 -7.3854 2.8729 37.1918 2.5894 77.6424 2.5209 63.0104 2.4919 -8.1111 4.6541 -6.4673 -0.6774 169.3554 3.2958 129.2818 2.4286
4981 110.9212 2.4352 -2.9901 3.0967 -7.4949 2.6486 36.8290 2.5597 77.0054 2.5291 62.6949 2.5214 -7.9815 4.4548 -6.8644 -0.6847 170.1135 3.1632 128.8743 2.4986
4982 109.4830 2.6769 -2.3308 2.3786 -7.8203 2.9400 36.5234 2.4888 76.5857 2.5338 62.2536 2.5084 -8.2542 4.4103 -6.9273 -0.6910 170.4236 2.7712 128.0805 2.4228
4983 108.4558 2.4177 -1.3691 2.3047 -8.1752 3.1285 36.0876 2.4445 75.7355 2.5684 61.9834 2.5983 -8.1335 4.4789 -7.0974 -0.6983 170.4401 2.9369 127.8533 2.4369
4984 107.4305 2.4648 -0.8139 2.1700 -8.7389 2.9462 35.8274 2.4254 75.0995 2.5704 62.0416 2.4613 -7.9319 4.5164 -6.8903 -0.6531 170.2585 2.4467 127.5852 2.4871
4985 106.9159 2.4627 0.3748 2.0162 -8.9158 2.9076 34.7270 2.4719 74.7162 2.3571 62.1384 2.5108 -7.9702 4.3673 -7.0062 -0.8684 170.3789 1.9991 127.1822 2.4299
4986 106.3450 2.5218 1.4000 1.7135 -9.2884 2.2948 34.1054 2.3431 73.9197 2.3662 62.3809 2.4943 -7.6822 4.5725 -7.3231 -0.8950 170.2856 1.8395 126.9891 2.4444
4987 105.5369 2.5870 2.1084 1.7369 -8.9804 2.2514 33.2000 2.3800 73.1150 2.5139 62.7508 2.5043 -7.4690 4.5145 -7.3130 -1.0799 170.7705 1.7070 126.9352 2.5219
4988 104.8317 2.4991 2.5865 1.5728 -9.4272 2.0129 32.3861 2.5692 72.2857 2.3378 63.1689 2.4749 -7.1141 4.4838 -7.4645 -1.1484 170.9083 1.3694 126.6684 2.4454
4989 104.0761 2.4578 3.3264 1.7660 -9.2322 1.7123 31.0911 2.4898 71.1816 2.5512 63.3881 2.5117 -6.9011 4.6503 -7.2450 -1.0719 171.0789 0.9414 126.6000 2.5446
4990 103.8264 2.4787 4.3531 2.0059 -9.5800 1.7152 29.6929 2.4556 70.0083 2.5118 64.1447 2.4957 -7.1794 4.7334 -7.2094 -0.8153 171.1104 0.2898 126.4330 2.3785
4991 103.7839 2.4479 5.3751 1.9182 -9.6342 1.3316 28.5734 2.6642 68.9387 2.4817 65.1025 2.4150 -7.2386 4.9408 -7.1052 -0.8211 170.8565 -0.1559 126.9643 2.5537
4992 103.2795 2.4343 6.2574 1.8165 -9.6458 1.1126 27.3169 2.3425 67.5777 2.5183 65.7156 2.5031 -7.5470 4.9569 -6.6299 -0.5110 171.0583 -0.4867 127.5055 2.4270
4993 103.3251 2.4814 7.1795 1.9543 -9.6972 1.0663 26.3200 2.4049 66.4043 2.7205 66.4529 2.5687 -7.5165 5.1368 -6.4305 -0.4889 170.9340 -0.5721 128.0928 2.5671
4994 103.4090 2.4615 8.2801 2.2312 -9.5338 1.0571 25.3037 2.4547 65.1507 2.6920 67.5518 2.4904 -7.3183 5.2711 -6.2643 -0.3676 170.1608 -0.6199 128.6049 2.4942
4995 103.5396 2.4907 9.3689 2.4290 -9.3991 1.2222 23.8414 2.5139 63.7852 2.6346 68.6884 2.5845 -7.6795 5.4350 -5.7560 -0.1066 169.8388 -0.4729 129.1359 2.5146
4996 103.5874 2.4925 10.5215 2.3334 -9.1468 1.4838 22.3818 2.3477 62.5184 2.4738 70.0844 2.6541 -7.5530 5.1924 -5.8186 -0.1262 169.4505 -0.6171 130.1069 2.5000
4997 103.7003 2.5413 11.8949 2.5826 -8.6756 1.7807 20.9693 2.2980 61.2948 2.5050 71.2792 2.6191 -6.9493 5.4250 -4.8127 0.0583 169.2787 -0.9649 130.8983 2.6037
4998 104.0570 2.5622 13.5976 2.4320 -8.5519 1.9384 19.2559 2.3353 59.8663 2.6636 72.1155 2.4589 -6.6416 5.3060 -4.2682 0.3209 169.0376 -1.0439 132.0493 2.5563
4999 104.9331 2.5752 15.1430 2.5960 -8.1372 1.9914 17.9759 2.4170 58.3232 2.7030 73.4357 2.4077 -6.3061 5.0754 -3.7978 0.2944 169.0922 -0.8697 132.9921 2.4552
5000 105.5842 2.6383 16.6973 2.6855 -7.6882 2.1133 16.5551 2.5089 56.8652 2.4908 74.6213 2.5744 -6.4561 5.0072 -2.7183 0.1729 168.8655 -1.1679 134.2439 2.5493
