Time x_cm_1 y_cm_1 x_cm_2 y_cm_2 x_cm_3 y_cm_3 x_cm_4 y_cm_4 x_cm_5 y_cm_5 x_cm_6 y_cm_6 x_cm_7 y_cm_7 x_cm_8 y_cm_8 x_cm_9 y_cm_9 x_cm_10 y_cm_10
0 -8.8355 1.1633 -7.2955 0.9757 -0.0599 2.0301 3.0346 3.4235 -0.1249 2.6188 -7.6598 -0.3336 -5.7089 1.9622 -8.7762 5.9323 -4.7857 5.0498 -5.6676 2.1162
1 -8.6053 1.6055 -7.1629 1.3851 1.1720 1.8051 5.6560 3.2728 0.4290 2.8123 -7.7714 -0.6089 -5.5423 1.5260 -9.6822 5.3554 -4.6553 4.2806 -5.7887 1.7345
2 -8.1961 1.9960 -6.8546 1.6802 2.1536 1.6369 8.6680 3.0867 0.5284 2.8761 -7.8956 -1.0019 -5.2335 0.9426 -10.2023 4.4250 -5.4125 3.3558 -6.2996 1.5343
3 -7.6128 2.3080 -6.4190 2.0296 3.1005 2.0031 11.9141 2.7383 0.6028 2.8284 -7.8461 -1.0166 -5.8736 -0.1637 -9.9245 3.6689 -6.1729 2.4177 -6.6302 1.8006
4 -7.1191 2.5934 -5.8881 2.2067 3.7174 2.3069 15.4127 2.5777 0.1878 3.1274 -7.9832 -1.2253 -6.7536 -0.7100 -9.2882 3.2722 -6.4667 1.8066 -6.8633 1.9441
5 -6.8293 2.4756 -6.2498 2.2609 3.6080 2.7541 19.0326 2.5066 -0.7350 3.6936 -8.0627 -1.3635 -7.1600 -0.2725 -8.1473 3.0289 -6.9947 1.5314 -6.6661 1.5759
6 -6.0946 2.1839 -6.6409 2.5496 3.2566 3.1275 22.3124 2.6120 -2.3445 3.8360 -8.2829 -1.0485 -7.4043 -0.2646 -7.0169 2.4383 -7.7158 1.5355 -7.3299 1.0405
7 -5.8542 1.4131 -7.5603 3.0585 2.6129 3.6000 25.6226 2.4218 -4.3229 3.8869 -8.5692 -0.9370 -7.5056 0.0847 -5.6913 1.6850 -8.1379 1.6961 -8.1106 0.7576
8 -5.8168 0.4528 -8.3731 3.7358 1.7855 4.1691 29.1470 2.6846 -6.4174 4.1558 -8.3158 -1.0489 -7.6291 0.3262 -3.9766 1.0552 -8.2748 2.5171 -9.1162 0.5948
9 -5.4845 0.0653 -9.2927 3.9571 0.6625 4.7534 32.3292 2.6823 -7.9646 4.2050 -7.5721 -1.0336 -8.1397 0.8948 -1.7065 1.0249 -8.2871 2.8637 -9.3412 0.5225
10 -5.4039 -0.5500 -10.0057 3.6712 -1.2288 5.2637 35.8192 2.5713 -9.0257 4.0499 -6.6200 -0.6399 -8.8604 1.0918 1.2585 1.2244 -7.7508 3.3275 -9.4078 0.2713
11 -5.6840 -0.5968 -10.7637 3.0627 -3.1842 5.7329 39.3079 2.4828 -10.1777 3.8338 -5.7860 -0.2759 -9.7287 1.1126 4.1255 1.5327 -6.9797 3.9320 -9.0252 -0.1534
12 -5.7909 -0.4767 -10.9529 2.3654 -5.4347 5.8932 43.0598 2.5086 -10.4851 3.7237 -5.6590 0.0920 -10.0091 1.6019 7.0282 1.5412 -6.4806 4.6556 -8.4908 -0.5542
13 -5.8616 0.1729 -11.1336 1.6223 -7.1510 5.6167 46.6994 2.4047 -10.7605 3.5529 -5.8840 0.0815 -10.1883 2.1904 10.4533 1.7091 -6.0405 5.1960 -7.9583 -0.6631
14 -5.9197 0.7123 -11.1488 1.4395 -8.1868 5.4628 50.2365 2.3309 -10.8607 3.2385 -6.8850 0.3359 -10.2475 2.2347 13.9473 2.3963 -5.5449 5.1730 -7.7644 -0.6313
15 -6.2147 1.2931 -11.2404 1.1874 -8.7032 5.2169 53.6585 2.3654 -10.5894 2.7623 -6.9374 0.5578 -10.1836 1.7104 17.4427 2.5325 -5.0708 4.7637 -7.3517 -0.2731
16 -6.8596 2.1335 -10.7800 1.0655 -8.3871 4.7384 57.0627 2.4332 -10.2439 2.7066 -7.4913 0.5054 -10.1062 1.0235 20.0496 2.6529 -5.0807 3.9049 -6.9098 -0.1223
17 -7.0468 3.1762 -10.0215 0.6390 -7.5772 4.2675 59.6791 2.5092 -10.4765 2.9742 -7.7897 0.0955 -9.9806 0.3324 21.9739 2.5656 -5.8353 3.1151 -5.6108 0.1981
18 -7.2800 3.8526 -9.0561 -0.0101 -7.3142 3.3244 61.5840 2.5049 -10.8038 3.3374 -8.1935 0.0518 -9.6679 -0.3177 23.1043 2.4370 -6.7869 2.6014 -4.9077 1.2521
19 -8.1150 4.2342 -7.9672 -0.3761 -6.9057 2.3907 62.6005 2.4449 -10.7956 3.2608 -8.7273 0.2846 -9.1433 -0.4712 23.9167 2.5460 -7.7871 2.8089 -4.8359 2.5457
20 -9.2206 4.2477 -6.8029 -0.2792 -6.4843 1.9558 63.0628 2.5117 -10.8307 3.1790 -9.8418 0.7127 -8.4336 -0.0221 23.8295 2.4549 -8.9040 3.2518 -4.7435 3.6732
21 -10.0065 3.7938 -5.1907 -0.2387 -5.5307 1.9937 62.7712 2.5649 -10.8163 3.1629 -10.4042 0.9382 -7.9349 -0.0066 22.7669 2.4394 -9.6029 4.0012 -4.7865 4.5733
22 -10.5933 3.0466 -3.2887 -0.1131 -4.9921 2.2103 61.6123 2.6271 -10.8038 2.6358 -10.7183 1.3616 -7.4109 -0.2313 21.0483 2.4105 -9.5624 4.4441 -4.8132 4.9337
23 -10.8301 2.6877 -1.0540 0.2285 -5.1584 2.1190 59.5471 2.6836 -10.4268 2.2197 -10.9993 1.4627 -7.0638 -0.7244 18.6484 2.4509 -10.1593 4.4916 -4.3604 5.2667
24 -10.8096 2.3754 1.5995 1.0048 -5.4137 1.6835 56.9556 2.6783 -9.6933 1.7362 -10.9980 1.1854 -6.4209 -1.1388 15.6287 2.4485 -10.3200 4.6918 -4.1134 5.2453
25 -10.5369 1.8193 4.4638 1.4000 -5.8642 0.9888 53.7233 2.7790 -8.9550 1.1341 -10.8440 0.6743 -6.4396 -1.2925 12.1085 2.1544 -10.4751 4.8136 -4.0913 5.2551
26 -10.3777 1.4107 7.4122 1.7434 -6.1502 0.4636 50.2212 2.6497 -8.2440 0.7316 -10.3481 0.1213 -6.9792 -0.8333 8.8625 1.6222 -10.2810 5.0316 -4.0639 5.1472
27 -10.4872 0.9248 10.4668 2.0992 -5.7807 0.4636 47.7635 2.5964 -7.4017 0.2336 -9.8073 -0.0569 -7.3900 0.0570 5.5468 0.9438 -10.3221 4.6082 -4.1232 5.2273
28 -10.1042 0.7159 13.9037 2.5210 -5.1985 0.8490 45.9403 2.4382 -6.8227 -0.4163 -9.1700 -0.1467 -8.0757 0.6833 2.4759 0.3798 -10.4243 4.2489 -3.9686 4.8662
29 -9.5930 1.2509 17.5987 2.4782 -3.8358 0.9824 45.1288 2.4480 -6.4853 -0.8597 -8.4530 -0.5433 -8.3891 0.7003 -0.8123 0.2286 -10.1175 3.5672 -3.7064 4.7094
30 -8.9587 2.1765 21.2555 2.6678 -2.7645 1.0767 44.6503 2.4775 -6.1317 -0.9440 -7.1374 -0.5274 -9.1084 0.4057 -3.3014 0.0702 -9.5985 2.7685 -3.3065 4.1627
31 -8.7706 3.3362 24.6625 2.6002 -1.8046 1.2256 45.1189 2.4435 -5.9771 -0.7190 -5.2801 -0.2243 -9.9493 0.7226 -5.2478 -0.2673 -9.7392 1.9149 -3.2082 3.8522
32 -8.6534 3.8817 28.0520 2.6933 -0.6630 1.2750 46.2870 2.5443 -6.3975 -0.4070 -3.5414 -0.0276 -10.5992 1.2031 -6.6325 -0.5863 -10.2757 1.0596 -3.5689 4.0767
33 -8.8193 4.3331 31.8838 2.5122 -0.0469 1.1893 47.9800 2.5061 -7.1520 0.1625 -1.3612 0.4625 -10.6922 1.6830 -7.5833 -1.1673 -10.4028 0.3010 -4.0366 4.0159
34 -8.8055 4.4531 35.3459 2.5104 0.2950 1.2828 50.1541 2.5019 -7.7692 0.5586 1.2100 0.8255 -10.2141 2.3175 -8.7147 -1.2422 -10.1403 -0.0706 -4.0249 3.7590
35 -8.6284 5.2919 38.5896 2.5604 0.6705 1.2267 52.2536 2.3686 -8.4910 1.1228 3.8633 0.7809 -9.5446 3.1912 -9.4217 -0.9618 -9.7159 -0.2483 -3.9881 3.7195
36 -8.3480 5.9018 40.7857 2.6173 0.8193 1.2742 54.0931 2.3512 -9.2716 2.1190 6.6289 1.4117 -9.4079 3.6440 -10.2157 -0.2800 -9.2133 -0.4039 -4.1517 3.7432
37 -8.0126 6.2697 42.5495 2.4265 0.4553 1.1579 55.5004 2.4452 -10.1622 2.8351 8.4571 2.1638 -9.5112 3.7218 -10.3549 0.1826 -7.9765 -0.4665 -4.5218 3.8280
38 -7.6951 6.3575 43.6771 2.5074 -0.1491 1.4004 55.8673 2.5232 -10.2598 3.6670 9.8217 2.3446 -9.8199 3.7155 -10.2721 0.2022 -7.3878 -0.1675 -4.4766 3.4256
39 -7.7438 6.4635 44.0695 2.4563 -1.1040 1.1499 55.1516 2.4094 -10.2649 4.5979 10.5341 2.4579 -10.2193 3.8209 -9.5180 0.0075 -6.7912 0.6668 -4.3178 2.9669
40 -7.9321 6.2606 43.3578 2.4948 -2.1527 1.0764 53.8374 2.3633 -9.5547 5.6350 10.4516 2.4687 -10.7948 3.2270 -9.3970 0.5167 -6.4557 1.7924 -3.7292 2.8649
41 -8.3120 6.1246 42.2809 2.4203 -3.0209 0.7720 51.9862 2.4556 -9.1939 6.2010 9.8472 2.7464 -10.9460 3.3221 -9.4901 1.1636 -6.1381 2.7788 -2.6082 3.0233
42 -7.6832 6.2644 40.3429 2.3659 -3.3535 0.8139 49.2941 2.4593 -9.2166 6.4296 8.3323 2.9265 -10.9967 3.5083 -9.9939 1.3428 -5.8925 3.4679 -1.4609 2.6410
43 -6.7136 6.0452 38.6196 2.3725 -3.0080 1.0242 46.0432 2.5662 -9.3187 6.7132 6.7205 3.0122 -10.9209 3.7554 -10.4373 1.7765 -6.1259 3.7558 -0.9176 2.1277
44 -5.6792 5.6478 36.4419 2.3683 -2.7091 1.9177 43.3237 2.6689 -9.4048 6.8661 4.8913 2.7596 -10.7455 3.6341 -10.5685 1.6463 -6.6811 3.6154 -0.8966 1.6412
45 -4.7416 4.8525 34.6152 2.5057 -3.0009 2.5673 41.4566 2.5851 -9.3343 6.6812 3.2343 2.7783 -10.2449 3.9379 -9.6214 1.2077 -7.4042 3.6134 -0.7872 1.2761
46 -4.3530 4.6070 33.6069 2.4584 -3.8636 3.5284 39.9231 2.5211 -8.9447 5.9324 2.6167 2.6638 -9.3642 3.8612 -8.6370 1.1620 -7.7553 3.3371 -0.6944 0.9530
47 -3.5569 4.0503 33.0149 2.5666 -4.8871 3.7433 38.4381 2.4361 -8.4125 5.5256 2.3902 2.6720 -8.2648 3.7687 -7.8587 1.1565 -8.2119 3.5127 -1.1885 0.7442
48 -3.2317 3.4422 32.4576 2.3948 -5.3367 3.3970 37.0091 2.5408 -7.6332 4.9543 3.0046 2.8339 -7.9831 3.8655 -7.5376 0.8469 -8.2261 3.6692 -2.0408 0.5058
49 -3.4435 2.9762 31.7551 2.4333 -5.9118 2.9909 35.6876 2.5689 -6.8590 4.5707 4.4774 2.6169 -7.9698 4.3329 -7.3127 0.0028 -8.1738 3.3092 -3.3852 0.2105
50 -3.1025 2.1136 31.3160 2.4765 -6.4617 2.9043 34.4095 2.4346 -6.2314 4.2128 6.4854 2.3992 -8.0241 4.8694 -7.4333 -0.7438 -8.0431 2.2827 -5.1354 0.3907
51 -3.0824 1.7075 31.1042 2.5177 -7.1403 2.8112 33.1157 2.4632 -5.5968 3.5397 9.1481 2.3876 -7.9445 5.2508 -7.2084 -0.8996 -7.6032 0.8833 -6.7856 0.8309
52 -3.0036 1.9548 30.2636 2.5573 -8.1591 2.4305 32.4156 2.5043 -4.1253 3.0402 12.7991 2.2075 -7.3864 5.4091 -6.9949 -0.4051 -7.4486 -0.0432 -8.2302 1.4702
53 -3.4521 2.2472 29.0754 2.5269 -8.8498 1.6991 32.2432 2.4711 -2.3770 2.4560 16.2496 2.4368 -6.9047 5.1700 -7.3270 0.4892 -7.4151 -0.4068 -9.2307 1.6640
54 -3.9618 3.2219 27.0425 2.5053 -9.4884 0.6077 32.0776 2.5298 -0.5133 2.2010 19.4209 2.6437 -7.1318 5.1816 -7.4412 1.3479 -7.4892 0.2087 -9.8678 1.8548
55 -4.8435 4.1059 25.1521 2.5707 -9.7603 -0.4094 31.8333 2.5552 1.3268 1.5167 22.0038 2.4702 -8.0558 5.1729 -7.8744 1.8871 -7.7543 0.9402 -10.4275 1.9359
56 -5.3552 4.6695 23.2890 2.6183 -9.6355 -0.9628 31.4281 2.5552 3.7876 1.2698 23.9105 2.5703 -8.8777 5.1790 -8.3176 2.0229 -8.4432 1.4584 -10.9577 2.2482
57 -5.6082 4.8659 22.0426 2.5184 -9.1865 -1.1824 31.2396 2.4714 6.5309 1.4728 25.0508 2.5217 -9.3290 5.0501 -8.5050 2.1247 -9.3089 1.4023 -10.9893 2.5627
58 -5.5810 4.5247 21.2213 2.4919 -8.7276 -0.8341 31.2967 2.5411 9.7601 1.8588 25.2592 2.5038 -9.4649 4.4218 -8.4029 2.1503 -10.2131 1.4280 -10.8042 2.9814
59 -5.6225 4.3977 21.4287 2.4233 -7.6829 -0.3695 31.6049 2.5151 13.0693 2.3114 24.5784 2.3662 -9.3068 3.6519 -7.9623 2.2410 -10.8347 1.8183 -10.7026 3.1000
60 -4.7922 4.4561 22.1640 2.4516 -6.6181 0.3202 31.4706 2.4844 16.6805 2.3591 23.1718 2.3027 -8.8721 2.6601 -6.9011 2.2995 -11.2107 2.6150 -10.3389 2.3335
61 -3.4705 4.5623 23.5897 2.4762 -6.3659 1.0894 31.7726 2.5773 20.1417 2.5564 20.9186 2.3524 -8.5205 2.0456 -5.3561 2.5565 -11.1665 3.1361 -10.0532 1.0988
62 -1.3825 4.4200 25.6228 2.4293 -6.2259 1.9930 31.2235 2.5364 22.9218 2.5220 18.0085 2.3598 -8.5974 1.3415 -4.3038 2.2931 -11.0206 3.4877 -9.3698 -0.0644
63 1.2207 4.2801 28.5099 2.5525 -6.2357 2.7278 29.9287 2.3952 25.1241 2.4824 14.2138 2.2676 -8.7140 0.5811 -3.9491 2.0587 -11.1506 3.3032 -8.0544 -0.5691
64 4.0546 3.9097 31.2261 2.4346 -5.8340 3.2778 28.0316 2.3500 26.6851 2.6179 10.5476 1.9284 -8.7295 -0.2595 -3.5504 2.0153 -11.2472 2.7501 -6.8826 -0.6045
65 7.3022 3.5225 33.6254 2.6526 -5.3980 3.8180 25.5486 2.2309 27.4019 2.5288 7.1553 1.5762 -7.9249 -0.7615 -3.3568 2.4341 -10.8538 1.8073 -6.2863 0.0078
66 10.4479 3.0225 35.0302 2.5575 -5.1526 4.2134 22.5709 2.3181 27.5428 2.5512 3.7483 1.1147 -7.0495 -0.9079 -3.4457 2.8205 -10.4870 0.8161 -5.7439 0.8209
67 13.9857 2.5839 36.4369 2.4172 -5.4323 4.3548 18.9046 2.3394 26.7541 2.6375 0.5653 0.7351 -6.3233 -0.8341 -4.0034 3.9268 -9.5593 0.3951 -5.3513 1.6940
68 17.5803 2.3858 36.8353 2.5428 -5.9812 3.5452 15.5232 2.4465 25.2714 2.5951 -2.1616 0.5825 -5.7159 -0.8434 -4.7675 4.9233 -8.8113 0.5842 -4.8582 2.3943
69 20.5000 2.6342 36.3171 2.5218 -6.8078 2.6324 12.3972 2.3588 23.1210 2.5369 -4.7618 0.6627 -5.7649 -1.2893 -6.0625 4.9458 -8.0953 1.3956 -4.8055 2.7281
70 22.8087 2.5502 34.7292 2.5505 -7.3372 1.8436 10.2099 2.5079 20.4365 2.5389 -6.5276 1.2687 -6.6081 -1.7107 -7.2061 4.5534 -7.2876 1.9191 -4.4820 3.1860
71 24.5676 2.5860 32.8216 2.6660 -7.5005 1.2326 8.7570 2.4648 16.9811 2.6305 -7.7596 2.0428 -7.4563 -1.5222 -8.1036 3.9860 -7.1131 2.5575 -4.7457 4.3312
72 25.8164 2.5101 29.9644 2.6213 -7.6152 1.1394 7.9620 2.5820 13.4808 2.3616 -8.4744 2.7574 -8.0437 -0.9402 -8.7026 3.4808 -7.2332 2.8092 -4.7823 4.8703
73 26.5640 2.4826 26.5380 2.7124 -8.2872 1.2227 7.8416 2.5826 10.1612 1.8905 -8.2813 2.9582 -8.0583 0.1334 -9.2640 3.1184 -7.1297 3.0051 -5.0241 5.2468
74 27.3939 2.4410 22.8703 2.4969 -8.8826 0.5984 8.7765 2.4845 6.8467 1.5488 -7.7337 3.1795 -8.2439 0.9702 -9.7889 2.2772 -6.8480 3.6559 -4.9423 5.1652
75 27.8236 2.5382 19.1562 2.5636 -9.8654 0.9431 10.4133 2.6418 3.7051 1.2656 -6.5375 3.7748 -8.7166 1.2190 -10.0944 1.3478 -6.6708 4.2267 -4.5878 4.5922
76 28.1716 2.5413 15.1515 2.6223 -10.6607 1.6483 12.3430 2.5063 0.7583 1.5944 -4.5414 4.2886 -9.3573 1.3562 -10.5390 0.8271 -6.6649 4.2176 -4.2780 3.6616
77 27.7349 2.5721 11.6933 2.8177 -10.9460 2.7022 15.4851 2.6410 -1.2070 1.5727 -2.3880 4.6902 -10.0393 1.0534 -10.6058 0.5847 -6.9057 3.5739 -4.0442 2.6227
78 27.0972 2.5218 8.7775 2.7658 -10.4710 3.5844 19.1471 2.5953 -2.8043 2.0246 -0.4162 4.5587 -10.3069 1.1092 -10.5967 0.6886 -6.7697 2.6670 -4.4283 1.6876
79 26.6268 2.5019 6.6511 2.7016 -9.6325 4.2745 22.7929 2.6566 -3.6620 2.1665 1.1917 4.1324 -10.2902 1.3971 -10.6845 1.2691 -6.4638 2.1491 -5.0544 1.1540
80 26.5899 2.5470 5.7351 2.8200 -9.0577 4.2557 26.1251 2.7336 -4.3203 2.1428 2.3446 3.5307 -9.5627 1.7204 -10.6492 2.1841 -5.9584 1.5805 -5.4721 0.9445
81 27.1185 2.4832 4.9792 2.8804 -8.8281 3.8786 28.7862 2.4667 -5.1524 2.0005 3.1241 2.8488 -8.6316 1.6456 -10.8786 3.1370 -4.8988 1.5041 -6.1502 0.3127
82 28.1687 2.4713 5.0853 2.7908 -8.8298 2.8807 30.9763 2.4918 -5.8983 2.0757 3.2565 2.0453 -7.7026 1.6574 -10.2488 3.2650 -3.9110 1.7930 -7.1979 0.1877
83 29.3151 2.5316 5.8040 2.8177 -8.5894 2.7499 32.2617 2.5385 -5.5994 2.3732 2.9236 1.3293 -6.9303 1.7045 -9.2635 3.3774 -3.6065 2.2099 -8.0728 -0.2856
84 30.1134 2.5883 6.6300 2.8605 -8.1883 2.6845 32.8262 2.5353 -4.9157 2.5980 2.0027 0.7658 -6.2750 1.8616 -7.9840 3.9374 -3.7916 2.9393 -8.7214 -0.1684
85 30.3657 2.4201 7.4122 2.7545 -8.0936 2.7212 32.6559 2.4453 -4.2983 2.7377 0.2071 0.2852 -6.1969 2.1487 -6.7444 4.2582 -4.4293 3.5561 -9.2895 -0.1047
86 31.0912 2.4179 8.2934 2.7060 -8.1682 2.9619 31.8706 2.3923 -3.1425 2.4817 -2.0042 0.1075 -6.2357 2.7931 -5.4530 4.2268 -5.2935 3.8372 -9.7614 -0.1502
87 32.0748 2.5107 8.5424 2.5480 -8.2474 3.2239 30.6316 2.4525 -2.0456 2.2735 -4.2049 0.3259 -6.5768 3.3583 -4.3021 4.5079 -5.9250 3.9070 -9.6752 0.0371
88 32.8234 2.4497 8.3969 2.3705 -8.6584 3.6453 29.0603 2.4448 -1.1985 2.0102 -5.7833 0.5532 -7.1097 3.7491 -3.1269 4.3559 -6.2951 4.4296 -9.0065 0.4335
89 33.2259 2.5311 7.1391 2.1072 -9.4209 3.9607 27.3047 2.3948 0.8552 1.9756 -6.9061 0.6097 -7.8991 3.6151 -2.4500 4.3841 -7.0782 5.1976 -7.9892 0.6836
90 32.7656 2.5252 5.6291 1.3690 -9.9612 4.4717 25.7635 2.3923 3.3223 1.8114 -6.7648 0.6781 -8.7020 3.4410 -2.1911 4.5573 -7.4435 5.7597 -6.3584 0.8782
91 32.2398 2.4387 3.7280 0.9142 -10.1119 4.8023 25.1220 2.5494 6.1762 1.7025 -6.6033 1.0629 -9.3980 2.9347 -2.4326 4.5864 -7.6438 5.7779 -4.3789 0.9083
92 31.6151 2.4399 0.8933 0.4210 -10.2209 5.4732 25.1667 2.3898 9.5678 1.7908 -6.7157 2.1809 -9.9709 2.4355 -2.7613 4.9114 -7.6649 5.4861 -2.5021 0.5654
93 30.9834 2.5141 -1.8267 0.2997 -9.5252 5.8482 26.1088 2.4701 12.8539 2.3131 -6.6716 3.2812 -10.0857 1.8227 -3.3313 5.3125 -7.3780 4.9456 -0.5461 0.8731
94 30.1992 2.4226 -4.6418 0.4198 -8.9730 6.0083 27.0582 2.5086 16.2517 2.4859 -6.6512 4.3780 -9.9601 0.7469 -4.3287 5.6338 -6.4069 4.2666 1.0878 1.1031
95 29.3769 2.4885 -6.4136 0.9011 -9.1643 5.6990 27.7373 2.4289 19.4678 2.4285 -6.7888 4.7510 -9.3011 -0.1418 -5.2651 6.0013 -4.6316 3.7843 2.1211 1.2493
96 28.2778 2.5482 -7.6529 1.3756 -9.6012 5.6100 28.6168 2.4551 22.1203 2.3118 -6.7805 4.8462 -8.7633 -0.4903 -5.9456 6.2989 -2.2287 3.3577 2.5072 1.5007
97 26.8422 2.5330 -8.4353 2.1081 -9.9755 4.9915 29.0041 2.4765 24.3641 2.4167 -7.6966 4.8252 -7.9444 -0.7692 -6.2021 6.1966 0.3905 3.3990 2.5734 1.3125
98 25.1969 2.4724 -9.1132 2.8002 -9.9289 4.1296 28.7593 2.5717 26.0167 2.3852 -8.0095 4.8226 -7.4644 -0.6989 -6.0459 5.8871 2.8066 3.1965 2.1277 0.9257
99 23.7501 2.5274 -9.7197 3.6388 -10.0325 3.2652 27.9647 2.6187 26.9640 2.4891 -8.9815 4.6730 -6.9479 -0.4650 -5.3014 5.2304 4.8192 2.6470 0.9617 0.4003
100 22.1092 2.4700 -9.7096 4.5311 -9.9098 2.9749 26.1670 2.5520 26.9501 2.5063 -10.0740 4.5105 -7.2497 0.2291 -4.1178 4.9124 6.5610 2.2716 -0.6176 -0.1057
101 20.3724 2.4543 -9.2970 5.2611 -9.9924 3.4545 23.8833 2.4934 26.1245 2.4709 -10.8106 4.2597 -7.8873 0.9790 -2.4705 4.6240 8.0090 2.3850 -2.1894 -0.4214
102 18.3311 2.4225 -8.9273 5.9784 -9.7242 3.8299 21.1686 2.5814 24.5890 2.4284 -11.4563 3.9311 -8.4634 1.1204 -0.0254 4.0211 8.6456 2.5140 -3.5141 -0.6220
103 15.3509 2.3708 -8.6798 6.3316 -9.5497 3.8673 18.4645 2.5392 22.5718 2.4353 -11.4205 3.1887 -8.6662 1.8391 2.3203 3.5371 8.6917 2.3829 -4.4273 -0.8224
104 11.8920 2.5091 -8.3301 6.2368 -9.4994 4.1517 16.2298 2.3995 19.7991 2.4326 -11.3521 2.9863 -8.5700 2.2458 5.2552 3.0781 8.0232 1.9568 -5.2546 -1.1059
105 8.6714 2.3628 -8.4514 5.8868 -8.8171 4.0387 15.0659 2.4126 16.1093 2.2184 -11.0698 3.0380 -9.1689 2.6495 8.1020 2.4581 6.9681 1.4545 -5.8878 -1.3972
106 5.9838 2.1631 -9.1100 5.0768 -7.8952 3.7348 14.4806 2.4380 12.4384 2.1675 -10.2678 3.7543 -9.7633 2.6971 10.6309 2.2345 5.1809 1.3173 -6.5430 -1.6078
107 3.5642 1.8621 -9.7077 4.6117 -6.6231 3.8913 14.4710 2.3713 8.9385 1.7881 -9.2854 4.1397 -9.9530 2.3778 13.1857 2.3929 3.3117 1.2788 -7.2465 -1.5353
108 0.9901 1.1058 -10.0098 4.0460 -4.4231 4.3980 15.2860 2.4281 5.8057 1.1222 -9.0698 4.2090 -10.2214 2.1432 15.0011 2.4534 1.4666 1.8311 -7.1561 -1.6214
109 -1.3923 0.6619 -9.5468 3.0862 -2.1679 4.7406 16.8653 2.4261 3.2502 0.7225 -9.3093 4.4347 -9.9894 1.8391 15.8849 2.6373 -0.5437 2.1671 -6.8296 -1.3863
110 -3.5703 0.3116 -8.9351 1.9727 0.0527 4.4787 19.0382 2.4530 1.1650 0.4517 -9.7434 4.2931 -9.4788 1.2996 16.6767 2.4618 -2.3118 2.7898 -7.0939 -1.2680
111 -5.6985 0.4233 -8.2059 1.4757 2.5590 4.2767 21.9754 2.4912 -0.0588 0.6932 -10.0024 3.7827 -9.3339 0.9115 16.6350 2.5777 -3.6701 3.2290 -7.7121 -0.9532
112 -7.3193 0.7497 -7.4979 0.8313 5.6978 3.6564 25.2395 2.5179 -0.3543 0.7565 -9.6322 3.1491 -9.1140 0.6150 15.6439 2.5589 -4.6162 3.9849 -8.6998 -0.9203
113 -8.3270 1.2421 -6.8997 0.2972 8.7968 3.1073 28.7688 2.6253 -0.1735 0.7063 -9.1770 2.8346 -8.6932 0.9219 13.5442 2.4637 -5.1771 4.4628 -9.7308 -0.5191
114 -8.7333 1.8135 -6.2374 -0.2667 12.1173 2.6613 31.9577 2.7050 0.5699 0.9432 -8.9864 2.6020 -7.8245 1.8102 10.8073 2.4985 -5.7134 5.2777 -10.2098 0.4133
115 -9.0306 2.5526 -5.6074 -0.7159 15.4114 2.6792 35.3508 2.7015 2.1990 0.9649 -8.4135 2.3325 -6.9919 2.5630 7.9525 2.2300 -6.3336 6.1937 -10.2838 1.0277
116 -8.8404 3.0423 -5.0610 -0.4971 18.6165 2.5314 37.9592 2.5575 4.4306 1.0923 -8.1035 1.9503 -6.4138 3.4476 5.5738 1.9452 -7.1364 6.2021 -9.7411 1.7413
117 -8.2888 3.3720 -4.8268 -0.5475 21.5251 2.4471 40.2353 2.5640 6.4896 1.3994 -7.4504 1.4460 -6.4641 4.0955 3.8419 2.1040 -8.1226 5.7208 -8.8246 2.2547
118 -7.8626 3.5798 -4.9305 -0.7601 23.8589 2.6124 41.6136 2.4633 8.3985 2.0001 -6.4579 0.9892 -6.5850 4.9781 2.7710 1.7599 -8.6130 5.3454 -8.3329 2.9022
119 -7.8724 3.6291 -5.0565 -0.5127 25.5048 2.5179 42.1689 2.4885 9.6292 2.2543 -5.4602 0.7345 -6.4748 5.6636 2.5543 1.8440 -8.5281 5.0247 -7.8145 3.4355
120 -7.5826 3.2740 -4.8543 -0.4192 26.9139 2.4676 41.6976 2.5446 10.3952 2.5230 -4.7346 1.2629 -5.8705 5.8142 2.8586 1.6203 -8.0663 4.6438 -7.5664 3.9097
121 -6.8905 2.7643 -5.0682 -0.4985 28.3481 2.5214 40.7004 2.4867 10.2977 2.4362 -3.9003 2.0172 -5.2059 5.2874 4.2642 1.5845 -7.8587 4.3537 -7.8041 4.0132
122 -5.9033 1.6755 -5.5218 -0.7019 29.4122 2.5409 39.2631 2.4814 9.4498 2.5218 -3.4845 2.6176 -5.0389 5.0924 6.3264 1.6554 -7.4060 4.4379 -7.3338 4.4224
123 -5.4735 0.8718 -5.6929 -1.0272 30.6453 2.4257 37.0769 2.5213 8.0945 2.9922 -3.5344 2.9954 -4.9731 4.8152 9.2337 1.7834 -7.2664 4.4860 -6.7955 4.5900
124 -5.4073 0.2922 -6.4343 -0.9629 31.7904 2.4922 34.5601 2.3209 6.1126 3.5535 -4.1972 3.1791 -5.5847 4.2998 13.0017 2.1154 -7.5571 4.1988 -6.7054 4.3706
125 -5.8507 -0.1524 -7.1524 -0.3442 33.1028 2.4118 31.8315 2.4035 3.7713 3.8416 -4.5757 3.4989 -5.9111 4.6072 16.4909 2.2435 -7.6420 4.1663 -6.3164 4.0869
126 -6.6275 -0.7474 -8.0522 0.4858 34.3423 2.5491 30.0339 2.3630 1.5655 3.8719 -4.4847 3.6605 -5.8197 4.8599 19.7036 2.4036 -7.7934 4.1052 -6.5604 4.0405
127 -6.8587 -1.1415 -8.5427 0.9537 36.3982 2.5734 29.1401 2.4239 -0.0305 3.7722 -3.9826 3.6243 -5.6303 4.9818 22.6135 2.3355 -8.1301 4.3067 -6.7978 4.4487
128 -6.0847 -1.1491 -9.0707 1.3998 38.6300 2.5215 28.8373 2.4839 -1.6944 3.2488 -3.5617 3.7623 -5.4301 4.7170 25.3168 2.2703 -8.1610 4.0852 -6.8924 4.8429
129 -5.3882 -0.6384 -9.4177 1.3517 40.8692 2.4818 29.0328 2.4259 -3.0579 2.8381 -3.0845 3.8630 -5.5108 4.2194 26.9166 2.4820 -7.9285 3.6748 -6.4372 5.1871
130 -4.9092 0.2451 -10.2418 1.3079 42.6551 2.5128 30.1782 2.4851 -4.7420 2.5833 -2.1254 4.1251 -5.8315 3.9121 28.0078 2.4583 -8.2412 2.7103 -5.5857 5.2975
131 -4.8903 1.2484 -10.9647 1.5181 44.0391 2.6219 32.5422 2.4902 -6.2175 2.5927 -1.3918 4.1776 -5.6391 4.0539 28.0817 2.4858 -8.6064 1.6488 -4.1728 5.4561
132 -5.3222 2.1790 -11.3113 1.8717 45.1208 2.6061 35.1853 2.3900 -7.3077 2.3794 -0.8075 3.9752 -5.5516 3.7123 27.5857 2.3951 -8.7926 0.7275 -2.5402 4.9499
133 -5.8002 2.7100 -11.3277 2.5444 45.8986 2.4888 38.4582 2.4200 -7.8468 2.2027 -0.3229 3.7370 -6.1501 3.5318 26.3492 2.3056 -8.4842 -0.4034 -1.7482 4.6930
134 -6.3955 3.1827 -10.8701 3.0118 46.4246 2.4726 41.9267 2.5265 -8.2906 2.1173 0.3141 3.8327 -6.7041 3.6311 24.5563 2.3241 -7.7605 -1.0924 -1.5464 4.4009
135 -6.9659 3.6653 -10.1628 2.9063 46.4222 2.5283 44.4411 2.5985 -9.2001 1.9814 0.4186 4.0559 -6.3150 3.9002 22.0111 2.4810 -6.3141 -1.2673 -1.0779 3.5803
136 -6.8851 4.4710 -9.5149 3.2929 45.8085 2.4855 46.5768 2.3604 -9.7655 1.7220 0.0043 4.3109 -5.3995 4.1853 18.6550 2.2602 -5.1069 -0.9296 -1.0482 2.9080
137 -6.9468 5.5420 -8.4271 3.4834 44.4368 2.4498 47.7835 2.4982 -10.5443 1.7674 -0.5533 4.4607 -4.6412 3.7805 14.9804 2.2434 -3.8185 -0.6007 -1.4166 1.8376
138 -7.1841 6.0935 -7.6267 3.9177 43.1048 2.4710 48.4080 2.4032 -11.0132 2.1315 -1.8371 4.6215 -4.3801 3.1774 11.1094 2.3417 -2.2767 -0.3712 -2.1455 1.2832
139 -7.5509 6.1833 -6.2859 4.3797 41.5382 2.4629 47.9431 2.5395 -11.2339 2.7852 -3.5008 4.9999 -4.4304 3.1718 7.7662 2.2344 -0.4574 0.0801 -3.0171 0.8435
140 -7.7587 6.1735 -4.4227 4.4036 40.1546 2.4387 47.5330 2.5104 -11.1816 3.3017 -5.5314 5.3543 -4.4807 3.4360 4.9519 2.5336 1.6587 0.4992 -3.7292 0.8749
141 -7.5436 6.2680 -2.4454 4.2396 38.3667 2.4686 45.9751 2.6177 -10.4662 3.0994 -6.9272 5.8130 -4.5587 3.7938 2.3645 2.7414 4.5092 0.9483 -5.0306 1.1968
142 -7.0745 5.9343 0.0288 4.0578 35.7358 2.4545 43.5757 2.6333 -10.1279 2.5908 -7.7284 6.0794 -3.9705 3.8535 0.1935 3.3900 7.6433 1.4231 -6.7552 1.8773
143 -6.4147 4.9457 2.3835 3.4933 32.7040 2.4619 40.9826 2.5183 -10.2535 1.9282 -8.5953 6.1785 -3.2129 3.9440 -2.0351 3.9213 10.5551 1.8649 -7.6429 2.5335
144 -5.7088 4.2264 5.2393 2.9453 29.1119 2.4303 38.5883 2.6574 -10.5990 1.7720 -9.5193 5.8066 -2.3972 3.4880 -3.9318 4.7885 12.7548 2.4168 -8.0236 3.1703
145 -5.3255 3.1348 8.1767 2.5887 25.4046 2.4952 36.9732 2.6483 -10.9449 2.4296 -10.1077 5.2279 -1.9753 3.4496 -5.8604 4.7088 14.0675 2.4312 -8.1820 3.8734
146 -5.5609 2.2500 11.2596 2.4436 21.8188 2.5890 36.1124 2.5267 -10.6223 3.2811 -10.5904 4.7332 -1.9586 3.7508 -7.2694 4.7890 14.6770 2.5622 -8.1978 4.8294
147 -6.1349 1.7247 14.6911 2.4329 18.1811 2.5729 36.0258 2.5275 -10.4031 4.0311 -10.3998 3.9231 -2.1460 4.3481 -8.4393 4.4087 14.6731 2.4815 -8.1403 5.5421
148 -6.7183 1.2949 18.1075 2.5554 14.7515 2.5693 36.8373 2.6061 -10.0270 4.0038 -9.7675 3.5973 -2.5505 4.7794 -8.5421 3.6476 13.8209 2.4116 -7.9628 6.1125
149 -7.5530 1.2120 20.5773 2.4028 11.0338 2.8653 38.4958 2.5254 -9.9057 3.9313 -9.0012 3.1983 -3.0253 4.9474 -8.2585 2.9554 12.3233 2.3551 -7.6197 6.4855
150 -8.2845 1.5213 22.2073 2.3244 7.7463 3.1510 40.8752 2.5196 -9.8188 3.5702 -8.4180 2.8278 -3.7222 4.6426 -8.4599 1.9140 10.5124 2.0988 -7.6247 6.6627
151 -8.4383 1.6651 23.8068 2.4466 4.1986 3.1772 43.8920 2.5156 -10.2593 3.6071 -7.7524 2.6244 -5.0726 4.7070 -8.8236 1.0592 8.3014 1.7385 -7.4408 6.5608
152 -8.4553 1.7404 24.0744 2.5272 0.8341 3.4938 47.3401 2.3937 -10.2825 4.2388 -7.3618 2.4325 -6.5011 4.5629 -9.1763 0.2376 5.8489 1.9262 -7.4646 6.3273
153 -8.4117 1.8169 23.9426 2.3529 -1.7435 4.0060 50.8955 2.3029 -10.2132 4.4066 -6.9199 2.4667 -7.8886 4.1914 -9.4497 -0.1109 4.2983 2.0553 -7.8519 5.5631
154 -8.2285 2.0311 22.9869 2.4196 -4.1081 4.3312 54.4009 2.4762 -9.5812 4.7641 -6.7780 2.7898 -8.8347 3.8070 -9.5510 -0.2271 3.6796 2.0082 -8.5304 4.9241
155 -7.7718 2.3690 21.1511 2.2675 -5.9888 4.6886 58.1615 2.3563 -8.8609 4.9683 -6.6463 3.2949 -9.5912 2.9614 -9.2735 0.5078 3.6380 2.0447 -9.4679 3.9435
156 -6.7165 2.8158 18.4350 2.3430 -7.6747 5.2151 61.6852 2.2943 -7.7869 4.5140 -6.6658 3.6459 -9.7969 2.2722 -8.8351 1.5068 4.3256 1.7514 -9.6745 2.5386
157 -5.6870 3.1888 15.4612 2.4327 -8.3663 5.3424 64.5856 2.2395 -6.0719 4.4751 -7.4209 4.1763 -9.4983 1.7487 -8.4093 2.4624 5.6674 1.8365 -9.3083 1.6162
158 -5.1829 3.7896 12.4291 2.5016 -8.8462 5.0745 66.5832 2.4641 -4.3990 4.5978 -8.1864 4.5054 -9.3158 1.0566 -7.9285 3.0985 7.6309 1.8673 -8.7801 1.0148
159 -5.0488 3.9286 10.2908 2.3475 -8.8141 4.7896 67.9925 2.5972 -2.2519 4.4117 -8.9733 4.8640 -8.7883 0.8097 -7.4116 3.4161 10.0197 1.9133 -8.2754 0.3429
160 -5.3366 3.9224 8.3926 2.4109 -7.9458 3.9985 68.5384 2.5245 0.5123 3.8482 -9.5022 5.0360 -7.7068 1.3430 -7.1591 4.2218 12.4407 2.0919 -7.5073 -0.1891
161 -5.2905 3.9270 7.4835 2.5276 -6.7480 3.6904 68.3120 2.5038 3.4812 3.6523 -9.8633 5.2156 -6.4095 1.3986 -6.6515 4.7241 14.4318 2.1221 -6.7031 -0.9195
162 -5.3282 4.1833 7.5908 2.5764 -5.6341 3.2911 67.5336 2.5670 5.8387 3.2207 -9.7964 5.1962 -4.9814 1.6978 -6.1039 4.9792 15.8407 2.4293 -6.2582 -0.9325
163 -5.4714 4.4301 8.4767 2.6265 -4.6982 2.7731 65.8054 2.4921 7.9071 2.8551 -9.1478 4.9657 -3.5763 2.1255 -5.9845 4.6102 16.3108 2.4537 -5.6804 -1.0228
164 -5.7471 4.3918 9.8340 2.4912 -3.7702 2.3699 63.7850 2.5118 9.3438 2.4531 -8.3607 4.4431 -2.0704 2.5052 -6.5701 4.5774 16.0631 2.4619 -5.2411 -1.0856
165 -6.5008 4.1959 12.1885 2.5361 -3.1118 1.7524 60.6399 2.6004 10.5090 2.5172 -7.0637 4.1920 -0.3035 2.9630 -7.0739 4.3333 15.0114 2.4319 -4.8533 -1.0664
166 -7.7096 3.5042 15.1583 2.7465 -2.4546 1.1955 57.0140 2.6547 11.5064 2.4687 -5.5523 4.5178 1.0140 3.1763 -7.3872 4.4848 13.1388 2.4711 -4.4638 -0.8568
167 -8.4027 3.1658 18.4291 2.7656 -2.1145 0.5392 53.6193 2.4230 12.6986 2.4173 -3.4321 4.5317 2.2165 3.3244 -7.6496 4.6593 10.6115 2.6085 -4.3843 -0.6098
168 -9.0634 2.6784 21.4756 2.4633 -2.1307 0.3843 50.8055 2.4686 13.5878 2.5228 -0.7723 4.2767 2.9655 2.8373 -7.5862 4.8170 7.6160 3.1084 -4.6597 -0.5723
169 -9.2930 2.3819 23.9273 2.5350 -2.6581 0.1138 48.7460 2.4738 14.6567 2.5293 1.6976 3.6770 2.8577 2.6291 -7.4396 4.7747 4.1134 3.7234 -4.9319 -0.6536
170 -10.0562 1.8578 25.6108 2.6068 -3.8945 0.2098 47.3560 2.4981 15.7230 2.5356 4.0545 3.1389 3.0160 2.3894 -6.9157 4.4146 0.7312 3.9345 -5.2014 -0.3809
171 -10.6426 1.3289 26.4683 2.5956 -5.2171 0.0698 46.8261 2.5834 16.3604 2.5224 7.0000 2.7308 2.7848 2.4262 -6.2159 4.1307 -2.5266 3.8947 -5.1335 -0.0618
172 -10.8261 0.9093 26.2957 2.4813 -6.6805 -0.1737 46.7976 2.4073 17.8037 2.4325 9.9574 2.3421 2.8107 2.2406 -5.5394 3.5866 -4.8712 3.3272 -5.1479 0.6283
173 -10.5622 0.6769 25.6582 2.4559 -8.2512 -0.2714 47.6972 2.3046 19.5324 2.5560 13.0756 2.1489 2.5970 2.2165 -4.6808 2.7480 -6.6687 2.8864 -5.0352 1.3691
174 -9.8165 0.5754 24.0988 2.4773 -9.1887 -0.4115 49.3583 2.4517 21.3114 2.5162 16.6040 2.6270 1.8794 2.3298 -3.8106 2.4107 -8.1633 2.4816 -5.2277 2.3850
175 -9.5105 0.7008 21.8516 2.3235 -9.5638 -0.4443 51.0020 2.4429 22.8911 2.6167 19.9257 2.6584 0.6547 2.4994 -2.8193 1.8906 -9.6560 2.0039 -5.2303 3.5688
176 -9.1487 0.3206 18.8283 2.2132 -9.5390 -0.3085 52.7976 2.3915 24.1180 2.5158 23.2774 2.6190 -0.3735 2.8526 -1.7763 1.4032 -10.4150 2.0982 -5.6397 4.6908
177 -8.4267 -0.2119 15.5148 2.2197 -8.9228 -0.0851 54.0257 2.5173 24.5718 2.4898 26.7712 2.6968 -1.2474 3.0458 -0.8012 1.0961 -10.6835 2.3400 -6.5774 5.4836
178 -7.4478 -0.5484 12.1293 2.3767 -8.0837 0.5722 54.7327 2.4921 25.1033 2.5057 29.9872 2.5278 -1.7864 3.3209 0.1155 0.9615 -10.6084 2.1593 -7.5119 5.9202
179 -6.2065 -0.3006 9.3279 2.5737 -7.7316 0.7440 54.2848 2.4843 25.4440 2.4546 33.0133 2.4840 -1.9200 3.4821 1.3883 0.8674 -10.2143 2.3687 -8.5279 5.9006
180 -4.8876 0.3362 7.3823 2.5068 -7.3337 0.2937 53.3568 2.4787 25.5693 2.5283 35.4112 2.5515 -1.9214 3.8488 3.3506 1.0486 -9.0108 2.6676 -8.8010 5.6915
181 -3.3213 0.9356 6.4274 2.4487 -7.3369 -0.0504 52.2971 2.3029 25.8043 2.5199 36.9186 2.4512 -2.0156 3.9897 6.1432 1.1168 -8.1308 2.9676 -8.9354 5.7183
182 -2.3254 1.5090 6.4709 2.4442 -7.4232 0.1349 51.2831 2.3515 26.5353 2.4681 37.8915 2.5276 -1.9071 4.1022 9.5486 1.7129 -7.5101 3.1961 -8.3408 5.9277
183 -0.9713 1.9302 6.9409 2.3915 -7.6275 0.9094 49.9880 2.4567 27.2565 2.4497 38.0894 2.5437 -1.1448 4.0664 12.6507 2.2911 -7.4326 3.3358 -7.0402 5.4706
184 1.2221 2.0859 8.3303 2.3168 -7.9955 0.9706 48.8868 2.4504 28.2455 2.3961 37.4155 2.4167 -0.1697 4.1061 15.0973 2.4439 -7.1996 3.9625 -5.8908 5.0749
185 3.5476 2.2593 10.4937 2.4120 -8.5991 0.8473 48.3110 2.5061 29.7065 2.2959 37.0028 2.4555 1.7890 4.0108 16.7415 2.5662 -7.1112 4.3012 -5.4253 4.4783
186 6.4103 2.4491 13.3602 2.4783 -9.1577 0.6606 48.9549 2.3915 31.0199 2.4492 36.4056 2.4266 4.3237 3.3710 17.9558 2.6430 -6.8769 4.4844 -4.8741 3.6836
187 9.5558 2.6562 17.0326 2.3373 -9.7664 0.3258 50.1860 2.3879 32.0923 2.4922 35.5805 2.4885 7.2097 2.8725 18.4819 2.4720 -6.6776 4.1620 -4.3630 2.8025
188 12.8028 2.4835 20.2064 2.5233 -10.2281 0.3098 51.2888 2.4313 32.4245 2.5029 34.9523 2.4715 10.2330 2.4320 18.0699 2.5433 -6.4623 4.1331 -4.1039 2.1170
189 15.8911 2.4274 22.9451 2.3286 -10.5404 0.5695 52.2777 2.4334 32.5941 2.4957 35.1587 2.6210 13.4575 2.4973 17.3090 2.5458 -6.3840 3.9221 -4.2803 1.7679
190 18.4525 2.4417 24.6730 2.4698 -10.5090 0.2948 53.2423 2.4329 33.0193 2.5395 36.1689 2.6407 16.0732 2.5008 16.7104 2.5588 -6.3791 3.8343 -5.1638 1.4814
191 20.3571 2.5195 25.5831 2.5181 -10.4765 0.3407 53.4925 2.4134 33.1686 2.5094 37.6892 2.6792 18.2194 2.6008 16.1865 2.5770 -6.8844 3.9603 -5.9143 1.6976
192 21.6489 2.5425 25.8977 2.5175 -10.1342 0.1902 52.9958 2.4480 33.2900 2.5535 40.1920 2.6965 19.8275 2.6486 15.7462 2.6334 -7.1275 4.4586 -6.4485 1.9025
193 22.4537 2.4721 25.3881 2.6157 -9.8745 0.5731 52.0010 2.5064 33.3167 2.4379 43.1827 2.5780 20.7442 2.4592 15.5640 2.4078 -7.8399 4.7197 -7.1648 1.9855
194 22.0183 2.6433 23.9147 2.5563 -9.5321 1.5555 50.1914 2.4340 33.3574 2.5209 46.1553 2.6179 21.3413 2.4922 16.2097 2.4824 -7.5671 5.1255 -8.3243 2.0040
195 20.7960 2.5352 21.6482 2.6471 -9.4509 2.8688 48.1496 2.3775 33.8078 2.6356 48.4664 2.5267 21.4525 2.5065 17.4686 2.4220 -7.4133 5.2542 -9.2106 2.0306
196 19.2528 2.5963 18.5611 2.4894 -9.4305 3.9704 45.0261 2.5788 34.9216 2.6066 49.6451 2.5688 21.2588 2.5134 19.6615 2.3098 -7.0506 4.9800 -9.6874 2.2489
197 17.5302 2.6064 14.9486 2.3488 -8.9448 4.6238 41.3720 2.5138 36.1784 2.5320 50.2077 2.5102 21.1922 2.5639 22.1411 2.2822 -6.6306 4.4158 -9.2977 2.5179
198 15.8507 2.7224 11.5046 1.9319 -8.0706 4.6483 37.6531 2.4589 38.2416 2.4304 49.8941 2.4853 20.5746 2.4886 24.5619 2.3014 -6.6973 4.0335 -8.7505 2.8126
199 14.5887 2.5570 8.1600 1.4283 -7.3740 4.3289 33.9791 2.5026 40.5663 2.4931 48.8958 2.4896 20.4777 2.5424 26.4802 2.4592 -6.7821 4.1151 -7.9733 3.1348
200 13.9398 2.4262 5.2920 0.6584 -6.8958 3.8805 30.3491 2.5123 42.4552 2.5337 47.1664 2.2854 20.9940 2.3926 27.6432 2.6194 -6.8329 4.4928 -7.9767 3.1100
201 13.9779 2.5754 3.0062 0.5604 -6.5899 3.5073 26.7118 2.4510 44.5642 2.4243 44.4668 2.3980 21.8984 2.5188 28.0531 2.5119 -6.9566 4.6983 -8.2160 3.1891
202 14.6770 2.5614 0.8574 0.8477 -6.2815 3.4734 23.2442 2.5545 46.7243 2.2875 41.1798 2.5356 23.8051 2.3473 27.5731 2.4841 -6.4592 4.8115 -8.9954 3.5503
203 16.2037 2.4601 -0.3659 0.8381 -6.1536 3.1240 20.4381 2.5065 49.1532 2.4014 37.5559 2.3851 26.6361 2.3873 26.5905 2.4613 -5.8443 4.4231 -9.5615 3.7387
204 18.4833 2.5996 -1.3288 1.0335 -6.5282 2.4187 18.7971 2.4565 52.1381 2.4341 33.7373 2.2690 29.9869 2.3616 24.9982 2.5098 -5.5637 3.3507 -9.7338 3.4889
205 21.3052 2.4295 -2.3738 0.8447 -7.0012 1.2757 17.3547 2.4934 55.6537 2.5189 30.1700 2.4581 33.5613 2.3518 23.1131 2.3289 -5.8819 2.6020 -9.5529 2.8960
206 23.7291 2.4767 -3.1700 0.6514 -7.6704 0.4616 16.6578 2.4353 58.9103 2.5921 27.4900 2.4048 36.8938 2.2408 21.2463 2.3933 -5.8897 1.8840 -9.2100 1.8754
207 25.5372 2.4435 -3.1561 0.3352 -8.9381 0.3222 16.9553 2.4512 62.5484 2.4235 25.3392 2.3252 39.6037 2.4422 19.5992 2.3813 -5.5376 1.7619 -8.6419 1.3633
208 26.7583 2.5905 -2.9645 0.5115 -10.2024 0.9578 17.8785 2.4335 65.5548 2.5807 24.0563 2.4465 41.7329 2.3565 18.9051 2.5015 -4.5738 1.4921 -8.2456 1.0220
209 27.2483 2.5352 -2.9781 0.8650 -10.8456 1.8436 19.4758 2.2915 67.7959 2.4233 23.5218 2.4090 43.3493 2.5366 18.9140 2.4409 -4.1108 0.8465 -7.6942 0.4559
210 26.9342 2.4537 -3.1422 1.0336 -10.8903 2.7321 21.9175 2.3435 69.2288 2.4738 23.9223 2.5158 44.1740 2.5072 19.4183 2.4188 -4.1584 0.4661 -7.0295 -0.2140
211 25.9646 2.4386 -3.8262 0.5859 -10.5295 3.4119 25.1221 2.5590 70.2389 2.4840 25.0596 2.3301 44.1113 2.4810 20.4421 2.4327 -4.1339 -0.1256 -6.0597 -0.6979
212 24.7368 2.5790 -4.9141 0.2604 -9.5268 3.5480 28.6734 2.5438 70.3383 2.5517 26.9726 2.3207 43.4900 2.4684 21.7119 2.3117 -4.7231 -0.6462 -5.2349 -0.8860
213 22.8535 2.3796 -5.2895 -0.3788 -8.5852 3.6002 31.9994 2.6412 69.5373 2.5951 29.3947 2.2826 42.2425 2.4917 23.3475 2.4612 -4.9281 -0.7901 -5.2848 -0.7518
214 19.8650 2.4761 -4.9911 -0.8062 -7.8904 4.4571 35.2895 2.4028 67.9138 2.6518 32.9759 2.2451 40.3540 2.4069 24.4814 2.5623 -5.3612 -0.4314 -5.7336 -0.3833
215 16.6464 2.6117 -4.6966 -0.7481 -7.2913 5.0788 38.2411 2.4451 65.7337 2.5676 36.4626 2.2310 38.2969 2.5240 24.7571 2.4966 -6.0157 0.2226 -6.1544 -0.0181
216 13.2503 2.6692 -4.3757 -0.3837 -7.2545 5.8576 40.0886 2.6012 62.8010 2.6703 39.8332 2.3693 36.7153 2.3673 24.3264 2.5273 -6.7016 1.0018 -6.5417 -0.1344
217 9.6966 3.1157 -3.5213 -0.1100 -7.2502 6.0470 41.1120 2.5708 60.0988 2.6722 42.7167 2.4394 35.7432 2.3979 23.2492 2.6014 -7.6774 1.6839 -7.4694 -0.1776
218 6.3648 3.8772 -2.3393 0.0651 -7.4751 5.7070 41.6416 2.5391 57.8322 2.5790 45.2761 2.4494 35.7763 2.5159 21.5894 2.5694 -8.0979 2.1437 -7.9751 -0.6103
219 3.0489 4.3505 -0.7722 0.2727 -7.8594 5.5125 41.4310 2.5283 56.3821 2.4140 47.1630 2.4799 36.2475 2.4533 19.1585 2.5150 -8.0296 2.5898 -8.1326 -0.7772
220 0.0647 4.7652 1.3511 0.5610 -8.1532 5.2630 40.4734 2.5060 55.6993 2.4725 48.5574 2.5901 37.6729 2.3411 15.7903 2.4582 -8.0842 2.7286 -8.0895 -0.3133
221 -2.5591 4.8603 4.1586 0.9979 -8.4877 5.1310 38.7015 2.5635 55.8769 2.4429 48.6190 2.4743 39.4755 2.3625 12.1022 2.2211 -7.4111 2.9151 -7.5977 0.4450
222 -4.4795 5.0022 7.5000 1.8519 -8.7235 5.3060 36.6858 2.6128 57.2202 2.3331 48.1133 2.4713 42.4981 2.3776 8.8159 2.4191 -6.9263 2.8171 -6.8491 1.6452
223 -6.2429 5.4144 10.8653 2.3248 -8.4274 5.3254 34.5585 2.5171 58.6806 2.4239 46.9521 2.4009 46.0241 2.4186 5.5905 2.7383 -6.5043 2.6410 -6.4643 2.5659
224 -7.6252 5.5783 14.0069 2.3196 -8.0893 5.6270 33.0098 2.5118 61.0576 2.4587 45.2344 2.3584 49.7104 2.6513 2.6895 3.2495 -6.5356 2.2056 -6.4531 2.9538
225 -8.8395 5.5995 16.3793 2.6009 -7.7442 5.6371 31.7274 2.5199 64.0587 2.4669 42.6296 2.2978 53.1295 2.5380 -0.4705 3.7879 -6.5450 1.9230 -6.6525 3.4388
226 -9.6011 5.7324 18.0794 2.5815 -7.6804 5.7678 31.3348 2.5288 67.5383 2.4574 39.2999 2.3521 56.8014 2.7590 -3.2383 3.9771 -6.7346 0.9109 -6.9786 4.0989
227 -9.9067 5.6617 19.0112 2.4738 -7.9096 6.0600 31.7982 2.6503 71.0723 2.4259 36.0415 2.4089 60.3364 2.7377 -5.5911 3.7485 -6.8888 -0.0255 -7.2301 5.1768
228 -9.9611 5.5808 18.8897 2.5507 -7.6815 5.9806 33.0611 2.4728 74.5250 2.4227 33.8028 2.3957 63.8146 2.7094 -7.7473 3.5178 -7.1028 -0.9047 -7.2959 5.9005
229 -9.1883 5.5720 18.6365 2.5565 -7.7593 5.9226 35.0148 2.5973 77.6064 2.4713 32.3608 2.3491 67.5148 2.6329 -9.1430 3.8513 -7.2080 -0.9485 -7.2005 6.1135
230 -8.1523 5.7518 17.4456 2.6493 -7.9442 5.7064 37.9232 2.5303 81.0561 2.5613 31.2791 2.5276 71.2625 2.5346 -10.0358 4.0795 -6.7014 -0.9280 -6.9427 6.0482
231 -7.4580 6.1340 15.1861 2.6109 -8.1288 5.8719 40.7422 2.6284 84.2901 2.5642 31.2477 2.4779 74.9338 2.5537 -10.3946 4.1662 -5.7547 -0.5926 -6.8454 5.5860
232 -7.7990 6.6611 12.4571 2.3490 -8.6796 6.0030 42.9352 2.6486 87.5303 2.5980 32.2242 2.4785 78.8265 2.6269 -10.6002 4.0466 -4.3582 -0.1213 -5.9241 4.9946
233 -8.2912 6.5613 9.2099 1.9404 -9.3635 5.7718 44.5445 2.5136 89.9811 2.5193 33.3873 2.5230 82.4578 2.6420 -10.7278 3.3434 -2.4159 0.1614 -5.1390 4.5934
234 -8.5990 6.2452 6.0277 1.3126 -10.2746 5.1436 45.2461 2.4241 91.7090 2.4258 35.6331 2.6604 85.8613 2.5584 -10.4451 2.6258 0.0407 0.2800 -4.1175 4.0291
235 -9.0258 6.1644 3.6339 0.7304 -10.7637 4.4698 45.5872 2.4910 93.0841 2.4763 38.3676 2.6712 88.8465 2.5138 -10.5530 2.1811 2.3706 0.7711 -3.2415 3.4576
236 -8.6283 6.0602 1.5724 0.5323 -11.1365 4.2009 45.1859 2.4811 93.6925 2.4973 41.7256 2.5081 91.3908 2.5069 -10.4795 2.0787 3.8120 1.4460 -2.9636 2.4121
237 -8.4396 6.0943 -0.0105 0.5458 -10.6841 4.5667 43.7650 2.5289 93.0117 2.5936 44.9827 2.5321 93.1210 2.4864 -10.2987 2.3072 4.5356 2.1171 -2.7435 1.8871
238 -8.3591 5.6947 -0.7390 0.4408 -9.8082 5.1099 41.6312 2.4584 91.7274 2.7047 47.4310 2.5507 94.0073 2.4595 -10.1260 2.3282 4.6508 2.1665 -2.9070 1.7837
239 -8.0150 5.0262 -0.5309 0.5582 -9.0815 5.4149 38.8031 2.5114 89.6893 2.6057 49.1739 2.6145 94.2334 2.5268 -9.6573 2.2021 4.5488 1.9199 -3.7512 1.9707
240 -7.9639 3.8897 0.3852 0.6289 -8.4962 4.8221 35.3015 2.6495 87.3053 2.6132 49.9413 2.5353 93.5924 2.3996 -9.9942 2.2966 3.8056 1.3285 -4.5514 2.4778
241 -8.0155 2.9189 2.1550 0.8499 -7.8376 4.1436 31.5253 2.6059 84.3580 2.5983 50.2263 2.6070 92.3263 2.4292 -10.1092 2.5078 2.7153 0.6864 -5.8735 2.8843
242 -7.8640 1.9253 3.8186 1.0533 -7.2175 3.5842 27.8651 2.3826 81.6044 2.3670 49.6854 2.6389 90.8432 2.3955 -10.6450 2.6566 0.9682 0.4420 -7.2297 3.5192
243 -7.5541 1.1090 5.6859 1.3769 -6.6763 3.0660 23.9850 2.5047 79.8124 2.3034 48.5706 2.7301 88.9735 2.4479 -10.6762 3.1092 -1.2217 0.1599 -8.5142 3.9112
244 -7.4132 0.7941 7.2205 1.8931 -6.5931 2.5738 20.5168 2.5925 78.3075 2.3562 46.6132 2.6662 87.2004 2.4804 -10.8928 3.3488 -3.0468 -0.0398 -9.4545 4.1787
245 -7.4735 1.1521 8.3255 2.3588 -6.6907 1.8461 17.4890 2.5883 77.5121 2.3983 43.8364 2.6641 85.8885 2.6448 -10.5507 2.9154 -4.2653 -0.0758 -9.7886 4.0160
246 -8.0033 0.7354 8.4768 2.4948 -6.6298 0.8600 15.2526 2.5058 77.8910 2.5661 40.7233 2.7748 85.4755 2.4044 -9.8340 2.3191 -4.8088 0.0905 -9.8315 3.5009
247 -8.3461 0.4947 7.6887 2.7053 -6.8500 0.1143 13.5607 2.6289 78.7032 2.5697 38.3044 2.6066 85.6990 2.3747 -9.0292 1.7814 -5.5725 0.3989 -9.1713 2.7995
248 -9.1308 0.1198 6.4228 3.0311 -6.7856 -0.6360 12.7762 2.4565 79.9553 2.5596 36.6002 2.4494 86.8764 2.4011 -8.4174 1.4998 -5.7415 1.0499 -8.2822 2.2471
249 -9.9941 0.0549 4.2746 2.8377 -6.9481 -0.8929 12.8870 2.4702 81.0411 2.5294 35.8704 2.4900 88.5260 2.5299 -7.8672 0.9564 -5.5147 2.0519 -7.5266 1.6712
250 -10.7607 0.1164 1.5216 2.2871 -6.7962 -0.6892 13.7115 2.5579 82.2606 2.6450 35.5239 2.4330 90.1087 2.4517 -6.5265 0.6719 -5.0696 2.7969 -6.8658 1.3003
251 -10.8808 0.3076 -0.8288 1.9271 -6.9186 0.2162 15.2689 2.5700 83.5162 2.5647 36.1998 2.3781 91.6575 2.6276 -4.4549 0.5518 -4.0937 2.9424 -5.3392 0.6979
252 -10.6667 0.4974 -2.6792 1.4631 -6.2533 0.6544 17.4596 2.4663 84.1933 2.5513 37.7367 2.3590 92.7022 2.6646 -2.2033 0.6489 -3.5207 3.0131 -3.6261 0.5335
253 -10.4775 0.3051 -4.5023 1.1921 -4.6618 1.0136 19.9296 2.5902 83.9477 2.4161 39.9051 2.3341 93.4313 2.4815 -0.0985 1.1805 -3.3820 3.1760 -1.4249 0.7061
254 -9.4282 -0.1945 -5.7553 1.2895 -2.6713 1.2498 22.4605 2.5196 82.8548 2.3816 42.7803 2.3953 94.0679 2.4790 1.6715 1.7805 -3.5526 3.3582 1.0541 1.0581
255 -8.2718 -0.3857 -6.5409 0.9717 -0.2972 1.6271 24.0260 2.5856 81.1690 2.4036 46.1114 2.4054 94.7260 2.4974 2.4062 2.1323 -4.0894 3.3148 3.8761 1.6751
256 -7.7198 -0.0095 -6.9634 0.6630 2.0824 2.0027 24.8327 2.5210 79.3799 2.3944 49.4804 2.4892 94.4070 2.4176 2.5284 2.6149 -4.2617 3.0804 6.1931 2.1434
257 -6.7850 0.7021 -7.3304 0.0087 4.9352 2.6672 24.8405 2.5653 77.6933 2.3825 52.6272 2.4587 93.9606 2.4949 3.0148 3.0022 -3.7735 2.7306 8.6070 2.3191
258 -5.8321 1.4706 -6.9445 -0.3666 7.5865 2.7787 24.4224 2.4799 76.4796 2.5629 55.2898 2.5265 92.5861 2.6112 2.8254 3.5291 -3.5096 1.7740 10.4964 2.5790
259 -5.2699 2.2822 -6.1616 -0.2519 10.3711 3.0280 23.3574 2.5562 76.1041 2.4675 57.0258 2.6477 91.0545 2.5810 2.0269 4.0281 -3.4091 0.9564 11.9152 2.5402
260 -4.7236 3.2201 -5.2847 0.2808 13.4977 3.0186 21.3667 2.5348 76.2164 2.5396 58.3621 2.4676 88.9897 2.5549 0.5669 4.6416 -4.0240 0.7022 13.0302 2.4735
261 -4.1848 4.0348 -4.9021 0.6450 16.7805 2.5160 18.5018 2.5233 77.5342 2.4237 59.2712 2.4923 87.3354 2.4763 -1.4342 4.8372 -4.2653 1.1167 14.2698 2.4909
262 -3.8048 4.6223 -4.4047 0.4151 19.1752 2.6227 14.9295 2.5475 78.8895 2.4839 59.9672 2.4424 86.2639 2.5473 -3.5447 4.5398 -4.0419 1.5525 14.8238 2.5399
263 -3.1111 4.8461 -4.6030 -0.1651 20.9238 2.6209 11.3590 2.6901 81.2651 2.4929 60.7089 2.4400 85.5024 2.4308 -5.7598 4.1074 -3.5537 1.7063 15.4824 2.4702
264 -2.2750 4.8888 -4.8598 -0.4968 21.8214 2.5566 8.1490 2.5576 83.5032 2.6198 61.9335 2.5273 84.5805 2.5916 -7.1086 3.3668 -3.4139 1.1095 15.5496 2.4759
265 -0.8265 5.0347 -5.4667 -0.4413 22.0871 2.5116 5.4421 2.0389 85.2939 2.6632 62.7666 2.5167 83.7800 2.4818 -8.0033 2.7082 -3.8840 0.7733 14.8933 2.5226
266 0.8881 4.5571 -5.7959 -0.2734 21.3822 2.6698 2.8836 1.4705 86.4471 2.5916 63.0931 2.4473 83.6403 2.5398 -8.2658 2.2502 -4.9764 0.2338 13.7714 2.5609
267 3.0464 4.2360 -6.4512 -0.0917 20.0027 2.6589 0.7961 1.2886 86.7596 2.4881 63.4774 2.4926 84.2249 2.6792 -8.8594 1.3752 -6.4083 -0.1648 12.7635 2.5666
268 6.0280 3.7443 -6.6226 -0.2470 18.0003 2.5146 -1.0282 1.2010 86.1330 2.4871 63.4123 2.5991 85.4902 2.5353 -9.1430 0.4254 -7.3712 0.1657 12.5583 2.5364
269 8.6983 3.1537 -6.8543 -0.2952 15.2974 2.4856 -2.4599 0.9486 85.3219 2.5206 63.6633 2.4176 86.9181 2.5915 -9.1776 -0.1364 -7.8225 0.5866 13.1243 2.5632
270 11.1026 2.6059 -6.9367 -0.9729 12.0303 2.6260 -3.4713 0.4581 83.4235 2.4558 63.9140 2.4891 88.0725 2.5629 -9.2386 -0.3051 -8.4186 1.0046 14.1929 2.5640
271 12.8188 2.5147 -6.7725 -1.0593 8.3053 2.8546 -3.9345 0.3060 80.4653 2.5883 63.8459 2.4774 88.8766 2.4625 -9.4228 -0.4561 -8.9008 1.2671 14.8400 2.4650
272 14.0818 2.5597 -6.5538 -0.5535 4.7799 2.8687 -4.4649 -0.2887 77.6102 2.3906 63.8504 2.5004 89.5068 2.5267 -9.4530 -0.5817 -9.0666 1.4918 15.1081 2.4553
273 14.9106 2.5370 -6.4124 0.1263 1.0467 3.0832 -5.0517 -0.6678 74.9611 2.4274 64.0464 2.4558 89.9423 2.5312 -9.2220 -0.6191 -9.0280 1.6182 14.7330 2.4481
274 14.9822 2.4406 -6.5625 1.1108 -2.0001 3.1353 -6.1962 -0.5973 73.0960 2.3989 63.9747 2.5051 90.3999 2.4755 -9.1567 -0.7590 -8.6188 1.8224 13.7397 2.4477
275 14.4747 2.4606 -7.1442 1.6521 -4.4543 3.0003 -6.6991 -0.2932 71.9457 2.4620 64.2216 2.4684 90.9055 2.5146 -9.2940 -0.4241 -7.9083 1.8089 12.8362 2.4869
276 13.0682 2.5138 -7.2840 1.9947 -6.3165 2.3981 -6.9866 0.1235 71.8184 2.5386 64.6501 2.5536 90.7632 2.5165 -9.3976 -0.1169 -7.0264 1.5382 12.0359 2.5841
277 10.7754 2.3615 -7.6146 2.1133 -7.6303 2.2018 -7.9822 0.0351 72.3297 2.6548 65.9152 2.5482 90.8139 2.5077 -8.8163 0.8422 -5.9510 1.1907 11.5419 2.5300
278 7.7456 2.4854 -7.9302 2.0559 -8.1051 1.9895 -8.8702 -0.1863 73.6207 2.5279 67.6963 2.4853 90.9625 2.4423 -7.9490 1.5341 -5.0121 0.6581 11.3153 2.4668
279 4.3827 2.7677 -8.3682 2.2125 -7.7658 2.1370 -9.1468 -0.0355 75.8998 2.5519 69.5213 2.5100 91.2265 2.5056 -6.6002 1.9533 -4.6003 0.1319 11.1585 2.5051
280 1.1804 3.2028 -8.4259 2.3277 -7.0583 2.1392 -9.4037 0.5151 78.5570 2.5795 71.4295 2.6234 91.6521 2.4596 -6.1467 2.7205 -4.1453 -0.2596 10.9304 2.5166
281 -1.3398 2.9072 -8.1977 2.0312 -5.5621 2.0864 -9.6187 1.2003 81.8181 2.6168 72.6836 2.5946 92.0066 2.5357 -5.6168 3.2677 -3.8075 -0.1009 10.5531 2.4916
282 -3.8130 2.5355 -7.9450 1.6063 -3.3901 2.0450 -9.8397 2.0612 84.1326 2.4537 73.3721 2.4842 92.6475 2.5240 -5.6882 4.2105 -3.4173 0.6405 11.0279 2.4665
283 -6.1344 2.4774 -7.7116 1.0509 -0.8896 1.7918 -9.7744 2.9016 85.5685 2.4826 72.7950 2.4506 92.2132 2.3714 -6.2910 4.6457 -3.2478 1.6603 12.2363 2.3160
284 -7.7958 2.7982 -7.1850 0.1336 2.0486 1.7788 -8.9166 2.8626 86.6472 2.4875 72.1041 2.3399 91.0488 2.4418 -6.8621 4.9829 -3.2373 2.5007 14.0595 2.4869
285 -9.0506 3.4715 -6.5886 -0.6697 5.0995 2.0743 -8.1481 2.8418 86.8715 2.4772 70.2461 2.3865 89.1545 2.5996 -7.8045 4.8579 -3.2899 2.9358 16.7093 2.4628
286 -9.1081 4.4119 -6.5331 -0.7999 8.3932 2.3888 -7.3873 2.6803 86.2088 2.5219 68.1946 2.4219 86.5124 2.5009 -8.4073 4.7529 -3.5401 3.4444 19.6022 2.3503
287 -9.0264 4.7797 -6.6931 -0.5136 11.7270 2.4918 -7.2914 2.9875 84.7390 2.5383 66.2332 2.5963 83.9749 2.3841 -9.2090 4.6431 -3.1465 3.6524 22.8834 2.3501
288 -8.5346 4.6247 -7.0084 0.0682 15.0941 2.5559 -7.4825 3.5575 82.6511 2.6797 64.3294 2.5065 81.7417 2.3780 -9.8122 4.5212 -2.1626 4.3570 26.6189 2.3577
289 -7.7517 4.3382 -7.4476 0.3660 18.0696 2.6037 -7.4830 4.1555 80.0339 2.7531 63.4237 2.4954 80.4526 2.4676 -10.3920 3.9165 -0.8691 4.6284 29.5684 2.4489
290 -6.6044 4.1763 -7.8855 1.2510 20.4811 2.6628 -7.3984 4.0743 76.9581 2.6659 63.2071 2.4970 79.8986 2.6068 -10.9170 3.0043 0.4552 4.6698 31.6916 2.3126
291 -5.0876 4.3669 -8.7394 1.6878 22.0554 2.4652 -6.8617 3.9276 73.6112 2.3999 63.7361 2.6135 80.0219 2.4237 -10.8132 2.5489 2.0078 4.4993 33.2056 2.4486
292 -2.7846 4.3843 -9.9454 1.9777 23.1055 2.5145 -6.1739 3.8405 70.2752 2.2962 65.0747 2.6803 81.1254 2.5456 -10.5032 2.2553 4.0369 4.1689 33.7734 2.4759
293 0.2038 4.3214 -10.4161 2.6677 23.1293 2.5083 -5.3036 3.7042 66.7890 2.5679 66.6673 2.6212 82.7125 2.3565 -10.0430 2.3827 5.5943 3.7129 34.1056 2.4900
294 3.0085 3.8095 -10.4898 3.6651 22.5593 2.5043 -5.3310 3.2817 63.6688 2.7190 68.1008 2.5184 85.0684 2.4359 -9.2933 3.1890 6.6988 3.1848 33.4703 2.5168
295 5.7263 3.2391 -10.1450 4.7412 21.1303 2.3079 -6.1191 2.9162 61.1085 2.4808 69.5111 2.5633 88.1074 2.3949 -8.9626 3.9053 7.1186 2.6379 32.0155 2.4909
296 8.7716 2.5989 -9.2562 5.3922 19.0860 2.3838 -6.7901 2.1823 59.1271 2.4378 70.4260 2.4376 91.2700 2.5226 -7.8803 4.3084 6.9165 2.8020 30.3548 2.5387
297 11.9316 2.5633 -8.3568 5.5258 16.3810 2.2566 -7.2104 1.6852 57.9929 2.4183 70.5645 2.5175 94.5992 2.6105 -7.4399 4.6893 6.1611 3.3814 28.6499 2.4873
298 15.2659 2.5923 -7.6056 5.2486 12.8847 2.2216 -7.6540 1.9012 57.3704 2.5266 69.8998 2.4826 96.9518 2.6099 -7.3694 4.6612 4.9555 3.8705 26.6625 2.4976
299 17.9943 2.5127 -7.0153 4.3113 9.1742 1.9177 -7.9628 2.0281 57.6204 2.4191 68.5825 2.3233 98.9245 2.4421 -8.1037 4.9613 2.9105 4.5253 25.5092 2.4425
300 20.1487 2.6705 -6.9502 3.3458 6.0033 1.3475 -8.3782 2.3484 58.4935 2.4849 66.6815 2.4005 99.5041 2.4608 -8.6829 5.2714 0.5712 4.7350 25.2339 2.5232
301 21.1412 2.5850 -6.4497 3.0042 3.3583 1.1377 -8.6949 3.0439 60.1200 2.4716 64.5220 2.4929 99.7894 2.4814 -8.9070 4.7775 -1.9498 4.7165 25.4607 2.6487
302 21.3951 2.5010 -6.1625 2.7971 1.4429 0.6931 -9.0387 3.8115 62.8506 2.4402 62.7332 2.4373 99.1878 2.4492 -8.6807 4.2329 -4.1084 4.7229 26.5907 2.5823
303 21.0973 2.6256 -5.8644 2.6034 0.0083 0.7245 -9.3937 4.6562 65.9561 2.2551 61.3809 2.5724 97.8539 2.3213 -8.9462 4.1399 -5.6372 4.3012 28.4012 2.5997
304 20.0391 2.6300 -5.9663 2.4200 -0.7612 0.7669 -9.4739 5.1739 69.5343 2.6042 60.5423 2.5277 95.9481 2.3198 -9.3159 4.1232 -7.1704 3.9401 30.9054 2.7819
305 18.6091 2.6194 -6.1298 2.4262 -0.6288 0.7807 -8.8312 5.2226 73.0009 2.5374 60.4457 2.4886 93.1952 2.4086 -9.0220 3.6997 -8.6026 3.4854 34.0749 2.6846
306 16.9727 2.5872 -6.3935 2.5472 0.2065 0.8261 -7.8459 5.3910 76.6657 2.3291 61.1172 2.4574 89.8112 2.4581 -8.8832 2.9982 -9.2937 2.6095 37.6568 2.5839
307 15.1756 2.6411 -6.2821 2.9552 1.9815 0.7707 -7.2805 5.7171 80.0486 2.4229 62.7509 2.4632 86.8702 2.4940 -8.5531 2.3512 -9.2041 1.7142 41.2448 2.5773
308 14.3272 2.5685 -6.3487 3.0530 4.1888 0.8359 -6.5998 5.8001 83.3434 2.5033 65.0147 2.5146 84.1542 2.3892 -8.1369 1.6401 -8.3598 0.7300 44.6505 2.4488
309 14.0525 2.5390 -6.1187 2.7791 6.9764 1.0550 -6.7050 5.4949 86.7515 2.2915 67.5020 2.4462 82.4137 2.5093 -7.1973 1.3475 -6.9626 0.4813 48.3079 2.5711
310 14.5116 2.5510 -5.7579 2.7919 9.8657 1.6524 -7.2109 5.3254 89.8241 2.4318 69.6532 2.4050 81.2371 2.5147 -6.4495 2.2145 -5.5189 0.2721 51.9377 2.4106
311 16.0961 2.4206 -5.0036 2.9010 12.2237 2.2158 -7.8211 5.2234 92.1754 2.3816 71.4475 2.4167 80.7440 2.5108 -6.2474 2.8621 -4.0834 0.3264 55.4735 2.4612
312 17.8590 2.3628 -3.9987 2.8304 13.7204 2.4132 -8.0978 5.0199 94.0480 2.4522 72.0760 2.5380 81.4601 2.4705 -5.6786 2.8410 -2.0533 0.3526 58.8543 2.5891
313 19.8306 2.4865 -3.6071 2.5084 14.5227 2.4679 -8.1669 4.2506 95.2269 2.4374 72.3972 2.4417 82.8307 2.3779 -5.1410 2.3172 0.5976 0.6303 62.1839 2.4673
314 21.3141 2.4547 -3.2283 2.1357 14.8603 2.5394 -8.2766 3.3964 95.6045 2.4981 71.5809 2.5322 84.3408 2.3810 -5.4903 1.7261 3.4249 1.1950 66.1918 2.4946
315 22.3264 2.4312 -2.5831 1.6111 14.3811 2.5793 -8.2794 2.9277 95.6569 2.5019 70.4008 2.4688 86.1563 2.4029 -6.0040 1.6521 6.1017 1.6918 69.4691 2.5329
316 22.6221 2.5233 -1.9320 1.0908 13.2439 2.5815 -8.3406 2.4422 95.2849 2.5091 69.0992 2.3823 87.9117 2.3913 -6.0740 2.3340 8.5385 2.3505 72.1126 2.4825
317 21.9489 2.4183 -0.5144 1.2063 11.5207 2.3293 -7.7767 1.9239 95.1198 2.4743 67.8168 2.4153 89.0724 2.4496 -5.3880 2.6797 10.6287 2.5747 74.2423 2.5547
318 20.7225 2.5358 1.3371 1.4830 9.0671 1.8565 -6.7865 1.1574 94.8594 2.4926 66.6079 2.3559 89.7589 2.4730 -4.8550 2.6117 12.2734 2.5094 75.5419 2.5889
319 18.8324 2.5006 3.2633 2.0399 6.5027 1.6887 -5.1083 0.8302 94.3948 2.4714 65.8055 2.4254 89.9343 2.4217 -4.2488 1.9864 12.8385 2.5321 76.0353 2.5671
320 16.1926 2.4731 5.0630 2.3420 4.1408 1.4886 -3.2220 0.7165 94.5378 2.4523 65.5882 2.4452 89.8748 2.5118 -4.1745 1.0181 12.8886 2.3835 75.8110 2.5566
321 12.6640 2.3824 6.6031 2.9420 1.7072 1.4646 -0.8346 0.7554 95.7266 2.5571 66.4711 2.4368 89.6486 2.4488 -4.6699 0.0059 11.9610 2.3487 74.9247 2.5905
322 9.4324 2.0505 7.7806 2.8564 -0.1979 1.0129 1.6364 0.9424 97.9118 2.5955 67.3632 2.5194 89.4875 2.4927 -5.5797 -0.3518 10.2939 2.2338 73.2650 2.6386
323 6.3727 1.4947 8.6168 2.6894 -1.3742 0.5407 3.8592 1.2441 100.8433 2.8271 68.3732 2.5396 89.4559 2.4987 -6.4142 -0.2155 8.0984 2.2108 70.8264 2.7848
324 3.3885 1.0090 8.3688 2.4349 -2.6569 0.4988 5.3510 1.8193 104.2411 2.5869 69.6590 2.6385 89.1894 2.5961 -6.6296 -0.0219 5.4868 2.1029 67.5426 2.6216
325 0.5446 0.6366 7.9116 2.1514 -3.5805 -0.3101 6.7885 2.3230 107.8590 2.5596 70.4539 2.4551 89.1152 2.4752 -6.8564 -0.0493 2.6816 2.0266 63.9969 2.6832
326 -1.9829 0.2128 6.6688 2.0085 -4.6658 -0.9267 8.3099 2.4414 111.4012 2.4058 70.6826 2.5113 89.4405 2.4642 -7.3788 -0.4326 0.6359 2.3051 60.3320 2.5021
327 -4.4890 0.1646 5.2550 2.0036 -5.0666 -1.2142 9.6461 2.5720 115.0552 2.5435 70.7054 2.4469 89.6725 2.4981 -8.2411 -1.0082 -1.4137 2.9022 56.6602 2.4254
328 -6.3637 0.1827 4.2233 1.7898 -5.1704 -1.2576 11.1388 2.5672 118.0237 2.7063 70.7730 2.5182 90.0589 2.5332 -8.7756 -0.8981 -2.9920 3.3944 53.3077 2.2798
329 -7.8204 -0.0023 3.2306 1.9051 -5.2650 -1.0109 12.8201 2.5106 120.4967 2.4324 70.4220 2.5183 90.3190 2.5603 -9.1974 -0.7516 -3.8470 3.6756 49.9103 2.3654
330 -8.9248 -0.0760 2.8214 1.7493 -5.3533 -0.6868 13.9959 2.4605 122.3372 2.4900 70.1375 2.5216 90.3394 2.5072 -9.0287 -0.1244 -4.3752 3.8310 46.0396 2.4285
331 -9.3052 -0.3851 3.5897 1.6604 -5.4533 -0.5726 13.8919 2.5285 123.4601 2.4375 69.9449 2.5964 90.4211 2.4426 -8.7260 0.1275 -4.1325 3.9967 42.3557 2.4740
332 -9.6047 -0.2338 4.4232 1.8197 -5.7633 -0.5446 14.1156 2.5142 123.9280 2.5612 70.1695 2.5272 90.3382 2.4755 -8.7000 0.0854 -3.1089 4.1771 38.7636 2.3942
333 -9.1874 0.0323 5.3926 1.8429 -5.9704 0.2815 14.1733 2.4806 123.4586 2.4820 70.2818 2.5930 90.4027 2.4793 -8.8482 0.0256 -1.5346 4.4146 35.1557 2.3210
334 -8.4094 0.4130 6.2862 1.8859 -6.1604 1.2699 14.3482 2.4390 122.7515 2.5908 70.3769 2.6024 90.5674 2.4880 -9.6325 0.5463 0.6400 4.6113 31.3460 2.3607
335 -7.3990 0.9931 6.8652 2.2403 -5.7839 1.9508 14.2879 2.4423 121.9179 2.6043 71.1350 2.5589 91.2061 2.4913 -9.8724 1.2689 3.0209 4.1582 28.4635 2.3520
336 -6.7102 1.5127 7.1310 2.4040 -5.2378 2.4744 13.7971 2.5304 121.0624 2.6308 72.2691 2.5287 91.9341 2.5685 -9.8224 1.9092 5.2593 3.9924 25.9551 2.3401
337 -6.1889 2.0215 6.6465 1.9097 -4.4321 3.1722 13.0777 2.4343 120.3538 2.5342 73.4501 2.5086 93.0298 2.4814 -9.7599 1.8170 7.6267 3.4925 24.1767 2.3992
338 -6.1870 2.5056 5.6953 1.3638 -3.8166 3.6741 12.7501 2.4796 120.1350 2.4659 74.4132 2.4339 94.0843 2.5587 -9.9320 1.4473 9.2383 2.9655 23.2537 2.3981
339 -5.9179 2.7588 3.8878 0.8595 -2.7619 4.1462 12.5914 2.4970 120.5939 2.4734 75.2977 2.4457 94.6097 2.5158 -10.2504 1.2549 10.4973 2.6863 22.8703 2.4966
340 -5.5389 3.3385 1.5897 0.4811 -1.3800 4.3812 12.6197 2.5452 122.1200 2.4011 75.9628 2.5989 94.4195 2.5499 -10.7447 1.5172 10.7819 2.4979 23.5132 2.5076
341 -5.4886 3.3852 -1.3855 0.4277 0.4358 4.4596 13.4531 2.6252 124.2166 2.4335 76.4497 2.5241 93.2788 2.5996 -10.7320 1.7943 10.3498 2.5009 24.5713 2.6267
342 -5.9107 3.4060 -3.9545 0.5107 2.3150 3.9740 14.4040 2.5395 126.8651 2.4011 76.2663 2.5254 91.6962 2.4576 -10.8076 1.9753 9.1751 2.3675 26.8393 2.7646
343 -6.6130 3.1090 -6.5296 0.3046 4.3278 3.5770 15.4107 2.5169 130.2134 2.4463 76.4775 2.4062 89.0827 2.5457 -10.9640 2.1516 7.4609 2.5737 29.7506 2.6486
344 -7.4986 2.1817 -8.3150 0.7015 5.9752 2.9242 16.1966 2.6043 133.2932 2.4736 77.4349 2.4637 85.6906 2.6184 -10.5298 2.5737 5.7195 2.5527 33.4352 2.4482
345 -7.9046 1.7425 -9.7894 1.2481 7.1072 2.4768 16.8238 2.5140 135.7134 2.4919 79.0263 2.4077 82.1510 2.4968 -9.5261 2.7506 3.2198 2.4629 36.9417 2.4719
346 -7.6197 1.2728 -10.4950 2.0281 7.7918 2.4360 16.6968 2.4745 137.4573 2.5140 80.2212 2.5005 78.5399 2.5328 -8.7889 2.5891 0.5200 2.2395 40.7620 2.2815
347 -7.8794 0.6522 -10.6974 2.9878 7.7462 2.5043 15.5649 2.4423 138.3016 2.5682 81.0354 2.4568 74.9643 2.4827 -8.4309 2.6354 -1.9414 2.7074 43.7117 2.5680
348 -8.2521 0.3449 -11.2316 3.6021 6.9287 2.7880 14.1204 2.3806 138.5900 2.4414 81.3111 2.4895 71.3861 2.5099 -8.4295 2.8519 -4.3303 3.1990 46.1015 2.4597
349 -8.3676 -0.0331 -10.5359 3.9379 6.0308 3.2804 11.8578 2.3751 138.0065 2.4958 81.4147 2.6193 67.5181 2.4806 -8.4148 2.9828 -6.3256 3.5853 47.9754 2.4754
350 -9.0107 -0.3505 -10.0013 3.8417 4.6488 3.3075 9.0545 2.7116 136.7590 2.4598 81.1748 2.4745 63.7836 2.4100 -7.7660 2.3302 -7.8677 3.5688 49.3660 2.5123
351 -9.5123 -0.4985 -9.2869 2.8399 2.7961 3.7069 5.7013 3.3278 134.8197 2.4200 80.7268 2.4618 59.9233 2.3978 -7.5979 1.4557 -9.0340 3.2377 50.5390 2.6130
352 -9.4868 -0.1167 -9.1961 2.3331 0.6718 4.1663 2.8666 3.9443 132.1788 2.6258 80.0246 2.4148 56.2284 2.3020 -7.6079 0.5689 -9.8482 2.7931 51.6814 2.5055
353 -9.6247 0.1900 -9.3212 2.2049 -0.8435 4.2133 0.5327 4.3327 128.8535 2.6293 78.9958 2.4948 52.5157 2.4675 -8.3545 0.0389 -10.5378 2.7165 52.6874 2.4487
354 -10.0224 0.4325 -8.9770 1.6465 -2.1229 4.5776 -1.3422 4.8585 125.1314 2.2598 77.4421 2.5930 48.6200 2.2403 -9.0629 -0.0360 -10.9404 3.2317 53.4922 2.5074
355 -9.9842 0.4787 -8.7401 0.8611 -3.4817 4.9874 -3.1903 5.2955 121.7184 2.2660 76.1500 2.5651 44.9050 2.4053 -9.7917 0.4091 -10.7019 3.3438 53.8623 2.4782
356 -9.4759 0.1866 -8.3631 0.2319 -4.8327 5.4222 -4.3651 5.8901 118.1989 2.3794 74.6610 2.5377 41.0809 2.6805 -10.4274 0.9181 -10.6055 3.8205 53.6583 2.4529
357 -8.6530 -0.5728 -8.5632 0.0253 -5.6004 5.9584 -5.3330 6.0738 114.6686 2.6036 73.5396 2.5129 37.3456 2.3410 -10.9242 1.0368 -10.4105 3.8170 53.5078 2.4897
358 -7.4136 -0.4245 -9.2094 0.5081 -5.8987 6.1023 -5.5461 6.0537 110.9703 2.6280 73.2861 2.5341 33.7904 2.2858 -10.9166 0.9233 -9.7495 3.8007 53.6065 2.4236
359 -6.0775 0.3795 -9.6607 1.2814 -6.1971 6.1166 -6.2967 5.8370 108.0989 2.3799 73.4931 2.5345 30.1355 2.3435 -10.7111 0.8954 -8.7131 3.6397 53.8722 2.5096
360 -4.6219 1.1015 -9.6676 2.3697 -6.2497 6.3506 -7.0204 4.9418 105.7590 2.4316 74.5537 2.5716 26.4597 2.4096 -10.8753 1.0445 -7.9384 3.7552 54.3651 2.5107
361 -2.9309 1.8456 -8.9724 3.1222 -6.2611 6.5411 -7.2395 3.6039 104.2743 2.4317 76.5146 2.5262 22.8544 2.4462 -10.8983 1.0198 -7.5551 3.8567 54.2110 2.4970
362 -0.7604 2.1468 -8.4368 3.8303 -6.3173 6.1113 -7.4322 2.8789 102.9522 2.4370 78.9668 2.3664 19.4557 2.5701 -10.8098 1.1605 -6.9296 3.6060 54.3763 2.4778
363 1.5533 2.0892 -7.9868 4.1847 -6.8237 5.5976 -7.9264 2.5788 102.0187 2.5105 82.2842 2.4914 15.9786 2.5586 -10.5088 1.0159 -6.1746 2.9543 54.5951 2.4939
364 4.3277 1.7865 -7.9114 4.4403 -7.3587 5.1301 -8.5933 1.8132 101.0240 2.4911 85.8728 2.6423 12.2752 2.8617 -9.9539 0.6311 -5.6053 2.1243 54.3918 2.4977
365 6.8480 1.8996 -7.7837 4.2619 -7.5568 4.4459 -8.8545 0.8414 99.8883 2.5023 89.6073 2.3975 8.6381 3.2201 -9.4349 -0.0402 -4.9107 1.1989 54.4371 2.5284
366 8.8364 2.3606 -7.2488 4.1927 -7.6275 3.9411 -9.1623 -0.0426 98.9337 2.4594 93.2556 2.4803 5.4877 3.5829 -8.3318 -0.0562 -4.6256 0.6767 54.9033 2.5119
367 10.4869 2.4367 -6.1854 3.9765 -7.6528 3.7759 -9.1490 -0.6043 97.9072 2.4641 96.8103 2.5150 1.9703 3.9462 -7.2307 -0.0302 -4.5546 0.0673 55.9104 2.5943
368 11.8440 2.5535 -5.3732 3.2700 -7.9479 3.3087 -8.9548 -0.6152 96.8609 2.4875 100.0995 2.4552 -0.9138 4.4350 -6.3442 0.2985 -4.3726 0.0033 57.2915 2.5822
369 12.1279 2.4220 -5.3758 2.2855 -8.2272 3.5256 -8.7385 -0.3719 95.2202 2.4262 103.6915 2.5912 -3.2090 4.6730 -6.2330 0.9327 -3.4445 -0.1683 58.7670 2.5300
370 11.5849 2.4954 -5.6920 1.2763 -8.5255 3.5395 -8.2217 0.0379 92.4749 2.4432 106.6151 2.4983 -4.7471 5.2381 -6.1355 1.5831 -1.9501 0.0585 60.3510 2.5571
371 10.4156 2.4540 -5.8894 0.9494 -8.3594 3.8661 -7.7538 0.0337 89.2411 2.5048 108.7747 2.4613 -5.9833 5.9542 -5.8728 2.9172 0.1531 0.2758 62.2393 2.5224
372 8.7658 1.9843 -5.5447 0.7214 -8.4470 4.0783 -6.7959 -0.1807 85.6802 2.3396 110.1875 2.4575 -7.1035 6.2048 -5.5514 4.1775 2.2234 0.9020 63.9661 2.5623
373 6.6296 1.6958 -4.7289 0.8420 -7.4328 4.2611 -5.9716 -0.3082 81.9696 2.4346 110.7773 2.4591 -8.1048 6.2168 -5.7567 4.9498 4.9457 1.5230 65.8702 2.2978
374 4.7147 1.8122 -4.4494 0.6095 -6.0528 4.3904 -5.2746 -0.2425 78.8251 2.5003 111.3853 2.4615 -8.7399 6.0015 -6.1635 5.3368 7.3099 1.7851 67.9925 2.5199
375 3.2094 1.7973 -4.6289 0.3261 -4.1226 4.7435 -4.8871 0.1935 76.0099 2.5349 112.1021 2.5020 -9.1125 5.4597 -7.1618 5.3767 9.6945 2.1098 70.2360 2.5142
376 2.1907 1.6324 -5.4965 -0.1066 -1.8986 4.4955 -4.7006 0.4718 73.5267 2.5360 112.5384 2.4985 -9.3934 4.7552 -8.1072 4.9330 11.7854 2.4889 72.2853 2.7019
377 1.8072 1.6797 -6.4981 -0.2064 0.3618 3.9995 -4.9998 0.5330 72.1037 2.5065 112.9847 2.5593 -9.0193 4.1415 -8.8316 4.0234 13.5951 2.3928 73.6591 2.5667
378 2.4069 1.4490 -7.6979 0.1623 2.8893 3.1993 -4.6380 0.6582 70.5330 2.5945 113.2938 2.6242 -8.7616 4.0017 -9.1525 3.1551 14.5757 2.4484 74.5079 2.4674
379 3.9454 1.8636 -8.6415 0.7872 5.6781 2.8740 -3.9752 0.6090 69.4492 2.6336 113.8936 2.3985 -8.7543 3.9772 -9.1145 2.8550 14.9308 2.4675 74.3789 2.5505
380 6.4402 1.8279 -9.0334 1.7918 8.6299 2.3857 -2.5458 0.8194 68.3054 2.4565 115.3835 2.3474 -8.4028 3.7529 -8.9659 2.5845 14.0643 2.4885 73.9093 2.4938
381 9.1962 1.9108 -9.2398 2.8202 11.7767 2.3261 -1.1840 1.1825 67.2152 2.4296 117.5056 2.3156 -7.9669 3.6530 -9.0725 2.1002 12.4215 2.4423 72.2165 2.5856
382 12.4470 2.3383 -9.6489 3.5484 15.3218 2.3204 0.2323 1.9226 66.2528 2.4931 120.7200 2.2152 -7.2084 3.4957 -9.0911 1.5636 10.3346 2.4168 70.4357 2.7490
383 15.9775 2.6319 -10.1646 4.1710 18.4788 2.4720 2.2162 1.7339 65.0461 2.4670 123.9527 2.4403 -6.7311 3.7058 -8.9036 1.6342 7.9140 2.1078 68.2475 2.6764
384 19.4567 2.5600 -10.4033 4.6636 20.8996 2.5163 4.8167 1.8600 63.9664 2.4476 127.4141 2.3846 -6.0679 4.3219 -8.9155 1.5136 5.7992 2.1121 66.3850 2.6015
385 22.8718 2.3963 -10.2356 4.7750 22.8566 2.4563 7.4344 2.2525 62.7743 2.3767 129.6392 2.3412 -5.2204 4.7865 -9.2967 1.6948 3.2434 2.1027 65.4699 2.5867
386 26.3211 2.5523 -10.1284 4.9294 23.8885 2.4345 9.2277 2.6242 61.2317 2.3859 131.6307 2.4039 -4.6731 4.8567 -9.3182 1.9007 1.2700 1.6499 65.3680 2.4338
387 29.7091 2.5686 -10.1775 4.5004 24.3145 2.4653 10.5406 2.7065 59.7943 2.3786 132.6956 2.3616 -4.4262 4.8244 -9.6561 1.6537 -0.6562 1.2464 66.0946 2.4935
388 31.9319 2.4427 -9.7825 4.4010 23.9760 2.4438 11.4427 2.5516 59.0473 2.4455 133.0789 2.5336 -4.3311 4.2180 -9.5006 1.4017 -2.0874 1.3060 67.8206 2.5402
389 33.5438 2.5658 -9.5193 3.6392 23.1976 2.3982 11.6424 2.5053 58.7488 2.5707 132.5647 2.5806 -4.9978 3.6621 -9.3328 0.6911 -3.0125 1.1056 70.3536 2.4928
390 34.4374 2.5688 -9.6227 3.0536 21.9031 2.3880 11.2967 2.5269 59.5436 2.6699 131.3056 2.6275 -5.9511 2.7328 -9.4276 0.0814 -3.3585 1.2228 72.7694 2.4239
391 34.6125 2.4279 -10.1613 2.1346 20.6727 2.4029 9.7825 2.5677 60.6553 2.5430 129.7567 2.6480 -6.7054 1.6282 -9.1084 -0.3019 -3.2657 0.9863 75.1947 2.3669
392 34.1451 2.5447 -10.1273 0.9735 19.6113 2.4065 8.0432 2.3211 62.8544 2.6590 127.8976 2.6687 -7.2283 0.9017 -8.4509 -0.6182 -3.0323 1.1893 76.9520 2.3657
393 32.5074 2.4767 -9.9209 0.0619 18.4967 2.4467 5.3631 2.4946 65.8633 2.7075 126.3053 2.5400 -7.4848 0.2413 -7.5733 -0.8542 -3.0258 1.6890 78.0352 2.5005
394 30.7705 2.4940 -9.4923 -0.4292 17.6806 2.5545 2.0809 2.7420 69.2718 2.6710 125.2540 2.5786 -8.1100 -0.2321 -6.3822 -0.3377 -3.1297 1.7793 78.1812 2.4737
395 27.8056 2.4567 -9.1019 -0.8612 17.1975 2.4517 -0.8643 3.0685 72.8698 2.7958 124.8863 2.5171 -8.9830 -0.6377 -5.2967 0.1406 -3.6142 1.8022 77.8296 2.3770
396 24.4032 2.3767 -8.4000 -0.7763 16.6999 2.4864 -3.1869 3.5213 76.6139 2.6856 125.0356 2.5070 -9.7375 -0.4127 -4.2413 0.4691 -3.6441 1.8187 76.7252 2.3975
397 20.8706 2.5042 -8.2176 -0.5104 16.1606 2.5181 -4.8891 3.9930 80.0997 2.5014 125.9674 2.5824 -9.8595 0.0640 -3.9011 0.6539 -3.6342 1.7671 74.7542 2.3899
398 18.0826 2.5437 -8.6597 -0.3814 15.5313 2.6553 -6.0076 4.4509 83.1179 2.6985 127.7980 2.4499 -10.1064 0.2102 -3.7943 0.8055 -3.3353 2.4170 72.6878 2.3589
399 15.8122 2.5118 -9.4664 -0.3341 14.6474 2.5783 -6.3331 4.5943 85.2428 2.6705 130.5145 2.5875 -10.1643 0.7396 -3.7741 1.1404 -3.2478 2.8048 70.7526 2.5817
400 14.3892 2.4362 -9.6401 -0.2300 13.8313 2.6068 -6.4768 4.4550 86.8746 2.6412 133.8120 2.7576 -9.6316 0.5120 -4.1727 1.0784 -3.1909 2.6557 69.4387 2.4908
401 13.8964 2.4685 -9.7913 0.1642 12.8212 2.5898 -6.1524 4.2046 87.8532 2.5268 137.0246 2.5615 -8.6380 0.5515 -4.6994 0.9467 -2.8786 2.8282 68.8583 2.4666
402 14.0498 2.5125 -10.0413 0.4714 11.8368 2.4465 -5.8390 3.7676 88.1791 2.4824 139.5803 2.7493 -8.2687 0.7126 -5.9193 1.1112 -2.4900 3.1558 69.0989 2.4485
403 14.8859 2.4571 -10.7668 0.8423 10.5535 2.4910 -5.7488 2.9194 87.6087 2.4097 141.4712 2.6460 -8.1191 1.2313 -6.6785 1.4283 -2.5849 3.6436 69.9637 2.4830
404 16.3709 2.4009 -10.7563 0.7143 10.4711 2.5012 -5.7955 1.9858 86.3068 2.3915 142.2885 2.5930 -7.4201 1.9545 -7.4003 1.2934 -2.5955 3.7751 71.6825 2.3171
405 18.7799 2.4599 -10.5118 0.8766 10.8417 2.5033 -6.0139 1.4798 84.2841 2.5282 142.7427 2.5349 -6.0628 2.3749 -8.4175 1.2663 -2.5315 3.8199 74.1775 2.4063
406 21.8960 2.5746 -10.3835 0.8178 12.2592 2.5962 -6.5012 1.0148 81.6272 2.3529 142.2446 2.4868 -4.3791 2.5479 -9.5187 1.4474 -2.8046 4.2655 77.2763 2.3459
407 25.4998 2.4065 -9.7327 0.9780 14.1151 2.5259 -6.6063 0.1754 78.2700 2.3977 140.9702 2.4798 -2.4774 2.4733 -10.3329 1.5281 -3.3163 4.7120 80.8884 2.3666
408 29.3059 2.6289 -9.4982 1.1923 16.9884 2.6242 -7.1891 -0.4581 74.9184 2.4664 139.0392 2.6246 -0.1345 2.6962 -11.1631 1.9138 -4.4256 4.4958 84.7427 2.3697
409 33.1221 2.2076 -9.5457 1.1525 20.4230 2.4332 -7.3437 -0.9557 71.3928 2.6976 136.4740 2.5656 2.4863 3.1071 -11.4629 2.3808 -5.3897 4.1389 88.5869 2.4005
410 36.3834 2.1939 -9.7756 0.6685 24.0489 2.5514 -7.8388 -1.4251 67.8582 2.7191 133.1505 2.5339 4.9366 3.2942 -11.7327 2.9645 -6.6108 3.5648 92.5148 2.5500
411 39.9941 2.4885 -9.5996 0.1800 27.5779 2.4305 -8.4429 -1.0695 64.2610 2.4848 129.5575 2.4367 8.0016 3.1784 -11.8312 3.3591 -7.7394 2.8986 95.4789 2.6960
412 43.8011 2.3657 -9.3358 -0.4129 30.7784 2.4122 -8.7731 -0.4662 60.8724 2.4776 126.0264 2.4600 10.9770 2.8503 -11.5138 3.5749 -8.3186 2.2836 97.6753 2.7028
413 47.2886 2.6593 -8.9741 -0.4323 33.6017 2.5825 -8.8831 0.1146 57.3503 2.5232 122.5588 2.3760 13.9455 2.6440 -10.6389 3.5843 -8.3283 1.7625 99.4873 2.6146
414 50.8592 2.5231 -8.4085 -0.4877 35.5878 2.5778 -8.5962 0.1499 53.9203 2.7316 118.9152 2.6014 16.6467 2.7299 -9.7211 3.6105 -8.5367 1.3614 99.8509 2.4865
415 53.9295 2.5912 -8.1657 -0.2347 37.1222 2.4974 -8.6937 -0.3773 50.4576 2.6032 115.7224 2.5079 18.6152 2.5714 -8.9891 3.8176 -8.6391 1.1505 99.9198 2.3777
416 56.0197 2.6399 -8.7062 -0.1896 37.7874 2.5167 -8.7362 -0.6503 46.7654 2.6723 112.9379 2.4199 19.3970 2.4833 -8.5234 3.3638 -8.6717 0.8734 99.3889 2.3826
417 57.4795 2.5641 -9.1216 -0.5292 37.6515 2.4771 -8.8334 -0.9825 43.8936 2.7855 110.5929 2.5313 19.2888 2.4438 -7.9660 2.8702 -8.6611 1.1660 97.8202 2.5606
418 58.2486 2.4823 -9.1378 -0.7782 36.8685 2.4166 -8.9907 -0.7291 41.6104 2.3660 108.9860 2.4615 18.7387 2.4349 -7.7676 2.2872 -8.6805 1.6284 95.4276 2.4911
419 58.6097 2.4992 -8.7805 -1.1423 35.3677 2.4926 -9.4052 -0.6044 39.9191 2.3862 108.4348 2.4824 17.6716 2.5000 -7.5323 1.8152 -8.2809 2.5115 92.2061 2.5232
420 58.6916 2.5672 -8.2942 -1.5373 32.8273 2.5869 -9.6016 -0.4108 39.0133 2.5457 108.7148 2.4186 15.9406 2.4669 -7.3542 1.4747 -7.8490 3.3662 88.7175 2.4654
421 58.2626 2.4337 -7.9769 -1.5923 29.5474 2.6536 -9.5989 -0.3901 38.7445 2.4684 109.5987 2.5347 13.2255 2.5008 -7.9817 1.2477 -7.6976 4.5474 85.5816 2.2515
422 57.5418 2.3917 -8.0731 -0.8657 27.0030 2.5325 -9.7987 -0.2050 39.4199 2.3940 111.2716 2.4616 10.3998 2.5481 -8.6523 0.7323 -7.7423 5.0934 82.8467 2.2512
423 56.5414 2.4062 -8.6213 0.2151 24.5169 2.6208 -9.7675 0.0142 40.8044 2.4638 113.4876 2.4881 7.3350 3.2273 -9.2121 0.3918 -7.5179 5.4822 80.8239 2.4735
424 54.5562 2.4787 -9.1764 1.1077 22.6306 2.5461 -9.6230 0.4222 42.7644 2.4993 115.7979 2.4125 4.3924 3.6745 -9.7131 0.1445 -7.0847 5.4798 79.8070 2.5753
425 52.5620 2.5227 -9.4357 1.9410 21.0411 2.5785 -9.1702 1.2370 44.5495 2.4189 117.8413 2.4258 1.3210 4.1048 -9.8583 0.3055 -6.0472 5.2411 79.2976 2.4750
426 50.5913 2.6164 -9.2115 2.2752 19.6946 2.4868 -8.4530 1.9392 46.3904 2.4092 119.2775 2.4667 -1.4669 4.5100 -10.1241 0.2267 -5.0402 4.7935 79.4566 2.3883
427 48.5543 2.6243 -9.5387 2.9476 18.5457 2.5187 -8.1199 2.6991 47.7387 2.4280 119.6758 2.4642 -3.8200 4.6332 -9.8753 0.3943 -4.2203 3.8287 80.6460 2.3771
428 46.5256 2.5869 -10.3075 3.5070 17.9182 2.4770 -7.7589 3.3065 48.3389 2.5116 119.8396 2.4695 -5.9491 4.5718 -9.1779 0.7650 -3.6470 3.0933 82.5469 2.5120
429 44.4486 2.6814 -10.5633 3.8970 17.6780 2.4655 -7.2353 4.2246 48.2002 2.3990 118.9843 2.3240 -7.8271 4.6806 -7.7906 1.0487 -3.1481 2.8476 85.4901 2.5537
430 42.5267 2.5019 -10.6292 4.4908 17.9503 2.4785 -6.7423 5.0379 47.3397 2.5389 117.2388 2.4520 -8.7948 4.9140 -6.4784 0.9184 -3.0874 3.0695 88.9160 2.4370
431 40.4425 2.5325 -10.1785 5.0482 19.1264 2.5901 -6.3567 5.5562 46.0503 2.4132 114.7520 2.5109 -9.5221 5.1963 -5.5505 0.6008 -3.5656 3.0200 92.5083 2.5034
432 39.4253 2.5405 -9.7920 5.4328 20.7151 2.6257 -6.0006 5.8644 43.7214 2.5763 111.5595 2.4093 -10.0804 5.1731 -4.2943 0.5516 -4.1979 3.0651 95.8017 2.4490
433 38.5957 2.4718 -9.4614 5.2285 22.2328 2.4970 -5.8123 5.5804 41.2089 2.6410 107.8650 2.2533 -10.2364 4.8469 -3.1911 0.8990 -4.1603 3.1311 99.3740 2.4673
434 38.5939 2.4610 -9.2337 4.8307 23.5193 2.3417 -5.9115 5.4888 38.5013 2.7018 104.2053 2.4117 -9.7669 4.7633 -2.5004 1.5431 -4.7695 2.9268 102.4560 2.5335
435 39.4311 2.6089 -8.5528 4.0939 25.4236 2.4618 -6.0371 5.4081 36.6325 2.6712 100.6413 2.3193 -9.1943 4.5332 -2.1962 2.1861 -5.7651 2.9141 104.9812 2.5815
436 41.0726 2.5906 -7.8057 3.8580 27.8895 2.3451 -6.1489 5.5880 35.7399 2.5581 97.0679 2.5584 -8.9164 4.6087 -2.2354 3.2810 -6.5383 3.2140 106.8413 2.5587
437 43.3241 2.5355 -6.8912 3.8486 31.0873 2.3549 -6.5508 5.8233 35.1606 2.5529 93.9017 2.3800 -8.6863 4.4563 -2.2789 4.2616 -7.3605 3.4020 108.0024 2.4803
438 46.3755 2.5688 -6.1691 4.4830 34.7371 2.5272 -6.7150 6.1981 35.4357 2.6620 91.2702 2.4808 -8.3001 3.9597 -2.1690 4.6741 -8.3218 3.3532 108.1675 2.4851
439 49.7904 2.5454 -5.2777 4.9961 38.2922 2.2346 -6.7847 6.1153 36.4163 2.5786 89.1348 2.5388 -7.9581 3.4182 -2.5319 4.5237 -9.0603 2.6324 107.9877 2.5062
440 53.4452 2.4166 -4.4732 4.7036 41.8066 2.2527 -6.5041 5.6387 38.2489 2.6346 87.8128 2.4628 -8.4045 2.8550 -3.0627 4.6273 -9.2419 1.6903 107.4913 2.5982
441 56.9279 2.3709 -3.9497 4.6263 45.0243 2.5213 -5.9484 4.9925 40.3580 2.7575 87.6785 2.5474 -8.5819 2.8625 -3.8529 4.9149 -8.8788 0.9146 107.1490 2.5621
442 60.1771 2.4399 -3.7548 4.6003 48.0661 2.3803 -5.7643 4.1354 42.5054 2.5891 87.7477 2.5001 -9.0402 2.4882 -4.5061 5.6744 -8.0393 0.6752 106.6468 2.5526
443 62.6971 2.5136 -3.8226 4.9604 50.4835 2.5784 -5.3636 3.3501 44.5190 2.5120 88.5069 2.5262 -9.5037 2.2731 -4.9762 6.0203 -7.3780 0.7738 105.9344 2.4982
444 64.4980 2.5487 -4.3426 5.8823 52.3651 2.5602 -4.9775 2.5961 45.4735 2.4463 89.7959 2.4537 -9.7521 2.4019 -5.0144 6.3223 -6.5447 1.0939 105.4832 2.4762
445 65.5482 2.5544 -4.6907 6.1730 53.3026 2.5991 -4.7483 1.6457 45.9905 2.4894 92.0950 2.4902 -9.7047 2.4491 -4.9386 6.3409 -5.3011 1.1295 106.1646 2.3720
446 66.1961 2.4662 -5.0565 5.8364 53.4747 2.5908 -4.4660 0.2895 45.3908 2.5179 94.8955 2.3799 -9.1656 3.0417 -4.9278 6.1224 -3.5802 1.1260 107.4834 2.3293
447 66.1545 2.5561 -5.0709 5.6466 52.6193 2.5734 -4.8931 -0.5693 43.9885 2.5558 98.2360 2.2788 -8.4355 3.8432 -5.5956 5.9814 -1.6185 1.3360 109.6455 2.3645
448 65.3596 2.6361 -4.9931 5.5111 51.3797 2.6324 -5.6671 -1.2715 41.9633 2.4241 101.7560 2.5067 -7.6122 4.6510 -6.7364 5.9171 -0.0132 1.7742 112.8022 2.3739
449 64.2766 2.5198 -5.2027 5.6964 50.1453 2.6384 -6.2115 -1.8305 39.1209 2.4217 105.1179 2.3633 -6.6803 4.7831 -8.0247 5.6081 1.1458 2.4427 116.3786 2.4539
450 63.0501 2.5790 -6.0279 5.8529 48.7239 2.5941 -6.5224 -1.8083 35.4076 2.3823 108.6100 2.4236 -6.0720 4.4747 -8.9838 5.1494 1.6077 2.9817 119.9405 2.4559
451 61.8729 2.5056 -7.2225 5.9892 47.5371 2.4618 -7.1153 -1.7039 31.9621 2.5201 111.8933 2.4161 -5.8853 3.9978 -10.1773 4.8210 1.5834 3.3220 122.8545 2.4282
452 61.0182 2.4751 -8.1765 5.5522 47.1401 2.4619 -7.5675 -1.2301 28.7163 2.6070 115.4511 2.5295 -5.9580 3.2268 -10.7004 4.6163 1.5282 3.6508 125.0605 2.4527
453 61.0773 2.5413 -8.4155 4.9010 47.2955 2.5774 -7.8858 -1.0759 25.7498 2.6242 118.7200 2.5831 -6.5411 2.8269 -10.7993 4.4540 1.2483 3.6980 126.8122 2.4246
454 61.9555 2.5279 -8.9172 4.3213 48.2257 2.5285 -8.3217 -0.5729 23.3650 2.4407 122.0039 2.4158 -7.3007 2.7531 -10.5496 4.2674 0.6002 3.7601 127.7454 2.5457
455 63.2574 2.6391 -9.9694 3.8153 49.8964 2.6782 -8.6812 -0.0108 21.6092 2.5166 124.5851 2.2925 -8.2159 2.3169 -10.4157 3.5312 -0.3324 3.6440 128.1062 2.5477
456 65.5849 2.5830 -10.3900 3.2139 52.4495 2.7557 -9.0687 0.5035 20.9821 2.4988 126.4531 2.4721 -9.0753 1.3637 -9.9076 2.2918 -1.9826 3.5361 128.1273 2.5460
457 67.9684 2.4871 -11.1067 2.1688 55.7271 2.6595 -8.9306 1.4003 21.1211 2.4971 127.8974 2.4369 -9.7898 0.7329 -9.7530 1.5204 -4.1583 3.4656 128.0509 2.5489
458 70.1244 2.5424 -10.9542 1.3103 59.4628 2.5753 -8.5071 2.5314 21.9206 2.6214 128.4814 2.4563 -9.9066 0.4118 -9.5138 1.1612 -6.3047 3.2358 127.4804 2.4919
459 72.1692 2.5964 -10.3666 0.5907 63.3187 2.5798 -8.2879 3.1460 23.6273 2.6448 128.3068 2.5022 -10.0546 0.1507 -9.5060 1.3992 -7.7178 2.9499 126.5127 2.4444
460 73.5209 2.6205 -9.5352 0.5118 66.6310 2.6003 -7.3916 3.6176 25.6210 2.7000 127.4190 2.4912 -10.0516 -0.0264 -9.2754 1.8171 -8.3034 2.3669 125.0464 2.2978
461 74.0157 2.4885 -8.7338 0.8785 69.5341 2.5322 -6.0719 4.1207 28.5903 2.7414 126.0989 2.4997 -10.0812 0.1219 -9.0565 2.1114 -8.1855 1.1967 123.3433 2.4814
462 73.5878 2.4551 -8.5729 1.6700 71.5683 2.3519 -4.7670 4.4145 31.9925 2.6049 123.6660 2.4636 -10.0098 0.1597 -8.6318 2.0651 -7.8576 0.4026 121.5285 2.5228
463 72.5202 2.4678 -8.4577 2.1013 73.0302 2.4681 -3.7192 4.8674 34.8589 2.5212 120.9007 2.4959 -9.7588 0.0861 -8.3581 2.6848 -7.0644 0.2695 120.1267 2.5954
464 70.4025 2.3629 -8.2566 2.0739 73.6387 2.5413 -2.9469 4.8467 36.9394 2.4359 118.5169 2.5283 -9.3172 0.1198 -8.2431 3.5931 -6.0644 0.5153 119.5549 2.5340
465 67.8388 2.4158 -7.9050 2.3367 73.7989 2.5303 -2.1812 4.6364 38.4882 2.3805 116.4528 2.5093 -8.8701 -0.1557 -8.4603 4.2780 -4.4130 0.8818 119.2901 2.4706
466 64.8714 2.2879 -7.4064 2.5066 73.0293 2.6179 -1.6619 3.7505 39.2076 2.4756 114.7975 2.4460 -9.0869 0.4964 -8.2846 4.6812 -1.9692 1.2511 118.7875 2.4734
467 62.2738 2.6061 -6.8584 2.7035 71.6543 2.5433 -1.7410 3.2300 39.3059 2.4124 114.2945 2.4994 -9.5745 1.0920 -7.8313 4.7700 0.9559 1.3049 117.8755 2.4344
468 60.7292 2.6713 -7.2986 2.6801 70.0633 2.4726 -2.1378 3.1510 38.1715 2.3764 114.5064 2.5457 -10.2190 1.1390 -7.3669 5.2172 4.3838 1.5815 116.3884 2.5091
469 59.2444 2.5094 -7.6290 2.4647 68.3872 2.6757 -3.2589 2.7476 36.5652 2.3812 115.3186 2.5686 -10.5348 1.4713 -6.8280 5.0688 7.5500 1.9430 115.0670 2.4619
470 58.7721 2.4544 -7.7282 1.7999 66.8652 2.5656 -4.6544 2.4968 34.2273 2.3696 117.0455 2.4670 -10.4591 1.4382 -6.3807 4.6376 10.7434 2.3549 113.8642 2.4534
471 59.1850 2.3312 -7.3716 1.0813 65.9588 2.5487 -5.9096 1.5705 31.0301 2.3439 119.5679 2.6000 -10.2799 1.1682 -6.2928 3.9020 13.4625 2.4590 113.1061 2.5372
472 60.6526 2.5091 -6.7059 0.5091 65.6966 2.5458 -6.7131 1.1837 27.3120 2.5165 122.6443 2.6750 -10.2690 0.7817 -6.1655 2.8427 15.6111 2.5421 112.8129 2.5931
473 62.5004 2.5864 -5.8731 0.1990 66.4197 2.4678 -6.7026 0.4392 23.6327 2.3085 126.0683 2.6293 -10.4099 0.6018 -5.7020 2.2373 17.1382 2.5898 113.0329 2.6591
474 65.5671 2.3334 -5.7097 0.1196 67.8886 2.4872 -6.5420 0.5645 20.3704 2.4042 129.7123 2.6079 -10.8802 0.6748 -4.8014 1.8803 17.8955 2.4871 113.2330 2.4973
475 69.0841 2.4696 -5.6959 -0.3813 70.1845 2.6484 -6.4041 0.7806 16.7776 2.4710 133.1327 2.5362 -10.8705 1.1677 -4.0903 1.9609 17.8936 2.5198 113.5426 2.5539
476 72.4176 2.6538 -5.8860 -0.7481 73.0441 2.5806 -6.4900 1.6462 13.2989 2.5767 136.5092 2.4497 -10.4461 1.5940 -3.7319 1.8708 16.8228 2.6266 114.5137 2.4362
477 75.4763 2.5395 -6.4294 -1.1729 76.7988 2.7579 -6.3998 2.2416 9.8320 2.8555 140.0968 2.6360 -9.8416 2.1774 -3.7601 1.5585 15.7001 2.5848 116.0431 2.5098
478 78.0416 2.3963 -6.9903 -0.9918 80.2165 2.7429 -6.5108 2.7303 6.3530 3.3346 143.8631 2.6764 -9.3370 3.2018 -3.3053 1.1882 14.4754 2.5334 117.7953 2.6035
479 79.7210 2.4075 -7.5192 -0.4658 82.9402 2.5598 -6.7738 3.0785 3.1986 3.6544 147.5305 2.5839 -9.2064 3.6278 -3.5449 0.7512 13.0752 2.5519 119.6152 2.5696
480 80.8221 2.4332 -7.4155 0.6129 85.3007 2.5093 -7.2894 3.4711 0.4058 3.9506 151.0347 2.7848 -9.2768 4.4681 -3.5870 1.0227 12.0571 2.5424 121.1934 2.2603
481 80.9124 2.4964 -7.8078 1.2765 86.7410 2.5371 -7.9839 4.0892 -1.7306 3.9696 154.1475 3.4261 -9.3102 5.2216 -3.2283 1.4351 12.0746 2.5110 122.2747 2.5530
482 80.1917 2.4178 -8.4075 1.9277 87.4267 2.4676 -8.6494 4.5670 -3.2381 4.1017 157.0641 3.9403 -9.1232 5.6745 -2.9638 2.1603 12.5623 2.2931 122.5075 2.5106
483 79.0352 2.3736 -9.2356 2.5076 87.5826 2.5308 -9.5187 4.6976 -4.4495 4.3265 159.8784 4.4294 -9.3591 5.6851 -3.2260 2.1880 13.5983 2.3758 121.8592 2.5468
484 76.9227 2.3890 -9.6964 3.1888 86.7773 2.5640 -10.2725 4.3874 -5.5880 4.5427 162.6239 4.7371 -9.3384 5.1283 -4.0460 2.1632 15.2405 2.5159 120.8991 2.3924
485 73.8975 2.4492 -9.9999 3.9650 85.3032 2.6530 -10.9785 3.6313 -6.5623 4.1230 164.5825 4.9649 -9.4624 4.4493 -4.6407 1.7839 17.0072 2.4126 119.0035 2.2772
486 70.2574 2.6323 -10.2304 4.3149 83.2542 2.5460 -11.1740 2.5582 -7.4051 3.2116 165.8741 5.3008 -9.8058 3.7749 -4.9654 2.3467 18.4949 2.3678 116.2029 2.4012
487 66.8944 2.6343 -10.1416 4.5672 80.2765 2.6056 -10.9430 2.3088 -7.7254 1.8837 167.1760 5.3932 -10.5000 2.9619 -4.5095 2.8422 19.6184 2.4833 112.9672 2.4149
488 63.2655 2.5821 -9.7515 4.2960 76.9462 2.6767 -10.8082 2.6014 -7.3214 0.8275 168.2155 4.9831 -11.0664 2.7129 -3.9409 2.9395 20.2224 2.4794 109.8339 2.5301
489 59.6937 2.5237 -9.3506 3.5482 73.7681 2.5931 -10.1893 3.2625 -6.9977 0.2558 169.6168 4.4246 -11.0801 2.5811 -3.4666 2.6331 19.9675 2.4732 107.2796 2.4088
490 56.1843 2.4670 -8.7020 2.8607 70.1770 2.4415 -9.6084 4.0862 -6.7502 -0.0370 170.4654 3.4565 -11.0232 2.7841 -3.7273 2.0775 19.8689 2.5589 105.7339 2.5299
491 53.3837 2.5234 -8.2541 2.3696 66.5985 2.5015 -8.2409 4.5701 -6.9886 -0.4937 170.3756 2.2569 -10.5187 2.8473 -3.8698 1.7700 19.6510 2.5162 104.6251 2.5402
492 51.1494 2.4079 -8.0622 1.9546 62.9214 2.6735 -6.8397 4.4774 -7.0080 -0.9689 170.1616 1.2900 -9.7861 3.1031 -4.3079 1.8065 19.1455 2.5103 104.4269 2.4555
493 49.5029 2.3922 -8.1061 1.3815 59.2816 2.5816 -5.8449 4.1074 -6.5789 -1.1298 169.2160 0.6481 -9.1031 3.6011 -4.3389 2.1348 18.9320 2.5519 104.9793 2.4187
494 48.4563 2.4484 -8.1555 0.4663 55.9656 2.3870 -5.3025 3.7692 -5.9555 -1.0450 168.3885 0.5883 -8.8431 4.4622 -4.3932 2.4271 18.8360 2.5105 106.2527 2.5090
495 47.9446 2.5140 -7.9194 -0.0227 53.3079 2.4423 -4.7268 3.2436 -5.0568 -0.5287 167.9095 0.4308 -8.8319 5.5595 -3.9693 2.0521 19.5403 2.4200 108.1782 2.3811
496 48.7257 2.5637 -7.6830 0.0317 51.3844 2.4562 -4.7839 2.5853 -4.3684 0.0989 167.9400 0.1335 -8.4346 6.1586 -3.9699 1.4152 20.8714 2.4256 110.9021 2.5594
497 50.0913 2.5847 -7.4479 0.5729 50.2295 2.5220 -4.8489 1.9591 -4.2818 0.4133 167.2370 -0.0761 -7.7965 6.3679 -3.9857 1.2144 23.1993 2.2455 114.2765 2.3147
498 52.0522 2.6173 -7.3444 1.4107 49.7469 2.5290 -5.1404 1.2243 -4.4077 0.3785 166.5482 0.0094 -7.0619 6.7888 -4.5536 0.6264 26.4992 2.2821 117.4408 2.4853
499 54.5717 2.6879 -7.3188 2.2816 49.9391 2.3740 -5.4725 -0.0465 -4.4619 -0.0644 166.0906 0.0415 -6.5367 6.8862 -5.1516 -0.0136 30.2391 2.2418 121.1010 2.4710
500 57.1963 2.6140 -7.2590 2.9760 50.8853 2.3887 -6.0696 -0.6204 -4.3127 0.3041 166.4334 0.1937 -6.2949 6.6695 -5.6786 -0.6142 33.8220 2.4004 124.3514 2.5240
501 59.1325 2.4602 -6.9985 3.2820 52.4696 2.4906 -6.5068 -0.8090 -3.5333 0.7518 167.0858 0.1772 -5.9662 6.2896 -5.9209 -1.1855 37.0994 2.4548 127.1949 2.5318
502 60.1618 2.4264 -6.4107 3.1876 54.9552 2.5194 -6.8692 -1.1087 -2.9990 1.0679 167.7172 0.2272 -5.9460 5.7618 -6.3715 -1.6432 39.9566 2.6833 129.2813 2.4458
503 60.5636 2.5685 -5.7129 3.4700 58.0000 2.3696 -6.4981 -1.0495 -2.9136 1.3346 168.3778 -0.1803 -5.8264 4.4980 -6.2917 -1.5421 41.7217 2.6785 130.5303 2.3758
504 61.1759 2.5837 -4.1981 3.7645 61.4116 2.5766 -5.5242 -0.7217 -2.8143 1.5341 168.5416 -0.8564 -5.4862 3.4264 -5.7306 -1.2373 43.1645 2.5831 131.1491 2.4856
505 61.3053 2.4700 -2.7185 3.8289 64.8365 2.5599 -4.1988 -0.4853 -3.3926 1.8672 168.1158 -1.0050 -4.9024 2.5410 -5.5191 -0.5640 44.1093 2.4967 131.1373 2.4490
506 61.7877 2.4920 -1.7492 4.1374 68.3351 2.5626 -2.4144 0.0548 -3.8013 2.3718 167.2104 -0.9796 -4.3614 2.1405 -5.5590 -0.1584 45.0819 2.5226 130.4722 2.4261
507 62.1460 2.5067 -1.3274 4.4286 71.8152 2.5355 0.2588 0.5758 -4.5616 3.0506 166.5086 -0.5595 -3.9922 1.7359 -5.6163 0.0321 45.8691 2.4134 129.5289 2.4303
508 62.6371 2.5358 -1.2809 4.3588 75.4801 2.5477 2.8116 0.6707 -5.2592 3.9938 164.7910 -0.1847 -3.3102 1.2516 -6.4945 -0.2043 46.2043 2.5333 128.3089 2.4216
509 63.7118 2.6169 -1.5681 4.5353 79.0322 2.4220 4.8307 1.2150 -5.7387 5.0044 162.4829 0.2249 -2.3715 0.7449 -7.1839 0.0197 47.0093 2.4590 127.2733 2.3866
510 65.7191 2.6284 -2.1321 4.6492 82.8791 2.4058 6.1157 1.8703 -6.4564 5.6792 160.1864 1.0521 -1.2864 0.4285 -7.6645 0.6340 47.3816 2.4909 126.2418 2.4599
511 68.1199 2.6689 -3.1943 4.7519 86.4904 2.3556 6.7097 2.2623 -7.1299 5.4176 157.9353 1.6847 -0.4619 0.3637 -8.1576 1.2796 48.4500 2.4500 126.1426 2.4869
512 71.2133 2.7497 -4.3827 4.9095 90.1249 2.4518 6.2411 2.5010 -7.7722 5.1079 155.0055 2.1972 0.6343 0.6845 -8.9293 2.2953 50.2180 2.3941 126.7549 2.5461
513 74.5196 2.6809 -6.2803 5.0190 93.8922 2.4865 5.8719 2.3930 -8.4013 4.8939 151.8367 2.2596 1.6397 0.9456 -9.3265 3.1999 52.9176 2.3651 127.2150 2.5806
514 77.2348 2.6283 -7.6793 4.9282 97.1168 2.3820 4.7867 2.2705 -8.9650 4.9262 148.6481 2.3350 2.1846 1.6575 -9.2094 3.6354 56.2302 2.4178 128.0723 2.5508
515 79.0035 2.5199 -8.5780 5.1222 99.9779 2.4066 2.8248 2.4065 -8.8993 5.0659 145.1969 2.3233 2.6258 2.2710 -8.7204 3.8147 59.7828 2.6441 128.6363 2.4966
516 80.0151 2.6040 -9.0504 5.0595 102.0481 2.5862 0.8287 2.9741 -8.2563 5.3427 142.0216 2.4167 3.0051 2.3057 -7.8215 3.8784 63.2820 2.4555 128.8952 2.5336
517 80.4292 2.4483 -9.0426 5.0312 103.2234 2.5457 -1.9398 3.0390 -7.3008 5.4402 139.6332 2.4211 3.4642 2.1346 -6.6439 3.6406 65.9670 2.6188 128.5550 2.4050
518 80.0888 2.3784 -8.4494 4.4485 103.7090 2.5122 -4.4216 2.9364 -6.9420 4.9963 137.8935 2.5348 3.6079 2.1697 -4.9443 4.0285 68.0178 2.6051 127.6263 2.3997
519 78.6037 2.4435 -7.6149 4.1991 103.7252 2.6117 -6.5700 2.9898 -6.8275 4.3497 137.1520 2.5407 4.0588 2.1064 -2.8170 4.2425 69.5733 2.5043 125.6362 2.4450
520 77.0781 2.4833 -6.8839 3.9889 102.7585 2.5478 -7.9534 3.3973 -6.8331 3.3085 136.8518 2.6284 4.5034 2.2197 -0.0684 3.9216 70.4839 2.5510 123.1305 2.2950
521 75.6111 2.3439 -6.3813 4.1067 101.3532 2.6092 -9.3401 4.0547 -6.8834 3.0157 137.2745 2.5811 4.5994 2.0998 2.6982 3.3640 70.3427 2.4867 119.8831 2.3447
522 74.6090 2.4581 -6.1329 4.3707 99.6686 2.6900 -9.4549 4.8118 -7.6425 2.7208 138.3173 2.6682 4.8147 2.2374 4.5137 2.9391 69.4682 2.3887 116.4742 2.3530
523 73.4397 2.4670 -6.3228 4.0345 97.9763 2.5216 -9.5626 5.2887 -8.1760 2.6269 139.8824 2.5143 4.9669 2.4264 5.6176 2.5206 68.4278 2.3605 113.7199 2.5681
524 73.5359 2.5097 -6.3773 3.2549 96.2879 2.5044 -9.3261 5.3015 -8.7411 1.7978 141.3085 2.5598 5.2239 2.4873 6.0218 2.1968 67.2091 2.5553 111.4402 2.5562
525 74.1270 2.5136 -6.2143 2.0501 95.0268 2.5397 -9.1112 4.7910 -9.2157 1.0034 143.1814 2.4160 5.4259 2.4869 6.3462 2.4165 65.9425 2.3740 110.0340 2.4776
526 74.5558 2.5165 -6.3082 1.0652 94.2581 2.4989 -8.1097 4.2790 -9.3905 0.2486 144.3530 2.4246 5.1976 2.3419 5.9095 2.6366 64.8873 2.3970 109.4628 2.5654
527 75.3256 2.5572 -6.3182 0.2958 93.6308 2.4446 -6.9712 3.8780 -9.4328 -0.0428 144.8204 2.4766 4.6323 2.3747 4.5495 2.5097 64.4034 2.4587 109.6246 2.4790
528 75.8474 2.6128 -6.3468 0.0215 93.2053 2.5548 -5.5827 3.9361 -8.9537 -0.0329 144.5660 2.3805 4.0250 2.5455 2.5788 2.2328 64.7847 2.4502 110.5162 2.4799
529 76.4782 2.5221 -7.0653 -0.1482 92.9625 2.4237 -3.5065 3.9694 -8.1576 0.5304 143.5760 2.3775 3.6339 2.6048 -0.0273 1.8725 65.7273 2.3340 111.1993 2.6012
530 76.5350 2.4823 -7.6071 -0.3209 92.7951 2.4732 -1.1869 3.6986 -7.2204 0.8863 141.6418 2.5032 3.2229 2.6095 -2.5289 1.8285 67.4965 2.5078 112.0939 2.5092
531 75.8091 2.3667 -7.8848 -0.7121 92.4264 2.4778 1.3461 2.8844 -6.6418 1.5069 139.2655 2.4152 3.4879 2.6401 -5.0255 2.0579 70.1722 2.5971 113.1602 2.6025
532 74.6124 2.3938 -8.0479 -0.9283 91.9631 2.6058 3.7563 2.3485 -6.1064 1.7596 137.1966 2.5314 3.9595 2.7817 -6.7508 2.8978 73.2852 2.5106 114.1847 2.4697
533 73.5798 2.4540 -7.9116 -0.3546 90.9171 2.6702 6.4232 2.1572 -5.0193 2.2900 135.2626 2.5959 4.4252 2.8612 -7.4431 3.6085 77.1710 2.3312 115.1740 2.5152
534 72.0825 2.5069 -8.1068 0.3163 89.9213 2.6075 9.6282 1.8190 -4.8191 3.4595 133.9867 2.4444 4.9864 3.0405 -8.1374 3.8792 80.6463 2.1655 116.5292 2.4730
535 71.3464 2.4568 -8.6542 1.2178 89.0304 2.5162 13.2741 2.1267 -4.4383 4.4303 132.6900 2.4246 5.2336 2.8244 -8.0364 3.9367 84.3987 2.2552 117.5041 2.4405
536 71.0534 2.3928 -9.2477 1.2667 88.4281 2.5558 16.6079 2.3092 -4.3877 5.0853 131.7890 2.5704 5.1816 3.0508 -7.6326 3.7824 88.1431 2.4482 118.5437 2.4558
537 71.2497 2.4712 -10.2136 1.2405 88.3471 2.4862 19.8697 2.4731 -4.7161 5.5187 130.5475 2.4951 4.6625 3.6440 -7.1877 3.2582 91.9167 2.5509 118.7176 2.4979
538 71.3148 2.5536 -10.6532 1.1004 89.1904 2.4415 22.4922 2.5096 -5.4232 5.7117 129.8300 2.4977 3.4007 4.2187 -6.8963 3.0372 95.0558 2.4683 118.8080 2.4375
539 71.8454 2.5095 -10.6058 1.3090 90.4394 2.3944 24.1754 2.4225 -6.4198 5.3557 129.0839 2.5243 1.3728 4.8714 -6.5830 2.8023 97.6034 2.4083 118.5829 2.4979
540 72.1479 2.5001 -9.8442 1.2346 92.3484 2.4004 25.5932 2.3451 -6.5897 4.8210 127.8069 2.6467 -1.2580 5.0930 -6.6357 2.3343 99.6449 2.4578 118.9564 2.5267
541 72.4204 2.4766 -8.8626 1.5269 95.1513 2.3862 26.6972 2.4416 -6.0483 4.4395 127.4346 2.5784 -3.4870 5.1815 -6.7818 2.0335 100.8926 2.3856 119.8989 2.5587
542 72.1650 2.5072 -7.9044 1.5256 98.3540 2.5034 27.8064 2.4842 -5.8056 4.0270 126.7336 2.4581 -5.6812 4.7731 -7.0333 1.7298 101.2477 2.4153 120.9958 2.5076
543 71.7248 2.5184 -7.4006 1.6617 100.7714 2.4915 28.6886 2.6247 -5.6217 3.3180 126.1280 2.5343 -7.6075 4.0647 -7.1352 1.4932 100.9499 2.3759 121.9369 2.4917
544 71.3209 2.4692 -6.0863 1.4315 102.4292 2.6262 29.2974 2.5449 -5.1897 3.2591 125.7122 2.5640 -8.7212 3.2862 -7.7486 1.7734 100.1867 2.3603 122.7886 2.4837
545 70.8218 2.3876 -4.9167 1.5127 103.4539 2.4500 29.7771 2.5417 -4.9415 3.4072 125.9342 2.4732 -9.0459 2.3038 -8.6281 2.4093 98.5079 2.5126 123.3038 2.5143
546 70.4617 2.5448 -3.6277 1.4687 103.9560 2.5265 29.7124 2.5842 -4.7356 3.2769 126.3895 2.4982 -8.9318 1.6436 -9.4207 3.1050 96.6017 2.4839 123.5095 2.4958
547 70.9467 2.5726 -2.5461 1.8565 103.7360 2.5528 29.0125 2.5661 -3.9080 3.0242 127.0246 2.4871 -8.3308 1.0861 -9.8978 3.6360 94.8553 2.3807 123.7732 2.4735
548 72.1593 2.6086 -1.9877 2.7113 103.2725 2.6186 28.4509 2.4576 -2.8269 2.7531 127.5193 2.5476 -6.9177 0.6414 -10.3716 4.1705 93.4146 2.5020 124.5935 2.6545
549 74.3760 2.6615 -2.1329 3.6365 102.5520 2.5276 27.9567 2.4283 -1.9433 2.5771 127.9770 2.5424 -5.0924 0.5720 -10.1218 3.9284 92.8669 2.5278 126.0315 2.6382
550 76.8999 2.5293 -2.5586 4.5462 101.7707 2.5228 26.8238 2.4413 -1.5964 2.6473 128.3711 2.5253 -2.9759 0.3728 -9.8479 3.4419 93.0807 2.4246 127.9232 2.4847
551 80.2481 2.6246 -3.0164 4.7793 100.9211 2.5790 25.5579 2.5405 -1.3863 3.2685 127.7598 2.4161 -0.2966 0.4114 -9.9028 2.4944 94.0399 2.4526 130.0080 2.5006
552 83.7522 2.5031 -3.1939 4.7502 101.0580 2.4535 23.7070 2.6090 -1.8423 4.0752 126.3923 2.3367 2.3409 0.4937 -10.3587 1.9580 95.7733 2.3614 131.6106 2.4738
553 86.7393 2.5722 -3.5710 4.4771 101.6318 2.3701 22.0520 2.6310 -2.1910 4.6575 124.1959 2.3663 4.5510 1.0250 -10.4849 0.9419 98.3615 2.5135 133.5212 2.4515
554 89.0350 2.3720 -4.5374 4.1821 103.0268 2.3811 20.6045 2.5545 -2.0956 4.7530 121.3716 2.3780 6.7973 1.7183 -10.5937 0.2922 101.3628 2.5030 135.3596 2.4885
555 90.7018 2.4140 -5.7002 4.2153 104.8648 2.3568 19.8346 2.4978 -2.0775 4.4557 117.8798 2.4982 9.3045 2.0793 -10.7702 -0.0797 104.8322 2.6404 137.6007 2.4885
556 91.5696 2.5512 -7.4477 4.2636 107.4244 2.3328 19.6716 2.5337 -2.3237 4.4097 114.5184 2.4209 11.5689 2.4352 -10.6062 -0.0292 107.5275 2.7622 140.6544 2.4252
557 91.2785 2.4855 -8.7525 4.2711 109.7787 2.4755 20.3058 2.4933 -2.7974 4.3431 111.0107 2.5752 13.6354 2.5474 -10.7482 0.3733 109.3907 2.5034 143.5349 2.4666
558 90.7657 2.6058 -9.5127 4.1600 111.8423 2.5755 21.7714 2.5291 -3.9616 3.9507 108.1300 2.4796 15.9452 2.4876 -10.7207 1.1034 110.5976 2.4521 146.9664 2.4145
559 89.9197 2.5637 -9.7879 4.1684 113.6755 2.5979 23.6841 2.5081 -5.0526 3.7248 105.6317 2.6590 18.1037 2.4585 -10.2048 2.2359 111.5959 2.5265 150.3889 1.9137
560 88.8482 2.5632 -9.2598 4.1828 115.2612 2.5598 26.5376 2.5090 -5.8145 3.3966 104.2452 2.5220 20.4440 2.3842 -9.4683 2.9491 111.3676 2.4775 153.6011 1.6186
561 88.0180 2.6003 -8.7057 4.1572 116.7668 2.5766 29.5158 2.4179 -6.2479 3.1237 103.2115 2.4461 22.8970 2.4861 -8.5214 3.2930 110.5957 2.3789 156.2688 0.9204
562 87.1889 2.4732 -8.4493 4.3477 118.1381 2.4940 31.9380 2.3859 -6.2408 2.4064 102.6172 2.5536 25.5066 2.5699 -7.6953 2.9798 108.8319 2.4641 158.8499 0.8556
563 87.3907 2.5357 -8.0946 4.1647 119.2963 2.4880 34.0478 2.5128 -6.2133 1.6461 102.5902 2.4722 27.9351 2.3790 -6.9993 2.8669 106.5754 2.2855 160.8263 0.7214
564 88.2689 2.6089 -7.9397 3.7062 119.8699 2.4388 35.4042 2.3617 -6.3964 1.0299 103.0330 2.5377 30.2097 2.5893 -5.9879 3.1707 103.6433 2.4932 162.4009 0.8323
565 89.9240 2.6404 -7.8141 3.1392 120.3996 2.5041 35.6056 2.4357 -6.2405 0.5179 103.3355 2.4919 31.8752 2.4399 -4.4558 2.9777 100.2451 2.5051 163.0545 0.9104
566 92.3833 2.5688 -7.7396 2.9192 120.8486 2.4215 35.0253 2.5198 -5.9046 -0.1571 104.0735 2.5678 32.6232 2.4783 -3.0802 2.6068 97.3570 2.6223 163.1212 0.8924
567 95.1914 2.5860 -7.8360 2.3071 121.6226 2.5211 33.7403 2.5674 -5.7438 -0.6654 104.0871 2.5343 32.7360 2.5564 -2.2938 1.8927 95.3118 2.5423 162.3491 0.9514
568 97.9565 2.5739 -7.9551 1.6237 123.3374 2.5746 31.8486 2.6309 -5.5931 -0.9671 103.8915 2.5582 31.9346 2.5018 -1.7800 1.2893 94.0701 2.4136 160.5508 0.8232
569 99.9108 2.4240 -8.4106 0.9541 125.6663 2.5000 29.0850 2.5746 -5.8856 -0.8463 103.0052 2.4912 30.1069 2.5942 -1.3144 1.2346 93.3778 2.4061 158.3261 1.0140
570 100.8875 2.3771 -8.9000 0.2363 127.6947 2.5360 25.7096 2.5548 -6.2902 -0.3206 101.5910 2.6020 28.1772 2.6421 -1.0689 1.5197 93.4643 2.5689 156.4107 1.4383
571 101.3546 2.4121 -9.2245 -0.3476 128.7467 2.5422 22.0097 2.8373 -6.9155 0.2506 99.2789 2.5860 25.9468 2.6810 -0.8644 2.4487 94.2529 2.5640 154.9710 2.0411
572 101.0195 2.5150 -8.8904 -0.4864 129.6946 2.5151 18.4578 2.7533 -7.5149 0.8146 97.2807 2.5751 23.6532 2.4982 -0.8389 3.3917 96.1556 2.6448 153.6752 2.4363
573 99.5408 2.4741 -8.3205 0.0805 129.9553 2.5282 14.6539 2.4052 -8.2087 1.4285 95.4866 2.4155 21.7887 2.5227 -0.7027 3.6587 98.7364 2.6071 153.1230 2.4755
574 97.7069 2.6982 -7.5571 0.8017 130.3999 2.5070 11.1827 2.1537 -9.4339 1.8213 94.2346 2.5524 21.0474 2.5306 -0.9002 3.6079 101.7844 2.5880 153.4798 2.4677
575 95.2111 2.5507 -7.2422 1.4328 130.7742 2.5671 7.9948 1.7106 -10.2328 2.0756 93.7415 2.5365 20.7538 2.5073 -1.6409 3.0860 105.5258 2.5768 154.2169 2.4245
576 92.8880 2.4070 -6.7245 1.3704 131.0075 2.5926 4.9070 1.4382 -10.7966 2.5108 94.1250 2.4375 21.6547 2.5291 -2.6139 2.7596 108.4178 2.5708 155.5297 1.9995
577 90.8175 2.4890 -5.8821 1.5913 131.0987 2.5159 2.2010 1.6878 -11.2044 2.9459 95.2484 2.3641 23.1975 2.5693 -3.6957 2.0473 110.9185 2.6626 157.2979 1.4538
578 89.5706 2.4215 -5.1409 1.8710 131.4680 2.5988 -0.0714 1.9610 -11.0315 3.9320 97.1666 2.4809 25.4662 2.5038 -5.1061 1.7514 112.4292 2.5307 159.8465 0.9565
579 89.0985 2.4564 -4.5593 1.7777 131.9067 2.5363 -2.2005 2.3638 -10.6699 4.8621 99.7938 2.4220 28.5442 2.4370 -6.0135 1.5928 113.1562 2.5411 162.6583 1.0087
580 89.2944 2.4951 -4.8961 2.1271 132.0267 2.4980 -3.6767 2.9121 -10.5544 5.3029 103.2531 2.2218 32.5915 2.4216 -6.9461 1.3785 113.2395 2.5341 165.4879 0.7184
581 90.2703 2.4895 -5.7204 2.4730 132.8400 2.3939 -5.3021 3.3449 -10.4743 5.3861 106.8200 2.4115 36.0695 2.2992 -7.5181 0.8851 112.3900 2.5545 167.4805 0.4555
582 91.7046 2.3819 -7.0453 2.4570 134.9250 2.4351 -6.6132 3.3737 -10.4359 4.6512 109.8838 2.5996 39.7123 2.3540 -8.2601 0.2874 110.9346 2.5644 168.7001 0.0425
583 93.7776 2.4676 -8.1239 1.8538 137.1070 2.4980 -7.4510 4.1417 -10.0921 4.0681 111.8927 2.3578 43.0069 2.5514 -8.9344 -0.2401 108.6000 2.7719 169.3387 -0.5977
584 95.9573 2.5834 -8.6062 1.2650 139.9087 2.3427 -8.5356 4.6718 -9.5226 4.1148 113.0605 2.3669 45.2672 2.5300 -9.5772 -0.0765 105.3996 2.8215 169.4221 -0.6743
585 97.7182 2.5413 -8.6440 0.5483 143.2847 2.3283 -9.2329 5.0321 -8.6787 3.7798 113.4262 2.4653 47.0342 2.4364 -10.1346 0.4036 101.6586 2.6109 169.1861 -0.4809
586 99.1044 2.5004 -8.5514 0.0504 146.3359 2.5852 -9.7958 5.0201 -7.8538 3.5688 113.0527 2.4688 48.2038 2.4541 -10.6551 1.0198 97.9445 2.6143 168.5229 -0.0624
587 99.6578 2.4927 -8.4512 -0.4117 148.9600 2.4751 -9.8132 4.0982 -7.2821 2.9604 111.8677 2.5824 48.6763 2.5207 -11.2531 1.3857 94.7497 2.6151 167.3343 0.6198
588 99.4363 2.4865 -8.1836 -0.1161 150.8252 2.5026 -10.0863 2.9707 -7.2252 2.0812 109.9330 2.6845 47.9024 2.5580 -11.3827 1.3734 92.2975 2.4936 165.8923 0.6480
589 98.4227 2.5078 -7.5164 0.3230 151.6768 2.4103 -9.8286 1.8680 -7.4816 1.1045 107.5342 2.6485 46.3959 2.6171 -11.4444 1.0940 90.5898 2.5607 164.3522 0.7035
590 96.5267 2.5188 -6.1762 0.5279 151.8270 2.4837 -9.1367 0.9892 -7.1996 0.2518 104.1264 2.5556 44.1203 2.5505 -11.1715 0.7946 89.9465 2.4371 162.9421 0.9300
591 94.0481 2.3339 -4.3652 0.4673 151.5305 2.4724 -7.9683 0.6494 -6.8812 -0.7366 100.4501 2.8074 41.0862 2.5829 -10.8118 0.8875 89.6776 2.5183 161.5654 1.5611
592 91.7579 2.2975 -2.0715 0.5714 151.1053 2.4686 -7.0129 0.5245 -6.0374 -0.8653 96.6323 2.6633 37.5199 2.3990 -10.9627 1.3400 90.3090 2.4869 160.8988 2.3167
593 89.8539 2.4886 0.2319 0.7008 150.6659 2.4893 -6.2255 0.6426 -5.7461 -0.9103 92.8851 2.6020 34.3413 2.5424 -11.1810 1.5886 91.7139 2.5291 160.6701 3.0791
594 88.7013 2.4045 2.5942 1.0618 149.7957 2.5081 -5.2176 0.7040 -5.3916 -0.3361 89.4276 2.5574 32.2036 2.4138 -11.3411 1.6201 93.8006 2.6456 160.8318 3.9892
595 88.4124 2.5023 3.9801 1.4349 149.6541 2.4486 -3.6302 0.9117 -5.4151 0.0719 85.8395 2.6099 30.5520 2.5184 -11.3940 1.4524 96.1731 2.6598 161.5918 4.4468
596 89.0287 2.5470 5.3360 2.0878 150.1223 2.5959 -1.8740 1.3421 -5.3774 0.9187 82.3287 2.6118 29.7087 2.5125 -11.2507 1.3749 98.1667 2.6428 162.0725 4.7720
597 90.5433 2.7071 5.7526 2.3801 151.0210 2.8469 0.2557 2.0754 -5.4475 1.8962 78.6292 2.6289 29.3878 2.4864 -11.3167 1.6871 99.7893 2.3935 162.7430 5.0912
598 92.5850 2.6225 6.0010 2.1564 152.8644 3.3146 2.5107 2.6071 -5.7175 2.7073 74.9169 2.5798 30.1501 2.6075 -11.0877 2.4813 100.5565 2.4659 163.4085 5.1215
599 95.7899 2.7563 5.6826 1.7037 155.1980 4.0618 4.6337 2.8452 -6.0590 3.4278 71.1665 2.6721 31.5310 2.6884 -10.7023 2.8988 100.6655 2.4605 163.9273 4.9648
600 99.1597 2.5025 4.3491 1.0774 158.1216 4.6024 6.4614 3.1007 -6.5467 3.5092 67.6073 2.5374 33.7516 2.7016 -10.2136 3.5417 99.9867 2.4749 163.0918 5.0530
601 102.7784 2.3655 2.7848 0.5667 161.2354 4.7765 8.0539 2.9150 -7.4768 3.5233 64.7436 2.5182 36.5258 2.6134 -9.6777 4.6721 98.8040 2.4998 161.8981 4.7618
602 106.5178 2.4054 0.1682 0.2548 163.8410 4.6639 9.2251 2.7059 -8.3419 3.2781 62.4645 2.4204 39.3312 2.5958 -8.8392 5.3953 96.7409 2.4295 160.4035 4.7127
603 110.0663 2.4332 -2.1161 0.3682 165.9864 4.2952 9.8832 2.4969 -9.4913 3.2452 60.7417 2.5298 41.3220 2.5186 -7.9720 5.8252 94.0849 2.3600 159.1565 4.2334
604 113.2284 2.4587 -3.9324 0.4650 167.9604 4.0252 9.9451 2.5337 -10.2752 3.0692 59.7892 2.4999 42.4441 2.5430 -7.2304 5.6044 91.2747 2.3532 158.1383 3.7152
605 116.0613 2.4609 -5.5157 0.8510 169.5957 4.2029 9.3215 2.6220 -10.6641 3.2606 59.8801 2.5178 43.2572 2.4957 -6.7963 4.6705 88.9327 2.3200 157.8801 3.0746
606 117.8853 2.4887 -6.4418 1.4990 170.6219 4.4303 8.2271 2.8333 -10.7759 3.2554 60.2785 2.5694 42.7485 2.5661 -6.3305 3.8034 87.1146 2.4112 158.0766 2.8081
607 119.2908 2.4372 -6.8671 2.1339 171.0524 4.2850 6.7389 2.8130 -10.6580 3.2380 61.2880 2.6182 41.6690 2.5788 -6.1446 2.8500 86.3026 2.5015 158.7262 2.7684
608 119.8079 2.4634 -7.3473 3.1873 171.1725 4.0094 5.2344 2.6936 -9.7362 3.2901 62.4898 2.5273 39.7430 2.5518 -5.4746 2.3616 85.9942 2.5832 160.0096 2.8575
609 119.5159 2.4890 -7.9517 4.0205 170.6246 4.0352 3.8292 2.7680 -9.3257 3.3065 63.7780 2.5381 37.3181 2.7530 -4.2592 1.7461 86.5714 2.5903 162.0493 2.8190
610 118.7525 2.3922 -8.0481 5.0486 169.9124 3.9021 3.0516 2.8900 -8.9660 3.2692 64.8226 2.4674 34.2790 2.6689 -2.7933 1.2661 87.8672 2.6342 164.3410 2.6816
611 117.9255 2.4191 -8.4173 5.6897 168.5976 3.9338 3.1257 2.9172 -8.1965 3.5810 65.6032 2.4693 30.4360 2.5553 -1.1928 0.8631 89.4733 2.6720 166.7186 2.8824
612 116.7818 2.4248 -8.5587 5.8382 167.1459 4.1527 3.7926 2.8616 -7.4499 3.7990 66.0289 2.5503 26.6279 2.4990 0.6770 0.7414 91.5426 2.5735 168.9659 3.4339
613 115.7561 2.4185 -8.9355 5.0258 164.9588 4.4595 5.3661 2.8102 -6.5525 4.1741 66.7984 2.4923 22.8384 2.4800 3.3213 0.6120 93.1055 2.6128 170.1718 3.9192
614 114.6875 2.4595 -8.9838 4.0838 162.3302 4.6059 7.8439 2.9894 -5.8757 4.0534 67.5487 2.5851 19.7622 2.5973 6.4430 1.3344 93.9568 2.4637 170.8221 4.2162
615 114.4419 2.5027 -8.6936 2.9781 159.6592 4.4967 10.9010 2.8236 -5.4056 4.0914 68.2642 2.5098 17.4708 2.2883 9.8443 1.8852 94.2578 2.5295 170.7814 4.3715
616 114.9150 2.5779 -8.5701 2.3610 156.4661 3.8932 14.5548 2.7286 -5.1326 4.0856 68.6578 2.4563 15.6041 2.4786 13.0458 2.3146 93.7770 2.3445 170.2901 4.3145
617 115.9744 2.5510 -8.2879 1.6294 153.3146 3.3582 18.5192 2.4416 -5.4616 4.0318 68.7152 2.5459 14.4003 2.4924 15.7805 2.2559 92.8820 2.5335 169.8803 4.1372
618 117.9977 2.5974 -8.2136 0.5425 150.3164 2.8252 21.8442 2.5957 -6.1241 4.1723 69.1345 2.5626 14.4421 2.5164 17.8786 2.3609 91.0557 2.4743 169.3057 3.6311
619 120.7663 2.5245 -8.0006 -0.3437 146.5109 2.5760 24.5766 2.6217 -6.8014 4.3285 69.8718 2.5932 14.9478 2.5221 19.1236 2.4775 88.2314 2.5243 168.8105 3.1231
620 124.0357 2.4067 -7.8449 -1.0892 142.8082 2.3883 26.6740 2.6050 -7.5717 4.3123 71.3179 2.6539 15.7548 2.4461 19.3980 2.5334 84.9593 2.3945 167.8648 2.9087
621 127.7145 2.4323 -7.6021 -1.1906 138.9543 2.3731 27.9231 2.5853 -8.1364 4.1055 72.9783 2.5426 16.5843 2.4162 18.7857 2.4250 81.3114 2.4216 166.9894 2.2962
622 131.1891 2.3739 -8.0001 -0.7757 135.4215 2.5766 28.1875 2.5865 -8.5287 3.4769 74.4746 2.6051 17.6372 2.3590 17.3587 2.5132 78.6795 2.4757 166.1034 1.9141
623 134.4561 2.3694 -8.2504 -0.0953 131.9006 2.4918 27.8121 2.5353 -8.1849 2.9200 75.4187 2.4924 18.6819 2.4508 15.5041 2.4635 76.5994 2.4235 165.7970 1.6529
624 137.2404 2.5306 -8.2134 0.9699 128.0270 2.6311 26.9399 2.5815 -7.9424 2.3283 75.9373 2.5523 19.2297 2.5054 12.7502 2.6067 75.3390 2.4254 165.7552 1.0166
625 139.4080 2.5716 -8.2265 2.0310 124.5087 2.3486 25.2078 2.4879 -7.8495 1.8986 75.5770 2.5528 18.3047 2.4806 9.4303 3.0516 75.0331 2.4995 165.8759 0.4508
626 140.6651 2.6351 -8.2142 2.5985 120.9801 2.5389 22.4559 2.4376 -7.6866 1.1729 74.6252 2.5087 17.4469 2.6146 6.0331 3.1999 75.5034 2.4248 166.3439 -0.0137
627 141.3333 2.5605 -7.9348 3.3192 117.2879 2.3383 19.3061 2.4882 -7.5396 0.3571 73.3883 2.4396 15.5036 2.5797 3.4291 2.9505 76.7030 2.3794 166.5056 -0.2806
628 142.2761 2.4981 -7.6321 4.2826 113.7917 2.5386 15.7412 2.5667 -7.5659 -0.0534 72.0717 2.4840 12.9011 2.6062 1.2993 2.7027 78.6505 2.3779 166.3870 -0.0559
629 143.3045 2.4000 -7.2935 5.1308 110.3413 2.5035 12.2397 2.5290 -7.2773 0.2232 70.0267 2.6303 10.0016 2.8527 -0.8166 2.1624 81.4118 2.1770 166.3026 0.2982
630 144.1836 2.4475 -6.7930 5.9193 106.5717 2.5636 9.0630 2.7440 -6.8991 1.2466 67.5951 2.5520 7.0475 3.4685 -2.6090 1.6042 85.0686 2.1699 166.1914 0.6850
631 145.0304 2.4353 -6.4240 6.1731 102.8903 2.4829 6.3921 3.2300 -7.4377 2.0729 64.1326 2.4781 4.0122 3.6493 -4.3296 1.4130 88.6199 2.3498 166.0956 0.8234
632 145.8157 2.4200 -6.5942 5.9865 99.3970 2.6222 3.6370 3.6926 -8.3425 2.7315 60.5010 2.3752 1.6737 3.7955 -5.7536 1.1231 91.5647 2.3764 166.0977 0.5353
633 146.4405 2.4408 -7.0981 5.1829 95.9185 2.7594 0.9897 4.4598 -8.9905 3.2212 56.7944 2.6436 -0.1554 3.4472 -6.8224 1.2099 93.7595 2.4487 165.0726 0.4499
634 147.5078 2.7060 -7.6560 4.1119 92.5934 2.7406 -1.3359 4.9469 -9.4573 3.7040 53.2045 2.6331 -1.5199 3.0702 -7.4264 1.5716 95.5222 2.4203 164.0042 0.5790
635 148.7367 2.6031 -8.0086 3.3948 90.2083 2.6387 -3.5890 5.2878 -9.4373 3.8968 49.6034 2.5151 -2.3648 3.0444 -7.8500 2.1020 96.6453 2.4953 162.9338 1.0093
636 150.7955 2.5577 -8.0888 2.8304 88.6954 2.5948 -5.5147 5.0477 -8.9486 4.7010 45.8767 2.6350 -3.2123 3.3779 -8.1423 2.5837 96.6575 2.4259 162.1405 1.5089
637 153.5644 2.6764 -8.1277 2.1036 87.6306 2.4987 -6.8878 4.5319 -8.3397 5.1641 41.9998 2.6324 -3.9603 3.0687 -8.2239 3.1799 96.0861 2.3743 161.9025 1.5774
638 156.0049 3.0950 -8.5046 1.1546 87.3391 2.4732 -7.5364 3.8126 -7.9556 5.7889 38.3646 2.5638 -4.4230 2.5968 -8.7861 3.9041 94.7654 2.3734 161.9984 1.4655
639 158.4121 3.7424 -8.5230 -0.0305 87.9995 2.3299 -7.6818 3.4768 -7.7013 5.8329 34.6008 2.4066 -4.4163 1.8505 -9.0400 4.8987 92.9378 2.4025 162.2895 1.2717
640 160.6599 4.2342 -8.5795 -0.8087 89.3730 2.3987 -7.6129 2.6223 -7.0629 6.0600 31.2476 2.3757 -4.7569 1.1754 -9.0628 5.9406 90.5172 2.3909 162.8987 1.0689
641 162.7443 4.6855 -8.5289 -0.8191 91.4685 2.4577 -7.5144 2.3255 -6.5546 6.2975 28.2568 2.3948 -4.7401 1.0515 -9.0168 6.3613 88.4848 2.4390 163.5197 1.2798
642 164.4301 4.6209 -8.2872 -0.8518 94.3667 2.5976 -7.3094 1.9720 -6.2046 6.4113 26.2316 2.4979 -4.9206 1.6041 -8.1913 6.6665 87.1433 2.5472 164.7683 1.9758
643 165.8585 4.6408 -8.1237 -0.9369 97.2481 2.4663 -6.8048 1.7851 -6.2266 6.7683 24.8886 2.6123 -5.5341 2.6711 -7.4041 6.7492 86.1315 2.4883 166.4104 2.4760
644 167.4574 4.6335 -7.7323 -0.7897 99.9162 2.4789 -6.1028 1.8678 -6.5769 6.7060 24.2322 2.5102 -6.4463 3.4821 -6.4990 6.4060 85.4977 2.4715 168.3555 2.5022
645 168.7516 4.0315 -7.6328 -0.3838 101.5807 2.6360 -5.7624 2.2002 -7.3218 6.6514 24.2961 2.5622 -6.7668 3.6731 -5.6698 5.5619 85.2748 2.5045 169.7470 2.1441
646 170.0100 3.6105 -7.3954 -0.1433 102.6454 2.5242 -5.5253 2.5870 -8.3906 6.3429 25.0138 2.4757 -6.5897 3.6885 -5.8938 4.7701 85.1362 2.5384 170.5981 2.2267
647 170.9691 3.3072 -7.0483 0.5731 103.1901 2.5106 -5.5577 2.8619 -8.8534 6.1898 26.5360 2.4446 -6.4037 3.4821 -6.0864 4.0820 84.9144 2.5140 171.2734 2.3873
648 171.3482 3.2824 -6.6347 1.3710 102.6898 2.4516 -6.0502 2.6528 -8.9532 5.9032 29.2064 2.6234 -6.0002 3.3125 -5.7126 3.2231 84.5302 2.4774 171.6479 2.1631
649 171.1200 3.3340 -6.1193 2.4518 101.6298 2.3908 -6.4456 2.2362 -9.1143 5.8067 32.5440 2.5286 -5.8389 3.1280 -5.4946 2.2874 83.9860 2.5512 171.8066 2.0831
650 170.5810 3.5893 -5.4781 3.2952 99.7735 2.3445 -6.6830 1.7625 -9.3773 5.5893 35.8299 2.4956 -5.6368 2.8285 -4.6566 1.4806 82.5701 2.4768 172.2420 2.0701
651 169.6030 3.8730 -5.1525 3.9055 96.9760 2.4203 -6.8585 1.2219 -9.8430 5.3794 39.3314 2.5969 -5.5975 2.0483 -4.0006 0.9821 80.8615 2.3641 172.3678 2.0203
652 168.9976 3.7779 -5.2438 4.0071 93.9542 2.4322 -6.4664 0.9817 -9.5291 5.6209 42.5760 2.5488 -5.5183 1.3945 -3.4255 0.5581 78.3119 2.2739 171.9256 2.2029
653 168.9487 3.8592 -5.8764 4.1710 90.0972 2.4486 -6.2426 0.5870 -8.9578 5.5804 45.3931 2.4581 -5.5362 1.0038 -2.7770 0.0997 74.7691 2.3800 171.3368 2.8102
654 168.4749 4.1890 -6.4606 4.3518 86.4688 2.4344 -6.0000 0.7296 -8.7034 5.5875 47.3507 2.5509 -6.0107 0.7706 -2.0153 0.0169 71.3199 2.3748 170.6230 3.8053
655 167.3310 4.7513 -7.1674 4.0300 83.0041 2.4935 -5.7554 1.2703 -8.4561 5.4288 48.6787 2.4406 -7.0837 0.5632 -1.5208 0.5497 68.7369 2.4552 169.9050 4.5825
656 166.2859 4.8417 -7.8325 3.4458 79.5602 2.6530 -5.5834 2.2111 -8.8573 5.8138 49.1964 2.4878 -7.9603 0.4898 -0.7095 1.0161 66.6997 2.5535 168.8017 4.4030
657 165.8107 4.7665 -8.4338 2.8715 75.9989 2.6013 -5.6400 2.9425 -8.9869 6.1804 48.8918 2.3886 -8.3943 0.8656 -0.3731 1.8104 65.6320 2.4807 168.0194 4.0149
658 165.5494 4.1136 -8.7818 2.2033 72.5565 2.4070 -6.2366 3.8145 -9.0901 6.0109 48.6066 2.5115 -9.0959 1.5319 -0.3897 2.6308 65.0747 2.4616 167.1701 3.5168
659 165.4512 3.4945 -8.4523 1.4069 68.8797 2.3243 -6.4219 4.1797 -9.0635 5.4990 48.1488 2.4618 -9.9708 1.8924 -0.6381 2.6857 65.4655 2.4525 166.8050 3.1797
660 165.4505 2.7114 -8.0065 0.6886 65.1085 2.3415 -7.2351 4.1941 -8.3274 5.4118 47.6677 2.5224 -10.2655 2.0430 -1.2142 2.5605 66.4095 2.4111 166.4904 2.6806
661 165.5351 2.2147 -7.3360 -0.2891 61.2463 2.4412 -7.8679 4.3847 -7.7270 5.7364 47.3023 2.4430 -10.5024 2.1934 -2.3434 2.5773 68.0620 2.3616 165.9113 1.9889
662 165.7549 1.9199 -6.3537 -0.5147 57.6198 2.4809 -8.9906 4.2215 -7.5928 5.7076 47.6939 2.5705 -10.8273 2.2713 -3.9124 2.5273 70.1280 2.4012 165.6774 0.8993
663 166.1007 1.3346 -5.2290 -0.2348 53.8756 2.5298 -10.0111 3.7057 -7.6869 5.8546 48.6546 2.6798 -10.4895 1.9612 -5.5104 1.8254 73.4700 2.4959 165.3909 0.1733
664 166.7074 0.7038 -4.4282 -0.2187 50.0406 2.4333 -10.1222 3.4141 -7.7511 6.1967 50.5543 2.5389 -9.6427 2.0216 -6.4998 1.3647 77.3976 2.4834 165.0787 -0.0756
665 167.8992 0.6090 -3.5929 0.0253 46.1597 2.3821 -10.3203 2.8797 -7.7003 6.0478 53.0286 2.4854 -8.9979 2.3187 -6.9094 0.7469 80.8228 2.4271 164.6714 0.0493
666 168.5452 0.8581 -2.5709 0.7176 42.8960 2.3765 -10.3318 2.3202 -7.5205 5.6268 56.2564 2.4042 -8.1735 2.8277 -6.7026 0.5208 84.2558 2.3708 163.7165 -0.1766
667 168.6080 1.4888 -1.0420 0.9265 39.6426 2.5194 -10.0729 2.1262 -7.6390 4.9731 59.8994 2.3457 -7.7836 2.9521 -6.2394 0.4360 88.0980 2.3159 162.1879 0.1010
668 168.7285 2.1988 0.4181 1.1486 36.3218 2.4964 -9.7655 2.6055 -7.9856 3.8180 63.4023 2.2992 -7.4873 2.9542 -5.5025 0.6225 91.6175 2.3943 160.0230 0.2927
669 168.9382 2.8165 2.0195 1.1959 33.1584 2.5837 -9.9471 3.1118 -8.1364 3.1772 66.9381 2.4018 -7.0119 3.4870 -4.0667 0.7955 95.2850 2.4259 157.1123 0.4854
670 168.7782 3.5798 4.0900 1.4810 30.5500 2.3618 -10.6207 3.4149 -8.2279 2.2633 70.4186 2.5011 -6.7071 3.8383 -2.1324 0.6394 98.7085 2.3415 153.9784 1.3993
671 168.4937 4.0275 6.9084 2.1594 28.9010 2.3150 -11.0261 2.9226 -8.2794 1.6214 73.5082 2.4903 -6.8068 3.8175 0.3881 0.3491 102.2785 2.3961 150.7716 1.9727
672 167.8620 4.4567 10.1011 2.4284 27.8548 2.4977 -10.7171 1.9389 -7.9757 1.2183 76.3867 2.4584 -6.8762 3.1234 2.8801 0.7940 105.5546 2.4024 147.3979 2.2344
673 167.1689 5.2157 13.3300 2.3247 28.0274 2.5137 -10.1439 1.2339 -7.4202 1.2841 78.0092 2.4259 -7.4323 2.4985 4.6930 1.3258 108.6031 2.3991 144.2474 2.3191
674 166.6736 5.4067 16.8838 2.5812 28.5172 2.5597 -9.8278 1.0851 -6.7107 1.5373 79.2258 2.5710 -7.7835 2.1988 5.9499 1.9370 110.6470 2.6112 141.4209 2.6192
675 166.1428 5.2764 20.4031 2.5520 29.2580 2.5270 -9.5630 1.4327 -5.3554 1.7531 79.4716 2.5552 -7.6119 1.7868 6.0960 2.3645 112.0186 2.5046 138.9518 2.5704
676 165.7722 5.0699 23.8315 2.3822 30.2335 2.5813 -9.1923 1.7972 -4.1962 2.0083 79.1339 2.4074 -7.3685 1.0383 6.2300 2.3995 112.2775 2.4564 137.7490 2.5716
677 165.7172 4.5973 26.6019 2.5961 30.9554 2.5828 -8.7067 2.2995 -2.5014 2.3962 78.0476 2.4677 -7.1533 0.3268 6.2967 2.5691 112.0378 2.4510 136.9035 2.4416
678 166.4296 3.7069 28.3973 2.5521 31.6855 2.4937 -8.1779 1.9572 -1.1230 2.8457 76.1538 2.3719 -6.8592 -0.1929 5.8282 2.5487 111.1055 2.3449 136.6866 2.4836
679 167.5680 3.4689 29.8394 2.5174 31.4326 2.4809 -7.8887 2.0058 0.6673 3.2423 73.8296 2.3041 -6.7081 -0.9948 4.9973 2.5896 110.1644 2.4232 137.4666 2.3772
680 168.6163 3.2989 30.3198 2.4993 30.7369 2.4720 -7.6129 2.4649 2.4048 3.7713 71.5241 2.4694 -6.2725 -1.4728 3.6012 2.5972 109.0543 2.3886 137.9779 2.3661
681 169.4155 3.8432 30.3169 2.4030 28.7894 2.3685 -7.6905 3.5900 5.1129 3.6074 69.1471 2.5254 -6.3080 -1.4501 1.7274 2.8946 107.9861 2.3723 138.9431 2.4244
682 169.8456 4.4390 29.4745 2.4250 26.8696 2.3437 -8.0897 4.7474 8.2679 3.3699 67.9724 2.3716 -7.0665 -1.2968 -0.1785 3.3337 107.5107 2.5334 139.8319 2.3655
683 170.4063 4.6412 27.9582 2.2991 24.7572 2.4662 -8.4879 5.1236 11.3487 2.8742 67.1599 2.4383 -7.8727 -0.8512 -1.7400 3.7214 107.6598 2.4763 140.3024 2.4824
684 170.8686 4.1620 25.3177 2.4589 22.7489 2.6119 -8.3790 5.5813 14.2522 2.6180 67.3475 2.5750 -8.5940 -0.1979 -3.5284 3.9573 108.3891 2.4509 140.5209 2.5658
685 170.8741 3.9040 22.0704 2.4974 21.4649 2.4091 -8.1088 5.3169 16.7615 2.4337 68.1480 2.6270 -9.0286 1.0352 -4.9712 4.3202 110.2033 2.4125 139.4533 2.6013
686 171.0883 3.4615 18.6626 2.4815 20.1229 2.5325 -7.2925 4.8204 18.6577 2.5059 69.5274 2.5398 -8.9346 2.2325 -5.9505 4.4135 112.6601 2.5347 137.7355 2.5362
687 171.2202 3.5881 15.2264 2.5006 18.5176 2.5581 -6.4060 4.0667 19.7549 2.4730 72.2150 2.5661 -8.3964 2.9545 -6.7123 3.8936 115.8565 2.3454 135.2355 2.6827
688 171.0919 3.4098 11.8198 2.2697 16.9458 2.5034 -4.7549 4.1438 20.0421 2.5389 75.4263 2.6880 -7.8215 3.6636 -7.6140 3.2614 119.6721 2.5493 131.9835 2.5549
689 170.9431 3.6619 8.2366 1.8502 15.8110 2.3912 -2.5438 4.1863 19.1585 2.5339 78.8053 2.5143 -7.3973 3.9013 -8.3620 2.5669 122.6633 2.4572 128.3833 2.4188
690 170.6463 3.6564 5.0799 1.3511 14.9298 2.4427 -0.1036 4.0995 17.5721 2.3963 82.0434 2.4061 -6.8207 3.8612 -8.7620 1.7907 125.1568 2.4868 124.7639 2.3821
691 170.3007 3.1200 2.4117 0.9169 14.6014 2.4920 2.4585 3.9483 15.7440 2.2839 85.5276 2.4990 -6.1433 3.3754 -8.5683 1.2340 126.8465 2.5123 121.5326 2.6154
692 169.9358 2.6351 0.6616 0.8045 14.4133 2.5532 5.0677 3.1464 13.9353 2.3276 89.0753 2.5614 -5.6417 2.6596 -7.9259 0.6663 127.7452 2.5599 117.9598 2.7415
693 169.3181 2.4189 -1.1194 0.5700 13.8559 2.5508 7.5321 2.5978 12.0687 2.4620 91.9560 2.4892 -4.9582 1.7843 -7.4082 -0.1497 128.0031 2.5014 114.3372 2.5357
694 169.0648 2.4166 -2.6217 0.1803 13.1193 2.5313 9.3490 2.3492 10.9585 2.4619 94.8016 2.5317 -4.2591 1.0870 -6.5011 -0.6496 127.6423 2.5563 110.5599 2.6417
695 169.5973 2.0678 -3.8344 -0.0597 12.4797 2.4812 10.8966 2.4692 10.6323 2.5415 96.6775 2.5434 -4.0838 0.5713 -5.2260 -0.6614 126.8522 2.4982 106.9457 2.5080
696 170.4790 1.7905 -4.7063 -0.3149 11.4193 2.4947 11.8766 2.4756 10.9920 2.4259 98.2894 2.5132 -3.8984 0.1597 -4.3872 -0.3703 126.3761 2.5225 103.2788 2.5557
697 170.7697 1.5977 -5.5353 -0.6653 10.5884 2.5512 11.8204 2.4812 12.0098 2.3531 99.0217 2.5970 -3.6542 0.1066 -4.1484 -0.7056 125.8483 2.5479 99.4489 2.3545
698 170.9913 1.4332 -5.7920 -1.2501 10.1035 2.5100 11.1603 2.4669 13.8583 2.3677 99.0122 2.5286 -2.9059 -0.0392 -4.1004 -0.6648 125.1241 2.5876 95.9138 2.4770
699 170.3835 1.1015 -5.8861 -1.2742 9.7551 2.4615 10.2342 2.4909 16.2567 2.4241 98.2931 2.3360 -1.3938 0.2430 -4.8606 -0.9448 125.1952 2.4672 92.9855 2.4378
700 169.8087 0.5338 -6.2689 -1.1260 9.6823 2.4884 8.7833 2.2984 19.6022 2.3577 96.5796 2.2760 0.6512 0.7473 -5.5306 -1.0846 125.8373 2.4856 91.0067 2.3540
701 169.3875 -0.2036 -6.7349 -1.0254 9.5367 2.4791 7.3877 2.2229 22.9181 2.2892 94.2553 2.1819 2.1849 1.2849 -6.4273 -0.9596 126.5571 2.3736 89.9271 2.4266
702 168.8671 -0.8510 -7.1196 -1.1221 9.5341 2.4449 6.2941 2.3380 26.5122 2.5796 91.1331 2.3308 3.2842 1.9656 -7.4790 -0.1362 127.6014 2.5121 89.1817 2.4593
703 168.9405 -1.3885 -7.7375 -1.2097 9.3464 2.4495 5.9096 2.2960 30.1179 2.5365 87.7499 2.4590 3.8377 2.3564 -7.8998 1.1607 128.5475 2.3654 89.5951 2.5316
704 169.0112 -1.4892 -8.0988 -0.9371 8.8349 2.4285 6.1721 2.2922 33.7313 2.4814 85.0813 2.5607 3.7985 2.2703 -8.5252 2.1149 129.2749 2.5179 90.5706 2.4259
705 169.0698 -1.5048 -8.1568 -0.6467 8.3644 2.5352 6.9255 2.2910 37.2787 2.3295 82.6480 2.5677 3.6815 1.6439 -9.3912 2.3873 129.3473 2.4630 92.3487 2.5838
706 169.2129 -1.4735 -7.5594 -0.5805 7.9622 2.5126 8.6147 2.3154 40.7515 2.3906 81.2215 2.4519 2.8235 1.0501 -10.2940 2.3389 128.6815 2.3753 94.1666 2.6522
707 169.4075 -0.9920 -6.5884 -0.8665 7.6401 2.5139 11.1455 2.4851 44.3428 2.4381 80.2614 2.3795 1.4848 0.4010 -10.7726 2.1462 127.1730 2.4120 95.9083 2.4529
708 169.4577 -0.1638 -6.5932 -0.8809 7.2172 2.6077 14.4682 2.2686 47.9866 2.4713 80.2744 2.5607 -0.6793 -0.0521 -10.8901 1.9384 124.8060 2.5064 97.4688 2.5244
709 169.3954 0.5487 -7.2073 -0.3063 6.0849 2.7748 18.0825 2.3591 51.1156 2.5402 80.8348 2.5979 -3.0087 0.0735 -10.1721 1.7340 121.8672 2.5299 98.4813 2.4890
710 169.3825 1.1026 -7.5893 0.4166 4.4127 2.7594 21.8308 2.3435 53.6520 2.4816 82.1295 2.5756 -5.4777 0.2943 -9.1447 1.8303 118.4019 2.4626 98.6651 2.5308
711 169.0964 1.5135 -7.7739 0.5157 2.6200 2.5365 24.9734 2.5536 55.7662 2.4597 83.8910 2.6348 -7.1031 0.6233 -7.9043 1.7777 114.7551 2.5148 97.9027 2.5144
712 168.5269 2.2435 -7.9361 0.0625 0.7154 1.9548 27.2286 2.4841 57.2580 2.4664 85.5393 2.5535 -8.0935 1.5206 -6.5024 1.4171 111.5748 2.4982 96.6107 2.4928
713 168.1990 3.1035 -7.8660 -0.1629 -1.8208 1.5988 28.7574 2.5185 57.8128 2.4556 87.0166 2.5368 -8.6601 1.9701 -4.8885 0.9815 109.3263 2.6723 94.7320 2.6005
714 167.5024 3.8131 -7.2844 0.0344 -3.8417 1.4832 29.7669 2.4113 57.7341 2.5498 88.0796 2.4971 -9.2455 2.3595 -2.9436 0.7190 107.8744 2.5884 92.7383 2.6554
715 166.7368 3.9304 -6.9924 0.3335 -5.5408 1.6570 29.9170 2.5513 56.5383 2.5272 88.1613 2.4926 -9.7922 2.4871 -0.4954 0.8196 106.6379 2.5821 91.2408 2.5413
716 165.7608 3.7073 -6.8370 0.5273 -6.6830 2.1475 30.3754 2.5092 54.7853 2.6507 87.3184 2.3218 -9.7010 2.5910 1.4909 1.0073 105.4093 2.4783 90.1523 2.5579
717 164.8616 3.2769 -6.8594 0.6239 -7.5615 2.3787 30.3885 2.4495 52.5484 2.6451 86.0248 2.2376 -8.8672 2.3751 2.9485 1.6002 104.6889 2.5327 90.0655 2.4594
718 164.3080 3.0269 -6.4586 0.8527 -8.5088 2.2677 29.8889 2.4556 49.1590 2.4985 84.0304 2.4095 -7.6332 2.2903 3.6168 2.1379 103.6058 2.5440 90.5559 2.5008
719 163.7296 3.0642 -6.3939 1.0449 -9.2508 2.2901 28.6279 2.4307 45.4573 2.6102 81.2570 2.3297 -6.5372 2.1460 3.7291 2.6182 102.9397 2.4295 91.5475 2.5577
720 162.9364 3.4851 -6.1442 1.7671 -9.9684 2.1629 26.8983 2.4938 41.8190 2.5015 77.8872 2.4734 -5.5481 1.8860 3.6586 3.0849 102.4395 2.4823 93.5013 2.5733
721 162.1722 3.2253 -5.3372 2.8658 -10.6620 2.5626 24.9053 2.4778 38.1046 2.5141 74.0659 2.6340 -5.2057 1.9271 2.9834 3.7998 101.4617 2.5515 95.6643 2.6543
722 160.9262 2.7326 -4.7067 3.6876 -10.4822 3.7448 23.1036 2.5689 34.3450 2.4653 70.4564 2.7977 -5.1276 2.2640 1.8059 4.2276 99.5114 2.4824 97.8176 2.4351
723 159.1087 2.2718 -4.3092 4.0295 -10.1745 4.4529 21.1193 2.5876 30.6888 2.6111 66.6918 2.8239 -5.0488 2.8800 0.4146 4.8880 97.3402 2.5413 99.5578 2.2692
724 157.0155 2.0495 -4.3025 4.4656 -10.4323 4.4332 19.7567 2.5643 27.0629 2.5784 63.0085 2.8154 -4.7492 3.6353 -1.0920 5.2942 94.3531 2.3699 100.6270 2.4383
725 155.1547 1.9877 -4.7323 4.6513 -10.5821 3.7176 19.1144 2.3854 23.5553 2.5297 59.4786 2.6163 -4.6300 4.2732 -2.4801 5.6205 91.2818 2.6584 100.9857 2.5415
726 153.7674 2.1749 -5.0255 4.9311 -10.2819 2.4743 18.4476 2.5075 19.9496 2.6080 55.7373 2.5428 -4.5255 4.6160 -3.4982 5.3949 87.9586 2.5472 100.3339 2.5220
727 152.6004 2.2817 -5.2524 5.2532 -9.7417 1.6415 17.9138 2.4623 16.3721 2.6782 52.2209 2.4968 -3.9406 4.8056 -3.5535 5.3766 84.8663 2.4249 98.9462 2.5936
728 152.1883 2.5447 -5.6418 5.3746 -8.4322 1.1926 18.1328 2.5785 13.1029 2.4959 49.2100 2.5780 -3.1228 5.1222 -3.3232 5.3362 82.4364 2.3426 97.3831 2.5499
729 152.5838 2.5241 -5.8581 5.4886 -7.1997 1.2593 19.1701 2.5494 9.7044 2.4481 46.7278 2.5553 -2.1583 5.0142 -2.5435 5.0069 80.4722 2.4754 95.8093 2.6719
730 153.5049 2.6936 -6.2206 4.8491 -6.0788 1.3151 20.2246 2.5844 6.7175 2.1923 45.0659 2.5026 -0.8521 4.7108 -2.0152 4.6553 79.1444 2.4397 93.6821 2.6141
731 154.8919 3.0936 -6.9348 3.7311 -4.2892 0.9876 21.2844 2.6485 3.9238 1.8996 43.9582 2.6183 0.7510 4.2917 -0.9346 4.2849 78.1444 2.5173 92.4911 2.4797
732 156.6331 3.8132 -7.5141 2.7593 -2.6019 0.5728 22.2595 2.6518 1.2869 1.1467 43.5303 2.4816 2.0284 3.7891 -0.1914 3.7503 77.1833 2.5515 92.1082 2.5066
733 158.9684 4.2358 -7.7464 2.2218 -0.6334 0.4485 22.8955 2.5792 -0.9950 0.5504 44.0695 2.5275 3.3155 3.3443 0.1666 2.7086 76.4475 2.5222 92.6434 2.4337
734 161.5955 4.7135 -7.7511 1.7894 1.5518 0.7408 23.1564 2.4246 -3.0471 0.1590 45.1155 2.5775 4.5525 2.8873 -0.0996 1.6906 75.5418 2.4657 93.4861 2.4102
735 163.3932 5.0323 -7.5501 1.5985 3.5268 1.3010 22.6272 2.4685 -4.8246 -0.1670 46.2715 2.6048 5.5583 2.5390 -0.7290 0.8061 74.6904 2.4802 95.3266 2.3802
736 164.4491 5.3287 -7.5221 1.4222 4.9537 1.9615 21.5432 2.4818 -6.3394 0.0567 47.2154 2.6228 7.1867 2.6192 -1.4894 0.5922 74.3481 2.5167 98.0591 2.3458
737 165.1444 5.1575 -7.9793 0.8487 6.0018 2.2919 20.0630 2.3788 -7.0680 0.1314 48.3323 2.4843 8.2901 2.4849 -2.6116 0.7972 74.0650 2.5044 101.1410 2.5583
738 165.3418 5.1428 -8.2394 0.1791 6.2366 2.5759 18.7906 2.3267 -7.4097 1.0654 48.8227 2.5115 9.6958 2.5200 -4.5191 1.2921 73.4577 2.5067 104.3353 2.4596
739 164.5208 5.0033 -8.2161 -0.0273 5.8396 2.8906 17.6818 2.4255 -7.7665 1.6850 48.7585 2.3952 11.4252 2.4902 -6.0785 1.8520 72.9375 2.5215 107.7280 2.4887
740 163.3169 4.6035 -8.2047 0.2714 4.9610 3.1395 17.2461 2.4665 -7.4663 2.5787 47.7224 2.4720 13.3337 2.6272 -7.1620 2.3507 71.9818 2.5751 111.2336 2.4805
741 161.6759 4.2810 -7.9095 0.9131 3.1374 3.5268 17.5825 2.5153 -7.1064 3.1039 46.1607 2.5459 16.0728 2.6515 -7.9831 3.1135 70.7147 2.5947 114.6826 2.5499
742 159.4467 4.0760 -7.9353 2.1647 1.3508 3.7793 18.7631 2.4936 -6.1298 3.5192 43.3932 2.3754 19.2071 2.5625 -8.4305 3.8518 69.4280 2.5617 117.9062 2.5209
743 156.7075 3.9208 -8.3351 2.8014 -0.6981 4.1227 20.4575 2.5958 -4.7354 3.9245 40.2655 2.2794 22.8812 2.4194 -8.9225 4.6130 68.2690 2.4897 121.1052 2.3312
744 154.4940 3.4547 -8.9326 2.8796 -2.5176 4.5847 23.0670 2.5032 -3.0456 4.2303 37.0109 2.4278 26.6287 2.4951 -8.9525 5.3814 67.3712 2.4588 123.2142 2.4048
745 153.3001 2.9191 -9.8421 2.9769 -3.8478 4.6338 26.1558 2.5802 -1.4349 4.4296 33.2220 2.2828 30.2700 2.3944 -9.0311 5.9457 66.2751 2.5236 124.5980 2.4721
746 152.4572 2.5666 -9.6955 3.3035 -4.5926 4.4259 29.8078 2.5226 -0.4085 4.1501 30.4273 2.3372 33.6652 2.5380 -9.0060 6.4559 64.5674 2.5091 125.3645 2.4211
747 152.5995 2.5306 -9.3476 3.5114 -4.3713 4.4766 33.4039 2.3519 0.3257 4.0343 28.2693 2.4629 37.0774 2.5338 -9.0076 6.7979 62.6703 2.6274 125.1078 2.4449
748 153.1580 2.4380 -8.5642 3.6959 -3.2622 4.5494 37.0268 2.3984 0.9028 3.6794 26.5275 2.5948 40.7158 2.6097 -8.6506 6.5824 60.8164 2.6831 124.1750 2.5218
749 154.2677 2.3726 -7.1349 3.9544 -1.5435 4.3305 40.5826 2.3534 1.3959 3.2866 25.6458 2.5867 44.0121 2.6267 -8.8971 6.0847 59.5109 2.6818 122.3634 2.4349
750 155.8378 1.7746 -5.2544 3.6941 0.7696 4.3643 44.2649 2.3426 1.5442 3.1759 25.4700 2.4627 47.0882 2.4733 -9.0882 6.1548 58.6797 2.5262 120.1895 2.3354
751 158.2847 1.3646 -3.2570 3.5180 3.7892 4.0002 47.8809 2.3802 1.6489 3.2220 25.6571 2.4864 49.5837 2.5414 -9.1995 6.1984 58.4201 2.4127 117.3072 2.1913
752 160.7963 1.3109 -0.8858 3.0250 7.0240 3.4955 51.5532 2.4098 1.6913 3.3061 25.8522 2.4333 51.3404 2.4455 -8.8865 6.5766 59.3069 2.4049 114.7502 2.4438
753 162.9267 1.4559 1.3779 2.4286 10.2305 2.9529 55.1033 2.4691 1.7595 3.2598 25.8399 2.4337 52.4755 2.4997 -8.6717 6.5966 61.1820 2.4773 112.9613 2.6678
754 164.7605 1.8416 4.6959 2.2829 13.2502 2.5618 58.5583 2.4897 1.5843 3.0664 26.0898 2.4984 53.0496 2.5720 -9.1055 6.3880 63.2669 2.4349 111.8752 2.5916
755 165.7895 2.7975 8.3005 2.3423 16.7078 2.3893 62.2890 2.3900 2.2595 3.0548 26.0865 2.5052 53.2214 2.4698 -9.2674 6.6115 65.4852 2.3863 111.2848 2.4964
756 167.0164 3.3126 11.7063 2.4868 19.7218 2.4013 65.8745 2.4509 3.7084 3.3384 25.8082 2.4682 52.3776 2.3537 -9.1308 6.4840 67.5711 2.5678 111.3890 2.5462
757 167.9362 3.5481 15.0242 2.4811 22.0977 2.4383 69.2170 2.6030 6.1365 3.4052 24.7308 2.5453 50.6878 2.4907 -8.5386 6.5243 68.8249 2.4247 112.4749 2.5586
758 168.7079 3.3759 17.9118 2.4953 24.1829 2.5348 71.9558 2.4191 9.1125 3.3412 22.6795 2.6711 48.7043 2.3667 -7.4254 6.2847 69.3581 2.4772 114.2960 2.6388
759 169.3387 3.3149 20.5278 2.5175 26.1136 2.5165 73.9831 2.4198 12.1691 2.8288 19.8360 2.6600 45.4158 2.4874 -6.1378 5.8763 69.1538 2.3773 116.6571 2.5891
760 169.5749 3.1928 23.1447 2.4670 27.9252 2.4277 75.4197 2.4478 15.3493 2.6620 16.1486 2.6216 42.0835 2.5360 -5.6108 5.7404 68.2666 2.4993 118.8880 2.6302
761 169.3427 2.8798 25.5174 2.5897 29.9162 2.5673 76.1503 2.5684 18.2777 2.4913 12.3715 2.7570 38.5067 2.4614 -5.7628 5.5854 66.5815 2.4200 120.8253 2.5093
762 169.2531 2.4767 27.3296 2.4504 31.6702 2.5543 76.0063 2.5410 20.5398 2.6034 8.9751 2.5488 35.0309 2.4872 -6.4459 5.7846 64.1914 2.4035 121.8800 2.5502
763 169.0713 1.8209 28.9268 2.4354 33.4832 2.6394 75.2126 2.7098 21.8878 2.6300 5.4214 1.9567 31.4916 2.4910 -6.9799 6.1593 61.1401 2.2415 121.9542 2.4474
764 168.6504 1.4154 29.6572 2.5124 35.0528 2.5789 73.7135 2.6109 22.6874 2.4973 2.5513 1.3560 28.1601 2.6591 -7.3921 5.8602 57.4827 2.3571 121.4787 2.5875
765 167.9161 0.9248 29.9073 2.5688 36.8177 2.6659 71.3127 2.5352 22.4007 2.4415 0.1041 0.8725 25.7454 2.7580 -7.9928 5.3169 54.6067 2.2928 120.3673 2.4744
766 167.0011 1.0404 29.7863 2.5722 39.2247 2.5397 68.1026 2.6778 21.4773 2.4466 -1.6912 0.8330 23.8845 2.5889 -8.3533 5.1618 52.0039 2.3952 118.6563 2.6201
767 166.1279 1.1534 28.9864 2.5799 41.9180 2.4534 64.5493 2.6715 19.7759 2.4488 -2.8995 1.0375 23.1943 2.5838 -8.8179 5.2419 50.1053 2.5610 116.8509 2.5852
768 165.0099 1.3132 28.2789 2.5512 45.4204 2.4027 61.0298 2.6935 17.3534 2.5844 -3.8959 0.9659 22.9943 2.5061 -9.1431 5.5723 49.2347 2.5083 115.1278 2.6213
769 164.1443 1.9122 28.1049 2.5054 49.1958 2.4558 57.2557 2.5266 14.0924 2.4656 -4.6912 0.7498 23.5356 2.4665 -9.2776 5.8133 48.7234 2.4875 113.8156 2.5142
770 163.4776 2.5251 27.8064 2.5090 52.7344 2.5774 53.7431 2.4187 10.4529 2.4851 -5.2284 0.3277 24.4521 2.4751 -8.7930 5.6273 49.1512 2.4436 113.3181 2.4920
771 162.3174 2.6551 27.1556 2.5183 56.3178 2.7404 50.8615 2.5412 6.7261 2.5456 -5.0569 -0.1561 26.6186 2.3785 -8.7520 5.3086 50.4943 2.3979 113.3745 2.5312
772 161.3731 3.1304 27.2958 2.5253 59.9850 2.5941 48.6536 2.7456 3.2646 2.6132 -5.0774 0.0735 29.4874 2.4508 -8.1931 5.3639 51.9172 2.3684 113.6472 2.4941
773 161.2009 3.2958 27.9344 2.5867 63.5683 2.6727 47.3371 2.5795 -0.0297 3.1733 -4.6645 0.6622 32.5863 2.5545 -7.4333 5.3872 53.3578 2.3414 113.8335 2.5701
774 161.3311 3.6792 29.2719 2.5895 67.1693 2.5079 46.7840 2.4884 -2.5237 3.8204 -4.5361 1.0064 35.3485 2.5843 -6.8164 5.7662 54.5730 2.4090 114.3054 2.4778
775 161.4044 4.0341 31.5390 2.5713 70.8358 2.6262 47.0756 2.4326 -5.1039 3.9266 -4.9724 0.7185 37.0859 2.5119 -5.6904 5.7367 55.2346 2.4597 114.7437 2.5436
776 161.7634 4.1152 34.6365 2.5144 74.6204 2.3510 47.4537 2.4496 -7.1683 3.7345 -5.8647 0.3350 38.4960 2.4859 -5.0068 5.4919 55.1722 2.5497 115.1112 2.4466
777 162.1295 4.0785 38.1905 2.6009 78.1197 2.4859 48.7547 2.4551 -8.6789 3.5123 -6.5864 -0.2468 38.5864 2.5251 -4.5716 5.4464 54.2073 2.5274 114.4175 2.4131
778 163.0184 4.2862 41.9740 2.6900 81.5671 2.4117 50.8517 2.3795 -9.4747 2.8443 -6.9040 -0.1645 38.2989 2.5180 -4.6094 5.1731 52.9333 2.6146 112.8028 2.4330
779 164.5307 4.6676 45.5985 2.4011 85.2248 2.5213 53.9805 2.4857 -9.5444 2.3916 -7.0959 -0.0512 37.4119 2.4859 -5.3358 5.4539 51.5332 2.5442 110.3756 2.4800
780 166.0774 4.5150 49.2658 2.4568 88.6097 2.5412 57.5076 2.4270 -8.9481 2.0658 -7.3624 0.5828 35.2237 2.5257 -5.8695 5.6645 50.0339 2.5913 107.5085 2.4446
781 167.7944 3.8643 52.0871 2.5482 91.3943 2.4279 61.1728 2.3789 -8.3075 1.8303 -7.6096 0.7988 32.5748 2.5216 -5.9650 5.4072 48.9570 2.4508 104.0491 2.4415
782 169.1497 3.3156 54.2701 2.5086 93.2320 2.6198 64.8843 2.5022 -8.1988 1.5750 -8.1577 0.8449 29.1752 2.5671 -5.7663 4.3959 48.4725 2.5192 100.3258 2.6517
783 170.0569 2.9073 55.6807 2.6332 94.3383 2.5598 68.0074 2.3166 -7.9732 1.6284 -8.7255 1.2593 25.2141 2.4915 -6.1562 3.6192 49.1587 2.6241 97.2634 2.6976
784 170.8974 2.7809 56.2127 2.5238 94.8996 2.5061 69.9213 2.3946 -7.6137 1.9895 -9.3346 1.7496 21.5602 2.5024 -6.5052 2.6675 50.4911 2.5848 94.2666 2.5034
785 171.0778 2.2709 55.7071 2.4643 94.7741 2.5735 71.1924 2.3788 -7.3380 2.2410 -9.7682 2.6315 17.6607 2.4850 -6.6857 1.9741 52.3021 2.6930 91.5813 2.4597
786 170.6610 2.0568 54.7594 2.3093 93.7406 2.5500 71.5542 2.4844 -7.7727 2.5756 -9.5478 3.0037 14.1125 2.5185 -6.9774 1.3658 54.9408 2.6570 89.7226 2.4771
787 170.0031 2.1176 52.9243 2.4165 91.8229 2.5241 71.4234 2.4942 -7.9648 2.6671 -8.8152 3.5107 10.5915 1.9126 -7.0750 0.7254 58.1913 2.5009 88.6249 2.5198
788 169.3937 2.4370 50.5442 2.3743 89.4431 2.7048 70.3353 2.5075 -8.4218 2.8070 -8.0326 3.7162 7.3928 1.3805 -6.7802 0.0153 61.3999 2.5954 88.1630 2.5125
789 168.6771 3.0797 47.2196 2.3199 86.5501 2.6109 68.5238 2.3498 -9.2568 2.7287 -7.4364 3.6158 3.9216 0.9197 -6.2028 -0.5716 63.5522 2.7025 88.5416 2.5646
790 168.0982 3.6237 43.5047 2.4716 82.6481 2.5951 66.0251 2.3222 -10.0198 2.6645 -7.2044 3.7435 1.0249 0.6380 -5.4739 -0.7930 64.9967 2.6334 89.7424 2.5529
791 168.1839 4.4272 39.7440 2.4895 79.3096 2.5623 62.8414 2.3606 -10.5456 2.6215 -6.6811 4.0150 -1.7826 0.7347 -4.6748 -0.5081 65.5567 2.5249 91.8233 2.5907
792 168.5309 5.2040 35.9415 2.5503 76.6975 2.3706 59.1544 2.5401 -10.9541 2.4008 -5.8348 4.0755 -4.2544 1.0569 -3.3209 0.0244 65.6374 2.4684 94.5701 2.6894
793 168.7263 6.0391 32.5745 2.4641 75.0699 2.5985 55.6445 2.3978 -11.2820 1.9977 -4.9336 3.6374 -6.5276 0.7362 -2.1661 0.5055 64.3613 2.4985 97.6702 2.6128
794 168.5962 6.2421 29.5102 2.4356 74.0529 2.5486 52.3099 2.4316 -11.0659 1.8845 -4.0910 3.1713 -8.0263 0.1064 -1.4630 0.8140 63.1931 2.3972 100.6077 2.5024
795 168.6261 6.1080 26.8524 2.5698 74.0528 2.5226 49.7984 2.4430 -10.5417 2.3386 -2.6512 3.2916 -8.8523 -0.3007 -1.2942 0.7619 61.7769 2.3595 102.6431 2.5377
796 168.6162 5.9132 24.8931 2.5491 74.8289 2.5193 48.1070 2.3670 -9.9619 2.7569 -1.1891 3.4557 -9.1124 -0.4052 -1.3458 0.6430 60.4591 2.3415 103.7983 2.5305
797 168.3599 5.3039 23.7097 2.5066 76.0971 2.6500 47.3568 2.4061 -10.0761 3.4057 0.1537 3.1823 -8.9459 -0.1573 -1.4835 0.9101 59.4287 2.3679 104.6454 2.4589
798 167.9932 4.8585 23.2038 2.5273 78.2142 2.6603 47.0140 2.4784 -10.1006 4.1607 1.0920 2.8440 -9.0142 -0.0243 -1.2407 1.3636 58.8989 2.5387 104.4029 2.5202
799 167.1984 4.3075 23.4077 2.6019 80.8493 2.5821 47.3511 2.4780 -9.9197 5.2226 1.1067 2.4029 -9.1992 -0.1678 -0.9723 1.7359 59.1980 2.4324 103.4577 2.6092
800 166.2951 4.1988 24.3975 2.6196 83.8438 2.3992 48.6739 2.4147 -9.4262 5.7612 1.1283 2.6804 -9.2574 -0.3995 -0.9303 1.7547 60.1860 2.3724 101.8041 2.5951
801 165.3695 3.5078 26.3450 2.4879 86.2203 2.4734 50.5098 2.3482 -9.0691 6.1246 1.2824 3.4152 -9.0403 -0.6477 -1.2809 1.8015 61.8027 2.3762 99.4054 2.6667
802 164.8410 2.7561 28.2536 2.4849 87.8282 2.4796 53.3676 2.3081 -8.9625 5.6942 1.0852 3.7958 -8.1154 -0.6237 -1.5002 1.9829 64.1749 2.3820 96.3372 2.7703
803 164.5835 2.0153 30.4504 2.4586 88.4705 2.5300 56.7855 2.3568 -9.1439 5.2784 0.8501 3.9199 -7.1410 -0.3613 -1.6875 2.1356 67.5692 2.4876 92.6487 2.5401
804 164.2032 1.7735 32.2498 2.5347 88.3089 2.3817 60.0259 2.4004 -9.6415 4.6604 0.4618 3.9289 -6.3957 0.4724 -1.2140 2.0316 71.1254 2.4139 89.2333 2.6023
805 164.3638 1.3341 33.4234 2.4279 87.0650 2.3948 63.6593 2.4849 -10.1245 4.6939 0.2052 3.8515 -5.7235 1.1963 0.0336 2.3661 74.8375 2.4385 85.8885 2.4387
806 164.3435 1.4094 33.8270 2.4811 85.8729 2.3074 67.2318 2.6982 -9.9420 5.2623 -0.3248 3.9131 -5.6921 2.2241 2.0305 2.5123 78.2254 2.3978 83.4166 2.4907
807 164.0019 1.5091 33.5636 2.5315 84.9814 2.3989 70.8032 2.4945 -9.2491 5.6388 -0.8062 3.7487 -5.9857 3.1666 4.5889 2.4725 81.2418 2.3527 81.6565 2.4976
808 163.7450 1.6875 32.7823 2.3886 83.7685 2.5194 74.0175 2.2626 -8.9743 5.4170 -1.3404 3.8876 -5.6426 3.4659 6.9996 2.2322 83.9384 2.4006 80.6213 2.6064
809 163.9845 1.5037 31.5376 2.4630 83.1994 2.5282 76.4798 2.5990 -8.8886 4.9188 -1.8603 4.4550 -5.2222 3.4598 9.3897 2.2500 85.6141 2.3081 80.5487 2.4443
810 164.7516 1.1429 30.3276 2.4098 83.5420 2.5004 78.3119 2.5017 -8.4796 4.0146 -1.6397 4.5296 -4.9618 3.7672 11.2988 2.3945 86.5702 2.4254 81.3376 2.4800
811 165.2703 1.0514 28.8869 2.3841 84.3996 2.5547 79.5337 2.5268 -7.9032 3.6240 -1.1286 3.9352 -5.3553 4.0151 12.5592 2.4929 86.5408 2.4431 82.6339 2.5135
812 165.7349 1.2869 27.9011 2.4239 85.8004 2.5036 79.8350 2.5461 -7.1026 2.9360 -0.8695 3.2943 -5.8923 4.4799 13.5634 2.4991 85.5714 2.3989 84.7797 2.3934
813 166.0500 1.7307 26.9597 2.4233 88.4810 2.6130 79.4257 2.5067 -6.5244 2.0395 -0.6754 3.1994 -6.9227 4.5735 13.5702 2.5923 83.8150 2.3930 87.8857 2.4156
814 166.5380 2.1817 25.8663 2.5411 91.3534 2.5470 78.3428 2.4629 -6.3582 1.5293 -0.3305 3.1900 -8.0111 3.8860 12.9042 2.6016 81.7639 2.3364 91.0100 2.2417
815 167.3219 2.3568 25.1075 2.4905 94.7674 2.5229 76.1816 2.4000 -6.5786 0.6495 0.1656 3.3340 -8.8594 3.1786 11.3445 2.5645 78.7493 2.3065 94.7470 2.3326
816 168.7939 2.6275 24.0446 2.5378 98.3373 2.4291 73.4407 2.4672 -7.4257 0.0595 1.2223 3.2134 -8.9360 2.2585 9.5417 2.2351 75.1090 2.3496 98.2489 2.4421
817 169.7479 2.4575 23.1939 2.6497 102.0604 2.5156 70.1272 2.3650 -8.2416 -0.6246 3.3291 3.2270 -9.3226 1.8741 7.0549 1.8779 71.8034 2.4125 101.8286 2.4510
818 170.1515 2.6052 21.9858 2.6266 105.8738 2.5760 66.5024 2.5522 -8.5344 -1.1795 5.6529 3.1349 -9.7456 1.9119 4.2438 1.3195 69.1852 2.4465 105.6735 2.5746
819 170.9315 2.4148 20.5450 2.5020 109.5340 2.6396 62.8584 2.5527 -8.3060 -1.4358 8.3446 3.0376 -10.0630 1.8808 1.3874 1.0461 67.3280 2.4260 109.2235 2.4890
820 171.1833 2.4349 18.9647 2.3953 113.3420 2.6782 59.5029 2.4289 -7.7312 -1.2851 10.4629 2.7880 -10.3427 1.4102 -1.2013 1.1789 66.4710 2.4745 112.7546 2.5833
821 171.6133 2.4790 17.4731 2.3891 117.0549 2.3722 55.8299 2.6092 -7.6194 -1.1207 12.1676 2.5175 -10.4844 1.0287 -3.6756 0.8536 65.9748 2.5296 116.2652 2.5205
822 172.0699 2.6446 16.3360 2.5623 120.5685 2.4918 52.3868 2.6154 -7.3298 -1.0044 13.2763 2.5432 -9.9079 1.0958 -5.4785 0.3118 66.4527 2.4767 119.8697 2.4924
823 171.6474 3.3115 15.7343 2.4678 124.1691 2.3271 49.7314 2.4705 -7.3089 -0.8121 13.8171 2.5448 -9.2456 1.3052 -6.7536 -0.2291 67.5921 2.5429 123.3683 2.5516
824 171.1714 3.4298 16.0372 2.5256 127.6990 2.4690 47.4939 2.4108 -7.1447 -0.9790 13.4806 2.4261 -9.1460 1.7643 -7.4233 -0.6293 69.2490 2.4492 126.7866 2.2653
825 170.0267 3.5719 17.1842 2.4192 131.3017 2.2777 46.0513 2.4413 -7.1071 -1.0376 12.5070 2.4938 -9.3331 2.9809 -7.4624 -0.4957 71.4530 2.4723 130.3051 2.4971
826 169.3046 3.5783 18.7749 2.4419 134.9179 2.5087 45.0209 2.5780 -7.1839 -0.5401 11.1572 2.6158 -9.5641 3.7177 -7.1637 0.0838 73.5597 2.3916 133.8713 2.7313
827 168.7595 3.6832 21.3590 2.3840 138.5970 2.5971 44.9482 2.6191 -7.1022 0.4313 9.7512 2.6484 -9.1113 4.3490 -6.8837 0.6464 75.7216 2.4761 137.2101 2.6447
828 168.0929 3.6692 24.3181 2.5649 141.7335 2.3861 45.7357 2.6618 -7.5748 1.2908 8.4568 2.6095 -8.4964 4.6433 -6.2368 1.2167 77.2461 2.4862 140.6840 2.5702
829 166.9406 3.9846 28.1075 2.3962 144.4346 2.4905 47.4731 2.5443 -8.0685 2.5347 7.4987 2.4214 -8.0104 4.6335 -5.6141 2.1489 77.8370 2.4184 144.0216 2.7413
830 165.2790 3.8756 31.6164 2.3905 146.1630 2.5115 50.0631 2.6071 -8.1948 3.4353 6.8612 2.5444 -7.0564 4.6348 -5.4419 2.6238 78.2488 2.4684 146.8427 2.7076
831 163.9063 3.3081 35.0896 2.4389 146.9659 2.5300 52.9059 2.6155 -8.3159 3.8233 7.1173 2.5750 -5.2763 4.7332 -5.5417 3.4905 78.8322 2.5170 148.7337 2.6806
832 162.3525 2.8383 38.5488 2.5592 147.3071 2.4582 55.4235 2.5206 -8.5346 4.6883 8.5442 2.5020 -3.0954 4.5698 -5.7360 4.2785 79.2727 2.6004 149.6413 2.4343
833 161.0094 2.3949 42.1722 2.5282 146.8197 2.3927 57.4138 2.5814 -8.3729 5.3376 10.4558 2.6773 -1.1918 4.3197 -6.3448 4.9269 79.5966 2.4626 149.8620 2.4549
834 160.1082 2.1311 45.7722 2.6060 145.9600 2.4860 58.3350 2.5285 -8.4696 6.0072 13.0296 2.5830 1.2835 4.5819 -7.4884 5.3591 79.4797 2.5095 149.2717 2.3417
835 159.4164 1.9000 49.6545 2.6549 144.5264 2.3205 58.7444 2.4802 -8.3383 6.2127 16.2719 2.4553 4.3518 4.0772 -8.7453 5.4649 79.0753 2.5018 148.3688 2.3966
836 159.0846 1.5971 53.0373 2.6082 143.3280 2.4078 58.3846 2.4046 -7.9046 6.4004 19.1728 2.5103 7.3150 3.3875 -9.5398 5.6560 78.9290 2.4745 147.4540 2.3943
837 159.0786 1.6689 55.5711 2.4269 142.2484 2.4633 57.1871 2.2844 -7.6495 5.9570 21.6138 2.6131 9.6725 2.8813 -10.2617 5.3255 78.7889 2.4106 146.3523 2.4216
838 158.9334 1.5137 57.2161 2.5425 141.5033 2.5424 55.2549 2.3765 -7.4076 5.4221 22.9839 2.5505 11.3247 2.6173 -10.8764 4.9862 78.7701 2.5067 145.3417 2.4025
839 159.4216 1.3430 57.9834 2.5165 141.1265 2.5081 52.5451 2.2652 -7.2399 5.2662 23.6873 2.5320 12.6173 2.5861 -10.7449 4.7282 78.1596 2.5414 145.1106 2.5317
840 160.2233 1.1576 57.8560 2.4622 140.8012 2.5336 49.3378 2.3543 -6.9312 4.6340 23.6632 2.5638 13.0693 2.5040 -10.3057 4.8045 77.2982 2.5212 145.5382 2.6168
841 161.6239 1.3780 57.1080 2.4671 140.1941 2.4429 46.8239 2.4404 -7.1000 4.0883 23.0188 2.4962 13.0847 2.3672 -9.7710 5.2101 76.0774 2.4928 146.7681 2.5581
842 163.9967 1.5117 55.5923 2.3042 139.7903 2.4903 45.2545 2.3588 -6.8089 3.0015 21.5821 2.6382 11.9663 2.4561 -9.3513 5.3765 74.9181 2.5041 148.8318 2.7571
843 166.3969 1.4081 53.6554 2.4199 139.5018 2.4759 44.4514 2.4063 -5.8977 2.3420 19.3373 2.7259 10.4527 2.1158 -9.6086 5.4210 73.8789 2.5970 151.2716 2.8101
844 168.2596 0.8604 51.8236 2.3794 138.5548 2.5100 44.5074 2.4551 -4.6966 2.0293 16.3084 2.8673 8.5756 1.5525 -9.6204 5.4578 73.5030 2.4015 154.2517 2.6657
845 169.2307 0.6434 50.0841 2.3769 136.9800 2.6223 44.9437 2.3958 -4.1644 2.2215 12.9371 2.5525 5.7803 1.1213 -9.5540 5.7460 73.8726 2.4198 157.2167 2.2925
846 170.0168 0.2724 48.7316 2.4257 134.8322 2.6058 46.0890 2.3027 -3.8142 2.5631 10.2547 2.4988 3.1397 1.1591 -8.7482 6.1832 74.9664 2.3556 160.3836 1.8669
847 170.4561 0.1573 48.2704 2.4277 131.8134 2.5126 48.3226 2.4102 -3.6082 2.7367 8.0656 2.3058 0.8824 0.6557 -8.2616 6.2125 76.9140 2.3052 163.2428 1.3879
848 170.7898 0.2438 48.6585 2.4378 128.3552 2.5536 51.2646 2.3663 -4.1358 2.9203 6.7717 2.3959 -1.0613 0.1179 -7.9131 6.0532 79.2715 2.2048 165.7143 1.2789
849 171.0652 0.4287 49.7601 2.3732 124.7391 2.5949 54.9354 2.2588 -5.2285 3.2455 6.0573 2.3635 -2.7108 -0.0905 -7.7080 6.0110 82.2109 2.3856 167.4663 1.1434
850 171.1870 0.2024 51.5321 2.4330 121.0499 2.6397 58.6702 2.2012 -6.3934 3.3142 6.1289 2.3638 -3.6650 -0.2505 -7.7917 5.7435 85.8530 2.3267 168.9975 1.7025
851 171.1128 0.2028 53.9148 2.3435 117.4379 2.6604 62.2907 2.3962 -7.1704 3.4804 6.8313 2.3670 -4.4563 -0.5751 -7.2511 5.2032 89.4800 2.3292 170.0571 2.0071
852 170.8786 0.8492 57.2060 2.4491 114.7454 2.4866 65.0949 2.5133 -7.8573 3.4051 7.7370 2.3275 -5.1202 -0.5217 -6.6249 4.6258 93.0144 2.4361 170.7890 2.2315
853 170.5022 1.5472 60.9862 2.5738 112.5949 2.5170 67.2616 2.5370 -8.4396 3.1595 8.5569 2.4558 -5.6052 -0.0519 -5.9015 4.4734 95.9002 2.5592 171.3399 2.2633
854 169.9842 2.4740 64.1995 2.6144 111.1153 2.4668 68.8582 2.4725 -9.0130 2.8045 9.1955 2.3735 -5.7055 0.7511 -5.5328 4.6878 98.4591 2.6051 171.6175 2.4898
855 169.2696 2.9378 67.0505 2.6339 110.2321 2.5079 69.6392 2.4510 -9.6631 2.1690 9.6727 2.5491 -6.0781 0.9050 -5.3448 4.2789 100.0397 2.5986 171.8029 2.8583
856 168.8431 3.4104 69.3449 2.5021 110.1689 2.5317 69.6168 2.5088 -10.3897 1.7311 9.5392 2.6567 -6.8701 0.4404 -4.9578 3.5925 101.8611 2.6650 171.4665 2.5636
857 168.8847 4.1951 70.5815 2.3846 110.6131 2.4643 69.3005 2.5653 -10.6357 0.9159 8.6625 2.9841 -7.6937 0.2739 -4.3923 3.1352 103.3489 2.4797 171.2294 2.0920
858 168.6850 4.7209 71.6069 2.4629 110.9304 2.4984 67.8536 2.5636 -10.3976 0.6441 7.1504 3.4952 -8.0944 -0.1664 -3.9567 3.0726 104.8532 2.5970 171.2918 1.4935
859 168.6760 4.8095 72.4435 2.4483 111.5414 2.4860 66.5767 2.4976 -9.6954 0.7342 4.7497 4.1034 -8.5210 0.0336 -4.2018 2.8774 106.1944 2.4123 171.5452 1.1681
860 168.5521 4.5308 72.8176 2.5389 112.0084 2.5089 65.0131 2.4383 -9.5106 0.8631 1.7995 4.4963 -8.8968 0.2620 -4.3415 2.0349 107.4472 2.4650 171.6382 1.0454
861 168.6137 3.3162 73.1543 2.5746 112.1311 2.5029 63.4595 2.5504 -9.3281 1.2176 -1.3066 4.4068 -9.5494 0.5790 -4.7082 1.4320 108.3443 2.4545 171.4635 0.5828
862 168.8510 1.9849 73.1646 2.5267 111.9855 2.3776 62.7791 2.5437 -9.1971 1.7074 -4.0168 4.1661 -10.3376 0.9046 -4.7563 1.4681 108.4288 2.4326 170.8688 0.1610
863 169.7548 1.1164 72.2412 2.5214 110.7236 2.4608 62.8290 2.4488 -9.2493 1.9637 -6.1270 3.6471 -10.4759 0.5798 -5.1372 0.8461 108.3445 2.5653 169.8186 -0.1591
864 170.5442 0.5714 71.1417 2.5064 108.8617 2.5336 63.6387 2.4324 -9.2591 1.9054 -7.2930 2.9608 -10.0708 0.2826 -5.3586 0.2192 108.5020 2.5136 168.9241 -0.3256
865 170.9226 0.2885 70.1864 2.4805 106.0361 2.2963 64.9902 2.4946 -9.0789 1.8938 -8.0151 2.2958 -9.7871 0.2844 -5.3749 0.4265 108.9540 2.5143 168.8889 -0.3050
866 171.0700 0.1402 68.7718 2.5329 102.7052 2.4346 66.8263 2.4165 -8.8895 2.2383 -7.9953 1.9251 -9.8082 0.5052 -5.7702 0.5630 109.8872 2.4855 168.9403 -0.1362
867 171.3905 0.1340 67.3481 2.4845 98.8586 2.2690 69.6070 2.4886 -8.4610 2.7888 -7.4426 1.5160 -9.9661 1.0226 -6.6179 0.4076 110.5998 2.4825 168.8689 -0.1258
868 171.1686 -0.0943 66.0912 2.3937 95.0982 2.4738 72.1998 2.4958 -8.6809 3.0229 -6.5322 1.1562 -10.0928 1.2242 -7.5742 0.1191 111.4202 2.4687 169.1820 0.1365
869 170.9914 0.0175 64.2741 2.5182 91.6142 2.4119 74.3978 2.3438 -9.2610 2.7556 -4.8670 0.7723 -10.1728 1.1643 -7.9755 -0.2663 111.9965 2.4828 169.1581 0.6937
870 171.5154 0.6794 62.5518 2.5355 87.9041 2.3948 75.8783 2.4173 -10.0242 2.7058 -2.5531 0.5118 -10.0777 0.9264 -7.8211 -0.4414 112.5703 2.5485 169.2491 1.0086
871 171.8448 1.0951 60.6810 2.5216 84.2706 2.4753 76.6564 2.4496 -10.3263 2.9105 -0.1491 0.8735 -9.8687 0.3098 -7.3654 -0.2540 113.8232 2.5647 169.2077 1.8247
872 171.9342 1.6689 58.9367 2.4014 80.6117 2.4249 76.7160 2.3988 -10.7931 2.8554 2.1302 1.3944 -9.8299 -0.0624 -6.3040 -0.2543 115.3138 2.4415 169.0872 2.6655
873 171.9660 1.9888 57.8740 2.5696 77.0931 2.4122 76.1354 2.3038 -10.8560 2.2535 3.6754 1.9131 -9.8098 -0.3447 -5.2051 -0.1132 116.6652 2.4763 169.2104 3.3464
874 171.5073 2.1622 57.5323 2.5206 73.9338 2.5160 74.8397 2.4510 -10.8249 1.5395 4.2584 2.3303 -10.0604 -0.6093 -3.7553 0.1545 118.3318 2.4541 169.3264 4.1477
875 171.4047 2.1855 58.1344 2.4605 71.3271 2.5295 72.7582 2.5011 -10.2021 0.9061 4.2922 2.6882 -9.7413 -1.0221 -1.3318 0.3697 119.9384 2.4615 169.7999 4.8251
876 171.1918 1.9727 58.8935 2.5881 69.3672 2.5061 70.2096 2.4163 -9.8753 0.4668 4.2176 3.1213 -9.7327 -1.0799 1.8068 0.7989 121.5822 2.5395 170.0243 5.2803
877 170.3670 1.7872 59.8340 2.6058 68.3707 2.5345 67.6536 2.5246 -9.3274 0.2798 3.8400 3.6707 -9.5767 -0.5796 4.5784 1.2658 122.7228 2.5256 169.8839 4.9465
878 169.2384 1.7293 60.5621 2.6250 68.1636 2.5560 65.8550 2.4779 -8.3874 0.8711 2.7988 4.3351 -9.7090 0.1453 7.6098 1.9646 123.7749 2.5031 169.6410 4.3043
879 167.9942 1.3544 61.0351 2.5590 68.6958 2.5145 64.5352 2.4795 -6.8702 1.0734 1.0007 4.7755 -10.0771 0.8695 10.8053 2.3490 125.1810 2.3869 169.5711 3.3454
880 166.3411 0.8011 60.8407 2.4904 69.1799 2.5358 64.1219 2.5680 -5.0698 0.8057 -1.2654 4.8847 -10.5068 1.7766 14.2792 2.5466 126.1270 2.4819 169.7123 2.9322
881 164.2945 0.7349 60.4018 2.4317 69.9967 2.4926 64.0614 2.4135 -2.8784 0.5569 -3.8499 4.5056 -10.6512 2.4572 17.8186 2.4660 127.2681 2.4193 169.9844 2.9516
882 161.8786 0.6907 58.9798 2.3565 70.6996 2.5838 65.1413 2.5916 -0.3888 0.5162 -6.1858 3.9584 -10.6635 2.8531 21.4949 2.5049 128.6771 2.5034 170.4152 2.9540
883 159.3823 1.1531 56.6772 2.4695 71.4449 2.5456 66.7598 2.5132 2.3752 0.8298 -7.5189 3.2635 -10.7157 2.9462 24.7917 2.4517 130.6301 2.5765 170.3530 2.7620
884 156.8226 2.1370 53.6186 2.5262 71.5622 2.4475 69.0863 2.5324 5.1722 1.3348 -7.8879 2.6632 -10.4530 3.4194 28.2480 2.6701 133.2586 2.7427 169.4618 2.6730
885 154.5675 2.4679 50.2532 2.3739 70.8260 2.5054 72.0251 2.4815 7.1150 2.0323 -8.2649 2.3300 -10.5267 3.7388 31.4800 2.5092 136.9433 2.7040 168.2301 2.6197
886 153.2033 2.6754 46.9250 2.3906 69.5895 2.4512 75.3050 2.5061 8.4903 2.3538 -8.6935 1.8540 -10.5779 4.1386 33.8586 2.3645 140.6577 2.5312 166.4892 2.7237
887 152.2662 2.7214 43.4466 2.4820 67.1726 2.6247 78.6168 2.4544 9.4178 2.5604 -9.0014 1.4414 -10.6881 4.4398 35.5728 2.4060 143.9054 2.6899 164.6362 3.3550
888 151.6990 2.6048 40.1328 2.5998 64.4299 2.4575 81.3731 2.5088 9.6467 2.5667 -8.8864 1.1446 -10.7185 4.1285 36.6772 2.5086 147.3144 2.7547 162.3239 3.7431
889 152.3199 2.4762 37.0497 2.4883 61.1851 2.5694 83.8119 2.5124 8.7533 2.5950 -8.2523 1.6298 -10.7801 3.6982 36.5225 2.4837 150.7380 3.1323 160.4635 4.0703
890 153.4152 2.4862 34.5505 2.6012 58.6983 2.6495 85.9515 2.4335 7.0332 2.5230 -7.3836 2.2283 -11.0854 3.4290 36.0369 2.4836 154.0249 3.4315 158.5568 3.6365
891 155.0825 2.4098 32.6918 2.5954 57.1259 2.5672 87.9911 2.3848 5.0830 2.2829 -6.7360 2.8465 -11.1955 3.0052 34.5998 2.4734 157.2156 3.2593 157.6815 3.2683
892 157.4330 2.5073 31.1159 2.5237 56.1969 2.4991 89.8827 2.4767 2.3740 2.0160 -6.1674 3.4092 -10.8704 2.7751 32.6317 2.4362 160.3946 2.8844 156.7934 3.1915
893 160.1804 2.8342 29.6133 2.5017 55.9348 2.5275 92.1269 2.4087 -0.7032 2.1105 -5.1661 3.8943 -10.5453 2.7692 29.3543 2.3522 163.1354 2.4696 156.6857 2.7575
894 162.9879 3.4885 27.8907 2.5326 56.1966 2.5766 94.0105 2.4474 -3.7641 2.0532 -4.2947 3.9775 -10.2920 3.3093 25.9391 2.2924 164.8569 1.7237 156.9009 2.3921
895 165.0501 4.1735 26.3613 2.5114 57.3876 2.5830 95.8160 2.5971 -6.0333 2.6054 -2.7834 4.1274 -9.9600 3.7507 22.3773 2.5783 166.2134 1.1532 157.7831 2.2278
896 166.5175 4.6854 24.6392 2.4352 59.6141 2.5407 97.1557 2.6757 -7.5677 3.1597 -1.4184 3.9406 -9.7286 4.3436 19.4749 2.6158 167.1626 0.4780 158.8934 2.3670
897 167.4884 5.3030 22.5859 2.5558 62.6520 2.5114 97.8843 2.4491 -8.3788 3.5361 -0.3564 3.9016 -9.1212 5.5229 17.3144 2.5132 167.2389 0.5170 160.6456 2.4620
898 168.5736 5.5116 20.7910 2.4702 66.1752 2.6178 98.3115 2.4243 -8.9375 3.9375 0.1934 3.2775 -8.1585 6.2728 16.0741 2.4645 166.7966 0.4132 162.6608 2.3555
899 169.5116 5.6474 18.4448 2.5727 69.6731 2.7030 98.8074 2.5274 -8.6740 4.3296 0.0735 2.2485 -7.5194 6.1701 15.4358 2.5111 165.6947 0.0902 164.4576 1.8227
900 170.4192 5.6610 15.6615 2.5895 72.7223 2.4514 98.9712 2.5840 -8.4278 4.6172 0.0181 1.1347 -7.3456 5.8478 15.5582 2.5780 163.8772 0.4170 166.3318 1.6162
901 170.5910 5.5333 12.2677 2.4446 75.1593 2.4015 97.8408 2.5852 -7.3292 4.9138 -0.2632 0.8226 -7.4229 4.7842 16.3594 2.6069 161.5373 0.6470 167.8955 1.2486
902 170.9127 4.8422 8.7105 2.4706 76.5910 2.4967 96.3721 2.5100 -6.5747 5.6183 -0.8870 1.0244 -7.7302 3.6357 18.0228 2.6134 158.4775 0.9746 169.1143 1.3121
903 170.5847 4.4077 5.2266 3.0120 77.5161 2.5041 94.4394 2.4495 -5.7727 5.7546 -2.0752 1.1642 -8.2780 3.4110 20.1079 2.7046 155.0885 1.2330 170.3885 1.4122
904 170.2313 3.6626 1.6195 3.0578 77.9059 2.5143 92.4050 2.5258 -4.8858 5.7720 -3.7336 1.0461 -8.3244 3.1740 23.2496 2.6311 152.0890 1.8041 171.0913 0.9058
905 170.4102 2.7373 -1.3924 2.8475 77.9866 2.4660 90.2722 2.6535 -4.8461 5.7639 -5.4493 0.6843 -8.3200 2.6907 26.5895 2.5643 148.7901 2.2609 171.1926 0.1657
906 171.0059 2.2287 -3.6228 2.6917 77.8289 2.4845 88.7812 2.6961 -4.6659 5.7791 -6.9325 0.2921 -9.1263 2.1450 29.0973 2.5218 145.2305 2.4327 170.7917 -0.4316
907 171.5393 1.9437 -5.6534 2.4565 77.3156 2.5054 87.0629 2.5594 -4.8763 5.3138 -7.6881 0.1746 -9.9447 1.5902 30.9770 2.4721 141.5879 2.6432 170.3939 -0.3700
908 171.4875 1.9114 -7.2846 2.0165 76.3142 2.4301 85.3176 2.6015 -5.5220 4.4538 -8.5368 -0.0562 -10.6194 1.0137 32.4759 2.5565 138.1361 2.5729 170.2377 -0.2998
909 170.9667 2.0387 -8.1471 1.4787 74.7924 2.4808 83.5650 2.5310 -6.5827 3.7822 -8.8118 -0.0112 -11.0829 1.1186 33.0337 2.4739 134.4902 2.5856 169.8107 -0.1455
910 169.8481 2.3917 -8.4034 1.2634 73.1029 2.4774 81.6142 2.4568 -7.6947 3.2630 -9.1556 -0.1115 -11.4964 1.5277 33.2948 2.4856 130.8607 2.6308 169.6264 -0.4470
911 169.2902 3.1303 -8.0256 0.6427 71.4961 2.5402 80.0185 2.4180 -8.4133 3.7863 -9.5610 -0.0716 -11.4072 1.9363 33.3793 2.3859 127.3270 2.5874 169.0113 -1.0154
912 169.2514 4.3590 -7.2811 0.2281 70.1351 2.6236 78.2462 2.4365 -9.3460 4.1740 -9.8718 -0.0564 -11.4940 2.3829 33.1946 2.4730 124.0775 2.4077 168.2275 -1.4973
913 169.8888 5.3277 -6.3379 -0.4392 68.9046 2.5503 76.1771 2.6033 -9.9301 4.3537 -9.7704 0.2298 -11.0299 2.1379 33.3230 2.5040 120.6195 2.4396 167.1825 -1.5964
914 170.0923 5.3846 -5.7773 -0.8252 67.3237 2.4135 73.5177 2.5754 -9.9324 4.4099 -9.5711 0.9498 -11.0656 1.5782 32.7426 2.5044 117.0088 2.4243 166.3414 -1.0685
915 170.2446 5.0825 -5.4673 -1.1015 65.0811 2.4691 70.5372 2.4639 -9.5293 4.2507 -9.5920 1.7855 -10.9873 1.3702 31.9955 2.4333 113.2642 2.3507 164.9207 -0.7739
916 169.8608 4.4522 -5.5313 -1.1486 62.3378 2.4253 68.2826 2.3411 -8.4135 4.2496 -9.8850 2.3713 -11.1580 1.5722 31.1235 2.5232 109.7580 2.2059 163.8985 -0.4650
917 169.5882 3.6412 -5.3756 -0.8994 59.6257 2.5060 66.3747 2.3946 -7.5788 4.2091 -10.3094 3.0266 -11.4272 2.5601 30.3703 2.5666 106.7499 2.5454 162.7057 -0.3656
918 169.3695 2.7033 -5.6270 -0.6840 58.1452 2.6434 65.1485 2.5048 -6.3040 4.6181 -10.6683 3.4034 -11.3155 3.3498 29.6848 2.5470 103.8284 2.4912 161.2322 -0.0556
919 169.1638 2.2906 -6.3879 -0.9803 56.8032 2.5607 64.8500 2.4877 -4.3046 4.7738 -10.6105 3.4011 -10.7228 4.2693 28.3880 2.5745 101.9798 2.4177 159.8443 0.5142
920 168.8989 1.8957 -6.9797 -0.7682 56.2344 2.4708 65.2768 2.5490 -2.5723 4.5983 -10.3505 3.1520 -9.9514 4.9540 27.2870 2.4271 100.9983 2.4852 158.6809 0.9818
921 168.3626 1.9823 -8.1931 -0.4870 56.9709 2.5170 66.2173 2.5666 -1.2472 4.5367 -10.0160 2.5539 -8.6794 5.5474 25.2475 2.4626 100.6184 2.5095 158.2771 1.8650
922 167.7374 2.0252 -9.2682 0.0726 58.1504 2.4274 67.5057 2.6031 -0.6486 4.5155 -9.1065 2.1435 -7.7165 5.7167 23.2718 2.4467 100.9004 2.5802 158.2987 2.6563
923 167.2670 2.4310 -9.7700 0.9762 60.0199 2.5028 69.0372 2.5754 -0.2914 4.4794 -8.5906 1.5966 -7.1743 5.7822 21.3676 2.6144 102.2285 2.5401 158.6978 3.0525
924 167.1356 2.9023 -9.6245 1.9799 62.6391 2.4633 70.7874 2.6468 -0.2026 4.4086 -7.9339 1.2957 -7.0447 6.0377 20.0207 2.5941 104.1227 2.5630 159.6989 3.2814
925 167.4007 3.2125 -9.4411 3.4507 65.6139 2.4076 72.1171 2.6018 -0.4680 4.4768 -6.8650 1.1105 -6.7212 6.2693 19.7965 2.5649 106.3224 2.5765 161.4321 3.8562
926 167.9896 3.9827 -9.3371 4.3127 68.9627 2.3140 72.9303 2.4929 -1.1418 4.8507 -5.9431 1.2194 -6.5210 6.4103 19.8356 2.4206 108.8671 2.5311 163.2075 4.4459
927 168.8878 4.7178 -9.2463 4.9551 72.5205 2.4645 72.7790 2.4524 -1.5691 5.3416 -4.6366 1.3305 -6.2407 6.4621 20.6085 2.4769 111.0958 2.5570 164.7896 4.7407
928 169.4973 5.3514 -9.2735 5.1738 75.9149 2.2791 71.7513 2.6087 -2.5496 5.3774 -2.8415 1.7830 -5.9769 6.2894 22.3582 2.4902 112.5208 2.5373 166.3341 5.0838
929 170.3254 5.0866 -9.4153 5.3441 79.4854 2.4388 70.2973 2.6483 -3.3265 5.3543 -0.8908 2.0410 -5.8066 6.2707 24.0991 2.4094 112.9894 2.4176 167.7644 5.1790
930 171.0659 4.9916 -9.2717 4.8642 82.6322 2.3330 67.9018 2.4559 -3.1910 5.1383 1.1271 2.2331 -5.7116 5.9994 25.6309 2.4667 112.8168 2.3377 168.7998 5.3002
931 171.3459 5.3096 -9.2056 4.2681 84.7782 2.2586 64.8777 2.4904 -2.2319 5.0245 3.0816 2.5706 -5.8319 6.0103 26.9071 2.6072 112.0073 2.3972 169.6665 5.5939
932 171.3272 4.9903 -8.6414 3.4653 86.5141 2.4244 60.9941 2.6214 -1.6699 5.0547 5.3959 3.1463 -6.1501 5.8523 27.3295 2.4871 110.9266 2.4642 169.8797 5.6717
933 171.4839 5.0211 -8.6204 2.5881 87.3288 2.4857 57.3026 2.4562 -0.8974 4.5413 7.6666 3.2802 -6.0564 5.5510 26.8318 2.4653 109.6005 2.4284 169.3125 5.6554
934 171.7378 5.1590 -8.5880 1.7345 87.3250 2.5001 53.9121 2.5552 -0.6742 3.9077 10.6057 2.9502 -5.7031 5.5023 26.0119 2.5735 108.5304 2.4354 168.5415 5.3613
935 171.2368 5.7506 -8.2295 0.6188 86.6982 2.5233 51.0415 2.4894 -1.0396 3.3238 13.5047 2.6780 -5.4986 5.4386 25.2485 2.4886 107.4031 2.4514 167.2604 4.9541
936 170.6696 5.7207 -7.9228 -0.1365 85.4619 2.5317 48.9704 2.4753 -0.4869 2.5252 16.0639 2.4743 -5.1621 5.5057 24.7898 2.4470 107.0295 2.4991 166.2256 4.1761
937 170.1961 5.7511 -7.4558 -0.8987 83.2224 2.4685 47.6504 2.4258 -0.4752 1.5889 18.1982 2.3072 -5.5328 5.3406 24.2311 2.4203 107.4221 2.3937 165.0423 3.6858
938 169.7796 5.4339 -7.3403 -1.3255 80.4591 2.5902 46.9594 2.5101 -1.1400 0.6473 19.4875 2.4973 -6.0242 5.2659 23.8405 2.5378 108.0474 2.3945 163.9484 3.4917
939 169.8226 5.0508 -7.0685 -1.0838 77.5834 2.7483 47.1173 2.5387 -2.5458 0.0892 19.7766 2.4565 -7.0693 4.9593 24.3533 2.6143 109.2586 2.4044 162.4925 3.4382
940 169.4352 5.1867 -7.1173 -0.8188 75.0712 2.5947 48.0041 2.3540 -3.8383 -0.2440 19.1441 2.4058 -8.1976 4.3198 25.5825 2.6053 110.3673 2.4846 161.1147 2.8983
941 168.8087 5.5539 -7.2738 -0.5398 73.3493 2.5203 49.6552 2.4418 -5.0431 -0.8665 18.0794 2.4154 -8.9235 3.7096 27.8513 2.5509 111.3392 2.4920 160.1484 2.6172
942 168.4441 5.6744 -7.4705 -0.0385 72.5392 2.4590 51.5255 2.3973 -6.0703 -1.1591 16.4100 2.3719 -8.8121 2.4128 30.4285 2.5890 111.8198 2.5413 159.6145 2.2893
943 168.1632 5.3542 -7.6760 1.0341 72.4043 2.4966 53.1620 2.4792 -6.3979 -1.5409 14.3666 2.4261 -8.6969 1.3972 33.3877 2.5479 111.8285 2.4530 159.9594 1.5884
944 167.3479 4.8087 -8.1880 1.8398 72.5115 2.5171 54.8581 2.4383 -6.4360 -1.5266 12.3739 2.4311 -8.2325 1.2349 35.9711 2.4394 110.7053 2.4154 160.7266 0.8020
945 166.9032 4.1430 -8.6493 2.7738 73.4397 2.4880 55.9223 2.3995 -6.7342 -1.5684 10.7529 2.4659 -7.9746 0.7548 37.8620 2.4275 108.7127 2.4014 162.3362 0.4751
946 166.6462 3.8658 -9.2533 3.6516 74.2373 2.5381 56.9948 2.4507 -6.9086 -0.9815 10.1544 2.4787 -7.4189 0.5953 38.8347 2.4551 106.1934 2.3933 164.0788 0.3711
947 166.7744 3.6142 -9.1854 4.3654 75.0237 2.5466 57.8274 2.5318 -6.7463 0.1157 10.2979 2.4352 -7.3062 0.9069 39.0760 2.5555 103.0070 2.4529 166.2133 0.8373
948 166.2990 3.5748 -8.7505 5.0980 75.4009 2.5217 58.4344 2.5551 -6.4549 1.3302 11.2973 2.4352 -7.1688 1.9635 38.6955 2.6510 99.3729 2.3898 167.8786 1.3905
949 165.9839 3.0729 -8.0614 5.7986 75.5226 2.4691 59.0677 2.5034 -6.0068 1.9062 12.9474 2.4073 -6.8695 2.5198 37.4496 2.5676 95.7047 2.5666 169.0266 2.1610
950 165.4836 2.3215 -7.7335 6.0638 74.5052 2.3737 59.3523 2.5395 -5.6658 2.3014 15.0847 2.3233 -6.6937 3.5799 35.4690 2.5657 92.6522 2.4951 169.2010 2.5903
951 165.7617 1.0540 -7.9528 6.5088 73.1049 2.4762 59.7173 2.5004 -5.5329 3.0641 17.6793 2.4467 -6.9533 4.3613 32.6144 2.5753 90.0541 2.3952 169.0522 3.3286
952 165.9278 0.0777 -8.3778 6.4109 71.1536 2.3565 60.7764 2.6068 -5.3640 4.0494 20.5737 2.4865 -7.7487 4.9425 29.1813 2.5441 87.9749 2.3656 168.6223 3.9077
953 165.8776 -0.4290 -9.0565 5.7036 69.6326 2.4352 62.4990 2.6553 -5.6344 4.9772 22.5226 2.4465 -8.5814 5.4564 25.6875 2.4424 86.9355 2.4432 167.4734 4.3622
954 165.6949 -0.4097 -9.5177 5.0962 67.9352 2.4978 64.1105 2.5858 -6.4655 5.7981 23.7618 2.3888 -9.4318 5.2949 22.0042 2.3441 85.7892 2.5476 165.5184 4.5305
955 165.5119 -0.2731 -9.3690 4.5495 67.0775 2.3655 65.8609 2.6425 -7.0736 5.9196 24.2284 2.4574 -9.0112 5.2908 18.4357 2.2549 84.5223 2.4644 163.3608 4.5681
956 165.0771 -0.2557 -9.4787 5.1082 67.1812 2.4920 67.0937 2.5999 -7.5836 5.4084 24.2117 2.4831 -7.9918 4.7699 14.7790 2.2900 83.3883 2.4885 161.1234 4.3072
957 164.4625 -0.0487 -9.3893 5.6330 67.8593 2.5386 67.5765 2.5259 -7.9005 4.9385 23.4059 2.5783 -6.8421 4.1114 11.2870 2.3477 82.3180 2.3949 158.8836 3.9148
958 164.0292 0.0875 -8.9260 5.8036 69.2531 2.5729 67.4104 2.4071 -8.4390 4.3201 21.5924 2.4779 -6.0648 3.4950 7.6371 2.6467 81.0104 2.5005 156.1976 3.4131
959 163.3307 0.2094 -8.6366 5.7744 71.2569 2.5932 66.3184 2.3862 -9.3148 3.8251 19.4707 2.5628 -5.2864 3.2122 4.4491 2.4807 79.9364 2.5378 153.2538 2.9829
960 162.7583 0.2095 -8.1806 5.5074 74.2003 2.5799 65.0101 2.4353 -10.2006 3.3835 17.5819 2.6359 -5.2993 3.3759 1.8354 2.1208 78.5895 2.4935 150.6143 2.4965
961 162.3876 0.2500 -6.9285 4.9870 77.3744 2.4546 62.8524 2.4446 -10.8385 3.1495 15.5728 2.4293 -5.3137 3.6326 -0.3211 1.8367 76.2484 2.6564 148.0687 2.4638
962 162.1669 0.1349 -5.1762 4.6801 80.9367 2.5088 60.8863 2.4495 -11.0168 3.0332 14.3817 2.4900 -5.5810 3.8544 -1.9044 1.4391 73.4052 2.6616 146.2823 2.6304
963 162.4374 -0.1398 -2.7705 4.7363 84.4089 2.3920 58.9754 2.5555 -10.7710 3.0663 13.5759 2.4428 -6.1785 3.8601 -3.2154 0.8309 70.0912 2.4998 145.4653 2.4973
964 162.8126 -0.3044 -0.1231 4.5808 87.8595 2.4953 57.4364 2.5226 -10.1013 3.2674 13.8130 2.4734 -6.8358 3.6400 -4.8035 0.1460 66.5870 2.7029 145.0066 2.4660
965 163.3429 -0.1436 2.8830 4.0843 91.0481 2.6556 56.8380 2.5441 -9.0655 3.4610 14.7950 2.4513 -7.4029 3.5163 -6.4451 -0.4238 62.8841 2.6778 145.2382 2.6108
966 163.9968 0.2480 5.4743 3.5677 94.8694 2.6098 56.9891 2.4611 -8.1473 3.5416 16.3363 2.4426 -7.6968 2.9765 -7.2529 -0.7377 59.0599 2.4922 146.6688 2.6250
967 164.0420 0.3904 7.2453 2.9538 98.0719 2.5137 58.1781 2.4306 -7.8577 3.5818 18.4951 2.5072 -7.8519 2.6119 -7.9258 -0.5303 55.3946 2.4881 148.5924 2.7860
968 163.6692 0.3756 8.5014 2.7376 101.8721 2.4714 60.1921 2.3683 -7.6230 3.6911 21.7863 2.3363 -7.7322 1.9918 -8.4809 -0.0713 51.9333 2.4357 151.1288 3.2058
969 162.2120 0.5193 9.5711 2.5084 105.0918 2.6880 62.8775 2.4655 -7.3889 3.7264 25.2344 2.3134 -7.4919 1.4964 -8.7149 0.5563 48.5162 2.4626 154.2957 3.1017
970 160.1727 0.6651 9.5899 2.6361 107.6015 2.5910 66.2168 2.4400 -7.2835 3.5251 28.9692 2.3435 -6.9327 1.3797 -9.2880 1.3296 45.5444 2.6713 157.1974 3.0366
971 157.9816 1.1654 9.0151 2.9396 109.3803 2.5573 69.1307 2.5343 -7.4947 3.0495 32.4768 2.5375 -6.5493 1.6720 -10.2274 1.6759 43.4039 2.3977 160.2299 2.4566
972 155.9222 1.6367 7.6814 3.6201 110.3478 2.5212 71.3518 2.4406 -7.7972 2.5351 36.0618 2.5451 -6.1306 2.1350 -10.6882 2.8204 41.9322 2.4613 162.8019 1.6712
973 154.5007 2.1928 5.7512 4.2481 110.6728 2.5129 72.9206 2.6392 -8.7046 2.0513 39.5161 2.4674 -5.7965 2.5310 -10.9823 3.5325 41.1241 2.4907 164.6943 1.1726
974 153.5618 2.6080 2.9543 4.5504 110.2341 2.4659 73.8267 2.5235 -9.4122 2.2397 42.5053 2.3894 -6.0240 3.0849 -10.9648 3.7362 40.9530 2.4537 166.1226 0.6905
975 153.1611 2.5601 0.0438 4.8283 109.2827 2.4195 73.9830 2.4809 -9.5534 2.9086 44.5272 2.4920 -6.8073 3.5313 -10.6716 3.6387 41.5906 2.4228 167.7964 0.6716
976 153.6547 2.7280 -2.7893 4.7495 108.7818 2.3937 73.2558 2.3654 -9.5253 3.5816 45.9886 2.5508 -7.3218 3.5950 -10.4567 3.0266 42.6415 2.4722 168.6295 -0.0575
977 154.8117 3.0026 -5.0213 3.9805 107.9584 2.4209 71.9786 2.3787 -8.9870 3.8271 46.9801 2.5428 -7.6942 3.3866 -10.0035 1.8452 44.2438 2.5012 168.9852 -0.8334
978 156.7633 3.1164 -7.1186 3.4493 107.2610 2.4698 69.8863 2.3731 -8.2183 4.0911 47.0130 2.4582 -8.8109 3.6391 -9.9059 1.2058 46.2197 2.3065 168.7264 -0.9599
979 159.1423 3.2131 -8.7822 3.0652 106.8829 2.4452 67.0749 2.3741 -7.7726 4.5091 46.6333 2.4741 -9.7341 3.7726 -9.7225 1.0046 47.9925 2.5170 168.4363 -0.8202
980 162.1583 2.7480 -9.9682 2.9088 107.3652 2.6485 63.7055 2.3467 -7.1482 5.6040 45.2260 2.4702 -10.3731 3.6354 -9.7508 1.0371 49.4100 2.4326 167.9148 -0.7253
981 164.6739 2.4413 -10.6494 2.9767 108.6736 2.6280 60.1667 2.3978 -6.7684 5.7900 42.9260 2.4699 -10.4910 3.1908 -9.6145 1.1769 49.7054 2.4185 167.5643 -0.2295
982 166.3829 1.9703 -10.8903 3.1343 110.4634 2.5665 56.7372 2.2275 -6.5945 5.7098 40.3038 2.3179 -10.6219 2.4539 -9.4223 1.2523 49.0059 2.3406 167.4887 0.2032
983 167.5794 1.4229 -10.3769 3.1032 113.3135 2.5491 53.0808 2.6250 -6.7743 5.1811 37.5399 2.4781 -10.3787 1.9551 -9.1242 1.5781 48.0418 2.2521 167.4612 0.6395
984 168.1982 1.1980 -9.4631 3.2496 116.6478 2.4980 49.6490 2.5494 -7.0203 4.5882 35.3118 2.4737 -10.4383 1.6998 -8.9214 2.2444 46.4875 2.3318 167.1224 1.0393
985 168.5413 1.0515 -8.8392 3.5842 120.2913 2.7084 46.2004 2.2764 -7.2306 3.5025 33.9539 2.4831 -10.6375 1.9282 -9.1701 2.6831 43.8702 2.4334 166.5460 1.2401
986 168.1964 0.9194 -8.7016 4.1673 123.8588 2.5178 42.7061 2.3674 -8.0054 2.6515 33.4700 2.5568 -10.6817 2.4699 -9.6558 3.3338 40.4060 2.5247 166.7338 1.8671
987 167.8954 0.6330 -8.6900 5.0897 127.2005 2.5144 40.1014 2.3254 -8.9465 1.9162 33.7695 2.3752 -10.9654 3.1897 -10.0071 3.9619 37.1632 2.6117 167.4671 2.5013
988 167.1463 0.4334 -8.8458 5.8446 130.6141 2.6106 38.2433 2.3234 -9.7457 1.7507 34.6230 2.3722 -10.9244 3.5631 -10.3445 4.3329 34.6606 2.6524 168.7987 2.3451
989 166.7668 0.3178 -9.0027 5.7173 133.9046 2.5692 37.1211 2.5816 -10.1567 1.0807 36.3435 2.5483 -10.5824 3.7658 -10.4171 4.9221 32.7000 2.5830 169.4868 2.2214
990 166.0488 0.1896 -8.7713 5.1386 136.4727 2.5884 36.4044 2.5264 -10.3925 0.3364 38.8613 2.4137 -9.8585 3.6569 -9.8305 5.1792 31.2133 2.4743 169.4103 2.1894
991 165.7036 0.4737 -8.4856 4.1860 138.1214 2.5276 37.0149 2.5450 -10.3234 -0.3519 42.2895 2.6143 -9.3040 3.6444 -9.5490 5.2363 30.1501 2.4938 169.3831 2.0194
992 164.8954 1.0067 -8.1201 3.3223 139.3826 2.4146 38.1009 2.6295 -9.8794 -0.7692 45.8458 2.4998 -8.5325 3.3952 -9.1386 5.1724 29.4190 2.4398 169.4442 2.6840
993 163.6180 1.0824 -8.0456 2.6310 139.5033 2.4957 39.9972 2.6273 -9.4093 -0.6464 49.4715 2.5645 -7.4847 3.3648 -8.2666 4.4907 29.8023 2.5342 169.7083 3.5026
994 162.1928 1.0895 -7.9581 1.4069 139.3687 2.4930 42.2303 2.6423 -9.5090 -0.4296 52.4910 2.4364 -6.5049 3.3282 -7.5722 3.9821 30.3727 2.5788 169.9822 4.2841
995 160.7897 1.0764 -7.8614 0.4297 138.1400 2.3783 45.1368 2.5888 -9.4173 0.2388 54.9019 2.5214 -5.2333 2.9429 -7.1741 3.7316 31.4460 2.4783 169.7948 4.9044
996 159.0856 1.2013 -7.5514 -0.4612 136.4116 2.5009 49.0288 2.6937 -8.8874 1.5131 56.1986 2.4471 -3.4289 2.7896 -6.7177 3.7869 32.9053 2.5965 169.3869 5.2180
997 156.9217 1.2388 -6.8818 -0.8570 133.5508 2.5294 52.6216 2.5846 -8.1617 2.2840 56.7481 2.4533 -1.6258 2.2237 -6.4996 3.3132 33.9021 2.4588 169.2713 5.5721
998 154.4281 1.3347 -6.1996 -1.0298 130.3294 2.4433 56.3238 2.5473 -7.2145 2.7581 57.0088 2.5132 0.3053 1.7803 -6.5996 2.9802 34.6066 2.4828 169.0698 6.0485
999 151.9372 1.9507 -5.6789 -0.8240 127.1174 2.3071 59.8448 2.5171 -6.9192 3.2854 56.3332 2.5365 1.6164 1.3868 -6.5046 2.7926 34.6670 2.4677 169.6268 5.9635
1000 149.8476 2.4120 -5.2374 -0.7620 123.6131 2.3250 62.9761 2.4607 -7.0133 4.1311 54.7403 2.5929 3.0461 1.3763 -6.3226 2.0864 34.2038 2.4258 169.8492 5.8740
1001 148.3344 2.3432 -5.1525 -0.9214 119.7292 2.4999 65.4748 2.5327 -7.1598 5.0284 52.5195 2.5677 3.7560 1.7185 -6.5040 1.7650 32.8504 2.3226 169.6045 5.9106
1002 147.6085 2.5474 -5.5504 -1.2568 116.0224 2.1682 67.3344 2.4286 -7.6422 5.4643 49.4759 2.5320 4.1005 2.2739 -6.5891 1.8198 30.4522 2.4412 169.2472 5.8179
1003 147.6591 2.5374 -5.8997 -1.1024 112.3596 2.4588 68.1706 2.5551 -8.3914 5.5462 45.8724 2.6066 4.1654 2.6981 -6.5620 2.6732 28.4928 2.3999 168.9276 5.5876
1004 148.5113 2.5714 -5.8865 -0.8705 108.6957 2.2972 68.1109 2.5321 -8.6515 5.0133 42.2194 2.4917 3.6233 3.5027 -6.8513 3.5957 26.1901 2.3961 168.7349 5.5807
1005 149.9615 2.4850 -5.8657 -1.0876 105.5686 2.3709 67.2572 2.5347 -8.5956 4.0878 38.2857 2.5831 2.4488 4.1764 -6.9774 4.3752 23.9985 2.5120 169.0450 5.6023
1006 152.2303 2.1008 -5.7633 -1.5654 102.9968 2.3638 65.9284 2.6204 -8.3566 2.9944 34.6831 2.4033 0.4517 4.6277 -7.2997 4.5339 22.7295 2.6870 169.1374 5.7118
1007 154.8790 1.8432 -5.7439 -1.5955 101.1315 2.4941 63.6346 2.6745 -8.1720 2.3927 30.9795 2.2567 -1.4261 5.0691 -7.5543 4.5029 22.3652 2.5375 169.9174 5.6510
1008 157.9523 1.6780 -5.8262 -0.9530 99.9727 2.4741 60.8962 2.5752 -7.9835 2.1204 27.1104 2.2133 -3.6017 5.2826 -7.6956 4.0214 22.5520 2.4723 170.0269 5.7161
1009 160.3346 1.9061 -5.3330 -0.8894 99.5036 2.5422 57.7488 2.4893 -7.3568 1.5272 23.3531 2.3927 -5.0970 5.4064 -8.3409 3.3823 23.4360 2.3922 169.5835 6.1517
1010 162.6562 2.2388 -5.4669 -0.5508 99.5542 2.4432 55.1104 2.5431 -6.5195 1.3334 19.4931 2.4420 -5.8716 5.7953 -8.9135 3.0582 25.1249 2.2735 168.7847 6.2659
1011 164.3395 2.8589 -5.6775 -0.0013 100.1685 2.4682 53.0275 2.5939 -5.8473 1.5204 15.4778 2.5691 -5.9977 6.0786 -9.9419 2.7184 27.5731 2.2957 168.1497 5.6216
1012 165.4705 3.5381 -5.9244 0.7615 100.5657 2.4979 51.4419 2.6242 -5.4577 2.1254 11.7604 2.6561 -5.7425 5.6649 -10.6662 2.5159 30.8034 2.2201 168.2172 4.9873
1013 166.1952 3.6230 -5.5441 1.6171 100.9825 2.4993 50.5955 2.5392 -5.2717 3.0525 8.4490 2.7207 -4.6410 5.5106 -10.9366 1.7216 34.3929 2.4057 168.7032 4.6243
1014 166.3604 3.4741 -5.2687 2.7590 101.6174 2.5519 50.6363 2.6222 -4.7359 4.2313 5.1626 2.5722 -3.2633 4.9998 -11.0594 0.9186 38.0837 2.3713 169.2399 4.5122
1015 166.0129 3.8894 -5.0709 3.9540 101.4658 2.5161 51.6600 2.6383 -4.3033 5.1831 2.7804 1.7307 -0.9593 4.5779 -10.6229 -0.0350 41.5311 2.4480 168.8506 4.5241
1016 165.7496 4.5338 -5.3025 4.5924 100.5466 2.6004 52.4355 2.6463 -4.3061 5.2790 0.5480 1.3226 1.4622 4.3546 -9.9954 -0.5932 44.2043 2.4924 168.3196 4.4557
1017 165.4734 5.2782 -5.7026 5.1747 99.1217 2.5567 53.5702 2.5862 -3.7001 5.1691 -1.3430 1.4972 4.5080 3.9579 -10.1704 -0.4001 46.4276 2.4600 167.7588 3.7017
1018 165.1364 5.4064 -6.2531 5.6473 96.8158 2.3303 54.6331 2.5740 -2.7903 5.3179 -2.6468 1.7000 7.7783 3.4296 -10.7078 0.3161 47.5718 2.5947 167.5026 3.0200
1019 164.6264 4.9859 -7.0186 6.0068 93.9767 2.3513 55.6651 2.5659 -1.8101 5.2906 -3.7063 2.1588 11.1824 3.0621 -10.8521 1.2821 47.9519 2.5004 167.8333 2.5039
1020 163.8897 4.2968 -7.1908 6.5358 90.0649 2.4222 55.7852 2.4885 -0.2402 4.9705 -4.1231 2.3226 14.8641 2.5943 -10.4976 2.1825 47.8077 2.5491 168.6175 1.7994
1021 163.0083 3.8943 -7.2957 6.8230 86.4471 2.3981 55.4892 2.4309 1.8160 4.5897 -4.0830 2.0548 17.8273 2.4722 -10.3364 2.4532 46.8217 2.6214 169.2782 0.7994
1022 161.7269 3.7759 -7.4499 6.9536 83.0280 2.4591 54.2138 2.4061 4.4097 4.0741 -3.5394 1.9648 20.4126 2.6811 -10.0997 2.1737 45.4071 2.6048 169.2802 0.0561
1023 160.1878 3.8600 -7.3367 6.3903 80.2349 2.5594 52.1885 2.4240 6.4241 3.4200 -2.2820 2.1281 22.3058 2.6067 -9.9821 1.9618 43.7252 2.5586 169.0639 -0.6185
1024 159.2178 3.9340 -6.5547 6.0431 77.9790 2.6171 49.2510 2.3328 7.4223 2.7959 -0.6757 2.2073 23.4306 2.5468 -9.5196 1.7964 41.6275 2.5975 169.3086 -1.0046
1025 158.1285 3.5253 -5.7587 5.6732 76.5758 2.4871 46.2365 2.2575 7.9777 2.5720 1.0787 2.6021 23.5323 2.4369 -9.3492 1.4947 40.3304 2.5575 170.0233 -0.7682
1026 157.2495 3.0741 -4.6270 5.4577 75.8200 2.4812 44.0734 2.3415 7.5058 2.7116 3.2737 2.9455 23.0091 2.5430 -9.3453 1.3369 39.6005 2.6050 170.8885 -0.4664
1027 156.8188 2.7178 -3.4574 5.3178 75.8635 2.4594 42.8411 2.4430 7.0110 3.1561 6.0318 3.1831 21.6103 2.3912 -9.4166 0.7077 39.5716 2.5552 171.4780 0.4824
1028 156.7320 2.7618 -1.8530 5.1155 76.5046 2.3922 41.9730 2.4617 5.7202 3.8296 9.0446 3.0980 19.5063 2.5741 -9.4914 0.1981 40.2946 2.6430 171.6911 1.1719
1029 157.1805 3.2309 0.0365 4.8318 78.2868 2.3969 41.8935 2.4035 3.8485 4.1846 12.4459 2.8150 16.5876 2.6439 -9.1590 -0.3866 41.5454 2.5973 171.3605 1.7469
1030 158.0202 3.8315 1.1938 4.3188 80.5006 2.4629 42.9916 2.3192 1.3366 4.4975 16.1581 2.5495 12.9879 2.6829 -8.7223 -0.4953 43.9377 2.6290 171.0842 2.3414
1031 159.3155 4.4582 2.2011 3.9387 83.5683 2.4219 44.6570 2.2414 -0.7732 4.5895 19.3194 2.4090 9.2542 3.0429 -8.3045 -0.5852 47.1277 2.5042 171.2310 2.9306
1032 160.3004 4.8988 2.8195 3.2219 87.0640 2.4897 47.2044 2.3318 -2.4726 5.0527 22.0541 2.3294 5.9713 3.6089 -8.4190 -0.3818 50.5301 2.5331 171.6013 3.4171
1033 162.0232 4.9762 2.4879 2.4255 89.8058 2.4550 50.2629 2.2308 -3.9929 5.4494 24.2660 2.4463 3.5500 4.0040 -8.7529 -0.3054 53.6602 2.5766 171.6520 3.7684
1034 163.6334 5.1943 1.9348 1.9642 91.9295 2.3658 54.1921 2.5559 -5.1769 5.5863 25.8780 2.4264 1.4467 3.9296 -9.0604 -0.2756 56.0626 2.6619 171.4288 4.0365
1035 164.8782 5.2535 0.8103 1.5843 93.1952 2.4270 57.4594 2.5962 -5.5779 5.5087 26.7412 2.4808 -0.3120 4.0572 -9.5221 -0.2291 57.5913 2.6196 171.2712 4.1038
1036 165.4893 5.4580 -0.8471 1.5636 94.0391 2.5355 60.9007 2.6816 -5.9725 5.6264 26.5333 2.4915 -1.8099 4.3483 -9.6911 -0.2842 58.3964 2.5753 170.9368 4.0084
1037 165.6505 5.5630 -2.5811 1.7144 93.3783 2.4284 63.8113 2.4437 -6.1201 5.7297 25.4638 2.5508 -2.7847 4.7342 -9.1918 -0.0931 58.7080 2.5294 170.6920 4.0068
1038 165.7370 5.9263 -4.8734 2.1985 92.4780 2.3950 66.0638 2.4747 -6.0941 5.7422 24.0434 2.6018 -3.8719 4.9733 -8.0409 0.2385 57.8737 2.4436 170.3378 4.1174
1039 166.1721 5.5747 -6.6376 3.0593 90.7169 2.4776 67.4649 2.5598 -6.8582 6.0311 21.7980 2.5981 -4.2488 4.8957 -6.9145 0.5224 56.5954 2.4344 169.8090 3.6478
1040 166.6663 4.7572 -7.6496 3.6585 88.2086 2.4648 68.3239 2.6393 -7.9430 5.8522 18.7693 2.5757 -3.6940 4.9746 -5.2631 0.7173 54.5656 2.5184 169.3194 3.3063
1041 167.3029 3.6206 -7.9634 4.1143 84.9767 2.4370 68.9449 2.5711 -8.7247 5.1412 15.3547 2.4095 -2.2666 4.5918 -3.1640 0.8405 52.6870 2.4853 168.3783 3.7631
1042 168.0279 2.6296 -7.6275 4.2170 81.4364 2.1764 69.4111 2.5228 -9.0757 3.9875 11.8904 2.3420 -1.3836 4.2082 -0.7139 0.6214 50.9408 2.4352 167.3312 4.2442
1043 167.6982 2.1892 -6.8709 4.1375 77.7562 2.1701 69.6405 2.5379 -8.8568 2.7295 8.5429 1.8397 -1.0281 3.9564 1.5418 1.1278 49.5723 2.4787 166.3535 4.5998
1044 167.2211 1.9106 -5.5300 4.4166 74.1699 2.2888 69.4534 2.5260 -8.2389 2.2185 5.7477 1.4239 -0.8761 4.1894 3.0891 1.5781 49.1813 2.5435 165.0972 4.7839
1045 167.1510 1.6384 -3.8157 4.6226 70.1492 2.3216 68.3882 2.5074 -8.0686 1.4809 3.0732 1.0883 -1.0000 4.5105 4.0454 2.0682 49.3951 2.4347 163.8528 4.8876
1046 167.4869 1.6347 -2.4894 4.5474 66.5708 2.2924 67.0565 2.5134 -8.1459 0.5281 0.7024 0.7450 -1.2822 4.6227 4.3021 2.4346 50.1852 2.4215 162.2777 4.4454
1047 167.5946 1.8011 -1.6383 4.6914 63.2405 2.2653 65.2489 2.4732 -7.5472 -0.0306 -1.1649 0.3588 -1.6157 4.8117 4.5618 2.3403 51.0193 2.4480 161.0741 3.7400
1048 167.6041 2.4738 -1.3925 4.6300 59.6993 2.2673 63.7992 2.4006 -7.1302 -0.9386 -2.2934 -0.0397 -1.8686 4.6991 4.4305 2.2024 51.9753 2.4368 160.1711 3.3395
1049 167.3032 2.9265 -1.5425 4.6695 56.2044 2.1657 62.3790 2.4700 -6.6985 -1.2115 -3.3633 -0.0472 -2.2439 4.7652 4.3326 2.2697 52.4876 2.5495 159.6559 3.0263
1050 167.4143 3.5454 -1.9571 4.6270 52.5144 2.3302 61.2665 2.3627 -5.8871 -1.0793 -3.8070 -0.4677 -2.6123 4.9872 3.8836 2.3628 52.2152 2.5513 160.3134 2.5892
1051 167.8716 3.9430 -2.9878 4.7885 48.8371 2.4704 60.4998 2.4407 -5.3333 -1.0011 -4.4194 -0.7947 -3.2802 4.7401 3.2458 2.4420 51.5865 2.5685 160.4160 1.9828
1052 168.5095 4.4976 -4.3160 4.5571 44.9330 2.4422 59.9201 2.4650 -5.0322 -0.4961 -4.4911 -0.8361 -4.1791 4.1366 3.4969 2.7771 50.0557 2.5617 161.1922 1.7396
1053 169.4529 4.7054 -6.1504 4.4357 41.2697 2.4216 58.9724 2.5029 -5.6474 -0.0478 -4.5926 -0.6050 -4.6588 3.4012 4.2706 2.6898 48.0603 2.7040 161.9701 1.8263
1054 169.6123 4.2521 -7.8012 3.7735 38.4070 2.4535 58.8060 2.5688 -6.5836 0.3867 -5.3297 -0.9162 -4.5804 2.8448 5.6929 2.7498 45.2142 2.7178 163.0079 2.3949
1055 170.0495 3.4269 -8.7371 3.2921 36.2395 2.3724 59.4171 2.5895 -7.2475 0.7148 -6.3227 -1.3645 -4.1236 2.4512 7.9050 2.6880 42.3516 2.4681 164.1888 3.2398
1056 170.6798 2.5662 -9.0015 2.4249 34.6941 2.4640 60.2084 2.5388 -7.6658 0.6401 -7.2222 -1.4155 -2.5852 2.0352 10.6432 2.8765 40.4428 2.5515 165.5224 3.3961
1057 171.2704 1.8610 -8.6822 1.6690 33.7213 2.4086 61.1164 2.5328 -7.5346 0.2382 -7.7878 -1.0104 -0.9590 1.8387 14.2309 2.5789 39.2654 2.5032 166.9277 3.4305
1058 171.4098 1.2196 -7.8796 0.8413 33.5750 2.5128 62.0829 2.5328 -7.4114 -0.0456 -8.3311 -0.9040 0.8351 1.7270 17.6249 2.5085 38.9984 2.4864 167.8596 4.0896
1059 171.5868 0.9641 -7.0508 0.5560 34.3227 2.6022 63.1340 2.4514 -7.3042 0.0621 -8.8812 -0.8616 2.6254 1.1487 20.5049 2.5440 39.5247 2.3921 168.2126 4.9490
1060 171.2568 1.3622 -5.6567 0.4496 35.8291 2.5291 63.6854 2.5405 -6.9772 0.3340 -9.0863 -0.8738 4.7802 1.0800 22.5501 2.5044 40.7921 2.4108 168.0249 5.3706
1061 170.5929 1.8613 -3.5316 0.4580 38.1759 2.6711 63.6362 2.5441 -6.8124 0.7415 -8.5176 -1.1437 7.4554 1.4958 24.1966 2.4782 42.4242 2.4594 167.3101 5.7895
1062 169.8687 2.6373 -1.3517 0.5267 41.0952 2.6744 62.7068 2.4559 -6.5325 1.1404 -8.0437 -1.2095 10.6938 2.0090 24.6688 2.5477 44.5365 2.3861 166.8712 6.1337
1063 169.3117 3.2977 1.0897 0.8940 44.8086 2.6196 60.8254 2.3297 -6.0621 1.6775 -7.7690 -0.6845 14.0656 2.4347 24.5384 2.5919 47.6967 2.3252 167.0373 6.2197
1064 168.8310 3.6063 3.3751 1.1450 48.4073 2.6355 58.1255 2.3652 -6.2039 2.4214 -7.4477 -0.1593 17.8641 2.4403 23.7642 2.5255 51.1621 2.4995 167.2697 6.1163
1065 168.2746 3.9195 5.9330 1.5916 52.1238 2.5698 54.8252 2.4862 -6.3060 2.9733 -7.3199 0.0242 21.0777 2.5954 22.7849 2.5476 54.0180 2.5296 167.7146 6.2577
1066 167.4964 4.2714 8.5780 2.2359 54.9976 2.4873 51.2573 2.4013 -6.5446 3.7369 -7.2733 -0.1799 23.1349 2.5636 21.3306 2.6392 55.9637 2.4064 167.6736 6.3089
1067 166.8174 4.8423 10.7225 2.5047 57.1139 2.6827 47.4868 2.5712 -7.4085 4.1632 -7.2120 0.0357 24.5362 2.6679 20.0854 2.5585 57.1432 2.3822 167.3038 6.3126
1068 165.7866 4.8830 12.1725 2.4925 59.1406 2.5426 44.0888 2.4893 -8.3882 4.2796 -6.7502 0.3409 25.4933 2.4890 19.2274 2.5271 57.8229 2.4127 167.0415 6.1863
1069 165.1742 4.2210 13.3565 2.4332 60.4886 2.4791 40.6857 2.4629 -9.0535 3.8900 -6.7768 1.1043 25.8122 2.5271 19.0597 2.4764 57.5279 2.4221 167.3525 6.1660
1070 164.8133 3.3923 14.1319 2.4872 61.9965 2.4718 38.0247 2.4063 -9.6158 2.9121 -7.3779 2.1491 25.1979 2.5003 19.5916 2.4380 56.4580 2.4960 167.5946 6.5593
1071 164.8867 3.0833 13.8227 2.3891 63.4564 2.5220 35.9336 2.2942 -9.6523 1.8936 -8.3013 2.8446 24.0610 2.4710 20.4989 2.3923 54.5678 2.3758 167.6742 6.4138
1072 165.1201 2.7610 12.8694 2.4639 64.8430 2.5030 34.5193 2.3430 -9.8905 0.7226 -9.5839 2.7753 22.0053 2.5759 21.5014 2.4435 51.7032 2.3266 167.0600 6.1266
1073 165.5831 2.2902 11.5128 2.3417 66.2439 2.4387 33.9055 2.4481 -9.5296 -0.1127 -10.2164 2.6225 19.5268 2.5619 22.3398 2.4016 48.3904 2.3227 166.3219 6.1082
1074 165.8781 2.2639 10.2724 2.4045 66.8663 2.4804 34.1909 2.4045 -9.3988 -0.6282 -10.4824 2.1968 17.1222 2.6021 23.2394 2.5655 44.9277 2.4507 165.9260 6.0233
1075 165.5185 1.7150 9.3367 2.4108 67.0383 2.4402 35.2626 2.4012 -9.1873 -1.0384 -10.4419 2.1252 15.1612 2.5499 23.4839 2.5038 41.3421 2.5717 165.8265 6.2060
1076 165.7787 1.3845 8.4944 2.4784 67.3579 2.5097 36.5985 2.3889 -9.1233 -0.8985 -9.6433 1.8765 13.6027 2.5737 22.9206 2.5252 37.8479 2.2299 166.3657 6.3582
1077 166.2491 0.5206 8.2980 2.5494 68.1059 2.4446 38.6621 2.4816 -9.2881 -0.6045 -8.5449 1.5910 13.1209 2.5282 21.7952 2.5863 34.6440 2.2910 167.3714 6.4088
1078 166.5835 -0.0491 9.1618 2.5191 69.0199 2.4759 40.9051 2.4563 -9.3849 -0.0789 -7.9611 1.5653 13.7163 2.4431 19.6398 2.6869 32.5613 2.3710 168.5599 6.2559
1079 166.9695 -0.2291 10.5063 2.6259 70.1106 2.4906 43.2539 2.6022 -9.1923 0.6672 -7.1611 1.4730 14.8325 2.5164 17.3655 2.7344 30.8646 2.4936 169.4881 6.0804
1080 167.7079 -0.4564 12.8533 2.4136 71.3290 2.5386 44.8850 2.5405 -9.2004 1.5507 -6.4484 1.3093 16.4289 2.3679 14.8590 2.6548 29.9220 2.4728 169.9190 5.6541
1081 167.9677 -0.9075 15.8755 2.2489 72.4110 2.6162 45.7606 2.4239 -9.2168 2.5544 -5.8964 1.3256 18.7932 2.4689 13.2867 2.5792 29.8137 2.4951 170.1364 5.3847
1082 168.0434 -1.4196 19.1289 2.3578 73.3607 2.5371 46.1311 2.4745 -9.0923 3.3527 -5.9114 1.1005 22.1099 2.3634 12.4978 2.4788 30.2157 2.3880 170.5677 5.5096
1083 167.7479 -1.4066 22.7412 2.3503 74.0867 2.5195 45.3846 2.5045 -8.8107 4.0216 -5.7225 1.3120 25.6338 2.6272 12.2521 2.4634 31.5523 2.3673 171.1793 5.5195
1084 167.7564 -1.0632 26.0823 2.5119 73.8698 2.5062 44.0352 2.5107 -8.7898 5.0645 -5.9966 1.5857 29.2724 2.5849 13.1260 2.3724 33.6779 2.5048 171.5346 5.5107
1085 167.2739 -0.4132 28.9032 2.5286 73.9881 2.5886 42.1203 2.5909 -8.3100 5.7725 -6.2379 1.7832 32.6837 2.4782 14.3639 2.3081 36.3241 2.3303 171.0355 5.7278
1086 167.0681 0.3554 31.1400 2.6388 74.5345 2.4577 39.9117 2.6310 -7.6047 6.2193 -6.5514 1.5574 35.8669 2.3879 16.5219 2.3576 39.1993 2.3915 170.1674 5.8589
1087 167.0267 1.3225 32.9776 2.4754 75.2544 2.4696 36.4358 2.5098 -6.9814 5.8603 -6.9592 1.2910 38.3649 2.3863 19.3371 2.3868 41.6157 2.4395 169.5072 6.0184
1088 167.6330 2.2584 33.7429 2.4029 76.0096 2.4833 33.0342 2.5328 -7.1589 5.4637 -7.5645 0.6095 39.8865 2.5346 22.7543 2.3939 43.1226 2.5380 168.7154 6.0268
1089 167.7974 3.4488 33.9965 2.5006 76.0647 2.5115 29.6331 2.4370 -7.7705 4.9774 -8.3449 -0.2929 40.8631 2.6229 26.0075 2.5448 43.6194 2.5851 168.1072 5.9386
1090 167.4745 4.3086 33.3132 2.5627 76.3690 2.5143 26.7672 2.5954 -8.5412 4.5979 -8.7048 -0.7796 40.7619 2.4823 28.9582 2.4148 43.8508 2.3657 167.6591 5.8418
1091 167.1745 5.1128 31.8230 2.6288 76.1396 2.5423 24.3706 2.6235 -8.6222 4.1342 -8.8871 -0.6336 40.5489 2.4258 31.2699 2.7673 42.8617 2.4496 167.2570 5.7469
1092 167.1115 5.5640 30.3690 2.6786 76.0771 2.5186 22.9277 2.4744 -8.5589 3.6791 -8.4478 -0.2450 39.1769 2.4299 33.0962 2.4234 41.1264 2.5122 166.8167 5.6775
1093 166.8329 5.5181 28.9835 2.5871 75.6639 2.4928 22.4635 2.5225 -7.9820 3.2797 -7.5746 0.5393 37.2070 2.4232 34.2501 2.4115 38.8842 2.4473 166.5567 5.5496
1094 166.0490 5.4544 27.0918 2.5617 74.9044 2.4661 22.3194 2.5456 -7.7100 2.5459 -7.0905 1.5142 34.9952 2.5165 34.4270 2.4486 35.8219 2.3167 166.9354 5.3253
1095 164.4996 5.2080 25.5445 2.3500 74.4459 2.5745 23.1029 2.5240 -7.7804 1.7428 -7.1262 2.6928 32.8427 2.4371 33.8396 2.5409 32.1843 2.4221 166.9591 5.3900
1096 162.1197 4.7743 24.3654 2.4419 74.4109 2.5817 24.6732 2.4880 -7.5942 1.3848 -7.7932 3.5381 31.0880 2.3776 32.5159 2.4748 28.3797 2.3208 167.1153 5.8081
1097 159.3279 4.4826 23.1359 2.4431 74.7655 2.4887 26.7398 2.5903 -6.8714 0.8072 -7.6627 4.6886 29.9729 2.4473 30.5680 2.3683 24.7364 2.2337 167.3628 6.1601
1098 156.6345 3.9781 21.6279 2.5560 74.8900 2.4822 29.7194 2.6889 -5.6294 0.2538 -7.2258 5.4038 29.8874 2.6306 28.0278 2.4187 21.1811 2.6532 167.2647 6.0622
1099 153.8183 3.3570 20.4108 2.6241 74.0100 2.5324 32.9702 2.6405 -4.7028 0.5562 -6.5344 5.8183 30.4742 2.5340 24.5949 2.5931 17.6042 2.5608 167.3736 5.8441
1100 150.2535 2.9568 19.5777 2.5006 72.8302 2.6098 36.1156 2.7071 -4.1578 0.9560 -5.7448 5.8900 31.8352 2.5442 20.8852 2.4793 13.9384 2.4823 167.2957 5.6828
1101 146.8426 2.6956 18.6466 2.4609 71.0220 2.6495 39.8601 2.4734 -3.7648 1.0788 -4.9493 5.6341 33.5261 2.5669 17.2723 2.3529 10.3583 2.6174 167.2334 5.6218
1102 143.5527 2.5429 18.1749 2.4371 68.8674 2.6180 43.5690 2.7077 -3.5947 1.3548 -4.0179 5.4024 36.4120 2.5501 13.7506 2.5853 6.7827 2.7299 166.9774 5.3067
1103 140.1657 2.4795 17.8322 2.4928 67.0293 2.5235 47.0448 2.4893 -3.6133 1.9097 -3.0729 4.8818 39.6493 2.6671 10.1965 2.8125 3.5914 2.5212 166.3177 4.8266
1104 136.7903 2.4544 17.1354 2.5009 65.9945 2.4907 50.3588 2.5938 -3.7340 2.5195 -0.9421 4.6974 43.5105 2.4223 7.2455 3.3275 1.1219 1.7502 165.5831 4.3469
1105 133.5591 2.5262 16.8021 2.4948 65.5891 2.5525 52.9505 2.6080 -3.5167 2.8511 1.8722 4.4311 46.9691 2.4478 4.2538 4.1188 -1.2374 1.2875 165.3393 4.1898
1106 130.6954 2.3742 16.9985 2.4435 65.5624 2.4689 54.8120 2.5734 -3.4624 3.2505 5.0908 3.6954 50.3243 2.3951 1.1443 4.4657 -2.8921 0.8533 164.6931 4.4372
1107 128.5065 2.4612 17.7381 2.3743 65.3387 2.4394 55.8568 2.5798 -3.8021 3.3118 8.3687 3.1122 53.3655 2.4244 -1.6746 4.7525 -4.2221 0.6069 164.3164 4.3678
1108 126.8129 2.5741 19.6886 2.4416 64.6860 2.5345 56.4740 2.4901 -4.2331 3.3438 11.9156 2.8266 55.6706 2.4140 -4.1139 4.7355 -5.7189 0.0427 164.5516 4.2596
1109 125.6773 2.4644 22.3895 2.5724 64.2457 2.4843 56.2508 2.5406 -4.2427 3.1285 14.9536 2.7729 57.0802 2.3975 -6.2927 4.1160 -6.3247 -0.4629 165.1519 4.1490
1110 125.3756 2.5599 25.5600 2.5721 64.3377 2.3757 55.0431 2.4326 -3.8537 3.2506 18.7187 2.5424 58.0457 2.4463 -7.6783 3.4754 -6.8660 -0.6634 166.2974 3.8350
1111 126.1417 2.3214 28.9859 2.5169 65.1924 2.3705 53.8143 2.3131 -3.5986 3.6873 22.0632 2.4451 57.7271 2.4395 -8.1899 3.2000 -7.1743 -0.9885 167.4997 3.7767
1112 127.4178 2.4225 32.5818 2.4405 66.6138 2.6044 52.3845 2.3515 -3.3078 3.7840 25.3766 2.4877 57.0133 2.3241 -8.7936 3.2234 -7.2109 -0.9725 168.1552 3.6566
1113 129.6796 2.5366 36.3604 2.5017 68.6982 2.5712 51.1726 2.3877 -2.7211 3.5084 29.1639 2.5120 55.5537 2.4612 -8.9625 3.2745 -6.9592 -0.5729 168.8400 3.2762
1114 132.1756 2.4571 39.6858 2.4632 70.6770 2.5805 50.5255 2.4134 -1.3075 3.2309 32.8925 2.4722 53.3675 2.4430 -8.7996 2.8175 -6.7365 0.3741 169.5056 2.7998
1115 135.6622 2.4785 43.1484 2.3772 72.6503 2.5736 50.7307 2.4325 -0.2710 3.3961 36.4279 2.4910 50.7753 2.4512 -8.3772 2.0671 -6.5417 1.7064 169.3287 2.2755
1116 138.6947 2.4055 46.5713 2.4501 74.8664 2.6742 51.4388 2.3691 0.8755 3.0268 39.9683 2.5411 47.3771 2.3377 -7.7871 1.0506 -6.4853 2.9425 168.8305 1.3790
1117 141.1480 2.4865 49.8191 2.4642 77.3372 2.6207 52.6716 2.4595 1.8914 2.9955 43.2899 2.6629 43.8017 2.4395 -7.3106 0.5069 -6.8563 4.0757 169.0451 0.3748
1118 142.7471 2.4415 53.2485 2.4782 80.0536 2.5092 53.7574 2.4083 2.7851 3.2305 46.5885 2.5359 40.2337 2.7149 -7.1264 0.4745 -7.5436 4.7544 168.7868 -0.5482
1119 143.5467 2.5064 56.5690 2.4919 82.5071 2.4920 54.8163 2.4344 3.7828 3.2228 49.7725 2.5867 36.7750 2.4606 -7.5348 0.5588 -8.1902 4.8033 168.4952 -0.9151
1120 143.8602 2.4630 59.1061 2.4965 84.9322 2.3912 55.8848 2.5741 5.1779 3.1086 52.0412 2.4984 33.5451 2.4076 -8.1764 1.1487 -8.8711 4.6634 168.3492 -0.9076
1121 143.3535 2.4387 60.8792 2.5363 87.0667 2.5867 56.1104 2.4781 6.4207 2.6760 53.7687 2.3705 30.4459 2.4437 -8.6242 1.3636 -9.3119 4.5790 168.5314 -0.3002
1122 141.9283 2.3384 62.3035 2.5610 87.7093 2.4103 55.7422 2.4646 7.8981 2.5158 54.8682 2.4746 28.7920 2.5986 -9.1269 0.9461 -9.4203 4.2383 168.5944 0.5100
1123 139.9311 2.3334 63.0161 2.4459 88.0990 2.4406 55.2873 2.5190 9.8075 2.5383 55.1434 2.4827 27.4141 2.5036 -9.1543 0.6917 -9.4776 3.7056 168.9337 1.2806
1124 136.9905 2.3870 62.9399 2.4960 87.4289 2.3605 55.0488 2.3963 11.7864 2.5505 54.8132 2.5742 26.9595 2.5195 -9.4710 0.2156 -10.0378 2.8267 169.6728 1.8845
1125 133.4362 2.4076 62.0249 2.6178 85.9623 2.4673 54.5813 2.3997 13.1157 2.6078 53.7200 2.6223 27.1825 2.5491 -9.9070 -0.1454 -10.4408 1.7913 170.3413 2.3238
1126 129.6975 2.3749 60.1497 2.5315 83.7291 2.4207 53.7081 2.4486 14.2815 2.5818 52.0135 2.6762 28.0935 2.4669 -10.1679 0.1356 -10.8694 1.0261 170.5861 3.1390
1127 126.1251 2.5291 57.8264 2.5357 80.9494 2.4868 52.3884 2.4409 15.3825 2.5037 49.5469 2.4922 28.9486 2.5242 -10.2984 0.4339 -10.8343 0.7251 170.4510 3.8360
1128 122.7703 2.2516 54.8855 2.4633 77.6425 2.4675 51.7600 2.4846 16.1315 2.5441 46.1579 2.4582 29.4174 2.4656 -10.0215 0.3561 -11.0981 0.8618 169.4965 4.5930
1129 119.3005 2.3911 52.0455 2.5508 73.8711 2.4383 51.8425 2.4413 16.2714 2.4705 42.6467 2.5054 30.1045 2.5596 -9.3121 -0.4127 -11.1858 1.6093 168.4068 4.9717
1130 115.6621 2.4847 49.4983 2.4355 70.3874 2.4707 53.0151 2.4681 15.4449 2.5810 39.3581 2.4663 30.2645 2.4822 -8.5315 -0.8663 -11.0998 2.4642 166.7988 4.9519
1131 112.0142 2.6252 47.7901 2.4698 66.8284 2.5988 54.7607 2.5064 14.0257 2.4159 36.3687 2.3397 29.9409 2.4452 -7.6414 -1.0876 -10.2574 3.7219 165.3007 4.5336
1132 108.3390 2.6426 46.6626 2.4721 63.2598 2.5462 56.3719 2.5417 12.8701 2.4117 33.5177 2.4645 28.7526 2.4101 -6.8709 -0.8864 -9.2405 4.0783 163.5641 4.0961
1133 104.9496 2.4497 46.5590 2.5228 59.6752 2.5216 57.8758 2.5502 11.2645 2.3359 31.8454 2.5457 26.7359 2.4339 -6.5617 -0.3605 -8.0949 4.1892 162.7305 3.6046
1134 102.3313 2.4128 46.9808 2.5986 56.4881 2.6674 58.6638 2.4673 9.7242 2.5119 30.3907 2.5002 24.0008 2.3317 -6.3492 0.5810 -6.5329 4.1566 162.0100 3.7869
1135 100.6385 2.3839 48.3287 2.5631 53.8728 2.5610 58.8941 2.5189 9.2068 2.4237 29.3139 2.4498 20.7617 2.4369 -6.2266 1.7954 -4.9528 4.1447 161.7914 4.4431
1136 99.5048 2.4133 50.5592 2.7124 51.8112 2.5753 59.1703 2.5021 9.3584 2.4945 28.5000 2.4491 17.7999 2.5383 -6.1956 2.5542 -2.8359 4.4376 162.1905 4.4910
1137 99.0596 2.5079 53.3173 2.5513 50.6505 2.4445 58.8473 2.4203 9.9633 2.5548 27.7650 2.4652 15.5955 2.5184 -6.4642 3.1056 -0.3088 4.2640 163.1148 4.7744
1138 99.2156 2.4475 56.8742 2.6438 50.1156 2.4835 57.4017 2.5048 11.5922 2.5043 27.1393 2.5376 14.3124 2.5081 -6.7691 3.6631 2.6586 3.5761 164.3523 4.6667
1139 100.2973 2.5056 60.3192 2.5638 50.3873 2.5995 55.4038 2.5147 13.9815 2.6314 26.4119 2.4999 13.6079 2.4515 -7.3412 4.2152 5.5901 2.9887 165.5272 4.7377
1140 102.1963 2.4421 64.1332 2.5762 51.3794 2.6393 52.8939 2.5309 17.1830 2.7111 25.9243 2.5150 13.4396 2.5747 -8.0450 4.9251 8.6794 2.6546 166.5603 4.4003
1141 104.5867 2.4313 67.7681 2.6141 53.2233 2.4905 49.7811 2.5158 20.5937 2.7733 25.7296 2.5303 14.3906 2.6246 -8.5789 5.2299 11.7044 2.3533 168.2907 3.8337
1142 107.5811 2.5378 71.1779 2.4756 55.6225 2.4886 46.0315 2.3933 24.4109 2.6244 25.2957 2.4000 16.3171 2.6135 -8.9769 5.5454 15.0545 2.5361 169.7628 3.0263
1143 110.6041 2.6448 75.1692 2.4964 58.5931 2.5061 43.0654 2.3342 27.8837 2.5375 24.1325 2.4220 18.7774 2.5410 -8.9903 5.2399 18.5849 2.5819 170.4638 2.1583
1144 113.1272 2.4573 78.1342 2.5439 62.2665 2.4175 40.4488 2.3704 30.7374 2.6076 22.6869 2.3418 22.0789 2.6531 -8.8774 5.0931 21.7917 2.5296 170.8187 1.3980
1145 114.4778 2.4544 80.5368 2.6435 65.7666 2.4971 38.3982 2.5891 32.9092 2.5544 20.4409 2.3832 25.3753 2.5948 -8.4977 4.6001 24.2486 2.5383 170.9879 0.4499
1146 115.2026 2.4811 82.4145 2.5231 68.9781 2.4406 37.1511 2.4751 34.3187 2.4752 17.9113 2.4547 28.8032 2.5364 -7.8669 4.6784 25.7561 2.6036 171.2040 -0.2885
1147 115.0069 2.5702 83.8407 2.4427 71.2465 2.4082 36.5463 2.5160 34.7802 2.5143 15.5382 2.4273 32.1784 2.4672 -7.3806 4.8999 26.8048 2.4775 171.2619 -0.7288
1148 113.9587 2.6472 85.2626 2.4864 72.9780 2.4651 36.5230 2.4152 34.5802 2.3830 13.2197 2.5178 35.2521 2.2693 -6.8099 5.2380 27.3584 2.5033 171.0152 -0.6160
1149 112.3310 2.5621 86.4171 2.4628 74.1069 2.4599 36.9048 2.5049 33.7689 2.3946 10.6146 2.5901 37.9352 2.4952 -5.9035 5.0669 27.4220 2.5613 170.9965 -0.6493
1150 110.0873 2.5025 87.3324 2.4973 74.2250 2.4874 37.6384 2.3942 32.1660 2.4583 8.4446 2.3593 39.9475 2.6245 -4.8939 4.7241 27.6394 2.5264 171.1417 -0.5760
1151 107.1403 2.5306 88.3688 2.4426 73.8585 2.4725 38.2536 2.4217 29.9516 2.3022 5.6035 1.6770 41.3985 2.6112 -4.0162 3.9881 27.5970 2.4878 171.0157 -0.4120
1152 103.6305 2.4463 89.0603 2.4766 72.4177 2.4719 38.4826 2.4862 26.6763 2.2760 2.6785 1.1669 42.0099 2.4568 -3.3410 3.2047 27.6657 2.4598 170.9702 0.3931
1153 100.1382 2.2316 90.3003 2.5526 70.6139 2.6551 38.4503 2.5421 23.0480 2.3600 -0.0416 0.5659 41.9898 2.6121 -2.0823 2.9511 27.8539 2.6129 171.1803 1.4446
1154 96.4497 2.3416 91.5855 2.5258 68.4075 2.6650 37.6816 2.4566 19.2567 2.4201 -2.1615 -0.1826 40.8575 2.5368 -0.7776 2.6180 28.8053 2.5302 171.2436 2.7065
1155 93.2273 2.4911 93.1289 2.4886 66.6269 2.5735 36.6043 2.4385 15.5697 2.4248 -3.9052 -0.6368 39.3073 2.5739 0.6176 2.8662 30.2089 2.6193 171.4566 3.7300
1156 91.1533 2.4988 94.8517 2.4849 65.2521 2.4660 34.5228 2.4714 11.9011 2.4585 -4.9016 -0.7891 37.1775 2.6620 2.8412 2.8643 31.8056 2.6017 171.2543 4.2488
1157 89.8428 2.5764 97.1576 2.4945 64.3535 2.4590 32.5153 2.4100 8.5160 2.2597 -5.3442 -0.7872 33.9853 2.5948 5.7901 2.7081 33.6634 2.4798 171.0932 4.4282
1158 89.1494 2.5292 98.7628 2.6307 64.4407 2.5196 30.5174 2.2965 5.6017 1.6428 -5.5796 -0.8831 30.4610 2.5441 8.9488 2.3949 35.2157 2.5680 171.5616 4.4487
1159 89.3389 2.4360 100.6965 2.5990 65.1164 2.5681 28.7996 2.4462 3.1455 1.2243 -4.9444 -0.5080 26.8361 2.4174 12.4340 2.3362 35.6709 2.5455 171.4535 4.9752
1160 90.1573 2.3626 102.6567 2.6552 66.6488 2.5630 28.0278 2.4609 1.0018 0.9346 -3.8488 -0.0415 23.2842 2.5079 15.4716 2.5207 35.8716 2.5675 171.1031 5.4486
1161 92.0543 2.3542 104.7121 2.5117 68.7735 2.6028 27.8337 2.5296 -0.5014 1.0193 -1.8446 0.0325 19.6233 2.4695 18.1894 2.5557 35.1136 2.5186 171.0796 5.9341
1162 94.2662 2.3632 106.5095 2.4641 71.1913 2.5788 28.6646 2.6818 -1.7586 0.5585 0.6271 0.3482 16.0337 2.5461 20.5627 2.5661 34.0812 2.5097 170.7769 5.6770
1163 96.0623 2.2956 107.4273 2.4069 73.2136 2.6651 29.9517 2.6579 -2.9282 0.3314 3.8395 0.9069 12.7329 2.4626 22.1330 2.5287 32.7536 2.5385 171.3921 5.3666
1164 97.7327 2.3806 107.7778 2.4844 74.2156 2.5730 31.2265 2.6980 -3.8347 0.1161 7.1169 1.3142 9.1855 2.4283 23.0597 2.4153 31.6613 2.6261 171.8241 4.7989
1165 99.1943 2.4196 108.1272 2.5331 74.6781 2.5577 32.5499 2.5538 -4.3810 -0.3506 10.3187 1.9912 5.7554 2.2920 23.1671 2.5633 30.7251 2.4919 172.0448 4.3116
1166 99.9641 2.4239 108.4653 2.5087 74.8082 2.5260 33.5176 2.4253 -5.0280 -0.5555 13.6189 2.3613 2.2347 2.3289 22.7527 2.6523 30.6699 2.4388 171.8195 4.6116
1167 99.8124 2.4351 108.2659 2.6006 73.9028 2.4996 34.2577 2.5559 -5.3868 -0.3818 16.1299 2.4724 -0.4999 2.6319 21.2353 2.6664 31.1112 2.4415 171.1943 5.0849
1168 99.3762 2.4587 107.4187 2.4778 72.4260 2.6496 33.8913 2.5891 -5.8012 0.2100 17.9459 2.5596 -2.1999 2.7345 18.9167 2.5387 32.1242 2.4998 170.5644 5.5101
1169 98.4498 2.4111 105.6484 2.6148 69.7417 2.6277 32.9435 2.5595 -6.3581 0.1120 19.1508 2.5396 -3.4274 3.1912 15.7427 2.5119 34.2175 2.4944 170.0307 5.5296
1170 97.3530 2.4543 103.1230 2.6542 66.5024 2.6803 31.2196 2.5353 -6.7245 -0.3073 19.6578 2.4637 -4.6227 3.0473 11.9854 2.0309 36.8376 2.3867 169.3064 5.0972
1171 96.4216 2.4462 100.0961 2.7636 63.0698 2.7054 28.6729 2.6632 -7.6238 -0.8638 19.9484 2.5987 -5.6655 2.7810 8.2950 1.5056 39.9585 2.3230 168.5591 4.3747
1172 95.6252 2.4792 96.4193 2.7775 59.7232 2.6455 25.5659 2.6465 -8.7408 -0.4738 19.8681 2.5292 -6.2068 2.4334 4.5072 0.8617 42.5107 2.3081 167.6735 3.6425
1173 95.5968 2.4552 92.7168 2.7671 56.3112 2.5946 21.7437 2.5240 -9.3921 -0.0192 19.6348 2.5199 -6.6005 2.2745 1.2522 0.3924 44.5988 2.5829 167.1025 3.2411
1174 96.2186 2.4713 89.8341 2.6154 53.2306 2.6637 18.0963 2.4454 -9.7008 0.3240 19.2644 2.5731 -6.6521 2.5882 -1.7948 0.5417 45.8732 2.5323 166.7822 2.4748
1175 97.4154 2.5831 87.2392 2.4897 51.0147 2.5141 14.5095 2.7521 -9.6356 0.4069 18.1882 2.5604 -6.5404 2.4558 -4.2566 0.5511 46.3648 2.5394 166.9677 1.8190
1176 99.0595 2.5712 85.5308 2.4893 49.2679 2.4245 11.1897 3.2356 -9.5450 0.1863 16.3145 2.5625 -6.5419 2.2833 -6.0941 0.4464 46.2670 2.4856 167.3645 1.3497
1177 100.8067 2.5174 84.3815 2.5213 48.2359 2.5054 7.7703 3.7864 -9.5202 0.0821 14.6221 2.6439 -6.5314 1.8167 -7.9250 -0.0281 45.7228 2.4296 168.0927 0.9861
1178 102.3129 2.5319 83.9157 2.4361 48.3681 2.3714 4.4384 4.0705 -10.0637 0.5039 12.7847 2.5921 -6.7019 1.9216 -9.5687 0.2987 44.9786 2.4746 168.6748 1.2278
1179 103.4579 2.5606 84.5931 2.5482 49.0546 2.4697 1.2366 4.7021 -10.4952 1.0594 10.8302 2.5328 -7.0654 1.7933 -10.4770 0.4030 44.4867 2.4427 169.1956 1.6688
1180 103.9179 2.5245 85.6825 2.4258 50.7007 2.5376 -1.2117 5.0350 -10.6470 1.9270 9.3433 2.1138 -7.0554 2.0703 -10.9737 0.4669 43.6230 2.5024 169.4265 1.7275
1181 103.4086 2.4921 87.8009 2.4440 52.8523 2.3019 -3.1011 5.5783 -10.4567 2.3853 7.4894 1.7630 -7.1249 2.7024 -11.1421 0.5935 43.3732 2.4944 169.2195 1.9304
1182 102.2034 2.4656 90.5075 2.5726 54.5320 2.4362 -4.0571 5.7952 -10.2442 2.3356 5.5297 1.3851 -6.9830 3.2019 -10.9272 0.7911 43.7587 2.6313 168.4401 2.4473
1183 100.1476 2.3904 93.7033 2.5515 56.4286 2.4529 -4.8612 5.9920 -10.5565 2.7428 3.3419 1.0845 -6.3165 3.5746 -10.3031 0.3996 45.0789 2.6543 167.2025 3.0056
1184 97.2687 2.3797 96.0731 2.4966 57.4324 2.3928 -5.4606 5.9831 -10.7916 3.1559 1.5920 1.0124 -5.6277 4.2185 -9.1895 0.1446 46.9553 2.7346 165.3366 3.1661
1185 93.8140 2.3110 98.0832 2.4790 58.0572 2.4765 -4.7643 5.7918 -10.6902 3.2609 0.9601 1.0309 -5.1853 4.7358 -8.4746 -0.1432 49.3575 2.6209 163.1388 3.4320
1186 90.0824 2.5798 99.0737 2.4819 57.7794 2.4158 -3.4136 5.1891 -10.1255 3.3579 0.9933 1.0290 -4.9270 4.9594 -7.4192 -0.3525 52.0045 2.4987 160.2083 3.2376
1187 86.3997 2.4645 99.5809 2.4576 57.0597 2.3860 -1.4696 4.8300 -9.3164 3.8081 1.6349 0.9346 -5.4400 5.0343 -7.0477 -0.2900 54.1813 2.5786 156.9824 2.5467
1188 82.7599 2.5426 99.3481 2.4690 56.3865 2.3514 0.1370 4.3446 -8.7165 3.5539 2.7529 0.9986 -6.3175 5.1228 -6.2346 0.0297 55.8948 2.4904 153.9876 2.0299
1189 78.9330 2.5008 98.1389 2.4981 55.3939 2.5116 2.0718 3.9889 -8.7901 3.4663 3.9726 1.1238 -7.0381 5.2361 -4.9217 -0.1164 56.8890 2.6045 150.9604 2.0814
1190 75.3241 2.5398 96.3052 2.3800 54.6715 2.3965 3.1507 3.3738 -8.9436 3.3140 4.9609 1.5983 -7.8001 5.1798 -3.3083 0.2422 56.8341 2.5356 147.4681 2.2795
1191 71.6963 2.7286 93.6962 2.5366 54.2483 2.4945 3.5060 3.1392 -8.7446 3.2772 5.4026 2.1880 -8.0358 5.1284 -1.7410 0.9011 56.3212 2.6031 143.8607 2.3977
1192 67.9328 2.5421 90.2170 2.3483 55.0884 2.5356 3.1830 3.4677 -8.2504 3.2712 5.3155 2.1425 -8.6823 5.4632 -0.7827 1.5644 54.9271 2.5181 140.3560 2.3854
1193 63.8571 2.5371 87.1019 2.3158 56.3300 2.5716 2.4722 4.1080 -7.3574 3.4710 4.6893 1.5473 -8.8987 5.9512 0.0955 1.8959 52.8054 2.5841 136.8407 2.5342
1194 60.3206 2.6470 84.8712 2.5375 58.2054 2.6399 0.9940 4.6267 -6.2194 3.6535 3.6209 0.9021 -8.9001 5.9805 0.7020 2.2949 49.7188 2.5816 133.7914 2.5778
1195 56.6184 2.4590 83.2437 2.4513 60.5268 2.6839 -1.0742 4.6769 -5.4417 3.4020 2.1403 0.2439 -8.7487 5.5359 0.7102 2.7461 46.8126 2.5102 130.4259 2.3758
1196 53.6144 2.4000 82.3502 2.5174 62.4130 2.6739 -3.2292 4.5069 -5.1334 3.0293 0.5521 -0.2219 -8.3671 5.2030 0.3497 3.5168 44.2342 2.4225 127.4616 2.4221
1197 51.2867 2.5738 82.5121 2.4211 64.1196 2.6377 -5.3895 3.8462 -5.0630 2.3399 -0.9089 -0.1925 -7.7842 4.6024 -0.5781 4.0549 42.4053 2.3770 125.2009 2.5956
1198 49.8011 2.5212 82.9628 2.4785 65.0279 2.4909 -7.0998 3.2899 -5.2647 1.9806 -2.2770 -0.0215 -7.1993 4.5921 -1.2258 4.4631 41.2788 2.4041 123.7904 2.4940
1199 49.0037 2.4846 83.7909 2.4545 64.8703 2.4290 -7.9568 2.8942 -5.4794 1.5036 -3.1895 0.2891 -6.4111 4.8571 -2.5547 4.7375 41.1393 2.5044 122.5804 2.4718
1200 49.0426 2.4128 84.5144 2.4764 64.0095 2.3813 -8.5310 3.0459 -5.7694 1.1198 -3.0533 0.1885 -5.6092 4.6777 -4.3186 4.4758 41.4746 2.4639 122.4205 2.5604
1201 49.8582 2.4072 84.8266 2.5317 62.5773 2.5278 -8.9918 3.0896 -5.9327 0.7280 -2.2661 0.0258 -4.7996 4.4868 -6.2926 4.2474 42.3659 2.3452 122.8008 2.5663
1202 51.4192 2.4095 85.0179 2.4795 60.6664 2.5158 -8.7906 2.4872 -6.2683 0.7665 -0.6505 0.2861 -4.5901 3.9641 -8.1982 4.0735 44.4973 2.2332 124.3064 2.5743
1203 53.8531 2.3170 84.5965 2.5119 58.4255 2.5542 -8.1980 1.6994 -6.9052 1.0190 1.8031 0.5666 -4.6066 4.0732 -9.5650 3.7658 46.9757 2.2609 126.5636 2.6179
1204 56.7993 2.2704 83.4919 2.5435 56.7773 2.5330 -7.2679 1.1965 -7.6319 1.6631 4.7520 0.9617 -5.1052 4.2128 -10.4186 2.8946 50.1945 2.4340 129.0135 2.5153
1205 60.4834 2.3202 81.7074 2.5518 55.8021 2.4409 -6.0586 1.4200 -8.2977 2.1798 8.1293 1.6739 -5.8313 4.7701 -10.8884 1.8838 53.7139 2.4824 131.5217 2.5412
1206 64.1128 2.4702 79.2697 2.5407 55.3991 2.5123 -5.5109 1.8631 -9.1137 2.5371 11.2490 2.1403 -6.7224 5.2672 -10.8292 1.0498 57.4133 2.5025 133.3463 2.5297
1207 67.9553 2.2997 76.3097 2.5885 55.8324 2.5353 -4.7001 2.9189 -9.7028 2.8706 14.0814 2.5112 -7.5429 5.1875 -10.6915 0.2448 60.9894 2.5457 134.6822 2.4479
1208 71.5814 2.4091 72.7201 2.6682 56.9438 2.3898 -3.9740 3.5400 -9.8081 3.0417 16.3153 2.6383 -7.7084 4.5564 -10.3939 -0.1835 64.3797 2.7237 134.9624 2.4645
1209 74.9043 2.4456 69.0529 2.6177 58.7049 2.2641 -3.1449 3.4972 -9.5497 2.5648 17.5762 2.5799 -8.0912 3.4655 -10.5538 -0.0326 67.8318 2.7086 134.5748 2.5346
1210 78.4024 2.4718 65.4739 2.5615 61.0436 2.3550 -2.1652 3.2615 -9.1431 2.0558 18.3385 2.4593 -8.1047 2.8016 -10.8112 0.3967 71.3653 2.6264 133.4060 2.5056
1211 81.1819 2.4911 62.8807 2.4498 64.3650 2.3926 -1.4342 2.7694 -9.2674 1.9182 18.1870 2.5705 -8.3034 2.6468 -10.6713 1.0158 74.7579 2.5634 131.4321 2.4377
1212 83.5277 2.4774 60.5411 2.3935 68.0433 2.3687 -1.1024 2.8348 -9.2536 1.7512 17.2002 2.5769 -8.6072 2.3826 -10.2362 1.6771 78.3456 2.5607 129.4641 2.4195
1213 85.1052 2.6134 59.1737 2.4762 71.4208 2.5860 -1.0090 3.5290 -8.9725 1.0347 15.2926 2.4478 -8.5100 1.9164 -9.2579 2.0505 81.9260 2.6327 127.4732 2.3462
1214 85.7557 2.4756 58.5404 2.4740 74.9496 2.6778 -1.7201 4.5371 -8.3723 0.4696 13.1765 2.4245 -8.2180 0.9653 -8.6499 2.7454 85.0209 2.4974 125.9102 2.4093
1215 85.8109 2.5769 58.5393 2.5194 78.5477 2.6571 -1.8791 5.1135 -7.1748 -0.2311 10.8865 2.6694 -7.5233 0.2954 -8.3290 2.7943 87.7851 2.5923 125.0227 2.4059
1216 84.9077 2.5743 59.2029 2.4102 82.0428 2.5693 -2.5552 5.1324 -6.6581 -0.4954 8.7049 2.6904 -6.8128 0.2071 -8.1525 2.9913 89.6718 2.4409 124.2208 2.6102
1217 83.2856 2.6031 60.7912 2.4578 85.4836 2.3821 -3.4924 4.8032 -6.2034 -0.4576 7.1290 2.6420 -5.9333 0.0818 -7.7717 3.0406 91.0230 2.4820 123.3842 2.5008
1218 81.1225 2.6826 63.2091 2.3468 89.0535 2.2726 -4.5077 4.7094 -6.4160 -0.1035 6.3489 2.7623 -5.7062 0.4367 -7.0164 2.7315 91.3683 2.5516 122.7027 2.4093
1219 78.4811 2.6104 66.1177 2.4532 92.4565 2.5641 -5.8223 4.1957 -7.1664 0.2993 6.1262 2.7239 -5.7385 0.8533 -6.2644 2.4754 91.0804 2.5042 122.9153 2.4458
1220 74.8764 2.5693 69.4810 2.3654 95.1553 2.5565 -7.2751 3.7303 -7.6597 0.9238 6.7503 2.8233 -5.8557 0.9771 -5.6420 1.8928 90.3840 2.5913 123.4853 2.4355
1221 71.1912 2.4653 72.9508 2.3540 97.1543 2.3578 -8.5059 3.1779 -7.8751 1.3393 7.5369 2.7558 -6.1297 0.4518 -5.0588 1.0602 88.6261 2.6301 124.3726 2.4470
1222 67.5202 2.4159 76.1034 2.4739 98.6400 2.4464 -8.6246 2.5471 -8.5932 1.5711 8.1855 2.6929 -7.0733 -0.1180 -4.5149 0.3004 86.2542 2.5533 124.2559 2.5214
1223 64.1513 2.2184 78.6388 2.5456 99.6952 2.4304 -8.3504 1.5900 -9.2186 1.2840 9.3474 2.8089 -8.1365 -0.1261 -4.3926 -0.0658 83.2552 2.4864 123.6109 2.6066
1224 60.3363 2.2200 80.2722 2.4847 100.2804 2.4469 -8.1240 0.8332 -9.7269 0.9680 10.2113 2.4914 -9.3320 0.2034 -4.2416 -0.1156 80.4585 2.5481 122.3102 2.6192
1225 57.2578 2.4068 81.3192 2.4826 100.7207 2.5268 -7.3572 0.5606 -9.9433 1.1595 10.1324 2.4530 -10.2166 0.7383 -4.2978 0.0150 78.4245 2.4736 120.4999 2.5125
1226 53.7120 2.4328 81.3378 2.5275 101.0517 2.5249 -6.5752 0.5997 -9.6347 1.6009 9.5916 2.7281 -10.7395 1.2812 -4.4482 -0.1666 76.8854 2.4402 119.5731 2.4753
1227 49.8497 2.3409 81.1535 2.5727 101.5488 2.5006 -5.9234 1.3057 -8.6874 2.4707 8.2456 3.0377 -11.1064 1.6950 -4.7940 -0.3196 76.0772 2.5710 119.0762 2.4089
1228 46.0494 2.4470 79.6434 2.5893 101.8454 2.4914 -5.0258 2.2314 -7.6990 3.1971 6.6696 3.7257 -11.4675 1.8263 -5.5561 -0.3848 75.9519 2.3965 118.9243 2.4546
1229 42.0541 2.4344 77.7369 2.5878 102.5168 2.5197 -4.1714 3.1687 -6.6172 3.3138 4.4784 4.0346 -11.3119 1.6456 -6.4150 0.0554 76.8502 2.4305 118.6613 2.4044
1230 38.5389 2.5340 74.9864 2.6128 104.0930 2.5036 -3.5659 3.5401 -5.4521 2.9631 1.6427 4.2516 -10.6576 1.4296 -7.0473 0.7506 77.9478 2.3682 118.5783 2.5218
1231 34.7362 2.4918 72.1010 2.5571 105.6832 2.3623 -2.6618 4.1057 -4.3968 2.4336 -0.9870 4.2247 -9.9533 1.4814 -7.6081 1.5617 79.0869 2.3636 118.4524 2.4927
1232 30.8663 2.5867 69.7417 2.5369 107.1557 2.5417 -1.7419 4.3944 -3.3255 2.3176 -2.8778 4.3083 -9.0110 1.8087 -7.8858 2.0308 80.2916 2.4209 118.3880 2.5289
1233 27.3257 2.3558 68.6236 2.5632 108.3888 2.5555 -1.1303 4.2987 -2.1054 2.6807 -4.1139 4.7166 -8.3509 1.6975 -8.2594 2.4744 81.0060 2.4225 118.3281 2.5845
1234 23.9825 2.6520 67.9495 2.5274 108.8654 2.4962 -1.0691 4.5235 -0.5024 3.3126 -4.9441 4.9405 -7.6631 1.7786 -8.3516 3.3044 81.4470 2.4451 118.7431 2.6011
1235 20.5210 2.6513 67.8298 2.4342 108.7491 2.4999 -1.0144 4.4854 1.3365 3.8548 -5.6527 4.8604 -7.0092 1.9627 -8.1624 3.4526 80.8189 2.5929 119.5769 2.4916
1236 16.8484 2.5669 68.3942 2.4464 107.8413 2.6468 -1.1702 4.5488 3.2195 3.7492 -6.1896 4.9808 -6.3656 2.1513 -7.5627 3.4171 79.4213 2.5615 120.2897 2.5013
1237 13.9658 2.5469 69.9816 2.3827 106.2447 2.6906 -1.5594 4.6933 5.2159 3.4730 -6.2382 4.6354 -5.7166 2.4212 -6.7024 3.2907 77.5798 2.6712 120.7915 2.4880
1238 11.8176 2.4795 72.5286 2.4502 103.8986 2.6818 -2.5535 4.6512 6.8672 3.0518 -5.9928 4.0174 -5.0785 3.1430 -5.7934 2.8167 75.2739 2.6365 120.3364 2.4833
1239 9.9710 2.4437 75.8099 2.2227 100.4983 2.5975 -3.6923 4.6924 8.0438 2.6263 -5.2650 3.5744 -4.5442 3.8864 -4.4385 2.5692 72.9655 2.6337 119.5871 2.4874
1240 9.0794 2.4805 79.2744 2.4244 97.1507 2.6602 -5.1641 4.3570 8.5207 2.5968 -4.7872 3.3118 -5.0280 4.6206 -2.9169 2.2867 71.3772 2.5969 118.7930 2.4680
1241 8.5103 2.4197 82.8291 2.4671 94.5091 2.4694 -6.6275 4.0196 8.4607 2.5936 -4.6708 2.7678 -5.3770 5.0394 -1.5258 1.9669 70.6937 2.5787 117.6010 2.5512
1242 8.0799 2.4901 86.4199 2.5659 92.7449 2.5332 -7.4803 3.8070 7.7839 2.8760 -4.5598 1.9576 -5.7844 5.0723 0.2399 1.3236 70.8327 2.6045 116.4855 2.5933
1243 7.7471 2.4642 89.5134 2.5836 91.4503 2.5062 -7.8290 3.6126 6.7006 3.3221 -4.7616 1.2295 -6.1131 4.8322 1.9305 1.0969 71.6115 2.6207 115.7339 2.5236
1244 7.3491 2.5696 92.2354 2.4510 91.2190 2.5031 -7.8884 3.1494 4.8906 3.7404 -5.4937 1.0855 -6.2708 4.5430 3.9900 1.2187 73.1694 2.5335 115.0755 2.4280
1245 7.1726 2.5107 94.3514 2.3212 91.6884 2.5612 -7.8012 2.1925 2.3959 3.6497 -5.9994 0.6852 -6.5797 4.1862 5.9582 1.2162 75.1388 2.6327 114.6429 2.4672
1246 6.7974 2.3034 96.4354 2.4615 92.8612 2.5998 -7.4041 1.6568 -0.3310 3.1772 -6.3648 0.2019 -6.9600 4.1930 7.7946 1.9481 77.2989 2.5022 113.9581 2.4157
1247 6.4921 1.9123 98.3010 2.3946 94.8645 2.6942 -6.7004 1.0177 -2.8392 3.2031 -6.7015 -0.5048 -7.3145 4.9457 8.9565 2.3159 79.2322 2.4785 113.5453 2.4559
1248 5.1895 1.2846 100.5129 2.4062 97.2047 2.8015 -5.9735 0.5793 -5.1308 2.9385 -6.5370 -0.7569 -7.7445 5.3853 9.4997 2.4347 80.9102 2.6136 114.0244 2.4544
1249 3.3204 0.6807 102.8171 2.4429 99.6038 2.5298 -5.4105 0.6466 -6.4016 2.1839 -6.1000 -0.7793 -7.9245 5.4136 9.4816 2.5961 81.5741 2.4527 115.0937 2.3796
1250 1.4429 0.1884 104.7921 2.5138 101.6818 2.4333 -5.0332 0.4910 -7.0341 1.7119 -5.6540 -0.7787 -7.4079 5.0890 8.5315 2.4850 81.5529 2.4667 117.1411 2.3437
1251 -0.3760 0.0654 107.0582 2.4594 102.9148 2.4470 -4.8833 0.1367 -7.4606 1.3818 -4.8973 -0.6218 -6.8838 4.5083 6.9037 2.4008 80.4709 2.4224 119.5052 2.5016
1252 -1.7494 -0.2303 109.6273 2.3913 103.4730 2.5382 -4.9725 0.1175 -7.7600 1.1899 -4.2954 -0.1038 -6.5315 3.6894 4.6908 2.0012 78.8732 2.4821 123.0470 2.3935
1253 -2.3693 -0.1439 112.0986 2.3922 103.2522 2.4911 -5.2642 0.4666 -7.9871 1.0874 -3.5891 0.1085 -6.2878 3.4872 2.1222 1.5846 76.2155 2.4729 126.4631 2.5244
1254 -2.9237 -0.2144 115.3133 2.4717 102.3714 2.3886 -5.4532 1.2689 -7.2083 0.9772 -3.0415 -0.1080 -6.0736 3.2504 -0.6045 1.0065 72.9070 2.4442 129.7463 2.5699
1255 -3.5973 -0.0494 118.7673 2.5737 100.9118 2.3855 -5.5532 2.4142 -6.3736 1.0928 -2.5653 -0.1617 -5.9948 2.8127 -2.8012 0.5422 69.8959 2.5420 132.7490 2.6270
1256 -3.7955 -0.6486 122.4517 2.4967 98.4227 2.3335 -5.9674 3.1270 -5.6143 1.9361 -2.7257 -0.0308 -5.8700 1.9792 -4.1363 0.0255 67.3946 2.5456 135.1246 2.4746
1257 -3.7931 -0.7528 125.3590 2.5607 95.5005 2.4099 -6.0860 3.3626 -5.0437 2.9752 -3.5062 0.1858 -5.7527 0.9832 -5.2772 -0.2814 65.5507 2.5844 136.2355 2.4995
1258 -4.0080 -0.3629 127.8697 2.4885 92.1242 2.5165 -6.2862 3.9457 -5.5421 4.1732 -4.3816 0.3674 -6.0931 0.0014 -6.5668 -0.2911 63.9383 2.6433 137.4513 2.5486
1259 -4.1292 -0.1854 129.3907 2.3767 88.2817 2.3772 -6.1237 4.7065 -6.1871 4.8410 -5.6945 0.6725 -6.6610 -0.1671 -7.3194 -0.3050 62.1888 2.5376 137.8460 2.4547
1260 -4.4666 -0.0430 130.6466 2.5337 84.5659 2.5918 -6.0999 5.1373 -6.7410 5.0137 -6.9590 1.1629 -7.4421 -0.3890 -6.9930 -0.2879 60.7346 2.5684 137.2081 2.3285
1261 -5.2144 0.2297 130.8096 2.5103 81.1089 2.4067 -6.2562 5.3041 -7.4647 4.5864 -8.0011 1.9419 -8.4618 -0.4875 -6.5604 -0.3179 59.1889 2.5122 135.9019 2.3277
1262 -6.1142 0.0036 130.3955 2.5520 77.3923 2.6021 -6.2888 5.6664 -7.8768 4.3361 -8.5927 2.6599 -8.7714 -0.6071 -5.4278 0.1320 57.8917 2.5857 133.6998 2.1978
1263 -6.5155 -0.4866 129.3121 2.4937 73.9035 2.7155 -6.2018 5.9665 -8.2952 4.5571 -8.6758 3.3665 -8.5833 -1.1915 -4.6423 1.0751 56.9186 2.5952 131.2975 2.3859
1264 -6.7431 -0.6827 127.4711 2.4186 70.8389 2.6605 -6.2037 6.1500 -9.1091 4.9112 -8.2493 4.0788 -8.1736 -1.4017 -4.6361 1.6644 54.9520 2.5871 128.7271 2.3499
1265 -6.9592 -0.8890 124.8391 2.2739 68.3466 2.5293 -5.9410 5.8539 -9.7950 4.6071 -7.1006 4.6009 -7.7299 -0.8940 -5.0982 2.4190 52.9395 2.3519 126.7444 2.4599
1266 -7.2185 -1.1164 121.5188 2.2599 66.7544 2.4279 -6.4763 5.4546 -10.6196 3.9878 -5.7987 4.6886 -7.9502 -0.5655 -5.9485 2.7591 50.2752 2.3741 125.7294 2.5402
1267 -7.4137 -0.8204 118.0070 2.5155 65.9343 2.4270 -7.1027 4.7350 -10.8323 3.6193 -3.9549 4.9950 -8.3513 -0.2927 -6.5918 2.5823 46.9697 2.4637 125.2597 2.4953
1268 -7.1178 -0.6332 114.1155 2.7066 65.7741 2.4502 -8.1558 4.3178 -10.5883 3.3552 -2.2206 4.7326 -8.7144 -0.6679 -7.2023 2.4905 43.2312 2.5159 125.3938 2.5803
1269 -6.7745 -0.2677 110.5466 2.4735 66.3492 2.4109 -9.0571 4.3492 -10.1830 4.0848 -0.7101 4.3897 -8.8884 -1.1646 -7.8653 2.5954 39.5274 2.6567 125.7653 2.5944
1270 -6.1803 0.0246 106.9576 2.5752 67.7932 2.3822 -9.9966 4.5845 -9.3092 4.6349 0.1277 4.0348 -8.6558 -1.5924 -8.6079 2.9692 36.1480 2.5565 126.2827 2.5518
1271 -5.4966 0.1753 103.4362 2.4786 69.5549 2.1859 -10.5908 4.6741 -8.4350 5.2477 0.2597 3.5769 -8.5031 -1.0120 -9.2363 4.0623 32.9561 2.6314 126.9416 2.5268
1272 -5.6459 0.4960 99.9549 2.4410 72.3238 2.3006 -11.0403 4.2151 -7.6907 5.2308 0.2943 3.3756 -8.7016 -0.4725 -9.2984 4.2276 31.0124 2.5352 127.2451 2.4448
1273 -6.4367 0.9010 96.3721 2.5559 75.5999 2.3781 -11.0838 3.9271 -6.7655 4.9664 -0.2125 3.3558 -9.3532 0.3982 -9.3663 4.2644 29.3262 2.5453 127.1020 2.4948
1274 -7.5638 1.0468 92.6522 2.4783 79.3860 2.4453 -10.8164 3.8601 -5.3020 4.7755 -1.1499 3.2809 -9.9058 1.1085 -9.3996 4.1326 28.2453 2.6174 126.1914 2.5381
1275 -7.7325 0.5700 89.1808 2.2933 82.7114 2.4804 -9.8551 4.4076 -3.3305 4.7385 -2.6661 3.3544 -9.7923 2.0279 -9.6198 4.5177 28.2201 2.5832 124.7229 2.3561
1276 -7.7872 0.4552 85.8082 2.4659 85.6484 2.5086 -9.1326 4.9228 -0.7165 4.5528 -4.3507 3.3832 -9.7576 2.8000 -9.8776 5.4098 28.9590 2.6042 122.3741 2.3204
1277 -7.7850 0.0440 82.1702 2.6205 87.5089 2.3653 -8.0792 5.7049 1.4171 4.1033 -5.9083 3.9376 -9.5845 3.7020 -9.3659 6.0280 30.2490 2.6014 119.1600 2.4603
1278 -8.1374 -0.0658 78.4444 2.6322 88.9895 2.5078 -7.0308 5.5717 2.9625 3.4903 -7.3094 4.4625 -10.0299 4.4482 -8.3660 6.1749 32.2790 2.6862 115.5506 2.4647
1279 -8.7383 0.7687 74.8529 2.6800 89.7607 2.6122 -5.6341 5.3382 3.9252 3.0025 -7.8231 4.9552 -10.3829 4.8711 -7.8258 5.8200 35.1225 2.7221 111.9648 2.5675
1280 -9.7044 1.1022 71.5244 2.5923 90.7198 2.5104 -4.1213 4.6116 4.2560 2.6510 -8.1551 4.8372 -10.4975 4.5760 -7.7507 5.1954 38.1531 2.6277 108.2818 2.5399
1281 -10.3038 1.1629 68.1178 2.5417 91.4442 2.4620 -2.5171 3.8876 4.5030 2.5446 -7.6413 4.8488 -10.3655 4.1469 -8.3204 4.6759 40.6207 2.4269 104.5989 2.5164
1282 -10.4223 1.1448 65.5864 2.5190 91.8936 2.4945 -0.0053 3.5306 4.4384 2.5868 -6.7750 4.4871 -9.9374 3.8987 -8.4496 3.9980 42.2673 2.3906 100.8225 2.3382
1283 -10.2625 0.7470 63.8828 2.4820 91.8109 2.4330 2.4688 3.5169 4.6882 2.4910 -5.8161 3.9945 -9.4585 3.3911 -8.4235 3.1523 43.5485 2.5022 97.3242 2.2087
1284 -9.6264 0.2208 62.6954 2.4896 91.3052 2.4975 5.0912 3.6040 4.4981 2.4963 -4.4641 3.7844 -9.5678 2.7099 -8.0454 2.4818 43.5346 2.5415 94.5036 2.2876
1285 -9.0237 -0.1686 62.4017 2.5549 90.5744 2.4768 7.7718 3.1052 4.2885 2.5398 -3.0391 3.8350 -10.0572 2.1627 -6.9920 1.8608 43.0088 2.4254 92.3860 2.4295
1286 -8.4579 0.3109 62.7281 2.4398 90.5322 2.4827 10.7887 2.6823 4.0546 2.4426 -1.9452 3.5420 -10.5543 1.6754 -6.7222 0.8408 42.1875 2.4476 90.7103 2.4314
1287 -8.0252 0.3346 63.6551 2.5558 91.0892 2.5163 13.9332 2.5622 4.0335 2.3524 -1.3658 3.3828 -10.8198 1.1826 -6.5817 0.2709 40.1268 2.3918 89.7971 2.5643
1288 -7.6522 -0.0622 65.3746 2.4625 92.6717 2.5429 17.1145 2.6516 4.2958 2.1993 -1.4080 3.4700 -10.7265 0.9377 -7.0618 -0.5908 37.3771 2.2648 89.7180 2.4766
1289 -6.8650 -0.9271 68.0316 2.4245 94.7886 2.5672 20.1014 2.6191 4.4190 2.2198 -1.4958 3.9261 -10.2183 0.8175 -7.5425 -1.3010 34.0061 2.3500 89.8899 2.5226
1290 -6.2412 -1.1536 71.4222 2.5556 97.0712 2.4691 22.5417 2.4824 4.6415 2.3057 -2.1562 4.3989 -9.9794 0.8889 -8.2061 -1.1215 30.6109 2.4735 91.0079 2.5107
1291 -5.4182 -1.0843 75.1280 2.5057 98.9552 2.4397 24.4648 2.5038 4.5158 2.0344 -3.1743 4.6391 -10.3234 1.1999 -8.5875 -0.6724 27.0700 2.4852 92.3814 2.4654
1292 -4.8210 -0.6711 78.7467 2.6073 100.2654 2.5234 25.5554 2.3915 3.5833 1.6059 -4.3648 4.4987 -10.8211 1.4647 -8.6444 0.3321 23.6728 2.4350 93.7054 2.4474
1293 -4.4079 -0.1971 81.8068 2.5314 100.7615 2.4994 25.6362 2.5257 2.6743 1.4983 -5.7264 4.2251 -11.0870 1.5214 -7.8420 1.3923 20.7593 2.5204 95.0480 2.4854
1294 -4.1459 -0.0570 84.1329 2.6849 101.2600 2.5014 24.9392 2.6381 2.0043 1.6025 -7.1490 3.6490 -11.3822 1.6008 -7.1499 2.4007 18.5085 2.3847 95.8189 2.5461
1295 -4.0323 -0.1472 85.8606 2.5875 101.6547 2.4270 23.4068 2.5994 1.0274 1.6628 -7.8219 3.1316 -10.9368 1.8131 -6.8531 2.5812 16.7305 2.6288 95.4700 2.4808
1296 -3.2286 0.2516 87.0148 2.5491 101.4477 2.4554 21.3407 2.7339 0.5680 1.8799 -7.8536 2.4617 -10.4927 1.9103 -6.4527 2.6730 15.6853 2.5239 94.9267 2.4700
1297 -1.9765 0.7321 87.4955 2.4861 100.3404 2.5004 18.4742 2.6389 0.8088 2.1887 -7.8804 2.1399 -9.8975 2.2189 -5.7839 2.5037 15.5376 2.5155 93.9050 2.3994
1298 0.2628 1.5352 87.0604 2.4516 98.7081 2.4058 15.3866 2.5388 1.7570 2.3858 -7.4743 1.7757 -9.6972 2.7489 -4.9552 2.7266 15.9517 2.5033 93.3218 2.3846
1299 2.6933 2.0100 85.6178 2.3904 96.1954 2.2594 12.8913 2.5458 2.9831 2.3806 -6.8892 1.5959 -9.8638 2.5475 -4.1303 2.8514 17.0721 2.5231 92.4281 2.3979
1300 5.1520 2.4808 83.6092 2.3340 93.1466 2.2470 11.0895 2.6762 4.1828 2.8251 -6.5634 1.9662 -10.3711 3.1220 -3.3362 3.0084 18.2667 2.3914 92.1773 2.5474
1301 6.9409 2.7096 80.8047 2.4355 90.4599 2.4715 10.1292 2.6083 5.7277 3.0317 -5.9746 2.5693 -10.5372 3.7912 -3.1962 3.3172 19.7366 2.4219 92.1543 2.4181
1302 8.4845 2.8539 77.6049 2.4390 88.2887 2.4632 9.8582 2.5415 7.1280 2.8298 -5.6366 3.1672 -10.0363 4.5735 -3.4940 3.6224 21.0922 2.4074 92.7485 2.4186
1303 9.5410 2.6827 73.9032 2.2529 86.9868 2.4619 10.3008 2.4511 7.6903 2.5299 -5.3647 3.5423 -9.1331 5.0675 -3.9237 3.6478 21.8400 2.4725 94.7361 2.3575
1304 9.8891 2.4734 70.3157 2.5373 86.1784 2.4430 11.6030 2.4955 7.4361 2.8877 -5.2416 4.0394 -8.8396 4.9863 -4.7379 3.6994 21.4385 2.4453 97.2373 2.4256
1305 9.5529 2.5195 66.6989 2.6126 85.9842 2.6079 13.2117 2.4685 6.6162 3.4307 -5.1894 4.5799 -9.0301 4.6679 -5.6246 3.7248 20.4490 2.4420 100.5445 2.3347
1306 8.4362 2.3686 63.1860 2.6613 86.8440 2.5413 15.1984 2.3855 5.2657 4.1333 -5.1785 5.2279 -9.6603 4.3342 -6.4483 3.9631 18.6257 2.3274 103.9381 2.5299
1307 6.6420 1.9325 59.5497 2.6070 88.2044 2.5293 16.8947 2.4618 3.0421 4.6810 -5.9929 5.7403 -10.4928 4.0449 -7.2516 4.3881 16.3084 2.4228 107.3269 2.5652
1308 4.2621 1.3561 55.8640 2.5097 90.3671 2.4875 18.3981 2.4520 0.1070 4.8404 -6.9265 5.8325 -10.8701 4.1638 -8.2397 4.4976 12.9087 2.3063 110.6537 2.6688
1309 1.0935 0.9031 52.8728 2.4588 92.8554 2.5406 18.7098 2.4748 -2.8070 4.6522 -7.3211 5.6286 -10.9185 4.3134 -9.3469 4.3842 9.4665 1.9194 113.1882 2.3788
1310 -1.9248 0.7942 50.1179 2.4800 95.9236 2.5557 18.6255 2.3637 -5.1832 4.3604 -7.3592 5.1065 -10.7123 4.2558 -10.2596 4.2454 5.9223 1.5754 114.8440 2.4314
1311 -4.4552 0.8509 48.7177 2.4757 98.7135 2.4043 18.0766 2.4516 -6.7864 4.2560 -6.7316 4.7889 -10.6654 3.5621 -10.8073 3.7874 2.7425 1.2696 115.4198 2.4873
1312 -6.4573 1.1851 47.6936 2.4213 100.6818 2.4430 17.0989 2.4754 -8.2233 4.1116 -6.2708 5.2168 -10.9688 2.5810 -11.1856 3.1610 -0.3595 0.9566 115.6302 2.4958
1313 -7.8726 1.4797 47.3096 2.5042 102.2365 2.3822 16.2025 2.4670 -9.6030 4.0979 -5.9719 5.8194 -10.8333 1.2530 -11.3692 2.7912 -3.2620 0.8014 115.9253 2.3890
1314 -8.5709 1.5610 47.9241 2.5818 102.8524 2.5130 15.5412 2.5098 -10.5045 3.5498 -6.0778 6.1682 -10.7155 0.6102 -11.3996 3.0406 -5.7475 0.9690 116.1695 2.4989
1315 -8.9874 2.1310 48.4837 2.5988 102.7165 2.4167 15.2271 2.5138 -11.3296 2.5268 -6.6445 6.1772 -9.9846 0.1375 -11.2902 3.1461 -7.8084 1.5793 116.3168 2.4414
1316 -9.3841 2.9175 49.3005 2.5554 101.7682 2.5231 15.6266 2.6843 -11.4216 1.8589 -7.2408 5.7808 -9.2800 -0.1632 -10.9718 2.4244 -8.8835 1.7777 116.0613 2.5053
1317 -9.5917 3.9240 50.3446 2.4681 100.1625 2.4200 16.6343 2.5996 -11.4323 1.5004 -7.6054 5.3781 -8.4894 0.2660 -10.9827 1.5538 -9.9803 2.1000 115.6128 2.4830
1318 -9.5261 4.5148 51.3504 2.3784 97.8014 2.3718 18.1751 2.6755 -10.8635 1.0822 -7.8348 4.8121 -7.8938 0.3322 -11.0721 1.4677 -10.3739 2.2592 115.3486 2.5267
1319 -9.3521 5.1790 51.8350 2.5078 95.4714 2.3758 21.0215 2.6854 -10.5806 1.2091 -7.9749 4.1341 -7.6661 0.0733 -11.1433 1.7363 -10.7808 2.1207 115.6192 2.5391
1320 -8.9821 5.0816 50.9860 2.3342 93.1606 2.4562 24.1586 2.4748 -10.0053 0.9501 -8.0704 3.5060 -7.3830 -0.2883 -10.9810 2.4582 -11.1694 2.4567 116.2232 2.5511
1321 -8.1193 4.9832 49.8676 2.2305 91.7879 2.4547 27.6542 2.4431 -9.5067 0.5229 -8.4825 2.9073 -7.2946 0.0202 -10.2933 2.8038 -11.1098 3.3303 117.4392 2.5177
1322 -7.5020 5.1654 47.9087 2.3228 90.9108 2.4638 31.5586 2.4097 -8.7605 0.0383 -8.8079 2.2503 -7.1234 0.5094 -9.4363 3.0689 -10.5829 3.8968 119.7075 2.6825
1323 -6.9592 5.4359 44.8795 2.2800 91.0277 2.4250 35.0397 2.4927 -7.6062 -0.0416 -8.7277 1.3880 -7.2239 0.5966 -8.3700 3.4359 -10.2609 3.9538 121.5954 2.4842
1324 -6.8469 5.5219 41.2054 2.3089 91.7297 2.4294 38.6057 2.2165 -6.4980 0.3554 -8.2672 0.6585 -7.8639 0.4865 -7.7066 3.8846 -10.1351 3.3551 123.3765 2.6171
1325 -6.7374 5.5350 37.4606 2.4998 93.0621 2.4293 42.3651 2.4327 -5.7602 0.7359 -7.6208 0.0009 -8.4899 0.1948 -7.2446 4.1626 -10.3642 2.3496 125.2605 2.5841
1326 -6.5537 5.3961 33.9642 2.6903 95.2788 2.4296 46.0564 2.4125 -5.1692 1.3206 -5.7977 -0.1749 -9.3572 -0.2140 -6.6270 4.7333 -10.4835 1.7345 127.2550 2.3028
1327 -6.3405 5.1909 30.1297 2.5215 98.1285 2.1953 49.9766 2.4970 -4.4605 1.5812 -3.5483 -0.1434 -9.7850 -0.2742 -5.8150 5.3873 -10.5347 1.1550 130.0748 2.4896
1328 -5.9640 4.7740 26.6570 2.4885 101.7098 2.4456 53.8662 2.6379 -3.7823 2.2647 -1.5444 0.0088 -10.0942 -0.2908 -5.6346 5.6871 -10.0250 1.1334 133.3818 2.5010
1329 -5.7989 4.4657 22.8199 2.5965 105.1104 2.5658 57.2672 2.6882 -2.9375 2.6882 -0.1431 0.3744 -9.9053 0.2922 -5.7265 5.7447 -9.1665 1.0703 137.0990 2.5528
1330 -5.6354 4.5303 18.9558 2.4887 108.1681 2.4029 60.2916 2.4894 -2.0569 3.0109 0.5845 0.9848 -9.3908 1.1918 -5.8645 5.6760 -8.3817 0.7075 140.9137 2.3746
1331 -6.0116 3.9471 15.7122 2.6256 110.6092 2.3839 62.2554 2.6097 -0.8488 3.4609 0.9980 1.2682 -9.2099 1.9465 -5.9387 5.6795 -8.0521 -0.0912 144.6331 2.2428
1332 -6.7582 3.3513 13.2691 2.5359 112.3012 2.4670 63.4001 2.5858 0.6808 3.4575 1.1269 1.3413 -8.7554 1.9059 -5.9792 5.8297 -8.3033 -0.8200 148.0731 2.3668
1333 -7.7354 2.9268 11.1832 2.4290 113.3625 2.4079 63.9206 2.5317 3.2137 3.3814 0.6283 1.1978 -8.1346 1.5378 -6.1076 5.9995 -8.3036 -1.1376 151.6893 2.5147
1334 -7.9933 2.5396 10.3190 2.4434 113.5976 2.4114 63.7041 2.4791 5.7736 3.1694 -0.1170 1.1098 -7.8021 1.4432 -6.2975 6.1938 -8.4636 -0.9864 155.2803 2.7414
1335 -8.0591 2.2222 9.9499 2.4531 112.8430 2.4166 62.6425 2.4401 8.6198 2.6808 -0.8820 1.1591 -7.7996 1.2535 -6.1025 5.9575 -8.0709 -0.8644 158.5169 2.9996
1336 -8.0114 2.3295 10.5434 2.4132 111.9263 2.3855 60.6960 2.3549 11.7735 2.4955 -2.6277 1.5541 -7.3109 1.1106 -5.1373 5.8117 -7.8838 -0.4330 161.4381 3.2613
1337 -8.3061 2.5900 11.8221 2.3479 110.4538 2.4169 57.9851 2.4825 14.9880 2.4746 -4.3411 2.0050 -6.2794 1.0314 -3.5098 5.2448 -7.9966 -0.0576 164.0966 4.0139
1338 -9.1337 3.3227 13.6277 2.3761 108.9490 2.5079 54.5168 2.4359 18.7092 2.4971 -5.6636 2.7217 -5.1893 0.5898 -1.5614 4.7774 -8.1470 0.0493 165.8438 4.5264
1339 -10.1731 3.6124 16.2527 2.2982 107.6093 2.5382 50.8212 2.3347 22.2648 2.6800 -6.3559 3.4780 -4.5133 0.6072 1.4166 4.4016 -8.1407 -0.0183 166.6314 4.7841
1340 -10.2991 3.8079 19.3741 2.3390 106.6425 2.4481 47.4347 2.4945 25.7564 2.4091 -6.5061 3.8298 -4.1222 1.2141 4.6252 3.9705 -7.7471 0.5245 167.5982 5.0814
1341 -10.4543 4.0764 22.9325 2.4416 106.6697 2.4152 44.9459 2.5566 29.2552 2.6210 -6.7402 4.1452 -4.6049 1.5890 7.1198 3.3330 -7.2382 1.4685 168.2581 5.5230
1342 -10.3623 3.8637 26.3108 2.4445 107.4289 2.4603 43.0375 2.5166 32.5574 2.4816 -6.9277 4.8805 -5.6669 2.2737 9.2695 2.8162 -6.8477 2.3462 169.2408 5.6904
1343 -10.0554 3.4841 30.0789 2.5225 108.8718 2.5183 41.9712 2.6011 36.1134 2.3213 -6.7449 5.7265 -6.3906 2.9005 10.9345 2.5049 -6.4416 2.6758 169.5709 6.1930
1344 -9.7803 2.6107 33.9594 2.5639 111.1337 2.5210 41.5642 2.5438 39.4698 2.3490 -6.4845 6.2537 -6.6906 3.1960 12.0398 2.4714 -6.4522 2.7885 169.2622 6.6088
1345 -9.8167 2.1111 37.6021 2.6880 114.0052 2.5745 42.1021 2.5641 43.2188 2.5812 -6.0507 6.1850 -7.3001 3.6482 12.5552 2.5460 -6.7516 2.9647 168.5935 6.6167
1346 -9.8654 1.6481 41.0629 2.6601 117.5269 2.4983 43.2184 2.6032 46.7857 2.3882 -5.3349 5.6217 -7.9140 4.1979 12.3349 2.5501 -7.6728 3.7753 167.7096 6.2373
1347 -10.0572 1.2782 44.6105 2.4623 120.8582 2.5519 45.2823 2.6780 50.3173 2.5918 -4.8287 5.1938 -8.3588 4.6790 11.1854 2.5701 -8.8107 4.3669 167.8813 5.6901
1348 -9.7211 1.6078 47.8067 2.5991 124.5846 2.3726 47.8345 2.6469 53.6414 2.5414 -4.4177 4.4198 -8.4436 4.8263 9.4710 2.6812 -9.3105 4.6051 168.4566 5.5130
1349 -9.3099 2.0807 50.0878 2.4605 128.2934 2.5094 51.1588 2.5200 56.3150 2.5567 -4.7878 4.0370 -8.5356 4.3880 7.4530 2.9059 -9.7595 4.4648 169.1615 5.8254
1350 -8.9450 2.8163 52.1397 2.6095 131.7587 2.5152 54.3612 2.5174 58.2917 2.3585 -5.1009 4.1770 -8.3324 3.6838 5.4675 3.2059 -9.6545 4.3148 169.1936 5.9051
1351 -9.3216 3.5815 54.0285 2.4857 135.4361 2.5203 56.9994 2.5690 59.1439 2.4380 -5.0470 4.3811 -8.1396 2.8765 3.6270 3.1965 -9.0216 4.2227 169.1427 6.0264
1352 -9.6767 4.1390 55.9190 2.4364 138.7483 2.6197 58.9168 2.5924 59.5535 2.4939 -4.6612 4.5987 -7.7362 2.7433 2.2317 3.1690 -8.4667 4.4686 168.8171 5.8986
1353 -10.3152 3.9774 58.0601 2.4629 142.2237 2.4595 60.1831 2.6155 59.0587 2.4004 -4.3527 4.3616 -7.3958 3.0328 1.6031 3.1709 -7.9029 4.7104 168.3254 5.5313
1354 -10.3091 3.6120 59.8599 2.5234 145.6663 2.4309 60.5061 2.5602 57.8802 2.3603 -3.5912 3.7830 -7.0341 3.3558 1.7477 3.2714 -7.5073 5.6144 168.3500 5.4169
1355 -9.6235 3.0207 61.9980 2.5054 148.9763 2.5185 60.0658 2.5330 55.7700 2.2894 -3.6343 3.3163 -6.2627 3.2943 2.5756 3.1783 -7.0539 6.1239 168.3983 5.1637
1356 -8.9131 2.4884 63.9560 2.5564 151.8999 2.5568 58.6957 2.4989 53.4270 2.2534 -3.7393 2.7906 -6.0084 2.5209 3.9981 3.3056 -6.8844 6.0763 168.1426 5.0595
1357 -8.7794 1.5903 65.9921 2.5292 153.9871 2.5974 56.6841 2.5131 51.1725 2.3697 -4.0618 2.4022 -6.0679 1.9782 6.4629 3.3380 -7.1324 5.2623 167.3521 4.6839
1358 -9.0645 0.6194 68.4527 2.6400 155.2430 2.5733 53.8613 2.5384 49.2244 2.5114 -4.3301 1.5284 -6.9645 1.6509 9.5963 3.1643 -7.2720 4.3644 166.1796 4.4889
1359 -9.1998 -0.2420 70.3968 2.4125 155.7804 2.7983 50.4501 2.5324 48.1783 2.5760 -4.1512 0.8946 -7.6816 1.7384 13.0837 2.8956 -7.5021 3.3547 164.9286 4.5252
1360 -9.4985 -0.3757 72.3667 2.4549 155.3304 2.9080 46.9113 2.4464 47.8017 2.4504 -3.8618 0.3062 -7.9677 1.5503 16.7428 2.7409 -7.7619 2.2661 164.1425 4.2505
1361 -9.2374 0.0714 73.7623 2.5570 154.3034 2.8674 43.4685 2.4438 48.2529 2.5918 -3.7445 -0.0158 -8.5897 1.5960 20.2439 2.5178 -8.0831 1.8350 163.3154 4.0371
1362 -8.7164 0.9072 74.2625 2.4601 152.8535 2.9824 39.9434 2.4678 49.1877 2.5938 -3.9019 -0.6659 -9.3300 1.5423 23.9551 2.4374 -8.1001 1.4066 162.7209 4.1896
1363 -8.1341 2.1323 73.6991 2.4901 151.4222 2.7853 36.3971 2.6496 50.9884 2.6269 -4.5587 -1.0595 -9.4799 1.4697 27.5649 2.4499 -7.4704 0.8299 162.1373 4.2673
1364 -7.5072 3.2764 72.6667 2.4887 150.2945 2.7094 32.7087 2.7962 52.9615 2.7332 -5.6737 -1.3288 -9.5388 1.3552 30.1382 2.6015 -6.8832 0.4626 162.4386 4.3019
1365 -7.6011 3.5894 70.5897 2.7563 149.2764 2.5577 29.1770 2.5096 54.9048 2.6742 -6.1577 -1.3413 -9.6204 1.1791 31.8373 2.5562 -5.8734 0.3319 163.2404 4.5833
1366 -7.3209 3.3356 67.9496 2.6780 148.8591 2.4342 25.4611 2.4386 56.0411 2.6559 -6.7561 -1.0087 -9.9575 1.1626 33.1751 2.4099 -4.6524 0.3103 164.0422 4.7667
1367 -7.2426 3.2782 64.8863 2.5356 149.3257 2.4224 21.9051 2.4553 56.4595 2.5533 -7.5074 -1.0139 -10.2706 1.4633 33.6089 2.5207 -3.6026 0.3535 165.2622 4.6082
1368 -7.1927 3.1332 61.5297 2.5779 150.5432 2.4317 19.0880 2.5560 55.9319 2.3897 -8.0235 -1.2723 -10.6630 1.6909 33.4175 2.5553 -3.4128 0.5457 166.6199 4.1074
1369 -6.5832 3.1774 58.8223 2.6312 151.9397 2.0239 17.0129 2.5029 54.5894 2.4020 -8.4623 -1.0962 -10.6301 1.6264 32.6241 2.5882 -3.4981 0.6197 168.0744 3.4967
1370 -6.2322 3.3133 56.1672 2.5398 154.0290 1.5221 15.5264 2.5640 52.9561 2.4908 -8.1467 -1.1673 -10.2713 1.4780 31.6735 2.5577 -3.4333 0.5702 169.6357 2.6737
1371 -6.6740 3.1438 54.5583 2.5602 156.9491 1.0609 14.7445 2.5597 50.5464 2.3459 -8.2106 -0.9753 -10.2826 1.4035 31.0697 2.5465 -3.7270 0.4052 170.3904 2.3342
1372 -7.2690 3.2106 53.6280 2.4442 159.7274 0.9187 14.6246 2.4192 47.6149 2.4274 -8.1997 -0.5604 -10.4361 1.0663 30.5603 2.5038 -4.5069 -0.4148 171.1537 1.8027
1373 -7.3659 3.3506 53.1598 2.4839 162.7395 0.9426 15.4164 2.3193 44.6551 2.3443 -7.9421 -0.4401 -10.5901 0.9930 30.6139 2.5186 -5.7256 -0.7534 171.4494 1.2516
1374 -7.6173 4.1219 52.7994 2.4616 165.2773 0.7574 17.3308 2.3582 42.7527 2.2925 -7.5574 -0.4954 -10.8556 1.3399 31.1444 2.4940 -6.5494 -0.8407 171.5573 0.9420
1375 -7.4322 4.7371 52.8206 2.4837 167.2057 0.4858 19.6570 2.4958 41.4590 2.5265 -7.3055 -0.6483 -10.6535 1.6994 32.3661 2.4223 -6.8613 -0.6410 171.4299 1.0957
1376 -6.8427 5.1303 52.6391 2.4673 168.2973 0.1555 22.8882 2.2801 39.9492 2.5070 -7.3897 -0.4995 -10.1572 1.8054 34.3232 2.4215 -6.7782 -0.3275 171.4736 1.3831
1377 -5.8547 5.4468 52.9088 2.4151 169.3983 -0.0499 26.6319 2.5897 38.6941 2.5680 -7.3913 0.2688 -9.8586 1.8369 37.0208 2.3573 -6.4738 -0.1845 171.5957 1.4306
1378 -4.4462 5.2575 52.9794 2.4739 170.5142 -0.2730 30.5800 2.3301 38.0703 2.4946 -7.4870 1.0939 -9.9956 2.0966 40.5491 2.4112 -6.1577 0.1061 171.8763 1.8453
1379 -3.8303 5.1386 52.3204 2.5070 171.0666 0.1559 34.3172 2.4671 36.9870 2.4811 -8.0211 2.2171 -10.3019 2.1855 44.0646 2.3546 -6.2730 -0.2535 171.8976 2.5314
1380 -2.7183 5.0668 50.6997 2.5893 171.5470 0.4822 37.7828 2.5397 36.1058 2.5057 -8.3784 3.0606 -9.7337 2.0326 47.3885 2.6161 -6.8255 -0.1254 171.8794 3.8170
1381 -2.1747 4.9477 48.5113 2.7043 171.6181 0.2641 41.4348 2.5065 34.9763 2.5454 -8.7066 3.5413 -9.0493 1.8905 50.1985 2.5968 -7.1657 0.2783 171.5362 4.9505
1382 -1.8599 4.8217 45.5436 2.5923 171.5995 -0.3614 45.1388 2.4230 34.0855 2.4634 -8.5368 3.9156 -8.4054 1.5761 52.1813 2.5028 -7.4144 0.8184 171.5039 5.2204
1383 -2.0376 4.6062 42.0875 2.4832 171.5968 -0.2821 49.0271 2.4714 33.2410 2.4980 -8.2922 4.6843 -7.7416 1.3545 53.4551 2.4815 -7.4331 1.0483 171.6198 5.2983
1384 -2.6422 4.6405 38.4810 2.4444 171.6842 0.5105 52.8148 2.4591 31.8318 2.6432 -8.3643 5.3198 -7.4872 1.5500 53.9318 2.4736 -7.5993 1.2369 172.0749 4.5993
1385 -3.4219 4.6488 34.8059 2.2604 171.8466 1.2160 56.5720 2.5861 30.5869 2.5595 -8.4430 5.8177 -7.3964 2.0316 53.5995 2.5432 -8.0568 0.9865 172.0434 3.7272
1386 -4.1148 5.0755 31.4607 2.2636 172.0119 1.5564 60.1587 2.4779 29.8495 2.4292 -8.4631 6.0122 -7.2703 2.3180 52.4492 2.6443 -7.9343 1.5091 171.6626 2.7806
1387 -5.0727 5.1647 28.4635 2.5199 171.3825 1.4523 63.9653 2.4361 29.9853 2.4017 -8.2145 6.1970 -7.0389 2.9259 50.3261 2.5739 -7.6160 1.8393 170.9269 2.0592
1388 -6.1074 5.4012 25.6404 2.6461 170.8034 2.4535 67.7276 2.6515 31.2314 2.3125 -7.6630 6.5849 -6.4398 3.2957 47.7034 2.5918 -6.7689 2.3293 170.1904 2.0092
1389 -6.4775 5.4961 23.6890 2.6086 171.0281 3.4851 71.1254 2.3868 33.0564 2.4229 -7.5449 6.6995 -5.5455 4.0122 44.4698 2.5893 -5.0505 2.7881 169.5148 1.7842
1390 -6.8921 5.5887 21.8595 2.6115 171.1194 3.8587 74.8444 2.3332 35.2554 2.4178 -8.1034 6.5195 -5.2392 4.6472 41.1111 2.5150 -2.4950 3.2375 168.9945 1.3055
1391 -7.1089 5.4669 21.3179 2.5746 171.0309 4.6609 78.1655 2.3724 38.3133 2.3563 -9.0675 6.3646 -4.8918 5.0975 37.5041 2.4788 0.3191 3.2348 168.8827 0.5323
1392 -7.0513 5.1503 21.3878 2.4695 170.3958 5.4243 81.7079 2.5065 41.9636 2.2463 -9.8533 5.5946 -4.8443 5.5014 33.7015 2.4406 3.4636 3.0164 168.6248 -0.4521
1393 -7.3527 4.6863 22.1475 2.3708 169.9249 5.7618 85.3572 2.5195 45.3426 2.4049 -10.3906 4.4063 -5.0225 5.7132 30.9479 2.3030 6.8197 2.8174 168.2560 -0.8687
1394 -8.1154 4.5239 23.5516 2.3062 169.2096 6.0295 89.0699 2.5704 49.1604 2.4278 -10.2538 3.2496 -5.4112 5.8816 28.7023 2.5245 10.2332 2.7599 168.2030 -1.0446
1395 -8.6765 4.2281 25.5600 2.3351 168.4597 6.0684 92.7822 2.6898 53.1827 2.2897 -10.1168 3.0182 -5.7829 6.0434 26.8248 2.5416 13.5599 2.6154 167.8764 -0.8789
1396 -9.4846 3.2519 28.6552 2.3857 168.3326 6.3301 96.2736 2.5495 56.6636 2.5414 -9.5167 2.9779 -5.4940 5.7529 25.1747 2.6041 16.7822 2.5654 167.8287 -0.5509
1397 -10.0426 2.4564 32.4266 2.5201 168.5680 6.6567 100.0216 2.5259 60.4486 2.6081 -8.5273 3.0677 -5.2837 5.4298 23.5760 2.5644 19.9209 2.5566 167.9913 -1.0753
1398 -10.1657 2.0666 35.8519 2.3971 168.4657 6.8153 103.6655 2.5068 63.3714 2.5226 -7.7412 3.1239 -5.7348 4.7601 22.3173 2.5580 22.6046 2.5133 168.4212 -1.3892
1399 -10.3936 2.4396 39.1025 2.5316 168.0232 7.0541 107.3068 2.4436 65.7592 2.5772 -7.3371 3.2377 -6.1986 4.5912 20.8559 2.5631 24.7751 2.4464 169.3203 -1.5021
1400 -10.6871 2.6417 42.6356 2.5509 167.2212 6.7899 110.5545 2.5120 67.3183 2.4843 -6.5327 3.4386 -6.4346 4.4996 19.4717 2.4338 26.2496 2.4479 170.1577 -1.0470
1401 -10.6015 2.8932 45.8082 2.4423 166.6687 6.4650 113.1055 2.5509 68.3526 2.4942 -5.2177 3.2326 -6.4216 4.9233 18.5326 2.4840 26.8031 2.4537 170.7432 -0.7802
1402 -10.5359 3.3932 48.3043 2.3794 166.1983 6.3642 114.7713 2.3716 68.6000 2.4782 -4.1043 3.1083 -6.1227 5.0913 18.1374 2.5028 26.7704 2.4368 170.8936 -0.7231
1403 -10.4844 3.8483 50.1238 2.6326 165.8150 5.9390 115.9982 2.3664 67.8909 2.6636 -3.6150 2.9762 -5.8123 4.3942 18.0649 2.5438 25.8813 2.3740 170.4300 -0.8736
1404 -10.3679 3.9173 51.8357 2.5643 165.8113 5.4250 116.2046 2.5475 66.8610 2.5986 -3.8276 2.6563 -5.2385 3.7882 17.8726 2.4687 24.5015 2.3083 169.7338 -0.6417
1405 -10.5241 4.2966 53.2270 2.5839 165.8571 5.1552 115.6028 2.3979 64.5781 2.6038 -4.2502 2.1465 -4.2684 3.6704 17.7970 2.5056 22.4581 2.4111 168.8181 0.3776
1406 -10.4119 4.4767 54.8198 2.5117 165.6568 5.3434 114.3380 2.3135 61.6867 2.2960 -5.2361 1.6390 -3.7184 3.9577 17.4637 2.5359 19.7874 2.2961 168.3429 1.5488
1407 -10.2903 4.2981 56.5247 2.4134 165.5740 5.0404 112.5166 2.3907 58.2517 2.5392 -6.3388 1.7870 -3.6314 4.2166 17.6592 2.4795 16.3192 2.3712 168.2587 2.4101
1408 -10.0799 3.5552 58.3535 2.3413 165.5839 4.7402 110.4754 2.4976 55.5723 2.5823 -6.8225 1.7537 -3.8560 4.4741 17.7973 2.4955 13.1235 2.1480 168.2367 3.3054
1409 -9.5149 2.4469 60.0272 2.3945 166.5383 4.5444 108.8338 2.5248 53.3870 2.5900 -7.4159 1.3347 -4.2402 4.7781 18.0056 2.4537 9.9120 2.0692 168.2856 4.0509
1410 -9.0771 1.7473 62.2329 2.6580 167.3861 4.2539 107.8425 2.4600 51.7356 2.4142 -8.0936 0.7979 -5.1382 4.7495 18.3683 2.5487 7.2282 1.8945 168.0842 4.6087
1411 -8.5990 1.2432 64.8319 2.3774 167.9666 3.3386 107.4822 2.4941 50.9097 2.5576 -8.2213 0.9161 -5.6478 4.7911 18.7199 2.5792 5.0990 1.8785 167.8567 5.1133
1412 -7.8227 0.9090 67.2129 2.6223 168.7926 2.3027 108.3191 2.5086 50.9539 2.4363 -8.1377 1.3009 -6.1290 5.1213 18.4106 2.5209 3.8628 1.7034 167.9325 5.8270
1413 -7.3700 1.4823 69.3389 2.5194 169.3140 1.4044 109.4967 2.5447 51.6795 2.4368 -7.7036 1.9192 -6.4885 5.6725 18.0556 2.5152 3.4731 1.8678 168.4388 6.1527
1414 -7.0881 1.9533 70.6589 2.5655 170.4714 0.7997 111.3414 2.6536 53.2155 2.4925 -6.8929 2.6056 -6.5017 6.0762 17.6300 2.5637 3.8026 1.6810 168.8032 6.3158
1415 -7.1582 2.6330 71.2800 2.5230 171.3139 0.6675 114.0020 2.6446 55.1313 2.4842 -5.5806 2.8598 -7.1464 6.2098 17.5470 2.5044 4.8338 1.7125 169.2038 6.2665
1416 -6.8519 2.9284 71.2524 2.5719 171.7209 0.5252 117.3229 2.7249 57.2049 2.3841 -4.0384 3.0034 -7.9012 6.0817 17.6892 2.4325 6.5996 1.7576 169.5954 6.3607
1417 -6.4614 3.3242 69.9922 2.6144 171.9172 0.7614 120.7299 2.5816 58.8494 2.4627 -2.4022 2.6931 -8.1580 5.9092 17.6745 2.4701 9.0882 1.8350 169.0847 6.1584
1418 -6.1225 3.6028 68.1192 2.7035 171.7033 1.3979 123.9498 2.6079 60.0003 2.5566 -0.8256 2.3346 -7.8078 5.6237 18.0334 2.5108 12.6496 2.2224 168.4402 6.3978
1419 -5.8907 3.6997 65.8064 2.7043 171.6958 1.4290 126.9463 2.5695 60.5795 2.5192 0.5278 2.5667 -7.5756 5.7761 18.7844 2.4677 16.2286 2.5694 167.6617 6.4536
1420 -5.9003 3.6182 62.7326 2.6550 171.4688 1.5914 129.1457 2.5335 60.5218 2.3743 1.2982 2.9396 -7.4577 6.0159 19.0806 2.4331 19.6889 2.4943 167.4008 6.6612
1421 -6.2796 3.4221 58.9256 2.6912 171.7366 1.9743 130.5088 2.5175 59.5965 2.3441 1.6512 3.3708 -7.5230 5.6762 19.4446 2.5101 23.1836 2.5265 167.4573 6.4619
1422 -6.4009 3.2041 55.0059 2.6746 171.8436 2.0205 131.9989 2.4341 57.7778 2.5555 1.9645 3.6075 -7.7834 4.8486 19.3044 2.5158 26.1413 2.4938 167.3414 6.5269
1423 -6.6627 3.1627 51.1608 2.6190 172.1605 2.1143 133.0236 2.4815 55.2813 2.3922 1.4263 3.7567 -7.8975 3.7486 18.1438 2.6296 28.5698 2.5031 166.5359 6.1196
1424 -6.6325 2.7873 47.5800 2.5319 171.9979 2.2742 133.8329 2.4370 52.4597 2.3651 0.7244 3.8089 -8.3478 3.4430 16.4244 2.6314 30.5198 2.5057 165.8893 5.9341
1425 -6.4246 2.5273 43.7581 2.3480 171.2212 1.9043 134.5479 2.5628 50.0840 2.6870 -0.3504 3.9389 -9.0172 3.5167 14.0937 2.6830 31.5097 2.3887 165.4662 5.5576
1426 -5.9381 3.0652 40.1658 2.4798 170.1402 1.3670 135.2794 2.4418 48.3376 2.6124 -2.1357 4.0930 -9.8474 3.5986 11.0363 2.6697 31.6590 2.5182 165.3695 5.6768
1427 -6.2787 3.4673 36.8257 2.3986 169.1594 1.0638 136.0379 2.6351 47.2983 2.4257 -4.4689 3.9994 -10.1223 3.2695 8.0882 2.5729 31.2511 2.5587 165.4555 5.8719
1428 -6.4570 4.2625 33.0707 2.3286 168.1385 0.7323 136.9801 2.5250 47.2164 2.4634 -6.6178 3.6580 -10.3381 2.8738 5.2153 2.3430 29.9103 2.5549 165.4352 5.8238
1429 -7.1577 4.6582 29.4933 2.3060 167.4281 0.5927 138.5549 2.5015 47.8789 2.5630 -7.4338 2.8813 -10.1285 2.4389 2.8841 2.1353 27.7052 2.5857 165.4942 5.3550
1430 -8.0677 4.6586 25.9313 2.2593 166.4313 1.0677 141.1728 2.5270 49.1185 2.5522 -8.3021 2.4710 -9.7293 2.1454 0.7882 1.7565 24.7122 2.4086 165.2845 4.8733
1431 -8.7533 3.6917 23.4296 2.4745 165.4829 1.7309 144.3919 2.5542 50.9491 2.5447 -8.7811 2.3734 -9.5902 2.2657 -0.9233 1.5845 21.1999 2.5013 164.7861 4.7431
1432 -9.1257 2.5146 21.7398 2.4499 164.1948 2.0899 147.7984 2.5563 52.3048 2.5777 -8.6800 1.7890 -9.7709 2.5683 -2.2133 1.2558 17.6835 2.5148 164.9719 5.2565
1433 -8.7327 1.3784 20.5867 2.5110 162.7997 2.7508 151.5568 2.8460 54.2049 2.6396 -8.1562 1.4648 -10.3891 2.8572 -3.4512 0.9968 14.0052 2.4686 165.5372 5.5760
1434 -7.9558 0.7511 19.9906 2.4877 161.9107 3.0966 154.6612 3.2363 55.3949 2.6522 -7.5231 1.1396 -10.6537 3.4377 -3.8012 0.4710 10.7961 2.7518 166.2999 5.9166
1435 -7.4451 0.3517 20.3558 2.5627 160.8041 3.4167 157.8507 3.3106 56.5765 2.6349 -6.7857 0.8692 -10.4217 3.6049 -3.8862 -0.0907 7.4857 3.2959 167.1383 5.3766
1436 -6.9273 -0.1317 20.9212 2.6129 160.0201 3.7874 160.8564 3.1073 57.6874 2.5523 -6.2430 0.5750 -9.6951 3.9086 -3.9170 -0.5360 4.4099 4.1114 167.5710 5.2628
1437 -6.5333 -0.3402 21.7478 2.5896 159.9000 3.7686 163.7199 2.7939 58.7819 2.4170 -5.8003 0.3446 -8.9365 4.1652 -4.1304 -0.4000 1.4101 4.5070 168.4960 5.1476
1438 -6.5266 -0.7400 22.7188 2.5728 159.9860 3.9162 166.1300 2.8215 59.7969 2.5011 -5.4137 0.7671 -7.8480 4.2413 -4.6993 -0.2383 -1.5478 4.5417 169.1015 5.3047
1439 -6.4105 -1.1685 23.6569 2.5930 160.0542 4.0597 167.9850 2.9545 60.8935 2.3488 -4.7882 1.1172 -6.7561 4.0634 -5.3457 -0.4745 -3.9869 4.8421 169.8058 5.5513
1440 -6.4333 -1.1820 24.1155 2.5325 160.3920 4.2210 169.7047 3.1866 62.0257 2.4260 -4.2882 0.8313 -5.0788 4.3600 -5.8562 -0.8926 -5.9891 4.6230 170.0623 5.5752
1441 -6.0969 -0.9768 23.8574 2.4305 161.2366 4.5464 170.7483 3.1778 62.9334 2.4758 -4.2138 1.0765 -2.5452 4.5833 -6.2271 -0.8732 -7.5495 3.9826 170.3786 5.2329
1442 -6.3125 -0.9361 22.5923 2.4653 162.2530 5.1420 171.4272 3.0145 64.0946 2.5159 -4.2169 1.0436 0.4506 4.4952 -6.8605 -0.9117 -8.4565 3.2501 170.5652 4.5344
1443 -6.7805 -0.4988 20.6382 2.4086 163.5879 5.5838 171.8731 2.2677 65.2102 2.4610 -4.4175 0.6169 3.7848 4.0309 -8.0424 -1.0714 -8.8327 2.6821 170.7178 3.8589
1444 -7.6242 -0.0603 18.3654 2.2478 165.5027 5.6451 171.8247 1.5095 65.7006 2.5850 -4.7649 0.6317 7.3287 3.5233 -8.5484 -0.8304 -8.9430 1.8477 170.7147 3.7124
1445 -8.8611 -0.0425 16.0723 2.3350 166.8749 6.1436 171.2309 0.9465 65.3564 2.5140 -4.7572 0.9430 10.3348 3.0656 -9.0804 -0.5646 -8.2891 1.2626 170.0275 3.7093
1446 -9.9535 -0.2914 14.0909 2.3644 167.6712 6.5881 170.0585 0.9025 64.3913 2.4227 -4.3872 1.3551 13.9432 2.7646 -8.5077 -0.4873 -7.9128 1.1279 169.4086 3.8921
1447 -10.3554 -0.2985 12.7578 2.4301 167.5525 6.7521 169.5511 0.6618 62.6595 2.3929 -3.8409 1.8331 17.4698 2.6579 -8.0863 -0.5756 -6.8431 1.1861 168.9301 4.2510
1448 -10.4315 0.0125 12.3558 2.5079 167.1396 6.5222 168.6131 0.0817 60.0550 2.4008 -3.4331 2.0234 21.4055 2.5053 -7.4105 -0.1298 -5.3830 0.7205 169.0427 4.1649
1449 -9.7211 -0.0949 12.8462 2.4245 166.4973 5.9087 167.9191 -0.4531 57.2905 2.5803 -3.2193 2.5526 24.9890 2.3964 -6.3986 0.4348 -3.6612 0.7174 169.4602 3.7011
1450 -8.8998 0.2082 13.5556 2.3491 165.8000 5.1721 166.7742 -0.5141 53.8281 2.5109 -3.4946 2.9135 28.5472 2.4528 -4.8368 0.7125 -1.5703 0.9759 170.1493 3.4470
1451 -7.9659 0.6126 15.4757 2.3557 165.5987 4.0358 165.1114 -0.1770 50.2099 2.4268 -3.8952 3.2150 32.2066 2.3518 -2.4727 0.5343 0.0333 1.4267 170.5872 4.3101
1452 -6.3234 0.8481 17.9162 2.2742 165.9305 3.4828 163.5610 0.3377 46.4758 2.4475 -4.9930 3.4381 35.7859 2.3890 -0.4858 0.7557 1.1772 1.7953 170.7174 5.0946
1453 -4.1506 0.6571 20.4128 2.3872 166.6734 2.7771 161.7145 1.0892 42.8249 2.5917 -6.0513 4.0323 38.9073 2.5006 1.3292 1.3119 1.4951 2.5686 170.1502 5.3130
1454 -1.5185 0.5093 22.4696 2.3589 167.4126 1.9881 159.6499 1.3810 38.9344 2.6221 -6.5839 4.8568 41.4886 2.5681 2.6240 1.6719 1.3930 3.1849 169.7026 5.4419
1455 1.6824 0.8033 23.9464 2.4708 167.8322 0.6442 157.4679 1.4015 35.1805 2.4386 -6.7886 5.7224 43.4967 2.5490 3.5307 2.2926 1.2686 3.6479 169.5320 5.7046
1456 5.0011 1.2299 24.9614 2.4896 167.9520 -0.4898 155.0159 1.5001 31.4194 2.3268 -6.6408 5.9520 44.6310 2.4903 3.6457 2.8837 0.8721 3.9627 169.0339 5.2159
1457 8.2544 1.7644 24.6681 2.5281 168.1064 -0.7848 152.4342 1.6001 27.7441 2.5382 -6.6682 6.1057 44.8074 2.5152 3.3678 3.5448 -0.1383 4.0789 168.5877 4.1666
1458 11.3647 2.2097 23.7459 2.7225 168.9894 -0.9957 150.2269 2.1580 24.3424 2.6774 -6.8569 5.7512 44.4629 2.5803 2.1656 4.1382 -1.4936 3.8977 168.0294 3.2826
1459 14.2791 2.5699 22.7069 2.5671 169.8733 -0.9226 148.3539 2.4845 20.7524 2.4514 -6.5305 5.4752 43.2905 2.6358 0.9765 4.4585 -3.0942 3.7995 166.8446 3.0740
1460 16.7647 2.5263 20.7251 2.5865 170.8176 -0.4872 146.9485 2.6139 17.0260 2.5659 -5.4707 5.1794 41.4898 2.6705 -1.3447 4.9393 -4.4657 3.9139 165.2961 2.8276
1461 18.3129 2.5567 18.6158 2.5785 171.1366 -0.4649 146.1210 2.5347 13.3308 2.4311 -3.6709 4.8071 39.0895 2.4593 -3.7367 5.2699 -5.4836 3.5012 163.4225 2.4130
1462 19.1772 2.5980 16.4139 2.5465 170.5079 -1.0074 146.1335 2.3906 10.1617 2.0426 -1.6289 4.4538 36.2318 2.4044 -5.7192 5.5108 -6.1700 2.6766 161.8699 2.0973
1463 19.2974 2.4672 15.1511 2.3322 169.6340 -1.2579 146.9283 2.4877 6.9570 1.7868 0.5065 4.2213 33.0230 2.4589 -7.0628 5.7463 -6.7922 1.6555 160.2292 1.6706
1464 18.5402 2.4252 14.3614 2.4463 168.9333 -1.2679 147.9521 2.6530 3.9401 1.2965 2.3455 3.5049 30.7505 2.5247 -8.2975 5.9755 -7.8502 0.7766 158.3205 1.2863
1465 17.3127 2.5553 14.5794 2.4760 169.0755 -1.0704 149.4985 2.5898 1.0211 1.6369 3.3954 3.0835 29.1242 2.6136 -9.4755 5.7528 -8.1342 0.2648 155.8596 1.3072
1466 15.0972 2.4046 15.3895 2.2891 169.4170 -0.7545 150.7244 2.6356 -1.0356 1.8999 3.7834 2.8434 27.8739 2.5890 -10.4070 5.0034 -8.5748 0.2660 152.6254 1.5823
1467 12.1730 2.2135 16.7198 2.4438 170.2111 -0.5871 152.0385 2.5017 -3.2204 2.2079 4.0949 2.6326 27.7518 2.5237 -10.8361 4.1230 -8.8044 0.0047 149.1990 2.0597
1468 8.9617 2.4674 19.1480 2.4407 170.4525 -0.7931 152.5784 2.5262 -5.5331 2.7625 3.8400 2.5107 27.9581 2.5511 -10.9522 3.6450 -9.0604 -0.2940 145.6749 2.3714
1469 5.8154 2.9337 22.1990 2.3920 170.1291 -0.7692 151.9197 2.6192 -7.2364 2.7910 3.7990 2.5963 28.8338 2.5949 -10.9022 3.1443 -8.7362 -0.3948 141.9323 2.5050
1470 2.7662 3.0342 25.5099 2.4422 169.7738 -1.0093 150.7875 2.5162 -8.6381 2.4994 3.6418 2.6108 29.6653 2.5489 -10.9123 2.3156 -8.7836 -0.6508 138.3548 2.4496
1471 -0.1547 2.8570 29.1808 2.2718 169.6569 -1.1828 148.7859 2.3787 -9.5148 2.3414 3.6419 2.5436 30.5616 2.6082 -11.0209 1.4753 -8.9336 -0.4183 134.6344 2.5720
1472 -2.5947 2.4427 32.5318 2.3192 169.9466 -1.0499 146.2349 2.5140 -9.7847 2.3517 3.2665 2.5316 31.3797 2.5652 -11.1488 1.4994 -8.4041 0.0047 130.9535 2.5810
1473 -4.3923 1.7845 35.8116 2.3556 170.5478 -0.8603 142.7875 2.5223 -9.3752 2.0006 2.5698 2.2002 31.8116 2.4454 -11.1194 1.7086 -7.8914 0.5146 127.1959 2.5578
1474 -5.8146 1.2520 38.1966 2.3234 171.2116 -0.3771 139.0863 2.6668 -9.1019 1.3306 2.2420 2.2561 31.4212 2.3805 -10.6585 2.0878 -7.6074 0.7479 123.5920 2.5724
1475 -6.1995 0.9219 39.9976 2.4416 171.6622 0.0245 135.2909 2.5259 -9.0994 0.5689 2.0667 2.1726 29.9899 2.2689 -10.2196 2.5755 -7.3175 0.4686 119.9678 2.6163
1476 -6.2581 0.8288 40.8005 2.4932 171.8441 0.2689 131.7072 2.5589 -8.8688 -0.3416 1.9578 2.2224 27.6743 2.3011 -9.8180 2.8800 -7.1605 0.0769 117.3649 2.5320
1477 -6.3282 1.0858 40.9395 2.6220 171.7884 0.5029 128.7066 2.4167 -8.4496 -0.8917 2.1222 2.1345 24.7392 2.3817 -9.8831 3.1188 -6.7930 0.2866 114.7607 2.4637
1478 -6.0226 1.0240 39.8922 2.6119 171.6440 0.5859 126.3448 2.4141 -8.4621 -0.9030 2.0687 2.4966 21.4452 2.3501 -10.0812 3.4935 -6.7929 0.5594 113.1246 2.5716
1479 -5.8235 1.0947 37.9216 2.6634 170.8059 1.3016 124.3559 2.4360 -8.3360 -0.3973 1.8482 2.5467 18.4226 2.4007 -9.9982 3.8639 -7.0478 0.5648 111.6563 2.5300
1480 -5.1480 1.3387 35.8423 2.5474 169.8533 2.4141 123.2309 2.4465 -8.6222 0.2520 1.2640 2.3987 15.8693 2.4496 -9.5673 3.6594 -7.6633 0.3738 110.4480 2.5977
1481 -4.7348 1.4720 33.6686 2.4383 168.8950 3.2269 123.0501 2.4916 -8.9679 0.9137 0.8254 2.4595 14.2550 2.4943 -8.6243 3.1499 -8.6870 0.2480 109.1959 2.6023
1482 -4.8176 1.9913 31.4858 2.4832 168.4593 3.7248 123.4228 2.4668 -9.3866 1.4320 0.7387 2.4991 13.1078 2.5577 -7.8095 2.9184 -9.7098 0.1235 107.9039 2.5119
1483 -5.6496 2.7066 29.8004 2.4884 168.2493 3.5231 124.4997 2.4380 -10.0059 1.8567 1.2774 2.3746 12.1938 2.4708 -7.0579 2.4434 -10.1902 0.4486 106.4244 2.4916
1484 -6.4235 3.3998 29.2752 2.4870 167.9856 2.9423 126.5236 2.4827 -10.3843 2.5957 2.6685 2.1916 11.3830 2.4866 -6.7248 2.4288 -10.2178 0.3630 104.9181 2.4274
1485 -7.5272 3.4144 28.9499 2.4840 167.4173 2.5088 128.9751 2.3249 -10.9530 3.1969 5.0504 1.9977 10.5018 2.5382 -6.7091 2.4431 -10.2132 0.2411 103.4431 2.3743
1486 -8.6871 2.9386 29.6271 2.3414 167.6167 2.0688 132.0052 2.3363 -10.8834 3.5444 7.6733 1.8708 9.4798 2.5374 -6.8123 2.8896 -10.1369 0.0605 101.4415 2.5914
1487 -9.5628 2.3273 31.1849 2.3389 167.7763 1.8573 135.8436 2.4755 -10.6742 3.1661 10.1972 2.2206 8.6555 2.5468 -6.5294 3.1944 -10.2076 0.1417 98.6679 2.5733
1488 -10.0361 2.4027 32.7280 2.3780 168.3007 1.8841 139.4827 2.5425 -10.4267 2.4359 12.0057 2.3919 8.2373 2.4119 -6.1093 3.4166 -10.1744 0.7915 94.8792 2.6137
1489 -10.7173 2.5483 34.6012 2.3613 168.6512 1.9879 142.5301 2.4984 -10.3719 1.5403 13.3178 2.3978 7.9182 2.4981 -5.7323 3.9675 -10.3090 1.4079 91.2741 2.4619
1490 -10.9383 2.8866 36.7330 2.4438 169.0735 2.2209 144.9305 2.5383 -10.1275 1.1577 13.8411 2.5326 7.5867 2.4017 -5.7500 4.6431 -10.0422 1.6422 87.6542 2.4161
1491 -11.2415 2.9844 38.1090 2.5138 169.3324 2.7641 146.3327 2.4259 -9.3935 1.1637 13.6221 2.5478 6.8363 2.4576 -6.0854 5.3850 -9.2490 1.3897 84.0055 2.4275
1492 -11.0763 3.1023 38.5301 2.5675 169.5425 3.7489 147.4001 2.4890 -8.0247 1.4573 12.8209 2.5208 6.7041 2.5167 -6.5437 5.5425 -8.6509 1.3315 80.7624 2.4763
1493 -10.9895 2.9803 38.3854 2.6207 169.9215 4.6903 147.4203 2.5104 -6.8121 1.7525 11.4542 2.9003 7.3301 2.5739 -6.8281 5.6405 -8.3030 0.7414 77.1057 2.4811
1494 -10.8800 2.8499 37.4257 2.5388 170.3486 5.3411 146.8707 2.5702 -6.2846 1.9506 9.3135 3.4115 8.5110 2.7262 -7.0797 4.9911 -7.8449 0.7944 73.7564 2.2456
1495 -10.5460 2.5012 36.0356 2.5373 170.1989 5.9620 145.3988 2.5301 -5.6801 2.3704 6.3564 4.0165 9.5689 2.6156 -7.2807 4.4586 -7.1441 0.4198 70.1624 2.3772
1496 -9.8115 2.1049 34.5708 2.5607 169.9170 6.5785 143.4092 2.4849 -4.7263 2.8601 3.1568 4.4606 10.6502 2.5028 -7.1974 4.3638 -7.2507 -0.0836 66.6274 2.3484
1497 -8.8338 1.9582 33.0500 2.5580 169.7055 6.5407 140.8306 2.6230 -3.7934 3.5118 -0.0122 4.8022 11.8009 2.5635 -7.1487 4.6737 -7.6459 -0.4698 63.0474 2.2913
1498 -7.8659 1.8921 31.7475 2.5707 169.7706 6.1565 138.3952 2.6023 -3.6158 3.9307 -3.0444 4.8733 12.2616 2.4458 -7.3622 5.3366 -8.2357 -0.6904 59.3523 2.3529
1499 -7.1714 1.6217 31.6475 2.5005 169.9510 6.1399 136.1814 2.4804 -3.4122 4.3702 -5.5565 4.1645 11.7542 2.4526 -7.0273 5.5320 -8.6342 -0.4595 55.8390 2.3886
1500 -6.8763 1.4017 31.5501 2.4459 170.4686 5.9506 135.1211 2.3874 -3.6884 4.6852 -7.0724 3.2946 10.8890 2.4911 -6.9505 5.5512 -8.7764 0.1773 52.1433 2.5145
1501 -6.5736 1.5602 31.7801 2.4381 171.0378 5.4271 134.8394 2.4483 -4.2721 4.5844 -8.3142 2.6667 9.1068 2.1344 -6.0585 5.0266 -9.0891 0.6808 48.8048 2.5437
1502 -6.5598 2.1092 32.5394 2.3518 170.7927 4.5584 134.9930 2.4259 -4.4265 4.5651 -9.0527 2.2776 6.6826 1.4186 -4.8282 4.5827 -9.1308 0.7020 45.4725 2.5954
1503 -6.5350 2.5350 33.4960 2.4333 170.2328 4.4060 135.3274 2.4401 -3.8791 4.5502 -9.5060 1.4747 3.7595 1.1329 -3.4664 4.2963 -9.3143 0.8521 41.9629 2.5719
1504 -6.6585 3.2619 34.7458 2.4122 169.4821 4.7012 135.8030 2.4868 -3.6230 4.0998 -9.3956 0.5013 0.8327 0.9981 -1.8337 4.1108 -9.8785 2.0050 38.4812 2.4661
1505 -6.9857 4.3962 36.3601 2.4194 169.0901 4.8205 136.1127 2.5100 -4.0768 3.7311 -9.0603 -0.2561 -2.4336 0.8279 0.5605 3.9298 -10.2050 2.9237 34.9274 2.4016
1506 -7.5049 5.1996 38.3911 2.4445 168.8703 5.0481 136.4661 2.4829 -4.4872 3.3527 -8.0990 -0.3377 -4.7473 0.7894 3.2651 3.8972 -10.5693 3.3708 31.5009 2.3795
1507 -8.5226 5.5948 40.3426 2.5346 168.7011 4.9615 136.2095 2.5515 -5.2483 3.0068 -6.9204 -0.3193 -6.7687 1.1644 6.6036 3.6473 -10.4308 3.6105 28.2823 2.4434
1508 -9.4409 5.5348 42.1880 2.4859 168.3634 4.4899 135.3125 2.5907 -5.8120 2.8324 -5.5310 -0.2432 -8.1299 1.8074 9.8945 3.0187 -10.4028 2.9101 25.0832 2.4957
1509 -9.9737 5.4757 43.9761 2.5211 167.7247 4.0057 133.6432 2.7107 -6.6636 2.5782 -4.3768 -0.1424 -8.8298 2.3318 13.2122 2.7551 -10.0374 2.0392 22.6434 2.4483
1510 -9.9744 5.3359 45.9042 2.5627 166.9104 3.1904 131.2561 2.6577 -7.4498 2.1380 -2.8232 0.5150 -8.9848 2.8691 16.4709 2.4568 -9.4969 1.8055 20.9225 2.3810
1511 -9.4426 5.3481 48.3877 2.3940 165.9314 3.1610 128.9946 2.5356 -8.0170 1.8046 -1.0405 1.1933 -8.6036 4.0197 19.8969 2.5057 -9.0896 2.1279 19.8229 2.4172
1512 -8.8265 5.3430 51.1632 2.4377 165.0074 3.4017 127.0280 2.6238 -8.6358 1.4414 0.5101 1.6191 -8.0509 4.1423 22.9439 2.4057 -9.0438 2.4688 19.6893 2.5420
1513 -8.7132 5.9093 53.3915 2.6189 164.4787 3.5730 125.5350 2.4715 -9.0842 0.8928 1.6221 1.9943 -7.8069 4.6735 24.8580 2.4422 -8.7802 3.0609 20.5087 2.5905
1514 -8.9678 6.1981 55.0049 2.5333 164.6994 3.2869 124.3074 2.5069 -9.1715 0.3752 2.0609 2.5880 -7.3787 5.1913 26.4078 2.4691 -8.5104 3.1713 21.8346 2.5514
1515 -9.5888 5.7815 56.3071 2.5454 165.2496 3.5516 123.2572 2.6198 -9.1063 -0.0266 2.0454 3.1575 -7.3784 5.7690 27.2530 2.4713 -8.5339 3.1588 24.1457 2.5319
1516 -9.8530 5.4252 57.5136 2.5395 165.3002 4.0814 122.3236 2.4765 -9.1101 -0.3690 1.5730 3.7161 -7.1572 6.0527 27.5516 2.5421 -8.5024 3.3915 27.1085 2.7610
1517 -9.8023 5.2557 58.5313 2.3956 165.1349 4.4152 121.2388 2.4601 -9.5342 -0.5348 1.0339 3.9592 -6.9538 6.1068 26.8568 2.4448 -8.7709 3.4577 30.4594 2.4534
1518 -9.6568 5.0804 59.5671 2.5453 164.8579 4.3341 119.8606 2.4427 -9.8899 -0.6064 -0.6077 4.1937 -6.6313 5.8566 25.2132 2.4233 -9.0733 3.4849 34.2359 2.4399
1519 -9.8956 4.9691 60.0891 2.5634 164.7888 4.4750 118.9641 2.4114 -10.3184 -0.0908 -2.5601 4.2098 -6.4865 5.2871 23.1741 2.6057 -9.2148 3.3439 37.6832 2.4734
1520 -9.7483 4.9594 59.6336 2.5248 165.4400 5.3230 118.0271 2.4894 -10.3158 0.6074 -4.6451 4.1081 -7.0072 5.3263 20.3259 2.6774 -9.6056 3.0909 40.4967 2.3811
1521 -9.3799 4.8462 58.8402 2.5544 166.0231 5.9866 117.1535 2.5680 -9.8342 0.7416 -6.4139 3.8549 -7.5147 5.8520 17.8684 2.5948 -9.7375 2.6188 42.8380 2.4651
1522 -8.7962 4.8986 57.6268 2.4152 166.1474 6.1719 116.6533 2.5659 -9.5561 1.2012 -7.9652 3.3329 -8.0218 6.2009 16.2705 2.4537 -9.9513 2.3160 44.7130 2.5418
1523 -8.3423 5.0195 56.7177 2.5196 165.9868 5.9873 116.2480 2.5125 -9.5653 1.4236 -8.1036 2.7993 -8.4436 6.2788 15.3045 2.6203 -9.9888 2.1265 45.6386 2.4611
1524 -8.2397 5.2925 55.6915 2.5180 165.6393 5.7537 116.3097 2.4311 -9.5427 1.7732 -8.0221 2.4372 -8.6504 5.7746 15.2029 2.4449 -9.3627 2.3091 45.9673 2.5565
1525 -8.3783 5.5671 54.6112 2.5157 165.2588 5.4363 117.2777 2.4168 -9.9147 1.3246 -7.2956 2.0056 -8.7145 5.1571 15.5545 2.4705 -8.8397 2.6073 45.4387 2.5979
1526 -8.5457 5.4529 53.2453 2.5511 165.0108 5.1506 118.9544 2.4272 -9.6903 0.5267 -6.9962 1.9793 -8.9418 4.5026 16.1530 2.4483 -8.4197 3.2283 44.2994 2.5932
1527 -8.3770 4.7243 51.8696 2.5616 164.9280 4.9458 121.3998 2.4798 -9.1247 -0.3313 -6.4572 2.3543 -9.4387 3.9381 17.0456 2.4603 -8.5343 4.2483 42.4316 2.5268
1528 -8.4677 4.1776 50.6652 2.5108 164.2056 4.9822 123.9399 2.5244 -8.6637 -0.6269 -5.9685 2.7664 -10.0820 3.5533 17.6962 2.4879 -8.5113 5.2262 39.5310 2.6215
1529 -9.1108 3.9709 49.8724 2.4475 162.8527 4.9031 125.9252 2.5758 -8.9901 -0.7867 -4.7588 3.0230 -10.8391 2.9461 18.1591 2.4895 -8.3154 6.0089 36.1130 2.6710
1530 -9.7034 4.0692 49.7380 2.4750 160.9200 4.4978 126.6570 2.5097 -9.1280 -0.0216 -3.4950 3.2390 -11.0018 1.9903 18.1494 2.5448 -8.0434 6.6705 32.6211 2.5780
1531 -9.8442 3.7792 50.4813 2.4157 158.6554 4.0533 127.0329 2.5501 -9.3738 1.0046 -2.1494 3.1809 -10.8619 1.0702 17.3589 2.7049 -7.8012 6.8352 29.3685 2.6874
1532 -9.6834 3.4878 51.8965 2.4136 156.1225 3.8309 126.4280 2.6876 -8.7879 2.3423 -0.8214 3.5569 -10.1282 0.2696 15.6872 2.6054 -7.8591 6.5765 25.6632 2.6063
1533 -8.4985 3.3872 54.3634 2.1882 153.3919 3.6263 125.1787 2.5341 -8.3554 3.3006 0.3674 3.9578 -9.2876 0.0820 13.3925 2.6744 -8.1707 6.3057 22.1923 2.5889
1534 -7.6133 3.7465 57.6097 2.2805 150.1113 3.0380 122.9410 2.5161 -7.8117 4.1582 0.8820 4.0358 -8.5885 0.3637 10.5839 3.0819 -8.3747 5.6246 18.6953 2.6340
1535 -6.8666 4.3641 61.2593 2.4071 146.9444 2.6722 120.0376 2.6501 -7.1827 5.0359 1.5960 3.9303 -7.8957 1.0381 7.1539 3.5864 -8.0370 5.0660 15.1445 2.5978
1536 -6.3756 4.9928 64.8935 2.3281 144.1189 2.4248 116.7616 2.5774 -6.7505 5.6702 1.9575 3.5607 -7.0278 1.8049 4.3120 3.9752 -7.1654 4.6606 12.1482 2.5479
1537 -5.6010 5.3491 67.8789 2.3591 141.7802 2.4963 113.2378 2.4376 -6.0417 5.7468 2.2939 2.8665 -5.7680 2.0836 1.6158 3.4912 -6.7167 4.6795 9.3694 2.3522
1538 -4.8228 5.3256 70.3241 2.3966 139.8393 2.5680 109.8832 2.5222 -4.7105 5.5979 1.7698 2.5714 -4.6938 2.1707 -0.5564 3.6196 -6.9245 4.3086 7.4459 2.3838
1539 -4.0861 5.0145 71.8593 2.4851 138.9900 2.4206 106.1998 2.4692 -3.5978 5.3269 0.7083 2.5915 -3.9244 2.4624 -2.7631 3.9411 -6.9876 3.8347 6.0907 2.5599
1540 -3.8722 5.0038 72.4465 2.4701 138.8743 2.6202 102.5755 2.5731 -3.3704 4.7122 -0.7893 2.6330 -3.7002 2.7016 -4.2767 4.5701 -6.8944 3.5949 4.8483 2.5241
1541 -3.5928 5.2287 72.1074 2.5177 139.1493 2.5320 99.1248 2.5175 -3.6019 4.1392 -3.0175 2.2551 -4.0329 2.6296 -5.1746 4.6802 -6.2891 3.5178 3.6961 2.3835
1542 -3.8066 5.4711 71.5387 2.5313 140.6130 2.5570 96.0808 2.5784 -3.5905 3.7072 -5.2730 2.7548 -4.5667 2.2317 -5.7236 4.1083 -5.3738 3.2867 2.5407 2.2036
1543 -4.4489 5.8128 70.2025 2.4670 142.2444 2.6940 94.0714 2.6183 -4.2808 3.4159 -7.5046 3.4637 -5.5559 2.0200 -5.9703 3.4321 -4.6036 3.4510 1.3652 1.7422
1544 -4.4599 5.9441 68.1749 2.4098 144.1199 2.6069 92.4043 2.6493 -4.9780 3.3769 -8.8008 3.9696 -6.1298 1.4100 -5.8046 2.7046 -4.1690 3.6688 0.3742 1.1828
1545 -4.0485 5.7165 65.4588 2.3655 146.0946 2.5740 91.5736 2.4716 -5.7215 3.5949 -9.2676 4.6848 -6.3506 0.5645 -5.7002 1.6984 -4.0091 3.8891 -0.4106 0.5748
1546 -4.0682 5.3263 61.7358 2.3763 147.5769 2.5486 91.5865 2.5399 -6.1841 3.7347 -9.2002 4.8468 -6.6020 -0.1324 -5.7162 1.0716 -3.9944 3.7263 -1.8202 0.2799
1547 -4.1962 4.9928 58.3110 2.4222 148.0439 2.5102 92.4271 2.4330 -6.4748 3.9895 -8.8729 4.7317 -7.0643 -0.7373 -6.0480 0.5759 -4.1975 3.4117 -3.5348 0.5023
1548 -4.3241 4.9024 55.3656 2.4796 147.8778 2.6078 93.5261 2.6081 -6.3885 3.9416 -7.6900 4.2636 -8.0152 -0.6050 -6.4843 0.3744 -4.2684 2.8992 -5.3123 0.7848
1549 -4.1013 4.9402 53.0561 2.3455 147.0252 2.6417 94.7300 2.5582 -5.7073 4.1710 -6.3401 4.2850 -8.5169 -0.5326 -6.3921 -0.0703 -4.9622 2.3078 -6.9719 1.4065
1550 -3.1993 4.6920 51.5708 2.5357 145.4859 2.5967 96.0210 2.4958 -4.8732 4.4436 -5.0543 4.3365 -8.3531 -0.0076 -5.8334 -0.5943 -6.1814 2.0163 -7.7131 2.1963
1551 -2.1653 4.8758 50.8084 2.5325 143.1500 2.5290 97.0995 2.4239 -4.1042 4.3372 -3.9128 4.4146 -7.9570 0.3273 -5.0866 -0.4968 -7.4260 2.0509 -7.6916 2.7457
1552 -0.9566 4.6654 50.6526 2.4164 140.2612 2.6084 97.4572 2.4308 -3.2279 4.3535 -2.8844 4.1039 -7.6386 0.7130 -4.2084 -0.6015 -7.8615 2.5329 -7.9295 3.5081
1553 -0.0911 4.4439 51.3930 2.4097 136.8643 2.5532 97.3619 2.3236 -2.9179 4.0575 -1.8964 3.5324 -7.2695 1.1274 -3.1001 -0.4752 -8.1342 3.2516 -7.9681 4.2192
1554 0.8606 4.1553 52.6276 2.4151 133.2580 2.4622 96.3443 2.3985 -2.9789 3.9776 -1.0616 2.8127 -7.9021 1.5259 -1.9394 0.1613 -8.0275 3.3568 -8.0544 5.2287
1555 1.2924 3.8282 54.1627 2.4399 129.5229 2.5282 94.7583 2.4557 -3.6624 3.6833 -0.0771 2.1928 -8.7758 1.8389 -1.0283 0.6510 -7.9724 3.7021 -7.9998 5.8412
1556 1.1494 4.0764 55.2735 2.4535 125.7442 2.4314 93.0669 2.2924 -4.4557 3.8599 1.6747 1.8496 -8.9945 2.3039 -0.3672 0.9438 -7.6380 4.3570 -7.5946 6.0085
1557 0.2388 4.3990 56.3892 2.4681 121.6441 2.4198 91.3496 2.3050 -5.2059 4.3884 3.5784 1.9151 -9.3907 2.3458 -0.0936 1.2006 -7.5588 5.0222 -7.1637 6.1685
1558 -1.3457 4.7118 56.6591 2.4758 118.3447 2.3819 89.8180 2.4381 -5.8164 4.8544 5.5277 2.0899 -9.0176 1.9462 0.0647 1.5762 -7.2082 5.6602 -6.7458 6.1662
1559 -3.1549 4.6088 56.4939 2.6599 115.9963 2.3142 88.4423 2.4954 -6.1592 5.1141 7.7289 2.2887 -8.6492 1.7336 0.2518 1.4939 -6.8890 6.0950 -6.7086 6.1238
1560 -4.8052 4.4706 55.4721 2.6798 114.2392 2.3877 87.1344 2.5507 -6.4739 5.0182 10.5194 2.3886 -8.5309 1.5643 -0.0277 0.9503 -6.5853 6.1793 -7.1007 6.2111
1561 -6.1272 4.3240 53.6304 2.4930 113.3968 2.5193 85.8335 2.4409 -6.9542 5.0974 13.7924 2.6427 -8.2680 1.1670 -0.5802 0.3952 -6.5674 5.8049 -7.0134 6.2511
1562 -7.0070 4.1091 52.1624 2.4873 112.9828 2.5080 84.7044 2.4246 -6.9554 5.1347 16.8151 2.6777 -7.6772 0.7622 -1.7022 -0.2018 -7.1722 5.1671 -6.7971 5.5875
1563 -7.5469 4.3957 50.4182 2.5319 113.5430 2.6131 84.2064 2.4639 -6.6152 5.3943 19.5261 2.5649 -6.2805 0.6993 -3.3783 -0.7262 -7.8837 4.8740 -6.3002 5.2012
1564 -8.2442 4.4390 49.3525 2.3882 114.6808 2.6040 84.0363 2.4932 -5.9542 5.7223 21.7136 2.6507 -4.5917 0.4260 -4.3831 -0.9429 -8.5704 4.5284 -6.1245 4.9482
1565 -8.6509 3.8505 49.1486 2.4166 115.8877 2.5836 84.0535 2.5965 -5.2308 5.2907 23.8917 2.4271 -2.3375 0.2818 -4.9458 -0.8244 -9.4056 4.3599 -6.0556 4.7725
1566 -8.4338 3.6365 49.7734 2.3743 117.1182 2.5264 84.2287 2.5633 -4.7462 4.7893 26.1337 2.4600 0.0277 0.6047 -5.4770 -0.7125 -10.2128 3.9373 -6.4098 4.0839
1567 -7.6880 3.5118 51.1672 2.4944 118.2846 2.5366 84.4712 2.5233 -4.2302 3.9894 28.0848 2.4868 1.5806 1.0348 -5.8985 -0.9731 -10.7464 3.2187 -6.8396 3.2668
1568 -6.8329 3.2372 52.9216 2.5110 119.3216 2.5689 84.9640 2.4971 -3.7419 3.5861 30.1398 2.4725 3.0647 1.3376 -6.5567 -1.2112 -11.0867 2.5240 -7.2416 2.6488
1569 -6.6731 3.5258 54.8402 2.4624 119.3993 2.5111 85.7520 2.5907 -2.5512 3.3686 32.6698 2.4667 4.1805 1.6446 -7.6096 -1.4872 -11.2771 1.6048 -7.0850 2.1075
1570 -6.6958 4.1068 57.0843 2.3795 118.7855 2.5964 87.6476 2.6403 -1.1859 3.6792 34.9369 2.3248 4.6588 2.0778 -7.4221 -1.6791 -11.1091 1.2419 -7.0910 1.7852
1571 -7.1254 4.1468 58.5379 2.2810 117.3998 2.6596 90.0487 2.6329 0.7792 3.6619 37.1918 2.4807 4.8584 2.4889 -6.9662 -1.8321 -10.9115 1.5236 -7.4047 1.0049
1572 -7.6511 3.7299 59.2830 2.4856 115.6732 2.6713 93.0411 2.5391 2.5125 3.3757 39.4649 2.4826 4.5616 2.9475 -5.9135 -1.4653 -11.1309 1.6622 -7.7131 0.2194
1573 -7.6348 3.1259 59.5274 2.4965 113.9646 2.6864 96.4670 2.3605 3.9888 2.8730 42.2578 2.3627 3.6721 3.5191 -5.2375 -0.6564 -11.2350 1.5987 -7.3048 -0.4702
1574 -7.6744 2.3395 59.6107 2.4768 112.2409 2.6432 100.0601 2.5645 5.1453 2.7353 45.1561 2.3012 1.6971 4.1152 -4.8452 0.0284 -11.2358 1.0223 -6.6536 -1.1002
1575 -7.9049 1.6654 59.5390 2.4449 111.1665 2.5059 103.4890 2.6167 5.9398 2.7155 47.6660 2.4894 -0.5062 4.3769 -4.8844 0.2292 -11.3075 0.8548 -5.9583 -1.1036
1576 -8.2422 0.9142 59.2066 2.4407 111.1026 2.4586 106.9364 2.5503 6.8502 2.4505 49.3105 2.5255 -2.7443 4.2234 -4.7621 0.0537 -11.0908 0.6285 -5.6076 -1.2563
1577 -8.4296 0.6299 58.0464 2.3982 111.7808 2.4597 110.6453 2.4925 7.5351 2.4384 50.1865 2.5973 -5.0520 3.6992 -5.0170 -0.0822 -11.0344 0.5051 -5.8285 -1.4167
1578 -8.0651 0.5440 55.9921 2.3820 112.9761 2.3940 114.3748 2.5628 7.9717 2.4496 49.8491 2.4748 -6.8851 3.1986 -4.8529 -0.0744 -10.9902 0.6297 -6.4759 -1.3565
1579 -7.3403 0.1190 54.0516 2.4014 114.9914 2.2914 118.2390 2.4828 8.4720 2.4455 49.4339 2.4543 -8.7486 2.8577 -5.2768 0.0760 -10.9266 0.7544 -6.8451 -1.3319
1580 -7.1078 -0.0482 51.8204 2.4682 117.2273 2.2753 121.2696 2.4328 9.0468 2.6095 48.1554 2.4589 -9.9209 2.5046 -5.7811 0.4089 -10.6571 0.5130 -6.6610 -1.2829
1581 -6.7708 0.4368 50.1923 2.5621 119.5554 2.3718 123.3712 2.5223 10.1148 2.5000 46.3623 2.2576 -10.4724 2.3365 -6.3421 0.1178 -10.6523 0.5261 -6.5762 -1.2696
1582 -6.3242 0.8650 48.3294 2.6478 121.6661 2.3034 124.9657 2.5385 11.7867 2.5366 43.9646 2.2741 -10.8284 1.8911 -7.0370 -0.3756 -10.5784 0.5882 -6.4522 -1.2199
1583 -6.0639 1.3447 46.4175 2.6946 122.6618 2.3938 125.9131 2.4921 13.8322 2.6523 40.7553 2.3146 -10.7019 0.9538 -7.3708 -0.9252 -10.3123 0.9681 -7.3764 -1.2718
1584 -6.2734 1.9780 43.9199 2.4722 123.2250 2.4942 125.7451 2.5668 15.8418 2.6058 37.4329 2.4143 -10.3961 0.3310 -8.0094 -0.9889 -10.6024 1.3147 -8.1711 -1.2925
1585 -5.5665 3.1082 40.8912 2.4342 122.8767 2.6243 125.2576 2.5967 17.3419 2.5700 33.7178 2.4977 -10.0131 -0.1786 -8.9626 -0.9289 -10.8070 1.3862 -8.8668 -0.8816
1586 -5.1177 3.7674 37.5585 2.4248 121.4481 2.5246 123.8481 2.5195 18.1927 2.5956 30.4081 2.4381 -10.3376 0.1314 -9.6703 -0.8312 -10.7929 1.1857 -9.3610 -0.2033
1587 -4.9399 4.3471 33.7667 2.5801 119.6750 2.6028 121.6413 2.5361 18.1913 2.4962 26.5359 2.4613 -10.0128 0.9001 -9.6800 -0.5278 -10.4879 1.0047 -9.9251 0.7366
1588 -4.7929 4.7187 30.1352 2.3919 117.2131 2.6120 118.6030 2.6593 17.4770 2.5361 22.9204 2.4733 -9.7881 1.8653 -9.3157 0.1689 -10.0484 1.2099 -10.0795 1.6956
1589 -4.5896 5.0560 27.2224 2.4753 115.0353 2.5267 114.9716 2.7548 16.2681 2.5248 19.1835 2.6730 -9.4113 2.4502 -9.5019 1.0639 -8.9099 1.2670 -10.2753 2.6301
1590 -3.7870 4.9371 25.1785 2.4097 112.9325 2.5482 111.0817 2.6413 14.2394 2.5867 15.3937 2.6568 -8.7797 3.0188 -9.6405 2.0497 -7.7635 1.3154 -10.4248 3.4796
1591 -2.1656 4.9001 23.7632 2.4671 111.8992 2.5037 107.4358 2.5486 11.2352 2.4011 11.7575 2.3687 -8.8589 3.1075 -10.3917 2.6778 -6.5114 1.5061 -9.9297 3.9801
1592 0.1573 4.7522 23.3306 2.4249 111.6191 2.5523 103.9900 2.7472 8.0911 2.3058 8.4381 1.6492 -8.9809 3.1440 -10.6795 3.4965 -5.9827 1.4653 -9.1706 4.2688
1593 2.7598 4.1836 23.5350 2.4533 111.7297 2.5889 100.9319 2.7283 5.4823 2.3427 4.9918 0.8944 -8.7199 3.8465 -10.9505 3.9636 -5.6510 1.4527 -8.3824 4.0327
1594 5.8285 3.4160 24.1697 2.5320 112.3701 2.5739 98.5186 2.4372 3.5916 2.3341 2.1186 0.4445 -8.3409 4.9710 -10.7330 4.3853 -5.3931 1.3418 -7.7196 3.6823
1595 9.0839 3.0683 25.0921 2.4261 113.9257 2.6835 97.1617 2.4482 2.3159 2.3349 -0.4637 0.0303 -7.8641 5.8503 -10.6069 4.5061 -5.3027 1.6776 -7.0316 3.4875
1596 12.4638 2.6410 25.9506 2.4177 116.3707 2.7359 96.1207 2.5468 1.8369 2.5174 -2.4393 -0.3932 -7.7627 6.0815 -10.9172 4.3424 -5.1129 1.8566 -6.0506 3.4269
1597 15.8712 2.4915 26.8865 2.3854 119.2432 2.6454 96.4029 2.3975 2.2322 2.9206 -3.5034 -0.2144 -7.4855 6.0334 -11.2305 3.7344 -5.8288 1.7400 -5.0822 2.6792
1598 19.7218 2.3794 27.3556 2.6080 122.4606 2.6953 97.3196 2.3613 3.2642 3.0168 -4.1787 -0.2527 -7.4630 6.0623 -11.1539 3.2507 -6.5370 1.5545 -4.5747 1.8361
1599 23.4451 2.4445 27.5125 2.5139 124.7779 2.6775 98.5393 2.4153 5.1664 2.9310 -4.1829 -0.3504 -7.3600 6.0612 -10.7280 3.0953 -7.1320 0.8675 -4.2241 0.7407
1600 27.4752 2.6638 26.8243 2.5284 126.6992 2.5135 99.9877 2.5120 7.5101 3.2133 -3.6227 -0.1191 -7.1393 5.9623 -10.1729 3.1441 -7.4564 0.2299 -4.4069 -0.0691
1601 30.8116 2.2949 25.1034 2.4642 127.8999 2.4789 101.5986 2.4431 10.5919 3.1891 -2.3414 -0.0409 -6.6378 6.1609 -9.5409 2.9901 -7.3467 -0.5256 -4.9487 -0.9717
1602 34.3045 2.3935 22.6207 2.5407 127.9696 2.4559 102.9527 2.5129 14.3519 2.7908 -0.0086 0.2300 -5.9213 6.1133 -9.2624 2.4469 -6.8027 -0.8127 -5.5051 -1.3187
1603 36.7413 2.4704 19.4862 2.6991 127.9167 2.5185 103.6725 2.6069 17.8153 2.6457 2.9850 0.4865 -5.4113 5.7924 -9.0743 2.2820 -5.5907 -0.5351 -6.0682 -1.2259
1604 38.5540 2.5523 16.1459 2.6276 127.4708 2.6022 103.5520 2.4954 21.3949 2.4347 5.8416 1.1729 -5.3665 5.2758 -8.8097 2.1342 -4.3346 -0.3823 -6.8243 -0.6511
1605 39.8893 2.5279 13.7794 2.5345 126.6662 2.5445 102.7493 2.5211 25.1629 2.3440 7.7652 1.9280 -5.8250 4.8514 -8.2906 2.0450 -2.5630 0.0272 -8.0533 -0.2267
1606 41.0938 2.5112 12.3592 2.5241 125.9760 2.5374 101.8273 2.5217 28.9148 2.4224 9.3922 2.2746 -6.4952 4.8889 -7.8590 2.0918 -0.4968 0.5567 -8.6595 0.9186
1607 42.2855 2.4249 11.4622 2.4455 125.6320 2.4856 100.3898 2.6125 32.5461 2.4190 10.5863 2.4876 -6.6161 5.0588 -7.8705 1.6162 2.2344 1.0523 -8.9942 1.5950
1608 43.6431 2.4047 11.1368 2.5088 125.4375 2.4425 99.1663 2.6865 36.4526 2.6434 11.3450 2.4307 -6.1022 4.5750 -7.4627 0.6534 5.0732 1.7667 -9.2575 2.2417
1609 44.7696 2.4952 11.7469 2.4486 126.2876 2.4432 98.0943 2.5041 40.3124 2.5681 12.0662 2.4356 -5.3216 3.7620 -7.4055 -0.5831 8.0741 2.1664 -9.4248 3.2439
1610 46.2399 2.4848 12.9968 2.4849 128.0642 2.4488 97.7321 2.4719 44.1268 2.7605 12.6479 2.4978 -4.8992 3.3449 -7.8754 -1.0555 10.5012 2.4267 -9.3944 4.7050
1611 47.9224 2.4829 15.0970 2.5814 130.6152 2.3637 98.5618 2.5798 47.7307 2.5537 13.3919 2.5862 -5.0093 2.9004 -8.5906 -1.1731 12.4284 2.5560 -8.9097 5.7689
1612 49.9563 2.4009 17.8047 2.4537 133.7129 2.4264 99.7360 2.5658 51.4709 2.5808 14.0909 2.5311 -5.3909 2.6713 -8.9055 -0.6702 13.9830 2.4708 -8.3172 6.5058
1613 52.3568 2.2914 20.9588 2.4170 136.5183 2.3969 101.5799 2.7040 55.2853 2.4200 14.8132 2.4483 -5.6003 2.5094 -8.9875 0.1667 14.5040 2.5249 -7.6506 6.6387
1614 55.0053 2.4729 24.2317 2.5353 139.1143 2.6021 104.3137 2.4891 58.6342 2.4510 15.8306 2.5073 -5.7260 2.6661 -9.2370 1.1277 14.5268 2.4970 -6.6085 6.3399
1615 57.2682 2.4588 27.1642 2.3724 140.9596 2.4606 106.9683 2.3734 62.3228 2.3804 17.3912 2.7171 -5.2506 2.8846 -9.1419 2.0536 13.5831 2.4361 -5.8108 5.6085
1616 58.7813 2.5249 29.4028 2.5274 141.7334 2.4345 109.1048 2.3049 66.0267 2.1670 20.1160 2.6621 -4.8586 3.3291 -9.1652 2.5302 11.8979 2.4763 -5.5528 4.8626
1617 59.3563 2.4925 30.7650 2.5371 141.9284 2.4755 110.7193 2.4212 69.8401 2.2607 23.2403 2.6949 -5.0350 4.0522 -8.7776 2.7417 9.8853 2.3516 -5.7746 3.5600
1618 59.6493 2.5017 31.6471 2.4709 141.4084 2.5068 111.8925 2.5408 73.4793 2.4267 26.2524 2.5762 -5.5803 4.8771 -8.9682 3.4962 7.5973 2.0313 -5.7203 2.8025
1619 59.0137 2.3816 31.7740 2.5607 140.6820 2.4451 111.8149 2.4556 77.1964 2.4814 28.8225 2.4642 -6.5190 5.2698 -8.8075 4.3339 4.7324 1.7020 -4.9685 2.0695
1620 57.4008 2.2970 30.8583 2.5472 139.0948 2.3073 111.1642 2.2821 80.7457 2.5121 30.5113 2.3584 -6.6671 5.5372 -8.4315 5.0436 2.0619 1.3058 -4.5352 1.4943
1621 55.1672 2.4083 28.9674 2.4880 137.7086 2.4487 109.8298 2.3459 84.2029 2.7038 31.4988 2.5100 -6.9875 5.9303 -8.2116 5.2718 -0.6461 0.9527 -3.7759 1.0346
1622 52.3836 2.4676 26.8335 2.6180 136.4575 2.4745 107.4485 2.3847 87.6283 2.7005 31.7327 2.4836 -7.2158 6.1091 -8.1913 4.7970 -3.1495 0.9022 -2.8173 0.5047
1623 49.0047 2.6250 23.6740 2.6464 135.4907 2.5309 104.6829 2.2311 90.4679 2.6479 31.1066 2.4720 -7.5116 6.3495 -8.7386 3.7720 -5.1813 0.5066 -1.5801 0.4360
1624 45.6506 2.4895 19.8436 2.6421 135.6013 2.4623 101.2523 2.3951 92.6839 2.4444 29.9813 2.4627 -7.6357 6.4513 -9.3993 3.2296 -6.9820 0.7312 -0.1015 0.4926
1625 42.2185 2.5526 16.4119 2.5567 136.6391 2.6206 97.5163 2.2613 94.3612 2.5200 27.9942 2.3801 -7.6053 6.0458 -9.9644 3.5761 -8.1758 1.2629 1.2209 0.7033
1626 38.5282 2.6115 13.2629 2.4324 138.0891 2.5566 94.1890 2.2210 94.9527 2.4711 25.3919 2.4735 -7.3603 5.8297 -10.3483 4.1080 -8.7424 1.8508 2.4210 1.0933
1627 35.5115 2.5857 10.6930 2.6305 140.4651 2.3753 91.5762 2.3272 94.9100 2.4761 22.3502 2.3963 -6.7721 5.7629 -10.0688 4.7344 -8.8197 2.6438 3.4235 1.6918
1628 33.3180 2.5449 8.7829 2.6523 143.4558 2.4354 89.6357 2.3166 94.2883 2.3614 19.6229 2.3385 -5.8392 5.7328 -9.6544 4.9636 -9.0823 3.3582 3.5899 1.7095
1629 31.7729 2.5222 7.8440 2.5523 147.0654 2.4954 88.2214 2.3530 92.8344 2.4116 17.7786 2.3445 -5.0999 5.4015 -8.6926 4.6665 -9.1556 4.4211 3.4306 1.4709
1630 31.1435 2.4437 7.5815 2.5726 150.1199 2.4105 86.5472 2.5015 90.5602 2.3345 16.2898 2.5208 -3.6822 5.2688 -7.7810 4.2448 -8.9552 5.1221 2.5438 0.9509
1631 31.2720 2.4780 8.1646 2.6146 152.5801 2.1390 85.1284 2.6111 87.4683 2.1943 15.5170 2.5809 -2.1248 5.0579 -6.1277 4.2454 -8.5533 5.9024 0.9319 0.4084
1632 31.7741 2.4432 9.5654 2.4446 154.1382 2.1970 83.8817 2.5161 83.8937 2.3230 15.6420 2.6020 -0.5447 4.8405 -4.2003 4.2774 -8.1536 6.3092 -1.2638 -0.0300
1633 32.8262 2.4418 11.7301 2.5070 155.3265 2.3046 82.4157 2.5205 80.2594 2.6120 16.5024 2.5547 1.1645 4.0126 -1.8872 4.2750 -7.9963 6.5931 -3.5952 0.0568
1634 34.1996 2.3902 14.3866 2.6485 155.4958 2.1803 81.2028 2.4249 76.6817 2.7056 17.2309 2.6293 3.4402 3.4491 0.9567 4.2730 -7.3172 6.5384 -5.4125 0.2201
1635 35.7802 2.3433 16.7867 2.7247 155.1009 2.1290 80.1173 2.4188 73.0925 2.4619 18.0504 2.4658 6.2967 3.0297 4.0803 3.9271 -7.0586 6.0818 -7.1094 0.3235
1636 37.0249 2.4263 18.9505 2.7191 153.8228 2.2437 79.7597 2.4599 69.7464 2.3819 18.8173 2.4835 9.2800 2.9583 7.1674 3.3309 -6.5834 6.0609 -8.1248 0.6564
1637 37.7448 2.4739 20.3104 2.5823 151.8611 2.2317 79.0549 2.5253 66.4683 2.2828 19.2785 2.4726 12.6244 2.7479 10.3860 2.9626 -6.3138 6.0768 -8.8586 0.7697
1638 37.9364 2.4890 20.6389 2.5118 149.5866 2.2154 78.2263 2.4839 63.5826 2.4537 19.1266 2.3903 16.0352 2.6600 13.6684 2.5619 -5.5355 6.0191 -9.6240 0.8380
1639 37.1241 2.4139 20.3133 2.5918 147.5096 2.3459 77.9907 2.4697 61.5541 2.5629 18.3292 2.3660 19.6676 2.6949 17.3933 2.4733 -4.5961 5.5536 -9.9623 1.0516
1640 35.4516 2.4631 19.2684 2.5027 145.6265 2.5399 78.4614 2.2972 60.4865 2.4361 16.5190 2.4317 23.3811 2.6805 20.9656 2.4095 -4.2651 5.1994 -10.1302 0.8630
1641 33.1850 2.2671 17.2635 2.5370 144.7450 2.4704 79.7322 2.3648 59.9670 2.5456 14.0125 2.3520 26.6735 2.6132 24.2925 2.4575 -3.1134 4.5082 -9.9132 0.9542
1642 30.9412 2.3181 14.8496 2.5687 144.4518 2.4379 81.4833 2.4468 60.0478 2.5043 11.2737 2.0320 30.4368 2.6762 28.1486 2.6916 -1.7016 3.8948 -10.1237 0.8333
1643 29.0647 2.4102 12.1102 2.5975 145.0314 2.4483 84.4957 2.4668 60.8917 2.4903 8.7915 1.9801 33.9667 2.6200 31.2202 2.5755 -0.6799 3.4229 -10.2608 0.5939
1644 27.5350 2.4737 9.6843 2.6186 146.3167 2.3120 88.1802 2.4757 62.0697 2.4655 6.2353 1.9061 37.3779 2.5213 33.7347 2.5432 0.0175 3.1397 -10.4156 0.5130
1645 26.9349 2.4953 8.1448 2.4133 148.2825 2.1552 91.2318 2.5297 63.4451 2.3924 4.6724 1.8913 40.6971 2.4749 36.0083 2.4617 0.2645 3.2739 -10.5958 0.6049
1646 27.1007 2.4281 7.2304 2.5368 150.7579 1.6326 93.8953 2.5440 64.9994 2.3602 3.8338 1.8526 44.0075 2.5417 37.1440 2.5133 0.3453 3.7195 -10.2878 0.6750
1647 28.1005 2.4680 6.8588 2.6818 153.4380 1.4245 95.8342 2.5721 66.0205 2.4360 3.5043 1.7717 47.0714 2.4001 37.7048 2.4728 0.0314 3.9587 -10.3634 0.8145
1648 29.9319 2.3977 7.4595 2.6551 156.2602 1.2616 97.5093 2.4708 66.5576 2.5240 4.0588 1.7034 49.6062 2.5067 37.4584 2.4664 -0.0151 4.2066 -10.3813 0.7477
1649 32.5944 2.3557 8.9569 2.6484 158.4509 1.2934 98.0406 2.4668 66.3467 2.3977 5.2711 1.8652 51.5701 2.5799 36.0089 2.4158 0.1075 4.5804 -10.4675 1.5113
1650 36.0100 2.2141 10.7674 2.5396 160.3294 1.3491 97.5598 2.4533 65.6339 2.4942 7.3869 2.0011 53.1043 2.5000 34.2468 2.4366 -0.2570 4.5295 -10.5899 1.8931
1651 39.5982 2.3998 13.5021 2.6674 162.0974 1.0253 96.4216 2.4039 63.9999 2.3343 10.2821 2.0780 54.0305 2.4394 31.3574 2.4656 -1.2949 4.8673 -10.0219 2.2535
1652 43.3182 2.4551 16.6925 2.6905 163.7297 0.6095 94.3067 2.3492 62.0972 2.2319 13.2855 2.3760 53.8562 2.4457 28.2182 2.4887 -2.6587 4.8781 -9.7361 1.8182
1653 47.1548 2.5145 19.3092 2.6388 164.7260 0.2158 91.7779 2.3098 60.1460 2.3097 15.3321 2.3473 52.9349 2.5845 24.6897 2.3906 -3.9245 5.1217 -9.5918 1.3205
1654 50.6501 2.2695 21.2000 2.5035 165.4228 -0.1107 88.3986 2.2145 58.6783 2.3597 16.9526 2.4403 51.0165 2.5433 21.1929 2.4216 -4.8740 5.6151 -9.3587 0.2935
1655 54.2297 2.4088 22.2129 2.5165 164.9908 -0.2822 84.6439 2.2660 57.5257 2.4468 17.7151 2.4418 48.4331 2.4576 17.7162 2.4529 -5.3737 6.0982 -9.4493 0.2704
1656 57.1631 2.5925 22.4219 2.5529 164.3764 0.0515 81.1969 2.2596 57.2351 2.4109 17.7945 2.5788 45.2077 2.5422 14.6125 2.5345 -5.6039 6.1462 -9.1584 0.4596
1657 59.5000 2.4248 22.2908 2.5031 163.5400 0.7824 77.5950 2.3210 58.2273 2.4966 16.9370 2.5471 41.6548 2.3204 10.9406 2.5576 -5.2329 6.2034 -8.3114 0.5004
1658 61.0258 2.5142 21.3884 2.5279 162.5083 1.4783 74.0779 2.4327 59.6724 2.3815 14.8466 2.5702 38.2509 2.2842 7.6528 2.8233 -4.9469 5.8563 -7.6228 -0.0235
1659 62.3937 2.4608 19.7763 2.5522 161.3173 1.5750 70.3178 2.5032 61.8941 2.3321 12.3934 2.4356 35.3159 2.2665 4.4157 3.5080 -4.9509 5.9972 -7.0294 -0.7217
1660 63.4756 2.4499 17.8144 2.6101 159.6501 1.5312 66.9173 2.5059 64.7081 2.4486 9.6673 2.4446 33.1572 2.3477 1.2141 3.9663 -5.1509 6.0464 -6.9811 -1.1614
1661 64.5266 2.6008 15.4686 2.4706 157.5312 1.4966 63.4935 2.4789 68.0109 2.6236 6.3705 2.4836 31.9567 2.4738 -1.7679 4.2977 -5.6153 5.9371 -6.7605 -0.9465
1662 65.5466 2.5679 13.0564 2.4882 154.8841 1.4044 59.9649 2.4065 71.7427 2.6332 3.5768 3.1232 31.3332 2.4431 -4.3970 4.0589 -5.8944 5.6456 -7.2131 -0.1888
1663 67.0580 2.5455 11.2666 2.4427 151.4259 1.8071 56.6421 2.5242 75.0939 2.5940 1.2716 3.5408 31.4585 2.3958 -6.0179 3.8639 -5.7763 5.4424 -7.3270 0.4092
1664 68.2226 2.5245 9.9783 2.4835 148.2687 2.1966 54.0267 2.3504 78.4252 2.6007 -0.3780 3.7489 32.3275 2.3360 -7.1675 3.7570 -5.4895 5.0737 -7.9859 1.3292
1665 68.5262 2.5494 8.9656 2.4028 144.7459 2.4679 52.1014 2.3824 81.8993 2.6197 -1.5584 3.7050 33.9484 2.2849 -7.9578 3.1654 -5.1341 5.3240 -8.1036 1.8461
1666 69.3306 2.4630 8.0501 2.4803 141.5094 2.6217 50.8289 2.3862 84.7729 2.5124 -2.7911 3.9140 36.2458 2.3208 -8.4462 2.3570 -5.2861 5.2854 -8.1781 2.2383
1667 69.5553 2.5077 6.9084 2.5058 138.9248 2.3655 49.9331 2.5213 86.5791 2.5090 -3.5219 4.0942 38.8690 2.4709 -9.0740 1.5771 -5.2794 5.7844 -8.3261 2.6799
1668 70.0206 2.5251 5.8481 2.5476 137.1630 2.3592 49.9581 2.4654 88.0665 2.6436 -3.9885 4.4215 42.2838 2.4089 -9.4269 0.8256 -5.4137 6.0088 -8.0077 3.2586
1669 69.6959 2.5354 4.9284 2.7084 135.5057 2.5263 50.7219 2.4290 88.7987 2.5653 -4.1479 4.9394 45.9032 2.4065 -9.6375 0.6030 -5.0922 5.9268 -7.2330 3.9847
1670 69.1568 2.5830 3.8111 2.6562 134.1881 2.5402 52.2889 2.2679 88.7298 2.5405 -3.9982 5.0012 49.6818 2.4523 -9.3969 0.3948 -4.6066 5.4396 -5.7350 4.2198
1671 67.6284 2.5148 2.2845 2.7566 132.8817 2.5146 54.1328 2.4729 87.6500 2.5931 -3.3149 4.7828 53.5133 2.5860 -9.1099 1.0327 -3.4807 4.7131 -3.8665 4.6220
1672 66.5156 2.5600 0.0713 2.8454 131.8459 2.5259 55.7715 2.3888 85.7133 2.5819 -2.9916 3.8962 57.1269 2.5590 -8.7632 1.6664 -1.7588 4.3181 -2.0271 4.4151
1673 65.3085 2.5961 -2.0884 3.5381 131.4590 2.5247 57.0628 2.4205 83.3687 2.6972 -2.7059 3.6812 60.9013 2.5669 -9.1134 2.1702 0.5182 4.2730 -0.5234 4.0359
1674 64.5176 2.5374 -4.0377 4.0856 131.2627 2.5612 57.5548 2.3919 80.3078 2.4711 -3.0912 3.2992 64.4040 2.3837 -9.7884 2.2860 2.6112 3.9489 0.5825 3.4009
1675 64.5137 2.4730 -5.4352 4.5115 132.3450 2.6108 57.5671 2.5999 77.0705 2.4942 -2.9455 3.0877 67.8015 2.4993 -10.4404 2.7812 4.5339 3.5985 0.8489 3.1390
1676 65.1569 2.4347 -6.5004 4.5442 133.4782 2.5006 56.6498 2.5718 74.3637 2.5046 -2.8657 2.3351 71.2516 2.6285 -10.3768 2.8697 6.1749 3.1616 1.2207 3.1642
1677 65.8695 2.4193 -7.8393 4.6817 134.9857 2.3311 54.9941 2.6641 72.4208 2.4719 -3.0301 1.2894 74.1189 2.6771 -10.0337 2.3776 7.3731 2.8664 1.1738 2.8547
1678 66.5176 2.4078 -8.7413 4.7092 136.3264 2.3870 52.6247 2.5530 71.2446 2.5072 -3.9929 0.5838 76.3282 2.6100 -9.4425 2.2759 8.3190 2.6083 1.1367 2.2054
1679 67.3799 2.5000 -9.0955 4.6475 137.7002 2.3510 49.3716 2.5352 70.9482 2.4510 -4.7042 0.2703 77.6917 2.5773 -9.4045 1.9646 8.2952 2.4648 0.5022 1.5300
1680 67.9093 2.4524 -9.2696 5.1515 139.6828 2.4588 45.8888 2.6064 71.5481 2.5072 -5.8974 0.1914 78.5036 2.4689 -9.7213 1.4299 7.7654 2.3262 -1.0114 1.1200
1681 67.7658 2.4642 -8.3462 5.6484 142.6588 2.3948 42.4518 2.4350 72.5152 2.4405 -6.9760 0.6499 78.6752 2.5619 -10.1724 1.1976 6.3865 2.0905 -2.8971 0.8109
1682 67.0127 2.6527 -8.1552 5.6485 145.2760 2.4199 39.3621 2.4370 74.4870 2.3809 -7.9667 1.3488 77.9583 2.6238 -10.4459 1.8515 4.2794 1.9597 -5.2140 0.8034
1683 65.6196 2.5520 -8.6315 5.3879 147.5921 2.3368 35.9515 2.5228 76.8399 2.4113 -8.7370 2.0865 76.9517 2.6310 -9.9874 2.2284 1.5713 1.7206 -6.8035 1.0131
1684 63.3265 2.6396 -9.1666 5.2052 149.1477 2.3267 32.4414 2.3981 79.8523 2.4945 -9.1762 2.4961 74.7090 2.6056 -9.1140 2.7045 -1.2918 1.2593 -7.7161 1.5797
1685 60.7418 2.5380 -10.0394 4.9539 150.5665 2.4227 29.2065 2.4101 82.4906 2.4433 -9.5444 3.2510 72.0234 2.7163 -8.0979 3.5049 -3.8327 0.8246 -8.0367 1.6152
1686 57.6969 2.3911 -10.2410 4.5159 151.6077 2.3830 26.6974 2.5121 84.6477 2.4515 -10.3336 3.8897 68.7014 2.7491 -7.8357 4.0050 -5.6670 0.6843 -8.3551 1.1653
1687 54.2919 2.5812 -9.8686 4.1209 152.9529 2.4684 24.3500 2.4915 86.2062 2.4606 -10.5016 4.1813 65.1228 2.7043 -7.3301 4.8200 -7.2914 0.6560 -8.5501 1.0913
1688 51.6218 2.6261 -9.3782 3.9959 154.1616 2.5006 22.8596 2.3920 86.6695 2.5162 -10.3782 3.9812 61.6631 2.7404 -7.1609 5.6887 -8.5370 0.4651 -8.8454 1.5549
1689 49.7119 2.5900 -9.1777 3.8537 155.7279 2.3876 22.0480 2.4859 86.5361 2.5697 -9.9464 3.3575 57.9411 2.6918 -6.6481 6.0666 -9.0704 0.4339 -8.3973 1.7735
1690 48.2971 2.5396 -9.5080 3.2244 156.9623 2.4395 21.2296 2.4743 85.4651 2.6474 -9.1206 2.7517 54.2726 2.6621 -5.9570 6.0167 -9.1005 -0.1093 -7.9210 1.7521
1691 47.0719 2.4393 -10.1207 2.8348 157.7595 2.6840 20.1237 2.4674 83.7341 2.6628 -8.0849 2.3589 50.8247 2.6652 -5.2033 5.7688 -9.3558 -0.5512 -7.5928 1.5828
1692 46.1948 2.4478 -10.4103 2.2041 159.0492 2.9268 19.2439 2.6081 81.2743 2.6106 -7.0638 1.8350 47.5650 2.6545 -4.5167 5.4327 -9.2965 -0.9978 -7.2913 1.0512
1693 45.2101 2.4288 -10.2854 2.2646 160.5736 3.5675 18.4344 2.4677 78.0341 2.7140 -5.8134 1.3453 43.7918 2.8336 -4.4151 5.4232 -9.0555 -0.9146 -7.1173 0.1510
1694 44.2504 2.5003 -10.0350 2.3990 162.7309 4.1402 17.5856 2.3713 74.7534 2.6091 -4.0997 0.7797 40.6382 2.7760 -4.6292 5.7843 -9.4538 -0.4193 -6.9710 -0.5682
1695 43.8575 2.5647 -9.8751 2.5557 164.7208 4.5975 16.0787 2.5832 72.2143 2.5190 -2.4639 0.3849 37.8789 2.6432 -5.5016 6.1039 -9.5929 0.6712 -6.8764 -0.9027
1696 44.3525 2.5055 -10.0464 2.9362 166.6494 4.7509 14.0873 2.6174 70.4214 2.3896 -0.9249 0.5459 35.8302 2.5713 -6.1030 5.7045 -9.2059 1.6138 -6.6168 -0.6604
1697 45.3475 2.3936 -10.2847 2.8528 168.0502 4.7284 11.2189 2.6606 69.2725 2.3922 -0.0618 0.8267 34.6590 2.4673 -6.2387 5.2212 -8.7887 1.9715 -6.2081 -0.0941
1698 47.1451 2.4884 -10.3367 2.4626 169.2672 4.3964 7.9920 3.2264 68.6283 2.5032 0.3676 1.1085 34.2925 2.4121 -6.0950 4.8989 -8.6041 2.1952 -5.7704 0.0959
1699 48.5905 2.5041 -10.2028 2.0462 169.9370 3.7825 4.8054 3.6918 68.8254 2.5450 -0.0447 0.9059 34.7325 2.3799 -5.9937 4.7372 -8.4622 2.2531 -5.6781 -0.5456
1700 49.8781 2.5632 -9.6067 1.4509 170.0880 2.9957 1.6293 4.2725 69.9253 2.5033 -0.6815 0.5567 35.7090 2.5292 -5.9473 4.3706 -8.0775 2.6095 -5.8026 -0.8398
1701 51.3579 2.5241 -8.7696 0.7543 170.7016 2.4402 -0.7928 4.4199 71.7287 2.4857 -1.8884 0.2881 37.3695 2.5895 -6.4298 3.8412 -7.2892 2.9783 -5.6341 -1.1705
1702 52.7629 2.3848 -8.3768 0.4989 171.3597 1.7587 -2.8189 4.3950 74.2804 2.5189 -3.3241 0.2440 40.0025 2.6202 -7.4905 3.0638 -6.5191 2.8050 -5.5250 -1.2818
1703 55.1808 2.4869 -8.4848 0.7295 171.6614 1.1954 -4.0779 4.1711 77.2477 2.4145 -5.0034 0.4272 43.1250 2.4963 -8.4263 2.3341 -5.6063 2.1438 -5.4996 -1.2908
1704 58.1495 2.4064 -8.2321 1.0503 171.5809 0.9623 -4.5778 4.3055 79.6502 2.3795 -7.2171 0.7407 46.0354 2.4777 -9.2446 1.6291 -4.9732 1.3074 -6.4932 -1.0093
1705 60.9501 2.5299 -8.1592 1.6078 171.2336 1.2347 -4.4959 4.1220 81.8219 2.5240 -8.3999 1.5139 48.4712 2.5012 -9.7191 1.2658 -4.9508 0.1414 -7.6321 -0.4073
1706 63.5041 2.5129 -8.2996 2.3888 170.8377 1.6718 -3.2838 3.9389 83.1271 2.4267 -9.2585 2.1684 49.8684 2.4188 -9.8469 1.4071 -5.2045 -0.5833 -8.6205 0.1332
1707 64.9268 2.5010 -8.4685 2.5839 170.1236 2.3228 -2.4276 3.7477 83.6244 2.4884 -9.8677 2.5551 50.5986 2.4183 -9.7490 1.7547 -5.5904 -0.9519 -9.2195 0.6378
1708 65.8186 2.4756 -8.8904 2.5520 169.5504 3.1663 -1.3632 3.2513 83.5942 2.5858 -10.3547 3.0665 50.6029 2.4003 -9.3681 2.6097 -6.0122 -0.8909 -9.2149 1.3707
1709 65.8047 2.4355 -9.2890 2.9630 168.8148 3.7396 -0.2061 2.7269 82.8468 2.5736 -10.2822 3.3435 49.5928 2.4672 -8.7851 3.0358 -6.7806 -0.5769 -8.8112 1.6355
1710 65.1174 2.4242 -10.0408 3.3031 167.4238 4.2488 0.1678 2.2684 81.5107 2.5166 -9.9686 3.1852 47.9140 2.3954 -8.2424 3.4347 -7.7703 -0.1754 -8.7109 2.2191
1711 63.9096 2.4155 -10.7698 3.3501 165.6461 4.4546 0.2342 2.7400 79.8117 2.4659 -9.0786 3.2138 45.6347 2.4183 -8.0616 3.8726 -8.5697 0.0278 -9.1230 3.1749
1712 62.0451 2.4244 -11.2386 3.0341 163.6606 4.5110 0.1415 3.4309 77.7968 2.2790 -8.3236 2.5792 43.8033 2.4523 -7.8051 4.0960 -9.0383 0.1330 -9.2289 3.9870
1713 59.6101 2.6249 -11.3365 2.4092 162.5553 4.3588 -0.6080 4.3023 75.9619 2.4687 -7.8921 1.7541 41.7945 2.4934 -7.6917 4.2654 -8.9620 0.7175 -9.0368 4.4082
1714 56.8720 2.5958 -11.5584 1.7453 161.6856 3.6842 -1.9461 4.6651 75.1562 2.5845 -7.7927 0.7850 39.9281 2.3929 -7.0124 4.2896 -9.1116 2.0237 -8.5749 4.4924
1715 54.4007 2.4374 -11.0306 1.4944 161.4837 2.8450 -3.8612 4.5779 74.9522 2.5645 -8.2265 0.1124 38.1182 2.5479 -6.3218 3.6475 -8.8949 2.6854 -8.2656 3.9600
1716 52.6997 2.3768 -10.8211 1.7994 161.7602 2.1730 -5.6875 4.2467 75.2884 2.5676 -8.3547 -0.3574 36.4971 2.4700 -5.7331 2.7105 -8.2431 3.4305 -8.5470 3.8056
1717 51.7810 2.5734 -10.5410 1.8639 161.9678 1.9992 -7.4562 3.5907 76.4924 2.5698 -8.2557 -1.1397 35.2350 2.5053 -5.4588 2.0308 -7.1044 3.8193 -8.9027 4.0330
1718 51.7664 2.4569 -10.9172 2.4118 162.5073 2.5576 -8.3948 3.3214 78.2832 2.4778 -8.0612 -1.3732 34.5867 2.4033 -6.1945 1.8139 -5.6263 4.1054 -8.6420 4.4578
1719 52.5221 2.4098 -11.4729 2.4850 163.3917 3.3189 -9.0857 3.3356 80.9666 2.6913 -7.7418 -1.4362 34.7719 2.5058 -6.5689 1.8722 -4.0935 4.7440 -7.8416 5.0079
1720 53.5391 2.4000 -11.4454 2.6436 164.6044 3.8809 -9.5660 3.4677 83.6697 2.7772 -7.8013 -1.2505 35.2963 2.6076 -6.8151 2.0156 -2.9038 4.7745 -6.6365 5.1060
1721 54.6975 2.4650 -10.7622 2.6878 166.4465 4.3037 -10.0486 3.2220 87.1550 2.6681 -7.8338 -1.1573 36.1296 2.6013 -6.4243 2.1695 -1.9977 4.6128 -5.2976 5.0746
1722 55.7364 2.4645 -10.0475 2.8325 168.1673 4.4389 -10.4696 2.6698 90.4033 2.4657 -7.8322 -1.0305 37.4611 2.6044 -5.8789 2.3507 -1.4521 4.4525 -3.7299 4.3961
1723 56.8722 2.4641 -9.7978 3.6651 169.5001 4.4530 -10.2522 2.5259 93.8340 2.7048 -7.8963 -0.9640 38.8155 2.5390 -5.7001 2.2070 -1.1532 3.6641 -1.9566 4.2175
1724 57.5278 2.4034 -10.0506 4.2242 170.3641 4.2390 -9.9121 2.6139 97.3273 2.4582 -7.7207 -0.4976 40.4015 2.5110 -6.0870 2.2684 -1.2953 2.4884 0.2377 4.5314
1725 58.2712 2.5131 -10.1599 4.4455 170.5613 3.5040 -9.6514 2.9144 100.1777 2.5454 -7.4994 -0.4882 42.6466 2.5094 -6.8994 2.5750 -1.6563 1.4275 3.1491 4.4336
1726 59.0388 2.4874 -10.4012 4.3691 170.1202 2.9662 -9.4320 3.2447 102.4547 2.5275 -7.2649 -0.6102 45.7171 2.6893 -7.8834 3.1071 -2.3158 0.6262 5.9187 3.7649
1727 59.3660 2.5254 -10.2443 4.2197 169.7471 2.2635 -9.9339 3.8511 104.0426 2.5508 -7.0394 -0.3643 49.1641 2.6210 -8.5271 3.3878 -3.4919 0.2637 8.4188 3.0537
1728 59.0462 2.5043 -10.1416 3.7465 169.0810 1.6527 -10.2903 3.8015 105.4293 2.6132 -6.9671 0.1435 52.5978 2.5696 -8.8191 3.2457 -4.4970 -0.2049 10.2728 2.5547
1729 58.2294 2.4742 -9.7861 3.1900 168.6088 1.2294 -10.2724 3.5382 106.5348 2.5443 -6.9659 -0.1720 56.4673 2.4901 -8.9093 2.9482 -5.9881 -0.5299 11.3735 2.4681
1730 57.3431 2.4593 -9.2469 2.4632 167.6511 0.6650 -9.8835 3.7457 107.6792 2.6193 -6.6719 -0.2051 59.9725 2.3193 -9.1499 2.8107 -7.8189 -0.7179 12.0230 2.5703
1731 56.9543 2.4395 -8.5486 1.7672 167.2075 0.3079 -9.4915 3.8984 109.2555 2.5370 -6.2751 0.2871 63.2730 2.3631 -9.2193 2.6135 -9.1882 -0.5732 11.8513 2.4325
1732 56.3887 2.4550 -7.7755 1.3997 166.8316 0.3575 -9.5323 3.7556 109.7912 2.5620 -5.2978 1.1027 66.7392 2.4546 -9.1434 2.1635 -10.2443 0.0249 10.8646 2.4091
1733 56.0825 2.4391 -6.4632 0.8629 166.1190 0.6495 -9.1756 3.2304 109.6804 2.5093 -4.1528 1.6121 70.3769 2.6600 -9.4103 1.5690 -10.5615 0.7457 9.6134 2.6484
1734 55.7254 2.5061 -5.5481 0.6301 165.6943 0.9449 -8.4943 2.3870 109.4172 2.5131 -3.4106 1.0287 73.9525 2.7007 -9.6395 0.8104 -10.8537 1.8856 7.5366 3.1213
1735 55.6158 2.5099 -4.7233 0.8892 165.2539 1.0791 -7.5756 1.9243 109.0752 2.6173 -3.2319 0.3917 77.1828 2.6998 -9.5305 0.0552 -10.6592 3.0560 5.5367 3.4934
1736 55.4263 2.4494 -3.7994 1.5750 165.2099 1.3721 -6.4687 2.1961 108.6361 2.4921 -3.8280 -0.3681 81.0485 2.6034 -9.3440 -0.0090 -9.8701 3.4948 3.2848 3.7467
1737 55.1110 2.4921 -3.5050 2.6698 165.3519 1.7908 -5.5912 2.6748 108.1966 2.5911 -4.5266 -0.2632 84.6808 2.6217 -9.0152 0.5663 -9.0462 3.8616 1.2341 3.9789
1738 55.4446 2.5646 -3.6356 3.6225 165.4609 1.8171 -4.9630 3.3266 107.7789 2.5693 -5.1697 0.0824 88.3903 2.6514 -8.6649 1.2271 -8.2108 4.8801 -1.0144 4.4914
1739 56.4380 2.5850 -4.5155 4.0680 165.3301 1.8363 -5.0274 4.0312 107.3922 2.4991 -6.2313 0.7717 92.0086 2.6445 -9.2542 1.8003 -7.8238 5.6034 -2.4009 4.7521
1740 58.0929 2.5740 -5.5098 4.3257 164.8434 2.2868 -5.2567 3.7975 107.0116 2.5043 -7.1616 1.4249 95.3142 2.4161 -9.5101 1.7954 -7.4214 5.9804 -3.5295 5.0040
1741 60.2855 2.4770 -6.5011 4.1156 164.1543 2.7196 -5.2852 3.8764 106.3280 2.5662 -7.7377 2.2106 98.6401 2.5797 -9.7701 1.3655 -6.9436 6.1659 -4.4437 5.5819
1742 62.2848 2.5935 -8.0785 4.0225 163.5540 3.1935 -5.4902 4.5213 106.3233 2.5584 -8.3082 2.7595 101.5638 2.3423 -10.2345 0.9737 -7.0199 5.7911 -5.1702 5.9184
1743 64.1416 2.5719 -9.3843 4.1578 163.0592 3.5064 -5.6444 5.4431 107.0106 2.5258 -8.3870 3.6287 103.6708 2.3853 -9.9674 0.7481 -7.0511 5.0241 -5.6360 5.8617
1744 65.7007 2.5132 -10.1610 3.8721 162.1701 3.2577 -5.9712 6.1705 108.1903 2.5352 -7.8123 4.0342 105.4484 2.5054 -9.7112 0.4192 -7.3978 4.3223 -6.2374 5.1566
1745 66.1872 2.4065 -10.6734 3.2960 160.3603 3.1098 -6.4387 6.5620 108.9028 2.6484 -7.1688 4.1650 106.5964 2.5397 -9.3667 0.1127 -7.6815 3.9820 -6.7684 4.2845
1746 65.8375 2.6115 -10.9166 2.3497 158.2135 3.1133 -6.6179 6.2288 109.8595 2.4896 -6.3372 3.9533 106.6105 2.5382 -9.0806 -0.0850 -7.6047 3.5532 -7.3327 3.5045
1747 64.8556 2.5937 -11.4844 1.6277 155.9833 3.3202 -6.1099 5.4353 111.0348 2.4580 -5.9918 3.2817 105.9304 2.5818 -9.2188 -0.4795 -7.7042 3.1789 -7.2533 2.9131
1748 63.0686 2.7138 -11.4676 1.6586 153.4685 3.2887 -5.3306 4.0339 111.3495 2.5266 -5.7617 2.4290 104.3730 2.5856 -9.3664 0.0741 -7.3936 2.8702 -7.0139 2.1304
1749 60.5063 2.6784 -11.3958 2.1543 150.6565 3.0751 -4.5920 3.3667 110.6892 2.4646 -5.6102 1.2293 102.0321 2.7964 -9.1220 0.9887 -6.7536 2.8467 -7.0221 1.9154
1750 57.7745 2.7335 -11.1729 3.0471 147.9135 2.6680 -4.1895 3.0906 109.5949 2.5651 -5.6668 0.5235 99.3384 2.6100 -9.0525 1.7124 -6.2491 3.0704 -7.0674 1.6377
1751 55.3272 2.4795 -10.4863 3.4494 145.9681 2.4995 -3.6506 3.0900 107.8504 2.5249 -5.7460 -0.3191 96.9571 2.6145 -9.5674 2.5347 -6.0976 3.4162 -6.6230 1.2148
1752 53.1350 2.4951 -10.0239 3.2844 144.0397 2.5575 -2.9812 2.5986 105.1595 2.5746 -5.8024 -0.7351 95.1196 2.4853 -9.8073 3.1972 -6.3778 3.5951 -5.7589 0.6513
1753 51.7646 2.3272 -10.0549 2.8848 142.9157 2.5738 -2.4180 1.9314 101.9738 2.5410 -6.4993 -1.3747 93.8879 2.4619 -10.0306 4.4514 -6.8935 3.6146 -4.9484 0.1037
1754 51.4448 2.5154 -10.3525 2.3525 142.6833 2.5253 -2.3233 1.1823 98.6158 2.4769 -7.2193 -1.3588 93.5742 2.4592 -9.6981 5.3712 -7.4315 3.2568 -4.9499 0.0787
1755 52.1753 2.6189 -10.7379 2.0416 143.2279 2.4953 -2.7167 0.4009 94.9524 2.6406 -7.6463 -1.2153 93.7411 2.4515 -9.1657 6.1268 -7.7109 3.0420 -5.4779 0.2416
1756 53.3988 2.5014 -10.6231 1.8446 144.2202 2.3830 -3.1753 0.1051 91.9029 2.6068 -7.6719 -0.2159 94.9938 2.4473 -8.2185 6.4263 -8.3414 2.7233 -6.0886 0.2464
1757 55.2299 2.3650 -9.9923 1.6125 145.4547 2.4707 -3.2153 0.3029 89.2971 2.5530 -6.9794 0.3271 96.8373 2.4300 -8.1768 6.1041 -8.5684 1.9675 -6.7341 -0.1114
1758 57.3893 2.4972 -9.0078 1.1444 146.8917 2.4968 -3.3681 0.6263 87.5903 2.4704 -6.4110 1.3379 99.4935 2.4763 -8.6662 5.8708 -9.0155 1.5122 -7.1195 -0.6237
1759 59.4752 2.5575 -8.0381 0.3973 147.9845 2.3826 -3.5698 0.9128 86.7110 2.5243 -5.9178 2.4044 102.1963 2.4264 -9.2515 4.8748 -9.2866 0.4523 -7.0340 -0.9741
1760 60.9770 2.4725 -7.4905 -0.0771 148.8092 2.5173 -3.8917 1.0049 86.5184 2.5846 -6.1924 3.3660 104.4504 2.4476 -9.5594 3.4840 -9.6231 -0.0602 -6.3867 -0.8450
1761 61.5036 2.4314 -7.2042 -0.6747 148.8553 2.5838 -4.3312 1.0798 87.2480 2.5998 -7.0103 4.2543 105.5679 2.4721 -9.1657 2.6476 -9.6053 -0.2989 -6.1493 -0.2205
1762 61.4823 2.5392 -6.6433 -0.8098 148.0606 2.6021 -4.5406 0.6412 88.7363 2.4355 -8.1298 4.6948 106.3205 2.4841 -8.4956 2.0073 -9.4103 0.0701 -6.3639 0.5767
1763 60.6561 2.5803 -6.3989 -0.9464 146.1911 2.5287 -5.1194 0.0408 90.8627 2.6577 -8.6172 4.6892 106.3346 2.4026 -7.9008 2.0015 -9.1260 1.0056 -6.2696 1.5709
1764 58.9627 2.6992 -6.3831 -0.8798 144.0571 2.5434 -5.7803 -0.0968 94.0437 2.6121 -8.9233 4.3280 105.8080 2.3766 -7.6608 1.5250 -8.5808 1.8760 -6.4526 2.5950
1765 56.3147 2.7570 -6.7873 0.0004 141.6515 2.4350 -6.2191 -0.1668 97.7486 2.7012 -8.6638 3.6624 104.1224 2.4071 -7.6210 0.8425 -8.0946 2.4987 -6.5429 2.9835
1766 53.4347 2.7103 -6.9690 0.9439 139.4409 2.4422 -6.4881 -0.3937 101.2326 2.5014 -8.4337 2.6257 102.0439 2.3982 -7.7565 0.5576 -7.9949 3.0595 -7.0122 3.4266
1767 50.0463 2.6773 -7.3918 1.6858 137.8311 2.4666 -6.6201 -1.0885 104.5617 2.4951 -8.3242 1.8793 99.4107 2.4174 -7.3630 0.9770 -7.1907 3.5434 -7.6571 3.6008
1768 46.7956 2.6271 -8.0530 2.4895 137.0029 2.4256 -6.6086 -1.0711 108.3383 2.6384 -8.4995 0.8664 97.6168 2.3888 -7.2932 1.5952 -5.6965 4.1747 -8.0589 3.9036
1769 44.0864 2.5521 -8.6905 3.3632 136.9860 2.4872 -6.9613 -1.1656 111.8997 2.5072 -8.4955 -0.0580 96.2120 2.5230 -7.0895 2.7520 -3.4127 4.6793 -8.7701 3.9573
1770 42.0531 2.3599 -8.6745 4.1789 137.4870 2.5107 -7.4880 -0.8921 115.7455 2.5955 -8.2999 -0.5196 95.2712 2.4886 -7.2655 3.4606 -0.2441 4.6285 -9.2873 4.0285
1771 40.9235 2.4169 -8.1339 4.8018 138.8476 2.4653 -7.9159 -0.7927 119.1906 2.3823 -8.1471 -0.7593 95.4163 2.5449 -7.1351 3.7316 2.1111 4.4032 -9.6202 4.4012
1772 40.4735 2.3814 -7.1000 5.0342 141.2556 2.3184 -7.7595 -0.4037 122.8309 2.6434 -8.0025 -0.9169 96.3651 2.4628 -7.2642 3.8346 4.0155 3.7238 -9.3626 4.2182
1773 40.6766 2.5867 -5.3936 5.3363 143.8224 2.3395 -6.9922 -0.3077 126.2914 2.6053 -7.9657 -0.5545 97.5330 2.5856 -7.1931 4.2415 4.9101 3.0407 -8.6391 4.1401
1774 41.6666 2.6366 -3.4631 5.3143 146.2711 2.4239 -6.4438 -0.4960 128.8458 2.4325 -8.4162 -0.1155 99.5995 2.5707 -6.7439 4.8538 5.3503 2.5644 -7.6713 3.9825
1775 43.4422 2.6253 -1.2668 4.9691 147.9441 2.5438 -6.0825 -0.3830 130.6506 2.5683 -8.7986 0.6825 101.3913 2.7231 -6.4341 5.7723 5.3619 1.9854 -6.5487 3.7677
1776 45.5677 2.4616 -0.1242 4.6792 149.1955 2.4025 -6.2518 -0.0449 131.7712 2.5038 -9.4135 1.4439 103.0474 2.6278 -6.1794 5.9523 5.0114 1.4153 -5.8093 3.6311
1777 47.7206 2.4862 0.8008 4.2188 149.4898 2.5143 -6.2559 0.5169 132.0439 2.4906 -9.7788 2.5744 104.0437 2.5402 -5.5591 5.6823 4.0132 0.9771 -5.3404 3.2988
1778 49.3903 2.5587 1.5345 3.5216 149.0490 2.5653 -5.7691 0.9478 131.8932 2.5376 -9.4661 3.4949 104.1867 2.4247 -5.2240 5.4295 2.5932 0.7082 -5.2313 3.1622
1779 50.3023 2.4975 1.9843 2.5954 147.6320 2.5462 -5.1543 1.6202 131.1843 2.3857 -9.0037 3.9078 103.6502 2.4403 -5.2031 5.0254 1.0819 0.5861 -5.6042 2.9795
1780 50.1201 2.4954 2.0807 1.5988 146.0089 2.6488 -4.7306 2.0901 129.2342 2.5119 -8.3693 4.2820 102.2399 2.3980 -5.7228 5.3111 0.0557 0.6398 -6.1487 3.0137
1781 49.2156 2.5378 1.4514 0.8305 144.0524 2.6318 -4.2957 2.6688 126.5341 2.5755 -7.8377 4.9318 100.1016 2.4389 -6.0218 5.9846 -0.0510 0.5734 -7.1626 2.1485
1782 47.8469 2.6745 -0.0010 0.3548 142.3885 2.6344 -4.0483 3.2785 123.1434 2.5066 -7.5589 5.7680 97.0687 2.5192 -6.5911 6.6092 0.3468 0.6164 -7.6835 1.3744
1783 46.3395 2.6097 -2.0367 0.1907 140.7621 2.5659 -4.1771 3.3833 119.4502 2.3326 -7.2908 6.1930 93.7178 2.5651 -6.8242 6.3032 1.2452 0.5607 -8.3920 1.0948
1784 44.8971 2.5376 -4.2948 0.4514 140.2435 2.4620 -3.8840 3.0225 115.8613 2.5745 -7.2642 5.9713 91.1490 2.6084 -7.1550 5.6710 2.5352 0.6228 -9.2693 1.4303
1785 43.8448 2.4389 -6.3021 1.1397 140.3046 2.4261 -3.3684 2.6823 112.2129 2.5267 -7.6712 5.5846 88.9660 2.6659 -7.4477 4.7251 3.5629 0.9491 -9.6427 1.8247
1786 43.6241 2.4952 -7.7984 1.6794 140.8957 2.3207 -2.9103 2.0616 108.5814 2.4832 -8.0529 4.9409 87.8774 2.5626 -8.2594 3.7142 4.5957 1.4767 -10.4527 2.4002
1787 43.8302 2.4868 -8.9775 2.2272 142.3688 2.2853 -2.9982 1.5659 104.8169 2.4340 -8.3030 3.8845 87.4530 2.5413 -8.8343 3.5716 5.0146 2.0072 -10.7554 2.5693
1788 44.6592 2.5828 -10.0284 2.5008 144.9534 2.2037 -4.0153 1.1440 101.4255 2.3464 -8.5728 3.1507 87.9890 2.4589 -9.8987 3.3806 5.1028 2.2604 -11.0600 2.4525
1789 45.5922 2.5560 -10.6876 2.7691 148.1686 2.5922 -4.9367 0.5885 97.7652 2.5030 -8.8741 2.3513 89.1818 2.3875 -10.3099 3.0469 4.6542 2.2591 -10.9244 2.2472
1790 46.5961 2.6081 -11.1659 2.9455 151.0953 3.1145 -5.4445 -0.2083 94.2169 2.4557 -8.8583 1.5024 90.8136 2.2858 -10.4747 2.8687 3.7664 2.6544 -10.5116 2.7430
1791 47.1125 2.6428 -10.9193 3.5131 154.4481 3.5335 -5.5245 -0.6744 90.6389 2.5071 -8.3929 0.9162 93.1281 2.2776 -10.5549 2.7996 2.5863 3.2133 -10.1053 3.4863
1792 47.8736 2.6064 -11.0159 3.7581 157.5248 4.0400 -5.7695 -0.7127 87.5271 2.4082 -7.4796 0.4045 96.2251 2.3250 -10.9120 2.7491 1.1478 3.4626 -10.2719 3.9756
1793 47.6290 2.3835 -10.9330 3.7040 160.3843 4.0176 -5.9801 -1.1971 85.0331 2.4785 -6.3854 0.4763 99.8576 2.2953 -11.2848 2.8141 -0.2000 3.7087 -10.5957 4.4773
1794 46.5599 2.3896 -11.1700 3.3588 162.2601 3.5486 -5.8401 -0.8981 83.2441 2.5491 -5.6439 1.0669 103.5377 2.5173 -11.5154 3.2313 -0.9180 3.6406 -10.8707 4.0023
1795 45.1096 2.5019 -11.3901 2.7701 163.9348 3.0389 -5.3645 -0.3233 82.3367 2.4394 -4.8162 1.7392 107.1563 2.6374 -11.3052 3.8651 -0.9574 3.8885 -10.5804 3.5357
1796 42.3655 2.4004 -11.4712 1.8976 164.9872 2.7276 -4.4778 -0.1302 82.0727 2.5663 -4.0918 2.8508 110.4106 2.5358 -11.1637 4.3157 -0.4643 4.1109 -10.0291 3.4072
1797 38.9878 2.4154 -11.3938 1.1757 165.8663 2.4347 -2.7072 0.1800 83.0200 2.5688 -3.4010 3.3475 113.1465 2.4744 -11.0214 4.3198 0.9476 4.3493 -9.3342 3.0469
1798 35.2769 2.5945 -11.3026 1.3601 166.4772 2.4649 0.0103 0.3889 84.2413 2.3965 -2.6081 3.5425 115.5106 2.5917 -10.6665 4.0288 2.5533 4.1029 -8.7659 2.6482
1799 32.0111 2.5874 -10.7774 1.5283 167.0275 2.5267 3.4617 0.8184 86.0833 2.4085 -1.2763 3.6322 116.9982 2.6540 -10.5034 3.4588 4.1283 3.8676 -8.1069 1.9899
1800 29.7122 2.5010 -9.8248 1.9846 167.4991 2.2753 6.7337 1.2699 88.6794 2.5889 0.1880 3.5782 117.8835 2.5468 -10.4378 2.7687 5.1737 3.4555 -7.4888 1.1351
1801 27.8861 2.5496 -9.1900 2.4740 167.5156 1.8347 10.2551 1.9298 92.0789 2.4340 1.8168 3.7218 118.5742 2.4635 -10.1929 2.3081 5.7981 2.7777 -6.8471 -0.0872
1802 26.7555 2.4695 -9.1777 2.8996 167.3178 1.3777 13.7237 2.5172 95.6578 2.4964 3.8021 3.8073 118.7696 2.4480 -9.7073 2.2839 5.6069 2.5990 -6.3733 -0.5748
1803 26.4668 2.4838 -8.9353 3.4217 167.2197 1.8752 17.5251 2.3124 98.4590 2.5880 6.0831 3.6312 119.3128 2.4722 -9.2018 2.3087 4.9717 2.7749 -5.6995 -0.8815
1804 27.0986 2.5624 -8.4705 4.0925 167.6985 2.7234 21.2622 2.4379 100.4576 2.5661 9.3482 3.2899 119.4695 2.5439 -8.3635 3.0390 3.7826 2.9577 -5.2325 -0.6163
1805 28.6796 2.5943 -8.3386 4.7732 168.3564 3.3817 25.0774 2.5596 101.8499 2.5800 12.7871 2.9258 119.8676 2.5956 -7.3096 3.3945 1.6645 3.0198 -4.8804 -0.3653
1806 30.8285 2.6663 -8.2105 4.5478 168.8936 4.2588 29.0628 2.4034 102.6198 2.5326 16.1882 2.4870 120.4737 2.4918 -6.0525 3.0087 -0.7584 3.0829 -4.6724 -0.2745
1807 33.3716 2.6997 -8.3708 3.8390 169.1838 4.9442 32.7627 2.4216 103.0048 2.4563 20.0230 2.2674 121.4024 2.4270 -5.0117 3.1040 -3.4246 2.9915 -4.7486 -0.3971
1808 36.0380 2.6963 -8.8014 3.3999 169.3212 4.8577 35.8303 2.3159 102.9556 2.5864 23.0109 2.4683 122.5268 2.4700 -4.3939 3.4294 -5.6672 2.5112 -5.0998 -0.2444
1809 37.9112 2.5729 -9.1893 2.7741 168.8248 4.5794 38.0235 2.4264 102.5808 2.6053 25.5767 2.4962 123.5936 2.3825 -4.1081 4.0017 -7.2213 1.5748 -5.5216 -0.1591
1810 38.9411 2.4866 -9.8866 2.5425 168.1335 4.2569 39.8110 2.4854 102.2458 2.6022 27.7279 2.4015 124.6629 2.4203 -4.1377 4.4399 -8.1525 1.3910 -5.9438 -0.0500
1811 39.8447 2.4732 -10.4774 2.4720 167.6379 4.0011 40.4765 2.5700 101.4038 2.5535 28.6749 2.5087 125.3049 2.4350 -3.9541 4.2679 -8.2229 1.3216 -6.3119 0.2998
1812 39.8221 2.5495 -10.4110 1.9649 167.1976 3.1676 40.6665 2.4667 100.1719 2.4427 29.1695 2.4831 125.3881 2.5187 -3.8278 3.9652 -7.7410 1.1550 -6.2045 0.6553
1813 39.2142 2.6058 -10.2509 1.0447 166.4559 2.6269 39.9061 2.3996 99.0004 2.4992 28.7938 2.3817 124.4588 2.5600 -3.5614 3.4929 -6.9398 0.9711 -6.1873 1.0274
1814 37.6264 2.5057 -10.2997 0.2887 165.5958 1.9298 38.6688 2.4309 97.7250 2.5160 27.4705 2.4354 123.4269 2.5756 -3.4568 3.1943 -5.7527 0.6794 -6.2097 1.5783
1815 35.3886 2.5624 -10.5232 -0.3835 164.5157 1.7436 36.7129 2.3608 96.6836 2.4849 25.8959 2.4322 122.4180 2.5678 -3.4961 3.6135 -3.5011 0.4825 -6.5106 2.1673
1816 32.4850 2.6883 -10.7204 -0.3481 163.2569 1.1534 33.6573 2.5347 96.3629 2.5641 23.7414 2.5319 121.6373 2.5913 -4.1551 4.0877 -1.1950 0.5876 -6.9298 2.2426
1817 29.3714 2.6141 -10.4846 -0.4843 162.2181 1.0499 30.3620 2.5305 96.2305 2.5388 21.6687 2.4522 120.9721 2.5715 -5.1517 4.3891 1.3551 0.8425 -6.9763 2.3663
1818 27.0565 2.7189 -10.0467 -0.7199 160.9151 0.6953 26.6648 2.5561 96.1268 2.5412 19.7584 2.5243 121.1660 2.4215 -6.2646 4.5026 3.9234 1.4092 -6.9865 2.1388
1819 25.3305 2.5222 -9.7291 -0.9255 159.3078 0.6480 23.0865 2.6036 96.0781 2.4919 18.5941 2.5082 122.1861 2.4545 -7.2181 4.2164 6.7655 2.0861 -6.9512 1.9883
1820 24.7331 2.4908 -9.1924 -1.2610 156.7230 0.8853 19.3227 2.4735 95.9670 2.4778 18.1766 2.5081 123.6327 2.5227 -8.2614 3.8383 9.2459 2.3530 -6.6614 2.1817
1821 24.7191 2.4839 -8.4255 -1.4153 153.7831 1.4138 16.0661 2.6317 96.4328 2.4978 18.6420 2.4090 125.6997 2.4346 -9.2292 3.6040 11.3767 2.3541 -6.3359 2.5322
1822 25.2506 2.5306 -7.6142 -1.3325 150.5045 2.2752 12.6763 2.5364 97.7931 2.6025 19.8889 2.2949 128.4651 2.4210 -9.6617 3.4179 13.0976 2.4792 -5.6781 2.9942
1823 26.1333 2.5645 -7.4105 -0.8002 147.0522 2.3851 10.0735 2.4835 99.7864 2.6768 21.2983 2.2911 131.0394 2.5401 -10.0026 3.2701 14.0156 2.5556 -5.3796 3.4995
1824 27.3234 2.6015 -7.4840 -0.3944 144.0488 2.5249 8.4923 2.5557 102.5677 2.5072 22.3601 2.3464 133.2737 2.5244 -10.4249 3.3973 14.0538 2.4774 -5.1230 3.7953
1825 28.4439 2.5311 -7.4814 0.2321 141.5029 2.5631 7.4383 2.4436 105.4507 2.6253 23.4651 2.4771 134.7503 2.5283 -10.6004 3.6918 13.4179 2.4445 -4.7808 4.1086
1826 29.2537 2.5799 -6.9218 1.1464 139.9534 2.4814 6.9905 2.4412 107.7242 2.4498 23.9972 2.5279 135.3977 2.4914 -10.5107 3.7483 12.2856 2.3003 -4.2919 4.6519
1827 29.5238 2.4732 -6.7277 1.6920 138.9944 2.4863 7.3342 2.4613 109.6209 2.6981 23.8079 2.5382 135.0406 2.5628 -9.9124 3.6571 10.3300 2.0642 -3.7096 4.8872
1828 28.9463 2.3659 -6.9120 2.2848 139.1187 2.4535 8.3213 2.3491 110.7675 2.5482 22.9268 2.5973 134.1275 2.6046 -9.1758 3.5273 7.7753 1.4328 -2.8272 4.4723
1829 27.4483 2.2774 -7.6236 2.7294 139.7606 2.3789 10.1482 2.4203 110.9457 2.5244 21.1277 2.6406 132.4262 2.5001 -8.3139 3.6266 4.7753 1.4308 -2.0323 4.4305
1830 25.6241 2.2759 -8.2265 2.9878 140.7863 2.4023 11.8474 2.4281 110.2074 2.5326 18.6738 2.6103 129.9856 2.5389 -8.2175 4.2380 2.3047 1.5704 -0.8197 4.6887
1831 23.6913 2.3514 -9.1718 3.0357 142.0065 2.5190 13.3278 2.3007 108.8607 2.5655 15.5227 2.7840 126.8117 2.6357 -7.9707 4.6566 0.3228 1.6712 1.2348 4.4359
1832 21.5689 2.3898 -9.7106 2.6085 143.4261 2.4307 14.7110 2.5336 106.8261 2.6204 12.1238 2.8636 123.6751 2.3731 -7.8123 4.5092 -1.2703 1.7418 3.7443 4.0632
1833 20.5244 2.5509 -9.8226 2.3916 144.3528 2.3863 15.1860 2.5028 104.5206 2.6455 8.8060 3.4847 120.1192 2.4959 -7.5570 4.5352 -2.4891 2.3234 6.5298 3.5813
1834 20.1509 2.5229 -9.8228 1.6766 144.8249 2.4861 14.8610 2.4541 102.2409 2.6280 5.1820 4.1197 116.8157 2.4754 -7.7892 4.3212 -3.8114 2.9382 8.9742 3.1387
1835 20.3416 2.5370 -9.9835 0.7976 144.6053 2.5955 14.1788 2.3771 100.5185 2.5637 1.8389 4.6160 113.5580 2.5039 -8.2022 3.5850 -5.1626 3.7539 10.7182 2.8265
1836 21.4483 2.5903 -9.6395 0.0156 143.6189 2.5965 12.5097 2.4693 99.7212 2.5174 -1.3972 4.3559 110.3219 2.4497 -9.0145 2.9001 -6.0756 4.3681 11.6389 2.5715
1837 22.9396 2.5908 -9.6000 -0.4724 141.9268 2.4275 10.3015 2.5742 99.9099 2.5482 -4.1622 4.2909 107.7772 2.4064 -9.8106 2.1360 -6.4024 5.0607 11.9994 2.4719
1838 25.5517 2.5043 -9.8031 -0.4460 140.0602 2.5386 7.5189 2.8192 100.6725 2.5661 -6.1422 3.9811 106.2935 2.3424 -10.6878 1.9242 -6.8447 5.7705 11.4980 2.2696
1839 28.6951 2.6656 -10.0128 -0.0552 138.2708 2.5405 4.6785 3.4316 102.3607 2.6237 -7.6114 3.6216 104.7632 2.3850 -11.2072 2.1375 -7.1751 5.8202 10.0436 2.2090
1840 32.0862 2.4961 -9.8372 0.5786 136.8584 2.6043 2.2167 4.0590 104.6887 2.6576 -8.3229 3.3069 103.8639 2.3495 -11.4056 2.1318 -7.5477 6.0189 8.0585 1.7531
1841 35.4118 2.5526 -9.4165 1.4608 136.0551 2.5418 0.3005 4.5188 107.7672 2.5722 -8.4134 2.9672 102.8014 2.4198 -11.1787 3.0995 -8.1571 6.1356 5.6084 1.2084
1842 38.8864 2.4487 -8.9199 2.4471 135.6427 2.5205 -1.3679 4.7416 110.6436 2.6549 -8.2387 2.2433 101.7176 2.5175 -10.5611 3.6630 -8.4773 5.8316 2.6122 0.7186
1843 41.7243 2.4866 -8.4718 3.1750 135.3513 2.4299 -2.5799 5.0333 113.2732 2.4902 -8.0463 1.2110 101.0816 2.5930 -9.4376 3.7696 -8.6654 5.4160 0.1412 -0.0013
1844 43.2690 2.4326 -7.9541 3.8175 135.0599 2.4873 -3.1727 5.0369 115.2607 2.5700 -7.8467 0.0702 100.3476 2.4811 -7.7855 3.7191 -8.3402 5.5318 -1.6931 -0.2893
1845 44.3109 2.4260 -7.2235 3.9258 134.8763 2.5211 -2.7225 5.2367 116.4697 2.4257 -7.7399 -0.4116 99.5893 2.4028 -6.8544 4.1035 -8.0298 5.6316 -3.0403 -0.4866
1846 45.2591 2.5126 -6.3774 3.6361 135.0114 2.5424 -1.4973 5.1438 117.1970 2.4941 -7.6606 -0.7315 98.5298 2.4119 -6.5378 4.0303 -8.1032 5.8874 -3.7984 -0.2683
1847 45.9210 2.5750 -5.6027 3.1921 134.5465 2.5486 0.6424 4.7918 116.9325 2.4342 -7.8736 -0.4081 97.0556 2.3545 -6.3479 3.3401 -8.6012 5.6598 -3.8512 -0.4822
1848 46.3405 2.5005 -4.7202 2.4719 133.5555 2.6029 2.6780 4.2414 115.9414 2.4983 -8.1550 0.4396 94.3252 2.4017 -5.9920 2.8093 -9.0815 4.6638 -2.8687 -0.2648
1849 46.9161 2.4217 -4.3767 1.9861 131.9535 2.6457 5.7393 3.8398 114.0627 2.4037 -8.6366 1.1379 91.3192 2.2002 -5.7162 2.4188 -9.3379 4.0171 -1.5570 -0.2764
1850 47.4202 2.4342 -4.3212 1.1529 130.6498 2.6372 8.9439 3.4072 111.8892 2.3193 -8.6628 1.8405 88.3073 2.2832 -5.4434 1.7034 -9.5052 3.5760 0.2480 0.4138
1851 47.9665 2.3997 -4.5133 0.1680 129.4334 2.6515 12.0510 2.6919 109.4097 2.3902 -8.8759 2.9372 85.9047 2.5257 -5.3076 0.7671 -9.7842 2.5553 1.8055 0.7687
1852 49.0440 2.5051 -5.0162 -0.3901 128.8134 2.4558 15.5407 2.4458 107.3061 2.5137 -9.0438 3.8080 83.8768 2.4830 -5.1362 0.2443 -9.4490 2.0478 2.9619 1.3557
1853 50.6321 2.4444 -5.7440 -0.7160 128.6275 2.5333 19.0742 2.3702 105.5125 2.6054 -9.4841 4.5876 82.6293 2.5102 -4.9586 0.2611 -9.7065 1.6790 3.5710 1.9287
1854 53.1347 2.2290 -6.0419 -0.7619 129.8140 2.4708 22.5976 2.4087 104.3846 2.5805 -9.8136 5.4867 81.4058 2.5667 -4.9266 0.3284 -10.1951 1.3294 3.7507 2.7830
1855 56.4422 2.3105 -6.2840 -0.8293 131.4811 2.4700 25.8725 2.2719 103.9168 2.4776 -9.7359 5.6932 80.6563 2.5053 -5.0554 0.5064 -10.8659 1.2292 3.1763 3.4663
1856 60.0417 2.5718 -6.0226 -0.3250 133.5298 2.4475 29.3461 2.4681 103.8207 2.4640 -9.6392 5.4909 79.7348 2.4886 -4.6590 0.9300 -11.1249 1.5210 2.7917 3.8904
1857 63.5658 2.5739 -4.9337 -0.0477 136.5067 2.4041 32.7103 2.4025 103.8196 2.5719 -9.6494 4.9752 78.8334 2.5049 -3.9006 1.2615 -11.1197 1.6563 1.6096 4.1173
1858 66.4997 2.4969 -3.8433 0.0885 140.1135 2.3868 36.3153 2.5566 104.2350 2.4716 -9.9496 4.6941 78.1452 2.4409 -3.3583 1.4798 -11.0314 1.4514 0.3671 4.1708
1859 68.9065 2.5204 -2.9094 0.4813 143.7673 2.6989 40.0877 2.5140 104.7646 2.5800 -10.0956 4.2023 77.2975 2.4788 -2.8484 1.5273 -11.1765 1.1125 -0.6268 4.1751
1860 70.1933 2.5390 -1.9878 0.8154 147.5281 2.7602 43.7014 2.4806 105.7822 2.4895 -10.4731 4.1877 76.2655 2.4039 -2.8443 1.7333 -11.2306 1.2270 -1.3363 4.3095
1861 71.1968 2.5394 -1.5217 1.7334 150.8763 2.7132 47.0081 2.4713 106.6702 2.4720 -10.7023 3.8953 74.9234 2.4823 -3.0293 1.1667 -11.3996 1.3369 -0.8598 4.4156
1862 71.3815 2.4527 -1.2965 2.2144 153.9516 2.6617 50.8052 2.4526 107.7689 2.5042 -10.5652 3.4858 72.6908 2.5033 -2.7749 1.0942 -11.3006 1.2959 0.3201 4.5694
1863 70.4832 2.4814 -1.1474 2.3446 156.5657 2.2808 54.2223 2.3902 108.7609 2.3470 -9.6480 3.3833 70.4471 2.4260 -2.7514 1.1933 -10.7898 0.9576 2.3307 4.6061
1864 68.8946 2.4883 -1.2045 2.2022 159.2273 1.7048 57.5468 2.4750 110.0326 2.4988 -8.7368 2.9380 68.2995 2.3854 -2.6613 2.0201 -9.8410 0.5978 4.7369 4.1938
1865 66.5301 2.4133 -1.1750 1.9185 161.5866 1.2840 61.2839 2.4513 111.0400 2.4235 -8.1590 2.3687 66.4732 2.4492 -2.7459 3.1893 -8.8546 0.2356 8.0426 3.5802
1866 63.3660 2.2634 -2.0150 1.5303 164.0958 0.8105 64.5672 2.5926 112.8035 2.5170 -7.8872 1.9760 65.4366 2.5228 -3.5632 4.2901 -8.0910 0.4759 11.3698 2.9683
1867 59.7855 2.3158 -2.9833 0.9370 166.1495 0.7403 68.0100 2.5616 114.9437 2.5087 -7.7416 1.7350 65.5592 2.5113 -4.6486 4.8173 -7.2141 0.8032 14.9773 2.6037
1868 56.2552 2.4885 -3.8633 0.8114 167.8501 0.6940 71.2876 2.5919 117.2303 2.5841 -7.6107 2.0160 66.5228 2.6114 -6.4211 4.8556 -6.4019 1.3848 18.4088 2.5328
1869 53.1830 2.5320 -4.4709 0.5179 168.7554 0.3443 74.1933 2.5372 119.1727 2.6189 -7.8543 1.9272 68.1220 2.5813 -7.6189 4.9028 -5.6543 1.7354 21.6918 2.4833
1870 51.5743 2.4588 -4.5870 0.4384 169.2892 -0.0983 76.0280 2.5078 120.4019 2.5701 -7.8052 1.8448 70.1739 2.6643 -8.3317 5.3165 -4.9040 1.7748 25.1307 2.5325
1871 50.3927 2.6108 -4.0266 0.0703 169.3429 -0.5809 77.3534 2.4927 121.1796 2.5814 -7.5824 1.5856 73.0850 2.6228 -9.1322 5.5952 -4.2593 1.7517 28.4665 2.5851
1872 50.0001 2.4999 -2.7412 0.0529 169.6867 -0.6497 77.7580 2.5441 121.3425 2.5593 -7.5404 1.3320 76.7965 2.4108 -9.5799 5.2429 -4.1172 1.8983 32.1504 2.6779
1873 50.2362 2.6086 -1.2699 0.0530 170.1010 -0.6327 77.4278 2.3944 120.2478 2.6648 -7.6843 0.9374 80.3739 2.4277 -10.0100 5.2673 -4.1555 2.1242 35.8336 2.6138
1874 51.0723 2.6059 -0.2106 0.2998 170.0758 -0.2880 76.1806 2.4176 118.2975 2.7794 -7.9884 0.6759 84.0645 2.4724 -10.4687 5.1394 -3.9211 1.9543 39.6620 2.7114
1875 52.9499 2.5900 0.6372 0.7253 170.0197 0.5162 74.5238 2.4609 115.7338 2.6283 -8.4325 0.4868 87.4946 2.5866 -10.9500 5.0617 -3.4762 1.8177 43.2296 2.5805
1876 55.5805 2.5835 1.3931 1.1624 169.8864 0.8592 72.1526 2.4290 112.4972 2.7691 -8.2968 0.6353 91.0192 2.4765 -10.7709 4.5591 -2.7065 1.4416 45.9430 2.6661
1877 59.0221 2.5643 1.6501 1.5272 169.8913 1.1867 70.0503 2.3909 109.0886 2.6238 -7.9398 0.7397 94.5716 2.5649 -10.9006 3.9928 -1.8088 1.1281 48.0162 2.5587
1878 62.2330 2.5143 1.3478 1.4034 169.8536 1.5113 68.0098 2.4441 106.1830 2.6777 -7.1540 0.3346 97.5620 2.6763 -10.4644 4.1221 -0.7757 0.7918 49.3165 2.6262
1879 64.7540 2.4826 0.6854 0.7074 169.9552 2.0282 66.6320 2.4629 104.1976 2.5728 -6.7730 0.1244 99.8373 2.5566 -10.3403 3.9388 0.7549 0.7621 49.8878 2.5332
1880 66.3894 2.5398 -0.6291 0.3168 170.1703 2.2013 66.0177 2.4843 102.9879 2.4795 -6.4546 -0.5070 101.5324 2.4984 -10.3508 3.9868 3.0987 0.8855 49.6053 2.4529
1881 67.1192 2.4762 -2.1484 0.2743 170.3669 2.2769 66.1034 2.4360 102.5013 2.5422 -6.0720 -0.5762 102.2694 2.4172 -10.2676 3.9400 5.4047 1.2789 48.3956 2.5716
1882 67.1173 2.4657 -4.4102 0.6220 169.9393 2.5783 67.3063 2.3207 103.0431 2.5219 -5.6432 -0.6543 102.4665 2.4629 -9.7913 3.9130 7.6958 1.9270 46.5679 2.3701
1883 66.3112 2.6315 -6.1177 1.3642 169.0151 2.8208 69.0481 2.3726 103.9108 2.5609 -4.4125 -0.6742 102.0280 2.5043 -9.6207 4.1841 9.5230 2.1960 44.5155 2.3884
1884 65.3326 2.6700 -7.7725 1.9610 167.7262 3.2155 71.3415 2.4252 105.4718 2.6579 -2.2922 -0.0684 100.6444 2.4384 -9.5225 4.1351 10.7268 2.4280 41.3270 2.3625
1885 63.1125 2.6336 -8.6115 2.5295 166.1922 2.9393 74.8516 2.4092 107.9376 2.6158 -0.0172 0.5475 98.6318 2.4687 -9.4898 4.0206 11.5259 2.4761 37.4804 2.2677
1886 60.3017 2.6077 -9.6774 3.0313 164.0323 2.4200 78.5117 2.3382 111.0238 2.5860 2.0308 1.2405 96.0947 2.6585 -9.3493 3.9449 11.5956 2.4735 33.8203 2.5015
1887 57.0302 2.6349 -10.3488 3.5468 162.0571 1.8602 81.8775 2.4581 114.8509 2.7616 4.4165 1.8822 92.6980 2.5496 -9.4847 3.6985 10.8813 2.4814 30.1295 2.4812
1888 54.4314 2.5470 -10.7094 3.6848 159.4248 1.5224 85.2012 2.5880 118.5084 2.6552 7.8541 2.1892 89.2038 2.6284 -9.5411 3.1354 9.5473 2.6077 26.6057 2.3804
1889 52.2860 2.5348 -10.7305 4.3066 156.7935 1.8835 88.5540 2.5976 122.2536 2.4602 11.0804 2.2194 86.0369 2.7162 -9.3936 2.7678 7.7778 3.1309 23.4541 2.3918
1890 50.9247 2.4820 -10.3306 5.0423 153.7534 2.1504 91.2541 2.4628 125.9973 2.4517 14.7493 2.4661 82.2930 2.5305 -9.7970 2.5471 5.2389 3.7134 20.6243 2.5893
1891 50.6037 2.4872 -9.7778 5.5062 150.7613 2.5318 93.2637 2.4612 129.3105 2.3063 18.3339 2.6748 78.4362 2.4725 -9.5626 2.4551 2.2315 4.3140 18.6664 2.5422
1892 50.6703 2.6523 -9.8610 5.8875 147.8682 2.5945 94.6478 2.4555 132.2282 2.2613 21.8555 2.5515 74.8609 2.5345 -9.0441 1.8219 -0.5439 4.4778 17.5252 2.5131
1893 51.8742 2.5900 -10.2184 5.7285 144.3296 2.5159 95.2130 2.4839 134.3835 2.2778 25.2605 2.4576 71.0822 2.3780 -8.1481 1.4772 -3.4710 4.3804 17.1715 2.5304
1894 53.6439 2.6963 -10.4683 5.2682 140.8078 2.4987 95.1705 2.6389 135.8800 2.4859 28.3208 2.3496 67.4821 2.3268 -7.3373 1.1746 -5.6244 4.0382 17.9284 2.4238
1895 56.0572 2.6026 -10.0697 5.0592 137.1494 2.5186 94.6026 2.5010 137.1052 2.5468 30.4975 2.4664 63.9643 2.3880 -6.6282 0.7760 -7.2689 3.4550 19.0365 2.4599
1896 58.8645 2.5648 -9.4333 5.2418 133.7091 2.4008 93.8008 2.5696 137.2977 2.4675 31.5943 2.6243 60.7618 2.5427 -5.5936 0.6155 -8.0747 2.9727 20.8048 2.5241
1897 62.0624 2.5700 -8.5497 5.5917 130.0480 2.4348 92.8709 2.6309 136.4803 2.5422 32.3800 2.4698 58.2601 2.5044 -4.8728 0.8707 -8.1820 2.4509 22.6931 2.4181
1898 64.5201 2.5315 -7.6487 5.9013 126.4372 2.4712 91.7918 2.6271 135.8402 2.5815 32.1540 2.5321 56.1528 2.5838 -4.3032 1.0982 -8.0076 1.6582 24.5668 2.4588
1899 66.3534 2.5961 -6.9755 5.9275 123.5051 2.3580 91.0531 2.5306 134.7962 2.5816 31.3336 2.6338 54.0794 2.5857 -3.7373 1.5854 -7.3855 1.2382 25.7296 2.3774
1900 67.4161 2.5003 -6.6431 5.6843 121.0481 2.5570 91.3578 2.4257 133.8058 2.6397 29.6168 2.5640 51.8803 2.5634 -3.0563 1.7117 -5.9622 0.7675 26.0598 2.5025
1901 67.4934 2.5106 -6.6571 5.2503 119.2057 2.4442 92.0330 2.5410 132.7065 2.5639 27.4973 2.5365 49.7805 2.3954 -2.1165 1.3169 -3.9875 0.5493 25.6212 2.5507
1902 66.7670 2.3775 -6.6536 4.7820 117.5214 2.4787 93.6452 2.4387 132.2608 2.4994 25.5709 2.5652 47.5689 2.4015 -1.0941 1.2590 -1.0205 0.7246 24.7823 2.5798
1903 65.4294 2.3873 -6.2854 3.9333 115.5780 2.4596 95.3380 2.3732 132.5185 2.4543 23.6518 2.4959 45.6347 2.6539 0.5786 1.1319 1.7662 0.8974 23.0253 2.5537
1904 64.0986 2.3712 -5.7963 3.2567 113.7134 2.6147 96.7280 2.4205 133.5476 2.5124 22.1066 2.4602 43.9750 2.4764 2.9799 1.0928 4.8218 1.0874 20.5343 2.4164
1905 62.5221 2.3441 -5.2108 2.4607 111.7643 2.5034 97.5628 2.5033 135.2077 2.4866 21.5246 2.4866 42.5845 2.4432 5.5170 1.7224 8.0736 1.6184 17.9719 2.5006
1906 60.9015 2.4042 -4.8038 2.2830 109.9561 2.4941 98.0269 2.5417 137.7611 2.4346 21.7455 2.4750 41.9752 2.5061 8.1526 1.9851 11.8248 2.1953 15.3240 2.5712
1907 59.9021 2.5368 -4.5662 2.0553 108.0201 2.5273 97.7509 2.4854 140.9415 2.6456 22.8003 2.5531 41.5060 2.5724 11.4274 2.0835 15.6228 2.6189 13.5885 2.5980
1908 59.7525 2.4442 -4.6661 2.5796 106.4956 2.5423 96.7607 2.4478 144.3813 2.4953 24.3022 2.5862 41.7426 2.5767 14.8933 2.3331 19.2810 2.5507 12.3458 2.5624
1909 60.3034 2.4293 -4.9616 3.0282 104.4473 2.5859 94.8755 2.3408 147.9404 2.4823 26.7764 2.4719 42.5151 2.4331 17.9316 2.5123 22.2564 2.4372 11.7557 2.4969
1910 61.0862 2.3977 -4.9655 3.0604 102.0970 2.6057 92.4501 2.4585 151.4108 2.3939 30.1325 2.5370 44.2445 2.4613 20.4917 2.5009 24.6030 2.3896 11.7785 2.6139
1911 61.9154 2.4631 -5.5065 3.3470 99.6233 2.6150 89.0700 2.4800 154.2957 2.4153 33.0551 2.3926 46.6674 2.5786 22.5917 2.5753 26.2822 2.4598 12.6900 2.5684
1912 62.7593 2.4348 -5.7821 3.5963 97.5189 2.6300 85.6836 2.5660 156.3121 2.4763 35.4563 2.4281 49.5084 2.5512 24.1091 2.5415 27.3180 2.6025 14.2831 2.5996
1913 63.6541 2.5088 -6.3367 3.4618 96.3341 2.5402 82.2470 2.5106 157.8222 2.4029 36.8872 2.5289 52.8402 2.4986 24.9059 2.4525 28.1265 2.5864 16.7377 2.5556
1914 63.8768 2.4855 -7.2265 3.4431 95.9605 2.4743 79.2347 2.4780 158.3169 2.2082 37.7561 2.5085 56.0408 2.4617 24.7995 2.4824 28.6336 2.4490 18.9560 2.3479
1915 63.5080 2.3731 -7.9981 3.1491 96.3512 2.5803 76.7113 2.5682 158.0488 2.2168 37.8343 2.5340 59.5578 2.4746 23.5789 2.5356 29.4271 2.4371 21.0407 2.5037
1916 62.2872 2.3995 -8.4509 2.7659 97.4542 2.5994 74.8036 2.4199 157.2457 2.0059 37.4280 2.5002 62.8174 2.4197 22.0905 2.6588 29.8161 2.5105 22.7662 2.5926
1917 60.5352 2.4289 -8.4178 2.1847 99.2190 2.4467 73.6658 2.4665 155.9859 1.9767 36.4370 2.6101 66.3568 2.4776 19.6887 2.5348 30.4794 2.4515 23.5305 2.5237
1918 58.2389 2.4644 -8.4990 1.7136 101.6835 2.5482 73.5952 2.5044 154.8002 1.8796 34.4511 2.6074 69.7167 2.5212 16.4169 2.6133 30.9246 2.5136 23.5309 2.4633
1919 55.9029 2.5518 -7.9217 1.8392 105.2789 2.5555 74.2093 2.5379 153.6837 2.0453 31.4442 2.5736 72.6833 2.4551 12.9795 2.3292 32.2602 2.5827 22.7825 2.4756
1920 53.7678 2.5269 -7.2370 1.9862 108.9664 2.4129 75.5510 2.4874 152.9346 2.4096 27.7780 2.4876 75.1746 2.4959 9.5372 1.6581 33.9217 2.4748 20.9468 2.4422
1921 52.4303 2.5164 -6.9783 2.2141 112.8717 2.4856 77.5067 2.5289 152.7440 2.7291 24.1688 2.5186 77.0277 2.4284 6.3593 0.9918 35.6567 2.5938 18.4742 2.3638
1922 51.8330 2.5281 -7.0694 2.5513 116.3054 2.5032 80.3368 2.5338 153.5975 3.2387 21.3602 2.4349 78.3472 2.5783 3.7274 0.7800 37.5693 2.5661 16.1090 2.3503
1923 51.4856 2.5038 -7.5398 2.9361 119.5879 2.6671 83.8895 2.4639 154.6292 3.8396 18.9683 2.5203 79.6253 2.4997 1.3313 0.5855 38.8355 2.5599 13.4472 2.3419
1924 50.7598 2.5271 -8.2346 3.6668 122.6470 2.6087 87.6156 2.4119 156.8766 4.2803 17.5754 2.6746 80.5730 2.4476 -0.8996 0.0028 39.5715 2.4954 11.4947 2.5051
1925 50.0781 2.5378 -8.7426 4.5374 124.7588 2.6495 91.3253 2.5111 159.3521 4.8272 16.6615 2.5419 81.2564 2.5074 -2.2673 -0.0576 39.8609 2.5173 10.5101 2.4626
1926 49.5818 2.6067 -9.3026 4.7970 126.1987 2.5638 94.9452 2.4577 162.1482 4.8347 16.5897 2.4593 82.3976 2.4550 -3.3207 0.1131 39.0584 2.6164 10.2142 2.5337
1927 48.9598 2.6540 -9.1486 5.2985 127.0592 2.5154 98.1633 2.5908 164.3372 4.8454 17.1490 2.3931 83.1918 2.5362 -3.3445 0.0316 37.5504 2.5446 10.8080 2.5110
1928 48.4570 2.6429 -9.4608 5.4359 127.0404 2.4753 100.6693 2.7013 165.6100 4.9052 17.3932 2.4904 83.5950 2.4124 -2.7122 0.3625 35.0935 2.5278 12.1734 2.4208
1929 46.6997 2.5508 -9.1040 5.3834 126.3883 2.6089 102.3103 2.5369 166.4452 4.9632 18.3693 2.4349 83.8655 2.4718 -1.3606 0.5948 32.0468 2.3917 14.0816 2.4243
1930 44.4340 2.5249 -8.4100 4.9241 125.2873 2.6422 103.2228 2.5127 166.7162 4.9904 18.6240 2.4650 84.2806 2.4296 0.6648 0.9469 28.4792 2.6015 16.7949 2.5391
1931 41.5075 2.4634 -7.3615 4.6108 124.1479 2.6985 103.6450 2.4987 167.3162 4.9846 19.1001 2.5177 85.1786 2.4307 3.0097 1.4867 24.8908 2.5369 20.1350 2.5651
1932 37.9750 2.3880 -5.7294 4.7810 122.7083 2.6408 103.2345 2.4731 167.5712 4.8000 18.8721 2.5513 86.2233 2.4325 5.1518 1.9256 21.2515 2.4096 23.4377 2.5235
1933 34.4464 2.2825 -4.0270 4.8264 121.1807 2.5391 101.9320 2.4482 167.6255 4.5414 17.7320 2.6206 87.5491 2.5089 6.7807 2.1998 17.7330 2.4438 26.4788 2.4240
1934 31.0610 2.5114 -2.2524 4.4235 120.2083 2.5103 100.1496 2.5271 167.8595 4.0663 15.9445 2.6671 89.0695 2.4974 8.1655 2.3815 14.7883 2.4142 29.0830 2.4433
1935 27.8239 2.4661 -1.5503 4.0838 120.5295 2.3910 97.3717 2.5209 167.8361 3.8583 13.2388 2.6200 90.3699 2.4788 8.9655 2.4865 12.7713 2.3462 30.6108 2.5892
1936 25.5411 2.2994 -1.1295 3.8423 121.4691 2.3248 93.9435 2.5383 167.7728 4.7856 10.3073 3.1464 91.5572 2.5120 9.4423 2.4645 11.2251 2.5393 31.6463 2.4931
1937 24.0833 2.4382 -1.4405 3.4445 123.4659 2.2886 90.5453 2.3798 167.8883 5.4696 6.8907 3.3914 92.4424 2.4844 8.6513 2.4720 10.5342 2.4297 32.1160 2.4581
1938 23.1730 2.4652 -2.0620 3.1595 125.9225 2.4694 87.9555 2.5151 167.8931 5.9840 3.7584 3.4520 92.3270 2.4333 7.5519 2.7894 10.3847 2.5546 31.3243 2.3999
1939 23.0982 2.5940 -3.0852 3.0640 129.1849 2.2946 86.0493 2.4740 167.9272 5.8962 0.8294 3.2920 93.0822 2.4485 6.4607 3.1292 11.3031 2.7227 29.9061 2.3412
1940 23.8841 2.5084 -4.7187 2.7525 132.7879 2.2087 84.8949 2.5098 167.7183 5.4797 -0.8681 3.2203 94.1548 2.5816 4.9751 3.2978 12.6923 2.5381 27.6968 2.4338
1941 25.2493 2.4876 -6.2362 2.4881 136.3663 2.5335 84.1352 2.5370 167.7581 5.2102 -2.3364 2.6275 95.3900 2.4432 3.5965 3.1256 14.6126 2.7047 24.8617 2.3658
1942 27.3798 2.5851 -7.6160 2.0645 139.8624 2.5214 83.3956 2.4885 167.5413 5.6342 -3.6275 2.0312 96.4072 2.4679 2.7562 3.2784 17.7537 2.7114 21.2976 2.4019
1943 30.2175 2.7574 -8.2002 2.0089 143.1337 2.6386 83.0349 2.4729 167.6484 5.8123 -5.1378 1.7475 97.0827 2.5347 2.4373 3.2736 21.1104 2.5454 18.1791 2.5765
1944 33.9097 2.5686 -8.7420 1.6537 145.9986 2.5338 82.1801 2.4834 167.5527 5.6428 -6.5250 1.4840 97.2036 2.4879 3.5113 3.1307 24.6889 2.6465 15.6441 2.4114
1945 37.4755 2.4794 -9.0285 1.1578 147.7728 2.4878 81.5983 2.3596 166.9972 4.6366 -7.3157 1.4390 96.8958 2.5227 4.7218 3.2885 28.0603 2.6531 13.9473 2.5745
1946 41.3661 2.5132 -9.2085 0.3508 149.5094 2.4869 80.9130 2.4377 166.4790 3.7867 -7.4250 0.4499 96.2342 2.5201 6.9812 3.3287 31.8071 2.6124 12.7706 2.5098
1947 44.9159 2.4668 -9.2291 -0.1446 150.0855 2.5778 80.0483 2.5027 166.4229 3.3388 -7.1448 -0.4281 95.8650 2.5100 9.6691 3.0813 35.2860 2.5741 12.3148 2.5518
1948 48.3951 2.7572 -9.4941 0.0948 149.7580 2.3891 78.6985 2.7083 166.5940 2.6364 -7.1292 -0.4889 96.4571 2.5003 12.9061 2.6416 38.1187 2.4024 12.7007 2.5754
1949 52.1475 2.7403 -9.2521 0.1664 149.0827 2.4095 77.5246 2.6260 166.7611 2.5741 -7.5064 -0.7802 96.9787 2.5124 16.4011 2.5631 40.2051 2.4489 13.8309 2.5280
1950 55.8685 2.5296 -9.4216 0.3786 147.5936 2.3712 76.5809 2.5483 166.6734 1.8347 -8.0799 -0.5692 97.2393 2.5006 20.1651 2.3012 41.4415 2.4649 15.7737 2.2750
1951 59.3258 2.4293 -9.4681 0.3223 145.0270 2.4094 75.8977 2.5933 166.7200 1.2639 -8.5371 0.4019 97.7505 2.5017 23.5961 2.5116 42.0100 2.4741 18.0390 2.4450
1952 62.9495 2.6981 -9.3036 0.1928 141.9516 2.3370 75.5615 2.4185 165.7692 0.5134 -9.0746 1.4382 97.7257 2.4638 25.9746 2.6486 42.1482 2.4718 20.5358 2.6832
1953 66.4885 2.6040 -9.4924 -0.2574 138.9436 2.3879 76.1237 2.4140 165.2337 0.5669 -9.2447 1.9423 97.1075 2.5204 27.9742 2.5165 41.1142 2.5886 22.5420 2.5687
1954 70.0315 2.5304 -9.6214 -0.1332 136.7307 2.3253 77.6308 2.4611 164.9120 1.4345 -9.0696 2.1308 97.0204 2.5202 29.4211 2.5358 39.3865 2.6551 23.9527 2.4499
1955 73.5584 2.5519 -9.1446 0.1323 134.9919 2.4649 79.9083 2.5016 164.7908 2.2949 -9.1262 2.5904 96.8242 2.5090 29.9504 2.5505 36.9563 2.6470 24.7470 2.4482
1956 77.1363 2.5488 -8.3151 0.6300 134.1657 2.5638 82.9221 2.4939 164.5798 2.4256 -9.2997 3.3868 96.3988 2.4961 29.8080 2.5134 34.2036 2.6062 24.8446 2.5763
1957 80.9598 2.3003 -7.5053 1.3332 133.9232 2.5056 86.5281 2.4575 163.7651 2.3587 -9.5034 3.9979 95.7422 2.4038 28.9915 2.4946 31.9232 2.5699 23.8355 2.5490
1958 84.9572 2.4184 -6.2719 1.2417 134.3378 2.4729 90.1733 2.4459 162.5223 2.6289 -10.0488 4.0576 94.5001 2.4472 27.1690 2.5569 30.1486 2.6237 21.9204 2.5572
1959 88.3670 2.2811 -5.0065 1.0087 135.9829 2.4489 93.5720 2.6786 161.0450 2.7011 -10.0251 3.7054 92.8269 2.3418 24.7654 2.5965 29.3778 2.5428 20.0147 2.6020
1960 91.1337 2.3472 -3.6625 1.3701 138.5316 2.3297 97.4775 2.5533 160.1608 3.2222 -9.9641 2.8175 90.4855 2.2839 21.8818 2.6926 29.4791 2.4676 17.6890 2.6838
1961 93.0410 2.3974 -2.1194 1.8924 141.3425 2.3694 101.2038 2.5137 159.3485 3.0954 -9.7197 2.1254 87.0792 2.3288 18.2317 2.5603 30.2219 2.6110 15.6322 2.6137
1962 94.7933 2.3775 -0.4858 2.3001 144.9922 2.4788 104.6735 2.4928 158.9818 3.1412 -9.4015 1.8481 83.6848 2.3597 14.9095 2.2212 31.4790 2.4913 14.2204 2.5436
1963 95.4275 2.4731 0.7850 2.7645 148.6584 2.1584 107.7156 2.4860 158.6991 3.0913 -9.0904 1.8804 79.7142 2.3344 11.1124 1.8129 33.0848 2.5692 13.8310 2.5698
1964 95.1835 2.4522 2.6465 3.1420 152.3679 1.9280 110.3473 2.5196 158.5643 2.7821 -8.9236 1.5037 76.1381 2.3499 7.7662 1.5094 35.5981 2.5207 13.7071 2.4487
1965 94.1862 2.3729 4.7436 3.2133 156.0742 1.3232 112.0935 2.5572 158.4240 2.8664 -8.8465 0.5980 72.5232 2.3917 4.2906 0.9323 38.2663 2.5418 14.7869 2.4650
1966 92.4945 2.4503 7.6778 2.7672 159.2963 0.9956 113.0057 2.5547 158.1374 2.8277 -8.9090 -0.1323 68.9638 2.4816 1.1444 0.5192 40.2595 2.5240 16.2709 2.5241
1967 89.9915 2.4050 10.1919 2.4571 162.0248 0.6640 113.2944 2.5774 157.8114 2.8893 -8.7885 -0.6891 65.4256 2.5824 -1.3047 0.3012 41.4191 2.6336 18.7009 2.4868
1968 86.7811 2.4041 12.5971 2.5819 164.4633 0.7161 112.7538 2.5181 157.6718 2.8710 -8.4339 -0.5404 61.4007 2.3709 -3.6010 0.3877 42.3543 2.5290 21.7754 2.4185
1969 83.2533 2.3494 14.0307 2.6191 167.0248 1.0539 112.2161 2.5715 157.1184 2.7915 -7.5195 -0.0495 57.8384 2.5758 -5.8744 0.9403 42.2079 2.5554 24.9310 2.3938
1970 79.7436 2.2068 14.8813 2.5050 168.8297 1.5842 111.6004 2.5251 155.7010 2.4574 -6.4509 0.4858 54.4414 2.4500 -7.9518 1.0347 41.6157 2.5459 27.2594 2.5566
1971 75.9357 2.2574 15.1359 2.4431 169.8809 2.1973 110.7482 2.6202 154.4131 2.5132 -5.4593 0.6528 51.6459 2.6395 -9.3816 0.4438 40.9761 2.5481 28.6931 2.6621
1972 72.3298 2.4077 14.4108 2.6320 170.4801 2.7220 110.0415 2.4427 152.5809 2.6086 -4.7083 0.5586 49.5924 2.6011 -10.0608 0.1456 39.8052 2.5985 29.6777 2.6320
1973 68.8350 2.3683 12.6657 2.4192 170.8067 3.2669 109.6286 2.4654 151.0524 2.4295 -4.1272 0.0700 47.5524 2.5222 -9.7445 -0.1458 38.8213 2.5784 30.5390 2.5868
1974 65.2410 2.4216 10.6061 2.6561 171.1751 3.9135 109.9734 2.4534 149.7933 2.5140 -3.4018 -0.0175 46.0520 2.4524 -9.3907 -0.2282 38.3395 2.5564 30.9663 2.4215
1975 61.5936 2.5116 8.2674 2.9276 171.3155 4.3544 111.1005 2.4526 149.2960 2.5327 -3.5347 -0.2094 44.2070 2.4371 -9.0625 0.0100 38.4864 2.5149 31.4078 2.4342
1976 58.1253 2.5001 5.5768 3.1370 171.0717 5.1665 113.0638 2.4707 149.3566 2.5598 -4.1391 -0.0014 42.6019 2.4642 -8.6999 0.3212 39.4813 2.4235 31.2298 2.3782
1977 54.8237 2.4298 2.9237 3.6184 170.3819 5.8720 115.5293 2.4161 150.3004 2.5897 -5.1578 0.0022 41.0777 2.4806 -8.3266 0.1489 41.0320 2.3863 30.3588 2.4599
1978 51.1836 2.6146 0.3344 4.3315 169.7931 6.2433 118.9604 2.2656 152.2548 2.8851 -6.3666 0.2931 39.6233 2.4437 -8.0767 -0.1620 43.4134 2.4400 29.1915 2.4571
1979 47.4747 2.3065 -1.6628 4.3809 169.5641 6.6877 122.4772 2.3010 154.8987 3.2428 -7.9755 0.8652 38.0985 2.4998 -7.7209 0.0264 46.6878 2.5302 28.8321 2.5826
1980 43.7668 2.2756 -3.4938 4.3965 169.5317 6.5881 125.8350 2.4139 157.8849 3.7930 -9.0514 1.2589 36.6890 2.5424 -7.3283 0.9087 50.3805 2.5412 28.9980 2.5839
1981 39.8722 2.3043 -5.0083 4.3406 169.6050 6.0964 128.4540 2.3148 161.4140 3.8741 -9.5832 1.8476 35.4359 2.5710 -6.8599 1.9721 53.6189 2.4888 29.6974 2.5927
1982 36.3618 2.4393 -6.1387 3.9411 169.6490 5.4965 130.5440 2.5403 164.5402 3.5008 -9.6431 2.2388 33.8488 2.4431 -6.5481 2.7906 56.2439 2.4935 31.5489 2.5230
1983 33.0168 2.7168 -6.8299 3.2876 169.4928 5.5945 131.9749 2.5010 166.5866 2.8379 -9.1532 2.9597 32.6480 2.5576 -6.6869 3.8253 58.4339 2.6282 33.0608 2.5163
1984 29.3485 2.6123 -7.7375 2.9842 168.9134 5.9953 132.5945 2.5167 167.8925 2.3428 -8.3728 3.6049 32.3063 2.4779 -6.7739 4.3665 59.4756 2.6042 35.0975 2.5051
1985 26.1353 2.5529 -8.6088 2.3544 168.3595 6.2137 132.4287 2.4653 168.5332 1.8701 -7.7747 4.3807 32.8398 2.4218 -6.9723 5.3778 60.3456 2.4922 37.1641 2.5203
1986 22.6515 2.5280 -9.4415 1.6617 167.9387 6.1555 131.7675 2.4778 168.9523 1.4309 -7.2967 5.3174 34.0455 2.4733 -7.4907 5.9531 60.2318 2.5121 39.5500 2.3831
1987 19.1153 2.4495 -9.6151 0.4921 167.6338 6.0654 130.1020 2.3513 168.9909 0.7551 -6.8454 5.8761 36.1130 2.5548 -7.1031 6.3058 59.6101 2.5504 42.6437 2.5321
1988 15.5722 2.4859 -9.1607 -0.3093 167.3736 5.1975 127.8155 2.3149 169.0683 0.1310 -6.5041 6.1375 38.5458 2.6275 -6.5319 6.4937 58.1220 2.5724 45.1633 2.6903
1989 11.9526 2.2696 -8.8323 -0.7567 167.1449 4.1324 124.9427 2.1751 169.1742 -0.4547 -6.4711 6.0129 41.6077 2.5843 -5.6648 6.0130 55.5119 2.7584 46.9063 2.4683
1990 8.8614 2.7030 -8.8010 -1.0034 166.4279 3.2319 122.1637 2.2721 169.2339 -0.6578 -7.0054 5.5627 44.1172 2.5703 -5.1160 5.4760 52.2981 2.7906 48.3165 2.4784
1991 5.8695 2.9555 -8.4578 -0.7891 165.3343 3.0104 119.6691 2.4229 168.7367 -0.5992 -7.6149 5.1175 46.1370 2.4508 -4.5414 5.0272 48.7709 2.6664 48.7767 2.4383
1992 3.6713 3.1613 -7.6598 -0.0877 163.6590 2.6204 118.3161 2.4700 168.0741 -0.4197 -8.3077 4.6179 47.4300 2.4949 -3.9799 4.8123 45.6534 2.4309 48.1499 2.5107
1993 1.4768 3.3009 -6.5499 0.3546 161.7969 2.2973 117.5435 2.3845 167.6142 0.0674 -8.9059 4.0436 47.8627 2.5470 -2.8983 4.6320 43.3123 2.4209 47.1541 2.5276
1994 -0.7187 3.4001 -5.8045 1.1313 159.6190 1.7663 117.7661 2.4938 167.0352 0.3502 -9.3193 3.6749 47.3525 2.5118 -1.9483 4.6225 41.4110 2.4794 45.5001 2.6631
1995 -2.4690 3.3554 -5.0692 1.3731 157.8022 1.5558 118.4118 2.6210 166.0181 0.3342 -9.9215 3.4671 46.0468 2.5519 -1.3791 4.6141 40.4075 2.4911 43.2549 2.7715
1996 -3.5592 3.6826 -4.6811 2.1704 155.5125 1.4410 119.8680 2.5627 164.3592 0.9941 -10.2730 2.9754 44.3883 2.5988 -0.8889 4.4554 40.1177 2.4538 41.2823 2.5507
1997 -4.6532 3.9682 -4.4058 2.8239 152.8277 1.8637 121.4740 2.3683 162.2079 1.2932 -10.1982 2.1619 42.0563 2.5126 -0.5476 4.3336 40.7238 2.3928 39.7813 2.5472
1998 -5.2872 4.7329 -4.1047 3.3756 149.6657 2.2559 123.0520 2.3746 159.9057 2.2836 -9.7444 1.4660 38.7653 2.5644 -0.5722 4.3199 42.0618 2.2483 39.0251 2.4931
1999 -5.8725 5.1974 -3.8288 4.0865 146.1850 2.4086 124.6637 2.5760 156.7705 2.6123 -9.2058 1.0929 36.2665 2.5240 -1.0902 4.6684 44.2795 2.4657 38.9251 2.4919
2000 -6.3302 5.1894 -4.0501 4.6229 142.7100 2.6142 125.7080 2.4667 154.0534 2.6586 -9.1864 0.9369 34.2282 2.5248 -2.1478 5.0906 47.1849 2.6168 39.5727 2.3870
2001 -7.1253 5.1192 -4.2700 4.9449 139.6071 2.5455 125.9328 2.4786 151.8401 2.8553 -9.6735 1.5459 33.2837 2.4748 -2.9485 5.5856 50.9092 2.5577 40.6743 2.3394
2002 -7.7924 4.9054 -4.1736 4.8244 137.2519 2.4003 125.5581 2.3990 150.3473 2.6146 -9.7941 2.6181 33.0541 2.4731 -4.1630 5.9566 54.5586 2.5540 42.1326 2.3689
2003 -8.3709 4.8309 -3.4901 4.7156 135.4342 2.4401 124.5936 2.3063 149.6711 2.5121 -10.0971 3.0965 33.8795 2.3752 -5.3363 5.9262 57.7807 2.4704 43.3652 2.2732
2004 -8.5554 4.3686 -2.7916 4.5858 134.6919 2.5065 122.7429 2.4284 150.0226 2.4742 -10.0015 3.3336 35.4513 2.4240 -5.4943 5.7970 60.3478 2.3098 44.4395 2.3103
2005 -8.6762 3.6457 -2.2806 3.8041 134.4130 2.4480 119.9498 2.4593 150.4391 2.4518 -9.2075 3.6210 37.2594 2.4293 -5.1985 5.7024 62.0712 2.4308 45.6971 2.4642
2006 -9.2351 2.8677 -2.0837 3.2067 134.6396 2.4607 116.5459 2.4508 151.9400 2.7054 -8.3510 3.8317 40.1722 2.4891 -4.2314 5.0780 62.9441 2.4967 46.2522 2.4601
2007 -9.4614 2.0548 -2.2346 2.6886 134.8050 2.4990 113.0347 2.5834 154.0910 3.2877 -7.7351 3.8553 43.2803 2.6056 -2.6727 4.6722 62.9267 2.4130 46.2404 2.5981
2008 -9.8383 1.3701 -2.1437 2.5857 135.2036 2.4616 110.6142 2.6030 156.8736 3.9801 -7.0495 3.6496 46.7355 2.6427 -0.1703 4.4793 62.2893 2.4612 45.1554 2.5811
2009 -9.6905 1.1411 -1.4275 2.5698 135.8158 2.4837 108.6312 2.3529 159.7430 4.4721 -6.2645 3.5456 50.0470 2.3953 2.3297 3.9877 61.1888 2.4949 43.4868 2.6233
2010 -9.1621 0.9844 -0.6545 2.4246 136.4947 2.5215 107.4302 2.4713 162.5560 4.7160 -5.8571 2.9929 53.6213 2.5303 4.7331 3.5193 58.9814 2.3978 41.1651 2.6820
2011 -9.3426 0.5800 -0.2168 2.1914 136.5645 2.5634 106.9549 2.5862 165.4250 4.4851 -5.0368 2.4101 56.8236 2.4650 6.6009 3.1646 56.2091 2.4720 38.3944 2.6793
2012 -9.7876 0.2903 0.7119 2.3657 135.7463 2.5602 107.0259 2.4488 167.3569 4.9171 -4.3881 1.8383 60.2767 2.3936 7.7922 2.6892 52.9383 2.4695 35.8162 2.5629
2013 -9.6915 0.0208 2.0192 2.5374 134.3128 2.5963 108.2218 2.2686 168.8215 5.2590 -3.7826 1.3023 63.0881 2.3745 8.2425 2.5185 49.3555 2.6101 33.1574 2.4936
2014 -9.5846 0.4551 3.9341 2.7167 131.9477 2.5913 110.1050 2.3873 169.1982 5.5497 -4.1162 1.0810 66.4506 2.5223 8.5887 2.4874 45.4673 2.5300 30.5936 2.4972
2015 -8.9662 1.1860 6.2994 2.7880 129.3636 2.6960 112.6719 2.3708 169.2840 5.7133 -4.7535 1.2196 69.7688 2.5534 8.0586 2.5590 42.1807 2.4298 28.5152 2.5518
2016 -7.8919 1.7980 9.2222 2.7434 127.1259 2.7430 116.4268 2.3291 169.3387 5.3667 -5.6555 1.6280 72.9011 2.6250 7.5899 2.5167 39.5961 2.4335 26.6731 2.5158
2017 -6.9403 2.4607 12.1711 2.8095 125.4073 2.4914 119.8894 2.5386 169.3955 4.8853 -6.8395 2.5855 75.4360 2.4667 7.2790 2.5139 38.0267 2.6117 25.3207 2.6146
2018 -6.4520 2.8595 15.6406 2.5659 123.6634 2.5206 123.4986 2.4494 169.4469 4.4360 -7.5096 3.8230 77.2735 2.4295 6.8730 2.4844 37.0155 2.5538 24.0319 2.4313
2019 -6.5913 3.4713 18.7683 2.3786 121.8587 2.3468 127.0603 2.3886 169.2876 3.7232 -7.7452 4.1709 78.1501 2.4853 6.6196 2.3616 36.9454 2.4063 23.0904 2.4192
2020 -7.1834 3.3857 21.5254 2.4992 120.1947 2.4805 130.6024 2.4149 168.5438 3.3104 -8.2619 3.9896 78.8547 2.6629 6.9403 2.3220 37.7537 2.4204 22.2502 2.5427
2021 -7.6832 3.7600 23.6103 2.6351 118.6841 2.4775 134.2198 2.3745 167.6527 2.4677 -8.4174 3.7680 79.3494 2.5564 8.1298 2.3714 39.0974 2.3648 21.3548 2.5143
2022 -7.9111 4.2704 24.7600 2.4764 117.9142 2.5080 137.5807 2.3299 166.7983 2.2448 -8.6712 3.4547 79.5874 2.4808 10.2786 2.4122 41.1181 2.2997 20.5097 2.4730
2023 -7.8129 5.3605 25.4243 2.5611 117.2126 2.4717 140.9193 2.4653 165.9548 1.6794 -8.9834 2.6937 79.7263 2.4955 13.0646 2.3251 43.8464 2.3706 20.2778 2.4928
2024 -8.0270 6.0158 25.2737 2.5397 117.0367 2.5943 144.2634 2.5609 165.6240 1.1330 -8.9115 2.0230 79.9048 2.5151 15.9251 2.3558 47.3279 2.3853 20.4123 2.5632
2025 -7.9376 6.0880 24.6859 2.5534 116.8430 2.4560 147.5694 2.6569 165.4145 0.4810 -7.9290 1.7692 80.2852 2.5461 18.2848 2.3463 50.6798 2.5480 20.2405 2.4782
2026 -7.9366 5.6537 24.2956 2.5264 116.4057 2.4778 150.8447 3.1106 165.4652 -0.0371 -6.7642 1.0906 80.4403 2.4146 20.0029 2.3746 53.1244 2.4753 19.8367 2.4442
2027 -8.0111 5.2701 23.8479 2.5286 115.7449 2.5237 154.1261 3.6879 165.5059 -0.2102 -4.6945 0.7824 81.0097 2.4780 20.9353 2.3951 55.0768 2.5970 18.7541 2.4845
2028 -8.1928 4.8877 23.6251 2.5223 115.2474 2.4914 157.2843 4.1815 165.6886 -0.0839 -2.3961 0.7832 81.6330 2.4882 20.9257 2.4567 56.2176 2.6493 17.1701 2.4696
2029 -8.0960 4.1955 23.3776 2.5025 114.4723 2.4400 159.7367 4.4278 166.4308 0.1352 0.3753 0.7479 81.7164 2.4810 20.5476 2.3394 56.7378 2.5172 16.1187 2.5078
2030 -8.0829 3.6971 23.9631 2.5810 113.9376 2.5031 162.0604 4.9527 167.1654 0.7132 3.1112 1.3740 82.2859 2.5287 19.3287 2.4407 56.5653 2.5284 14.8699 2.5514
2031 -8.1324 3.1226 25.2233 2.4402 113.3549 2.5457 164.0593 5.4103 168.0266 0.9910 5.2804 2.1897 81.9653 2.6365 17.2947 2.4312 55.5599 2.5384 13.3237 2.5544
2032 -8.3051 2.5365 27.4633 2.4450 113.1691 2.4536 165.4502 5.8151 168.7127 1.3484 7.1084 2.4447 80.7162 2.7004 15.1220 2.3928 54.5262 2.5772 12.0086 2.3659
2033 -8.8790 2.1465 30.2710 2.4290 113.2023 2.5367 166.8570 6.3458 169.3456 1.9858 8.6213 2.3411 79.3210 2.7274 12.7517 2.4360 53.2615 2.5237 9.9361 2.3687
2034 -9.6141 1.9943 33.7754 2.6851 113.0021 2.5158 168.1722 6.6905 169.2647 2.5532 9.3173 2.4984 77.3891 2.5963 11.1904 2.4155 51.2727 2.4509 7.3097 2.3268
2035 -10.5530 1.7775 37.1150 2.6281 112.7707 2.5322 169.2453 6.5537 169.0349 3.0519 9.4057 2.5909 75.5494 2.6319 9.9344 2.4031 49.4592 2.4003 3.9870 2.7488
2036 -11.0950 1.5819 40.6632 2.4497 112.7845 2.4090 170.2234 5.8108 168.5122 3.7663 8.6835 2.8424 73.8271 2.6812 9.5205 2.5305 47.6360 2.6144 0.4156 2.8501
2037 -11.0766 1.6882 44.5757 2.3653 113.3174 2.4754 170.5274 4.7203 167.7088 3.7644 7.5350 3.4470 72.9611 2.5174 9.9392 2.5021 45.6419 2.5281 -2.4297 2.4865
2038 -11.3034 2.2239 48.3530 2.4759 114.8505 2.4465 170.3105 3.9529 166.3054 4.2181 5.7404 4.0573 73.0221 2.4405 11.5926 2.5627 43.9337 2.6115 -5.0033 2.1355
2039 -11.5826 2.8094 51.3415 2.5836 116.8671 2.5270 170.3803 3.2786 164.1727 4.2320 2.9975 4.5368 73.7068 2.3503 13.5602 2.5511 43.2250 2.5676 -6.7873 1.9100
2040 -11.6918 3.0999 53.6893 2.6588 119.4683 2.5794 170.2398 2.4457 161.6830 4.0636 -0.1189 4.7847 75.1799 2.3448 16.3006 2.6370 42.6150 2.4812 -8.5487 1.5808
2041 -11.6370 3.0693 55.3494 2.5354 121.8899 2.4584 169.5800 1.6334 159.2719 3.6680 -2.9948 4.7379 77.3515 2.4461 19.7891 2.5419 42.4606 2.4972 -9.7565 1.6762
2042 -11.5225 2.6027 56.0336 2.6232 123.7970 2.5241 168.7225 1.3401 156.8717 3.1436 -5.4779 4.4176 79.7409 2.5069 23.3409 2.4886 42.0160 2.4622 -10.5730 2.0860
2043 -11.3088 2.4680 56.1134 2.5476 124.9183 2.4190 167.4777 0.8896 154.6116 2.6252 -7.2086 3.8814 81.9125 2.5395 25.9235 2.4203 41.1674 2.5032 -10.8309 2.5346
2044 -10.5704 2.1496 55.4235 2.6168 125.2352 2.4852 166.5417 0.9159 153.0863 2.3377 -8.0340 3.1575 83.7144 2.6006 28.1964 2.5625 39.9470 2.5220 -10.7746 2.6891
2045 -10.3899 2.6176 54.1192 2.5621 124.7470 2.5857 165.7669 0.8178 151.5546 2.2376 -8.2969 2.6659 85.8714 2.6830 29.4865 2.6471 38.2967 2.4860 -10.7592 2.6643
2046 -10.5142 3.1321 52.5926 2.5767 123.6797 2.5745 165.7655 1.1415 150.3347 2.5437 -8.3082 2.0603 88.0071 2.6107 30.1899 2.4717 36.8954 2.5415 -10.7769 2.9101
2047 -10.9328 3.4971 50.9418 2.6572 122.1156 2.5918 166.3985 1.1409 149.9693 2.4951 -7.8900 1.4476 90.0907 2.5914 30.2218 2.4392 36.1764 2.4577 -10.7766 3.0047
2048 -10.7888 3.2173 49.7151 2.6210 119.6326 2.6463 167.2350 1.4752 150.3792 2.3522 -7.2306 1.3683 92.0856 2.5042 29.3723 2.3896 36.0947 2.4651 -10.8092 3.4007
2049 -10.7847 3.0369 48.9315 2.5685 116.4822 2.6945 168.1245 2.2998 151.3570 2.1576 -6.7447 1.5727 93.6648 2.3660 28.4632 2.4098 35.9740 2.4816 -10.6439 3.3071
2050 -10.2101 3.1844 48.6746 2.4539 113.0791 2.3311 168.6640 2.9433 152.9005 2.0098 -6.2612 1.8093 94.5740 2.5124 27.7754 2.3972 35.1793 2.5375 -10.2698 3.0074
2051 -9.6172 3.5208 49.0263 2.4165 109.2653 2.3693 169.2581 3.3352 154.5498 1.7991 -5.7979 2.5886 94.9893 2.4669 26.9264 2.4068 33.6874 2.6178 -9.9502 2.5692
2052 -9.0600 3.9504 50.6002 2.3842 105.8558 2.3580 170.1662 3.1811 156.0369 1.8832 -5.5472 3.2668 95.2182 2.5018 25.4073 2.5151 32.2797 2.5772 -10.1937 2.0111
2053 -8.7762 4.0168 52.6109 2.3399 102.4332 2.4250 170.9662 3.1106 157.5453 1.9829 -6.1970 4.1225 95.5392 2.5193 24.2654 2.4458 30.7618 2.5921 -10.6046 1.3823
2054 -8.7852 4.4643 54.8950 2.5321 98.8060 2.5729 171.4803 2.8755 158.1331 1.9930 -6.8610 4.9089 95.7689 2.5333 23.0354 2.5125 29.3323 2.4903 -10.8467 0.5943
2055 -9.1133 4.9979 57.1267 2.4126 95.1191 2.5947 172.1277 2.7799 157.7945 1.7218 -7.3628 5.5635 94.9192 2.5037 22.4749 2.5121 27.8414 2.4083 -10.2500 -0.3268
2056 -9.3761 4.6729 58.7589 2.5653 92.1003 2.3776 171.8674 3.5611 156.6374 1.8944 -8.1107 5.9918 93.5689 2.4109 22.4428 2.4909 26.8022 2.4326 -9.7132 -0.8750
2057 -9.8191 4.2136 59.7696 2.5952 89.6129 2.4169 171.2021 3.9933 154.8217 1.9935 -9.0192 6.0610 91.5763 2.3861 23.1348 2.4928 25.5294 2.5807 -9.4541 -1.0171
2058 -9.3848 3.8730 60.7922 2.4547 88.0255 2.3917 170.6041 3.8759 152.1601 1.8612 -9.8147 5.4978 88.5135 2.4105 24.2376 2.5070 24.3745 2.5933 -9.5953 -0.6854
2059 -9.0018 3.7777 61.9391 2.4556 86.9512 2.5748 170.1763 3.1476 149.1221 2.0192 -10.6787 4.6116 85.2241 2.5791 25.4552 2.5030 23.6109 2.5306 -10.4447 0.3636
2060 -8.7423 3.2346 62.8400 2.5116 87.0100 2.4195 170.2893 3.1568 145.6413 2.2457 -10.9032 3.3204 81.8822 2.6222 26.8674 2.5167 23.1894 2.4655 -10.4422 1.7702
2061 -8.6399 2.2218 63.6531 2.5608 87.6766 2.4476 170.4666 3.2379 142.1141 2.1769 -11.0914 2.3748 78.4366 2.4072 28.0805 2.5933 23.4487 2.4791 -9.6187 3.0869
2062 -8.3368 1.2479 64.0377 2.4499 88.9370 2.4488 170.6149 3.6813 138.2737 2.5043 -11.0694 2.0683 75.0631 2.5123 29.8075 2.5294 24.3728 2.5481 -8.7603 3.6986
2063 -7.6949 0.4334 64.2490 2.5161 90.3977 2.4343 170.5192 4.3338 134.6902 2.5192 -11.0200 2.0545 71.8969 2.6210 32.3732 2.4099 26.3662 2.5424 -7.7627 3.6856
2064 -6.5098 0.2319 64.5636 2.4580 91.8860 2.3888 170.0699 5.1922 131.0880 2.4852 -10.9484 1.9744 69.2614 2.6232 35.3968 2.4365 29.0954 2.5428 -6.4860 3.6244
2065 -5.6138 0.3354 65.2442 2.4322 93.1462 2.4449 168.9825 5.6934 128.2496 2.4820 -11.1813 1.3795 67.0633 2.5627 38.2883 2.3924 32.0843 2.6857 -5.0859 4.3321
2066 -5.2220 1.1145 66.4662 2.4631 93.8517 2.4742 168.0216 5.6832 126.2732 2.5185 -11.0800 0.6635 65.5351 2.4495 40.5608 2.4793 35.2033 2.5500 -4.0148 4.1685
2067 -5.3646 1.8676 68.0909 2.4781 93.8984 2.3462 167.6525 5.7258 125.1297 2.5572 -10.7808 0.3245 64.8540 2.5935 42.0066 2.5038 37.5640 2.3615 -2.8332 4.0779
2068 -5.9256 2.0724 69.8080 2.4649 93.1978 2.4105 167.5199 5.7079 124.6947 2.5144 -10.0666 0.0182 64.4418 2.5135 42.9441 2.5367 39.3196 2.3660 -1.8804 4.1172
2069 -6.2290 2.3523 70.7344 2.4843 91.8853 2.3254 167.7854 5.3904 124.8520 2.5061 -10.0830 0.1452 64.8544 2.4383 42.6915 2.5397 40.2016 2.4778 -1.4093 3.6599
2070 -6.2947 3.0749 71.3627 2.5570 89.6092 2.4636 168.0589 4.4463 125.7491 2.4740 -10.2631 0.6945 66.0512 2.3938 41.9411 2.5912 40.4313 2.5168 -1.1024 2.9863
2071 -6.1718 3.8830 71.6267 2.4829 86.8433 2.7208 168.1428 2.8700 127.1259 2.5793 -10.2424 1.1481 68.1098 2.4213 40.3853 2.6100 39.8394 2.4593 -0.9199 2.7539
2072 -6.3169 4.5800 71.9641 2.4693 83.3425 2.6363 167.8340 2.0291 129.3550 2.5947 -9.5889 1.1601 70.9540 2.4043 38.9075 2.5351 38.3973 2.4081 -1.0375 3.1197
2073 -6.9933 4.9453 72.5975 2.4629 79.4249 2.4635 167.2916 1.2350 132.6053 2.4357 -9.1031 0.9334 73.6999 2.4358 37.3809 2.6044 36.3736 2.4244 -1.4305 3.6144
2074 -7.1888 5.1713 73.8992 2.4039 75.7932 2.3380 166.6075 0.7712 136.2069 2.3730 -8.6051 0.0021 75.7288 2.4465 36.1498 2.4845 33.4457 2.2561 -1.6769 3.6619
2075 -7.3421 5.0708 75.7696 2.4220 72.1228 2.3701 166.2684 0.8478 138.9994 2.4242 -8.1313 -0.6031 77.1449 2.3643 35.4116 2.5003 29.9033 2.1885 -2.0460 3.7014
2076 -7.2301 4.4412 77.7472 2.5383 68.2524 2.4147 165.7803 0.8425 141.3642 2.5646 -7.7005 -0.0922 77.6957 2.5152 35.2222 2.5727 26.1541 2.2847 -1.9011 3.6715
2077 -6.9140 4.1844 79.6711 2.5082 64.5284 2.4112 165.3976 0.4595 143.0739 2.5670 -7.4046 0.6303 77.2771 2.4321 36.0348 2.5523 22.5696 2.3132 -0.8835 3.1790
2078 -5.9335 4.4866 81.5577 2.6508 60.9887 2.5244 165.4301 0.0944 143.9441 2.4985 -7.0854 0.6622 76.2862 2.5078 37.1062 2.5440 18.9813 2.4886 0.7640 2.7860
2079 -5.6938 4.6211 83.7972 2.6031 57.4552 2.5816 165.2382 0.0876 144.2113 2.5587 -6.8393 0.5125 74.4000 2.5775 38.5485 2.6264 15.5851 2.5466 3.0540 2.5625
2080 -5.9503 4.2759 86.3596 2.4330 54.1281 2.5663 165.0586 0.6060 143.4949 2.6107 -6.5514 -0.1436 71.8343 2.3253 39.6177 2.5824 12.5061 2.5543 4.9737 2.7999
2081 -5.8472 3.5399 89.5095 2.5215 50.6011 2.4753 165.2902 1.4806 142.5328 2.4079 -5.8711 -0.1722 68.8012 2.2354 40.8467 2.5502 10.3010 2.5702 6.4461 3.0966
2082 -5.5485 2.7577 93.0795 2.3885 46.7995 2.3676 165.7646 2.0252 140.4595 2.5390 -4.9159 0.2090 65.0884 2.3950 41.4222 2.4948 8.5049 2.4808 7.8656 2.9487
2083 -5.1041 2.2251 96.9474 2.4119 43.5772 2.3571 166.3868 2.8250 137.7845 2.5800 -4.0750 0.9983 61.6869 2.4256 40.9188 2.4698 6.9831 2.5616 8.4592 2.5912
2084 -4.3636 2.1259 100.5709 2.5163 40.1066 2.3007 166.8427 3.2249 134.5372 2.5889 -3.6592 2.0509 59.0966 2.5091 39.8973 2.4191 5.5392 2.5140 8.3080 2.4902
2085 -3.9726 2.5118 104.1075 2.5496 36.7573 2.3593 166.8427 3.0287 131.0651 2.6493 -3.4662 3.0549 56.8891 2.6458 38.9770 2.4837 4.0539 2.5953 7.6744 2.5634
2086 -4.2279 2.8565 107.7226 2.5729 33.3724 2.5543 167.0681 3.2503 128.3965 2.4688 -4.0526 3.5488 55.7765 2.5386 38.0493 2.3597 3.0096 3.0072 6.5039 2.9771
2087 -5.1729 3.1193 111.0855 2.7272 30.8596 2.3985 167.1238 3.3505 126.4458 2.5662 -5.0925 3.9544 55.3587 2.5972 37.3807 2.5268 1.5901 3.4362 4.7258 3.6863
2088 -6.1128 3.0728 114.6728 2.6647 28.9986 2.4481 166.8252 3.6318 125.2279 2.5896 -5.8732 4.5933 55.7550 2.4976 36.9072 2.4778 0.3600 4.0978 2.3941 4.0629
2089 -6.7907 3.1811 118.1471 2.5664 27.7522 2.4789 166.5625 3.2947 124.6277 2.5178 -6.3666 5.6027 56.3551 2.5236 37.4564 2.5132 -0.7313 4.6023 -0.5639 4.3015
2090 -7.4642 3.2176 121.8512 2.3866 27.1177 2.4303 165.8868 3.2131 124.9825 2.4414 -6.5898 6.0653 57.4465 2.5899 38.7711 2.4973 -1.8040 4.7015 -3.0240 3.9248
2091 -8.1421 3.1791 125.2742 2.4500 27.1886 2.4980 165.3343 3.1423 126.0052 2.4032 -6.5988 6.2984 58.3359 2.6093 40.2340 2.4992 -3.1428 4.9295 -4.9383 3.8129
2092 -8.8648 2.7887 129.0963 2.2606 26.7706 2.4961 164.7811 2.4219 127.4229 2.3436 -6.4065 6.2557 59.0946 2.5259 41.7582 2.6578 -4.6540 4.9419 -5.9243 3.3662
2093 -9.4933 1.9386 132.6184 2.4506 26.9219 2.5367 164.9857 1.9018 129.1624 2.3288 -6.8698 6.2673 59.3339 2.5371 43.0846 2.6347 -5.6799 4.9887 -6.6768 2.6901
2094 -9.8418 0.9046 135.5001 2.4970 26.9425 2.4834 165.3354 1.2036 131.0118 2.4560 -6.8133 5.7380 58.9870 2.5588 43.9097 2.5338 -6.1233 4.9850 -7.2121 2.1200
2095 -9.5842 0.5433 137.5223 2.6191 27.0350 2.5182 165.2573 0.9375 132.3846 2.4827 -6.5280 5.3400 57.7879 2.6046 43.8978 2.5205 -6.2308 4.8292 -7.7984 1.5313
2096 -9.0502 0.5569 138.7780 2.4795 27.2502 2.5103 164.9394 0.8540 133.1146 2.4342 -6.2656 4.9365 55.7330 2.6388 43.1647 2.7130 -6.2187 4.0054 -8.1300 0.5111
2097 -8.5338 0.6516 139.5656 2.4971 27.1561 2.5172 164.8385 0.9828 132.8736 2.5649 -5.7828 4.0761 53.1421 2.4979 41.9935 2.6373 -6.0920 2.9285 -7.9053 -0.5622
2098 -7.7098 1.3509 139.4697 2.4686 26.6775 2.4729 164.9462 1.5960 131.9681 2.6374 -5.1756 2.8920 49.9330 2.6592 39.9815 2.5903 -5.5751 2.0565 -7.5715 -1.2344
2099 -7.1642 2.4089 138.8912 2.5467 26.4295 2.5205 165.5666 1.8784 130.3607 2.6574 -5.0114 1.8888 46.2266 2.6161 37.4646 2.6973 -4.7482 1.2119 -7.0024 -1.2318
2100 -6.5398 3.0937 137.5813 2.5502 26.2283 2.5088 166.2670 1.7407 128.3547 2.7683 -4.8933 0.9014 42.5810 2.7366 34.7667 2.5742 -4.3044 0.8154 -6.3500 -1.4399
2101 -6.0720 3.7546 135.3787 2.6677 25.8265 2.5223 166.9358 1.6893 125.3969 2.7550 -4.8081 0.6391 38.8561 2.6918 33.1419 2.5338 -3.8774 0.2582 -6.2463 -1.2810
2102 -5.6676 3.5705 132.5333 2.5523 26.0572 2.4592 167.0603 1.1126 122.0085 2.5575 -5.0523 0.5384 35.3875 2.5765 32.2592 2.5209 -3.6249 0.3673 -6.5364 -0.9971
2103 -5.4082 3.3021 128.9514 2.4383 27.0205 2.4700 166.7259 0.8750 118.2945 2.6815 -5.3055 0.2301 31.9762 2.6032 32.0064 2.5581 -3.9507 0.6979 -6.5797 -0.1062
2104 -5.0092 3.0995 125.1600 2.2988 28.1189 2.3933 166.4697 0.6316 114.6858 2.5547 -4.8515 0.0250 29.3186 2.5366 32.6156 2.5667 -4.8450 1.4987 -6.5140 0.5803
2105 -4.1269 3.2462 122.3719 2.3023 29.0857 2.3762 166.6145 1.0144 111.3611 2.5640 -4.3350 0.0417 27.5855 2.4884 33.8214 2.6587 -5.6639 2.1889 -6.4866 0.5870
2106 -3.8345 2.8832 119.8183 2.4959 29.9359 2.4679 167.1872 1.6402 107.7265 2.5365 -3.7416 0.3432 26.2824 2.5081 35.3832 2.7222 -5.4304 2.9061 -7.1653 0.5787
2107 -3.7675 2.3749 118.1840 2.6232 30.4132 2.5188 167.5793 2.8640 104.0636 2.3827 -3.4827 1.0858 25.4405 2.4556 37.2047 2.7143 -5.2625 3.4568 -7.5417 0.5433
2108 -3.8298 1.9039 117.0681 2.5447 29.8466 2.5722 167.9061 3.9459 100.3961 2.3519 -3.3629 1.4632 24.7147 2.4672 38.7161 2.5775 -5.0949 4.2416 -7.8336 0.8538
2109 -4.2025 1.2678 117.0788 2.5202 29.0811 2.6973 168.2365 4.4860 96.9050 2.2761 -3.5425 2.1170 24.9225 2.4386 39.8828 2.5344 -4.8873 4.8281 -7.9149 1.5387
2110 -4.3082 0.9167 117.8874 2.5613 27.7778 2.7203 168.2954 4.6427 93.1288 2.2955 -3.2087 2.4908 25.1773 2.5561 40.3089 2.5081 -5.5149 5.5513 -7.6852 1.8175
2111 -4.0541 0.6037 118.8892 2.6501 26.2254 2.6450 167.6900 4.5950 89.7652 2.2828 -3.0635 3.1309 25.0020 2.4813 40.1215 2.5272 -6.3337 5.4705 -8.1174 1.4737
2112 -3.6528 0.9510 120.1570 2.5563 25.0096 2.6669 167.0308 4.5277 86.1945 2.3725 -3.2285 3.5037 25.2065 2.4323 39.1532 2.5676 -7.1840 5.4604 -7.9474 0.8554
2113 -3.7745 1.5421 121.2111 2.5673 23.9953 2.6626 166.5906 4.4528 82.5952 2.5793 -3.4092 3.4371 26.4380 2.4916 37.4921 2.5683 -7.2764 5.3462 -7.2484 0.6365
2114 -3.6652 2.1291 122.4495 2.4828 23.5427 2.5591 165.9688 4.1540 79.8759 2.7052 -3.6764 3.6281 27.5738 2.4217 35.6745 2.5986 -7.1069 5.0442 -6.5994 0.4806
2115 -3.1103 2.5507 122.5742 2.4630 24.4771 2.4464 165.8878 3.2565 77.7605 2.6704 -4.2072 3.9488 28.7664 2.5566 33.7703 2.5854 -6.5434 5.1216 -5.6748 0.8202
2116 -1.8761 2.6206 122.1922 2.5263 25.0779 2.4465 166.2869 2.4915 76.7328 2.5486 -4.2298 4.2499 29.6643 2.5327 32.3176 2.4720 -6.1320 5.1431 -4.8570 1.4190
2117 0.3290 2.6166 121.0623 2.5920 25.8043 2.4856 166.3549 1.8629 76.3812 2.4893 -4.0192 4.4750 30.8699 2.6295 31.6060 2.4341 -5.8077 5.5301 -4.4067 1.2195
2118 2.4317 2.5658 119.3231 2.6365 26.5935 2.5234 167.0888 1.0255 76.6862 2.5062 -3.6892 4.5858 32.2882 2.6063 31.3482 2.5932 -6.2213 5.6254 -4.1189 1.0920
2119 4.4548 2.2453 116.8995 2.5990 27.3829 2.5352 168.0132 0.5915 77.7585 2.6411 -3.5269 4.7514 33.9299 2.4885 32.2106 2.5633 -6.4219 5.2341 -4.1517 1.3891
2120 6.0511 2.0399 113.6932 2.5026 27.5974 2.5904 169.5012 0.5605 79.5949 2.4208 -2.7351 4.3350 36.5390 2.4077 33.7261 2.5945 -6.8805 4.7187 -3.7796 1.3915
2121 7.4935 2.3601 110.0323 2.5482 27.0526 2.4795 170.2440 0.8884 82.2767 2.5073 -1.1038 3.7613 39.5187 2.4403 36.0454 2.5882 -7.2989 4.2157 -3.9362 1.8892
2122 8.3660 2.4864 106.2883 2.5759 25.6638 2.6300 170.6667 1.8098 85.7030 2.5408 0.6508 3.2763 43.0052 2.5881 38.8994 2.4569 -7.5060 4.6844 -4.0471 2.2373
2123 8.7945 2.4559 102.4482 2.6313 23.5743 2.5667 170.5981 2.8948 89.0003 2.5373 2.1184 3.0970 45.9970 2.5368 42.4508 2.5454 -7.6923 5.1758 -3.8818 2.0322
2124 8.6218 2.5205 99.5373 2.7428 20.9442 2.8173 170.5087 4.1978 91.5902 2.5279 2.8732 2.8838 48.7230 2.3803 45.9356 2.5317 -7.7628 5.1768 -3.7169 1.4122
2125 8.2359 2.4936 97.5116 2.6894 17.3693 2.8513 170.6480 5.1552 93.4938 2.4904 3.1694 2.6004 51.1177 2.4173 48.8758 2.6387 -7.2830 4.8388 -3.9701 0.9894
2126 7.7359 2.4426 95.6308 2.6031 13.5251 2.8850 170.7727 5.3120 94.6072 2.4597 2.7977 2.3290 52.7709 2.6192 50.9901 2.5849 -6.7246 4.4868 -4.5076 1.2222
2127 7.3208 2.5720 94.2721 2.4904 10.1512 2.9248 170.7055 5.3809 94.9626 2.4690 3.2300 2.4257 54.2117 2.5459 52.5777 2.4939 -6.8252 4.8967 -4.9577 1.3109
2128 7.1612 2.4184 93.1167 2.5673 6.6930 3.2765 170.6902 5.3057 95.0912 2.4537 3.2229 2.5506 55.4884 2.5028 53.6691 2.5688 -6.9803 5.1734 -5.3489 1.1045
2129 7.4828 2.6169 92.3503 2.3832 3.1743 3.8002 170.2034 4.7165 93.9600 2.4893 2.7485 2.7974 56.9845 2.6353 54.2531 2.5368 -6.9279 5.4457 -5.4400 0.7728
2130 8.3958 2.5339 91.7072 2.5115 0.0581 4.0469 169.8829 4.3039 92.0639 2.5353 1.7052 3.2405 58.0876 2.4558 54.9798 2.4718 -6.4543 5.8657 -5.4149 0.6917
2131 9.9869 2.6800 91.3563 2.4742 -2.3214 4.2610 169.6125 3.4471 89.6861 2.4460 -0.2747 3.5333 59.5950 2.6621 55.7218 2.4784 -6.3450 5.9940 -5.3085 0.4508
2132 11.9099 2.7660 91.7697 2.5697 -4.5157 4.2231 169.8784 2.7341 86.4643 2.4633 -2.2816 3.7621 60.8303 2.5177 56.1623 2.5310 -6.5111 6.0732 -5.1686 -0.1129
2133 13.7080 2.6264 92.5656 2.4716 -6.3187 3.9999 170.2069 1.5644 83.1105 2.5237 -4.3624 3.9553 62.1704 2.5299 56.9396 2.4621 -7.0566 5.3419 -5.1045 0.1390
2134 14.9974 2.6110 93.6369 2.4748 -7.8579 3.6285 169.7874 0.8911 79.7986 2.5765 -5.9621 4.4994 64.1903 2.5384 57.5600 2.4895 -7.4581 4.3776 -5.0859 0.3716
2135 15.4898 2.4724 94.6390 2.5166 -8.5296 2.7373 169.3845 0.1219 76.7817 2.4227 -6.6161 4.9506 66.7534 2.6063 58.9680 2.4962 -8.1878 3.5374 -5.6101 0.2553
2136 15.4833 2.5771 95.4636 2.5165 -8.8377 1.9726 168.9360 -0.1658 74.4325 2.2492 -7.1731 5.5869 70.1558 2.4939 60.2374 2.5677 -8.4534 2.8454 -6.1293 -0.4562
2137 14.4610 2.5794 95.4926 2.5681 -8.6725 1.2415 168.2471 -0.3911 72.8040 2.3597 -7.5786 5.9624 73.2194 2.4583 61.7247 2.6131 -9.3319 1.9158 -6.7868 -1.1606
2138 13.0169 2.5200 95.9109 2.5496 -8.6119 0.1463 168.1059 -0.3430 72.3252 2.4913 -7.7882 6.0923 75.3895 2.2422 63.1424 2.6436 -9.6835 1.1485 -7.1938 -0.8986
2139 11.8413 2.5573 96.1100 2.5208 -8.5022 -0.5895 168.3849 -1.0401 72.6788 2.5645 -7.4473 5.8969 77.0165 2.4802 64.1877 2.6257 -10.0617 0.5057 -7.8707 -0.7084
2140 10.5929 2.5381 96.0057 2.4650 -8.2927 -1.0587 168.7185 -1.2847 73.4812 2.6273 -6.4681 5.1114 78.0053 2.5067 64.5403 2.4919 -10.0830 0.2010 -8.3592 -0.6407
2141 9.4595 2.4629 95.9379 2.4976 -8.5657 -1.0296 168.8120 -1.3916 75.2014 2.4909 -4.9934 4.7261 78.2096 2.4708 63.8865 2.5119 -9.9679 -0.0273 -8.5889 -0.4228
2142 9.1930 2.5459 94.8983 2.5200 -8.3968 -0.1998 168.3024 -0.9172 77.7575 2.5285 -2.6892 4.7052 77.6341 2.3393 62.7035 2.5336 -10.0809 -0.2240 -8.8780 -0.1805
2143 9.3396 2.5866 93.1499 2.5352 -8.0850 0.4606 167.3580 -0.4867 80.9044 2.7071 -0.0630 4.5821 76.4821 2.4186 60.8057 2.5069 -10.0437 0.0160 -9.8215 0.0071
2144 11.0530 2.5841 90.5583 2.4880 -7.9854 1.2938 166.0125 -0.1265 84.5083 2.3645 2.1636 3.9168 75.1416 2.4192 58.7385 2.4511 -9.9579 0.1383 -10.4710 0.3892
2145 12.8150 2.5751 87.5341 2.3559 -7.5974 2.0973 164.4253 0.2043 88.1792 2.5698 3.7960 3.4502 74.0036 2.4803 56.3251 2.3545 -10.3126 0.0691 -11.2402 1.1164
2146 15.2048 2.5068 84.0453 2.5990 -7.7421 2.9399 162.7814 0.4348 91.8272 2.3421 5.0628 2.9701 72.5472 2.4223 54.4977 2.5878 -10.1370 0.3562 -11.5303 1.7639
2147 18.4360 2.5809 80.7723 2.3635 -7.8552 3.9723 160.6562 0.7841 94.8196 2.4682 5.3101 2.5376 71.7685 2.4917 53.2092 2.5769 -9.8811 0.2735 -11.6754 1.5636
2148 21.5198 2.3898 77.0143 2.4971 -8.2862 5.1384 158.7978 1.1565 97.3520 2.4988 5.1918 2.0630 71.6531 2.5056 52.9140 2.5005 -9.1352 0.1301 -11.5145 0.8198
2149 24.3533 2.3304 73.2891 2.4519 -8.2874 5.7481 157.7301 1.6361 98.8649 2.5287 4.6674 1.6218 72.7252 2.6366 53.1558 2.5369 -8.2014 0.0040 -11.1062 0.5191
2150 26.2469 2.5376 69.5125 2.1683 -8.5294 5.9067 157.2979 2.2177 99.5046 2.5096 3.4654 0.9788 73.9673 2.5642 53.4958 2.4817 -6.7630 -0.4963 -10.9087 1.1046
2151 27.3646 2.5617 66.0100 2.2362 -8.3477 5.3715 157.2205 2.3539 99.7361 2.4278 1.6750 0.5082 75.6651 2.5848 53.6469 2.4587 -5.2322 -0.6277 -10.8644 2.0979
2152 27.5431 2.4943 62.9552 2.4126 -8.5169 4.3608 157.8122 2.4131 98.9708 2.4789 -0.8363 0.1908 77.3171 2.6210 53.8305 2.4750 -4.0827 -0.3642 -10.7071 3.2971
2153 27.1239 2.4610 60.6473 2.5611 -8.3855 3.2650 158.4041 2.6539 97.6456 2.4299 -3.4753 0.4278 78.7308 2.5194 53.8603 2.5682 -3.1696 -0.2021 -10.2969 4.2326
2154 25.9516 2.4729 59.0154 2.4956 -8.3383 2.5946 159.1455 2.8493 95.6535 2.4249 -5.5667 1.0148 79.0172 2.5034 54.1218 2.5284 -2.9415 -0.2743 -9.4406 4.4404
2155 24.5600 2.4291 58.4486 2.5136 -7.9352 2.2670 159.9102 2.8422 92.9193 2.4385 -7.1144 1.5711 78.6832 2.5191 53.3273 2.6430 -2.7064 -0.3446 -8.2931 4.2633
2156 23.0986 2.3322 58.5606 2.5212 -7.3917 1.7978 160.8650 2.8282 90.0276 2.5231 -8.0923 2.0890 78.0007 2.5464 51.6180 2.6593 -3.1876 -0.1546 -7.1418 4.0718
2157 21.9201 2.4078 59.4729 2.5805 -6.2815 1.1700 160.7472 2.8219 87.4893 2.6669 -8.2713 3.0007 76.8382 2.5348 49.4604 2.7218 -3.5649 0.1039 -5.7915 4.1665
2158 21.1892 2.5422 61.0271 2.5557 -4.6154 0.6182 159.8925 2.6638 85.3665 2.4882 -8.3424 3.6149 75.7740 2.5427 46.4520 2.6964 -4.3590 0.0588 -4.3824 4.2531
2159 20.7889 2.5410 63.5282 2.4540 -2.3795 0.3433 158.3202 2.5240 83.5773 2.4943 -7.6696 4.0134 74.2067 2.4929 42.6562 2.4329 -5.3171 -0.2794 -3.2584 4.3085
2160 21.2734 2.5660 66.4681 2.7304 -0.2784 0.4396 155.8037 2.7349 81.8746 2.3888 -6.4765 4.5082 73.5305 2.5369 39.1701 2.6412 -6.3643 -0.4696 -1.9138 3.7651
2161 22.4378 2.6340 69.9554 2.5892 1.4244 0.9307 152.9321 3.0057 80.0269 2.5553 -4.6757 4.7196 73.3886 2.5220 35.6101 2.7487 -6.9496 -0.5911 -0.7846 3.2643
2162 24.4299 2.6249 73.2352 2.4605 2.6657 1.3930 149.8412 2.9332 78.3877 2.4928 -2.5742 4.8798 74.2292 2.4993 31.7396 2.5117 -7.2595 -0.1470 0.6248 2.7800
2163 26.7752 2.6168 75.9605 2.4896 2.7372 1.7980 147.5116 2.6967 76.4750 2.4533 -0.0664 4.4869 75.3297 2.3844 28.1286 2.7217 -6.7743 0.9336 2.2492 2.4501
2164 29.9330 2.7624 78.2074 2.5572 2.4854 1.5416 145.8471 2.6759 74.8999 2.5104 2.9543 4.1486 76.4256 2.3591 24.6426 2.6728 -6.3966 2.1354 4.0858 2.7000
2165 33.1229 2.5554 79.3977 2.5954 2.2564 1.1613 144.9248 2.5247 73.0739 2.6086 5.3259 3.7615 77.3800 2.3977 20.9333 2.5472 -5.8431 3.2768 6.2241 2.6684
2166 35.7146 2.3928 79.7296 2.5020 1.1485 0.9039 144.6484 2.4573 70.7378 2.6401 8.1929 3.3786 78.2129 2.4799 17.1473 2.3902 -5.9865 3.7550 8.5187 2.7632
2167 37.3987 2.4951 79.2674 2.3406 -0.6533 1.0536 145.1726 2.3276 68.2752 2.5823 11.4376 2.9241 78.7781 2.4985 13.5631 2.4001 -6.0280 3.9710 11.3813 2.6900
2168 38.5630 2.5369 78.1923 2.3861 -2.3085 1.1689 146.0891 2.4470 65.9635 2.5359 15.0569 2.6107 78.3221 2.3596 10.2300 2.2586 -6.5247 4.3286 14.7666 2.5727
2169 38.6994 2.5136 76.2892 2.4165 -3.9025 1.7393 148.0680 2.3682 64.3832 2.4924 18.6262 2.3987 77.2435 2.4879 7.0077 2.3232 -6.8184 5.0754 18.1754 2.3609
2170 38.0213 2.6136 74.2161 2.4887 -4.6050 1.9413 150.8233 2.3825 63.2870 2.4150 21.9441 2.5063 75.1982 2.3639 3.7413 2.7950 -7.0002 5.5963 21.7511 2.4684
2171 36.9258 2.5759 71.6452 2.5871 -5.3457 2.6570 154.0489 2.2073 62.8205 2.4853 24.4628 2.6782 72.5997 2.4677 0.9300 3.3484 -7.4548 6.0120 25.1456 2.5303
2172 35.0265 2.6979 69.3696 2.5836 -6.3576 3.6167 157.6026 1.9891 63.3103 2.4308 26.5960 2.5940 69.5097 2.5756 -1.8575 3.7343 -8.0282 6.2149 28.7040 2.3258
2173 32.8295 2.6766 68.0075 2.5512 -6.9492 4.5028 160.5348 1.3570 64.9215 2.4103 28.3690 2.5340 67.3013 2.6296 -4.3253 3.9647 -8.2739 6.0957 32.2214 2.4493
2174 30.1977 2.4568 67.2582 2.6197 -7.5901 5.6439 162.6866 1.0982 67.0918 2.4200 29.1547 2.5039 65.5895 2.5195 -6.0319 4.2262 -8.5209 6.0049 34.7419 2.5535
2175 28.0146 2.4550 67.1369 2.5592 -7.5444 6.2479 164.4247 0.7863 69.9621 2.3222 29.0896 2.5719 64.7561 2.4887 -7.5765 4.5187 -8.0166 5.8217 36.6715 2.5426
2176 26.3294 2.4112 67.8673 2.5316 -7.2274 6.2268 165.3517 0.5672 73.6566 2.3032 28.1997 2.7079 64.3932 2.4680 -8.5911 5.0039 -7.3405 5.8810 38.0284 2.4172
2177 24.2738 2.4319 68.8093 2.5636 -6.4966 6.3199 165.8616 0.7088 77.2266 2.5999 26.7920 2.4977 64.8437 2.4398 -9.4288 5.1760 -6.1805 5.6286 38.7424 2.4915
2178 22.7066 2.5031 69.9716 2.4799 -6.9955 6.4101 165.6019 0.7900 80.8725 2.5345 24.7751 2.4064 65.7586 2.3731 -9.9950 5.0124 -5.0817 5.1072 38.5076 2.5250
2179 20.6893 2.5282 70.8751 2.5854 -7.8188 6.0471 164.5269 0.8151 84.3779 2.5721 22.1200 2.4345 66.7737 2.4980 -10.0359 4.8162 -4.3555 3.9517 37.2669 2.4241
2180 18.6957 2.5507 71.7251 2.5514 -9.0016 5.2009 163.0001 0.9234 88.2127 2.5053 19.0195 2.6069 68.0575 2.3707 -9.9552 4.1879 -4.5139 2.4824 35.5670 2.4911
2181 16.6859 2.5260 72.1021 2.4819 -9.7043 4.6143 160.1821 1.1069 91.2278 2.4356 15.5916 2.5654 68.9423 2.4248 -9.6784 3.6569 -4.9804 1.7774 33.6799 2.6677
2182 14.7084 2.6062 71.3373 2.3967 -9.7462 4.4254 157.1244 1.6753 94.2408 2.5687 12.1295 2.4451 69.9460 2.4655 -9.3268 3.5569 -5.8539 1.0811 31.5649 2.5877
2183 12.2924 2.8394 69.7993 2.4661 -9.5183 4.6831 153.7784 2.0506 96.2184 2.4474 9.0356 2.1431 69.4795 2.5976 -9.4486 3.1930 -6.6523 0.6232 29.9043 2.6680
2184 9.4246 3.0235 67.9797 2.4545 -9.5514 4.7193 150.3403 2.4586 97.2837 2.4461 5.8562 1.5575 68.1568 2.5566 -9.6299 2.5196 -7.5518 0.4373 28.9010 2.4451
2185 6.8275 3.3140 65.3082 2.4184 -10.0092 4.4501 146.7947 2.4931 97.6073 2.5161 2.8785 1.1906 66.4306 2.7334 -9.8769 1.7448 -8.4062 0.7253 28.6153 2.4663
2186 4.2794 3.3307 61.7411 2.3055 -10.4213 4.1477 142.8560 2.3582 97.3628 2.6247 0.0187 1.3511 63.6721 2.5892 -9.8080 0.8378 -9.2133 0.9725 28.9001 2.6319
2187 2.0594 3.4711 57.8759 2.3599 -10.9666 4.1838 139.1115 2.4030 96.0802 2.5013 -2.5678 1.2372 60.6188 2.5314 -9.3232 -0.1120 -9.8474 1.0480 30.0756 2.5969
2188 0.0363 3.9768 54.2424 2.3354 -11.1674 4.5280 135.3884 2.3464 94.5898 2.6970 -4.9509 1.0084 57.8959 2.6310 -8.9261 -0.6862 -10.6518 1.0659 32.1545 2.6921
2189 -1.8081 4.5648 50.7548 2.4454 -10.7256 4.8293 131.7429 2.2710 92.0092 2.7189 -6.2323 0.5620 55.5418 2.5838 -9.1151 -1.3640 -10.9457 1.1502 34.9538 2.6505
2190 -3.6267 5.1772 47.2324 2.5422 -10.6779 4.7536 127.9328 2.3726 89.0003 2.7843 -7.5863 0.0955 54.0343 2.3768 -9.3180 -1.4533 -11.0508 1.6584 38.2650 2.6196
2191 -5.1868 5.3282 43.9792 2.5184 -10.3786 4.5190 124.3923 2.2778 85.7379 2.7103 -8.5940 -0.2158 53.2117 2.4447 -9.3711 -1.1115 -11.2100 2.2827 41.9095 2.4397
2192 -6.0463 5.3977 41.3249 2.4731 -10.3415 4.2346 121.4974 2.6239 83.0923 2.5150 -9.5605 0.1531 52.8809 2.5380 -9.6528 -0.8055 -11.0789 2.3485 45.5623 2.3609
2193 -7.0667 5.2155 39.6129 2.4718 -10.0046 3.9968 119.0188 2.5977 81.3345 2.5416 -9.9616 0.4262 53.3324 2.5148 -10.0671 0.0936 -10.7437 2.2768 49.1617 2.4712
2194 -7.4229 4.3503 38.8171 2.5124 -8.8703 3.8039 117.5904 2.6162 80.0893 2.4917 -9.8618 0.1758 54.3455 2.5842 -10.2009 1.3340 -10.7032 2.0224 52.8441 2.6031
2195 -7.6907 3.2174 38.7055 2.4781 -7.8834 4.0703 116.7926 2.5077 79.6764 2.4940 -9.7247 -0.5569 56.2181 2.4913 -10.3634 1.7155 -10.4664 2.1377 56.6276 2.3726
2196 -8.1893 2.2285 39.3020 2.3480 -7.2857 4.4864 116.8481 2.4130 79.8448 2.6012 -9.0263 -1.0061 58.8559 2.4618 -10.1546 1.7907 -10.3216 1.9410 59.8524 2.4336
2197 -8.4230 1.5300 40.2036 2.4122 -7.6385 5.4552 117.7374 2.4818 80.9946 2.5622 -7.7887 -1.0228 61.8032 2.4477 -10.0841 2.0993 -10.5546 2.4929 62.5515 2.3809
2198 -8.0134 0.8582 42.3613 2.4142 -8.0735 5.5941 119.4814 2.4093 82.9104 2.5303 -6.4281 -0.3343 65.5387 2.5354 -9.9407 2.5025 -10.5252 3.2872 64.6460 2.4554
2199 -7.0789 0.5220 45.0432 2.4245 -8.0561 5.7168 121.8652 2.3481 85.6420 2.5492 -5.2192 0.1834 69.0818 2.5942 -9.5018 2.9630 -10.4613 4.2140 65.7921 2.4691
2200 -6.5193 0.5730 48.5226 2.2787 -8.0714 5.4263 124.7150 2.3992 88.8860 2.4516 -3.3572 0.4762 72.4131 2.6284 -8.7931 3.3681 -10.1074 4.6710 66.1602 2.4759
2201 -5.6419 1.0057 52.0188 2.3654 -8.2006 4.8410 127.3683 2.3943 92.3937 2.2434 -1.0491 0.8676 76.2023 2.6224 -7.6396 3.6253 -9.2422 5.2637 66.1180 2.4534
2202 -5.5437 2.0200 55.7476 2.4959 -8.3964 4.6575 129.4342 2.4579 95.5151 2.3278 1.5309 1.0771 79.9683 2.4946 -7.2774 3.7171 -8.5983 5.5424 65.1084 2.4870
2203 -5.8497 2.8189 59.2922 2.5549 -8.6174 4.3628 130.7643 2.4078 98.2442 2.4877 4.1089 1.1123 83.5505 2.6173 -6.9855 4.1026 -7.5231 5.1245 63.5600 2.3563
2204 -6.3948 3.4260 62.7541 2.6426 -9.5599 4.4109 132.2669 2.4174 100.3520 2.4859 7.0039 1.7295 86.9851 2.6285 -6.8986 4.4888 -6.2373 4.6477 62.1705 2.3901
2205 -6.7169 4.3741 66.2688 2.7398 -9.9859 4.5781 133.6356 2.3929 101.5706 2.3937 10.1449 2.2773 90.5743 2.6807 -5.9309 5.0226 -4.3173 4.4773 60.5968 2.3963
2206 -6.8892 5.3031 69.9600 2.5823 -9.9316 4.8568 135.1035 2.4121 101.6499 2.4445 12.5652 2.4592 94.3879 2.6015 -5.3129 5.2104 -2.3837 4.3499 59.1242 2.4011
2207 -7.1960 5.9616 73.6363 2.5254 -9.2892 4.7742 136.5170 2.5274 101.3029 2.3351 14.3522 2.4910 97.7852 2.4961 -4.7593 5.1044 -1.0122 4.1409 58.5420 2.4972
2208 -7.4546 6.2201 77.0027 2.5124 -8.3582 4.6302 137.8244 2.5536 99.9289 2.3306 15.5505 2.4454 100.2852 2.5706 -3.6071 5.0922 0.1971 3.8320 58.7662 2.4528
2209 -7.1967 5.6478 80.6666 2.3951 -7.1620 4.3714 138.7257 2.4738 98.2188 2.5093 15.8054 2.5499 102.0883 2.3964 -2.4588 4.9741 1.0061 3.5506 59.6382 2.4274
2210 -6.8240 5.1249 84.1465 2.4553 -6.2943 4.1406 139.6301 2.4543 95.7610 2.4712 15.3473 2.6305 103.0935 2.4892 -1.6692 4.8635 1.0623 3.6390 61.3679 2.4976
2211 -5.8774 4.9903 87.1342 2.4423 -5.9561 3.6726 140.5161 2.5047 92.4950 2.5439 14.2702 2.5551 103.4184 2.5275 -0.9665 4.6633 0.9543 3.9651 64.0771 2.5123
2212 -4.8100 4.7395 89.4649 2.5185 -6.1506 3.0049 141.3932 2.4973 88.9705 2.6017 12.5967 2.4085 102.7933 2.4895 -0.2258 4.0071 0.7397 4.3023 67.0941 2.5424
2213 -3.6382 4.6465 91.1086 2.5448 -6.1508 2.3105 141.7758 2.5306 85.2578 2.4709 10.1821 2.4630 101.7700 2.5916 0.2846 3.1804 0.4089 4.4827 70.6728 2.4816
2214 -2.5402 4.0791 91.8626 2.4623 -6.2327 1.2965 141.5985 2.2740 81.7752 2.4413 8.0858 2.4619 100.8422 2.6087 0.3164 2.2189 -0.4301 4.3652 73.4918 2.4121
2215 -1.8685 3.1560 91.8541 2.4961 -6.1460 0.4288 140.5252 2.4510 78.4085 2.3845 6.2703 2.3048 99.6844 2.5408 -0.2714 1.1081 -0.9207 4.3931 75.7156 2.4632
2216 -1.6237 2.1792 91.4445 2.4872 -6.2298 -0.3628 138.7290 2.4662 75.1307 2.3812 4.8991 2.4837 98.8108 2.5012 -1.5372 0.4703 -0.8333 4.4902 76.9936 2.5224
2217 -2.0058 1.2119 90.2909 2.3260 -6.5205 -1.0176 136.1158 2.4087 72.6742 2.3955 3.6244 2.4639 98.1983 2.4953 -3.2430 0.2937 0.1281 4.6417 77.6655 2.5126
2218 -2.2422 0.6169 88.0315 2.4398 -6.6344 -1.3416 132.7162 2.6145 70.9801 2.5124 2.4025 2.3079 98.6965 2.3765 -5.1163 0.4294 1.9523 4.5303 77.9165 2.5191
2219 -2.5440 0.3506 85.1824 2.5342 -6.2534 -0.9830 129.8564 2.4904 69.4630 2.5522 1.2699 2.0750 99.4499 2.3978 -6.5856 1.1129 3.9904 4.1758 77.2842 2.3579
2220 -2.7769 0.2346 81.8830 2.5217 -5.2070 -0.3971 127.4772 2.4201 68.3308 2.4891 0.6953 2.2142 101.2017 2.4975 -7.7433 1.8312 6.4132 3.6484 75.8649 2.3440
2221 -3.3920 0.4621 78.3550 2.5027 -3.6724 -0.1343 126.0937 2.4401 67.2171 2.4540 0.1447 2.3851 103.0741 2.5227 -9.0400 2.5112 8.7958 3.1362 73.8150 2.2590
2222 -4.1204 0.5985 74.8245 2.5758 -1.4397 0.4512 125.1489 2.5234 66.1478 2.4712 0.2419 2.6199 104.5025 2.4924 -9.5411 2.5908 10.4162 2.6604 70.9334 2.2749
2223 -4.8101 1.0058 71.4550 2.4751 1.4216 1.0000 124.7667 2.5739 64.7382 2.4980 -0.0197 3.2066 105.8075 2.4050 -10.0378 3.4094 11.7138 2.4384 67.5587 2.4200
2224 -5.6178 1.7221 67.6871 2.3726 4.6425 1.2911 125.4631 2.6338 63.9655 2.5470 -0.8372 3.9472 106.5007 2.5205 -10.6037 3.7758 12.5738 2.5387 64.0008 2.2925
2225 -6.0677 2.3777 64.0907 2.5939 7.7524 1.7597 126.9440 2.6710 63.3366 2.4508 -2.5289 4.4496 106.1298 2.4462 -10.6434 4.0609 13.2862 2.5589 60.2474 2.4602
2226 -6.1616 3.2272 60.5170 2.6828 10.7171 2.2998 128.9950 2.6017 62.9944 2.4906 -4.5234 4.6085 105.1397 2.4774 -10.4404 3.9117 13.7831 2.5436 56.6166 2.5634
2227 -6.0889 3.8297 57.0556 2.6493 13.1123 2.3375 130.9077 2.6541 61.9639 2.3902 -6.0494 4.6010 103.6195 2.2836 -10.1118 3.2362 14.7882 2.5240 53.0933 2.5820
2228 -5.8552 4.4961 53.2240 2.5264 15.3740 2.4206 132.4687 2.7053 60.5733 2.3291 -7.2755 4.1579 101.6990 2.3032 -9.5308 2.6218 15.7377 2.5139 50.5408 2.5094
2229 -5.8631 5.1274 49.4180 2.3082 16.8173 2.3823 133.5776 2.5091 58.3896 2.3838 -8.3461 3.9045 99.2569 2.3433 -9.0546 1.7124 16.7500 2.3561 48.6648 2.6477
2230 -6.4102 5.5549 46.0554 2.4907 18.1291 2.4637 134.2124 2.4738 56.2909 2.4164 -8.6701 4.1050 97.8041 2.3917 -8.6156 0.9556 17.8392 2.5199 47.3861 2.5043
2231 -6.6258 5.4373 42.5976 2.4170 19.3621 2.4776 133.7866 2.4742 54.2906 2.4492 -9.0446 4.2838 96.8163 2.4366 -7.7721 0.6385 19.7262 2.5128 47.4402 2.4605
2232 -6.9170 4.9502 39.8770 2.6425 20.4395 2.5174 132.7189 2.3779 52.1875 2.5210 -9.4731 4.4878 96.7681 2.6070 -7.2124 0.6341 22.2320 2.6958 47.9056 2.6142
2233 -6.7666 4.5119 37.8574 2.5905 21.2462 2.5006 131.0622 2.3849 50.7857 2.4257 -9.6403 4.1249 97.3172 2.5641 -6.7930 0.5645 25.4521 2.7962 49.3324 2.5418
2234 -6.4512 4.2321 36.7660 2.5600 21.5640 2.5359 129.7673 2.4258 49.6900 2.5404 -9.7877 3.7965 98.7457 2.5456 -6.6514 0.3781 29.1663 2.5940 51.1156 2.5232
2235 -6.1955 4.2920 36.3415 2.4929 21.9193 2.4517 128.2670 2.3630 49.0975 2.4657 -9.6631 3.5838 100.6447 2.5307 -6.8331 0.7592 32.9119 2.4766 53.2432 2.5205
2236 -5.9049 4.2117 36.0897 2.4457 21.5297 2.4424 127.2315 2.4979 48.6947 2.5040 -9.6591 3.2680 103.4057 2.4214 -7.0788 1.1763 36.3524 2.5937 55.5576 2.5849
2237 -5.9138 4.3024 36.2095 2.5059 21.1048 2.4500 127.1133 2.4908 48.9078 2.4632 -9.6193 3.4548 107.0211 2.3859 -7.4431 1.1184 39.7620 2.5285 57.6032 2.5214
2238 -6.1444 3.4661 36.4790 2.5705 21.6846 2.5257 127.4613 2.5439 50.2329 2.4271 -9.6752 3.7927 110.6844 2.4221 -7.8400 1.4462 43.3611 2.5594 58.8235 2.4785
2239 -6.5977 2.5052 37.1562 2.5937 22.9247 2.4966 128.5644 2.3758 52.1196 2.4372 -9.5985 3.7330 113.6556 2.4431 -8.6040 1.7523 46.6959 2.5836 59.4933 2.4503
2240 -6.3657 1.5247 38.4184 2.6029 24.1447 2.5670 130.4531 2.6139 54.5263 2.4405 -9.6275 3.6732 116.2230 2.4509 -9.7144 2.3828 49.9522 2.4284 59.8953 2.4725
2241 -6.0463 0.9032 39.7343 2.6634 25.6963 2.5985 133.2166 2.8088 57.9796 2.5774 -9.6370 3.2796 117.8683 2.6187 -10.3027 2.9477 52.8392 2.5168 60.2940 2.5202
2242 -5.7151 0.6279 40.3016 2.4804 26.9514 2.6340 136.6085 2.6429 61.0559 2.5047 -9.3547 3.0137 118.5525 2.5368 -10.1166 3.6668 54.9123 2.4093 60.8345 2.4886
2243 -5.1726 0.2638 40.3557 2.4216 28.3668 2.5155 140.1770 2.4644 63.6469 2.5015 -8.4981 2.4415 118.3511 2.4864 -9.3578 4.2417 56.1337 2.4740 61.4950 2.5172
2244 -4.6600 0.5391 39.6948 2.4092 30.1099 2.5827 143.1810 2.3890 65.5181 2.6645 -7.8144 1.9841 117.5851 2.4256 -8.0341 4.5914 56.6418 2.5254 61.7228 2.4621
2245 -4.6679 1.0059 38.2636 2.4722 32.6115 2.4922 145.7147 2.3711 66.5872 2.4537 -7.5636 1.9512 116.1508 2.4902 -6.5051 4.6852 56.4290 2.5921 62.1074 2.4788
2246 -5.0484 1.8277 37.3168 2.5366 35.7519 2.5186 147.2271 2.4023 66.8616 2.4181 -7.2406 1.8092 113.6230 2.4343 -4.9395 4.4139 56.2631 2.5372 62.2134 2.5027
2247 -5.1634 2.3980 36.2800 2.4859 39.0651 2.4646 147.8928 2.4421 66.6988 2.4785 -7.4804 1.7464 110.3914 2.5175 -3.4003 4.3622 55.8325 2.5585 62.3096 2.4803
2248 -4.4784 2.8896 35.7403 2.5137 42.6964 2.5703 147.9553 2.5977 65.8344 2.4240 -7.4969 1.4910 107.0135 2.5201 -1.2847 4.4902 55.1083 2.6350 62.4325 2.5184
2249 -3.9844 3.4221 35.3537 2.5444 46.1902 2.5125 147.0407 2.6531 65.0579 2.3916 -7.6256 1.1316 104.3679 2.5756 0.6962 4.3455 54.4627 2.4853 62.2755 2.4137
2250 -4.1626 3.8322 35.0165 2.5933 48.9212 2.4450 145.0308 2.5376 64.2641 2.4087 -7.6424 0.7577 102.5905 2.4231 2.8242 3.9005 54.2301 2.4863 61.3334 2.3844
2251 -4.7382 4.2663 34.1858 2.5282 50.8431 2.4106 142.7405 2.4957 63.2252 2.3968 -7.7350 -0.1048 101.2283 2.3892 4.3016 3.0995 54.6099 2.6561 59.6696 2.5795
2252 -6.0021 4.3276 33.5513 2.6027 52.4356 2.5308 139.6127 2.5988 62.3315 2.3737 -7.8318 -0.8076 100.7466 2.5416 5.2557 2.8133 55.9020 2.6021 57.2636 2.5112
2253 -7.3943 3.9884 32.8779 2.6011 52.9356 2.4645 136.0035 2.6232 62.2892 2.3649 -8.3011 -1.1638 101.2073 2.4423 5.5161 2.6824 57.8813 2.4802 55.1989 2.4895
2254 -8.0529 3.0054 32.4124 2.6368 52.7517 2.5973 132.4420 2.5054 63.1500 2.4476 -8.6683 -1.1406 102.2669 2.3860 5.3000 2.9893 60.6387 2.5892 53.4378 2.6064
2255 -8.1269 1.5669 31.5984 2.5491 51.9020 2.5608 128.6855 2.4666 64.7280 2.4441 -8.7152 -1.0454 104.1462 2.3789 4.7370 3.5228 63.4199 2.5768 52.4208 2.4878
2256 -7.7636 0.7535 29.9123 2.5139 50.2427 2.6583 125.1854 2.7224 66.9022 2.4233 -8.8104 -0.8607 106.5512 2.4598 3.2170 4.1465 65.6660 2.5802 51.9125 2.5020
2257 -7.6795 -0.0910 27.4240 2.7087 47.9771 2.7355 121.4817 2.7073 69.8312 2.5036 -8.6660 -0.6479 109.6038 2.4625 1.0042 4.5505 66.9334 2.5812 52.2954 2.5050
2258 -7.5950 -0.6319 24.3536 2.6350 45.6789 2.7218 118.2597 2.5253 73.4715 2.5120 -8.3246 -0.1616 113.0053 2.5289 -1.2561 4.9518 67.8148 2.4805 52.9046 2.5700
2259 -7.3585 -1.2893 20.8988 2.4265 43.7327 2.5875 115.3150 2.5124 76.5770 2.4729 -8.2816 0.7916 116.6226 2.6051 -3.3844 5.4862 67.9548 2.4999 54.4708 2.5456
2260 -7.2143 -1.3557 17.6949 2.3210 42.2623 2.5594 113.2475 2.5165 80.0651 2.5233 -8.4401 1.6727 120.3858 2.4672 -4.9651 5.7021 67.2908 2.5999 56.8482 2.4956
2261 -7.1932 -1.1793 14.8729 2.4043 41.7409 2.4435 111.8291 2.5406 83.6469 2.3691 -9.1570 2.5924 124.2599 2.4442 -5.5691 5.8306 66.4213 2.6508 59.9941 2.4482
2262 -7.1721 -0.9129 12.8591 2.4744 41.9126 2.5197 111.4666 2.5500 87.3579 2.5194 -9.9693 3.6160 127.8982 2.5116 -5.9194 5.9718 65.2207 2.6541 63.4043 2.3947
2263 -7.2437 -0.1432 11.8193 2.4380 42.8455 2.5839 111.6360 2.4823 90.9960 2.5821 -10.2789 3.9149 131.3181 2.3531 -6.3449 6.0594 64.0893 2.5222 66.8817 2.4615
2264 -7.4521 0.6740 11.2834 2.5357 44.5729 2.7006 111.9961 2.4915 94.2618 2.5689 -10.3461 4.1410 134.8209 2.3485 -6.1931 5.6920 63.0290 2.5966 70.2482 2.5924
2265 -7.8042 1.4644 11.5405 2.4494 47.0530 2.6835 112.4844 2.5235 96.8195 2.4551 -10.0744 4.1628 137.7657 2.5011 -5.7113 5.4369 62.9775 2.4173 73.6664 2.4451
2266 -8.1347 2.3789 12.9911 2.3998 49.4948 2.5766 112.7332 2.5389 98.7103 2.5288 -9.3426 3.7371 139.9062 2.4646 -5.2203 4.9368 63.5589 2.3908 77.3618 2.5143
2267 -8.7389 3.1633 15.3128 2.4946 51.7669 2.5657 113.1135 2.5303 99.8233 2.5752 -8.7770 3.5939 141.3943 2.4252 -4.5024 3.9374 64.8838 2.3636 80.3457 2.5133
2268 -9.2689 3.7756 17.9275 2.3463 53.1910 2.4772 112.8733 2.4065 100.3359 2.4930 -8.2372 2.7794 142.2953 2.4921 -4.3784 2.9929 66.7502 2.2883 82.8820 2.5317
2269 -9.1318 4.8630 21.2611 2.3983 53.6996 2.5597 112.0134 2.5537 99.7696 2.3848 -7.8981 1.6242 141.7346 2.5179 -4.6159 1.8838 69.5400 2.5462 84.8010 2.5741
2270 -8.8353 5.3250 24.8964 2.3760 53.9763 2.4793 110.7219 2.5167 98.3107 2.4528 -7.6112 0.7132 141.3619 2.5257 -5.5374 1.0833 72.8742 2.4567 86.3078 2.4068
2271 -8.3342 5.6323 28.6439 2.3596 53.2881 2.6268 108.2297 2.3353 96.3706 2.4103 -6.9688 -0.0436 140.8939 2.5379 -6.2556 0.1778 76.2226 2.4958 86.8179 2.5502
2272 -8.0901 5.5779 32.1645 2.6453 51.5443 2.5839 105.0938 2.2999 93.9208 2.3757 -5.7596 -0.2304 140.5289 2.4646 -6.6137 -0.3524 79.4670 2.4016 86.7610 2.6188
2273 -7.4802 5.4879 35.7689 2.6970 49.2238 2.6513 101.3610 2.5179 91.7782 2.5567 -4.5001 0.0036 140.0217 2.4685 -6.4979 -0.7628 82.2158 2.6323 85.5554 2.5674
2274 -7.4485 5.0136 38.2258 2.4637 47.0318 2.5478 98.0647 2.5222 89.8606 2.3938 -3.1261 0.2759 140.2038 2.5041 -6.4775 -1.0334 84.4841 2.5391 84.4340 2.5122
2275 -7.7805 4.8162 39.6785 2.5676 44.8845 2.4917 95.3732 2.5080 88.5610 2.4302 -2.2480 0.4807 140.6502 2.4031 -6.1938 -0.6757 85.9491 2.4326 83.6105 2.5243
2276 -8.0700 4.6003 41.0138 2.4435 42.9678 2.3820 93.1929 2.4069 87.9861 2.4617 -1.7246 0.5436 141.8728 2.3408 -5.8265 -0.5799 86.2762 2.4830 82.2812 2.5455
2277 -8.1962 4.6763 41.3348 2.4987 41.4285 2.4691 91.7745 2.4452 88.0977 2.5656 -1.7047 0.3728 143.9720 2.5197 -4.7387 -0.1083 85.8674 2.4215 81.5536 2.4565
2278 -8.5308 5.0629 40.9380 2.6135 40.0673 2.4566 91.1682 2.5625 89.0769 2.5677 -1.5709 0.2321 146.7997 2.5343 -2.7533 0.3829 85.0300 2.4972 81.2485 2.4451
2279 -8.8124 5.4977 39.7026 2.5979 38.8356 2.5726 91.1631 2.5298 90.0876 2.5915 -1.6797 0.2417 150.3905 2.5466 -0.3174 0.8564 83.3010 2.4151 81.1838 2.4310
2280 -8.9765 5.6971 37.8540 2.5972 37.6888 2.4097 91.0195 2.4398 91.3745 2.5657 -2.3475 0.2877 153.9573 2.7114 2.1652 1.1724 81.2014 2.5979 81.1942 2.4467
2281 -9.1318 5.4491 35.0789 2.6999 36.4988 2.3948 91.0599 2.4254 92.8188 2.6279 -3.2740 0.1068 157.3781 2.5137 3.8645 1.8247 79.3460 2.4633 81.6444 2.4708
2282 -9.4276 4.7062 31.7835 2.3980 35.4446 2.3735 91.3151 2.4822 93.6647 2.5571 -4.2163 0.1039 160.6563 2.4608 4.9196 2.2084 77.5163 2.4689 81.8211 2.4844
2283 -9.5851 4.0782 28.1799 2.4030 34.1055 2.2467 91.5452 2.4816 93.8675 2.4072 -5.2619 -0.1994 163.7404 2.7231 5.4738 2.5090 76.7179 2.6051 81.5556 2.4352
2284 -9.5545 3.7521 25.3834 2.2870 31.9785 2.4603 91.4889 2.5674 93.0284 2.4656 -6.6716 -0.5358 166.3630 2.4198 5.8438 2.4931 76.1515 2.3839 81.0665 2.5508
2285 -9.6203 3.8545 23.0146 2.5161 29.2778 2.4224 90.6073 2.3997 91.8497 2.4165 -7.8913 -0.6101 168.4519 2.1945 5.5119 2.2662 76.5662 2.4437 79.9905 2.5625
2286 -9.8376 3.6535 21.6277 2.4337 26.0374 2.4688 89.2482 2.5573 90.4409 2.3337 -8.5641 -0.7960 169.8821 1.4104 4.9620 2.3190 77.9512 2.3969 78.8323 2.5183
2287 -9.7467 3.5140 20.4297 2.4663 22.4118 2.4797 87.1738 2.6730 88.7417 2.3066 -9.0061 -0.8682 170.4271 0.8170 3.7391 2.9173 79.9778 2.4187 78.1941 2.3634
2288 -9.4444 2.7635 20.2674 2.4582 19.5339 2.5091 84.5712 2.5072 87.2822 2.4614 -8.9374 -0.8122 170.6523 0.4914 2.2106 3.4867 82.5491 2.5072 77.4725 2.4318
2289 -9.1159 2.3377 20.8771 2.4461 17.2306 2.5958 82.4922 2.4819 86.4401 2.4299 -8.2398 -0.4263 169.8952 0.3435 -0.1585 3.7354 86.1831 2.5471 77.1021 2.4811
2290 -8.5305 1.7773 22.2327 2.4495 15.5773 2.4549 81.1498 2.5625 86.2211 2.4859 -7.7009 -0.6456 169.0406 0.4813 -2.4317 3.7701 89.7447 2.3847 77.6040 2.4219
2291 -7.3744 1.7277 24.5073 2.2641 14.6871 2.4301 80.3735 2.4786 86.5821 2.4333 -7.6712 -1.0330 168.2135 0.8617 -4.2555 3.7773 93.3590 2.5894 78.8941 2.4262
2292 -6.7382 1.9760 27.5381 2.4078 14.2867 2.4485 80.6524 2.5894 87.8876 2.4581 -8.2142 -1.1328 167.5799 0.5499 -5.1683 3.8253 96.5075 2.6051 81.1713 2.4047
2293 -6.1787 2.3612 31.0089 2.6082 14.1980 2.5172 81.3563 2.5719 89.1284 2.5189 -8.7431 -0.3304 166.5117 0.3047 -6.0341 3.5355 99.1983 2.5380 83.7997 2.3530
2294 -5.3124 2.5771 33.8117 2.5386 14.2656 2.5488 82.6307 2.5855 90.6919 2.5197 -8.9098 0.8043 165.5720 0.5644 -6.5301 3.0770 101.0636 2.5766 86.3410 2.2948
2295 -4.5293 2.4035 35.9369 2.5887 14.1094 2.5538 83.7585 2.5569 92.0412 2.4341 -8.8677 1.3205 164.5843 0.8397 -7.2638 2.6622 102.3294 2.5811 88.5244 2.4069
2296 -4.4209 2.2916 37.3185 2.5431 14.2776 2.5730 84.9682 2.4347 92.7402 2.4826 -8.8543 1.9293 164.5225 1.3934 -8.5958 2.1514 102.6358 2.5079 89.7058 2.4650
2297 -4.4680 2.2825 38.0284 2.4055 14.9485 2.5150 85.9332 2.5114 92.8398 2.5089 -9.5492 2.3149 164.6172 1.4278 -9.0862 1.4309 102.2030 2.4966 90.2262 2.5898
2298 -4.0513 2.3846 37.5495 2.4175 15.7333 2.4156 86.3087 2.5074 92.1238 2.4478 -10.4538 2.5973 165.3573 1.4584 -9.4057 1.2054 100.8770 2.4178 89.9710 2.4572
2299 -4.0870 2.7853 36.7961 2.3874 16.2081 2.5055 86.2682 2.4358 90.6439 2.5489 -10.8371 3.0046 166.6514 1.4683 -9.1416 1.7363 98.9517 2.3570 89.1059 2.3041
2300 -4.3397 3.4375 35.2025 2.3914 16.3308 2.4997 85.5555 2.3947 88.2984 2.4893 -10.7255 3.0020 167.9285 1.1868 -8.5696 2.3881 96.2915 2.4162 87.5412 2.3214
2301 -4.2973 4.2390 33.0077 2.3324 16.7936 2.4149 83.7045 2.4066 85.4643 2.3947 -10.1126 2.5038 168.6403 0.5395 -8.4609 2.5848 92.8275 2.6036 86.1720 2.4527
2302 -4.3471 4.7127 30.6188 2.4888 17.3416 2.4924 81.1219 2.5194 82.8790 2.4263 -9.3516 2.4220 169.1868 -0.0491 -8.0234 2.8268 89.4374 2.5524 84.7781 2.4169
2303 -4.3829 4.8244 28.3462 2.5074 18.5363 2.5022 77.9520 2.5244 80.9662 2.4983 -8.5431 1.8081 169.1558 -0.4700 -7.7287 3.0202 86.0812 2.5714 83.4178 2.4710
2304 -4.7226 4.1990 26.4843 2.5214 19.6278 2.5178 74.0021 2.5367 80.2911 2.4538 -7.6719 1.4502 169.9606 -0.8759 -7.0395 3.2670 83.0141 2.5809 82.8616 2.4681
2305 -5.6366 3.1803 25.2344 2.4227 21.0221 2.4976 70.5003 2.6278 80.0834 2.5491 -6.1098 1.0647 170.6312 -0.5935 -6.3102 2.9875 80.4462 2.5822 82.8627 2.4054
2306 -6.9160 2.6909 24.9799 2.5530 22.5647 2.4047 66.6602 2.6409 80.4478 2.5909 -3.9945 0.5767 171.2781 -0.3220 -5.8370 3.0136 78.5770 2.5903 83.8457 2.2984
2307 -7.7193 2.2803 25.4213 2.5299 23.4274 2.4428 62.6575 2.6619 81.5144 2.5577 -1.5805 0.2867 171.3762 -0.1659 -5.2306 2.5168 77.5897 2.4461 85.5056 2.5664
2308 -7.7911 2.0986 26.6228 2.5655 23.3148 2.4120 58.9842 2.5210 83.3044 2.5720 0.3958 0.6642 171.4072 0.0301 -5.5637 2.0512 77.3216 2.5049 87.9984 2.5319
2309 -7.5194 1.7664 28.6035 2.5254 22.4850 2.4320 55.9469 2.5282 85.5508 2.5040 1.8826 1.0889 171.3760 -0.1840 -6.3475 1.4576 77.7061 2.5867 90.8765 2.3476
2310 -7.2870 1.2058 31.1430 2.4430 20.9488 2.4346 53.7909 2.4636 87.2721 2.4665 2.4738 1.5080 171.2205 -0.2650 -7.4702 1.1077 78.7783 2.6121 93.7243 2.3465
2311 -7.0634 0.5898 34.5362 2.4023 18.4786 2.3573 52.1813 2.5082 89.0352 2.5583 2.6281 1.6671 171.5301 0.3732 -8.2789 0.3200 79.7651 2.5858 96.0217 2.2831
2312 -6.8375 -0.1825 38.6824 2.3695 15.3399 2.1396 51.4092 2.4575 89.7643 2.4235 2.4907 1.3105 171.7384 1.3404 -9.1037 0.2387 81.0341 2.5714 97.6046 2.4996
2313 -6.8987 -0.9743 41.7697 2.5126 11.9053 1.8998 51.2077 2.5111 90.0206 2.4639 1.4793 0.7653 171.6527 2.1568 -9.5119 -0.0376 82.1599 2.5007 98.0181 2.4924
2314 -6.9569 -1.2397 44.3597 2.3952 8.3689 1.7368 51.7413 2.6183 89.2883 2.5681 -0.2243 0.2563 171.2727 2.7616 -10.2207 0.3523 82.6567 2.5360 97.7723 2.5297
2315 -6.9733 -1.0474 46.0530 2.3721 5.1720 1.4289 53.0494 2.5066 88.1892 2.4342 -2.3276 0.2882 170.7579 2.8837 -10.6299 0.7381 82.4475 2.3451 96.8566 2.6329
2316 -7.4672 -0.5657 47.0194 2.4527 2.0232 0.7447 54.6365 2.6218 86.2251 2.3848 -4.8578 0.4408 169.9775 2.8651 -10.5157 0.7208 81.3152 2.3328 96.2312 2.5468
2317 -7.8087 -0.0850 47.1558 2.4484 -0.5184 0.0285 56.1583 2.6728 83.5419 2.6868 -6.7287 0.7218 169.4491 2.0854 -10.8824 0.6597 79.7260 2.2974 95.1140 2.5368
2318 -7.9121 0.8174 46.7820 2.5541 -2.3190 -0.5411 58.0113 2.5590 80.4474 2.7278 -7.6473 1.2735 169.1789 1.5525 -10.6259 0.5327 77.0455 2.3831 93.9962 2.6460
2319 -8.1175 1.5196 45.4967 2.3847 -3.2456 -0.5648 58.7756 2.5605 76.9887 2.4854 -8.4376 1.6765 168.6829 1.3400 -10.6356 0.5414 74.1395 2.5267 93.4617 2.4406
2320 -8.4440 2.2708 44.2035 2.4542 -3.7942 -0.4828 58.6556 2.4224 73.3635 2.3559 -8.9008 2.8536 168.0652 0.6119 -10.4801 0.4873 70.6518 2.3080 93.8172 2.4249
2321 -8.0605 2.7587 43.0460 2.4279 -3.6482 -0.1714 57.8118 2.3772 69.7243 2.4658 -9.2985 3.8891 167.3603 -0.2005 -10.3531 0.4159 67.2140 2.4998 94.7484 2.4971
2322 -7.2116 3.3334 41.8489 2.3638 -2.5914 -0.0524 56.4298 2.3404 66.7130 2.4604 -9.3110 4.7022 167.0302 -0.5444 -9.9453 0.6776 64.2640 2.4704 96.6454 2.4686
2323 -5.8232 3.7135 41.3391 2.4870 -0.7665 0.2980 54.2585 2.4248 64.6153 2.4805 -8.6091 5.7288 166.7055 -0.7481 -9.0077 1.1750 61.7703 2.4144 99.2566 2.3801
2324 -3.7612 4.2196 41.3829 2.5152 1.8011 0.4509 52.0730 2.5388 63.0834 2.4798 -7.8729 6.3376 166.7239 -0.6509 -8.1851 1.5185 59.9233 2.4447 102.4191 2.5960
2325 -0.9154 4.3252 42.0856 2.3471 4.7718 0.8526 49.9161 2.4412 62.3724 2.5070 -7.5208 6.6709 166.6462 -0.3095 -7.2548 1.4339 58.5159 2.4549 105.8117 2.4446
2326 1.8039 4.0886 43.7891 2.3893 7.9337 1.4027 48.2492 2.4785 62.4950 2.5318 -7.6985 6.5664 166.7880 0.1146 -6.4139 1.1847 57.0963 2.5026 109.4021 2.5060
2327 4.4833 3.6799 46.1502 2.2952 10.9508 2.0213 46.9572 2.4557 63.2298 2.5753 -8.0400 6.1280 166.6761 0.5608 -5.2997 1.2372 55.9450 2.5492 112.8934 2.3823
2328 6.5944 3.1819 49.4134 2.3296 14.3392 2.2317 45.7201 2.4519 64.8376 2.6080 -8.6620 5.8579 166.4126 1.0363 -4.2368 1.2114 55.1136 2.4891 116.3141 2.4721
2329 7.6892 2.6476 53.3241 2.5263 17.3722 2.5876 44.5533 2.4883 67.2648 2.5465 -8.9002 5.3529 166.7212 1.3780 -2.7692 1.8782 53.7439 2.4340 119.4043 2.4450
2330 8.4109 2.5200 57.1818 2.5958 19.9268 2.5153 43.1826 2.4990 70.2351 2.4735 -8.6079 4.5433 167.5895 1.2446 -1.1919 2.3766 52.8120 2.3909 121.8802 2.5425
2331 8.4018 2.4589 60.5872 2.4707 21.4599 2.4037 41.9837 2.6191 73.7720 2.5275 -8.1944 3.8260 168.5970 1.2432 0.2918 2.7098 51.7208 2.3897 123.2768 2.4166
2332 7.5889 2.2487 63.4332 2.5811 22.5374 2.5262 40.6885 2.4472 77.3043 2.4843 -7.8810 2.9180 169.3186 0.9647 1.9972 3.1566 50.3671 2.5359 124.2269 2.4017
2333 6.3507 1.9429 65.3810 2.5096 22.7472 2.4956 39.3243 2.4506 80.7295 2.5898 -7.8086 2.0169 169.4891 0.6496 3.9281 3.3331 48.6626 2.4687 124.5016 2.4240
2334 4.6077 1.6158 66.7319 2.5937 21.9674 2.3630 37.4780 2.3582 84.3221 2.2421 -7.9649 0.9079 169.6687 0.7079 5.7406 3.2113 46.4369 2.6154 123.8602 2.5471
2335 2.8065 1.6517 67.2973 2.4893 20.4009 2.2855 34.6698 2.3483 88.0985 2.4941 -7.7646 -0.2857 170.2595 0.4486 7.6740 2.9971 43.8514 2.6153 122.6285 2.5154
2336 0.9125 2.1611 67.1444 2.5735 18.9436 2.3767 31.6171 2.3732 91.5125 2.4087 -6.7586 -0.6871 170.6612 0.0854 9.1478 2.6896 42.0965 2.6247 120.6872 2.6012
2337 -0.6505 2.4219 66.2016 2.4624 17.5301 2.5260 28.4705 2.3566 94.5047 2.5001 -6.1323 -0.6104 170.8666 0.1022 9.9684 2.5298 40.7290 2.5871 117.8439 2.6394
2338 -1.8822 2.4038 64.5910 2.5629 16.5040 2.4275 24.9235 2.5762 96.9507 2.4744 -5.5913 -0.5032 171.3606 0.4154 10.7301 2.3917 40.1522 2.5812 115.0621 2.4400
2339 -3.0931 2.0967 62.8847 2.6492 15.6294 2.4869 21.3608 2.3992 98.4734 2.4203 -4.7637 -0.6384 171.5911 1.3136 11.0302 2.5248 40.4776 2.4447 112.7063 2.2773
2340 -3.8485 2.3458 61.5938 2.6854 15.2327 2.4070 18.4035 2.3765 99.2213 2.5596 -3.8742 -0.2497 171.1261 1.9201 10.9733 2.5120 41.0698 2.3443 111.0909 2.4539
2341 -4.0729 2.7217 60.4661 2.5568 14.8424 2.4964 16.2072 2.3827 99.2611 2.5114 -2.6060 0.0416 170.4352 2.5669 10.5222 2.5062 42.6934 2.3181 110.6873 2.5652
2342 -4.3674 2.9369 59.9269 2.5162 14.5555 2.4685 14.6821 2.4420 98.9197 2.4203 -0.6489 0.3420 169.3653 2.8014 9.4517 2.4148 44.9451 2.3409 110.3438 2.5650
2343 -4.2760 3.5181 60.3346 2.4569 14.1336 2.5817 13.6429 2.5476 97.6777 2.3689 1.8619 0.6738 168.9735 3.1004 7.8142 2.4964 47.9307 2.4840 111.0523 2.5796
2344 -4.0064 3.7280 61.1944 2.5206 13.8561 2.5793 13.3711 2.5525 95.7552 2.3502 4.9618 1.1559 168.4969 3.2443 5.8748 2.4915 51.4522 2.5536 112.3833 2.5893
2345 -4.0297 4.0353 62.4953 2.5214 13.5241 2.4641 14.1162 2.5965 92.6944 2.3943 8.0173 1.9839 167.9460 3.1305 4.2454 2.5607 54.6842 2.5028 113.9327 2.6674
2346 -4.3186 4.2211 63.7733 2.5214 11.8570 2.5236 15.5894 2.5265 89.4296 2.6608 11.4234 2.3016 166.9534 2.7750 2.5747 2.8240 57.6747 2.4920 115.5195 2.6584
2347 -4.4536 4.5168 65.1366 2.5233 10.0874 2.9841 17.8860 2.5269 86.5520 2.4822 15.0834 2.5762 165.8543 2.4775 1.4684 3.3473 59.9923 2.5226 117.0054 2.5377
2348 -3.9918 4.8378 66.2179 2.4692 7.5684 3.5640 20.6824 2.5056 84.2459 2.3054 18.7235 2.3820 164.9756 1.8483 -0.3901 3.5944 61.2979 2.4955 118.0329 2.5143
2349 -3.0893 4.8739 66.3023 2.5983 4.3766 4.1193 24.3935 2.5494 82.4737 2.4576 22.2779 2.4161 165.1460 0.8225 -2.0497 3.9068 62.0045 2.5114 118.4303 2.4784
2350 -1.8418 4.4469 65.6119 2.5130 1.1017 4.6926 27.9577 2.3200 81.5890 2.5075 25.9060 2.4433 165.5765 -0.0181 -3.2996 3.9998 62.1519 2.5474 118.2313 2.5308
2351 -0.5817 4.1725 64.2907 2.6526 -1.4779 4.7760 31.6665 2.3890 81.3659 2.4411 29.0540 2.5057 166.4940 -0.7721 -4.0806 4.0983 61.4995 2.4314 117.6040 2.4398
2352 1.3932 4.1610 62.2159 2.7780 -3.9843 4.6275 35.2933 2.2245 82.0661 2.4228 31.6409 2.4506 167.1633 -1.0910 -3.9100 4.1330 60.0196 2.3031 117.3796 2.4964
2353 4.0255 3.9168 59.2776 2.7210 -5.5795 4.0592 39.1160 2.3502 83.3501 2.4812 33.4197 2.3815 167.4029 -1.4571 -2.9889 4.1914 57.8430 2.4233 116.8385 2.4499
2354 6.6854 3.4286 55.9692 2.7918 -6.3705 3.7122 42.8511 2.4438 85.1275 2.4625 34.6713 2.4927 167.5539 -1.2420 -2.0528 4.3233 55.0123 2.2203 116.0171 2.4451
2355 8.5682 3.1289 53.3526 2.6658 -6.8599 3.1810 46.5615 2.4280 87.5205 2.3109 35.0697 2.4349 167.9565 -1.4192 -1.4864 4.0793 51.5965 2.3197 115.8978 2.5426
2356 9.9601 2.6769 51.3595 2.5658 -7.4093 2.3365 50.5758 2.4635 89.8681 2.4094 34.6267 2.5151 168.5692 -1.5083 -0.7844 3.1685 48.2604 2.5160 116.5996 2.4372
2357 10.8221 2.4746 50.0664 2.5068 -7.9814 1.4559 53.9688 2.5286 91.4888 2.4898 33.3603 2.5156 169.0693 -1.7669 -0.3209 2.0471 44.6957 2.5069 118.0712 2.4741
2358 11.2953 2.4871 49.2790 2.5112 -7.6999 0.6580 56.9464 2.3933 92.2448 2.4130 31.4630 2.4269 169.2801 -1.4929 -0.7907 1.0561 41.3402 2.5163 120.2152 2.5129
2359 11.0966 2.6651 49.5175 2.4326 -7.1488 -0.1452 59.1430 2.4552 92.4682 2.5539 29.2662 2.3294 168.7926 -1.0857 -1.3498 0.8305 37.6963 2.5148 122.9702 2.5519
2360 10.0193 2.7130 50.2541 2.4303 -6.7368 -0.5823 60.8454 2.5962 91.8416 2.6283 27.1904 2.4759 167.7871 -0.4309 -1.9380 0.7070 34.3431 2.6046 126.4141 2.5491
2361 8.1481 2.9430 51.6073 2.4810 -6.5208 -1.0008 61.4955 2.5132 90.7442 2.5696 25.4653 2.3944 166.2688 0.0584 -3.0597 0.7846 30.9670 2.5304 129.3615 2.4882
2362 5.6855 3.5624 54.0582 2.3750 -6.4315 -1.1849 61.6695 2.4892 88.8076 2.6281 24.6144 2.4097 164.5714 -0.0594 -4.5445 1.2896 27.4051 2.5610 131.5453 2.5335
2363 2.5580 4.1599 57.1201 2.4338 -6.4006 -1.2822 60.6480 2.4043 86.2521 2.6924 24.4437 2.5856 162.8204 -0.0912 -5.9736 2.2540 23.8188 2.6360 133.0768 2.5645
2364 -0.2793 4.2485 60.1188 2.5979 -6.8585 -0.7211 59.3672 2.3169 83.0019 2.5737 24.7743 2.6181 161.2657 0.1887 -6.9657 2.8651 20.1253 2.5583 133.9379 2.5674
2365 -3.1592 4.2031 62.5271 2.7718 -7.0413 0.0146 57.7473 2.2652 79.4901 2.5239 26.1952 2.5447 159.4626 0.7177 -7.1107 3.7637 16.6803 2.5768 133.9239 2.4507
2366 -5.4906 3.7895 64.3116 2.5561 -7.0803 0.9169 55.9486 2.4333 76.2759 2.4380 28.1053 2.6459 158.1580 1.1355 -6.9497 4.3793 13.4636 2.6406 133.1156 2.3748
2367 -7.3667 4.1469 65.7132 2.5538 -6.5259 1.1932 54.4840 2.3886 72.6503 2.2957 30.5216 2.6158 157.5129 1.9451 -6.4112 4.7979 10.8260 2.5528 131.7562 2.3786
2368 -8.8960 4.4767 66.9858 2.5345 -5.9604 1.0419 53.5760 2.5402 69.0468 2.5481 33.1178 2.5871 157.2190 2.6036 -5.0899 4.9787 8.7853 2.4738 129.7000 2.3743
2369 -9.4256 4.9248 68.3019 2.4769 -5.9734 1.0275 53.4054 2.4677 65.8307 2.6106 35.3853 2.4901 157.5059 2.7323 -3.7545 5.0301 7.1432 2.5573 127.1249 2.4509
2370 -9.8053 5.0458 69.4504 2.5454 -5.3309 1.2128 54.0517 2.3939 63.3789 2.5281 37.0382 2.5299 158.3011 2.5668 -2.2870 5.0436 6.5619 2.5624 123.6248 2.4788
2371 -10.2335 4.7496 70.3913 2.5697 -4.9238 1.3796 55.2075 2.5829 61.6199 2.4919 37.7466 2.4613 159.4939 2.8811 -0.2558 4.6717 6.5684 2.6636 120.1247 2.4843
2372 -10.7318 4.3869 71.6462 2.5687 -4.6024 1.7627 56.2622 2.4419 60.1674 2.5586 37.8066 2.4140 161.4910 3.5147 2.0570 4.2397 7.2344 2.6945 116.8542 2.6154
2373 -11.1696 4.2865 72.9467 2.4002 -3.7668 1.8854 57.2442 2.5131 59.9090 2.5075 37.0480 2.4002 163.1598 4.2469 4.0947 3.6798 8.8945 2.6816 114.0293 2.6220
2374 -11.1201 4.2108 75.0693 2.4503 -2.6374 1.4592 58.2401 2.4497 59.9241 2.5135 35.4353 2.4495 164.3629 4.3284 5.5001 3.1986 11.0988 2.5656 111.7156 2.6497
2375 -10.7925 4.4006 77.7722 2.5263 -1.6883 1.3998 58.6002 2.5892 60.2512 2.4958 33.1415 2.3418 165.1350 4.4118 6.2753 2.7131 13.0375 2.5801 109.6988 2.6285
2376 -10.6785 4.5348 81.2878 2.3712 -1.2156 1.2470 58.0552 2.5806 61.1696 2.5668 30.3247 2.3485 165.6070 4.3021 6.6196 2.6479 14.9805 2.7559 107.8992 2.5385
2377 -10.7863 4.1530 84.8860 2.3873 -1.1953 1.3086 56.8437 2.5051 62.5264 2.6608 26.6706 2.4121 165.2051 4.4699 6.1031 3.0034 16.4653 2.5798 106.0899 2.4992
2378 -10.8411 3.7994 88.1602 2.5080 -1.2402 1.8155 54.7714 2.5517 64.4756 2.5497 23.1108 2.5558 164.1818 4.3772 4.7263 3.3706 17.1116 2.4275 103.9002 2.4748
2379 -10.7183 3.1236 91.1796 2.4917 -1.2749 2.7160 52.3407 2.5386 66.3060 2.5139 19.6323 2.4091 162.2737 4.4973 2.9186 3.9613 16.9986 2.5696 102.3203 2.5076
2380 -11.4088 2.4203 93.3342 2.4919 -1.3333 3.6008 49.7305 2.5493 67.9006 2.5172 16.8913 2.4655 160.5443 4.0730 0.9144 4.4519 16.3951 2.6389 100.6786 2.6030
2381 -11.5115 2.4426 94.6138 2.5517 -1.7915 3.8022 47.4469 2.4846 69.0643 2.5548 15.0888 2.5444 158.4243 3.7037 -1.1998 4.8767 15.1269 2.5693 98.8071 2.7573
2382 -11.1805 2.3528 95.3589 2.5316 -2.5180 3.7576 45.8175 2.4664 69.7192 2.5669 13.6155 2.6781 157.0448 3.1531 -2.7425 5.3381 12.9285 2.7196 96.9686 2.6564
2383 -11.0114 2.3669 95.2906 2.6194 -3.6741 4.0020 44.4324 2.5037 69.8012 2.5067 12.8547 2.5514 156.1627 2.5851 -3.9341 5.7140 10.2601 3.2289 94.9968 2.6483
2384 -10.9636 2.6981 94.2966 2.6364 -4.5253 4.4621 43.7487 2.5264 70.2201 2.4173 13.1409 2.4374 155.5424 2.3266 -5.2666 6.0863 7.2723 3.4385 91.7257 2.4512
2385 -10.9057 2.7426 92.8245 2.6336 -4.8374 4.4662 44.0833 2.5108 71.0703 2.4771 13.7125 2.4239 155.5673 2.8511 -6.2378 6.1820 4.4663 3.7868 87.9815 2.5379
2386 -11.2184 2.7224 90.5730 2.6075 -4.9833 4.6889 45.0545 2.5094 71.6268 2.4901 15.6348 2.3491 156.1683 3.3032 -7.3175 6.3193 1.9873 3.6529 84.5455 2.3280
2387 -11.1143 2.1135 87.5044 2.6292 -4.8666 4.9032 46.6866 2.5381 72.4839 2.4491 17.8854 2.3241 157.5356 3.7066 -8.2131 6.0906 0.0932 3.4216 80.8641 2.3820
2388 -10.2793 1.2966 83.9607 2.6144 -4.5560 4.5346 49.2250 2.4097 73.2732 2.4150 20.8180 2.3304 159.4357 4.0469 -8.0987 5.7398 -1.0348 3.3793 77.6745 2.5045
2389 -9.1386 1.0534 79.9448 2.5930 -5.2315 4.3937 52.4422 2.3417 73.8500 2.4985 23.6690 2.5500 161.1241 4.8391 -7.7962 5.4629 -2.3332 3.3042 74.8467 2.5223
2390 -8.7154 1.1242 76.2604 2.5525 -5.5239 4.8759 55.8529 2.4426 74.4726 2.5340 26.2264 2.4211 163.0947 5.3816 -7.7236 5.3578 -3.1680 3.4015 72.7271 2.6746
2391 -8.1305 0.6030 72.6658 2.6636 -5.7543 5.6096 58.9436 2.4238 75.0735 2.5240 28.3319 2.4791 164.8767 5.5081 -7.5055 4.9568 -3.7193 3.5021 71.6990 2.4975
2392 -7.4499 0.0681 69.1920 2.6561 -5.5051 5.9590 61.9231 2.4557 75.6306 2.5001 30.1316 2.5306 165.7527 5.6891 -7.2645 4.3170 -4.3793 3.7061 71.1686 2.4905
2393 -6.3023 -0.7583 65.5738 2.6865 -4.5869 5.9680 64.1314 2.5638 75.9827 2.5395 32.1221 2.5448 166.6910 5.7127 -7.0208 3.3416 -4.4621 3.4121 71.2041 2.4214
2394 -5.5436 -0.9080 61.8692 2.4572 -3.6911 5.5129 65.9286 2.4958 75.5767 2.5547 34.2669 2.4182 167.0710 5.6095 -6.6394 2.5364 -4.1046 3.5805 72.2695 2.4561
2395 -4.7609 -0.8620 58.1956 2.5794 -3.6769 5.1410 67.0825 2.4865 74.7359 2.6866 36.0590 2.4824 166.9296 5.6165 -6.3021 2.3916 -4.5475 3.9959 73.7656 2.4485
2396 -4.1847 -0.2678 54.6793 2.4680 -3.6961 5.1725 68.1284 2.4616 73.2507 2.6952 37.2908 2.4320 166.3636 5.3503 -5.7782 2.7053 -5.0231 4.7741 75.8099 2.4278
2397 -3.8960 0.3624 51.1714 2.5654 -3.8817 5.2672 69.1769 2.5099 71.1523 2.7047 37.8078 2.4692 165.5683 5.3671 -5.3287 3.4317 -6.1716 5.5220 77.4869 2.3602
2398 -3.9868 1.3700 47.8915 2.5215 -3.8876 5.2710 69.9565 2.5359 68.3178 2.6706 38.0267 2.4347 165.1884 5.3262 -5.7253 3.4772 -7.4108 5.8994 78.8756 2.4938
2399 -4.2703 1.4785 44.3447 2.6969 -4.0660 5.0839 70.5503 2.5251 65.9965 2.5335 38.6727 2.5297 165.2876 5.3270 -6.0540 3.3368 -8.7133 5.5244 79.6885 2.5033
2400 -4.1573 2.0604 41.1481 2.5710 -4.3919 4.7607 71.1362 2.4019 64.0024 2.4548 39.7104 2.4771 166.0059 5.3049 -6.6474 2.9132 -9.1564 4.3743 80.1917 2.4638
2401 -3.8328 2.3518 38.5964 2.5058 -4.9164 4.1629 71.6483 2.4476 63.0096 2.4028 40.7701 2.4960 166.8790 5.0395 -7.3491 2.8334 -9.7100 3.4789 80.8578 2.4729
2402 -3.9423 2.9249 36.7117 2.5559 -5.8153 4.1985 72.4408 2.5425 62.8549 2.5134 41.7467 2.4566 168.1278 4.6483 -8.5722 3.0032 -10.1877 2.7941 81.3070 2.4962
2403 -4.6073 3.4962 35.5988 2.4669 -6.7040 4.6343 73.2979 2.4627 63.0101 2.4029 42.6329 2.3813 168.9846 4.0103 -9.0651 3.5175 -10.5968 2.6012 81.7226 2.5739
2404 -5.2543 4.6098 35.2076 2.5300 -8.0842 4.8607 74.6229 2.4581 64.2311 2.4309 43.6652 2.4025 169.1322 3.2428 -9.5835 4.0052 -11.0911 2.5490 82.0904 2.3860
2405 -6.1067 5.2301 35.5734 2.5503 -8.9063 5.1570 75.9155 2.4944 65.9301 2.4551 44.9590 2.3628 169.3932 2.6352 -9.7282 4.1983 -11.3820 2.1432 82.7520 2.4301
2406 -6.8964 5.5588 36.6420 2.5748 -9.2261 5.3477 77.3539 2.5344 68.3949 2.2852 46.6745 2.3572 169.6714 2.2392 -9.2995 4.2128 -11.1235 1.2904 84.1504 2.4595
2407 -7.1827 5.6874 38.5086 2.5220 -8.5909 5.0160 78.5122 2.6466 71.2863 2.3585 48.3149 2.2872 169.6140 1.9216 -8.6881 3.8475 -10.7206 0.5473 86.3787 2.5297
2408 -7.2566 5.7504 41.0098 2.5469 -8.0420 4.2857 79.2090 2.5892 73.6839 2.3783 49.9521 2.4360 168.7714 1.6454 -8.2976 3.8249 -10.5177 0.2084 88.9503 2.5771
2409 -7.2844 6.1000 44.2167 2.5432 -7.1282 3.7036 79.9709 2.5269 75.6666 2.4528 50.8963 2.3367 168.3346 1.4256 -8.2302 4.1201 -10.3710 -0.0913 91.5270 2.5735
2410 -7.8077 6.3624 47.8582 2.5579 -6.4888 3.1682 80.3016 2.5381 76.7557 2.4497 50.9916 2.5137 167.8287 2.0135 -8.5755 4.8180 -9.6264 0.0511 93.2558 2.4421
2411 -8.1408 6.3698 51.3947 2.7204 -5.6499 2.8049 81.1419 2.5367 76.9600 2.5310 50.2678 2.4870 167.5663 2.6629 -8.4560 5.5094 -8.6719 0.3512 94.5263 2.5176
2412 -8.1079 6.3499 54.2392 2.7118 -5.1044 2.3601 81.5712 2.5079 76.2760 2.5799 48.9116 2.4559 167.3138 3.4536 -7.9620 5.9078 -7.1387 0.7759 94.8626 2.5014
2413 -8.3090 6.2292 56.6176 2.4765 -4.2363 2.0172 82.0600 2.4774 75.5751 2.4951 46.9500 2.3042 167.6456 4.6784 -7.0994 5.8327 -5.8053 0.5209 94.7601 2.4137
2414 -8.5289 5.7564 57.9049 2.5578 -3.4994 1.6627 82.2464 2.4632 75.2132 2.4849 44.0211 2.5476 168.4494 5.2221 -6.5242 5.4231 -4.4822 0.5376 93.7931 2.4467
2415 -8.6276 5.1180 58.8737 2.5464 -3.1421 1.2331 82.5175 2.4625 74.6712 2.5632 41.0369 2.4689 169.0085 4.9326 -6.4872 4.5482 -2.7216 0.9831 91.7031 2.4060
2416 -8.6356 4.0445 58.7060 2.5007 -3.0983 1.0524 83.1747 2.3804 74.4325 2.4694 37.4293 2.5630 169.4934 4.4148 -6.9051 4.2344 -0.9735 1.1127 88.9867 2.3324
2417 -8.9426 3.0114 57.6853 2.4407 -3.1343 0.7561 83.8228 2.5125 74.5618 2.4744 33.7876 2.5564 170.3377 4.1608 -6.9037 4.2367 0.4108 1.0539 85.7925 2.4678
2418 -9.6128 2.1501 56.2725 2.4290 -3.1165 0.9571 83.5784 2.4177 75.6527 2.4516 30.4280 2.4751 171.2094 3.8609 -6.5582 4.7499 1.7459 1.5481 82.4759 2.4257
2419 -9.7674 1.3374 54.1481 2.4011 -3.2554 1.5158 82.3036 2.5220 77.5265 2.4249 27.2051 2.5136 171.9592 3.1448 -5.7687 5.1996 2.4715 2.1165 79.2014 2.3671
2420 -10.2659 1.0246 51.4985 2.3990 -3.0929 1.4880 80.2860 2.4816 80.1695 2.3662 24.5951 2.4919 172.4710 2.7478 -5.4971 5.2677 2.6316 2.3182 75.5269 2.4093
2421 -10.1959 0.5734 47.8725 2.4839 -2.6693 1.5023 77.6064 2.5964 83.4522 2.4670 22.4641 2.5870 172.6427 2.5181 -4.9530 5.1654 2.5567 2.7933 71.9319 2.2295
2422 -9.9448 0.5083 44.2730 2.5565 -1.4238 1.1694 74.4377 2.5667 87.0223 2.6210 21.4322 2.4146 172.1852 2.2207 -4.8577 5.1100 2.6628 3.2476 68.6732 2.2375
2423 -9.6279 0.6066 40.6194 2.5107 0.2256 1.0214 70.5854 2.4700 90.7649 2.3367 20.7295 2.5293 172.1334 2.0841 -5.1493 5.0203 1.8712 3.5908 66.0084 2.3787
2424 -9.7303 1.0195 36.9003 2.4490 1.7061 1.0889 66.8779 2.3926 94.3957 2.3416 21.3702 2.5260 172.3931 2.4704 -5.1375 5.0679 0.2455 4.0059 64.1618 2.4127
2425 -10.1762 1.5797 33.4518 2.4344 2.8336 1.2788 63.3906 2.4963 97.6429 2.2717 22.3940 2.4593 172.1019 2.9654 -5.5203 4.7750 -2.0458 4.2599 63.0999 2.4825
2426 -10.3561 2.6562 29.8295 2.4225 3.8131 1.4623 59.8545 2.5607 100.3899 2.4701 24.1443 2.6416 171.6274 2.6360 -6.0675 4.5218 -4.3973 4.4935 62.7794 2.4740
2427 -10.5901 3.8364 26.5225 2.5094 4.2771 1.7823 56.4486 2.5082 102.2461 2.4182 26.6678 2.5855 170.9535 2.0769 -6.6730 3.9012 -6.5857 4.3855 63.0881 2.5516
2428 -9.6581 4.8681 22.8832 2.5656 4.8362 2.2586 53.1605 2.4316 103.7479 2.4847 29.1168 2.3355 170.2753 1.7693 -7.5830 3.1234 -8.2214 4.0396 63.8275 2.6510
2429 -8.6148 5.2550 19.1979 2.3498 4.9626 2.5238 49.7980 2.5601 104.3398 2.5092 31.5949 2.3573 169.8697 1.8379 -7.4258 2.3780 -9.0196 3.5014 65.4901 2.6204
2430 -7.2441 4.9483 15.6114 2.7994 5.0459 2.6897 46.5284 2.4252 104.0964 2.5413 32.9452 2.4557 168.9161 2.0299 -7.8647 1.4874 -9.2993 2.9205 66.9080 2.5393
2431 -6.2719 4.4165 12.1043 2.7299 5.1642 2.6414 43.1098 2.4376 103.0640 2.5379 33.7780 2.4611 167.7106 2.1774 -8.5699 0.5478 -9.2674 1.6823 68.3186 2.5538
2432 -6.3524 3.9250 8.4515 2.5660 5.1889 2.5093 39.8868 2.2565 101.3230 2.6103 34.0685 2.5000 167.1764 2.0324 -8.9999 0.0955 -9.6177 0.7313 69.7094 2.3729
2433 -6.1032 3.4689 4.4308 2.3051 5.2762 2.5863 36.4880 2.2633 99.5229 2.6966 33.5706 2.3990 166.5309 1.8900 -9.2674 -0.0513 -9.5697 -0.1521 70.9434 2.5332
2434 -6.0530 3.3592 1.0316 2.0706 5.5239 2.5419 33.4993 2.3577 97.3949 2.6539 32.0732 2.3943 165.2456 1.7914 -9.5923 0.2117 -9.3273 -0.9575 71.8142 2.4993
2435 -6.2609 3.2382 -2.0922 1.9445 5.8813 2.4927 31.8906 2.5599 95.7780 2.6344 30.0466 2.4012 163.4271 1.7486 -9.3092 0.8438 -8.8468 -1.2323 72.7824 2.5637
2436 -6.6527 2.4362 -4.6447 2.1815 6.4732 2.5230 30.8826 2.5170 94.9247 2.4088 27.1790 2.4355 161.5436 2.5071 -9.2700 1.7746 -8.4891 -1.5023 73.1900 2.4632
2437 -6.6154 1.8843 -6.7004 2.5655 6.7432 2.4103 30.4573 2.4713 94.6765 2.3763 23.8893 2.4589 159.8521 2.9996 -9.3292 2.3273 -7.9118 -1.4940 73.3388 2.5462
2438 -7.1814 1.7835 -8.2105 3.0270 7.1678 2.4544 31.0578 2.5962 95.0519 2.4820 20.0828 2.7265 158.3589 3.3811 -9.3002 2.9453 -7.4267 -1.3901 72.5486 2.5556
2439 -7.6638 1.7989 -8.9642 3.6192 6.7604 2.1807 32.5052 2.6716 96.1090 2.4307 16.4783 2.8841 157.7147 3.5532 -8.8148 3.5650 -7.3011 -1.0937 71.5539 2.5322
2440 -8.0199 1.8677 -9.2447 4.2765 6.0369 1.5125 34.7158 2.6810 97.9878 2.5686 12.8680 2.3732 157.2784 3.2815 -8.2360 4.6016 -7.1518 -0.6379 70.8149 2.5315
2441 -8.2918 1.4702 -8.6933 4.4774 4.4788 1.0048 37.3984 2.6255 100.5461 2.4807 9.6048 1.6173 157.2374 3.2705 -7.4985 5.3680 -6.3181 -0.3258 69.9980 2.5342
2442 -8.7756 1.0349 -8.1148 4.0757 2.5404 0.5559 41.1373 2.5922 103.7704 2.4108 6.1570 1.0782 157.4204 3.5543 -6.7603 5.7874 -5.0893 -0.0790 69.4640 2.4261
2443 -9.6082 0.5932 -7.5019 3.9751 0.0674 0.4510 45.0311 2.5374 106.8605 2.3266 2.8134 0.4785 158.2148 3.9243 -6.4527 5.9411 -3.5338 0.1292 69.2315 2.4923
2444 -9.7309 0.6772 -7.1320 3.5135 -2.7834 0.3987 48.2202 2.5239 109.1059 2.5033 -0.1178 0.2062 159.6244 4.2342 -6.2881 5.9430 -2.4526 0.3935 68.7177 2.4809
2445 -9.5112 1.1281 -6.9609 2.9198 -5.1291 0.3973 50.7172 2.4732 110.7132 2.5194 -2.6756 -0.3521 161.5378 4.7160 -6.9743 5.6452 -1.6891 0.3439 68.2645 2.4186
2446 -9.2842 1.7842 -6.5824 1.8750 -7.1627 0.7416 52.6070 2.5690 111.5206 2.4387 -4.8945 -0.4686 163.6419 5.0794 -7.4367 4.8448 -1.4555 0.3935 67.9975 2.4812
2447 -9.1796 2.3512 -6.0619 0.7170 -8.2900 1.5010 53.9846 2.5642 112.1086 2.5035 -6.4213 -0.7512 165.2445 5.2959 -8.1374 4.1292 -1.6056 0.4612 68.5262 2.4080
2448 -9.1476 3.1259 -5.7222 -0.3042 -9.0675 1.9751 54.2478 2.5300 111.7913 2.5556 -7.8677 -0.8017 166.8434 5.6009 -8.8183 3.8972 -2.4263 0.4724 69.6413 2.4228
2449 -9.4439 3.5115 -5.8883 -0.9018 -9.4346 2.8834 53.7039 2.5163 111.1448 2.5796 -9.0327 -0.5701 168.2372 5.7253 -9.5542 3.6719 -3.5425 0.2704 71.6657 2.3573
2450 -9.6439 4.5072 -6.8119 -1.3240 -9.8062 3.6422 52.4805 2.4033 110.2392 2.5160 -9.6874 -0.0315 168.8220 5.7989 -10.4222 3.3053 -5.1044 -0.1398 74.1303 2.5159
2451 -9.7657 4.9272 -7.8791 -1.3930 -9.7834 4.4299 50.8217 2.4442 109.3900 2.5851 -10.2030 0.7952 169.0483 5.6798 -10.9461 2.3162 -6.1779 -0.7554 77.6581 2.3311
2452 -9.9080 5.1638 -8.4894 -0.9761 -9.0707 4.7024 48.3835 2.3246 108.6416 2.5703 -9.9309 1.8788 169.0085 5.4603 -11.2361 1.6771 -7.4739 -1.0476 81.3289 2.3697
2453 -9.6788 5.3028 -8.9328 -0.1060 -8.1731 4.9848 45.0055 2.3420 108.3249 2.4896 -9.5007 2.7580 168.5305 4.7724 -11.0425 1.4474 -8.0896 -1.1218 84.8832 2.4022
2454 -9.5874 5.5144 -8.7886 0.8716 -7.6714 5.6859 41.4233 2.4689 108.7126 2.4726 -9.1836 3.2963 167.6233 3.9301 -10.9903 1.7053 -8.2338 -0.9860 88.3787 2.3219
2455 -9.4813 5.7705 -9.2236 1.4757 -7.1197 6.0892 37.9761 2.4551 109.9219 2.4777 -8.8460 4.0844 166.9108 2.8502 -10.8819 2.4071 -7.8135 -0.5704 92.0615 2.3407
2456 -9.7288 5.7599 -9.9622 1.7543 -6.7956 6.1346 34.9104 2.4867 111.7009 2.4149 -8.2351 4.8563 166.2774 2.3620 -10.4341 3.3736 -6.9175 -0.1496 95.9421 2.5492
2457 -10.0504 5.7089 -10.6502 1.7751 -6.5637 5.8926 32.6136 2.5943 114.4527 2.3912 -7.4142 5.5335 165.2901 1.8720 -9.4657 4.2762 -5.5531 0.2006 99.5086 2.6751
2458 -10.3720 5.1323 -10.8221 2.0060 -6.1684 5.7035 30.9613 2.6670 117.6790 2.4108 -6.7756 5.8179 163.6958 1.2585 -8.7563 4.8972 -3.1605 0.3556 103.0361 2.4801
2459 -10.8029 4.9003 -10.4971 2.1186 -5.8629 5.5997 30.0029 2.5362 121.2855 2.5851 -6.6151 5.8878 162.2262 0.9004 -8.4285 4.9705 -0.7878 0.6473 106.6626 2.8009
2460 -10.9675 4.4415 -10.0214 2.0135 -5.8325 5.6330 29.8940 2.4663 124.9371 2.6280 -6.3636 5.7829 160.4031 0.5666 -8.3550 5.4584 0.9688 0.9860 110.3117 2.6905
2461 -10.6388 3.4978 -9.6219 1.5817 -6.5164 5.5871 30.4767 2.3116 128.5445 2.5004 -6.2116 6.0520 158.0572 0.5518 -8.4339 5.9594 2.5651 1.6049 113.9186 2.6844
2462 -10.3859 2.8089 -9.5154 1.4581 -7.4698 5.0953 31.7324 2.3029 131.5026 2.4934 -5.8722 5.9402 155.3293 1.0553 -7.9021 6.4882 3.4481 1.8550 117.1273 2.4618
2463 -10.0751 2.3631 -9.6314 1.3138 -8.1883 3.9856 33.7135 2.4416 133.9299 2.3159 -5.9110 5.7616 152.3149 1.5733 -7.0035 6.4607 3.8684 2.1130 119.6676 2.6460
2464 -9.2350 1.9214 -9.5397 0.9944 -8.4669 2.6249 36.3120 2.3917 135.5172 2.3822 -5.5342 5.7518 148.9962 2.2545 -6.2985 6.0345 4.3889 2.4533 121.1981 2.5832
2465 -8.3902 1.4615 -8.8002 1.0827 -8.1882 1.2979 39.6128 2.3482 136.3815 2.5219 -5.6541 5.7796 145.4513 2.4491 -5.8920 5.2301 5.0393 2.4546 122.1521 2.4780
2466 -7.5684 1.2588 -7.5667 1.4533 -7.2836 0.4954 43.2396 2.3407 136.3813 2.4328 -6.1901 5.6824 141.7071 2.4360 -5.8422 4.3867 5.6371 2.4592 122.2348 2.4628
2467 -6.8394 1.2782 -6.3673 1.9929 -6.7765 0.2455 46.1649 2.3824 135.7218 2.4030 -6.9014 5.6291 138.3440 2.7420 -5.6421 4.2814 6.0744 2.4708 121.7561 2.6113
2468 -6.3121 1.6754 -5.2889 2.5904 -6.4716 0.0529 48.3367 2.4908 134.5883 2.5200 -7.5160 4.9824 134.9565 2.6135 -5.4777 3.9337 6.6373 2.5984 120.2292 2.6007
2469 -5.4843 2.3308 -4.4432 3.1852 -6.4005 0.1814 49.7346 2.4599 133.4167 2.4044 -7.7735 4.1052 131.2781 2.6791 -4.9041 3.9622 7.4476 2.4107 118.1664 2.6498
2470 -4.7784 3.0028 -3.7539 3.5421 -6.2031 0.1489 50.5358 2.5172 132.4540 2.4537 -7.8191 3.3319 127.5654 2.5017 -4.1277 3.8113 8.2263 2.5061 115.2360 2.5586
2471 -4.4161 3.8925 -3.2878 3.8945 -5.9369 -0.1758 50.4895 2.4594 131.3580 2.4804 -7.9544 2.4978 124.2238 2.5429 -3.2114 3.0257 9.1252 2.5552 111.6126 2.4659
2472 -3.6539 4.2740 -2.4483 4.3827 -5.8256 -0.1918 49.7609 2.3924 131.1025 2.5238 -7.8878 1.7765 121.2954 2.5475 -2.3359 2.5368 9.7946 2.6642 108.1365 2.4970
2473 -3.0217 4.7253 -2.2393 4.8833 -6.2445 0.5318 48.3437 2.3132 131.0403 2.4105 -7.2763 1.4418 118.6912 2.3672 -0.9049 2.0567 10.5252 2.5617 104.6296 2.5653
2474 -2.0996 4.8564 -2.4791 4.8408 -6.8097 1.2153 45.9319 2.5823 132.2142 2.4815 -5.9808 1.0094 116.7003 2.5027 0.0809 1.7994 10.5409 2.4143 101.1444 2.6554
2475 -0.7607 4.5851 -3.3646 4.9003 -7.8213 2.1182 43.2236 2.3446 134.0514 2.4264 -4.4151 0.6222 115.1831 2.4406 1.7909 1.8358 9.9071 2.2234 97.5258 2.4746
2476 1.2640 4.1202 -4.4755 4.5589 -8.3534 2.7022 39.4542 2.3664 135.8424 2.3267 -2.6741 0.5689 113.1919 2.5824 3.6743 2.1703 8.6115 1.7980 94.2835 2.6379
2477 3.6864 3.6544 -5.7806 4.5409 -8.5820 2.7929 35.9161 2.3584 137.7861 2.2840 -1.3977 0.7286 111.1278 2.4295 6.0386 2.5166 6.6469 1.5193 91.5015 2.6435
2478 6.6121 3.3410 -7.4461 4.5381 -8.8372 3.2401 32.2351 2.6340 139.5466 2.4868 -0.4791 0.8919 108.9368 2.5696 9.3887 2.5263 3.9609 1.2631 89.5317 2.5985
2479 10.0106 2.8526 -8.8464 4.4737 -9.0652 3.8717 28.4198 2.7492 140.3697 2.4697 -0.0804 1.4057 107.0591 2.4667 13.1007 2.5498 1.0763 1.0354 88.3963 2.6373
2480 13.2973 2.5732 -9.9253 4.6691 -9.0163 4.7815 24.5594 2.7322 140.8205 2.4780 0.2083 2.0065 104.9466 2.5418 16.6548 2.5913 -1.8026 0.6722 88.0158 2.5116
2481 15.9766 2.4506 -10.2594 4.7150 -8.9522 5.7691 20.8007 2.6972 140.1488 2.5305 -0.1710 2.3947 103.2340 2.5387 20.4961 2.5788 -4.4008 0.6085 88.2747 2.5182
2482 17.8846 2.5367 -9.8395 4.1886 -8.5118 5.9187 17.3510 2.7042 138.8177 2.5787 -0.9030 2.5563 101.5056 2.5135 24.1533 2.5101 -6.6996 0.6734 89.0437 2.5131
2483 18.8931 2.5046 -9.0767 3.5740 -7.8972 6.1879 13.5620 2.3363 136.7812 2.6317 -1.5782 3.3759 100.0369 2.4671 27.7042 2.6737 -7.9821 0.8622 90.3309 2.6612
2484 19.3342 2.4462 -8.0481 2.7198 -7.6359 6.3668 9.8433 2.0363 133.8242 2.5744 -2.2861 3.9015 98.8516 2.4401 31.2589 2.6817 -8.9536 1.2325 91.7672 2.6152
2485 19.2889 2.5403 -7.2235 2.1110 -7.2287 6.7424 6.2694 1.5872 130.6410 2.4004 -3.0068 3.9639 98.0878 2.5714 34.6158 2.6707 -10.0672 2.1112 93.3296 2.5682
2486 18.5302 2.6240 -6.8873 1.7937 -6.8800 6.8911 3.0390 0.8313 127.7844 2.5897 -3.6563 4.0433 98.3205 2.4915 37.4113 2.5767 -10.6896 2.5339 94.1646 2.4520
2487 16.6918 2.6151 -6.3911 1.7396 -6.9079 6.8085 0.4980 0.6128 125.8407 2.5527 -4.3375 4.1514 99.5042 2.3609 39.0559 2.5833 -10.9856 2.6726 94.7977 2.4817
2488 14.0795 2.7232 -5.6295 1.5408 -6.3544 6.3566 -1.3306 0.3073 124.6012 2.5334 -4.4003 3.9566 101.3577 2.5252 40.4383 2.5232 -10.8688 2.6737 94.2517 2.5284
2489 11.2401 2.6255 -4.7497 1.3079 -5.3515 6.0456 -2.7602 -0.0923 123.7088 2.4200 -4.4806 3.8988 103.0371 2.3912 41.1216 2.4930 -10.4522 2.4269 92.8055 2.5850
2490 7.8172 2.9065 -4.6815 1.2606 -3.5046 5.6798 -3.9614 -0.5698 123.8242 2.4962 -4.2139 3.7438 104.7795 2.4478 40.8388 2.5765 -9.5780 2.1554 90.6664 2.5692
2491 4.8750 3.4780 -5.1165 1.3496 -1.4872 5.1590 -4.8036 -0.7554 124.6385 2.3798 -3.7480 3.5885 106.3792 2.4516 39.9212 2.5177 -8.4504 2.0347 88.3447 2.6778
2492 1.7891 4.0849 -6.0824 1.9430 0.5666 4.5125 -5.9246 -1.2242 125.4295 2.3801 -3.4811 3.2207 107.1473 2.4554 38.4204 2.5706 -7.4634 1.6669 86.0783 2.7050
2493 -1.1351 4.5787 -7.1854 2.5741 3.3288 4.1371 -6.9549 -1.3564 126.1885 2.4560 -3.6095 2.3738 107.2839 2.5434 35.7829 2.5859 -6.0515 1.1066 84.6924 2.5412
2494 -3.6180 4.4054 -8.2030 2.7914 6.3947 3.6598 -7.5452 -1.0729 126.9536 2.4532 -3.7942 1.6459 106.6897 2.4031 32.6381 2.5395 -4.0556 0.8935 83.8531 2.5420
2495 -5.5830 4.7738 -8.7699 3.3569 9.6876 3.0027 -8.0440 -0.5633 127.5692 2.5171 -3.8662 1.4556 105.7461 2.4021 29.1024 2.5943 -1.5493 0.8490 83.7604 2.5759
2496 -7.4710 5.1493 -8.8245 3.7420 12.4774 2.8215 -8.0645 0.2917 127.6318 2.5028 -4.2241 1.1759 104.2823 2.4456 25.5545 2.6104 1.4366 1.0527 84.3087 2.6256
2497 -8.5451 5.3810 -9.4427 3.4756 14.7236 2.4875 -8.3215 1.2413 127.8303 2.5111 -4.3642 1.1277 103.0634 2.4293 21.8238 2.4600 4.8532 1.4176 85.9394 2.4459
2498 -9.4352 5.4791 -10.1753 3.0257 16.3629 2.4211 -8.5875 1.8101 127.8164 2.5172 -4.4316 0.6438 102.0495 2.4138 18.1907 2.7272 8.0899 1.7566 88.1175 2.5027
2499 -10.5589 5.2668 -10.6009 2.6747 17.2629 2.4048 -8.9573 2.3751 127.8668 2.5251 -4.5847 0.0885 101.5521 2.4743 14.4932 2.6195 11.2258 2.3910 91.1359 2.5557
2500 -11.1633 4.3901 -10.9046 2.3136 17.4036 2.4739 -9.4637 2.9161 127.9361 2.5050 -5.4543 -0.5680 101.6643 2.4473 10.9585 2.6435 14.5634 2.5069 94.5744 2.2819
2501 -11.1159 3.5028 -10.9359 1.9729 16.7596 2.4699 -9.6312 2.9276 127.5397 2.5329 -6.4049 -0.7756 102.4062 2.4162 7.3255 2.8712 17.4406 2.5135 97.1593 2.5693
2502 -10.8095 2.6392 -10.6872 1.8363 15.8593 2.4010 -9.1422 2.8271 127.2103 2.4643 -7.3580 -0.7552 103.6885 2.3413 3.9690 2.9324 19.7543 2.5031 99.2251 2.5439
2503 -10.0109 1.8356 -10.2754 2.3001 14.9850 2.3402 -8.4736 2.5119 126.6041 2.4607 -7.9122 -0.6529 105.2774 2.4010 0.9010 3.2736 20.9582 2.6178 100.4831 2.5061
2504 -9.3756 1.9034 -9.3524 3.0367 13.9058 2.4712 -7.8128 2.0929 126.4466 2.4397 -8.0210 -0.9056 106.7328 2.4802 -2.1306 3.5543 21.7207 2.5757 101.2013 2.5263
2505 -9.0320 1.7511 -9.0794 3.3839 12.6925 2.4183 -6.8952 1.6612 126.0877 2.4374 -8.3825 -1.2406 107.9483 2.6217 -4.7586 3.7389 21.7618 2.5859 100.8591 2.5438
2506 -8.6070 1.6294 -9.1140 3.8148 12.2615 2.4894 -5.9645 1.5593 125.5664 2.5059 -9.2991 -1.0223 108.0407 2.4928 -6.9032 3.6291 21.1275 2.5399 99.9192 2.6157
2507 -8.5767 1.5420 -9.4455 4.4999 12.8544 2.4767 -5.2413 1.4031 124.2669 2.4283 -10.1337 -0.5278 107.7225 2.5658 -8.2274 3.1184 19.6728 2.4957 98.4042 2.6148
2508 -8.1694 0.9866 -9.0645 5.3360 14.0692 2.4295 -3.9216 1.2129 122.3161 2.4241 -10.5417 -0.6418 106.5141 2.6720 -9.2392 2.5814 17.5269 2.5002 96.0872 2.6107
2509 -7.5332 1.3183 -8.6666 6.0771 16.1446 2.4293 -2.5073 1.4037 119.5421 2.3469 -10.7485 -0.5909 104.6111 2.7258 -9.3861 1.7561 15.1910 2.4468 93.1879 2.7301
2510 -7.1972 1.8676 -8.3066 6.4994 18.9219 2.3224 -0.5101 1.4144 116.1891 2.3458 -10.4802 -0.5815 101.9134 2.7586 -8.9626 1.2743 13.0322 2.6576 89.7794 2.5799
2511 -6.9309 1.9130 -8.1046 6.4915 22.7256 2.4573 1.8527 1.7850 112.5724 2.5047 -9.8929 -0.0802 98.4153 2.6266 -8.5081 0.9122 11.4162 2.5481 86.3237 2.5215
2512 -7.3885 2.0017 -8.0174 6.4004 26.3954 2.4455 4.1547 2.5239 109.0172 2.6026 -9.4577 0.3156 95.0556 2.6753 -7.6112 1.2616 10.4755 2.4728 82.6832 2.3916
2513 -7.8963 2.5512 -7.8566 6.2085 29.9648 2.5447 6.5786 3.0335 105.9205 2.5863 -9.2274 0.5178 91.1337 2.6868 -6.9295 1.5148 10.4530 2.5348 79.3546 2.4281
2514 -8.3180 2.9748 -7.8000 5.9823 33.5623 2.5886 9.4098 2.8277 103.3232 2.3236 -9.4214 0.3443 87.3128 2.5437 -6.3920 2.0004 10.9707 2.4430 75.7613 2.4269
2515 -7.9864 3.0703 -7.2904 5.6209 36.9554 2.4382 12.0355 2.7213 101.3097 2.4663 -9.8685 0.2178 83.4413 2.4329 -5.9485 2.4591 12.4924 2.4395 72.0109 2.5154
2516 -7.7494 3.3866 -6.8382 5.1276 40.6022 2.4007 13.8054 2.6223 100.1944 2.4673 -10.2851 0.1379 79.8942 2.5838 -5.7316 3.2287 14.7394 2.5769 68.5430 2.4396
2517 -7.8438 4.1113 -6.1462 5.2202 43.6395 2.3703 15.1648 2.5006 99.8097 2.5228 -10.2649 0.4090 76.1682 2.5216 -6.1317 4.0671 17.6127 2.6058 64.8677 2.4849
2518 -8.2156 4.2942 -6.1291 5.7553 45.9899 2.5206 15.4929 2.4853 99.7403 2.5135 -10.2506 1.1346 72.5707 2.6712 -6.9468 4.6949 19.9564 2.6040 61.3446 2.5136
2519 -9.0334 4.1746 -6.1554 5.9019 47.7522 2.5938 15.3132 2.4144 100.5051 2.6299 -10.4131 2.1872 68.7868 2.6722 -7.8185 5.2403 21.9171 2.6006 57.7039 2.5427
2520 -9.8003 3.7869 -5.6982 5.8708 48.0533 2.5161 14.2140 2.5122 102.3054 2.6502 -9.6850 2.6758 65.0212 2.6562 -8.8586 5.5951 22.9746 2.5961 54.3102 2.4225
2521 -9.9380 3.2069 -5.1844 5.6170 47.8849 2.5891 12.3296 2.4103 104.9479 2.6583 -9.1468 2.7171 61.2870 2.5934 -9.6649 5.6667 23.3577 2.5505 50.9681 2.5432
2522 -9.9268 3.0529 -5.0315 4.9141 46.9113 2.5839 9.9628 1.8841 107.8583 2.4912 -8.8649 2.6534 57.2882 2.6802 -9.8275 5.6800 23.1523 2.4729 47.5405 2.2659
2523 -10.1450 2.8230 -4.6410 4.0565 45.5528 2.6591 6.8823 1.3992 111.3974 2.6006 -8.7135 3.3016 54.0197 2.6894 -9.6183 5.5811 22.2546 2.4359 43.9820 2.4462
2524 -10.8310 2.4711 -4.6947 3.6764 43.3779 2.8150 3.7190 1.0447 114.7979 2.5135 -8.7475 4.0307 51.2860 2.5493 -9.0109 5.1035 20.5839 2.3377 40.4425 2.6753
2525 -11.2250 2.1470 -4.0945 3.5997 40.5060 2.6579 1.0318 1.3594 118.1568 2.5219 -8.6595 4.9002 49.3354 2.6303 -7.8146 4.6975 17.9324 2.3079 37.6815 2.5520
2526 -11.3165 2.0145 -3.0766 3.3246 36.8596 2.4138 -1.0760 1.5527 121.4162 2.5598 -8.3103 5.2807 48.2170 2.6087 -6.0154 4.3372 14.7341 2.5568 35.3277 2.5248
2527 -10.9017 2.3022 -1.3896 2.9653 33.1313 2.4936 -2.4508 2.0201 124.8282 2.6190 -7.9021 5.6869 47.6636 2.5160 -3.6502 4.1858 10.9373 2.7528 34.0236 2.4740
2528 -10.5491 2.4696 1.0869 2.5078 29.7202 2.5535 -3.3459 2.1336 128.5072 2.4884 -7.5361 5.6412 47.9196 2.5054 -1.1545 4.2149 7.1376 3.1634 33.2142 2.5118
2529 -9.8283 3.0560 3.6172 2.2026 27.3603 2.4562 -4.2887 2.0147 132.1590 2.5801 -7.2173 5.0673 48.9508 2.4331 1.4087 4.2599 3.6663 3.6592 33.4781 2.4868
2530 -9.3941 3.8796 5.8904 2.0568 25.5670 2.3762 -4.8677 1.9732 135.5891 2.6833 -7.4492 4.7409 50.6525 2.4422 4.1453 3.7767 0.3586 3.5208 34.0831 2.3855
2531 -9.0759 4.9572 7.5075 2.0635 24.4434 2.4875 -5.0530 1.6570 139.0708 2.5637 -7.8382 5.1788 53.1078 2.4372 7.0930 3.3261 -2.4291 3.4138 35.9061 2.3571
2532 -8.9903 5.7694 8.9369 2.3060 24.1814 2.4632 -4.5513 2.0032 141.9246 2.4815 -7.9156 6.0012 56.2718 2.3358 10.3489 2.9144 -4.8092 2.8563 38.2561 2.2330
2533 -9.0031 6.1216 9.8124 2.4908 24.6170 2.5892 -4.1611 1.8602 144.2699 2.5642 -7.7861 6.2003 60.0588 2.2198 13.1869 2.2942 -6.5248 2.3458 41.0568 2.3299
2534 -8.7729 6.2204 10.0737 2.5193 25.7805 2.5223 -4.1361 1.3500 145.7747 2.5217 -7.6283 6.1087 63.5386 2.3714 15.7456 2.2843 -7.5234 1.8764 43.9889 2.4637
2535 -8.6033 6.1922 9.5462 2.6768 27.5867 2.4702 -4.7237 0.6159 146.8043 2.3726 -7.6792 5.7456 67.0212 2.5407 18.0205 2.3614 -7.7213 1.7634 46.3117 2.3821
2536 -8.4398 5.9006 8.3937 2.8140 30.1711 2.3943 -5.3779 -0.1210 147.4366 2.4666 -7.9246 5.1674 70.2764 2.5144 19.2600 2.3094 -7.5700 1.2508 47.8207 2.5174
2537 -7.8854 5.2663 6.4966 3.3507 33.3092 2.5624 -6.5106 -0.3752 148.2271 2.4969 -7.9537 4.3588 72.9871 2.5519 19.7370 2.5436 -7.5471 0.6446 48.5729 2.5345
2538 -7.5205 4.5681 4.6470 4.1102 37.0082 2.4445 -7.6286 0.1419 148.9373 2.5481 -8.0595 3.2822 74.8639 2.5493 19.4245 2.4534 -7.4563 -0.2051 48.6135 2.5119
2539 -7.8527 3.2659 2.4342 4.4271 40.7127 2.4765 -8.5418 0.4540 149.4830 2.5712 -8.5453 2.9575 76.5007 2.5864 18.5337 2.3504 -7.3943 -0.6553 47.5843 2.4583
2540 -7.9322 2.1181 0.5176 4.2023 44.1603 2.4959 -8.9656 1.7268 150.0621 2.5433 -9.1022 2.5545 78.2537 2.5438 17.4026 2.4711 -7.1934 -0.9382 45.8817 2.4878
2541 -7.0907 1.1482 -0.3858 4.0295 48.0809 2.4546 -9.1535 2.2500 150.7946 2.5791 -9.6295 1.7169 80.0464 2.7229 16.4331 2.4775 -7.1970 -0.7907 43.5303 2.4406
2542 -6.1089 0.9258 -0.5129 4.1306 51.4528 2.6202 -9.5198 2.9138 152.0339 2.4510 -9.9979 1.1388 81.5495 2.5689 15.6508 2.3672 -7.3849 -0.3836 40.3844 2.4961
2543 -4.9846 1.1106 0.0757 4.0499 55.0801 2.6175 -9.6139 3.6289 153.9742 2.5406 -9.9657 1.0367 83.5021 2.5898 14.7285 2.3788 -7.9465 0.4869 36.7258 2.4415
2544 -4.5638 1.4501 1.1583 4.1944 58.7958 2.5981 -9.4892 4.3118 156.4651 2.9947 -9.4878 1.2670 85.0626 2.5675 14.8268 2.5659 -8.4484 1.0774 33.1511 2.5012
2545 -4.4792 1.5324 3.1743 4.0772 62.4049 2.5133 -9.0440 5.1343 159.4526 3.6447 -8.6588 1.7723 86.7092 2.5346 15.6974 2.5395 -8.7130 1.8515 29.8131 2.4691
2546 -4.0124 1.4944 6.1016 3.8596 65.8417 2.4824 -8.9007 5.2976 162.2865 4.3479 -8.2624 2.5519 88.8685 2.4519 17.2724 2.5101 -8.9415 2.8877 27.2639 2.4138
2547 -3.7238 2.0362 9.1245 3.4145 69.3698 2.4329 -8.6643 5.1901 164.6376 4.4894 -8.1953 3.7515 91.9333 2.5325 19.6959 2.4861 -9.3171 3.9443 25.5220 2.3256
2548 -2.5364 2.3992 12.5916 2.9561 72.7366 2.4512 -8.3084 4.6581 166.4107 4.2605 -8.2111 4.6916 95.3792 2.3821 22.7542 2.5878 -9.6809 4.5610 24.4248 2.4575
2549 -0.9732 3.0875 16.3395 2.7342 75.8790 2.3443 -7.9091 4.1342 167.7339 4.0495 -8.7638 5.2618 98.7141 2.4128 26.3034 2.4769 -9.7981 5.5031 23.9422 2.4561
2550 0.8489 3.4977 19.6145 2.6907 78.7855 2.5596 -8.2588 4.2348 168.3005 3.5230 -8.9057 5.5656 100.9933 2.4571 29.9923 2.6462 -9.3637 5.8779 23.5899 2.5081
2551 2.5370 3.5438 23.3487 2.6432 80.7615 2.5606 -8.5476 4.4745 168.6859 2.6290 -8.6802 5.7750 102.4779 2.4936 33.5347 2.7743 -8.4925 6.4155 23.6872 2.5032
2552 4.4652 3.5458 26.8097 2.5179 82.0549 2.5009 -8.8643 4.7176 168.7771 1.9511 -8.2118 5.7530 103.3696 2.4725 36.9967 2.5849 -7.8393 6.6418 23.7531 2.5695
2553 7.4219 3.3163 30.3348 2.5587 82.7203 2.4756 -9.1821 5.2796 169.4906 1.5150 -7.9013 5.3626 103.3314 2.4826 39.8374 2.6765 -7.6872 6.3216 23.9580 2.4957
2554 10.7270 3.0889 33.3445 2.3425 82.4173 2.6105 -9.8010 5.2519 169.6432 0.9773 -8.1511 5.3124 102.5215 2.6554 41.7951 2.6649 -8.4995 5.6479 23.9937 2.5658
2555 14.0910 2.6145 36.4337 2.2950 81.4722 2.6318 -10.0061 5.2826 170.0964 0.4901 -8.3820 5.6753 100.7831 2.6254 42.9286 2.5655 -9.3865 4.9296 23.4850 2.4658
2556 16.8793 2.3535 39.0130 2.2961 79.4405 2.6987 -9.9768 5.0791 170.0546 0.0481 -8.3081 5.6597 98.4923 2.5454 43.3600 2.5306 -9.9744 4.2838 22.1550 2.4055
2557 19.1266 2.4357 41.1120 2.3304 76.7421 2.7778 -10.0779 5.0906 169.9827 -0.0219 -8.0339 4.8853 95.1166 2.4504 43.4482 2.5561 -9.7973 3.4630 20.4308 2.4354
2558 20.9475 2.4589 42.4546 2.3798 73.7606 2.6769 -10.2310 5.4743 170.4581 -0.0487 -8.0713 3.8567 91.4115 2.4883 42.4930 2.6297 -9.2071 2.7577 18.3957 2.5304
2559 22.0085 2.5510 43.0783 2.5963 70.6169 2.7709 -9.8998 5.8392 171.1743 0.3949 -7.8463 3.1321 87.9183 2.5124 40.5285 2.6297 -8.6088 2.2167 16.2505 2.3929
2560 22.6099 2.5598 42.7590 2.5550 67.1825 2.5723 -9.3097 6.0666 172.0262 1.4116 -7.1405 2.4263 84.9189 2.5004 37.9318 2.5652 -8.4137 1.7343 15.2040 2.4531
2561 23.4966 2.4277 42.0563 2.5206 63.5923 2.6662 -8.5931 6.1149 172.0677 2.4675 -6.4606 2.3647 82.6856 2.4274 34.6979 2.5595 -7.9825 1.3771 14.5991 2.5300
2562 24.0242 2.4590 40.3626 2.5654 60.1769 2.3990 -8.0046 6.2503 171.8381 3.3499 -6.4268 2.3336 80.9924 2.5513 31.0515 2.5351 -7.2608 1.0218 14.4144 2.4986
2563 24.3955 2.4774 38.3967 2.5521 56.7269 2.4965 -7.1306 6.4145 171.1253 3.6890 -6.0930 2.4389 80.1716 2.4719 27.3589 2.6328 -6.7736 1.2786 13.9495 2.4564
2564 24.8805 2.5293 36.4466 2.4563 53.4369 2.5695 -6.5630 6.6420 170.4774 3.3519 -6.0530 2.2054 80.0184 2.4881 23.5313 2.6122 -6.4853 2.0100 13.5944 2.5466
2565 25.4755 2.4609 34.8844 2.5017 50.5991 2.5017 -5.8743 6.0569 169.8199 3.3456 -6.0106 1.8588 80.7000 2.5275 19.8929 2.7034 -6.6464 2.6655 13.2741 2.5570
2566 26.8636 2.5323 34.0676 2.4948 48.6474 2.5849 -4.4103 5.5531 169.6027 3.2275 -6.2847 2.0605 82.0426 2.6578 16.3973 2.6638 -6.6283 3.2028 13.2461 2.5244
2567 28.6635 2.4828 34.3347 2.4672 47.0784 2.4969 -2.7393 4.6282 169.4137 2.9308 -6.7739 2.8069 84.3178 2.7382 12.8253 2.2780 -6.9705 3.6717 12.5277 2.4886
2568 31.6906 2.6275 35.3414 2.4600 46.0651 2.4811 -0.3723 4.0440 168.9388 2.4854 -6.9100 4.0944 87.2426 2.5885 9.0023 2.1542 -7.2738 3.7589 11.0850 2.6408
2569 35.0824 2.6384 36.8767 2.4745 46.1125 2.4695 2.2310 3.7606 168.7363 1.8758 -7.3519 4.8807 90.6271 2.4811 5.2596 1.8210 -7.4990 3.5812 9.2599 2.8335
2570 38.4254 2.3922 39.2075 2.5260 46.7368 2.4729 4.9298 3.2406 169.1311 1.2630 -7.7448 5.2255 94.1265 2.6221 1.6243 1.6754 -8.1789 2.8249 6.4857 2.8011
2571 41.2176 2.3985 41.9516 2.4848 48.2976 2.3897 7.3491 3.1920 169.6884 0.3234 -7.6227 5.3493 97.6938 2.4369 -1.6023 1.8685 -8.6021 2.0741 3.5152 2.8712
2572 43.5419 2.4359 45.0605 2.4760 50.5607 2.3977 10.4786 2.7313 170.4086 -0.3819 -7.0535 4.8297 101.1293 2.3038 -4.1196 2.3721 -8.9051 1.4952 0.9242 2.9703
2573 45.2561 2.4757 48.5444 2.5871 53.3350 2.4437 13.2478 2.4430 170.5726 -0.7735 -5.5850 4.8008 104.0532 2.5172 -5.9939 3.0805 -8.5747 0.4342 -0.7469 2.7843
2574 45.8093 2.5068 52.2124 2.7778 56.8478 2.6527 15.9324 2.5120 170.6254 -1.2327 -3.6427 4.5965 106.1363 2.4780 -6.9185 3.5689 -8.1946 -0.1986 -1.9540 2.8570
2575 45.7026 2.5841 55.8194 2.4881 60.3518 2.6007 17.6390 2.4605 170.4395 -1.3395 -1.3647 4.5917 107.8699 2.4084 -7.3856 3.4819 -7.7708 -0.4916 -2.7627 2.8518
2576 44.7869 2.4302 59.4286 2.4731 63.9639 2.5794 18.7288 2.4444 170.7998 -1.3132 1.5621 4.3074 108.6492 2.4763 -7.4596 3.9474 -7.6945 -0.8039 -2.6200 2.4471
2577 43.2126 2.4979 63.0922 2.5344 67.4221 2.6769 19.0653 2.5062 171.3439 -0.9587 4.5430 3.9232 109.1382 2.3753 -7.5133 4.4521 -8.0529 -0.9376 -1.5674 2.4257
2578 40.9690 2.6194 66.4349 2.3401 70.6758 2.5982 18.8344 2.5440 171.3312 -0.9040 7.3823 3.4132 108.3802 2.3802 -7.4504 5.0447 -8.4348 -1.0093 0.0195 2.1172
2579 38.3738 2.5153 69.4765 2.5499 73.3053 2.6708 17.7506 2.5815 170.5246 -1.0998 9.7581 2.7881 106.7746 2.4070 -7.4259 5.5260 -8.1888 -0.7354 2.4500 1.9611
2580 35.2264 2.5201 71.3891 2.5659 75.3624 2.5587 15.8561 2.6123 169.8521 -1.2385 11.3198 2.4117 104.3763 2.3505 -7.2028 5.4812 -7.5441 -0.6530 5.4765 1.9813
2581 31.6653 2.4081 72.8799 2.5563 76.6164 2.4849 13.2509 2.7712 168.9469 -1.3621 12.1982 2.4524 101.4069 2.4584 -7.5536 4.9360 -7.3213 -0.9603 8.6205 2.1375
2582 28.2457 2.4925 73.6299 2.4994 76.9234 2.5216 10.3765 3.1128 168.3208 -1.3440 12.2588 2.4878 97.9482 2.4901 -7.9321 4.6836 -7.6460 -1.3682 11.8333 2.2109
2583 24.9902 2.5242 73.3032 2.5587 76.5150 2.4037 7.3718 3.5889 168.3296 -1.1728 11.7801 2.4179 94.3657 2.3964 -8.6278 4.6661 -8.2320 -1.1857 15.1518 2.4528
2584 21.6129 2.5403 72.4521 2.6266 75.6128 2.3882 4.0406 4.2451 168.7970 -1.1560 10.3984 2.4240 90.7836 2.3630 -9.0835 4.9785 -8.8104 -0.5054 18.7488 2.4481
2585 18.1627 2.3966 71.1485 2.5827 74.3278 2.4692 0.6710 4.5986 168.6948 -1.3220 8.4270 2.5258 87.3262 2.4441 -9.5030 5.1352 -8.8870 -0.1754 22.3425 2.5051
2586 14.6088 2.4969 68.6967 2.7126 73.2626 2.3710 -2.2257 4.8326 168.1158 -1.5107 6.0329 2.1879 83.6320 2.6255 -9.2712 4.8530 -9.1103 0.3644 25.9982 2.5114
2587 11.2913 2.5567 65.6560 2.5800 72.0569 2.5158 -4.5301 4.1801 167.4300 -1.4227 3.6344 1.5600 80.1514 2.5553 -8.9759 4.3535 -8.8853 1.2815 29.6330 2.4851
2588 7.8907 2.0761 61.9932 2.4146 71.8858 2.5084 -6.5078 3.8179 166.7451 -0.9570 1.3930 1.2238 76.7872 2.5555 -7.7586 3.8448 -8.4381 2.1932 33.1509 2.6059
2589 4.6937 1.4697 58.4235 2.3746 71.6546 2.4846 -8.2464 3.7072 166.4015 -0.6495 -0.4808 0.6154 73.4489 2.5502 -5.9686 4.1481 -8.2338 3.0776 36.5353 2.5860
2590 1.3931 0.9374 54.7819 2.3247 72.3030 2.5801 -9.4978 3.6888 166.2255 0.1793 -2.6790 0.2089 69.8833 2.5360 -4.3911 4.4672 -7.7683 3.2642 40.1593 2.4291
2591 -1.7013 0.4845 51.2770 2.3744 73.9668 2.6148 -10.1758 3.5619 166.5200 1.1644 -4.7233 -0.0275 66.4652 2.6514 -2.8154 4.4863 -7.7851 3.4933 43.4069 2.5652
2592 -4.4382 0.5877 47.6573 2.4147 76.1201 2.4991 -10.9788 2.9235 166.7164 2.4991 -6.1523 0.1070 62.8980 2.5537 -1.6536 4.4279 -7.8186 3.7098 45.7862 2.4044
2593 -6.7069 0.7617 44.0582 2.4025 79.1304 2.6049 -10.9944 1.9662 166.5797 3.3589 -7.5686 -0.0179 59.2886 2.6136 -0.7905 3.9065 -7.2757 3.7123 47.3050 2.4793
2594 -7.9500 1.4303 40.3081 2.4676 82.8815 2.4485 -11.0639 1.5087 167.0089 4.0204 -8.2657 -0.3913 55.9030 2.4793 -0.1472 2.9582 -6.2503 3.2549 48.0864 2.4223
2595 -8.9773 1.8526 36.4867 2.5268 85.7838 2.5292 -10.9036 1.1172 167.6704 4.5874 -8.5477 -0.5348 52.9457 2.6016 -0.6556 1.9680 -5.0346 2.5754 48.0654 2.4626
2596 -9.5970 2.5600 32.8620 2.5706 87.8055 2.4843 -11.0445 1.2152 168.6028 4.5142 -8.6685 -0.8447 50.7628 2.5766 -1.3278 1.2411 -4.1293 2.1277 47.6356 2.5258
2597 -10.1999 3.0374 29.0064 2.5843 89.3087 2.4119 -11.0632 1.7545 169.5080 4.3559 -8.9374 -1.0332 49.1944 2.5122 -2.0959 0.4917 -3.2074 1.5309 46.6272 2.4822
2598 -10.7632 3.5281 25.2853 2.5517 89.9901 2.5331 -10.7667 2.8155 169.9884 3.5925 -9.5623 -0.8806 48.1590 2.4510 -3.6982 0.2563 -2.1552 1.0519 44.9519 2.4025
2599 -11.0329 3.7946 22.1097 2.4034 89.9095 2.4346 -10.2524 3.8438 169.7915 2.8859 -9.7192 -0.7645 47.4403 2.4990 -5.5066 0.1027 -1.0429 0.7258 42.9832 2.4084
2600 -11.0017 4.2232 19.5463 2.3473 89.1291 2.3529 -9.7913 4.3192 169.2165 2.1067 -9.9726 -0.6077 46.8331 2.4982 -7.1796 0.3027 0.2776 0.6980 41.0904 2.2856
2601 -10.6839 4.5527 17.8329 2.4430 87.2194 2.4072 -8.7129 4.3101 168.7569 1.8758 -9.7647 -0.3844 46.3860 2.4849 -8.4877 0.9867 1.4292 0.9907 39.7524 2.4073
2602 -10.4172 4.9224 17.1219 2.4364 84.8817 2.3747 -7.5477 4.4366 167.9900 1.6916 -9.5985 -0.0517 46.1668 2.5175 -9.1326 1.6568 2.9797 1.2176 39.1733 2.4948
2603 -10.1646 4.7632 16.9173 2.5038 81.6426 2.4005 -5.8825 4.6708 167.1124 1.5374 -9.1256 0.8110 45.4815 2.5238 -9.7172 2.4835 3.7661 1.7594 38.9524 2.4360
2604 -10.7934 4.5045 17.8179 2.4254 78.3666 2.7455 -4.1218 4.9896 165.7864 1.6291 -8.9016 1.5963 44.8728 2.5115 -9.8974 3.3767 3.5197 2.5962 39.5787 2.3915
2605 -11.3510 3.6699 19.2450 2.4509 75.3304 2.5297 -2.4977 4.7164 164.9371 1.8361 -8.8218 1.7620 44.0061 2.4525 -9.8100 3.8145 3.1066 3.1388 41.1236 2.4545
2606 -11.4456 2.9065 21.4396 2.3884 73.2442 2.7611 -1.3078 4.4178 164.3181 2.2186 -8.7755 2.2160 42.0343 2.3666 -9.9349 4.2549 1.8653 3.6144 43.5551 2.4803
2607 -11.5782 2.9451 24.5024 2.5670 71.9189 2.5801 -0.4403 4.3182 164.0002 2.3994 -8.4320 2.9233 39.6447 2.5230 -9.9357 4.8092 0.2429 3.8916 46.4262 2.4667
2608 -11.4486 3.6052 28.1058 2.6131 71.3281 2.4983 -0.2037 4.1660 164.6800 2.4354 -7.8171 3.8134 36.5767 2.4125 -9.5048 4.9978 -1.9241 3.7294 49.4292 2.4327
2609 -11.1169 3.9389 31.8416 2.6698 71.3714 2.4847 -0.2393 4.2873 164.8234 2.2685 -6.9742 4.2379 33.2036 2.5670 -9.3440 4.8634 -3.7361 3.2812 52.0002 2.5659
2610 -10.8113 3.8530 35.3420 2.6523 72.0558 2.4628 -0.6790 4.5439 165.6667 2.0583 -6.2149 4.1864 30.0364 2.5344 -9.8140 4.5711 -5.3220 2.9254 53.4676 2.4713
2611 -10.7078 3.1008 38.3327 2.6747 73.5875 2.5271 -1.9519 4.7121 166.5435 1.5690 -5.5991 3.8996 26.4896 2.6987 -9.7590 3.6644 -5.8645 2.7110 54.2838 2.3464
2612 -10.5567 2.0283 40.5541 2.5613 75.9675 2.5620 -3.7287 4.7170 167.4430 0.7541 -5.1519 3.4695 23.1210 2.4394 -9.8816 2.5633 -6.2599 2.7271 54.4104 2.4554
2613 -10.3083 1.3699 42.2143 2.4761 78.8575 2.5801 -5.3812 4.2819 168.1087 -0.0249 -5.1130 3.6593 19.8095 2.4761 -9.2430 1.4602 -6.6444 2.5736 53.9715 2.4042
2614 -10.6548 0.9423 43.1915 2.5489 82.3635 2.4645 -7.0393 3.5835 168.6688 -0.7373 -5.0950 3.8609 16.4389 2.6006 -8.7658 0.3766 -6.4498 2.5442 52.4653 2.3426
2615 -10.5946 0.8715 43.5857 2.4500 85.5113 2.5147 -7.7627 2.7163 168.9996 -0.9703 -5.1458 4.3721 13.4804 2.3893 -8.2035 -0.5376 -5.7200 2.1695 49.9578 2.4033
2616 -10.6019 0.9216 42.9653 2.5465 87.8810 2.5733 -8.0379 2.1604 168.5563 -0.6241 -5.7967 4.4011 10.8951 2.5354 -8.0662 -1.0686 -5.1722 1.9854 47.3020 2.4131
2617 -10.4985 0.8587 41.6308 2.5127 89.7162 2.4741 -7.6799 1.6806 167.9089 0.0198 -6.1412 4.2128 9.2678 2.5466 -8.1081 -1.3458 -4.7099 2.3548 44.5490 2.4046
2618 -10.5594 0.3627 39.6338 2.6613 90.8617 2.5273 -7.1937 1.2459 167.3073 0.8498 -6.4520 3.6110 8.7406 2.5181 -7.8701 -1.5107 -4.5181 2.9142 42.3671 2.4058
2619 -10.6623 0.1144 36.7854 2.5946 91.5383 2.4358 -5.8762 0.8702 166.9400 1.5808 -6.7415 2.9286 8.7532 2.4863 -7.1053 -1.5346 -4.3018 3.4050 41.0574 2.4123
2620 -10.4622 -0.0721 33.3935 2.5550 91.1821 2.5272 -3.8746 0.6965 166.5197 2.1613 -6.4544 2.3226 9.3917 2.4313 -6.5456 -1.6383 -4.1375 3.8598 40.3235 2.5554
2621 -10.4143 -0.0333 30.0211 2.5112 90.1675 2.5762 -1.5211 0.5067 166.2880 2.7320 -5.8214 1.8209 10.2797 2.3495 -5.9281 -1.1679 -3.5641 3.8472 40.5954 2.5944
2622 -10.2484 -0.0923 26.5504 2.3164 88.3265 2.5796 1.1775 0.7414 166.3003 3.2482 -4.4729 1.7229 11.1477 2.4736 -6.0272 -1.4146 -2.6212 3.3480 41.5201 2.5794
2623 -9.5323 -0.0083 23.1353 2.4206 85.7077 2.6893 4.0788 1.2509 166.6411 3.9196 -2.5968 1.7819 11.9848 2.3968 -6.4362 -1.3808 -1.0415 2.9267 43.2811 2.6092
2624 -8.6789 0.2874 19.9815 2.3524 82.9228 2.6106 7.0880 1.6891 167.3063 4.8823 -0.2264 1.9307 12.9720 2.5019 -6.7857 -1.3179 0.5630 2.3956 45.6018 2.5401
2625 -7.4516 0.4628 17.4607 2.4570 80.3660 2.5439 10.1266 2.2224 168.0945 5.5777 2.1556 2.0060 13.3544 2.5222 -6.4821 -0.6377 2.4388 2.4003 48.8691 2.6691
2626 -6.4395 0.2564 15.9174 2.4992 78.1980 2.6490 13.4524 2.4636 168.9298 5.7776 4.0621 1.6528 12.2887 2.5397 -5.5597 -0.0730 4.6025 2.1040 52.6318 2.6151
2627 -5.3130 0.1746 15.1662 2.5251 76.7130 2.6104 16.8791 2.5407 169.6609 5.7604 5.1759 1.6814 10.7590 2.8050 -4.6397 0.7629 7.4362 1.7573 56.3066 2.5434
2628 -4.7575 0.1202 14.7700 2.5325 76.1734 2.5424 20.5327 2.4997 170.2473 5.2851 5.9133 2.0767 8.7554 3.0297 -4.2197 1.1587 10.9072 2.0800 59.8477 2.5190
2629 -4.3744 0.2239 15.3620 2.5301 76.3418 2.4566 24.2782 2.5528 171.1523 5.1127 6.3053 2.3913 6.0848 3.1313 -4.2198 1.4275 14.2547 2.4369 63.4414 2.4866
2630 -3.9145 0.4583 16.7257 2.4650 77.4428 2.4134 28.0219 2.5478 170.9994 5.0126 6.0341 2.2234 2.7356 3.4599 -4.7554 1.1023 17.5586 2.2936 66.8387 2.4864
2631 -4.1302 1.0443 17.9463 2.5755 79.2565 2.5715 31.8872 2.7994 170.9110 5.1625 5.0042 1.6375 -0.4831 3.8758 -5.6559 0.8139 21.2597 2.3199 70.6214 2.4168
2632 -4.1909 1.3995 19.5648 2.5853 81.8091 2.4356 35.5356 2.8717 170.6991 5.6526 3.7918 1.0011 -2.8344 4.1206 -6.4959 1.0299 24.5830 2.5550 74.1773 2.4374
2633 -4.3015 1.3100 21.1285 2.5514 84.6254 2.4119 39.4809 2.7110 170.6113 5.4728 1.8203 0.5645 -5.1542 4.8428 -7.3431 1.7405 26.9140 2.6618 77.8724 2.3380
2634 -4.7828 0.7026 21.8852 2.5293 86.9832 2.5255 43.1875 2.6016 170.7608 5.1535 -0.3130 0.0780 -6.5472 5.3969 -7.8753 2.8427 28.5788 2.6461 81.5326 2.3907
2635 -5.5957 0.0352 21.8276 2.4014 88.1626 2.5683 46.9339 2.5923 171.2117 4.7171 -2.7094 -0.3904 -6.9464 5.7677 -8.8543 3.0097 29.7227 2.6516 85.2665 2.3184
2636 -6.5586 -0.1756 20.9393 2.4546 88.9460 2.5289 50.7502 2.6841 171.9123 3.9989 -4.8575 -0.6029 -7.3493 5.7607 -10.0381 2.9020 30.1555 2.4936 89.2202 2.3414
2637 -7.0084 -0.6151 19.1590 2.4569 89.1399 2.4514 54.4601 2.5392 171.9566 3.3594 -6.6848 -0.8585 -7.0549 5.5742 -10.4269 2.2620 29.5313 2.5391 92.8625 2.4871
2638 -6.8214 -1.2140 16.8984 2.4228 88.5244 2.4007 58.1965 2.5793 171.5300 2.6238 -8.2953 -0.8947 -6.7645 4.8126 -10.5752 1.5220 28.1803 2.3855 96.8206 2.3975
2639 -6.5196 -1.2625 14.3626 2.4295 87.0914 2.3491 61.2566 2.5916 170.7190 1.9186 -9.4719 -0.5535 -6.3651 3.8765 -10.7348 1.5101 26.3118 2.4219 100.4274 2.3781
2640 -6.2604 -0.9879 10.6751 2.3797 85.0822 2.3405 63.6445 2.6578 169.9199 1.4702 -9.8153 0.2623 -6.0119 3.2415 -10.7735 1.6309 23.6791 2.4440 103.8689 2.5325
2641 -5.7702 -0.6916 7.2327 2.5973 82.3534 2.3679 64.7485 2.5482 169.3362 1.4743 -10.0018 1.1434 -5.6450 2.1210 -10.0818 1.2958 20.3028 2.3248 106.8750 2.5564
2642 -5.3231 -0.5921 3.7429 2.5140 78.8775 2.3283 65.8294 2.5058 169.0057 1.6969 -9.6891 1.7517 -5.9999 1.4374 -9.3694 0.8857 16.7786 2.4791 108.8984 2.4715
2643 -4.2665 -0.4315 0.3304 2.6019 75.2271 2.5186 65.8327 2.4993 168.3292 1.7995 -8.9536 1.7605 -6.7314 0.9135 -9.2841 0.1333 13.6183 2.4905 110.3461 2.4365
2644 -2.7541 0.0238 -2.6590 2.1436 71.5736 2.3162 65.0872 2.4023 167.3065 2.1155 -8.1160 1.7487 -7.2304 1.1410 -8.8674 -0.4846 9.8377 2.2852 110.7192 2.5072
2645 -1.9744 0.3025 -4.7804 1.2800 67.8607 2.4051 63.9064 2.3509 166.2087 2.5204 -7.4058 2.0051 -7.7469 1.7659 -8.6038 -0.9235 6.7423 2.4634 110.7237 2.5639
2646 -1.1556 0.3777 -6.2753 0.8833 64.2976 2.4388 61.6011 2.2080 165.2668 2.8272 -6.9783 2.6660 -8.7238 2.1465 -8.6490 -1.1393 3.9403 3.0159 109.6797 2.5346
2647 -0.8875 0.4854 -7.3355 0.6332 60.8451 2.3284 58.9031 2.1451 164.0147 3.6557 -6.1153 3.1139 -9.6048 2.5986 -8.5893 -1.3583 0.9228 3.9375 107.9990 2.5537
2648 -0.8221 0.6272 -7.7730 0.7769 57.8660 2.4696 56.2238 2.3530 163.1603 4.0800 -5.3103 3.1860 -10.0663 3.4599 -8.0817 -1.6041 -1.6211 4.2708 105.9363 2.5806
2649 -1.3025 0.5107 -7.6682 1.1191 55.6959 2.5983 54.2001 2.4241 162.3965 4.3936 -4.7830 3.0638 -10.2767 4.2385 -8.0033 -1.7841 -3.6895 4.5502 104.0631 2.6297
2650 -2.4479 0.2206 -7.2240 1.3767 54.3015 2.5828 52.9194 2.4778 162.3587 4.5443 -4.8775 3.2173 -10.2026 5.0319 -8.7873 -1.5189 -5.4800 5.2286 102.7555 2.4741
2651 -3.7426 0.3049 -6.9672 2.0747 53.1096 2.5958 52.6964 2.4453 162.0387 4.6233 -4.7532 3.6833 -9.4391 5.7317 -9.3122 -1.0385 -6.5786 5.6474 101.8828 2.5219
2652 -5.4079 0.6696 -6.4220 2.1935 52.7500 2.4762 52.9505 2.5049 161.6640 4.5557 -4.9500 4.7114 -8.5473 5.9266 -9.5704 -0.4458 -7.2988 5.9509 101.9752 2.5532
2653 -6.8859 1.3217 -5.5780 2.2626 52.9101 2.3951 53.3367 2.4811 161.6212 4.5682 -5.8888 5.5936 -7.5988 6.1419 -9.6638 0.2021 -8.0982 6.2928 102.7310 2.6514
2654 -7.9439 2.1733 -5.7165 2.1611 54.0751 2.4711 53.4552 2.5475 162.5192 4.6333 -6.9477 6.0771 -6.9253 5.8142 -9.7057 0.8845 -8.7847 6.1411 104.4411 2.6484
2655 -7.8766 2.6082 -6.1770 2.4909 55.9666 2.4365 53.6885 2.4997 163.3726 4.8286 -7.3950 5.8553 -6.6473 4.7893 -9.5057 1.7112 -9.3792 5.6284 106.6963 2.7117
2656 -7.6316 2.9866 -7.0824 2.8737 58.3558 2.5820 54.0810 2.5145 164.7018 5.2992 -7.7797 5.3871 -6.2877 3.4913 -9.1936 2.4474 -9.6081 4.5760 109.3987 2.6735
2657 -7.3705 3.2176 -8.2526 3.8501 61.6105 2.6848 53.8860 2.4712 165.9468 5.4991 -8.3283 5.1646 -5.8716 2.8700 -8.9343 2.9660 -9.4556 4.0280 111.6897 2.4549
2658 -6.8042 3.8326 -8.8716 4.3490 65.2106 2.6880 53.4816 2.4481 167.0163 5.8378 -9.1820 5.2338 -5.7598 1.9711 -8.8666 3.7230 -8.8320 3.5368 113.4881 2.4642
2659 -6.4276 4.0750 -9.0200 4.7444 68.4012 2.5475 52.9902 2.4267 167.4274 6.2797 -9.4549 5.3442 -6.2417 1.4712 -9.0287 3.9533 -8.4026 3.1796 114.4716 2.5352
2660 -6.2160 3.9384 -9.0604 4.4621 71.9487 2.4951 52.4004 2.4217 167.8412 6.1954 -9.5218 5.4548 -7.0239 0.9777 -8.8251 4.0843 -7.9814 3.1938 114.4551 2.4840
2661 -6.0558 3.2376 -8.5994 4.1283 75.3633 2.6587 51.7233 2.4537 168.0733 6.5102 -9.2464 5.1590 -7.8628 1.1134 -8.1757 3.6148 -7.8835 3.0165 113.9216 2.4761
2662 -6.2751 2.5628 -7.5964 4.2554 78.9734 2.5807 51.2212 2.5344 168.4626 6.3112 -9.0348 4.9318 -8.1769 1.4155 -7.7869 2.7544 -7.1531 2.9302 112.7339 2.3876
2663 -6.9624 1.9671 -6.6044 4.2836 82.4101 2.4834 51.4462 2.5153 168.4200 6.2780 -9.0325 4.6400 -8.3069 2.0646 -7.8354 1.7587 -5.9297 2.8719 110.9733 2.4763
2664 -7.6570 1.5992 -4.6183 4.4520 85.3926 2.3668 52.2734 2.6148 168.3499 6.2773 -9.3450 4.7833 -8.2022 2.7192 -8.1029 0.7801 -5.0353 2.9697 108.7210 2.2723
2665 -8.4626 1.2063 -2.3812 4.3228 87.6315 2.5290 53.9810 2.6926 168.6629 5.6101 -9.4233 5.1736 -8.2365 3.1094 -8.3850 0.3718 -4.1697 2.9691 106.9939 2.3220
2666 -9.2758 0.5952 0.2535 4.1889 89.2980 2.5748 56.8244 2.5824 169.1164 5.3061 -9.0254 4.8298 -8.4332 3.5591 -9.1341 0.4885 -3.8395 3.5219 105.7118 2.4944
2667 -10.1462 0.2166 2.8600 3.4445 89.8701 2.5149 60.1542 2.8233 169.4035 5.0456 -8.8241 3.9941 -8.5508 4.0780 -9.3846 -0.1511 -3.9336 3.9977 105.1746 2.4318
2668 -10.5937 0.3059 5.6653 2.8148 89.8451 2.4884 63.6919 2.6739 169.6770 5.0283 -9.1949 3.3789 -8.7467 4.2420 -9.1153 -0.7628 -3.7147 4.1317 105.4176 2.4598
2669 -11.0032 0.7139 8.7731 2.6142 89.2715 2.3956 67.2002 2.5650 170.2085 5.2552 -9.5292 2.8484 -8.4466 4.3669 -9.0976 -0.7916 -3.5927 3.9627 106.4077 2.5676
2670 -11.1681 1.1172 11.4606 2.4769 87.7448 2.3930 71.1178 2.4655 170.6916 5.4219 -10.0229 2.4896 -8.1116 4.3913 -9.3402 -0.6068 -3.3414 3.2754 107.9140 2.5348
2671 -10.7387 1.4509 13.5752 2.4336 85.5645 2.2989 74.8514 2.5140 171.1459 5.4133 -10.4183 2.2493 -7.4287 4.3248 -9.9818 0.0569 -3.0164 2.3578 110.1552 2.4210
2672 -10.5422 1.5459 15.1676 2.5236 82.9915 2.3401 78.7712 2.5564 171.3705 4.8665 -10.4310 1.5228 -7.2927 3.9661 -10.4548 0.5611 -3.0646 2.1068 112.1648 2.4339
2673 -10.2998 0.7728 16.2400 2.4808 80.4206 2.5903 82.6169 2.3798 171.2589 4.7898 -10.5993 0.5834 -7.2351 3.3323 -10.5901 1.0103 -3.4371 2.5802 113.6633 2.4615
2674 -10.4092 0.4732 16.5414 2.5209 78.5234 2.4494 86.1511 2.5984 170.8006 5.3523 -10.6753 0.3572 -6.9971 3.4274 -10.2623 1.1859 -4.0751 3.0116 114.3092 2.4304
2675 -10.7836 0.5393 16.2707 2.5347 77.2851 2.4759 89.3254 2.6745 170.5045 5.8139 -10.7815 0.5288 -6.9602 4.0356 -9.2196 1.8972 -4.6792 3.9386 114.8222 2.5239
2676 -11.2006 1.3947 14.9340 2.5314 76.8501 2.4572 92.1157 2.4371 170.6795 5.9610 -10.7848 1.3437 -6.9848 4.8963 -8.0708 2.3375 -4.7619 4.6386 115.1736 2.4153
2677 -11.1240 1.5784 12.7349 2.5832 77.2049 2.4971 93.9447 2.5510 171.0488 5.8759 -10.1587 2.6285 -7.1479 5.4525 -7.1158 3.0503 -5.1452 4.8246 115.7058 2.4917
2678 -10.8151 1.6883 10.0881 2.9579 78.1589 2.4643 94.8601 2.4379 171.5060 4.8205 -9.2694 3.8986 -7.2076 5.5105 -6.6530 3.4018 -5.5236 5.0146 116.0709 2.4765
2679 -10.9928 1.3016 7.3163 3.3031 79.9562 2.3385 95.2116 2.4971 171.3834 3.7335 -8.5933 4.2750 -7.6495 4.9219 -6.7129 3.4762 -6.0180 5.4883 116.6108 2.4591
2680 -11.0892 0.8238 4.8393 3.3809 82.5402 2.3334 94.6750 2.4142 170.8070 3.2072 -8.2596 4.7313 -7.9971 4.4575 -6.1245 3.8088 -6.4666 5.9685 117.2862 2.5292
2681 -10.5902 0.3929 2.9867 3.4448 84.8076 2.3879 93.5519 2.4027 170.0158 3.2492 -8.3452 4.7605 -8.5437 4.2391 -5.5792 3.8547 -6.7528 6.4072 118.4922 2.5984
2682 -9.7930 0.3184 1.9848 3.3395 87.5895 2.6016 91.3178 2.2937 169.3869 4.1449 -8.3264 5.0440 -9.2225 4.4438 -4.8055 3.5598 -6.9291 6.2362 120.0764 2.6047
2683 -9.0028 0.7408 1.6783 3.3110 89.6014 2.5315 88.8608 2.3312 169.3609 4.6605 -8.6530 5.3335 -9.7353 4.7553 -4.1943 3.3107 -6.4419 5.8232 121.6479 2.5494
2684 -7.8351 0.8347 1.7047 3.4723 91.4780 2.5285 85.2949 2.3607 169.6205 4.6349 -8.8514 5.3088 -10.2015 4.9066 -4.0412 2.2816 -4.9884 5.5379 122.9856 2.5825
2685 -6.2375 1.1234 2.9233 3.4139 93.2895 2.5901 81.6113 2.4801 169.8438 4.5458 -9.1889 4.8880 -10.5661 4.4340 -4.0981 1.4271 -3.1672 5.2214 123.5857 2.5155
2686 -4.2111 0.8800 4.6604 3.3302 94.8008 2.5589 77.9691 2.3399 169.7811 4.6922 -9.6043 4.0988 -10.7620 4.1625 -4.3665 1.4611 -1.2666 4.6981 123.5710 2.4559
2687 -1.5210 0.8475 7.5184 3.2690 96.3910 2.5630 74.8577 2.3979 169.3398 5.0910 -9.5260 3.0482 -10.8569 4.0326 -4.5057 1.3641 0.6288 4.4335 123.0919 2.4918
2688 0.8939 0.9125 10.1394 3.2444 97.0842 2.5350 72.7785 2.4529 168.7227 5.8757 -8.9521 1.9820 -10.6894 3.7048 -4.3996 1.8038 2.4904 4.1571 121.8148 2.4879
2689 2.6061 1.2077 12.6097 2.8917 97.6088 2.4766 71.0722 2.5469 168.3520 6.4427 -8.3362 1.2804 -10.3231 3.5978 -3.8779 2.3030 3.3031 3.3689 120.2536 2.4147
2690 3.9631 1.7289 14.5927 2.6345 97.7947 2.5142 70.0836 2.4940 168.3481 6.4922 -7.7432 0.8067 -9.8531 3.6821 -3.4753 2.6966 3.4086 2.9875 118.7231 2.3531
2691 4.4640 2.1078 15.6491 2.6253 97.7614 2.4889 69.7576 2.4721 168.8750 6.3246 -7.7232 0.3491 -9.6116 3.4984 -3.0490 2.7265 3.1435 3.1443 117.3506 2.5331
2692 4.4873 2.0376 15.6998 2.5046 97.5605 2.4865 70.5833 2.4099 169.3586 6.1519 -7.2993 -0.1880 -9.1629 2.9973 -2.7682 2.6081 2.6016 3.5870 116.7678 2.5523
2693 4.1802 1.8231 15.3092 2.5396 96.9438 2.3596 71.5756 2.4023 169.3097 5.9469 -6.8883 -0.7012 -8.8604 2.1631 -1.9427 2.7500 1.4503 4.2122 116.6735 2.4431
2694 3.1798 1.8621 14.1662 2.6113 95.8535 2.3905 72.9358 2.3922 169.2356 6.0383 -6.0781 -0.7071 -9.3008 1.3069 -1.1853 2.7670 -0.1087 4.6095 117.3580 2.3945
2695 1.9892 2.0498 12.2661 2.4929 94.7603 2.5208 73.5703 2.4297 168.6740 6.2610 -5.4242 -0.2364 -9.2947 0.6821 0.1398 3.2663 -2.5416 4.4541 118.9431 2.3603
2696 0.0951 2.1294 9.8529 2.1979 93.5141 2.3692 74.6132 2.4905 168.1345 6.3856 -4.8477 0.5192 -9.3097 0.1117 1.4225 3.6152 -4.8548 4.0388 120.9496 2.3495
2697 -2.1233 2.9490 7.0139 1.4667 92.7413 2.5305 74.8448 2.5951 167.7865 6.1004 -5.0447 1.0739 -9.1800 0.4493 2.7968 3.8972 -6.4511 3.5486 122.8507 2.4469
2698 -3.8555 3.6215 3.9324 0.8962 92.2917 2.5618 74.4403 2.4869 167.4573 5.7332 -5.7825 0.8676 -9.5257 1.0667 3.9746 3.7431 -7.3686 2.9042 124.4527 2.4900
2699 -4.4952 4.0670 0.6619 0.5154 92.5850 2.4919 73.5028 2.3000 167.2268 4.9878 -5.9502 -0.1154 -9.7885 1.5563 5.1755 3.5246 -7.8817 1.9992 124.7998 2.5222
2700 -4.6673 4.2012 -2.0896 0.4016 94.0847 2.4712 71.5017 2.4257 167.1596 4.0235 -5.6094 -0.7297 -9.7715 1.7420 6.0148 2.9209 -8.5552 1.2320 124.5715 2.4926
2701 -4.7379 4.3505 -4.4984 -0.0095 95.7362 2.6440 68.9614 2.4158 167.2935 2.9684 -5.1066 -0.8011 -8.9748 1.9421 5.9601 2.6216 -8.8958 0.4230 123.9321 2.6645
2702 -4.5129 4.1607 -6.0083 -0.3804 97.9740 2.7453 66.6034 2.4625 167.2417 2.3800 -4.2332 -0.1999 -7.7820 2.3922 5.4253 2.4484 -9.4380 -0.0118 122.2648 2.5955
2703 -4.2555 4.3113 -7.1268 -0.8433 100.2812 2.6770 64.2904 2.5383 167.2006 2.0459 -3.2823 0.5248 -6.9491 2.8660 4.0080 2.3189 -9.4666 -0.2915 120.0365 2.5937
2704 -3.9261 4.0188 -7.5012 -1.3404 102.4765 2.5718 63.0203 2.5016 167.3979 1.2782 -2.4080 0.7477 -5.3126 3.2048 2.5356 2.5292 -9.4489 -0.0404 117.5933 2.4619
2705 -3.1989 3.6473 -7.8506 -1.4109 103.9060 2.5201 62.4214 2.5004 167.2878 0.6082 -1.4100 0.6313 -3.5667 3.4381 0.4922 2.6014 -9.2547 0.6515 115.2925 2.6080
2706 -2.1181 3.0022 -7.7029 -0.8431 104.6426 2.4737 62.5535 2.5634 167.7381 -0.1725 0.5026 0.6594 -0.8493 3.3238 -2.0963 2.2748 -8.9900 1.5690 113.2349 2.5643
2707 -1.6651 2.4189 -7.6073 -0.0245 104.5928 2.5528 63.2012 2.6022 168.4460 -0.5284 2.9751 0.8575 1.8708 3.2159 -4.7809 2.2791 -8.6176 2.2905 112.2378 2.5901
2708 -1.3097 2.1477 -6.9892 0.9408 103.6001 2.4511 64.9995 2.5695 169.1807 -0.2779 6.2243 1.1920 4.5464 3.0347 -6.7787 2.8928 -8.8536 3.4036 111.7812 2.5255
2709 -1.5689 2.0074 -5.8469 1.2132 101.8659 2.4815 67.4473 2.6034 169.8120 0.1512 8.8205 1.8747 6.9589 3.1178 -8.4613 3.6781 -8.9136 4.3043 111.9342 2.4886
2710 -1.6977 1.8460 -4.7063 1.2313 99.7902 2.6303 70.4073 2.5766 170.0218 0.3079 10.8385 2.2853 9.1868 3.0000 -9.0334 4.3415 -8.8177 5.0974 112.7793 2.5492
2711 -1.7413 2.2230 -4.1953 1.6955 97.0012 2.6423 73.2023 2.5765 169.5539 0.1243 12.4694 2.5568 10.6940 2.6325 -8.9225 5.2800 -8.1606 5.9778 114.4919 2.5777
2712 -1.8595 2.0928 -3.6830 1.8223 93.8263 2.5947 75.3688 2.6030 168.8558 -0.2617 13.4897 2.5048 11.4348 2.5820 -8.4492 4.9097 -7.8428 6.3091 116.9908 2.3981
2713 -2.1473 1.7721 -3.1017 2.4994 91.4996 2.4676 77.1622 2.5213 168.1430 -0.6868 13.8906 2.5104 12.0507 2.4875 -8.2071 4.3661 -7.0103 6.2898 120.0353 2.3372
2714 -2.6710 1.8027 -2.0110 3.0583 89.4693 2.5867 78.9515 2.4853 167.7170 -0.6213 13.4847 2.5172 11.4526 2.4487 -7.9664 4.3179 -6.4240 6.1862 123.8285 2.4033
2715 -4.0858 2.0840 -0.7143 3.2476 88.5076 2.3991 80.2240 2.4448 167.0129 -0.2470 12.9853 2.5586 10.3758 2.3504 -7.4429 4.9141 -6.3222 6.4923 127.6311 2.4899
2716 -5.2595 2.9270 0.7847 2.7706 87.6803 2.5307 81.6897 2.5381 165.7858 0.0664 12.1828 2.5412 8.4434 2.1849 -6.5484 5.4572 -6.7053 6.5808 131.1956 2.7319
2717 -5.9780 3.4077 2.3955 2.1583 86.9911 2.4468 83.2998 2.4832 164.0656 0.1154 11.2735 2.5522 6.3640 1.8192 -5.7665 5.5171 -7.3665 6.5735 134.4556 2.6622
2718 -6.3943 4.3107 4.2281 1.9155 86.4736 2.5500 84.8285 2.5549 161.7492 0.3553 10.5020 2.5566 4.3724 1.7763 -5.1223 4.9809 -7.3483 6.2612 137.8563 2.5271
2719 -6.7434 5.0879 5.5167 1.7792 85.5468 2.5179 86.4808 2.5819 159.0466 0.7847 10.1792 2.4836 2.0868 1.5868 -4.9546 4.2889 -6.7217 6.1043 141.4623 2.5482
2720 -6.9900 5.4672 6.5784 2.0792 84.8832 2.5797 88.0636 2.4922 155.8997 1.2123 10.8179 2.4862 -0.2051 1.3172 -4.8941 4.0520 -5.8717 6.2215 144.9372 2.4469
2721 -7.1872 5.5698 7.2727 2.3597 84.2087 2.4355 89.6959 2.4351 153.2050 1.9670 11.9068 2.4023 -1.8409 0.8276 -4.8780 4.4482 -4.9702 5.9379 148.3067 2.1907
2722 -7.0096 5.8017 7.2950 2.4574 82.9905 2.4760 92.0599 2.3441 151.1090 2.2437 13.0739 2.4576 -2.6726 0.6699 -4.5623 4.9526 -4.0855 5.7659 151.3346 2.2860
2723 -6.2379 5.9332 6.8203 2.4314 80.7833 2.5692 95.3201 2.5030 149.2484 2.4922 14.0414 2.5784 -3.3101 0.5939 -4.2483 5.1454 -2.9850 5.4010 153.6332 2.2529
2724 -5.2832 5.6263 5.9900 2.2910 77.6599 2.4080 98.8071 2.3474 147.1871 2.5168 15.0113 2.4502 -3.4809 0.2045 -3.4749 4.6457 -1.5825 5.2629 155.4439 2.2430
2725 -3.9652 5.4325 4.9094 2.4710 74.2325 2.5337 102.0642 2.1974 145.5176 2.4987 15.4554 2.5045 -3.7853 0.1399 -2.1873 4.1729 0.3348 4.7841 156.6258 2.1866
2726 -2.5452 5.3106 3.2873 2.4156 70.4615 2.5181 105.3871 2.4469 144.1354 2.4742 15.0654 2.5445 -4.0021 0.7397 -0.4622 3.4281 2.9959 4.2893 156.7925 2.0262
2727 -0.6717 4.8264 1.5368 2.2767 66.8141 2.4592 108.6391 2.5459 142.8354 2.4845 14.3009 2.5586 -4.4351 1.6069 0.9075 3.1549 6.1299 3.8023 156.3074 1.9968
2728 1.7808 4.3516 -0.2849 2.1784 63.1604 2.4837 112.0725 2.4187 142.4418 2.4858 12.9186 2.4479 -4.6719 2.1046 1.7720 3.2279 9.7287 3.1083 155.0970 2.1855
2729 4.8442 4.0144 -1.8226 2.1842 59.5664 2.4291 115.4366 2.4595 142.9062 2.6035 10.5747 2.1591 -4.8909 2.2814 2.0903 3.2608 13.0192 2.7027 153.2634 2.1374
2730 8.1097 3.4839 -2.9969 2.1567 56.1906 2.3663 119.0511 2.5138 144.0282 2.5163 7.7497 1.8880 -5.0031 2.6533 1.8319 3.0161 16.1272 2.4262 150.3622 2.0037
2731 11.4580 2.8942 -4.2160 2.0310 53.2317 2.4437 121.6434 2.7050 145.2698 2.5265 4.6208 1.5904 -5.4891 3.3384 1.7302 2.4621 18.7321 2.5295 147.0768 2.2668
2732 14.6183 2.6214 -4.7018 1.8181 50.8674 2.4828 123.9180 2.5170 146.2648 2.4725 1.9473 1.4846 -6.5744 4.0691 1.6013 2.4493 20.9960 2.4773 143.6114 2.5384
2733 17.7077 2.4102 -5.1154 1.8066 49.1785 2.5621 125.9176 2.6112 146.4886 2.5057 -0.7621 1.9764 -7.6408 4.7927 1.2584 2.9615 23.2122 2.5118 140.1615 2.3420
2734 19.8630 2.4969 -5.5149 1.7607 48.3488 2.4118 128.0631 2.4336 146.4798 2.5179 -2.9391 2.5119 -8.2030 5.3349 0.7000 3.2057 24.9691 2.3490 137.5210 2.3982
2735 21.6869 2.5803 -6.1660 1.5386 47.8184 2.4980 129.7463 2.4789 147.2365 2.5831 -4.7868 3.1512 -8.5577 5.8491 -0.1664 3.2264 26.2259 2.3806 135.0319 2.3341
2736 22.6612 2.5243 -7.2799 0.8445 48.4314 2.3991 131.3700 2.4838 148.3615 2.5299 -5.8437 3.8238 -8.6499 5.9129 -1.4175 3.5931 27.0338 2.4296 133.2954 2.4637
2737 23.0684 2.5367 -7.8543 0.5900 49.2137 2.3734 132.8749 2.5195 149.4356 2.5420 -6.5299 4.5255 -8.7923 5.6516 -2.6745 3.9705 27.5397 2.4039 132.2336 2.4658
2738 22.5658 2.5869 -8.1527 0.3162 50.4959 2.3919 134.4350 2.4655 150.4612 2.5241 -6.7979 4.7313 -8.7198 5.5910 -3.7648 4.0673 27.1600 2.4749 132.1756 2.4196
2739 21.6658 2.5983 -8.1517 -0.2205 51.5708 2.4853 136.1189 2.2902 151.4545 2.5023 -6.5838 4.7965 -8.1492 5.0888 -4.4027 4.7083 26.2107 2.4631 132.8632 2.5120
2740 20.7014 2.4803 -7.6504 -0.3665 52.8969 2.4465 138.1827 2.4154 152.5174 2.2927 -5.7747 5.0837 -7.0874 4.7949 -4.6640 4.9198 24.4233 2.5579 133.6765 2.3581
2741 19.7526 2.5025 -6.8046 -0.6503 53.7293 2.4607 140.0298 2.3597 153.8122 1.9092 -4.2214 4.8165 -5.5222 4.6464 -4.1779 4.3475 22.4941 2.4693 134.5069 2.4363
2742 18.9632 2.5320 -5.9938 -0.5088 54.0699 2.4369 142.5585 2.2432 154.9459 1.3865 -2.6127 4.4265 -3.6184 4.4631 -3.6303 3.3634 20.7583 2.3875 135.5176 2.4196
2743 18.5904 2.4577 -4.8683 0.2035 53.2743 2.4852 144.4511 2.4236 156.3183 1.2578 -0.5211 4.0446 -1.1511 4.5479 -3.5370 2.8570 18.5363 2.3434 136.3335 2.4467
2744 19.3189 2.4075 -3.3959 0.7194 51.7157 2.4019 146.0597 2.5261 157.7402 1.1574 2.2135 3.5637 1.3759 4.0552 -3.0919 2.5170 16.3136 2.5224 136.1913 2.5140
2745 20.6077 2.3607 -1.9797 1.1318 49.5199 2.3987 146.6492 2.5058 159.0561 1.2026 4.6482 2.9895 3.3407 3.3549 -1.9156 2.2565 13.3777 2.5589 135.6024 2.6498
2746 22.3819 2.5112 -0.6376 1.3141 46.5914 2.3334 146.6808 2.5767 159.4457 1.2309 6.5260 2.4899 4.6850 2.9364 -0.6956 2.0691 10.2794 2.6976 134.4781 2.6338
2747 24.8113 2.3491 -0.0494 1.6781 43.5861 2.3724 145.9597 2.5533 159.1564 1.2296 7.9833 2.4821 5.2262 2.5360 0.4786 1.6514 7.3239 3.1102 132.3826 2.6588
2748 28.1225 2.4314 0.2000 2.3065 40.9273 2.5263 144.4104 2.6037 158.2376 1.1941 8.7382 2.4506 5.6230 2.4841 1.2690 1.4943 4.5190 3.7547 129.5083 2.6393
2749 31.5871 2.6131 0.0015 3.3675 39.0165 2.5261 142.2349 2.5331 156.5819 1.1330 8.9392 2.6405 5.2123 2.9134 2.1102 1.6703 1.3206 4.0739 126.3839 2.7942
2750 35.1622 2.6261 -0.2419 3.9300 37.8253 2.5571 139.3040 2.5767 154.6861 1.2914 8.0114 2.8550 4.6662 3.2771 2.1812 2.0589 -1.1837 4.0947 123.4030 2.6217
2751 38.7469 2.5406 -0.7105 4.1641 37.3655 2.4904 136.0287 2.5164 152.6956 1.6353 6.7699 3.4094 3.4952 3.8254 1.9016 2.2738 -3.0791 4.1495 121.4217 2.4849
2752 42.2896 2.4907 -1.8303 3.8451 37.6237 2.5284 132.2079 2.6980 151.1357 2.0145 4.9350 3.8142 1.5936 4.2688 1.0553 2.0547 -4.7877 3.8747 120.0823 2.4847
2753 45.7619 2.3982 -2.7865 3.2936 38.6843 2.5047 129.1770 2.5323 150.1713 2.3528 2.8158 3.9779 -0.6767 4.6369 -0.4373 1.3490 -6.5597 3.3437 119.4940 2.5195
2754 49.1112 2.6870 -4.0223 2.5015 40.2510 2.3219 126.6870 2.5222 149.9298 2.5215 0.3389 4.1171 -3.2457 4.6220 -2.2888 0.9458 -7.8867 2.8223 119.9279 2.5410
2755 52.2401 2.6622 -4.8180 2.2031 42.4169 2.4223 124.7655 2.5758 150.3243 2.4344 -1.7098 3.7976 -5.2125 5.1782 -4.5405 1.0667 -8.8335 2.6330 120.7995 2.5667
2756 54.7584 2.5669 -5.6111 2.0883 45.8962 2.3448 123.4836 2.6370 151.6569 2.3737 -3.0604 3.6428 -6.6812 5.4718 -6.2969 1.3082 -9.4407 2.5532 122.5883 2.5961
2757 56.5014 2.4566 -5.7547 1.4930 49.2509 2.4503 123.0854 2.4604 153.7664 2.2323 -4.6259 4.2903 -7.4806 5.9113 -7.8268 1.7554 -9.7181 2.2290 124.8505 2.5827
2758 57.2842 2.5374 -5.6925 1.0847 52.0637 2.3466 123.4467 2.4110 156.2883 2.0417 -5.6782 4.4852 -7.8453 6.2270 -9.2047 1.7503 -9.8879 1.9824 127.6558 2.5479
2759 57.5286 2.4770 -5.2532 0.5970 54.5644 2.3494 124.9007 2.4683 159.5235 2.1386 -6.4698 4.6734 -7.6698 6.2923 -9.7883 1.2781 -10.1992 1.8707 130.3272 2.4811
2760 56.8149 2.5091 -4.6433 0.7143 56.3361 2.4693 126.8869 2.2991 162.5123 2.6174 -7.0027 4.7097 -7.7428 6.4028 -10.1640 0.7910 -10.6640 2.0769 132.6038 2.4969
2761 55.4192 2.6732 -3.6761 0.8753 57.2033 2.5123 129.4980 2.4287 164.8358 2.9818 -7.2948 4.6229 -7.7123 6.5592 -10.1526 0.7217 -10.7338 2.3791 133.8587 2.4720
2762 53.3560 2.6465 -2.5595 1.4297 57.4017 2.5010 133.0294 2.4385 166.3318 3.5430 -7.5156 4.3474 -7.4717 6.5816 -9.8213 0.9411 -10.7889 2.6660 134.1662 2.4798
2763 50.9415 2.5765 -1.3486 1.9149 56.7357 2.4202 136.6679 2.5367 167.2831 3.9080 -7.8976 4.0742 -7.2444 6.2691 -8.7773 1.2100 -10.4208 2.2615 133.9116 2.4503
2764 48.1544 2.6842 -0.0791 2.1736 55.3932 2.5878 139.6211 2.4769 168.1042 4.6337 -8.4698 3.8723 -7.0892 5.8331 -7.5731 1.5058 -9.5735 1.9897 132.9082 2.5402
2765 46.0284 2.5285 1.6386 2.2929 53.1153 2.4704 142.2843 2.4625 168.3315 4.8702 -9.0605 3.1917 -7.4722 5.0961 -6.0918 1.0990 -8.3250 1.3817 131.1478 2.5500
2766 44.3017 2.4983 4.0875 2.6401 50.3121 2.4751 143.9054 2.4768 168.4647 5.2834 -9.4810 2.6421 -8.0079 4.5175 -4.3047 0.8101 -7.9003 1.7185 128.7087 2.4794
2767 43.3598 2.5446 6.3336 2.9296 47.5843 2.4059 145.2716 2.5727 168.1736 5.8729 -9.2351 1.6876 -8.3143 4.2343 -2.3223 0.3974 -7.7473 1.4850 125.7964 2.4738
2768 43.4777 2.5595 8.3334 2.7901 45.3376 2.4637 145.5979 2.5391 167.4603 6.1861 -8.4274 1.3783 -9.2051 3.7834 -0.5599 0.4710 -7.6719 0.8833 122.4887 2.4949
2769 43.9280 2.5524 9.5938 2.5329 43.6580 2.3987 144.8872 2.5540 167.1021 6.1097 -7.5108 1.3047 -9.9758 3.5263 0.4781 0.6256 -6.9396 0.4327 119.0326 2.4323
2770 45.4790 2.4733 10.3296 2.5364 42.7896 2.5649 143.9585 2.6117 167.0849 6.1542 -6.0340 0.5672 -10.5780 3.1991 1.0474 0.9164 -5.9844 0.2082 115.7590 2.3911
2771 47.5015 2.6867 10.3004 2.3961 42.5894 2.5450 142.1613 2.6259 167.3485 6.4312 -4.2524 0.2749 -10.8294 2.4904 0.9021 0.9272 -4.9168 0.4664 113.4443 2.4184
2772 50.3229 2.7352 9.7347 2.5142 43.1430 2.6146 139.6958 2.4937 167.7153 6.2649 -2.2657 0.1989 -11.1311 1.9990 0.4809 0.7573 -4.3458 1.2238 111.7487 2.4542
2773 54.0255 2.6070 8.5287 2.8250 44.3464 2.6842 136.2149 2.5336 167.8267 5.7975 0.1715 0.5123 -11.0425 1.7308 -0.4324 0.2120 -4.2067 1.4537 110.6180 2.5169
2774 57.8158 2.5506 6.6991 3.2706 46.3158 2.6196 132.5379 2.5271 167.6895 5.7958 2.2461 0.9676 -10.8422 1.9694 -1.5780 -0.1499 -4.7804 1.2291 110.3970 2.5153
2775 61.6809 2.8744 4.4922 3.5686 49.2231 2.4330 128.9976 2.3017 167.2416 6.0062 3.8289 1.5345 -10.6736 2.4518 -2.8609 -0.6490 -4.9707 0.9761 110.8520 2.5658
2776 65.2135 2.6479 2.1953 3.3622 52.1374 2.5610 125.2822 2.4346 167.7666 6.3872 4.8775 1.8999 -10.4765 2.4179 -4.1530 -0.8032 -5.0718 0.2896 112.2239 2.5404
2777 68.9629 2.5881 0.0140 3.3425 54.8528 2.5866 121.6714 2.3331 168.0392 6.1896 5.6054 2.2707 -10.1418 1.9792 -5.0752 -1.0300 -5.1687 -0.1478 113.9481 2.4051
2778 72.6291 2.5011 -1.7196 3.2352 56.3278 2.5473 118.8771 2.4838 168.1239 6.0532 6.3468 2.4951 -10.2550 1.2524 -5.8245 -0.9835 -5.3360 0.2006 116.5217 2.6489
2779 76.4293 2.4608 -3.2205 3.4934 57.4118 2.4473 116.6599 2.4701 167.9626 5.8289 7.1704 2.4333 -10.1309 0.6269 -5.8874 -0.8622 -6.0957 0.9832 119.0568 2.6485
2780 79.9867 2.4960 -4.4690 3.7970 57.5557 2.5425 114.9462 2.6332 167.6240 5.8600 7.4425 2.5077 -9.9147 0.5279 -5.6100 -0.4270 -7.1320 1.7135 121.5274 2.6039
2781 83.0590 2.5301 -5.7512 4.3417 57.0999 2.5721 113.9946 2.5855 167.1866 5.9617 7.1713 2.4621 -9.0475 0.3813 -4.7112 -0.3018 -8.3998 1.9974 122.9860 2.5760
2782 86.5803 2.5677 -6.7057 4.2209 55.6290 2.6323 113.7805 2.4952 167.0477 5.8393 6.3761 2.4716 -7.7455 0.5093 -3.2459 -0.1529 -9.0459 1.9844 123.9201 2.4830
2783 89.9477 2.3479 -7.5383 3.6287 53.5519 2.6994 114.5861 2.3631 167.1709 5.7754 5.1975 2.4349 -6.5434 0.5623 -1.0603 0.3303 -9.8280 1.7422 123.8172 2.5642
2784 93.4230 2.2915 -8.0339 2.4885 51.1107 2.7295 115.9737 2.3138 167.7684 5.6332 3.5873 2.4290 -5.2145 0.5629 1.3813 1.1137 -10.3326 1.3711 122.9609 2.4968
2785 96.8044 2.3155 -8.2528 1.6873 47.7880 2.7519 118.0479 2.2857 168.2077 5.9190 2.2511 2.2660 -3.0870 0.3041 4.0245 1.7040 -10.5409 1.2754 121.5340 2.5495
2786 99.9349 2.5365 -8.1517 1.1606 44.3376 2.5170 120.5277 2.3457 168.7606 6.0479 0.7350 2.0050 -0.4454 0.4484 6.4770 2.0365 -10.6146 1.1088 119.3753 2.4523
2787 102.6065 2.5571 -7.7252 1.3004 40.4805 2.5156 123.8896 2.4642 169.6819 5.9240 -0.6590 1.8882 1.8635 0.6850 9.1153 2.4147 -10.6700 0.8673 116.2022 2.5610
2788 104.6390 2.4884 -7.2038 1.1699 37.0164 2.4614 126.0119 2.3890 170.1203 5.5649 -2.0708 1.5963 3.7584 1.3001 11.6044 2.6601 -10.5196 0.9304 112.7401 2.4671
2789 105.7917 2.4280 -6.2540 0.8816 33.5325 2.5436 127.4846 2.5721 170.2810 5.2404 -4.0966 1.2277 4.9246 1.8214 13.5734 2.4619 -10.4342 1.0121 109.1236 2.4906
2790 106.4221 2.4981 -4.8236 0.4778 29.8417 2.4155 128.5191 2.5188 170.9481 4.9901 -5.9772 0.6142 5.4662 2.2254 14.9729 2.5640 -10.4177 0.9219 105.8461 2.2994
2791 106.4499 2.5740 -3.0656 0.5461 26.1138 2.4237 128.9911 2.4620 171.6576 4.4102 -7.0611 -0.0418 5.7482 2.3878 15.3867 2.4496 -9.8604 1.2259 103.2726 2.3460
2792 105.4826 2.5023 -1.2014 0.9340 22.5557 2.5698 128.2034 2.4489 171.7278 3.6097 -7.3779 -0.5510 5.6679 2.5623 15.3108 2.4156 -9.3730 1.5335 101.5347 2.5643
2793 104.9419 2.5456 0.3035 1.4930 19.4633 2.5512 127.2163 2.4967 171.0713 2.9258 -7.6581 -0.6134 5.6375 2.5011 14.4539 2.4049 -8.8787 2.1867 100.2833 2.5459
2794 104.1230 2.5040 0.8547 2.0848 17.3524 2.5329 125.0698 2.3826 170.4978 2.4771 -7.0701 -0.3335 5.2136 2.5345 12.7125 2.2399 -8.2694 2.9279 100.1373 2.4338
2795 103.4629 2.5671 0.9974 2.6354 15.9470 2.6361 122.0283 2.3553 170.1669 2.1518 -6.0576 -0.0400 4.7473 2.3546 10.2216 2.1174 -7.8443 3.6779 100.5027 2.4287
2796 103.1342 2.5790 0.9525 2.8222 15.1003 2.6122 118.3678 2.3507 170.2711 1.2069 -4.6637 0.0687 4.3264 2.2027 7.2571 2.1795 -7.3585 4.5607 101.6718 2.4410
2797 103.3554 2.5095 0.9471 2.7821 15.0149 2.4653 114.9304 2.5599 170.7754 0.8807 -2.7293 0.3318 4.1303 2.1703 4.0624 2.3590 -6.5491 5.0826 103.4346 2.4634
2798 104.3769 2.2922 0.6597 2.5047 15.8167 2.4466 111.5650 2.3718 170.8978 0.7154 -0.7192 0.5182 3.7859 2.2499 1.4141 2.1783 -5.4770 5.2898 105.9572 2.4507
2799 106.3653 2.2944 0.2516 2.2083 17.4002 2.3600 108.4930 2.4604 170.9628 0.3811 0.6514 1.1178 3.5941 2.2924 -1.5125 2.0008 -4.5719 5.3996 109.3487 2.4132
2800 108.5573 2.3594 -0.6286 2.0574 19.4336 2.4458 105.9250 2.4317 170.9404 0.7749 1.5754 1.7330 3.6748 2.4021 -3.8296 1.7194 -3.8230 5.0854 113.0909 2.5176
2801 110.7188 2.3826 -2.0378 1.7077 21.4755 2.4767 104.4044 2.4360 170.7959 1.3971 1.4575 2.1684 3.3381 2.3899 -5.4880 0.9120 -2.9149 4.3600 116.6709 2.5581
2802 112.8896 2.5235 -3.5241 1.4373 23.2128 2.4961 103.4407 2.4546 170.8049 1.9936 1.5500 2.9406 2.9215 2.1044 -6.8797 0.9571 -1.5977 4.0818 120.3322 2.6035
2803 113.9050 2.5179 -4.7271 1.0567 24.3423 2.4322 103.6205 2.4695 170.7397 2.9307 1.4292 3.3459 1.8658 1.3229 -8.2443 1.1532 -0.1524 3.9344 123.2003 2.6814
2804 114.2310 2.4682 -6.0005 0.9657 24.7866 2.4632 104.5210 2.4158 170.5232 3.6790 1.1376 3.7721 0.2591 0.8960 -8.9768 0.9876 1.5525 3.9078 125.4915 2.6400
2805 113.6560 2.4071 -6.9132 0.9454 24.3617 2.6003 106.0456 2.3837 170.5500 4.3393 0.3299 4.0587 -1.9324 0.5984 -9.3475 0.7646 3.6396 3.6477 126.8384 2.5821
2806 112.4041 2.2927 -7.7642 0.8829 23.3438 2.5381 108.3939 2.5520 170.4373 4.8632 -0.8226 4.3645 -4.1776 0.6066 -9.4794 0.2408 6.2372 3.0401 127.1886 2.5444
2807 110.6444 2.3626 -8.5149 0.7085 21.7715 2.4962 111.5484 2.5866 170.2597 5.3418 -2.2689 4.7728 -5.7397 0.8783 -9.2253 -0.2759 9.4002 2.7545 127.5820 2.4818
2808 108.7076 2.4030 -9.4625 0.8237 19.4896 2.5308 115.1238 2.5319 170.2271 5.3633 -3.2605 4.9649 -6.6231 0.9497 -8.7547 -0.4761 12.7477 2.7189 127.4266 2.5043
2809 106.7337 2.4338 -10.3999 1.1330 16.7574 2.6735 118.9060 2.3598 170.4164 4.9206 -3.6975 5.4079 -7.2515 0.6401 -8.9462 -0.4736 16.1899 2.6445 127.1200 2.5722
2810 105.3242 2.6000 -11.1427 1.6502 13.1395 2.7407 122.5252 2.5080 169.9382 4.3613 -3.8110 5.6890 -7.4732 -0.1892 -9.1950 0.3296 19.6666 2.4610 126.8416 2.5344
2811 104.5439 2.5025 -11.6919 1.5633 9.5073 3.0068 126.2097 2.4298 169.8097 3.7975 -3.7877 5.5513 -7.5214 -0.1968 -9.4998 0.8837 23.1939 2.4432 126.2700 2.4669
2812 104.7112 2.5957 -11.4163 1.5827 6.4155 3.5403 129.7681 2.6611 169.9352 3.5435 -4.0758 5.5043 -7.1760 0.3526 -9.6615 1.0253 26.5519 2.4272 126.1297 2.4547
2813 105.6361 2.5870 -10.5096 1.4128 3.6486 3.8899 133.6126 2.5736 169.7231 3.3118 -4.5840 5.2229 -6.6473 0.8696 -9.9191 0.7312 30.0165 2.6739 126.4870 2.5266
2814 107.3293 2.5851 -9.5816 0.8618 1.3988 4.2033 137.1995 2.6433 169.4574 2.5541 -5.6240 4.8839 -6.3383 0.8250 -10.3621 0.6541 33.3911 2.5758 127.0241 2.4854
2815 109.2026 2.6268 -9.0418 -0.0718 -0.0805 3.9904 141.1206 2.4222 169.0871 1.8604 -7.0532 4.8172 -6.0306 0.5773 -10.3191 0.6745 36.1489 2.5427 127.7748 2.5224
2816 110.9318 2.6862 -8.9995 -0.5808 -0.8638 4.0875 144.9219 2.5536 168.7677 1.2906 -8.1459 5.0179 -5.7703 -0.0501 -9.9809 0.4783 38.3601 2.5776 128.9089 2.4950
2817 112.7412 2.5776 -8.3122 -0.7986 -0.9501 4.0656 148.5141 2.8592 167.9178 0.7555 -8.6951 5.5601 -5.2585 -0.0240 -9.6670 0.4274 39.6278 2.6094 129.8713 2.5446
2818 113.4703 2.4649 -7.4975 -0.8683 0.0421 4.0217 152.1550 3.2708 167.2807 0.2560 -8.9070 5.6018 -4.8339 -0.0687 -9.4539 0.4331 40.0705 2.5017 130.2237 2.4093
2819 113.6174 2.5558 -6.5818 -0.9649 1.9111 4.1518 155.3562 4.1209 167.0951 0.3831 -9.0094 5.3589 -4.4849 0.2396 -9.6213 0.3877 39.8126 2.4821 129.4578 2.4113
2820 112.7075 2.4914 -5.3646 -0.3932 4.1734 3.8484 158.8844 4.3104 167.3053 0.3740 -9.1077 5.3516 -3.6533 1.0613 -9.5881 -0.0855 39.2030 2.4983 128.2219 2.3897
2821 111.5645 2.5030 -4.5144 0.2332 7.0991 3.6683 161.7343 4.3599 167.1653 0.2532 -9.1086 5.3137 -2.8396 1.8757 -9.3581 -0.5368 38.5053 2.5322 126.2739 2.4817
2822 109.4431 2.5462 -4.4308 1.3093 10.0298 3.2027 164.6161 4.6833 167.8192 0.1715 -9.0152 5.6019 -1.8618 2.2685 -8.9085 -1.0375 38.1040 2.6206 124.0452 2.3866
2823 106.3769 2.5160 -4.8969 2.0261 13.6988 2.6860 166.6820 5.0813 168.6596 0.6479 -8.5776 5.8142 0.1282 2.2899 -8.1808 -1.2440 37.5740 2.5557 121.7939 2.4580
2824 103.0390 2.5306 -5.9954 3.1134 17.0345 2.5128 168.7313 5.0376 169.2925 1.6809 -7.8482 6.1302 2.2955 2.7014 -7.5254 -0.9532 37.1781 2.4584 120.5732 2.6356
2825 99.6408 2.7142 -6.7363 3.4835 19.8161 2.5302 170.0452 5.3272 169.4844 2.3798 -7.1419 6.5959 4.9800 2.5160 -8.0357 -0.3041 37.4195 2.5056 119.7068 2.4747
2826 95.9787 2.5323 -7.1875 3.3711 21.9434 2.4526 171.2798 5.4852 169.2678 3.1166 -6.8727 6.4900 7.8067 2.4668 -8.8514 -0.2435 38.4224 2.4094 119.6512 2.5154
2827 92.4380 2.5964 -7.7289 3.4439 23.3990 2.5216 171.5771 5.1672 168.9369 3.9753 -6.8568 6.4902 10.5526 2.3562 -9.3826 -0.2659 40.2015 2.4054 120.0937 2.6330
2828 88.8446 2.5865 -8.1729 3.8967 24.3274 2.4883 171.3276 5.1792 168.9643 4.7061 -7.2899 6.2629 12.8165 2.4101 -9.7009 -0.8142 42.5432 2.5832 121.5363 2.5796
2829 85.1553 2.4547 -8.1255 4.0479 24.2272 2.4409 170.1919 5.1350 168.3136 5.3411 -7.7569 5.8913 14.3926 2.5426 -9.5733 -0.7396 45.8667 2.4233 123.4780 2.6157
2830 81.5943 2.4985 -8.4890 3.4047 23.5130 2.3629 169.0145 5.3661 167.8005 5.8894 -8.3861 5.0843 15.3925 2.5218 -9.5859 -0.6832 49.4283 2.3845 126.1379 2.6367
2831 78.2729 2.5310 -8.4662 2.8159 21.8443 2.4124 168.2806 5.6378 167.6737 6.2397 -8.2187 4.2940 15.5561 2.4900 -9.8742 -0.1347 52.5919 2.4978 129.5381 2.5481
2832 75.9126 2.5655 -7.8110 2.2958 19.7518 2.5569 167.9912 5.9434 167.5215 6.2497 -7.6891 3.8770 14.9928 2.5351 -10.5418 0.7072 55.4691 2.5117 133.0597 2.4784
2833 74.3866 2.4058 -7.2265 1.7138 16.5983 2.3754 168.2797 6.3048 167.9692 5.6112 -7.7040 3.1479 14.4099 2.6085 -10.8385 1.5241 57.4220 2.4490 136.3809 2.4139
2834 73.6637 2.5788 -6.4007 1.6643 12.9718 2.4937 168.3717 6.4028 168.5208 5.3329 -8.4367 2.9196 13.5140 2.6058 -10.7808 2.4313 58.7642 2.4167 139.3112 2.5067
2835 73.2436 2.4756 -5.7134 2.3805 9.3565 2.6819 168.3146 6.0994 169.0683 5.5758 -8.7187 2.9564 12.8360 2.4380 -10.2317 3.0736 59.1536 2.5208 141.7039 2.5295
2836 73.7894 2.4610 -5.0082 3.0042 6.1111 2.5540 168.4981 5.9395 169.3628 5.6813 -8.3101 2.8172 12.2482 2.4768 -9.2619 3.3619 59.4498 2.5003 143.4669 2.5959
2837 74.6001 2.3449 -4.5448 3.0805 3.2058 2.0862 168.9025 5.7460 169.1174 6.2149 -7.4330 2.9990 11.8822 2.3950 -7.7127 3.3369 59.5579 2.4525 144.6005 2.4659
2838 75.8727 2.3642 -4.1095 3.0395 0.1505 1.6992 168.9289 5.7605 168.6689 5.9012 -7.2474 3.6042 12.7308 2.4600 -6.4371 3.7617 59.6919 2.4327 145.5176 2.5076
2839 76.7251 2.4136 -3.4603 3.2521 -2.7787 1.5455 169.0271 5.8705 168.2485 6.0389 -7.2883 4.4527 14.3765 2.4506 -4.7667 4.1942 59.2066 2.5331 146.2047 2.4928
2840 77.5438 2.4394 -2.0105 3.6887 -4.8108 1.2702 168.5142 5.9022 168.1519 5.7348 -7.4277 5.2471 16.7195 2.3739 -2.3927 4.6132 58.4905 2.3805 147.3344 2.4230
2841 77.4934 2.5247 -0.2114 3.8609 -6.9350 0.8528 167.5525 5.3789 167.7489 5.5154 -7.8619 5.8464 19.6582 2.3651 -0.4441 4.5258 57.2814 2.4748 148.7518 2.3755
2842 76.7215 2.5180 1.6889 3.6746 -8.1374 0.2094 166.0439 4.8275 167.1600 5.2098 -8.2164 6.2721 23.1116 2.3455 1.2575 4.1335 56.0373 2.5368 149.5977 2.4497
2843 75.2760 2.6081 3.9788 3.6670 -8.4722 -0.1822 163.7577 4.8722 166.3402 5.2352 -7.7817 6.7178 26.4317 2.4967 2.1372 3.7139 54.8086 2.4910 150.5928 2.3621
2844 72.8147 2.6939 6.8187 3.7446 -8.7429 -0.7865 161.6119 4.8424 165.7864 5.2264 -7.1874 6.9099 28.8966 2.5180 2.4435 3.4956 53.6040 2.5622 151.8428 2.2818
2845 69.7709 2.6434 10.0369 3.2527 -8.2588 -0.8676 159.8345 4.4102 165.5179 5.1804 -6.6596 6.8423 30.6964 2.5733 2.4337 3.6392 52.1408 2.4703 153.8627 1.7643
2846 66.0392 2.4020 13.2666 2.8083 -7.5275 -0.3818 158.9391 3.7502 165.7260 5.0191 -6.2003 6.0887 31.7977 2.4966 1.6326 4.2144 50.3989 2.5373 156.3362 1.1569
2847 62.3782 2.4416 17.0800 2.6022 -7.0125 0.2795 158.4794 3.3699 166.6330 4.8342 -5.9742 5.1375 31.8902 2.4954 0.1338 4.6010 48.0257 2.4811 159.0590 0.6215
2848 58.5152 2.5704 20.5098 2.3902 -6.9134 0.8400 158.4956 3.7371 167.8916 4.8244 -5.5072 3.9128 31.6487 2.4705 -1.7698 4.6519 44.9160 2.4804 161.1546 0.1588
2849 54.9554 2.5031 24.2822 2.5828 -6.4724 1.6441 159.1475 4.0958 169.0885 4.5958 -5.1107 3.0300 30.2538 2.2576 -3.8694 4.6168 41.4042 2.5172 162.8100 0.0664
2850 51.3010 2.6812 27.3309 2.3235 -5.6057 2.5082 160.1315 4.1973 169.8666 4.3383 -5.2963 2.3946 28.0640 2.5256 -5.4598 4.5026 37.6020 2.4117 164.1691 -0.2150
2851 47.5827 2.5191 29.4182 2.4395 -4.5650 3.3878 161.4577 4.1180 169.9510 3.8755 -6.1136 2.0547 25.3998 2.4315 -6.5166 4.4608 34.1706 2.4225 164.9096 -0.6708
2852 44.0366 2.7412 30.7988 2.4838 -3.9658 4.1105 163.3806 4.0364 169.9580 3.2765 -6.6419 1.4779 22.0306 2.4109 -6.8062 4.6040 30.7405 2.6256 165.7764 -0.8313
2853 40.4580 2.6107 31.5702 2.4852 -3.9883 4.6911 165.6790 3.6160 169.4744 2.5090 -7.1158 1.0065 18.2422 2.3014 -6.1854 4.5645 27.8309 2.6835 166.0062 -1.2628
2854 36.9345 2.6872 31.3113 2.5166 -3.3713 5.0184 167.3849 3.0117 168.6447 2.2073 -7.8219 0.8284 14.9045 2.3403 -5.0279 4.0165 25.5456 2.4203 165.9089 -1.0556
2855 33.4017 2.5514 30.7776 2.5976 -2.3007 4.6838 168.5084 2.4718 168.1008 2.2613 -8.2242 0.9999 12.0648 2.5118 -3.2716 3.2774 23.7651 2.4219 165.3275 -0.5504
2856 29.9331 2.3356 29.3727 2.6737 -0.7435 4.5344 168.8587 1.6319 167.3709 2.3659 -8.8430 1.4548 10.0586 2.3864 -0.8876 2.5284 21.7627 2.3561 164.1250 0.0007
2857 26.6924 2.5201 27.4816 2.6992 1.1631 4.0800 168.8116 0.9168 167.1357 2.9260 -8.7549 2.3004 8.9484 2.4358 1.8189 2.2933 19.8496 2.4658 162.6163 0.4162
2858 24.2224 2.5666 26.0339 2.6967 3.7610 3.4994 168.2693 0.5555 166.8619 3.4166 -8.9880 3.4003 8.6994 2.4964 4.3021 2.4441 17.8467 2.5079 161.0824 1.1834
2859 22.6291 2.4510 24.4447 2.5386 6.6106 3.0736 168.2345 0.0502 166.3019 4.1360 -8.4919 4.2365 9.0838 2.4066 6.5173 2.3710 15.9696 2.4844 159.6794 1.5897
2860 21.6478 2.5104 23.6096 2.4595 9.3579 2.6559 168.3742 -0.1242 165.8082 4.6003 -7.7730 4.6055 9.9836 2.4480 7.8484 2.4265 14.1770 2.5826 157.9491 1.6617
2861 21.3072 2.4268 23.5667 2.4391 12.6857 2.5999 168.2760 -0.1782 165.4095 4.8379 -6.9298 5.2330 11.1340 2.3055 8.6332 2.5386 12.3882 2.4893 156.5535 1.4643
2862 21.7590 2.4485 24.2265 2.4451 16.1564 2.5400 168.0270 0.3023 165.5511 4.6301 -5.9353 5.1224 12.7404 2.3762 8.5669 2.4681 10.2936 2.6479 155.1559 1.7198
2863 23.0149 2.3827 25.9038 2.5227 18.6611 2.3655 167.9187 1.2023 165.9850 4.0398 -5.3364 5.3528 14.2034 2.5267 8.1962 2.3820 8.0622 2.3020 154.1645 2.0015
2864 25.4059 2.3399 27.9123 2.4069 20.5115 2.5072 168.0725 2.3758 166.3107 2.7949 -4.8280 5.4246 15.4726 2.5122 7.1712 2.6212 5.2919 2.2128 153.8677 2.4016
2865 28.2216 2.2484 30.9431 2.4460 21.5427 2.6168 168.1917 3.3856 167.0119 1.8351 -4.5668 4.8924 15.9215 2.5468 5.9266 2.9217 2.7927 2.2107 153.9962 2.0973
2866 31.2951 2.3540 34.2775 2.3995 22.1174 2.5417 168.4027 4.0350 167.6873 0.9780 -4.6503 4.2612 15.4386 2.3757 4.4587 3.1235 1.0405 1.8872 154.7396 1.7595
2867 33.4234 2.5049 37.9188 2.3962 21.6404 2.4421 168.1514 4.4613 167.8316 0.4742 -4.8082 3.9326 14.0753 2.3623 3.2062 3.0836 -0.7569 1.1799 156.3805 1.3577
2868 35.1855 2.5505 41.4963 2.5794 20.6731 2.4651 167.5074 4.4802 167.8184 -0.1287 -4.8487 4.5282 12.1164 2.4116 2.5113 3.2786 -2.4045 0.4319 158.5234 0.8444
2869 36.1041 2.5641 44.7823 2.4552 18.9913 2.3508 167.0992 4.2877 168.0152 -0.4130 -4.9574 5.2273 9.7391 2.7423 2.5897 3.4511 -3.9404 -0.2020 161.0212 0.4550
2870 36.1915 2.6244 47.5092 2.3721 16.4272 2.3419 166.3418 4.2398 168.6180 -0.5420 -4.7717 5.3808 7.0975 2.8971 3.5903 3.5516 -5.0525 -0.3770 163.9355 0.3948
2871 35.6340 2.5748 49.6382 2.5697 13.2269 2.1878 165.4567 4.3816 169.7008 -0.4152 -4.5401 5.1927 4.8234 3.0666 5.2639 3.4758 -6.3014 -0.5094 166.0650 0.5593
2872 34.2212 2.5563 51.0892 2.6568 9.4413 2.3228 164.6681 3.8989 170.0819 -0.3219 -4.2460 4.7905 3.3877 3.1655 7.8057 3.3497 -7.1009 -0.4563 167.8038 0.9532
2873 32.0171 2.4859 52.1047 2.5120 6.2023 2.5960 164.0713 2.8786 170.3450 -0.1331 -4.4197 4.5147 2.7048 3.2180 10.8650 3.1903 -8.0141 -0.6025 168.7235 1.2424
2874 29.2552 2.5042 52.4034 2.4554 3.2761 3.1031 164.2565 1.7992 170.4244 0.3627 -4.0694 4.2177 2.8668 3.1283 14.2416 2.6846 -8.4457 -0.8147 168.9314 1.7306
2875 26.2838 2.5124 51.5854 2.5301 0.7596 3.7329 164.3485 1.0854 170.1331 0.4317 -3.9405 4.1181 3.5241 3.2137 17.9318 2.3952 -8.6749 -0.9761 168.4239 1.9909
2876 23.3881 2.4706 50.2176 2.4146 -1.1985 3.8185 164.7665 0.7616 170.3215 -0.1437 -4.1531 4.5590 4.8602 3.2827 21.6065 2.4457 -8.8134 -1.0082 167.9984 2.0120
2877 21.2456 2.4163 48.2260 2.3801 -3.2088 4.0713 165.3502 0.3698 170.7177 -0.4309 -4.2365 4.8224 7.3830 3.2113 25.0033 2.4674 -8.5223 -0.4118 167.6187 2.1108
2878 20.0682 2.4157 45.2483 2.5609 -5.0097 3.9111 165.5799 0.3700 171.0687 -0.4243 -4.1665 4.6552 10.1401 3.0398 28.6137 2.6726 -7.9917 0.2731 167.0913 2.5281
2879 19.6993 2.5559 41.7602 2.5128 -6.4231 3.5838 165.5666 0.1767 170.9684 -0.4720 -3.9974 4.5312 12.8435 2.8628 32.3294 2.6652 -7.1705 1.2188 166.1053 3.0342
2880 20.0299 2.4781 37.9908 2.5310 -7.9419 3.9250 165.3316 0.0696 170.6288 -0.4579 -4.7492 4.5172 14.8939 2.5573 35.7915 2.6651 -6.9116 1.8590 165.1736 3.1639
2881 20.9889 2.3202 34.3862 2.4902 -8.6797 4.0502 164.9131 0.1458 170.0525 -0.8308 -5.8111 4.8247 16.3250 2.4706 38.5157 2.6522 -6.5380 2.3787 164.3590 3.2401
2882 22.8438 2.3300 30.6961 2.5778 -9.1100 4.2891 164.3445 -0.0649 169.6186 -0.9293 -7.0531 5.5537 16.8442 2.4718 40.8392 2.3952 -6.0765 3.1266 163.9552 2.8603
2883 25.5087 2.2458 27.9791 2.4396 -9.2699 4.1583 163.4006 0.2788 169.4441 -0.6906 -7.6048 5.7372 16.2827 2.5693 42.8459 2.5213 -5.6825 4.0050 164.0344 2.3838
2884 28.7649 2.4066 25.9638 2.4130 -9.2350 3.5184 161.9221 0.6755 169.1589 -0.6261 -8.6385 5.4773 15.0993 2.5958 44.3072 2.5215 -5.2466 4.7442 164.3054 2.2579
2885 32.5289 2.4769 24.5491 2.5634 -9.4447 2.7918 160.4505 0.8486 169.0274 -0.8926 -9.3655 5.2679 13.4777 2.6467 46.1242 2.6458 -5.0679 5.2819 164.5645 2.7222
2886 36.1517 2.5373 24.3090 2.4722 -10.3706 2.2088 158.2562 1.0294 168.4944 -1.0292 -9.5885 5.0860 11.0582 2.5623 47.6757 2.6405 -5.2042 5.3588 164.5887 3.2803
2887 39.9319 2.5050 24.7502 2.5525 -10.4067 2.5263 155.8022 1.1923 167.3876 -0.8596 -9.9053 4.6828 8.0886 2.4346 49.3105 2.4594 -4.8436 5.4825 164.5074 3.9694
2888 43.5423 2.4917 25.9558 2.5800 -9.9456 2.9177 152.8403 1.7690 166.7737 -0.9098 -9.9473 4.6194 4.2972 1.9692 50.7846 2.5497 -3.7143 5.3334 164.2774 3.8629
2889 47.2056 2.4636 27.6457 2.3397 -9.1350 3.0036 150.8694 2.1327 166.6603 -0.6132 -9.8915 4.4775 1.1976 1.9037 51.6753 2.5070 -2.0970 5.2007 164.5241 3.4870
2890 50.7126 2.5155 30.3342 2.5641 -8.2336 2.9335 149.4609 2.3905 166.7446 -0.3659 -9.6669 4.2256 -1.4179 1.9926 52.1990 2.5386 0.2549 4.7684 165.3585 3.3496
2891 54.4137 2.5985 33.6105 2.4666 -7.4834 2.5267 148.7663 2.5597 167.7381 -0.2302 -9.2365 3.9941 -3.0492 1.8405 52.7095 2.5741 3.2973 4.1916 166.4650 3.2350
2892 58.0323 2.6976 37.2113 2.5021 -7.2005 2.4962 148.5062 2.6238 168.4888 -0.3263 -8.9656 4.5819 -4.5227 1.4386 53.1674 2.5608 6.0748 3.4923 167.1792 3.3552
2893 61.4938 2.5136 41.0459 2.3433 -7.1715 2.2629 148.5847 2.5206 169.1345 -0.3632 -8.6859 5.3310 -5.9505 1.3360 53.3510 2.4785 8.4047 2.8545 167.9991 3.4712
2894 64.7339 2.5965 44.9128 2.4731 -7.1909 2.5829 148.4445 2.5915 169.3523 0.2152 -8.5270 5.6528 -7.0950 0.9875 52.7347 2.4818 10.1715 2.4903 168.7776 3.6494
2895 68.1491 2.4453 48.4234 2.4511 -6.6540 2.7425 148.2077 2.4787 169.3997 1.4294 -8.2598 5.3161 -7.3667 0.9689 51.3345 2.4703 11.5158 2.4373 169.1500 4.1602
2896 71.7095 2.4347 51.8429 2.4386 -6.0004 2.6534 148.3619 2.4615 169.3130 2.1320 -8.3773 5.0530 -7.3784 0.8574 49.4040 2.4907 12.1945 2.5261 169.2278 4.4929
2897 74.6009 2.3874 55.5278 2.5222 -4.4960 2.5996 148.0269 2.4312 169.3530 2.4923 -8.9190 4.5313 -6.7830 1.1620 46.5088 2.5543 12.4890 2.5328 168.8138 4.2546
2898 77.0218 2.3637 59.3216 2.4069 -4.0188 2.8613 146.9179 2.4554 168.9813 3.0291 -9.2309 3.6293 -5.9128 1.1664 42.6031 2.6374 12.1021 2.4685 167.7449 4.0569
2899 78.9418 2.3674 62.6462 2.3522 -3.5192 3.0525 145.2153 2.5823 168.8591 3.3952 -10.0414 3.1122 -5.1996 0.8944 38.6558 2.6868 11.4192 2.4412 165.9968 4.2655
2900 80.0990 2.4528 66.1056 2.5461 -3.7792 3.5587 142.9153 2.7020 168.4285 3.4151 -10.1197 3.2143 -4.1406 0.9663 34.9693 2.5657 10.6903 2.4176 163.7181 4.4361
2901 80.3624 2.5314 69.1472 2.7885 -4.3756 3.7684 139.7781 2.5090 167.6735 3.4721 -10.4564 3.9470 -2.8537 1.0565 32.0597 2.5745 10.1676 2.5130 160.6765 4.5355
2902 79.8931 2.5048 71.6107 2.5363 -5.3188 3.6007 135.8814 2.7155 166.9833 3.3446 -10.3179 4.0723 -0.7182 1.1978 29.6417 2.5712 9.7940 2.5015 157.6031 4.0650
2903 78.7370 2.5733 73.3605 2.6114 -6.4052 3.4158 132.6999 2.4938 166.2271 2.7269 -9.7931 4.0321 1.4851 1.3501 27.8339 2.5483 10.2549 2.5850 154.5932 3.4975
2904 77.5726 2.6505 74.0165 2.5429 -7.1692 3.2906 129.3597 2.4472 165.6626 2.0102 -9.2752 4.1415 4.0303 1.3111 26.9338 2.5671 11.5521 2.6895 151.2805 3.0947
2905 76.1003 2.6392 74.0779 2.5591 -7.6328 3.0837 125.7413 2.6397 165.1335 1.3630 -7.7831 4.2592 5.9516 1.5083 26.4294 2.4925 13.1924 2.6153 147.9622 2.7228
2906 74.6791 2.5711 73.4814 2.6090 -7.9209 2.6052 122.2979 2.5951 165.0533 0.9100 -6.0240 4.2081 7.4372 1.9325 26.0561 2.5689 15.4256 2.6553 144.4598 2.6326
2907 74.1152 2.5023 72.0613 2.7352 -8.3820 2.1714 118.8112 2.5084 165.2868 0.7267 -4.4500 3.9809 8.2779 2.3913 26.2511 2.6099 18.2651 2.6397 140.9004 2.4621
2908 74.1543 2.5020 70.0060 2.6400 -8.6713 1.3178 115.4789 2.5425 165.0128 0.4077 -3.1732 4.0229 8.6658 2.4939 26.1256 2.5262 20.9095 2.6598 137.4806 2.2845
2909 74.5572 2.5028 67.5460 2.6465 -8.8576 0.3761 112.4073 2.5635 164.8531 0.5600 -2.3718 3.5741 8.6618 2.6454 26.7360 2.5350 22.8110 2.4594 133.9409 2.5355
2910 75.7452 2.5487 65.1501 2.4722 -8.6820 -0.4345 109.5115 2.5089 165.4739 0.4032 -1.8732 2.9406 7.4250 2.8180 27.6581 2.4986 24.0363 2.4586 130.4935 2.6244
2911 77.4015 2.6124 63.6687 2.5488 -8.5746 -1.0359 107.1779 2.5164 166.4159 0.0976 -1.9131 2.1751 5.8564 3.2801 28.6598 2.4922 24.5887 2.4385 127.1135 2.4553
2912 79.2035 2.7084 62.9181 2.5141 -8.4508 -1.3338 104.5958 2.4658 166.9139 -0.4933 -1.8876 1.6645 3.9836 3.5988 29.4563 2.4427 24.6486 2.6026 124.0952 2.4193
2913 80.5806 2.5804 62.8385 2.5228 -8.4754 -1.4367 102.3993 2.4410 166.7084 -0.9550 -2.3646 1.6943 1.8891 3.8860 30.4704 2.5127 23.6322 2.5189 121.3473 2.4821
2914 81.5412 2.5522 63.3704 2.5338 -8.4477 -0.8473 100.7839 2.5150 166.6595 -0.9158 -3.1487 2.2063 0.2480 3.9674 31.5572 2.4345 21.8810 2.6161 119.6265 2.4730
2915 81.3948 2.5153 64.6152 2.5541 -8.3393 -0.4780 99.2348 2.4766 166.5990 -0.6196 -4.7267 2.8479 -0.8547 3.8690 32.6726 2.3440 19.5811 2.5953 118.9602 2.3781
2916 80.7988 2.4835 66.5201 2.4607 -8.6408 -0.3951 98.4512 2.4888 166.7697 -0.8782 -6.3226 3.0221 -1.1784 3.7930 34.3607 2.6405 17.0934 2.5782 118.4469 2.5389
2917 79.3625 2.5369 68.8850 2.4797 -9.0381 -0.7756 98.6246 2.5678 167.4166 -1.2796 -7.9042 2.7774 -0.6039 3.9379 36.7915 2.6232 15.0211 2.5478 118.3632 2.4895
2918 77.2073 2.5499 70.9086 2.4874 -9.2485 -0.7663 99.3499 2.5634 167.5471 -1.2366 -8.7906 2.5072 0.6956 4.0498 39.8894 2.4589 13.4650 2.5209 118.1796 2.5157
2919 74.3886 2.7373 72.5396 2.4976 -9.0363 -0.3834 100.1816 2.5107 167.1513 -0.9245 -9.2300 2.4585 2.5991 4.1985 43.5875 2.4439 12.8625 2.4746 118.2568 2.4992
2920 70.5663 2.7285 73.6888 2.5167 -9.3055 0.2651 101.1658 2.4232 166.0625 -0.5248 -9.9456 2.8371 4.6600 3.7963 47.0803 2.5910 13.0062 2.5617 118.2642 2.5135
2921 67.0160 2.7429 73.9084 2.4780 -9.6620 1.3126 101.7749 2.5163 165.2080 0.1452 -10.6155 2.9264 6.5956 3.3208 50.4768 2.6172 13.8835 2.7418 118.1304 2.4136
2922 63.2446 2.6702 73.5218 2.5481 -9.7202 2.3968 102.1058 2.4997 165.0029 0.8386 -10.9391 3.0203 7.8479 2.8756 52.9844 2.5210 15.6161 2.6885 117.5267 2.4310
2923 59.6340 2.6205 72.5503 2.4813 -9.4393 3.4624 102.4699 2.5152 165.2588 1.7699 -10.8780 2.7547 8.4643 2.6276 54.7683 2.5383 18.1512 2.6821 116.2202 2.5953
2924 56.7748 2.5475 70.7540 2.4959 -9.2057 4.3288 102.6522 2.5702 165.8146 3.0345 -10.5675 2.7952 9.2196 2.6034 55.7601 2.4002 20.6847 2.5468 113.7243 2.5657
2925 54.4156 2.6255 68.0646 2.5405 -8.6025 4.3707 102.3183 2.5631 165.9430 3.6477 -10.0014 2.7919 9.9400 2.4877 55.9524 2.4773 24.4786 2.7129 110.7845 2.5984
2926 52.8983 2.5964 64.7563 2.3898 -7.4962 4.3971 100.9858 2.6379 165.5274 3.9613 -9.2386 3.0709 10.7376 2.4847 55.2866 2.3671 28.2956 2.6518 107.4454 2.5106
2927 52.3005 2.4959 61.2319 2.5093 -5.8958 4.3473 99.4561 2.6681 164.9840 4.3950 -9.0099 3.1997 11.3144 2.5501 53.8971 2.5070 31.7422 2.6350 103.7952 2.4403
2928 52.2392 2.6177 58.1556 2.5795 -3.8907 4.6799 97.5768 2.5576 164.8898 4.5859 -8.7193 3.5087 12.0690 2.5471 51.8074 2.4551 34.6720 2.4289 100.5130 2.3944
2929 53.1584 2.6001 56.0323 2.5448 -1.1421 4.5407 95.6446 2.6530 164.4983 4.6699 -7.8435 3.6385 12.6778 2.5151 49.3047 2.5237 37.1844 2.3011 96.8530 2.2278
2930 54.9573 2.7202 54.3824 2.4362 1.9859 4.2559 93.9240 2.5211 163.8103 4.4976 -6.5586 3.7271 14.1042 2.4918 45.9373 2.4195 38.8351 2.4534 93.2315 2.3234
2931 57.1404 2.6348 53.5927 2.4128 5.0131 3.7563 92.7655 2.4110 162.7628 4.3918 -5.5083 3.5994 16.1896 2.6251 42.1526 2.4363 39.9235 2.5062 89.7701 2.4324
2932 60.2799 2.6305 53.6472 2.4042 7.8317 3.0889 91.7895 2.4378 161.8002 4.1284 -4.8538 3.0953 18.7355 2.7800 38.4314 2.4258 40.1096 2.5490 86.2364 2.4098
2933 63.8317 2.5253 54.4532 2.4021 10.8704 2.7733 90.5994 2.5841 160.9070 3.8659 -4.5886 2.2993 21.6564 2.6498 34.8129 2.4539 39.4243 2.6038 82.9072 2.5317
2934 67.4023 2.4169 55.7279 2.3795 14.2243 2.2419 89.2904 2.6093 160.0715 2.9946 -5.0633 1.2481 23.7605 2.6191 31.4420 2.4099 37.8702 2.5711 79.4064 2.5625
2935 70.5606 2.4385 56.9374 2.2829 17.4676 2.3089 88.2591 2.4917 159.7286 2.4872 -5.3293 0.7523 25.0002 2.4515 27.9928 2.5581 35.5790 2.6610 75.6465 2.4109
2936 72.9196 2.4157 58.3389 2.3851 20.2374 2.3419 86.9480 2.5481 159.8517 2.4967 -5.6225 0.3397 25.9795 2.4021 24.5028 2.6112 32.4117 2.6779 72.0687 2.4391
2937 74.6050 2.5660 59.6067 2.4054 22.5052 2.4335 85.0843 2.3886 160.3561 2.6927 -5.8184 0.8198 26.5646 2.4373 21.5814 2.5652 29.2495 2.5208 68.7048 2.4220
2938 75.5642 2.5702 60.0236 2.4529 25.0321 2.4314 82.2618 2.4747 160.8098 3.3917 -6.3910 1.6378 26.7912 2.5497 19.5935 2.5737 25.6355 2.7354 65.5923 2.4601
2939 76.1324 2.4996 59.7235 2.4150 27.2622 2.3859 78.6140 2.4191 162.0452 3.8610 -6.7917 2.3710 27.2119 2.5273 18.1478 2.5241 22.1815 2.7061 62.1015 2.4456
2940 75.3333 2.4753 58.8223 2.5620 29.3459 2.4310 75.1331 2.5669 163.0515 3.8252 -7.3536 2.3874 27.3599 2.5502 17.5422 2.4604 18.6135 2.6938 58.2898 2.4505
2941 74.0547 2.3068 57.1644 2.3756 31.4246 2.4608 71.5319 2.3776 163.7206 3.4706 -7.7626 2.0652 27.6503 2.4228 17.3306 2.5258 14.8602 2.6373 54.6581 2.5543
2942 72.0684 2.2339 54.7708 2.4338 33.6456 2.4168 68.0777 2.3933 163.8420 3.4862 -7.7402 2.1223 28.2757 2.3956 17.7726 2.4110 11.2261 2.8413 50.8239 2.4268
2943 69.3558 2.2295 51.8760 2.4133 36.0553 2.5315 65.4769 2.3650 163.1408 3.5298 -8.2502 2.7744 29.8067 2.3519 18.5488 2.4399 7.8517 3.4179 47.3087 2.4033
2944 65.9382 2.3629 47.8163 2.3644 37.7637 2.5428 63.4234 2.3638 161.7723 3.4818 -8.5393 3.1479 31.7509 2.2282 19.2173 2.3950 4.9524 3.7387 44.5947 2.5553
2945 62.3853 2.5523 44.6241 2.3460 39.5936 2.4594 61.9679 2.4541 160.0665 3.6092 -8.7313 3.6669 34.2951 2.3584 20.2168 2.4631 2.3225 3.8338 42.0377 2.4363
2946 58.5361 2.6263 41.9253 2.5628 41.1761 2.5581 61.4428 2.4223 157.3931 3.8497 -8.3995 3.2750 37.0091 2.3003 20.7450 2.4681 0.3636 3.7853 40.1485 2.4409
2947 54.7523 2.6890 39.8160 2.5961 42.0380 2.4124 61.7116 2.5718 154.5698 3.5038 -8.4582 2.1678 38.9629 2.6310 20.6005 2.5726 -1.6171 4.3783 38.4314 2.6850
2948 50.9520 2.6187 38.5983 2.5746 42.3611 2.5425 62.4795 2.6724 151.3301 3.1326 -8.5215 1.1324 40.4574 2.6199 19.5666 2.6058 -2.9276 4.9216 36.8311 2.5487
2949 47.0377 2.3673 38.1340 2.5438 41.6818 2.4537 64.0930 2.7338 147.7965 2.7135 -8.6953 0.6167 40.8749 2.4822 17.9282 2.6335 -4.0244 5.0745 35.2192 2.5232
2950 43.2824 2.5279 38.2718 2.4759 40.0956 2.4812 66.4017 2.6662 144.8282 2.5215 -8.4732 0.4869 40.7031 2.5859 16.2946 2.6966 -4.2849 4.9590 33.9340 2.5329
2951 39.4696 2.2603 39.1043 2.5679 38.0914 2.6758 69.0217 2.7498 142.3576 2.2781 -7.8025 0.7663 40.0043 2.6114 14.4623 2.6975 -4.2671 4.5575 32.4558 2.5030
2952 35.8224 2.2700 40.7095 2.5051 35.1638 2.5653 71.5741 2.4486 140.5143 2.4196 -6.5508 1.1719 38.6028 2.5371 12.7567 2.5241 -4.2769 3.5482 30.8047 2.4698
2953 32.0450 2.3186 42.8150 2.4985 31.5940 2.5215 73.3340 2.5931 139.0807 2.3968 -5.0497 1.0933 36.2302 2.5775 11.7504 2.5489 -4.1264 2.3635 29.2121 2.5104
2954 28.4564 2.4759 44.9858 2.5833 28.2026 2.6089 74.5494 2.4978 138.5955 2.4893 -3.0237 0.9930 33.1758 2.6029 11.8866 2.4645 -4.4345 1.7633 27.6137 2.7251
2955 24.5154 2.4422 47.1952 2.5825 24.9581 2.5007 74.7764 2.5208 138.9425 2.5979 -0.3016 0.9595 29.4244 2.4330 12.7448 2.4484 -5.1375 1.4687 25.3123 2.6318
2956 20.9001 2.3048 48.6657 2.5856 21.3931 2.5843 74.4521 2.5979 140.3381 2.6244 2.5762 1.3091 26.0388 2.3443 14.4219 2.4502 -5.6023 0.8357 22.4143 2.7942
2957 17.4693 2.5517 49.2653 2.5758 17.7738 2.4721 73.3216 2.5542 142.1808 2.6273 5.7607 1.6174 23.0123 2.3719 16.6349 2.2588 -5.8672 0.1327 18.7080 2.6631
2958 14.1710 2.5019 49.0952 2.4306 14.1389 2.5071 71.3749 2.6526 144.7685 2.7008 9.0849 2.2478 20.3317 2.4108 19.5982 2.2359 -5.8912 -0.8110 15.0210 2.5835
2959 11.8497 2.4571 48.5937 2.3803 10.4112 2.1385 68.7075 2.5987 148.1528 2.8928 12.1257 2.5799 18.7496 2.4571 23.0514 2.3014 -6.0809 -1.1551 11.5850 2.8244
2960 10.0057 2.5259 47.5038 2.3789 7.4731 1.7295 65.4207 2.5271 151.7940 3.3559 14.9719 2.6525 18.2332 2.5598 26.1842 2.5670 -6.4009 -0.9468 8.2892 3.3264
2961 9.0014 2.4587 46.8245 2.5085 4.4750 1.5522 61.8201 2.5713 155.3190 3.9252 16.5681 2.6465 17.9091 2.5191 29.4318 2.4626 -5.5601 -0.4794 5.4675 3.7898
2962 8.5708 2.5053 45.9156 2.4691 2.0802 1.1734 58.1909 2.5077 158.6487 4.5150 17.7511 2.4637 18.5498 2.6723 32.1978 2.4157 -4.1239 -0.0642 3.1790 3.9209
2963 8.9530 2.4380 45.3998 2.4637 -0.0260 0.7230 54.8497 2.3347 161.7451 4.9822 17.7509 2.5536 20.0086 2.6152 34.4964 2.5155 -2.3287 0.1992 1.4345 4.0447
2964 10.3834 2.5139 45.5758 2.5642 -2.1234 0.3381 51.3407 2.2559 164.5840 4.8862 17.4759 2.5908 22.2185 2.5512 36.1527 2.5653 -0.8507 0.3926 0.5079 4.0430
2965 12.5519 2.5120 46.5414 2.6347 -3.4975 0.4242 48.0982 2.3194 166.4875 4.8053 16.2317 2.5377 25.0399 2.5762 37.0980 2.5225 0.7172 0.7839 0.3792 4.1102
2966 14.9204 2.5669 48.3148 2.5552 -4.5051 0.3878 45.7566 2.4720 167.6713 4.6065 14.2501 2.5294 28.5214 2.5254 37.6174 2.5018 1.6691 1.4985 0.7744 4.1604
2967 18.2872 2.5177 51.0559 2.5241 -5.5068 0.6219 44.1905 2.4588 168.4447 4.1551 11.9103 2.5173 31.9928 2.5771 37.3154 2.4893 2.0666 2.1518 1.8418 4.0505
2968 21.9277 2.5480 54.1979 2.4319 -6.3302 0.5887 43.2917 2.4195 168.3930 3.6243 8.7072 1.8668 35.3383 2.5714 36.9716 2.5093 1.7190 2.5839 2.7928 4.0051
2969 25.6406 2.5582 57.6920 2.5355 -7.0074 0.5523 43.2494 2.4426 167.9725 3.4007 5.6146 1.3670 38.3686 2.5291 36.4151 2.4491 0.3983 2.7228 3.8808 3.7029
2970 29.4557 2.5274 61.3018 2.2372 -7.3860 0.3409 43.9492 2.4058 167.7193 3.1645 2.9632 1.0539 40.1708 2.4723 35.5593 2.4772 -0.9583 2.7982 4.6573 3.2848
2971 33.1004 2.4900 64.3841 2.3094 -7.7621 0.2674 45.2301 2.3590 167.4494 3.2033 0.6710 0.6562 41.2320 2.5939 34.6274 2.4735 -2.8064 3.1248 4.4640 2.8984
2972 36.4730 2.5475 66.9579 2.4646 -7.8729 0.2681 46.6139 2.3650 166.6952 3.6731 -1.1352 0.4670 41.5310 2.4556 33.3733 2.4352 -4.4812 3.5917 4.1154 2.8429
2973 38.9212 2.4372 68.7376 2.5838 -7.4964 0.2841 48.0281 2.3890 166.1194 3.8620 -2.3896 0.0644 41.1672 2.5813 31.7658 2.4522 -5.9800 4.0462 3.1724 3.1574
2974 41.0868 2.4439 69.8117 2.4176 -6.9411 0.6391 48.8989 2.5042 165.1137 4.2429 -3.6538 -0.6338 39.8642 2.7059 30.7741 2.5204 -6.9785 4.2815 2.0907 3.7840
2975 42.2380 2.3908 70.0492 2.4969 -6.0124 0.6853 49.4780 2.4785 164.3812 4.3959 -4.6677 -0.8525 37.9034 2.6037 29.9692 2.4592 -7.2811 4.4163 0.7536 4.3805
2976 43.0441 2.4049 69.6362 2.5701 -4.8978 0.5189 49.1696 2.3712 163.9757 4.6523 -5.1906 -0.7135 35.1738 2.5856 29.8984 2.5366 -7.3941 4.6403 -0.7303 4.5254
2977 42.9777 2.5399 68.0812 2.4682 -3.8284 0.4366 48.1964 2.4550 163.6508 4.8056 -5.4887 -0.3568 32.6137 2.6404 29.6073 2.4499 -7.1724 5.1931 -1.6943 4.2908
2978 42.1108 2.6342 66.1693 2.5067 -2.5538 1.2294 46.7167 2.5558 163.8851 5.0104 -5.5291 -0.0996 30.4247 2.6063 28.6928 2.4518 -6.7223 5.7906 -2.0371 4.1732
2979 40.4109 2.5970 63.4367 2.5616 -1.8750 2.0404 44.5140 2.5615 163.8877 5.3029 -5.4142 -0.0165 28.8209 2.5003 27.6553 2.5015 -6.3701 6.1565 -1.2966 4.3741
2980 37.9288 2.5225 60.4446 2.4651 -1.6722 3.1123 41.5116 2.5178 164.1332 5.5722 -5.1074 -0.5897 27.9986 2.5441 26.2749 2.4708 -6.6442 6.1130 0.0945 4.0908
2981 34.7240 2.6234 56.9196 2.4301 -2.1398 4.1218 37.9255 2.3627 164.2202 5.3526 -5.5865 -0.7960 27.8797 2.6013 25.2913 2.4345 -7.1600 5.3086 2.2806 4.2039
2982 31.2764 2.5983 53.5550 2.4565 -3.2315 4.7637 34.2394 2.3676 164.7165 4.7592 -6.1966 -0.8427 28.5724 2.6245 24.7733 2.5113 -7.6452 5.0071 4.7214 3.9806
2983 28.1512 2.4299 50.1473 2.4831 -4.4493 5.0174 30.6928 2.4016 165.8389 4.3193 -6.3698 -0.4210 29.8426 2.6413 24.3749 2.4405 -8.1580 5.1028 7.4128 3.3068
2984 25.2176 2.5521 46.8815 2.5167 -5.7654 4.7771 27.1646 2.4743 167.0589 3.8599 -6.1109 -0.1972 31.8691 2.5620 24.4375 2.4970 -8.9044 5.2703 10.0292 2.7159
2985 23.2299 2.4848 44.7663 2.5322 -7.3659 4.1197 23.6718 2.4727 168.5758 4.0952 -5.9671 -0.6020 34.9672 2.6028 24.2557 2.5587 -9.3598 5.5415 12.5324 2.4707
2986 21.9355 2.5244 43.2981 2.5160 -8.4467 3.4914 21.1625 2.4948 169.7019 4.3595 -6.3147 -1.1822 38.3422 2.3590 22.8403 2.4672 -9.2647 5.2963 13.9511 2.4028
2987 21.1471 2.5118 42.3534 2.5046 -9.1743 3.3101 19.1526 2.5162 170.7431 4.4268 -6.6539 -0.9399 42.2826 2.3488 20.9290 2.4632 -8.8587 5.0306 14.8795 2.4088
2988 21.2802 2.3833 42.0205 2.4705 -9.9645 3.2943 17.6446 2.5510 171.6620 3.9007 -6.1075 -0.4319 45.8337 2.5623 18.4342 2.4992 -8.2954 4.7486 15.6236 2.5066
2989 22.3042 2.5612 42.4181 2.6442 -10.4069 2.9647 17.2380 2.4955 172.0564 2.9657 -4.9679 -0.1589 48.7716 2.5318 15.9434 2.5333 -7.4022 4.7333 16.1425 2.5317
2990 24.0131 2.4734 43.7800 2.5762 -10.3440 2.7302 17.6282 2.5889 172.1170 1.8097 -3.5782 0.1259 50.6287 2.5025 13.2776 2.3959 -6.4827 5.2242 16.7830 2.5014
2991 26.6537 2.4143 46.1798 2.6798 -10.1395 2.6723 18.8060 2.5650 171.8085 1.1701 -1.8018 0.1260 51.9536 2.5313 10.4470 1.8437 -5.2581 5.2423 17.2110 2.4810
2992 29.9427 2.4918 49.2246 2.4839 -9.8760 2.8119 20.6363 2.5465 170.9610 1.0324 0.0085 0.4783 52.6198 2.5297 7.7892 1.0977 -4.1154 4.6033 17.7771 2.4512
2993 33.3124 2.5694 52.3267 2.4216 -9.1234 3.5355 23.0415 2.7735 169.9804 1.2894 2.3585 0.4509 52.4995 2.4390 4.5000 0.6427 -3.7530 3.4532 18.4350 2.4458
2994 36.5544 2.4368 55.2083 2.3750 -8.9676 4.5918 25.7596 2.6984 169.0442 1.9872 4.4986 0.8717 51.6335 2.4482 1.7493 0.5741 -3.9960 2.3550 19.2650 2.5170
2995 39.0653 2.6080 57.0394 2.4827 -8.9632 5.4534 28.1459 2.5334 168.3580 2.2682 7.3353 1.5380 50.1065 2.3845 -0.3757 0.3052 -4.5516 1.2399 21.0831 2.4431
2996 40.7716 2.5497 58.1749 2.5569 -8.9253 5.7793 29.7355 2.4850 168.1403 2.5938 10.4509 1.9812 48.2638 2.4782 -2.1690 0.2503 -5.6577 1.1711 22.7784 2.3952
2997 41.3455 2.5866 58.5967 2.4910 -8.4789 5.9688 30.6510 2.5399 167.6291 2.8287 13.8745 2.2657 46.6538 2.4664 -3.3893 0.3726 -6.6558 1.3933 24.7799 2.5521
2998 41.8069 2.5109 58.1599 2.4706 -7.8639 5.5813 30.8160 2.4804 167.6319 3.4047 16.8606 2.5493 45.7899 2.5379 -3.4907 0.5457 -7.1148 0.8422 26.3347 2.5324
2999 41.3887 2.6369 57.3389 2.3601 -6.9985 5.3448 29.7980 2.4345 167.4431 4.3209 19.2664 2.5779 45.1462 2.4501 -3.2112 0.9551 -7.6297 0.0193 26.8289 2.6233
3000 39.6444 2.6651 55.6562 2.3608 -6.2787 5.1013 28.3099 2.2697 167.6863 4.7849 21.1774 2.5801 45.5464 2.4131 -2.3397 1.2834 -7.8317 -0.6083 26.8678 2.4747
3001 37.7526 2.5835 53.2970 2.3148 -5.8229 5.5035 25.9505 2.2918 168.6485 5.0302 22.2432 2.6337 46.7565 2.3353 -0.8020 1.8362 -8.1616 -0.3993 26.3063 2.4610
3002 35.0839 2.5838 50.0100 2.4756 -6.0299 5.6592 22.9450 2.1696 169.3139 5.1447 22.5450 2.5337 48.8048 2.4832 1.0681 2.4751 -8.2254 0.4229 25.9482 2.3835
3003 31.6173 2.8222 46.8831 2.5341 -5.9455 6.0062 19.3305 2.3083 169.6882 5.5162 22.3728 2.6318 51.4097 2.3844 2.4653 2.9858 -8.0335 1.4448 25.3706 2.4593
3004 27.7576 2.7758 44.4970 2.5024 -5.7525 5.7716 16.1327 2.5212 169.7768 5.3524 21.4540 2.6540 55.0508 2.5413 3.3805 3.1031 -7.1294 2.3053 24.9691 2.4947
3005 23.9805 2.6340 43.1298 2.4512 -5.4172 5.7640 12.7407 2.1045 169.5140 5.4167 19.8221 2.4655 59.0355 2.5742 3.8146 2.9284 -6.2126 2.4803 24.5412 2.5419
3006 21.0383 2.5602 41.8652 2.5107 -5.9568 5.7375 9.1631 2.0447 168.6165 5.2482 17.7715 2.6538 62.4310 2.6206 4.1408 3.1216 -5.1886 2.4729 25.2015 2.4796
3007 18.9983 2.5657 41.9096 2.4576 -6.3911 5.9740 5.7925 1.6214 168.1094 4.5216 15.7942 2.6659 65.2374 2.5945 3.8714 3.4475 -3.9160 2.7320 26.4844 2.5733
3008 17.3764 2.3771 42.4956 2.5187 -7.0788 6.2247 2.4928 2.0102 167.4248 4.3973 13.9134 2.6729 67.1792 2.6144 2.5121 4.0540 -2.6510 3.1936 28.5067 2.6076
3009 16.8010 2.4471 43.5821 2.4328 -7.7873 6.5673 -0.0054 2.2204 166.0794 4.4890 12.9174 2.5718 68.4526 2.5117 0.7956 4.5952 -0.8694 3.4622 30.8037 2.6442
3010 16.7683 2.4635 45.5036 2.3213 -8.1883 6.5377 -2.3529 2.7933 164.1953 4.6017 12.5885 2.5200 69.1206 2.4984 -0.7738 5.2232 1.0979 3.5534 33.1141 2.5162
3011 17.3829 2.4926 48.4470 2.4570 -8.7216 6.5812 -4.4797 3.2850 161.7002 4.4547 12.9654 2.5074 68.6628 2.4820 -2.2172 5.4259 3.1180 3.4623 34.8894 2.5068
3012 19.0239 2.5169 52.0138 2.5280 -8.4709 6.4837 -6.3265 3.3697 159.0638 4.0448 14.2858 2.5261 68.1396 2.3808 -3.5733 5.5786 5.5882 3.0002 36.1224 2.5439
3013 21.1146 2.2940 55.2220 2.4766 -7.7660 6.5227 -7.6934 3.1177 156.1922 3.5008 16.0121 2.5587 67.0741 2.3498 -4.2462 5.3538 8.6801 2.6693 36.3228 2.5414
3014 24.0123 2.2379 57.7903 2.5327 -7.0807 6.3104 -9.0228 3.3376 153.7220 2.8549 17.9642 2.5131 65.8006 2.4857 -4.2789 5.3525 11.8408 2.5345 35.5413 2.5778
3015 27.5734 2.3034 59.7223 2.5802 -6.9685 6.0703 -9.8059 3.8671 151.7662 2.5587 19.7898 2.5062 64.6748 2.3837 -3.8759 5.2173 15.2203 2.4083 34.5239 2.5713
3016 31.2288 2.5028 61.1994 2.4650 -7.6140 5.9471 -10.2968 4.5841 150.5581 2.4839 21.1040 2.5571 63.5319 2.5653 -3.0874 5.1650 18.7551 2.3622 33.6333 2.5983
3017 34.6564 2.5713 62.1951 2.4469 -8.3574 6.0096 -10.8426 4.1715 149.8426 2.6137 21.8035 2.4811 63.4823 2.5070 -2.5692 4.6663 22.3565 2.6091 32.6163 2.5709
3018 38.3854 2.6346 63.1121 2.4517 -8.9833 6.2441 -11.0439 3.8733 149.7952 2.5438 21.6494 2.5103 63.7718 2.4855 -2.0691 4.3713 25.8759 2.5502 32.0462 2.5881
3019 41.8034 2.4152 64.2034 2.5500 -9.1818 6.0245 -11.3362 3.6885 150.5724 2.4770 20.7775 2.4331 64.4130 2.5196 -1.8395 4.0153 29.3438 2.3566 32.1800 2.4704
3020 44.4219 2.4154 65.4778 2.6055 -9.1547 5.5567 -11.5793 3.6209 152.0577 2.4643 19.0174 2.5806 65.1818 2.5851 -1.7622 3.1513 32.8785 2.5204 33.0542 2.3913
3021 46.5079 2.4625 66.5764 2.6073 -8.9412 4.6774 -11.5366 3.6551 154.1278 2.2040 17.0385 2.5593 65.9769 2.6201 -1.7161 2.3254 36.5316 2.6510 34.3444 2.4259
3022 47.6289 2.5000 67.4531 2.5354 -9.3338 3.8958 -11.3946 3.7061 156.0424 2.0427 14.6870 2.6081 66.4610 2.5538 -2.0905 1.8836 39.9677 2.6327 35.8262 2.4404
3023 48.1446 2.4905 67.8095 2.5258 -9.9081 3.4799 -11.1143 3.4736 158.6837 1.7338 12.8009 2.5927 66.3917 2.4727 -2.6928 1.9337 43.1264 2.5384 37.4784 2.4473
3024 47.8921 2.4523 68.1328 2.4985 -10.0199 2.7882 -10.7125 2.8164 161.1541 1.4167 11.6121 2.4314 65.9629 2.5285 -3.3471 1.9235 45.5866 2.6014 38.9915 2.4837
3025 47.4418 2.4430 68.3813 2.3949 -9.8070 1.8472 -10.2128 1.8025 163.5167 1.2549 11.3662 2.4426 64.9982 2.6203 -4.0600 2.0658 47.4100 2.4349 39.8281 2.5583
3026 46.6793 2.5176 68.7308 2.5489 -9.2158 0.7804 -9.7380 0.8673 165.5260 1.4219 11.5770 2.5306 64.0401 2.5378 -3.9528 1.9442 48.2730 2.4168 40.1160 2.5463
3027 45.4191 2.4679 68.5658 2.4128 -7.9922 0.0334 -9.6808 0.3433 166.8576 1.9848 12.6626 2.6317 63.3657 2.5118 -3.1982 1.6871 48.5242 2.4862 39.5814 2.5491
3028 44.4679 2.4042 68.0626 2.4631 -6.9654 -0.1634 -8.9788 0.1288 167.8695 2.6180 14.4555 2.5882 62.5578 2.5272 -1.6094 1.5536 47.7252 2.4796 38.1828 2.4564
3029 43.7018 2.5212 67.8151 2.5019 -6.3497 0.1202 -7.8488 -0.4814 168.5051 3.1135 16.8435 2.6128 62.2931 2.4643 0.1064 1.2747 46.6892 2.5038 36.3008 2.5041
3030 43.6853 2.5245 67.3826 2.4325 -5.9207 1.0651 -6.8527 -1.2211 168.7408 3.6861 19.8072 2.6451 62.8092 2.5002 1.4922 1.8652 44.9716 2.3235 33.8640 2.4986
3031 44.4651 2.5800 67.3998 2.5491 -5.6658 1.8503 -5.8608 -1.1796 169.6225 4.0478 22.3831 2.6133 64.1809 2.3998 2.1590 2.3312 42.6972 2.2955 31.2821 2.4314
3032 45.8265 2.5662 67.0511 2.5738 -5.8540 2.5833 -4.9476 -0.4196 170.3719 4.5421 24.3846 2.6415 66.2915 2.5455 3.1478 2.7254 40.5663 2.4510 29.4353 2.3357
3033 47.9445 2.4285 66.5690 2.4082 -6.4360 3.3842 -4.8817 0.4478 170.9295 4.6238 25.1612 2.5877 68.9576 2.4047 3.4363 2.7462 39.1091 2.4090 28.0406 2.4367
3034 50.6065 2.5226 66.4753 2.4953 -6.7419 4.0542 -5.3588 1.2069 170.8383 4.1330 25.6938 2.4893 72.4562 2.4674 3.4508 2.3974 38.4247 2.4608 27.5029 2.5033
3035 53.1491 2.5260 66.3953 2.5046 -6.9631 4.9726 -5.9487 2.2495 170.3788 3.3781 25.5745 2.4673 76.0129 2.5440 2.8031 1.9245 38.7271 2.5361 27.8952 2.6104
3036 54.7682 2.5547 66.3298 2.5187 -7.0999 5.6951 -6.8972 2.7283 169.8539 2.8049 24.3677 2.2946 79.2984 2.5793 1.8411 1.7842 39.6828 2.6113 28.6555 2.6199
3037 56.0130 2.4435 65.9744 2.5057 -7.6852 5.9255 -7.2512 2.7940 170.1344 2.3014 22.5234 2.3723 82.1354 2.6710 0.3296 2.0263 40.8305 2.5365 30.2033 2.4862
3038 56.1259 2.5014 64.8682 2.5949 -8.1189 5.6682 -7.9407 2.7530 169.9262 1.6654 19.7666 2.3229 84.4768 2.5158 -1.5669 2.3799 42.0190 2.6118 32.7322 2.4217
3039 55.4727 2.5451 63.5705 2.5850 -8.4657 5.0906 -8.5824 2.3573 169.2215 0.9487 16.3960 2.2513 86.8110 2.5187 -3.9460 2.7540 43.1969 2.5730 35.6074 2.3422
3040 54.4655 2.3645 62.4137 2.6825 -9.2052 3.8865 -9.2815 1.8121 168.4586 0.1532 12.8440 2.4174 88.7201 2.5165 -6.3312 3.0611 44.2742 2.5321 39.0597 2.4686
3041 52.1730 2.4390 61.3672 2.4814 -9.7252 3.1371 -8.9578 1.2773 167.8579 -0.4460 9.3955 2.9124 90.6900 2.5521 -8.0419 2.6960 44.6742 2.4711 42.6718 2.5562
3042 49.5431 2.4645 60.6458 2.3671 -9.7181 3.0404 -8.5422 1.0778 167.1886 -0.6551 6.1353 3.1244 92.6062 2.5325 -9.1791 2.1822 44.2397 2.4844 46.4621 2.5120
3043 46.7854 2.3093 60.7738 2.4624 -9.4882 3.5686 -7.5653 0.7632 167.1057 -0.3963 3.3449 3.2532 94.2591 2.5629 -10.1595 1.9875 42.7676 2.5502 49.9262 2.5108
3044 44.3549 2.6033 61.3532 2.4995 -8.9042 4.2601 -6.0152 0.3172 167.2472 -0.1078 0.8055 3.0760 95.1729 2.5280 -10.5530 1.9846 40.7359 2.4601 53.5329 2.5425
3045 43.1052 2.6070 61.8167 2.5614 -8.5506 4.2188 -4.2506 0.1705 167.8388 0.1615 -1.4189 2.8660 95.8319 2.5063 -10.7507 2.0712 38.2488 2.6431 56.8516 2.5024
3046 41.9844 2.5544 62.4528 2.5436 -7.8939 3.9296 -1.9770 0.2445 168.2544 0.4471 -2.7072 2.2688 95.9108 2.4891 -10.4727 1.7177 34.9292 2.3903 60.3505 2.4245
3047 42.2726 2.3834 62.8915 2.4793 -7.1178 3.7488 0.7487 0.3448 168.6833 0.4128 -3.8526 2.2670 95.7570 2.4832 -10.8393 1.3096 31.4141 2.3385 64.0438 2.4578
3048 43.4888 2.6135 63.0374 2.4471 -5.6790 3.9084 3.4800 0.8356 169.1514 0.3161 -4.4099 2.1552 95.6917 2.5276 -11.1603 1.2552 27.7942 2.4901 66.4809 2.4671
3049 45.1303 2.4150 62.5375 2.3768 -4.2683 4.2794 6.3522 1.6407 169.6589 0.1896 -4.3608 2.2105 95.0501 2.4274 -11.0258 0.9721 24.7798 2.6112 68.3501 2.4679
3050 47.7590 2.3641 61.4124 2.3991 -2.8420 4.3628 9.6478 1.9563 169.9778 0.2729 -3.3107 1.9610 94.6409 2.4655 -10.9784 0.9501 22.3844 2.4639 69.5745 2.4416
3051 50.9660 2.6100 59.6214 2.3602 -1.6878 4.0624 13.2346 2.3148 170.0542 0.5598 -1.7437 1.1807 94.2662 2.3736 -11.0377 0.9976 20.4328 2.3824 69.8540 2.6188
3052 54.5849 2.5498 57.5012 2.2199 -1.0035 3.5337 16.9958 2.4858 170.0533 0.8466 0.2801 0.9110 93.7144 2.4775 -10.6521 0.8884 19.6363 2.5540 69.6015 2.4634
3053 58.1637 2.4768 56.0059 2.5288 -0.6320 2.8144 20.7080 2.5898 170.1786 1.2226 2.4030 0.9633 93.4046 2.5240 -9.6513 0.8445 19.5015 2.5035 68.8413 2.4730
3054 61.5333 2.5342 54.7115 2.5194 -0.7593 2.5577 24.2861 2.3909 170.0083 1.5806 4.1917 1.4162 93.6289 2.4480 -8.9061 0.5201 20.2585 2.6064 67.6880 2.5435
3055 64.5535 2.5202 54.2874 2.4552 -0.7654 2.6131 27.3461 2.3204 169.1025 1.0884 5.5640 2.0339 95.1213 2.3853 -8.6015 0.5488 21.4487 2.5972 66.5147 2.5135
3056 66.7910 2.5417 54.4950 2.4871 -0.9579 2.6779 29.9762 2.5406 168.5778 0.5037 6.2448 2.5318 97.0979 2.2900 -8.3986 0.6769 22.4839 2.5786 65.3956 2.4107
3057 68.4851 2.4451 55.4282 2.4420 -1.3650 2.1388 31.9363 2.5780 168.0488 0.0820 6.4423 2.3818 99.9640 2.1330 -8.1852 0.3079 23.4066 2.7017 64.3373 2.4931
3058 69.5221 2.4239 57.0780 2.6083 -2.2689 1.7020 32.9171 2.5633 168.1973 0.4323 6.0730 2.0941 103.3735 2.2213 -7.7774 -0.5100 24.1789 2.5814 64.4558 2.4594
3059 70.3422 2.4409 59.4594 2.5904 -3.7349 1.0586 33.0349 2.5329 168.4665 1.0417 5.1262 1.5599 106.9751 2.6356 -7.8434 -0.5794 24.7920 2.5278 65.0424 2.4599
3060 71.4167 2.5382 62.6288 2.5188 -4.8259 0.4333 32.5458 2.5231 169.0684 1.6223 3.2106 1.0473 110.2247 2.5711 -8.3782 -0.2136 24.5706 2.4814 66.3012 2.3091
3061 72.0374 2.5605 66.4043 2.6053 -5.4232 0.1781 31.4125 2.6551 169.5090 2.4453 0.9903 0.6557 112.7626 2.4520 -8.6448 0.9050 23.5115 2.4954 68.4749 2.4072
3062 71.9540 2.5314 70.1179 2.6067 -6.1001 0.3778 29.3307 2.4817 169.4657 2.9910 -2.0117 0.3955 114.5791 2.4121 -9.0338 1.9909 21.7224 2.6127 71.5308 2.2289
3063 71.4514 2.4729 73.5654 2.5115 -7.0917 0.2597 26.6146 2.5048 169.1632 3.4942 -4.5332 -0.0864 115.3091 2.4279 -9.2496 2.7780 19.3401 2.5416 75.0936 2.3906
3064 70.6254 2.4876 77.1073 2.3555 -7.9738 0.1150 23.0610 2.5549 169.2091 3.8405 -6.0734 -0.5885 115.6260 2.4546 -9.6539 3.5347 16.0964 2.4656 78.6159 2.3960
3065 70.0184 2.3823 80.7141 2.4076 -8.8027 0.0343 19.5153 2.5694 168.8687 4.3504 -6.8928 -0.9460 115.0822 2.4138 -9.8105 3.8815 12.4606 2.6393 82.0845 2.5028
3066 70.1512 2.3993 84.0872 2.5373 -9.6202 0.2828 16.0705 2.6769 168.6877 4.6379 -7.1738 -1.0480 113.9873 2.4669 -10.0622 4.1541 9.0804 3.1302 85.6291 2.4998
3067 71.0899 2.4866 87.3657 2.5139 -9.9330 0.5835 12.7179 2.4670 168.5438 4.4031 -7.0038 -0.7798 111.7768 2.4320 -10.3856 4.4290 6.3758 3.3335 89.1665 2.5167
3068 72.5975 2.4919 89.8765 2.5900 -10.2136 1.1411 10.1166 2.5200 168.1655 3.7743 -6.8033 -0.2053 108.7669 2.3474 -10.3057 4.2786 3.7829 3.2793 92.6784 2.3882
3069 73.9838 2.6018 91.5673 2.4602 -10.4920 1.8643 8.2562 2.5191 167.9472 3.4380 -6.3291 -0.0786 105.2509 2.3173 -9.9711 3.9951 1.5285 3.6180 96.4102 2.4609
3070 75.2752 2.5075 92.9183 2.5492 -10.5636 2.0779 6.8323 2.5508 167.8812 3.2027 -5.9432 -0.2094 101.6848 2.5327 -9.6876 3.5290 -0.2866 3.8485 99.6378 2.4675
3071 76.5781 2.4923 93.3837 2.4677 -10.8716 1.8272 6.0892 2.5369 167.9110 2.7191 -5.6507 -0.1981 97.9706 2.6084 -9.0895 3.0062 -1.7075 4.2159 102.1613 2.4678
3072 78.3657 2.4864 92.8896 2.4677 -11.1058 1.4190 6.4374 2.4995 168.1344 2.4936 -5.5435 -0.2087 94.3119 2.5617 -8.2387 2.6020 -3.0870 4.3446 104.3963 2.5078
3073 81.1057 2.5677 91.5932 2.4368 -10.8978 1.3583 7.2277 2.4563 168.4840 2.0052 -5.1591 -0.0188 91.2512 2.6156 -7.3218 2.0795 -4.1222 4.7624 105.7587 2.4527
3074 84.3735 2.4640 89.7949 2.4207 -10.4076 1.0865 8.7421 2.5819 169.1337 1.8355 -5.7913 0.3063 88.9465 2.7123 -5.8845 1.6161 -5.2903 5.1512 106.4451 2.5577
3075 87.9296 2.4980 88.0742 2.4509 -9.4801 0.6803 11.1479 2.4325 169.6754 1.7512 -6.6098 1.1794 87.4000 2.6230 -4.0875 1.0535 -5.6938 5.4229 106.1042 2.6088
3076 91.4428 2.6230 86.2693 2.3731 -8.2968 0.3163 14.0595 2.3534 170.0657 1.8700 -7.2970 1.5032 86.6106 2.5917 -1.4972 1.0155 -5.8630 5.9345 105.2323 2.5717
3077 94.3622 2.2483 84.5158 2.4378 -7.7226 0.4250 17.6885 2.4494 169.9862 2.4503 -8.0349 1.8495 86.5553 2.4723 1.6041 1.5360 -6.0372 5.7981 103.5500 2.5322
3078 96.8778 2.3165 83.0506 2.5038 -6.5823 0.4351 21.2837 2.4665 169.7797 3.1189 -8.2911 2.3023 87.4599 2.5285 4.8153 2.0912 -6.0516 5.7981 101.0860 2.4454
3079 98.5404 2.4785 81.7833 2.4747 -5.1509 0.3359 23.9515 2.5667 169.2754 3.5570 -8.2405 2.5170 89.0898 2.4694 7.9769 2.3170 -5.9214 5.5490 97.9870 2.3898
3080 99.2429 2.3891 80.2514 2.3864 -2.6391 0.4458 25.7783 2.6147 168.5826 4.2433 -7.7314 3.2972 91.5606 2.4692 11.1490 2.5289 -6.0378 4.7269 94.1411 2.4612
3081 99.3053 2.3968 78.8479 2.4368 0.1233 0.4755 27.3764 2.5093 168.1933 4.4905 -7.4553 3.4386 94.3527 2.3105 14.3960 2.4933 -6.2433 3.8576 90.5082 2.4290
3082 98.3884 2.4820 77.2949 2.3670 3.0419 0.6667 28.9137 2.4388 167.8323 4.6685 -6.8989 3.3248 97.8757 2.2689 17.1810 2.4755 -6.2743 3.3859 86.9381 2.4076
3083 96.6525 2.3749 76.0403 2.4408 6.3831 1.3780 30.5477 2.4558 167.7146 5.0545 -6.6352 3.1680 101.0381 2.4583 19.3766 2.3387 -5.9784 2.5716 83.0596 2.5936
3084 94.3727 2.2811 74.7299 2.3757 9.3251 2.0182 31.7513 2.4664 167.6917 5.6833 -6.5625 2.4679 104.6333 2.4554 20.7537 2.5552 -6.0622 1.7833 79.6307 2.5798
3085 92.0069 2.4516 72.5548 2.4682 12.6538 2.3369 31.9383 2.4495 167.7325 6.0310 -6.3525 1.8244 108.0418 2.4814 21.4539 2.4885 -6.0609 0.9714 75.9371 2.5733
3086 89.6316 2.3685 69.7136 2.4641 15.8024 2.3950 31.6203 2.5068 167.7080 5.6203 -6.6803 1.5344 111.0079 2.5023 21.3303 2.4872 -6.1945 0.0592 72.4197 2.6995
3087 87.8354 2.3889 66.2709 2.4049 18.3420 2.5708 30.6119 2.4427 167.3668 4.7500 -7.2655 1.5273 113.0725 2.4515 20.2739 2.3921 -6.5690 -0.8051 69.1683 2.7546
3088 86.7330 2.4385 62.7896 2.4272 20.1381 2.5463 29.2335 2.4586 166.9712 4.6357 -7.6465 1.0357 114.3254 2.4085 18.6628 2.4512 -7.4703 -1.0296 65.7651 2.6241
3089 86.3973 2.5214 59.2750 2.4700 21.4746 2.5542 27.6689 2.4297 165.9886 4.1849 -7.9891 0.4538 114.9750 2.3668 16.0129 2.3124 -8.4594 -0.8875 62.4752 2.6349
3090 86.8295 2.5490 55.7270 2.5414 21.8305 2.5038 25.9561 2.5246 165.6518 3.6448 -8.3533 0.1819 114.7453 2.4170 12.8435 2.5136 -9.2712 -0.5098 59.5011 2.6085
3091 88.0026 2.5242 52.4153 2.5527 21.7876 2.5564 23.9262 2.3832 164.9282 3.1699 -9.0092 0.1418 114.1039 2.2912 9.7065 2.8145 -9.5901 0.1768 57.1920 2.4749
3092 89.5132 2.5712 49.8830 2.5850 20.7709 2.4666 21.3926 2.2748 164.1290 2.9644 -9.3153 0.2203 112.7385 2.3444 6.4699 3.1978 -9.4162 0.6611 55.5163 2.5301
3093 91.0418 2.5713 48.3783 2.5111 19.0181 2.5883 17.8330 2.2643 163.9250 2.2168 -8.8683 0.3035 110.3063 2.5266 3.3210 3.6883 -9.2167 0.9936 54.3425 2.4217
3094 92.6327 2.5709 47.1064 2.4777 16.7582 2.5680 14.0862 2.5017 164.0963 1.4515 -8.5040 0.1996 107.1513 2.5419 0.3629 4.1318 -9.0219 1.2537 53.1673 2.4709
3095 93.4848 2.5023 46.7257 2.5406 14.4444 2.6466 10.6959 2.9300 164.8194 0.4781 -8.1388 -0.1023 103.6679 2.4844 -2.0205 4.3133 -8.5435 1.3288 52.2620 2.5147
3096 93.7485 2.4895 47.7277 2.5946 12.4626 2.3986 7.3039 3.1868 165.7227 0.3306 -8.5725 -0.5233 100.1913 2.5310 -4.4039 4.2915 -7.9662 1.4853 51.5708 2.4583
3097 93.0977 2.4271 48.9247 2.5844 11.5472 2.5986 4.1873 3.3215 166.4837 0.4632 -8.9965 -0.7246 96.4036 2.5968 -6.2718 3.9298 -7.6653 1.7368 51.4213 2.5848
3098 91.7646 2.4090 50.9401 2.5106 11.2112 2.5311 1.0795 3.1295 167.2472 0.6217 -9.8280 -0.6963 92.7595 2.7464 -7.7669 3.4800 -7.4335 1.7098 51.7174 2.4766
3099 89.9733 2.3463 53.8208 2.5885 11.3957 2.6310 -1.6414 2.4729 168.1025 0.9444 -10.2833 -0.4369 89.1393 2.6060 -8.2858 2.8371 -7.4460 1.3805 52.8293 2.5123
3100 87.4207 2.2507 57.3289 2.5661 12.6654 2.4980 -3.6052 1.9256 168.6945 1.5046 -10.3141 -0.5657 85.7239 2.6487 -8.3342 2.6055 -7.3317 1.2629 54.0746 2.6067
3101 85.1342 2.2857 60.8988 2.4265 14.7862 2.5359 -4.8754 1.5738 169.4810 1.9787 -9.7979 -0.9605 82.9313 2.6128 -8.2908 2.3189 -7.4898 0.8859 55.2227 2.5684
3102 83.2157 2.5231 64.0731 2.4316 17.1757 2.6210 -5.8126 1.0879 170.4961 2.5909 -9.3228 -0.8938 81.1182 2.6158 -7.6885 1.8087 -7.7466 1.2708 56.1956 2.5154
3103 81.8850 2.4878 66.7651 2.5782 20.3071 2.7412 -6.5186 0.3703 170.9389 3.5597 -8.8701 -0.1540 79.8519 2.5523 -7.1872 1.7477 -7.9716 1.8633 56.4585 2.5700
3104 80.9328 2.5040 68.9801 2.5543 24.1142 2.6142 -6.9539 -0.0851 170.8371 4.3927 -8.1937 0.9390 79.6178 2.4866 -6.7654 1.8480 -8.6518 2.1226 56.0183 2.4940
3105 81.3373 2.4540 70.0677 2.5260 27.5526 2.5853 -6.8612 -0.7280 170.8080 5.0173 -7.6786 1.7931 79.8666 2.4075 -6.6824 2.2268 -9.3781 2.8513 55.5074 2.5226
3106 81.9091 2.3815 70.7873 2.4717 31.1043 2.6674 -6.0463 -0.6272 170.8466 5.6755 -7.2112 2.1318 80.8134 2.4620 -6.6049 2.7517 -9.9027 3.6751 55.6737 2.5430
3107 82.7590 2.4554 70.7126 2.4603 34.7541 2.5805 -5.3478 -0.4935 170.3457 6.1466 -7.0741 2.5808 82.8944 2.2495 -6.5383 2.8823 -10.0870 4.3521 55.4853 2.5484
3108 83.7369 2.4348 69.6712 2.5031 38.5368 2.3920 -4.7344 0.1320 170.0961 6.5431 -6.7762 2.9697 85.4257 2.3285 -6.7896 3.0109 -10.2990 5.0701 54.2389 2.5676
3109 84.7260 2.4676 67.8480 2.4989 42.3012 2.3661 -4.9212 0.0450 170.2587 6.4944 -6.6269 3.6898 88.6550 2.3872 -7.4128 2.8508 -10.2650 5.4578 52.5509 2.5102
3110 85.3120 2.5134 65.3725 2.3390 45.5286 2.3358 -5.4422 -0.3890 170.0757 6.4010 -6.3305 4.6523 91.9003 2.3016 -8.7895 3.2079 -10.2281 5.0986 50.4770 2.5758
3111 85.3680 2.5315 62.5033 2.3432 48.8324 2.4480 -6.3243 -0.6275 169.8709 5.9814 -6.6975 5.5771 94.7944 2.4919 -9.8050 3.5018 -9.8914 4.3207 48.4739 2.4811
3112 84.8285 2.6139 59.5533 2.3385 51.8163 2.5100 -7.0625 -0.8427 169.5594 5.9637 -6.7565 5.9588 96.9985 2.5741 -10.6412 3.4857 -10.0966 3.4401 46.7170 2.5404
3113 83.3496 2.5916 57.3177 2.3615 54.3298 2.5208 -7.4319 -0.5957 169.4780 6.3823 -6.8743 5.5231 98.1424 2.4823 -10.8284 3.4952 -9.9664 2.9538 46.0080 2.4901
3114 81.2643 2.5696 55.8864 2.3692 56.0174 2.4569 -7.9467 -0.3289 169.3679 6.3264 -7.1196 4.5900 98.3689 2.5769 -10.9983 3.0607 -9.2064 3.0569 45.7487 2.5145
3115 78.0976 2.5868 55.4053 2.4779 56.7675 2.5204 -8.5620 -0.0924 169.0870 6.5343 -6.8905 3.5221 97.9270 2.5030 -11.0815 2.4261 -8.2101 3.0523 46.5267 2.5452
3116 74.3756 2.4111 55.5828 2.5451 56.8798 2.4613 -9.3254 -0.0558 168.3862 6.3296 -6.5945 2.0599 96.9579 2.5804 -11.3177 1.9926 -7.8245 3.3350 48.0226 2.5430
3117 70.7503 2.3327 56.4457 2.5306 56.4181 2.4051 -9.7156 0.2449 168.3652 5.7554 -6.6938 1.3285 94.7978 2.4150 -11.1859 1.7384 -7.6384 3.6200 50.2264 2.4695
3118 67.4621 2.3189 58.5503 2.5010 54.8094 2.4737 -9.4795 0.4777 168.8722 4.8724 -7.0961 1.1617 92.3774 2.6021 -11.0367 1.9564 -7.6379 3.6185 53.2781 2.4914
3119 64.9721 2.2178 61.1366 2.6375 52.8404 2.5011 -8.6203 0.9519 169.5345 4.0473 -7.5403 1.3334 89.1980 2.6105 -11.0227 2.0540 -7.7307 3.5453 56.5447 2.4622
3120 63.1507 2.3241 63.9816 2.6287 49.8997 2.4096 -7.6076 0.6512 169.6860 3.7091 -7.8851 1.2951 85.3448 2.6821 -10.8033 1.8308 -7.6049 3.4496 59.1756 2.4882
3121 62.2241 2.4128 66.8711 2.5831 46.6569 2.3936 -7.1901 0.3440 169.4698 3.9683 -8.4466 1.5412 81.7603 2.5692 -10.4469 1.2138 -7.5465 3.7288 60.9013 2.4896
3122 61.8893 2.5460 68.8669 2.6043 44.0570 2.5481 -6.9560 0.2819 169.1714 4.3898 -9.0219 1.6637 78.0312 2.3945 -10.3660 0.3153 -7.7828 3.9394 61.5676 2.4138
3123 62.3159 2.5698 70.4450 2.4948 41.9178 2.6132 -6.5679 0.3889 169.1520 4.6818 -9.5061 1.6287 74.6739 2.4396 -10.1597 -0.3618 -8.5005 4.4191 61.6026 2.5185
3124 62.8791 2.5732 71.4764 2.4487 40.1758 2.5391 -5.8070 0.3682 169.5572 4.6399 -9.6129 1.5181 71.1739 2.4844 -9.6044 -0.9717 -9.4190 4.4404 60.9461 2.6063
3125 63.2852 2.5399 71.1679 2.4424 39.4265 2.4295 -5.2026 0.2823 169.9796 4.4547 -9.8539 1.4717 67.7743 2.2751 -9.6321 -0.9460 -10.1553 4.2431 59.9263 2.5693
3126 63.9049 2.5801 70.2811 2.3270 39.5895 2.5294 -4.8038 0.4333 170.1096 4.7441 -9.9282 2.0555 64.2007 2.3571 -9.7403 -0.3646 -10.4204 3.9009 57.7962 2.6905
3127 64.6738 2.5642 68.8180 2.4777 40.1775 2.5562 -4.4013 0.6843 169.7254 5.4489 -9.7512 2.3200 60.8008 2.4899 -9.8954 0.5676 -10.1646 3.6620 55.2218 2.5143
3128 64.5876 2.4972 66.4390 2.5296 41.9425 2.5765 -4.2822 1.4641 168.6293 5.7315 -9.3844 2.4596 57.2902 2.6116 -10.2164 1.3272 -9.7902 3.9061 52.3881 2.4491
3129 63.8492 2.3467 63.2021 2.3160 44.2144 2.7070 -4.8100 2.4452 167.5542 5.7281 -9.0006 2.3633 53.4149 2.4470 -10.6858 1.7924 -9.5965 4.2627 50.3395 2.3735
3130 62.3854 2.3222 59.7409 2.3870 47.2826 2.6156 -5.3156 3.4769 166.0200 4.8467 -8.7461 1.9397 49.7420 2.2605 -10.7988 1.6613 -9.8707 4.6362 48.7387 2.4077
3131 60.4888 2.5277 56.4667 2.3016 50.9383 2.4642 -6.0510 4.1027 164.2846 4.3379 -9.1405 1.1537 46.1795 2.3090 -11.0224 1.7485 -9.9138 4.6926 48.1789 2.4203
3132 57.3818 2.6286 54.4302 2.3971 54.2527 2.5688 -6.3505 4.4035 162.1724 3.6647 -9.8588 1.0417 42.4788 2.5958 -11.0290 1.9795 -10.1060 4.1387 48.1542 2.4681
3133 54.1038 2.5614 53.1661 2.3981 57.5630 2.4049 -7.1231 4.7214 159.6520 3.4768 -10.0351 1.6414 38.9164 2.6184 -10.5506 2.3418 -9.8103 3.4611 48.8991 2.4680
3134 51.5802 2.5163 52.4335 2.4483 60.1224 2.5604 -7.5992 5.3497 156.5345 3.4335 -10.5248 2.3745 35.5660 2.4897 -9.7082 2.7492 -8.9560 3.0171 50.4101 2.3700
3135 49.4822 2.4297 52.1064 2.5633 62.0407 2.4034 -7.5092 5.7897 153.5309 3.4135 -10.5943 2.5455 31.7478 2.6413 -8.5846 2.4590 -8.3444 2.8984 52.3887 2.4879
3136 48.0871 2.4871 52.9376 2.6170 63.2177 2.3735 -7.6783 6.4092 150.2115 3.1549 -10.5035 2.6249 28.2453 2.6587 -7.1695 2.3025 -7.5791 3.3847 54.6310 2.4287
3137 47.7292 2.4370 54.0971 2.6095 63.4236 2.5118 -7.4725 6.3602 146.8938 2.6357 -10.3394 2.4324 24.9238 2.5870 -6.2166 2.0652 -7.3622 3.6325 57.0693 2.4724
3138 48.1885 2.4971 56.4461 2.6695 62.7080 2.5322 -7.1764 5.6513 143.5778 2.4452 -10.4490 1.8435 21.9677 2.4771 -5.0352 2.0447 -6.8285 3.8147 58.5521 2.4795
3139 49.0419 2.4872 59.4711 2.6565 61.8831 2.5065 -6.9202 4.9022 139.9891 2.5701 -10.4317 1.6765 19.4483 2.5364 -4.3310 2.1904 -6.8458 4.2990 58.9261 2.5136
3140 50.8839 2.6707 63.0875 2.4997 60.8784 2.5942 -6.9555 4.4255 136.8602 2.4028 -10.5261 2.2016 16.7157 2.4574 -3.3183 2.1191 -6.8219 4.4976 58.6398 2.4669
3141 52.6155 2.6946 66.7142 2.4020 59.9072 2.6021 -6.9375 3.7449 134.5410 2.5553 -10.5780 2.4053 14.2460 2.5093 -2.4901 2.6937 -7.2523 4.3553 57.7780 2.6346
3142 54.0934 2.5583 70.3982 2.5653 58.9586 2.5736 -6.9604 2.8679 133.3154 2.4288 -10.3287 2.2102 11.7537 2.5301 -1.5716 3.1886 -7.8568 3.8506 56.4619 2.6143
3143 55.5393 2.6418 74.0534 2.4901 58.6847 2.4707 -7.1723 2.0140 132.4430 2.5012 -9.5088 1.6785 9.2154 2.6363 -0.3550 3.3102 -8.0993 3.8120 54.4722 2.6144
3144 56.2654 2.5261 77.7508 2.3891 59.3460 2.5386 -7.3462 0.9582 132.1911 2.5248 -8.4411 1.3560 6.6303 3.0510 1.0316 3.5137 -8.1256 3.3878 51.7552 2.5958
3145 55.8684 2.4917 81.2148 2.2872 60.6668 2.5423 -7.2200 0.0011 132.8137 2.5677 -7.1113 1.4891 4.4863 3.7078 2.0670 3.6989 -8.6056 3.0646 48.5689 2.5188
3146 54.7151 2.5092 84.5159 2.4194 62.2080 2.3994 -7.2275 -0.5075 134.0627 2.5126 -5.1904 1.9470 1.8142 4.2470 2.5108 3.6955 -9.1153 2.6171 45.0155 2.5553
3147 53.3480 2.4559 87.0823 2.5586 64.1029 2.2403 -7.0282 -0.4451 135.7871 2.6909 -3.0091 2.3084 -0.5641 4.4234 3.0807 3.3919 -9.4350 2.1085 41.2705 2.5912
3148 50.8829 2.4380 89.2458 2.5871 65.8571 2.4425 -6.1825 0.0107 137.5003 2.6114 -0.7783 2.3012 -2.8132 4.3413 3.6729 2.8545 -9.4298 1.4455 38.2648 2.5922
3149 48.1599 2.4809 90.4356 2.5748 67.0285 2.5143 -4.7194 0.2381 139.1502 2.6885 2.0681 2.1946 -4.6014 3.7919 4.0253 2.3689 -9.4443 0.6874 36.1602 2.5429
3150 44.8645 2.6223 90.9324 2.5653 67.8500 2.5178 -2.6352 0.1772 140.2926 2.5946 4.7167 2.0471 -5.8696 3.0834 3.6934 2.0791 -8.9694 0.7749 34.5655 2.5172
3151 41.2478 2.5746 90.8126 2.4421 67.7364 2.3884 -0.2930 0.4499 140.8239 2.5100 7.7719 2.3047 -6.2562 2.7001 2.6115 1.7437 -8.5791 1.5178 33.7542 2.5286
3152 37.7348 2.5341 89.7986 2.3744 67.1412 2.4089 2.5596 0.9176 140.1444 2.5696 11.1535 2.4362 -6.6966 2.4142 1.6177 1.3819 -8.7199 2.4259 33.6972 2.4981
3153 33.9945 2.5604 88.2173 2.4429 65.3454 2.3661 5.1208 1.5696 139.0438 2.6129 14.4760 2.5083 -6.5641 2.3706 0.4276 0.9169 -9.1492 3.3151 34.3821 2.5061
3154 30.5157 2.5637 85.7817 2.3821 62.7878 2.4012 7.1159 2.1751 137.0528 2.5797 17.8804 2.5313 -6.3120 1.7987 -0.8979 0.6263 -9.8909 3.7467 35.4462 2.4546
3155 27.4583 2.6181 82.8787 2.4560 59.4302 2.2973 8.8386 2.3402 134.3172 2.3680 21.2806 2.4150 -5.8660 1.8619 -1.8862 0.6466 -10.7113 3.6738 36.8121 2.3351
3156 25.0820 2.4540 79.1831 2.2734 55.8168 2.2896 10.6804 2.5805 131.0401 2.4812 25.0498 2.5656 -5.6716 1.6378 -2.1859 0.6081 -11.2717 2.9313 37.7064 2.4474
3157 23.0315 2.3775 75.4687 2.5286 52.2742 2.4513 11.9897 2.4521 127.9910 2.3980 28.7468 2.2420 -5.1877 1.6919 -1.8497 0.7184 -10.8802 2.0609 38.6293 2.5416
3158 21.0175 2.5056 72.5976 2.6664 49.0109 2.6023 13.6969 2.5675 125.4983 2.4790 31.9700 2.4927 -4.5045 1.7988 -0.9165 0.8730 -10.0924 1.9591 38.8811 2.4564
3159 18.8540 2.6094 70.4517 2.6311 46.3747 2.5326 15.3762 2.5528 123.8086 2.4560 34.6923 2.5434 -4.0540 2.3948 0.2956 0.8631 -9.2086 1.8301 38.2495 2.4305
3160 17.0100 2.5391 68.9849 2.4046 44.5772 2.4436 17.0007 2.4815 123.1594 2.4560 36.5620 2.5004 -4.2260 2.3823 0.9103 1.1981 -8.3283 1.9682 37.0412 2.4313
3161 14.9326 2.5414 68.2891 2.5499 43.5709 2.3501 17.9355 2.5067 123.0582 2.4428 37.9225 2.4731 -4.7409 2.0379 1.3410 1.9630 -7.6507 1.7449 35.1685 2.4617
3162 12.9939 2.4816 68.3114 2.3677 43.2286 2.5520 18.9243 2.5272 123.5092 2.5848 38.2029 2.5126 -4.9560 1.8787 1.0371 2.7057 -7.0944 1.8154 32.3686 2.5300
3163 11.3533 2.2864 69.1477 2.4350 43.4450 2.5396 19.8074 2.5082 124.4797 2.4737 37.8895 2.5636 -4.8284 1.3397 0.2867 3.3070 -6.6493 2.1098 29.1715 2.4651
3164 9.2181 2.0222 70.6274 2.3728 44.2002 2.6010 20.4650 2.5645 126.1653 2.3821 36.8036 2.4306 -4.6257 0.6786 -0.4836 4.1470 -6.2233 2.7260 25.7679 2.6980
3165 6.6549 1.4637 72.7498 2.3245 45.4729 2.5057 22.0247 2.4784 128.4135 2.3542 35.1825 2.5852 -4.7233 -0.1027 -1.9930 4.5965 -6.3561 3.3813 22.1433 2.5741
3166 4.0717 1.0578 75.4834 2.3927 46.4098 2.5247 23.3870 2.6017 130.7672 2.4042 32.5660 2.6867 -5.1858 -0.4230 -3.7530 4.8914 -6.8982 3.7703 18.4342 2.5211
3167 1.7150 0.6864 78.1126 2.3764 47.6492 2.4585 25.2121 2.5666 133.1733 2.3813 29.2551 2.5547 -5.8441 -0.9364 -5.6962 4.6608 -7.6562 4.0729 15.1026 2.6094
3168 0.1747 0.5914 80.1232 2.5356 48.2373 2.5837 26.4477 2.4878 135.4137 2.4059 25.7549 2.7830 -6.7054 -0.7855 -7.4473 4.2269 -7.9011 4.0500 11.7123 3.1372
3169 -0.5194 0.7673 82.2905 2.3989 48.0607 2.5212 27.5292 2.5551 137.4994 2.4457 22.0371 2.5294 -7.5368 -0.2605 -8.3552 3.6565 -7.7774 3.8592 8.5467 3.0156
3170 -0.8069 0.6892 83.6451 2.4532 47.2169 2.3554 28.0265 2.4227 139.3170 2.4980 18.6329 2.4836 -7.6977 0.5913 -9.1828 3.1486 -7.7495 3.5527 6.0504 2.8620
3171 0.1391 0.7560 85.0696 2.3977 45.6655 2.3259 28.2591 2.5208 140.1177 2.5336 14.9027 2.4687 -7.7776 1.7584 -8.9732 2.6955 -7.4834 3.0760 3.9349 2.9290
3172 1.8187 0.7235 86.7154 2.3817 43.4322 2.3989 29.3847 2.5693 140.2779 2.4999 11.0773 2.0621 -8.2675 2.7377 -8.5374 2.0475 -6.9734 2.4628 2.8448 3.1951
3173 4.2856 0.8621 88.0918 2.5521 40.1561 2.3855 30.9731 2.5390 140.1223 2.4170 7.6779 1.7459 -8.9457 3.3224 -7.8926 1.4387 -5.6140 1.9167 2.3964 3.2508
3174 7.2351 1.1308 89.4153 2.5145 36.5377 2.4347 32.5871 2.5042 139.3394 2.4857 4.5773 1.1912 -9.8250 4.0175 -7.0599 0.5718 -3.6284 1.4873 3.2407 3.3344
3175 10.5152 1.7629 91.2852 2.5396 33.0163 2.4408 33.9800 2.4376 138.4059 2.4601 1.9899 0.6698 -10.1888 4.5229 -6.4035 0.1553 -1.3454 1.5160 4.3682 3.2672
3176 13.8244 2.4501 93.1973 2.5075 29.2820 2.3127 34.9223 2.5084 136.7887 2.5050 0.1317 0.3669 -10.1454 4.4142 -6.0630 -0.3823 1.3844 1.8816 6.5057 3.2362
3177 17.4842 2.4898 95.7121 2.2816 25.7547 2.6344 35.5599 2.4842 134.5531 2.4983 -1.2989 0.5563 -9.9199 4.2147 -5.5709 -0.4786 4.1237 2.3061 9.3514 3.2518
3178 20.8352 2.6006 98.9889 2.3100 22.4716 2.5617 36.3094 2.5755 131.2098 2.4772 -1.7585 0.5279 -9.8451 4.0486 -5.2472 -0.5272 6.6473 2.5989 12.6166 3.0147
3179 24.4647 2.5703 102.1681 2.4035 19.6141 2.4163 37.4593 2.5275 127.9462 2.5077 -1.9603 0.3444 -9.7650 3.4767 -5.5431 -0.6109 8.3672 2.6565 15.8215 2.6415
3180 27.9464 2.5857 105.5626 2.3359 17.6519 2.6576 39.5902 2.3832 125.0830 2.3719 -1.2423 0.1878 -10.4520 3.2953 -5.9420 -0.6529 9.5363 2.6371 18.8267 2.4536
3181 31.9962 2.6069 108.3654 2.4199 16.2388 2.4099 41.6021 2.2834 122.0200 2.4177 0.4927 0.3754 -10.7359 3.1571 -6.7130 -0.8302 10.0946 2.5072 21.5008 2.5300
3182 35.6701 2.7118 110.6343 2.4709 15.4415 2.4597 43.7089 2.4507 120.0745 2.4342 2.7150 0.6562 -10.8733 3.1119 -7.5110 -0.9756 10.0580 2.4482 23.6894 2.4252
3183 39.1896 2.4492 112.2651 2.5931 15.5237 2.5047 45.7020 2.5243 119.1122 2.4495 5.7837 0.9106 -10.8162 2.7814 -8.5973 -0.9894 9.3096 2.5558 25.0659 2.4203
3184 42.5594 2.2020 112.8519 2.5671 16.3661 2.6002 47.5332 2.6068 118.7070 2.4751 9.1330 1.3545 -10.8380 2.6667 -9.6946 -0.2740 7.7040 2.8432 26.1214 2.4562
3185 45.4450 2.5605 112.3402 2.4829 17.7559 2.5995 50.1939 2.3712 119.1635 2.5875 12.5650 1.9706 -10.8459 2.6961 -10.3078 0.9468 5.8271 3.4235 26.8645 2.5761
3186 47.7678 2.5144 111.5051 2.4958 19.8549 2.6165 53.3497 2.4809 120.3297 2.5835 16.0327 2.3899 -10.9223 2.8755 -10.2354 1.8275 3.1418 4.1058 27.6986 2.5222
3187 49.2537 2.5027 109.8775 2.5538 22.4283 2.5427 55.6422 2.5410 122.2564 2.6333 19.5677 2.4000 -10.8918 2.8190 -9.8718 2.6734 -0.0572 4.3560 28.5763 2.5309
3188 49.9487 2.3864 107.2821 2.6057 24.9051 2.4959 57.3849 2.5845 124.8066 2.5979 22.8393 2.5429 -10.5848 2.6832 -8.9891 3.0039 -2.5282 4.4108 29.5479 2.4141
3189 49.8708 2.5184 103.8547 2.4369 26.9107 2.4503 58.1590 2.5266 128.2625 2.5681 26.2516 2.4771 -9.8942 2.1942 -7.9134 3.0125 -4.9502 4.7558 30.1866 2.5104
3190 49.6983 2.5641 100.5474 2.3502 27.9160 2.4813 58.2395 2.5510 131.1999 2.6280 29.7072 2.6377 -8.9300 1.6918 -6.9997 3.4012 -6.6221 5.2686 31.0507 2.5101
3191 49.0932 2.5735 97.0249 2.5110 28.0761 2.4450 57.4661 2.5487 133.9913 2.5010 33.2827 2.4452 -8.1051 1.0427 -6.3960 4.1248 -7.6041 5.6987 32.9288 2.5443
3192 48.6577 2.5874 93.1969 2.7620 27.4253 2.5185 56.0480 2.6227 135.7111 2.3598 36.6305 2.5926 -6.8588 0.7140 -5.6697 4.8257 -8.0281 5.9403 35.4511 2.4883
3193 48.3879 2.5633 89.7874 2.7430 26.4743 2.5371 54.3765 2.6113 136.8726 2.4863 39.3555 2.4693 -4.7699 0.3003 -5.3156 5.4947 -7.9745 6.0135 38.2990 2.3654
3194 47.9890 2.5628 86.2280 2.6639 24.4341 2.5825 51.5391 2.4951 137.4240 2.5093 41.3439 2.5389 -2.4746 0.2506 -4.7713 5.4930 -7.4511 5.3990 41.8933 2.3718
3195 48.2114 2.4875 83.0262 2.5765 22.2793 2.5670 48.2729 2.6578 136.8677 2.3400 42.5412 2.4865 0.1344 0.2934 -4.5672 5.1558 -6.5078 5.0966 45.2993 2.4301
3196 48.8138 2.4319 79.9840 2.4359 20.3837 2.5284 44.7386 2.5044 135.6138 2.4119 42.7406 2.4137 2.3706 1.0226 -4.5855 4.8517 -4.7563 4.8363 48.3612 2.4385
3197 49.4495 2.4830 78.1451 2.5793 18.8199 2.5623 40.9425 2.4614 133.5687 2.4697 42.5828 2.4667 4.1746 1.5935 -4.6601 4.8782 -2.5452 4.9136 50.5534 2.5790
3198 50.1859 2.4175 76.7329 2.5806 18.1060 2.6002 37.1615 2.4200 130.7911 2.3751 41.5942 2.4729 5.1552 2.1555 -5.0162 5.1331 0.1806 4.5755 51.9742 2.6317
3199 50.6888 2.4116 75.7844 2.5595 18.1065 2.4120 33.6303 2.4479 127.7756 2.4367 39.8501 2.5333 5.6768 2.4318 -5.4355 5.5041 2.2545 4.2200 52.5849 2.5404
3200 51.0942 2.5131 75.0464 2.5093 19.0085 2.3829 30.2078 2.6671 124.9358 2.6612 37.6396 2.5238 5.7957 2.8495 -5.8399 6.0269 3.7711 3.5335 52.2412 2.4504
3201 50.4242 2.5773 75.4197 2.4244 20.5623 2.4056 26.6226 2.4651 122.8339 2.5667 34.8044 2.5409 5.2451 3.2294 -6.1686 6.6185 4.6334 3.1456 51.0107 2.4180
3202 49.2432 2.4981 76.1397 2.3720 22.5219 2.4612 23.0920 2.6636 121.1857 2.4557 31.1266 2.5429 4.1725 3.7642 -6.3010 6.4023 4.9997 2.8372 49.6032 2.3830
3203 47.3464 2.4113 77.7152 2.3681 24.8887 2.4301 19.4103 2.4714 120.2222 2.4314 27.7597 2.4180 2.2289 4.3726 -6.7267 5.8582 4.4327 2.4229 48.0853 2.3975
3204 44.5917 2.2823 79.8719 2.4602 28.5950 2.4703 15.8753 2.4355 120.2682 2.5612 24.1373 2.4162 -0.3529 4.6480 -7.4303 5.0597 3.6226 1.8507 46.7260 2.3772
3205 40.8619 2.4996 82.7132 2.4211 31.8841 2.4766 12.1896 2.3892 120.8699 2.6379 20.6957 2.2841 -3.1231 4.9083 -7.9559 4.3501 2.6737 1.3928 45.7108 2.5066
3206 37.4476 2.6070 85.4423 2.5745 34.3669 2.5219 8.9935 1.8736 122.3112 2.6592 17.1194 2.5046 -5.3170 4.6145 -8.2636 3.6699 1.8113 1.1984 45.2626 2.4568
3207 33.5743 2.5852 88.3433 2.5532 36.1876 2.5577 5.9707 1.2783 124.4779 2.5410 13.8879 2.4846 -6.9849 3.9006 -8.2768 3.2290 0.2517 0.8315 45.5905 2.5323
3208 29.9849 2.6451 91.2543 2.4445 37.2552 2.5713 3.4271 0.8284 127.1160 2.6499 10.6005 2.8091 -8.0965 2.9263 -8.2693 3.0360 -1.3518 0.5459 46.5044 2.6335
3209 26.6839 2.6095 94.3803 2.4336 37.6444 2.4839 1.1168 0.5994 129.6184 2.5606 7.3604 3.1712 -8.3665 2.4295 -8.0612 2.7827 -2.6033 0.4675 47.6908 2.6503
3210 24.2856 2.7179 97.6484 2.4767 37.1636 2.3843 -0.5488 0.4647 131.6908 2.3767 4.1053 3.6440 -8.6134 1.5833 -7.9039 2.6743 -3.4056 0.5496 49.0771 2.6549
3211 22.6195 2.6080 100.3537 2.4930 35.5992 2.4905 -1.8437 0.3163 132.8645 2.4594 1.1735 4.0436 -9.1473 0.9682 -7.6860 2.6649 -3.8719 0.4072 50.2601 2.4616
3212 22.0104 2.5946 102.4392 2.5476 33.6141 2.4701 -3.0432 0.0667 133.3624 2.4600 -1.4312 3.6921 -9.2866 0.0779 -7.4107 2.5737 -4.0441 0.2958 51.2680 2.5315
3213 22.0106 2.5582 104.0995 2.4683 31.0342 2.2755 -4.0023 -0.3136 133.5491 2.4267 -4.2501 2.9908 -9.5351 -0.3831 -7.2350 2.9086 -3.7260 0.4153 51.5049 2.5756
3214 22.5902 2.5209 104.9388 2.4653 27.3527 2.4716 -4.5399 -0.8255 132.7226 2.4371 -6.2237 2.7276 -9.3544 -0.5930 -6.9517 2.9875 -3.5501 1.0365 51.8370 2.5282
3215 23.6424 2.5811 105.1390 2.4697 23.9243 2.4908 -4.6860 -1.0587 131.1500 2.3563 -8.0537 2.9727 -9.0536 -0.0099 -7.1719 3.0432 -3.6129 1.5460 51.7261 2.5203
3216 25.6386 2.6066 104.5728 2.4232 20.4178 2.3706 -4.1368 -0.7658 129.5840 2.3570 -9.3571 3.5619 -9.1488 0.7272 -7.9903 2.7469 -3.1998 1.6228 51.5786 2.5218
3217 27.9198 2.5964 102.7222 2.4541 16.7917 2.4938 -3.9866 -0.5163 127.8909 2.3895 -10.4200 3.9238 -9.1409 1.5215 -8.9597 2.5147 -2.2115 1.7486 51.1559 2.4482
3218 29.9992 2.5030 100.8320 2.4439 13.1799 2.3007 -3.7261 -0.0122 126.5451 2.4276 -10.6220 4.1056 -8.9057 2.4711 -9.7425 2.5123 -0.5590 1.9596 50.5346 2.5000
3219 31.7555 2.4678 98.2747 2.3712 9.7162 2.1426 -3.8428 0.6685 125.8773 2.4449 -9.8153 4.0200 -8.6209 3.1165 -9.9898 2.6077 0.8426 1.9080 50.1901 2.5242
3220 32.7338 2.4569 96.0376 2.3775 6.6625 1.8646 -4.3174 0.7038 126.1648 2.5440 -9.1213 3.9995 -7.5460 3.7324 -9.7950 3.0668 2.0234 2.0085 50.3725 2.5173
3221 33.0511 2.5070 94.5989 2.3451 3.1309 1.6380 -4.5422 0.1562 127.0575 2.5328 -8.1440 3.7103 -5.8444 4.2195 -9.1110 3.4004 2.8387 2.3483 51.1621 2.5528
3222 32.4939 2.5084 93.5097 2.4907 -0.4041 1.5974 -4.7442 -0.4399 128.1389 2.7026 -7.3660 3.6532 -4.2242 4.4938 -8.7728 3.5042 3.2548 2.7021 52.4716 2.5147
3223 31.9841 2.5427 93.3640 2.4581 -3.0263 2.0059 -4.4227 -0.3891 129.0780 2.5559 -6.7947 3.4679 -2.2690 4.5582 -8.8522 3.6566 3.4351 3.1056 53.8697 2.5284
3224 31.3127 2.5488 94.3035 2.6603 -5.1340 2.4966 -3.8510 0.0864 129.7293 2.5297 -6.3093 2.8343 -0.5943 4.4708 -8.5896 3.4432 3.2502 3.3915 54.6172 2.5588
3225 30.2932 2.5120 95.9511 2.5663 -6.7496 2.7694 -3.8265 0.1496 130.6359 2.5980 -5.8837 2.2064 0.4047 3.6631 -7.6811 3.2789 2.5876 3.7035 55.6132 2.4836
3226 29.7172 2.5420 98.1115 2.5101 -8.2655 2.8997 -3.9759 0.2720 130.5447 2.5671 -5.6322 1.5580 1.0603 2.9625 -6.6818 2.9621 1.3832 3.8382 55.9191 2.5800
3227 29.8120 2.5337 100.8733 2.6038 -9.4737 3.0250 -4.1371 0.4538 129.6441 2.5710 -5.8554 0.3075 0.9744 1.8556 -5.6996 3.0965 -0.3198 4.0865 56.5350 2.4864
3228 30.7739 2.6683 103.2432 2.4122 -10.2664 3.4362 -4.4399 0.3346 128.3616 2.6309 -6.3589 -0.1880 0.5725 0.9051 -5.2085 2.4741 -2.4768 4.5647 57.4578 2.4960
3229 32.2767 2.5578 105.0377 2.5505 -10.4896 4.1201 -4.7634 0.0671 126.6079 2.6324 -7.3457 -0.8658 -0.3140 0.2223 -4.6404 2.0958 -4.8670 4.9302 58.8710 2.5939
3230 34.1232 2.4296 106.3281 2.5614 -10.5776 4.5764 -4.7286 -0.2891 124.7747 2.6176 -8.2495 -1.1960 -1.0816 -0.2137 -4.0463 1.7499 -7.1198 4.9558 60.3858 2.5047
3231 36.5952 2.5468 106.8329 2.5934 -10.2225 4.5990 -4.3761 -0.2664 123.1760 2.6199 -8.8189 -1.0056 -2.6870 -0.7192 -3.2646 1.6073 -8.4758 4.2187 62.0473 2.4755
3232 38.7568 2.5128 106.4857 2.4055 -10.1998 3.8500 -4.1984 0.2913 122.1261 2.4985 -9.2013 -0.4855 -3.5986 -1.0515 -2.1376 1.5260 -9.4345 3.4807 63.6172 2.5678
3233 40.2552 2.4527 105.6184 2.5513 -10.4560 3.1585 -4.4419 1.2424 121.8390 2.5537 -9.1854 0.2223 -4.5208 -1.2285 -0.6364 1.9947 -10.2482 2.8685 64.9764 2.4296
3234 41.1830 2.5266 103.7455 2.4196 -10.7374 3.0307 -4.5697 2.0736 122.3336 2.3794 -8.9390 0.1433 -5.4766 -1.2798 0.2573 2.4431 -11.0110 2.3266 66.8795 2.4484
3235 41.1545 2.5245 101.3422 2.4512 -10.7179 3.5463 -4.6864 2.4021 123.5915 2.3066 -9.1864 0.3345 -5.7317 -1.4440 0.7681 2.8803 -11.4261 2.0272 68.7185 2.4609
3236 40.8271 2.5634 98.2713 2.4620 -10.6312 4.0237 -4.0163 2.5357 125.7289 2.3601 -9.2178 0.6673 -5.9009 -1.1877 0.7065 3.4962 -11.3415 2.1291 69.8687 2.5803
3237 40.0133 2.5444 94.5070 2.4078 -10.0286 4.7524 -2.6042 2.9449 128.4117 2.4693 -9.4604 0.8381 -5.4085 -0.8869 0.5470 4.0149 -11.0565 1.3611 70.8547 2.4712
3238 39.4831 2.6048 91.5655 2.4244 -9.1309 4.9410 -1.6447 3.3749 131.7512 2.5382 -9.7832 0.9309 -4.6110 -0.2087 0.0596 4.3279 -10.3508 0.4853 70.8849 2.5316
3239 38.5996 2.5379 89.2943 2.4060 -7.9357 4.5498 -1.2324 3.7282 135.4004 2.5305 -9.8253 1.0239 -3.9588 0.8894 -0.7614 4.5973 -9.7403 0.2631 70.2965 2.4868
3240 38.0640 2.4742 87.6439 2.5686 -6.4054 4.4117 -0.9514 4.0358 138.0562 2.3565 -9.8895 1.4567 -3.6930 1.6288 -2.0271 4.7132 -9.8441 0.6705 69.1650 2.4079
3241 38.0444 2.4905 86.5977 2.5502 -4.4101 4.6427 -0.8163 4.2091 140.0110 2.4227 -9.7461 1.7096 -2.6818 1.9494 -3.3520 4.5616 -10.1087 1.1724 67.5844 2.3754
3242 38.9763 2.4842 86.4846 2.4677 -1.8247 4.6821 -0.4243 3.8660 141.5741 2.4513 -9.2528 1.3487 -1.6757 1.9583 -4.9960 3.9995 -10.1261 1.7780 66.2533 2.3647
3243 40.2456 2.5048 86.9050 2.6468 0.5995 4.4788 -0.3337 3.3267 142.2111 2.4734 -9.1554 1.0646 -0.5579 2.1362 -6.6852 3.2648 -9.3044 1.6623 65.0204 2.4151
3244 41.9909 2.3103 87.9572 2.7183 3.2944 3.8704 0.2191 3.1194 142.0185 2.5134 -8.9081 0.8626 1.2789 2.5768 -7.3506 2.8133 -8.5074 1.3619 64.5383 2.4520
3245 43.7378 2.4631 89.9277 2.5232 4.9729 3.3483 0.6398 3.1228 140.9445 2.4113 -8.8926 0.4262 3.0929 2.9906 -7.6836 2.4288 -7.6207 1.0259 64.7632 2.4329
3246 45.3067 2.5857 92.6062 2.5718 6.3323 2.9240 1.2815 3.3201 139.0551 2.4260 -8.9585 0.4851 5.2668 3.3171 -7.3636 2.2622 -6.7988 1.1483 65.8673 2.4963
3247 46.4337 2.4030 94.9865 2.5025 7.5918 2.6959 2.3825 3.2835 136.6085 2.4760 -9.2207 0.5792 7.7319 3.0829 -7.0986 2.0172 -6.0296 1.1858 67.3899 2.4763
3248 46.5276 2.4975 97.3816 2.6572 8.8111 2.5973 3.4165 3.3475 133.5103 2.5090 -9.0220 0.7114 10.6636 2.8599 -6.9930 2.1910 -5.6896 1.5879 69.1707 2.4284
3249 45.8996 2.5949 99.1108 2.5976 10.3608 2.5093 5.4713 3.4045 129.9397 2.3915 -8.9081 0.4830 12.7821 2.5014 -6.6686 2.4009 -5.5372 1.2120 70.7392 2.3885
3250 44.3325 2.6589 99.9492 2.5045 11.6946 2.4667 8.1774 3.1160 126.7031 2.5398 -8.8684 0.9209 14.6138 2.5212 -6.4078 2.8343 -4.9936 0.8775 71.7125 2.4845
3251 42.4932 2.6485 100.1124 2.4470 12.8161 2.4710 11.6171 2.6953 122.9650 2.3921 -8.8166 1.8892 15.6643 2.5279 -6.5661 3.0920 -4.6250 0.3994 72.3058 2.5207
3252 40.8792 2.6253 99.7084 2.5405 13.2966 2.4969 14.9583 2.4558 119.4550 2.4848 -8.5345 2.5904 15.7620 2.4491 -6.5564 3.3260 -3.9446 0.4412 71.7602 2.3845
3253 39.1102 2.4879 98.3175 2.4629 13.4721 2.4511 17.7948 2.4256 116.4445 2.4062 -8.2080 2.4606 14.9513 2.4027 -6.4892 3.8694 -3.4986 0.9804 70.9054 2.3376
3254 37.6643 2.6256 96.2684 2.3240 13.3496 2.4670 19.9203 2.3481 113.0191 2.3359 -7.9420 2.0316 13.9977 2.4465 -6.8821 4.6659 -3.1274 1.6663 69.1755 2.4774
3255 35.9315 2.5618 93.5164 2.3374 13.1058 2.5290 21.4699 2.4940 109.5047 2.4998 -7.6997 1.8230 12.4371 2.3261 -7.2516 5.4510 -3.1099 2.4050 66.7555 2.4831
3256 34.2874 2.6024 90.2650 2.3093 12.7200 2.5066 22.0358 2.5282 105.9651 2.4198 -7.9166 1.2360 11.2352 2.3443 -7.9823 5.8692 -3.2812 3.3736 64.5104 2.4401
3257 32.5527 2.4871 87.6868 2.3239 11.8835 2.4473 21.9802 2.4265 102.9424 2.5039 -8.4002 1.3517 9.7889 2.3997 -8.3865 5.4964 -4.3987 3.8349 62.6094 2.3631
3258 30.8913 2.5517 85.7478 2.4327 11.2049 2.4285 21.2004 2.3969 100.8612 2.5151 -8.7887 1.3387 8.6701 2.3846 -8.2183 4.7195 -5.3004 3.8906 61.2839 2.4253
3259 29.4369 2.4468 84.4337 2.4796 10.4082 2.3570 19.4431 2.4386 99.1898 2.5360 -8.7129 1.0946 8.0665 2.5275 -7.8312 4.2980 -6.3665 3.9645 60.7035 2.5053
3260 28.4406 2.4464 84.0190 2.4861 9.4206 2.4184 17.0500 2.4206 98.3031 2.5319 -8.3854 0.5722 8.3979 2.5144 -7.6421 4.1682 -7.0501 3.5171 60.9686 2.5512
3261 28.0023 2.5610 84.3382 2.5239 8.7963 2.4800 13.7870 2.4083 97.8016 2.5080 -7.8767 -0.0593 9.4654 2.7120 -7.6302 4.2217 -7.6882 3.4745 61.5730 2.4604
3262 27.2761 2.5601 85.5144 2.6506 8.3672 2.5370 10.8148 2.5448 98.5298 2.5510 -7.8026 -0.5738 10.7208 2.6119 -8.3687 4.0217 -8.3364 3.2257 62.1502 2.3935
3263 26.7860 2.4641 87.3268 2.6835 7.9298 2.4912 8.2476 2.3100 99.8495 2.4439 -7.8710 -0.6592 12.0810 2.6120 -9.1110 3.6628 -9.0118 2.8064 62.8158 2.4033
3264 27.3875 2.5702 89.8512 2.6761 8.2597 2.5400 6.7161 2.4207 101.8735 2.3853 -7.4821 -0.8096 13.0150 2.6008 -9.5403 2.9120 -9.0678 1.9844 63.2826 2.4328
3265 28.5011 2.4836 93.3362 2.3938 8.6623 2.4943 5.3566 2.6877 104.8181 2.5142 -7.3564 -1.2528 13.9202 2.5432 -10.2124 2.0718 -8.7644 1.3944 63.7187 2.4812
3266 30.3235 2.5663 96.9888 2.5308 9.8169 2.4757 4.2096 2.6689 108.4784 2.5070 -7.0582 -1.4137 14.0372 2.5429 -10.2209 1.0860 -8.3465 0.6818 63.2983 2.3956
3267 32.7763 2.6024 100.5356 2.4135 10.7735 2.5782 2.9910 2.4935 111.8955 2.5917 -6.4130 -1.6708 13.3749 2.5660 -10.2954 0.8742 -7.9110 0.3939 61.6452 2.4511
3268 35.9032 2.5551 104.0384 2.4075 11.2768 2.4688 1.7928 2.3711 115.4121 2.7381 -6.0053 -1.3364 11.9225 2.5434 -10.7772 1.2294 -7.3896 0.0575 59.5231 2.4684
3269 38.9992 2.6247 107.7688 2.4541 11.3992 2.4552 0.9067 2.7051 119.0260 2.6204 -6.0162 -1.4590 10.5488 2.6897 -11.0899 1.9559 -7.4030 0.8515 56.7802 2.4876
3270 42.5512 2.4268 111.1884 2.4566 10.9786 2.5623 0.1917 2.7589 122.6362 2.5825 -5.8313 -1.6831 8.9009 2.5280 -11.1050 2.7506 -7.2900 1.5075 53.0862 2.4570
3271 45.9662 2.4415 114.8815 2.4289 9.9870 2.5653 -0.3615 2.8609 126.2376 2.5753 -6.0339 -1.6919 7.6450 2.4419 -10.7016 3.0453 -7.5414 2.0396 49.6484 2.4529
3272 49.3195 2.5581 117.6602 2.5240 9.0169 2.4652 -1.6696 3.2624 129.9018 2.4805 -6.4942 -1.4268 6.5757 2.4612 -10.6315 3.1665 -7.7495 2.3731 46.0221 2.4928
3273 52.8772 2.6406 120.1693 2.4540 7.8395 2.3894 -3.1658 3.4623 133.3990 2.5680 -6.9083 -1.0978 6.7660 2.3592 -10.9352 3.6116 -8.1620 2.4702 42.2308 2.3735
3274 56.4112 2.4340 122.1410 2.5022 6.6752 2.5669 -5.5738 3.2175 136.7463 2.4668 -6.8046 -1.3064 7.6482 2.3272 -10.9802 4.2493 -8.4139 2.0987 38.4336 2.3647
3275 59.6121 2.5153 123.3227 2.4270 5.7375 2.5788 -7.4757 2.9114 140.1573 2.5148 -6.7370 -1.6020 8.7164 2.2723 -10.5537 4.8977 -9.0683 1.3064 34.9260 2.4340
3276 63.0983 2.4676 123.5396 2.4444 4.6207 2.2123 -8.8548 2.3077 143.6541 2.3618 -6.6444 -1.8332 10.5492 2.3038 -10.4557 4.9230 -9.6901 0.8030 31.6600 2.3582
3277 66.7296 2.3607 122.6299 2.4791 2.9056 1.7593 -9.2040 1.6482 147.1875 2.5678 -6.8477 -1.5437 13.1855 2.4765 -10.5257 4.8933 -10.1204 0.5812 27.8139 2.2816
3278 70.1244 2.4804 121.3684 2.4565 1.2058 1.3271 -8.9355 1.5547 150.3192 2.9577 -6.7750 -1.5272 16.3060 2.4326 -10.5438 4.8352 -10.1349 0.2334 23.9983 2.3493
3279 73.7719 2.4516 119.0062 2.4663 -0.2955 0.8483 -8.6088 1.7692 153.3557 3.1978 -6.8196 -1.6239 19.4139 2.5290 -10.6559 4.5295 -9.9824 0.2129 20.7836 2.4188
3280 77.1612 2.4316 115.8448 2.4532 -1.2239 0.5052 -7.7675 1.5794 155.4723 2.9481 -7.4410 -1.7341 22.5466 2.4803 -10.1857 4.1531 -9.5452 0.6445 18.2990 2.3652
3281 80.4115 2.4586 112.3267 2.6331 -1.8865 0.2485 -6.8199 1.1313 156.7504 2.8717 -7.9331 -1.5525 25.1952 2.5171 -9.1213 3.4338 -9.5921 1.5932 16.3579 2.4362
3282 82.5904 2.5027 108.8793 2.6511 -2.6649 0.2917 -5.7295 0.3569 157.5659 3.1322 -8.0177 -1.4847 26.9949 2.4741 -8.0482 2.8925 -9.8359 2.3314 15.2888 2.4656
3283 84.3958 2.5697 105.1137 2.5693 -3.6604 0.0702 -4.3022 0.8178 157.6434 3.0208 -8.2966 -0.8341 28.3715 2.5455 -6.9239 2.8302 -10.3705 2.8535 14.9389 2.5013
3284 84.9676 2.5678 101.5597 2.4432 -3.9616 -0.0685 -2.7765 1.2417 156.5585 2.8319 -8.6098 0.1343 28.9837 2.4998 -6.4392 2.6338 -10.7711 3.1754 15.2402 2.5884
3285 85.0780 2.4283 97.9872 2.3573 -3.7943 -0.0592 -1.1195 1.8248 154.8394 2.9188 -8.7568 1.2979 28.3503 2.4056 -5.6971 2.5414 -10.7613 3.2441 16.4689 2.4875
3286 84.4751 2.4178 94.7554 2.4415 -3.6296 0.6736 0.5521 2.5274 152.2855 3.0203 -8.9830 2.1872 27.3890 2.3627 -4.7921 2.8264 -10.7720 2.9101 18.4348 2.4466
3287 83.3924 2.3108 92.1355 2.4691 -3.2812 1.8761 2.2044 2.5505 149.2894 2.8493 -8.9177 2.7918 26.3519 2.3436 -4.1721 3.1090 -10.2431 2.8182 20.6273 2.6873
3288 81.8918 2.2867 90.2316 2.5205 -3.3344 2.9355 3.5300 2.4797 145.7819 2.6443 -8.5259 3.5937 25.2614 2.5253 -4.2216 3.1291 -9.5850 2.0842 22.7491 2.7351
3289 80.0372 2.3301 89.1945 2.4701 -4.0631 3.8215 4.5068 2.0872 142.3475 2.4543 -7.3548 4.0406 24.1334 2.3783 -4.3476 3.4151 -9.9449 1.2131 24.2529 2.5758
3290 78.2747 2.4693 89.2170 2.5031 -5.2983 3.9126 5.3906 1.9848 139.3606 2.5963 -5.5494 4.3393 23.4806 2.4242 -5.2760 3.7571 -10.4336 0.9009 25.2108 2.5547
3291 77.3177 2.5259 89.7781 2.5704 -6.6844 3.7886 5.8015 2.2524 136.9790 2.4213 -3.0779 4.4323 23.1794 2.5261 -6.4664 4.1106 -10.4944 0.6120 25.3690 2.5525
3292 77.3859 2.4638 91.4719 2.5438 -7.6726 3.3879 5.5727 1.9757 135.3339 2.5411 -1.0160 4.0975 23.8351 2.5188 -7.2239 4.3038 -10.8238 0.2273 24.8932 2.6363
3293 77.8611 2.5214 93.5594 2.4799 -8.3193 3.8662 4.8828 1.4918 134.6108 2.5827 0.4690 3.8398 24.7496 2.5175 -7.8662 3.7928 -10.6794 -0.1333 23.7345 2.5368
3294 79.0246 2.3991 96.3841 2.4349 -8.8484 4.4802 3.5645 0.8438 134.5786 2.4783 1.4237 3.2956 25.2603 2.5911 -8.3052 3.2095 -10.1132 -0.2762 21.6995 2.5056
3295 80.8882 2.3631 99.8314 2.4566 -9.1503 4.9597 2.3673 0.3255 135.1187 2.5831 1.6947 3.0016 26.2669 2.5255 -8.7803 2.3161 -9.9616 0.1946 18.9769 2.5081
3296 82.6612 2.3648 103.6050 2.3810 -9.3798 5.3018 1.0280 0.1330 136.8525 2.6357 1.8737 2.7936 27.1440 2.6513 -9.2772 1.4499 -10.5777 0.7032 15.6837 2.5280
3297 84.3963 2.4304 107.4417 2.5206 -8.7982 4.9267 -0.4765 0.4676 139.0368 2.6973 1.7260 3.0023 27.0460 2.4207 -9.7604 0.8509 -10.8471 1.3864 12.0606 2.6998
3298 86.1377 2.4854 110.7809 2.2759 -8.0553 4.6290 -2.1758 0.4734 141.1776 2.6891 1.7736 3.0058 26.3161 2.4995 -10.1355 0.5148 -10.7471 2.0295 8.7112 3.3148
3299 86.8560 2.4948 114.6712 2.4194 -7.3202 4.9443 -3.4043 0.0331 142.8757 2.5110 1.5808 3.1292 25.1787 2.4647 -9.9817 0.6354 -9.8151 2.0315 5.4813 3.7841
3300 86.7861 2.3715 117.4202 2.3759 -6.6441 5.3496 -4.5785 -0.5156 144.3168 2.6148 1.1929 3.0160 24.3915 2.4581 -9.4616 1.0268 -8.9522 1.8643 2.2608 4.4350
3301 85.6628 2.3894 119.4753 2.3401 -6.1497 5.7961 -5.2035 -0.5754 145.0570 2.5562 1.3190 3.0151 23.3852 2.3942 -8.8752 1.9253 -7.8955 1.6950 -0.9142 4.5809
3302 83.9140 2.3500 121.1252 2.3897 -5.5160 6.1137 -5.2008 -0.8680 145.0143 2.3969 1.9124 3.0341 22.3507 2.4490 -8.5971 2.9643 -7.4613 2.2473 -3.6961 4.4952
3303 81.4706 2.2947 121.8338 2.4988 -5.0379 6.2015 -4.8997 -0.7991 144.0114 2.5100 2.6300 2.8895 22.1794 2.4998 -8.8467 3.8218 -6.4443 2.9279 -5.7575 4.1265
3304 78.3574 2.4429 121.8427 2.6040 -5.2163 6.2958 -4.8062 -0.3487 142.6774 2.5363 3.1618 2.6456 22.7090 2.5575 -8.9043 4.8990 -5.6955 3.4327 -7.3587 3.4473
3305 74.8114 2.5787 121.5922 2.5377 -5.7138 6.3153 -5.1840 -0.1183 140.9619 2.5167 3.5644 2.3047 23.9384 2.5936 -8.8495 5.7243 -5.1593 3.4397 -8.0641 2.9602
3306 71.3886 2.6114 121.1905 2.4756 -6.7029 6.0070 -5.9686 -0.5606 139.3403 2.4826 3.1762 2.0917 26.3983 2.6093 -8.6168 5.9599 -4.6487 3.0415 -8.4016 2.6108
3307 67.7222 2.4167 120.6833 2.5307 -7.5418 6.0716 -6.6835 -0.6022 137.9740 2.4915 2.4392 2.2151 29.1824 2.5728 -8.3247 6.1139 -4.4018 2.3073 -8.0944 2.1542
3308 63.8444 2.4485 120.5816 2.4864 -8.6872 5.7441 -7.4354 -0.4139 137.3031 2.4775 1.6096 2.8026 32.8013 2.4109 -8.0473 5.8647 -4.7145 1.2542 -7.8111 1.2500
3309 60.6233 2.4661 120.3556 2.5215 -9.4559 5.4420 -7.8209 0.4661 137.5031 2.5311 0.1993 3.0942 36.4788 2.6639 -7.9698 5.8487 -5.5396 1.1271 -7.3819 0.0886
3310 58.1674 2.5075 121.0211 2.6614 -9.7575 5.5203 -7.7913 0.9958 138.2402 2.6162 -1.8172 3.7424 40.0076 2.5603 -7.9462 6.1338 -6.4268 0.9603 -6.9456 -0.5531
3311 56.4999 2.4541 121.9032 2.6281 -9.5369 5.0411 -7.7236 1.7024 140.0215 2.6402 -3.6126 3.9356 42.5295 2.5138 -7.7286 6.0149 -7.1940 0.5628 -6.8895 -0.8602
3312 55.4099 2.4804 123.1988 2.6169 -9.4535 4.9231 -7.7475 2.4988 142.3466 2.6643 -4.9940 4.3101 44.9128 2.5625 -8.0311 5.9155 -7.9127 -0.1915 -6.9694 -0.5020
3313 55.3051 2.5051 124.3670 2.4941 -9.3464 4.7965 -7.2395 2.9906 144.9165 2.5075 -6.2449 4.7664 46.5469 2.4452 -8.0866 5.5069 -8.7079 -0.6301 -7.1460 0.3510
3314 55.3782 2.3927 125.3310 2.4881 -9.1149 4.7737 -6.3277 3.2535 146.9159 2.5633 -6.8709 5.2054 47.2750 2.5400 -7.7167 5.3771 -9.4201 -0.6443 -7.6316 1.1979
3315 56.6834 2.4169 125.8184 2.4906 -8.8260 4.8949 -5.0697 3.9249 148.6891 2.5460 -7.6719 5.8569 47.1495 2.4952 -7.7216 5.5460 -10.0757 -0.1331 -8.1532 1.6068
3316 58.2445 2.4489 125.7462 2.4780 -8.7715 5.0580 -3.1849 4.2524 149.4952 2.4818 -7.9581 6.1635 46.5728 2.5074 -7.4384 5.9084 -10.7005 -0.0440 -8.9527 1.9417
3317 60.7315 2.3195 125.1520 2.4561 -9.0839 4.9959 -0.7317 4.4341 149.7016 2.4217 -8.1920 6.0722 44.9740 2.3697 -7.8176 5.8146 -10.6268 0.4231 -10.0201 2.1481
3318 63.9367 2.3402 123.3715 2.5318 -9.0154 4.2185 2.4404 4.1492 148.9834 2.3559 -8.0757 5.5588 42.9523 2.4747 -7.7656 5.5397 -10.9692 0.5475 -10.7910 2.2353
3319 67.6091 2.3763 121.1679 2.5305 -8.7157 3.2790 5.5970 3.6593 147.9270 2.3326 -8.0401 5.1049 39.8705 2.6038 -7.7179 5.2606 -10.9372 0.3789 -11.0156 2.2028
3320 70.4480 2.4213 118.1452 2.4728 -8.3198 2.6101 8.9492 3.3187 145.8500 2.3692 -8.0423 5.1793 36.5414 2.4517 -7.6949 4.7506 -10.9243 0.4576 -10.8323 1.8363
3321 72.7871 2.4265 114.4543 2.6432 -8.4736 2.0507 12.1566 2.7224 143.3982 2.5443 -8.2055 5.2917 33.0923 2.5366 -7.3881 4.4393 -10.2400 1.4385 -10.0406 1.4908
3322 74.3182 2.4181 111.1870 2.7311 -8.3038 1.6749 15.5582 2.4159 141.0034 2.5660 -8.2661 5.1075 29.2144 2.3780 -7.5390 3.4945 -10.1796 2.5475 -9.6181 1.3989
3323 75.4331 2.4452 107.8265 2.5879 -8.1779 1.4392 19.0026 2.3525 139.0874 2.3354 -8.0651 5.0354 25.3841 2.3650 -7.5848 2.1361 -9.8956 3.5201 -9.2412 1.0299
3324 75.8307 2.4443 104.3637 2.5451 -7.8915 0.9630 22.7591 2.4479 137.3344 2.4486 -7.7563 5.3783 21.7540 2.4703 -7.9945 0.8798 -9.3651 4.4174 -8.2410 0.9693
3325 75.4831 2.4931 100.8653 2.5172 -7.0169 1.0486 26.2581 2.5566 135.7563 2.4531 -7.7914 5.1336 18.7765 2.3687 -8.2018 0.1014 -8.3183 4.5381 -7.2908 0.8925
3326 74.0903 2.3622 97.5666 2.5023 -6.0387 1.5592 30.0109 2.5462 133.9893 2.4441 -7.7976 5.1873 16.9623 2.5685 -8.2425 -0.0487 -7.1677 4.4192 -6.8587 1.3081
3327 72.2618 2.2928 93.6992 2.3322 -5.5234 2.4398 33.4262 2.4785 132.6186 2.5045 -8.2020 5.0526 15.7830 2.4709 -8.4106 0.6062 -6.1399 4.0038 -6.1902 2.1525
3328 70.0667 2.3293 90.2364 2.3553 -5.3560 3.5506 36.2822 2.4759 131.8526 2.5091 -8.3338 4.5899 15.2619 2.4253 -8.3154 1.5628 -5.0958 4.3012 -5.4221 3.0565
3329 68.2827 2.3812 86.6423 2.3053 -5.2641 4.3965 38.6414 2.5627 131.6320 2.5134 -8.3992 4.2844 15.3759 2.5057 -8.4219 2.2266 -3.9159 4.1544 -5.0754 3.9679
3330 67.0649 2.4193 83.1118 2.4063 -5.4120 4.9681 39.7479 2.5531 131.7214 2.4544 -8.6946 4.1049 15.9365 2.5077 -8.7804 2.7847 -2.5921 3.4079 -4.8143 4.5420
3331 66.1897 2.5190 79.3971 2.6349 -5.9891 4.8910 40.2757 2.4808 132.0172 2.4313 -8.9559 4.2007 16.6293 2.5663 -9.4366 3.5058 -1.9607 2.9659 -4.4468 4.8696
3332 66.3831 2.5297 75.8181 2.3772 -6.4050 4.9868 40.1647 2.4951 132.4995 2.4577 -9.4244 4.3254 17.3043 2.5952 -9.7565 4.0895 -1.5535 2.3126 -3.8875 5.0968
3333 66.9558 2.5462 72.6048 2.4812 -6.3716 5.2758 39.4286 2.4883 132.8663 2.4006 -9.6696 4.7269 17.9874 2.5383 -9.8574 4.3955 -1.2208 1.8781 -2.6146 5.3001
3334 67.7061 2.5561 68.9256 2.5422 -5.7774 5.3796 37.8784 2.6074 133.5559 2.4649 -9.9793 4.2301 18.3672 2.4637 -9.5902 3.8544 -0.7521 1.6106 -1.3277 5.1808
3335 68.5622 2.5432 65.3941 2.5141 -5.9306 5.7961 35.5492 2.5531 134.3319 2.4156 -10.6021 3.2376 17.7563 2.4465 -9.3850 3.2599 0.0722 1.4651 0.4623 4.7670
3336 69.3453 2.5843 61.9130 2.6085 -6.2345 6.0588 32.5581 2.4640 135.1237 2.4827 -10.8901 2.3515 16.7896 2.4235 -9.3721 2.6906 0.9418 1.4744 3.1156 4.2824
3337 69.8891 2.5405 57.8720 2.5121 -6.0983 6.2823 29.1545 2.5647 135.7809 2.4272 -10.9708 1.3453 15.7343 2.4120 -9.5612 2.0136 1.9535 1.5547 5.7446 3.7523
3338 69.3334 2.4559 54.2324 2.3546 -6.1774 6.3553 25.5473 2.4351 136.0995 2.4731 -10.4022 0.4648 14.5833 2.3715 -10.3800 1.5952 4.0174 1.4982 8.0528 3.1746
3339 68.2066 2.4252 50.6518 2.3701 -6.2312 5.7176 22.0536 2.4978 135.8424 2.6369 -9.5485 0.6749 13.1709 2.5238 -10.4113 1.8634 6.6006 1.6225 9.3966 2.7092
3340 66.3145 2.3653 47.0014 2.4195 -5.9885 4.5872 18.4168 2.6391 135.0162 2.6646 -8.3307 0.9967 12.5043 2.5122 -10.1621 2.1781 9.0603 1.8972 10.2950 2.5669
3341 63.6926 2.4414 43.1996 2.2258 -5.3956 3.6407 14.8977 2.6582 132.8988 2.6338 -7.1203 1.3046 12.6007 2.5367 -9.1705 2.8592 11.2839 2.3775 10.5835 2.4882
3342 60.0385 2.3166 39.7252 2.4356 -4.6789 2.8798 11.9990 2.5267 130.2793 2.4789 -6.1853 1.5364 13.0747 2.5769 -8.4793 3.3989 12.9623 2.4651 9.9301 2.4760
3343 56.9067 2.5314 36.4138 2.4948 -4.3178 2.8773 9.7273 2.5736 127.1673 2.3871 -5.9644 1.8853 13.8265 2.6715 -7.6057 3.6956 14.1587 2.5041 8.6080 2.6259
3344 54.4775 2.4113 32.5186 2.4549 -4.1755 2.4784 8.3901 2.5464 124.5228 2.3631 -6.0659 2.2961 14.6284 2.5705 -6.5494 4.0501 14.7864 2.4800 7.0045 2.8826
3345 52.6206 2.4299 29.1043 2.4490 -4.0671 2.6557 7.5404 2.4726 122.3376 2.4326 -6.3162 2.5985 15.6075 2.5597 -4.4065 4.4584 14.6237 2.5646 5.3402 3.2876
3346 51.5040 2.5549 25.4941 2.5478 -4.2489 2.8615 6.7471 2.5407 121.1654 2.3567 -6.2966 2.8226 15.9439 2.4378 -2.0895 4.5118 13.7055 2.5618 3.0297 3.7155
3347 51.0675 2.4756 21.7968 2.5906 -4.7581 3.1691 6.1954 2.4660 120.1898 2.3591 -6.5647 2.9513 15.8611 2.4400 0.5216 4.1265 12.3823 2.5283 0.7534 4.1909
3348 51.3954 2.5614 18.1385 2.5462 -5.5012 3.1447 5.6164 2.4156 119.6797 2.3798 -7.2943 2.6629 15.0326 2.4651 2.8499 3.5988 10.5341 2.6661 -1.0104 4.5915
3349 52.4490 2.6079 14.5569 2.6290 -5.6377 3.5224 5.1198 2.4875 119.0756 2.4728 -7.4538 2.1338 13.4506 2.5179 4.5057 3.1032 8.7563 2.5429 -2.4569 4.4746
3350 54.2185 2.5779 11.6715 2.4386 -5.8888 3.8626 5.1046 2.5314 118.5511 2.5904 -7.7927 1.7346 11.1027 2.6762 5.5274 2.5345 7.6557 2.5120 -3.0396 4.5668
3351 56.5685 2.4376 9.3307 2.3651 -6.7285 3.8557 5.5113 2.5437 118.0338 2.5742 -7.9836 1.5710 8.4076 3.2315 6.0559 2.4307 7.2426 2.5028 -3.7654 4.2593
3352 59.9597 2.7400 7.5841 2.2598 -7.9283 3.9347 5.7848 2.6523 117.5006 2.5679 -7.6616 1.1918 5.1127 3.9846 6.2234 2.2498 7.4348 2.4534 -3.9271 4.4607
3353 63.7365 2.6138 6.0346 2.3303 -9.1909 3.7487 5.9409 2.6390 117.0008 2.5124 -6.6143 0.4991 2.1787 4.4907 5.9576 1.8746 8.3984 2.3590 -3.6584 4.5232
3354 67.4597 2.4544 5.5135 2.4945 -9.8735 2.9396 6.3123 2.5176 115.5788 2.4596 -4.9990 0.2867 -0.2266 5.1774 5.2073 1.2814 9.8220 2.3931 -2.7226 4.4196
3355 71.1679 2.6082 5.9680 2.4702 -10.1065 1.8429 6.7373 2.4577 113.3706 2.4924 -3.0264 0.3574 -2.1180 5.5950 3.3798 0.7427 11.7932 2.3401 -1.6766 3.8368
3356 74.6265 2.6109 7.0952 2.4786 -10.0070 1.1198 7.8122 2.5151 110.4183 2.4922 -0.6754 1.1279 -3.4666 5.5934 1.0364 0.2684 14.6072 2.3583 0.1030 3.5865
3357 77.7269 2.5321 9.1658 2.1602 -10.0921 0.9912 8.8750 2.5436 107.4071 2.4855 1.6330 1.6355 -4.1301 5.6529 -1.5728 0.1253 17.6416 2.4802 2.5558 2.9591
3358 79.8272 2.4481 11.9070 2.2032 -10.5657 1.0179 10.0492 2.5230 104.8047 2.4862 4.1289 2.3010 -5.1431 5.7163 -3.7014 0.0271 20.4991 2.5950 5.0378 2.3540
3359 81.4764 2.5319 15.1641 2.3230 -10.8797 1.5213 11.2382 2.5167 103.3602 2.5452 6.8940 2.7737 -5.9662 5.9095 -5.1598 -0.2000 22.5716 2.5710 7.3837 2.1508
3360 81.9560 2.4693 19.0021 2.4487 -11.1836 2.3742 11.9416 2.4706 102.4247 2.5522 10.0034 2.6629 -6.0205 5.4058 -6.0706 -0.4488 24.2752 2.6211 9.7321 2.0077
3361 81.6947 2.5550 22.6743 2.3855 -10.7742 2.7857 12.0236 2.5198 102.2430 2.4524 12.7636 2.5403 -6.0626 4.8420 -6.1288 -0.0979 25.9049 2.5386 11.6495 2.2909
3362 80.6892 2.5049 26.6223 2.6032 -10.4688 2.7711 11.3869 2.5380 102.9876 2.3988 15.2016 2.4285 -5.9050 3.8764 -6.2777 0.6016 27.5363 2.4720 13.2813 2.5216
3363 79.2445 2.4434 30.1461 2.5370 -10.5182 3.1542 9.9989 2.4799 104.4203 2.3666 16.9077 2.5128 -5.3383 2.5816 -6.4161 1.5833 28.8873 2.4773 14.1963 2.4205
3364 76.8491 2.6717 33.4702 2.4877 -10.6610 3.4691 7.8953 1.9816 106.5631 2.4108 17.6391 2.5575 -4.8448 1.8003 -6.3655 2.4459 29.8341 2.5818 14.0369 2.5644
3365 74.3809 2.6198 37.2262 2.5476 -10.9648 3.2526 5.2420 1.8367 109.4423 2.5021 17.8192 2.4747 -4.5290 1.2877 -5.6464 3.2546 29.9730 2.5501 13.4598 2.6131
3366 72.0818 2.5983 40.6895 2.6622 -10.9535 3.2014 2.6581 1.7475 112.9354 2.4123 17.3397 2.5093 -3.8401 1.0158 -5.0381 3.4675 29.7481 2.4996 12.1714 2.6256
3367 70.1124 2.4358 42.9796 2.5272 -10.4135 3.5147 -0.1201 2.1441 116.5531 2.5271 16.0431 2.5414 -2.5053 0.9723 -4.6213 3.4695 28.8834 2.4444 10.8061 2.5055
3368 69.0042 2.4558 45.1332 2.5032 -9.7423 3.9767 -2.7547 2.6049 119.9834 2.2807 14.0757 2.5210 -0.5143 0.7560 -4.6524 3.3974 27.7754 2.4223 9.3451 2.6114
3369 68.5399 2.5246 46.3955 2.4192 -8.9600 3.9519 -5.0022 2.9491 123.5563 2.3264 11.2776 2.6686 2.1386 1.0800 -4.3833 3.6463 26.6927 2.5180 8.0781 2.5137
3370 68.9616 2.4270 47.0272 2.4532 -8.5406 3.6114 -6.9808 2.6174 126.5452 2.3856 7.9459 2.9899 5.5994 1.3267 -4.5367 3.6911 25.4508 2.4388 7.5562 2.4864
3371 70.2334 2.4701 47.1581 2.4669 -8.8671 3.2381 -8.1834 2.1047 128.7415 2.4437 4.8663 2.8973 8.8990 1.6971 -4.7276 3.6463 23.3010 2.5493 7.6348 2.5301
3372 72.2340 2.3889 46.4792 2.5932 -8.8634 3.0179 -8.9188 1.7696 130.5749 2.4820 2.6054 2.5916 12.5408 2.1862 -4.8606 3.5115 20.3022 2.4634 8.4875 2.5750
3373 75.0609 2.5188 44.7912 2.6093 -8.6811 3.1738 -9.3018 1.3768 131.4468 2.4649 0.8888 2.2878 16.1016 2.3806 -4.7647 3.1976 16.8387 2.4542 9.5959 2.4827
3374 77.7481 2.5374 42.4461 2.5825 -8.0557 3.2193 -9.2549 1.1305 131.6760 2.4960 -0.6751 1.8994 19.9536 2.5276 -4.3867 3.0498 13.7426 2.4056 10.5146 2.5139
3375 79.8578 2.4029 39.4676 2.5876 -7.1892 2.7461 -9.5934 0.8256 130.8776 2.4859 -2.2116 1.3281 23.6992 2.4197 -4.1254 3.0147 11.6145 2.5084 11.1967 2.6373
3376 81.3123 2.4496 35.7713 2.5126 -7.0656 1.7370 -9.7286 0.2553 129.6125 2.5355 -3.5459 0.9095 27.5647 2.5182 -4.2824 3.4473 9.7730 2.4472 11.4649 2.4635
3377 81.9935 2.5031 32.1118 2.4846 -7.4112 0.8979 -9.4806 -0.0716 128.4888 2.5079 -4.9410 0.5654 31.2947 2.3547 -4.8605 3.7891 8.8812 2.5403 11.2621 2.6080
3378 81.8265 2.3578 29.0648 2.4820 -7.6793 0.7098 -9.3747 -0.0322 127.3443 2.5068 -6.0097 0.0988 35.2094 2.5534 -5.2940 4.5510 8.6613 2.5532 10.3438 2.7644
3379 81.2434 2.4493 26.6771 2.6250 -8.1178 1.0216 -9.3380 0.5576 126.5865 2.5712 -6.5162 -0.4126 38.7977 2.3265 -5.7265 4.8804 9.2034 2.5492 8.4905 3.0422
3380 80.2826 2.5644 25.0615 2.5144 -7.9450 1.6240 -9.3657 1.1687 126.4078 2.4671 -6.9441 -0.8649 42.3334 2.3866 -5.9713 4.9166 10.5342 2.6084 6.4572 3.4810
3381 79.2303 2.5039 24.1424 2.5966 -7.3224 1.9158 -9.1275 1.6407 126.6410 2.5780 -7.7111 -1.0450 46.1642 2.2840 -5.9482 4.6671 12.3483 2.5413 3.3478 3.8656
3382 78.4099 2.3742 23.8818 2.4799 -6.9901 1.5127 -9.5648 2.1533 127.8167 2.5508 -8.2385 -0.8991 49.5443 2.3866 -5.5988 4.4616 14.3906 2.5420 0.0331 4.2709
3383 77.6619 2.4496 24.5646 2.4389 -7.1679 1.2105 -10.1386 3.0231 129.9168 2.6684 -8.6984 -0.9768 52.4689 2.3820 -5.4756 3.8391 16.1323 2.5599 -2.6512 4.6986
3384 77.0945 2.4886 26.1246 2.3907 -7.7097 0.5391 -10.0763 4.0231 132.4902 2.5113 -8.9998 -0.4063 54.5923 2.5505 -5.4450 3.3447 17.6660 2.5397 -4.2119 5.2493
3385 77.5261 2.5039 28.1002 2.3902 -8.2475 0.6402 -10.2048 4.5327 135.8537 2.5667 -9.1584 0.3739 55.9009 2.5811 -5.2584 2.7813 18.5345 2.4885 -5.0179 5.5820
3386 78.4220 2.5823 30.8821 2.1867 -8.4281 1.1787 -10.4963 5.0049 139.2548 2.4051 -8.6270 1.0102 56.7300 2.3993 -5.2811 2.1800 18.4752 2.6315 -5.7802 5.4051
3387 79.8694 2.5787 34.1316 2.3449 -8.1857 1.7135 -10.4670 5.0508 142.7154 2.2758 -7.3727 1.3485 56.5720 2.5364 -5.5334 1.4200 17.6366 2.5319 -5.9649 5.6506
3388 82.6145 2.5894 37.5684 2.3011 -7.8340 1.6386 -10.4355 4.6647 146.4914 2.3806 -6.7247 1.6879 55.9144 2.5964 -6.0198 0.9153 16.1295 2.5939 -5.8191 5.7612
3389 85.7741 2.6031 40.4934 2.3740 -6.9944 0.9334 -10.4392 3.8068 149.9580 2.8017 -6.2085 1.7043 54.4321 2.5859 -6.7497 0.8311 13.7966 2.6258 -6.0124 6.0228
3390 89.1819 2.3415 42.8231 2.5464 -6.6241 0.5697 -10.8527 3.1954 153.6245 3.3661 -6.3364 2.4410 52.1740 2.5696 -7.5504 0.6898 11.3006 2.5275 -6.3542 5.9691
3391 92.7399 2.4336 44.4026 2.5797 -6.2702 0.4417 -11.2191 2.8552 156.7774 4.0185 -6.7873 3.2641 49.3546 2.5070 -8.3436 0.2052 8.9984 2.4631 -6.1877 5.9158
3392 96.4121 2.3822 45.0540 2.4920 -5.6093 0.8069 -11.1058 2.5710 159.6733 4.5183 -7.2052 3.6898 45.7535 2.4731 -9.3415 -0.0216 7.5819 2.4411 -5.9282 5.8338
3393 100.2442 2.3702 45.1460 2.5183 -5.2505 1.6104 -10.7997 1.9858 162.3883 4.7814 -7.5201 4.2873 42.0558 2.4040 -10.3635 0.0435 6.7879 2.4518 -5.7582 6.0001
3394 103.4374 2.3765 44.5546 2.3607 -4.8379 2.6810 -10.9480 1.3884 164.8982 4.8397 -7.8938 4.5278 38.8145 2.4923 -11.0474 0.5201 6.7083 2.4338 -6.1055 6.0632
3395 106.1214 2.3908 43.2625 2.3959 -4.5904 3.1426 -11.0546 1.0228 166.8637 4.7084 -8.0963 5.0840 35.5588 2.4756 -11.1751 0.8579 7.5478 2.4107 -6.7836 5.9916
3396 108.0102 2.3878 41.8448 2.3640 -4.1067 3.5326 -10.9452 0.3548 168.7074 4.2155 -8.3720 5.6492 32.0042 2.5256 -11.1106 0.9485 9.1016 2.4161 -7.5152 6.1664
3397 109.0415 2.5658 40.0832 2.3602 -4.1010 3.9641 -10.9146 0.2592 169.9597 3.6078 -8.5361 5.7425 28.3577 2.4883 -10.9795 0.8751 11.4367 2.4315 -7.9139 6.5150
3398 109.0757 2.4798 38.4532 2.5994 -4.3258 4.6479 -10.7886 0.6123 170.4457 3.0629 -8.2846 5.3378 24.5701 2.3305 -10.6410 0.9290 14.1503 2.3006 -7.8051 6.3900
3399 108.5353 2.5434 37.3413 2.5707 -4.8100 5.4700 -10.3755 0.7785 170.4442 2.3326 -7.8696 4.3148 20.9450 2.4064 -10.3446 1.3241 16.4259 2.4170 -7.0637 6.1169
3400 107.4478 2.5542 37.0129 2.5102 -5.8029 6.1441 -9.6932 1.4095 170.0340 1.9651 -7.1993 3.7984 17.3092 2.5037 -10.2545 1.6875 18.4427 2.4605 -6.1015 5.3706
3401 105.2747 2.5735 37.5478 2.4232 -7.0213 6.0869 -8.4751 1.5961 169.8335 0.9865 -6.6377 3.3142 13.7058 2.5410 -10.0202 1.6051 19.5599 2.4922 -6.0019 4.9076
3402 102.2604 2.5485 38.6977 2.4572 -7.9394 5.9627 -7.1412 1.5248 169.0210 0.3002 -5.8730 2.9609 10.1752 2.2813 -9.7224 0.6890 20.2152 2.4594 -6.4509 4.3198
3403 99.2063 2.4379 40.5505 2.4040 -8.1661 5.9855 -5.7904 1.5653 168.1827 -0.1285 -5.0614 2.3212 6.8708 1.6172 -9.6340 -0.1323 19.9991 2.4519 -6.9056 3.1082
3404 95.5733 2.3570 42.8206 2.4754 -8.0775 6.0609 -4.5373 1.7576 167.2672 -0.1639 -4.3988 1.5055 3.6955 0.9412 -9.2213 -0.3736 18.9288 2.4680 -7.3944 2.3679
3405 92.3250 2.4108 45.2094 2.6453 -7.8076 6.0351 -3.3863 1.6661 166.6280 0.1169 -4.0530 0.8985 0.8378 0.5764 -9.5495 -0.2237 17.9112 2.4012 -7.5127 2.1316
3406 88.8707 2.4545 46.8736 2.6320 -7.6550 5.8767 -2.6579 1.5978 166.6159 0.4611 -4.2146 -0.0844 -2.3337 0.5498 -9.5955 0.5084 16.6605 2.3853 -7.9344 2.1326
3407 85.2862 2.4581 47.9884 2.5533 -7.7020 5.2985 -1.9113 1.8024 166.7282 0.8429 -4.8552 -0.9267 -4.8391 0.6909 -9.9556 1.1957 15.6342 2.3847 -8.3007 2.1052
3408 82.4302 2.3772 48.4846 2.5011 -7.4641 4.1928 -1.2768 2.0378 166.9911 0.9284 -5.5643 -1.3143 -6.5382 1.1336 -9.9708 1.4984 14.6766 2.4780 -8.4674 2.5479
3409 80.0127 2.3637 48.1423 2.5439 -6.5158 3.7722 -1.2403 2.4170 166.7914 0.9790 -6.0403 -1.1339 -7.6594 1.7757 -10.2225 1.8733 14.5483 2.4747 -8.1901 2.9822
3410 78.5507 2.4235 47.1229 2.5380 -5.7494 3.5818 -1.4565 2.3789 166.3866 1.0634 -6.0394 -0.6731 -8.4109 2.2395 -10.4679 2.0500 15.0643 2.4912 -7.9371 3.2646
3411 78.0257 2.4582 45.1659 2.6518 -4.4855 3.4702 -2.2179 2.3199 165.7147 1.4944 -5.7202 -0.0620 -9.2155 2.7148 -11.1352 2.8768 16.6337 2.6035 -7.2137 3.8327
3412 78.1654 2.4238 42.3922 2.4907 -3.9310 2.8917 -3.1970 2.4123 165.4146 2.2116 -5.1251 0.7773 -9.7491 3.4099 -10.9937 3.8227 18.8619 2.4583 -5.7464 4.2327
3413 79.2010 2.4311 39.2559 2.4654 -3.5494 2.0578 -4.7830 2.3174 164.8420 3.0896 -4.7452 1.5549 -9.8029 4.0281 -10.8930 4.4634 21.7952 2.2963 -3.6139 4.5288
3414 80.2431 2.3828 35.5514 2.5414 -3.5644 1.1910 -6.0832 2.3092 164.5517 3.4491 -3.8892 2.0321 -9.2222 4.7129 -10.9693 4.8377 25.1998 2.3785 -1.5100 4.0294
3415 81.3965 2.4300 31.9923 2.5954 -3.8513 0.5945 -7.1215 2.5539 163.7378 3.7344 -2.5229 1.9960 -9.1950 5.0988 -11.0373 4.4256 28.3731 2.5681 0.5489 3.8606
3416 82.4304 2.4801 29.1104 2.5748 -4.4609 -0.0773 -8.0180 3.2383 162.3604 3.8078 -0.4610 2.3621 -9.2660 5.2197 -10.9609 3.9278 30.8512 2.6107 2.1594 3.5322
3417 83.3918 2.5560 26.9708 2.5737 -4.4375 -0.1958 -8.5522 3.6441 160.5682 3.7666 1.9717 2.9009 -9.4210 5.3398 -10.7665 3.5306 32.3974 2.4553 3.0785 2.8400
3418 83.6763 2.5706 25.2839 2.5885 -4.6027 0.0305 -9.1355 4.1541 159.2602 3.9036 4.7492 3.3298 -9.8360 5.3203 -10.3658 3.5436 33.5314 2.5051 3.3813 2.2610
3419 82.7884 2.6198 24.4598 2.5745 -4.8102 0.5334 -9.3899 4.0710 158.2650 4.0088 7.6369 3.4268 -10.0792 5.1473 -9.7335 3.9476 33.3373 2.5725 3.1754 1.9508
3420 81.3020 2.6052 24.4986 2.4245 -5.2157 0.7488 -9.0548 3.5999 157.4760 3.7161 11.1446 3.0629 -9.7407 4.8926 -8.5200 4.4839 32.6293 2.5051 2.4523 1.9599
3421 79.0025 2.4866 25.4804 2.4607 -5.6468 0.3820 -8.6790 2.6637 156.8640 3.2320 14.6529 2.7328 -9.4761 4.9705 -7.5662 4.6415 31.4064 2.5902 1.1091 1.4512
3422 76.2242 2.6324 27.5413 2.3863 -6.1774 -0.0834 -8.0006 1.7320 156.2813 3.0127 18.0213 2.3853 -9.5676 4.8969 -7.2299 5.0221 29.6739 2.5229 -0.6315 1.1563
3423 72.9209 2.5811 30.0012 2.4255 -6.5383 -0.2274 -7.1421 1.2389 156.2040 3.3427 21.3710 2.5887 -10.1186 4.7003 -6.6629 5.0723 28.2137 2.5047 -2.8784 1.3807
3424 69.0183 2.5095 32.8253 2.3832 -6.4250 -0.5663 -6.6804 1.0068 157.0940 4.0054 24.8149 2.4350 -10.2719 5.0908 -5.9101 5.1114 26.7263 2.5741 -5.1516 1.8118
3425 65.3123 2.6378 35.9405 2.2430 -5.8836 -0.7067 -5.7341 0.7320 158.6978 4.2620 28.2293 2.4634 -9.9201 5.5938 -5.4600 5.5357 25.6728 2.5701 -6.7180 2.4561
3426 61.5883 2.5352 38.0201 2.5552 -5.4073 -0.1844 -4.4398 0.5908 161.0744 4.8327 31.1857 2.4611 -9.1520 6.0296 -4.9520 5.2970 25.5775 2.4737 -8.0549 2.8723
3427 57.6251 2.3683 39.5468 2.4794 -5.0662 0.7637 -3.4520 0.0610 163.7351 5.0319 33.5358 2.5358 -8.7189 6.1948 -4.4518 4.7839 26.3127 2.4551 -9.1772 3.1625
3428 54.2326 2.4285 40.3983 2.6546 -5.6226 1.5302 -2.9487 -0.0306 165.8362 4.9326 35.1816 2.4422 -8.5496 5.8132 -4.2342 4.6181 27.3861 2.3832 -9.9828 3.4908
3429 50.6652 2.4627 41.2650 2.5430 -6.3192 2.1720 -2.7289 0.4328 167.0404 4.5831 36.0560 2.5274 -8.9055 5.8734 -3.7086 4.1687 29.2804 2.3607 -10.2103 3.3936
3430 47.0241 2.3607 41.6612 2.5047 -7.0124 2.1842 -2.7834 1.2161 167.7354 3.9720 36.3374 2.4716 -9.4194 5.8500 -2.7008 3.8632 32.0869 2.2649 -10.3829 3.4563
3431 43.4624 2.4418 42.3095 2.4099 -7.6036 2.0764 -2.7963 2.1960 168.0582 2.9636 35.7256 2.5166 -9.7400 5.6231 -2.0280 3.3858 35.3577 2.3714 -10.5053 3.9903
3432 39.9854 2.4160 42.7085 2.4001 -8.0657 2.0957 -3.0913 3.2325 167.9869 2.4104 34.7585 2.5065 -10.1723 5.1714 -1.4711 3.2733 38.9564 2.4027 -10.2495 4.3425
3433 36.5491 2.4647 43.1850 2.5176 -9.0483 2.2954 -4.2407 3.7561 167.4580 1.9608 32.4416 2.4716 -9.6307 4.5399 -1.1329 2.9475 42.7780 2.4711 -9.8822 4.5413
3434 33.4305 2.4305 43.6608 2.5003 -9.3849 2.7281 -5.1650 4.1214 166.4609 1.4771 29.7195 2.6128 -9.6477 3.4486 -1.4362 3.1644 46.0373 2.4520 -9.5016 4.1768
3435 30.7657 2.4208 43.7688 2.5082 -9.8614 3.3302 -6.1606 3.7441 164.4794 1.0069 26.1946 2.4723 -10.0527 2.6576 -1.9711 3.6819 48.6111 2.4245 -9.6835 3.6274
3436 28.6063 2.6230 44.1793 2.5687 -10.1603 3.6016 -7.3663 3.0427 162.2534 0.8900 22.6820 2.4331 -10.4913 2.0413 -2.9321 4.4042 50.3540 2.3203 -9.6884 3.2547
3437 27.3569 2.6295 44.6851 2.5957 -10.3793 3.6669 -8.6490 2.4610 159.9474 1.0970 18.9303 2.4839 -10.7603 1.4516 -3.9992 4.5155 51.4168 2.4989 -9.6398 3.1273
3438 26.6960 2.4775 45.9397 2.5581 -10.8150 3.6113 -9.7110 1.9030 157.2945 1.1918 15.3367 2.5923 -10.9943 0.9219 -5.3232 4.4226 51.7012 2.4471 -9.5620 2.5410
3439 26.5702 2.5305 47.1134 2.4815 -10.8743 3.3261 -10.2972 1.6174 154.9849 1.5850 11.7696 2.8432 -10.9983 0.8423 -6.8284 3.7153 51.4392 2.5706 -8.8904 2.1471
3440 27.6057 2.5117 48.2777 2.4739 -11.0039 3.3607 -10.1729 1.4593 152.7127 2.0443 8.2360 3.3925 -10.7200 0.9135 -7.8743 2.9060 50.5129 2.6311 -8.8402 2.1736
3441 29.3768 2.5378 49.2479 2.4427 -10.6774 3.3509 -10.1559 1.5594 151.0530 2.3328 4.6242 3.7275 -10.3697 1.2307 -8.0558 2.2626 48.7605 2.4952 -8.8699 1.9056
3442 32.0125 2.5953 50.1698 2.4741 -9.9029 2.7036 -9.5942 1.9874 149.6790 2.5380 1.6684 3.8203 -9.8293 1.7811 -8.4174 2.1605 46.6186 2.5846 -8.9297 1.6829
3443 34.7783 2.4686 51.2184 2.4012 -8.8314 1.7745 -8.9092 2.5114 148.6252 2.5064 -1.0385 3.6876 -9.1625 2.4068 -8.1058 1.7035 43.7035 2.7504 -8.9507 1.8096
3444 37.0829 2.5082 52.7411 2.3951 -8.2998 0.7963 -8.1747 2.8432 148.1680 2.5624 -3.4914 3.0246 -8.0324 3.1182 -7.3516 1.0720 41.3863 2.5928 -8.7620 2.1652
3445 38.8070 2.5249 55.1517 2.3451 -8.4426 -0.0463 -7.8334 3.3065 147.9624 2.4692 -5.4021 2.4494 -6.8853 3.4604 -6.5094 0.2407 39.6777 2.4960 -8.3111 2.4748
3446 39.7769 2.4188 58.5008 2.4012 -8.7190 -0.6360 -7.3044 3.4951 148.3817 2.4734 -7.3676 2.0873 -5.0658 3.5468 -5.6903 -0.0069 38.1747 2.4594 -7.8774 2.8768
3447 40.0281 2.3796 62.0455 2.4326 -8.6076 -1.1674 -6.8515 3.2674 149.9491 2.3311 -8.7806 2.2348 -2.9512 3.4614 -4.9780 -0.1723 36.3967 2.5602 -7.6392 3.7583
3448 39.5898 2.4737 65.3778 2.3946 -8.5884 -1.5122 -6.4671 2.7739 151.9400 2.2389 -9.7179 2.3597 -1.5336 3.3854 -4.4596 0.2130 35.0978 2.4748 -7.2854 4.4098
3449 38.2828 2.4237 68.6650 2.5093 -8.7099 -1.6238 -6.2896 2.2613 154.3421 2.0012 -10.3582 2.2107 -0.6211 3.0573 -4.1982 0.8563 34.0120 2.4472 -6.5645 5.3086
3450 36.9547 2.3891 71.2535 2.4900 -8.4028 -1.3646 -6.1909 1.9278 156.6824 1.6889 -11.0375 2.0709 0.1837 2.8024 -4.0003 1.4022 33.5340 2.5050 -6.0577 5.6809
3451 35.7921 2.4927 73.1976 2.5489 -8.4836 -1.5078 -6.2500 1.0762 158.9540 1.3330 -11.2925 1.7289 0.4636 3.0332 -3.8649 1.7609 33.7359 2.5269 -5.9590 5.8776
3452 34.5390 2.4603 74.3497 2.5522 -8.2807 -1.4894 -6.2157 0.4224 161.3504 1.5532 -10.9779 1.5312 0.3855 2.6706 -3.9017 1.5468 34.0244 2.5103 -5.9569 5.6979
3453 33.7256 2.4999 74.6485 2.5427 -7.9870 -1.0968 -6.5011 -0.3779 163.6344 1.8688 -10.9899 1.4591 -0.0076 2.5485 -4.9344 0.7676 33.9358 2.4278 -6.3274 5.2116
3454 33.6445 2.5530 74.1456 2.6078 -7.0202 -0.7100 -7.1122 -0.7348 165.2623 2.1707 -10.8867 1.7431 -0.5134 2.6964 -5.8470 0.7736 33.5819 2.4999 -6.8913 4.9188
3455 34.3227 2.4560 73.0941 2.4839 -5.7364 -0.0938 -7.8468 -1.0076 166.7097 3.0019 -10.3893 1.7668 -1.5778 3.2855 -7.2090 1.3858 32.4132 2.5250 -7.7039 4.7670
3456 35.8037 2.5734 71.0869 2.4108 -4.0177 0.2539 -8.6799 -1.1654 167.7605 3.5601 -9.7191 1.7685 -2.6833 4.0414 -8.0198 2.0430 31.0436 2.4772 -8.4013 4.8387
3457 37.5604 2.5538 68.5912 2.4512 -2.7736 0.3920 -8.8358 -1.0373 168.6362 4.1487 -9.4838 1.2831 -4.3562 4.4181 -8.4636 2.7519 30.3058 2.4528 -9.3130 4.8799
3458 39.2778 2.6867 65.5416 2.3288 -1.8297 0.4655 -8.3272 -0.9790 169.4840 4.5219 -9.5462 0.5648 -5.8871 4.8784 -8.9630 2.9890 29.8835 2.4534 -10.1243 4.6972
3459 41.0882 2.5213 63.1487 2.4051 -1.1906 0.6907 -7.5963 -1.0404 170.2669 4.9074 -9.3523 -0.0432 -6.8969 4.9586 -9.8653 2.9682 29.2023 2.4808 -10.4833 4.7383
3460 42.1876 2.4723 61.5495 2.4978 -1.3178 0.6148 -6.5370 -0.9104 170.7403 5.0940 -9.1330 -0.0425 -7.5085 4.5151 -10.5725 2.7133 28.0689 2.5357 -10.3626 4.8937
3461 42.2381 2.4084 60.5007 2.4998 -1.7275 0.4162 -5.7830 -0.3841 171.1405 5.0705 -9.3392 -0.0117 -7.8369 3.6096 -10.7752 2.0823 26.3614 2.5780 -9.8113 4.7359
3462 41.7357 2.3749 60.1919 2.5024 -2.2886 0.0022 -5.7197 0.0034 171.3085 4.9017 -9.8589 0.1551 -8.6125 3.0073 -10.6229 1.9202 24.6618 2.4279 -8.7438 4.9677
3463 40.1505 2.4900 60.3648 2.4447 -2.9458 -0.5070 -6.0131 -0.0261 171.2085 4.8170 -10.5278 -0.0656 -8.6576 2.4005 -9.9026 1.7802 22.7012 2.4319 -8.2478 5.4019
3464 37.8075 2.1709 61.5700 2.4483 -3.9292 -0.7292 -6.1177 0.4070 171.2968 4.6248 -10.0993 0.1654 -8.7240 1.4795 -9.0275 1.4854 20.4205 2.4715 -7.5619 5.1367
3465 35.5112 2.2938 63.0848 2.4738 -5.0378 -0.8851 -5.6052 1.1362 171.0001 4.5507 -9.8754 0.2418 -8.6639 0.9381 -8.3062 0.7880 18.2435 2.5221 -6.3247 4.5917
3466 33.7697 2.4853 64.8642 2.3460 -5.1682 -0.8847 -5.4645 2.3614 170.4034 4.2758 -9.7784 0.1802 -8.7167 0.5894 -7.9619 -0.0539 16.2139 2.5442 -5.1882 4.2231
3467 32.7220 2.4656 66.8670 2.4753 -4.6453 -0.9187 -5.5896 3.3717 169.6499 3.8457 -10.1252 0.3749 -8.6508 0.5214 -7.5063 -0.8877 13.5496 2.6993 -4.0117 3.9048
3468 32.2230 2.4743 68.4963 2.4080 -3.7491 -0.5341 -6.4371 3.9461 168.8684 3.7389 -10.2388 1.1632 -8.4622 0.6319 -6.6998 -1.1237 10.1223 3.1164 -2.2090 3.5224
3469 32.5063 2.5660 69.2326 2.4954 -2.2566 0.0252 -7.4338 4.0629 168.1222 4.1951 -10.7933 1.2362 -8.6049 1.3047 -5.6223 -1.1616 6.5745 3.0157 -0.0161 3.1346
3470 33.7221 2.6765 69.1534 2.5567 0.0214 0.5753 -8.2881 3.7801 167.1642 4.5920 -11.1077 1.2863 -8.7554 1.9834 -4.6329 -0.6462 3.8283 2.4106 2.2204 2.7275
3471 35.7237 2.6338 68.3007 2.5786 2.8214 0.8014 -8.3748 3.9449 166.1771 4.5525 -10.9544 1.2290 -9.0683 2.8391 -3.8852 -0.1347 1.2707 1.7791 4.9679 2.2439
3472 38.6288 2.6326 66.8324 2.5462 5.9092 1.2518 -8.8164 4.2684 165.3921 4.3864 -10.2944 1.4191 -9.0590 3.5899 -3.5407 0.1660 -0.5534 1.5517 8.0029 2.0948
3473 41.6562 2.5451 64.5941 2.6982 9.0057 1.9032 -9.0830 4.9500 164.8376 3.7596 -9.1317 1.2413 -9.9734 3.7709 -3.5493 -0.0281 -1.8089 1.7521 10.9385 2.0610
3474 45.3265 2.3337 61.5232 2.7010 12.1890 2.3680 -9.3216 4.8809 164.8508 3.5324 -8.1529 1.0339 -10.6366 3.1251 -4.0006 -0.5049 -3.0296 2.1284 14.3842 2.2024
3475 48.7687 2.4913 58.0853 2.5332 15.6660 2.5045 -9.8799 4.2635 165.2907 3.5254 -7.5390 0.3115 -10.5312 2.5146 -4.1776 -0.5141 -4.2998 1.9440 17.7451 2.3408
3476 52.1089 2.7742 54.6147 2.4533 19.2944 2.2182 -9.5723 3.9925 165.8978 4.0958 -7.0273 -0.2552 -9.9268 2.0178 -4.2684 -0.3217 -4.9015 1.8191 21.3997 2.5061
3477 55.0466 2.4726 51.2198 2.4665 22.8410 2.4661 -9.5109 4.0588 166.6760 4.5886 -6.9242 -0.5229 -9.5925 1.4900 -3.9986 -0.0628 -4.7820 1.3077 24.9355 2.6079
3478 56.8486 2.4878 47.7882 2.4891 26.2209 2.4748 -9.1600 4.1563 167.2661 4.4429 -6.5307 -0.7145 -9.2201 0.8080 -3.9411 0.8284 -4.3536 1.3391 28.6580 2.6803
3479 57.9458 2.5248 44.3920 2.3106 29.1710 2.5363 -9.0430 4.7981 168.1879 4.5058 -5.8022 -0.7466 -8.8377 -0.1918 -4.0674 1.9931 -3.8928 1.0235 32.1232 2.5699
3480 58.2983 2.5117 40.4033 2.3967 31.5944 2.4859 -9.6268 4.9348 168.8630 4.8483 -5.6913 -0.8819 -8.3186 -0.9900 -4.3214 2.6594 -3.6336 1.3163 35.8868 2.5879
3481 57.9968 2.5456 36.6400 2.3118 33.3164 2.4643 -10.1096 4.5668 169.0311 5.1426 -6.0621 -1.1722 -7.7460 -1.3842 -5.0142 3.2654 -3.8381 1.9223 39.9008 2.3802
3482 57.1048 2.5162 32.9912 2.5362 34.4429 2.6040 -10.2688 4.1140 168.9992 5.7490 -6.9993 -1.2550 -7.4222 -1.4258 -5.7484 3.8023 -4.2407 1.8454 43.5842 2.6731
3483 55.1168 2.3191 29.3106 2.6513 34.8756 2.5094 -9.5296 3.8960 169.1589 5.9732 -7.5221 -1.1346 -6.9269 -0.9689 -6.7119 4.1309 -4.3685 0.9276 47.3266 2.5149
3484 52.7854 2.5343 25.7544 2.3776 34.3599 2.4262 -9.5261 4.0468 169.4557 6.2961 -7.6291 -0.6047 -6.9619 -0.3370 -7.4267 4.7834 -4.6290 0.2298 50.9526 2.5472
3485 49.4797 2.5768 21.9778 2.4637 33.2878 2.3552 -9.8414 4.6638 169.7925 6.0887 -7.4930 -0.6033 -6.7327 0.1400 -7.7428 4.9690 -4.5068 -0.0577 54.5951 2.6024
3486 45.8608 2.3351 18.6463 2.2997 31.5612 2.3565 -9.9874 4.4556 169.9344 5.7673 -6.7663 -0.6230 -6.3202 0.3663 -8.2851 5.1696 -4.0854 0.0071 58.2158 2.6023
3487 42.3860 2.3195 15.6720 2.3987 28.8581 2.3251 -9.2988 4.2371 170.1023 5.4615 -6.2709 -0.8059 -5.4023 0.6434 -8.8067 5.1477 -3.5702 -0.0406 61.4306 2.7578
3488 38.9537 2.4579 13.4326 2.4686 25.5225 2.3592 -8.2662 3.8451 169.7574 4.6202 -5.6761 -0.7092 -4.3812 0.5871 -9.6309 4.7795 -2.8438 0.2460 64.8574 2.5949
3489 35.1976 2.3904 12.1927 2.4366 22.5268 2.3228 -7.2489 4.5663 169.2984 3.5393 -5.3592 -0.2316 -3.8156 1.0824 -10.5925 4.0133 -1.2113 0.5034 68.2272 2.4580
3490 31.9587 2.3658 11.6424 2.4755 20.3856 2.3837 -6.9910 5.1637 169.4492 2.7193 -5.4366 0.4194 -3.1001 1.3252 -11.0869 3.0059 0.5544 0.8822 71.9601 2.5952
3491 29.1188 2.4185 11.6948 2.5985 18.8502 2.4302 -6.7997 5.5020 169.1244 2.2388 -5.3251 1.7070 -2.4676 1.3586 -11.2533 1.9148 1.7352 0.8866 75.6542 2.6218
3492 27.0849 2.5429 12.4266 2.6248 18.0028 2.5589 -7.5230 5.7729 168.6982 1.7693 -5.3804 2.3800 -2.0043 0.9070 -10.8924 1.5043 3.0940 1.2160 79.1058 2.6394
3493 25.6515 2.6416 13.7430 2.6256 17.9380 2.5425 -7.9152 5.5367 167.6452 1.1316 -5.7447 3.2202 -1.8405 0.4172 -10.9149 1.6190 4.2552 1.6957 82.5873 2.5922
3494 25.1568 2.4924 15.3618 2.6139 18.5094 2.6057 -7.8680 5.2535 165.6899 0.7303 -6.4138 3.8671 -2.0535 0.1129 -10.7171 2.2540 5.3014 2.0074 86.3696 2.5364
3495 25.4027 2.6179 16.9534 2.6188 19.7845 2.6489 -7.6983 4.8089 163.3686 0.5280 -7.1871 4.2684 -2.0366 0.1578 -10.6172 2.8830 6.4622 2.3835 89.8782 2.6033
3496 26.6786 2.5553 18.1280 2.5077 21.8641 2.5770 -8.0043 4.3688 160.7202 0.5993 -8.0984 4.2232 -2.5413 -0.0270 -10.3092 3.3446 8.0683 2.5275 93.5379 2.4494
3497 28.2900 2.5241 19.0286 2.5812 24.8576 2.6155 -8.1448 4.8466 158.0342 1.1737 -8.7981 3.7312 -3.4760 -0.3529 -9.3675 3.4507 9.3891 2.4808 96.8669 2.5375
3498 30.6053 2.4873 18.6548 2.4815 28.2707 2.5400 -8.1202 4.5518 155.6988 1.6505 -9.1813 3.1658 -4.4530 -0.6455 -8.2660 3.4845 10.9998 2.5237 100.6416 2.5867
3499 33.7184 2.4865 18.2030 2.4361 30.9360 2.5521 -7.9920 4.0431 153.8632 2.0191 -9.5558 2.7112 -4.8415 -0.7047 -6.7705 3.6487 12.6126 2.5644 104.1488 2.4983
3500 36.4031 2.4387 17.3520 2.4443 32.6277 2.4810 -7.9788 3.0670 152.5781 2.4199 -9.8777 2.0091 -4.6182 -0.6235 -5.1324 4.2079 14.4922 2.4981 107.6886 2.5614
3501 38.4381 2.4663 16.3888 2.4283 33.4512 2.4378 -7.6872 2.0440 151.7865 2.5707 -10.4584 1.5766 -4.1528 0.1447 -3.1848 4.3523 16.7980 2.5320 111.3789 2.7286
3502 39.8431 2.5399 15.8721 2.4319 33.5530 2.4751 -6.9058 1.3402 152.0426 2.4113 -10.7376 1.1352 -3.7227 1.0966 -0.5720 4.5915 20.0196 2.4652 115.1850 2.5659
3503 40.2766 2.4720 15.4296 2.5140 33.3635 2.5380 -5.8719 1.0794 152.8754 1.9955 -10.6314 0.6524 -3.9610 1.2502 2.2934 4.2273 23.7742 2.5091 118.7216 2.5533
3504 39.9365 2.5467 15.7447 2.4747 32.3533 2.5010 -5.3157 1.1268 154.1204 1.6820 -10.6219 0.7847 -3.7645 1.4440 4.9705 3.8130 27.0313 2.5303 121.6922 2.6721
3505 39.3403 2.5309 16.9679 2.5819 30.7037 2.4025 -5.2996 0.8212 156.3455 1.2164 -10.5219 0.9648 -2.9666 1.3288 7.2986 3.1780 30.4681 2.4784 124.0235 2.6236
3506 37.6207 2.6562 18.4738 2.6443 28.3983 2.4183 -5.5602 -0.0265 158.5851 0.6744 -10.5257 1.9045 -1.7368 1.1360 8.6915 2.7934 34.1007 2.5456 125.2345 2.5107
3507 35.9440 2.5633 20.1590 2.5286 26.6166 2.4164 -5.7333 -0.6687 160.7511 0.1710 -10.7527 2.8205 0.0680 1.1540 9.4330 2.5438 37.0708 2.5182 125.8409 2.5254
3508 34.0195 2.5478 21.6702 2.4892 25.0931 2.4817 -5.8494 -1.0539 162.6017 0.1293 -10.9355 3.5742 2.3885 1.4545 9.6822 2.4289 39.4156 2.5445 126.1677 2.5052
3509 31.9823 2.4534 22.9926 2.6226 24.2698 2.4784 -5.2066 -1.0089 163.9134 0.1348 -11.0206 4.0059 4.7336 2.0290 9.0073 2.4617 41.5062 2.5660 125.4738 2.5203
3510 30.7585 2.4775 23.6108 2.5121 24.5345 2.4354 -4.5951 -0.6925 164.7255 0.0337 -10.8578 3.6521 7.2036 2.3660 7.5572 2.3729 43.3572 2.5820 124.1819 2.5079
3511 29.5661 2.5523 23.3682 2.3659 25.4437 2.6002 -4.5014 -0.1933 164.5240 -0.0715 -10.3027 3.0142 9.1575 2.2471 5.2505 2.2113 44.8518 2.5837 121.9900 2.4592
3512 28.5514 2.5086 22.2023 2.4168 27.0569 2.5649 -5.1729 -0.2775 163.4753 0.1435 -9.4044 2.6568 10.9577 2.3950 2.5728 1.7354 46.7110 2.5109 119.0337 2.4866
3513 27.8744 2.5120 20.4112 2.4004 29.5182 2.4865 -6.0649 -0.4851 161.5233 0.5660 -9.1049 2.4360 12.5940 2.4577 0.3530 1.1744 48.3121 2.4383 115.6181 2.4619
3514 27.8069 2.5078 17.8536 2.3534 32.3174 2.3662 -7.0883 -0.4642 159.2807 0.9420 -8.5422 2.2984 13.8266 2.4200 -1.6110 0.6519 50.2174 2.3868 112.0616 2.5447
3515 28.1231 2.4168 14.9516 2.3049 35.0563 2.2805 -7.7528 -0.6023 156.2302 1.4341 -7.7334 1.6968 15.2390 2.4439 -3.1284 0.3660 52.0932 2.4547 108.6259 2.5417
3516 29.1297 2.3943 11.4986 2.0357 36.8375 2.4319 -7.9766 -0.7711 153.1284 1.9590 -6.0402 1.1074 16.3905 2.4580 -3.9999 0.4962 53.6008 2.5117 105.2388 2.4983
3517 30.8767 2.4520 8.2527 1.7942 37.6564 2.5006 -8.1569 -0.7712 149.5389 2.3327 -4.0767 1.0646 17.6208 2.4451 -4.3287 0.3444 55.8864 2.6330 101.7259 2.2804
3518 32.5363 2.4640 5.8960 1.8615 38.1557 2.5175 -8.3346 -0.7397 145.8744 2.4992 -1.7233 1.1932 18.7917 2.5280 -3.2650 0.4352 58.9229 2.4992 98.2421 2.5185
3519 34.1202 2.5622 3.6659 1.6815 37.9446 2.3788 -8.6036 -0.9464 142.2237 2.6798 1.0273 1.5442 20.1293 2.5306 -1.5814 0.3913 62.4215 2.5818 94.7650 2.5743
3520 35.6264 2.5432 2.6885 1.6639 36.5523 2.4185 -8.6316 -0.8371 138.5506 2.5493 3.7245 2.1870 21.8308 2.5392 0.4067 0.3203 65.8243 2.6464 91.2702 2.5823
3521 37.6769 2.3908 2.1369 1.8189 34.6921 2.3853 -8.3124 -0.1620 135.0725 2.4094 6.4518 2.7946 23.9517 2.4829 2.9335 0.7448 69.7036 2.4712 87.5456 2.4326
3522 40.4396 2.3695 2.3715 1.6361 32.0574 2.2665 -7.4152 0.7853 131.5093 2.4477 9.8098 2.6443 27.2862 2.4157 5.7192 1.4217 72.8545 2.4208 84.0493 2.4499
3523 44.0143 2.5207 3.0164 1.7163 29.7183 2.4448 -6.8356 1.4335 128.5305 2.4876 13.3779 2.4855 30.8242 2.5042 8.4831 2.0236 76.3592 2.5101 80.5889 2.5475
3524 46.6742 2.4974 4.1479 1.5912 27.7459 2.4606 -6.4904 1.8442 126.1904 2.5992 17.0085 2.2650 34.0581 2.5744 11.0484 2.4274 79.6484 2.4793 76.9918 2.4865
3525 48.7009 2.6442 5.0048 1.6235 26.5720 2.4865 -5.7708 2.0350 124.3052 2.5397 20.6087 2.4281 36.7366 2.3859 12.7511 2.5265 83.1611 2.2954 73.6801 2.4919
3526 50.0909 2.6280 5.7433 1.8731 26.0184 2.5074 -5.0818 2.1763 123.0385 2.4600 24.2796 2.5555 38.5286 2.4100 13.9469 2.6064 86.1846 2.5126 70.3111 2.4883
3527 50.5076 2.5167 6.2832 2.3977 25.9456 2.4993 -4.2920 2.5607 122.8066 2.4503 27.5249 2.4463 39.3974 2.4945 14.3389 2.5610 88.6260 2.5298 67.4830 2.6509
3528 50.1695 2.5981 6.0701 2.9616 27.0443 2.4654 -3.8848 2.8018 123.2354 2.5065 30.0932 2.6240 39.8529 2.5296 14.1428 2.4994 90.1369 2.5231 65.4316 2.6370
3529 49.1336 2.5883 5.5136 3.2723 29.0463 2.4597 -4.1341 2.7161 124.3722 2.4530 32.1722 2.5588 39.6799 2.5868 13.3078 2.2518 91.1701 2.5883 63.8321 2.5121
3530 47.6459 2.6228 4.6112 3.3909 31.7274 2.3652 -4.9461 2.4265 125.4842 2.4857 33.6414 2.5759 38.8214 2.6861 11.5608 2.3107 91.4309 2.5648 63.2737 2.5132
3531 46.1385 2.6241 3.7354 3.2055 34.9289 2.3820 -6.0689 1.9278 126.6272 2.5294 34.0064 2.5161 36.8974 2.7463 9.3105 1.9172 90.9363 2.5785 63.1313 2.5647
3532 44.5184 2.5806 3.0164 3.3211 38.3896 2.4539 -7.1934 1.3408 127.7553 2.4602 33.5229 2.4586 34.6358 2.5837 7.1771 1.9905 89.8789 2.5277 63.9957 2.5076
3533 43.4864 2.4559 2.4859 3.3058 42.0418 2.5945 -7.7905 1.1292 128.0780 2.4611 32.6907 2.4743 31.5103 2.8318 4.7785 1.7940 87.7685 2.4569 64.6660 2.5377
3534 42.8068 2.5415 2.6107 3.2536 45.1422 2.4247 -7.9460 1.6198 128.1112 2.5341 31.0719 2.6257 27.7965 2.6856 2.5066 1.2477 84.8217 2.6197 65.6070 2.5045
3535 43.2289 2.5821 3.4798 3.3340 48.8657 2.4977 -7.9377 2.1714 128.0031 2.3955 28.4826 2.4345 24.0143 2.6401 0.2405 0.6049 81.1735 2.5495 66.4345 2.5349
3536 44.1736 2.5789 5.0545 3.5493 52.1320 2.5987 -8.0426 2.0807 127.7805 2.5438 25.4248 2.5257 20.2973 2.6544 -1.8867 0.1448 77.4417 2.5739 66.5631 2.5298
3537 45.4802 2.6118 7.3111 3.5849 55.6892 2.4655 -9.1502 2.3724 127.4185 2.4699 21.9359 2.5056 16.7241 2.6934 -3.5312 -0.4506 73.9651 2.5618 65.9949 2.4172
3538 47.4115 2.5365 10.3627 3.2256 58.6333 2.4838 -10.0247 2.6783 127.5137 2.4580 18.1728 2.4565 13.1539 2.2715 -4.4522 -0.9714 70.2166 2.4677 64.8214 2.4342
3539 49.1910 2.4414 12.7213 2.7151 60.8913 2.5762 -10.2417 3.1965 127.8811 2.4481 14.4456 2.6132 9.8056 2.1530 -5.3782 -1.2890 66.5810 2.4758 63.1675 2.4773
3540 51.1136 2.4902 14.4855 2.4618 62.3718 2.5450 -10.1257 4.1647 128.2870 2.5507 10.8321 2.6492 6.8182 1.8712 -5.5457 -1.5908 63.1476 2.6403 61.8515 2.4159
3541 52.0574 2.4769 15.8705 2.5505 62.9655 2.4754 -9.3748 4.5396 129.0008 2.4867 7.3151 2.6364 4.4019 1.4474 -5.7927 -1.4820 59.7246 2.4766 60.3117 2.4113
3542 52.2666 2.4621 16.6345 2.5051 63.2174 2.4703 -9.1636 4.4948 129.7175 2.4821 4.2128 2.4174 1.8059 1.2678 -6.3607 -1.5906 56.3221 2.2558 58.8338 2.4679
3543 51.4517 2.4411 16.5164 2.4533 62.3806 2.5133 -9.3287 4.0099 130.3733 2.5250 1.6130 1.8890 -0.2326 1.0890 -7.4127 -1.4743 52.9636 2.5213 58.4937 2.4609
3544 49.9326 2.3665 15.5497 2.4061 60.6544 2.4385 -9.8587 4.0077 130.7924 2.5092 -0.7758 1.4287 -1.8294 1.2034 -8.2613 -1.2972 50.2351 2.5750 58.9845 2.4707
3545 47.4462 2.2861 13.9194 2.3293 58.2118 2.4246 -10.2323 4.2746 130.6073 2.5934 -3.0288 0.9074 -2.6979 1.2501 -8.8973 -0.8425 48.2597 2.5558 60.1268 2.3930
3546 44.6072 2.3447 12.0601 2.4861 55.3958 2.3571 -10.3717 4.4682 129.2624 2.5184 -4.6024 0.4580 -3.1516 1.6044 -9.0154 0.0404 47.0444 2.6138 62.0242 2.3535
3547 41.1766 2.4941 10.3160 2.2881 52.0807 2.2469 -10.0616 5.0197 127.0047 2.5594 -5.5592 0.0245 -3.0012 1.7919 -8.7919 1.1148 46.4733 2.4819 64.7832 2.2839
3548 37.3732 2.6912 8.5491 2.3916 48.5415 2.2778 -9.9592 5.1119 124.4198 2.6103 -5.8983 -0.1619 -2.3319 1.7095 -8.8666 1.9886 46.6954 2.4479 68.1138 2.4005
3549 33.3869 2.5356 7.8183 2.4398 45.0486 2.3196 -9.7065 4.7763 121.1246 2.6541 -5.6032 -0.1686 -0.9379 2.0856 -9.4384 2.6580 47.9124 2.4807 71.7068 2.4837
3550 29.8923 2.4481 7.6715 2.6812 41.4144 2.2382 -9.7871 4.0756 117.6656 2.6089 -5.0193 0.1631 0.2932 2.7344 -10.3864 3.2225 49.7233 2.5314 75.2646 2.6922
3551 26.2500 2.4499 8.4827 2.6152 38.0701 2.4217 -10.1418 3.5927 113.9338 2.6122 -4.8442 0.4115 1.6696 2.8478 -10.8723 3.6985 52.1061 2.5341 79.0010 2.7834
3552 22.2977 2.5444 10.0151 2.5024 34.3660 2.6306 -10.2721 3.3379 110.6938 2.6575 -5.1558 0.7258 3.7208 2.8808 -11.1197 3.6383 55.4554 2.6506 82.5062 2.6705
3553 18.5259 2.5721 11.8654 2.5885 30.8030 2.4778 -9.5827 3.0361 108.4096 2.6061 -5.8820 1.5244 5.5158 3.1564 -10.8911 3.3056 58.9262 2.5621 86.2064 2.5257
3554 14.8369 2.7596 13.7127 2.6719 27.4024 2.5820 -8.5547 2.8000 106.6475 2.5417 -6.2392 2.2356 6.9854 3.1181 -10.3795 2.5514 62.4953 2.5430 89.8309 2.4921
3555 11.4599 2.6101 15.7357 2.6346 24.2394 2.6437 -7.6564 2.6237 105.2093 2.5442 -6.5448 2.9484 8.2987 2.8742 -9.9405 2.4678 65.8576 2.3676 93.0983 2.2710
3556 7.9837 2.1842 17.4060 2.5703 22.0535 2.5126 -7.3593 2.5006 103.8015 2.5490 -6.8125 3.4892 9.0354 2.6183 -9.5012 2.4927 68.3543 2.3197 96.6303 2.3870
3557 5.1847 1.3513 18.3451 2.5666 20.5173 2.4376 -7.0001 2.5136 102.9818 2.4637 -7.5281 3.5936 9.0961 2.5853 -9.2676 2.2220 70.2808 2.5246 100.2114 2.4478
3558 2.3662 0.8520 17.9427 2.5403 19.4834 2.4706 -6.7452 2.7386 102.0613 2.4445 -8.3234 3.1896 8.3111 2.7866 -9.2613 2.0669 71.6015 2.4935 103.6799 2.2984
3559 -0.4630 0.7002 17.4273 2.6020 19.4011 2.4336 -6.6256 3.0881 101.3883 2.5123 -9.3708 2.2508 7.3482 3.1019 -8.8701 2.3789 72.1755 2.5254 106.7032 2.4584
3560 -3.3339 0.6061 16.4515 2.5921 20.2793 2.5066 -6.5042 3.4519 101.1067 2.5137 -9.9004 1.6424 5.8630 3.8033 -8.2397 2.9775 71.9496 2.3944 109.0870 2.5558
3561 -5.4212 0.9601 15.5448 2.6047 21.5966 2.4094 -6.5131 4.1702 101.5920 2.4690 -10.2029 1.7006 4.0765 4.0252 -7.2291 3.4639 71.4194 2.3816 110.7113 2.6030
3562 -7.2171 1.5487 14.9537 2.5229 23.6162 2.2915 -7.0841 4.3181 102.4213 2.4262 -10.4704 1.6328 2.0958 3.8336 -6.2111 3.9282 70.5495 2.3643 111.0772 2.4866
3563 -8.5066 1.7385 14.6371 2.6028 25.8356 2.4786 -7.7805 4.8164 103.1337 2.5033 -10.3520 2.0096 0.3274 3.8406 -5.6420 3.9584 69.5063 2.3992 111.0855 2.5258
3564 -9.5760 1.6712 14.8065 2.4325 28.4035 2.4395 -8.7835 4.9232 104.1656 2.4779 -9.7409 2.3894 -1.2185 3.9126 -5.6660 4.0019 68.3773 2.3659 110.3641 2.4709
3565 -10.0783 1.6049 15.7630 2.4405 30.0522 2.5792 -9.5670 5.1690 105.2170 2.5670 -9.3799 2.9406 -2.5269 4.3062 -5.4120 4.1014 67.7967 2.4334 108.8816 2.4572
3566 -10.5498 1.6968 17.5475 2.4482 31.1585 2.5006 -10.3504 4.8516 106.4442 2.4912 -9.4184 3.3723 -3.0263 4.7745 -5.0576 4.2853 68.2332 2.4509 106.6989 2.4367
3567 -11.0086 1.8236 19.4691 2.3362 31.3503 2.5722 -10.8790 4.0819 108.9530 2.4427 -10.0122 3.9155 -3.6869 4.9567 -4.3796 4.3116 69.2458 2.5788 103.9744 2.4753
3568 -11.1947 2.4689 21.5868 2.4410 31.0988 2.5474 -11.1445 3.0335 111.5495 2.3660 -10.1887 4.6473 -3.8329 4.9771 -4.4926 4.1588 70.7260 2.5361 100.6071 2.5549
3569 -11.2706 2.7534 23.7473 2.3423 29.8013 2.5895 -11.2024 1.8701 114.2699 2.5509 -10.0389 4.7430 -4.2281 4.2655 -5.0907 3.7146 73.1274 2.6245 97.0421 2.4691
3570 -11.1080 2.7275 25.3834 2.3900 27.8290 2.5728 -11.2005 1.3214 116.2559 2.5302 -9.7240 4.5509 -4.6179 3.3521 -6.1114 3.2401 76.4197 2.6120 93.2431 2.6035
3571 -10.7832 2.1827 25.8692 2.5076 25.3436 2.6164 -11.0731 1.1270 117.5662 2.5126 -9.0862 4.0102 -5.4822 3.2574 -7.0853 3.2466 79.7067 2.4432 89.6814 2.6344
3572 -10.1928 1.6953 25.6980 2.6070 22.7529 2.5006 -10.8400 1.2290 118.2860 2.4622 -8.9352 3.3768 -6.0780 3.5460 -8.1922 3.7390 82.1984 2.3890 85.9589 2.6050
3573 -8.9063 1.8392 24.7097 2.6012 20.7190 2.7517 -10.8479 1.3464 117.8768 2.5270 -9.2133 2.6972 -6.3489 4.3277 -8.6512 4.7214 84.3003 2.3443 82.3067 2.3662
3574 -7.7571 2.1876 23.0852 2.5940 19.4845 2.6188 -10.7100 1.1342 116.7429 2.4330 -9.6623 2.0461 -6.4513 4.5661 -9.0549 5.1849 85.6767 2.4844 78.7357 2.5581
3575 -6.5482 2.6954 20.4656 2.6610 18.8246 2.5739 -10.7329 0.9523 115.2102 2.5146 -9.6512 1.4835 -7.2204 4.6114 -9.7902 4.9004 86.3323 2.5061 75.0427 2.4083
3576 -5.0357 2.9582 17.0612 2.5286 18.8378 2.5157 -10.7975 0.7706 113.3960 2.6568 -9.6148 0.9673 -7.9109 4.0950 -10.2712 4.6414 86.1927 2.5039 71.3165 2.2812
3577 -2.6487 3.0058 13.2567 2.3318 19.1077 2.5896 -10.4440 0.2546 111.5680 2.6084 -9.1707 0.4825 -8.6346 3.9295 -10.8703 3.7038 85.8429 2.4662 68.1495 2.3848
3578 0.1931 2.7272 9.7067 1.9986 19.5626 2.5080 -10.1478 0.2147 110.1188 2.4693 -8.8003 -0.0611 -9.1425 3.7227 -10.7200 2.8948 85.4779 2.4444 65.8003 2.5170
3579 2.8537 2.2379 6.4394 1.7911 19.9300 2.5183 -10.0071 0.4754 109.8764 2.4696 -8.0260 -0.0946 -9.5698 3.8132 -10.6276 2.2210 85.1118 2.4826 64.3159 2.3395
3580 5.8264 2.1002 3.4544 1.8851 20.3434 2.5195 -9.8486 0.6621 109.8890 2.5478 -7.8253 0.3276 -9.1071 3.2998 -9.7416 2.0548 84.8645 2.5278 63.5315 2.4399
3581 8.9565 2.1104 0.6318 2.3525 20.7256 2.4879 -9.3215 0.7100 110.5708 2.4853 -7.5252 0.4113 -8.8169 2.2723 -9.2777 1.6939 84.4745 2.4939 63.7396 2.5482
3582 12.3762 2.5258 -2.4188 2.3599 20.1978 2.4334 -9.0976 0.4656 112.0797 2.6111 -6.9948 0.1452 -8.4271 1.2633 -9.1954 0.9460 84.7150 2.4776 64.4132 2.5941
3583 16.2218 2.6213 -4.9700 2.4642 19.0114 2.4255 -8.9233 0.1082 113.9970 2.5979 -6.2577 0.0811 -8.0509 0.5498 -9.3599 0.4592 86.0486 2.5024 66.0266 2.5292
3584 19.9000 2.5101 -6.9233 2.2924 18.0463 2.3688 -8.8860 -0.2883 115.6823 2.6447 -5.6729 0.4662 -7.7186 0.5166 -8.6820 0.2610 88.1131 2.6686 68.0300 2.4358
3585 23.4075 2.7050 -8.1907 1.6792 16.7570 2.3057 -8.8256 -0.0250 117.5413 2.6611 -5.2361 0.3274 -7.3029 1.0064 -8.1010 0.3619 90.6912 2.6281 70.3948 2.5841
3586 26.7629 2.5291 -9.0388 1.4908 15.5242 2.5080 -8.7956 0.2874 118.7312 2.5612 -4.6327 0.1430 -6.9489 1.5774 -7.8475 1.2285 93.1869 2.4485 72.8680 2.6261
3587 29.8160 2.5908 -9.2577 1.7996 14.8253 2.5448 -9.1595 0.7741 118.6697 2.4634 -4.0390 0.1825 -6.2724 2.0486 -7.8987 2.0361 95.3424 2.4255 74.9561 2.6853
3588 31.9381 2.4759 -9.0982 1.2894 14.8090 2.4368 -9.8635 1.0433 118.4277 2.4421 -3.6624 1.0923 -5.4063 2.4863 -8.3048 2.9337 96.5628 2.4306 76.4439 2.5239
3589 33.0947 2.3747 -8.9613 0.5294 15.5701 2.5374 -10.4707 1.1329 117.2202 2.4805 -3.7636 1.4316 -4.8347 3.2062 -8.7686 3.4466 97.1615 2.5136 77.7947 2.4847
3590 33.6800 2.4959 -8.8946 -0.1922 16.8780 2.5295 -10.4788 1.2736 115.3854 2.3966 -4.1000 1.7073 -3.7002 3.5868 -8.7837 3.7938 96.8086 2.5803 79.2698 2.4290
3591 33.6234 2.5601 -8.4967 -0.7035 18.9870 2.5355 -10.4729 1.1095 112.9125 2.4115 -4.1876 2.0714 -2.5986 4.2548 -8.7293 4.3826 95.8220 2.5427 80.9894 2.4548
3592 32.6873 2.3805 -8.3923 -1.0347 21.8036 2.3511 -9.4653 1.4261 109.5971 2.2969 -4.7156 2.6607 -1.5576 4.6487 -8.6382 4.2575 94.0162 2.6775 82.4139 2.3630
3593 31.2839 2.3836 -8.4197 -0.5214 24.8952 2.4929 -8.1187 1.5237 105.9176 2.4189 -5.4426 3.1593 -0.0643 4.6384 -8.7022 4.4019 91.3887 2.7140 83.9314 2.3950
3594 29.2909 2.4489 -8.7993 0.2142 27.4872 2.3888 -6.6150 1.3687 102.4840 2.5815 -6.4852 3.4944 1.8699 4.7368 -8.7678 4.4752 87.7190 2.6033 85.5313 2.4818
3595 27.5118 2.5085 -8.8467 1.3544 29.4480 2.5227 -4.7136 0.9663 99.2427 2.5848 -7.4082 3.7690 4.4247 4.2019 -8.9082 4.3108 84.0813 2.4346 87.6186 2.4288
3596 25.9149 2.4990 -8.5180 2.1523 30.5736 2.4445 -2.4316 0.7352 96.2261 2.5566 -8.3475 4.1507 7.0265 3.6157 -9.0398 4.0059 80.4258 2.3789 90.0219 2.4485
3597 25.0601 2.5401 -8.1488 2.5848 30.6954 2.5375 0.4780 0.5540 93.5908 2.4416 -8.9544 4.5065 10.1386 3.1386 -8.7790 3.6940 77.1983 2.6093 93.2095 2.3291
3598 25.0210 2.6331 -8.1935 3.1359 30.1076 2.5534 3.6264 0.7138 91.6187 2.4738 -9.3015 4.4972 13.2201 2.7822 -8.6113 3.2960 73.6299 2.4751 97.1827 2.4692
3599 25.8252 2.6787 -8.6413 3.7350 28.9188 2.4587 6.7087 1.2858 90.1339 2.4168 -9.0662 4.1979 16.1350 2.4751 -8.6269 3.1585 69.9801 2.4609 100.7136 2.4863
3600 27.3368 2.6570 -8.8650 4.3549 26.7050 2.5393 9.3935 1.8165 88.7479 2.4876 -8.3647 3.6002 18.2526 2.4964 -8.6949 2.6736 66.3414 2.3479 104.5019 2.6010
3601 29.7804 2.5607 -8.5705 4.5166 23.8680 2.6612 11.5093 2.2869 88.0021 2.4805 -7.1163 2.9812 19.2749 2.4874 -8.8415 2.8308 62.4155 2.4170 108.0725 2.5674
3602 32.5460 2.5791 -7.8614 4.4051 20.7443 2.6937 12.9787 2.4127 87.9428 2.4602 -5.4781 2.8600 19.7719 2.5978 -9.1828 3.3617 58.7921 2.5423 111.6485 2.5718
3603 36.2027 2.6731 -6.7345 3.7746 17.1974 2.6798 13.5343 2.5404 88.3013 2.6011 -3.9986 2.9556 19.6145 2.5812 -9.2256 3.0165 55.1209 2.5298 115.3012 2.5972
3604 39.7374 2.7332 -5.9779 3.0298 13.7003 2.6178 13.6272 2.5013 88.8440 2.4858 -2.6639 3.1664 18.5200 2.4974 -8.9404 2.3021 51.9466 2.6510 118.7955 2.4300
3605 43.3732 2.7927 -5.6230 1.7093 10.4959 2.1469 12.7501 2.5167 89.9794 2.6207 -1.7623 3.2486 17.2397 2.5090 -8.8797 1.8700 49.1562 2.5314 121.9210 2.6160
3606 47.1885 2.6070 -6.2093 0.6089 6.8729 1.5616 11.2208 2.6150 91.2852 2.4903 -1.4876 3.3998 15.4022 2.4754 -8.4529 1.7738 47.1473 2.5245 125.2991 2.5149
3607 50.5930 2.5216 -6.8449 0.0203 3.7940 1.0487 9.2080 3.0649 92.6866 2.4900 -1.5683 3.4118 13.7443 2.6479 -7.9422 1.9379 46.0606 2.5565 128.2495 2.4652
3608 53.1780 2.5518 -7.4948 -0.1071 0.6444 0.6973 6.7272 3.4261 94.3010 2.4889 -1.7475 3.5445 12.4853 2.6084 -7.7669 2.0147 45.4590 2.4727 130.3833 2.3800
3609 54.9394 2.4196 -8.1532 0.1445 -1.8696 0.4469 3.7229 3.9736 95.9027 2.5893 -2.6098 3.5514 12.1336 2.4931 -7.4534 1.5375 45.9749 2.4823 131.9387 2.5113
3610 55.9118 2.4651 -8.3088 0.8271 -3.7526 0.3935 0.7548 4.6103 97.5393 2.4966 -3.7971 3.6427 12.4916 2.4030 -7.7433 1.0170 47.3251 2.5909 132.5579 2.5619
3611 56.0914 2.4562 -8.1542 1.3788 -5.4437 0.7294 -2.2827 4.8219 99.4636 2.5741 -5.6065 3.7004 13.7682 2.4051 -8.3743 0.3675 48.9623 2.5235 132.6351 2.5748
3612 55.2112 2.5805 -8.4249 1.7684 -6.5815 1.5732 -4.6771 4.4141 101.3439 2.5072 -7.1900 3.4210 16.0786 2.3753 -9.0774 0.3248 51.8230 2.4411 132.1015 2.5625
3613 53.6615 2.4572 -8.8082 1.8987 -6.9076 2.1877 -6.7521 3.9198 103.4129 2.4262 -8.4398 2.6173 18.8593 2.2424 -9.5475 0.8018 55.1369 2.2502 130.6029 2.5616
3614 51.5825 2.5370 -9.1804 1.8734 -7.0443 2.6246 -8.0414 3.3558 106.1291 2.3932 -9.1742 2.1455 22.0961 2.3337 -10.2207 1.5019 57.8938 2.4664 128.2691 2.4859
3615 48.8713 2.3296 -8.9523 2.0788 -6.8740 2.8690 -8.5160 2.6572 108.7937 2.4043 -9.7785 2.1006 25.4839 2.2051 -10.5343 1.9825 59.8183 2.5203 125.1973 2.5209
3616 46.1867 2.4492 -8.5433 2.7232 -6.0754 3.2337 -8.4467 2.0904 111.0248 2.4330 -9.9383 1.8099 29.2886 2.3782 -10.9203 1.5751 61.1043 2.5352 121.3460 2.4571
3617 43.8433 2.6262 -7.6338 3.3027 -5.9051 3.4667 -8.0830 1.8826 112.2053 2.3687 -10.3199 1.1044 32.1680 2.4236 -10.5010 1.2259 61.7028 2.5265 117.7970 2.4606
3618 41.7814 2.6359 -6.6886 3.3803 -5.7380 3.9062 -7.1707 1.9377 113.0108 2.3982 -10.6552 0.8399 34.5510 2.4982 -10.3945 1.1558 61.8527 2.4663 114.0732 2.4665
3619 40.9715 2.5954 -5.8390 3.2496 -5.4091 4.1831 -6.7568 2.0288 112.8445 2.5424 -10.3694 1.2970 36.0829 2.5230 -9.9391 1.0603 61.9634 2.4338 110.4443 2.4707
3620 40.8240 2.5832 -4.7441 2.5409 -4.7296 4.5240 -6.3508 2.1155 112.0601 2.6387 -9.5648 1.6274 37.1944 2.4365 -8.8076 1.1136 61.9398 2.4173 106.8926 2.2342
3621 41.0690 2.6301 -3.6560 2.2690 -4.4106 4.1029 -6.3536 2.5570 110.5361 2.5385 -8.8406 2.4127 37.8905 2.4935 -7.7413 1.3415 61.3345 2.5018 103.2418 2.2962
3622 42.5143 2.6295 -2.0716 2.4605 -4.9193 3.7217 -6.5197 3.3054 108.1669 2.6962 -8.3105 3.4341 38.9419 2.5051 -6.5332 1.2857 60.4474 2.4219 100.1272 2.3264
3623 44.3772 2.6273 -0.2960 2.8166 -5.4941 3.5475 -6.4617 4.2046 105.4865 2.6961 -8.1133 4.3615 39.8414 2.4880 -4.9842 1.0392 58.8669 2.4980 97.9734 2.3609
3624 47.2125 2.5412 2.0512 3.3246 -6.3432 3.9043 -6.4138 5.0787 103.4171 2.4795 -7.8647 5.2427 40.5089 2.5307 -2.7665 0.7838 57.6688 2.4917 96.4910 2.3673
3625 50.7038 2.5769 4.3190 3.6308 -6.9194 4.5633 -6.3869 5.7263 102.0853 2.4420 -7.5213 5.6521 41.4361 2.4585 -0.1814 0.8364 56.6123 2.4782 95.5733 2.4434
3626 54.0169 2.6191 7.1634 3.4260 -7.0235 4.7255 -6.2730 5.9843 101.2831 2.4648 -7.3714 6.1220 42.4442 2.5012 2.0277 1.3698 56.2391 2.5436 95.8410 2.6100
3627 57.3401 2.5118 9.7801 3.1219 -7.2310 4.8222 -6.0437 5.9318 100.9871 2.5421 -7.4362 5.8939 43.8223 2.3613 3.4852 1.7945 56.2343 2.5258 96.6451 2.6118
3628 60.9863 2.5862 12.0935 2.5189 -7.5874 4.3573 -5.7034 5.4238 101.5225 2.5257 -7.4988 5.6492 45.8127 2.4643 4.3160 2.1208 56.4261 2.4708 97.9247 2.6675
3629 64.1597 2.6182 13.9326 2.5290 -8.0581 4.0599 -5.3019 5.1564 102.8332 2.4084 -8.0400 5.7680 47.9633 2.4347 4.6673 2.3585 56.0240 2.5014 99.3650 2.5197
3630 66.7842 2.4938 14.6277 2.4674 -8.6169 4.0902 -4.8854 4.4874 105.2296 2.4773 -8.4076 5.8527 50.4930 2.4588 4.6752 2.1581 55.2285 2.4355 101.0751 2.4407
3631 68.2926 2.5014 15.1941 2.4504 -8.7696 4.5653 -4.4786 3.9210 108.1178 2.4488 -8.7704 5.9674 51.7819 2.3782 4.2056 1.9423 54.4071 2.6021 102.3915 2.4780
3632 69.1668 2.5321 14.7651 2.4081 -8.5679 4.9347 -3.6387 2.9387 111.6365 2.5630 -8.6589 5.8563 52.2594 2.3835 3.9756 1.8940 53.2081 2.5204 103.1152 2.4537
3633 69.1717 2.4804 14.2554 2.4074 -8.1068 4.8714 -2.9352 2.0933 115.3541 2.4256 -8.3344 5.4889 51.9586 2.5456 3.3684 1.9767 52.3685 2.5736 103.0695 2.4572
3634 68.7363 2.6163 13.3533 2.4353 -7.3922 4.5032 -3.3092 1.3635 119.1171 2.6266 -7.8993 4.9788 51.0683 2.7159 2.0762 1.8714 51.4330 2.5519 102.5224 2.3960
3635 67.2558 2.6574 12.6817 2.4114 -6.9058 3.7298 -3.5648 0.7074 122.6439 2.5547 -7.7700 4.2415 49.5246 2.6305 0.7507 1.8591 50.4938 2.4179 100.8887 2.3842
3636 65.9672 2.5212 12.0081 2.4182 -6.2064 3.5370 -3.9577 0.3908 126.1448 2.6209 -7.6758 3.3763 47.2557 2.6277 -0.3945 1.6161 48.2576 2.4474 98.7453 2.4821
3637 64.4946 2.6251 11.5060 2.5226 -5.3837 3.4967 -4.4437 0.2277 129.3687 2.5032 -7.3568 2.7102 43.8394 2.6258 -1.4099 1.3138 45.9260 2.5359 96.2977 2.4776
3638 63.1214 2.5146 11.9000 2.5195 -4.6599 3.3493 -4.7912 -0.1629 132.8410 2.5912 -7.1970 1.9054 40.3106 2.3873 -1.5498 1.3398 43.6215 2.5204 94.1407 2.3672
3639 62.5201 2.5326 13.1925 2.6026 -4.5183 3.1494 -4.7317 -0.3837 136.3541 2.5134 -6.9008 0.7666 36.9475 2.3374 -1.5439 1.5901 41.7938 2.4733 92.3884 2.5383
3640 62.3934 2.4451 14.6583 2.5693 -4.6182 2.9230 -4.1823 0.0887 139.9236 2.4730 -6.7742 0.0593 33.1412 2.4336 -1.5609 2.3864 40.5937 2.5297 91.5438 2.5770
3641 63.0155 2.4927 16.1268 2.6378 -5.2630 3.0740 -4.3033 0.2059 143.4521 2.5528 -6.4408 -0.5847 29.6931 2.4088 -1.9867 3.2661 40.0038 2.5366 91.3662 2.4944
3642 64.5897 2.4846 17.6464 2.6744 -6.3715 2.9195 -4.7413 0.1760 146.9975 2.8543 -6.2857 -0.9642 25.8083 2.4369 -2.9455 3.8443 40.2836 2.4610 92.0209 2.3765
3643 66.6303 2.5185 18.6879 2.5505 -7.8030 2.7184 -5.0428 -0.2603 150.3149 3.0342 -5.7316 -0.7904 22.1327 2.5208 -4.5433 4.0397 41.3084 2.4738 93.6968 2.3792
3644 69.0648 2.4695 19.1612 2.4898 -8.6827 2.7805 -5.5480 -0.9342 153.7161 3.3246 -4.7447 -0.5898 18.7759 2.4130 -6.0687 4.2910 42.5265 2.3564 95.8016 2.3874
3645 71.4281 2.3895 19.3916 2.5453 -8.9110 2.9176 -5.9910 -0.7830 156.5016 3.4713 -3.7401 -0.1297 15.1472 2.2920 -6.4196 4.9390 43.8870 2.4786 98.8458 2.4270
3646 73.3655 2.5474 19.6777 2.4639 -8.8610 3.2097 -6.5238 -0.4990 159.0166 3.5400 -3.2807 0.4551 12.2321 2.3794 -6.5384 5.2929 45.2740 2.4925 102.3039 2.3885
3647 74.5175 2.5213 19.9310 2.5459 -9.1206 3.1792 -6.5089 -0.0164 161.2049 3.7335 -2.7222 1.2775 9.8107 2.4343 -6.6559 5.7445 46.4287 2.5073 105.7244 2.4431
3648 74.6025 2.4971 20.1846 2.5303 -8.9314 2.6969 -6.3581 0.7666 163.0154 4.3772 -2.7734 2.2659 7.7929 2.4281 -6.2241 5.4845 46.7349 2.4852 109.1700 2.3081
3649 74.2012 2.4616 20.5645 2.4457 -8.8658 2.3103 -6.0396 1.7327 164.0052 4.5595 -3.1658 3.0229 6.6747 2.4911 -5.4674 5.1331 46.7619 2.5729 112.6110 2.4393
3650 73.0809 2.5975 21.5023 2.3753 -8.6182 1.8136 -6.5828 2.5079 164.5107 4.5133 -3.6836 3.8687 6.5832 2.4032 -4.0356 4.7217 46.2350 2.4297 116.2261 2.4721
3651 72.1449 2.6586 22.7323 2.4355 -8.2034 1.7916 -7.3019 3.2021 165.1300 4.2461 -4.6183 4.5679 7.0839 2.3918 -2.2774 4.6971 45.4598 2.4539 119.5691 2.3066
3652 70.8669 2.5807 24.1385 2.4829 -7.8470 2.5730 -8.1804 3.8163 165.3028 3.7826 -5.5818 5.1225 8.4067 2.4153 -0.6767 4.5559 44.7520 2.4142 122.5719 2.3743
3653 69.3819 2.6166 25.9557 2.5299 -7.1502 3.4580 -8.7060 4.3769 165.8869 3.1624 -6.8851 5.4186 10.1754 2.3431 0.5925 4.4228 44.0172 2.4668 125.1302 2.2708
3654 68.3758 2.5061 27.2418 2.4721 -6.4169 4.0232 -8.6162 4.7262 166.0815 2.8585 -7.8181 5.9722 12.2397 2.2957 1.2734 3.9612 43.9685 2.5701 126.9284 2.4113
3655 68.2295 2.4928 27.8698 2.4307 -6.3486 4.1848 -8.1962 5.4834 165.5656 2.8631 -8.7543 6.2833 14.5584 2.2986 1.2676 3.9519 44.7296 2.5357 127.8283 2.5226
3656 68.8441 2.5500 27.5326 2.4511 -6.1840 4.0018 -7.9444 5.9649 165.0707 2.8151 -9.1685 6.1510 16.0558 2.4852 0.8161 4.2424 46.2079 2.5219 127.8257 2.4745
3657 70.0050 2.4337 26.5814 2.3964 -5.9439 3.2665 -7.8288 6.2671 164.9659 2.5196 -9.6875 5.8735 16.6881 2.3836 -0.3253 4.5665 48.6784 2.6235 127.0743 2.4445
3658 71.9438 2.5127 24.7870 2.3368 -5.8361 2.9102 -7.7606 6.0403 165.5415 2.3718 -10.0628 5.3796 16.8723 2.4823 -1.6483 5.0710 51.4419 2.7985 125.7046 2.4465
3659 74.7474 2.5846 22.5835 2.3584 -5.9669 2.1864 -7.2000 5.3553 167.0243 2.4889 -10.0118 4.9712 16.2462 2.4360 -2.6793 5.5250 55.0197 2.7740 123.5238 2.3954
3660 77.4914 2.4040 19.7728 2.4335 -5.4387 1.6636 -6.8184 4.5323 168.2381 2.4012 -9.9014 4.4429 15.1809 2.4388 -3.6497 5.8392 58.4946 2.5597 120.7489 2.3017
3661 79.6772 2.3780 17.1495 2.5263 -5.1138 1.1685 -6.2143 4.0834 168.8493 2.0912 -9.7820 3.9769 13.1171 2.3275 -4.6409 5.9308 61.7506 2.4376 117.7060 2.4100
3662 81.2387 2.3887 15.5271 2.5954 -4.7887 0.3465 -5.6595 3.1811 168.9609 2.0696 -10.0606 3.4385 10.6870 1.9318 -4.8088 5.6162 65.2298 2.5118 115.5070 2.4168
3663 81.9398 2.4222 14.4620 2.3690 -4.6719 -0.2613 -5.9531 2.7240 169.0242 1.9185 -10.3969 2.4847 7.6865 1.4471 -4.2383 5.2136 67.9161 2.3746 113.7378 2.4242
3664 82.1336 2.4670 14.2182 2.4738 -5.2298 -1.0674 -6.3158 2.2403 168.8297 1.6009 -10.6851 1.5516 4.7283 1.0603 -2.8200 5.0507 69.9255 2.5159 112.6630 2.5672
3665 81.3215 2.4291 14.7304 2.6053 -5.6363 -1.2716 -7.0364 1.8020 168.5797 1.0575 -10.7604 0.8287 1.7175 0.7913 -0.7124 4.8861 70.9891 2.5061 112.1193 2.4956
3666 80.3403 2.4030 16.1489 2.6168 -5.9210 -1.5013 -7.6854 1.9754 168.2208 0.8291 -10.8758 0.2553 -0.8171 0.7907 1.9793 4.4994 71.4282 2.5211 112.5981 2.4360
3667 79.2888 2.4493 17.8371 2.6564 -5.5530 -1.1752 -8.6213 1.4550 168.0773 0.4633 -10.3942 -0.1493 -3.1853 0.8957 5.3187 4.1713 71.3120 2.4859 113.7174 2.3171
3668 78.1557 2.5349 20.6143 2.6226 -5.0272 -0.9835 -9.7053 1.2791 167.4892 0.5187 -10.2044 -0.6635 -5.4366 1.2092 8.2456 3.6547 70.3395 2.5299 115.8795 2.4379
3669 77.0335 2.4828 24.0138 2.4966 -4.3157 -0.3461 -10.3173 1.3159 166.7313 1.1081 -9.7501 -0.9713 -7.2603 1.9619 10.9399 3.1586 68.5128 2.7003 118.5201 2.6212
3670 76.6465 2.5075 27.2134 2.5307 -4.3090 -0.5828 -10.4367 1.5305 165.6033 1.4013 -9.6032 -0.5701 -8.3439 2.5241 13.6734 2.7491 65.8074 2.6858 121.6468 2.5855
3671 76.9957 2.5830 30.7507 2.5258 -4.4043 -0.9604 -9.9780 2.3546 164.5939 2.2094 -9.5398 -0.3532 -8.5865 3.3578 16.6596 2.5837 63.4943 2.4857 125.3129 2.5430
3672 78.4582 2.4707 34.4609 2.5187 -4.7013 -0.9813 -9.0661 3.2677 163.6371 2.7572 -9.6073 -0.2232 -8.2214 4.2601 19.5851 2.6204 61.6166 2.5260 128.6795 2.7088
3673 80.5183 2.4861 38.2712 2.6906 -5.0064 -0.7975 -8.4085 4.0826 162.6282 3.1062 -9.6008 -0.3570 -7.4394 4.7400 21.2493 2.5030 60.3412 2.5044 132.2637 2.5958
3674 83.5515 2.5472 41.8546 2.5656 -5.0193 -0.6779 -8.1776 4.4707 161.2301 3.4296 -9.6394 -0.4212 -6.3473 4.9449 22.5720 2.5305 60.1938 2.4305 135.7126 2.6001
3675 86.8617 2.4905 44.8545 2.5241 -5.0238 -0.4854 -8.1448 4.1377 159.2801 3.2549 -9.6653 -0.6427 -4.8645 4.9584 23.6402 2.5619 60.2951 2.4290 138.6046 2.4484
3676 89.7602 2.5373 47.2517 2.5808 -5.1104 -0.6195 -8.4592 4.0890 156.7827 3.1794 -9.1748 -0.9699 -2.7646 4.4418 24.3828 2.4934 61.3652 2.4594 140.8781 2.4750
3677 92.3871 2.4617 48.8763 2.5417 -5.7819 -0.4935 -8.6165 4.0402 153.2274 3.2344 -8.2970 -0.5532 -0.1207 4.3289 25.1597 2.4437 62.8750 2.2647 142.2532 2.5860
3678 93.8614 2.4564 50.0638 2.4503 -6.7641 -0.1738 -8.8374 3.4812 149.8876 2.5614 -7.8233 -0.1977 2.5464 3.8293 25.2452 2.4762 64.3915 2.3006 142.9214 2.5066
3679 94.7306 2.5323 50.8880 2.5006 -7.7324 0.4245 -8.7406 3.0239 146.6617 2.4895 -7.6028 0.4662 4.4283 3.2435 24.5857 2.4537 65.8700 2.3178 142.9778 2.4923
3680 95.3884 2.5495 51.2893 2.5725 -8.0329 1.1518 -8.7059 2.5235 143.3910 2.4076 -7.7698 0.7899 6.0455 2.7470 23.6856 2.4401 66.7579 2.4570 142.3179 2.3550
3681 95.7228 2.4979 51.3395 2.5660 -8.1366 1.4403 -8.4865 2.0654 140.0737 2.4353 -7.4104 0.7687 7.1584 2.6308 21.4703 2.3464 67.0195 2.4761 140.8280 2.5594
3682 96.1580 2.4620 50.8438 2.6172 -9.4321 1.7794 -8.0863 1.6114 136.9213 2.5213 -6.7171 0.3542 7.4731 2.4732 19.1395 2.4709 66.5249 2.3218 138.8329 2.4889
3683 96.5963 2.5954 49.2697 2.5325 -10.2677 2.0235 -7.0053 1.0707 133.3434 2.4921 -6.4965 -0.2574 7.1172 2.4310 17.0284 2.4294 65.5841 2.3889 136.0623 2.3945
3684 96.8933 2.4639 47.0802 2.4376 -10.2405 2.2383 -4.9503 0.7039 129.8443 2.5093 -6.2617 -0.2636 6.1453 2.8752 15.1710 2.4072 63.4951 2.4360 132.8017 2.6345
3685 97.7327 2.4971 44.7592 2.4762 -10.0041 2.6198 -2.5264 0.5658 126.6475 2.4825 -6.4337 0.4958 4.8728 3.5426 13.8521 2.4354 60.9628 2.4604 129.5431 2.6910
3686 98.8816 2.6200 42.1204 2.4125 -8.9727 3.0440 -0.1592 0.5732 123.1409 2.5780 -7.2705 1.2868 2.5337 3.9840 13.2792 2.5190 58.1485 2.3899 126.6134 2.6060
3687 99.9688 2.6108 39.2030 2.5445 -8.2829 2.9574 2.5820 1.0866 119.8401 2.5200 -7.8316 2.1183 0.1460 4.6612 12.5964 2.5648 56.0195 2.5276 124.9331 2.6205
3688 101.1152 2.6213 36.3988 2.5550 -7.4743 2.6791 4.9789 1.6833 116.3273 2.5861 -8.3068 2.8450 -2.4747 4.9431 12.0899 2.4938 54.8066 2.4215 124.0062 2.5763
3689 102.1241 2.5206 33.6432 2.5516 -6.8358 2.3558 7.0675 2.1126 113.0891 2.5220 -8.1322 3.1556 -4.7149 4.8714 12.7819 2.3048 53.8886 2.4248 123.9971 2.5292
3690 102.8417 2.4774 31.3099 2.4886 -6.2336 2.0618 8.3652 2.4040 110.3842 2.3851 -7.5105 3.3832 -6.6972 4.7252 13.8677 2.3413 54.0528 2.5187 124.4597 2.3867
3691 102.6495 2.5744 29.6654 2.5018 -5.7197 1.7789 9.1621 2.4757 108.3169 2.4247 -7.3708 3.3702 -8.1664 3.9602 15.8991 2.3848 54.6806 2.4908 125.8763 2.4319
3692 101.8162 2.5270 28.9293 2.5303 -5.3238 2.1245 9.0566 2.4930 107.0487 2.5161 -6.9500 3.5335 -8.6442 3.2794 18.6559 2.3081 56.5154 2.4129 127.6658 2.3580
3693 100.1669 2.6392 28.7441 2.4428 -5.7891 2.6448 8.4770 2.1110 106.6055 2.5047 -6.4278 3.1916 -8.8130 2.6878 22.4578 2.4691 58.6996 2.4629 129.6828 2.2708
3694 97.7290 2.5423 29.3037 2.4314 -6.7288 3.0553 7.2579 1.7778 106.7491 2.4367 -6.1660 2.8566 -8.8705 2.1903 26.1652 2.3043 61.0611 2.6610 131.4918 2.4051
3695 95.1313 2.5470 30.8487 2.3524 -7.6329 3.1933 5.4804 1.1429 107.2949 2.3954 -6.0082 2.6241 -8.8062 1.9845 29.8949 2.3122 63.5965 2.7210 132.6550 2.4542
3696 92.7992 2.5059 32.7827 2.5098 -8.1839 3.0104 3.3264 0.7612 107.9349 2.3872 -6.4092 2.2347 -8.9464 2.1249 33.5170 2.5642 65.3089 2.6172 133.0378 2.4826
3697 91.0624 2.5095 34.7376 2.3694 -8.4544 2.3551 0.4768 1.1170 108.4326 2.5001 -7.0013 1.8051 -8.5319 2.2926 36.8463 2.5633 66.2200 2.4158 132.5901 2.4572
3698 90.3484 2.5594 36.3837 2.5161 -8.4602 2.0716 -2.0363 1.3249 108.8390 2.4677 -7.7301 0.8924 -7.8871 2.6532 40.4834 2.5191 66.6381 2.5349 131.7800 2.4261
3699 90.0924 2.5286 37.4930 2.4807 -8.8991 1.7373 -3.4514 2.1492 109.0852 2.4699 -8.2598 0.1443 -6.8117 3.2395 43.4139 2.4640 66.4834 2.4497 130.6962 2.4348
3700 90.1798 2.3970 37.9881 2.5650 -9.2201 1.6853 -4.6575 2.8297 108.9517 2.4169 -8.9701 -0.1816 -5.7840 3.6997 45.8195 2.4321 65.6585 2.4771 129.6773 2.3458
3701 91.0767 2.4122 37.6960 2.4021 -9.4443 2.5731 -6.0693 3.2392 107.6899 2.4110 -9.2642 -0.2763 -5.1497 4.0661 47.5313 2.5645 64.2999 2.4679 128.4816 2.3997
3702 93.3980 2.4504 36.3471 2.3782 -9.1596 3.2038 -7.7026 3.5681 105.7222 2.4483 -9.0376 -0.3930 -4.8811 3.9413 48.6443 2.5133 63.3969 2.3214 128.1549 2.4823
3703 96.2139 2.4405 34.4563 2.4824 -9.0148 3.4089 -8.5808 3.9940 103.2353 2.5062 -8.5232 0.2926 -5.0246 3.7115 48.6198 2.5730 62.1281 2.4786 128.4216 2.3722
3704 99.4834 2.2842 32.1503 2.3557 -9.0093 3.1732 -8.8344 4.6930 100.1713 2.4520 -7.7106 0.5794 -5.5221 2.8781 47.9018 2.4901 61.4705 2.4781 129.3764 2.3466
3705 103.2625 2.4045 28.9586 2.4558 -9.4284 2.5755 -8.7946 5.3758 96.9259 2.5198 -6.8131 0.8362 -5.6600 1.9046 46.5059 2.6765 61.2287 2.5211 130.9136 2.4173
3706 106.5428 2.4370 25.2436 2.5865 -9.6126 1.8052 -8.8919 5.7116 94.4823 2.5734 -5.8209 1.2847 -5.3000 0.6269 44.6278 2.6497 62.0562 2.6862 132.6439 2.3555
3707 109.7263 2.4281 21.6610 2.6156 -10.0731 1.3908 -9.4204 5.5501 92.5693 2.5566 -5.2521 1.8014 -5.5111 -0.3883 42.6637 2.7219 63.5678 2.5520 134.0288 2.3969
3708 112.3775 2.5496 18.0607 2.5163 -10.1683 1.3730 -9.6405 5.2634 91.4211 2.5591 -5.4837 2.5069 -5.9981 -1.0796 40.8733 2.6490 65.3285 2.5016 135.1693 2.4593
3709 114.6982 2.4906 14.4504 2.3200 -10.4406 1.2239 -9.9159 5.1013 91.0509 2.4815 -6.0430 3.0003 -6.6899 -1.4648 39.7163 2.6575 66.9718 2.4466 135.5201 2.4561
3710 116.2884 2.6218 10.6384 1.9874 -10.5250 0.8677 -9.8588 4.8783 91.7994 2.5229 -6.0397 3.6504 -7.6707 -1.5130 39.6850 2.5523 68.3242 2.4842 135.2753 2.5727
3711 116.9038 2.5509 7.2667 1.6053 -9.9375 -0.0338 -9.6194 5.1905 92.9497 2.4584 -6.2443 4.3628 -8.3613 -1.6296 40.0615 2.4259 69.0657 2.4858 134.3031 2.5731
3712 117.0839 2.5530 4.3131 1.1287 -9.2666 -0.9064 -9.5745 5.3422 95.0641 2.3880 -6.3199 4.4913 -8.2134 -1.5959 41.2016 2.4100 69.1733 2.5133 132.2785 2.6936
3713 116.0423 2.6054 1.6385 0.5806 -9.0071 -1.0908 -9.8396 5.3963 97.5775 2.3666 -6.7730 4.3177 -7.1679 -1.5274 43.2108 2.3780 68.1794 2.5657 129.7020 2.6071
3714 114.5779 2.4947 -1.0772 -0.0692 -8.2043 -1.2146 -10.2055 4.9934 101.2661 2.4428 -6.9914 4.3258 -6.2510 -1.3427 45.9943 2.4034 66.9570 2.5921 126.6855 2.5805
3715 112.1750 2.5369 -3.7042 -0.5439 -7.4948 -0.7725 -10.4234 4.6162 104.9814 2.3691 -6.7359 3.7936 -5.8915 -1.0151 49.0234 2.4325 64.7102 2.5278 123.8211 2.5715
3716 108.9091 2.6219 -5.9061 -0.1050 -7.1396 -0.3104 -9.7885 3.8661 108.7176 2.5298 -6.0806 3.6237 -6.0508 -1.0331 52.7697 2.4343 61.8828 2.5970 121.5022 2.5189
3717 105.1779 2.6876 -7.6093 0.3269 -7.0375 -0.6546 -9.0251 3.6558 112.5678 2.4737 -5.3925 3.5675 -6.7530 -1.0514 56.0875 2.3376 58.6851 2.5945 119.5331 2.4357
3718 101.9678 2.6250 -8.2810 0.9955 -6.6614 -0.7450 -8.4043 3.6515 115.6518 2.2356 -4.4375 3.7586 -7.3925 -1.0183 58.6781 2.4079 55.0745 2.5667 118.6358 2.6202
3719 99.1089 2.5991 -8.9612 1.6711 -6.1628 -0.6167 -7.7338 4.0225 118.3067 2.3600 -4.0207 3.6293 -7.6582 -1.5604 60.7157 2.4911 51.6464 2.5527 118.1956 2.4954
3720 96.9252 2.4868 -9.5152 2.1983 -5.3294 -0.6645 -7.4892 3.6111 120.5328 2.3564 -3.8980 3.4141 -7.0861 -1.5600 62.0723 2.3810 48.0656 2.6565 118.9192 2.4760
3721 95.3239 2.5655 -9.9595 2.5890 -5.3747 -0.4642 -6.9413 3.9902 121.9737 2.5114 -4.0635 2.9478 -6.2561 -1.3010 62.6410 2.4676 44.5067 2.5274 120.2775 2.4824
3722 94.7431 2.5786 -10.3774 3.0834 -5.7470 -0.5884 -6.0240 4.1625 123.4515 2.5403 -4.2882 2.6498 -6.0629 -0.6385 62.5204 2.4683 40.9719 2.5420 122.4513 2.3826
3723 95.0172 2.3879 -10.5324 2.9985 -6.2637 -0.4610 -5.1332 4.3972 124.3802 2.5216 -4.7137 2.3956 -6.1993 -0.6895 61.7511 2.5126 37.2782 2.5167 124.7165 2.2641
3724 95.7140 2.4056 -10.2843 2.7516 -6.6676 0.0092 -4.3225 4.5249 125.7766 2.5295 -5.0008 1.8852 -6.3935 -1.1071 60.2541 2.3246 34.1480 2.3928 127.0578 2.3637
3725 96.5856 2.4429 -9.4789 2.2705 -7.1337 0.3053 -3.6708 4.5523 127.0566 2.4460 -5.4684 1.1709 -6.3385 -1.2379 57.8713 2.3226 31.7235 2.4757 128.9492 2.4334
3726 97.4732 2.3128 -8.7386 1.9523 -7.9447 0.0184 -2.8087 4.7528 128.4110 2.5006 -5.7192 0.3437 -5.9612 -1.1692 54.8142 2.5121 29.9746 2.3603 130.1790 2.4323
3727 98.5363 2.4951 -7.9725 1.8015 -8.4865 -0.4949 -2.3955 4.3439 129.7543 2.4801 -6.5058 -0.7044 -5.3147 -0.9997 51.7384 2.2934 29.2896 2.4493 130.3124 2.5125
3728 98.8089 2.4983 -7.1572 1.4420 -8.5937 -0.3983 -2.2479 4.5209 131.6439 2.5631 -7.2887 -1.0919 -4.6375 -0.8769 49.5017 2.4649 28.8425 2.5025 129.5590 2.6153
3729 98.8286 2.5879 -6.8924 1.5965 -8.4270 0.0469 -1.9708 4.7201 134.0638 2.6097 -8.3358 -1.0900 -4.3607 -0.0227 47.8019 2.4378 29.1489 2.5315 128.3798 2.5902
3730 98.0905 2.5311 -6.2799 1.8421 -8.2013 0.9373 -1.6529 4.8576 136.9650 2.6042 -9.3485 -0.4572 -4.5946 0.8032 46.6899 2.5286 29.7176 2.4204 126.1368 2.5417
3731 96.5438 2.5053 -5.9835 2.5206 -7.8322 2.0430 -1.9825 4.8635 140.2647 2.5241 -10.2179 0.4042 -5.1843 1.1548 46.5076 2.4726 30.2326 2.4955 123.4376 2.4476
3732 95.2236 2.6386 -6.1111 3.3899 -7.5164 2.8171 -2.9923 4.8074 144.0353 2.5094 -10.4513 0.7781 -5.6172 1.3019 47.1440 2.5269 30.6752 2.5233 119.7711 2.4556
3733 93.5602 2.6157 -6.6121 3.9838 -7.5654 3.5283 -4.2451 4.6811 147.6905 2.4458 -10.0476 1.3105 -6.6104 1.5486 48.5711 2.4553 31.3838 2.5049 116.1094 2.3244
3734 92.1866 2.5934 -6.9627 4.6168 -7.3931 3.8432 -5.4336 4.3649 151.1585 2.0144 -9.4802 1.8402 -7.3955 1.9020 50.7306 2.4091 31.3442 2.5579 112.5094 2.4050
3735 91.3725 2.5508 -7.5130 5.2691 -7.1669 4.6390 -7.2238 4.1535 154.3565 1.4171 -9.4762 2.2030 -8.1642 2.2069 53.5359 2.4300 30.6933 2.6557 108.8344 2.4537
3736 91.5349 2.4010 -7.8850 5.8020 -6.6524 5.5795 -8.8478 4.0616 157.4868 0.7415 -9.6739 2.2757 -8.2410 2.3292 56.9369 2.5454 30.0240 2.5529 105.0276 2.5738
3737 92.3896 2.4126 -8.4006 5.8146 -6.2506 5.8431 -9.8606 4.4476 160.1656 0.3671 -9.3284 2.5005 -8.1749 2.5388 60.8043 2.4003 29.5520 2.5652 101.4456 2.7026
3738 94.0266 2.3822 -8.5469 5.7529 -6.3680 5.9385 -10.3257 4.2717 162.3097 0.2396 -9.2145 2.7674 -8.1091 3.0878 64.1291 2.6187 28.8082 2.6683 97.8661 2.6199
3739 96.7477 2.2273 -7.9794 5.3065 -5.9326 5.4683 -10.6675 3.7742 164.3814 0.0958 -8.6708 2.7261 -7.9065 3.4807 67.7035 2.6917 28.2539 2.5601 94.9281 2.4059
3740 99.4989 2.4586 -6.5202 4.7899 -5.0197 4.9399 -10.7078 3.6843 165.8858 0.2868 -8.2006 2.4086 -7.5897 3.8109 71.3770 2.5051 27.4709 2.4427 92.5736 2.3376
3741 103.3086 2.4485 -5.0467 4.5990 -3.4232 4.8447 -10.7495 3.8791 167.2688 0.5602 -7.5227 1.8406 -7.0284 4.4509 75.0642 2.5224 26.9736 2.5081 90.4374 2.4680
3742 106.3525 2.3797 -2.8181 4.5261 -1.5483 4.6302 -10.3237 4.3836 168.7476 0.7846 -6.7554 0.9403 -6.5880 5.0779 78.4074 2.5000 26.0880 2.5486 89.1563 2.5500
3743 108.9848 2.3151 -0.3601 4.1691 0.2318 4.3325 -9.3140 4.8868 169.5254 1.2302 -6.2336 0.0772 -6.2874 5.0395 81.8469 2.6047 25.6853 2.5274 88.4799 2.5268
3744 110.8767 2.4619 2.1954 3.8414 1.4603 3.8250 -8.1772 5.3069 170.2916 2.0510 -5.7523 0.0190 -6.8187 4.8291 85.4262 2.5489 25.2041 2.5636 88.2870 2.5684
3745 111.9432 2.5112 5.1098 3.3757 2.2810 3.2652 -6.3981 5.1205 170.4635 3.2899 -5.2296 0.0107 -7.5999 4.9978 88.6881 2.3460 24.8261 2.5473 89.2921 2.5801
3746 112.5587 2.4945 7.8022 2.9680 2.5379 2.2150 -5.0429 4.7872 170.3067 4.4017 -4.9788 -0.0994 -8.3093 4.7985 91.2132 2.3965 23.6504 2.4125 91.1357 2.6386
3747 112.3510 2.5192 10.9105 2.5625 2.6888 1.8788 -4.0367 4.1451 170.5243 4.8747 -5.1221 -0.3292 -8.9989 4.0500 92.8979 2.4357 22.1322 2.5187 93.9411 2.6640
3748 111.2902 2.4509 14.3833 2.4114 2.1746 1.4776 -3.7914 3.4702 170.3694 4.8885 -5.5587 -0.4693 -9.0816 2.8289 94.0452 2.4756 20.4366 2.4612 97.0627 2.5819
3749 109.6901 2.4276 17.9281 2.6561 1.5983 1.5218 -3.9444 2.3577 169.6827 4.8065 -5.8077 -0.3784 -8.9588 1.8152 94.6235 2.5352 18.4451 2.4088 100.3077 2.5281
3750 107.2309 2.4983 21.4743 2.6053 0.5990 1.2442 -4.3864 1.7747 168.7110 4.6597 -6.3464 -0.7722 -8.1919 1.7886 94.4129 2.3873 17.3085 2.4977 103.0114 2.4947
3751 104.9393 2.4943 25.0090 2.4067 -0.9797 0.8823 -5.1550 1.0170 167.2568 4.6823 -7.3420 -1.0910 -7.4266 1.5197 93.2444 2.4654 16.8919 2.5993 104.7091 2.4745
3752 102.8239 2.5191 28.3836 2.3831 -2.5873 0.2142 -6.0636 1.1844 165.8492 4.6541 -8.1961 -0.9805 -5.7524 1.0653 91.4636 2.4213 17.0085 2.4917 106.1192 2.4328
3753 101.3955 2.4818 31.2460 2.3892 -4.1673 -0.1594 -6.8391 1.3281 164.0769 4.4237 -8.6106 -0.8121 -3.3321 0.7921 88.9232 2.4061 18.1948 2.5784 106.6479 2.4675
3754 100.8546 2.4245 33.6852 2.4513 -5.6817 -0.4314 -7.4784 1.6075 161.8446 4.0741 -8.7817 -0.6682 -0.5217 0.7463 85.5262 2.4323 19.8672 2.6936 106.6082 2.5958
3755 100.6684 2.5628 35.1703 2.5722 -6.6828 -0.8093 -8.0444 1.6368 159.8542 3.4716 -9.1244 -0.5459 2.6237 1.0767 81.6546 2.5024 21.7562 2.6979 105.6829 2.6672
3756 100.8447 2.5614 35.5735 2.4717 -7.4147 -1.0003 -8.6164 1.4051 158.0800 2.9293 -9.4442 -0.5390 5.6668 1.5305 78.0748 2.4055 23.5797 2.6141 103.9330 2.5821
3757 101.1932 2.5543 35.1969 2.4332 -7.4735 -0.9101 -9.0795 1.4987 155.7041 2.9101 -9.2777 -0.6195 8.6287 2.0483 74.7640 2.4958 25.1316 2.5559 101.8583 2.7050
3758 102.1494 2.5959 34.5458 2.4056 -7.5407 -0.8834 -9.4524 1.4746 153.1929 3.0531 -8.8305 -0.8105 12.2374 2.2876 71.3205 2.3773 25.9600 2.5868 99.1389 2.4959
3759 103.4560 2.6173 33.2034 2.4019 -7.7266 -0.8535 -9.4229 1.9747 150.1609 2.9614 -7.9664 -1.0713 15.8617 2.4969 67.7507 2.1579 26.0267 2.3946 96.2227 2.4261
3760 105.2263 2.4897 31.5607 2.3849 -7.9356 -0.7401 -8.9432 2.8374 148.0856 2.5214 -6.7027 -0.8553 19.5977 2.5109 64.2146 2.4471 25.1871 2.4780 93.8048 2.4352
3761 106.8979 2.4798 30.1284 2.3563 -7.6569 -0.7460 -8.4472 2.9129 146.4411 2.5470 -5.4976 -0.3736 23.2757 2.6188 61.0958 2.5709 23.7242 2.3880 92.5005 2.5577
3762 108.5900 2.4458 28.9743 2.4644 -7.4926 -0.8523 -8.1781 2.4049 145.4970 2.5383 -3.8514 -0.4796 26.8749 2.4935 58.3461 2.6085 21.2157 2.4109 91.6031 2.5101
3763 109.4358 2.4208 28.5326 2.5253 -7.3745 -1.0612 -8.3620 1.7493 145.2494 2.4949 -2.3669 -0.4399 30.1254 2.3794 56.8221 2.4889 18.3844 2.3516 91.8677 2.4625
3764 109.8147 2.4014 28.5576 2.5784 -7.1268 -1.0249 -8.3873 1.6250 145.6105 2.4912 -0.6045 -0.0685 33.4575 2.4046 55.6056 2.5566 15.6287 2.3774 92.6596 2.4225
3765 109.7095 2.4370 29.5790 2.6801 -6.9926 -1.0320 -8.4868 1.8201 146.7313 2.5335 1.2024 0.2654 36.5958 2.4213 55.2628 2.4689 13.5242 2.3693 94.4915 2.4345
3766 109.7824 2.5471 31.1982 2.6640 -6.9018 -0.8197 -8.3634 2.5289 148.6207 2.5088 3.8359 0.8645 39.3044 2.3698 55.8021 2.5417 11.9855 2.4416 97.0249 2.5826
3767 110.0729 2.4818 33.6180 2.5798 -7.1386 -0.6955 -7.8516 3.1314 151.3579 2.6746 7.3315 1.4245 41.4714 2.4673 56.3299 2.5289 11.4298 2.5526 100.2342 2.3797
3768 109.6127 2.4338 36.6814 2.4869 -7.5926 -0.9465 -6.7668 3.4104 154.5691 2.8594 10.7902 1.9642 42.7609 2.6351 57.0904 2.6143 11.5997 2.4860 103.3939 2.4445
3769 108.6018 2.4818 40.0360 2.3992 -8.0435 -1.2642 -6.0568 3.1729 157.7729 2.9162 14.4667 2.1261 43.1082 2.4968 57.6888 2.5249 12.4814 2.5436 106.6084 2.4740
3770 106.9756 2.5153 43.7461 2.4398 -8.6087 -1.0578 -5.3670 2.9921 160.9224 2.7862 17.8785 2.4486 42.5561 2.5214 58.6673 2.6987 14.1552 2.4921 108.7956 2.6133
3771 104.4316 2.7066 47.2471 2.6421 -9.1180 -0.9334 -4.7646 2.6665 163.6075 2.2937 21.3468 2.4122 41.5875 2.5996 59.7906 2.4986 15.9632 2.5365 110.1682 2.5696
3772 101.6127 2.6560 50.7925 2.5246 -8.6934 -0.8298 -4.1848 2.4947 165.6122 1.6672 25.0140 2.5153 39.4511 2.4742 61.0203 2.5599 17.7374 2.5201 110.8096 2.4544
3773 98.2689 2.7134 53.8119 2.4937 -7.9570 -0.8700 -3.8441 2.8602 167.3109 1.6081 28.5182 2.5269 36.8161 2.4892 62.2471 2.4905 19.1479 2.5775 110.5057 2.5458
3774 94.9259 2.7112 56.2415 2.5643 -6.9356 -0.8698 -3.4057 3.0417 168.1794 1.3048 30.8483 2.4829 33.3238 2.5503 63.4545 2.4135 19.7052 2.6559 109.5099 2.5195
3775 91.6431 2.7621 57.4328 2.5907 -6.1535 -0.6481 -3.2926 3.0806 168.4060 1.2479 32.8330 2.5626 29.9702 2.5149 64.0827 2.5598 19.5316 2.5596 107.8019 2.4688
3776 88.0984 2.5016 58.1925 2.5581 -5.3716 -0.1826 -3.4404 2.9452 168.3413 1.1388 34.1817 2.4745 26.3305 2.5698 64.8644 2.4590 18.8029 2.5335 105.2836 2.5714
3777 84.6525 2.5213 58.4412 2.5359 -5.1960 0.8110 -3.8461 3.1222 167.9132 0.7473 35.0556 2.5086 22.9206 2.4514 65.9435 2.5716 17.2637 2.5637 102.8130 2.6557
3778 81.8850 2.5067 57.7306 2.5789 -5.1395 2.0515 -4.2301 3.5890 167.1916 0.3443 34.9095 2.6358 18.8844 2.5150 68.1331 2.5641 14.7993 2.6509 100.2776 2.6298
3779 79.8140 2.6876 56.4389 2.5658 -5.0399 3.0153 -4.5368 4.2980 166.1511 0.5473 34.0793 2.6498 15.3125 2.7751 70.9781 2.4911 11.8103 2.9434 98.4787 2.6790
3780 78.0275 2.5758 54.7379 2.6214 -4.5516 3.5891 -4.2160 4.6414 165.3187 0.9014 32.9144 2.6729 11.8987 2.8371 74.3047 2.4927 8.0919 3.1626 97.6703 2.4356
3781 76.8887 2.4899 53.0202 2.6383 -4.0724 4.2644 -4.2754 4.7437 164.9093 1.6646 31.4666 2.5769 8.5979 3.5189 77.6934 2.5323 5.1266 3.6346 97.3963 2.5840
3782 75.8272 2.5360 51.1739 2.5447 -4.0568 4.6696 -4.4768 4.8939 164.9341 2.5924 30.0944 2.6373 5.6227 3.9584 81.5196 2.5636 2.2190 4.4181 97.9394 2.5651
3783 74.8866 2.5159 49.9985 2.5240 -3.9039 4.8924 -4.7757 5.2727 165.6187 3.3304 29.0752 2.5082 2.7282 4.3878 85.1546 2.7668 -0.2993 5.1168 99.0029 2.4938
3784 73.8190 2.4972 49.7571 2.5504 -3.9086 5.0485 -4.7595 5.5128 166.8314 4.0931 28.6183 2.5097 0.5329 4.7869 88.3840 2.5716 -2.3191 5.5212 101.2966 2.5012
3785 72.9514 2.3841 49.5823 2.5423 -3.6489 5.0350 -4.5527 5.5849 168.0696 4.0779 28.8832 2.4142 -0.9183 4.7990 90.9052 2.6276 -3.3056 5.7150 103.0252 2.4439
3786 72.1366 2.4228 49.6397 2.5163 -3.6048 4.6928 -4.7173 5.9891 168.8244 3.9632 29.7069 2.5364 -1.5992 4.7890 92.9048 2.5486 -4.4527 5.9446 105.0463 2.4632
3787 70.6358 2.4890 50.0687 2.5550 -3.3413 4.5705 -4.8651 6.0678 169.2762 3.5051 31.3494 2.3695 -1.5111 4.8748 94.2290 2.5296 -5.0566 6.1690 106.7496 2.4305
3788 68.6296 2.4980 50.2691 2.4770 -2.7876 4.4132 -5.1270 5.9897 169.8619 3.5246 33.3570 2.3657 -0.8533 4.8297 94.6557 2.4645 -5.9716 6.5482 107.4970 2.4560
3789 66.6074 2.5158 50.4288 2.4614 -2.5206 4.1510 -5.5577 5.6269 170.0167 3.7886 34.8701 2.4701 0.4710 4.6160 94.1317 2.4152 -7.1544 7.0543 107.7598 2.4289
3790 63.7960 2.3976 49.9071 2.5442 -2.4467 3.6577 -5.9804 5.2731 169.8521 3.3934 35.8707 2.5380 1.8543 4.3995 92.6350 2.4761 -7.4002 7.2522 107.0425 2.4293
3791 61.8033 2.4844 49.0032 2.6058 -2.9157 3.4821 -6.3034 4.9773 169.4066 3.0209 36.2858 2.5172 3.6588 3.9397 90.6697 2.4972 -7.2752 7.0588 105.7733 2.3935
3792 60.6279 2.3971 47.0227 2.4831 -3.4485 3.5080 -5.8943 4.8463 168.5942 2.5971 35.8497 2.4559 4.9146 3.2766 88.1927 2.4619 -6.3949 6.8332 103.5552 2.4407
3793 59.7893 2.5538 44.3847 2.4637 -3.9139 3.6584 -5.3237 4.7498 168.2118 2.1097 34.9498 2.4651 5.3768 2.7949 85.3400 2.4547 -5.8722 6.2580 100.9146 2.4656
3794 59.7830 2.5368 40.9683 2.6411 -4.2863 4.2228 -4.3136 4.2405 167.4264 2.4480 33.1156 2.4794 5.0314 2.5943 83.5647 2.3645 -5.7473 6.0008 98.0932 2.2759
3795 60.7150 2.5717 37.4710 2.4340 -4.4690 4.9218 -3.4120 3.8047 166.8002 2.8793 30.6790 2.5739 4.4303 2.8299 82.1437 2.5586 -5.8370 5.8691 96.2425 2.4392
3796 62.0319 2.7469 33.5804 2.3126 -3.7421 4.5640 -1.7694 3.1338 166.6983 3.3852 27.6167 2.4341 3.2318 3.5726 81.5311 2.5904 -5.8962 6.0792 94.8583 2.4741
3797 64.4391 2.6121 29.8925 2.3006 -3.1414 4.4256 0.7582 2.7426 166.5207 3.0312 24.8660 2.6961 2.1832 4.0150 81.4741 2.4690 -5.8703 6.2893 94.1913 2.5369
3798 67.7310 2.6157 26.4449 2.2561 -1.9988 3.9506 3.7205 2.4528 166.3973 2.0267 22.7628 2.6024 0.5318 4.0898 81.9239 2.5215 -5.8704 6.2902 94.1273 2.4339
3799 71.2305 2.5793 22.7684 2.5355 -0.7396 3.3241 6.9053 2.0056 166.0558 1.2958 21.3572 2.5309 -0.6280 4.1425 82.0099 2.5430 -5.8447 5.9564 95.0604 2.4232
3800 75.0294 2.6427 19.1481 2.4780 0.9397 3.3448 9.3763 2.0893 165.6837 0.8640 20.6551 2.5200 -1.3562 4.2045 82.3872 2.5828 -6.6477 5.5558 96.6340 2.4383
3801 78.3179 2.3974 15.3217 2.4468 3.2490 3.3066 11.1992 2.3839 165.2514 0.7849 20.9338 2.4489 -1.0189 4.4215 82.3003 2.5067 -7.5847 5.0630 98.8922 2.2597
3802 81.7328 2.4312 11.8907 2.5326 5.4185 3.1909 13.1269 2.5374 164.4252 1.2231 21.8944 2.5678 -0.1186 4.3702 82.1023 2.4996 -8.2994 5.3594 101.8889 2.4838
3803 85.5962 2.4774 8.4212 2.3575 7.0821 3.0442 14.9870 2.4450 163.1327 1.2943 23.7972 2.4350 1.7036 4.2874 81.0962 2.4780 -8.4286 5.8876 105.5404 2.4953
3804 89.3689 2.4415 5.0782 2.1911 7.9998 2.8545 16.7828 2.4341 161.1838 1.2372 25.7356 2.3836 4.5153 3.9651 79.3648 2.3925 -7.8358 6.4468 109.2931 2.5285
3805 92.5611 2.5920 1.4624 2.4034 8.4879 2.5818 18.3601 2.5003 158.8105 1.1246 27.6127 2.4062 7.4238 3.4466 77.2626 2.4638 -7.4801 6.0738 112.7650 2.5006
3806 95.3455 2.4434 -1.7779 2.4783 7.9437 2.4297 19.7965 2.4883 156.0462 1.4348 28.9530 2.4078 10.4814 3.0275 74.7791 2.4172 -7.4712 6.0639 115.9851 2.5523
3807 97.2968 2.4376 -4.3772 2.3422 7.0325 2.3615 20.5907 2.4848 153.3630 1.8235 29.5886 2.5210 13.2063 2.6130 72.5994 2.4005 -7.3409 5.4979 119.2620 2.6037
3808 98.8717 2.4290 -6.4538 1.6752 5.6060 1.9201 21.1820 2.5243 151.0824 2.2962 29.4296 2.5376 15.6436 2.4678 71.0798 2.6158 -6.8101 4.4803 122.3488 2.5800
3809 99.5819 2.4146 -7.8252 1.3281 4.3248 1.7178 21.4785 2.5138 149.1349 2.4267 28.4937 2.4707 17.8135 2.5968 70.5620 2.5567 -6.2674 3.5674 124.9863 2.4812
3810 99.4149 2.5370 -8.4001 0.8207 2.4173 1.6832 21.8473 2.5063 147.2863 2.4137 27.0075 2.5582 18.8413 2.5143 70.4256 2.5082 -5.5988 2.8368 127.0249 2.4070
3811 98.5333 2.5699 -8.6095 0.8495 0.4328 1.2982 22.9423 2.5709 145.1465 2.3235 24.9330 2.6943 19.2696 2.5252 70.9445 2.5569 -4.6674 2.1207 128.2267 2.5662
3812 97.3403 2.5737 -8.1165 0.9058 -1.2659 0.8878 23.6944 2.5137 143.1643 2.3315 22.8161 2.6087 18.6456 2.4797 72.0588 2.5581 -4.6025 0.9888 128.7176 2.4902
3813 96.3250 2.6184 -7.5325 1.2551 -2.9011 0.5637 24.7703 2.5033 141.4039 2.5143 21.4336 2.6284 17.4166 2.4022 74.2945 2.6325 -4.8857 0.2144 128.2934 2.4738
3814 95.6647 2.5530 -6.7518 1.6589 -3.9942 0.2201 25.6316 2.5483 139.3654 2.6585 20.4897 2.5666 15.4463 2.4327 77.1232 2.4703 -5.6126 -0.4182 127.2622 2.6342
3815 95.2617 2.4798 -5.8353 1.7824 -4.3068 -0.3003 26.4772 2.6855 137.2206 2.6430 20.4528 2.5017 12.6678 2.6090 80.6821 2.3777 -6.3916 -0.4192 125.1437 2.5090
3816 95.1675 2.4474 -4.9240 2.0124 -4.2996 -0.3753 27.4224 2.6328 135.0775 2.5542 21.0314 2.5315 9.7363 3.1338 84.5912 2.4472 -6.9717 -0.1280 122.4400 2.5542
3817 95.9550 2.4784 -3.7124 2.4579 -3.8430 -0.3877 29.2538 2.6349 132.7395 2.5491 22.4339 2.4212 6.5072 3.8956 88.3813 2.7303 -7.6038 0.6970 119.0496 2.6536
3818 97.3902 2.4579 -1.9952 2.7921 -3.1170 0.0838 31.9753 2.6326 130.4992 2.4906 24.5774 2.3960 4.0166 4.2270 92.1583 2.7843 -8.2664 1.9720 115.6072 2.4490
3819 99.6807 2.4941 -0.6453 3.3892 -2.0009 0.3861 35.2904 2.5747 128.4385 2.3925 27.4034 2.2027 1.9161 4.1751 95.8184 2.7483 -8.8215 2.9250 111.9361 2.3186
3820 102.2588 2.3648 1.1193 3.6478 -0.8092 0.6964 39.0404 2.5737 127.0415 2.5976 30.9262 2.4952 0.3222 4.3110 99.5750 2.7418 -8.9993 3.6009 108.5008 2.3837
3821 105.3953 2.4507 3.3628 3.6829 0.9114 0.9909 42.8255 2.7848 126.5610 2.5248 33.7440 2.6845 -0.2417 4.2756 103.2176 2.6519 -9.2881 4.3388 105.5410 2.3879
3822 108.8568 2.6178 5.8180 3.6278 2.7913 1.6329 46.5881 2.6110 126.9381 2.5461 35.8682 2.5563 -0.0816 4.2834 106.8150 2.6632 -9.8052 5.2310 103.0645 2.5768
3823 111.9712 2.5237 8.7707 3.2998 4.4697 1.9545 49.9656 2.7462 127.4998 2.5096 37.5003 2.5827 0.9513 4.4069 110.2244 2.6188 -9.6520 5.8582 100.8473 2.4009
3824 114.4214 2.6743 11.7786 2.7888 5.4350 1.9826 53.7529 2.6194 128.3600 2.6384 38.2305 2.4947 2.7720 4.2037 113.8852 2.4061 -9.6356 6.0841 98.7032 2.4558
3825 116.5322 2.6041 14.3739 2.5247 6.2389 2.3557 57.2242 2.4984 129.5466 2.5250 38.0430 2.4744 5.2054 4.0286 116.7976 2.3461 -9.9238 5.7807 96.6808 2.4315
3826 117.8263 2.6546 16.6746 2.5501 6.9397 2.6469 60.6591 2.3220 130.9426 2.4329 36.9527 2.4271 7.5833 3.5150 119.3195 2.5631 -10.2927 5.1931 94.5182 2.5463
3827 118.9825 2.5638 18.3136 2.4201 7.6942 2.5277 64.0723 2.3515 131.9339 2.5816 35.2201 2.4239 9.7620 3.0124 121.1952 2.3956 -10.1522 4.4333 92.5521 2.4773
3828 120.0315 2.5502 19.7265 2.5302 8.3245 2.4942 67.4114 2.5131 132.1869 2.4537 32.9438 2.3646 11.1136 2.7686 121.9977 2.6252 -9.8242 3.9686 90.9400 2.4624
3829 120.9584 2.4837 21.3055 2.4779 9.4699 2.4676 70.5456 2.5386 131.4041 2.4348 30.6644 2.3399 11.8431 2.5674 121.8871 2.4307 -9.6259 4.2932 89.8925 2.4746
3830 121.9656 2.4932 22.9727 2.5332 10.3238 2.3944 72.9316 2.6171 130.2735 2.4200 28.4705 2.4527 12.0291 2.5174 121.1884 2.5152 -9.6043 5.1884 89.3498 2.4947
3831 122.7605 2.4173 24.5728 2.4590 11.1764 2.4132 74.4079 2.5530 128.1661 2.5095 26.8435 2.3615 11.3659 2.5317 119.7646 2.4365 -9.6667 5.4461 89.2512 2.4576
3832 123.4580 2.4754 25.6415 2.4079 12.5667 2.6391 75.0672 2.4592 125.4780 2.5117 26.0152 2.3487 9.8004 2.5915 117.6308 2.5280 -9.3402 5.7487 88.9215 2.3584
3833 125.0332 2.5880 26.0628 2.4585 14.8018 2.6074 75.0298 2.5040 121.9924 2.4131 25.8413 2.4619 7.6455 2.7177 114.7126 2.4860 -9.1127 5.5094 88.1104 2.5031
3834 127.3690 2.7635 26.1860 2.5011 17.6609 2.4393 74.5860 2.6022 118.3597 2.4355 26.5677 2.5571 5.0361 2.8775 111.1764 2.3561 -8.3751 5.0422 87.3350 2.4790
3835 130.2299 2.5996 26.9519 2.3820 20.4848 2.7391 73.9973 2.6091 114.8728 2.5886 27.8239 2.5123 2.5413 2.7207 107.8450 2.6288 -7.2855 4.6014 86.4770 2.5236
3836 133.3836 2.5873 28.2677 2.5342 23.0954 2.5770 73.3470 2.5500 111.3930 2.3570 29.5965 2.3417 0.2785 2.9744 105.2559 2.4699 -6.5511 4.1193 85.6558 2.5869
3837 136.0537 2.3878 29.6798 2.4798 25.2186 2.4384 72.1507 2.5840 107.5698 2.5950 32.5121 2.3330 -1.7148 2.9640 102.9569 2.4280 -5.5742 3.6579 84.9287 2.5124
3838 137.9219 2.5262 31.2838 2.4847 26.2912 2.5613 71.0736 2.4839 103.9159 2.5743 35.5094 2.4269 -3.2854 2.8780 101.5265 2.4459 -4.6980 3.3070 84.3110 2.5249
3839 139.4401 2.6445 32.0605 2.4787 26.4476 2.4518 70.2883 2.4530 100.4088 2.5856 38.0200 2.5759 -4.1242 2.7004 100.6959 2.3948 -4.6893 2.3388 83.7353 2.4278
3840 140.1154 2.4751 32.7815 2.4983 25.4583 2.4450 69.4137 2.4702 96.7633 2.5210 39.9513 2.4483 -4.7534 2.4503 100.3281 2.5442 -4.8456 1.3947 82.6734 2.5785
3841 139.8502 2.6114 32.6258 2.5696 24.4672 2.4098 68.5346 2.4637 93.2271 2.3816 40.8766 2.4355 -5.0284 2.0090 100.9617 2.5558 -5.3099 0.4346 81.9766 2.6360
3842 139.0650 2.6107 32.3478 2.5129 23.1530 2.3620 67.9280 2.5314 90.1495 2.3414 40.9226 2.4904 -5.1082 1.5008 101.6952 2.5735 -5.5615 0.0957 80.9120 2.6360
3843 137.7135 2.5733 32.1139 2.4726 21.5633 2.3621 67.5342 2.5826 88.0519 2.4636 40.4321 2.4446 -4.7420 0.9759 102.9878 2.6673 -5.7205 -0.2689 79.8624 2.6129
3844 135.7853 2.5980 31.5701 2.5466 20.1176 2.4913 66.8443 2.5148 86.2557 2.3754 39.1229 2.6053 -4.4060 0.8346 104.0485 2.6511 -6.0348 -0.3200 78.6617 2.5778
3845 133.2704 2.5957 30.5376 2.5055 19.5226 2.5023 65.3393 2.5061 85.6269 2.4142 37.1310 2.5946 -5.2778 0.5522 104.8374 2.6352 -6.5098 -0.4624 77.6762 2.5229
3846 130.4516 2.4392 28.6689 2.5909 19.6843 2.5591 63.2236 2.5291 85.4716 2.4876 35.1864 2.4808 -6.1334 -0.0343 104.9938 2.4675 -6.8675 -0.4557 76.8058 2.4796
3847 128.3564 2.4845 25.6685 2.6495 20.3244 2.6656 60.4524 2.5091 86.2339 2.4134 32.7865 2.5442 -6.6463 -0.2228 104.7704 2.4197 -6.8426 -0.2216 75.7692 2.4952
3848 127.1055 2.5028 22.5432 2.6106 21.6097 2.5862 57.2107 2.3991 87.3590 2.4527 30.9816 2.6034 -7.1954 -0.2499 103.9238 2.3682 -6.7848 -0.1360 74.7422 2.4129
3849 126.3030 2.4913 18.8975 2.4018 23.1860 2.6095 54.5727 2.4740 89.2973 2.4686 29.8207 2.4392 -7.8081 -0.0745 101.6437 2.3362 -6.5777 -0.1786 73.1263 2.5957
3850 125.7959 2.4608 15.1518 2.5735 24.5129 2.6257 52.1944 2.4908 92.1207 2.5489 29.6220 2.5181 -8.0971 -0.2221 98.9219 2.4186 -6.5767 -0.5613 71.3419 2.4438
3851 125.3950 2.5902 12.0928 2.5800 25.7344 2.5137 50.6666 2.5102 95.7136 2.4987 30.0445 2.4867 -8.0836 -0.4009 95.5847 2.2862 -7.2939 -0.8448 69.5896 2.5143
3852 125.0075 2.5289 10.1816 2.4977 26.4384 2.5630 49.9394 2.4655 98.7228 2.4748 31.4151 2.6553 -7.7437 -0.4442 92.0317 2.5352 -7.9986 -0.7209 68.1477 2.4877
3853 124.5155 2.4913 8.9952 2.4304 26.1166 2.4478 49.0231 2.5036 101.2070 2.5140 33.3891 2.5821 -7.9314 -0.5419 88.4781 2.5620 -8.4094 -0.0072 67.1944 2.5406
3854 123.7732 2.4976 8.2135 2.5629 24.6027 2.4306 48.7059 2.4228 102.7839 2.5712 36.2220 2.4995 -8.2520 -0.4690 85.6284 2.5316 -8.4092 0.9661 66.0829 2.4077
3855 123.5896 2.4854 8.2178 2.5987 22.6664 2.4891 48.9979 2.4864 103.7931 2.5119 39.7342 2.5121 -8.2562 -0.4164 83.3266 2.5672 -8.4962 2.1834 64.9553 2.4674
3856 123.3547 2.4905 9.2072 2.6034 20.1022 2.4077 49.6227 2.6354 103.6984 2.5336 43.2891 2.6091 -7.9190 -0.2293 81.6888 2.4488 -8.4497 2.8738 63.7997 2.5039
3857 123.0829 2.4564 10.5921 2.6302 17.0895 2.3551 51.5580 2.5746 102.8066 2.5373 46.7929 2.6313 -7.8634 0.1205 80.8665 2.5080 -8.3255 3.2608 62.5977 2.4403
3858 122.8492 2.4899 12.0002 2.5736 13.7850 2.4983 53.5891 2.4939 101.3876 2.4433 49.4604 2.5841 -7.8015 -0.0695 81.0940 2.4136 -7.9959 3.4999 61.6417 2.4857
3859 122.5430 2.4468 12.9313 2.5354 10.6021 2.5761 56.0553 2.4867 99.2849 2.3863 51.0690 2.5780 -7.7678 -0.2133 82.2314 2.3476 -7.4523 3.1494 60.7181 2.4391
3860 123.1286 2.5520 13.9479 2.5423 8.3093 2.6274 58.6743 2.3826 96.3722 2.4972 52.3261 2.5304 -7.7878 0.1580 83.9449 2.4141 -6.6528 2.8818 58.9524 2.4683
3861 124.2928 2.4819 14.2162 2.5452 6.4960 2.5153 61.3224 2.2945 93.0302 2.5997 52.6449 2.5082 -8.1192 0.6057 86.4337 2.4198 -5.5262 2.5363 56.2859 2.2921
3862 126.3834 2.6196 13.5484 2.5048 5.6864 2.5593 64.0632 2.3514 89.5578 2.6531 52.4974 2.4638 -9.2954 1.4248 89.7012 2.3935 -4.3718 2.1277 53.1006 2.4019
3863 128.8818 2.5842 12.5374 2.6567 5.7741 2.5627 66.9209 2.5066 85.9558 2.5308 51.4549 2.4663 -10.0779 1.7449 93.5098 2.4247 -3.5539 1.5403 49.4661 2.5234
3864 131.8558 2.6094 10.6986 2.8841 6.4427 2.6142 70.0867 2.5537 82.3149 2.5199 49.5670 2.3816 -10.5123 1.9744 96.9976 2.5361 -3.1902 1.0754 46.3403 2.4888
3865 135.5136 2.4311 8.0362 2.8769 8.0027 2.6329 73.8007 2.5455 78.5666 2.4929 47.6300 2.4636 -10.4533 1.6873 100.3422 2.4277 -3.1611 0.3810 43.6608 2.6314
3866 138.9408 2.3389 4.6182 2.7644 9.9270 2.5708 77.3676 2.5485 75.1633 2.3899 45.8495 2.3793 -9.7227 1.3012 103.9619 2.4951 -3.4107 -0.0123 41.5459 2.5216
3867 142.4194 2.3574 1.0507 2.8338 12.3627 2.7616 80.7762 2.6096 71.6641 2.5605 44.3185 2.4051 -8.9076 0.9231 107.5889 2.5867 -3.5802 -0.1201 40.4424 2.4802
3868 145.7096 2.4355 -1.8283 3.0630 14.4074 2.7206 84.4265 2.5270 68.4396 2.3963 43.7127 2.5035 -8.3291 1.0772 111.1501 2.6229 -3.6182 -0.2897 39.8281 2.5280
3869 148.2724 2.3669 -4.1576 3.5367 16.1912 2.5473 87.8144 2.5373 64.7948 2.8625 43.3862 2.4175 -8.1506 1.2161 114.5894 2.5327 -4.1355 0.0849 40.2641 2.5796
3870 150.4578 2.4328 -5.8221 3.9088 16.9525 2.6044 91.1309 2.4392 61.6227 2.5867 43.8486 2.5388 -7.6135 0.7587 117.1475 2.3997 -4.5550 -0.1301 41.2928 2.6596
3871 151.7568 2.5013 -7.2479 4.3674 17.0064 2.4185 93.7225 2.5235 57.8870 2.4513 44.7044 2.4358 -6.7661 0.3485 119.1549 2.4913 -5.5675 -0.5349 43.0760 2.6524
3872 152.3652 2.5258 -8.4438 4.0338 16.1638 2.4911 95.6094 2.5500 54.8391 2.4763 45.5923 2.4471 -5.3585 0.5640 120.6346 2.5642 -6.9151 -0.6925 45.4819 2.6065
3873 152.2538 2.4533 -9.3533 3.8424 14.5629 2.3287 97.3119 2.4946 52.4940 2.4419 46.5475 2.3858 -3.7135 0.8769 121.5766 2.4610 -7.9271 -1.0151 48.7048 2.5081
3874 151.1225 2.3678 -9.9655 3.8471 12.3519 2.1632 98.1823 2.5993 51.1143 2.3628 47.8510 2.5119 -2.0363 1.5054 122.6646 2.5338 -8.9685 -1.3145 52.5081 2.3938
3875 149.5729 2.4129 -9.8625 4.1954 9.4928 2.3809 98.6882 2.6015 49.7700 2.4922 48.8382 2.4741 -0.4893 2.0849 123.6377 2.4436 -9.6166 -0.9768 56.4494 2.6598
3876 147.0442 2.3070 -9.5482 4.3815 5.9498 2.8402 99.4138 2.4843 49.7937 2.4758 50.1186 2.5532 1.1160 2.3309 124.3892 2.4976 -9.7321 -0.4834 59.8074 2.5310
3877 144.1134 2.3913 -8.8705 4.5693 2.4947 3.3810 99.8324 2.4734 50.3961 2.4410 50.9107 2.4128 2.3315 2.5363 125.1545 2.4921 -9.7938 -0.0833 63.6795 2.4317
3878 141.1333 2.4110 -7.9593 4.5123 -0.5695 3.6454 99.7225 2.5116 51.4533 2.3777 51.7514 2.3557 2.8784 2.7382 125.3417 2.4247 -9.4539 -0.4807 67.3764 2.4783
3879 138.6230 2.3812 -7.8054 4.6300 -3.1980 3.4793 99.7836 2.5141 52.7961 2.4188 52.6628 2.4097 3.2752 2.4653 125.1301 2.5847 -9.3257 -0.7748 70.6092 2.5001
3880 136.8094 2.4745 -7.8978 4.9353 -5.6032 3.1106 100.2171 2.4990 54.2584 2.4610 53.5302 2.3893 3.2429 2.3481 124.8770 2.6107 -9.1171 -0.1790 74.1461 2.5518
3881 135.3877 2.5382 -8.2229 5.1745 -7.3621 3.1182 101.2050 2.6399 55.3978 2.4174 55.2876 2.5345 3.3434 2.5488 124.8100 2.5354 -8.8229 0.8920 77.6262 2.5304
3882 134.1200 2.4373 -8.4011 5.5030 -8.3863 2.7621 102.7881 2.5968 55.8268 2.4226 57.6897 2.6827 2.7434 2.6498 124.5838 2.4916 -8.6015 1.7671 80.3318 2.5058
3883 132.4715 2.4586 -7.8649 5.8854 -9.1735 2.4375 105.1530 2.6021 55.5931 2.5536 60.8101 2.8362 2.2727 2.5617 123.5832 2.3748 -8.4359 2.5196 82.7295 2.6288
3884 131.4996 2.4338 -7.7660 6.0633 -9.5704 1.4810 108.0682 2.3580 54.6424 2.4078 64.4716 2.6754 1.3749 2.4637 121.9561 2.5197 -7.9810 3.3222 84.5272 2.5695
3885 130.9662 2.4678 -7.4250 6.1177 -9.6507 0.7564 111.8134 2.3893 52.6896 2.3284 68.2245 2.4820 -0.2527 2.5037 120.0582 2.5947 -7.3695 3.9106 85.7309 2.5650
3886 131.3064 2.3766 -7.1710 6.1219 -9.1265 -0.1849 115.3386 2.5230 50.4391 2.3902 71.5858 2.6735 -1.2582 2.0053 118.2164 2.5515 -6.3817 3.7382 85.8809 2.4866
3887 132.5454 2.4196 -8.0172 5.8874 -8.6019 -0.9882 118.9192 2.3871 47.7002 2.5514 75.2680 2.4959 -2.0846 1.6376 116.7936 2.6837 -5.4485 4.0176 85.4411 2.4778
3888 133.9137 2.5084 -8.8309 4.8726 -8.0690 -1.4092 122.1529 2.2620 45.4182 2.3809 78.8052 2.2531 -2.8353 1.5347 115.8556 2.5501 -4.4901 4.5181 84.4152 2.4078
3889 134.8066 2.4333 -9.2580 3.6608 -7.9140 -1.5201 124.7146 2.5466 44.1474 2.4736 82.3280 2.5891 -2.6283 1.4871 115.4803 2.4865 -2.8121 4.6659 83.6255 2.4286
3890 135.0871 2.4961 -9.2686 2.3679 -8.2407 -1.3265 126.8857 2.5047 43.3562 2.4472 85.4594 2.2936 -2.5077 2.0274 115.8374 2.5154 -0.9208 4.6276 83.1018 2.4493
3891 135.2033 2.4808 -8.3397 1.5942 -8.4133 -1.0949 127.9030 2.5486 43.4448 2.5405 88.1827 2.4113 -2.7432 2.8078 117.1853 2.4956 1.7943 4.1432 81.8053 2.4895
3892 135.4463 2.5545 -7.2363 1.0824 -8.3827 -0.5390 128.0699 2.4352 44.2969 2.5608 90.2548 2.4582 -3.3825 3.6449 119.2720 2.4865 4.8785 3.8027 81.7532 2.5157
3893 136.2944 2.5035 -6.3110 0.8623 -7.9485 -0.1608 127.8843 2.5143 45.9190 2.4916 91.6395 2.5161 -4.3991 3.9583 121.3646 2.4853 8.2174 3.0392 82.3220 2.5658
3894 137.3371 2.4712 -5.2243 0.6026 -7.5291 0.2253 126.5168 2.3477 48.3671 2.5460 92.4254 2.5706 -4.9994 4.1640 123.4898 2.5088 11.1510 2.7327 83.7546 2.6394
3895 138.6469 2.4433 -3.8234 0.5395 -7.2849 0.5904 124.4388 2.4066 51.3208 2.6476 93.3122 2.5438 -5.2652 4.8149 125.2919 2.5136 13.9675 2.5799 85.4872 2.6512
3896 139.8754 2.4714 -1.7501 0.5541 -6.6266 1.1801 122.0323 2.4783 54.9113 2.6637 94.1932 2.4539 -5.2546 5.3796 126.2361 2.5351 15.9272 2.5530 87.5121 2.6220
3897 140.9681 2.4852 1.1194 0.7038 -5.6971 1.5067 118.5141 2.7184 58.6488 2.7288 95.1737 2.4916 -5.2799 5.8009 126.5823 2.4856 17.5859 2.4582 89.2123 2.6694
3898 142.0499 2.5753 4.0862 1.0637 -4.6288 1.6284 114.9792 2.5496 62.4118 2.6410 95.9095 2.5758 -5.0938 5.5617 125.8678 2.5709 18.4759 2.4606 90.0651 2.5424
3899 143.5555 2.5477 7.3576 1.3840 -3.6751 1.4049 111.2409 2.6264 65.9373 2.5998 96.8810 2.5804 -4.6049 5.3678 124.5506 2.5574 18.2822 2.5079 90.3110 2.4725
3900 145.8515 2.5278 10.4120 2.0882 -2.8731 1.3035 107.4839 2.3965 68.7791 2.5891 97.8833 2.5539 -3.5251 5.3227 122.8884 2.6472 17.6481 2.4959 90.0874 2.6283
3901 148.8021 2.3930 13.2300 2.4477 -2.4895 1.4295 103.6736 2.4930 70.4567 2.5145 99.7196 2.4613 -2.2856 4.8961 121.3945 2.6808 16.3056 2.5905 89.0754 2.7155
3902 152.1701 2.0189 15.1428 2.6319 -1.9395 1.4611 100.0929 2.4203 71.7058 2.4411 101.8093 2.4955 -0.7731 4.6943 120.0312 2.6806 14.9676 2.6132 87.2775 2.6764
3903 155.3189 1.7081 16.5676 2.5191 -2.0304 1.1914 97.0844 2.5330 72.2723 2.4719 103.7508 2.5679 0.4212 4.3584 119.2657 2.5726 14.1049 2.5835 84.6579 2.5908
3904 158.0409 0.9556 17.1488 2.5251 -2.3948 0.7035 94.5623 2.4012 71.9086 2.5600 105.1984 2.3920 1.1620 3.6527 119.1932 2.5920 13.2953 2.6334 81.3791 2.5499
3905 160.8856 0.5826 17.0164 2.5695 -3.1578 0.2234 92.6843 2.4915 70.9918 2.5719 105.7963 2.4320 1.5991 2.9294 119.5819 2.5442 12.8274 2.4638 77.7076 2.4626
3906 163.9335 0.4819 15.7059 2.6202 -4.0645 0.1084 91.3969 2.5013 69.4322 2.6144 105.6258 2.5445 1.9089 2.2954 120.7207 2.4863 13.0337 2.3992 73.8775 2.5820
3907 166.0626 0.7073 14.0511 2.5324 -5.0920 0.4270 90.6135 2.3952 67.0249 2.6191 104.9446 2.6348 1.7952 2.0245 122.8915 2.4358 14.0471 2.5028 70.1420 2.5375
3908 167.6479 1.2874 11.6245 2.8069 -5.4690 1.3759 89.7877 2.4653 63.4963 2.4948 103.2787 2.7009 1.1702 1.7956 125.2037 2.3394 16.3183 2.3587 66.6134 2.5638
3909 168.7229 1.7556 8.9592 3.2403 -5.7104 2.0640 89.7129 2.4575 59.9404 2.5587 101.0601 2.6469 0.2547 1.7584 127.2414 2.4446 18.9264 2.3002 63.0260 2.4674
3910 169.2226 2.1950 5.6792 3.8806 -6.4232 2.7115 89.7272 2.5391 56.3782 2.4196 97.9792 2.6831 -1.2029 1.6619 128.8447 2.3767 22.3421 2.3318 59.8837 2.4699
3911 169.6725 3.0531 2.5348 4.3630 -7.3113 3.3200 89.4984 2.5578 52.9752 2.3377 94.4600 2.5167 -2.7283 1.3911 129.7328 2.4338 26.0057 2.1868 57.3730 2.6542
3912 170.4406 3.7134 -0.3636 4.7658 -8.2012 3.7631 89.5209 2.5509 50.1873 2.4203 91.1497 2.5977 -3.7324 1.8613 129.5691 2.5574 29.6001 2.1691 55.7715 2.7221
3913 170.8477 4.2397 -3.1515 4.8080 -8.4847 4.5221 89.7674 2.4328 48.3591 2.5920 88.5401 2.5429 -4.5966 2.7351 128.9487 2.5781 33.0821 2.1936 54.5613 2.5158
3914 171.1339 4.5424 -5.2127 5.2721 -8.2373 5.1818 89.8685 2.4500 47.0166 2.5341 86.5810 2.4941 -5.3683 3.2053 127.7524 2.5838 36.8165 2.1958 54.2132 2.4875
3915 171.1101 4.4276 -6.8466 5.5916 -8.2210 5.5553 89.6846 2.5232 46.5994 2.5305 85.4764 2.5963 -5.9012 3.5449 126.6312 2.5746 40.7637 2.1928 55.1663 2.4095
3916 170.9412 4.1005 -7.8362 6.0297 -8.4747 5.8648 89.5374 2.4975 46.6957 2.5819 84.9066 2.5816 -6.9620 3.9433 125.4699 2.4855 44.2398 2.3687 56.7702 2.3606
3917 170.7716 3.3658 -8.1923 6.1674 -9.3512 5.4619 89.7250 2.5303 47.6923 2.5757 85.1061 2.4009 -7.8178 4.4663 124.7803 2.4616 46.8660 2.2825 59.4177 2.3668
3918 170.8925 2.4027 -8.1344 6.1066 -9.9268 4.8380 90.3559 2.6206 49.6747 2.6639 86.1719 2.3957 -8.5988 4.7341 124.8141 2.5330 49.0256 2.3749 61.8428 2.3695
3919 170.7001 1.6943 -7.9019 5.6185 -10.3397 4.3729 91.6522 2.5867 51.5790 2.5803 87.5174 2.3914 -8.6813 4.9729 125.3700 2.5765 50.4073 2.3472 65.6916 2.3850
3920 170.2638 1.3576 -7.5964 4.8299 -10.2097 3.5456 93.8699 2.5189 53.6879 2.7002 89.4525 2.4175 -8.9285 5.5994 126.8070 2.6235 50.9157 2.5029 69.2115 2.5206
3921 170.0196 1.6839 -6.8170 4.2857 -9.8844 3.0684 96.1763 2.5671 55.3658 2.5078 91.2325 2.4311 -8.7109 5.8560 128.8661 2.6068 50.7985 2.5137 72.6492 2.5041
3922 169.9054 2.1168 -5.7704 4.3985 -9.4973 2.6896 98.6022 2.4110 56.4407 2.4827 92.3753 2.3441 -8.6490 5.8291 131.8809 2.6439 50.1804 2.5863 76.1524 2.3939
3923 169.9575 2.5246 -3.7581 4.0730 -9.3781 2.6475 100.7253 2.5837 56.7794 2.4578 93.2914 2.5310 -8.3591 5.9540 135.2909 2.4740 48.8777 2.4620 79.7684 2.5320
3924 169.5675 2.8616 -1.4946 3.7951 -8.8856 2.4137 101.7247 2.5063 56.3424 2.3848 93.1661 2.4927 -7.7303 6.1597 138.6042 2.3677 46.6802 2.6062 83.0573 2.4344
3925 169.1487 3.3263 0.8072 3.3814 -8.5436 1.4120 102.2698 2.4740 55.2349 2.3546 92.3835 2.5269 -6.7280 5.9617 141.8289 2.5078 43.8106 2.4609 86.6183 2.3137
3926 169.4935 4.0912 3.0586 2.7380 -8.1299 0.5985 101.8700 2.6000 53.6106 2.4810 90.9871 2.6042 -5.1789 5.5965 145.2580 2.5960 40.2245 2.6724 90.3172 2.3522
3927 170.2213 4.7726 5.2924 2.2378 -7.8053 -0.2683 100.7177 2.5870 52.0994 2.5718 88.5879 2.6103 -3.2793 5.4043 148.6527 2.6653 36.8012 2.7151 93.4777 2.5068
3928 170.6888 5.5088 7.6754 2.0600 -7.4971 -0.6205 99.0253 2.6025 50.5201 2.4750 85.5370 2.5939 -1.6877 5.2581 151.5675 2.9066 33.9439 2.5132 95.9879 2.5376
3929 170.8042 5.7197 10.9191 2.2937 -6.8803 -0.9703 96.5202 2.6203 49.5750 2.5210 82.1148 2.4695 -0.6098 4.7941 154.6997 3.3956 31.3253 2.4537 97.6844 2.3734
3930 170.7673 5.4193 14.5609 2.3990 -6.1852 -0.8772 93.3212 2.5643 49.4278 2.5060 79.5117 2.4355 0.2181 4.0215 157.8721 4.1639 29.9500 2.5560 98.6733 2.4711
3931 170.4603 4.8118 17.6348 2.5638 -5.7010 -0.3843 89.7128 2.5737 50.0410 2.4646 77.5479 2.5986 1.4340 3.4791 160.6586 4.6491 29.1284 2.4805 98.9457 2.5283
3932 170.0918 4.0250 20.5353 2.4818 -5.4955 -0.4732 86.0401 2.5157 50.5669 2.3952 76.3771 2.5708 2.1950 3.1185 163.2143 5.0667 29.0023 2.5603 98.3513 2.6067
3933 169.9916 3.4551 22.9741 2.3612 -5.3965 -1.1410 82.2959 2.6711 51.1274 2.4421 76.2705 2.3888 2.3642 3.0818 165.2525 4.9014 29.5124 2.4283 97.1389 2.4902
3934 170.0181 3.0848 24.6623 2.5324 -5.9381 -1.4642 78.6024 2.7997 51.8366 2.4323 76.6446 2.5732 2.0638 3.3332 167.1992 4.6262 30.6913 2.4328 95.0496 2.4721
3935 170.2149 2.5020 25.8176 2.4787 -6.4343 -1.5615 74.8435 2.6113 52.0687 2.4871 77.6719 2.5299 1.4282 3.7635 168.7019 4.6471 32.6349 2.3554 92.2289 2.6361
3936 169.9054 1.7162 26.8775 2.4925 -6.9652 -1.2100 71.0992 2.4397 51.7323 2.6501 79.4597 2.5593 0.2522 4.4905 169.9134 4.7925 35.4034 2.3644 89.6735 2.5843
3937 168.6900 1.0353 28.1500 2.4516 -7.3537 -0.7215 67.1428 2.2099 51.0616 2.5599 81.9166 2.5275 -1.5181 4.6735 170.5419 4.8091 38.0490 2.4320 87.7903 2.5516
3938 167.5563 0.4655 29.1495 2.4262 -7.5221 -0.1266 63.5855 2.1669 49.6883 2.5881 85.1429 2.4529 -3.7875 4.9075 170.9172 4.7827 40.5095 2.6186 86.4974 2.5818
3939 167.1412 -0.1978 30.1172 2.5908 -7.8102 0.4392 60.9168 2.2569 48.5369 2.5995 88.2750 2.3970 -5.1880 5.3207 170.6683 4.9262 41.7653 2.5203 85.8672 2.5042
3940 167.1375 -0.7283 31.0412 2.6359 -8.2567 0.2598 58.5579 2.3556 47.5334 2.6593 91.3003 2.4102 -6.3337 5.8575 170.0874 4.7118 42.6605 2.6178 86.2750 2.5699
3941 167.2412 -1.1478 31.9470 2.5460 -8.7061 -0.1427 57.0742 2.4153 46.5819 2.5213 94.0960 2.4316 -6.9481 5.9257 169.3019 4.6873 42.4058 2.4562 87.2018 2.4226
3942 167.3407 -1.3359 33.9414 2.2896 -8.8794 -0.6365 55.7968 2.4939 46.3865 2.4757 95.5318 2.3350 -6.9274 6.1613 168.2267 4.5731 41.6008 2.4032 88.8395 2.6468
3943 167.1339 -1.4014 36.4715 2.4410 -9.3764 -0.6317 54.0959 2.4058 46.2729 2.4739 96.5606 2.4749 -7.0930 5.7855 166.7374 4.7830 40.0309 2.3938 91.5752 2.4854
3944 166.4442 -0.9831 39.8375 2.3174 -9.6200 -0.3633 52.7383 2.4561 47.4841 2.4760 96.5499 2.4994 -7.1758 5.3555 164.6146 5.0436 38.1241 2.4118 94.6782 2.7548
3945 166.1417 -0.4558 43.3618 2.2358 -9.1511 -0.0729 51.3647 2.5384 49.4536 2.6235 95.7718 2.4299 -6.7766 5.4855 162.0989 4.7763 35.5773 2.3064 98.1326 2.6986
3946 166.2111 -0.0082 46.2535 2.2672 -8.5853 -0.2341 50.1486 2.5484 51.8794 2.5610 94.4803 2.6377 -6.8319 5.6744 159.7648 4.3791 33.8867 2.4732 101.6775 2.5976
3947 166.6219 -0.2112 48.6856 2.4103 -8.4983 -0.5943 49.3738 2.4949 54.6241 2.5663 92.7184 2.5684 -6.7032 5.2973 157.1391 3.9977 32.5223 2.4853 105.3144 2.6117
3948 166.6127 -0.4812 50.1613 2.3528 -8.8371 -0.8717 49.2550 2.4739 56.4580 2.5668 90.9554 2.6606 -6.7445 4.4764 155.0549 3.2715 31.7510 2.5394 109.2534 2.6387
3949 166.1994 -0.7090 50.8392 2.4891 -9.3189 -0.7941 48.8701 2.5108 58.0744 2.4809 89.3363 2.5169 -7.4860 3.3220 153.2415 2.7789 31.8780 2.5252 113.0262 2.5506
3950 165.6325 -0.2887 50.9656 2.5477 -10.0625 -0.2709 48.3398 2.4852 58.6683 2.4289 88.3295 2.5090 -8.1831 2.9946 152.1998 2.5684 32.6455 2.5438 116.6510 2.5397
3951 164.2026 -0.2310 50.5863 2.3478 -10.5694 0.0495 48.0726 2.5834 58.7277 2.4880 88.2386 2.4776 -9.1055 2.7186 151.7009 2.5047 34.2709 2.4635 119.9036 2.5068
3952 162.8983 0.3355 49.3599 2.3435 -10.5613 0.1709 48.1805 2.4803 57.6718 2.4009 88.8249 2.5932 -9.9290 2.9628 151.8637 2.4130 36.3137 2.7174 122.4646 2.6152
3953 161.2989 0.9766 47.3869 2.3031 -10.4402 0.3382 48.1701 2.4932 55.9808 2.4369 90.4918 2.5394 -10.4830 3.5742 152.8677 2.1946 39.3708 2.6319 124.4753 2.4761
3954 159.8055 1.4861 44.5768 2.3260 -10.4115 0.3420 48.3589 2.3757 53.6085 2.5915 92.7060 2.6427 -10.6992 3.5853 154.6390 1.8164 43.1369 2.7410 125.7335 2.5113
3955 157.6215 1.8439 41.1278 2.4010 -10.3344 0.5970 48.5281 2.5211 50.9035 2.5610 95.4716 2.6911 -10.8112 3.5311 156.4199 1.4274 46.9409 2.7183 126.4932 2.5471
3956 154.9503 1.8722 38.0275 2.5407 -9.8746 0.8327 48.8319 2.5128 48.2206 2.4834 98.8151 2.6110 -10.8269 3.4264 158.6377 0.7374 50.7161 2.5260 127.2332 2.4650
3957 152.5895 2.0973 35.4816 2.5325 -9.1631 0.8880 48.2661 2.5240 46.0483 2.4754 102.4443 2.5234 -10.9367 3.7278 161.2983 0.1013 54.2471 2.6045 127.7686 2.5057
3958 150.9725 2.3431 33.8625 2.5296 -8.2350 0.8471 46.9016 2.5710 44.3330 2.4751 106.0046 2.3875 -10.9095 3.9634 163.3838 -0.6244 57.7206 2.5767 128.1642 2.4789
3959 149.4559 2.4709 32.8225 2.5121 -7.3839 0.8841 44.9338 2.3732 43.1516 2.5454 108.4275 2.5517 -10.8456 4.4070 164.5733 -0.8415 61.3077 2.3245 129.1096 2.5209
3960 149.2883 2.5427 32.3905 2.4173 -6.3937 0.7316 42.1981 2.3332 42.5949 2.4154 110.4276 2.5303 -10.4516 4.9024 165.8159 -1.1461 65.1292 2.4872 129.5595 2.4708
3961 149.3496 2.4968 32.7888 2.6678 -5.0226 0.9088 38.8317 2.3916 43.1382 2.5273 111.6137 2.4731 -10.3585 4.9541 166.9298 -1.3020 68.6250 2.4471 130.4398 2.5396
3962 150.4401 2.5493 33.7389 2.5456 -4.3654 1.3607 34.8431 2.5731 44.3238 2.4863 112.0480 2.4594 -10.1693 4.9667 167.8911 -1.6621 72.2468 2.6710 131.8541 2.4305
3963 151.9575 2.4475 35.1049 2.6269 -3.8589 2.1982 30.9782 2.5175 46.2681 2.3928 112.0652 2.5877 -9.8879 4.8514 168.8723 -1.5035 75.7850 2.5023 133.9402 2.4784
3964 154.4648 2.3125 36.3129 2.5790 -3.7054 2.9628 27.3168 2.6194 48.8756 2.3980 110.9704 2.5908 -9.2176 4.6572 170.0377 -1.0063 79.2884 2.4191 136.6781 2.4030
3965 156.9071 2.0660 37.4750 2.5907 -4.1740 3.1198 23.9031 2.5884 51.9402 2.4357 109.8808 2.6099 -8.5692 4.7546 170.7936 -0.3622 82.5410 2.4942 140.2282 2.4859
3966 159.8925 2.1042 38.1415 2.5799 -4.8780 3.0432 21.1710 2.5820 55.4240 2.4743 108.8337 2.5977 -7.9645 5.1309 171.1046 0.1011 85.5513 2.5132 143.4927 2.4894
3967 162.5746 2.6103 38.0197 2.4823 -5.6971 2.4226 19.4553 2.5647 58.5631 2.5979 107.6373 2.6202 -7.5013 5.6703 171.2576 0.2707 87.4609 2.5764 145.9855 2.5385
3968 164.9989 2.6056 37.2002 2.3872 -6.0392 1.5130 18.1915 2.4815 62.3054 2.7197 106.8947 2.5167 -6.9277 6.0064 171.2064 0.2789 89.0531 2.4507 148.3920 2.5104
3969 167.0903 2.7314 35.6998 2.3675 -6.4076 0.3984 17.9472 2.4445 65.7956 2.5208 106.9026 2.5753 -6.0598 6.3111 171.0648 0.3533 89.5076 2.4283 150.8268 2.5060
3970 168.7847 2.5807 33.4572 2.3731 -6.6332 0.0914 18.4203 2.4784 69.4199 2.4832 107.4363 2.6092 -5.1098 5.8831 170.8144 0.6348 89.6377 2.5166 152.9526 2.3521
3971 169.5984 1.9375 30.9974 2.5097 -6.5083 0.0025 19.0856 2.5100 72.1421 2.5123 108.7419 2.4778 -4.0000 5.4263 170.0918 0.8884 88.6689 2.5794 155.1816 2.1463
3972 169.9756 1.4327 29.3061 2.4272 -6.5147 -0.1295 20.9665 2.5131 74.5415 2.6166 110.9086 2.4605 -3.2497 5.1097 169.0699 0.7853 87.3498 2.5780 157.4016 1.7654
3973 170.1814 1.1440 27.8562 2.4811 -6.3347 0.0097 23.5305 2.4711 76.0436 2.5561 113.4389 2.5608 -2.4735 4.8171 168.4082 0.3629 84.9184 2.4951 159.5572 1.2187
3974 169.6778 1.2635 27.5278 2.4885 -5.7642 0.3711 26.6977 2.6468 76.8438 2.4579 116.2705 2.6221 -1.3147 4.7708 168.3823 -0.1986 82.0489 2.6069 161.3190 0.6234
3975 169.1292 0.8903 27.7709 2.3936 -4.9277 1.0359 30.2827 2.4611 76.7912 2.5410 118.9454 2.4977 -0.1107 4.4003 168.7185 -0.4449 78.6551 2.5567 162.6983 0.0094
3976 167.9223 0.6766 28.9143 2.3465 -4.0149 1.7584 34.1291 2.6045 76.3588 2.4948 120.6625 2.4030 1.2492 3.7729 168.9709 -0.5941 74.8850 2.5782 163.8162 -0.2903
3977 166.2459 0.6436 30.7259 2.3150 -3.2317 2.2079 37.2889 2.4467 75.9256 2.5360 121.6842 2.5166 2.2482 3.5894 168.8752 -0.2319 71.2192 2.6765 164.6542 -0.6779
3978 164.0889 0.4976 33.6628 2.5005 -3.4638 2.4000 39.7370 2.5166 75.4379 2.4595 121.9481 2.4811 3.0002 3.2461 168.8675 0.6970 67.2868 2.5791 165.4115 -0.8024
3979 161.0878 0.3908 36.9802 2.3862 -4.2819 1.8904 41.6869 2.5817 75.2380 2.4654 121.2914 2.6124 3.3013 3.3197 169.1626 1.7460 64.1095 2.4764 165.6295 -0.6765
3980 158.1916 0.7165 40.7513 2.4742 -5.1764 1.1786 42.7320 2.4930 75.4008 2.4211 119.8070 2.4869 2.7686 3.6973 169.9002 2.5901 61.3738 2.5800 165.0650 -0.4131
3981 155.1954 1.2400 44.3110 2.4516 -6.0480 0.7769 43.8557 2.5101 75.8542 2.4452 117.9101 2.6398 1.9943 4.1093 170.8671 2.9889 59.5100 2.6251 163.9083 -0.0498
3982 151.4658 1.7779 47.9457 2.5008 -6.6282 0.4293 44.4485 2.5350 76.3189 2.4101 115.7503 2.7535 0.9073 3.9643 171.2710 3.7419 58.7480 2.5787 161.9818 0.3307
3983 147.8382 1.9914 51.2581 2.6145 -7.2043 0.0359 45.3260 2.3969 77.0568 2.4274 113.8667 2.6451 -0.4449 3.8122 171.3193 4.3078 58.3942 2.4673 159.6417 0.9895
3984 144.6647 2.2986 54.0443 2.6052 -7.7998 -0.4098 46.5105 2.5117 77.8033 2.4023 112.5097 2.5434 -2.5884 3.5191 171.6104 4.8401 58.6717 2.3628 157.5391 1.4188
3985 141.6982 2.4855 56.2980 2.5145 -8.7154 -0.1119 47.5018 2.5222 78.0584 2.5215 112.1589 2.5157 -4.1937 3.5939 171.0901 5.0267 59.5649 2.4043 155.7266 1.8986
3986 139.5428 2.3394 57.7905 2.5326 -9.6352 0.2666 48.4527 2.6217 78.1056 2.5378 112.3576 2.4587 -5.8316 3.8243 171.2789 5.1258 61.4609 2.3897 153.9180 2.2546
3987 138.0238 2.5584 58.4894 2.5259 -10.4544 0.9202 50.0462 2.5455 77.1940 2.6518 113.4914 2.4183 -6.5564 4.4052 171.0552 5.4910 64.2463 2.3066 152.6067 2.4974
3988 137.2590 2.5582 58.8164 2.4472 -11.0029 1.7433 52.0621 2.5846 75.5608 2.5858 115.2492 2.3202 -7.1714 4.3085 170.8085 5.5857 66.8560 2.4854 152.0057 2.4941
3989 137.3741 2.4211 58.1708 2.4462 -11.3413 2.4107 54.3004 2.5248 73.0989 2.7047 117.8573 2.5037 -7.0834 4.3610 170.3338 5.2787 68.8815 2.5626 152.2133 2.5127
3990 138.3495 2.4464 56.5450 2.3624 -11.3385 2.4880 56.2381 2.5827 70.0886 2.5947 121.0475 2.3460 -6.6000 4.2839 169.2673 4.9321 70.1458 2.5210 152.8115 2.5022
3991 139.7348 2.3818 54.3332 2.5220 -10.9198 2.0938 57.6602 2.3941 66.6485 2.5255 124.7961 2.5990 -6.0791 4.2504 168.5384 4.4823 70.4124 2.5912 154.0092 2.3091
3992 142.1786 2.2878 51.1493 2.4923 -10.4192 1.5861 58.1953 2.4369 63.1004 2.5205 128.5949 2.5643 -5.9735 3.8650 167.8740 3.7353 70.1502 2.4785 155.3672 2.1705
3993 145.4292 2.3212 47.6539 2.5977 -9.7009 1.4384 57.8327 2.5470 59.6960 2.3835 131.6324 2.6093 -5.9377 3.6042 167.5190 2.9306 69.3530 2.5998 157.2716 2.1319
3994 148.6493 2.3095 44.3921 2.4671 -9.0022 1.3278 56.9767 2.5806 56.1508 2.4217 134.0050 2.6715 -5.6567 2.9974 167.5034 2.7408 67.6032 2.7154 159.3849 1.8874
3995 151.3464 2.2275 40.8762 2.4727 -8.1952 0.8394 55.7779 2.6121 52.6373 2.4676 135.7050 2.5145 -5.2669 2.5551 167.0406 1.9815 65.3057 2.6678 161.2414 1.6463
3996 153.4673 2.3189 37.4970 2.4368 -7.2968 0.2369 54.4373 2.5682 49.3160 2.6070 136.7168 2.5407 -4.5923 2.1561 166.5473 1.0570 62.2292 2.7136 163.0056 1.8755
3997 154.6401 2.2389 34.1563 2.5484 -6.6765 -0.3796 52.9471 2.5937 46.0910 2.3517 137.1573 2.4238 -3.8011 1.6452 166.7235 0.0926 58.7760 2.7128 164.1942 1.6748
3998 155.0895 2.3005 30.5829 2.4935 -6.2160 -0.9690 51.2152 2.4717 42.5363 2.4503 136.7567 2.4499 -3.7898 1.2354 167.1705 -0.4766 56.0713 2.7091 164.5691 1.4968
3999 154.7820 2.3329 27.3264 2.3935 -5.9557 -0.8011 50.4340 2.5412 39.1698 2.7017 135.7068 2.4150 -4.5465 0.6210 167.6757 -0.6223 53.9377 2.6634 164.9800 1.2751
4000 154.0879 2.2967 25.0191 2.4336 -6.1567 -0.6556 49.7202 2.5307 35.9935 2.5572 134.1141 2.4608 -5.2452 0.2655 168.1084 -0.5593 52.4988 2.4241 164.8916 1.1689
4001 152.3128 2.2374 23.2276 2.5334 -6.5786 -0.0806 48.7700 2.4768 32.3865 2.5344 132.1924 2.2968 -6.0191 0.3802 168.7083 -0.5592 51.9359 2.4529 164.6131 1.5182
4002 149.5302 2.2155 22.1237 2.4933 -7.1571 0.8486 48.9533 2.4136 28.8530 2.4499 130.4741 2.4076 -6.1066 1.1239 168.8268 0.0810 52.1137 2.4644 164.5797 2.6090
4003 146.5778 2.4327 21.9406 2.4337 -7.9037 1.5771 50.2321 2.5290 25.2301 2.5924 128.7054 2.4539 -5.6612 1.8329 168.0847 0.4274 52.9531 2.4830 164.8335 3.3944
4004 144.2074 2.4938 22.2378 2.4376 -8.4484 2.2215 51.8817 2.3906 21.8036 2.5884 127.3632 2.4463 -5.0047 1.6419 167.1694 0.5272 54.3390 2.3162 165.3131 4.1821
4005 142.8511 2.5751 23.3834 2.4833 -8.8179 2.9571 53.9110 2.4020 18.1667 2.5274 125.9617 2.5739 -5.1825 1.1425 165.9078 0.5985 55.9518 2.4355 166.0951 4.5838
4006 142.2628 2.4753 25.2574 2.5324 -9.3870 3.9104 55.5234 2.5856 14.7494 2.5330 124.8002 2.4256 -5.2134 0.6217 164.8946 0.8999 57.7586 2.3688 167.1884 4.7218
4007 141.9854 2.5759 27.0318 2.3600 -9.6511 4.8410 56.5192 2.6278 12.0977 2.5933 123.5762 2.5209 -5.6221 0.3445 163.4019 1.1907 59.2869 2.3935 167.5990 4.3433
4008 142.3478 2.4607 28.8468 2.3621 -9.7228 5.0541 56.7497 2.5141 9.4796 2.5286 122.7287 2.5023 -5.5852 0.8610 161.0877 1.7653 59.8710 2.5197 167.8343 4.5172
4009 143.3039 2.5701 30.3751 2.4106 -9.7297 5.1356 56.6429 2.5444 7.7782 2.5626 122.1117 2.5354 -5.1615 1.4265 158.5547 2.2277 59.8182 2.5726 168.2638 4.9767
4010 144.0025 2.5555 31.1686 2.4389 -9.5946 4.5455 57.0256 2.4271 6.4761 2.5419 121.9339 2.4837 -4.2738 1.9858 155.8258 2.2329 58.9164 2.6430 168.7010 5.3888
4011 144.8636 2.4957 31.4332 2.4366 -9.6310 4.2047 58.0379 2.4490 4.9246 2.5469 121.1468 2.4139 -3.7932 2.6221 153.3163 2.2854 57.4033 2.5689 169.1348 5.7277
4012 145.2469 2.5911 30.6522 2.4956 -9.7621 4.1683 59.1794 2.5248 3.4367 2.5745 119.7639 2.4219 -4.3914 2.9654 151.2577 2.3753 55.0512 2.5594 169.3112 5.2872
4013 145.1457 2.5219 29.1878 2.5157 -10.5458 3.6191 59.2290 2.4779 1.9112 2.3932 118.1599 2.4488 -5.0160 3.2280 149.9044 2.4291 52.3506 2.4328 169.4238 4.7758
4014 144.6826 2.4437 26.8992 2.5054 -11.1724 2.8854 58.5924 2.4874 0.4552 2.4340 116.5611 2.5428 -5.8649 3.3582 149.4200 2.4033 49.7256 2.4824 169.0393 3.8705
4015 144.1224 2.4779 24.0380 2.6347 -11.2578 2.0316 57.6333 2.4626 -0.6712 2.9420 115.1744 2.5816 -6.6795 3.3934 149.6464 2.4353 47.4128 2.4620 168.3897 4.0212
4016 143.1883 2.3053 20.4342 2.6455 -10.4412 1.5015 55.8649 2.4635 -1.3367 3.5095 113.6310 2.5125 -7.6289 3.3424 150.4589 2.5260 45.9737 2.6376 167.6574 4.1742
4017 142.2841 2.4354 16.6664 2.4037 -9.6366 1.1512 54.0053 2.4695 -1.8186 3.9895 111.6848 2.5358 -8.2335 2.9224 151.6798 2.7352 45.3999 2.4927 166.7102 4.2047
4018 141.7370 2.5121 13.1129 2.3284 -8.6097 1.8502 52.2152 2.4944 -2.6348 4.5206 109.7643 2.5082 -8.7296 2.1917 153.7144 3.2878 45.4277 2.5307 166.1448 3.7615
4019 142.1105 2.5268 9.7457 1.7252 -7.7381 2.3072 50.3273 2.5430 -4.2274 5.0130 107.8471 2.4743 -8.8663 1.7430 156.4660 3.7902 46.1389 2.4816 166.4227 3.3525
4020 143.2796 2.3962 6.4366 1.2524 -6.6396 2.7034 48.2203 2.4566 -5.8097 5.5103 106.3963 2.4635 -8.9756 1.3057 159.6049 4.2046 47.7950 2.4455 166.9306 2.3050
4021 145.0940 2.4828 3.3752 1.1356 -5.2090 2.9865 45.3154 2.4068 -6.6372 5.8994 105.4482 2.4952 -8.6125 0.8113 162.5788 4.5639 49.4989 2.3841 167.9018 1.4994
4022 147.2632 2.4265 0.9094 1.2282 -3.2492 2.6830 42.0911 2.5006 -7.1805 6.0659 105.5140 2.5094 -7.7946 0.1292 165.1311 4.2918 51.2277 2.3932 168.4377 0.8980
4023 150.4927 2.3625 -0.9646 0.8658 -0.4103 2.6263 38.2507 2.3993 -7.4954 6.1789 106.0315 2.4969 -7.2193 -0.0485 167.0414 4.0921 52.8395 2.4403 168.4159 0.7114
4024 153.4177 2.6192 -2.4931 0.2321 1.9975 2.9504 35.1699 2.4308 -7.9904 5.7462 107.6005 2.4530 -6.5952 0.2964 168.5620 3.7514 54.1592 2.4150 167.7763 0.2397
4025 156.4651 3.2987 -3.5902 -0.3804 3.8287 3.1229 32.2857 2.4292 -8.9965 5.3301 110.0150 2.2813 -6.2250 0.7102 169.0892 3.0704 55.3329 2.4402 167.3987 0.0869
4026 159.1573 3.7604 -4.4014 -0.1250 4.9869 3.0811 29.9590 2.4263 -9.7432 4.6484 113.0555 2.3829 -5.9959 0.9780 169.0874 2.3791 56.3212 2.4731 167.3171 0.0113
4027 161.5132 4.1117 -4.6178 0.0655 5.6781 2.7609 28.3615 2.4756 -10.4112 3.5150 116.8036 2.4793 -5.7695 1.4218 169.1184 1.9475 57.2690 2.4678 167.7190 -0.3572
4028 163.1020 4.3073 -4.8559 1.1877 5.7587 2.4816 27.8437 2.4741 -10.4725 2.3685 120.1411 2.4119 -5.5885 1.7298 168.6707 2.0647 57.9340 2.5366 168.1333 -0.5093
4029 164.2990 4.3485 -4.9356 2.3615 5.7842 2.5637 27.8378 2.4650 -9.7999 1.4663 123.0511 2.4701 -5.2918 1.7847 168.2576 1.9061 58.6129 2.5654 168.2600 -0.6377
4030 165.3772 3.8781 -5.1884 3.3024 5.3416 2.5307 28.5478 2.5300 -8.7398 1.0948 125.6564 2.5649 -5.2768 1.4980 168.0774 2.0053 59.3129 2.5711 167.5746 -0.8976
4031 166.2642 3.5124 -5.8856 3.5709 4.9923 2.5028 30.2251 2.6053 -7.8794 0.8205 127.1425 2.5993 -5.5895 1.2016 167.6519 2.2365 60.2032 2.4993 167.2127 -0.7426
4032 167.0625 3.1811 -6.6771 3.3370 4.6974 2.6504 32.4694 2.5962 -6.6578 0.8087 127.9753 2.4498 -6.0126 1.0095 167.0499 2.5334 60.5473 2.5660 166.6687 -0.6548
4033 167.8641 2.7880 -6.8919 3.4400 4.3692 2.6403 34.4730 2.7263 -4.5628 1.0718 128.1025 2.4504 -5.6965 0.6233 166.2881 3.0667 60.7725 2.4507 166.8078 -0.5692
4034 168.2436 1.8346 -7.4657 3.2848 4.3903 2.5233 36.6826 2.5482 -2.1351 0.8332 127.5749 2.3340 -4.9927 0.3412 165.8489 3.4672 61.1893 2.5773 167.6038 -0.9138
4035 168.0342 0.7931 -8.0652 2.8655 4.8991 2.5737 38.0377 2.5314 0.0984 0.7163 126.2881 2.5040 -4.3321 0.7729 165.7325 4.0875 61.2889 2.4894 168.3541 -1.1504
4036 168.0168 -0.0540 -8.9508 2.7049 5.4618 2.5710 38.6955 2.4382 2.1629 1.0592 124.1769 2.4995 -4.1434 1.2919 165.9302 4.5346 60.4422 2.4581 169.1532 -1.0566
4037 168.2466 -0.6976 -9.6215 2.2289 5.7812 2.5404 38.6390 2.5346 3.7297 1.5078 121.6127 2.6651 -3.9505 1.9387 166.6314 5.0391 58.9451 2.3687 169.6460 -0.4688
4038 168.7486 -1.6660 -10.0979 1.4727 6.0000 2.4896 37.6957 2.5606 4.3364 2.0267 118.2936 2.6754 -3.8422 2.9139 167.3041 4.7199 56.7493 2.5137 169.6423 0.0468
4039 168.6339 -2.0220 -10.2533 0.3622 6.1022 2.8030 36.0771 2.4891 4.5971 2.6964 114.7611 2.6708 -4.2173 3.6303 167.5230 4.3791 53.5761 2.5508 169.3195 0.8046
4040 167.9348 -2.1360 -9.7778 -0.4390 5.3612 3.3476 33.4383 2.5670 4.1953 3.2245 111.3474 2.6576 -4.5805 4.2024 167.4207 3.9128 50.2092 2.2596 169.3019 1.7834
4041 167.5011 -1.3677 -9.4456 -0.9234 4.2448 3.9961 30.3730 2.6289 3.5765 3.5356 107.8911 2.6684 -4.9451 4.4136 167.2313 3.9160 47.4950 2.4330 170.0461 2.7962
4042 167.4984 -0.5627 -9.3919 -0.9937 2.5031 4.5795 27.5203 2.5755 2.4929 3.6561 104.7306 2.5591 -5.3159 4.9759 167.0467 3.7907 45.5464 2.4986 170.6957 3.5669
4043 167.7546 -0.1084 -9.8363 -0.4023 0.4244 5.0529 25.3582 2.4533 1.0360 3.9165 101.9196 2.5477 -5.8652 5.3805 167.1452 3.8549 44.5538 2.5597 170.8829 4.2248
4044 167.5068 0.5690 -10.0763 0.3526 -1.3093 5.3857 23.9911 2.4279 -0.8237 4.0307 99.5982 2.4605 -6.4694 5.4802 167.8687 3.8195 44.0641 2.4681 171.0518 4.7620
4045 167.2932 1.8252 -10.1409 0.6140 -2.6718 5.4917 23.2363 2.5490 -2.1721 3.9420 97.8576 2.4554 -6.8130 5.8113 168.4440 3.8605 43.7138 2.5533 171.1127 4.8027
4046 166.7735 2.7641 -10.2829 0.3360 -3.1301 5.3148 23.3951 2.5245 -3.3016 4.0458 96.1144 2.5836 -6.8805 6.1803 169.2632 3.5014 43.3072 2.4339 170.8820 4.4246
4047 166.4315 3.1818 -9.9890 -0.3217 -2.8109 5.2144 24.0945 2.5077 -4.0672 4.4502 94.5741 2.5781 -7.2302 6.3072 169.7605 2.6418 43.0637 2.4557 170.3694 3.5920
4048 165.6294 3.8215 -9.4920 -0.5221 -2.1574 5.1723 25.6560 2.3857 -4.2384 4.6251 93.0914 2.4810 -7.0744 5.9145 169.8450 1.4514 42.8465 2.4530 170.0314 3.1073
4049 164.6912 4.1541 -9.1170 -0.5264 -0.6467 4.8839 27.5593 2.5266 -4.0638 4.4225 91.7668 2.4223 -6.6154 5.7320 169.4615 0.3995 43.0294 2.5229 169.5363 2.2397
4050 163.9939 4.5476 -9.3508 -0.4566 1.7274 4.5724 29.5267 2.4429 -3.7697 3.7920 90.3354 2.3424 -5.7050 5.4155 169.6113 -0.4383 43.2515 2.4122 169.1364 1.4168
4051 162.4169 4.4209 -9.8100 -0.1340 4.4044 4.1499 31.1699 2.5179 -4.0004 3.4448 88.8612 2.3444 -4.9807 5.2279 169.8647 -0.8974 43.1026 2.5469 168.4381 1.4448
4052 160.2739 4.2387 -10.2223 -0.0964 7.2002 3.4060 31.9508 2.4686 -4.8248 3.3179 87.4737 2.3666 -4.5683 4.2314 170.1994 -0.8709 42.8792 2.5888 168.0380 1.4666
4053 157.8838 3.8716 -9.9932 -0.8429 9.4028 2.8179 32.0664 2.5086 -5.3181 3.9751 85.9647 2.4775 -4.9371 3.4403 170.6351 -0.7882 42.5215 2.5002 167.6401 1.5487
4054 154.9906 3.2988 -9.3609 -0.9108 10.6310 2.6992 31.9425 2.3758 -5.7246 4.3918 83.4142 2.4491 -5.3462 3.0961 170.8061 -0.9096 41.6579 2.6010 167.5627 1.8279
4055 151.7028 2.6970 -8.8449 -1.0146 11.2674 2.5505 30.7727 2.4255 -5.8148 4.6869 80.3380 2.4698 -5.7627 3.4561 170.0895 -1.0253 40.6146 2.4178 167.5973 2.1537
4056 148.5184 2.4333 -8.9300 -0.7799 11.0568 2.4647 28.5548 2.4406 -5.5606 4.2503 77.0286 2.4695 -6.5254 3.9713 169.0974 -1.3184 39.7872 2.5436 167.8077 3.2055
4057 145.3075 2.4809 -9.5421 -0.1090 10.2370 2.6721 25.9718 2.3446 -4.9892 3.3708 73.4849 2.5723 -6.9891 4.1830 167.9719 -1.1370 38.8620 2.4136 168.0937 4.2618
4058 141.7293 2.3612 -9.8803 -0.1202 8.7755 2.9611 22.6035 2.4396 -4.8785 2.4820 69.9897 2.4509 -7.4092 3.8908 166.6879 -0.7401 38.1660 2.4005 167.9974 4.9364
4059 138.3145 2.4903 -9.7841 -0.4061 6.8626 3.2897 18.9005 2.2104 -5.5423 1.7046 66.5118 2.5191 -8.1824 3.6635 165.1631 -0.1219 37.2446 2.4389 168.4983 5.7611
4060 135.3383 2.2608 -9.2060 -0.6739 4.5977 3.7780 15.2277 2.3836 -6.5966 1.2290 63.9048 2.3754 -8.6198 3.7578 163.4281 0.5686 35.9872 2.4924 169.0883 5.7363
4061 132.3145 2.2963 -8.6798 -0.7744 2.2733 3.8030 11.4343 2.4443 -7.1758 1.3088 61.6312 2.4598 -8.3739 3.8312 161.1716 1.1671 34.4094 2.5342 169.8868 5.8104
4062 130.1671 2.4428 -8.3216 -0.4779 0.0878 4.1591 7.6426 1.8267 -7.8389 1.5041 60.6529 2.6131 -8.3983 3.9638 158.2765 1.6491 32.8998 2.6106 170.4699 5.5722
4063 128.6499 2.4568 -8.3133 0.0641 -1.6606 4.3818 4.2528 1.3297 -8.1639 1.2837 60.1819 2.4787 -8.1089 4.4923 155.1110 1.7366 31.4293 2.5445 170.8069 5.0887
4064 127.5394 2.5135 -8.5184 0.0445 -2.6970 4.4431 1.4873 0.6276 -8.4569 1.4062 60.4157 2.3609 -7.4923 4.7020 152.0719 2.0801 30.0732 2.5067 170.8393 4.7975
4065 127.1018 2.5686 -8.9257 -0.2727 -3.0564 4.4837 -0.5424 -0.1030 -9.4632 1.6488 61.3680 2.3591 -6.8814 4.7322 148.7022 2.3346 28.8009 2.6458 170.2783 4.1796
4066 127.4657 2.5496 -8.5700 -0.9607 -2.9163 4.4805 -1.9592 0.0449 -10.0762 1.9299 62.5420 2.4070 -6.4344 4.4701 145.4423 2.5580 27.7542 2.4668 169.6447 3.3461
4067 128.8676 2.5332 -7.9789 -0.9283 -2.4487 4.4532 -3.0385 0.1046 -10.2687 2.3245 63.8483 2.3846 -6.5347 4.3865 142.3573 2.6739 26.6857 2.3454 169.3819 2.3613
4068 131.0473 2.6123 -7.3443 -0.8619 -2.0236 3.8664 -3.1129 0.0963 -9.8402 2.6041 64.6461 2.5065 -7.3367 4.7786 139.6515 2.5696 25.4592 2.4318 168.8481 1.6732
4069 133.6442 2.6946 -6.9561 -0.7726 -2.0308 3.2062 -2.1461 0.1034 -8.8124 2.7043 65.6830 2.4595 -7.9583 4.8090 137.2887 2.4963 24.2502 2.4678 168.4098 1.4453
4070 136.7701 2.6913 -6.3367 -0.6127 -2.2313 2.6469 -0.3668 0.5018 -8.3241 2.5735 65.9040 2.4878 -8.8848 5.0624 136.0322 2.3577 23.3459 2.5511 167.8138 1.4753
4071 140.2790 2.5746 -5.7705 -0.2597 -2.9369 2.5099 1.9086 0.8156 -7.8487 2.4369 64.7689 2.5660 -9.1102 4.5494 135.5528 2.4126 22.2390 2.5008 166.9980 1.7587
4072 143.7240 2.5751 -5.6194 -0.3769 -3.4210 2.8608 4.4112 1.2222 -8.1003 2.5898 63.5496 2.5344 -8.9090 3.6764 135.7454 2.4484 21.1394 2.6245 166.3843 2.3258
4073 147.4901 2.6758 -5.6044 -0.4519 -4.4427 3.1057 7.4276 1.8738 -8.3902 3.0010 62.3567 2.5734 -8.5902 2.7534 136.4365 2.6621 20.0956 2.4825 165.6894 3.0280
4074 150.9180 3.0952 -5.5705 -0.8080 -5.5489 3.1450 10.8971 2.2813 -8.3871 3.2355 61.0857 2.6556 -8.0449 2.2139 138.1224 2.5687 20.0092 2.4173 165.6527 3.6941
4075 154.5291 3.4899 -5.3961 -0.8677 -7.1952 3.1699 14.1739 2.5650 -8.0789 3.4290 60.4514 2.5408 -7.6115 1.7415 140.2236 2.5930 20.7192 2.4718 165.9629 4.1541
4076 157.5418 4.0196 -5.6926 -0.3984 -8.3453 3.7483 16.8524 2.4734 -8.4105 3.3802 60.3231 2.5331 -6.7749 1.1244 143.3514 2.6534 22.0770 2.4653 166.9082 4.2750
4077 160.9150 4.4647 -6.4767 0.1649 -9.0211 4.5203 18.7375 2.5946 -9.2680 3.8725 61.1045 2.5770 -5.1024 0.7891 146.6857 2.4080 24.2106 2.5199 167.7874 4.0637
4078 163.5535 4.7914 -7.0697 0.9372 -9.3935 4.9361 20.0023 2.5512 -9.7940 4.2001 62.3356 2.4299 -2.7957 0.6427 150.2196 1.9969 26.7532 2.5289 168.4353 3.5990
4079 165.6781 5.2849 -7.6820 1.9604 -9.4456 5.4827 20.5937 2.5053 -10.2312 4.2144 64.1206 2.5636 -0.1485 0.4853 153.3205 2.0178 29.7246 2.4482 169.0212 3.0835
4080 167.1463 5.7040 -7.9125 2.8109 -9.0550 5.7034 20.2221 2.5169 -10.3562 4.2645 67.2320 2.6940 2.9093 0.7955 156.5820 1.5816 32.7253 2.3500 168.8067 2.4323
4081 167.7728 6.0949 -7.9540 3.0409 -8.3288 5.3523 19.1315 2.5468 -9.9576 4.2261 70.5971 2.3462 5.9127 1.1842 159.5022 1.7608 35.0506 2.6087 168.0787 1.7940
4082 168.0506 6.1657 -7.7820 3.5019 -7.4672 4.9976 17.1343 2.4657 -9.3470 4.2178 73.3467 2.3906 8.9543 1.8051 162.1537 2.1399 36.1983 2.5212 167.7338 1.3696
4083 168.0193 5.9251 -7.3099 3.8005 -6.0897 4.6750 14.7779 2.5500 -8.8637 4.4863 75.6635 2.4518 11.6142 2.0384 164.4105 2.9248 36.6626 2.4969 167.3305 0.9268
4084 167.6636 5.0906 -6.9866 4.0100 -4.1612 4.8308 12.9355 2.5271 -8.6581 5.0001 77.3960 2.3680 13.8408 2.5299 166.3736 3.1738 36.3511 2.6240 167.1250 0.3001
4085 167.4816 4.2778 -6.5371 4.4178 -1.7889 4.6164 11.4100 2.5847 -8.4713 5.7036 78.2659 2.4228 15.4183 2.6083 167.8722 2.8930 35.4245 2.6307 166.4890 -0.0606
4086 167.3533 3.5406 -6.4340 4.0198 0.6664 4.1787 10.3755 2.5035 -8.3518 6.0861 78.3563 2.5445 16.0668 2.5730 168.7282 2.6832 33.6593 2.5216 166.4221 -0.2071
4087 167.1530 3.1951 -6.4008 3.3248 3.3436 3.7310 10.2934 2.5217 -8.0360 6.2689 77.7428 2.4650 16.2923 2.5306 169.4913 2.3307 31.7787 2.4578 167.0406 0.1486
4088 166.5148 2.6624 -6.5330 2.3927 6.0279 3.1705 11.0037 2.5833 -8.2275 6.3555 76.5768 2.5215 15.4603 2.4834 169.7299 2.1684 29.6140 2.5533 167.6816 0.5323
4089 165.8930 1.7923 -7.2428 1.8798 8.5750 2.4717 11.7210 2.6352 -8.7228 6.3255 74.5662 2.5019 13.8271 2.5517 169.2255 1.8091 28.1624 2.6268 168.2838 1.2348
4090 165.6279 0.8957 -8.0538 1.6153 11.2532 2.4112 13.7079 2.6076 -9.0193 6.1274 71.9005 2.4913 11.8037 2.4045 168.8610 1.2345 27.1494 2.4938 168.7830 1.6284
4091 165.8495 0.6855 -8.9489 1.7993 14.1453 2.4802 15.8712 2.5413 -9.2472 6.1008 68.4847 2.4842 9.0479 2.2955 168.0938 0.7604 26.9823 2.5006 169.1522 1.9106
4092 166.1184 0.7611 -9.4967 2.4041 16.2738 2.4807 18.0929 2.5395 -9.2327 5.8270 65.7238 2.3629 5.5917 2.2532 166.9216 0.3799 27.3698 2.5219 169.3414 2.3523
4093 165.9448 1.3127 -9.4227 2.8870 18.1571 2.5297 19.5796 2.3352 -8.6651 5.3430 63.6585 2.5356 2.5130 1.8393 165.1157 0.4188 28.2664 2.5203 169.6885 2.8132
4094 165.1482 1.9020 -9.5041 3.0251 19.8794 2.4700 20.4971 2.4050 -7.4473 5.0249 62.0526 2.5121 -0.4942 1.4984 162.4974 0.4593 30.3138 2.4980 169.8743 3.3516
4095 163.8622 2.0610 -9.1451 3.2028 21.5073 2.4980 20.8559 2.5451 -6.3222 4.9043 61.3032 2.4079 -3.1351 1.4551 159.9934 0.6938 33.1105 2.3951 169.7663 4.2708
4096 161.9444 2.3375 -9.3782 3.7113 23.2567 2.5643 20.0707 2.4734 -5.5585 5.4724 61.1713 2.4922 -5.3856 1.7596 157.7629 1.0960 36.5531 2.1963 169.7774 4.7039
4097 160.2017 2.5195 -9.2881 4.4657 24.9323 2.5111 18.7564 2.4526 -5.5321 5.8913 61.8243 2.4650 -7.1468 2.2083 156.3985 1.6763 40.2822 2.1518 169.6066 4.1733
4098 158.2284 2.4066 -9.0961 5.1296 26.8490 2.4666 16.5882 2.4952 -6.1387 6.0618 62.7862 2.5363 -8.2071 2.9621 155.3845 2.0545 43.9625 2.3406 169.3336 3.3335
4099 156.5656 2.6774 -8.4465 5.0782 28.4507 2.2934 13.9718 2.3257 -6.5508 5.7429 64.9776 2.5438 -8.5352 3.4187 154.5241 2.3173 47.4848 2.4637 169.2627 2.0872
4100 155.3447 2.9980 -8.0070 5.5479 30.2313 2.4035 10.8537 2.1329 -6.7551 5.0242 68.1878 2.4566 -8.5384 3.9016 154.4375 2.1815 50.3386 2.4676 169.2170 0.8586
4101 154.6940 3.0403 -7.9997 5.3190 31.4707 2.4130 7.6758 1.5487 -7.1357 4.2180 71.7786 2.5200 -7.9441 3.9054 155.3058 1.5320 52.7466 2.5541 169.0178 0.3891
4102 154.4237 2.6958 -8.3848 4.9670 32.7374 2.4681 4.8448 0.9814 -7.1664 3.8565 75.3353 2.4433 -7.6750 4.6062 156.4359 1.2722 54.5817 2.5319 169.1694 0.4081
4103 154.2383 2.4869 -9.1601 4.6546 33.7797 2.4879 2.0186 0.4406 -7.0071 3.5133 78.6408 2.6000 -7.0264 4.9729 157.5265 1.2390 55.7615 2.5091 168.8373 0.5876
4104 154.1352 2.4392 -9.7405 4.4342 34.8131 2.4492 -0.5790 0.0472 -6.9002 2.8326 82.1625 2.6165 -6.1114 5.3507 158.5313 1.3879 56.3697 2.4538 167.6942 0.5705
4105 153.8342 2.4114 -9.8775 4.0967 35.0115 2.4640 -2.5214 -0.5922 -6.8836 1.9378 85.7950 2.5643 -5.5033 5.4841 159.5587 1.4891 56.0505 2.5068 167.0350 0.9752
4106 153.6958 2.4362 -9.2135 4.1312 34.7416 2.7106 -3.9813 -0.7816 -7.2146 0.5726 89.2236 2.4335 -5.0554 5.3927 159.7049 1.4808 55.2231 2.4838 166.5092 1.7647
4107 153.7797 2.5561 -8.4363 4.0412 33.2906 2.6462 -4.6513 -0.6204 -7.2884 -0.3625 93.1261 2.6265 -5.0625 5.1765 158.8384 1.4231 53.7000 2.5827 166.2662 2.9041
4108 153.3635 2.6240 -7.7463 4.2121 31.3095 2.6302 -5.1772 -0.6216 -7.0594 -1.0141 96.8295 2.5864 -6.0132 5.1722 157.2311 1.3774 51.5589 2.5322 166.5710 3.6775
4109 152.4225 2.5432 -7.7638 4.2891 28.5091 2.7007 -5.2288 -0.7216 -6.4660 -0.9441 100.2162 2.6007 -6.0392 5.3041 154.8044 1.3604 49.2188 2.5761 167.3637 4.1230
4110 150.9091 2.6838 -7.8487 4.2985 24.9260 2.6268 -5.0900 -0.5931 -6.1263 -0.9715 103.4794 2.4505 -6.4912 5.8691 152.0056 1.7242 47.0240 2.4859 168.3484 4.5017
4111 149.3849 2.6091 -8.0648 4.1442 21.5788 2.6032 -5.3415 -0.8161 -6.2011 -1.2569 106.9222 2.4459 -6.8855 6.1574 148.5502 2.3209 45.4494 2.5229 168.9322 4.9615
4112 148.0755 2.4406 -7.8772 4.2487 17.8451 2.4501 -5.5136 -0.7806 -6.6776 -1.2110 110.5257 2.5593 -7.5183 6.0632 145.6612 2.5885 44.5963 2.5254 169.6961 5.1197
4113 147.3172 2.4084 -7.6098 4.4583 14.8868 2.4421 -5.3561 -0.7474 -6.9670 -1.0232 114.1601 2.7696 -7.8058 6.2552 143.2794 2.3861 44.7546 2.5153 170.1626 5.2970
4114 146.9463 2.4606 -7.1607 4.5413 12.4090 2.5510 -5.1014 -0.7371 -7.0356 -1.0829 117.6847 2.6777 -7.8812 6.3683 141.8238 2.4199 45.8914 2.5250 170.7018 5.3851
4115 147.4450 2.4915 -7.4477 4.5658 10.2534 2.5563 -5.1768 -0.3125 -7.2991 -1.1282 120.7928 2.5450 -7.3166 6.4275 141.0952 2.4435 47.5652 2.4555 170.7357 5.0023
4116 148.6833 2.4183 -8.2692 4.1611 8.8682 2.5788 -5.2998 -0.1396 -7.2961 -1.2579 123.4782 2.6145 -6.5875 6.6115 141.2488 2.5058 49.3876 2.4675 170.5145 4.8204
4117 150.7285 2.0400 -9.1291 3.4933 8.1907 2.5750 -5.4864 -0.4300 -7.0051 -1.3021 125.5295 2.5071 -6.2452 6.5002 141.9825 2.4431 51.9413 2.5595 169.6766 4.6129
4118 153.1654 1.4199 -9.9870 2.9479 8.1846 2.5625 -6.0317 -0.9395 -6.7127 -1.2616 126.9589 2.4694 -6.3540 6.3600 143.4067 2.5794 54.2245 2.4934 168.8183 4.2955
4119 156.3765 0.7838 -10.2381 2.6162 8.9199 2.4974 -6.7148 -1.0120 -6.2764 -1.2679 127.8115 2.5899 -7.0087 6.1679 145.5948 2.5279 55.7599 2.5518 168.0263 4.0925
4120 159.0043 0.2719 -10.2729 1.8111 10.3783 2.5668 -6.7412 -1.1572 -5.5191 -1.0498 128.0233 2.5656 -7.9363 5.8063 148.4665 2.6182 56.6593 2.4914 167.5327 3.8768
4121 161.3996 -0.1304 -10.0732 1.2037 12.3101 2.6762 -6.2906 -0.5919 -4.9943 -0.7880 127.7486 2.5381 -8.0666 5.5137 151.3247 2.7786 56.7875 2.4955 167.3207 3.2747
4122 163.3104 -0.3918 -10.2601 1.2968 14.5147 2.5332 -5.9559 0.1364 -4.7660 -0.9853 126.5595 2.5039 -7.3523 4.6010 154.1521 3.2824 56.1398 2.3002 167.5522 2.6732
4123 164.6038 -0.3162 -10.6934 1.5040 16.3980 2.4655 -6.5455 1.1732 -5.0449 -1.2417 124.6847 2.5086 -7.2453 4.2464 156.9068 3.9842 54.8734 2.4269 167.8101 2.1143
4124 165.7845 -0.2709 -11.1578 2.2709 17.5428 2.4291 -7.4053 1.5101 -5.4885 -1.5380 122.1552 2.4365 -7.7036 4.1840 159.8017 4.6344 52.8750 2.4959 168.3424 1.8115
4125 166.9198 0.0859 -11.0887 2.7196 17.8682 2.5081 -8.6497 1.6734 -5.8268 -1.6947 119.5819 2.4322 -8.4669 3.8264 162.6609 4.7906 50.0079 2.4002 168.6462 2.3048
4126 167.4886 0.7781 -10.9892 3.5453 17.6320 2.4781 -9.6921 1.8670 -6.3952 -1.6800 117.5623 2.5400 -9.1381 3.5780 165.2687 4.8723 46.5960 2.3199 169.2529 2.5464
4127 168.3941 1.7465 -10.4336 4.3337 16.7614 2.3990 -10.1319 2.3738 -6.2409 -1.3240 115.9653 2.4568 -8.9873 3.3863 167.3132 4.9010 43.1989 2.4550 169.4829 3.0459
4128 169.1455 2.7136 -10.0512 4.5317 14.8892 2.4285 -10.0793 3.2158 -5.9720 -0.4456 114.8960 2.4203 -8.0586 3.5743 168.7100 4.6372 39.8497 2.4910 169.8393 3.5020
4129 169.0849 3.5303 -9.4845 5.1302 12.9741 2.3718 -10.1297 3.7701 -6.1711 0.4357 114.2938 2.4515 -6.9692 3.8780 169.4936 4.5686 36.5656 2.4139 169.6851 3.6825
4130 169.0207 3.9517 -9.4201 5.1878 10.8865 2.3561 -10.1479 4.2859 -6.3693 1.6256 113.9655 2.5580 -6.4682 4.4560 170.1977 4.7165 33.7750 2.4103 169.1343 3.5895
4131 169.1739 4.8341 -9.5559 4.9538 8.8763 2.3296 -10.4524 4.3794 -7.2245 2.7252 114.2061 2.5231 -6.4075 5.0863 171.0093 4.3850 30.8741 2.5201 168.0453 3.9283
4132 168.7561 5.6194 -9.4972 4.6254 7.9380 2.4647 -10.7857 4.3567 -8.3476 3.0879 114.3594 2.4653 -7.0077 5.4842 171.3603 3.8215 28.7716 2.5304 167.1319 4.5386
4133 169.0824 6.2048 -9.2748 3.8866 7.5164 2.3949 -11.1112 4.4628 -9.0109 3.2141 114.5252 2.5658 -7.5633 5.9564 171.6966 3.3471 26.4002 2.4755 166.2763 4.7881
4134 169.5027 6.4629 -8.3355 3.3207 8.0689 2.4990 -11.1580 4.4662 -9.7884 3.2460 115.0863 2.5965 -7.2328 6.3670 171.7303 2.7261 24.1798 2.4280 165.8181 5.0132
4135 169.2104 6.1488 -7.3810 3.0470 9.2403 2.4209 -11.0665 4.4752 -9.6681 3.0618 116.0517 2.4836 -6.6074 6.2597 171.1581 2.5136 22.2486 2.4372 165.8418 4.7434
4136 168.5266 5.8464 -6.4472 2.7982 11.3447 2.3429 -10.8850 4.2280 -9.7128 2.6932 116.9976 2.4850 -6.1062 5.9298 171.0960 2.4033 20.1900 2.1848 166.5133 4.6530
4137 167.2530 5.7404 -5.6147 2.5146 13.8422 2.5247 -10.7848 3.5843 -9.9325 2.4104 117.5227 2.5291 -6.3824 5.5715 170.9870 2.6754 18.3956 2.4518 167.4137 4.1898
4138 166.2581 5.4565 -5.5282 2.6081 17.1183 2.3242 -9.8175 2.7994 -10.1183 2.2287 118.3011 2.5089 -7.0064 5.3715 171.2905 2.8795 15.9863 2.4147 168.1218 3.8692
4139 165.7455 5.1453 -5.2012 2.7708 20.7290 2.3986 -8.9466 1.7985 -10.6150 1.9623 118.7532 2.4616 -7.2064 5.6361 171.1754 2.3726 13.7112 2.4194 168.2445 3.7341
4140 165.2181 4.4595 -4.7083 3.0854 24.3100 2.4850 -8.1913 0.8491 -10.4121 1.7188 119.7824 2.6724 -7.0249 6.0323 170.5179 1.4895 11.3184 2.7613 168.6861 3.6751
4141 165.2466 3.7461 -3.8943 2.8924 27.9764 2.5536 -7.6359 0.5879 -10.0417 1.4353 121.4364 2.5550 -7.1571 6.4123 169.9880 1.0883 8.1995 3.3705 169.2563 3.8410
4142 165.6589 2.7041 -2.8342 2.7718 31.7835 2.6175 -6.4761 0.5573 -9.6555 1.4492 124.0379 2.4256 -6.9580 6.0966 169.2792 0.8748 4.9289 3.5584 169.4934 3.2306
4143 166.1997 1.9091 -1.6600 2.7405 35.3360 2.2548 -5.4385 0.1521 -9.7833 1.9700 127.2816 2.3707 -7.3588 5.5874 168.7506 0.7873 2.1714 3.4874 169.2525 2.3231
4144 166.9553 1.4737 -0.4303 2.3140 38.7086 2.4226 -4.6708 0.1979 -9.8623 2.9134 131.0454 2.4251 -7.9826 5.5650 168.2244 0.2756 -0.3036 3.4557 168.1897 1.5601
4145 167.6954 1.3010 0.6475 1.7618 41.7806 2.5100 -3.5997 0.4653 -10.3131 3.8289 134.4507 2.4139 -8.5763 5.6449 167.3176 0.0046 -2.0935 3.2246 166.7221 1.1954
4146 168.6312 1.5947 2.1348 1.9560 43.6775 2.5842 -2.8627 0.6587 -10.7431 4.4256 137.3482 2.4318 -8.4982 6.0852 167.0809 -0.2784 -3.5774 3.1791 164.8061 1.0002
4147 169.3822 2.2226 4.1183 2.1911 45.2294 2.5724 -1.8281 1.5242 -10.5211 4.4015 140.1570 2.5769 -8.3917 6.4812 167.0540 -0.6866 -4.9170 2.8562 162.4627 1.6489
4148 169.4561 2.8327 6.9297 2.5103 45.8682 2.5997 -0.6062 2.1060 -10.1791 3.9487 141.8640 2.5365 -7.6777 6.1631 166.8631 -1.0428 -5.5850 2.2398 160.0191 1.8057
4149 169.1600 3.3197 10.2164 2.5155 45.8709 2.4703 1.0118 2.3330 -9.8891 3.5218 143.1038 2.5037 -7.0975 5.4762 166.3644 -0.3941 -5.7137 1.1113 157.7830 2.1593
4150 168.7502 3.3538 13.1073 2.6627 45.1018 2.5368 2.8912 2.5702 -9.1618 3.2147 143.3900 2.4724 -6.1460 5.0303 165.7791 -0.0263 -5.3837 0.5931 154.7658 2.0018
4151 168.3007 3.5991 15.5958 2.3897 43.6904 2.4162 4.8402 2.5412 -8.2810 3.4025 143.5506 2.5199 -5.3218 4.8844 166.2430 0.4942 -4.5177 0.4119 151.5431 1.9567
4152 167.3792 3.7147 16.8126 2.5220 41.3940 2.4403 7.4103 2.3761 -7.4292 3.3126 143.5441 2.4503 -3.4689 4.6348 166.8452 1.2708 -3.4434 0.3561 148.2608 2.0244
4153 166.3938 3.7907 17.6637 2.4988 38.6611 2.4466 10.1655 2.5477 -6.7299 2.5979 143.0562 2.4380 -0.8566 4.6502 167.8813 1.9921 -2.0096 0.2540 144.8212 2.3125
4154 165.9663 3.8547 17.7050 2.5987 34.8197 2.4740 12.9074 2.4779 -5.7640 2.0763 142.1928 2.5396 2.0502 4.3442 169.0563 2.5844 -0.4336 0.2448 141.5749 2.5105
4155 165.7236 3.6470 16.6231 2.5461 32.0133 2.3529 14.6879 2.5947 -5.5717 1.2204 140.7268 2.5022 5.1230 3.9037 170.0202 2.8546 1.2821 0.5342 138.9085 2.3890
4156 165.9557 3.3513 15.4600 2.5366 30.0574 2.4143 15.7169 2.5083 -5.6397 0.8927 138.8119 2.5150 7.9822 3.3652 170.5226 2.9502 3.8071 0.6515 137.3093 2.5169
4157 166.4818 3.0346 13.4481 2.4127 28.9721 2.5781 16.0825 2.5269 -5.7041 1.1598 137.0131 2.5304 10.2605 2.9302 170.5761 2.7345 7.0148 1.2856 136.0956 2.5948
4158 167.0218 3.3586 11.4518 2.5391 28.5910 2.4884 15.6599 2.5843 -5.8587 1.4342 134.9885 2.5050 12.4066 2.5168 170.6856 2.5417 10.6143 1.9218 136.1333 2.4538
4159 167.6521 4.0503 9.1041 2.6392 29.0477 2.5703 14.4607 2.6070 -6.0291 1.7662 132.8346 2.6139 13.9132 2.4766 171.0672 2.0427 13.8537 2.2833 136.4173 2.3747
4160 167.9224 4.9454 7.1381 2.6048 30.1307 2.5435 12.8259 2.5094 -6.3080 1.9309 130.5853 2.5366 15.0412 2.4436 171.2772 2.1944 17.3382 2.5822 137.4868 2.4136
4161 167.7840 5.2940 5.1005 2.5692 31.8781 2.5548 10.9306 2.4931 -6.7264 2.3393 127.9834 2.4212 15.0810 2.4600 171.1435 2.4458 21.0964 2.5217 139.2689 2.3488
4162 167.2645 5.5313 3.2921 2.4100 34.3469 2.7637 8.9981 2.4220 -7.1057 2.9458 125.1529 2.4388 14.4328 2.3565 171.3925 2.1161 24.8879 2.3322 142.1268 2.4240
4163 166.5243 5.3272 1.5205 2.1091 37.5809 2.5191 7.4691 2.4140 -7.3210 4.0676 122.6366 2.5226 12.8271 2.4528 171.6528 1.2300 28.7530 2.2982 145.7253 2.6325
4164 165.3448 4.9373 -0.2458 1.8789 40.9123 2.4448 6.4725 2.3931 -7.7695 5.3137 120.6801 2.5930 10.7178 2.8021 171.6428 0.7964 32.4873 2.2749 149.1406 2.6208
4165 163.1311 4.6847 -1.5998 2.0678 43.9746 2.3687 6.2025 2.3827 -7.8716 6.0710 119.5299 2.4167 8.1819 3.3183 171.6872 1.1893 36.1454 2.3281 152.3228 3.1293
4166 160.6972 4.4665 -2.5758 2.4488 46.5710 2.3383 7.2535 2.3935 -8.0734 6.1286 119.2373 2.5008 5.4351 4.0711 171.5493 1.7155 39.5825 2.4942 155.6106 3.8319
4167 157.8559 4.0920 -3.0962 2.9645 47.7522 2.4189 8.8015 2.4780 -8.0937 5.6255 119.8704 2.5584 2.5875 4.4395 171.4160 2.5499 43.0020 2.4914 158.4996 4.0749
4168 154.4641 3.4829 -3.3322 3.4281 48.6221 2.4429 10.8243 2.4022 -7.8794 4.7522 121.3370 2.6998 0.6406 4.7987 171.7088 3.1282 46.3773 2.6416 161.3646 4.3958
4169 151.3685 2.8240 -3.6407 3.7207 48.8454 2.6068 12.9446 2.3775 -8.1877 4.3072 122.6445 2.5505 -1.0902 4.8556 172.2911 3.2542 49.1542 2.5718 163.9284 4.5896
4170 148.1967 2.5092 -4.5230 4.5302 48.1702 2.5929 15.3857 2.3227 -8.7124 3.9321 123.9977 2.4153 -2.3111 4.3849 172.3519 2.8913 51.1943 2.5243 166.0448 4.1919
4171 144.8050 2.4015 -5.5627 4.9235 46.8311 2.5763 16.9431 2.4166 -9.2521 3.5951 125.3396 2.5282 -3.1587 3.9354 172.0683 1.9531 52.4634 2.5670 167.6871 3.7142
4172 141.3764 2.4585 -6.5533 5.4340 44.6926 2.6196 17.3747 2.5127 -9.7196 3.8541 126.2712 2.4465 -4.0469 3.5583 171.5955 1.4380 53.3882 2.5408 169.0111 3.2669
4173 138.0536 2.5840 -7.1162 5.7138 41.7458 2.7359 17.1424 2.4220 -9.9191 3.6565 126.4055 2.4483 -4.2288 2.8965 171.0235 1.4625 53.6807 2.4908 169.2012 2.6522
4174 134.3654 2.6282 -7.5173 5.4133 38.3932 2.6589 16.1656 2.4327 -9.4586 3.8022 125.6684 2.4489 -4.1358 2.5964 170.4594 1.6207 53.7778 2.5365 169.1098 2.2618
4175 131.2515 2.6391 -7.8504 4.7053 34.9007 2.5100 14.3018 2.4226 -9.4969 4.0644 124.4184 2.4453 -3.2839 2.3415 169.3350 1.4806 53.5282 2.4959 168.6217 1.7312
4176 128.3998 2.4337 -8.2541 3.6673 31.3295 2.2080 12.2166 2.2141 -9.5815 4.3135 121.9886 2.3591 -2.4244 1.8244 168.3167 0.9173 53.3070 2.4635 167.7943 1.2552
4177 126.1907 2.3852 -8.6526 2.9554 27.7788 2.4324 9.6715 1.9134 -9.8521 4.1671 118.9318 2.3181 -1.9060 1.2341 167.5459 0.4595 53.5815 2.5245 166.5327 0.8848
4178 124.7202 2.4817 -9.6533 2.6137 24.3431 2.4240 6.6269 1.6169 -10.2063 3.8004 115.2612 2.4479 -2.2176 0.7167 166.9541 -0.1693 53.8417 2.4865 165.0936 0.4403
4179 123.9484 2.5091 -10.5334 1.9494 21.4391 2.5840 3.9192 1.3274 -9.7792 3.3759 111.7269 2.4840 -2.2535 0.3788 166.2842 -0.3370 54.8634 2.3989 164.0124 0.5057
4180 124.0358 2.4336 -10.7689 1.6337 19.5714 2.4471 1.6081 1.0694 -8.9144 2.7604 108.1752 2.4165 -2.2833 0.0011 165.6882 -0.3656 56.2679 2.4048 163.5568 1.0020
4181 124.8828 2.4113 -10.8120 1.4232 18.2922 2.4894 -0.1954 0.6918 -8.0941 2.0796 104.9236 2.3272 -2.6420 0.0514 165.7410 -0.1013 57.8411 2.4213 163.0457 1.5011
4182 126.1932 2.3664 -10.6254 1.6834 17.7901 2.5227 -1.7571 0.5212 -7.7326 1.8053 102.0001 2.4356 -2.7213 -0.1237 166.6682 0.1873 59.4963 2.3297 162.7192 1.9519
4183 128.6148 2.2970 -10.8528 1.7136 17.7351 2.4520 -3.0049 0.4503 -7.5233 1.6595 99.3407 2.4065 -2.8320 -0.2350 167.1337 0.1083 60.9719 2.4784 162.9841 1.6345
4184 131.5607 2.3553 -10.8504 2.4023 17.7268 2.5214 -3.6152 0.8740 -6.7932 1.7977 97.6150 2.5622 -3.2413 -0.1777 167.8521 0.7454 61.5563 2.4583 163.6070 1.0985
4185 134.7861 2.5438 -10.6771 2.8894 18.3309 2.5178 -4.1955 1.3043 -6.1151 2.3107 96.3276 2.5015 -3.4521 -0.3170 168.9040 0.6983 61.0129 2.5330 164.6904 0.4030
4186 137.4781 2.5664 -10.8054 3.7166 18.8751 2.5478 -4.7238 2.1982 -5.8891 3.2055 96.0746 2.4810 -2.8807 -0.2515 169.9888 0.5238 60.1761 2.5544 166.0159 -0.0655
4187 139.0277 2.5214 -10.6537 4.5175 19.3932 2.5237 -4.9075 3.0374 -5.5597 4.1792 96.3909 2.6280 -1.5622 -0.3293 170.5165 0.2501 58.3122 2.5418 167.6207 0.2148
4188 139.7865 2.3795 -10.4163 4.4962 19.3794 2.4777 -4.5807 3.8579 -5.4276 4.8733 97.2984 2.4878 0.3718 -0.0785 170.7266 0.3277 56.1751 2.5285 168.9320 0.2019
4189 139.9328 2.5041 -10.3060 4.5180 18.4490 2.4244 -4.8701 4.6603 -6.1059 5.2026 99.3843 2.5657 2.6152 0.5308 170.7625 0.6483 53.4406 2.6746 169.8930 -0.0449
4190 139.4574 2.6454 -10.2797 3.7508 16.7919 2.3998 -5.3003 5.5533 -6.6765 5.4553 102.1158 2.6465 5.8896 1.1459 171.0705 1.1223 50.7172 2.5205 170.3682 -0.2848
4191 138.2885 2.6197 -10.5171 2.8025 15.0766 2.5336 -5.6398 6.0728 -6.8150 5.1732 105.3355 2.6281 9.2967 1.8756 170.6907 1.2386 48.3764 2.5362 170.1448 -0.8620
4192 136.5652 2.6832 -10.4328 2.0121 13.7918 2.4575 -5.5807 6.3777 -6.9152 4.8514 109.1719 2.4225 12.5546 2.1806 170.0504 1.6384 46.6969 2.4667 170.2924 -0.9370
4193 134.5059 2.7153 -9.9772 1.7298 12.2815 2.5170 -5.4960 6.3378 -6.8929 4.1847 112.6842 2.4990 15.6026 2.4987 169.2333 1.6863 46.0207 2.4606 170.2499 -0.6702
4194 132.2565 2.6383 -9.2541 1.4617 11.2413 2.3864 -4.7074 6.0205 -6.6921 3.3490 116.1476 2.5149 17.7353 2.6083 168.2697 1.8149 46.0832 2.5666 169.5106 -0.3708
4195 130.6463 2.7079 -8.4879 1.1515 11.2922 2.5169 -4.3001 4.9683 -5.9866 3.1209 119.4460 2.5456 19.4494 2.5971 167.5618 2.3046 46.6782 2.6031 168.4151 -0.2917
4196 129.5759 2.5127 -7.6647 1.0413 11.6001 2.6269 -4.8941 4.1609 -5.1967 2.9373 122.5925 2.6381 20.6517 2.5262 167.0802 2.8070 48.3162 2.5383 167.3512 -0.0921
4197 129.5478 2.4705 -6.7133 1.2638 13.0220 2.6750 -5.5835 3.5712 -4.6609 2.6976 124.9725 2.5665 21.2127 2.5013 166.7549 3.4386 50.7768 2.5686 166.7007 0.0881
4198 130.1985 2.4015 -5.7288 1.3666 15.2517 2.7394 -6.2345 2.7984 -4.2205 2.5768 127.2198 2.4932 21.1353 2.3315 166.3653 3.6418 53.8169 2.4527 165.8641 0.5228
4199 131.5443 2.3598 -4.3417 1.3896 18.2793 2.7130 -6.9472 2.3032 -3.7431 3.1690 128.7397 2.4018 20.1153 2.4092 165.8050 3.9745 57.2175 2.4287 165.5456 1.3629
4200 133.8211 2.4590 -2.4561 1.7299 22.0327 2.7495 -7.2961 1.9445 -2.8192 3.4641 130.1506 2.5366 18.1312 2.3907 165.2059 4.1800 61.0116 2.3835 165.5269 1.9849
4201 136.6799 2.5193 -0.8574 2.3167 25.5016 2.6522 -7.8054 1.7080 -1.8979 3.5881 132.0304 2.4281 15.2678 2.4727 164.5829 3.7090 64.8782 2.4220 166.6538 2.9710
4202 140.1208 2.5521 1.2600 2.8696 28.5166 2.6845 -8.0862 1.6931 -0.1252 3.5074 134.1463 2.5302 12.1474 2.9849 164.6513 3.5200 68.7654 2.3292 167.6493 3.5113
4203 143.7708 2.5448 2.7104 3.3181 30.7553 2.5756 -8.2631 2.5651 1.6189 3.4613 135.4628 2.5334 8.6619 3.6819 164.9469 3.7257 72.2370 2.4408 168.1083 3.9973
4204 147.5253 2.5122 3.8019 3.3538 32.7037 2.4147 -8.1288 3.3458 2.8681 3.4840 136.0776 2.5282 5.2931 4.1734 164.8815 3.6299 76.0209 2.4528 168.8763 3.8994
4205 150.7641 2.9249 5.0037 3.0498 33.4282 2.4713 -7.8601 4.1221 3.6820 3.3986 136.5777 2.5651 2.0097 4.6497 164.8052 3.5083 79.7258 2.4918 169.4494 3.5523
4206 153.9195 3.6211 6.2259 2.7192 33.0464 2.4943 -7.1026 4.5171 4.1409 2.9773 137.1337 2.5374 -0.9824 4.8482 164.5691 3.0692 82.8765 2.5837 169.7083 2.9921
4207 156.7326 3.8618 7.2798 2.5422 32.7076 2.5640 -6.1897 4.5755 4.1596 3.0241 138.2177 2.4682 -3.5225 4.4934 164.6092 2.6712 85.3069 2.5034 169.7261 2.0596
4208 159.1203 4.0912 8.0629 2.5442 31.5293 2.5901 -5.7374 4.2865 3.9656 3.4545 139.8334 2.4517 -5.6840 4.1174 164.9020 2.9492 86.9705 2.5906 169.6741 1.1817
4209 161.3023 4.5022 8.0157 2.5464 29.6505 2.5542 -5.0866 4.0776 3.2072 3.6335 141.4378 2.4050 -7.6778 3.9980 164.8247 3.3122 88.3600 2.5419 169.1635 0.7134
4210 163.2068 4.8294 7.4284 2.5529 26.7484 2.4455 -4.2982 3.3019 1.7365 3.5191 143.6070 2.4145 -9.2230 4.0660 164.7846 3.5141 88.4697 2.5047 168.7219 0.4509
4211 164.8061 4.9754 6.4784 2.5671 23.6414 2.4101 -4.0632 2.5901 -0.3309 3.0198 145.3936 2.5691 -10.0509 4.3828 165.1150 3.5753 88.2498 2.6306 168.3536 0.7905
4212 166.1638 5.4397 5.3676 2.6794 20.9292 2.5130 -3.6094 1.8388 -2.7798 2.3983 147.4687 2.5521 -10.0958 4.4353 165.9943 3.4047 86.9590 2.6449 168.2623 1.5887
4213 166.8956 5.8117 4.2021 2.6591 18.6793 2.3871 -3.5308 1.2576 -5.0671 2.0448 149.2930 2.3206 -9.7701 4.3542 166.9549 3.3884 85.2506 2.6253 168.2509 2.3778
4214 167.1519 5.9495 3.0274 2.7831 17.4483 2.4338 -3.8696 0.7629 -7.1582 2.1921 151.9772 1.9440 -8.9127 4.0132 167.9412 3.3345 82.5389 2.6020 168.3802 3.0498
4215 167.4794 5.2650 1.6233 2.6412 16.5640 2.4929 -4.1558 0.6856 -8.5979 2.6282 155.1053 1.1925 -7.9717 3.8211 168.9124 3.5891 79.2207 2.6249 168.9063 3.5719
4216 166.8725 4.3789 0.7290 2.7509 16.5997 2.5619 -4.3686 1.2200 -9.2882 2.8022 158.2206 0.5535 -7.1809 3.8576 169.7409 3.7626 75.4388 2.5923 169.4975 4.1736
4217 166.1332 3.5826 -0.3068 2.6942 17.4811 2.4675 -4.2961 1.6325 -9.7427 2.6446 161.1537 0.2016 -7.1814 3.9429 170.1816 4.2297 71.6412 2.5277 170.1400 4.5837
4218 165.8725 2.7039 -0.9801 2.3348 17.9944 2.4705 -4.2312 1.6232 -10.1070 2.5911 163.8114 0.3343 -6.8890 4.2762 170.4453 4.1049 68.2882 2.5634 170.3988 5.2582
4219 165.9093 2.0031 -1.3444 1.7720 18.6112 2.4372 -4.5952 0.9077 -10.2824 2.9414 166.2050 0.7744 -6.4157 4.0794 170.3493 3.1777 64.7696 2.5010 170.3879 5.5159
4220 166.0830 1.3123 -1.8192 1.2286 19.4869 2.5014 -5.0533 0.4745 -10.6527 3.6924 167.7384 1.2100 -5.9088 4.2300 170.4693 2.3725 61.0405 2.4631 170.3184 5.8446
4221 166.6427 0.7123 -2.4848 0.8678 20.0597 2.4730 -5.0204 0.4900 -10.6659 4.7441 169.0005 1.7726 -5.6814 3.6717 170.4984 1.6831 57.5177 2.5272 170.2137 5.6419
4222 166.8569 0.3261 -3.8528 0.6892 19.6918 2.6157 -4.6941 0.7252 -10.1757 5.7678 169.2892 2.4551 -6.1132 3.3437 170.5560 1.0918 54.0626 2.5318 170.2719 5.3348
4223 168.0283 0.4028 -5.6608 0.5366 18.7175 2.6168 -4.4845 1.0932 -9.0940 6.0180 169.0614 2.8545 -7.4065 3.4710 170.2165 1.2133 50.4169 2.5248 170.2034 5.0592
4224 169.0338 0.6748 -6.9349 0.1116 17.0386 2.6353 -4.7326 1.6570 -7.4709 5.9800 168.5972 3.3246 -8.5099 3.6094 169.9266 1.5482 47.0513 2.7011 170.1758 4.7253
4225 169.3949 1.3649 -8.1093 -0.2472 14.6283 2.6068 -5.2154 2.2437 -6.1961 5.4545 168.0131 3.7036 -9.0592 4.1246 169.4450 1.7548 43.3915 2.6480 170.1498 4.1363
4226 169.3652 2.2924 -9.1445 -0.1804 11.6242 2.1428 -5.4891 2.5706 -4.7608 5.0072 167.4617 3.8555 -9.6375 4.4589 169.3133 2.3019 39.6321 2.5175 169.6966 3.6656
4227 169.5715 3.1528 -9.9600 -0.1344 8.2563 1.7810 -5.9864 3.0944 -3.1354 4.7866 166.7860 3.7482 -9.3731 5.0438 169.5845 2.9839 35.7564 2.5524 170.0922 2.8097
4228 169.3880 4.2291 -10.4957 0.2488 5.0353 1.4847 -6.3175 3.6429 -0.4483 4.4899 166.0217 3.5847 -9.5275 5.5628 170.0586 3.0858 32.7821 2.5122 170.8260 2.0112
4229 169.3668 5.3344 -10.6588 0.7266 2.7199 1.6242 -7.0135 4.5182 2.2959 4.0687 165.2200 3.1319 -10.0263 5.5769 170.8711 3.5796 30.6092 2.5244 171.2439 1.2974
4230 169.3744 5.8662 -10.7688 0.8163 0.7334 2.0169 -7.8749 4.6759 5.3018 3.6549 164.6297 2.5936 -10.8274 4.6677 170.9134 3.8319 29.1723 2.4940 171.7417 0.6341
4231 169.6336 6.1695 -10.6709 0.9891 -0.9553 2.3756 -8.5967 4.7140 7.5563 3.1444 164.5389 2.4223 -11.1642 3.8292 170.8917 3.7411 28.4627 2.4827 171.8552 0.6138
4232 169.4384 6.3794 -10.3292 1.0076 -2.0444 2.9855 -9.2821 4.2726 8.8734 2.6823 164.6181 2.3116 -11.0343 2.6307 170.9928 3.7790 28.3812 2.5126 171.5541 0.7843
4233 168.9888 6.4111 -10.3074 1.3777 -2.9797 3.1460 -10.2350 3.9512 10.0364 2.6465 164.8413 2.4483 -10.8299 1.6094 171.1661 3.8562 29.2227 2.5146 171.2050 1.2528
4234 169.0756 6.4401 -10.3144 2.0050 -3.4495 3.2615 -10.8074 3.6201 10.4684 2.4354 165.4039 2.8616 -10.8894 1.3874 171.3018 3.8144 30.8150 2.5912 171.0096 2.0822
4235 169.5927 6.1679 -10.3843 2.7913 -3.6692 3.5683 -10.6391 3.6435 10.1638 2.5373 165.8962 3.8683 -11.0328 1.4661 170.8578 3.5645 32.9488 2.6038 171.4311 2.7768
4236 170.2676 5.7118 -9.6696 3.5838 -3.6331 4.0836 -10.2471 3.5274 9.1160 2.2864 165.8444 4.7566 -11.0585 0.9818 170.0724 3.0401 35.9791 2.4758 171.6400 2.5846
4237 170.9448 5.1501 -9.4487 4.5152 -3.7849 5.0015 -9.6865 3.7032 7.7341 2.2639 165.4427 4.7734 -11.0547 0.6117 169.1517 2.9035 39.8712 2.5277 171.5507 2.2150
4238 171.5988 4.2041 -9.6380 5.2674 -4.2464 5.6012 -9.0712 4.2235 6.1117 2.4944 165.4926 5.0372 -10.5825 -0.0786 168.3565 2.4775 43.0792 2.4207 171.5965 2.0280
4239 171.9336 3.3735 -10.1477 5.5404 -4.7030 5.8001 -9.1775 4.8371 3.9756 2.3570 165.8434 4.7863 -10.3408 -0.4434 167.6603 1.8286 46.7399 2.4021 171.8871 2.6756
4240 171.8963 2.8731 -10.4185 5.2050 -5.5206 5.1405 -9.2457 4.9857 2.2467 2.4132 165.9331 4.3874 -10.1852 -0.4430 167.6077 1.3739 50.4416 2.4157 171.8270 3.1582
4241 171.7589 2.9485 -10.5375 4.5069 -6.4123 4.5100 -9.6182 4.7501 1.4066 2.6109 165.4862 3.9147 -10.5484 0.0110 167.8928 1.2310 54.2108 2.3269 171.8666 3.1891
4242 171.8352 3.1707 -10.1507 3.9355 -7.1395 3.8493 -9.9978 4.3228 1.3962 2.7850 164.6955 3.3867 -10.7315 0.8506 168.1778 1.1360 57.8912 2.4127 171.6086 2.4540
4243 171.4116 3.5633 -9.7783 3.2451 -7.9057 3.2385 -10.1045 4.0460 2.1573 3.0216 163.8269 2.8857 -10.4265 1.6699 168.3392 1.0077 61.4454 2.2560 171.6736 1.7571
4244 170.6639 3.5017 -9.4909 2.7859 -8.4832 2.6269 -10.2273 3.9870 3.3417 3.1638 162.2529 2.3100 -10.4818 1.9655 168.8277 0.7433 65.4097 2.3841 171.7254 1.4569
4245 170.1853 3.7066 -9.7525 2.3143 -8.4074 2.1264 -10.3779 3.8300 5.3350 3.0885 160.0742 1.6535 -10.1712 1.8132 169.5434 0.2264 69.0553 2.4697 171.8542 1.7687
4246 169.7731 4.3329 -10.2457 2.3718 -8.0297 1.5086 -10.8461 3.2394 7.6426 2.9769 158.2675 1.4799 -10.0155 1.1912 170.1358 -0.0154 72.5531 2.3587 171.5638 2.3851
4247 169.8675 5.0135 -10.1055 2.0729 -6.8952 0.9271 -11.1530 2.3443 10.8836 3.0581 156.5252 1.5247 -9.8988 0.8957 170.3402 -0.0265 75.9504 2.4461 171.1627 3.1811
4248 169.5096 5.3788 -9.2965 1.8863 -5.4312 0.3567 -10.9701 1.6049 14.0614 2.8054 155.7914 1.8841 -10.0423 0.6236 170.4212 0.1342 79.3716 2.4803 170.5117 3.6672
4249 169.3211 5.3943 -8.5469 1.7108 -3.1286 0.2970 -10.8347 1.1047 16.4386 2.4737 155.4442 2.2052 -10.1864 0.5841 170.1949 0.4797 82.8505 2.6984 169.9094 3.6207
4250 169.4837 4.6951 -7.9816 2.1531 -1.0164 0.4770 -10.4564 0.5696 18.3487 2.5548 155.4957 1.9206 -9.8570 0.5989 169.6925 0.2274 86.4980 2.7290 169.0280 3.4169
4251 169.5468 3.4976 -7.6376 2.6768 0.7438 0.8547 -10.0155 0.5779 19.3802 2.4941 156.1280 1.1974 -9.5781 0.4864 169.2436 -0.1513 90.0154 2.5051 168.3679 3.2566
4252 169.7637 2.3610 -7.7954 3.3727 1.9641 1.3602 -9.7217 0.4381 19.5576 2.5173 157.6896 0.7903 -10.0946 0.1417 168.6901 -0.5339 93.4912 2.5861 168.2139 2.8217
4253 170.0693 1.6512 -8.2450 4.1134 2.1391 2.0385 -9.3754 0.1305 19.0643 2.5202 159.6529 0.2037 -10.0248 -0.4347 167.8366 -1.0016 96.4792 2.5491 168.0300 2.3994
4254 170.5182 1.6738 -8.0443 4.3783 2.1331 3.0622 -9.5007 -0.1956 18.0375 2.5598 162.1971 0.0694 -9.8624 -0.8281 167.2840 -1.1780 99.0441 2.4217 167.9417 2.0312
4255 170.2944 1.6477 -8.0153 4.4910 1.7508 3.4416 -9.2885 -0.3833 16.3871 2.4317 164.3257 0.2235 -9.1276 -1.0625 166.8078 -0.7343 100.3911 2.5296 168.2216 1.8621
4256 169.3887 1.3918 -8.0575 4.5556 1.3796 3.8234 -8.8055 -0.8499 13.5533 2.3909 165.7150 0.2533 -8.4761 -0.8909 166.3734 0.2313 101.3219 2.5955 168.8913 1.4461
4257 168.5065 0.6785 -8.2459 5.0378 0.8714 3.7189 -8.5897 -1.1622 10.2467 2.5010 166.5637 0.1544 -7.8211 -0.7220 166.1811 1.3823 101.5681 2.6038 169.7195 0.9020
4258 167.6265 0.3909 -8.3114 5.5741 0.0072 3.6379 -8.4057 -1.0571 6.9459 2.7856 167.2238 0.3346 -7.2748 -0.5505 166.5018 1.9483 101.1681 2.4503 170.6123 0.4986
4259 167.0494 0.3888 -8.0240 5.7000 -1.4163 3.0249 -8.6618 -0.9403 3.6527 2.9439 167.7386 1.3017 -6.7154 -0.4777 166.6260 2.5169 99.6814 2.6646 171.1173 0.1995
4260 166.8965 0.9129 -7.5245 5.3533 -3.0490 2.5145 -9.4086 -0.9568 0.4533 2.7445 167.6421 2.2145 -6.1158 -0.6900 167.0390 3.2713 97.6024 2.6985 171.1296 0.2384
4261 166.9180 0.9554 -7.4555 4.8309 -4.4558 1.7721 -9.9131 -0.8267 -2.2291 2.6792 167.2033 3.1893 -6.2938 -0.7431 167.5329 3.9144 95.0617 2.6317 170.6859 0.4476
4262 166.3338 0.6805 -7.8473 4.1008 -5.7443 1.2581 -10.1237 -0.6795 -4.5278 2.2322 166.2628 3.8334 -6.5524 -0.7860 168.3426 4.7057 92.7268 2.6787 169.8663 1.1079
4263 165.7433 0.4289 -7.7990 3.5182 -6.8352 0.6617 -10.2565 -0.4852 -6.6231 1.5189 165.3753 3.8527 -6.7163 -0.7285 168.9847 5.1568 90.8874 2.5120 169.0016 1.9127
4264 165.2908 0.1705 -6.8664 3.4442 -7.3402 0.1338 -10.0346 -0.8294 -8.2434 1.3301 164.7374 3.5822 -7.0307 -0.5468 169.7133 5.3123 89.9805 2.4999 168.7644 2.3134
4265 164.8769 0.3709 -6.3838 3.4661 -7.7066 -0.2174 -9.8225 -1.1422 -9.1774 1.0820 164.6991 2.9262 -7.4265 -0.3830 170.5546 5.5156 89.5020 2.4755 168.4778 2.5830
4266 164.6563 0.5380 -6.3882 3.2696 -8.1822 -0.4937 -9.2982 -1.1788 -9.8227 0.7769 164.9313 2.5717 -7.9316 -0.5064 171.2172 5.2519 89.5246 2.4867 168.4699 2.8206
4267 164.4121 0.9811 -6.7138 2.7838 -8.7471 -0.6765 -9.3317 -0.7518 -10.0539 0.2994 164.7875 2.4620 -7.9343 -0.9193 171.2662 4.5640 90.6524 2.5650 168.5863 2.9543
4268 164.0638 1.3451 -6.8368 2.2744 -9.0048 -0.5280 -9.2776 -0.7831 -10.2016 0.0601 164.5834 2.0080 -7.7350 -1.0463 170.8510 3.6990 91.9384 2.4069 168.8580 3.0426
4269 163.6983 1.4457 -7.0630 1.9250 -9.1236 -0.4074 -9.0672 -0.9331 -9.8998 -0.2135 164.4247 1.1515 -7.7635 -0.7302 169.7043 3.3871 93.6625 2.3790 169.1021 2.8481
4270 163.9337 2.0905 -7.4126 2.2751 -8.8688 -0.3570 -8.4361 -1.0104 -9.0515 -0.3460 164.7608 0.4650 -8.0549 -0.8001 168.6189 3.7802 95.1326 2.3182 169.5077 2.7951
4271 164.6317 2.9625 -7.3133 2.6365 -8.2473 -0.6125 -7.7397 -0.5896 -8.5896 0.2257 165.5848 0.0383 -8.1129 -0.7367 167.8827 3.8195 95.8938 2.5137 169.9797 2.3753
4272 165.5394 3.4404 -6.9404 2.6999 -7.5407 -1.1597 -7.0702 0.2629 -8.2375 1.2371 166.5832 0.1758 -8.0655 -0.7760 166.9931 3.7220 95.8531 2.5641 169.9466 1.9843
4273 166.9852 3.6984 -6.9093 2.3865 -6.3327 -1.4496 -6.7570 1.0219 -8.2468 2.2404 167.2960 0.8821 -7.5163 -0.1212 165.9862 3.3455 95.4008 2.5582 169.6282 1.7759
4274 168.3649 3.5905 -7.1864 1.7644 -5.5495 -1.2083 -6.4458 1.5980 -7.9703 3.3637 167.7373 1.8465 -6.8438 0.7625 165.4075 2.5960 94.0963 2.5544 169.4780 1.0930
4275 169.5834 3.4835 -7.3311 0.6913 -4.9307 -0.1538 -6.3593 2.2592 -7.8419 3.7666 168.5094 2.8883 -6.2382 1.9743 165.0785 2.1533 92.0406 2.4191 169.1067 0.4686
4276 169.7777 2.8155 -7.7096 -0.0811 -4.8138 1.1173 -5.8513 2.8318 -8.4769 3.8752 169.5993 3.2366 -6.6829 3.0272 165.1884 1.6587 89.4453 2.4193 168.4717 0.1143
4277 169.3598 2.4157 -7.9398 -0.1875 -5.1242 2.3365 -5.4608 3.6962 -8.8641 4.2095 170.7340 3.2280 -7.4636 3.5490 165.1575 1.3373 85.8632 2.5733 167.8668 0.2870
4278 168.9513 2.1648 -7.1927 -0.1409 -5.5929 3.4589 -5.1498 4.3765 -9.0305 3.9094 171.6041 3.0460 -8.1221 3.9432 164.9280 1.0497 82.5163 2.5309 167.3727 0.3863
4279 167.9993 1.8481 -6.5451 0.4699 -5.4228 4.0339 -5.0834 4.8335 -9.0453 3.4202 171.9713 3.4536 -8.3666 4.5287 165.0996 0.8524 78.9557 2.3778 167.6419 0.7223
4280 166.4171 1.3841 -5.7364 0.6601 -5.2059 4.6521 -5.4179 5.2223 -9.4926 3.0241 172.0993 3.7020 -8.5824 4.4574 164.4277 0.5409 75.8427 2.3511 168.2161 0.7422
4281 164.3513 1.2879 -5.2571 1.2009 -4.9100 5.4602 -5.6508 5.5284 -9.8616 1.9482 171.9202 4.3506 -8.6418 3.8282 163.2658 0.0448 73.0666 2.5423 168.6637 0.7492
4282 162.4021 1.5443 -5.5861 1.9302 -4.5528 5.6062 -6.1765 5.5413 -10.6434 1.4693 171.3471 4.6477 -8.6368 2.9555 162.1184 -0.0301 70.8529 2.5853 168.6266 0.3789
4283 161.0777 1.6969 -5.5001 2.7142 -4.2857 5.6528 -6.7875 5.2402 -10.8341 1.1964 171.0017 4.6212 -8.7381 2.2093 160.5376 0.1758 69.3259 2.5539 167.9912 -0.0621
4284 160.4325 2.0488 -5.6151 3.6690 -3.5465 5.5655 -6.5665 5.1146 -10.4567 1.0760 170.3813 4.3376 -9.3518 1.3554 158.9566 0.4984 68.6969 2.5496 167.3191 0.2879
4285 160.0221 2.5188 -6.1939 4.3007 -2.3306 5.2120 -5.9372 5.2259 -9.6859 1.3746 169.4832 4.3930 -9.6355 0.6985 157.1842 0.9398 68.2899 2.4368 166.8472 1.0239
4286 160.3806 3.3144 -7.1585 4.3345 -0.8851 4.9266 -5.3779 5.4479 -8.7676 2.0754 169.2210 4.9119 -9.9049 0.4224 156.1234 1.5988 67.8194 2.4838 166.6246 1.3603
4287 161.0299 3.6417 -8.4281 4.3188 0.6012 4.3585 -4.8824 5.4696 -7.8701 3.2977 168.8318 5.3918 -9.8442 0.2202 155.7134 2.0136 67.9910 2.5564 166.0005 1.6212
4288 162.1540 3.7533 -9.4137 4.2804 1.4520 3.9055 -4.2751 5.3547 -7.3316 4.1722 168.3137 5.9287 -9.5188 0.5699 156.0816 2.6169 67.8060 2.4365 165.3664 1.6310
4289 163.5467 3.4085 -9.9303 4.2491 1.8321 3.7382 -3.6565 5.3137 -7.0493 4.8883 168.0570 6.1235 -9.1807 1.3399 156.4523 3.0857 67.9249 2.5046 165.1084 1.6609
4290 165.2542 2.9288 -10.5622 4.0337 1.4488 3.8763 -2.3302 4.9426 -7.0853 5.8937 168.1513 5.8537 -8.7780 2.2253 157.0656 3.2357 67.4835 2.5247 164.5695 1.8391
4291 167.3146 2.6985 -11.0667 3.5936 0.5515 4.2928 -0.5406 4.6343 -7.0690 6.4080 168.5061 4.9953 -8.6474 3.0486 157.8014 3.2627 66.5776 2.5600 164.2962 1.7079
4292 168.6902 2.8258 -11.5178 3.1124 -0.7000 4.8000 0.8842 4.3772 -7.1170 6.5970 169.0287 4.0981 -8.6679 3.7557 158.7267 3.2632 65.6760 2.5581 164.4066 1.6161
4293 169.4366 2.1648 -11.3320 2.9410 -2.6986 4.8269 2.0685 3.8309 -7.4944 6.3556 169.4549 3.2384 -8.6649 4.1190 159.2325 3.1299 64.7362 2.5638 164.9206 1.6317
4294 170.0362 1.8739 -11.2627 2.8803 -4.8370 4.2948 2.5589 3.6378 -8.1224 5.6231 169.6321 2.6307 -8.6015 3.8602 159.2556 3.1498 63.8995 2.5968 165.9565 1.3272
4295 170.0947 1.5073 -11.2873 3.3781 -6.7006 3.7831 2.5550 3.5500 -8.4628 4.7307 169.2866 2.0813 -8.6339 4.0092 159.0745 3.2397 63.0373 2.4945 167.3271 0.9205
4296 169.7432 1.7424 -11.2317 4.0533 -7.6743 3.2936 1.9697 4.0777 -8.6337 3.6706 168.7437 1.6090 -8.5285 4.0558 158.5596 3.4223 63.2390 2.4725 168.4060 1.2725
4297 169.4358 1.8145 -10.6359 4.8163 -7.8685 3.0149 0.8060 4.6965 -8.7572 2.9421 168.0396 1.3386 -8.6710 3.6496 158.2934 3.4737 64.0299 2.5521 169.4313 1.8128
4298 169.5000 2.2952 -10.1554 5.5839 -7.8914 3.3298 -0.5272 5.1180 -8.9762 2.0498 167.2509 1.2219 -8.9336 2.9202 158.3779 3.0753 65.3435 2.3599 169.8948 2.4386
4299 169.5950 2.6836 -9.4533 5.6670 -7.8230 2.9378 -1.8432 5.4792 -8.5766 1.4935 166.4210 1.5217 -9.5124 1.8466 158.6432 2.7674 67.6393 2.3609 169.7933 3.0791
4300 169.4733 3.3588 -8.6910 5.2175 -7.6619 2.9730 -3.1832 5.3832 -8.2523 0.8047 166.1105 2.1725 -9.8772 0.7824 159.2362 2.7354 70.4434 2.2884 169.2995 3.1993
4301 169.6019 4.0466 -8.0769 4.7813 -7.3919 2.8357 -3.8679 5.3678 -7.6506 0.8094 166.4480 3.0773 -9.6080 0.0695 160.5073 2.8304 74.1840 2.5654 168.2883 3.1748
4302 169.8828 4.0862 -6.8181 4.2414 -6.6166 2.9452 -4.2307 5.3067 -7.3071 1.0300 166.9375 3.6055 -9.2107 -0.5438 161.8642 2.7957 77.8461 2.5415 166.6527 3.7607
4303 170.4436 4.1461 -5.3008 4.2873 -5.5553 3.6722 -3.6455 5.1323 -7.4115 1.4620 167.8692 3.7581 -8.9010 -0.6951 163.3549 3.0812 80.9990 2.6108 164.6267 4.3403
4304 170.7262 3.8021 -3.5588 4.3425 -5.0351 4.0457 -2.2544 5.0185 -7.6076 1.6727 168.2009 3.8018 -8.5697 -0.5876 164.6590 2.4875 83.2707 2.4467 162.2244 4.5878
4305 170.8083 2.6631 -1.8922 4.3004 -4.5103 4.3960 -0.4071 4.8581 -7.7800 2.2675 168.3836 3.8414 -8.0760 -0.8698 165.4563 2.2337 84.7076 2.5033 160.1526 4.4055
4306 170.4451 1.7036 0.2131 3.6191 -4.2806 4.3241 1.9299 4.2773 -8.4718 2.4143 168.3511 3.8048 -7.7599 -1.4369 165.9802 1.9980 85.8392 2.4624 158.4722 3.9173
4307 169.6041 1.3053 1.8703 3.0752 -4.4054 3.8334 4.9059 3.8841 -8.9691 2.3629 168.0926 3.3756 -7.4506 -1.7533 166.4101 1.8763 86.9142 2.3435 157.2757 3.3577
4308 168.7468 1.3422 2.8350 2.7197 -4.5375 3.4371 7.9257 3.3513 -9.4530 1.9661 167.4297 2.9569 -7.4261 -1.7211 166.5551 1.9012 88.0685 2.5239 157.0176 2.6805
4309 167.3342 1.0692 2.9155 2.1721 -4.2873 3.1013 10.6156 2.8087 -9.3816 1.3542 166.3250 2.4740 -7.8772 -1.2584 166.6792 1.9664 89.2979 2.5391 157.2495 2.1115
4310 166.0819 0.8348 3.3507 1.8880 -3.5226 2.9985 12.5876 2.5606 -8.7383 0.8451 164.7216 1.8463 -8.4942 -1.0138 166.7138 2.3597 90.2483 2.4457 157.8337 1.3866
4311 164.5151 0.6985 3.0471 1.3945 -3.5778 2.5616 14.0120 2.4740 -7.9349 0.6091 162.2753 1.7594 -9.0053 -0.3153 166.4277 3.2512 91.5154 2.3913 159.2514 0.7606
4312 163.4040 0.8708 2.0715 0.7855 -3.4034 1.7482 14.3516 2.4393 -6.9116 0.5612 159.7276 1.7473 -8.4637 0.7447 166.0820 4.0334 92.7421 2.5766 161.0513 0.4870
4313 162.2060 1.1027 0.3562 0.3911 -3.6449 1.3711 14.1304 2.5853 -6.2397 0.8012 157.1569 1.7122 -7.8900 1.2568 165.8503 4.4764 94.4434 2.4424 163.2300 0.3403
4314 161.0476 1.7612 -1.5763 0.3050 -4.0929 1.6196 13.1470 2.5844 -5.7689 1.2121 154.2084 1.9066 -7.5474 1.1865 166.0794 4.6375 96.8578 2.4260 165.0524 0.2577
4315 160.0555 2.3322 -4.1611 0.5369 -4.6369 2.1018 11.6590 2.5076 -5.1440 1.3531 151.2019 2.2608 -7.2793 0.9517 166.6274 5.0922 100.2758 2.3508 165.9785 0.5254
4316 158.9107 2.5071 -6.1995 0.9998 -4.7096 2.7779 9.5840 2.2068 -4.7933 1.4649 147.8408 2.5865 -7.0137 0.8615 166.8838 5.6221 103.7485 2.4034 166.1235 0.6674
4317 158.2740 2.3591 -7.7509 1.1647 -5.0735 3.3996 7.2144 1.5154 -4.9313 1.8164 144.3989 2.6479 -6.9820 0.6234 167.2988 6.1159 107.4227 2.2630 166.4245 0.8569
4318 158.1462 2.3131 -8.3523 1.3308 -5.9517 3.2058 3.8668 0.9432 -5.5542 2.0705 141.3426 2.5222 -6.4189 0.5542 167.5446 6.1274 110.9485 2.3718 166.7856 1.6539
4319 157.5607 2.2353 -8.5390 1.9227 -6.6648 3.0838 0.7836 0.6153 -6.1277 2.2165 138.8689 2.5019 -6.4999 0.5020 167.9864 5.5997 114.5070 2.6105 167.4122 2.6507
4320 156.4660 2.4252 -8.6495 2.6798 -7.3105 3.5455 -1.7990 0.6485 -6.4367 1.6627 136.8622 2.4850 -7.0032 0.6384 168.2220 4.6797 118.1674 2.4388 167.7261 3.6223
4321 154.8150 2.5902 -8.3216 3.6296 -7.7814 4.1859 -3.8499 1.2417 -6.9412 0.8075 135.6772 2.5243 -7.8483 0.6008 168.4355 3.6680 121.8018 2.3695 168.0780 4.3250
4322 153.1477 2.5408 -7.5367 4.1943 -8.5863 4.6171 -5.3317 1.8650 -7.0890 -0.3038 135.1252 2.4341 -8.8636 0.7094 168.2413 2.7379 125.3017 2.5849 168.5818 4.1100
4323 151.9737 2.5418 -6.5662 4.2765 -9.0339 4.6929 -6.2174 2.0205 -7.0544 -0.8892 135.2442 2.4971 -9.2416 1.4861 168.4517 2.3585 128.8884 2.4811 169.0385 3.9542
4324 151.3847 2.4855 -5.1114 3.9179 -9.2741 4.6037 -6.4259 2.4014 -6.6853 -1.1596 136.0095 2.6080 -9.5791 2.6028 168.7013 2.0378 132.6808 2.3454 169.7087 3.5521
4325 151.1116 2.4663 -4.2531 3.9078 -9.4982 4.7567 -6.0404 2.7130 -6.0114 -0.7229 137.6732 2.5731 -9.2194 3.6136 168.5149 1.6747 136.5379 2.3133 170.3153 2.6166
4326 150.7632 2.4778 -3.9558 4.2195 -8.9401 5.0954 -5.5114 3.2193 -5.2618 -0.1948 139.8680 2.5410 -8.9270 4.3578 168.1574 1.4876 140.0354 2.2000 170.7876 1.9433
4327 150.0779 2.5117 -3.9783 4.6367 -8.0327 4.8780 -4.2899 3.7635 -4.6563 0.6905 142.4030 2.5340 -8.4346 4.3786 167.5432 1.7008 143.0157 2.2680 170.8428 1.3750
4328 149.1776 2.5361 -4.5156 4.9849 -6.8677 4.8300 -2.0696 4.0201 -4.0699 1.1393 144.5040 2.5566 -7.7435 4.2013 167.2648 2.0133 145.5767 2.4480 171.0367 0.8127
4329 148.5414 2.5785 -5.0881 5.0658 -5.8814 4.0682 -0.1389 4.0519 -4.0543 2.1693 146.1312 2.4503 -6.7514 4.2522 167.1003 2.4667 147.0314 2.4944 171.2029 0.4907
4330 148.2652 2.5560 -6.0460 4.7688 -4.9524 3.5156 1.9786 3.9661 -4.4663 2.6529 147.4021 2.5477 -5.8349 4.0133 167.4454 3.1122 147.8993 2.5824 171.6193 0.2905
4331 148.0015 2.5566 -6.9536 4.9144 -3.8890 3.0125 4.6755 3.5061 -4.6177 3.3862 148.7021 2.4027 -4.9649 3.6950 168.0858 3.2884 148.1884 2.5311 171.3157 0.5344
4332 147.6655 2.5350 -7.5083 5.2652 -2.8775 2.3916 7.6432 2.9548 -4.7549 4.3361 150.1399 2.4829 -3.6726 3.0520 168.6944 3.1714 147.3821 2.6090 171.0645 1.0076
4333 146.5888 2.5632 -8.1647 5.7327 -1.1397 2.3064 10.6541 2.6418 -5.3831 4.9247 151.4193 2.4584 -2.7734 2.6473 169.5667 3.2655 146.0233 2.5240 170.6599 2.1113
4334 144.9400 2.4536 -9.1256 5.8165 0.8081 2.0597 14.2865 2.5476 -6.6359 5.2320 152.7159 2.4655 -1.3830 2.4001 170.5604 3.2791 143.9856 2.7660 170.2825 3.3378
4335 142.4949 2.7061 -9.9162 5.5158 2.7583 1.5683 17.6755 2.5812 -7.7746 4.9603 154.0240 2.5017 0.0176 2.0278 171.4267 3.0111 141.6039 2.7011 170.0619 4.0005
4336 139.3286 2.7522 -10.1555 5.4732 4.7122 1.5888 20.8377 2.5252 -8.2616 4.7526 155.5358 2.0202 1.6607 2.2785 171.9245 3.1906 139.4993 2.5484 169.3641 4.5876
4337 135.8481 2.6649 -9.9030 5.4016 7.3348 1.5240 23.3140 2.4625 -8.2948 5.0962 157.0138 1.4207 3.4742 2.3258 171.9671 3.3997 138.0816 2.5177 168.8652 4.9124
4338 132.3612 2.4692 -9.5941 5.7694 10.2951 2.0929 25.0309 2.4424 -8.3263 5.4383 159.1382 0.8528 5.9106 2.5298 171.4894 3.5338 137.2348 2.4701 168.3646 5.1981
4339 129.4675 2.3891 -9.2720 6.1154 13.3784 2.3342 25.9065 2.3724 -8.8399 5.5314 162.1104 0.7015 8.2952 2.6691 170.9385 3.5731 137.2240 2.5337 167.4839 5.2837
4340 127.3206 2.3595 -8.8292 6.4741 16.8896 2.5634 26.8635 2.4750 -9.1450 5.3145 164.4268 1.2202 11.6011 2.3527 169.8450 3.5277 138.0505 2.4869 166.5253 5.3499
4341 125.7584 2.3860 -9.0546 6.4647 20.1131 2.3777 27.7097 2.4817 -9.9074 4.3611 166.6466 1.4370 15.5768 2.5546 168.3701 3.7795 139.4989 2.5211 165.5656 5.1886
4342 124.3813 2.5282 -9.4392 6.0576 23.2935 2.3641 28.6166 2.5426 -10.0162 3.0343 168.5339 1.2062 19.1015 2.6250 167.2862 4.0836 141.1874 2.4609 165.2658 5.0367
4343 124.1915 2.5113 -9.7636 5.2193 26.9040 2.3922 29.5073 2.5495 -9.7956 1.9272 169.9456 0.8817 22.5867 2.7091 166.1966 3.9134 142.8614 2.5904 165.1013 5.2054
4344 124.7235 2.5355 -9.7324 4.2299 30.5471 2.4714 30.3816 2.6043 -9.2732 1.3679 170.7880 0.5037 26.2262 2.5164 165.3591 3.5294 144.2251 2.4913 165.3229 5.4851
4345 125.8669 2.5101 -9.3932 3.4212 33.9276 2.3037 31.0536 2.5461 -9.1240 0.4145 171.4717 0.8441 29.7353 2.5914 164.9634 2.6741 144.9024 2.5226 165.5641 5.4511
4346 127.9743 2.6399 -8.8890 3.0504 37.8882 2.4224 32.3476 2.3723 -9.3828 0.1069 172.0296 1.3056 33.2966 2.6100 164.9074 1.8052 145.1276 2.4781 166.0361 5.2676
4347 130.5819 2.7120 -8.9275 2.5887 41.7632 2.5713 34.5188 2.4769 -9.6859 -0.0407 172.2143 1.6985 36.3441 2.5153 165.2870 1.1774 144.3294 2.3943 166.2685 4.8583
4348 134.0043 2.5079 -9.2119 1.9647 45.2230 2.5101 36.4855 2.4284 -9.9531 0.3002 172.0218 1.2998 38.5370 2.5208 166.0869 0.3550 143.0799 2.4166 166.3799 4.4825
4349 137.7186 2.3294 -9.7741 0.8384 48.3105 2.3918 38.3754 2.4121 -10.5423 0.7493 171.6180 0.9502 39.9671 2.6364 166.9684 -0.4764 140.7308 2.3556 166.4543 5.2181
4350 141.3095 2.4605 -9.5124 -0.3376 50.6051 2.4952 40.0640 2.5444 -10.7984 1.0772 170.4942 0.4505 40.6591 2.5112 167.4138 -0.9270 137.6729 2.3647 166.7783 5.7512
4351 144.8238 2.3033 -8.7460 -0.8380 52.1385 2.4928 40.5936 2.4437 -10.9166 1.4317 169.7040 0.1983 40.3749 2.5743 168.1467 -1.1674 134.1133 2.5321 166.7755 5.8976
4352 148.4892 2.5131 -7.9742 -0.8005 53.1659 2.5212 40.5528 2.5727 -11.3439 1.9612 168.8330 -0.3153 39.1668 2.6213 168.8818 -1.2148 130.8141 2.6204 166.2516 5.7084
4353 151.9923 3.0565 -7.0527 -0.7463 53.4118 2.5394 39.2735 2.5311 -11.5231 2.6281 167.8695 -0.0934 37.2658 2.7132 168.9910 -1.1284 127.0282 2.5761 165.6857 5.0684
4354 155.6450 3.5043 -6.3070 -0.2915 52.8323 2.4152 37.7483 2.5815 -11.3220 3.3533 167.1117 0.2200 34.7053 2.5945 168.5442 -0.4839 124.3443 2.5077 165.5541 4.6309
4355 159.0149 3.8973 -6.0523 0.2505 51.8480 2.4169 35.3332 2.6742 -10.9679 4.1509 166.1292 0.4879 31.7418 2.6053 167.7597 0.2215 122.3805 2.5230 165.3911 4.2154
4356 162.0909 4.4098 -6.0119 -0.0137 50.5687 2.4367 31.9172 2.7680 -10.1011 4.7155 165.4393 0.8305 28.1405 2.7486 167.0186 1.1798 121.2063 2.5258 164.9446 3.8456
4357 164.2144 4.8091 -6.1503 -0.3932 49.1140 2.4171 28.2021 2.7054 -9.4034 4.9374 165.4090 1.2327 25.1753 2.5002 166.2256 1.9223 120.8447 2.5380 163.3347 3.6247
4358 165.5812 5.1353 -5.3989 -0.0863 47.3559 2.3793 24.7994 2.4418 -8.3543 4.4535 165.4792 2.2970 23.0152 2.4908 165.6703 2.8861 120.9540 2.4686 161.1299 3.3953
4359 166.3927 5.6680 -4.7011 0.6545 45.7564 2.5427 21.3667 2.3912 -7.5257 4.0230 166.0410 2.7784 21.5099 2.5433 165.1292 3.6002 121.7860 2.4841 158.8440 2.8269
4360 167.2738 6.2250 -4.3099 1.4407 44.1841 2.5250 17.7349 2.4506 -6.9972 3.8744 166.4466 3.4682 20.7213 2.5340 164.8291 4.0087 122.7511 2.4048 156.6992 2.4885
4361 167.7699 6.5050 -4.0409 2.4664 42.6168 2.5433 13.8876 2.5142 -6.6314 3.7558 166.6113 4.5167 21.0276 2.5896 164.1565 4.1666 123.7789 2.4317 154.4595 2.1322
4362 168.2412 6.5106 -4.5621 3.3046 40.9852 2.5268 10.5436 2.7925 -6.0858 3.3669 167.4505 5.3186 21.7775 2.6512 163.3097 4.4501 125.0141 2.4305 152.4041 2.0918
4363 168.6217 6.2360 -5.2112 4.0988 39.6291 2.4020 7.1899 3.4993 -5.4358 2.1901 168.2056 5.8580 22.7565 2.5839 162.0031 4.6838 125.8793 2.4616 150.5872 2.2669
4364 168.5878 5.9895 -6.3318 4.5838 37.8700 2.3821 3.8753 4.0813 -4.8403 1.0105 169.2056 6.3249 24.1352 2.5222 160.1471 4.6142 125.8827 2.5055 149.6601 2.4241
4365 168.2776 6.1172 -7.6214 4.6716 36.4524 2.5345 0.7778 4.3796 -4.6631 0.3510 170.1535 6.2822 25.6365 2.7069 157.6180 4.2792 125.1562 2.5804 149.1140 2.5947
4366 168.0789 5.7747 -8.1482 4.5099 34.8832 2.5383 -1.7674 4.7811 -4.9378 -0.3145 170.9287 5.8480 26.6283 2.6056 154.6591 3.7228 124.4511 2.5264 149.5639 2.4468
4367 167.8326 5.5133 -8.7685 4.1462 33.4196 2.5510 -3.9918 5.1836 -4.7705 -0.3370 171.4186 5.5263 27.1065 2.5185 151.2569 3.3072 123.9513 2.4920 150.4172 2.4830
4368 167.9308 4.9670 -9.5754 4.0463 32.5706 2.4818 -5.4256 5.4270 -4.2723 0.0182 171.5766 4.8449 26.7937 2.5710 147.7392 2.7020 123.2281 2.6476 151.1678 2.5525
4369 168.5147 4.1523 -10.2966 4.2457 32.4877 2.5200 -6.0089 5.6619 -2.9718 0.1245 171.4396 4.0658 25.7399 2.5183 144.6051 2.6031 123.0375 2.5233 151.9236 2.5191
4370 169.1416 2.9651 -10.7351 3.9268 33.1958 2.5613 -6.7152 5.7804 -1.3584 0.2579 171.1490 2.9827 23.8133 2.4103 142.0385 2.3878 123.5545 2.4451 152.7005 2.4913
4371 168.9984 1.7165 -11.3315 3.5488 34.2354 2.5594 -6.8824 6.0230 1.0591 0.8078 170.4467 1.8862 21.3348 2.3769 139.9023 2.4699 124.5869 2.5993 153.2748 2.6359
4372 168.4382 0.8477 -11.0287 3.1130 36.3396 2.6934 -6.9082 6.3307 3.6998 1.4043 169.6440 1.1961 19.2187 2.4908 138.4695 2.4933 126.1794 2.4644 153.0268 2.5033
4373 167.7291 0.1929 -10.6880 2.5713 38.8528 2.6242 -6.7495 6.1262 6.8099 1.9186 168.8744 1.2301 17.5715 2.5759 138.0306 2.5122 128.7805 2.4418 152.1802 2.6245
4374 167.2194 -0.3397 -10.3265 2.2994 42.0823 2.5719 -6.1731 5.4992 9.9327 1.9970 168.3032 1.3993 16.6267 2.4354 138.1184 2.5358 131.5574 2.5330 150.6261 2.5875
4375 166.8181 -0.8141 -10.1239 1.6754 45.4672 2.5290 -5.5539 4.7645 12.1747 2.4992 167.1728 1.5571 16.4364 2.4841 139.0411 2.5940 135.0679 2.4060 148.2525 2.5976
4376 166.8480 -1.0277 -9.9211 1.5225 48.8962 2.4050 -5.8308 4.2612 14.0052 2.6481 166.2421 1.8759 17.3840 2.4490 140.6346 2.5088 138.1709 2.4288 145.5003 2.7368
4377 166.5543 -1.1363 -10.0570 1.6761 52.4249 2.4922 -6.2793 4.2633 15.2298 2.3760 165.6465 2.3870 19.0374 2.5045 142.9686 2.3713 141.3747 2.5303 142.8878 2.5071
4378 166.2104 -1.1515 -9.6209 1.6815 56.0163 2.4974 -6.5032 4.3401 15.5604 2.4790 165.6960 2.8080 21.2009 2.4886 146.2084 2.2842 143.8910 2.3104 140.6421 2.5014
4379 166.2254 -0.7276 -9.4322 1.0398 59.2822 2.4300 -6.4268 4.2536 15.0499 2.3850 166.3035 3.7682 23.9304 2.3368 149.7721 2.2522 145.2247 2.3932 139.2981 2.4749
4380 166.4588 -0.0455 -9.4466 0.2985 61.5581 2.2628 -6.3251 4.5602 13.9243 2.4462 166.9854 4.6026 27.1911 2.4560 153.2271 1.4659 145.8744 2.4969 138.5203 2.4853
4381 167.1222 0.1866 -9.8789 0.1189 63.2594 2.5086 -5.9204 4.0820 12.4781 2.4005 167.2450 5.5148 30.6676 2.5939 156.5464 0.7537 146.1716 2.4169 138.6077 2.5631
4382 167.4989 0.5457 -10.3155 0.1632 64.1351 2.4228 -5.8671 3.2764 11.3104 2.4446 167.5614 5.8143 34.2044 2.3604 159.7701 0.3046 145.5213 2.4162 139.2404 2.5893
4383 167.6832 0.7253 -10.6967 0.6657 64.1609 2.5123 -6.0753 2.6395 10.4447 2.6111 167.5434 5.7511 37.7448 2.3260 162.7690 0.2036 144.2386 2.4125 140.4097 2.5652
4384 167.5680 1.1049 -11.0612 1.6452 63.9703 2.5117 -6.1005 2.2453 9.5217 2.4904 167.3610 5.6392 41.3490 2.4212 165.5375 0.3395 142.2256 2.4641 141.3762 2.5136
4385 167.5752 1.2635 -10.6624 2.7825 62.7935 2.4644 -6.3694 1.7623 9.9076 2.4553 166.9857 5.5517 44.8101 2.4492 167.6721 0.8417 139.0749 2.4555 142.7204 2.4763
4386 167.6485 1.2480 -10.0899 3.5344 60.9156 2.7222 -6.3718 1.4945 10.3918 2.5181 166.6532 5.0285 47.9353 2.6088 169.2787 1.4136 135.4478 2.5263 143.0358 2.5473
4387 167.7594 1.4277 -9.1429 4.0074 58.1461 2.6749 -6.6978 1.4171 11.9433 2.5113 166.2393 4.5145 50.3505 2.5069 170.3772 1.7948 131.6961 2.4365 142.9840 2.5072
4388 167.6288 1.7123 -8.2525 4.3034 54.4472 2.5205 -7.2424 1.3461 13.5616 2.3601 165.8189 3.7469 52.0488 2.5013 171.2262 2.1978 128.3025 2.5424 142.2512 2.4660
4389 167.1794 2.1284 -7.7524 4.9140 50.9721 2.6535 -7.5841 1.6450 15.4084 2.3738 165.5997 3.0179 53.2936 2.5099 171.6928 2.4605 124.5513 2.4318 140.8726 2.4221
4390 166.5102 2.5231 -7.3653 5.6048 47.4047 2.5411 -7.6546 2.2256 16.8915 2.3447 165.6716 2.2768 53.7078 2.5059 172.2771 2.7790 120.9587 2.3925 138.2694 2.3123
4391 165.5511 2.5184 -7.0247 6.0454 43.6891 2.5475 -7.6877 2.9685 17.8483 2.4823 166.4118 1.0621 53.6002 2.5748 172.1811 2.8137 117.3293 2.4130 135.6275 2.4092
4392 164.8603 1.7125 -6.3391 6.3024 40.1298 2.6515 -7.6929 3.9789 18.0889 2.4560 167.1853 0.2972 52.3650 2.6241 171.8358 2.5687 113.7065 2.3668 132.0242 2.4283
4393 164.1288 1.5012 -5.9159 6.0299 36.6982 2.4848 -7.4391 4.9933 17.7144 2.3353 167.5433 -0.4990 50.3070 2.6148 170.8371 1.9485 110.2818 2.4323 128.6466 2.3563
4394 163.1470 1.5161 -5.6433 5.5575 33.1199 2.2862 -7.4372 5.9662 16.4198 2.4055 167.8827 -0.9041 47.6572 2.6047 169.8736 1.1559 106.8610 2.5765 125.0202 2.4230
4395 162.5329 1.6856 -6.0004 5.0706 29.3755 2.2977 -7.1892 6.0960 14.1317 2.3856 167.8733 -0.9923 44.0084 2.7003 168.8866 0.7956 104.3008 2.5028 121.5021 2.3785
4396 162.3094 1.9350 -6.4231 5.0068 25.6031 2.3714 -6.8297 5.9244 11.1434 2.3238 167.7763 -1.0298 40.7055 2.7235 167.6521 0.6002 102.6433 2.4289 117.9591 2.2326
4397 162.5958 1.4707 -7.2095 5.5946 22.4992 2.5924 -7.1322 5.7053 7.8954 1.8180 168.0574 -0.8607 38.2587 2.4523 165.7745 0.7072 101.6707 2.5304 114.2885 2.2366
4398 163.4173 1.0928 -7.7658 6.1609 19.6856 2.4843 -7.1975 5.0827 4.6491 1.5528 167.7949 -0.6440 36.7566 2.4371 163.5224 0.4601 101.3113 2.5334 110.4719 2.4483
4399 164.0773 0.5301 -7.3075 6.5669 17.6001 2.4259 -7.3901 4.5278 2.1195 1.1267 167.4500 -0.8005 35.5159 2.5412 161.1483 1.0650 101.9689 2.4924 107.1384 2.4384
4400 165.2218 0.4333 -7.0566 6.4314 16.2544 2.5050 -7.8121 3.8634 0.4054 1.1224 167.0930 -0.7323 35.2210 2.5294 158.5898 1.4800 103.1853 2.5189 104.3176 2.5360
4401 166.9596 0.1735 -6.2973 6.0181 15.6517 2.5618 -8.1635 2.8883 -0.9335 1.0467 167.0004 -0.3956 35.7775 2.3784 155.6966 1.8257 105.4262 2.3842 101.8359 2.4234
4402 168.8341 0.4989 -6.1326 6.0040 15.2853 2.4228 -8.5314 1.5912 -1.0284 0.9579 167.2006 -0.4871 36.7174 2.5542 152.8589 2.2783 108.2116 2.1811 100.2714 2.3998
4403 170.1185 1.0795 -6.2554 6.1997 16.2075 2.4371 -8.9031 0.7577 -0.7151 0.8341 167.8166 -0.3938 38.4649 2.6014 149.8495 2.5176 111.7772 2.3174 99.7098 2.5251
4404 170.6259 1.9998 -6.9570 6.5123 16.6245 2.4193 -9.2086 0.3847 0.3153 0.7367 168.7501 -0.2688 41.1426 2.6561 146.2288 2.6074 115.4401 2.4393 99.6826 2.5723
4405 170.4620 2.8531 -7.2862 6.3476 17.0753 2.4717 -9.2838 0.3057 2.2971 0.7521 169.6574 -0.6446 44.4746 2.5057 143.3019 2.4196 118.5738 2.3440 100.5673 2.5422
4406 170.4907 3.8286 -7.1852 6.1736 17.7299 2.4259 -9.0135 0.7426 4.6029 0.9625 170.3275 -0.7808 48.0338 2.4417 140.9516 2.2687 121.1249 2.2344 102.2057 2.5378
4407 169.9263 4.2393 -6.5111 5.9195 18.2384 2.5137 -8.7239 1.0704 7.7996 1.4838 170.7514 -0.8222 51.6976 2.3508 139.2773 2.3653 123.3282 2.2807 104.4995 2.5453
4408 169.4253 4.2669 -6.2032 5.4561 18.1278 2.5484 -9.0891 1.1413 11.1384 1.9167 170.7975 -0.5938 55.4497 2.4009 138.4321 2.4777 124.7486 2.4338 107.3659 2.6910
4409 169.3730 4.5239 -6.5689 4.9455 17.4265 2.6009 -9.6063 1.3365 14.6497 2.3437 171.0668 -0.5357 58.9021 2.4520 138.3625 2.4420 125.2546 2.4926 110.8347 2.5999
4410 168.9063 5.0034 -7.6270 4.2855 16.2280 2.6395 -10.4972 1.8833 18.1338 2.4709 171.0613 -0.4235 62.3965 2.4121 138.8904 2.4428 125.1461 2.4583 114.2789 2.5442
4411 168.5399 5.6182 -8.4450 3.8224 14.1902 2.5555 -10.9758 2.9296 21.5079 2.6178 170.8721 -0.2327 65.6494 2.7180 139.6426 2.4311 124.1598 2.2624 117.7491 2.3609
4412 167.8069 5.5737 -9.1998 2.7843 11.3477 2.1109 -11.0784 3.5141 24.9289 2.6810 170.7879 0.3876 69.2977 2.7478 140.9579 2.3569 122.4424 2.2545 121.2393 2.5100
4413 167.3867 5.0358 -9.1740 1.5453 8.0488 1.7006 -10.8355 3.8127 28.5122 2.6428 170.7073 1.3972 72.2809 2.6194 141.7094 2.4099 119.8096 2.3955 124.5482 2.3917
4414 167.8810 4.5141 -8.6507 0.5519 5.0608 1.2200 -10.3412 3.7289 32.1238 2.3963 170.4693 2.1162 75.0440 2.5478 142.5703 2.5039 116.3522 2.4364 127.2401 2.3570
4415 168.1195 4.3010 -7.7242 0.0149 2.6629 1.3826 -10.1388 2.9394 35.6162 2.3981 169.8949 2.4979 77.2745 2.4687 143.1079 2.4404 112.7884 2.6236 128.8529 2.4621
4416 168.3890 4.6590 -7.2544 -0.1256 0.8578 1.4751 -10.4612 2.2154 38.7092 2.5592 169.2063 2.9083 78.8883 2.4257 142.6057 2.4910 109.5165 2.6143 130.2287 2.4960
4417 168.6288 4.7227 -6.7823 0.4902 -0.7444 2.0387 -10.8827 1.5028 40.6765 2.5467 168.5416 3.2766 79.8288 2.5218 141.3897 2.4581 107.2714 2.5698 131.0569 2.5333
4418 168.2358 5.2975 -6.2820 1.3555 -2.4400 2.4368 -10.9453 1.0880 42.1689 2.5045 167.9439 3.6408 80.3012 2.4960 139.5395 2.4290 105.6134 2.5466 130.7972 2.4263
4419 167.9648 5.5663 -5.9024 1.9411 -3.5134 2.9424 -10.3798 0.7460 42.6747 2.5321 167.2249 4.2130 80.2179 2.5883 136.7716 2.4255 104.4918 2.5433 130.1915 2.4287
4420 167.9576 5.3788 -5.9022 2.8030 -4.4331 3.3520 -9.6229 0.3870 42.3062 2.4145 166.5712 4.8808 79.1467 2.6021 133.4602 2.3188 104.3060 2.4604 128.9618 2.4664
4421 168.7077 5.3279 -6.3293 3.3172 -5.2177 4.2250 -8.5801 0.1432 41.4416 2.4079 166.2925 5.4660 77.6354 2.5196 130.0424 2.4641 104.9348 2.4751 127.7645 2.3862
4422 169.2849 4.9870 -6.9637 3.9387 -5.3719 4.5568 -7.6036 0.6152 40.0108 2.4633 166.2379 5.3563 74.9563 2.5452 126.5395 2.2710 106.2397 2.4754 126.5457 2.3956
4423 169.1927 5.2602 -7.6515 3.9676 -5.2745 4.9638 -6.4727 1.3353 37.5372 2.3083 166.2784 4.8981 71.8262 2.3489 122.7501 2.5080 108.5574 2.3855 125.5115 2.4073
4424 169.0364 5.6955 -8.0948 3.9209 -5.2829 5.1448 -5.3524 1.4573 34.7380 2.5340 166.2742 4.2890 68.7250 2.4722 119.3916 2.5593 111.3461 2.4404 125.3860 2.5330
4425 168.6171 5.8715 -8.8232 3.6162 -5.3185 5.1607 -3.9792 1.6365 31.7843 2.6737 166.6425 3.7662 66.0340 2.4162 116.1456 2.4919 114.9636 2.2833 126.0338 2.6247
4426 168.3679 6.0620 -9.1304 2.6849 -5.5933 5.0965 -2.4084 1.9613 29.2333 2.5533 167.1750 3.6041 63.9355 2.4114 113.5971 2.6814 118.4085 2.4270 127.6350 2.5443
4427 168.8967 6.0453 -9.2194 1.5217 -5.4079 4.8026 -0.4424 2.3902 27.5798 2.6804 167.7354 3.7614 62.9506 2.3525 111.6733 2.6719 121.8159 2.5087 129.6774 2.4723
4428 169.3542 5.6870 -8.9875 0.1427 -5.2862 4.7955 1.5622 2.9992 26.2439 2.5514 168.3192 3.6605 62.7248 2.5648 110.5362 2.6041 124.7580 2.6085 132.2934 2.7770
4429 169.7777 5.1539 -8.3235 -0.5497 -5.2620 4.8559 3.8404 3.3812 25.8151 2.5526 168.4767 3.4951 63.2080 2.5676 110.1267 2.5492 127.2444 2.6255 134.1661 2.6137
4430 169.5127 4.4315 -6.8811 -0.7245 -5.5673 4.1938 6.4881 3.6602 25.4823 2.4290 168.2610 3.0413 64.2612 2.4568 110.8696 2.5937 129.2486 2.4704 135.6703 2.4871
4431 169.2724 3.7538 -5.3580 -0.6566 -5.8482 4.1202 9.5268 3.4119 25.1548 2.4861 167.8595 2.4216 65.8573 2.6105 111.9269 2.6146 130.2570 2.6034 136.7295 2.5383
4432 169.5757 3.5881 -3.3475 -0.2508 -6.0265 3.8561 12.8861 2.7859 24.9528 2.4791 167.3136 2.0170 68.7010 2.5993 112.9119 2.6177 130.1139 2.4578 136.7874 2.4970
4433 169.9116 3.4214 -1.2908 0.1119 -6.0067 3.6080 16.7841 2.5746 24.6269 2.4029 167.0945 1.5958 72.1497 2.5118 114.3145 2.6480 129.4898 2.3742 136.2077 2.5853
4434 170.2984 3.2549 0.7662 0.6080 -5.9786 3.2113 20.0125 2.5323 24.3140 2.4772 167.5858 0.8645 76.0659 2.5232 115.7496 2.5348 128.3709 2.4303 134.6839 2.5168
4435 170.3370 3.6315 3.2160 1.1451 -5.7123 2.9474 22.4265 2.4965 23.7101 2.5604 168.1318 -0.0259 79.4977 2.4557 116.3771 2.4982 126.5246 2.4292 132.3743 2.5770
4436 170.2491 3.8039 6.1392 1.9194 -5.5781 2.7462 24.4036 2.4673 22.2835 2.4494 168.6894 -0.1167 83.3458 2.6038 116.4184 2.4946 123.5857 2.3841 129.4193 2.6522
4437 169.8362 3.7418 8.8417 2.4128 -5.5634 2.5121 25.3519 2.4698 20.5190 2.5342 168.9130 0.1171 86.8543 2.5727 115.4340 2.4302 119.9963 2.3605 125.6986 2.5662
4438 169.3657 3.5012 11.1558 2.5230 -5.3375 2.2806 25.7977 2.4938 18.5547 2.6002 169.3564 0.3070 90.5495 2.5693 113.7512 2.3776 116.6057 2.5924 121.8989 2.3519
4439 168.9765 4.2701 12.8314 2.4256 -5.1880 2.4471 25.4582 2.5978 16.9513 2.4720 169.8029 0.0468 94.0259 2.5168 112.1508 2.4218 113.7237 2.5423 118.0851 2.4119
4440 168.5310 5.0447 13.7207 2.5137 -4.8532 2.5466 24.2459 2.5180 15.7387 2.5562 170.1098 -0.6761 97.8585 2.5413 109.8073 2.4821 111.3786 2.3551 114.5068 2.5215
4441 168.3009 5.6386 13.9189 2.5386 -5.3491 2.5132 22.0947 2.4917 15.2729 2.4715 170.0316 -0.6304 100.9746 2.4306 108.6676 2.4443 109.7796 2.3814 111.0999 2.5948
4442 167.9917 5.6914 13.5182 2.4995 -6.5120 2.3384 19.3236 2.6208 15.4483 2.5445 169.8622 -0.3974 103.3472 2.5524 107.7838 2.4914 109.0709 2.4771 108.0154 2.5637
4443 168.0376 5.5827 12.7065 2.6115 -7.6535 2.4968 16.0421 2.6150 16.5833 2.5774 169.6091 -0.0184 104.7844 2.6132 107.3100 2.5036 109.2478 2.4223 105.8451 2.4612
4444 168.3785 4.4249 12.0743 2.5291 -8.7129 2.6986 13.4369 2.4997 18.3763 2.6661 168.4045 0.3134 105.3340 2.5459 107.8114 2.6640 110.1409 2.4160 104.1818 2.4852
4445 168.9963 3.6101 11.7004 2.5160 -9.0263 2.8188 11.4191 2.4279 20.6647 2.6759 167.1052 0.4620 105.1502 2.4883 109.1712 2.5547 111.6260 2.3631 103.5548 2.4528
4446 169.1066 2.6897 10.8282 2.5278 -8.9812 3.0647 9.8681 2.5952 22.9652 2.7416 165.2812 0.6495 104.6566 2.4165 111.3386 2.5869 113.2944 2.2660 103.4520 2.5422
4447 169.0158 2.1676 10.5768 2.4780 -8.9185 3.3121 8.9195 2.5255 24.9069 2.5611 162.6594 0.4682 103.8049 2.4216 114.0708 2.4559 114.9811 2.3719 104.0216 2.6285
4448 168.9924 1.8845 10.9599 2.4814 -9.1126 4.0919 8.7815 2.5053 26.2801 2.4386 159.7334 0.7512 102.9462 2.4551 117.7552 2.4790 116.4925 2.3499 105.6010 2.7736
4449 168.4439 1.6625 12.0331 2.4701 -9.1097 5.0087 9.5395 2.4503 26.8105 2.4713 156.9472 1.0844 102.0644 2.3864 121.4323 2.4906 117.2589 2.4553 107.6766 2.6105
4450 167.4118 1.0753 13.9186 2.3717 -8.6687 5.6846 11.1534 2.4033 26.6226 2.5550 154.4177 1.6648 101.3265 2.4043 125.1665 2.6436 117.9652 2.5428 110.5952 2.5350
4451 165.4850 0.7110 16.3129 2.4947 -7.6832 6.2179 12.6148 2.4120 25.8915 2.5518 152.5262 2.1441 101.4010 2.5781 129.0403 2.5957 118.1167 2.5422 114.0876 2.3764
4452 163.0933 0.4035 18.7644 2.5044 -6.6009 6.6300 14.1990 2.4165 24.9315 2.6116 151.1182 2.4079 101.9465 2.5632 132.7822 2.5221 118.5454 2.5457 117.6707 2.4100
4453 160.2789 0.4521 20.6165 2.4372 -5.4900 6.1705 15.6243 2.3836 24.0213 2.5326 150.3701 2.4210 103.1386 2.5175 136.1338 2.4596 118.9361 2.5254 121.0438 2.3347
4454 157.3450 0.8381 22.1530 2.4465 -4.9568 5.0891 16.2068 2.4099 23.3301 2.5230 150.4688 2.3819 104.8969 2.5168 138.8889 2.4530 119.1002 2.4884 124.5245 2.3345
4455 154.4914 1.4005 23.0201 2.5259 -4.8925 3.9953 16.3235 2.4680 23.0633 2.5054 151.0756 2.5011 106.9840 2.6679 140.7250 2.3640 119.4914 2.5392 127.9211 2.4213
4456 152.0090 1.9219 22.7201 2.4844 -5.2915 3.0980 15.7208 2.5148 23.4138 2.4504 152.4716 2.7341 108.6449 2.5829 141.8626 2.5297 120.4674 2.4761 131.7044 2.5495
4457 150.1763 2.1813 21.6450 2.4357 -5.7880 2.1432 14.1803 2.4107 24.3008 2.4193 154.0691 2.8845 109.3141 2.4735 142.3583 2.5082 122.2840 2.3636 135.3015 2.5247
4458 149.1879 2.4938 19.7940 2.4281 -5.9453 1.5648 12.2360 2.6400 26.1614 2.4823 156.2868 2.7156 109.4454 2.5248 141.8311 2.4324 124.9096 2.3294 138.8612 2.6158
4459 148.7415 2.4765 17.3739 2.3719 -6.2107 1.2321 9.6903 3.0574 28.0853 2.5329 158.5315 2.9913 108.8762 2.6235 140.7377 2.3447 128.3912 2.3963 142.3834 2.4612
4460 149.2389 2.5179 14.7074 2.3497 -6.9521 1.0056 6.4634 3.7729 29.9382 2.4534 160.5211 3.4010 107.7585 2.5965 138.9791 2.2867 131.7386 2.3167 145.2585 2.5672
4461 150.3288 2.5105 12.0054 2.4041 -7.9139 0.8348 3.1447 4.3626 31.4518 2.5080 162.2588 4.1550 105.8651 2.6146 136.3308 2.2934 134.5741 2.4513 147.7953 2.4608
4462 152.2466 2.2352 10.3347 2.4240 -9.0631 0.6962 -0.0412 4.6767 32.5927 2.5147 163.7470 4.6560 103.2898 2.4957 133.0026 2.2661 136.7317 2.5061 150.1852 2.5385
4463 154.7451 1.6283 9.5361 2.5921 -10.0436 0.5840 -2.7313 4.9534 32.6655 2.4814 165.2372 5.0298 99.7369 2.6219 129.4741 2.4529 138.4906 2.3757 152.4487 2.4711
4464 157.4568 1.6578 8.7182 2.5602 -10.5556 0.6920 -4.6230 4.2718 32.1246 2.4872 166.7319 5.0731 96.0833 2.4748 126.0764 2.4731 139.3323 2.5260 154.5575 2.8575
4465 160.3306 1.8150 8.3072 2.6195 -10.8455 1.1052 -6.2657 3.5993 31.5971 2.4594 167.4741 4.7130 93.4050 2.5629 122.6085 2.3919 139.3508 2.4949 156.6159 3.4134
4466 163.0990 2.1892 7.5976 2.4457 -11.1507 1.9424 -7.0786 2.7679 30.7477 2.3929 168.4344 4.0126 91.2017 2.5877 120.0377 2.3601 138.2014 2.6950 158.8511 4.1143
4467 165.3069 2.7165 7.3165 2.5418 -11.0267 2.7329 -7.6878 2.3964 30.1030 2.4385 169.2728 3.0898 90.2399 2.5523 117.9033 2.2793 136.7184 2.5146 161.0369 4.5795
4468 166.4966 3.4991 6.9557 2.5482 -11.0769 3.1835 -7.5983 1.9792 29.5126 2.4664 170.2951 3.0267 89.5546 2.4719 116.6198 2.4088 134.4089 2.6135 163.1399 4.7172
4469 167.5556 4.0108 6.3750 2.6382 -11.0175 3.1280 -7.2502 1.4671 29.1823 2.5280 170.9347 3.5674 89.9555 2.5922 115.9330 2.4311 132.0121 2.5295 164.8739 4.8808
4470 167.8608 4.3435 5.6691 3.2334 -11.1595 2.7931 -5.9775 1.0501 30.0364 2.5256 171.1303 3.4817 90.8363 2.6011 116.3144 2.5693 129.9271 2.5416 166.4700 4.9807
4471 168.3820 5.3249 4.0426 3.8820 -10.9093 2.1309 -4.0187 0.7911 30.8563 2.5950 171.0460 3.6773 92.8964 2.6705 117.8024 2.6338 128.4695 2.5422 167.8499 5.2984
4472 168.6297 5.9267 1.9028 4.4868 -10.4381 2.1907 -1.6441 0.9927 32.0483 2.4746 170.3690 3.6886 95.2337 2.5993 119.7035 2.5928 127.2082 2.5365 168.8450 5.6413
4473 168.8706 6.2810 -0.7912 4.9623 -9.6286 1.7714 1.0592 0.9876 33.4656 2.5604 169.5815 3.8547 98.4479 2.6819 122.3033 2.5240 126.9830 2.4246 169.6353 5.8618
4474 169.2137 6.2576 -3.2338 4.8418 -8.9427 1.2115 3.5399 1.6100 34.8723 2.6126 169.3710 4.3883 101.9508 2.6257 125.6407 2.5367 127.5650 2.3312 169.6621 6.0459
4475 169.3515 5.5707 -5.4056 4.8981 -9.0681 0.6623 5.6645 1.8696 35.5658 2.4733 169.2329 5.1076 105.6066 2.5543 129.5757 2.3586 129.0929 2.3398 169.4435 5.8625
4476 169.2204 4.4638 -6.1876 5.2130 -9.5409 0.0158 6.9333 2.4241 35.6545 2.4842 169.0193 5.9986 109.3619 2.4650 132.8520 2.4868 130.5831 2.4716 168.9783 5.3168
4477 168.9365 3.6262 -6.7100 5.5113 -10.0438 0.0919 7.8909 2.5698 35.0836 2.4894 168.6853 6.2422 112.9375 2.5626 135.8975 2.4841 131.9447 2.4028 167.7448 5.0714
4478 168.9894 2.6246 -7.1224 5.4991 -10.4127 0.7435 8.4135 2.4799 33.6926 2.4493 168.3798 5.8068 116.4767 2.5923 139.4017 2.4070 133.5868 2.5630 165.8939 5.0635
4479 169.0717 2.0532 -7.4280 4.9486 -10.2369 1.1573 8.2490 2.6147 31.6202 2.4354 168.4874 5.3912 119.9582 2.4533 142.9593 2.4174 134.0561 2.4602 163.5591 4.8686
4480 168.5736 1.4442 -8.0158 4.0352 -9.7989 1.7578 7.1623 2.9463 28.7854 2.4483 168.8783 5.1209 123.1590 2.6024 146.4309 2.4926 133.9205 2.4324 161.1596 4.6995
4481 167.3486 1.0566 -8.1690 2.9584 -9.3109 2.3441 5.7144 3.4937 25.1509 2.4859 169.3846 5.1776 126.2580 2.5967 149.9907 2.0030 133.0544 2.4652 158.6579 4.4323
4482 165.5092 0.6528 -8.3174 2.4813 -8.2278 2.9034 3.6741 3.9694 21.8013 2.3726 169.6831 5.7320 129.7159 2.4582 153.2242 1.7164 132.1064 2.3821 155.4637 3.8880
4483 163.1951 0.4302 -8.2982 2.5644 -7.6001 3.1142 1.4132 4.4037 18.2191 2.2566 169.5081 6.2750 133.1682 2.6572 155.7949 1.8321 130.7274 2.3964 152.8276 3.2318
4484 160.1062 0.6101 -8.2767 2.1860 -6.2428 3.7141 -1.5334 4.6584 14.7534 2.3906 169.3604 6.5121 136.6509 2.5255 157.8326 2.1355 129.4691 2.3692 150.9065 2.7109
4485 157.2669 0.8657 -8.2660 2.0061 -4.4122 4.2408 -3.8513 5.1037 11.2103 2.6821 169.1002 6.4597 140.3373 2.3886 159.3726 1.9256 128.2061 2.4561 149.2318 2.4954
4486 154.2813 1.6870 -8.3716 1.6240 -1.9199 4.1768 -5.5955 5.3904 8.2367 2.5515 169.2139 6.2398 143.7272 2.5212 160.1548 2.0619 127.4638 2.5076 147.4841 2.3422
4487 151.0051 1.9922 -8.3985 1.9239 0.9342 4.0154 -6.6097 5.6391 5.9017 2.8645 169.1731 6.3875 146.3764 2.5176 160.2912 2.2016 127.6722 2.6335 145.8813 2.4195
4488 147.5512 2.3560 -8.2444 2.4922 3.5836 3.6246 -7.2147 5.9742 4.2372 2.8948 168.9685 6.3330 148.3721 2.5660 159.9264 2.1742 128.4845 2.4942 144.2870 2.4748
4489 144.8731 2.5304 -8.3401 3.4661 5.6713 3.0176 -7.3283 5.9178 3.3521 2.8681 168.8242 6.2020 149.7504 2.4789 158.6940 2.4266 129.3308 2.5264 142.8384 2.3839
4490 142.5677 2.3399 -8.5873 4.3193 7.2086 2.6437 -7.0951 5.6960 3.3517 2.9889 168.6839 5.7121 150.4125 2.4273 156.9252 2.6203 130.7199 2.6388 141.5813 2.4609
4491 141.0999 2.5403 -8.7099 4.5475 8.4476 2.4584 -6.5533 5.3081 4.0951 3.0585 169.1021 5.6397 150.7762 2.5015 155.0029 3.0562 132.5143 2.6176 141.2556 2.5511
4492 140.1732 2.4860 -8.4563 4.6918 9.0378 2.4029 -6.0367 4.6693 5.4019 3.1178 169.2586 5.8213 150.6834 2.4838 153.3556 3.0709 133.5789 2.4999 140.8020 2.4083
4493 139.8899 2.5431 -8.2320 4.7867 8.8564 2.6373 -5.7244 3.6181 6.7582 3.0288 169.2986 5.9055 150.5698 2.4738 151.8265 2.7855 133.8019 2.5016 140.2443 2.4896
4494 140.7575 2.5036 -8.2359 4.8653 7.7663 2.5143 -5.3502 2.8831 8.2872 2.8381 169.0349 6.1284 150.5562 2.5195 150.9237 2.5601 133.2063 2.3577 138.9499 2.5506
4495 142.0479 2.5721 -8.4360 5.0650 6.1496 2.0994 -5.3277 2.3567 9.2765 2.7231 168.5800 6.0147 150.4827 2.5351 150.9708 2.4795 131.6514 2.4311 137.4029 2.4964
4496 143.3334 2.3909 -8.9263 5.2254 3.8735 1.7882 -5.3373 1.5450 9.9457 2.4820 167.9841 6.2897 150.4481 2.5567 151.4733 2.5542 129.4717 2.4098 135.7490 2.4467
4497 144.9348 2.5686 -8.9764 4.9530 1.1219 1.4926 -5.7458 0.4420 10.0670 2.5038 167.6609 6.4563 151.3790 2.5304 152.9857 3.1365 127.3272 2.4025 135.0257 2.4973
4498 146.5710 2.6916 -8.2811 4.5630 -1.8182 1.2454 -6.4010 -0.2688 9.1350 2.5350 167.4008 6.1870 152.7931 2.6553 154.7911 3.7127 125.1335 2.3371 134.5418 2.5589
4499 147.7821 2.6235 -7.3644 4.4015 -3.9095 0.7806 -7.0338 -0.9517 7.9470 2.7033 166.6447 6.0649 155.2784 2.8863 157.4057 4.0061 123.7307 2.4744 134.1895 2.5594
4500 148.6779 2.6763 -6.6324 4.8959 -5.9102 0.2816 -7.5459 -1.3019 6.1717 3.3309 165.8329 5.5336 158.1121 3.4243 160.4329 4.1641 122.8253 2.4776 133.5208 2.4987
4501 149.7839 2.5206 -6.3534 5.2560 -7.3286 -0.0356 -8.2007 -0.9700 3.5542 3.7734 164.9823 5.0128 160.6843 3.7724 163.3696 4.2984 122.9483 2.4549 132.2255 2.3458
4502 150.9698 2.4443 -6.5567 5.5084 -8.4187 -0.1610 -8.3316 -0.8460 0.5732 4.2401 164.6778 4.8423 162.6622 4.4255 165.8719 4.0695 123.7778 2.4827 130.5817 2.3119
4503 152.2657 2.3648 -7.4022 5.5694 -9.3401 0.1105 -8.0225 -0.8804 -2.2251 4.3272 164.9414 4.9192 164.2119 4.6936 167.5529 3.5016 125.6471 2.5754 128.8901 2.4553
4504 153.3006 2.3975 -7.8924 5.0201 -9.9232 0.4787 -7.9533 -0.8686 -4.8177 4.1805 165.5342 4.8333 165.8233 4.5959 168.5836 2.9200 127.9482 2.3728 127.5041 2.4165
4505 154.2032 2.0668 -8.0234 4.1864 -10.1155 1.1581 -8.2812 -1.0552 -6.8106 3.6626 166.2650 4.0717 167.0651 5.1918 169.0296 2.2119 130.8441 2.4777 126.7419 2.5997
4506 155.7444 2.0047 -8.0794 3.6943 -9.5375 1.7863 -8.7197 -0.8922 -8.3143 3.2707 166.3100 3.2338 167.7627 5.4472 168.8851 1.6000 134.5359 2.4876 126.5634 2.4775
4507 157.4588 2.0323 -8.3441 3.4646 -8.9370 2.1114 -8.7051 -0.2331 -9.5751 3.3455 165.7533 2.8146 167.8199 5.5655 168.5054 1.3141 138.0973 2.3776 126.4877 2.5254
4508 159.5522 2.4804 -8.5328 3.6733 -8.0233 2.2897 -7.9793 0.5100 -10.2176 3.0357 165.4193 2.2277 167.4860 5.8961 167.9732 1.2668 141.6175 2.5809 126.6715 2.5160
4509 161.5129 3.1506 -8.7070 3.1768 -7.6016 2.4111 -7.1935 0.9046 -10.2604 2.8939 165.0294 1.8938 167.2227 5.9283 167.5368 1.2743 144.6115 2.5406 126.7651 2.4657
4510 163.6145 3.8125 -8.9910 2.5588 -7.2905 2.5455 -6.1812 1.1793 -10.1503 2.2945 164.2647 1.6906 166.4627 5.1937 166.3963 1.3880 146.9120 2.6700 127.4631 2.4953
4511 165.7903 4.2925 -8.9484 2.4422 -7.1733 2.7020 -4.5173 1.6528 -9.2212 1.5169 163.7393 1.2892 166.2483 4.0524 164.6730 1.2393 148.6243 2.6306 128.3169 2.4024
4512 167.6353 4.2699 -8.4831 2.3304 -7.2965 2.4857 -2.6753 2.1730 -7.5323 1.3509 163.3414 1.1014 166.0811 3.6100 162.6698 1.6777 149.3039 2.5421 129.4935 2.4315
4513 169.0906 4.7905 -8.3596 3.0567 -7.0533 1.7161 -0.4430 2.6707 -5.7918 1.4769 163.2267 1.1317 165.3719 3.6084 160.9485 2.2198 149.2477 2.5610 130.4487 2.3512
4514 169.8306 5.2237 -8.5451 3.4661 -6.8928 0.5887 1.6385 2.7749 -3.6417 1.7386 163.0979 1.4637 164.4975 3.5253 159.0851 2.8456 148.5895 2.6133 131.2377 2.4388
4515 170.1745 5.5313 -8.7761 4.0560 -6.8912 -0.2920 3.0466 2.7748 -1.9295 2.0589 163.3635 1.8468 164.2023 3.3222 157.1559 3.1310 147.1912 2.5194 131.0209 2.5973
4516 169.9998 5.9400 -9.6322 4.6680 -6.7655 -0.9610 3.8639 2.7545 -0.5960 2.1268 163.4083 1.7663 164.1830 3.1778 154.7504 3.2566 145.2554 2.5541 130.3913 2.5168
4517 169.9683 5.8304 -10.2755 4.7866 -6.8183 -1.1400 4.1877 2.2025 -0.0204 1.8723 163.4539 1.3760 164.3390 3.2786 151.7409 3.1139 142.4231 2.6638 129.8476 2.5918
4518 169.3553 5.4030 -10.7466 4.8998 -6.7506 -0.3256 3.4572 1.8590 0.4325 1.9362 164.1054 0.6435 164.7621 3.2235 148.7391 2.7210 139.0262 2.7631 129.0701 2.5734
4519 169.2113 5.1883 -10.9078 5.0310 -6.6353 0.3650 1.8297 1.4394 0.4242 1.9445 165.4117 0.2026 164.8199 3.8296 146.0515 2.4982 135.4633 2.5720 128.3872 2.6066
4520 168.5779 4.9511 -11.1703 4.8544 -6.1563 1.4833 0.0171 1.0999 0.1913 2.2573 166.8280 0.2480 164.9912 4.6662 144.1489 2.5846 131.9054 2.6416 127.5586 2.4274
4521 167.6340 5.0201 -11.3060 3.7134 -6.0125 1.9737 -2.5124 0.9757 -0.4078 2.7326 168.3974 0.5046 165.6147 5.4043 142.4927 2.4940 128.4875 2.6103 127.5508 2.4554
4522 167.3177 5.4688 -11.0421 3.1623 -5.9931 2.4651 -5.1399 1.0982 -1.1946 3.3694 169.7058 0.8809 166.3338 6.1526 140.8596 2.5865 125.7092 2.5814 128.1137 2.4015
4523 167.1267 5.6138 -10.6842 3.1068 -6.3282 3.5683 -6.8825 1.6580 -2.3111 3.9840 170.5542 0.6960 167.3862 6.3233 139.5023 2.5343 123.6641 2.6676 129.6774 2.4660
4524 166.8176 5.3708 -10.5834 3.4018 -6.9771 4.1183 -8.0556 2.3272 -3.5657 4.1800 171.0994 1.1478 168.2140 6.5028 138.7721 2.5360 122.1668 2.5971 132.0585 2.6040
4525 166.8779 5.2096 -10.5687 4.0897 -7.6498 4.2521 -8.7255 2.7547 -4.7218 4.2940 171.5371 1.9769 168.5593 6.6274 138.7340 2.5431 121.5739 2.4323 134.7943 2.5004
4526 166.6774 4.9241 -10.7101 4.3166 -8.4014 3.8098 -8.7881 3.5747 -5.7775 4.1604 171.8723 2.7727 168.4603 6.4023 138.8527 2.5237 121.4865 2.5420 138.2307 2.3528
4527 167.0115 4.7160 -10.6792 4.2545 -8.9753 3.0171 -8.2744 4.0684 -7.1041 3.9648 171.9763 3.2238 168.3400 5.9904 139.5770 2.4803 121.6008 2.4777 141.5763 2.4691
4528 167.5175 5.0399 -10.7024 4.1525 -8.9461 2.3369 -7.5013 4.2875 -7.9181 4.4691 171.8578 3.6280 167.8035 5.3619 140.8415 2.4342 121.8403 2.5815 144.9758 2.4527
4529 167.4630 5.3311 -10.5354 3.9804 -9.1307 1.2530 -6.6089 4.1658 -8.3756 4.9628 171.9434 4.2286 167.7444 4.2181 142.1281 2.6344 122.0343 2.5884 148.3714 2.4992
4530 167.2108 5.3548 -10.5269 3.3777 -9.4696 0.3009 -5.4778 4.4236 -8.4258 5.4989 171.9749 4.3228 168.0439 2.9432 143.2674 2.6119 122.5484 2.5648 151.4437 2.4013
4531 167.3196 5.3917 -9.8749 2.9983 -9.4195 -0.4339 -4.4808 4.4963 -8.6745 5.3204 171.7692 4.2127 168.2482 2.0874 145.0088 2.5901 122.5686 2.4579 153.2745 2.5430
4532 167.2106 5.3065 -9.2878 2.5327 -9.1762 -0.8867 -4.0837 4.6505 -8.2432 5.1513 171.1826 4.0696 168.7543 1.6988 147.0371 2.5606 122.2687 2.4080 154.3312 2.5322
4533 167.0628 4.9113 -8.4108 2.0687 -8.3239 -1.4121 -3.8833 4.6861 -7.8125 4.8076 170.8296 4.0960 169.0901 1.3862 149.7686 2.5355 121.1132 2.5501 154.9175 2.3104
4534 167.7483 4.6676 -7.2968 1.6814 -7.2865 -1.6272 -3.9520 4.3764 -7.5366 4.5878 170.9404 4.4883 169.7976 0.9466 153.0673 2.3847 119.3539 2.3890 154.8917 2.2176
4535 168.4600 4.2419 -5.9733 1.2327 -6.6101 -1.4909 -3.9782 4.3480 -7.3012 4.2242 170.6116 4.7791 170.1311 1.0819 156.1660 2.6229 117.4137 2.4203 154.0507 2.1913
4536 169.0807 3.8283 -3.6083 0.8040 -6.7697 -1.5667 -4.1711 4.4389 -6.9209 4.3152 170.3312 5.6322 170.2486 1.5773 159.1382 3.2024 115.3671 2.4982 153.0467 2.1678
4537 169.5575 3.8167 -0.9925 0.6937 -7.2539 -1.5732 -4.0561 4.4145 -6.8248 4.2135 170.1973 5.8374 170.5751 2.0906 161.9209 3.6570 113.7492 2.6013 151.8025 2.2618
4538 169.6717 3.8150 2.0236 0.6980 -7.6928 -1.1611 -4.1570 4.5355 -6.9181 3.8601 170.0091 5.7593 171.2542 2.3996 164.3461 3.8595 113.0982 2.5078 150.3620 2.2537
4539 170.4472 3.3258 5.0799 1.2384 -8.1362 -0.8928 -4.3406 4.5868 -6.9353 3.1368 170.0381 5.5304 171.6558 2.6912 166.4951 3.9935 113.0182 2.4890 149.0153 2.4505
4540 170.9580 2.9087 8.4677 2.0819 -7.7367 -0.8364 -4.5716 3.8748 -7.2788 2.5331 170.1728 5.1605 171.5682 3.0613 168.2586 4.0567 113.1943 2.4312 148.6160 2.4797
4541 171.2448 3.0653 11.2479 2.4841 -6.7740 -0.9059 -4.8671 2.7952 -7.8157 2.1216 170.3596 4.9293 171.2789 2.8819 169.7732 4.2312 113.9496 2.4223 148.9195 2.4184
4542 171.4475 3.1344 14.5276 2.5743 -6.3625 -1.0592 -5.0814 1.6075 -8.4517 1.6392 170.4254 5.3980 170.8790 2.4163 170.5216 4.7247 114.6922 2.4443 150.1837 2.5845
4543 170.9349 3.4426 18.2690 2.5680 -6.5210 -1.3285 -5.4724 0.9748 -9.2845 1.5349 170.2034 5.9510 170.9566 1.8167 170.8984 5.2749 115.6813 2.4346 151.7703 2.9280
4544 170.0576 3.5802 21.8892 2.5584 -6.9192 -1.3841 -5.7114 0.7409 -9.9781 1.7726 169.8791 5.9842 171.2221 1.1854 170.9237 5.2004 115.9715 2.4979 154.0648 3.3074
4545 168.8723 3.8186 25.5650 2.6284 -7.3706 -0.8839 -6.0422 -0.0382 -10.1316 2.3382 169.6330 5.9364 171.4350 0.7095 170.4681 5.1449 116.1548 2.5632 156.2254 3.5733
4546 167.8676 4.3582 29.0188 2.5900 -7.1164 -0.1901 -6.4859 -0.1306 -10.0673 2.6231 169.3923 5.8234 171.3246 0.4743 169.6765 5.0585 115.4041 2.6377 158.3263 3.7476
4547 167.2711 4.3548 32.2697 2.5000 -6.4605 0.6355 -6.6315 -0.1469 -9.7050 2.7708 169.3210 5.7828 170.7417 0.5728 168.5840 4.6885 113.6780 2.6495 159.4917 3.8026
4548 167.0226 3.7663 35.5204 2.5152 -5.4153 0.9015 -6.9981 -0.0830 -9.7744 2.5775 169.3208 5.9129 170.2337 0.5859 167.3483 4.4763 111.4959 2.6738 159.8837 3.8101
4549 166.4661 3.3960 38.2872 2.5109 -4.6619 0.8817 -6.8194 0.1566 -10.0321 2.9749 169.4032 5.8782 170.1327 0.9410 165.3625 4.6527 109.6034 2.5829 158.9197 3.6231
4550 166.2998 2.8503 40.5364 2.5452 -4.4872 1.0593 -5.9401 0.4992 -10.0817 3.1545 169.1836 5.5497 169.8092 1.2340 162.7961 4.5191 107.5024 2.5685 157.5859 3.5451
4551 166.1084 2.1337 42.2382 2.5978 -4.8004 0.9086 -4.2454 1.0872 -9.4166 2.9094 168.8495 5.0537 170.3285 1.8279 159.9939 4.3600 106.2825 2.5321 155.9865 3.5322
4552 165.9490 1.5702 42.7443 2.5342 -5.3798 0.6810 -2.0244 1.5511 -9.7958 2.5611 169.0865 4.1981 170.5717 2.2273 157.4249 4.0289 105.3368 2.4415 154.3751 3.1649
4553 166.4906 1.2523 42.6031 2.5022 -5.9120 0.9036 1.0076 1.9416 -10.2197 2.5294 169.6992 3.6620 170.6803 2.7452 155.2485 3.4471 104.5531 2.5050 153.1800 2.9059
4554 167.7042 1.5256 41.9598 2.4673 -6.2226 1.0431 3.9526 1.6355 -10.4746 2.8722 170.6774 3.0919 170.4777 2.7503 153.9492 2.9987 104.1767 2.5413 152.4035 2.5882
4555 169.0281 1.3365 40.6410 2.4110 -6.8735 1.1071 7.6683 1.9507 -10.3386 3.3144 171.0621 2.7221 170.1248 2.6177 152.7559 2.7183 104.8757 2.5737 152.4836 2.4508
4556 170.2378 1.2027 38.1428 2.2799 -7.4936 1.0452 11.1183 2.3925 -10.3631 3.6990 170.9761 2.3875 170.2503 2.6635 152.3605 2.5295 105.9426 2.5990 152.7178 2.0467
4557 170.6902 1.0369 35.1741 2.4253 -7.8724 0.9298 14.4867 2.6217 -10.3701 3.4643 170.7240 2.6317 171.0298 3.3351 153.0241 2.7932 107.9733 2.6574 153.7915 1.7709
4558 171.0712 0.9321 31.5711 2.5453 -8.1394 1.2557 18.0174 2.4799 -10.1680 2.4353 170.1011 3.1012 171.4541 3.9028 154.1975 3.3586 110.2380 2.6430 155.3195 1.1258
4559 170.5863 0.7998 27.8497 2.4934 -8.0658 2.3998 21.8194 2.5158 -9.8383 1.1901 169.7523 3.7575 171.5165 4.0224 156.1521 3.8694 112.4812 2.5154 157.8686 0.5398
4560 169.9016 1.0325 24.9508 2.4589 -8.0533 3.7999 25.6617 2.2128 -9.2424 0.2758 170.1075 4.2067 171.4190 3.6827 158.6388 4.1309 114.8395 2.4269 160.6561 0.3767
4561 169.3329 0.7556 22.7126 2.4559 -8.1241 4.6664 29.0405 2.2423 -8.4949 0.2973 170.2586 4.7992 171.1293 2.9848 161.0168 4.7569 117.2564 2.6365 163.5241 0.1159
4562 169.0207 0.5194 21.2984 2.4947 -7.9353 5.2777 31.8758 2.4833 -7.6113 0.5236 170.2943 5.6698 170.2859 2.3354 163.4466 5.1698 119.6772 2.6406 165.9054 0.0999
4563 168.3682 -0.0121 20.7070 2.5013 -8.0217 5.1320 34.0316 2.4333 -6.3210 0.4942 169.6117 6.2009 169.4876 2.1017 164.8323 5.5559 122.3299 2.4485 167.7509 0.1364
4564 167.3814 -0.2641 20.6846 2.4630 -8.1172 4.4689 35.5586 2.3927 -4.0442 0.3411 169.1057 6.5912 168.8476 1.4696 165.8984 5.5682 125.5126 2.3635 169.1431 -0.0286
4565 166.9976 -0.4336 21.4177 2.5981 -8.4229 4.2146 36.1748 2.4642 -1.4305 0.5447 168.2441 6.5984 168.5602 0.5422 166.1606 5.6305 129.0031 2.4876 169.6806 -0.6394
4566 166.2362 -0.2372 22.9875 2.4417 -8.7398 4.3280 36.1252 2.5557 1.4016 0.8100 167.5057 6.3044 168.2752 -0.2702 165.6349 5.4301 132.4496 2.4337 169.7299 -0.9161
4567 165.5894 0.0286 25.1866 2.4327 -9.2869 4.5163 35.3826 2.5593 4.6832 1.2146 166.8017 5.6447 168.1379 -0.7627 164.3209 4.9720 135.1689 2.3150 169.5070 -0.6511
4568 164.8651 0.5387 27.9886 2.4682 -9.6738 4.1443 33.5595 2.6737 7.7306 1.5325 166.5306 5.1553 167.8220 -0.9618 162.5529 4.7017 137.3922 2.5369 169.0372 -0.1748
4569 164.0483 0.9610 31.4648 2.3148 -9.8555 3.1871 31.6930 2.5840 11.1311 2.0312 166.6885 4.7780 167.8757 -0.6974 160.2360 4.4366 138.9395 2.4480 167.8876 0.3124
4570 163.1401 1.1423 34.8042 2.5983 -9.2045 1.9857 29.8099 2.6834 14.4336 2.3180 166.9949 4.1467 168.3387 -0.2716 158.1793 4.0132 139.3486 2.4903 166.2967 0.4866
4571 161.5487 1.0867 37.8708 2.5219 -8.6072 1.0432 28.2596 2.5861 17.2342 2.4595 166.8255 3.8542 168.9315 0.5335 156.7253 3.4317 139.1432 2.5551 164.4178 0.5895
4572 159.4499 1.3119 40.2761 2.5489 -7.5290 0.6925 27.3143 2.5854 19.4770 2.4140 166.2926 3.2756 169.5792 1.4499 155.9369 2.8839 137.8274 2.5439 161.8788 1.0142
4573 157.0428 1.4269 41.7150 2.5537 -6.6263 0.9774 27.0928 2.4331 21.0590 2.4730 165.8904 2.7123 170.1029 2.3185 155.5109 2.7111 136.5426 2.7508 159.1708 1.3618
4574 154.5592 1.9293 42.7090 2.4513 -5.9722 1.5993 27.7625 2.4314 21.6566 2.4564 165.7910 1.8633 170.1236 3.1605 155.1799 2.5337 134.9593 2.6447 156.8190 1.8967
4575 151.6997 2.2661 42.6150 2.5287 -5.7933 2.2979 29.1798 2.3895 21.7381 2.4954 166.2492 1.3345 169.7818 3.9611 155.4375 2.4981 133.6901 2.5893 154.6772 2.2403
4576 148.7766 2.3439 41.8192 2.6111 -5.6161 2.8228 31.3073 2.3350 20.8584 2.4452 166.7322 1.6312 169.1557 4.8525 156.6879 2.4375 132.8589 2.4797 153.3197 2.6808
4577 146.4759 2.6505 40.4181 2.5655 -5.8081 3.1606 34.2792 2.3649 19.0652 2.3525 166.9015 1.6947 168.5090 5.4728 158.5607 2.3784 132.3343 2.4445 152.0848 2.7186
4578 144.7096 2.5423 38.2154 2.7465 -5.7557 3.6336 37.6374 2.4471 17.5136 2.4130 167.0894 1.9697 168.0693 6.2960 160.7217 3.0617 132.9407 2.3570 151.5836 2.5298
4579 143.9158 2.4841 35.5290 2.7309 -5.5433 4.4297 41.5668 2.3932 15.9506 2.3664 166.8496 2.4271 167.7214 6.1804 162.9959 3.7023 134.2337 2.3290 151.5028 2.5604
4580 144.1651 2.5472 32.1314 2.5684 -5.0205 5.1398 45.0658 2.3933 14.4645 2.2976 166.9115 2.5994 167.1481 6.3552 165.0592 4.0282 136.0184 2.4307 152.4426 2.7005
4581 144.7595 2.5649 28.6296 2.4984 -5.0936 5.3430 48.8744 2.4813 13.8741 2.4344 167.3571 2.1042 166.3139 6.0823 166.9668 4.1319 138.4720 2.2881 153.6262 3.2256
4582 146.1038 2.6385 25.1742 2.4781 -4.4863 5.6986 52.5013 2.3996 13.7013 2.5128 167.9806 1.2870 165.7278 5.8268 168.3907 3.8837 141.2238 2.4133 155.2195 3.8266
4583 147.9344 2.6336 21.7787 2.5922 -3.4245 5.7152 56.1256 2.4290 14.1106 2.4610 168.9029 1.1506 165.2190 5.5675 169.3254 3.0932 143.7410 2.4203 157.5072 4.1031
4584 150.6444 2.4537 18.9400 2.6186 -1.9643 5.2800 59.6634 2.3748 14.8131 2.4191 169.4367 1.1137 165.2417 5.5069 169.6732 2.7611 145.3644 2.4101 159.6839 4.6540
4585 153.7673 2.7584 16.2444 2.5381 0.4162 4.7259 63.1934 2.3107 15.8626 2.3869 169.5969 0.6521 165.5167 5.8475 170.0140 2.3908 146.5175 2.5543 161.3133 4.7747
4586 156.5532 3.4782 14.2248 2.5108 3.3369 4.4873 66.7457 2.3137 17.0174 2.4192 169.9325 0.5003 166.4763 6.1990 170.4522 2.1036 146.8410 2.5719 162.2178 4.6034
4587 159.0932 3.8928 12.1262 2.4531 6.9561 3.8314 70.0577 2.5669 17.7992 2.5516 170.4724 0.1775 166.9566 6.3924 170.8697 1.5877 146.4102 2.4432 162.5992 4.7224
4588 161.1147 4.1275 10.1549 2.5404 10.1715 3.3324 73.5805 2.5629 17.8785 2.5728 170.5925 -0.4948 167.3357 5.7352 171.4142 0.8902 145.1490 2.4119 161.8918 4.5242
4589 162.3219 4.0045 8.2329 2.5153 13.5779 2.7265 76.7656 2.4855 17.2356 2.5141 170.6526 -0.7705 167.6345 5.2447 171.4857 0.8677 142.9274 2.4254 160.6988 4.5378
4590 163.5379 4.2780 6.2444 2.2891 16.7480 2.3985 79.7049 2.5678 15.7617 2.5135 170.8275 -0.5608 168.4987 5.0642 171.2968 1.1445 140.1221 2.2004 158.5031 4.5128
4591 164.3532 4.5146 4.3925 2.3255 19.2159 2.2788 81.7092 2.5971 13.8115 2.5683 170.5661 -0.2504 168.8017 4.9500 170.8228 1.8249 136.5929 2.4551 156.0089 4.1387
4592 165.4840 5.1795 2.9172 2.6807 20.9544 2.3329 83.3719 2.5580 11.1361 2.5005 170.4815 0.2034 169.5826 5.3525 170.1641 2.4905 133.8003 2.4243 152.5718 3.5096
4593 166.2796 5.7499 1.8994 3.2950 22.0309 2.3767 85.0306 2.5594 7.7892 2.5036 170.5313 0.2061 170.2366 5.7228 169.5168 2.9091 131.8799 2.6213 149.6338 2.6411
4594 166.7546 5.8106 0.8869 3.4761 22.4823 2.5100 86.3909 2.4803 4.3286 2.7839 170.6370 0.5774 170.7025 5.6998 169.2527 3.4698 130.6198 2.4595 147.7735 2.4769
4595 167.3291 5.4345 -0.5871 3.3022 22.0229 2.5522 87.6908 2.5211 1.6725 3.1853 170.6327 1.0460 170.6737 5.7093 169.0026 4.2500 129.9382 2.4846 146.1655 2.4210
4596 167.9780 4.6161 -2.0754 3.5042 20.9221 2.5814 89.0525 2.4400 -0.6573 3.6353 169.8993 1.8312 170.3450 5.8429 168.9078 5.2361 130.3475 2.6005 145.2844 2.5567
4597 168.5856 3.7933 -3.1918 3.9230 19.2205 2.6811 90.5150 2.5338 -2.3844 3.8211 169.0974 2.8205 169.6369 6.0329 168.3805 5.9590 131.2736 2.5329 145.3323 2.5055
4598 168.7881 2.9235 -3.7221 4.3805 16.5318 2.6871 92.5531 2.4825 -3.5817 3.8695 168.7727 3.7706 169.0189 6.6416 167.5899 6.1870 132.5748 2.6449 146.1978 2.6131
4599 168.8457 2.6297 -4.2756 4.5520 13.3651 2.7444 94.3363 2.3493 -4.5874 3.8477 168.5404 4.7576 169.0465 6.5145 166.8343 5.8657 134.2930 2.6550 147.4856 2.6257
4600 168.6733 2.2691 -4.1580 4.8626 9.5781 2.6115 96.7363 2.4406 -4.9345 3.5615 168.2735 5.1359 169.2201 6.4131 166.5481 5.6841 136.0280 2.6387 148.7412 2.6328
4601 167.8794 1.7047 -4.2897 4.7414 6.0873 2.4059 99.4744 2.4981 -4.8709 3.6752 167.5772 5.4558 169.5611 6.1718 166.6332 6.0044 137.2945 2.5161 149.8998 2.6312
4602 166.8636 1.0750 -4.3248 4.1544 3.4457 2.6273 101.9889 2.5740 -4.3317 3.6364 166.2534 5.4210 169.6787 5.7038 166.6555 6.0222 138.2299 2.5096 150.9715 2.5640
4603 165.2082 0.6997 -4.3229 3.7193 1.1728 2.3998 103.8262 2.5329 -3.5580 3.4602 165.5453 5.2000 169.6637 5.4715 167.3634 6.3314 138.0402 2.5542 151.3149 2.4151
4604 162.7597 0.5211 -4.5869 4.3090 -0.7896 1.9575 105.1793 2.4653 -2.3918 3.1522 165.3561 4.2126 169.1361 5.5935 167.4229 6.6577 137.1898 2.6225 150.8877 2.4629
4605 159.9988 0.7886 -4.9292 5.0150 -2.6159 1.5350 105.4327 2.4729 -0.7874 2.6451 165.3029 3.3640 168.8152 6.2123 167.2357 6.5649 135.6352 2.6215 149.3595 2.3671
4606 157.1654 1.5404 -5.2668 5.3745 -3.8299 0.9968 105.1223 2.4742 0.8856 1.9866 165.4018 2.6645 169.0242 6.6665 167.4526 6.3888 133.3757 2.6830 147.3546 2.3948
4607 154.2301 1.9164 -5.5743 5.3964 -4.9078 0.0998 103.8262 2.5761 2.1245 1.8685 164.9559 1.8309 168.7080 6.7070 168.0384 6.0873 130.2595 2.6056 144.7642 2.3878
4608 151.2561 2.4007 -5.7767 5.1980 -5.8428 0.1745 101.9317 2.5175 3.1648 1.7810 164.8235 1.0360 168.2442 6.4163 168.9274 5.6616 126.7945 2.5369 141.5263 2.3681
4609 148.8721 2.4922 -6.1393 5.3363 -6.1623 -0.2502 99.5550 2.5959 4.0492 1.9204 164.4486 0.5994 167.6373 6.2010 169.4947 5.0871 123.2766 2.5677 137.9996 2.3639
4610 146.8177 2.5158 -6.8562 5.5223 -6.5928 -0.7809 96.6448 2.5708 4.3223 2.2059 164.1957 0.3473 167.0484 6.3848 169.8765 4.5790 119.7875 2.5114 134.7139 2.2299
4611 145.6406 2.5109 -7.4145 5.8917 -7.3326 -1.0761 93.3207 2.5903 4.2643 1.9257 163.2526 0.3678 167.2239 6.9105 170.6631 4.3845 115.9499 2.5727 131.2305 2.3925
4612 145.1219 2.4734 -7.8757 6.2737 -8.0099 -0.7204 90.5139 2.3620 3.8603 1.3764 161.8557 0.3796 167.2155 6.8876 171.0872 4.2611 111.9373 2.4287 128.7513 2.4004
4613 145.1893 2.6198 -8.3013 6.1779 -8.4773 0.0374 88.4916 2.5292 2.4202 0.7205 159.8564 0.5910 166.8994 6.7635 171.3678 4.2777 108.1777 2.4328 126.5717 2.3755
4614 146.1737 2.5843 -7.8062 6.4441 -8.7347 1.3266 87.1803 2.4862 0.8969 0.3160 157.7893 1.1688 166.0880 6.2687 171.7316 3.7670 104.6602 2.4539 125.2341 2.4333
4615 147.7938 2.7728 -7.0458 6.7281 -9.0350 2.3332 86.5270 2.5254 -1.2423 0.2705 155.0504 1.6797 165.1684 5.6381 171.8585 3.7181 101.0805 2.4368 124.9206 2.5343
4616 149.9449 3.2233 -5.9525 5.9894 -9.7434 2.5523 86.8369 2.5002 -3.7613 0.3731 152.4332 2.1379 164.3229 5.1287 171.8894 3.8015 97.3243 2.5787 125.1449 2.4797
4617 152.8167 3.8396 -5.6004 4.9950 -10.5990 2.5991 87.6686 2.3991 -6.1351 0.4624 150.2540 2.5426 163.3546 4.4030 171.5123 3.9517 93.9956 2.4830 126.3272 2.4738
4618 156.3485 4.2200 -5.5604 4.3503 -10.7337 2.7788 89.1617 2.4390 -7.8636 0.1170 148.1182 2.5597 162.3799 3.9256 171.5161 4.5356 90.9526 2.5565 128.3329 2.3237
4619 159.6118 4.0905 -5.9083 3.9352 -10.4220 2.8101 91.0149 2.3293 -8.9454 -0.0472 147.1424 2.4711 160.6559 3.6940 171.4989 4.8097 88.9319 2.4676 130.9637 2.5389
4620 162.5121 4.3653 -5.7752 3.1798 -10.2345 2.8957 92.7078 2.4446 -9.5461 -0.4579 146.6404 2.5176 158.5509 3.5752 171.6269 4.9588 87.7133 2.5834 134.2697 2.5388
4621 164.8723 4.9922 -5.2417 2.4123 -10.2688 2.6783 94.4373 2.3783 -10.0573 -0.2779 146.5902 2.5228 156.4119 3.0753 171.7521 4.6563 86.7823 2.5623 137.4521 2.6420
4622 167.1181 5.2316 -4.5330 1.4054 -10.5084 2.9078 95.2136 2.4689 -10.7751 0.1377 147.6245 2.4115 154.6702 2.2671 171.9442 3.6418 86.9120 2.4643 139.9535 2.7002
4623 169.0673 5.1608 -4.2092 0.4284 -10.3767 2.5475 95.2180 2.4922 -11.2017 0.4511 148.9584 2.3556 153.3440 2.1928 171.9182 2.4539 87.5746 2.4033 141.5316 2.5640
4624 170.4259 4.7169 -4.6027 -0.1662 -10.0204 1.6953 94.5701 2.5925 -11.0950 0.5579 151.1247 2.6409 152.3357 2.4450 171.0286 1.6061 89.0099 2.5634 142.6936 2.4903
4625 171.1790 3.6747 -5.2762 -0.4657 -9.2049 0.9102 93.7781 2.5801 -10.8347 0.1749 154.0506 2.6581 151.7350 2.4673 170.0514 1.1134 90.9248 2.4261 142.7796 2.5682
4626 171.0305 2.6354 -5.7427 -1.0067 -8.5484 0.2140 92.8464 2.6791 -10.4142 -0.2613 156.9643 2.2674 151.6946 2.5490 169.0359 0.6342 93.9079 2.6212 142.3537 2.4561
4627 170.7287 1.6766 -5.8903 -1.0409 -8.5242 0.1561 91.8752 2.6054 -10.4062 -0.4583 159.6526 1.8903 152.7144 2.6677 168.6725 0.2222 97.4753 2.5327 141.2456 2.5121
4628 170.1016 1.4108 -5.5689 -1.1507 -9.3430 0.6260 91.1958 2.5184 -10.6333 -0.2932 161.6311 1.5902 154.1028 2.5282 168.1958 -0.2600 101.0361 2.5578 139.4358 2.3609
4629 168.8076 1.3617 -5.1964 -0.9806 -9.3558 1.0359 91.0301 2.4700 -10.8888 0.1518 162.9749 1.1764 156.2681 2.4503 167.4401 -0.3835 104.7967 2.4512 136.8252 2.3026
4630 167.2881 1.2158 -4.9087 -0.8611 -9.3140 1.7121 91.7045 2.4871 -11.0682 0.9028 163.9006 1.0886 158.6956 1.8823 166.8289 -0.3837 108.2419 2.5781 133.5315 2.4483
4631 165.2562 0.8797 -4.7025 -0.9337 -8.9637 2.2210 92.9817 2.4805 -11.2891 1.1825 164.8136 0.7535 161.5737 1.2992 166.4114 -0.3641 111.4781 2.5274 129.8494 2.4690
4632 162.9968 0.8671 -4.6487 -0.9184 -8.2948 2.7375 94.8836 2.5134 -10.9306 1.1533 165.6482 0.1199 163.5843 0.7645 166.3299 -0.4983 114.1850 2.4903 126.3021 2.4646
4633 160.2995 1.0219 -5.1462 -1.0471 -8.0394 2.9471 97.3770 2.5306 -10.2611 0.5748 166.2000 -0.6390 164.8913 0.3745 166.3985 -0.8224 116.3112 2.4431 122.9764 2.3734
4634 158.0667 1.2901 -5.1391 -0.9972 -7.1719 3.3918 100.4912 2.4370 -9.5845 0.1183 166.9304 -0.8883 165.6697 0.6509 166.4863 -1.0610 117.7996 2.5233 119.4985 2.3415
4635 156.6953 1.9270 -4.8466 -0.4886 -6.1245 3.9937 103.2297 2.4379 -8.8655 -0.1664 167.6590 -0.7628 165.9574 0.6162 166.8070 -0.9403 118.3481 2.5509 116.3210 2.3748
4636 156.1065 2.1516 -4.7990 0.4490 -4.1876 4.2642 104.9377 2.4434 -8.2089 0.4539 167.9155 -0.3125 165.9870 0.5794 166.7426 -0.6203 118.4024 2.5417 113.6275 2.3400
4637 155.8161 2.4097 -4.3033 1.4688 -1.4278 4.3344 106.0924 2.4578 -7.5346 1.0730 168.4688 0.7225 165.6575 0.5275 165.8157 0.1440 117.2949 2.5692 111.9647 2.3544
4638 155.5662 2.6405 -3.9512 2.5109 1.6365 4.4949 106.4230 2.4886 -7.1233 1.6498 168.7532 1.5600 165.0985 0.9729 164.5662 0.3478 115.5837 2.5605 110.9670 2.3816
4639 155.7309 2.8280 -3.6267 3.3106 4.7551 4.0350 106.1379 2.4650 -6.6317 2.1531 169.1612 2.2378 164.4322 1.0300 163.1320 0.5785 113.3657 2.5635 110.6830 2.4743
4640 156.2500 2.6430 -3.5498 4.0642 7.9784 3.5941 104.9836 2.5144 -6.6635 2.7101 169.1007 2.8562 164.0042 1.4254 160.8409 0.5896 109.8692 2.6511 111.0991 2.4259
4641 156.9832 2.5975 -3.5590 4.0982 11.3431 2.9697 102.9651 2.4659 -7.0497 3.3861 168.6494 3.4721 163.6633 1.7086 157.9894 0.8764 106.6060 2.5512 112.2824 2.5313
4642 158.5083 2.5853 -3.8413 4.5931 14.7342 2.6570 100.2528 2.4216 -7.6502 3.5061 167.9800 3.6704 163.7279 2.1277 154.6878 1.1496 103.6215 2.6051 113.8595 2.4532
4643 160.4456 2.9129 -4.0834 4.9178 18.7285 2.3099 97.1297 2.5006 -8.1100 3.4097 167.4672 3.5932 163.8997 1.8911 151.3655 1.6978 101.3257 2.6152 116.1764 2.3241
4644 162.0355 3.1821 -4.4865 5.3780 22.3213 2.3780 93.8243 2.2218 -8.1650 3.3505 166.7884 3.2850 163.8153 1.1937 148.7298 2.2554 99.7000 2.4447 119.3089 2.3488
4645 163.3329 3.5799 -5.0438 5.5641 26.0616 2.4047 90.1342 2.2132 -8.2972 3.1129 166.5674 2.4743 164.5888 0.4267 146.9861 2.3791 98.5372 2.4225 123.0070 2.5736
4646 164.6167 4.1466 -4.8116 5.0859 28.8505 2.3576 86.5053 2.3315 -7.9771 2.6018 166.5851 1.7464 165.7178 -0.3462 145.5216 2.5322 98.1217 2.5316 126.6728 2.6313
4647 165.7384 4.3905 -4.0398 4.7100 30.9843 2.3755 82.8340 2.3836 -7.9306 1.5868 166.9970 1.4011 166.4967 -0.0631 144.5476 2.4854 98.7872 2.5714 129.9658 2.7221
4648 166.9964 4.3410 -4.1867 3.8905 32.3612 2.3897 79.3724 2.5772 -7.4037 0.6388 167.7616 0.7939 167.3129 0.0813 144.6507 2.5344 100.4062 2.5583 133.8235 2.4809
4649 168.0087 3.8918 -4.9155 2.9263 32.7272 2.4832 76.2411 2.5595 -6.5664 0.1957 168.6867 0.2788 168.1253 0.3518 145.4868 2.4546 102.3903 2.5628 137.4836 2.3735
4650 168.7079 3.7841 -6.1155 2.4832 32.1849 2.5164 73.4431 2.4924 -5.3584 0.1600 169.5445 0.3352 169.1360 0.5382 147.0067 2.5254 105.1716 2.6275 141.1984 2.2204
4651 169.6037 3.3813 -7.4344 2.2345 31.2968 2.6249 71.4477 2.4979 -4.2739 0.8780 170.6388 0.1451 170.3587 0.8893 149.1645 2.3398 108.6134 2.5715 144.8503 2.3935
4652 170.1352 2.7589 -8.2770 1.6362 29.6845 2.6055 70.3036 2.5386 -4.0540 1.8262 171.4588 0.2440 170.9845 1.1309 152.1133 1.9158 112.3243 2.4510 148.5314 2.3741
4653 170.0947 2.2729 -8.6980 0.8442 27.0025 2.7010 69.8243 2.5070 -4.4240 2.3996 171.6260 0.3586 171.3296 1.2389 154.8429 1.3342 115.4966 2.3880 152.2297 2.1684
4654 170.1435 1.8646 -8.3376 -0.0595 23.7288 2.5944 70.1986 2.4025 -4.5699 2.9918 171.6441 0.5311 171.7156 1.3923 157.7914 1.1778 118.1516 2.3525 155.4853 1.7962
4655 170.2466 1.3931 -8.4265 -0.8532 20.3138 2.4937 70.8870 2.3861 -5.0210 3.5522 171.6181 0.3413 171.4609 1.2597 160.5016 1.2385 120.3643 2.6176 158.4032 1.0666
4656 170.0156 1.4340 -8.7459 -1.0947 17.0842 2.6869 72.3491 2.2837 -4.9896 4.3024 171.5864 0.0985 170.7960 1.1551 163.3000 1.8295 122.3912 2.6154 161.1647 0.4681
4657 169.5779 1.6784 -9.3545 -1.0229 14.2379 2.5223 73.9605 2.2819 -4.6399 4.7916 171.4159 0.1992 169.7757 1.3856 165.5990 2.2935 124.5075 2.4844 163.9571 0.4432
4658 168.6749 2.1244 -9.6143 -0.9351 12.2300 2.5161 75.9653 2.4340 -3.9283 5.0059 171.3265 0.1736 169.3363 1.6380 167.2311 1.9637 126.5234 2.5325 166.5985 0.9684
4659 167.6913 2.7484 -9.3524 -1.1463 10.9783 2.5334 77.2795 2.4752 -3.0644 4.7664 171.4340 0.0893 169.1197 1.3329 168.4404 1.8631 128.4085 2.4024 168.3355 1.5297
4660 166.7547 3.2076 -8.7524 -1.0895 10.6110 2.4472 77.9734 2.3704 -1.5656 4.8550 171.2415 0.3854 169.2176 0.9341 169.3621 1.8614 130.0065 2.4925 169.2036 2.1067
4661 166.7815 3.9995 -8.2104 -0.7159 10.9754 2.6049 78.0210 2.5474 0.2224 4.6729 171.1227 0.6079 169.1305 0.7568 169.8395 2.1050 131.1153 2.4825 169.5541 2.4494
4662 167.1635 4.6676 -7.9241 0.3864 12.2162 2.4928 77.3382 2.6732 1.7749 4.1395 171.3134 1.0890 168.9119 0.7003 170.3373 3.1728 131.5954 2.5240 169.6731 2.9346
4663 167.6898 5.6235 -8.6266 0.8642 13.4112 2.5647 75.3297 2.6420 2.8787 3.5297 171.4522 0.8232 169.1056 0.8916 170.6769 3.6684 131.8714 2.5100 169.5749 3.7152
4664 167.7575 5.8638 -9.3292 1.3511 15.0873 2.6220 72.5749 2.5924 3.6998 3.1029 171.3601 0.7755 169.4279 1.9373 170.5190 3.4725 132.3605 2.4707 170.2713 4.6113
4665 167.6227 5.7038 -9.3209 2.0702 17.0040 2.6497 69.4702 2.6588 4.0107 3.1433 170.8396 0.4076 170.0171 2.6227 170.0058 3.0291 133.0676 2.4056 170.3799 4.9986
4666 167.6969 5.5360 -8.4739 2.6664 18.5969 2.3974 65.9535 2.6894 3.7691 3.3536 169.7310 0.4676 170.4983 2.7650 169.1375 2.8238 134.3305 2.5578 170.2029 4.7125
4667 168.5754 5.0511 -7.5081 2.7199 19.0470 2.5058 61.9590 2.5157 3.0595 3.5392 168.8139 0.5740 170.6833 2.9114 168.5391 2.8719 135.3690 2.4702 170.0128 4.0695
4668 169.9106 4.8188 -6.8173 2.8963 18.6564 2.5464 58.5194 2.6115 2.4807 3.4641 168.4082 0.7840 170.9854 3.4936 168.0244 3.3427 136.2315 2.4808 169.7547 3.1746
4669 171.0369 5.0972 -6.1088 3.4888 17.7583 2.5482 54.7388 2.4896 1.8379 3.3198 168.2178 0.7870 171.0217 4.1475 167.4179 3.8627 137.2152 2.5398 169.7886 2.5001
4670 171.1378 5.4477 -5.3625 4.0190 15.9429 2.5659 51.1753 2.3524 1.5840 3.2922 167.8483 0.3467 170.7380 4.5876 166.9903 4.1606 138.3568 2.6015 170.3504 1.5906
4671 171.1800 5.5696 -4.5209 4.1260 13.3587 2.6562 47.9063 2.4248 1.7636 3.3361 167.8151 0.6554 170.6263 5.2158 166.5493 4.5037 139.6881 2.6748 170.9265 0.7785
4672 171.1431 5.5155 -3.7917 3.5259 10.5690 2.4459 45.0427 2.4756 2.7310 3.5854 167.8436 1.2383 170.3539 5.2926 166.0210 4.6420 141.5716 2.5386 171.2995 0.2620
4673 170.4692 5.4741 -2.6907 2.9585 7.9312 2.1621 42.8808 2.3001 4.5724 3.6079 167.8476 2.2000 169.9341 4.9203 165.5205 5.0507 144.4886 2.4886 171.1911 -0.2145
4674 169.6656 4.9673 -1.8334 2.4958 5.6287 2.3486 41.6109 2.4459 6.3546 3.4990 167.5378 3.4402 169.1777 4.1047 165.8531 4.9318 147.9417 2.7634 171.3748 -0.5462
4675 168.9459 4.3768 -0.8451 2.3916 4.5644 2.1661 40.8221 2.5160 7.8351 3.0603 168.0782 4.1084 168.5602 3.1768 166.4789 4.3886 151.2470 3.1546 171.5808 -0.5059
4676 167.5747 4.2674 0.3806 2.8150 3.6708 2.0819 41.0539 2.4879 8.7833 2.7150 168.7393 4.9794 168.5506 2.3682 167.1227 3.3560 154.5730 4.0123 170.9991 -0.3047
4677 165.5634 4.3526 1.7286 3.0598 3.8445 2.0287 42.2384 2.4735 9.1865 2.5201 169.4627 5.3498 169.2309 1.5735 167.3804 2.6814 157.8504 4.6039 169.9814 -0.6680
4678 163.5950 4.3852 2.7148 2.8849 4.7211 2.0249 44.0438 2.7434 8.8356 2.5504 170.0110 5.5508 169.7873 0.6622 167.6989 2.1454 161.0198 4.7236 169.1390 -0.5988
4679 162.1888 4.3481 3.4017 2.8249 6.0074 2.0084 46.4292 2.5853 7.4894 2.6339 170.4237 5.8098 169.9975 0.1087 168.1526 2.6208 163.8551 4.6589 168.4110 -0.5676
4680 160.8186 3.8337 3.7891 2.2424 7.6384 2.0112 49.3862 2.5824 6.1939 2.4882 170.1656 6.0321 169.9617 0.2014 168.4232 2.6253 166.3374 4.3627 167.4721 -0.1998
4681 160.4874 2.9354 3.6261 1.6267 9.3015 2.0980 53.0276 2.5244 4.6756 2.0122 169.9389 6.1701 169.8360 0.8850 168.6459 2.7851 168.1117 4.5910 165.7270 0.1565
4682 160.2653 1.8116 2.9400 1.1041 10.5345 2.3661 56.5110 2.5890 2.3256 1.6484 169.9866 6.0320 169.7291 1.7388 168.9721 3.0866 169.4807 4.9190 163.9963 0.3769
4683 160.7722 0.8630 1.4389 0.5200 11.0180 2.4981 60.3182 2.4950 -0.1952 1.3245 170.1487 5.3275 169.3660 2.4373 168.8208 3.6077 170.4260 5.1752 161.8947 0.5476
4684 161.7510 0.3159 -0.7031 0.2685 10.8218 2.4446 63.7806 2.5612 -1.6328 0.9825 170.9182 4.9560 169.3875 3.0387 168.5880 4.2249 171.1865 4.8609 159.9013 0.8663
4685 163.1999 0.1698 -2.9296 0.3259 10.1977 2.1773 67.2862 2.6655 -2.6731 0.8786 171.4242 3.9968 169.9245 4.1885 167.6767 4.4522 171.7517 4.2942 158.4593 1.3864
4686 164.3890 -0.0248 -5.1695 0.2524 8.3868 1.8800 70.7548 2.5772 -3.4086 1.0810 171.3189 2.9055 169.8874 4.9735 166.8223 4.6421 172.0458 3.8879 157.1861 2.0805
4687 165.6655 0.2880 -6.8358 -0.1134 6.1812 1.7663 73.9040 2.5651 -3.8122 1.0076 170.6975 2.0373 170.0833 5.2033 166.0702 3.8472 171.9030 4.0369 157.0410 2.3259
4688 167.3156 0.7675 -7.8921 -0.2310 3.5718 1.2349 76.5014 2.3917 -3.8939 0.8270 170.3569 1.4403 169.8863 5.1508 166.0221 3.2548 171.7152 4.7307 157.2786 2.2406
4689 168.2814 0.9599 -8.4610 -0.0087 0.9079 0.7381 78.5480 2.3922 -3.8622 0.9016 169.3825 1.2397 169.8029 4.5157 166.3997 2.4874 171.0257 5.3310 157.3945 1.9038
4690 168.8042 1.3832 -9.0587 0.8482 -1.0837 0.3896 79.9135 2.5592 -4.3869 1.5113 167.9558 1.0136 169.9328 4.0138 167.0736 2.0715 169.9045 5.6638 157.8753 1.5780
4691 169.3867 1.7816 -9.3365 1.8526 -3.1277 -0.1641 80.4936 2.4768 -4.9102 2.0172 166.3565 0.6017 170.3857 3.5261 167.8258 1.7987 168.8021 5.6619 158.9404 1.2339
4692 169.4897 1.9622 -9.4532 2.8901 -4.3357 -0.4284 80.9065 2.5026 -5.4723 2.1403 164.2883 0.5111 170.7809 3.7094 168.2430 1.2691 167.4392 5.3286 160.5484 0.8682
4693 169.9604 2.4910 -9.2956 3.3812 -5.0685 -0.7137 81.2062 2.4796 -5.8938 2.1248 162.0651 0.5626 171.2493 3.8415 169.0591 1.4865 165.5343 4.8764 162.2747 0.1905
4694 169.8910 2.7923 -8.9032 3.9316 -5.5546 -0.8410 81.2688 2.5251 -6.0149 1.6314 160.3118 0.9997 171.4666 3.7829 170.0879 1.6757 163.4118 4.7405 163.9747 -0.0614
4695 170.2838 3.3529 -8.5536 4.5655 -5.6341 -0.8254 80.6628 2.5605 -6.6759 1.1866 159.2852 1.5764 171.9536 3.7780 170.9404 1.9372 161.2289 4.6496 165.4676 -0.1059
4696 170.7655 3.9243 -8.5178 5.3550 -5.2011 -1.0207 79.4639 2.4773 -7.1773 0.6390 158.9302 2.4612 172.1078 3.5367 171.5867 2.2193 159.3419 4.1855 166.7178 -0.0518
4697 170.6908 4.1023 -8.5778 6.1290 -5.3236 -0.4952 77.8394 2.5219 -8.0361 0.0761 159.0247 3.1976 172.1906 3.4034 172.1169 3.1029 157.8680 3.5779 167.7071 -0.0883
4698 170.5833 4.2517 -8.7049 6.4591 -5.6431 -0.2748 76.0981 2.5140 -9.0324 -0.2855 159.3702 3.7694 171.8766 2.9559 172.0266 3.8770 157.0042 3.0982 168.6855 0.3465
4699 170.6896 4.4116 -9.1009 6.4863 -6.2185 -0.0802 74.2988 2.4505 -9.7672 -0.2564 160.1525 4.2647 171.0376 2.5847 171.5980 4.7049 156.7424 2.3460 169.5117 0.8430
4700 171.0404 4.5990 -9.1727 6.2190 -6.4056 -0.3171 72.5045 2.4923 -10.2068 -0.1440 161.1794 4.3675 170.1175 1.7523 171.6014 4.8727 157.2703 1.5349 170.3773 1.8671
4701 171.3257 4.8060 -8.1941 5.7082 -6.5193 -0.0723 70.5072 2.4244 -10.6338 0.3614 162.5530 4.0522 169.2943 1.3864 171.4367 4.7188 158.2450 0.9105 171.1351 2.2864
4702 171.3377 4.9100 -6.8863 5.6750 -6.8685 0.2247 67.9942 2.4403 -10.6414 0.8978 164.9204 3.6895 168.1702 1.4094 171.3206 4.1453 159.6416 0.9512 171.8509 2.5939
4703 170.9743 4.7139 -5.8263 5.5103 -7.6658 0.2070 65.0725 2.3553 -10.7801 1.4190 167.0563 3.3839 167.3959 0.9330 170.6462 3.5249 161.4099 0.9866 172.2527 2.3837
4704 170.4159 4.6684 -5.2921 4.8898 -8.1245 0.0907 62.6880 2.3653 -11.0827 2.4730 168.6808 3.6131 166.9054 0.5770 169.3878 3.3160 163.8472 1.5505 172.0924 1.9330
4705 169.8313 3.9111 -4.4238 4.2595 -7.7525 -0.0928 60.6183 2.3780 -11.0710 3.6351 169.8882 4.0655 166.2144 0.4738 168.3734 3.5603 165.7663 2.0301 171.7960 1.4714
4706 169.1761 3.2038 -4.0464 3.6794 -7.4832 0.1172 59.5782 2.4499 -10.4827 4.6716 170.4146 4.2778 166.1265 0.1971 167.6691 4.1598 166.7400 2.5070 171.3386 1.3439
4707 168.3731 2.6601 -3.8210 2.9355 -6.8551 0.5283 59.2138 2.4670 -9.8500 5.2441 170.5678 4.3639 166.2220 0.2544 167.4107 4.7655 167.4209 2.8160 170.8954 0.7627
4708 167.0278 1.9967 -2.3061 2.6058 -6.1077 0.7089 59.5545 2.4857 -9.0569 5.3338 170.2894 3.9728 166.6964 0.5565 167.3522 4.9683 168.0641 2.9844 170.6838 0.2280
4709 164.8799 1.5960 -0.4703 1.8893 -4.6829 0.5602 60.4874 2.4575 -8.0673 4.9479 169.5693 3.7881 167.1342 1.2814 167.4958 5.2508 168.2539 3.0224 170.6613 -0.4344
4710 162.1073 1.7278 1.4428 1.5566 -2.4439 0.3434 61.8427 2.4667 -7.1602 4.5173 168.8663 3.5148 167.4421 1.9650 167.7228 5.8359 168.3047 3.0428 170.8004 -0.7549
4711 159.0267 1.6323 3.5522 1.3735 0.0133 0.5886 63.4922 2.5753 -6.4314 4.7310 168.2298 3.0228 168.2009 2.7832 168.2986 6.0967 168.2832 3.5699 170.3394 -0.3561
4712 156.1139 1.6383 5.8604 1.5088 3.1820 1.0028 64.8858 2.6599 -6.0669 5.1342 167.8866 2.8993 169.1047 3.5116 168.9418 6.0191 167.6591 3.8912 170.0262 0.1952
4713 152.9886 1.8789 8.3264 1.7181 6.2284 1.4815 66.1587 2.4302 -5.4678 5.3383 167.5312 2.4161 169.9609 3.8006 169.7589 5.9482 167.3903 3.1896 169.4905 0.6106
4714 149.4886 2.2475 10.1453 2.0051 9.4240 1.9504 66.7280 2.5382 -4.8893 4.9251 167.4968 1.9732 170.5897 4.3579 170.6792 5.2132 167.2616 2.5105 169.2804 0.6519
4715 146.0946 2.3360 11.8208 2.4667 12.6041 2.3021 66.1314 2.6356 -4.4472 4.4972 167.6874 1.9659 170.8624 4.3855 171.4798 4.3664 166.6279 1.7050 168.5252 0.7743
4716 142.8349 2.3529 12.6935 2.4403 16.2597 2.5973 64.9522 2.6953 -4.4377 4.3215 168.2648 1.6499 170.8051 4.1163 171.7581 4.1273 166.7730 1.5931 167.4991 1.2465
4717 139.9482 2.5098 12.6399 2.5164 19.6514 2.5862 62.8979 2.6786 -4.8676 4.5021 169.2999 1.2971 170.2995 3.4715 171.6989 3.8311 167.0664 2.4081 165.7915 1.4927
4718 137.9924 2.3565 11.9477 2.5061 23.0353 2.5444 60.1555 2.5073 -5.1934 4.6589 170.4122 0.7838 170.0127 2.6724 171.6290 3.6604 167.3389 3.2303 163.8502 1.9253
4719 137.0294 2.4554 10.8577 2.4185 25.9901 2.5873 56.9121 2.7306 -5.0530 5.1017 171.2679 1.4400 170.4753 2.3837 171.4407 2.9630 166.8266 3.8433 161.0861 1.9896
4720 136.5940 2.4306 8.8160 2.2085 27.9033 2.4226 53.0273 2.5907 -4.3622 4.8679 171.6247 2.5293 170.8407 2.0629 170.8703 2.6719 166.1730 3.8816 157.8736 2.0457
4721 136.9409 2.3806 6.6527 1.6960 29.1802 2.4674 49.4287 2.3719 -3.0396 4.7583 171.2938 3.8435 171.4410 1.5108 170.1541 2.0918 165.6331 3.4920 155.1622 1.9539
4722 137.7649 2.4028 3.8759 1.1839 29.8462 2.4686 45.9673 2.3226 -1.0385 4.2134 170.4853 4.7081 171.5362 1.4927 169.2442 1.4192 164.8983 2.8652 152.1444 1.9770
4723 139.3456 2.3691 0.8774 0.7514 29.7523 2.3923 42.3082 2.4441 0.6730 3.7718 169.8189 5.0367 171.2289 1.4291 168.6022 1.2699 164.4173 3.2660 149.2653 2.2589
4724 141.7992 2.3660 -1.9130 0.5529 29.1113 2.3722 38.8862 2.5688 2.6418 3.7462 169.0782 4.5533 170.8984 1.8255 167.6714 1.5890 164.1573 3.6339 147.0616 2.3834
4725 145.2780 2.3896 -4.1997 0.4989 27.0676 2.3717 35.1572 2.6502 4.7375 3.7629 168.4989 3.9742 170.6211 2.1759 166.6982 1.8514 164.3451 4.0486 145.5406 2.4398
4726 148.7263 2.7132 -6.1053 0.0941 24.8104 2.2422 31.6686 2.5750 7.0174 3.5182 168.2089 4.1229 171.1579 2.4081 166.4197 2.1546 164.7560 4.1228 144.7892 2.4409
4727 151.9140 3.0468 -7.5731 -0.4747 22.4637 2.2901 27.8460 2.5523 8.8113 3.0394 167.9332 4.7880 171.5986 3.0442 166.5896 1.9035 165.2877 4.0626 144.7649 2.5963
4728 154.9976 3.5701 -8.3317 -0.7116 20.1735 2.3527 24.4153 2.5021 10.3491 2.5730 167.7103 5.0461 171.5005 4.2474 167.0415 1.6032 166.0658 4.2047 145.3523 2.4880
4729 158.0139 3.9964 -8.5192 -0.8990 18.7694 2.4409 20.7373 2.5062 11.0759 2.5029 167.6840 4.6071 170.9673 4.8456 167.8118 1.3433 166.4740 4.6857 146.8452 2.5784
4730 160.8950 4.5710 -7.7598 -0.7686 18.0574 2.4676 17.4063 2.4861 11.4490 2.4400 167.9101 4.2692 170.4767 4.7846 169.0530 0.8896 166.7468 5.3465 148.9710 2.5845
4731 163.7697 4.7030 -7.1913 -0.4823 17.9656 2.5238 13.8285 2.2971 11.0176 2.4976 168.4033 4.3820 170.6924 4.5261 170.0285 1.0207 167.1898 5.9265 151.6160 2.5952
4732 165.9915 4.4899 -6.1462 -0.0207 18.8207 2.4685 11.1345 2.4427 10.5985 2.4849 168.9918 4.8047 170.8663 4.2553 170.7689 1.7264 167.7513 6.5231 154.3639 2.8294
4733 167.7108 4.3419 -4.5259 0.0355 20.1567 2.5391 8.7866 2.4460 10.4079 2.5807 169.3687 5.2482 170.8670 4.1296 171.3905 2.0610 168.5226 6.5836 157.0016 3.0369
4734 169.0500 4.7644 -2.6960 0.1776 22.5274 2.5420 7.7293 2.3671 9.9720 2.4931 169.1484 5.7735 170.9440 4.6319 171.5590 2.8779 169.2908 6.5318 158.6097 2.9963
4735 170.3419 4.8760 -0.4135 0.4121 25.6661 2.5628 7.2328 2.4220 9.9086 2.4682 168.7595 5.7727 170.4767 5.0621 171.2930 3.5633 169.6286 6.2236 159.4433 2.8895
4736 171.2900 4.8646 1.8889 1.0902 29.1193 2.6510 7.4266 2.7113 10.4089 2.4207 168.0984 5.0115 169.9834 4.8104 170.6649 3.6784 169.3101 6.4885 159.8836 2.8475
4737 171.7073 4.7253 4.5683 1.6685 32.7398 2.3795 8.5451 2.6651 11.6297 2.4558 167.8561 3.9933 169.5879 4.3789 169.5660 3.6313 168.8582 6.4204 159.5176 2.9835
4738 172.1652 4.0032 7.4944 2.0708 36.3139 2.6065 9.9273 2.6402 13.8311 2.3185 167.6691 3.0211 169.5855 3.9398 168.2053 3.9236 167.9659 6.1531 158.2851 3.1676
4739 172.1050 3.3696 9.9921 2.3695 39.2861 2.5336 11.0061 2.5537 16.3363 2.3807 167.5877 2.4924 168.9594 3.6593 166.6813 4.2486 167.3560 5.5692 156.3783 3.3517
4740 171.9068 3.1778 12.1532 2.4918 41.9407 2.5632 12.1143 2.5144 18.7072 2.3717 167.4199 1.8920 168.4110 3.9086 164.3643 4.6547 167.2530 5.3659 153.7404 3.4715
4741 171.7035 2.6727 13.9306 2.3421 43.9154 2.5014 13.1645 2.4450 20.3700 2.3705 167.6494 1.5571 167.0497 3.9969 161.6833 4.7579 167.6842 5.6010 150.4637 3.1811
4742 171.6689 2.2784 15.4145 2.4814 45.3329 2.4678 13.7397 2.4219 21.3024 2.3801 168.1492 1.2903 165.4479 3.6655 158.8700 4.1489 168.1102 6.0149 147.1180 2.6562
4743 171.4448 1.9772 15.9715 2.5247 45.7971 2.4739 13.3213 2.4853 21.4194 2.5285 168.5555 1.6245 164.0392 3.2575 155.8330 3.5732 168.0845 6.0703 144.5583 2.3620
4744 171.0483 1.6365 15.5866 2.3680 45.4061 2.4520 12.2640 2.4941 20.6654 2.4922 168.8151 1.9562 162.3878 2.9909 153.0877 3.0210 168.0255 6.2862 142.2588 2.4625
4745 170.1600 1.6206 14.5283 2.4210 44.3726 2.3228 11.1613 2.4351 19.6742 2.4248 168.6835 2.6629 160.0981 2.9099 150.8861 2.8496 168.2224 6.2402 141.2184 2.4880
4746 169.0861 1.9255 12.7111 2.2328 42.5739 2.4069 10.1824 2.4136 17.4598 2.4261 168.7899 3.6893 157.0884 2.8425 148.9693 2.6514 168.1844 5.9910 140.3864 2.4877
4747 168.7935 2.1788 10.3826 2.1468 40.3554 2.3421 9.1724 2.4412 15.0064 2.4510 168.7012 4.4955 153.7909 2.7698 147.6918 2.4843 168.6761 5.2979 140.5249 2.4678
4748 167.9663 2.3572 7.5454 1.7946 37.9289 2.3850 8.8152 2.4970 11.7171 2.6520 168.3637 5.6701 150.1638 2.4817 147.2701 2.5269 169.3062 4.5662 141.1241 2.6263
4749 167.1581 2.3937 4.4266 1.5589 35.7092 2.3436 9.3740 2.4826 8.4215 3.1494 167.9701 6.3501 146.6703 2.4461 147.4925 2.5333 169.8576 3.7429 142.6238 2.6356
4750 166.0630 2.1735 1.7769 1.4863 34.4541 2.4367 10.3421 2.4839 4.9307 3.3572 167.3240 6.1644 143.1552 2.5175 148.5397 2.6006 170.2129 2.9898 144.7587 2.5439
4751 165.4018 2.3573 0.0930 1.7457 34.0026 2.4350 12.3342 2.6502 1.7685 3.5007 166.7903 5.9465 139.5043 2.5433 150.0999 2.9077 170.1497 2.0275 147.5810 2.4697
4752 165.0201 2.1639 -1.4103 2.1859 34.0612 2.3874 14.6786 2.5013 -1.2485 3.4587 166.2185 5.3459 136.2234 2.5297 152.2973 3.5220 169.7271 1.0048 150.7293 2.7039
4753 165.0466 2.9147 -2.8262 2.6119 35.0036 2.4523 17.0805 2.6927 -3.9116 3.4927 165.8516 4.8115 132.7573 2.4502 155.0541 3.8542 169.0043 -0.1876 153.9601 3.1541
4754 164.8244 3.2084 -3.6404 2.8203 36.5198 2.4832 18.8547 2.5846 -6.3489 4.0172 166.0936 4.5497 129.4215 2.3660 157.4821 3.9054 168.8672 -0.8882 156.3217 3.4474
4755 165.0686 3.3506 -3.6542 3.2399 38.3953 2.3604 19.9690 2.4683 -7.9649 4.5499 166.8563 4.3496 125.9702 2.3873 159.5520 3.6674 168.7080 -0.8765 158.2102 3.3959
4756 165.3225 3.2263 -3.3294 3.5278 40.2384 2.5242 20.3830 2.5372 -8.7323 5.0583 167.8403 4.1893 122.3770 2.3930 161.3832 3.1921 168.6630 -0.9046 159.7400 3.3825
4757 165.6387 2.7373 -2.1157 3.7157 42.1904 2.5997 19.8880 2.4276 -9.3810 5.0762 168.5232 4.0919 119.1393 2.5406 163.3707 2.3602 168.7203 -0.8099 160.1766 3.4556
4758 166.4622 2.7039 -0.1496 3.6725 43.1426 2.5095 18.5725 2.3951 -10.1752 4.8593 168.1893 4.0215 116.5469 2.5786 165.2691 1.8948 169.1010 -0.0776 159.8677 3.4395
4759 167.6350 2.6694 2.0928 3.4581 43.4057 2.4392 17.0473 2.4570 -10.3095 5.1240 167.9702 4.1968 114.4472 2.4005 166.8985 1.3044 169.5048 0.2184 159.1634 3.3828
4760 168.6355 3.0650 4.1631 3.6809 42.6980 2.4517 15.5973 2.4227 -9.9386 5.8115 168.4037 4.2582 113.2306 2.5718 168.0747 1.0711 169.8465 0.7030 157.9886 3.5369
4761 169.2788 3.1718 6.4495 3.4789 41.3009 2.4210 13.9185 2.4466 -9.4652 6.0464 168.8719 4.7669 112.9051 2.5222 168.7764 0.3503 169.7531 1.3494 157.2650 3.3645
4762 169.8361 3.3923 9.3936 3.0764 38.8697 2.3745 12.2179 2.4686 -8.8356 6.1493 169.3369 5.4667 113.2377 2.5307 168.8810 -0.3041 169.1707 1.9038 156.8090 3.0486
4763 170.7101 3.1660 12.9857 2.5558 35.6930 2.4092 11.9399 2.4848 -8.1378 5.9848 169.3136 5.8984 114.3912 2.5801 169.0777 -0.9291 167.9570 2.5632 156.4286 2.3632
4764 171.4232 3.1250 16.7718 2.3842 32.2607 2.5735 12.3654 2.5476 -7.5162 5.4913 169.4065 6.4078 116.1585 2.5821 169.4508 -1.2266 166.1861 2.8466 156.7051 2.2203
4765 171.9801 2.8996 20.5810 2.5015 28.5789 2.5736 13.3503 2.4693 -7.0523 5.0636 169.0421 6.6483 118.7927 2.7032 169.9247 -0.8515 164.7308 3.3387 157.0862 2.2324
4766 172.2082 2.2726 23.9908 2.4960 25.1922 2.5214 15.0492 2.6757 -6.6055 4.8018 168.4779 6.5220 122.0674 2.6148 170.5013 -0.5528 163.6046 3.2645 157.7445 2.2679
4767 172.3164 1.9096 26.9301 2.4658 21.6009 2.3433 17.5658 2.4137 -5.8839 5.2312 167.6228 6.1166 125.6409 2.4832 170.7216 -0.0127 162.4859 2.6277 159.5045 2.1040
4768 172.3079 1.5216 29.1189 2.4299 17.9526 2.4102 20.9505 2.5760 -5.5103 5.5499 166.9693 5.4022 129.3247 2.3041 170.5978 0.6017 161.9638 1.7089 161.0568 2.2729
4769 172.3916 1.5180 30.7276 2.5520 14.4748 2.3853 24.3028 2.5700 -5.2793 5.6426 166.6112 4.7030 132.9558 2.3845 170.2242 0.7854 162.0161 1.0148 162.3444 2.6783
4770 172.6170 1.7788 31.4296 2.5020 10.9182 2.5222 27.7122 2.5743 -6.0766 5.4297 166.4611 4.4142 135.9839 2.3884 169.7547 0.9792 162.1895 0.2594 163.3059 3.2086
4771 172.7050 2.2430 31.7542 2.5585 7.2085 2.6534 31.2634 2.8267 -6.5879 5.2241 166.2844 4.0287 138.3779 2.4163 169.1602 1.8451 162.1338 0.1757 163.9125 3.5901
4772 172.6288 2.7358 32.1206 2.4883 3.6601 2.7275 34.7975 2.5599 -6.6583 4.6762 165.8848 3.3437 139.9875 2.4037 168.7676 3.1417 162.7237 -0.0176 164.1825 4.0494
4773 172.0700 3.1299 32.1808 2.4929 0.4827 2.9741 38.1997 2.3618 -7.2433 4.0326 165.1495 3.0555 141.1097 2.5274 169.4110 4.1481 163.8978 -0.2679 164.2740 4.3877
4774 171.2046 3.1716 32.1151 2.4393 -2.6803 2.7225 41.7738 2.4099 -7.7547 3.4355 164.5944 2.5151 140.9691 2.5100 169.8808 4.8050 165.4613 -0.7633 164.2874 4.4153
4775 170.4917 3.3331 32.0512 2.5217 -4.8324 2.2627 44.9777 2.4596 -8.8615 2.7953 164.3310 1.4008 140.8818 2.5350 170.1579 4.9639 166.2736 -1.1062 164.9095 3.7528
4776 169.7695 3.2107 32.2870 2.5229 -6.4048 1.4369 47.1234 2.3802 -9.9717 2.2971 164.2687 0.7195 139.7909 2.3996 170.3582 4.9170 166.6781 -1.0629 165.4648 3.3203
4777 168.8824 2.8855 32.9114 2.4951 -7.2548 0.8812 48.7766 2.4954 -10.4716 1.8281 164.3254 0.5413 138.1527 2.4153 170.3007 4.5119 166.3072 -0.8726 166.4391 3.2862
4778 168.3482 2.6245 34.6741 2.5346 -7.2975 0.6905 49.7774 2.5149 -10.7241 2.1172 164.2232 0.3249 136.3870 2.3862 169.8886 3.8061 165.6305 -0.4833 167.2538 3.5286
4779 167.6920 2.7511 36.3988 2.6326 -7.0149 0.7070 49.8783 2.5028 -10.4718 2.4320 163.5168 0.1859 134.5546 2.3918 169.8040 3.0393 165.2130 0.0469 167.7546 3.9092
4780 165.8519 2.7435 38.3641 2.4517 -6.8124 0.9057 49.1643 2.5124 -9.6165 2.7923 161.9339 0.7520 133.5613 2.4792 169.4998 2.1807 165.0290 0.2695 168.2425 4.3279
4781 164.2913 2.1511 39.6998 2.4647 -6.8331 0.6803 48.0630 2.4086 -8.6755 3.0365 160.1350 1.2420 133.2944 2.4490 169.4134 1.3221 165.5237 0.2032 168.9197 4.8245
4782 163.0455 1.9228 40.2023 2.4875 -6.4623 0.6085 46.1430 2.3356 -7.7819 3.4006 158.1197 1.8224 133.6618 2.4803 169.0036 0.1948 166.1556 -0.4062 168.8832 5.0394
4783 162.5330 1.5205 39.9632 2.5065 -6.4207 0.3222 43.5092 2.4682 -7.1763 3.7676 155.9121 2.1877 134.6781 2.4211 168.8819 -0.6836 166.1098 -0.8220 168.5822 4.8542
4784 162.0435 1.3382 39.2520 2.6087 -6.2488 0.1824 40.8028 2.4791 -5.5813 4.4224 153.3380 2.1525 136.5304 2.3085 168.7361 -1.3225 166.1656 -0.9777 168.1501 4.0515
4785 161.4155 1.5048 37.5080 2.6424 -6.0376 0.2839 38.2649 2.4830 -3.8353 4.6555 150.9331 2.3750 138.9099 2.4408 167.8369 -1.4874 166.6430 -1.0109 167.8247 3.6005
4786 160.6427 1.8468 35.3413 2.6293 -5.5649 0.7354 36.5695 2.4718 -1.7079 4.5469 149.1825 2.6266 141.7653 2.5006 167.0551 -1.3523 167.4480 -1.2295 167.6105 3.1924
4787 159.4508 2.1665 32.4441 2.5001 -5.4848 1.6419 35.8804 2.4786 0.2090 4.0008 147.7688 2.4235 144.9852 2.3912 166.2712 -1.2162 168.2930 -1.8986 167.2361 2.5685
4788 158.2580 2.2316 29.0815 2.6016 -5.3459 1.6403 36.0367 2.5362 1.6546 4.0230 147.1195 2.4642 147.2304 2.5806 166.2874 -1.5255 168.6358 -1.7589 167.3608 2.1010
4789 156.3756 2.2173 25.5724 2.5182 -5.1384 1.3630 36.6065 2.5335 2.0776 3.4150 147.3927 2.4123 148.7804 2.5578 167.0886 -1.5782 168.9492 -1.6939 167.7604 1.6486
4790 154.6839 2.3429 22.7973 2.2636 -3.9556 1.3879 37.7866 2.5467 2.4220 3.1804 148.2737 2.4339 149.4274 2.5162 167.6993 -1.4163 169.1826 -1.8097 168.8642 1.2676
4791 152.4338 2.4999 20.6615 2.3538 -2.0584 1.3884 39.7561 2.6141 2.4149 3.1345 149.4588 2.3653 149.6484 2.6042 168.3107 -1.3974 169.1623 -1.8666 169.5952 0.8066
4792 149.5973 2.5234 19.6461 2.5072 0.2426 1.3899 42.2404 2.6295 1.9736 3.6125 150.8779 2.4486 148.9265 2.5687 168.3098 -1.2215 168.9070 -1.7686 170.4600 0.2895
4793 146.1866 2.4143 19.0640 2.5243 2.7974 1.9437 45.4703 2.4080 1.0951 3.8495 151.9051 2.4908 147.6421 2.6848 168.4218 -1.2133 168.3614 -1.6905 170.8339 -0.0453
4794 143.0968 2.4556 19.3063 2.4483 5.4899 2.4937 48.4269 2.3021 0.0110 4.2588 153.0551 2.5256 146.5744 2.5390 168.6556 -1.0920 168.1815 -1.3218 170.7403 -0.3480
4795 141.1168 2.3621 20.1303 2.5205 8.2495 2.6402 50.5458 2.3875 -1.4679 4.0715 153.6428 2.5315 145.1058 2.6253 169.2867 -0.8155 167.9870 -0.9692 170.3844 0.0329
4796 139.7111 2.4518 21.6597 2.5021 11.2301 2.6079 52.0213 2.5851 -3.3438 4.0162 153.1023 2.4049 144.1294 2.6006 170.0707 -0.0186 168.1047 -1.1168 169.7597 0.6902
4797 139.1323 2.5234 23.6952 2.3150 14.6296 2.5664 52.9830 2.4495 -4.7935 3.7639 152.2326 2.5756 143.4729 2.4661 170.4013 0.9208 169.1083 -0.7525 168.9801 0.8524
4798 139.0682 2.5681 25.4145 2.5102 17.9108 2.5975 52.9909 2.6150 -5.7216 3.7080 150.4464 2.5567 143.9865 2.4778 170.3954 1.8241 169.8676 -0.0739 167.8899 0.2695
4799 139.7262 2.4239 26.6414 2.4904 20.3445 2.6278 52.3112 2.4824 -6.6335 3.3286 147.9271 2.6062 144.9434 2.4414 170.4667 2.2900 170.4478 0.6153 167.5289 -0.2009
4800 141.2379 2.3871 27.4010 2.5251 22.1093 2.5935 51.1528 2.6494 -7.4667 3.0247 144.4861 2.4580 146.7325 2.4642 170.8723 2.5090 170.3092 1.4235 167.0681 -0.8978
4801 143.6808 2.5310 27.3718 2.5913 23.3210 2.4277 49.8940 2.5767 -7.7164 2.4391 140.9319 2.5377 149.0547 2.0496 170.8090 2.5901 169.6371 2.1558 166.2606 -0.9475
4802 146.6034 2.6849 26.3065 2.5756 23.7385 2.4655 48.8885 2.5463 -8.0683 1.7114 137.1129 2.4259 151.9435 1.5663 170.7838 2.7000 168.9634 3.1804 165.9025 -0.7214
4803 150.0567 3.2258 25.1230 2.6110 23.2877 2.4030 48.1029 2.4408 -8.5880 1.2748 133.6048 2.3976 155.2847 1.2093 170.5222 2.5323 169.0762 4.3705 165.3833 -0.5033
4804 153.2246 3.8167 23.2444 2.6288 22.2844 2.4253 47.9027 2.5024 -8.9545 1.9287 130.0226 2.5959 158.3730 0.7253 170.2857 2.0539 169.8144 5.0403 165.0129 -0.4736
4805 156.6076 4.2311 21.3679 2.5858 20.2104 2.3887 48.0624 2.5483 -8.9990 3.0007 126.2671 2.4401 161.3053 0.5234 170.3936 1.5508 169.9250 5.2033 165.5000 -0.6424
4806 159.7034 4.6245 19.4872 2.3893 17.4277 2.4054 48.6123 2.5332 -8.3494 3.4857 122.6749 2.5918 163.9489 0.1795 170.7260 0.7190 169.9852 5.0696 166.2993 -1.3161
4807 162.7485 4.7871 18.2084 2.3180 14.6644 2.2502 49.2345 2.5232 -7.6047 4.0327 119.3343 2.4434 166.1868 0.6037 170.4334 -0.2523 170.0199 4.4944 167.2636 -1.4865
4808 165.2304 4.6459 18.1076 2.5030 12.0591 2.1990 49.5298 2.5531 -7.2541 4.0124 116.1751 2.4580 168.3902 0.9664 169.9098 -0.8713 170.0121 3.6962 167.9012 -1.5622
4809 167.3471 4.2309 18.5596 2.4728 10.0608 2.5783 50.0951 2.4999 -6.7840 4.3182 113.8683 2.4766 169.9152 1.4258 169.6385 -0.8898 169.9257 2.7523 167.7236 -1.3301
4810 168.7040 3.6949 19.6395 2.5214 8.7213 2.5118 50.3140 2.5022 -6.1972 4.9793 112.3805 2.5055 170.9248 1.8455 169.2727 -0.4805 169.7826 2.2429 167.6251 -0.7059
4811 169.6740 3.5700 21.5642 2.3796 7.3590 2.4323 49.6808 2.4286 -5.7857 5.4417 111.6477 2.5801 171.6353 1.9109 168.4219 0.0782 169.6177 1.2416 167.3322 0.0164
4812 170.2626 3.4449 23.6679 2.3842 6.0422 2.4595 48.5324 2.4009 -5.8017 5.7964 111.6462 2.4998 171.9523 2.3232 167.3605 0.3904 169.4817 0.5586 167.3433 0.8267
4813 170.3375 3.3392 26.1605 2.4184 4.9090 2.3562 46.3110 2.4478 -6.1541 5.9901 112.3942 2.3686 172.0841 2.3334 165.8317 0.5154 168.9156 -0.2198 167.6652 1.7357
4814 169.7671 3.1672 28.2670 2.3826 3.5602 2.1461 43.4733 2.5970 -6.3013 5.5565 113.5549 2.3876 171.8408 2.1973 163.8240 0.3697 168.0363 -0.7251 168.1495 2.2418
4815 168.8529 2.4323 29.6782 2.3461 2.1367 2.0428 40.7111 2.5239 -6.8243 4.7242 114.8052 2.4661 171.1457 1.6240 161.7654 1.1589 167.3883 -0.8039 168.4976 3.0902
4816 167.2856 2.0253 30.3658 2.4444 1.0760 2.1576 38.8755 2.4633 -7.2553 3.9115 115.9671 2.3347 170.2032 1.5388 159.8030 1.6977 166.7775 -0.6492 168.9916 3.9805
4817 165.6659 2.0747 30.0227 2.5686 -0.0710 2.6152 37.4201 2.4993 -7.8295 2.9978 116.8326 2.4380 169.5804 1.3911 157.6422 2.1718 166.8798 -1.0433 169.4362 4.4664
4818 164.0134 2.4271 28.6876 2.5678 -1.5944 3.1905 36.7454 2.5514 -7.9834 2.4925 117.2479 2.5352 169.0452 0.8580 155.0555 2.5286 167.5808 -1.2644 169.1562 5.3467
4819 162.8591 2.8541 26.9246 2.5961 -3.9882 3.6881 37.0988 2.4587 -8.1645 1.6977 116.7702 2.6094 168.8819 0.4001 152.4507 2.6093 168.1572 -1.6002 168.7837 5.8113
4820 162.2099 2.9292 24.4157 2.6142 -5.8923 3.9037 37.9467 2.4360 -8.5585 0.6859 115.4451 2.5289 168.4028 0.6292 150.1416 2.6767 168.6346 -1.3323 168.5544 6.1105
4821 161.6318 2.3871 21.2936 2.5370 -7.5513 3.5072 39.5801 2.6138 -8.8885 -0.0050 113.5844 2.6177 168.0690 1.4120 148.4158 2.6317 168.6083 -1.3288 168.9048 6.3821
4822 161.4428 1.9214 17.6975 2.4356 -8.9833 3.5788 42.2623 2.4219 -8.9204 -0.7732 110.8815 2.5303 167.6755 2.7324 147.5537 2.5322 168.2124 -0.9539 169.7055 6.0924
4823 161.7487 1.4159 14.1188 2.2575 -9.7446 3.7738 45.4849 2.4214 -8.9898 -0.7336 107.4280 2.6175 167.3143 3.4690 147.3392 2.4836 167.9392 -0.7843 170.5829 5.8419
4824 162.5503 1.5779 11.2016 2.3436 -10.4028 3.8213 49.1481 2.4399 -8.7850 -0.5276 103.6984 2.5177 167.1770 4.1025 148.1229 2.4417 167.9806 -0.8611 170.7762 5.5031
4825 163.3491 2.4002 8.8130 2.3188 -10.7818 3.8562 53.1534 2.4500 -8.4943 0.6382 100.0309 2.3154 167.5122 4.4291 149.3170 2.2612 167.6371 -1.1120 170.7796 5.1700
4826 164.5116 3.1203 6.8860 2.3220 -11.1502 3.4850 56.6427 2.4935 -8.5708 1.4342 96.1357 2.4107 167.7630 4.8330 151.3012 2.3665 167.6304 -1.2624 170.8143 4.6653
4827 165.8549 3.7088 6.0047 2.3307 -11.4066 3.0277 60.2353 2.3470 -8.9794 2.1649 92.3763 2.4639 167.7711 4.8497 153.6097 2.6224 167.4364 -1.3844 170.1447 3.9412
4828 166.4566 4.1118 5.5125 2.3853 -11.3300 3.1101 63.5062 2.3030 -10.0104 2.6045 88.9136 2.3675 167.3751 4.8345 156.6249 3.4101 167.1043 -1.3695 169.6180 3.1515
4829 166.6836 4.2225 6.0612 2.3932 -10.8005 3.7881 66.0118 2.3418 -10.6565 2.7650 85.6637 2.5406 166.8356 4.3263 159.4881 4.0497 166.6733 -1.2331 169.2566 2.2368
4830 166.6834 4.2276 7.0360 2.2849 -10.3298 4.1156 67.4194 2.3532 -10.7334 3.0708 83.1202 2.4166 165.9561 3.4980 162.0331 4.6899 166.1028 -0.6294 169.4975 1.2076
4831 166.7985 4.4793 8.2188 2.2970 -9.5791 4.6518 68.3834 2.5470 -10.5406 3.1684 81.3944 2.6112 165.1379 2.8744 164.5349 4.6195 165.9482 -0.5598 169.8696 0.1342
4832 166.9501 4.6734 9.2549 2.3259 -8.7960 5.1825 69.0202 2.6094 -9.8672 2.8403 80.3882 2.5037 164.9614 2.2424 166.4302 4.5153 165.4746 -0.5682 169.9522 -0.4815
4833 166.5437 4.6477 10.1647 2.3153 -8.3916 5.4246 69.5251 2.4370 -8.9097 2.2540 80.0083 2.4763 165.0966 1.8453 167.5453 4.3215 164.9368 -0.1370 169.7971 -0.7852
4834 166.3059 4.4119 10.5771 2.4322 -7.9156 5.3325 69.9536 2.5022 -8.3868 1.9878 80.2920 2.5826 165.0753 1.7696 168.5992 4.0944 163.6203 0.2128 169.7528 -0.4065
4835 166.2330 4.2607 10.2788 2.6472 -7.3203 5.3749 70.4228 2.4298 -7.9691 1.3781 81.4517 2.5232 165.4775 1.2046 169.5000 3.7748 161.6183 0.7763 169.8306 0.3604
4836 166.6900 3.8811 9.4279 2.9473 -6.4187 5.4996 70.9471 2.4464 -7.1015 0.6643 83.0681 2.5694 166.2701 0.5467 170.5658 3.3325 158.8369 1.5177 169.7221 1.3690
4837 166.7949 3.1676 7.7974 3.4478 -5.8661 5.5135 71.8862 2.4935 -6.3053 0.1329 84.8171 2.4840 166.8702 0.1627 171.4148 2.8946 155.8288 1.4972 169.5201 2.0235
4838 167.0870 2.9443 5.4193 4.1838 -5.3966 5.1809 73.3900 2.6845 -4.9862 0.0299 86.6489 2.5275 167.0438 0.5066 171.7061 2.2900 152.7691 2.0289 169.5563 2.2355
4839 167.3578 2.8519 2.2633 4.6901 -5.8031 5.1891 75.3198 2.7410 -3.3003 0.2971 87.7547 2.5418 166.5627 0.6050 171.8042 2.1067 149.8995 2.4588 169.7965 2.4237
4840 168.3279 3.2450 -0.8775 4.5458 -6.4715 5.4536 77.8766 2.5595 -1.6388 0.8566 88.1127 2.4927 166.3598 0.7574 171.5827 2.1112 147.1136 2.5490 169.9259 2.7238
4841 169.0205 3.6890 -3.4391 4.5036 -7.0056 5.3460 81.2113 2.5249 0.4187 1.5737 87.9567 2.4215 166.3545 0.5284 171.4109 2.5304 145.0986 2.4895 169.5375 2.8063
4842 169.7999 3.5696 -5.7461 4.1865 -6.6984 5.4901 84.9145 2.4161 2.7397 2.0375 86.9059 2.4888 166.1846 0.2026 171.1110 3.0147 143.6043 2.4787 169.4281 2.7247
4843 170.5680 2.9862 -7.5221 4.0718 -6.5346 5.6216 88.6380 2.5325 4.6323 2.2448 84.7803 2.6561 165.5073 0.1104 171.2630 3.7290 142.7806 2.5130 169.7512 2.3499
4844 170.7607 1.9333 -9.0673 4.4255 -6.4336 6.0609 92.5031 2.4573 6.1176 2.2647 82.2628 2.5833 165.1360 -0.0567 171.4171 4.4974 142.4856 2.4903 169.8067 2.1562
4845 170.5362 0.9089 -9.7210 4.6508 -6.3025 5.9801 95.5992 2.5362 6.8873 2.0732 78.8755 2.5865 164.8579 -0.0407 171.7383 4.4769 142.2435 2.5143 169.7309 1.7359
4846 170.1049 0.5900 -9.9990 4.6358 -5.6616 5.7392 98.4070 2.3726 7.5768 2.2378 75.5577 2.6055 164.8671 0.0734 171.6571 4.4999 142.2912 2.5630 169.8686 1.1595
4847 170.0358 0.1639 -9.7813 4.5191 -5.0794 5.4857 100.7252 2.4452 7.7903 2.4631 72.9060 2.5195 165.6484 0.1794 171.4435 4.9094 142.2499 2.4671 170.1199 1.4582
4848 170.0457 -0.0273 -9.2639 4.3579 -4.4366 5.1807 102.3107 2.3921 7.4527 2.1440 71.0969 2.5766 166.5645 0.0050 170.8770 5.0183 142.4462 2.5187 170.3218 2.1001
4849 169.2951 -0.2068 -8.3650 4.1638 -3.2944 5.2436 103.1624 2.4620 6.8010 1.6868 69.7814 2.4737 167.4789 -0.0877 170.6065 4.7671 142.4517 2.5569 170.4582 2.8492
4850 167.9377 -0.6331 -7.5854 3.5760 -2.7724 5.1153 104.0352 2.5209 5.1144 0.9992 69.2138 2.4361 168.3397 0.2618 170.6637 4.1451 141.9325 2.5166 170.5583 3.6646
4851 167.0596 -0.7233 -7.1366 3.4217 -2.7355 4.9547 104.5039 2.5086 2.7620 0.4964 69.5354 2.5021 168.8428 0.8847 170.9684 3.7781 140.7918 2.4685 170.7073 4.2676
4852 166.6348 -0.7336 -6.8145 3.2748 -3.0249 4.7515 105.1776 2.5415 -0.0398 0.2997 70.1751 2.4527 169.7825 1.6847 171.4079 4.0007 138.6951 2.6774 170.5350 4.2743
4853 166.7021 -0.5474 -6.2504 2.4999 -3.5110 4.7392 105.2755 2.4616 -2.8496 0.3394 70.9561 2.3992 170.6218 1.8828 171.7383 4.0216 136.3197 2.5728 170.1503 3.3088
4854 166.9572 -0.1379 -5.5114 1.5792 -3.6901 4.8289 105.0101 2.4406 -5.1924 0.9031 72.3104 2.3610 171.2106 1.6712 171.7570 4.0937 133.0448 2.6031 169.7182 2.6340
4855 167.4612 0.3866 -5.0522 0.5002 -4.2230 4.6950 104.4301 2.4830 -6.5142 1.6066 73.6324 2.4080 171.5521 1.5147 171.5750 4.3257 129.4558 2.6499 169.2671 1.9774
4856 168.2604 0.6256 -5.2589 -0.2287 -5.1154 4.3452 103.1578 2.5419 -7.5754 2.1693 74.9178 2.4308 171.3031 1.5212 171.3828 4.3002 125.8484 2.6449 169.0094 1.7281
4857 168.7588 0.2351 -5.8053 -1.1997 -6.2779 4.2563 101.7733 2.5714 -8.0941 2.6179 75.5239 2.4840 170.4690 1.7019 170.9698 4.3613 122.3873 2.4620 168.9004 1.6907
4858 169.2145 -0.0389 -6.4684 -1.5389 -7.1616 3.9880 101.1008 2.4987 -8.0180 3.2358 75.0759 2.6429 169.8391 0.9357 170.7220 4.4634 119.2839 2.4762 168.1648 1.5585
4859 169.6210 -0.2399 -7.8678 -1.3713 -7.1765 3.4215 99.8658 2.3904 -8.0015 3.8658 74.2405 2.6367 169.2249 0.3852 170.8469 4.4582 116.1802 2.5080 167.0201 0.9726
4860 169.9975 -0.3674 -8.7886 -0.9367 -7.1841 2.5503 97.8704 2.4275 -7.5491 4.5354 72.3025 2.5971 168.8696 -0.4752 171.0401 4.8310 112.4608 2.4975 165.8686 0.8013
4861 169.8822 -0.5039 -8.9701 -0.1106 -7.0406 2.2221 95.7701 2.2761 -7.2931 4.6942 69.9926 2.5569 168.1193 -1.0234 170.9409 4.8897 108.7862 2.5384 164.9574 0.9599
4862 169.6650 -0.0261 -8.8666 0.8502 -6.9168 2.1500 93.6521 2.5305 -6.9884 4.4896 67.2288 2.5422 167.4787 -1.2986 170.7811 5.1287 105.6254 2.5198 164.2869 1.6092
4863 169.2622 0.1517 -8.5243 1.6504 -7.2432 2.0776 91.6942 2.6451 -7.0954 4.5415 64.9165 2.5709 167.2420 -1.5899 171.0023 4.9134 102.1584 2.5869 164.0218 2.3449
4864 168.8205 0.6788 -8.8426 2.7327 -7.1054 1.9884 90.5587 2.6339 -6.9931 4.2650 63.0093 2.5296 167.3698 -1.4990 171.0999 4.8791 98.5372 2.5356 163.9258 3.1192
4865 167.9976 0.4667 -9.4842 3.5418 -7.1176 2.1957 89.8354 2.5031 -6.9706 3.7658 60.9400 2.3793 167.8522 -1.3980 170.8059 4.7379 94.9179 2.4982 164.1644 3.2828
4866 166.9592 0.6658 -9.8277 4.1561 -6.8331 2.5895 90.0226 2.6266 -7.2325 3.7546 58.9567 2.5105 168.6037 -1.6931 170.4442 3.7936 91.3173 2.4391 164.2693 3.0317
4867 165.4719 0.9611 -9.9544 4.7214 -6.2972 2.8745 90.9199 2.6868 -7.7647 4.3786 57.3302 2.5765 169.1556 -1.5315 170.0906 2.9901 87.6974 2.5948 164.3757 2.9237
4868 163.9648 1.4646 -9.7411 4.7500 -6.1783 3.2079 91.9355 2.6718 -8.6837 4.7952 55.5477 2.5104 169.4143 -1.3665 169.8235 2.1802 84.0155 2.5337 165.0526 2.5827
4869 162.1698 1.9327 -9.5456 4.1816 -6.6768 3.7618 93.0510 2.5643 -9.5940 5.0512 53.7363 2.7400 169.2654 -1.3067 169.8127 1.6772 80.4522 2.4468 165.6466 2.4800
4870 160.5130 2.3662 -8.9739 3.4575 -7.5022 3.5496 94.4219 2.5604 -9.9773 4.7347 51.7760 2.5687 169.2190 -1.5958 169.8124 0.9381 77.1775 2.4872 165.9250 2.3039
4871 158.7688 2.9609 -8.7990 2.5839 -7.6879 3.5440 95.4407 2.4924 -9.9150 4.1373 49.8405 2.5037 169.2393 -1.6497 170.0020 0.4994 74.1458 2.4141 166.1267 1.7260
4872 156.4878 3.1996 -8.8568 1.5984 -7.1711 2.9743 95.4424 2.4829 -9.2048 3.5510 47.3731 2.5228 169.0092 -1.5819 169.8214 0.2254 71.1664 2.5318 166.3032 1.1657
4873 153.4101 3.2237 -9.0747 0.6167 -6.8374 2.8330 95.1470 2.4142 -8.6908 2.8154 44.4400 2.5085 168.2547 -1.6288 169.4352 0.7112 68.7309 2.5985 166.3490 0.8111
4874 150.3455 3.0051 -8.9326 -0.4677 -6.7166 3.1821 93.9203 2.2852 -8.2129 2.3245 41.1662 2.4789 166.8207 -1.3537 169.3904 1.9512 67.0397 2.4613 165.6455 1.0757
4875 147.0361 2.6916 -8.9021 -1.1752 -6.5238 3.5320 91.7417 2.2034 -7.9110 1.8438 37.5372 2.5447 165.8094 -0.6250 169.1747 2.9134 65.9259 2.4799 164.4895 0.8364
4876 143.3127 2.6128 -8.7666 -1.5298 -6.4762 4.2646 89.1111 2.2723 -7.7454 1.5646 33.6928 2.3971 165.6453 0.5954 169.0610 3.8396 65.8750 2.4749 163.0225 0.7600
4877 139.6963 2.4974 -8.5308 -1.2871 -6.3806 4.5310 86.3628 2.3446 -7.2661 1.6813 30.5420 2.3907 165.3108 1.7397 168.9072 4.0819 66.4989 2.4059 161.2873 0.4710
4878 136.1160 2.5715 -8.4269 -1.3848 -5.9779 4.7647 84.0079 2.3808 -6.7189 2.2372 27.2114 2.6112 165.3296 2.1250 168.1827 4.3533 67.7402 2.4454 159.1815 0.4783
4879 133.0807 2.5421 -8.4600 -1.4932 -4.6734 4.7873 82.6481 2.4058 -6.4700 2.7916 23.5548 2.3953 164.6212 2.3762 167.1792 4.1189 69.9063 2.4778 156.7358 0.9395
4880 129.9311 2.6084 -8.4690 -1.5645 -3.0336 4.3140 81.8690 2.4331 -6.5701 3.0693 20.2488 2.5957 163.3005 2.7850 165.3567 4.1254 72.5558 2.4373 153.5238 1.4762
4881 127.4268 2.5891 -8.0096 -1.1849 -1.4372 3.5933 82.0390 2.5109 -7.0036 3.4174 17.0076 2.5384 161.9640 3.1996 162.8187 4.6477 76.0881 2.4594 150.0529 1.8673
4882 125.5109 2.4595 -7.5087 -0.8872 0.1855 3.2357 83.0056 2.4958 -7.5451 3.2707 14.1726 2.3821 160.0764 3.5719 159.7790 4.7119 79.7449 2.5406 146.8507 2.3801
4883 124.6185 2.4728 -7.0275 -0.8117 2.6145 3.2871 84.6286 2.5512 -8.0468 3.0318 12.0666 2.4622 158.0283 3.7001 156.5735 4.2136 83.5830 2.5478 143.4315 2.4135
4884 124.0288 2.5069 -6.3555 -0.8146 5.0385 3.2634 86.9288 2.5722 -8.5124 2.4870 10.7318 2.4564 155.8925 3.9171 153.3010 3.6252 87.3138 2.5444 140.3930 2.3339
4885 124.1279 2.4744 -5.7805 -0.5978 6.8804 2.9800 89.8129 2.6119 -8.5210 1.9672 10.2964 2.5278 153.2336 3.5496 149.9055 3.0197 91.0157 2.5567 137.8164 2.5788
4886 125.1191 2.4745 -4.6415 -0.3524 8.1545 2.7007 92.2761 2.6384 -8.0871 1.6002 10.7057 2.5884 151.4070 2.9650 146.5716 2.5341 94.7560 2.4023 136.3829 2.4988
4887 126.7085 2.5327 -3.2706 0.0651 9.2986 2.5138 93.9330 2.4252 -7.2507 1.2212 11.7411 2.5337 149.8846 2.4822 143.0492 2.3242 98.4533 2.4916 135.6925 2.4711
4888 128.8922 2.5830 -2.5832 0.4244 9.6601 2.5150 94.7841 2.5022 -6.5119 0.3799 13.3539 2.4645 148.8411 2.4848 139.2705 2.4083 102.1417 2.5867 135.5423 2.5266
4889 132.1794 2.6204 -2.2396 0.5885 9.4305 2.6222 95.4548 2.4937 -5.5891 -0.3301 15.8255 2.4910 148.7300 2.5805 135.7054 2.3500 105.9447 2.5607 136.0965 2.5006
4890 135.4493 2.5301 -2.2419 0.6131 8.1707 2.7786 95.2314 2.3999 -4.9881 -0.7747 18.9894 2.6446 148.4294 2.4554 132.1908 2.5044 109.1127 2.5203 137.3763 2.4966
4891 138.9600 2.5615 -2.9237 0.0366 6.7040 3.2629 94.2718 2.4231 -4.7171 -0.9077 22.1977 2.6006 148.1264 2.5771 128.7618 2.3949 111.8964 2.5172 139.6843 2.4590
4892 142.4814 2.5963 -3.8485 0.0862 5.0352 3.5431 92.6777 2.4319 -4.9701 -0.7894 24.5926 2.5553 148.0666 2.5064 125.1740 2.4744 113.7894 2.4612 142.4236 2.5534
4893 146.0915 2.4777 -4.3605 0.1106 3.1457 3.7115 90.5999 2.3765 -5.3238 -0.6548 26.4547 2.4402 147.8788 2.4755 121.6796 2.5625 115.1032 2.4678 145.5309 2.6704
4894 149.6292 2.5710 -5.3112 -0.4125 1.0212 3.6522 88.6982 2.3384 -5.9472 -0.5168 27.5482 2.4740 147.7218 2.5889 118.9967 2.5739 115.9007 2.5238 148.0738 2.6045
4895 152.8682 2.8302 -5.7964 -0.6147 -0.6437 3.8091 86.8675 2.7094 -6.5160 -0.7129 27.8947 2.4435 146.6382 2.5827 117.0305 2.4681 115.3370 2.4607 150.2522 2.3938
4896 156.0613 3.1459 -6.3125 -0.7992 -2.1098 3.9602 85.7654 2.5378 -6.7332 -1.2154 27.3358 2.5280 145.3431 2.6615 115.7866 2.5423 114.4432 2.4622 151.9055 2.4360
4897 158.9444 3.5419 -6.5570 -0.0085 -3.2534 4.2671 85.6228 2.5435 -7.0618 -1.3421 26.4698 2.4747 144.1914 2.6076 115.0665 2.4325 112.8209 2.6895 152.5085 2.3940
4898 161.7773 4.1635 -6.7988 0.8551 -3.7643 4.6246 85.8755 2.6398 -7.1239 -0.9214 25.5186 2.6301 142.8081 2.5394 115.5981 2.4271 109.9968 2.6974 152.3293 2.5000
4899 164.3975 4.5791 -6.8789 1.8921 -3.7365 4.9902 87.0740 2.5658 -6.7660 -0.1896 24.6654 2.5559 141.7738 2.4984 116.4836 2.4681 107.0359 2.5796 152.1815 2.4071
4900 166.7721 4.6034 -6.8039 2.9241 -3.6628 4.8217 89.2301 2.5844 -6.4440 0.7775 23.7124 2.5402 141.7421 2.5141 117.6389 2.2554 103.4738 2.5884 151.6030 2.3887
4901 168.6131 4.5003 -7.2560 3.5472 -3.7565 4.4182 91.8737 2.7802 -6.5711 1.7508 23.5562 2.4569 142.1306 2.4844 118.9991 2.3893 99.8514 2.4564 150.9044 2.4275
4902 169.6640 3.9964 -7.4628 3.6382 -4.1139 4.2671 95.0399 2.6332 -6.3288 2.3189 24.1242 2.3521 143.4590 2.2471 120.7088 2.5108 96.2260 2.5021 150.0829 2.4001
4903 170.2221 3.3969 -7.5145 3.8107 -4.3106 4.0007 98.7265 2.7078 -6.1152 2.7444 25.4374 2.3791 145.2659 2.2524 122.3783 2.4403 92.5283 2.4182 149.9549 2.4905
4904 170.2660 2.4073 -7.5978 3.6838 -4.1652 3.4882 102.3248 2.6129 -5.4819 3.4670 27.4290 2.4038 147.8278 2.1154 123.1540 2.4937 88.8733 2.4664 150.3061 2.5664
4905 169.7097 1.7929 -7.9398 3.3349 -3.8803 2.7410 105.7779 2.5372 -5.2011 4.3189 29.7746 2.3574 150.7677 1.8874 123.1703 2.4136 85.0926 2.5980 151.4076 2.5621
4906 168.9279 1.5967 -8.7405 3.0366 -4.1436 1.6922 109.1145 2.6323 -5.2239 4.9103 32.0899 2.4984 153.4250 1.9943 122.0793 2.4648 81.3621 2.5329 153.3329 2.9830
4907 167.5685 0.9809 -9.7823 2.2727 -4.7296 0.9598 112.1121 2.3910 -5.4013 4.8003 33.6901 2.5697 155.6288 2.0623 120.0110 2.5443 77.7383 2.5841 155.9236 3.2157
4908 165.9445 0.4187 -9.9610 1.7659 -5.7596 0.4532 114.4521 2.4893 -5.4701 4.4537 34.4452 2.4510 156.6180 2.0305 117.4817 2.3456 74.2488 2.5470 158.9133 3.7734
4909 163.6987 0.4147 -10.0778 1.5821 -6.8434 0.2107 116.0708 2.5363 -5.3800 4.4106 34.6162 2.4477 157.1761 1.8871 114.7539 2.4061 71.0811 2.6142 161.2076 4.2925
4910 161.0713 0.6903 -9.9964 1.5054 -7.9557 -0.0848 117.9010 2.5027 -5.2082 4.3263 33.8352 2.3737 156.6214 1.9424 111.9916 2.4264 68.1391 2.4740 163.1562 4.9184
4911 159.0527 1.1931 -9.8505 2.1594 -8.6603 -0.3408 119.4344 2.4404 -4.9033 4.5765 32.3576 2.4542 155.6335 1.8517 109.7830 2.5266 65.8927 2.4909 164.3430 4.8540
4912 157.0421 1.7344 -9.6843 2.7221 -8.9961 -0.7375 120.9406 2.3866 -4.9230 4.6732 30.0243 2.4696 153.9010 1.6415 108.5439 2.5748 64.2139 2.5253 164.7421 4.6575
4913 155.5721 2.1076 -9.5777 3.1610 -9.4345 -0.6858 122.5225 2.4272 -5.1545 4.8342 27.2084 2.4438 151.3809 1.9336 108.2570 2.5727 63.2505 2.4702 164.6876 4.7025
4914 155.0766 2.3511 -9.4028 3.7638 -10.1966 -0.6070 123.5770 2.4883 -5.1416 4.7756 23.7597 2.4681 148.1751 2.1757 108.7105 2.3773 63.1205 2.5303 163.4669 4.7209
4915 155.2705 2.2699 -8.6123 4.4995 -10.5437 -0.0625 124.3476 2.4180 -5.6225 4.6933 20.0646 2.3724 144.6412 2.5124 109.7678 2.4041 63.6423 2.4929 161.7074 4.5551
4916 155.8352 1.7665 -7.7299 5.3334 -10.6564 0.4518 124.6646 2.4885 -6.1007 5.5008 16.2015 2.4134 141.1382 2.7097 111.7040 2.3533 65.0044 2.4992 159.1029 4.1366
4917 157.3182 1.2189 -7.0228 5.8526 -10.8620 0.9020 124.7955 2.4832 -6.9254 5.7281 12.4921 2.3861 137.4582 2.6060 114.4931 2.4419 67.1138 2.4838 156.1837 3.7139
4918 159.1765 0.5283 -6.1634 5.9782 -10.9417 0.7175 125.1661 2.5460 -7.4524 5.8348 8.8096 2.6221 134.1989 2.6002 117.8306 2.3452 69.8177 2.4237 153.0923 3.2126
4919 160.5726 0.0009 -5.5674 5.6696 -10.8056 0.4305 125.0051 2.4063 -8.1079 5.8611 5.8602 3.0807 131.1577 2.5513 121.3933 2.2528 72.7507 2.3799 149.8426 2.7961
4920 162.3054 -0.4988 -4.8728 5.1332 -10.7768 -0.2664 124.1806 2.5175 -8.4229 5.6978 3.2427 3.5247 129.0675 2.5737 124.2942 2.4779 75.7096 2.4726 146.7909 2.3784
4921 163.9707 -0.7476 -4.7511 4.9657 -10.4944 -0.4251 122.7352 2.4099 -8.1440 5.1751 0.7019 3.9571 127.6124 2.4325 126.5018 2.4887 77.6567 2.4231 144.3111 2.5170
4922 165.4155 -0.9893 -4.5626 5.4601 -10.4247 -0.2924 120.3820 2.3013 -7.5541 5.2307 -1.5545 4.5833 127.2407 2.4956 128.8388 2.3621 79.0222 2.5367 142.5698 2.5500
4923 166.3991 -1.3678 -5.2482 5.9050 -10.3308 0.2135 117.3981 2.4381 -6.8775 5.3500 -3.6032 5.1098 127.6102 2.5441 130.7929 2.3738 79.4339 2.5068 141.5522 2.5027
4924 166.9027 -1.5667 -6.3426 5.7174 -10.1115 0.6494 113.7484 2.5084 -6.8735 5.8592 -4.7281 5.5823 128.2827 2.4896 132.6173 2.3237 79.2598 2.4573 141.2845 2.4574
4925 166.7799 -1.3320 -7.1846 5.3232 -9.5307 0.7536 110.2688 2.6307 -7.4015 5.9249 -5.5716 6.0546 130.0038 2.4335 134.7271 2.4664 78.2706 2.3801 141.7007 2.5125
4926 166.5402 -1.0224 -7.7199 4.1931 -9.5265 0.6796 106.3621 2.5187 -8.0443 5.9456 -5.8771 6.3387 132.5003 2.5786 136.6328 2.3354 76.3833 2.3785 143.0181 2.4525
4927 166.4590 -0.9232 -8.1674 2.8977 -9.9305 0.8190 102.7346 2.4428 -8.5982 5.5239 -5.5380 6.1104 135.5788 2.5294 138.6262 2.4341 73.9602 2.3690 145.2831 2.3140
4928 166.6693 -0.7456 -8.8105 2.6194 -10.1644 0.6232 99.2761 2.5327 -8.7554 5.3778 -5.2690 5.5026 138.9479 2.6428 140.8827 2.4986 70.7093 2.4962 148.1044 1.9927
4929 167.1943 -0.8935 -9.4856 2.6335 -9.6983 0.3158 95.6628 2.7690 -8.8333 4.8629 -5.4303 5.0707 141.7682 2.6958 143.1310 2.5635 67.2607 2.3321 151.4633 1.6074
4930 167.3250 -1.3070 -10.1934 2.2373 -9.6781 0.3447 91.9478 2.6464 -8.6212 3.9461 -6.0366 4.1850 143.9588 2.5181 146.2057 2.6018 63.9868 2.5028 155.0594 1.1546
4931 166.9244 -1.3007 -10.7234 1.6734 -9.2973 0.3734 88.6116 2.5688 -8.3782 3.1263 -6.3644 3.5208 145.1728 2.5857 149.4572 2.5367 61.4543 2.4597 158.1677 0.7855
4932 166.1564 -1.0848 -10.6239 1.1952 -9.1068 0.2278 86.4472 2.5721 -8.2324 2.5815 -6.6514 2.7840 145.9988 2.4587 152.2110 2.4950 59.2923 2.3910 160.6420 0.2427
4933 165.2282 -0.3751 -10.7245 1.0506 -8.0728 0.4216 84.7940 2.5464 -7.9603 2.0389 -7.1666 2.4331 146.0773 2.5370 154.5197 2.6406 57.7001 2.3826 162.4073 0.0080
4934 164.0038 0.2412 -10.8594 1.2009 -6.8044 0.8355 83.9687 2.4667 -7.4529 0.9637 -7.7629 2.1570 145.4007 2.4777 156.2503 2.5656 56.8155 2.4895 163.4850 -0.1225
4935 162.4713 0.2346 -10.6750 1.5868 -5.1491 0.6443 83.7349 2.3938 -7.2935 -0.0238 -8.4605 2.0317 143.8610 2.5535 157.5179 2.6338 56.7356 2.4291 164.1329 -0.0491
4936 160.0443 0.3293 -10.5521 2.3404 -3.1849 0.3265 84.3925 2.4317 -6.7622 -0.6027 -9.0939 2.3601 141.9831 2.6852 158.6938 2.5531 57.9109 2.3874 163.7320 -0.0688
4937 157.3717 0.9780 -10.1123 3.3839 -0.4909 0.7692 85.4749 2.4343 -6.6468 -0.8769 -9.7369 2.6357 139.0837 2.5333 160.1944 2.2812 59.5671 2.5231 162.7499 0.2625
4938 154.2651 1.6851 -9.0567 4.0367 2.1303 1.1963 87.0269 2.4739 -6.5789 -0.6595 -10.4047 3.2683 136.3556 2.4133 161.2567 2.0247 61.8960 2.4941 160.7810 0.2466
4939 151.4839 2.1338 -8.2290 4.1355 4.4586 1.6908 88.4366 2.4712 -6.7520 -0.5130 -10.6597 3.5660 134.1430 2.3955 161.8518 1.8366 65.0658 2.3866 158.2428 0.5214
4940 148.8937 2.4191 -7.6273 4.4897 6.2035 2.2111 89.5385 2.4421 -7.1986 -0.3138 -10.7278 3.4419 132.6288 2.4371 161.5009 1.8072 68.1785 2.4254 155.4762 1.0161
4941 146.8904 2.4564 -7.4725 5.0977 6.9898 2.6982 89.8954 2.5083 -7.9508 -0.3744 -10.4528 3.4693 131.7011 2.4981 160.7066 2.0565 71.7414 2.3669 152.0722 1.6354
4942 145.5253 2.5418 -7.1345 4.6644 7.9166 2.5166 89.8555 2.5251 -8.4826 -0.2628 -10.0132 3.6535 131.9546 2.3740 159.8248 2.3927 75.3014 2.5794 148.8076 2.4003
4943 145.0765 2.4882 -7.0937 3.4609 8.1790 2.4437 88.9648 2.4427 -8.3163 0.3075 -9.6148 3.6298 132.6999 2.3638 158.5611 2.4245 78.1784 2.5883 145.2925 2.6599
4944 145.4525 2.4984 -7.2454 2.8814 7.5077 2.3595 87.2740 2.4370 -7.7983 1.1562 -8.8179 3.3557 134.0745 2.3500 157.1733 2.4845 80.5075 2.6452 141.9214 2.4892
4945 146.8008 2.4940 -7.2275 2.3520 6.7094 2.1253 84.9092 2.4402 -7.2002 1.5246 -8.3810 2.6353 136.4620 2.3431 156.2936 2.2152 82.2145 2.5917 138.9797 2.6224
4946 148.6554 2.5111 -6.6616 1.5728 5.0345 2.0961 81.7463 2.4004 -6.7797 1.4877 -8.5122 1.4743 139.5037 2.4190 154.7971 2.1806 82.9588 2.5159 136.7388 2.5443
4947 150.9044 2.2094 -6.2630 1.0474 2.9115 2.4384 77.9687 2.3601 -6.4115 1.3655 -8.2541 0.7525 143.0504 2.6820 153.4800 2.2805 82.8533 2.5319 135.1304 2.6029
4948 153.9456 1.5155 -6.1537 1.1790 0.3358 2.4771 74.3970 2.4204 -6.0005 0.9028 -7.1474 -0.0197 146.6771 2.6275 152.1572 2.3230 82.1189 2.3771 134.2107 2.4759
4949 157.0259 1.1386 -6.0237 1.4902 -2.4108 2.7932 70.8752 2.3147 -5.7271 0.0731 -6.2955 -0.1793 149.8343 2.9963 151.8134 2.4308 80.6765 2.4681 133.5164 2.4853
4950 160.1071 0.3607 -5.8513 2.0346 -4.8227 2.9036 67.1016 2.2821 -5.3848 -0.4816 -5.7333 0.4282 153.3200 3.5521 152.1997 2.2711 78.6451 2.4454 133.1387 2.4967
4951 162.9251 0.2357 -5.5577 2.6597 -6.6652 2.2767 63.4987 2.2659 -5.2294 -0.5875 -5.1345 0.9415 156.4465 3.8318 153.2307 1.9015 75.9645 2.4228 133.1087 2.5306
4952 164.9291 0.4721 -5.7187 3.3156 -7.7462 1.5947 60.3343 2.2326 -4.7838 -0.5908 -4.5829 1.5823 159.0784 3.8397 154.8130 1.3849 72.6222 2.4899 132.8102 2.4912
4953 166.4779 0.4828 -5.8820 3.8873 -8.5254 1.4181 58.0899 2.5141 -4.9502 -0.4926 -4.6064 1.9803 161.6165 4.0500 156.3695 1.0169 69.2307 2.5694 132.6918 2.4781
4954 167.6824 0.0078 -6.1626 4.1929 -8.7678 1.4741 56.4016 2.4598 -4.1192 -0.2781 -5.2436 2.6270 163.3890 4.1336 158.1084 1.0965 65.2755 2.4599 132.3232 2.4678
4955 168.8632 -0.2908 -6.4864 4.3032 -8.5016 1.3868 55.5730 2.5527 -2.9527 0.0436 -5.7283 3.3005 165.1400 4.2838 159.3471 1.3678 61.9968 2.6041 131.7151 2.4621
4956 169.6116 -0.4479 -6.9894 4.2366 -8.2026 0.5138 55.3800 2.6141 -1.2536 0.2470 -6.4015 3.7758 166.7751 4.4276 159.7999 1.1433 58.3862 2.5387 131.3126 2.5497
4957 170.1968 -0.0627 -8.0749 4.0061 -7.7571 -0.0783 56.1895 2.6390 1.2368 0.4180 -7.1137 3.9774 167.7447 4.4702 159.3113 1.2661 54.9433 2.5328 130.8584 2.4423
4958 170.3300 0.6015 -9.0000 3.8462 -7.3513 -0.6585 57.4808 2.5894 3.6861 0.9143 -7.8812 3.8581 168.6576 4.0937 158.0640 1.2448 51.3302 2.3824 130.3901 2.5114
4959 169.8691 1.1402 -9.6634 3.7544 -6.6883 -1.0882 58.8707 2.4870 5.5996 1.4948 -8.5006 3.3970 168.9174 3.5865 156.8380 1.5021 47.5855 2.5479 130.0368 2.4811
4960 169.4850 1.2598 -9.4908 3.6429 -6.3625 -0.9966 60.2456 2.5860 6.7212 2.0209 -9.0869 2.9016 168.6085 2.8976 155.2888 1.7817 44.6334 2.4381 130.4740 2.4185
4961 169.5285 0.9685 -9.2523 3.5070 -5.4784 -0.6450 61.3061 2.5621 7.1934 2.3674 -9.8913 2.5989 168.1214 2.2990 153.9997 1.9447 42.1373 2.5137 131.5381 2.3103
4962 169.5362 0.5181 -8.5775 3.7594 -5.1974 -0.7363 61.8354 2.6156 7.0026 2.5403 -10.4064 2.5127 167.9611 1.6034 152.9996 2.4634 40.1152 2.5486 133.3673 2.3492
4963 169.7200 0.4074 -8.2477 3.8125 -5.6705 -0.8324 62.1906 2.5016 6.7667 3.0409 -10.3218 2.6650 167.9600 0.8161 152.8947 2.5889 39.1913 2.4151 135.1111 2.3286
4964 170.1869 0.9056 -7.9765 4.6368 -6.2815 -1.3215 62.3245 2.4816 5.6389 3.7820 -9.5258 2.7997 168.5750 0.4094 153.5005 2.4420 38.6745 2.5854 136.9332 2.3688
4965 170.2979 1.2561 -7.5546 5.1847 -7.1911 -1.1528 62.4850 2.4718 3.8768 4.2790 -8.2700 2.9508 169.0889 0.1060 154.9036 2.3279 39.2575 2.5095 138.1835 2.5437
4966 169.5173 1.5199 -7.2413 5.7736 -7.7043 -0.5237 62.6921 2.4925 1.8894 4.5671 -7.0640 3.4530 169.4677 0.5441 156.7260 1.6220 40.7128 2.6488 138.2809 2.5373
4967 169.1167 1.6267 -7.1281 5.9418 -7.4195 -0.1698 63.0945 2.4800 -0.1644 4.5749 -5.3985 3.8896 169.3155 1.3785 158.7181 1.2671 42.8248 2.5910 137.8394 2.5405
4968 168.7490 1.5447 -7.0143 5.9861 -6.8728 -0.0644 63.7154 2.4947 -1.8335 4.3645 -3.9664 4.2212 169.0319 1.9493 161.0899 0.7752 45.6301 2.4843 136.6665 2.6119
4969 168.1557 1.3770 -7.0266 5.3146 -6.7215 -0.2650 64.9329 2.5917 -3.0080 3.4860 -2.1092 4.3354 168.8329 2.7167 163.1216 0.0712 48.9578 2.5159 134.8725 2.6105
4970 167.2355 1.2516 -7.4396 4.6702 -7.0121 -0.6768 67.0188 2.6089 -4.3594 2.7785 0.5134 4.3441 168.6983 3.0116 165.5104 -0.2906 52.5418 2.5105 132.3421 2.5409
4971 166.3611 0.9457 -8.1699 3.9794 -7.2544 -0.8163 68.7155 2.7333 -5.7715 2.0478 3.3732 4.1464 167.7642 3.5008 167.0044 -0.7887 55.9578 2.5370 129.0237 2.6532
4972 165.7498 1.0271 -8.9130 3.2586 -7.2385 -0.8610 70.2107 2.5538 -7.1337 1.6213 6.0826 3.8826 166.3169 3.9225 167.5261 -1.0745 58.5896 2.4808 125.5035 2.4420
4973 165.0263 1.1279 -9.2187 2.6451 -7.1140 -0.7397 71.3102 2.5160 -8.2896 1.2905 9.1076 3.1646 163.9310 4.1939 168.3176 -1.4496 60.5072 2.4969 121.7644 2.2821
4974 164.2956 1.0928 -8.9565 1.9952 -7.1691 -0.6716 71.6528 2.5211 -8.9727 1.3656 12.6336 2.9005 161.3099 3.8456 168.6883 -1.4555 61.5019 2.4011 118.1781 2.3038
4975 163.4971 1.3195 -8.5287 1.4147 -7.3102 -1.0526 71.0143 2.5804 -9.0520 1.5072 16.4219 2.4898 158.5670 3.6142 168.7947 -1.3132 61.7426 2.4979 114.5505 2.4372
4976 162.5072 1.6346 -7.8328 0.9732 -8.0317 -1.2139 69.8276 2.6122 -9.2492 1.1982 19.8873 2.7009 155.8653 2.9180 169.2213 -0.8139 61.1614 2.4625 110.9949 2.6420
4977 161.3127 2.0229 -7.1058 1.2720 -8.8795 -0.6233 67.6532 2.6470 -9.6305 0.8842 23.4528 2.5022 152.4835 2.4847 170.0047 -0.6379 59.9566 2.4435 107.5249 2.7190
4978 159.8633 2.2485 -6.7305 1.6298 -9.0740 0.2467 64.6484 2.5145 -9.7383 0.4872 26.5682 2.4759 149.5846 2.2683 170.5994 -0.5188 58.3101 2.3647 103.7931 2.5293
4979 157.8243 2.1844 -6.3416 2.1755 -8.5953 1.0986 61.1419 2.5177 -9.7685 0.4801 29.0854 2.3345 147.3799 2.4391 170.8135 -0.7914 55.9230 2.4034 100.3876 2.4665
4980 155.5003 1.9037 -6.0656 2.9047 -8.2868 1.8555 57.5532 2.5656 -9.6840 0.7156 30.9200 2.4259 145.6837 2.5995 170.3943 -1.0076 52.7953 2.3927 97.1227 2.5600
4981 152.5206 2.2230 -6.4385 3.6296 -8.0070 2.6681 54.0365 2.6977 -8.5627 0.6667 31.6912 2.4688 144.6345 2.5344 169.7819 -0.8461 49.5610 2.5097 93.7354 2.4695
4982 149.8878 2.5870 -6.5657 4.3204 -8.4631 3.8308 50.2826 2.6546 -6.9299 0.8873 31.7699 2.5705 144.3367 2.4880 169.5474 -0.1263 47.3148 2.5717 89.8410 2.6741
4983 147.3268 2.5315 -6.4554 5.0112 -8.5040 5.0024 46.5069 2.5178 -5.4849 0.3890 30.9931 2.5300 144.5541 2.6002 168.8936 0.4821 45.3070 2.5789 86.0903 2.4285
4984 145.1695 2.3373 -6.7485 5.6941 -7.8044 5.5219 43.4259 2.6057 -3.7169 0.1974 29.4185 2.6145 145.7209 2.5939 167.9896 0.8138 44.2946 2.4914 82.4486 2.4180
4985 143.9707 2.4666 -6.7294 6.0341 -7.1980 5.7160 40.6238 2.5746 -1.8559 0.0132 27.3723 2.6964 147.5386 2.5077 167.2446 1.4725 44.0908 2.5192 79.6553 2.5447
4986 143.4035 2.4434 -6.5511 5.8966 -6.6885 6.0040 37.7550 2.5018 0.5782 0.2753 24.7107 2.5512 150.2423 2.6411 166.3584 2.1663 44.7635 2.6845 77.0613 2.5708
4987 143.5462 2.5623 -6.2185 5.2631 -6.7085 5.9534 35.3036 2.5224 3.0122 0.6500 22.3722 2.4417 153.0768 2.7622 165.4521 2.6414 46.2014 2.6870 75.5767 2.5207
4988 144.7013 2.6189 -6.1790 4.6109 -6.8461 5.8873 32.7270 2.5225 5.9085 1.1931 20.4733 2.3705 156.0994 3.1559 164.9296 3.3239 48.4183 2.5872 75.0551 2.5256
4989 146.1397 2.6711 -6.1441 4.2817 -7.2602 5.8141 30.2382 2.3909 9.1534 1.9202 19.4748 2.4288 159.0867 3.9672 164.3714 3.8148 51.2667 2.5168 74.8880 2.4824
4990 148.4676 2.4033 -5.6033 4.0578 -7.8063 5.4354 28.2894 2.5557 12.4636 2.2082 19.5631 2.4747 161.7765 4.1556 164.2008 4.3693 54.0450 2.5759 75.3819 2.4337
4991 151.7145 1.9284 -5.1066 3.9730 -8.2715 4.7293 26.8521 2.5542 15.9720 2.3751 19.9832 2.5989 164.0315 4.0313 164.4448 4.6490 56.1883 2.4663 75.8190 2.3795
4992 154.9013 1.2457 -4.7003 3.5854 -7.8828 4.1195 26.3490 2.5314 19.6625 2.6111 21.2928 2.4622 165.6811 3.7125 164.6887 5.0672 57.5404 2.4850 76.4427 2.4758
4993 158.0169 0.7016 -5.0690 3.1473 -7.4262 3.7518 26.0663 2.5402 23.0691 2.5749 23.3527 2.6270 167.2732 3.2561 165.0995 5.1067 58.1731 2.4634 76.8467 2.4337
4994 161.0639 0.4369 -5.6168 3.2548 -7.1289 3.4723 26.0008 2.3975 26.8145 2.4063 25.9043 2.6723 168.5211 2.9980 164.9928 4.6548 58.0919 2.5359 76.9351 2.5431
4995 163.8178 0.3472 -6.0356 3.4829 -6.4410 3.5715 25.2861 2.5291 30.4691 2.4046 29.3962 2.5824 169.5042 2.8938 164.0912 4.0452 56.9562 2.5827 76.5057 2.5487
4996 166.2007 0.2960 -6.4001 4.3687 -6.1394 3.9056 25.1895 2.4840 34.2052 2.4001 33.0331 2.5016 170.5045 2.5968 163.2234 3.6537 54.9789 2.6502 75.5549 2.6396
4997 167.6562 -0.3496 -6.6783 5.2606 -5.7997 3.9816 25.1226 2.5090 37.7751 2.6022 36.5785 2.5030 171.3407 1.8036 162.7212 3.1450 53.1116 2.6151 74.1012 2.5905
4998 168.6444 -0.9543 -6.8990 6.0837 -5.4188 4.0495 25.1048 2.5265 41.2796 2.4782 39.9573 2.6668 171.3411 1.1031 162.6333 2.7798 50.7257 2.6539 71.8490 2.6875
4999 168.8527 -0.9829 -7.3945 6.3087 -5.0369 3.8968 25.0865 2.4859 44.7371 2.4705 42.6590 2.7217 171.0503 0.1091 162.4051 2.6119 48.3470 2.6803 69.4112 2.5438
5000 168.7210 -0.8769 -7.3950 6.0326 -4.7972 3.8846 24.3487 2.4067 48.0877 2.6234 44.4770 2.7035 170.9675 -0.4872 162.7415 1.7629 46.2894 2.6132 67.5108 2.4772
