,com (y),com (x),end_1 (y),end_1 (x),end_2 (y),end_2 (x),ee-distance,gyr_distance,length,time,T,length_ref
0,0.255,42.381,-0.323,29.903,-1.173,48.229000000000006,18.34570183994061,4.885343964475116,25.500976776374245,0.0,20,30.050390000000004
1,0.255,46.155,,,,,18.34570183994061,2.607784020952304,,2.0,20,30.050390000000004
2,0.391,46.393,,,,,18.34570183994061,2.90433030181251,,4.0,20,30.050390000000004
3,0.017,44.965,-0.663,39.151,0.391,47.209,8.12664014214977,3.080629334928385,11.2446562123874,6.0,20,30.050390000000004
4,-0.255,42.007000000000005,0.391,34.799,0.527,46.937000000000005,12.138761880850948,4.443081243154074,25.821998064554965,8.0,20,30.050390000000004
5,-0.051,41.429,-1.275,34.765,0.765,46.903000000000006,12.308234804390109,3.725727921926938,20.853809071107754,10.0,20,30.050390000000004
6,-0.255,40.851000000000006,-1.241,30.039,0.527,47.821000000000005,17.86967677379756,4.90434350752937,24.560257872627723,12.0,20,30.050390000000004
7,-0.289,36.703,-1.003,26.435,0.527,48.059000000000005,21.67805978403049,6.831314143676754,26.618048437206568,14.0,20,30.050390000000004
8,-0.629,33.881,-0.459,23.749,0.5950000000000001,48.127,24.40077457786945,7.094357959155135,26.28236634177373,16.0,20,30.050390000000004
9,-0.561,32.147000000000006,-0.153,21.029,0.7310000000000001,48.161,27.14639718268338,7.691553425602556,28.50851919919883,18.0,20,30.050390000000004
10,-0.6970000000000001,29.937,-0.119,21.267000000000003,-0.7310000000000001,44.557,23.298039488334634,7.04469021334935,23.856471406064028,20.0,20,30.050390000000004
11,-0.527,25.041,-0.255,20.315,-0.493,38.709,18.39553967678035,6.9751156654683335,19.37586797755547,22.0,20,30.050390000000004
12,-0.527,22.933000000000003,-0.799,19.023,-0.017,38.913,19.90536671352729,8.36584053636908,21.361216685006852,24.0,20,30.050390000000004
13,-0.527,19.261000000000003,-0.7310000000000001,19.261000000000003,-0.5950000000000001,30.821,11.560799972320256,7.182047212064102,13.874766247277185,26.0,20,30.050390000000004
14,-0.357,15.351,-1.105,18.275,-0.901,32.997,14.723413327078749,8.595828045740788,16.344117736511148,28.0,20,30.050390000000004
15,-0.527,14.943,-1.105,18.445,-1.003,31.399,12.954401568578922,7.893146738531763,14.253398433058772,30.0,20,30.050390000000004
16,-0.357,11.985,-0.629,3.2470000000000003,-1.003,15.827000000000002,12.58555823156049,7.254542653293563,13.11069055908737,32.0,20,30.050390000000004
17,-0.561,8.007000000000001,-0.255,0.391,-0.799,16.643,16.261102053673977,7.354265618669664,16.71836968591588,34.0,20,30.050390000000004
18,-0.255,7.531000000000001,-0.799,4.573,-1.037,15.079,10.508695447104746,6.032011462664364,11.243989678133492,36.0,20,30.050390000000004
19,-0.085,6.307,-0.085,-0.8330000000000001,-0.629,17.629,18.470012994039827,6.031781146605233,20.008022761841172,38.0,20,30.050390000000004
20,-0.493,9.299,-0.8670000000000001,5.695,-0.969,14.433000000000002,8.738595310460372,6.52163773732032,9.534393298214264,40.0,20,30.050390000000004
21,0.051,6.1370000000000005,-0.017,-1.105,-0.629,16.031000000000002,17.14692508877321,7.29774640731008,19.1809463065033,42.0,20,30.050390000000004
22,-0.017,5.933000000000001,0.051,-1.819,0.187,10.523,12.34274928854994,6.720143302780255,24.008125577855107,44.0,20,30.050390000000004
23,0.017,7.123,-0.323,0.629,0.459,9.741,9.14549440981733,4.242189534813361,17.486047467976146,46.0,20,30.050390000000004
24,-0.017,7.361000000000001,-0.017,-1.003,-0.5950000000000001,13.107,14.121833591995058,5.118341603828399,15.70435160773886,48.0,20,30.050390000000004
25,-0.017,6.001,-0.527,2.907,0.459,11.135000000000002,8.28686792461422,3.668052418088612,10.287378932967858,50.0,20,30.050390000000004
26,-0.051,7.259,-0.017,4.675000000000001,-0.153,10.557,5.883572044260188,1.4374666427389224,6.659815154258931,52.0,20,30.050390000000004
27,-0.357,7.361000000000001,0.425,6.001,0.119,11.849,5.856000341530045,1.7840060327812797,9.395806106724208,54.0,20,30.050390000000004
28,-0.527,8.177000000000001,-0.935,6.7490000000000006,0.085,11.679,5.034411584286688,5.55986614111571,6.181837386529435,56.0,20,30.050390000000004
29,0.017,4.539000000000001,0.255,-2.7030000000000003,0.051,12.801,15.50534204717845,6.5351670041024335,16.24826314311112,58.0,20,30.050390000000004
30,-0.221,3.621,0.221,-2.669,0.085,10.489,13.158702823606893,5.604945376803808,13.740408856885452,60.0,20,30.050390000000004
31,-0.323,3.5530000000000004,-0.187,0.153,-0.391,9.265,9.11428329601401,4.331700162508059,9.50722316259823,62.0,20,30.050390000000004
32,-0.221,-2.023,-0.221,-4.607,-0.5950000000000001,2.329,6.946076014556708,3.809049848715557,7.785785072838993,64.0,20,30.050390000000004
33,-0.119,-0.799,0.323,-3.757,-0.357,1.989,5.786096784534459,3.767760764772037,6.4760531076843,66.0,20,30.050390000000004
34,-0.221,2.737,0.153,-1.955,-0.8330000000000001,5.525,7.544706488658124,3.129392067607573,8.084757393629083,68.0,20,30.050390000000004
35,-0.119,3.825,-0.017,-1.683,-0.935,6.817,8.549428284979061,3.3385627828140096,11.547652685272672,70.0,20,30.050390000000004
36,-0.085,5.729,-0.323,0.561,0.357,7.327000000000001,6.800084999468757,2.343372232123359,10.846406144680593,72.0,20,30.050390000000004
37,-0.221,5.627000000000001,-0.527,2.193,-0.051,7.565,5.393047376020352,1.6128918414424247,7.636115229700308,74.0,20,30.050390000000004
38,-0.085,5.593,-1.003,-2.329,-0.221,0.323,2.7648920412920286,2.382646410875682,,76.0,20,30.050390000000004
39,-0.425,5.559,-0.153,-0.221,0.323,8.755,8.988612351191925,4.594518912960851,9.547022492607548,78.0,20,30.050390000000004
40,-0.085,2.8390000000000004,0.187,-3.1790000000000003,-0.935,8.857000000000001,12.088183486363864,5.362936884715822,13.90525134909267,80.0,20,30.050390000000004
41,-0.085,0.238,-0.017,-1.649,-0.8670000000000001,7.633000000000001,9.320838159736496,7.359926857730978,10.34005157650606,82.0,20,30.050390000000004
42,0.051,-9.231,0.561,-16.779,0.289,-7.463000000000001,9.319969957033123,7.970408534259765,10.333144513025491,84.0,20,30.050390000000004
43,0.017,-10.013,0.493,-16.677,0.289,-7.395,9.284241487596065,7.473461275858471,9.963344833276972,86.0,20,30.050390000000004
44,0.051,-11.237,0.527,-19.635,-0.017,-7.191000000000001,12.455885034793797,6.765001688519615,13.09550950611022,88.0,20,30.050390000000004
45,0.017,-14.45,0.7310000000000001,-25.517000000000003,-0.799,-6.103000000000001,19.474195644493257,5.816967771408094,20.368510864471325,90.0,20,30.050390000000004
46,-0.221,-17.323,0.561,-24.191000000000003,-0.017,-7.157000000000001,17.04380356610578,5.487991303344557,18.995451254221347,92.0,20,30.050390000000004
47,0.153,-17.289,0.629,-18.241,-0.255,-6.851000000000001,11.424252973389551,5.430782123963318,21.166299585079496,94.0,20,30.050390000000004
48,0.119,-16.473000000000003,0.5950000000000001,-14.977,0.119,-7.429,7.56299411608921,4.25662674536277,20.02972310554493,96.0,20,30.050390000000004
49,-0.119,-14.161,-0.527,-18.173,-0.493,-7.633000000000001,10.540054838567018,3.4165197316360767,14.41707643777327,98.0,20,30.050390000000004
50,-0.289,-13.175,0.527,-8.177000000000001,0.153,-7.361000000000001,0.8976257572061979,2.868827254708392,7.634507936337243,100.0,20,30.050390000000004
51,-0.187,-12.631,-0.425,-8.551,-0.7310000000000001,-6.477,2.0964522412876474,3.413245256231839,2.3294515790463706,102.0,20,30.050390000000004
52,-0.289,-11.067,-0.935,-9.775,-0.323,-6.851000000000001,2.987360038562477,5.102902927289252,19.680220327593204,104.0,20,30.050390000000004
53,-0.085,-9.401,-0.221,-12.155,-0.051,-7.225,4.932930163705949,5.75731223412904,11.014400924958798,106.0,20,30.050390000000004
54,0.119,-7.939000000000001,-0.221,-17.391000000000002,0.255,-7.497000000000001,9.905443553925286,7.6063038766822,11.669521322147869,108.0,20,30.050390000000004
55,0.153,0.391,0.357,-3.4850000000000003,0.187,8.721,12.207183786606969,7.840020405580349,12.901811362695351,110.0,20,30.050390000000004
56,0.017,4.063000000000001,0.017,-1.6150000000000002,0.459,12.563,14.184888015067305,6.832571602483912,14.839732182666678,112.0,20,30.050390000000004
57,-0.289,3.859,-0.255,0.561,0.221,10.659,10.109212630071642,6.941394266586603,10.499765942033436,114.0,20,30.050390000000004
58,-0.051,3.349,-0.153,-0.153,-0.085,9.945,10.098228953633406,4.75361898949474,10.583134016352584,116.0,20,30.050390000000004
59,-0.221,1.921,-0.085,0.629,-0.425,3.145,2.538869039552848,2.653477030910396,2.9008408783350736,118.0,20,30.050390000000004
60,0.187,0.17,0.425,-1.0710000000000002,-0.493,3.0770000000000004,4.248367686535619,2.7614238181699293,4.529408592523155,120.0,20,30.050390000000004
61,0.085,-0.561,0.561,-4.131,-0.493,4.607,8.801338534563934,3.170325656996345,9.228593345868584,122.0,20,30.050390000000004
62,-0.051,-1.683,0.493,-4.845000000000001,-0.663,3.621,8.544559204546482,2.935857717604296,9.396581568356943,124.0,20,30.050390000000004
63,-0.221,-0.527,0.187,-2.567,-0.5950000000000001,3.893,6.507159441722633,2.5654420360367625,7.2452844428255325,126.0,20,30.050390000000004
64,0.119,-2.2270000000000003,0.527,-13.175,0.459,-7.327000000000001,5.84839533547451,5.9547433384994966,6.532401844619792,128.0,20,30.050390000000004
65,0.085,-7.905,-0.051,-17.493000000000002,-0.153,-7.021000000000001,10.47249674146524,6.69946438451929,10.748156456748555,130.0,20,30.050390000000004
66,-0.391,-11.679,-0.765,-18.921000000000003,-0.527,-6.7490000000000006,12.174326593286382,5.819574115542669,12.78034178162701,132.0,20,30.050390000000004
67,-0.391,-10.421,0.629,-16.711000000000002,-0.765,-6.409000000000001,10.395885724650883,5.1736937659567,11.27013255288954,134.0,20,30.050390000000004
68,0.085,-9.095,-0.935,-13.957,-0.221,-3.893,10.08929591200496,3.3874932533478748,13.131721040467257,136.0,20,30.050390000000004
69,-0.289,-9.265,-0.7310000000000001,-9.605,-0.051,-7.123,2.573465367942612,3.118669404413617,6.657968432166943,138.0,20,30.050390000000004
70,-0.289,-10.081,-0.6970000000000001,-18.989,0.051,-5.355,13.654503286461944,4.86047533324537,14.760175463003923,140.0,20,30.050390000000004
71,-0.085,-14.433000000000002,-0.8670000000000001,-22.219,-0.323,-6.783,15.445582928462104,4.87269067699069,16.952877480230782,142.0,20,30.050390000000004
72,-0.459,-17.187,0.527,-24.497000000000003,0.527,-7.463000000000001,17.034000000000002,5.670908374015396,18.22817741103612,144.0,20,30.050390000000004
73,-0.391,-19.363000000000003,0.6970000000000001,-27.387,-0.7310000000000001,-7.361000000000001,20.076848856332013,6.149330351900647,22.12681025721888,146.0,20,30.050390000000004
74,0.119,-21.199,0.6970000000000001,-28.679,-0.8670000000000001,-11.747000000000002,17.00407951051747,4.895097372800183,17.73833609733189,148.0,20,30.050390000000004
75,0.391,-23.885,0.357,-28.509,-0.289,-16.813000000000002,11.713826531070024,3.575745383907723,12.54547350252503,150.0,20,30.050390000000004
76,-0.085,-27.999,-0.391,-35.853,0.391,-17.459,18.410615416112524,5.753216693292219,20.44595496392605,152.0,20,30.050390000000004
77,0.051,-32.691,0.425,-38.607,0.459,-20.281,18.326031539861543,5.683015838303784,19.28776384143081,154.0,20,30.050390000000004
78,0.051,-34.867000000000004,3.451,-44.86300000000001,0.255,-24.225,20.884000095767096,6.737912893175817,25.27274361965931,156.0,20,30.050390000000004
79,0.119,-35.717000000000006,2.601,-42.619,0.765,-29.257,13.487547590277488,5.196182744443791,19.8482496534506,158.0,20,30.050390000000004
80,0.153,-37.553,-1.105,-46.937000000000005,0.765,-28.917,18.116768475641564,6.425647429957811,22.96213351656808,160.0,20,30.050390000000004
81,0.459,-38.369,-1.989,-46.801,0.765,-30.107000000000003,16.919638057594497,6.683132257181818,25.98962392389424,162.0,20,30.050390000000004
82,0.153,-38.114,3.723,-45.373000000000005,-0.255,-30.821,15.085926819390318,4.995759823038551,18.463500570872636,164.0,20,30.050390000000004
83,-0.017,-31.603,-0.663,-35.853,0.5950000000000001,-30.005000000000003,5.981777996549187,1.500241684250256,6.3197014112645125,166.0,20,30.050390000000004
84,0.085,-29.053,-0.051,-32.317,0.119,-25.789,6.530213166505363,1.9188657830158853,7.168465508566721,168.0,20,30.050390000000004
85,0.017,-28.781,,,,,6.530213166505363,1.6781783148765033,,170.0,20,30.050390000000004
86,0.221,-29.903,0.799,-33.201,0.629,-26.639000000000003,6.564201703177623,1.6409648016098104,7.1428326756866,172.0,20,30.050390000000004
87,-0.017,-30.821,0.017,-35.649,0.663,-27.217,8.456709762076501,2.041849823419978,8.975185382502467,174.0,20,30.050390000000004
88,0.051,-33.337,0.799,-38.165000000000006,0.663,-28.645000000000003,9.520971379013805,2.76017724459204,10.939216948805374,176.0,20,30.050390000000004
89,0.085,-34.765,3.723,-43.367,3.655,-43.231,0.1520526224699857,4.997907068303638,,178.0,20,30.050390000000004
90,-0.255,-37.519000000000005,4.063000000000001,-45.441,0.765,-27.863000000000003,17.884711012482143,5.848669414174919,25.34995225236549,180.0,20,30.050390000000004
91,0.085,-37.859,2.8390000000000004,-46.971,-0.629,-26.843000000000004,20.42457852686317,5.710793191501528,22.502774063233115,182.0,20,30.050390000000004
92,-0.085,-38.471,2.737,-45.543000000000006,-0.765,-26.231,19.626954628775195,5.441709097779001,22.028130452332167,184.0,20,30.050390000000004
93,0.255,-38.675,3.2470000000000003,-46.597,0.187,-25.483,21.334586848589318,6.290677132865492,23.996381661975555,186.0,20,30.050390000000004
94,0.323,-39.151,2.805,-46.291,0.7310000000000001,-25.687,20.708121402000717,5.847753401578561,23.10001583992508,188.0,20,30.050390000000004
95,0.255,-36.941,2.9410000000000003,-44.86300000000001,0.187,-28.679,16.416649231801234,5.06703437747502,21.30335948726114,190.0,20,30.050390000000004
96,0.187,-42.211000000000006,3.859,-43.367,0.629,-37.179,6.9802753527350205,7.041423137078972,12.613415579716976,192.0,20,30.050390000000004
97,0.017,-40.919,3.519,-42.891000000000005,-0.527,-29.529000000000003,13.961130326732144,6.457423083175936,23.10288634802274,194.0,20,30.050390000000004
98,0.391,-42.483,3.1790000000000003,-42.313,0.017,-29.597,13.103240057329334,5.614245094894171,28.79466709579903,196.0,20,30.050390000000004
99,0.085,-43.095000000000006,2.8390000000000004,-41.803,-0.765,-30.651000000000003,11.719894197474652,5.346784333778073,27.98458724103881,198.0,20,30.050390000000004
100,0.663,-42.857000000000006,1.513,-41.633,-0.663,-33.303000000000004,8.6095224025494,4.931170206674827,28.96961463586701,200.0,20,30.050390000000004
101,0.5950000000000001,-43.571000000000005,1.5470000000000002,-41.803,0.8330000000000001,-35.411,6.431754037585704,4.591564718590015,26.04269311621233,202.0,20,30.050390000000004
102,0.5950000000000001,-43.29900000000001,,,,,6.431754037585704,3.524927708156077,,204.0,20,30.050390000000004
103,-0.119,-43.197,0.935,-39.831,0.493,-37.009,2.8564047332267184,3.0065016904508046,3.067830187986253,206.0,20,30.050390000000004
104,-0.391,-43.231,1.411,-43.027,0.901,-34.595000000000006,8.44740930700058,3.3722112770916697,11.834961772311098,208.0,20,30.050390000000004
105,-0.425,-42.517,2.737,-42.687000000000005,0.8670000000000001,-35.513000000000005,7.413715397828541,3.360952290372223,12.150305544214008,210.0,20,30.050390000000004
106,-0.357,-40.987,,,,,7.413715397828541,5.082110793486563,,212.0,20,30.050390000000004
107,0.187,-38.063,-0.493,-43.333000000000006,0.527,-26.673,16.691195283741667,5.520187737896109,19.54775506363301,214.0,20,30.050390000000004
108,0.119,-32.793,3.4170000000000003,-43.571000000000005,-0.8330000000000001,-21.845,22.13778615851188,6.515037061173364,25.985209233638518,216.0,20,30.050390000000004
109,-0.357,-28.271,0.051,-41.021,-0.8670000000000001,-18.921000000000003,22.119057936539704,7.05610627033957,26.380086374682847,218.0,20,30.050390000000004
110,0.051,-27.098000000000003,,,,,22.119057936539704,5.429001525693583,,220.0,20,30.050390000000004
111,-0.085,-24.667,0.8670000000000001,-35.683,-0.255,-17.425,18.292442373832973,5.809989016109418,21.105479008580456,222.0,20,30.050390000000004
112,0.085,-24.633000000000003,-0.6970000000000001,-34.663000000000004,-0.6970000000000001,-15.725,18.938,5.624532838122966,20.070759690611037,224.0,20,30.050390000000004
113,-0.153,-21.301,0.357,-31.161,-0.357,-10.387,20.786266427619942,5.824403966398858,21.97223025026108,226.0,20,30.050390000000004
114,-0.357,-20.111,-0.051,-34.493,0.153,-10.659,23.83487302252731,7.287433557835887,24.329840514591705,228.0,20,30.050390000000004
115,0.085,-18.955,0.493,-30.481,0.391,-9.265,21.216245190890877,5.625383871803421,23.391757376685824,230.0,20,30.050390000000004
116,0.051,-15.861,-0.119,-27.931,-0.6970000000000001,-6.545000000000001,21.393809384959944,5.729155421646941,22.313487363542016,232.0,20,30.050390000000004
117,0.187,-13.889,-0.5950000000000001,-28.237,-0.221,-6.953,21.28728568888011,7.233252996075767,21.71639926983637,234.0,20,30.050390000000004
118,-0.357,-9.673,-0.765,-21.403,0.085,-7.327000000000001,14.101640897427506,6.512320445290516,15.011579433338587,236.0,20,30.050390000000004
119,0.051,-9.639,-0.6970000000000001,-19.771,0.017,-7.157000000000001,12.634191386867624,7.150253527253788,13.76460881180555,238.0,20,30.050390000000004
120,0.085,-8.483,-0.051,-20.859,0.391,-7.633000000000001,13.233383543145722,8.005626731699488,13.938468066816014,240.0,20,30.050390000000004
121,0.017,1.5810000000000002,0.391,-4.097,0.357,10.455,14.552039719571962,5.843101114336454,15.13500705027566,242.0,20,30.050390000000004
122,-0.153,4.981000000000001,0.221,-2.907,0.425,15.045000000000002,17.95315905349251,6.199584362189865,19.01720992883455,244.0,20,30.050390000000004
123,-0.221,8.687000000000001,-0.459,1.717,0.459,15.759,14.071975270018063,6.067137363209451,17.486682513266235,246.0,20,30.050390000000004
124,-0.425,9.452,-0.289,0.5950000000000001,-0.663,17.663,17.07209711781186,6.391050843426028,17.46257801702035,248.0,20,30.050390000000004
125,-0.051,9.809,-0.017,0.119,0.323,18.887,18.771079457505905,5.635190174955757,19.3839847077314,250.0,20,30.050390000000004
126,-0.187,12.665,-0.6970000000000001,3.621,-0.629,18.411,14.790156321012974,6.707438985811448,15.25799743825034,252.0,20,30.050390000000004
127,-0.391,13.719,-0.085,0.901,-0.663,18.173,17.28166855370164,5.858716037441834,18.25204395671348,254.0,20,30.050390000000004
128,-0.391,15.827000000000002,0.323,3.0770000000000004,-0.153,19.669,16.598826464542608,6.123030922877369,17.495632220603675,256.0,20,30.050390000000004
129,-0.357,18.683,-0.799,7.701,-0.051,31.365,23.67581888763301,6.584878204193323,25.0626231573795,258.0,20,30.050390000000004
130,-0.357,22.933000000000003,0.153,21.777,0.357,33.779,12.003733585847364,5.830107303512349,12.696464898525733,260.0,20,30.050390000000004
131,-0.221,26.469,0.255,22.083,0.357,36.363,14.280364281067904,7.133621490069293,15.22636980445116,262.0,20,30.050390000000004
132,0.085,28.169,0.255,22.219,0.425,37.009,14.79097697922622,7.4875309502639,15.822970274004929,264.0,20,30.050390000000004
133,-0.357,29.869000000000003,0.085,21.675,0.357,38.233,16.560233935545718,6.394950347548735,17.2260157536567,266.0,20,30.050390000000004
134,-0.289,30.549000000000003,-0.935,18.989,0.391,40.511,21.56280964995054,6.996093615576644,22.66613948147761,268.0,20,30.050390000000004
135,-0.085,33.575,-1.003,19.091,1.649,42.211000000000006,23.271602952955348,6.172367118898361,24.30831333500112,270.0,20,30.050390000000004
136,-0.051,36.159000000000006,-0.527,23.511000000000003,2.023,45.441,22.07775803835163,5.614836011829235,23.802907442438634,272.0,20,30.050390000000004
137,-0.119,37.485,-0.935,26.571,0.425,48.059000000000005,21.530994960753677,6.9968743400839175,26.22554473616148,274.0,20,30.050390000000004
138,-0.051,40.409000000000006,0.221,33.575,1.717,47.515,14.020043366552049,5.038758908113214,17.11331757455703,276.0,20,30.050390000000004
139,-0.323,40.273,-1.0710000000000002,34.255,0.289,47.787000000000006,13.600169998937512,4.876546513337614,16.41971805206846,278.0,20,30.050390000000004
140,-0.8330000000000001,41.395,-0.459,31.399,2.261,47.481,16.31039925936824,5.63972073174847,20.818496652559155,280.0,20,30.050390000000004
141,-0.527,40.919,0.357,29.223000000000003,0.7310000000000001,48.297,19.077666314305848,5.785715112744104,23.891705381344615,282.0,20,30.050390000000004
142,-0.5950000000000001,39.525000000000006,0.357,28.917,0.289,47.99100000000001,19.074121211736077,5.875047190650708,22.496015778766942,284.0,20,30.050390000000004
143,-0.561,39.083000000000006,0.323,32.419000000000004,0.765,48.025000000000006,15.612258004529648,5.821867941770184,20.14042937115559,286.0,20,30.050390000000004
144,-0.765,39.967000000000006,-0.6970000000000001,34.697,2.9410000000000003,42.857000000000006,8.934239978867817,5.049213062665007,21.78459438283115,288.0,20,30.050390000000004
145,-0.527,39.695,,,,,8.934239978867817,4.86323212248043,,290.0,20,30.050390000000004
146,0.119,38.913,,,,,8.934239978867817,5.780438994182553,,292.0,20,30.050390000000004
147,0.187,39.797,-1.105,33.337,-3.349,46.597,13.4485365746612,5.591164946192185,21.17333905152676,294.0,20,30.050390000000004
148,-0.289,40.749,-0.391,30.447000000000003,-3.655,46.461000000000006,16.343252185535167,5.961076908187433,22.181205482566536,296.0,20,30.050390000000004
149,-0.323,41.565000000000005,0.187,32.759,-0.459,48.535,15.789220753412756,5.455248955182197,21.50378527698448,298.0,20,30.050390000000004
150,-0.255,41.089000000000006,-0.085,33.269000000000005,-2.499,46.087,13.043332396285852,3.789449155641081,17.46778672206124,300.0,20,30.050390000000004
151,-0.051,39.491,0.051,34.901,2.363,42.585,8.024288130420045,2.4737851254842576,11.085336252884348,302.0,20,30.050390000000004
152,-0.255,38.233,-1.037,38.335,2.7710000000000004,42.619,5.731799019505133,3.1315609629980155,7.841228588633668,304.0,20,30.050390000000004
153,-0.085,36.907,0.119,34.357,0.323,40.341,5.987476263000965,1.749838636349266,6.403269749602667,306.0,20,30.050390000000004
154,-0.323,36.567,,,,,5.987476263000965,2.4957581516725096,,308.0,20,30.050390000000004
155,-0.323,37.621,-0.935,34.425000000000004,2.057,41.769000000000005,7.930094576989609,2.2282216145907503,9.79788268799724,310.0,20,30.050390000000004
156,0.119,39.457,-1.241,35.683,3.3150000000000004,44.897000000000006,10.278858496934376,2.929808528238596,11.033705146471162,312.0,20,30.050390000000004
157,-0.017,40.001000000000005,-0.493,34.357,2.125,47.209,13.115937938249022,3.733567369386693,13.987547316122871,314.0,20,30.050390000000004
158,-0.289,38.675,-0.425,32.079,-1.785,47.515,15.495796075065003,4.41433388894518,17.105304555008416,316.0,20,30.050390000000004
159,-0.969,40.409000000000006,-1.207,39.049,0.493,47.957,9.068763090962296,4.056753052300292,13.603253629386767,318.0,20,30.050390000000004
160,-0.527,40.868,-1.139,38.743,1.5470000000000002,48.059000000000005,9.69548616625283,4.18923867308552,17.252578863108333,320.0,20,30.050390000000004
161,-0.6970000000000001,40.851000000000006,,,,,9.69548616625283,4.16938913226736,,322.0,20,30.050390000000004
162,-0.459,41.701,,,,,9.69548616625283,3.957372678191017,,324.0,20,30.050390000000004
163,-0.5950000000000001,42.245000000000005,-3.043,46.155,-1.003,42.653000000000006,4.052851341956672,4.129960632545807,9.534787954334778,326.0,20,30.050390000000004
164,-0.493,41.259,-2.975,46.393,-0.221,35.717000000000006,11.025492823452383,4.186292904545392,16.757822915087907,328.0,20,30.050390000000004
165,-0.255,41.939,-3.689,44.557,-0.7310000000000001,36.261,8.807575148700124,3.887646326305064,17.980382736480596,330.0,20,30.050390000000004
166,-0.153,41.633,-1.241,47.005,-1.003,35.819,11.188531628413088,3.8359914593022224,13.997926620243575,332.0,20,30.050390000000004
167,-0.187,39.117,,,,,11.188531628413088,3.517753397620338,,334.0,20,30.050390000000004
168,-0.187,37.519000000000005,-1.173,40.919,-0.255,35.445,5.550441423886933,1.5607557493309554,6.946695954853944,336.0,20,30.050390000000004
169,-0.221,36.176,0.187,37.757000000000005,0.289,33.609,4.149253908837106,1.1570602984742486,4.652450094285468,338.0,20,30.050390000000004
170,-0.357,36.567,-0.493,37.723000000000006,0.119,35.309000000000005,2.4903694505032785,0.974714847924174,2.7662371936698285,340.0,20,30.050390000000004
171,-0.255,35.649,0.425,40.613,-0.187,33.099000000000004,7.538881879960715,2.900329459838961,10.416714320397135,342.0,20,30.050390000000004
172,-0.017,38.029,0.799,46.597,0.323,31.637000000000004,14.967570811591306,4.646075710893863,18.74657608065608,344.0,20,30.050390000000004
173,0.119,39.797,-0.221,48.365,0.357,30.889000000000003,17.485555753249596,5.656846667284298,20.65186063616379,346.0,20,30.050390000000004
174,0.017,39.389,2.567,47.175,-0.969,36.159000000000006,11.569596017147704,5.767468745962818,14.681693130573953,348.0,20,30.050390000000004
175,-0.323,39.457,2.873,46.393,-0.527,32.317,14.480807159823655,6.238279989423323,20.7557325057247,350.0,20,30.050390000000004
176,-0.391,40.409000000000006,,,,,14.480807159823655,6.016899180140959,,352.0,20,30.050390000000004
177,-0.6970000000000001,40.409000000000006,-3.213,46.733,0.323,34.051,13.165728996147536,5.162166953688256,21.852344165982185,354.0,20,30.050390000000004
178,-0.663,40.749,-2.567,41.463,0.017,34.697,7.242638469508194,4.616463317742354,20.46414662673948,356.0,20,30.050390000000004
179,-0.765,40.069,-1.275,36.125,0.323,32.555,3.911330208509632,3.686834765598326,5.886611939413103,358.0,20,30.050390000000004
180,-0.323,37.893,-1.0710000000000002,36.669,-0.8670000000000001,32.453,4.220932598372071,3.0979714505438003,4.794059867293495,360.0,20,30.050390000000004
181,-0.357,38.097,,,,,4.220932598372071,4.147928502197456,,362.0,20,30.050390000000004
182,-0.799,36.839000000000006,0.323,39.287000000000006,-1.275,38.811,1.6673871775925353,3.786685877531832,11.005258268874556,364.0,20,30.050390000000004
183,-0.629,40.035,-2.601,42.449000000000005,-2.5330000000000004,42.279,0.1830956034425731,2.715116658945785,2.35001714510597,366.0,20,30.050390000000004
184,-0.935,40.409000000000006,0.085,42.177,-4.131,43.911,4.558663400603296,2.953017071086081,5.278280368007354,368.0,20,30.050390000000004
185,-1.105,41.021,0.051,42.959,-3.4170000000000003,46.257000000000005,4.785794395917986,3.4793043470392355,5.836871886581647,370.0,20,30.050390000000004
186,-0.459,39.083000000000006,,,,,4.785794395917986,3.665318847057651,,372.0,20,30.050390000000004
187,-0.561,38.573,,,,,4.785794395917986,4.920024432599775,,374.0,20,30.050390000000004
188,-0.459,38.437000000000005,-1.037,36.907,-3.723,45.679,9.174016568548373,4.889398679626039,,376.0,20,30.050390000000004
189,-0.357,41.055,,,,,9.174016568548373,4.707620919386753,,378.0,20,30.050390000000004
190,-0.255,40.375,0.289,38.301,-4.029,45.169,8.11261659392332,4.709187786420826,22.034299262870743,380.0,20,30.050390000000004
191,-0.323,41.803,,,,,8.11261659392332,5.017575256522321,,382.0,20,30.050390000000004
192,0.119,41.769000000000005,-2.499,47.787000000000006,-2.737,47.651,0.2741167634421507,4.738232812351044,,384.0,20,30.050390000000004
193,-0.357,42.245000000000005,,,,,0.2741167634421507,4.924675857087265,,386.0,20,30.050390000000004
194,-0.5950000000000001,43.775000000000006,-4.097,43.809000000000005,-0.459,34.357,10.127948854531208,4.877397165185644,23.21493540453359,388.0,20,30.050390000000004
195,0.085,43.843,-4.199000000000001,43.877,-1.139,34.357,9.999699995499864,4.248610468714574,24.636449027768062,390.0,20,30.050390000000004
196,0.493,44.353,-1.5810000000000002,46.563,-0.017,40.851000000000006,5.922249572586417,2.7545170728913417,17.984835862977246,392.0,20,30.050390000000004
197,-0.153,43.673,,,,,5.922249572586417,2.675604419297533,,394.0,20,30.050390000000004
198,-0.935,43.605,-0.561,41.667,3.111,46.257000000000005,5.878068049963355,3.351649615858342,21.08708360738216,396.0,20,30.050390000000004
199,-0.017,44.047,,,,,5.878068049963355,3.440107654939028,,398.0,20,30.050390000000004
200,-0.119,44.965,0.663,40.919,1.207,41.191,0.6082104898799429,3.424065155328901,21.928481540504706,400.0,20,30.050390000000004
201,-0.357,45.033,,,,,0.6082104898799429,3.656641001652471,,402.0,20,30.050390000000004
202,-0.663,45.713,,,,,0.6082104898799429,3.254537860214121,,404.0,20,30.050390000000004
203,0.153,44.353,,,,,0.6082104898799429,3.304091750375492,,406.0,20,30.050390000000004
204,0.187,44.727,,,,,0.6082104898799429,2.7471172828429014,,408.0,20,30.050390000000004
205,-1.5470000000000002,45.407,-1.3430000000000002,45.203,3.3830000000000005,45.203,4.726,2.375223172910068,6.190502167861816,410.0,20,30.050390000000004
206,0.391,43.945,0.5950000000000001,41.633,0.935,45.747,4.1280256782147084,1.1604848486175805,4.517467459180093,412.0,20,30.050390000000004
207,-0.459,44.829,1.921,47.821000000000005,-2.975,46.563,5.055035113626809,2.802277433008618,9.458944907380468,414.0,20,30.050390000000004
208,-0.187,42.381,,,,,5.055035113626809,1.7725280150188156,,416.0,20,30.050390000000004
209,-1.683,42.687000000000005,-2.363,47.209,-0.663,44.761,2.9803865521103137,2.485710253009547,17.703000784698112,418.0,20,30.050390000000004
210,-1.6150000000000002,44.081,,,,,2.9803865521103137,2.722331259330376,,420.0,20,30.050390000000004
211,-1.3430000000000002,44.693000000000005,-0.8670000000000001,47.379000000000005,-2.057,46.155,1.707125068646114,2.096990094724013,11.8089515211123,422.0,20,30.050390000000004
212,-0.6970000000000001,43.469,0.289,45.849,1.479,42.721,3.346712416685964,1.824312249123923,6.827164665279254,424.0,20,30.050390000000004
213,0.153,44.285,0.493,40.817,0.663,41.055,0.2924790590794493,1.819718826219643,0.4154353131765885,426.0,20,30.050390000000004
214,-0.051,44.659000000000006,-0.493,36.601,-0.017,47.311,10.720572559336558,3.168344416134292,12.042276410103334,428.0,20,30.050390000000004
215,-0.6970000000000001,44.387,,,,,10.720572559336558,4.497320723949895,,430.0,20,30.050390000000004
216,-0.663,41.259,-0.5950000000000001,32.725,-1.003,42.721,10.00432306555521,4.280088065337615,10.84153616961522,432.0,20,30.050390000000004
217,-0.051,38.012,-1.003,29.801,-2.601,41.939,12.242738582523112,4.735139446951708,14.288692064260353,434.0,20,30.050390000000004
218,-0.459,34.663000000000004,,,,,12.242738582523112,5.691014077117797,,436.0,20,30.050390000000004
219,-0.5950000000000001,33.099000000000004,-1.0710000000000002,23.409,0.459,42.585,19.23694040121765,5.884547383778712,26.52985859766745,438.0,20,30.050390000000004
220,-0.459,29.903,-0.8670000000000001,19.363000000000003,0.425,42.041,22.71477378271684,6.011472211533402,23.714299057914904,440.0,20,30.050390000000004
221,-0.629,27.421000000000003,-0.051,21.199,0.527,41.701,20.51014597705243,6.916671415235512,21.43364456044087,442.0,20,30.050390000000004
222,-0.663,26.265,-0.527,19.771,0.901,42.041,22.3157362414956,8.288913152894906,22.901978997593368,444.0,20,30.050390000000004
223,-0.561,22.117,-0.6970000000000001,19.261000000000003,0.051,36.465,17.220253192099122,7.387601521399588,17.581849900345464,446.0,20,30.050390000000004
224,-0.119,21.335,-1.0710000000000002,18.377,-1.0710000000000002,37.893,19.516,8.898126504833245,20.167017954007,448.0,20,30.050390000000004
225,-0.289,17.595000000000002,-0.493,20.145000000000003,-0.7310000000000001,33.167,13.024174753127356,7.12734352898412,14.19096667105569,450.0,20,30.050390000000004
226,-0.493,16.779,-0.5950000000000001,19.533,-0.901,31.161,11.632025618953907,7.439559406621482,13.307900310110872,452.0,20,30.050390000000004
227,-0.6970000000000001,14.229,-1.003,18.717,-1.105,30.787000000000003,12.070430978221118,8.758668380460737,14.920416753047885,454.0,20,30.050390000000004
228,-0.391,14.841,0.323,3.0090000000000003,-0.323,18.921000000000003,15.925107848928372,7.173187611076126,16.426672644927265,456.0,20,30.050390000000004
229,-0.357,13.107,-0.8670000000000001,5.729,-0.425,18.819000000000003,13.09746021181206,7.343179508645443,13.472295580269988,458.0,20,30.050390000000004
230,-0.255,12.019,-0.8330000000000001,5.117,-0.493,18.173,13.060426333010726,6.981938648007967,13.596933390411277,460.0,20,30.050390000000004
231,-0.187,9.027,-0.5950000000000001,3.0090000000000003,-0.765,16.473000000000003,13.465073189552296,4.598486268781546,13.978470646178971,462.0,20,30.050390000000004
232,-0.629,3.961,-0.663,3.349,-0.969,14.297,10.95227556263994,6.232677346792833,11.631371813248832,464.0,20,30.050390000000004
233,0.153,3.587,-0.323,1.445,0.119,11.067,9.63214659356885,5.70069379524063,9.991295351241304,466.0,20,30.050390000000004
234,-0.255,-0.391,0.357,-3.349,-0.391,14.263000000000002,17.627877013412593,7.558391357543977,18.57904894218773,468.0,20,30.050390000000004
235,-0.357,-9.571000000000002,0.629,-16.677,0.017,-7.157000000000001,9.539651146661496,7.453121853643405,10.56290002220223,470.0,20,30.050390000000004
236,0.085,-11.373,0.629,-18.819000000000003,0.459,-7.395,11.425264810935458,7.89559871620497,12.515797707981294,472.0,20,30.050390000000004
237,0.119,-13.651000000000002,0.663,-22.321,0.323,-7.565,14.7599165309293,7.530594215392416,15.50379508649584,474.0,20,30.050390000000004
238,-0.051,-15.147,0.7310000000000001,-25.755000000000003,0.221,-7.429,18.333095101482456,5.959456734056705,18.959276277882697,476.0,20,30.050390000000004
239,0.187,-17.629,-0.187,-26.197000000000003,0.153,-7.361000000000001,18.83906834214474,6.806247880116629,19.278173349509192,478.0,20,30.050390000000004
240,0.221,-18.547,-0.051,-29.971000000000004,-0.935,-6.1370000000000005,23.85038808908568,7.233320249284714,24.34171412520713,480.0,20,30.050390000000004
241,0.017,-20.791,-0.493,-29.733,-0.935,-6.273000000000001,23.464163398680977,7.193932467049538,24.46291947097097,482.0,20,30.050390000000004
242,-0.221,-19.465,0.5950000000000001,-30.651000000000003,0.629,-13.209,17.442033138370082,6.661740285914638,18.687123390154024,484.0,20,30.050390000000004
243,0.221,-22.117,0.7310000000000001,-32.385000000000005,-0.8670000000000001,-11.543,20.90317124266077,6.458245136875686,24.961507486034265,486.0,20,30.050390000000004
244,0.085,-25.687,0.6970000000000001,-34.901,-0.119,-10.081,24.833410075944062,6.898016835099263,25.764083200159376,488.0,20,30.050390000000004
245,0.119,-27.387,0.969,-39.933,-0.255,-8.925,31.03214849152408,8.451655144366407,31.928313982972814,490.0,20,30.050390000000004
246,0.153,-31.841,2.567,-41.565000000000005,0.561,-19.601000000000003,22.05541502670036,6.458112460169707,26.11798979460284,492.0,20,30.050390000000004
247,-0.187,-35.479,2.805,-42.959,-0.561,-19.023,24.171513233556563,7.521773996603651,27.817566861417184,494.0,20,30.050390000000004
248,0.221,-36.125,2.125,-45.067,-0.7310000000000001,-26.707,18.580805579952663,6.268553549600298,24.21869859439167,496.0,20,30.050390000000004
249,0.085,-34.153000000000006,,,,,18.580805579952663,5.294826130000314,,498.0,20,30.050390000000004
250,0.085,-34.799,-2.635,-45.305,0.221,-28.373,17.171178177399476,5.93548448224268,19.328087616480744,500.0,20,30.050390000000004
251,0.255,-36.193000000000005,,,,,17.171178177399476,6.729485598604495,,502.0,20,30.050390000000004
252,-0.051,-36.295,,,,,17.171178177399476,6.649173868761015,,504.0,20,30.050390000000004
253,-0.085,-35.377,,,,,17.171178177399476,4.5290243487083774,,506.0,20,30.050390000000004
254,-0.017,-34.731,-0.085,-38.301,0.7310000000000001,-37.451,1.1782851946791153,2.281635645187747,1.3392684093907954,508.0,20,30.050390000000004
255,0.289,-36.295,0.289,-40.749,-0.187,-38.913,1.896700292613464,3.0768424485221493,2.3464744084242213,510.0,20,30.050390000000004
256,0.119,-36.057,0.459,-42.313,-0.255,-30.413000000000004,11.92140075662252,3.910110050028325,13.510258163431072,512.0,20,30.050390000000004
257,0.527,-37.893,2.635,-45.237,-0.323,-30.209000000000003,15.31634904277126,4.8486893611676125,16.63078723987444,514.0,20,30.050390000000004
258,0.391,-38.811,-0.493,-40.817,-0.357,-34.255,6.563409175116237,2.0155606854452013,10.773169340030206,516.0,20,30.050390000000004
259,0.051,-39.083000000000006,0.391,-34.527,-0.6970000000000001,-35.105000000000004,1.2320016233755535,1.7135055393256446,4.012522797978622,518.0,20,30.050390000000004
260,0.119,-37.655,-0.221,-41.089000000000006,-0.153,-32.385000000000005,8.704265620947009,2.4772571536341133,10.05115050554341,520.0,20,30.050390000000004
261,0.221,-37.621,-0.493,-41.259,-0.765,-34.595000000000006,6.669548710370141,2.5069141190641417,10.96643326597032,522.0,20,30.050390000000004
262,-0.153,-37.009,-0.051,-40.647000000000006,0.8330000000000001,-33.201,7.498291272016579,1.9794446358865971,8.118215400587884,524.0,20,30.050390000000004
263,0.255,-36.533,-0.357,-41.395,0.8330000000000001,-30.957,10.50561487967268,2.8113184053653044,11.704025413239936,526.0,20,30.050390000000004
264,0.119,-35.343,-1.173,-41.905,0.765,-26.367,15.658393531904862,4.187641040212984,16.546750706024785,528.0,20,30.050390000000004
265,-0.153,-35.445,-0.799,-40.885000000000005,-0.663,-22.593,18.29250556922151,6.164445033494794,21.32264900728097,530.0,20,30.050390000000004
266,-0.221,-29.631000000000004,-0.459,-41.565000000000005,-0.799,-18.071,23.496460073806865,6.982860950350158,26.474350274617137,532.0,20,30.050390000000004
267,-0.153,-23.953000000000003,0.5950000000000001,-38.539,-0.901,-14.807,23.77910511352351,7.02215703246524,26.489576112599615,534.0,20,30.050390000000004
268,-0.153,-21.947000000000003,-0.527,-38.335,-0.799,-11.713,26.6233894911974,7.192225241419708,27.79687178911552,536.0,20,30.050390000000004
269,-0.289,-19.091,-0.765,-32.759,-0.969,-6.681,26.078797901743865,7.174516490502303,28.24061209702295,538.0,20,30.050390000000004
270,-0.5950000000000001,-15.827000000000002,-0.357,-28.679,-0.153,-7.021000000000001,21.658960732223512,6.762497042803841,22.892013583600107,540.0,20,30.050390000000004
271,-0.493,-13.073,-0.391,-25.415000000000003,-0.561,-6.647,18.76876991174435,6.872359443425422,20.339556553633447,542.0,20,30.050390000000004
272,-0.527,-7.395,0.5950000000000001,-17.595000000000002,-0.8330000000000001,-6.069000000000001,11.614123298811668,6.0415126286652105,13.369209772730567,544.0,20,30.050390000000004
273,-0.391,-2.7030000000000003,-0.119,-14.909,-0.8670000000000001,-6.069000000000001,8.871589710981906,6.484136034260046,10.40123614263969,546.0,20,30.050390000000004
274,-0.255,6.205,-0.5950000000000001,2.8390000000000004,-0.935,13.039,10.205665093466472,7.727597579156149,10.727551143348684,548.0,20,30.050390000000004
275,-0.527,9.197,-0.629,3.213,-0.8330000000000001,15.827000000000002,12.615649487838509,8.765873722763294,13.512420577044637,550.0,20,30.050390000000004
276,-0.7310000000000001,12.053,-0.8670000000000001,5.6610000000000005,-0.969,16.507,10.846479613220136,6.478684940741953,12.31849441162114,552.0,20,30.050390000000004
277,-0.5950000000000001,8.415000000000001,-0.527,2.091,-0.323,14.875000000000002,12.785627555970809,4.6604519745224575,13.13643550699846,554.0,20,30.050390000000004
278,-0.017,5.729,0.187,-2.363,-0.6970000000000001,16.609,18.99258381579505,5.679220787223544,20.08978068487989,556.0,20,30.050390000000004
279,-0.289,11.917000000000002,-0.8670000000000001,5.797000000000001,-0.153,20.145000000000003,14.365754418059636,7.206941179179793,14.743512111341929,558.0,20,30.050390000000004
280,-0.289,13.617,0.289,4.165,-0.187,19.737,15.579273410528492,5.578236200734631,16.230595415062773,560.0,20,30.050390000000004
281,-0.289,18.887,-0.6970000000000001,4.811,-1.105,14.943,10.14021143763778,7.606076246190797,11.063910039567588,562.0,20,30.050390000000004
282,-0.289,19.805,-1.105,17.799000000000003,-1.241,31.535000000000004,13.736673250827511,7.625660782176136,14.487842307014173,564.0,20,30.050390000000004
283,-0.289,22.984,-1.003,18.377,-0.969,33.337,14.960038636313746,6.983088870595493,15.872859611519852,566.0,20,30.050390000000004
284,-0.629,26.843000000000004,-0.323,20.417,-1.241,36.193000000000005,15.802686480469074,7.557736657710994,17.20025903356309,568.0,20,30.050390000000004
285,-0.6970000000000001,30.736,-0.7310000000000001,19.703000000000003,-1.139,40.613,20.913980109008428,7.913571907810766,21.939888756604415,570.0,20,30.050390000000004
286,-0.8330000000000001,34.051,-0.425,20.927000000000003,-3.281,42.517,21.77808155003558,5.852237953091334,23.338897165494046,572.0,20,30.050390000000004
287,-0.935,36.703,-0.459,21.335,-2.5330000000000004,46.937000000000005,25.685869266972457,7.1621499901332175,26.512243095365488,574.0,20,30.050390000000004
288,-0.8670000000000001,37.587,-0.153,23.919,-1.853,47.515,23.657159930980725,6.186731316838464,25.71964010012395,576.0,20,30.050390000000004
289,-0.629,37.621,0.187,25.177000000000003,-0.187,48.093,22.91905172558411,6.855191628365061,26.685146875357223,578.0,20,30.050390000000004
290,-0.391,38.029,-1.037,26.537000000000003,1.3430000000000002,47.99100000000001,21.585609002295957,7.610165761484617,24.51790665061677,580.0,20,30.050390000000004
291,-0.459,38.097,0.153,27.625000000000004,-2.805,47.141000000000005,19.73889611908427,7.263548191358006,27.93489724801692,582.0,20,30.050390000000004
292,-0.493,37.893,,,,,19.73889611908427,7.134474850274745,,584.0,20,30.050390000000004
293,-0.901,37.468,,,,,19.73889611908427,7.058182709266245,,586.0,20,30.050390000000004
294,-0.357,38.233,0.357,26.673,-3.519,46.359,20.06394706930817,6.684511002706884,26.87379697049384,588.0,20,30.050390000000004
295,-0.119,40.239,0.323,28.475,-3.689,45.713,17.698722778777007,5.980962241625114,26.046898111044133,590.0,20,30.050390000000004
296,-0.119,40.681,-1.139,28.577,-3.451,46.631,18.201435657661733,5.845989709064113,23.533143382106708,592.0,20,30.050390000000004
297,-0.459,41.769000000000005,-0.459,32.963,-2.5330000000000004,47.277,14.463473718301564,4.243630760792457,19.679453425961466,594.0,20,30.050390000000004
298,-0.969,42.313,0.323,33.677,1.207,48.161,14.51095145054245,4.6117647809006,20.70275771935878,596.0,20,30.050390000000004
299,-1.037,42.211000000000006,0.323,33.167,2.601,47.175,14.19201705184996,5.218223315029834,22.23861978734894,598.0,20,30.050390000000004
300,-1.105,42.211000000000006,0.323,35.717000000000006,1.3430000000000002,47.685,12.01138726375934,4.850818665595599,20.282288852408456,600.0,20,30.050390000000004
301,-0.7310000000000001,41.055,-0.221,38.675,1.649,47.753,9.268602052089626,4.837661996199579,21.472474654217745,602.0,20,30.050390000000004
302,-1.003,41.361,0.323,36.125,-2.7710000000000004,47.243,11.540483525398752,3.9447133420820895,16.615197892923163,604.0,20,30.050390000000004
303,-0.901,40.273,0.153,44.353,0.663,47.243,2.934655005277452,4.103049230697514,10.869123012392292,606.0,20,30.050390000000004
304,-0.8330000000000001,40.851000000000006,1.003,47.413,-0.629,46.835,1.7313312796804663,3.966846952201365,3.327830255425141,608.0,20,30.050390000000004
305,-0.493,40.698,,,,,1.7313312796804663,4.378442909458348,,610.0,20,30.050390000000004
306,0.051,40.885000000000005,-0.561,45.577000000000005,-3.791,45.747,3.234470590374876,3.9322402064763193,11.104788641414588,612.0,20,30.050390000000004
307,-0.153,40.749,-1.0710000000000002,44.727,-3.4850000000000003,45.373000000000005,2.498942176201763,4.502418961682647,15.025952794905017,614.0,20,30.050390000000004
308,-0.255,40.409000000000006,-1.377,45.543000000000006,-3.995,45.543000000000006,2.6180000000000003,4.637071705631182,12.865689847490454,616.0,20,30.050390000000004
309,-0.765,41.157,,,,,2.6180000000000003,4.147384239455693,,618.0,20,30.050390000000004
310,-0.187,42.517,-4.131,43.979000000000006,-0.323,36.329,8.545370910615876,3.5899533466410207,21.30582013831664,620.0,20,30.050390000000004
311,-0.799,42.823,,,,,8.545370910615876,3.950933350456496,,622.0,20,30.050390000000004
312,-0.6970000000000001,41.429,2.023,41.871,-0.935,39.967000000000006,3.5178089771902057,2.850947376838376,13.17482565647334,624.0,20,30.050390000000004
313,-0.323,41.599,3.3150000000000004,45.611,-0.6970000000000001,40.205000000000005,6.732085858038355,3.0740207222696787,17.830341477675983,626.0,20,30.050390000000004
314,-0.017,42.007000000000005,1.989,47.787000000000006,0.663,41.259,6.661310681840325,3.4376309008409307,17.767375161466557,628.0,20,30.050390000000004
315,0.289,42.585,2.4650000000000003,47.209,0.357,41.429,6.152403107729532,3.629933549935406,24.81921268563454,630.0,20,30.050390000000004
316,0.289,42.653000000000006,2.635,46.733,0.969,43.673,3.484129159488781,3.3880893389946145,5.540928464536042,632.0,20,30.050390000000004
317,0.187,42.857000000000006,2.431,46.597,0.391,40.647000000000006,6.29,2.658047224101398,18.914262548027967,634.0,20,30.050390000000004
318,-0.085,41.463,2.5330000000000004,46.903000000000006,0.153,33.847,13.271154282879843,3.168318634820821,14.352333620415134,636.0,20,30.050390000000004
319,-0.493,39.491,1.717,43.775000000000006,0.357,29.665000000000003,14.17539064717442,4.403314388114492,15.484658059592835,638.0,20,30.050390000000004
320,-0.221,38.539,1.819,42.313,0.323,26.877,15.508323958442448,5.09320890678428,16.819279773484176,640.0,20,30.050390000000004
321,-0.221,34.901,,,,,15.508323958442448,5.670115528577022,,642.0,20,30.050390000000004
322,-0.459,30.175,-1.037,40.375,-1.0710000000000002,39.729000000000006,0.6468941180749752,5.555678720329218,,644.0,20,30.050390000000004
323,-0.323,28.475,-1.105,39.967000000000006,-0.221,20.655,19.33222180712812,6.715657731405477,20.76292267396988,646.0,20,30.050390000000004
324,-0.391,27.319000000000003,-1.853,41.599,-0.221,17.527,24.127258609299155,7.329711250298205,25.51569634164575,648.0,20,30.050390000000004
325,-0.493,26.231,-0.051,37.009,-0.187,17.425,19.584472216529093,5.2233335596291885,20.738081163640448,650.0,20,30.050390000000004
326,-0.051,25.653,0.153,32.623000000000005,-0.8330000000000001,19.193,13.46614629357635,4.71933013685676,14.528927362168355,652.0,20,30.050390000000004
327,-0.153,20.043000000000003,,,,,13.46614629357635,7.859621797573951,,654.0,20,30.050390000000004
328,-0.017,16.405,0.017,20.451,0.391,6.171,14.284896779466068,7.750894955865431,15.389415235994424,656.0,20,30.050390000000004
329,0.017,11.849,-0.153,19.805,0.493,3.0770000000000004,16.74046893011065,6.737767531800181,17.80308220248284,658.0,20,30.050390000000004
330,-0.017,10.421,-0.085,19.601000000000003,-0.663,3.825,15.786584811161662,5.55745291200781,16.34733448410285,660.0,20,30.050390000000004
331,-0.119,6.069000000000001,-0.425,18.377,-0.357,1.037,17.340133332820717,7.517809239423988,17.693654726638584,662.0,20,30.050390000000004
332,-0.119,3.791,-0.221,17.153000000000002,-0.051,-1.0710000000000002,18.22479289319909,7.723450088217775,19.64735150637519,664.0,20,30.050390000000004
333,-0.255,1.3090000000000002,-0.459,17.493000000000002,0.085,-1.819,19.31966045250278,8.528955975736652,19.985222511622705,666.0,20,30.050390000000004
334,-0.085,-0.425,-0.901,14.025,0.119,-1.989,16.04645119644839,8.364013429476982,17.314457155497717,668.0,20,30.050390000000004
335,-0.119,-1.921,0.017,10.965000000000002,0.187,-2.567,13.53306779706656,7.621100971772362,14.217489592731688,670.0,20,30.050390000000004
336,0.085,-10.659,0.221,-7.361000000000001,0.459,-18.377,11.018570687707188,6.258758460090657,11.282580452403952,672.0,20,30.050390000000004
337,-0.017,-14.977,0.459,-7.497000000000001,0.629,-23.749,16.25288909701903,7.451767901831689,17.074194776854114,674.0,20,30.050390000000004
338,-0.289,-14.467,0.187,-7.463000000000001,0.323,-22.287000000000003,14.824623840084444,7.604840075287384,16.286935368986008,676.0,20,30.050390000000004
339,0.187,-17.391000000000002,-0.901,-6.307,-0.391,-25.177000000000003,18.876890633788182,6.54713062612341,19.8786044423412,678.0,20,30.050390000000004
340,0.187,-17.561,-0.8670000000000001,-6.341,0.663,-26.163,19.88096033897759,6.770132204144944,20.395181470154192,680.0,20,30.050390000000004
341,0.051,-18.003,-0.8670000000000001,-6.341,0.7310000000000001,-25.993,19.71686354367753,5.6157010013968165,20.571390807003027,682.0,20,30.050390000000004
342,0.085,-18.955,-0.935,-6.4430000000000005,0.7310000000000001,-26.367,19.99353225420661,5.952204776419651,20.71462085467256,684.0,20,30.050390000000004
343,-0.153,-20.587,-0.629,-6.7490000000000006,-0.391,-30.005000000000003,23.257217804372043,6.212168232279998,23.924748792749373,686.0,20,30.050390000000004
344,-0.017,-21.199,-0.8330000000000001,-6.681,-0.459,-28.849000000000004,22.17115468350713,6.618028685000019,23.401827285445712,688.0,20,30.050390000000004
345,-0.017,-22.117,-0.935,-6.205,-0.8330000000000001,-29.733,23.52822109722705,7.432340342631055,27.0777596945757,690.0,20,30.050390000000004
346,0.255,-23.817,0.425,-10.319,-0.663,-35.037,24.7419333925221,7.422365924247349,25.84030783166727,692.0,20,30.050390000000004
347,-0.323,-28.917,0.459,-16.609,-0.6970000000000001,-38.573,21.99440001454916,6.863279386592745,23.40782074732197,694.0,20,30.050390000000004
348,-0.289,-32.963,0.663,-17.391000000000002,-1.513,-41.769000000000005,24.474923084659533,7.047934679968153,26.031543132080948,696.0,20,30.050390000000004
349,0.017,-33.643,0.6970000000000001,-22.899,1.173,-42.585,19.691753908679644,5.981305020701012,20.70455993387784,698.0,20,30.050390000000004
350,0.017,-36.329,0.527,-24.429,-0.901,-43.231,18.85614987212395,7.273986764380715,22.543884229898843,700.0,20,30.050390000000004
351,0.051,-36.159000000000006,-0.765,-18.479000000000003,-2.057,-44.86300000000001,26.415615078964187,7.937046953091581,28.727554966187675,702.0,20,30.050390000000004
352,-0.187,-36.329,-0.493,-19.329,-2.567,-45.271,26.024773582108264,8.056698345031908,28.75388466880107,704.0,20,30.050390000000004
353,-0.017,-35.955000000000005,-0.425,-20.247,-1.241,-45.441,25.207211111108663,7.916296268856681,26.458092861259157,706.0,20,30.050390000000004
354,-0.187,-34.595000000000006,,,,,25.207211111108663,6.71886241517448,,708.0,20,30.050390000000004
355,0.017,-35.343,0.119,-24.463,-3.2470000000000003,-44.897000000000006,20.7093773928624,6.981384583424923,26.29340171657021,710.0,20,30.050390000000004
356,-0.119,-36.431,0.493,-24.157,0.799,-45.917,21.762151456140547,6.884796420274032,23.60323978612352,712.0,20,30.050390000000004
357,-0.153,-36.805,-0.527,-28.475,1.819,-47.175,18.84658366919586,7.49870151065091,20.03194071054882,714.0,20,30.050390000000004
358,-0.391,-35.377,-0.629,-28.373,-2.5330000000000004,-44.013000000000005,15.755469399545037,6.4189556915852615,18.53599516700868,716.0,20,30.050390000000004
359,0.119,-37.519000000000005,0.7310000000000001,-25.653,-3.4170000000000003,-45.135000000000005,19.91869041880013,6.082889509030695,23.26894123228148,718.0,20,30.050390000000004
360,-0.323,-36.839000000000006,0.629,-24.191000000000003,-1.921,-47.583000000000006,23.53057933838434,7.532466821193803,25.253443015432445,720.0,20,30.050390000000004
361,-0.425,-36.669,-0.6970000000000001,-26.503000000000004,-1.479,-47.889,21.40029252136522,7.7672101346189795,29.425812361782423,722.0,20,30.050390000000004
362,-0.051,-35.615,-0.765,-26.809,-0.323,-48.161,21.35657435077077,7.703247100670322,24.13468801909248,724.0,20,30.050390000000004
363,-0.255,-38.233,0.153,-28.033,0.765,-47.515,19.491610195158326,7.258294704928406,23.2110318880955,726.0,20,30.050390000000004
364,0.357,-39.151,0.527,-25.279000000000003,-0.391,-48.399,23.13821782246853,7.281479830739538,28.14046080748364,728.0,20,30.050390000000004
365,0.085,-40.069,-0.221,-24.055000000000003,-1.003,-47.855,23.812843677309942,7.328018373525217,28.460239343669755,730.0,20,30.050390000000004
366,0.323,-40.409000000000006,-0.153,-24.565,2.4650000000000003,-45.203,20.803388377858067,7.155816433882876,22.939128389101683,732.0,20,30.050390000000004
367,0.357,-37.281000000000006,-0.017,-29.733,1.649,-41.123000000000005,11.51119698380668,3.794487147714608,15.050295926334607,734.0,20,30.050390000000004
368,-0.085,-39.287000000000006,0.255,-28.985000000000003,3.5530000000000004,-45.373000000000005,16.716559095699093,5.929231817479721,19.73891382771769,736.0,20,30.050390000000004
369,0.561,-39.423,-0.425,-26.979000000000003,1.853,-47.345000000000006,20.493004660127323,6.680682954941712,23.896449534631323,738.0,20,30.050390000000004
370,0.153,-40.358,-0.7310000000000001,-26.537000000000003,3.927000000000001,-45.033,19.073515145352733,6.709044405506481,26.841637906447232,740.0,20,30.050390000000004
371,-0.323,-41.803,0.425,-30.991000000000003,3.859,-43.911,13.36857344670702,4.933256406660529,24.65759625910987,742.0,20,30.050390000000004
372,-0.119,-43.401,-0.425,-31.467,-0.289,-47.583000000000006,16.11657382944651,5.090225955208527,25.140661807416723,744.0,20,30.050390000000004
373,0.629,-43.401,-0.5950000000000001,-32.963,-3.3830000000000005,-44.013000000000005,11.396290800080523,3.896994609899033,25.95217713970797,746.0,20,30.050390000000004
374,0.493,-44.115,,,,,11.396290800080523,4.876944590419887,,748.0,20,30.050390000000004
375,0.017,-43.367,-0.561,-34.527,3.349,-46.903000000000006,12.978962824509516,4.609643844001682,27.001341654968524,750.0,20,30.050390000000004
376,-0.425,-44.897000000000006,0.935,-36.907,4.063000000000001,-44.727,8.422397758358365,4.454893357819288,23.88332622918873,752.0,20,30.050390000000004
377,-0.051,-44.149,0.799,-36.839000000000006,3.757,-45.849,9.48313576829943,5.022737643415322,25.49745874858284,754.0,20,30.050390000000004
378,-0.051,-43.231,,,,,9.48313576829943,4.898514875837066,,756.0,20,30.050390000000004
379,0.187,-44.965,0.969,-38.063,3.791,-44.86300000000001,7.362315125013328,4.058305031977311,16.164777522747357,758.0,20,30.050390000000004
380,0.391,-44.965,0.901,-38.131,2.873,-44.42100000000001,6.591880156677608,3.50932933764626,17.867064322014535,760.0,20,30.050390000000004
381,0.663,-44.625,0.799,-37.179,2.9410000000000003,-46.665000000000006,9.72483213222727,3.62536328272387,20.031621011738075,762.0,20,30.050390000000004
382,0.289,-44.965,1.445,-41.191,3.995,-44.013000000000005,3.803443702751495,2.6286132714416306,13.847010541405412,764.0,20,30.050390000000004
383,-0.629,-44.217000000000006,1.853,-41.429,2.1590000000000003,-45.849,4.430579646050842,2.7027722574822355,13.773171322018978,766.0,20,30.050390000000004
384,0.527,-44.217000000000006,,,,,4.430579646050842,3.1285391081884084,,768.0,20,30.050390000000004
385,0.8330000000000001,-43.435,,,,,4.430579646050842,2.919145492012618,,770.0,20,30.050390000000004
386,-0.017,-43.129000000000005,0.8330000000000001,-38.233,-1.105,-41.225,3.564815282732052,2.9160087625911078,5.866194585152155,772.0,20,30.050390000000004
387,-0.221,-43.231,0.7310000000000001,-33.235,1.411,-43.945,10.73156558941891,4.1200223087652965,12.278471216308429,774.0,20,30.050390000000004
388,0.153,-38.097,0.765,-27.251,-2.057,-44.625,17.60169196412663,6.107215503560246,24.98442161750255,776.0,20,30.050390000000004
389,0.493,-34.867000000000004,0.765,-24.429,-3.4170000000000003,-44.965,20.95749078491984,6.992621206846473,27.78997203157737,778.0,20,30.050390000000004
390,0.221,-30.107000000000003,0.7310000000000001,-20.825000000000003,1.003,-40.817,19.993850254515767,6.8656801224188095,25.55180418840364,780.0,20,30.050390000000004
391,0.119,-23.919,0.391,-15.623,-0.187,-36.737,21.12190995151717,6.446574848029339,21.780659071370657,782.0,20,30.050390000000004
392,0.187,-21.539,0.255,-11.543,0.391,-31.977000000000004,20.43445257402312,5.652668868893918,21.38774106133005,784.0,20,30.050390000000004
393,0.085,-20.179,0.561,-9.707,0.153,-32.011,22.307731395191222,6.117107673195408,23.676963139712157,786.0,20,30.050390000000004
394,-0.017,-16.711000000000002,-0.221,-6.817,0.765,-27.897,21.1030470785619,6.253005588017629,22.564562548960627,788.0,20,30.050390000000004
395,-0.051,-14.535000000000002,-0.153,-5.321000000000001,-0.7310000000000001,-28.271,22.95727736470508,7.0745391060189,23.54178843263928,790.0,20,30.050390000000004
396,0.221,-15.079,-0.289,-6.885000000000001,0.765,-28.713,21.85343222471015,7.289976305883149,23.34295773257216,792.0,20,30.050390000000004
397,-0.085,-10.115,-0.017,-7.259,-0.459,-23.715000000000003,16.46193488020166,6.595638664407647,16.841682394852068,794.0,20,30.050390000000004
398,-0.255,-9.843,-0.357,-6.7490000000000006,-0.6970000000000001,-22.151000000000003,15.405752302305787,6.823589321478212,16.821896885121127,796.0,20,30.050390000000004
399,0.153,-11.135000000000002,0.153,-7.395,-0.765,-23.715000000000003,16.34579835921146,7.887446346299506,16.720160245634958,798.0,20,30.050390000000004
400,-0.357,1.105,-0.8670000000000001,6.477,-0.119,-0.629,7.145259967279008,7.26405826771865,7.454684564836519,800.0,20,30.050390000000004
401,-0.289,3.3830000000000005,0.425,13.311000000000002,0.391,-3.689,17.000033999966,7.398333880100225,17.595985594377975,802.0,20,30.050390000000004
402,-0.017,4.913,0.289,11.203,0.187,-2.397,13.600382494621243,6.920978922138042,14.602640263393276,804.0,20,30.050390000000004
403,-0.187,5.049,-0.663,13.685,0.119,-1.751,15.455795676703287,6.700495511292909,16.562038758332477,806.0,20,30.050390000000004
404,0.017,6.069000000000001,0.085,15.045000000000002,-0.119,-0.629,15.675327492591665,7.948630399172268,17.049065826479577,808.0,20,30.050390000000004
405,0.085,6.239000000000001,-0.901,14.399,-0.153,-0.221,14.639122378066247,6.182436964020223,15.293873280927032,810.0,20,30.050390000000004
406,0.085,9.469,-0.8330000000000001,16.881,-0.255,1.377,15.514770381800693,5.587279765974341,16.858631496386625,812.0,20,30.050390000000004
407,-0.017,14.841,-0.323,19.261000000000003,-0.017,0.5950000000000001,18.668508028227645,6.68072433408724,19.387420935218504,814.0,20,30.050390000000004
408,-0.051,17.068,-0.561,26.401000000000003,-0.663,5.831,20.57025289100745,5.913988753098482,21.272066348952908,816.0,20,30.050390000000004
409,-0.459,18.904,-0.085,20.349,0.357,7.905,12.45184725251639,6.826154677038669,13.040617030851518,818.0,20,30.050390000000004
410,-0.187,27.115,0.323,36.227,0.153,21.947000000000003,14.281011868911811,5.727188400602456,15.150063222119746,820.0,20,30.050390000000004
411,-0.527,29.189000000000004,0.425,40.443000000000005,-1.139,18.819000000000003,21.680485972413077,6.741521351974674,22.448102422212237,822.0,20,30.050390000000004
412,-0.357,32.691,1.173,41.599,-1.105,23.341,18.39956108172149,6.099532372545187,20.387330063921517,824.0,20,30.050390000000004
413,-0.187,35.173,2.499,42.925,-0.935,19.873,23.306373806321737,6.874666351006262,25.66567338206558,826.0,20,30.050390000000004
414,-0.153,36.567,2.7030000000000003,45.679,-0.935,23.919,22.06201813071506,6.11944161906551,25.152842977930145,828.0,20,30.050390000000004
415,-0.323,38.301,-0.221,47.787000000000006,-0.561,23.375,24.414367573213934,7.147681875601712,26.222620923562506,830.0,20,30.050390000000004
416,-0.8670000000000001,39.559000000000005,-0.493,47.447,-1.105,33.167,14.29310826937234,4.934622814542459,20.5546945239472,832.0,20,30.050390000000004
417,0.119,41.565000000000005,1.241,47.821000000000005,-1.105,33.099000000000004,14.907749662507753,5.303141413715637,20.73800669958842,834.0,20,30.050390000000004
418,0.119,40.511,0.119,48.195,-0.901,28.747000000000003,19.47472988259401,5.685975020749778,20.93388727721371,836.0,20,30.050390000000004
419,-0.527,40.987,-1.0710000000000002,48.161,-0.527,25.959000000000003,22.208663624810928,6.347482858626894,25.56902960250872,838.0,20,30.050390000000004
420,-0.391,40.919,0.119,47.99100000000001,-0.8330000000000001,26.877,21.13545126085554,6.300616775124265,23.668877306836187,840.0,20,30.050390000000004
421,0.017,39.593,1.3430000000000002,47.753,0.187,26.843000000000004,20.941930092520124,5.852286286526066,23.99904445149801,842.0,20,30.050390000000004
422,-0.153,38.165000000000006,-2.023,43.843,0.357,32.181000000000004,11.90237976204759,4.0314144487453,18.63951894526148,844.0,20,30.050390000000004
423,-0.221,37.893,-2.7030000000000003,47.107000000000006,0.255,29.665000000000003,17.69104654903152,5.1618851177721226,19.82508985262665,846.0,20,30.050390000000004
424,-0.5950000000000001,38.913,-0.663,47.311,0.357,28.815,18.524103649029826,5.894975332449797,21.82539007858981,848.0,20,30.050390000000004
425,-0.459,40.035,2.363,47.243,0.357,28.067000000000004,19.28063826744333,6.600448919740392,24.534637395316707,850.0,20,30.050390000000004
426,-0.935,40.953,1.0710000000000002,48.025000000000006,-0.663,30.923,17.189681788794115,5.179390059358908,23.68072651728164,852.0,20,30.050390000000004
427,0.051,42.517,0.119,48.569,0.289,29.189000000000004,19.380745599692496,5.535861596322326,25.10816941330885,854.0,20,30.050390000000004
428,-0.357,41.497,0.289,48.229000000000006,0.119,27.319000000000003,20.91069104549154,5.985036282114693,28.10537825368221,856.0,20,30.050390000000004
429,-0.663,41.786,2.091,46.189,-0.425,31.977000000000004,14.432989988217964,5.36064014129973,26.494647590083744,858.0,20,30.050390000000004
430,-0.153,43.367,0.187,48.399,-0.7310000000000001,32.555,15.870572138395012,4.937735158463855,25.41902082830005,860.0,20,30.050390000000004
431,0.051,43.809000000000005,-0.799,48.195,-0.289,36.057,12.14870956110154,4.047392882520136,18.481970825172827,862.0,20,30.050390000000004
432,-0.799,43.809000000000005,0.459,48.297,0.051,30.651000000000003,17.650716132780566,5.133685916709713,26.40983198811007,864.0,20,30.050390000000004
433,-0.255,42.891000000000005,2.193,47.141000000000005,-1.139,33.303000000000004,14.233498094284483,5.035866591445191,20.85404162396793,866.0,20,30.050390000000004
434,-0.153,42.381,1.275,46.903000000000006,0.255,31.977000000000004,14.960811341635187,5.428486677694616,22.25204020015436,868.0,20,30.050390000000004
435,-0.187,42.211000000000006,-2.907,42.653000000000006,0.153,35.241,8.018811882068317,4.185962551750911,23.43964842111881,870.0,20,30.050390000000004
436,-0.085,41.497,-3.4170000000000003,45.98500000000001,0.289,38.641000000000005,8.226103087124548,4.626957284054669,17.4135905027468,872.0,20,30.050390000000004
437,-0.017,42.585,-3.4170000000000003,44.931,0.357,39.389,6.704986204310939,4.687478751261737,26.667065787820093,874.0,20,30.050390000000004
438,-0.425,43.163,,,,,6.704986204310939,4.520192637256108,,876.0,20,30.050390000000004
439,-0.153,44.251000000000005,,,,,6.704986204310939,4.227448581866776,,878.0,20,30.050390000000004
440,0.119,44.86300000000001,-2.873,43.469,0.357,39.015,5.501910213734863,3.858672758408537,23.01258402979644,880.0,20,30.050390000000004
441,0.969,44.353,-2.907,44.523,-1.887,42.177,2.5581469856128285,2.2909908464803483,14.76736883150159,882.0,20,30.050390000000004
442,-1.0710000000000002,44.659000000000006,-3.927000000000001,44.557,-3.3830000000000005,45.883,1.4332522457683434,2.7243483151242507,3.541229689015026,884.0,20,30.050390000000004
443,-0.425,43.639,-0.5950000000000001,43.231,-0.6970000000000001,43.435,0.2280789337049786,2.175381690803278,0.2656766472793589,886.0,20,30.050390000000004
444,-1.513,43.741,-0.7310000000000001,47.175,-2.329,46.699000000000005,1.6673871775925353,2.798271171966265,1.8070808208070197,888.0,20,30.050390000000004
445,-0.799,43.979000000000006,-1.785,47.005,3.3830000000000005,44.047,5.954661031494572,2.8374843900080418,13.64858260829834,890.0,20,30.050390000000004
446,-0.969,43.673,-0.629,47.821000000000005,2.737,43.027,5.857678038267381,2.952352373988362,20.880448092444244,892.0,20,30.050390000000004
447,-0.7310000000000001,44.013000000000005,-1.207,46.325,0.017,39.423,7.009691861986518,3.1552454236301624,17.795832492871376,894.0,20,30.050390000000004
448,-0.969,43.027,-3.213,46.529,-0.901,45.033,2.753790115459056,2.6621244355366187,3.465330327961536,896.0,20,30.050390000000004
449,-0.969,43.775000000000006,,,,,2.753790115459056,3.0740699635229176,,898.0,20,30.050390000000004
450,0.085,44.489,0.663,42.381,3.281,45.101000000000006,3.7752250264057112,3.577360859219361,18.921198664247267,900.0,20,30.050390000000004
451,-0.8670000000000001,45.135000000000005,-0.085,40.103,3.043,45.135000000000005,5.924981687735415,3.054906012151862,13.48584310965744,902.0,20,30.050390000000004
452,-0.765,44.387,-1.139,42.347,3.111,43.673,4.452053009567609,3.427320637593757,20.26426875208232,904.0,20,30.050390000000004
453,-0.6970000000000001,44.659000000000006,0.391,38.777,3.213,44.693000000000005,6.554596860219552,3.41479987887706,17.761033839715115,906.0,20,30.050390000000004
454,-0.357,45.135000000000005,0.459,39.797,2.5330000000000004,42.925,3.7531133742534335,3.4478433534546475,19.198105824814977,908.0,20,30.050390000000004
455,-0.153,44.625,0.459,40.715,1.955,41.837,1.87,3.465640853246449,22.3289780010989,910.0,20,30.050390000000004
456,0.6970000000000001,44.115,0.017,41.667,2.261,42.007000000000005,2.269611420485895,3.307239679708822,3.1596378932670977,912.0,20,30.050390000000004
457,0.459,44.115,,,,,2.269611420485895,3.5077706358717315,,914.0,20,30.050390000000004
458,0.187,42.279,-0.187,35.275000000000006,0.119,35.241,0.3078830946966722,3.4016510699769635,0.4033683004606405,916.0,20,30.050390000000004
459,-0.085,41.327000000000005,-0.901,39.797,0.357,32.759,7.149545999572281,4.303204898454887,26.250416137196662,918.0,20,30.050390000000004
460,-0.391,41.157,-0.7310000000000001,40.239,0.017,31.909,8.363516246173019,4.952678633759985,28.2669076828904,920.0,20,30.050390000000004
461,-0.459,40.953,-1.5470000000000002,42.789,-0.6970000000000001,32.011,10.811465395588147,5.52660446835126,25.576140498556537,922.0,20,30.050390000000004
462,-0.561,38.403000000000006,-1.037,43.571000000000005,0.357,34.391000000000005,9.28523753061816,5.214181409848754,25.41905182903224,924.0,20,30.050390000000004
463,-0.051,37.519000000000005,0.187,44.217000000000006,0.017,28.951,15.26694651854129,4.361622191737831,20.57512580864771,926.0,20,30.050390000000004
464,-0.221,35.003,2.975,44.047,-0.017,25.007,19.27365206700588,4.772363630423327,23.23915354547512,928.0,20,30.050390000000004
465,-0.425,33.643,-0.051,41.769000000000005,-0.969,23.647,18.14523650989427,6.622980905541387,26.08910155644507,930.0,20,30.050390000000004
466,-0.527,31.263,-0.187,45.407,-1.003,21.641,23.78000445752692,7.014382838258668,27.137166955705805,932.0,20,30.050390000000004
467,-0.425,30.311000000000003,1.921,43.673,0.153,21.913,21.831706850358724,6.013620634184908,22.959283770443903,934.0,20,30.050390000000004
468,-0.323,28.033,-0.153,41.803,0.051,21.777,20.02703902228185,6.86161165961328,20.642952627952543,936.0,20,30.050390000000004
469,-0.357,26.129,0.153,30.311000000000003,-0.969,17.391000000000002,12.968626912668896,5.321727290701329,19.54273849378057,938.0,20,30.050390000000004
470,-0.085,23.868,0.357,26.299000000000003,0.085,12.427,13.874666410404254,5.20632940137842,18.077221870985134,940.0,20,30.050390000000004
471,-0.051,21.811,-0.561,19.907,-1.139,13.583,6.350359044967458,6.386596269774859,,942.0,20,30.050390000000004
472,-0.357,18.071,-0.629,19.669,-0.901,8.449,11.223296485435997,7.6919477710796285,,944.0,20,30.050390000000004
473,0.017,16.643,-0.425,18.921000000000003,-0.6970000000000001,5.151000000000001,13.772686157754414,7.441994449067475,14.310236947003428,946.0,20,30.050390000000004
474,-0.323,10.761,-0.969,15.895,-0.527,3.111,12.791638675322252,5.802079963580515,13.25876906104601,948.0,20,30.050390000000004
475,-0.323,9.707,-1.003,15.283,-0.527,2.1590000000000003,13.132629287389484,6.440874502697552,13.514534481715732,950.0,20,30.050390000000004
476,-0.425,8.755,-0.221,19.261000000000003,-0.119,0.391,18.870275673662007,7.371080428576501,19.464716975559483,952.0,20,30.050390000000004
477,-0.323,9.18,-0.119,19.601000000000003,-0.935,6.205,13.420829780605969,8.490655611164163,13.749519574202782,954.0,20,30.050390000000004
478,-0.221,7.259,-1.139,14.059,-0.629,3.0770000000000004,10.99383572735194,6.1839488480027525,11.778971784211322,956.0,20,30.050390000000004
479,-0.391,7.055000000000001,-0.561,13.719,-0.8670000000000001,5.525,8.199711702249049,6.778394214922421,9.256293223106043,958.0,20,30.050390000000004
480,-0.629,-2.567,-0.7310000000000001,0.119,0.187,-6.7490000000000006,6.9290798811963485,7.310468140810627,7.356429320487427,960.0,20,30.050390000000004
481,-0.493,-3.213,-0.901,1.479,0.017,-6.307,7.839931122146419,6.478663828501218,8.225647916525833,962.0,20,30.050390000000004
482,-0.289,-5.083,-0.459,-6.681,-0.765,-15.079,8.403573049602176,7.137485150336738,8.91387747038863,964.0,20,30.050390000000004
483,-0.323,-8.925,-0.8330000000000001,-6.239000000000001,-0.799,-19.261000000000003,13.02204438634733,8.507138042513485,13.941785609948472,966.0,20,30.050390000000004
484,0.017,-13.481000000000002,-0.323,-2.635,0.017,-7.293,4.670392274745239,6.341324008545128,,968.0,20,30.050390000000004
485,-0.323,-15.113,-0.459,-6.715000000000001,0.323,-22.219,15.52370896403305,5.735622184373288,15.928392486469464,970.0,20,30.050390000000004
486,-0.357,-16.439,-0.017,-7.293,0.425,-25.619000000000003,18.331329466244394,6.942656267004399,18.876905903501093,972.0,20,30.050390000000004
487,0.221,-19.159,0.629,-8.891,-0.221,-27.829,18.957065806711757,6.004603313823944,22.35914656578604,974.0,20,30.050390000000004
488,-0.187,-19.907,0.391,-8.279,-0.187,-29.631000000000004,21.3598218157362,6.509998626622916,22.166292422583787,976.0,20,30.050390000000004
489,-0.153,-21.743,0.391,-8.891,0.663,-30.413000000000004,21.52371873073982,6.925718460379255,24.026641001255637,978.0,20,30.050390000000004
490,-0.085,-23.511000000000003,-0.391,-10.047,0.8670000000000001,-34.391000000000005,24.376482519018204,7.174913151707515,25.110087705206617,980.0,20,30.050390000000004
491,0.085,-28.067000000000004,-0.629,-17.459,0.663,-36.397000000000006,18.98202065113196,6.1937369738591626,20.22766033759132,982.0,20,30.050390000000004
492,0.255,-33.133,-0.663,-20.043000000000003,1.0710000000000002,-40.885000000000005,20.914007746006025,6.041646775037932,22.099313753856645,984.0,20,30.050390000000004
493,0.153,-34.561,0.391,-27.455,3.5530000000000004,-44.251000000000005,17.0910461938408,5.303859548536244,18.82440221511279,986.0,20,30.050390000000004
494,0.357,-37.145,0.357,-27.659,3.4850000000000003,-43.027,15.683105814856956,5.703573269575847,19.873610707502696,988.0,20,30.050390000000004
495,0.119,-38.675,0.799,-29.767000000000003,-0.969,-46.325,16.65212262746104,4.678870698758497,18.57770075019685,990.0,20,30.050390000000004
496,-0.357,-39.389,-0.6970000000000001,-27.047,0.8330000000000001,-48.195,21.203273426525445,6.323971366218784,22.688587757495508,992.0,20,30.050390000000004
497,0.051,-38.59,0.7310000000000001,-24.769,0.391,-47.515,22.74854096420252,6.389743311774754,23.87923619997757,994.0,20,30.050390000000004
498,0.561,-37.927,0.7310000000000001,-23.783,-0.493,-47.753,24.00123071844442,7.229824367703704,26.242752515462666,996.0,20,30.050390000000004
499,0.221,-39.899,0.051,-21.641,-3.4850000000000003,-44.115,22.75047190719349,7.890203053209451,32.72861009441874,998.0,20,30.050390000000004
500,0.153,-40.103,-0.187,-25.245,-3.349,-45.203,20.20692970245604,6.5354448296843,29.54774591764632,1000.0,20,30.050390000000004
501,0.085,-41.73500000000001,-0.663,-26.163,-3.4850000000000003,-44.387,18.4412000694098,6.310697886456841,29.63541801793295,1002.0,20,30.050390000000004
502,-0.187,-42.653000000000006,0.8670000000000001,-35.581,-2.601,-45.407,10.42004318609093,3.122761693479192,17.287111699784482,1004.0,20,30.050390000000004
503,0.051,-42.517,0.7310000000000001,-31.909,-1.6150000000000002,-46.835,15.109241939951854,4.475323680410663,22.387148791829425,1006.0,20,30.050390000000004
504,0.187,-41.497,0.629,-32.725,0.663,-46.767,14.042041162167274,3.796541265484371,15.170066901786235,1008.0,20,30.050390000000004
505,-0.221,-40.987,0.357,-28.169,2.975,-44.999,17.032405114956607,5.790809299470192,25.42871636003756,1010.0,20,30.050390000000004
506,0.153,-41.395,0.663,-29.393,2.261,-47.821000000000005,18.49715621386164,5.813686331010245,23.175846105923156,1012.0,20,30.050390000000004
507,0.187,-41.939,-0.6970000000000001,-28.849000000000004,0.8330000000000001,-47.889,19.1013742961076,5.663593052034327,23.42730455859711,1014.0,20,30.050390000000004
508,0.289,-42.177,0.799,-32.419000000000004,-1.445,-47.651,15.3964073731504,5.352531578391002,19.671574471064684,1016.0,20,30.050390000000004
509,0.153,-40.579,-0.629,-30.651000000000003,-1.5810000000000002,-46.291,15.66894712480708,5.05358327995986,21.733138893094075,1018.0,20,30.050390000000004
510,0.8330000000000001,-42.211000000000006,0.425,-35.139,-1.3430000000000002,-47.175,12.165160089369971,3.933072111008509,15.137001594589291,1020.0,20,30.050390000000004
511,0.153,-40.579,0.663,-33.779,-0.357,-37.859,4.205567738130014,2.599531180754944,5.624843818582849,1022.0,20,30.050390000000004
512,0.085,-38.199000000000005,0.8330000000000001,-33.269000000000005,-0.255,-42.653000000000006,9.446861912825868,2.3940594602363223,9.781704400409849,1024.0,20,30.050390000000004
513,0.391,-35.649,-0.187,-28.917,0.799,-34.595000000000006,5.762974926199141,3.00325581323987,9.938855252178111,1026.0,20,30.050390000000004
514,0.153,-35.173,0.051,-24.531,0.799,-37.553,13.043465337095048,5.3692504248499615,14.942499479143228,1028.0,20,30.050390000000004
515,0.425,-33.609,0.153,-24.973000000000003,0.323,-42.279,17.306834950388822,6.223058220372243,23.165668798734497,1030.0,20,30.050390000000004
516,0.255,-30.073,-0.561,-22.661,0.799,-44.387,21.76852489260584,6.087404714604118,23.150464825155865,1032.0,20,30.050390000000004
517,-0.153,-28.169,-0.119,-19.431,1.785,-42.517,23.16438240057352,6.185708157302004,24.189681751426992,1034.0,20,30.050390000000004
518,0.357,-26.401000000000003,-0.017,-16.915000000000003,0.901,-36.567,19.67342949259229,5.857558978906801,21.43120003882173,1036.0,20,30.050390000000004
519,0.187,-24.089,0.187,-15.623,0.8670000000000001,-34.765,19.1540743446401,6.016679851175995,19.98096433918117,1038.0,20,30.050390000000004
520,0.153,-22.797,-0.8670000000000001,-14.399,0.6970000000000001,-32.419000000000004,18.08774435909575,5.260329534219355,19.92864803961938,1040.0,20,30.050390000000004
521,-0.221,-22.321,-0.799,-13.991,0.153,-36.159000000000006,22.188432301539468,6.371086508587399,23.443552251190056,1042.0,20,30.050390000000004
522,-0.051,-21.879,-0.7310000000000001,-13.957,0.391,-33.201,19.276680730872734,5.459811930806932,20.524447231217223,1044.0,20,30.050390000000004
523,0.221,-18.989,0.425,-9.299,0.561,-33.337,24.03838472110803,6.515557831185598,25.086078854056435,1046.0,20,30.050390000000004
524,-0.017,-18.037000000000003,-0.901,-9.163,0.629,-31.365,22.254655782554806,6.085161831122399,23.08584036759466,1048.0,20,30.050390000000004
525,-0.187,-17.051000000000002,-0.153,-7.123,0.799,-28.883000000000003,21.78081504443762,6.895391373013291,22.52489181058905,1050.0,20,30.050390000000004
526,-0.51,-14.858,-0.391,-7.293,-0.255,-23.545,16.252569027695284,6.141097131713391,17.49605389315243,1052.0,20,30.050390000000004
527,-0.391,-11.951,-0.153,-6.7490000000000006,0.459,-25.551,18.81195758022009,6.288517595597333,19.383604090238805,1054.0,20,30.050390000000004
528,-0.187,-13.175,0.221,-7.123,-0.5950000000000001,-21.505000000000003,14.405130336099012,4.831975120217535,16.060962638959758,1056.0,20,30.050390000000004
529,0.119,-10.013,-0.153,-6.987,-0.765,-19.635,12.662797795116212,5.925836843585417,14.064846997472076,1058.0,20,30.050390000000004
530,0.017,-7.004,-0.6970000000000001,-6.579000000000001,-0.8330000000000001,-19.023,12.444743147208786,7.087400463808057,13.785375454998146,1060.0,20,30.050390000000004
531,0.051,-2.7030000000000003,-0.289,-6.9190000000000005,-0.221,-17.153000000000002,10.234225911127815,7.753416050797867,10.666564175002698,1062.0,20,30.050390000000004
532,-0.153,3.1790000000000003,-0.8670000000000001,11.067,-0.459,1.955,9.121129754586326,7.757074029570596,10.217347272427348,1064.0,20,30.050390000000004
533,-0.017,8.823,-0.493,12.121,-0.6970000000000001,3.5530000000000004,8.570428227340802,2.5330439649761107,9.261184843306966,1066.0,20,30.050390000000004
534,-0.391,9.163,-0.799,15.793,-0.765,4.641,11.152051829147856,7.102553092725868,11.732256574092885,1068.0,20,30.050390000000004
535,-0.221,11.441,-0.391,18.819000000000003,-0.5950000000000001,2.737,16.08329381687719,5.855101194103083,16.49839891202277,1070.0,20,30.050390000000004
536,-0.153,13.583,0.221,20.247,-0.629,3.145,17.123110231497083,4.796334863003254,17.513871938117624,1072.0,20,30.050390000000004
537,-0.153,15.079,-0.153,20.927000000000003,-1.037,8.857000000000001,12.102328536277636,4.259747622088158,12.463238420445387,1074.0,20,30.050390000000004
538,-0.6970000000000001,13.311000000000002,-0.901,16.711000000000002,-0.8670000000000001,5.559,11.152051829147856,4.962374137310858,11.475853610993408,1076.0,20,30.050390000000004
539,-0.289,12.036,-0.969,16.677,-0.153,1.003,15.69522640805159,7.1630691847146215,16.071332464886726,1078.0,20,30.050390000000004
540,-0.187,15.385000000000002,-0.935,15.691,-0.323,1.275,14.428984718267602,8.83990709126556,14.709990303085457,1080.0,20,30.050390000000004
541,-0.765,23.341,-0.969,30.753000000000004,-1.0710000000000002,18.479000000000003,12.274423815397611,7.423452899278111,13.077016843814093,1082.0,20,30.050390000000004
542,-0.391,25.653,-0.561,34.969,-0.527,19.635,15.334037693966977,6.314174710856004,15.945655721345837,1084.0,20,30.050390000000004
543,-0.357,27.659,-0.799,38.369,-0.289,20.553,17.823298123523607,7.362369784197815,18.66074369786269,1086.0,20,30.050390000000004
544,-0.629,29.461,-1.105,39.049,-1.003,24.055000000000003,14.99434693476178,5.36895093242988,18.965721776790684,1088.0,20,30.050390000000004
545,-0.6970000000000001,33.813,-1.819,41.191,0.357,23.715000000000003,17.61094977563675,5.291465637394991,19.36203079950976,1090.0,20,30.050390000000004
546,-0.391,34.425000000000004,-2.9410000000000003,42.959,0.255,23.307,19.910186337651396,5.24747308165156,21.54274037515051,1092.0,20,30.050390000000004
547,-0.085,35.479,-1.513,44.727,-0.017,23.341,21.43826047047661,5.835828536570577,23.173610437976784,1094.0,20,30.050390000000004
548,-0.153,36.873000000000005,1.649,46.393,-0.085,21.845,24.609166178479107,6.8976561132299,26.873175381727613,1096.0,20,30.050390000000004
549,-0.119,37.893,3.0770000000000004,46.087,-0.085,21.777,24.51477807364366,7.558132819842758,29.37484569563479,1098.0,20,30.050390000000004
550,-0.255,39.627,2.4650000000000003,46.495000000000005,-0.221,31.399,15.33309531699324,4.8713094439297056,17.627540600092917,1100.0,20,30.050390000000004
551,-0.051,40.919,1.989,47.753,-0.357,30.719,17.194792002231374,5.2144668441565525,18.84477960374214,1102.0,20,30.050390000000004
552,0.085,39.661,-0.799,48.501000000000005,-1.139,30.787000000000003,17.717262655387827,5.901534028124164,20.15004004898004,1104.0,20,30.050390000000004
553,-0.255,39.729000000000006,-2.805,47.311,-1.207,30.855000000000004,16.53340678747124,6.437031552806393,21.46097758412061,1106.0,20,30.050390000000004
554,-0.459,40.375,-3.1790000000000003,46.86900000000001,-0.255,30.073,17.048618477753557,5.874086071775418,22.88929582564356,1108.0,20,30.050390000000004
555,-0.085,40.834,-2.1590000000000003,47.923,-0.493,24.191000000000003,23.79040520882316,6.961904954755954,29.038669464701016,1110.0,20,30.050390000000004
556,0.221,40.545,-1.683,48.297,0.289,26.197000000000003,22.187807102100017,6.1727630336611545,26.34619755200588,1112.0,20,30.050390000000004
557,0.017,42.619,-0.357,46.325,0.357,32.555,13.788498685498723,4.672870154892695,22.114555161906654,1114.0,20,30.050390000000004
558,-0.017,43.741,-2.805,46.529,-0.8330000000000001,37.111,9.622240279685393,3.797299084902814,13.570949516577931,1116.0,20,30.050390000000004
559,0.187,42.789,-3.893,45.509,0.289,35.207,11.118467880063331,4.4952347071779775,16.364674152831494,1118.0,20,30.050390000000004
560,-0.7310000000000001,44.115,-3.519,45.577000000000005,0.051,28.407000000000004,17.537211865059966,6.406380757072405,26.297132602700483,1120.0,20,30.050390000000004
561,-0.391,42.585,-2.601,47.039,-1.0710000000000002,32.691,14.429345238090328,4.699569003295671,17.44401257128587,1122.0,20,30.050390000000004
562,-0.493,42.721,-2.5330000000000004,46.801,-0.017,30.719,16.277622062205523,4.970111656541865,20.72794960225417,1124.0,20,30.050390000000004
563,-0.051,43.29900000000001,-3.4850000000000003,45.509,0.391,36.873000000000005,9.465932178079454,3.897213937179701,17.14737647206099,1126.0,20,30.050390000000004
564,-0.493,44.965,-3.2470000000000003,43.741,-0.459,36.023,8.206123810910972,3.884096089543149,21.542187480829924,1128.0,20,30.050390000000004
565,0.051,44.693000000000005,-3.145,42.177,0.391,37.859,5.5810769570039085,3.659637234469692,22.12785727716098,1130.0,20,30.050390000000004
566,-0.527,44.319,-3.791,45.679,0.221,38.063,8.608112452797071,4.161790137853062,27.05094351201051,1132.0,20,30.050390000000004
567,-0.357,42.891000000000005,-0.119,46.223000000000006,0.289,37.417,8.81544667047564,2.3732078853027625,12.624606920889413,1134.0,20,30.050390000000004
568,-0.289,43.605,2.397,45.101000000000006,0.357,36.193000000000005,9.13860295668873,3.086394680319174,21.768389561031825,1136.0,20,30.050390000000004
569,0.153,43.707,0.8330000000000001,47.957,0.391,33.133,14.830587985646424,4.157193439028248,24.28164032957141,1138.0,20,30.050390000000004
570,-0.323,44.591,-1.649,48.229000000000006,-1.173,33.405,14.831640232961425,4.535992718167117,24.09776305117812,1140.0,20,30.050390000000004
571,-0.153,42.347,-0.391,48.501000000000005,0.051,29.427000000000003,19.079120524804072,5.457112171764281,24.19636339011744,1142.0,20,30.050390000000004
572,-0.561,41.497,1.989,47.413,0.357,30.617,16.875101184881828,4.899618957857721,20.409678064776564,1144.0,20,30.050390000000004
573,-0.391,41.361,1.445,46.42700000000001,-0.663,27.659,18.886013025517062,6.23700667356006,25.79639074256501,1146.0,20,30.050390000000004
574,-0.901,42.653000000000006,3.2470000000000003,45.611,-0.153,29.495,16.47074545975379,5.674345197263148,26.962213418937925,1148.0,20,30.050390000000004
575,-0.493,44.183,3.2470000000000003,43.673,-0.7310000000000001,34.493,10.004843027254353,4.595550929745801,27.926523789119404,1150.0,20,30.050390000000004
576,-0.221,44.183,2.363,47.345000000000006,-0.221,35.819,11.812101083211235,4.15586151999981,22.12597021888473,1152.0,20,30.050390000000004
577,-0.323,43.231,-1.6150000000000002,47.54900000000001,0.391,37.349,10.395385322343758,3.078284454185298,23.72698042242886,1154.0,20,30.050390000000004
578,0.051,43.469,2.805,46.835,-1.207,40.273,7.691292999229714,2.8202921345321577,14.569437450811824,1156.0,20,30.050390000000004
579,-0.391,43.911,2.907,45.883,0.051,39.661,6.8461682713763325,2.9098200596105728,16.628064973248723,1158.0,20,30.050390000000004
580,0.391,44.319,-1.785,42.823,1.751,41.531000000000006,3.764646065701264,2.820258795383461,8.803912946075535,1160.0,20,30.050390000000004
581,1.411,44.489,-3.723,43.707,-2.7710000000000004,47.209,3.629091897431092,3.408729351431376,18.88492871890456,1162.0,20,30.050390000000004
582,0.7310000000000001,43.333000000000006,-3.859,43.741,-3.0090000000000003,46.937000000000005,3.307100845151233,3.313258266424347,18.48327769572848,1164.0,20,30.050390000000004
583,-0.493,42.755,0.425,36.567,-1.751,41.089000000000006,5.018312465361239,3.9013251747705215,24.07042082274544,1166.0,20,30.050390000000004
584,-0.221,40.749,0.323,33.201,0.187,43.945,10.744860725016403,4.907582561807956,25.635034437058746,1168.0,20,30.050390000000004
585,-0.221,36.227,0.289,28.169,-3.0770000000000004,46.733,18.86669160186809,5.6761786133776,21.298157088503444,1170.0,20,30.050390000000004
586,-0.051,32.793,0.289,24.599,-2.499,46.257000000000005,21.836710100195955,6.189305402390102,24.15295977007896,1172.0,20,30.050390000000004
587,-0.119,31.059,-0.085,20.995,-2.023,44.659000000000006,23.743225138973852,6.138148058564601,25.168256820074166,1174.0,20,30.050390000000004
588,-0.153,28.237,0.391,17.527,-0.085,40.613,23.090906695060724,5.983327584673463,24.44741875390213,1176.0,20,30.050390000000004
589,-0.391,26.027,-1.003,18.547,0.323,38.131,19.628839293244013,5.918938294472142,20.708729840852985,1178.0,20,30.050390000000004
590,-0.425,22.831000000000003,0.221,22.117,-0.119,36.669,14.555971420691924,6.943720469948237,15.54418233179399,1180.0,20,30.050390000000004
591,-0.527,21.998,-0.527,11.577,-0.289,32.079,20.503381379665164,5.790912613513837,23.36107070335817,1182.0,20,30.050390000000004
592,-0.153,19.635,0.085,21.607000000000003,-0.527,33.337,11.745954367355596,6.975968663783961,13.42396294642003,1184.0,20,30.050390000000004
593,-0.255,18.513,0.323,7.565,0.153,20.825000000000003,13.261089698814349,7.161200866056067,13.670816498922274,1186.0,20,30.050390000000004
594,-0.629,15.283,0.527,2.8390000000000004,0.085,20.485000000000003,17.651534777463404,7.201653209970586,18.617571658234056,1188.0,20,30.050390000000004
595,0.017,10.217,-0.527,2.431,-0.255,19.091,16.662220260217424,7.602016946768604,17.065485361888204,1190.0,20,30.050390000000004
596,-0.357,6.409000000000001,-0.5950000000000001,2.4650000000000003,-0.5950000000000001,17.153000000000002,14.688,5.647794177054785,15.278479501832464,1192.0,20,30.050390000000004
597,-0.255,3.451,-0.187,-0.119,-1.037,13.243,13.38900832772913,6.275241468866692,13.850177214768127,1194.0,20,30.050390000000004
598,-0.221,3.723,-0.221,0.289,-0.765,10.659,10.384259049157048,5.545067162743404,12.17064934767253,1196.0,20,30.050390000000004
599,-0.357,0.425,0.051,-1.411,-0.901,6.681,8.147807557864876,7.741316390635471,8.514337046748464,1198.0,20,30.050390000000004
600,0.085,-5.355,0.085,-1.989,0.153,9.945,11.93419373062127,8.256019548085433,13.937204665148814,1200.0,20,30.050390000000004
601,-0.255,-7.701,0.085,-1.921,-0.901,6.953,8.928609746203493,7.280505193599687,9.308383588293085,1202.0,20,30.050390000000004
602,-0.323,-10.149,0.221,-15.589,-0.017,-7.089,8.50333134718388,7.65366760984847,9.113474035920389,1204.0,20,30.050390000000004
603,-0.187,-10.319,0.663,-17.357000000000003,-0.425,-6.681,10.73129628702889,7.251352024147792,11.41877992554596,1206.0,20,30.050390000000004
604,-0.391,-10.931,-0.527,-18.547,-0.357,-6.885000000000001,11.663239001238036,7.552228143182997,12.073117910373398,1208.0,20,30.050390000000004
605,-0.459,-12.733,-0.425,-19.363000000000003,-0.663,-6.545000000000001,12.820209358664936,6.2482237363120845,13.266219550655537,1210.0,20,30.050390000000004
606,-0.5950000000000001,-14.433000000000002,-0.663,-22.899,-0.629,-6.545000000000001,16.354035342997154,6.988958342508711,17.190195933390456,1212.0,20,30.050390000000004
607,-0.255,-18.071,-0.459,-26.469,0.561,-7.871,18.625949747596763,5.250249066368887,19.721786791142023,1214.0,20,30.050390000000004
608,0.187,-19.091,-0.561,-27.421000000000003,-0.391,-6.851000000000001,20.570702467344184,6.519445689937132,22.32982282935526,1216.0,20,30.050390000000004
609,-0.221,-18.547,-0.663,-24.123,-0.6970000000000001,-6.783,17.340033333301296,5.558187167912929,21.036680273715096,1218.0,20,30.050390000000004
610,-0.085,-18.309,0.663,-25.347,-0.799,-10.217,15.200471834781974,4.768137176431711,17.63108789989476,1220.0,20,30.050390000000004
611,-0.357,-19.652,0.7310000000000001,-25.721,0.5950000000000001,-11.271,14.450639985827618,4.126216631885042,15.220935396586963,1222.0,20,30.050390000000004
612,-0.289,-22.015,0.663,-29.189000000000004,-0.527,-8.823,20.40073665336622,7.003160214761891,21.397135619457643,1224.0,20,30.050390000000004
613,0.391,-25.721,0.6970000000000001,-33.949000000000005,-0.629,-14.263000000000002,19.73060749191469,5.381338944823236,20.794377480410105,1226.0,20,30.050390000000004
614,0.221,-27.047,0.085,-35.479,0.629,-16.711000000000002,18.775882402699484,5.309924008007241,20.61779026789228,1228.0,20,30.050390000000004
615,0.357,-29.971000000000004,-0.221,-40.171,0.629,-16.847,23.33948319907705,6.947629259294756,26.19944557050801,1230.0,20,30.050390000000004
616,-0.221,-33.235,-0.799,-40.919,0.5950000000000001,-16.915000000000003,24.044443266584487,8.235466942202073,30.334749041866782,1232.0,20,30.050390000000004
617,-0.085,-35.139,-2.737,-45.407,0.527,-25.517000000000003,20.15603621747093,5.840332188974903,21.794041801939443,1234.0,20,30.050390000000004
618,-0.051,-36.091,-2.669,-45.407,-0.799,-27.183000000000003,18.319690936257636,5.7557426344602405,21.119907003817083,1236.0,20,30.050390000000004
619,-0.119,-37.451,-1.819,-45.849,0.629,-26.673,19.331623832466843,5.735820048205033,20.50532652054951,1238.0,20,30.050390000000004
620,-0.425,-37.995000000000005,-0.391,-47.923,-0.629,-26.571,21.35332639192311,6.158724651370417,21.84227266919574,1240.0,20,30.050390000000004
621,-0.289,-38.267,-3.043,-43.775000000000006,-0.663,-26.775,17.1657915634555,5.788921698126796,21.465048789357983,1242.0,20,30.050390000000004
622,-0.051,-37.723000000000006,-0.663,-47.685,-0.6970000000000001,-26.333,21.35202707004653,6.272126917641728,22.08606455841293,1244.0,20,30.050390000000004
623,-0.051,-37.961000000000006,0.6970000000000001,-47.821000000000005,-0.7310000000000001,-26.673,21.196157387602124,6.343400558193509,22.247357566314136,1246.0,20,30.050390000000004
624,0.119,-37.553,-2.9410000000000003,-43.537000000000006,-0.051,-28.441000000000003,15.37014365580231,5.384354692636498,20.01035761411717,1248.0,20,30.050390000000004
625,0.017,-38.369,-2.023,-47.413,-0.119,-28.917,18.59374174285531,5.5365959960192255,20.811326376259217,1250.0,20,30.050390000000004
626,-0.255,-38.811,-0.187,-47.753,0.085,-26.809,20.94576615929816,6.59044276357656,22.671760967576635,1252.0,20,30.050390000000004
627,-0.323,-38.845000000000006,-1.241,-47.821000000000005,0.255,-30.107000000000003,17.777058586841637,5.68977676924117,19.08177960435064,1254.0,20,30.050390000000004
628,-0.493,-39.661,-1.207,-46.189,0.765,-30.345,15.966249403037647,5.232823278687157,18.57692838936287,1256.0,20,30.050390000000004
629,-0.051,-39.729000000000006,-1.105,-46.257000000000005,0.221,-38.403000000000006,7.965148586184692,3.3418541532261097,13.420068280215302,1258.0,20,30.050390000000004
630,0.221,-39.151,3.213,-46.733,-0.901,-41.021,7.039313887020525,3.260635829127723,8.212348316395104,1260.0,20,30.050390000000004
631,0.8670000000000001,-40.205000000000005,1.377,-47.073,1.785,-45.407,1.715231762765604,4.139695729526566,28.42597245191987,1262.0,20,30.050390000000004
632,0.357,-39.627,-1.241,-48.127,-0.051,-34.765,13.414885165367613,4.515421209964588,17.015892859634597,1264.0,20,30.050390000000004
633,0.289,-40.001000000000005,2.9410000000000003,-46.359,0.8330000000000001,-33.711000000000006,12.822463413868649,4.379883774161471,15.49699809290236,1266.0,20,30.050390000000004
634,-0.221,-40.477,3.621,-46.155,0.8330000000000001,-33.609,12.852044973466285,4.18444171700585,17.951265385089656,1268.0,20,30.050390000000004
635,0.153,-39.967000000000006,2.397,-47.651,0.629,-33.201,14.55775820653716,4.606533195032111,17.210687449004116,1270.0,20,30.050390000000004
636,0.221,-38.913,1.955,-42.177,0.629,-34.391000000000005,7.898105595647604,2.664174826194443,11.148155296512268,1272.0,20,30.050390000000004
637,0.459,-36.635000000000005,1.003,-41.633,0.6970000000000001,-31.773000000000003,9.864747133099764,2.836590877663045,10.294922878682474,1274.0,20,30.050390000000004
638,0.255,-37.179,-0.799,-46.801,0.629,-32.079,14.791094212396864,3.4916339995790877,16.24520383006621,1276.0,20,30.050390000000004
639,0.323,-38.675,0.765,-44.387,2.737,-42.585,2.67132701105649,3.069734980699338,12.030619402449808,1278.0,20,30.050390000000004
640,0.527,-39.491,0.629,-40.613,0.799,-46.665000000000006,6.054387169648139,3.546188038297261,14.8097205483794,1280.0,20,30.050390000000004
641,0.561,-41.089000000000006,-0.527,-36.669,-2.7710000000000004,-46.461000000000006,10.045834957832026,3.987630727036096,17.52723093461995,1282.0,20,30.050390000000004
642,0.289,-41.73500000000001,0.425,-36.669,-2.193,-46.189,9.873415012041177,2.918106938241589,13.788492936360688,1284.0,20,30.050390000000004
643,-0.663,-42.585,0.7310000000000001,-35.173,1.377,-47.99100000000001,12.834268191057877,4.492416848678362,19.704990319790543,1286.0,20,30.050390000000004
644,0.391,-43.741,0.935,-35.581,1.887,-47.685,12.141380481642113,3.704656792746927,19.61367470497377,1288.0,20,30.050390000000004
645,-0.323,-43.690000000000005,-0.187,-35.581,1.955,-47.753,12.359035075603597,3.9589113971058727,20.459800798053973,1290.0,20,30.050390000000004
646,0.119,-45.611,-1.3090000000000002,-44.795,1.377,-44.523,2.699737024230324,5.276133294159073,6.818145994649305,1292.0,20,30.050390000000004
647,0.289,-44.353,-2.669,-46.121,-1.173,-43.401,3.104257721259625,3.4284003560477467,11.59620054293769,1294.0,20,30.050390000000004
648,0.119,-43.469,-2.2950000000000004,-41.769000000000005,0.187,-33.065000000000005,9.050963484624164,4.005218886833506,11.050580204432412,1296.0,20,30.050390000000004
649,0.425,-42.857000000000006,-2.907,-42.857000000000006,0.6970000000000001,-36.839000000000006,7.014637553003007,2.882798143778608,8.066765868401621,1298.0,20,30.050390000000004
650,1.105,-45.305,-3.3830000000000005,-43.605,-1.6150000000000002,-46.121,3.075073982849844,3.040760951836205,18.964950870626996,1300.0,20,30.050390000000004
651,-0.289,-43.775000000000006,-2.7710000000000004,-46.495000000000005,-1.921,-47.311,1.1782851946791153,3.305838377939659,19.80799072765897,1302.0,20,30.050390000000004
652,0.8670000000000001,-44.183,-3.043,-42.755,-2.261,-46.971,4.287910913253679,3.251605704847877,20.95496834347461,1304.0,20,30.050390000000004
653,0.799,-44.149,-1.5470000000000002,-41.327000000000005,-0.459,-42.755,1.7952515144123955,2.753079373694637,17.305969733976816,1306.0,20,30.050390000000004
654,-0.187,-44.659000000000006,-2.669,-44.217000000000006,0.017,-38.607,6.219863020999739,3.208408265432167,22.07466940168637,1308.0,20,30.050390000000004
655,0.8330000000000001,-41.327000000000005,1.377,-44.897000000000006,0.7310000000000001,-32.725,12.18913040376548,3.633665769788667,12.942182150840388,1310.0,20,30.050390000000004
656,0.561,-38.947,0.663,-45.815000000000005,0.527,-26.605,19.21048140989705,5.653935928718745,29.070415652045057,1312.0,20,30.050390000000004
657,0.323,-35.139,,,,,19.21048140989705,6.473077388002943,,1314.0,20,30.050390000000004
658,0.187,-32.283,2.023,-45.611,0.289,-23.069000000000003,22.608593941242788,6.238968321869864,23.65438755484332,1316.0,20,30.050390000000004
659,0.119,-30.345,3.213,-45.849,0.289,-17.051000000000002,28.946063290195443,8.08188140309171,31.548681331625357,1318.0,20,30.050390000000004
660,0.119,-26.129,-0.527,-39.695,0.629,-14.399,25.32240020219253,7.402383229699732,27.45834174717686,1320.0,20,30.050390000000004
661,-0.051,-21.981,0.289,-36.873000000000005,0.221,-12.563,24.310095104709077,7.18046995042578,26.6543204201218,1322.0,20,30.050390000000004
662,-0.085,-18.989,0.493,-30.549000000000003,0.051,-9.367,21.186611055097984,6.068269993393471,22.555730350130798,1324.0,20,30.050390000000004
663,-0.289,-16.949,0.255,-31.603,0.459,-12.121,19.4830680335516,6.155273173805514,24.608559788216237,1326.0,20,30.050390000000004
664,-0.459,-17.051000000000002,-0.6970000000000001,-27.965000000000003,-0.391,-12.427,15.541012837006477,4.774671990776604,15.853761133268293,1328.0,20,30.050390000000004
665,-0.289,-19.295,-0.085,-31.705,0.561,-10.387,21.327785632831176,6.081081817022512,21.93308011072533,1330.0,20,30.050390000000004
666,0.119,-18.207,-0.153,-24.939,0.357,-9.299,15.648313008116885,4.281358864606414,16.20103430057976,1332.0,20,30.050390000000004
667,-0.221,-15.98,-0.153,-24.497000000000003,-0.391,-6.817,17.68160185051117,5.859985804316058,18.536436304704967,1334.0,20,30.050390000000004
668,-0.085,-15.249,-0.459,-22.219,0.391,-8.279,13.965890591007794,4.563363467656439,15.54362355057817,1336.0,20,30.050390000000004
669,0.085,-15.351,0.561,-19.975,-0.323,-6.987,13.01804900897212,6.386393502202263,16.67186794079316,1338.0,20,30.050390000000004
670,-0.017,-11.849,-0.5950000000000001,-23.375,0.017,-7.191000000000001,16.195567294787793,7.084963419741944,16.778519621264046,1340.0,20,30.050390000000004
671,-0.493,-11.645,-0.425,-21.131,-0.357,-6.817,14.314161519278732,7.00889144185003,15.54482967353021,1342.0,20,30.050390000000004
672,-0.323,-7.191000000000001,-0.8330000000000001,-17.051000000000002,-0.289,-6.851000000000001,10.214496365460215,6.887121528118263,13.209576723214598,1344.0,20,30.050390000000004
673,-0.221,0.8670000000000001,0.561,-16.201,-0.663,-6.511,9.766999334493685,7.622081376779092,10.106725901980257,1346.0,20,30.050390000000004
674,0.017,3.4170000000000003,0.051,-1.207,-0.935,13.039,14.280080952151495,8.578088014925763,15.224779071344653,1348.0,20,30.050390000000004
675,-0.289,7.361000000000001,-0.799,5.117,-0.935,13.413,8.297114679212287,6.9415513253557215,9.06249530090971,1350.0,20,30.050390000000004
676,-0.255,9.605,-0.8670000000000001,5.763000000000001,-0.765,15.725,9.96252217061523,5.972287256102869,10.512669731129186,1352.0,20,30.050390000000004
677,-0.221,10.523,-0.6970000000000001,3.893,-0.425,18.581000000000003,14.690518302633166,5.374786915612305,15.054123396255475,1354.0,20,30.050390000000004
678,-0.5950000000000001,14.297,-0.527,3.3830000000000005,-0.527,20.825000000000003,17.442,5.425167793455914,17.8731999538304,1356.0,20,30.050390000000004
679,-0.459,14.501,0.119,5.151000000000001,-1.105,21.811,16.704902753383514,4.993578794253906,17.80481016150055,1358.0,20,30.050390000000004
680,-0.391,15.113,-0.901,7.361000000000001,-0.8670000000000001,16.609,9.248062499788809,6.019731003689035,9.992186951031243,1360.0,20,30.050390000000004
681,-0.153,21.369,-0.901,18.445,-1.207,31.671000000000003,13.229539372177705,7.082344580784486,14.015540373057028,1362.0,20,30.050390000000004
682,-0.6970000000000001,23.086,-0.6970000000000001,19.499,-0.629,31.705,12.206189413572115,6.07139277373183,12.482511430668968,1364.0,20,30.050390000000004
683,-0.357,26.571,0.085,21.777,0.221,33.541000000000004,11.764786100902985,5.997373878220586,12.87808024769036,1366.0,20,30.050390000000004
684,-0.629,28.645000000000003,0.323,22.185,0.187,39.117,16.932546175929954,5.832330676250955,18.09773034358988,1368.0,20,30.050390000000004
685,-0.323,31.263,-0.493,20.179,0.459,40.715,20.558054382650123,6.294285364178479,21.736883317317968,1370.0,20,30.050390000000004
686,-0.153,35.819,-0.561,20.587,1.853,42.007000000000005,21.555597788045684,6.792586766007957,25.010223164602845,1372.0,20,30.050390000000004
687,-0.085,38.675,0.391,28.271,2.5330000000000004,46.053,17.910546836989653,5.934514634042117,21.69222921677279,1374.0,20,30.050390000000004
688,-0.017,38.845000000000006,0.357,27.251,-1.921,48.093,20.966121434352136,7.023296861853172,27.22846276997893,1376.0,20,30.050390000000004
689,-0.051,40.409000000000006,-0.187,25.993,-2.431,47.753,21.8754002477669,6.98653639697838,28.308407842034267,1378.0,20,30.050390000000004
690,-0.085,40.613,-0.561,27.387,-2.9410000000000003,47.209,19.96437036322458,7.140219014539784,24.974254693788755,1380.0,20,30.050390000000004
691,-0.425,40.341,,,,,19.96437036322458,6.120621910039581,,1382.0,20,30.050390000000004
692,-0.221,40.443000000000005,-0.561,30.005000000000003,-3.349,45.747,15.986979326939784,5.174220998736332,22.00145720867669,1384.0,20,30.050390000000004
693,-0.357,41.531000000000006,-0.493,32.385000000000005,-3.927000000000001,46.019000000000005,14.059811947533296,3.870795285382411,19.24423269366679,1386.0,20,30.050390000000004
694,-1.037,42.211000000000006,-0.969,34.901,-1.479,48.297,13.405704606621766,3.785449975854218,19.28686156924836,1388.0,20,30.050390000000004
695,-0.663,41.973000000000006,0.391,29.121,1.139,47.957,18.850846134855598,5.404560369678424,25.698972681075148,1390.0,20,30.050390000000004
696,-0.935,40.817,0.425,26.945,-0.323,47.923,20.99133125840284,5.888096259957489,24.015553706112687,1392.0,20,30.050390000000004
697,-0.765,41.429,0.187,29.563,-0.8670000000000001,47.54900000000001,18.01685632955983,5.565245416542441,21.25765707476831,1394.0,20,30.050390000000004
698,-0.901,41.769000000000005,0.289,30.583,3.0090000000000003,46.563,16.209836519841897,5.626628169114663,25.88336590334705,1396.0,20,30.050390000000004
699,-0.935,42.823,,,,,16.209836519841897,5.40735672454784,,1398.0,20,30.050390000000004
700,-0.459,43.129000000000005,-1.275,34.425000000000004,0.459,48.399,14.081172962505647,4.426173620485862,22.503511495713703,1400.0,20,30.050390000000004
701,-0.527,43.401,-1.241,34.459,-1.921,48.025000000000006,13.583031914856123,5.352933035879117,21.63788878887263,1402.0,20,30.050390000000004
702,-0.119,41.242,-1.105,33.813,-1.139,44.217000000000006,10.40405555540723,3.832478943123184,18.59325910028701,1404.0,20,30.050390000000004
703,-0.459,40.477,-0.187,33.473,1.649,42.143,8.86226810698029,4.014835112790051,18.320201388462728,1406.0,20,30.050390000000004
704,-0.561,39.083000000000006,-0.255,31.773000000000003,0.357,37.655,5.913752446628114,3.1521555067830325,10.163949866165533,1408.0,20,30.050390000000004
705,-0.8670000000000001,40.647000000000006,-0.629,32.895,-2.091,45.373000000000005,12.563356557863033,3.467226051873286,16.803613084141624,1410.0,20,30.050390000000004
706,0.119,43.435,0.017,36.907,-3.4850000000000003,45.373000000000005,9.161722545460544,4.149107555756398,16.863910042522566,1412.0,20,30.050390000000004
707,-0.425,43.775000000000006,-0.8330000000000001,37.587,-3.723,43.197,6.310641805712,3.835290388278049,17.659367337090018,1414.0,20,30.050390000000004
708,0.119,43.163,,,,,6.310641805712,3.0799774566117986,,1416.0,20,30.050390000000004
709,0.935,42.619,-0.765,37.111,-3.961,43.979000000000006,7.575212208248691,2.986380190954392,22.75167955535261,1418.0,20,30.050390000000004
710,0.561,42.109,0.425,38.301,-3.757,45.407,8.245262882407086,2.6616813970984348,10.665220229571108,1420.0,20,30.050390000000004
711,-1.3090000000000002,42.653000000000006,3.0770000000000004,43.401,-1.785,46.699000000000005,5.87501897869275,3.102107568432049,14.25305676654693,1422.0,20,30.050390000000004
712,-0.255,44.149,1.5810000000000002,47.957,0.425,39.525000000000006,8.510873045698661,2.9804046113194844,14.69902672396418,1424.0,20,30.050390000000004
713,0.085,44.761,3.4170000000000003,45.407,0.663,48.263000000000005,3.967524669110453,3.070834862944351,4.8118314152861394,1426.0,20,30.050390000000004
714,0.425,45.883,,,,,3.967524669110453,2.426379112479618,,1428.0,20,30.050390000000004
715,0.425,44.761,-1.139,36.907,1.411,45.305,8.776611191114712,3.387527722366788,26.49302128703316,1430.0,20,30.050390000000004
716,-0.8670000000000001,43.265,-0.391,33.813,-0.969,42.279,8.485707984605646,4.730432706858107,26.633530325855286,1432.0,20,30.050390000000004
717,-0.323,41.225,-0.221,31.671000000000003,-0.357,43.163,11.49280470555382,4.858393149849456,27.19457171336179,1434.0,20,30.050390000000004
718,-0.527,37.621,0.289,25.891,2.4650000000000003,43.401,17.644689739408854,5.915095611932866,28.503107088221,1436.0,20,30.050390000000004
719,-0.561,34.595000000000006,0.221,23.171000000000003,-1.377,44.387,21.276095976470877,6.107259156391385,25.500720964658875,1438.0,20,30.050390000000004
720,-0.289,32.691,0.085,21.913,-2.499,45.815000000000005,24.04126993317949,7.704079354491285,29.297711140318945,1440.0,20,30.050390000000004
721,-0.527,30.039,-0.391,20.621,1.5470000000000002,45.271,24.726066084195445,7.084592421236541,27.120123854046355,1442.0,20,30.050390000000004
722,-0.153,27.625000000000004,0.425,16.915000000000003,-0.561,42.993,26.096633499361563,7.607078227147999,27.15516124576988,1444.0,20,30.050390000000004
723,-0.255,25.823,-0.8670000000000001,18.343,-1.0710000000000002,37.791,19.44906990064049,6.181390615926979,20.60041354658082,1446.0,20,30.050390000000004
724,-0.323,22.321,0.289,9.537,0.085,20.825000000000003,11.289843223003588,6.431875408544027,12.056601177721276,1448.0,20,30.050390000000004
725,-0.221,17.901,0.493,7.599,0.221,20.825000000000003,13.228796619496425,6.584075618670121,14.439114000968212,1450.0,20,30.050390000000004
726,-0.051,14.875000000000002,0.493,4.369000000000001,0.017,20.213,15.851148601915256,7.494331742334743,16.80121421012259,1452.0,20,30.050390000000004
727,0.119,13.583,0.561,7.293,-0.017,20.111,12.831025212351506,6.487121826816543,15.425374286308598,1454.0,20,30.050390000000004
728,-0.561,13.158,-0.119,5.559,-0.6970000000000001,17.357000000000003,11.812150015979311,6.204202847051267,12.727763562018412,1456.0,20,30.050390000000004
729,-0.153,11.917000000000002,-0.6970000000000001,3.723,-0.459,18.377,14.655932587181209,7.577499368339993,15.074159760943733,1458.0,20,30.050390000000004
730,-0.051,9.979,-0.493,2.329,-0.5950000000000001,18.003,15.674331883688058,7.300467606325933,16.15133349208951,1460.0,20,30.050390000000004
731,0.017,6.9190000000000005,-0.357,1.5810000000000002,-0.629,16.881,15.302417586773666,6.195239300267707,15.7162319729198,1462.0,20,30.050390000000004
732,0.051,2.7710000000000004,0.051,-1.717,-0.391,14.569,16.291996808249134,6.258417717688229,17.42756160999873,1464.0,20,30.050390000000004
733,-0.119,-0.187,0.085,-1.513,-0.935,13.311000000000002,14.859050306126566,8.314433586581728,15.567133656335416,1466.0,20,30.050390000000004
734,0.187,-8.619,0.561,-16.779,0.187,-7.497000000000001,9.289531742773692,8.457067123504707,9.83058857645374,1468.0,20,30.050390000000004
735,-0.119,-9.435,-0.255,-15.691,-0.255,-7.055000000000001,8.636000000000001,6.367374687770293,9.010480389878312,1470.0,20,30.050390000000004
736,-0.289,-11.203,0.629,-18.581000000000003,-0.119,-7.021000000000001,11.584174722439233,5.222089755007635,12.005219164463892,1472.0,20,30.050390000000004
737,0.119,-11.271,0.153,-20.417,-0.799,-6.205,14.243849479687718,5.912295927802335,14.648599016334025,1474.0,20,30.050390000000004
738,-0.493,-19.635,-0.629,-28.203000000000003,-0.459,-6.681,21.522671395530807,6.726916054731178,22.73497795089718,1476.0,20,30.050390000000004
739,-0.425,-21.386000000000003,-0.6970000000000001,-30.991000000000003,-0.8330000000000001,-6.341,24.65037516955878,7.099970360894236,25.649535015583112,1478.0,20,30.050390000000004
740,-0.119,-25.109,-0.629,-35.003,0.187,-11.815,23.20235332891903,5.9914228398293305,24.01808651727261,1480.0,20,30.050390000000004
741,0.153,-28.713,-0.221,-39.185,-0.221,-17.119,22.066000000000003,6.078722212460753,22.70311759950554,1482.0,20,30.050390000000004
742,0.119,-32.725,-2.057,-41.837,-0.765,-22.525,19.35517005866908,5.937947430911513,23.043753588251477,1484.0,20,30.050390000000004
743,-0.221,-34.051,-2.9410000000000003,-43.29900000000001,-0.7310000000000001,-17.629,25.764956821232985,7.712054003080844,28.63949794076962,1486.0,20,30.050390000000004
744,-0.391,-37.213,-3.213,-43.605,0.493,-23.613000000000003,20.33259698120238,6.624879891698649,24.3139960950523,1488.0,20,30.050390000000004
745,-0.289,-37.009,-2.975,-45.203,-0.765,-21.539,23.76697279840241,6.893097570711302,26.077260095153303,1490.0,20,30.050390000000004
746,-0.187,-37.893,-2.907,-46.325,0.187,-22.015,24.50609997531227,7.155353401782253,26.821680764142005,1492.0,20,30.050390000000004
747,-0.187,-37.621,-3.145,-46.019000000000005,-0.7310000000000001,-21.539,24.598735658565868,6.99054671529598,26.72732375124257,1494.0,20,30.050390000000004
748,-0.493,-39.015,2.329,-47.685,-0.5950000000000001,-20.723000000000003,27.1200888641612,8.309578524686634,33.04246249023751,1496.0,20,30.050390000000004
749,-0.221,-39.287000000000006,0.6970000000000001,-44.829,-0.5950000000000001,-30.277,14.609242553945087,5.35068830149483,18.40692395215606,1498.0,20,30.050390000000004
750,-0.493,-39.474,0.8330000000000001,-47.481,-0.017,-24.701,22.795852692979047,6.963003958815451,24.9639447860924,1500.0,20,30.050390000000004
751,-0.221,-39.151,-1.683,-47.753,0.187,-26.095,21.73858008242489,6.819491586634343,26.07824185859703,1502.0,20,30.050390000000004
752,0.255,-40.341,-2.975,-45.509,0.085,-29.937,15.869807308218965,6.4770010977400485,27.669142706305006,1504.0,20,30.050390000000004
753,0.391,-42.857000000000006,,,,,15.869807308218965,4.182352429634264,,1506.0,20,30.050390000000004
754,0.187,-42.517,-3.3150000000000004,-44.625,-0.527,-35.003,10.017775601399745,4.910069542429929,19.10638694805224,1508.0,20,30.050390000000004
755,0.357,-42.143,-2.261,-47.243,-0.153,-31.161,16.21956805836703,4.663606449381269,22.462033381580497,1510.0,20,30.050390000000004
756,0.255,-44.013000000000005,-3.4170000000000003,-44.115,-0.663,-36.091,8.4834599073727,4.622687840444315,25.291627522846237,1512.0,20,30.050390000000004
757,0.425,-44.319,-2.601,-42.823,1.955,-41.429,4.764490738788355,4.531060086323753,16.9863001723964,1514.0,20,30.050390000000004
758,0.7310000000000001,-42.109,1.003,-39.355,2.431,-45.373000000000005,6.185103717804577,2.753668709217956,13.97782048161882,1516.0,20,30.050390000000004
759,-0.187,-42.381,0.765,-40.137,-1.5810000000000002,-46.699000000000005,6.968755986544514,3.1488307242026057,24.1976412317759,1518.0,20,30.050390000000004
760,-0.085,-43.469,2.669,-41.633,1.0710000000000002,-48.161,6.720743113674262,3.0398527313205013,20.25900125067722,1520.0,20,30.050390000000004
761,-1.003,-43.843,1.921,-42.993,-1.819,-47.141000000000005,5.585114501959651,2.9774073471416425,12.903795846656145,1522.0,20,30.050390000000004
762,-1.207,-43.741,-1.0710000000000002,-45.135000000000005,4.063000000000001,-45.033,5.13501314506594,3.138370874446192,9.429346218218493,1524.0,20,30.050390000000004
763,-1.241,-43.673,-1.207,-47.753,1.105,-41.395,6.765316548395944,2.99642189920665,9.876562017776012,1526.0,20,30.050390000000004
764,-0.289,-43.367,1.377,-46.801,3.689,-42.925,4.5131718336442725,2.735493236668284,14.645025214671303,1528.0,20,30.050390000000004
765,0.153,-43.537000000000006,1.445,-47.515,2.4650000000000003,-42.143,5.467978054089098,2.943945119018305,17.283101400506574,1530.0,20,30.050390000000004
766,-0.323,-44.081,0.5950000000000001,-47.957,0.765,-38.675,9.283556646027426,3.606828644047986,18.653786561852677,1532.0,20,30.050390000000004
767,-0.289,-42.823,1.513,-47.821000000000005,3.519,-42.925,5.291016159491484,3.400715220468613,19.540615428613226,1534.0,20,30.050390000000004
768,0.561,-43.503,1.6150000000000002,-47.787000000000006,2.125,-41.361,6.446206326204584,3.0737284901106463,18.95648160863469,1536.0,20,30.050390000000004
769,0.323,-44.523,3.111,-46.631,-0.017,-34.799,12.238488795598908,3.94719680075818,22.558182349415365,1538.0,20,30.050390000000004
770,0.119,-41.837,2.125,-46.257000000000005,-0.663,-31.671000000000003,14.850061952732723,5.709473802309747,26.206730247399804,1540.0,20,30.050390000000004
771,0.391,-39.423,1.989,-45.543000000000006,-0.493,-30.073,15.667840438299084,5.3347884280683004,24.655501875905607,1542.0,20,30.050390000000004
772,0.289,-37.655,-2.261,-45.577000000000005,-0.6970000000000001,-27.013,18.62976628946268,5.661610023414491,25.26585688133389,1544.0,20,30.050390000000004
773,0.017,-35.853,2.7710000000000004,-46.223000000000006,-0.765,-23.375,23.12,6.48842002415181,27.42590905502734,1546.0,20,30.050390000000004
774,0.289,-31.909,0.119,-43.911,-0.765,-21.233,22.695222845347875,6.807972512382,25.32302977961533,1548.0,20,30.050390000000004
775,0.187,-29.121,-0.187,-42.007000000000005,-0.799,-22.219,19.79746165547493,6.633126200954794,26.384830831222224,1550.0,20,30.050390000000004
776,-0.153,-32.113,2.261,-41.429,-0.323,-21.811,19.78744500939927,5.753362975886343,23.83391979609376,1552.0,20,30.050390000000004
777,-0.119,-27.353,0.8670000000000001,-38.131,-0.8670000000000001,-15.691,22.506895743304987,6.137431550532599,25.076585241778943,1554.0,20,30.050390000000004
778,0.255,-23.018,-0.5950000000000001,-33.983000000000004,-0.935,-12.257,21.72866024401873,6.39924597780149,24.09160831017445,1556.0,20,30.050390000000004
779,0.085,-19.057,,,,,21.72866024401873,7.2233351725074,,1558.0,20,30.050390000000004
780,-0.459,-15.827000000000002,,,,,21.72866024401873,6.846971247608229,,1560.0,20,30.050390000000004
781,-0.425,-14.603000000000002,0.629,-25.279000000000003,0.187,-7.395,17.889461143365946,6.253949257635507,18.73863100957517,1562.0,20,30.050390000000004
782,-0.323,-11.917000000000002,-0.629,-22.933000000000003,-0.425,-6.817,16.117291087524602,7.040403049800817,17.71073516304581,1564.0,20,30.050390000000004
783,-0.391,-6.953,-0.663,-20.349,-0.765,-6.375000000000001,13.974372257815377,7.163849431344801,15.999340738802855,1566.0,20,30.050390000000004
784,-0.221,-4.539000000000001,0.5950000000000001,-18.343,-0.663,-6.477,11.932498481039085,7.6244173428981,13.165308607146368,1568.0,20,30.050390000000004
785,-0.255,4.879,-0.425,1.683,-0.901,14.025,12.351175652544176,6.389627693757644,12.779582620823073,1570.0,20,30.050390000000004
786,-0.561,9.231,-0.7310000000000001,4.845000000000001,-0.8330000000000001,16.065,11.22046362678477,8.520638995983369,12.294414954779098,1572.0,20,30.050390000000004
787,-0.017,11.713,-0.935,7.259,-0.153,19.193,11.95959363858154,5.98408405128542,12.39808845381194,1574.0,20,30.050390000000004
788,-0.255,14.671,-0.8330000000000001,5.4910000000000005,0.187,20.689,15.232189730961206,5.490046249360138,15.643284448508242,1576.0,20,30.050390000000004
789,-0.425,15.334,-0.765,5.423,-0.765,16.915000000000003,11.492,7.585815541719275,12.00748312435824,1578.0,20,30.050390000000004
790,-0.561,21.437,-0.6970000000000001,19.329,-1.139,30.311000000000003,10.990891137664862,7.841178896577332,12.056391336044925,1580.0,20,30.050390000000004
791,-0.7310000000000001,24.905,-0.901,18.717,-1.139,33.711000000000006,14.995888769926244,7.70872822575154,15.851978529636538,1582.0,20,30.050390000000004
792,-0.6970000000000001,26.911,-1.037,18.241,-1.207,34.221000000000004,15.98090422973619,7.220144714447087,17.27411234324557,1584.0,20,30.050390000000004
793,-0.561,30.515,-0.391,20.485000000000003,-1.037,38.369,17.89566349705984,4.8132832807191885,18.895557183562136,1586.0,20,30.050390000000004
794,-0.289,34.017,-0.357,20.791,-2.975,41.939,21.30943049450173,5.767299426220378,23.39251185036259,1588.0,20,30.050390000000004
795,-0.357,35.207,-0.5950000000000001,20.179,-2.8390000000000004,43.809000000000005,23.736310496789518,6.704376087791939,24.798915991534876,1590.0,20,30.050390000000004
796,-0.425,33.881,-0.085,22.253,1.479,42.347,20.154774421957693,5.578281339148283,23.28467526776937,1592.0,20,30.050390000000004
797,-0.085,37.111,-1.105,24.361,2.499,47.005,22.929011143091195,6.098142221373249,24.556772758852706,1594.0,20,30.050390000000004
798,0.017,38.369,0.017,26.027,-0.187,47.821000000000005,21.79495473727808,7.174806889527104,23.00099832093286,1596.0,20,30.050390000000004
799,-0.119,38.947,-0.901,28.407000000000004,2.091,47.005,18.837135344844768,5.352244973341799,21.85816810362351,1598.0,20,30.050390000000004
800,-0.085,39.899,-1.105,28.203000000000003,2.125,47.311,19.37907541654142,5.806194534237753,22.299153468590493,1600.0,20,30.050390000000004
801,-0.323,40.783,-0.901,31.161,2.2270000000000003,46.937000000000005,16.08311412631273,5.473890936491276,22.152086239523605,1602.0,20,30.050390000000004
802,-0.323,40.171,0.357,29.563,-3.1790000000000003,46.563,17.363850264270308,6.980907605740512,25.25456157872273,1604.0,20,30.050390000000004
803,-0.119,41.565000000000005,-1.037,27.557,-3.519,46.359,18.965113445481943,6.295468202498461,27.10865464025713,1606.0,20,30.050390000000004
804,-0.119,41.633,-1.037,30.379,0.459,48.127,17.810938212233516,5.739017889533874,25.7992096575206,1608.0,20,30.050390000000004
805,-0.459,42.551,0.255,32.079,2.669,46.971,15.086386578634396,4.561604157708132,25.13101430816704,1610.0,20,30.050390000000004
806,-0.221,42.551,-0.561,32.725,0.153,48.365,15.65628934326394,4.031244237661888,25.16829872715429,1612.0,20,30.050390000000004
807,-0.017,43.809000000000005,0.391,32.589000000000006,-0.459,48.467000000000006,15.900735328908535,4.509383287247538,25.3010334904128,1614.0,20,30.050390000000004
808,-0.085,43.605,-1.207,33.949000000000005,-0.119,48.161,14.25358509288102,4.689888822837984,23.2187322724811,1616.0,20,30.050390000000004
809,-0.187,43.809000000000005,-0.765,35.887,2.567,47.005,11.606556250671428,5.01463706568451,24.6396299005112,1618.0,20,30.050390000000004
810,-0.663,41.73500000000001,1.3430000000000002,41.803,1.207,41.73500000000001,0.1520526224699857,2.796596814813329,,1620.0,20,30.050390000000004
811,-0.255,42.347,0.323,35.547000000000004,3.111,46.121,10.935374707800367,3.7590082675715646,14.9382458015176,1622.0,20,30.050390000000004
812,-0.255,40.375,-0.085,36.023,2.091,47.379000000000005,11.5625997076782,3.958980082768012,13.060600379335352,1624.0,20,30.050390000000004
813,0.017,41.021,-0.051,35.139,1.3090000000000002,47.651,12.58569600777009,3.9028112413706015,13.63723787145673,1626.0,20,30.050390000000004
814,-0.187,39.933,0.017,36.737,0.391,44.557,7.828938369919641,2.4778335607941826,8.249881375588705,1628.0,20,30.050390000000004
815,-0.527,40.851000000000006,-0.663,33.439,2.9410000000000003,46.359,13.413247779713906,4.966386404939607,18.843165287538504,1630.0,20,30.050390000000004
816,-0.459,42.007000000000005,-0.6970000000000001,30.549000000000003,2.023,47.583000000000006,17.249798723463414,5.694594461723019,21.84783929461691,1632.0,20,30.050390000000004
817,-0.527,42.143,-0.7310000000000001,33.745000000000005,0.527,47.99100000000001,14.30143629150583,4.578520996665848,20.84198657884255,1634.0,20,30.050390000000004
818,-1.003,43.231,2.635,47.005,2.873,46.699000000000005,0.3876596445337069,5.039446091497894,,1636.0,20,30.050390000000004
819,-0.459,44.387,-0.901,34.357,2.9410000000000003,46.42700000000001,12.666722701630444,4.826564641662353,22.82816560511641,1638.0,20,30.050390000000004
820,-0.8330000000000001,44.999,-0.085,37.417,2.4650000000000003,46.699000000000005,9.625903801721687,3.853190862536727,20.460261928651235,1640.0,20,30.050390000000004
821,-1.173,45.237,0.153,37.587,2.5330000000000004,46.665000000000006,9.384800690478196,3.800705761694135,19.933332928261503,1642.0,20,30.050390000000004
822,-0.8330000000000001,45.203,-3.1790000000000003,43.877,2.567,44.387,5.768588735557424,3.429336988600603,22.27920605926189,1644.0,20,30.050390000000004
823,-0.663,44.285,0.663,41.021,0.357,39.797,1.261670321439004,3.382781970623129,,1646.0,20,30.050390000000004
824,-0.357,42.755,-0.459,44.829,0.323,37.145,7.72368953285928,3.365749345428701,8.734275565404518,1648.0,20,30.050390000000004
825,-0.527,42.415000000000006,2.193,42.959,0.391,34.731,8.4230153745556,3.620942013733255,10.701262735070117,1650.0,20,30.050390000000004
826,-0.493,40.273,1.751,42.789,0.323,30.855000000000004,12.0191322482116,4.702919822790823,17.31638787595125,1652.0,20,30.050390000000004
827,-0.561,38.335,0.561,44.931,0.323,29.189000000000004,15.74379903327021,5.80741316806808,20.74788616303985,1654.0,20,30.050390000000004
828,-0.153,36.397000000000006,2.397,43.095000000000006,0.323,25.245,17.97008558688578,6.173752353427425,24.6509669497238,1656.0,20,30.050390000000004
829,-0.221,33.575,1.3090000000000002,43.367,-0.017,24.361,19.05219966303104,6.16918441694359,23.118122854882746,1658.0,20,30.050390000000004
830,-0.119,29.121,0.153,41.905,-0.357,20.111,21.79996642199249,6.193986114875982,22.573311905393247,1660.0,20,30.050390000000004
831,-0.119,28.645000000000003,0.493,42.313,-0.663,19.431,22.911181986095787,7.876503646522272,23.55547032765175,1662.0,20,30.050390000000004
832,-0.153,25.381,-1.003,35.649,-0.935,18.615,17.03413572800217,7.31046631077453,18.96252902275286,1664.0,20,30.050390000000004
833,-0.153,23.579,-0.221,32.181000000000004,-0.5950000000000001,19.669,12.517588425890988,6.528657682211442,13.29357560434735,1666.0,20,30.050390000000004
834,-0.357,20.587,0.119,33.133,-0.051,21.097,12.037200505100843,5.904623848631297,12.985190564137646,1668.0,20,30.050390000000004
835,-0.493,18.785,-0.527,35.921,-0.119,20.859,15.06752494605534,7.608779037276629,15.36128657848708,1670.0,20,30.050390000000004
836,-0.323,18.037000000000003,-0.255,35.037,0.051,21.675,13.36550335752455,8.26977361755384,14.11522716698225,1672.0,20,30.050390000000004
837,-0.34,15.113,0.153,20.553,0.357,5.287000000000001,15.267362968109458,6.187468187675808,15.80295989471646,1674.0,20,30.050390000000004
838,-0.527,15.402,0.391,21.335,0.425,7.667000000000001,13.668042288491796,7.084499655373204,16.02222101750571,1676.0,20,30.050390000000004
839,-0.357,14.943,0.187,20.791,0.459,5.695,15.098450251598674,6.760065719186133,15.837506671766976,1678.0,20,30.050390000000004
840,-0.629,11.509,-0.8330000000000001,15.793,-0.663,4.4030000000000005,11.39126858607065,6.582043608502633,12.175876478381095,1680.0,20,30.050390000000004
841,-0.357,8.619,-0.459,18.241,-0.289,0.799,17.442828440364828,6.15151834293,18.10052045115004,1682.0,20,30.050390000000004
842,-0.289,7.225,0.017,19.635,-0.051,-1.105,20.74011147511025,6.6724659979743794,21.39502139155972,1684.0,20,30.050390000000004
843,0.153,12.189,0.017,19.601000000000003,-0.901,7.327000000000001,12.308281764730609,7.898622128106017,12.661385455704854,1686.0,20,30.050390000000004
844,-0.493,-2.567,0.425,14.535000000000002,-0.901,5.9670000000000005,8.67,8.812893265609915,9.420283136896664,1688.0,20,30.050390000000004
845,-0.425,-7.089,0.357,-6.307,0.459,-10.897,4.591133193450175,7.10250974183194,5.384110284881096,1690.0,20,30.050390000000004
846,-0.085,-6.817,-0.8670000000000001,8.925,-0.493,2.635,6.301109108720464,7.403277238082295,7.395386914761863,1692.0,20,30.050390000000004
847,-0.255,-8.211,0.357,-7.123,0.561,-13.651000000000002,6.531186722181506,6.822016304144899,7.198268237544952,1694.0,20,30.050390000000004
848,-0.323,-10.183000000000002,0.017,-7.293,0.629,-17.493000000000002,10.218343505676447,7.650473756152619,10.800967307553488,1696.0,20,30.050390000000004
849,-0.357,-10.115,0.323,-7.463000000000001,0.459,-17.323,9.86093788642845,6.097205915848928,10.693016547571982,1698.0,20,30.050390000000004
850,-0.017,-12.393,0.187,-7.327000000000001,0.391,-20.043000000000003,12.717636258361852,7.322185669055887,13.342253983827456,1700.0,20,30.050390000000004
851,-0.527,-14.671,-0.017,-7.123,0.663,-21.233,14.126376039168717,4.843225962473487,14.758641770440269,1702.0,20,30.050390000000004
852,0.085,-14.909,-0.017,-7.361000000000001,0.527,-20.077,12.727631044306714,3.7200568119126896,14.987392347673156,1704.0,20,30.050390000000004
853,-0.119,-16.405,0.017,-8.619,-0.119,-25.721,17.10254074691828,4.926517900760432,19.579627962606644,1706.0,20,30.050390000000004
854,-0.289,-16.745,-0.629,-9.639,-0.527,-28.033,18.39428280743775,6.475510077245486,19.60454598495181,1708.0,20,30.050390000000004
855,0.017,-20.791,0.357,-9.809,-0.629,-30.583,20.797386181922,6.425809328320602,21.631138323323977,1710.0,20,30.050390000000004
856,-0.085,-21.607000000000003,0.323,-7.871,-0.289,-32.113,24.249723874716597,6.706508894059893,25.1413664339637,1712.0,20,30.050390000000004
857,0.153,-24.089,0.289,-16.099,-0.663,-34.493,18.418619383656317,5.120916795074627,20.896357745156195,1714.0,20,30.050390000000004
858,-0.153,-25.687,0.221,-12.189,-0.527,-35.275000000000006,23.09811464167585,6.918513906966083,24.719748103016983,1716.0,20,30.050390000000004
859,-0.221,-27.285000000000004,-0.629,-14.331,-0.5950000000000001,-37.587,23.25602485378789,7.454483605344941,26.502735781698565,1718.0,20,30.050390000000004
860,-0.017,-28.917,-0.493,-17.765,-0.357,-38.777,21.01244012484033,6.5790282549929024,24.770720588418325,1720.0,20,30.050390000000004
861,-0.187,-33.915,0.425,-21.165000000000003,-1.819,-41.871,20.82724110390044,5.666728848410668,22.831239252333955,1722.0,20,30.050390000000004
862,0.017,-35.105000000000004,-0.629,-19.397,-0.799,-43.911,24.514589451997768,7.33983410543842,27.284577063678466,1724.0,20,30.050390000000004
863,0.085,-34.935,0.289,-21.539,2.499,-43.027,21.601348198665757,6.400701797967959,24.884887033399483,1726.0,20,30.050390000000004
864,0.017,-36.125,-0.085,-22.287000000000003,2.5330000000000004,-43.503,21.376916990061968,5.766110293918441,23.24676487176421,1728.0,20,30.050390000000004
865,0.187,-36.397000000000006,0.459,-25.143,-1.887,-45.373000000000005,20.365574286034757,6.193628397020534,23.76979671353288,1730.0,20,30.050390000000004
866,0.493,-37.825,-0.5950000000000001,-28.883000000000003,-1.819,-46.86900000000001,18.027600284008965,6.005076525379477,20.015873692445115,1732.0,20,30.050390000000004
867,0.629,-37.247,0.6970000000000001,-24.667,-0.969,-44.489,19.891888799206576,5.6994719171961234,23.27831214450181,1734.0,20,30.050390000000004
868,0.357,-39.695,0.527,-24.701,-2.397,-46.42700000000001,21.921880667497486,6.444472743321225,25.37874352374041,1736.0,20,30.050390000000004
869,0.221,-39.457,,,,,21.921880667497486,4.432573197665062,,1738.0,20,30.050390000000004
870,0.187,-40.953,-0.323,-34.663000000000004,-2.261,-46.699000000000005,12.191027028105548,4.303078103544959,13.77930795367438,1740.0,20,30.050390000000004
871,0.051,-40.579,-0.357,-31.705,-2.023,-47.073,15.458039332334486,4.800505139690645,16.90113005402186,1742.0,20,30.050390000000004
872,-0.051,-39.355,0.085,-24.293000000000003,-2.193,-45.951,21.7774711112195,6.706758157290126,26.785703873118223,1744.0,20,30.050390000000004
873,0.085,-39.491,-0.289,-24.701,-1.445,-47.957,23.28471326858031,6.613482986819601,25.50241780259937,1746.0,20,30.050390000000004
874,-0.289,-40.103,-0.323,-27.421000000000003,1.105,-45.679,18.313758434575902,5.868818544136111,23.2456706707148,1748.0,20,30.050390000000004
875,0.017,-39.695,,,,,18.313758434575902,3.6937269754334543,,1750.0,20,30.050390000000004
876,-0.459,-40.953,,,,,18.313758434575902,4.595439577044037,,1752.0,20,30.050390000000004
877,0.153,-41.395,,,,,18.313758434575902,4.7608234440964505,,1754.0,20,30.050390000000004
878,-0.391,-42.075,0.935,-37.247,3.0770000000000004,-47.039,10.02354368474543,4.501457458183687,23.08071605785036,1756.0,20,30.050390000000004
879,0.493,-43.945,0.493,-37.349,1.989,-48.127,10.881328043947578,4.316524644307223,25.455127059746456,1758.0,20,30.050390000000004
880,0.629,-42.347,0.8670000000000001,-38.369,1.513,-47.889,9.541892684368232,3.194430788180619,23.884465103158075,1760.0,20,30.050390000000004
881,0.493,-43.129000000000005,-0.663,-36.567,3.111,-46.257000000000005,10.398998797961273,2.469458982199143,20.5184383786943,1762.0,20,30.050390000000004
882,0.663,-43.503,0.051,-38.675,-1.411,-47.54900000000001,8.993626632232406,2.9103396830508355,15.331667351835538,1764.0,20,30.050390000000004
883,0.017,-43.027,0.493,-37.553,-3.213,-45.339000000000006,8.62300597239733,3.364202788235092,18.240322329490358,1766.0,20,30.050390000000004
884,0.221,-43.877,,,,,8.62300597239733,3.650791192097236,,1768.0,20,30.050390000000004
885,0.017,-44.557,,,,,8.62300597239733,3.6536893700357744,,1770.0,20,30.050390000000004
886,1.241,-45.305,-2.261,-41.667,3.723,-43.197,6.176500303569976,3.0568125582498387,17.165980245823523,1772.0,20,30.050390000000004
887,-1.139,-46.257000000000005,1.785,-41.157,3.451,-45.543000000000006,4.691753616719446,3.4280876181665527,17.531690377086758,1774.0,20,30.050390000000004
888,-0.017,-44.455000000000005,2.975,-42.075,4.097,-45.203,3.3231412849892497,3.0497672754560936,16.307560544387183,1776.0,20,30.050390000000004
889,0.8670000000000001,-44.591,-2.669,-42.177,4.131,-44.183,7.089713393360835,2.8752581368968,16.925928757063208,1778.0,20,30.050390000000004
890,1.3430000000000002,-44.217000000000006,-2.873,-45.033,1.649,-41.089000000000006,6.000301659083484,2.5033925959208165,6.945299661672865,1780.0,20,30.050390000000004
891,-0.7310000000000001,-44.013000000000005,-2.023,-41.497,3.451,-46.665000000000006,7.52814054066474,2.942449392371374,14.821107306379217,1782.0,20,30.050390000000004
892,-0.221,-44.42100000000001,-1.139,-41.73500000000001,3.213,-44.523,5.168447349059483,2.7225083049954564,12.182263754339196,1784.0,20,30.050390000000004
893,-0.323,-44.353,-0.119,-43.911,0.8670000000000001,-35.377,8.590771327418745,3.850199014776594,26.04583418057869,1786.0,20,30.050390000000004
894,-0.255,-42.041,-0.8330000000000001,-44.353,-0.289,-31.501,12.863508075171408,5.280266898619913,27.572637777048016,1788.0,20,30.050390000000004
895,-0.017,-38.029,-0.289,-45.441,0.6970000000000001,-28.509,16.960684538072158,5.850673339123327,26.91039490347,1790.0,20,30.050390000000004
896,0.119,-33.371,-1.0710000000000002,-43.877,0.459,-24.191000000000003,19.745366443801444,5.316596493538179,22.49896528478777,1792.0,20,30.050390000000004
897,-0.085,-29.699,-0.221,-40.715,0.7310000000000001,-21.029,19.70900555583665,5.174473005278962,21.865300049839934,1794.0,20,30.050390000000004
898,-0.153,-27.200000000000003,0.901,-36.873000000000005,-0.493,-18.547,18.378942080544245,4.960611440196971,20.039894893585945,1796.0,20,30.050390000000004
899,-0.221,-23.613000000000003,-0.493,-36.635000000000005,-0.765,-11.679,24.957482244809874,7.848291997047769,29.15947220611247,1798.0,20,30.050390000000004
900,-0.187,-18.615,0.459,-29.155,-0.663,-6.715000000000001,22.468032490629884,6.0912125912822255,25.03565066054432,1800.0,20,30.050390000000004
901,-0.255,-14.909,0.799,-28.305000000000003,-0.119,-6.987,21.3377563956476,6.081148976842532,22.43400926866188,1802.0,20,30.050390000000004
902,-0.221,-12.087000000000002,0.663,-21.607000000000003,-0.357,-6.681,14.960811341635187,5.322270942507846,17.058104031489844,1804.0,20,30.050390000000004
903,-0.425,-10.863,-0.969,-16.609,-0.6970000000000001,-6.409000000000001,10.203626022155069,5.708702357910197,11.580098287033072,1806.0,20,30.050390000000004
904,-0.221,-4.505,-0.8670000000000001,-15.793,-0.187,-6.987,8.83221580352292,6.667279568823139,9.497577761746273,1808.0,20,30.050390000000004
905,-0.085,1.989,0.5950000000000001,-14.229,-0.187,-7.021000000000001,7.250295718106952,7.322293575050618,7.672754049667407,1810.0,20,30.050390000000004
906,-0.051,5.865,0.017,-1.3090000000000002,0.119,14.603000000000002,15.912326919718565,6.738543703227729,16.407880935894074,1812.0,20,30.050390000000004
907,-0.357,9.248,-0.255,0.527,0.153,18.751,18.22856659202802,5.693858458536337,18.819366878884143,1814.0,20,30.050390000000004
908,-0.357,8.585,-0.391,2.397,-0.969,15.317000000000002,12.9329224848833,5.036895464405424,13.337870342212732,1816.0,20,30.050390000000004
909,-0.187,14.603000000000002,-0.425,2.499,-0.391,18.955,16.45603512392946,6.536759056381384,16.909164298555712,1818.0,20,30.050390000000004
910,-0.187,21.301,-0.221,7.565,-0.493,18.853,11.291276632870174,6.13503470441328,12.17533982250753,1820.0,20,30.050390000000004
911,-0.5950000000000001,24.633000000000003,-0.629,19.295,-0.969,34.017,14.725925573626943,6.823949752768769,15.375649210326827,1822.0,20,30.050390000000004
912,-0.561,28.713,-0.323,20.689,-0.935,38.063,17.38477552342854,7.841918699908466,18.062474036942216,1824.0,20,30.050390000000004
913,-0.7310000000000001,33.541000000000004,-0.153,21.505000000000003,-3.757,43.639,22.42549379612409,6.128996708529985,25.458999672772944,1826.0,20,30.050390000000004
914,-0.8330000000000001,35.581,-1.0710000000000002,18.819000000000003,-3.4850000000000003,45.883,27.171446262574985,7.757534480985628,28.239044757430108,1828.0,20,30.050390000000004
915,-0.6970000000000001,36.227,0.255,23.239,-3.2470000000000003,45.339000000000006,22.375745887009,6.097284104791695,23.666944186892284,1830.0,20,30.050390000000004
916,-0.187,39.083000000000006,0.357,31.467,1.5810000000000002,46.937000000000005,15.518346432529466,5.337106367111689,17.197376420796147,1832.0,20,30.050390000000004
917,0.187,40.511,0.085,31.977000000000004,0.935,48.093,16.13840004461409,6.568309574515095,18.85969625340768,1834.0,20,30.050390000000004
918,-0.017,39.661,-1.0710000000000002,25.075000000000003,2.635,46.155,21.40329030780081,6.410936990467631,24.767338058461583,1836.0,20,30.050390000000004
919,-0.425,40.409000000000006,-0.493,27.897,2.975,46.019000000000005,18.45085114567889,5.525323814925476,21.38800145184438,1838.0,20,30.050390000000004
920,-0.561,40.783,0.289,29.903,2.1590000000000003,47.413,17.609571261106844,5.729897747202884,20.722408487254963,1840.0,20,30.050390000000004
921,-0.051,40.545,-1.173,32.419000000000004,-1.275,48.263000000000005,15.844328322778471,6.585257117340901,23.27139147402833,1842.0,20,30.050390000000004
922,-0.085,40.409000000000006,0.391,29.393,-1.955,47.889,18.644187619738226,6.200612856906645,25.017710806394245,1844.0,20,30.050390000000004
923,-0.6970000000000001,41.395,0.391,29.563,-2.9410000000000003,47.379000000000005,18.12490220663273,5.373875806423085,24.91232795521915,1846.0,20,30.050390000000004
924,-0.663,42.177,-0.153,33.167,0.493,48.365,15.21172311081161,5.553970983896205,23.084207954270024,1848.0,20,30.050390000000004
925,-0.935,42.653000000000006,0.357,34.085,1.887,47.685,13.68579190255354,5.660473463833518,26.945486007338644,1850.0,20,30.050390000000004
926,-1.207,43.265,0.187,35.989000000000004,0.8330000000000001,48.059000000000005,12.087274961710763,4.976817957190016,19.89949301115352,1852.0,20,30.050390000000004
927,-0.901,43.027,-0.017,35.955000000000005,-0.901,48.501000000000005,12.577105072312946,4.44760019764696,15.754025718067275,1854.0,20,30.050390000000004
928,-0.051,42.415000000000006,0.187,30.991000000000003,-2.8390000000000004,47.311,16.598164838318723,5.3104499055859264,21.826645532283948,1856.0,20,30.050390000000004
929,-0.221,43.163,0.017,33.949000000000005,-1.513,47.923,14.057509594519225,4.779135279703286,19.970554754502192,1858.0,20,30.050390000000004
930,-0.629,43.469,-1.105,35.819,1.683,47.719,12.22223154747119,4.221117104095309,20.887731044932405,1860.0,20,30.050390000000004
931,-0.459,44.999,-0.221,31.059,1.887,47.515,16.590467142307958,4.662418589214413,26.717067041790376,1862.0,20,30.050390000000004
932,-0.6970000000000001,42.585,0.289,32.011,0.629,48.025000000000006,16.01760893516882,3.782704559219616,25.152793063472544,1864.0,20,30.050390000000004
933,-1.0710000000000002,43.605,0.391,34.561,2.5330000000000004,47.243,12.861620737683102,4.665599852084196,23.9023880426186,1866.0,20,30.050390000000004
934,-0.663,42.891000000000005,0.391,32.895,-0.153,48.43300000000001,15.547520059482157,4.57281700751567,22.74611624763849,1868.0,20,30.050390000000004
935,0.153,43.367,-0.187,29.699,-3.3830000000000005,46.189,16.796860301854036,5.817347190085052,27.27870609160344,1870.0,20,30.050390000000004
936,0.085,42.959,,,,,16.796860301854036,6.220026769962024,,1872.0,20,30.050390000000004
937,-0.561,43.843,-0.7310000000000001,30.583,-3.3830000000000005,46.325,15.963823727415686,5.64459162104847,24.818836502490736,1874.0,20,30.050390000000004
938,-0.153,42.993,-0.799,32.691,-1.377,47.821000000000005,15.141036424234638,4.382108322261906,19.05467846048052,1876.0,20,30.050390000000004
939,0.255,43.911,0.289,37.621,-2.567,47.175,9.971742676182537,3.764981956560925,13.79301571899498,1878.0,20,30.050390000000004
940,-0.561,44.659000000000006,-0.561,37.043,-1.819,47.99100000000001,11.020039382869736,3.679419106929741,19.981892222361523,1880.0,20,30.050390000000004
941,-0.289,44.251000000000005,0.153,36.363,-2.363,46.835,10.770006499533787,3.9183313927183416,18.823744565902945,1882.0,20,30.050390000000004
942,-0.391,44.149,0.357,35.887,-3.791,44.523,9.580521906451652,3.688197177231933,23.93503314613645,1884.0,20,30.050390000000004
943,-0.663,44.795,,,,,9.580521906451652,3.049117505118052,,1886.0,20,30.050390000000004
944,-0.153,45.067,-3.757,43.571000000000005,-0.765,42.653000000000006,3.129662601623376,2.5902825717655924,14.087114012624683,1888.0,20,30.050390000000004
945,0.187,44.557,-3.791,44.693000000000005,-1.819,42.891000000000005,2.67132701105649,2.832842583098471,17.409913054503523,1890.0,20,30.050390000000004
946,-0.799,44.591,-3.723,42.959,-3.0090000000000003,42.041,1.162978933601121,2.93351130514693,2.8613646721175225,1892.0,20,30.050390000000004
947,-0.153,44.285,-2.9410000000000003,43.29900000000001,-0.561,42.823,2.427133288470166,3.099088844353419,21.156997318234605,1894.0,20,30.050390000000004
948,-0.153,44.455000000000005,-3.0090000000000003,46.087,-2.397,41.599,4.529535075479602,3.3384574849417143,18.391198580156285,1896.0,20,30.050390000000004
949,-1.275,44.897000000000006,-2.023,43.673,2.567,42.211000000000006,4.817213302314939,3.5208202783900333,16.04918265033584,1898.0,20,30.050390000000004
950,-0.901,44.217000000000006,-0.8330000000000001,40.171,-0.561,39.967000000000006,0.34,3.343090509877844,0.4234250636782072,1900.0,20,30.050390000000004
951,-0.255,43.707,-0.391,36.499,2.601,43.877,7.9615920518449075,4.011055472992958,22.82427347441826,1902.0,20,30.050390000000004
952,-0.289,40.919,-0.7310000000000001,33.949000000000005,-0.391,35.343,1.434864453528625,3.7916993860582138,1.5504978238329028,1904.0,20,30.050390000000004
953,-0.799,40.987,-0.391,32.113,2.057,43.231,11.384314999155636,4.6621782686203455,23.30422587743905,1906.0,20,30.050390000000004
954,-0.527,38.879000000000005,-0.7310000000000001,26.809,1.105,44.829,18.11329059006121,6.470685203480736,28.828905639657982,1908.0,20,30.050390000000004
955,-0.8670000000000001,35.445,-0.8670000000000001,27.115,-1.105,47.141000000000005,20.02741421152516,6.66853695244169,21.444441582761787,1910.0,20,30.050390000000004
956,-0.493,32.997,-0.901,24.769,-2.635,41.905,17.223508701771543,6.063767611226734,24.093533654669443,1912.0,20,30.050390000000004
957,-0.391,30.107000000000003,-0.527,21.641,-0.8670000000000001,42.449000000000005,20.810777592391883,6.3523886211579095,21.805541761681443,1914.0,20,30.050390000000004
958,-0.527,29.087000000000003,0.017,21.437,0.425,38.267,16.834944728153996,6.6745282609469365,20.44581737317596,1916.0,20,30.050390000000004
959,-0.901,25.925,-0.8330000000000001,15.113,0.425,38.981,23.90112942938053,7.534191680435298,26.058815564438195,1918.0,20,30.050390000000004
960,-0.6970000000000001,24.463,-0.8670000000000001,14.025,0.425,37.553,23.563447285997864,6.980254161606465,24.230870168651407,1920.0,20,30.050390000000004
961,-0.221,24.531,-0.7310000000000001,14.603000000000002,0.017,21.709000000000003,7.145259967279008,5.402649308113433,,1922.0,20,30.050390000000004
962,-0.629,22.712000000000003,-0.8670000000000001,11.951,-0.969,18.105,6.154845245820565,6.033959409689624,,1924.0,20,30.050390000000004
963,-0.357,19.159,-0.901,18.513,0.425,27.557,9.140689908316553,5.612116139878696,10.422744814872363,1926.0,20,30.050390000000004
964,-0.425,14.093000000000002,-0.5950000000000001,4.913,-0.799,16.575000000000003,11.663784120087271,7.57690348510097,12.068663835938134,1928.0,20,30.050390000000004
965,-0.357,11.866,-0.323,1.241,-0.969,15.453,14.226674242422224,8.692101821657353,14.55795799348292,1930.0,20,30.050390000000004
966,-0.255,9.605,-0.187,0.8670000000000001,-1.0710000000000002,13.821000000000002,12.98412769499746,8.906368032414901,13.542015335348028,1932.0,20,30.050390000000004
967,-0.085,8.823,-0.289,2.567,-0.5950000000000001,17.867,15.303059694061186,5.681175260772272,15.966355355673294,1934.0,20,30.050390000000004
968,-0.561,8.789000000000001,-0.901,6.375000000000001,-0.493,18.309,11.940972322218991,8.100698284013841,12.239638755514047,1936.0,20,30.050390000000004
969,-0.221,7.497000000000001,0.289,-2.7710000000000004,0.425,20.009,22.780405966531852,6.639832015006734,23.427468160330807,1938.0,20,30.050390000000004
970,-0.289,8.755,-0.8670000000000001,5.559,-0.8330000000000001,15.759,10.20005666650926,7.678857559023003,11.29902575508874,1940.0,20,30.050390000000004
971,-0.289,7.191000000000001,-0.7310000000000001,5.117,0.051,15.249,10.16213304380532,6.282860428867736,10.480668289481006,1942.0,20,30.050390000000004
972,-0.153,2.635,-0.459,1.5810000000000002,-0.323,7.497000000000001,5.917563011916308,2.824009295702981,6.217334302065559,1944.0,20,30.050390000000004
973,-0.119,5.593,-0.6970000000000001,3.145,-0.6970000000000001,7.225,4.08,1.729583506891564,5.085755086726554,1946.0,20,30.050390000000004
974,-0.119,5.695,-0.289,1.0710000000000002,0.493,10.149,9.11161939503621,2.4139662019167694,9.698400201565168,1948.0,20,30.050390000000004
975,-0.017,6.681,-0.255,1.037,0.153,13.855,12.824491724820913,3.489743104651912,14.51736587589329,1950.0,20,30.050390000000004
976,-0.153,9.435,-0.255,1.3430000000000002,-0.153,19.737,18.39428280743775,5.199655562755552,18.93775940450853,1952.0,20,30.050390000000004
977,0.085,10.047,-0.459,2.397,-0.7310000000000001,17.561,15.166439265694503,5.677305344679313,15.756801180087749,1954.0,20,30.050390000000004
978,-0.017,11.169,,,,,15.166439265694503,4.849529668378366,,1956.0,20,30.050390000000004
979,-0.561,12.529000000000002,-0.765,4.981000000000001,-0.7310000000000001,17.731,12.75004533325274,6.435873418200233,13.497400284636734,1958.0,20,30.050390000000004
980,-0.527,14.875000000000002,-0.765,5.831,-0.6970000000000001,17.935000000000002,12.10419100972882,6.48175346326274,12.79166817853868,1960.0,20,30.050390000000004
981,-0.391,17.493000000000002,0.221,5.899,-0.323,19.125,13.237182932935545,7.341456335678105,13.92609317793668,1962.0,20,30.050390000000004
982,-0.527,18.173,-0.8670000000000001,7.803000000000001,-0.357,18.921000000000003,11.12969110083474,6.410072397586655,11.903075216723115,1964.0,20,30.050390000000004
983,-0.289,19.975,-0.969,9.945,0.051,20.519,10.62308222692454,5.689788600301676,11.022688783983508,1966.0,20,30.050390000000004
984,-0.323,24.565,-0.6970000000000001,19.261000000000003,-0.391,31.671000000000003,12.41377202948403,5.5218229932718135,12.9272407678882,1968.0,20,30.050390000000004
985,-0.221,24.327,-0.459,20.281,-0.493,32.045,11.764049132845376,6.320402000683372,12.637256416803575,1970.0,20,30.050390000000004
986,-0.289,26.333,-0.459,20.451,-0.187,35.003,14.554541834080522,7.060376711748273,15.10944792830087,1972.0,20,30.050390000000004
987,-0.459,29.563,-0.901,20.553,-0.8670000000000001,39.049,18.4960312499736,5.374521072590588,19.55537339081054,1974.0,20,30.050390000000004
988,-0.629,34.884,-0.561,23.409,-3.043,43.537000000000006,20.28045137564744,6.229631211468708,21.922769960599663,1976.0,20,30.050390000000004
989,-0.289,35.377,-0.8670000000000001,25.891,-3.893,43.741,18.10467276699582,5.300125145295864,21.05679896099276,1978.0,20,30.050390000000004
990,-0.289,37.145,-0.459,25.347,-2.5330000000000004,43.197,17.97008558688578,6.308235785018376,23.770162863978797,1980.0,20,30.050390000000004
991,-0.527,37.519000000000005,0.425,25.381,-1.003,47.54900000000001,22.213946250047517,6.435738638863845,24.363609989278665,1982.0,20,30.050390000000004
992,0.153,38.437000000000005,-1.0710000000000002,28.951,-1.6150000000000002,47.651,18.70791105388306,6.416585627563128,22.114047398916156,1984.0,20,30.050390000000004
993,-0.085,39.899,0.391,27.761000000000003,-2.023,47.889,20.2722416126091,6.527559117909786,23.141871927662915,1986.0,20,30.050390000000004
994,-0.7310000000000001,40.545,-0.901,30.073,-1.955,48.025000000000006,17.982914669207545,5.742189332523216,20.88749026469361,1988.0,20,30.050390000000004
995,-0.935,42.993,-1.0710000000000002,29.631000000000004,2.261,47.413,18.0914827474146,6.34768269522499,24.372826121981948,1990.0,20,30.050390000000004
996,-0.6970000000000001,40.137,0.391,32.113,0.323,47.141000000000005,15.02815384536637,6.322583739341724,25.77724902184933,1992.0,20,30.050390000000004
997,-0.459,41.157,,,,,15.02815384536637,6.486949958020094,,1994.0,20,30.050390000000004
998,-0.663,40.562000000000005,-0.425,33.643,-2.9410000000000003,47.345000000000006,13.93108251357374,5.812595448449827,27.192761535296462,1996.0,20,30.050390000000004
999,-0.425,39.049,-0.323,30.039,-2.431,47.821000000000005,17.90651244659328,5.914334613947927,20.528721581639697,1998.0,20,30.050390000000004
1000,0.017,39.695,,,,,17.90651244659328,5.693687991276148,,2000.0,20,30.050390000000004
1001,-0.153,39.287000000000006,-1.003,31.943,-1.887,47.515,15.597071520000158,6.004283120014988,19.045817381791444,2002.0,20,30.050390000000004
1002,-0.187,39.457,-1.0710000000000002,30.379,-1.649,47.99100000000001,17.62148200350924,6.067240306705018,19.73405788513938,2004.0,20,30.050390000000004
1003,-0.255,40.341,-1.003,31.637000000000004,-3.2470000000000003,46.631,15.160988490200763,6.548923811846196,21.49193007998186,2006.0,20,30.050390000000004
1004,-0.323,41.191,-0.017,32.249,-1.955,47.99100000000001,15.860845122502145,5.407550818284849,24.959349299645368,2008.0,20,30.050390000000004
1005,-0.765,41.905,0.357,33.133,2.5330000000000004,45.781000000000006,12.833817826352377,4.304746683057984,21.488730972877683,2010.0,20,30.050390000000004
1006,-0.935,43.979000000000006,0.357,33.575,1.207,47.379000000000005,13.830145190850311,5.314267334396444,23.320717195962597,2012.0,20,30.050390000000004
1007,-0.629,43.537000000000006,0.357,32.623000000000005,1.3090000000000002,47.005,14.413473835269556,5.554210731663373,23.351523994410687,2014.0,20,30.050390000000004
1008,-0.085,42.245000000000005,-0.5950000000000001,33.371,-0.459,46.495000000000005,13.12470464429581,3.7861194128333953,20.952222175762472,2016.0,20,30.050390000000004
1009,-0.187,42.279,0.051,33.677,-1.3090000000000002,47.447,13.836997506684751,3.676369466347001,19.92443635236054,2018.0,20,30.050390000000004
1010,-0.425,43.741,0.357,32.385000000000005,-2.261,45.169,13.04931339189921,4.571770689425571,23.174495691078462,2020.0,20,30.050390000000004
1011,-0.425,42.891000000000005,-0.357,36.363,-2.5330000000000004,46.801,10.662402168367128,4.020315251983871,22.437708320459212,2022.0,20,30.050390000000004
1012,-0.391,44.455000000000005,0.357,32.725,-3.349,44.693000000000005,12.528665531492171,5.142055881864911,26.712842245006264,2024.0,20,30.050390000000004
1013,-0.187,45.237,-1.0710000000000002,39.627,-2.669,47.141000000000005,7.6820439988326035,4.469961979710781,13.488066802432428,2026.0,20,30.050390000000004
1014,-0.017,45.883,-1.139,39.423,0.6970000000000001,47.651,8.430354678185255,3.391375106363957,15.484112051905488,2028.0,20,30.050390000000004
1015,-0.357,42.891000000000005,0.153,37.927,-0.7310000000000001,47.175,9.290153927680638,2.5148167871447304,19.890555938247445,2030.0,20,30.050390000000004
1016,-0.119,42.755,-0.323,46.393,0.799,46.631,1.146964689953444,2.4825569338548164,1.244246138945105,2032.0,20,30.050390000000004
1017,0.017,44.217000000000006,1.3430000000000002,46.325,1.887,46.971,0.8445424796894471,2.474474769921206,1.3324421664324622,2034.0,20,30.050390000000004
1018,-0.085,44.727,,,,,0.8445424796894471,3.016263577001816,,2036.0,20,30.050390000000004
1019,0.323,44.285,-0.527,42.687000000000005,1.3430000000000002,44.217000000000006,2.416153968603822,1.8967045820027333,8.758875952804015,2038.0,20,30.050390000000004
1020,0.765,44.625,-1.0710000000000002,43.537000000000006,1.445,47.447,4.64955438725046,2.147128768186053,5.91872308787228,2040.0,20,30.050390000000004
1021,-0.493,43.877,-2.023,47.54900000000001,2.567,46.835,4.645201394988166,2.613830711913788,16.417542290846978,2042.0,20,30.050390000000004
1022,-0.051,43.945,,,,,4.645201394988166,2.506048037908533,,2044.0,20,30.050390000000004
1023,-0.153,43.673,-1.003,47.821000000000005,-2.975,41.939,6.203765630647245,2.8488230610531065,8.824439785724351,2046.0,20,30.050390000000004
1024,-0.629,42.228,-0.765,43.333000000000006,0.153,37.417,5.986800481058309,2.942623262920937,9.24643544111865,2048.0,20,30.050390000000004
1025,-0.187,40.817,,,,,5.986800481058309,3.736875756759903,,2050.0,20,30.050390000000004
1026,-0.357,40.885000000000005,,,,,5.986800481058309,3.802044930666107,,2052.0,20,30.050390000000004
1027,-0.935,40.953,-0.527,42.415000000000006,-1.105,31.399,11.031153158215147,4.127054208880839,12.811098284513786,2054.0,20,30.050390000000004
1028,-0.7310000000000001,39.831,0.391,40.307,0.255,29.393,10.914847319133695,5.567253640015815,12.639936875216993,2056.0,20,30.050390000000004
1029,-0.425,36.703,,,,,10.914847319133695,5.169325269069624,,2058.0,20,30.050390000000004
1030,-0.493,34.221000000000004,-1.5470000000000002,48.059000000000005,-0.085,23.715000000000003,24.38786132484766,6.680135036507385,25.691291830027385,2060.0,20,30.050390000000004
1031,-0.629,32.317,-1.411,46.189,-0.255,22.457,23.76013804673702,6.61752569152753,24.999937257572004,2062.0,20,30.050390000000004
1032,-0.561,32.385000000000005,-1.649,45.577000000000005,0.051,21.709000000000003,23.92846472300302,6.162533741511159,25.92885279889667,2064.0,20,30.050390000000004
1033,-0.221,28.577,0.357,39.661,-0.935,19.839,19.864061719598038,5.234567629081757,21.144905988631518,2066.0,20,30.050390000000004
1034,-0.119,28.458,-0.663,41.463,-0.085,21.369,20.10231130989668,7.4929397429799,21.512177615792417,2068.0,20,30.050390000000004
1035,-0.289,23.035,-0.527,41.769000000000005,0.119,21.777,20.00243435184828,9.001310200709685,20.371375811576485,2070.0,20,30.050390000000004
1036,-0.391,19.159,-0.799,37.145,0.255,22.185,14.997083583150427,7.843010515628991,15.370336262764033,2072.0,20,30.050390000000004
1037,-0.017,15.674,0.119,20.825000000000003,0.289,6.103000000000001,14.722981491532211,5.8951031562862255,15.37366071199462,2074.0,20,30.050390000000004
1038,-0.085,14.229,0.391,21.267000000000003,-0.7310000000000001,4.063000000000001,17.2405481351377,6.908338690732127,17.517932485396276,2076.0,20,30.050390000000004
1039,-0.289,10.421,-0.187,19.567,-0.323,2.023,17.54452712386401,5.205098119551323,18.067300297573667,2078.0,20,30.050390000000004
1040,-0.391,10.285,0.391,18.343,-0.561,3.145,15.227787363894992,4.356633872813144,16.63324397429915,2080.0,20,30.050390000000004
1041,0.119,7.973000000000001,0.459,19.567,-0.119,0.119,19.456587264985608,5.553434978194285,20.496075581317445,2082.0,20,30.050390000000004
1042,-0.357,8.075000000000001,-0.561,17.595000000000002,-0.493,1.649,15.946144988679867,5.893192509120983,16.52093696206382,2084.0,20,30.050390000000004
1043,-0.391,5.117,-0.765,16.575000000000003,-0.255,0.425,16.158050624998054,6.977204632610688,16.546131055748674,2086.0,20,30.050390000000004
1044,-0.221,3.2470000000000003,-0.969,13.583,-0.051,0.119,13.495259167574368,6.403874304698534,13.952595246166116,2088.0,20,30.050390000000004
1045,0.051,3.825,-0.119,0.391,-0.357,-1.955,2.35804156027836,5.466150575830039,,2090.0,20,30.050390000000004
1046,-0.153,0.017,-0.153,8.823,-0.051,-0.629,9.45255034369032,7.6452997504709534,9.815085028444914,2092.0,20,30.050390000000004
1047,-0.187,-3.281,-0.799,7.735,0.153,-0.765,8.553145854011845,6.334212335825104,9.123065257178796,2094.0,20,30.050390000000004
1048,-0.323,-7.837000000000001,-0.119,-6.987,0.187,-12.121,5.143111120712832,7.821544635475147,6.018712577193276,2096.0,20,30.050390000000004
1049,-0.493,-6.783,-0.8330000000000001,-6.035,0.459,-13.243,7.322877030238867,7.274725884932613,9.3212415526087,2098.0,20,30.050390000000004
1050,-0.272,-9.435,-0.8330000000000001,-6.273000000000001,0.289,-16.269000000000002,10.05877229089117,7.250801660799715,10.377112000379212,2100.0,20,30.050390000000004
1051,-0.493,-13.345,-0.799,-6.341,-0.799,-21.845,15.504,7.264651076691892,16.250533477551222,2102.0,20,30.050390000000004
1052,-0.085,-15.011,-0.901,-6.171,-0.561,-21.913,15.74567127816404,5.650280545929735,16.96347942081189,2104.0,20,30.050390000000004
1053,0.017,-17.255000000000003,-0.8670000000000001,-6.1370000000000005,0.7310000000000001,-26.503000000000004,20.428596623361088,6.85707609755871,21.21573554976072,2106.0,20,30.050390000000004
1054,-0.425,-15.691,-0.8330000000000001,-6.103000000000001,0.663,-26.265,20.21742466289908,5.798912347955934,21.272684454073477,2108.0,20,30.050390000000004
1055,-0.289,-18.003,-0.527,-6.681,0.663,-29.257,22.60734119705367,6.58819599728826,23.3731023685997,2110.0,20,30.050390000000004
1056,0.187,-22.015,-0.8670000000000001,-6.409000000000001,0.799,-32.521,26.16509315863408,7.570273132893412,26.9739890220579,2112.0,20,30.050390000000004
1057,-0.051,-22.967,-0.459,-11.101,0.459,-33.677,22.59465644793034,6.975961123891517,26.682913116621226,2114.0,20,30.050390000000004
1058,0.357,-27.455,0.629,-16.405,0.8670000000000001,-35.513000000000005,19.109482148922822,5.196687314568216,20.56694906068169,2116.0,20,30.050390000000004
1059,-0.051,-28.747000000000003,-0.017,-14.603000000000002,0.561,-40.273,25.67650646018652,6.885102777353471,26.93215668349429,2118.0,20,30.050390000000004
1060,0.153,-31.297,-0.221,-21.471,1.3090000000000002,-40.953,19.54198618359966,6.826194369568854,21.61123082555136,2120.0,20,30.050390000000004
1061,0.527,-34.187000000000005,-0.6970000000000001,-24.055000000000003,3.349,-44.387,20.730661832175063,7.707614516141794,30.292481259056576,2122.0,20,30.050390000000004
1062,0.085,-34.493,,,,,20.730661832175063,7.051666238010139,,2124.0,20,30.050390000000004
1063,0.459,-36.329,-0.425,-24.157,0.901,-45.441,21.325265109723723,6.716079875293189,23.629962892235408,2126.0,20,30.050390000000004
1064,0.289,-37.247,-0.663,-25.347,0.221,-44.42100000000001,19.09447386025601,6.862447789627663,24.054727044259145,2128.0,20,30.050390000000004
1065,0.323,-37.791,0.6970000000000001,-22.865,-1.0710000000000002,-47.54900000000001,24.747235805236915,7.623476299450315,25.87342425197989,2130.0,20,30.050390000000004
1066,0.187,-37.315000000000005,,,,,24.747235805236915,5.837226482239621,,2132.0,20,30.050390000000004
1067,0.357,-37.485,0.799,-28.849000000000004,-0.765,-48.161,19.37522748253553,6.707306656412927,22.66898801229198,2134.0,20,30.050390000000004
1068,0.221,-36.363,-0.255,-24.803,-2.567,-44.217000000000006,19.551182572928933,7.346929004659191,25.89922548649651,2136.0,20,30.050390000000004
1069,0.119,-36.703,0.085,-21.811,-3.3150000000000004,-45.509,23.940660057734416,7.586169073839861,28.15252961986252,2138.0,20,30.050390000000004
1070,-0.323,-37.213,0.765,-21.573,-1.173,-47.889,26.38726397336412,7.763364438652836,27.68105767439935,2140.0,20,30.050390000000004
1071,-0.051,-36.125,-0.323,-20.723000000000003,-2.601,-43.29900000000001,22.6906381576191,6.835865882975135,25.31009683069092,2142.0,20,30.050390000000004
1072,-0.085,-36.567,-0.187,-27.727,-1.5470000000000002,-46.257000000000005,18.579841226447552,6.330023905168132,23.472418637727436,2144.0,20,30.050390000000004
1073,0.017,-39.763000000000005,-0.561,-27.115,2.8390000000000004,-47.209,20.37961815147673,6.46712568471732,26.16380570557595,2146.0,20,30.050390000000004
1074,0.323,-40.851000000000006,0.357,-29.699,4.097,-44.387,15.15667984751278,5.037669803152472,23.51301215641408,2148.0,20,30.050390000000004
1075,0.6970000000000001,-41.497,0.119,-27.523000000000003,0.527,-47.821000000000005,20.3021000884145,4.65139141232605,26.28978341916633,2150.0,20,30.050390000000004
1076,0.527,-42.143,0.459,-29.733,-1.921,-47.515,17.940566434758967,5.452094639938422,26.45754788663803,2152.0,20,30.050390000000004
1077,0.391,-42.517,0.527,-29.563,-2.431,-47.243,17.925740263654387,6.147623370260535,26.76362286612608,2154.0,20,30.050390000000004
1078,0.221,-41.973000000000006,-0.527,-25.245,-0.561,-48.025000000000006,22.7800253731202,6.5972896948386985,29.99095861667818,2156.0,20,30.050390000000004
1079,-0.255,-42.891000000000005,2.023,-41.327000000000005,0.255,-47.99100000000001,6.894542769466298,6.161480142457538,14.402422187742912,2158.0,20,30.050390000000004
1080,-0.459,-41.667,-0.289,-29.359,0.935,-48.331,19.0114428700191,5.970313596560519,25.27044647482449,2160.0,20,30.050390000000004
1081,-0.051,-41.633,-0.5950000000000001,-31.297,4.029,-45.441,14.880662350849846,5.1145887791647775,26.97807820392212,2162.0,20,30.050390000000004
1082,0.289,-44.795,-0.153,-31.331000000000003,3.1790000000000003,-44.591,13.672228201723376,5.234132183461581,26.494516702106985,2164.0,20,30.050390000000004
1083,-0.051,-44.081,0.901,-37.587,3.5530000000000004,-42.653000000000006,5.718169287455558,3.969595096577135,22.48661933400604,2166.0,20,30.050390000000004
1084,0.017,-44.251000000000005,0.8670000000000001,-35.479,4.097,-45.135000000000005,10.181907286947766,4.351883375819248,25.88600676084186,2168.0,20,30.050390000000004
1085,-0.459,-44.387,,,,,10.181907286947766,2.7654046887867585,,2170.0,20,30.050390000000004
1086,0.017,-44.761,-1.377,-42.891000000000005,3.4850000000000003,-44.999,5.299312030820605,3.2404324147793813,19.33490736364945,2172.0,20,30.050390000000004
1087,0.119,-44.931,-0.255,-40.273,3.689,-45.679,6.691783917611208,3.684316230406772,16.247305388042186,2174.0,20,30.050390000000004
1088,0.221,-45.135000000000005,0.799,-37.179,3.4850000000000003,-44.761,8.043713072953311,4.00776741825621,18.640330371322985,2176.0,20,30.050390000000004
1089,0.289,-44.591,3.825,-45.237,-0.323,-45.373000000000005,4.150228909349459,2.72473770221557,11.67062864432708,2178.0,20,30.050390000000004
1090,0.629,-45.475,2.261,-47.923,1.037,-47.583000000000006,1.2703448350743196,2.7783162626892906,7.244806757142036,2180.0,20,30.050390000000004
1091,-0.119,-45.373000000000005,,,,,1.2703448350743196,2.825558511433046,,2182.0,20,30.050390000000004
1092,0.8330000000000001,-44.897000000000006,,,,,1.2703448350743196,3.2512015549922424,,2184.0,20,30.050390000000004
1093,1.003,-45.509,,,,,1.2703448350743196,3.3807154026760293,,2186.0,20,30.050390000000004
1094,0.051,-44.149,0.527,-46.631,0.255,-44.625,2.024356687938171,1.9873039122062428,3.548067246569123,2188.0,20,30.050390000000004
1095,0.425,-43.469,-1.445,-47.617,2.8390000000000004,-41.837,7.194515689050932,2.1721703817998264,8.59869807203803,2190.0,20,30.050390000000004
1096,0.561,-43.843,-1.139,-47.447,1.649,-43.605,4.746989361690207,2.35847902821332,6.833321082884457,2192.0,20,30.050390000000004
1097,0.527,-44.251000000000005,,,,,4.746989361690207,2.5980116843355026,,2194.0,20,30.050390000000004
1098,0.663,-45.101000000000006,,,,,4.746989361690207,2.845930930188915,,2196.0,20,30.050390000000004
1099,0.765,-44.693000000000005,-2.261,-47.005,1.003,-43.095000000000006,5.093308944095185,2.519874559882761,6.403974985019032,2198.0,20,30.050390000000004
1100,0.153,-45.237,,,,,5.093308944095185,2.8663166655014467,,2200.0,20,30.050390000000004
1101,0.085,-45.237,-2.635,-46.563,-0.935,-47.821000000000005,2.1148437294514224,3.0328754097472483,24.018862565611396,2202.0,20,30.050390000000004
1102,0.8330000000000001,-43.843,,,,,2.1148437294514224,2.90040637152358,,2204.0,20,30.050390000000004
1103,0.6970000000000001,-45.169,,,,,2.1148437294514224,2.659261426947083,,2206.0,20,30.050390000000004
1104,0.391,-44.999,,,,,2.1148437294514224,3.1293807387873,,2208.0,20,30.050390000000004
1105,0.323,-44.829,-2.7710000000000004,-45.611,-0.323,-45.883,2.463064757573377,3.384891024838612,24.16327917134225,2210.0,20,30.050390000000004
1106,0.935,-45.169,-2.805,-46.257000000000005,1.275,-47.447,4.25,3.066459128533747,5.542867221785415,2212.0,20,30.050390000000004
1107,-0.153,-44.489,-3.1790000000000003,-43.639,1.3090000000000002,-46.86900000000001,5.529470499062275,3.106300958227651,6.299585292532163,2214.0,20,30.050390000000004
1108,0.527,-44.455000000000005,,,,,5.529470499062275,2.8738414094595663,,2216.0,20,30.050390000000004
1109,0.051,-44.183,-3.3150000000000004,-44.86300000000001,1.241,-45.135000000000005,4.564112180917555,2.894473862946318,6.409148390520338,2218.0,20,30.050390000000004
1110,-0.7310000000000001,-44.455000000000005,,,,,4.564112180917555,2.738019804409177,,2220.0,20,30.050390000000004
1111,0.289,-44.132000000000005,-2.125,-43.945,-2.057,-46.767,2.8228191582175435,2.748759918597856,17.293052552853236,2222.0,20,30.050390000000004
1112,-0.289,-44.931,1.241,-47.99100000000001,-2.1590000000000003,-46.631,3.661912068851463,2.3427938644479838,4.907337031961189,2224.0,20,30.050390000000004
1113,-0.323,-43.979000000000006,1.955,-46.461000000000006,-2.2950000000000004,-42.891000000000005,5.550441423886933,3.015089242072427,21.396593631232065,2226.0,20,30.050390000000004
1114,-0.289,-43.741,1.003,-47.685,-2.975,-44.727,4.9572419751309305,2.791775111249356,18.69746968429232,2228.0,20,30.050390000000004
1115,1.921,-43.231,3.519,-46.393,-3.1790000000000003,-43.503,7.29488204154118,2.698950998529301,12.586591411385909,2230.0,20,30.050390000000004
1116,0.493,-44.319,2.873,-46.835,-0.799,-46.86900000000001,3.672157404033765,2.894797034171415,4.617916612939678,2232.0,20,30.050390000000004
1117,-0.051,-45.271,-3.0770000000000004,-42.721,-0.629,-37.587,5.687764059804168,3.6792756127157618,22.364543920687726,2234.0,20,30.050390000000004
1118,0.323,-45.203,-3.111,-45.543000000000006,-0.663,-36.805,9.07443375643902,3.714956122227715,19.28566683046715,2236.0,20,30.050390000000004
1119,0.493,-44.353,-3.0770000000000004,-46.019000000000005,0.7310000000000001,-37.179,9.62530331989595,3.3823802848817697,17.712036952990733,2238.0,20,30.050390000000004
1120,0.765,-41.429,-0.663,-47.345000000000006,0.799,-36.295,11.146297322429543,3.6192868010332,17.28194267724835,2240.0,20,30.050390000000004
1121,0.8670000000000001,-44.523,-2.975,-46.053,-0.5950000000000001,-36.499,9.84597968716166,3.803191269946104,17.03942028633632,2242.0,20,30.050390000000004
1122,0.6970000000000001,-44.387,-3.3150000000000004,-44.523,-0.459,-37.859,7.250215996782441,3.4741658912608075,19.692624863571098,2244.0,20,30.050390000000004
1123,0.221,-44.047,-2.8390000000000004,-46.325,-0.663,-34.459,12.063868865335037,3.21791857508187,22.92656511943936,2246.0,20,30.050390000000004
1124,-0.255,-42.755,-1.105,-46.801,-0.391,-35.207,11.615964531626291,3.2393825147520103,15.290533380724412,2248.0,20,30.050390000000004
1125,-0.493,-42.925,0.629,-47.311,0.561,-35.887,11.42420237915978,3.745305411762221,18.572443269020987,2250.0,20,30.050390000000004
1126,0.051,-42.925,1.751,-47.957,0.935,-38.267,9.724297198255512,3.5047622911871814,15.762730155902275,2252.0,20,30.050390000000004
1127,0.8670000000000001,-43.809000000000005,1.5470000000000002,-48.331,0.425,-40.103,8.30414763837927,2.807506807328433,13.392967684325582,2254.0,20,30.050390000000004
1128,0.493,-43.979000000000006,2.499,-46.903000000000006,0.629,-40.205000000000005,6.954142937846475,3.054801649741936,13.02226015179798,2256.0,20,30.050390000000004
1129,0.6970000000000001,-44.489,3.621,-46.019000000000005,0.425,-40.137,6.694201968868284,3.289221109860238,15.527276397837,2258.0,20,30.050390000000004
1130,0.425,-43.877,2.193,-47.54900000000001,0.323,-42.585,5.304544843810825,3.0212384536657053,23.838277512685234,2260.0,20,30.050390000000004
1131,0.459,-44.693000000000005,,,,,5.304544843810825,3.1650406249979928,,2262.0,20,30.050390000000004
1132,0.527,-45.101000000000006,2.737,-47.209,2.8390000000000004,-47.107000000000006,0.1442497833620556,3.272311228621566,,2264.0,20,30.050390000000004
1133,-0.153,-45.339000000000006,0.629,-48.093,2.057,-45.543000000000006,2.9226159515064585,2.805581163161768,16.15452235520434,2266.0,20,30.050390000000004
1134,0.085,-45.781000000000006,,,,,2.9226159515064585,2.689174606710205,,2268.0,20,30.050390000000004
1135,-0.085,-45.101000000000006,0.8330000000000001,-47.277,3.0090000000000003,-42.007000000000005,5.701567854546678,2.6606647078063346,14.38741326290264,2270.0,20,30.050390000000004
1136,0.187,-44.523,0.017,-47.685,1.6150000000000002,-41.123000000000005,6.753772871514115,2.801165301956016,13.644026049608442,2272.0,20,30.050390000000004
1137,-0.561,-44.285,-3.111,-44.86300000000001,2.975,-46.733,6.366812075128338,3.1242395013220485,18.15928720565196,2274.0,20,30.050390000000004
1138,0.5950000000000001,-44.557,,,,,6.366812075128338,2.5231265686927267,,2276.0,20,30.050390000000004
1139,0.289,-44.149,,,,,6.366812075128338,2.3267100299965966,,2278.0,20,30.050390000000004
1140,-0.187,-43.469,-2.1590000000000003,-45.101000000000006,-0.969,-46.529,1.858839422865784,2.3527152002471423,2.3881003956277365,2280.0,20,30.050390000000004
1141,-1.6150000000000002,-44.217000000000006,-2.873,-45.373000000000005,1.683,-44.659000000000006,4.611608396210589,3.1896759496831555,16.073725204076073,2282.0,20,30.050390000000004
1142,0.391,-44.149,-0.255,-39.559000000000005,3.995,-44.149,6.255445627611194,2.5288996633692613,18.15559178141588,2284.0,20,30.050390000000004
1143,0.051,-43.741,-0.051,-36.431,2.057,-47.651,11.416306933505249,3.813402891082472,16.729457346078377,2286.0,20,30.050390000000004
1144,0.425,-43.163,-0.425,-33.643,0.629,-46.325,12.725723555067509,4.472958896020353,25.483423501105392,2288.0,20,30.050390000000004
1145,-0.119,-38.777,-0.7310000000000001,-25.279000000000003,0.5950000000000001,-45.067,19.832378072233297,6.122522834560648,27.450001367689357,2290.0,20,30.050390000000004
1146,-0.221,-33.235,-0.391,-21.131,0.629,-42.789,21.68200553454408,7.511033896102392,30.674439142993844,2292.0,20,30.050390000000004
1147,-0.153,-31.365,-0.8330000000000001,-18.955,-2.057,-43.027,24.103098555994837,7.701768094600819,28.423025546525555,2294.0,20,30.050390000000004
1148,0.017,-26.979000000000003,-0.901,-15.997000000000002,-1.3090000000000002,-42.721,26.727114322350623,7.474894682970144,28.12583341128461,2296.0,20,30.050390000000004
1149,0.255,-23.409,-0.799,-13.617,0.289,-36.125,22.53428072959064,6.348135295884402,23.496986504184186,2298.0,20,30.050390000000004
1150,-0.017,-21.301,-0.7310000000000001,-12.019,-0.017,-35.071000000000005,23.06305487137383,5.921239841662155,23.96864479867773,2300.0,20,30.050390000000004
1151,-0.187,-19.771,0.357,-7.429,0.085,-35.683,28.255309235610927,7.5780261633386115,29.182837836327497,2302.0,20,30.050390000000004
1152,-0.493,-15.011,0.221,-7.531000000000001,0.323,-27.829,20.29825627978916,6.620272251340576,20.77666252176245,2304.0,20,30.050390000000004
1153,-0.255,-14.807,0.255,-7.021000000000001,0.6970000000000001,-28.849000000000004,21.832474619245524,6.78807223714638,22.54081630604563,2306.0,20,30.050390000000004
1154,-0.051,-13.583,-0.153,-5.729,0.323,-18.785,13.064674201831442,4.023683480369511,14.79783083435396,2308.0,20,30.050390000000004
1155,-0.102,-13.107,0.493,-7.429,0.6970000000000001,-19.567,12.139714164674556,4.748295764313001,13.89415892516238,2310.0,20,30.050390000000004
1156,-0.221,-12.291,-0.493,-6.613,0.5950000000000001,-21.369,14.796056231307045,5.329097913780011,15.449000200709367,2312.0,20,30.050390000000004
1157,-0.051,-10.047,-0.085,-7.225,0.6970000000000001,-18.445,11.24721850058938,5.745723267304133,13.214790342590303,2314.0,20,30.050390000000004
1158,-0.255,-7.225,0.289,-6.375000000000001,0.187,-17.493000000000002,11.118467880063331,6.243489246408213,11.715774139246973,2316.0,20,30.050390000000004
1159,-0.289,-8.398000000000001,0.187,-7.429,-0.323,-16.745,9.329949410366597,9.221443282774958,9.775319872896402,2318.0,20,30.050390000000004
1160,-0.153,1.751,0.425,8.585,-0.017,-0.901,9.496291907897524,8.181358322907448,10.046641545726128,2320.0,20,30.050390000000004
1161,-0.119,1.275,-0.7310000000000001,4.063000000000001,0.357,-3.519,7.65966500572969,6.067280131372831,7.934256269591485,2322.0,20,30.050390000000004
1162,0.119,4.063000000000001,-0.085,6.681,-0.629,3.5530000000000004,3.1749519681406206,7.242653026073755,3.70913714135776,2324.0,20,30.050390000000004
1163,-0.527,6.171,0.459,8.279,-0.527,2.499,5.863496908842026,6.224736233977413,11.941383250129917,2326.0,20,30.050390000000004
1164,-0.357,6.579000000000001,-0.969,1.649,-0.799,-4.7090000000000005,6.360272321213928,5.215551582752356,6.7361898973660645,2328.0,20,30.050390000000004
1165,-0.425,6.103000000000001,-0.901,8.211,0.425,2.091,6.262002555093698,4.173546693599719,10.39132428365183,2330.0,20,30.050390000000004
1166,-0.153,5.865,-0.8670000000000001,7.939000000000001,-0.8670000000000001,4.7090000000000005,3.2300000000000004,3.764287803378837,8.595017265709515,2332.0,20,30.050390000000004
1167,-0.187,4.947,0.221,2.5330000000000004,-0.289,1.207,1.4206956042727803,2.5924245734990223,1.7979586166867778,2334.0,20,30.050390000000004
1168,-0.119,6.545000000000001,0.289,0.425,0.017,0.017,0.4903549734631026,3.0878951823312795,0.6193670206840968,2336.0,20,30.050390000000004
1169,-0.153,6.613,0.323,11.033,0.153,-1.717,12.75113328296744,3.694447406659731,13.560311698277296,2338.0,20,30.050390000000004
1170,-0.153,4.947,-0.459,1.6150000000000002,0.119,-1.037,2.714256435932316,3.18861574267148,4.906070061236492,2340.0,20,30.050390000000004
1171,0.221,5.695,-0.901,5.525,0.255,-2.363,7.972256895007837,3.9776167028972846,10.33871034622862,2342.0,20,30.050390000000004
1172,-0.017,4.437,-1.003,6.885000000000001,-0.7310000000000001,3.791,3.1059330321177243,3.151296446198654,6.260161848747055,2344.0,20,30.050390000000004
1173,-0.255,3.587,-0.901,5.321000000000001,-0.459,2.4650000000000003,2.89,3.2467315745924408,6.400731844966317,2346.0,20,30.050390000000004
1174,-0.221,2.5330000000000004,-0.493,5.559,-0.255,0.663,4.901781308871297,5.731060211417752,5.82207912028224,2348.0,20,30.050390000000004
1175,-0.459,-1.3430000000000002,0.357,6.103000000000001,-0.527,2.329,3.8761491199384994,6.4824128187918895,9.455068790598787,2350.0,20,30.050390000000004
1176,-0.153,-3.4170000000000003,-0.221,-6.851000000000001,-0.799,-14.093000000000002,7.265029112123365,6.976160536504815,7.753647772076764,2352.0,20,30.050390000000004
1177,-0.255,-8.381,-0.901,-6.035,-0.8330000000000001,-15.929,9.894233674216514,7.694423528039431,10.78404030452934,2354.0,20,30.050390000000004
1178,-0.017,-9.299,-0.221,-6.987,-0.799,-21.063,14.087862151511848,8.207332532020391,14.42932396736082,2356.0,20,30.050390000000004
1179,-0.323,-12.053,-0.527,-6.7490000000000006,-0.765,-18.479000000000003,11.732414244306243,5.432087112889815,13.13135877348497,2358.0,20,30.050390000000004
1180,-0.391,-14.365,-0.629,-6.647,-0.765,-20.995,14.348644535286253,6.253406396286482,15.335077648218734,2360.0,20,30.050390000000004
1181,-0.323,-15.419,-0.323,-6.953,0.153,-23.307,16.360925768427656,6.512273515037879,16.718126705025387,2362.0,20,30.050390000000004
1182,-0.391,-16.235,0.017,-7.157000000000001,-0.187,-23.987,16.831236318226896,6.351462513062383,17.561113962093454,2364.0,20,30.050390000000004
1183,-0.255,-17.901,0.085,-7.497000000000001,-0.765,-23.545,16.07049482747809,5.506741229865302,18.881862976736105,2366.0,20,30.050390000000004
1184,-0.153,-16.643,0.255,-7.599,-0.289,-25.313,17.722351198416085,7.762746202055873,18.463825803732533,2368.0,20,30.050390000000004
1185,-0.221,-15.657000000000002,0.153,-7.395,0.493,-21.947000000000003,14.555971420691924,6.148766762642975,15.992598040210284,2370.0,20,30.050390000000004
1186,-0.493,-16.065,-0.6970000000000001,-6.613,-0.255,-23.579,16.971756538437617,5.303304627253295,17.920166969915034,2372.0,20,30.050390000000004
1187,-0.425,-17.663,-0.5950000000000001,-6.783,-0.5950000000000001,-28.475,21.692,7.729688796303982,22.316797924656843,2374.0,20,30.050390000000004
1188,-0.493,-21.505000000000003,0.5950000000000001,-7.531000000000001,-0.663,-33.167,25.666847488540544,7.391787221944249,26.648333964004383,2376.0,20,30.050390000000004
1189,-0.255,-24.65,0.119,-7.633000000000001,-0.5950000000000001,-38.131,30.50635671462589,8.604999864712267,31.27361858089349,2378.0,20,30.050390000000004
1190,-0.085,-27.727,0.391,-12.563,-0.527,-36.431,23.885647322189115,6.52584554545194,24.939589785488472,2380.0,20,30.050390000000004
1191,-0.051,-31.161,0.561,-18.479000000000003,-0.425,-39.151,20.695501443550484,5.891671731485315,21.83717563908529,2382.0,20,30.050390000000004
1192,-0.153,-34.697,0.629,-18.921000000000003,-1.241,-41.259,22.416135795448778,7.573265747108349,27.3781033155012,2384.0,20,30.050390000000004
1193,0.425,-37.859,0.765,-30.651000000000003,-2.363,-43.537000000000006,13.260217946926817,4.82426004772055,18.27057421632185,2386.0,20,30.050390000000004
1194,-0.255,-37.281000000000006,-0.527,-34.697,-0.017,-48.161,13.473655628670343,5.154096066500204,18.301630214409013,2388.0,20,30.050390000000004
1195,0.187,-38.471,-0.561,-31.025,2.805,-44.829,14.208461281926343,4.739251577354791,18.896127082127148,2390.0,20,30.050390000000004
1196,0.493,-39.423,0.119,-30.277,-0.493,-48.331,18.064369903210025,5.958327674858682,22.86997278198647,2392.0,20,30.050390000000004
1197,0.323,-40.63,0.085,-28.747000000000003,-0.051,-48.467000000000006,19.72046895994109,6.387049109414364,25.913342272143037,2394.0,20,30.050390000000004
1198,0.459,-38.403000000000006,-0.051,-29.733,-0.8330000000000001,-45.373000000000005,15.659537796499617,5.581318297398745,19.63232022899736,2396.0,20,30.050390000000004
1199,0.255,-38.369,-0.663,-27.693,-0.425,-48.093,20.40138828609465,6.294093196014005,23.05795687496711,2398.0,20,30.050390000000004
1200,0.102,-39.491,0.085,-30.719,0.527,-47.889,17.1756881667082,5.467521401407937,20.292055858482115,2400.0,20,30.050390000000004
1201,-0.255,-39.865,-0.459,-30.787000000000003,3.451,-46.393,16.088360264489356,5.274547572418685,23.4320490748984,2402.0,20,30.050390000000004
1202,-0.051,-41.463,0.7310000000000001,-28.271,3.791,-45.849,17.842356458719234,6.297989915017968,25.83001643788392,2404.0,20,30.050390000000004
1203,-0.017,-42.279,0.391,-28.407000000000004,4.063000000000001,-44.795,16.794348096904507,6.036235059260583,28.48140263773565,2406.0,20,30.050390000000004
1204,0.153,-43.639,-0.765,-32.827000000000005,3.859,-43.707,11.821834713782795,4.938977284812853,25.95643104358034,2408.0,20,30.050390000000004
1205,0.085,-43.537000000000006,-0.289,-31.501,3.757,-46.223000000000006,15.26785512113604,5.274887895191808,25.46365790308294,2410.0,20,30.050390000000004
1206,0.119,-43.129000000000005,-0.765,-33.609,-0.901,-47.923,14.314646066179913,4.431603246748367,21.486723905969203,2412.0,20,30.050390000000004
1207,0.425,-42.585,-0.459,-34.051,1.3090000000000002,-47.719,13.781873892907308,3.401317473686785,18.351453158725697,2414.0,20,30.050390000000004
1208,0.799,-42.551,0.663,-35.683,3.3830000000000005,-46.563,11.214847301680038,3.152262513330156,20.382529019869665,2416.0,20,30.050390000000004
1209,1.003,-44.489,1.479,-41.089000000000006,-0.017,-47.99100000000001,7.062267341300526,4.012633099423193,12.324400227357904,2418.0,20,30.050390000000004
1210,0.8330000000000001,-42.313,0.935,-39.831,-0.527,-46.733,7.05514337203717,4.019052307313281,12.406571079458038,2420.0,20,30.050390000000004
1211,0.527,-44.013000000000005,-0.527,-35.343,-2.4650000000000003,-42.925,7.825763093781973,4.957826700663546,27.384150057176715,2422.0,20,30.050390000000004
1212,0.153,-44.86300000000001,-0.323,-35.173,-3.043,-42.687000000000005,7.991157362985665,4.659949929978793,23.70167899471771,2424.0,20,30.050390000000004
1213,-0.085,-44.829,-1.5810000000000002,-41.361,2.193,-41.293000000000006,3.774612562899669,3.8836500120871063,19.63763740579375,2426.0,20,30.050390000000004
1214,1.3430000000000002,-44.659000000000006,-0.153,-41.973000000000006,1.241,-41.089000000000006,1.6506641087756164,3.452858121831421,19.7256557266257,2428.0,20,30.050390000000004
1215,0.017,-44.727,-0.425,-41.225,0.663,-41.497,1.1214847301680038,2.704139231976692,2.07613162597398,2430.0,20,30.050390000000004
1216,0.527,-43.605,0.391,-36.227,2.8390000000000004,-42.245000000000005,6.496847543232026,3.0693916341294734,22.714237853346976,2432.0,20,30.050390000000004
1217,0.357,-42.789,-0.629,-31.331000000000003,2.9410000000000003,-42.177,11.41843316747092,5.168470389922481,29.256526794439687,2434.0,20,30.050390000000004
1218,0.085,-38.471,-0.527,-28.781,-1.241,-44.761,15.995943110676532,5.678267860290729,20.649730909015428,2436.0,20,30.050390000000004
1219,-0.017,-32.453,-0.8330000000000001,-23.273000000000003,-2.363,-46.325,23.102718541331885,6.583776436505988,24.92532002588079,2438.0,20,30.050390000000004
1220,0.085,-30.651000000000003,-0.5950000000000001,-19.397,0.663,-44.693000000000005,25.327261596943323,7.3634825843689935,28.73209254771295,2440.0,20,30.050390000000004
1221,-0.051,-28.594,-0.901,-15.283,0.425,-44.047,28.79454760887901,7.951871408287673,30.53618929162407,2442.0,20,30.050390000000004
1222,0.085,-24.531,-0.901,-12.461,1.003,-38.811,26.418700119422983,7.399726598707721,28.061527450006064,2444.0,20,30.050390000000004
1223,-0.153,-19.873,-0.901,-10.013,0.561,-30.991000000000003,21.02888318480085,6.525212160045097,24.44756978879432,2446.0,20,30.050390000000004
1224,0.119,-16.677,0.187,-7.565,-0.7310000000000001,-27.013,19.469654028770005,6.006296543330519,20.35725571586991,2448.0,20,30.050390000000004
1225,-0.153,-12.971,-0.459,-6.613,0.187,-21.641,15.04187820719208,4.871575643373324,17.030240423310286,2450.0,20,30.050390000000004
1226,-0.323,-12.461,-0.8670000000000001,-5.933000000000001,0.6970000000000001,-22.389000000000003,16.530155232180974,6.294959536770575,17.873691699997817,2452.0,20,30.050390000000004
1227,-0.085,-7.701,-0.5950000000000001,-6.613,0.663,-15.113,8.592587735950097,6.409841856771364,10.725318328931609,2454.0,20,30.050390000000004
1228,-0.153,0.561,-0.153,9.537,0.289,-3.2470000000000003,12.791638675322252,6.898325445535716,13.34980752995897,2456.0,20,30.050390000000004
1229,-0.323,4.811,-1.0710000000000002,12.359000000000002,0.119,-1.853,14.261733555216912,5.722918490684912,15.145043054565724,2458.0,20,30.050390000000004
1230,-0.561,7.633000000000001,-0.391,17.901,0.153,-2.2270000000000003,20.13535000937406,6.990577140283526,20.57456286560055,2460.0,20,30.050390000000004
1231,-0.357,9.061,-0.425,18.479000000000003,-0.221,0.493,17.987156862606167,6.930322871456739,18.185848226452173,2462.0,20,30.050390000000004
1232,-0.017,10.319,-0.6970000000000001,17.323,-0.187,0.5950000000000001,16.73577258449696,6.527625808175584,17.320952509267368,2464.0,20,30.050390000000004
1233,-0.051,11.373,-0.8330000000000001,16.949,0.187,5.321000000000001,11.672651112750694,4.287925409720259,11.982067263080406,2466.0,20,30.050390000000004
1234,-0.051,15.113,-0.663,18.207,-0.6970000000000001,4.369000000000001,13.83804176897873,5.529977376413141,14.37420826333204,2468.0,20,30.050390000000004
1235,-0.051,17.187,-0.459,18.853,-0.799,8.007000000000001,10.851327845015096,5.293250462347579,11.683408210193052,2470.0,20,30.050390000000004
1236,-0.289,20.009,0.391,31.875000000000004,-0.8330000000000001,18.921000000000003,13.011698275013911,7.376346482949581,13.330106159933004,2472.0,20,30.050390000000004
1237,-0.221,24.361,0.391,34.493,-0.153,20.757,13.74676805652878,8.0753222374161,14.374135917652014,2474.0,20,30.050390000000004
1238,-0.323,28.883000000000003,0.459,36.023,0.289,22.253,13.771049342733471,5.9040563292801735,14.84269547907786,2476.0,20,30.050390000000004
1239,-0.187,30.549000000000003,0.391,38.913,-0.969,19.193,19.76684092109814,5.732707290400283,21.3778609332997,2478.0,20,30.050390000000004
1240,-0.119,33.473,1.683,41.599,-0.493,20.383000000000003,21.327297812896976,6.742473698004716,22.48602031311965,2480.0,20,30.050390000000004
1241,-0.085,34.425000000000004,2.499,42.585,-0.357,21.063,21.710670648324065,5.823968307957826,23.15209060457106,2482.0,20,30.050390000000004
1242,-0.051,36.397000000000006,3.0090000000000003,43.061,-0.459,20.621,22.706400507345943,6.459737385207275,25.10230081986362,2484.0,20,30.050390000000004
1243,0.221,38.301,2.023,47.379000000000005,-0.5950000000000001,23.477,24.04494807646713,7.132714775333546,26.342576195141294,2486.0,20,30.050390000000004
1244,-0.119,38.352,-0.323,47.175,-0.425,23.409,23.766218883112224,7.440322635643783,26.592676023691176,2488.0,20,30.050390000000004
1245,0.085,38.097,2.261,46.971,-0.425,30.889000000000003,16.30476372107244,4.832205196128987,17.876962966622326,2490.0,20,30.050390000000004
1246,-0.187,39.831,1.377,46.665000000000006,0.357,29.529000000000003,17.166330300911724,5.2502282097183866,18.842420546821284,2492.0,20,30.050390000000004
1247,0.017,38.913,-2.601,47.073,0.255,30.923,16.400586452929055,4.576111814696546,19.05004857098505,2494.0,20,30.050390000000004
1248,0.153,41.497,-1.955,46.053,-0.323,35.343,10.833629308777368,6.9667088119686085,19.01932344906038,2496.0,20,30.050390000000004
1249,-0.289,40.783,-1.649,47.277,-1.0710000000000002,24.395000000000003,22.88929898445997,7.769194514977175,26.69358372330925,2498.0,20,30.050390000000004
1250,-0.289,40.477,-2.737,47.481,-0.391,27.353,20.264256709783364,5.697934328218452,24.53646914691097,2500.0,20,30.050390000000004
1251,-1.0710000000000002,41.327000000000005,0.8670000000000001,48.263000000000005,0.357,37.009,11.265549964382563,4.873807813235383,16.63383604438735,2502.0,20,30.050390000000004
1252,-0.799,42.721,0.6970000000000001,47.617,-0.527,34.493,13.180954138452952,4.511258628778095,16.840868534405512,2504.0,20,30.050390000000004
1253,-0.085,42.143,-0.935,48.467000000000006,0.085,29.801,18.693848078980423,5.009047094439853,26.485212310226213,2506.0,20,30.050390000000004
1254,-0.289,41.157,-0.085,47.957,0.391,28.611,19.35185500152376,5.464922876081483,23.76997043923596,2508.0,20,30.050390000000004
1255,0.119,40.919,,,,,19.35185500152376,5.886736825007734,,2510.0,20,30.050390000000004
1256,0.119,41.429,-3.213,46.461000000000006,0.391,28.203000000000003,18.610303060401787,5.8969156908022295,27.85583632745925,2512.0,20,30.050390000000004
1257,-0.6970000000000001,42.483,-0.391,48.059000000000005,-0.323,26.877,21.182109148996474,6.491960886978532,29.01605240120077,2514.0,20,30.050390000000004
1258,-0.663,42.177,-0.8670000000000001,48.297,-1.037,48.263000000000005,0.1733666634621546,4.84481921688062,,2516.0,20,30.050390000000004
1259,0.085,41.905,,,,,0.1733666634621546,4.366138040248847,,2518.0,20,30.050390000000004
1260,-0.119,42.211000000000006,-2.907,46.835,0.391,35.377,11.92319453837771,4.100123585068947,20.61771213157947,2520.0,20,30.050390000000004
1261,0.051,43.231,-1.377,46.835,0.391,34.221000000000004,12.737300341909192,4.510176236157249,19.762161905178488,2522.0,20,30.050390000000004
1262,0.221,42.279,-0.255,46.461000000000006,0.425,38.981,7.510845491687338,2.418604021542742,13.20227422341622,2524.0,20,30.050390000000004
1263,-0.493,42.687000000000005,-2.873,45.067,-0.289,38.369,7.179154546323683,2.1351051087088475,10.397972574390344,2526.0,20,30.050390000000004
1264,-0.901,41.769000000000005,-0.935,48.127,-0.323,32.521,15.617995389934013,4.717063721041525,18.610626607955894,2528.0,20,30.050390000000004
1265,-0.969,42.925,1.037,47.923,-0.901,29.733,18.292947930828426,5.937792669949361,24.33884443430792,2530.0,20,30.050390000000004
1266,0.8330000000000001,43.333000000000006,-0.7310000000000001,42.245000000000005,0.391,32.419000000000004,9.889851363898249,3.977282202873799,17.212551077437922,2532.0,20,30.050390000000004
1267,-0.391,43.197,-3.5530000000000004,44.523,-0.187,28.849000000000004,16.03135153379153,5.480493313883742,29.53843769750864,2534.0,20,30.050390000000004
1268,-0.425,42.347,-3.995,45.645,-0.391,28.373,17.64400181364761,5.35503636634305,24.903576617232,2536.0,20,30.050390000000004
1269,-0.493,43.571000000000005,-3.0090000000000003,46.699000000000005,-0.493,30.311000000000003,16.58001206272179,4.372249797307559,24.690642471272024,2538.0,20,30.050390000000004
1270,-0.8330000000000001,42.925,-3.757,44.795,-0.187,33.949000000000005,11.41843316747092,3.4246943093794737,20.802843011034973,2540.0,20,30.050390000000004
1271,-0.527,44.285,-3.4170000000000003,44.217000000000006,-0.527,35.173,9.49452663380329,3.552268094271076,19.661827593044503,2542.0,20,30.050390000000004
1272,-0.935,44.591,-2.091,47.54900000000001,0.153,36.125,11.642306987878303,3.150426314623667,20.414011600445264,2544.0,20,30.050390000000004
1273,-0.629,45.373000000000005,-1.649,45.611,-0.561,37.519000000000005,8.164815245919531,3.6412354077872666,21.378849412592807,2546.0,20,30.050390000000004
1274,0.391,45.135000000000005,,,,,8.164815245919531,3.5243106352261204,,2548.0,20,30.050390000000004
1275,0.221,43.503,1.173,43.945,0.391,38.199000000000005,5.7989688738602485,3.604414473250219,30.27811542198225,2550.0,20,30.050390000000004
1276,-0.051,43.673,0.493,44.829,-1.105,40.885000000000005,4.2554365228493305,3.114615902312019,24.44626145031756,2552.0,20,30.050390000000004
1277,0.119,44.047,2.737,43.843,-0.527,42.551,3.510407383766164,2.4016319019055814,4.277837895466106,2554.0,20,30.050390000000004
1278,-0.187,45.271,0.391,39.831,-1.751,42.211000000000006,3.201962523203544,2.268051155656332,6.829881265050845,2556.0,20,30.050390000000004
1279,-0.391,43.537000000000006,-0.425,33.065000000000005,-1.683,41.429,8.458076613509718,3.902306332758106,17.79877129176288,2558.0,20,30.050390000000004
1280,-1.003,40.817,,,,,8.458076613509718,4.90147525642472,,2560.0,20,30.050390000000004
1281,-0.6970000000000001,38.709,-1.139,25.585,-0.935,40.715,15.131375218399684,6.820953674926655,15.851679859198208,2562.0,20,30.050390000000004
1282,-0.493,35.241,,,,,15.131375218399684,6.666309683911039,,2564.0,20,30.050390000000004
1283,-0.6970000000000001,30.889000000000003,-1.139,21.165000000000003,0.663,41.225,20.14077466236093,6.578943911173659,21.361246250501956,2566.0,20,30.050390000000004
1284,-0.153,31.705,-1.003,19.397,-1.037,37.621,18.224031716390314,6.657658244970392,20.229335569623505,2568.0,20,30.050390000000004
1285,-0.493,28.781,-0.935,18.615,0.357,38.437000000000005,19.864061719598038,5.884140525384659,22.92924332108683,2570.0,20,30.050390000000004
1286,-0.527,25.585,-0.153,20.859,0.357,38.267,17.4154691007736,7.471800371446402,20.39488316762597,2572.0,20,30.050390000000004
1287,-0.357,20.247,-0.5950000000000001,19.669,-1.207,32.453,12.798640552808724,6.713554947825387,13.880335699821805,2574.0,20,30.050390000000004
1288,-0.493,16.541,-0.901,18.819000000000003,-1.0710000000000002,33.779,14.960965877910423,8.075940615971533,15.492063259662851,2576.0,20,30.050390000000004
1289,-0.459,13.821000000000002,-1.105,18.241,-0.8330000000000001,33.779,15.54038056162075,9.80181843510588,16.223474933896203,2578.0,20,30.050390000000004
1290,-0.323,11.781,-0.663,4.2330000000000005,0.017,19.907,15.688743608077736,6.035716717194626,16.642242947662947,2580.0,20,30.050390000000004
1291,-0.221,11.135000000000002,-0.5950000000000001,4.2330000000000005,-0.119,20.043000000000003,15.817163968297224,5.0554247104430425,16.917994217742056,2582.0,20,30.050390000000004
1292,-0.255,10.149,0.323,1.649,-0.289,19.397,17.758548589341416,5.574624184856579,18.54042392709356,2584.0,20,30.050390000000004
1293,-0.289,10.761,-0.357,1.207,-0.119,18.615,17.409626877104518,5.967557312029147,18.120175442957983,2586.0,20,30.050390000000004
1294,-0.493,6.4430000000000005,0.153,-2.193,-1.003,15.045000000000002,17.27671785959359,5.574446397006032,17.877873352519803,2588.0,20,30.050390000000004
1295,-0.527,6.375000000000001,-0.969,8.789000000000001,-0.8330000000000001,15.827000000000002,7.039313887020525,6.630341058320724,7.357163655991041,2590.0,20,30.050390000000004
1296,-0.663,10.081,-0.799,5.151000000000001,-0.901,15.487000000000002,10.336503277220976,7.533679983010477,10.615101929021728,2592.0,20,30.050390000000004
1297,-0.391,-3.111,-0.799,4.743,-0.221,16.643,11.914028873559104,10.103748263909347,12.501589351564284,2594.0,20,30.050390000000004
1298,-0.119,-4.862,-0.8670000000000001,5.6610000000000005,-0.051,14.943,9.317799096353172,10.016064803098413,9.864901096838988,2596.0,20,30.050390000000004
1299,-0.289,-7.191000000000001,-0.935,-14.093000000000002,-0.8670000000000001,-6.035,8.058286914723254,8.358393860910375,8.8814742691341,2598.0,20,30.050390000000004
1300,-0.391,-9.129,-0.765,-19.635,-0.6970000000000001,-6.375000000000001,13.260174357828031,8.975526606481381,13.91544162442317,2600.0,20,30.050390000000004
1301,-0.153,-9.911,-0.459,-19.941000000000003,-0.901,-6.103000000000001,13.845057168534916,6.318982634900909,14.349396391609542,2602.0,20,30.050390000000004
1302,-0.323,-12.597,-0.7310000000000001,-22.695,-0.901,-6.069000000000001,16.626869097939036,5.528733713889531,17.206076353705757,2604.0,20,30.050390000000004
1303,-0.391,-16.167,-0.901,-25.721,-0.7310000000000001,-6.409000000000001,19.31274822494199,6.782781398179916,20.4219548067036,2606.0,20,30.050390000000004
1304,-0.425,-15.895,-0.8670000000000001,-24.837000000000003,-0.527,-6.783,18.0572012227809,6.828661056996623,19.226697493672656,2608.0,20,30.050390000000004
1305,-0.085,-16.779,-0.527,-23.851000000000003,-0.289,-6.953,16.89967597322505,5.54249584889869,18.095799664150867,2610.0,20,30.050390000000004
1306,-0.323,-16.473000000000003,0.391,-23.817,0.527,-7.463000000000001,16.354565478789098,5.568706968310468,17.298976099574027,2612.0,20,30.050390000000004
1307,-0.187,-20.077,-0.289,-30.855000000000004,0.459,-7.463000000000001,23.40395624675452,6.884782983413142,24.073215912611182,2614.0,20,30.050390000000004
1308,-0.153,-16.677,0.561,-25.891,-0.187,-7.089,18.816872960191876,5.816832248077361,19.50997399899161,2616.0,20,30.050390000000004
1309,-0.153,-18.105,-0.323,-26.129,0.629,-10.421,15.736822042585343,5.535230497806014,22.79095685720161,2618.0,20,30.050390000000004
1310,-0.289,-17.731,,,,,15.736822042585343,5.52876741838589,,2620.0,20,30.050390000000004
1311,-0.221,-18.037000000000003,0.629,-29.155,-0.119,-13.311000000000002,15.861646824967451,6.355420992200255,28.070207844271746,2622.0,20,30.050390000000004
1312,-0.221,-19.499,0.017,-28.475,0.391,-14.059,14.420850599045815,5.5890411109872975,24.203500072895483,2624.0,20,30.050390000000004
1313,-0.323,-21.777,-0.5950000000000001,-32.011,0.663,-14.127,17.92819065048116,6.5924275317864565,25.64332419346864,2626.0,20,30.050390000000004
1314,-0.255,-24.667,-0.7310000000000001,-32.963,0.391,-11.645,21.347505896474186,6.380460507250632,23.725499321586625,2628.0,20,30.050390000000004
1315,-0.153,-25.857000000000003,-0.493,-36.805,0.6970000000000001,-14.263000000000002,22.57338840316181,6.848386465143864,23.67704166491089,2630.0,20,30.050390000000004
1316,0.187,-27.149,0.357,-36.907,0.153,-16.269000000000002,20.639008212605567,5.700035355431626,22.65407840799772,2632.0,20,30.050390000000004
1317,0.221,-27.523000000000003,0.391,-37.315000000000005,-0.527,-14.739,22.59465644793034,6.473854232269968,23.56036617253681,2634.0,20,30.050390000000004
1318,0.357,-28.883000000000003,0.323,-38.505,-0.527,-13.923000000000002,24.59669132220836,7.179967284061305,25.753124559205236,2636.0,20,30.050390000000004
1319,0.289,-30.685,0.391,-37.485,-0.561,-17.901,19.60712523548519,5.791504759053259,20.48985912725081,2638.0,20,30.050390000000004
1320,0.221,-36.499,-3.0090000000000003,-45.475,0.765,-27.897,17.978575026959174,5.380435189914098,20.42620789168512,2640.0,20,30.050390000000004
1321,0.153,-37.213,-3.281,-45.713,0.765,-27.795,18.369127360873733,6.611317877771563,25.69276098042888,2642.0,20,30.050390000000004
1322,0.153,-37.417,-2.669,-46.325,0.527,-28.475,18.133861033988325,6.900823713449237,27.02275801155334,2644.0,20,30.050390000000004
1323,0.119,-39.015,-1.3090000000000002,-47.277,0.765,-28.815,18.578130153489614,6.214645277792079,23.17462842837958,2646.0,20,30.050390000000004
1324,0.289,-39.304,-1.921,-45.747,0.6970000000000001,-27.727,18.209182408883716,5.719737409995438,23.10922716100565,2648.0,20,30.050390000000004
1325,-0.187,-39.593,0.051,-48.399,0.6970000000000001,-27.183000000000003,21.225832657401217,6.708037975280564,26.027910864618107,2650.0,20,30.050390000000004
1326,0.561,-40.205000000000005,-1.853,-47.54900000000001,0.527,-26.537000000000003,21.14636006503247,6.88598300718599,27.439374603818187,2652.0,20,30.050390000000004
1327,0.425,-39.831,0.493,-48.059000000000005,-0.663,-28.543000000000003,19.55020695542633,6.906757393158814,24.11748158642115,2654.0,20,30.050390000000004
1328,0.255,-40.001000000000005,1.853,-46.971,0.799,-26.741000000000003,20.257438535017208,7.324631974184909,28.110555887770808,2656.0,20,30.050390000000004
1329,0.187,-40.001000000000005,2.261,-46.937000000000005,0.391,-29.529000000000003,17.508151358724312,7.174523757850978,22.62506164774359,2658.0,20,30.050390000000004
1330,0.017,-41.565000000000005,-0.663,-48.263000000000005,-0.6970000000000001,-31.025,17.238033530539383,6.214665617600086,24.40946876660316,2660.0,20,30.050390000000004
1331,0.527,-41.463,-1.819,-47.583000000000006,-0.527,-31.773000000000003,15.862703552673484,5.141769435375804,25.04581043038672,2662.0,20,30.050390000000004
1332,0.425,-41.123000000000005,0.391,-48.467000000000006,-0.017,-32.997,15.475379284528056,5.317553028627051,25.08520820292176,2664.0,20,30.050390000000004
1333,0.527,-40.681,-0.935,-45.101000000000006,-0.6970000000000001,-34.935,10.168785571541964,4.2908952139977865,19.651594224075684,2666.0,20,30.050390000000004
1334,-0.425,-41.565000000000005,-2.907,-42.449000000000005,0.425,-36.363,6.938416245801344,2.28627228141785,9.422446673806212,2668.0,20,30.050390000000004
1335,-0.085,-40.919,-2.7710000000000004,-46.019000000000005,0.901,-39.729000000000006,7.283384103560652,2.7552962323899006,8.585993435395025,2670.0,20,30.050390000000004
1336,0.221,-41.293000000000006,-1.819,-47.515,0.8670000000000001,-34.969,12.830304439100424,4.055297758805289,16.55151255978238,2672.0,20,30.050390000000004
1337,-0.187,-39.321000000000005,1.751,-45.237,-0.629,-33.711000000000006,11.769157828833803,3.531172568876351,13.59392030821084,2674.0,20,30.050390000000004
1338,0.357,-40.868,-2.329,-46.835,0.085,-36.465,10.647267067186773,4.502447155774942,19.040559893596228,2676.0,20,30.050390000000004
1339,-0.357,-42.347,,,,,10.647267067186773,4.665113574690257,,2678.0,20,30.050390000000004
1340,0.289,-42.857000000000006,,,,,10.647267067186773,3.764810581202652,,2680.0,20,30.050390000000004
1341,0.153,-43.027,-0.561,-48.331,0.765,-36.669,11.737142752816805,4.269978724013899,22.999595437512195,2682.0,20,30.050390000000004
1342,-0.085,-42.993,2.125,-47.753,0.119,-36.057,11.866779344034338,4.856460686635489,22.657149954536298,2684.0,20,30.050390000000004
1343,0.323,-41.531000000000006,-0.901,-47.617,-0.5950000000000001,-36.669,10.95227556263994,5.1533332473314255,18.35961488376457,2686.0,20,30.050390000000004
1344,0.187,-41.225,-0.629,-47.481,-0.425,-37.893,9.59016996721122,5.05144111574652,29.4356812445391,2688.0,20,30.050390000000004
1345,0.221,-41.769000000000005,1.5810000000000002,-41.021,-0.629,-38.131,3.638158875035559,3.5725033240692845,13.21895779722771,2690.0,20,30.050390000000004
1346,0.425,-42.517,2.2270000000000003,-45.611,-0.459,-39.763000000000005,6.435347698454218,3.5692674267722664,21.27026836926417,2692.0,20,30.050390000000004
1347,1.275,-42.789,-1.3090000000000002,-41.157,-0.561,-38.811,2.462360655955987,3.2408363605011554,10.219810668296574,2694.0,20,30.050390000000004
1348,0.765,-42.279,-0.527,-38.471,-0.527,-38.267,0.204,3.709616982316503,,2696.0,20,30.050390000000004
1349,0.663,-41.361,-0.561,-36.975,-0.493,-35.513000000000005,1.4635805410021,2.9821682213885103,1.989172386030986,2698.0,20,30.050390000000004
1350,0.391,-41.395,-0.5950000000000001,-32.113,-0.663,-31.501,0.6157661893933444,4.279221179013614,,2700.0,20,30.050390000000004
1351,0.017,-40.953,-0.629,-29.903,-0.8330000000000001,-28.951,0.973611832302792,4.425719687497445,,2702.0,20,30.050390000000004
1352,-0.119,-38.437000000000005,-0.425,-41.463,-0.765,-26.401000000000003,15.065836983055409,6.595940138591538,17.683256321832026,2704.0,20,30.050390000000004
1353,-0.187,-34.765,,,,,15.065836983055409,6.478276682254374,,2706.0,20,30.050390000000004
1354,-0.187,-31.637000000000004,-0.323,-43.809000000000005,-0.7310000000000001,-21.267000000000003,22.54569200534772,6.88964454808697,28.68533621301248,2708.0,20,30.050390000000004
1355,-0.085,-28.645000000000003,-1.921,-42.789,-0.8330000000000001,-17.561,25.25145001777126,6.786070063090874,27.81557738447291,2710.0,20,30.050390000000004
1356,-0.085,-23.783,0.901,-40.409000000000006,-0.323,-13.243,27.193560487733123,7.134270229975878,27.80811926556219,2712.0,20,30.050390000000004
1357,-0.221,-22.423,0.901,-40.375,0.153,-10.727,29.65743427877739,7.757756486618487,30.26680697997432,2714.0,20,30.050390000000004
1358,-0.153,-16.779,0.153,-30.311000000000003,-0.663,-6.885000000000001,23.4402075929374,6.108006541445739,24.577767838618986,2716.0,20,30.050390000000004
1359,-0.323,-14.977,0.323,-29.121,-0.561,-6.681,22.45740537105745,7.758717256493289,23.364705456669896,2718.0,20,30.050390000000004
1360,-0.561,-15.079,-0.765,-25.245,-0.5950000000000001,-7.055000000000001,18.190794375177795,5.085241079715899,20.29702402692026,2720.0,20,30.050390000000004
1361,-0.119,-13.787,-0.527,-22.831000000000003,-0.5950000000000001,-6.681,16.15014315726025,5.55192430674151,19.937487219421488,2722.0,20,30.050390000000004
1362,-0.017,-9.775,0.459,-19.907,0.153,-7.395,12.515741288473489,6.766855054848843,14.05553141814006,2724.0,20,30.050390000000004
1363,-0.255,-9.231,0.6970000000000001,-21.471,0.221,-7.395,14.084046009581195,10.273443913630617,14.8705870232017,2726.0,20,30.050390000000004
1364,-0.221,3.213,0.085,-14.501,0.459,-7.395,7.115835298824728,9.724334311046675,9.12389791712107,2728.0,20,30.050390000000004
1365,-0.187,4.437,0.255,-2.669,0.459,11.713,14.383446735744531,6.391919206212654,15.668166667577514,2730.0,20,30.050390000000004
1366,-0.187,5.559,0.255,-2.431,0.425,12.019,14.45099996540032,4.596570702621832,15.058780354147403,2732.0,20,30.050390000000004
1367,-0.289,8.84,0.255,-2.499,0.051,17.867,20.367021677211422,6.579509464440968,20.84561063985239,2734.0,20,30.050390000000004
1368,-0.085,11.441,-0.187,0.425,0.017,20.791,20.367021677211422,5.76369767102467,21.048602207462977,2736.0,20,30.050390000000004
1369,-0.085,13.039,-0.187,0.7310000000000001,-0.799,16.677,15.957739814898602,6.538340341850174,16.330578066576763,2738.0,20,30.050390000000004
1370,-0.221,14.263000000000002,-0.051,0.391,-0.527,18.615,18.23021535802581,7.572694816250048,18.511049386533003,2740.0,20,30.050390000000004
1371,-0.493,15.453,-0.7310000000000001,4.879,-0.289,19.703000000000003,14.830587985646424,7.580582448483961,16.378743502560077,2742.0,20,30.050390000000004
1372,-0.255,17.629,-0.765,5.729,-0.017,20.417,14.707033963379564,6.884638059398747,15.54375379358784,2744.0,20,30.050390000000004
1373,-0.391,21.709000000000003,-0.629,19.465,0.323,28.237,8.82350769252229,5.005705866926919,9.563725340149691,2746.0,20,30.050390000000004
1374,-0.5950000000000001,23.851000000000003,-0.425,20.519,0.357,29.767000000000003,9.281003609524134,7.19517893416364,11.178147420242455,2748.0,20,30.050390000000004
1375,-0.561,24.769,-0.085,21.505000000000003,-0.6970000000000001,29.903,8.420270066927783,5.665044192002588,8.761394928089047,2750.0,20,30.050390000000004
1376,-0.629,23.069000000000003,-0.8330000000000001,18.683,-0.527,28.475,9.796780083272258,3.953924112795709,10.64873749521461,2752.0,20,30.050390000000004
1377,-0.357,26.333,-0.493,20.213,0.391,34.527,14.341270933916562,5.973888328542001,15.309163481635892,2754.0,20,30.050390000000004
1378,-0.357,28.849000000000004,-1.105,18.275,0.391,39.899,21.67568665579017,7.0466468615466535,22.58510726332757,2756.0,20,30.050390000000004
1379,-0.493,33.439,-0.459,20.485000000000003,2.601,42.755,22.47924598379581,6.692230872970752,25.069074364795537,2758.0,20,30.050390000000004
1380,-0.187,35.768,-1.0710000000000002,23.205,3.3830000000000005,44.149,21.412362130320886,6.617749364253506,23.670261533205124,2760.0,20,30.050390000000004
1381,-0.323,36.193000000000005,0.357,25.041,3.0090000000000003,45.509,20.63909222809957,5.9853639240514935,23.475354224288303,2762.0,20,30.050390000000004
1382,-0.425,35.938,-1.139,28.373,1.989,41.837,13.822578630631842,5.204065248335311,17.655967916876467,2764.0,20,30.050390000000004
1383,-0.051,38.607,0.187,28.169,1.819,47.753,19.651882352589027,6.173515808203694,20.55762122293148,2766.0,20,30.050390000000004
1384,0.255,39.423,0.255,25.891,0.221,48.467000000000006,22.576025602395124,6.784998060064863,24.934280105539344,2768.0,20,30.050390000000004
1385,-0.221,38.063,-1.037,25.041,1.0710000000000002,47.923,22.97889440334325,6.727338116124908,24.390106272239144,2770.0,20,30.050390000000004
1386,-0.425,38.879000000000005,-0.493,23.647,2.499,45.509,22.065790445846257,6.330952771059108,25.506877188780187,2772.0,20,30.050390000000004
1387,-0.289,39.491,-1.241,25.687,0.255,47.515,21.879204738746797,6.913491107077871,26.82065985370856,2774.0,20,30.050390000000004
1388,-0.017,41.089000000000006,0.017,35.139,-2.091,46.86900000000001,11.917909380424067,4.66155189584186,18.539181136134054,2776.0,20,30.050390000000004
1389,-0.221,40.783,-1.139,33.235,-0.765,47.447,14.216920200943663,4.746067083278225,17.734371329631973,2778.0,20,30.050390000000004
1390,-0.527,41.463,-1.139,34.765,2.023,47.753,13.36736279151576,4.921859900118306,18.43807077081366,2780.0,20,30.050390000000004
1391,-0.085,42.109,-0.969,35.445,-1.921,47.923,12.514263382237088,5.237654497995379,21.480576491814126,2782.0,20,30.050390000000004
1392,0.289,41.73500000000001,-1.105,33.065000000000005,-2.907,47.345000000000006,14.393248556180776,5.700612812710316,24.135091072847334,2784.0,20,30.050390000000004
1393,-0.051,41.837,-1.139,30.175,-2.363,45.577000000000005,15.450559213180604,6.596765999359761,29.21130719679604,2786.0,20,30.050390000000004
1394,0.153,42.109,-1.105,30.311000000000003,-2.601,46.257000000000005,16.0160211038822,6.115620523352864,23.33841040666841,2788.0,20,30.050390000000004
1395,-0.051,43.248000000000005,0.357,31.739,-3.4170000000000003,45.747,14.507485653964991,5.921504705429052,28.76639754387056,2790.0,20,30.050390000000004
1396,-0.799,43.401,-0.935,37.689,-1.241,48.093,10.408499027237308,3.6908413238968,15.466356161031566,2792.0,20,30.050390000000004
1397,-0.663,42.755,0.357,37.315000000000005,0.425,47.481,10.166227422205347,4.03261654469301,14.628419612924269,2794.0,20,30.050390000000004
1398,-0.017,39.797,-0.323,32.419000000000004,-0.119,46.223000000000006,13.80550730686852,4.052888805376289,17.31099301942629,2796.0,20,30.050390000000004
1399,0.153,41.905,-0.799,32.045,-1.105,48.093,16.050917107754312,5.405358681357618,19.326572049997782,2798.0,20,30.050390000000004
1400,-0.051,42.075,0.289,29.257,0.561,48.297,19.04194275802761,5.629478220845514,25.04675821662039,2800.0,20,30.050390000000004
1401,-0.663,42.483,0.323,31.977000000000004,1.921,46.699000000000005,14.808473520251844,6.11619243481067,24.55544322292505,2802.0,20,30.050390000000004
1402,-0.935,41.939,-1.105,28.067000000000004,2.363,47.413,19.654382208555933,6.517933570711265,28.503527330509566,2804.0,20,30.050390000000004
1403,-0.493,42.313,0.051,31.093000000000004,0.527,48.025000000000006,16.938689441630366,4.696472292646564,25.193721813977707,2806.0,20,30.050390000000004
1404,-0.289,43.435,0.051,28.203000000000003,-1.513,48.093,19.95139584089294,5.793014895302148,26.69820187850417,2808.0,20,30.050390000000004
1405,-0.5950000000000001,43.605,-0.969,32.385000000000005,1.921,47.54900000000001,15.436936094963922,4.6713608043358965,23.6995645234691,2810.0,20,30.050390000000004
1406,-0.629,44.251000000000005,-0.255,31.943,3.349,43.809000000000005,12.401240744377152,4.666872242897416,28.796220421227595,2812.0,20,30.050390000000004
1407,-0.561,44.795,-1.173,32.521,2.737,43.435,11.593252175295763,5.235384801941426,25.878315962615417,2814.0,20,30.050390000000004
1408,-0.459,43.809000000000005,-0.969,35.173,3.1790000000000003,45.951,11.548644422615151,3.509452164999478,24.40174994183989,2816.0,20,30.050390000000004
1409,-0.255,44.183,-0.935,32.181000000000004,2.635,43.571000000000005,11.936372983448532,5.223312628088419,27.625235123168668,2818.0,20,30.050390000000004
1410,-0.153,44.251000000000005,-0.323,30.481,3.1790000000000003,43.435,13.419020828659594,5.2724851852200905,26.403913009745068,2820.0,20,30.050390000000004
1411,-0.323,44.557,-0.357,34.663000000000004,2.397,42.959,8.741174520623645,4.424994169397169,24.97042184021813,2822.0,20,30.050390000000004
1412,-0.459,43.741,-1.003,35.173,2.4650000000000003,45.611,10.999039412603269,3.698835487743496,25.848929529951164,2824.0,20,30.050390000000004
1413,-0.425,43.945,-0.969,33.303000000000004,3.2470000000000003,45.849,13.2354362225051,3.969778466725685,27.52951312028754,2826.0,20,30.050390000000004
1414,-0.085,43.367,-2.363,44.795,-1.819,47.515,2.773866615394475,3.330502610955867,,2828.0,20,30.050390000000004
1415,0.289,44.047,,,,,2.773866615394475,3.424598371652143,,2830.0,20,30.050390000000004
1416,-0.153,44.523,1.683,41.871,2.1590000000000003,43.129000000000005,1.3450427502499689,2.913796910484046,21.169771974758028,2832.0,20,30.050390000000004
1417,-0.017,43.775000000000006,0.6970000000000001,41.667,3.451,44.829,4.193180177383272,3.398111239054773,7.585965380826245,2834.0,20,30.050390000000004
1418,-0.221,43.435,0.425,40.681,3.3830000000000005,45.305,5.489183910200132,3.2705388276514875,25.966726059152386,2836.0,20,30.050390000000004
1419,-0.5950000000000001,42.925,-3.111,44.86300000000001,3.3830000000000005,44.523,6.502894432481586,2.800189921887511,13.50090461910206,2838.0,20,30.050390000000004
1420,-0.323,43.945,-2.8390000000000004,44.387,0.8330000000000001,41.259,4.823688215463351,3.1038989475191694,9.577129207222594,2840.0,20,30.050390000000004
1421,-0.935,45.679,-1.479,44.183,2.873,42.755,4.580293440381304,2.98121448426799,16.445012856491466,2842.0,20,30.050390000000004
1422,-0.629,45.169,-1.717,46.835,2.2950000000000004,42.007000000000005,6.277398187147283,2.700814412462663,22.48550814717014,2844.0,20,30.050390000000004
1423,-0.425,45.101000000000006,,,,,6.277398187147283,2.5554744543390173,,2846.0,20,30.050390000000004
1424,-0.527,44.795,0.017,44.353,0.017,44.285,0.068,2.346836955362682,5.978442812615358,2848.0,20,30.050390000000004
1425,-0.6970000000000001,43.877,-3.4850000000000003,46.461000000000006,-0.459,36.567,10.34639608752729,2.9551426486798342,12.88320267139932,2850.0,20,30.050390000000004
1426,-0.561,42.109,-3.4170000000000003,44.897000000000006,0.357,32.759,12.711180905014295,4.265150966283331,16.236996520014145,2852.0,20,30.050390000000004
1427,-0.425,38.879000000000005,-1.139,46.665000000000006,-0.629,31.331000000000003,15.342478808849632,4.405461288580037,,2854.0,20,30.050390000000004
1428,-0.459,39.321000000000005,-2.2270000000000003,45.543000000000006,-1.0710000000000002,32.011,13.581287126042216,4.272169648843744,18.747603729316427,2856.0,20,30.050390000000004
1429,0.017,36.567,-2.601,47.379000000000005,0.391,27.591,20.012921026177064,6.122414348921052,23.03569932558321,2858.0,20,30.050390000000004
1430,0.119,34.595000000000006,-2.329,47.515,0.357,24.973000000000003,22.70146162695257,6.6714774151981455,25.23612057031498,2860.0,20,30.050390000000004
1431,-0.085,33.065000000000005,-1.037,47.141000000000005,0.289,23.341,23.836909950746552,6.700275540901893,26.764077246837896,2862.0,20,30.050390000000004
1432,-0.187,31.365,-1.513,45.645,-0.459,20.213,25.45383153868981,6.688836000765925,26.680887774273828,2864.0,20,30.050390000000004
1433,-0.119,28.713,-1.751,44.353,-0.969,18.615,25.749877048250152,7.908367368104774,27.28052250633501,2866.0,20,30.050390000000004
1434,-0.391,21.539,-0.799,33.813,-0.7310000000000001,18.887,14.926154896690576,6.539437102692816,16.11267556779436,2868.0,20,30.050390000000004
1435,-0.459,19.193,0.153,20.825000000000003,0.459,8.517000000000001,12.311803279779935,6.749848426980515,13.31737515173044,2870.0,20,30.050390000000004
1436,-0.289,15.147,0.051,20.281,0.527,6.307,13.982104705658587,7.967352712484893,14.725874943150034,2872.0,20,30.050390000000004
1437,-0.119,13.957,-0.187,19.601000000000003,0.493,5.4910000000000005,14.126376039168717,7.067505530015168,16.56200683876977,2874.0,20,30.050390000000004
1438,-0.051,15.317000000000002,-0.187,19.295,-0.901,6.409000000000001,12.90576584321907,7.476497654557232,13.29637512472527,2876.0,20,30.050390000000004
1439,-0.255,14.399,-0.425,18.785,-0.901,6.307,12.487075718517929,6.600785189900789,12.955609606818811,2878.0,20,30.050390000000004
1440,-0.119,12.291,-0.357,18.649,-0.6970000000000001,3.723,14.929871935150684,7.507146450989225,15.323726633749455,2880.0,20,30.050390000000004
1441,-0.085,11.815,0.085,19.975,-0.901,5.627000000000001,14.381839242600371,6.136933569760114,14.916663377880324,2882.0,20,30.050390000000004
1442,-0.051,8.415000000000001,-0.459,17.867,0.119,1.785,16.09238354004776,4.747435545370531,16.742738289142,2884.0,20,30.050390000000004
1443,-0.187,7.497000000000001,-1.003,15.147,-0.357,0.969,14.192709396024426,4.536123502937095,15.0032598885172,2886.0,20,30.050390000000004
1444,-0.085,8.755,-0.969,15.861,-0.425,1.479,14.392284738706362,5.585520025367633,15.461943975644058,2888.0,20,30.050390000000004
1445,0.017,8.789000000000001,-0.901,15.385000000000002,-0.5950000000000001,3.5530000000000004,11.835956235133688,5.043498574721376,12.587055352398266,2890.0,20,30.050390000000004
1446,-0.153,7.395,0.255,20.655,-0.459,1.751,18.917479007521063,7.824376712604975,19.618157508500165,2892.0,20,30.050390000000004
1447,-0.561,4.981000000000001,0.051,18.887,-0.561,2.431,16.467376233025103,7.437271971683919,17.376034898166896,2894.0,20,30.050390000000004
1448,-0.527,4.029,-0.017,11.271,-0.425,1.5810000000000002,9.69858567008613,6.125429938735646,10.590926821449242,2896.0,20,30.050390000000004
1449,-0.357,4.471,-0.425,10.251,-0.629,3.5530000000000004,6.701105878882978,5.902815320530916,10.22980565085226,2898.0,20,30.050390000000004
1450,-0.357,0.255,-0.289,8.177000000000001,-0.5950000000000001,3.2470000000000003,4.939487422800062,4.778218785858641,7.660566004950842,2900.0,20,30.050390000000004
1451,-0.187,1.0710000000000002,0.255,7.021000000000001,0.391,-4.2330000000000005,11.25482172226642,4.0183313091305095,15.129883987173862,2902.0,20,30.050390000000004
1452,0.085,4.063000000000001,0.459,10.251,0.255,-1.955,12.207704616347826,3.385788916816795,12.640529284836743,2904.0,20,30.050390000000004
1453,0.085,6.9190000000000005,-0.7310000000000001,4.505,-0.085,-0.527,5.07329675851906,3.571856399157605,14.884461954246737,2906.0,20,30.050390000000004
1454,0.051,7.293,-0.765,14.773,-0.017,-1.479,16.26920428293898,5.065095522900618,17.421972643692,2908.0,20,30.050390000000004
1455,0.187,7.735,-1.037,10.863,-0.153,0.425,10.475366342042651,4.624928660616234,15.682040235492352,2910.0,20,30.050390000000004
1456,0.119,8.466000000000001,-0.7310000000000001,15.113,-0.255,1.173,13.948124461733196,4.506592414134488,14.849158354370784,2912.0,20,30.050390000000004
1457,-0.051,6.103000000000001,-0.391,12.223,-0.119,1.0710000000000002,11.155316579998974,2.9317037898239064,12.642915228064211,2914.0,20,30.050390000000004
1458,-0.153,5.4910000000000005,-0.7310000000000001,7.089,-0.493,3.111,3.985113298263928,1.1618009570728636,5.0032886728284085,2916.0,20,30.050390000000004
1459,-0.187,5.729,0.289,7.191000000000001,-0.391,2.737,4.505609392745892,1.1984497430493015,5.101340899137046,2918.0,20,30.050390000000004
1460,-0.187,6.511,-0.5950000000000001,11.271,-0.085,-0.629,11.910923557810284,3.414364461095837,12.523065055565722,2920.0,20,30.050390000000004
1461,0.085,6.511,-0.085,0.153,-1.037,0.391,0.9812991388970032,3.339073470300713,,2922.0,20,30.050390000000004
1462,-0.153,6.987,0.085,-1.5810000000000002,0.357,6.715000000000001,8.300457818698918,4.382289372967855,13.246892446018869,2924.0,20,30.050390000000004
1463,-0.119,6.069000000000001,0.289,-2.907,0.187,5.4910000000000005,8.39861941035549,5.125830959286111,9.122225406000664,2926.0,20,30.050390000000004
1464,0.017,6.664000000000001,-0.8330000000000001,-3.1790000000000003,0.051,-1.717,1.7084788555905517,4.899184912461225,,2928.0,20,30.050390000000004
1465,-0.459,5.9670000000000005,-1.003,7.837000000000001,0.289,6.1370000000000005,2.1352433116626317,3.9167531903866686,8.711063507193593,2930.0,20,30.050390000000004
1466,0.119,3.689,-1.003,7.973000000000001,-0.425,2.4650000000000003,5.538244126074617,3.7597887116489095,7.147647516978277,2932.0,20,30.050390000000004
1467,-0.051,3.0090000000000003,-0.391,8.619,-0.187,0.561,8.060581864853184,4.028930567945259,9.584636185603305,2934.0,20,30.050390000000004
1468,-0.561,0.629,-0.935,1.037,-0.255,-3.689,4.774670250394262,3.844394234314629,5.085309932216623,2936.0,20,30.050390000000004
1469,-0.153,5.899,,,,,4.774670250394262,10.254328093084064,,2938.0,20,30.050390000000004
1470,-0.051,-7.735,0.017,-7.327000000000001,-0.901,-14.467,7.198772395346308,6.895271668186829,7.929484662561415,2940.0,20,30.050390000000004
1471,-0.085,-7.701,-0.425,-6.783,-0.629,-18.411,11.629789336011209,7.419944416059815,12.049969234171034,2942.0,20,30.050390000000004
1472,-0.119,-12.257,-0.221,-7.055000000000001,-0.8330000000000001,-19.499,12.459040091435618,6.956849675032851,13.64521684898688,2944.0,20,30.050390000000004
1473,-0.119,-11.645,-0.561,-6.715000000000001,0.119,-18.207,11.512100763978744,7.103878021667629,12.266157415600352,2946.0,20,30.050390000000004
1474,0.119,-14.297,0.459,-7.463000000000001,0.629,-22.287000000000003,14.82497473859568,4.459955792297274,15.734863360940226,2948.0,20,30.050390000000004
1475,0.085,-16.031000000000002,-0.5950000000000001,-6.647,-0.663,-23.035,16.38814107823093,5.2005204670714384,17.433206212233653,2950.0,20,30.050390000000004
1476,0.051,-16.643,-0.459,-6.7490000000000006,-0.6970000000000001,-26.877,20.12940704541493,5.832227756480185,21.40773960207653,2952.0,20,30.050390000000004
1477,0.085,-18.921000000000003,-0.8670000000000001,-6.4430000000000005,-0.629,-29.257,22.81524139692587,7.029223786261496,24.136092631859157,2954.0,20,30.050390000000004
1478,-0.119,-21.165000000000003,0.289,-7.735,-0.527,-32.453,24.731465383191512,7.153121405154755,25.44765788951176,2956.0,20,30.050390000000004
1479,-0.017,-23.443,0.153,-8.483,-0.425,-34.901,26.424322280807885,6.826634678570104,27.20611843949485,2958.0,20,30.050390000000004
1480,-0.153,-25.959000000000003,-0.085,-11.339,-0.187,-35.615,24.27621428476854,7.430874933112529,24.85958139432709,2960.0,20,30.050390000000004
1481,0.017,-27.013,0.357,-13.107,-0.663,-39.899,26.81140921324353,7.760284830536251,27.57109982770007,2962.0,20,30.050390000000004
1482,-0.187,-30.277,-0.391,-19.261000000000003,-1.173,-41.633,22.385663001126414,6.763939413321264,23.379224485820316,2964.0,20,30.050390000000004
1483,0.153,-32.759,-0.493,-23.171000000000003,-2.2950000000000004,-41.701,18.617413998727105,7.004536725009084,24.7438310624794,2966.0,20,30.050390000000004
1484,-0.119,-34.459,0.5950000000000001,-20.349,-3.0090000000000003,-44.999,24.912071692253942,7.692392366228628,26.81168579029362,2968.0,20,30.050390000000004
1485,-0.153,-36.363,0.289,-22.049000000000003,-2.805,-42.381,20.5660657394651,6.673617362295186,23.827846642079034,2970.0,20,30.050390000000004
1486,-0.017,-34.561,-0.8670000000000001,-19.227,-0.425,-41.157,21.93445381129879,6.709808154006304,25.15733063214562,2972.0,20,30.050390000000004
1487,0.255,-35.615,-0.901,-17.153000000000002,-3.213,-44.217000000000006,27.162574252084436,8.16035070036715,30.1097971532044,2974.0,20,30.050390000000004
1488,-0.459,-37.383,0.119,-24.939,-0.969,-47.957,23.04369909541435,7.11327492374914,27.383438021895184,2976.0,20,30.050390000000004
1489,-0.187,-37.927,0.6970000000000001,-26.061000000000003,-1.751,-47.073,21.154121300588216,7.373252447646169,27.569360353843937,2978.0,20,30.050390000000004
1490,-0.255,-39.627,0.493,-24.259,-2.499,-42.211000000000006,18.199625490652277,7.264776373462106,30.15269581250018,2980.0,20,30.050390000000004
1491,-0.527,-40.885000000000005,-0.7310000000000001,-24.361,-3.0090000000000003,-42.415000000000006,18.19714812820954,7.036184538021979,29.66312611876138,2982.0,20,30.050390000000004
1492,0.221,-41.089000000000006,0.663,-24.429,-3.281,-44.999,20.944689923701425,7.035497133561273,29.186771474141715,2984.0,20,30.050390000000004
1493,-0.051,-41.072,-0.5950000000000001,-28.645000000000003,0.221,-48.399,19.77084651703108,5.695947671958501,26.73433624552921,2986.0,20,30.050390000000004
1494,0.153,-42.347,-0.765,-29.529000000000003,-1.479,-47.821000000000005,18.305929640419794,5.311755959787821,26.301628760742396,2988.0,20,30.050390000000004
1495,-0.051,-41.327000000000005,0.629,-29.597,0.255,-48.093,18.499780863567008,5.628693790714864,22.51773152837544,2990.0,20,30.050390000000004
1496,0.119,-43.163,-0.6970000000000001,-29.869000000000003,-3.0770000000000004,-42.653000000000006,13.00365548605468,5.493887413396146,27.317265328706927,2992.0,20,30.050390000000004
1497,0.5950000000000001,-42.075,-0.323,-35.751000000000005,-2.635,-43.605,8.187225415242946,5.388901252776592,17.934285363503736,2994.0,20,30.050390000000004
1498,-0.187,-42.959,-0.663,-35.105000000000004,-1.717,-47.685,12.624076837535489,3.6820754214313034,21.507002776368992,2996.0,20,30.050390000000004
1499,-0.561,-41.837,-0.629,-35.071000000000005,-1.207,-47.651,12.593271378001829,3.4475421107903776,22.139195070549203,2998.0,20,30.050390000000004
1500,-0.153,-41.871,-0.425,-35.241,0.289,-47.753,12.532355724284242,3.3310356645148977,20.332299169596,3000.0,20,30.050390000000004
1501,-0.289,-41.667,-0.357,-36.091,0.5950000000000001,-47.651,11.599133760759896,3.455046091931108,18.47522006562221,3002.0,20,30.050390000000004
1502,-0.153,-43.333000000000006,-0.357,-35.411,1.479,-46.801,11.53702717340997,4.257437489764156,18.75385412892827,3004.0,20,30.050390000000004
1503,-0.493,-43.129000000000005,0.493,-37.553,0.153,-39.355,1.8337949721820048,2.5249431599937644,2.550350757678531,3006.0,20,30.050390000000004
1504,-0.017,-44.591,-0.119,-36.329,-2.669,-43.095000000000006,7.230577846894397,2.803892775602752,13.628620380298004,3008.0,20,30.050390000000004
1505,-0.289,-43.673,-0.527,-37.587,-0.221,-38.845000000000006,1.2946814279968646,2.655051794273393,,3010.0,20,30.050390000000004
1506,-0.187,-42.449000000000005,0.017,-32.861000000000004,-2.873,-44.829,12.31199106562379,3.243517159038258,14.418583022129232,3012.0,20,30.050390000000004
1507,0.153,-42.415000000000006,-0.017,-37.519000000000005,-3.349,-44.013000000000005,7.298921838189529,2.7490381380183124,13.255160969587465,3014.0,20,30.050390000000004
1508,0.901,-42.891000000000005,-0.629,-38.267,-2.8390000000000004,-43.129000000000005,5.340706320328802,2.1186993904816656,11.382622916219312,3016.0,20,30.050390000000004
1509,-0.221,-43.061,-1.921,-42.551,1.5810000000000002,-41.395,3.687863880351334,1.8397314962294344,8.612716664655,3018.0,20,30.050390000000004
1510,0.017,-41.599,-0.153,-36.227,-0.017,-40.987,4.761942460803155,2.18226857623834,5.329896264478148,3020.0,20,30.050390000000004
1511,0.119,-40.375,-0.017,-32.691,0.901,-37.689,5.0816068324891095,3.526401686629854,11.699964739113652,3022.0,20,30.050390000000004
1512,0.187,-39.185,0.8330000000000001,-31.841,1.989,-41.191,9.421190795223287,3.4327601684033118,15.808641531475237,3024.0,20,30.050390000000004
1513,0.051,-36.499,-0.221,-27.489,2.669,-44.42100000000001,17.176865953950973,4.917098444265905,23.07662284084629,3026.0,20,30.050390000000004
1514,-0.051,-36.567,0.085,-27.421000000000003,1.105,-47.005,19.6105445105433,5.942298322459335,23.525690741512594,3028.0,20,30.050390000000004
1515,0.017,-31.977000000000004,0.323,-29.087000000000003,0.765,-35.343,6.271594693536884,2.424412342872921,9.248905660890143,3030.0,20,30.050390000000004
1516,0.289,-32.283,0.7310000000000001,-30.107000000000003,-0.391,-38.097,8.068394140099999,3.395830831759885,11.67105881889253,3032.0,20,30.050390000000004
1517,0.255,-33.915,0.017,-31.671000000000003,0.765,-44.829,13.179243832633192,4.243253670359554,13.81202915585457,3034.0,20,30.050390000000004
1518,0.289,-37.009,-0.153,-32.011,-1.5810000000000002,-45.577000000000005,13.64095084662356,3.6856338168267992,14.995823447067282,3036.0,20,30.050390000000004
1519,-0.153,-31.671000000000003,-0.8330000000000001,-20.485000000000003,-2.2950000000000004,-44.727,24.286045540598,6.38645970732905,25.50511939059693,3038.0,20,30.050390000000004
1520,-0.051,-29.903,-0.6970000000000001,-18.241,-1.105,-42.755,24.517395049229844,6.365344254578297,26.570013050392795,3040.0,20,30.050390000000004
1521,-0.051,-27.251,-0.799,-15.011,0.527,-42.313,27.33418153155496,7.781107624747073,28.48554928829865,3042.0,20,30.050390000000004
1522,-0.153,-25.313,-0.6970000000000001,-15.249,-0.187,-34.799,19.55665104254816,6.194547718856367,21.23280197269042,3044.0,20,30.050390000000004
1523,-0.051,-23.239,-0.391,-13.413,-0.7310000000000001,-35.921,22.51056782935517,6.04484481772385,24.000395529282063,3046.0,20,30.050390000000004
1524,0.119,-20.689,0.357,-8.347000000000001,-0.527,-36.975,28.641645204142865,7.957134307420803,30.49412845546744,3048.0,20,30.050390000000004
1525,0.017,-16.779,-0.221,-6.9190000000000005,0.221,-30.889000000000003,23.974074830950205,6.764108881067646,24.49853393071565,3050.0,20,30.050390000000004
1526,0.119,-13.719,-0.5950000000000001,-6.647,0.153,-29.121,22.486444360992248,7.4634399840294545,22.902796427268637,3052.0,20,30.050390000000004
1527,-0.017,-13.039,-0.187,-7.191000000000001,0.629,-22.151000000000003,14.982238017065407,5.869371703539048,15.44583393859472,3054.0,20,30.050390000000004
1528,0.085,-9.775,0.051,-7.225,0.459,-24.123,16.90292483566084,7.516541705529551,17.472061063725267,3056.0,20,30.050390000000004
1529,-0.459,-7.667000000000001,0.289,-6.001,-0.8330000000000001,-13.311000000000002,7.395605722319167,5.329140453839925,10.73895911995089,3058.0,20,30.050390000000004
1530,-0.391,-2.057,0.289,10.897,-0.323,0.493,10.42198445594696,7.8609196810767985,10.850269560549824,3060.0,20,30.050390000000004
1531,0.017,3.3830000000000005,0.425,14.025,0.425,-4.097,18.122,9.095794555140698,18.582973087357807,3062.0,20,30.050390000000004
1532,-0.119,6.171,0.289,14.535000000000002,0.459,-3.893,18.42878411615916,6.230695875911592,20.245306848587568,3064.0,20,30.050390000000004
1533,-0.425,7.667000000000001,0.357,13.583,-0.459,2.057,11.554848852321696,5.2856831836910025,12.347393582831817,3066.0,20,30.050390000000004
1534,-0.255,9.333,0.085,20.451,-0.051,-0.527,20.978440838155727,7.376449664948094,21.53743557197488,3068.0,20,30.050390000000004
1535,-0.187,9.979,-0.969,15.555,-0.323,1.241,14.32856978208223,6.435979425585917,14.893168460455865,3070.0,20,30.050390000000004
1536,-0.119,11.611,-0.629,17.663,0.051,-1.0710000000000002,18.74633713555798,7.665292485279075,19.16145716595828,3072.0,20,30.050390000000004
1537,-0.323,12.223,-0.8670000000000001,16.269000000000002,-0.221,1.513,14.77013378409282,6.496029999433421,15.262338322244974,3074.0,20,30.050390000000004
1538,-0.5950000000000001,17.595000000000002,-0.561,18.309,-0.765,5.287000000000001,13.02359781320047,7.205396502362094,13.571554070712113,3076.0,20,30.050390000000004
1539,-0.425,17.153000000000002,-0.561,18.173,-0.901,7.157000000000001,11.021245664624304,7.475216645266844,11.580960288280334,3078.0,20,30.050390000000004
1540,-0.459,21.539,0.357,27.795,-0.119,20.859,6.952314147102388,5.746915012019427,7.665946121227741,3080.0,20,30.050390000000004
1541,-0.289,22.1,0.119,29.189000000000004,0.017,21.267000000000003,7.922656625147906,4.98356119439984,8.651288483174636,3082.0,20,30.050390000000004
1542,-0.663,24.769,0.357,35.887,-0.901,19.057,16.876950672440802,8.038709287972633,17.86344448700002,3084.0,20,30.050390000000004
1543,-0.425,27.285000000000004,0.119,36.601,-0.527,20.111,16.50264875709351,7.945444482243331,17.162500992872744,3086.0,20,30.050390000000004
1544,-0.459,31.705,0.289,41.225,-0.7310000000000001,20.077,21.17258378186281,5.565809366291019,21.742817048087137,3088.0,20,30.050390000000004
1545,-0.323,33.932,3.0090000000000003,44.149,-1.0710000000000002,20.587,23.91263774659751,7.219138349209487,25.182824645937156,3090.0,20,30.050390000000004
1546,-0.493,34.867000000000004,0.969,41.123000000000005,-1.139,18.887,22.335696989348687,7.256268398701893,25.93097835042496,3092.0,20,30.050390000000004
1547,-0.221,37.281000000000006,2.873,43.367,-0.7310000000000001,20.383000000000003,23.264846270714965,6.989377035250819,26.608000758933148,3094.0,20,30.050390000000004
1548,-0.051,37.689,0.187,47.651,0.391,23.307,24.34485473359823,7.079123329676118,26.36507685990833,3096.0,20,30.050390000000004
1549,-0.459,37.145,2.125,46.937000000000005,-0.085,23.749,23.293077168978773,7.290891500177156,24.73721466666477,3098.0,20,30.050390000000004
1550,-0.391,39.015,3.4170000000000003,44.727,-0.221,21.811,23.202976102215857,7.495440905611828,29.637128844677825,3100.0,20,30.050390000000004
1551,-0.6970000000000001,39.1,2.261,47.311,-1.0710000000000002,23.545,23.998437032440258,7.925223138361763,28.19937240799444,3102.0,20,30.050390000000004
1552,-0.6970000000000001,38.199000000000005,1.105,48.059000000000005,-1.207,21.403,26.756077440462008,7.996652747007359,29.937688901683263,3104.0,20,30.050390000000004
1553,-0.391,38.913,2.567,46.835,0.085,28.475,18.52700526258899,6.542899495896166,26.998051143139744,3106.0,20,30.050390000000004
1554,-0.7310000000000001,40.783,3.213,46.053,0.119,27.353,18.954230029204563,6.334563519850399,26.39870696615022,3108.0,20,30.050390000000004
1555,-0.561,40.647000000000006,2.2950000000000004,47.345000000000006,0.051,30.345,17.147464418974604,5.929222181342561,23.424354181851932,3110.0,20,30.050390000000004
1556,0.051,41.395,-1.139,47.413,-1.037,31.909,15.50433552268526,4.982019029797297,20.959849619728107,3112.0,20,30.050390000000004
1557,-0.527,42.449000000000005,-1.173,48.127,-0.969,48.263000000000005,0.2451774867315513,5.421332374900636,,3114.0,20,30.050390000000004
1558,-0.391,40.783,-2.499,47.175,-0.663,30.549000000000003,16.727067047154442,5.895737879099199,21.03589187875088,3116.0,20,30.050390000000004
1559,-0.5950000000000001,41.089000000000006,-3.451,46.529,0.357,35.173,11.977462168589806,4.021183860370696,18.392707377600512,3118.0,20,30.050390000000004
1560,0.119,43.265,-3.825,46.257000000000005,0.391,33.677,13.26766957683225,5.122796778475349,25.552399102481527,3120.0,20,30.050390000000004
1561,-0.425,44.047,-4.131,44.455000000000005,0.6970000000000001,40.953,5.964359814766377,5.558529169831543,16.71706206389917,3122.0,20,30.050390000000004
1562,-0.765,45.033,-3.2470000000000003,43.469,3.0090000000000003,42.857000000000006,6.285863504722323,4.903242149515275,11.614720495730271,3124.0,20,30.050390000000004
1563,-0.187,45.237,-3.451,42.823,1.819,41.531000000000006,5.4260633980815225,4.871349353203784,16.03096363337168,3126.0,20,30.050390000000004
1564,-0.255,44.693000000000005,-2.805,41.633,1.853,41.599,4.658124085938458,4.443238369774592,17.986294512743843,3128.0,20,30.050390000000004
1565,-0.119,43.877,-3.927000000000001,43.843,1.479,41.361,5.948542678673492,3.714139804531955,17.173764963289127,3130.0,20,30.050390000000004
1566,0.187,44.183,-4.2330000000000005,44.591,2.567,42.245000000000005,7.193310503516444,2.896933503019555,16.33798418456681,3132.0,20,30.050390000000004
1567,0.527,44.523,-2.8390000000000004,47.005,2.805,42.721,7.0857174654370745,2.36921101673686,17.130758125911278,3134.0,20,30.050390000000004
1568,1.003,44.557,,,,,7.0857174654370745,3.393114120885925,,3136.0,20,30.050390000000004
1569,0.493,43.503,-2.737,46.699000000000005,1.037,46.257000000000005,3.799794731297995,3.0696636456344906,21.30388134238105,3138.0,20,30.050390000000004
1570,0.051,44.42100000000001,-3.621,45.849,2.737,46.155,6.365359377128679,3.0263828117124234,14.004830817339158,3140.0,20,30.050390000000004
1571,0.289,44.523,-3.3150000000000004,45.917,2.363,43.877,6.033347661124793,3.064695949941207,22.38708555992496,3142.0,20,30.050390000000004
1572,-0.493,44.489,-3.689,45.339000000000006,1.003,44.693000000000005,4.736262239361331,2.941112951465534,19.951107900309363,3144.0,20,30.050390000000004
1573,-0.493,43.639,-2.907,45.645,1.207,43.877,4.477814198914467,3.024740922356617,23.373289881130617,3146.0,20,30.050390000000004
1574,-0.935,44.574000000000005,-3.4850000000000003,45.441,-0.7310000000000001,44.693000000000005,2.853772941213088,3.2557314026736206,22.298829132109717,3148.0,20,30.050390000000004
1575,-0.663,44.489,-3.0770000000000004,46.393,-2.2950000000000004,45.543000000000006,1.154999567099486,3.2024491800012327,21.819196742813347,3150.0,20,30.050390000000004
1576,-0.5950000000000001,45.135000000000005,,,,,1.154999567099486,3.0866848811557617,,3152.0,20,30.050390000000004
1577,-0.051,45.203,-3.995,44.965,-2.1590000000000003,47.923,3.4814738258387066,3.0308252798173387,22.614713979556093,3154.0,20,30.050390000000004
1578,-0.901,45.305,-3.825,45.169,-3.927000000000001,45.98500000000001,0.822350290326452,3.1887723073796823,0.9964751717444827,3156.0,20,30.050390000000004
1579,-1.173,44.217000000000006,,,,,0.822350290326452,2.6598318167509163,,3158.0,20,30.050390000000004
1580,-0.425,44.795,-3.043,47.277,-1.717,46.42700000000001,1.575047935778464,2.731600146097298,5.925114723704736,3160.0,20,30.050390000000004
1581,0.6970000000000001,45.679,-3.4170000000000003,46.665000000000006,-1.003,46.019000000000005,2.498942176201763,2.6662604775305367,10.28797482644812,3162.0,20,30.050390000000004
1582,0.8670000000000001,45.203,-3.5530000000000004,42.585,0.969,45.98500000000001,5.6576040865369865,3.275052822129798,15.380946106586828,3164.0,20,30.050390000000004
1583,0.935,44.047,-4.063000000000001,44.999,2.329,42.177,6.987227490213841,2.871482929885181,15.603868358656882,3166.0,20,30.050390000000004
1584,0.527,44.829,-3.451,46.325,2.499,42.313,7.176255569585019,2.818128747220729,15.266617191614992,3168.0,20,30.050390000000004
1585,1.377,44.761,-3.757,45.067,3.213,44.217000000000006,7.021637985541551,2.623496581724456,12.101772180973132,3170.0,20,30.050390000000004
1586,1.0710000000000002,44.829,-3.349,46.087,2.2270000000000003,46.019000000000005,5.576414618731286,2.802802937300185,9.859181532218424,3172.0,20,30.050390000000004
1587,0.051,44.965,1.853,46.325,1.989,41.701,4.625999567661027,2.5877362179123704,5.891836181940237,3174.0,20,30.050390000000004
1588,0.7310000000000001,45.169,-3.825,44.013000000000005,1.819,41.531000000000006,6.165635409266429,2.790214490293558,13.491504479767098,3176.0,20,30.050390000000004
1589,0.255,44.319,-3.859,46.223000000000006,-1.445,48.365,3.227314673222926,2.5714000004093616,15.811923390154853,3178.0,20,30.050390000000004
1590,-0.221,44.693000000000005,2.023,41.701,2.5330000000000004,42.143,0.6748807302034932,2.399859015187756,14.062521760273064,3180.0,20,30.050390000000004
1591,-0.765,45.237,1.853,41.633,2.499,42.177,0.8445424796894471,2.755268367777881,16.17484394768578,3182.0,20,30.050390000000004
1592,0.085,45.373000000000005,-3.927000000000001,44.353,2.057,42.041,6.415107169798492,2.463544597974424,12.256379204493504,3184.0,20,30.050390000000004
1593,-0.527,45.407,-3.927000000000001,45.067,-1.207,42.653000000000006,3.636728749851988,2.3954449170241507,7.092466693235791,3186.0,20,30.050390000000004
1594,-0.935,45.033,-3.3830000000000005,42.585,-0.969,47.821000000000005,5.765682266653271,2.5874261310520974,6.939536296398761,3188.0,20,30.050390000000004
1595,-0.8670000000000001,45.067,-3.791,44.523,-3.451,44.387,0.3661912068851463,2.686098514934516,0.7025336113510325,3190.0,20,30.050390000000004
1596,-0.391,45.203,-3.451,46.121,-1.717,43.639,3.0277186130814733,2.444044569064733,8.66910620996757,3192.0,20,30.050390000000004
1597,-0.663,44.965,-3.1790000000000003,46.767,-1.955,46.325,1.3013608262123155,2.5987729693646875,5.877473955772616,3194.0,20,30.050390000000004
1598,-0.8670000000000001,44.625,-2.397,46.631,-2.2270000000000003,46.495000000000005,0.2177062240727168,2.5506329818558764,0.2457572892587766,3196.0,20,30.050390000000004
1599,-0.527,43.707,,,,,0.2177062240727168,2.5580501744749045,,3198.0,20,30.050390000000004
1600,-0.561,43.571000000000005,-2.431,46.665000000000006,0.153,40.443000000000005,6.737235338029985,3.049537603384086,12.58441916673478,3200.0,20,30.050390000000004
1601,-1.5470000000000002,44.285,-1.683,47.175,-1.751,43.129000000000005,4.046571388224852,2.8626486870862062,17.844318499206874,3202.0,20,30.050390000000004
1602,-0.8330000000000001,44.659000000000006,,,,,4.046571388224852,3.1340431868378715,,3204.0,20,30.050390000000004
1603,-0.765,44.557,-3.723,46.291,-2.601,45.543000000000006,1.348476177023532,3.0327695156347594,19.764300334992942,3206.0,20,30.050390000000004
1604,-0.7310000000000001,45.101000000000006,,,,,1.348476177023532,3.3077648346168043,,3208.0,20,30.050390000000004
1605,-0.969,44.319,,,,,1.348476177023532,3.425850412959984,,3210.0,20,30.050390000000004
1606,-1.0710000000000002,44.455000000000005,1.139,46.121,-1.649,41.021,5.812309695809404,3.079629725358213,7.604103931224006,3212.0,20,30.050390000000004
1607,-1.105,44.217000000000006,-3.859,45.475,-0.357,42.551,4.562212182702599,3.209363695600769,25.86844684439792,3214.0,20,30.050390000000004
1608,-1.411,44.86300000000001,-2.397,47.889,-1.003,43.265,4.829556087261023,2.866536454293482,25.21625247804616,3216.0,20,30.050390000000004
1609,-0.561,44.693000000000005,-1.241,45.645,-0.901,43.435,2.236000894454204,3.2158812323118253,16.56580127666161,3218.0,20,30.050390000000004
1610,-1.3090000000000002,44.795,-3.825,44.013000000000005,3.111,45.577000000000005,7.110147115214988,3.341747825610537,12.496449107267749,3220.0,20,30.050390000000004
1611,-1.241,45.101000000000006,-3.689,42.925,2.091,46.42700000000001,6.758136133580027,3.217863414987384,11.456107316312831,3222.0,20,30.050390000000004
1612,-1.241,44.489,1.3090000000000002,46.835,1.853,46.495000000000005,0.6415107169798491,3.462999015033665,21.11879594795952,3224.0,20,30.050390000000004
1613,-1.411,44.149,-3.4170000000000003,43.197,-2.397,42.075,1.5163390122264877,3.268883046945992,1.8348085427986731,3226.0,20,30.050390000000004
1614,-1.3430000000000002,43.673,-2.2950000000000004,43.129000000000005,-1.207,40.681,2.6788893220885406,3.4744353187430264,2.957573598114833,3228.0,20,30.050390000000004
1615,-0.969,43.503,-1.411,44.931,0.153,39.117,6.020688664928623,2.622405520214407,6.784327657204207,3230.0,20,30.050390000000004
1616,-0.663,42.347,-1.887,43.571000000000005,-1.003,34.391000000000005,9.2224647464764,4.239127940519444,10.204937572801668,3232.0,20,30.050390000000004
1617,-0.357,41.803,-3.4850000000000003,43.265,-1.0710000000000002,32.963,10.5810490973249,4.522592847199322,12.559623177120876,3234.0,20,30.050390000000004
1618,-0.663,41.905,-0.017,35.411,-0.527,33.541000000000004,1.9382982226685344,4.179999698450936,2.189341016667773,3236.0,20,30.050390000000004
1619,-0.391,41.633,-0.6970000000000001,43.29900000000001,-0.051,33.269000000000005,10.050781860134068,4.5003495797192485,13.565212650723348,3238.0,20,30.050390000000004
1620,-0.493,36.635000000000005,-0.663,41.191,0.391,26.605,14.624032002153168,5.331332568789081,16.84288971234582,3240.0,20,30.050390000000004
1621,-0.527,34.697,,,,,14.624032002153168,6.255485098648238,,3242.0,20,30.050390000000004
1622,-0.6970000000000001,33.371,-1.921,43.401,-0.323,22.457,21.00487419624312,6.926521961647748,28.67738552898678,3244.0,20,30.050390000000004
1623,-0.527,32.657000000000004,0.051,44.795,-0.969,21.335,23.48216344377153,6.014992383150648,26.91086732484864,3246.0,20,30.050390000000004
1624,-0.323,30.039,-2.1590000000000003,43.571000000000005,0.153,21.845,21.84867089779147,6.814644115345805,23.029831707757182,3248.0,20,30.050390000000004
1625,-0.663,27.285000000000004,-3.349,43.571000000000005,-0.527,20.179,23.561607500338344,8.089108557154997,24.57772043284704,3250.0,20,30.050390000000004
1626,-0.357,22.287000000000003,-1.241,36.703,-1.139,18.207,18.49628124786169,6.908205232504536,19.841097239405396,3252.0,20,30.050390000000004
1627,-0.493,19.771,-0.425,35.173,-0.969,18.547,16.634897414772357,7.534559858335429,16.88774859708357,3254.0,20,30.050390000000004
1628,-0.561,19.465,-1.139,35.921,-1.037,18.581000000000003,17.34029999740489,9.388966214214218,17.8163350505264,3256.0,20,30.050390000000004
1629,-0.561,13.702000000000002,-0.8330000000000001,31.875000000000004,-1.037,18.683,13.193577225301713,8.763551158474813,13.679273283909454,3258.0,20,30.050390000000004
1630,-0.357,9.435,-0.8670000000000001,16.405,-0.5950000000000001,3.3830000000000005,13.02484042128732,4.861621070787381,13.948874627958084,3260.0,20,30.050390000000004
1631,-0.527,10.115,-0.255,19.397,-0.527,2.499,16.900188993026084,6.903595568234691,17.916793987837856,3262.0,20,30.050390000000004
1632,-0.6970000000000001,9.197,-0.663,17.323,-0.561,2.7030000000000003,14.620355809623788,7.23887150417238,14.912302050615018,3264.0,20,30.050390000000004
1633,-0.221,2.8390000000000004,-0.765,16.507,-0.935,7.463000000000001,9.045597603254304,7.548884288355357,9.52196551374926,3266.0,20,30.050390000000004
1634,-0.527,6.817,-0.765,16.439,-0.901,5.797000000000001,10.64286897410656,10.48057619982389,10.87075268193488,3268.0,20,30.050390000000004
1635,-0.187,-3.3150000000000004,-0.8670000000000001,15.147,-0.6970000000000001,3.995,11.153295656441642,9.519089832851176,11.66635529701019,3270.0,20,30.050390000000004
1636,-0.323,-3.3150000000000004,-0.425,12.631,-0.527,2.363,10.268506610018813,7.481792020357334,10.555783471286633,3272.0,20,30.050390000000004
1637,-0.255,-3.655,-0.935,1.0710000000000002,-0.8330000000000001,-4.981000000000001,6.052859489530548,6.033582692460517,6.289946094605676,3274.0,20,30.050390000000004
1638,-0.221,-4.777,-0.8330000000000001,-6.375000000000001,-0.7310000000000001,-13.209,6.83476115164239,6.709392026500573,7.46140108864188,3276.0,20,30.050390000000004
1639,-0.323,-8.007000000000001,-0.5950000000000001,-6.545000000000001,-0.799,-17.187,10.643955091975917,8.337216917263712,11.405657733028894,3278.0,20,30.050390000000004
1640,-0.255,-10.523,-0.8670000000000001,-6.103000000000001,-0.6970000000000001,-18.037000000000003,11.935210764791716,6.162267565889431,12.486850135590318,3280.0,20,30.050390000000004
1641,-0.323,-12.835,-0.459,-6.817,-0.561,-21.437,14.620355809623788,6.726571959383356,15.31477571178642,3282.0,20,30.050390000000004
1642,-0.119,-16.677,-0.527,-6.783,-0.663,-25.721,18.93848832404529,5.327735217144129,19.46421390767385,3284.0,20,30.050390000000004
1643,-0.187,-18.853,0.357,-7.633000000000001,-0.493,-28.237,20.62152554977444,5.74960840803712,21.37935175269428,3286.0,20,30.050390000000004
1644,-0.017,-21.369,0.527,-12.631,-0.561,-31.161,18.56191380219184,5.313909917364899,20.662590345625134,3288.0,20,30.050390000000004
1645,-0.153,-24.259,0.561,-15.113,-0.323,-33.439,18.34730857646429,5.37650701464959,20.902012051728995,3290.0,20,30.050390000000004
1646,-0.153,-25.959000000000003,-0.085,-15.385000000000002,-0.493,-36.703,21.321903948756542,6.25838798850728,21.960941770555905,3292.0,20,30.050390000000004
1647,-0.221,-27.217,0.5950000000000001,-14.943,-0.527,-38.097,23.181169081821565,7.105875520563108,24.931812494104168,3294.0,20,30.050390000000004
1648,-0.085,-27.013,0.221,-15.249,-0.289,-37.825,22.581759807419797,6.981023859628711,24.908815954470487,3296.0,20,30.050390000000004
1649,0.119,-26.605,0.391,-17.289,0.051,-36.431,19.145019300068626,6.220864514135984,22.749865575660845,3298.0,20,30.050390000000004
1650,0.017,-28.679,-0.765,-15.657000000000002,0.119,-36.805,21.166467820588306,6.068917326920167,22.60657834157982,3300.0,20,30.050390000000004
1651,0.391,-29.733,0.629,-18.173,-0.119,-38.811,20.651550740803945,6.953083131845495,25.598064187606347,3302.0,20,30.050390000000004
1652,-0.017,-29.495,0.6970000000000001,-21.777,-0.119,-37.315000000000005,15.559411942615316,5.823238304075833,22.26020958021408,3304.0,20,30.050390000000004
1653,0.085,-31.535000000000004,,,,,15.559411942615316,6.808582776582988,,3306.0,20,30.050390000000004
1654,-0.357,-33.235,0.663,-23.205,-2.669,-43.639,20.703878380631977,6.161086726805934,23.60611834174428,3308.0,20,30.050390000000004
1655,-0.051,-34.459,,,,,20.703878380631977,6.4328544093103055,,3310.0,20,30.050390000000004
1656,-0.391,-35.785000000000004,,,,,20.703878380631977,6.801746179646765,,3312.0,20,30.050390000000004
1657,-0.493,-37.723000000000006,0.459,-26.265,-0.425,-46.699000000000005,20.453112525970223,6.219519954510122,25.657157681152047,3314.0,20,30.050390000000004
1658,-0.085,-38.267,0.323,-25.041,2.363,-46.733,21.787713601936304,6.636818195189287,25.95683677681624,3316.0,20,30.050390000000004
1659,0.085,-37.519000000000005,-0.561,-26.809,-1.921,-47.413,20.648835705676003,7.003604812428607,25.93072188420737,3318.0,20,30.050390000000004
1660,0.017,-37.961000000000006,-0.6970000000000001,-25.653,-2.431,-46.42700000000001,20.84624263506496,6.562010943382294,24.76247570276474,3320.0,20,30.050390000000004
1661,0.051,-37.417,,,,,20.84624263506496,6.431240889670952,,3322.0,20,30.050390000000004
1662,-0.119,-39.389,-0.6970000000000001,-28.237,-1.513,-47.379000000000005,19.15938464565081,5.798192858074972,21.89335022367141,3324.0,20,30.050390000000004
1663,0.357,-39.525000000000006,0.663,-27.183000000000003,1.819,-47.311,20.161168616922986,6.294479573227141,23.229849556367785,3326.0,20,30.050390000000004
1664,0.7310000000000001,-40.545,-0.765,-28.713,2.2950000000000004,-47.617,19.15006046987842,5.98466232194758,21.940615731777168,3328.0,20,30.050390000000004
1665,0.323,-39.559000000000005,-0.085,-27.727,2.499,-46.767,19.214542825682845,5.93389628662894,20.86229589743874,3330.0,20,30.050390000000004
1666,0.323,-40.137,,,,,19.214542825682845,5.185139598831314,,3332.0,20,30.050390000000004
1667,0.493,-42.313,-0.357,-32.521,-1.3090000000000002,-47.617,15.12598823217842,4.95613823625093,20.695056378320132,3334.0,20,30.050390000000004
1668,0.391,-42.177,0.289,-32.895,-2.5330000000000004,-46.087,13.490461370909449,4.575005892268736,20.24230498846818,3336.0,20,30.050390000000004
1669,0.323,-43.29900000000001,0.799,-33.745000000000005,1.649,-47.277,13.558669698757324,4.664368912360119,21.63766298601215,3338.0,20,30.050390000000004
1670,0.085,-43.367,0.7310000000000001,-29.767000000000003,3.3150000000000004,-46.223000000000006,16.65764064926363,5.533977544711608,28.528671861913075,3340.0,20,30.050390000000004
1671,0.085,-43.129000000000005,0.527,-29.733,1.989,-47.957,18.282549603378627,5.772867625790921,26.430054013380868,3342.0,20,30.050390000000004
1672,0.119,-43.605,-0.493,-32.385000000000005,-1.3430000000000002,-47.99100000000001,15.629131005913289,5.210927768206549,25.176407784178927,3344.0,20,30.050390000000004
1673,0.221,-43.061,-0.8330000000000001,-30.651000000000003,-1.683,-47.685,17.055194399361152,5.29076214985389,25.897577544193684,3346.0,20,30.050390000000004
1674,0.969,-42.483,0.663,-33.269000000000005,1.173,-44.829,11.571244531164313,3.050548219013639,12.227234325773466,3348.0,20,30.050390000000004
1675,0.935,-42.483,-0.051,-34.391000000000005,0.357,-47.855,13.47018039968285,2.832425415957726,15.60082229852864,3350.0,20,30.050390000000004
1676,1.105,-42.959,-0.221,-33.541000000000004,-2.8390000000000004,-45.543000000000006,12.28421458620778,3.633247248870984,20.588940364119388,3352.0,20,30.050390000000004
1677,0.663,-43.333000000000006,-0.493,-33.201,-3.2470000000000003,-45.713,12.811504985754016,3.857187879333644,26.95555899606465,3354.0,20,30.050390000000004
1678,0.153,-44.115,-0.6970000000000001,-34.085,-3.281,-45.101000000000006,11.315003844453612,4.117394470509372,26.019236566612093,3356.0,20,30.050390000000004
1679,0.357,-43.775000000000006,0.425,-35.309000000000005,-2.805,-44.353,9.603480410767755,3.996248156747998,25.85282174085848,3358.0,20,30.050390000000004
1680,0.051,-44.285,-0.255,-34.867000000000004,-1.989,-41.395,6.754371917506469,3.93510969738346,26.73176928635813,3360.0,20,30.050390000000004
1681,0.289,-44.319,,,,,6.754371917506469,3.2721287067032963,,3362.0,20,30.050390000000004
1682,0.493,-43.027,-0.153,-36.533,-0.425,-37.145,0.6697223305221351,3.756251485257968,0.9928728612096246,3364.0,20,30.050390000000004
1683,0.425,-43.027,-0.391,-35.003,0.5950000000000001,-42.449000000000005,7.510999400878688,3.7436937520553832,24.35871466295723,3366.0,20,30.050390000000004
1684,0.391,-39.933,-0.7310000000000001,-28.849000000000004,0.5950000000000001,-44.047,15.255735970447311,4.955162694419295,24.403964631624145,3368.0,20,30.050390000000004
1685,0.051,-37.893,0.051,-28.339,2.057,-47.413,19.17919476933273,6.251416844287415,20.495270967751,3370.0,20,30.050390000000004
1686,0.051,-36.193000000000005,0.187,-26.265,3.927000000000001,-43.707,17.838468656249617,5.623179858224503,21.84988469768628,3372.0,20,30.050390000000004
1687,0.323,-34.051,0.663,-24.157,0.6970000000000001,-39.627,15.470037362592246,4.483615751909304,17.393809165275197,3374.0,20,30.050390000000004
1688,0.051,-31.875000000000004,0.391,-24.395000000000003,-0.391,-36.975,12.604281970822456,4.88804508761278,17.844473377359677,3376.0,20,30.050390000000004
1689,0.187,-30.175,0.289,-20.927000000000003,-0.187,-37.383,16.462882858114494,5.606597134157871,20.27352149201758,3378.0,20,30.050390000000004
1690,0.357,-28.407000000000004,0.561,-18.105,0.357,-39.695,21.590963758016915,6.475569248380527,22.58647255536207,3380.0,20,30.050390000000004
1691,-0.153,-25.551,0.425,-15.147,0.8670000000000001,-41.395,26.25172123880642,7.313284828287037,27.41514694603064,3382.0,20,30.050390000000004
1692,-0.085,-21.845,0.5950000000000001,-11.475,0.051,-35.173,23.70424308009012,6.127681194930907,24.52652255680041,3384.0,20,30.050390000000004
1693,-0.289,-19.737,0.017,-9.877,-0.527,-31.671000000000003,21.80078833436993,5.765986133113037,22.559096455750243,3386.0,20,30.050390000000004
1694,-0.085,-17.595000000000002,0.289,-7.327000000000001,0.663,-31.433000000000003,24.10890109482388,7.065497254019948,25.045220274096977,3388.0,20,30.050390000000004
1695,-0.119,-17.187,-0.051,-7.395,0.765,-31.569000000000003,24.187768231070844,6.836970510861345,25.89548916595929,3390.0,20,30.050390000000004
1696,0.153,-15.521,0.425,-7.293,0.799,-27.013,19.72354623286593,5.998531427918663,22.090154417851974,3392.0,20,30.050390000000004
1697,-0.153,-16.405,-0.6970000000000001,-6.545000000000001,0.7310000000000001,-30.923,24.41978845117214,7.802576353676741,25.246443155452937,3394.0,20,30.050390000000004
1698,-0.017,-14.739,-0.901,-5.933000000000001,-0.153,-30.855000000000004,24.93322257551157,7.381138760297071,25.469629475159454,3396.0,20,30.050390000000004
1699,0.051,-14.127,-0.187,-7.259,-0.323,-23.307,16.04857626084009,4.314813706462653,16.71657535168207,3398.0,20,30.050390000000004
1700,0.051,-13.345,-0.527,-6.851000000000001,0.289,-18.071,11.249633594033186,4.480884452278636,12.744184291348724,3400.0,20,30.050390000000004
1701,-0.187,-11.373,-0.119,-7.021000000000001,0.7310000000000001,-20.791,13.79620962438597,6.616904334851348,15.005859687382571,3402.0,20,30.050390000000004
1702,-0.255,-12.495,-0.561,-6.579000000000001,-0.799,-18.921000000000003,12.34429455254532,4.948298445429769,15.04585152696884,3404.0,20,30.050390000000004
1703,-0.357,-12.121,-0.493,-5.253,-0.6970000000000001,-6.4430000000000005,1.2073591015104,5.665229319325315,,3406.0,20,30.050390000000004
1704,-0.527,-9.197,-0.663,-6.4430000000000005,0.493,-17.799000000000003,11.414686679887453,5.964421214254795,12.556296788124104,3408.0,20,30.050390000000004
1705,-0.391,-4.811,-0.187,-7.191000000000001,0.5950000000000001,-18.785,11.620342507860943,8.274176060786012,12.42230740355055,3410.0,20,30.050390000000004
1706,-0.119,-9.775,-0.017,-7.123,-0.901,-9.877,2.8923990042869256,5.961535063648486,8.318388699938774,3412.0,20,30.050390000000004
1707,-0.153,3.995,0.425,11.645,-0.017,-1.241,12.893578246553592,7.863746845491223,13.897553524302424,3414.0,20,30.050390000000004
1708,-0.017,5.695,0.425,13.719,0.119,-1.921,15.642993191841516,7.060270157086663,17.05452141665321,3416.0,20,30.050390000000004
1709,-0.255,7.123,0.119,13.107,0.051,-1.513,14.620158138679624,4.979712719390698,15.110091703819473,3418.0,20,30.050390000000004
1710,-0.493,8.857000000000001,-0.017,15.351,-0.901,5.797000000000001,9.594809638549377,6.237426540711388,10.532618606955644,3420.0,20,30.050390000000004
1711,-0.153,7.225,0.425,14.603000000000002,-0.323,0.8330000000000001,13.790301084457877,5.033775700960665,14.881564426891146,3422.0,20,30.050390000000004
1712,-0.357,9.265,0.085,18.479000000000003,-0.255,0.799,17.68326892856635,5.797588011518036,18.33090573016632,3424.0,20,30.050390000000004
1713,-0.493,11.101,0.357,19.601000000000003,-0.289,0.6970000000000001,18.915034549267947,6.43004403786524,19.631796625550457,3426.0,20,30.050390000000004
1714,-0.527,12.529000000000002,-0.561,18.479000000000003,-0.629,3.4170000000000003,15.062153498089176,7.134085543275534,15.561370787942032,3428.0,20,30.050390000000004
1715,-0.187,14.127,-0.459,18.241,-0.459,2.499,15.742,6.2863837843753965,16.187588921886555,3430.0,20,30.050390000000004
1716,-0.119,16.439,-0.187,19.771,-0.629,3.587,16.190034589215678,7.307888916449007,16.57651879916968,3432.0,20,30.050390000000004
1717,-0.187,18.411,0.323,24.225,-0.901,7.667000000000001,16.603178611338254,4.994858229834566,18.764813267240697,3434.0,20,30.050390000000004
1718,-0.153,17.017,-0.187,19.805,-0.8330000000000001,9.197,10.627651669112986,5.797700921817925,11.126284219777826,3436.0,20,30.050390000000004
1719,-0.187,21.573,0.221,32.453,-1.139,18.173,14.344615714615712,7.67401366613531,14.799573912214854,3438.0,20,30.050390000000004
1720,-0.221,20.077,-0.663,17.731,-0.8330000000000001,8.925,8.807640773782728,6.401697839888169,10.93731495667361,3440.0,20,30.050390000000004
1721,-0.221,18.037000000000003,-0.357,19.431,-0.935,15.453,4.019772132845343,3.0640818086677744,6.3395758080061295,3442.0,20,30.050390000000004
1722,-0.391,18.717,0.153,20.825000000000003,-0.357,16.371000000000002,4.48310338939445,4.176532657338078,8.69823178121803,3444.0,20,30.050390000000004
1723,-0.425,21.505000000000003,0.187,32.113,-0.051,21.233,10.882602813665487,5.479411012094794,11.438591628655049,3446.0,20,30.050390000000004
1724,-0.085,24.633000000000003,0.357,33.167,0.187,22.015,11.153295656441642,5.806444918749341,11.992359092540507,3448.0,20,30.050390000000004
1725,-0.051,28.237,0.255,37.451,-0.017,21.607000000000003,15.846334591949018,6.487037622829083,16.487181174728715,3450.0,20,30.050390000000004
1726,-0.017,30.719,0.935,41.123000000000005,0.017,21.709000000000003,19.435691909474176,7.860485439953702,20.27821713416477,3452.0,20,30.050390000000004
1727,-0.051,33.473,2.8390000000000004,42.789,-0.153,21.403,21.59428303973068,6.83973093553213,24.16296376096035,3454.0,20,30.050390000000004
1728,0.187,35.411,3.043,44.183,-0.663,23.307,21.202401090442567,5.708312487662485,22.25015884629882,3456.0,20,30.050390000000004
1729,0.085,38.573,3.043,43.911,0.357,30.277,13.896062463878032,5.278324323692886,16.215522682393075,3458.0,20,30.050390000000004
1730,0.119,38.777,2.023,47.107000000000006,0.085,24.395000000000003,22.794534169401228,6.043255567610505,25.329270390973043,3460.0,20,30.050390000000004
1731,-0.289,38.573,-0.357,48.399,0.323,23.205,25.203175117433123,7.287102181610557,27.158834728635743,3462.0,20,30.050390000000004
1732,-0.527,37.519000000000005,2.737,43.29900000000001,0.357,23.035,20.40328640195005,6.685713990577879,24.90044614031382,3464.0,20,30.050390000000004
1733,-0.187,37.383,3.3830000000000005,44.727,0.187,27.081000000000003,17.93309041966833,5.532069564719936,21.11439241163382,3466.0,20,30.050390000000004
1734,-0.357,38.403000000000006,3.213,43.435,-0.527,27.149,16.70991909016917,5.4679331976198,20.16175810587418,3468.0,20,30.050390000000004
1735,-0.221,37.655,2.873,44.591,0.153,31.229000000000003,13.636034760882652,4.33295534284445,17.682103247777786,3470.0,20,30.050390000000004
1736,-0.289,39.117,2.057,47.209,-0.561,27.897,19.48864459114589,6.503079853838207,22.901197494049583,3472.0,20,30.050390000000004
1737,-0.425,37.961000000000006,1.479,47.447,-0.391,26.945,20.587105284619305,6.959905264299467,23.785781082990106,3474.0,20,30.050390000000004
1738,-0.8670000000000001,38.709,,,,,20.587105284619305,5.117261018849999,,3476.0,20,30.050390000000004
1739,-0.629,39.627,-0.085,47.685,-0.935,32.691,15.018073644778816,5.788508617782032,21.6051132219138,3478.0,20,30.050390000000004
1740,-0.289,38.25,-0.8330000000000001,42.823,-1.0710000000000002,35.887,6.940082132078842,3.502981683290592,17.11566098020681,3480.0,20,30.050390000000004
1741,-0.255,38.097,-2.023,41.225,-0.969,39.559000000000005,1.9714137059480945,2.165614025020584,14.088331181923882,3482.0,20,30.050390000000004
1742,-0.901,37.689,-2.873,45.883,0.289,37.961000000000006,8.529732000479266,3.5894010520804245,11.720488126858806,3484.0,20,30.050390000000004
1743,-0.8330000000000001,38.811,-1.275,46.393,0.289,39.457,7.110147115214988,3.83423660715204,21.17629968452672,3486.0,20,30.050390000000004
1744,-0.663,41.599,1.105,46.155,0.289,36.023,10.164805949943169,3.8370997509378846,16.113470979095037,3488.0,20,30.050390000000004
1745,0.085,41.599,1.751,47.175,0.187,34.187000000000005,13.081828618354546,3.8999455203301583,14.95331842212546,3490.0,20,30.050390000000004
1746,-0.527,41.191,1.5810000000000002,46.767,-1.105,32.725,14.296585606360704,5.36707130818915,20.46193201322464,3492.0,20,30.050390000000004
1747,-0.289,41.225,2.8390000000000004,43.129000000000005,-1.0710000000000002,32.895,10.955494329330833,4.754988908216975,22.83129419767557,3494.0,20,30.050390000000004
1748,-0.017,42.551,1.683,47.787000000000006,-1.105,32.759,15.284427630761972,4.792222636299114,24.289448283700583,3496.0,20,30.050390000000004
1749,-0.221,42.449000000000005,2.4650000000000003,47.175,-1.037,32.589000000000006,15.000513324549932,4.859695206220251,22.574783231947837,3498.0,20,30.050390000000004
1750,-0.935,42.653000000000006,3.349,45.237,-1.037,34.391000000000005,11.699261173253635,4.946208633916893,24.021558633478605,3500.0,20,30.050390000000004
1751,-0.255,44.829,0.561,48.43300000000001,-1.0710000000000002,33.405,15.116355645458995,4.739730842330692,23.861477502986137,3502.0,20,30.050390000000004
1752,-0.255,42.177,-0.391,48.331,-0.935,34.833000000000006,13.508957768828802,3.561887002861381,15.997713385119155,3504.0,20,30.050390000000004
1753,-0.425,43.367,2.261,46.325,0.323,32.555,13.905709043410912,4.768606313536435,24.492903584172204,3506.0,20,30.050390000000004
1754,-0.119,43.911,3.1790000000000003,46.223000000000006,0.221,32.725,13.818312776891396,4.841020824576428,23.20662646212406,3508.0,20,30.050390000000004
1755,-0.187,43.231,1.3090000000000002,41.259,0.357,33.575,7.742748865874446,4.674391704840932,27.61580374000969,3510.0,20,30.050390000000004
1756,-1.0710000000000002,42.279,3.2470000000000003,45.98500000000001,0.323,35.887,10.512819792995598,3.423272281502599,26.278045577363155,3512.0,20,30.050390000000004
1757,-0.493,43.163,3.111,45.577000000000005,0.357,35.411,10.532429539284848,3.928579723281333,23.373708502568324,3514.0,20,30.050390000000004
1758,-0.527,43.027,2.431,46.86900000000001,0.017,36.057,11.078210144242616,3.887891195385983,23.91825052124416,3516.0,20,30.050390000000004
1759,-0.8330000000000001,42.415000000000006,,,,,11.078210144242616,2.178883965405744,,3518.0,20,30.050390000000004
1760,-0.6970000000000001,42.755,-1.5810000000000002,42.143,0.153,37.077000000000005,5.354541250191281,2.4815563959832114,7.017926954770138,3520.0,20,30.050390000000004
1761,-0.391,41.293000000000006,,,,,5.354541250191281,3.9898602865924446,,3522.0,20,30.050390000000004
1762,-0.527,39.423,,,,,5.354541250191281,5.023076968259496,,3524.0,20,30.050390000000004
1763,-0.5950000000000001,37.145,-1.139,45.951,0.357,25.789,20.21742466289908,6.002736864320397,27.809642647314217,3526.0,20,30.050390000000004
1764,-0.323,34.969,2.2950000000000004,44.693000000000005,-0.085,21.437,23.377466415332524,7.241468707656094,28.397498289669876,3528.0,20,30.050390000000004
1765,-0.289,32.589000000000006,0.663,47.413,-0.425,20.689,26.746138412862525,7.26461258430207,27.584320084116825,3530.0,20,30.050390000000004
1766,-0.187,28.135,-0.8670000000000001,43.741,-1.003,18.479000000000003,25.26236608079299,7.072116116723104,26.5010784248653,3532.0,20,30.050390000000004
1767,-0.153,24.837000000000003,-0.8330000000000001,36.295,0.255,21.845,14.490902111324887,5.965706644997606,15.933247314429646,3534.0,20,30.050390000000004
1768,-0.323,22.457,-1.105,33.575,0.119,21.879,11.759872108148116,7.9982888102918,15.317422325750568,3536.0,20,30.050390000000004
1769,-0.391,18.819000000000003,0.323,21.233,0.459,6.715000000000001,14.518636988367746,8.518908838553354,15.258617067140303,3538.0,20,30.050390000000004
1770,-0.357,15.725,0.017,32.147000000000006,-0.663,19.703000000000003,12.462565385986949,7.892260056294177,13.643395708482611,3540.0,20,30.050390000000004
1771,-0.323,14.263000000000002,-0.221,19.363000000000003,0.459,10.795,8.59494176827278,6.239563120180904,13.348375945218468,3542.0,20,30.050390000000004
1772,-0.663,13.719,0.425,18.241,-0.8670000000000001,9.673,8.664865146094312,5.130869636579748,12.859721882525417,3544.0,20,30.050390000000004
1773,0.051,14.569,0.017,19.839,-0.8330000000000001,10.455,9.42241773644111,2.61107435059449,10.896804761512335,3546.0,20,30.050390000000004
1774,-0.323,16.575000000000003,-0.119,26.741000000000003,0.187,12.291,14.453239636842673,5.017124945836976,15.472995347529595,3548.0,20,30.050390000000004
1775,-0.527,20.179,0.289,29.359,-0.6970000000000001,19.397,10.01067630083003,6.42529637725945,10.397489589923596,3550.0,20,30.050390000000004
1776,-0.187,19.975,-1.139,30.957,0.119,21.811,9.23211135114823,6.723115575192256,9.531858042434408,3552.0,20,30.050390000000004
1777,-0.391,24.259,-0.323,33.711000000000006,-0.357,20.485000000000003,13.226043701727288,7.684870669879555,13.560097656922556,3554.0,20,30.050390000000004
1778,-0.119,25.041,-0.935,33.303000000000004,0.017,21.675,11.666905673742288,6.814028854508054,12.574862591674451,3556.0,20,30.050390000000004
1779,-0.255,28.135,-1.003,36.227,0.221,22.151000000000003,14.129117169873,7.513316460214178,15.273099767696069,3558.0,20,30.050390000000004
1780,-0.323,30.583,0.187,38.879000000000005,0.051,21.709000000000003,17.170538605413636,7.491050050779623,17.80083922042273,3560.0,20,30.050390000000004
1781,-0.187,29.427000000000003,0.323,40.511,-0.051,21.471,19.04367286003412,7.871487608971477,19.60836978599256,3562.0,20,30.050390000000004
1782,-0.221,32.487,2.363,43.911,-0.935,19.839,24.29687197974258,6.334102554890017,26.950145334516684,3564.0,20,30.050390000000004
1783,0.085,35.581,3.281,45.305,0.051,21.879,23.647629394930902,6.244927652932201,24.828123544885678,3566.0,20,30.050390000000004
1784,0.051,36.329,1.955,45.577000000000005,0.289,23.035,22.60348026300375,6.797285443933011,24.46076988442697,3568.0,20,30.050390000000004
1785,0.085,36.941,3.111,44.557,-0.119,21.641,23.142514038021023,7.055586715711188,26.07626306965959,3570.0,20,30.050390000000004
1786,0.187,37.213,0.663,47.141000000000005,0.187,22.151000000000003,24.99453292222121,7.191904522665731,25.908628761167044,3572.0,20,30.050390000000004
1787,0.017,37.995000000000005,-1.003,47.583000000000006,-0.425,20.893,26.69625786510162,7.871014012931671,28.52633657981263,3574.0,20,30.050390000000004
1788,-0.391,39.797,-4.063000000000001,44.965,-0.6970000000000001,23.443,21.783627797040605,7.17345671471774,28.88833680530263,3576.0,20,30.050390000000004
1789,-0.901,39.015,,,,,21.783627797040605,5.892501921350988,,3578.0,20,30.050390000000004
1790,-0.8670000000000001,41.055,1.853,47.617,0.391,30.209000000000003,17.469284702013418,5.6230057500866,24.953229019996787,3580.0,20,30.050390000000004
1791,-0.425,41.259,0.527,48.331,0.357,30.583,17.748814157571207,5.446564616105681,25.43688100916916,3582.0,20,30.050390000000004
1792,-0.187,42.041,-2.5330000000000004,46.86900000000001,0.425,33.133,14.050888228151274,4.531850494808813,23.392372063728967,3584.0,20,30.050390000000004
1793,-0.357,42.381,-0.629,48.161,0.051,32.623000000000005,15.552872532108015,4.939445179138787,23.03084578259653,3586.0,20,30.050390000000004
1794,-0.6970000000000001,42.211000000000006,-0.119,48.263000000000005,0.357,31.671000000000003,16.598826464542608,5.466167583663959,20.599773579791385,3588.0,20,30.050390000000004
1795,-0.255,42.279,-2.635,45.271,0.323,33.371,12.262127221652856,4.099576960895587,16.751195991325773,3590.0,20,30.050390000000004
1796,-0.017,41.837,-3.349,46.359,-0.153,30.107000000000003,16.563270208506534,5.352933292477404,22.884829374922187,3592.0,20,30.050390000000004
1797,-0.255,41.225,-0.969,48.399,0.051,27.081000000000003,21.342387963861967,6.175526112775289,26.513686069752573,3594.0,20,30.050390000000004
1798,-0.459,41.055,3.2470000000000003,44.965,0.051,25.823,19.40697245837176,6.22809904123547,27.468959163032974,3596.0,20,30.050390000000004
