0.15915494309189535	3.8981718325193755e-17
0.15925494299462287	0.0006283181232040493
0.15935494231480724	0.0012566338054169968
0.1594549404729026	0.0018849446168793533
0.15955493689262343	0.0025132481400413093
0.15965493100093425	0.0031415419695136506
0.15975492222803905	0.0037698237120206706
0.15985491000737095	0.004398090986352419
0.15995489377558153	0.005026341423315724
0.1600548729725305	0.005654572665688815
0.16015484704127486	0.006282782368171582
0.1602548154280586	0.00691096819734087
0.1603547775823019	0.007539127831601687
0.16045473295659038	0.008167258961140308
0.1605546810066647	0.008795359287879001
0.16065462119140955	0.00942342652542737
0.16075455297284316	0.010051458399037892
0.16085447581610637	0.010679452645558201
0.16095438918945193	0.011307407013385284
0.16105429256423373	0.011935319262419874
0.1611541854148958	0.012563187164019569
0.16125406721896168	0.013191008500954756
0.16135393745702353	0.013818781067361395
0.1614537956127311	0.014446502668696156
0.16155364117278093	0.015074171121691592
0.16165347362690546	0.015701784254310066
0.16175329246786205	0.016329339905699597
0.16185309719142216	0.016956835926148998
0.16195288729636012	0.017584270177041655
0.16205266228444254	0.0182116405308135
0.1621524216604169	0.01883894487090613
0.16225216493200098	0.019466181091724134
0.1623518916098716	0.0200933470985905
0.16245160120765362	0.02072044080770195
0.162551293241909	0.021347460146086007
0.16265096723212585	0.021974403051557352
0.16275062270070717	0.02260126747267285
0.16285025917295998	0.0232280513686902
0.1629498761770842	0.023854752709522746
0.1630494732441617	0.024481369475697623
0.16314904990814513	0.025107899658312366
0.16324860570584693	0.025734341258991513
0.16334814017692825	0.026360692289844945
0.16344765286388788	0.0269869507734245
0.16354714331205122	0.02761311474268168
0.16364661106955924	0.028239182240925934
0.16374605568735728	0.028865151321781413
0.1638454767191842	0.02949102004914633
0.1639448737215611	0.03011678649714977
0.1640442462537805	0.030742448750111024
0.16414359387789507	0.031368004902497575
0.16424291615870668	0.031993453058883174
0.1643422126637554	0.032618791333907854
0.16444148296330838	0.033244017852234964
0.16454072663034877	0.033869130748511875
0.16463994324056494	0.03449412816732827
0.1647391323723391	0.035119008263174906
0.16483829360673652	0.035743769200404264
0.1649374265274945	0.03636840915318889
0.1650365307210113	0.036992926305482066
0.16513560577633524	0.037617318850976716
0.16523465128515355	0.0382415849930659
0.16533366684178163	0.038865722944802894
0.1654326520431519	0.03948973092886092
0.165531606488803	0.04011360717749431
0.16563052978086862	0.040737349932498404
0.16572942152406686	0.04136095744517017
0.16582828132568908	0.04198442797626952
0.16592710879558917	0.042607759795979167
0.16602590354617258	0.043230951183866925
0.16612466519238536	0.0438540004288464
0.16622339335170344	0.044476905829137554
0.16632208764412182	0.04509966569222934
0.16642074769214343	0.04572227833484035
0.16651937312076873	0.04634474208288113
0.16661796355748465	0.04696705527141598
0.16671651863225376	0.04758921624462409
0.1668150379775038	0.048211223355763264
0.16691352122811653	0.04883307496713028
0.1670119680214173	0.049454769450024895
0.1671103779971643	0.050076305184711435
0.16720875079753764	0.05069768056038151
0.16730708606712896	0.0513188939751174
0.16740538345293052	0.05193994383585398
0.16750364260432474	0.05256082855834247
0.16760186317307357	0.0531815465671141
0.16770004481330772	0.05380209629544166
0.1677981871815162	0.054422476185304935
0.16789628993653583	0.055042684687352655
0.16799435273954053	0.05566272026086743
0.1680923752540309	0.05628258137372881
0.1681903571458238	0.05690226650237719
0.16828829808304166	0.05752177413177884
0.1683861977361022	0.058141102755388634
0.16848405577770792	0.05876025087511558
0.16858187188283588	0.05937921700128715
0.16867964572872685	0.05999799965261278
0.16877737699487558	0.06061659735615063
0.16887506536301986	0.06123500864726982
0.16897271051713061	0.06185323206961794
0.1690703121434015	0.06247126617508439
0.1691678699302385	0.06308910952376641
0.1692653835682499	0.06370676068393447
0.1693628527502359	0.06432421823199672
0.16946027717117848	0.06494148075246654
0.16955765652823127	0.06555854683792643
0.16965499052070934	0.06617541508899427
0.16975227885007918	0.06679208411429059
0.1698495212199484	0.06740855253040261
0.16994671733605596	0.06802481896185221
0.17004386690626197	0.06864088204106138
0.17014096964053754	0.0692567404083185
0.1702380252509551	0.06987239271174606
0.17033503345167822	0.07048783760726637
0.17043199395895173	0.07110307375856835
0.17052890649109184	0.07171809983707503
0.17062577076847624	0.07233291452191054
0.17072258651353425	0.07294751649986701
0.17081935345073704	0.07356190446537225
0.17091607130658776	0.07417607712045683
0.17101273980961182	0.0747900331747221
0.1711093586903471	0.0754037713453069
0.17120592768133439	0.07601729035685709
0.17130244651710752	0.07663058894149173
0.17139891493418377	0.07724366583877203
0.17149533267105435	0.07785651979566942
0.1715916994681746	0.07846914956653343
0.17168801506795464	0.07908155391306063
0.17178427921474967	0.07969373160426292
0.17188049165485056	0.08030568141643604
0.17197665213647426	0.08091740213312837
0.1720727604097545	0.08152889254510987
0.17216881622673227	0.08214015145034104
0.1722648193413464	0.08275117765394206
0.1723607695094244	0.0833619699681617
0.17245666648867272	0.0839725272123474
0.17255251003866792	0.08458284821291351
0.1726482999208471	0.08519293180331211
0.17274403589849877	0.08580277682400193
0.17283971773675358	0.08641238212241802
0.17293534520257517	0.08702174655294237
0.17303091806475102	0.0876308689768733
0.17312643609388337	0.08823974826239578
0.17322189906238006	0.08884838328455177
0.17331730674444545	0.08945677292521015
0.17341265891607152	0.09006491607303797
0.17350795535502878	0.09067281162347009
0.1736031958408572	0.0912804584786805
0.17369838015485758	0.09188785554755327
0.1737935080800823	0.09249500174565238
0.17388857940132663	0.09310189599519449
0.1739835939051199	0.09370853722501783
0.17407855137971656	0.09431492437055573
0.17417345161508763	0.09492105637380654
0.17426829440291156	0.09552693218330509
0.17436307953656596	0.0961325507540952
0.17445780681111872	0.09673791104770033
0.17455247602331905	0.09734301203209586
0.17464708697158948	0.09794785268168137
0.17474163945601667	0.09855243197725123
0.1748361332783432	0.09915674890596834
0.17493056824195902	0.09976080246133599
0.17502494415189265	0.10036459164316858
0.17511926081480314	0.10096811545756683
0.1752135180389713	0.1015713729168873
0.17530771563429143	0.10217436303971729
0.17540185341226294	0.10277708485084724
0.17549593118598195	0.1033795373812417
0.17558994877013312	0.10398171966801532
0.17568390598098108	0.10458363075440277
0.17577780263636256	0.1051852696897343
0.1758716385556779	0.10578663552940819
0.17596541355988285	0.10638772733486336
0.1760591274714807	0.10698854417355398
0.17615278011451374	0.10758908511892208
0.1762463713145556	0.10818934925037237
0.17633990089870277	0.10878933565324482
0.1764333686955669	0.1093890434187891
0.1765267745352667	0.10998847164413865
0.1766201182494198	0.1105876194322843
0.17671339967113509	0.11118648589204902
0.1768066186350047	0.1117850701380621
0.17689977497709594	0.1123833712907325
0.17699286853494386	0.1129813884762254
0.17708589914754302	0.11357912082643418
0.17717886665534002	0.1141765674789576
0.17727177090022556	0.11477372757707306
0.17736461172552678	0.11537060026971137
0.17745738897599966	0.11596718471143283
0.17755010249782122	0.11656348006240105
0.17764275213858194	0.11715948548835936
0.17773533774727832	0.11775520016060526
0.17782785917430505	0.11835062325596532
0.17792031627144766	0.11894575395677219
0.178012708891875	0.1195405914508383
0.17810503689013177	0.12013513493143295
0.17819730012213095	0.12072938359725797
0.1782894984451466	0.12132333665242191
0.17838163171780635	0.12191699330641827
0.178473699800084	0.1225103527740997
0.17856570255329252	0.12310341427565524
0.17865763984007632	0.12369617703658627
0.17874951152440421	0.12428864028768195
0.17884131747156232	0.12488080326499744
0.17893305754814667	0.1254726652098283
0.17902473162205607	0.1260642253686885
0.17911633956248513	0.12665548299328722
0.1792078812399169	0.12724643734050395
0.17929935652611606	0.12783708767236748
0.17939076529412165	0.12842743325603118
0.17948210741824033	0.1290174733637513
0.17957338277403903	0.12960720727286323
0.1796645912383384	0.1301966342657589
0.17975573268920553	0.13078575362986478
0.17984680700594732	0.1313745646576178
0.17993781406910347	0.13196306664644464
0.1800287537604398	0.13255125889873812
0.18011962596294115	0.1331391407218352
0.180210430560805	0.13372671142799497
0.18030116743943442	0.1343139703343756
0.18039183648543147	0.13490091676301386
0.18048243758659058	0.13548755004080182
0.1805729706318918	0.1360738694994652
0.1806634355114941	0.13665987447554234
0.18075383211672902	0.13724556431036125
0.18084416034009393	0.137830938350019
0.18093442007524543	0.13841599594535997
0.18102461121699306	0.13900073645195388
0.18111473366129266	0.13958515923007508
0.18120478730523987	0.14016926364468088
0.18129477204706387	0.1407530490653904
0.18138468778612096	0.1413365148664641
0.18147453442288805	0.14191966042678106
0.18156431185895644	0.1425024851298203
0.18165401999702557	0.1430849883636377
0.18174365874089654	0.1436671695208473
0.1818332279954662	0.14424902799859923
0.18192272766672044	0.1448305631985591
0.18201215766172846	0.14541177452688844
0.18210151788863638	0.14599266139422323
0.18219080825666112	0.146573223215654
0.1822800286760844	0.14715345941070598
0.1823691790582464	0.14773336940331783
0.18245825931554005	0.1483129526218228
0.18254726936140475	0.14889220849892715
0.18263620911032047	0.14947113647169194
0.18272507847780173	0.1500497359815121
0.18281387738039181	0.15062800647409638
0.18290260573565661	0.15120594739944848
0.18299126346217892	0.1517835582118468
0.18307985047955247	0.15236083836982528
0.18316836670837625	0.15293778733615407
0.18325681207024846	0.15351440457781876
0.18334518648776094	0.15409068956600316
0.1834334898844934	0.15466664177606856
0.1835217221850075	0.15524226068753505
0.18360988331484143	0.15581754578406232
0.18369797320050402	0.1563924965534309
0.18378599176946922	0.1569671124875228
0.18387393895017043	0.15754139308230336
0.18396181467199493	0.15811533783780143
0.18404961886527826	0.1586889462580917
0.18413735146129875	0.15926221785127542
0.18422501239227207	0.15983515212946206
0.18431260159134558	0.16040774860875093
0.1844001189925929	0.16098000680921257
0.1844875645310086	0.161551926254871
0.1845749381425027	0.16212350647368393
0.18466223976389531	0.16269474699752673
0.18474946933291125	0.1632656473621729
0.18483662678817475	0.16383620710727606
0.18492371206920416	0.16440642577635295
0.1850107251164066	0.1649763029167643
0.1850976658710727	0.16554583807969817
0.18518453427537157	0.16611503082015136
0.18527133027234527	0.16668388069691215
0.18535805380590392	0.1672523872725428
0.1854447048208204	0.16782055011336147
0.18553128326272522	0.1683883687894257
0.1856177890781015	0.16895584287451423
0.18570422221427982	0.16952297194610963
0.18579058261943315	0.17008975558538192
0.18587687024257188	0.17065619337717078
0.18596308503353878	0.1712222849099682
0.18604922694300405	0.1717880297759025
0.1861352959224603	0.17235342757071978
0.18622129192421766	0.1729184778937686
0.18630721490139895	0.1734831803479824
0.18639306480793452	0.17404753453986266
0.18647884159855785	0.17461154007946286
0.1865645452288002	0.17517519658037056
0.18665017565498612	0.1757385036596928
0.18673573283422867	0.1763014609380379
0.18682121672442448	0.1768640680394995
0.1869066272842491	0.1774263245916414
0.18699196447315228	0.17798823022547933
0.18707722825135328	0.17854978457546616
0.18716241857983618	0.17911098727947553
0.18724753542034525	0.179671837978785
0.18733257873538034	0.18023233631806132
0.18741754848819211	0.1807924819453434
0.18750244464277777	0.18135227451202665
0.18758726716387625	0.18191171367284825
0.18767201601696373	0.1824707990858695
0.18775669116824925	0.18302953041246178
0.18784129258466997	0.1835879073172901
0.18792582023388704	0.18414592946829772
0.18801027408428087	0.1847035965366911
0.1880946541049468	0.18526090819692353
0.18817896026569073	0.18581786412668114
0.1882631925370247	0.18637446400686575
0.18834735089016266	0.18693070752158172
0.1884314352970159	0.1874865943581196
0.1885154457301889	0.1880421242069404
0.1885993821629751	0.18859729676166231
0.18868324456935232	0.1891521117190443
0.188767032923979	0.18970656877897168
0.18885074720218953	0.19026066764444174
0.18893438737999027	0.1908144080215474
0.1890179534340553	0.19136778961946468
0.18910144534172232	0.1919208121504361
0.18918486308098836	0.19247347532975725
0.18926820663050595	0.193025778875762
0.18935147596957855	0.19357772250980707
0.1894346710781571	0.1941293059562595
0.18951779193683524	0.19468052894248009
0.189600838526846	0.19523139119881083
0.18968381083005723	0.1957818924585603
0.18976670882896782	0.19633203245798825
0.18984953250670383	0.19688181093629334
0.18993228184701427	0.19743122763559726
0.1900149568342674	0.19798028230093245
0.19009755745344672	0.198528974680227
0.1901800836901471	0.19907730452429043
0.19026253553057085	0.1996252715868016
0.19034491296152392	0.20017287562429267
0.19042721597041204	0.2007201163961374
0.19050944454523694	0.20126699366453624
0.19059159867459252	0.2018135071945028
0.1906736783476611	0.2023596567538512
0.19075568355420958	0.20290544211318137
0.1908376142845859	0.20345086304586654
0.1909194705297151	0.20399591932803965
0.1910012522810957	0.20454061073857935
0.19108295953079615	0.20508493705909794
0.19116459227145088	0.2056288980739268
0.19124615049625698	0.20617249357010436
0.19132763419897042	0.206715723337363
0.19140904337390244	0.20725858716811438
0.19149037801591592	0.2078010848574388
0.19157163812042197	0.20834321620307017
0.19165282368337622	0.20888498100538488
0.19173393470127548	0.2094263790673877
0.19181497117115398	0.20996741019469928
0.19189593309058015	0.21050807419554415
0.19197682045765277	0.21104837088073672
0.19205763327099806	0.21158830006366997
0.19213837152976576	0.21212786156030264
0.19221903523362585	0.21266705518914564
0.1922996243827653	0.21320588077125086
0.19238013897788445	0.21374433813019833
0.19246057902019387	0.21428242709208353
0.19254094451141085	0.21482014748550607
0.19262123545375617	0.21535749914155564
0.1927014518499507	0.21589448189380203
0.19278159370321207	0.21643109557828102
0.19286166101725163	0.21696734003348392
0.19294165379627096	0.2175032151003444
0.1930215720449586	0.21803872062222657
0.19310141576848708	0.21857385644491398
0.1931811849725094	0.2191086224165963
0.19326087966315605	0.21964301838785893
0.19334049984703183	0.22017704421167034
0.19342004553121245	0.22071069974337026
0.19349951672324175	0.22124398484065871
0.19357891343112826	0.22177689936358325
0.19365823566334237	0.22230944317452855
0.1937374834288129	0.2228416161382045
0.19381665673692433	0.22337341812163378
0.19389575559751368	0.22390484899414198
0.1939747800208672	0.22443590862734472
0.19405373001771778	0.22496659689513765
0.19413260559924164	0.22549691367368407
0.1942114067770553	0.226026858841404
0.19429013356321287	0.22655643227896355
0.19436878597020282	0.22708563386926253
0.19444736401094517	0.22761446349742467
0.19452586769878855	0.22814292105078615
0.19460429704750717	0.22867100641888355
0.19468265207129815	0.22919871949344467
0.19476093278477835	0.22972606016837574
0.19483913920298176	0.23025302833975225
0.19491727134135653	0.230779623905807
0.19499532921576207	0.23130584676691995
0.1950733128424663	0.23183169682560661
0.19515122223814288	0.2323571739865083
0.19522905741986832	0.2328822781563809
0.19530681840511932	0.2334070092440851
0.19538450521176987	0.23393136716057467
0.19546211785808865	0.23445535181888644
0.1955396563627361	0.23497896313412991
0.19561712074476198	0.23550220102347713
0.19569451102360236	0.23602506540615156
0.19577182721907718	0.2365475562034188
0.19584906935138746	0.23706967333857512
0.19592623744111254	0.2375914167369377
0.19600333150920776	0.23811278632583488
0.1960803515770014	0.2386337820345953
0.19615729766619247	0.23915440379453862
0.19623416979884775	0.23967465153896403
0.19631096799739953	0.24019452520314213
0.19638769228464273	0.24071402472430306
0.19646434268373258	0.24123315004162785
0.19654091921818193	0.24175190109623826
0.19661742191185883	0.24227027783118624
0.19669385078898383	0.2427882801914453
0.19677020587412772	0.24330590812389918
0.1968464871922088	0.24382316157733383
0.19692269476849059	0.24434004050242672
0.19699882862857926	0.244856544851737
0.1970748887984212	0.24537267457969658
0.19715087530430062	0.24588842964259977
0.197226788172837	0.24640380999859496
0.19730262743098295	0.24691881560767412
0.19737839310602143	0.24743344643166312
0.1974540852255637	0.2479477024342134
0.19752970381754684	0.24846158358079193
0.19760524891023123	0.24897508983867186
0.1976807205321985	0.2494882211769237
0.19775611871234897	0.25000097756640527
0.19783144347989942	0.25051335897975335
0.19790669486438073	0.2510253653913739
0.19798187289563568	0.2515369967774334
0.19805697760381658	0.2520482531158495
0.19813200901938302	0.25255913438628197
0.19820696717309966	0.25306964057012354
0.19828185209603388	0.25357977165049156
0.19835666381955372	0.2540895276122181
0.19843140237532547	0.25459890844184235
0.1985060677953116	0.25510791412760037
0.19858066011176856	0.25561654465941713
0.19865517935724436	0.2561248000288974
0.19872962556457682	0.25663268022931734
0.19880399876689114	0.25714018525561577
0.19887829899759765	0.2576473151043849
0.19895252629039004	0.25815406977386207
0.19902668067924276	0.2586604492639217
0.19910076219840941	0.259166453576066
0.1991747708824203	0.25967208271341685
0.1992487067660805	0.26017733668070675
0.1993225698844676	0.26068221548427156
0.1993963602729299	0.2611867191320406
0.19947007796708416	0.2616908476335294
0.19954372300281373	0.26219460099983116
0.19961729541626627	0.26269797924360777
0.19969079524385194	0.2632009823790827
0.19976422252224135	0.2637036104220315
0.19983757728836354	0.2642058633897747
0.199910859579404	0.26470774130116925
0.19998406943280259	0.26520924417659997
0.20005720688625184	0.2657103720379723
0.2001302719776947	0.2662111249087034
0.20020326474532285	0.26671150281371464
0.2002761852275746	0.2672115057794241
0.20034903346313293	0.26771113383373696
0.20042180949092395	0.26821038700603966
0.20049451335011434	0.26870926532719047
0.20056714508011023	0.2692077688295125
0.2006397047205547	0.26970589754678576
0.20071219231132623	0.27020365151423853
0.20078460789253683	0.27070103076854135
0.20085695150453	0.2711980353477973
0.2009292231878792	0.271694665291536
0.20100142298338577	0.27219092064070516
0.20107355093207713	0.27268680143766283
0.20114560707520523	0.2731823077261704
0.20121759145424437	0.2736774395513846
0.20128950411088983	0.27417219695985034
0.2013613450870557	0.274666579999493
0.20143311442487344	0.2751605887196107
0.2015048121666899	0.2756542231708678
0.20157643835506572	0.2761474834052863
0.20164799303277353	0.2766403694762398
0.20171947624279626	0.2771328814384453
0.20179088802832532	0.2776250193479556
0.20186222843275908	0.2781167832621538
0.20193349749970108	0.2786081732397437
0.20200469527295825	0.2790991893407444
0.2020758217965394	0.27958983162648254
0.20214687711465343	0.28008010015958507
0.2022178612717078	0.2805699950039723
0.20228877431230666	0.2810595162248505
0.20235961628124952	0.28154866388870553
0.20243038722352938	0.28203743806329584
0.20250108718433116	0.2825258388176444
0.20257171620903022	0.28301386622203284
0.20264227434319057	0.2835015203479943
0.20271276163256335	0.2839888012683062
0.20278317812308538	0.28447570905698416
0.20285352386087735	0.284962243789274
0.20292379889224252	0.2854484055416463
0.2029940032636648	0.2859341943917883
0.20306413702180764	0.28641961041859837
0.20313420021351217	0.2869046537021786
0.20320419288579586	0.2873893243238282
0.2032741150858508	0.2878736223660373
0.20334396686104236	0.2883575479124795
0.20341374825890768	0.2888411010480062
0.20348345932715414	0.28932428185863973
0.20355310011365774	0.28980709043156616
0.20362267066646186	0.2902895268551302
0.2036921710337757	0.290771591218827
0.2037616012639727	0.2912532836132973
0.20383096140558923	0.29173460413032043
0.2039002515073232	0.29221555286280704
0.20396947161803236	0.2926961299047944
0.20403862178673318	0.2931763353514386
0.20410770206259923	0.29365616929900934
0.20417671249495986	0.29413563184488317
0.20424565313329882	0.2946147230875368
0.2043145240272527	0.29509344312654184
0.20438332522660976	0.2955717920625576
0.20445205678130848	0.296049769997326
0.20452071874143607	0.29652737703366466
0.20458931115722728	0.29700461327546124
0.204657834079063	0.2974814788276667
0.20472628755746874	0.29795797379628963
0.20479467164311363	0.2984340982883909
0.20486298638680875	0.2989098524120766
0.20493123183950607	0.29938523627649277
0.2049994080522969	0.29986024999181876
0.2050675150764108	0.30033489366926197
0.20513555296321415	0.30080916742105196
0.20520352176420886	0.3012830713604339
0.20527142153103123	0.3017566056016637
0.20533925231545044	0.30222977026000114
0.2054070141693674	0.3027025654517048
0.2054747071448136	0.3031749912940262
0.2055423312939496	0.3036470479052038
0.20560988666906416	0.3041187354044578
0.20567737332257244	0.3045900539119833
0.20574479130701534	0.3050610035489466
0.205812140675058	0.30553158443747724
0.20587942147948846	0.30600179670066413
0.2059466337732168	0.3064716404625495
0.20601377760927359	0.30694111584812267
0.20608085304080898	0.30741022298331566
0.20614786012109113	0.30787896199499654
0.20621479890350555	0.30834733301096473
0.2062816694415535	0.30881533615994544
0.2063484717888509	0.30928297157158335
0.20641520599912735	0.30975023937643886
0.20648187212622474	0.31021713970598086
0.20654847022409634	0.3106836726925828
0.20661500034680547	0.3111498384695165
0.2066814625485244	0.31161563717094726
0.20674785688353328	0.3120810689319285
0.20681418340621904	0.3125461338883958
0.20688044217107412	0.31301083217716297
0.20694663323269558	0.31347516393591596
0.20701275664578378	0.31393912930320717
0.20707881246514148	0.31440272841845174
0.20714480074567254	0.31486596142192097
0.2072107215423811	0.31532882845473786
0.20727657491037033	0.3157913296588723
0.2073423609048413	0.3162534651771347
0.20740807958109211	0.3167152351531728
0.20747373099451674	0.31717663973146504
0.20753931520060384	0.317637679057316
0.20760483225493612	0.31809835327685215
0.20767028221318873	0.3185586625370155
0.2077356651311288	0.31901860698556006
0.2078009810646139	0.31947818677104567
0.20786623006959143	0.319937402042834
0.20793141220209743	0.3203962529510835
0.20799652751825554	0.32085473964674377
0.20806157607427603	0.3213128622815518
0.2081265579264549	0.3217706210080263
0.20819147313117273	0.3222280159794637
0.2082563217448938	0.32268504734993264
0.20832110382416516	0.32314171527426927
0.20838581942561554	0.3235980199080732
0.20845046860595434	0.32405396140770176
0.20851505142197094	0.32450953993026643
0.20857956793053342	0.32496475563362753
0.20864401818858788	0.3254196086763891
0.20870840225315732	0.32587409921789545
0.20877272018134077	0.32632822741822537
0.20883697203031232	0.3267819934381885
0.20890115785732033	0.32723539743932023
0.20896527771968626	0.32768843958387706
0.2090293316748041	0.32814112003483253
0.20909331978013904	0.328593438955872
0.20915724209322695	0.32904539651138937
0.2092210986716733	0.32949699286648143
0.20928488957315222	0.32994822818694347
0.20934861485540576	0.33039910263926586
0.20941227457624292	0.33084961639062865
0.20947586879353877	0.3312997696088977
0.20953939756523357	0.33174956246262016
0.209602860949332	0.3321989951210197
0.20966625900390223	0.33264806775399336
0.20972959178707495	0.3330967805321058
0.20979285935704275	0.3335451336265859
0.2098560617720592	0.33399312720932256
0.20991919909043782	0.33444076145285967
0.2099822713705516	0.3348880365303926
0.21004527867083167	0.33533495261576396
0.21010822104976715	0.33578150988345906
0.21017109856590374	0.33622770850860173
0.21023391127784305	0.3366735486669505
0.2102966592442421	0.33711903053489445
0.21035934252381208	0.3375641542894483
0.21042196117531786	0.33800892010824957
0.21048451525757705	0.33845332816955387
0.2105470048294592	0.33889737865223024
0.21060942994988524	0.33934107173575845
0.2106717906778263	0.3397844076002236
0.2107340870723033	0.34022738642631306
0.21079631919238603	0.3406700083953123
0.21085848709719235	0.3411122736891004
0.21092059084588752	0.3415541824901468
0.21098263049768337	0.34199573498150676
0.21104460611183762	0.3424369313468179
0.21110651774765304	0.3428777717702964
0.2111683654644768	0.34331825643673225
0.2112301493216997	0.34375838553148647
0.21129186937875544	0.34419815924048647
0.21135352569511978	0.3446375777502227
0.21141511833031007	0.3450766412477448
0.21147664734388436	0.34551534992065736
0.21153811279544063	0.3459537039571169
0.2115995147446162	0.3463917035458269
0.21166085325108697	0.34682934887603567
0.21172212837456675	0.34726664013753133
0.2117833401748066	0.34770357752063885
0.211844488711594	0.34814016121621594
0.21190557404475227	0.34857639141564895
0.21196659623413983	0.34901226831085086
0.21202755533964968	0.34944779209425547
0.21208845142120844	0.34988296295881594
0.21214928453877602	0.35031778109799905
0.21221005475234453	0.3507522467057831
0.2122707621219381	0.35118635997665393
0.21233140670761183	0.3516201211056014
0.21239198856945138	0.3520535302881158
0.21245250776757216	0.35248658772018404
0.2125129643621188	0.3529192935982863
0.21257335841326438	0.3533516481193932
0.21263368998121002	0.35378365148096114
0.21269395912618397	0.35421530388093003
0.21275416590844118	0.3546466055177188
0.21281431038826257	0.3550775565902226
0.21287439262595448	0.3555081572978092
0.21293441268184793	0.3559384078403159
0.21299437061629828	0.3563683084180456
0.2130542664896842	0.3567978592317638
0.2131141003624075	0.35722706048269487
0.21317387229489218	0.35765591237251937
0.21323358234758405	0.3580844151033702
0.2132932305809501	0.3585125688778297
0.2133528170554778	0.35894037389892575
0.21341234183167457	0.3593678303701288
0.2134718049700673	0.35979493849534916
0.21353120653120164	0.36022169847893276
0.21359054657564153	0.3606481105256591
0.21364982516396847	0.3610741748407364
0.2137090423567811	0.36149989162980006
0.21376819821469453	0.36192526109890866
0.21382729279834004	0.3623502834545406
0.21388632616836403	0.36277495890359207
0.213945298385428	0.363199287653372
0.21400420951020757	0.3636232699116006
0.21406305960339228	0.36404690588640576
0.21412184872568474	0.3644701957863197
0.21418057693780043	0.36489313982027616
0.21423924430046676	0.365315738197607
0.21429785087442285	0.3657379911280396
0.21435639672041895	0.3661598988216934
0.2144148818992158	0.3665814614890774
0.21447330647158414	0.3670026793410866
0.21453167049830435	0.3674235525889991
0.21458997404016578	0.3678440814444732
0.21464821715796606	0.3682642661195449
0.2147063999125112	0.3686841068266239
0.21476452236461432	0.36910360377849205
0.21482258457509573	0.3695227571882988
0.2148805866047821	0.3699415672695595
0.21493852851450612	0.3703600342361521
0.21499641036510606	0.3707781583023144
0.2150542322174251	0.37119593968264103
0.2151119941323109	0.3716133785920804
0.2151696961706153	0.372030475245932
0.21522733839319355	0.37244722985984396
0.21528492086090398	0.3728636426498099
0.21534244363460775	0.37327971383216596
0.21539990677516788	0.3736954436235883
0.2154573103434492	0.3741108322410896
0.21551465440031772	0.37452587990201774
0.2155719390066403	0.37494058682405174
0.21562916422328393	0.3753549532251997
0.21568633011111557	0.3757689793237954
0.21574343673100144	0.3761826653384963
0.21580048414380684	0.37659601148828065
0.21585747241039546	0.3770090179924443
0.21591440159162917	0.3774216850705991
0.21597127174836733	0.37783401294266883
0.21602808294146653	0.3782460018288875
0.2160848352317801	0.3786576519497966
0.21614152868015765	0.3790689635262425
0.2161981633474448	0.3794799367793733
0.21625473929448247	0.37989057193063674
0.2163112565821068	0.3803008692017777
0.21636771527114834	0.38071082881483487
0.2164241154224321	0.38112045099213926
0.21648045709677674	0.381529735956311
0.2165367403549943	0.38193868393025643
0.21659296525788982	0.3823472951371666
0.21664913186626097	0.3827555698005136
0.21670524024089755	0.38316350814404926
0.2167612904425811	0.38357111039180175
0.21681728253208463	0.38397837676807317
0.21687321657017206	0.3843853074974375
0.21692909261759785	0.38479190280473785
0.21698491073510684	0.3851981629150839
0.2170406709834336	0.38560408805385027
0.2170963734233021	0.38600967844667256
0.2171520181154254	0.38641493431944657
0.21720760512050524	0.38681985589832474
0.21726313449923174	0.3872244434097144
0.2173186063122828	0.38762869708027525
0.21737402062032402	0.38803261713691656
0.21742937748400815	0.38843620380679567
0.21748467696397475	0.38883945731731445
0.21753991912084986	0.38924237789611854
0.21759510401524573	0.3896449657710935
0.21765023170776018	0.3900472211703631
0.21770530225897658	0.39044914432228794
0.21776031572946333	0.39085073545546084
0.21781527217977345	0.3912519947987073
0.21787017167044434	0.3916529225810815
0.21792501426199745	0.392053519031864
0.21797980001493794	0.3924537843805607
0.21803452898975412	0.3928537188568994
0.21808920124691744	0.3932533226908282
0.21814381684688203	0.3936525961125131
0.2181983758500842	0.39405153935233606
0.21825287831694232	0.3944501526408921
0.21830732430785643	0.3948484362089879
0.2183617138832079	0.39524639028763936
0.21841604710335913	0.3956440151080692
0.21847032402865324	0.39604131090170525
0.21852454471941363	0.3964382779001777
0.2185787092359438	0.39683491633531764
0.21863281763852704	0.39723122643915443
0.218686869987426	0.397627208443914
0.21874086634288256	0.3980228625820164
0.21879480676511734	0.3984181890860739
0.21884869131432938	0.39881318818888867
0.21890252005069616	0.399207860123451
0.21895629303437286	0.3996022051229372
0.21901001032549236	0.39999622342070773
0.21906367198416488	0.4003899152503044
0.21911727807047754	0.40078328084544895
0.21917082864449428	0.40117632044004126
0.21922432376625547	0.4015690342681567
0.21927776349577763	0.4019614225640448
0.2193311478930532	0.4023534855621263
0.21938447701805	0.40274522349699227
0.21943775093071133	0.4031366366034014
0.21949096969095544	0.4035277251162784
0.21954413335867545	0.4039184892707118
0.21959724199373873	0.40430892930195234
0.21965029565598698	0.4046990454454103
0.21970329440523578	0.4050888379366547
0.2197562383012744	0.4054783070114104
0.2198091274038655	0.4058674529055568
0.21986196177274478	0.4062562758551255
0.21991474146762086	0.4066447760962987
0.21996746654817498	0.4070329538654072
0.22002013707406065	0.4074208093989288
0.22007275310490354	0.407808342933486
0.22012531470030108	0.4081955547058444
0.22017782191982224	0.4085824449529109
0.22023027482300747	0.40896901391173146
0.2202826734693681	0.4093552618194901
0.22033501791838642	0.40974118891350664
0.22038730822951524	0.41012679543123415
0.22043954446217764	0.41051208161025826
0.22049172667576689	0.4108970476882952
0.2205438549296461	0.41128169390318936
0.22059592928314797	0.41166602049291234
0.2206479497955746	0.4120500276955604
0.22069991652619714	0.4124337157493532
0.2207518295342557	0.41281708489263214
0.22080368887895918	0.4132001353638582
0.22085549461948475	0.41358286740161065
0.22090724681497795	0.4139652812445849
0.22095894552455217	0.4143473771315912
0.2210105908072887	0.4147291553015526
0.22106218272223627	0.41511061599350335
0.2211137213284111	0.4154917594465877
0.22116520668479625	0.4158725859000573
0.22121663885034196	0.41625309559327023
0.22126801788396497	0.416633288765689
0.2213193438445485	0.41701316565687924
0.22137061679094214	0.41739272650650777
0.2214218367819614	0.4177719715543411
0.22147300387638758	0.41815090104024344
0.22152411813296774	0.41852951520417564
0.22157517961041434	0.4189078142861934
0.22162618836740494	0.41928579852644554
0.22167714446258224	0.41966346816517225
0.22172804795455367	0.4200408234427036
0.2217788989018913	0.4204178645994586
0.22182969736313174	0.4207945918759427
0.22188044339677557	0.4211710055127468
0.2219311370612876	0.4215471057505453
0.22198177841509636	0.4219228928300948
0.22203236751659414	0.42229836699223255
0.22208290442413658	0.4226735284778752
0.2221333891960427	0.4230483775280165
0.2221838218905944	0.42342291438372653
0.22223420256603676	0.4237971392861497
0.22228453128057732	0.42417105247650344
0.22233480809238632	0.4245446541960772
0.2223850330595962	0.42491794468622984
0.22243520624030175	0.42529092418838915
0.22248532769255966	0.42566359294404993
0.22253539747438836	0.42603595119477256
0.22258541564376808	0.42640799918218164
0.22263538225864046	0.42677973714796474
0.22268529737690843	0.4271511653338702
0.22273516105643607	0.42752228398170644
0.2227849733550484	0.4278930933333406
0.22283473433053122	0.42826359363069627
0.22288444404063112	0.4286337851157531
0.2229341025430549	0.4290036680305446
0.22298370989546984	0.42937324261715715
0.22303326615550337	0.42974250911772865
0.22308277138074278	0.43011146777444664
0.22313222562873533	0.4304801188295479
0.22318162895698784	0.43084846252531567
0.22323098142296666	0.4312164991040796
0.22328028308409756	0.4315842288082138
0.22332953399776545	0.43195165188013535
0.22337873422131435	0.4323187685623035
0.2234278838120471	0.4326855790972176
0.2234769828272254	0.43305208372741644
0.22352603132406937	0.4334182826954765
0.22357502935975793	0.4337841762440108
0.2236239769914279	0.4341497646156678
0.22367287427617452	0.4345150480531295
0.22372172127105114	0.4348800267991108
0.2237705180330687	0.43524470109635766
0.2238192646191961	0.43560907118764636
0.2238679610863598	0.435973137315782
0.22391660749144376	0.43633689972359674
0.2239652038912892	0.43670035865394935
0.2240137503426946	0.43706351434972335
0.22406224690241547	0.43742636705382615
0.2241106936271643	0.43778891700918776
0.22415909057361022	0.43815116445875907
0.22420743779837934	0.4385131096455112
0.22425573535805401	0.43887475281243404
0.22430398330917317	0.43923609420253484
0.22435218170823196	0.4395971340588379
0.22440033061168166	0.43995787262438174
0.22444843007592974	0.44031831014221956
0.22449648015733945	0.4406784468554167
0.2245444809122298	0.4410382830070506
0.22459243239687565	0.44139781884020896
0.22464033466750724	0.44175705459798853
0.2246881877803103	0.44211599052349426
0.22473599179142595	0.4424746268598378
0.2247837467569504	0.4428329638501368
0.22483145273293492	0.44319100173751336
0.22487910977538597	0.44354874076509304
0.22492671794026464	0.44390618117600367
0.22497427728348687	0.44426332321337403
0.2250217878609232	0.44462016712033336
0.2250692497283987	0.44497671314000964
0.22511666294169297	0.4453329615155286
0.22516402755653978	0.44568891249001263
0.22521134362862713	0.4460445663065796
0.22525861121359717	0.4463999232083424
0.225305830367046	0.44675498343840686
0.2253530011445237	0.44710974723987124
0.22540012360153397	0.447464214855825
0.22544719779353442	0.4478183865293478
0.2254942237759361	0.4481722625035084
0.22554120160410357	0.44852584302136367
0.22558813133335487	0.4488791283259575
0.22563501301896122	0.44923211866031937
0.2256818467161471	0.4495848142674639
0.22572863248009012	0.44993721539038967
0.22577537036592082	0.4502893222720778
0.22582206042872277	0.4506411351554915
0.22586870272353235	0.4509926542835742
0.22591529730533846	0.4513438798992497
0.22596184422908308	0.45169481224541996
0.2260083435496603	0.45204545156496523
0.22605479532191697	0.45239579810074204
0.22610119960065223	0.4527458520955827
0.22614755644061743	0.45309561379229435
0.2261938658965163	0.45344508343365775
0.2262401280230046	0.45379426126242667
0.22628634287469016	0.4541431475213265
0.2263325105061327	0.45449174245305335
0.22637863097184402	0.45484004630027314
0.2264247043262874	0.455188059305621
0.22647073062387824	0.45553578171169967
0.22651670991898315	0.4558832137610792
0.22656264226592068	0.4562303556962955
0.22660852771896062	0.45657720775984934
0.2266543663323243	0.4569237701942061
0.22670015816018435	0.4572700432417941
0.2267459032566647	0.4576160271450043
0.22679160167584028	0.45796172214618863
0.22683725347173742	0.4583071284876597
0.22688285869833336	0.4586522464116898
0.22692841740955624	0.4589970761605098
0.22697392965928523	0.45934161797630835
0.2270193955013503	0.4596858721012312
0.2270648149895321	0.4600298387773796
0.22711018817756207	0.46037351824681016
0.22715551511912235	0.4607169107515339
0.22720079586784547	0.46106001653351525
0.22724603047731454	0.4614028358346705
0.2272912190010632	0.4617453688968682
0.22733636149257533	0.46208761596192743
0.22738145800528517	0.46242957727161715
0.2274265085925773	0.46277125306765543
0.2274715133077863	0.46311264359170884
0.22751647220419702	0.46345374908539055
0.22756138533504444	0.46379456979026085
0.22760625275351334	0.46413510594782575
0.22765107451273864	0.46447535779953614
0.2276958506658051	0.46481532558678634
0.2277405812657473	0.4651550095509147
0.22778526636554963	0.4654944099332017
0.22782990601814623	0.46583352697486924
0.22787450027642084	0.46617236091708036
0.22791904919320696	0.46651091200093797
0.22796355282128744	0.4668491804674839
0.2280080112133949	0.4671871665576989
0.2280524244222113	0.467524870512501
0.22809679250036807	0.4678622925727454
0.2281411155004459	0.4681994329792229
0.2281853934749749	0.46853629197266
0.22822962647643452	0.4688728697937177
0.2282738145572532	0.4692091666829906
0.22831795776980884	0.4695451828810064
0.22836205616642835	0.46988091862822534
0.2284061097993876	0.4702163741650384
0.22845011872091167	0.47055154973176805
0.22849408298317464	0.4708864455686665
0.2285380026382995	0.47122106191591545
0.22858187773835809	0.47155539901362453
0.22862570833537124	0.47188945710183183
0.22866949448130855	0.4722232364205023
0.22871323622808845	0.4725567372095271
0.22875693362757804	0.4728899597087234
0.22880058673159323	0.4732229041578331
0.2288441955918985	0.473555570796522
0.2288877602602071	0.4738879598643798
0.22893128078818076	0.474220071600919
0.22897475722742983	0.4745519062455744
0.22901818962951323	0.47488346403770143
0.22906157804593819	0.47521474521657714
0.22910492252816061	0.47554575002139826
0.2291482231275847	0.47587647869128086
0.2291914798955631	0.4762069314652597
0.22923469288339693	0.4765371085822878
0.22927786214233525	0.4768670102812352
0.22932098772357581	0.47719663680088864
0.22936406967826448	0.47752598837995114
0.22940710805749534	0.4778550652570411
0.22945010291231063	0.4781838676706912
0.22949305429370098	0.4785123958593485
0.2295359622526049	0.4788406500613735
0.22957882683990916	0.4791686305150395
0.22962164810644853	0.4794963374585316
0.22966442610300605	0.47982377112994684
0.2297071608803126	0.480150931767293
0.22974985248904706	0.4804778196084876
0.22979250097983647	0.4808044348913585
0.22983510640325566	0.48113077785364233
0.2298776688098275	0.48145684873298367
0.22992018825002272	0.4817826477669354
0.22996266477425997	0.48210817519295734
0.2300050984329058	0.48243343124841603
0.23004748927627466	0.4827584161705837
0.23008983735462857	0.48308313019663796
0.23013214271817775	0.48340757356366165
0.23017440541707979	0.4837317465086409
0.2302166255014404	0.4840556492684662
0.23025880302131285	0.4843792820799309
0.23030093802669827	0.4847026451797303
0.23034303056754524	0.485025738804462
0.2303850806937504	0.4853485631906247
0.23042708845515783	0.48567111857461787
0.23046905390155936	0.4859934051927411
0.2305109770826944	0.4863154232811934
0.23055285804825018	0.48663717307607324
0.23059469684786119	0.48695865481337675
0.23063649353110988	0.4872798687289987
0.2306782481475262	0.48760081505873093
0.23071996074658746	0.4879214940382619
0.23076163137771885	0.4882419059031766
0.23080326009029292	0.48856205088895577
0.23084484693362983	0.4888819292309751
0.23088639195699723	0.48920154116450504
0.23092789520961027	0.48952088692471035
0.23096935674063176	0.48983996674664926
0.23101077659917182	0.49015878086527276
0.23105215483428815	0.49047732951542494
0.2310934914949859	0.49079561293184154
0.23113478663021766	0.4911136313491502
0.2311760402888837	0.491431385001869
0.23121725251983138	0.4917488741244071
0.23125842337185584	0.49206609895106335
0.23129955289369952	0.49238305971602625
0.23134064113405223	0.4926997566533734
0.2313816881415514	0.49301618999707086
0.23142269396478174	0.4933323599809723
0.2314636586522754	0.49364826683881946
0.2315045822525119	0.49396391080424107
0.23154546481391838	0.49427929211075233
0.23158630638486918	0.4945944109917543
0.23162710701368608	0.494909267680534
0.23166786674863837	0.49522386241026367
0.2317085856379426	0.49553819541399985
0.2317492637297629	0.49585226692468365
0.23178990107221062	0.49616607717513983
0.23183049771334457	0.4964796263980761
0.23187105370117095	0.4967929148260835
0.2319115690836435	0.4971059426916352
0.23195204390866314	0.49741871022708656
0.2319924782240782	0.4977312176646738
0.2320328720776846	0.49804346523651494
0.23207322551722556	0.498355453174608
0.23211353859039166	0.4986671817108314
0.2321538113448209	0.49897865107694345
0.23219404382809877	0.49928986150458154
0.23223423608775806	0.4996008132252617
0.232274388171279	0.49991150647037863
0.23231450012608929	0.5002219414712051
0.23235457199956408	0.5005321184588916
0.2323946038390258	0.500842037664465
0.23243459569174446	0.5011516993188297
0.2324745476049374	0.5014611036527662
0.23251445962576953	0.5017702508969308
0.23255433180135307	0.5020791412818554
0.2325941641787478	0.5023877750379472
0.23263395680496088	0.5026961523954875
0.23267370972694698	0.5030042735846323
0.23271342299160833	0.5033121388354116
0.2327530966457945	0.5036197483777289
0.23279273073630266	0.5039271024413603
0.23283232530987735	0.5042342012559553
0.23287188041321083	0.5045410450510351
0.23291139609294265	0.5048476340559934
0.23295087239566012	0.5051539685000952
0.23299030936789786	0.505460048612477
0.23302970705613824	0.5057658746221451
0.23306906550681106	0.5060714467579774
0.23310838476629378	0.5063767652487217
0.23314766488091132	0.5066818303229947
0.2331869058969364	0.5069866422092832
0.2332261078605891	0.5072912011359427
0.23326527081803725	0.5075955073311973
0.23330439481539636	0.5078995610231393
0.23334347989872956	0.508203362439729
0.23338252611404753	0.5085069118087944
0.23342153350730876	0.50881020935803
0.23346050212441935	0.5091132553149981
0.23349943201123305	0.5094160499071265
0.23353832321355156	0.5097185933617103
0.23357717577712392	0.5100208859059091
0.23361598974764727	0.510322927766749
0.2336547651707664	0.5106247191711206
0.23369350209207373	0.5109262603457798
0.23373220055710972	0.5112275515173464
0.2337708606113625	0.5115285929123051
0.2338094823002679	0.5118293847570035
0.2338480656692099	0.512129927277653
0.23388661076352002	0.5124302207003288
0.23392511762847795	0.5127302652509682
0.23396358630931102	0.5130300611553712
0.2340020168511946	0.5133296086392
0.23404040929925202	0.5136289079279789
0.2340787636985545	0.5139279592470934
0.2341170800941212	0.5142267628217908
0.23415535853091932	0.5145253188771791
0.23419359905386408	0.5148236276382268
0.23423180170781868	0.5151216893297627
0.2342699665375944	0.5154195041764762
0.23430809358795057	0.5157170724029162
0.23434618290359463	0.5160143942334907
0.23438423452918214	0.5163114698924675
0.23442224850931667	0.5166082996039727
0.2344602248885501	0.5169048835919916
0.23449816371138238	0.5172012220803673
0.23453606502226176	0.5174973152928015
0.2345739288655846	0.5177931634528529
0.23461175528569544	0.5180887667839382
0.23464954432688734	0.5183841255093312
0.23468729603340144	0.5186792398521628
0.23472501044942712	0.5189741100354199
0.23476268761910232	0.5192687362819465
0.23480032758651315	0.5195631188144424
0.23483793039569414	0.5198572578554631
0.23487549609062838	0.52015115362742
0.2349130247152471	0.5204448063525798
0.23495051631343025	0.520738216253064
0.234987970929006	0.5210313835508488
0.23502538860575134	0.5213243084677651
0.23506276938739146	0.5216169912254986
0.23510011331760033	0.5219094320455882
0.23513742044000033	0.522201631149427
0.2351746907981627	0.5224935887582615
0.2352119244356069	0.5227853050931915
0.23524912139580148	0.5230767803751702
0.23528628172216343	0.5233680148250031
0.2353234054580585	0.5236590086633487
0.23536049264680106	0.5239497621107173
0.2353975433316545	0.5242402753874716
0.23543455755583081	0.5245305487138263
0.23547153536249085	0.5248205823098474
0.23550847679474438	0.5251103763954524
0.23554538189564983	0.5253999311904102
0.2355822507082148	0.5256892469143403
0.2356190832753957	0.5259783237867129
0.2356558796400979	0.5262671620268491
0.23569263984517574	0.52655576185392
0.23572936393343263	0.5268441234869464
0.23576605194762093	0.5271322471447994
0.2358027039304423	0.5274201330462
0.2358393199245472	0.5277077814097174
0.23587589997253547	0.5279951924537711
0.23591244411695597	0.5282823663966295
0.23594895240030683	0.5285693034564093
0.23598542486503543	0.5288560038510759
0.2360218615535384	0.5291424677984432
0.2360582625081616	0.5294286955161734
0.2360946277712002	0.5297146872217761
0.23613095738489875	0.5300004431326091
0.23616725139145128	0.5302859634658776
0.23620350983300117	0.5305712484386347
0.23623973275164117	0.5308562982677796
0.23627592018941354	0.5311411131700592
0.23631207218831013	0.5314256933620671
0.23634818879027222	0.5317100390602436
0.23638427003719087	0.5319941504808751
0.23642031597090649	0.5322780278400947
0.23645632663320923	0.5325616713538808
0.23649230206583896	0.5328450812380583
0.2365282423104853	0.5331282577082975
0.23656414740878742	0.5334112009801146
0.23660001740233444	0.5336939112688704
0.23663585233266524	0.5339763887897715
0.23667165224126852	0.5342586337578692
0.23670741716958282	0.5345406463880596
0.23674314715899666	0.5348224268950835
0.23677884225084858	0.5351039754935264
0.23681450248642683	0.5353852923978174
0.23685012790696994	0.5356663778222306
0.2368857185536664	0.5359472319808832
0.23692127446765474	0.5362278550877374
0.23695679569002362	0.5365082473565976
0.23699228226181185	0.5367884090011128
0.23702773422400858	0.5370683402347748
0.2370631516175529	0.5373480412709188
0.23709853448333446	0.537627512322723
0.2371338828621929	0.5379067536032085
0.2371691967949185	0.5381857653252388
0.2372044763222516	0.5384645477015203
0.2372397214848832	0.5387431009446019
0.23727493232345465	0.5390214252668746
0.2373101088785578	0.5392995208805714
0.23734525119073488	0.5395773879977674
0.23738035930047888	0.5398550268303799
0.23741543324823314	0.5401324375901674
0.23745047307439185	0.5404096204887301
0.2374854788192998	0.54068657573751
0.23752045052325232	0.5409633035477898
0.2375553882264957	0.5412398041306937
0.2375902919692268	0.541516077697187
0.23762516179159354	0.5417921244580759
0.23765999773369448	0.542067944624007
0.23769479983557903	0.5423435384054678
0.2377295681372478	0.5426189060127865
0.2377643026786521	0.5428940476561314
0.23779900349969435	0.543168963545511
0.23783367064022795	0.5434436538907744
0.2378683041400575	0.5437181189016103
0.23790290403893857	0.5439923587875471
0.23793747037657806	0.5442663737579537
0.2379720031926339	0.5445401640220382
0.23800650252671526	0.5448137297888481
0.23804096841838274	0.5450870712672705
0.23807540090714815	0.545360188666032
0.23810980003247462	0.5456330821936981
0.23814416583377665	0.5459057520586738
0.2381784983504204	0.5461781984692027
0.23821279762172326	0.5464504216333672
0.23824706368695417	0.546722421759089
0.23828129658533365	0.5469941990541279
0.23831549635603397	0.547265753726083
0.23834966303817867	0.5475370859823907
0.2383837966708433	0.5478081960303268
0.23841789729305501	0.548079084077005
0.23845196494379262	0.5483497503293772
0.23848599966198689	0.5486201949942331
0.2385200014865203	0.5488904182782011
0.23855397045622728	0.5491604203877463
0.23858790660989407	0.5494302015291727
0.238621809986259	0.5496997619086214
0.23865568062401238	0.5499691017320714
0.2386895185617964	0.5502382212053388
0.23872332383820555	0.5505071205340777
0.23875709649178625	0.5507757999237788
0.23879083656103725	0.5510442595797708
0.2388245440844094	0.5513124997072191
0.23885821910030577	0.5515805205111264
0.2388918616470819	0.5518483221963321
0.23892547176304543	0.5521159049675127
0.23895904948645655	0.5523832690291818
0.23899259485552776	0.5526504145856894
0.23902610790842393	0.5529173418412222
0.23905958868326277	0.5531840509998037
0.23909303721811417	0.5534505422652938
0.23912645355100076	0.5537168158413888
0.2391598377198978	0.5539828719316214
0.23919318976273315	0.5542487107393612
0.23922650971738746	0.554514332467813
0.2392597976216941	0.5547797373200183
0.2392930535134392	0.5550449254988549
0.23932627743036186	0.5553098972070364
0.23935946941015387	0.5555746526471124
0.23939262949046006	0.5558391920214683
0.23942575770887822	0.5561035155323255
0.23945885410295914	0.5563676233817412
0.2394919187102067	0.5566315157716082
0.2395249515680778	0.5568951929036551
0.23955795271398256	0.5571586549794462
0.2395909221852842	0.5574219022003807
0.23962386001929922	0.557684934767694
0.2396567662532975	0.5579477528824568
0.23968964092450198	0.5582103567455747
0.2397224840700892	0.5584727465577894
0.23975529572718896	0.5587349225196772
0.23978807593288456	0.5589968848316499
0.2398208247242128	0.5592586336939543
0.23985354213816393	0.5595201693066728
0.239886228211682	0.5597814918697224
0.2399188829816644	0.5600426015828549
0.23995150648496236	0.5603034986456579
0.23998409875838073	0.5605641832575532
0.24001665983867826	0.5608246556177977
0.24004918976256726	0.5610849159254832
0.2400816885667142	0.5613449643795363
0.24011415628773916	0.5616048011787184
0.24014659296221627	0.5618644265216255
0.24017899862667363	0.5621238406066885
0.24021137331759337	0.5623830436321727
0.24024371707141176	0.562642035796178
0.2402760299245189	0.562900817296639
0.24030831191325944	0.563159388331325
0.24034056307393192	0.5634177490978391
0.24037278344278928	0.5636758997936199
0.2404049730560387	0.5639338406159395
0.24043713194984173	0.5641915717619052
0.2404692601603143	0.564449093428458
0.24050135772352677	0.5647064058123734
0.24053342467550393	0.5649635091102619
0.24056546105222507	0.5652204035185672
0.24059746688962402	0.5654770892335679
0.24062944222358948	0.5657335664513768
0.24066138708996443	0.5659898353679408
0.2406933015245468	0.5662458961790409
0.24072518556308917	0.5665017490802925
0.24075703924129893	0.5667573942671451
0.24078886259483825	0.5670128319348822
0.24082065565932434	0.5672680622786214
0.24085241847032912	0.5675230854933145
0.24088415106337963	0.5677779017737472
0.24091585347395794	0.5680325113145395
0.24094752573750106	0.5682869143101451
0.24097916788940113	0.568541110954852
0.24101077996500558	0.5687951014427819
0.24104236199961698	0.5690488859678909
0.24107391402849304	0.5693024647239688
0.24110543608684692	0.5695558379046394
0.24113692820984695	0.5698090057033602
0.24116839043261706	0.5700619683134233
0.2411998227902364	0.5703147259279542
0.24123122531773974	0.5705672787399122
0.2412625980501173	0.5708196269420911
0.24129394102231488	0.571071770727118
0.2413252542692339	0.5713237102874541
0.2413565378257315	0.5715754458153949
0.24138779172662037	0.571826977503069
0.24141901600666918	0.5720783055424395
0.2414502107006022	0.5723294301253034
0.24148137584309967	0.5725803514432912
0.24151251146879768	0.5728310696878677
0.24154361761228826	0.5730815850503308
0.24157469430811937	0.5733318977218134
0.24160574159079512	0.5735820078932813
0.24163675949477564	0.5738319157555346
0.2416677480544772	0.5740816214992075
0.24169870730427215	0.5743311253147677
0.2417296372784892	0.5745804273925169
0.24176053801141323	0.5748295279225909
0.2417914095372856	0.575078427094959
0.24182225189030368	0.575327125099425
0.24185306510462162	0.5755756221256259
0.24188384921434983	0.5758239183630331
0.2419146042535552	0.5760720140009518
0.2419453302562612	0.5763199092285212
0.241976027256448	0.5765676042347143
0.24200669528805233	0.5768150992083383
0.2420373343849675	0.5770623943380342
0.2420679445810437	0.5773094898122769
0.24209852591008785	0.5775563858193757
0.24212907840586373	0.5778030825474736
0.24215960210209192	0.5780495801845473
0.24219009703244995	0.5782958789184084
0.24222056323057234	0.5785419789367018
0.24225100073005063	0.5787878804269068
0.24228140956443342	0.5790335835763366
0.2423117897672264	0.579279088572139
0.24234214137189236	0.5795243956012952
0.2423724644118514	0.5797695048506213
0.24240275892048083	0.580014416506767
0.24243302493111527	0.5802591307562166
0.2424632624770466	0.5805036477852881
0.24249347159152423	0.5807479677801344
0.24252365230775483	0.580992090926742
0.24255380465890275	0.5812360174109321
0.24258392867808978	0.5814797474183602
0.24261402439839522	0.5817232811345159
0.24264409185285607	0.5819666187447234
0.2426741310744671	0.5822097604341411
0.2427041420961806	0.5824527063877619
0.24273412495090677	0.5826954567904133
0.24276407967151353	0.5829380118267568
0.24279400629082679	0.583180371681289
0.24282390484163027	0.5834225365383403
0.2428537753566657	0.5836645065820764
0.2428836178686327	0.5839062819964971
0.24291343241018906	0.584147862965437
0.24294321901395066	0.5843892496725653
0.24297297771249154	0.584630442301386
0.24300270853834385	0.5848714410352377
0.24303241152399802	0.585112246057294
0.2430620867019027	0.5853528575505624
0.24309173410446516	0.5855932756978863
0.2431213537640506	0.5858335006819437
0.24315094571298304	0.586073532685247
0.24318050998354473	0.5863133718901439
0.24321004660797663	0.586553018478817
0.2432395556184781	0.5867924726332842
0.2432690370472072	0.5870317345353978
0.24329849092628072	0.5872708043668456
0.2433279172877741	0.5875096823091509
0.24335731616372142	0.5877483685436712
0.24338668758611579	0.5879868632516
0.24341603158690905	0.5882251666139657
0.24344534819801192	0.588463278811632
0.24347463745129413	0.5887012000252981
0.24350389937858438	0.5889389304354985
0.24353313401167048	0.589176470222603
0.24356234138229918	0.5894138195668169
0.24359152152217647	0.5896509786481814
0.24362067446296762	0.5898879476465726
0.24364980023629693	0.5901247267417026
0.2436788988737481	0.5903613161131188
0.24370797040686412	0.5905977159402052
0.2437370148671474	0.5908339264021802
0.24376603228605978	0.5910699476780991
0.2437950226950224	0.5913057799468524
0.2438239861254162	0.5915414233871669
0.2438529226085814	0.5917768781776049
0.24388183217581808	0.5920121444965653
0.2439107148583858	0.5922472225222825
0.24393957068750396	0.5924821124328269
0.2439683996943515	0.5927168144061056
0.2439972019100674	0.5929513286198617
0.24402597736575038	0.5931856552516741
0.244054726092459	0.5934197944789585
0.24408344812121194	0.593653746478967
0.24411214348298765	0.5938875114287875
0.24414081220872472	0.5941210895053451
0.2441694543293219	0.594354480885401
0.24419806987563797	0.5945876857455532
0.2442266588784918	0.594820704262236
0.24425522136866273	0.5950535366117208
0.24428375737689026	0.5952861829701154
0.24431226693387398	0.5955186435133645
0.24434075007027423	0.5957509184172498
0.24436920681671148	0.5959830078573898
0.24439763720376684	0.5962149120092399
0.2444260412619818	0.596446631048093
0.24445441902185855	0.5966781651490785
0.24448277051385967	0.5969095144871633
0.24451109576840852	0.5971406792371513
0.24453939481588918	0.597371659573684
0.24456766768664642	0.5976024556712402
0.24459591441098585	0.5978330677041355
0.2446241350191738	0.5980634958465239
0.24465232954143762	0.5982937402723961
0.24468049800796549	0.5985238011555812
0.24470864044890664	0.5987536786697454
0.2447367568943713	0.5989833729883928
0.24476484737443074	0.5992128842848653
0.24479291191911737	0.5994422127323425
0.24482095055842476	0.5996713585038422
0.24484896332230774	0.5999003217722202
0.24487695024068235	0.60012910271017
0.24490491134342593	0.6003577014902233
0.24493284666037715	0.6005861182847505
0.2449607562213362	0.6008143532659597
0.24498864005606455	0.6010424066058976
0.2450164981942853	0.6012702784764493
0.245044330665683	0.6014979690493382
0.2450721374999039	0.6017254784961266
0.24509991872655568	0.6019528069882147
0.24512767437520788	0.6021799546968424
0.2451554044753917	0.6024069217930873
0.24518310905660015	0.6026337084478665
0.24521078814828795	0.6028603148319359
0.24523844177987184	0.6030867411158902
0.24526606998073042	0.6033129874701632
0.24529367278020425	0.6035390540650278
0.2453212502075957	0.6037649410705964
0.24534880229216963	0.6039906486568203
0.24537632906315252	0.6042161769934898
0.2454038305497333	0.6044415262502357
0.24543130678106306	0.604666696596527
0.24545875778625495	0.6048916882016733
0.24548618359438462	0.6051165012348231
0.24551358423448996	0.6053411358649652
0.2455409597355712	0.6055655922609275
0.24556831012659103	0.6057898705913788
0.24559563543647467	0.6060139710248268
0.24562293569410973	0.6062378937296198
0.24565021092834652	0.6064616388739458
0.24567746116799785	0.6066852066258336
0.24570468644183924	0.6069085971531514
0.2457318867786089	0.6071318106236084
0.24575906220700777	0.6073548472047543
0.24578621275569967	0.6075777070639786
0.24581333845331113	0.6078003903685121
0.2458404393284317	0.6080228972854256
0.24586751540961369	0.6082452279816312
0.24589456672537258	0.6084673826238818
0.24592159330418675	0.6086893613787704
0.24594859517449771	0.6089111644127321
0.24597557236471002	0.6091327918920422
0.24600252490319155	0.6093542439828175
0.24602945281827318	0.609575520851016
0.2460563561382491	0.6097966226624371
0.24608323489137704	0.6100175495827213
0.2461100891058777	0.6102383017773509
0.24613691880993543	0.6104588794116497
0.24616372403169795	0.610679282650783
0.24619050479927643	0.6108995116597576
0.24621726114074566	0.6111195666034229
0.24624399308414383	0.6113394476464693
0.2462707006574729	0.6115591549534296
0.2462973838886985	0.611778688688679
0.24632404280574996	0.6119980490164341
0.2463506774365203	0.6122172361007544
0.24637728780886636	0.6124362501055415
0.24640387395060892	0.6126550911945392
0.24643043588953262	0.6128737595313343
0.2464569736533859	0.6130922552793556
0.24648348726988134	0.6133105786018751
0.24650997676669562	0.613528729662007
0.24653644217146922	0.6137467086227091
0.24656288351180702	0.6139645156467815
0.24658930081527797	0.6141821508968676
0.24661569410941517	0.6143996145354539
0.2466420634217161	0.6146169067248701
0.2466684087796424	0.6148340276272894
0.24669473021062027	0.6150509774047281
0.24672102774203997	0.615267756219046
0.24674730140125656	0.6154843642319466
0.24677355121558936	0.6157008016049771
0.2467997772123223	0.6159170684995283
0.24682597941870388	0.6161331650768349
0.24685215786194725	0.6163490914979758
0.24687831256923015	0.6165648479238733
0.24690444356769503	0.6167804345152947
0.24693055088444918	0.6169958514328509
0.24695663454656477	0.6172110988369972
0.24698269458107838	0.6174261768880334
0.24700873101499207	0.6176410857461035
0.2470347438752725	0.617855825571197
0.24706073318885127	0.6180703965231468
0.2470866989826252	0.6182847987616314
0.24711264128345603	0.6184990324461742
0.24713856011817065	0.6187130977361431
0.2471644555135612	0.6189269947907515
0.2471903274963848	0.6191407237690578
0.2472161760933642	0.6193542848299657
0.24724200133118704	0.6195676781322238
0.24726780323650643	0.619780903834427
0.24729358183594113	0.619993962095015
0.2473193371560748	0.6202068530722733
0.24734506922345706	0.6204195769243336
0.24737077806460275	0.6206321338091728
0.24739646370599247	0.6208445238846141
0.24742212617407225	0.6210567473083266
0.24744776549525388	0.6212688042378256
0.2474733816959148	0.6214806948304727
0.24749897480239813	0.6216924192434755
0.24752454484101302	0.6219039776338882
0.2475500918380341	0.6221153701586118
0.24757561581970203	0.6223265969743933
0.24760111681222344	0.6225376582378268
0.24762659484177085	0.6227485541053533
0.24765204993448275	0.6229592847332606
0.24767748211646382	0.6231698502776835
0.24770289141378465	0.6233802508946036
0.24772827785248214	0.6235904867398505
0.24775364145855916	0.6238005579691003
0.2477789822579849	0.6240104647378767
0.247804300276695	0.6242202072015515
0.24782959554059106	0.6244297855153432
0.24785486807554127	0.6246391998343188
0.24788011790738024	0.6248484503133924
0.24790534506190878	0.6250575371073268
0.2479305495648945	0.6252664603707322
0.24795573144207128	0.6254752202580672
0.24798089071913976	0.6256838169236387
0.24800602742176697	0.6258922505216015
0.24803114157558692	0.626100521205959
0.24805623320620002	0.6263086291305638
0.24808130233917355	0.626516574449116
0.24810634900004158	0.6267243573151653
0.24813137321430503	0.6269319778821096
0.24815637500743165	0.6271394363031965
0.24818135440485622	0.6273467327315219
0.24820631143198024	0.6275538673200313
0.24823124611417247	0.6277608402215193
0.24825615847676857	0.6279676515886298
0.24828104854507133	0.6281743015738562
0.24830591634435079	0.6283807903295416
0.2483307618998439	0.6285871180078785
0.24835558523675508	0.6287932847609095
0.24838038638025595	0.6289992907405265
0.24840516535548535	0.6292051360984723
0.24842992218754953	0.6294108209863389
0.2484546569015222	0.629616345555569
0.24847936952244437	0.6298217099574553
0.2485040600753246	0.6300269143431415
0.248528728585139	0.6302319588636208
0.24855337507683126	0.630436843669738
0.24857799957531254	0.6306415689121878
0.24860260210546173	0.6308461347415164
0.2486271826921255	0.6310505413081205
0.2486517413601181	0.6312547887622482
0.24867627813422166	0.6314588772539983
0.24870079303918616	0.6316628069333213
0.2487252860997293	0.6318665779500188
0.24874975734053675	0.6320701904537439
0.24877420678626222	0.6322736445940013
0.24879863446152722	0.6324769405201474
0.2488230403909215	0.6326800783813903
0.24884742459900275	0.6328830583267899
0.24887178711029673	0.6330858805052587
0.24889612794929758	0.6332885450655606
0.24892044714046746	0.6334910521563121
0.2489447447082367	0.6336934019259819
0.24896902067700416	0.6338955945228912
0.24899327507113678	0.6340976300952138
0.24901750791497007	0.6342995087909759
0.2490417192328078	0.6345012307580568
0.24906590904892217	0.6347027961441885
0.24909007738755415	0.6349042050969558
0.24911422427291285	0.635105457763797
0.24913834972917628	0.6353065542920033
0.24916245378049084	0.6355074948287195
0.2491865364509718	0.6357082795209433
0.24921059776470292	0.6359089085155265
0.2492346377457369	0.6361093819591744
0.24925865641809508	0.6363096999984457
0.24928265380576772	0.6365098627797533
0.24930662993271388	0.636709870449364
0.24933058482286152	0.6369097231533984
0.2493545185001077	0.637109421037832
0.24937843098831824	0.6373089642484938
0.24940232231132817	0.6375083529310678
0.24942619249294154	0.6377075872310922
0.24945004155693157	0.6379066672939598
0.2494738695270405	0.6381055932649187
0.24949767642697993	0.6383043652890709
0.2495214622804305	0.6385029835113741
0.2495452271110424	0.638701448076641
0.2495689709424349	0.6388997591295391
0.24959269379819682	0.6390979168145917
0.24961639570188615	0.6392959212761773
0.2496400766770306	0.6394937726585298
0.24966373674712716	0.6396914711057389
0.2496873759356425	0.6398890167617499
0.24971099426601268	0.6400864097703644
0.24973459176164353	0.6402836502752391
0.24975816844591042	0.640480738419888
0.24978172434215853	0.64067767434768
0.2498052594737026	0.6408744582018411
0.24982877386382724	0.6410710901254537
0.24985226753578693	0.6412675702614565
0.24987574051280587	0.6414638987526451
0.2498991928180783	0.6416600757416716
0.24992262447476823	0.6418561013710451
0.24994603550600977	0.6420519757831318
0.24996942593490695	0.6422476991201546
0.24999279578453396	0.6424432715241941
0.250016145077935	0.6426386931371881
0.2500394738381244	0.6428339641009316
0.2500627820880867	0.6430290845570774
0.25008606985077664	0.6432240546471358
0.2501093371491193	0.6434188745124751
0.2501325840060098	0.6436135442943214
0.2501558104443139	0.6438080641337587
0.2501790164868677	0.6440024341717293
0.25020220215647726	0.6441966545490336
0.2502253674759197	0.6443907254063304
0.25024851246794255	0.644584646884137
0.25027163715526335	0.6447784191228292
0.25029474156057074	0.6449720422626415
0.25031782570652383	0.6451655164436675
0.25034088961575224	0.6453588418058591
0.25036393331085655	0.6455520184890281
0.25038695681440765	0.6457450466328447
0.2504099601489478	0.6459379263768387
0.25043294333698957	0.6461306578603992
0.25045590640101645	0.6463232412227748
0.25047884936348314	0.6465156766030741
0.25050177224681475	0.6467079641402645
0.250524675073408	0.6469001039731742
0.25054755786563	0.6470920962404909
0.2505704206458193	0.6472839410807623
0.2505932634362853	0.6474756386323967
0.2506160862593088	0.6476671890336623
0.25063888913714155	0.6478585924226878
0.25066167209200646	0.6480498489374626
0.2506844351460978	0.6482409587158368
0.2507071783215811	0.6484319218955209
0.25072990164059333	0.6486227386140864
0.25075260512524256	0.648813409008966
0.25077528879760835	0.6490039332174535
0.25079795267974186	0.6491943113767039
0.2508205967936655	0.6493845436237332
0.2508432211613734	0.6495746300954195
0.2508658258048311	0.6497645709285018
0.25088841074597557	0.6499543662595814
0.2509109760067158	0.6501440162251207
0.2509335216089323	0.650333520961445
0.25095604757447715	0.6505228806047407
0.25097855392517426	0.6507120952910568
0.2510010406828193	0.6509011651563046
0.2510235078691799	0.6510900903362576
0.2510459555059953	0.651278870966552
0.2510683836149768	0.6514675071826866
0.2510907922178077	0.6516559991200228
0.25111318133614313	0.6518443469137849
0.2511355509916103	0.6520325506990602
0.25115790120580844	0.6522206106107993
0.25118023200030887	0.6524085267838154
0.25120254339665504	0.6525962993527857
0.25122483541636265	0.6527839284522506
0.25124710808091943	0.6529714142166139
0.25126936141178563	0.653158756780143
0.25129159543039337	0.6533459562769697
0.25131381015814747	0.653533012841089
0.2513360056164249	0.6537199266063602
0.251358181826575	0.6539066977065069
0.2513803388099197	0.6540933262751167
0.2514024765877533	0.6542798124456415
0.25142459518134247	0.654466156351398
0.25144669461192676	0.6546523581255675
0.25146877490071795	0.6548384179011958
0.25149083606890066	0.6550243358111936
0.25151287813763207	0.6552101119883366
0.25153490112804205	0.6553957465652654
0.25155690506123324	0.6555812396744864
0.251578889958281	0.6557665914483707
0.25160085584023345	0.6559518020191548
0.25162280272811177	0.656136871518941
0.2516447306429097	0.6563218000796972
0.2516666396055942	0.6565065878332571
0.251688529637105	0.6566912349113204
0.25171040075835477	0.6568757414454527
0.25173225299022933	0.6570601075670857
0.25175408635358754	0.6572443334075172
0.2517759008692613	0.6574284190979119
0.2517976965580558	0.6576123647693003
0.2518194734407493	0.65779617055258
0.25184123153809296	0.657979836578515
0.2518629708708118	0.6581633629777365
0.25188469145960374	0.6583467498807422
0.2519063933251399	0.6585299974178972
0.2519280764880652	0.6587131057194338
0.25194974096899764	0.6588960749154514
0.25197138678852854	0.6590789051359172
0.251993013967223	0.6592615965106653
0.25201462252561946	0.659444149169398
0.2520362124842298	0.6596265632416852
0.25205778386353966	0.6598088388569647
0.25207933668400817	0.6599909761445424
0.25210087096606815	0.6601729752335921
0.2521223867301262	0.660354836253156
0.2521438839965624	0.660536559332145
0.2521653627857308	0.6607181445993376
0.25218682311795915	0.6608995921833819
0.2522082650135491	0.6610809022127943
0.25222968849277594	0.6612620748159596
0.25225109357588915	0.6614431101211323
0.252272480283112	0.6616240082564354
0.25229384863464166	0.6618047693498614
0.2523151986506495	0.6619853935292722
0.2523365303512809	0.6621658809223988
0.25235784375665493	0.6623462316568419
0.2523791388868654	0.6625264458600719
0.25240041576197986	0.662706523659429
0.25242167440204	0.6628864651821232
0.2524429148270621	0.6630662705552345
0.2524641370570363	0.6632459399057131
0.2524853411119272	0.6634254733603795
0.2525065270116737	0.6636048710459245
0.25252769477618925	0.6637841330889093
0.25254884442536135	0.6639632596157657
0.2525699759790521	0.6641422507527966
0.2525910894570982	0.6643211066261754
0.2526121848793107	0.6644998273619463
0.25263326226547517	0.6646784130860252
0.2526543216353518	0.6648568639241982
0.2526753630086753	0.6650351800021238
0.2526963864051552	0.665213361445331
0.25271739184447567	0.6653914083792213
0.2527383793462955	0.6655693209290667
0.25275934893024815	0.6657470992200121
0.25278030061594203	0.6659247433770736
0.2528012344229604	0.6661022535251396
0.2528221503708612	0.6662796297889705
0.2528430484791774	0.6664568722931992
0.25286392876741665	0.6666339811623305
0.25288479125506197	0.6668109565207422
0.252905635961571	0.6669877984926844
0.2529264629063765	0.6671645072022799
0.25294727210888646	0.6673410827735247
0.2529680635884837	0.6675175253302873
0.2529888373645263	0.6676938349963094
0.2530095934563476	0.6678700118952063
0.253030331883256	0.6680460561504661
0.2530510526645351	0.6682219678854505
0.2530717558194439	0.6683977472233948
0.25309244136721654	0.6685733942874079
0.2531131093270627	0.6687489092004726
0.25313375971816715	0.6689242920854455
0.25315439255969036	0.6690995430650569
0.253175007870768	0.669274662261912
0.25319560567051136	0.6694496497984896
0.25321618597800716	0.6696245057971432
0.25323674881231756	0.6697992303801007
0.25325729419248055	0.6699738236694645
0.25327782213750955	0.6701482857872115
0.2532983326663935	0.6703226168551942
0.2533188257980974	0.6704968169951396
0.2533393015515614	0.6706708863286495
0.2533597599457019	0.6708448249772011
0.2533802009994109	0.6710186330621474
0.25340062473155606	0.6711923107047159
0.253421031160981	0.6713658580260105
0.25344142030650524	0.6715392751470102
0.2534617921869242	0.6717125621885701
0.25348214682100917	0.6718857192714212
0.25350248422750743	0.67205874651617
0.25352280442514225	0.6722316440432999
0.25354310743261316	0.67240441197317
0.2535633932685954	0.6725770504260159
0.2535836619517406	0.6727495595219498
0.25360391350067635	0.6729219393809602
0.25362414793400645	0.6730941901229129
0.2536443652703111	0.6732663118675499
0.2536645655281464	0.6734383047344905
0.25368474872604513	0.6736101688432309
0.25370491488251584	0.6737819043131444
0.2537250640160439	0.6739535112634822
0.25374519614509083	0.6741249898133721
0.2537653112880946	0.6742963400818199
0.25378540946346956	0.674467562187709
0.25380549068960667	0.6746386562498005
0.25382555498487314	0.6748096223867334
0.2538456023676129	0.6749804607170247
0.2538656328561465	0.6751511713590695
0.2538856464687708	0.6753217544311413
0.2539056432237597	0.6754922100513916
0.2539256231393635	0.6756625383378507
0.2539455862338091	0.6758327394084275
0.2539655325253003	0.6760028133809091
0.2539854620320177	0.676172760372962
0.25400537477211854	0.6763425805021314
0.2540252707637371	0.6765122738858416
0.2540451500249841	0.6766818406413958
0.2540650125739477	0.6768512808859771
0.25408485842869255	0.6770205947366472
0.2541046876072604	0.6771897823103481
0.25412450012766996	0.6773588437239009
0.2541442960079171	0.6775277790940063
0.2541640752659745	0.6776965885372456
0.2541838379197921	0.6778652721700794
0.2542035839872969	0.6780338301088487
0.25422331348639293	0.6782022624697747
0.25424302643496155	0.6783705693689587
0.2542627228508613	0.6785387509223828
0.25428240275192787	0.6787068072459095
0.25430206615597434	0.6788747384552818
0.254321713080791	0.6790425446661238
0.2543413435441454	0.6792102259939402
0.25436095756378274	0.6793777825541171
0.25438055515742536	0.6795452144619212
0.254400136342773	0.6797125218325009
0.254419701137503	0.6798797047808859
0.2544392495592702	0.6800467634219873
0.2544587816257069	0.6802136978705979
0.25447829735442296	0.6803805082413921
0.25449779676300577	0.680547194648926
0.25451727986902034	0.680713757207638
0.2545367466900094	0.6808801960318482
0.25455619724349354	0.6810465112357592
0.25457563154697055	0.6812127029334558
0.2545950496179164	0.6813787712389051
0.2546144514737847	0.6815447162659567
0.25463383713200666	0.6817105381283429
0.2546532066099917	0.681876236939679
0.2546725599251268	0.6820418128134629
0.254691897094777	0.6822072658630752
0.25471121813628517	0.6823725962017804
0.2547305230669722	0.6825378039427252
0.2547498119041368	0.6827028891989406
0.254769084665056	0.6828678520833404
0.2547883413669845	0.6830326927087224
0.2548075820271555	0.6831974111877674
0.25482680666277996	0.6833620076330409
0.2548460152910471	0.6835264821569915
0.2548652079291244	0.6836908348719524
0.2548843845941573	0.6838550658901406
0.25490354530326975	0.6840191753236572
0.2549226900735638	0.684183163284488
0.25494181892211965	0.6843470298845034
0.2549609318659962	0.6845107752354577
0.25498002892223043	0.6846743994489907
0.2549991101078377	0.6848379026366265
0.25501817543981176	0.6850012849097744
0.255037224935125	0.6851645463797285
0.2550562586107281	0.6853276871576683
0.25507527648355033	0.6854907073546584
0.2550942785704995	0.685653607081649
0.2551132648884617	0.6858163864494755
0.25513223545430197	0.685979045568859
0.2551511902848639	0.6861415845504066
0.2551701293969696	0.686304003504611
0.2551890528074199	0.6864663025418507
0.25520796053299444	0.6866284817723907
0.2552268525904514	0.6867905413063818
0.25524572899652803	0.6869524812538613
0.25526458976794	0.687114301724753
0.2552834349213821	0.6872760028288669
0.25530226447352783	0.6874375846758998
0.2553210784410297	0.6875990473754352
0.25533987684051895	0.6877603910369438
0.25535865968860594	0.6879216157697826
0.25537742700187993	0.6880827216831964
0.25539617879690907	0.6882437088863168
0.25541491509024083	0.688404577488163
0.25543363589840146	0.6885653275976412
0.2554523412378964	0.6887259593235452
0.2554710311252103	0.6888864727745571
0.2554897055768067	0.689046868059246
0.2555083646091287	0.6892071452860691
0.25552700823859836	0.6893673045633718
0.25554563648161693	0.6895273459993875
0.25556424935456507	0.6896872697022377
0.25558284687380245	0.6898470757799324
0.2556014290556686	0.6900067643403699
0.25561999591648205	0.6901663354913371
0.2556385474725405	0.6903257893405096
0.25565708374012147	0.6904851259954518
0.2556756047354818	0.6906443455636168
0.2556941104748576	0.690803448152347
0.2557126009744647	0.6909624338688736
0.25573107625049835	0.6911213028203174
0.25574953631913333	0.6912800551136881
0.25576798119652416	0.691438690855885
0.25578641089880466	0.6915972101536975
0.2558048254420886	0.691755613113804
0.2558232248424693	0.6919138998427726
0.25584160911601966	0.6920720704470619
0.2558599782787926	0.6922301250330201
0.2558783323468203	0.6923880637068855
0.2558966713361153	0.692545886574787
0.2559149952626694	0.6927035937427434
0.25593330414245474	0.6928611853166642
0.2559515979914229	0.6930186614023495
0.25596987682550565	0.6931760221054898
0.2559881406606143	0.6933332675316668
0.25600638951264065	0.6934903977863527
0.2560246233974561	0.6936474129749108
0.256042842330912	0.693804313202596
0.25606104632883997	0.6939610985745535
0.2560792354070516	0.6941177691958206
0.2560974095813385	0.6942743251713259
0.2561155688674724	0.6944307666058894
0.2561337132812053	0.6945870936042229
0.2561518428382692	0.6947433062709298
0.25616995755437644	0.6948994047105059
0.25618805744521955	0.6950553890273382
0.25620614252647117	0.6952112593257064
0.2562242128137844	0.6953670157097824
0.2562422683227925	0.6955226582836301
0.25626030906910924	0.6956781871512062
0.25627833506832864	0.6958336024163597
0.25629634633602494	0.6959889041828325
0.2563143428877533	0.6961440925542591
0.25633232473904866	0.6962991676341669
0.25635029190542696	0.6964541295259764
0.2563682444023844	0.696608978333001
0.2563861822453978	0.6967637141584475
0.25640410544992437	0.6969183371054161
0.25642201403140213	0.6970728472768999
0.2564399080052495	0.6972272447757863
0.25645778738686564	0.6973815297048559
0.2564756521916304	0.6975357021667832
0.2564935024349041	0.6976897622641363
0.2565113381320282	0.6978437100993776
0.2565291592983245	0.6979975457748636
0.2565469659490956	0.6981512693928448
0.25656475809962515	0.6983048810554658
0.2565825357651775	0.6984583808647665
0.25660029896099773	0.6986117689226802
0.2566180477023119	0.6987650453310355
0.25663578200432696	0.6989182101915554
0.25665350188223074	0.6990712636058583
0.2566712073511922	0.6992242056754568
0.256688898426361	0.6993770365017594
0.256706575122868	0.6995297561860689
0.2567242374558251	0.6996823648295841
0.2567418854403252	0.6998348625333988
0.25675951909144235	0.6999872493985023
0.2567771384242315	0.7001395255257796
0.256794743453729	0.7002916910160115
0.2568123341949522	0.7004437459698745
0.2568299106628998	0.700595690487941
0.2568474728725515	0.7007475246706797
0.2568650208388685	0.700899248618455
0.2568825545767931	0.7010508624315277
0.2569000741012488	0.7012023662100556
0.25691757942714083	0.7013537600540918
0.2569350705693551	0.701505044063587
0.2569525475427597	0.7016562183383879
0.2569700103622035	0.7018072829782384
0.25698745904251696	0.701958238082779
0.25700489359851214	0.7021090837515477
0.2570223140449824	0.7022598200839789
0.2570397203967027	0.7024104471794047
0.25705711266842945	0.7025609651370546
0.2570744908749009	0.7027113740560551
0.2570918550308363	0.7028616740354305
0.2571092051509372	0.7030118651741029
0.2571265412498862	0.7031619475708917
0.25714386334234796	0.7033119213245146
0.2571611714429685	0.7034617865335869
0.25717846556637575	0.7036115432966223
0.2571957457271794	0.7037611917120326
0.2572130119399708	0.7039107318781277
0.2572302642193231	0.704060163893116
0.25724750257979134	0.7042094878551044
0.25726472703591224	0.7043587038620983
0.2572819376022045	0.704507812012002
0.25729913429316875	0.7046568124026185
0.2573163171232874	0.7048057051316495
0.2573334861070249	0.7049544902966962
0.25735064125882745	0.7051031679952585
0.2573677825931236	0.7052517383247359
0.2573849101243236	0.7054002013824268
0.25740202386681993	0.7055485572655292
0.2574191238349871	0.7056968060711413
0.2574362100431815	0.7058449478962597
0.2574532825057419	0.7059929828377818
0.25747034123698903	0.7061409109925043
0.257487386251226	0.7062887324571242
0.2575044175627378	0.7064364473282383
0.25752143518579185	0.706584055702344
0.2575384391346377	0.7067315576758384
0.25755542942350723	0.7068789533450195
0.25757240606661463	0.7070262428060853
0.2575893690781563	0.7071734261551351
0.257606318472311	0.707320503488168
0.25762325426324	0.7074674749010849
0.25764017646508663	0.7076143404896865
0.25765708509197693	0.7077611003496755
0.25767398015801934	0.7079077545766551
0.2576908616773045	0.7080543032661301
0.2577077296639058	0.7082007465135064
0.25772458413187915	0.7083470844140913
0.2577414250952627	0.7084933170630939
0.25775825256807755	0.7086394445556247
0.257775066564327	0.7087854669866959
0.2577918670979972	0.7089313844512217
0.2578086541830569	0.7090771970440181
0.25782542783345735	0.7092229048598032
0.25784218806313264	0.7093685079931975
0.2578589348859994	0.7095140065387233
0.25787566831595726	0.7096594005908057
0.2578923883668883	0.7098046902437719
0.2579090950526575	0.7099498755918519
0.2579257883871128	0.7100949567291783
0.2579424683840844	0.7102399337497864
0.25795913505738605	0.7103848067476145
0.25797578842081387	0.7105295758165038
0.2579924284881472	0.7106742410501984
0.258009055273148	0.710818802542346
0.2580256687895614	0.7109632603864972
0.2580422690511154	0.7111076146761062
0.25805885607152085	0.7112518655045306
0.25807542986447196	0.7113960129650316
0.25809199044364556	0.7115400571507742
0.2581085378227019	0.7116839981548269
0.25812507201528406	0.7118278360701622
0.2581415930350182	0.711971570989657
0.25815810089551394	0.7121152030060919
0.2581745956103637	0.7122587322121515
0.2581910771931432	0.7124021587004252
0.25820754565741144	0.7125454825634067
0.25822400101671034	0.7126887038934937
0.2582404432845655	0.7128318227829892
0.25825687247448553	0.7129748393241007
0.25827328859996246	0.7131177536089399
0.2582896916744712	0.7132605657295243
0.2583060817114707	0.7134032757777761
0.2583224587244027	0.7135458838455221
0.25833882272669256	0.7136883900244951
0.25835517373174915	0.7138307944063328
0.2583715117529645	0.7139730970825782
0.2583878368037143	0.71411529814468
0.2584041488973577	0.7142573976839927
0.2584204480472371	0.7143993957917761
0.25843673426667874	0.714541292559196
0.25845300756899225	0.7146830880773242
0.25846926796747094	0.7148247824371385
0.25848551547539156	0.7149663757295227
0.25850175010601456	0.7151078680452666
0.25851797187258385	0.715249259475067
0.2585341807883274	0.7153905501095266
0.2585503768664564	0.7155317400391544
0.2585665601201661	0.7156728293543667
0.25858273056263525	0.715813818145486
0.2585988882070264	0.7159547065027416
0.258615033066486	0.71609549451627
0.25863116515414414	0.7162361822761146
0.2586472844831147	0.7163767698722258
0.2586633910664956	0.7165172573944611
0.25867948491736836	0.7166576449325858
0.2586955660487987	0.7167979325762721
0.25871163447383594	0.7169381204151
0.2587276902055134	0.717078208538557
0.25874373325684846	0.7172181970360383
0.2587597636408425	0.7173580859968468
0.2587757813704807	0.7174978755101934
0.25879178645873246	0.7176375656651973
0.2588077789185511	0.7177771565508851
0.25882375876287383	0.7179166482561923
0.2588397260046224	0.7180560408699622
0.2588556806567023	0.7181953344809467
0.25887162273200315	0.7183345291778063
0.258887552243399	0.7184736250491098
0.2589034692037478	0.718612622183335
0.25891937362589174	0.7187515206688683
0.2589352655226574	0.7188903205940047
0.2589511449068554	0.719029022046949
0.2589670117912806	0.719167625115814
0.2589828661887123	0.7193061298886226
0.258998708111914	0.7194445364533065
0.2590145375736337	0.7195828448977069
0.2590303545866033	0.7197210553095743
0.2590461591635396	0.719859167776569
0.25906195131714344	0.7199971823862609
0.2590777310601002	0.7201350992261295
0.2590934984050799	0.7202729183835642
0.25910925336473634	0.7204106399458646
0.2591249959517086	0.72054826400024
0.25914072617861983	0.7206857906338099
0.2591564440580776	0.7208232199336043
0.25917214960267443	0.7209605519865634
0.259187842824987	0.7210977868795377
0.2592035237375769	0.7212349246992883
0.25921919235298996	0.7213719655324871
0.25923484868375685	0.7215089094657163
0.25925049274239303	0.7216457565854695
0.25926612454139836	0.7217825069781506
0.25928174409325744	0.721919160730075
0.2592973514104397	0.7220557179274688
0.25931294650539927	0.7221921786564697
0.259328529390575	0.7223285430031264
0.25934410007839037	0.7224648110533991
0.2593596585812539	0.7226009828931594
0.25937520491155885	0.7227370586081907
0.2593907390816833	0.722873038284188
0.25940626110399007	0.7230089220067577
0.2594217709908272	0.7231447098614187
0.25943726875452694	0.7232804019336011
0.25945275440740734	0.7234159983086478
0.2594682279617708	0.7235514990718133
0.2594836894299049	0.7236869043082648
0.2594991388240821	0.7238222141030816
0.2595145761565599	0.7239574285412552
0.25953000143958077	0.7240925477076902
0.25954541468537257	0.7242275716872032
0.2595608159061476	0.7243625005645239
0.25957620511410384	0.7244973344242949
0.25959158232142404	0.7246320733510713
0.25960694754027613	0.7247667174293214
0.2596223007828133	0.7249012667434269
0.2596376420611738	0.7250357213776821
0.259652971387481	0.7251700814162951
0.25966828877384374	0.7253043469433872
0.2596835942323559	0.7254385180429929
0.2596988877750966	0.7255725947990607
0.25971416941413034	0.7257065772954524
0.25972943916150665	0.7258404656159437
0.2597446970292608	0.7259742598442243
0.2597599430294131	0.7261079600638973
0.2597751771739691	0.7262415663584806
0.25979039947492	0.7263750788114057
0.2598056099442424	0.7265084975060183
0.259820808593898	0.7266418225255786
0.2598359954358343	0.7267750539532613
0.25985117048198386	0.7269081918721553
0.25986633374426515	0.7270412363652641
0.25988148523458177	0.7271741875155061
0.259896624964823	0.7273070454057142
0.25991175294686375	0.7274398101186367
0.2599268691925642	0.727572481736936
0.25994197371377037	0.7277050603431903
0.25995706652231376	0.7278375460198926
0.2599721476300114	0.727969938849451
0.259987217048666	0.7281022389141896
0.26000227479006616	0.7282344462963469
0.2600173208659859	0.7283665610780777
0.26003235528818475	0.7284985833414519
0.2600473780684085	0.7286305131684554
0.2600623892183882	0.7287623506409899
0.26007738874984077	0.7288940958408726
0.26009237667446905	0.7290257488498373
0.2601073530039616	0.729157309749533
0.26012231774999256	0.7292887786215256
0.2601372709242221	0.729420155547297
0.26015221253829646	0.7295514406082452
0.26016714260384716	0.7296826338856849
0.26018206113249237	0.729813735460847
0.2601969681358355	0.7299447454148795
0.26021186362546606	0.7300756638288466
0.2602267476129598	0.7302064907837295
0.2602416201098781	0.7303372263604261
0.26025648112776845	0.7304678706397516
0.2602713306781643	0.730598423702438
0.26028616877258537	0.7307288856291343
0.26030099542253704	0.7308592565004072
0.2603158106395109	0.7309895363967401
0.2603306144349848	0.7311197253985344
0.26034540682042234	0.7312498235861088
0.26036018780727366	0.7313798310396992
0.2603749574069746	0.7315097478394598
0.26038971563094754	0.7316395740654621
0.2604044624906008	0.7317693097976957
0.26041919799732877	0.7318989551160682
0.2604339221625126	0.7320285101004048
0.2604486349975191	0.7321579748304496
0.2604633365137016	0.7322873493858642
0.2604780267223996	0.7324166338462287
0.26049270563493904	0.732545828291042
0.26050737326263196	0.7326749327997206
0.2605220296167769	0.7328039474516005
0.26053667470865866	0.732932872325936
0.26055130854954844	0.7330617075018998
0.2605659311507038	0.733190453058584
0.2605805425233687	0.7333191090749993
0.26059514267877354	0.7334476756300757
0.26060973162813517	0.7335761528026619
0.26062430938265696	0.7337045406715259
0.2606388759535285	0.7338328393153553
0.26065343135192615	0.7339610488127567
0.2606679755890127	0.7340891692422561
0.26068250867593734	0.7342172006822996
0.2606970306238362	0.7343451432112522
0.2607115414438314	0.7344729969073991
0.26072604114703224	0.7346007618489453
0.26074052974453416	0.7347284381140156
0.26075500724741946	0.7348560257806543
0.26076947366675696	0.7349835249268266
0.26078392901360226	0.7351109356304176
0.26079837329899774	0.7352382579692321
0.26081280653397204	0.7353654920209959
0.260827228729541	0.7354926378633547
0.260841639896707	0.7356196955738753
0.26085604004645924	0.7357466652300444
0.26087042918977343	0.73587354690927
0.26088480733761243	0.7360003406888804
0.26089917450092553	0.736127046646125
0.2609135306906494	0.7362536648581741
0.26092787591770694	0.7363801954021187
0.2609422101930082	0.7365066383549717
0.26095653352745013	0.7366329937936661
0.26097084593191655	0.7367592617950571
0.26098514741727824	0.7368854424359209
0.26099943799439274	0.7370115357929552
0.2610137176741047	0.737137541942779
0.2610279864672456	0.7372634609619334
0.26104224438463436	0.7373892929268809
0.26105649143707615	0.7375150379140057
0.2610707276353637	0.7376406959996143
0.26108495299027673	0.7377662672599347
0.2610991675125818	0.737891751771117
0.2611133712130326	0.7380171496092338
0.2611275641023701	0.7381424608502795
0.2611417461913224	0.7382676855701712
0.26115591749060435	0.7383928238447482
0.2611700780109183	0.7385178757497721
0.26118422776295375	0.7386428413609275
0.2611983667573871	0.7387677207538211
0.2612124950048822	0.7388925140039829
0.26122661251609014	0.7390172211868652
0.26124071930164905	0.7391418423778434
0.2612548153721844	0.739266377652216
0.2612689007383091	0.7393908270852046
0.2612829754106232	0.7395151907519536
0.2612970393997137	0.739639468727531
0.26131109271615566	0.739763661086928
0.26132513537051083	0.7398877679050593
0.2613391673733288	0.7400117892567627
0.2613531887351461	0.7401357252168002
0.2613671994664869	0.7402595758598567
0.2613811995778628	0.7403833412605416
0.2613951890797727	0.7405070214933877
0.26140916798270314	0.7406306166328517
0.2614231362971277	0.7407541267533144
0.261437094033508	0.7408775519290807
0.2614510412022925	0.7410008922343797
0.261464977813918	0.7411241477433644
0.261478903878808	0.7412473185301126
0.2614928194073741	0.7413704046686264
0.26150672441001516	0.7414934062328318
0.2615206188971178	0.7416163232965801
0.26153450287905616	0.741739155933647
0.2615483763661918	0.741861904217733
0.2615622393688745	0.7419845682224633
0.26157609189744097	0.742107148021388
0.2615899339622159	0.7422296436879822
0.2616037655735119	0.7423520552956463
0.2616175867416288	0.7424743829177056
0.2616313974768546	0.7425966266274105
0.2616451977894646	0.7427187864979371
0.2616589876897221	0.7428408626023867
0.26167276718787824	0.7429628550137859
0.26168653629417177	0.7430847638050871
0.26170029501882924	0.7432065890491685
0.26171404337206505	0.7433283308188334
0.26172778136408165	0.7434499891868117
0.26174150900506876	0.7435715642257585
0.2617552263052046	0.7436930560082554
0.2617689332746551	0.7438144646068097
0.26178262992357365	0.7439357900938548
0.2617963162621022	0.7440570325417506
0.2618099923003701	0.7441781920227831
0.261823658048495	0.7442992686091646
0.2618373135165824	0.7444202623730342
0.26185095871472547	0.7445411733864572
0.2618645936530062	0.7446620017214255
0.2618782183414935	0.744782747449858
0.26189183279024525	0.7449034106435999
0.26190543700930674	0.7450239913744239
0.2619190310087118	0.745144489714029
0.26193261479848173	0.7452649057340416
0.2619461883886267	0.7453852395060151
0.2619597517891443	0.74550549110143
0.2619733050100208	0.7456256605916943
0.26198684806122996	0.7457457480481432
0.26200038095273437	0.745865753542039
0.2620139036944845	0.7459856771445721
0.2620274162964189	0.7461055189268598
0.26204091876846436	0.7462252789599478
0.26205441112053596	0.746344957314809
0.2620678933625374	0.7464645540623442
0.26208136550435984	0.7465840692733824
0.2620948275558832	0.7467035030186799
0.2621082795269757	0.746822855368922
0.26212172142749374	0.7469421263947214
0.26213515326728215	0.7470613161666192
0.2621485750561739	0.747180424755085
0.2621619868039904	0.7472994522305163
0.26217538852054156	0.7474183986632397
0.2621887802156255	0.7475372641235098
0.26220216189902873	0.74765604868151
0.26221553358052635	0.7477747524073525
0.2622288952698816	0.7478933753710779
0.2622422469768466	0.7480119176426562
0.26225558871116145	0.7481303792919857
0.262268920482555	0.7482487603888942
0.26228224230074443	0.7483670610031382
0.26229555417543576	0.7484852812044037
0.2623088561163232	0.7486034210623057
0.2623221481330894	0.7487214806463887
0.262335430235406	0.7488394600261261
0.26234870243293285	0.7489573592709214
0.2623619647353186	0.7490751784501074
0.2623752171522004	0.7491929176329464
0.26238845969320373	0.7493105768886306
0.26240169236794336	0.7494281562862817
0.26241491518602217	0.7495456558949516
0.2624281281570318	0.7496630757836218
0.2624413312905527	0.749780416021204
0.2624545245961539	0.7498976766765402
0.2624677080833933	0.7500148578184019
0.26248088176181716	0.7501319595154914
0.26249404564096096	0.7502489818364414
0.26250719973034853	0.7503659248498145
0.26252034403949265	0.750482788624104
0.2625334785778949	0.7505995732277341
0.2625466033550456	0.7507162787290589
0.2625597183804239	0.7508329051963639
0.2625728236634978	0.7509494526978648
0.26258591921372404	0.7510659213017089
0.2625990050405485	0.7511823110759734
0.26261208115340556	0.7512986220886674
0.2626251475617188	0.7514148544077306
0.26263820427490026	0.751531008101034
0.26265125130235156	0.75164708323638
0.26266428865346275	0.7517630798815019
0.262677316337613	0.7518789981040648
0.26269033436417044	0.751994837971665
0.26270334274249213	0.7521105995518303
0.26271634148192413	0.7522262829120206
0.26272933059180165	0.7523418881196268
0.2627423100814488	0.7524574152419718
0.2627552799601786	0.7525728643463107
0.26276824023729345	0.7526882354998299
0.2627811909220844	0.7528035287696484
0.2627941320238321	0.7529187442228169
0.2628070635518058	0.7530338819263183
0.2628199855152641	0.7531489419470676
0.26283289792345477	0.7532639243519123
0.2628458007856145	0.7533788292076322
0.26285869411096946	0.7534936565809396
0.2628715779087347	0.7536084065384788
0.2628844521881146	0.7537230791468276
0.2628973169583029	0.7538376744724956
0.262910172228482	0.7539521925819256
0.26292301800782425	0.7540666335414933
0.2629358543054907	0.7541809974175068
0.26294868113063186	0.7542952842762076
0.26296149849238754	0.7544094941837699
0.2629743063998868	0.7545236272063015
0.262987104862248	0.7546376834098426
0.26299989388857886	0.7547516628603675
0.26301267348797625	0.7548655656237832
0.2630254436695265	0.7549793917659303
0.2630382044423055	0.7550931413525831
0.26305095581537835	0.755206814449449
0.26306369779779937	0.7553204111221694
0.2630764303986125	0.7554339314363192
0.2630891536268509	0.7555473754574072
0.2631018674915376	0.755660743250876
0.26311457200168453	0.7557740348821019
0.2631272671662933	0.7558872504163954
0.26313995299435505	0.7560003899190009
0.26315262949485035	0.7561134534550972
0.2631652966767494	0.7562264410897972
0.2631779545490117	0.7563393528881477
0.26319060312058645	0.7564521889151306
0.26320324240041215	0.7565649492356615
0.2632158723974172	0.7566776339145909
0.2632284931205195	0.7567902430167036
0.26324110457862615	0.7569027766067193
0.2632537067806344	0.7570152347492922
0.2632662997354307	0.7571276175090115
0.2632788834518914	0.7572399249504009
0.2632914579388823	0.7573521571379195
0.26330402320525886	0.757464314135961
0.2633165792598664	0.7575763960088545
0.2633291261115398	0.7576884028208638
0.2633416637691037	0.7578003346361883
0.26335419224137213	0.7579121915189626
0.26336671153714947	0.7580239735332566
0.26337922166522915	0.7581356807430756
0.26339172263439486	0.7582473132123604
0.2634042144534197	0.7583588710049872
0.2634166971310671	0.7584703541847686
0.2634291706760895	0.7585817628154519
0.26344163509722973	0.7586930969607208
0.2634540904032204	0.7588043566841948
0.26346653660278363	0.7589155420494289
0.2634789737046316	0.7590266531199148
0.26349140171746654	0.7591376899590795
0.26350382064997996	0.7592486526302867
0.263516230510854	0.7593595411968362
0.2635286313087602	0.759470355721964
0.26354102305236027	0.7595810962688424
0.26355340575030556	0.7596917629005802
0.26356577941123777	0.7598023556802225
0.26357814404378815	0.7599128746707512
0.2635904996565784	0.7600233199350848
0.26360284625821956	0.7601336915360785
0.2636151838573132	0.7602439895365241
0.26362751246245064	0.7603542139991503
0.2636398320822134	0.7604643649866228
0.26365214272517296	0.7605744425615444
0.26366444439989073	0.7606844467864547
0.26367673711491835	0.7607943777238303
0.2636890208787974	0.7609042354360855
0.2637012957000598	0.7610140199855715
0.2637135615872272	0.7611237314345766
0.2637258185488118	0.761233369845327
0.26373806659331533	0.761342935279986
0.26375030572923025	0.7614524278006548
0.26376253596503907	0.7615618474693716
0.2637747573092141	0.7616711943481129
0.26378696977021854	0.7617804684987927
0.2637991733565047	0.7618896699832627
0.26381136807651634	0.7619987988633126
0.26382355393868634	0.7621078552006699
0.2638357309514386	0.7622168390570003
0.263847899123187	0.7623257504939075
0.26386005846233557	0.7624345895729334
0.26387220897727853	0.7625433563555581
0.2638843506764008	0.7626520509031999
0.2638964835680773	0.7627606732772154
0.2639086076606735	0.7628692235389
0.26392072296254476	0.7629777017494871
0.26393282948203717	0.7630861079701491
0.26394492722748714	0.7631944422619968
0.2639570162072211	0.7633027046860796
0.26396909642955635	0.7634108953033859
0.2639811679028002	0.7635190141748428
0.2639932306352505	0.7636270613613162
0.2640052846351955	0.7637350369236113
0.264017329910914	0.763842940922472
0.26402936647067526	0.7639507734185813
0.2640413943227386	0.7640585344725617
0.2640534134753542	0.7641662241449746
0.26406542393676263	0.764273842496321
0.264077425715195	0.7643813895870409
0.26408941881887255	0.764488865477514
0.2641014032560077	0.7645962702280595
0.2641133790348028	0.7647036038989361
0.26412534616345107	0.764810866550342
0.26413730465013635	0.7649180582424154
0.26414925450303256	0.7650251790352341
0.2641611957303047	0.7651322289888159
0.2641731283401084	0.7652392081631181
0.2641850523405894	0.7653461166180384
0.26419696773988455	0.7654529544134144
0.2642088745461211	0.7655597216090236
0.2642207727674169	0.7656664182645841
0.2642326624118806	0.7657730444397539
0.26424454348761145	0.7658796001941311
0.26425641600269933	0.7659860855872549
0.264268279965225	0.7660925006786041
0.2642801353832598	0.7661988455275986
0.2642919822648656	0.7663051201935988
0.26430382061809526	0.7664113247359053
0.2643156504509924	0.7665174592137598
0.26432747177159127	0.7666235236863446
0.26433928458791695	0.7667295182127829
0.26435108890798503	0.7668354428521387
0.2643628847398026	0.766941297663417
0.26437467209136645	0.767047082705564
0.2643864509706655	0.7671527980374666
0.2643982213856783	0.7672584437179534
0.264409983344375	0.7673640198057935
0.26442173685471626	0.767469526359698
0.264433481924654	0.767574963438319
0.26444521856213027	0.7676803311002499
0.26445694677507875	0.7677856294040258
0.2644686665714237	0.7678908584081232
0.26448037795908036	0.7679960181709605
0.26449208094595467	0.7681011087508972
0.2645037755399439	0.7682061302062352
0.264515461748936	0.7683110825952176
0.2645271395808099	0.7684159659760299
0.26453880904343574	0.7685207804067993
0.26455047014467437	0.7686255259455946
0.2645621228923776	0.7687302026504274
0.2645737672943885	0.768834810579251
0.264585403358541	0.7689393497899606
0.2645970310926602	0.7690438203403943
0.26460865050456206	0.7691482222883321
0.2646202616020537	0.7692525556914966
0.26463186439293324	0.7693568206075525
0.2646434588849901	0.7694610170941074
0.26465504508600435	0.7695651452087112
0.26466662300374777	0.7696692050088565
0.2646781926459827	0.7697731965519786
0.2646897540204628	0.7698771198954556
0.264701307134933	0.7699809750966083
0.2647128519971294	0.7700847622127007
0.2647243886147789	0.7701884813009392
0.2647359169956	0.7702921324184738
0.264747437147302	0.7703957156223973
0.264758949077586	0.7704992309697453
0.2647704527941437	0.7706026785174973
0.264781948304658	0.7707060583225755
0.2647934356168035	0.7708093704418458
0.2648049147382459	0.770912614932117
0.26481638567664195	0.7710157918501421
0.2648278484396397	0.7711189012526167
0.2648393030348787	0.7712219431961808
0.2648507494699897	0.7713249177374174
0.26486218775259457	0.7714278249328537
0.26487361789030667	0.7715306648389603
0.2648850398907306	0.7716334375121519
0.2648964537614626	0.7717361430087867
0.26490785951008955	0.7718387813851675
0.2649192571441906	0.7719413526975403
0.2649306466713354	0.7720438570020959
0.2649420280990858	0.7721462943549685
0.2649534014349944	0.7722486648122373
0.26496476668660535	0.7723509684299251
0.2649761238614545	0.7724532052639995
0.2649874729670688	0.772555375370372
0.26499881401096687	0.772657478804899
0.2650101470006587	0.7727595156233812
0.26502147194364567	0.7728614858815637
0.26503278884742065	0.7729633896351363
0.2650440977194681	0.7730652269397339
0.2650553985672638	0.7731669978509355
0.26506669139827527	0.7732687024242654
0.2650779762199613	0.7733703407151925
0.26508925303977243	0.7734719127791309
0.2651005218651506	0.7735734186714391
0.26511178270352925	0.7736748584474217
0.2651230355623336	0.7737762321623272
0.26513428044898035	0.77387753987135
0.2651455173708776	0.7739787816296296
0.2651567463354252	0.7740799574922508
0.2651679673500147	0.7741810675142436
0.26517918042202904	0.7742821117505838
0.26519038555884306	0.7743830902561921
0.26520158276782296	0.7744840030859353
0.2652127720563268	0.7745848502946254
0.26522395343170435	0.7746856319370201
0.2652351269012966	0.7747863480678231
0.26524629247243686	0.7748869987416837
0.2652574501524496	0.7749875840131968
0.2652685999486513	0.7750881039369034
0.2652797418683503	0.7751885585672906
0.265290875918846	0.7752889479587914
0.2653020021074303	0.7753892721657848
0.2653131204413865	0.7754895312425959
0.26532423092798957	0.7755897252434962
0.26533533357450656	0.7756898542227032
0.26534642838819583	0.7757899182343809
0.26535751537630803	0.7758899173326397
0.2653685945460853	0.775989851571536
0.2653796659047618	0.7760897210050735
0.2653907294595632	0.7761895256872013
0.26540178521770746	0.7762892656718164
0.2654128331864039	0.7763889410127616
0.2654238733728541	0.7764885517638266
0.2654349057842512	0.7765880979787478
0.2654459304277803	0.776687579711209
0.26545694731061875	0.7767869970148402
0.2654679564399352	0.7768863499432187
0.26547895782289055	0.7769856385498688
0.26548995146663773	0.7770848628882617
0.26550093737832126	0.777184023011816
0.2655119155650778	0.7772831189738971
0.265522886034036	0.7773821508278183
0.26553384879231634	0.7774811186268394
0.26554480384703155	0.7775800224241683
0.26555575120528585	0.77767886227296
0.265566690874176	0.7777776382263168
0.2655776228607904	0.7778763503372887
0.26558854717220964	0.7779749986588737
0.2655994638155061	0.7780735832440165
0.2656103727977444	0.7781721041456106
0.2656212741259813	0.7782705614164965
0.26563216780726545	0.7783689551094628
0.2656430538486376	0.7784672852772461
0.26565393225713063	0.7785655519725309
0.2656648030397693	0.7786637552479493
0.2656756662035707	0.7787618951560821
0.265686521755544	0.7788599717494576
0.2656973697026906	0.778957985080553
0.2657082100520034	0.7790559352017931
0.2657190428104685	0.7791538221655508
0.26572986798506304	0.7792516460241483
0.2657406855827571	0.7793494068298554
0.26575149561051276	0.7794471046348906
0.26576229807528395	0.779544739491421
0.2657730929840172	0.7796423114515619
0.265783880343651	0.7797398205673779
0.26579466016111625	0.7798372668908815
0.2658054324433358	0.7799346504740349
0.2658161971972249	0.7800319713687478
0.26582695442969106	0.78012922962688
0.2658377041476339	0.7802264253002396
0.26584844635794563	0.7803235584405833
0.26585918106751016	0.7804206290996181
0.26586990828320434	0.7805176373289987
0.26588062801189677	0.7806145831803297
0.2658913402604485	0.7807114667051647
0.2659020450357134	0.7808082879550063
0.26591274234453693	0.780905046981307
0.2659234321937572	0.7810017438354682
0.26593411459020444	0.7810983785688406
0.2659447895407019	0.7811949512327246
0.26595545705206425	0.7812914618783704
0.2659661171310994	0.7813879105569773
0.265976769784607	0.7814842973196944
0.26598741501937945	0.7815806222176206
0.2659980528422014	0.7816768853018045
0.2660086832598498	0.7817730866232443
0.2660193062790944	0.7818692262328887
0.2660299219066971	0.7819653041816352
0.2660405301494124	0.7820613205203324
0.2660511310139869	0.7821572752997781
0.26606172450716004	0.7822531685707208
0.26607231063566356	0.7823490003838587
0.26608288940622177	0.7824447707898403
0.2660934608255513	0.7825404798392644
0.26610402490036156	0.7826361275826804
0.2661145816373543	0.7827317140705874
0.26612513104322366	0.7828272393534352
0.2661356731246565	0.7829227034816244
0.26614620788833204	0.7830181065055056
0.26615673534092243	0.7831134484753802
0.26616725548909187	0.7832087294415002
0.2661777683394976	0.7833039494540687
0.2661882738987891	0.7833991085632386
0.2661987721736083	0.7834942068191143
0.26620926317059057	0.7835892442717509
0.2662197468963628	0.7836842209711544
0.266230223357545	0.7837791369672819
0.26624069256074995	0.7838739923100408
0.2662511545125829	0.7839687870492905
0.26626160921964176	0.7840635212348409
0.26627205668851706	0.7841581949164534
0.26628249692579187	0.7842528081438404
0.26629292993804227	0.7843473609666657
0.2663033557318368	0.7844418534345442
0.2663137743137366	0.7845362855970426
0.2663241856902958	0.7846306575036786
0.2663345898680611	0.7847249692039218
0.26634498685357166	0.7848192207471928
0.26635537665335973	0.7849134121828643
0.26636575927395023	0.7850075435602605
0.2663761347218607	0.7851016149286572
0.26638650300360167	0.785195626337282
0.26639686412567604	0.7852895778353143
0.2664072180945798	0.7853834694718855
0.26641756491680174	0.7854773012960787
0.26642790459882326	0.7855710733569291
0.26643823714711884	0.785664785703424
0.2664485625681553	0.7857584383845023
0.2664588808683927	0.7858520314490557
0.266469192054284	0.7859455649459274
0.2664794961322745	0.7860390389239136
0.26648979310880294	0.7861324534317621
0.26650008299030026	0.7862258085181734
0.26651036578319115	0.7863191042318001
0.2665206414938923	0.7864123406212475
0.26653091012881375	0.7865055177350735
0.2665411716943586	0.7865986356217881
0.2665514261969223	0.7866916943298544
0.26656167364289357	0.7867846939076875
0.26657191403865416	0.7868776344036559
0.2665821473905784	0.7869705158660804
0.2665923737050341	0.7870633383432347
0.2666025929883812	0.7871561018833457
0.2666128052469734	0.7872488065345925
0.26662301048715725	0.7873414523451078
0.26663320871527163	0.7874340393629772
0.26664339993764913	0.787526567636239
0.266653584160615	0.7876190372128846
0.26666376139048764	0.7877114481408594
0.2666739316335783	0.787803800468061
0.2666840948961915	0.7878960942423407
0.2666942511846244	0.7879883295115033
0.2667044005051675	0.7880805063233068
0.2667145428641047	0.7881726247254625
0.266724678267712	0.7882646847656352
0.26673480672225924	0.7883566864914433
0.2667449282340091	0.788448629950459
0.2667550428092175	0.7885405151902076
0.26676515045413307	0.7886323422581685
0.2667752511749981	0.7887241112017747
0.26678534497804746	0.7888158220684129
0.26679543186950927	0.7889074749054238
0.26680551185560536	0.7889990697601018
0.26681558494254975	0.7890906066796953
0.2668256511365502	0.7891820857114068
0.2668357104438077	0.7892735069023926
0.266845762870516	0.7893648702997633
0.2668558084228623	0.7894561759505834
0.266865847107027	0.7895474239018718
0.2668758789291835	0.7896386142006016
0.26688590389549854	0.7897297468936998
0.2668959220121321	0.7898208220280485
0.26690593328523743	0.7899118396504834
0.2669159377209608	0.7900027998077952
0.2669259353254416	0.7900937025467286
0.26693592610481304	0.7901845479139833
0.2669459100652011	0.7902753359562134
0.26695588721272506	0.7903660667200274
0.2669658575534977	0.7904567402519888
0.26697582109362494	0.7905473565986154
0.2669857778392059	0.7906379158063805
0.266995727796333	0.7907284179217118
0.2670056709710924	0.7908188629909916
0.2670156073695628	0.7909092510605576
0.267025536997817	0.7909995821767022
0.2670354598619206	0.7910898563856731
0.2670453759679326	0.7911800737336728
0.26705528532190587	0.7912702342668592
0.2670651879298859	0.7913603380313448
0.26707508379791184	0.7914503850731981
0.26708497293201655	0.7915403754384422
0.2670948553382257	0.7916303091730562
0.26710473102255894	0.7917201863229739
0.26711459999102855	0.791810006934085
0.26712446224964104	0.7918997710522343
0.26713431780439556	0.7919894787232226
0.26714416666128576	0.7920791299928055
0.26715400882629764	0.7921687249066952
0.267163844305411	0.7922582635105587
0.26717367310459916	0.7923477458500191
0.2671834952298292	0.7924371719706553
0.2671933106870609	0.792526541918002
0.26720311948224834	0.7926158557375496
0.2672129216213385	0.7927051134747444
0.2672227171102722	0.7927943151749888
0.2672325059549834	0.7928834608836411
0.26724228816139994	0.792972550646016
0.26725206373544313	0.7930615845073836
0.26726183268302744	0.7931505625129707
0.2672715950100613	0.7932394847079602
0.2672813507224466	0.793328351137491
0.2672910998260785	0.7934171618466587
0.26730084232684587	0.7935059168805148
0.26731057823063137	0.7935946162840675
0.267320307543311	0.7936832601022812
0.26733003027075447	0.793771848380077
0.26733974641882474	0.7938603811623324
0.2673494559933788	0.7939488584938816
0.26735915900026724	0.7940372804195153
0.26736885544533373	0.7941256469839807
0.26737854533441624	0.7942139582319823
0.26738822867334594	0.7943022142081805
0.2673979054679477	0.7943904149571933
0.2674075757240403	0.7944785605235952
0.26741723944743584	0.7945666509519177
0.26742689664394026	0.7946546862866491
0.26743654731935307	0.7947426665722351
0.2674461914794678	0.7948305918530779
0.2674558291300708	0.7949184621735371
0.2674654602769432	0.7950062775779294
0.26747508492585925	0.7950940381105287
0.26748470308258687	0.7951817438155663
0.26749431475288804	0.7952693947372302
0.26750391994251804	0.7953569909196665
0.2675135186572264	0.7954445324069783
0.26752311090275566	0.7955320192432259
0.26753269668484286	0.7956194514724274
0.26754227600921854	0.7957068291385585
0.26755184888160666	0.7957941522855523
0.2675614153077255	0.7958814209572991
0.2675709752932867	0.7959686351976474
0.2675805288439963	0.7960557950504034
0.26759007596555295	0.7961429005593308
0.2675996166636507	0.796229951768151
0.2676091509439758	0.7963169487205438
0.2676186788122095	0.7964038914601462
0.26762820027402656	0.7964907800305535
0.2676377153350955	0.796577614475319
0.26764722400107854	0.7966643948379537
0.2676567262776318	0.7967511211619273
0.2676662221704057	0.7968377934906667
0.2676757116850436	0.7969244118675579
0.267685194827184	0.7970109763359444
0.2676946716024583	0.7970974869391284
0.2677041420164922	0.7971839437203702
0.26771360607490513	0.7972703467228882
0.2677230637833103	0.7973566959898598
0.2677325151473155	0.7974429915644206
0.2677419601725216	0.797529233489664
0.26775139886452387	0.7976154218086429
0.26776083122891153	0.7977015565643683
0.26777025727126785	0.7977876377998095
0.26777967699716937	0.7978736655578954
0.26778909041218757	0.7979596398815128
0.26779849752188695	0.7980455608135072
0.2678078983318268	0.7981314283966835
0.26781729284755973	0.7982172426738051
0.26782668107463314	0.7983030036875942
0.26783606301858737	0.798388711480732
0.2678454386849577	0.7984743660958586
0.2678548080792731	0.7985599675755733
0.26786417120705636	0.7986455159624345
0.2678735280738245	0.7987310112989594
0.2678828786850887	0.7988164536276244
0.2678922230463537	0.7989018429908655
0.26790156116311886	0.7989871794310777
0.2679108930408776	0.7990724629906149
0.2679202186851166	0.7991576937117911
0.2679295381013177	0.7992428716368789
0.26793885129495615	0.7993279968081107
0.26794815827150137	0.7994130692676785
0.26795745903641704	0.7994980890577337
0.2679667535951609	0.7995830562203868
0.2679760419531848	0.7996679707977087
0.2679853241159347	0.7997528328317292
0.2679946000888504	0.7998376423644381
0.2680038698773666	0.7999223994377852
0.268013133486911	0.8000071040936798
0.2680223909229066	0.8000917563739905
0.2680316421907701	0.8001763563205467
0.26804088729591197	0.8002609039751372
0.2680501262437374	0.8003453993795107
0.26805935903964545	0.8004298425753759
0.2680685856890298	0.8005142336044019
0.26807780619727767	0.8005985725082173
0.26808702056977085	0.8006828593284114
0.26809622881188533	0.8007670941065332
0.26810543092899153	0.8008512768840922
0.2681146269264536	0.8009354077025578
0.2681238168096301	0.8010194866033601
0.2681330005838743	0.8011035136278893
0.2681421782545328	0.801187488817496
0.2681513498269473	0.8012714122134913
0.2681605153064534	0.8013552838571467
0.26816967469838104	0.8014391037896942
0.26817882800805426	0.8015228720523265
0.2681879752407915	0.8016065886861965
0.2681971164019055	0.8016902537324182
0.2682062514967035	0.801773867232066
0.26821538053048666	0.8018574292261752
0.26822450350855065	0.8019409397557415
0.26823362043618554	0.8020243988617219
0.2682427313186755	0.8021078065850339
0.26825183616129894	0.802191162966556
0.26826093496932935	0.8022744680471277
0.2682700277480336	0.8023577218675494
0.26827911450267355	0.8024409244685825
0.26828819523850517	0.8025240758909493
0.2682972699607789	0.802607176175334
0.26830633867473924	0.8026902253623805
0.26831540138562576	0.8027732234926953
0.2683244580986716	0.8028561706068453
0.2683335088191049	0.802939066745359
0.268342553552148	0.8030219119487261
0.2683515923030175	0.8031047062573977
0.2683606250769246	0.8031874497117863
0.2683696518790748	0.803270142352266
0.26837867271466825	0.8033527842191719
0.26838768758889964	0.8034353753528011
0.2683966965069572	0.803517915793412
0.26840569947402454	0.8036004055812248
0.2684146964952796	0.8036828447564212
0.2684236875758948	0.8037652333591444
0.2684326727210363	0.8038475714295
0.26844165193586583	0.8039298590075546
0.2684506252255388	0.8040120961333372
0.26845959259520563	0.8040942828468383
0.26846855405001074	0.8041764191880103
0.26847750959509353	0.8042585051967678
0.2684864592355877	0.804340540912987
0.26849540297662133	0.8044225263765065
0.26850434082331726	0.8045044616271269
0.2685132727807927	0.8045863467046105
0.26852219885415957	0.8046681816486823
0.26853111904852434	0.804749966499029
0.2685400333689878	0.8048317012952999
0.26854894182064537	0.8049133860771065
0.2685578444085872	0.8049950208840225
0.2685667411378979	0.8050766057555838
0.26857563201365686	0.8051581407312891
0.26858451704093766	0.8052396258505989
0.26859339622480877	0.805321061152937
0.2686022695703331	0.805402446677689
0.2686111370825685	0.8054837824642034
0.268619998766567	0.8055650685517913
0.26862885462737557	0.8056463049797262
0.26863770467003545	0.8057274917872447
0.268646548899583	0.8058086290135452
0.2686553873210488	0.8058897166977903
0.26866421993945844	0.8059707548791041
0.26867304675983167	0.8060517435965739
0.26868186778718367	0.8061326828892503
0.2686906830265233	0.8062135727961464
0.2686994924828551	0.8062944133562382
0.2687082961611773	0.8063752046084651
0.268717094066484	0.806455946591729
0.2687258862037626	0.8065366393448955
0.2687346725779965	0.8066172829067928
0.26874345319416265	0.8066978773162125
0.26875222805723403	0.806778422611909
0.2687609971721774	0.8068589188326005
0.2687697605439539	0.8069393660169684
0.26877851817752046	0.8070197642036568
0.2687872700778283	0.807100113431274
0.2687960162498231	0.8071804137383911
0.2688047566984458	0.8072606651635429
0.2688134914286315	0.8073408677452274
0.2688222204453107	0.8074210215219066
0.26883094375340844	0.8075011265320056
0.26883966135784404	0.8075811828139131
0.26884837326353256	0.8076611904059816
0.268857079475383	0.8077411493465274
0.26886577999829975	0.8078210596738303
0.26887447483718147	0.8079009214261339
0.26888316399692214	0.8079807346416454
0.26889184748241024	0.8080604993585362
0.26890052529852926	0.8081402156149412
0.26890919745015746	0.8082198834489596
0.2689178639421678	0.8082995028986542
0.2689265247794284	0.8083790740020518
0.2689351799668015	0.8084585967971434
0.26894382950914547	0.8085380713218837
0.2689524734113122	0.8086174976141922
0.2689611116781494	0.8086968757119519
0.2689697443144993	0.8087762056530101
0.26897837132519875	0.8088554874751785
0.2689869927150801	0.8089347212162329
0.2689956084889701	0.8090139069139133
0.2690042186516904	0.8090930446059246
0.2690128232080581	0.8091721343299351
0.2690214221628844	0.8092511761235783
0.26903001552097616	0.8093301700244518
0.2690386032871348	0.8094091160701179
0.26904718546615686	0.809488014298103
0.2690557620628333	0.8095668647458986
0.2690643330819508	0.8096456674509603
0.2690728985282905	0.8097244224507089
0.26908145840662845	0.8098031297825292
0.2690900127217362	0.8098817894837713
0.2690985614783794	0.8099604015917498
0.2691071046813196	0.8100389661437439
0.26911564233531265	0.8101174831769979
0.2691241744451099	0.810195952728721
0.26913270101545705	0.8102743748360871
0.2691412220510958	0.810352749536235
0.26914973755676164	0.8104310768662688
0.26915824753718604	0.8105093568632573
0.26916675199709483	0.8105875895642345
0.2691752509412097	0.8106657750061995
0.2691837443742464	0.8107439132261164
0.2691922323009163	0.8108220042609146
0.2692007147259258	0.8109000481474885
0.26920919165397605	0.810978044922698
0.26921766308976347	0.8110559946233681
0.26922612903797966	0.8111338972862895
0.269234589503311	0.8112117529482175
0.2692430444904391	0.8112895616458734
0.2692514940040408	0.8113673234159438
0.26925993804878756	0.8114450382950807
0.2692683766293466	0.8115227063199014
0.2692768097503799	0.8116003275269893
0.2692852374165441	0.8116779019528927
0.2692936596324917	0.811755429634126
0.26930207640286974	0.8118329106071689
0.26931048773232114	0.8119103449084673
0.26931889362548295	0.8119877325744321
0.2693272940869883	0.8120650736414406
0.26933568912146455	0.8121423681458357
0.26934407873353494	0.812219616123926
0.26935246292781767	0.812296817611986
0.26936084170892594	0.8123739726462561
0.26936921508146805	0.8124510812629429
0.2693775830500478	0.8125281434982183
0.2693859456192642	0.8126051593882214
0.26939430279371085	0.8126821289690561
0.26940265457797713	0.812759052276793
0.2694110009766475	0.812835929347469
0.26941934199430145	0.8129127602170867
0.26942767763551356	0.8129895449216152
0.2694360079048541	0.81306628349699
0.2694443328068882	0.8131429759791121
0.2694526523461763	0.8132196224038497
0.26946096652727425	0.8132962228070367
0.2694692753547327	0.8133727772244739
0.26947757883309786	0.8134492856919282
0.2694858769669111	0.813525748245133
0.26949416976070933	0.8136021649197881
0.26950245721902416	0.8136785357515602
0.26951073934638303	0.813754860776082
0.2695190161473081	0.8138311400289532
0.26952728762631734	0.81390737354574
0.26953555378792365	0.8139835613619752
0.2695438146366355	0.8140597035131585
0.26955207017695626	0.814135800034756
0.2695603204133848	0.8142118509622012
0.2695685653504157	0.8142878563308936
0.26957680499253794	0.8143638161762
0.2695850393442367	0.8144397305334542
0.26959326840999226	0.8145155994379565
0.2696014921942799	0.8145914229249748
0.2696097107015703	0.8146672010297431
0.26961792393633	0.8147429337874631
0.26962613190302015	0.8148186212333033
0.26963433460609787	0.8148942634023996
0.26964253205001515	0.8149698603298544
0.26965072423921976	0.8150454120507379
0.2696589111781546	0.815120918600087
0.26966709287125795	0.8151963800129062
0.26967526932296354	0.8152717963241672
0.26968344053770055	0.815347167568809
0.26969160651989343	0.8154224937817376
0.26969976727396183	0.8154977749978267
0.2697079228043214	0.8155730112519176
0.2697160731153826	0.8156482025788185
0.26972421821155157	0.8157233490133057
0.2697323580972299	0.8157984505901225
0.26974049277681467	0.8158735073439799
0.2697486222546981	0.8159485193095565
0.2697567465352678	0.8160234865214987
0.26976486562290747	0.8160984090144204
0.2697729795219954	0.8161732868229029
0.2697810882369061	0.8162481199814957
0.26978919177200916	0.8163229085247159
0.2697972901316695	0.8163976524870481
0.2698053833202476	0.8164723519029451
0.2698134713420998	0.8165470068068275
0.2698215542015775	0.8166216172330837
0.26982963190302756	0.8166961832160697
0.26983770445079264	0.8167707047901103
0.26984577184921066	0.8168451819894976
0.269853834102615	0.8169196148484918
0.2698618912153349	0.8169940034013213
0.2698699431916948	0.8170683476821828
0.26987799003601465	0.8171426477252407
0.26988603175261	0.8172169035646278
0.26989406834579227	0.8172911152344453
0.26990209981986757	0.8173652827687621
0.2699101261791384	0.817439406201616
0.26991814742790227	0.8175134855670125
0.2699261635704527	0.8175875208989262
0.2699341746110784	0.8176615122312989
0.2699421805540636	0.8177354595980418
0.2699501814036884	0.8178093630330344
0.2699581771642286	0.8178832225701242
0.2699661678399549	0.8179570382431277
0.269974153435134	0.8180308100858299
0.2699821339540284	0.8181045381319838
0.26999010940089585	0.8181782224153119
0.2699980797799899	0.8182518629695044
0.2700060450955595	0.818325459828221
0.2700140053518496	0.8183990130250893
0.27002196055310035	0.8184725225937065
0.2700299107035477	0.8185459885676379
0.2700378558074231	0.8186194109804179
0.27004579586895394	0.8186927898655497
0.2700537308923628	0.8187661252565054
0.27006166088186845	0.8188394171867258
0.2700695858416849	0.8189126656896211
0.2700775057760219	0.8189858707985699
0.27008542068908487	0.81905903254692
0.2700933305850749	0.8191321509679887
0.27010123546818887	0.8192052260950616
0.27010913534261893	0.819278257961394
0.2701170302125536	0.8193512466002099
0.27012492008217653	0.819424192044703
0.270132804955667	0.8194970943280355
0.27014068483720066	0.8195699534833395
0.2701485597309481	0.8196427695437163
0.2701564296410757	0.8197155425422357
0.27016429457174634	0.8197882725119379
0.2701721545271175	0.8198609594858317
0.27018000951134336	0.8199336034968957
0.2701878595285731	0.8200062045780778
0.2701957045829521	0.8200787627622954
0.2702035446786211	0.8201512780824355
0.2702113798197172	0.8202237505713541
0.27021921001037247	0.8202961802618776
0.2702270352547151	0.8203685671868013
0.27023485555686927	0.8204409113788904
0.2702426709209546	0.8205132128708797
0.27025048135108637	0.820585471695474
0.27025828685137604	0.8206576878853471
0.27026608742593067	0.8207298614731433
0.27027388307885286	0.8208019924914762
0.2702816738142414	0.8208740809729297
0.2702894596361908	0.8209461269500568
0.2702972405487909	0.8210181304553811
0.2703050165561277	0.8210900915213959
0.2703127876622834	0.8211620101805643
0.27032055387133536	0.8212338864653196
0.2703283151873572	0.8213057204080645
0.2703360716144179	0.8213775120411727
0.2703438231565827	0.8214492613969874
0.2703515698179124	0.8215209685078219
0.27035931160246396	0.8215926334059597
0.27036704851428983	0.8216642561236548
0.2703747805574386	0.8217358366931306
0.2703825077359546	0.8218073751465816
0.2703902300538779	0.821878871516172
0.27039794751524454	0.8219503258340368
0.2704056601240864	0.8220217381322807
0.2704133678844312	0.8220931084429793
0.2704210708003029	0.8221644367981781
0.2704287688757206	0.8222357232298936
0.2704364621147002	0.822306967770112
0.2704441505212524	0.8223781704507909
0.2704518340993851	0.8224493313038574
0.27045951285310105	0.8225204503612105
0.2704671867863993	0.8225915276547181
0.27047485590327475	0.8226625632162199
0.27048252020771857	0.8227335570775262
0.2704901797037173	0.822804509270417
0.27049783439525366	0.8228754198266444
0.2705054842863063	0.8229462887779301
0.2705131293808499	0.823017116155967
0.2705207696828548	0.8230879019924189
0.27052840519628785	0.82315864631892
0.27053603592511105	0.8232293491670761
0.2705436618732829	0.8233000105684631
0.27055128304475773	0.8233706305546284
0.27055889944348627	0.82344120915709
0.2705665110734143	0.8235117464073368
0.2705741179384845	0.8235822423368291
0.27058172004263464	0.8236526969769978
0.27058931738979947	0.8237231103592456
0.2705969099839087	0.8237934825149453
0.2706044978288889	0.8238638134754416
0.27061208092866224	0.82393410327205
0.270619659287147	0.8240043519360574
0.27062723290825724	0.8240745594987217
0.27063480179590316	0.8241447259912724
0.2706423659539914	0.8242148514449098
0.27064992538642396	0.8242849358908059
0.2706574800970992	0.8243549793601039
0.2706650300899116	0.8244249818839186
0.27067257536875156	0.8244949434933356
0.2706801159375056	0.8245648642194126
0.2706876518000559	0.8246347440931785
0.2706951829602811	0.8247045831456338
0.2707027094220561	0.8247743814077502
0.27071023118925125	0.8248441389104715
0.27071774826573336	0.8249138556847126
0.2707252606553655	0.8249835317613601
0.2707327683620061	0.8250531671712724
0.27074027138951057	0.8251227619452798
0.2707477697417296	0.8251923161141838
0.27075526342251066	0.8252618297087577
0.2707627524356969	0.825331302759747
0.2707702367851275	0.8254007352978685
0.27077771647463805	0.8254701273538113
0.27078519150806	0.8255394789582362
0.270792661889221	0.8256087901417755
0.2708001276219452	0.8256780609350337
0.2708075887100521	0.8257472913685875
0.2708150451573577	0.8258164814729853
0.27082249696767474	0.8258856312787474
0.2708299441448109	0.8259547408163662
0.2708373866925708	0.8260238101163065
0.2708448246147555	0.8260928392090048
0.2708522579151611	0.8261618281248698
0.2708596865975809	0.8262307768942826
0.2708671106658037	0.8262996855475959
0.270874530123615	0.8263685541151354
0.2708819449747961	0.8264373826271985
0.2708893552231246	0.8265061711140549
0.27089676087237413	0.8265749196059469
0.27090416192631483	0.8266436281330886
0.2709115583887128	0.826712296725667
0.27091895026333007	0.8267809254138414
0.27092633755392553	0.8268495142277432
0.2709337202642537	0.8269180631974765
0.2709410983980655	0.8269865723531177
0.2709484719591081	0.8270550417247159
0.2709558409511249	0.8271234713422927
0.2709632053778557	0.8271918612358419
0.27097056524303564	0.8272602114353306
0.2709779205503972	0.8273285219706977
0.27098527130366856	0.8273967928718554
0.2709926175065745	0.8274650241686883
0.2709999591628352	0.8275332158910536
0.271007296276168	0.8276013680687816
0.2710146288502859	0.8276694807316747
0.27102195688889863	0.8277375539095089
0.2710292803957119	0.8278055876320324
0.27103659937442753	0.8278735819289667
0.2710439138287439	0.8279415368300055
0.2710512237623559	0.8280094523648163
0.2710585291789537	0.828077328563039
0.27106583008222485	0.8281451654542864
0.27107312647585263	0.8282129630681444
0.27108041836351693	0.8282807214341724
0.2710877057488935	0.8283484405819017
0.2710949886356547	0.8284161205408379
0.2711022670274689	0.8284837613404589
0.27110954092800155	0.8285513630102163
0.2711168103409131	0.8286189255795342
0.27112407526986165	0.8286864490778105
0.27113133571850123	0.828753933534416
0.2711385916904814	0.8288213789786947
0.27114584318944907	0.8288887854399641
0.2711530902190467	0.828956152947515
0.27116033278291385	0.8290234815306113
0.27116757088468585	0.8290907712184903
0.27117480452799453	0.8291580220403628
0.2711820337164683	0.8292252340254129
0.2711892584537319	0.8292924072027983
0.2711964787434058	0.8293595416016502
0.2712036945891075	0.8294266372510727
0.2712109059944505	0.8294936941801443
0.2712181129630454	0.8295607124179165
0.27122531549849804	0.8296276919934147
0.2712325136044115	0.8296946329356375
0.2712397072843847	0.8297615352735574
0.2712468965420136	0.8298283990361205
0.2712540813808899	0.8298952242522467
0.2712612618046023	0.8299620109508293
0.27126843781673504	0.8300287591607362
0.2712756094208698	0.8300954689108075
0.271282776620584	0.8301621402298588
0.2712899394194517	0.8302287731466784
0.2712970978210432	0.830295367690029
0.2713042518289255	0.8303619238886468
0.2713114014466619	0.8304284417712423
0.27131854667781174	0.8304949213664997
0.2713256875259319	0.8305613627030771
0.2713328239945745	0.830627765809607
0.27133995608728834	0.8306941307146952
0.2713470838076195	0.8307604574469223
0.27135420715910963	0.8308267460348424
0.2713613261452971	0.8308929965069842
0.2713684407697169	0.8309592088918503
0.27137555103590033	0.831025383217917
0.2713826569473751	0.8310915195136355
0.2713897585076656	0.8311576178074308
0.2713968557202926	0.8312236781277024
0.2714039485887732	0.8312897005028238
0.27141103711662146	0.8313556849611428
0.2714181213073472	0.8314216315309818
0.27142520116445734	0.8314875402406373
0.27143227669145514	0.83155341111838
0.27143934789184027	0.8316192441924555
0.27144641476910897	0.8316850394910835
0.27145347732675384	0.8317507970424581
0.2714605355682644	0.831816516874748
0.2714675894971261	0.8318821990160962
0.2714746391168215	0.8319478434946207
0.2714816844308294	0.8320134503384135
0.2714887254426252	0.8320790195755416
0.27149576215568044	0.8321445512340464
0.27150279457346405	0.8322100453419441
0.27150982269944085	0.8322755019272251
0.2715168465370723	0.8323409210178551
0.27152386608981655	0.8324063026417742
0.27153088136112835	0.8324716468268973
0.2715378923544585	0.832536953601114
0.27154489907325524	0.8326022229922888
0.2715519015209626	0.8326674550282609
0.2715588997010216	0.8327326497368446
0.27156589361686967	0.8327978071458285
0.27157288327194123	0.832862927282977
0.2715798686696662	0.8329280101760287
0.27158684981347264	0.8329930558526972
0.2715938267067839	0.8330580643406715
0.27160079935302056	0.8331230356676151
0.27160776775559964	0.8331879698611669
0.27161473191793484	0.8332528669489409
0.2716216918434363	0.8333177269585257
0.2716286475355107	0.8333825499174856
0.2716355989975621	0.8334473358533595
0.2716425462329901	0.833512084793662
0.27164948924519156	0.8335767967658824
0.27165642803756	0.8336414717974855
0.271663362613485	0.8337061099159111
0.27167029297635364	0.8337707111485747
0.2716772191295489	0.8338352755228666
0.2716841410764506	0.8338998030661527
0.27169105882043587	0.833964293805774
0.2716979723648774	0.8340287477690471
0.2717048817131451	0.8340931649832641
0.27171178686860564	0.8341575454756922
0.2717186878346223	0.8342218892735741
0.2717255846145546	0.8342861964041283
0.2717324772117592	0.8343504668945482
0.2717393656295896	0.8344147007720032
0.27174624987139545	0.834478898063638
0.2717531299405232	0.8345430587965731
0.2717600058403164	0.8346071829979047
0.2717668775741149	0.8346712706947039
0.2717737451452552	0.8347353219140182
0.2717806085570708	0.8347993366828704
0.27178746781289176	0.8348633150282594
0.27179432291604444	0.8349272569771592
0.2718011738698531	0.83499116255652
0.27180802067763704	0.8350550317932677
0.2718148633427138	0.8351188647143036
0.271821701868397	0.8351826613465057
0.2718285362579966	0.8352464217167268
0.2718353665148197	0.8353101458517965
0.2718421926421704	0.8353738337785197
0.27184901464334915	0.8354374855236775
0.2718558325216531	0.8355011011140266
0.2718626462803765	0.8355646805763003
0.2718694559228099	0.8356282239372074
0.271876261452241	0.8356917312234325
0.2718830628719541	0.8357552024616371
0.2718898601852302	0.8358186376784581
0.27189665339534713	0.8358820369005086
0.2719034425055793	0.8359454001543779
0.27191022751919836	0.8360087274666315
0.2719170084394724	0.8360720188638109
0.27192378526966626	0.8361352743724341
0.27193055801304156	0.836198494018995
0.2719373266728568	0.8362616778299641
0.2719440912523674	0.8363248258317876
0.2719508517548254	0.8363879380508884
0.27195760818347936	0.8364510145136658
0.2719643605415754	0.8365140552464952
0.27197110883235553	0.8365770602757285
0.2719778530590594	0.8366400296276943
0.27198459322492324	0.8367029633286968
0.2719913293331792	0.8367658614050172
0.2719980613870576	0.8368287238829136
0.272004789389785	0.8368915507886194
0.27201151334458473	0.8369543421483455
0.27201823325467683	0.8370170979882791
0.27202494912327846	0.8370798183345839
0.2720316609536035	0.8371425032134001
0.27203836874886256	0.8372051526508446
0.2720450725122635	0.8372677666730111
0.2720517722470104	0.8373303453059697
0.2720584679563049	0.8373928885757671
0.2720651596433447	0.8374553965084273
0.272071847311325	0.8375178691299505
0.2720785309634379	0.8375803064663135
0.2720852106028719	0.8376427085434704
0.2720918862328121	0.8377050753873521
0.2720985578564419	0.8377674070238655
0.2721052254769401	0.8378297034788955
0.27211188909748324	0.8378919647783032
0.27211854872124386	0.8379541909479267
0.27212520435139265	0.8380163820135809
0.27213185599109607	0.8380785380010581
0.27213850364351794	0.8381406589361273
0.2721451473118193	0.838202744844534
0.2721517869991572	0.8382647957520019
0.2721584227086865	0.8383268116842304
0.2721650544435587	0.838388792666897
0.272171682206922	0.8384507387256559
0.27217830600192144	0.8385126498861382
0.2721849258316997	0.8385745261739525
0.27219154169939536	0.8386363676146844
0.27219815360814487	0.8386981742338967
0.27220476156108087	0.8387599460571294
0.2722113655613332	0.8388216831098998
0.27221796561202904	0.8388833854177024
0.272224561716292	0.8389450530060089
0.2722311538772427	0.8390066859002685
0.2722377420979989	0.8390682841259076
0.2722443263816751	0.8391298477083299
0.27225090673138314	0.8391913766729165
0.27225748315023135	0.8392528710450262
0.27226405564132544	0.8393143308499946
0.2722706242077677	0.8393757561131353
0.27227718885265767	0.8394371468597392
0.27228374957909196	0.8394985031150746
0.27229030639016344	0.8395598249043872
0.27229685928896274	0.8396211122529008
0.27230340827857763	0.839682365185816
0.2723099533620918	0.8397435837283115
0.27231649454258694	0.8398047679055435
0.27232303182314144	0.8398659177426456
0.27232956520683055	0.8399270332647295
0.2723360946967266	0.8399881144968842
0.27234262029589906	0.8400491614641764
0.2723491420074142	0.8401101741916507
0.2723556598343353	0.8401711527043294
0.2723621737797226	0.8402320970272126
0.2723686838466341	0.8402930071852779
0.272375190038124	0.8403538832034811
0.2723816923572432	0.8404147251067559
0.27238819080704085	0.8404755329200131
0.2723946853905621	0.8405363066681423
0.27240117611084963	0.8405970463760107
0.2724076629709431	0.8406577520684632
0.2724141459738791	0.8407184237703225
0.2724206251226912	0.84077906150639
0.27242710042041046	0.8408396653014446
0.2724335718700642	0.8409002351802431
0.27244003947467765	0.8409607711675207
0.27244650323727265	0.8410212732879903
0.2724529631608678	0.8410817415663431
0.2724594192484797	0.8411421760272486
0.27246587150312124	0.8412025766953539
0.2724723199278026	0.8412629435952846
0.2724787645255308	0.8413232767516446
0.2724852052993103	0.8413835761890159
0.27249164225214284	0.8414438419319582
0.2724980753870268	0.8415040740050103
0.2725045047069573	0.8415642724326886
0.27251093021492767	0.8416244372394883
0.2725173519139275	0.8416845684498824
0.27252376980694354	0.8417446660883227
0.27253018389696	0.8418047301792388
0.27253659418695775	0.8418647607470394
0.27254300067991516	0.841924757816111
0.27254940337880745	0.8419847214108187
0.27255580228660725	0.842044651555506
0.2725621974062842	0.8421045482744951
0.27256858874080464	0.8421644115920864
0.27257497629313254	0.8422242415325591
0.2725813600662292	0.8422840381201705
0.2725877400630518	0.842343801379157
0.2725941162865565	0.8424035313337331
0.2726004887396955	0.842463228008092
0.27260685742541796	0.8425228914264057
0.27261322234667046	0.8425825216128248
0.2726195835063972	0.8426421185914783
0.27262594090753905	0.8427016823864742
0.2726322945530339	0.8427612130218993
0.2726386444458172	0.8428207105218185
0.2726449905888214	0.8428801749102762
0.27265133298497596	0.842939606211295
0.2726576716372076	0.8429990044488768
0.27266400654844075	0.8430583696470016
0.2726703377215959	0.8431177018296293
0.2726766651595917	0.8431770010206975
0.2726829888653436	0.8432362672441234
0.2726893088417641	0.843295500523803
0.27269562509176326	0.843354700883611
0.27270193761824807	0.8434138683474012
0.272708246424123	0.8434730029390065
0.2727145515122888	0.8435321046822385
0.27272085288564485	0.8435911736008881
0.27272715054708635	0.8436502097187248
0.2727334444995071	0.8437092130594976
0.27273973474579677	0.8437681836469345
0.27274602128884334	0.8438271215047424
0.27275230413153073	0.8438860266566073
0.27275858327674163	0.8439448991261945
0.272764858727355	0.8440037389371485
0.2727711304862469	0.844062546113093
0.27277739855629135	0.8441213206776305
0.2727836629403588	0.8441800626543432
0.27278992364131766	0.8442387720667922
0.27279618066203326	0.8442974489385182
0.2728024340053675	0.844356093293041
0.27280868367418104	0.8444147051538594
0.27281492967133053	0.8444732845444523
0.2728211719996703	0.8445318314882772
0.2728274106620519	0.8445903460087713
0.272833645661324	0.8446488281293512
0.2728398770003329	0.8447072778734128
0.2728461046819222	0.8447656952643317
0.27285232870893183	0.8448240803254624
0.27285854908420015	0.8448824330801395
0.27286476581056196	0.8449407535516767
0.27287097889085016	0.8449990417633676
0.27287718832789437	0.8450572977384847
0.2728833941245211	0.8451155215002808
0.2728895962835554	0.8451737130719875
0.2728957948078181	0.8452318724768169
0.2729019897001286	0.8452899997379597
0.2729081809633029	0.8453480948785873
0.27291436860015406	0.8454061579218499
0.27292055261349346	0.845464188890878
0.272926733006129	0.8455221878087813
0.27293290978086604	0.8455801546986496
0.2729390829405069	0.8456380895835522
0.2729452524878521	0.8456959924865384
0.2729514184256985	0.8457538634306372
0.272957580756841	0.845811702438857
0.27296373948407143	0.8458695095341868
0.27296989461017934	0.8459272847395949
0.27297604613795146	0.8459850280780297
0.272982194070171	0.8460427395724193
0.2729883384096199	0.8461004192456718
0.2729944791590764	0.8461580671206752
0.2730006163213169	0.8462156832202977
0.27300674989911433	0.8462732675673871
0.27301287989523954	0.8463308201847715
0.2730190063124602	0.8463883410952585
0.2730251291535422	0.8464458303216366
0.27303124842124793	0.8465032878866736
0.2730373641183376	0.8465607138131176
0.2730434762475684	0.8466181081236969
0.27304958481169533	0.8466754708411199
0.2730556898134709	0.8467328019880749
0.27306179125564367	0.8467901015872307
0.2730678891409615	0.8468473696612359
0.27307398347216855	0.8469046062327196
0.273080074252006	0.8469618113242912
0.2730861614832131	0.8470189849585398
0.2730922451685265	0.8470761271580353
0.27309832531067996	0.8471332379453276
0.2731044019124048	0.8471903173429469
0.2731104749764296	0.8472473653734041
0.27311654450547984	0.8473043820591896
0.2731226105022797	0.8473613674227751
0.2731286729695496	0.8474183214866121
0.2731347319100078	0.8474752442731325
0.27314078732637004	0.847532135804749
0.27314683922134947	0.8475889961038543
0.2731528875976562	0.8476458251928217
0.2731589324579984	0.8477026230940053
0.2731649738050812	0.8477593898297393
0.27317101164160756	0.8478161254223382
0.2731770459702774	0.8478728298940977
0.2731830767937885	0.8479295032672935
0.27318910411483566	0.8479861455641824
0.27319512793611145	0.8480427568070011
0.2732011482603059	0.8480993370179676
0.2732071650901061	0.84815588621928
0.2732131784281968	0.8482124044331173
0.27321918827726055	0.8482688916816392
0.2732251946399769	0.848325347986986
0.27323119751902286	0.8483817733712785
0.2732371969170731	0.848438167856619
0.2732431928367995	0.8484945314650896
0.2732491852808719	0.8485508642187537
0.27325517425195706	0.8486071661396554
0.2732611597527194	0.8486634372498195
0.27326714178582096	0.8487196775712518
0.2732731203539208	0.8487758871259389
0.27327909545967627	0.8488320659358481
0.27328506710574113	0.8488882140229277
0.27329103529476784	0.848944331409107
0.2732970000294052	0.849000418116296
0.27330296131230025	0.8490564741663859
0.273308919146097	0.8491124995812487
0.27331487353343775	0.8491684943827374
0.2733208244769612	0.8492244585926861
0.2733267719793043	0.8492803922329097
0.27333271604310133	0.8493362953252046
0.27333865667098417	0.8493921678913475
0.2733445938655821	0.8494480099530968
0.27335052762952167	0.849503821532192
0.2733564579654275	0.8495596026503531
0.2733623848759211	0.8496153533292821
0.273368308363622	0.8496710735906614
0.273374228431147	0.8497267634561552
0.27338014508111047	0.8497824229474081
0.27338605831612434	0.849838052086047
0.2733919681387981	0.849893650893679
0.27339787455173864	0.8499492193918929
0.27340377755755024	0.8500047576022589
0.2734096771588353	0.8500602655463282
0.27341557335819316	0.8501157432456337
0.2734214661582212	0.8501711907216888
0.27342735556151404	0.8502266079959891
0.27343324157066345	0.8502819950900115
0.27343912418825966	0.8503373520252138
0.2734450034168898	0.8503926788230353
0.2734508792591388	0.8504479755048971
0.27345675171758904	0.8505032420922015
0.2734626207948208	0.8505584786063322
0.27346848649341116	0.8506136850686542
0.27347434881593563	0.8506688615005145
0.27348020776496684	0.8507240079232411
0.27348606334307474	0.8507791243581441
0.2734919155528276	0.8508342108265143
0.27349776439679074	0.8508892673496252
0.27350360987752714	0.8509442939487308
0.2735094519975973	0.8509992906450672
0.2735152907595595	0.8510542574598524
0.2735211261659695	0.8511091944142852
0.2735269582193806	0.8511641015295472
0.2735327869223439	0.8512189788268008
0.2735386122774076	0.8512738263271901
0.27354443428711833	0.8513286440518416
0.2735502529540195	0.8513834320218628
0.27355606828065276	0.8514381902583437
0.27356188026955686	0.8514929187823551
0.27356768892326827	0.8515476176149506
0.27357349424432104	0.8516022867771648
0.2735792962352479	0.8516569262900145
0.27358509489857724	0.8517115361744984
0.2735908902368368	0.851766116451597
0.2735966822525509	0.8518206671422727
0.27360247094824164	0.8518751882674696
0.27360825632642943	0.8519296798481139
0.2736140383896317	0.8519841419051135
0.27361981714036343	0.8520385744593589
0.27362559258113767	0.8520929775317218
0.2736313647144647	0.8521473511430564
0.2736371335428525	0.8522016953141985
0.27364289906880734	0.8522560100659664
0.2736486612948324	0.8523102954191598
0.27365442022342856	0.8523645513945612
0.27366017585709473	0.8524187780129348
0.27366592819832714	0.8524729752950266
0.27367167724961994	0.8525271432615654
0.2736774230134647	0.8525812819332619
0.2736831654923508	0.8526353913308083
0.27368890468876517	0.85268947147488
0.2736946406051927	0.8527435223861337
0.27370037324411567	0.8527975440852089
0.27370610260801387	0.8528515365927272
0.27371182869936556	0.852905499929292
0.2737175515206453	0.8529594341154896
0.27372327107432676	0.8530133391718883
0.27372898736288076	0.8530672151190385
0.27373470038877523	0.8531210619774731
0.27374041015447675	0.8531748797677076
0.27374611666244886	0.8532286685102393
0.27375181991515307	0.8532824282255482
0.2737575199150488	0.8533361589340966
0.2737632166645929	0.8533898606563293
0.27376891016623983	0.8534435334126733
0.27377460042244184	0.8534971772235384
0.2737802874356491	0.8535507921093164
0.27378597120830944	0.8536043780903818
0.27379165174286807	0.8536579351870917
0.2737973290417683	0.8537114634197854
0.273803003107451	0.8537649628087853
0.2738086739423546	0.8538184333743956
0.27381434154891576	0.8538718751369034
0.27382000592956796	0.8539252881165786
0.27382566708674344	0.8539786723336733
0.27383132502287155	0.8540320278084225
0.27383697974037935	0.8540853545610437
0.2738426312416922	0.8541386526117369
0.2738482795292323	0.8541919219806854
0.27385392460542046	0.8542451626880542
0.2738595664726749	0.8542983747539916
0.27386520513341117	0.8543515581986286
0.27387084059004313	0.854404713042079
0.27387647284498234	0.8544578393044389
0.2738821019006378	0.8545109370057876
0.27388772775941644	0.8545640061661871
0.27389335042372304	0.8546170468056821
0.2738989698959602	0.8546700589443001
0.27390458617852775	0.8547230426020517
0.27391019927382393	0.8547759977989299
0.27391580918424435	0.854828924554911
0.27392141591218266	0.854881822889954
0.27392701946002995	0.8549346928240006
0.27393261983017547	0.8549875343769759
0.27393821702500565	0.8550403475687876
0.27394381104690585	0.8550931324193264
0.2739494018982577	0.855145888948466
0.2739549895814418	0.855198617176063
0.2739605740988361	0.8552513171219572
0.2739661554528162	0.8553039888059714
0.27397173364575583	0.8553566322479113
0.27397730868002607	0.8554092474675654
0.2739828805579964	0.855461834484706
0.27398844928203314	0.8555143933190877
0.2739940148545018	0.8555669239904491
0.27399957727776453	0.8556194265185109
0.2740051365541817	0.8556719009229776
0.2740106926861112	0.8557243472235369
0.27401624567590965	0.8557767654398593
0.2740217955259302	0.8558291555915986
0.2740273422385249	0.8558815176983918
0.27403288581604257	0.8559338517798598
0.274038426260831	0.8559861578556054
0.27404396357523536	0.8560384359452158
0.2740494977615979	0.856090686068261
0.2740550288222599	0.8561429082442943
0.2740605567595596	0.8561951024928525
0.2740660815758334	0.8562472688334554
0.27407160327341545	0.8562994072856064
0.27407712185463806	0.8563515178687924
0.2740826373218309	0.8564036006024832
0.27408814967732176	0.8564556555061326
0.27409365892343623	0.8565076825991771
0.27409916506249754	0.8565596819010372
0.2741046680968273	0.8566116534311164
0.2741101680287442	0.8566635972088023
0.2741156648605658	0.8567155132534652
0.27412115859460623	0.8567674015844593
0.2741266492331786	0.8568192622211224
0.2741321367785936	0.8568710951827756
0.27413762123315916	0.8569229004887237
0.274143102599182	0.856974678158255
0.27414858087896593	0.8570264282106411
0.27415405607481325	0.8570781506651375
0.2741595281890236	0.8571298455409835
0.274164997223895	0.8571815128574015
0.2741704631817229	0.8572331526335979
0.2741759260648006	0.8572847648887626
0.27418138587542007	0.8573363496420693
0.2741868426158703	0.8573879069126751
0.2741922962884383	0.8574394367197211
0.27419774689540916	0.8574909390823323
0.2742031944390662	0.8575424140196167
0.2742086389216899	0.8575938615506667
0.2742140803455591	0.8576452816945584
0.2742195187129507	0.8576966744703515
0.27422495402613895	0.8577480398970891
0.27423038628739604	0.8577993779937994
0.2742358154989927	0.8578506887794928
0.27424124166319724	0.8579019722731649
0.2742466647822757	0.8579532284937943
0.27425208485849206	0.8580044574603439
0.2742575018941082	0.8580556591917602
0.27426291589138446	0.858106833706974
0.27426832685257835	0.8581579810248998
0.2742737347799458	0.8582091011644358
0.2742791396757403	0.8582601941444647
0.27428454154221366	0.8583112599838528
0.274289940381615	0.8583622987014505
0.27429533619619223	0.858413310316092
0.27430072898819036	0.858464294846596
0.27430611875985283	0.8585152523117648
0.2743115055134212	0.8585661827303847
0.27431688925113434	0.8586170861212266
0.2743222699752294	0.8586679625030449
0.2743276476879416	0.8587188118945783
0.27433302239150376	0.8587696343145499
0.2743383940881472	0.8588204297816666
0.2743437627801003	0.8588711983146197
0.2743491284695906	0.858921939932084
0.27435449115884236	0.8589726546527195
0.27435985085007886	0.8590233424951695
0.27436520754552024	0.8590740034780624
0.27437056124738596	0.8591246376200098
0.2743759119578921	0.8591752449396083
0.2743812596792534	0.8592258254554384
0.2743866044136826	0.8592763791860651
0.27439194616339024	0.8593269061500375
0.27439728493058496	0.859377406365889
0.2744026207174732	0.8594278798521376
0.27440795352625935	0.8594783266272853
0.274413283359146	0.8595287467098187
0.27441861021833386	0.8595791401182084
0.2744239341060207	0.8596295068709098
0.2744292550244035	0.8596798469863624
0.27443457297567664	0.8597301604829904
0.2744398879620326	0.8597804473792021
0.27444519998566114	0.8598307076933907
0.27445050904875157	0.8598809414439331
0.2744558151534896	0.8599311486491915
0.27446111830206005	0.8599813293275121
0.2744664184966451	0.8600314834972258
0.2744717157394251	0.8600816111766477
0.27447701003257857	0.8601317123840778
0.2744823013782817	0.8601817871378007
0.27448758977870924	0.8602318354560852
0.27449287523603333	0.860281857357185
0.27449815775242453	0.8603318528593381
0.27450343733005134	0.8603818219807675
0.2745087139710803	0.8604317647396804
0.2745139876776757	0.8604816811542689
0.2745192584520002	0.8605315712427098
0.2745245262962145	0.8605814350231644
0.2745297912124765	0.8606312725137787
0.2745350532029435	0.8606810837326834
0.27454031226977016	0.8607308686979942
0.27454556841510874	0.8607806274278111
0.2745508216411102	0.8608303599402192
0.27455607194992315	0.8608800662532881
0.27456131934369404	0.8609297463850724
0.2745665638245684	0.8609794003536111
0.2745718053946886	0.8610290281769286
0.2745770440561958	0.8610786298730339
0.27458227981122874	0.8611282054599202
0.2745875126619244	0.8611777549555665
0.274592742610418	0.8612272783779363
0.2745979696588427	0.8612767757449777
0.2746031938093298	0.8613262470746241
0.2746084150640081	0.8613756923847936
0.27461363342500494	0.8614251116933892
0.27461884889444615	0.861474505018299
0.27462406147445456	0.8615238723773959
0.27462927116715213	0.8615732137885378
0.2746344779746582	0.8616225292695678
0.2746396818990903	0.8616718188383137
0.2746448829425644	0.8617210825125884
0.2746500811071939	0.8617703203101897
0.27465527639509074	0.8618195322489011
0.2746604688083652	0.86186871834649
0.27466565834912493	0.86191787862071
0.2746708450194762	0.8619670130892992
0.2746760288215231	0.862016121769981
0.27468120975736804	0.8620652046804638
0.27468638782911137	0.8621142618384408
0.274691563038851	0.8621632932615914
0.27469673538868455	0.8622122989675788
0.27470190488070545	0.8622612789740525
0.2747070715170074	0.8623102332986464
0.2747122352996807	0.8623591619589802
0.2747173962308143	0.8624080649726585
0.2747225543124953	0.8624569423572712
0.2747277095468095	0.8625057941303934
0.27473286193583896	0.8625546203095855
0.2747380114816661	0.8626034209123933
0.2747431581863698	0.8626521959563475
0.27474830205202816	0.8627009454589646
0.2747534430807162	0.8627496694377461
0.27475858127450814	0.8627983679101788
0.27476371663547616	0.8628470408937352
0.2747688491656899	0.862895688405873
0.27477397886721777	0.8629443104640349
0.2747791057421258	0.8629929070856496
0.27478422979247935	0.8630414782881306
0.27478935102033986	0.8630900240888774
0.2747944694277686	0.8631385445052746
0.27479958501682444	0.8631870395546922
0.27480469778956446	0.8632355092544859
0.27480980774804337	0.8632839536219967
0.274814914894315	0.863332372674551
0.27482001923043015	0.863380766429461
0.2748251207584386	0.8634291349040244
0.2748302194803884	0.8634774781155242
0.2748353153983252	0.8635257960812288
0.27484040851429264	0.8635740888183926
0.27484549883033316	0.8636223563442555
0.274850586348487	0.8636705986760427
0.27485567107079273	0.8637188158309651
0.27486075299928703	0.8637670078262195
0.2748658321360046	0.8638151746789882
0.27487090848297846	0.8638633164064387
0.2748759820422393	0.8639114330257247
0.2748810528158168	0.8639595245539856
0.27488612080573827	0.8640075910083461
0.2748911860140295	0.8640556324059168
0.27489624844271415	0.8641036487637941
0.27490130809381413	0.8641516400990599
0.27490636496934934	0.8641996064287821
0.27491141907133876	0.8642475477700144
0.2749164704017982	0.8642954641397957
0.27492151896274264	0.8643433555551514
0.274926564756185	0.8643912220330925
0.2749316077841363	0.8644390635906153
0.27493664804860546	0.8644868802447028
0.27494168555160053	0.864534672012323
0.2749467202951266	0.8645824389104303
0.27495175228118757	0.8646301809559649
0.2749567815117856	0.8646778981658526
0.27496180798892056	0.8647255905570055
0.27496683171459135	0.864773258146321
0.2749718526907942	0.8648209009506833
0.2749768709195241	0.8648685189869617
0.27498188640277377	0.864916112272012
0.2749868991425349	0.8649636808226756
0.2749919091407963	0.8650112246557803
0.27499691639954615	0.8650587437881394
0.27500192092077036	0.8651062382365524
0.2750069227064527	0.8651537080178051
0.27501192175857503	0.8652011531486689
0.2750169180791189	0.8652485736459017
0.2750219116700623	0.8652959695262467
0.2750269025333819	0.8653433408064342
0.27503189067105355	0.8653906875031797
0.27503687608505045	0.8654380096331854
0.27504185877734405	0.8654853072131393
0.2750468387499044	0.8655325802597156
0.27505181600469963	0.8655798287895745
0.2750567905436956	0.8656270528193627
0.2750617623688573	0.8656742523657127
0.2750667314821473	0.8657214274452436
0.27507169788552693	0.8657685780745601
0.27507666158095506	0.8658157042702538
0.27508162257038943	0.8658628060489018
0.27508658085578586	0.8659098834270682
0.27509153643909817	0.8659569364213026
0.2750964893222787	0.8660039650481414
0.2751014395072781	0.8660509693241072
0.2751063869960447	0.8660979492657085
0.2751113317905261	0.8661449048894405
0.27511627389266696	0.8661918362117846
0.27512121330441136	0.8662387432492087
0.27512615002770074	0.8662856260181666
0.27513108406447495	0.866332484535099
0.275136015416673	0.8663793188164324
0.275140944086231	0.8664261288785801
0.2751458700750836	0.8664729147379415
0.2751507933851643	0.8665196764109029
0.27515571401840433	0.8665664139138365
0.2751606319767335	0.8666131272631011
0.2751655472620795	0.866659816475042
0.2751704598763686	0.8667064815659911
0.27517536982152513	0.8667531225522664
0.2751802770994722	0.8667997394501726
0.2751851817121306	0.8668463322760009
0.27519008366142	0.8668929010460291
0.2751949829492577	0.8669394457765214
0.27519987957755937	0.8669859664837286
0.27520477354823975	0.8670324631838879
0.27520966486321097	0.8670789358932234
0.2752145535243841	0.8671253846279453
0.275219439533668	0.8671718094042509
0.27522432289296994	0.8672182102383236
0.2752292036041957	0.8672645871463339
0.27523408166924923	0.8673109401444387
0.275238957090033	0.8673572692487814
0.27524382986844703	0.8674035744754923
0.27524870000639096	0.8674498558406881
0.2752535675057611	0.8674961133604728
0.2752584323684537	0.8675423470509362
0.27526329459636256	0.8675885569281554
0.27526815419137907	0.8676347430081942
0.27527301115539443	0.8676809053071027
0.275277865490297	0.8677270438409185
0.27528271719797404	0.8677731586256652
0.2752875662803107	0.8678192496773535
0.2752924127391904	0.8678653170119809
0.2752972565764961	0.8679113606455316
0.2753020977941073	0.867957380593977
0.2753069363939028	0.8680033768732746
0.27531177237776033	0.8680493494993693
0.27531660574755434	0.8680952984881927
0.27532143650515906	0.8681412238556631
0.2753262646524462	0.8681871256176859
0.2753310901912861	0.8682330037901534
0.2753359131235475	0.8682788583889447
0.2753407334510976	0.8683246894299256
0.27534555117580184	0.8683704969289491
0.2753503662995235	0.8684162809018552
0.27535517882412475	0.8684620413644706
0.2753599887514663	0.8685077783326092
0.27536479608340625	0.8685534918220716
0.27536960082180223	0.8685991818486455
0.2753744029685096	0.868644848428106
0.27537920252538195	0.8686904915762145
0.2753839994942716	0.8687361113087199
0.2753887938770294	0.8687817076413578
0.2753935856755035	0.8688272805898514
0.27539837489154134	0.8688728301699103
0.2754031615269888	0.8689183563972318
0.27540794558368953	0.8689638592874998
0.2754127270634862	0.8690093388563854
0.2754175059682192	0.8690547951195472
0.2754222822997274	0.8691002280926304
0.27542705605984874	0.8691456377912676
0.2754318272504185	0.8691910242310785
0.27543659587327113	0.86923638742767
0.2754413619302392	0.8692817273966359
0.2754461254231535	0.8693270441535578
0.2754508863538434	0.8693723377140038
0.2754556447241365	0.8694176080935297
0.27546040053585896	0.8694628553076783
0.2754651537908354	0.8695080793719797
0.27546990449088804	0.8695532803019514
0.2754746526378386	0.8695984581130977
0.2754793982335068	0.8696436128209106
0.2754841412797103	0.8696887444408693
0.2754888817782653	0.8697338529884403
0.27549361973098724	0.8697789384790772
0.27549835513968884	0.8698240009282211
0.2755030880061819	0.8698690403513004
0.275507818332276	0.8699140567637309
0.2755125461197802	0.8699590501809157
0.27551727137050086	0.8700040206182453
0.2755219940862429	0.8700489680910978
0.2755267142688104	0.870093892614838
0.275531431920005	0.8701387942048189
0.27553614704162743	0.8701836728763803
0.2755408596354763	0.8702285286448499
0.2755455697033488	0.8702733615255427
0.2755502772470408	0.8703181715337609
0.275554982268346	0.8703629586847946
0.2755596847690577	0.8704077229939211
0.2755643847509656	0.870452464476405
0.27556908221585974	0.870497183147499
0.27557377716552794	0.8705418790224427
0.27557846960175614	0.8705865521164635
0.275583159526329	0.8706312024447765
0.2755878469410298	0.870675830022584
0.27559253184763927	0.8707204348650761
0.2755972142479379	0.8707650169874304
0.27560189414370384	0.8708095764048119
0.2756065715367137	0.8708541131323737
0.275611246428743	0.870898627185256
0.275615918821565	0.8709431185785871
0.2756205887169521	0.8709875873274823
0.2756252561166745	0.8710320334470449
0.2756299210225012	0.871076456952366
0.27563458343619984	0.8711208578585243
0.2756392433595361	0.8711652361805861
0.2756439007942739	0.871209591933605
0.2756485557421764	0.8712539251326232
0.27565320820500483	0.8712982357926699
0.27565785818451877	0.8713425239287622
0.2756625056824758	0.8713867895559051
0.27566715070063313	0.8714310326890912
0.27567179324074553	0.8714752533433008
0.2756764333045662	0.8715194515335022
0.27568107089384725	0.8715636272746512
0.27568570601033926	0.8716077805816916
0.275690338655791	0.8716519114695551
0.2756949688319495	0.8716960199531609
0.27569959654056064	0.8717401060474165
0.27570422178336873	0.8717841697672165
0.27570884456211653	0.8718282111274444
0.2757134648785452	0.8718722301429706
0.2757180827343942	0.8719162268286538
0.2757226981314019	0.8719602011993404
0.27572731107130494	0.8720041532698651
0.2757319215558381	0.8720480830550504
0.2757365295867352	0.8720919905697063
0.27574113516572846	0.8721358758286312
0.2757457382945477	0.8721797388466112
0.27575033897492257	0.8722235796384205
0.2757549372085805	0.8722673982188212
0.2757595329972473	0.8723111946025633
0.27576412634264735	0.8723549688043851
0.2757687172465038	0.8723987208390125
0.27577330571053804	0.8724424507211597
0.27577789173647016	0.8724861584655288
0.2757824753260185	0.87252984408681
0.27578705648089985	0.8725735075996816
0.27579163520282973	0.8726171490188099
0.27579621149352235	0.872660768358849
0.2758007853546896	0.8727043656344419
0.2758053567880431	0.8727479408602187
0.2758099257952915	0.872791494050798
0.2758144923781434	0.872835025220787
0.2758190565383053	0.8728785343847802
0.27582361827748164	0.8729220215573611
0.27582817759737616	0.8729654867531004
0.2758327344996911	0.8730089299865579
0.27583728898612636	0.873052351272281
0.2758418410583816	0.8730957506248052
0.2758463907181538	0.8731391280586549
0.27585093796713966	0.8731824835883418
0.2758554828070332	0.8732258172283666
0.27586002523952763	0.8732691289932177
0.2758645652663148	0.873312418897372
0.2758691028890848	0.8733556869552946
0.2758736381095261	0.8733989331814389
0.27587817092932576	0.8734421575902467
0.27588270135017	0.8734853601961475
0.2758872293737428	0.8735285410135599
0.27589175500172725	0.8735717000568903
0.27589627823580387	0.8736148373405336
0.2759007990776533	0.8736579528788729
0.2759053175289536	0.87370104668628
0.2759098335913818	0.8737441187771143
0.27591434726661335	0.8737871691657246
0.27591885855632237	0.8738301978664472
0.2759233674621812	0.8738732048936073
0.2759278739858611	0.8739161902615181
0.27593237812903143	0.8739591539844818
0.2759368798933611	0.874002096076788
0.27594137928051593	0.8740450165527163
0.275945876292162	0.8740879154265331
0.27595037092996255	0.8741307927124943
0.27595486319558016	0.8741736484248438
0.275959353090676	0.8742164825778143
0.27596384061690965	0.8742592951856266
0.2759683257759388	0.8743020862624904
0.27597280856942025	0.8743448558226035
0.275977288999009	0.8743876038801527
0.27598176706635913	0.8744303304493128
0.27598624277312306	0.8744730355442475
0.27599071612095105	0.8745157191791093
0.2759951871114931	0.8745583813680384
0.27599965574639684	0.8746010221251643
0.27600412202730906	0.8746436414646049
0.2760085859558749	0.8746862394004669
0.27601304753373823	0.8747288159468449
0.27601750676254116	0.874771371117823
0.2760219636439243	0.8748139049274735
0.2760264181795276	0.874856417389857
0.27603087037098883	0.8748989085190234
0.27603532021994476	0.8749413783290112
0.27603976772803046	0.8749838268338469
0.27604421289687975	0.8750262540475464
0.2760486557281248	0.875068659984114
0.27605309622339685	0.8751110446575424
0.27605753438432507	0.875153408081814
0.2760619702125379	0.8751957502708987
0.27606640370966223	0.8752380712387559
0.276070834877323	0.8752803709993334
0.2760752637171441	0.8753226495665681
0.2760796902307481	0.8753649069543855
0.27608411441975567	0.8754071431766998
0.2760885362857877	0.8754493582474137
0.2760929558304614	0.8754915521804193
0.2760973730553939	0.8755337249895975
0.2761017879622005	0.8755758766888173
0.27610620055249563	0.8756180072919373
0.2761106108278923	0.8756601168128045
0.2761150187900008	0.8757022052652549
0.27611942444043197	0.8757442726631133
0.27612382778079364	0.8757863190201937
0.27612822881269367	0.8758283443502981
0.276132627537737	0.8758703486672187
0.27613702395752854	0.8759123319847354
0.27614141807367093	0.8759542943166179
0.27614580988776616	0.875996235676624
0.27615019940141383	0.8760381560785012
0.27615458661621334	0.8760800555359856
0.27615897153376157	0.8761219340628021
0.27616335415565485	0.876163791672665
0.2761677344834883	0.8762056283792771
0.27617211251885454	0.8762474441963306
0.2761764882633458	0.8762892391375062
0.2761808617185526	0.8763310132164743
0.27618523288606417	0.8763727664468937
0.2761896017674685	0.8764144988424125
0.2761939683643513	0.8764562104166679
0.27619833267829863	0.8764979011832859
0.2762026947108934	0.8765395711558818
0.27620705446371857	0.8765812203480599
0.27621141193835486	0.8766228487734137
0.27621576713638185	0.8766644564455254
0.2762201200593778	0.8767060433779665
0.27622447070891953	0.876747609584298
0.27622881908658325	0.8767891550780693
0.2762331651939422	0.8768306798728198
0.2762375090325699	0.8768721839820773
0.2762418506040377	0.8769136674193589
0.27624618990991534	0.8769551301981713
0.27625052695177205	0.8769965723320098
0.2762548617311751	0.8770379938343592
0.27625919424969086	0.8770793947186933
0.2762635245088833	0.8771207749984755
0.27626785251031666	0.8771621346871581
0.27627217825555256	0.8772034737981824
0.2762765017461521	0.8772447923449797
0.27628082298367396	0.8772860903409696
0.27628514196967696	0.8773273677995614
0.27628945870571714	0.8773686247341539
0.2762937731933501	0.877409861158135
0.27629808543413004	0.8774510770848816
0.2763023954296095	0.8774922725277602
0.27630670318134	0.8775334475001265
0.2763110086908713	0.8775746020153257
0.2763153119597521	0.8776157360866919
0.27631961298952973	0.877656849727549
0.2763239117817506	0.87769794295121
0.2763282083379592	0.8777390157709771
0.2763325026596987	0.8777800682001424
0.2763367947485115	0.8778211002519869
0.27634108460593815	0.8778621119397811
0.27634537223351835	0.877903103276785
0.2763496576327898	0.8779440742762477
0.2763539408052896	0.8779850249514082
0.27635822175255303	0.8780259553154944
0.2763625004761141	0.8780668653817242
0.27636677697750633	0.8781077551633044
0.2763710512582605	0.8781486246734316
0.27637532331990733	0.8781894739252917
0.27637959316397515	0.8782303029320602
0.27638386079199234	0.8782711117069019
0.2763881262054845	0.8783119002629712
0.27639238940597716	0.8783526686134122
0.2763966503949936	0.8783934167713583
0.2764009091740562	0.8784341447499323
0.27640516574468654	0.8784748525622468
0.2764094201084038	0.8785155402214035
0.2764136722667267	0.8785562077404945
0.2764179222211724	0.8785968551326006
0.276422169973257	0.8786374824107925
0.27642641552449515	0.8786780895881308
0.27643065887639956	0.8787186766776651
0.2764349000304825	0.8787592436924347
0.2764391389882549	0.8787997906454693
0.276443375751226	0.8788403175497872
0.2764476103209041	0.8788808244183967
0.2764518426987959	0.8789213112642958
0.2764560728864069	0.8789617781004724
0.2764603008852418	0.8790022249399037
0.276464526696803	0.8790426517955565
0.2764687503225926	0.8790830586803875
0.2764729717641108	0.8791234456073431
0.27647719102285695	0.8791638125893593
0.2764814081003288	0.8792041596393618
0.27648562299802293	0.8792444867702663
0.2764898357174349	0.8792847939949777
0.2764940462600587	0.879325081326391
0.2764982546273868	0.8793653487773908
0.27650246082091107	0.8794055963608515
0.27650666484212144	0.8794458240896377
0.27651086669250696	0.8794860319766028
0.2765150663735555	0.8795262200345909
0.27651926388675324	0.8795663882764355
0.2765234592335855	0.8796065367149597
0.2765276524155362	0.879646665362977
0.27653184343408804	0.8796867742332901
0.27653603229072227	0.8797268633386919
0.27654021898691905	0.879766932691965
0.2765444035241571	0.8798069823058824
0.2765485859039142	0.8798470121932056
0.2765527661276667	0.8798870223666875
0.27655694419688953	0.8799270128390699
0.2765611201130565	0.879966983623085
0.27656529387764045	0.8800069347314546
0.27656946549211275	0.8800468661768904
0.27657363495794324	0.8800867779720943
0.2765778022766009	0.8801266701297578
0.27658196744955305	0.8801665426625627
0.2765861304782663	0.8802063955831804
0.276590291364206	0.8802462289042723
0.2765944501088353	0.8802860426384899
0.2765986067136172	0.8803258367984748
0.2766027611800133	0.8803656113968581
0.2766069135094834	0.8804053664462616
0.27661106370348654	0.8804451019592964
0.2766152117634803	0.8804848179485639
0.2766193576909211	0.8805245144266556
0.27662350148726395	0.8805641914061532
0.2766276431539635	0.8806038488996276
0.2766317826924714	0.880643486919641
0.2766359201042403	0.8806831054787445
0.2766400553907196	0.8807227045894802
0.2766441885533583	0.8807622842643795
0.2766483195936049	0.8808018445159644
0.2766524485129051	0.8808413853567469
0.27665657531270543	0.8808809067992286
0.27666069999444864	0.8809204088559022
0.2766648225595787	0.8809598915392497
0.27666894300953665	0.8809993548617434
0.27667306134576314	0.8810387988358458
0.2766771775696976	0.8810782234740099
0.27668129168277794	0.8811176287886783
0.2766854036864409	0.881157014792284
0.27668951358212235	0.8811963814972503
0.27669362137125636	0.8812357289159904
0.2766977270552759	0.881275057060908
0.2767018306356132	0.8813143659443967
0.27670593211369937	0.8813536555788406
0.2767100314909634	0.8813929259766141
0.2767141287688338	0.8814321771500813
0.27671822394873785	0.8814714091115968
0.2767223170321015	0.8815106218735059
0.27672640802034904	0.8815498154481435
0.2767304969149042	0.8815889898478351
0.2767345837171894	0.8816281450848964
0.2767386684286259	0.8816672811716336
0.2767427510506331	0.8817063981203427
0.27674683158463015	0.8817454959433106
0.27675091003203406	0.881784574652814
0.27675498639426205	0.8818236342611202
0.2767590606727284	0.8818626747804867
0.27676313286884785	0.8819016962231616
0.2767672029840321	0.8819406986013828
0.27677127101969334	0.8819796819273794
0.27677533697724177	0.88201864621337
0.27677940085808667	0.882057591471564
0.27678346266363607	0.8820965177141611
0.27678752239529664	0.8821354249533517
0.27679158005447413	0.8821743132013162
0.27679563564257287	0.8822131824702253
0.276799689160996	0.8822520327722405
0.2768037406111455	0.882290864119514
0.2768077899944228	0.8823296765241873
0.27681183731222725	0.8823684699983936
0.2768158825659572	0.8824072445542556
0.27681992575701014	0.8824460002038873
0.27682396688678246	0.8824847369593926
0.27682800595666934	0.882523454832866
0.27683204296806363	0.8825621538363927
0.2768360779223586	0.8826008339820479
0.27684011082094606	0.882639495281898
0.2768441416652162	0.8826781377479993
0.27684817045655785	0.882716761392399
0.27685219719635884	0.8827553662271346
0.2768562218860067	0.8827939522642345
0.2768602445268866	0.8828325195157171
0.27686426512038276	0.8828710679935919
0.2768682836678792	0.8829095977098584
0.2768723001707577	0.8829481086765074
0.2768763146303991	0.8829866009055198
0.27688032704818355	0.8830250744088672
0.2768843374254896	0.8830635291985118
0.2768883457636948	0.8831019652864062
0.27689235206417556	0.8831403826844939
0.27689635632830706	0.8831787814047091
0.2769003585574634	0.8832171614589764
0.27690435875301744	0.8832555228592113
0.2769083569163409	0.8832938656173196
0.2769123530488045	0.883332189745198
0.2769163471517776	0.8833704952547341
0.2769203392266286	0.8834087821578055
0.27692432927472466	0.8834470504662812
0.2769283172974317	0.8834853001920204
0.27693230329611485	0.8835235313468734
0.27693628727213787	0.8835617439426809
0.27694026922686305	0.8835999379912746
0.27694424916165183	0.8836381135044765
0.27694822707786465	0.8836762704940999
0.27695220297686113	0.8837144089719485
0.27695617685999824	0.883752528949817
0.2769601487286339	0.8837906304394904
0.2769641185841235	0.8838287134527449
0.27696808642782184	0.8838667780013473
0.2769720522610822	0.8839048240970554
0.2769760160852569	0.8839428517516175
0.2769799779016974	0.8839808609767729
0.2769839377117535	0.8840188517842518
0.27698789551677483	0.8840568241857749
0.2769918513181088	0.884094778193054
0.2769958051171017	0.884132713817792
0.27699975691510004	0.8841706310716819
0.2770037067134475	0.8842085299664082
0.27700765451348847	0.8842464105136458
0.2770116003165635	0.8842842727250613
0.2770155441240154	0.8843221166123111
0.2770194859371832	0.8843599421870433
0.27702342575740635	0.8843977494608964
0.2770273635860221	0.8844355384455002
0.2770312994243675	0.8844733091524754
0.277035233273778	0.8845110615934328
0.2770391651355876	0.8845487957799756
0.2770430950111298	0.884586511723697
0.2770470229017375	0.8846242094361808
0.27705094880874076	0.8846618889290028
0.2770548727334701	0.8846995502137289
0.27705879467725464	0.8847371933019164
0.27706271464142146	0.8847748182051136
0.2770666326272975	0.8848124249348597
0.2770705486362085	0.8848500135026847
0.27707446266947866	0.8848875839201099
0.2770783747284313	0.8849251361986475
0.27708228481438885	0.8849626703498008
0.2770861929286725	0.8850001863850641
0.2770900990726019	0.8850376843159226
0.27709400324749645	0.8850751641538528
0.27709790545467383	0.8851126259103218
0.2771018056954506	0.8851500695967885
0.27710570397114237	0.8851874952247024
0.2771096002830645	0.8852249028055039
0.2771134946325292	0.885262292350625
0.2771173870208498	0.8852996638714884
0.2771212774493374	0.8853370173795083
0.2771251659193016	0.8853743528860895
0.2771290524320525	0.8854116704026281
0.27713293698889724	0.8854489699405119
0.27713681959114306	0.8854862515111189
0.277140700240096	0.885523515125819
0.27714457893706085	0.8855607607959728
0.2771484556833406	0.885597988532932
0.27715233048023874	0.8856351983480405
0.2771562033290562	0.8856723902526319
0.2771600742310938	0.8857095642580318
0.2771639431876502	0.8857467203755572
0.2771678102000247	0.8857838586165155
0.2771716752695137	0.8858209789922062
0.2771755383974139	0.8858580815139194
0.2771793995850194	0.8858951661929368
0.2771832588336251	0.885932233040531
0.27718711614452424	0.885969282067966
0.2771909715190073	0.8860063132864974
0.27719482495836606	0.8860433267073715
0.2771986764638896	0.8860803223418262
0.27720252603686735	0.8861173002010906
0.2772063736785862	0.8861542602963848
0.27721021939033275	0.8861912026389208
0.27721406317339237	0.8862281272399016
0.27721790502904997	0.8862650341105213
0.27722174495858803	0.8863019232619654
0.2772255829632893	0.8863387947054111
0.2772294190444348	0.8863756484520265
0.2772332532033048	0.8864124845129712
0.27723708544117825	0.8864493028993962
0.2772409157593329	0.8864861036224438
0.2772447441590461	0.8865228866932476
0.27724857064159336	0.8865596521229326
0.2772523952082499	0.8865963999226154
0.27725621786028926	0.8866331301034036
0.27726003859898435	0.8866698426763965
0.27726385742560644	0.8867065376526847
0.27726767434142646	0.8867432150433502
0.27727148934771423	0.8867798748594664
0.2772753024457377	0.8868165171120983
0.2772791136367646	0.8868531418123021
0.2772829229220616	0.8868897489711255
0.27728673030289364	0.8869263385996079
0.2772905357805254	0.8869629107087796
0.27729433935622	0.886999465309663
0.2772981410312398	0.8870360024132716
0.27730194080684595	0.8870725220306105
0.2773057386842988	0.8871090241726762
0.2773095346648569	0.887145508850457
0.27731332874977926	0.887181976074932
0.277317120940322	0.8872184258570728
0.2773209112377418	0.8872548582078414
0.2773246996432934	0.8872912731381924
0.27732848615823075	0.8873276706590715
0.27733227078380696	0.8873640507814156
0.27733605352127344	0.8874004135161535
0.27733983437188175	0.8874367588742056
0.2773436133368811	0.887473086866484
0.2773473904175204	0.8875093975038918
0.277351165615048	0.887545690797324
0.2773549389307096	0.8875819667576678
0.2773587103657516	0.8876182253958008
0.2773624799214189	0.8876544667225931
0.27736624759895423	0.887690690748906
0.2773700133996015	0.887726897485593
0.2773737773246014	0.887763086943498
0.2773775393751945	0.8877992591334583
0.2773812995526211	0.887835414066301
0.2773850578581192	0.8878715517528462
0.2773888142929264	0.8879076722039049
0.2773925688582791	0.8879437754302804
0.2773963215554134	0.887979861442767
0.2774000723855632	0.888015930252151
0.27740382134996233	0.8880519818692106
0.2774075684498431	0.8880880163047153
0.2774113136864367	0.8881240335694267
0.2774150570609739	0.8881600336740977
0.27741879857468416	0.888196016629473
0.277422538228796	0.8882319824462894
0.2774262760245363	0.8882679311352752
0.27743001196313183	0.8883038627071503
0.2774337460458084	0.8883397771726265
0.27743747827378984	0.8883756745424071
0.2774412086482993	0.8884115548271876
0.2774449371705599	0.888447418037655
0.2774486638417926	0.8884832641844882
0.2774523886632177	0.8885190932783579
0.27745611163605494	0.888554905329926
0.27745983276152236	0.8885907003498473
0.27746355204083767	0.8886264783487676
0.277467269475217	0.8886622393373248
0.2774709850658761	0.8886979833261484
0.2774746988140288	0.8887337103258598
0.27747841072088864	0.8887694203470728
0.2774821207876689	0.8888051134003921
0.27748582901557944	0.8888407894964151
0.277489535405832	0.8888764486457303
0.2774932399596353	0.8889120908589188
0.27749694267819863	0.8889477161465528
0.2775006435627283	0.8889833245191973
0.2775043426144315	0.8890189159874082
0.27750803983451366	0.8890544905617344
0.277511735224179	0.8890900482527154
0.2775154287846314	0.8891255890708838
0.2775191205170728	0.8891611130267635
0.27752281042270543	0.8891966201308703
0.2775264985027293	0.8892321103937124
0.27753018475834446	0.8892675838257893
0.27753386919074935	0.889303040437593
0.2775375518011414	0.889338480239607
0.2775412325907177	0.8893739032423073
0.2775449115606729	0.8894093094561614
0.2775485887122031	0.8894446988916288
0.277552264046501	0.8894800715591613
0.2775559375647597	0.8895154274692023
0.27755960926817097	0.8895507666321877
0.27756327915792584	0.8895860890585451
0.2775669472352133	0.8896213947586937
0.277570613501223	0.8896566837430459
0.27757427795714273	0.8896919560220046
0.27757794060415925	0.8897272116059658
0.2775816014434584	0.8897624505053174
0.27758526047622545	0.8897976727304391
0.277588917703644	0.8898328782917028
0.2775925731268974	0.8898680671994723
0.27759622674716744	0.8899032394641037
0.27759987856563606	0.889938395095945
0.2776035285834825	0.8899735341053363
0.2776071768018863	0.8900086565026101
0.27761082322202585	0.8900437622980903
0.2776144678450781	0.8900788515020939
0.27761811067221975	0.8901139241249291
0.2776217517046261	0.8901489801768966
0.27762539094347116	0.8901840196682892
0.2776290283899287	0.890219042609392
0.277632664045171	0.8902540490104821
0.2776362979103701	0.8902890388818284
0.277639929986696	0.8903240122336926
0.2776435602753185	0.8903589690763282
0.27764718877740696	0.8903939094199809
0.2776508154941283	0.8904288332748885
0.2776544404266492	0.8904637406512813
0.2776580635761364	0.8904986315593814
0.27766168494375404	0.8905335060094034
0.27766530453066635	0.8905683640115536
0.2776689223380359	0.8906032055760313
0.2776725383670257	0.8906380307130276
0.27767615261879586	0.8906728394327256
0.277679765094507	0.8907076317453011
0.2776833757953186	0.8907424076609216
0.2776869847223885	0.8907771671897474
0.2776905918768739	0.8908119103419309
0.27769419725993205	0.8908466371276162
0.27769780087271784	0.8908813475569406
0.27770140271638555	0.890916041640033
0.2777050027920892	0.8909507193870151
0.27770860110098167	0.8909853808079999
0.27771219764421406	0.8910200259130941
0.2777157924229375	0.8910546547123954
0.2777193854383018	0.8910892672159948
0.2777229766914558	0.8911238634339751
0.27772656618354774	0.8911584433764115
0.2777301539157246	0.8911930070533713
0.27773373988913214	0.8912275544749149
0.27773732410491636	0.891262085651094
0.2777409065642208	0.8912966005919536
0.27774448726818945	0.8913310993075304
0.27774806621796405	0.8913655818078539
0.27775164341468633	0.8914000481029455
0.27775521885949733	0.8914344982028194
0.2777587925535364	0.8914689321174822
0.2777623644979422	0.8915033498569326
0.2777659346938526	0.8915377514311618
0.2777695031424045	0.8915721368501535
0.2777730698447338	0.8916065061238834
0.27777663480197573	0.8916408592623205
0.27778019801526443	0.8916751962754256
0.27778375948573303	0.8917095171731516
0.27778731921451344	0.8917438219654448
0.2777908772027377	0.8917781106622431
0.27779443345153626	0.8918123832734771
0.27779798796203853	0.8918466398090702
0.2778015407353728	0.8918808802789377
0.27780509177266743	0.8919151046929878
0.27780864107504855	0.8919493130611212
0.2778121886436428	0.8919835053932307
0.2778157344795748	0.8920176816992018
0.27781927858396893	0.8920518419889125
0.27782282095794825	0.8920859862722336
0.2778263616026345	0.8921201145590281
0.2778299005191502	0.8921542268591512
0.27783343770861485	0.8921883231824512
0.2778369731721484	0.8922224035387689
0.2778405069108694	0.8922564679379372
0.277844038925896	0.8922905163897819
0.27784756921834486	0.8923245489041213
0.2778510977893318	0.8923585654907661
0.2778546246399719	0.8923925661595198
0.27785814977137957	0.8924265509201783
0.27786167318466826	0.8924605197825302
0.27786519488095013	0.8924944727563565
0.27786871486133596	0.8925284098514312
0.27787223312693726	0.8925623310775203
0.2778757496788636	0.8925962364443827
0.2778792645182236	0.8926301259617702
0.27788277764612496	0.892663999639427
0.2778862890636756	0.8926978574870895
0.2778897987719803	0.8927316995144875
0.2778933067721456	0.8927655257313427
0.27789681306527514	0.8927993361473701
0.277900317652472	0.892833130772277
0.27790382053483975	0.8928669096157634
0.2779073217134798	0.8929006726875217
0.27791082118949234	0.8929344199972377
0.2779143189639779	0.8929681515545891
0.2779178150380354	0.8930018673692468
0.2779213094127626	0.8930355674508741
0.27792480208925757	0.8930692518091272
0.277928293068616	0.8931029204536547
0.2779317823519335	0.8931365733940984
0.2779352699403051	0.8931702106400923
0.27793875583482414	0.8932038322012634
0.2779422400365837	0.8932374380872317
0.2779457225466759	0.8932710283076092
0.2779492033661915	0.8933046028720011
0.27795268249622107	0.8933381617900057
0.2779561599378535	0.8933717050712133
0.2779596356921779	0.8934052327252074
0.2779631097602817	0.8934387447615646
0.27796658214325126	0.8934722411898535
0.2779700528421732	0.8935057220196357
0.2779735218581321	0.8935391872604661
0.27797698919221164	0.8935726369218921
0.27798045484549583	0.8936060710134537
0.27798391881906703	0.8936394895446838
0.27798738111400656	0.8936728925251081
0.2779908417313948	0.8937062799642455
0.27799430067231207	0.8937396518716071
0.277997757937837	0.8937730082566975
0.2780012135290477	0.8938063491290132
0.27800466744702174	0.893839674498045
0.2780081196928353	0.893872984373275
0.278011570267563	0.8939062787641793
0.27801501917228094	0.8939395576802258
0.27801846640806194	0.8939728211308767
0.27802191197597925	0.8940060691255857
0.27802535587710486	0.8940393016738
0.2780287981125097	0.8940725187849599
0.27803223868326477	0.8941057204684981
0.2780356775904388	0.8941389067338404
0.278039114835101	0.8941720775904058
0.2780425504183186	0.894205233047606
0.27804598434115924	0.8942383731148452
0.27804941660468846	0.8942714978015212
0.2780528472099714	0.8943046071170244
0.2780562761580729	0.8943377010707382
0.2780597034500562	0.8943707796720388
0.278063129086984	0.8944038429302956
0.27806655306991807	0.894436890854871
0.27806997539991957	0.89446992345512
0.2780733960780483	0.8945029407403908
0.27807681510536403	0.8945359427200247
0.27808023248292457	0.8945689294033559
0.2780836482117881	0.8946019007997109
0.2780870622930107	0.8946348569184108
0.27809047472764925	0.8946677977687683
0.2780938855167584	0.8947007233600892
0.27809729466139177	0.8947336337016731
0.27810070216260346	0.8947665288028122
0.27810410802144586	0.8947994086727916
0.2781075122389705	0.8948322733208894
0.2781109148162286	0.8948651227563771
0.2781143157542696	0.894897956988519
0.27811771505414307	0.8949307760265724
0.2781211127168979	0.8949635798797877
0.2781245087435804	0.8949963685574087
0.27812790313523805	0.8950291420686717
0.27813129589291674	0.8950619004228064
0.2781346870176614	0.8950946436290355
0.27813807651051603	0.895127371696575
0.2781414643725242	0.8951600846346337
0.27814485060472854	0.8951927824524136
0.2781482352081704	0.89522546515911
0.278151618183891	0.8952581327639109
0.2781549995329301	0.8952907852759979
0.2781583792563273	0.8953234227045452
0.2781617573551208	0.8953560450587209
0.27816513383034785	0.8953886523476853
0.2781685086830456	0.8954212445805926
0.27817188191425013	0.8954538217665895
0.2781752535249958	0.8954863839148166
0.2781786235163178	0.895518931034407
0.2781819918892493	0.8955514631344875
0.2781853586448224	0.8955839802241777
0.2781887237840694	0.8956164823125904
0.27819208730802125	0.8956489694088318
0.27819544921770845	0.8956814415220009
0.2781988095141597	0.8957138986611906
0.27820216819840393	0.8957463408354863
0.27820552527146863	0.895778768053967
0.2782088807343812	0.8958111803257045
0.2782122345881673	0.8958435776597646
0.27821558683385245	0.8958759600652058
0.2782189374724611	0.8959083275510795
0.2782222865050166	0.8959406801264309
0.278225633932542	0.8959730178002984
0.2782289797560598	0.8960053405817134
0.2782323239765905	0.8960376484797008
0.27823566659515514	0.8960699415032785
0.2782390076127728	0.8961022196614578
0.27824234703046286	0.8961344829632436
0.2782456848492429	0.8961667314176331
0.27824902107012983	0.8961989650336184
0.2782523556941408	0.8962311838201833
0.2782556887222912	0.8962633877863055
0.2782590201555952	0.8962955769409565
0.27826234999506744	0.8963277512931004
0.2782656782417208	0.896359910851695
0.27826900489656814	0.896392055625691
0.2782723299606201	0.896424185624033
0.27827565343488825	0.8964563008556587
0.27827897532038254	0.8964884013294991
0.2782822956181115	0.8965204870544785
0.27828561432908394	0.8965525580395147
0.2782889314543079	0.8965846142935185
0.2782922469947894	0.8966166558253947
0.2782955609515345	0.896648682644041
0.27829887332554903	0.8966806947583482
0.2783021841178369	0.8967126921772013
0.2783054933294016	0.8967446749094782
0.2783088009612465	0.8967766429640499
0.2783121070143733	0.8968085963497816
0.278315411489783	0.8968405350755313
0.27831871438847644	0.8968724591501502
0.278322015711453	0.8969043685824838
0.27832531545971184	0.89693626338137
0.278328613634251	0.896968143555641
0.2783319102360673	0.897000009114122
0.2783352052661577	0.8970318600656316
0.2783384987255182	0.8970636964189818
0.27834179061514275	0.8970955181829783
0.27834508093602656	0.8971273253664203
0.2783483696891625	0.8971591179781
0.27835165687554336	0.8971908960268037
0.27835494249616066	0.8972226595213105
0.2783582265520053	0.8972544084703937
0.278361509044068	0.8972861428828195
0.2783647899733382	0.8973178627673477
0.27836806934080416	0.8973495681327319
0.2783713471474542	0.897381258987719
0.2783746233942753	0.8974129353410493
0.2783778980822533	0.8974445972014568
0.278381171212375	0.8974762445776688
0.27838444278562424	0.8975078774784063
0.2783877128029848	0.897539495912384
0.2783909812654409	0.8975710998883099
0.2783942481739741	0.8976026894148853
0.2783975135295673	0.8976342645008054
0.2784007773332003	0.8976658251547589
0.27840403958585336	0.8976973713854284
0.2784073002885064	0.8977289032014891
0.2784105594421377	0.8977604206116109
0.2784138170477253	0.8977919236244564
0.27841707310624597	0.8978234122486823
0.2784203276186764	0.8978548864929387
0.2784235805859924	0.8978863463658691
0.2784268320091677	0.8979177918761111
0.2784300818891776	0.8979492230322953
0.2784333302269945	0.8979806398430463
0.27843657702359115	0.8980120423169826
0.2784398222799391	0.8980434304627155
0.27844306599700963	0.8980748042888506
0.27844630817577276	0.8981061638039869
0.2784495488171983	0.898137509016717
0.27845278792225403	0.898168839935627
0.27845602549190884	0.8982001565692972
0.27845926152712963	0.898231458926301
0.27846249602888223	0.8982627470152056
0.2784657289981335	0.8982940208445721
0.27846896043584707	0.8983252804229549
0.2784721903429873	0.8983565257589023
0.2784754187205187	0.8983877568609563
0.27847864556940266	0.8984189737376527
0.27848187089060145	0.8984501763975205
0.27848509468507626	0.8984813648490828
0.2784883169537876	0.8985125391008565
0.2784915376976947	0.8985436991613518
0.2784947569177568	0.898574845039073
0.2784979746149316	0.8986059767425181
0.27850119079017743	0.8986370942801784
0.2785044054444495	0.8986681976605393
0.2785076185787044	0.89869928689208
0.2785108301938972	0.8987303619832733
0.2785140402909824	0.8987614229425855
0.2785172488709138	0.8987924697784773
0.27852045593464375	0.8988235024994023
0.27852366148312496	0.8988545211138088
0.2785268655173086	0.8988855256301381
0.27853006803814495	0.8989165160568257
0.2785332690465844	0.8989474924023005
0.27853646854357567	0.8989784546749857
0.2785396665300678	0.899009402883298
0.27854286300700776	0.8990403370356479
0.2785460579753434	0.8990712571404397
0.27854925143601966	0.8991021632060714
0.2785524433899834	0.8991330552409351
0.2785556338381785	0.8991639332534167
0.278558822781549	0.8991947972518953
0.2785620102210384	0.8992256472447449
0.27856519615758923	0.8992564832403322
0.2785683805921431	0.8992873052470187
0.278571563525641	0.8993181132731594
0.2785747449590235	0.8993489073271026
0.27857792489323013	0.8993796874171912
0.2785811033291996	0.8994104535517619
0.2785842802678701	0.8994412057391447
0.278587455710179	0.899471943987664
0.27859062965706344	0.8995026683056377
0.27859380210945833	0.8995333787013784
0.2785969730682994	0.8995640751831914
0.2786001425345213	0.8995947577593765
0.2786033105090579	0.8996254264382275
0.2786064769928417	0.8996560812280321
0.2786096419868051	0.8996867221370717
0.27861280549188006	0.8997173491736215
0.27861596750899686	0.8997479623459511
0.2786191280390863	0.8997785616623236
0.27862228708307746	0.899809147130996
0.2786254446418984	0.8998397187602198
0.27862860071647805	0.8998702765582396
0.2786317553077431	0.8999008205332948
0.27863490841662014	0.899931350693618
0.27863806004403524	0.8999618670474362
0.278641210190913	0.8999923696029704
0.27864435885817773	0.9000228583684351
0.2786475060467534	0.9000533333520396
0.27865065175756293	0.9000837945619862
0.27865379599152784	0.9001142420064719
0.27865693874957087	0.9001446756936873
0.2786600800326119	0.9001750956318172
0.2786632198415712	0.9002055018290401
0.2786663581773677	0.9002358942935292
0.2786694950409205	0.9002662730334509
0.27867263043314794	0.9002966380569661
0.2786757643549657	0.9003269893722294
0.278678896807292	0.9003573269873898
0.27868202779104184	0.9003876509105899
0.2786851573071298	0.9004179611499668
0.27868828535647105	0.9004482577136511
0.27869141193997854	0.9004785406097681
0.2786945370585659	0.9005088098464366
0.27869766071314483	0.9005390654317695
0.27870078290462713	0.9005693073738741
0.27870390363392344	0.9005995356808516
0.2787070229019439	0.9006297503607972
0.27871014070959804	0.9006599514217999
0.278713257057794	0.9006901388719436
0.2787163719474406	0.9007203127193055
0.27871948537944513	0.9007504729719571
0.27872259735471355	0.9007806196379643
0.2787257078741517	0.9008107527253866
0.27872881693866564	0.900840872242278
0.2787319245491588	0.9008709781966866
0.2787350307065357	0.9009010705966544
0.27873813541169934	0.9009311494502176
0.2787412386655517	0.9009612147654066
0.2787443404689951	0.9009912665502456
0.27874744082292985	0.9010213048127536
0.27875053972825664	0.9010513295609429
0.27875363718587476	0.901081340802821
0.27875673319668365	0.9011113385463886
0.27875982776158137	0.9011413227996408
0.27876292088146504	0.9011712935705671
0.2787660125572317	0.9012012508671512
0.27876910278977723	0.9012311946973707
0.2787721915799977	0.9012611250691972
0.2787752789287874	0.9012910419905973
0.27877836483704094	0.9013209454695307
0.2787814493056503	0.901350835513952
0.2787845323355097	0.90138071213181
0.27878761392751056	0.9014105753310475
0.27879069408254387	0.9014404251196017
0.2787937728015006	0.9014702615054034
0.27879685008527094	0.9015000844963784
0.27879992593474295	0.9015298941004466
0.2788030003508067	0.9015596903255212
0.27880607333434937	0.9015894731795111
0.2788091448862578	0.9016192426703183
0.27881221500741876	0.9016489988058397
0.2788152836987185	0.9016787415939659
0.2788183509610414	0.9017084710425821
0.2788214167952723	0.9017381871595679
0.2788244812022949	0.9017678899527966
0.2788275441829926	0.9017975794301364
0.27883060573824753	0.9018272555994494
0.278833665868941	0.9018569184685922
0.2788367245759547	0.9018865680454151
0.2788397818601692	0.9019162043377634
0.27884283772246343	0.9019458273534765
0.27884589216371675	0.901975437100388
0.2788489451848075	0.9020050335863256
0.2788519967866134	0.9020346168191119
0.2788550469700115	0.902064186806563
0.2788580957358777	0.9020937435564901
0.27886114308508814	0.9021232870766981
0.2788641890185177	0.9021528173749866
0.2788672335370404	0.9021823344591495
0.27887027664152997	0.9022118383369749
0.2788733183328595	0.9022413290162453
0.27887635861190146	0.9022708065047373
0.2788793974795269	0.9023002708102227
0.2788824349366068	0.9023297219404663
0.2788854709840122	0.9023591599032285
0.278888505622612	0.9023885847062633
0.2788915388532753	0.9024179963573195
0.2788945706768704	0.9024473948641402
0.27889760109426515	0.9024767802344624
0.27890063010632593	0.9025061524760182
0.27890365771391923	0.9025355115965338
0.27890668391791074	0.9025648576037295
0.27890970871916554	0.9025941905053203
0.27891273211854745	0.9026235103090158
0.278915754116921	0.9026528170225195
0.27891877471514803	0.9026821106535295
0.2789217939140914	0.9027113912097389
0.2789248117146133	0.902740658698834
0.2789278281175734	0.9027699131284967
0.27893084312383276	0.9027991545064028
0.2789338567342515	0.9028283828402224
0.27893686894968733	0.9028575981376206
0.2789398797709997	0.9028868004062561
0.2789428891990459	0.9029159896537831
0.2789458972346829	0.9029451658878493
0.27894890387876714	0.9029743291160973
0.2789519091321542	0.9030034793461643
0.27895491299569936	0.9030326165856816
0.2789579154702571	0.9030617408422752
0.27896091655668087	0.9030908521235657
0.27896391625582373	0.9031199504371676
0.2789669145685385	0.9031490357906908
0.2789699114956767	0.903178108191739
0.27897290703808925	0.9032071676479106
0.2789759011966267	0.9032362141667987
0.2789788939721391	0.9032652477559903
0.2789818853654759	0.9032942684230675
0.27898487537748506	0.9033232761756069
0.27898786400901515	0.9033522710211792
0.2789908512609127	0.9033812529673502
0.2789938371340246	0.9034102220216796
0.2789968216291967	0.9034391781917223
0.2789998047472742	0.903468121485027
0.27900278648910265	0.9034970519091374
0.2790057668555248	0.903525969471592
0.27900874584738444	0.9035548741799234
0.2790117234655245	0.9035837660416588
0.27901469971078724	0.90361264506432
0.27901767458401383	0.9036415112554235
0.2790206480860448	0.9036703646224804
0.2790236202177206	0.9036992051729962
0.27902659097988053	0.9037280329144711
0.27902956037336396	0.9037568478543997
0.27903252839900855	0.9037856500002713
0.27903549505765196	0.9038144393595703
0.2790384603501317	0.9038432159397747
0.2790414242772836	0.9038719797483578
0.2790443868399434	0.9039007307927873
0.2790473480389458	0.9039294690805258
0.27905030787512575	0.90395819461903
0.279053266349317	0.9039869074157517
0.27905622346235265	0.904015607478137
0.27905917921506473	0.9040442948136268
0.27906213360828536	0.9040729694296565
0.27906508664284635	0.9041016313336563
0.2790680383195776	0.9041302805330511
0.2790709886393093	0.9041589170352602
0.27907393760287047	0.9041875408476977
0.2790768852110905	0.9042161519777723
0.2790798314647969	0.9042447504328877
0.279082776364817	0.9042733362204417
0.27908571991197817	0.904301909347827
0.2790886621071065	0.9043304698224311
0.2790916029510272	0.9043590176516363
0.27909454244456533	0.9043875528428191
0.279097480588545	0.9044160754033513
0.27910041738379066	0.9044445853405989
0.27910335283112475	0.9044730826619227
0.2791062869313694	0.9045015673746786
0.2791092196853471	0.9045300394862167
0.2791121510938787	0.904558499003882
0.27911508115778444	0.9045869459350143
0.27911800987788477	0.904615380286948
0.2791209372549989	0.9046438020670121
0.27912386328994515	0.9046722112825311
0.2791267879835419	0.904700607940823
0.27912971133660663	0.9047289920492015
0.27913263334995625	0.9047573636149748
0.27913555402440676	0.9047857226454455
0.2791384733607734	0.9048140691479116
0.27914139135987204	0.9048424031296654
0.27914430802251605	0.904870724597994
0.2791472233495197	0.9048990335601792
0.2791501373416964	0.9049273300234977
0.2791530499998578	0.9049556139952213
0.27915596132481635	0.9049838854826162
0.279158871317383	0.905012144492943
0.27916177997836855	0.905040391033458
0.27916468730858346	0.9050686251114117
0.2791675933088367	0.9050968467340494
0.27917049797993726	0.9051250559086116
0.27917340132269325	0.905153252642333
0.27917630333791216	0.9051814369424436
0.27917920402640095	0.9052096088161682
0.2791821033889664	0.905237768270726
0.27918500142641384	0.9052659153133317
0.27918789813954803	0.905294049951194
0.2791907935291744	0.9053221721915172
0.27919368759609675	0.9053502820415
0.2791965803411175	0.9053783795083361
0.27919947176504023	0.9054064645992138
0.27920236186866704	0.9054345373213167
0.2792052506527993	0.9054625976818229
0.2792081381182375	0.9054906456879054
0.2792110242657822	0.9055186813467324
0.27921390909623356	0.9055467046654662
0.2792167926103896	0.905574715651265
0.27921967480904974	0.9056027143112811
0.27922255569301135	0.905630700652662
0.279225435263072	0.9056586746825498
0.2792283135200284	0.905686636408082
0.27923119046467615	0.9057145858363905
0.2792340660978112	0.9057425229746026
0.27923694042022784	0.9057704478298397
0.27923981343272125	0.905798360409219
0.27924268513608425	0.9058262607198522
0.27924555553111013	0.9058541487688458
0.27924842461859134	0.9058820245633015
0.27925129239932006	0.9059098881103156
0.27925415887408733	0.9059377394169796
0.27925702404368397	0.90596557849038
0.2792598879088996	0.9059934053375976
0.27926275047052473	0.9060212199657092
0.2792656117293469	0.9060490223817859
0.2792684716861556	0.9060768125928933
0.27927133034173784	0.906104590606093
0.2792741876968806	0.906132356428441
0.2792770437523709	0.9061601100669882
0.2792798985089944	0.9061878515287803
0.27928275196753627	0.9062155808208586
0.27928560412878173	0.9062432979502589
0.2792884549935144	0.9062710029240122
0.27929130456251827	0.906298695749144
0.27929415283657677	0.9063263764326756
0.2792969998164706	0.9063540449816226
0.2792998455029833	0.906381701402996
0.27930268989689533	0.9064093457038016
0.27930553299898725	0.9064369778910403
0.2793083748100392	0.9064645979717079
0.2793112153308304	0.9064922059527952
0.2793140545621403	0.9065198018412883
0.27931689250474645	0.9065473856441683
0.27931972915942693	0.9065749573684108
0.2793225645269593	0.9066025170209866
0.2793253986081193	0.9066300646088622
0.27932823140368296	0.9066576001389985
0.2793310629144258	0.9066851236183515
0.2793338931411228	0.9067126350538726
0.2793367220845476	0.9067401344525077
0.2793395497454746	0.9067676218211982
0.27934237612467594	0.9067950971668803
0.27934520122292483	0.9068225604964856
0.2793480250409926	0.9068500118169404
0.27935084757965095	0.9068774511351662
0.2793536688396704	0.9069048784580795
0.27935648882182107	0.9069322937925923
0.27935930752687277	0.9069596971456111
0.27936212495559387	0.9069870885240379
0.27936494110875293	0.9070144679347696
0.2793677559871185	0.9070418353846981
0.27937056959145673	0.9070691908807107
0.2793733819225351	0.9070965344296896
0.2793761929811196	0.9071238660385122
0.27937900276797584	0.9071511857140508
0.279381811283868	0.9071784934631735
0.2793846185295609	0.9072057892927424
0.27938742450581916	0.9072330732096154
0.27939022921340495	0.9072603452206459
0.2793930326530811	0.9072876053326817
0.27939583482561	0.907314853552566
0.2793986357317535	0.9073420898871373
0.2794014353722714	0.9073693143432291
0.2794042337479251	0.9073965269276701
0.27940703085947394	0.9074237276472841
0.2794098267076779	0.9074509165088901
0.2794126212932942	0.9074780935193022
0.2794154146170826	0.9075052586853298
0.2794182066797995	0.9075324120137775
0.27942099748220234	0.9075595535114446
0.27942378702504755	0.9075866831851264
0.27942657530909065	0.9076138010416127
0.2794293623350872	0.9076409070876885
0.27943214810379163	0.9076680013301346
0.2794349326159588	0.9076950837757263
0.27943771587234145	0.9077221544312346
0.2794404978736929	0.9077492133034255
0.2794432786207659	0.9077762603990602
0.27944605811431206	0.907803295724895
0.2794488363550825	0.9078303192876815
0.2794516133438289	0.9078573310941669
0.2794543890813003	0.907884331151093
0.279457163568247	0.9079113194651969
0.2794599368054181	0.9079382960432116
0.279462708793562	0.9079652608918646
0.27946547953342704	0.907992214017879
0.2794682490257599	0.9080191554279732
0.2794710172713084	0.9080460851288603
0.27947378427081765	0.9080730031272494
0.27947655002503463	0.9080999094298443
0.2794793145347034	0.9081268040433444
0.27948207780057005	0.9081536869744442
0.27948483982337735	0.9081805582298336
0.2794876006038694	0.9082074178161973
0.2794903601427891	0.908234265740216
0.27949311844087854	0.9082611020085655
0.27949587549888033	0.9082879266279162
0.2794986313175354	0.9083147396049345
0.27950138589758394	0.9083415409462821
0.279504139239767	0.9083683306586152
0.27950689134482404	0.9083951087485865
0.2795096422134943	0.9084218752228431
0.2795123918465159	0.9084486300880278
0.27951514024462726	0.9084753733507784
0.2795178874085656	0.9085021050177283
0.27952063333906774	0.9085288250955064
0.27952337803687066	0.9085555335907362
0.27952612150270945	0.9085822305100371
0.2795288637373195	0.9086089158600239
0.2795316047414364	0.9086355896473065
0.2795343445157936	0.9086622518784898
0.2795370830611244	0.908688902560175
0.27953982037816216	0.9087155416989577
0.2795425564676397	0.9087421693014293
0.2795452913302891	0.9087687853741764
0.27954802496684167	0.908795389923781
0.2795507573780282	0.9088219829568206
0.2795534885645792	0.9088485644798681
0.27955621852722434	0.9088751344994913
0.2795589472666932	0.9089016930222537
0.27956167478371424	0.9089282400547143
0.27956440107901587	0.9089547756034275
0.2795671261533252	0.9089812996749426
0.27956985000737067	0.9090078122758048
0.2795725726418773	0.9090343134125545
0.27957529405757203	0.9090608030917275
0.27957801425518075	0.909087281319855
0.27958073323542726	0.9091137481034637
0.279583450999037	0.9091402034490753
0.2795861675467332	0.9091666473632076
0.27958888287924	0.9091930798523732
0.2795915969972793	0.9092195009230806
0.27959430990157413	0.9092459105818332
0.27959702159284566	0.9092723088351303
0.27959973207181554	0.9092986956894664
0.27960244133920453	0.9093250711513313
0.27960514939573294	0.9093514352272107
0.2796078562421195	0.9093777879235851
0.27961056187908395	0.9094041292469314
0.2796132663073448	0.9094304592037206
0.27961596952761997	0.9094567778004206
0.2796186715406271	0.9094830850434934
0.2796213723470833	0.9095093809393974
0.27962407194770433	0.9095356654945863
0.27962677034320677	0.9095619387155089
0.2796294675343057	0.9095882006086101
0.27963216352171594	0.9096144511803297
0.27963485830615215	0.9096406904371029
0.2796375518883275	0.9096669183853611
0.2796402442689556	0.9096931350315305
0.2796429354487495	0.9097193403820328
0.2796456254284211	0.909745534443286
0.27964831420868214	0.9097717172217025
0.2796510017902435	0.9097978887236912
0.27965368817381575	0.9098240489556556
0.2796563733601098	0.9098501979239954
0.27965905734983476	0.9098763356351054
0.27966174014369943	0.9099024620953763
0.2796644217424125	0.9099285773111937
0.27966710214668195	0.9099546812889394
0.2796697813572153	0.9099807740349904
0.27967245937472013	0.9100068555557195
0.27967513619990225	0.9100329258574944
0.2796778118334672	0.910058984946679
0.2796804862761209	0.9100850328296325
0.2796831595285683	0.9101110695127093
0.2796858315915138	0.9101370950022601
0.27968850246566085	0.9101631093046306
0.2796911721517131	0.9101891124261622
0.2796938406503732	0.9102151043731919
0.2796965079623437	0.910241085152052
0.2796991740883264	0.9102670547690709
0.27970183902902174	0.9102930132305721
0.27970450278513137	0.9103189605428748
0.27970716535735524	0.910344896712294
0.2797098267463932	0.9103708217451398
0.2797124869529438	0.9103967356477185
0.2797151459777068	0.9104226384263316
0.2797178038213795	0.9104485300872761
0.2797204604846597	0.9104744106368449
0.2797231159682449	0.9105002800813266
0.2797257702728311	0.9105261384270048
0.2797284233991148	0.910551985680159
0.27973107534779207	0.9105778218470649
0.2797337261195571	0.910603646933993
0.2797363757151048	0.9106294609472099
0.2797390241351293	0.9106552638929774
0.27974167138032446	0.9106810557775533
0.27974431745138306	0.9107068366071909
0.27974696234899765	0.9107326063881394
0.27974960607385996	0.910758365126643
0.279752248626662	0.9107841128289419
0.2797548900080944	0.9108098495012723
0.2797575302188478	0.9108355751498658
0.27976016925961206	0.9108612897809492
0.27976280713107726	0.9108869934007454
0.2797654438339319	0.9109126860154728
0.27976807936886455	0.910938367631346
0.2797707137365632	0.9109640382545744
0.2797733469377149	0.9109896978913636
0.2797759789730071	0.9110153465479147
0.27977860984312614	0.9110409842304247
0.27978123954875794	0.9110666109450859
0.2797838680905888	0.9110922266980866
0.27978649546930195	0.9111178314956109
0.27978912168558295	0.9111434253438379
0.2797917467401158	0.9111690082489431
0.2797943706335833	0.9111945802170979
0.2797969933666695	0.9112201412544683
0.27979961494005573	0.9112456913672168
0.27980223535442433	0.9112712305615019
0.27980485461045707	0.9112967588434772
0.279807472708834	0.9113222762192918
0.27981008965023674	0.9113477826950915
0.27981270543534464	0.9113732782770173
0.27981532006483706	0.9113987629712054
0.2798179335393926	0.9114242367837886
0.2798205458596913	0.9114496997208946
0.27982315702640914	0.9114751517886479
0.2798257670402249	0.9115005929931675
0.27982837590181486	0.9115260233405694
0.27983098361185615	0.9115514428369641
0.279833590171024	0.911576851488459
0.27983619557999456	0.9116022493011564
0.2798387998394426	0.911627636281155
0.27984140295004206	0.9116530124345483
0.2798440049124672	0.9116783777674269
0.2798466057273924	0.9117037322858762
0.27984920539549013	0.9117290759959776
0.27985180391743203	0.9117544089038084
0.2798544012938918	0.9117797310154414
0.2798569975255397	0.9118050423369459
0.2798595926130474	0.9118303428743859
0.2798621865570852	0.9118556326338223
0.27986477935832316	0.9118809116213107
0.2798673710174314	0.9119061798429032
0.2798699615350781	0.9119314373046478
0.2798725509119324	0.911956684012588
0.2798751391486627	0.911981919972763
0.279877726245936	0.9120071451912081
0.2798803122044195	0.9120323596739542
0.27988289702478075	0.9120575634270283
0.2798854807076853	0.9120827564564526
0.2798880632537984	0.912107938768246
0.2798906446637861	0.9121331103684227
0.27989322493831237	0.9121582712629925
0.2798958040780421	0.9121834214579615
0.2798983820836383	0.9122085609593317
0.2799009589557654	0.9122336897731003
0.2799035346950847	0.9122588079052611
0.2799061093022598	0.9122839153618032
0.2799086827779512	0.9123090121487121
0.2799112551228223	0.9123340982719683
0.2799138263375317	0.9123591737375492
0.27991639642274113	0.9123842385514271
0.27991896537911	0.9124092927195709
0.27992153320729785	0.9124343362479449
0.27992409990796346	0.9124593691425096
0.2799266654817656	0.912484391409221
0.2799292299293617	0.9125094030540313
0.2799317932514101	0.9125344040828886
0.2799343554485673	0.9125593945017365
0.27993691652148966	0.9125843743165151
0.2799394764708337	0.9126093435331596
0.2799420352972543	0.9126343021576019
0.2799445930014075	0.9126592501957693
0.2799471495839473	0.9126841876535852
0.27994970504552813	0.9127091145369688
0.27995225938680346	0.9127340308518352
0.27995481260842675	0.9127589366040955
0.27995736471105037	0.9127838317996567
0.27995991569532735	0.9128087164444217
0.2799624655619082	0.9128335905442894
0.27996501431144544	0.9128584541051543
0.279967561944589	0.9128833071329073
0.2799701084619904	0.9129081496334349
0.27997265386429815	0.9129329816126198
0.279975198152163	0.9129578030763401
0.2799777413262326	0.9129826140304708
0.2799802833871564	0.9130074144808817
0.27998282433558225	0.9130322044334394
0.27998536417215747	0.9130569838940061
0.2799879028975286	0.9130817528684402
0.2799904405123431	0.9131065113625958
0.2799929770172472	0.9131312593823229
0.27999551241288595	0.9131559969334675
0.27999804669990497	0.913180724021872
0.28000057987894844	0.9132054406533745
0.2800031119506616	0.9132301468338088
0.28000564291568764	0.9132548425690046
0.2800081727746693	0.9132795278647886
0.2800107015282507	0.9133042027269823
0.280013229177073	0.9133288671614038
0.28001575572177867	0.913353521173867
0.28001828116300964	0.9133781647701817
0.28002080550140657	0.9134027979561542
0.28002332873760927	0.9134274207375863
0.28002585087225956	0.9134520331202758
0.2800283719059953	0.9134766351100168
0.28003089183945645	0.913501226712599
0.280033410673281	0.9135258079338089
0.28003592840810904	0.9135503787794279
0.2800384450445758	0.9135749392552347
0.28004096058332045	0.9135994893670026
0.28004347502497917	0.9136240291205024
0.2800459883701882	0.9136485585214996
0.2800485006195837	0.9136730775757566
0.2800510117738011	0.9136975862890316
0.2800535218334755	0.9137220846670787
0.2800560307992408	0.9137465727156483
0.28005853867173214	0.9137710504404866
0.2800610454515825	0.913795517847336
0.2800635511394252	0.9138199749419347
0.280066055735893	0.9138444217300176
0.28006855924161755	0.9138688582173149
0.280071061657232	0.9138932844095532
0.2800735629833665	0.9139177003124551
0.2800760632206523	0.9139421059317396
0.28007856236972	0.9139665012731214
0.28008106043119974	0.9139908863423111
0.2800835574057203	0.9140152611450159
0.2800860532939112	0.9140396256869389
0.28008854809640116	0.9140639799737789
0.2800910418138186	0.9140883240112312
0.28009353444679047	0.9141126578049873
0.28009602599594435	0.9141369813607345
0.2800985164619073	0.9141612946841562
0.2801010058453057	0.9141855977809321
0.28010349414676505	0.9142098906567379
0.28010598136691095	0.9142341733172452
0.2801084675063688	0.914258445768122
0.2801109525657626	0.9142827080150324
0.2801134365457169	0.9143069600636365
0.2801159194468552	0.9143312019195907
0.2801184012698003	0.914355433588547
0.28012088201517543	0.9143796550761544
0.280123361683603	0.9144038663880573
0.2801258402757043	0.9144280675298962
0.28012831779210123	0.9144522585073085
0.2801307942334147	0.9144764393259269
0.2801332696002653	0.9145006099913807
0.28013574389327267	0.9145247705092955
0.28013821711305714	0.9145489208852922
0.28014068926023694	0.9145730611249889
0.2801431603354323	0.9145971912339993
0.28014563033925927	0.9146213112179332
0.2801480992723379	0.9146454210823967
0.2801505671352843	0.9146695208329924
0.28015303392871566	0.9146936104753185
0.2801554996532489	0.9147176900149694
0.2801579643094998	0.9147417594575362
0.2801604278980841	0.9147658188086056
0.28016289041961706	0.9147898680737611
0.28016535187471275	0.9148139072585818
0.2801678122639865	0.9148379363686431
0.28017027158805147	0.9148619554095168
0.2801727298475214	0.9148859643867706
0.2801751870430095	0.9149099633059691
0.2801776431751277	0.9149339521726721
0.28018009824448836	0.9149579309924363
0.2801825522517036	0.9149818997708141
0.2801850051973838	0.9150058585133547
0.280187457082141	0.915029807225603
0.2801899079065838	0.9150537459131005
0.2801923576713232	0.9150776745813844
0.28019480637696914	0.9151015932359888
0.2801972540241294	0.9151255018824436
0.2801997006134135	0.9151494005262749
0.2802021461454296	0.9151732891730052
0.2802045906207854	0.9151971678281531
0.28020703404008734	0.9152210364972334
0.2802094764039436	0.9152448951857575
0.28021191771295945	0.9152687438992325
0.28021435796774136	0.9152925826431622
0.2802167971688953	0.9153164114230461
0.280219235317026	0.9153402302443808
0.2802216724127379	0.9153640391126586
0.28022410845663553	0.9153878380333678
0.28022654344932324	0.9154116270119934
0.2802289773914034	0.9154354060540166
0.2802314102834793	0.9154591751649149
0.28023384212615415	0.9154829343501618
0.28023627292002945	0.9155066836152272
0.28023870266570683	0.9155304229655775
0.28024113136378787	0.9155541524066753
0.28024355901487313	0.9155778719439789
0.2802459856195632	0.9156015815829437
0.28024841117845795	0.915625281329021
0.28025083569215636	0.9156489711876586
0.2802532591612588	0.9156726511643001
0.2802556815863625	0.9156963212643857
0.2802581029680671	0.9157199814933523
0.28026052330696855	0.9157436318566324
0.28026294260366647	0.9157672723596554
0.28026536085875603	0.9157909030078463
0.2802677780728349	0.9158145238066272
0.2802701942464985	0.9158381347614161
0.28027260938034293	0.9158617358776272
0.28027502347496325	0.9158853271606714
0.2802774365309544	0.9159089086159555
0.280279848548911	0.915932480248883
0.28028225952942637	0.9159560420648536
0.2802846694730948	0.9159795940692629
0.2802870783805083	0.9160031362675036
0.28028948625226113	0.9160266686649644
0.28029189308894487	0.9160501912670302
0.2802942988911509	0.9160737040790822
0.2802967036594717	0.9160972071064983
0.2802991073944973	0.9161207003546524
0.28030151009681914	0.9161441838289148
0.2803039117670265	0.9161676575346527
0.28030631240571074	0.9161911214772286
0.28030871201345886	0.9162145756620024
0.28031111059086183	0.9162380200943296
0.2803135081385072	0.9162614547795627
0.28031590465698325	0.9162848797230501
0.2803183001468781	0.9163082949301367
0.28032069460877784	0.9163317004061637
0.2803230880432705	0.9163550961564692
0.2803254804509421	0.9163784821863867
0.28032787183237795	0.9164018585012472
0.2803302621881649	0.916425225106377
0.28033265151888737	0.9164485820070999
0.2803350398251302	0.916471929208735
0.28033742710747767	0.9164952667165986
0.2803398133665136	0.916518594536003
0.28034219860282195	0.916541912672257
0.28034458281698554	0.9165652211306657
0.28034696600958675	0.9165885199165312
0.2803493481812085	0.9166118090351512
0.2803517293324323	0.9166350884918197
0.28035410946383943	0.9166583582918283
0.2803564885760112	0.9166816184404638
0.2803588666695278	0.9167048689430102
0.28036124374497007	0.9167281098047474
0.28036361980291724	0.9167513410309519
0.2803659948439486	0.916774562626897
0.2803683688686435	0.9167977745978517
0.2803707418775806	0.9168209769490823
0.2803731138713377	0.9168441696858506
0.28037548485049296	0.9168673528134156
0.28037785481562344	0.9168905263370323
0.28038022376730576	0.9169136902619526
0.28038259170611657	0.9169368445934243
0.28038495863263213	0.9169599893366921
0.2803873245474284	0.9169831244969966
0.28038968945108034	0.9170062500795757
0.28039205334416256	0.9170293660896631
0.2803944162272497	0.917052472532489
0.2803967781009162	0.9170755694132806
0.2803991389657356	0.9170986567372609
0.2804014988222807	0.9171217345096496
0.2804038576711244	0.9171448027356631
0.28040621551283995	0.917167861420514
0.2804085723479981	0.9171909105694115
0.2804109281771717	0.9172139501875616
0.28041328300093105	0.9172369802801659
0.2804156368198478	0.9172600008524235
0.28041798963449166	0.9172830119095294
0.2804203414454329	0.9173060134566753
0.280422692253241	0.9173290054990493
0.28042504205848545	0.9173519880418359
0.28042739086173496	0.9173749610902164
0.2804297386635577	0.9173979246493684
0.2804320854645216	0.9174208787244662
0.2804344312651947	0.9174438233206803
0.2804367760661441	0.9174667584431779
0.2804391198679359	0.9174896840971226
0.2804414626711377	0.9175126002876749
0.28044380447631456	0.9175355070199914
0.2804461452840323	0.9175584042992253
0.280448485094856	0.9175812921305266
0.28045082390935083	0.9176041705190413
0.2804531617280807	0.9176270394699125
0.28045549855161017	0.9176498989882795
0.28045783438050226	0.9176727490792784
0.2804601692153206	0.9176955897480416
0.28046250305662784	0.9177184209996981
0.28046483590498655	0.9177412428393733
0.2804671677609584	0.9177640552721895
0.28046949862510523	0.9177868583032656
0.28047182849798813	0.9178096519377166
0.2804741573801681	0.9178324361806539
0.2804764852722052	0.9178552110371867
0.2804788121746604	0.9178779765124191
0.28048113808809194	0.9179007326114531
0.2804834630130601	0.9179234793393867
0.28048578695012344	0.9179462167013142
0.2804881098998402	0.9179689447023273
0.28049043186276895	0.9179916633475133
0.28049275283946645	0.918014372641957
0.2804950728304911	0.9180370725907387
0.2804973918363986	0.9180597631989367
0.28049970985774686	0.9180824444716245
0.28050202689509063	0.9181051164138732
0.28050434294898663	0.9181277790307498
0.2805066580199896	0.9181504323273186
0.2805089721086545	0.9181730763086398
0.28051128521553603	0.9181957109797705
0.2805135973411878	0.9182183363457644
0.28051590848616437	0.9182409524116721
0.28051821865101884	0.9182635591825402
0.2805205278363039	0.9182861566634123
0.2805228360425723	0.9183087448593288
0.28052514327037636	0.918331323775326
0.2805274495202674	0.9183538934164377
0.2805297547927982	0.9183764537876937
0.28053205908851814	0.9183990048941209
0.28053436240797863	0.9184215467407424
0.2805366647517303	0.9184440793325779
0.2805389661203221	0.9184666026746442
0.28054126651430417	0.9184891167719544
0.28054356593422547	0.9185116216295184
0.28054586438063484	0.9185341172523427
0.28054816185408066	0.9185566036454301
0.28055045835511	0.9185790808137807
0.2805527538842715	0.9186015487623906
0.2805550484421119	0.9186240074962532
0.2805573420291777	0.9186464570203579
0.2805596346460161	0.9186688973396913
0.28056192629317284	0.9186913284592362
0.2805642169711931	0.9187137503839725
0.2805665066806222	0.9187361631188764
0.28056879542200547	0.9187585666689212
0.2805710831958872	0.9187809610390761
0.2805733700028117	0.918803346234308
0.28057565584332206	0.9188257222595798
0.28057794071796266	0.918848089119851
0.28058022462727555	0.9188704468200786
0.2805825075718036	0.918892795365215
0.2805847895520887	0.9189151347602104
0.28058707056867416	0.9189374650100108
0.28058935062209944	0.9189597861195601
0.28059162971290663	0.9189820980937977
0.28059390784163635	0.9190044009376603
0.28059618500882877	0.9190266946560813
0.28059846121502413	0.9190489792539903
0.2806007364607618	0.9190712547363143
0.2806030107465807	0.9190935211079766
0.2806052840730198	0.9191157783738974
0.2806075564406176	0.9191380265389931
0.2806098278499126	0.9191602656081775
0.28061209830144207	0.9191824955863611
0.28061436779574234	0.9192047164784506
0.2806166363333518	0.9192269282893496
0.28061890391480704	0.9192491310239586
0.28062117054064284	0.919271324687175
0.2806234362113958	0.9192935092838923
0.2806257009276016	0.9193156848190012
0.28062796468979523	0.9193378512973891
0.2806302274985108	0.9193600087239403
0.28063248935428325	0.9193821571035352
0.2806347502576462	0.9194042964410518
0.28063701020913334	0.9194264267413641
0.28063926920927745	0.9194485480093435
0.28064152725861174	0.9194706602498577
0.28064378435766857	0.919492763467771
0.28064604050698005	0.919514857667945
0.2806482957070779	0.9195369428552379
0.280650549958493	0.9195590190345045
0.280652803261757	0.9195810862105962
0.2806550556174	0.9196031443883615
0.28065730702595265	0.9196251935726458
0.2806595574879444	0.9196472337682909
0.2806618070039046	0.9196692649801353
0.2806640555743633	0.9196912872130147
0.2806663031998477	0.9197133004717616
0.2806685498808871	0.9197353047612047
0.28067079561800967	0.9197573000861697
0.28067304041174246	0.9197792864514799
0.28067528426261334	0.9198012638619542
0.28067752717114863	0.9198232323224088
0.28067976913787546	0.9198451918376568
0.28068201016331973	0.9198671424125082
0.2806842502480065	0.9198890840517694
0.2806864893924624	0.9199110167602439
0.2806887275972121	0.9199329405427318
0.28069096486278017	0.9199548554040303
0.28069320118969093	0.9199767613489334
0.280695436578468	0.9199986583822313
0.28069767102963555	0.9200205465087116
0.2806999045437168	0.920042425733159
0.2807021371212345	0.9200642960603539
0.2807043687627111	0.9200861574950748
0.2807065994686683	0.9201080100420964
0.2807088292396287	0.92012985370619
0.2807110580761132	0.9201516884921244
0.28071328597864337	0.9201735144046644
0.280715512947739	0.9201953314485726
0.2807177389839212	0.9202171396286076
0.28071996408771005	0.9202389389495254
0.28072218825962464	0.9202607294160782
0.2807244115001846	0.9202825110330157
0.28072663380990864	0.9203042838050842
0.2807288551893152	0.9203260477370271
0.28073107563892263	0.9203478028335841
0.28073329515924933	0.9203695490994919
0.28073551375081124	0.9203912865394849
0.2807377314141265	0.920413015158293
0.2807399481497119	0.9204347349606439
0.2807421639580833	0.9204564459512621
0.28074437883975756	0.9204781481348684
0.2807465927952493	0.9204998415161812
0.28074880582507433	0.9205215260999154
0.2807510179297477	0.9205432018907826
0.2807532291097837	0.9205648688934917
0.28075543936569725	0.9205865271127479
0.28075764869800096	0.9206081765532541
0.28075985710720974	0.9206298172197095
0.2807620645938357	0.9206514491168101
0.2807642711583921	0.9206730722492491
0.28076647680139155	0.9206946866217167
0.2807686815233457	0.9207162922388996
0.28077088532476685	0.9207378891054816
0.2807730882061659	0.9207594772261436
0.2807752901680546	0.920781056605563
0.28077749121094264	0.9208026272484142
0.28077969133534086	0.9208241891593689
0.280781890541759	0.9208457423430955
0.28078408883070743	0.9208672868042587
0.28078628620269414	0.920888822547521
0.2807884826582292	0.9209103495775415
0.2807906781978206	0.9209318678989761
0.2807928728219763	0.9209533775164778
0.28079506653120534	0.9209748784346963
0.2807972593260139	0.9209963706582783
0.2807994512069098	0.9210178541918677
0.2808016421743993	0.9210393290401051
0.2808038322289898	0.9210607952076277
0.28080602137118693	0.9210822526990705
0.28080820960149633	0.9211037015190646
0.2808103969204232	0.9211251416722386
0.28081258332847314	0.9211465731632176
0.2808147688261503	0.9211679959966237
0.28081695341395957	0.9211894101770766
0.28081913709240514	0.921210815709192
0.2808213198619899	0.9212322125975833
0.2808235017232171	0.9212536008468606
0.28082568267659025	0.9212749804616306
0.2808278627226125	0.9212963514464976
0.2808300418617848	0.9213177138060623
0.28083222009461034	0.9213390675449227
0.28083439742158955	0.9213604126676739
0.28083657384322486	0.9213817491789074
0.2808387493600162	0.9214030770832122
0.28084092397246435	0.9214243963851743
0.2808430976810695	0.9214457070893761
0.2808452704863328	0.9214670092003975
0.28084744238875176	0.9214883027228152
0.28084961338882597	0.9215095876612032
0.28085178348705525	0.9215308640201317
0.2808539526839372	0.9215521318041687
0.28085612097997015	0.9215733910178789
0.2808582883756524	0.9215946416658239
0.2808604548714804	0.9216158837525628
0.28086262046795246	0.9216371172826503
0.28086478516556457	0.9216583422606399
0.28086694896481296	0.9216795586910812
0.28086911186619473	0.9217007665785204
0.2808712738702044	0.9217219659275017
0.2808734349773379	0.9217431567425656
0.2808755951880909	0.9217643390282496
0.28087775450295693	0.9217855127890888
0.2808799129224314	0.9218066780296147
0.2808820704470074	0.9218278347543561
0.2808842270771795	0.921848982967839
0.28088638281344047	0.9218701226745859
0.28088853765628385	0.9218912538791166
0.28089069160620145	0.9219123765859484
0.28089284466368625	0.9219334907995947
0.28089499682923086	0.9219545965245667
0.28089714810332594	0.9219756937653723
0.28089929848646283	0.9219967825265165
0.28090144797913347	0.9220178628125013
0.28090359658182695	0.9220389346278258
0.28090574429503534	0.9220599979769861
0.2809078911192474	0.9220810528644756
0.28091003705495327	0.9221020992947841
0.2809121821026417	0.9221231372723994
0.2809143262628027	0.9221441668018052
0.28091646953592375	0.9221651878874835
0.2809186119224944	0.9221862005339121
0.2809207534230014	0.922207204745567
0.28092289403793286	0.9222282005269208
0.28092503376777567	0.9222491878824428
0.2809271726130181	0.9222701668165999
0.2809293105741455	0.9222911373338558
0.28093144765164474	0.9223120994386713
0.28093358384600164	0.9223330531355045
0.28093571915770105	0.9223539984288103
0.2809378535872294	0.9223749353230406
0.280939987135071	0.9223958638226448
0.28094211980171097	0.9224167839320687
0.2809442515876337	0.9224376956557564
0.28094638249332204	0.9224585989981475
0.2809485125192612	0.92247949396368
0.2809506416659327	0.9225003805567885
0.2809527699338211	0.9225212587819044
0.28095489732340795	0.9225421286434566
0.2809570238351763	0.922562990145871
0.28095914946960776	0.9225838432935707
0.2809612742271843	0.9226046880909754
0.28096339810838644	0.9226255245425028
0.2809655211136965	0.9226463526525669
0.28096764324359363	0.9226671724255792
0.2809697644985591	0.9226879838659482
0.28097188487907265	0.9227087869780796
0.2809740043856139	0.922729581766376
0.2809761230186628	0.9227503682352375
0.2809782407786975	0.9227711463890609
0.28098035766619706	0.9227919162322405
0.2809824736816402	0.9228126777691674
0.2809845888255039	0.9228334310042302
0.28098670309826657	0.9228541759418142
0.28098881650040625	0.9228749125863022
0.28099092903239864	0.9228956409420738
0.2809930406947217	0.922916361013506
0.2809951514878509	0.9229370728049727
0.28099726141226333	0.9229577763208453
0.28099937046843393	0.9229784715654924
0.2810014786568382	0.9229991585432789
0.28100358597795067	0.923019837258568
0.2810056924322476	0.9230405077157189
0.2810077980202026	0.9230611699190889
0.2810099027422899	0.9230818238730322
0.28101200659898323	0.9231024695818998
0.2810141095907563	0.9231231070500403
0.28101621171808233	0.923143736281799
0.2810183129814332	0.9231643572815191
0.28102041338128225	0.92318497005354
0.281022512918102	0.9232055746021992
0.28102461159236397	0.9232261709318307
0.28102670940453905	0.9232467590467658
0.28102880635509964	0.9232673389513333
0.2810309024445164	0.9232879106498589
0.28103299767325857	0.9233084741466658
0.28103509204179844	0.9233290294460738
0.2810371855506047	0.9233495765524001
0.2810392782001468	0.9233701154699596
0.28104136999089513	0.9233906462030637
0.2810434609233179	0.9234111687560213
0.2810455509978838	0.9234316831331386
0.2810476402150618	0.9234521893387188
0.2810497285753188	0.9234726873770625
0.2810518160791232	0.9234931772524672
0.2810539027269425	0.9235136589692277
0.28105598851924396	0.9235341325316361
0.2810580734564936	0.9235545979439816
0.2810601575391585	0.923575055210551
0.2810622407677046	0.9235955043356276
0.2810643231425977	0.9236159453234928
0.2810664046643025	0.9236363781784243
0.28106848533328604	0.9236568029046973
0.2810705651500117	0.9236772195065844
0.2810726441149443	0.923697627988356
0.2810747222285481	0.9237180283542783
0.28107679949128705	0.9237384206086157
0.2810788759036251	0.9237588047556301
0.28108095146602446	0.9237791807995797
0.28108302617894976	0.9237995487447204
0.2810851000428627	0.9238199085953056
0.28108717305822484	0.9238402603555855
0.2810892452254998	0.9238606040298076
0.28109131654514813	0.9238809396222173
0.28109338701763154	0.9239012671370559
0.2810954566434113	0.9239215865785634
0.28109752542294797	0.9239418979509758
0.2810995933567019	0.9239622012585275
0.2811016604451345	0.923982496505449
0.2811037266887036	0.924002783695969
0.28110579208786973	0.924023062834313
0.2811078566430916	0.9240433339247041
0.2811099203548292	0.9240635969713619
0.2811119832235408	0.9240838519785038
0.2811140452496835	0.9241040989503451
0.2811161064337169	0.9241243378910969
0.28111816677609686	0.9241445688049688
0.2811202262772822	0.924164791696167
0.28112228493773006	0.9241850065688952
0.2811243427578956	0.9242052134273547
0.28112639973823683	0.9242254122757435
0.28112845587920915	0.924245603118257
0.28113051118126864	0.9242657859590881
0.2811325656448702	0.9242859608024272
0.2811346192704696	0.9243061276524611
0.2811366720585218	0.9243262865133748
0.2811387240094808	0.9243464373893502
0.281140775123801	0.9243665802845665
0.28114282540193714	0.9243867152032003
0.28114487484434175	0.9244068421494251
0.2811469234514687	0.9244269611274127
0.28114897122377136	0.9244470721413309
0.2811510181617015	0.9244671751953457
0.2811530642657124	0.9244872702936198
0.28115510953625583	0.9245073574403139
0.28115715397378405	0.9245274366395854
0.2811591975787476	0.9245475078955895
0.2811612403515987	0.9245675712124782
0.28116328229278714	0.9245876265944012
0.2811653234027647	0.924607674045505
0.28116736368198114	0.9246277135699343
0.2811694031308861	0.9246477451718307
0.28117144174992975	0.9246677688553324
0.28117347953956107	0.9246877846245761
0.28117551650022926	0.924707792483695
0.2811775526323838	0.92472779243682
0.2811795879364721	0.9247477844880793
0.28118162241294303	0.9247677686415983
0.28118365606224366	0.9247877449015001
0.28118568888482215	0.9248077132719045
0.2811877208811258	0.9248276737569288
0.2811897520516015	0.9248476263606883
0.28119178239669546	0.9248675710872949
0.2811938119168548	0.9248875079408582
0.28119584061252473	0.9249074369254848
0.2811978684841516	0.9249273580452793
0.2811998955321804	0.924947271304343
0.281201921757057	0.9249671767067749
0.28120394715922514	0.9249870742566711
0.28120597173913053	0.9250069639581256
0.2812079954972165	0.9250268458152289
0.2812100184339282	0.9250467198320695
0.28121204054970783	0.9250665860127333
0.281214061844999	0.925086444361303
0.28121608232024553	0.9251062948818592
0.2812181019758899	0.92512613757848
0.2812201208123744	0.92514597245524
0.2812221388301408	0.925165799516212
0.28122415602963236	0.925185618765466
0.2812261724112891	0.925205430207069
0.2812281879755524	0.9252252338450859
0.28123020272286436	0.9252450296835788
0.2812322166536649	0.925264817726607
0.2812342297683941	0.9252845979782273
0.2812362420674929	0.9253043704424937
0.2812382535514001	0.9253241351234583
0.2812402642205556	0.9253438920251698
0.2812422740753994	0.9253636411516742
0.2812442831163696	0.9253833825070159
0.281246291343904	0.9254031160952356
0.2812482987584424	0.925422841920372
0.2812503053604219	0.9254425599864613
0.2812523111502808	0.9254622702975364
0.2812543161284562	0.9254819728576283
0.28125632029538544	0.9255016676707651
0.28125832365150477	0.9255213547409726
0.2812603261972515	0.9255410340722736
0.2812623279330611	0.9255607056686886
0.2812643288593704	0.9255803695342352
0.2812663289766137	0.9256000256729288
0.2812683282852284	0.9256196740887819
0.28127032678564845	0.9256393147858046
0.28127232447830824	0.9256589477680045
0.28127432136364255	0.9256785730393866
0.28127631744208603	0.9256981906039531
0.28127831271407183	0.9257178004657037
0.28128030718003466	0.9257374026286356
0.28128230084040656	0.9257569970967438
0.28128429369562175	0.9257765838740197
0.2812862857461127	0.9257961629644532
0.28128827699231124	0.9258157343720314
0.2812902674346498	0.9258352981007383
0.28129225707356087	0.9258548541545559
0.28129424590947494	0.9258744025374633
0.2812962339428245	0.9258939432534377
0.28129822117403935	0.9259134763064527
0.2813002076035518	0.9259330017004801
0.2813021932317909	0.9259525194394891
0.2813041780591873	0.9259720295274457
0.2813061620861705	0.9259915319683146
0.28130814531317117	0.9260110267660565
0.2813101277406175	0.9260305139246308
0.28131210936893875	0.9260499934479937
0.2813140901985639	0.9260694653400989
0.2813160702299209	0.9260889296048979
0.28131804946343836	0.926108386246339
0.28132002789954375	0.9261278352683688
0.2813220055386648	0.9261472766749309
0.2813239823812291	0.9261667104699661
0.2813259584276635	0.9261861366574135
0.2813279336783943	0.9262055552412091
0.2813299081338483	0.926224966225286
0.2813318817944514	0.926244369613576
0.2813338546606298	0.9262637654100072
0.2813358267328089	0.9262831536185056
0.28133779801141395	0.9263025342429949
0.2813397684968697	0.9263219072873959
0.2813417381896012	0.9263412727556273
0.28134370709003276	0.9263606306516048
0.28134567519858944	0.926379980979242
0.2813476425156933	0.92639932374245
0.2813496090417693	0.9264186589451372
0.28135157477724015	0.9264379865912094
0.2813535397225293	0.9264573066845702
0.2813555038780589	0.9264766192291205
0.2813574672442519	0.9264959242287589
0.28135942982153045	0.9265152216873814
0.2813613916103161	0.9265345116088812
0.2813633526110308	0.9265537939971497
0.2813653128240956	0.926573068856075
0.28136727224993213	0.9265923361895434
0.2813692308889605	0.9266115960014385
0.28137118874160105	0.9266308482956411
0.28137314580827477	0.9266500930760299
0.28137510208940136	0.926669330346481
0.28137705758539994	0.9266885601108681
0.28137901229669027	0.9267077823730624
0.28138096622369146	0.9267269971369323
0.28138291936682275	0.9267462044063443
0.28138487172650134	0.926765404185162
0.2813868233031466	0.9267845964772466
0.2813887740971767	0.9268037812864572
0.2813907241090085	0.9268229586166499
0.28139267333905965	0.9268421284716787
0.2813946217877474	0.926861290855395
0.28139656945548885	0.9268804457716476
0.28139851634270036	0.9268995932242834
0.2814004624497986	0.9269187332171459
0.28140240777719844	0.9269378657540773
0.2814043523253169	0.9269569908389165
0.28140629609456946	0.9269761084754998
0.2814082390853702	0.9269952186676624
0.2814101812981349	0.9270143214192355
0.28141212273327826	0.9270334167340483
0.2814140633912148	0.927052504615928
0.2814160032723573	0.9270715850686994
0.2814179423771209	0.9270906580961841
0.28141988070591895	0.9271097237022018
0.2814218182591645	0.9271287818905699
0.28142375503727046	0.927147832665103
0.28142569104065024	0.9271668760296136
0.2814276262697149	0.9271859119879112
0.2814295607248786	0.9272049405438039
0.2814314944065514	0.9272239617010963
0.2814334273151454	0.927242975463591
0.28143535945107245	0.9272619818350886
0.2814372908147436	0.9272809808193864
0.28143922140656913	0.9272999724202804
0.28144115122696	0.9273189566415629
0.2814430802763266	0.9273379334870246
0.2814450085550784	0.9273569029604541
0.2814469360636258	0.9273758650656367
0.2814488628023777	0.9273948198063559
0.28145078877174345	0.9274137671863923
0.281452713972132	0.927432707209525
0.2814546384039519	0.9274516398795295
0.28145656206761194	0.9274705652001798
0.28145848496351955	0.9274894831752472
0.2814604070920826	0.9275083938085007
0.2814623284537097	0.9275272971037066
0.2814642490488068	0.9275461930646292
0.28146616887778103	0.92756508169503
0.2814680879410401	0.9275839629986687
0.2814700062389901	0.927602836979302
0.281471923772037	0.9276217036406845
0.28147384054058616	0.9276405629865685
0.281475756545045	0.9276594150207037
0.2814776717858177	0.9276782597468374
0.28147958626330843	0.927697097168715
0.2814814999779246	0.9277159272900788
0.28148341293006857	0.9277347501146693
0.2814853251201454	0.9277535656462245
0.28148723654855967	0.9277723738884798
0.2814891472157147	0.9277911748451682
0.28149105712201394	0.9278099685200207
0.2814929662678607	0.9278287549167661
0.2814948746536586	0.9278475340391298
0.2814967822798091	0.9278663058908359
0.2814986891467152	0.9278850704756059
0.28150059525478016	0.9279038277971583
0.28150250060440457	0.9279225778592102
0.2815044051959907	0.9279413206654757
0.2815063090299401	0.9279600562196667
0.2815082121066526	0.9279787845254929
0.2815101144265313	0.9279975055866615
0.28151201598997505	0.9280162194068772
0.2815139167973846	0.9280349259898429
0.28151581684916027	0.9280536253392582
0.2815177161457018	0.9280723174588216
0.28151961468740916	0.9280910023522281
0.28152151247468055	0.9281096800231711
0.2815234095079161	0.9281283504753415
0.28152530578751395	0.9281470137124277
0.28152720131387265	0.9281656697381158
0.28152909608739096	0.9281843185560896
0.28153099010846605	0.9282029601700307
0.2815328833774964	0.9282215945836182
0.28153477589487846	0.9282402218005289
0.2815366676610101	0.9282588418244374
0.28153855867628824	0.9282774546590159
0.28154044894111024	0.9282960603079341
0.2815423384558709	0.9283146587748596
0.28154422722096767	0.9283332500634579
0.28154611523679546	0.9283518341773916
0.2815480025037509	0.9283704111203214
0.28154988902222877	0.9283889808959055
0.2815517747926241	0.9284075435077999
0.2815536598153315	0.9284260989596584
0.28155554409074657	0.9284446472551321
0.28155742761926233	0.9284631883978702
0.2815593104012736	0.9284817223915196
0.2815611924371741	0.9285002492397244
0.28156307372735756	0.9285187689461268
0.281564954272217	0.9285372815143668
0.281566834072145	0.9285557869480818
0.2815687131275351	0.9285742852509073
0.2815705914387799	0.9285927764264759
0.28157246900627053	0.9286112604784185
0.28157434583040053	0.9286297374103633
0.2815762219115602	0.9286482072259364
0.2815780972501416	0.9286666699287617
0.2815799718465362	0.9286851255224605
0.28158184570113437	0.9287035740106523
0.2815837188143275	0.9287220153969539
0.28158559118650545	0.9287404496849797
0.28158746281805874	0.9287588768783425
0.2815893337093773	0.9287772969806523
0.2815912038608506	0.9287957099955164
0.28159307327286837	0.9288141159265411
0.2815949419458189	0.9288325147773293
0.2815968098800931	0.928850906551482
0.28159867707607716	0.9288692912525981
0.28160054353416114	0.9288876688842738
0.2816024092547329	0.9289060394501036
0.2816042742381797	0.9289244029536793
0.28160613848489013	0.9289427593985906
0.2816080019952505	0.9289611087884247
0.28160986476964867	0.928979451126767
0.28161172680847135	0.9289977864172007
0.281613588112105	0.9290161146633058
0.28161544868093646	0.9290344358686611
0.2816173085153514	0.9290527500368426
0.2816191676157351	0.9290710571714244
0.2816210259824752	0.9290893572759779
0.28162288361595467	0.9291076503540725
0.28162474051656	0.9291259364092755
0.28162659668467616	0.9291442154451519
0.28162845212068643	0.9291624874652641
0.28163030682497664	0.9291807524731726
0.2816321607979298	0.9291990104724356
0.28163401403993016	0.9292172614666093
0.2816358665513617	0.929235505459247
0.281637718332608	0.9292537424539005
0.2816395693840507	0.9292719724541189
0.28164141970607387	0.9292901954634492
0.2816432692990596	0.9293084114854364
0.28164511816339083	0.9293266205236227
0.28164696629944885	0.9293448225815488
0.2816488137076156	0.9293630176627529
0.28165066038827347	0.9293812057707704
0.2816525063418032	0.9293993869091353
0.2816543515685859	0.9294175610813792
0.2816561960690023	0.9294357282910308
0.28165803984343324	0.9294538885416179
0.28165988289225863	0.9294720418366647
0.28166172521585914	0.9294901881796939
0.28166356681461485	0.9295083275742261
0.2816654076889046	0.9295264600237794
0.28166724783910757	0.9295445855318698
0.28166908726560386	0.9295627041020109
0.2816709259687715	0.9295808157377146
0.28167276394899016	0.9295989204424897
0.2816746012066366	0.9296170182198439
0.28167643774209045	0.9296351090732821
0.2816782735557278	0.929653193006307
0.2816801086479284	0.929671270022419
0.28168194301906846	0.9296893401251165
0.28168377666952515	0.929707403317896
0.28168560959967526	0.9297254596042512
0.28168744180989636	0.9297435089876741
0.28168927330056315	0.9297615514716542
0.2816911040720528	0.929779587059679
0.28169293412474206	0.9297976157552337
0.2816947634590048	0.9298156375618014
0.2816965920752173	0.929833652482863
0.2816984199737549	0.9298516605218972
0.2817002471549926	0.9298696616823802
0.2817020736193047	0.9298876559677871
0.28170389936706564	0.9299056433815894
0.28170572439864994	0.9299236239272577
0.2817075487144309	0.9299415976082593
0.28170937231478366	0.9299595644280599
0.28171119520007964	0.9299775243901235
0.28171301737069326	0.9299954774979112
0.28171483882699755	0.9300134237548819
0.2817166595693649	0.9300313631644926
0.28171847959816815	0.9300492957301987
0.2817202989137794	0.9300672214554525
0.28172211751657056	0.9300851403437043
0.28172393540691293	0.9301030523984031
0.2817257525851791	0.9301209576229944
0.28172756905173957	0.9301388560209228
0.281729384806965	0.9301567475956302
0.2817311998512272	0.930174632350556
0.28173301418489655	0.9301925102891382
0.281734827808342	0.9302103814148119
0.28173664072193544	0.9302282457310108
0.2817384529260462	0.9302461032411656
0.28174026442104383	0.9302639539487059
0.2817420752072969	0.9302817978570581
0.281743885285175	0.9302996349696474
0.28174569465504745	0.930317465289896
0.2817475033172821	0.9303352888212246
0.2817493112722482	0.9303531055670516
0.28175111852031354	0.9303709155307932
0.28175292506184557	0.9303887187158635
0.2817547308972127	0.9304065151256741
0.281756536026782	0.9304243047636354
0.28175834045092113	0.9304420876331547
0.2817601441699958	0.9304598637376377
0.2817619471843742	0.9304776330804879
0.2817637494944212	0.9304953956651066
0.28176555110050544	0.9305131514948929
0.2817673520029906	0.9305309005732441
0.28176915220224374	0.9305486429035549
0.2817709516986295	0.9305663784892185
0.2817727504925146	0.9305841073336254
0.2817745485842626	0.9306018294401643
0.2817763459742384	0.930619544812222
0.28177814266280826	0.9306372534531823
0.2817799386503345	0.9306549553664281
0.2817817339371826	0.9306726505553392
0.28178352852371585	0.9306903390232941
0.2817853224102975	0.9307080207736684
0.2817871155972921	0.9307256958098363
0.2817889080850622	0.9307433641351693
0.2817906998739702	0.9307610257530373
0.28179249096437964	0.930778680666808
0.281794281356653	0.9307963288798466
0.2817960710511512	0.9308139703955168
0.281797860048238	0.9308316052171797
0.2817996483482741	0.9308492333481948
0.28180143595162155	0.930866854791919
0.2818032228586411	0.9308844695517073
0.281805009069695	0.9309020776309128
0.28180679458514213	0.9309196790328865
0.2818085794053451	0.9309372737609769
0.28181036353066236	0.930954861818531
0.28181214696145546	0.9309724432088934
0.2818139296980836	0.9309900179354066
0.28181571174090697	0.931007586001411
0.2818174930902853	0.9310251474102451
0.28181927374657667	0.9310427021652452
0.28182105371014043	0.9310602502697457
0.2818228329813354	0.9310777917270786
0.28182461156052047	0.9310953265405743
0.2818263894480533	0.9311128547135605
0.28182816664429283	0.9311303762493632
0.281829943149596	0.9311478911513068
0.28183171896432074	0.9311653994227127
0.28183349408882413	0.9311829010669009
0.2818352685234633	0.9312003960871892
0.281837042268596	0.9312178844868931
0.2818388153245777	0.9312353662693263
0.281840587691766	0.9312528414378005
0.28184235937051577	0.9312703099956251
0.2818441303611842	0.9312877719461076
0.2818459006641261	0.9313052272925533
0.28184767027969687	0.9313226760382659
0.2818494392082534	0.9313401181865463
0.2818512074501481	0.9313575537406941
0.28185297500573864	0.9313749827040062
0.281854741875378	0.9313924050797782
0.281856508059421	0.931409820871303
0.28185827355822035	0.9314272300818718
0.28186003837213225	0.9314446327147734
0.2818618025015095	0.9314620287732953
0.2818635659467051	0.931479418260722
0.281865328708072	0.9314968011803368
0.2818670907859644	0.9315141775354208
0.28186885218073465	0.9315315473292523
0.28187061289273474	0.9315489105651085
0.2818723729223172	0.9315662672462642
0.2818741322698344	0.9315836173759924
0.28187589093563803	0.9316009609575636
0.2818776489200795	0.9316182979942468
0.2818794062235108	0.9316356284893086
0.2818811628462824	0.9316529524460138
0.28188291878874616	0.931670269867625
0.281884674051252	0.9316875807574028
0.28188642863415014	0.9317048851186064
0.28188818253779224	0.9317221829544916
0.28188993576252663	0.9317394742683138
0.2818916883087053	0.9317567590633251
0.28189344017667556	0.9317740373427766
0.2818951913667881	0.9317913091099165
0.281896941879392	0.9318085743679917
0.28189869171483567	0.9318258331202466
0.28190044087346894	0.9318430853699238
0.28190218935563877	0.9318603311202639
0.28190393716169415	0.9318775703745056
0.281905684291983	0.9318948031358855
0.2819074307468539	0.9319120294076378
0.28190917652665304	0.9319292491929956
0.2819109216317289	0.9319464624951893
0.2819126660624285	0.9319636693174473
0.2819144098190983	0.9319808696629966
0.2819161529020852	0.9319980635350615
0.28191789531173567	0.9320152509368649
0.28191963704839573	0.932032431871627
0.2819213781124122	0.932049606342567
0.28192311850413015	0.9320667743529012
0.2819248582238953	0.9320839359058444
0.2819265972720535	0.9321010910046091
0.2819283356489487	0.9321182396524067
0.2819300733549275	0.9321353818524449
0.2819318103903328	0.9321525176079313
0.2819335467555106	0.9321696469220704
0.28193528245080424	0.932186769798065
0.2819370174765584	0.932203886239116
0.28193875183311656	0.9322209962484219
0.28194048552082224	0.9322380998291802
0.2819422185400189	0.9322551969845855
0.28194395089104995	0.9322722877178307
0.28194568257425745	0.932289372032107
0.28194741358998515	0.9323064499306033
0.28194914393857506	0.9323235214165067
0.28195087362036986	0.9323405864930021
0.2819526026357106	0.9323576451632728
0.2819543309849405	0.9323746974305002
0.2819560586684006	0.932391743297863
0.28195778568643187	0.932408782768539
0.28195951203937675	0.9324258158457032
0.28196123772757403	0.9324428425325291
0.281962962751367	0.9324598628321878
0.2819646871110937	0.9324768767478495
0.2819664108070961	0.9324938842826808
0.28196813383971375	0.9325108854398478
0.2819698562092877	0.9325278802225139
0.28197157791615585	0.9325448686338409
0.28197329896065854	0.9325618506769884
0.28197501934313474	0.9325788263551141
0.2819767390639237	0.9325957956713742
0.2819784581233642	0.9326127586289221
0.28198017652179386	0.9326297152309103
0.28198189425955233	0.9326466654804886
0.28198361133697736	0.9326636093808048
0.28198532775440777	0.9326805469350054
0.2819870435121791	0.9326974781462345
0.28198875861063094	0.9327144030176345
0.2819904730500987	0.9327313215523455
0.28199218683092125	0.9327482337535062
0.28199389995343466	0.9327651396242531
0.28199561241797566	0.9327820391677207
0.28199732422488016	0.9327989323870416
0.28199903537448506	0.9328158192853466
0.2820007458671261	0.9328326998657646
0.2820024557031392	0.9328495741314222
0.2820041648828601	0.9328664420854447
0.28200587340662303	0.9328833037309551
0.2820075812747647	0.9329001590710745
0.2820092884876187	0.9329170081089222
0.2820109950455211	0.9329338508476152
0.28201270094880476	0.9329506872902692
0.28201440619780543	0.9329675174399977
0.2820161107928564	0.9329843412999124
0.28201781473429216	0.9330011588731225
0.2820195180224451	0.9330179701627364
0.28202122065764973	0.9330347751718596
0.2820229226402396	0.9330515739035959
0.2820246239705468	0.9330683663610478
0.28202632464890465	0.9330851525473154
0.28202802467564486	0.9331019324654968
0.28202972405110177	0.9331187061186882
0.2820314227756055	0.9331354735099844
0.28203312084948834	0.9331522346424779
0.2820348182730832	0.9331689895192594
0.28203651504672067	0.9331857381434177
0.2820382111707324	0.9332024805180393
0.28203990664544937	0.93321921664621
0.2820416014712021	0.9332359465310123
0.2820432956483227	0.9332526701755277
0.28204498917713994	0.9332693875828353
0.2820466820579851	0.9332860987560131
0.2820483742911878	0.9333028036981362
0.28205006587707754	0.9333195024122785
0.2820517568159854	0.9333361949015118
0.28205344710823876	0.9333528811689061
0.28205513675416866	0.9333695612175293
0.28205682575410307	0.9333862350504479
0.2820585141083713	0.933402902670726
0.28206020181730135	0.9334195640814262
0.28206188888122236	0.9334362192856089
0.2820635753004623	0.9334528682863329
0.2820652610753489	0.9334695110866552
0.2820669462062098	0.9334861476896306
0.28206863069337246	0.9335027780983122
0.2820703145371656	0.933519402315751
0.28207199773791475	0.933536020344997
0.2820736802959469	0.9335526321890975
0.2820753622115895	0.9335692378510979
0.282077043485169	0.933585837334042
0.2820787241170118	0.9336024306409721
0.28208040410744334	0.9336190177749281
0.28208208345678953	0.9336355987389482
0.2820837621653773	0.9336521735360689
0.2820854402335304	0.9336687421693245
0.2820871176615749	0.9336853046417478
0.2820887944498369	0.9337018609563695
0.28209047059863923	0.933718411116219
0.28209214610830835	0.9337349551243229
0.282093820979168	0.933751492983707
0.2820954952115423	0.9337680246973942
0.28209716880575486	0.9337845502684065
0.28209884176213024	0.9338010696997635
0.2821005140809924	0.933817582994483
0.2821021857626638	0.9338340901555814
0.2821038568074682	0.9338505911860725
0.2821055272157289	0.9338670860889692
0.28210719698776776	0.9338835748672817
0.2821088661239079	0.9339000575240188
0.28211053462447183	0.9339165340621877
0.28211220248978225	0.9339330044847929
0.28211386972016045	0.933949468794838
0.2821155363159279	0.9339659269953245
0.28211720227740705	0.933982379089252
0.2821188676049192	0.9339988250796178
0.28212053229878536	0.9340152649694183
0.2821221963593254	0.9340316987616476
0.28212385978686166	0.9340481264592977
0.2821255225817146	0.9340645480653591
0.2821271847442037	0.9340809635828208
0.2821288462746489	0.9340973730146693
0.282130507173372	0.9341137763638899
0.28213216744069064	0.9341301736334654
0.2821338270769264	0.9341465648263776
0.2821354860823967	0.9341629499456058
0.2821371444574215	0.9341793289941279
0.28213880220232057	0.9341957019749197
0.2821404593174117	0.9342120688909554
0.28214211580301335	0.9342284297452075
0.2821437716594442	0.9342447845406466
0.2821454268870224	0.9342611332802411
0.2821470814860663	0.934277475966958
0.2821487354568933	0.9342938126037624
0.28215038879982135	0.934310143193618
0.2821520415151666	0.9343264677394859
0.28215369360324705	0.934342786244326
0.28215534506437984	0.934359098711096
0.28215699589888127	0.9343754051427523
0.28215864610706837	0.9343917055422493
0.28216029568925693	0.9344079999125391
0.28216194464576316	0.934424288256573
0.2821635929769038	0.9344405705772998
0.28216524068299376	0.9344568468776664
0.28216688776434834	0.9344731171606183
0.2821685342212845	0.9344893814290992
0.28217018005411676	0.9345056396860509
0.2821718252631576	0.9345218919344135
0.28217346984872554	0.934538138177125
0.28217511381113314	0.9345543784171222
0.28217675715069507	0.9345706126573393
0.2821783998677245	0.9345868409007098
0.28218004196253765	0.9346030631501644
0.28218168343544664	0.9346192794086325
0.28218332428676524	0.9346354896790418
0.2821849645168074	0.9346516939643181
0.2821866041258856	0.9346678922673854
0.28218824311431373	0.934684084591166
0.28218988148240337	0.9347002709385801
0.28219151923046837	0.9347164513125469
0.28219315635882025	0.9347326257159829
0.282194792867771	0.9347487941518037
0.28219642875763395	0.9347649566229225
0.2821980640287194	0.934781113132251
0.2821996986813392	0.934797263682699
0.2822013327158069	0.9348134082771745
0.2822029661324303	0.9348295469185846
0.2822045989315227	0.9348456796098328
0.28220623111339427	0.934861806353823
0.2822078626783551	0.9348779271534557
0.2822094936267175	0.9348940420116306
0.28221112395878994	0.9349101509312449
0.2822127536748833	0.9349262539151947
0.2822143827753064	0.934942350966374
0.28221601126037016	0.9349584420876754
0.28221763913038317	0.9349745272819893
0.2822192663856553	0.9349906065522045
0.2822208930264956	0.9350066799012078
0.2822225190532123	0.9350227473318853
0.28222414446611394	0.9350388088471202
0.2822257692655107	0.9350548644497942
0.28222739345170955	0.9350709141427878
0.28222901702501896	0.935086957928979
0.2822306399857459	0.9351029958112448
0.2822322623341997	0.9351190277924599
0.282233884070687	0.9351350538754977
0.28223550519551455	0.9351510740632295
0.28223712570899	0.935167088358525
0.2822387456114212	0.9351830967642523
0.2822403649031135	0.9351990992832774
0.28224198358437463	0.9352150959184651
0.2822436016555108	0.9352310866726778
0.28224521911682726	0.9352470715487771
0.28224683596863076	0.935263050549622
0.28224845221122735	0.9352790236780701
0.28225006784492235	0.9352949909369775
0.28225168287001995	0.9353109523291985
0.2822532972868275	0.9353269078575849
0.28225491109564915	0.9353428575249879
0.2822565242967892	0.9353588013342566
0.2822581368905526	0.935374739288238
0.2822597488772442	0.9353906713897778
0.28226136025716814	0.93540659764172
0.2822629710306281	0.9354225180469065
0.28226458119792824	0.9354384326081777
0.2822661907593724	0.9354543413283729
0.28226779971526456	0.9354702442103283
0.28226940806590634	0.9354861412568798
0.28227101581160274	0.9355020324708607
0.2822726229526555	0.935517917855103
0.2822742294893682	0.935533797412437
0.282275835422043	0.9355496711456911
0.2822774407509819	0.9355655390576917
0.28227904547648763	0.9355814011512646
0.2822806495988626	0.9355972574292325
0.2822822531184074	0.9356131078944177
0.28228385603542494	0.9356289525496396
0.2822854583502156	0.935644791397717
0.2822870600630817	0.935660624441466
0.2822886611743232	0.935676451683702
0.2822902616842416	0.9356922731272377
0.28229186159313685	0.9357080887748851
0.28229346090131024	0.9357238986294536
0.2822950596090626	0.9357397026937516
0.2822966577166921	0.9357555009705857
0.28229825522450097	0.9357712934627601
0.28229985213278713	0.9357870801730782
0.28230144844185123	0.9358028611043415
0.2823030441519922	0.9358186362593498
0.28230463926350996	0.9358344056409007
0.28230623377670183	0.9358501692517908
0.282307827691868	0.9358659270948149
0.2823094210093068	0.9358816791727655
0.28231101372931733	0.9358974254884344
0.2823126058521964	0.9359131660446111
0.28231419737824276	0.9359289008440834
0.2823157883077541	0.9359446298896379
0.28231737864102935	0.9359603531840588
0.2823189683783641	0.9359760707301293
0.2823205575200568	0.935991782530631
0.28232214606640454	0.9360074885883426
0.28232373401770416	0.9360231889060429
0.2823253213742526	0.9360388834865075
0.2823269081363463	0.9360545723325117
0.2823284943042814	0.9360702554468279
0.28233007987835423	0.9360859328322277
0.2823316648588609	0.9361016044914804
0.28233324924609776	0.9361172704273542
0.28233483304035956	0.9361329306426152
0.28233641624194233	0.9361485851400283
0.28233799885114197	0.9361642339223563
0.28233958086825156	0.9361798769923605
0.2823411622935693	0.9361955143528006
0.28234274312738594	0.9362111460064348
0.28234432336999943	0.9362267719560192
0.28234590302170254	0.9362423922043086
0.2823474820827896	0.9362580067540561
0.2823490605535549	0.9362736156080133
0.28235063843429226	0.9362892187689295
0.28235221572529534	0.9363048162395532
0.28235379242685743	0.9363204080226307
0.28235536853927157	0.9363359941209071
0.2823569440628317	0.936351574537125
0.2823585189978299	0.9363671492740265
0.2823600933445595	0.9363827183343515
0.28236166710331345	0.936398281720838
0.28236324027438187	0.9364138394362227
0.2823648128580596	0.9364293914832408
0.2823663848546374	0.9364449378646252
0.28236795626440786	0.936460478583108
0.28236952708766183	0.9364760136414194
0.2823710973246909	0.9364915430422873
0.2823726669757862	0.9365070667884394
0.2823742360412401	0.9365225848826
0.2823758045213422	0.9365380973274929
0.28237737241638355	0.9365536041258404
0.2823789397266543	0.9365691052803626
0.28238050645244617	0.9365846007937783
0.2823820725940483	0.9366000906688045
0.2823836381517505	0.9366155749081562
0.2823852031258443	0.9366310535145478
0.2823867675166171	0.9366465264906912
0.28238833132435953	0.9366619938392972
0.28238989454936125	0.9366774555630747
0.2823914571919108	0.9366929116647309
0.2823930192522977	0.9367083621469715
0.28239458073080953	0.9367238070125008
0.2823961416277364	0.9367392462640213
0.2823977019433657	0.9367546799042338
0.28239926167798574	0.9367701079358374
0.28240082083188606	0.9367855303615298
0.2824023794053518	0.9368009471840075
0.2824039373986728	0.9368163584059646
0.28240549481213667	0.9368317640300938
0.28240705164602914	0.9368471640590866
0.28240860790063854	0.9368625584956326
0.28241016357625176	0.9368779473424196
0.28241171867315545	0.9368933306021341
0.2824132731916363	0.9369087082774611
0.28241482713198107	0.9369240803710839
0.28241638049447537	0.9369394468856836
0.2824179332794057	0.9369548078239407
0.28241948548705786	0.9369701631885335
0.2824210371177181	0.936985512982139
0.2824225881716712	0.9370008572074321
0.28242413864920307	0.9370161958670865
0.2824256885505991	0.9370315289637745
0.28242723787614415	0.9370468565001663
0.28242878662612214	0.937062178478931
0.2824303348008199	0.9370774949027356
0.28243188240051964	0.937092805774246
0.28243342942550764	0.9371081110961264
0.28243497587606686	0.9371234108710389
0.2824365217524816	0.937138705101645
0.2824380670550355	0.9371539937906036
0.28243961178401306	0.9371692769405727
0.282441155939697	0.9371845545542082
0.2824426995223696	0.9371998266341653
0.2824442425323167	0.9372150931830964
0.28244578496981887	0.9372303542036535
0.2824473268351597	0.9372456096984861
0.2824488681286221	0.9372608596702426
0.2824504088504883	0.9372761041215697
0.28245194900103954	0.9372913430551125
0.282453488580559	0.937306576473515
0.28245502758932933	0.9373218043794186
0.2824565660276307	0.937337026775464
0.2824581038957448	0.9373522436642904
0.2824596411939531	0.9373674550485346
0.28246117792253855	0.9373826609308326
0.2824627140817795	0.9373978613138186
0.2824642496719585	0.9374130562001249
0.2824657846933568	0.937428245592383
0.282467319146253	0.937443429493222
0.2824688530309287	0.9374586079052702
0.28247038634766375	0.9374737808311536
0.28247191909673813	0.9374889482734972
0.28247345127843204	0.9375041102349242
0.28247498289302436	0.9375192667180564
0.28247651394079526	0.9375344177255137
0.2824780444220242	0.9375495632599149
0.28247957433698934	0.9375647033238769
0.28248110368597107	0.9375798379200151
0.2824826324692464	0.9375949670509439
0.28248416068709575	0.9376100907192748
0.28248568833979587	0.9376252089276196
0.2824872154276263	0.9376403216785869
0.28248874195086504	0.9376554289747847
0.28249026790978987	0.937670530818819
0.28249179330467833	0.9376856272132948
0.282493318135807	0.9377007181608148
0.28249484240345635	0.9377158036639809
0.28249636610790013	0.9377308837253928
0.2824978892494175	0.9377459583476493
0.28249941182828553	0.9377610275333469
0.2825009338447802	0.9377760912850813
0.28250245529917845	0.9377911496054464
0.28250397619175593	0.9378062024970345
0.2825054965227896	0.9378212499624361
0.2825070162925549	0.9378362920042409
0.2825085355013291	0.9378513286250363
0.2825100541493863	0.9378663598274085
0.28251157223700296	0.9378813856139424
0.2825130897644544	0.937896405987221
0.2825146067320157	0.9379114209498258
0.2825161231399628	0.9379264305043368
0.2825176389885683	0.937941434653333
0.28251915427810936	0.9379564333993909
0.28252066900885914	0.9379714267450865
0.2825221831810923	0.9379864146929935
0.28252369679508366	0.9380013972456841
0.28252520985110613	0.9380163744057298
0.282526722349435	0.9380313461756995
0.28252823429034263	0.9380463125581615
0.2825297456741038	0.9380612735556817
0.2825312565009904	0.9380762291708256
0.28253276677127687	0.9380911794061562
0.2825342764852356	0.9381061242642351
0.2825357856431406	0.938121063747623
0.2825372942452628	0.9381359978588785
0.2825388022918759	0.938150926600559
0.2825403097832519	0.9381658499752203
0.28254181671966355	0.9381807679854166
0.28254332310138147	0.9381956806337007
0.28254482892867955	0.938210587922624
0.28254633420182795	0.938225489854736
0.2825478389210989	0.938240386432585
0.28254934308676394	0.9382552776587177
0.2825508466990932	0.9382701635356797
0.2825523497583591	0.9382850440660145
0.282553852264831	0.9382999192522645
0.28255535421878164	0.93831478909697
0.28255685562047994	0.9383296536026706
0.2825583564701967	0.938344512771904
0.28255985676820233	0.9383593666072064
0.2825613565147665	0.9383742151111129
0.28256285571015877	0.9383890582861562
0.2825643543546501	0.9384038961348684
0.2825658524485098	0.9384187286597795
0.28256734999200656	0.9384335558634186
0.2825688469854099	0.9384483777483131
0.2825703434289888	0.9384631943169883
0.282571839323012	0.938478005571969
0.2825733346677488	0.9384928115157777
0.2825748294634674	0.9385076121509361
0.28257632371043584	0.9385224074799636
0.28257781740892296	0.9385371975053791
0.2825793105591966	0.938551982229699
0.28258080316152523	0.9385667616554388
0.28258229521617506	0.9385815357851129
0.2825837867234152	0.9385963046212331
0.2825852776835133	0.9386110681663108
0.28258676809673494	0.9386258264228553
0.28258825796334874	0.9386405793933749
0.28258974728362085	0.9386553270803758
0.2825912360578182	0.9386700694863632
0.2825927242862082	0.9386848066138408
0.28259421196905576	0.9386995384653105
0.2825956991066284	0.9387142650432732
0.28259718569919184	0.938728986350228
0.28259867174701164	0.9387437023886724
0.2826001572503541	0.9387584131611029
0.28260164220948497	0.938773118670014
0.2826031266246695	0.9387878189178996
0.2826046104961736	0.9388025139072507
0.2826060938242614	0.9388172036405583
0.2826075766091975	0.9388318881203115
0.28260905885124893	0.9388465673489969
0.2826105405506777	0.9388612413291012
0.28261202170774996	0.9388759100631088
0.2826135023227305	0.9388905735535026
0.2826149823958822	0.9389052318027643
0.28261646192747003	0.9389198848133741
0.2826179409177567	0.9389345325878107
0.2826194193670074	0.9389491751285512
0.28262089727548506	0.9389638124380715
0.28262237464345225	0.9389784445188463
0.2826238514711732	0.9389930713733479
0.28262532775891075	0.939007693004048
0.28262680350692754	0.9390223094134166
0.28262827871548624	0.9390369206039222
0.28262975338485063	0.939051526578032
0.28263122751528136	0.9390661273382114
0.28263270110704225	0.9390807228869249
0.2826341741603946	0.939095313226635
0.28263564667560054	0.9391098983598031
0.28263711865292046	0.9391244782888893
0.28263859009261827	0.9391390530163517
0.2826400609949547	0.9391536225446473
0.2826415313601901	0.9391681868762317
0.2826430011885878	0.9391827460135592
0.2826444704804062	0.9391972999590823
0.28264593923590786	0.9392118487152522
0.2826474074553524	0.9392263922845189
0.28264887513900133	0.9392409306693302
0.2826503422871145	0.9392554638721337
0.28265180889995156	0.9392699918953747
0.2826532749777736	0.9392845147414972
0.28265474052084	0.9392990324129435
0.28265620552941073	0.9393135449121555
0.28265767000374536	0.9393280522415722
0.2826591339441031	0.9393425544036326
0.282660597350743	0.9393570514007732
0.28266206022392437	0.9393715432354298
0.2826635225639063	0.9393860299100363
0.2826649843709475	0.9394005114270252
0.28266644564530674	0.9394149877888279
0.28266790638724226	0.9394294589978742
0.2826693665970122	0.9394439250565926
0.2826708262748753	0.9394583859674097
0.28267228542108974	0.9394728417327511
0.28267374403591183	0.9394872923550415
0.2826752021196009	0.9395017378367029
0.2826766596724142	0.9395161781801568
0.28267811669460846	0.9395306133878232
0.28267957318644144	0.9395450434621203
0.28268102914817056	0.9395594684054654
0.2826824845800521	0.9395738882202743
0.2826839394823421	0.9395883029089608
0.2826853938552988	0.9396027124739378
0.28268684769917757	0.9396171169176171
0.28268830101423476	0.9396315162424081
0.28268975380072703	0.9396459104507199
0.28269120605891057	0.9396602995449592
0.2826926577890399	0.9396746835275323
0.28269410899137226	0.9396890624008432
0.282695559666162	0.939703436167295
0.2826970098136653	0.9397178048292892
0.28269845943413713	0.939732168389226
0.2826999085278321	0.9397465268495041
0.2827013570950054	0.9397608802125211
0.28270280513591206	0.9397752284806727
0.2827042526508057	0.9397895716563537
0.2827056996399424	0.9398039097419573
0.2827071461035758	0.9398182427398747
0.2827085920419594	0.9398325706524968
0.2827100374553474	0.9398468934822127
0.28271148234399424	0.9398612112314098
0.28271292670815307	0.9398755239024742
0.28271437054807697	0.9398898314977907
0.2827158138640207	0.9399041340197432
0.2827172566562364	0.939918431470713
0.28271869892497753	0.9399327238530812
0.28272014067049617	0.9399470111692274
0.2827215818930467	0.9399612934215288
0.28272302259287946	0.939975570612362
0.2827244627702497	0.9399898427441026
0.2827259024254075	0.9400041098191237
0.28272734155860585	0.9400183718397981
0.28272878017009717	0.9400326288084965
0.2827302182601323	0.9400468807275887
0.28273165582896376	0.9400611275994428
0.2827330928768432	0.9400753694264254
0.2827345294040208	0.9400896062109024
0.28273596541074886	0.9401038379552377
0.28273740089727856	0.9401180646617937
0.28273883586385984	0.940132286332932
0.2827402703107449	0.9401465029710127
0.2827417042381833	0.9401607145783939
0.28274313764642556	0.9401749211574332
0.28274457053572316	0.9401891227104862
0.2827460029063249	0.9402033192399075
0.2827474347584812	0.9402175107480503
0.28274886609244204	0.9402316972372662
0.2827502969084577	0.9402458787099054
0.28275172720677677	0.9402600551683172
0.28275315698764947	0.9402742266148489
0.2827545862513252	0.9402883930518471
0.2827560149980526	0.9403025544816567
0.2827574432280804	0.9403167109066208
0.2827588709416575	0.940330862329082
0.2827602981390336	0.940345008751381
0.28276172482045636	0.9403591501758574
0.2827631509861739	0.9403732866048491
0.28276457663643517	0.9403874180406927
0.2827660017714878	0.9404015444857241
0.2827674263915803	0.9404156659422769
0.28276885049695966	0.9404297824126838
0.28277027408787386	0.9404438938992765
0.2827716971645704	0.9404580004043845
0.28277311972729763	0.9404721019303367
0.2827745417763013	0.9404861984794605
0.28277596331182825	0.9405002900540812
0.2827773843341272	0.940514376656524
0.28277880484344314	0.940528458289112
0.282780224840023	0.940542534954167
0.2827816443241139	0.9405566066540096
0.28278306329596253	0.9405706733909587
0.28278448175581344	0.9405847351673325
0.2827858997039138	0.9405987919854474
0.28278731714050886	0.9406128438476185
0.28278873406584515	0.9406268907561595
0.2827901504801672	0.940640932713383
0.28279156638372216	0.9406549697216002
0.2827929817767532	0.9406690017831209
0.2827943966595059	0.9406830289002536
0.28279581103222634	0.9406970510753052
0.28279722489515924	0.9407110683105815
0.2827986382485483	0.940725080608387
0.2828000510926381	0.940739087971025
0.2828014634276744	0.940753090400797
0.28280287525390024	0.9407670879000036
0.2828042865715596	0.9407810804709442
0.2828056973808975	0.9407950681159161
0.2828071076821568	0.940809050837216
0.28280851747558117	0.9408230286371391
0.282809926761415	0.9408370015179789
0.28281133553990134	0.9408509694820281
0.28281274381128246	0.9408649325315778
0.2828141515758015	0.940878890668918
0.28281555883370335	0.9408928438963369
0.2828169655852294	0.940906792216122
0.2828183718306222	0.9409207356305588
0.2828197775701247	0.9409346741419321
0.282821182803978	0.9409486077525251
0.2828225875324261	0.9409625364646196
0.28282399175571016	0.9409764602804962
0.2828253954740724	0.9409903792024342
0.2828267986877535	0.9410042932327116
0.28282820139699716	0.9410182023736047
0.28282960360204346	0.9410321066273892
0.28283100530313376	0.9410460059963389
0.2828324065005097	0.9410599004827265
0.28283380719441226	0.9410737900888234
0.28283520738508183	0.9410876748168998
0.28283660707275904	0.9411015546692243
0.28283800625768635	0.9411154296480643
0.28283940494010223	0.9411292997556858
0.2828408031202481	0.941143164994354
0.2828422007983639	0.9411570253663323
0.2828435979746885	0.9411708808738829
0.282844994649464	0.9411847315192665
0.2828463908229288	0.9411985773047427
0.28284778649532255	0.9412124182325702
0.2828491816668852	0.9412262543050055
0.2828505763378551	0.9412400855243048
0.28285197050847294	0.9412539118927221
0.28285336417897666	0.9412677334125108
0.2828547573496044	0.9412815500859224
0.2828561500205985	0.9412953619152075
0.28285754219219295	0.9413091689026154
0.2828589338646291	0.9413229710503941
0.28286032503814496	0.9413367683607897
0.2828617157129777	0.9413505608360481
0.28286310588936603	0.9413643484784131
0.28286449556754856	0.9413781312901274
0.2828658847477619	0.9413919092734324
0.282867273430244	0.9414056824305683
0.28286866161523244	0.941419450763774
0.28287004930296483	0.9414332142752869
0.28287143649367785	0.9414469729673437
0.2828728231876093	0.941460726842179
0.28287420938499536	0.9414744759020265
0.28287559508607335	0.9414882201491187
0.2828769802910798	0.9415019595856869
0.2828783650002503	0.9415156942139611
0.2828797492138218	0.9415294240361692
0.2828811329320314	0.9415431490545391
0.2828825161551144	0.9415568692712964
0.28288389888330695	0.9415705846886662
0.2828852811168441	0.9415842953088718
0.28288666285596353	0.9415980011341352
0.28288804410089785	0.9416117021666777
0.28288942485188456	0.9416253984087184
0.28289080510915765	0.941639089862476
0.2828921848729535	0.9416527765301673
0.28289356414350564	0.9416664584140085
0.28289494292105033	0.9416801355162138
0.28289632120582153	0.9416938078389965
0.282897698998054	0.9417074753845684
0.2828990762979813	0.9417211381551406
0.28290045310583856	0.9417347961529223
0.2829018294218599	0.9417484493801217
0.28290320524627877	0.9417620978389457
0.28290458057932955	0.9417757415315999
0.282905955421246	0.9417893804602886
0.2829073297722612	0.941803014627215
0.28290870363260795	0.9418166440345812
0.2829100770025211	0.9418302686845873
0.2829114498822337	0.9418438885794326
0.2829128222719773	0.9418575037213156
0.2829141941719858	0.9418711141124327
0.2829155655824919	0.9418847197549794
0.2829169365037278	0.9418983206511504
0.2829183069359256	0.9419119168031383
0.28291967687931946	0.9419255082131349
0.2829210463341392	0.9419390948833309
0.2829224153006187	0.9419526768159153
0.28292378377898864	0.9419662540130763
0.28292515176948185	0.9419798264770003
0.28292651927232854	0.9419933942098732
0.2829278862877623	0.9420069572138788
0.28292925281601194	0.9420205154912005
0.2829306188573111	0.9420340690440195
0.2829319844118896	0.9420476178745165
0.282933349479978	0.9420611619848711
0.2829347140618084	0.9420747013772607
0.2829360781576097	0.9420882360538625
0.28293744176761443	0.9421017660168516
0.28293880489205153	0.9421152912684025
0.2829401675311524	0.942128811810688
0.28294152968514613	0.9421423276458798
0.2829428913542629	0.9421558387761486
0.2829442525387332	0.9421693452036637
0.2829456132387867	0.9421828469305926
0.2829469734546519	0.9421963439591028
0.28294833318655893	0.9422098362913596
0.28294969243473783	0.9422233239295269
0.28295105119941666	0.9422368068757683
0.28295240948082506	0.9422502851322453
0.28295376727919197	0.9422637587011183
0.2829551245947453	0.9422772275845472
0.282956481427715	0.9422906917846898
0.2829578377783285	0.942304151303703
0.2829591936468151	0.9423176061437425
0.28296054903340206	0.9423310563069626
0.28296190393831855	0.9423445017955164
0.2829632583617906	0.9423579426115564
0.2829646123040487	0.9423713787572328
0.2829659657653187	0.9423848102346952
0.28296731874582925	0.9423982370460918
0.28296867124580655	0.9424116591935698
0.28297002326547843	0.942425076679275
0.28297137480507245	0.9424384895053519
0.28297272586481576	0.9424518976739439
0.2829740764449341	0.9424653011871934
0.28297542654565555	0.9424787000472409
0.2829767761672058	0.9424920942562263
0.28297812530981126	0.9425054838162882
0.282979473973699	0.9425188687295634
0.2829808221590947	0.9425322489981884
0.28298216986622515	0.9425456246242979
0.2829835170953156	0.9425589956100253
0.28298486384659177	0.9425723619575035
0.2829862101202804	0.942585723668863
0.282987555916605	0.942599080746234
0.2829889012357936	0.9426124331917454
0.2829902460780699	0.9426257810075245
0.2829915904436586	0.942639124195698
0.28299293433278583	0.9426524627583905
0.28299427774567626	0.942665796697726
0.2829956206825545	0.9426791260158274
0.2829969631436451	0.9426924507148161
0.2829983051291724	0.9427057707968122
0.28299964663936156	0.9427190862639345
0.28300098767443543	0.9427323971183016
0.2830023282346188	0.9427457033620298
0.28300366832013657	0.942759004997234
0.2830050079312115	0.9427723020260294
0.2830063470680668	0.9427855944505281
0.28300768573092805	0.9427988822728423
0.2830090239200163	0.9428121654950826
0.283010361635556	0.9428254441193585
0.28301169887777045	0.9428387181477781
0.2830130356468832	0.9428519875824484
0.28301437194311585	0.9428652524254753
0.2830157077666915	0.9428785126789633
0.2830170431178332	0.942891768345016
0.28301837799676416	0.9429050194257353
0.2830197124037051	0.9429182659232225
0.2830210463388792	0.9429315078395776
0.28302237980250883	0.9429447451768986
0.2830237127948156	0.9429579779372834
0.28302504531602146	0.9429712061228284
0.28302637736634745	0.9429844297356285
0.2830277089460175	0.9429976487777771
0.28302904005525026	0.9430108632513675
0.28303037069426845	0.9430240731584909
0.283031700863293	0.9430372785012378
0.28303303056254503	0.943050479281697
0.28303435979224656	0.9430636755019567
0.2830356885526168	0.9430768671641034
0.2830370168438768	0.9430900542702229
0.28303834466624717	0.9431032368223994
0.28303967201994984	0.943116414822716
0.28304099890520196	0.943129588273255
0.2830423253222267	0.9431427571760971
0.28304365127124337	0.9431559215333216
0.28304497675247103	0.9431690813470074
0.2830463017661295	0.9431822366192317
0.28304762631244007	0.9431953873520704
0.2830489503916201	0.9432085335475985
0.28305027400389043	0.9432216752078897
0.28305159714946965	0.9432348123350167
0.2830529198285771	0.9432479449310508
0.28305424204143204	0.9432610729980624
0.2830555637882532	0.9432741965381203
0.28305688506925947	0.9432873155532921
0.28305820588466923	0.9433004300456453
0.2830595262347008	0.9433135400172449
0.2830608461195731	0.9433266454701551
0.2830621655395045	0.9433397464064394
0.28306348449471186	0.9433528428281598
0.2830648029854151	0.9433659347373766
0.2830661210118304	0.9433790221361504
0.283067438574176	0.9433921050265391
0.2830687556726702	0.9434051834106002
0.2830700723075297	0.9434182572903896
0.2830713884789724	0.9434313266679628
0.2830727041872149	0.9434443915453734
0.2830740194324741	0.943457451924674
0.2830753342149685	0.9434705078079163
0.2830766485349131	0.9434835591971504
0.2830779623925263	0.9434966060944259
0.28307927578802344	0.9435096485017903
0.2830805887216212	0.9435226864212911
0.28308190119353677	0.9435357198549734
0.2830832132039849	0.9435487488048824
0.28308452475318313	0.9435617732730608
0.28308583584134683	0.9435747932615516
0.28308714646869204	0.9435878087723953
0.28308845663543375	0.943600819807632
0.28308976634178845	0.9436138263693008
0.2830910755879704	0.9436268284594389
0.2830923843741961	0.9436398260800831
0.2830936927006811	0.9436528192332685
0.28309500056763914	0.9436658079210296
0.2830963079752862	0.943678792145399
0.28309761492383617	0.9436917719084087
0.2830989214135044	0.9437047472120897
0.28310022744450547	0.9437177180584714
0.28310153301705393	0.9437306844495822
0.2831028381313635	0.9437436463874496
0.2831041427876491	0.9437566038740994
0.2831054469861248	0.9437695569115567
0.28310675072700403	0.9437825055018455
0.2831080540105006	0.9437954496469888
0.28310935683682864	0.9438083893490075
0.28311065920620104	0.9438213246099223
0.28311196111883213	0.9438342554317529
0.2831132625749349	0.943847181816517
0.2831145635747231	0.9438601037662315
0.2831158641184083	0.9438730212829127
0.28311716420620464	0.9438859343685754
0.2831184638383251	0.9438988430252324
0.28311976301498204	0.943911747254897
0.2831210617363871	0.9439246470595803
0.2831223600027551	0.9439375424412921
0.28312365781429527	0.9439504334020421
0.28312495517122316	0.9439633199438379
0.28312625207374853	0.943976202068686
0.28312754852208394	0.9439890797785927
0.28312884451644077	0.9440019530755621
0.2831301400570321	0.9440148219615978
0.2831314351440684	0.9440276864387019
0.2831327297777612	0.9440405465088756
0.2831340239583227	0.9440534021741189
0.2831353176859629	0.9440662534364309
0.28313661096089443	0.944079100297809
0.28313790378332593	0.9440919427602502
0.2831391961534708	0.9441047808257499
0.28314048807153824	0.9441176144963023
0.28314177953773934	0.9441304437739008
0.2831430705522845	0.9441432686605377
0.28314436111538405	0.9441560891582037
0.28314565122724805	0.9441689052688891
0.2831469408880886	0.9441817169945822
0.28314823009811263	0.9441945243372711
0.2831495188575312	0.9442073272989422
0.28315080716655494	0.9442201258815809
0.28315209502539246	0.9442329200871715
0.2831533824342537	0.9442457099176971
0.2831546693933481	0.94425849537514
0.2831559559028851	0.944271276461481
0.2831572419630731	0.9442840531787
0.28315852757412197	0.9442968255287756
0.2831598127362396	0.9443095935136857
0.2831610974496362	0.9443223571354068
0.2831623817145189	0.944335116395914
0.28316366553109723	0.9443478712971817
0.28316494889958044	0.9443606218411832
0.2831662318201746	0.9443733680298902
0.2831675142930891	0.9443861098652744
0.2831687963185333	0.944398847349305
0.28317007789671245	0.9444115804839511
0.2831713590278361	0.94442430927118
0.28317263971211204	0.9444370337129586
0.2831739199497468	0.9444497538112522
0.2831751997409482	0.9444624695680248
0.28317647908592447	0.94447518098524
0.28317775798488154	0.9444878880648602
0.2831790364380275	0.9445005908088459
0.28318031444556874	0.9445132892191571
0.28318159200771303	0.9445259832977527
0.28318286912466567	0.9445386730465906
0.28318414579663453	0.9445513584676271
0.2831854220238251	0.9445640395628181
0.28318669780644457	0.9445767163341177
0.28318797314469973	0.944589388783479
0.28318924803879447	0.9446020569128549
0.2831905224889361	0.9446147207241964
0.28319179649533144	0.9446273802194531
0.2831930700581855	0.9446400354005743
0.28319434317770353	0.9446526862695077
0.28319561585409153	0.9446653328282003
0.2831968880875553	0.9446779750785976
0.28319815987829977	0.944690613022644
0.28319943122652946	0.9447032466622833
0.28320070213245063	0.9447158759994579
0.28320197259626667	0.944728501036109
0.2832032426181848	0.944741121774177
0.28320451219840764	0.9447537382156007
0.2832057813371399	0.9447663503623185
0.283207050034587	0.9447789582162672
0.2832083182909525	0.9447915617793828
0.2832095861064418	0.9448041610536002
0.283210853481258	0.9448167560408527
0.28321212041560556	0.9448293467430731
0.28321338690968756	0.9448419331621933
0.28321465296370985	0.9448545153001434
0.2832159185778728	0.9448670931588532
0.28321718375238225	0.9448796667402504
0.28321844848744177	0.9448922360462627
0.28321971278325386	0.944904801078816
0.2832209766400215	0.9449173618398359
0.28322224005794855	0.9449299183312458
0.2832235030372372	0.9449424705549688
0.28322476557809007	0.9449550185129268
0.28322602768071165	0.9449675622070407
0.2832272893453024	0.9449801016392301
0.2832285505720654	0.9449926368114135
0.28322981136120445	0.9450051677255087
0.2832310717129197	0.9450176943834319
0.2832323316274145	0.9450302167870989
0.2832335911048905	0.9450427349384237
0.2832348501455495	0.9450552488393197
0.28323610874959343	0.9450677584916993
0.2832373669172239	0.9450802638974732
0.2832386246486431	0.9450927650585519
0.2832398819440516	0.9451052619768441
0.2832411388036509	0.9451177546542577
0.2832423952276422	0.9451302430927
0.2832436512162272	0.9451427272940764
0.2832449067696059	0.945155207260292
0.2832461618879799	0.94516768299325
0.2832474165715488	0.9451801544948536
0.2832486708205142	0.9451926217670039
0.28324992463507703	0.9452050848116015
0.2832511780154368	0.9452175436305458
0.28325243096179425	0.9452299982257352
0.2832536834743497	0.9452424485990674
0.2832549355533022	0.9452548947524378
0.28325618719885215	0.9452673366877425
0.28325743841120016	0.9452797744068753
0.2832586891905448	0.9452922079117293
0.2832599395370863	0.9453046372041962
0.283261189451024	0.9453170622861673
0.28326243893255737	0.9453294831595328
0.2832636879818857	0.9453418998261809
0.2832649365992069	0.945354312288
0.28326618478472265	0.9453667205468765
0.2832674325386288	0.9453791246046963
0.28326867986112647	0.945391524463344
0.2832699267524123	0.9454039201247032
0.2832711732126863	0.9454163115906565
0.28327241924214686	0.9454286988630854
0.2832736648409919	0.9454410819438704
0.2832749100094201	0.945453460834891
0.28327615474762874	0.9454658355380252
0.28327739905581534	0.945478206055151
0.2832786429341791	0.9454905723881439
0.28327988638291796	0.9455029345388797
0.2832811294022284	0.9455152925092322
0.2832823719923084	0.945527646301075
0.28328361415335557	0.9455399959162799
0.2832848558855666	0.945552341356718
0.2832860971891403	0.9455646826242593
0.2832873380642723	0.9455770197207728
0.2832885785111592	0.9455893526481267
0.28328981852999874	0.9456016814081877
0.28329105812098754	0.9456140060028215
0.2832922972843222	0.9456263264338933
0.28329353602019874	0.9456386427032666
0.2832947743288135	0.9456509548128044
0.28329601221036393	0.9456632627643682
0.2832972496650454	0.9456755665598187
0.283298486693054	0.9456878662010157
0.2832997232945855	0.9457001616898177
0.2833009594698366	0.9457124530280824
0.28330219521900146	0.9457247402176664
0.2833034305422771	0.945737023260425
0.28330466543985805	0.9457493021582131
0.28330589991194055	0.9457615769128835
0.28330713395871926	0.9457738475262892
0.2833083675803896	0.9457861140002816
0.28330960077714695	0.9457983763367107
0.28331083354918507	0.9458106345374262
0.28331206589669966	0.9458228886042763
0.28331329781988673	0.9458351385391082
0.28331452931893797	0.9458473843437685
0.28331576039405054	0.9458596260201019
0.2833169910454168	0.9458718635699535
0.28331822127323186	0.9458840969951656
0.2833194510776903	0.9458963262975807
0.28332068045898656	0.9459085514790401
0.2833219094173128	0.9459207725413837
0.2833231379528642	0.9459329894864509
0.2833243660658338	0.9459452023160797
0.283325593756416	0.945957411032107
0.2833268210248036	0.9459696156363693
0.28332804787118976	0.9459818161307012
0.28332927429576854	0.9459940125169367
0.2833305002987337	0.9460062047969091
0.28333172588027633	0.9460183929724503
0.2833329510405903	0.9460305770453914
0.28333417577986886	0.9460427570175621
0.2833354000983046	0.9460549328907915
0.2833366239960898	0.9460671046669075
0.28333784747341667	0.946079272347737
0.2833390705304778	0.9460914359351059
0.28334029316746695	0.9461035954308393
0.2833415153845741	0.9461157508367609
0.28334273718199243	0.9461279021546937
0.28334395855991334	0.9461400493864596
0.28334517951852956	0.9461521925338792
0.2833464000580318	0.9461643315987726
0.28334762017861265	0.9461764665829583
0.28334883988046256	0.9461885974882548
0.2833500591637745	0.9462007243164784
0.2833512780287379	0.9462128470694452
0.2833524964755451	0.9462249657489699
0.28335371450438723	0.9462370803568664
0.283354932115454	0.9462491908949475
0.283356149308938	0.9462612973650248
0.2833573660850282	0.9462733997689097
0.28335858244391726	0.9462854981084112
0.2833597983857943	0.9462975923853388
0.2833610139108496	0.9463096826015002
0.2833622290192751	0.9463217687587019
0.2833634437112592	0.9463338508587499
0.2833646579869924	0.946345928903449
0.28336587184666584	0.9463580028946033
0.2833670852904679	0.9463700728340152
0.2833682983185885	0.9463821387234869
0.2833695109312186	0.9463942005648189
0.28337072312854716	0.9464062583598111
0.28337193491076257	0.9464183121102626
0.28337314627805493	0.9464303618179712
0.2833743572306141	0.9464424074847335
0.28337556776862866	0.9464544491123457
0.2833767778922875	0.9464664867026025
0.28337798760177946	0.9464785202572975
0.28337919689729385	0.9464905497782242
0.2833804057790191	0.9465025752671743
0.28338161424714314	0.9465145967259386
0.2833828223018558	0.9465266141563069
0.28338402994334455	0.9465386275600685
0.28338523717179737	0.9465506369390112
0.2833864439874031	0.9465626422949218
0.28338765039034997	0.9465746436295865
0.28338885638082517	0.9465866409447905
0.2833900619590168	0.9465986342423174
0.28339126712511253	0.9466106235239502
0.28339247187930067	0.9466226087914713
0.28339367622176725	0.9466345900466618
0.28339488015270176	0.9466465672913015
0.2833960836722901	0.9466585405271697
0.28339728678071874	0.9466705097560444
0.2833984894781771	0.9466824749797028
0.28339969176485025	0.9466944361999211
0.2834008936409256	0.9467063934184745
0.28340209510659037	0.946718346637137
0.28340329616203	0.9467302958576825
0.2834044968074319	0.9467422410818824
0.28340569704298285	0.9467541823115084
0.2834068968688694	0.946766119548331
0.2834080962852772	0.9467780527941192
0.2834092952923915	0.9467899820506414
0.2834104938903999	0.946801907319665
0.28341169207948785	0.9468138286029567
0.28341288985984053	0.9468257459022815
0.2834140872316449	0.9468376592194043
0.2834152841950846	0.9468495685560884
0.2834164807503483	0.9468614739140963
0.28341767689761715	0.9468733752951897
0.28341887263707993	0.9468852727011289
0.28342006796892066	0.9468971661336737
0.28342126289332464	0.9469090555945828
0.2834224574104758	0.9469209410856141
0.2834236515205604	0.946932822608524
0.283424845223763	0.9469447001650683
0.283426038520267	0.9469565737570018
0.283427231410259	0.9469684433860786
0.2834284238939216	0.9469803090540511
0.28342961597144006	0.9469921707626716
0.28343080764299794	0.9470040285136909
0.28343199890878057	0.947015882308859
0.28343318976897186	0.9470277321499246
0.2834343802237543	0.9470395780386366
0.2834355702733127	0.9470514199767412
0.28343675991783085	0.9470632579659848
0.2834379491574923	0.947075092008113
0.2834391379924802	0.9470869221048694
0.28344032642297845	0.9470987482579978
0.2834415144491702	0.9471105704692403
0.2834427020712384	0.947122388740338
0.2834438892893663	0.9471342030730319
0.2834450761037381	0.9471460134690606
0.2834462625145345	0.9471578199301632
0.2834474485219398	0.9471696224580772
0.283448634126136	0.9471814210545392
0.28344981932730584	0.9471932157212846
0.2834510041256329	0.9472050064600481
0.2834521885212974	0.9472167932725635
0.28345337251448366	0.9472285761605637
0.28345455610537174	0.9472403551257804
0.2834557392941465	0.9472521301699445
0.28345692208098766	0.9472639012947857
0.2834581044660776	0.9472756685020334
0.28345928644959867	0.9472874317934152
0.283460468031732	0.9472991911706586
0.2834616492126598	0.9473109466354896
0.28346282999256167	0.9473226981896334
0.28346401037162156	0.9473344458348142
0.28346519035001866	0.9473461895727552
0.28346636992793556	0.9473579294051789
0.2834675491055523	0.9473696653338065
0.2834687278830503	0.9473813973603591
0.2834699062606101	0.9473931254865555
0.28347108423841316	0.9474048497141145
0.28347226181663887	0.947416570044754
0.2834734389954692	0.9474282864801905
0.28347461577508337	0.9474399990221398
0.2834757921556629	0.9474517076723168
0.28347696813738726	0.9474634124324354
0.28347814372043606	0.9474751133042086
0.2834793189049903	0.9474868102893481
0.28348049369122835	0.9474985033895655
0.2834816680793321	0.9475101926065707
0.28348284206948055	0.9475218779420727
0.28348401566185355	0.94753355939778
0.28348518885663004	0.9475452369753997
0.2834863616539888	0.9475569106766388
0.2834875340541109	0.9475685805032023
0.28348870605717486	0.9475802464567946
0.28348987766335865	0.9475919085391199
0.2834910488728417	0.9476035667518804
0.28349221968580524	0.9476152210967781
0.2834933901024246	0.9476268715755136
0.2834945601228813	0.9476385181897871
0.28349572974735243	0.9476501609412972
0.28349689897601676	0.9476617998317424
0.28349806780905346	0.9476734348628194
0.2834992362466392	0.9476850660362247
0.2835004042889538	0.9476966933536531
0.2835015719361744	0.9477083168167996
0.28350273918847974	0.9477199364273571
0.28350390604604764	0.9477315521870182
0.28350507250905516	0.9477431640974746
0.2835062385776807	0.9477547721604167
0.28350740425210175	0.9477663763775345
0.2835085695324959	0.9477779767505164
0.2835097344190391	0.9477895732810511
0.28351089891191184	0.9478011659708245
0.2835120630112879	0.9478127548215233
0.2835132267173472	0.9478243398348323
0.28351439003026474	0.947835921012436
0.28351555295021863	0.9478474983560172
0.28351671547738466	0.9478590718672589
0.2835178776119409	0.947870641547842
0.2835190393540624	0.9478822073994474
0.2835202007039262	0.9478937694237546
0.28352136166171005	0.9479053276224421
0.2835225222275892	0.9479168819971878
0.28352368240173953	0.9479284325496686
0.2835248421843376	0.9479399792815605
0.2835260015755593	0.9479515221945383
0.2835271605755801	0.9479630612902765
0.2835283191845766	0.947974596570448
0.28352947740272394	0.9479861280367254
0.28353063523019933	0.9479976556907798
0.2835317926671755	0.948009179534282
0.2835329497138296	0.9480206995689011
0.2835341063703378	0.9480322157963063
0.28353526263687323	0.9480437282181648
0.2835364185136123	0.9480552368361441
0.28353757400073015	0.9480667416519097
0.2835387290984016	0.9480782426671266
0.28353988380680034	0.9480897398834595
0.2835410381261026	0.9481012333025707
0.28354219205648273	0.9481127229261231
0.2835433455981144	0.9481242087557783
0.2835444987511735	0.9481356907931965
0.2835456515158327	0.9481471690400373
0.2835468038922674	0.9481586434979596
0.2835479558806516	0.948170114168621
0.2835491074811593	0.9481815810536786
0.2835502586939645	0.948193044154788
0.2835514095192401	0.948204503473605
0.28355255995716144	0.9482159590117831
0.2835537100079012	0.948227410770976
0.2835548596716336	0.9482388587528363
0.2835560089485315	0.948250302959015
0.28355715783876806	0.9482617433911632
0.28355830634251794	0.9482731800509301
0.2835594544599523	0.948284612939965
0.28356060219124574	0.9482960420599156
0.28356174953657143	0.9483074674124289
0.283562896496101	0.9483188889991508
0.28356404307000854	0.9483303068217274
0.28356518925846586	0.9483417208818024
0.28356633506164536	0.948353131181019
0.28356748047972014	0.9483645377210207
0.283568625512862	0.9483759405034483
0.2835697701612446	0.9483873395299428
0.28357091442503884	0.9483987348021445
0.28357205830441723	0.9484101263216921
0.28357320179955287	0.9484215140902233
0.28357434491061473	0.9484328981093763
0.2835754876377783	0.9484442783807864
0.283576629981213	0.9484556549060899
0.2835777719410913	0.9484670276869209
0.28357891351758413	0.9484783967249132
0.2835800547108628	0.9484897620216997
0.28358119552110006	0.948501123578912
0.283582335948466	0.9485124813981816
0.2835834759931318	0.9485238354811383
0.2835846156552688	0.9485351858294114
0.2835857549350486	0.9485465324446292
0.28358689383264113	0.9485578753284195
0.28358803234821733	0.9485692144824088
0.2835891704819487	0.9485805499082226
0.2835903082340041	0.948591881607486
0.28359144560455607	0.9486032095818229
0.28359258259377246	0.9486145338328563
0.2835937192018266	0.9486258543622086
0.28359485542888685	0.9486371711715013
0.2835959912751245	0.9486484842623542
0.2835971267407072	0.9486597936363874
0.28359826182580694	0.9486710992952196
0.2835993965305939	0.9486824012404684
0.2836005308552364	0.9486936994737508
0.28360166479990473	0.9487049939966832
0.2836027983647689	0.9487162848108804
0.283603931549997	0.9487275719179571
0.28360506435575933	0.9487388553195265
0.28360619678222576	0.9487501350172011
0.28360732882956446	0.9487614110125929
0.2836084604979444	0.9487726833073126
0.28360959178753525	0.9487839519029702
0.28361072269850607	0.9487952168011747
0.2836118532310243	0.9488064780035345
0.2836129833852596	0.948817735511657
0.2836141131613807	0.9488289893271485
0.28361524255955656	0.9488402394516144
0.28361637157995423	0.9488514858866601
0.28361750022274235	0.9488627286338894
0.2836186284880904	0.9488739676949048
0.28361975637616516	0.9488852030713089
0.2836208838871356	0.9488964347647026
0.28362201102116974	0.9489076627766868
0.283623137778434	0.9489188871088609
0.2836242641590973	0.9489301077628235
0.28362539016332744	0.9489413247401726
0.28362651579129117	0.948952538042505
0.28362764104315685	0.948963747671417
0.2836287659190914	0.9489749536285037
0.28362989041926234	0.9489861559153595
0.2836310145438365	0.948997354533578
0.2836321382929809	0.9490085494847522
0.28363326166686376	0.9490197407704732
0.28363438466565033	0.9490309283923326
0.28363550728950887	0.9490421123519203
0.2836366295386047	0.9490532926508253
0.28363775141310604	0.9490644692906361
0.2836388729131778	0.9490756422729408
0.28363999403898765	0.9490868115993253
0.28364111479070236	0.9490979772713757
0.28364223516848625	0.9491091392906769
0.28364335517250777	0.9491202976588131
0.283644474802932	0.9491314523773676
0.28364559405992423	0.949142603447923
0.28364671294365157	0.9491537508720603
0.2836478314542794	0.9491648946513604
0.28364894959197207	0.9491760347874036
0.28365006735689824	0.9491871712817682
0.28365118474922113	0.9491983041360331
0.28365230176910633	0.949209433351775
0.28365341841672015	0.9492205589305706
0.2836545346922273	0.9492316808739953
0.2836556505957922	0.9492427991836241
0.28365676612758145	0.949253913861031
0.28365788128775915	0.9492650249077885
0.2836589960764907	0.9492761323254694
0.2836601104939412	0.9492872361156448
0.28366122454027326	0.9492983362798852
0.2836623382156539	0.9493094328197603
0.2836634515202471	0.9493205257368392
0.2836645644542163	0.9493316150326894
0.28366567701772705	0.9493427007088784
0.28366678921094235	0.9493537827669725
0.28366790103402717	0.949364861208537
0.28366901248714566	0.9493759360351366
0.2836701235704623	0.9493870072483349
0.28367123428414	0.9493980748496951
0.28367234462834245	0.9494091388407793
0.28367345460323484	0.9494201992231485
0.2836745642089793	0.9494312559983633
0.28367567344573924	0.9494423091679832
0.2836767823136792	0.9494533587335671
0.2836778908129627	0.9494644046966727
0.283678998943752	0.949475447058857
0.28368010670621074	0.9494864858216766
0.2836812141005012	0.9494975209866868
0.2836823211267876	0.9495085525554416
0.283683427785233	0.9495195805294955
0.2836845340759985	0.9495306049104012
0.2836856399992482	0.9495416256997105
0.28368674555514434	0.9495526428989746
0.28368785074385067	0.9495636565097442
0.28368895556552765	0.9495746665335685
0.28369006002033853	0.9495856729719966
0.2836911641084453	0.9495966758265763
0.28369226783001045	0.9496076750988546
0.28369337118519616	0.9496186707903775
0.2836944741741645	0.9496296629026909
0.28369557679707713	0.9496406514373389
0.2836966790540958	0.9496516363958657
0.28369778094538284	0.9496626177798141
0.2836988824710993	0.9496735955907257
0.2836999836314065	0.9496845698301424
0.28370108442646685	0.9496955404996045
0.2837021848564411	0.9497065076006516
0.28370328492149005	0.9497174711348223
0.2837043846217763	0.9497284311036548
0.28370548395745937	0.949739387508686
0.28370658292870105	0.9497503403514527
0.28370768153566334	0.9497612896334897
0.28370877977850534	0.9497722353563324
0.28370987765738864	0.9497831775215141
0.2837109751724738	0.9497941161305681
0.2837120723239214	0.9498050511850266
0.2837131691118931	0.9498159826864208
0.28371426553654644	0.9498269106362816
0.2837153615980443	0.9498378350361384
0.2837164572965457	0.9498487558875205
0.2837175526322107	0.9498596731919557
0.2837186476052007	0.9498705869509716
0.2837197422156743	0.9498814971660945
0.2837208364637921	0.9498924038388498
0.28372193034971316	0.9499033069707629
0.283723023873598	0.9499142065633576
0.2837241170356058	0.9499251026181569
0.28372520983589666	0.9499359951366835
0.28372630227462803	0.9499468841204589
0.2837273943519622	0.9499577695710039
0.28372848606805606	0.9499686514898382
0.28372957742307026	0.9499795298784813
0.2837306684171629	0.9499904047384515
0.28373175905049486	0.950001276071266
0.2837328493232218	0.9500121438784422
0.2837339392355045	0.9500230081614953
0.28373502878750206	0.9500338689219407
0.2837361179793724	0.9500447261612925
0.28373720681127473	0.9500555798810645
0.28373829528336686	0.9500664300827691
0.28373938339580795	0.9500772767679182
0.2837404711487543	0.9500881199380232
0.2837415585423668	0.9500989595945937
0.283742645576802	0.9501097957391398
0.28374373225221844	0.9501206283731697
0.2837448185687729	0.9501314574981914
0.28374590452662607	0.9501422831157119
0.2837469901259326	0.9501531052272373
0.28374807536685226	0.9501639238342733
0.2837491602495411	0.9501747389383242
0.2837502447741582	0.9501855505408942
0.28375132894086036	0.9501963586434858
0.28375241274980395	0.9502071632476018
0.2837534962011481	0.9502179643547429
0.2837545792950487	0.9502287619664103
0.28375566203166286	0.9502395560841036
0.28375674441114773	0.9502503467093217
0.2837578264336606	0.9502611338435633
0.2837589080993583	0.9502719174883251
0.2837599894083973	0.9502826976451039
0.28376107036093345	0.950293474315396
0.28376215095712487	0.9503042475006959
0.2837632311971267	0.950315017202498
0.2837643110810965	0.9503257834222957
0.28376539060919037	0.9503365461615815
0.28376646978156345	0.9503473054218475
0.28376754859837344	0.9503580612045844
0.28376862705977496	0.950368813511283
0.2837697051659248	0.9503795623434323
0.2837707829169791	0.9503903077025211
0.28377186031309226	0.950401049590037
0.2837729373544219	0.9504117880074675
0.2837740140411226	0.9504225229562985
0.2837750903733502	0.9504332544380157
0.28377616635125913	0.9504439824541038
0.2837772419750065	0.9504547070060467
0.28377831724474617	0.9504654280953275
0.2837793921606347	0.9504761457234285
0.2837804667228254	0.9504868598918312
0.28378154093147495	0.9504975706020166
0.2837826147867377	0.9505082778554643
0.2837836882887685	0.9505189816536538
0.28378476143772147	0.9505296819980634
0.2837858342337524	0.9505403788901705
0.2837869066770157	0.9505510723314522
0.283787978767665	0.9505617623233843
0.2837890505058566	0.9505724488674422
0.28379012189174246	0.9505831319651005
0.2837911929254786	0.9505938116178326
0.283792263607219	0.9506044878271115
0.2837933339371166	0.9506151605944095
0.2837944039153264	0.9506258299211978
0.2837954735420026	0.9506364958089467
0.2837965428172982	0.9506471582591265
0.28379761174136825	0.9506578172732055
0.2837986803143647	0.9506684728526527
0.28379974853644263	0.9506791249989349
0.2838008164077544	0.9506897737135193
0.2838018839284543	0.9507004189978714
0.28380295109869574	0.950711060853456
0.28380401791863064	0.9507216992817382
0.28380508438841356	0.9507323342841809
0.2838061505081978	0.9507429658622474
0.28380721627813577	0.9507535940173991
0.28380828169838	0.9507642187510976
0.2838093467690834	0.9507748400648035
0.2838104114904	0.9507854579599759
0.2838114758624808	0.9507960724380742
0.28381253988547994	0.9508066835005561
0.28381360355954843	0.9508172911488794
0.2838146668848402	0.9508278953845003
0.28381572986150605	0.9508384962088747
0.2838167924896991	0.9508490936234578
0.2838178547695721	0.9508596876297036
0.28381891670127596	0.9508702782290658
0.28381997828496325	0.9508808654229969
0.28382103952078674	0.950891449212949
0.28382210040889627	0.9509020296003733
0.28382316094944543	0.9509126065867202
0.2838242211425845	0.9509231801734392
0.2838252809884667	0.9509337503619792
0.28382634048724253	0.9509443171537885
0.2838273996390637	0.9509548805503142
0.283828458444081	0.9509654405530028
0.2838295169024463	0.9509759971633005
0.28383057501431014	0.950986550382652
0.28383163277982476	0.9509971002125017
0.28383269019914026	0.951007646654293
0.2838337472724087	0.9510181897094685
0.2838348039997791	0.9510287293794709
0.28383586038140374	0.9510392656657407
0.2838369164174328	0.9510497985697185
0.2838379721080162	0.9510603280928444
0.2838390274533061	0.9510708542365567
0.2838400824534515	0.951081377002294
0.2838411371086038	0.9510918963914935
0.2838421914189124	0.9511024124055919
0.2838432453845282	0.9511129250460252
0.28384429900560076	0.9511234343142286
0.28384535228228097	0.951133940211636
0.28384640521471693	0.9511444427396818
0.2838474578030604	0.9511549418997982
0.28384851004746126	0.9511654376934173
0.28384956194806843	0.9511759301219709
0.2838506135050306	0.9511864191868893
0.2838516647184998	0.9511969048896021
0.28385271558862224	0.951207387231539
0.28385376611555113	0.9512178662141277
0.28385481629943277	0.9512283418387962
0.28385586614041686	0.9512388141069712
0.28385691563865467	0.9512492830200784
0.28385796479429193	0.9512597485795435
0.28385901360748067	0.9512702107867912
0.2838600620783684	0.9512806696432446
0.28386111020710375	0.9512911251503277
0.2838621579938354	0.9513015773094619
0.2838632054387134	0.9513120261220694
0.283864252541884	0.9513224715895707
0.2838652993034986	0.9513329137133858
0.2838663457237033	0.9513433524949341
0.2838673918026464	0.9513537879356342
0.2838684375404776	0.951364220036904
0.28386948293734493	0.9513746488001601
0.28387052799339507	0.9513850742268193
0.28387157270877783	0.9513954963182969
0.2838726170836394	0.9514059150760078
0.28387366111812895	0.9514163305013661
0.28387470481239435	0.9514267425957847
0.2838757481665818	0.9514371513606771
0.2838767911808399	0.9514475567974544
0.283877833855317	0.9514579589075276
0.2838788761901589	0.9514683576923076
0.28387991818551467	0.9514787531532036
0.2838809598415291	0.9514891452916246
0.2838820011583531	0.9514995341089786
0.28388304213613	0.9515099196066731
0.2838840827750095	0.9515203017861149
0.28388512307513813	0.9515306806487093
0.283886163036661	0.9515410561958622
0.2838872026597276	0.9515514284289774
0.2838882419444831	0.951561797349459
0.28388928089107374	0.9515721629587097
0.28389031949964716	0.9515825252581318
0.28389135777034946	0.9515928842491268
0.28389239570332664	0.9516032399330953
0.28389343329872685	0.9516135923114372
0.2838944705566936	0.951623941385552
0.2838955074773752	0.951634287156838
0.2838965440609169	0.9516446296266929
0.283897580307464	0.9516549687965143
0.28389861621716433	0.9516653046676977
0.2838996517901617	0.9516756372416394
0.2839006870266043	0.9516859665197337
0.28390172192663565	0.9516962925033751
0.28390275649040236	0.9517066151939566
0.28390379071804916	0.9517169345928711
0.2839048246097232	0.9517272507015104
0.28390585816556824	0.9517375635212658
0.28390689138573116	0.9517478730535275
0.28390792427035433	0.9517581792996855
0.2839089568195854	0.9517684822611288
0.2839099890335696	0.9517787819392454
0.2839110209124519	0.9517890783354227
0.2839120524563759	0.9517993714510478
0.2839130836654866	0.9518096612875068
0.2839141145399301	0.9518199478461848
0.2839151450798488	0.9518302311284669
0.2839161752853901	0.9518405111357364
0.2839172051566966	0.9518507878693766
0.2839182346939138	0.95186106133077
0.2839192638971855	0.9518713315212983
0.28392029276665615	0.9518815984423428
0.2839213213024703	0.9518918620952832
0.2839223495047717	0.9519021224814994
0.28392337737370416	0.9519123796023701
0.28392440490941073	0.9519226334592735
0.28392543211203863	0.9519328840535867
0.2839264589817288	0.9519431313866865
0.2839274855186262	0.9519533754599487
0.28392851172287276	0.9519636162747491
0.2839295375946159	0.9519738538324611
0.2839305631339952	0.9519840881344592
0.2839315883411553	0.9519943191821165
0.28393261321624086	0.952004546976805
0.2839336377593942	0.9520147715198963
0.28393466197075823	0.9520249928127615
0.28393568585047607	0.9520352108567706
0.2839367093986919	0.952045425653293
0.2839377326155473	0.9520556372036977
0.2839387555011857	0.952065845509352
0.28393977805575016	0.9520760505716241
0.2839408002793838	0.9520862523918802
0.28394182217222835	0.9520964509714859
0.28394284373442735	0.9521066463118066
0.28394386496612234	0.9521168384142069
0.2839448858674565	0.95212702728005
0.2839459064385717	0.9521372129106994
0.2839469266796112	0.9521473953075172
0.2839479465907155	0.9521575744718653
0.2839489661720283	0.9521677504051036
0.2839499854236909	0.9521779231085932
0.2839510043458461	0.9521880925836933
0.2839520229386347	0.9521982588317623
0.2839530412021991	0.9522084218541587
0.2839540591366816	0.9522185816522393
0.2839550767422223	0.952228738227361
0.28395609401896504	0.9522388915808797
0.2839571109670491	0.9522490417141507
0.28395812758661715	0.9522591886285281
0.28395914387781	0.9522693323253658
0.2839601598407709	0.952279472806017
0.2839611754756373	0.952289610071834
0.2839621907825541	0.9522997441241683
0.28396320576166095	0.9523098749643708
0.2839642204130975	0.9523200025937922
0.2839652347370073	0.9523301270137812
0.2839662487335282	0.9523402482256873
0.28396726240280373	0.9523503662308584
0.28396827574497274	0.9523604810306422
0.283969288760177	0.9523705926263847
0.2839703014485573	0.9523807010194323
0.28397131381025215	0.9523908062111305
0.2839723258454033	0.9524009082028236
0.2839733375541514	0.9524110069958555
0.28397434893663615	0.9524211025915694
0.2839753599929977	0.9524311949913082
0.28397637072337595	0.952441284196413
0.28397738112791204	0.9524513702082256
0.28397839120674495	0.9524614530280858
0.2839794009600144	0.9524715326573335
0.28398041038786054	0.952481609097308
0.2839814194904227	0.952491682349347
0.28398242826784204	0.9525017524147884
0.2839834367202556	0.9525118192949692
0.28398444484780444	0.9525218829912254
0.2839854526506283	0.9525319435048926
0.2839864601288657	0.9525420008373058
0.2839874672826556	0.9525520549897989
0.28398847411213923	0.9525621059637052
0.28398948061745305	0.9525721537603576
0.28399048679873706	0.9525821983810883
0.28399149265613144	0.952592239827228
0.2839924981897741	0.952602278100108
0.28399350339980345	0.952612313201058
0.28399450828635897	0.9526223451314071
0.2839955128495793	0.952632373892484
0.28399651708960155	0.9526423994856169
0.2839975210065669	0.9526524219121322
0.28399852460061176	0.9526624411733571
0.2839995278718757	0.952672457270617
0.28400053082049553	0.9526824702052374
0.28400153344661067	0.9526924799785422
0.28400253575035944	0.9527024865918554
0.2840035377318791	0.9527124900465002
0.2840045393913082	0.9527224903437986
0.28400554072878403	0.9527324874850724
0.28400654174444606	0.9527424814716424
0.2840075424384301	0.9527524723048293
0.284008542810875	0.9527624599859525
0.2840095428619186	0.9527724445163307
0.28401054259169745	0.9527824258972827
0.2840115420003494	0.9527924041301252
0.28401254108801177	0.9528023792161756
0.284013539854823	0.9528123511567501
0.28401453830091944	0.9528223199531639
0.284015536426438	0.9528322856067319
0.2840165342315163	0.9528422481187685
0.28401753171629135	0.9528522074905867
0.28401852888090034	0.9528621637234997
0.2840195257254794	0.952872116818819
0.28402052225016616	0.9528820667778566
0.284021518455097	0.9528920136019227
0.2840225143404084	0.9529019572923277
0.28402350990623776	0.9529118978503808
0.2840245051527207	0.9529218352773905
0.28402550007999433	0.952931769574665
0.2840264946881949	0.9529417007435116
0.2840274889774592	0.9529516287852366
0.2840284829479219	0.9529615537011467
0.2840294765997202	0.9529714754925463
0.28403046993299036	0.9529813941607407
0.2840314629478695	0.9529913097070333
0.2840324556444911	0.9530012221327275
0.28403344802299235	0.9530111314391262
0.2840344400835102	0.9530210376275307
0.2840354318261773	0.9530309406992428
0.2840364232511327	0.9530408406555624
0.2840374143585099	0.9530507374977899
0.2840384051484452	0.9530606312272242
0.28403939562107383	0.9530705218451642
0.2840403857765314	0.9530804093529069
0.28404137561495263	0.9530902937517505
0.28404236513647335	0.9531001750429909
0.28404335434122846	0.9531100532279241
0.2840443432293529	0.9531199283078451
0.2840453318009827	0.9531298002840484
0.28404632005625136	0.9531396691578281
0.28404730799529426	0.953149534930477
0.28404829561824707	0.9531593976032877
0.2840492829252442	0.953169257177552
0.2840502699164191	0.9531791136545609
0.2840512565919074	0.9531889670356051
0.2840522429518444	0.9531988173219741
0.28405322899636193	0.9532086645149576
0.28405421472559667	0.9532185086158433
0.28405520013968183	0.9532283496259196
0.2840561852387529	0.9532381875464733
0.2840571700229421	0.953248022378791
0.284058154492386	0.9532578541241582
0.2840591386472162	0.9532676827838605
0.2840601224875675	0.953277508359182
0.2840611060135755	0.9532873308514064
0.2840620892253712	0.9532971502618172
0.2840630721230906	0.9533069665916968
0.28406405470686424	0.9533167798423271
0.2840650369768298	0.9533265900149887
0.28406601893311784	0.9533363971109626
0.2840670005758635	0.9533462011315285
0.2840679819051987	0.9533560020779654
0.2840689629212587	0.9533657999515518
0.28406994362417387	0.953375594753566
0.28407092401407974	0.9533853864852846
0.2840719040911096	0.9533951751479843
0.2840728838553953	0.9534049607429409
0.2840738633070692	0.9534147432714298
0.2840748424462657	0.9534245227347253
0.2840758212731168	0.9534342991341015
0.28407679978775563	0.9534440724708315
0.2840777779903138	0.9534538427461877
0.28407875588092607	0.9534636099614421
0.2840797334597218	0.9534733741178664
0.28408071072683694	0.9534831352167306
0.2840816876824016	0.9534928932593046
0.2840826643265498	0.953502648246858
0.2840836406594117	0.9535124001806594
0.28408461668112023	0.9535221490619767
0.2840855923918087	0.9535318948920771
0.28408656779160724	0.9535416376722275
0.28408754288064947	0.9535513774036937
0.2840885176590667	0.953561114087741
0.28408949212699053	0.9535708477256344
0.28409046628455237	0.9535805783186376
0.28409144013188536	0.9535903058680143
0.2840924136691201	0.9536000303750269
0.2840933868963874	0.9536097518409378
0.2840943598138197	0.9536194702670084
0.28409533242154944	0.9536291856544994
0.2840963047197059	0.9536388980046708
0.2840972767084211	0.9536486073187823
0.2840982483878266	0.953658313598093
0.28409921975805313	0.9536680168438604
0.28410019081923205	0.9536777170573424
0.2841011615714945	0.9536874142397962
0.2841021320149708	0.9536971083924776
0.28410310214979284	0.9537067995166423
0.28410407197609006	0.9537164876135453
0.2841050414939935	0.9537261726844412
0.2841060107036346	0.953735854730583
0.28410697960514375	0.9537455337532244
0.2841079481986514	0.9537552097536172
0.2841089164842871	0.9537648827330134
0.2841098844621829	0.9537745526926642
0.2841108521324671	0.9537842196338199
0.2841118194952716	0.9537938835577302
0.28411278655072486	0.9538035444656445
0.28411375329895877	0.9538132023588111
0.2841147197401037	0.9538228572384778
0.2841156858742872	0.953832509105892
0.28411665170164	0.9538421579623004
0.28411761722229273	0.9538518038089486
0.2841185824363757	0.9538614466470821
0.28411954734401773	0.9538710864779455
0.2841205119453479	0.9538807233027827
0.2841214762404961	0.9538903571228372
0.2841224402295925	0.9538999879393517
0.28412340391276625	0.9539096157535686
0.28412436729014545	0.953919240566729
0.28412533036186166	0.9539288623800736
0.2841262931280414	0.953938481194843
0.2841272555888157	0.9539480970122766
0.2841282177443131	0.9539577098336133
0.2841291795946629	0.953967319660091
0.2841301411399943	0.9539769264929476
0.2841311023804341	0.9539865303334205
0.2841320633161133	0.9539961311827457
0.2841330239471609	0.9540057290421587
0.2841339842737039	0.9540153239128953
0.28413494429587155	0.9540249157961892
0.2841359040137929	0.9540345046932747
0.28413686342759503	0.9540440906053846
0.28413782253740716	0.9540536735337519
0.2841387813433593	0.9540632534796081
0.28413973984557717	0.9540728304441849
0.284140698044189	0.9540824044287128
0.28414165593932456	0.9540919754344218
0.28414261353111125	0.9541015434625413
0.28414357081967706	0.9541111085143
0.2841445278051495	0.9541206705909262
0.2841454844876573	0.9541302296936472
0.2841464408673268	0.9541397858236902
0.28414739694428776	0.9541493389822812
0.28414835271866495	0.9541588891706458
0.2841493081905883	0.9541684363900093
0.2841502633601852	0.9541779806415956
0.28415121822758244	0.9541875219266287
0.28415217279290744	0.9541970602463317
0.28415312705628704	0.9542065956019271
0.28415408101784984	0.9542161279946366
0.28415503467772196	0.9542256574256818
0.2841559880360304	0.9542351838962827
0.28415694109290285	0.9542447074076601
0.2841578938484665	0.9542542279610324
0.2841588463028471	0.9542637455576192
0.2841597984561719	0.9542732601986381
0.284160750308569	0.9542827718853066
0.28416170186016326	0.9542922806188419
0.2841626531110819	0.9543017864004597
0.28416360406145286	0.9543112892313759
0.28416455471140023	0.9543207891128056
0.28416550506105265	0.954330286045963
0.2841664551105351	0.9543397800320621
0.2841674048599744	0.9543492710723156
0.28416835430949733	0.9543587591679361
0.284169303459229	0.954368244320136
0.2841702523092956	0.954377726530126
0.2841712008598244	0.954387205799117
0.28417214911094024	0.9543966821283186
0.28417309706276916	0.954406155518941
0.2841740447154382	0.9544156259721922
0.2841749920690708	0.9544250934892808
0.2841759391237948	0.9544345580714144
0.28417688587973494	0.9544440197197996
0.28417783233701727	0.9544534784356429
0.28417877849576656	0.9544629342201499
0.2841797243561091	0.9544723870745261
0.2841806699181691	0.9544818369999754
0.2841816151820738	0.9544912839977018
0.28418256014794635	0.9545007280689086
0.28418350481591326	0.9545101692147987
0.2841844491860995	0.9545196074365738
0.2841853932586294	0.9545290427354354
0.284186337033629	0.954538475112584
0.28418728051122294	0.95454790456922
0.28418822369153446	0.9545573311065432
0.2841891665746915	0.9545667547257519
0.2841901091608161	0.9545761754280451
0.28419105145003415	0.9545855932146201
0.28419199344247015	0.9545950080866741
0.28419293513824756	0.9546044200454037
0.2841938765374923	0.9546138290920047
0.2841948176403285	0.9546232352276722
0.28419575844687933	0.9546326384536011
0.28419669895727073	0.9546420387709855
0.28419763917162616	0.9546514361810187
0.2841985790900691	0.9546608306848934
0.284199518712725	0.954670222283802
0.28420045803971644	0.9546796109789364
0.2842013970711686	0.9546889967714869
0.28420233580720383	0.9546983796626446
0.2842032742479472	0.9547077596535989
0.28420421239352345	0.9547171367455392
0.28420515024405435	0.9547265109396538
0.2842060877996628	0.9547358822371311
0.2842070250604757	0.9547452506391579
0.2842079620266135	0.9547546161469216
0.2842088986982021	0.9547639787616078
0.2842098350753617	0.9547733384844024
0.28421077115821813	0.9547826953164901
0.28421170694689457	0.9547920492590556
0.28421264244151223	0.9548014003132825
0.28421357764219685	0.9548107484803537
0.28421451254906865	0.9548200937614522
0.2842154471622524	0.9548294361577594
0.28421638148187117	0.9548387756704572
0.28421731550804796	0.9548481123007257
0.2842182492409046	0.9548574460497455
0.28421918268056345	0.954866776918696
0.2842201158271482	0.9548761049087563
0.28422104868078146	0.9548854300211044
0.2842219812415847	0.9548947522569182
0.28422291350968165	0.9549040716173748
0.2842238454851931	0.9549133881036511
0.28422477716824324	0.9549227017169224
0.28422570855895424	0.9549320124583642
0.284226639657447	0.9549413203291516
0.2842275704638437	0.9549506253304586
0.28422850097826824	0.9549599274634586
0.2842294312008404	0.9549692267293245
0.2842303611316833	0.9549785231292286
0.2842312907709194	0.9549878166643431
0.28423222011866955	0.9549971073358388
0.28423314917505554	0.9550063951448864
0.28423407794019884	0.9550156800926558
0.2842350064142222	0.9550249621803162
0.28423593459724633	0.9550342414090368
0.28423686248939306	0.9550435177799853
0.2842377900907832	0.9550527912943297
0.28423871740154005	0.9550620619532368
0.2842396444217826	0.9550713297578731
0.28424057115163276	0.9550805947094044
0.284241497591213	0.9550898568089958
0.28424242374064207	0.9550991160578122
0.28424334960004244	0.9551083724570173
0.28424427516953676	0.9551176260077746
0.28424520044924323	0.9551268767112472
0.2842461254392843	0.9551361245685973
0.28424705013978047	0.9551453695809864
0.28424797455085166	0.9551546117495756
0.28424889867261877	0.9551638510755257
0.2842498225052046	0.9551730875599962
0.2842507460487272	0.9551823212041467
0.2842516693033076	0.9551915520091359
0.284252592269067	0.9552007799761218
0.2842535149461245	0.9552100051062622
0.28425443733460154	0.955219227400714
0.28425535943461905	0.9552284468606332
0.28425628124629543	0.9552376634871761
0.284257202769751	0.9552468772814977
0.2842581240051077	0.9552560882447526
0.284259044952483	0.955265296378095
0.28425996561199895	0.9552745016826782
0.2842608859837748	0.9552837041596551
0.284261806067929	0.9552929038101782
0.2842627258645832	0.9553021006353987
0.284263645373856	0.955311294636468
0.2842645645958674	0.955320485814537
0.28426548353073666	0.9553296741707551
0.28426640217858457	0.9553388597062719
0.2842673205395291	0.9553480424222361
0.28426823861368977	0.9553572223197961
0.28426915640118555	0.9553663994000996
0.2842700739021376	0.955375573664293
0.28427099111666343	0.9553847451135236
0.28427190804488234	0.9553939137489368
0.28427282468691395	0.9554030795716779
0.28427374104287684	0.9554122425828918
0.2842746571128902	0.9554214027837226
0.2842755728970718	0.9554305601753137
0.2842764883955427	0.9554397147588084
0.28427740360842013	0.9554488665353487
0.28427831853582364	0.9554580155060768
0.28427923317786996	0.9554671616721339
0.28428014753467984	0.9554763050346605
0.2842810616063709	0.9554854455947969
0.2842819753930613	0.9554945833536823
0.28428288889487113	0.9555037183124558
0.2842838021119157	0.9555128504722562
0.2842847150443153	0.9555219798342206
0.2842856276921885	0.9555311063994867
0.2842865400556521	0.955540230169191
0.28428745213482604	0.9555493511444696
0.28428836392982587	0.9555584693264578
0.2842892754407706	0.9555675847162907
0.2842901866677793	0.9555766973151028
0.2842910976109683	0.9555858071240273
0.28429200827045625	0.9555949141441983
0.2842929186463601	0.9556040183767476
0.2842938287387986	0.9556131198228076
0.2842947385478875	0.95562221848351
0.284295648073747	0.9556313143599854
0.28429655731649267	0.9556404074533642
0.28429746627624203	0.9556494977647761
0.2842983749531124	0.9556585852953507
0.28429928334722215	0.9556676700462162
0.2843001914586882	0.9556767520185008
0.2843010992876263	0.9556858312133321
0.28430200683415435	0.955694907631837
0.2843029140983905	0.9557039812751417
0.28430382108045144	0.955713052144372
0.28430472778045235	0.9557221202406533
0.28430563419851157	0.95573118556511
0.28430654033474545	0.9557402481188667
0.2843074461892713	0.9557493079030464
0.284308351762205	0.9557583649187722
0.2843092570536639	0.9557674191671665
0.2843101620637637	0.9557764706493511
0.2843110667926225	0.9557855193664474
0.2843119712403544	0.955794565319576
0.2843128754070777	0.9558036085098568
0.2843137792929083	0.9558126489384097
0.28431468289796186	0.9558216866063534
0.2843155862223553	0.9558307215148067
0.28431648926620456	0.9558397536648873
0.28431739202962536	0.9558487830577123
0.2843182945127336	0.9558578096943988
0.2843191967156464	0.9558668335760627
0.2843200986384785	0.9558758547038195
0.28432100028134694	0.9558848730787848
0.28432190164436527	0.9558938887020726
0.28432280272765154	0.955902901574797
0.28432370353131997	0.9559119116980715
0.28432460405548754	0.9559209190730086
0.28432550430026765	0.9559299237007209
0.28432640426577827	0.9559389255823201
0.28432730395213346	0.9559479247189168
0.28432820335944897	0.955956921111622
0.2843291024878388	0.9559659147615459
0.2843300013374199	0.9559749056697977
0.28433089990830684	0.9559838938374862
0.284331798200616	0.9559928792657199
0.2843326962144595	0.9560018619556064
0.2843335939499548	0.9560108419082533
0.2843344914072169	0.956019819124767
0.28433538858635876	0.9560287936062537
0.28433628548749645	0.9560377653538188
0.2843371821107448	0.9560467343685672
0.28433807845621906	0.956055700651604
0.28433897452403295	0.9560646642040326
0.2843398703143002	0.9560736250269563
0.2843407658271382	0.956082583121478
0.2843416610626591	0.9560915384886997
0.28434255602097674	0.9561004911297236
0.28434345070220884	0.9561094410456502
0.28434434510646595	0.9561183882375807
0.28434523923386446	0.9561273327066147
0.2843461330845172	0.9561362744538517
0.2843470266585401	0.9561452134803907
0.28434791995604564	0.95615414978733
0.2843488129771486	0.9561630833757676
0.2843497057219626	0.9561720142468004
0.28435059819060166	0.9561809424015253
0.28435149038317975	0.9561898678410384
0.2843523822998102	0.9561987905664356
0.2843532739406076	0.9562077105788115
0.2843541653056843	0.956216627879261
0.2843550563951549	0.9562255424688777
0.2843559472091324	0.9562344543487554
0.2843568377477307	0.9562433635199866
0.2843577280110632	0.9562522699836637
0.28435861799924383	0.9562611737408787
0.2843595077123834	0.9562700747927226
0.284360397150598	0.9562789731402861
0.28436128631399976	0.9562878687846593
0.28436217520270207	0.9562967617269318
0.2843630638168169	0.9563056519681927
0.2843639521564591	0.9563145395095303
0.28436484022173947	0.956323424352033
0.2843657280127731	0.9563323064967875
0.2843666155296706	0.956341185944881
0.28436750277254624	0.9563500626974002
0.28436838974151335	0.95635893675543
0.2843692764366841	0.9563678081200563
0.2843701628581694	0.9563766767923637
0.28437104900608345	0.9563855427734359
0.284371934880539	0.956394406064357
0.284372820481647	0.9564032666662097
0.2843737058095203	0.9564121245800767
0.28437459086427314	0.9564209798070398
0.284375475646015	0.9564298323481807
0.28437636015485923	0.9564386822045798
0.2843772443909191	0.9564475293773179
0.28437812835430526	0.9564563738674745
0.2843790120451292	0.9564652156761292
0.2843798954635047	0.9564740548043602
0.2843807786095435	0.9564828912532458
0.2843816614833552	0.9564917250238643
0.28438254408505453	0.956500556117292
0.2843834264147521	0.9565093845346055
0.28438430847255813	0.9565182102768813
0.2843851902585857	0.9565270333451948
0.284386071772947	0.9565358537406206
0.2843869530157523	0.9565446714642333
0.2843878339871138	0.9565534865171068
0.28438871468714216	0.9565622989003144
0.28438959511594936	0.9565711086149287
0.28439047527364686	0.9565799156620224
0.2843913551603442	0.9565887200426669
0.28439223477615505	0.9565975217579334
0.2843931141211887	0.9566063208088926
0.284393993195557	0.9566151171966149
0.2843948719993721	0.9566239109221693
0.2843957505327413	0.9566327019866252
0.2843966287957794	0.9566414903910512
0.2843975067885952	0.9566502761365151
0.2843983845113004	0.9566590592240845
0.284399261964005	0.9566678396548262
0.28440013914681894	0.9566766174298066
0.28440101605985507	0.9566853925500913
0.28440189270322114	0.9566941650167463
0.2844027690770315	0.9567029348308358
0.28440364518139294	0.9567117019934241
0.2844045210164174	0.9567204665055752
0.28440539658221436	0.9567292283683521
0.2844062718788954	0.9567379875828174
0.2844071469065695	0.9567467441500335
0.2844080216653471	0.9567554980710619
0.2844088961553388	0.9567642493469635
0.28440977037665544	0.9567729979787988
0.28441064432940405	0.9567817439676284
0.2844115180136983	0.9567904873145109
0.28441239142964436	0.956799228020506
0.2844132645773547	0.9568079660866717
0.2844141374569381	0.9568167015140663
0.2844150100685048	0.9568254343037467
0.28441588241216353	0.9568341644567704
0.2844167544880253	0.9568428919741928
0.2844176262961982	0.9568516168570705
0.2844184978367914	0.9568603391064584
0.2844193691099166	0.9568690587234113
0.2844202401156813	0.9568777757089834
0.28442111085419486	0.9568864900642284
0.28442198132556695	0.9568952017901997
0.2844228515299072	0.9569039108879497
0.28442372146732403	0.9569126173585305
0.2844245911379278	0.9569213212029938
0.2844254605418249	0.9569300224223908
0.28442632967912745	0.9569387210177717
0.2844271985499411	0.9569474169901868
0.2844280671543781	0.9569561103406854
0.28442893549254455	0.9569648010703168
0.28442980356455144	0.9569734891801291
0.28443067137050576	0.9569821746711705
0.28443153891051615	0.9569908575444883
0.28443240618469295	0.9569995378011296
0.28443327319314277	0.9570082154421404
0.28443413993597516	0.9570168904685669
0.2844350064132982	0.9570255628814541
0.28443587262521985	0.9570342326818473
0.2844367385718492	0.9570428998707904
0.2844376042532946	0.957051564449327
0.2844384696696632	0.957060226418501
0.28443933482106376	0.9570688857793546
0.2844401997076045	0.9570775425329302
0.28444106432939287	0.9570861966802696
0.28444192868653795	0.9570948482224139
0.2844427927791471	0.9571034971604035
0.28444365660732795	0.9571121434952792
0.28444452017118854	0.9571207872280799
0.284445383470836	0.9571294283598454
0.28444624650637884	0.9571380668916136
0.28444710927792444	0.9571467028244233
0.2844479717855815	0.9571553361593115
0.284448834029455	0.9571639668973155
0.2844496960096553	0.9571725950394719
0.2844505577262879	0.9571812205868167
0.2844514191794606	0.9571898435403852
0.28445228036928044	0.9571984639012124
0.28445314129585575	0.9572070816703333
0.28445400195929205	0.9572156968487814
0.28445486235969863	0.9572243094375903
0.28445572249718115	0.9572329194377928
0.2844565823718473	0.9572415268504214
0.2844574419838048	0.9572501316765081
0.2844583013331582	0.9572587339170844
0.2844591604200155	0.9572673335731811
0.284460019244484	0.9572759306458284
0.2844608778066705	0.9572845251360563
0.28446173610668185	0.9572931170448943
0.28446259414462455	0.9573017063733712
0.28446345192060424	0.9573102931225151
0.28446430943472845	0.9573188772933543
0.2844651666871038	0.9573274588869156
0.28446602367783624	0.9573360379042263
0.2844668804070333	0.9573446143463124
0.2844677368747996	0.9573531882141997
0.2844685930812418	0.9573617595089136
0.28446944902646837	0.9573703282314786
0.2844703047105823	0.9573788943829193
0.2844711601336913	0.9573874579642596
0.28447201529590177	0.9573960189765225
0.284472870197318	0.9574045774207309
0.2844737248380487	0.9574131332979067
0.28447457921819747	0.957421686609072
0.28447543333787073	0.9574302373552479
0.284476287197175	0.9574387855374552
0.2844771407962158	0.9574473311567141
0.28447799413509905	0.9574558742140441
0.28447884721392847	0.9574644147104647
0.2844797000328128	0.9574729526469945
0.2844805525918557	0.9574814880246517
0.28448140489116164	0.9574900208444541
0.28448225693083784	0.9574985511074189
0.2844831087109899	0.9575070788145625
0.2844839602317217	0.9575156039669016
0.28448481149313887	0.9575241265654514
0.28448566249534746	0.9575326466112274
0.2844865132384521	0.957541164105244
0.284487363722557	0.9575496790485157
0.28448821394776913	0.957558191442056
0.284489063914193	0.957566701286878
0.28448991362193154	0.9575752085839949
0.2844907630710928	0.957583713334418
0.2844916122617783	0.9575922155391599
0.2844924611940961	0.9576007151992311
0.28449330986814775	0.9576092123156427
0.28449415828404095	0.9576177068894045
0.2844950064418789	0.9576261989215265
0.28449585434176583	0.9576346884130177
0.28449670198380705	0.9576431753648869
0.2844975493681057	0.9576516597781424
0.2844983964947684	0.9576601416537917
0.2844992433638971	0.9576686209928419
0.28450008997559767	0.9576770977962998
0.2845009363299743	0.9576855720651719
0.2845017824271301	0.9576940438004635
0.2845026282671717	0.9577025130031798
0.28450347385019975	0.9577109796743257
0.2845043191763208	0.9577194438149055
0.28450516424563754	0.9577279054259226
0.2845060090582554	0.9577363645083805
0.2845068536142763	0.9577448210632818
0.2845076979138064	0.9577532750916287
0.284508541956948	0.9577617265944229
0.2845093857438048	0.9577701755726661
0.2845102292744802	0.9577786220273584
0.28451107254907987	0.9577870659595003
0.28451191556770405	0.9577955073700919
0.2845127583304599	0.9578039462601318
0.2845136008374481	0.9578123826306194
0.28451444308877333	0.9578208164825527
0.2845152850845386	0.9578292478169295
0.28451612682484784	0.9578376766347473
0.2845169683098032	0.9578461029370027
0.28451780953950906	0.957854526724692
0.2845186505140682	0.9578629479988112
0.28451949123358344	0.9578713667603553
0.28452033169815766	0.9578797830103197
0.2845211719078943	0.9578881967496984
0.284522011862897	0.9578966079794852
0.2845228515632666	0.9579050167006736
0.2845236910091078	0.9579134229142566
0.28452453020052304	0.9579218266212265
0.28452536913761417	0.9579302278225751
0.2845262078204849	0.9579386265192941
0.2845270462492385	0.957947022712374
0.28452788442397603	0.9579554164028056
0.28452872234480014	0.957963807591579
0.2845295600118136	0.9579721962796832
0.28453039742512	0.9579805824681075
0.28453123458482077	0.9579889661578403
0.28453207149101684	0.95799734734987
0.2845329081438129	0.9580057260451833
0.2845337445433105	0.958014102244768
0.2845345806896105	0.9580224759496104
0.2845354165828168	0.9580308471606965
0.2845362522230299	0.9580392158790119
0.28453708761035373	0.9580475821055419
0.28453792274488876	0.9580559458412707
0.28453875762673697	0.9580643070871828
0.28453959225600045	0.958072665844262
0.2845404266327813	0.958081022113491
0.28454126075718145	0.958089375895853
0.28454209462930186	0.9580977271923296
0.28454292824924426	0.958106076003903
0.2845437616171111	0.9581144223315541
0.2845445947330037	0.9581227661762638
0.2845454275970231	0.9581311075390125
0.2845462602092706	0.95813944642078
0.284547092569848	0.9581477828225454
0.28454792467885676	0.9581561167452877
0.28454875653639855	0.9581644481899851
0.2845495881425742	0.9581727771576155
0.28455041949748505	0.9581811036491564
0.28455125060123193	0.9581894276655847
0.28455208145391514	0.9581977492078768
0.28455291205563815	0.9582060682770086
0.284553742406499	0.9582143848739556
0.2845545725066008	0.9582226989996929
0.28455540235604415	0.9582310106551947
0.28455623195492974	0.9582393198414355
0.28455706130335706	0.9582476265593884
0.2845578904014288	0.9582559308100268
0.28455871924924453	0.9582642325943233
0.2845595478469055	0.9582725319132497
0.2845603761945124	0.9582808287677779
0.2845612042921647	0.9582891231588792
0.2845620321399631	0.9582974150875241
0.28456285973800943	0.9583057045546828
0.28456368708640334	0.9583139915613252
0.2845645141852444	0.9583222761084206
0.28456534103463355	0.9583305581969375
0.2845661676346716	0.9583388378278443
0.2845669939854578	0.9583471150021092
0.28456782008709247	0.9583553897206992
0.2845686459396765	0.9583636619845814
0.28456947154330786	0.9583719317947225
0.28457029689808955	0.9583801991520876
0.28457112200411916	0.958388464057643
0.28457194686149784	0.9583967265123533
0.2845727714703249	0.9584049865171831
0.2845735958306995	0.9584132440730966
0.28457441994272237	0.9584214991810573
0.28457524380649313	0.9584297518420283
0.2845760674221124	0.9584380020569719
0.28457689078967624	0.958446249826851
0.2845777139092884	0.9584544951526269
0.28457853678104644	0.9584627380352608
0.284579359405049	0.9584709784757137
0.28458018178139655	0.9584792164749457
0.28458100391018787	0.9584874520339166
0.2845818257915233	0.958495685153586
0.2845826474255011	0.9585039158349122
0.2845834688122215	0.9585121440788542
0.28458428995178153	0.9585203698863699
0.2845851108442822	0.9585285932584166
0.2845859314898232	0.9585368141959513
0.28458675188850124	0.9585450326999306
0.284587572040416	0.9585532487713108
0.28458839194566715	0.958561462411047
0.28458921160435374	0.9585696736200948
0.28459003101657304	0.9585778823994087
0.28459085018242547	0.9585860887499428
0.28459166910200884	0.9585942926726512
0.2845924877754213	0.9586024941684869
0.28459330620276285	0.9586106932384026
0.28459412438413134	0.9586188898833509
0.2845949423196245	0.9586270841042837
0.28459576000934117	0.9586352759021523
0.2845965774533811	0.9586434652779074
0.28459739465184136	0.9586516522324999
0.28459821160481996	0.9586598367668798
0.28459902831241635	0.9586680188819964
0.28459984477472783	0.9586761985787988
0.2846006609918522	0.958684375858236
0.28460147696388893	0.9586925507212558
0.2846022926909361	0.9587007231688061
0.28460310817309	0.958708893201834
0.28460392341044877	0.9587170608212866
0.28460473840311235	0.9587252260281098
0.2846055531511773	0.9587333888232497
0.28460636765474073	0.9587415492076515
0.284607181913903	0.9587497071822604
0.2846079959287574	0.9587578627480208
0.2846088096994057	0.9587660159058766
0.28460962322594296	0.9587741666567716
0.28461043650846857	0.9587823150016486
0.28461124954707906	0.9587904609414505
0.28461206234187325	0.9587986044771192
0.28461287489294623	0.9588067456095967
0.2846136872003962	0.958814884339824
0.2846144992643219	0.958823020668742
0.2846153110848191	0.9588311545972912
0.28461612266198505	0.9588392861264113
0.28461693399591764	0.9588474152570419
0.2846177450867144	0.9588555419901217
0.28461855593447133	0.9588636663265894
0.2846193665392858	0.958871788267383
0.28462017690125563	0.9588799078134399
0.2846209870204763	0.9588880249656978
0.2846217968970454	0.9588961397250929
0.28462260653105964	0.9589042520925616
0.284623415922617	0.9589123620690395
0.28462422507181234	0.9589204696554623
0.28462503397874317	0.9589285748527644
0.2846258426435061	0.9589366776618805
0.28462665106619817	0.9589447780837446
0.2846274592469156	0.9589528761192899
0.28462826718575457	0.9589609717694497
0.28462907488281225	0.9589690650351566
0.28462988233818537	0.9589771559173424
0.28463068955196835	0.9589852444169392
0.2846314965242591	0.9589933305348781
0.28463230325515354	0.9590014142720898
0.2846331097447474	0.9590094956295047
0.28463391599313764	0.9590175746080526
0.2846347220004202	0.959025651208663
0.28463552776669093	0.9590337254322648
0.28463633329204496	0.9590417972797866
0.28463713857658113	0.9590498667521564
0.2846379436203924	0.9590579338503018
0.2846387484235763	0.95906599857515
0.28463955298622745	0.9590740609276276
0.28464035730844256	0.9590821209086611
0.28464116139031687	0.9590901785191762
0.2846419652319456	0.9590982337600982
0.2846427688334256	0.9591062866323522
0.28464357219485303	0.9591143371368624
0.28464437531632136	0.959122385274553
0.28464517819792706	0.9591304310463474
0.2846459808397655	0.9591384744531691
0.2846467832419329	0.9591465154959404
0.28464758540452356	0.9591545541755836
0.28464838732763337	0.9591625904930204
0.2846491890113572	0.9591706244491724
0.2846499904557905	0.9591786560449603
0.2846507916610278	0.9591866852813046
0.28465159262716594	0.9591947121591252
0.284652393354298	0.9592027366793417
0.2846531938425205	0.9592107588428731
0.28465399409192726	0.9592187786506383
0.2846547941026134	0.9592267961035552
0.28465559387467504	0.959234811202542
0.28465639340820553	0.9592428239485153
0.28465719270330164	0.9592508343423927
0.28465799176005513	0.9592588423850903
0.284658790578562	0.9592668480775239
0.2846595891589185	0.9592748514206095
0.2846603875012181	0.9592828524152618
0.2846611856055539	0.9592908510623955
0.28466198347202304	0.9592988473629249
0.2846627811007173	0.9593068413177638
0.2846635784917337	0.9593148329278256
0.28466437564516456	0.959322822194023
0.2846651725611049	0.9593308091172685
0.28466596923965093	0.9593387936984739
0.2846667656808928	0.9593467759385511
0.2846675618849281	0.9593547558384111
0.2846683578518496	0.9593627333989645
0.2846691535817521	0.9593707086211215
0.2846699490747279	0.9593786815057921
0.28467074433087297	0.9593866520538854
0.2846715393502809	0.9593946202663103
0.2846723341330456	0.9594025861439753
0.2846731286792595	0.9594105496877887
0.2846739229890175	0.9594185108986579
0.28467471706241304	0.9594264697774901
0.2846755108995419	0.9594344263251918
0.2846763045004947	0.9594423805426694
0.28467709786536566	0.9594503324308289
0.28467789099425017	0.9594582819905756
0.2846786838872405	0.9594662292228142
0.2846794765444307	0.9594741741284496
0.2846802689659133	0.9594821167083857
0.2846810611517824	0.9594900569635262
0.2846818531021303	0.9594979948947743
0.2846826448170518	0.9595059305030327
0.28468343629664	0.9595138637892039
0.28468422754098643	0.9595217947541897
0.28468501855018574	0.9595297233988914
0.2846858093243317	0.9595376497242103
0.2846865998635157	0.9595455737310469
0.28468739016783107	0.9595534954203014
0.2846881802373712	0.9595614147928734
0.28468897007223	0.9595693318496622
0.2846897596724989	0.9595772465915668
0.28469054903827085	0.9595851590194856
0.28469133816963893	0.9595930691343165
0.28469212706669605	0.9596009769369571
0.28469291572953503	0.9596088824283044
0.2846937041582493	0.9596167856092553
0.2846944923529292	0.9596246864807059
0.2846952803136685	0.9596325850435521
0.2846960680405602	0.9596404812986893
0.28469685553369645	0.9596483752470124
0.2846976427931699	0.9596562668894159
0.28469842981907256	0.959664156226794
0.284699216611497	0.9596720432600404
0.2847000031705353	0.9596799279900481
0.28470078949627825	0.9596878104177101
0.2847015755888212	0.9596956905439186
0.28470236144825445	0.9597035683695657
0.2847031470746705	0.959711443895543
0.2847039324681605	0.9597193171227414
0.2847047176288175	0.9597271880520515
0.28470550255673316	0.9597350566843638
0.28470628725199937	0.9597429230205677
0.28470707171470855	0.9597507870615529
0.28470785594495157	0.9597586488082082
0.2847086399428213	0.9597665082614221
0.28470942370840874	0.9597743654220827
0.2847102072418061	0.9597822202910777
0.28471099054310334	0.9597900728692943
0.28471177361239497	0.9597979231576191
0.28471255644976967	0.9598057711569388
0.28471333905532087	0.9598136168681392
0.28471412142914	0.9598214602921057
0.2847149035713172	0.9598293014297234
0.28471568548194576	0.9598371402818773
0.2847164671611152	0.9598449768494511
0.28471724860891723	0.9598528111333291
0.2847180298254433	0.9598606431343943
0.2847188108107855	0.9598684728535302
0.2847195915650336	0.9598763002916186
0.28472037208827944	0.9598841254495422
0.2847211523806131	0.9598919483281824
0.2847219324421275	0.9598997689284207
0.2847227122729122	0.9599075872511376
0.2847234918730587	0.9599154032972136
0.28472427124265803	0.959923217067529
0.2847250503817997	0.9599310285629631
0.28472582929057655	0.959938837784395
0.2847266079690779	0.9599466447327036
0.28472738641739403	0.9599544494087672
0.2847281646356179	0.9599622518134636
0.2847289426238377	0.9599700519476703
0.2847297203821448	0.9599778498122641
0.2847304979106313	0.9599856454081219
0.2847312752093855	0.9599934387361199
0.28473205227849807	0.9600012297971335
0.2847328291180611	0.9600090185920385
0.284733605728163	0.9600168051217095
0.28473438210889496	0.9600245893870215
0.2847351582603483	0.9600323713888479
0.2847359341826115	0.9600401511280627
0.284736709875775	0.9600479286055393
0.28473748533992976	0.9600557038221504
0.2847382605751654	0.9600634767787685
0.28473903558157176	0.9600712474762654
0.2847398103592397	0.9600790159155127
0.28474058490825865	0.9600867820973816
0.2847413592287171	0.960094546022743
0.2847421333207069	0.960102307692467
0.28474290718431744	0.9601100671074235
0.2847436808196387	0.9601178242684822
0.2847444542267599	0.960125579176512
0.28474522740577	0.9601333318323816
0.2847460003567607	0.9601410822369592
0.2847467730798203	0.9601488303911124
0.28474754557503773	0.9601565762957092
0.28474831784250326	0.960164319951616
0.28474908988230685	0.9601720613596995
0.28474986169453664	0.9601798005208261
0.2847506332792834	0.9601875374358614
0.2847514046366365	0.9601952721056706
0.284752175766684	0.9602030045311186
0.284752946669516	0.9602107347130703
0.2847537173452211	0.9602184626523892
0.28475448779388757	0.9602261883499393
0.28475525801560797	0.9602339118065838
0.284756028010469	0.9602416330231857
0.2847567977785585	0.9602493520006071
0.2847575673199673	0.9602570687397102
0.28475833663478534	0.9602647832413564
0.2847591057230986	0.9602724955064073
0.2847598745849983	0.9602802055357232
0.2847606432205722	0.9602879133301649
0.2847614116299092	0.960295618890592
0.2847621798130977	0.9603033222178642
0.28476294777022765	0.9603110233128406
0.2847637155013857	0.9603187221763799
0.2847644830066623	0.9603264188093403
0.28476525028614486	0.96033411321258
0.28476601733992274	0.9603418053869562
0.28476678416808404	0.960349495333326
0.2847675507707171	0.9603571830525461
0.2847683171479105	0.9603648685454729
0.284769083299752	0.9603725518129621
0.28476984922633086	0.9603802328558689
0.2847706149277341	0.9603879116750489
0.284771380404051	0.9603955882713563
0.28477214565537	0.9604032626456452
0.28477291068177685	0.9604109347987697
0.2847736754833627	0.9604186047315831
0.28477444006021446	0.9604262724449384
0.2847752044124194	0.9604339379396881
0.2847759685400657	0.9604416012166843
0.2847767324432417	0.9604492622767791
0.28477749612203634	0.9604569211208234
0.2847782595765347	0.9604645777496684
0.2847790228068257	0.9604722321641647
0.2847797858129985	0.9604798843651622
0.2847805485951396	0.9604875343535108
0.28478131115333727	0.9604951821300597
0.2847820734876779	0.9605028276956579
0.28478283559824996	0.9605104710511538
0.28478359748514137	0.9605181121973958
0.2847843591484387	0.9605257511352314
0.284785120588229	0.9605333878655077
0.28478588180460157	0.9605410223890719
0.2847866427976421	0.9605486547067703
0.2847874035674384	0.9605562848194491
0.28478816411407815	0.9605639127279538
0.28478892443764753	0.9605715384331299
0.28478968453823467	0.9605791619358222
0.2847904444159264	0.9605867832368752
0.28479120407081004	0.9605944023371327
0.28479196350297153	0.9606020192374386
0.2847927227124995	0.9606096339386363
0.2847934816994807	0.9606172464415683
0.284794240464	0.9606248567470773
0.284794999006147	0.9606324648560052
0.2847957573260068	0.9606400707691939
0.2847965154236676	0.9606476744874843
0.28479727329921534	0.9606552760117176
0.2847980309527359	0.9606628753427341
0.2847987883843171	0.9606704724813736
0.28479954559404447	0.9606780674284763
0.28480030258200684	0.9606856601848808
0.28480105934828753	0.9606932507514265
0.2848018158929758	0.9607008391289517
0.2848025722161577	0.9607084253182941
0.2848033283179181	0.9607160093202919
0.2848040841983452	0.9607235911357819
0.28480483985752447	0.9607311707656011
0.2848055952955415	0.960738748210586
0.28480635051248304	0.9607463234715728
0.2848071055084362	0.9607538965493969
0.2848078602834866	0.9607614674448937
0.2848086148377189	0.960769036158898
0.2848093691712217	0.9607766026922442
0.28481012328407956	0.9607841670457663
0.28481087717637965	0.9607917292202983
0.2848116308482056	0.9607992892166733
0.28481238429964506	0.960806847035724
0.2848131375307836	0.9608144026782832
0.2848138905417081	0.9608219561451827
0.2848146433325023	0.9608295074372545
0.2848153959032537	0.9608370565553295
0.2848161482540466	0.9608446035002389
0.28481690038496676	0.9608521482728131
0.28481765229610134	0.9608596908738822
0.2848184039875347	0.960867231304276
0.2848191554593527	0.9608747695648236
0.28481990671164104	0.9608823056563541
0.28482065774448534	0.9608898395796961
0.28482140855796906	0.9608973713356775
0.28482215915218007	0.9609049009251263
0.28482290952720274	0.9609124283488696
0.2848236596831215	0.9609199536077344
0.2848244096200239	0.9609274767025476
0.28482515933799335	0.9609349976341348
0.2848259088371143	0.9609425164033224
0.2848266581174743	0.9609500330109352
0.28482740717915567	0.9609575474577986
0.2848281560222458	0.960965059744737
0.2848289046468284	0.9609725698725746
0.28482965305298946	0.9609800778421355
0.28483040124081244	0.9609875836542427
0.2848311492103824	0.9609950873097196
0.28483189696178585	0.9610025888093886
0.2848326444951063	0.9610100881540721
0.28483339181042866	0.961017585344592
0.28483413890783865	0.9610250803817696
0.2848348857874187	0.9610325732664261
0.2848356324492546	0.9610400639993821
0.28483637889343183	0.9610475525814581
0.284837125120034	0.9610550390134738
0.28483787112914555	0.9610625232962489
0.2848386169208509	0.9610700054306024
0.2848393624952358	0.961077485417353
0.2848401078523824	0.9610849632573195
0.2848408529923771	0.9610924389513192
0.28484159791530267	0.9610999125001704
0.2848423426212449	0.9611073839046896
0.28484308711028694	0.9611148531656942
0.28484383138251296	0.9611223202840001
0.28484457543800684	0.9611297852604237
0.2848453192768535	0.9611372480957807
0.28484606289913705	0.9611447087908861
0.2848468063049413	0.961152167346555
0.284847549494349	0.9611596237636016
0.28484829246744553	0.9611670780428404
0.284849035224315	0.9611745301850847
0.28484977776503984	0.9611819801911483
0.2848505200897049	0.9611894280618438
0.2848512621983948	0.9611968737979837
0.28485200409119055	0.9612043174003805
0.28485274576817865	0.9612117588698459
0.2848534872294416	0.961219198207191
0.2848542284750621	0.9612266354132274
0.28485496950512457	0.9612340704887652
0.28485571031971396	0.961241503434615
0.28485645091891093	0.9612489342515864
0.28485719130280196	0.9612563629404891
0.28485793147146693	0.9612637895021323
0.28485867142499277	0.9612712139373244
0.28485941116346003	0.961278636246874
0.28486015068695425	0.9612860564315889
0.2848608899955567	0.9612934744922769
0.28486162908935264	0.961300890429745
0.28486236796842335	0.9613083042448002
0.28486310663285275	0.9613157159382486
0.28486384508272306	0.9613231255108965
0.2848645833181194	0.9613305329635496
0.2848653213391231	0.9613379382970131
0.2848660591458178	0.961345341512092
0.2848667967382856	0.9613527426095907
0.28486753411661003	0.9613601415903135
0.2848682712808741	0.961367538455064
0.28486900823116024	0.9613749332046456
0.28486974496755085	0.9613823258398616
0.2848704814901303	0.9613897163615142
0.28487121779897917	0.9613971047704059
0.2848719538941821	0.9614044910673386
0.2848726897758188	0.9614118752531138
0.2848734254439755	0.9614192573285324
0.2848741608987326	0.9614266372943954
0.2848748961401727	0.9614340151515028
0.284875631168378	0.9614413909006551
0.28487636598343175	0.9614487645426516
0.28487710058541643	0.9614561360782915
0.2848778349744127	0.9614635055083737
0.2848785691505042	0.9614708728336967
0.2848793031137735	0.9614782380550584
0.28488003686430335	0.9614856011732568
0.284880770402173	0.9614929621890891
0.2848815037274679	0.9615003211033523
0.2848822368402676	0.9615076779168431
0.28488296974065536	0.9615150326303575
0.2848837024287136	0.9615223852446914
0.2848844349045242	0.9615297357606403
0.2848851671681678	0.9615370841789994
0.2848858992197272	0.961544430500563
0.28488663105928363	0.9615517747261261
0.28488736268692105	0.961559116856482
0.28488809410271904	0.9615664568924248
0.28488882530675924	0.9615737948347474
0.2848895562991241	0.9615811306842428
0.28489028707989567	0.9615884644417032
0.28489101764915503	0.9615957961079211
0.2848917480069838	0.961603125683688
0.2848924781534633	0.9616104531697953
0.28489320808867635	0.9616177785670338
0.28489393781270256	0.9616251018761944
0.28489466732562413	0.9616324230980672
0.28489539662752206	0.961639742233442
0.28489612571847833	0.9616470592831083
0.28489685459857483	0.9616543742478552
0.2848975832678913	0.9616616871284716
0.2848983117265089	0.9616689979257457
0.2848990399745102	0.9616763066404654
0.28489976801197714	0.9616836132734187
0.2849004958389869	0.9616909178253927
0.2849012234556249	0.961698220297174
0.28490195086196907	0.9617055206895495
0.2849026780581022	0.9617128190033052
0.2849034050441053	0.9617201152392267
0.2849041318200574	0.9617274093980998
0.28490485838604135	0.9617347014807092
0.2849055847421367	0.9617419914878397
0.28490631088842544	0.9617492794202754
0.2849070368249882	0.9617565652788007
0.28490776255190353	0.9617638490641989
0.2849084880692549	0.9617711307772532
0.2849092133771221	0.9617784104187461
0.2849099384755851	0.9617856879894606
0.2849106633647246	0.9617929634901786
0.2849113880446218	0.9618002369216816
0.2849121125153547	0.9618075082847514
0.28491283677700874	0.9618147775801684
0.28491356082965985	0.9618220448087137
0.2849142846733904	0.9618293099711674
0.2849150083082793	0.9618365730683094
0.28491573173440843	0.9618438341009191
0.2849164549518579	0.9618510930697759
0.2849171779607062	0.9618583499756583
0.2849179007610352	0.961865604819345
0.2849186233529253	0.9618728576016139
0.284919345736455	0.9618801083232427
0.2849200679117049	0.9618873569850088
0.2849207898787557	0.9618946035876891
0.28492151163768725	0.9619018481320603
0.2849222331885795	0.9619090906188983
0.28492295453151045	0.9619163310489794
0.28492367566656346	0.9619235694230789
0.2849243965938161	0.961930805741972
0.28492511731334824	0.9619380400064333
0.28492583782524017	0.9619452722172375
0.28492655812957207	0.9619525023751585
0.2849272782264219	0.9619597304809698
0.2849279981158697	0.9619669565354452
0.28492871779799717	0.9619741805393572
0.28492943727288206	0.9619814024934786
0.28493015654060416	0.9619886223985817
0.2849308756012424	0.9619958402554383
0.28493159445487903	0.9620030560648197
0.28493231310158934	0.9620102698274975
0.28493303154145494	0.962017481544242
0.2849337497745555	0.962024691215824
0.2849344678009692	0.9620318988430135
0.2849351856207766	0.9620391044265801
0.28493590323405543	0.9620463079672933
0.28493662064088626	0.9620535094659219
0.28493733784134645	0.9620607089232345
0.2849380548355165	0.9620679063399996
0.28493877162347586	0.9620751017169848
0.28493948820530135	0.9620822950549581
0.2849402045810755	0.9620894863546862
0.28494092075087396	0.9620966756169363
0.28494163671477823	0.9621038628424745
0.28494235247286437	0.9621110480320673
0.2849430680252143	0.9621182311864802
0.2849437833719038	0.9621254123064786
0.2849444985130141	0.9621325913928277
0.284945213448623	0.962139768446292
0.28494592817880865	0.962146943467636
0.284946642703651	0.9621541164576234
0.284947357023227	0.9621612874170179
0.2849480711376165	0.9621684563465829
0.2849487850468975	0.9621756232470812
0.2849494987511498	0.9621827881192752
0.28495021225044803	0.9621899509639273
0.28495092554487544	0.9621971117817991
0.2849516386345071	0.9622042705736524
0.28495235151942333	0.9622114273402479
0.2849530641997018	0.9622185820823466
0.2849537766754194	0.9622257348007088
0.2849544889466574	0.9622328854960945
0.28495520101349053	0.9622400341692635
0.2849559128759995	0.962247180820975
0.28495662453426096	0.9622543254519883
0.2849573359883545	0.9622614680630615
0.28495804723835744	0.9622686086549533
0.2849587582843465	0.9622757472284214
0.28495946912640174	0.9622828837842233
0.28496017976459986	0.9622900183231164
0.28496089019901916	0.9622971508458574
0.2849616004297378	0.962304281353203
0.2849623104568315	0.9623114098459091
0.28496302028038195	0.9623185363247316
0.28496372990046365	0.9623256607904259
0.28496443931715565	0.9623327832437472
0.28496514853053617	0.96233990368545
0.28496585754068027	0.9623470221162889
0.2849665663476685	0.9623541385370178
0.28496727495157714	0.9623612529483903
0.28496798335248386	0.9623683653511599
0.2849686915504665	0.9623754757460797
0.28496939954560213	0.962382584133902
0.2849701073379678	0.9623896905153793
0.28497081492764154	0.9623967948912633
0.28497152231470013	0.9624038972623057
0.2849722294992221	0.9624109976292579
0.2849729364812829	0.9624180959928702
0.28497364326096203	0.9624251923538937
0.28497434983833436	0.9624322867130783
0.2849750562134775	0.962439379071174
0.28497576238647077	0.9624464694289301
0.28497646835738893	0.9624535577870957
0.28497717412631046	0.9624606441464196
0.2849778796933111	0.9624677285076504
0.2849785850584681	0.962474810871536
0.2849792902218586	0.962481891238824
0.2849799951835603	0.9624889696102619
0.2849806999436492	0.9624960459865968
0.2849814045022019	0.9625031203685754
0.2849821088592965	0.9625101927569439
0.2849828130150084	0.9625172631524483
0.28498351696941504	0.9625243315558343
0.28498422072259266	0.9625313979678473
0.28498492427461847	0.9625384623892319
0.2849856276255684	0.962545524820733
0.28498633077551927	0.9625525852630946
0.2849870337245484	0.9625596437170609
0.2849877364727318	0.9625667001833752
0.2849884390201453	0.962573754662781
0.2849891413668646	0.9625808071560207
0.28498984351296935	0.9625878576638373
0.2849905454585329	0.9625949061869725
0.2849912472036329	0.9626019527261686
0.2849919487483448	0.9626089972821668
0.2849926500927465	0.9626160398557082
0.28499335123691183	0.9626230804475339
0.2849940521809187	0.962630119058384
0.2849947529248425	0.9626371556889987
0.2849954534687603	0.962644190340118
0.2849961538127464	0.9626512230124809
0.28499685395687885	0.9626582537068268
0.2849975539012328	0.9626652824238942
0.2849982536458835	0.9626723091644218
0.2849989531909075	0.9626793339291473
0.28499965253638065	0.9626863567188085
0.28500035168237925	0.9626933775341429
0.2850010506289783	0.9627003963758874
0.28500174937625417	0.9627074132447786
0.2850024479242817	0.962714428141553
0.2850031462731392	0.9627214410669462
0.28500384442289806	0.9627284520216944
0.2850045423736384	0.9627354610065326
0.28500524012543316	0.9627424680221957
0.2850059376783578	0.9627494730694185
0.2850066350324897	0.9627564761489351
0.28500733218790236	0.9627634772614797
0.285008029144672	0.9627704764077856
0.2850087259028744	0.9627774735885861
0.2850094224625854	0.9627844688046142
0.2850101188238781	0.9627914620566026
0.2850108149868306	0.9627984533452832
0.2850115109515165	0.9628054426713885
0.285012206718012	0.9628124300356493
0.2850129022863906	0.9628194154387973
0.28501359765672923	0.9628263988815632
0.2850142928291026	0.9628333803646776
0.2850149878035863	0.9628403598888706
0.28501568258025395	0.9628473374548723
0.28501637715918177	0.962854313063412
0.28501707154044437	0.962861286715219
0.28501776572411636	0.962868258411022
0.2850184597102729	0.9628752281515497
0.2850191534989894	0.9628821959375301
0.2850198470903402	0.9628891617696912
0.28502054048440123	0.9628961256487604
0.285021233681245	0.9629030875754647
0.2850219266809475	0.9629100475505313
0.2850226194835845	0.9629170055746864
0.2850233120892286	0.9629239616486562
0.2850240044979563	0.9629309157731666
0.2850246967098408	0.9629378679489429
0.28502538872495825	0.9629448181767103
0.28502608054338163	0.9629517664571937
0.28502677216518557	0.9629587127911177
0.2850274635904454	0.962965657179206
0.2850281548192358	0.9629725996221826
0.28502884585162946	0.9629795401207711
0.28502953668770253	0.9629864786756946
0.2850302273275277	0.9629934152876759
0.28503091777118095	0.9630003499574373
0.2850316080187352	0.963007282685701
0.2850322980702662	0.9630142134731888
0.2850329879258462	0.9630211423206222
0.28503367758555065	0.9630280692287221
0.2850343670494537	0.9630349941982096
0.28503505631762804	0.9630419172298048
0.2850357453901493	0.9630488383242283
0.2850364342670904	0.9630557574821995
0.28503712294852757	0.963062674704438
0.2850378114345312	0.9630695899916629
0.2850384997251775	0.963076503344593
0.2850391878205392	0.9630834147639468
0.2850398757206913	0.9630903242504423
0.2850405634257063	0.9630972318047973
0.2850412509356603	0.9631041374277294
0.2850419382506252	0.9631110411199557
0.2850426253706738	0.9631179428821929
0.2850433122958813	0.9631248427151574
0.2850439990263216	0.9631317406195656
0.28504468556206697	0.9631386365961331
0.28504537190319107	0.9631455306455756
0.2850460580497699	0.9631524227686079
0.28504674400187263	0.963159312965945
0.2850474297595772	0.9631662012383013
0.2850481153229534	0.9631730875863913
0.28504880069207755	0.9631799720109283
0.28504948586701984	0.9631868545126262
0.2850501708478567	0.9631937350921979
0.2850508556346599	0.9632006137503564
0.28505154022750234	0.9632074904878142
0.28505222462645696	0.9632143653052834
0.2850529088315993	0.9632212382034758
0.28505359284300125	0.963228109183103
0.2850542766607341	0.9632349782448764
0.28505496028487265	0.9632418453895065
0.28505564371548925	0.963248710617704
0.28505632695265776	0.9632555739301791
0.2850570099964506	0.9632624353276416
0.2850576928469407	0.9632692948108013
0.2850583755042016	0.9632761523803671
0.2850590579683054	0.963283008037048
0.28505974023932523	0.9632898617815528
0.2850604223173342	0.9632967136145896
0.28506110420240394	0.9633035635368662
0.2850617858946083	0.9633104115490903
0.2850624673940199	0.9633172576519691
0.2850631487007104	0.9633241018462096
0.2850638298147531	0.9633309441325184
0.28506451073622185	0.9633377845116019
0.2850651914651869	0.9633446229841659
0.28506587200172195	0.9633514595509161
0.28506655234589917	0.9633582942125578
0.28506723249779176	0.9633651269697959
0.285067912457472	0.9633719578233354
0.28506859222501063	0.9633787867738801
0.28506927180048264	0.9633856138221344
0.2850699511839581	0.963392438968802
0.28507063037550995	0.963399262214586
0.2850713093752117	0.9634060835601899
0.28507198818313345	0.9634129030063159
0.2850726667993485	0.9634197205536665
0.28507334522392946	0.9634265362029443
0.2850740234569482	0.9634333499548501
0.28507470149847625	0.9634401618100863
0.2850753793485857	0.9634469717693533
0.28507605700734834	0.9634537798333523
0.285076734474837	0.9634605860027837
0.28507741175112383	0.9634673902783474
0.2850780888362796	0.9634741926607433
0.2850787657303769	0.963480993150671
0.28507944243348804	0.9634877917488297
0.28508011894568314	0.9634945884559182
0.2850807952670359	0.9635013832726348
0.2850814713976169	0.9635081761996781
0.28508214733749804	0.9635149672377455
0.28508282308675204	0.9635217563875351
0.28508349864544746	0.9635285436497438
0.28508417401366004	0.9635353290250686
0.28508484919145816	0.9635421125142062
0.2850855241789147	0.9635488941178527
0.2850861989761014	0.9635556738367043
0.2850868735830902	0.9635624516714563
0.28508754799995056	0.9635692276228043
0.285088222226755	0.9635760016914433
0.28508889626357514	0.9635827738780678
0.285089570110483	0.9635895441833723
0.2850902437675481	0.963596312608051
0.2850909172348428	0.9636030791527973
0.2850915905124384	0.9636098438183047
0.28509226360040435	0.9636166066052666
0.28509293649881623	0.9636233675143752
0.2850936092077399	0.9636301265463234
0.28509428172724993	0.9636368837018034
0.2850949540574159	0.9636436389815066
0.2850956261983092	0.9636503923861248
0.2850962981500025	0.9636571439163492
0.2850969699125621	0.9636638935728705
0.2850976414860641	0.9636706413563794
0.28509831287057724	0.963677387267566
0.28509898406617196	0.9636841313071203
0.2850996550729198	0.9636908734757319
0.2851003258908915	0.9636976137740901
0.2851009965201578	0.9637043522028839
0.2851016669607896	0.9637110887628018
0.2851023372128566	0.9637178234545322
0.2851030072764296	0.9637245562787631
0.28510367715158097	0.9637312872361824
0.28510434683838054	0.9637380163274774
0.28510501633689816	0.9637447435533347
0.2851056856472045	0.9637514689144419
0.2851063547693703	0.9637581924114849
0.2851070237034664	0.96376491404515
0.28510769244956263	0.9637716338161229
0.28510836100773024	0.9637783517250892
0.28510902937803834	0.963785067772734
0.28510969756055815	0.9637917819597422
0.2851103655553597	0.9637984942867984
0.2851110333625135	0.963805204754587
0.28511170098209127	0.9638119133637916
0.2851123684141595	0.9638186201150962
0.285113035658792	0.9638253250091836
0.28511370271605735	0.9638320280467372
0.2851143695860249	0.9638387292284397
0.2851150362687649	0.9638454285549732
0.28511570276434955	0.96385212602702
0.28511636907284565	0.9638588216452618
0.28511703519432624	0.9638655154103798
0.28511770112886103	0.9638722073230553
0.2851183668765171	0.9638788973839694
0.28511903243736686	0.9638855855938021
0.2851196978114791	0.9638922719532337
0.28512036299892435	0.9638989564629442
0.28512102799977135	0.9639056391236133
0.28512169281408956	0.9639123199359201
0.28512235744195213	0.9639189989005434
0.2851230218834253	0.9639256760181619
0.2851236861385791	0.9639323512894541
0.2851243502074832	0.9639390247150978
0.285125014090209	0.9639456962957709
0.2851256777868246	0.9639523660321506
0.2851263412973992	0.9639590339249141
0.28512700462200213	0.9639656999747382
0.2851276677607056	0.9639723641822994
0.2851283307135754	0.9639790265482735
0.28512899348068316	0.9639856870733369
0.28512965606209684	0.9639923457581646
0.285130318457888	0.9639990026034322
0.28513098066812326	0.9640056576098145
0.2851316426928731	0.9640123107779861
0.28513230453220645	0.9640189621086214
0.28513296618619405	0.9640256116023942
0.2851336276549026	0.9640322592599784
0.2851342889384024	0.964038905082047
0.285134950036764	0.9640455490692735
0.2851356109500545	0.9640521912223308
0.28513627167834316	0.9640588315418909
0.2851369322216993	0.964065470028626
0.2851375925801915	0.9640721066832081
0.28513825275389043	0.9640787415063088
0.28513891274286335	0.9640853744985992
0.2851395725471791	0.9640920056607504
0.28514023216690704	0.9640986349934327
0.2851408916021156	0.9641052624973168
0.28514155085287496	0.9641118881730723
0.2851422099192525	0.9641185120213691
0.2851428688013163	0.9641251340428767
0.2851435274991368	0.9641317542382642
0.285144186012781	0.9641383726082003
0.2851448443423199	0.9641449891533534
0.28514550248781867	0.9641516038743917
0.285146160449349	0.9641582167719833
0.2851468182269779	0.9641648278467954
0.2851474758207731	0.9641714370994956
0.28514813323080607	0.9641780445307507
0.28514879045714214	0.9641846501412273
0.2851494474998509	0.964191253931592
0.2851501043590013	0.9641978559025104
0.28515076103466075	0.9642044560546487
0.28515141752689777	0.964211054388672
0.2851520738357809	0.9642176509052458
0.2851527299613768	0.9642242456050347
0.2851533859037556	0.9642308384887034
0.2851540416629861	0.9642374295569157
0.28515469723913506	0.964244018810336
0.2851553526322706	0.9642506062496277
0.28515600784246203	0.9642571918754541
0.28515666286977565	0.9642637756884784
0.28515731771428	0.9642703576893633
0.2851579723760425	0.9642769378787712
0.28515862685513405	0.9642835162573639
0.2851592811516189	0.9642900928258036
0.2851599352655671	0.9642966675847516
0.2851605891970459	0.9643032405348695
0.28516124294612316	0.9643098116768176
0.28516189651286616	0.964316381011257
0.28516254989734396	0.9643229485388477
0.2851632030996226	0.9643295142602499
0.28516385611977113	0.9643360781761233
0.28516450895785656	0.9643426402871272
0.28516516161394784	0.9643492005939209
0.2851658140881106	0.9643557590971631
0.28516646638041426	0.9643623157975123
0.28516711849092446	0.9643688706956266
0.28516777041970937	0.9643754237921642
0.28516842216683724	0.9643819750877825
0.2851690737323762	0.9643885245831388
0.28516972511639194	0.9643950722788902
0.28517037631895203	0.9644016181756935
0.28517102734012445	0.9644081622742049
0.28517167817997674	0.9644147045750807
0.28517232883857563	0.9644212450789766
0.2851729793159887	0.9644277837865483
0.28517362961228293	0.9644343206984509
0.28517427972752574	0.9644408558153393
0.2851749296617844	0.9644473891378684
0.28517557941512495	0.9644539206666922
0.28517622898761574	0.964460450402465
0.2851768783793241	0.9644669783458402
0.2851775275903175	0.9644735044974715
0.28517817662065964	0.9644800288580121
0.28517882547042134	0.9644865514281147
0.2851794741396688	0.9644930722084318
0.28518012262846665	0.9644995911996159
0.2851807709368849	0.9645061084023189
0.28518141906498695	0.9645126238171924
0.28518206701284304	0.9645191374448877
0.285182714780519	0.964525649286056
0.2851833623680794	0.9645321593413481
0.28518400977559283	0.9645386676114145
0.2851846570031269	0.9645451740969051
0.2851853040507469	0.9645516787984701
0.28518595091851934	0.9645581817167592
0.28518659760651216	0.9645646828524214
0.2851872441147905	0.9645711822061058
0.28518789044342074	0.9645776797784613
0.28518853659247095	0.964584175570136
0.2851891825620062	0.9645906695817785
0.28518982835209505	0.9645971618140362
0.2851904739628012	0.9646036522675568
0.2851911193941928	0.9646101409429877
0.28519176464633594	0.9646166278409757
0.2851924097192974	0.9646231129621673
0.28519305461314104	0.9646295963072091
0.2851936993279361	0.9646360778767474
0.28519434386374765	0.9646425576714275
0.28519498822064177	0.9646490356918952
0.28519563239868434	0.9646555119387956
0.28519627639794304	0.9646619864127737
0.28519692021848164	0.964668459114474
0.28519756386036926	0.9646749300445407
0.28519820732366824	0.9646813992036184
0.28519885060844835	0.9646878665923502
0.2851994937147724	0.9646943322113798
0.28520013664270893	0.9647007960613505
0.2852007793923215	0.964707258142905
0.2852014219636784	0.9647137184566859
0.28520206435684475	0.9647201770033355
0.28520270657188507	0.9647266337834959
0.2852033486088673	0.9647330887978086
0.2852039904678548	0.9647395420469151
0.2852046321489159	0.9647459935314565
0.285205273652114	0.9647524432520739
0.28520591497751635	0.9647588912094077
0.285206556125189	0.9647653374040979
0.2852071970951951	0.9647717818367847
0.28520783788760184	0.9647782245081079
0.28520847850247605	0.9647846654187067
0.2852091189398817	0.9647911045692201
0.285209759199885	0.9647975419602872
0.2852103992825498	0.9648039775925463
0.28521103918794477	0.9648104114666357
0.2852116789161316	0.9648168435831934
0.28521231846717837	0.9648232739428572
0.285212957841149	0.9648297025462641
0.2852135970381105	0.9648361293940514
0.285214236058126	0.9648425544868559
0.28521487490126274	0.9648489778253139
0.2852155135675847	0.9648553994100619
0.2852161520571579	0.9648618192417359
0.2852167903700469	0.964868237320971
0.2852174285063164	0.9648746536484034
0.2852180664660328	0.9648810682246673
0.2852187042492616	0.9648874810503981
0.2852193418560645	0.9648938921262301
0.28521997928650983	0.9649003014527975
0.2852206165406628	0.9649067090307342
0.2852212536185862	0.9649131148606739
0.2852218905203476	0.9649195189432498
0.28522252724600805	0.9649259212790953
0.2852231637956367	0.9649323218688428
0.2852238001692952	0.964938720713125
0.2852244363670495	0.9649451178125741
0.285225072388965	0.9649515131678221
0.28522570823510607	0.9649579067795006
0.28522634390553714	0.9649642986482408
0.28522697940032354	0.9649706887746738
0.2852276147195291	0.9649770771594307
0.2852282498632184	0.9649834638031417
0.2852288848314583	0.964989848706437
0.2852295196243109	0.9649962318699467
0.2852301542418406	0.9650026132943005
0.2852307886841135	0.9650089929801275
0.28523142295119325	0.965015370928057
0.2852320570431447	0.9650217471387178
0.2852326909600321	0.9650281216127383
0.2852333247019196	0.9650344943507468
0.2852339582688728	0.9650408653533713
0.2852345916609551	0.9650472346212394
0.285235224878229	0.9650536021549785
0.2852358579207618	0.9650599679552156
0.28523649078861696	0.9650663320225779
0.28523712348185815	0.9650726943576914
0.2852377560005496	0.9650790549611828
0.28523838834475596	0.9650854138336779
0.2852390205145407	0.9650917709758023
0.2852396525099681	0.9650981263881816
0.28524028433110254	0.965104480071441
0.28524091597800766	0.965110832026205
0.2852415474507481	0.9651171822530985
0.28524217874938795	0.9651235307527454
0.28524280987399114	0.9651298775257702
0.2852434408246195	0.9651362225727963
0.28524407160133997	0.9651425658944471
0.28524470220421533	0.9651489074913462
0.2852453326333091	0.965155247364116
0.2852459628886856	0.9651615855133792
0.28524659297040733	0.9651679219397584
0.285247222878539	0.9651742566438754
0.2852478526131446	0.9651805896263519
0.2852484821742881	0.9651869208878097
0.2852491115620336	0.9651932504288696
0.28524974077644233	0.9651995782501528
0.2852503698175787	0.96520590435228
0.2852509986855087	0.9652122287358715
0.2852516273802932	0.9652185514015473
0.2852522559019964	0.9652248723499273
0.28525288425068307	0.9652311915816311
0.2852535124264157	0.9652375090972775
0.28525414042925656	0.9652438248974861
0.2852547682592711	0.9652501389828753
0.2852553959165215	0.9652564513540636
0.28525602340107176	0.965262762011669
0.28525665071298456	0.9652690709563096
0.28525727785232413	0.9652753781886027
0.28525790481915336	0.9652816837091658
0.2852585316135347	0.965287987518616
0.2852591582355322	0.9652942896175699
0.2852597846852084	0.965300590006644
0.2852604109626267	0.9653068886864546
0.28526103706785116	0.9653131856576176
0.285261663000943	0.9653194809207487
0.2852622887619679	0.9653257744764631
0.2852629143509854	0.9653320663253759
0.28526353976806224	0.9653383564681024
0.2852641650132587	0.9653446449052564
0.2852647900866397	0.9653509316374526
0.28526541498826524	0.9653572166653052
0.285266039718201	0.9653634999894275
0.28526666427650904	0.9653697816104331
0.28526728866325285	0.9653760615289352
0.2852679128784937	0.9653823397455465
0.2852685369222953	0.96538861626088
0.28526916079472003	0.965394891075548
0.28526978449583146	0.9654011641901621
0.28527040802569054	0.9654074356053347
0.2852710313843625	0.9654137053216768
0.2852716545719076	0.9654199733398001
0.28527227758838947	0.9654262396603153
0.2852729004338694	0.9654325042838332
0.2852735231084134	0.9654387672109642
0.2852741456120809	0.9654450284423184
0.2852747679449344	0.9654512879785058
0.28527539010703745	0.9654575458201359
0.2852760120984524	0.9654638019678181
0.2852766339192413	0.9654700564221615
0.2852772555694678	0.9654763091837749
0.28527787704919155	0.9654825602532668
0.285278498358477	0.9654888096312453
0.28527911949738655	0.9654950573183185
0.28527974046598115	0.9655013033150941
0.28528036126432316	0.9655075476221795
0.28528098189247636	0.9655137902401819
0.2852816023505005	0.9655200311697082
0.28528222263846065	0.9655262704113651
0.2852828427564171	0.9655325079657585
0.28528346270443145	0.965538743833495
0.28528408248256704	0.9655449780151802
0.28528470209088524	0.9655512105114196
0.28528532152944863	0.9655574413228185
0.2852859407983187	0.9655636704499818
0.285286559897557	0.9655698978935144
0.28528717882722665	0.9655761236540206
0.28528779758738937	0.9655823477321045
0.2852884161781047	0.9655885701283703
0.28528903459943744	0.9655947908434214
0.2852896528514483	0.9656010098778613
0.2852902709341981	0.9656072272322931
0.28529088884775017	0.9656134429073194
0.28529150659216496	0.9656196569035431
0.28529212416750616	0.9656258692215661
0.28529274157383205	0.9656320798619908
0.2852933588112089	0.9656382888254187
0.2852939758796943	0.9656444961124514
0.28529459277935004	0.96565070172369
0.28529520951024007	0.9656569056597358
0.2852958260724255	0.965663107921189
0.2852964424659662	0.9656693085086504
0.28529705869092503	0.9656755074227199
0.28529767474736256	0.9656817046639973
0.2852982906353395	0.9656879002330826
0.28529890635491956	0.9656940941305747
0.28529952190616265	0.965700286357073
0.2853001372891299	0.965706476913176
0.285300752503883	0.9657126657994825
0.28530136755048285	0.9657188530165907
0.28530198242899263	0.9657250385650985
0.2853025971394708	0.9657312224456037
0.2853032116819803	0.965737404658704
0.2853038260565813	0.9657435852049961
0.28530444026333507	0.9657497640850775
0.2853050543023043	0.9657559412995445
0.2853056681735478	0.9657621168489937
0.2853062818771281	0.965768290734021
0.2853068954131051	0.9657744629552224
0.2853075087815402	0.9657806335131935
0.2853081219824964	0.9657868024085298
0.28530873501603154	0.9657929696418261
0.2853093478822081	0.9657991352136774
0.2853099605810873	0.9658052991246783
0.28531057311272867	0.9658114613754228
0.28531118547719464	0.9658176219665052
0.28531179767454495	0.9658237808985193
0.28531240970484056	0.9658299381720583
0.28531302156814137	0.9658360937877155
0.2853136332645094	0.9658422477460841
0.2853142447940066	0.9658484000477565
0.28531485615668983	0.9658545506933253
0.28531546735262314	0.9658606996833825
0.2853160783818662	0.9658668470185202
0.285316689244478	0.96587299269933
0.28531729994052196	0.9658791367264031
0.28531791047005584	0.965885279100331
0.2853185208331414	0.965891419821704
0.2853191310298401	0.9658975588911132
0.2853197410602106	0.9659036963091486
0.28532035092431457	0.9659098320764005
0.28532096062221113	0.9659159661934584
0.28532157015396303	0.9659220986609122
0.2853221795196269	0.965928229479351
0.28532278871926586	0.9659343586493636
0.28532339775294	0.965940486171539
0.285324006620709	0.9659466120464658
0.2853246153226319	0.965952736274732
0.28532522385877185	0.9659588588569256
0.2853258322291863	0.9659649797936344
0.2853264404339379	0.9659710990854457
0.28532704847308377	0.9659772167329467
0.2853276563466869	0.9659833327367244
0.2853282640548042	0.9659894470973657
0.28532887159749903	0.9659955598154565
0.2853294789748282	0.9660016708915834
0.2853300861868551	0.9660077803263317
0.2853306932336371	0.9660138881202878
0.285331300115235	0.9660199942740363
0.28533190683170917	0.9660260987881628
0.28533251338311894	0.9660322016632521
0.28533311976952314	0.9660383028998885
0.2853337259909833	0.9660444024986563
0.28533433204755887	0.9660505004601401
0.2853349379393094	0.9660565967849231
0.2853355436662934	0.966062691473589
0.28533614922857287	0.9660687845267214
0.2853367546262057	0.966074875944903
0.2853373598592529	0.9660809657287166
0.28533796492777314	0.9660870538787447
0.2853385698318268	0.9660931403955696
0.2853391745714723	0.9660992252797733
0.2853397791467704	0.9661053085319375
0.28534038355777874	0.9661113901526438
0.2853409878045587	0.9661174701424733
0.28534159188716995	0.9661235485020068
0.28534219580567083	0.9661296252318252
0.2853427995601206	0.9661357003325088
0.28534340315058004	0.9661417738046381
0.28534400657710657	0.9661478456487926
0.28534460983976206	0.9661539158655523
0.285345212938603	0.9661599844554964
0.2853458158736896	0.9661660514192042
0.2853464186450824	0.9661721167572546
0.28534702125283934	0.9661781804702261
0.28534762369702066	0.9661842425586973
0.2853482259776836	0.966190303023246
0.28534882809489026	0.9661963618644503
0.2853494300486973	0.9662024190828878
0.2853500318391642	0.9662084746791358
0.2853506334663524	0.9662145286537716
0.28535123493031644	0.9662205810073718
0.2853518362311188	0.966226631740513
0.28535243736881843	0.9662326808537719
0.2853530383434725	0.9662387283477242
0.28535363915514195	0.9662447742229456
0.28535423980388297	0.9662508184800122
0.2853548402897565	0.9662568611194989
0.28535544061282186	0.9662629021419811
0.28535604077313653	0.9662689415480332
0.2853566407707586	0.96627497933823
0.28535724060574985	0.9662810155131458
0.28535784027816596	0.9662870500733547
0.28535843978806796	0.9662930830194302
0.2853590391355124	0.9662991143519462
0.2853596383205601	0.9663051440714757
0.28536023734326765	0.966311172178592
0.28536083620369435	0.9663171986738676
0.28536143490190025	0.9663232235578753
0.28536203343794175	0.9663292468311871
0.28536263181187854	0.9663352684943752
0.28536323002377	0.9663412885480113
0.28536382807367233	0.966347306992667
0.2853644259616459	0.9663533238289135
0.28536502368774724	0.9663593390573215
0.28536562125203757	0.9663653526784622
0.28536621865457323	0.9663713646929061
0.2853668158954131	0.9663773751012231
0.2853674129746137	0.9663833839039836
0.2853680098922367	0.966389391101757
0.2853686066483388	0.966395396695113
0.2853692032429778	0.9664014006846207
0.2853697996762124	0.9664074030708492
0.2853703959481004	0.9664134038543671
0.28537099205870115	0.9664194030357433
0.28537158800807055	0.9664254006155454
0.28537218379626883	0.966431396594342
0.2853727794233536	0.9664373909727002
0.28537337488938225	0.9664433837511881
0.2853739701944132	0.9664493749303725
0.2853745653385052	0.9664553645108208
0.28537516032171406	0.9664613524930994
0.28537575514410035	0.9664673388777748
0.2853763498057209	0.9664733236654134
0.2853769443066328	0.9664793068565809
0.28537753864689563	0.9664852884518433
0.28537813282656543	0.9664912684517661
0.2853787268457008	0.9664972468569145
0.2853793207043604	0.9665032236678532
0.28537991440260047	0.9665091988851473
0.2853805079404805	0.9665151725093613
0.2853811013180576	0.966521144541059
0.28538169453538786	0.9665271149808049
0.2853822875925302	0.9665330838291624
0.28538288048954313	0.966539051086695
0.2853834732264839	0.9665450167539662
0.2853840658034071	0.9665509808315389
0.2853846582203748	0.9665569433199755
0.28538525047744284	0.9665629042198393
0.28538584257466715	0.9665688635316916
0.28538643451210766	0.9665748212560951
0.28538702628981977	0.966580777393611
0.2853876179078634	0.9665867319448014
0.2853882093662927	0.9665926849102273
0.28538880066516825	0.9665986362904494
0.28538939180454465	0.966604586086029
0.28538998278448174	0.9666105342975262
0.2853905736050355	0.9666164809255015
0.28539116426626243	0.9666224259705148
0.2853917547682213	0.966628369433126
0.285392345110969	0.9666343113138945
0.28539293529456283	0.9666402516133799
0.2853935253190582	0.9666461903321408
0.2853941151845137	0.9666521274707363
0.285394704890988	0.9666580630297246
0.285395294438535	0.9666639970096643
0.2853958838272147	0.9666699294111136
0.2853964730570828	0.96667586023463
0.28539706212819593	0.9666817894807711
0.28539765104061204	0.9666877171500944
0.2853982397943883	0.9666936432431568
0.2853988283895797	0.9666995677605151
0.2853994168262461	0.966705490702726
0.28540000510444063	0.9667114120703459
0.2854005932242227	0.9667173318639308
0.2854011811856492	0.9667232500840367
0.285401768988777	0.9667291667312188
0.28540235663366287	0.9667350818060328
0.2854029441203634	0.9667409953090338
0.2854035314489327	0.9667469072407766
0.28540411861943266	0.9667528176018158
0.28540470563191506	0.9667587263927058
0.2854052924864401	0.9667646336140009
0.2854058791830634	0.9667705392662547
0.28540646572183903	0.9667764433500212
0.28540705210282735	0.9667823458658535
0.28540763832608457	0.9667882468143049
0.2854082243916645	0.9667941461959284
0.28540881029962467	0.9668000440112765
0.28540939605002225	0.9668059402609019
0.28540998164291426	0.9668118349453565
0.2854105670783563	0.9668177280651925
0.28541115235640546	0.9668236196209615
0.2854117374771168	0.9668295096132149
0.2854123224405473	0.9668353980425041
0.28541290724675455	0.9668412849093799
0.285413491895793	0.9668471702143931
0.28541407638771965	0.9668530539580944
0.28541466072259053	0.9668589361410339
0.28541524490046355	0.9668648167637615
0.28541582892139267	0.9668706958268272
0.28541641278543534	0.9668765733307801
0.28541699649264696	0.9668824492761703
0.28541758004308404	0.966888323663546
0.2854181634368034	0.9668941964934565
0.2854187466738599	0.9669000677664503
0.2854193297543101	0.9669059374830759
0.2854199126782117	0.9669118056438808
0.2854204954456172	0.9669176722494135
0.2854210780565849	0.9669235373002212
0.2854216605111712	0.9669294007968515
0.28542224280943046	0.9669352627398515
0.28542282495142035	0.9669411231297679
0.285423406937195	0.9669469819671476
0.28542398876681147	0.9669528392525368
0.2854245704403248	0.9669586949864818
0.28542515195779167	0.9669645491695286
0.28542573331926746	0.9669704018022227
0.285426314524808	0.9669762528851098
0.28542689557446815	0.9669821024187348
0.28542747646830513	0.9669879504036429
0.2854280572063738	0.9669937968403787
0.28542863778872996	0.9669996417294869
0.2854292182154285	0.9670054850715116
0.28542979848652655	0.9670113268669969
0.2854303786020791	0.9670171671164864
0.2854309585621404	0.9670230058205239
0.28543153836676677	0.9670288429796526
0.285432118016016	0.9670346785944156
0.28543269750994044	0.9670405126653556
0.2854332768485983	0.9670463451930154
0.2854338560320417	0.9670521761779372
0.2854344350603276	0.9670580056206631
0.28543501393351256	0.9670638335217352
0.28543559265165136	0.9670696598816949
0.28543617121479886	0.9670754847010837
0.2854367496230099	0.9670813079804429
0.2854373278763423	0.9670871297203131
0.285437905974847	0.9670929499212353
0.28543848391858373	0.96709876858375
0.2854390617076036	0.9671045857083973
0.28543963934196576	0.967110401295717
0.28544021682172327	0.9671162153462491
0.2854407941469295	0.9671220278605331
0.2854413713176438	0.9671278388391082
0.28544194833391867	0.9671336482825136
0.28544252519580954	0.9671394561912877
0.2854431019033713	0.9671452625659697
0.28544367845665947	0.9671510674070974
0.285444254855728	0.9671568707152093
0.28544483110063334	0.967162672490843
0.2854454071914296	0.967168472734536
0.2854459831281707	0.9671742714468262
0.2854465589109142	0.9671800686282503
0.2854471345397136	0.9671858642793455
0.28544771001462205	0.9671916584006482
0.285448285335697	0.9671974509926954
0.2854488605029917	0.9672032420560226
0.2854494355165611	0.9672090315911663
0.2854500103764624	0.9672148195986622
0.2854505850827458	0.9672206060790458
0.28545115963546985	0.9672263910328522
0.2854517340346863	0.9672321744606167
0.28545230828045337	0.967237956362874
0.2854528823728217	0.9672437367401587
0.28545345631185054	0.9672495155930051
0.2854540300975883	0.9672552929219476
0.2854546037300946	0.9672610687275197
0.2854551772094223	0.9672668430102552
0.2854557505356262	0.9672726157706878
0.28545632370876123	0.9672783870093502
0.28545689672887925	0.9672841567267756
0.28545746959603957	0.9672899249234969
0.28545804231029065	0.9672956916000464
0.285458614871692	0.9673014567569563
0.28545918728029446	0.9673072203947588
0.2854597595361542	0.9673129825139856
0.28546033163932655	0.9673187431151682
0.28546090358986276	0.967324502198838
0.2854614753878198	0.9673302597655262
0.2854620470332503	0.9673360158157637
0.28546261852620886	0.9673417703500808
0.2854631898667512	0.9673475233690083
0.2854637610549285	0.9673532748730763
0.2854643320907979	0.9673590248628144
0.2854649029744118	0.9673647733387527
0.28546547370582437	0.9673705203014207
0.285466044285091	0.9673762657513473
0.2854666147122635	0.9673820096890619
0.2854671849873982	0.967387752115093
0.28546775511054656	0.9673934930299694
0.28546832508176606	0.9673992324342192
0.28546889490110766	0.9674049703283707
0.2854694645686264	0.9674107067129518
0.28547003408437666	0.9674164415884899
0.2854706034484117	0.9674221749555126
0.28547117266078414	0.9674279068145472
0.2854717417215505	0.9674336371661202
0.2854723106307621	0.9674393660107588
0.2854728793884751	0.9674450933489893
0.2854734479947418	0.9674508191813379
0.28547401644961645	0.9674565435083308
0.28547458475315146	0.9674622663304937
0.28547515290540265	0.9674679876483522
0.28547572090642254	0.9674737074624317
0.28547628875626396	0.9674794257732571
0.2854768564549835	0.9674851425813537
0.28547742400262965	0.9674908578872459
0.28547799139926106	0.967496571691458
0.28547855864492827	0.9675022839945145
0.28547912573968653	0.9675079947969393
0.28547969268358847	0.9675137040992563
0.2854802594766875	0.9675194119019885
0.2854808261190367	0.9675251182056599
0.2854813926106915	0.967530823010793
0.2854819589517033	0.9675365263179109
0.2854825251421246	0.9675422281275362
0.2854830911820127	0.9675479284401911
0.2854836570714173	0.9675536272563982
0.2854842228103934	0.967559324576679
0.2854847883989941	0.9675650204015555
0.2854853538372716	0.967570714731549
0.2854859191252791	0.9675764075671809
0.2854864842630714	0.967582098908972
0.2854870492507017	0.9675877887574434
0.28548761408822193	0.9675934771131155
0.28548817877568505	0.9675991639765086
0.28548874331314694	0.967604849348143
0.28548930770065617	0.9676105332285385
0.2854898719382703	0.9676162156182148
0.28549043602603835	0.9676218965176913
0.2854909999640161	0.9676275759274872
0.2854915637522568	0.9676332538481216
0.2854921273908126	0.9676389302801132
0.28549269087973445	0.9676446052239807
0.28549325421907856	0.9676502786802422
0.2854938174088965	0.9676559506494158
0.28549438044924075	0.9676616211320196
0.28549494334016484	0.9676672901285711
0.28549550608172236	0.9676729576395877
0.28549606867396354	0.9676786236655867
0.28549663111694296	0.967684288207085
0.28549719341071356	0.9676899512645993
0.2854977555553276	0.9676956128386462
0.2854983175508384	0.9677012729297422
0.285498879397297	0.967706931538403
0.2854994410947594	0.9677125886651448
0.2855000026432742	0.9677182443104828
0.2855005640428969	0.9677238984749328
0.2855011252936784	0.9677295511590099
0.28550168639567275	0.967735202363229
0.28550224734893187	0.9677408520881049
0.28550280815350815	0.9677465003341521
0.2855033688094555	0.9677521471018847
0.2855039293168229	0.9677577923918171
0.28550448967566644	0.9677634362044629
0.28550504988603725	0.9677690785403359
0.2855056099479875	0.9677747193999494
0.285506169861571	0.9677803587838165
0.2855067296268366	0.9677859966924504
0.2855072892438401	0.9677916331263637
0.2855078487126335	0.9677972680860688
0.2855084080332679	0.9678029015720783
0.28550896720579577	0.9678085335849039
0.2855095262302694	0.9678141641250576
0.28551008510674236	0.9678197931930511
0.2855106438352641	0.9678254207893959
0.2855112024158909	0.9678310469146029
0.28551176084867175	0.9678366715691831
0.28551231913365915	0.9678422947536475
0.28551287727090563	0.9678479164685064
0.2855134352604634	0.9678535367142703
0.28551399310238473	0.9678591554914491
0.2855145507967222	0.9678647728005527
0.28551510834352645	0.9678703886420907
0.2855156657428507	0.9678760030165726
0.2855162229947451	0.9678816159245076
0.2855167800992642	0.9678872273664048
0.2855173370564576	0.9678928373427725
0.2855178938663786	0.9678984458541197
0.28551845052907954	0.9679040529009547
0.28551900704461175	0.9679096584837853
0.28551956341302576	0.9679152626031196
0.2855201196343745	0.9679208652594652
0.2855206757087102	0.9679264664533297
0.285521231636085	0.9679320661852199
0.28552178741654866	0.9679376644556432
0.28552234305015556	0.9679432612651063
0.2855228985369542	0.9679488566141157
0.2855234538769994	0.9679544505031779
0.2855240090703414	0.9679600429327987
0.2855245641170314	0.9679656339034843
0.28552511901712263	0.9679712234157404
0.28552567377066534	0.9679768114700723
0.28552622837771	0.9679823980669852
0.28552678283831207	0.9679879832069843
0.28552733715251966	0.9679935668905745
0.285527891320385	0.96799914911826
0.2855284453419597	0.9680047298905459
0.2855289992172962	0.9680103092079356
0.2855295529464434	0.9680158870709336
0.2855301065294562	0.9680214634800431
0.2855306599663829	0.9680270384357682
0.2855312132572779	0.9680326119386118
0.2855317664021882	0.9680381839890772
0.28553231940117	0.9680437545876671
0.2855328722542713	0.9680493237348841
0.2855334249615461	0.9680548914312309
0.2855339775230425	0.9680604576772094
0.28553452993881473	0.9680660224733217
0.28553508220891005	0.9680715858200698
0.2855356343333838	0.9680771477179549
0.28553618631228705	0.9680827081674785
0.28553673814566627	0.968088267169142
0.2855372898335786	0.9680938247234457
0.28553784137607036	0.9680993808308911
0.28553839277319576	0.968104935491978
0.28553894402500385	0.968110488707207
0.285539495131547	0.9681160404770779
0.28554004609287553	0.9681215908020908
0.28554059690904093	0.9681271396827452
0.28554114758009363	0.9681326871195405
0.28554169810608543	0.9681382331129759
0.2855422484870649	0.9681437776635505
0.2855427987230866	0.968149320771763
0.28554334881419813	0.9681548624381118
0.28554389876045333	0.9681604026630951
0.28554444856190114	0.9681659414472116
0.2855449982185919	0.9681714787909587
0.2855455477305782	0.9681770146948342
0.28554609709790885	0.9681825491593355
0.28554664632063487	0.9681880821849602
0.2855471953988093	0.968193613772205
0.28554774433248065	0.9681991439215669
0.28554829312170027	0.9682046726335425
0.2855488417665179	0.9682101999086281
0.28554939026698584	0.96821572574732
0.2855499386231535	0.9682212501501141
0.2855504868350727	0.9682267731175062
0.2855510349027927	0.9682322946499918
0.2855515828263635	0.9682378147480663
0.28555213060583745	0.968243333412225
0.2855526782412654	0.9682488506429624
0.28555322573269487	0.9682543664407735
0.2855537730801784	0.9682598808061527
0.2855543202837667	0.9682653937395944
0.2855548673435101	0.9682709052415924
0.2855554142594579	0.9682764153126406
0.28555596103166014	0.9682819239532329
0.28555650766017054	0.9682874311638626
0.28555705414503574	0.9682929369450228
0.2855576004863066	0.9682984412972067
0.2855581466840349	0.9683039442209068
0.28555869273826945	0.9683094457166159
0.28555923864906163	0.9683149457848262
0.28555978441646296	0.9683204444260302
0.28556033004051956	0.9683259416407193
0.2855608755212851	0.9683314374293859
0.28556142085880815	0.9683369317925209
0.28556196605313827	0.9683424247306158
0.28556251110432845	0.968347916244162
0.2855630560124255	0.9683534063336501
0.28556360077748205	0.9683588949995708
0.28556414539954617	0.9683643822424146
0.2855646898786692	0.9683698680626718
0.28556523421489943	0.9683753524608322
0.28556577840828895	0.9683808354373862
0.2855663224588873	0.9683863169928227
0.2855668663667427	0.9683917971276318
0.28556741013190806	0.9683972758423022
0.2855679537544292	0.968402753137323
0.2855684972343599	0.9684082290131834
0.28556904057174765	0.9684137034703713
0.2855695837666439	0.9684191765093755
0.28557012681909794	0.9684246481306842
0.28557066972915734	0.9684301183347852
0.2855712124968748	0.9684355871221662
0.2855717551222986	0.9684410544933147
0.28557229760547914	0.9684465204487182
0.2855728399464649	0.9684519849888636
0.2855733821453075	0.9684574481142382
0.2855739242020563	0.9684629098253281
0.2855744661167585	0.9684683701226203
0.2855750078894658	0.968473829006601
0.28557554952022723	0.9684792864777559
0.285576091009092	0.9684847425365714
0.2855766323561121	0.9684901971835326
0.28557717356133333	0.9684956504191252
0.28557771462480747	0.9685011022438347
0.28557825554658367	0.9685065526581457
0.28557879632671135	0.9685120016625434
0.28557933696523896	0.9685174492575119
0.28557987746221764	0.9685228954435362
0.28558041781769566	0.9685283402211001
0.2855809580317228	0.9685337835906878
0.285581498104347	0.9685392255527829
0.2855820380356206	0.9685446661078692
0.28558257782559016	0.9685501052564299
0.28558311747430665	0.9685555429989481
0.2855836569818175	0.9685609793359069
0.28558419634817445	0.9685664142677892
0.2855847355734236	0.9685718477950773
0.285585274657617	0.9685772799182536
0.2855858136008016	0.9685827106378003
0.2855863524030296	0.968588139954199
0.2855868910643477	0.9685935678679319
0.2855874295848028	0.9685989943794804
0.2855879679644502	0.9686044194893255
0.28558850620333426	0.9686098431979486
0.28558904430150545	0.9686152655058305
0.2855895822590122	0.9686206864134519
0.285590120075903	0.9686261059212933
0.2855906577522303	0.9686315240298348
0.2855911952880382	0.9686369407395569
0.28559173268337934	0.968642356050939
0.2855922699382997	0.968647769964461
0.2855928070528516	0.9686531824806024
0.28559334402708153	0.9686585935998422
0.2855938808610384	0.9686640033226598
0.28559441755477183	0.9686694116495338
0.28559495410832925	0.968674818580943
0.28559549052176203	0.9686802241173655
0.28559602679511625	0.9686856282592802
0.28559656292844265	0.9686910310071644
0.2855970989217896	0.9686964323614964
0.28559763477520506	0.9687018323227534
0.2855981704887371	0.9687072308914134
0.28559870606243665	0.9687126280679531
0.28559924149635	0.9687180238528498
0.28559977679052684	0.96872341824658
0.2856003119450162	0.9687288112496207
0.2856008469598671	0.9687342028624479
0.28560138183512535	0.9687395930855381
0.2856019165708428	0.9687449819193671
0.28560245116706645	0.9687503693644108
0.2856029856238434	0.9687557554211448
0.2856035199412256	0.9687611400900444
0.2856040541192574	0.968766523371585
0.28560458815799	0.968771905266241
0.285605122057472	0.9687772857744877
0.28560565581775	0.9687826648967998
0.2856061894388743	0.968788042633651
0.28560672292089073	0.9687934189855162
0.2856072562638501	0.9687987939528688
0.28560778946779986	0.968804167536183
0.2856083225327876	0.9688095397359322
0.28560885545886333	0.9688149105525895
0.2856093882460736	0.9688202799866283
0.28560992089446685	0.9688256480385216
0.28561045340409147	0.9688310147087422
0.2856109857749966	0.9688363799977624
0.28561151800722856	0.9688417439060548
0.2856120501008378	0.9688471064340913
0.2856125820558698	0.9688524675823441
0.2856131138723749	0.9688578273512848
0.2856136455504004	0.9688631857413851
0.2856141770899938	0.9688685427531161
0.28561470849120335	0.968873898386949
0.28561523975407743	0.9688792526433552
0.28561577087866497	0.9688846055228046
0.2856163018650116	0.9688899570257686
0.2856168327131672	0.9688953071527169
0.2856173634231796	0.96890065590412
0.28561789399509513	0.9689060032804478
0.28561842442896435	0.9689113492821699
0.2856189547248313	0.9689166939097561
0.2856194848827475	0.9689220371636754
0.28562001490275873	0.9689273790443972
0.2856205447849129	0.9689327195523905
0.285621074529259	0.9689380586881237
0.2856216041358438	0.9689433964520656
0.2856221336047162	0.9689487328446846
0.28562266293592226	0.9689540678664488
0.28562319212951104	0.9689594015178259
0.28562372118552953	0.968964733799284
0.28562425010402415	0.9689700647112905
0.2856247788850466	0.9689753942543128
0.28562530752864024	0.9689807224288178
0.285625836034854	0.9689860492352728
0.2856263644037361	0.9689913746741445
0.2856268926353334	0.9689966987458993
0.2856274207296943	0.9690020214510037
0.28562794868686503	0.9690073427899237
0.2856284765068944	0.9690126627631256
0.2856290041898303	0.9690179813710746
0.2856295317357184	0.9690232986142369
0.2856300591446071	0.9690286144930772
0.2856305864165422	0.9690339290080614
0.28563111355157406	0.969039242159654
0.2856316405497483	0.9690445539483198
0.285632167411113	0.9690498643745236
0.28563269413571324	0.9690551734387296
0.28563322072360037	0.9690604811414021
0.2856337471748184	0.9690657874830049
0.2856342734894154	0.9690710924640021
0.28563479966743965	0.969076396084857
0.2856353257089372	0.9690816983460331
0.28563585161395616	0.9690869992479936
0.2856363773825419	0.9690922987912015
0.2856369030147449	0.9690975969761196
0.28563742851060825	0.9691028938032107
0.2856379538701829	0.969108189272937
0.2856384790935138	0.9691134833857606
0.2856390041806465	0.9691187761421439
0.2856395291316316	0.9691240675425484
0.28564005394651554	0.969129357587436
0.28564057862534287	0.9691346462772679
0.2856411031681631	0.9691399336125053
0.28564162757502176	0.9691452195936096
0.28564215184596703	0.9691505042210412
0.28564267598104537	0.9691557874952612
0.28564319998030063	0.9691610694167296
0.28564372384378484	0.9691663499859071
0.2856442475715423	0.9691716292032535
0.2856447711636201	0.9691769070692288
0.2856452946200645	0.9691821835842925
0.2856458179409235	0.9691874587489043
0.28564634112624415	0.9691927325635233
0.2856468641760719	0.9691980050286088
0.28564738709045456	0.9692032761446194
0.2856479098694379	0.9692085459120141
0.28564843251306926	0.9692138143312513
0.28564895502139404	0.9692190814027893
0.28564947739446267	0.9692243471270862
0.2856499996323179	0.9692296115046
0.28565052173500677	0.9692348745357884
0.2856510437025786	0.969240136221109
0.28565156553507826	0.969245396561019
0.28565208723255087	0.9692506555559757
0.2856526087950458	0.969255913206436
0.28565313022260735	0.9692611695128567
0.28565365151528227	0.9692664244756943
0.2856541726731206	0.9692716780954053
0.2856546936961641	0.9692769303724457
0.28565521458446047	0.9692821813072716
0.2856557353380573	0.9692874309003389
0.2856562559570006	0.969292679152103
0.28565677644133713	0.9692979260630197
0.2856572967911128	0.9693031716335436
0.2856578170063744	0.9693084158641303
0.2856583370871675	0.9693136587552343
0.28565885703353777	0.9693189003073106
0.2856593768455334	0.9693241405208133
0.2856598965231998	0.9693293793961968
0.28566041606658454	0.9693346169339151
0.28566093547573085	0.9693398531344222
0.2856614547506872	0.9693450879981715
0.28566197389150033	0.969350321525617
0.28566249289821394	0.9693555537172115
0.28566301177087505	0.9693607845734085
0.2856635305095326	0.9693660140946606
0.2856640491142287	0.9693712422814208
0.28566456758501163	0.9693764691341414
0.28566508592192824	0.969381694653275
0.28566560412502234	0.9693869188392734
0.28566612219434173	0.9693921416925889
0.28566664012993126	0.9693973632136733
0.2856671579318385	0.9694025834029777
0.28566767560010714	0.9694078022609541
0.28566819313478475	0.9694130197880533
0.2856687105359179	0.9694182359847264
0.2856692278035504	0.9694234508514245
0.285669744937731	0.9694286643885976
0.28567026193850215	0.9694338765966968
0.28567077880591296	0.9694390874761718
0.28567129554000653	0.9694442970274731
0.28567181214083065	0.9694495052510506
0.2856723286084304	0.9694547121473535
0.2856728449428509	0.9694599177168316
0.2856733611441402	0.9694651219599342
0.28567387721234083	0.9694703248771104
0.2856743931475007	0.9694755264688091
0.2856749089496663	0.9694807267354789
0.2856754246188818	0.9694859256775687
0.28567594015519054	0.9694911232955264
0.2856764555586433	0.9694963195898005
0.2856769708292824	0.969501514560839
0.2856774859671537	0.9695067082090892
0.28567800097230517	0.9695119005349994
0.28567851584477955	0.9695170915390164
0.28567903058462146	0.969522281221588
0.2856795451918803	0.9695274695831607
0.28568005966659965	0.9695326566241814
0.28568057400882413	0.9695378423450972
0.2856810882185997	0.9695430267463542
0.2856816022959737	0.9695482098283986
0.28568211624098927	0.9695533915916767
0.28568263005369254	0.9695585720366345
0.2856831437341288	0.9695637511637175
0.28568365728234457	0.9695689289733712
0.2856841706983833	0.9695741054660412
0.28568468398229163	0.9695792806421724
0.28568519713411505	0.9695844545022098
0.2856857101538968	0.9695896270465983
0.285686223041685	0.9695947982757824
0.28568673579752285	0.9695999681902066
0.2856872484214572	0.9696051367903148
0.2856877609135312	0.9696103040765515
0.2856882732737923	0.9696154700493602
0.28568878550228444	0.9696206347091847
0.28568929759905404	0.9696257980564684
0.28568980956414386	0.9696309600916547
0.2856903213976007	0.9696361208151866
0.2856908330994689	0.9696412802275072
0.2856913446697942	0.9696464383290588
0.28569185610862224	0.9696515951202842
0.2856923674159957	0.9696567506016257
0.2856928785919633	0.9696619047735255
0.28569338963656754	0.9696670576364258
0.2856939005498535	0.9696722091907678
0.2856944113318666	0.9696773594369937
0.28569492198265045	0.9696825083755447
0.2856954325022513	0.9696876560068621
0.2856959428907159	0.9696928023313868
0.2856964531480864	0.9696979473495597
0.2856969632744087	0.9697030910618215
0.2856974732697265	0.9697082334686129
0.28569798313408673	0.969713374570374
0.28569849286753146	0.9697185143675449
0.2856990024701086	0.9697236528605656
0.28569951194186016	0.9697287900498759
0.285700021282834	0.9697339259359152
0.2857005304930715	0.9697390605191232
0.28570103957261933	0.9697441937999388
0.28570154852152263	0.969749325778801
0.2857020573398259	0.9697544564561489
0.2857025660275694	0.9697595858324212
0.28570307458480493	0.9697647139080559
0.2857035830115728	0.9697698406834916
0.28570409130791946	0.9697749661591664
0.28570459947388605	0.969780090335518
0.28570510750952177	0.9697852132129845
0.2857056154148693	0.969790334792003
0.28570612318997185	0.9697954550730112
0.2857066308348758	0.9698005740564464
0.28570713834962386	0.9698056917427451
0.2857076457342633	0.9698108081323444
0.2857081529888348	0.9698159232256809
0.28570866011338536	0.9698210370231911
0.2857091671079589	0.9698261495253112
0.2857096739726005	0.9698312607324773
0.285710180707352	0.9698363706451254
0.2857106873122623	0.9698414792636908
0.2857111937873712	0.9698465865886094
0.2857117001327253	0.9698516926203166
0.2857122063483687	0.9698567973592473
0.28571271243434526	0.9698619008058367
0.2857132183906986	0.9698670029605194
0.28571372421747493	0.9698721038237302
0.28571422991471634	0.9698772033959036
0.28571473548246756	0.9698823016774736
0.2857152409207737	0.9698873986688743
0.2857157462296791	0.9698924943705398
0.2857162514092269	0.9698975887829037
0.2857167564594626	0.9699026819063994
0.2857172613804289	0.9699077737414603
0.2857177661721701	0.9699128642885199
0.28571827083473	0.9699179535480107
0.28571877536815277	0.9699230415203658
0.28571927977248485	0.9699281282060176
0.28571978404776666	0.9699332136053987
0.28572028819404466	0.9699382977189415
0.2857207922113602	0.9699433805470776
0.2857212960997614	0.9699484620902394
0.28572179985928847	0.9699535423488583
0.28572230348998734	0.969958621323366
0.2857228069918999	0.9699636990141938
0.2857233103650736	0.9699687754217727
0.2857238136095497	0.969973850546534
0.2857243167253714	0.9699789243889084
0.28572481971258373	0.9699839969493264
0.28572532257123134	0.9699890682282185
0.28572582530135615	0.969994138226015
0.2857263279030038	0.969999206943146
0.28572683037621727	0.9700042743800416
0.2857273327210395	0.9700093405371312
0.28572783493751447	0.9700144054148445
0.28572833702568734	0.9700194690136109
0.28572883898559986	0.9700245313338596
0.28572934081729773	0.9700295923760196
0.28572984252082273	0.9700346521405196
0.2857303440962194	0.9700397106277885
0.2857308455435305	0.9700447678382547
0.2857313468628001	0.9700498237723463
0.2857318480540737	0.9700548784304914
0.28573234911739265	0.9700599318131183
0.28573285005280075	0.9700649839206545
0.2857333508603415	0.9700700347535278
0.28573385154005876	0.9700750843121653
0.2857343520919944	0.9700801325969943
0.28573485251619535	0.970085179608442
0.2857353528127025	0.9700902253469352
0.2857358529815601	0.9700952698129005
0.2857363530228112	0.9701003130067644
0.28573685293650003	0.9701053549289534
0.2857373527226679	0.9701103955798935
0.28573785238136085	0.9701154349600108
0.28573835191262065	0.970120473069731
0.2857388513164894	0.9701255099094798
0.28573935059301286	0.9701305454796826
0.2857398497422326	0.9701355797807647
0.2857403487641931	0.970140612813151
0.28574084765893754	0.9701456445772666
0.2857413464265084	0.9701506750735364
0.2857418450669495	0.9701557043023845
0.28574234358030315	0.9701607322642358
0.28574284196661254	0.9701657589595141
0.28574334022592235	0.9701707843886433
0.28574383835827466	0.9701758085520478
0.2857443363637129	0.970180831450151
0.28574483424227826	0.9701858530833763
0.28574533199401686	0.9701908734521472
0.2857458296189703	0.9701958925568865
0.2857463271171811	0.9702009103980175
0.2857468244886946	0.970205926975963
0.28574732173354944	0.9702109422911456
0.2857478188517921	0.9702159563439873
0.2857483158434662	0.970220969134911
0.28574881270861224	0.9702259806643383
0.2857493094472737	0.9702309909326914
0.285749806059494	0.9702359999403918
0.28575030254531564	0.9702410076878614
0.2857507989047823	0.9702460141755213
0.2857512951379359	0.9702510194037927
0.2857517912448204	0.9702560233730967
0.28575228722547674	0.9702610260838542
0.28575278307995133	0.9702660275364858
0.285753278808282	0.970271027731412
0.28575377441051525	0.9702760266690533
0.285754269886692	0.9702810243498297
0.2857547652368562	0.9702860207741613
0.2857552604610494	0.9702910159424676
0.2857557555593159	0.9702960098551686
0.2857562505316963	0.9703010025126836
0.2857567453782344	0.9703059939154318
0.285757240098973	0.9703109840638325
0.28575773469395493	0.9703159729583044
0.28575822916322174	0.9703209605992665
0.28575872350681686	0.9703259469871373
0.285759217724783	0.9703309321223349
0.28575971181716103	0.970335916005278
0.2857602057839963	0.9703408986363845
0.285760699625328	0.9703458800160722
0.2857611933412026	0.970350860144759
0.2857616869316595	0.9703558390228622
0.2857621803967418	0.9703608166507993
0.2857626737364927	0.9703657930289875
0.28576316695095394	0.9703707681578436
0.2857636600401685	0.9703757420377849
0.2857641530041772	0.9703807146692277
0.28576464584302574	0.9703856860525887
0.28576513855675323	0.970390656188284
0.2857656311454019	0.9703956250767299
0.28576612360901715	0.9704005927183423
0.285766615947638	0.9704055591135374
0.285767108161309	0.9704105242627302
0.2857676002500718	0.9704154881663367
0.2857680922139683	0.9704204508247718
0.2857685840530402	0.9704254122384509
0.2857690757673304	0.9704303724077888
0.2857695673568835	0.9704353313332001
0.2857700588217366	0.9704402890151
0.2857705501619352	0.9704452454539022
0.2857710413775208	0.9704502006500215
0.2857715324685341	0.9704551546038717
0.28577202343502106	0.9704601073158666
0.28577251427702083	0.9704650587864203
0.2857730049945744	0.9704700090159463
0.285773495587727	0.9704749580048577
0.28577398605651705	0.9704799057535681
0.28577447640099024	0.9704848522624901
0.28577496662118673	0.9704897975320371
0.28577545671714744	0.9704947415626214
0.28577594668891676	0.9704996843546558
0.28577643653653517	0.9705046259085525
0.28577692626004453	0.970509566224724
0.2857774158594864	0.9705145053035819
0.28577790533490377	0.9705194431455381
0.28577839468633875	0.9705243797510047
0.2857788839138312	0.9705293151203929
0.2857793730174255	0.970534249254114
0.28577986199716154	0.9705391821525793
0.28578035085308257	0.9705441138161999
0.2857808395852286	0.9705490442453863
0.285781328193643	0.9705539734405494
0.2857818166783663	0.9705589014020999
0.2857823050394426	0.9705638281304476
0.2857827932769113	0.970568753626003
0.2857832813908133	0.9705736778891761
0.2857837693811926	0.9705786009203766
0.28578425724808887	0.9705835227200142
0.2857847449915467	0.9705884432884984
0.28578523261160443	0.9705933626262383
0.285785720108306	0.9705982807336432
0.2857862074816919	0.9706031976111221
0.2857866947318037	0.9706081132590836
0.28578718185868235	0.9706130276779368
0.2857876688623716	0.9706179408680894
0.2857881557429099	0.9706228528299505
0.28578864250034147	0.9706277635639275
0.2857891291347083	0.9706326730704288
0.28578961564604694	0.970637581349862
0.2857901020344042	0.9706424884026348
0.2857905882998191	0.9706473942291548
0.2857910744423347	0.9706522988298287
0.28579156046198845	0.9706572022050644
0.2857920463588262	0.9706621043552682
0.2857925321328871	0.970667005280847
0.28579301778421384	0.9706719049822077
0.2857935033128461	0.9706768034597565
0.28579398871882616	0.9706817007138996
0.2857944740021945	0.9706865967450431
0.2857949591629938	0.9706914915535931
0.2857954442012646	0.9706963851399554
0.28579592911704776	0.9707012775045354
0.2857964139103859	0.9707061686477384
0.2857968985813172	0.9707110585699701
0.285797383129886	0.9707159472716352
0.2857978675561329	0.9707208347531389
0.2857983518600969	0.9707257210148857
0.2857988360418222	0.9707306060572803
0.2857993201013477	0.9707354898807271
0.2857998040387153	0.9707403724856305
0.28580028785396555	0.9707452538723944
0.28580077154713907	0.9707501340414227
0.28580125511828075	0.9707550129931193
0.2858017385674269	0.9707598907278877
0.2858022218946198	0.9707647672461315
0.2858027050999024	0.9707696425482536
0.28580318818331274	0.9707745166346574
0.28580367114489497	0.9707793895057455
0.2858041539846866	0.970784261161921
0.28580463670273254	0.9707891316035864
0.2858051192990681	0.9707940008311441
0.2858056017737411	0.9707988688449961
0.2858060841267864	0.9708037356455449
0.2858065663582497	0.9708086012331921
0.28580704846816757	0.9708134656083396
0.2858075304565837	0.9708183287713888
0.2858080123235381	0.9708231907227417
0.2858084940690717	0.9708280514627988
0.2858089756932241	0.9708329109919617
0.28580945719603756	0.9708377693106311
0.2858099385775527	0.9708426264192079
0.28581041983780925	0.9708474823180927
0.28581090097684736	0.9708523370076858
0.2858113819947117	0.9708571904883876
0.28581186289143784	0.970862042760598
0.28581234366706987	0.9708668938247171
0.2858128243216468	0.9708717436811447
0.28581330485520895	0.9708765923302805
0.28581378526779816	0.9708814397725235
0.28581426555945494	0.9708862860082734
0.2858147457302201	0.9708911310379291
0.2858152257801316	0.9708959748618899
0.2858157057092347	0.9709008174805541
0.2858161855175652	0.9709056588943206
0.2858166652051653	0.9709104991035878
0.285817144772077	0.9709153381087541
0.2858176242183392	0.9709201759102174
0.28581810354399234	0.9709250125083758
0.28581858274907834	0.970929847903627
0.2858190618336345	0.9709346820963688
0.28581954079770433	0.9709395150869987
0.28582001964132747	0.9709443468759138
0.2858204983645432	0.9709491774635113
0.28582097696739195	0.9709540068501883
0.2858214554499169	0.9709588350363415
0.2858219338121546	0.9709636620223676
0.2858224120541464	0.9709684878086632
0.2858228901759355	0.9709733123956242
0.2858233681775577	0.9709781357836473
0.2858238460590549	0.9709829579731283
0.2858243238204697	0.9709877789644631
0.28582480146184003	0.9709925987580471
0.28582527898320537	0.970997417354276
0.2858257563846072	0.9710022347535453
0.28582623366608617	0.9710070509562501
0.28582671082768063	0.9710118659627852
0.285827187869433	0.9710166797735457
0.28582766479138116	0.9710214923889263
0.2858281415935667	0.9710263038093213
0.28582861827603134	0.9710311140351254
0.2858290948388108	0.9710359230667326
0.28582957128194747	0.9710407309045371
0.28583004760548053	0.9710455375489326
0.2858305238094531	0.971050343000313
0.28583099989390015	0.9710551472590718
0.2858314758588676	0.9710599503256023
0.28583195170438935	0.971064752200298
0.28583242743050946	0.9710695528835518
0.2858329030372669	0.9710743523757566
0.28583337852470087	0.9710791506773052
0.28583385389285204	0.9710839477885903
0.2858343291417594	0.9710887437100041
0.28583480427146424	0.9710935384419389
0.2858352792820039	0.9710983319847871
0.28583575417342116	0.9711031243389405
0.285836228945754	0.9711079155047908
0.28583670359904245	0.9711127054827298
0.2858371781333275	0.9711174942731486
0.2858376525486476	0.971122281876439
0.28583812684504356	0.9711270682929919
0.28583860102255376	0.9711318535231981
0.28583907508121803	0.9711366375674488
0.2858395490210779	0.9711414204261345
0.2858400228421698	0.9711462020996458
0.2858404965445372	0.9711509825883726
0.2858409701282195	0.9711557618927057
0.2858414435932508	0.971160540013035
0.28584191693967903	0.9711653169497498
0.2858423901675351	0.9711700927032406
0.2858428632768671	0.9711748672738963
0.2858433362677072	0.9711796406621067
0.2858438091400992	0.971184412868261
0.2858442818940811	0.971189183892748
0.28584475452969454	0.9711939537359567
0.28584522704697657	0.9711987223982761
0.28584569944596844	0.9712034898800943
0.2858461717267074	0.9712082561818003
0.2858466438892349	0.9712130213037821
0.28584711593358936	0.9712177852464278
0.28584758785981135	0.971222548010125
0.2858480596679389	0.9712273095952623
0.2858485313580127	0.9712320700022266
0.28584900293006993	0.9712368292314058
0.28584947438415315	0.9712415872831869
0.28584994572029787	0.9712463441579573
0.28585041693854685	0.9712510998561038
0.2858508880389376	0.9712558543780136
0.28585135902151076	0.971260607724073
0.2858518298863051	0.9712653598946687
0.2858523006333569	0.971270110890187
0.28585277126271025	0.9712748607110141
0.2858532417744022	0.9712796093575363
0.2858537121684707	0.971284356830139
0.2858541824449565	0.9712891031292084
0.2858546526038987	0.9712938482551297
0.28585512264533436	0.9712985922082887
0.28585559256930687	0.9713033349890703
0.2858560623758504	0.9713080765978598
0.2858565320650086	0.971312817035042
0.28585700163681876	0.9713175563010019
0.2858574710913184	0.971322294396124
0.2858579404285484	0.9713270313207928
0.2858584096485482	0.9713317670753925
0.28585887875135424	0.9713365016603073
0.285859347737008	0.9713412350759214
0.28585981660554605	0.9713459673226185
0.2858602853570105	0.9713506984007823
0.28586075399144	0.9713554283107962
0.2858612225088706	0.9713601570530437
0.2858616909093421	0.9713648846279079
0.285862159192896	0.9713696110357721
0.2858626273595701	0.9713743362770189
0.2858630954094013	0.9713790603520313
0.28586356334243	0.9713837832611918
0.2858640311586941	0.9713885050048827
0.28586449885823495	0.9713932255834864
0.2858649664410896	0.971397944997385
0.28586543390729474	0.9714026632469607
0.28586590125689193	0.9714073803325949
0.2858663684899198	0.9714120962546694
0.28586683560641785	0.9714168110135656
0.2858673026064215	0.9714215246096652
0.2858677694899711	0.9714262370433492
0.285868236257109	0.9714309483149983
0.2858687029078678	0.9714356584249938
0.2858691694422896	0.9714403673737162
0.28586963586041325	0.9714450751615462
0.28587010216227665	0.9714497817888641
0.28587056834791674	0.9714544872560502
0.2858710344173753	0.9714591915634846
0.28587150037068787	0.971463894711547
0.2858719662078971	0.9714685967006176
0.285872431929037	0.9714732975310757
0.2858728975341487	0.971477997203301
0.2858733630232698	0.9714826957176728
0.28587382839643943	0.97148739307457
0.2858742936536954	0.971492089274372
0.28587475879507873	0.9714967843174572
0.2858752238206257	0.9715014782042047
0.28587568873037195	0.971506170934993
0.28587615352436024	0.9715108625102002
0.2858766182026286	0.9715155529302049
0.2858770827652115	0.9715202421953849
0.2858775472121529	0.9715249303061183
0.2858780115434887	0.9715296172627829
0.28587847575925557	0.971534303065756
0.2858789398594931	0.9715389877154155
0.28587940384424043	0.9715436712121385
0.2858798677135362	0.9715483535563021
0.2858803314674159	0.9715530347482835
0.28588079510592124	0.9715577147884593
0.2858812586290878	0.9715623936772065
0.2858817220369564	0.9715670714149014
0.2858821853295607	0.9715717480019206
0.2858826485069456	0.9715764234386401
0.2858831115691439	0.9715810977254361
0.2858835745161962	0.9715857708626845
0.28588403734813894	0.9715904428507612
0.2858845000650128	0.9715951136900416
0.2858849626668529	0.9715997833809016
0.2858854251537003	0.971604451923716
0.2858858875255906	0.9716091193188603
0.28588634978256394	0.9716137855667092
0.2858868119246581	0.9716184506676379
0.2858872739519083	0.9716231146220211
0.2858877358643559	0.9716277774302332
0.28588819766203755	0.9716324390926486
0.2858886593449913	0.9716370996096416
0.28588912091325636	0.9716417589815862
0.2858895823668694	0.9716464172088566
0.28589004370586807	0.9716510742918264
0.2858905049302916	0.9716557302308693
0.2858909660401767	0.9716603850263587
0.2858914270355612	0.971665038678668
0.28589188791648434	0.9716696911881704
0.2858923486829829	0.971674342555239
0.2858928093350965	0.9716789927802466
0.2858932698728593	0.971683641863566
0.2858937302963133	0.9716882898055696
0.28589419060549254	0.9716929366066299
0.2858946508004376	0.9716975822671194
0.2858951108811864	0.9717022267874101
0.2858955708477748	0.9717068701678737
0.2858960307002412	0.9717115124088825
0.28589649043862436	0.9717161535108078
0.2858969500629607	0.9717207934740213
0.2858974095732879	0.9717254322988943
0.28589786896964514	0.971730069985798
0.28589832825206923	0.9717347065351035
0.28589878742059655	0.9717393419471818
0.2858992464752677	0.9717439762224036
0.28589970541611703	0.9717486093611394
0.2859001642431849	0.9717532413637598
0.2859006229565063	0.9717578722306351
0.2859010815561219	0.9717625019621356
0.2859015400420659	0.9717671305586311
0.2859019984143787	0.9717717580204915
0.28590245667309633	0.9717763843480867
0.2859029148182571	0.9717810095417858
0.28590337284989625	0.9717856336019588
0.28590383076805476	0.9717902565289745
0.28590428857276856	0.9717948783232022
0.28590474626407375	0.9717994989850111
0.28590520384200996	0.9718041185147698
0.285905661306613	0.9718087369128466
0.28590611865792165	0.9718133541796106
0.28590657589597185	0.9718179703154298
0.2859070330208017	0.9718225853206728
0.28590749003245014	0.9718271991957073
0.28590794693095095	0.9718318119409013
0.2859084037163445	0.9718364235566226
0.28590886038866775	0.9718410340432387
0.28590931694795674	0.9718456434011173
0.2859097733942498	0.9718502516306256
0.2859102297275826	0.9718548587321308
0.28591068594799507	0.9718594647059999
0.285911142055522	0.9718640695525997
0.2859115980502016	0.9718686732722972
0.285912053932072	0.9718732758654586
0.28591250970116827	0.9718778773324506
0.28591296535753	0.9718824776736394
0.2859134209011919	0.9718870768893911
0.28591387633219245	0.9718916749800718
0.2859143316505686	0.9718962719460471
0.28591478685635924	0.9719008677876828
0.2859152419495979	0.9719054625053445
0.28591569693032437	0.9719100560993977
0.2859161517985755	0.9719146485702075
0.2859166065543883	0.9719192399181388
0.2859170611977976	0.9719238301435569
0.28591751572884194	0.9719284192468264
0.2859179701475599	0.9719330072283119
0.2859184244539873	0.9719375940883781
0.2859188786481608	0.9719421798273892
0.28591933273011655	0.9719467644457095
0.2859197866998925	0.9719513479437031
0.28592024055752574	0.9719559303217337
0.2859206943030534	0.9719605115801652
0.28592114793651163	0.9719650917193613
0.2859216014579373	0.9719696707396853
0.28592205486736927	0.9719742486415006
0.285922508164841	0.9719788254251704
0.2859229613503911	0.9719834010910579
0.28592341442405755	0.9719879756395257
0.28592386738587633	0.9719925490709366
0.28592432023588327	0.9719971213856532
0.285924772974117	0.9720016925840379
0.28592522560061145	0.9720062626664532
0.2859256781154054	0.9720108316332613
0.285926130518536	0.9720153994848238
0.2859265828100378	0.9720199662215029
0.28592703498995037	0.9720245318436602
0.2859274870583081	0.9720290963516572
0.2859279390151492	0.9720336597458553
0.2859283908605094	0.972038222026616
0.2859288425944255	0.9720427831943003
0.28592929421693414	0.9720473432492691
0.28592974572807295	0.9720519021918833
0.28593019712787826	0.9720564600225036
0.28593064841638405	0.9720610167414905
0.2859310995936294	0.9720655723492047
0.28593155065965054	0.9720701268460058
0.2859320016144842	0.9720746802322545
0.28593245245816806	0.9720792325083104
0.285932903190735	0.9720837836745336
0.28593335381222496	0.9720883337312836
0.28593380432267207	0.9720928826789199
0.2859342547221132	0.9720974305178022
0.2859347050105874	0.9721019772482892
0.28593515518812784	0.9721065228707402
0.2859356052547721	0.9721110673855144
0.2859360552105577	0.9721156107929706
0.28593650505551965	0.9721201530934669
0.2859369547896958	0.9721246942873624
0.28593740441311916	0.9721292343750152
0.2859378539258313	0.9721337733567834
0.28593830332786396	0.9721383112330255
0.2859387526192549	0.9721428480040991
0.2859392018000407	0.972147383670362
0.28593965087025947	0.972151918232172
0.2859400998299441	0.9721564516898865
0.28594054867913266	0.9721609840438628
0.285940997417861	0.9721655152944583
0.2859414460461668	0.9721700454420298
0.28594189456408237	0.9721745744869343
0.2859423429716486	0.9721791024295288
0.2859427912688999	0.9721836292701697
0.2859432394558699	0.9721881550092136
0.2859436875326008	0.9721926796470166
0.28594413549912195	0.9721972031839355
0.2859445833554737	0.9722017256203259
0.2859450311016896	0.9722062469565436
0.2859454787378086	0.9722107671929447
0.2859459262638636	0.9722152863298847
0.2859463736798954	0.972219804367719
0.28594682098593494	0.9722243213068033
0.2859472681820206	0.9722288371474923
0.2859477152681876	0.9722333518901414
0.2859481622444723	0.9722378655351052
0.2859486091109114	0.9722423780827388
0.28594905586754055	0.9722468895333968
0.28594950251439627	0.9722513998874334
0.28594994905151255	0.9722559091452032
0.28595039547892687	0.9722604173070605
0.28595084179667596	0.972264924373359
0.285951288004793	0.9722694303444529
0.2859517341033145	0.9722739352206959
0.28595218009227974	0.9722784390024415
0.2859526259717209	0.9722829416900434
0.2859530717416752	0.9722874432838547
0.2859535174021777	0.972291943784229
0.28595396295326586	0.972296443191519
0.2859544083949743	0.9723009415060776
0.28595485372734053	0.9723054387282578
0.2859552989503965	0.9723099348584122
0.2859557440641817	0.9723144298968932
0.2859561890687303	0.972318923844053
0.28595663396407633	0.9723234167002441
0.28595707875026005	0.9723279084658187
0.28595752342731295	0.9723323991411282
0.2859579679952727	0.9723368887265249
0.28595841245417347	0.97234137722236
0.28595885680405275	0.9723458646289854
0.28595930104494666	0.9723503509467522
0.2859597451768874	0.9723548361760116
0.2859601891999143	0.9723593203171149
0.2859606331140598	0.9723638033704131
0.2859610769193625	0.9723682853362565
0.28596152061585584	0.9723727662149962
0.28596196420357634	0.9723772460069826
0.28596240768255893	0.972381724712566
0.28596285105284064	0.9723862023320967
0.28596329431445605	0.9723906788659248
0.2859637374674385	0.9723951543144003
0.2859641805118257	0.972399628677873
0.28596462344765394	0.9724041019566925
0.2859650662749577	0.9724085741512082
0.28596550899377227	0.9724130452617697
0.2859659516041327	0.9724175152887261
0.285966394106074	0.9724219842324268
0.2859668364996339	0.9724264520932204
0.28596727878484546	0.972430918871456
0.28596772096174555	0.9724353845674821
0.2859681630303676	0.9724398491816476
0.2859686049907501	0.9724443127143002
0.28596904684292385	0.972448775165789
0.2859694885869282	0.9724532365364615
0.2859699302227968	0.972457696826666
0.28597037175056533	0.9724621560367505
0.28597081317026934	0.9724666141670621
0.28597125448194327	0.972471071217949
0.2859716956856218	0.9724755271897585
0.2859721367813427	0.9724799820828375
0.28597257776913937	0.9724844358975336
0.2859730186490445	0.9724888886341937
0.28597345942109836	0.9724933402931647
0.28597390008533285	0.9724977908747932
0.2859743406417845	0.9725022403794257
0.28597478109048796	0.972506688807409
0.28597522143147724	0.9725111361590894
0.2859756616647908	0.9725155824348125
0.2859761017904602	0.972520027634925
0.28597654180852117	0.9725244717597725
0.2859769817190092	0.972528914809701
0.2859774215219611	0.9725333567850558
0.2859778612174086	0.9725377976861825
0.28597830080539005	0.9725422375134266
0.2859787402859375	0.9725466762671332
0.28597917965908803	0.9725511139476474
0.2859796189248758	0.9725555505553141
0.2859800580833352	0.972559986090478
0.28598049713450263	0.9725644205534839
0.2859809360784136	0.9725688539446763
0.28598137491509995	0.9725732862643995
0.28598181364459885	0.9725777175129978
0.28598225226694496	0.9725821476908154
0.2859826907821716	0.9725865767981962
0.28598312919031615	0.9725910048354839
0.28598356749141246	0.9725954318030223
0.2859840056854935	0.9725998577011552
0.28598444377259635	0.9726042825302256
0.285984881752757	0.9726087062905769
0.2859853196260068	0.9726131289825523
0.28598575739238274	0.9726175506064949
0.28598619505191963	0.9726219711627475
0.28598663260465057	0.9726263906516527
0.28598707005061147	0.9726308090735531
0.28598750738983697	0.9726352264287914
0.28598794462236166	0.9726396427177098
0.28598838174822044	0.9726440579406505
0.28598881876744897	0.9726484720979552
0.28598925568008027	0.9726528851899664
0.28598969248614786	0.9726572972170255
0.28599012918569	0.9726617081794743
0.2859905657787389	0.9726661180776542
0.2859910022653295	0.9726705269119064
0.28599143864549736	0.9726749346825726
0.2859918749192756	0.9726793413899933
0.28599231108669965	0.97268374703451
0.28599274714780343	0.9726881516164632
0.28599318310262345	0.9726925551361937
0.28599361895119174	0.9726969575940418
0.28599405469354333	0.9727013589903483
0.28599449032971364	0.9727057593254532
0.2859949258597363	0.9727101585996968
0.28599536128364655	0.9727145568134189
0.28599579660147917	0.9727189539669596
0.28599623181326733	0.9727233500606585
0.2859966669190461	0.9727277450948552
0.2859971019188505	0.9727321390698891
0.28599753681271295	0.9727365319860997
0.2859979716006699	0.9727409238438259
0.2859984062827543	0.9727453146434071
0.2859988408590031	0.972749704385182
0.28599927532944786	0.9727540930694895
0.2859997096941234	0.9727584806966681
0.286000143953066	0.9727628672670564
0.2860005781063062	0.9727672527809929
0.28600101215388174	0.9727716372388155
0.28600144609582484	0.9727760206408627
0.2860018799321718	0.972780402987472
0.2860023136629554	0.9727847842789819
0.28600274728820885	0.9727891645157295
0.2860031808079692	0.9727935436980526
0.28600361422226844	0.9727979218262887
0.2860040475311418	0.9728022989007749
0.2860044807346227	0.9728066749218487
0.2860049138327464	0.9728110498898467
0.2860053468255448	0.9728154238051061
0.28600577971305535	0.9728197966679636
0.28600621249530994	0.9728241684787557
0.2860066451723433	0.972828539237819
0.28600707774418965	0.9728329089454898
0.28600751021088233	0.9728372776021046
0.2860079425724559	0.972841645207999
0.2860083748289448	0.9728460117635093
0.2860088069803829	0.9728503772689713
0.28600923902680264	0.9728547417247204
0.2860096709682412	0.9728591051310926
0.28601010280472916	0.9728634674884231
0.28601053453630354	0.9728678287970471
0.2860109661629971	0.9728721890572998
0.2860113976848426	0.9728765482695163
0.286011829101875	0.9728809064340317
0.28601226041412914	0.97288526355118
0.28601269162163756	0.9728896196212967
0.2860131227244338	0.9728939746447159
0.28601355372255377	0.9728983286217717
0.28601398461603017	0.9729026815527987
0.28601441540489647	0.972907033438131
0.286014846089187	0.9729113842781023
0.2860152766689374	0.9729157340730465
0.2860157071441771	0.9729200828232974
0.28601613751494276	0.9729244305291884
0.2860165677812679	0.9729287771910533
0.28601699794318836	0.9729331228092247
0.28601742800073215	0.9729374673840363
0.28601785795393914	0.9729418109158211
0.2860182878028402	0.9729461534049118
0.2860187175474702	0.9729504948516412
0.2860191471878599	0.9729548352563422
0.28601957672404593	0.9729591746193468
0.28602000615606293	0.9729635129409876
0.2860204354839413	0.9729678502215969
0.2860208647077175	0.9729721864615067
0.28602129382742364	0.9729765216610492
0.2860217228430923	0.972980855820556
0.28602215175476087	0.9729851889403589
0.2860225805624588	0.9729895210207894
0.2860230092662227	0.9729938520621788
0.28602343786608436	0.9729981820648588
0.28602386636207716	0.9730025110291604
0.2860242947542352	0.9730068389554144
0.28602472304259347	0.973011165843952
0.28602515122718347	0.9730154916951039
0.28602557930803957	0.9730198165092008
0.2860260072851955	0.973024140286573
0.2860264351586843	0.9730284630275511
0.28602686292853896	0.9730327847324655
0.2860272905947935	0.973037105401646
0.28602771815748257	0.9730414250354227
0.28602814561663653	0.9730457436341255
0.28602857297229356	0.9730500611980842
0.2860290002244819	0.9730543777276284
0.28602942737323844	0.9730586932230872
0.2860298544185932	0.9730630076847906
0.2860302813605834	0.9730673211130673
0.2860307081992396	0.9730716335082465
0.2860311349345977	0.9730759448706573
0.2860315615666881	0.9730802552006281
0.2860319880955477	0.9730845644984881
0.28603241452120626	0.9730888727645657
0.286032840843697	0.9730931799991891
0.2860332670630572	0.9730974862026869
0.28603369317931515	0.973101791375387
0.2860341191925093	0.9731060955176175
0.2860345451026673	0.9731103986297066
0.28603497090982544	0.9731147007119818
0.2860353966140167	0.9731190017647705
0.286035822215275	0.9731233017884008
0.28603624771363245	0.9731276007831996
0.28603667310912223	0.9731318987494946
0.28603709840177766	0.9731361956876124
0.2860375235916341	0.9731404915978803
0.2860379486787187	0.9731447864806253
0.2860383736630709	0.9731490803361739
0.2860387985447202	0.9731533731648527
0.28603922332369935	0.9731576649669883
0.28603964800004544	0.973161955742907
0.28604007257378816	0.9731662454929351
0.28604049704496026	0.9731705342173985
0.2860409214135961	0.9731748219166233
0.2860413456797282	0.9731791085909354
0.2860417698433904	0.9731833942406602
0.2860421939046156	0.9731876788661236
0.28604261786343516	0.973191962467651
0.28604304171988304	0.9731962450455677
0.2860434654739922	0.9732005266001987
0.2860438891257966	0.9732048071318692
0.28604431267532665	0.9732090866409042
0.28604473612261566	0.9732133651276285
0.2860451594677016	0.9732176425923664
0.28604558271061054	0.973221919035443
0.2860460058513785	0.9732261944571824
0.28604642889003984	0.9732304688579088
0.28604685182662276	0.9732347422379466
0.286047274661165	0.9732390145976199
0.28604769739369584	0.9732432859372523
0.28604812002425	0.9732475562571675
0.28604854255286083	0.9732518255576896
0.28604896497955873	0.973256093839142
0.2860493873043787	0.9732603611018478
0.28604980952735043	0.9732646273461305
0.2860502316485107	0.9732688925723132
0.2860506536678908	0.9732731567807187
0.28605107558552206	0.97327741997167
0.2860514974014387	0.9732816821454902
0.28605191911567246	0.9732859433025014
0.286052340728258	0.9732902034430265
0.28605276223922355	0.9732944625673876
0.28605318364860544	0.9732987206759072
0.28605360495643517	0.973302977768907
0.2860540261627461	0.9733072338467093
0.2860544472675716	0.9733114889096358
0.2860548682709412	0.9733157429580086
0.28605528917288975	0.9733199959921488
0.2860557099734499	0.9733242480123783
0.28605613067265295	0.9733284990190181
0.28605655127053364	0.9733327490123896
0.28605697176712014	0.973336997992814
0.286057392162449	0.9733412459606121
0.2860578124565537	0.973345492916105
0.2860582326494616	0.9733497388596128
0.286058652741211	0.9733539837914569
0.2860590727318291	0.9733582277119571
0.2860594926213511	0.9733624706214342
0.28605991240980894	0.9733667125202081
0.286060332097237	0.9733709534085991
0.2860607516836632	0.973375193286927
0.286061171169124	0.9733794321555117
0.2860615905536502	0.973383670014673
0.28606200983727426	0.9733879068647303
0.286062429020029	0.973392142706003
0.2860628481019463	0.9733963775388109
0.28606326708305946	0.9734006113634728
0.28606368596339843	0.9734048441803077
0.2860641047429996	0.9734090759896347
0.2860645234218902	0.9734133067917725
0.2860649420001043	0.9734175365870401
0.28606536047767683	0.973421765375756
0.28606577885463746	0.9734259931582383
0.2860661971310182	0.9734302199348057
0.28606661530685457	0.9734344457057761
0.2860670333821736	0.9734386704714679
0.286067451357012	0.9734428942321988
0.2860678692314004	0.9734471169882867
0.2860682870053693	0.9734513387400493
0.28606870467895285	0.973455559487804
0.28606912225218284	0.9734597792318685
0.2860695397250902	0.9734639979725601
0.2860699570977096	0.9734682157101959
0.286070374370072	0.973472432445093
0.2860707915422083	0.9734766481775682
0.28607120861415136	0.9734808629079383
0.2860716255859336	0.9734850766365205
0.28607204245758655	0.9734892893636308
0.28607245922914404	0.973493501089586
0.2860728759006343	0.973497711814702
0.2860732924720941	0.9735019215392955
0.2860737089435487	0.9735061302636824
0.2860741253150397	0.9735103379881783
0.2860745415865908	0.9735145447130995
0.2860749577582381	0.9735187504387615
0.2860753738300116	0.9735229551654798
0.2860757898019447	0.9735271588935701
0.2860762056740679	0.9735313616233473
0.286076621446414	0.9735355633551273
0.2860770371190164	0.9735397640892243
0.28607745269190366	0.9735439638259538
0.2860778681651109	0.9735481625656306
0.28607828353866654	0.9735523603085694
0.28607869881260567	0.9735565570550845
0.2860791139869592	0.9735607528054907
0.2860795290617579	0.9735649475601023
0.28607994403703413	0.9735691413192332
0.28608035891282124	0.9735733340831978
0.28608077368914797	0.97357752585231
0.28608118836604995	0.9735817166268834
0.28608160294355517	0.9735859064072322
0.28608201742169687	0.9735900951936696
0.28608243180050785	0.9735942829865092
0.2860828460800175	0.9735984697860643
0.28608326026025993	0.9736026555926481
0.28608367434126686	0.9736068404065739
0.2860840883230675	0.9736110242281545
0.2860845022056946	0.9736152070577028
0.2860849159891823	0.9736193888955313
0.28608532967355904	0.9736235697419531
0.28608574325885694	0.9736277495972804
0.2860861567451094	0.9736319284618254
0.28608657013234784	0.9736361063359008
0.28608698342060007	0.9736402832198182
0.2860873966099043	0.9736444591138897
0.2860878097002863	0.9736486340184277
0.2860882226917799	0.9736528079337434
0.2860886355844153	0.9736569808601485
0.2860890483782268	0.9736611527979548
0.2860894610732438	0.9736653237474734
0.2860898736694995	0.9736694937090156
0.28609028616702264	0.9736736626828926
0.28609069856584807	0.9736778306694153
0.2860911108660046	0.9736819976688947
0.2860915230675246	0.9736861636816415
0.2860919351704392	0.9736903287079667
0.28609234717478127	0.9736944927481802
0.2860927590805795	0.9736986558025932
0.2860931708878675	0.973702817871515
0.28609358259667556	0.9737069789552568
0.28609399420703907	0.9737111390541278
0.2860944057189828	0.9737152981684384
0.28609481713254215	0.9737194562984982
0.2860952284477468	0.973723613444617
0.2860956396646295	0.9737277696071042
0.286096050783223	0.9737319247862696
0.2860964618035551	0.973736078982422
0.28609687272565726	0.9737402321958707
0.2860972835495629	0.9737443844269253
0.28609769427530324	0.9737485356758941
0.2860981049029093	0.9737526859430862
0.2860985154324106	0.9737568352288104
0.2860989258638397	0.973760983533375
0.28609933619722855	0.9737651308570888
0.2860997464326073	0.97376927720026
0.2861001565700067	0.9737734225631967
0.2861005666094598	0.9737775669462072
0.2861009765509962	0.9737817103495993
0.28610138639464766	0.973785852773681
0.2861017961404448	0.9737899942187601
0.28610220578842016	0.973794134685144
0.28610261533860304	0.9737982741731404
0.2861030247910242	0.9738024126830566
0.2861034341457195	0.9738065502151997
0.2861038434027129	0.9738106867698773
0.2861042525620404	0.9738148223473959
0.28610466162373205	0.9738189569480628
0.2861050705878182	0.9738230905721844
0.28610547945432935	0.9738272232200678
0.28610588822329913	0.9738313548920189
0.2861062968947561	0.9738354855883448
0.2861067054687308	0.9738396153093516
0.28610711394525784	0.9738437440553451
0.2861075223243647	0.9738478718266318
0.28610793060608297	0.9738519986235177
0.2861083387904437	0.9738561244463082
0.28610874687747967	0.9738602492953091
0.28610915486722005	0.9738643731708262
0.28610956275969524	0.973868496073165
0.2861099705549374	0.9738726180026305
0.28611037825297686	0.9738767389595281
0.28611078585384525	0.973880858944163
0.2861111933575728	0.97388497795684
0.2861116007641899	0.9738890959978641
0.2861120080737286	0.9738932130675401
0.28611241528621867	0.9738973291661726
0.2861128224016904	0.9739014442940659
0.28611322942017636	0.9739055584515244
0.28611363634170756	0.9739096716388527
0.286114043166313	0.9739137838563547
0.2861144498940223	0.9739178951043347
0.28611485652487	0.9739220053830961
0.28611526305888446	0.973926114692943
0.2861156694960965	0.9739302230341792
0.2861160758365383	0.973934330407108
0.2861164820802387	0.973938436812033
0.286116888227231	0.9739425422492574
0.2861172942775412	0.9739466467190846
0.28611770023120303	0.9739507502218175
0.28611810608824856	0.9739548527577591
0.28611851184870735	0.9739589543272122
0.2861189175126077	0.9739630549304796
0.28611932307998417	0.973967154567864
0.28611972855086254	0.9739712532396678
0.28612013392527846	0.9739753509461935
0.28612053920326097	0.9739794476877429
0.28612094438483776	0.9739835434646187
0.28612134947004186	0.9739876382771225
0.2861217544589036	0.9739917321255565
0.2861221593514536	0.9739958250102222
0.28612256414772264	0.9739999169314215
0.28612296884774213	0.974004007889456
0.28612337345153854	0.9740080978846269
0.2861237779591462	0.9740121869172357
0.28612418237059406	0.9740162749875835
0.28612458668591345	0.9740203620959713
0.2861249909051339	0.9740244482427002
0.286125395028288	0.974028533428071
0.2861257990554028	0.9740326176523845
0.2861262029865102	0.974036700915941
0.2861266068216416	0.9740407832190414
0.2861270105608259	0.9740448645619858
0.28612741420409504	0.9740489449450747
0.28612781775147794	0.9740530243686081
0.2861282212030072	0.9740571028328857
0.2861286245587098	0.974061180338208
0.28612902781861904	0.9740652568848744
0.28612943098276433	0.9740693324731847
0.2861298340511733	0.9740734071034384
0.2861302370238812	0.974077480775935
0.2861306399009149	0.9740815534909738
0.2861310426823059	0.9740856252488541
0.28613144536808305	0.9740896960498749
0.28613184795827773	0.974093765894335
0.28613225045292195	0.9740978347825335
0.2861326528520415	0.974101902714769
0.2861330551556703	0.9741059696913404
0.2861334573638379	0.974110035712546
0.28613385947657316	0.9741141007786839
0.28613426149390814	0.9741181648900528
0.28613466341587185	0.9741222280469506
0.28613506524249444	0.9741262902496756
0.28613546697380543	0.9741303514985257
0.28613586860983686	0.9741344117937984
0.2861362701506172	0.9741384711357916
0.2861366715961772	0.9741425295248031
0.2861370729465471	0.9741465869611298
0.28613747420175645	0.9741506434450695
0.28613787536183555	0.9741546989769194
0.28613827642681394	0.9741587535569766
0.28613867739672383	0.9741628071855378
0.28613907827159357	0.9741668598629003
0.2861394790514516	0.9741709115893604
0.2861398797363319	0.9741749623652154
0.286140280326261	0.9741790121907613
0.28614068082126987	0.9741830610662947
0.28614108122138754	0.9741871089921121
0.2861414815266475	0.9741911559685094
0.2861418817370756	0.9741952019957827
0.2861422818527048	0.974199247074228
0.2861426818735623	0.9742032912041415
0.28614308179968023	0.9742073343858183
0.28614348163108855	0.9742113766195545
0.2861438813678162	0.9742154179056454
0.28614428100989314	0.9742194582443864
0.286144680557349	0.9742234976360729
0.2861450800102143	0.9742275360809999
0.28614547936851886	0.9742315735794624
0.2861458786322918	0.9742356101317556
0.2861462778015618	0.9742396457381742
0.2861466768763624	0.9742436803990129
0.28614707585671983	0.974247714114566
0.2861474747426664	0.9742517468851284
0.2861478735342295	0.9742557787109944
0.2861482722314422	0.9742598095924578
0.28614867083433065	0.9742638395298133
0.2861490693429268	0.9742678685233546
0.2861494677572598	0.9742718965733755
0.2861498660773585	0.9742759236801701
0.28615026430325474	0.9742799498440321
0.2861506624349761	0.9742839750652545
0.28615106047255195	0.9742879993441314
0.2861514584160154	0.9742920226809557
0.2861518562653922	0.9742960450760209
0.2861522540207137	0.97430006652962
0.28615265168201	0.9743040870420456
0.28615304924930873	0.9743081066135915
0.28615344672264437	0.9743121252445495
0.2861538441020396	0.9743161429352127
0.28615424138752893	0.9743201596858737
0.28615463857914075	0.9743241754968248
0.28615503567690465	0.9743281903683584
0.28615543268084714	0.9743322043007664
0.28615582959100405	0.9743362172943412
0.2861562264074006	0.9743402293493746
0.2861566231300673	0.9743442404661585
0.2861570197590324	0.9743482506449849
0.286157416294327	0.974352259886145
0.2861578127359801	0.9743562681899305
0.28615820908401973	0.974360275556633
0.28615860533847803	0.9743642819865432
0.2861590014993837	0.974368287479953
0.2861593975667665	0.9743722920371529
0.28615979354065185	0.9743762956584343
0.2861601894210754	0.9743802983440879
0.2861605852080619	0.9743843000944042
0.2861609809016427	0.974388300909674
0.28616137650184764	0.9743923007901879
0.2861617720087042	0.9743962997362359
0.2861621674222449	0.9744002977481087
0.2861625627424941	0.9744042948260964
0.2861629579694856	0.9744082909704888
0.28616335310324587	0.974412286181576
0.28616374814380796	0.974416280459648
0.28616414309119587	0.9744202738049941
0.286164537945444	0.9744242662179042
0.28616493270657833	0.9744282576986677
0.28616532737462896	0.9744322482475742
0.28616572194962675	0.9744362378649127
0.2861661164315989	0.9744402265509723
0.28616651082057376	0.9744442143060424
0.2861669051165842	0.9744482011304116
0.28616729931965623	0.9744521870243688
0.2861676934298201	0.9744561719882026
0.28616808744710637	0.9744601560222019
0.2861684813715416	0.974464139126655
0.2861688752031563	0.9744681213018502
0.2861692689419798	0.974472102548076
0.28616966258804183	0.9744760828656202
0.28617005614136937	0.9744800622547712
0.28617044960199284	0.9744840407158167
0.28617084296994233	0.9744880182490445
0.286171236245246	0.9744919948547425
0.2861716294279326	0.9744959705331981
0.2861720225180317	0.9744999452846989
0.286172415515572	0.9745039191095322
0.28617280842058124	0.9745078920079854
0.2861732012330915	0.9745118639803454
0.2861735939531292	0.9745158350268995
0.2861739865807259	0.9745198051479345
0.2861743791159099	0.9745237743437369
0.28617477155870724	0.9745277426145942
0.2861751639091501	0.9745317099607922
0.28617555616726637	0.9745356763826178
0.28617594833308396	0.9745396418803575
0.2861763404066333	0.9745436064542969
0.28617673238794367	0.9745475701047229
0.2861771242770437	0.9745515328319212
0.28617751607396086	0.9745554946361777
0.28617790777872504	0.9745594555177783
0.28617829939136624	0.9745634154770088
0.28617869091191206	0.9745673745141545
0.2861790823403888	0.9745713326295012
0.2861794736768316	0.9745752898233342
0.2861798649212649	0.9745792460959388
0.28618025607371905	0.9745832014475999
0.2861806471342197	0.9745871558786029
0.2861810381027991	0.9745911093892325
0.2861814289794856	0.9745950619797736
0.2861818197643078	0.974599013650511
0.28618221045729475	0.9746029644017293
0.28618260105847365	0.974606914233713
0.2861829915678744	0.9746108631467464
0.28618338198552634	0.9746148111411137
0.28618377231145675	0.9746187582170992
0.2861841625456956	0.9746227043749871
0.28618455268826976	0.9746266496150613
0.28618494273921125	0.9746305939376053
0.28618533269854557	0.9746345373429032
0.28618572256630287	0.9746384798312384
0.28618611234251157	0.9746424214028946
0.2861865020271998	0.9746463620581552
0.2861868916203979	0.9746503017973033
0.28618728112213243	0.9746542406206223
0.2861876705324342	0.9746581785283952
0.2861880598513287	0.9746621155209049
0.2861884490788469	0.9746660515984342
0.286188838215018	0.9746699867612661
0.28618922725986684	0.9746739210096833
0.28618961621342587	0.974677854343968
0.2861900050757238	0.9746817867644028
0.2861903938467849	0.9746857182712699
0.2861907825266431	0.9746896488648515
0.2861911711153228	0.9746935785454299
0.2861915596128541	0.9746975073132871
0.28619194801926595	0.9747014351687047
0.2861923363345867	0.9747053621119647
0.2861927245588435	0.9747092881433486
0.28619311269206665	0.9747132132631382
0.28619350073428207	0.9747171374716148
0.2861938886855208	0.9747210607690596
0.28619427654581026	0.9747249831557542
0.28619466431517904	0.9747289046319793
0.2861950519936545	0.9747328251980163
0.28619543958126725	0.9747367448541457
0.28619582707804425	0.9747406636006486
0.2861962144840136	0.9747445814378056
0.28619660179920425	0.9747484983658974
0.2861969890236444	0.9747524143852041
0.28619737615736235	0.9747563294960065
0.2861977632003859	0.9747602436985846
0.28619815015274613	0.9747641569932188
0.2861985370144669	0.9747680693801889
0.2861989237855781	0.9747719808597749
0.28619931046611147	0.9747758914322566
0.2861996970560906	0.9747798010979138
0.28620008355554605	0.9747837098570261
0.28620046996450405	0.974787617709873
0.28620085628299585	0.9747915246567339
0.2862012425110491	0.974795430697888
0.2862016286486895	0.9747993358336146
0.2862020146959492	0.9748032400641926
0.28620240065285263	0.9748071433899013
0.286202786519429	0.9748110458110193
0.28620317229570735	0.9748149473278254
0.28620355798171687	0.9748188479405981
0.2862039435774829	0.9748227476496163
0.2862043290830354	0.974826646455158
0.28620471449840307	0.974830544357502
0.2862050998236108	0.9748344413569263
0.2862054850586919	0.9748383374537088
0.2862058702036695	0.9748422326481279
0.2862062552585737	0.9748461269404612
0.2862066402234341	0.9748500203309867
0.2862070250982767	0.9748539128199819
0.2862074098831292	0.9748578044077244
0.286207794578022	0.9748616950944917
0.28620817918297986	0.9748655848805613
0.2862085636980346	0.9748694737662102
0.2862089481232123	0.9748733617517158
0.28620933245854047	0.9748772488373552
0.28620971670404727	0.9748811350234051
0.28621010085976145	0.9748850203101423
0.2862104849257095	0.974888904697844
0.28621086890192154	0.974892788186786
0.2862112527884229	0.9748966707772457
0.2862116365852464	0.9749005524694989
0.28621202029241294	0.9749044332638221
0.2862124039099555	0.9749083131604919
0.28621278743790024	0.9749121921597835
0.28621317087627707	0.9749160702619737
0.28621355422510963	0.9749199474673379
0.28621393748443125	0.9749238237761519
0.2862143206542631	0.9749276991886918
0.28621470373463864	0.974931573705233
0.2862150867255849	0.9749354473260504
0.2862154696271284	0.9749393200514201
0.286215852439297	0.9749431918816169
0.286216235162118	0.9749470628169162
0.2862166177956206	0.9749509328575928
0.2862170003398321	0.9749548020039218
0.2862173827947789	0.974958670256178
0.2862177651604915	0.974962537614636
0.28621814743699453	0.9749664040795707
0.28621852962431926	0.9749702696512561
0.286218911722491	0.9749741343299672
0.2862192937315368	0.9749779981159777
0.2862196756514877	0.9749818610095623
0.28622005748236656	0.9749857230109951
0.2862204392242046	0.9749895841205496
0.28622082087702844	0.9749934443385001
0.28622120244086624	0.9749973036651203
0.28622158391574626	0.9750011621006835
0.28622196530169475	0.9750050196454638
0.2862223465987407	0.9750088762997344
0.28622272780690794	0.9750127320637688
0.2862231089262289	0.97501658693784
0.2862234899567306	0.9750204409222213
0.28622387089843543	0.9750242940171859
0.28622425175137767	0.9750281462230064
0.28622463251558417	0.9750319975399557
0.2862250131910773	0.9750358479683069
0.28622539377788786	0.9750396975083322
0.2862257742760434	0.9750435461603044
0.28622615468557244	0.9750473939244957
0.2862265350065001	0.9750512408011784
0.2862269152388556	0.9750550867906249
0.28622729538266545	0.9750589318931073
0.2862276754379577	0.9750627761088974
0.28622805540476115	0.9750666194382672
0.2862284352831006	0.9750704618814886
0.2862288150730056	0.9750743034388332
0.286229194774502	0.9750781441105725
0.2862295743876179	0.9750819838969781
0.28622995391238065	0.9750858227983213
0.28623033334882	0.9750896608148734
0.2862307126969586	0.9750934979469055
0.28623109195682783	0.975097334194689
0.2862314711284538	0.9751011695584944
0.2862318502118621	0.9751050040385927
0.2862322292070835	0.9751088376352549
0.2862326081141424	0.9751126703487515
0.2862329869330673	0.9751165021793529
0.2862333656638859	0.9751203331273295
0.2862337443066255	0.975124163192952
0.2862341228613134	0.9751279923764904
0.2862345013279744	0.9751318206782149
0.28623487970663986	0.9751356480983955
0.28623525799733535	0.9751394746373022
0.2862356362000885	0.9751433002952046
0.28623601431492324	0.9751471250723727
0.2862363923418711	0.9751509489690761
0.2862367702809593	0.975154771985584
0.2862371481322106	0.9751585941221662
0.28623752589565693	0.9751624153790918
0.2862379035713225	0.9751662357566302
0.28623828115923733	0.9751700552550501
0.28623865865942594	0.975173873874621
0.2862390360719166	0.9751776916156115
0.2862394133967363	0.9751815084782904
0.28623979063391103	0.9751853244629266
0.2862401677834713	0.9751891395697886
0.2862405448454399	0.9751929537991447
0.2862409218198488	0.9751967671512634
0.2862412987067204	0.9752005796264132
0.28624167550608476	0.975204391224862
0.2862420522179677	0.975208201946878
0.2862424288423963	0.9752120117927292
0.2862428053793978	0.9752158207626834
0.286243181829	0.9752196288570085
0.28624355819122904	0.9752234360759722
0.2862439344661124	0.9752272424198418
0.28624431065367556	0.975231047888885
0.28624468675395076	0.9752348524833692
0.28624506276695844	0.9752386562035613
0.28624543869272584	0.975242459049729
0.2862458145312859	0.9752462610221391
0.2862461902826601	0.9752500621210584
0.28624656594687914	0.9752538623467539
0.28624694152396646	0.9752576616994925
0.2862473170139523	0.9752614601795407
0.28624769241686226	0.975265257787165
0.28624806773272277	0.9752690545226321
0.28624844296156043	0.9752728503862083
0.2862488181034017	0.9752766453781595
0.28624919315827657	0.9752804394987521
0.28624956812620855	0.975284232748252
0.28624994300722445	0.9752880251269257
0.2862503178013539	0.9752918166350383
0.2862506925086225	0.9752956072728559
0.28625106712905746	0.9752993970406442
0.28625144166268396	0.9753031859386686
0.28625181610952927	0.9753069739671946
0.28625219046962214	0.9753107611264874
0.28625256474298677	0.9753145474168126
0.2862529389296526	0.9753183328384349
0.2862533130296434	0.9753221173916198
0.2862536870429889	0.9753259010766318
0.286254060969713	0.975329683893736
0.28625443480984425	0.975333465843197
0.28625480856341057	0.9753372469252795
0.28625518223043495	0.9753410271402478
0.2862555558109488	0.9753448064883666
0.28625592930497445	0.9753485849699005
0.28625630271254043	0.9753523625851132
0.28625667603367316	0.9753561393342689
0.2862570492684012	0.975359915217632
0.28625742241674856	0.975363690235466
0.28625779547874275	0.9753674643880351
0.2862581684544093	0.9753712376756029
0.2862585413437785	0.9753750100984327
0.28625891414687277	0.9753787816567887
0.2862592868637219	0.9753825523509337
0.2862596594943499	0.9753863221811314
0.28626003203878536	0.9753900911476449
0.2862604044970538	0.9753938592507372
0.2862607768691821	0.9753976264906716
0.28626114915519657	0.9754013928677109
0.28626152135512356	0.9754051583821177
0.2862618934689904	0.9754089230341552
0.2862622654968235	0.9754126868240857
0.286262637438649	0.9754164497521717
0.2862630092944917	0.975420211818676
0.2862633810643818	0.9754239730238604
0.28626375274834437	0.9754277333679875
0.28626412434640375	0.9754314928513195
0.2862644958585886	0.9754352514741181
0.28626486728492473	0.9754390092366454
0.2862652386254383	0.9754427661391631
0.2862656098801574	0.9754465221819334
0.2862659810491057	0.9754502773652174
0.2862663521323123	0.9754540316892769
0.28626672312980084	0.9754577851543732
0.28626709404159995	0.9754615377607677
0.28626746486773563	0.9754652895087219
0.2862678356082327	0.9754690403984965
0.28626820626311994	0.9754727904303526
0.28626857683242174	0.9754765396045515
0.28626894731616576	0.9754802879213539
0.28626931771437797	0.9754840353810201
0.2862696880270842	0.9754877819838114
0.2862700582543105	0.9754915277299879
0.28627042839608313	0.9754952726198102
0.2862707984524302	0.9754990166535387
0.28627116842337685	0.9755027598314334
0.28627153830894886	0.9755065021537549
0.2862719081091734	0.9755102436207629
0.28627227782407527	0.9755139842327174
0.2862726474536818	0.9755177239898783
0.28627301699801927	0.9755214628925054
0.2862733864571139	0.9755252009408584
0.28627375583099035	0.9755289381351967
0.28627412511967754	0.9755326744757798
0.2862744943231996	0.9755364099628672
0.2862748634415839	0.9755401445967179
0.28627523247485603	0.9755438783775915
0.28627560142304154	0.9755476113057465
0.2862759702861682	0.9755513433814423
0.28627633906425975	0.9755550746049378
0.28627670775734565	0.9755588049764914
0.28627707636544847	0.9755625344963621
0.28627744488859713	0.9755662631648084
0.2862778133268158	0.9755699909820886
0.2862781816801323	0.9755737179484614
0.28627854994857305	0.9755774440641848
0.2862789181321594	0.9755811693295172
0.2862792862309226	0.9755848937447168
0.28627965424488555	0.9755886173100411
0.28628002217407783	0.9755923400257484
0.28628039001852046	0.9755960618920965
0.28628075777824524	0.9755997829093428
0.28628112545327483	0.975603503077745
0.2862814930436352	0.9756072223975609
0.2862818605493525	0.9756109408690476
0.28628222797045233	0.9756146584924626
0.2862825953069637	0.9756183752680629
0.28628296255890784	0.975622091196106
0.28628332972631393	0.9756258062768485
0.2862836968092074	0.9756295205105474
0.286284063807613	0.9756332338974596
0.28628443072155696	0.9756369464378418
0.2862847975510678	0.9756406581319508
0.2862851642961685	0.975644368980043
0.2862855309568838	0.9756480789823748
0.2862858975332437	0.9756517881392026
0.28628626402527096	0.9756554964507825
0.28628663043299396	0.9756592039173707
0.28628699675643504	0.9756629105392235
0.2862873629956234	0.9756666163165965
0.28628772915058165	0.9756703212497458
0.2862880952213392	0.975674025338927
0.28628846120791884	0.975677728584396
0.2862888271103489	0.9756814309864081
0.28628919292865324	0.9756851325452187
0.2862895586628582	0.9756888332610835
0.28628992431298855	0.9756925331342576
0.28629028987907507	0.9756962321649961
0.2862906553611352	0.9756999303535544
0.2862910207592007	0.9757036277001871
0.286291386073296	0.9757073242051493
0.28629175130344503	0.9757110198686957
0.2862921164496757	0.9757147146910811
0.2862924815120142	0.9757184086725599
0.2862928464904835	0.9757221018133868
0.2862932113851112	0.9757257941138164
0.2862935761959226	0.9757294855741027
0.28629394092294286	0.9757331761944997
0.2862943055661987	0.9757368659752622
0.28629467012571513	0.9757405549166437
0.2862950346015169	0.9757442430188983
0.28629539899363127	0.9757479302822798
0.2862957633020827	0.975751616707042
0.2862961275268978	0.9757553022934383
0.2862964916681015	0.9757589870417226
0.2862968557257193	0.9757626709521482
0.28629721969977745	0.9757663540249685
0.2862975835903006	0.9757700362604366
0.2862979473973153	0.9757737176588057
0.2862983111208442	0.9757773982203293
0.2862986747609176	0.9757810779452597
0.28629903831755765	0.9757847568338502
0.28629940179078894	0.9757884348863535
0.2862997651806418	0.9757921121030224
0.28630012848713776	0.9757957884841093
0.2863004917103016	0.9757994640298666
0.28630085485016343	0.975803138740547
0.28630121790674445	0.9758068126164027
0.28630158088007107	0.9758104856576859
0.28630194377016854	0.9758141578646486
0.286302306577063	0.9758178292375432
0.2863026693007801	0.9758214997766212
0.2863030319413452	0.9758251694821346
0.28630339449878306	0.9758288383543352
0.2863037569731214	0.9758325063934745
0.2863041193643803	0.9758361735998042
0.28630448167259076	0.9758398399735756
0.28630484389777416	0.9758435055150403
0.2863052060399597	0.9758471702244492
0.2863055680991686	0.9758508341020539
0.28630593007542876	0.9758544971481051
0.28630629196876517	0.9758581593628541
0.2863066537792019	0.9758618207465517
0.2863070155067661	0.9758654812994484
0.2863073771514829	0.9758691410217951
0.28630773871337634	0.9758727999138428
0.2863081001924725	0.9758764579758413
0.28630846158879625	0.9758801152080414
0.28630882290237264	0.9758837716106935
0.2863091841332301	0.9758874271840475
0.28630954528138736	0.9758910819283539
0.28630990634687375	0.9758947358438627
0.2863102673297162	0.9758983889308235
0.2863106282299377	0.9759020411894864
0.2863109890475627	0.9759056926201012
0.2863113497826185	0.9759093432229173
0.2863117104351278	0.9759129929981848
0.2863120710051168	0.9759166419461526
0.2863124314926119	0.9759202900670705
0.28631279189763814	0.9759239373611874
0.2863131522202188	0.9759275838287529
0.2863135124603786	0.9759312294700159
0.28631387261814845	0.9759348742852252
0.2863142326935453	0.9759385182746301
0.2863145926865982	0.9759421614384793
0.2863149525973325	0.9759458037770214
0.2863153124257762	0.9759494452905051
0.2863156721719468	0.975953085979179
0.28631603183587734	0.9759567258432914
0.28631639141758697	0.9759603648830909
0.28631675091710285	0.9759640030988257
0.28631711033445173	0.9759676404907436
0.2863174696696558	0.9759712770590933
0.2863178289227428	0.9759749128041221
0.28631818809373644	0.9759785477260782
0.28631854718266064	0.9759821818252097
0.2863189061895408	0.9759858151017639
0.2863192651144032	0.9759894475559884
0.286319623957272	0.9759930791881309
0.28631998271817316	0.9759967099984389
0.28632034139712925	0.9760003399871597
0.28632069999416765	0.9760039691545402
0.28632105850931194	0.9760075975008279
0.28632141694258906	0.9760112250262697
0.2863217752940196	0.9760148517311126
0.2863221335636334	0.9760184776156035
0.2863224917514533	0.976022102679989
0.2863228498575029	0.9760257269245161
0.2863232078818071	0.9760293503494311
0.28632356582439594	0.9760329729549805
0.28632392368528586	0.9760365947414109
0.2863242814645071	0.9760402157089687
0.28632463916208534	0.9760438358578997
0.2863249967780434	0.9760474551884504
0.28632535431240674	0.9760510737008665
0.28632571176519783	0.9760546913953942
0.28632606913644426	0.9760583082722795
0.2863264264261696	0.9760619243317677
0.28632678363439973	0.9760655395741048
0.28632714076115917	0.9760691539995363
0.2863274978064718	0.9760727676083077
0.28632785477036077	0.9760763804006645
0.28632821165285555	0.9760799923768516
0.28632856845397525	0.9760836035371148
0.28632892517374925	0.9760872138816986
0.2863292818122016	0.9760908234108483
0.28632963836935516	0.9760944321248088
0.2863299948452377	0.976098040023825
0.2863303512398684	0.9761016471081418
0.28633070755327583	0.9761052533780037
0.2863310637854849	0.9761088588336551
0.2863314199365198	0.9761124634753406
0.2863317760064023	0.9761160673033047
0.2863321319951604	0.9761196703177916
0.28633248790282007	0.9761232725190454
0.28633284372940143	0.9761268739073103
0.28633319947493296	0.9761304744828303
0.286333555139437	0.9761340742458494
0.28633391072293757	0.9761376731966114
0.28633426622546343	0.9761412713353598
0.28633462164703344	0.9761448686623387
0.2863349769876768	0.9761484651777914
0.2863353322474166	0.9761520608819612
0.28633568742627613	0.9761556557750918
0.2863360425242817	0.9761592498574263
0.2863363975414555	0.976162843129208
0.2863367524778255	0.97616643559068
0.28633710733341267	0.9761700272420851
0.2863374621082447	0.9761736180836664
0.28633781680234305	0.9761772081156668
0.2863381714157341	0.976180797338329
0.28633852594844306	0.9761843857518956
0.28633888040049327	0.9761879733566091
0.28633923477190815	0.9761915601527121
0.2863395890627128	0.9761951461404469
0.2863399432729336	0.9761987313200559
0.2863402974025925	0.9762023156917808
0.2863406514517142	0.9762058992558645
0.2863410054203244	0.9762094820125486
0.2863413593084474	0.9762130639620751
0.2863417131161064	0.9762166451046856
0.2863420668433268	0.9762202254406221
0.28634242049013275	0.9762238049701262
0.2863427740565485	0.9762273836934395
0.2863431275425986	0.9762309616108032
0.286343480948305	0.9762345387224594
0.2863438342736971	0.9762381150286484
0.28634418751879387	0.9762416905296122
0.286344540683625	0.9762452652255915
0.28634489376821115	0.9762488391168274
0.28634524677257767	0.9762524122035611
0.28634559969674733	0.976255984486033
0.2863459525407466	0.9762595559644842
0.2863463053045979	0.9762631266391552
0.28634665798832665	0.9762666965102866
0.2863470105919576	0.976270265578119
0.2863473631155144	0.9762738338428927
0.28634771555902017	0.9762774013048479
0.2863480679225008	0.9762809679642249
0.28634842020597845	0.976284533821264
0.2863487724094821	0.9762880988762049
0.28634912453303074	0.9762916631292877
0.2863494765766503	0.9762952265807525
0.28634982854036467	0.9762987892308388
0.28635018042419885	0.9763023510797862
0.28635053222817664	0.9763059121278345
0.2863508839523224	0.9763094723752231
0.2863512355966595	0.9763130318221914
0.28635158716121345	0.9763165904689789
0.28635193864600655	0.9763201483158247
0.286352290051064	0.9763237053629679
0.2863526413764097	0.9763272616106475
0.28635299262206915	0.9763308170591025
0.28635334378806526	0.976334371708572
0.28635369487442053	0.9763379255592944
0.2863540458811628	0.9763414786115087
0.28635439680831154	0.9763450308654534
0.28635474765589364	0.9763485823213672
0.28635509842393353	0.9763521329794882
0.28635544911245303	0.9763556828400548
0.2863557997214776	0.9763592319033056
0.28635615025103284	0.9763627801694784
0.2863565007011391	0.9763663276388116
0.28635685107182346	0.9763698743115428
0.2863572013631093	0.9763734201879102
0.2863575515750196	0.9763769652681513
0.2863579017075779	0.9763805095525042
0.28635825176081015	0.9763840530412063
0.28635860173473965	0.9763875957344953
0.2863589516293878	0.9763911376326085
0.2863593014447817	0.9763946787357833
0.28635965118094653	0.976398219044257
0.28636000083790153	0.9764017585582667
0.2863603504156735	0.9764052972780498
0.28636069991428603	0.9764088352038431
0.2863610493337637	0.9764123723358834
0.28636139867412846	0.9764159086744078
0.2863617479354057	0.9764194442196529
0.28636209711761906	0.9764229789718553
0.28636244622079304	0.9764265129312516
0.2863627952449495	0.9764300460980786
0.2863631441901132	0.9764335784725724
0.2863634930563099	0.9764371100549692
0.28636384184355923	0.9764406408455055
0.28636419055188855	0.9764441708444175
0.2863645391813205	0.9764477000519408
0.28636488773188085	0.9764512284683116
0.28636523620358917	0.976454756093766
0.2863655845964742	0.9764582829285393
0.2863659329105533	0.9764618089728677
0.2863662811458567	0.9764653342269864
0.2863666293024049	0.9764688586911315
0.2863669773802225	0.9764723823655377
0.28636732537933285	0.9764759052504408
0.2863676732997596	0.9764794273460758
0.2863680211415271	0.9764829486526782
0.286368368904658	0.9764864691704829
0.2863687165891757	0.9764899888997248
0.28636906419510644	0.9764935078406389
0.28636941172247204	0.97649702599346
0.28636975917129637	0.976500543358423
0.2863701065416021	0.9765040599357624
0.28637045383341514	0.9765075757257127
0.2863708010467569	0.9765110907285084
0.2863711481816528	0.976514604944384
0.28637149523812494	0.9765181183735737
0.28637184221619755	0.9765216310163118
0.2863721891158958	0.9765251428728322
0.2863725359372395	0.9765286539433693
0.2863728826802576	0.9765321642281567
0.2863732293449683	0.9765356737274286
0.28637357593139734	0.9765391824414186
0.2863739224395701	0.9765426903703601
0.28637426886950657	0.9765461975144873
0.2863746152212332	0.9765497038740333
0.2863749614947731	0.9765532094492317
0.28637530769014946	0.9765567142403156
0.2863756538073852	0.9765602182475187
0.28637599984650325	0.9765637214710737
0.2863763458075281	0.9765672239112141
0.286376691690483	0.9765707255681726
0.2863770374953936	0.9765742264421824
0.28637738322227957	0.9765777265334759
0.2863777288711666	0.9765812258422861
0.28637807444207947	0.9765847243688457
0.28637841993503627	0.9765882221133872
0.2863787653500669	0.9765917190761431
0.28637911068719235	0.9765952152573458
0.28637945594643477	0.9765987106572275
0.28637980112781836	0.9766022052760206
0.2863801462313647	0.9766056991139572
0.2863804912571034	0.9766091921712692
0.2863808362050508	0.9766126844481885
0.286381181075234	0.9766161759449474
0.2863815258676754	0.9766196666617772
0.28638187058239617	0.9766231565989101
0.28638221521942386	0.9766266457565773
0.2863825597787808	0.9766301341350107
0.28638290426048735	0.9766336217344412
0.2863832486645701	0.9766371085551007
0.2863835929910527	0.9766405945972203
0.2863839372399526	0.9766440798610312
0.2863842814112998	0.9766475643467645
0.2863846255051155	0.9766510480546511
0.28638496952142195	0.9766545309849219
0.28638531346024354	0.9766580131378082
0.28638565732160276	0.9766614945135403
0.28638600110552365	0.9766649751123491
0.2863863448120278	0.9766684549344652
0.28638668844113957	0.976671933980119
0.28638703199288434	0.9766754122495408
0.2863873754672807	0.9766788897429612
0.28638771886435715	0.9766823664606104
0.28638806218413326	0.9766858424027184
0.2863884054266317	0.9766893175695156
0.2863887485918773	0.9766927919612317
0.2863890916798959	0.9766962655780965
0.286389434690703	0.9766997384203405
0.28638977762432954	0.9767032104881928
0.2863901204807963	0.976706681781883
0.2863904632601244	0.9767101523016412
0.2863908059623383	0.9767136220476965
0.28639114858746284	0.9767170910202785
0.28639149113551815	0.9767205592196162
0.28639183360652803	0.9767240266459393
0.28639217600051653	0.9767274932994766
0.2863925183175084	0.9767309591804573
0.28639286055752394	0.9767344242891103
0.2863932027205863	0.9767378886256645
0.2863935448067195	0.9767413521903489
0.2863938868159451	0.9767448149833919
0.2863942287482881	0.9767482770050224
0.2863945706037725	0.9767517382554689
0.28639491238241827	0.9767551987349599
0.28639525408425104	0.9767586584437238
0.28639559570928985	0.9767621173819887
0.2863959372575628	0.9767655755499829
0.2863962787290907	0.9767690329479347
0.28639662012389644	0.976772489576072
0.28639696144200183	0.9767759454346229
0.2863973026834318	0.9767794005238151
0.28639764384820765	0.9767828548438765
0.286397984936354	0.9767863083950347
0.2863983259478933	0.9767897611775175
0.28639866688284626	0.9767932131915527
0.28639900774123933	0.9767966644373671
0.2863993485230943	0.9768001149151885
0.2863996892284324	0.9768035646252441
0.2864000298572779	0.9768070135677609
0.28640037040965316	0.9768104617429666
0.28640071088558416	0.9768139091510877
0.28640105128508747	0.9768173557923515
0.28640139160819145	0.9768208016669846
0.28640173185491724	0.9768242467752141
0.28640207202528467	0.9768276911172664
0.2864024121193228	0.9768311346933681
0.28640275213704985	0.976834577503746
0.2864030920784897	0.9768380195486265
0.28640343194366435	0.9768414608282359
0.2864037717325968	0.9768449013428006
0.2864041114453135	0.9768483410925465
0.2864044510818324	0.9768517800777001
0.28640479064217894	0.9768552182984872
0.28640513012637414	0.976858655755134
0.28640546953444324	0.976862092447866
0.28640580886640693	0.9768655283769093
0.28640614812228804	0.9768689635424895
0.2864064873021111	0.9768723979448324
0.28640682640589465	0.9768758315841631
0.2864071654336677	0.9768792644607073
0.2864075043854483	0.9768826965746906
0.2864078432612613	0.9768861279263379
0.2864081820611264	0.9768895585158747
0.2864085207850708	0.9768929883435261
0.2864088594331141	0.976896417409517
0.2864091980052783	0.9768998457140725
0.2864095365015904	0.9769032732574173
0.2864098749220664	0.9769067000397764
0.2864102132667365	0.9769101260613743
0.28641055153561723	0.9769135513224357
0.2864108897287336	0.9769169758231854
0.28641122784610795	0.9769203995638475
0.28641156588776306	0.9769238225446466
0.2864119038537218	0.9769272447658067
0.28641224174400637	0.9769306662275525
0.2864125795586394	0.9769340869301079
0.2864129172976437	0.9769375068736967
0.2864132549610415	0.9769409260585433
0.2864135925488566	0.9769443444848712
0.2864139300611083	0.9769477621529045
0.28641426749782295	0.9769511790628668
0.28641460485902287	0.9769545952149817
0.28641494214472646	0.9769580106094727
0.2864152793549615	0.9769614252465635
0.28641561648974606	0.9769648391264774
0.28641595354910543	0.9769682522494374
0.2864162905330581	0.9769716646156673
0.28641662744163265	0.9769750762253899
0.28641696427485075	0.9769784870788281
0.2864173010327288	0.9769818971762054
0.2864176377152945	0.9769853065177442
0.2864179743225695	0.9769887151036675
0.2864183108545757	0.976992122934198
0.2864186473113352	0.9769955300095584
0.28641898369287083	0.9769989363299714
0.2864193199992052	0.9770023418956593
0.28641965623036025	0.9770057467068445
0.2864199923863582	0.9770091507637494
0.28642032846722143	0.9770125540665965
0.286420664472974	0.9770159566156073
0.2864210004036373	0.9770193584110044
0.2864213362592316	0.9770227594530099
0.2864216720397816	0.9770261597418453
0.2864220077453106	0.9770295592777325
0.2864223433758375	0.9770329580608937
0.28642267893138823	0.97703635609155
0.2864230144119827	0.9770397533699233
0.28642334981764306	0.9770431498962353
0.2864236851483939	0.9770465456707071
0.2864240204042557	0.9770499406935601
0.2864243555852527	0.9770533349650156
0.2864246906914044	0.9770567284852948
0.2864250257227348	0.9770601212546188
0.2864253606792661	0.9770635132732088
0.28642569556101893	0.9770669045412854
0.286426030368018	0.9770702950590696
0.2864263651002839	0.9770736848267824
0.2864266997578382	0.9770770738446442
0.28642703434070754	0.9770804621128757
0.2864273688489082	0.9770838496316976
0.28642770328246653	0.9770872364013301
0.2864280376414043	0.9770906224219937
0.2864283719257412	0.9770940076939089
0.28642870613549937	0.9770973922172955
0.28642904027070465	0.9771007759923739
0.28642937433137744	0.9771041590193642
0.286429708317537	0.9771075412984862
0.2864300422292105	0.9771109228299599
0.28643037606641614	0.9771143036140049
0.2864307098291795	0.9771176836508414
0.2864310435175193	0.9771210629406886
0.28643137713146	0.9771244414837663
0.2864317106710222	0.9771278192802939
0.2864320441362287	0.9771311963304908
0.28643237752709977	0.9771345726345764
0.2864327108436615	0.9771379481927699
0.2864330440859346	0.9771413230052903
0.28643337725393725	0.9771446970723571
0.28643371034769827	0.9771480703941888
0.2864340433672326	0.9771514429710049
0.2864343763125662	0.9771548148030237
0.2864347091837207	0.9771581858904642
0.2864350419807196	0.9771615562335454
0.28643537470358166	0.9771649258324853
0.2864357073523334	0.9771682946875025
0.2864360399269906	0.9771716627988161
0.28643637242757897	0.977175030166644
0.28643670485412154	0.9771783967912043
0.2864370372066381	0.9771817626727156
0.28643736948515225	0.9771851278113958
0.2864377016896836	0.977188492207463
0.2864380338202574	0.977191855861135
0.28643836587689375	0.9771952187726302
0.2864386978596144	0.9771985809421657
0.2864390297684395	0.9772019423699599
0.28643936160339484	0.97720530305623
0.2864396933645019	0.9772086630011936
0.28644002505177835	0.9772120222050684
0.2864403566652525	0.9772153806680717
0.28644068820493956	0.9772187383904208
0.2864410196708649	0.977222095372333
0.2864413510630504	0.9772254516140255
0.2864416823815198	0.9772288071157151
0.2864420136262898	0.9772321618776193
0.28644234479738595	0.9772355158999548
0.2864426758948304	0.9772388691829382
0.2864430069186428	0.9772422217267869
0.2864433378688471	0.9772455735317168
0.2864436687454628	0.9772489245979452
0.2864439995485143	0.9772522749256882
0.286444330278022	0.9772556245151626
0.2864446609340075	0.9772589733665844
0.2864449915164938	0.9772623214801701
0.2864453220254998	0.9772656688561361
0.2864456524610507	0.9772690154946982
0.2864459828231658	0.9772723613960727
0.2864463131118684	0.9772757065604755
0.28644664332718067	0.9772790509881224
0.2864469734691213	0.9772823946792295
0.28644730353771497	0.9772857376340123
0.28644763353298297	0.9772890798526865
0.28644796345494694	0.9772924213354677
0.2864482933036287	0.9772957620825714
0.28644862307904745	0.9772991020942131
0.2864489527812282	0.9773024413706083
0.28644928241019074	0.977305779911972
0.28644961196595914	0.9773091177185194
0.28644994144855207	0.9773124547904657
0.2864502708579935	0.977315791128026
0.2864506001943012	0.9773191267314154
0.2864509294575029	0.9773224616008483
0.28645125864761417	0.97732579573654
0.2864515877646611	0.9773291291387048
0.28645191680866317	0.9773324618075577
0.2864522457796421	0.9773357937433133
0.2864525746776199	0.9773391249461857
0.2864529035026165	0.9773424554163895
0.28645323225465724	0.9773457851541393
0.28645356093376134	0.977349114159649
0.2864538895399487	0.977352442433133
0.28645421807324545	0.9773557699748051
0.28645454653366914	0.9773590967848796
0.28645487492124205	0.9773624228635703
0.286455203235988	0.9773657482110913
0.28645553147792535	0.977369072827656
0.286455859647077	0.9773723967134785
0.28645618774346393	0.9773757198687723
0.28645651576710884	0.9773790422937506
0.2864568437180331	0.9773823639886275
0.2864571715962585	0.9773856849536158
0.28645749940180476	0.9773890051889293
0.28645782713469337	0.977392324694781
0.2864581547949482	0.9773956434713842
0.2864584823825882	0.9773989615189518
0.2864588098976371	0.9774022788376968
0.2864591373401158	0.9774055954278321
0.2864594647100427	0.977408911289571
0.28645979200744204	0.9774122264231259
0.286460119232337	0.9774155408287095
0.28646044638474377	0.9774188545065344
0.2864607734646882	0.9774221674568134
0.2864611004721911	0.9774254796797587
0.28646142740727093	0.9774287911755828
0.2864617542699527	0.977432101944498
0.28646208106025667	0.9774354119867165
0.28646240777820264	0.9774387213024504
0.28646273442381354	0.977442029891912
0.2864630609971117	0.9774453377553131
0.28646338749811423	0.9774486448928656
0.2864637139268467	0.9774519513047816
0.2864640402833295	0.9774552569912724
0.2864643665675817	0.9774585619525504
0.2864646927796283	0.9774618661888267
0.28646501891948895	0.9774651697003127
0.28646534498718285	0.9774684724872205
0.28646567098273346	0.9774717745497611
0.2864659969061611	0.9774750758881454
0.2864663227574899	0.9774783765025855
0.28646664853673787	0.9774816763932919
0.28646697424392675	0.9774849755604759
0.286467299879077	0.9774882740043485
0.2864676254422131	0.9774915717251207
0.2864679509333546	0.9774948687230031
0.2864682763525207	0.9774981649982066
0.28646860169973715	0.9775014605509421
0.28646892697501797	0.9775047553814201
0.28646925217839225	0.9775080494898509
0.28646957730987727	0.9775113428764453
0.2864699023694934	0.9775146355414133
0.28647022735726274	0.9775179274849657
0.2864705522732068	0.9775212187073126
0.28647087711734803	0.9775245092086638
0.28647120188970654	0.9775277989892297
0.28647152659030095	0.9775310880492202
0.286471851219156	0.9775343763888454
0.2864721757762923	0.9775376640083151
0.28647250026172794	0.9775409509078388
0.2864728246754897	0.9775442370876265
0.2864731490175905	0.9775475225478878
0.2864734732880613	0.977550807288832
0.2864737974869138	0.977554091310669
0.28647412161417535	0.9775573746136078
0.2864744456698639	0.9775606571978579
0.2864747696540029	0.9775639390636285
0.2864750935666095	0.977567220211129
0.2864754174077082	0.9775705006405683
0.2864757411773231	0.977573780352155
0.2864760648754672	0.9775770593460987
0.2864763885021656	0.9775803376226081
0.2864767120574412	0.9775836151818919
0.28647703554131254	0.9775868920241587
0.2864773589538	0.9775901681496173
0.28647768229492776	0.9775934435584762
0.28647800556471587	0.9775967182509441
0.2864783287631819	0.977599992227229
0.28647865189035066	0.9776032654875395
0.2864789749462424	0.9776065380320839
0.2864792979308746	0.9776098098610703
0.28647962084427364	0.9776130809747068
0.28647994368645624	0.9776163513732015
0.28648026645744623	0.977619621056762
0.2864805891572623	0.9776228900255968
0.28648091178592533	0.9776261582799135
0.2864812343434594	0.9776294258199196
0.286481556829881	0.9776326926458228
0.28648187924521457	0.9776359587578308
0.2864822015894793	0.9776392241561511
0.28648252386269735	0.9776424888409911
0.286482846064889	0.9776457528125583
0.28648316819607345	0.9776490160710599
0.2864834902562722	0.9776522786167029
0.2864838122455092	0.9776555404496945
0.28648413416380075	0.977658801570242
0.28648445601117195	0.9776620619785522
0.28648477778764125	0.9776653216748319
0.28648509949322765	0.9776685806592882
0.2864854211279543	0.9776718389321276
0.286485742691843	0.9776750964935571
0.28648606418491246	0.9776783533437831
0.286486385607185	0.977681609483012
0.28648670695868106	0.9776848649114503
0.2864870282394215	0.9776881196293047
0.28648734944942655	0.9776913736367812
0.2864876705887146	0.9776946269340862
0.28648799165731076	0.9776978795214257
0.28648831265523395	0.9777011313990057
0.2864886335825048	0.9777043825670326
0.2864889544391434	0.977707633025712
0.2864892752251709	0.97771088277525
0.2864895959406102	0.9777141318158522
0.28648991658547984	0.977717380147724
0.28649023715979977	0.9777206277710718
0.2864905576635906	0.9777238746861007
0.2864908780968762	0.9777271208930163
0.28649119845967347	0.9777303663920238
0.2864915187520076	0.9777336111833287
0.28649183897389224	0.9777368552671365
0.286492159125356	0.9777400986436519
0.286492479206414	0.9777433413130804
0.2864927992170887	0.9777465832756267
0.2864931191574007	0.9777498245314962
0.28649343902736957	0.9777530650808934
0.28649375882701783	0.9777563049240235
0.2864940785563648	0.9777595440610911
0.286494398215432	0.9777627824923006
0.2864947178042387	0.977766020217857
0.2864950373228084	0.9777692572379643
0.28649535677115645	0.9777724935528276
0.28649567614930693	0.977775729162651
0.28649599545728077	0.9777789640676385
0.2864963146950983	0.9777821982679947
0.2864966338627801	0.9777854317639236
0.28649695296034433	0.9777886645556294
0.28649727198781566	0.977791896643316
0.28649759094520977	0.9777951280271875
0.2864979098325498	0.9777983587074474
0.28649822864985836	0.9778015886842999
0.2864985473971527	0.9778048179579485
0.28649886607445235	0.9778080465285967
0.2864991846817823	0.9778112743964484
0.28649950321915907	0.9778145015617068
0.2864998216866045	0.9778177280245756
0.2865001400841406	0.9778209537852578
0.28650045841178556	0.9778241788439569
0.286500776669559	0.9778274032008761
0.28650109485748604	0.9778306268562186
0.2865014129755827	0.9778338498101873
0.28650173102387155	0.977837072062985
0.2865020490023699	0.977840293614815
0.2865023669111017	0.9778435144658798
0.28650268475008617	0.9778467346163824
0.2865030025193434	0.9778499540665253
0.2865033202188968	0.9778531728165113
0.2865036378487598	0.9778563908665429
0.28650395540895995	0.9778596082168224
0.28650427289951197	0.9778628248675523
0.2865045903204409	0.977866040818935
0.286504907671765	0.9778692560711727
0.28650522495350345	0.9778724706244675
0.28650554216568075	0.9778756844790214
0.2865058593083114	0.9778788976350367
0.2865061763814199	0.9778821100927153
0.2865064933850242	0.977885321852259
0.28650681031914843	0.9778885329138695
0.286507127183807	0.9778917432777487
0.28650744397902583	0.9778949529440981
0.2865077607048213	0.9778981619131196
0.28650807736121425	0.9779013701850146
0.286508393948228	0.9779045777599843
0.28650871046587967	0.9779077846382304
0.2865090269141909	0.977910990819954
0.2865093432931822	0.9779141963053564
0.28650965960287145	0.9779174010946386
0.28650997584328264	0.977920605188002
0.28651029201443196	0.9779238085856475
0.28651060811634116	0.9779270112877759
0.2865109241490334	0.9779302132945882
0.2865112401125251	0.9779334146062849
0.28651155600684014	0.9779366152230671
0.28651187183199106	0.9779398151451355
0.28651218758800956	0.9779430143726902
0.28651250327490585	0.9779462129059322
0.2865128188927019	0.9779494107450618
0.2865131344414238	0.977952607890279
0.28651344992108685	0.9779558043417845
0.28651376533170964	0.9779590000997784
0.2865140806733175	0.9779621951644609
0.28651439594592665	0.9779653895360321
0.28651471114955934	0.9779685832146917
0.28651502628423453	0.97797177620064
0.28651534134997136	0.9779749684940766
0.2865156563467922	0.9779781600952014
0.286515971274714	0.9779813510042142
0.2865162861337596	0.9779845412213145
0.28651660092395087	0.9779877307467019
0.2865169156453032	0.9779909195805758
0.2865172302978367	0.977994107723136
0.28651754488157555	0.9779972951745814
0.2865178593965397	0.9780004819351115
0.2865181738427456	0.9780036680049254
0.2865184882202147	0.9780068533842224
0.28651880252896617	0.9780100380732016
0.2865191167690234	0.9780132220720616
0.28651943094040344	0.978016405381002
0.28651974504312705	0.9780195880002209
0.28652005907721334	0.9780227699299175
0.28652037304268296	0.9780259511702907
0.2865206869395593	0.9780291317215388
0.2865210007678562	0.9780323115838604
0.2865213145275968	0.978035490757454
0.2865216282188008	0.9780386692425183
0.28652194184148816	0.9780418470392513
0.2865222553956783	0.9780450241478514
0.28652256888139266	0.9780482005685168
0.28652288229865047	0.9780513763014457
0.2865231956474715	0.9780545513468364
0.2865235089278747	0.9780577257048862
0.2865238221398812	0.9780608993757937
0.28652413528351145	0.9780640723597566
0.28652444835878255	0.9780672446569725
0.2865247613657192	0.9780704162676391
0.28652507430433694	0.9780735871919543
0.2865253871746573	0.9780767574301154
0.2865256999766987	0.9780799269823202
0.28652601271048167	0.9780830958487661
0.2865263253760289	0.9780862640296498
0.2865266379733564	0.9780894315251694
0.28652695050248517	0.978092598335522
0.28652726296343767	0.9780957644609043
0.28652757535623036	0.9780989299015138
0.2865278876808841	0.9781020946575473
0.28652819993742024	0.9781052587292017
0.28652851212585523	0.9781084221166743
0.28652882424621084	0.9781115848201611
0.286529136298507	0.9781147468398596
0.28652944828276333	0.978117908175966
0.2865297601990003	0.978121068828677
0.2865300720472386	0.9781242287981888
0.28653038382749285	0.9781273880846986
0.2865306955397873	0.9781305466884022
0.2865310071841414	0.978133704609496
0.2865313187605742	0.9781368618481762
0.286531630269105	0.978140018404639
0.28653194170975493	0.9781431742790805
0.2865322530825424	0.9781463294716967
0.28653256438748675	0.9781494839826836
0.28653287562460783	0.978152637812237
0.28653318679392714	0.9781557909605529
0.28653349789546273	0.9781589434278267
0.2865338089292345	0.9781620952142545
0.2865341198952634	0.9781652463200313
0.2865344307935676	0.9781683967453532
0.28653474162416503	0.9781715464904154
0.28653505238708027	0.9781746955554131
0.2865353630823274	0.9781778439405422
0.2865356737099295	0.9781809916459976
0.2865359842699078	0.9781841386719741
0.2865362947622792	0.9781872850186674
0.2865366051870612	0.9781904306862722
0.2865369155442795	0.9781935756749837
0.28653722583394914	0.9781967199849966
0.28653753605608984	0.9781998636165058
0.28653784621072226	0.978203006569706
0.28653815629786455	0.9782061488447921
0.2865384663175395	0.9782092904419585
0.28653877626976504	0.9782124313613998
0.286539086154558	0.9782155716033104
0.28653939597194267	0.978218711167885
0.2865397057219358	0.9782218500553177
0.2865400154045572	0.9782249882658026
0.2865403250198255	0.9782281257995344
0.28654063456776424	0.9782312626567067
0.2865409440483888	0.978234398837514
0.28654125346171677	0.9782375343421501
0.2865415628077745	0.9782406691708088
0.286541872086577	0.9782438033236841
0.28654218129814485	0.97824693680097
0.28654249044249724	0.9782500696028597
0.2865427995196522	0.9782532017295473
0.2865431085296327	0.9782563331812262
0.2865434174724552	0.9782594639580897
0.2865437263481386	0.9782625940603318
0.2865440351567083	0.9782657234881453
0.28654434389817557	0.9782688522417237
0.28654465257256556	0.9782719803212602
0.28654496117989403	0.9782751077269481
0.286545269720183	0.9782782344589805
0.286545578193451	0.9782813605175505
0.2865458865997169	0.9782844859028506
0.2865461949389999	0.9782876106150741
0.2865465032113217	0.9782907346544136
0.28654681141670135	0.978293858021062
0.2865471195551552	0.978296980715212
0.2865474276267037	0.9783001027370561
0.2865477356313689	0.9783032240867867
0.28654804356916674	0.9783063447645967
0.286548351440117	0.9783094647706781
0.2865486592442419	0.9783125841052235
0.28654896698155896	0.978315702768425
0.28654927465208524	0.9783188207604748
0.28654958225584537	0.9783219380815652
0.28654988979285406	0.9783250547318881
0.28655019726313075	0.9783281707116356
0.2865505046666973	0.9783312860209996
0.2865508120035716	0.9783344006601719
0.28655111927377536	0.9783375146293442
0.2865514264773225	0.9783406279287084
0.28655173361423697	0.978343740558456
0.28655204068453705	0.9783468525187786
0.2865523476882413	0.978349963809868
0.2865526546253678	0.9783530744319153
0.2865529614959395	0.9783561843851121
0.2865532682999714	0.9783592936696495
0.28655357503748474	0.9783624022857189
0.2865538817084997	0.9783655102335115
0.2865541883130314	0.9783686175132184
0.2865544948511044	0.9783717241250302
0.2865548013227344	0.9783748300691385
0.28655510772794496	0.9783779353457339
0.28655541406674956	0.9783810399550071
0.2865557203391694	0.9783841438971491
0.2865560265452252	0.9783872471723507
0.2865563326849344	0.9783903497808023
0.2865566387583176	0.9783934517226944
0.2865569447653928	0.9783965529982177
0.28655725070617966	0.9783996536075624
0.28655755658069837	0.9784027535509191
0.2865578623889655	0.9784058528284779
0.2865581681310011	0.9784089514404292
0.2865584738068254	0.9784120493869629
0.2865587794164574	0.9784151466682695
0.2865590849599144	0.9784182432845384
0.2865593904372175	0.9784213392359601
0.2865596958483867	0.9784244345227242
0.28656000119343716	0.9784275291450207
0.2865603064723903	0.9784306231030391
0.2865606116852677	0.9784337163969694
0.28656091683208323	0.9784368090270009
0.28656122191286	0.9784399009933233
0.28656152692761455	0.978442992296126
0.28656183187636763	0.9784460829355988
0.2865621367591381	0.9784491729119302
0.28656244157594574	0.9784522622253101
0.2865627463268063	0.9784553508759278
0.28656305101174084	0.9784584388639721
0.286563355630768	0.9784615261896323
0.28656366018391044	0.9784646128530972
0.28656396467117895	0.978467698854556
0.2865642690926021	0.9784707841941972
0.2865645734481922	0.97847386887221
0.2865648777379708	0.9784769528887829
0.28656518196195757	0.9784800362441045
0.28656548612016963	0.9784831189383635
0.286565790212625	0.9784862009717487
0.28656609423934576	0.9784892823444482
0.28656639820034696	0.9784923630566504
0.286566702095652	0.978495443108544
0.286567005925278	0.9784985225003169
0.2865673096892439	0.9785016012321576
0.2865676133875666	0.9785046793042538
0.28656791702026796	0.9785077567167939
0.2865682205873656	0.9785108334699659
0.2865685240888766	0.9785139095639576
0.286568827524826	0.9785169849989569
0.2865691308952227	0.9785200597751518
0.2865694342000929	0.9785231338927298
0.2865697374394574	0.9785262073518785
0.28657004061332975	0.9785292801527856
0.28657034372172824	0.978532352295639
0.28657064676467753	0.9785354237806254
0.28657094974218983	0.978538494607933
0.28657125265428746	0.9785415647777483
0.2865715555009893	0.9785446342902595
0.28657185828231524	0.9785477031456531
0.2865721609982818	0.9785507713441163
0.2865724636489059	0.9785538388858366
0.28657276623421346	0.9785569057710005
0.286573068754217	0.9785599719997953
0.28657337120893556	0.9785630375724076
0.28657367359839253	0.9785661024890242
0.2865739759226005	0.9785691667498322
0.2865742781815833	0.9785722303550181
0.2865745803753586	0.978575293304768
0.28657488250394053	0.9785783555992693
0.28657518456735553	0.978581417238708
0.28657548656561693	0.9785844782232703
0.2865757884987451	0.9785875385531427
0.28657609036675846	0.9785905982285118
0.2865763921696757	0.9785936572495634
0.286576693907516	0.9785967156164839
0.2865769955802987	0.9785997733294592
0.2865772971880406	0.9786028303886753
0.28657759873076094	0.9786058867943183
0.28657790020848006	0.978608942546574
0.2865782016212143	0.9786119976456281
0.2865785029689845	0.9786150520916665
0.28657880425180765	0.9786181058848747
0.28657910546970394	0.9786211590254387
0.2865794066226907	0.9786242115135434
0.28657970771078517	0.9786272633493749
0.2865800087340092	0.9786303145331183
0.28658030969237963	0.978633365064959
0.2865806105859177	0.9786364149450824
0.28658091141463865	0.9786394641736733
0.2865812121785621	0.9786425127509175
0.28658151287770606	0.9786455606769995
0.28658181351209083	0.9786486079521048
0.286582114081733	0.978651654576418
0.28658241458665334	0.978654700550124
0.28658271502687	0.9786577458734079
0.2865830154023968	0.9786607905464544
0.28658331571326223	0.9786638345694478
0.28658361595947635	0.9786668779425731
0.2865839161410578	0.978669920666015
0.2865842162580324	0.9786729627399574
0.28658451631041026	0.9786760041645853
0.28658481629821336	0.9786790449400831
0.28658511622146393	0.9786820850666345
0.2865854160801754	0.9786851245444244
0.2865857158743654	0.9786881633736364
0.2865860156040586	0.978691201554455
0.2865863152692696	0.978694239087064
0.28658661487001463	0.9786972759716477
0.2865869144063171	0.9787003122083898
0.2865872138781919	0.978703347797474
0.2865875132856585	0.9787063827390844
0.28658781262873534	0.9787094170334044
0.2865881119074433	0.9787124506806179
0.2865884111217956	0.9787154836809082
0.2865887102718139	0.9787185160344591
0.28658900935751924	0.978721547741454
0.2865893083789243	0.9787245788020762
0.28658960733605177	0.9787276092165091
0.2865899062289193	0.978730638984936
0.28659020505754484	0.9787336681075398
0.2865905038219462	0.9787366965845039
0.28659080252214125	0.9787397244160114
0.28659110115814984	0.9787427516022452
0.28659139972999126	0.9787457781433883
0.2865916982376822	0.9787488040396233
0.2865919966812398	0.9787518292911335
0.28659229506068584	0.9787548538981012
0.28659259337603665	0.9787578778607094
0.2865928916273101	0.9787609011791404
0.2865931898145277	0.9787639238535769
0.2865934879377005	0.9787669458842015
0.2865937859968552	0.9787699672711966
0.2865940839920058	0.9787729880147443
0.28659438192317127	0.9787760081150271
0.28659467979036946	0.9787790275722272
0.2865949775936206	0.9787820463865269
0.28659527533293955	0.9787850645581079
0.28659557300834804	0.9787880820871526
0.2865958706198651	0.9787910989738426
0.28659616816750505	0.9787941152183605
0.2865964656512891	0.9787971308208873
0.2865967630712314	0.9788001457816055
0.2865970604273562	0.9788031601006962
0.2865973577196775	0.9788061737783413
0.28659765494821643	0.9788091868147227
0.28659795211298916	0.9788121992100214
0.2865982492140123	0.9788152109644193
0.2865985462513087	0.9788182220780973
0.2865988432248934	0.9788212325512371
0.28659914013478605	0.9788242423840199
0.2865994369810032	0.978827251576627
0.2865997337635638	0.9788302601292392
0.28660003048248706	0.9788332680420379
0.28660032713779127	0.9788362753152038
0.28660062372949185	0.9788392819489181
0.28660092025760914	0.9788422879433618
0.28660121672216154	0.9788452932987152
0.2866015131231663	0.9788482980151597
0.2866018094606425	0.9788513020928753
0.28660210573460737	0.9788543055320433
0.28660240194507913	0.9788573083328438
0.2866026980920779	0.9788603104954575
0.2866029941756189	0.9788633120200647
0.28660329019572134	0.9788663129068459
0.2866035861524041	0.9788693131559816
0.2866038820456834	0.9788723127676515
0.286604177875578	0.9788753117420361
0.2866044736421094	0.9788783100793155
0.2866047693452917	0.9788813077796696
0.2866050649851448	0.9788843048432788
0.2866053605616843	0.9788873012703229
0.2866056560749322	0.9788902970609811
0.2866059515249041	0.9788932922154341
0.2866062469116182	0.9788962867338612
0.28660654223509135	0.9788992806164422
0.28660683749534566	0.9789022738633564
0.2866071326923949	0.9789052664747839
0.28660742782625787	0.9789082584509036
0.2866077228969576	0.9789112497918953
0.2866080179045035	0.9789142404979382
0.28660831284892097	0.9789172305692116
0.2866086077302239	0.978920220005895
0.28660890254843374	0.9789232088081669
0.28660919730356293	0.9789261969762072
0.28660949199563496	0.9789291845101944
0.2866097866246653	0.9789321714103079
0.2866100811906713	0.9789351576767259
0.2866103756936714	0.978938143309628
0.2866106701336876	0.9789411283091927
0.28661096451073276	0.9789441126755988
0.2866112588248243	0.9789470964090249
0.28661155307598496	0.9789500795096493
0.2866118472642281	0.9789530619776511
0.2866121413895767	0.9789560438132086
0.2866124354520424	0.9789590250164998
0.286612729451648	0.9789620055877034
0.2866130233884075	0.978964985526998
0.28661331726234274	0.978967964834561
0.2866136110734694	0.9789709435105715
0.2866139048218076	0.9789739215552067
0.28661419850737285	0.9789768989686454
0.28661449213018236	0.978979875751065
0.28661478569025534	0.9789828519026439
0.2866150791876112	0.9789858274235594
0.28661537262226444	0.9789888023139898
0.28661566599423527	0.9789917765741125
0.2866159593035426	0.9789947502041052
0.2866162525502006	0.9789977232041456
0.28661654573422896	0.9790006955744114
0.2866168388556469	0.9790036673150798
0.2866171319144704	0.9790066384263282
0.28661742491071857	0.9790096089083339
0.2866177178444088	0.9790125787612745
0.2866180107155587	0.9790155479853269
0.2866183035241856	0.9790185165806684
0.28661859627030856	0.9790214845474761
0.28661888895394255	0.9790244518859271
0.2866191815751097	0.9790274185961982
0.28661947413382405	0.9790303846784665
0.2866197666301031	0.9790333501329089
0.2866200590639693	0.9790363149597019
0.28662035143543557	0.9790392791590224
0.2866206437445219	0.9790422427310469
0.2866209359912458	0.9790452056759524
0.28662122817562563	0.9790481679939151
0.28662152029767884	0.9790511296851114
0.28662181235741924	0.979054090749718
0.28662210435486946	0.9790570511879112
0.2866223962900472	0.9790600109998671
0.2866226881629681	0.979062970185762
0.28662297997364905	0.9790659287457723
0.28662327172210866	0.9790688866800739
0.2866235634083668	0.9790718439888428
0.2866238550324376	0.9790748006722552
0.2866241465943423	0.9790777567304867
0.28662443809409655	0.9790807121637133
0.2866247295317169	0.9790836669721111
0.28662502090722347	0.9790866211558553
0.2866253122206329	0.979089574715122
0.2866256034719622	0.9790925276500867
0.2866258946612287	0.9790954799609248
0.28662618578845156	0.9790984316478119
0.2866264768536481	0.9791013827109233
0.28662676785683455	0.9791043331504348
0.2866270587980311	0.9791072829665212
0.2866273496772523	0.9791102321593579
0.28662764049451767	0.9791131807291202
0.28662793124984476	0.9791161286759832
0.28662822194325	0.9791190760001218
0.28662851257475236	0.9791220227017112
0.28662880314436673	0.9791249687809261
0.28662909365211586	0.9791279142379417
0.2866293840980115	0.9791308590729324
0.2866296744820749	0.9791338032860732
0.2866299648043215	0.979136746877539
0.2866302550647719	0.9791396898475042
0.2866305452634421	0.9791426321961431
0.2866308354003458	0.9791455739236308
0.2866311254755059	0.9791485150301411
0.2866314154889375	0.9791514555158489
0.286631705440659	0.9791543953809282
0.28663199533068845	0.9791573346255535
0.28663228515903955	0.9791602732498991
0.28663257492573424	0.9791632112541386
0.28663286463078613	0.9791661486384468
0.28663315427421787	0.979169085402997
0.2866334438560424	0.9791720215479637
0.286633733376279	0.9791749570735205
0.2866340228349446	0.9791778919798414
0.2866343122320562	0.9791808262671001
0.28663460156763354	0.9791837599354704
0.28663489084169225	0.9791866929851257
0.2866351800542504	0.97918962541624
0.28663546920532357	0.9791925572289865
0.2866357582949298	0.9791954884235388
0.2866360473230916	0.9791984190000702
0.2866363362898178	0.9792013489587543
0.28663662519513294	0.9792042782997642
0.2866369140390491	0.979207207023273
0.2866372028215862	0.9792101351294544
0.2866374915427631	0.979213062618481
0.28663778020259506	0.9792159894905258
0.28663806880110093	0.9792189157457621
0.28663835733829524	0.9792218413843627
0.28663864581420057	0.9792247664065007
0.2866389342288283	0.9792276908123483
0.28663922258219954	0.9792306146020788
0.2866395108743295	0.9792335377758649
0.2866397991052368	0.9792364603338787
0.2866400872749406	0.9792393822762933
0.28664037538345644	0.9792423036032809
0.2866406634307994	0.9792452243150142
0.28664095141698825	0.9792481444116653
0.2866412393420434	0.9792510638934068
0.28664152720597735	0.9792539827604108
0.28664181500880903	0.9792569010128495
0.28664210275055935	0.979259818650895
0.28664239043124107	0.9792627356747196
0.2866426780508735	0.9792656520844949
0.2866429656094724	0.9792685678803932
0.28664325310705635	0.9792714830625866
0.2866435405436434	0.9792743976312465
0.28664382791924825	0.9792773115865447
0.2866441152338897	0.9792802249286535
0.286644402487587	0.979283137657744
0.2866446896803519	0.9792860497739878
0.2866449768122053	0.9792889612775566
0.28664526388316675	0.9792918721686221
0.28664555089324917	0.9792947824473555
0.28664583784247294	0.9792976921139279
0.2866461247308518	0.9793006011685109
0.28664641155840603	0.9793035096112759
0.28664669832515083	0.9793064174423939
0.28664698503110425	0.9793093246620358
0.28664727167628457	0.979312231270373
0.2866475582607082	0.9793151372675765
0.28664784478438954	0.9793180426538171
0.28664813124735045	0.9793209474292656
0.2866484176496052	0.979323851594093
0.28664870399117176	0.97932675514847
0.28664899027206764	0.9793296580925673
0.2866492764923068	0.9793325604265557
0.2866495626519113	0.9793354621506055
0.2866498487508953	0.9793383632648874
0.28665013478927603	0.9793412637695719
0.28665042076707214	0.9793441636648293
0.28665070668429876	0.9793470629508301
0.28665099254097454	0.9793499616277446
0.2866512783371144	0.9793528596957427
0.2866515640727409	0.9793557571549949
0.2866518497478636	0.9793586540056712
0.2866521353625042	0.9793615502479419
0.28665242091667853	0.9793644458819765
0.286652706410405	0.9793673409079452
0.2866529918436996	0.9793702353260179
0.2866532772165776	0.9793731291363644
0.2866535625290601	0.9793760223391544
0.2866538477811589	0.9793789149345579
0.28665413297289494	0.979381806922744
0.28665441810428527	0.9793846983038828
0.28665470317534647	0.9793875890781435
0.2866549881860937	0.9793904792456954
0.28665527313654676	0.9793933688067085
0.2866555580267201	0.9793962577613516
0.28665584285663037	0.9793991461097943
0.2866561276262966	0.9794020338522055
0.2866564123357377	0.9794049209887546
0.28665669698496576	0.979407807519611
0.2866569815740021	0.979410693444943
0.2866572661028595	0.9794135787649203
0.28665755057155773	0.9794164634797113
0.28665783498011344	0.9794193475894853
0.2866581193285424	0.979422231094411
0.28665840361686296	0.9794251139946569
0.2866586878450923	0.979427996290392
0.28665897201324575	0.9794308779817849
0.28665925612134285	0.979433759069004
0.2866595401693965	0.9794366395522179
0.2866598241574269	0.9794395194315951
0.2866601080854471	0.9794423987073042
0.28666039195347975	0.9794452773795129
0.28666067576153836	0.9794481554483904
0.28666095950964027	0.9794510329141042
0.2866612431978029	0.9794539097768228
0.286661526826042	0.979456786036714
0.2866618103943758	0.9794596616939463
0.28666209390281766	0.9794625367486874
0.28666237735138883	0.9794654112011054
0.28666266074010593	0.979468285051368
0.286662944068984	0.979471158299643
0.2866632273380387	0.9794740309460984
0.286663510547289	0.9794769029909018
0.2866637936967507	0.9794797744342207
0.28666407678644196	0.9794826452762229
0.28666435981637917	0.9794855155170757
0.28666464278657905	0.9794883851569468
0.28666492569705565	0.9794912541960034
0.286665208547828	0.9794941226344132
0.286665491338918	0.9794969904723427
0.2866657740703322	0.9794998577099602
0.2866660567420948	0.9795027243474322
0.2866663393542201	0.979505590384926
0.2866666219067252	0.9795084558226087
0.28666690439962855	0.9795113206606471
0.28666718683294173	0.9795141848992085
0.2866674692066885	0.9795170485384592
0.28666775152088125	0.9795199115785668
0.2866680337755368	0.9795227740196976
0.28666831597067377	0.9795256358620182
0.2866685981063058	0.9795284971056957
0.28666888018245396	0.9795313577508964
0.2866691621991318	0.9795342177977868
0.28666944415635953	0.9795370772465334
0.2866697260541469	0.9795399360973029
0.28667000789251734	0.9795427943502614
0.2866702896714829	0.9795456520055754
0.28667057139106294	0.9795485090634108
0.2866708530512758	0.9795513655239343
0.2866711346521333	0.9795542213873116
0.28667141619365827	0.979557076653709
0.28667169767586315	0.9795599313232922
0.2866719790987648	0.9795627853962278
0.2866722604623802	0.9795656388726811
0.28667254176672474	0.9795684917528183
0.28667282301181934	0.9795713440368051
0.2866731041976769	0.9795741957248071
0.2866733853243153	0.9795770468169901
0.28667366639175135	0.9795798973135198
0.2866739473999998	0.9795827472145615
0.2866742283490791	0.9795855965202811
0.2866745092390079	0.9795884452308435
0.2866747900697959	0.9795912933464148
0.28667507084146904	0.9795941408671595
0.2866753515540353	0.9795969877932438
0.28667563220751746	0.9795998341248321
0.2866759128019275	0.9796026798620899
0.28667619333728667	0.9796055250051823
0.286676473813607	0.9796083695542745
0.28667675423090727	0.9796112135095312
0.2866770345892043	0.9796140568711176
0.2866773148885145	0.9796168996391981
0.28667759512885393	0.9796197418139381
0.28667787531023897	0.9796225833955022
0.2866781554326873	0.9796254243840548
0.28667843549621386	0.9796282647797607
0.28667871550083535	0.9796311045827848
0.28667899544656905	0.9796339437932913
0.2866792753334326	0.9796367824114448
0.28667955516143945	0.9796396204374096
0.28667983493060867	0.9796424578713502
0.2866801146409561	0.9796452947134308
0.2866803942924993	0.9796481309638155
0.2866806738852517	0.9796509666226689
0.28668095341923167	0.9796538016901548
0.2866812328944558	0.9796566361664375
0.28668151231094025	0.9796594700516809
0.2866817916687023	0.9796623033460489
0.28668207096775733	0.9796651360497054
0.2866823502081202	0.9796679681628145
0.28668262938981276	0.9796707996855396
0.2866829085128467	0.9796736306180449
0.2866831875772375	0.9796764609604937
0.2866834665830048	0.9796792907130498
0.28668374553016485	0.9796821198758767
0.2866840244187342	0.979684948449138
0.28668430324872685	0.9796877764329972
0.2866845820201616	0.9796906038276173
0.2866848607330508	0.9796934306331623
0.2866851393874166	0.9796962568497948
0.2866854179832713	0.9796990824776786
0.2866856965206339	0.9797019075169764
0.28668597499952153	0.9797047319678515
0.28668625341994536	0.9797075558304671
0.28668653178192394	0.9797103791049862
0.2866868100854779	0.9797132017915714
0.2866870883306189	0.9797160238903857
0.2866873665173644	0.9797188454015925
0.28668764464573077	0.9797216663253537
0.2866879227157355	0.9797244866618326
0.2866882007273934	0.9797273064111919
0.28668847868072206	0.979730125573594
0.2866887565757345	0.9797329441492015
0.2866890344124541	0.9797357621381767
0.28668931219088994	0.9797385795406823
0.28668958991106286	0.9797413963568806
0.2866898675729854	0.9797442125869338
0.28669014517667746	0.9797470282310045
0.28669042272215306	0.9797498432892547
0.2866907002094269	0.9797526577618466
0.28669097763852075	0.9797554716489421
0.28669125500944453	0.9797582849507035
0.28669153232222183	0.9797610976672927
0.28669180957686163	0.9797639097988716
0.28669208677338365	0.9797667213456023
0.28669236391180397	0.9797695323076464
0.2866926409921369	0.9797723426851658
0.2866929180144025	0.979775152478322
0.2866931949786141	0.9797779616872768
0.2866934718847889	0.9797807703121917
0.28669374873294096	0.9797835783532286
0.28669402552309137	0.9797863858105487
0.2866943022552511	0.9797891926843134
0.28669457892943817	0.979791998974684
0.28669485554567076	0.979794804681822
0.2866951321039635	0.9797976098058888
0.2866954086043301	0.9798004143470455
0.2866956850467915	0.9798032183054529
0.28669596143135967	0.9798060216812726
0.2866962377580526	0.9798088244746656
0.2866965140268895	0.9798116266857925
0.28669679023788186	0.9798144283148142
0.2866970663910442	0.9798172293618924
0.2866973424864001	0.9798200298271871
0.2866976185239623	0.9798228297108591
0.286697894503741	0.9798256290130698
0.28669817042575946	0.979828427733979
0.2866984462900325	0.9798312258737479
0.28669872209657704	0.979834023432537
0.2866989978454057	0.9798368204105063
0.2866992735365377	0.9798396168078167
0.28669954916998647	0.9798424126246285
0.2866998247457713	0.979845207861102
0.2867001002639034	0.9798480025173975
0.28670037572440354	0.9798507965936749
0.2867006511272877	0.9798535900900948
0.286700926472569	0.9798563830068171
0.2867012017602671	0.9798591753440018
0.2867014769903928	0.9798619671018091
0.28670175216296606	0.9798647582803988
0.28670202727800315	0.9798675488799307
0.28670230233551924	0.9798703389005647
0.28670257733553145	0.9798731283424604
0.28670285227805103	0.979875917205778
0.2867031271631	0.9798787054906768
0.28670340199069194	0.9798814931973165
0.2867036767608409	0.9798842803258566
0.2867039514735678	0.9798870668764565
0.2867042261288836	0.9798898528492758
0.286704500726809	0.9798926382444739
0.2867047752673542	0.9798954230622102
0.2867050497505363	0.9798982073026439
0.2867053241763789	0.979900990965934
0.2867055985448903	0.9799037740522399
0.28670587285608706	0.9799065565617207
0.2867061471099879	0.9799093384945355
0.2867064213066078	0.9799121198508431
0.28670669544596145	0.9799149006308028
0.28670696952806635	0.979917680834573
0.2867072435529365	0.9799204604623132
0.2867075175205917	0.9799232395141816
0.28670779143104447	0.9799260179903372
0.28670806528431075	0.9799287958909386
0.28670833908040694	0.9799315732161444
0.2867086128193499	0.9799343499661133
0.2867088865011569	0.9799371261410036
0.28670916012583836	0.9799399017409741
0.28670943369341567	0.9799426767661827
0.28670970720390254	0.9799454512167884
0.28670998065731473	0.979948225092949
0.2867102540536684	0.9799509983948228
0.286710527392981	0.979953771122568
0.2867108006752662	0.9799565432763431
0.28671107390053935	0.9799593148563056
0.28671134706881723	0.979962085862614
0.28671162018011676	0.979964856295426
0.28671189323445334	0.9799676261548996
0.28671216623184376	0.9799703954411925
0.286712439172302	0.9799731641544628
0.2867127120558408	0.9799759322948682
0.2867129848824839	0.9799786998625661
0.2867132576522393	0.9799814668577147
0.2867135303651291	0.9799842332804709
0.2867138030211637	0.9799869991309929
0.2867140756203646	0.9799897644094375
0.2867143481627422	0.9799925291159628
0.2867146206483172	0.9799952932507258
0.2867148930771002	0.9799980568138839
0.28671516544911013	0.9800008198055942
0.28671543776436015	0.9800035822260142
0.2867157100228717	0.9800063440753009
0.28671598222465555	0.9800091053536115
0.28671625436972925	0.9800118660611029
0.28671652645810747	0.9800146261979322
0.2867167984898055	0.9800173857642565
0.28671707046484296	0.9800201447602322
0.2867173423832303	0.9800229031860166
0.2867176142449872	0.9800256610417662
0.28671788605012977	0.980028418327638
0.2867181577986673	0.9800311750437886
0.2867184294906232	0.9800339311903744
0.28671870112601006	0.9800366867675523
0.2867189727048409	0.9800394417754785
0.28671924422713724	0.9800421962143097
0.2867195156929105	0.9800449500842019
0.2867197871021757	0.9800477033853121
0.2867200584549542	0.9800504561177961
0.286720329751253	0.9800532082818102
0.28672060099109575	0.9800559598775109
0.2867208721744953	0.980058710905054
0.28672114330146725	0.9800614613645956
0.2867214143720246	0.980064211256292
0.28672168538618453	0.9800669605802989
0.2867219563439673	0.9800697093367724
0.28672222724538227	0.9800724575258682
0.28672249809044875	0.9800752051477424
0.2867227688791795	0.9800779522025506
0.28672303961159085	0.9800806986904483
0.2867233102877033	0.9800834446115915
0.28672358090752614	0.9800861899661355
0.28672385147107854	0.9800889347542362
0.28672412197837194	0.9800916789760489
0.2867243924294282	0.980094422631729
0.2867246628242564	0.9800971657214319
0.2867249331628791	0.980099908245313
0.2867252034453065	0.9801026502035275
0.2867254736715546	0.9801053915962309
0.28672574384164007	0.9801081324235779
0.28672601395558	0.980110872685724
0.28672628401338857	0.9801136123828241
0.2867265540150805	0.9801163515150335
0.28672682396067245	0.9801190900825069
0.28672709385017925	0.9801218280853992
0.28672736368361523	0.9801245655238654
0.2867276334610001	0.9801273023980601
0.28672790318234503	0.9801300387081383
0.28672817284766816	0.9801327744542545
0.2867284424569816	0.9801355096365635
0.28672871201030664	0.9801382442552198
0.2867289815076548	0.9801409783103779
0.2867292509490417	0.9801437118021924
0.28672952033448307	0.9801464447308178
0.28672978966399465	0.9801491770964083
0.28673005893759274	0.9801519088991184
0.28673032815529265	0.980154640139102
0.2867305973171066	0.9801573708165141
0.2867308664230555	0.9801601009315081
0.2867311354731495	0.9801628304842385
0.28673140446740936	0.9801655594748591
0.2867316734058453	0.9801682879035243
0.286731942288476	0.9801710157703877
0.28673221111531627	0.9801737430756033
0.28673247988638007	0.9801764698193253
0.2867327486016865	0.980179196001707
0.28673301726124867	0.9801819216229023
0.2867332858650793	0.9801846466830652
0.28673355441319714	0.980187371182349
0.2867338229056176	0.9801900951209075
0.2867340913423562	0.9801928184988941
0.28673435972342753	0.9801955413164622
0.2867346280488448	0.9801982635737655
0.286734896318626	0.9802009852709573
0.28673516453278747	0.980203706408191
0.2867354326913417	0.9802064269856198
0.28673570079430527	0.9802091470033966
0.2867359688416962	0.9802118664616751
0.286736236833524	0.9802145853606082
0.2867365047698107	0.9802173037003489
0.2867367726505676	0.9802200214810501
0.2867370404758094	0.9802227387028654
0.28673730824555316	0.9802254553659471
0.28673757595981464	0.9802281714704482
0.28673784361860843	0.9802308870165215
0.28673811122195036	0.9802336020043196
0.28673837876985436	0.9802363164339958
0.2867386462623387	0.9802390303057021
0.28673891369941334	0.9802417436195915
0.2867391810810975	0.9802444563758163
0.2867394484074052	0.9802471685745293
0.28673971567835493	0.9802498802158826
0.2867399828939592	0.9802525913000286
0.28674025005423254	0.98025530182712
0.28674051715919163	0.980258011797309
0.2867407842088502	0.9802607212107474
0.28674105120322585	0.9802634300675878
0.28674131814233084	0.9802661383679823
0.2867415850261827	0.9802688461120828
0.2867418518547971	0.9802715533000415
0.2867421186281893	0.9802742599320102
0.2867423853463717	0.9802769660081412
0.2867426520093605	0.9802796715285859
0.2867429186171722	0.9802823764934965
0.2867431851698231	0.9802850809030246
0.28674345166732823	0.9802877847573217
0.286743718109699	0.9802904880565398
0.2867439844969531	0.9802931908008305
0.286744250829106	0.9802958929903453
0.28674451710617377	0.9802985946252356
0.2867447833281688	0.9803012957056529
0.2867450494951089	0.9803039962317488
0.28674531560700817	0.9803066962036745
0.2867455816638812	0.9803093956215813
0.28674584766574385	0.9803120944856204
0.2867461136126124	0.9803147927959432
0.286746379504502	0.9803174905527006
0.28674664534142497	0.9803201877560438
0.286746911123399	0.980322884406124
0.2867471768504372	0.980325580503092
0.2867474425225558	0.9803282760470989
0.2867477081397705	0.9803309710382955
0.2867479737020959	0.9803336654768326
0.28674823920955034	0.9803363593628611
0.28674850466214025	0.9803390526965317
0.2867487700598898	0.9803417454779951
0.2867490354028088	0.9803444377074019
0.286749300690915	0.9803471293849028
0.28674956592422396	0.980349820510648
0.2867498311027478	0.9803525110847883
0.28675009622650555	0.9803552011074741
0.286750361295506	0.9803578905788558
0.28675062630977	0.9803605794990836
0.28675089126931064	0.9803632678683079
0.2867511561741453	0.9803659556866787
0.2867514210242849	0.9803686429543464
0.2867516858197446	0.9803713296714613
0.28675195056054487	0.9803740158381732
0.2867522152466963	0.980376701454632
0.28675247987821295	0.9803793865209881
0.28675274445511356	0.980382071037391
0.2867530089774115	0.9803847550039908
0.28675327344511986	0.9803874384209371
0.2867535378582579	0.98039012128838
0.2867538022168364	0.9803928036064692
0.28675406652087293	0.9803954853753539
0.28675433077038165	0.9803981665951842
0.2867545949653779	0.9804008472661094
0.2867548591058742	0.9804035273882794
0.2867551231918903	0.9804062069618431
0.286755387223436	0.9804088859869503
0.2867556512005305	0.9804115644637502
0.28675591512318865	0.9804142423923923
0.28675617899142236	0.9804169197730257
0.2867564428052483	0.9804195966057995
0.2867567065646807	0.9804222728908631
0.2867569702697341	0.9804249486283655
0.28675723392042685	0.9804276238184558
0.2867574975167703	0.9804302984612828
0.28675776105878054	0.9804329725569957
0.28675802454647387	0.9804356461057434
0.2867582879798606	0.9804383191076749
0.2867585513589614	0.9804409915629384
0.2867588146837875	0.9804436634716833
0.28675907795435557	0.9804463348340581
0.2867593411706802	0.9804490056502113
0.286759604332774	0.9804516759202918
0.2867598674406567	0.9804543456444477
0.2867601304943384	0.980457014822828
0.28676039349383664	0.9804596834555809
0.286760656439165	0.9804623515428548
0.28676091933034076	0.9804650190847981
0.28676118216737534	0.9804676860815589
0.2867614449502854	0.9804703525332858
0.2867617076790864	0.9804730184401268
0.286761970353792	0.9804756838022303
0.28676223297441683	0.9804783486197437
0.28676249554097705	0.9804810128928159
0.2867627580534876	0.9804836766215944
0.2867630205119614	0.9804863398062273
0.2867632829164142	0.9804890024468627
0.2867635452668623	0.980491664543648
0.2867638075633193	0.9804943260967314
0.28676406980579655	0.9804969871062603
0.28676433199431595	0.9804996475723826
0.28676459412888905	0.9805023074952459
0.2867648562095279	0.9805049668749981
0.2867651182362516	0.9805076257117863
0.2867653802090715	0.9805102840057582
0.2867656421280027	0.9805129417570612
0.2867659039930633	0.980515598965843
0.28676616580426506	0.9805182556322503
0.28676642756162296	0.9805209117564309
0.28676668926515386	0.9805235673385319
0.28676695091487037	0.9805262223787005
0.2867672125107871	0.9805288768770839
0.28676747405291986	0.9805315308338293
0.28676773554128426	0.9805341842490836
0.28676799697589384	0.9805368371229937
0.2867682583567626	0.9805394894557067
0.28676851968390504	0.9805421412473695
0.2867687809573386	0.9805447924981289
0.28676904217707455	0.9805474432081319
0.2867693033431296	0.9805500933775249
0.2867695644555193	0.9805527430064547
0.2867698255142589	0.9805553920950683
0.28677008651935815	0.9805580406435118
0.28677034747083735	0.9805606886519319
0.28677060836870744	0.9805633361204755
0.28677086921298445	0.9805659830492885
0.286771130003687	0.9805686294385177
0.2867713907408213	0.9805712752883092
0.28677165142440764	0.9805739205988095
0.2867719120544608	0.9805765653701648
0.2867721726309919	0.9805792096025212
0.28677243315401846	0.9805818532960249
0.28677269362355495	0.9805844964508221
0.2867729540396182	0.9805871390670587
0.28677321440221715	0.9805897811448808
0.2867734747113727	0.9805924226844346
0.2867737349670939	0.9805950636858657
0.2867739951693977	0.9805977041493197
0.28677425531830253	0.980600344074943
0.2867745154138161	0.9806029834628811
0.286774775455957	0.9806056223132796
0.2867750354447366	0.9806082606262845
0.2867752953801766	0.9806108984020411
0.2867755552622837	0.980613535640695
0.2867758150910782	0.9806161723423917
0.28677607486656914	0.9806188085072767
0.2867763345887771	0.9806214441354958
0.28677659425771124	0.9806240792271937
0.28677685387338886	0.9806267137825163
0.2867771134358284	0.9806293478016083
0.2867773729450374	0.9806319812846155
0.28677763240103277	0.9806346142316826
0.28677789180383034	0.980637246642955
0.2867781511534439	0.9806398785185778
0.28677841044988694	0.9806425098586959
0.28677866969317756	0.9806451406634541
0.28677892888332684	0.9806477709329978
0.2867791880203488	0.9806504006674716
0.28677944710426134	0.9806530298670201
0.28677970613507364	0.9806556585317886
0.28677996511280623	0.9806582866619215
0.2867802240374709	0.9806609142575633
0.28678048290908154	0.9806635413188589
0.2867807417276544	0.980666167845953
0.28678100049320265	0.98066879383899
0.28678125920574	0.9806714192981143
0.28678151786528167	0.9806740442234704
0.28678177647184466	0.9806766686152028
0.2867820350254384	0.9806792924734555
0.28678229352608275	0.9806819157983733
0.2867825519737889	0.9806845385901001
0.28678281036857084	0.98068716084878
0.2867830687104441	0.9806897825745575
0.28678332699942544	0.9806924037675764
0.28678358523552383	0.9806950244279811
0.2867838434187594	0.9806976445559149
0.28678410154914374	0.9807002641515226
0.28678435962668974	0.9807028832149476
0.28678461765141483	0.980705501746334
0.2867848756233321	0.9807081197458254
0.2867851335424566	0.9807107372135657
0.28678539140880155	0.9807133541496983
0.28678564922238214	0.9807159705543673
0.28678590698321255	0.9807185864277161
0.28678616469130813	0.9807212017698882
0.28678642234668317	0.9807238165810273
0.28678667994934987	0.9807264308612768
0.28678693749932344	0.9807290446107799
0.2867871949966195	0.9807316578296804
0.2867874524412517	0.9807342705181212
0.2867877098332351	0.9807368826762458
0.2867879671725835	0.9807394943041974
0.28678822445931035	0.9807421054021193
0.2867884816934313	0.9807447159701541
0.28678873887495815	0.9807473260084456
0.286788996003911	0.9807499355171363
0.28678925308029846	0.9807525444963696
0.2867895101041372	0.980755152946288
0.2867897670754396	0.9807577608670347
0.28679002399422154	0.9807603682587525
0.28679028086049957	0.9807629751215841
0.28679053767428486	0.980765581455672
0.2867907944355924	0.9807681872611597
0.28679105114443765	0.9807707925381889
0.28679130780083156	0.9807733972869029
0.28679156440479314	0.9807760015074439
0.2867918209563342	0.9807786051999545
0.2867920774554673	0.9807812083645772
0.28679233390221026	0.9807838110014542
0.2867925902965756	0.9807864131107279
0.28679284663857646	0.9807890146925409
0.2867931029282305	0.9807916157470353
0.28679335916554677	0.9807942162743533
0.28679361535054304	0.980796816274637
0.28679387148323443	0.9807994157480286
0.286794127563633	0.9808020146946703
0.286794383591753	0.9808046131147038
0.28679463956761114	0.9808072110082716
0.28679489549121745	0.9808098083755149
0.28679515136259287	0.9808124052165761
0.28679540718174273	0.980815001531597
0.2867956629486872	0.9808175973207193
0.2867959186634401	0.9808201925840846
0.28679617432601595	0.9808227873218348
0.28679642993642285	0.9808253815341116
0.28679668549468207	0.9808279752210562
0.28679694100080866	0.9808305683828106
0.2867971964548099	0.9808331610195161
0.2867974518567049	0.9808357531313141
0.286797707206507	0.9808383447183461
0.286797962504229	0.9808409357807535
0.28679821774988756	0.9808435263186775
0.286798472943494	0.9808461163322596
0.2867987280850625	0.9808487058216406
0.2867989831746123	0.9808512947869619
0.28679923821215003	0.9808538832283646
0.28679949319769504	0.9808564711459898
0.28679974813125925	0.9808590585399788
0.28680000301285874	0.9808616454104719
0.2868002578425056	0.9808642317576106
0.28680051262021694	0.9808668175815356
0.286800767346	0.9808694028823879
0.286801022019876	0.980871987660308
0.28680127664185845	0.9808745719154366
0.2868015312119561	0.9808771556479149
0.2868017857301884	0.980879738857883
0.2868020401965669	0.9808823215454817
0.286802294611106	0.9808849037108517
0.2868025489738217	0.9808874853541334
0.28680280328472596	0.9808900664754671
0.2868030575438333	0.9808926470749934
0.28680331175115764	0.9808952271528526
0.2868035659067127	0.9808978067091851
0.286803820010515	0.9809003857441311
0.28680407406257513	0.9809029642578309
0.286804328062909	0.9809055422504244
0.2868045820115298	0.9809081197220519
0.28680483590845185	0.9809106966728538
0.28680508975369023	0.9809132731029698
0.2868053435472595	0.9809158490125398
0.28680559728916977	0.9809184244017038
0.28680585097943995	0.9809209992706021
0.2868061046180779	0.980923573619374
0.28680635820510497	0.9809261474481595
0.2868066117405319	0.9809287207570985
0.2868068652243702	0.9809312935463306
0.2868071186566388	0.9809338658159953
0.2868073720373456	0.9809364375662325
0.28680762536650944	0.9809390087971817
0.28680787864414503	0.9809415795089822
0.28680813187026155	0.9809441497017737
0.2868083850448754	0.9809467193756954
0.2868086381680009	0.980949288530887
0.286808891239653	0.9809518571674877
0.28680914425984455	0.9809544252856366
0.2868093972285889	0.980956992885473
0.28680965014589993	0.9809595599671364
0.28680990301179116	0.9809621265307656
0.28681015582627917	0.9809646925764999
0.2868104085893759	0.9809672581044783
0.2868106613010956	0.9809698231148396
0.28681091396145375	0.9809723876077229
0.28681116657046146	0.9809749515832674
0.28681141912813424	0.9809775150416117
0.28681167163448507	0.9809800779828945
0.2868119240895289	0.9809826404072548
0.2868121764932796	0.9809852023148312
0.28681242884574815	0.9809877637057627
0.2868126811469527	0.9809903245801874
0.28681293339690445	0.9809928849382442
0.2868131855956201	0.9809954447800716
0.28681343774311	0.9809980041058081
0.2868136898393895	0.9810005629155921
0.2868139418844742	0.9810031212095621
0.2868141938783743	0.9810056789878565
0.2868144458211083	0.9810082362506132
0.2868146977126858	0.9810107929979709
0.2868149495531211	0.9810133492300679
0.2868152013424307	0.981015904947042
0.28681545308062745	0.9810184601490315
0.2868157047677246	0.9810210148361744
0.2868159564037344	0.9810235690086089
0.28681620798867447	0.9810261226664728
0.2868164595225546	0.9810286758099043
0.2868167110053918	0.9810312284390409
0.2868169624371978	0.9810337805540208
0.2868172138179879	0.9810363321549816
0.28681746514777584	0.9810388832420611
0.28681771642657466	0.9810414338153972
0.28681796765439715	0.9810439838751274
0.2868182188312583	0.981046533421389
0.2868184699571745	0.9810490824543201
0.28681872103215167	0.9810516309740581
0.286818972056214	0.9810541789807402
0.2868192230293657	0.9810567264745044
0.2868194739516278	0.9810592734554875
0.2868197248230108	0.9810618199238269
0.2868199756435281	0.9810643658796602
0.286820226413193	0.9810669113231246
0.286820477132019	0.9810694562543572
0.2868207278000247	0.981072000673495
0.2868209784172187	0.9810745445806754
0.28682122898361634	0.9810770879760353
0.2868214794992316	0.981079630859712
0.28682172996407895	0.9810821732318419
0.2868219803781702	0.9810847150925626
0.2868222307415182	0.9810872564420104
0.2868224810541408	0.9810897972803225
0.2868227313160512	0.9810923376076356
0.286822981527258	0.9810948774240864
0.28682323168777796	0.9810974167298119
0.2868234817976258	0.9810999555249482
0.2868237318568151	0.9811024938096324
0.28682398186535646	0.9811050315840009
0.2868242318232645	0.9811075688481902
0.28682448173056113	0.9811101056023365
0.2868247315872475	0.9811126418465766
0.2868249813933448	0.981115177581047
0.2868252311488637	0.9811177128058838
0.2868254808538197	0.9811202475212232
0.286825730508227	0.9811227817272014
0.28682598011209537	0.9811253154239549
0.2868262296654418	0.9811278486116197
0.28682647916828113	0.981130381290332
0.28682672862062125	0.9811329134602277
0.28682697802248247	0.9811354451214431
0.28682722737387356	0.9811379762741137
0.2868274766748107	0.981140506918376
0.28682772592530553	0.9811430370543653
0.2868279751253761	0.9811455666822179
0.28682822427503163	0.9811480958020693
0.28682847337428596	0.9811506244140553
0.2868287224231538	0.981153152518312
0.2868289714216493	0.9811556801149744
0.28682922036978536	0.9811582072041787
0.2868294692675738	0.9811607337860602
0.2868297181150338	0.9811632598607541
0.2868299669121723	0.9811657854283964
0.28683021565900413	0.9811683104891223
0.28683046435554593	0.9811708350430676
0.28683071300180946	0.9811733590903668
0.2868309615978105	0.9811758826311556
0.2868312101435577	0.9811784056655696
0.2868314586390687	0.9811809281937437
0.2868317070843557	0.981183450215813
0.28683195547943313	0.9811859717319125
0.28683220382431335	0.9811884927421777
0.2868324521190094	0.9811910132467432
0.28683270036353553	0.9811935332457442
0.2868329485579065	0.9811960527393158
0.28683319670213586	0.9811985717275926
0.286833444796232	0.9812010902107094
0.2868336928402137	0.9812036081888014
0.28683394083409625	0.9812061256620027
0.2868341887778876	0.9812086426304487
0.28683443667160313	0.9812111590942735
0.286834684515258	0.9812136750536122
0.2868349323088634	0.9812161905085993
0.2868351800524347	0.9812187054593692
0.28683542774598497	0.981221219906056
0.2868356753895271	0.9812237338487948
0.28683592298307536	0.9812262472877197
0.2868361705266395	0.9812287602229651
0.28683641802023985	0.9812312726546651
0.2868366654638845	0.9812337845829543
0.2868369128575881	0.9812362960079669
0.28683716020136424	0.9812388069298367
0.28683740749522757	0.9812413173486983
0.28683765473918926	0.9812438272646854
0.286837901933266	0.9812463366779322
0.2868381490774683	0.9812488455885726
0.2868383961718104	0.9812513539967409
0.28683864321630376	0.9812538619025708
0.28683889021096654	0.9812563693061958
0.2868391371558085	0.9812588762077501
0.28683938405084364	0.9812613826073676
0.28683963089608633	0.9812638885051818
0.286839877691549	0.9812663939013262
0.28684012443724544	0.9812688987959348
0.286840371133189	0.9812714031891411
0.28684061777939196	0.9812739070810784
0.2868408643758697	0.9812764104718806
0.2868411109226321	0.9812789133616809
0.28684135741969724	0.981281415750613
0.286841603867076	0.9812839176388098
0.2868418502647834	0.981286419026405
0.28684209661282967	0.9812889199135318
0.28684234291122984	0.9812914203003235
0.2868425891599979	0.9812939201869129
0.28684283535914473	0.9812964195734338
0.2868430815086854	0.9812989184600189
0.28684332760863707	0.9813014168468012
0.28684357365900454	0.9813039147339141
0.2868438196598088	0.9813064121214901
0.2868440656110608	0.9813089090096625
0.2868443115127721	0.9813114053985639
0.2868445573649559	0.9813139012883275
0.28684480316762634	0.9813163966790859
0.2868450489207993	0.9813188915709716
0.2868452946244868	0.9813213859641178
0.28684554027869796	0.981323879858657
0.28684578588345094	0.9813263732547216
0.2868460314387576	0.9813288661524442
0.2868462769446312	0.9813313585519577
0.28684652240108394	0.9813338504533944
0.28684676780813095	0.9813363418568865
0.28684701316578365	0.9813388327625667
0.2868472584740565	0.9813413231705672
0.28684750373296136	0.9813438130810206
0.2868477489425127	0.9813463024940587
0.2868479941027234	0.9813487914098142
0.2868482392136109	0.9813512798284189
0.2868484842751813	0.981353767750005
0.28684872928744887	0.981356255174705
0.28684897425043093	0.9813587421026505
0.2868492191641387	0.9813612285339737
0.2868494640285837	0.9813637144688067
0.2868497088437823	0.9813661999072808
0.2868499536097464	0.9813686848495289
0.28685019832648834	0.9813711692956818
0.28685044299402096	0.981373653245872
0.2868506876123594	0.9813761367002308
0.28685093218151586	0.9813786196588902
0.28685117670150484	0.9813811021219818
0.2868514211723379	0.981383584089637
0.2868516655940272	0.9813860655619878
0.286851909966587	0.9813885465391653
0.2868521542900323	0.9813910270213011
0.2868523985643725	0.9813935070085269
0.28685264278962525	0.9813959865009739
0.28685288696579925	0.9813984654987732
0.2868531310929108	0.9814009440020566
0.28685337517097226	0.9814034220109549
0.2868536191999957	0.9814058995255996
0.28685386317999556	0.9814083765461219
0.28685410711098486	0.9814108530726531
0.2868543509929757	0.9814133291053238
0.28685459482598313	0.981415804644265
0.2868548386100167	0.9814182796896085
0.28685508234509444	0.9814207542414847
0.2868553260312252	0.9814232283000245
0.286855569668422	0.9814257018653588
0.28685581325670256	0.9814281749376188
0.28685605679607573	0.9814306475169348
0.2868563002865553	0.9814331196034378
0.28685654372815794	0.9814355911972583
0.2868567871208899	0.9814380622985271
0.2868570304647708	0.981440532907375
0.2868572737598096	0.9814430030239323
0.28685751700602347	0.9814454726483296
0.2868577602034191	0.9814479417806975
0.28685800335201384	0.9814504104211664
0.2868582464518198	0.9814528785698666
0.2868584895028519	0.9814553462269284
0.28685873250512256	0.9814578133924823
0.2868589754586409	0.9814602800666586
0.28685921836342543	0.9814627462495874
0.28685946121948563	0.9814652119413988
0.2868597040268384	0.981467677142223
0.2868599467854901	0.9814701418521905
0.28686018949546044	0.9814726060714307
0.2868604321567575	0.981475069800074
0.28686067476939714	0.9814775330382505
0.2868609173333937	0.9814799957860897
0.28686115984875626	0.9814824580437217
0.2868614023154976	0.9814849198112765
0.28686164473363573	0.9814873810888837
0.2868618871031803	0.9814898418766729
0.2868621294241433	0.9814923021747743
0.28686237169654166	0.9814947619833171
0.2868626139203832	0.9814972213024312
0.2868628560956868	0.9814996801322462
0.2868630982224605	0.9815021384728914
0.2868633403007165	0.9815045963244964
0.2868635823304743	0.9815070536871909
0.28686382431173857	0.9815095105611039
0.28686406624453	0.981511966946365
0.28686430812885494	0.9815144228431036
0.2868645499647318	0.9815168782514488
0.2868647917521691	0.9815193331715302
0.2868650334911836	0.9815217876034764
0.28686527518178573	0.981524241547417
0.28686551682398986	0.9815266950034809
0.2868657584178058	0.9815291479717975
0.2868659999632483	0.9815316004524955
0.2868662414603342	0.981534052445704
0.2868664829090697	0.981536503951552
0.2868667243094738	0.9815389549701684
0.2868669656615554	0.9815414055016819
0.2868672069653269	0.9815438555462214
0.2868674482208052	0.9815463051039157
0.28686768942800106	0.9815487541748933
0.2868679305869248	0.9815512027592834
0.28686817169759254	0.9815536508572142
0.28686841276001496	0.9815560984688148
0.2868686537742075	0.9815585455942132
0.2868688947401809	0.9815609922335381
0.286869135657951	0.9815634383869181
0.28686937652752703	0.9815658840544813
0.28686961734892324	0.9815683292363566
0.28686985812215177	0.9815707739326722
0.2868700988472279	0.981573218143556
0.2868703395241606	0.9815756618691369
0.28687058015296707	0.9815781051095425
0.2868708207336574	0.9815805478649013
0.2868710612662438	0.9815829901353416
0.2868713017507435	0.9815854319209911
0.2868715421871621	0.9815878732219784
0.28687178257552043	0.9815903140384309
0.28687202291582353	0.9815927543704768
0.286872263208089	0.9815951942182443
0.28687250345233073	0.9815976335818608
0.2868727436485561	0.9816000724614545
0.2868729837967836	0.9816025108571531
0.2868732238970219	0.9816049487690846
0.28687346394928426	0.9816073861973763
0.28687370395358924	0.9816098231421561
0.2868739439099434	0.9816122596035514
0.28687418381835944	0.98161469558169
0.28687442367885024	0.9816171310766997
0.2868746634914348	0.9816195660887075
0.28687490325611853	0.9816220006178411
0.28687514297291694	0.9816244346642281
0.2868753826418446	0.9816268682279954
0.2868756222629102	0.981629301309271
0.2868758618361294	0.9816317339081816
0.2868761013615147	0.9816341660248548
0.28687634083907754	0.9816365976594176
0.28687658026882984	0.9816390288119974
0.2868768196507895	0.9816414594827212
0.2868770589849641	0.981643889671716
0.2868772982713674	0.981646319379109
0.28687753751001527	0.9816487486050273
0.2868777767009121	0.9816511773495976
0.28687801584408085	0.9816536056129469
0.28687825493952873	0.981656033395202
0.28687849398726867	0.98165846069649
0.2868787329873159	0.9816608875169376
0.2868789719396783	0.9816633138566713
0.28687921084437484	0.981665739715818
0.28687944970141194	0.9816681650945045
0.28687968851080525	0.9816705899928573
0.28687992727256845	0.9816730144110031
0.28688016598671306	0.9816754383490682
0.28688040465325215	0.9816778618071792
0.2868806432721967	0.9816802847854628
0.28688088184356253	0.9816827072840452
0.2868811203673617	0.9816851293030526
0.2868813588436015	0.9816875508426116
0.2868815972723015	0.9816899719028487
0.2868818356534699	0.9816923924838896
0.286882073987122	0.9816948125858609
0.28688231227326916	0.9816972322088888
0.28688255051192335	0.9816996513530991
0.28688278870310047	0.9817020700186182
0.28688302684680744	0.9817044882055722
0.28688326494306315	0.9817069059140866
0.28688350299187654	0.981709323144288
0.2868837409932605	0.981711739896302
0.2868839789472252	0.9817141561702545
0.28688421685379073	0.9817165719662714
0.2868844547129613	0.9817189872844784
0.2868846925247556	0.9817214021250014
0.2868849302891834	0.981723816487966
0.2868851680062557	0.9817262303734979
0.2868854056759876	0.9817286437817225
0.28688564329839317	0.9817310567127661
0.2868858808734799	0.9817334691667536
0.2868861184012664	0.9817358811438105
0.2868863558817604	0.9817382926440629
0.2868865933149747	0.9817407036676356
0.2868868307009277	0.981743114214654
0.28688706803962544	0.9817455242852438
0.28688730533108237	0.98174793387953
0.28688754257530985	0.9817503429976382
0.28688777977232355	0.9817527516396933
0.28688801692213245	0.9817551598058206
0.2868882540247532	0.9817575674961453
0.28688849108019604	0.9817599747107923
0.2868887280884727	0.9817623814498871
0.2868889650495953	0.9817647877135544
0.2868892019635793	0.9817671935019189
0.2868894388304363	0.9817695988151058
0.28688967565017587	0.9817720036532404
0.28688991242281325	0.981774408016447
0.28689014914836003	0.9817768119048506
0.28689038582683013	0.9817792153185759
0.28689062245823266	0.9817816182577477
0.2868908590425826	0.9817840207224907
0.2868910955798955	0.9817864227129294
0.2868913320701753	0.9817888242291889
0.28689156851344383	0.9817912252713931
0.28689180490970606	0.9817936258396669
0.28689204125897727	0.9817960259341348
0.28689227756127317	0.9817984255549211
0.2868925138166022	0.9818008247021502
0.2868927500249768	0.9818032233759466
0.28689298618641185	0.9818056215764346
0.2868932223009184	0.9818080193037384
0.2868934583685097	0.9818104165579823
0.2868936943891953	0.9818128133392904
0.28689393036299143	0.9818152096477869
0.2868941662899087	0.9818176054835961
0.2868944021699583	0.9818200008468417
0.2868946380031556	0.9818223957376482
0.2868948737895103	0.9818247901561392
0.2868951095290379	0.981827184102439
0.2868953452217448	0.9818295775766712
0.2868955808676514	0.9818319705789598
0.28689581646676426	0.9818343631094287
0.28689605201909774	0.9818367551682018
0.28689628752466495	0.9818391467554024
0.28689652298347695	0.9818415378711548
0.2868967583955472	0.9818439285155822
0.28689699376088423	0.9818463186888085
0.28689722907950715	0.9818487083909571
0.2868974643514249	0.9818510976221516
0.2868976995766468	0.9818534863825158
0.2868979347551892	0.9818558746721728
0.28689816988706635	0.9818582624912461
0.28689840497228597	0.9818606498398594
0.2868986400108588	0.9818630367181356
0.28689887500280525	0.9818654231261982
0.28689910994812773	0.9818678090641707
0.2868993448468477	0.9818701945321757
0.28689957969897384	0.9818725795303371
0.2868998145045165	0.9818749640587776
0.2869000492634883	0.9818773481176207
0.28690028397590406	0.9818797317069892
0.2869005186417741	0.9818821148270059
0.28690075326111186	0.9818844974777943
0.2869009878339304	0.981886879659477
0.28690122236023996	0.9818892613721769
0.2869014568400547	0.9818916426160169
0.2869016912733851	0.9818940233911201
0.28690192566024497	0.981896403697609
0.286902160000643	0.9818987835356064
0.28690239429459774	0.981901162905235
0.2869026285421201	0.9819035418066173
0.2869028627432163	0.9819059202398764
0.286903096897902	0.9819082982051346
0.2869033310061926	0.9819106757025143
0.2869035650680969	0.9819130527321381
0.2869037990836288	0.9819154292941286
0.2869040330528019	0.9819178053886081
0.2869042669756222	0.9819201810156991
0.2869045008521063	0.9819225561755237
0.28690473468226946	0.9819249308682046
0.2869049684661205	0.9819273050938637
0.2869052022036687	0.9819296788526234
0.28690543589493206	0.9819320521446058
0.2869056695399201	0.9819344249699332
0.2869059031386431	0.9819367973287276
0.2869061366911172	0.9819391692211109
0.2869063701973519	0.9819415406472056
0.2869066036573618	0.981943911607133
0.28690683707115777	0.9819462821010156
0.2869070704387511	0.9819486521289752
0.28690730376015183	0.9819510216911337
0.2869075370353788	0.9819533907876125
0.2869077702644379	0.9819557594185339
0.28690800344734557	0.9819581275840196
0.28690823658411235	0.9819604952841908
0.2869084696747478	0.9819628625191699
0.28690870271926733	0.9819652292890779
0.2869089357176843	0.9819675955940369
0.2869091686700054	0.9819699614341681
0.2869094015762505	0.9819723268095931
0.286909634436425	0.9819746917204334
0.28690986725054446	0.9819770561668104
0.2869101000186189	0.9819794201488455
0.28691033274066513	0.9819817836666601
0.286910565416689	0.9819841467203755
0.2869107980467032	0.9819865093101129
0.28691103063072454	0.9819888714359937
0.28691126316876325	0.9819912330981386
0.2869114956608302	0.9819935942966695
0.2869117281069404	0.9819959550317069
0.2869119605071005	0.9819983153033722
0.2869121928613275	0.9820006751117865
0.2869124251696321	0.9820030344570705
0.28691265743202526	0.9820053933393452
0.2869128896485205	0.9820077517587318
0.2869131218191301	0.9820101097153509
0.2869133539438669	0.9820124672093232
0.2869135860227381	0.9820148242407702
0.2869138180557605	0.9820171808098119
0.28691405004294684	0.9820195369165693
0.28691428198430347	0.9820218925611632
0.2869145138798489	0.9820242477437142
0.28691474572959325	0.9820266024643426
0.28691497753354805	0.9820289567231691
0.28691520929172387	0.9820313105203147
0.28691544100413435	0.9820336638558994
0.2869156726707884	0.9820360167300437
0.2869159042917053	0.982038369142868
0.2869161358668909	0.9820407210944926
0.28691636739635923	0.9820430725850382
0.2869165988801235	0.9820454236146247
0.28691683031819376	0.9820477741833726
0.2869170617105807	0.9820501242914019
0.28691729305730085	0.9820524739388329
0.2869175243583617	0.9820548231257856
0.28691775561377664	0.9820571718523804
0.28691798682356034	0.982059520118737
0.28691821798772293	0.9820618679249755
0.286918449106276	0.9820642152712161
0.2869186801792316	0.9820665621575784
0.2869189112066007	0.9820689085841826
0.28691914218839654	0.9820712545511485
0.28691937312463317	0.9820736000585956
0.28691960401531963	0.982075945106644
0.28691983486046735	0.9820782896954136
0.2869200656600904	0.9820806338250236
0.2869202964141986	0.982082977495594
0.286920527122808	0.9820853207072445
0.2869207577859271	0.9820876634600945
0.2869209884035678	0.9820900057542635
0.28692121897574224	0.9820923475898712
0.2869214495024636	0.982094688967037
0.2869216799837454	0.9820970298858803
0.2869219104195964	0.9820993703465203
0.28692214081002865	0.9821017103490767
0.28692237115505576	0.9821040498936687
0.28692260145468823	0.9821063889804155
0.2869228317089382	0.9821087276094362
0.28692306191781825	0.9821110657808504
0.28692329208134165	0.982113403494777
0.28692352219951783	0.982115740751335
0.2869237522723602	0.982118077550644
0.2869239822998776	0.9821204138928223
0.2869242122820893	0.9821227497779894
0.286924442218998	0.9821250852062642
0.2869246721106205	0.9821274201777656
0.286924901956968	0.9821297546926123
0.28692513175805306	0.9821320887509234
0.286925361513889	0.9821344223528178
0.2869255912244833	0.9821367554984137
0.28692582088985136	0.9821390881878306
0.28692605051000364	0.9821414204211867
0.2869262800849513	0.9821437521986008
0.2869265096147096	0.9821460835201914
0.2869267390992856	0.9821484143860773
0.28692696853869576	0.9821507447963769
0.28692719793294635	0.9821530747512087
0.2869274272820552	0.9821554042506911
0.2869276565860316	0.9821577332949429
0.28692788584488904	0.9821600618840819
0.28692811505863447	0.9821623900182269
0.28692834422728264	0.9821647176974961
0.286928573350847	0.9821670449220077
0.28692880242933727	0.9821693716918801
0.28692903146276627	0.9821716980072311
0.2869292604511458	0.9821740238681794
0.28692948939448815	0.9821763492748427
0.28692971829280356	0.9821786742273394
0.2869299471461065	0.9821809987257871
0.2869301759544029	0.9821833227703042
0.2869304047177121	0.9821856463610085
0.2869306334360403	0.9821879694980181
0.28693086210940444	0.9821902921814506
0.28693109073781115	0.9821926144114241
0.286931319321273	0.9821949361880563
0.2869315478598069	0.982197257511465
0.2869317763534176	0.9821995783817681
0.2869320048021187	0.982201898799083
0.2869322332059252	0.9822042187635274
0.2869324615648474	0.9822065382752192
0.28693268987889703	0.9822088573342755
0.28693291814808547	0.9822111759408144
0.28693314637242573	0.9822134940949531
0.286933374551926	0.9822158117968092
0.28693360268660034	0.9822181290465001
0.2869338307764635	0.9822204458441428
0.28693405882152007	0.9822227621898554
0.2869342868217879	0.9822250780837547
0.28693451477727716	0.982227393525958
0.28693474268799785	0.9822297085165828
0.2869349705539623	0.9822320230557461
0.2869351983751862	0.9822343371435651
0.286935426151676	0.9822366507801569
0.2869356538834458	0.9822389639656388
0.286935881570505	0.9822412767001275
0.28693610921286805	0.9822435889837403
0.2869363368105474	0.9822459008165941
0.2869365643635525	0.9822482121988059
0.28693679187189597	0.9822505231304922
0.2869370193355866	0.9822528336117706
0.286937246754642	0.9822551436427573
0.28693747412906934	0.9822574532235694
0.2869377014588802	0.9822597623543236
0.2869379287440904	0.9822620710351362
0.28693815598470623	0.9822643792661245
0.2869383831807411	0.9822666870474048
0.2869386103322089	0.9822689943790938
0.2869388374391206	0.982271301261308
0.28693906450148504	0.9822736076941639
0.2869392915193189	0.9822759136777781
0.2869395184926286	0.982278219212267
0.2869397454214275	0.9822805242977469
0.2869399723057287	0.9822828289343345
0.2869401991455432	0.9822851331221458
0.2869404259408816	0.982287436861297
0.2869406526917543	0.982289740151905
0.2869408793981787	0.9822920429940851
0.28694110606016	0.9822943453879542
0.2869413326777113	0.9822966473336283
0.28694155925084913	0.9822989488312232
0.28694178577957774	0.9823012498808553
0.28694201226391397	0.9823035504826406
0.2869422387038679	0.9823058506366948
0.2869424650994513	0.9823081503431342
0.28694269145067264	0.9823104496020747
0.28694291775755026	0.982312748413632
0.2869431440200885	0.982315046777922
0.2869433702383026	0.9823173446950607
0.2869435964122024	0.9823196421651639
0.2869438225418053	0.9823219391883466
0.28694404862711254	0.9823242357647255
0.28694427466814615	0.9823265318944155
0.2869445006649097	0.9823288275775328
0.28694472661742093	0.9823311228141927
0.28694495252568464	0.9823334176045108
0.28694517838972067	0.9823357119486025
0.2869454042095341	0.9823380058465832
0.2869456299851389	0.9823402992985686
0.28694585571654585	0.982342592304674
0.28694608140376726	0.9823448848650147
0.28694630704681173	0.9823471769797063
0.2869465326456982	0.9823494686488635
0.2869467582004318	0.9823517598726021
0.28694698371102206	0.9823540506510372
0.2869472091774869	0.9823563409842839
0.2869474345998344	0.9823586308724573
0.2869476599780766	0.9823609203156723
0.28694788531222537	0.9823632093140445
0.28694811060229136	0.9823654978676886
0.2869483358482867	0.9823677859767195
0.2869485610502206	0.9823700736412524
0.2869487862081073	0.9823723608614021
0.2869490113219618	0.9823746476372832
0.2869492363917877	0.9823769339690112
0.2869494614176013	0.9823792198567002
0.286949686399412	0.9823815053004654
0.28694991133723446	0.9823837903004214
0.2869501362310731	0.9823860748566831
0.28695036108094923	0.9823883589693646
0.28695058588686667	0.9823906426385812
0.28695081064884254	0.9823929258644469
0.28695103536688366	0.9823952086470767
0.2869512600410038	0.9823974909865848
0.28695148467121206	0.982399772883086
0.2869517092575216	0.9824020543366944
0.2869519337999445	0.9824043353475245
0.28695215829849063	0.9824066159156907
0.2869523827531742	0.9824088960413073
0.2869526071640009	0.9824111757244887
0.28695283153098794	0.9824134549653489
0.2869530558541478	0.9824157337640024
0.2869532801334834	0.9824180121205632
0.2869535043690158	0.9824202900351454
0.28695372856075	0.9824225675078633
0.28695395270870006	0.9824248445388307
0.28695417681287777	0.9824271211281619
0.286954400873292	0.9824293972759708
0.28695462488995765	0.9824316729823712
0.286954848862883	0.9824339482474773
0.28695507279208243	0.9824362230714027
0.28695529667756353	0.9824384974542615
0.28695552051933915	0.9824407713961673
0.28695574431742366	0.982443044897234
0.28695596807182394	0.9824453179575753
0.28695619178255377	0.9824475905773049
0.2869564154496248	0.9824498627565365
0.2869566390730493	0.9824521344953837
0.2869568626528339	0.9824544057939602
0.286957086188993	0.9824566766523792
0.2869573096815445	0.9824589470707544
0.2869575331304867	0.9824612170491995
0.28695775653583777	0.9824634865878278
0.286957979897612	0.9824657556867525
0.28695820321581417	0.9824680243460876
0.28695842649046244	0.9824702925659455
0.2869586497215638	0.9824725603464403
0.2869588729091295	0.9824748276876848
0.28695909605317144	0.9824770945897924
0.28695931915370293	0.9824793610528764
0.28695954221073167	0.9824816270770497
0.2869597652242723	0.9824838926624256
0.28695998819433555	0.9824861578091171
0.28696021112093084	0.9824884225172371
0.2869604340040712	0.9824906867868989
0.2869606568437663	0.9824929506182154
0.2869608796400294	0.9824952140112996
0.2869611023928708	0.982497476966264
0.28696132510230205	0.9824997394832218
0.2869615477683328	0.9825020015622858
0.286961770390977	0.9825042632035688
0.2869619929702427	0.9825065244071834
0.28696221550614515	0.9825087851732422
0.28696243799869353	0.9825110455018586
0.2869626604478979	0.9825133053931445
0.2869628828537708	0.9825155648472127
0.2869631052163243	0.9825178238641757
0.28696332753557025	0.9825200824441465
0.28696354981151667	0.9825223405872371
0.2869637720441776	0.9825245982935601
0.28696399423356117	0.982526855563228
0.2869642163796819	0.9825291123963531
0.28696443848254827	0.9825313687930479
0.2869646605421752	0.9825336247534247
0.28696488255856956	0.9825358802775953
0.28696510453174756	0.9825381353656728
0.2869653264617147	0.9825403900177687
0.2869655483484882	0.9825426442339954
0.2869657701920741	0.9825448980144653
0.28696599199248535	0.98254715135929
0.2869662137497347	0.9825494042685821
0.2869664354638318	0.9825516567424531
0.2869666571347871	0.9825539087810157
0.2869668787626141	0.9825561603843811
0.2869671003473227	0.9825584115526615
0.28696732188892593	0.982560662285969
0.28696754338742747	0.9825629125844154
0.286967764842849	0.9825651624481121
0.2869679862551975	0.9825674118771716
0.2869682076244819	0.9825696608717048
0.2869684289507131	0.9825719094318242
0.2869686502339063	0.982574157557641
0.2869688714740706	0.982576405249267
0.2869690926712169	0.9825786525068135
0.2869693138253549	0.9825808993303924
0.28696953493650035	0.9825831457201153
0.2869697560046585	0.9825853916760935
0.28696997702984384	0.9825876371984384
0.28697019801207024	0.9825898822872616
0.2869704189513414	0.9825921269426744
0.2869706398476743	0.9825943711647881
0.2869708607010794	0.9825966149537142
0.2869710815115641	0.9825988583095637
0.2869713022791455	0.982601101232448
0.2869715230038314	0.9826033437224784
0.28697174368562905	0.9826055857797661
0.2869719643245585	0.9826078274044219
0.286972184920624	0.9826100685965571
0.28697240547383646	0.982612309356283
0.2869726259842124	0.98261454968371
0.2869728464517587	0.9826167895789499
0.28697306687648755	0.9826190290421131
0.28697328725840704	0.9826212680733107
0.2869735075975343	0.9826235066726533
0.2869737278938751	0.9826257448402524
0.28697394814744415	0.9826279825762183
0.2869741683582485	0.9826302198806619
0.28697438852630497	0.982632456753694
0.2869746086516191	0.9826346931954252
0.2869748287342045	0.9826369292059663
0.2869750487740707	0.982639164785428
0.2869752687712317	0.9826413999339207
0.2869754887256973	0.9826436346515551
0.28697570863747446	0.9826458689384416
0.28697592850658094	0.9826481027946907
0.2869761483330238	0.9826503362204133
0.28697636811681476	0.9826525692157192
0.28697658785796504	0.9826548017807191
0.2869768075564866	0.9826570339155234
0.2869770272123873	0.9826592656202423
0.28697724682568226	0.9826614968949863
0.28697746639637894	0.9826637277398652
0.28697768592449263	0.9826659581549896
0.2869779054100274	0.9826681881404696
0.2869781248530036	0.9826704176964154
0.2869783442534239	0.982672646822937
0.28697856361130253	0.9826748755201445
0.28697878292665063	0.982677103788148
0.2869790021994811	0.9826793316270573
0.2869792214298027	0.9826815590369826
0.28697944061762304	0.9826837860180339
0.28697965976296147	0.9826860125703207
0.2869798788658213	0.9826882386939533
0.2869800979262186	0.9826904643890413
0.2869803169441598	0.9826926896556945
0.2869805359196585	0.9826949144940226
0.2869807548527289	0.9826971389041356
0.28698097374337295	0.9826993628861429
0.2869811925916117	0.9827015864401542
0.2869814113974483	0.9827038095662793
0.2869816301608997	0.9827060322646276
0.28698184888196854	0.9827082545353089
0.28698206756067834	0.9827104763784321
0.2869822861970285	0.9827126977941075
0.28698250479103743	0.9827149187824439
0.28698272334270947	0.9827171393435512
0.28698294185206064	0.9827193594775382
0.2869831603191011	0.9827215791845145
0.2869833787438409	0.9827237984645897
0.28698359712629234	0.9827260173178728
0.28698381546646295	0.9827282357444732
0.2869840337643684	0.9827304537444996
0.2869842520200155	0.9827326713180619
0.2869844702334148	0.9827348884652687
0.2869846884045799	0.9827371051862291
0.28698490653352354	0.9827393214810524
0.2869851246202506	0.9827415373498475
0.2869853426647777	0.9827437527927234
0.286985560667112	0.9827459678097892
0.2869857786272659	0.9827481824011535
0.2869859965452487	0.9827503965669256
0.28698621442107597	0.982752610307214
0.28698643225475184	0.9827548236221276
0.28698665004629137	0.9827570365117753
0.28698686779570737	0.9827592489762654
0.28698708550300306	0.9827614610157076
0.28698730316820015	0.9827636726302096
0.2869875207912994	0.9827658838198804
0.2869877383723164	0.9827680945848285
0.2869879559112624	0.9827703049251629
0.28698817340814786	0.9827725148409916
0.28698839086297895	0.9827747243324235
0.2869886082757746	0.9827769333995666
0.2869888256465424	0.9827791420425298
0.28698904297529154	0.9827813502614212
0.2869892602620336	0.9827835580563492
0.28698947750677617	0.9827857654274226
0.28698969470953883	0.9827879723747491
0.2869899118703239	0.9827901788984371
0.2869901289891466	0.9827923849985949
0.2869903460660145	0.9827945906753308
0.2869905631009429	0.9827967959287527
0.2869907800939407	0.9827990007589689
0.2869909970450136	0.9828012051660876
0.28699121395417904	0.9828034091502167
0.286991430821444	0.9828056127114642
0.2869916476468237	0.9828078158499381
0.28699186443032726	0.9828100185657462
0.28699208117196073	0.9828122208589968
0.2869922978717386	0.9828144227297975
0.2869925145296755	0.9828166241782563
0.2869927311457751	0.9828188252044808
0.2869929477200508	0.982821025808579
0.2869931642525147	0.9828232259906586
0.28699338074317876	0.9828254257508271
0.2869935971920472	0.9828276250891925
0.28699381359913984	0.9828298240058624
0.2869940299644621	0.9828320225009439
0.2869942462880229	0.9828342205745454
0.2869944625698357	0.9828364182267738
0.2869946788099126	0.9828386154577368
0.2869948950082645	0.9828408122675419
0.2869951111648973	0.9828430086562966
0.28699532727982613	0.9828452046241082
0.28699554335305916	0.982847400171084
0.28699575938461186	0.9828495952973314
0.28699597537449006	0.9828517900029579
0.2869961913227019	0.9828539842880706
0.28699640722926584	0.9828561781527766
0.2869966230941905	0.9828583715971831
0.2869968389174844	0.9828605646213975
0.28699705469915654	0.982862757225527
0.28699727043922135	0.9828649494096783
0.28699748613768733	0.9828671411739589
0.28699770179456374	0.9828693325184753
0.28699791740986974	0.9828715234433348
0.28699813298360544	0.9828737139486446
0.28699834851578493	0.9828759040345112
0.2869985640064219	0.9828780937010418
0.2869987794555249	0.9828802829483432
0.2869989948631026	0.982882471776522
0.2869992102291706	0.9828846601856851
0.28699942555373487	0.9828868481759394
0.2869996408368078	0.9828890357473913
0.28699985607840034	0.982891222900148
0.28700007127852356	0.9828934096343156
0.287000286437184	0.9828955959500013
0.28700050155439955	0.9828977818473111
0.28700071663017457	0.9828999673263519
0.2870009316645262	0.98290215238723
0.2870011466574565	0.9829043370300521
0.28700136160898293	0.9829065212549247
0.28700157651911357	0.9829087050619539
0.2870017913878607	0.9829108884512463
0.2870020062152298	0.9829130714229084
0.2870022210012365	0.9829152539770463
0.2870024357458933	0.982917436113766
0.28700265044920575	0.9829196178331743
0.2870028651111867	0.9829217991353771
0.28700307973184414	0.9829239800204806
0.2870032943111941	0.9829261604885912
0.2870035088492429	0.9829283405398148
0.2870037233460033	0.9829305201742572
0.28700393780148215	0.982932699392025
0.28700415221569525	0.982934878193224
0.2870043665886498	0.9829370565779598
0.2870045809203565	0.982939234546339
0.28700479521082767	0.9829414120984671
0.2870050094600742	0.98294358923445
0.28700522366810505	0.9829457659543936
0.2870054378349289	0.9829479422584038
0.2870056519605634	0.9829501181465862
0.2870058660450083	0.9829522936190467
0.28700608008828343	0.982954468675891
0.2870062940903965	0.9829566433172245
0.28700650805135464	0.9829588175431533
0.2870067219711742	0.9829609913537826
0.287006935849863	0.9829631647492182
0.28700714968742913	0.9829653377295656
0.2870073634838883	0.9829675102949302
0.28700757723924725	0.9829696824454178
0.28700779095351625	0.9829718541811335
0.2870080046267064	0.9829740255021828
0.287008218258833	0.9829761964086711
0.28700843184989894	0.9829783669007036
0.28700864539991916	0.9829805369783859
0.2870088589089035	0.9829827066418231
0.28700907237686246	0.9829848758911204
0.2870092858038064	0.982987044726383
0.28700949918974616	0.9829892131477165
0.2870097125346897	0.9829913811552253
0.28700992583865204	0.9829935487490149
0.2870101391016414	0.9829957159291905
0.2870103523236668	0.9829978826958571
0.28701056550474147	0.9830000490491194
0.28701077864487284	0.9830022149890828
0.2870109917440738	0.9830043805158519
0.2870112048023549	0.9830065456295317
0.2870114178197238	0.9830087103302273
0.28701163079619707	0.9830108746180432
0.287011843731777	0.9830130384930843
0.28701205662648177	0.9830152019554556
0.28701226948031294	0.9830173650052615
0.2870124822932928	0.9830195276426069
0.28701269506542165	0.9830216898675966
0.28701290779671257	0.983023851680335
0.2870131204871767	0.983026013080927
0.28701333313682753	0.9830281740694768
0.2870135457456718	0.9830303346460891
0.2870137583137196	0.9830324948108686
0.28701397084098484	0.9830346545639195
0.2870141833274752	0.9830368139053464
0.28701439577320287	0.9830389728352538
0.28701460817817415	0.9830411313537458
0.2870148205424036	0.983043289460927
0.28701503286589986	0.9830454471569015
0.2870152451486796	0.9830476044417735
0.2870154573907414	0.9830497613156477
0.2870156695921007	0.9830519177786282
0.2870158817527696	0.9830540738308189
0.2870160938727611	0.9830562294723237
0.28701630595208305	0.9830583847032476
0.28701651799074396	0.983060539523694
0.2870167299887541	0.983062693933767
0.2870169419461271	0.9830648479335707
0.28701715386286886	0.9830670015232094
0.28701736573899445	0.9830691547027866
0.2870175775745121	0.9830713074724063
0.28701778936943034	0.9830734598321725
0.28701800112376474	0.9830756117821892
0.28701821283752144	0.9830777633225597
0.28701842451071047	0.9830799144533883
0.28701863614334616	0.9830820651747785
0.2870188477354341	0.9830842154868341
0.28701905928698723	0.9830863653896589
0.2870192707980153	0.9830885148833562
0.2870194822685278	0.9830906639680302
0.28701969369853686	0.9830928126437839
0.28701990508805425	0.9830949609107211
0.2870201164370858	0.9830971087689453
0.2870203277456429	0.9830992562185601
0.28702053901373925	0.9831014032596689
0.2870207502413829	0.9831035498923749
0.28702096142858413	0.9831056961167819
0.2870211725753533	0.9831078419329928
0.2870213836817002	0.9831099873411114
0.2870215947476356	0.9831121323412406
0.2870218057731707	0.9831142769334841
0.28702201675831646	0.9831164211179445
0.2870222277030818	0.9831185648947254
0.2870224386074752	0.98312070826393
0.2870226494715089	0.9831228512256616
0.28702286029519375	0.9831249937800226
0.2870230710785403	0.9831271359271168
0.2870232818215571	0.9831292776670469
0.287023492524257	0.9831314189999157
0.28702370318664605	0.9831335599258266
0.2870239138087395	0.9831357004448825
0.28702412439054376	0.983137840557186
0.28702433493206975	0.9831399802628401
0.28702454543333095	0.9831421195619479
0.2870247558943339	0.9831442584546116
0.2870249663150888	0.9831463969409344
0.2870251766956111	0.9831485350210192
0.28702538703590375	0.9831506726949684
0.2870255973359807	0.9831528099628848
0.28702580759585306	0.983154946824871
0.28702601781552856	0.9831570832810297
0.2870262279950223	0.9831592193314631
0.28702643813433876	0.9831613549762743
0.28702664823348967	0.9831634902155656
0.2870268582924875	0.9831656250494394
0.2870270683113415	0.9831677594779981
0.28702727829006275	0.9831698935013443
0.2870274882286581	0.9831720271195803
0.28702769812713796	0.9831741603328086
0.28702790798551814	0.9831762931411311
0.2870281178038039	0.9831784255446506
0.2870283275820076	0.983180557543469
0.2870285373201386	0.9831826891376886
0.28702874701820513	0.9831848203274118
0.28702895667621975	0.9831869511127405
0.2870291662941949	0.9831890814937769
0.287029375872135	0.9831912114706232
0.2870295854100547	0.9831933410433814
0.28702979490796465	0.9831954702121534
0.28703000436587045	0.9831975989770414
0.287030213783787	0.9831997273381474
0.2870304231617221	0.9832018552955729
0.28703063249968724	0.9832039828494203
0.2870308417976908	0.9832061099997914
0.28703105105574356	0.9832082367467878
0.2870312602738573	0.9832103630905116
0.2870314694520375	0.9832124890310642
0.2870316785903011	0.9832146145685476
0.287031887688654	0.9832167397030634
0.2870320967471068	0.9832188644347136
0.2870323057656717	0.9832209887635993
0.28703251474435587	0.9832231126898225
0.28703272368317184	0.9832252362134848
0.2870329325821273	0.9832273593346876
0.2870331414412333	0.9832294820535323
0.2870333502605026	0.9832316043701207
0.28703355903994393	0.9832337262845539
0.28703376777956474	0.9832358477969337
0.2870339764793779	0.9832379689073613
0.28703418513939233	0.9832400896159379
0.2870343937596166	0.9832422099227653
0.28703460234006856	0.9832443298279442
0.2870348108807476	0.9832464493315762
0.2870350193816683	0.9832485684337625
0.28703522784284474	0.9832506871346045
0.2870354362642824	0.9832528054342027
0.28703564464598913	0.9832549233326592
0.28703585298798123	0.9832570408300743
0.28703606129027	0.9832591579265492
0.2870362695528548	0.9832612746221854
0.28703647777575697	0.9832633909170833
0.28703668595897736	0.9832655068113446
0.2870368941025367	0.9832676223050695
0.2870371022064362	0.9832697373983592
0.2870373102706885	0.9832718520913147
0.2870375182953039	0.9832739663840371
0.2870377262802934	0.9832760802766266
0.28703793422566304	0.9832781937691843
0.2870381421314309	0.9832803068618109
0.2870383499975997	0.9832824195546073
0.28703855782418414	0.9832845318476737
0.2870387656111892	0.9832866437411115
0.28703897335862893	0.9832887552350208
0.28703918106651083	0.9832908663295025
0.28703938873484947	0.9832929770246568
0.28703959636364973	0.9832950873205843
0.2870398039529247	0.983297197217386
0.2870400115026836	0.9832993067151619
0.2870402190129371	0.9833014158140122
0.2870404264836909	0.983303524514038
0.287040633914961	0.9833056328153391
0.2870408413067535	0.9833077407180163
0.2870410486590819	0.9833098482221696
0.28704125597195573	0.9833119553278992
0.2870414632453802	0.9833140620353057
0.2870416704793682	0.9833161683444891
0.287041877673932	0.9833182742555495
0.2870420848290793	0.9833203797685873
0.2870422919448218	0.9833224848837026
0.2870424990211656	0.9833245896009951
0.2870427060581248	0.9833266939205653
0.28704291305570706	0.983328797842513
0.2870431200139249	0.9833309013669386
0.2870433269327863	0.9833330044939412
0.28704353381230147	0.9833351072236217
0.28704374065247584	0.9833372095560794
0.28704394745332784	0.9833393114914145
0.28704415421486423	0.9833414130297268
0.28704436093709534	0.9833435141711155
0.2870445676200273	0.9833456149156815
0.2870447742636756	0.9833477152635235
0.2870449808680441	0.9833498152147419
0.2870451874331496	0.983351914769436
0.2870453939589974	0.9833540139277054
0.2870456004455971	0.9833561126896502
0.287045806892961	0.9833582110553697
0.28704601330109925	0.9833603090249634
0.2870462196700207	0.9833624065985309
0.2870464259997311	0.9833645037761718
0.2870466322902476	0.9833666005579853
0.28704683854157825	0.9833686969440709
0.28704704475373183	0.9833707929345283
0.28704725092671884	0.9833728885294566
0.28704745706054763	0.9833749837289552
0.28704766315522806	0.9833770785331233
0.28704786921076986	0.9833791729420606
0.28704807522718734	0.9833812669558657
0.2870482812044867	0.9833833605746383
0.28704848714267983	0.9833854537984774
0.2870486930417715	0.9833875466274823
0.28704889890177776	0.983389639061752
0.2870491047227059	0.9833917311013856
0.2870493105045636	0.9833938227464821
0.28704951624736447	0.983395913997141
0.2870497219511186	0.9833980048534604
0.2870499276158312	0.9834000953155401
0.2870501332415198	0.9834021853834787
0.28705033882818404	0.9834042750573752
0.2870505443758438	0.9834063643373281
0.28705074988450324	0.9834084532234368
0.287050955354172	0.9834105417157998
0.2870511607848672	0.9834126298145158
0.2870513661765892	0.9834147175196838
0.2870515715293479	0.9834168048314026
0.2870517768431626	0.9834188917497704
0.2870519821180356	0.9834209782748864
0.28705218735397625	0.9834230644068489
0.2870523925509989	0.9834251501457567
0.2870525977091122	0.9834272354917081
0.2870528028283254	0.9834293204448018
0.2870530079086455	0.9834314050051365
0.2870532129500861	0.9834334891728104
0.28705341795265565	0.9834355729479219
0.28705362291636327	0.9834376563305696
0.2870538278412218	0.9834397393208518
0.287054032727235	0.9834418219188671
0.28705423757441806	0.9834439041247133
0.28705444238278294	0.9834459859384891
0.28705464715233087	0.9834480673602924
0.287054851883079	0.983450148390222
0.28705505657503466	0.9834522290283756
0.2870552612282051	0.9834543092748517
0.2870554658426067	0.9834563891297481
0.28705567041824226	0.9834584685931631
0.28705587495512574	0.9834605476651945
0.28705607945326717	0.9834626263459411
0.2870562839126723	0.9834647046355
0.2870564883333534	0.9834667825339698
0.28705669271532164	0.9834688600414483
0.28705689705858395	0.9834709371580331
0.2870571013631539	0.9834730138838225
0.2870573056290397	0.983475090218914
0.2870575098562476	0.983477166163406
0.28705771404478947	0.9834792417173958
0.28705791819467863	0.9834813168809813
0.2870581223059214	0.9834833916542601
0.2870583263785269	0.9834854660373303
0.28705853041250484	0.9834875400302893
0.2870587344078696	0.9834896136332346
0.2870589383646264	0.9834916868462641
0.2870591422827873	0.983493759669475
0.28705934616235995	0.9834958321029657
0.28705955000335176	0.9834979041468329
0.2870597538057778	0.9834999758011743
0.28705995756964886	0.9835020470660875
0.28706016129496886	0.9835041179416696
0.28706036498174897	0.9835061884280186
0.28706056863000323	0.9835082585252313
0.28706077223973564	0.9835103282334053
0.28706097581095763	0.983512397552638
0.2870611793436825	0.9835144664830264
0.2870613828379163	0.9835165350246681
0.28706158629366985	0.9835186031776602
0.28706178971095353	0.9835206709420993
0.2870619930897757	0.9835227383180836
0.28706219643014436	0.9835248053057096
0.2870623997320721	0.9835268719050744
0.28706260299556846	0.9835289381162753
0.2870628062206425	0.9835310039394092
0.2870630094073043	0.9835330693745731
0.2870632125555634	0.9835351344218641
0.2870634156654302	0.9835371990813789
0.28706361873691094	0.9835392633532146
0.2870638217700184	0.9835413272374682
0.2870640247647602	0.9835433907342365
0.2870642277211516	0.9835454538436159
0.2870644306391948	0.9835475165657038
0.28706463351890354	0.9835495789005966
0.2870648363602884	0.9835516408483912
0.2870650391633547	0.9835537024091843
0.2870652419281174	0.9835557635830724
0.28706544465458234	0.9835578243701524
0.2870656473427609	0.9835598847705206
0.28706584999265855	0.9835619447842742
0.2870660526042911	0.983564004411509
0.28706625517766515	0.983566063652322
0.2870664577127924	0.9835681225068094
0.2870666602096789	0.9835701809750678
0.2870668626683376	0.9835722390571938
0.2870670650887752	0.9835742967532837
0.28706726747100314	0.9835763540634337
0.28706746981503145	0.9835784109877405
0.28706767212086814	0.9835804675263
0.28706787438852477	0.9835825236792087
0.28706807661800965	0.9835845794465627
0.287068278809332	0.9835866348284585
0.28706848096250154	0.9835886898249926
0.28706868307753186	0.98359074443626
0.28706888515442447	0.983592798662358
0.2870690871931952	0.9835948525033823
0.28706928919385294	0.9835969059594287
0.2870694911564062	0.9835989590305937
0.2870696930808633	0.9836010117169728
0.28706989496723617	0.9836030640186627
0.2870700968155337	0.9836051159357586
0.2870702986257643	0.983607167468357
0.2870705003979362	0.9836092186165536
0.28707070213206537	0.9836112693804442
0.28707090382815753	0.9836133197601244
0.2870711054862182	0.9836153697556906
0.2870713071062645	0.983617419367238
0.28707150868829945	0.9836194685948629
0.2870717102323347	0.9836215174386608
0.2870719117383806	0.9836235658987269
0.2870721132064483	0.9836256139751575
0.2870723146365438	0.983627661668048
0.28707251602867967	0.9836297089774939
0.28707271738286333	0.9836317559035911
0.28707291869910584	0.9836338024464346
0.2870731199774142	0.9836358486061204
0.2870733212178019	0.9836378943827437
0.28707352242027523	0.9836399397764002
0.28707372358484545	0.9836419847871851
0.2870739247115222	0.9836440294151939
0.2870741258003113	0.9836460736605217
0.2870743268512268	0.9836481175232642
0.2870745278642759	0.9836501610035165
0.2870747288394704	0.9836522041013741
0.2870749297768177	0.9836542468169318
0.2870751306763283	0.9836562891502851
0.2870753315380081	0.9836583311015294
0.28707553236187283	0.9836603726707593
0.2870757331479291	0.9836624138580705
0.2870759338961841	0.9836644546635578
0.2870761346066479	0.9836664950873164
0.287076335279335	0.9836685351294411
0.28707653591425014	0.9836705747900271
0.2870767365114034	0.9836726140691691
0.28707693707080584	0.9836746529669624
0.2870771375924661	0.9836766914835018
0.2870773380763927	0.9836787296188821
0.2870775385225957	0.9836807673731984
0.28707773893108524	0.9836828047465452
0.2870779393018698	0.9836848417390175
0.28707813963495893	0.9836868783507101
0.28707833993036375	0.9836889145817175
0.28707854018809315	0.9836909504321346
0.28707874040815196	0.9836929859020563
0.28707894059055533	0.9836950209915768
0.2870791407353145	0.983697055700791
0.2870793408424314	0.9836990900297934
0.2870795409119216	0.9837011239786786
0.28707974094379063	0.9837031575475412
0.28707994093804945	0.9837051907364757
0.28708014089470696	0.9837072235455764
0.28708034081377576	0.9837092559749377
0.28708054069526123	0.9837112880246545
0.2870807405391765	0.9837133196948206
0.2870809403455264	0.9837153509855308
0.28708114011432345	0.9837173818968791
0.2870813398455751	0.9837194124289601
0.28708153953929433	0.9837214425818679
0.2870817391954841	0.9837234723556969
0.2870819388141647	0.9837255017505409
0.2870821383953328	0.9837275307664946
0.2870823379390052	0.9837295594036517
0.28708253744519285	0.9837315876621068
0.2870827369138993	0.9837336155419535
0.28708293634513576	0.9837356430432863
0.2870831357389133	0.9837376701661991
0.28708333509524275	0.9837396969107856
0.28708353441413065	0.9837417232771402
0.2870837336955853	0.9837437492653568
0.2870839329396216	0.983745774875529
0.28708413214624245	0.9837478001077509
0.28708433131546035	0.9837498249621166
0.2870845304472826	0.9837518494387195
0.28708472954172215	0.9837538735376535
0.2870849285987858	0.9837558972590128
0.28708512761848404	0.9837579206028906
0.28708532660082514	0.983759943569381
0.28708552554582006	0.9837619661585773
0.2870857244534747	0.9837639883705737
0.2870859233238033	0.9837660102054633
0.28708612215681134	0.9837680316633399
0.28708632095251263	0.9837700527442972
0.28708651971090915	0.9837720734484287
0.2870867184320152	0.9837740937758277
0.28708691711584	0.9837761137265879
0.2870871157623936	0.9837781333008027
0.2870873143716818	0.9837801524985657
0.2870875129437169	0.9837821713199699
0.2870877114785083	0.983784189765109
0.2870879099760629	0.9837862078340762
0.2870881084363944	0.9837882255269649
0.28708830685950426	0.9837902428438684
0.2870885052454138	0.9837922597848798
0.28708870359411887	0.9837942763500923
0.28708890190563924	0.9837962925395993
0.2870891001799794	0.983798308353494
0.2870892984171446	0.9838003237918694
0.2870894966171566	0.9838023388548183
0.2870896947800104	0.9838043535424345
0.28708989290572423	0.9838063678548106
0.2870900909943084	0.9838083817920394
0.2870902890457639	0.9838103953542146
0.28709048706010637	0.9838124085414286
0.2870906850373453	0.9838144213537744
0.28709088297748786	0.983816433791345
0.2870910808805431	0.9838184458542333
0.2870912787465187	0.9838204575425321
0.28709147657542994	0.9838224688563344
0.2870916743672783	0.9838244797957327
0.2870918721220826	0.98382649036082
0.2870920698398415	0.9838285005516889
0.28709226752057154	0.9838305103684322
0.2870924651642799	0.9838325198111424
0.2870926627709775	0.9838345288799123
0.2870928603406651	0.9838365375748347
0.2870930578733642	0.983838545896002
0.2870932553690749	0.9838405538435067
0.2870934528278142	0.9838425614174412
0.2870936502495839	0.9838445686178984
0.2870938476343963	0.9838465754449707
0.2870940449822607	0.9838485818987502
0.2870942422931891	0.9838505879793297
0.28709443956718517	0.9838525936868013
0.2870946368042624	0.9838545990212577
0.2870948340044289	0.983856603982791
0.28709503116769086	0.9838586085714935
0.28709522829405976	0.9838606127874577
0.2870954253835482	0.9838626166307758
0.28709562243615944	0.9838646201015396
0.2870958194519074	0.9838666231998415
0.2870960164307968	0.9838686259257743
0.2870962133728461	0.9838706282794291
0.2870964102780485	0.983872630260899
0.28709660714642904	0.9838746318702754
0.28709680397798953	0.9838766331076503
0.28709700077273936	0.9838786339731161
0.28709719753068674	0.983880634466765
0.2870973942518428	0.9838826345886883
0.2870975909362191	0.9838846343389783
0.2870977875838193	0.9838866337177271
0.2870979841946576	0.983888632725026
0.28709818076873794	0.9838906313609674
0.2870983773060742	0.9838926296256431
0.28709857380667475	0.9838946275191447
0.287098770270547	0.9838966250415638
0.2870989666977018	0.9838986221929924
0.28709916308814404	0.9839006189735223
0.28709935944188825	0.9839026153832451
0.2870995557589426	0.9839046114222523
0.28709975203931526	0.9839066070906355
0.2870999482830139	0.9839086023884865
0.28710014449004806	0.9839105973158969
0.2871003406604281	0.9839125918729581
0.28710053679416403	0.9839145860597616
0.28710073289126065	0.983916579876399
0.2871009289517345	0.9839185733229616
0.28710112497558893	0.9839205663995408
0.28710132096283597	0.9839225591062285
0.2871015169134824	0.9839245514431153
0.2871017128275389	0.9839265434102932
0.2871019087050117	0.983928535007853
0.28710210454591184	0.9839305262358863
0.2871023003502483	0.9839325170944846
0.2871024961180365	0.9839345075837386
0.28710269184927395	0.9839364977037397
0.28710288754397767	0.983938487454579
0.2871030832021545	0.9839404768363481
0.28710327882381204	0.9839424658491376
0.2871034744089637	0.9839444544930388
0.2871036699576126	0.9839464427681427
0.2871038654697716	0.9839484306745403
0.2871040609454503	0.9839504182123229
0.28710425638465814	0.9839524053815809
0.2871044517874012	0.9839543921824058
0.28710464715368844	0.9839563786148886
0.28710484248353146	0.9839583646791193
0.28710503777694174	0.9839603503751898
0.28710523303392044	0.9839623357031905
0.2871054282544824	0.9839643206632123
0.2871056234386343	0.9839663052553458
0.2871058185863887	0.9839682894796822
0.2871060136977517	0.9839702733363114
0.28710620877273324	0.983972256825325
0.28710640381134006	0.983974239946813
0.2871065988135836	0.9839762227008665
0.28710679377947507	0.9839782050875759
0.2871069887090195	0.9839801871070316
0.28710718360222454	0.9839821687593246
0.2871073784591067	0.9839841500445454
0.2871075732796664	0.9839861309627841
0.28710776806391736	0.9839881115141316
0.2871079628118695	0.9839900916986778
0.28710815752353036	0.9839920715165136
0.2871083521989101	0.9839940509677293
0.28710854683801085	0.9839960300524154
0.28710874144085335	0.9839980087706617
0.2871089360074362	0.9839999871225592
0.28710913053777165	0.9840019651081977
0.2871093250318728	0.9840039427276676
0.28710951948974744	0.9840059199810592
0.2871097139113972	0.9840078968684627
0.2871099082968414	0.9840098733899681
0.2871101026460821	0.9840118495456655
0.2871102969591282	0.9840138253356454
0.2871104912359933	0.9840158007599975
0.2871106854766858	0.984017775818812
0.28711087968120774	0.9840197505121792
0.2871110738495781	0.9840217248401886
0.2871112679817985	0.9840236988029305
0.2871114620778814	0.9840256724004947
0.28711165613783285	0.9840276456329713
0.28711185016166385	0.98402961850045
0.28711204414938407	0.9840315910030207
0.28711223810100295	0.9840335631407735
0.28711243201652575	0.9840355349137978
0.28711262589596637	0.9840375063221838
0.2871128197393295	0.9840394773660208
0.2871130135466257	0.9840414480453988
0.28711320731786416	0.9840434183604077
0.2871134010530519	0.984045388311137
0.2871135947522017	0.9840473578976761
0.28711378841531904	0.9840493271201148
0.28711398204241423	0.9840512959785427
0.2871141756334973	0.9840532644730493
0.2871143691885771	0.9840552326037243
0.28711456270765906	0.9840572003706571
0.28711475619075366	0.9840591677739372
0.2871149496378719	0.984061134813654
0.2871151430490226	0.984063101489897
0.28711533642421444	0.9840650678027556
0.2871155297634537	0.9840670337523191
0.28711572306675165	0.9840689993386769
0.28711591633411293	0.9840709645619183
0.28711610956555744	0.9840729294221325
0.2871163027610804	0.984074893919409
0.2871164959206991	0.9840768580538368
0.28711668904442145	0.9840788218255053
0.28711688213225406	0.9840807852345034
0.2871170751842085	0.9840827482809203
0.2871172682002879	0.9840847109648457
0.28711746118051223	0.9840866732863678
0.2871176541248773	0.9840886352455764
0.2871178470334026	0.9840905968425602
0.2871180399060903	0.9840925580774081
0.2871182327429535	0.9840945189502094
0.28711842554399497	0.984096479461053
0.2871186183092323	0.9840984396100275
0.28711881103866876	0.9841003993972222
0.28711900373231336	0.9841023588227259
0.2871191963901801	0.9841043178866272
0.2871193890122664	0.9841062765890154
0.28711958159859574	0.9841082349299788
0.2871197741491672	0.9841101929096064
0.2871199666639906	0.984112150527987
0.28712015914307665	0.984114107785209
0.28712035158643584	0.9841160646813615
0.28712054399407316	0.984118021216533
0.28712073636599666	0.9841199773908121
0.28712092870222106	0.9841219332042876
0.28712112100275083	0.9841238886570477
0.2871213132675971	0.9841258437491812
0.2871215054967659	0.9841277984807765
0.287121697690268	0.9841297528519224
0.287121889848113	0.984131706862707
0.28712208197030803	0.9841336605132189
0.2871222740568602	0.9841356138035466
0.28712246610778536	0.9841375667337781
0.287122658123085	0.9841395193040026
0.2871228501027715	0.9841414715143074
0.28712304204684896	0.9841434233647817
0.28712323395533323	0.984145374855513
0.287123425828229	0.9841473259865902
0.28712361766554656	0.9841492767581014
0.2871238094672911	0.9841512271701345
0.2871240012334766	0.9841531772227778
0.2871241929641096	0.9841551269161196
0.28712438465919676	0.9841570762502481
0.2871245763187532	0.9841590252252509
0.28712476794277886	0.9841609738412165
0.28712495953128847	0.9841629220982329
0.28712515108428965	0.9841648699963877
0.2871253426017885	0.9841668175357696
0.2871255340838003	0.9841687647164661
0.28712572553033067	0.9841707115385648
0.28712591694138323	0.9841726580021546
0.28712610831697233	0.9841746041073224
0.2871262996571061	0.9841765498541565
0.2871264909617913	0.9841784952427446
0.28712668223104076	0.9841804402731748
0.28712687346485966	0.9841823849455342
0.2871270646632543	0.9841843292599113
0.2871272558262406	0.9841862732163935
0.28712744695382014	0.9841882168150684
0.2871276380460055	0.9841901600560237
0.28712782910280593	0.984192102939347
0.28712802012422833	0.9841940454651262
0.28712821111028153	0.9841959876334485
0.287128402060975	0.9841979294444018
0.2871285929763181	0.984199870898073
0.28712878385631785	0.9842018119945504
0.2871289747009831	0.984203752733921
0.2871291655103244	0.9842056931162726
0.2871293562843522	0.9842076331416921
0.2871295470230706	0.9842095728102673
0.28712973772648737	0.9842115121220856
0.2871299283946153	0.984213451077234
0.2871301190274639	0.9842153896758001
0.28713030962503616	0.9842173279178711
0.2871305001873492	0.9842192658035342
0.28713069071440267	0.9842212033328768
0.2871308812062111	0.9842231405059859
0.2871310716627828	0.9842250773229487
0.2871312620841217	0.9842270137838527
0.2871314524702427	0.9842289498887846
0.28713164282115233	0.9842308856378318
0.2871318331368589	0.984232821031081
0.2871320234173686	0.9842347560686197
0.2871322136626922	0.9842366907505348
0.28713240387284145	0.9842386250769131
0.28713259404782066	0.9842405590478416
0.2871327841876401	0.9842424926634075
0.2871329742923066	0.9842444259236974
0.28713316436183406	0.9842463588287983
0.28713335439622584	0.9842482913787972
0.2871335443954932	0.9842502235737809
0.2871337343596422	0.9842521554138359
0.28713392428868456	0.9842540868990495
0.28713411418262685	0.9842560180295079
0.28713430404148055	0.9842579488052983
0.28713449386525053	0.9842598792265072
0.28713468365394895	0.9842618092932212
0.28713487340758015	0.9842637390055271
0.2871350631261546	0.9842656683635116
0.28713525280968566	0.9842675973672609
0.2871354424581761	0.984269526016862
0.28713563207163467	0.9842714543124014
0.2871358216500749	0.9842733822539653
0.287136011193501	0.9842753098416405
0.28713620070192203	0.9842772370755133
0.28713639017534875	0.9842791639556701
0.2871365796137888	0.9842810904821975
0.2871367690172484	0.9842830166551818
0.2871369583857346	0.9842849424747094
0.2871371477192656	0.9842868679408666
0.2871373370178437	0.9842887930537396
0.2871375262814745	0.9842907178134149
0.28713771551017314	0.9842926422199788
0.2871379047039435	0.9842945662735171
0.28713809386279543	0.9842964899741163
0.2871382829867374	0.9842984133218626
0.2871384720757797	0.9843003363168423
0.28713866112992925	0.9843022589591409
0.28713885014919294	0.9843041812488452
0.28713903913358335	0.9843061031860411
0.2871392280831079	0.9843080247708142
0.28713941699777157	0.9843099460032513
0.28713960587758947	0.9843118668834376
0.287139794722562	0.9843137874114595
0.28713998353270376	0.9843157075874028
0.287140172308025	0.9843176274113535
0.28714036104852764	0.9843195468833976
0.2871405497542203	0.9843214660036208
0.2871407384251198	0.984323384772109
0.28714092706122923	0.9843253031889478
0.2871411156625557	0.9843272212542235
0.28714130422911105	0.9843291389680212
0.28714149276090195	0.984331056330427
0.28714168125793976	0.9843329733415265
0.2871418697202276	0.9843348900014054
0.2871420581477774	0.9843368063101495
0.2871422465405969	0.9843387222678445
0.2871424348986976	0.9843406378745756
0.2871426232220847	0.9843425531304283
0.28714281151076826	0.9843444680354888
0.28714299976475294	0.9843463825898423
0.28714318798405253	0.9843482967935743
0.2871433761686722	0.9843502106467699
0.2871435643186242	0.9843521241495152
0.28714375243391227	0.984354037301895
0.28714394051454817	0.9843559501039952
0.28714412856053934	0.984357862555901
0.28714431657189593	0.9843597746576975
0.28714450454862495	0.9843616864094702
0.28714469249073005	0.9843635978113047
0.287144880398229	0.9843655088632857
0.2871450682711249	0.9843674195654987
0.28714525610942687	0.984369329918029
0.2871454439131438	0.9843712399209618
0.28714563168228635	0.9843731495743818
0.2871458194168557	0.9843750588783748
0.28714600711687127	0.9843769678330256
0.28714619478233194	0.9843788764384191
0.2871463824132534	0.9843807846946406
0.2871465700096371	0.9843826926017751
0.2871467575714953	0.9843846001599078
0.2871469450988382	0.984386507369123
0.2871471325916725	0.9843884142295063
0.28714732005000476	0.9843903207411424
0.2871475074738434	0.9843922269041165
0.2871476948632015	0.984394132718513
0.2871478822180852	0.9843960381844171
0.2871480695385019	0.9843979433019132
0.28714825682445716	0.9843998480710868
0.28714844407596735	0.9844017524920218
0.28714863129303436	0.9844036565648036
0.28714881847567003	0.9844055602895166
0.28714900562388096	0.9844074636662458
0.2871491927376753	0.9844093666950756
0.2871493798170604	0.9844112693760909
0.2871495668620511	0.9844131717093759
0.28714975387264907	0.9844150736950156
0.2871499408488627	0.9844169753330944
0.2871501277907052	0.9844188766236966
0.28715031469818264	0.9844207775669073
0.2871505015713018	0.9844226781628106
0.28715068841007313	0.9844245784114909
0.287150875214503	0.9844264783130329
0.28715106198460677	0.9844283778675206
0.28715124872038594	0.9844302770750386
0.28715143542184524	0.9844321759356717
0.2871516220890002	0.9844340744495036
0.2871518087218601	0.984435972616619
0.28715199532042673	0.9844378704371021
0.28715218188471403	0.9844397679110369
0.2871523684147274	0.9844416650385082
0.28715255491048136	0.9844435618195994
0.28715274137197166	0.9844454582543954
0.2871529277992195	0.9844473543429801
0.2871531141922264	0.9844492500854376
0.28715330055100585	0.984451145481852
0.28715348687555786	0.9844530405323072
0.28715367316590074	0.9844549352368877
0.287153859422036	0.9844568295956772
0.2871540456439731	0.98445872360876
0.2871542318317205	0.9844606172762196
0.28715441798528835	0.9844625105981403
0.2871546041046854	0.9844644035746061
0.2871547901899153	0.9844662962057008
0.28715497624099257	0.9844681884915081
0.2871551622579244	0.9844700804321119
0.2871553482407136	0.9844719720275963
0.2871555341893752	0.9844738632780449
0.2871557201039114	0.9844757541835415
0.2871559059843378	0.9844776447441697
0.2871560918306543	0.9844795349600133
0.2871562776428791	0.9844814248311561
0.28715646342101353	0.984483314357682
0.28715664916506706	0.9844852035396742
0.28715683487504695	0.9844870923772167
0.2871570205509642	0.9844889808703925
0.2871572061928276	0.9844908690192858
0.28715739180064265	0.9844927568239801
0.28715757737441866	0.9844946442845586
0.28715776291416684	0.9844965314011047
0.2871579484198899	0.9844984181737026
0.28715813389159955	0.9845003046024351
0.28715831932930747	0.9845021906873855
0.28715850473301346	0.9845040764286377
0.2871586901027318	0.9845059618262749
0.28715887543847235	0.9845078468803803
0.2871590607402384	0.9845097315910374
0.28715924600804255	0.9845116159583294
0.28715943124188764	0.9845134999823395
0.28715961644178883	0.9845153836631512
0.2871598016077486	0.9845172670008473
0.28715998673977966	0.9845191499955113
0.287160171837887	0.9845210326472266
0.2871603569020807	0.9845229149560756
0.2871605419323677	0.9845247969221422
0.2871607269287573	0.9845266785455089
0.2871609118912603	0.9845285598262592
0.28716109681987945	0.9845304407644757
0.2871612817146268	0.9845323213602423
0.287161466575508	0.9845342016136409
0.28716165140253674	0.984536081524755
0.28716183619571606	0.9845379610936674
0.28716202095505505	0.9845398403204613
0.28716220568056366	0.9845417192052193
0.2871623903722452	0.9845435977480245
0.2871625750301155	0.9845454759489596
0.2871627596541794	0.9845473538081073
0.287162944244444	0.9845492313255505
0.287163128800919	0.9845511085013722
0.2871633133236108	0.9845529853356546
0.28716349781252887	0.9845548618284811
0.28716368226768324	0.9845567379799338
0.28716386668907656	0.9845586137900958
0.28716405107672693	0.9845604892590492
0.28716423543063546	0.9845623643868774
0.28716441975081036	0.9845642391736623
0.2871646040372586	0.9845661136194866
0.28716478828999614	0.9845679877244332
0.2871649725090213	0.9845698614885844
0.2871651566943475	0.9845717349120225
0.28716534084598394	0.9845736079948304
0.2871655249639343	0.98457548073709
0.2871657090482126	0.9845773531388841
0.28716589309882196	0.9845792252002952
0.28716607711577596	0.9845810969214053
0.28716626109907634	0.9845829683022969
0.287166445048735	0.9845848393430524
0.28716662896476164	0.9845867100437539
0.28716681284716367	0.9845885804044837
0.287166996695945	0.9845904504253243
0.2871671805111187	0.9845923201063579
0.2871673642926917	0.9845941894476664
0.2871675480406712	0.984596058449332
0.2871677317550656	0.9845979271114371
0.28716791543588516	0.9845997954340635
0.2871680990831334	0.9846016634172936
0.2871682826968222	0.9846035310612095
0.2871684662769621	0.9846053983658929
0.287168649823554	0.9846072653314258
0.28716883333661214	0.9846091319578908
0.2871690168161432	0.9846109982453695
0.2871692002621527	0.9846128641939436
0.28716938367465417	0.9846147298036952
0.2871695670536526	0.9846165950747063
0.2871697503991539	0.9846184600070588
0.28716993371117083	0.9846203246008343
0.2871701169897068	0.9846221888561149
0.2871703002347742	0.9846240527729824
0.28717048344638	0.9846259163515182
0.28717066662453	0.9846277795918045
0.2871708497692329	0.9846296424939226
0.28717103288050116	0.9846315050579545
0.2871712159583358	0.9846333672839821
0.28717139900275196	0.9846352291720863
0.28717158201375437	0.9846370907223495
0.28717176499134944	0.9846389519348528
0.2871719479355477	0.9846408128096782
0.2871721308463624	0.9846426733469068
0.28717231372378893	0.9846445335466204
0.28717249656784644	0.9846463934089004
0.28717267937853924	0.9846482529338283
0.2871728621558756	0.9846501121214856
0.28717304489986256	0.9846519709719537
0.287173227610511	0.9846538294853139
0.28717341028782545	0.9846556876616478
0.2871735929318143	0.9846575455010368
0.28717377554248885	0.9846594030035619
0.287173958119854	0.9846612601693046
0.2871741406639227	0.9846631169983461
0.28717432317469727	0.9846649734907675
0.28717450565218805	0.9846668296466508
0.2871746880964064	0.9846686854660761
0.28717487050735385	0.9846705409491254
0.2871750528850444	0.9846723960958796
0.2871752352294835	0.9846742509064198
0.2871754175406772	0.9846761053808273
0.2871755998186378	0.9846779595191829
0.2871757820633721	0.9846798133215676
0.2871759642748845	0.9846816667880629
0.2871761464531866	0.9846835199187496
0.2871763285982877	0.9846853727137083
0.2871765107101946	0.9846872251730207
0.2871766927889142	0.984689077296767
0.2871768748344539	0.9846909290850286
0.2871770568468222	0.9846927805378862
0.2871772388260292	0.9846946316554208
0.2871774207720839	0.9846964824377131
0.2871776026849898	0.984698332884844
0.2871777845647586	0.9847001829968943
0.2871779664113955	0.9847020327739446
0.28717814822491056	0.984703882216076
0.2871783300053117	0.9847057313233688
0.2871785117526086	0.9847075800959041
0.28717869346680563	0.9847094285337622
0.287178875147914	0.984711276637024
0.2871790567959377	0.98471312440577
0.28717923841088866	0.9847149718400808
0.28717941999277335	0.984716818940037
0.2871796015416013	0.9847186657057194
0.28717978305737746	0.9847205121372081
0.28717996454011296	0.9847223582345839
0.2871801459898145	0.984724203997927
0.28718032740649163	0.9847260494273183
0.28718050879014856	0.9847278945228378
0.2871806901407976	0.9847297392845663
0.28718087145844134	0.9847315837125837
0.28718105274309585	0.9847334278069707
0.2871812339947592	0.9847352715678075
0.2871814152134481	0.9847371149951744
0.28718159639916835	0.9847389580891519
0.28718177755192476	0.98474080084982
0.287181958671727	0.9847426432772591
0.2871821397585836	0.9847444853715492
0.28718232081250483	0.9847463271327708
0.28718250183349653	0.9847481685610039
0.2871826828215613	0.9847500096563288
0.28718286377671404	0.9847518504188252
0.28718304469896416	0.9847536908485736
0.2871832255883105	0.9847555309456538
0.28718340644477347	0.984757370710146
0.2871835872683493	0.9847592101421302
0.2871837680590529	0.9847610492416865
0.28718394881689036	0.9847628880088948
0.28718412954186995	0.9847647264438348
0.2871843102339985	0.9847665645465867
0.2871844908932868	0.9847684023172305
0.28718467151973814	0.9847702397558457
0.28718485211336386	0.9847720768625126
0.28718503267417533	0.9847739136373104
0.2871852132021699	0.9847757500803197
0.2871853936973676	0.9847775861916197
0.2871855741597687	0.9847794219712903
0.28718575458938345	0.9847812574194114
0.2871859349862199	0.9847830925360624
0.28718611535028477	0.9847849273213233
0.28718629568158777	0.9847867617752738
0.28718647598013414	0.984788595897993
0.28718665624593737	0.9847904296895608
0.2871868364789992	0.9847922631500572
0.2871870166793282	0.9847940962795614
0.28718719684693633	0.9847959290781527
0.2871873769818287	0.9847977615459111
0.28718755708401456	0.9847995936829158
0.2871877371535029	0.9848014254892464
0.2871879171902983	0.9848032569649823
0.28718809719440813	0.984805088110203
0.28718827716584716	0.9848069189249876
0.287188457104614	0.9848087494094159
0.28718863701072284	0.984810579563567
0.2871888168841761	0.9848124093875203
0.2871889967249917	0.9848142388813549
0.28718917653316645	0.9848160680451505
0.2871893563087157	0.9848178968789859
0.2871895360516432	0.9848197253829408
0.2871897157619596	0.9848215535570939
0.2871898954396714	0.9848233814015247
0.2871900750847878	0.9848252089163123
0.28719025469731263	0.984827036101536
0.2871904342772558	0.9848288629572745
0.28719061382462924	0.9848306894836073
0.28719079333943703	0.9848325156806134
0.2871909728216863	0.9848343415483716
0.2871911522713873	0.9848361670869609
0.2871913316885467	0.9848379922964606
0.2871915110731709	0.9848398171769497
0.28719169042527265	0.9848416417285069
0.2871918697448537	0.9848434659512111
0.2871920490319253	0.9848452898451413
0.28719222828649615	0.9848471134103765
0.2871924075085695	0.9848489366469956
0.287192586698157	0.9848507595550771
0.2871927658552688	0.9848525821346997
0.2871929449799087	0.9848544043859428
0.28719312407208647	0.9848562263088848
0.2871933031318085	0.9848580479036042
0.287193482159079	0.9848598691701803
0.2871936611539156	0.9848616901086911
0.28719384011632076	0.984863510719216
0.2871940190462981	0.9848653310018329
0.2871941979438634	0.984867150956621
0.28719437680901877	0.9848689705836587
0.28719455564177526	0.9848707898830243
0.2871947344421367	0.9848726088547968
0.2871949132101159	0.9848744274990545
0.2871950919457162	0.984876245815876
0.2871952706489531	0.9848780638053393
0.28719544931982216	0.9848798814675236
0.2871956279583406	0.9848816988025068
0.2871958065645129	0.9848835158103676
0.2871959851383496	0.9848853324911842
0.28719616367985484	0.9848871488450349
0.28719634218903867	0.9848889648719984
0.28719652066590573	0.9848907805721526
0.287196699110469	0.9848925959455758
0.2871968775227326	0.984894410992347
0.2871970559027047	0.9848962257125434
0.2871972342503945	0.9848980401062437
0.2871974125658087	0.984899854173526
0.28719759084895485	0.9849016679144689
0.2871977690998435	0.98490348132915
0.28719794731847753	0.9849052944176475
0.2871981255048692	0.9849071071800398
0.2871983036590241	0.9849089196164048
0.28719848178094876	0.9849107317268205
0.2871986598706569	0.984912543511365
0.28719883792814505	0.9849143549701165
0.28719901595343283	0.9849161661031526
0.28719919394652266	0.9849179769105515
0.2871993719074231	0.9849197873923909
0.2871995498361395	0.9849215975487491
0.28719972773268304	0.9849234073797039
0.2871999055970596	0.9849252168853329
0.2872000834292759	0.984927026065714
0.2872002612293426	0.9849288349209254
0.28720043899726494	0.9849306434510448
0.2872006167330531	0.9849324516561493
0.28720079443671187	0.9849342595363174
0.2872009721082522	0.9849360670916268
0.28720114974767935	0.9849378743221547
0.28720132735500503	0.9849396812279791
0.2872015049302308	0.9849414878091778
0.2872016824733679	0.9849432940658283
0.28720185998442294	0.9849450999980082
0.2872020374634045	0.9849469056057949
0.2872022149103198	0.9849487108892664
0.28720239232518013	0.9849505158484996
0.2872025697079893	0.9849523204835728
0.2872027470587527	0.9849541247945631
0.287202924377481	0.9849559287815479
0.2872031016641859	0.9849577324446047
0.28720327891886893	0.9849595357838109
0.2872034561415392	0.9849613387992442
0.28720363333220644	0.9849631414909816
0.28720381049087707	0.9849649438591007
0.2872039876175583	0.9849667459036788
0.2872041647122604	0.9849685476247931
0.2872043417749828	0.984970349022521
0.2872045188057459	0.9849721500969398
0.2872046958045496	0.9849739508481267
0.2872048727714046	0.9849757512761584
0.2872050497063113	0.9849775513811133
0.28720522660928616	0.9849793511630676
0.287205403480339	0.9849811506220983
0.2872055803194657	0.9849829497582836
0.2872057571266828	0.9849847485716996
0.2872059339019954	0.9849865470624237
0.2872061106454124	0.9849883452305332
0.28720628735694037	0.9849901430761049
0.28720646403658684	0.9849919405992157
0.28720664068435997	0.9849937377999427
0.2872068173002637	0.9849955346783632
0.2872069938843155	0.9849973312345537
0.2872071704365112	0.9849991274685912
0.28720734695686795	0.9850009233805528
0.2872075234453866	0.9850027189705152
0.2872076999020794	0.9850045142385553
0.28720787632695216	0.98500630918475
0.2872080527200136	0.985008103809176
0.287208229081268	0.9850098981119101
0.2872084054107257	0.9850116920930292
0.2872085817083959	0.9850134857526098
0.2872087579742823	0.985015279090729
0.28720893420839566	0.9850170721074628
0.2872091104107445	0.9850188648028886
0.2872092865813307	0.9850206571770828
0.2872094627201678	0.9850224492301219
0.2872096388272625	0.9850242409620827
0.2872098149026215	0.9850260323730415
0.2872099909462532	0.985027823463075
0.2872101669581585	0.9850296142322601
0.287210342938354	0.9850314046806729
0.2872105188868466	0.9850331948083897
0.28721069480363753	0.9850349846154873
0.2872108706887428	0.985036774102042
0.287211046542161	0.9850385632681304
0.2872112223639067	0.9850403521138289
0.2872113981539869	0.9850421406392136
0.2872115739124026	0.9850439288443611
0.28721174963916896	0.9850457167293476
0.28721192533428663	0.9850475042942495
0.2872121009977735	0.9850492915391429
0.28721227662962884	0.9850510784641043
0.2872124522298614	0.98505286506921
0.28721262779848084	0.9850546513545356
0.28721280333549326	0.985056437320158
0.2872129788409069	0.9850582229661533
0.28721315431472855	0.9850600082925972
0.2872133297569659	0.9850617932995663
0.2872135051676307	0.9850635779871362
0.2872136805467196	0.9850653623553836
0.28721385589425347	0.985067146404384
0.28721403121023065	0.9850689301342138
0.2872142064946642	0.9850707135449488
0.2872143817475584	0.985072496636665
0.2872145569689228	0.9850742794094386
0.2872147321587632	0.9850760618633452
0.2872149073170855	0.9850778439984611
0.2872150824439049	0.9850796258148616
0.2872152575392171	0.9850814073126234
0.2872154326030403	0.9850831884918217
0.28721560763537923	0.9850849693525325
0.28721578263623654	0.985086749894832
0.28721595760562646	0.9850885301187955
0.28721613254355116	0.9850903100244989
0.28721630745002213	0.9850920896120178
0.28721648232504443	0.9850938688814284
0.2872166571686293	0.9850956478328057
0.28721683198077796	0.985097426466226
0.28721700676150447	0.9850992047817646
0.2872171815108075	0.9851009827794974
0.28721735622870387	0.9851027604594998
0.2872175309151995	0.9851045378218473
0.287217705570301	0.9851063148666156
0.2872178801940118	0.9851080915938801
0.2872180547863433	0.9851098680037168
0.2872182293473029	0.9851116440962006
0.28721840387689734	0.9851134198714073
0.28721857837513237	0.9851151953294122
0.2872187528420199	0.9851169704702907
0.28721892727756515	0.9851187452941184
0.2872191016817742	0.9851205198009705
0.2872192760546562	0.9851222939909224
0.28721945039621993	0.9851240678640497
0.28721962470646994	0.9851258414204273
0.2872197989854135	0.9851276146601308
0.28721997323305787	0.9851293875832352
0.28722014744941976	0.985131160189816
0.28722032163449407	0.9851329324799483
0.28722049578829273	0.9851347044537074
0.28722066991082423	0.9851364761111684
0.287220844002098	0.9851382474524063
0.2872210180621157	0.9851400184774967
0.28722119209089264	0.9851417891865141
0.28722136608843013	0.985143559579534
0.2872215400547356	0.9851453296566316
0.2872217139898195	0.9851470994178816
0.2872218878936911	0.9851488688633592
0.28722206176635495	0.9851506379931392
0.28722223560781457	0.9851524068072969
0.28722240941808386	0.985154175305907
0.2872225831971647	0.9851559434890448
0.28722275694507393	0.9851577113567846
0.2872229306618076	0.9851594789092017
0.2872231043473809	0.9851612461463711
0.2872232780017961	0.9851630130683674
0.28722345162506685	0.9851647796752657
0.28722362521719397	0.9851665459671402
0.28722379877819065	0.9851683119440663
0.28722397230805824	0.9851700776061185
0.2872241458068108	0.9851718429533716
0.28722431927445247	0.9851736079859001
0.2872244927109892	0.9851753727037791
0.2872246661164291	0.9851771371070829
0.2872248394907832	0.9851789011958865
0.2872250128340547	0.9851806649702642
0.2872251861462543	0.9851824284302907
0.2872253594273859	0.9851841915760409
0.2872255326774576	0.9851859544075887
0.28722570589647933	0.9851877169250092
0.2872258790844576	0.9851894791283767
0.287226052241399	0.9851912410177658
0.28722622536731046	0.9851930025932508
0.28722639846220127	0.9851947638549061
0.2872265715260782	0.9851965248028066
0.28722674455894676	0.9851982854370261
0.28722691756081553	0.9852000457576394
0.28722709053169393	0.9852018057647206
0.28722726347158783	0.9852035654583444
0.28722743638050313	0.9852053248385848
0.2872276092584496	0.9852070839055163
0.2872277821054337	0.9852088426592127
0.2872279549214616	0.9852106010997488
0.2872281277065437	0.9852123592271986
0.28722830046068254	0.9852141170416364
0.2872284731838913	0.9852158745431363
0.2872286458761731	0.9852176317317723
0.28722881853753757	0.985219388607619
0.2872289911679885	0.9852211451707503
0.2872291637675405	0.9852229014212401
0.2872293363361926	0.9852246573591626
0.2872295088739568	0.9852264129845921
0.28722968138084265	0.9852281682976023
0.2872298538568496	0.9852299232982673
0.2872300263019968	0.9852316779866611
0.28723019871627997	0.9852334323628578
0.28723037109971117	0.9852351864269312
0.28723054345230103	0.985236940178955
0.2872307157740493	0.9852386936190036
0.2872308880649726	0.9852404467471506
0.2872310603250703	0.9852421995634698
0.28723123255435434	0.9852439520680352
0.287231404752829	0.9852457042609207
0.28723157692050477	0.9852474561421997
0.28723174905738874	0.9852492077119462
0.28723192116348556	0.9852509589702342
0.2872320932388053	0.9852527099171369
0.287232265283352	0.9852544605527286
0.2872324372971331	0.9852562108770825
0.2872326092801634	0.9852579608902723
0.2872327812324443	0.9852597105923718
0.2872329531539771	0.9852614599834549
0.28723312504477916	0.9852632090635948
0.28723329690485566	0.9852649578328649
0.2872334687342106	0.9852667062913392
0.28723364053285516	0.985268454439091
0.28723381230079403	0.9852702022761939
0.28723398403803485	0.9852719498027211
0.2872341557445872	0.9852736970187467
0.2872343274204562	0.9852754439243435
0.2872344990656477	0.9852771905195852
0.2872346706801696	0.9852789368045451
0.2872348422640308	0.9852806827792969
0.2872350138172387	0.9852824284439137
0.28723518533980275	0.9852841737984686
0.2872353568317225	0.9852859188430352
0.28723552829301346	0.9852876635776869
0.2872356997236802	0.9852894080024969
0.28723587112372695	0.9852911521175383
0.2872360424931632	0.9852928959228843
0.28723621383200054	0.9852946394186083
0.28723638514024147	0.9852963826047834
0.2872365564178939	0.9852981254814824
0.28723672766496433	0.9852998680487793
0.28723689888145787	0.9853016103067467
0.28723707006739274	0.9853033522554574
0.28723724122276395	0.985305093894985
0.28723741234758154	0.9853068352254023
0.2872375834418575	0.9853085762467826
0.28723775450559497	0.9853103169591984
0.28723792553880023	0.9853120573627231
0.28723809654148563	0.9853137974574295
0.2872382675136549	0.9853155372433907
0.2872384384553167	0.9853172767206794
0.28723860936647766	0.9853190158893687
0.28723878024714505	0.9853207547495314
0.2872389510973227	0.9853224933012404
0.28723912191702516	0.9853242315445686
0.28723929270625154	0.9853259694795888
0.287239463465016	0.9853277071063736
0.2872396341933226	0.9853294444249959
0.2872398048911775	0.9853311814355287
0.28723997555859	0.9853329181380442
0.2872401461955677	0.9853346545326155
0.28724031680211737	0.9853363906193152
0.28724048737824537	0.985338126398216
0.28724065792395886	0.9853398618693906
0.28724082843926396	0.9853415970329114
0.28724099892417176	0.9853433318888513
0.2872411693786868	0.9853450664372826
0.2872413398028156	0.985346800678278
0.28724151019656313	0.9853485346119102
0.28724168055994537	0.9853502682382512
0.2872418508929627	0.9853520015573743
0.2872420211956229	0.9853537345693512
0.2872421914679347	0.9853554672742548
0.28724236170990447	0.9853571996721573
0.28724253192153926	0.9853589317631315
0.2872427021028473	0.9853606635472492
0.2872428722538354	0.9853623950245833
0.2872430423745078	0.9853641261952059
0.2872432124648754	0.9853658570591893
0.2872433825249477	0.985367587616606
0.28724355255472295	0.985369317867528
0.28724372255421676	0.985371047812028
0.2872438925234337	0.9853727774501776
0.2872440624623812	0.9853745067820495
0.2872442323710645	0.9853762358077158
0.2872444022494941	0.9853779645272488
0.2872445720976747	0.9853796929407203
0.2872447419156119	0.9853814210482027
0.28724491170331673	0.9853831488497682
0.2872450814607965	0.9853848763454887
0.28724525118805205	0.9853866035354363
0.2872454208851012	0.9853883304196831
0.287245590551941	0.985390056998301
0.28724576018858683	0.9853917832713621
0.28724592979503627	0.9853935092389386
0.28724609937130435	0.9853952349011021
0.287246268917395	0.985396960257925
0.287246438433315	0.9853986853094787
0.2872466079190754	0.9854004100558355
0.28724677737468074	0.9854021344970669
0.28724694680013707	0.9854038586332451
0.2872471161954506	0.985405582464442
0.28724728556063267	0.9854073059907292
0.2872474548956901	0.9854090292121783
0.2872476242006262	0.9854107521288615
0.2872477934754473	0.9854124747408505
0.2872479627201619	0.9854141970482168
0.2872481319347879	0.9854159190510319
0.2872483011193169	0.9854176407493682
0.2872484702737599	0.9854193621432968
0.28724863939813106	0.9854210832328897
0.2872488084924301	0.9854228040182182
0.2872489775566653	0.9854245244993542
0.28724914659085127	0.9854262446763691
0.28724931559498157	0.9854279645493345
0.28724948456907384	0.985429684118322
0.28724965351313214	0.9854314033834032
0.28724982242716485	0.9854331223446494
0.28724999131117684	0.9854348410021322
0.28725016016517607	0.985436559355923
0.2872503289891713	0.9854382774060932
0.2872504977831691	0.9854399951527142
0.2872506665471723	0.9854417125958578
0.2872508352811947	0.9854434297355947
0.2872510039852378	0.9854451465719971
0.2872511726593126	0.9854468631051355
0.2872513413034224	0.9854485793350817
0.28725150991758025	0.9854502952619068
0.2872516785017877	0.985452010885682
0.28725184705604967	0.985453726206479
0.28725201558038294	0.9854554412243685
0.28725218407478637	0.9854571559394221
0.2872523525392686	0.9854588703517108
0.2872525209738403	0.9854605844613056
0.28725268937850307	0.9854622982682779
0.28725285775326825	0.9854640117726988
0.2872530260981414	0.9854657249746395
0.2872531944131292	0.9854674378741708
0.2872533626982422	0.9854691504713637
0.2872535309534812	0.9854708627662898
0.2872536991788531	0.9854725747590197
0.2872538673743768	0.9854742864496242
0.287254035540048	0.9854759978381747
0.2872542036758732	0.9854777089247422
0.28725437178186614	0.9854794197093973
0.28725453985803073	0.9854811301922111
0.2872547079043718	0.9854828403732544
0.28725487592089916	0.9854845502525982
0.28725504390762174	0.9854862598303131
0.28725521186454245	0.9854879691064702
0.2872553797916707	0.9854896780811404
0.28725554768901024	0.9854913867543943
0.2872557155565768	0.9854930951263027
0.2872558833943681	0.9854948031969363
0.2872560512023938	0.9854965109663659
0.2872562189806625	0.9854982184346621
0.28725638672917675	0.9854999256018959
0.28725655444795134	0.9855016324681378
0.2872567221369885	0.9855033390334582
0.28725688979629477	0.985505045297928
0.2872570574258809	0.9855067512616177
0.2872572250257476	0.9855084569245981
0.2872573925959083	0.9855101622869392
0.2872575601363667	0.9855118673487122
0.28725772764713053	0.9855135721099874
0.287257895128205	0.9855152765708353
0.28725806257960423	0.985516980731326
0.2872582300013242	0.9855186845915307
0.2872583973933796	0.9855203881515192
0.28725856475577616	0.9855220914113622
0.28725873208851815	0.9855237943711301
0.2872588993916163	0.9855254970308933
0.2872590666650768	0.9855271993907219
0.28725923390890334	0.9855289014506866
0.287259401123105	0.9855306032108576
0.28725956830768956	0.985532304671305
0.2872597354626657	0.9855340058320994
0.2872599025880374	0.9855357066933108
0.28726006968381185	0.9855374072550094
0.2872602367499971	0.9855391075172657
0.2872604037865989	0.9855408074801498
0.28726057079362366	0.9855425071437317
0.28726073777108563	0.9855442065080815
0.28726090471897986	0.9855459055732698
0.2872610716373211	0.9855476043393663
0.28726123852611635	0.985549302806441
0.2872614053853711	0.9855510009745644
0.2872615722150874	0.9855526988438061
0.2872617390152804	0.9855543964142366
0.287261905785954	0.9855560936859252
0.2872620725271141	0.9855577906589428
0.2872622392387663	0.9855594873333589
0.28726240592092395	0.9855611837092431
0.2872625725735856	0.9855628797866659
0.28726273919676415	0.9855645755656971
0.28726290579046554	0.9855662710464063
0.2872630723546923	0.9855679662288637
0.2872632388894556	0.9855696611131389
0.2872634053947618	0.9855713556993018
0.2872635718706197	0.9855730499874223
0.2872637383170352	0.9855747439775701
0.2872639047340132	0.985576437669815
0.2872640711215594	0.9855781310642265
0.2872642374796837	0.9855798241608749
0.2872644038083938	0.9855815169598293
0.2872645701076947	0.9855832094611596
0.2872647363775947	0.9855849016649356
0.2872649026180996	0.9855865935712267
0.2872650688292151	0.9855882851801029
0.28726523501095225	0.9855899764916333
0.28726540116331395	0.9855916675058878
0.2872655672863109	0.9855933582229358
0.28726573337994127	0.9855950486428473
0.28726589944422637	0.9855967387656911
0.2872660654791595	0.9855984285915372
0.28726623148475616	0.985600118120455
0.2872663974610169	0.9856018073525138
0.28726656340795464	0.9856034962877832
0.2872667293255719	0.9856051849263324
0.2872668952138799	0.985606873268231
0.2872670610728808	0.9856085613135486
0.2872672269025855	0.9856102490623538
0.2872673927030013	0.9856119365147167
0.2872675584741264	0.9856136236707066
0.2872677242159789	0.9856153105303921
0.28726788992855656	0.9856169970938432
0.28726805561187835	0.9856186833611286
0.28726822126593926	0.9856203693323181
0.28726838689074785	0.9856220550074805
0.2872685524863166	0.9856237403866852
0.28726871805264803	0.9856254254700013
0.2872688835897532	0.9856271102574978
0.28726904909763196	0.9856287947492441
0.28726921457630167	0.9856304789453091
0.2872693800257573	0.985632162845762
0.2872695454460114	0.9856338464506722
0.2872697108370741	0.985635529760108
0.28726987619894534	0.9856372127741393
0.2872700415316394	0.9856388954928343
0.28727020683515675	0.9856405779162626
0.28727037210950807	0.9856422600444927
0.287270537354699	0.9856439418775942
0.2872707025707364	0.9856456234156353
0.2872708677576267	0.9856473046586853
0.28727103291537526	0.9856489856068135
0.2872711980439937	0.9856506662600878
0.28727136314348356	0.9856523466185777
0.2872715282138562	0.985654026682352
0.2872716932551138	0.9856557064514795
0.2872718582672685	0.9856573859260287
0.28727202325032636	0.9856590651060686
0.2872721882042904	0.9856607439916679
0.2872723531291675	0.9856624225828956
0.28727251802496556	0.9856641008798201
0.2872726828916935	0.9856657788825103
0.28727284772935885	0.9856674565910346
0.2872730125379656	0.9856691340054617
0.2872731773175209	0.9856708111258607
0.287273342068035	0.9856724879522996
0.28727350678950697	0.9856741644848476
0.2872736714819533	0.9856758407235724
0.28727383614537266	0.9856775166685434
0.28727400077977555	0.9856791923198288
0.28727416538517025	0.9856808676774971
0.2872743299615592	0.9856825427416167
0.28727449450895476	0.9856842175122564
0.28727465902736	0.9856858919894843
0.28727482351678124	0.9856875661733692
0.28727498797722795	0.9856892400639791
0.2872751524087061	0.9856909136613825
0.28727531681121804	0.9856925869656482
0.2872754811847749	0.985694259976844
0.287275645529391	0.9856959326950384
0.28727580984505807	0.9856976051203001
0.28727597413179107	0.9856992772526967
0.28727613838959704	0.9857009490922969
0.28727630261848275	0.9857026206391689
0.2872764668184492	0.9857042918933813
0.2872766309895096	0.9857059628550018
0.287276795131669	0.9857076335240984
0.2872769592449368	0.9857093039007399
0.2872771233293109	0.9857109739849941
0.2872772873848127	0.9857126437769292
0.28727745141143196	0.9857143132766134
0.28727761540918956	0.9857159824841146
0.28727777937808496	0.9857176513995011
0.28727794331812534	0.9857193200228408
0.2872781072293186	0.985720988354202
0.28727827111167376	0.9857226563936522
0.2872784349651951	0.98572432414126
0.2872785987898912	0.9857259915970928
0.2872787625857659	0.9857276587612189
0.28727892635282626	0.9857293256337064
0.2872790900910814	0.9857309922146228
0.287279253800538	0.9857326585040361
0.287279417481198	0.9857343245020146
0.28727958113307556	0.9857359902086258
0.28727974475617346	0.9857376556239373
0.2872799083504986	0.9857393207480173
0.28728007191605454	0.9857409855809336
0.2872802354528545	0.9857426501227539
0.28728039896090185	0.9857443143735458
0.2872805624402025	0.9857459783333774
0.2872807258907637	0.985747642002316
0.28728088931259593	0.9857493053804295
0.28728105270570137	0.9857509684677855
0.2872812160700877	0.9857526312644519
0.2872813794057604	0.9857542937704961
0.287281542712731	0.985755955985986
0.28728170599099895	0.9857576179109889
0.2872818692405779	0.9857592795455725
0.28728203246147016	0.9857609408898044
0.2872821956536878	0.9857626019437519
0.2872823588172294	0.9857642627074831
0.2872825219521089	0.9857659231810648
0.28728268505832566	0.985767583364565
0.2872828481358978	0.985769243258051
0.2872830111848229	0.9857709028615901
0.2872831742051076	0.98577256217525
0.28728333719676397	0.9857742211990979
0.28728350015979004	0.9857758799332011
0.2872836630942032	0.9857775383776275
0.2872838260000057	0.9857791965324437
0.28728398887719975	0.9857808543977177
0.28728415172579524	0.9857825119735165
0.287284314545803	0.9857841692599072
0.28728447733722456	0.9857858262569573
0.28728464010007043	0.9857874829647343
0.2872848028343429	0.9857891393833049
0.28728496554004973	0.9857907955127366
0.28728512821720315	0.9857924513530966
0.2872852908658036	0.9857941069044519
0.28728545348585954	0.98579576216687
0.28728561607737685	0.9857974171404176
0.28728577864036237	0.9857990718251624
0.28728594117482603	0.9858007262211708
0.287286103680771	0.9858023803285103
0.2872862661582023	0.9858040341472478
0.28728642860713166	0.9858056876774506
0.287286591027565	0.9858073409191853
0.2872867534195079	0.9858089938725191
0.2872869157829625	0.9858106465375192
0.2872870781179454	0.9858122989142521
0.28728724042445036	0.9858139510027855
0.2872874027024913	0.9858156028031854
0.2872875649520809	0.985817254315519
0.2872877271732135	0.9858189055398534
0.28728788936590355	0.9858205564762555
0.2872880515301541	0.985822207124792
0.28728821366597473	0.9858238574855296
0.28728837577337596	0.9858255075585353
0.2872885378523523	0.9858271573438757
0.2872886999029196	0.9858288068416178
0.28728886192508557	0.9858304560518283
0.28728902391884864	0.9858321049745739
0.2872891858842206	0.9858337536099211
0.28728934782120974	0.9858354019579366
0.2872895097298219	0.9858370500186874
0.28728967161006264	0.9858386977922398
0.2872898334619363	0.9858403452786609
0.2872899952854549	0.9858419924780167
0.2872901570806212	0.9858436393903742
0.2872903188474411	0.9858452860158001
0.28729048058592394	0.9858469323543604
0.2872906422960729	0.9858485784061221
0.28729080397790024	0.9858502241711515
0.28729096563140777	0.9858518696495152
0.28729112725660166	0.9858535148412799
0.2872912888534913	0.9858551597465115
0.2872914504220836	0.9858568043652768
0.28729161196238173	0.9858584486976422
0.28729177347439583	0.985860092743674
0.287291934958131	0.9858617365034387
0.2872920964135945	0.9858633799770026
0.2872922578407946	0.9858650231644317
0.2872924192397313	0.9858666660657931
0.28729258061041824	0.9858683086811526
0.2872927419528585	0.9858699510105764
0.2872929032670617	0.9858715930541309
0.28729306455302955	0.9858732348118823
0.28729322581077144	0.9858748762838971
0.28729338704029644	0.985876517470241
0.2872935482416067	0.9858781583709806
0.2872937094147099	0.9858797989861822
0.2872938705596135	0.9858814393159113
0.287294031676327	0.9858830793602346
0.2872941927648496	0.9858847191192182
0.28729435382519264	0.9858863585929278
0.2872945148573651	0.9858879977814299
0.2872946758613702	0.9858896366847901
0.28729483683721296	0.985891275303075
0.2872949977849053	0.98589291363635
0.28729515870444966	0.9858945516846815
0.2872953195958507	0.9858961894481355
0.28729548045912073	0.9858978269267779
0.28729564129426066	0.9858994641206743
0.28729580210128136	0.9859011010298911
0.2872959628801877	0.985902737654494
0.2872961236309869	0.9859043739945488
0.28729628435368454	0.9859060100501214
0.28729644504828744	0.9859076458212778
0.287296605714801	0.9859092813080836
0.28729676635323254	0.9859109165106049
0.2872969269635916	0.9859125514289072
0.2872970875458808	0.9859141860630565
0.28729724810010693	0.9859158204131185
0.28729740862627906	0.9859174544791587
0.28729756912440474	0.985919088261243
0.2872977295944835	0.985920721759437
0.28729789003652606	0.9859223549738068
0.28729805045054396	0.9859239879044172
0.2872982108365362	0.9859256205513345
0.2872983711945129	0.9859272529146244
0.2872985315244805	0.9859288849943518
0.287298691826443	0.985930516790583
0.2872988521004113	0.9859321483033832
0.2872990123463888	0.9859337795328181
0.2872991725643803	0.9859354104789533
0.2872993327543925	0.985937041141854
0.2872994929164409	0.9859386715215857
0.2872996530505229	0.985940301618214
0.28729981315664677	0.9859419314318044
0.28729997323481965	0.9859435609624223
0.287300133285045	0.9859451902101332
0.28730029330733636	0.9859468191750023
0.2873004533016947	0.985948447857095
0.2873006132681273	0.9859500762564768
0.2873007732066404	0.9859517043732129
0.28730093311724914	0.9859533322073684
0.28730109299994205	0.985954959759009
0.28730125285474084	0.9859565870281999
0.2873014126816474	0.9859582140150063
0.2873015724806646	0.9859598407194933
0.2873017322518056	0.9859614671417262
0.2873018919950729	0.9859630932817703
0.2873020517104756	0.9859647191396906
0.2873022113980148	0.9859663447155527
0.2873023710576983	0.9859679700094212
0.2873025306895357	0.9859695950213614
0.2873026902935345	0.9859712197514386
0.2873028498696983	0.9859728441997178
0.28730300941803516	0.9859744683662638
0.28730316893854857	0.9859760922511419
0.2873033284312483	0.9859777158544174
0.28730348789613974	0.9859793391761547
0.2873036473332313	0.9859809622164193
0.2873038067425211	0.9859825849752759
0.28730396612402853	0.9859842074527895
0.287304125477749	0.9859858296490251
0.2873042848036959	0.9859874515640477
0.28730444410187117	0.9859890731979222
0.2873046033722844	0.9859906945507132
0.2873047626149416	0.9859923156224859
0.2873049218298486	0.9859939364133047
0.28730508101700997	0.985995556923235
0.28730524017643455	0.9859971771523413
0.28730539930812765	0.9859987971006884
0.28730555841210115	0.9860004167683408
0.28730571748834977	0.986002036155364
0.2873058765368873	0.9860036552618222
0.287306035557724	0.98600527408778
0.2873061945508608	0.9860068926333025
0.28730635351630424	0.986008510898454
0.2873065124540615	0.9860101288832994
0.28730667136413884	0.9860117465879035
0.2873068302465421	0.9860133640123302
0.28730698910128266	0.986014981156645
0.2873071479283615	0.9860165980209119
0.28730730672778615	0.9860182146051955
0.28730746549956304	0.9860198309095607
0.28730762424369705	0.9860214469340719
0.2873077829601975	0.9860230626787934
0.2873079416490747	0.9860246781437898
0.2873081003103239	0.9860262933291256
0.28730825894395967	0.9860279082348653
0.28730841754998826	0.9860295228610734
0.2873085761284112	0.9860311372078141
0.2873087346792414	0.9860327512751518
0.2873088932024788	0.9860343650631512
0.28730905169814047	0.9860359785718761
0.2873092101662146	0.9860375918013915
0.2873093686067224	0.9860392047517612
0.28730952701966783	0.9860408174230499
0.2873096854050555	0.9860424298153216
0.2873098437628892	0.9860440419286408
0.28731000209318236	0.9860456537630715
0.28731016039593354	0.9860472653186779
0.2873103186711538	0.9860488765955248
0.2873104769188469	0.9860504875936758
0.28731063513902244	0.9860520983131951
0.28731079333168497	0.9860537087541471
0.2873109514968379	0.9860553189165959
0.2873111096344901	0.9860569288006055
0.2873112677446549	0.9860585384062401
0.28731142582732694	0.9860601477335639
0.2873115838825205	0.9860617567826406
0.2873117419102366	0.9860633655535346
0.2873118999104857	0.9860649740463097
0.28731205788327213	0.98606658226103
0.2873122158286045	0.9860681901977597
0.28731237374648577	0.9860697978565625
0.28731253163692544	0.9860714052375025
0.28731268949992816	0.9860730123406434
0.2873128473354998	0.9860746191660494
0.2873130051436503	0.9860762257137843
0.2873131629243806	0.9860778319839117
0.2873133206776991	0.9860794379764961
0.2873134784036144	0.9860810436916008
0.2873136361021335	0.9860826491292898
0.28731379377325644	0.9860842542896272
0.28731395141699567	0.9860858591726762
0.28731410903335314	0.9860874637785013
0.2873142666223386	0.9860890681071655
0.2873144241839583	0.9860906721587329
0.287314581718217	0.9860922759332672
0.2873147392251228	0.9860938794308322
0.28731489670468024	0.9860954826514915
0.2873150541568935	0.9860970855953087
0.2873152115817748	0.9860986882623474
0.2873153689793246	0.9861002906526715
0.2873155263495546	0.9861018927663442
0.2873156836924707	0.9861034946034294
0.28731584100807167	0.9861050961639907
0.2873159982963687	0.9861066974480915
0.2873161555573729	0.9861082984557952
0.287316312791087	0.9861098991871656
0.2873164699975125	0.9861114996422662
0.2873166271766622	0.9861130998211601
0.287316784328536	0.9861146997239115
0.2873169414531499	0.9861162993505829
0.2873170985505023	0.9861178987012384
0.2873172556206006	0.9861194977759413
0.2873174126634521	0.9861210965747548
0.2873175696790639	0.9861226950977424
0.2873177266674418	0.9861242933449673
0.28731788362859134	0.9861258913164933
0.28731804056251675	0.9861274890123831
0.2873181974692325	0.9861290864327003
0.2873183543487366	0.9861306835775081
0.2873185112010363	0.98613228044687
0.2873186680261455	0.9861338770408489
0.28731882482406046	0.9861354733595081
0.2873189815947891	0.9861370694029112
0.2873191383383412	0.9861386651711209
0.2873192950547265	0.9861402606642007
0.2873194517439429	0.9861418558822137
0.2873196084060044	0.9861434508252226
0.28731976504091095	0.9861450454932911
0.2873199216486715	0.9861466398864819
0.28732007822929123	0.9861482340048585
0.2873202347827801	0.9861498278484835
0.28732039130913833	0.9861514214174203
0.2873205478083788	0.9861530147117317
0.28732070428050027	0.986154607731481
0.2873208607255188	0.9861562004767307
0.28732101714342934	0.9861577929475442
0.28732117353424974	0.9861593851439844
0.2873213298979781	0.986160977066114
0.28732148623462156	0.9861625687139961
0.28732164254418474	0.9861641600876937
0.2873217988266838	0.9861657511872695
0.2873219550821182	0.9861673420127862
0.28732211131048757	0.9861689325643074
0.287322267511805	0.9861705228418949
0.28732242368608124	0.9861721128456121
0.28732257983331744	0.9861737025755218
0.2873227359535216	0.9861752920316866
0.28732289204669	0.9861768812141697
0.28732304811284537	0.986178470123033
0.28732320415198465	0.9861800587583398
0.287323360164114	0.9861816471201529
0.28732351614924045	0.9861832352085346
0.2873236721073733	0.9861848230235479
0.28732382803851464	0.9861864105652552
0.28732398394267444	0.9861879978337192
0.2873241398198533	0.9861895848290027
0.287324295670062	0.9861911715511681
0.2873244514933077	0.986192758000278
0.2873246072895928	0.9861943441763948
0.2873247630589264	0.9861959300795816
0.28732491880131394	0.9861975157099001
0.2873250745167595	0.9861991010674137
0.2873252302052728	0.986200686152184
0.28732538586685763	0.9862022709642743
0.28732554150152095	0.9862038555037466
0.28732569710927097	0.9862054397706633
0.2873258526901107	0.9862070237650868
0.28732600824404675	0.9862086074870801
0.2873261637710877	0.9862101909367046
0.2873263192712374	0.9862117741140233
0.28732647474450185	0.9862133570190985
0.28732663019088905	0.9862149396519926
0.28732678561040587	0.9862165220127674
0.28732694100305534	0.9862181041014856
0.2873270963688461	0.9862196859182096
0.28732725170778106	0.9862212674630014
0.28732740701987197	0.9862228487359233
0.28732756230511997	0.9862244297370376
0.2873277175635354	0.9862260104664063
0.2873278727951204	0.9862275909240918
0.287328027999886	0.9862291711101562
0.28732818317783376	0.9862307510246615
0.28732833832896987	0.9862323306676702
0.28732849345330147	0.9862339100392441
0.28732864855083884	0.9862354891394455
0.28732880362158303	0.9862370679683362
0.287328958665544	0.9862386465259784
0.2873291136827234	0.9862402248124342
0.28732926867312986	0.9862418028277656
0.28732942363677166	0.9862433805720346
0.2873295785736489	0.9862449580453033
0.2873297334837741	0.9862465352476336
0.28732988836714923	0.9862481121790874
0.28733004322378664	0.9862496888397265
0.2873301980536856	0.9862512652296131
0.28733035285685216	0.986252841348809
0.2873305076332969	0.9862544171973762
0.28733066238302557	0.9862559927753761
0.28733081710604025	0.986257568082871
0.28733097180234973	0.9862591431199227
0.2873311264719639	0.9862607178865929
0.28733128111488315	0.9862622923829435
0.2873314357311134	0.9862638666090361
0.28733159032066635	0.9862654405649325
0.28733174488354063	0.9862670142506949
0.28733189941974974	0.9862685876663841
0.28733205392929334	0.9862701608120628
0.2873322084121822	0.986271733687792
0.2873323628684248	0.9862733062936335
0.28733251729802345	0.9862748786296494
0.28733267170097815	0.9862764506959006
0.2873328260773049	0.9862780224924496
0.2873329804270068	0.986279594019357
0.28733313475008415	0.9862811652766854
0.2873332890465562	0.9862827362644955
0.2873334433164172	0.9862843069828494
0.2873335975596764	0.9862858774318085
0.2873337517763418	0.9862874476114342
0.28733390596641883	0.986289017521788
0.28733406012991053	0.9862905871629317
0.28733421426682765	0.9862921565349263
0.2873343683771753	0.9862937256378334
0.28733452246095925	0.9862952944717146
0.2873346765181795	0.9862968630366314
0.287334830548852	0.9862984313326446
0.2873349845529763	0.9862999993598163
0.28733513853056347	0.9863015671182075
0.2873352924816161	0.9863031346078793
0.2873354464061403	0.9863047018288935
0.28733560030413946	0.9863062687813112
0.2873357541756298	0.9863078354651934
0.2873359080206062	0.986309401880602
0.28733606183907984	0.9863109680275978
0.28733621563105816	0.9863125339062421
0.28733636939654134	0.986314099516596
0.28733652313554126	0.986315664858721
0.28733667684805886	0.9863172299326782
0.28733683053411146	0.9863187947385286
0.2873369841936916	0.9863203592763335
0.2873371378268126	0.986321923546154
0.2873372914334783	0.9863234875480511
0.2873374450136936	0.9863250512820861
0.28733759856746793	0.98632661474832
0.28733775209480567	0.9863281779468139
0.2873379055957134	0.9863297408776286
0.28733805907019655	0.9863313035408251
0.2873382125182602	0.986332865936465
0.28733836593991047	0.9863344280646088
0.28733851933515914	0.9863359899253175
0.287338672704005	0.9863375515186522
0.2873388260464535	0.9863391128446738
0.2873389793625195	0.9863406739034429
0.28733913265220123	0.9863422346950211
0.287339285915506	0.9863437952194688
0.2873394391524423	0.9863453554768469
0.28733959236301476	0.9863469154672163
0.2873397455472291	0.9863484751906377
0.28733989870509075	0.9863500346471723
0.28734005183660866	0.9863515938368805
0.28734020494178436	0.9863531527598233
0.2873403580206299	0.9863547114160613
0.28734051107313957	0.9863562698056559
0.2873406640993391	0.9863578279286668
0.2873408170992165	0.9863593857851555
0.2873409700727853	0.9863609433751821
0.28734112302005094	0.9863625006988076
0.28734127594101955	0.9863640577560927
0.2873414288356961	0.9863656145470981
0.2873415817040888	0.9863671710718842
0.2873417345462011	0.986368727330512
0.2873418873620385	0.9863702833230418
0.2873420401516075	0.986371839049534
0.28734219291491686	0.9863733945100495
0.28734234565197514	0.9863749497046486
0.28734249836278014	0.986376504633392
0.2873426510473423	0.9863780592963403
0.2873428037056674	0.9863796136935535
0.28734295633776313	0.9863811678250927
0.2873431089436291	0.9863827216910179
0.2873432615232809	0.98638427529139
0.2873434140767188	0.9863858286262686
0.2873435666039464	0.9863873816957152
0.28734371910497297	0.9863889344997891
0.2873438715798042	0.9863904870385515
0.28734402402844894	0.9863920393120624
0.28734417645091137	0.9863935913203822
0.287344328847194	0.986395143063571
0.28734448121730666	0.9863966945416895
0.2873446335612527	0.9863982457547977
0.28734478587903917	0.9863997967029562
0.287344938170675	0.9864013473862249
0.28734509043616097	0.9864028978046641
0.2873452426755081	0.9864044479583339
0.28734539488871774	0.9864059978472948
0.28734554707579846	0.9864075474716067
0.28734569923675835	0.98640909683133
0.2873458513715983	0.9864106459265248
0.287346003480325	0.9864121947572512
0.2873461555629521	0.9864137433235692
0.2873463076194729	0.986415291625539
0.2873464596499064	0.9864168396632209
0.28734661165424685	0.9864183874366743
0.2873467636325082	0.9864199349459603
0.2873469155846962	0.9864214821911378
0.2873470675108126	0.9864230291722674
0.2873472194108675	0.9864245758894091
0.28734737128486465	0.9864261223426227
0.28734752313280787	0.9864276685319684
0.28734767495470537	0.986429214457506
0.28734782675056286	0.9864307601192954
0.2873479785203871	0.9864323055173964
0.2873481302641824	0.9864338506518692
0.2873482819819596	0.9864353955227735
0.2873484336737145	0.9864369401301692
0.287348585339466	0.9864384844741159
0.2873487369792082	0.9864400285546737
0.28734888859295626	0.9864415723719026
0.28734904018070967	0.986443115925862
0.2873491917424786	0.9864446592166116
0.2873493432782657	0.9864462022442114
0.2873494947880785	0.9864477450087215
0.2873496462719251	0.9864492875102008
0.28734979772980557	0.9864508297487095
0.28734994916173145	0.9864523717243073
0.2873501005677093	0.9864539134370537
0.2873502519477397	0.9864554548870086
0.287350403301829	0.9864569960742314
0.28735055462998793	0.9864585369987818
0.287350705932219	0.9864600776607194
0.28735085720853143	0.9864616180601039
0.2873510084589249	0.9864631581969949
0.2873511596834132	0.9864646980714517
0.28735131088199667	0.9864662376835337
0.28735146205468287	0.986467777033301
0.2873516132014743	0.9864693161208129
0.2873517643223839	0.9864708549461286
0.28735191541741634	0.9864723935093077
0.28735206648656747	0.9864739318104099
0.2873522175298583	0.9864754698494941
0.287352368547282	0.9864770076266204
0.28735251953885566	0.9864785451418474
0.287352670504572	0.9864800823952355
0.2873528214444489	0.9864816193868432
0.2873529723584837	0.9864831561167303
0.2873531232466915	0.9864846925849559
0.2873532741090703	0.9864862287915794
0.2873534249456266	0.9864877647366603
0.287353575756369	0.9864893004202577
0.2873537265413045	0.9864908358424307
0.2873538773004343	0.9864923710032389
0.2873540280337676	0.9864939059027411
0.28735417874131464	0.9864954405409969
0.28735432942306877	0.9864969749180656
0.2873544800790506	0.986498509034006
0.2873546307092532	0.9865000428888777
0.2873547813136909	0.9865015764827393
0.28735493189236583	0.9865031098156504
0.2873550824452837	0.9865046428876696
0.28735523297245463	0.9865061756988567
0.28735538347388034	0.9865077082492701
0.28735553394956714	0.9865092405389695
0.2873556843995235	0.9865107725680136
0.28735583482374827	0.9865123043364614
0.2873559852222566	0.9865138358443719
0.28735613559505185	0.9865153670918043
0.2873562859421346	0.9865168980788175
0.28735643626351476	0.9865184288054705
0.28735658655919755	0.986519959271822
0.2873567368291914	0.9865214894779314
0.2873568870734973	0.9865230194238571
0.28735703729212003	0.9865245491096586
0.2873571874850769	0.9865260785353941
0.28735733765235905	0.986527607701123
0.28735748779398473	0.9865291366069037
0.2873576379099496	0.9865306652527956
0.28735778800026435	0.9865321936388571
0.2873579380649349	0.986533721765147
0.28735808810397057	0.9865352496317242
0.2873582381173709	0.9865367772386475
0.28735838810514364	0.9865383045859757
0.2873585380672951	0.9865398316737676
0.28735868800383046	0.9865413585020815
0.28735883791475564	0.9865428850709764
0.2873589878000801	0.986544411380511
0.2873591376598025	0.986545937430744
0.2873592874939388	0.9865474632217338
0.2873594373024838	0.9865489887535394
0.2873595870854534	0.9865505140262191
0.2873597368428407	0.9865520390398317
0.28735988657466593	0.9865535637944355
0.2873600362809242	0.9865550882900893
0.28736018596162843	0.986556612526852
0.2873603356167757	0.9865581365047815
0.28736048524638685	0.9865596602239367
0.287360634850448	0.986561183684376
0.28736078442898433	0.9865627068861575
0.28736093398198753	0.9865642298293406
0.28736108350947065	0.9865657525139828
0.28736123301143573	0.9865672749401431
0.2873613824878894	0.9865687971078798
0.2873615319388406	0.9865703190172515
0.2873616813642909	0.9865718406683157
0.2873618307642488	0.9865733620611319
0.28736198013872033	0.9865748831957579
0.2873621294877077	0.9865764040722521
0.2873622788112202	0.9865779246906728
0.28736242810926194	0.9865794450510786
0.28736257738184073	0.9865809651535272
0.2873627266289605	0.9865824849980774
0.28736287585062614	0.9865840045847872
0.2873630250468497	0.9865855239137148
0.2873631742176261	0.9865870429849187
0.287363323362973	0.9865885617984567
0.28736347248288513	0.9865900803543874
0.28736362157737605	0.9865915986527688
0.2873637706464486	0.986593116693659
0.28736391969011005	0.986594634477116
0.28736406870836273	0.9865961520031985
0.28736421770121495	0.986597669271964
0.2873643666686722	0.9865991862834709
0.2873645156107413	0.9866007030377771
0.28736466452742737	0.9866022195349408
0.2873648134187343	0.9866037357750201
0.287364962284672	0.9866052517580728
0.28736511112524277	0.986606767484157
0.28736525994045353	0.9866082829533307
0.2873654087303075	0.986609798165652
0.2873655574948138	0.9866113131211789
0.2873657062339813	0.986612827819969
0.2873658549478042	0.9866143422620804
0.2873660036362984	0.9866158564475713
0.2873661522994661	0.9866173703764991
0.2873663009373155	0.9866188840489221
0.2873664495498524	0.9866203974648977
0.2873665981370797	0.9866219106244843
0.28736674669900264	0.9866234235277395
0.2873668952356264	0.9866249361747209
0.2873670437469619	0.9866264485654865
0.28736719223301277	0.9866279607000942
0.2873673406937823	0.9866294725786017
0.28736748912927723	0.9866309842010664
0.2873676375395056	0.9866324955675465
0.2873677859244702	0.9866340066780994
0.28736793428417495	0.986635517532783
0.2873680826186344	0.986637028131655
0.28736823092784725	0.9866385384747728
0.2873683792118181	0.9866400485621944
0.2873685274705563	0.9866415583939772
0.28736867570406593	0.9866430679701786
0.2873688239123512	0.986644577290857
0.28736897209541956	0.9866460863560691
0.28736912025328076	0.9866475951658729
0.2873692683859348	0.9866491037203261
0.2873694164933898	0.9866506120194858
0.2873695645756503	0.98665212006341
0.28736971263272176	0.9866536278521558
0.28736986066460934	0.9866551353857809
0.28737000867132545	0.9866566426643427
0.2873701566528667	0.9866581496878986
0.28737030460924373	0.9866596564565064
0.28737045254045884	0.9866611629702231
0.2873706004465237	0.9866626692291063
0.2873707483274352	0.9866641752332133
0.28737089618320605	0.9866656809826015
0.28737104401384495	0.9866671864773284
0.287371191819346	0.9866686917174511
0.2873713395997248	0.9866701967030272
0.2873714873549835	0.9866717014341139
0.28737163508512914	0.9866732059107683
0.28737178279016345	0.9866747101330482
0.28737193047009896	0.9866762141010101
0.28737207812493487	0.9866777178147119
0.2873722257546785	0.9866792212742106
0.28737237335934074	0.9866807244795635
0.28737252093892135	0.9866822274308273
0.2873726684934248	0.9866837301280602
0.2873728160228614	0.9866852325713183
0.2873729635272365	0.9866867347606594
0.2873731110065541	0.9866882366961406
0.2873732584608203	0.9866897383778186
0.28737340589003874	0.9866912398057509
0.28737355329421893	0.9866927409799946
0.2873737006733581	0.9866942419006066
0.28737384802747507	0.9866957425676439
0.2873739953565678	0.9866972429811636
0.2873741426606453	0.9866987431412229
0.2873742899397052	0.9867002430478784
0.2873744371937632	0.9867017427011875
0.2873745844228228	0.9867032421012069
0.2873747316268813	0.9867047412479938
0.2873748788059562	0.9867062401416051
0.2873750259600421	0.9867077387820977
0.287375173089155	0.9867092371695283
0.28737532019329154	0.986710735303954
0.28737546727246255	0.9867122331854317
0.2873756143266764	0.9867137308140181
0.2873757613559292	0.9867152281897704
0.28737590836023363	0.986716725312745
0.28737605533959637	0.986718222182999
0.287376202294019	0.986719718800589
0.28737634922350785	0.9867212151655721
0.28737649612807253	0.9867227112780046
0.2873766430077166	0.9867242071379435
0.2873767898624434	0.9867257027454455
0.28737693669225617	0.9867271981005677
0.2873770834971675	0.9867286932033662
0.2873772302771826	0.986730188053898
0.287377377032297	0.9867316826522199
0.2873775237625324	0.986733176998388
0.28737767046788404	0.9867346710924595
0.28737781714835275	0.986736164934491
0.287377963803955	0.9867376585245389
0.28737811043468914	0.9867391518626598
0.28737825704056874	0.9867406449489103
0.2873784036215906	0.986742137783347
0.28737855017776565	0.9867436303660265
0.2873786967090986	0.9867451226970052
0.2873788432155929	0.9867466147763396
0.2873789896972579	0.9867481066040863
0.2873791361540942	0.986749598180302
0.2873792825861131	0.9867510895050428
0.2873794289933174	0.9867525805783649
0.28737957537570963	0.9867540714003256
0.2873797217333006	0.9867555619709806
0.28737986806609145	0.9867570522903868
0.28738001437408783	0.9867585423586
0.2873801606573049	0.9867600321756769
0.2873803069157358	0.986761521741674
0.2873804531493956	0.9867630110566472
0.2873805993582795	0.9867645001206534
0.2873807455424033	0.9867659889337486
0.28738089170176795	0.9867674774959889
0.28738103783637814	0.9867689658074309
0.28738118394624296	0.9867704538681309
0.2873813300313605	0.9867719416781449
0.2873814760917506	0.986773429237529
0.28738162212740365	0.9867749165463399
0.2873817681383295	0.9867764036046335
0.2873819141245437	0.9867778904124659
0.2873820600860388	0.9867793769698932
0.28738220602282877	0.986780863276972
0.28738235193490935	0.9867823493337581
0.28738249782229797	0.9867838351403078
0.2873826436849936	0.9867853206966769
0.2873827895230025	0.9867868060029219
0.28738293533633424	0.9867882910590983
0.28738308112498606	0.9867897758652627
0.2873832268889709	0.986791260421471
0.28738337262828945	0.9867927447277792
0.2873835183429542	0.9867942287842433
0.2873836640329644	0.9867957125909191
0.287383809698326	0.9867971961478629
0.28738395533904637	0.9867986794551302
0.2873841009551314	0.9868001625127776
0.28738424654658545	0.9868016453208607
0.2873843921134153	0.9868031278794351
0.287384537655624	0.9868046101885574
0.2873846831732202	0.9868060922482829
0.2873848286662078	0.9868075740586676
0.28738497413459163	0.9868090556197675
0.28738511957838364	0.9868105369316382
0.2873852649975799	0.9868120179943357
0.28738541039218596	0.986813498807916
0.2873855557622194	0.9868149793724346
0.2873857011076708	0.9868164596879473
0.28738584642855874	0.9868179397545097
0.2873859917248795	0.9868194195721779
0.2873861369966403	0.9868208991410076
0.28738628224385177	0.9868223784610543
0.2873864274665146	0.9868238575323738
0.28738657266463435	0.9868253363550218
0.2873867178382188	0.9868268149290539
0.2873868629872717	0.9868282932545256
0.28738700811180296	0.9868297713314927
0.2873871532118064	0.9868312491600113
0.2873872982873025	0.9868327267401362
0.28738744333828964	0.9868342040719231
0.287387588364772	0.9868356811554284
0.2873877333667563	0.9868371579907065
0.28738787834424767	0.9868386345778137
0.2873880232972572	0.9868401109168056
0.28738816822578	0.9868415870077372
0.28738831312983415	0.9868430628506641
0.28738845800940954	0.9868445384456421
0.28738860286452517	0.9868460137927264
0.28738874769518274	0.9868474888919724
0.28738889250138394	0.986848963743436
0.28738903728313986	0.986850438347172
0.28738918204045294	0.9868519127032361
0.2873893267733292	0.9868533868116837
0.28738947148177074	0.9868548606725702
0.2873896161657856	0.986856334285951
0.2873897608253818	0.9868578076518811
0.28738990546056215	0.9868592807704162
0.28739005007133667	0.9868607536416113
0.28739019465770543	0.9868622262655218
0.2873903392196732	0.9868636986422032
0.28739048375725085	0.9868651707717107
0.28739062827044026	0.9868666426540993
0.28739077275924463	0.9868681142894246
0.2873909172236766	0.9868695856777414
0.28739106166373646	0.986871056819105
0.28739120607942686	0.9868725277135709
0.2873913504707625	0.9868739983611939
0.2873914948377406	0.9868754687620295
0.2873916391803695	0.9868769389161324
0.287391783498656	0.9868784088235582
0.28739192779260175	0.9868798784843617
0.28739207206221706	0.9868813478985979
0.2873922163075033	0.9868828170663223
0.28739236052847267	0.9868842859875897
0.28739250472511907	0.9868857546624552
0.2873926488974581	0.9868872230909734
0.2873927930454892	0.9868886912732003
0.2873929371692241	0.98689015920919
0.28739308126865953	0.986891626898998
0.2873932253438093	0.9868930943426789
0.28739336939467214	0.9868945615402879
0.2873935134212628	0.98689602849188
0.28739365742357864	0.9868974951975097
0.28739380140162296	0.9868989616572325
0.2873939453554098	0.9869004278711028
0.2873940892849348	0.9869018938391758
0.28739423319021806	0.9869033595615061
0.28739437707124976	0.9869048250381489
0.2873945209280411	0.9869062902691588
0.28739466476059916	0.9869077552545906
0.28739480856892735	0.9869092199944991
0.2873949523530338	0.986910684488939
0.2873950961129203	0.9869121487379655
0.28739523984859344	0.9869136127416331
0.28739538356006444	0.9869150764999962
0.28739552724732487	0.9869165400131101
0.28739567091039425	0.9869180032810292
0.28739581454926866	0.9869194663038083
0.28739595816395996	0.9869209290815019
0.2873961017544737	0.9869223916141648
0.2873962453208117	0.9869238539018517
0.2873963888629803	0.9869253159446171
0.28739653238098095	0.9869267777425157
0.2873966758748259	0.9869282392956022
0.2873968193445188	0.9869297006039309
0.28739696279006277	0.9869311616675569
0.2873971062114624	0.9869326224865341
0.28739724960873175	0.9869340830609173
0.2873973929818626	0.9869355433907616
0.28739753633087245	0.9869370034761205
0.2873976796557613	0.9869384633170492
0.2873978229565303	0.9869399229136021
0.2873979662331928	0.9869413822658334
0.28739810948574834	0.9869428413737978
0.28739825271420855	0.9869443002375495
0.2873983959185741	0.9869457588571433
0.28739853909885127	0.9869472172326333
0.287398682255044	0.9869486753640738
0.28739882538716094	0.9869501332515196
0.28739896849520924	0.9869515908950248
0.2873991115791837	0.9869530482946438
0.28739925463910215	0.9869545054504308
0.28739939767496414	0.9869559623624401
0.2873995406867761	0.9869574190307262
0.2873996836745407	0.9869588754553433
0.28739982663826796	0.9869603316363458
0.28739996957796143	0.9869617875737875
0.2874001124936246	0.9869632432677231
0.2874002553852644	0.9869646987182069
0.2874003982528865	0.9869661539252927
0.28740054109649876	0.986967608889035
0.28740068391609896	0.9869690636094879
0.28740082671169964	0.9869705180867054
0.2874009694833008	0.9869719723207421
0.2874011122309183	0.9869734263116515
0.2874012549545457	0.9869748800594883
0.28740139765418987	0.9869763335643061
0.2874015403298637	0.9869777868261594
0.2874016829815615	0.9869792398451024
0.287401825609302	0.9869806926211886
0.2874019682130803	0.9869821451544724
0.2874021107929075	0.9869835974450076
0.28740225334878217	0.9869850494928486
0.287402395880715	0.9869865012980492
0.2874025383887115	0.9869879528606632
0.28740268087277593	0.9869894041807448
0.2874028233329149	0.9869908552583481
0.28740296576912977	0.9869923060935266
0.2874031081814304	0.9869937566863344
0.28740325056982163	0.9869952070368258
0.2874033929343045	0.986996657145054
0.2874035352748882	0.9869981070110735
0.28740367759157964	0.9869995566349378
0.2874038198843781	0.9870010060167008
0.2874039621532948	0.9870024551564167
0.28740410439833247	0.9870039040541387
0.2874042466194997	0.9870053527099211
0.287404388816795	0.9870068011238176
0.28740453099022795	0.9870082492958816
0.2874046731398054	0.9870096972261674
0.2874048152655291	0.9870111449147286
0.2874049573674081	0.9870125923616186
0.2874050994454427	0.9870140395668916
0.2874052414996452	0.9870154865306008
0.2874053835300156	0.9870169332528003
0.287405525536561	0.9870183797335434
0.28740566751928964	0.9870198259728842
0.28740580947820094	0.987021271970876
0.2874059514132991	0.9870227177275728
0.28740609332459804	0.9870241632430277
0.2874062352120979	0.9870256085172945
0.28740637707580363	0.987027053550427
0.2874065189157237	0.9870284983424785
0.2874066607318542	0.9870299428935028
0.28740680252421674	0.9870313872035531
0.28740694429280095	0.9870328312726833
0.28740708603762327	0.9870342751009465
0.2874072277586752	0.9870357186883967
0.2874073694559805	0.9870371620350868
0.28740751112953045	0.9870386051410708
0.28740765277933594	0.9870400480064019
0.2874077944054027	0.9870414906311333
0.28740793600773407	0.9870429330153189
0.2874080775863317	0.9870443751590118
0.28740821914120834	0.9870458170622654
0.287408360672368	0.9870472587251331
0.28740850217981073	0.9870487001476685
0.2874086436635463	0.9870501413299247
0.28740878512357687	0.9870515822719551
0.2874089265599145	0.9870530229738129
0.28740906797255733	0.9870544634355514
0.28740920936151076	0.9870559036572241
0.28740935072678503	0.9870573436388839
0.28740949206838284	0.9870587833805846
0.2874096333863078	0.9870602228823792
0.28740977468056617	0.9870616621443206
0.2874099159511661	0.9870631011664626
0.28741005719811086	0.9870645399488577
0.2874101984214037	0.9870659784915596
0.287410339621051	0.9870674167946214
0.28741048079706066	0.9870688548580964
0.287410621949434	0.9870702926820372
0.287410763078176	0.9870717302664975
0.28741090418329995	0.9870731676115299
0.2874110452648006	0.9870746047171879
0.28741118632269114	0.9870760415835245
0.28741132735697206	0.9870774782105927
0.28741146836764875	0.9870789145984454
0.2874116093547326	0.9870803507471358
0.2874117503182224	0.9870817866567172
0.28741189125812566	0.9870832223272419
0.2874120321744432	0.9870846577587636
0.28741217306718714	0.987086092951335
0.2874123139363581	0.987087527905009
0.28741245478196653	0.9870889626198385
0.2874125956040153	0.9870903970958765
0.2874127364025046	0.9870918313331761
0.2874128771774444	0.98709326533179
0.28741301792884205	0.9870946990917712
0.287413158656696	0.9870961326131725
0.28741329936101945	0.9870975658960467
0.2874134400418118	0.9870989989404468
0.2874135806990811	0.9871004317464256
0.28741372133283	0.9871018643140358
0.28741386194306867	0.9871032966433302
0.2874140025297946	0.9871047287343618
0.2874141430930189	0.9871061605871833
0.28741428363274985	0.987107592201847
0.2874144241489832	0.9871090235784066
0.28741456464173093	0.9871104547169139
0.28741470511099715	0.9871118856174222
0.28741484555679075	0.9871133162799837
0.2874149859791069	0.9871147467046515
0.2874151263779606	0.9871161768914781
0.28741526675334905	0.9871176068405164
0.28741540710528446	0.9871190365518185
0.28741554743376874	0.9871204660254377
0.28741568773880866	0.9871218952614262
0.28741582802040716	0.9871233242598367
0.2874159682785732	0.9871247530207213
0.28741610851330557	0.9871261815441335
0.2874162487246168	0.9871276098301253
0.28741638891250654	0.9871290378787492
0.28741652907698195	0.987130465690058
0.28741666921804987	0.9871318932641041
0.28741680933571345	0.9871333206009398
0.28741694942997675	0.9871347477006179
0.28741708950084993	0.9871361745631906
0.28741722954833443	0.9871376011887104
0.28741736957243624	0.9871390275772297
0.28741750957315904	0.9871404537288011
0.28741764955051086	0.987141879643477
0.28741778950449265	0.9871433053213097
0.28741792943511346	0.9871447307623517
0.28741806934238123	0.9871461559666549
0.2874182092262962	0.9871475809342724
0.2874183490868633	0.9871490056652559
0.2874184889240887	0.9871504301596582
0.28741862873797713	0.9871518544175314
0.2874187685285369	0.9871532784389276
0.2874189082957699	0.9871547022238993
0.28741904803968654	0.9871561257724988
0.28741918776027975	0.9871575490847783
0.2874193274575685	0.98715897216079
0.2874194671315501	0.987160395000586
0.2874196067822346	0.9871618176042186
0.2874197464096216	0.9871632399717402
0.2874198860137232	0.9871646621032029
0.287420025594535	0.9871660839986587
0.28742016515207125	0.9871675056581598
0.2874203046863347	0.9871689270817583
0.28742044419732937	0.9871703482695062
0.2874205836850601	0.987171769221456
0.2874207231495357	0.9871731899376596
0.28742086259075067	0.9871746104181691
0.2874210020087196	0.9871760306630365
0.28742114140344566	0.9871774506723139
0.287421280774938	0.9871788704460532
0.2874214201231982	0.9871802899843064
0.28742155944822895	0.9871817092871259
0.28742169875003637	0.9871831283545632
0.28742183802862914	0.9871845471866708
0.2874219772840057	0.9871859657835002
0.28742211651618305	0.9871873841451034
0.2874222557251505	0.9871888022715325
0.28742239491092614	0.9871902201628394
0.28742253407351015	0.9871916378190762
0.28742267321290765	0.9871930552402943
0.2874228123291237	0.9871944724265459
0.2874229514221669	0.9871958893778829
0.28742309049203557	0.9871973060943569
0.2874232295387406	0.9871987225760198
0.28742336856228745	0.9872001388229238
0.2874235075626742	0.9872015548351202
0.28742364653991737	0.9872029706126609
0.28742378549401076	0.9872043861555982
0.28742392442496445	0.9872058014639834
0.287424063332787	0.987207216537868
0.28742420221747805	0.9872086313773042
0.2874243410790459	0.9872100459823432
0.2874244799174886	0.9872114603530375
0.28742461873282416	0.9872128744894382
0.2874247575250478	0.9872142883915972
0.2874248962941685	0.9872157020595659
0.2874250350401912	0.9872171154933963
0.2874251737631182	0.9872185286931396
0.2874253124629592	0.987219941658848
0.28742545113971496	0.9872213543905727
0.28742558979339233	0.9872227668883653
0.287425728423998	0.9872241791522776
0.28742586703153733	0.987225591182361
0.28742600561601167	0.9872270029786672
0.28742614417742596	0.9872284145412475
0.28742628271579135	0.9872298258701534
0.28742642123110995	0.9872312369654367
0.2874265597233838	0.9872326478271486
0.28742669819261857	0.987234058455341
0.2874268366388259	0.9872354688500647
0.28742697506200116	0.9872368790113719
0.2874271134621581	0.9872382889393134
0.2874272518392969	0.9872396986339411
0.2874273901934223	0.9872411080953062
0.28742752852454395	0.9872425173234599
0.28742766683266396	0.9872439263184539
0.28742780511778787	0.9872453350803392
0.28742794337991745	0.9872467436091679
0.2874280816190643	0.9872481519049903
0.28742821983522593	0.9872495599678586
0.2874283580284125	0.9872509677978235
0.28742849619863126	0.9872523753949368
0.2874286343458857	0.9872537827592494
0.2874287724701716	0.9872551898908128
0.2874289105715058	0.987256596789678
0.28742904864988883	0.9872580034558965
0.2874291867053285	0.9872594098895193
0.28742932473782623	0.987260816090598
0.28742946274738823	0.9872622220591836
0.2874296007340207	0.9872636277953267
0.2874297386977308	0.9872650332990793
0.28742987663851427	0.9872664385704921
0.2874300145563869	0.9872678436096165
0.28743015245134906	0.9872692484165034
0.28743029032340617	0.9872706529912041
0.2874304281725633	0.9872720573337694
0.2874305659988231	0.9872734614442509
0.28743070380219665	0.9872748653226991
0.2874308415826862	0.9872762689691653
0.28743097934029627	0.9872776723837008
0.28743111707503005	0.9872790755663561
0.2874312547868943	0.9872804785171829
0.28743139247589566	0.9872818812362313
0.2874315301420317	0.9872832837235532
0.287431667785324	0.9872846859791988
0.28743180540575963	0.9872860880032199
0.2874319430033535	0.9872874897956665
0.2874320805781077	0.98728889135659
0.28743221813002534	0.9872902926860416
0.28743235565911707	0.9872916937840717
0.28743249316538444	0.9872930946507316
0.28743263064883395	0.9872944952860717
0.2874327681094669	0.9872958956901433
0.2874329055472932	0.9872972958629971
0.2874330429623164	0.9872986958046837
0.2874331803545387	0.9873000955152543
0.2874333177239719	0.9873014949947595
0.287433455070609	0.9873028942432501
0.2874335923944707	0.987304293260777
0.2874337296955495	0.9873056920473906
0.2874338669738543	0.9873070906031421
0.2874340042293913	0.9873084889280821
0.2874341414621641	0.9873098870222611
0.28743427867217985	0.9873112848857301
0.2874344158594442	0.9873126825185395
0.28743455302395393	0.9873140799207403
0.2874346901657284	0.9873154770923828
0.2874348272847591	0.9873168740335179
0.28743496438105726	0.9873182707441965
0.287435101454628	0.9873196672244685
0.2874352385054748	0.9873210634743851
0.2874353755336062	0.9873224594939968
0.28743551253902033	0.987323855283354
0.2874356495217292	0.9873252508425074
0.2874357864817357	0.9873266461715077
0.28743592341904	0.9873280412704051
0.28743606033365754	0.9873294361392503
0.2874361972255831	0.9873308307780936
0.2874363340948254	0.987332225186986
0.28743647094139035	0.9873336193659776
0.2874366077652774	0.9873350133151191
0.2874367445665037	0.9873364070344606
0.2874368813450646	0.9873378005240527
0.28743701810097055	0.9873391937839457
0.287437154834219	0.9873405868141908
0.2874372915448189	0.9873419796148374
0.28743742823277896	0.9873433721859364
0.2874375648981	0.987344764527538
0.2874377015407855	0.9873461566396927
0.2874378381608461	0.9873475485224508
0.28743797475828103	0.9873489401758625
0.2874381113331008	0.9873503315999783
0.28743824788530553	0.9873517227948484
0.28743838441490543	0.9873531137605231
0.28743852092190025	0.987354504497053
0.2874386574062949	0.9873558950044877
0.28743879386810023	0.9873572852828778
0.2874389303073157	0.9873586753322737
0.28743906672394937	0.9873600651527253
0.2874392031180004	0.9873614547442832
0.2874393394894842	0.9873628441069972
0.2874394758383932	0.9873642332409179
0.28743961216474506	0.9873656221460949
0.28743974846853704	0.987367010822579
0.2874398847497724	0.9873683992704197
0.2874400210084647	0.9873697874896677
0.28744015724460925	0.9873711754803729
0.28744029345821803	0.987372563242585
0.2874404296492937	0.9873739507763547
0.28744056581784155	0.9873753380817318
0.28744070196386395	0.9873767251587664
0.28744083808736837	0.9873781120075084
0.2874409741883608	0.9873794986280079
0.2874411102668432	0.9873808850203152
0.2874412463228264	0.9873822711844797
0.28744138235630573	0.9873836571205522
0.2874415183672891	0.987385042828582
0.28744165435578933	0.9873864283086193
0.28744179032180395	0.9873878135607141
0.28744192626533777	0.9873891985849163
0.2874420621864033	0.9873905833812757
0.2874421980849974	0.9873919679498424
0.2874423339611271	0.9873933522906659
0.28744246981480187	0.9873947364037966
0.2874426056460157	0.9873961202892844
0.28744274145478266	0.9873975039471786
0.28744287724110656	0.9873988873775292
0.2874430130049913	0.9874002705803865
0.2874431487464403	0.9874016535557999
0.28744328446546324	0.9874030363038192
0.2874434201620609	0.9874044188244941
0.2874435558362365	0.9874058011178748
0.28744369148800164	0.9874071831840108
0.2874438271173529	0.9874085650229516
0.2874439627243043	0.9874099466347473
0.287444098308852	0.9874113280194474
0.2874442338710034	0.9874127091771018
0.2874443694107708	0.9874140901077599
0.2874445049281512	0.9874154708114717
0.2874446404231541	0.9874168512882867
0.28744477589578	0.9874182315382546
0.28744491134603417	0.9874196115614249
0.2874450467739207	0.9874209913578473
0.2874451821794522	0.9874223709275715
0.2874453175626261	0.9874237502706472
0.2874454529234483	0.9874251293871236
0.2874455882619299	0.9874265082770501
0.2874457235780677	0.9874278869404771
0.28744585887187113	0.9874292653774536
0.2874459941433418	0.9874306435880292
0.28744612939248765	0.9874320215722533
0.28744626461931116	0.9874333993301757
0.2874463998238199	0.9874347768618454
0.28744653500602	0.9874361541673123
0.2874466701659124	0.9874375312466257
0.28744680530350414	0.9874389080998349
0.2874469404187983	0.9874402847269899
0.28744707551180176	0.9874416611281396
0.28744721058251343	0.9874430373033336
0.2874473456309526	0.9874444132526209
0.28744748065711023	0.9874457889760513
0.2874476156609964	0.9874471644736742
0.28744775064261463	0.9874485397455388
0.28744788560197587	0.9874499147916943
0.28744802053907564	0.9874512896121903
0.2874481554539208	0.987452664207076
0.28744829034652436	0.9874540385764006
0.2874484252168828	0.9874554127202135
0.2874485600650025	0.987456786638564
0.28744869489089103	0.9874581603315011
0.28744882969455054	0.9874595337990744
0.2874489644759871	0.9874609070413332
0.28744909923520773	0.9874622800583263
0.2874492339722156	0.9874636528501028
0.2874493686870123	0.9874650254167128
0.2874495033796071	0.9874663977582043
0.2874496380500014	0.9874677698746271
0.28744977269820776	0.9874691417660305
0.28744990732421977	0.9874705134324633
0.2874500419280484	0.9874718848739746
0.287450176509701	0.987473256090614
0.28745031106917673	0.9874746270824301
0.2874504456064864	0.9874759978494718
0.2874505801216265	0.9874773683917891
0.2874507146146125	0.9874787387094301
0.2874508490854393	0.9874801088024441
0.28745098353411697	0.9874814786708805
0.2874511179606542	0.9874828483147877
0.28745125236504804	0.9874842177342152
0.2874513867473056	0.987485586929212
0.28745152110743366	0.9874869558998267
0.2874516554454405	0.9874883246461084
0.28745178976132235	0.9874896931681063
0.2874519240550896	0.987491061465869
0.28745205832674486	0.9874924295394459
0.2874521925762916	0.9874937973888853
0.28745232680374494	0.9874951650142364
0.28745246100909666	0.9874965324155484
0.28745259519235755	0.9874978995928693
0.28745272935352945	0.987499266546249
0.2874528634926203	0.9875006332757356
0.287452997609638	0.9875019997813781
0.28745313170458003	0.9875033660632254
0.28745326577746033	0.9875047321213265
0.2874533998282735	0.9875060979557299
0.28745353385702677	0.9875074635664843
0.2874536678637311	0.9875088289536388
0.28745380184838576	0.9875101941172418
0.2874539358109976	0.9875115590573426
0.287454069751572	0.9875129237739889
0.2874542036701103	0.9875142882672304
0.2874543375666253	0.9875156525371155
0.28745447144111297	0.9875170165836926
0.28745460529358197	0.9875183804070109
0.28745473912403424	0.9875197440071186
0.28745487293248334	0.9875211073840644
0.2874550067189221	0.9875224705378971
0.2874551404833662	0.9875238334686651
0.28745527422581585	0.9875251961764172
0.28745540794627106	0.9875265586612021
0.28745554164474196	0.9875279209230682
0.2874556753212335	0.987529282962064
0.2874558089757517	0.987530644778238
0.28745594260829843	0.987532006371639
0.28745607621887576	0.9875333677423156
0.2874562098074942	0.9875347288903157
0.2874563433741554	0.9875360898156885
0.2874564769188646	0.9875374505184822
0.28745661044163207	0.9875388109987451
0.2874567439424512	0.9875401712565258
0.28745687742133713	0.9875415312918727
0.2874570108782932	0.9875428911048345
0.2874571443133175	0.9875442506954595
0.2874572777264209	0.9875456100637956
0.28745741111760237	0.9875469692098923
0.28745754448687383	0.9875483281337969
0.28745767783424037	0.987549686835558
0.28745781115970204	0.9875510453152243
0.28745794446326234	0.9875524035728441
0.28745807774493387	0.9875537616084652
0.28745821100471086	0.9875551194221367
0.28745834424260686	0.9875564770139064
0.287458477458621	0.9875578343838226
0.2874586106527627	0.9875591915319337
0.2874587438250371	0.9875605484582879
0.2874588769754392	0.9875619051629335
0.2874590101039869	0.987563261645919
0.28745914321067206	0.987564617907292
0.28745927629551504	0.9875659739471012
0.28745940935850867	0.9875673297653945
0.28745954239966126	0.9875686853622204
0.2874596754189785	0.9875700407376268
0.28745980841646307	0.987571395891662
0.2874599413921216	0.9875727508243739
0.28746007434595405	0.9875741055358109
0.28746020727797317	0.9875754600260213
0.28746034018817596	0.987576814295053
0.2874604730765762	0.9875781683429538
0.28746060594316936	0.987579522169772
0.2874607387879663	0.9875808757755558
0.2874608716109699	0.9875822291603531
0.2874610044121869	0.9875835823242121
0.28746113719161737	0.9875849352671806
0.2874612699492702	0.9875862879893066
0.2874614026851464	0.9875876404906384
0.28746153539925223	0.9875889927712238
0.28746166809159607	0.9875903448311107
0.28746180076217853	0.9875916966703472
0.2874619334110079	0.9875930482889811
0.2874620660380844	0.9875943996870606
0.2874621986434135	0.9875957508646334
0.2874623312270041	0.9875971018217474
0.28746246378885754	0.9875984525584508
0.28746259632897864	0.987599803074791
0.28746272884737595	0.9876011533708162
0.28746286134404775	0.9876025034465741
0.2874629938190023	0.9876038533021128
0.2874631262722452	0.9876052029374798
0.2874632587037845	0.9876065523527231
0.2874633911136164	0.9876079015478904
0.28746352350175003	0.9876092505230295
0.28746365586819295	0.9876105992781884
0.2874637882129423	0.9876119478134148
0.28746392053601044	0.9876132961287563
0.28746405283739684	0.9876146442242607
0.2874641851171112	0.9876159920999757
0.2874643173751563	0.9876173397559488
0.28746444961153383	0.9876186871922283
0.28746458182625284	0.9876200344088616
0.2874647140193134	0.9876213814058962
0.2874648461907269	0.9876227281833797
0.2874649783404878	0.9876240747413603
0.28746511046861506	0.9876254210798849
0.2874652425751028	0.9876267671990018
0.2874653746599556	0.9876281130987581
0.2874655067231826	0.9876294587792017
0.28746563876479075	0.9876308042403801
0.28746577078477353	0.9876321494823409
0.28746590278314643	0.9876334945051315
0.28746603475991045	0.9876348393087995
0.28746616671507175	0.9876361838933928
0.2874662986486364	0.9876375282589583
0.2874664305606035	0.987638872405544
0.2874665624509802	0.9876402163331975
0.28746669431977323	0.9876415600419657
0.28746682616698543	0.9876429035318964
0.28746695799262456	0.9876442468030371
0.28746708979669183	0.9876455898554352
0.2874672215791922	0.9876469326891382
0.2874673533401317	0.9876482753041933
0.2874674850795137	0.987649617700648
0.28746761679734534	0.98765095987855
0.28746774849362705	0.9876523018379463
0.28746788016836816	0.9876536435788842
0.28746801182157017	0.9876549851014113
0.28746814345323707	0.9876563264055751
0.28746827506338035	0.9876576674914225
0.2874684066519971	0.987659008359001
0.287468538219096	0.9876603490083582
0.28746866976468044	0.9876616894395409
0.2874688012887509	0.9876630296525967
0.28746893279132224	0.9876643696475728
0.2874690642723907	0.9876657094245161
0.2874691957319618	0.9876670489834746
0.2874693271700445	0.987668388324495
0.28746945858663864	0.9876697274476244
0.28746958998175304	0.9876710663529101
0.28746972135539256	0.9876724050403995
0.28746985270755776	0.9876737435101399
0.2874699840382519	0.9876750817621781
0.2874701153474897	0.9876764197965613
0.2874702466352622	0.9876777576133368
0.28747037790158275	0.9876790952125514
0.287470509146459	0.9876804325942526
0.2874706403698895	0.9876817697584875
0.28747077157187917	0.9876831067053028
0.28747090275243403	0.9876844434347459
0.2874710339115626	0.9876857799468638
0.28747116504926024	0.9876871162417035
0.2874712961655364	0.9876884523193121
0.2874714272604018	0.9876897881797365
0.2874715583338514	0.9876911238230239
0.2874716893858929	0.9876924592492212
0.28747182041653785	0.987693794458375
0.28747195142578214	0.9876951294505332
0.28747208241363426	0.9876964642257418
0.28747221338009626	0.9876977987840482
0.28747234432517127	0.9876991331254994
0.28747247524887404	0.9877004672501422
0.2874726061512022	0.9877018011580233
0.28747273703215587	0.9877031348491899
0.28747286789175197	0.987704468323689
0.28747299872998117	0.9877058015815671
0.2874731295468575	0.9877071346228711
0.2874732603423843	0.9877084674476482
0.2874733911165624	0.987709800055945
0.28747352186939745	0.9877111324478081
0.2874736526008951	0.9877124646232844
0.28747378331106466	0.9877137965824212
0.28747391399990374	0.9877151283252646
0.28747404466741866	0.987716459851862
0.2874741753136159	0.9877177911622596
0.28747430593850165	0.9877191222565044
0.28747443654207794	0.987720453134643
0.28747456712434416	0.9877217837967224
0.287474697685314	0.9877231142427891
0.28747482822498904	0.9877244444728899
0.2874749587433734	0.987725774487071
0.2874750892404674	0.9877271042853799
0.28747521971628776	0.9877284338678628
0.28747535017082787	0.9877297632345661
0.28747548060409384	0.987731092385537
0.2874756110160918	0.9877324213208217
0.2874757414068289	0.9877337500404667
0.28747587177630707	0.987735078544519
0.28747600212453445	0.987736406833025
0.2874761324515061	0.9877377349060313
0.2874762627572417	0.9877390627635844
0.2874763930417282	0.987740390405731
0.28747652330498497	0.9877417178325173
0.28747665354701035	0.9877430450439901
0.28747678376780916	0.9877443720401957
0.2874769139673873	0.9877456988211808
0.28747704414575054	0.9877470253869918
0.2874771743028979	0.9877483517376753
0.28747730443884145	0.9877496778732773
0.2874774345535775	0.9877510037938448
0.2874775646471189	0.9877523294994239
0.2874776947194616	0.9877536549900612
0.2874778247706224	0.9877549802658027
0.2874779548005941	0.9877563053266954
0.28747808480938675	0.9877576301727854
0.2874782147970034	0.9877589548041189
0.28747834476344974	0.9877602792207425
0.28747847470872995	0.9877616034227025
0.2874786046328481	0.987762927410045
0.2874787345358093	0.9877642511828165
0.28747886441762005	0.9877655747410633
0.28747899427828	0.987766898084832
0.2874791241177992	0.9877682212141682
0.28747925393617957	0.9877695441291185
0.28747938373342435	0.9877708668297296
0.2874795135095419	0.9877721893160472
0.2874796432645298	0.9877735115881174
0.2874797729984	0.987774833645987
0.2874799027111577	0.9877761554897017
0.2874800324028002	0.987777477119308
0.2874801620733415	0.9877787985348518
0.287480291722776	0.9877801197363796
0.2874804213511149	0.9877814407239374
0.2874805509583588	0.9877827614975712
0.2874806805445186	0.9877840820573274
0.2874808101095907	0.9877854024032516
0.2874809396535844	0.9877867225353907
0.28748106917650756	0.9877880424537903
0.2874811986783548	0.9877893621584966
0.28748132815914296	0.9877906816495554
0.28748145761886634	0.9877920009270132
0.28748158705753485	0.9877933199909158
0.28748171647515175	0.9877946388413092
0.2874818458717175	0.9877959574782397
0.28748197524724683	0.9877972759017528
0.28748210460173335	0.987798594111895
0.28748223393518624	0.9877999121087119
0.287482363247616	0.9878012298922496
0.28748249253902103	0.9878025474625541
0.2874826218094022	0.9878038648196713
0.2874827510587695	0.9878051819636474
0.2874828802871249	0.9878064988945281
0.2874830094944767	0.9878078156123591
0.28748313868082653	0.9878091321171865
0.287483267846176	0.9878104484090563
0.2874833969905383	0.9878117644880141
0.2874835261139107	0.987813080354106
0.28748365521629954	0.9878143960073777
0.2874837842977083	0.9878157114478751
0.28748391335814183	0.9878170266756442
0.2874840423976087	0.9878183416907304
0.287484171416112	0.9878196564931796
0.2874843004136495	0.9878209710830379
0.2874844293902345	0.9878222854603508
0.28748455834586845	0.9878235996251642
0.28748468728055393	0.9878249135775238
0.2874848161942947	0.9878262273174753
0.2874849450870984	0.9878275408450642
0.28748507395897094	0.9878288541603368
0.2874852028099171	0.9878301672633382
0.28748533163993334	0.9878314801541144
0.28748546044903334	0.987832792832711
0.28748558923721607	0.9878341052991736
0.28748571800449074	0.987835417553548
0.28748584675085875	0.9878367295958796
0.2874859754763212	0.9878380414262145
0.2874861041808883	0.9878393530445978
0.2874862328645676	0.9878406644510752
0.2874863615273518	0.9878419756456926
0.2874864901692574	0.9878432866284951
0.28748661879028214	0.9878445973995288
0.2874867473904329	0.9878459079588386
0.2874868759697112	0.9878472183064708
0.2874870045281276	0.9878485284424705
0.28748713306567925	0.9878498383668829
0.28748726158237914	0.987851148079754
0.2874873900782202	0.9878524575811293
0.2874875185532165	0.9878537668710541
0.2874876470073725	0.9878550759495739
0.28748777544069276	0.9878563848167339
0.2874879038531735	0.98785769347258
0.28748803224482294	0.9878590019171574
0.28748816061565297	0.9878603101505116
0.2874882889656609	0.9878616181726877
0.28748841729485175	0.9878629259837316
0.2874885456032304	0.9878642335836882
0.28748867389080296	0.9878655409726034
0.28748880215757544	0.9878668481505218
0.28748893040354695	0.9878681551174894
0.2874890586287272	0.9878694618735513
0.2874891868331203	0.9878707684187528
0.2874893150167251	0.9878720747531391
0.2874894431795507	0.9878733808767559
0.28748957132159975	0.9878746867896482
0.2874896994428797	0.987875992491861
0.2874898275433901	0.9878772979834402
0.28748995562314356	0.9878786032644304
0.28749008368213674	0.9878799083348772
0.28749021172037925	0.9878812131948257
0.28749033973786875	0.9878825178443215
0.28749046773461606	0.9878838222834091
0.287490595710625	0.9878851265121339
0.28749072366590084	0.9878864305305416
0.2874908516004446	0.9878877343386768
0.28749097951425706	0.987889037936585
0.2874911074073524	0.987890341324311
0.28749123527973247	0.9878916445019001
0.28749136313139645	0.9878929474693974
0.2874914909623512	0.9878942502268481
0.28749161877260637	0.9878955527742971
0.2874917465621606	0.9878968551117896
0.28749187433102036	0.9878981572393707
0.28749200207918546	0.9878994591570852
0.2874921298066675	0.9879007608649786
0.28749225751346863	0.9879020623630957
0.28749238519959475	0.9879033636514812
0.2874925128650451	0.9879046647301807
0.2874926405098294	0.9879059655992384
0.28749276813394653	0.9879072662587002
0.2874928957374072	0.9879085667086106
0.28749302332021537	0.9879098669490143
0.2874931508823696	0.9879111669799567
0.28749327842388006	0.9879124668014827
0.2874934059447477	0.9879137664136369
0.28749353344498124	0.9879150658164644
0.28749366092458384	0.9879163650100101
0.2874937883835521	0.9879176639943189
0.28749391582190076	0.9879189627694358
0.2874940432396288	0.9879202613354052
0.28749417063674415	0.9879215596922724
0.2874942980132468	0.9879228578400822
0.28749442536914827	0.987924155778879
0.2874945527044443	0.9879254535087083
0.28749468001914363	0.9879267510296144
0.2874948073132549	0.9879280483416422
0.2874949345867746	0.9879293454448363
0.28749506183971246	0.9879306423392419
0.28749518907207	0.9879319390249034
0.28749531628385133	0.9879332355018657
0.28749544347506567	0.9879345317701734
0.2874955706457102	0.9879358278298713
0.28749569779580186	0.9879371236810042
0.2874958249253268	0.9879384193236166
0.28749595203430456	0.9879397147577534
0.28749607912273556	0.9879410099834591
0.2874962061906176	0.9879423050007784
0.28749633323796303	0.987943599809756
0.2874964602647719	0.9879448944104364
0.2874965872710536	0.9879461888028641
0.28749671425681067	0.9879474829870841
0.2874968412220442	0.9879487769631409
0.28749696816676173	0.9879500707310788
0.28749709509096544	0.9879513642909425
0.2874972219946586	0.9879526576427771
0.2874973488778497	0.9879539507866263
0.28749747574054185	0.987955243722535
0.28749760258273915	0.9879565364505477
0.2874977294044458	0.9879578289707092
0.2874978562056683	0.9879591212830634
0.28749798298640394	0.9879604133876555
0.2874981097466696	0.9879617052845294
0.2874982364864582	0.9879629969737298
0.28749836320577715	0.9879642884553013
0.2874984899046376	0.9879655797292879
0.2874986165830294	0.9879668707957345
0.28749874324097285	0.9879681616546854
0.28749886987846146	0.9879694523061849
0.28749899649550853	0.9879707427502772
0.28749912309210607	0.9879720329870072
0.28749924966827234	0.9879733230164189
0.2874993762240044	0.9879746128385567
0.2874995027593057	0.987975902453465
0.2874996292741808	0.9879771918611882
0.2874997557686398	0.9879784810617707
0.28749988224268147	0.9879797700552565
0.2875000086963129	0.9879810588416901
0.28750013512953687	0.9879823474211156
0.2875002615423559	0.9879836357935776
0.287500387934778	0.9879849239591201
0.2875005143068067	0.9879862119177876
0.2875006406584483	0.987987499669624
0.2875007669897049	0.987988787214674
0.2875008933005744	0.9879900745529814
0.28750101959107327	0.9879913616845903
0.2875011458611992	0.9879926486095454
0.2875012721109617	0.9879939353278906
0.2875013983403569	0.98799522183967
0.287501524549394	0.9879965081449277
0.28750165073807277	0.9879977942437084
0.2875017769064089	0.9879990801360555
0.28750190305439244	0.9880003658220138
0.28750202918204293	0.9880016513016265
0.2875021552893489	0.9880029365749388
0.28750228137632805	0.9880042216419941
0.28750240744297667	0.9880055065028365
0.28750253348930294	0.9880067911575102
0.2875026595153042	0.9880080756060594
0.28750278552100167	0.9880093598485278
0.2875029115063817	0.9880106438849597
0.28750303747145195	0.9880119277153993
0.2875031634162252	0.9880132113398898
0.28750328934070213	0.988014494758476
0.2875034152448819	0.9880157779712018
0.2875035411287755	0.9880170609781108
0.28750366699238056	0.9880183437792472
0.2875037928357106	0.9880196263746547
0.28750391865876684	0.9880209087643774
0.28750404446154504	0.9880221909484596
0.2875041702440597	0.9880234729269447
0.2875042960063117	0.9880247546998767
0.2875044217483044	0.9880260362672995
0.2875045474700437	0.9880273176292571
0.28750467317153694	0.9880285987857932
0.2875047988527776	0.9880298797369521
0.2875049245137847	0.9880311604827768
0.2875050501545488	0.9880324410233121
0.28750517577508466	0.9880337213586009
0.2875053013753893	0.9880350014886878
0.28750542695547454	0.988036281413616
0.28750555251533977	0.9880375611334294
0.2875056780549884	0.9880388406481722
0.2875058035744276	0.9880401199578877
0.28750592907365935	0.9880413990626198
0.28750605455269174	0.9880426779624122
0.2875061800115277	0.9880439566573086
0.28750630545016465	0.988045235147353
0.2875064308686171	0.9880465134325888
0.2875065562668875	0.9880477915130597
0.28750668164497273	0.9880490693888092
0.2875068070028857	0.9880503470598815
0.2875069323406245	0.9880516245263199
0.2875070576581975	0.9880529017881683
0.28750718295560657	0.9880541788454699
0.28750730823285997	0.9880554556982685
0.28750743348995245	0.9880567323466081
0.2875075587269014	0.9880580087905316
0.2875076839437041	0.9880592850300832
0.28750780914036406	0.9880605610653062
0.28750793431688376	0.988061836896244
0.2875080594732759	0.9880631125229404
0.28750818460953714	0.9880643879454389
0.2875083097256774	0.9880656631637832
0.287508434821697	0.9880669381780163
0.28750855989760293	0.9880682129881823
0.28750868495339255	0.9880694875943242
0.28750880998907785	0.9880707619964859
0.28750893500466274	0.9880720361947104
0.28750906000014953	0.9880733101890414
0.2875091849755405	0.9880745839795229
0.2875093099308417	0.9880758575661974
0.28750943486606056	0.9880771309491088
0.28750955978119475	0.9880784041283005
0.28750968467625676	0.9880796771038157
0.2875098095512441	0.988080949875698
0.28750993440616085	0.9880822224439908
0.28751005924101497	0.9880834948087374
0.28751018405581436	0.9880847669699809
0.2875103088505533	0.9880860389277649
0.28751043362524603	0.9880873106821327
0.2875105583798866	0.9880885822331279
0.28751068311449035	0.9880898535807933
0.2875108078290524	0.9880911247251726
0.2875109325235851	0.9880923956663086
0.2875110571980887	0.9880936664042449
0.2875111818525605	0.9880949369390251
0.28751130648701523	0.988096207270692
0.28751143110145533	0.9880974773992888
0.2875115556958817	0.9880987473248588
0.2875116802702994	0.9881000170474454
0.28751180482471433	0.9881012865670917
0.28751192935912856	0.9881025558838409
0.28751205387355044	0.9881038249977361
0.2875121783679831	0.9881050939088203
0.28751230284241985	0.9881063626171375
0.2875124272968891	0.9881076311227295
0.2875125517313718	0.9881088994256406
0.2875126761458785	0.9881101675259135
0.28751280054041817	0.9881114354235913
0.2875129249149958	0.9881127031187168
0.2875130492696121	0.9881139706113337
0.2875131736042674	0.9881152379014847
0.2875132979189759	0.9881165049892129
0.2875134222137295	0.9881177718745616
0.2875135464885434	0.9881190385575734
0.2875136707434228	0.9881203050382916
0.28751379497835833	0.9881215713167594
0.2875139191933671	0.9881228373930194
0.2875140433884488	0.9881241032671149
0.2875141675636069	0.9881253689390888
0.2875142917188489	0.9881266344089841
0.28751441585417525	0.9881278996768436
0.2875145399695917	0.9881291647427104
0.2875146640651081	0.9881304296066273
0.2875147881407138	0.9881316942686379
0.28751491219643294	0.988132958728784
0.28751503623225066	0.9881342229871094
0.2875151602481869	0.9881354870436565
0.28751528424423584	0.9881367508984683
0.28751540822040095	0.9881380145515881
0.28751553217669246	0.9881392780030581
0.2875156561131176	0.9881405412529215
0.28751578002967404	0.9881418043012211
0.28751590392636883	0.9881430671479998
0.287516027803198	0.9881443297933004
0.28751615166017785	0.9881455922371651
0.28751627549730824	0.9881468544796377
0.2875163993145887	0.9881481165207604
0.2875165231120299	0.9881493783605763
0.2875166468896324	0.9881506399991277
0.28751677064740655	0.9881519014364576
0.2875168943853486	0.9881531626726087
0.28751701810346597	0.9881544237076239
0.2875171418017587	0.9881556845415457
0.28751726548024187	0.9881569451744167
0.28751738913890873	0.9881582056062799
0.28751751277777	0.9881594658371778
0.28751763639682937	0.9881607258671532
0.2875177599960851	0.9881619856962486
0.28751788357554614	0.988163245324507
0.2875180071352186	0.9881645047519704
0.28751813067510296	0.9881657639786816
0.28751825419520505	0.988167023004684
0.28751837769553057	0.9881682818300191
0.28751850117608097	0.9881695404547302
0.2875186246368617	0.9881707988788594
0.28751874807787664	0.9881720571024497
0.2875188714991269	0.9881733151255435
0.2875189949006243	0.9881745729481832
0.2875191182823723	0.9881758305704115
0.28751924164436615	0.9881770879922709
0.2875193649866133	0.9881783452138041
0.2875194883091248	0.988179602235053
0.2875196116119011	0.9881808590560607
0.2875197348949449	0.9881821156768694
0.28751985815825765	0.9881833720975217
0.28751998140185275	0.9881846283180599
0.28752010462572186	0.9881858843385266
0.2875202278298767	0.988187140158964
0.28752035101432627	0.9881883957794148
0.2875204741790672	0.9881896511999212
0.2875205973241013	0.9881909064205258
0.28752072044944277	0.9881921614412706
0.2875208435550876	0.9881934162621984
0.2875209666410415	0.9881946708833514
0.28752108970731255	0.9881959253047721
0.28752121275390063	0.9881971795265025
0.28752133578081374	0.9881984335485853
0.28752145878805413	0.9881996873710625
0.2875215817756213	0.9882009409939767
0.2875217047435295	0.9882021944173698
0.28752182769177115	0.9882034476412846
0.287521950620359	0.9882047006657632
0.28752207352929865	0.9882059534908476
0.2875221964185876	0.9882072061165802
0.28752231928823	0.9882084585430034
0.2875224421382339	0.9882097107701592
0.2875225649686058	0.9882109627980901
0.28752268777934403	0.9882122146268381
0.28752281057045753	0.9882134662564453
0.28752293334194706	0.9882147176869539
0.2875230560938187	0.9882159689184066
0.28752317882607553	0.9882172199508449
0.28752330153871797	0.9882184707843112
0.28752342423176247	0.9882197214188476
0.28752354690519816	0.9882209718544963
0.28752366955903996	0.9882222220912996
0.28752379219328905	0.9882234721292994
0.28752391480794504	0.9882247219685378
0.28752403740301563	0.9882259716090567
0.28752415997850833	0.9882272210508986
0.2875242825344266	0.9882284702941049
0.28752440507076665	0.9882297193387185
0.2875245275875398	0.9882309681847807
0.2875246500847518	0.9882322168323342
0.2875247725624012	0.9882334652814203
0.2875248950204963	0.9882347135320817
0.2875250174590381	0.9882359615843599
0.287525139878029	0.9882372094382974
0.287525262277481	0.9882384570939353
0.28752538465739197	0.9882397045513164
0.2875255070177653	0.9882409518104824
0.2875256293586152	0.988242198871475
0.2875257516799311	0.9882434457343364
0.28752587398172685	0.9882446923991084
0.28752599626400804	0.9882459388658329
0.28752611852676635	0.9882471851345522
0.2875262407700182	0.9882484312053076
0.28752636299376855	0.9882496770781409
0.2875264851980103	0.9882509227530947
0.28752660738275776	0.9882521682302102
0.2875267295480117	0.9882534135095297
0.28752685169377257	0.9882546585910945
0.28752697382005044	0.9882559034749467
0.2875270959268482	0.9882571481611285
0.2875272180141675	0.988258392649681
0.2875273400820164	0.9882596369406463
0.2875274621303935	0.9882608810340665
0.28752758415930113	0.9882621249299829
0.28752770616875684	0.9882633686284372
0.28752782815875855	0.9882646121294713
0.28752795012929894	0.9882658554331273
0.28752807208039627	0.9882670985394463
0.28752819401204555	0.9882683414484704
0.28752831592426203	0.9882695841602412
0.287528437817035	0.9882708266748006
0.2875285596903837	0.9882720689921897
0.2875286815442984	0.988273311112451
0.28752880337879255	0.988274553035625
0.2875289251938686	0.9882757947617545
0.2875290469895273	0.9882770362908806
0.287529168765775	0.988278277623045
0.2875292905226219	0.9882795187582892
0.28752941226005735	0.988280759696655
0.2875295339781011	0.9882820004381837
0.2875296556767463	0.9882832409829173
0.28752977735600144	0.988284481330897
0.28752989901587184	0.9882857214821644
0.2875300206563614	0.988286961436761
0.2875301422774699	0.9882882011947288
0.28753026387920916	0.9882894407561089
0.28753038546157317	0.9882906801209427
0.28753050702457483	0.9882919192892718
0.2875306285682148	0.9882931582611383
0.28753075009249607	0.9882943970365827
0.28753087159742313	0.9882956356156472
0.2875309930830042	0.9882968739983726
0.28753111454923674	0.9882981121848012
0.2875312359961286	0.9882993501749736
0.28753135742368385	0.9883005879689318
0.28753147883191016	0.9883018255667168
0.28753160022080704	0.9883030629683702
0.287531721590378	0.9883043001739338
0.2875318429406263	0.9883055371834483
0.2875319642715592	0.9883067739969552
0.2875320855831826	0.9883080106144964
0.287532206875498	0.9883092470361123
0.28753232814850277	0.9883104832618452
0.28753244940221595	0.9883117192917359
0.28753257063662635	0.9883129551258258
0.28753269185174873	0.9883141907641564
0.2875328130475786	0.9883154262067689
0.2875329342241344	0.988316661453704
0.28753305538140456	0.9883178965050039
0.2875331765193991	0.9883191313607095
0.28753329763812524	0.9883203660208617
0.28753341873758054	0.9883216004855021
0.2875335398177733	0.9883228347546721
0.28753366087871174	0.9883240688284124
0.2875337819203888	0.9883253027067648
0.287533902942818	0.98832653638977
0.28753402394600025	0.9883277698774692
0.2875341449299391	0.9883290031699039
0.28753426589464076	0.988330236267115
0.28753438684010585	0.988331469169144
0.28753450776634015	0.9883327018760318
0.28753462867335233	0.9883339343878194
0.28753474956113706	0.9883351667045478
0.28753487042970666	0.9883363988262587
0.2875349912790597	0.9883376307529927
0.2875351121092028	0.9883388624847912
0.28753523292013977	0.988340094021695
0.2875353537118797	0.9883413253637452
0.28753547448441796	0.9883425565109831
0.2875355952377633	0.9883437874634495
0.28753571597191757	0.9883450182211855
0.28753583668688537	0.9883462487842322
0.28753595738267096	0.9883474791526305
0.28753607805927994	0.9883487093264216
0.28753619871671926	0.9883499393056463
0.2875363193549859	0.9883511690903454
0.2875364399740824	0.9883523986805605
0.2875365605740234	0.9883536280763318
0.2875366811548084	0.9883548572777004
0.2875368017164353	0.9883560862847081
0.2875369222589184	0.9883573150973947
0.2875370427822555	0.9883585437158015
0.2875371632864495	0.9883597721399697
0.28753728377150345	0.9883610003699399
0.2875374042374283	0.988362228405753
0.28753752468422406	0.98836345624745
0.28753764511189456	0.9883646838950717
0.2875377655204422	0.9883659113486589
0.28753788590987756	0.9883671386082524
0.2875380062801945	0.9883683656738933
0.2875381266314102	0.988369592545622
0.28753824696351543	0.9883708192234798
0.2875383672765231	0.988372045707507
0.2875384875704292	0.9883732719977447
0.2875386078452463	0.9883744980942335
0.2875387281009744	0.9883757239970145
0.28753884833761884	0.9883769497061282
0.2875389685551834	0.9883781752216151
0.28753908875367057	0.9883794005435161
0.2875392089330866	0.9883806256718722
0.28753932909343505	0.9883818506067241
0.287539449234715	0.9883830753481122
0.2875395693569394	0.9883842998960772
0.28753968946010444	0.9883855242506598
0.28753980954421854	0.9883867484119008
0.28753992960928454	0.9883879723798411
0.28754004965530366	0.9883891961545207
0.2875401696822869	0.9883904197359809
0.2875402896902338	0.9883916431242619
0.2875404096791509	0.9883928663194043
0.28754052964903615	0.988394089321449
0.28754064959989856	0.9883953121304362
0.28754076953173713	0.9883965347464071
0.28754088944456213	0.9883977571694017
0.28754100933837917	0.9883989793994606
0.287541129213183	0.9884002014366248
0.28754124906898737	0.9884014232809343
0.2875413689057867	0.98840264493243
0.2875414887235945	0.9884038663911522
0.2875416085224104	0.9884050876571415
0.2875417283022394	0.9884063087304386
0.2875418480630809	0.9884075296110836
0.28754196780494107	0.9884087502991172
0.28754208752783417	0.9884099707945797
0.2875422072317495	0.9884111910975119
0.28754232691669557	0.9884124112079539
0.2875424465826822	0.9884136311259464
0.28754256622970514	0.9884148508515296
0.28754268585777537	0.988416070384744
0.287542805466894	0.9884172897256299
0.28754292505705764	0.9884185088742282
0.2875430446282854	0.9884197278305785
0.2875431641805722	0.9884209465947216
0.2875432837139229	0.9884221651666978
0.2875434032283421	0.9884233835465475
0.28754352272382866	0.9884246017343109
0.2875436422003994	0.9884258197300286
0.28754376165804474	0.9884270375337406
0.28754388109677703	0.9884282551454876
0.28754400051659607	0.9884294725653092
0.28754411991750845	0.9884306897932466
0.28754423929951645	0.9884319068293392
0.2875443586626237	0.9884331236736281
0.2875444780068364	0.9884343403261528
0.2875445973321564	0.988435556786954
0.28754471663858844	0.9884367730560718
0.2875448359261423	0.9884379891335464
0.28754495519480994	0.988439205019418
0.28754507444460514	0.9884404207137266
0.2875451936755251	0.988441636216513
0.28754531288757795	0.988442851527817
0.287545432080766	0.9884440666476787
0.28754555125509434	0.9884452815761383
0.2875456704105693	0.9884464963132361
0.2875457895471901	0.9884477108590122
0.2875459086649684	0.9884489252135064
0.28754602776389615	0.9884501393767592
0.2875461468439876	0.9884513533488106
0.28754626590523724	0.9884525671297006
0.2875463849476617	0.9884537807194694
0.28754650397125403	0.9884549941181571
0.2875466229760222	0.9884562073258036
0.28754674196197133	0.9884574203424494
0.28754686092910375	0.9884586331681338
0.2875469798774257	0.9884598458028974
0.2875470988069365	0.9884610582467802
0.28754721771764624	0.9884622704998217
0.28754733660955256	0.9884634825620626
0.2875474554826627	0.9884646944335425
0.28754757433697936	0.9884659061143014
0.28754769317251233	0.9884671176043793
0.28754781198925866	0.9884683289038163
0.28754793078722224	0.9884695400126521
0.2875480495664124	0.9884707509309267
0.28754816832682717	0.9884719616586801
0.28754828706847285	0.9884731721959527
0.28754840579135277	0.9884743825427835
0.2875485244954786	0.9884755926992127
0.28754864318084367	0.9884768026652806
0.2875487618474551	0.9884780124410267
0.2875488804953144	0.9884792220264912
0.28754899912443266	0.9884804314217132
0.2875491177348111	0.9884816406267334
0.28754923632645213	0.9884828496415913
0.2875493548993582	0.9884840584663264
0.28754947345353554	0.9884852671009791
0.28754959198898505	0.988486475545589
0.2875497105057183	0.9884876838001957
0.28754982900372744	0.9884888918648392
0.2875499474830309	0.988490099739559
0.2875500659436191	0.9884913074243953
0.2875501843855087	0.9884925149193872
0.28755030280868876	0.9884937222245753
0.28755042121317137	0.9884949293399987
0.2875505395989674	0.9884961362656971
0.2875506579660724	0.9884973430017105
0.28755077631448556	0.9884985495480786
0.2875508946442216	0.988499755904841
0.28755101295527696	0.9885009620720373
0.28755113124765896	0.9885021680497074
0.2875512495213679	0.9885033738378906
0.28755136777641377	0.9885045794366267
0.2875514860127952	0.9885057848459556
0.2875516042305205	0.9885069900659167
0.28755172242959365	0.9885081950965495
0.2875518406100129	0.9885093999378938
0.2875519587717889	0.9885106045899889
0.2875520769149156	0.988511809052875
0.28755219503940893	0.988513013326591
0.2875523131452682	0.9885142174111768
0.2875524312324964	0.988515421306672
0.287552549301094	0.988516625013116
0.28755266735106805	0.9885178285305485
0.28755278538242707	0.9885190318590088
0.2875529033951667	0.9885202349985366
0.28755302138929933	0.9885214379491715
0.28755313936482046	0.9885226407109525
0.28755325732174075	0.9885238432839194
0.2875533752600597	0.9885250456681122
0.28755349317978207	0.9885262478635694
0.2875536110809182	0.9885274498703308
0.28755372896346304	0.988528651688436
0.28755384682742235	0.9885298533179246
0.28755396467280475	0.9885310547588356
0.28755408249960746	0.9885322560112086
0.2875542003078416	0.9885334570750831
0.2875543180975042	0.9885346579504983
0.28755443586860463	0.9885358586374938
0.28755455362114385	0.9885370591361089
0.2875546713551283	0.9885382594463826
0.28755478907055443	0.988539459568355
0.2875549067674368	0.9885406595020647
0.28755502444577025	0.9885418592475513
0.28755514210556476	0.9885430588048542
0.2875552597468235	0.9885442581740126
0.2875553773695464	0.9885454573550658
0.2875554949737417	0.9885466563480533
0.2875556125594108	0.9885478551530141
0.28755573012655883	0.9885490537699876
0.28755584767518955	0.9885502521990128
0.28755596520530374	0.9885514504401295
0.2875560827169162	0.9885526484933763
0.2875562002100133	0.9885538463587932
0.2875563176846125	0.9885550440364185
0.287556435140707	0.9885562415262923
0.2875565525783152	0.9885574388284529
0.2875566699974287	0.9885586359429401
0.2875567873980587	0.988559832869793
0.2875569047802064	0.9885610296090507
0.28755702214387285	0.9885622261607523
0.2875571394890647	0.988563422524937
0.2875572568157841	0.9885646187016437
0.28755737412403726	0.9885658146909122
0.28755749141382636	0.9885670104927806
0.2875576086851573	0.9885682061072889
0.28755772593803186	0.9885694015344756
0.28755784317245586	0.9885705967743804
0.28755796038842935	0.9885717918270419
0.2875580775859593	0.988572986692499
0.28755819476505534	0.9885741813707913
0.2875583119257115	0.9885753758619573
0.2875584290679345	0.9885765701660365
0.28755854619172644	0.9885777642830678
0.2875586632970965	0.9885789582130902
0.2875587803840453	0.9885801519561424
0.2875588974525733	0.9885813455122636
0.28755901450269206	0.988582538881493
0.28755913153440454	0.9885837320638691
0.2875592485477053	0.9885849250594315
0.2875593655426112	0.9885861178682185
0.2875594825191135	0.9885873104902694
0.2875595994772261	0.9885885029256232
0.28755971641694844	0.9885896951743184
0.2875598333382815	0.9885908872363945
0.2875599502412343	0.9885920791118901
0.2875600671258091	0.9885932708008438
0.2875601839920076	0.988594462303295
0.2875603008398387	0.9885956536192823
0.2875604176693011	0.9885968447488446
0.2875605344804007	0.9885980356920206
0.2875606512731444	0.9885992264488495
0.28756076804753067	0.9886004170193696
0.28756088480355924	0.9886016074036205
0.28756100154124664	0.9886027976016402
0.2875611182605895	0.988603987613468
0.28756123496159147	0.9886051774391422
0.2875613516442573	0.9886063670787024
0.287561468308596	0.9886075565321865
0.2875615849545981	0.9886087457996339
0.2875617015822836	0.9886099348810828
0.2875618181916414	0.9886111237765726
0.28756193478268544	0.9886123124861415
0.28756205135541857	0.9886135010098284
0.2875621679098391	0.988614689347672
0.2875622844459551	0.9886158774997109
0.28756240096377034	0.9886170654659838
0.2875625174632869	0.9886182532465297
0.2875626339445127	0.9886194408413868
0.28756275040744256	0.9886206282505939
0.2875628668520909	0.9886218154741899
0.28756298327845675	0.9886230025122132
0.28756309968654303	0.9886241893647026
0.287563216076354	0.9886253760316966
0.28756333244789517	0.9886265625132338
0.2875634488011707	0.9886277488093527
0.28756356513617737	0.9886289349200922
0.2875636814529302	0.9886301208454904
0.28756379775142443	0.9886313065855865
0.2875639140316692	0.9886324921404184
0.2875640302936651	0.9886336775100253
0.28756414653741547	0.9886348626944449
0.28756426276292896	0.9886360476937167
0.28756437897020165	0.9886372325078785
0.2875644951592449	0.9886384171369692
0.2875646113300573	0.9886396015810271
0.28756472748264283	0.9886407858400907
0.2875648436170139	0.9886419699141984
0.2875649597331603	0.9886431538033891
0.28756507583109553	0.9886443375077008
0.2875651919108232	0.9886455210271717
0.28756530797234253	0.988646704361841
0.28756542401566104	0.9886478875117468
0.28756554004078055	0.9886490704769273
0.28756565604770407	0.9886502532574212
0.28756577203643746	0.9886514358532668
0.28756588800698635	0.9886526182645022
0.28756600395935056	0.9886538004911664
0.28756611989353276	0.9886549825332972
0.28756623580953955	0.9886561643909332
0.28756635170737754	0.9886573460641129
0.2875664675870476	0.9886585275528743
0.28756658344855457	0.9886597088572558
0.2875666992919003	0.988660889977296
0.28756681511708254	0.9886620709130332
0.28756693092412133	0.988663251664505
0.2875670467130041	0.9886644322317505
0.2875671624837465	0.9886656126148076
0.28756727823634276	0.9886667928137148
0.2875673939708082	0.98866797282851
0.28756750968713407	0.9886691526592318
0.28756762538533126	0.9886703323059183
0.2875677410654048	0.9886715117686077
0.287567856727354	0.9886726910473381
0.287567972371181	0.9886738701421481
0.28756808799689876	0.9886750490530755
0.2875682036045036	0.9886762277801587
0.28756831919399845	0.9886774063234358
0.28756843476539334	0.9886785846829448
0.28756855031868267	0.9886797628587245
0.28756866585388463	0.9886809408508123
0.2875687813709876	0.9886821186592467
0.28756889687000686	0.9886832962840657
0.2875690123509361	0.9886844737253077
0.2875691278137889	0.9886856509830104
0.2875692432585617	0.9886868280572123
0.2875693586852635	0.9886880049479511
0.2875694740938947	0.9886891816552652
0.28756958948445843	0.9886903581791925
0.28756970485696615	0.9886915345197709
0.2875698202114066	0.9886927106770391
0.2875699355478009	0.9886938866510343
0.2875700508661375	0.9886950624417952
0.28757016616642894	0.9886962380493595
0.28757028144867885	0.9886974134737652
0.2875703967128882	0.9886985887150503
0.2875705119590604	0.9886997637732531
0.28757062718720333	0.9887009386484111
0.2875707423973201	0.9887021133405626
0.28757085758941114	0.9887032878497456
0.2875709727634795	0.9887044621759977
0.28757108791952524	0.9887056363193574
0.28757120305756545	0.988706810279862
0.28757131817759846	0.9887079840575499
0.2875714332796212	0.9887091576524586
0.28757154836364324	0.9887103310646265
0.28757166342966684	0.9887115042940913
0.28757177847769855	0.9887126773408904
0.28757189350773465	0.9887138502050625
0.2875720085197913	0.988715022886645
0.2875721235138577	0.9887161953856758
0.2875722384899481	0.9887173677021928
0.2875723534480615	0.9887185398362337
0.2875724683882077	0.9887197117878362
0.28757258331037816	0.9887208835570388
0.2875726982145883	0.9887220551438787
0.28757281310083777	0.9887232265483937
0.2875729279691276	0.9887243977706217
0.2875730428194685	0.9887255688106006
0.2875731576518598	0.988726739668368
0.28757327246630354	0.9887279103439618
0.28757338726280596	0.9887290808374196
0.2875735020413687	0.9887302511487794
0.2875736168019992	0.9887314212780787
0.2875737315446962	0.9887325912253552
0.287573846269468	0.9887337609906465
0.287573960976319	0.9887349305739906
0.28757407566524873	0.9887360999754248
0.28757419033626264	0.9887372691949874
0.2875743049893616	0.9887384382327157
0.28757441962455493	0.988739607088647
0.28757453424184193	0.9887407757628197
0.2875746488412345	0.9887419442552707
0.2875747634227203	0.9887431125660382
0.2875748779863182	0.9887442806951595
0.28757499253202395	0.9887454486426726
0.2875751070598491	0.9887466164086144
0.28757522156978377	0.9887477839930231
0.2875753360618446	0.988748951395936
0.28757545053603	0.9887501186173908
0.28757556499234677	0.988751285657425
0.28757567943079415	0.988752452516076
0.2875757938513774	0.9887536191933817
0.2875759082541026	0.9887547856893794
0.2875760226389705	0.9887559520041066
0.2875761370059828	0.988757118137601
0.2875762513551526	0.9887582840898999
0.2875763656864715	0.9887594498610409
0.28757647999995095	0.9887606154510615
0.2875765942955965	0.9887617808599991
0.2875767085734038	0.9887629460878912
0.2875768228333823	0.9887641111347751
0.2875769370755303	0.9887652760006886
0.2875770512998599	0.9887664406856691
0.2875771655063704	0.9887676051897536
0.2875772796950625	0.9887687695129799
0.2875773938659481	0.9887699336553852
0.2875775080190217	0.988771097617007
0.2875776221542951	0.9887722613978825
0.28757773627176264	0.9887734249980495
0.2875778503714371	0.9887745884175451
0.2875779644533199	0.9887757516564065
0.28757807851740647	0.9887769147146714
0.2875781925637092	0.988778077592377
0.28757830659223477	0.9887792402895604
0.28757842060297834	0.9887804028062593
0.28757853459594906	0.9887815651425107
0.2875786485711433	0.9887827272983521
0.28757876252858006	0.9887838892738207
0.28757887646824537	0.9887850510689538
0.28757899039015655	0.9887862126837884
0.2875791042943052	0.9887873741183625
0.28757921818070403	0.9887885353727127
0.2875793320493558	0.9887896964468762
0.2875794459002588	0.9887908573408908
0.2875795597334269	0.9887920180547933
0.28757967354884667	0.9887931785886209
0.28757978734654327	0.9887943389424111
0.2875799011264988	0.9887954991162007
0.2875800148887394	0.9887966591100271
0.2875801286332499	0.9887978189239275
0.287580242360042	0.9887989785579392
0.28758035606911586	0.988800138012099
0.2875804697604815	0.9888012972864445
0.287580583434139	0.9888024563810122
0.28758069709008943	0.9888036152958397
0.28758081072834407	0.988804774030964
0.2875809243488939	0.9888059325864224
0.28758103795175255	0.9888070909622517
0.28758115153692665	0.9888082491584891
0.28758126510440674	0.9888094071751719
0.2875813786542063	0.9888105650123368
0.28758149218633133	0.9888117226700209
0.287581605700778	0.9888128801482615
0.28758171919755204	0.9888140374470954
0.2875818326766578	0.9888151945665602
0.2875819461381068	0.9888163515066919
0.28758205958188715	0.9888175082675286
0.28758217300801014	0.9888186648491064
0.2875822864164825	0.9888198212514628
0.28758239980730355	0.9888209774746347
0.2875825131804813	0.9888221335186591
0.2875826265360164	0.9888232893835729
0.2875827398739121	0.988824445069413
0.28758285319417176	0.9888256005762165
0.28758296649680126	0.9888267559040204
0.28758307978180375	0.9888279110528612
0.2875831930491835	0.9888290660227761
0.2875833062989389	0.9888302208138023
0.2875834195310785	0.9888313754259763
0.2875835327456047	0.988832529859335
0.2875836459425271	0.9888336841139154
0.2875837591218395	0.9888348381897542
0.2875838722835496	0.9888359920868889
0.28758398542766106	0.9888371458053553
0.28758409855417566	0.9888382993451911
0.287584211663104	0.9888394527064328
0.28758432475444484	0.988840605889117
0.28758443782819676	0.9888417588932811
0.28758455088437573	0.9888429117189615
0.2875846639229715	0.9888440643661951
0.2875847769439982	0.9888452168350186
0.2875848899474541	0.9888463691254691
0.287585002933343	0.9888475212375827
0.2875851159016701	0.9888486731713968
0.2875852288524403	0.9888498249269478
0.28758534178565875	0.9888509765042724
0.28758545470132	0.9888521279034077
0.28758556759943893	0.9888532791243901
0.28758568048000993	0.9888544301672566
0.2875857933430461	0.9888555810320435
0.2875859061885403	0.9888567317187877
0.2875860190165039	0.9888578822275259
0.2875861318269424	0.9888590325582945
0.2875862446198497	0.9888601827111309
0.28758635739523547	0.9888613326860709
0.2875864701531062	0.9888624824831517
0.2875865828934584	0.9888636321024096
0.28758669561630124	0.9888647815438816
0.2875868083216338	0.9888659308076035
0.287586921009468	0.9888670798936131
0.2875870336797997	0.988868228801946
0.287587146332632	0.9888693775326395
0.2875872589679749	0.9888705260857297
0.28758737158582687	0.9888716744612533
0.28758748418619345	0.9888728226592467
0.28758759676907575	0.9888739706797469
0.2875877093344819	0.98887511852279
0.28758782188241283	0.9888762661884127
0.28758793441287644	0.9888774136766515
0.2875880469258661	0.988878560987543
0.28758815942139243	0.9888797081211238
0.2875882718994587	0.9888808550774302
0.2875883843600694	0.9888820018564982
0.2875884968032291	0.9888831484583652
0.28758860922893636	0.9888842948830672
0.2875887216371954	0.9888854411306407
0.28758883402801455	0.9888865872011222
0.2875889464013979	0.9888877330945479
0.28758905875734214	0.9888888788109544
0.28758917109585375	0.9888900243503782
0.28758928341694084	0.9888911697128558
0.28758939572060105	0.9888923148984234
0.287589508006845	0.9888934599071172
0.28758962027566887	0.988894604738974
0.28758973252707853	0.98889574939403
0.2875898447610756	0.9888968938723215
0.28758995697767026	0.988898038173885
0.2875900691768668	0.9888991822987564
0.2875901813586562	0.9889003262469727
0.2875902935230499	0.9889014700185699
0.28759040567005445	0.9889026136135842
0.2875905177996708	0.9889037570320521
0.28759062991190265	0.9889049002740097
0.28759074200675355	0.9889060433394934
0.28759085408422824	0.9889071862285395
0.2875909661443229	0.9889083289411845
0.2875910781870551	0.988909471477464
0.2875911902124163	0.9889106138374149
0.2875913022204109	0.9889117560210731
0.2875914142110505	0.9889128980284752
0.2875915261843362	0.988914039859657
0.287591638140262	0.9889151815146549
0.28759175007884336	0.9889163229935048
0.2875918620000826	0.9889174642962434
0.2875919739039733	0.9889186054229069
0.2875920857905319	0.9889197463735308
0.2875921976597519	0.9889208871481519
0.2875923095116452	0.988922027746806
0.2875924213462078	0.9889231681695296
0.2875925331634486	0.9889243084163584
0.28759264496336756	0.9889254484873291
0.2875927567459705	0.9889265883824773
0.2875928685112572	0.9889277281018394
0.2875929802592419	0.9889288676454511
0.2875930919899155	0.9889300070133493
0.2875932037032876	0.9889311462055691
0.28759331539936045	0.9889322852221473
0.2875934270781405	0.9889334240631197
0.2875935387396255	0.9889345627285224
0.28759365038382306	0.9889357012183914
0.28759376201073644	0.9889368395327627
0.28759387362036876	0.9889379776716724
0.287593985212726	0.9889391156351566
0.28759409678780795	0.988940253423251
0.28759420834561605	0.9889413910359922
0.28759431988616446	0.9889425284734153
0.2875944314094442	0.9889436657355571
0.2875945429154648	0.9889448028224533
0.28759465440423304	0.9889459397341397
0.2875947658757481	0.9889470764706523
0.2875948773300121	0.9889482130320272
0.2875949887670326	0.9889493494183004
0.2875951001868087	0.9889504856295075
0.28759521158934787	0.9889516216656846
0.28759532297465595	0.9889527575268677
0.2875954343427301	0.9889538932130928
0.2875955456935761	0.9889550287243951
0.28759565702719797	0.9889561640608113
0.2875957683436012	0.9889572992223771
0.2875958796427839	0.9889584342091279
0.28759599092475846	0.9889595690211
0.2875961021895229	0.9889607036583291
0.28759621343707487	0.9889618381208511
0.28759632466743085	0.9889629724087016
0.2875964358805811	0.9889641065219169
0.2875965470765389	0.9889652404605321
0.28759665825530745	0.9889663742245837
0.2875967694168896	0.9889675078141068
0.2875968805612839	0.9889686412291379
0.28759699168849157	0.9889697744697123
0.2875971027985254	0.9889709075358659
0.287597213891385	0.9889720404276344
0.2875973249670785	0.9889731731450536
0.28759743602559656	0.9889743056881594
0.28759754706695295	0.9889754380569873
0.2875976580911496	0.988976570251573
0.28759776909819296	0.988977702271952
0.2875978800880759	0.9889788341181607
0.2875979910608205	0.9889799657902338
0.28759810201640945	0.988981097288208
0.28759821295486016	0.9889822286121183
0.28759832387616807	0.9889833597620008
0.2875984347803461	0.9889844907378907
0.2875985456673909	0.9889856215398237
0.28759865653730926	0.9889867521678356
0.2875987673900948	0.9889878826219624
0.2875988782257657	0.9889890129022391
0.28759898904431375	0.9889901430087015
0.287599099845757	0.988991272941385
0.28759921063007976	0.9889924027003257
0.28759932139729694	0.9889935322855591
0.2875994321474115	0.9889946616971204
0.28759954288042644	0.988995790935045
0.28759965359634454	0.988996919999369
0.2875997642951671	0.9889980488901279
0.28759987497690537	0.9889991776073567
0.2875999856415546	0.9890003061510915
0.287600096289123	0.9890014345213676
0.28760020691961274	0.9890025627182205
0.28760031753302157	0.9890036907416855
0.28760042812936465	0.9890048185917983
0.28760053870863656	0.9890059462685946
0.2876006492708391	0.9890070737721096
0.28760075981598704	0.9890082011023786
0.2876008703440717	0.9890093282594373
0.2876009808551076	0.9890104552433211
0.2876010913490873	0.9890115820540655
0.28760120182602084	0.9890127086917059
0.28760131228591207	0.9890138351562773
0.287601422728762	0.9890149614478158
0.287601533154573	0.9890160875663563
0.2876016435633515	0.9890172135119345
0.2876017539551011	0.9890183392845856
0.2876018643298238	0.9890194648843448
0.2876019746875228	0.989020590311248
0.28760208502820717	0.9890217155653298
0.28760219535187115	0.9890228406466263
0.28760230565852213	0.9890239655551724
0.2876024159481659	0.9890250902910033
0.28760252622080207	0.9890262148541547
0.28760263647643924	0.9890273392446618
0.2876027467150711	0.9890284634625598
0.2876028569367146	0.989029587507884
0.2876029671413676	0.9890307113806696
0.2876030773290279	0.9890318350809522
0.28760318749970915	0.9890329586087667
0.287603297653403	0.9890340819641484
0.2876034077901244	0.9890352051471328
0.2876035179098692	0.989036328157755
0.28760362801264333	0.9890374509960499
0.28760373809845263	0.9890385736620533
0.2876038481672984	0.9890396961557999
0.2876039582191804	0.9890408184773255
0.2876040682541055	0.9890419406266646
0.2876041782720835	0.9890430626038528
0.28760428827310647	0.989044184408925
0.287604398257184	0.9890453060419168
0.28760450822432243	0.9890464275028628
0.2876046181745224	0.9890475487917983
0.28760472810777976	0.9890486699087593
0.28760483802410663	0.9890497908537794
0.287604947923509	0.9890509116268947
0.28760505780598394	0.9890520322281403
0.28760516767153294	0.9890531526575512
0.2876052775201703	0.9890542729151622
0.2876053873518885	0.9890553930010085
0.28760549716669737	0.9890565129151255
0.28760560696459925	0.9890576326575476
0.28760571674559504	0.989058752228311
0.2876058265096868	0.9890598716274497
0.2876059362568869	0.9890609908549989
0.28760604598718853	0.9890621099109937
0.28760615570060216	0.9890632287954696
0.2876062653971282	0.989064347508461
0.28760637507677245	0.9890654660500031
0.28760648473952916	0.9890665844201311
0.2876065943854173	0.9890677026188798
0.2876067040144292	0.989068820646284
0.2876068136265735	0.989069938502379
0.2876069232218451	0.9890710561871995
0.28760703280026273	0.9890721737007805
0.2876071423618138	0.9890732910431573
0.2876072519065108	0.9890744082143642
0.2876073614343572	0.9890755252144364
0.2876074709453505	0.9890766420434093
0.28760758043950413	0.989077758701317
0.28760768991680963	0.9890788751881949
0.28760779937728026	0.9890799915040777
0.2876079088209159	0.9890811076490003
0.2876080182477179	0.9890822236229978
0.2876081276576905	0.9890833394261046
0.2876082370508421	0.9890844550583558
0.2876083464271692	0.9890855705197865
0.28760845578667865	0.989086685810431
0.2876085651293726	0.9890878009303246
0.28760867445526045	0.9890889158795018
0.28760878376433546	0.9890900306579976
0.2876088930566068	0.9890911452658467
0.28760900233207776	0.9890922597030839
0.2876091115907558	0.989093373969744
0.2876092208326322	0.9890944880658619
0.2876093300577245	0.989095601991472
0.28760943926602667	0.9890967157466093
0.28760954845754727	0.9890978293313086
0.2876096576322844	0.9890989427456046
0.2876097667902493	0.9891000559895317
0.2876098759314399	0.989101169063125
0.2876099850558583	0.9891022819664194
0.2876100941635126	0.9891033946994492
0.28761020325440323	0.9891045072622491
0.28761031232853207	0.989105619654854
0.28761042138590814	0.9891067318772984
0.28761053042653023	0.989107843929617
0.28761063945040416	0.9891089558118444
0.28761074845752993	0.9891100675240155
0.2876108574479147	0.9891111790661649
0.28761096642156103	0.9891122904383267
0.287611075378473	0.9891134016405363
0.28761118431865007	0.9891145126728275
0.28761129324210327	0.9891156235352356
0.2876114021488261	0.9891167342277949
0.28761151103883226	0.98911784475054
0.28761161991211204	0.9891189551035057
0.28761172876868046	0.9891200652867261
0.2876118376085422	0.9891211753002361
0.28761194643169297	0.9891222851440702
0.2876120552381372	0.9891233948182627
0.2876121640278822	0.9891245043228487
0.28761227280092777	0.9891256136578621
0.2876123815572795	0.989126722823338
0.28761249029694125	0.9891278318193103
0.2876125990199141	0.9891289406458139
0.2876127077262046	0.9891300493028828
0.28761281641581066	0.9891311577905525
0.28761292508874164	0.9891322661088566
0.2876130337449994	0.9891333742578297
0.2876131423845889	0.9891344822375063
0.2876132510075058	0.9891355900479208
0.28761335961376205	0.9891366976891081
0.28761346820336214	0.9891378051611018
0.28761357677629706	0.989138912463937
0.2876136853325814	0.9891400195976482
0.28761379387221775	0.989141126562269
0.2876139023952057	0.9891422333578346
0.2876140109015505	0.989143339984379
0.287614119391256	0.9891444464419368
0.2876142278643228	0.9891455527305419
0.28761433632076194	0.9891466588502289
0.28761444476056786	0.9891477648010324
0.2876145531837454	0.9891488705829866
0.2876146615903051	0.9891499761961257
0.2876147699802382	0.9891510816404843
0.2876148783535625	0.9891521869160962
0.2876149867102719	0.9891532920229963
0.28761509505037075	0.9891543969612185
0.287615203373863	0.9891555017307974
0.2876153116807571	0.9891566063317667
0.28761541997104806	0.9891577107641614
0.2876155282447456	0.9891588150280154
0.2876156365018489	0.9891599191233629
0.28761574474235857	0.9891610230502383
0.2876158529662898	0.9891621268086758
0.28761596117363997	0.9891632303987095
0.28761606936440787	0.9891643338203736
0.2876161775386025	0.9891654370737025
0.2876162856962253	0.9891665401587305
0.28761639383727183	0.9891676430754915
0.287616501961764	0.9891687458240198
0.2876166100696881	0.9891698484043496
0.28761671816105705	0.989170950816515
0.28761682623586887	0.9891720530605502
0.28761693429412577	0.9891731551364894
0.2876170423358403	0.9891742570443665
0.28761715036100566	0.989175358784216
0.28761725836963115	0.9891764603560719
0.2876173663617187	0.9891775617599682
0.28761747433727	0.9891786629959389
0.2876175822962925	0.9891797640640184
0.2876176902387848	0.9891808649642406
0.2876177981647542	0.98918196569664
0.28761790607420196	0.98918306626125
0.2876180139671278	0.9891841666581047
0.2876181218435431	0.9891852668872388
0.2876182297034472	0.9891863669486859
0.28761833754684263	0.98918746684248
0.2876184453737329	0.9891885665686554
0.28761855318412455	0.9891896661272456
0.2876186609780166	0.9891907655182852
0.28761876875541387	0.9891918647418082
0.28761887651632106	0.989192963797848
0.28761898426074123	0.9891940626864392
0.28761909198867597	0.9891951614076153
0.28761919970012806	0.9891962599614106
0.28761930739510333	0.989197358347859
0.28761941507360733	0.9891984565669943
0.2876195227356382	0.9891995546188506
0.2876196303812013	0.9892006525034618
0.2876197380103035	0.9892017502208617
0.2876198456229409	0.9892028477710844
0.2876199532191232	0.9892039451541637
0.2876200607988537	0.9892050423701334
0.28762016836212995	0.9892061394190276
0.2876202759089595	0.98920723630088
0.28762038343934265	0.989208333015725
0.28762049095328834	0.9892094295635957
0.28762059845079785	0.9892105259445263
0.28762070593187117	0.9892116221585507
0.28762081339651235	0.9892127182057028
0.28762092084472696	0.9892138140860163
0.2876210282765234	0.9892149097995246
0.2876211356918936	0.9892160053462625
0.2876212430908458	0.9892171007262631
0.28762135047338805	0.9892181959395601
0.28762145783951926	0.9892192909861878
0.2876215651892429	0.9892203858661794
0.2876216725225623	0.9892214805795693
0.28762177983947607	0.989222575126391
0.28762188714000214	0.9892236695066778
0.2876219944241286	0.9892247637204642
0.28762210169186414	0.9892258577677837
0.28762220894321455	0.9892269516486697
0.2876223161781853	0.9892280453631559
0.2876224233967686	0.9892291389112767
0.2876225305989785	0.9892302322930648
0.2876226377848131	0.989231325508555
0.28762274495427725	0.9892324185577802
0.2876228521073716	0.9892335114407743
0.2876229592441085	0.989234604157571
0.28762306636448237	0.9892356967082038
0.2876231734685023	0.9892367890927065
0.28762328055616093	0.9892378813111129
0.2876233876274717	0.9892389733634565
0.28762349468244036	0.9892400652497707
0.28762360172106083	0.9892411569700893
0.2876237087433431	0.9892422485244459
0.28762381574928375	0.9892433399128743
0.28762392273889265	0.9892444311354079
0.2876240297121706	0.9892455221920801
0.2876241366691243	0.9892466130829248
0.2876242436097513	0.9892477038079752
0.28762435053406404	0.9892487943672652
0.2876244574420509	0.9892498847608284
0.28762456433373	0.9892509749886981
0.2876246712090956	0.9892520650509079
0.2876247780681522	0.9892531549474914
0.28762488491090854	0.9892542446784819
0.2876249917373645	0.9892553342439132
0.2876250985475183	0.9892564236438185
0.28762520534138586	0.9892575128782315
0.2876253121189563	0.9892586019471858
0.2876254188802423	0.9892596908507144
0.2876255256252432	0.9892607795888512
0.287625632353961	0.9892618681616298
0.28762573906640526	0.989262956569083
0.28762584576257183	0.9892640448112446
0.2876259524424745	0.9892651328881482
0.28762605910610306	0.9892662207998271
0.2876261657534649	0.9892673085463148
0.28762627238457494	0.9892683961276442
0.2876263789994226	0.9892694835438492
0.28762648559801807	0.9892705707949632
0.28762659218036096	0.9892716578810195
0.2876266987464508	0.9892727448020514
0.2876268052963034	0.9892738315580922
0.2876269118299106	0.9892749181491755
0.28762701834728505	0.9892760045753343
0.2876271248484212	0.9892770908366021
0.2876272313333271	0.9892781769330122
0.287627337802006	0.9892792628645982
0.2876274442544582	0.9892803486313931
0.28762755069069423	0.9892814342334303
0.2876276571107066	0.9892825196707431
0.28762776351450575	0.9892836049433649
0.2876278699020974	0.9892846900513286
0.28762797627347364	0.989285774994668
0.28762808262864914	0.9892868597734158
0.28762818896762476	0.9892879443876057
0.28762829529040285	0.9892890288372707
0.28762840159698266	0.9892901131224443
0.28762850788737077	0.9892911972431594
0.28762861416157065	0.9892922811994496
0.2876287204195872	0.9892933649913477
0.2876288266614222	0.9892944486188872
0.28762893288707736	0.989295532082101
0.28762903909655413	0.9892966153810229
0.287629145289869	0.989297698515685
0.2876292514670038	0.9892987814861217
0.28762935762798225	0.9892998642923654
0.2876294637727934	0.9893009469344494
0.2876295699014459	0.989302029412407
0.28762967601394346	0.9893031117262712
0.2876297821102915	0.9893041938760749
0.28762988819048757	0.9893052758618517
0.28762999425453684	0.9893063576836347
0.2876301003024456	0.9893074393414565
0.2876302063342159	0.9893085208353506
0.2876303123498508	0.9893096021653499
0.28763041834935044	0.9893106833314878
0.2876305243327239	0.9893117643337969
0.287630630299968	0.9893128451723103
0.28763073625109303	0.9893139258470616
0.2876308421860972	0.989315006358083
0.2876309481049831	0.9893160867054085
0.28763105400775907	0.9893171668890705
0.2876311598944215	0.9893182469091023
0.28763126576497877	0.9893193267655367
0.2876313716194358	0.9893204064584067
0.28763147745779016	0.9893214859877455
0.28763158328005134	0.9893225653535859
0.28763168908621506	0.9893236445559608
0.28763179487629204	0.9893247235949035
0.2876319006502763	0.9893258024704469
0.2876320064081813	0.9893268811826236
0.287632112150007	0.9893279597314668
0.28763221787575605	0.9893290381170095
0.2876323235854296	0.9893301163392846
0.28763242927902877	0.9893311943983247
0.2876325349565663	0.9893322722941634
0.2876326406180357	0.9893333500268331
0.287632746263448	0.9893344275963665
0.28763285189279786	0.9893355050027971
0.28763295750609774	0.9893365822461572
0.2876330631033481	0.98933765932648
0.2876331686845475	0.9893387362437983
0.28763327424970525	0.9893398129981448
0.2876333797988229	0.9893408895895525
0.2876334853318958	0.9893419660180544
0.2876335908489373	0.9893430422836829
0.2876336963499487	0.9893441183864713
0.28763380183492787	0.9893451943264521
0.28763390730388955	0.9893462701036582
0.2876340127568195	0.9893473457181224
0.287634118193738	0.9893484211698773
0.2876342236146413	0.989349496458956
0.2876343290195299	0.9893505715853912
0.28763443440840875	0.9893516465492156
0.2876345397812826	0.9893527213504618
0.2876346451381564	0.9893537959891628
0.28763475047902864	0.9893548704653512
0.2876348558039098	0.9893559447790596
0.2876349611127938	0.9893570189303211
0.28763506640568953	0.9893580929191683
0.28763517168259956	0.9893591667456334
0.287635276943525	0.9893602404097499
0.28763538218847134	0.98936131391155
0.287635487417444	0.9893623872510664
0.2876355926304376	0.9893634604283319
0.2876356978274694	0.9893645334433789
0.28763580300853236	0.9893656062962404
0.28763590817362394	0.9893666789869492
0.28763601332276695	0.989367751515537
0.28763611845594356	0.9893688238820376
0.287636223573172	0.9893698960864831
0.2876363286744461	0.9893709681289061
0.2876364337597733	0.9893720400093391
0.28763653882915946	0.989373111727815
0.2876366438826057	0.9893741832843661
0.28763674892011	0.9893752546790251
0.2876368539416793	0.9893763259118248
0.28763695894731917	0.9893773969827973
0.2876370639370316	0.9893784678919756
0.2876371689108188	0.9893795386393918
0.2876372738686843	0.9893806092250786
0.2876373788106315	0.9893816796490692
0.2876374837366622	0.9893827499113951
0.2876375886467841	0.9893838200120896
0.28763769354099883	0.9893848899511845
0.2876377984193033	0.9893859597287131
0.28763790328170485	0.9893870293447073
0.28763800812821233	0.9893880987991996
0.2876381129588163	0.9893891680922229
0.28763821777353593	0.9893902372238094
0.28763832257236155	0.9893913061939914
0.28763842735530454	0.9893923750028017
0.2876385321223626	0.9893934436502724
0.2876386368735394	0.9893945121364363
0.28763874160884134	0.9893955804613255
0.2876388463282704	0.9893966486249726
0.2876389510318269	0.9893977166274099
0.287639055719517	0.9893987844686699
0.2876391603913452	0.989399852148785
0.28763926504731	0.9894009196677875
0.2876393696874233	0.9894019870257099
0.2876394743116759	0.9894030542225845
0.28763957892008235	0.9894041212584437
0.2876396835126393	0.9894051881333197
0.28763978808934904	0.9894062548472449
0.28763989265022144	0.9894073214002518
0.2876399971952513	0.9894083877923727
0.28764010172445265	0.9894094540236398
0.28764020623781855	0.9894105200940856
0.2876403107353553	0.9894115860037421
0.28764041521706774	0.9894126517526418
0.2876405196829576	0.9894137173408171
0.2876406241330264	0.9894147827682999
0.2876407285672832	0.9894158480351228
0.2876408329857262	0.9894169131413181
0.2876409373883612	0.9894179780869178
0.28764104177518496	0.9894190428719545
0.2876411461462119	0.9894201074964601
0.287641250501437	0.9894211719604669
0.28764135484086406	0.9894222362640072
0.2876414591644999	0.9894233004071132
0.28764156347234193	0.9894243643898173
0.28764166776440137	0.9894254282121513
0.287641772040674	0.9894264918741478
0.28764187630116306	0.9894275553758388
0.2876419805458824	0.9894286187172562
0.28764208477481995	0.9894296818984327
0.2876421889879907	0.9894307449194002
0.28764229318539314	0.9894318077801906
0.2876423973670299	0.9894328704808366
0.28764250153290516	0.98943393302137
0.2876426056830184	0.9894349954018229
0.2876427098173858	0.9894360576222272
0.28764281393599445	0.9894371196826156
0.2876429180388571	0.9894381815830199
0.2876430221259715	0.989439243323472
0.28764312619734095	0.9894403049040046
0.2876432302529766	0.989441366324649
0.28764333429287414	0.9894424275854378
0.2876434383170382	0.9894434886864026
0.2876435423254735	0.989444549627576
0.2876436463181814	0.9894456104089899
0.2876437502951633	0.9894466710306761
0.2876438542564266	0.9894477314926667
0.28764395820197686	0.989448791794994
0.28764406213180754	0.9894498519376896
0.28764416604593174	0.9894509119207859
0.2876442699443442	0.9894519717443148
0.28764437382705477	0.989453031408308
0.28764447769406554	0.9894540909127977
0.28764458154537087	0.989455150257816
0.287644685380991	0.9894562094433945
0.287644789200911	0.9894572684695658
0.28764489300514773	0.9894583273363611
0.28764499679369515	0.9894593860438129
0.28764510056656234	0.9894604445919529
0.28764520432375223	0.989461502980813
0.2876453080652615	0.9894625612104253
0.2876454117911034	0.9894636192808215
0.28764551550127004	0.9894646771920337
0.2876456191957743	0.9894657349440934
0.2876457228746126	0.989466792537033
0.28764582653779014	0.9894678499708841
0.28764593018531526	0.9894689072456786
0.2876460338171823	0.9894699643614484
0.2876461374334022	0.9894710213182255
0.2876462410339679	0.9894720781160415
0.28764634461889466	0.9894731347549284
0.287646448188181	0.9894741912349178
0.28764655174182546	0.989475247556042
0.28764665527983246	0.9894763037183322
0.2876467588022139	0.9894773597218207
0.2876468623089649	0.9894784155665389
0.28764696580008803	0.989479471252519
0.28764706927558886	0.9894805267797927
0.28764717273547424	0.9894815821483914
0.2876472761797359	0.9894826373583474
0.28764737960838965	0.9894836924096921
0.2876474830214345	0.9894847473024574
0.28764758641886945	0.9894858020366749
0.28764768980070377	0.9894868566123766
0.2876477931669348	0.9894879110295939
0.28764789651757167	0.9894889652883587
0.28764799985261447	0.9894900193887026
0.2876481031720676	0.9894910733306574
0.2876482064759233	0.9894921271142552
0.2876483097642056	0.989493180739527
0.28764841303689875	0.9894942342065047
0.2876485162940176	0.9894952875152202
0.28764861953555837	0.989496340665705
0.2876487227615279	0.9894973936579906
0.28764882597192853	0.9894984464921088
0.28764892916676227	0.9894994991680917
0.2876490323460341	0.9895005516859701
0.28764913550974597	0.9895016040457759
0.28764923865790115	0.9895026562475412
0.2876493417905029	0.9895037082912971
0.28764944490755723	0.9895047601770752
0.28764954800906106	0.9895058119049074
0.28764965109502033	0.9895068634748252
0.28764975416543936	0.9895079148868599
0.2876498572203177	0.9895089661410436
0.28764996025966405	0.9895100172374074
0.2876500632834854	0.9895110681759827
0.28765016629176887	0.9895121189568017
0.2876502692845319	0.9895131695798953
0.28765037226176904	0.9895142200452954
0.28765047522349146	0.9895152703530335
0.28765057816969186	0.9895163205031413
0.2876506811003844	0.9895173704956497
0.28765078401556754	0.9895184203305907
0.2876508869152385	0.9895194700079957
0.2876509897994108	0.989520519527896
0.28765109266808137	0.9895215688903233
0.2876511955212545	0.989522618095309
0.28765129835893444	0.9895236671428844
0.2876514011811192	0.9895247160330813
0.2876515039878204	0.9895257647659309
0.2876516067790359	0.9895268133414646
0.2876517095547695	0.9895278617597139
0.2876518123150233	0.9895289100207101
0.28765191505980403	0.9895299581244849
0.2876520177891106	0.9895310060710695
0.28765212050294936	0.9895320538604954
0.28765222320132217	0.9895331014927937
0.287652325884226	0.9895341489679965
0.2876524285516762	0.9895351962861343
0.2876525312036651	0.9895362434472391
0.28765263384020606	0.9895372904513416
0.2876527364612913	0.9895383372984738
0.2876528390669295	0.9895393839886669
0.2876529416571263	0.9895404305219522
0.287653044231875	0.9895414768983608
0.2876531467911962	0.9895425231179242
0.2876532493350753	0.9895435691806739
0.2876533518635206	0.9895446150866407
0.2876534543765371	0.9895456608358565
0.2876535568741329	0.9895467064283521
0.28765365935630516	0.9895477518641588
0.2876537618230526	0.9895487971433083
0.28765386427438433	0.9895498422658318
0.287653966710305	0.98955088723176
0.287654069130816	0.9895519320411247
0.287654171535917	0.9895529766939569
0.2876542739256138	0.9895540211902878
0.28765437629991214	0.9895550655301488
0.2876544786588098	0.9895561097135712
0.2876545810023153	0.9895571537405857
0.2876546833304279	0.9895581976112241
0.28765478564314817	0.9895592413255172
0.28765488794048755	0.9895602848834965
0.2876549902224402	0.9895613282851929
0.28765509248901716	0.9895623715306378
0.2876551947402157	0.9895634146198621
0.2876552969760389	0.989564457552897
0.28765539919649297	0.989565500329774
0.2876555014015824	0.9895665429505239
0.287655603591307	0.9895675854151779
0.28765570576566335	0.9895686277237674
0.2876558079246695	0.9895696698763229
0.28765591006831726	0.989570711872876
0.2876560121966152	0.9895717537134576
0.28765611430956567	0.9895727953980991
0.2876562164071694	0.9895738369268311
0.28765631848942996	0.9895748782996849
0.28765642055634955	0.989575919516692
0.287656522607933	0.9895769605778827
0.28765662464418074	0.9895780014832886
0.28765672666510506	0.9895790422329405
0.2876568286707001	0.9895800828268694
0.28765693066096565	0.9895811232651067
0.28765703263591547	0.989582163547683
0.2876571345955432	0.9895832036746296
0.28765723653985925	0.9895842436459772
0.28765733846886155	0.9895852834617572
0.2876574403825573	0.9895863231220002
0.28765754228094437	0.9895873626267375
0.287657644164028	0.9895884019760001
0.28765774603181665	0.9895894411698186
0.28765784788430776	0.9895904802082243
0.2876579497215002	0.9895915190912481
0.28765805154340673	0.9895925578189207
0.2876581533500245	0.9895935963912732
0.2876582551413552	0.9895946348083369
0.28765835691741104	0.9895956730701421
0.28765845867818296	0.98959671117672
0.28765856042367977	0.9895977491281016
0.28765866215390906	0.9895987869243178
0.2876587638688674	0.9895998245653993
0.2876588655685557	0.9896008620513771
0.2876589672529826	0.9896018993822822
0.28765906892215526	0.9896029365581452
0.2876591705760682	0.9896039735789969
0.2876592722147236	0.9896050104448686
0.2876593738381296	0.9896060471557909
0.28765947544628984	0.9896070837117947
0.28765957703920303	0.9896081201129107
0.2876596786168802	0.9896091563591699
0.2876597801793137	0.989610192450603
0.2876598817265098	0.9896112283872407
0.2876599832584761	0.9896122641691141
0.2876600847752138	0.9896132997962537
0.2876601862767259	0.9896143352686906
0.28766028776301183	0.9896153705864552
0.28766038923408194	0.9896164057495784
0.28766049068993255	0.9896174407580912
0.28766059213056755	0.9896184756120241
0.2876606935559906	0.9896195103114079
0.2876607949662087	0.9896205448562734
0.2876608963612238	0.9896215792466514
0.2876609977410286	0.9896226134825724
0.2876610991056403	0.9896236475640674
0.2876612004550562	0.9896246814911668
0.2876613017892762	0.9896257152639015
0.2876614031083081	0.9896267488823022
0.2876615044121533	0.9896277823463995
0.2876616057008147	0.9896288156562241
0.2876617069742966	0.9896298488118067
0.28766180823259857	0.9896308818131779
0.2876619094757262	0.9896319146603686
0.2876620107036821	0.9896329473534091
0.28766211191646995	0.9896339798923304
0.2876622131140937	0.9896350122771627
0.28766231429654915	0.989636044507937
0.2876624154638509	0.9896370765846837
0.2876625166159978	0.9896381085074334
0.2876626177529852	0.989639140276217
0.28766271887482286	0.9896401718910648
0.2876628199815169	0.9896412033520076
0.2876629210730674	0.9896422346590755
0.2876630221494663	0.9896432658122999
0.2876631232107384	0.9896442968117106
0.2876632242568707	0.9896453276573385
0.2876633252878707	0.9896463583492141
0.28766342630373926	0.989647388887368
0.28766352730448513	0.9896484192718308
0.28766362829010744	0.9896494495026328
0.287663729260607	0.9896504795798045
0.28766383021599046	0.9896515095033767
0.28766393115626	0.9896525392733798
0.28766403208141894	0.989653568889844
0.28766413299146776	0.9896545983528002
0.28766423388641255	0.9896556276622788
0.2876643347662583	0.98965665681831
0.2876644356310017	0.9896576858209246
0.2876645364806489	0.989658714670153
0.28766463731520114	0.9896597433660255
0.2876647381346658	0.9896607719085725
0.2876648389390441	0.9896618002978246
0.28766493972833695	0.9896628285338123
0.2876650405025499	0.9896638566165656
0.2876651412616822	0.9896648845461156
0.28766524200574073	0.9896659123224921
0.28766534273472766	0.9896669399457259
0.28766544344864653	0.9896679674158471
0.2876655441474962	0.9896689947328862
0.28766564483128776	0.9896700218968735
0.28766574550001367	0.9896710489078395
0.28766584615368485	0.9896720757658145
0.2876659467923043	0.9896731024708288
0.28766604741587043	0.9896741290229131
0.28766614802439067	0.9896751554220972
0.2876662486178632	0.9896761816684115
0.28766634919629525	0.9896772077618868
0.28766644975968947	0.989678233702553
0.28766655030804356	0.9896792594904406
0.28766665084136606	0.9896802851255798
0.28766675135966246	0.9896813106080009
0.287666851862927	0.9896823359377342
0.28766695235117273	0.9896833611148099
0.28766705282439203	0.9896843861392586
0.28766715328259473	0.9896854110111102
0.28766725372578555	0.989686435730395
0.28766735415396	0.9896874602971434
0.2876674545671287	0.9896884847113855
0.2876675549652903	0.9896895089731517
0.2876676553484443	0.9896905330824721
0.2876677557166029	0.989691557039377
0.28766785606976564	0.9896925808438963
0.28766795640792886	0.9896936044960608
0.2876680567311074	0.9896946279959001
0.28766815703929294	0.989695651343445
0.2876682573324953	0.989696674538725
0.28766835761071674	0.9896976975817706
0.2876684578739561	0.9896987204726121
0.28766855812222014	0.9896997432112796
0.2876686583555122	0.9897007657978031
0.28766875857383395	0.9897017882322128
0.2876688587771872	0.9897028105145389
0.2876689589655732	0.9897038326448114
0.2876690591390046	0.9897048546230607
0.2876691592974748	0.9897058764493165
0.2876692594409897	0.9897068981236092
0.2876693595695504	0.989707919645969
0.2876694596831643	0.9897089410164257
0.28766955978182907	0.9897099622350095
0.2876696598655518	0.9897109833017507
0.2876697599343348	0.9897120042166788
0.2876698599881786	0.9897130249798246
0.28766996002709005	0.9897140455912176
0.287670060051068	0.989715066050888
0.2876701600601204	0.9897160863588658
0.28767026005424146	0.9897171065151812
0.287670360033442	0.9897181265198641
0.28767045999772833	0.9897191463729444
0.28767055994709095	0.9897201660744525
0.28767065988154383	0.989721185624418
0.28767075980108187	0.9897222050228711
0.2876708597057171	0.9897232242698417
0.28767095959544753	0.9897242433653599
0.28767105947027566	0.9897252623094556
0.28767115933020077	0.9897262811021587
0.28767125917523295	0.9897272997434992
0.2876713590053697	0.989728318233507
0.2876714588206194	0.9897293365722122
0.28767155862097943	0.9897303547596447
0.28767165840645464	0.9897313727958342
0.28767175817705326	0.9897323906808111
0.28767185793277056	0.9897334084146047
0.2876719576736129	0.9897344259972454
0.2876720573995833	0.9897354434287629
0.2876721571106848	0.989736460709187
0.28767225680692016	0.9897374778385478
0.28767235648829215	0.9897384948168749
0.28767245615480336	0.9897395116441985
0.28767255580645484	0.9897405283205484
0.2876726554432522	0.9897415448459542
0.2876727550652023	0.9897425612204459
0.2876728546722997	0.9897435774440534
0.28767295426455114	0.9897445935168065
0.28767305384196346	0.9897456094387349
0.2876731534045321	0.9897466252098687
0.2876732529522654	0.9897476408302375
0.287673352485165	0.989748656299871
0.28767345200323413	0.9897496716187992
0.28767355150647417	0.9897506867870518
0.28767365099488823	0.9897517018046588
0.28767375046848387	0.9897527166716494
0.28767384992725603	0.989753731388054
0.2876739493712152	0.989754745953902
0.28767404880035935	0.9897557603692234
0.287674148214694	0.9897567746340478
0.28767424761422	0.9897577887484048
0.28767434699894273	0.9897588027123244
0.28767444636886447	0.9897598165258361
0.2876745457239871	0.9897608301889697
0.28767464506431434	0.9897618437017548
0.28767474438984647	0.9897628570642214
0.2876748437005914	0.9897638702763991
0.2876749429965509	0.9897648833383174
0.28767504227772334	0.9897658962500061
0.28767514154411505	0.9897669090114947
0.2876752407957287	0.989767921622813
0.28767534003256734	0.9897689340839908
0.28767543925463673	0.9897699463950576
0.2876755384619317	0.989770958556043
0.2876756376544657	0.9897719705669769
0.28767573683223496	0.9897729824278885
0.28767583599524177	0.9897739941388075
0.2876759351434946	0.989775005699764
0.28767603427698935	0.989776017110787
0.28767613339573267	0.9897770283719065
0.28767623249972657	0.989778039483152
0.2876763315889744	0.9897790504445529
0.28767643066348403	0.9897800612561389
0.2876765297232479	0.9897810719179396
0.28767662876828154	0.9897820824299847
0.28767672779857534	0.9897830927923035
0.28767682681414003	0.9897841030049255
0.2876769258149753	0.9897851130678805
0.28767702480108537	0.9897861229811978
0.28767712377247756	0.9897871327449073
0.2876772227291449	0.9897881423590381
0.2876773216710945	0.9897891518236198
0.28767742059833656	0.989790161138682
0.28767751951086207	0.9897911703042543
0.2876776184086796	0.989792179320366
0.2876777172917988	0.9897931881870465
0.28767781616020915	0.9897941969043257
0.2876779150139264	0.9897952054722325
0.28767801385294295	0.9897962138907967
0.2876781126772681	0.9897972221600478
0.2876782114869003	0.9897982302800151
0.28767831028184715	0.9897992382507281
0.2876784090621068	0.9898002460722162
0.2876785078276881	0.9898012537445088
0.28767860657858924	0.9898022612676354
0.2876787053148158	0.9898032686416254
0.28767880403637175	0.989804275866508
0.28767890274325164	0.9898052829423127
0.28767900143547176	0.9898062898690693
0.2876791001130203	0.9898072966468066
0.28767919877591314	0.9898083032755541
0.28767929742414466	0.9898093097553414
0.28767939605771964	0.9898103160861979
0.2876794946766463	0.9898113222681525
0.2876795932809182	0.9898123283012349
0.28767969187054643	0.9898133341854743
0.2876797904455308	0.9898143399209001
0.2876798890058744	0.9898153455075417
0.28767998755157814	0.9898163509454283
0.2876800860826466	0.9898173562345892
0.28768018459908695	0.9898183613750536
0.2876802831008892	0.9898193663668513
0.287680381588073	0.9898203712100108
0.28768048006063135	0.9898213759045621
0.287680578518571	0.9898223804505341
0.28768067696188776	0.989823384847956
0.28768077539059483	0.9898243890968572
0.2876808738046861	0.989825393197267
0.2876809722041698	0.9898263971492147
0.2876810705890475	0.9898274009527293
0.2876811689593225	0.98982840460784
0.2876812673149931	0.9898294081145764
0.2876813656560702	0.9898304114729674
0.2876814639825519	0.9898314146830423
0.28768156229444264	0.9898324177448303
0.2876816605917402	0.9898334206583604
0.2876817588744553	0.9898344234236623
0.28768185714258554	0.9898354260407647
0.2876819553961396	0.9898364285096969
0.28768205363511196	0.989837430830488
0.2876821518595127	0.9898384330031674
0.28768225006934056	0.9898394350277641
0.28768234826459776	0.9898404369043071
0.28768244644529234	0.9898414386328258
0.2876825446114231	0.9898424402133491
0.28768264276299	0.9898434416459062
0.2876827409000057	0.9898444429305263
0.2876828390224654	0.9898454440672385
0.2876829371303736	0.9898464450560718
0.28768303522373007	0.9898474458970553
0.2876831333025454	0.9898484465902181
0.2876832313668129	0.9898494471355893
0.2876833294165476	0.9898504475331981
0.2876834274517395	0.9898514477830732
0.2876835254723972	0.9898524478852442
0.2876836234785261	0.9898534478397396
0.2876837214701252	0.9898544476465887
0.2876838194471999	0.9898554473058206
0.28768391740975197	0.9898564468174643
0.2876840153577834	0.9898574461815487
0.28768411329129745	0.9898584453981029
0.287684211210299	0.9898594444671558
0.28768430911478804	0.9898604433887367
0.2876844070047677	0.9898614421628742
0.2876845048802455	0.9898624407895974
0.28768460274121815	0.9898634392689355
0.2876847005876899	0.9898644376009174
0.28768479841966493	0.989865435785572
0.2876848962371491	0.9898664338229279
0.2876849940401432	0.9898674317130146
0.2876850918286432	0.989868429455861
0.287685189602661	0.9898694270514957
0.2876852873621955	0.9898704244999478
0.2876853851072487	0.9898714218012462
0.287685482837829	0.98987241895542
0.28768558055393195	0.9898734159624979
0.2876856782555656	0.9898744128225087
0.2876857759427316	0.9898754095354815
0.2876858736154299	0.9898764061014452
0.2876859712736699	0.9898774025204286
0.2876860689174404	0.9898783987924605
0.2876861665467647	0.9898793949175699
0.2876862641616314	0.9898803908957855
0.28768636176204304	0.9898813867271364
0.2876864593480134	0.9898823824116513
0.2876865569195322	0.989883377949359
0.28768665447661446	0.9898843733402882
0.2876867520192529	0.9898853685844681
0.287686849547456	0.9898863636819272
0.2876869470612212	0.9898873586326945
0.28768704456056143	0.9898883534367986
0.2876871420454676	0.9898893480942684
0.28768723951595077	0.9898903426051329
0.28768733697201115	0.9898913369694204
0.2876874344136503	0.98989233118716
0.2876875318408728	0.9898933252583806
0.28768762925368324	0.9898943191831107
0.2876877266520829	0.989895312961379
0.2876878240360729	0.9898963065932144
0.2876879214056561	0.9898973000786457
0.28768801876083944	0.9898982934177015
0.28768811610161926	0.9898992866104106
0.2876882134280075	0.9899002796568016
0.287688310739992	0.9899012725569034
0.28768840803759405	0.9899022653107444
0.2876885053208015	0.9899032579183538
0.28768860258962725	0.9899042503797597
0.28768869984407164	0.9899052426949911
0.28768879708413336	0.9899062348640767
0.28768889430981714	0.9899072268870451
0.2876889915211278	0.9899082187639249
0.2876890887180652	0.9899092104947449
0.2876891859006355	0.9899102020795337
0.2876892830688368	0.9899111935183198
0.2876893802226798	0.989912184811132
0.28768947736215916	0.9899131759579989
0.2876895744872824	0.989914166958949
0.28768967159805015	0.9899151578140108
0.2876897686944682	0.9899161485232133
0.28768986577653544	0.989917139086585
0.28768996284425585	0.9899181295041543
0.28769005989763774	0.9899191197759498
0.28769015693667355	0.9899201099020001
0.2876902539613731	0.989921099882334
0.28769035097173984	0.9899220897169798
0.28769044796777543	0.989923079405966
0.2876905449494814	0.9899240689493214
0.2876906419168577	0.9899250583470744
0.2876907388699121	0.9899260475992536
0.28769083580864907	0.9899270367058874
0.28769093273306334	0.9899280256670046
0.28769102964316257	0.9899290144826333
0.28769112653895546	0.9899300031528022
0.2876912234204368	0.98993099167754
0.2876913202876072	0.989931980056875
0.28769141714047386	0.9899329682908355
0.2876915139790437	0.9899339563794504
0.2876916108033156	0.9899349443227479
0.28769170761329166	0.9899359321207566
0.2876918044089737	0.9899369197735046
0.2876919011903651	0.9899379072810208
0.28769199795747086	0.9899388946433336
0.28769209471029406	0.9899398818604711
0.2876921914488332	0.9899408689324621
0.2876922881730958	0.9899418558593348
0.28769238488308346	0.9899428426411176
0.2876924815787989	0.9899438292778392
0.28769257826023986	0.9899448157695276
0.2876926749274156	0.9899458021162114
0.2876927715803285	0.989946788317919
0.28769286821897627	0.9899477743746788
0.2876929648433707	0.989948760286519
0.28769306145350143	0.9899497460534684
0.2876931580493879	0.9899507316755548
0.28769325463102113	0.9899517171528068
0.2876933511984046	0.9899527024852528
0.287693447751545	0.9899536876729212
0.2876935442904456	0.9899546727158403
0.28769364081510007	0.9899556576140381
0.2876937373255259	0.9899566423675433
0.2876938338217134	0.9899576269763842
0.2876939303036718	0.9899586114405887
0.2876940267713977	0.9899595957601857
0.28769412322490817	0.989960579935203
0.2876942196641883	0.9899615639656693
0.2876943160892518	0.9899625478516124
0.28769441250009786	0.9899635315930608
0.287694508896729	0.989964515190043
0.2876946052791489	0.9899654986425869
0.2876947016473615	0.989966481950721
0.2876947980013687	0.9899674651144734
0.28769489434117423	0.9899684481338722
0.2876949906667766	0.989969431008946
0.2876950869781858	0.9899704137397226
0.2876951832753985	0.9899713963262307
0.28769527955841634	0.9899723787684981
0.2876953758272488	0.9899733610665532
0.28769547208189417	0.9899743432204242
0.28769556832235677	0.9899753252301391
0.2876956645486395	0.9899763070957264
0.2876957607607417	0.9899772888172137
0.28769585695867267	0.9899782703946299
0.2876959531424314	0.9899792518280026
0.28769604931201886	0.9899802331173604
0.2876961454674341	0.9899812142627311
0.2876962416086938	0.9899821952641428
0.28769633773579195	0.989983176121624
0.287696433848729	0.9899841568352027
0.28769652994751177	0.9899851374049066
0.28769662603214025	0.9899861178307644
0.28769672210261965	0.9899870981128039
0.28769681815895143	0.9899880782510532
0.2876969142011451	0.9899890582455404
0.2876970102291926	0.9899900380962936
0.28769710624309675	0.9899910178033411
0.28769720224287165	0.9899919973667106
0.28769729822850887	0.9899929767864305
0.2876973942000158	0.9899939560625286
0.2876974901573982	0.989994935195033
0.2876975861006553	0.9899959141839719
0.2876976820297848	0.9899968930293732
0.2876977779448015	0.9899978717312649
0.2876978738456998	0.989998850289675
0.28769796973248324	0.9899998287046318
0.28769806560515543	0.990000806976163
0.28769816146371985	0.9900017851042967
0.2876982573081767	0.990002763089061
0.2876983531385324	0.9900037409304837
0.2876984489547885	0.990004718628593
0.28769854475694817	0.9900056961834166
0.2876986405450128	0.9900066735949828
0.28769873631898846	0.9900076508633192
0.2876988320788683	0.990008627988454
0.2876989278246648	0.9900096049704152
0.28769902355637866	0.9900105818092306
0.28769911927401104	0.9900115585049282
0.2876992149775691	0.9900125350575357
0.28769931066704874	0.9900135114670813
0.28769940634245694	0.9900144877335929
0.2876995020037959	0.9900154638570983
0.28769959765106434	0.9900164398376254
0.2876996932842724	0.9900174156752022
0.28769978890341846	0.9900183913698565
0.2876998845085077	0.9900193669216162
0.2876999800995383	0.9900203423305092
0.2877000756765185	0.9900213175965633
0.2877001712394464	0.9900222927198065
0.28770026678832805	0.9900232677002664
0.28770036232316337	0.990024242537971
0.28770045784395326	0.9900252172329483
0.28770055335070865	0.9900261917852259
0.28770064884342866	0.9900271661948316
0.2877007443221112	0.9900281404617933
0.28770083978676647	0.990029114586139
0.2877009352373889	0.9900300885678962
0.2877010306739869	0.9900310624070929
0.2877011260965644	0.9900320361037569
0.28770122150512	0.9900330096579157
0.28770131689965894	0.9900339830695976
0.28770141228018453	0.9900349563388298
0.287701507646697	0.9900359294656405
0.28770160299920106	0.9900369024500572
0.28770169833769826	0.9900378752921077
0.2877017936621916	0.9900388479918197
0.28770188897268256	0.9900398205492213
0.2877019842691786	0.9900407929643399
0.28770207955167615	0.990041765237203
0.28770217482018107	0.9900427373678389
0.287702270074699	0.9900437093562748
0.2877023653152262	0.9900446812025387
0.2877024605417728	0.9900456529066582
0.2877025557543364	0.990046624468661
0.2877026509529191	0.9900475958885749
0.28770274613752944	0.9900485671664273
0.287702841308163	0.9900495383022461
0.2877029364648248	0.9900505092960589
0.2877030316075247	0.9900514801478932
0.2877031267362548	0.990052450857777
0.28770322185102143	0.9900534214257378
0.2877033169518293	0.990054391851803
0.2877034120386799	0.9900553621360005
0.2877035071115793	0.9900563322783579
0.28770360217052227	0.9900573022789027
0.28770369721552125	0.9900582721376625
0.2877037922465691	0.9900592418546651
0.28770388726367335	0.9900602114299379
0.2877039822668444	0.9900611808635086
0.2877040772560684	0.9900621501554047
0.28770417223136385	0.9900631193056538
0.28770426719272313	0.9900640883142835
0.2877043621401548	0.9900650571813213
0.2877044570736576	0.990066025906795
0.2877045519932334	0.9900669944907319
0.28770464689889197	0.9900679629331595
0.2877047417906303	0.9900689312341054
0.28770483666845303	0.9900698993935972
0.2877049315323633	0.9900708674116625
0.2877050263823625	0.9900718352883285
0.28770512121845043	0.9900728030236231
0.28770521604063454	0.9900737706175736
0.2877053108489161	0.9900747380702075
0.28770540564330244	0.9900757053815523
0.28770550042378656	0.9900766725516356
0.2877055951903804	0.9900776395804844
0.2877056899430751	0.9900786064681268
0.2877057846818858	0.9900795732145901
0.28770587940680986	0.9900805398199016
0.28770597411785087	0.9900815062840886
0.28770606881501076	0.990082472607179
0.28770616349828665	0.9900834387891999
0.2877062581676963	0.9900844048301787
0.28770635282322865	0.990085370730143
0.28770644746489	0.9900863364891203
0.28770654209268665	0.9900873021071377
0.28770663670661845	0.9900882675842227
0.2877067313066883	0.990089232920403
0.2877068258928973	0.9900901981157056
0.2877069204652532	0.990091163170158
0.28770701502375035	0.9900921280837878
0.2877071095684011	0.9900930928566221
0.2877072040991965	0.9900940574886882
0.28770729861615507	0.9900950219800138
0.2877073931192661	0.9900959863306258
0.28770748760853665	0.990096950540552
0.2877075820839703	0.9900979146098196
0.2877076765455707	0.9900988785384556
0.2877077709933381	0.9900998423264877
0.2877078654272758	0.9901008059739431
0.28770795984738723	0.9901017694808492
0.2877080542536754	0.9901027328472332
0.2877081486461371	0.9901036960731223
0.2877082430247849	0.9901046591585441
0.2877083373896139	0.9901056221035255
0.2877084317406298	0.9901065849080939
0.2877085260778404	0.9901075475722768
0.28770862040123696	0.9901085100961013
0.287708714710835	0.9901094724795946
0.28770880900662543	0.990110434722784
0.2877089032886189	0.9901113968256967
0.2877089975568095	0.9901123587883602
0.2877090918112108	0.9901133206108013
0.28770918605182144	0.9901142822930474
0.2877092802786371	0.990115243835126
0.2877093744916709	0.990116205237064
0.28770946869091973	0.9901171664988885
0.2877095628763902	0.990118127620627
0.28770965704807905	0.9901190886023066
0.28770975120599585	0.9901200494439544
0.28770984535013544	0.9901210101455976
0.28770993948050894	0.9901219707072634
0.2877100335971143	0.990122931128979
0.2877101276999494	0.9901238914107716
0.2877102217890282	0.990124851552668
0.2877103158643453	0.9901258115546958
0.2877104099259045	0.990126771416882
0.2877105039737117	0.9901277311392537
0.2877105980077689	0.9901286907218378
0.28771069202807686	0.9901296501646619
0.2877107860346375	0.9901306094677527
0.28771088002744977	0.9901315686311375
0.2877109740065299	0.9901325276548434
0.28771106797186696	0.9901334865388973
0.2877111619234689	0.9901344452833265
0.2877112558613376	0.9901354038881581
0.2877113497854792	0.990136362353419
0.287711443695892	0.9901373206791362
0.28771153759258056	0.9901382788653371
0.28771163147555096	0.9901392369120484
0.28771172534479467	0.9901401948192974
0.28771181920032884	0.9901411525871111
0.2877119130421431	0.9901421102155163
0.2877120068702497	0.9901430677045404
0.28771210068464625	0.9901440250542102
0.28771219448533486	0.9901449822645527
0.28771228827232276	0.9901459393355949
0.287712382045607	0.9901468962673641
0.287712475805198	0.9901478530598867
0.2877125695510925	0.9901488097131902
0.28771266328329576	0.9901497662273013
0.2877127570018045	0.9901507226022473
0.2877128507066303	0.9901516788380548
0.28771294439777123	0.9901526349347508
0.2877130380752224	0.9901535908923628
0.2877131317390013	0.990154546710917
0.28771322538910454	0.9901555023904405
0.287713319025533	0.9901564579309607
0.2877134126482928	0.9901574133325041
0.2877135062573752	0.9901583685950979
0.28771359985280043	0.9901593237187686
0.28771369343455483	0.9901602787035435
0.28771378700265354	0.9901612335494495
0.28771388055709574	0.9901621882565131
0.2877139740978769	0.9901631428247618
0.28771406762500734	0.9901640972542219
0.2877141611384922	0.9901650515449206
0.28771425463832684	0.9901660056968847
0.2877143481245178	0.9901669597101412
0.28771444159706694	0.9901679135847166
0.2877145350559724	0.990168867320638
0.287714628501244	0.9901698209179324
0.2877147219328797	0.9901707743766262
0.28771481535088583	0.9901717276967467
0.28771490875526184	0.9901726808783204
0.2877150021460171	0.9901736339213741
0.2877150955231443	0.9901745868259351
0.2877151888866511	0.9901755395920295
0.28771528223653653	0.9901764922196846
0.2877153755728096	0.9901774447089271
0.2877154688954725	0.9901783970597835
0.28771556220452255	0.9901793492722809
0.28771565549996675	0.990180301346446
0.2877157487817989	0.9901812532823057
0.287715842050034	0.9901822050798863
0.28771593530467043	0.990183156739215
0.28771602854570694	0.9901841082603184
0.28771612177315464	0.9901850596432232
0.2877162149870087	0.9901860108879562
0.2877163081872673	0.9901869619945441
0.2877164013739464	0.9901879129630137
0.2877164945470374	0.9901888637933917
0.28771658770655145	0.9901898144857045
0.2877166808524812	0.9901907650399794
0.2877167739848409	0.9901917154562424
0.28771686710362804	0.9901926657345208
0.2877169602088385	0.9901936158748409
0.28771705330048447	0.9901945658772295
0.2877171463785649	0.9901955157417133
0.2877172394430802	0.9901964654683191
0.28771733249404063	0.990197415057073
0.2877174255314368	0.9901983645080024
0.2877175185552851	0.9901993138211334
0.2877176115655776	0.9902002629964927
0.2877177045623226	0.9902012120341074
0.28771779754551985	0.9902021609340035
0.2877178905151693	0.9902031096962078
0.28771798347128213	0.9902040583207473
0.2877180764138531	0.9902050068076481
0.2877181693428884	0.9902059551569373
0.287718262258389	0.990206903368641
0.28771835516036093	0.990207851442786
0.2877184480488018	0.9902087993793989
0.2877185409237158	0.9902097471785062
0.2877186337851134	0.9902106948401346
0.28771872663298387	0.9902116423643105
0.28771881946733746	0.9902125897510605
0.2877189122881748	0.9902135370004114
0.2877190050955011	0.9902144841123892
0.2877190978893198	0.9902154310870209
0.28771919066962315	0.9902163779243329
0.287719283436429	0.9902173246243516
0.2877193761897309	0.9902182711871037
0.2877194689295337	0.9902192176126157
0.287719561655834	0.9902201639009139
0.2877196543686477	0.9902211100520251
0.28771974706796644	0.9902220560659755
0.28771983975379295	0.9902230019427917
0.28771993242613486	0.9902239476825002
0.28772002508499805	0.9902248932851274
0.28772011773037365	0.9902258387507
0.28772021036227063	0.9902267840792441
0.28772030298069134	0.9902277292707863
0.28772039558564294	0.9902286743253532
0.2877204881771244	0.9902296192429709
0.28772058075512946	0.9902305640236664
0.287720673319675	0.9902315086674655
0.2877207658707595	0.990232453174395
0.28772085840838163	0.9902333975444811
0.2877209509325429	0.9902343417777505
0.2877210434432468	0.9902352858742293
0.28772113594050447	0.990236229833944
0.28772122842431086	0.990237173656921
0.28772132089466573	0.9902381173431868
0.2877214133515801	0.9902390608927674
0.2877215057950535	0.9902400043056896
0.28772159822508364	0.9902409475819796
0.28772169064167824	0.9902418907216636
0.2877217830448396	0.9902428337247682
0.28772187543456534	0.9902437765913198
0.28772196781086595	0.9902447193213443
0.2877220601737372	0.9902456619148685
0.28772215252318595	0.9902466043719185
0.2877222448592113	0.9902475466925206
0.28772233718181983	0.9902484888767011
0.2877224294910185	0.9902494309244865
0.2877225217867959	0.9902503728359029
0.28772261406916205	0.9902513146109767
0.2877227063381199	0.9902522562497341
0.2877227985936746	0.9902531977522014
0.28772289083582575	0.9902541391184051
0.2877229830645762	0.990255080348371
0.287723075279929	0.9902560214421258
0.28772316748188687	0.9902569623996956
0.28772325967045087	0.9902579032211066
0.28772335184562514	0.990258843906385
0.28772344400740907	0.9902597844555572
0.2877235361558132	0.9902607248686494
0.2877236282908283	0.9902616651456877
0.2877237204124698	0.9902626052866984
0.28772381252073337	0.9902635452917077
0.28772390461561753	0.9902644851607417
0.28772399669713594	0.9902654248938269
0.28772408876528055	0.9902663644909891
0.2877241808200581	0.9902673039522548
0.2877242728614734	0.99026824327765
0.2877243648895249	0.990269182467201
0.28772445690422066	0.9902701215209339
0.2877245489055588	0.9902710604388747
0.2877246408935422	0.9902719992210499
0.2877247328681755	0.9902729378674854
0.2877248248294598	0.9902738763782073
0.28772491677739764	0.990274814753242
0.28772500871199186	0.9902757529926155
0.287725100633243	0.9902766910963537
0.2877251925411555	0.990277629064483
0.28772528443573125	0.9902785668970295
0.2877253763169828	0.9902795045940191
0.28772546818489547	0.9902804421554782
0.2877255600394831	0.9902813795814324
0.28772565188074245	0.9902823168719084
0.28772574370867887	0.9902832540269318
0.28772583552329567	0.9902841910465289
0.2877259273245963	0.9902851279307258
0.28772601911258217	0.9902860646795484
0.2877261108872533	0.9902870012930228
0.2877262026486143	0.9902879377711752
0.28772629439666825	0.9902888741140313
0.28772638613141616	0.9902898103216176
0.287726477852866	0.9902907463939598
0.28772656956101206	0.9902916823310839
0.2877266612558619	0.9902926181330162
0.28772675293741645	0.9902935537997823
0.287726844605683	0.9902944893314086
0.28772693626065404	0.990295424727921
0.28772702790233834	0.9902963599893453
0.2877271195307431	0.9902972951157076
0.2877272111458603	0.990298230107034
0.2877273027477037	0.9902991649633502
0.28772739433627	0.9903000996846824
0.28772748591155617	0.9903010342710565
0.2877275774735769	0.9903019687224985
0.2877276690223258	0.9903029030390342
0.2877277605578059	0.9903038372206898
0.2877278520800269	0.9903047712674908
0.28772794358898846	0.9903057051794635
0.28772803508468847	0.9903066389566338
0.28772812656712976	0.9903075725990276
0.28772821803632004	0.9903085061066706
0.2877283094922602	0.9903094394795889
0.28772840093494784	0.9903103727178083
0.287728492364392	0.9903113058213548
0.28772858378059174	0.9903122387902543
0.2877286751835542	0.9903131716245325
0.2877287665732783	0.9903141043242154
0.2877288579497628	0.9903150368893288
0.2877289493130162	0.9903159693198986
0.2877290406630372	0.9903169016159508
0.28772913199983086	0.9903178337775109
0.28772922332340056	0.9903187658046052
0.28772931463374785	0.9903196976972591
0.28772940593087437	0.9903206294554986
0.2877294972147814	0.9903215610793495
0.28772958848547375	0.9903224925688379
0.2877296797429542	0.9903234239239892
0.28772977098722236	0.9903243551448294
0.28772986221828584	0.9903252862313843
0.2877299534361391	0.9903262171836796
0.28773004464079616	0.9903271480017413
0.2877301358322496	0.9903280786855949
0.2877302270105101	0.9903290092352662
0.28773031817556993	0.9903299396507812
0.2877304093274396	0.9903308699321657
0.2877305004661195	0.990331800079445
0.28773059159161	0.9903327300926453
0.287730682703918	0.9903336599717921
0.287730773803047	0.9903345897169114
0.2877308648889921	0.9903355193280285
0.28773095596176146	0.9903364488051695
0.2877310470213551	0.99033737814836
0.28773113806777945	0.9903383073576255
0.28773122910102916	0.9903392364329923
0.2877313201211156	0.9903401653744854
0.2877314111280414	0.9903410941821309
0.2877315021217996	0.9903420228559544
0.28773159310240437	0.9903429513959816
0.28773168406984334	0.990343879802238
0.2877317750241356	0.9903448080747497
0.2877318659652703	0.9903457362135419
0.2877319568932613	0.9903466642186405
0.2877320478081043	0.9903475920900711
0.287732138709803	0.9903485198278592
0.28773222959835776	0.9903494474320306
0.2877323204737773	0.9903503749026109
0.2877324113360566	0.9903513022396258
0.28773250218520596	0.9903522294431009
0.28773259302121856	0.9903531565130617
0.28773268384410444	0.9903540834495339
0.2877327746538667	0.990355010252543
0.2877328654505051	0.9903559369221147
0.2877329562340192	0.9903568634582746
0.28773304700441704	0.9903577898610482
0.2877331377616963	0.990358716130461
0.28773322850586314	0.9903596422665389
0.2877333192369167	0.9903605682693072
0.2877334099548629	0.9903614941387914
0.2877335006597075	0.9903624198750172
0.28773359135144294	0.9903633454780102
0.28773368203007965	0.9903642709477957
0.2877337726956166	0.9903651962843995
0.28773386334805745	0.990366121487847
0.2877339539874009	0.9903670465581639
0.28773404461366225	0.9903679714953751
0.28773413522683144	0.9903688962995071
0.2877342258269104	0.9903698209705845
0.2877343164139089	0.9903707455086335
0.287734406987827	0.9903716699136789
0.287734497548666	0.9903725941857467
0.287734588096429	0.9903735183248621
0.2877346786311222	0.9903744423310508
0.2877347691527419	0.9903753662043382
0.28773485966129075	0.9903762899447497
0.28773495015677814	0.9903772135523106
0.28773504063919825	0.9903781370270467
0.2877351311085587	0.9903790603689832
0.2877352215648633	0.9903799835781457
0.28773531200810964	0.9903809066545595
0.2877354024383015	0.9903818295982499
0.2877354928554476	0.9903827524092427
0.2877355832595401	0.990383675087563
0.2877356736505875	0.9903845976332363
0.28773576402859674	0.9903855200462878
0.28773585439355787	0.9903864423267434
0.28773594474548597	0.9903873644746279
0.2877360350843792	0.9903882864899672
0.2877361254102376	0.9903892083727863
0.28773621572306224	0.9903901301231107
0.28773630602286143	0.990391051740966
0.28773639630963627	0.990391973226377
0.28773648658338624	0.9903928945793695
0.28773657684411574	0.9903938157999688
0.28773666709182577	0.9903947368882001
0.2877367573265238	0.9903956578440887
0.28773684754820233	0.9903965786676602
0.28773693775687537	0.9903974993589397
0.28773702795254363	0.9903984199179525
0.28773711813519914	0.9903993403447241
0.2877372083048525	0.9904002606392796
0.2877372984615072	0.9904011808016443
0.28773738860516535	0.9904021008318435
0.2877374787358236	0.9904030207299027
0.2877375688534939	0.9904039404958469
0.28773765895817105	0.9904048601297016
0.2877377490498583	0.990405779631492
0.2877378391285606	0.9904066990012432
0.2877379291942808	0.9904076182389807
0.2877380192470204	0.9904085373447296
0.2877381092867822	0.9904094563185152
0.287738199313569	0.9904103751603627
0.2877382893273783	0.9904112938702974
0.28773837932821805	0.9904122124483442
0.28773846931609387	0.9904131308945288
0.28773855929099995	0.9904140492088761
0.28773864925294695	0.9904149673914113
0.28773873920192544	0.9904158854421601
0.28773882913795257	0.9904168033611469
0.2877389190610239	0.9904177211483975
0.28773900897113946	0.9904186388039369
0.2877390988683031	0.99041955632779
0.28773918875251986	0.9904204737199825
0.2877392786237931	0.990421390980539
0.28773936848212456	0.9904223081094852
0.28773945832750725	0.9904232251068459
0.28773954815995784	0.9904241419726464
0.2877396379794692	0.9904250587069117
0.28773972778604945	0.990425975309667
0.28773981757970135	0.9904268917809375
0.287739907360421	0.9904278081207482
0.2877399971282144	0.9904287243291243
0.2877400868830842	0.9904296404060908
0.2877401766250312	0.9904305563516731
0.2877402663540679	0.990431472165896
0.2877403560701815	0.9904323878487847
0.28774044577338104	0.9904333034003643
0.28774053546367523	0.9904342188206597
0.2877406251410546	0.9904351341096964
0.28774071480553426	0.9904360492674991
0.28774080445710803	0.9904369642940928
0.28774089409577575	0.9904378791895028
0.2877409837215511	0.9904387939537541
0.2877410733344271	0.9904397085868718
0.28774116293440716	0.9904406230888807
0.287741252521501	0.990441537459806
0.2877413420957033	0.9904424516996729
0.2877414316570186	0.9904433658085061
0.28774152120545154	0.9904442797863307
0.2877416107410015	0.990445193633172
0.2877417002636728	0.9904461073490545
0.28774178977346976	0.9904470209340034
0.28774187927039313	0.990447934388044
0.28774196875444213	0.9904488477112008
0.28774205822562554	0.9904497609034991
0.28774214768394085	0.9904506739649639
0.2877422371293883	0.99045158689562
0.2877423265619785	0.9904524996954924
0.28774241598171163	0.9904534123646059
0.28774250538858126	0.9904543249029859
0.28774259478260256	0.9904552373106568
0.2877426841637689	0.990456149587644
0.28774277353208855	0.9904570617339722
0.2877428628875598	0.9904579737496663
0.28774295223018564	0.9904588856347514
0.2877430415599708	0.9904597973892522
0.28774313087691666	0.9904607090131937
0.2877432201810226	0.9904616205066007
0.28774330947229815	0.9904625318694983
0.28774339875074095	0.9904634431019114
0.28774348801635197	0.9904643542038646
0.28774357726913863	0.9904652651753829
0.2877436665090968	0.9904661760164915
0.28774375573623867	0.9904670867272147
0.2877438449505533	0.9904679973075778
0.2877439341520544	0.9904689077576054
0.2877440233407425	0.9904698180773226
0.28774411251661264	0.9904707282667541
0.28774420167968046	0.9904716383259246
0.28774429082993747	0.990472548254859
0.28774437996738544	0.9904734580535824
0.2877444690920344	0.9904743677221193
0.2877445582038859	0.9904752772604947
0.28774464730293464	0.9904761866687333
0.2877447363891922	0.9904770959468598
0.2877448254626529	0.9904780050948992
0.28774491452332474	0.9904789141128764
0.287745003571209	0.9904798230008158
0.28774509260630815	0.9904807317587423
0.2877451816286283	0.9904816403866809
0.28774527063815836	0.9904825488846561
0.2877453596349161	0.9904834572526929
0.2877454486188986	0.9904843654908159
0.2877455375901084	0.9904852735990497
0.2877456265485457	0.9904861815774194
0.2877457154942128	0.9904870894259495
0.2877458044271199	0.9904879971446648
0.28774589334725736	0.9904889047335901
0.2877459822546369	0.9904898121927499
0.287746071149257	0.990490719522169
0.2877461600311209	0.9904916267218722
0.28774624890023026	0.9904925337918842
0.2877463377565898	0.9904934407322297
0.28774642660020106	0.9904943475429332
0.28774651543106683	0.9904952542240196
0.28774660424918347	0.9904961607755135
0.2877466930545654	0.9904970671974395
0.28774678184720526	0.9904979734898224
0.28774687062710746	0.9904988796526867
0.28774695939427614	0.9904997856860573
0.28774704814871216	0.9905006915899586
0.2877471368904177	0.9905015973644152
0.2877472256194003	0.9905025030094522
0.2877473143356587	0.9905034085250937
0.28774740303918994	0.9905043139113646
0.28774749173000613	0.9905052191682894
0.2877475804081042	0.9905061242958929
0.2877476690734877	0.9905070292941994
0.2877477577261566	0.9905079341632337
0.2877478463661194	0.9905088389030203
0.287747934993371	0.990509743513584
0.2877480236079228	0.9905106479949493
0.28774811220976626	0.9905115523471405
0.2877482007989094	0.9905124565701826
0.28774828937535685	0.9905133606640999
0.2877483779391131	0.990514264628917
0.28774846649017244	0.9905151684646584
0.28774855502853763	0.9905160721713488
0.28774864355422297	0.9905169757490128
0.28774873206721746	0.9905178791976746
0.28774882056752854	0.990518782517359
0.28774890905516365	0.9905196857080905
0.28774899753011485	0.9905205887698936
0.2877490859923961	0.9905214917027927
0.28774917444199594	0.9905223945068125
0.28774926287892816	0.9905232971819774
0.2877493513031963	0.9905241997283118
0.28774943971479044	0.9905251021458403
0.2877495281137273	0.9905260044345876
0.2877496165000019	0.9905269065945779
0.2877497048736157	0.9905278086258356
0.2877497932345719	0.9905287105283852
0.2877498815828734	0.9905296123022514
0.28774996991852503	0.9905305139474586
0.2877500582415261	0.9905314154640312
0.2877501465518847	0.9905323168519934
0.2877502348495932	0.99053321811137
0.28775032313466264	0.9905341192421853
0.2877504114070924	0.9905350202444635
0.2877504996668863	0.9905359211182294
0.2877505879140419	0.9905368218635073
0.28775067614856803	0.9905377224803216
0.28775076437046193	0.9905386229686965
0.28775085257972893	0.9905395233286567
0.28775094077637126	0.9905404235602263
0.28775102896038895	0.99054132366343
0.28775111713178736	0.9905422236382919
0.2877512052905681	0.9905431234848365
0.2877512934367346	0.9905440232030882
0.28775138157028674	0.9905449227930714
0.2877514696912294	0.9905458222548101
0.28775155779955885	0.9905467215883292
0.2877516458952884	0.9905476207936528
0.287751733978414	0.990548519870805
0.2877518220489319	0.9905494188198106
0.2877519101068617	0.9905503176406936
0.287751998152189	0.9905512163334783
0.2877520861849217	0.9905521148981892
0.2877521742050604	0.9905530133348507
0.2877522622126161	0.9905539116434866
0.28775235020758255	0.9905548098241218
0.28775243818996377	0.9905557078767804
0.2877525261597618	0.9905566058014863
0.28775261411698566	0.9905575035982644
0.28775270206162523	0.9905584012671386
0.2877527899936961	0.9905592988081332
0.2877528779131932	0.9905601962212727
0.28775296582011844	0.9905610935065808
0.2877530537144816	0.9905619906640823
0.28775314159627097	0.9905628876938015
0.2877532294655014	0.9905637845957623
0.28775331732217607	0.990564681369989
0.2877534051662876	0.990565578016506
0.28775349299784586	0.9905664745353372
0.2877535808168467	0.9905673709265073
0.2877536686233049	0.9905682671900401
0.2877537564172078	0.9905691633259599
0.28775384419856964	0.9905700593342911
0.2877539319673846	0.9905709552150577
0.2877540197236549	0.9905718509682839
0.2877541074673897	0.9905727465939941
0.2877541951985929	0.9905736420922121
0.2877542829172566	0.9905745374629624
0.28775437062339093	0.990575432706269
0.28775445831699314	0.9905763278221563
0.28775454599807504	0.9905772228106479
0.2877546336666266	0.9905781176717686
0.287754721322658	0.9905790124055422
0.2877548089661658	0.9905799070119928
0.28775489659715986	0.9905808014911449
0.2877549842156384	0.9905816958430221
0.2877550718216077	0.9905825900676489
0.28775515941506236	0.9905834841650494
0.28775524699601196	0.9905843781352475
0.28775533456445257	0.9905852719782674
0.28775542212039534	0.9905861656941333
0.2877555096638326	0.990587059282869
0.2877555971947739	0.9905879527444991
0.2877556847132198	0.9905888460790472
0.28775577221916593	0.9905897392865377
0.2877558597126281	0.9905906323669943
0.2877559471936002	0.9905915253204416
0.28775603466208577	0.9905924181469031
0.28775612211808355	0.9905933108464032
0.2877562095616023	0.9905942034189659
0.28775629699264554	0.9905950958646151
0.2877563844112082	0.990595988183375
0.2877564718172989	0.9905968803752696
0.2877565592109139	0.9905977724403229
0.28775664659205996	0.9905986643785589
0.2877567339607402	0.9905995561900015
0.2877568213169559	0.9906004478746749
0.2877569086607015	0.9906013394326032
0.28775699599199867	0.99060223086381
0.28775708331083133	0.9906031221683197
0.2877571706172074	0.990604013346156
0.2877572579111346	0.990604904397343
0.28775734519260854	0.9906057953219047
0.28775743246163343	0.990606686119865
0.2877575197182133	0.9906075767912479
0.2877576069623471	0.9906084673360773
0.2877576941940436	0.9906093577543773
0.2877577814132984	0.9906102480461717
0.28775786862011665	0.9906111382114844
0.28775795581450214	0.9906120282503397
0.2877580429964532	0.990612918162761
0.2877581301659751	0.9906138079487726
0.28775821732307283	0.9906146976083983
0.287758304467743	0.9906155871416618
0.28775839159999367	0.9906164765485873
0.28775847871981797	0.9906173658291988
0.28775856582723247	0.99061825498352
0.28775865292222824	0.9906191440115746
0.2877587400048081	0.9906200329133867
0.2877588270749851	0.9906209216889802
0.28775891413274823	0.9906218103383789
0.2877590011781019	0.9906226988616068
0.28775908821105706	0.9906235872586876
0.2877591752316128	0.9906244755296452
0.2877592622397664	0.9906253636745035
0.28775934923552166	0.9906262516932863
0.2877594362188861	0.9906271395860174
0.28775952318985487	0.9906280273527208
0.2877596101484386	0.9906289149934201
0.2877596970946323	0.9906298025081393
0.28775978402844465	0.9906306898969022
0.28775987094986893	0.9906315771597323
0.2877599578589223	0.9906324642966537
0.28776004475559236	0.9906333513076904
0.28776013163988606	0.9906342381928658
0.28776021851180633	0.9906351249522038
0.2877603053713581	0.9906360115857283
0.28776039221854416	0.9906368980934631
0.28776047905336066	0.9906377844754317
0.2877605658758154	0.9906386707316581
0.2877606526859061	0.990639556862166
0.2877607394836405	0.990640442866979
0.28776082626901417	0.9906413287461213
0.2877609130420382	0.9906422144996162
0.2877609998027098	0.9906431001274876
0.2877610865510313	0.9906439856297592
0.2877611732870031	0.9906448710064547
0.28776126001063596	0.9906457562575979
0.2877613467219216	0.9906466413832125
0.2877614334208705	0.9906475263833221
0.28776152010747774	0.9906484112579506
0.28776160678174845	0.9906492960071215
0.2877616934436912	0.9906501806308585
0.28776178009329734	0.9906510651291855
0.2877618667305837	0.990651949502126
0.28776195335553817	0.9906528337497038
0.28776203996816707	0.9906537178719423
0.2877621265684787	0.9906546018688657
0.2877622131564707	0.990655485740497
0.28776229973214423	0.9906563694868603
0.28776238629550366	0.990657253107979
0.2877624728465517	0.990658136603877
0.28776255938528916	0.9906590199745778
0.28776264591171674	0.990659903220105
0.2877627324258404	0.9906607863404823
0.28776281892766403	0.9906616693357332
0.28776290541718647	0.9906625522058814
0.2877629918944115	0.9906634349509504
0.2877630783593397	0.9906643175709642
0.2877631648119761	0.9906652000659459
0.2877632512523195	0.9906660824359194
0.28776333768037315	0.9906669646809081
0.2877634240961441	0.9906678468009357
0.28776351049962867	0.9906687287960256
0.28776359689083025	0.9906696106662017
0.2877636832697554	0.9906704924114872
0.28776376963639694	0.990671374031906
0.28776385599077153	0.9906722555274815
0.28776394233287017	0.990673136898237
0.2877640286626974	0.9906740181441965
0.2877641149802611	0.9906748992653832
0.2877642012855537	0.9906757802618208
0.2877642875785862	0.9906766611335328
0.28776437385935794	0.9906775418805427
0.28776446012787277	0.9906784225028739
0.28776454638412813	0.9906793030005501
0.2877646326281295	0.9906801833735948
0.2877647188598861	0.9906810636220311
0.28776480507938784	0.990681943745883
0.28776489128664196	0.9906828237451739
0.28776497748165025	0.9906837036199272
0.28776506366441823	0.9906845833701662
0.2877651498349474	0.9906854629959145
0.28776523599323783	0.9906863424971958
0.2877653221392945	0.9906872218740331
0.28776540827311553	0.9906881011264502
0.28776549439470905	0.9906889802544706
0.2877655805040714	0.9906898592581174
0.28776566660120717	0.9906907381374144
0.28776575268612103	0.9906916168923848
0.28776583875881395	0.9906924955230518
0.2877659248192853	0.9906933740294395
0.2877660108675429	0.9906942524115708
0.28776609690358396	0.9906951306694692
0.2877661829274111	0.9906960088031582
0.28776626893903345	0.9906968868126611
0.2877663549384449	0.9906977646980013
0.28776644092565257	0.9906986424592024
0.2877665269006588	0.9906995200962874
0.2877666128634586	0.9907003976092799
0.28776669881406264	0.9907012749982034
0.2877667847524727	0.990702152263081
0.2877668706786855	0.9907030294039362
0.2877669565927113	0.9907039064207923
0.2877670424945466	0.9907047833136727
0.2877671283841928	0.9907056600826007
0.2877672142616568	0.9907065367275998
0.28776730012693796	0.9907074132486929
0.2877673859800395	0.990708289645904
0.28776747182096246	0.9907091659192557
0.2877675576497081	0.990710042068772
0.2877676434662877	0.9907109180944755
0.28776772927068844	0.9907117939963902
0.2877678150629251	0.9907126697745391
0.2877679008429966	0.9907135454289451
0.28776798661090197	0.9907144209596322
0.287768072366647	0.9907152963666233
0.28776815811023393	0.9907161716499416
0.28776824384166316	0.9907170468096106
0.287768329560937	0.9907179218456533
0.2877684152680607	0.9907187967580933
0.2877685009630294	0.9907196715469536
0.2877685866458569	0.9907205462122576
0.287768672316533	0.9907214207540285
0.2877687579750697	0.9907222951722893
0.28776884362146515	0.9907231694670637
0.2877689292557225	0.9907240436383745
0.28776901487784506	0.9907249176862453
0.2877691004878305	0.990725791610699
0.28776918608568725	0.9907266654117588
0.28776927167140937	0.9907275390894483
0.2877693572450084	0.9907284126437903
0.2877694428064802	0.9907292860748081
0.28776952835583247	0.9907301593825251
0.28776961389306277	0.9907310325669643
0.2877696994181769	0.9907319056281488
0.287769784931174	0.9907327785661018
0.2877698704320596	0.9907336513808466
0.2877699559208344	0.9907345240724063
0.28777004139749696	0.990735396640804
0.287770126862053	0.990736269086063
0.28777021231451116	0.9907371414082065
0.28777029775486324	0.9907380136072572
0.2877703831831143	0.9907388856832386
0.287770468599268	0.990739757636174
0.28777055400332757	0.9907406294660862
0.2877706393952964	0.9907415011729983
0.2877707247751742	0.9907423727569337
0.2877708101429607	0.9907432442179152
0.2877708954986641	0.990744115555966
0.28777098084228914	0.9907449867711092
0.28777106617382137	0.9907458578633682
0.2877711514932844	0.9907467288327655
0.28777123680066363	0.9907475996793247
0.28777132209597034	0.9907484704030688
0.2877714073792123	0.9907493410040205
0.2877714926503764	0.9907502114822032
0.28777157790947017	0.9907510818376399
0.2877716631565029	0.9907519520703536
0.2877717483914751	0.9907528221803674
0.2877718336143819	0.9907536921677044
0.28777191882523245	0.9907545620323874
0.28777200402402686	0.9907554317744397
0.28777208921076886	0.9907563013938842
0.28777217438545316	0.9907571708907439
0.2877722595480955	0.990758040265042
0.2877723446986836	0.9907589095168013
0.287772429837233	0.9907597786460449
0.2877725149637346	0.9907606476527958
0.2877726000782021	0.9907615165370769
0.287772685180628	0.9907623852989114
0.28777277027101367	0.9907632539383221
0.28777285534936886	0.990764122455332
0.2877729404156929	0.9907649908499642
0.287773025469992	0.9907658591222414
0.28777311051226007	0.9907667272721868
0.28777319554250497	0.9907675952998234
0.2877732805607238	0.9907684632051741
0.2877733655669279	0.9907693309882617
0.2877734505611158	0.9907701986491092
0.2877735355432847	0.9907710661877396
0.2877736205134402	0.9907719336041758
0.28777370547158254	0.9907728008984408
0.28777379041771894	0.9907736680705574
0.28777387535184973	0.9907745351205486
0.28777396027397817	0.9907754020484373
0.28777404518410094	0.9907762688542463
0.28777413008222835	0.9907771355379986
0.2877742149683533	0.9907780020997172
0.28777429984248587	0.9907788685394248
0.28777438470462585	0.9907797348571443
0.2877744695547727	0.9907806010528987
0.2877745543929364	0.9907814671267106
0.2877746392191113	0.9907823330786032
0.28777472403329984	0.9907831989085992
0.2877748088355103	0.9907840646167215
0.28777489362573994	0.9907849302029929
0.2877749784039949	0.9907857956674364
0.28777506317027235	0.9907866610100745
0.2877751479245782	0.9907875262309305
0.287775232666913	0.9907883913300268
0.2877753173972791	0.9907892563073865
0.2877754021156854	0.9907901211630322
0.2877754868221237	0.9907909858969869
0.2877755715165977	0.9907918505092734
0.2877756561991197	0.9907927149999144
0.2877757408696776	0.9907935793689328
0.2877758255282837	0.9907944436163512
0.28777591017494114	0.9907953077421926
0.2877759948096448	0.9907961717464797
0.28777607943240296	0.9907970356292354
0.28777616404321193	0.9907978993904821
0.2877762486420852	0.990798763030243
0.28777633322901347	0.9907996265485405
0.28777641780399976	0.9908004899453977
0.2877765023670555	0.9908013532208372
0.2877765869181714	0.9908022163748815
0.28777667145735686	0.9908030794075537
0.28777675598461294	0.9908039423188765
0.28777684049994373	0.9908048051088725
0.2877769250033465	0.9908056677775643
0.28777700949482876	0.9908065303249748
0.28777709397439105	0.9908073927511266
0.28777717844203204	0.9908082550560425
0.28777726289775385	0.9908091172397453
0.28777734734156707	0.9908099793022576
0.28777743177346515	0.990810841243602
0.28777751619345665	0.9908117030638012
0.28777760060154006	0.990812564762878
0.2877776849977186	0.990813426340855
0.2877777693819888	0.9908142877977549
0.28777785375436427	0.9908151491336002
0.2877779381148378	0.9908160103484139
0.2877780224634177	0.9908168714422184
0.2877781068001034	0.9908177324150363
0.28777819112489456	0.9908185932668904
0.2877782754378042	0.9908194539978032
0.28777835973882143	0.9908203146077976
0.28777844402795394	0.990821175096896
0.28777852830519923	0.990822035465121
0.28777861257057197	0.9908228957124954
0.28777869682406076	0.9908237558390416
0.2877787810656783	0.9908246158447822
0.28777886529541646	0.9908254757297401
0.28777894951328786	0.9908263354939375
0.2877790337192912	0.9908271951373974
0.2877791179134215	0.990828054660142
0.2877792020956877	0.9908289140621942
0.28777928626609683	0.9908297733435761
0.28777937042464036	0.9908306325043109
0.2877794545713251	0.990831491544421
0.2877795387061545	0.9908323504639285
0.28777962282913705	0.9908332092628562
0.28777970694026034	0.990834067941227
0.2877797910395361	0.990834926499063
0.2877798751269657	0.990835784936387
0.28777995920255384	0.9908366432532214
0.28778004326629636	0.9908375014495888
0.28778012731819624	0.9908383595255116
0.287780211358256	0.9908392174810123
0.2877802953864872	0.9908400753161136
0.28778037940288176	0.990840933030838
0.287780463407444	0.9908417906252078
0.2877805474001763	0.9908426480992456
0.28778063138108095	0.9908435054529741
0.28778071535016375	0.9908443626864154
0.2877807993074198	0.9908452197995922
0.28778088325285994	0.9908460767925268
0.28778096718648094	0.9908469336652421
0.2877810511082829	0.99084779041776
0.2877811350182764	0.9908486470501034
0.2877812189164546	0.9908495035622945
0.28778130280282593	0.9908503599543559
0.28778138667738695	0.99085121622631
0.28778147054014425	0.9908520723781792
0.2877815543911011	0.9908529284099858
0.28778163823025527	0.9908537843217524
0.2877817220576099	0.9908546401135014
0.28778180587317126	0.9908554957852554
0.28778188967694057	0.9908563513370365
0.28778197346891177	0.9908572067688672
0.28778205724909817	0.99085806208077
0.287782141017497	0.9908589172727673
0.28778222477411264	0.9908597723448812
0.28778230851894043	0.9908606272971344
0.2877823922519934	0.9908614821295492
0.2877824759732649	0.9908623368421479
0.287782559682759	0.9908631914349529
0.2877826433804848	0.9908640459079867
0.2877827270664321	0.9908649002612716
0.2877828107406168	0.9908657544948298
0.2877828944030252	0.9908666086086838
0.28778297805367636	0.990867462602856
0.28778306169256346	0.9908683164773684
0.2877831453196898	0.9908691702322437
0.28778322893505337	0.9908700238675041
0.2877833125386681	0.9908708773831718
0.28778339613052123	0.9908717307792696
0.2877834797106246	0.9908725840558191
0.28778356327898297	0.990873437212843
0.28778364683559227	0.9908742902503637
0.28778373038044824	0.9908751431684033
0.28778381391357305	0.9908759959669841
0.2877838974349464	0.9908768486461285
0.28778398094458857	0.9908777012058587
0.28778406444248966	0.9908785536461969
0.28778414792865925	0.9908794059671656
0.2877842314030942	0.990880258168787
0.2877843148658041	0.9908811102510832
0.2877843983167838	0.9908819622140764
0.28778448175603744	0.9908828140577892
0.2877845651835669	0.9908836657822435
0.28778464859937586	0.9908845173874619
0.28778473200346977	0.9908853688734661
0.287784815395838	0.990886220240279
0.28778489877649993	0.9908870714879221
0.2877849821454501	0.9908879226164182
0.2877850655026867	0.9908887736257894
0.28778514884821965	0.9908896245160577
0.28778523218204183	0.9908904752872454
0.28778531550415964	0.9908913259393748
0.28778539881457793	0.9908921764724679
0.2877854821132978	0.990893026886547
0.2877855654003238	0.9908938771816342
0.2877856486756499	0.990894727357752
0.2877857319392875	0.9908955774149222
0.2877858151912304	0.9908964273531672
0.2877858984314883	0.990897277172509
0.28778598166005975	0.9908981268729696
0.28778606487694747	0.9908989764545716
0.2877861480821552	0.9908998259173368
0.28778623127568	0.9909006752612877
0.28778631445752906	0.990901524486446
0.2877863976277046	0.9909023735928341
0.2877864807862031	0.990903222580474
0.2877865639330371	0.9909040714493879
0.2877866470681978	0.9909049201995979
0.2877867301916902	0.990905768831126
0.28778681330352335	0.9909066173439945
0.2877868964036914	0.9909074657382254
0.2877869794922013	0.9909083140138407
0.28778706256905595	0.9909091621708627
0.28778714563425345	0.9909100102093134
0.28778722868779294	0.9909108581292148
0.28778731172968636	0.9909117059305892
0.28778739475993104	0.9909125536134583
0.2877874777785263	0.9909134011778444
0.28778756078548007	0.9909142486237695
0.28778764378078786	0.9909150959512558
0.28778772676445924	0.9909159431603252
0.28778780973649304	0.9909167902509998
0.2877878926968917	0.9909176372233014
0.2877879756456521	0.9909184840772525
0.2877880585827835	0.9909193308128748
0.2877881415082809	0.9909201774301903
0.2877882244221588	0.9909210239292212
0.2877883073244083	0.9909218703099895
0.2877883902150315	0.9909227165725171
0.28778847309404054	0.9909235627168258
0.2877885559614286	0.9909244087429382
0.28778863881719696	0.9909252546508758
0.28778872166135977	0.9909261004406607
0.28778880449390243	0.9909269461123148
0.2877888873148388	0.9909277916658603
0.2877889701241683	0.9909286371013191
0.28778905292189405	0.9909294824187131
0.2877891357080099	0.9909303276180643
0.28778921848252775	0.9909311726993947
0.28778930124544844	0.990932017662726
0.28778938399677295	0.9909328625080803
0.2877894667365002	0.9909337072354798
0.2877895494646346	0.9909345518449462
0.28778963218118375	0.9909353963365013
0.28778971488614485	0.9909362407101674
0.2877897975795148	0.9909370849659659
0.2877898802612992	0.9909379291039192
0.28778996293150744	0.990938773124049
0.2877900455901307	0.9909396170263772
0.28779012823718525	0.9909404608109258
0.287790210872657	0.9909413044777166
0.28779029349656193	0.9909421480267715
0.28779037610889635	0.9909429914581125
0.28779045870965314	0.9909438347717613
0.2877905412988497	0.9909446779677399
0.28779062387648574	0.9909455210460701
0.2877907064425502	0.9909463640067738
0.28779078899706406	0.9909472068498728
0.2877908715400142	0.9909480495753891
0.2877909540714108	0.9909488921833445
0.28779103659125116	0.9909497346737608
0.28779111909954713	0.9909505770466598
0.28779120159628885	0.9909514193020634
0.2877912840814843	0.9909522614399934
0.2877913665551324	0.9909531034604717
0.2877914490172428	0.99095394536352
0.2877915314678089	0.9909547871491603
0.2877916139068348	0.9909556288174142
0.28779169633432977	0.9909564703683036
0.28779177875029066	0.9909573118018501
0.2877918611547178	0.9909581531180759
0.2877919435476113	0.9909589943170026
0.2877920259289784	0.9909598353986518
0.28779210829882085	0.9909606763630456
0.2877921906571405	0.9909615172102055
0.2877922730039442	0.9909623579401535
0.2877923553392213	0.9909631985529113
0.28779243766298374	0.9909640390485004
0.28779251997523125	0.9909648794269429
0.2877926022759669	0.9909657196882603
0.2877926845651921	0.9909665598324746
0.2877927668429078	0.9909673998596072
0.28779284910912234	0.9909682397696802
0.287792931363826	0.9909690795627152
0.287793013607034	0.9909699192387337
0.28779309583873486	0.9909707587977576
0.28779317805894156	0.9909715982398087
0.2877932602676532	0.9909724375649087
0.2877933424648721	0.9909732767730791
0.28779342465060065	0.9909741158643418
0.2877935068248375	0.9909749548387183
0.28779358898759194	0.9909757936962307
0.2877936711388553	0.9909766324369002
0.2877937532786404	0.9909774710607486
0.2877938354069455	0.9909783095677976
0.2877939175237707	0.9909791479580691
0.28779399962911956	0.9909799862315843
0.28779408172299553	0.9909808243883653
0.2877941638053967	0.9909816624284338
0.28779424587633345	0.990982500351811
0.28779432793579657	0.9909833381585189
0.2877944099837981	0.990984175848579
0.2877944920203376	0.9909850134220128
0.2877945740454109	0.9909858508788422
0.28779465605902627	0.9909866882190888
0.2877947380611883	0.990987525442774
0.2877948200518892	0.9909883625499196
0.28779490203114566	0.9909891995405471
0.28779498399894626	0.9909900364146782
0.2877950659552987	0.9909908731723344
0.28779514790020555	0.9909917098135373
0.2877952298336673	0.9909925463383086
0.28779531175568984	0.9909933827466698
0.28779539366626994	0.9909942190386425
0.2877954755654153	0.9909950552142482
0.28779555745311886	0.9909958912735087
0.2877956393293951	0.9909967272164452
0.287795721194237	0.9909975630430796
0.2877958030476519	0.9909983987534333
0.2877958848896377	0.9909992343475278
0.287795966720198	0.9910000698253848
0.28779604853933605	0.9910009051870257
0.28779613034705354	0.9910017404324719
0.28779621214335344	0.9910025755617452
0.28779629392823547	0.9910034105748672
0.2877963757017044	0.9910042454718591
0.28779645746375604	0.9910050802527426
0.2877965392144023	0.9910059149175392
0.2877966209536405	0.9910067494662703
0.2877967026814717	0.9910075838989575
0.2877967843978985	0.9910084182156222
0.28779686610292887	0.9910092524162859
0.28779694779655096	0.9910100865009704
0.28779702947878333	0.9910109204696967
0.28779711114961576	0.9910117543224867
0.28779719280905774	0.9910125880593614
0.28779727445710773	0.9910134216803427
0.2877973560937716	0.9910142551854518
0.2877974377190441	0.9910150885747102
0.2877975193329344	0.9910159218481396
0.2877976009354442	0.9910167550057609
0.2877976825265666	0.9910175880475963
0.2877977641063139	0.9910184209736664
0.287797845674686	0.9910192537839934
0.2877979272316826	0.9910200864785981
0.2877980087773106	0.9910209190575022
0.28779809031156783	0.9910217515207271
0.2877981718344538	0.9910225838682942
0.2877982533459751	0.991023416100225
0.28779833484613465	0.9910242482165407
0.2877984163349354	0.9910250802172629
0.287798497812373	0.9910259121024128
0.2877985792784519	0.991026743872012
0.28779866073317834	0.9910275755260815
0.28779874217655316	0.9910284070646431
0.2877988236085733	0.991029238487718
0.2877989050292485	0.9910300697953275
0.2877989864385756	0.9910309009874931
0.2877990678365588	0.9910317320642361
0.28779914922319827	0.9910325630255776
0.28779923059849444	0.9910333938715395
0.28779931196245473	0.9910342246021427
0.2877993933150792	0.9910350552174086
0.2877994746563733	0.9910358857173587
0.2877995559863335	0.9910367161020139
0.28779963730495967	0.9910375463713962
0.28779971861226233	0.9910383765255264
0.2877997999082378	0.9910392065644259
0.2877998811928874	0.991040036488116
0.2877999624662198	0.9910408662966183
0.2878000437282344	0.9910416959899536
0.28780012497893087	0.9910425255681437
0.28780020621830826	0.9910433550312094
0.2878002874463733	0.9910441843791722
0.2878003686631322	0.9910450136120537
0.2878004498685806	0.9910458427298746
0.28780053106271747	0.9910466717326565
0.2878006122455508	0.9910475006204207
0.2878006934170848	0.9910483293931882
0.2878007745773167	0.9910491580509805
0.2878008557262539	0.9910499865938186
0.28780093686388997	0.9910508150217239
0.28780101799023405	0.9910516433347177
0.28780109910528834	0.9910524715328212
0.2878011802090494	0.9910532996160555
0.2878012613015246	0.991054127584442
0.28780134238271227	0.9910549554380018
0.2878014234526176	0.991055783176756
0.2878015045112389	0.9910566108007262
0.28780158555858665	0.9910574383099332
0.2878016665946499	0.9910582657043984
0.2878017476194444	0.991059092984143
0.2878018286329609	0.991059920149188
0.2878019096352096	0.9910607471995546
0.28780199062618633	0.9910615741352643
0.28780207160589766	0.991062400956338
0.2878021525743483	0.9910632276627969
0.28780223353152845	0.9910640542546623
0.2878023144774553	0.9910648807319552
0.28780239541211694	0.9910657070946968
0.2878024763355233	0.9910665333429082
0.28780255724768034	0.9910673594766106
0.28780263814858337	0.9910681854958251
0.28780271903823285	0.991069011400573
0.2878027999166347	0.9910698371908754
0.28780288078379107	0.9910706628667532
0.2878029616397095	0.9910714884282276
0.2878030424843776	0.9910723138753199
0.2878031233178152	0.991073139208051
0.2878032041400046	0.991073964426442
0.28780328495096363	0.9910747895305142
0.28780336575068866	0.9910756145202886
0.2878034465391813	0.991076439395786
0.28780352731644493	0.9910772641570281
0.28780360808248284	0.9910780888040356
0.28780368883729646	0.9910789133368294
0.287803769580887	0.9910797377554309
0.2878038503132541	0.9910805620598611
0.287803931034397	0.991081386250141
0.28780401174433307	0.9910822103262914
0.28780409244304705	0.9910830342883339
0.28780417313055257	0.9910838581362893
0.28780425380684677	0.9910846818701784
0.28780433447193243	0.9910855054900225