panel,series,t_min,x_cm_mm,probability_density_per_mm,Rg_over_lc,Re_over_lc,probability
C,living worm 20 C,4,44.719,,,,
C,living worm 20 C,4.03333,41.727,,,,
C,living worm 20 C,4.06667,41.829,,,,
C,living worm 20 C,4.1,42.679,,,,
C,living worm 20 C,4.13333,43.869,,,,
C,living worm 20 C,4.16667,48.187,,,,
C,living worm 20 C,4.2,49.819,,,,
C,living worm 20 C,4.23333,54.035,,,,
C,living worm 20 C,4.26667,58.693,,,,
C,living worm 20 C,4.3,64.507,,,,
C,living worm 20 C,4.33333,70.253,,,,
C,living worm 20 C,4.36667,74.741,,,,
C,living worm 20 C,4.4,80.419,,,,
C,living worm 20 C,4.43333,85.06,,,,
C,living worm 20 C,4.46667,85.213,,,,
C,living worm 20 C,4.5,89.361,,,,
C,living worm 20 C,4.53333,88.987,,,,
C,living worm 20 C,4.56667,89.939,,,,
C,living worm 20 C,4.6,89.905,,,,
C,living worm 20 C,4.63333,90.585,,,,
C,living worm 20 C,4.66667,90.449,,,,
C,living worm 20 C,4.7,90.993,,,,
C,living worm 20 C,4.73333,91.299,,,,
C,living worm 20 C,4.76667,91.639,,,,
C,living worm 20 C,4.8,91.35,,,,
C,living worm 20 C,4.83333,91.979,,,,
C,living worm 20 C,4.86667,91.673,,,,
C,living worm 20 C,4.9,92.115,,,,
C,living worm 20 C,4.93333,92.863,,,,
C,living worm 20 C,4.96667,92.421,,,,
C,living worm 20 C,5,92.387,,,,
C,living worm 20 C,5.03333,91.095,,,,
C,living worm 20 C,5.06667,92.455,,,,
C,living worm 20 C,5.1,92.149,,,,
C,living worm 20 C,5.13333,91.605,,,,
C,living worm 20 C,5.16667,92.523,,,,
C,living worm 20 C,5.2,92.387,,,,
C,living worm 20 C,5.23333,92.285,,,,
C,living worm 20 C,5.26667,93.033,,,,
C,living worm 20 C,5.3,91.095,,,,
C,living worm 20 C,5.33333,90.721,,,,
C,living worm 20 C,5.36667,92.557,,,,
C,living worm 20 C,5.4,92.591,,,,
C,living worm 20 C,5.43333,93.951,,,,
C,living worm 20 C,5.46667,92.455,,,,
C,living worm 20 C,5.5,90.823,,,,
C,living worm 20 C,5.53333,90.959,,,,
C,living worm 20 C,5.56667,92.081,,,,
C,living worm 20 C,5.6,91.707,,,,
C,living worm 20 C,5.63333,91.639,,,,
C,living worm 20 C,5.66667,90.925,,,,
C,living worm 20 C,5.7,91.503,,,,
C,living worm 20 C,5.73333,92.659,,,,
C,living worm 20 C,5.76667,92.387,,,,
C,living worm 20 C,5.8,92.659,,,,
C,living worm 20 C,5.83333,93.543,,,,
C,living worm 20 C,5.86667,92.523,,,,
C,living worm 20 C,5.9,89.667,,,,
C,living worm 20 C,5.93333,85.621,,,,
C,living worm 20 C,5.96667,83.003,,,,
C,living worm 20 C,6,77.087,,,,
C,living worm 20 C,6.03333,70.457,,,,
C,living worm 20 C,6.06667,65.799,,,,
C,living worm 20 C,6.1,60.121,,,,
C,living worm 20 C,6.13333,56.007,,,,
C,living worm 20 C,6.16667,49.207,,,,
C,living worm 20 C,6.2,44.991,,,,
C,living worm 20 C,6.23333,41.523,,,,
C,living worm 20 C,6.26667,36.763,,,,
C,living worm 20 C,6.3,34.893,,,,
C,living worm 20 C,6.33333,30.677,,,,
C,living worm 20 C,6.36667,30.065,,,,
C,living worm 20 C,6.4,29.555,,,,
C,living worm 20 C,6.43333,24.387,,,,
C,living worm 20 C,6.46667,20.715,,,,
C,living worm 20 C,6.5,15.479,,,,
C,living worm 20 C,6.53333,9.869,,,,
C,living worm 20 C,6.56667,7.081,,,,
C,living worm 20 C,6.6,5.925,,,,
C,living worm 20 C,6.63333,4.395,,,,
C,living worm 20 C,6.66667,4.905,,,,
C,living worm 20 C,6.7,5.109,,,,
C,living worm 20 C,6.73333,5.211,,,,
C,living worm 20 C,6.76667,3.851,,,,
C,living worm 20 C,6.8,4.361,,,,
C,living worm 20 C,6.83333,4.667,,,,
C,living worm 20 C,6.86667,5.483,,,,
C,living worm 20 C,6.9,3.579,,,,
C,living worm 20 C,6.93333,4.021,,,,
C,living worm 20 C,6.96667,5.177,,,,
C,living worm 20 C,7,3.477,,,,
C,living worm 20 C,7.03333,4.735,,,,
C,living worm 20 C,7.06667,4.667,,,,
C,living worm 20 C,7.1,3.851,,,,
C,living worm 20 C,7.13333,5.755,,,,
C,living worm 20 C,7.16667,4.667,,,,
C,living worm 20 C,7.2,3.443,,,,
C,living worm 20 C,7.23333,4.021,,,,
C,living worm 20 C,7.26667,5.279,,,,
C,living worm 20 C,7.3,5.245,,,,
C,living worm 20 C,7.33333,4.939,,,,
C,living worm 20 C,7.36667,4.327,,,,
C,living worm 20 C,7.4,3.613,,,,
C,living worm 20 C,7.43333,4.055,,,,
C,living worm 20 C,7.46667,5.041,,,,
C,living worm 20 C,7.5,5.381,,,,
C,living worm 20 C,7.53333,4.429,,,,
C,living worm 20 C,7.56667,5.891,,,,
C,living worm 20 C,7.6,3.749,,,,
C,living worm 20 C,7.63333,3.579,,,,
C,living worm 20 C,7.66667,3.137,,,,
C,living worm 20 C,7.7,3.409,,,,
C,living worm 20 C,7.73333,3.375,,,,
C,living worm 20 C,7.76667,2.559,,,,
C,living worm 20 C,7.8,4.769,,,,
C,living worm 20 C,7.83333,5.653,,,,
C,living worm 20 C,7.86667,6.877,,,,
C,living worm 20 C,7.9,8.033,,,,
C,living worm 20 C,7.93333,8.305,,,,
C,living worm 20 C,7.96667,13.201,,,,
C,living worm 20 C,8,17.655,,,,
C,living worm 20 C,8.03333,19.695,,,,
C,living worm 20 C,8.06667,24.795,,,,
C,living worm 20 C,8.1,26.223,,,,
C,living worm 20 C,8.13333,29.317,,,,
C,living worm 20 C,8.16667,30.337,,,,
C,living worm 20 C,8.2,34.655,,,,
C,living worm 20 C,8.23333,38.055,,,,
C,living worm 20 C,8.26667,42.407,,,,
C,living worm 20 C,8.3,46.249,,,,
C,living worm 20 C,8.33333,50.771,,,,
C,living worm 20 C,8.36667,51.723,,,,
C,living worm 20 C,8.4,56.687,,,,
C,living worm 20 C,8.43333,60.801,,,,
C,living worm 20 C,8.46667,63.963,,,,
C,living worm 20 C,8.5,68.485,,,,
C,living worm 20 C,8.53333,72.021,,,,
C,living worm 20 C,8.56667,77.869,,,,
C,living worm 20 C,8.6,82.629,,,,
C,living worm 20 C,8.63333,85.859,,,,
C,living worm 20 C,8.66667,89.395,,,,
C,living worm 20 C,8.7,89.871,,,,
C,living worm 20 C,8.73333,90.245,,,,
C,living worm 20 C,8.76667,89.463,,,,
C,living worm 20 C,8.8,91.095,,,,
C,living worm 20 C,8.83333,91.333,,,,
C,living worm 20 C,8.86667,90.551,,,,
C,living worm 20 C,8.9,91.061,,,,
C,living worm 20 C,8.93333,91.197,,,,
C,living worm 20 C,8.96667,92.285,,,,
C,living worm 20 C,9,90.449,,,,
C,living worm 20 C,9.03333,91.537,,,,
C,living worm 20 C,9.06667,91.163,,,,
C,living worm 20 C,9.1,91.333,,,,
C,living worm 20 C,9.13333,90.075,,,,
C,living worm 20 C,9.16667,91.911,,,,
C,living worm 20 C,9.2,92.523,,,,
C,living worm 20 C,9.23333,92.863,,,,
C,living worm 20 C,9.26667,91.265,,,,
C,living worm 20 C,9.3,92.217,,,,
C,living worm 20 C,9.33333,94.189,,,,
C,living worm 20 C,9.36667,93.713,,,,
C,living worm 20 C,9.4,93.713,,,,
C,living worm 20 C,9.43333,92.115,,,,
C,living worm 20 C,9.46667,91.945,,,,
C,living worm 20 C,9.5,93.135,,,,
C,living worm 20 C,9.53333,92.829,,,,
C,living worm 20 C,9.56667,93.373,,,,
C,living worm 20 C,9.6,93.033,,,,
C,living worm 20 C,9.63333,93.373,,,,
C,living worm 20 C,9.66667,93.985,,,,
C,living worm 20 C,9.7,93.067,,,,
C,living worm 20 C,9.73333,92.421,,,,
C,living worm 20 C,9.76667,92.387,,,,
C,living worm 20 C,9.8,91.52,,,,
C,living worm 20 C,9.83333,90.993,,,,
C,living worm 20 C,9.86667,91.265,,,,
C,living worm 20 C,9.9,90.993,,,,
C,living worm 20 C,9.93333,91.945,,,,
C,living worm 20 C,9.96667,92.897,,,,
C,living worm 20 C,10,94.291,,,,
C,living worm 20 C,10.0333,92.557,,,,
C,living worm 20 C,10.0667,92.421,,,,
C,living worm 20 C,10.1,93.033,,,,
C,living worm 20 C,10.1333,90.993,,,,
C,living worm 20 C,10.1667,87.525,,,,
C,living worm 20 C,10.2,84.771,,,,
C,living worm 20 C,10.2333,81.847,,,,
C,living worm 20 C,10.2667,78.889,,,,
C,living worm 20 C,10.3,75.285,,,,
C,living worm 20 C,10.3333,69.675,,,,
C,living worm 20 C,10.3667,68.825,,,,
C,living worm 20 C,10.4,63.64,,,,
C,living worm 20 C,10.4333,60.903,,,,
C,living worm 20 C,10.4667,57.061,,,,
C,living worm 20 C,10.5,52.063,,,,
C,living worm 20 C,10.5333,50.669,,,,
C,living worm 20 C,10.5667,46.997,,,,
C,living worm 20 C,10.6,41.217,,,,
C,living worm 20 C,10.6333,39.245,,,,
C,living worm 20 C,10.6667,36.253,,,,
C,living worm 20 C,10.7,33.669,,,,
C,living worm 20 C,10.7333,30.745,,,,
C,living worm 20 C,10.7667,26.427,,,,
C,living worm 20 C,10.8,24.523,,,,
C,living worm 20 C,10.8333,20.545,,,,
C,living worm 20 C,10.8667,17.791,,,,
C,living worm 20 C,10.9,16.329,,,,
C,living worm 20 C,10.9333,12.351,,,,
C,living worm 20 C,10.9667,11.365,,,,
C,living worm 20 C,11,9.529,,,,
C,living worm 20 C,11.0333,9.257,,,,
C,living worm 20 C,11.0667,8.203,,,,
C,living worm 20 C,11.1,6.945,,,,
C,living worm 20 C,11.1333,6.809,,,,
C,living worm 20 C,11.1667,5.891,,,,
C,living worm 20 C,11.2,6.095,,,,
C,living worm 20 C,11.2333,4.412,,,,
C,living worm 20 C,11.2667,5.075,,,,
C,living worm 20 C,11.3,5.245,,,,
C,living worm 20 C,11.3333,4.463,,,,
C,living worm 20 C,11.3667,4.361,,,,
C,living worm 20 C,11.4,3.613,,,,
C,living worm 20 C,11.4333,2.627,,,,
C,living worm 20 C,11.4667,2.865,,,,
C,living worm 20 C,11.5,2.797,,,,
C,living worm 20 C,11.5333,3.205,,,,
C,living worm 20 C,11.5667,4.497,,,,
C,living worm 20 C,11.6,3.681,,,,
C,living worm 20 C,11.6333,2.593,,,,
C,living worm 20 C,11.6667,3.783,,,,
C,living worm 20 C,11.7,2.967,,,,
C,living worm 20 C,11.7333,4.599,,,,
C,living worm 20 C,11.7667,6.061,,,,
C,living worm 20 C,11.8,10.039,,,,
C,living worm 20 C,11.8333,15.343,,,,
C,living worm 20 C,11.8667,16.737,,,,
C,living worm 20 C,11.9,14.867,,,,
C,living worm 20 C,11.9333,14.493,,,,
C,living worm 20 C,11.9667,14.765,,,,
C,living worm 20 C,12,13.507,,,,
C,living worm 20 C,12.0333,10.005,,,,
C,living worm 20 C,12.0667,8.883,,,,
C,living worm 20 C,12.1,6.877,,,,
C,living worm 20 C,12.1333,7.387,,,,
C,living worm 20 C,12.1667,7.591,,,,
C,living worm 20 C,12.2,7.795,,,,
C,living worm 20 C,12.2333,6.129,,,,
C,living worm 20 C,12.2667,5.517,,,,
C,living worm 20 C,12.3,4.599,,,,
C,living worm 20 C,12.3333,4.769,,,,
C,living worm 20 C,12.3667,5.041,,,,
C,living worm 20 C,12.4,4.293,,,,
C,living worm 20 C,12.4333,4.361,,,,
C,living worm 20 C,12.4667,4.803,,,,
C,living worm 20 C,12.5,5.279,,,,
C,living worm 20 C,12.5333,3.953,,,,
C,living worm 20 C,12.5667,3.987,,,,
C,living worm 20 C,12.6,3.545,,,,
C,living worm 20 C,12.6333,4.191,,,,
C,living worm 20 C,12.6667,4.463,,,,
C,living worm 20 C,12.7,2.831,,,,
C,living worm 20 C,12.7333,2.474,,,,
C,living worm 20 C,12.7667,3.171,,,,
C,living worm 20 C,12.8,2.899,,,,
C,living worm 20 C,12.8333,2.423,,,,
C,living worm 20 C,12.8667,3.681,,,,
C,living worm 20 C,12.9,3.137,,,,
C,living worm 20 C,12.9333,5.041,,,,
C,living worm 20 C,12.9667,5.585,,,,
C,living worm 20 C,13,5.551,,,,
C,living worm 20 C,13.0333,4.905,,,,
C,living worm 20 C,13.0667,5.347,,,,
C,living worm 20 C,13.1,5.177,,,,
C,living worm 20 C,13.1333,5.755,,,,
C,living worm 20 C,13.1667,4.905,,,,
C,living worm 20 C,13.2,4.599,,,,
C,living worm 20 C,13.2333,4.599,,,,
C,living worm 20 C,13.2667,5.619,,,,
C,living worm 20 C,13.3,4.633,,,,
C,living worm 20 C,13.3333,3.681,,,,
C,living worm 20 C,13.3667,2.423,,,,
C,living worm 20 C,13.4,3.341,,,,
C,living worm 20 C,13.4333,2.865,,,,
C,living worm 20 C,13.4667,3.392,,,,
C,living worm 20 C,13.5,3.987,,,,
C,living worm 20 C,13.5333,3.817,,,,
C,living worm 20 C,13.5667,3.749,,,,
C,living worm 20 C,13.6,3.239,,,,
C,living worm 20 C,13.6333,4.259,,,,
C,living worm 20 C,13.6667,4.735,,,,
C,living worm 20 C,13.7,5.279,,,,
C,living worm 20 C,13.7333,5.313,,,,
C,living worm 20 C,13.7667,4.667,,,,
C,living worm 20 C,13.8,4.633,,,,
C,living worm 20 C,13.8333,3.783,,,,
C,living worm 20 C,13.8667,4.293,,,,
C,living worm 20 C,13.9,4.973,,,,
C,living worm 20 C,13.9333,3.851,,,,
C,living worm 20 C,13.9667,3.001,,,,
C,living worm 20 C,14,3.443,,,,
C,living worm 20 C,14.0333,3.817,,,,
C,living worm 20 C,14.0667,5.449,,,,
C,living worm 20 C,14.1,4.599,,,,
C,living worm 20 C,14.1333,4.769,,,,
C,living worm 20 C,14.1667,4.361,,,,
C,living worm 20 C,14.2,4.565,,,,
C,living worm 20 C,14.2333,3.987,,,,
C,living worm 20 C,14.2667,3.953,,,,
C,living worm 20 C,14.3,4.225,,,,
C,living worm 20 C,14.3333,4.871,,,,
C,living worm 20 C,14.3667,5.687,,,,
C,living worm 20 C,14.4,4.939,,,,
C,living worm 20 C,14.4333,3.375,,,,
C,living worm 20 C,14.4667,2.661,,,,
C,living worm 20 C,14.5,3.545,,,,
C,living worm 20 C,14.5333,3.443,,,,
C,living worm 20 C,14.5667,4.021,,,,
C,living worm 20 C,14.6,4.395,,,,
C,living worm 20 C,14.6333,4.293,,,,
C,living worm 20 C,14.6667,2.593,,,,
C,living worm 20 C,14.7,4.191,,,,
C,living worm 20 C,14.7333,2.559,,,,
C,living worm 20 C,14.7667,4.565,,,,
C,living worm 20 C,14.8,4.191,,,,
C,living worm 20 C,14.8333,3.817,,,,
C,living worm 20 C,14.8667,3.409,,,,
C,living worm 20 C,14.9,4.055,,,,
C,living worm 20 C,14.9333,4.395,,,,
C,living worm 20 C,14.9667,3.749,,,,
C,living worm 20 C,15,3.987,,,,
C,living worm 20 C,15.0333,4.531,,,,
C,living worm 20 C,15.0667,4.361,,,,
C,living worm 20 C,15.1,5.755,,,,
C,living worm 20 C,15.1333,5.755,,,,
C,living worm 20 C,15.1667,5.517,,,,
C,living worm 20 C,15.2,4.055,,,,
C,living worm 20 C,15.2333,5.279,,,,
C,living worm 20 C,15.2667,6.061,,,,
C,living worm 20 C,15.3,6.979,,,,
C,living worm 20 C,15.3333,11.807,,,,
C,living worm 20 C,15.3667,13.677,,,,
C,living worm 20 C,15.4,12.147,,,,
C,living worm 20 C,15.4333,10.209,,,,
C,living worm 20 C,15.4667,8.798,,,,
C,living worm 20 C,15.5,8.067,,,,
C,living worm 20 C,15.5333,7.727,,,,
C,living worm 20 C,15.5667,7.319,,,,
C,living worm 20 C,15.6,7.319,,,,
C,living worm 20 C,15.6333,7.965,,,,
C,living worm 20 C,15.6667,7.149,,,,
C,living worm 20 C,15.7,6.197,,,,
C,living worm 20 C,15.7333,4.191,,,,
C,living worm 20 C,15.7667,5.007,,,,
C,living worm 20 C,15.8,4.293,,,,
C,living worm 20 C,15.8333,4.871,,,,
C,living worm 20 C,15.8667,4.361,,,,
C,living worm 20 C,15.9,3.511,,,,
C,living worm 20 C,15.9333,4.089,,,,
C,living worm 20 C,15.9667,4.667,,,,
C,living worm 20 C,16,3.511,,,,
C,living worm 20 C,16.0333,3.341,,,,
C,living worm 20 C,16.0667,3.239,,,,
C,living worm 20 C,16.1,3.545,,,,
C,living worm 20 C,16.1333,4.225,,,,
C,living worm 20 C,16.1667,4.701,,,,
C,living worm 20 C,16.2,3.273,,,,
C,living worm 20 C,16.2333,4.191,,,,
C,living worm 20 C,16.2667,3.375,,,,
C,living worm 20 C,16.3,3.001,,,,
C,living worm 20 C,16.3333,3.409,,,,
C,living worm 20 C,16.3667,3.375,,,,
C,living worm 20 C,16.4,5.517,,,,
C,living worm 20 C,16.4333,3.137,,,,
C,living worm 20 C,16.4667,3.307,,,,
C,living worm 20 C,16.5,2.831,,,,
C,living worm 20 C,16.5333,2.899,,,,
C,living worm 20 C,16.5667,2.457,,,,
C,living worm 20 C,16.6,3.205,,,,
C,living worm 20 C,16.6333,4.225,,,,
C,living worm 20 C,16.6667,5.449,,,,
C,living worm 20 C,16.7,3.46,,,,
C,living worm 20 C,16.7333,4.191,,,,
C,living worm 20 C,16.7667,4.463,,,,
C,living worm 20 C,16.8,3.987,,,,
C,living worm 20 C,16.8333,3.953,,,,
C,living worm 20 C,16.8667,3.341,,,,
C,living worm 20 C,16.9,5.211,,,,
C,living worm 20 C,16.9333,4.531,,,,
C,living worm 20 C,16.9667,4.327,,,,
C,living worm 20 C,17,4.361,,,,
C,living worm 20 C,17.0333,4.531,,,,
C,living worm 20 C,17.0667,4.293,,,,
C,living worm 20 C,17.1,5.109,,,,
C,living worm 20 C,17.1333,3.239,,,,
C,living worm 20 C,17.1667,5.109,,,,
C,living worm 20 C,17.2,5.653,,,,
C,living worm 20 C,17.2333,4.973,,,,
C,living worm 20 C,17.2667,3.817,,,,
C,living worm 20 C,17.3,3.239,,,,
C,living worm 20 C,17.3333,4.939,,,,
C,living worm 20 C,17.3667,8.339,,,,
C,living worm 20 C,17.4,9.427,,,,
C,living worm 20 C,17.4333,10.515,,,,
C,living worm 20 C,17.4667,10.685,,,,
C,living worm 20 C,17.5,9.563,,,,
C,living worm 20 C,17.5333,10.719,,,,
C,living worm 20 C,17.5667,11.909,,,,
C,living worm 20 C,17.6,13.235,,,,
C,living worm 20 C,17.6333,14.867,,,,
C,living worm 20 C,17.6667,17.179,,,,
C,living worm 20 C,17.7,19.831,,,,
C,living worm 20 C,17.7333,23.469,,,,
C,living worm 20 C,17.7667,26.495,,,,
C,living worm 20 C,17.8,27.379,,,,
C,living worm 20 C,17.8333,32.275,,,,
C,living worm 20 C,17.8667,36.049,,,,
C,living worm 20 C,17.9,40.945,,,,
C,living worm 20 C,17.9333,45.535,,,,
C,living worm 20 C,17.9667,50.159,,,,
C,living worm 20 C,18,51.587,,,,
C,living worm 20 C,18.0333,55.021,,,,
C,living worm 20 C,18.0667,56.653,,,,
C,living worm 20 C,18.1,54.987,,,,
C,living worm 20 C,18.1333,54.545,,,,
C,living worm 20 C,18.1667,55.429,,,,
C,living worm 20 C,18.2,55.055,,,,
C,living worm 20 C,18.2333,53.678,,,,
C,living worm 20 C,18.2667,53.355,,,,
C,living worm 20 C,18.3,52.811,,,,
C,living worm 20 C,18.3333,52.913,,,,
C,living worm 20 C,18.3667,53.117,,,,
C,living worm 20 C,18.4,53.253,,,,
C,living worm 20 C,18.4333,55.429,,,,
C,living worm 20 C,18.4667,55.395,,,,
C,living worm 20 C,18.5,54.749,,,,
C,living worm 20 C,18.5333,54.511,,,,
C,living worm 20 C,18.5667,54.273,,,,
C,living worm 20 C,18.6,55.735,,,,
C,living worm 20 C,18.6333,54.953,,,,
C,living worm 20 C,18.6667,54.103,,,,
C,living worm 20 C,18.7,54.341,,,,
C,living worm 20 C,18.7333,54.817,,,,
C,living worm 20 C,18.7667,55.259,,,,
C,living worm 20 C,18.8,55.395,,,,
C,living worm 20 C,18.8333,55.327,,,,
C,living worm 20 C,18.8667,55.055,,,,
C,living worm 20 C,18.9,56.517,,,,
C,living worm 20 C,18.9333,56.449,,,,
C,living worm 20 C,18.9667,57.537,,,,
C,living worm 20 C,19,57.605,,,,
C,living worm 20 C,19.0333,58.897,,,,
C,living worm 20 C,19.0667,64.099,,,,
C,living worm 20 C,19.1,65.969,,,,
C,living worm 20 C,19.1333,72.395,,,,
C,living worm 20 C,19.1667,74.537,,,,
C,living worm 20 C,19.2,78.855,,,,
C,living worm 20 C,19.2333,82.901,,,,
C,living worm 20 C,19.2667,84.907,,,,
C,living worm 20 C,19.3,85.757,,,,
C,living worm 20 C,19.3333,87.083,,,,
C,living worm 20 C,19.3667,87.797,,,,
C,living worm 20 C,19.4,88.103,,,,
C,living worm 20 C,19.4333,88.103,,,,
C,living worm 20 C,19.4667,87.661,,,,
C,living worm 20 C,19.5,88.613,,,,
C,living worm 20 C,19.5333,89.531,,,,
C,living worm 20 C,19.5667,89.837,,,,
C,living worm 20 C,19.6,89.429,,,,
C,living worm 20 C,19.6333,91.299,,,,
C,living worm 20 C,19.6667,91.197,,,,
C,living worm 20 C,19.7,90.755,,,,
C,living worm 20 C,19.7333,90.789,,,,
C,living worm 20 C,19.7667,90.942,,,,
C,living worm 20 C,19.8,92.217,,,,
C,living worm 20 C,19.8333,91.979,,,,
C,living worm 20 C,19.8667,91.027,,,,
C,living worm 20 C,19.9,90.687,,,,
C,living worm 20 C,19.9333,90.211,,,,
C,living worm 20 C,19.9667,90.143,,,,
C,living worm 20 C,20,91.231,,,,
C,living worm 20 C,20.0333,90.925,,,,
C,living worm 20 C,20.0667,89.701,,,,
C,living worm 20 C,20.1,90.585,,,,
C,living worm 20 C,20.1333,92.149,,,,
C,living worm 20 C,20.1667,92.761,,,,
C,living worm 20 C,20.2,93.305,,,,
C,living worm 20 C,20.2333,93.713,,,,
C,living worm 20 C,20.2667,93.305,,,,
C,living worm 20 C,20.3,91.265,,,,
C,living worm 20 C,20.3333,90.993,,,,
C,living worm 20 C,20.3667,91.061,,,,
C,living worm 20 C,20.4,91.809,,,,
C,living worm 20 C,20.4333,92.795,,,,
C,living worm 20 C,20.4667,91.843,,,,
C,living worm 20 C,20.5,91.469,,,,
C,living worm 20 C,20.5333,92.489,,,,
C,living worm 20 C,20.5667,92.795,,,,
C,living worm 20 C,20.6,92.897,,,,
C,living worm 20 C,20.6333,92.965,,,,
C,living worm 20 C,20.6667,93.339,,,,
C,living worm 20 C,20.7,92.761,,,,
C,living worm 20 C,20.7333,92.251,,,,
C,living worm 20 C,20.7667,92.693,,,,
C,living worm 20 C,20.8,92.353,,,,
C,living worm 20 C,20.8333,93.305,,,,
C,living worm 20 C,20.8667,94.019,,,,
C,living worm 20 C,20.9,92.489,,,,
C,living worm 20 C,20.9333,93.101,,,,
C,living worm 20 C,20.9667,92.625,,,,
C,living worm 20 C,21,92.693,,,,
C,living worm 20 C,21.0333,93.271,,,,
C,living worm 20 C,21.0667,93.067,,,,
C,living worm 20 C,21.1,93.169,,,,
C,living worm 20 C,21.1333,93.203,,,,
C,living worm 20 C,21.1667,93.169,,,,
C,living worm 20 C,21.2,93.033,,,,
C,living worm 20 C,21.2333,92.727,,,,
C,living worm 20 C,21.2667,93.305,,,,
C,living worm 20 C,21.3,92.659,,,,
C,living worm 20 C,21.3333,92.047,,,,
C,living worm 20 C,21.3667,90.041,,,,
C,living worm 20 C,21.4,85.791,,,,
C,living worm 20 C,21.4333,82.119,,,,
C,living worm 20 C,21.4667,80.929,,,,
C,living worm 20 C,21.5,76.985,,,,
C,living worm 20 C,21.5333,72.293,,,,
C,living worm 20 C,21.5667,68.621,,,,
C,living worm 20 C,21.6,67.057,,,,
C,living worm 20 C,21.6333,68.281,,,,
C,living worm 20 C,21.6667,68.077,,,,
C,living worm 20 C,21.7,67.669,,,,
C,living worm 20 C,21.7333,67.125,,,,
C,living worm 20 C,21.7667,65.493,,,,
C,living worm 20 C,21.8,63.555,,,,
C,living worm 20 C,21.8333,60.801,,,,
C,living worm 20 C,21.8667,59.033,,,,
C,living worm 20 C,21.9,59.577,,,,
C,living worm 20 C,21.9333,57.061,,,,
C,living worm 20 C,21.9667,55.667,,,,
C,living worm 20 C,22,51.825,,,,
C,living worm 20 C,22.0333,50.839,,,,
C,living worm 20 C,22.0667,47.235,,,,
C,living worm 20 C,22.1,45.399,,,,
C,living worm 20 C,22.1333,40.401,,,,
C,living worm 20 C,22.1667,37.307,,,,
C,living worm 20 C,22.2,34.723,,,,
C,living worm 20 C,22.2333,31.867,,,,
C,living worm 20 C,22.2667,28.161,,,,
C,living worm 20 C,22.3,26.801,,,,
C,living worm 20 C,22.3333,24.387,,,,
C,living worm 20 C,22.3667,22.619,,,,
C,living worm 20 C,22.4,22.041,,,,
C,living worm 20 C,22.4333,21.701,,,,
C,living worm 20 C,22.4667,21.565,,,,
C,living worm 20 C,22.5,20.273,,,,
C,living worm 20 C,22.5333,19.865,,,,
C,living worm 20 C,22.5667,20.307,,,,
C,living worm 20 C,22.6,16.244,,,,
C,living worm 20 C,22.6333,14.187,,,,
C,living worm 20 C,22.6667,11.909,,,,
C,living worm 20 C,22.7,9.835,,,,
C,living worm 20 C,22.7333,8.475,,,,
C,living worm 20 C,22.7667,7.183,,,,
C,living worm 20 C,22.8,6.673,,,,
C,living worm 20 C,22.8333,5.84,,,,
C,living worm 20 C,22.8667,6.469,,,,
C,living worm 20 C,22.9,6.061,,,,
C,living worm 20 C,22.9333,6.367,,,,
C,living worm 20 C,22.9667,6.605,,,,
C,living worm 20 C,23,6.469,,,,
C,living worm 20 C,23.0333,7.047,,,,
C,living worm 20 C,23.0667,6.605,,,,
C,living worm 20 C,23.1,7.863,,,,
C,living worm 20 C,23.1333,7.931,,,,
C,living worm 20 C,23.1667,7.319,,,,
C,living worm 20 C,23.2,7.149,,,,
C,living worm 20 C,23.2333,8.101,,,,
C,living worm 20 C,23.2667,6.741,,,,
C,living worm 20 C,23.3,6.299,,,,
C,living worm 20 C,23.3333,4.701,,,,
C,living worm 20 C,23.3667,4.701,,,,
C,living worm 20 C,23.4,4.497,,,,
C,living worm 20 C,23.4333,4.565,,,,
C,living worm 20 C,23.4667,4.395,,,,
C,living worm 20 C,23.5,4.055,,,,
C,living worm 20 C,23.5333,5.109,,,,
C,living worm 20 C,23.5667,4.735,,,,
C,living worm 20 C,23.6,3.953,,,,
C,living worm 20 C,23.6333,5.823,,,,
C,living worm 20 C,23.6667,5.687,,,,
C,living worm 20 C,23.7,4.429,,,,
C,living worm 20 C,23.7333,3.953,,,,
C,living worm 20 C,23.7667,3.613,,,,
C,living worm 20 C,23.8,3.953,,,,
C,living worm 20 C,23.8333,4.361,,,,
C,living worm 20 C,23.8667,4.225,,,,
C,living worm 20 C,23.9,3.647,,,,
C,living worm 20 C,23.9333,2.831,,,,
C,living worm 20 C,23.9667,3.239,,,,
C,living worm 20 C,24,2.899,,,,
C,living worm 20 C,24.0333,4.667,,,,
C,living worm 20 C,24.0667,4.055,,,,
C,living worm 20 C,24.1,3.375,,,,
C,living worm 20 C,24.1333,4.021,,,,
C,living worm 20 C,24.1667,4.089,,,,
C,living worm 20 C,24.2,2.763,,,,
C,living worm 20 C,24.2333,2.593,,,,
C,living worm 20 C,24.2667,5.347,,,,
C,living worm 20 C,24.3,5.279,,,,
C,living worm 20 C,24.3333,4.497,,,,
C,living worm 20 C,24.3667,5.347,,,,
C,living worm 20 C,24.4,3.239,,,,
C,living worm 20 C,24.4333,3.749,,,,
C,living worm 20 C,24.4667,4.089,,,,
C,living worm 20 C,24.5,4.225,,,,
C,living worm 20 C,24.5333,4.327,,,,
C,living worm 20 C,24.5667,4.463,,,,
C,living worm 20 C,24.6,4.599,,,,
C,living worm 20 C,24.6333,4.463,,,,
C,living worm 20 C,24.6667,4.599,,,,
C,living worm 20 C,24.7,4.089,,,,
C,living worm 20 C,24.7333,4.361,,,,
C,living worm 20 C,24.7667,4.021,,,,
C,living worm 20 C,24.8,4.565,,,,
C,living worm 20 C,24.8333,5.007,,,,
C,living worm 20 C,24.8667,3.103,,,,
C,living worm 20 C,24.9,2.321,,,,
C,living worm 20 C,24.9333,3.953,,,,
C,living worm 20 C,24.9667,4.225,,,,
C,living worm 20 C,25,3.239,,,,
C,living worm 20 C,25.0333,3.001,,,,
C,living worm 20 C,25.0667,2.661,,,,
C,living worm 20 C,25.1,2.627,,,,
C,living worm 20 C,25.1333,2.321,,,,
C,living worm 20 C,25.1667,2.457,,,,
C,living worm 20 C,25.2,4.157,,,,
C,living worm 20 C,25.2333,5.075,,,,
C,living worm 20 C,25.2667,5.551,,,,
C,living worm 20 C,25.3,5.177,,,,
C,living worm 20 C,25.3333,4.905,,,,
C,living worm 20 C,25.3667,5.381,,,,
C,living worm 20 C,25.4,4.565,,,,
C,living worm 20 C,25.4333,3.919,,,,
C,living worm 20 C,25.4667,4.973,,,,
C,living worm 20 C,25.5,5.313,,,,
C,living worm 20 C,25.5333,5.619,,,,
C,living worm 20 C,25.5667,5.585,,,,
C,living worm 20 C,25.6,5.007,,,,
C,living worm 20 C,25.6333,3.579,,,,
C,living worm 20 C,25.6667,5.109,,,,
C,living worm 20 C,25.7,5.857,,,,
C,living worm 20 C,25.7333,8.373,,,,
C,living worm 20 C,25.7667,11.331,,,,
C,living worm 20 C,25.8,16.159,,,,
C,living worm 20 C,25.8333,17.315,,,,
C,living worm 20 C,25.8667,20.681,,,,
C,living worm 20 C,25.9,19.151,,,,
C,living worm 20 C,25.9333,19.236,,,,
C,living worm 20 C,25.9667,20.103,,,,
C,living worm 20 C,26,22.041,,,,
C,living worm 20 C,26.0333,27.141,,,,
C,living worm 20 C,26.0667,32.003,,,,
C,living worm 20 C,26.1,33.941,,,,
C,living worm 20 C,26.1333,36.661,,,,
C,living worm 20 C,26.1667,40.401,,,,
C,living worm 20 C,26.2,43.427,,,,
C,living worm 20 C,26.2333,44.124,,,,
C,living worm 20 C,26.2667,49.955,,,,
C,living worm 20 C,26.3,50.465,,,,
C,living worm 20 C,26.3333,51.893,,,,
C,living worm 20 C,26.3667,51.995,,,,
C,living worm 20 C,26.4,51.757,,,,
C,living worm 20 C,26.4333,51.043,,,,
C,living worm 20 C,26.4667,52.896,,,,
C,living worm 20 C,26.5,54.103,,,,
C,living worm 20 C,26.5333,53.899,,,,
C,living worm 20 C,26.5667,52.233,,,,
C,living worm 20 C,26.6,52.641,,,,
C,living worm 20 C,26.6333,52.505,,,,
C,living worm 20 C,26.6667,52.114,,,,
C,living worm 20 C,26.7,54.681,,,,
C,living worm 20 C,26.7333,56.789,,,,
C,living worm 20 C,26.7667,59.849,,,,
C,living worm 20 C,26.8,62.603,,,,
C,living worm 20 C,26.8333,63.623,,,,
C,living worm 20 C,26.8667,66.377,,,,
C,living worm 20 C,26.9,67.329,,,,
C,living worm 20 C,26.9333,67.533,,,,
C,living worm 20 C,26.9667,69.505,,,,
C,living worm 20 C,27,74.095,,,,
C,living worm 20 C,27.0333,77.835,,,,
C,living worm 20 C,27.0667,77.903,,,,
C,living worm 20 C,27.1,79.603,,,,
C,living worm 20 C,27.1333,79.773,,,,
C,living worm 20 C,27.1667,77.937,,,,
C,living worm 20 C,27.2,77.155,,,,
C,living worm 20 C,27.2333,79.467,,,,
C,living worm 20 C,27.2667,79.739,,,,
C,living worm 20 C,27.3,81.235,,,,
C,living worm 20 C,27.3333,82.187,,,,
C,living worm 20 C,27.3667,86.165,,,,
C,living worm 20 C,27.4,87.763,,,,
C,living worm 20 C,27.4333,90.143,,,,
C,living worm 20 C,27.4667,91.503,,,,
C,living worm 20 C,27.5,89.191,,,,
C,living worm 20 C,27.5333,88.443,,,,
C,living worm 20 C,27.5667,87.865,,,,
C,living worm 20 C,27.6,87.355,,,,
C,living worm 20 C,27.6333,86.981,,,,
C,living worm 20 C,27.6667,86.743,,,,
C,living worm 20 C,27.7,86.369,,,,
C,living worm 20 C,27.7333,85.689,,,,
C,living worm 20 C,27.7667,85.791,,,,
C,living worm 20 C,27.8,86.063,,,,
C,living worm 20 C,27.8333,87.083,,,,
C,living worm 20 C,27.8667,88.307,,,,
C,living worm 20 C,27.9,88.341,,,,
C,living worm 20 C,27.9333,90.449,,,,
C,living worm 20 C,27.9667,91.469,,,,
C,living worm 20 C,28,91.741,,,,
C,living worm 20 C,28.0333,91.469,,,,
C,living worm 20 C,28.0667,91.979,,,,
C,living worm 20 C,28.1,92.387,,,,
C,living worm 20 C,28.1333,92.693,,,,
C,living worm 20 C,28.1667,90.857,,,,
C,living worm 20 C,28.2,90.823,,,,
C,living worm 20 C,28.2333,91.027,,,,
C,living worm 20 C,28.2667,91.027,,,,
C,living worm 20 C,28.3,91.537,,,,
C,living worm 20 C,28.3333,91.741,,,,
C,living worm 20 C,28.3667,90.653,,,,
C,living worm 20 C,28.4,91.469,,,,
C,living worm 20 C,28.4333,91.571,,,,
C,living worm 20 C,28.4667,92.217,,,,
C,living worm 20 C,28.5,92.761,,,,
C,living worm 20 C,28.5333,92.727,,,,
C,living worm 20 C,28.5667,92.217,,,,
C,living worm 20 C,28.6,90.755,,,,
C,living worm 20 C,28.6333,90.585,,,,
C,living worm 20 C,28.6667,86.777,,,,
C,living worm 20 C,28.7,85.689,,,,
C,living worm 20 C,28.7333,82.493,,,,
C,living worm 20 C,28.7667,82.935,,,,
C,living worm 20 C,28.8,82.391,,,,
C,living worm 20 C,28.8333,82.663,,,,
C,living worm 20 C,28.8667,81.235,,,,
C,living worm 20 C,28.9,80.572,,,,
C,living worm 20 C,28.9333,79.705,,,,
C,living worm 20 C,28.9667,78.617,,,,
C,living worm 20 C,29,72.633,,,,
C,living worm 20 C,29.0333,69.947,,,,
C,living worm 20 C,29.0667,65.867,,,,
C,living worm 20 C,29.1,61.957,,,,
C,living worm 20 C,29.1333,62.161,,,,
C,living worm 20 C,29.1667,60.903,,,,
C,living worm 20 C,29.2,60.801,,,,
C,living worm 20 C,29.2333,60.767,,,,
C,living worm 20 C,29.2667,61.277,,,,
C,living worm 20 C,29.3,60.835,,,,
C,living worm 20 C,29.3333,60.461,,,,
C,living worm 20 C,29.3667,60.087,,,,
C,living worm 20 C,29.4,59.883,,,,
C,living worm 20 C,29.4333,59.509,,,,
C,living worm 20 C,29.4667,59.101,,,,
C,living worm 20 C,29.5,58.489,,,,
C,living worm 20 C,29.5333,58.115,,,,
C,living worm 20 C,29.5667,58.557,,,,
C,living worm 20 C,29.6,60.121,,,,
C,living worm 20 C,29.6333,60.461,,,,
C,living worm 20 C,29.6667,61.447,,,,
C,living worm 20 C,29.7,63.351,,,,
C,living worm 20 C,29.7333,65.663,,,,
C,living worm 20 C,29.7667,69.165,,,,
C,living worm 20 C,29.8,71.851,,,,
C,living worm 20 C,29.8333,73.891,,,,
C,living worm 20 C,29.8667,74.265,,,,
C,living worm 20 C,29.9,73.347,,,,
C,living worm 20 C,29.9333,71.596,,,,
C,living worm 20 C,29.9667,70.593,,,,
C,living worm 20 C,30,70.151,,,,
C,living worm 20 C,30.0333,69.777,,,,
C,living worm 20 C,30.0667,68.859,,,,
C,living worm 20 C,30.1,71.579,,,,
C,living worm 20 C,30.1333,72.191,,,,
C,living worm 20 C,30.1667,71.239,,,,
C,living worm 20 C,30.2,71.137,,,,
C,living worm 20 C,30.2333,71.579,,,,
C,living worm 20 C,30.2667,71.783,,,,
C,living worm 20 C,30.3,71.647,,,,
C,living worm 20 C,30.3333,71.919,,,,
C,living worm 20 C,30.3667,70.151,,,,
C,living worm 20 C,30.4,68.247,,,,
C,living worm 20 C,30.4333,66.037,,,,
C,living worm 20 C,30.4667,63.215,,,,
C,living worm 20 C,30.5,60.665,,,,
C,living worm 20 C,30.5333,60.121,,,,
C,living worm 20 C,30.5667,62.365,,,,
C,living worm 20 C,30.6,63.555,,,,
C,living worm 20 C,30.6333,64.133,,,,
C,living worm 20 C,30.6667,66.241,,,,
C,living worm 20 C,30.7,69.063,,,,
C,living worm 20 C,30.7333,72.735,,,,
C,living worm 20 C,30.7667,76.713,,,,
C,living worm 20 C,30.8,82.731,,,,
C,living worm 20 C,30.8333,84.227,,,,
C,living worm 20 C,30.8667,85.689,,,,
C,living worm 20 C,30.9,87.049,,,,
C,living worm 20 C,30.9333,87.406,,,,
C,living worm 20 C,30.9667,87.95,,,,
C,living worm 20 C,31,88.341,,,,
C,living worm 20 C,31.0333,88.545,,,,
C,living worm 20 C,31.0667,88.647,,,,
C,living worm 20 C,31.1,88.069,,,,
C,living worm 20 C,31.1333,89.837,,,,
C,living worm 20 C,31.1667,87.491,,,,
C,living worm 20 C,31.2,86.301,,,,
C,living worm 20 C,31.2333,88.851,,,,
C,living worm 20 C,31.2667,87.559,,,,
C,living worm 20 C,31.3,87.083,,,,
C,living worm 20 C,31.3333,87.525,,,,
C,living worm 20 C,31.3667,87.321,,,,
C,living worm 20 C,31.4,87.525,,,,
C,living worm 20 C,31.4333,88.205,,,,
C,living worm 20 C,31.4667,88.273,,,,
C,living worm 20 C,31.5,88.545,,,,
C,living worm 20 C,31.5333,88.953,,,,
C,living worm 20 C,31.5667,88.613,,,,
C,living worm 20 C,31.6,88.783,,,,
C,living worm 20 C,31.6333,84.227,,,,
C,living worm 20 C,31.6667,83.343,,,,
C,living worm 20 C,31.7,83.479,,,,
C,living worm 20 C,31.7333,82.323,,,,
C,living worm 20 C,31.7667,79.093,,,,
C,living worm 20 C,31.8,80.759,,,,
C,living worm 20 C,31.8333,80.011,,,,
C,living worm 20 C,31.8667,80.249,,,,
C,living worm 20 C,31.9,79.943,,,,
C,living worm 20 C,31.9333,80.045,,,,
C,living worm 20 C,31.9667,77.665,,,,
C,living worm 20 C,32,75.659,,,,
C,living worm 20 C,32.0333,74.843,,,,
C,living worm 20 C,32.0667,73.619,,,,
C,living worm 20 C,32.1,72.497,,,,
C,living worm 20 C,32.1333,72.871,,,,
C,living worm 20 C,32.1667,71.001,,,,
C,living worm 20 C,32.2,70.491,,,,
C,living worm 20 C,32.2333,70.967,,,,
C,living worm 20 C,32.2667,73.619,,,,
C,living worm 20 C,32.3,75.285,,,,
C,living worm 20 C,32.3333,78.277,,,,
C,living worm 20 C,32.3667,79.926,,,,
C,living worm 20 C,32.4,79.841,,,,
C,living worm 20 C,32.4333,82.799,,,,
C,living worm 20 C,32.4667,84.363,,,,
C,living worm 20 C,32.5,85.723,,,,
C,living worm 20 C,32.5333,85.893,,,,
C,living worm 20 C,32.5667,85.825,,,,
C,living worm 20 C,32.6,86.811,,,,
C,living worm 20 C,32.6333,88.953,,,,
C,living worm 20 C,32.6667,89.429,,,,
C,living worm 20 C,32.7,89.701,,,,
C,living worm 20 C,32.7333,89.803,,,,
C,living worm 20 C,32.7667,89.361,,,,
C,living worm 20 C,32.8,89.633,,,,
C,living worm 20 C,32.8333,89.055,,,,
C,living worm 20 C,32.8667,89.735,,,,
C,living worm 20 C,32.9,89.429,,,,
C,living worm 20 C,32.9333,90.959,,,,
C,living worm 20 C,32.9667,90.653,,,,
C,living worm 20 C,33,90.279,,,,
C,living worm 20 C,33.0333,90.245,,,,
C,living worm 20 C,33.0667,90.245,,,,
C,living worm 20 C,33.1,90.245,,,,
C,living worm 20 C,33.1333,89.905,,,,
C,living worm 20 C,33.1667,89.871,,,,
C,living worm 20 C,33.2,89.701,,,,
C,living worm 20 C,33.2333,89.259,,,,
C,living worm 20 C,33.2667,89.157,,,,
C,living worm 20 C,33.3,89.701,,,,
C,living worm 20 C,33.3333,89.565,,,,
C,living worm 20 C,33.3667,90.347,,,,
C,living worm 20 C,33.4,91.367,,,,
C,living worm 20 C,33.4333,90.653,,,,
C,living worm 20 C,33.4667,89.599,,,,
C,living worm 20 C,33.5,90.449,,,,
C,living worm 20 C,33.5333,90.007,,,,
C,living worm 20 C,33.5667,88.239,,,,
C,living worm 20 C,33.6,84.465,,,,
C,living worm 20 C,33.6333,83.649,,,,
C,living worm 20 C,33.6667,83.309,,,,
C,living worm 20 C,33.7,82.425,,,,
C,living worm 20 C,33.7333,81.711,,,,
C,living worm 20 C,33.7667,80.861,,,,
C,living worm 20 C,33.8,81.609,,,,
C,living worm 20 C,33.8333,82,,,,
C,living worm 20 C,33.8667,81.405,,,,
C,living worm 20 C,33.9,83.377,,,,
C,living worm 20 C,33.9333,84.193,,,,
C,living worm 20 C,33.9667,83.037,,,,
C,living worm 20 C,34,82.901,,,,
C,living worm 20 C,34.0333,83.275,,,,
C,living worm 20 C,34.0667,82.289,,,,
C,living worm 20 C,34.1,82.187,,,,
C,living worm 20 C,34.1333,81.371,,,,
C,living worm 20 C,34.1667,80.181,,,,
C,living worm 20 C,34.2,79.263,,,,
C,living worm 20 C,34.2333,78.345,,,,
C,living worm 20 C,34.2667,78.311,,,,
C,living worm 20 C,34.3,78.243,,,,
C,living worm 20 C,34.3333,78.515,,,,
C,living worm 20 C,34.3667,77.937,,,,
C,living worm 20 C,34.4,78.039,,,,
C,living worm 20 C,34.4333,78.175,,,,
C,living worm 20 C,34.4667,79.127,,,,
C,living worm 20 C,34.5,79.569,,,,
C,living worm 20 C,34.5333,79.467,,,,
C,living worm 20 C,34.5667,79.399,,,,
C,living worm 20 C,34.6,79.501,,,,
C,living worm 20 C,34.6333,79.161,,,,
C,living worm 20 C,34.6667,79.161,,,,
C,living worm 20 C,34.7,79.093,,,,
C,living worm 20 C,34.7333,79.161,,,,
C,living worm 20 C,34.7667,79.569,,,,
C,living worm 20 C,34.8,79.365,,,,
C,living worm 20 C,34.8333,78.413,,,,
C,living worm 20 C,34.8667,76.951,,,,
C,living worm 20 C,34.9,76.611,,,,
C,living worm 20 C,34.9333,76.917,,,,
C,living worm 20 C,34.9667,76.747,,,,
C,living worm 20 C,35,77.733,,,,
C,living worm 20 C,35.0333,74.197,,,,
C,living worm 20 C,35.0667,75.081,,,,
C,living worm 20 C,35.1,74.435,,,,
C,living worm 20 C,35.1333,74.741,,,,
C,living worm 20 C,35.1667,76.033,,,,
C,living worm 20 C,35.2,74.979,,,,
C,living worm 20 C,35.2333,73.177,,,,
C,living worm 20 C,35.2667,72.327,,,,
C,living worm 20 C,35.3,72.531,,,,
C,living worm 20 C,35.3333,75.285,,,,
C,living worm 20 C,35.3667,76.679,,,,
C,living worm 20 C,35.4,76.339,,,,
C,living worm 20 C,35.4333,77.869,,,,
C,living worm 20 C,35.4667,75.863,,,,
C,living worm 20 C,35.5,74.078,,,,
C,living worm 20 C,35.5333,71.987,,,,
C,living worm 20 C,35.5667,75.999,,,,
C,living worm 20 C,35.6,74.061,,,,
C,living worm 20 C,35.6333,74.979,,,,
C,living worm 20 C,35.6667,75.727,,,,
C,living worm 20 C,35.7,76.135,,,,
C,living worm 20 C,35.7333,77.495,,,,
C,living worm 20 C,35.7667,80.147,,,,
C,living worm 20 C,35.8,83.411,,,,
C,living worm 20 C,35.8333,85.621,,,,
C,living worm 20 C,35.8667,88.477,,,,
C,living worm 20 C,35.9,88.171,,,,
C,living worm 20 C,35.9333,87.253,,,,
C,living worm 20 C,35.9667,86.811,,,,
C,living worm 20 C,36,87.457,,,,
C,living worm 20 C,36.0333,88.341,,,,
C,living worm 20 C,36.0667,89.531,,,,
C,living worm 20 C,36.1,89.735,,,,
C,living worm 20 C,36.1333,91.537,,,,
C,living worm 20 C,36.1667,90.687,,,,
C,living worm 20 C,36.2,89.055,,,,
C,living worm 20 C,36.2333,89.225,,,,
C,living worm 20 C,36.2667,88.97,,,,
C,living worm 20 C,36.3,90.398,,,,
C,living worm 20 C,36.3333,90.857,,,,
C,living worm 20 C,36.3667,89.361,,,,
C,living worm 20 C,36.4,89.735,,,,
C,living worm 20 C,36.4333,91.537,,,,
C,living worm 20 C,36.4667,91.537,,,,
C,living worm 20 C,36.5,90.636,,,,
C,living worm 20 C,36.5333,91.605,,,,
C,living worm 20 C,36.5667,88.749,,,,
C,living worm 20 C,36.6,88.137,,,,
C,living worm 20 C,36.6333,85.213,,,,
C,living worm 20 C,36.6667,85.145,,,,
C,living worm 20 C,36.7,84.295,,,,
C,living worm 20 C,36.7333,82.867,,,,
C,living worm 20 C,36.7667,81.405,,,,
C,living worm 20 C,36.8,81.439,,,,
C,living worm 20 C,36.8333,80.963,,,,
C,living worm 20 C,36.8667,80.351,,,,
C,living worm 20 C,36.9,79.297,,,,
C,living worm 20 C,36.9333,79.093,,,,
C,living worm 20 C,36.9667,77.393,,,,
C,living worm 20 C,37,77.087,,,,
C,living worm 20 C,37.0333,76.883,,,,
C,living worm 20 C,37.0667,76.645,,,,
C,living worm 20 C,37.1,75.761,,,,
C,living worm 20 C,37.1333,75.965,,,,
C,living worm 20 C,37.1667,77.597,,,,
C,living worm 20 C,37.2,78.957,,,,
C,living worm 20 C,37.2333,79.229,,,,
C,living worm 20 C,37.2667,79.331,,,,
C,living worm 20 C,37.3,79.671,,,,
C,living worm 20 C,37.3333,80.793,,,,
C,living worm 20 C,37.3667,80.521,,,,
C,living worm 20 C,37.4,79.977,,,,
C,living worm 20 C,37.4333,78.855,,,,
C,living worm 20 C,37.4667,78.005,,,,
C,living worm 20 C,37.5,76.543,,,,
C,living worm 20 C,37.5333,75.353,,,,
C,living worm 20 C,37.5667,77.359,,,,
C,living worm 20 C,37.6,78.413,,,,
C,living worm 20 C,37.6333,79.059,,,,
C,living worm 20 C,37.6667,80.521,,,,
C,living worm 20 C,37.7,79.467,,,,
C,living worm 20 C,37.7333,79.297,,,,
C,living worm 20 C,37.7667,80.419,,,,
C,living worm 20 C,37.8,80.215,,,,
C,living worm 20 C,37.8333,80.487,,,,
C,living worm 20 C,37.8667,83.717,,,,
C,living worm 20 C,37.9,85.859,,,,
C,living worm 20 C,37.9333,87.117,,,,
C,living worm 20 C,37.9667,87.457,,,,
C,living worm 20 C,38,87.831,,,,
C,living worm 20 C,38.0333,90.483,,,,
C,living worm 20 C,38.0667,90.415,,,,
C,living worm 20 C,38.1,91.775,,,,
C,living worm 20 C,38.1333,92.761,,,,
C,living worm 20 C,38.1667,92.455,,,,
C,living worm 20 C,38.2,92.761,,,,
C,living worm 20 C,38.2333,92.931,,,,
C,living worm 20 C,38.2667,91.945,,,,
C,living worm 20 C,38.3,91.061,,,,
C,living worm 20 C,38.3333,90.517,,,,
C,living worm 20 C,38.3667,89.395,,,,
C,living worm 20 C,38.4,91.503,,,,
C,living worm 20 C,38.4333,89.803,,,,
C,living worm 20 C,38.4667,89.021,,,,
C,living worm 20 C,38.5,90.415,,,,
C,living worm 20 C,38.5333,88.375,,,,
C,living worm 20 C,38.5667,85.927,,,,
C,living worm 20 C,38.6,84.091,,,,
C,living worm 20 C,38.6333,84.601,,,,
C,living worm 20 C,38.6667,82.357,,,,
C,living worm 20 C,38.7,81.711,,,,
C,living worm 20 C,38.7333,82.051,,,,
C,living worm 20 C,38.7667,80.725,,,,
C,living worm 20 C,38.8,81.983,,,,
C,living worm 20 C,38.8333,79.926,,,,
C,living worm 20 C,38.8667,77.495,,,,
C,living worm 20 C,38.9,76.067,,,,
C,living worm 20 C,38.9333,73.449,,,,
C,living worm 20 C,38.9667,71.273,,,,
C,living worm 20 C,39,68.349,,,,
C,living worm 20 C,39.0333,65.799,,,,
C,living worm 20 C,39.0667,63.011,,,,
C,living worm 20 C,39.1,61.09,,,,
C,living worm 20 C,39.1333,59.917,,,,
C,living worm 20 C,39.1667,57.605,,,,
C,living worm 20 C,39.2,57.741,,,,
C,living worm 20 C,39.2333,53.899,,,,
C,living worm 20 C,39.2667,53.219,,,,
C,living worm 20 C,39.3,52.199,,,,
C,living worm 20 C,39.3333,51.859,,,,
C,living worm 20 C,39.3667,51.587,,,,
C,living worm 20 C,39.4,51.162,,,,
C,living worm 20 C,39.4333,50.465,,,,
C,living worm 20 C,39.4667,48.731,,,,
C,living worm 20 C,39.5,45.399,,,,
C,living worm 20 C,39.5333,40.673,,,,
C,living worm 20 C,39.5667,37.987,,,,
C,living worm 20 C,39.6,36.049,,,,
C,living worm 20 C,39.6333,35.097,,,,
C,living worm 20 C,39.6667,30.541,,,,
C,living worm 20 C,39.7,28.841,,,,
C,living worm 20 C,39.7333,23.163,,,,
C,living worm 20 C,39.7667,21.769,,,,
C,living worm 20 C,39.8,19.933,,,,
C,living worm 20 C,39.8333,19.083,,,,
C,living worm 20 C,39.8667,17.383,,,,
C,living worm 20 C,39.9,15.955,,,,
C,living worm 20 C,39.9333,15.411,,,,
C,living worm 20 C,39.9667,15.785,,,,
C,living worm 20 C,40,14.595,,,,
C,living worm 20 C,40.0333,12.657,,,,
C,living worm 20 C,40.0667,11.399,,,,
C,living worm 20 C,40.1,11.909,,,,
C,living worm 20 C,40.1333,9.733,,,,
C,living worm 20 C,40.1667,10.005,,,,
C,living worm 20 C,40.2,9.631,,,,
C,living worm 20 C,40.2333,10.311,,,,
C,living worm 20 C,40.2667,7.132,,,,
C,living worm 20 C,40.3,7.319,,,,
C,living worm 20 C,40.3333,6.027,,,,
C,living worm 20 C,40.3667,6.265,,,,
C,living worm 20 C,40.4,7.761,,,,
C,living worm 20 C,40.4333,6.843,,,,
C,living worm 20 C,40.4667,7.625,,,,
C,living worm 20 C,40.5,11.229,,,,
C,living worm 20 C,40.5333,11.433,,,,
C,living worm 20 C,40.5667,11.773,,,,
C,living worm 20 C,40.6,12.351,,,,
C,living worm 20 C,40.6333,14.323,,,,
C,living worm 20 C,40.6667,17.111,,,,
C,living worm 20 C,40.7,17.825,,,,
C,living worm 20 C,40.7333,20.154,,,,
C,living worm 20 C,40.7667,22.109,,,,
C,living worm 20 C,40.8,25.543,,,,
C,living worm 20 C,40.8333,28.059,,,,
C,living worm 20 C,40.8667,31.051,,,,
C,living worm 20 C,40.9,31.221,,,,
C,living worm 20 C,40.9333,32.887,,,,
C,living worm 20 C,40.9667,35.301,,,,
C,living worm 20 C,41,39.313,,,,
C,living worm 20 C,41.0333,42.101,,,,
C,living worm 20 C,41.0667,43.937,,,,
C,living worm 20 C,41.1,46.249,,,,
C,living worm 20 C,41.1333,45.569,,,,
C,living worm 20 C,41.1667,46.181,,,,
C,living worm 20 C,41.2,47.439,,,,
C,living worm 20 C,41.2333,51.825,,,,
C,living worm 20 C,41.2667,54.341,,,,
C,living worm 20 C,41.3,57.197,,,,
C,living worm 20 C,41.3333,63.147,,,,
C,living worm 20 C,41.3667,64.269,,,,
C,living worm 20 C,41.4,69.403,,,,
C,living worm 20 C,41.4333,71.375,,,,
C,living worm 20 C,41.4667,73.177,,,,
C,living worm 20 C,41.5,76.373,,,,
C,living worm 20 C,41.5333,79.569,,,,
C,living worm 20 C,41.5667,85.009,,,,
C,living worm 20 C,41.6,85.791,,,,
C,living worm 20 C,41.6333,86.471,,,,
C,living worm 20 C,41.6667,86.369,,,,
C,living worm 20 C,41.7,86.403,,,,
C,living worm 20 C,41.7333,86.437,,,,
C,living worm 20 C,41.7667,86.811,,,,
C,living worm 20 C,41.8,86.641,,,,
C,living worm 20 C,41.8333,86.454,,,,
C,living worm 20 C,41.8667,88.273,,,,
C,living worm 20 C,41.9,85.077,,,,
C,living worm 20 C,41.9333,83.819,,,,
C,living worm 20 C,41.9667,84.839,,,,
C,living worm 20 C,42,85.043,,,,
C,living worm 20 C,42.0333,86.335,,,,
C,living worm 20 C,42.0667,87.763,,,,
C,living worm 20 C,42.1,89.293,,,,
C,living worm 20 C,42.1333,88.579,,,,
C,living worm 20 C,42.1667,87.474,,,,
C,living worm 20 C,42.2,88.001,,,,
C,living worm 20 C,42.2333,88.205,,,,
C,living worm 20 C,42.2667,87.661,,,,
C,living worm 20 C,42.3,86.828,,,,
C,living worm 20 C,42.3333,86.93,,,,
C,living worm 20 C,42.3667,85.995,,,,
C,living worm 20 C,42.4,86.437,,,,
C,living worm 20 C,42.4333,86.199,,,,
C,living worm 20 C,42.4667,88.341,,,,
C,living worm 20 C,42.5,89.463,,,,
C,living worm 20 C,42.5333,88.613,,,,
C,living worm 20 C,42.5667,88.817,,,,
C,living worm 20 C,42.6,88.273,,,,
C,living worm 20 C,42.6333,89.565,,,,
C,living worm 20 C,42.6667,87.984,,,,
C,living worm 20 C,42.7,89.021,,,,
C,living worm 20 C,42.7333,88.885,,,,
C,living worm 20 C,42.7667,85.145,,,,
C,living worm 20 C,42.8,83.819,,,,
C,living worm 20 C,42.8333,81.609,,,,
C,living worm 20 C,42.8667,78.923,,,,
C,living worm 20 C,42.9,77.767,,,,
C,living worm 20 C,42.9333,78.991,,,,
C,living worm 20 C,42.9667,78.617,,,,
C,living worm 20 C,43,79.603,,,,
C,living worm 20 C,43.0333,79.739,,,,
C,living worm 20 C,43.0667,81.711,,,,
C,living worm 20 C,43.1,85.179,,,,
C,living worm 20 C,43.1333,87.474,,,,
C,living worm 20 C,43.1667,87.559,,,,
C,living worm 20 C,43.2,87.185,,,,
C,living worm 20 C,43.2333,88.137,,,,
C,living worm 20 C,43.2667,88.001,,,,
C,living worm 20 C,43.3,87.559,,,,
C,living worm 20 C,43.3333,85.281,,,,
C,living worm 20 C,43.3667,84.193,,,,
C,living worm 20 C,43.4,84.533,,,,
C,living worm 20 C,43.4333,80.317,,,,
C,living worm 20 C,43.4667,78.923,,,,
C,living worm 20 C,43.5,79.535,,,,
C,living worm 20 C,43.5333,80.011,,,,
C,living worm 20 C,43.5667,78.685,,,,
C,living worm 20 C,43.6,78.583,,,,
C,living worm 20 C,43.6333,78.617,,,,
C,living worm 20 C,43.6667,77.937,,,,
C,living worm 20 C,43.7,75.897,,,,
C,living worm 20 C,43.7333,72.055,,,,
C,living worm 20 C,43.7667,69.743,,,,
C,living worm 20 C,43.8,67.771,,,,
C,living worm 20 C,43.8333,66.207,,,,
C,living worm 20 C,43.8667,64.983,,,,
C,living worm 20 C,43.9,63.793,,,,
C,living worm 20 C,43.9333,64.643,,,,
C,living worm 20 C,43.9667,67.023,,,,
C,living worm 20 C,44,67.975,,,,
C,living worm 20 C,44.0333,67.499,,,,
C,living worm 20 C,44.0667,68.077,,,,
C,living worm 20 C,44.1,67.499,,,,
C,living worm 20 C,44.1333,68.791,,,,
C,living worm 20 C,44.1667,69.267,,,,
C,living worm 20 C,44.2,68.604,,,,
C,living worm 20 C,44.2333,68.077,,,,
C,living worm 20 C,44.2667,71.409,,,,
C,living worm 20 C,44.3,73.823,,,,
C,living worm 20 C,44.3333,73.177,,,,
C,living worm 20 C,44.3667,73.823,,,,
C,living worm 20 C,44.4,74.673,,,,
C,living worm 20 C,44.4333,75.353,,,,
C,living worm 20 C,44.4667,74.843,,,,
C,living worm 20 C,44.5,75.54,,,,
C,living worm 20 C,44.5333,75.183,,,,
C,living worm 20 C,44.5667,75.081,,,,
C,living worm 20 C,44.6,75.489,,,,
C,living worm 20 C,44.6333,75.489,,,,
C,living worm 20 C,44.6667,75.829,,,,
C,living worm 20 C,44.7,75.285,,,,
C,living worm 20 C,44.7333,73.347,,,,
C,living worm 20 C,44.7667,73.313,,,,
C,living worm 20 C,44.8,73.041,,,,
C,living worm 20 C,44.8333,73.381,,,,
C,living worm 20 C,44.8667,73.075,,,,
C,living worm 20 C,44.9,71.817,,,,
C,living worm 20 C,44.9333,71.987,,,,
C,living worm 20 C,44.9667,72.497,,,,
C,living worm 20 C,45,71.919,,,,
C,living worm 20 C,45.0333,72.191,,,,
C,living worm 20 C,45.0667,72.395,,,,
C,living worm 20 C,45.1,73.449,,,,
C,living worm 20 C,45.1333,73.517,,,,
C,living worm 20 C,45.1667,73.925,,,,
C,living worm 20 C,45.2,75.081,,,,
C,living worm 20 C,45.2333,74.979,,,,
C,living worm 20 C,45.2667,75.353,,,,
C,living worm 20 C,45.3,75.455,,,,
C,living worm 20 C,45.3333,75.455,,,,
C,living worm 20 C,45.3667,74.061,,,,
C,living worm 20 C,45.4,74.231,,,,
C,living worm 20 C,45.4333,73.347,,,,
C,living worm 20 C,45.4667,70.457,,,,
C,living worm 20 C,45.5,68.723,,,,
C,living worm 20 C,45.5333,69.947,,,,
C,living worm 20 C,45.5667,72.701,,,,
C,living worm 20 C,45.6,72.871,,,,
C,living worm 20 C,45.6333,73.993,,,,
C,living worm 20 C,45.6667,75.115,,,,
C,living worm 20 C,45.7,74.469,,,,
C,living worm 20 C,45.7333,73.415,,,,
C,living worm 20 C,45.7667,73.517,,,,
C,living worm 20 C,45.8,72.735,,,,
C,living worm 20 C,45.8333,70.899,,,,
C,living worm 20 C,45.8667,69.675,,,,
C,living worm 20 C,45.9,67.567,,,,
C,living worm 20 C,45.9333,63.691,,,,
C,living worm 20 C,45.9667,62.399,,,,
C,living worm 20 C,46,58.965,,,,
C,living worm 20 C,46.0333,58.047,,,,
C,living worm 20 C,46.0667,56.415,,,,
C,living worm 20 C,46.1,54.783,,,,
C,living worm 20 C,46.1333,54.545,,,,
C,living worm 20 C,46.1667,54.035,,,,
C,living worm 20 C,46.2,51.961,,,,
C,living worm 20 C,46.2333,46.929,,,,
C,living worm 20 C,46.2667,44.957,,,,
C,living worm 20 C,46.3,41.489,,,,
C,living worm 20 C,46.3333,40.333,,,,
C,living worm 20 C,46.3667,37.851,,,,
C,living worm 20 C,46.4,32.377,,,,
C,living worm 20 C,46.4333,31.017,,,,
C,living worm 20 C,46.4667,28.977,,,,
C,living worm 20 C,46.5,28.943,,,,
C,living worm 20 C,46.5333,29.997,,,,
C,living worm 20 C,46.5667,31.731,,,,
C,living worm 20 C,46.6,34.043,,,,
C,living worm 20 C,46.6333,35.777,,,,
C,living worm 20 C,46.6667,35.607,,,,
C,living worm 20 C,46.7,33.159,,,,
C,living worm 20 C,46.7333,30.609,,,,
C,living worm 20 C,46.7667,30.949,,,,
C,living worm 20 C,46.8,29.555,,,,
C,living worm 20 C,46.8333,29.946,,,,
C,living worm 20 C,46.8667,29.283,,,,
C,living worm 20 C,46.9,29.351,,,,
C,living worm 20 C,46.9333,29.011,,,,
C,living worm 20 C,46.9667,28.875,,,,
C,living worm 20 C,47,27.617,,,,
C,living worm 20 C,47.0333,26.053,,,,
C,living worm 20 C,47.0667,21.089,,,,
C,living worm 20 C,47.1,20.749,,,,
C,living worm 20 C,47.1333,19.151,,,,
C,living worm 20 C,47.1667,21.854,,,,
C,living worm 20 C,47.2,22.041,,,,
C,living worm 20 C,47.2333,21.191,,,,
C,living worm 20 C,47.2667,20.205,,,,
C,living worm 20 C,47.3,22.143,,,,
C,living worm 20 C,47.3333,21.497,,,,
C,living worm 20 C,47.3667,21.225,,,,
C,living worm 20 C,47.4,22.959,,,,
C,living worm 20 C,47.4333,20.647,,,,
C,living worm 20 C,47.4667,21.259,,,,
C,living worm 20 C,47.5,18.42,,,,
C,living worm 20 C,47.5333,15.785,,,,
C,living worm 20 C,47.5667,11.671,,,,
C,living worm 20 C,47.6,9.155,,,,
C,living worm 20 C,47.6333,10.447,,,,
C,living worm 20 C,47.6667,7.387,,,,
C,living worm 20 C,47.7,6.333,,,,
C,living worm 20 C,47.7333,6.333,,,,
C,living worm 20 C,47.7667,5.687,,,,
C,living worm 20 C,47.8,5.823,,,,
C,living worm 20 C,47.8333,6.231,,,,
C,living worm 20 C,47.8667,7.659,,,,
C,living worm 20 C,47.9,7.999,,,,
C,living worm 20 C,47.9333,8.917,,,,
C,living worm 20 C,47.9667,10.855,,,,
C,living worm 20 C,48,11.977,,,,
C,living worm 20 C,48.0333,11.705,,,,
C,living worm 20 C,48.0667,15.003,,,,
C,living worm 20 C,48.1,17.349,,,,
C,living worm 20 C,48.1333,18.573,,,,
C,living worm 20 C,48.1667,22.755,,,,
C,living worm 20 C,48.2,25.237,,,,
C,living worm 20 C,48.2333,23.877,,,,
C,living worm 20 C,48.2667,22.585,,,,
C,living worm 20 C,48.3,23.163,,,,
C,living worm 20 C,48.3333,28.535,,,,
C,living worm 20 C,48.3667,30.031,,,,
C,living worm 20 C,48.4,28.127,,,,
C,living worm 20 C,48.4333,29.555,,,,
C,living worm 20 C,48.4667,29.147,,,,
C,living worm 20 C,48.5,26.903,,,,
C,living worm 20 C,48.5333,26.087,,,,
C,living worm 20 C,48.5667,24.829,,,,
C,living worm 20 C,48.6,22.347,,,,
C,living worm 20 C,48.6333,22.721,,,,
C,living worm 20 C,48.6667,24.693,,,,
C,living worm 20 C,48.7,24.795,,,,
C,living worm 20 C,48.7333,25.951,,,,
C,living worm 20 C,48.7667,27.005,,,,
C,living worm 20 C,48.8,29.249,,,,
C,living worm 20 C,48.8333,27.413,,,,
C,living worm 20 C,48.8667,24.625,,,,
C,living worm 20 C,48.9,25.475,,,,
C,living worm 20 C,48.9333,23.741,,,,
C,living worm 20 C,48.9667,23.163,,,,
C,living worm 20 C,49,21.429,,,,
C,living worm 20 C,49.0333,22.789,,,,
C,living worm 20 C,49.0667,22.925,,,,
C,living worm 20 C,49.1,23.503,,,,
C,living worm 20 C,49.1333,23.435,,,,
C,living worm 20 C,49.1667,22.585,,,,
C,living worm 20 C,49.2,22.279,,,,
C,living worm 20 C,49.2333,22.177,,,,
C,living worm 20 C,49.2667,23.265,,,,
C,living worm 20 C,49.3,24.319,,,,
C,living worm 20 C,49.3333,22.449,,,,
C,living worm 20 C,49.3667,22.109,,,,
C,living worm 20 C,49.4,20.103,,,,
C,living worm 20 C,49.4333,17.893,,,,
C,living worm 20 C,49.4667,18.845,,,,
C,living worm 20 C,49.5,19.355,,,,
C,living worm 20 C,49.5333,18.777,,,,
C,living worm 20 C,49.5667,18.794,,,,
C,living worm 20 C,49.6,19.287,,,,
C,living worm 20 C,49.6333,19.049,,,,
C,living worm 20 C,49.6667,18.233,,,,
C,living worm 20 C,49.7,18.097,,,,
C,living worm 20 C,49.7333,19.457,,,,
C,living worm 20 C,49.7667,20.205,,,,
C,living worm 20 C,49.8,22.517,,,,
C,living worm 20 C,49.8333,23.333,,,,
C,living worm 20 C,49.8667,23.231,,,,
C,living worm 20 C,49.9,25.322,,,,
C,living worm 20 C,49.9333,27.107,,,,
C,living worm 20 C,49.9667,27.991,,,,
C,living worm 20 C,50,28.161,,,,
C,living worm 20 C,50.0333,27.651,,,,
C,living worm 20 C,50.0667,27.379,,,,
C,living worm 20 C,50.1,27.277,,,,
C,living worm 20 C,50.1333,26.461,,,,
C,living worm 20 C,50.1667,26.189,,,,
C,living worm 20 C,50.2,24.557,,,,
C,living worm 20 C,50.2333,24.353,,,,
C,living worm 20 C,50.2667,24.387,,,,
C,living worm 20 C,50.3,24.251,,,,
C,living worm 20 C,50.3333,24.489,,,,
C,living worm 20 C,50.3667,23.673,,,,
C,living worm 20 C,50.4,25.883,,,,
C,living worm 20 C,50.4333,26.087,,,,
C,living worm 20 C,50.4667,25.781,,,,
C,living worm 20 C,50.5,25.135,,,,
C,living worm 20 C,50.5333,29.011,,,,
C,living worm 20 C,50.5667,28.977,,,,
C,living worm 20 C,50.6,29.827,,,,
C,living worm 20 C,50.6333,29.453,,,,
C,living worm 20 C,50.6667,27.311,,,,
C,living worm 20 C,50.7,26.104,,,,
C,living worm 20 C,50.7333,21.497,,,,
C,living worm 20 C,50.7667,20.001,,,,
C,living worm 20 C,50.8,18.029,,,,
C,living worm 20 C,50.8333,17.519,,,,
C,living worm 20 C,50.8667,16.431,,,,
C,living worm 20 C,50.9,16.125,,,,
C,living worm 20 C,50.9333,18.403,,,,
C,living worm 20 C,50.9667,17.927,,,,
C,living worm 20 C,51,20.239,,,,
C,living worm 20 C,51.0333,21.089,,,,
C,living worm 20 C,51.0667,21.633,,,,
C,living worm 20 C,51.1,21.021,,,,
C,living worm 20 C,51.1333,20.103,,,,
C,living worm 20 C,51.1667,21.089,,,,
C,living worm 20 C,51.2,21.803,,,,
C,living worm 20 C,51.2333,22.041,,,,
C,living worm 20 C,51.2667,21.701,,,,
C,living worm 20 C,51.3,21.837,,,,
C,living worm 20 C,51.3333,22.211,,,,
C,living worm 20 C,51.3667,22.551,,,,
C,living worm 20 C,51.4,21.021,,,,
C,living worm 20 C,51.4333,20.749,,,,
C,living worm 20 C,51.4667,20.171,,,,
C,living worm 20 C,51.5,20.375,,,,
C,living worm 20 C,51.5333,20.409,,,,
C,living worm 20 C,51.5667,20.137,,,,
C,living worm 20 C,51.6,18.403,,,,
C,living worm 20 C,51.6333,17.995,,,,
C,living worm 20 C,51.6667,18.165,,,,
C,living worm 20 C,51.7,17.995,,,,
C,living worm 20 C,51.7333,17.451,,,,
C,living worm 20 C,51.7667,17.519,,,,
C,living worm 20 C,51.8,17.587,,,,
C,living worm 20 C,51.8333,17.145,,,,
C,living worm 20 C,51.8667,17.621,,,,
C,living worm 20 C,51.9,17.553,,,,
C,living worm 20 C,51.9333,17.485,,,,
C,living worm 20 C,51.9667,17.451,,,,
C,living worm 20 C,52,17.009,,,,
C,living worm 20 C,52.0333,16.431,,,,
C,living worm 20 C,52.0667,16.873,,,,
C,living worm 20 C,52.1,16.975,,,,
C,living worm 20 C,52.1333,16.839,,,,
C,living worm 20 C,52.1667,16.907,,,,
C,living worm 20 C,52.2,17.451,,,,
C,living worm 20 C,52.2333,16.635,,,,
C,living worm 20 C,52.2667,17.213,,,,
C,living worm 20 C,52.3,17.383,,,,
C,living worm 20 C,52.3333,17.349,,,,
C,living worm 20 C,52.3667,18.879,,,,
C,living worm 20 C,52.4,18.777,,,,
C,living worm 20 C,52.4333,18.165,,,,
C,living worm 20 C,52.4667,18.301,,,,
C,living worm 20 C,52.5,18.573,,,,
C,living worm 20 C,52.5333,17.179,,,,
C,living worm 20 C,52.5667,17.111,,,,
C,living worm 20 C,52.6,17.077,,,,
C,living worm 20 C,52.6333,17.043,,,,
C,living worm 20 C,52.6667,17.145,,,,
C,living worm 20 C,52.7,16.907,,,,
C,living worm 20 C,52.7333,16.805,,,,
C,living worm 20 C,52.7667,17.791,,,,
C,living worm 20 C,52.8,16.975,,,,
C,living worm 20 C,52.8333,16.227,,,,
C,living worm 20 C,52.8667,16.295,,,,
C,living worm 20 C,52.9,14.935,,,,
C,living worm 20 C,52.9333,14.731,,,,
C,living worm 20 C,52.9667,15.479,,,,
C,living worm 20 C,53,14.697,,,,
C,living worm 20 C,53.0333,15.547,,,,
C,living worm 20 C,53.0667,16.363,,,,
C,living worm 20 C,53.1,16.125,,,,
C,living worm 20 C,53.1333,17.349,,,,
C,living worm 20 C,53.1667,17.655,,,,
C,living worm 20 C,53.2,17.927,,,,
C,living worm 20 C,53.2333,16.499,,,,
C,living worm 20 C,53.2667,15.003,,,,
C,living worm 20 C,53.3,14.697,,,,
C,living worm 20 C,53.3333,13.915,,,,
C,living worm 20 C,53.3667,15.173,,,,
C,living worm 20 C,53.4,14.187,,,,
C,living worm 20 C,53.4333,14.969,,,,
C,living worm 20 C,53.4667,16.669,,,,
C,living worm 20 C,53.5,19.423,,,,
C,living worm 20 C,53.5333,20.035,,,,
C,living worm 20 C,53.5667,20.375,,,,
C,living worm 20 C,53.6,17.825,,,,
C,living worm 20 C,53.6333,17.655,,,,
C,living worm 20 C,53.6667,17.247,,,,
C,living worm 20 C,53.7,17.043,,,,
C,living worm 20 C,53.7333,17.077,,,,
C,living worm 20 C,53.7667,16.975,,,,
C,living worm 20 C,53.8,16.839,,,,
C,living worm 20 C,53.8333,16.873,,,,
C,living worm 20 C,53.8667,17.349,,,,
C,living worm 20 C,53.9,17.383,,,,
C,living worm 20 C,53.9333,15.649,,,,
C,living worm 20 C,53.9667,15.139,,,,
C,living worm 20 C,54,14.255,,,,
C,living worm 20 C,54.0333,14.731,,,,
C,living worm 20 C,54.0667,13.235,,,,
C,living worm 20 C,54.1,14.493,,,,
C,living worm 20 C,54.1333,16.295,,,,
C,living worm 20 C,54.1667,13.949,,,,
C,living worm 20 C,54.2,14.901,,,,
C,living worm 20 C,54.2333,14.221,,,,
C,living worm 20 C,54.2667,14.595,,,,
C,living worm 20 C,54.3,18.471,,,,
C,living worm 20 C,54.3333,17.961,,,,
C,living worm 20 C,54.3667,17.383,,,,
C,living worm 20 C,54.4,17.077,,,,
C,living worm 20 C,54.4333,16.363,,,,
C,living worm 20 C,54.4667,16.414,,,,
C,living worm 20 C,54.5,16.533,,,,
C,living worm 20 C,54.5333,14.051,,,,
C,living worm 20 C,54.5667,14.561,,,,
C,living worm 20 C,54.6,11.399,,,,
C,living worm 20 C,54.6333,9.767,,,,
C,living worm 20 C,54.6667,8.543,,,,
C,living worm 20 C,54.7,7.387,,,,
C,living worm 20 C,54.7333,7.523,,,,
C,living worm 20 C,54.7667,5.313,,,,
C,living worm 20 C,54.8,3.069,,,,
C,living worm 20 C,54.8333,5.041,,,,
C,living worm 20 C,54.8667,4.735,,,,
C,living worm 20 C,54.9,4.497,,,,
C,living worm 20 C,54.9333,3.987,,,,
C,living worm 20 C,54.9667,4.939,,,,
C,living worm 20 C,55,5.381,,,,
C,living worm 20 C,55.0333,5.381,,,,
C,living worm 20 C,55.0667,3.715,,,,
C,living worm 20 C,55.1,3.715,,,,
C,living worm 20 C,55.1333,3.851,,,,
C,living worm 20 C,55.1667,4.735,,,,
C,living worm 20 C,55.2,6.027,,,,
C,living worm 20 C,55.2333,5.891,,,,
C,living worm 20 C,55.2667,5.789,,,,
C,living worm 20 C,55.3,6.095,,,,
C,living worm 20 C,55.3333,6.333,,,,
C,living worm 20 C,55.3667,5.789,,,,
C,living worm 20 C,55.4,6.163,,,,
C,living worm 20 C,55.4333,6.775,,,,
C,living worm 20 C,55.4667,7.591,,,,
C,living worm 20 C,55.5,8.135,,,,
C,living worm 20 C,55.5333,9.393,,,,
C,living worm 20 C,55.5667,10.413,,,,
C,living worm 20 C,55.6,10.753,,,,
C,living worm 20 C,55.6333,11.977,,,,
C,living worm 20 C,55.6667,11.841,,,,
C,living worm 20 C,55.7,13.541,,,,
C,living worm 20 C,55.7333,13.643,,,,
C,living worm 20 C,55.7667,13.983,,,,
C,living worm 20 C,55.8,15.751,,,,
C,living worm 20 C,55.8333,17.077,,,,
C,living worm 20 C,55.8667,17.621,,,,
C,living worm 20 C,55.9,18.131,,,,
C,living worm 20 C,55.9333,16.567,,,,
C,living worm 20 C,55.9667,14.799,,,,
C,living worm 20 C,56,14.731,,,,
C,living worm 20 C,56.0333,14.561,,,,
C,living worm 20 C,56.0667,13.133,,,,
C,living worm 20 C,56.1,13.473,,,,
C,living worm 20 C,56.1333,12.997,,,,
C,living worm 20 C,56.1667,12.249,,,,
C,living worm 20 C,56.2,12.079,,,,
C,living worm 20 C,56.2333,13.575,,,,
C,living worm 20 C,56.2667,13.575,,,,
C,living worm 20 C,56.3,16.533,,,,
C,living worm 20 C,56.3333,18.845,,,,
C,living worm 20 C,56.3667,23.741,,,,
C,living worm 20 C,56.4,27.277,,,,
C,living worm 20 C,56.4333,31.357,,,,
C,living worm 20 C,56.4667,32.717,,,,
C,living worm 20 C,56.5,32.717,,,,
C,living worm 20 C,56.5333,34.655,,,,
C,living worm 20 C,56.5667,34.417,,,,
C,living worm 20 C,56.6,34.791,,,,
C,living worm 20 C,56.6333,36.457,,,,
C,living worm 20 C,56.6667,35.913,,,,
C,living worm 20 C,56.7,36.049,,,,
C,living worm 20 C,56.7333,34.587,,,,
C,living worm 20 C,56.7667,33.227,,,,
C,living worm 20 C,56.8,35.165,,,,
C,living worm 20 C,56.8333,34.689,,,,
C,living worm 20 C,56.8667,33.499,,,,
C,living worm 20 C,56.9,29.181,,,,
C,living worm 20 C,56.9333,27.753,,,,
C,living worm 20 C,56.9667,26.138,,,,
C,living worm 20 C,57,25.713,,,,
C,living worm 20 C,57.0333,24.353,,,,
C,living worm 20 C,57.0667,23.707,,,,
C,living worm 20 C,57.1,21.242,,,,
C,living worm 20 C,57.1333,20.511,,,,
C,living worm 20 C,57.1667,19.015,,,,
C,living worm 20 C,57.2,21.633,,,,
C,living worm 20 C,57.2333,20.579,,,,
C,living worm 20 C,57.2667,22.177,,,,
C,living worm 20 C,57.3,24.999,,,,
C,living worm 20 C,57.3333,25.645,,,,
C,living worm 20 C,57.3667,26.053,,,,
C,living worm 20 C,57.4,26.325,,,,
C,living worm 20 C,57.4333,26.699,,,,
C,living worm 20 C,57.4667,27.617,,,,
C,living worm 20 C,57.5,27.379,,,,
C,living worm 20 C,57.5333,27.209,,,,
C,living worm 20 C,57.5667,27.719,,,,
C,living worm 20 C,57.6,26.937,,,,
C,living worm 20 C,57.6333,27.719,,,,
C,living worm 20 C,57.6667,26.087,,,,
C,living worm 20 C,57.7,24.693,,,,
C,living worm 20 C,57.7333,24.115,,,,
C,living worm 20 C,57.7667,24.081,,,,
C,living worm 20 C,57.8,22.075,,,,
C,living worm 20 C,57.8333,20.273,,,,
C,living worm 20 C,57.8667,20.188,,,,
C,living worm 20 C,57.9,19.151,,,,
C,living worm 20 C,57.9333,18.199,,,,
C,living worm 20 C,57.9667,18.641,,,,
C,living worm 20 C,58,18.675,,,,
C,living worm 20 C,58.0333,19.355,,,,
C,living worm 20 C,58.0667,18.505,,,,
C,living worm 20 C,58.1,19.219,,,,
C,living worm 20 C,58.1333,19.049,,,,
C,living worm 20 C,58.1667,12.249,,,,
C,living worm 20 C,58.2,10.328,,,,
C,living worm 20 C,58.2333,10.141,,,,
C,living worm 20 C,58.2667,8.271,,,,
C,living worm 20 C,58.3,6.435,,,,
C,living worm 20 C,58.3333,5.551,,,,
C,living worm 20 C,58.3667,6.197,,,,
C,living worm 20 C,58.4,5.585,,,,
C,living worm 20 C,58.4333,5.075,,,,
C,living worm 20 C,58.4667,5.177,,,,
C,living worm 20 C,58.5,5.041,,,,
C,living worm 20 C,58.5333,5.415,,,,
C,living worm 20 C,58.5667,5.211,,,,
C,living worm 20 C,58.6,5.857,,,,
C,living worm 20 C,58.6333,5.823,,,,
C,living worm 20 C,58.6667,5.721,,,,
C,living worm 20 C,58.7,6.061,,,,
C,living worm 20 C,58.7333,6.095,,,,
C,living worm 20 C,58.7667,6.095,,,,
C,living worm 20 C,58.8,6.333,,,,
C,living worm 20 C,58.8333,6.435,,,,
C,living worm 20 C,58.8667,6.197,,,,
C,living worm 20 C,58.9,6.333,,,,
C,living worm 20 C,58.9333,4.633,,,,
C,living worm 20 C,58.9667,4.973,,,,
C,living worm 20 C,59,5.041,,,,
C,living worm 20 C,59.0333,4.803,,,,
C,living worm 20 C,59.0667,4.667,,,,
C,living worm 20 C,59.1,5.245,,,,
C,living worm 20 C,59.1333,4.701,,,,
C,living worm 20 C,59.1667,4.327,,,,
C,living worm 20 C,59.2,4.361,,,,
C,living worm 20 C,59.2333,4.497,,,,
C,living worm 20 C,59.2667,4.395,,,,
C,living worm 20 C,59.3,4.191,,,,
C,living worm 20 C,59.3333,3.8,,,,
C,living worm 20 C,59.3667,5.075,,,,
C,living worm 20 C,59.4,6.231,,,,
C,living worm 20 C,59.4333,6.027,,,,
C,living worm 20 C,59.4667,6.401,,,,
C,living worm 20 C,59.5,9.631,,,,
C,living worm 20 C,59.5333,9.427,,,,
C,living worm 20 C,59.5667,10.277,,,,
C,living worm 20 C,59.6,16.227,,,,
C,living worm 20 C,59.6333,14.935,,,,
C,living worm 20 C,59.6667,17.043,,,,
C,living worm 20 C,59.7,17.655,,,,
C,living worm 20 C,59.7333,17.349,,,,
C,living worm 20 C,59.7667,19.627,,,,
C,living worm 20 C,59.8,21.633,,,,
C,living worm 20 C,59.8333,22.585,,,,
C,living worm 20 C,59.8667,22.143,,,,
C,living worm 20 C,59.9,21.327,,,,
C,living worm 20 C,59.9333,20.885,,,,
D,model 20 C,3,33.0739,,,,
D,model 20 C,3.01667,33.2974,,,,
D,model 20 C,3.03333,33.7614,,,,
D,model 20 C,3.05,34.3958,,,,
D,model 20 C,3.06667,35.1217,,,,
D,model 20 C,3.08333,36.0876,,,,
D,model 20 C,3.1,36.9812,,,,
D,model 20 C,3.11667,38.1123,,,,
D,model 20 C,3.13333,39.4364,,,,
D,model 20 C,3.15,40.4975,,,,
D,model 20 C,3.16667,41.7542,,,,
D,model 20 C,3.18333,42.8284,,,,
D,model 20 C,3.2,44.0473,,,,
D,model 20 C,3.21667,45.0611,,,,
D,model 20 C,3.23333,46.2156,,,,
D,model 20 C,3.25,47.356,,,,
D,model 20 C,3.26667,48.4251,,,,
D,model 20 C,3.28333,49.6275,,,,
D,model 20 C,3.3,50.8627,,,,
D,model 20 C,3.31667,51.9004,,,,
D,model 20 C,3.33333,52.9415,,,,
D,model 20 C,3.35,54.0087,,,,
D,model 20 C,3.36667,54.9675,,,,
D,model 20 C,3.38333,55.9479,,,,
D,model 20 C,3.4,56.9929,,,,
D,model 20 C,3.41667,57.8516,,,,
D,model 20 C,3.43333,58.5549,,,,
D,model 20 C,3.45,58.935,,,,
D,model 20 C,3.46667,59.1442,,,,
D,model 20 C,3.48333,59.1811,,,,
D,model 20 C,3.5,58.9337,,,,
D,model 20 C,3.51667,58.7893,,,,
D,model 20 C,3.53333,58.5967,,,,
D,model 20 C,3.55,58.0436,,,,
D,model 20 C,3.56667,57.3969,,,,
D,model 20 C,3.58333,56.9325,,,,
D,model 20 C,3.6,56.5403,,,,
D,model 20 C,3.61667,56.0793,,,,
D,model 20 C,3.63333,55.7293,,,,
D,model 20 C,3.65,55.4884,,,,
D,model 20 C,3.66667,55.3077,,,,
D,model 20 C,3.68333,55.1694,,,,
D,model 20 C,3.7,55.4992,,,,
D,model 20 C,3.71667,55.8638,,,,
D,model 20 C,3.73333,56.3499,,,,
D,model 20 C,3.75,56.8646,,,,
D,model 20 C,3.76667,57.669,,,,
D,model 20 C,3.78333,58.5378,,,,
D,model 20 C,3.8,59.4822,,,,
D,model 20 C,3.81667,60.4641,,,,
D,model 20 C,3.83333,61.6555,,,,
D,model 20 C,3.85,62.6925,,,,
D,model 20 C,3.86667,63.9366,,,,
D,model 20 C,3.88333,64.9779,,,,
D,model 20 C,3.9,66.0183,,,,
D,model 20 C,3.91667,67.0466,,,,
D,model 20 C,3.93333,68.1421,,,,
D,model 20 C,3.95,69.1557,,,,
D,model 20 C,3.96667,70.187,,,,
D,model 20 C,3.98333,71.2146,,,,
D,model 20 C,4,72.2964,,,,
D,model 20 C,4.01667,73.4727,,,,
D,model 20 C,4.03333,74.7044,,,,
D,model 20 C,4.05,75.9219,,,,
D,model 20 C,4.06667,76.9971,,,,
D,model 20 C,4.08333,78.1178,,,,
D,model 20 C,4.1,79.2374,,,,
D,model 20 C,4.11667,80.1492,,,,
D,model 20 C,4.13333,81.3958,,,,
D,model 20 C,4.15,82.5954,,,,
D,model 20 C,4.16667,83.7629,,,,
D,model 20 C,4.18333,84.5788,,,,
D,model 20 C,4.2,85.4894,,,,
D,model 20 C,4.21667,86.2708,,,,
D,model 20 C,4.23333,87.0491,,,,
D,model 20 C,4.25,87.933,,,,
D,model 20 C,4.26667,88.6791,,,,
D,model 20 C,4.28333,89.5411,,,,
D,model 20 C,4.3,90.2685,,,,
D,model 20 C,4.31667,90.7511,,,,
D,model 20 C,4.33333,91.2602,,,,
D,model 20 C,4.35,91.4957,,,,
D,model 20 C,4.36667,91.569,,,,
D,model 20 C,4.38333,91.699,,,,
D,model 20 C,4.4,91.7584,,,,
D,model 20 C,4.41667,91.7702,,,,
D,model 20 C,4.43333,91.5323,,,,
D,model 20 C,4.45,91.2982,,,,
D,model 20 C,4.46667,90.9905,,,,
D,model 20 C,4.48333,90.4417,,,,
D,model 20 C,4.5,89.8749,,,,
D,model 20 C,4.51667,89.2964,,,,
D,model 20 C,4.53333,88.6296,,,,
D,model 20 C,4.55,87.838,,,,
D,model 20 C,4.56667,87.1347,,,,
D,model 20 C,4.58333,86.3273,,,,
D,model 20 C,4.6,85.3088,,,,
D,model 20 C,4.61667,84.4142,,,,
D,model 20 C,4.63333,83.4818,,,,
D,model 20 C,4.65,82.3682,,,,
D,model 20 C,4.66667,81.162,,,,
D,model 20 C,4.68333,80.0388,,,,
D,model 20 C,4.7,78.7994,,,,
D,model 20 C,4.71667,77.6251,,,,
D,model 20 C,4.73333,76.5177,,,,
D,model 20 C,4.75,75.4676,,,,
D,model 20 C,4.76667,74.3813,,,,
D,model 20 C,4.78333,73.2819,,,,
D,model 20 C,4.8,72.1951,,,,
D,model 20 C,4.81667,70.995,,,,
D,model 20 C,4.83333,69.9904,,,,
D,model 20 C,4.85,68.943,,,,
D,model 20 C,4.86667,68.0555,,,,
D,model 20 C,4.88333,67.1356,,,,
D,model 20 C,4.9,66.6898,,,,
D,model 20 C,4.91667,65.9623,,,,
D,model 20 C,4.93333,65.5098,,,,
D,model 20 C,4.95,65.1884,,,,
D,model 20 C,4.96667,64.9138,,,,
D,model 20 C,4.98333,65.1469,,,,
D,model 20 C,5,65.2088,,,,
D,model 20 C,5.01667,65.6238,,,,
D,model 20 C,5.03333,66.1406,,,,
D,model 20 C,5.05,66.982,,,,
D,model 20 C,5.06667,67.8354,,,,
D,model 20 C,5.08333,68.8939,,,,
D,model 20 C,5.1,69.9736,,,,
D,model 20 C,5.11667,71.1538,,,,
D,model 20 C,5.13333,72.2618,,,,
D,model 20 C,5.15,73.1861,,,,
D,model 20 C,5.16667,74.2424,,,,
D,model 20 C,5.18333,75.2647,,,,
D,model 20 C,5.2,76.0466,,,,
D,model 20 C,5.21667,76.6856,,,,
D,model 20 C,5.23333,77.1695,,,,
D,model 20 C,5.25,77.4622,,,,
D,model 20 C,5.26667,77.6807,,,,
D,model 20 C,5.28333,77.7458,,,,
D,model 20 C,5.3,77.6719,,,,
D,model 20 C,5.31667,77.3632,,,,
D,model 20 C,5.33333,76.8591,,,,
D,model 20 C,5.35,76.1596,,,,
D,model 20 C,5.36667,75.6051,,,,
D,model 20 C,5.38333,74.5965,,,,
D,model 20 C,5.4,73.3481,,,,
D,model 20 C,5.41667,72.2273,,,,
D,model 20 C,5.43333,71.1732,,,,
D,model 20 C,5.45,70.0998,,,,
D,model 20 C,5.46667,69.1527,,,,
D,model 20 C,5.48333,68.0311,,,,
D,model 20 C,5.5,67.0894,,,,
D,model 20 C,5.51667,66.0067,,,,
D,model 20 C,5.53333,64.8636,,,,
D,model 20 C,5.55,63.8068,,,,
D,model 20 C,5.56667,62.7377,,,,
D,model 20 C,5.58333,61.6345,,,,
D,model 20 C,5.6,60.556,,,,
D,model 20 C,5.61667,59.4333,,,,
D,model 20 C,5.63333,58.0072,,,,
D,model 20 C,5.65,56.9915,,,,
D,model 20 C,5.66667,56.0401,,,,
D,model 20 C,5.68333,54.9834,,,,
D,model 20 C,5.7,53.8869,,,,
D,model 20 C,5.71667,53.0801,,,,
D,model 20 C,5.73333,52.2722,,,,
D,model 20 C,5.75,51.8201,,,,
D,model 20 C,5.76667,51.3717,,,,
D,model 20 C,5.78333,51.0391,,,,
D,model 20 C,5.8,50.9041,,,,
D,model 20 C,5.81667,51.0177,,,,
D,model 20 C,5.83333,51.3231,,,,
D,model 20 C,5.85,51.5947,,,,
D,model 20 C,5.86667,52.0474,,,,
D,model 20 C,5.88333,52.5963,,,,
D,model 20 C,5.9,53.267,,,,
D,model 20 C,5.91667,54.0295,,,,
D,model 20 C,5.93333,54.9135,,,,
D,model 20 C,5.95,55.9907,,,,
D,model 20 C,5.96667,57.0725,,,,
D,model 20 C,5.98333,58.083,,,,
D,model 20 C,6,59.2487,,,,
D,model 20 C,6.01667,60.3171,,,,
D,model 20 C,6.03333,61.5231,,,,
D,model 20 C,6.05,62.6183,,,,
D,model 20 C,6.06667,63.8055,,,,
D,model 20 C,6.08333,64.901,,,,
D,model 20 C,6.1,65.8669,,,,
D,model 20 C,6.11667,67.1467,,,,
D,model 20 C,6.13333,68.2921,,,,
D,model 20 C,6.15,69.293,,,,
D,model 20 C,6.16667,70.4759,,,,
D,model 20 C,6.18333,71.6265,,,,
D,model 20 C,6.2,72.8339,,,,
D,model 20 C,6.21667,73.8671,,,,
D,model 20 C,6.23333,75.0667,,,,
D,model 20 C,6.25,76.1642,,,,
D,model 20 C,6.26667,77.153,,,,
D,model 20 C,6.28333,78.2202,,,,
D,model 20 C,6.3,79.3363,,,,
D,model 20 C,6.31667,80.3894,,,,
D,model 20 C,6.33333,81.5521,,,,
D,model 20 C,6.35,82.5652,,,,
D,model 20 C,6.36667,83.6853,,,,
D,model 20 C,6.38333,84.723,,,,
D,model 20 C,6.4,85.8351,,,,
D,model 20 C,6.41667,86.8194,,,,
D,model 20 C,6.43333,87.8231,,,,
D,model 20 C,6.45,88.7641,,,,
D,model 20 C,6.46667,89.6732,,,,
D,model 20 C,6.48333,90.3169,,,,
D,model 20 C,6.5,91.0947,,,,
D,model 20 C,6.51667,91.7045,,,,
D,model 20 C,6.53333,92.2904,,,,
D,model 20 C,6.55,92.6742,,,,
D,model 20 C,6.56667,93.0938,,,,
D,model 20 C,6.58333,93.228,,,,
D,model 20 C,6.6,93.4207,,,,
D,model 20 C,6.61667,93.3845,,,,
D,model 20 C,6.63333,93.3821,,,,
D,model 20 C,6.65,93.2057,,,,
D,model 20 C,6.66667,92.916,,,,
D,model 20 C,6.68333,92.7016,,,,
D,model 20 C,6.7,92.5174,,,,
D,model 20 C,6.71667,92.5047,,,,
D,model 20 C,6.73333,92.6811,,,,
D,model 20 C,6.75,92.3829,,,,
D,model 20 C,6.76667,92.0591,,,,
D,model 20 C,6.78333,91.7562,,,,
D,model 20 C,6.8,91.5289,,,,
D,model 20 C,6.81667,91.3474,,,,
D,model 20 C,6.83333,91.315,,,,
D,model 20 C,6.85,91.4153,,,,
D,model 20 C,6.86667,91.1544,,,,
D,model 20 C,6.88333,91.1423,,,,
D,model 20 C,6.9,91.1967,,,,
D,model 20 C,6.91667,91.2635,,,,
D,model 20 C,6.93333,91.4547,,,,
D,model 20 C,6.95,91.6211,,,,
D,model 20 C,6.96667,91.6348,,,,
D,model 20 C,6.98333,91.6306,,,,
D,model 20 C,7,91.603,,,,
D,model 20 C,7.01667,91.944,,,,
D,model 20 C,7.03333,91.9048,,,,
D,model 20 C,7.05,91.8756,,,,
D,model 20 C,7.06667,92.2142,,,,
D,model 20 C,7.08333,92.3761,,,,
D,model 20 C,7.1,92.2362,,,,
D,model 20 C,7.11667,92.2322,,,,
D,model 20 C,7.13333,92.4895,,,,
D,model 20 C,7.15,92.5216,,,,
D,model 20 C,7.16667,92.5294,,,,
D,model 20 C,7.18333,92.5134,,,,
D,model 20 C,7.2,92.3226,,,,
D,model 20 C,7.21667,91.9885,,,,
D,model 20 C,7.23333,91.7948,,,,
D,model 20 C,7.25,91.6199,,,,
D,model 20 C,7.26667,91.4434,,,,
D,model 20 C,7.28333,91.3989,,,,
D,model 20 C,7.3,91.3119,,,,
D,model 20 C,7.31667,91.3127,,,,
D,model 20 C,7.33333,91.1137,,,,
D,model 20 C,7.35,90.7623,,,,
D,model 20 C,7.36667,90.5947,,,,
D,model 20 C,7.38333,90.2023,,,,
D,model 20 C,7.4,89.8855,,,,
D,model 20 C,7.41667,89.5552,,,,
D,model 20 C,7.43333,89.1068,,,,
D,model 20 C,7.45,88.6128,,,,
D,model 20 C,7.46667,87.9018,,,,
D,model 20 C,7.48333,87.4138,,,,
D,model 20 C,7.5,86.4616,,,,
D,model 20 C,7.51667,85.4032,,,,
D,model 20 C,7.53333,84.4661,,,,
D,model 20 C,7.55,83.5085,,,,
D,model 20 C,7.56667,82.3325,,,,
D,model 20 C,7.58333,81.3556,,,,
D,model 20 C,7.6,80.2833,,,,
D,model 20 C,7.61667,79.1148,,,,
D,model 20 C,7.63333,78.0755,,,,
D,model 20 C,7.65,76.8952,,,,
D,model 20 C,7.66667,75.816,,,,
D,model 20 C,7.68333,74.7249,,,,
D,model 20 C,7.7,73.5831,,,,
D,model 20 C,7.71667,72.3522,,,,
D,model 20 C,7.73333,71.247,,,,
D,model 20 C,7.75,70.1663,,,,
D,model 20 C,7.76667,69.0504,,,,
D,model 20 C,7.78333,67.8383,,,,
D,model 20 C,7.8,66.8606,,,,
D,model 20 C,7.81667,66.1105,,,,
D,model 20 C,7.83333,65.6983,,,,
D,model 20 C,7.85,65.005,,,,
D,model 20 C,7.86667,64.7489,,,,
D,model 20 C,7.88333,64.6668,,,,
D,model 20 C,7.9,64.4367,,,,
D,model 20 C,7.91667,64.5062,,,,
D,model 20 C,7.93333,64.8875,,,,
D,model 20 C,7.95,65.1443,,,,
D,model 20 C,7.96667,65.8361,,,,
D,model 20 C,7.98333,66.6011,,,,
D,model 20 C,8,67.5515,,,,
D,model 20 C,8.01667,68.4782,,,,
D,model 20 C,8.03333,69.776,,,,
D,model 20 C,8.05,70.8798,,,,
D,model 20 C,8.06667,71.9674,,,,
D,model 20 C,8.08333,73.0397,,,,
D,model 20 C,8.1,74.0537,,,,
D,model 20 C,8.11667,75.1056,,,,
D,model 20 C,8.13333,76.1037,,,,
D,model 20 C,8.15,76.9507,,,,
D,model 20 C,8.16667,77.7968,,,,
D,model 20 C,8.18333,78.456,,,,
D,model 20 C,8.2,78.9235,,,,
D,model 20 C,8.21667,79.3518,,,,
D,model 20 C,8.23333,79.6356,,,,
D,model 20 C,8.25,79.8202,,,,
D,model 20 C,8.26667,79.7766,,,,
D,model 20 C,8.28333,79.5405,,,,
D,model 20 C,8.3,79.2045,,,,
D,model 20 C,8.31667,78.6517,,,,
D,model 20 C,8.33333,77.9564,,,,
D,model 20 C,8.35,76.9952,,,,
D,model 20 C,8.36667,75.9689,,,,
D,model 20 C,8.38333,74.656,,,,
D,model 20 C,8.4,73.6085,,,,
D,model 20 C,8.41667,72.5131,,,,
D,model 20 C,8.43333,71.2932,,,,
D,model 20 C,8.45,69.992,,,,
D,model 20 C,8.46667,68.8384,,,,
D,model 20 C,8.48333,67.7475,,,,
D,model 20 C,8.5,66.5626,,,,
D,model 20 C,8.51667,65.3516,,,,
D,model 20 C,8.53333,64.1839,,,,
D,model 20 C,8.55,63.1134,,,,
D,model 20 C,8.56667,61.9643,,,,
D,model 20 C,8.58333,60.6838,,,,
D,model 20 C,8.6,59.5968,,,,
D,model 20 C,8.61667,58.3751,,,,
D,model 20 C,8.63333,57.3922,,,,
D,model 20 C,8.65,56.5018,,,,
D,model 20 C,8.66667,55.5645,,,,
D,model 20 C,8.68333,54.8499,,,,
D,model 20 C,8.7,54.3409,,,,
D,model 20 C,8.71667,53.7991,,,,
D,model 20 C,8.73333,53.4974,,,,
D,model 20 C,8.75,53.3947,,,,
D,model 20 C,8.76667,53.2741,,,,
D,model 20 C,8.78333,53.4838,,,,
D,model 20 C,8.8,53.9885,,,,
D,model 20 C,8.81667,54.5384,,,,
D,model 20 C,8.83333,55.0385,,,,
D,model 20 C,8.85,55.8496,,,,
D,model 20 C,8.86667,56.8124,,,,
D,model 20 C,8.88333,57.8453,,,,
D,model 20 C,8.9,58.994,,,,
D,model 20 C,8.91667,60.0166,,,,
D,model 20 C,8.93333,61.1771,,,,
D,model 20 C,8.95,62.2093,,,,
D,model 20 C,8.96667,63.331,,,,
D,model 20 C,8.98333,64.3767,,,,
D,model 20 C,9,65.3495,,,,
D,model 20 C,9.01667,66.45,,,,
D,model 20 C,9.03333,67.3431,,,,
D,model 20 C,9.05,68.3451,,,,
D,model 20 C,9.06667,68.9973,,,,
D,model 20 C,9.08333,69.5164,,,,
D,model 20 C,9.1,70.0185,,,,
D,model 20 C,9.11667,70.3992,,,,
D,model 20 C,9.13333,70.4667,,,,
D,model 20 C,9.15,70.3658,,,,
D,model 20 C,9.16667,70.3897,,,,
D,model 20 C,9.18333,70.0548,,,,
D,model 20 C,9.2,69.6829,,,,
D,model 20 C,9.21667,69.2459,,,,
D,model 20 C,9.23333,68.51,,,,
D,model 20 C,9.25,67.7326,,,,
D,model 20 C,9.26667,66.4901,,,,
D,model 20 C,9.28333,65.2179,,,,
D,model 20 C,9.3,64.0552,,,,
D,model 20 C,9.31667,62.961,,,,
D,model 20 C,9.33333,61.9115,,,,
D,model 20 C,9.35,60.902,,,,
D,model 20 C,9.36667,59.7711,,,,
D,model 20 C,9.38333,58.604,,,,
D,model 20 C,9.4,57.4291,,,,
D,model 20 C,9.41667,56.3565,,,,
D,model 20 C,9.43333,55.08,,,,
D,model 20 C,9.45,53.9042,,,,
D,model 20 C,9.46667,52.8456,,,,
D,model 20 C,9.48333,51.6994,,,,
D,model 20 C,9.5,50.701,,,,
D,model 20 C,9.51667,49.6342,,,,
D,model 20 C,9.53333,48.5087,,,,
D,model 20 C,9.55,47.3678,,,,
D,model 20 C,9.56667,46.2518,,,,
D,model 20 C,9.58333,45.0814,,,,
D,model 20 C,9.6,43.951,,,,
D,model 20 C,9.61667,42.9877,,,,
D,model 20 C,9.63333,41.8383,,,,
D,model 20 C,9.65,40.9423,,,,
D,model 20 C,9.66667,40.3958,,,,
D,model 20 C,9.68333,39.9121,,,,
D,model 20 C,9.7,39.4997,,,,
D,model 20 C,9.71667,39.3498,,,,
D,model 20 C,9.73333,39.2493,,,,
D,model 20 C,9.75,39.2649,,,,
D,model 20 C,9.76667,39.389,,,,
D,model 20 C,9.78333,39.7579,,,,
D,model 20 C,9.8,40.2285,,,,
D,model 20 C,9.81667,40.6618,,,,
D,model 20 C,9.83333,41.1736,,,,
D,model 20 C,9.85,41.7813,,,,
D,model 20 C,9.86667,42.2308,,,,
D,model 20 C,9.88333,42.4827,,,,
D,model 20 C,9.9,42.8734,,,,
D,model 20 C,9.91667,43.0761,,,,
D,model 20 C,9.93333,42.9196,,,,
D,model 20 C,9.95,42.6624,,,,
D,model 20 C,9.96667,42.1546,,,,
D,model 20 C,9.98333,41.4816,,,,
D,model 20 C,10,40.6493,,,,
D,model 20 C,10.0167,39.728,,,,
D,model 20 C,10.0333,38.6628,,,,
D,model 20 C,10.05,37.6184,,,,
D,model 20 C,10.0667,36.6673,,,,
D,model 20 C,10.0833,35.5286,,,,
D,model 20 C,10.1,34.4617,,,,
D,model 20 C,10.1167,33.364,,,,
D,model 20 C,10.1333,32.2735,,,,
D,model 20 C,10.15,31.1288,,,,
D,model 20 C,10.1667,29.9455,,,,
D,model 20 C,10.1833,28.7074,,,,
D,model 20 C,10.2,27.3727,,,,
D,model 20 C,10.2167,26.2553,,,,
D,model 20 C,10.2333,25.0232,,,,
D,model 20 C,10.25,23.8979,,,,
D,model 20 C,10.2667,22.8009,,,,
D,model 20 C,10.2833,21.5902,,,,
D,model 20 C,10.3,20.3981,,,,
D,model 20 C,10.3167,19.3612,,,,
D,model 20 C,10.3333,18.2508,,,,
D,model 20 C,10.35,17.1289,,,,
D,model 20 C,10.3667,15.7048,,,,
D,model 20 C,10.3833,14.4983,,,,
D,model 20 C,10.4,13.5451,,,,
D,model 20 C,10.4167,12.4998,,,,
D,model 20 C,10.4333,11.4027,,,,
D,model 20 C,10.45,10.2921,,,,
D,model 20 C,10.4667,9.30725,,,,
D,model 20 C,10.4833,8.39995,,,,
D,model 20 C,10.5,7.5407,,,,
D,model 20 C,10.5167,6.63265,,,,
D,model 20 C,10.5333,5.90935,,,,
D,model 20 C,10.55,5.2361,,,,
D,model 20 C,10.5667,4.54585,,,,
D,model 20 C,10.5833,4.04455,,,,
D,model 20 C,10.6,3.6292,,,,
D,model 20 C,10.6167,3.442,,,,
D,model 20 C,10.6333,3.29995,,,,
D,model 20 C,10.65,3.1334,,,,
D,model 20 C,10.6667,3.053,,,,
D,model 20 C,10.6833,3.04795,,,,
D,model 20 C,10.7,3.2306,,,,
D,model 20 C,10.7167,3.388,,,,
D,model 20 C,10.7333,3.8474,,,,
D,model 20 C,10.75,4.0173,,,,
D,model 20 C,10.7667,4.112,,,,
D,model 20 C,10.7833,4.5831,,,,
D,model 20 C,10.8,5.15625,,,,
D,model 20 C,10.8167,5.69585,,,,
D,model 20 C,10.8333,6.11105,,,,
D,model 20 C,10.85,6.4302,,,,
D,model 20 C,10.8667,6.53835,,,,
D,model 20 C,10.8833,6.7951,,,,
D,model 20 C,10.9,7.0162,,,,
D,model 20 C,10.9167,7.0415,,,,
D,model 20 C,10.9333,6.88955,,,,
D,model 20 C,10.95,6.8324,,,,
D,model 20 C,10.9667,6.3492,,,,
D,model 20 C,10.9833,5.76425,,,,
D,model 20 C,11,5.4746,,,,
D,model 20 C,11.0167,5.01345,,,,
D,model 20 C,11.0333,4.709,,,,
D,model 20 C,11.05,4.4308,,,,
D,model 20 C,11.0667,4.28545,,,,
D,model 20 C,11.0833,4.17295,,,,
D,model 20 C,11.1,4.25085,,,,
D,model 20 C,11.1167,4.28345,,,,
D,model 20 C,11.1333,4.24315,,,,
D,model 20 C,11.15,4.39825,,,,
D,model 20 C,11.1667,4.80475,,,,
D,model 20 C,11.1833,4.84655,,,,
D,model 20 C,11.2,4.9412,,,,
D,model 20 C,11.2167,5.1095,,,,
D,model 20 C,11.2333,4.99845,,,,
D,model 20 C,11.25,4.84195,,,,
D,model 20 C,11.2667,4.88195,,,,
D,model 20 C,11.2833,4.7806,,,,
D,model 20 C,11.3,4.782,,,,
D,model 20 C,11.3167,4.79765,,,,
D,model 20 C,11.3333,4.8696,,,,
D,model 20 C,11.35,4.52425,,,,
D,model 20 C,11.3667,4.3326,,,,
D,model 20 C,11.3833,4.2686,,,,
D,model 20 C,11.4,4.20545,,,,
D,model 20 C,11.4167,4.1023,,,,
D,model 20 C,11.4333,4.02985,,,,
D,model 20 C,11.45,4.2051,,,,
D,model 20 C,11.4667,4.15305,,,,
D,model 20 C,11.4833,4.1858,,,,
D,model 20 C,11.5,4.23295,,,,
D,model 20 C,11.5167,4.3219,,,,
D,model 20 C,11.5333,4.36095,,,,
D,model 20 C,11.55,4.40815,,,,
D,model 20 C,11.5667,4.44665,,,,
D,model 20 C,11.5833,4.28365,,,,
D,model 20 C,11.6,4.19185,,,,
D,model 20 C,11.6167,3.99335,,,,
D,model 20 C,11.6333,3.61685,,,,
D,model 20 C,11.65,3.4057,,,,
D,model 20 C,11.6667,3.04925,,,,
D,model 20 C,11.6833,2.76295,,,,
D,model 20 C,11.7,2.66285,,,,
D,model 20 C,11.7167,2.62765,,,,
D,model 20 C,11.7333,2.70555,,,,
D,model 20 C,11.75,3.0616,,,,
D,model 20 C,11.7667,3.3332,,,,
D,model 20 C,11.7833,3.78235,,,,
D,model 20 C,11.8,4.2416,,,,
D,model 20 C,11.8167,4.69385,,,,
D,model 20 C,11.8333,5.0193,,,,
D,model 20 C,11.85,5.3708,,,,
D,model 20 C,11.8667,5.95325,,,,
D,model 20 C,11.8833,6.2344,,,,
D,model 20 C,11.9,6.6588,,,,
D,model 20 C,11.9167,7.09095,,,,
D,model 20 C,11.9333,7.4662,,,,
D,model 20 C,11.95,7.4657,,,,
D,model 20 C,11.9667,7.6314,,,,
D,model 20 C,11.9833,7.67645,,,,
D,model 20 C,12,7.49975,,,,
D,model 20 C,12.0167,7.2717,,,,
D,model 20 C,12.0333,6.9622,,,,
D,model 20 C,12.05,6.41525,,,,
D,model 20 C,12.0667,5.90215,,,,
D,model 20 C,12.0833,5.61375,,,,
D,model 20 C,12.1,5.04455,,,,
D,model 20 C,12.1167,4.632,,,,
D,model 20 C,12.1333,4.0299,,,,
D,model 20 C,12.15,3.51935,,,,
D,model 20 C,12.1667,3.40375,,,,
D,model 20 C,12.1833,3.4465,,,,
D,model 20 C,12.2,3.58195,,,,
D,model 20 C,12.2167,3.78615,,,,
D,model 20 C,12.2333,4.0413,,,,
D,model 20 C,12.25,4.0289,,,,
D,model 20 C,12.2667,4.1138,,,,
D,model 20 C,12.2833,4.31925,,,,
D,model 20 C,12.3,4.49985,,,,
D,model 20 C,12.3167,4.48925,,,,
D,model 20 C,12.3333,4.5737,,,,
D,model 20 C,12.35,4.1862,,,,
D,model 20 C,12.3667,4.0317,,,,
D,model 20 C,12.3833,3.80115,,,,
D,model 20 C,12.4,3.81295,,,,
D,model 20 C,12.4167,3.8985,,,,
D,model 20 C,12.4333,3.91505,,,,
D,model 20 C,12.45,3.80955,,,,
D,model 20 C,12.4667,3.69085,,,,
D,model 20 C,12.4833,3.42715,,,,
D,model 20 C,12.5,3.3271,,,,
D,model 20 C,12.5167,3.14655,,,,
D,model 20 C,12.5333,2.9667,,,,
D,model 20 C,12.55,2.8172,,,,
D,model 20 C,12.5667,2.91215,,,,
D,model 20 C,12.5833,3.0279,,,,
D,model 20 C,12.6,3.1094,,,,
D,model 20 C,12.6167,3.4735,,,,
D,model 20 C,12.6333,3.65675,,,,
D,model 20 C,12.65,3.70605,,,,
D,model 20 C,12.6667,3.94935,,,,
D,model 20 C,12.6833,4.00365,,,,
D,model 20 C,12.7,4.13505,,,,
D,model 20 C,12.7167,4.3275,,,,
D,model 20 C,12.7333,4.3605,,,,
D,model 20 C,12.75,4.35175,,,,
D,model 20 C,12.7667,4.42395,,,,
D,model 20 C,12.7833,4.46755,,,,
D,model 20 C,12.8,4.4993,,,,
D,model 20 C,12.8167,4.80055,,,,
D,model 20 C,12.8333,5.0681,,,,
D,model 20 C,12.85,5.0549,,,,
D,model 20 C,12.8667,5.3372,,,,
D,model 20 C,12.8833,5.1168,,,,
D,model 20 C,12.9,4.9832,,,,
D,model 20 C,12.9167,4.8122,,,,
D,model 20 C,12.9333,4.70575,,,,
D,model 20 C,12.95,4.48045,,,,
D,model 20 C,12.9667,4.40955,,,,
D,model 20 C,12.9833,4.486,,,,
D,model 20 C,13,4.56965,,,,
D,model 20 C,13.0167,4.70555,,,,
D,model 20 C,13.0333,5.04615,,,,
D,model 20 C,13.05,4.9703,,,,
D,model 20 C,13.0667,5.0165,,,,
D,model 20 C,13.0833,5.5221,,,,
D,model 20 C,13.1,5.65895,,,,
D,model 20 C,13.1167,5.9475,,,,
D,model 20 C,13.1333,6.3013,,,,
D,model 20 C,13.15,6.68875,,,,
D,model 20 C,13.1667,7.4455,,,,
D,model 20 C,13.1833,8.2569,,,,
D,model 20 C,13.2,8.8411,,,,
D,model 20 C,13.2167,9.7538,,,,
D,model 20 C,13.2333,10.7461,,,,
D,model 20 C,13.25,11.5001,,,,
D,model 20 C,13.2667,12.3826,,,,
D,model 20 C,13.2833,13.2463,,,,
D,model 20 C,13.3,14.3747,,,,
D,model 20 C,13.3167,15.5488,,,,
D,model 20 C,13.3333,16.6829,,,,
D,model 20 C,13.35,17.907,,,,
D,model 20 C,13.3667,18.8844,,,,
D,model 20 C,13.3833,20.0448,,,,
D,model 20 C,13.4,21.1923,,,,
D,model 20 C,13.4167,22.2207,,,,
D,model 20 C,13.4333,23.5123,,,,
D,model 20 C,13.45,24.6194,,,,
D,model 20 C,13.4667,25.6077,,,,
D,model 20 C,13.4833,26.3236,,,,
D,model 20 C,13.5,27.0237,,,,
D,model 20 C,13.5167,27.8861,,,,
D,model 20 C,13.5333,28.3978,,,,
D,model 20 C,13.55,28.7525,,,,
D,model 20 C,13.5667,28.9716,,,,
D,model 20 C,13.5833,29.1104,,,,
D,model 20 C,13.6,29.0477,,,,
D,model 20 C,13.6167,28.4772,,,,
D,model 20 C,13.6333,28.3624,,,,
D,model 20 C,13.65,27.9119,,,,
D,model 20 C,13.6667,27.5526,,,,
D,model 20 C,13.6833,26.9994,,,,
D,model 20 C,13.7,26.5282,,,,
D,model 20 C,13.7167,26.0901,,,,
D,model 20 C,13.7333,25.8051,,,,
D,model 20 C,13.75,25.4992,,,,
D,model 20 C,13.7667,25.4202,,,,
D,model 20 C,13.7833,25.6187,,,,
D,model 20 C,13.8,26.0723,,,,
D,model 20 C,13.8167,26.5123,,,,
D,model 20 C,13.8333,27.1876,,,,
D,model 20 C,13.85,28.0217,,,,
D,model 20 C,13.8667,28.8533,,,,
D,model 20 C,13.8833,29.4059,,,,
D,model 20 C,13.9,30.228,,,,
D,model 20 C,13.9167,30.695,,,,
D,model 20 C,13.9333,31.0524,,,,
D,model 20 C,13.95,31.2438,,,,
D,model 20 C,13.9667,31.1473,,,,
D,model 20 C,13.9833,30.9579,,,,
D,model 20 C,14,30.7431,,,,
D,model 20 C,14.0167,30.7074,,,,
D,model 20 C,14.0333,30.2728,,,,
D,model 20 C,14.05,29.8026,,,,
D,model 20 C,14.0667,28.8628,,,,
D,model 20 C,14.0833,27.9378,,,,
D,model 20 C,14.1,26.6022,,,,
D,model 20 C,14.1167,25.3559,,,,
D,model 20 C,14.1333,24.2528,,,,
D,model 20 C,14.15,22.9306,,,,
D,model 20 C,14.1667,21.622,,,,
D,model 20 C,14.1833,20.5761,,,,
D,model 20 C,14.2,19.3313,,,,
D,model 20 C,14.2167,18.3312,,,,
D,model 20 C,14.2333,17.0566,,,,
D,model 20 C,14.25,15.8285,,,,
D,model 20 C,14.2667,14.4627,,,,
D,model 20 C,14.2833,13.1907,,,,
D,model 20 C,14.3,11.8526,,,,
D,model 20 C,14.3167,10.8351,,,,
D,model 20 C,14.3333,10.0543,,,,
D,model 20 C,14.35,9.2328,,,,
D,model 20 C,14.3667,8.84495,,,,
D,model 20 C,14.3833,8.3988,,,,
D,model 20 C,14.4,8.06655,,,,
D,model 20 C,14.4167,7.78745,,,,
D,model 20 C,14.4333,7.52765,,,,
D,model 20 C,14.45,7.5637,,,,
D,model 20 C,14.4667,7.8862,,,,
D,model 20 C,14.4833,7.9661,,,,
D,model 20 C,14.5,8.3631,,,,
D,model 20 C,14.5167,8.8321,,,,
D,model 20 C,14.5333,9.5025,,,,
D,model 20 C,14.55,10.306,,,,
D,model 20 C,14.5667,11.3436,,,,
D,model 20 C,14.5833,12.4451,,,,
D,model 20 C,14.6,13.331,,,,
D,model 20 C,14.6167,14.4272,,,,
D,model 20 C,14.6333,15.2105,,,,
D,model 20 C,14.65,15.8986,,,,
D,model 20 C,14.6667,16.6486,,,,
D,model 20 C,14.6833,17.2103,,,,
D,model 20 C,14.7,17.6921,,,,
D,model 20 C,14.7167,17.8248,,,,
D,model 20 C,14.7333,18.0098,,,,
D,model 20 C,14.75,17.84,,,,
D,model 20 C,14.7667,17.6334,,,,
D,model 20 C,14.7833,17.0171,,,,
D,model 20 C,14.8,16.5101,,,,
D,model 20 C,14.8167,15.7719,,,,
D,model 20 C,14.8333,14.8751,,,,
D,model 20 C,14.85,13.8683,,,,
D,model 20 C,14.8667,12.8265,,,,
D,model 20 C,14.8833,11.7918,,,,
D,model 20 C,14.9,11.0281,,,,
D,model 20 C,14.9167,10.2859,,,,
D,model 20 C,14.9333,9.3409,,,,
D,model 20 C,14.95,8.4979,,,,
D,model 20 C,14.9667,7.7786,,,,
D,model 20 C,14.9833,7.18565,,,,
D,model 20 C,15,6.54765,,,,
D,model 20 C,15.0167,5.69675,,,,
D,model 20 C,15.0333,5.13655,,,,
D,model 20 C,15.05,4.76575,,,,
D,model 20 C,15.0667,4.2959,,,,
D,model 20 C,15.0833,3.9328,,,,
D,model 20 C,15.1,3.7728,,,,
D,model 20 C,15.1167,3.64855,,,,
D,model 20 C,15.1333,3.48815,,,,
D,model 20 C,15.15,3.2831,,,,
D,model 20 C,15.1667,3.09685,,,,
D,model 20 C,15.1833,3.05735,,,,
D,model 20 C,15.2,2.9226,,,,
D,model 20 C,15.2167,2.90665,,,,
D,model 20 C,15.2333,3.0363,,,,
D,model 20 C,15.25,3.1391,,,,
D,model 20 C,15.2667,3.575,,,,
D,model 20 C,15.2833,3.92515,,,,
D,model 20 C,15.3,4.1968,,,,
D,model 20 C,15.3167,4.39595,,,,
D,model 20 C,15.3333,4.5385,,,,
D,model 20 C,15.35,4.46195,,,,
D,model 20 C,15.3667,4.50725,,,,
D,model 20 C,15.3833,4.65915,,,,
D,model 20 C,15.4,4.96275,,,,
D,model 20 C,15.4167,5.3019,,,,
D,model 20 C,15.4333,5.594,,,,
D,model 20 C,15.45,5.81245,,,,
D,model 20 C,15.4667,6.0655,,,,
D,model 20 C,15.4833,6.0604,,,,
D,model 20 C,15.5,5.94745,,,,
D,model 20 C,15.5167,5.68645,,,,
D,model 20 C,15.5333,5.44375,,,,
D,model 20 C,15.55,5.2867,,,,
D,model 20 C,15.5667,5.24885,,,,
D,model 20 C,15.5833,5.30315,,,,
D,model 20 C,15.6,5.23355,,,,
D,model 20 C,15.6167,5.31285,,,,
D,model 20 C,15.6333,5.50445,,,,
D,model 20 C,15.65,5.6202,,,,
D,model 20 C,15.6667,5.83745,,,,
D,model 20 C,15.6833,5.927,,,,
D,model 20 C,15.7,5.7633,,,,
D,model 20 C,15.7167,5.77635,,,,
D,model 20 C,15.7333,5.79265,,,,
D,model 20 C,15.75,6.1085,,,,
D,model 20 C,15.7667,6.3264,,,,
D,model 20 C,15.7833,6.6403,,,,
D,model 20 C,15.8,7.12045,,,,
D,model 20 C,15.8167,7.62165,,,,
D,model 20 C,15.8333,8.1835,,,,
D,model 20 C,15.85,8.719,,,,
D,model 20 C,15.8667,9.164,,,,
D,model 20 C,15.8833,9.4028,,,,
D,model 20 C,15.9,9.68635,,,,
D,model 20 C,15.9167,9.75625,,,,
D,model 20 C,15.9333,9.7529,,,,
D,model 20 C,15.95,9.8396,,,,
D,model 20 C,15.9667,9.63065,,,,
D,model 20 C,15.9833,9.548,,,,
D,model 20 C,16,9.1725,,,,
D,model 20 C,16.0167,8.59025,,,,
D,model 20 C,16.0333,8.08025,,,,
D,model 20 C,16.05,7.4363,,,,
D,model 20 C,16.0667,6.6162,,,,
D,model 20 C,16.0833,6.12735,,,,
D,model 20 C,16.1,5.7654,,,,
D,model 20 C,16.1167,5.25275,,,,
D,model 20 C,16.1333,4.69805,,,,
D,model 20 C,16.15,4.47035,,,,
D,model 20 C,16.1667,4.42915,,,,
D,model 20 C,16.1833,4.51995,,,,
D,model 20 C,16.2,4.62435,,,,
D,model 20 C,16.2167,4.5815,,,,
D,model 20 C,16.2333,4.49745,,,,
D,model 20 C,16.25,4.3626,,,,
D,model 20 C,16.2667,4.378,,,,
D,model 20 C,16.2833,4.2873,,,,
D,model 20 C,16.3,4.4316,,,,
D,model 20 C,16.3167,4.29415,,,,
D,model 20 C,16.3333,4.19555,,,,
D,model 20 C,16.35,3.97695,,,,
D,model 20 C,16.3667,3.90815,,,,
D,model 20 C,16.3833,3.87225,,,,
D,model 20 C,16.4,3.60955,,,,
D,model 20 C,16.4167,3.38605,,,,
D,model 20 C,16.4333,3.18085,,,,
D,model 20 C,16.45,2.93625,,,,
D,model 20 C,16.4667,2.76665,,,,
D,model 20 C,16.4833,2.84555,,,,
D,model 20 C,16.5,2.84505,,,,
D,model 20 C,16.5167,2.7076,,,,
D,model 20 C,16.5333,2.72715,,,,
D,model 20 C,16.55,2.65205,,,,
D,model 20 C,16.5667,2.59385,,,,
D,model 20 C,16.5833,2.6568,,,,
D,model 20 C,16.6,2.58245,,,,
D,model 20 C,16.6167,2.6982,,,,
D,model 20 C,16.6333,2.63705,,,,
D,model 20 C,16.65,2.69605,,,,
D,model 20 C,16.6667,2.77235,,,,
D,model 20 C,16.6833,3.20605,,,,
D,model 20 C,16.7,3.59535,,,,
D,model 20 C,16.7167,3.94015,,,,
D,model 20 C,16.7333,4.30495,,,,
D,model 20 C,16.75,4.66185,,,,
D,model 20 C,16.7667,4.8672,,,,
D,model 20 C,16.7833,4.872,,,,
D,model 20 C,16.8,5.05505,,,,
D,model 20 C,16.8167,4.9903,,,,
D,model 20 C,16.8333,5.01815,,,,
D,model 20 C,16.85,5.1727,,,,
D,model 20 C,16.8667,5.37895,,,,
D,model 20 C,16.8833,5.7706,,,,
D,model 20 C,16.9,6.01175,,,,
D,model 20 C,16.9167,6.4802,,,,
D,model 20 C,16.9333,6.88275,,,,
D,model 20 C,16.95,7.3416,,,,
D,model 20 C,16.9667,7.7587,,,,
D,model 20 C,16.9833,8.3851,,,,
D,model 20 C,17,9.16535,,,,
D,model 20 C,17.0167,10.0345,,,,
D,model 20 C,17.0333,10.9287,,,,
D,model 20 C,17.05,12.0451,,,,
D,model 20 C,17.0667,13.0647,,,,
D,model 20 C,17.0833,14.2527,,,,
D,model 20 C,17.1,15.2829,,,,
D,model 20 C,17.1167,16.3778,,,,
D,model 20 C,17.1333,17.5275,,,,
D,model 20 C,17.15,18.6196,,,,
D,model 20 C,17.1667,19.7381,,,,
D,model 20 C,17.1833,21.0222,,,,
D,model 20 C,17.2,22.1607,,,,
D,model 20 C,17.2167,23.5046,,,,
D,model 20 C,17.2333,24.5822,,,,
D,model 20 C,17.25,25.9,,,,
D,model 20 C,17.2667,26.999,,,,
D,model 20 C,17.2833,27.7818,,,,
D,model 20 C,17.3,28.4664,,,,
D,model 20 C,17.3167,29.1083,,,,
D,model 20 C,17.3333,29.6043,,,,
D,model 20 C,17.35,30.1103,,,,
D,model 20 C,17.3667,30.393,,,,
D,model 20 C,17.3833,30.4671,,,,
D,model 20 C,17.4,30.4291,,,,
D,model 20 C,17.4167,30.1878,,,,
D,model 20 C,17.4333,30.0561,,,,
D,model 20 C,17.45,29.5246,,,,
D,model 20 C,17.4667,28.9774,,,,
D,model 20 C,17.4833,28.1962,,,,
D,model 20 C,17.5,27.2261,,,,
D,model 20 C,17.5167,26.2297,,,,
D,model 20 C,17.5333,24.9659,,,,
D,model 20 C,17.55,23.7494,,,,
D,model 20 C,17.5667,22.6534,,,,
D,model 20 C,17.5833,21.5449,,,,
D,model 20 C,17.6,20.4556,,,,
D,model 20 C,17.6167,19.361,,,,
D,model 20 C,17.6333,18.1898,,,,
D,model 20 C,17.65,16.9041,,,,
D,model 20 C,17.6667,15.837,,,,
D,model 20 C,17.6833,14.6353,,,,
D,model 20 C,17.7,13.5621,,,,
D,model 20 C,17.7167,12.5966,,,,
D,model 20 C,17.7333,11.5343,,,,
D,model 20 C,17.75,10.6847,,,,
D,model 20 C,17.7667,10.021,,,,
D,model 20 C,17.7833,9.21785,,,,
D,model 20 C,17.8,8.6322,,,,
D,model 20 C,17.8167,8.03795,,,,
D,model 20 C,17.8333,7.31725,,,,
D,model 20 C,17.85,6.6941,,,,
D,model 20 C,17.8667,6.2737,,,,
D,model 20 C,17.8833,5.7034,,,,
D,model 20 C,17.9,5.27275,,,,
D,model 20 C,17.9167,5.1799,,,,
D,model 20 C,17.9333,5.0653,,,,
D,model 20 C,17.95,4.75895,,,,
D,model 20 C,17.9667,4.51865,,,,
D,model 20 C,17.9833,4.4162,,,,
D,model 20 C,18,4.28235,,,,
D,model 20 C,18.0167,4.29095,,,,
D,model 20 C,18.0333,4.3772,,,,
D,model 20 C,18.05,4.40245,,,,
D,model 20 C,18.0667,4.53465,,,,
D,model 20 C,18.0833,4.5705,,,,
D,model 20 C,18.1,4.58375,,,,
D,model 20 C,18.1167,4.6122,,,,
D,model 20 C,18.1333,4.61585,,,,
D,model 20 C,18.15,4.6261,,,,
D,model 20 C,18.1667,4.7094,,,,
D,model 20 C,18.1833,4.81235,,,,
D,model 20 C,18.2,4.849,,,,
D,model 20 C,18.2167,5.1292,,,,
D,model 20 C,18.2333,5.1863,,,,
D,model 20 C,18.25,5.13705,,,,
D,model 20 C,18.2667,4.873,,,,
D,model 20 C,18.2833,4.78715,,,,
D,model 20 C,18.3,4.8342,,,,
D,model 20 C,18.3167,4.8187,,,,
D,model 20 C,18.3333,4.97045,,,,
D,model 20 C,18.35,5.07535,,,,
D,model 20 C,18.3667,5.3287,,,,
D,model 20 C,18.3833,5.5028,,,,
D,model 20 C,18.4,5.3868,,,,
D,model 20 C,18.4167,5.29235,,,,
D,model 20 C,18.4333,5.0495,,,,
D,model 20 C,18.45,4.7652,,,,
D,model 20 C,18.4667,4.67385,,,,
D,model 20 C,18.4833,4.37565,,,,
D,model 20 C,18.5,4.41635,,,,
D,model 20 C,18.5167,4.36335,,,,
D,model 20 C,18.5333,4.45095,,,,
D,model 20 C,18.55,4.50335,,,,
D,model 20 C,18.5667,4.37475,,,,
D,model 20 C,18.5833,4.0495,,,,
D,model 20 C,18.6,3.7547,,,,
D,model 20 C,18.6167,3.5106,,,,
D,model 20 C,18.6333,3.215,,,,
D,model 20 C,18.65,3.0355,,,,
D,model 20 C,18.6667,2.95355,,,,
D,model 20 C,18.6833,3.04835,,,,
D,model 20 C,18.7,2.95705,,,,
D,model 20 C,18.7167,2.8991,,,,
D,model 20 C,18.7333,2.93885,,,,
D,model 20 C,18.75,3.1359,,,,
D,model 20 C,18.7667,3.10485,,,,
D,model 20 C,18.7833,2.96855,,,,
D,model 20 C,18.8,2.885,,,,
D,model 20 C,18.8167,2.96505,,,,
D,model 20 C,18.8333,3.24475,,,,
D,model 20 C,18.85,3.31095,,,,
D,model 20 C,18.8667,3.36805,,,,
D,model 20 C,18.8833,3.42,,,,
D,model 20 C,18.9,3.7149,,,,
D,model 20 C,18.9167,3.8433,,,,
D,model 20 C,18.9333,4.06195,,,,
D,model 20 C,18.95,4.1221,,,,
D,model 20 C,18.9667,4.3863,,,,
D,model 20 C,18.9833,4.70095,,,,
D,model 20 C,19,4.8678,,,,
D,model 20 C,19.0167,5.068,,,,
D,model 20 C,19.0333,5.04855,,,,
D,model 20 C,19.05,5.2282,,,,
D,model 20 C,19.0667,5.2399,,,,
D,model 20 C,19.0833,5.18215,,,,
D,model 20 C,19.1,5.19555,,,,
D,model 20 C,19.1167,5.26475,,,,
D,model 20 C,19.1333,5.78725,,,,
D,model 20 C,19.15,6.04285,,,,
D,model 20 C,19.1667,6.4697,,,,
D,model 20 C,19.1833,6.84005,,,,
D,model 20 C,19.2,7.04995,,,,
D,model 20 C,19.2167,7.3713,,,,
D,model 20 C,19.2333,7.80345,,,,
D,model 20 C,19.25,8.48305,,,,
D,model 20 C,19.2667,9.14535,,,,
D,model 20 C,19.2833,9.98135,,,,
D,model 20 C,19.3,11.0031,,,,
D,model 20 C,19.3167,12.0609,,,,
D,model 20 C,19.3333,13.1684,,,,
D,model 20 C,19.35,14.2373,,,,
D,model 20 C,19.3667,15.2048,,,,
D,model 20 C,19.3833,16.395,,,,
D,model 20 C,19.4,17.4207,,,,
D,model 20 C,19.4167,18.1681,,,,
D,model 20 C,19.4333,19.2955,,,,
D,model 20 C,19.45,20.423,,,,
D,model 20 C,19.4667,21.5907,,,,
D,model 20 C,19.4833,22.6379,,,,
D,model 20 C,19.5,24.0169,,,,
D,model 20 C,19.5167,25.1359,,,,
D,model 20 C,19.5333,26.1165,,,,
D,model 20 C,19.55,27.2178,,,,
D,model 20 C,19.5667,28.1695,,,,
D,model 20 C,19.5833,29.3215,,,,
D,model 20 C,19.6,30.511,,,,
D,model 20 C,19.6167,31.5898,,,,
D,model 20 C,19.6333,32.7458,,,,
D,model 20 C,19.65,33.8531,,,,
D,model 20 C,19.6667,34.994,,,,
D,model 20 C,19.6833,35.9534,,,,
D,model 20 C,19.7,36.768,,,,
D,model 20 C,19.7167,37.4433,,,,
D,model 20 C,19.7333,37.815,,,,
D,model 20 C,19.75,38.2013,,,,
D,model 20 C,19.7667,38.367,,,,
D,model 20 C,19.7833,38.3877,,,,
D,model 20 C,19.8,38.4125,,,,
D,model 20 C,19.8167,38.2365,,,,
D,model 20 C,19.8333,37.8577,,,,
D,model 20 C,19.85,37.5502,,,,
D,model 20 C,19.8667,37.0955,,,,
D,model 20 C,19.8833,36.4762,,,,
D,model 20 C,19.9,35.528,,,,
D,model 20 C,19.9167,34.6118,,,,
D,model 20 C,19.9333,33.2802,,,,
D,model 20 C,19.95,32.2678,,,,
D,model 20 C,19.9667,31.147,,,,
D,model 20 C,19.9833,29.9774,,,,
D,model 20 C,20,28.9398,,,,
D,model 20 C,20.0167,27.9096,,,,
D,model 20 C,20.0333,26.646,,,,
D,model 20 C,20.05,25.4861,,,,
D,model 20 C,20.0667,24.5211,,,,
D,model 20 C,20.0833,23.2994,,,,
D,model 20 C,20.1,22.022,,,,
D,model 20 C,20.1167,20.8756,,,,
D,model 20 C,20.1333,19.727,,,,
D,model 20 C,20.15,18.6705,,,,
D,model 20 C,20.1667,17.345,,,,
D,model 20 C,20.1833,16.1029,,,,
D,model 20 C,20.2,14.9976,,,,
D,model 20 C,20.2167,14.0371,,,,
D,model 20 C,20.2333,12.8981,,,,
D,model 20 C,20.25,11.7998,,,,
D,model 20 C,20.2667,10.6634,,,,
D,model 20 C,20.2833,9.4473,,,,
D,model 20 C,20.3,8.6686,,,,
D,model 20 C,20.3167,8.01465,,,,
D,model 20 C,20.3333,7.2323,,,,
D,model 20 C,20.35,6.68335,,,,
D,model 20 C,20.3667,6.39515,,,,
D,model 20 C,20.3833,5.8585,,,,
D,model 20 C,20.4,5.6594,,,,
D,model 20 C,20.4167,5.55595,,,,
D,model 20 C,20.4333,5.6794,,,,
D,model 20 C,20.45,5.9087,,,,
D,model 20 C,20.4667,6.24055,,,,
D,model 20 C,20.4833,6.72295,,,,
D,model 20 C,20.5,7.2791,,,,
D,model 20 C,20.5167,8.1294,,,,
D,model 20 C,20.5333,9.05885,,,,
D,model 20 C,20.55,10.0922,,,,
D,model 20 C,20.5667,11.3272,,,,
D,model 20 C,20.5833,12.2576,,,,
D,model 20 C,20.6,13.297,,,,
D,model 20 C,20.6167,14.5125,,,,
D,model 20 C,20.6333,15.6804,,,,
D,model 20 C,20.65,16.6545,,,,
D,model 20 C,20.6667,17.9077,,,,
D,model 20 C,20.6833,18.9593,,,,
D,model 20 C,20.7,20.0895,,,,
D,model 20 C,20.7167,21.3605,,,,
D,model 20 C,20.7333,22.3568,,,,
D,model 20 C,20.75,23.2443,,,,
D,model 20 C,20.7667,24.0417,,,,
D,model 20 C,20.7833,24.9429,,,,
D,model 20 C,20.8,25.4687,,,,
D,model 20 C,20.8167,26.0646,,,,
D,model 20 C,20.8333,26.4198,,,,
D,model 20 C,20.85,26.7864,,,,
D,model 20 C,20.8667,26.8411,,,,
D,model 20 C,20.8833,26.8868,,,,
D,model 20 C,20.9,26.6414,,,,
D,model 20 C,20.9167,26.1931,,,,
D,model 20 C,20.9333,25.6188,,,,
D,model 20 C,20.95,25.0744,,,,
D,model 20 C,20.9667,24.4072,,,,
D,model 20 C,20.9833,23.5804,,,,
D,model 20 C,21,22.6062,,,,
D,model 20 C,21.0167,21.7563,,,,
D,model 20 C,21.0333,20.5842,,,,
D,model 20 C,21.05,19.4505,,,,
D,model 20 C,21.0667,18.6239,,,,
D,model 20 C,21.0833,17.8905,,,,
D,model 20 C,21.1,17.2099,,,,
D,model 20 C,21.1167,16.7828,,,,
D,model 20 C,21.1333,16.1427,,,,
D,model 20 C,21.15,15.8838,,,,
D,model 20 C,21.1667,16.1072,,,,
D,model 20 C,21.1833,16.5012,,,,
D,model 20 C,21.2,16.7702,,,,
D,model 20 C,21.2167,17.0417,,,,
D,model 20 C,21.2333,17.4605,,,,
D,model 20 C,21.25,18.2227,,,,
D,model 20 C,21.2667,19.1602,,,,
D,model 20 C,21.2833,20.3516,,,,
D,model 20 C,21.3,21.6041,,,,
D,model 20 C,21.3167,22.9387,,,,
D,model 20 C,21.3333,24.0415,,,,
D,model 20 C,21.35,24.7885,,,,
D,model 20 C,21.3667,25.5163,,,,
D,model 20 C,21.3833,26.0111,,,,
D,model 20 C,21.4,26.3123,,,,
D,model 20 C,21.4167,26.7813,,,,
D,model 20 C,21.4333,27.0182,,,,
D,model 20 C,21.45,26.8934,,,,
D,model 20 C,21.4667,26.7941,,,,
D,model 20 C,21.4833,26.5784,,,,
D,model 20 C,21.5,26.156,,,,
D,model 20 C,21.5167,25.5673,,,,
D,model 20 C,21.5333,24.8126,,,,
D,model 20 C,21.55,23.7296,,,,
D,model 20 C,21.5667,22.5494,,,,
D,model 20 C,21.5833,21.4721,,,,
D,model 20 C,21.6,20.319,,,,
D,model 20 C,21.6167,19.0992,,,,
D,model 20 C,21.6333,18.0442,,,,
D,model 20 C,21.65,17.0221,,,,
D,model 20 C,21.6667,16.1428,,,,
D,model 20 C,21.6833,15.3392,,,,
D,model 20 C,21.7,14.6455,,,,
D,model 20 C,21.7167,14.0511,,,,
D,model 20 C,21.7333,13.764,,,,
D,model 20 C,21.75,13.5659,,,,
D,model 20 C,21.7667,13.4795,,,,
D,model 20 C,21.7833,13.3892,,,,
D,model 20 C,21.8,13.5872,,,,
D,model 20 C,21.8167,13.9458,,,,
D,model 20 C,21.8333,14.441,,,,
D,model 20 C,21.85,15.1013,,,,
D,model 20 C,21.8667,15.8355,,,,
D,model 20 C,21.8833,16.6905,,,,
D,model 20 C,21.9,17.6656,,,,
D,model 20 C,21.9167,18.8573,,,,
D,model 20 C,21.9333,19.8781,,,,
D,model 20 C,21.95,20.899,,,,
D,model 20 C,21.9667,22.1416,,,,
D,model 20 C,21.9833,23.3004,,,,
D,model 20 C,22,24.3397,,,,
D,model 20 C,22.0167,25.318,,,,
D,model 20 C,22.0333,26.1787,,,,
D,model 20 C,22.05,26.8736,,,,
D,model 20 C,22.0667,27.3054,,,,
D,model 20 C,22.0833,27.691,,,,
D,model 20 C,22.1,28.1452,,,,
D,model 20 C,22.1167,28.4123,,,,
D,model 20 C,22.1333,28.4584,,,,
D,model 20 C,22.15,28.5654,,,,
D,model 20 C,22.1667,28.3661,,,,
D,model 20 C,22.1833,27.9447,,,,
D,model 20 C,22.2,27.5586,,,,
D,model 20 C,22.2167,27.0888,,,,
D,model 20 C,22.2333,26.7849,,,,
D,model 20 C,22.25,26.4369,,,,
D,model 20 C,22.2667,26.2111,,,,
D,model 20 C,22.2833,25.8904,,,,
D,model 20 C,22.3,25.8499,,,,
D,model 20 C,22.3167,26.0224,,,,
D,model 20 C,22.3333,26.4891,,,,
D,model 20 C,22.35,27.0361,,,,
D,model 20 C,22.3667,27.71,,,,
D,model 20 C,22.3833,28.512,,,,
D,model 20 C,22.4,29.3864,,,,
D,model 20 C,22.4167,30.5373,,,,
D,model 20 C,22.4333,31.7385,,,,
D,model 20 C,22.45,32.8738,,,,
D,model 20 C,22.4667,34.1777,,,,
D,model 20 C,22.4833,35.4558,,,,
D,model 20 C,22.5,36.3516,,,,
D,model 20 C,22.5167,37.4397,,,,
D,model 20 C,22.5333,38.7107,,,,
D,model 20 C,22.55,39.9697,,,,
D,model 20 C,22.5667,41.0635,,,,
D,model 20 C,22.5833,42.3443,,,,
D,model 20 C,22.6,43.5032,,,,
D,model 20 C,22.6167,44.4988,,,,
D,model 20 C,22.6333,45.5097,,,,
D,model 20 C,22.65,46.3262,,,,
D,model 20 C,22.6667,47.1653,,,,
D,model 20 C,22.6833,47.797,,,,
D,model 20 C,22.7,48.2669,,,,
D,model 20 C,22.7167,48.5632,,,,
D,model 20 C,22.7333,48.9612,,,,
D,model 20 C,22.75,49.1105,,,,
D,model 20 C,22.7667,49.1588,,,,
D,model 20 C,22.7833,49.0056,,,,
D,model 20 C,22.8,49.0378,,,,
D,model 20 C,22.8167,48.8574,,,,
D,model 20 C,22.8333,48.5531,,,,
D,model 20 C,22.85,48.3553,,,,
D,model 20 C,22.8667,48.1212,,,,
D,model 20 C,22.8833,47.9592,,,,
D,model 20 C,22.9,47.7938,,,,
D,model 20 C,22.9167,47.8599,,,,
D,model 20 C,22.9333,47.7894,,,,
D,model 20 C,22.95,48.1977,,,,
D,model 20 C,22.9667,48.588,,,,
D,model 20 C,22.9833,49.1144,,,,
D,model 20 C,23,50.0428,,,,
D,model 20 C,23.0167,50.7963,,,,
D,model 20 C,23.0333,51.7009,,,,
D,model 20 C,23.05,52.544,,,,
D,model 20 C,23.0667,53.3344,,,,
D,model 20 C,23.0833,53.834,,,,
D,model 20 C,23.1,54.1658,,,,
D,model 20 C,23.1167,54.2284,,,,
D,model 20 C,23.1333,54.0356,,,,
D,model 20 C,23.15,54.0536,,,,
D,model 20 C,23.1667,53.6861,,,,
D,model 20 C,23.1833,53.3099,,,,
D,model 20 C,23.2,52.8091,,,,
D,model 20 C,23.2167,52.0682,,,,
D,model 20 C,23.2333,51.1756,,,,
D,model 20 C,23.25,50.215,,,,
D,model 20 C,23.2667,49.1491,,,,
D,model 20 C,23.2833,47.9683,,,,
D,model 20 C,23.3,47.0953,,,,
D,model 20 C,23.3167,46.0287,,,,
D,model 20 C,23.3333,44.9896,,,,
D,model 20 C,23.35,43.7032,,,,
D,model 20 C,23.3667,42.7682,,,,
D,model 20 C,23.3833,41.7622,,,,
D,model 20 C,23.4,41.0882,,,,
D,model 20 C,23.4167,40.5095,,,,
D,model 20 C,23.4333,40.1148,,,,
D,model 20 C,23.45,39.8074,,,,
D,model 20 C,23.4667,39.6403,,,,
D,model 20 C,23.4833,39.8804,,,,
D,model 20 C,23.5,40.0535,,,,
D,model 20 C,23.5167,40.4256,,,,
D,model 20 C,23.5333,40.8132,,,,
D,model 20 C,23.55,41.3815,,,,
D,model 20 C,23.5667,42.2058,,,,
D,model 20 C,23.5833,42.932,,,,
D,model 20 C,23.6,43.5446,,,,
D,model 20 C,23.6167,44.2936,,,,
D,model 20 C,23.6333,44.7923,,,,
D,model 20 C,23.65,45.2043,,,,
D,model 20 C,23.6667,45.6751,,,,
D,model 20 C,23.6833,46.069,,,,
D,model 20 C,23.7,46.0568,,,,
D,model 20 C,23.7167,45.852,,,,
D,model 20 C,23.7333,45.2383,,,,
D,model 20 C,23.75,44.9988,,,,
D,model 20 C,23.7667,44.648,,,,
D,model 20 C,23.7833,44.3314,,,,
D,model 20 C,23.8,43.8815,,,,
D,model 20 C,23.8167,43.7326,,,,
D,model 20 C,23.8333,43.3558,,,,
D,model 20 C,23.85,43.1975,,,,
D,model 20 C,23.8667,43.1025,,,,
D,model 20 C,23.8833,43.1061,,,,
D,model 20 C,23.9,43.2953,,,,
D,model 20 C,23.9167,43.615,,,,
D,model 20 C,23.9333,44.0592,,,,
D,model 20 C,23.95,44.3355,,,,
D,model 20 C,23.9667,44.8973,,,,
D,model 20 C,23.9833,45.299,,,,
D,model 20 C,24,45.7086,,,,
D,model 20 C,24.0167,46.0906,,,,
D,model 20 C,24.0333,46.3635,,,,
D,model 20 C,24.05,46.4744,,,,
D,model 20 C,24.0667,46.1827,,,,
D,model 20 C,24.0833,45.9079,,,,
D,model 20 C,24.1,45.638,,,,
D,model 20 C,24.1167,45.011,,,,
D,model 20 C,24.1333,44.3299,,,,
D,model 20 C,24.15,43.5545,,,,
D,model 20 C,24.1667,42.4244,,,,
D,model 20 C,24.1833,41.3492,,,,
D,model 20 C,24.2,40.2726,,,,
D,model 20 C,24.2167,39.1431,,,,
D,model 20 C,24.2333,38.111,,,,
D,model 20 C,24.25,37.0829,,,,
D,model 20 C,24.2667,36.2557,,,,
D,model 20 C,24.2833,35.7491,,,,
D,model 20 C,24.3,35.402,,,,
D,model 20 C,24.3167,35.231,,,,
D,model 20 C,24.3333,34.9443,,,,
D,model 20 C,24.35,34.8489,,,,
D,model 20 C,24.3667,34.9176,,,,
D,model 20 C,24.3833,35.1694,,,,
D,model 20 C,24.4,35.3815,,,,
D,model 20 C,24.4167,35.9751,,,,
D,model 20 C,24.4333,36.81,,,,
D,model 20 C,24.45,37.4134,,,,
D,model 20 C,24.4667,38.2732,,,,
D,model 20 C,24.4833,39.4832,,,,
D,model 20 C,24.5,40.6366,,,,
D,model 20 C,24.5167,41.5549,,,,
D,model 20 C,24.5333,42.4042,,,,
D,model 20 C,24.55,43.1349,,,,
D,model 20 C,24.5667,43.6925,,,,
D,model 20 C,24.5833,43.8546,,,,
D,model 20 C,24.6,43.928,,,,
D,model 20 C,24.6167,44.1867,,,,
D,model 20 C,24.6333,44.1367,,,,
D,model 20 C,24.65,43.9669,,,,
D,model 20 C,24.6667,43.6451,,,,
D,model 20 C,24.6833,43.193,,,,
D,model 20 C,24.7,42.63,,,,
D,model 20 C,24.7167,42.2039,,,,
D,model 20 C,24.7333,41.7661,,,,
D,model 20 C,24.75,41.1632,,,,
D,model 20 C,24.7667,40.7933,,,,
D,model 20 C,24.7833,40.4594,,,,
D,model 20 C,24.8,40.0975,,,,
D,model 20 C,24.8167,40.0677,,,,
D,model 20 C,24.8333,40.1396,,,,
D,model 20 C,24.85,40.4042,,,,
D,model 20 C,24.8667,40.867,,,,
D,model 20 C,24.8833,41.1549,,,,
D,model 20 C,24.9,41.751,,,,
D,model 20 C,24.9167,42.5014,,,,
D,model 20 C,24.9333,43.7059,,,,
D,model 20 C,24.95,44.8608,,,,
D,model 20 C,24.9667,45.7839,,,,
D,model 20 C,24.9833,46.8636,,,,
D,model 20 C,25,47.87,,,,
D,model 20 C,25.0167,48.9659,,,,
D,model 20 C,25.0333,49.6071,,,,
D,model 20 C,25.05,50.139,,,,
D,model 20 C,25.0667,50.5742,,,,
D,model 20 C,25.0833,50.9173,,,,
D,model 20 C,25.1,51.0693,,,,
D,model 20 C,25.1167,51.2555,,,,
D,model 20 C,25.1333,51.1277,,,,
D,model 20 C,25.15,50.8868,,,,
D,model 20 C,25.1667,50.4243,,,,
D,model 20 C,25.1833,49.935,,,,
D,model 20 C,25.2,49.497,,,,
D,model 20 C,25.2167,48.9758,,,,
D,model 20 C,25.2333,48.5634,,,,
D,model 20 C,25.25,48.219,,,,
D,model 20 C,25.2667,47.8335,,,,
D,model 20 C,25.2833,47.5534,,,,
D,model 20 C,25.3,47.5917,,,,
D,model 20 C,25.3167,47.6533,,,,
D,model 20 C,25.3333,47.9304,,,,
D,model 20 C,25.35,48.2973,,,,
D,model 20 C,25.3667,48.9663,,,,
D,model 20 C,25.3833,49.5266,,,,
D,model 20 C,25.4,50.345,,,,
D,model 20 C,25.4167,51.4636,,,,
D,model 20 C,25.4333,52.5891,,,,
D,model 20 C,25.45,53.5134,,,,
D,model 20 C,25.4667,54.8546,,,,
D,model 20 C,25.4833,55.8954,,,,
D,model 20 C,25.5,56.8291,,,,
D,model 20 C,25.5167,57.9755,,,,
D,model 20 C,25.5333,58.933,,,,
D,model 20 C,25.55,60.0207,,,,
D,model 20 C,25.5667,60.8503,,,,
D,model 20 C,25.5833,61.5008,,,,
D,model 20 C,25.6,62.1779,,,,
D,model 20 C,25.6167,62.6126,,,,
D,model 20 C,25.6333,62.8929,,,,
D,model 20 C,25.65,63.0116,,,,
D,model 20 C,25.6667,63.075,,,,
D,model 20 C,25.6833,63.0574,,,,
D,model 20 C,25.7,62.8567,,,,
D,model 20 C,25.7167,62.4772,,,,
D,model 20 C,25.7333,61.7844,,,,
D,model 20 C,25.75,61.2289,,,,
D,model 20 C,25.7667,60.2555,,,,
D,model 20 C,25.7833,59.4529,,,,
D,model 20 C,25.8,58.3505,,,,
D,model 20 C,25.8167,57.1639,,,,
D,model 20 C,25.8333,56.0119,,,,
D,model 20 C,25.85,54.8948,,,,
D,model 20 C,25.8667,53.6026,,,,
D,model 20 C,25.8833,52.6889,,,,
D,model 20 C,25.9,51.4063,,,,
D,model 20 C,25.9167,50.1891,,,,
D,model 20 C,25.9333,48.9654,,,,
D,model 20 C,25.95,47.8535,,,,
D,model 20 C,25.9667,47.0493,,,,
D,model 20 C,25.9833,46.2948,,,,
D,model 20 C,26,45.5694,,,,
D,model 20 C,26.0167,45.0326,,,,
D,model 20 C,26.0333,44.571,,,,
D,model 20 C,26.05,44.459,,,,
D,model 20 C,26.0667,44.4194,,,,
D,model 20 C,26.0833,44.5131,,,,
D,model 20 C,26.1,45.0556,,,,
D,model 20 C,26.1167,45.3681,,,,
D,model 20 C,26.1333,45.7699,,,,
D,model 20 C,26.15,46.1217,,,,
D,model 20 C,26.1667,46.6183,,,,
D,model 20 C,26.1833,47.3841,,,,
D,model 20 C,26.2,48.062,,,,
D,model 20 C,26.2167,48.8652,,,,
D,model 20 C,26.2333,49.157,,,,
D,model 20 C,26.25,49.3972,,,,
D,model 20 C,26.2667,49.447,,,,
D,model 20 C,26.2833,49.1561,,,,
D,model 20 C,26.3,49.0151,,,,
D,model 20 C,26.3167,48.7289,,,,
D,model 20 C,26.3333,48.5478,,,,
D,model 20 C,26.35,48.0784,,,,
D,model 20 C,26.3667,47.5759,,,,
D,model 20 C,26.3833,46.5668,,,,
D,model 20 C,26.4,45.7062,,,,
D,model 20 C,26.4167,44.4616,,,,
D,model 20 C,26.4333,43.4937,,,,
D,model 20 C,26.45,42.5297,,,,
D,model 20 C,26.4667,41.3205,,,,
D,model 20 C,26.4833,40.2617,,,,
D,model 20 C,26.5,39.0723,,,,
D,model 20 C,26.5167,37.929,,,,
D,model 20 C,26.5333,36.7822,,,,
D,model 20 C,26.55,35.7906,,,,
D,model 20 C,26.5667,34.5794,,,,
D,model 20 C,26.5833,33.4378,,,,
D,model 20 C,26.6,32.2465,,,,
D,model 20 C,26.6167,30.8966,,,,
D,model 20 C,26.6333,29.6719,,,,
D,model 20 C,26.65,28.7191,,,,
D,model 20 C,26.6667,27.577,,,,
D,model 20 C,26.6833,26.5105,,,,
D,model 20 C,26.7,25.398,,,,
D,model 20 C,26.7167,24.2796,,,,
D,model 20 C,26.7333,23.0832,,,,
D,model 20 C,26.75,21.7724,,,,
D,model 20 C,26.7667,20.6112,,,,
D,model 20 C,26.7833,19.7658,,,,
D,model 20 C,26.8,18.4719,,,,
D,model 20 C,26.8167,17.5969,,,,
D,model 20 C,26.8333,16.9483,,,,
D,model 20 C,26.85,16.3752,,,,
D,model 20 C,26.8667,16.0657,,,,
D,model 20 C,26.8833,15.6757,,,,
D,model 20 C,26.9,15.5038,,,,
D,model 20 C,26.9167,15.5365,,,,
D,model 20 C,26.9333,15.8953,,,,
D,model 20 C,26.95,16.2305,,,,
D,model 20 C,26.9667,16.6603,,,,
D,model 20 C,26.9833,17.2673,,,,
D,model 20 C,27,18.0579,,,,
D,model 20 C,27.0167,18.8317,,,,
D,model 20 C,27.0333,19.8156,,,,
D,model 20 C,27.05,20.9954,,,,
D,model 20 C,27.0667,22.0855,,,,
D,model 20 C,27.0833,23.3944,,,,
D,model 20 C,27.1,24.5521,,,,
D,model 20 C,27.1167,25.7175,,,,
D,model 20 C,27.1333,26.7507,,,,
D,model 20 C,27.15,27.8119,,,,
D,model 20 C,27.1667,28.9497,,,,
D,model 20 C,27.1833,30.0747,,,,
D,model 20 C,27.2,31.2739,,,,
D,model 20 C,27.2167,32.3952,,,,
D,model 20 C,27.2333,33.5609,,,,
D,model 20 C,27.25,34.7323,,,,
D,model 20 C,27.2667,35.9047,,,,
D,model 20 C,27.2833,36.913,,,,
D,model 20 C,27.3,37.9819,,,,
D,model 20 C,27.3167,39.1994,,,,
D,model 20 C,27.3333,40.4205,,,,
D,model 20 C,27.35,41.6673,,,,
D,model 20 C,27.3667,42.5264,,,,
D,model 20 C,27.3833,43.5614,,,,
D,model 20 C,27.4,44.7916,,,,
D,model 20 C,27.4167,46.1429,,,,
D,model 20 C,27.4333,47.3016,,,,
D,model 20 C,27.45,48.4786,,,,
D,model 20 C,27.4667,49.5485,,,,
D,model 20 C,27.4833,50.3464,,,,
D,model 20 C,27.5,51.4397,,,,
D,model 20 C,27.5167,52.7353,,,,
D,model 20 C,27.5333,54.0382,,,,
D,model 20 C,27.55,55.0862,,,,
D,model 20 C,27.5667,56.0515,,,,
D,model 20 C,27.5833,56.9447,,,,
D,model 20 C,27.6,57.8507,,,,
D,model 20 C,27.6167,58.6739,,,,
D,model 20 C,27.6333,59.3425,,,,
D,model 20 C,27.65,59.7659,,,,
D,model 20 C,27.6667,60.0765,,,,
D,model 20 C,27.6833,60.1268,,,,
D,model 20 C,27.7,60.2856,,,,
D,model 20 C,27.7167,60.1842,,,,
D,model 20 C,27.7333,59.7941,,,,
D,model 20 C,27.75,59.285,,,,
D,model 20 C,27.7667,58.8561,,,,
D,model 20 C,27.7833,58.0917,,,,
D,model 20 C,27.8,57.3678,,,,
D,model 20 C,27.8167,56.316,,,,
D,model 20 C,27.8333,55.2826,,,,
D,model 20 C,27.85,54.1928,,,,
D,model 20 C,27.8667,53.1091,,,,
D,model 20 C,27.8833,51.914,,,,
D,model 20 C,27.9,50.7745,,,,
D,model 20 C,27.9167,49.752,,,,
D,model 20 C,27.9333,48.5915,,,,
D,model 20 C,27.95,47.4345,,,,
D,model 20 C,27.9667,46.3333,,,,
D,model 20 C,27.9833,45.1296,,,,
D,model 20 C,28,44.014,,,,
D,model 20 C,28.0167,42.9771,,,,
D,model 20 C,28.0333,41.9618,,,,
D,model 20 C,28.05,40.8653,,,,
D,model 20 C,28.0667,39.8609,,,,
D,model 20 C,28.0833,38.9396,,,,
D,model 20 C,28.1,38.0725,,,,
D,model 20 C,28.1167,37.1471,,,,
D,model 20 C,28.1333,36.7075,,,,
D,model 20 C,28.15,36.3472,,,,
D,model 20 C,28.1667,35.9984,,,,
D,model 20 C,28.1833,35.9056,,,,
D,model 20 C,28.2,35.8918,,,,
D,model 20 C,28.2167,35.9316,,,,
D,model 20 C,28.2333,36.2224,,,,
D,model 20 C,28.25,36.7248,,,,
D,model 20 C,28.2667,37.4326,,,,
D,model 20 C,28.2833,38.1654,,,,
D,model 20 C,28.3,39.2294,,,,
D,model 20 C,28.3167,40.3273,,,,
D,model 20 C,28.3333,41.4832,,,,
D,model 20 C,28.35,42.7542,,,,
D,model 20 C,28.3667,43.8532,,,,
D,model 20 C,28.3833,45.0038,,,,
D,model 20 C,28.4,46.2984,,,,
D,model 20 C,28.4167,47.5219,,,,
D,model 20 C,28.4333,48.6409,,,,
D,model 20 C,28.45,49.8712,,,,
D,model 20 C,28.4667,50.953,,,,
D,model 20 C,28.4833,52.1763,,,,
D,model 20 C,28.5,53.4181,,,,
D,model 20 C,28.5167,54.5172,,,,
D,model 20 C,28.5333,55.5921,,,,
D,model 20 C,28.55,56.5665,,,,
D,model 20 C,28.5667,57.4015,,,,
D,model 20 C,28.5833,58.0851,,,,
D,model 20 C,28.6,58.7735,,,,
D,model 20 C,28.6167,59.352,,,,
D,model 20 C,28.6333,59.3918,,,,
D,model 20 C,28.65,59.3597,,,,
D,model 20 C,28.6667,59.2439,,,,
D,model 20 C,28.6833,59.151,,,,
D,model 20 C,28.7,58.9834,,,,
D,model 20 C,28.7167,58.6778,,,,
D,model 20 C,28.7333,58.0514,,,,
D,model 20 C,28.75,57.2553,,,,
D,model 20 C,28.7667,56.2009,,,,
D,model 20 C,28.7833,55.5379,,,,
D,model 20 C,28.8,54.897,,,,
D,model 20 C,28.8167,54.3862,,,,
D,model 20 C,28.8333,53.9754,,,,
D,model 20 C,28.85,53.4657,,,,
D,model 20 C,28.8667,53.2784,,,,
D,model 20 C,28.8833,53.3008,,,,
D,model 20 C,28.9,53.0624,,,,
D,model 20 C,28.9167,52.9046,,,,
D,model 20 C,28.9333,52.8687,,,,
D,model 20 C,28.95,52.6412,,,,
D,model 20 C,28.9667,52.4738,,,,
D,model 20 C,28.9833,52.6008,,,,
D,model 20 C,29,52.4393,,,,
D,model 20 C,29.0167,52.5632,,,,
D,model 20 C,29.0333,52.6303,,,,
D,model 20 C,29.05,52.3215,,,,
D,model 20 C,29.0667,52.2816,,,,
D,model 20 C,29.0833,52.1866,,,,
D,model 20 C,29.1,52.0446,,,,
D,model 20 C,29.1167,51.8342,,,,
D,model 20 C,29.1333,51.7315,,,,
D,model 20 C,29.15,51.7319,,,,
D,model 20 C,29.1667,52.0586,,,,
D,model 20 C,29.1833,52.3512,,,,
D,model 20 C,29.2,52.8944,,,,
D,model 20 C,29.2167,53.5472,,,,
D,model 20 C,29.2333,54.3227,,,,
D,model 20 C,29.25,55.4008,,,,
D,model 20 C,29.2667,56.5979,,,,
D,model 20 C,29.2833,57.8998,,,,
D,model 20 C,29.3,58.8798,,,,
D,model 20 C,29.3167,60.0305,,,,
D,model 20 C,29.3333,61.0913,,,,
D,model 20 C,29.35,62.2124,,,,
D,model 20 C,29.3667,63.2371,,,,
D,model 20 C,29.3833,64.3809,,,,
D,model 20 C,29.4,65.3937,,,,
D,model 20 C,29.4167,66.6025,,,,
D,model 20 C,29.4333,67.7365,,,,
D,model 20 C,29.45,68.8229,,,,
D,model 20 C,29.4667,69.9503,,,,
D,model 20 C,29.4833,71.0788,,,,
D,model 20 C,29.5,72.1652,,,,
D,model 20 C,29.5167,73.2613,,,,
D,model 20 C,29.5333,74.4165,,,,
D,model 20 C,29.55,75.4224,,,,
D,model 20 C,29.5667,76.3971,,,,
D,model 20 C,29.5833,77.423,,,,
D,model 20 C,29.6,78.5318,,,,
D,model 20 C,29.6167,79.7416,,,,
D,model 20 C,29.6333,80.8997,,,,
D,model 20 C,29.65,82.0407,,,,
D,model 20 C,29.6667,83.223,,,,
D,model 20 C,29.6833,84.1654,,,,
D,model 20 C,29.7,85.0934,,,,
D,model 20 C,29.7167,86.2806,,,,
D,model 20 C,29.7333,87.4256,,,,
D,model 20 C,29.75,88.4806,,,,
D,model 20 C,29.7667,89.3752,,,,
D,model 20 C,29.7833,90.3872,,,,
D,model 20 C,29.8,91.0534,,,,
D,model 20 C,29.8167,91.5834,,,,
D,model 20 C,29.8333,92.001,,,,
D,model 20 C,29.85,92.1982,,,,
D,model 20 C,29.8667,92.2768,,,,
D,model 20 C,29.8833,92.1345,,,,
D,model 20 C,29.9,92.1229,,,,
D,model 20 C,29.9167,92.1134,,,,
D,model 20 C,29.9333,92.0597,,,,
D,model 20 C,29.95,92.188,,,,
D,model 20 C,29.9667,92.2184,,,,
D,model 20 C,29.9833,92.0086,,,,
D,model 20 C,30,91.8363,,,,
D,model 20 C,30.0167,91.7597,,,,
D,model 20 C,30.0333,91.7013,,,,
D,model 20 C,30.05,91.3989,,,,
D,model 20 C,30.0667,91.2606,,,,
D,model 20 C,30.0833,91.3219,,,,
D,model 20 C,30.1,91.4218,,,,
D,model 20 C,30.1167,91.5052,,,,
D,model 20 C,30.1333,91.4844,,,,
D,model 20 C,30.15,91.3791,,,,
D,model 20 C,30.1667,91.3084,,,,
D,model 20 C,30.1833,91.4991,,,,
D,model 20 C,30.2,91.5831,,,,
D,model 20 C,30.2167,91.5291,,,,
D,model 20 C,30.2333,91.6835,,,,
D,model 20 C,30.25,91.843,,,,
D,model 20 C,30.2667,91.918,,,,
D,model 20 C,30.2833,92.0139,,,,
D,model 20 C,30.3,91.9929,,,,
D,model 20 C,30.3167,92.1961,,,,
D,model 20 C,30.3333,92.2869,,,,
D,model 20 C,30.35,92.3782,,,,
D,model 20 C,30.3667,92.5483,,,,
D,model 20 C,30.3833,92.6273,,,,
D,model 20 C,30.4,92.5362,,,,
D,model 20 C,30.4167,92.6509,,,,
D,model 20 C,30.4333,92.8169,,,,
D,model 20 C,30.45,92.9,,,,
D,model 20 C,30.4667,92.9062,,,,
D,model 20 C,30.4833,92.7309,,,,
D,model 20 C,30.5,92.4965,,,,
D,model 20 C,30.5167,92.4753,,,,
D,model 20 C,30.5333,92.2499,,,,
D,model 20 C,30.55,92.2135,,,,
D,model 20 C,30.5667,92.3615,,,,
D,model 20 C,30.5833,92.4397,,,,
D,model 20 C,30.6,92.4547,,,,
D,model 20 C,30.6167,92.5594,,,,
D,model 20 C,30.6333,92.5744,,,,
D,model 20 C,30.65,92.6149,,,,
D,model 20 C,30.6667,92.1539,,,,
D,model 20 C,30.6833,91.608,,,,
D,model 20 C,30.7,91.1748,,,,
D,model 20 C,30.7167,90.8017,,,,
D,model 20 C,30.7333,90.7357,,,,
D,model 20 C,30.75,90.7833,,,,
D,model 20 C,30.7667,90.7375,,,,
D,model 20 C,30.7833,90.6038,,,,
D,model 20 C,30.8,90.5547,,,,
D,model 20 C,30.8167,90.721,,,,
D,model 20 C,30.8333,90.8588,,,,
D,model 20 C,30.85,90.9667,,,,
D,model 20 C,30.8667,91.1971,,,,
D,model 20 C,30.8833,91.4159,,,,
D,model 20 C,30.9,91.7155,,,,
D,model 20 C,30.9167,91.805,,,,
D,model 20 C,30.9333,91.9519,,,,
D,model 20 C,30.95,92.0388,,,,
D,model 20 C,30.9667,92.2796,,,,
D,model 20 C,30.9833,92.2407,,,,
D,model 20 C,31,92.0911,,,,
D,model 20 C,31.0167,91.8012,,,,
D,model 20 C,31.0333,91.8689,,,,
D,model 20 C,31.05,91.8685,,,,
D,model 20 C,31.0667,91.7673,,,,
D,model 20 C,31.0833,91.8774,,,,
D,model 20 C,31.1,91.7022,,,,
D,model 20 C,31.1167,91.6252,,,,
D,model 20 C,31.1333,91.4036,,,,
D,model 20 C,31.15,91.3562,,,,
D,model 20 C,31.1667,91.3916,,,,
D,model 20 C,31.1833,91.278,,,,
D,model 20 C,31.2,91.1047,,,,
D,model 20 C,31.2167,91.2561,,,,
D,model 20 C,31.2333,91.2685,,,,
D,model 20 C,31.25,91.1639,,,,
D,model 20 C,31.2667,91.1882,,,,
D,model 20 C,31.2833,91.4194,,,,
D,model 20 C,31.3,91.3233,,,,
D,model 20 C,31.3167,91.4136,,,,
D,model 20 C,31.3333,91.254,,,,
D,model 20 C,31.35,91.1429,,,,
D,model 20 C,31.3667,91.1056,,,,
D,model 20 C,31.3833,91.0532,,,,
D,model 20 C,31.4,91.2567,,,,
D,model 20 C,31.4167,91.6687,,,,
D,model 20 C,31.4333,91.9428,,,,
D,model 20 C,31.45,92.153,,,,
D,model 20 C,31.4667,92.5469,,,,
D,model 20 C,31.4833,92.7017,,,,
D,model 20 C,31.5,93.1358,,,,
D,model 20 C,31.5167,93.1857,,,,
D,model 20 C,31.5333,93.1594,,,,
D,model 20 C,31.55,93.0704,,,,
D,model 20 C,31.5667,93.1047,,,,
D,model 20 C,31.5833,93.2003,,,,
D,model 20 C,31.6,93.3557,,,,
D,model 20 C,31.6167,93.3147,,,,
D,model 20 C,31.6333,93.4178,,,,
D,model 20 C,31.65,93.4605,,,,
D,model 20 C,31.6667,93.4522,,,,
D,model 20 C,31.6833,93.331,,,,
D,model 20 C,31.7,93.1806,,,,
D,model 20 C,31.7167,92.9194,,,,
D,model 20 C,31.7333,92.5005,,,,
D,model 20 C,31.75,92.1261,,,,
D,model 20 C,31.7667,91.7642,,,,
D,model 20 C,31.7833,91.7313,,,,
D,model 20 C,31.8,91.4194,,,,
D,model 20 C,31.8167,91.2654,,,,
D,model 20 C,31.8333,90.9657,,,,
D,model 20 C,31.85,90.659,,,,
D,model 20 C,31.8667,90.368,,,,
D,model 20 C,31.8833,89.7702,,,,
D,model 20 C,31.9,89.1085,,,,
D,model 20 C,31.9167,88.487,,,,
D,model 20 C,31.9333,87.806,,,,
D,model 20 C,31.95,87.0259,,,,
D,model 20 C,31.9667,86.2322,,,,
D,model 20 C,31.9833,85.3525,,,,
D,model 20 C,32,84.665,,,,
D,model 20 C,32.0167,83.5108,,,,
D,model 20 C,32.0333,82.5272,,,,
D,model 20 C,32.05,81.2686,,,,
D,model 20 C,32.0667,80.2011,,,,
D,model 20 C,32.0833,78.9564,,,,
D,model 20 C,32.1,77.7922,,,,
D,model 20 C,32.1167,76.6612,,,,
D,model 20 C,32.1333,75.6633,,,,
D,model 20 C,32.15,74.5344,,,,
D,model 20 C,32.1667,73.45,,,,
D,model 20 C,32.1833,72.2352,,,,
D,model 20 C,32.2,71.2345,,,,
D,model 20 C,32.2167,70.2116,,,,
D,model 20 C,32.2333,69.1214,,,,
D,model 20 C,32.25,67.8103,,,,
D,model 20 C,32.2667,66.7231,,,,
D,model 20 C,32.2833,65.6219,,,,
D,model 20 C,32.3,64.2836,,,,
D,model 20 C,32.3167,63.1964,,,,
D,model 20 C,32.3333,62.2052,,,,
D,model 20 C,32.35,60.8736,,,,
D,model 20 C,32.3667,59.7612,,,,
D,model 20 C,32.3833,58.6392,,,,
D,model 20 C,32.4,57.4457,,,,
D,model 20 C,32.4167,56.4784,,,,
D,model 20 C,32.4333,55.2045,,,,
D,model 20 C,32.45,54.1564,,,,
D,model 20 C,32.4667,53.0515,,,,
D,model 20 C,32.4833,51.9941,,,,
D,model 20 C,32.5,50.8803,,,,
D,model 20 C,32.5167,49.446,,,,
D,model 20 C,32.5333,48.2587,,,,
D,model 20 C,32.55,47.1097,,,,
D,model 20 C,32.5667,45.9883,,,,
D,model 20 C,32.5833,44.8464,,,,
D,model 20 C,32.6,43.6246,,,,
D,model 20 C,32.6167,42.5033,,,,
D,model 20 C,32.6333,41.2786,,,,
D,model 20 C,32.65,40.0956,,,,
D,model 20 C,32.6667,38.9109,,,,
D,model 20 C,32.6833,37.7981,,,,
D,model 20 C,32.7,36.6985,,,,
D,model 20 C,32.7167,35.6731,,,,
D,model 20 C,32.7333,34.6512,,,,
D,model 20 C,32.75,33.8943,,,,
D,model 20 C,32.7667,33.1176,,,,
D,model 20 C,32.7833,32.6406,,,,
D,model 20 C,32.8,32.0999,,,,
D,model 20 C,32.8167,31.8168,,,,
D,model 20 C,32.8333,31.6541,,,,
D,model 20 C,32.85,31.4654,,,,
D,model 20 C,32.8667,31.5578,,,,
D,model 20 C,32.8833,31.8231,,,,
D,model 20 C,32.9,32.2019,,,,
D,model 20 C,32.9167,32.6789,,,,
D,model 20 C,32.9333,33.1639,,,,
D,model 20 C,32.95,33.62,,,,
D,model 20 C,32.9667,34.1577,,,,
D,model 20 C,32.9833,34.4082,,,,
D,model 20 C,33,34.8286,,,,
D,model 20 C,33.0167,35.1347,,,,
D,model 20 C,33.0333,35.0109,,,,
D,model 20 C,33.05,34.8072,,,,
D,model 20 C,33.0667,34.5455,,,,
D,model 20 C,33.0833,34.082,,,,
D,model 20 C,33.1,33.5967,,,,
D,model 20 C,33.1167,32.8713,,,,
D,model 20 C,33.1333,32.0819,,,,
D,model 20 C,33.15,31.1207,,,,
D,model 20 C,33.1667,29.9445,,,,
D,model 20 C,33.1833,28.8158,,,,
D,model 20 C,33.2,27.7418,,,,
D,model 20 C,33.2167,26.6255,,,,
D,model 20 C,33.2333,25.4903,,,,
D,model 20 C,33.25,24.569,,,,
D,model 20 C,33.2667,23.9807,,,,
D,model 20 C,33.2833,23.3552,,,,
D,model 20 C,33.3,22.7376,,,,
D,model 20 C,33.3167,22.3301,,,,
D,model 20 C,33.3333,22.2495,,,,
D,model 20 C,33.35,22.2082,,,,
D,model 20 C,33.3667,22.0819,,,,
D,model 20 C,33.3833,21.8726,,,,
D,model 20 C,33.4,21.8371,,,,
D,model 20 C,33.4167,21.8077,,,,
D,model 20 C,33.4333,21.876,,,,
D,model 20 C,33.45,22.011,,,,
D,model 20 C,33.4667,22.2111,,,,
D,model 20 C,33.4833,22.5712,,,,
D,model 20 C,33.5,22.7403,,,,
D,model 20 C,33.5167,23.0855,,,,
D,model 20 C,33.5333,23.2619,,,,
D,model 20 C,33.55,23.6069,,,,
D,model 20 C,33.5667,23.8217,,,,
D,model 20 C,33.5833,24.1119,,,,
D,model 20 C,33.6,24.0228,,,,
D,model 20 C,33.6167,24.2293,,,,
D,model 20 C,33.6333,24.9346,,,,
D,model 20 C,33.65,25.4226,,,,
D,model 20 C,33.6667,26.0523,,,,
D,model 20 C,33.6833,27.0203,,,,
D,model 20 C,33.7,27.8767,,,,
D,model 20 C,33.7167,28.4138,,,,
D,model 20 C,33.7333,29.0836,,,,
D,model 20 C,33.75,29.7977,,,,
D,model 20 C,33.7667,30.1429,,,,
D,model 20 C,33.7833,30.4506,,,,
D,model 20 C,33.8,30.627,,,,
D,model 20 C,33.8167,30.5299,,,,
D,model 20 C,33.8333,30.3798,,,,
D,model 20 C,33.85,30.2708,,,,
D,model 20 C,33.8667,30.021,,,,
D,model 20 C,33.8833,29.7553,,,,
D,model 20 C,33.9,29.6823,,,,
D,model 20 C,33.9167,29.6152,,,,
D,model 20 C,33.9333,29.5722,,,,
D,model 20 C,33.95,29.4647,,,,
D,model 20 C,33.9667,29.5783,,,,
D,model 20 C,33.9833,30.0113,,,,
D,model 20 C,34,30.2054,,,,
D,model 20 C,34.0167,30.5252,,,,
D,model 20 C,34.0333,30.6729,,,,
D,model 20 C,34.05,31.0597,,,,
D,model 20 C,34.0667,31.4288,,,,
D,model 20 C,34.0833,31.6513,,,,
D,model 20 C,34.1,31.7136,,,,
D,model 20 C,34.1167,31.6365,,,,
D,model 20 C,34.1333,31.3457,,,,
D,model 20 C,34.15,31.0673,,,,
D,model 20 C,34.1667,30.3785,,,,
D,model 20 C,34.1833,29.8853,,,,
D,model 20 C,34.2,29.1016,,,,
D,model 20 C,34.2167,28.2604,,,,
D,model 20 C,34.2333,27.3486,,,,
D,model 20 C,34.25,26.4899,,,,
D,model 20 C,34.2667,25.6896,,,,
D,model 20 C,34.2833,25.0943,,,,
D,model 20 C,34.3,24.7632,,,,
D,model 20 C,34.3167,24.5865,,,,
D,model 20 C,34.3333,24.2686,,,,
D,model 20 C,34.35,24.3109,,,,
D,model 20 C,34.3667,24.4517,,,,
D,model 20 C,34.3833,24.6209,,,,
D,model 20 C,34.4,25.0887,,,,
D,model 20 C,34.4167,25.504,,,,
D,model 20 C,34.4333,26.0049,,,,
D,model 20 C,34.45,26.7061,,,,
D,model 20 C,34.4667,27.7125,,,,
D,model 20 C,34.4833,28.7575,,,,
D,model 20 C,34.5,29.7459,,,,
D,model 20 C,34.5167,30.6649,,,,
D,model 20 C,34.5333,31.8798,,,,
D,model 20 C,34.55,33.0819,,,,
D,model 20 C,34.5667,34.2127,,,,
D,model 20 C,34.5833,35.4213,,,,
D,model 20 C,34.6,36.249,,,,
D,model 20 C,34.6167,37.6129,,,,
D,model 20 C,34.6333,38.5003,,,,
D,model 20 C,34.65,39.713,,,,
D,model 20 C,34.6667,40.9216,,,,
D,model 20 C,34.6833,41.9315,,,,
D,model 20 C,34.7,42.9875,,,,
D,model 20 C,34.7167,44.2542,,,,
D,model 20 C,34.7333,45.3325,,,,
D,model 20 C,34.75,46.29,,,,
D,model 20 C,34.7667,47.2084,,,,
D,model 20 C,34.7833,48.1534,,,,
D,model 20 C,34.8,49.12,,,,
D,model 20 C,34.8167,50.5172,,,,
D,model 20 C,34.8333,51.6275,,,,
D,model 20 C,34.85,52.678,,,,
D,model 20 C,34.8667,53.7325,,,,
D,model 20 C,34.8833,54.6938,,,,
D,model 20 C,34.9,55.5252,,,,
D,model 20 C,34.9167,56.6169,,,,
D,model 20 C,34.9333,57.8106,,,,
D,model 20 C,34.95,59.0894,,,,
D,model 20 C,34.9667,60.2453,,,,
D,model 20 C,34.9833,61.4586,,,,
D,model 20 C,35,62.5385,,,,
D,model 20 C,35.0167,63.4653,,,,
D,model 20 C,35.0333,64.6688,,,,
D,model 20 C,35.05,65.8482,,,,
D,model 20 C,35.0667,66.9032,,,,
D,model 20 C,35.0833,68.0639,,,,
D,model 20 C,35.1,69.3481,,,,
D,model 20 C,35.1167,70.5104,,,,
D,model 20 C,35.1333,71.6217,,,,
D,model 20 C,35.15,72.8256,,,,
D,model 20 C,35.1667,73.9825,,,,
D,model 20 C,35.1833,75.0385,,,,
D,model 20 C,35.2,75.9971,,,,
D,model 20 C,35.2167,76.7075,,,,
D,model 20 C,35.2333,77.3614,,,,
D,model 20 C,35.25,77.9994,,,,
D,model 20 C,35.2667,78.1934,,,,
D,model 20 C,35.2833,78.2095,,,,
D,model 20 C,35.3,78.3288,,,,
D,model 20 C,35.3167,78.3595,,,,
D,model 20 C,35.3333,78.1942,,,,
D,model 20 C,35.35,77.946,,,,
D,model 20 C,35.3667,77.4633,,,,
D,model 20 C,35.3833,76.9126,,,,
D,model 20 C,35.4,76.1652,,,,
D,model 20 C,35.4167,75.0348,,,,
D,model 20 C,35.4333,73.8615,,,,
D,model 20 C,35.45,72.6856,,,,
D,model 20 C,35.4667,71.769,,,,
D,model 20 C,35.4833,70.5333,,,,
D,model 20 C,35.5,69.4746,,,,
D,model 20 C,35.5167,68.3171,,,,
D,model 20 C,35.5333,67.3754,,,,
D,model 20 C,35.55,65.9975,,,,
D,model 20 C,35.5667,65.0819,,,,
D,model 20 C,35.5833,63.9089,,,,
D,model 20 C,35.6,62.7841,,,,
D,model 20 C,35.6167,61.6272,,,,
D,model 20 C,35.6333,60.4934,,,,
D,model 20 C,35.65,59.3492,,,,
D,model 20 C,35.6667,58.0191,,,,
D,model 20 C,35.6833,56.877,,,,
D,model 20 C,35.7,55.6751,,,,
D,model 20 C,35.7167,54.6677,,,,
D,model 20 C,35.7333,53.5611,,,,
D,model 20 C,35.75,52.4177,,,,
D,model 20 C,35.7667,51.3138,,,,
D,model 20 C,35.7833,50.1544,,,,
D,model 20 C,35.8,48.822,,,,
D,model 20 C,35.8167,47.5917,,,,
D,model 20 C,35.8333,46.3996,,,,
D,model 20 C,35.85,45.1769,,,,
D,model 20 C,35.8667,44.054,,,,
D,model 20 C,35.8833,42.8624,,,,
D,model 20 C,35.9,41.76,,,,
D,model 20 C,35.9167,40.7362,,,,
D,model 20 C,35.9333,39.8072,,,,
D,model 20 C,35.95,38.8594,,,,
D,model 20 C,35.9667,38.1971,,,,
D,model 20 C,35.9833,37.5015,,,,
D,model 20 C,36,37.261,,,,
D,model 20 C,36.0167,36.8874,,,,
D,model 20 C,36.0333,36.6979,,,,
D,model 20 C,36.05,36.5761,,,,
D,model 20 C,36.0667,36.6313,,,,
D,model 20 C,36.0833,37.0268,,,,
D,model 20 C,36.1,37.4774,,,,
D,model 20 C,36.1167,37.9982,,,,
D,model 20 C,36.1333,38.7281,,,,
D,model 20 C,36.15,39.5573,,,,
D,model 20 C,36.1667,40.3387,,,,
D,model 20 C,36.1833,41.4518,,,,
D,model 20 C,36.2,42.632,,,,
D,model 20 C,36.2167,43.8182,,,,
D,model 20 C,36.2333,44.7936,,,,
D,model 20 C,36.25,46.0507,,,,
D,model 20 C,36.2667,47.2097,,,,
D,model 20 C,36.2833,48.3272,,,,
D,model 20 C,36.3,49.5256,,,,
D,model 20 C,36.3167,50.5995,,,,
D,model 20 C,36.3333,51.2416,,,,
D,model 20 C,36.35,51.9988,,,,
D,model 20 C,36.3667,52.6869,,,,
D,model 20 C,36.3833,53.0465,,,,
D,model 20 C,36.4,53.3862,,,,
D,model 20 C,36.4167,53.5266,,,,
D,model 20 C,36.4333,53.657,,,,
D,model 20 C,36.45,53.4004,,,,
D,model 20 C,36.4667,53.2736,,,,
D,model 20 C,36.4833,52.8413,,,,
D,model 20 C,36.5,52.4063,,,,
D,model 20 C,36.5167,51.4387,,,,
D,model 20 C,36.5333,50.6853,,,,
D,model 20 C,36.55,49.7514,,,,
D,model 20 C,36.5667,48.4113,,,,
D,model 20 C,36.5833,47.3233,,,,
D,model 20 C,36.6,46.1831,,,,
D,model 20 C,36.6167,45.199,,,,
D,model 20 C,36.6333,43.9759,,,,
D,model 20 C,36.65,43.0368,,,,
D,model 20 C,36.6667,41.9663,,,,
D,model 20 C,36.6833,40.8764,,,,
D,model 20 C,36.7,40,,,,
D,model 20 C,36.7167,38.8262,,,,
D,model 20 C,36.7333,37.9764,,,,
D,model 20 C,36.75,37.3593,,,,
D,model 20 C,36.7667,36.7802,,,,
D,model 20 C,36.7833,36.3394,,,,
D,model 20 C,36.8,35.9503,,,,
D,model 20 C,36.8167,35.6019,,,,
D,model 20 C,36.8333,35.3242,,,,
D,model 20 C,36.85,35.3241,,,,
D,model 20 C,36.8667,35.3389,,,,
D,model 20 C,36.8833,35.8299,,,,
D,model 20 C,36.9,36.1872,,,,
D,model 20 C,36.9167,36.9234,,,,
D,model 20 C,36.9333,37.7137,,,,
D,model 20 C,36.95,38.7955,,,,
D,model 20 C,36.9667,39.8813,,,,
D,model 20 C,36.9833,41.1419,,,,
D,model 20 C,37,42.2822,,,,
D,model 20 C,37.0167,43.2473,,,,
D,model 20 C,37.0333,44.0946,,,,
D,model 20 C,37.05,44.8706,,,,
D,model 20 C,37.0667,45.6021,,,,
D,model 20 C,37.0833,46.0172,,,,
D,model 20 C,37.1,46.2835,,,,
D,model 20 C,37.1167,46.4322,,,,
D,model 20 C,37.1333,46.4663,,,,
D,model 20 C,37.15,46.2698,,,,
D,model 20 C,37.1667,45.9879,,,,
D,model 20 C,37.1833,45.7468,,,,
D,model 20 C,37.2,44.9929,,,,
D,model 20 C,37.2167,44.2311,,,,
D,model 20 C,37.2333,43.176,,,,
D,model 20 C,37.25,42.1932,,,,
D,model 20 C,37.2667,40.9975,,,,
D,model 20 C,37.2833,39.8871,,,,
D,model 20 C,37.3,38.8567,,,,
D,model 20 C,37.3167,37.85,,,,
D,model 20 C,37.3333,36.7242,,,,
D,model 20 C,37.35,35.5971,,,,
D,model 20 C,37.3667,34.6624,,,,
D,model 20 C,37.3833,33.5107,,,,
D,model 20 C,37.4,32.1996,,,,
D,model 20 C,37.4167,31.1551,,,,
D,model 20 C,37.4333,30.0983,,,,
D,model 20 C,37.45,29.106,,,,
D,model 20 C,37.4667,27.644,,,,
D,model 20 C,37.4833,26.3147,,,,
D,model 20 C,37.5,25.282,,,,
D,model 20 C,37.5167,24.175,,,,
D,model 20 C,37.5333,23.0585,,,,
D,model 20 C,37.55,22.0092,,,,
D,model 20 C,37.5667,20.9923,,,,
D,model 20 C,37.5833,19.5922,,,,
D,model 20 C,37.6,18.537,,,,
D,model 20 C,37.6167,17.3323,,,,
D,model 20 C,37.6333,16.208,,,,
D,model 20 C,37.65,14.885,,,,
D,model 20 C,37.6667,13.9674,,,,
D,model 20 C,37.6833,13.0226,,,,
D,model 20 C,37.7,12.1448,,,,
D,model 20 C,37.7167,11.0913,,,,
D,model 20 C,37.7333,9.85045,,,,
D,model 20 C,37.75,9.2293,,,,
D,model 20 C,37.7667,8.56195,,,,
D,model 20 C,37.7833,7.9503,,,,
D,model 20 C,37.8,7.34555,,,,
D,model 20 C,37.8167,6.8669,,,,
D,model 20 C,37.8333,6.66655,,,,
D,model 20 C,37.85,6.4187,,,,
D,model 20 C,37.8667,6.55845,,,,
D,model 20 C,37.8833,6.7147,,,,
D,model 20 C,37.9,6.9379,,,,
D,model 20 C,37.9167,7.51105,,,,
D,model 20 C,37.9333,8.1817,,,,
D,model 20 C,37.95,8.8944,,,,
D,model 20 C,37.9667,9.7811,,,,
D,model 20 C,37.9833,10.7547,,,,
D,model 20 C,38,11.4971,,,,
D,model 20 C,38.0167,12.041,,,,
D,model 20 C,38.0333,12.7439,,,,
D,model 20 C,38.05,13.1815,,,,
D,model 20 C,38.0667,13.3942,,,,
D,model 20 C,38.0833,13.617,,,,
D,model 20 C,38.1,13.6258,,,,
D,model 20 C,38.1167,13.5076,,,,
D,model 20 C,38.1333,13.281,,,,
D,model 20 C,38.15,12.9062,,,,
D,model 20 C,38.1667,12.3224,,,,
D,model 20 C,38.1833,11.4295,,,,
D,model 20 C,38.2,10.5932,,,,
D,model 20 C,38.2167,9.4575,,,,
D,model 20 C,38.2333,8.3651,,,,
D,model 20 C,38.25,7.51195,,,,
D,model 20 C,38.2667,6.67795,,,,
D,model 20 C,38.2833,5.98375,,,,
D,model 20 C,38.3,5.452,,,,
D,model 20 C,38.3167,5.09175,,,,
D,model 20 C,38.3333,4.7065,,,,
D,model 20 C,38.35,4.41705,,,,
D,model 20 C,38.3667,4.144,,,,
D,model 20 C,38.3833,3.99855,,,,
D,model 20 C,38.4,3.94635,,,,
D,model 20 C,38.4167,3.84555,,,,
D,model 20 C,38.4333,3.6533,,,,
D,model 20 C,38.45,3.49035,,,,
D,model 20 C,38.4667,3.50095,,,,
D,model 20 C,38.4833,3.58765,,,,
D,model 20 C,38.5,3.76335,,,,
D,model 20 C,38.5167,3.79735,,,,
D,model 20 C,38.5333,3.9124,,,,
D,model 20 C,38.55,3.8221,,,,
D,model 20 C,38.5667,3.6205,,,,
D,model 20 C,38.5833,3.34885,,,,
D,model 20 C,38.6,3.00515,,,,
D,model 20 C,38.6167,2.9497,,,,
D,model 20 C,38.6333,2.70765,,,,
D,model 20 C,38.65,2.5797,,,,
D,model 20 C,38.6667,2.5757,,,,
D,model 20 C,38.6833,2.91125,,,,
D,model 20 C,38.7,3.23055,,,,
D,model 20 C,38.7167,3.68375,,,,
D,model 20 C,38.7333,4.02495,,,,
D,model 20 C,38.75,4.43075,,,,
D,model 20 C,38.7667,4.69745,,,,
D,model 20 C,38.7833,5.1258,,,,
D,model 20 C,38.8,5.38955,,,,
D,model 20 C,38.8167,5.6536,,,,
D,model 20 C,38.8333,6.0309,,,,
D,model 20 C,38.85,6.375,,,,
D,model 20 C,38.8667,6.56655,,,,
D,model 20 C,38.8833,6.9251,,,,
D,model 20 C,38.9,7.2327,,,,
D,model 20 C,38.9167,7.41175,,,,
D,model 20 C,38.9333,7.50145,,,,
D,model 20 C,38.95,7.2938,,,,
D,model 20 C,38.9667,7.0628,,,,
D,model 20 C,38.9833,6.9103,,,,
D,model 20 C,39,6.69725,,,,
D,model 20 C,39.0167,6.4035,,,,
D,model 20 C,39.0333,5.9407,,,,
D,model 20 C,39.05,5.57915,,,,
D,model 20 C,39.0667,5.1279,,,,
D,model 20 C,39.0833,4.63985,,,,
D,model 20 C,39.1,4.27985,,,,
D,model 20 C,39.1167,4.0334,,,,
D,model 20 C,39.1333,3.9588,,,,
D,model 20 C,39.15,3.87555,,,,
D,model 20 C,39.1667,3.75625,,,,
D,model 20 C,39.1833,3.5541,,,,
D,model 20 C,39.2,3.70055,,,,
D,model 20 C,39.2167,3.60625,,,,
D,model 20 C,39.2333,3.2908,,,,
D,model 20 C,39.25,3.2415,,,,
D,model 20 C,39.2667,3.2962,,,,
D,model 20 C,39.2833,3.3249,,,,
D,model 20 C,39.3,3.3071,,,,
D,model 20 C,39.3167,3.39,,,,
D,model 20 C,39.3333,3.3377,,,,
D,model 20 C,39.35,3.2907,,,,
D,model 20 C,39.3667,3.34635,,,,
D,model 20 C,39.3833,3.3783,,,,
D,model 20 C,39.4,3.3444,,,,
D,model 20 C,39.4167,3.33865,,,,
D,model 20 C,39.4333,3.3841,,,,
D,model 20 C,39.45,3.6022,,,,
D,model 20 C,39.4667,4.0872,,,,
D,model 20 C,39.4833,4.33875,,,,
D,model 20 C,39.5,4.4831,,,,
D,model 20 C,39.5167,4.83575,,,,
D,model 20 C,39.5333,5.1985,,,,
D,model 20 C,39.55,5.62535,,,,
D,model 20 C,39.5667,6.01825,,,,
D,model 20 C,39.5833,6.4769,,,,
D,model 20 C,39.6,6.656,,,,
D,model 20 C,39.6167,6.8045,,,,
D,model 20 C,39.6333,6.69595,,,,
D,model 20 C,39.65,6.71125,,,,
D,model 20 C,39.6667,6.47345,,,,
D,model 20 C,39.6833,6.0875,,,,
D,model 20 C,39.7,5.59225,,,,
D,model 20 C,39.7167,5.33085,,,,
D,model 20 C,39.7333,5.03095,,,,
D,model 20 C,39.75,4.8898,,,,
D,model 20 C,39.7667,4.62295,,,,
D,model 20 C,39.7833,4.4414,,,,
D,model 20 C,39.8,4.0505,,,,
D,model 20 C,39.8167,3.8764,,,,
D,model 20 C,39.8333,3.79835,,,,
D,model 20 C,39.85,3.651,,,,
D,model 20 C,39.8667,3.8709,,,,
D,model 20 C,39.8833,3.892,,,,
D,model 20 C,39.9,4.16045,,,,
D,model 20 C,39.9167,4.2102,,,,
D,model 20 C,39.9333,4.50095,,,,
D,model 20 C,39.95,4.6697,,,,
D,model 20 C,39.9667,4.8047,,,,
D,model 20 C,39.9833,4.8429,,,,
D,model 20 C,40,4.90655,,,,
D,model 20 C,40.0167,5.0222,,,,
D,model 20 C,40.0333,5.23865,,,,
D,model 20 C,40.05,5.6496,,,,
D,model 20 C,40.0667,5.90565,,,,
D,model 20 C,40.0833,6.3328,,,,
D,model 20 C,40.1,6.74935,,,,
D,model 20 C,40.1167,7.4228,,,,
D,model 20 C,40.1333,7.858,,,,
D,model 20 C,40.15,8.3933,,,,
D,model 20 C,40.1667,8.99295,,,,
D,model 20 C,40.1833,9.78905,,,,
D,model 20 C,40.2,10.7962,,,,
D,model 20 C,40.2167,11.6496,,,,
D,model 20 C,40.2333,12.728,,,,
D,model 20 C,40.25,13.7343,,,,
D,model 20 C,40.2667,14.5615,,,,
D,model 20 C,40.2833,15.603,,,,
D,model 20 C,40.3,16.8507,,,,
D,model 20 C,40.3167,17.9588,,,,
D,model 20 C,40.3333,19.0587,,,,
D,model 20 C,40.35,20.2683,,,,
D,model 20 C,40.3667,21.3192,,,,
D,model 20 C,40.3833,22.3554,,,,
D,model 20 C,40.4,23.4896,,,,
D,model 20 C,40.4167,24.645,,,,
D,model 20 C,40.4333,25.5327,,,,
D,model 20 C,40.45,26.4313,,,,
D,model 20 C,40.4667,27.1635,,,,
D,model 20 C,40.4833,27.6728,,,,
D,model 20 C,40.5,28.0023,,,,
D,model 20 C,40.5167,28.0045,,,,
D,model 20 C,40.5333,27.9768,,,,
D,model 20 C,40.55,28.0069,,,,
D,model 20 C,40.5667,27.7086,,,,
D,model 20 C,40.5833,27.3119,,,,
D,model 20 C,40.6,26.8767,,,,
D,model 20 C,40.6167,26.4676,,,,
D,model 20 C,40.6333,25.8753,,,,
D,model 20 C,40.65,25.4021,,,,
D,model 20 C,40.6667,24.7784,,,,
D,model 20 C,40.6833,24.3552,,,,
D,model 20 C,40.7,23.9998,,,,
D,model 20 C,40.7167,23.6915,,,,
D,model 20 C,40.7333,23.7315,,,,
D,model 20 C,40.75,23.7794,,,,
D,model 20 C,40.7667,23.9604,,,,
D,model 20 C,40.7833,24.1043,,,,
D,model 20 C,40.8,24.1125,,,,
D,model 20 C,40.8167,24.2741,,,,
D,model 20 C,40.8333,24.4785,,,,
D,model 20 C,40.85,24.6391,,,,
D,model 20 C,40.8667,24.6386,,,,
D,model 20 C,40.8833,24.4274,,,,
D,model 20 C,40.9,24.3434,,,,
D,model 20 C,40.9167,24.1483,,,,
D,model 20 C,40.9333,23.7621,,,,
D,model 20 C,40.95,23.0884,,,,
D,model 20 C,40.9667,22.3118,,,,
D,model 20 C,40.9833,21.3724,,,,
D,model 20 C,41,20.208,,,,
D,model 20 C,41.0167,19.1217,,,,
D,model 20 C,41.0333,17.9378,,,,
D,model 20 C,41.05,16.5783,,,,
D,model 20 C,41.0667,15.5344,,,,
D,model 20 C,41.0833,14.3175,,,,
D,model 20 C,41.1,13.1827,,,,
D,model 20 C,41.1167,11.9166,,,,
D,model 20 C,41.1333,10.7205,,,,
D,model 20 C,41.15,9.64815,,,,
D,model 20 C,41.1667,8.79415,,,,
D,model 20 C,41.1833,7.88105,,,,
D,model 20 C,41.2,7.32045,,,,
D,model 20 C,41.2167,6.7136,,,,
D,model 20 C,41.2333,6.42045,,,,
D,model 20 C,41.25,6.3128,,,,
D,model 20 C,41.2667,6.10505,,,,
D,model 20 C,41.2833,6.146,,,,
D,model 20 C,41.3,6.31935,,,,
D,model 20 C,41.3167,6.64325,,,,
D,model 20 C,41.3333,7.0757,,,,
D,model 20 C,41.35,7.6863,,,,
D,model 20 C,41.3667,8.39775,,,,
D,model 20 C,41.3833,9.02675,,,,
D,model 20 C,41.4,9.867,,,,
D,model 20 C,41.4167,10.8154,,,,
D,model 20 C,41.4333,11.6407,,,,
D,model 20 C,41.45,12.4825,,,,
D,model 20 C,41.4667,13.276,,,,
D,model 20 C,41.4833,14.3573,,,,
D,model 20 C,41.5,15.4842,,,,
D,model 20 C,41.5167,16.782,,,,
D,model 20 C,41.5333,17.9801,,,,
D,model 20 C,41.55,19.236,,,,
D,model 20 C,41.5667,20.4541,,,,
D,model 20 C,41.5833,21.5067,,,,
D,model 20 C,41.6,22.779,,,,
D,model 20 C,41.6167,24.0651,,,,
D,model 20 C,41.6333,25.1027,,,,
D,model 20 C,41.65,26.2714,,,,
D,model 20 C,41.6667,27.4148,,,,
D,model 20 C,41.6833,28.5722,,,,
D,model 20 C,41.7,29.7235,,,,
D,model 20 C,41.7167,30.7316,,,,
D,model 20 C,41.7333,31.752,,,,
D,model 20 C,41.75,32.9201,,,,
D,model 20 C,41.7667,33.9969,,,,
D,model 20 C,41.7833,35.1161,,,,
D,model 20 C,41.8,36.1853,,,,
D,model 20 C,41.8167,37.3794,,,,
D,model 20 C,41.8333,38.3569,,,,
D,model 20 C,41.85,39.5888,,,,
D,model 20 C,41.8667,40.6103,,,,
D,model 20 C,41.8833,41.8396,,,,
D,model 20 C,41.9,42.8728,,,,
D,model 20 C,41.9167,43.7984,,,,
D,model 20 C,41.9333,44.5898,,,,
D,model 20 C,41.95,45.2266,,,,
D,model 20 C,41.9667,45.6761,,,,
D,model 20 C,41.9833,45.9083,,,,
D,model 20 C,42,45.9996,,,,
D,model 20 C,42.0167,46.0195,,,,
D,model 20 C,42.0333,45.7409,,,,
D,model 20 C,42.05,45.4241,,,,
D,model 20 C,42.0667,44.9796,,,,
D,model 20 C,42.0833,44.2184,,,,
D,model 20 C,42.1,43.5265,,,,
D,model 20 C,42.1167,42.7737,,,,
D,model 20 C,42.1333,41.9808,,,,
D,model 20 C,42.15,41.2388,,,,
D,model 20 C,42.1667,40.9528,,,,
D,model 20 C,42.1833,40.7861,,,,
D,model 20 C,42.2,40.3319,,,,
D,model 20 C,42.2167,39.8653,,,,
D,model 20 C,42.2333,39.3203,,,,
D,model 20 C,42.25,38.8509,,,,
D,model 20 C,42.2667,38.444,,,,
D,model 20 C,42.2833,38.0468,,,,
D,model 20 C,42.3,37.5928,,,,
D,model 20 C,42.3167,37.2123,,,,
D,model 20 C,42.3333,36.7641,,,,
D,model 20 C,42.35,36.3692,,,,
D,model 20 C,42.3667,35.8751,,,,
D,model 20 C,42.3833,35.0172,,,,
D,model 20 C,42.4,34.0613,,,,
D,model 20 C,42.4167,33.1052,,,,
D,model 20 C,42.4333,32.153,,,,
D,model 20 C,42.45,31.22,,,,
D,model 20 C,42.4667,30.3147,,,,
D,model 20 C,42.4833,29.5005,,,,
D,model 20 C,42.5,28.9259,,,,
D,model 20 C,42.5167,28.4955,,,,
D,model 20 C,42.5333,28.1725,,,,
D,model 20 C,42.55,27.8235,,,,
D,model 20 C,42.5667,27.7361,,,,
D,model 20 C,42.5833,27.7617,,,,
D,model 20 C,42.6,27.9991,,,,
D,model 20 C,42.6167,28.3803,,,,
D,model 20 C,42.6333,28.9568,,,,
D,model 20 C,42.65,29.6239,,,,
D,model 20 C,42.6667,30.6127,,,,
D,model 20 C,42.6833,31.6145,,,,
D,model 20 C,42.7,32.5286,,,,
D,model 20 C,42.7167,33.4652,,,,
D,model 20 C,42.7333,34.4594,,,,
D,model 20 C,42.75,35.2258,,,,
D,model 20 C,42.7667,35.6955,,,,
D,model 20 C,42.7833,36.0952,,,,
D,model 20 C,42.8,36.5587,,,,
D,model 20 C,42.8167,36.9254,,,,
D,model 20 C,42.8333,37.2214,,,,
D,model 20 C,42.85,37.1269,,,,
D,model 20 C,42.8667,37.1146,,,,
D,model 20 C,42.8833,36.774,,,,
D,model 20 C,42.9,36.2128,,,,
D,model 20 C,42.9167,35.7178,,,,
D,model 20 C,42.9333,34.9629,,,,
D,model 20 C,42.95,34.0361,,,,
D,model 20 C,42.9667,33.121,,,,
D,model 20 C,42.9833,32.1605,,,,
D,model 20 C,43,31.0244,,,,
D,model 20 C,43.0167,29.8304,,,,
D,model 20 C,43.0333,28.6716,,,,
D,model 20 C,43.05,27.6391,,,,
D,model 20 C,43.0667,26.4401,,,,
D,model 20 C,43.0833,25.4718,,,,
D,model 20 C,43.1,24.2921,,,,
D,model 20 C,43.1167,23.2526,,,,
D,model 20 C,43.1333,22.0846,,,,
D,model 20 C,43.15,21.0566,,,,
D,model 20 C,43.1667,20.0804,,,,
D,model 20 C,43.1833,18.8874,,,,
D,model 20 C,43.2,17.7606,,,,
D,model 20 C,43.2167,16.7936,,,,
D,model 20 C,43.2333,15.7744,,,,
D,model 20 C,43.25,14.3799,,,,
D,model 20 C,43.2667,13.2724,,,,
D,model 20 C,43.2833,12.3471,,,,
D,model 20 C,43.3,11.5168,,,,
D,model 20 C,43.3167,10.6504,,,,
D,model 20 C,43.3333,9.60735,,,,
D,model 20 C,43.35,8.7926,,,,
D,model 20 C,43.3667,8.35635,,,,
D,model 20 C,43.3833,7.81075,,,,
D,model 20 C,43.4,7.37485,,,,
D,model 20 C,43.4167,7.0145,,,,
D,model 20 C,43.4333,6.49055,,,,
D,model 20 C,43.45,6.2072,,,,
D,model 20 C,43.4667,6.07665,,,,
D,model 20 C,43.4833,5.97195,,,,
D,model 20 C,43.5,5.9302,,,,
D,model 20 C,43.5167,5.9313,,,,
D,model 20 C,43.5333,6.0745,,,,
D,model 20 C,43.55,6.3348,,,,
D,model 20 C,43.5667,6.8037,,,,
D,model 20 C,43.5833,7.07785,,,,
D,model 20 C,43.6,7.2977,,,,
D,model 20 C,43.6167,7.96655,,,,
D,model 20 C,43.6333,8.4646,,,,
D,model 20 C,43.65,9.215,,,,
D,model 20 C,43.6667,9.84605,,,,
D,model 20 C,43.6833,10.9183,,,,
D,model 20 C,43.7,11.9499,,,,
D,model 20 C,43.7167,12.9173,,,,
D,model 20 C,43.7333,14.0191,,,,
D,model 20 C,43.75,15.0457,,,,
D,model 20 C,43.7667,16.0755,,,,
D,model 20 C,43.7833,17.2218,,,,
D,model 20 C,43.8,18.3253,,,,
D,model 20 C,43.8167,19.5394,,,,
D,model 20 C,43.8333,20.7379,,,,
D,model 20 C,43.85,21.8669,,,,
D,model 20 C,43.8667,23.0524,,,,
D,model 20 C,43.8833,24.0429,,,,
D,model 20 C,43.9,24.9263,,,,
D,model 20 C,43.9167,25.9795,,,,
D,model 20 C,43.9333,27.0815,,,,
D,model 20 C,43.95,28.1727,,,,
D,model 20 C,43.9667,29.4569,,,,
D,model 20 C,43.9833,30.5873,,,,
D,model 20 C,44,31.6837,,,,
D,model 20 C,44.0167,32.6953,,,,
D,model 20 C,44.0333,33.6857,,,,
D,model 20 C,44.05,34.9106,,,,
D,model 20 C,44.0667,35.9708,,,,
D,model 20 C,44.0833,37.2184,,,,
D,model 20 C,44.1,38.1472,,,,
D,model 20 C,44.1167,39.1029,,,,
D,model 20 C,44.1333,40.432,,,,
D,model 20 C,44.15,41.556,,,,
D,model 20 C,44.1667,42.6344,,,,
D,model 20 C,44.1833,43.5855,,,,
D,model 20 C,44.2,44.5668,,,,
D,model 20 C,44.2167,45.7099,,,,
D,model 20 C,44.2333,46.681,,,,
D,model 20 C,44.25,47.4937,,,,
D,model 20 C,44.2667,48.1424,,,,
D,model 20 C,44.2833,48.9453,,,,
D,model 20 C,44.3,49.4979,,,,
D,model 20 C,44.3167,49.641,,,,
D,model 20 C,44.3333,49.9471,,,,
D,model 20 C,44.35,49.9057,,,,
D,model 20 C,44.3667,49.8641,,,,
D,model 20 C,44.3833,49.8492,,,,
D,model 20 C,44.4,49.7454,,,,
D,model 20 C,44.4167,49.5014,,,,
D,model 20 C,44.4333,49.3178,,,,
D,model 20 C,44.45,49.1814,,,,
D,model 20 C,44.4667,49.0179,,,,
D,model 20 C,44.4833,48.8815,,,,
D,model 20 C,44.5,49.0376,,,,
D,model 20 C,44.5167,48.9607,,,,
D,model 20 C,44.5333,48.9841,,,,
D,model 20 C,44.55,48.9955,,,,
D,model 20 C,44.5667,49.1211,,,,
D,model 20 C,44.5833,49.1716,,,,
D,model 20 C,44.6,49.3701,,,,
D,model 20 C,44.6167,49.4063,,,,
D,model 20 C,44.6333,49.7803,,,,
D,model 20 C,44.65,50.0189,,,,
D,model 20 C,44.6667,50.3217,,,,
D,model 20 C,44.6833,50.4264,,,,
D,model 20 C,44.7,50.7372,,,,
D,model 20 C,44.7167,50.7931,,,,
D,model 20 C,44.7333,50.5834,,,,
D,model 20 C,44.75,50.3296,,,,
D,model 20 C,44.7667,49.8555,,,,
D,model 20 C,44.7833,49.3383,,,,
D,model 20 C,44.8,48.638,,,,
D,model 20 C,44.8167,48.0531,,,,
D,model 20 C,44.8333,47.5697,,,,
D,model 20 C,44.85,47.0552,,,,
D,model 20 C,44.8667,46.6189,,,,
D,model 20 C,44.8833,46.3494,,,,
D,model 20 C,44.9,46.1142,,,,
D,model 20 C,44.9167,45.7751,,,,
D,model 20 C,44.9333,45.6102,,,,
D,model 20 C,44.95,45.6046,,,,
D,model 20 C,44.9667,45.7249,,,,
D,model 20 C,44.9833,45.8905,,,,
D,model 20 C,45,46.2173,,,,
D,model 20 C,45.0167,46.6307,,,,
D,model 20 C,45.0333,47.3855,,,,
D,model 20 C,45.05,48.3098,,,,
D,model 20 C,45.0667,49.3122,,,,
D,model 20 C,45.0833,50.3418,,,,
D,model 20 C,45.1,51.4333,,,,
D,model 20 C,45.1167,52.6438,,,,
D,model 20 C,45.1333,53.7613,,,,
D,model 20 C,45.15,54.7415,,,,
D,model 20 C,45.1667,56.0485,,,,
D,model 20 C,45.1833,57.289,,,,
D,model 20 C,45.2,58.54,,,,
D,model 20 C,45.2167,59.6178,,,,
D,model 20 C,45.2333,60.8261,,,,
D,model 20 C,45.25,62.1684,,,,
D,model 20 C,45.2667,63.2562,,,,
D,model 20 C,45.2833,64.3706,,,,
D,model 20 C,45.3,65.6983,,,,
D,model 20 C,45.3167,66.815,,,,
D,model 20 C,45.3333,67.8538,,,,
D,model 20 C,45.35,69.1265,,,,
D,model 20 C,45.3667,70.2193,,,,
D,model 20 C,45.3833,71.4293,,,,
D,model 20 C,45.4,72.7442,,,,
D,model 20 C,45.4167,73.6523,,,,
D,model 20 C,45.4333,74.4156,,,,
D,model 20 C,45.45,75.3103,,,,
D,model 20 C,45.4667,76.0157,,,,
D,model 20 C,45.4833,76.5654,,,,
D,model 20 C,45.5,76.9416,,,,
D,model 20 C,45.5167,77.2542,,,,
D,model 20 C,45.5333,77.4003,,,,
D,model 20 C,45.55,77.628,,,,
D,model 20 C,45.5667,77.3994,,,,
D,model 20 C,45.5833,76.9497,,,,
D,model 20 C,45.6,76.6024,,,,
D,model 20 C,45.6167,75.8324,,,,
D,model 20 C,45.6333,74.9467,,,,
D,model 20 C,45.65,74.0748,,,,
D,model 20 C,45.6667,73.0711,,,,
D,model 20 C,45.6833,71.9042,,,,
D,model 20 C,45.7,70.6281,,,,
D,model 20 C,45.7167,69.6402,,,,
D,model 20 C,45.7333,68.6107,,,,
D,model 20 C,45.75,67.867,,,,
D,model 20 C,45.7667,67.0928,,,,
D,model 20 C,45.7833,66.9237,,,,
D,model 20 C,45.8,66.6405,,,,
D,model 20 C,45.8167,66.4989,,,,
D,model 20 C,45.8333,66.5879,,,,
D,model 20 C,45.85,66.6663,,,,
D,model 20 C,45.8667,66.816,,,,
D,model 20 C,45.8833,67.1837,,,,
D,model 20 C,45.9,67.6577,,,,
D,model 20 C,45.9167,68.3796,,,,
D,model 20 C,45.9333,69.2446,,,,
D,model 20 C,45.95,70.1283,,,,
D,model 20 C,45.9667,70.9402,,,,
D,model 20 C,45.9833,72.047,,,,
D,model 20 C,46,73.1875,,,,
D,model 20 C,46.0167,74.2586,,,,
D,model 20 C,46.0333,75.2803,,,,
D,model 20 C,46.05,76.5678,,,,
D,model 20 C,46.0667,77.7152,,,,
D,model 20 C,46.0833,78.9835,,,,
D,model 20 C,46.1,80.047,,,,
D,model 20 C,46.1167,81.2838,,,,
D,model 20 C,46.1333,82.283,,,,
D,model 20 C,46.15,83.3257,,,,
D,model 20 C,46.1667,84.4636,,,,
D,model 20 C,46.1833,85.4741,,,,
D,model 20 C,46.2,86.6702,,,,
D,model 20 C,46.2167,87.5705,,,,
D,model 20 C,46.2333,88.4441,,,,
D,model 20 C,46.25,89.0275,,,,
D,model 20 C,46.2667,89.3127,,,,
D,model 20 C,46.2833,89.7748,,,,
D,model 20 C,46.3,90.073,,,,
D,model 20 C,46.3167,90.4654,,,,
D,model 20 C,46.3333,90.9109,,,,
D,model 20 C,46.35,91.1447,,,,
D,model 20 C,46.3667,91.3838,,,,
D,model 20 C,46.3833,91.678,,,,
D,model 20 C,46.4,91.877,,,,
D,model 20 C,46.4167,91.9507,,,,
D,model 20 C,46.4333,91.9352,,,,
D,model 20 C,46.45,92.0429,,,,
D,model 20 C,46.4667,92.1626,,,,
D,model 20 C,46.4833,92.3304,,,,
D,model 20 C,46.5,92.404,,,,
D,model 20 C,46.5167,92.4439,,,,
D,model 20 C,46.5333,92.548,,,,
D,model 20 C,46.55,92.6312,,,,
D,model 20 C,46.5667,92.7688,,,,
D,model 20 C,46.5833,92.6662,,,,
D,model 20 C,46.6,92.7019,,,,
D,model 20 C,46.6167,92.448,,,,
D,model 20 C,46.6333,92.2477,,,,
D,model 20 C,46.65,92.1988,,,,
D,model 20 C,46.6667,92.0235,,,,
D,model 20 C,46.6833,91.8513,,,,
D,model 20 C,46.7,91.6879,,,,
D,model 20 C,46.7167,91.5091,,,,
D,model 20 C,46.7333,91.5048,,,,
D,model 20 C,46.75,91.4164,,,,
D,model 20 C,46.7667,91.1728,,,,
D,model 20 C,46.7833,91.069,,,,
D,model 20 C,46.8,91.1956,,,,
D,model 20 C,46.8167,91.1926,,,,
D,model 20 C,46.8333,91.1606,,,,
D,model 20 C,46.85,91.1756,,,,
D,model 20 C,46.8667,91.5046,,,,
D,model 20 C,46.8833,91.653,,,,
D,model 20 C,46.9,91.5761,,,,
D,model 20 C,46.9167,91.6351,,,,
D,model 20 C,46.9333,91.5607,,,,
D,model 20 C,46.95,91.4446,,,,
D,model 20 C,46.9667,91.1169,,,,
D,model 20 C,46.9833,90.9436,,,,
D,model 20 C,47,90.8012,,,,
D,model 20 C,47.0167,90.5743,,,,
D,model 20 C,47.0333,90.549,,,,
D,model 20 C,47.05,90.5791,,,,
D,model 20 C,47.0667,90.5905,,,,
D,model 20 C,47.0833,90.647,,,,
D,model 20 C,47.1,90.8923,,,,
D,model 20 C,47.1167,91.1641,,,,
D,model 20 C,47.1333,91.0995,,,,
D,model 20 C,47.15,91.2031,,,,
D,model 20 C,47.1667,91.1834,,,,
D,model 20 C,47.1833,91.0946,,,,
D,model 20 C,47.2,91.0525,,,,
D,model 20 C,47.2167,91.1764,,,,
D,model 20 C,47.2333,91.2116,,,,
D,model 20 C,47.25,91.0459,,,,
D,model 20 C,47.2667,90.8974,,,,
D,model 20 C,47.2833,90.3319,,,,
D,model 20 C,47.3,89.6944,,,,
D,model 20 C,47.3167,89.1719,,,,
D,model 20 C,47.3333,88.6599,,,,
D,model 20 C,47.35,87.9797,,,,
D,model 20 C,47.3667,87.1594,,,,
D,model 20 C,47.3833,86.2677,,,,
D,model 20 C,47.4,85.1818,,,,
D,model 20 C,47.4167,84.3537,,,,
D,model 20 C,47.4333,83.4742,,,,
D,model 20 C,47.45,82.2364,,,,
D,model 20 C,47.4667,81.0839,,,,
D,model 20 C,47.4833,79.8114,,,,
D,model 20 C,47.5,78.6432,,,,
D,model 20 C,47.5167,77.6505,,,,
D,model 20 C,47.5333,76.5206,,,,
D,model 20 C,47.55,75.4356,,,,
D,model 20 C,47.5667,74.3667,,,,
D,model 20 C,47.5833,73.7065,,,,
D,model 20 C,47.6,72.8765,,,,
D,model 20 C,47.6167,72.0877,,,,
D,model 20 C,47.6333,71.6145,,,,
D,model 20 C,47.65,71.3075,,,,
D,model 20 C,47.6667,71.07,,,,
D,model 20 C,47.6833,70.8507,,,,
D,model 20 C,47.7,70.8602,,,,
D,model 20 C,47.7167,71.0143,,,,
D,model 20 C,47.7333,71.3229,,,,
D,model 20 C,47.75,71.8293,,,,
D,model 20 C,47.7667,72.3765,,,,
D,model 20 C,47.7833,73.3175,,,,
D,model 20 C,47.8,74.1911,,,,
D,model 20 C,47.8167,75.2298,,,,
D,model 20 C,47.8333,76.4639,,,,
D,model 20 C,47.85,77.5263,,,,
D,model 20 C,47.8667,78.4479,,,,
D,model 20 C,47.8833,79.394,,,,
D,model 20 C,47.9,80.5939,,,,
D,model 20 C,47.9167,81.5119,,,,
D,model 20 C,47.9333,82.5417,,,,
D,model 20 C,47.95,83.5521,,,,
D,model 20 C,47.9667,84.5555,,,,
D,model 20 C,47.9833,85.5774,,,,
D,model 20 C,48,86.5272,,,,
D,model 20 C,48.0167,87.1569,,,,
D,model 20 C,48.0333,87.7256,,,,
D,model 20 C,48.05,88.2638,,,,
D,model 20 C,48.0667,88.657,,,,
D,model 20 C,48.0833,88.903,,,,
D,model 20 C,48.1,88.8928,,,,
D,model 20 C,48.1167,88.7678,,,,
D,model 20 C,48.1333,88.4196,,,,
D,model 20 C,48.15,88.1469,,,,
D,model 20 C,48.1667,87.6644,,,,
D,model 20 C,48.1833,86.9608,,,,
D,model 20 C,48.2,86.4764,,,,
D,model 20 C,48.2167,85.9407,,,,
D,model 20 C,48.2333,85.4446,,,,
D,model 20 C,48.25,85.0636,,,,
D,model 20 C,48.2667,84.6911,,,,
D,model 20 C,48.2833,84.5261,,,,
D,model 20 C,48.3,84.4038,,,,
D,model 20 C,48.3167,84.3986,,,,
D,model 20 C,48.3333,84.5887,,,,
D,model 20 C,48.35,85.0078,,,,
D,model 20 C,48.3667,85.5411,,,,
D,model 20 C,48.3833,86.1338,,,,
D,model 20 C,48.4,86.7943,,,,
D,model 20 C,48.4167,87.4801,,,,
D,model 20 C,48.4333,88.2387,,,,
D,model 20 C,48.45,88.9053,,,,
D,model 20 C,48.4667,89.8311,,,,
D,model 20 C,48.4833,90.5737,,,,
D,model 20 C,48.5,91.3439,,,,
D,model 20 C,48.5167,92.0181,,,,
D,model 20 C,48.5333,92.427,,,,
D,model 20 C,48.55,92.8978,,,,
D,model 20 C,48.5667,93.0038,,,,
D,model 20 C,48.5833,93.2083,,,,
D,model 20 C,48.6,93.3036,,,,
D,model 20 C,48.6167,93.2947,,,,
D,model 20 C,48.6333,93.3511,,,,
D,model 20 C,48.65,93.0885,,,,
D,model 20 C,48.6667,92.609,,,,
D,model 20 C,48.6833,92.3894,,,,
D,model 20 C,48.7,91.7911,,,,
D,model 20 C,48.7167,91.1779,,,,
D,model 20 C,48.7333,90.5611,,,,
D,model 20 C,48.75,90.0189,,,,
D,model 20 C,48.7667,89.6408,,,,
D,model 20 C,48.7833,89.2284,,,,
D,model 20 C,48.8,89.0635,,,,
D,model 20 C,48.8167,88.8611,,,,
D,model 20 C,48.8333,88.4531,,,,
D,model 20 C,48.85,88.5643,,,,
D,model 20 C,48.8667,88.6724,,,,
D,model 20 C,48.8833,88.957,,,,
D,model 20 C,48.9,89.2547,,,,
D,model 20 C,48.9167,89.6409,,,,
D,model 20 C,48.9333,89.9835,,,,
D,model 20 C,48.95,90.1753,,,,
D,model 20 C,48.9667,90.549,,,,
D,model 20 C,48.9833,90.8797,,,,
D,model 20 C,49,91.1965,,,,
D,model 20 C,49.0167,91.4323,,,,
D,model 20 C,49.0333,91.427,,,,
D,model 20 C,49.05,91.6082,,,,
D,model 20 C,49.0667,91.6834,,,,
D,model 20 C,49.0833,91.8419,,,,
D,model 20 C,49.1,91.9344,,,,
D,model 20 C,49.1167,92.2227,,,,
D,model 20 C,49.1333,92.4172,,,,
D,model 20 C,49.15,92.4989,,,,
D,model 20 C,49.1667,92.4414,,,,
D,model 20 C,49.1833,92.5653,,,,
D,model 20 C,49.2,92.4103,,,,
D,model 20 C,49.2167,92.4899,,,,
D,model 20 C,49.2333,92.2802,,,,
D,model 20 C,49.25,92.4167,,,,
D,model 20 C,49.2667,92.5092,,,,
D,model 20 C,49.2833,92.5383,,,,
D,model 20 C,49.3,92.5202,,,,
D,model 20 C,49.3167,92.6407,,,,
D,model 20 C,49.3333,92.8956,,,,
D,model 20 C,49.35,92.923,,,,
D,model 20 C,49.3667,92.9885,,,,
D,model 20 C,49.3833,92.8595,,,,
D,model 20 C,49.4,92.9885,,,,
D,model 20 C,49.4167,92.9466,,,,
D,model 20 C,49.4333,92.8371,,,,
D,model 20 C,49.45,92.6798,,,,
D,model 20 C,49.4667,92.676,,,,
D,model 20 C,49.4833,92.9032,,,,
D,model 20 C,49.5,92.8914,,,,
D,model 20 C,49.5167,92.7948,,,,
D,model 20 C,49.5333,92.8764,,,,
D,model 20 C,49.55,92.6751,,,,
D,model 20 C,49.5667,92.3908,,,,
D,model 20 C,49.5833,92.3418,,,,
D,model 20 C,49.6,92.3202,,,,
D,model 20 C,49.6167,92.1773,,,,
D,model 20 C,49.6333,92.0806,,,,
D,model 20 C,49.65,92.2352,,,,
D,model 20 C,49.6667,92.1349,,,,
D,model 20 C,49.6833,92.326,,,,
D,model 20 C,49.7,92.3584,,,,
D,model 20 C,49.7167,92.4017,,,,
D,model 20 C,49.7333,92.3328,,,,
D,model 20 C,49.75,92.2232,,,,
D,model 20 C,49.7667,92.115,,,,
D,model 20 C,49.7833,92.1677,,,,
D,model 20 C,49.8,92.1256,,,,
D,model 20 C,49.8167,92.1818,,,,
D,model 20 C,49.8333,92.0965,,,,
D,model 20 C,49.85,91.93,,,,
D,model 20 C,49.8667,91.7468,,,,
D,model 20 C,49.8833,91.7486,,,,
D,model 20 C,49.9,91.766,,,,
D,model 20 C,49.9167,91.7456,,,,
D,model 20 C,49.9333,91.8,,,,
D,model 20 C,49.95,92.0402,,,,
D,model 20 C,49.9667,92.1613,,,,
D,model 20 C,49.9833,92.3122,,,,
D,model 20 C,50,92.3049,,,,
D,model 20 C,50.0167,92.341,,,,
D,model 20 C,50.0333,92.309,,,,
D,model 20 C,50.05,92.2866,,,,
D,model 20 C,50.0667,92.3101,,,,
D,model 20 C,50.0833,92.1791,,,,
D,model 20 C,50.1,92.1132,,,,
D,model 20 C,50.1167,91.9739,,,,
D,model 20 C,50.1333,91.8111,,,,
D,model 20 C,50.15,91.6473,,,,
D,model 20 C,50.1667,91.2369,,,,
D,model 20 C,50.1833,90.9816,,,,
D,model 20 C,50.2,91.0708,,,,
D,model 20 C,50.2167,91.0315,,,,
D,model 20 C,50.2333,90.8388,,,,
D,model 20 C,50.25,90.6381,,,,
D,model 20 C,50.2667,90.3539,,,,
D,model 20 C,50.2833,90.028,,,,
D,model 20 C,50.3,89.989,,,,
D,model 20 C,50.3167,89.6641,,,,
D,model 20 C,50.3333,89.2329,,,,
D,model 20 C,50.35,88.6001,,,,
D,model 20 C,50.3667,87.8775,,,,
D,model 20 C,50.3833,87.1359,,,,
D,model 20 C,50.4,86.1269,,,,
D,model 20 C,50.4167,85.059,,,,
D,model 20 C,50.4333,84.1419,,,,
D,model 20 C,50.45,83.1172,,,,
D,model 20 C,50.4667,82.053,,,,
D,model 20 C,50.4833,80.9408,,,,
D,model 20 C,50.5,79.7135,,,,
D,model 20 C,50.5167,78.6399,,,,
D,model 20 C,50.5333,77.4018,,,,
D,model 20 C,50.55,76.0375,,,,
D,model 20 C,50.5667,75.313,,,,
D,model 20 C,50.5833,74.1288,,,,
D,model 20 C,50.6,73.0006,,,,
D,model 20 C,50.6167,71.9864,,,,
D,model 20 C,50.6333,70.8689,,,,
D,model 20 C,50.65,69.6936,,,,
D,model 20 C,50.6667,68.6657,,,,
D,model 20 C,50.6833,67.4978,,,,
D,model 20 C,50.7,66.2786,,,,
D,model 20 C,50.7167,65.0894,,,,
D,model 20 C,50.7333,63.9143,,,,
D,model 20 C,50.75,62.9271,,,,
D,model 20 C,50.7667,61.7653,,,,
D,model 20 C,50.7833,60.8361,,,,
D,model 20 C,50.8,60.1932,,,,
D,model 20 C,50.8167,59.6317,,,,
D,model 20 C,50.8333,59.3349,,,,
D,model 20 C,50.85,59.0278,,,,
D,model 20 C,50.8667,58.8773,,,,
D,model 20 C,50.8833,58.7528,,,,
D,model 20 C,50.9,58.804,,,,
D,model 20 C,50.9167,59.023,,,,
D,model 20 C,50.9333,59.4718,,,,
D,model 20 C,50.95,60.1451,,,,
D,model 20 C,50.9667,60.8281,,,,
D,model 20 C,50.9833,61.6758,,,,
D,model 20 C,51,62.7884,,,,
D,model 20 C,51.0167,63.9774,,,,
D,model 20 C,51.0333,65.0922,,,,
D,model 20 C,51.05,66.3667,,,,
D,model 20 C,51.0667,67.7859,,,,
D,model 20 C,51.0833,69.141,,,,
D,model 20 C,51.1,70.3988,,,,
D,model 20 C,51.1167,71.5677,,,,
D,model 20 C,51.1333,72.7164,,,,
D,model 20 C,51.15,73.9852,,,,
D,model 20 C,51.1667,75.0684,,,,
D,model 20 C,51.1833,76.0191,,,,
D,model 20 C,51.2,77.0819,,,,
D,model 20 C,51.2167,78.2511,,,,
D,model 20 C,51.2333,79.3191,,,,
D,model 20 C,51.25,80.3286,,,,
D,model 20 C,51.2667,81.5195,,,,
D,model 20 C,51.2833,82.5941,,,,
D,model 20 C,51.3,83.7244,,,,
D,model 20 C,51.3167,84.9112,,,,
D,model 20 C,51.3333,85.7276,,,,
D,model 20 C,51.35,86.6297,,,,
D,model 20 C,51.3667,87.3423,,,,
D,model 20 C,51.3833,88.01,,,,
D,model 20 C,51.4,88.5589,,,,
D,model 20 C,51.4167,89.074,,,,
D,model 20 C,51.4333,89.1831,,,,
D,model 20 C,51.45,89.1265,,,,
D,model 20 C,51.4667,89.1137,,,,
D,model 20 C,51.4833,88.7937,,,,
D,model 20 C,51.5,88.6453,,,,
D,model 20 C,51.5167,88.1288,,,,
D,model 20 C,51.5333,87.3655,,,,
D,model 20 C,51.55,86.7409,,,,
D,model 20 C,51.5667,86.0852,,,,
D,model 20 C,51.5833,85.0809,,,,
D,model 20 C,51.6,84.0928,,,,
D,model 20 C,51.6167,83.0981,,,,
D,model 20 C,51.6333,82.0576,,,,
D,model 20 C,51.65,80.945,,,,
D,model 20 C,51.6667,79.834,,,,
D,model 20 C,51.6833,78.8454,,,,
D,model 20 C,51.7,77.6314,,,,
D,model 20 C,51.7167,76.5019,,,,
D,model 20 C,51.7333,75.3914,,,,
D,model 20 C,51.75,74.1094,,,,
D,model 20 C,51.7667,72.9274,,,,
D,model 20 C,51.7833,71.7606,,,,
D,model 20 C,51.8,70.3975,,,,
D,model 20 C,51.8167,69.169,,,,
D,model 20 C,51.8333,68.0737,,,,
D,model 20 C,51.85,67.0391,,,,
D,model 20 C,51.8667,66.1094,,,,
D,model 20 C,51.8833,64.9819,,,,
D,model 20 C,51.9,63.9555,,,,
D,model 20 C,51.9167,63.0686,,,,
D,model 20 C,51.9333,62.6147,,,,
D,model 20 C,51.95,62.1649,,,,
D,model 20 C,51.9667,61.9543,,,,
D,model 20 C,51.9833,61.8224,,,,
D,model 20 C,52,61.8096,,,,
D,model 20 C,52.0167,61.7722,,,,
D,model 20 C,52.0333,61.9507,,,,
D,model 20 C,52.05,62.3209,,,,
D,model 20 C,52.0667,63.0859,,,,
D,model 20 C,52.0833,63.6311,,,,
D,model 20 C,52.1,64.6155,,,,
D,model 20 C,52.1167,65.6589,,,,
D,model 20 C,52.1333,66.801,,,,
D,model 20 C,52.15,67.8149,,,,
D,model 20 C,52.1667,68.8922,,,,
D,model 20 C,52.1833,70.0023,,,,
D,model 20 C,52.2,71.1063,,,,
D,model 20 C,52.2167,72.2814,,,,
D,model 20 C,52.2333,73.2641,,,,
D,model 20 C,52.25,74.412,,,,
D,model 20 C,52.2667,75.5954,,,,
D,model 20 C,52.2833,76.8478,,,,
D,model 20 C,52.3,78.2472,,,,
D,model 20 C,52.3167,79.5737,,,,
D,model 20 C,52.3333,80.7703,,,,
D,model 20 C,52.35,81.6839,,,,
D,model 20 C,52.3667,82.7741,,,,
D,model 20 C,52.3833,83.9157,,,,
D,model 20 C,52.4,84.8096,,,,
D,model 20 C,52.4167,85.8798,,,,
D,model 20 C,52.4333,86.8183,,,,
D,model 20 C,52.45,87.7047,,,,
D,model 20 C,52.4667,88.3542,,,,
D,model 20 C,52.4833,88.8794,,,,
D,model 20 C,52.5,89.4959,,,,
D,model 20 C,52.5167,90.0101,,,,
D,model 20 C,52.5333,90.4544,,,,
D,model 20 C,52.55,90.5651,,,,
D,model 20 C,52.5667,90.8454,,,,
D,model 20 C,52.5833,91.1181,,,,
D,model 20 C,52.6,91.3511,,,,
D,model 20 C,52.6167,91.3876,,,,
D,model 20 C,52.6333,91.3838,,,,
D,model 20 C,52.65,91.5817,,,,
D,model 20 C,52.6667,91.5787,,,,
D,model 20 C,52.6833,91.6053,,,,
D,model 20 C,52.7,91.597,,,,
D,model 20 C,52.7167,91.7044,,,,
D,model 20 C,52.7333,91.7916,,,,
D,model 20 C,52.75,91.7506,,,,
D,model 20 C,52.7667,91.8316,,,,
D,model 20 C,52.7833,91.8371,,,,
D,model 20 C,52.8,91.9604,,,,
D,model 20 C,52.8167,91.993,,,,
D,model 20 C,52.8333,91.9511,,,,
D,model 20 C,52.85,92.1286,,,,
D,model 20 C,52.8667,92.1446,,,,
D,model 20 C,52.8833,92.3668,,,,
D,model 20 C,52.9,92.4839,,,,
D,model 20 C,52.9167,92.5784,,,,
D,model 20 C,52.9333,92.3828,,,,
D,model 20 C,52.95,92.1732,,,,
D,model 20 C,52.9667,91.9601,,,,
D,model 20 C,52.9833,91.8418,,,,
D,model 20 C,53,91.7598,,,,
D,model 20 C,53.0167,91.8753,,,,
D,model 20 C,53.0333,92.0523,,,,
D,model 20 C,53.05,92.1193,,,,
D,model 20 C,53.0667,92.2681,,,,
D,model 20 C,53.0833,92.3208,,,,
D,model 20 C,53.1,92.3445,,,,
D,model 20 C,53.1167,92.2973,,,,
D,model 20 C,53.1333,92.2171,,,,
D,model 20 C,53.15,92.2368,,,,
D,model 20 C,53.1667,92.2321,,,,
D,model 20 C,53.1833,92.1611,,,,
D,model 20 C,53.2,92.2584,,,,
D,model 20 C,53.2167,92.3604,,,,
D,model 20 C,53.2333,92.4454,,,,
D,model 20 C,53.25,92.5988,,,,
D,model 20 C,53.2667,92.7868,,,,
D,model 20 C,53.2833,92.7175,,,,
D,model 20 C,53.3,92.7228,,,,
D,model 20 C,53.3167,92.5241,,,,
D,model 20 C,53.3333,92.4121,,,,
D,model 20 C,53.35,92.3958,,,,
D,model 20 C,53.3667,92.268,,,,
D,model 20 C,53.3833,92.2146,,,,
D,model 20 C,53.4,92.2983,,,,
D,model 20 C,53.4167,92.2796,,,,
D,model 20 C,53.4333,92.0179,,,,
D,model 20 C,53.45,91.886,,,,
D,model 20 C,53.4667,91.9317,,,,
D,model 20 C,53.4833,91.9387,,,,
D,model 20 C,53.5,92.012,,,,
D,model 20 C,53.5167,92.3261,,,,
D,model 20 C,53.5333,92.6661,,,,
D,model 20 C,53.55,92.905,,,,
D,model 20 C,53.5667,92.9583,,,,
D,model 20 C,53.5833,93.1784,,,,
D,model 20 C,53.6,93.0964,,,,
D,model 20 C,53.6167,93.0951,,,,
D,model 20 C,53.6333,93.0719,,,,
D,model 20 C,53.65,93.0259,,,,
D,model 20 C,53.6667,92.9948,,,,
D,model 20 C,53.6833,93.0647,,,,
D,model 20 C,53.7,93.2772,,,,
D,model 20 C,53.7167,93.1462,,,,
D,model 20 C,53.7333,93.1124,,,,
D,model 20 C,53.75,93.0561,,,,
D,model 20 C,53.7667,92.9956,,,,
D,model 20 C,53.7833,92.974,,,,
D,model 20 C,53.8,92.894,,,,
D,model 20 C,53.8167,93.0031,,,,
D,model 20 C,53.8333,92.8364,,,,
D,model 20 C,53.85,92.5483,,,,
D,model 20 C,53.8667,92.462,,,,
D,model 20 C,53.8833,92.5949,,,,
D,model 20 C,53.9,92.7027,,,,
D,model 20 C,53.9167,92.7319,,,,
D,model 20 C,53.9333,92.7557,,,,
D,model 20 C,53.95,92.8987,,,,
D,model 20 C,53.9667,93.1911,,,,
D,model 20 C,53.9833,93.3711,,,,
D,model 20 C,54,93.6762,,,,
D,model 20 C,54.0167,93.6488,,,,
D,model 20 C,54.0333,93.5821,,,,
D,model 20 C,54.05,93.5126,,,,
D,model 20 C,54.0667,93.5315,,,,
D,model 20 C,54.0833,93.432,,,,
D,model 20 C,54.1,93.5369,,,,
D,model 20 C,54.1167,93.7596,,,,
D,model 20 C,54.1333,93.8884,,,,
D,model 20 C,54.15,93.9314,,,,
D,model 20 C,54.1667,93.7173,,,,
D,model 20 C,54.1833,93.7136,,,,
D,model 20 C,54.2,93.5681,,,,
D,model 20 C,54.2167,93.5815,,,,
D,model 20 C,54.2333,93.7441,,,,
D,model 20 C,54.25,93.8936,,,,
D,model 20 C,54.2667,93.909,,,,
D,model 20 C,54.2833,93.9584,,,,
D,model 20 C,54.3,93.7446,,,,
D,model 20 C,54.3167,93.7685,,,,
D,model 20 C,54.3333,93.6285,,,,
D,model 20 C,54.35,93.5105,,,,
D,model 20 C,54.3667,93.2939,,,,
D,model 20 C,54.3833,93.0629,,,,
D,model 20 C,54.4,92.7879,,,,
D,model 20 C,54.4167,92.6809,,,,
D,model 20 C,54.4333,92.4888,,,,
D,model 20 C,54.45,92.4168,,,,
D,model 20 C,54.4667,92.2121,,,,
D,model 20 C,54.4833,91.9252,,,,
D,model 20 C,54.5,91.7887,,,,
D,model 20 C,54.5167,91.3514,,,,
D,model 20 C,54.5333,90.9614,,,,
D,model 20 C,54.55,90.9301,,,,
D,model 20 C,54.5667,90.7226,,,,
D,model 20 C,54.5833,90.8858,,,,
D,model 20 C,54.6,91.0038,,,,
D,model 20 C,54.6167,90.9329,,,,
D,model 20 C,54.6333,90.8837,,,,
D,model 20 C,54.65,90.9611,,,,
D,model 20 C,54.6667,90.9317,,,,
D,model 20 C,54.6833,90.8377,,,,
D,model 20 C,54.7,90.9261,,,,
D,model 20 C,54.7167,90.9702,,,,
D,model 20 C,54.7333,91.0006,,,,
D,model 20 C,54.75,91.1154,,,,
D,model 20 C,54.7667,91.0442,,,,
D,model 20 C,54.7833,91.2032,,,,
D,model 20 C,54.8,91.0923,,,,
D,model 20 C,54.8167,91.1518,,,,
D,model 20 C,54.8333,91.1839,,,,
D,model 20 C,54.85,91.1781,,,,
D,model 20 C,54.8667,91.3209,,,,
D,model 20 C,54.8833,91.3945,,,,
D,model 20 C,54.9,91.2482,,,,
D,model 20 C,54.9167,91.2714,,,,
D,model 20 C,54.9333,91.4139,,,,
D,model 20 C,54.95,91.5861,,,,
D,model 20 C,54.9667,91.8423,,,,
D,model 20 C,54.9833,92.116,,,,
D,model 20 C,55,92.2182,,,,
D,model 20 C,55.0167,92.3916,,,,
D,model 20 C,55.0333,92.5652,,,,
D,model 20 C,55.05,92.6727,,,,
D,model 20 C,55.0667,92.8456,,,,
D,model 20 C,55.0833,92.7121,,,,
D,model 20 C,55.1,92.5216,,,,
D,model 20 C,55.1167,92.3304,,,,
D,model 20 C,55.1333,92.3769,,,,
D,model 20 C,55.15,92.4754,,,,
D,model 20 C,55.1667,92.669,,,,
D,model 20 C,55.1833,92.8075,,,,
D,model 20 C,55.2,92.8636,,,,
D,model 20 C,55.2167,92.7437,,,,
D,model 20 C,55.2333,92.6119,,,,
D,model 20 C,55.25,92.2847,,,,
D,model 20 C,55.2667,92.0087,,,,
D,model 20 C,55.2833,91.8084,,,,
D,model 20 C,55.3,91.5152,,,,
D,model 20 C,55.3167,91.4306,,,,
D,model 20 C,55.3333,91.369,,,,
D,model 20 C,55.35,91.403,,,,
D,model 20 C,55.3667,91.4046,,,,
D,model 20 C,55.3833,91.2271,,,,
D,model 20 C,55.4,91.2508,,,,
D,model 20 C,55.4167,91.1154,,,,
D,model 20 C,55.4333,90.8378,,,,
D,model 20 C,55.45,90.647,,,,
D,model 20 C,55.4667,90.5252,,,,
D,model 20 C,55.4833,90.4853,,,,
D,model 20 C,55.5,90.6694,,,,
D,model 20 C,55.5167,90.7637,,,,
D,model 20 C,55.5333,90.9471,,,,
D,model 20 C,55.55,90.8772,,,,
D,model 20 C,55.5667,90.5391,,,,
D,model 20 C,55.5833,90.2165,,,,
D,model 20 C,55.6,89.8558,,,,
D,model 20 C,55.6167,89.656,,,,
D,model 20 C,55.6333,89.1723,,,,
D,model 20 C,55.65,88.6138,,,,
D,model 20 C,55.6667,87.9001,,,,
D,model 20 C,55.6833,87.34,,,,
D,model 20 C,55.7,86.5597,,,,
D,model 20 C,55.7167,85.8832,,,,
D,model 20 C,55.7333,85.0105,,,,
D,model 20 C,55.75,84.096,,,,
D,model 20 C,55.7667,83.1213,,,,
D,model 20 C,55.7833,81.7341,,,,
D,model 20 C,55.8,80.7347,,,,
D,model 20 C,55.8167,79.5401,,,,
D,model 20 C,55.8333,78.6247,,,,
D,model 20 C,55.85,77.5125,,,,
D,model 20 C,55.8667,76.2889,,,,
D,model 20 C,55.8833,75.1891,,,,
D,model 20 C,55.9,74.1304,,,,
D,model 20 C,55.9167,72.9379,,,,
D,model 20 C,55.9333,71.8186,,,,
D,model 20 C,55.95,70.8846,,,,
D,model 20 C,55.9667,69.8055,,,,
D,model 20 C,55.9833,68.6653,,,,
D,model 20 C,56,67.4305,,,,
D,model 20 C,56.0167,66.3085,,,,
D,model 20 C,56.0333,65.2442,,,,
D,model 20 C,56.05,64.039,,,,
D,model 20 C,56.0667,62.8543,,,,
D,model 20 C,56.0833,61.7442,,,,
D,model 20 C,56.1,60.6497,,,,
D,model 20 C,56.1167,59.5707,,,,
D,model 20 C,56.1333,58.4216,,,,
D,model 20 C,56.15,57.1821,,,,
D,model 20 C,56.1667,56.0513,,,,
D,model 20 C,56.1833,54.9971,,,,
D,model 20 C,56.2,53.9359,,,,
D,model 20 C,56.2167,52.7458,,,,
D,model 20 C,56.2333,51.4931,,,,
D,model 20 C,56.25,50.1819,,,,
D,model 20 C,56.2667,48.887,,,,
D,model 20 C,56.2833,47.6979,,,,
D,model 20 C,56.3,46.8178,,,,
D,model 20 C,56.3167,45.5144,,,,
D,model 20 C,56.3333,44.4556,,,,
D,model 20 C,56.35,43.4201,,,,
D,model 20 C,56.3667,42.3883,,,,
D,model 20 C,56.3833,41.2098,,,,
D,model 20 C,56.4,40.1066,,,,
D,model 20 C,56.4167,39.0624,,,,
D,model 20 C,56.4333,37.8671,,,,
D,model 20 C,56.45,36.8481,,,,
D,model 20 C,56.4667,35.6658,,,,
D,model 20 C,56.4833,34.682,,,,
D,model 20 C,56.5,33.7193,,,,
D,model 20 C,56.5167,32.6752,,,,
D,model 20 C,56.5333,31.426,,,,
D,model 20 C,56.55,30.2801,,,,
D,model 20 C,56.5667,29.1105,,,,
D,model 20 C,56.5833,28.0387,,,,
D,model 20 C,56.6,26.8491,,,,
D,model 20 C,56.6167,26.0104,,,,
D,model 20 C,56.6333,24.8892,,,,
D,model 20 C,56.65,23.6523,,,,
D,model 20 C,56.6667,22.4259,,,,
D,model 20 C,56.6833,21.3956,,,,
D,model 20 C,56.7,20.1824,,,,
D,model 20 C,56.7167,19.1722,,,,
D,model 20 C,56.7333,17.9575,,,,
D,model 20 C,56.75,16.7706,,,,
D,model 20 C,56.7667,15.711,,,,
D,model 20 C,56.7833,14.5643,,,,
D,model 20 C,56.8,13.5682,,,,
D,model 20 C,56.8167,12.5131,,,,
D,model 20 C,56.8333,11.7212,,,,
D,model 20 C,56.85,11.0369,,,,
D,model 20 C,56.8667,10.1226,,,,
D,model 20 C,56.8833,9.55625,,,,
D,model 20 C,56.9,9.02335,,,,
D,model 20 C,56.9167,8.6317,,,,
D,model 20 C,56.9333,8.49885,,,,
D,model 20 C,56.95,8.47145,,,,
D,model 20 C,56.9667,8.74485,,,,
D,model 20 C,56.9833,9.3022,,,,
D,model 20 C,57,9.566,,,,
D,model 20 C,57.0167,10.3486,,,,
D,model 20 C,57.0333,11.1933,,,,
D,model 20 C,57.05,12.1764,,,,
D,model 20 C,57.0667,13.1269,,,,
D,model 20 C,57.0833,14.1607,,,,
D,model 20 C,57.1,15.245,,,,
D,model 20 C,57.1167,16.3018,,,,
D,model 20 C,57.1333,17.6178,,,,
D,model 20 C,57.15,18.8925,,,,
D,model 20 C,57.1667,19.8974,,,,
D,model 20 C,57.1833,21.0848,,,,
D,model 20 C,57.2,22.1646,,,,
D,model 20 C,57.2167,23.539,,,,
D,model 20 C,57.2333,24.6231,,,,
D,model 20 C,57.25,25.8148,,,,
D,model 20 C,57.2667,27.0713,,,,
D,model 20 C,57.2833,28.16,,,,
D,model 20 C,57.3,29.3497,,,,
D,model 20 C,57.3167,30.3838,,,,
D,model 20 C,57.3333,30.9835,,,,
D,model 20 C,57.35,31.9522,,,,
D,model 20 C,57.3667,32.548,,,,
D,model 20 C,57.3833,32.9928,,,,
D,model 20 C,57.4,33.4961,,,,
D,model 20 C,57.4167,33.6475,,,,
D,model 20 C,57.4333,33.6486,,,,
D,model 20 C,57.45,33.4219,,,,
D,model 20 C,57.4667,33.2191,,,,
D,model 20 C,57.4833,32.8854,,,,
D,model 20 C,57.5,32.2999,,,,
D,model 20 C,57.5167,31.8502,,,,
D,model 20 C,57.5333,31.2523,,,,
D,model 20 C,57.55,30.3492,,,,
D,model 20 C,57.5667,29.4693,,,,
D,model 20 C,57.5833,28.4406,,,,
D,model 20 C,57.6,27.3377,,,,
D,model 20 C,57.6167,26.1263,,,,
D,model 20 C,57.6333,25.0704,,,,
D,model 20 C,57.65,24.3002,,,,
D,model 20 C,57.6667,23.6476,,,,
D,model 20 C,57.6833,23.1483,,,,
D,model 20 C,57.7,22.6509,,,,
D,model 20 C,57.7167,22.3438,,,,
D,model 20 C,57.7333,22.0537,,,,
D,model 20 C,57.75,22.0397,,,,
D,model 20 C,57.7667,22.1509,,,,
D,model 20 C,57.7833,22.6067,,,,
D,model 20 C,57.8,22.984,,,,
D,model 20 C,57.8167,23.5637,,,,
D,model 20 C,57.8333,23.908,,,,
D,model 20 C,57.85,24.2682,,,,
D,model 20 C,57.8667,24.737,,,,
D,model 20 C,57.8833,25.3284,,,,
D,model 20 C,57.9,25.6147,,,,
D,model 20 C,57.9167,25.946,,,,
D,model 20 C,57.9333,26.0206,,,,
D,model 20 C,57.95,26.0763,,,,
D,model 20 C,57.9667,25.8145,,,,
D,model 20 C,57.9833,25.3636,,,,
D,model 20 C,58,24.6505,,,,
D,model 20 C,58.0167,23.8437,,,,
D,model 20 C,58.0333,22.9879,,,,
D,model 20 C,58.05,21.9881,,,,
D,model 20 C,58.0667,20.9691,,,,
D,model 20 C,58.0833,20.0119,,,,
D,model 20 C,58.1,18.749,,,,
D,model 20 C,58.1167,17.5553,,,,
D,model 20 C,58.1333,16.5039,,,,
D,model 20 C,58.15,15.1294,,,,
D,model 20 C,58.1667,13.8383,,,,
D,model 20 C,58.1833,12.797,,,,
D,model 20 C,58.2,11.6985,,,,
D,model 20 C,58.2167,10.6189,,,,
D,model 20 C,58.2333,9.63275,,,,
D,model 20 C,58.25,8.55515,,,,
D,model 20 C,58.2667,7.965,,,,
D,model 20 C,58.2833,7.33595,,,,
D,model 20 C,58.3,6.8313,,,,
D,model 20 C,58.3167,6.61415,,,,
D,model 20 C,58.3333,6.6823,,,,
D,model 20 C,58.35,6.7446,,,,
D,model 20 C,58.3667,6.83025,,,,
D,model 20 C,58.3833,6.96105,,,,
D,model 20 C,58.4,7.2429,,,,
D,model 20 C,58.4167,7.50585,,,,
D,model 20 C,58.4333,7.6889,,,,
D,model 20 C,58.45,7.90765,,,,
D,model 20 C,58.4667,7.87125,,,,
D,model 20 C,58.4833,7.98125,,,,
D,model 20 C,58.5,8.22035,,,,
D,model 20 C,58.5167,8.38645,,,,
D,model 20 C,58.5333,8.2693,,,,
D,model 20 C,58.55,8.00155,,,,
D,model 20 C,58.5667,7.7768,,,,
D,model 20 C,58.5833,7.48415,,,,
D,model 20 C,58.6,7.10335,,,,
D,model 20 C,58.6167,6.8865,,,,
D,model 20 C,58.6333,6.33685,,,,
D,model 20 C,58.65,5.82495,,,,
D,model 20 C,58.6667,5.5888,,,,
D,model 20 C,58.6833,5.2001,,,,
D,model 20 C,58.7,4.88465,,,,
D,model 20 C,58.7167,4.95725,,,,
D,model 20 C,58.7333,4.90475,,,,
D,model 20 C,58.75,4.6922,,,,
D,model 20 C,58.7667,4.72005,,,,
D,model 20 C,58.7833,4.7057,,,,
D,model 20 C,58.8,4.61475,,,,
D,model 20 C,58.8167,4.71485,,,,
D,model 20 C,58.8333,4.68275,,,,
D,model 20 C,58.85,4.9057,,,,
D,model 20 C,58.8667,5.01995,,,,
D,model 20 C,58.8833,5.2322,,,,
D,model 20 C,58.9,5.24625,,,,
D,model 20 C,58.9167,5.16255,,,,
D,model 20 C,58.9333,5.35975,,,,
D,model 20 C,58.95,5.3431,,,,
D,model 20 C,58.9667,5.2693,,,,
D,model 20 C,58.9833,5.1132,,,,
D,model 20 C,59,5.16015,,,,
D,model 20 C,59.0167,5.3007,,,,
D,model 20 C,59.0333,5.71345,,,,
D,model 20 C,59.05,6.33515,,,,
D,model 20 C,59.0667,7.0257,,,,
D,model 20 C,59.0833,7.9471,,,,
D,model 20 C,59.1,8.67335,,,,
D,model 20 C,59.1167,9.46405,,,,
D,model 20 C,59.1333,10.2028,,,,
D,model 20 C,59.15,11.1397,,,,
D,model 20 C,59.1667,12.0828,,,,
D,model 20 C,59.1833,13.1368,,,,
D,model 20 C,59.2,14.3032,,,,
D,model 20 C,59.2167,15.6298,,,,
D,model 20 C,59.2333,16.7974,,,,
D,model 20 C,59.25,17.9284,,,,
D,model 20 C,59.2667,18.9132,,,,
D,model 20 C,59.2833,19.9734,,,,
D,model 20 C,59.3,21.1221,,,,
D,model 20 C,59.3167,22.2205,,,,
D,model 20 C,59.3333,23.3794,,,,
D,model 20 C,59.35,24.616,,,,
D,model 20 C,59.3667,25.8175,,,,
D,model 20 C,59.3833,26.9373,,,,
D,model 20 C,59.4,27.9502,,,,
D,model 20 C,59.4167,28.921,,,,
D,model 20 C,59.4333,29.9912,,,,
D,model 20 C,59.45,31.0897,,,,
D,model 20 C,59.4667,32.1868,,,,
D,model 20 C,59.4833,33.2482,,,,
D,model 20 C,59.5,34.0874,,,,
D,model 20 C,59.5167,34.9159,,,,
D,model 20 C,59.5333,35.4545,,,,
D,model 20 C,59.55,35.8128,,,,
D,model 20 C,59.5667,36.1433,,,,
D,model 20 C,59.5833,36.3451,,,,
D,model 20 C,59.6,36.109,,,,
D,model 20 C,59.6167,35.9001,,,,
D,model 20 C,59.6333,35.6619,,,,
D,model 20 C,59.65,35.2099,,,,
D,model 20 C,59.6667,34.4821,,,,
D,model 20 C,59.6833,33.9423,,,,
D,model 20 C,59.7,32.974,,,,
D,model 20 C,59.7167,31.9957,,,,
D,model 20 C,59.7333,30.8453,,,,
D,model 20 C,59.75,29.863,,,,
D,model 20 C,59.7667,28.7976,,,,
D,model 20 C,59.7833,27.7867,,,,
D,model 20 C,59.8,26.7828,,,,
D,model 20 C,59.8167,25.7788,,,,
D,model 20 C,59.8333,24.3757,,,,
D,model 20 C,59.85,23.0198,,,,
D,model 20 C,59.8667,21.9575,,,,
D,model 20 C,59.8833,20.8299,,,,
D,model 20 C,59.9,19.8895,,,,
D,model 20 C,59.9167,18.8197,,,,
D,model 20 C,59.9333,17.6613,,,,
D,model 20 C,59.95,16.4441,,,,
D,model 20 C,59.9667,15.3203,,,,
D,model 20 C,59.9833,14.2878,,,,
E,living worms 20 C,,1.23077,0.0129788,,,
E,living worms 20 C,,3.69231,0.0640593,,,
E,living worms 20 C,,6.15385,0.0324471,,,
E,living worms 20 C,,8.61538,0.0215159,,,
E,living worms 20 C,,11.0769,0.0133411,,,
E,living worms 20 C,,13.5385,0.00812752,,,
E,living worms 20 C,,16,0.00686744,,,
E,living worms 20 C,,18.4615,0.0078125,,,
E,living worms 20 C,,20.9231,0.00848979,,,
E,living worms 20 C,,23.3846,0.0103327,,,
E,living worms 20 C,,25.8462,0.0109312,,,
E,living worms 20 C,,28.3077,0.00756048,,,
E,living worms 20 C,,30.7692,0.007781,,,
E,living worms 20 C,,33.2308,0.00923009,,,
E,living worms 20 C,,35.6923,0.00825353,,,
E,living worms 20 C,,38.1538,0.00604839,,,
E,living worms 20 C,,40.6154,0.00652092,,,
E,living worms 20 C,,43.0769,0.00812752,,,
E,living worms 20 C,,45.5385,0.00601689,,,
E,living worms 20 C,,48,0.00634766,,,
E,living worms 20 C,,50.4615,0.00603264,,,
E,living worms 20 C,,52.9231,0.00444178,,,
E,living worms 20 C,,55.3846,0.0062374,,,
E,living worms 20 C,,57.8462,0.00441028,,,
E,living worms 20 C,,60.3077,0.0047253,,,
E,living worms 20 C,,62.7692,0.00452054,,,
E,living worms 20 C,,65.2308,0.00445754,,,
E,living worms 20 C,,67.6923,0.00382749,,,
E,living worms 20 C,,70.1538,0.00423702,,,
E,living worms 20 C,,72.6154,0.00452054,,,
E,living worms 20 C,,75.0769,0.0047253,,,
E,living worms 20 C,,77.5385,0.00533959,,,
E,living worms 20 C,,80,0.00724546,,,
E,living worms 20 C,,82.4615,0.00760774,,,
E,living worms 20 C,,84.9231,0.0103799,,,
E,living worms 20 C,,87.3846,0.0126796,,,
E,living worms 20 C,,89.8462,0.0174836,,,
E,living worms 20 C,,92.3077,0.027517,,,
E,living worms 20 C,,94.7692,0.00307145,,,
E,model 20 C,,1.23077,0.000268071,,,
E,model 20 C,,3.69231,0.0791136,,,
E,model 20 C,,6.15385,0.0325016,,,
E,model 20 C,,8.61538,0.0119657,,,
E,model 20 C,,11.0769,0.00885448,,,
E,model 20 C,,13.5385,0.00879762,,,
E,model 20 C,,16,0.00890322,,,
E,model 20 C,,18.4615,0.00839957,,,
E,model 20 C,,20.9231,0.00792029,,,
E,model 20 C,,23.3846,0.00856204,,,
E,model 20 C,,25.8462,0.00844019,,,
E,model 20 C,,28.3077,0.00845643,,,
E,model 20 C,,30.7692,0.00844831,,,
E,model 20 C,,33.2308,0.00798528,,,
E,model 20 C,,35.6923,0.00813962,,,
E,model 20 C,,38.1538,0.00772533,,,
E,model 20 C,,40.6154,0.00784718,,,
E,model 20 C,,43.0769,0.00737602,,,
E,model 20 C,,45.5385,0.00715669,,,
E,model 20 C,,48,0.00696986,,,
E,model 20 C,,50.4615,0.00609253,,,
E,model 20 C,,52.9231,0.00633623,,,
E,model 20 C,,55.3846,0.00604379,,,
E,model 20 C,,57.8462,0.00585695,,,
E,model 20 C,,60.3077,0.00638497,,,
E,model 20 C,,62.7692,0.00616564,,,
E,model 20 C,,65.2308,0.00581634,,,
E,model 20 C,,67.6923,0.00586508,,,
E,model 20 C,,70.1538,0.00515834,,,
E,model 20 C,,72.6154,0.00541829,,,
E,model 20 C,,75.0769,0.00516647,,,
E,model 20 C,,77.5385,0.00526395,,,
E,model 20 C,,80,0.00532893,,,
E,model 20 C,,82.4615,0.0053858,,,
E,model 20 C,,84.9231,0.00637685,,,
E,model 20 C,,87.3846,0.00779844,,,
E,model 20 C,,89.8462,0.0135823,,,
E,model 20 C,,92.3077,0.0421035,,,
E,model 20 C,,94.7692,0.00227455,,,
F,living worms 20 C,,,,0.051,0.071,0.00085777
F,living worms 20 C,,,,0.051,0.093,0.00102105
F,living worms 20 C,,,,0.051,0.115,0.00125455
F,living worms 20 C,,,,0.057,0.027,0.000834116
F,living worms 20 C,,,,0.057,0.049,0.000911896
F,living worms 20 C,,,,0.057,0.071,0.000971655
F,living worms 20 C,,,,0.057,0.093,0.00108127
F,living worms 20 C,,,,0.057,0.115,0.00126668
F,living worms 20 C,,,,0.057,0.137,0.00146983
F,living worms 20 C,,,,0.057,0.159,0.00170229
F,living worms 20 C,,,,0.063,0.027,0.00103486
F,living worms 20 C,,,,0.063,0.049,0.00110439
F,living worms 20 C,,,,0.063,0.071,0.00112119
F,living worms 20 C,,,,0.063,0.093,0.00118888
F,living worms 20 C,,,,0.063,0.115,0.00134436
F,living worms 20 C,,,,0.063,0.137,0.00156371
F,living worms 20 C,,,,0.063,0.159,0.00186523
F,living worms 20 C,,,,0.063,0.181,0.00214765
F,living worms 20 C,,,,0.063,0.203,0.00217499
F,living worms 20 C,,,,0.069,0.005,0.000862899
F,living worms 20 C,,,,0.069,0.027,0.00115955
F,living worms 20 C,,,,0.069,0.049,0.00121292
F,living worms 20 C,,,,0.069,0.071,0.00124344
F,living worms 20 C,,,,0.069,0.093,0.00136077
F,living worms 20 C,,,,0.069,0.115,0.00152874
F,living worms 20 C,,,,0.069,0.137,0.00175783
F,living worms 20 C,,,,0.069,0.159,0.00209108
F,living worms 20 C,,,,0.069,0.181,0.00240335
F,living worms 20 C,,,,0.069,0.203,0.0024766
F,living worms 20 C,,,,0.069,0.225,0.00221526
F,living worms 20 C,,,,0.069,0.247,0.00171333
F,living worms 20 C,,,,0.075,0.005,0.000911384
F,living worms 20 C,,,,0.075,0.027,0.00125513
F,living worms 20 C,,,,0.075,0.049,0.00129725
F,living worms 20 C,,,,0.075,0.071,0.00130167
F,living worms 20 C,,,,0.075,0.093,0.00145785
F,living worms 20 C,,,,0.075,0.115,0.00166837
F,living worms 20 C,,,,0.075,0.137,0.00193136
F,living worms 20 C,,,,0.075,0.159,0.00228
F,living worms 20 C,,,,0.075,0.181,0.0025882
F,living worms 20 C,,,,0.075,0.203,0.00265731
F,living worms 20 C,,,,0.075,0.225,0.00241795
F,living worms 20 C,,,,0.075,0.247,0.00201683
F,living worms 20 C,,,,0.075,0.269,0.00158085
F,living worms 20 C,,,,0.081,0.005,0.000923803
F,living worms 20 C,,,,0.081,0.027,0.0012976
F,living worms 20 C,,,,0.081,0.049,0.00131687
F,living worms 20 C,,,,0.081,0.071,0.0012592
F,living worms 20 C,,,,0.081,0.093,0.00138375
F,living worms 20 C,,,,0.081,0.115,0.00163264
F,living worms 20 C,,,,0.081,0.137,0.00195458
F,living worms 20 C,,,,0.081,0.159,0.00231011
F,living worms 20 C,,,,0.081,0.181,0.00260916
F,living worms 20 C,,,,0.081,0.203,0.00269663
F,living worms 20 C,,,,0.081,0.225,0.00249572
F,living worms 20 C,,,,0.081,0.247,0.00219039
F,living worms 20 C,,,,0.081,0.269,0.00190559
F,living worms 20 C,,,,0.081,0.291,0.00154372
F,living worms 20 C,,,,0.087,0.005,0.000942147
F,living worms 20 C,,,,0.087,0.027,0.00130025
F,living worms 20 C,,,,0.087,0.049,0.00126059
F,living worms 20 C,,,,0.087,0.071,0.00116495
F,living worms 20 C,,,,0.087,0.093,0.0012612
F,living worms 20 C,,,,0.087,0.115,0.0015007
F,living worms 20 C,,,,0.087,0.137,0.0018125
F,living worms 20 C,,,,0.087,0.159,0.00213303
F,living worms 20 C,,,,0.087,0.181,0.00242446
F,living worms 20 C,,,,0.087,0.203,0.0025387
F,living worms 20 C,,,,0.087,0.225,0.00239339
F,living worms 20 C,,,,0.087,0.247,0.0021966
F,living worms 20 C,,,,0.087,0.269,0.00207981
F,living worms 20 C,,,,0.087,0.291,0.00186944
F,living worms 20 C,,,,0.087,0.313,0.00144527
F,living worms 20 C,,,,0.087,0.335,0.000924364
F,living worms 20 C,,,,0.093,0.005,0.000892209
F,living worms 20 C,,,,0.093,0.027,0.00122591
F,living worms 20 C,,,,0.093,0.049,0.00117587
F,living worms 20 C,,,,0.093,0.071,0.00107991
F,living worms 20 C,,,,0.093,0.093,0.00114039
F,living worms 20 C,,,,0.093,0.115,0.00132293
F,living worms 20 C,,,,0.093,0.137,0.00156442
F,living worms 20 C,,,,0.093,0.159,0.00184441
F,living worms 20 C,,,,0.093,0.181,0.00216416
F,living worms 20 C,,,,0.093,0.203,0.00232665
F,living worms 20 C,,,,0.093,0.225,0.00222765
F,living worms 20 C,,,,0.093,0.247,0.00209558
F,living worms 20 C,,,,0.093,0.269,0.0020668
F,living worms 20 C,,,,0.093,0.291,0.00198823
F,living worms 20 C,,,,0.093,0.313,0.00171934
F,living worms 20 C,,,,0.093,0.335,0.0012853
F,living worms 20 C,,,,0.093,0.357,0.000839657
F,living worms 20 C,,,,0.099,0.005,0.000743724
F,living worms 20 C,,,,0.099,0.027,0.00104744
F,living worms 20 C,,,,0.099,0.049,0.00105496
F,living worms 20 C,,,,0.099,0.071,0.00101581
F,living worms 20 C,,,,0.099,0.093,0.00104816
F,living worms 20 C,,,,0.099,0.115,0.00114738
F,living worms 20 C,,,,0.099,0.137,0.00131086
F,living worms 20 C,,,,0.099,0.159,0.0015737
F,living worms 20 C,,,,0.099,0.181,0.00191925
F,living worms 20 C,,,,0.099,0.203,0.00211256
F,living worms 20 C,,,,0.099,0.225,0.00204579
F,living worms 20 C,,,,0.099,0.247,0.00193748
F,living worms 20 C,,,,0.099,0.269,0.00192752
F,living worms 20 C,,,,0.099,0.291,0.00193891
F,living worms 20 C,,,,0.099,0.313,0.00185102
F,living worms 20 C,,,,0.099,0.335,0.00160024
F,living worms 20 C,,,,0.099,0.357,0.00122723
F,living worms 20 C,,,,0.099,0.379,0.000821914
F,living worms 20 C,,,,0.105,0.005,0.000637384
F,living worms 20 C,,,,0.105,0.027,0.000919332
F,living worms 20 C,,,,0.105,0.049,0.00096981
F,living worms 20 C,,,,0.105,0.071,0.000981458
F,living worms 20 C,,,,0.105,0.093,0.00100524
F,living worms 20 C,,,,0.105,0.115,0.001036
F,living worms 20 C,,,,0.105,0.137,0.00114422
F,living worms 20 C,,,,0.105,0.159,0.00134944
F,living worms 20 C,,,,0.105,0.181,0.00160498
F,living worms 20 C,,,,0.105,0.203,0.00176955
F,living worms 20 C,,,,0.105,0.225,0.0017815
F,living worms 20 C,,,,0.105,0.247,0.0017705
F,living worms 20 C,,,,0.105,0.269,0.00181835
F,living worms 20 C,,,,0.105,0.291,0.001858
F,living worms 20 C,,,,0.105,0.313,0.00185089
F,living worms 20 C,,,,0.105,0.335,0.00175551
F,living worms 20 C,,,,0.105,0.357,0.00154761
F,living worms 20 C,,,,0.105,0.379,0.00119871
F,living worms 20 C,,,,0.105,0.401,0.000765567
F,living worms 20 C,,,,0.111,0.005,0.000594644
F,living worms 20 C,,,,0.111,0.027,0.000876001
F,living worms 20 C,,,,0.111,0.049,0.000947171
F,living worms 20 C,,,,0.111,0.071,0.000960166
F,living worms 20 C,,,,0.111,0.093,0.000957159
F,living worms 20 C,,,,0.111,0.115,0.000939627
F,living worms 20 C,,,,0.111,0.137,0.00098869
F,living worms 20 C,,,,0.111,0.159,0.00112467
F,living worms 20 C,,,,0.111,0.181,0.00129383
F,living worms 20 C,,,,0.111,0.203,0.00144222
F,living worms 20 C,,,,0.111,0.225,0.00155943
F,living worms 20 C,,,,0.111,0.247,0.00167357
F,living worms 20 C,,,,0.111,0.269,0.00178711
F,living worms 20 C,,,,0.111,0.291,0.00183383
F,living worms 20 C,,,,0.111,0.313,0.00183985
F,living worms 20 C,,,,0.111,0.335,0.00181974
F,living worms 20 C,,,,0.111,0.357,0.00177036
F,living worms 20 C,,,,0.111,0.379,0.00153697
F,living worms 20 C,,,,0.111,0.401,0.00109447
F,living worms 20 C,,,,0.111,0.423,0.000663737
F,living worms 20 C,,,,0.117,0.005,0.000526063
F,living worms 20 C,,,,0.117,0.027,0.000797219
F,living worms 20 C,,,,0.117,0.049,0.000896362
F,living worms 20 C,,,,0.117,0.071,0.000911898
F,living worms 20 C,,,,0.117,0.093,0.000876152
F,living worms 20 C,,,,0.117,0.115,0.000832949
F,living worms 20 C,,,,0.117,0.137,0.000842732
F,living worms 20 C,,,,0.117,0.159,0.000944921
F,living worms 20 C,,,,0.117,0.181,0.00108442
F,living worms 20 C,,,,0.117,0.203,0.0012263
F,living worms 20 C,,,,0.117,0.225,0.00138775
F,living worms 20 C,,,,0.117,0.247,0.00154346
F,living worms 20 C,,,,0.117,0.269,0.00167474
F,living worms 20 C,,,,0.117,0.291,0.001768
F,living worms 20 C,,,,0.117,0.313,0.00183216
F,living worms 20 C,,,,0.117,0.335,0.0018924
F,living worms 20 C,,,,0.117,0.357,0.00196977
F,living worms 20 C,,,,0.117,0.379,0.00185174
F,living worms 20 C,,,,0.117,0.401,0.00144682
F,living worms 20 C,,,,0.117,0.423,0.000989828
F,living worms 20 C,,,,0.117,0.445,0.000633762
F,living worms 20 C,,,,0.123,0.005,0.000414987
F,living worms 20 C,,,,0.123,0.027,0.000647205
F,living worms 20 C,,,,0.123,0.049,0.000760847
F,living worms 20 C,,,,0.123,0.071,0.000779886
F,living worms 20 C,,,,0.123,0.093,0.000739049
F,living worms 20 C,,,,0.123,0.115,0.000724621
F,living worms 20 C,,,,0.123,0.137,0.000755038
F,living worms 20 C,,,,0.123,0.159,0.000847278
F,living worms 20 C,,,,0.123,0.181,0.000954531
F,living worms 20 C,,,,0.123,0.203,0.00105796
F,living worms 20 C,,,,0.123,0.225,0.00119191
F,living worms 20 C,,,,0.123,0.247,0.00133231
F,living worms 20 C,,,,0.123,0.269,0.00148216
F,living worms 20 C,,,,0.123,0.291,0.00163611
F,living worms 20 C,,,,0.123,0.313,0.00177256
F,living worms 20 C,,,,0.123,0.335,0.00190964
F,living worms 20 C,,,,0.123,0.357,0.00205756
F,living worms 20 C,,,,0.123,0.379,0.00202848
F,living worms 20 C,,,,0.123,0.401,0.00173316
F,living worms 20 C,,,,0.123,0.423,0.00132969
F,living worms 20 C,,,,0.123,0.445,0.000956588
F,living worms 20 C,,,,0.123,0.467,0.000623221
F,living worms 20 C,,,,0.129,0.005,0.0003067
F,living worms 20 C,,,,0.129,0.027,0.000489043
F,living worms 20 C,,,,0.129,0.049,0.000594229
F,living worms 20 C,,,,0.129,0.071,0.000605075
F,living worms 20 C,,,,0.129,0.093,0.000583068
F,living worms 20 C,,,,0.129,0.115,0.000609064
F,living worms 20 C,,,,0.129,0.137,0.000669029
F,living worms 20 C,,,,0.129,0.159,0.000758795
F,living worms 20 C,,,,0.129,0.181,0.000850105
F,living worms 20 C,,,,0.129,0.203,0.00093901
F,living worms 20 C,,,,0.129,0.225,0.00103562
F,living worms 20 C,,,,0.129,0.247,0.00116717
F,living worms 20 C,,,,0.129,0.269,0.00135242
F,living worms 20 C,,,,0.129,0.291,0.00153151
F,living worms 20 C,,,,0.129,0.313,0.00170756
F,living worms 20 C,,,,0.129,0.335,0.00187316
F,living worms 20 C,,,,0.129,0.357,0.0020325
F,living worms 20 C,,,,0.129,0.379,0.00209269
F,living worms 20 C,,,,0.129,0.401,0.00194733
F,living worms 20 C,,,,0.129,0.423,0.00164759
F,living worms 20 C,,,,0.129,0.445,0.00130525
F,living worms 20 C,,,,0.129,0.467,0.000943494
F,living worms 20 C,,,,0.129,0.489,0.000583425
F,living worms 20 C,,,,0.135,0.005,0.000250498
F,living worms 20 C,,,,0.135,0.027,0.000383048
F,living worms 20 C,,,,0.135,0.049,0.000456267
F,living worms 20 C,,,,0.135,0.071,0.000467916
F,living worms 20 C,,,,0.135,0.093,0.0004741
F,living worms 20 C,,,,0.135,0.115,0.000496295
F,living worms 20 C,,,,0.135,0.137,0.000539015
F,living worms 20 C,,,,0.135,0.159,0.000619052
F,living worms 20 C,,,,0.135,0.181,0.000720953
F,living worms 20 C,,,,0.135,0.203,0.000842001
F,living worms 20 C,,,,0.135,0.225,0.000940603
F,living worms 20 C,,,,0.135,0.247,0.00105644
F,living worms 20 C,,,,0.135,0.269,0.0012201
F,living worms 20 C,,,,0.135,0.291,0.00140438
F,living worms 20 C,,,,0.135,0.313,0.00163179
F,living worms 20 C,,,,0.135,0.335,0.00181959
F,living worms 20 C,,,,0.135,0.357,0.00199438
F,living worms 20 C,,,,0.135,0.379,0.00213674
F,living worms 20 C,,,,0.135,0.401,0.00211005
F,living worms 20 C,,,,0.135,0.423,0.00190405
F,living worms 20 C,,,,0.135,0.445,0.00160234
F,living worms 20 C,,,,0.135,0.467,0.00126573
F,living worms 20 C,,,,0.135,0.489,0.000906304
F,living worms 20 C,,,,0.135,0.511,0.000563895
F,living worms 20 C,,,,0.141,0.005,0.000211082
F,living worms 20 C,,,,0.141,0.027,0.000299223
F,living worms 20 C,,,,0.141,0.049,0.000344684
F,living worms 20 C,,,,0.141,0.071,0.000376569
F,living worms 20 C,,,,0.141,0.093,0.000401671
F,living worms 20 C,,,,0.141,0.115,0.00039664
F,living worms 20 C,,,,0.141,0.137,0.000408036
F,living worms 20 C,,,,0.141,0.159,0.000472766
F,living worms 20 C,,,,0.141,0.181,0.000587616
F,living worms 20 C,,,,0.141,0.203,0.00075583
F,living worms 20 C,,,,0.141,0.225,0.000890252
F,living worms 20 C,,,,0.141,0.247,0.00099078
F,living worms 20 C,,,,0.141,0.269,0.00109602
F,living worms 20 C,,,,0.141,0.291,0.00125694
F,living worms 20 C,,,,0.141,0.313,0.00151433
F,living worms 20 C,,,,0.141,0.335,0.00172959
F,living worms 20 C,,,,0.141,0.357,0.00191464
F,living worms 20 C,,,,0.141,0.379,0.00208862
F,living worms 20 C,,,,0.141,0.401,0.00214344
F,living worms 20 C,,,,0.141,0.423,0.00202814
F,living worms 20 C,,,,0.141,0.445,0.00178296
F,living worms 20 C,,,,0.141,0.467,0.00151641
F,living worms 20 C,,,,0.141,0.489,0.00123116
F,living worms 20 C,,,,0.141,0.511,0.000892217
F,living worms 20 C,,,,0.141,0.533,0.000528201
F,living worms 20 C,,,,0.147,0.005,0.000156394
F,living worms 20 C,,,,0.147,0.027,0.000207117
F,living worms 20 C,,,,0.147,0.049,0.000236551
F,living worms 20 C,,,,0.147,0.071,0.000288466
F,living worms 20 C,,,,0.147,0.093,0.000328285
F,living worms 20 C,,,,0.147,0.115,0.000320748
F,living worms 20 C,,,,0.147,0.137,0.000335525
F,living worms 20 C,,,,0.147,0.159,0.000391221
F,living worms 20 C,,,,0.147,0.181,0.000496807
F,living worms 20 C,,,,0.147,0.203,0.000681333
F,living worms 20 C,,,,0.147,0.225,0.000841272
F,living worms 20 C,,,,0.147,0.247,0.000951524
F,living worms 20 C,,,,0.147,0.269,0.00104909
F,living worms 20 C,,,,0.147,0.291,0.00118494
F,living worms 20 C,,,,0.147,0.313,0.00141755
F,living worms 20 C,,,,0.147,0.335,0.00164782
F,living worms 20 C,,,,0.147,0.357,0.0018261
F,living worms 20 C,,,,0.147,0.379,0.00197705
F,living worms 20 C,,,,0.147,0.401,0.00207499
F,living worms 20 C,,,,0.147,0.423,0.00206516
F,living worms 20 C,,,,0.147,0.445,0.0019195
F,living worms 20 C,,,,0.147,0.467,0.00172605
F,living worms 20 C,,,,0.147,0.489,0.00150348
F,living worms 20 C,,,,0.147,0.511,0.00119622
F,living worms 20 C,,,,0.147,0.533,0.000809824
F,living worms 20 C,,,,0.147,0.555,0.000479566
F,living worms 20 C,,,,0.153,0.005,0.000127527
F,living worms 20 C,,,,0.153,0.027,0.000147481
F,living worms 20 C,,,,0.153,0.049,0.000152207
F,living worms 20 C,,,,0.153,0.071,0.000197198
F,living worms 20 C,,,,0.153,0.093,0.000243067
F,living worms 20 C,,,,0.153,0.115,0.000259522
F,living worms 20 C,,,,0.153,0.137,0.000302205
F,living worms 20 C,,,,0.153,0.159,0.000354906
F,living worms 20 C,,,,0.153,0.181,0.000433896
F,living worms 20 C,,,,0.153,0.203,0.000581012
F,living worms 20 C,,,,0.153,0.225,0.000720963
F,living worms 20 C,,,,0.153,0.247,0.00084739
F,living worms 20 C,,,,0.153,0.269,0.00099113
F,living worms 20 C,,,,0.153,0.291,0.00116034
F,living worms 20 C,,,,0.153,0.313,0.00137126
F,living worms 20 C,,,,0.153,0.335,0.00158074
F,living worms 20 C,,,,0.153,0.357,0.00172806
F,living worms 20 C,,,,0.153,0.379,0.00184237
F,living worms 20 C,,,,0.153,0.401,0.00196702
F,living worms 20 C,,,,0.153,0.423,0.00205732
F,living worms 20 C,,,,0.153,0.445,0.00203552
F,living worms 20 C,,,,0.153,0.467,0.00192324
F,living worms 20 C,,,,0.153,0.489,0.00174386
F,living worms 20 C,,,,0.153,0.511,0.00148072
F,living worms 20 C,,,,0.153,0.533,0.00112637
F,living worms 20 C,,,,0.153,0.555,0.000765909
F,living worms 20 C,,,,0.153,0.577,0.000455064
F,living worms 20 C,,,,0.159,0.005,0.000134098
F,living worms 20 C,,,,0.159,0.027,0.000138109
F,living worms 20 C,,,,0.159,0.049,0.000112358
F,living worms 20 C,,,,0.159,0.071,0.000126016
F,living worms 20 C,,,,0.159,0.093,0.00016137
F,living worms 20 C,,,,0.159,0.115,0.000199624
F,living worms 20 C,,,,0.159,0.137,0.000259961
F,living worms 20 C,,,,0.159,0.159,0.00030374
F,living worms 20 C,,,,0.159,0.181,0.000350002
F,living worms 20 C,,,,0.159,0.203,0.000442806
F,living worms 20 C,,,,0.159,0.225,0.000554682
F,living worms 20 C,,,,0.159,0.247,0.000706908
F,living worms 20 C,,,,0.159,0.269,0.000915888
F,living worms 20 C,,,,0.159,0.291,0.00112562
F,living worms 20 C,,,,0.159,0.313,0.0013133
F,living worms 20 C,,,,0.159,0.335,0.00148748
F,living worms 20 C,,,,0.159,0.357,0.00160132
F,living worms 20 C,,,,0.159,0.379,0.00169157
F,living worms 20 C,,,,0.159,0.401,0.00182256
F,living worms 20 C,,,,0.159,0.423,0.00195116
F,living worms 20 C,,,,0.159,0.445,0.00203767
F,living worms 20 C,,,,0.159,0.467,0.00204363
F,living worms 20 C,,,,0.159,0.489,0.00193854
F,living worms 20 C,,,,0.159,0.511,0.00174627
F,living worms 20 C,,,,0.159,0.533,0.00145131
F,living worms 20 C,,,,0.159,0.555,0.00110031
F,living worms 20 C,,,,0.159,0.577,0.000756409
F,living worms 20 C,,,,0.165,0.049,0.000104021
F,living worms 20 C,,,,0.165,0.071,8.65966e-05
F,living worms 20 C,,,,0.165,0.093,0.000106662
F,living worms 20 C,,,,0.165,0.115,0.000147827
F,living worms 20 C,,,,0.165,0.137,0.00020257
F,living worms 20 C,,,,0.165,0.159,0.000234528
F,living worms 20 C,,,,0.165,0.181,0.000268696
F,living worms 20 C,,,,0.165,0.203,0.000338025
F,living worms 20 C,,,,0.165,0.225,0.00043359
F,living worms 20 C,,,,0.165,0.247,0.000589317
F,living worms 20 C,,,,0.165,0.269,0.000813556
F,living worms 20 C,,,,0.165,0.291,0.0010127
F,living worms 20 C,,,,0.165,0.313,0.00117794
F,living worms 20 C,,,,0.165,0.335,0.00136795
F,living worms 20 C,,,,0.165,0.357,0.00150381
F,living worms 20 C,,,,0.165,0.379,0.00157233
F,living worms 20 C,,,,0.165,0.401,0.00166488
F,living worms 20 C,,,,0.165,0.423,0.00178897
F,living worms 20 C,,,,0.165,0.445,0.00192208
F,living worms 20 C,,,,0.165,0.467,0.00200051
F,living worms 20 C,,,,0.165,0.489,0.00195331
F,living worms 20 C,,,,0.165,0.511,0.00184056
F,living worms 20 C,,,,0.165,0.533,0.00165993
F,living worms 20 C,,,,0.165,0.555,0.00139423
F,living worms 20 C,,,,0.165,0.577,0.00110636
F,living worms 20 C,,,,0.165,0.599,0.000803992
F,living worms 20 C,,,,0.171,0.093,8.65844e-05
F,living worms 20 C,,,,0.171,0.115,0.000117315
F,living worms 20 C,,,,0.171,0.137,0.000162584
F,living worms 20 C,,,,0.171,0.159,0.000195406
F,living worms 20 C,,,,0.171,0.181,0.000233322
F,living worms 20 C,,,,0.171,0.203,0.000294966
F,living worms 20 C,,,,0.171,0.225,0.00037031
F,living worms 20 C,,,,0.171,0.247,0.000497444
F,living worms 20 C,,,,0.171,0.269,0.00068091
F,living worms 20 C,,,,0.171,0.291,0.000840408
F,living worms 20 C,,,,0.171,0.313,0.000995258
F,living worms 20 C,,,,0.171,0.335,0.00122476
F,living worms 20 C,,,,0.171,0.357,0.00139368
F,living worms 20 C,,,,0.171,0.379,0.0014222
F,living worms 20 C,,,,0.171,0.401,0.00146416
F,living worms 20 C,,,,0.171,0.423,0.00158833
F,living worms 20 C,,,,0.171,0.445,0.0017179
F,living worms 20 C,,,,0.171,0.467,0.00179851
F,living worms 20 C,,,,0.171,0.489,0.00178404
F,living worms 20 C,,,,0.171,0.511,0.00174009
F,living worms 20 C,,,,0.171,0.533,0.00170248
F,living worms 20 C,,,,0.171,0.555,0.0015923
F,living worms 20 C,,,,0.171,0.577,0.00145299
F,living worms 20 C,,,,0.171,0.599,0.00124534
F,living worms 20 C,,,,0.171,0.621,0.000902283
F,living worms 20 C,,,,0.177,0.115,0.000106543
F,living worms 20 C,,,,0.177,0.137,0.000149097
F,living worms 20 C,,,,0.177,0.159,0.000182277
F,living worms 20 C,,,,0.177,0.181,0.000211077
F,living worms 20 C,,,,0.177,0.203,0.000263346
F,living worms 20 C,,,,0.177,0.225,0.000334479
F,living worms 20 C,,,,0.177,0.247,0.000445897
F,living worms 20 C,,,,0.177,0.269,0.000586493
F,living worms 20 C,,,,0.177,0.291,0.000714049
F,living worms 20 C,,,,0.177,0.313,0.000850416
F,living worms 20 C,,,,0.177,0.335,0.00106218
F,living worms 20 C,,,,0.177,0.357,0.00121922
F,living worms 20 C,,,,0.177,0.379,0.00121968
F,living worms 20 C,,,,0.177,0.401,0.00122205
F,living worms 20 C,,,,0.177,0.423,0.00132771
F,living worms 20 C,,,,0.177,0.445,0.0014557
F,living worms 20 C,,,,0.177,0.467,0.00153891
F,living worms 20 C,,,,0.177,0.489,0.00157104
F,living worms 20 C,,,,0.177,0.511,0.0016024
F,living worms 20 C,,,,0.177,0.533,0.00167378
F,living worms 20 C,,,,0.177,0.555,0.00169767
F,living worms 20 C,,,,0.177,0.577,0.00170619
F,living worms 20 C,,,,0.177,0.599,0.00166131
F,living worms 20 C,,,,0.177,0.621,0.00142318
F,living worms 20 C,,,,0.177,0.643,0.0010056
F,living worms 20 C,,,,0.183,0.159,0.000166888
F,living worms 20 C,,,,0.183,0.181,0.000181925
F,living worms 20 C,,,,0.183,0.203,0.000232184
F,living worms 20 C,,,,0.183,0.225,0.000304891
F,living worms 20 C,,,,0.183,0.247,0.00038578
F,living worms 20 C,,,,0.183,0.269,0.000480162
F,living worms 20 C,,,,0.183,0.291,0.000595842
F,living worms 20 C,,,,0.183,0.313,0.000721336
F,living worms 20 C,,,,0.183,0.335,0.000875772
F,living worms 20 C,,,,0.183,0.357,0.000985781
F,living worms 20 C,,,,0.183,0.379,0.000987593
F,living worms 20 C,,,,0.183,0.401,0.000987889
F,living worms 20 C,,,,0.183,0.423,0.00107785
F,living worms 20 C,,,,0.183,0.445,0.00120953
F,living worms 20 C,,,,0.183,0.467,0.00128776
F,living worms 20 C,,,,0.183,0.489,0.00134027
F,living worms 20 C,,,,0.183,0.511,0.00143923
F,living worms 20 C,,,,0.183,0.533,0.00157716
F,living worms 20 C,,,,0.183,0.555,0.00168213
F,living worms 20 C,,,,0.183,0.577,0.00179949
F,living worms 20 C,,,,0.183,0.599,0.00189829
F,living worms 20 C,,,,0.183,0.621,0.00182594
F,living worms 20 C,,,,0.183,0.643,0.00151251
F,living worms 20 C,,,,0.183,0.665,0.00111124
F,living worms 20 C,,,,0.189,0.203,0.000224617
F,living worms 20 C,,,,0.189,0.225,0.000290008
F,living worms 20 C,,,,0.189,0.247,0.000319668
F,living worms 20 C,,,,0.189,0.269,0.000361932
F,living worms 20 C,,,,0.189,0.291,0.000471963
F,living worms 20 C,,,,0.189,0.313,0.000598213
F,living worms 20 C,,,,0.189,0.335,0.000700338
F,living worms 20 C,,,,0.189,0.357,0.000775945
F,living worms 20 C,,,,0.189,0.379,0.000815097
F,living worms 20 C,,,,0.189,0.401,0.000845874
F,living worms 20 C,,,,0.189,0.423,0.000907119
F,living worms 20 C,,,,0.189,0.445,0.000997815
F,living worms 20 C,,,,0.189,0.467,0.00105597
F,living worms 20 C,,,,0.189,0.489,0.00111848
F,living worms 20 C,,,,0.189,0.511,0.00127553
F,living worms 20 C,,,,0.189,0.533,0.00145178
F,living worms 20 C,,,,0.189,0.555,0.00158596
F,living worms 20 C,,,,0.189,0.577,0.00177123
F,living worms 20 C,,,,0.189,0.599,0.00197654
F,living worms 20 C,,,,0.189,0.621,0.00205372
F,living worms 20 C,,,,0.189,0.643,0.00195636
F,living worms 20 C,,,,0.189,0.665,0.00166787
F,living worms 20 C,,,,0.189,0.687,0.00119108
F,living worms 20 C,,,,0.195,0.247,0.000271376
F,living worms 20 C,,,,0.195,0.269,0.000299282
F,living worms 20 C,,,,0.195,0.291,0.000395583
F,living worms 20 C,,,,0.195,0.313,0.000515372
F,living worms 20 C,,,,0.195,0.335,0.000589871
F,living worms 20 C,,,,0.195,0.357,0.000646839
F,living worms 20 C,,,,0.195,0.379,0.000713678
F,living worms 20 C,,,,0.195,0.401,0.000771143
F,living worms 20 C,,,,0.195,0.423,0.000810348
F,living worms 20 C,,,,0.195,0.445,0.000847107
F,living worms 20 C,,,,0.195,0.467,0.00087485
F,living worms 20 C,,,,0.195,0.489,0.000928824
F,living worms 20 C,,,,0.195,0.511,0.0010956
F,living worms 20 C,,,,0.195,0.533,0.00130169
F,living worms 20 C,,,,0.195,0.555,0.00145788
F,living worms 20 C,,,,0.195,0.577,0.00165389
F,living worms 20 C,,,,0.195,0.599,0.0019204
F,living worms 20 C,,,,0.195,0.621,0.00212496
F,living worms 20 C,,,,0.195,0.643,0.00222453
F,living worms 20 C,,,,0.195,0.665,0.0021092
F,living worms 20 C,,,,0.195,0.687,0.001692
F,living worms 20 C,,,,0.195,0.709,0.00121158
F,living worms 20 C,,,,0.201,0.291,0.000350846
F,living worms 20 C,,,,0.201,0.313,0.000426228
F,living worms 20 C,,,,0.201,0.335,0.000479509
F,living worms 20 C,,,,0.201,0.357,0.000541958
F,living worms 20 C,,,,0.201,0.379,0.000631809
F,living worms 20 C,,,,0.201,0.401,0.000706509
F,living worms 20 C,,,,0.201,0.423,0.000746341
F,living worms 20 C,,,,0.201,0.445,0.0007547
F,living worms 20 C,,,,0.201,0.467,0.000756107
F,living worms 20 C,,,,0.201,0.489,0.000791185
F,living worms 20 C,,,,0.201,0.511,0.000916592
F,living worms 20 C,,,,0.201,0.533,0.0010923
F,living worms 20 C,,,,0.201,0.555,0.0012378
F,living worms 20 C,,,,0.201,0.577,0.00144346
F,living worms 20 C,,,,0.201,0.599,0.00176026
F,living worms 20 C,,,,0.201,0.621,0.0020292
F,living worms 20 C,,,,0.201,0.643,0.00220205
F,living worms 20 C,,,,0.201,0.665,0.00225621
F,living worms 20 C,,,,0.201,0.687,0.00206464
F,living worms 20 C,,,,0.201,0.709,0.00173857
F,living worms 20 C,,,,0.207,0.335,0.000394303
F,living worms 20 C,,,,0.207,0.357,0.000468437
F,living worms 20 C,,,,0.207,0.379,0.000574345
F,living worms 20 C,,,,0.207,0.401,0.000652327
F,living worms 20 C,,,,0.207,0.423,0.000677166
F,living worms 20 C,,,,0.207,0.445,0.000656756
F,living worms 20 C,,,,0.207,0.467,0.000654425
F,living worms 20 C,,,,0.207,0.489,0.000703439
F,living worms 20 C,,,,0.207,0.511,0.000810581
F,living worms 20 C,,,,0.207,0.533,0.000937456
F,living worms 20 C,,,,0.207,0.555,0.00105605
F,living worms 20 C,,,,0.207,0.577,0.00126731
F,living worms 20 C,,,,0.207,0.599,0.00159057
F,living worms 20 C,,,,0.207,0.621,0.00182909
F,living worms 20 C,,,,0.207,0.643,0.00196305
F,living worms 20 C,,,,0.207,0.665,0.00210841
F,living worms 20 C,,,,0.207,0.687,0.00218589
F,living worms 20 C,,,,0.207,0.709,0.00214127
F,living worms 20 C,,,,0.207,0.731,0.00188206
F,living worms 20 C,,,,0.213,0.357,0.000421061
F,living worms 20 C,,,,0.213,0.379,0.0005147
F,living worms 20 C,,,,0.213,0.401,0.000585135
F,living worms 20 C,,,,0.213,0.423,0.000587681
F,living worms 20 C,,,,0.213,0.445,0.000558174
F,living worms 20 C,,,,0.213,0.467,0.00057639
F,living worms 20 C,,,,0.213,0.489,0.000647135
F,living worms 20 C,,,,0.213,0.511,0.000758855
F,living worms 20 C,,,,0.213,0.533,0.000871485
F,living worms 20 C,,,,0.213,0.555,0.000983496
F,living worms 20 C,,,,0.213,0.577,0.00117576
F,living worms 20 C,,,,0.213,0.599,0.00144106
F,living worms 20 C,,,,0.213,0.621,0.00162103
F,living worms 20 C,,,,0.213,0.643,0.00174386
F,living worms 20 C,,,,0.213,0.665,0.00194798
F,living worms 20 C,,,,0.213,0.687,0.00217215
F,living worms 20 C,,,,0.213,0.709,0.00231081
F,living worms 20 C,,,,0.213,0.731,0.00221492
F,living worms 20 C,,,,0.213,0.753,0.00189779
F,living worms 20 C,,,,0.219,0.401,0.000496225
F,living worms 20 C,,,,0.219,0.423,0.00048816
F,living worms 20 C,,,,0.219,0.445,0.00047511
F,living worms 20 C,,,,0.219,0.467,0.00051513
F,living worms 20 C,,,,0.219,0.489,0.000589331
F,living worms 20 C,,,,0.219,0.511,0.000686598
F,living worms 20 C,,,,0.219,0.533,0.000779706
F,living worms 20 C,,,,0.219,0.555,0.000893454
F,living worms 20 C,,,,0.219,0.577,0.00108967
F,living worms 20 C,,,,0.219,0.599,0.00130978
F,living worms 20 C,,,,0.219,0.621,0.00147098
F,living worms 20 C,,,,0.219,0.643,0.00163417
F,living worms 20 C,,,,0.219,0.665,0.00189314
F,living worms 20 C,,,,0.219,0.687,0.00216802
F,living worms 20 C,,,,0.219,0.709,0.00233001
F,living worms 20 C,,,,0.219,0.731,0.0023183
F,living worms 20 C,,,,0.219,0.753,0.00218537
F,living worms 20 C,,,,0.219,0.775,0.0019353
F,living worms 20 C,,,,0.225,0.445,0.000429429
F,living worms 20 C,,,,0.225,0.467,0.00045675
F,living worms 20 C,,,,0.225,0.489,0.000516661
F,living worms 20 C,,,,0.225,0.511,0.000596926
F,living worms 20 C,,,,0.225,0.533,0.000666082
F,living worms 20 C,,,,0.225,0.555,0.000768168
F,living worms 20 C,,,,0.225,0.577,0.000968882
F,living worms 20 C,,,,0.225,0.599,0.00116896
F,living worms 20 C,,,,0.225,0.621,0.0013311
F,living worms 20 C,,,,0.225,0.643,0.00150824
F,living worms 20 C,,,,0.225,0.665,0.00175788
F,living worms 20 C,,,,0.225,0.687,0.0020383
F,living worms 20 C,,,,0.225,0.709,0.00220805
F,living worms 20 C,,,,0.225,0.731,0.00226724
F,living worms 20 C,,,,0.225,0.753,0.00231105
F,living worms 20 C,,,,0.225,0.775,0.00228239
F,living worms 20 C,,,,0.225,0.797,0.00202351
F,living worms 20 C,,,,0.231,0.511,0.000517481
F,living worms 20 C,,,,0.231,0.533,0.000574336
F,living worms 20 C,,,,0.231,0.555,0.000665491
F,living worms 20 C,,,,0.231,0.577,0.000843447
F,living worms 20 C,,,,0.231,0.599,0.00100012
F,living worms 20 C,,,,0.231,0.621,0.00112554
F,living worms 20 C,,,,0.231,0.643,0.00128666
F,living worms 20 C,,,,0.231,0.665,0.00149509
F,living worms 20 C,,,,0.231,0.687,0.001736
F,living worms 20 C,,,,0.231,0.709,0.00192623
F,living worms 20 C,,,,0.231,0.731,0.00206919
F,living worms 20 C,,,,0.231,0.753,0.0022161
F,living worms 20 C,,,,0.231,0.775,0.00231025
F,living worms 20 C,,,,0.231,0.797,0.00224255
F,living worms 20 C,,,,0.237,0.555,0.000605143
F,living worms 20 C,,,,0.237,0.577,0.00074697
F,living worms 20 C,,,,0.237,0.599,0.000851273
F,living worms 20 C,,,,0.237,0.621,0.000917132
F,living worms 20 C,,,,0.237,0.643,0.00103197
F,living worms 20 C,,,,0.237,0.665,0.00118341
F,living worms 20 C,,,,0.237,0.687,0.00136003
F,living worms 20 C,,,,0.237,0.709,0.00155752
F,living worms 20 C,,,,0.237,0.731,0.00174234
F,living worms 20 C,,,,0.237,0.753,0.00190916
F,living worms 20 C,,,,0.237,0.775,0.00204963
F,living worms 20 C,,,,0.237,0.797,0.00213427
F,living worms 20 C,,,,0.237,0.819,0.00212654
F,living worms 20 C,,,,0.243,0.599,0.000775119
F,living worms 20 C,,,,0.243,0.621,0.000805513
F,living worms 20 C,,,,0.243,0.643,0.000863379
F,living worms 20 C,,,,0.243,0.665,0.000960562
F,living worms 20 C,,,,0.243,0.687,0.00108013
F,living worms 20 C,,,,0.243,0.709,0.00127453
F,living worms 20 C,,,,0.243,0.731,0.00145892
F,living worms 20 C,,,,0.243,0.753,0.00159
F,living worms 20 C,,,,0.243,0.775,0.00171499
F,living worms 20 C,,,,0.243,0.797,0.00184008
F,living worms 20 C,,,,0.243,0.819,0.00197254
F,living worms 20 C,,,,0.243,0.841,0.00191404
F,living worms 20 C,,,,0.249,0.643,0.00074824
F,living worms 20 C,,,,0.249,0.665,0.00079874
F,living worms 20 C,,,,0.249,0.687,0.000871338
F,living worms 20 C,,,,0.249,0.709,0.00102507
F,living worms 20 C,,,,0.249,0.731,0.00118496
F,living worms 20 C,,,,0.249,0.753,0.00128377
F,living worms 20 C,,,,0.249,0.775,0.00137322
F,living worms 20 C,,,,0.249,0.797,0.00148822
F,living worms 20 C,,,,0.249,0.819,0.00165907
F,living worms 20 C,,,,0.249,0.841,0.00181236
F,living worms 20 C,,,,0.249,0.863,0.00177868
F,living worms 20 C,,,,0.255,0.687,0.000685371
F,living worms 20 C,,,,0.255,0.709,0.000768107
F,living worms 20 C,,,,0.255,0.731,0.000894011
F,living worms 20 C,,,,0.255,0.753,0.000975498
F,living worms 20 C,,,,0.255,0.775,0.00103834
F,living worms 20 C,,,,0.255,0.797,0.00114074
F,living worms 20 C,,,,0.255,0.819,0.00129595
F,living worms 20 C,,,,0.255,0.841,0.0015049
F,living worms 20 C,,,,0.255,0.863,0.0016789
F,living worms 20 C,,,,0.261,0.753,0.000711903
F,living worms 20 C,,,,0.261,0.775,0.000760204
F,living worms 20 C,,,,0.261,0.797,0.000852652
F,living worms 20 C,,,,0.261,0.819,0.000970945
F,living worms 20 C,,,,0.261,0.841,0.00113725
F,living worms 20 C,,,,0.261,0.863,0.00135658
F,living worms 20 C,,,,0.261,0.885,0.00145316
F,living worms 20 C,,,,0.267,0.797,0.000612933
F,living worms 20 C,,,,0.267,0.819,0.000705439
F,living worms 20 C,,,,0.267,0.841,0.000825456
F,living worms 20 C,,,,0.267,0.863,0.00101876
F,living worms 20 C,,,,0.267,0.885,0.00120388
F,living worms 20 C,,,,0.267,0.907,0.00121026
F,living worms 20 C,,,,0.273,0.863,0.000721573
F,living worms 20 C,,,,0.273,0.885,0.000886981
F,living worms 20 C,,,,0.273,0.907,0.00100389
F,living worms 20 C,,,,0.279,0.907,0.000687169
F,living worms 20 C,,,,0.279,0.929,0.000932406
F,living worms 20 C,,,,0.285,0.973,0.000818319
F,model fa=0.5 T=0.2 kappa=0.8,,,,0.063,0.027,2.00072e-05
F,model fa=0.5 T=0.2 kappa=0.8,,,,0.063,0.049,2.00072e-05
F,model fa=0.5 T=0.2 kappa=0.8,,,,0.063,0.071,2.00072e-05
F,model fa=0.5 T=0.2 kappa=0.8,,,,0.063,0.093,6.00216e-05
F,model fa=0.5 T=0.2 kappa=0.8,,,,0.063,0.115,8.00288e-05
F,model fa=0.5 T=0.2 kappa=0.8,,,,0.063,0.181,2.00072e-05
F,model fa=0.5 T=0.2 kappa=0.8,,,,0.069,0.005,2.00072e-05
F,model fa=0.5 T=0.2 kappa=0.8,,,,0.069,0.027,0.000160058
F,model fa=0.5 T=0.2 kappa=0.8,,,,0.069,0.049,8.00288e-05
F,model fa=0.5 T=0.2 kappa=0.8,,,,0.069,0.071,0.000380137
F,model fa=0.5 T=0.2 kappa=0.8,,,,0.069,0.093,0.000280101
F,model fa=0.5 T=0.2 kappa=0.8,,,,0.069,0.115,0.00050018
F,model fa=0.5 T=0.2 kappa=0.8,,,,0.069,0.137,0.000560202
F,model fa=0.5 T=0.2 kappa=0.8,,,,0.069,0.159,0.000540194
F,model fa=0.5 T=0.2 kappa=0.8,,,,0.069,0.181,0.000540194
F,model fa=0.5 T=0.2 kappa=0.8,,,,0.069,0.203,0.000280101
F,model fa=0.5 T=0.2 kappa=0.8,,,,0.069,0.225,0.000120043
F,model fa=0.5 T=0.2 kappa=0.8,,,,0.069,0.247,4.00144e-05
F,model fa=0.5 T=0.2 kappa=0.8,,,,0.069,0.269,2.00072e-05
F,model fa=0.5 T=0.2 kappa=0.8,,,,0.075,0.027,0.000520187
F,model fa=0.5 T=0.2 kappa=0.8,,,,0.075,0.049,0.000820295
F,model fa=0.5 T=0.2 kappa=0.8,,,,0.075,0.071,0.00102037
F,model fa=0.5 T=0.2 kappa=0.8,,,,0.075,0.093,0.00126045
F,model fa=0.5 T=0.2 kappa=0.8,,,,0.075,0.115,0.00154055
F,model fa=0.5 T=0.2 kappa=0.8,,,,0.075,0.137,0.00148053
F,model fa=0.5 T=0.2 kappa=0.8,,,,0.075,0.159,0.00130047
F,model fa=0.5 T=0.2 kappa=0.8,,,,0.075,0.181,0.000700252
F,model fa=0.5 T=0.2 kappa=0.8,,,,0.075,0.203,0.00064023
F,model fa=0.5 T=0.2 kappa=0.8,,,,0.075,0.225,0.000380137
F,model fa=0.5 T=0.2 kappa=0.8,,,,0.075,0.247,0.000100036
F,model fa=0.5 T=0.2 kappa=0.8,,,,0.081,0.005,2.00072e-05
F,model fa=0.5 T=0.2 kappa=0.8,,,,0.081,0.027,0.000760274
F,model fa=0.5 T=0.2 kappa=0.8,,,,0.081,0.049,0.00148053
F,model fa=0.5 T=0.2 kappa=0.8,,,,0.081,0.071,0.00232084
F,model fa=0.5 T=0.2 kappa=0.8,,,,0.081,0.093,0.00234084
F,model fa=0.5 T=0.2 kappa=0.8,,,,0.081,0.115,0.00240086
F,model fa=0.5 T=0.2 kappa=0.8,,,,0.081,0.137,0.00270097
F,model fa=0.5 T=0.2 kappa=0.8,,,,0.081,0.159,0.00188068
F,model fa=0.5 T=0.2 kappa=0.8,,,,0.081,0.181,0.00162058
F,model fa=0.5 T=0.2 kappa=0.8,,,,0.081,0.203,0.000920331
F,model fa=0.5 T=0.2 kappa=0.8,,,,0.081,0.225,0.000560202
F,model fa=0.5 T=0.2 kappa=0.8,,,,0.081,0.247,0.000380137
F,model fa=0.5 T=0.2 kappa=0.8,,,,0.081,0.269,0.00014005
F,model fa=0.5 T=0.2 kappa=0.8,,,,0.081,0.291,6.00216e-05
F,model fa=0.5 T=0.2 kappa=0.8,,,,0.087,0.027,0.000700252
F,model fa=0.5 T=0.2 kappa=0.8,,,,0.087,0.049,0.00150054
F,model fa=0.5 T=0.2 kappa=0.8,,,,0.087,0.071,0.00178064
F,model fa=0.5 T=0.2 kappa=0.8,,,,0.087,0.093,0.00248089
F,model fa=0.5 T=0.2 kappa=0.8,,,,0.087,0.115,0.00372134
F,model fa=0.5 T=0.2 kappa=0.8,,,,0.087,0.137,0.00358129
F,model fa=0.5 T=0.2 kappa=0.8,,,,0.087,0.159,0.0033412
F,model fa=0.5 T=0.2 kappa=0.8,,,,0.087,0.181,0.00290104
F,model fa=0.5 T=0.2 kappa=0.8,,,,0.087,0.203,0.00220079
F,model fa=0.5 T=0.2 kappa=0.8,,,,0.087,0.225,0.00148053
F,model fa=0.5 T=0.2 kappa=0.8,,,,0.087,0.247,0.000940339
F,model fa=0.5 T=0.2 kappa=0.8,,,,0.087,0.269,0.000660238
F,model fa=0.5 T=0.2 kappa=0.8,,,,0.087,0.291,0.000180065
F,model fa=0.5 T=0.2 kappa=0.8,,,,0.087,0.313,8.00288e-05
F,model fa=0.5 T=0.2 kappa=0.8,,,,0.093,0.027,0.000520187
F,model fa=0.5 T=0.2 kappa=0.8,,,,0.093,0.049,0.00150054
F,model fa=0.5 T=0.2 kappa=0.8,,,,0.093,0.071,0.00186067
F,model fa=0.5 T=0.2 kappa=0.8,,,,0.093,0.093,0.00234084
F,model fa=0.5 T=0.2 kappa=0.8,,,,0.093,0.115,0.00320115
F,model fa=0.5 T=0.2 kappa=0.8,,,,0.093,0.137,0.00322116
F,model fa=0.5 T=0.2 kappa=0.8,,,,0.093,0.159,0.00412148
F,model fa=0.5 T=0.2 kappa=0.8,,,,0.093,0.181,0.00396143
F,model fa=0.5 T=0.2 kappa=0.8,,,,0.093,0.203,0.00368133
F,model fa=0.5 T=0.2 kappa=0.8,,,,0.093,0.225,0.00300108
F,model fa=0.5 T=0.2 kappa=0.8,,,,0.093,0.247,0.00294106
F,model fa=0.5 T=0.2 kappa=0.8,,,,0.093,0.269,0.0016606
F,model fa=0.5 T=0.2 kappa=0.8,,,,0.093,0.291,0.000940339
F,model fa=0.5 T=0.2 kappa=0.8,,,,0.093,0.313,0.000400144
F,model fa=0.5 T=0.2 kappa=0.8,,,,0.093,0.335,0.000220079
F,model fa=0.5 T=0.2 kappa=0.8,,,,0.093,0.357,8.00288e-05
F,model fa=0.5 T=0.2 kappa=0.8,,,,0.099,0.005,2.00072e-05
F,model fa=0.5 T=0.2 kappa=0.8,,,,0.099,0.027,0.00064023
F,model fa=0.5 T=0.2 kappa=0.8,,,,0.099,0.049,0.00130047
F,model fa=0.5 T=0.2 kappa=0.8,,,,0.099,0.071,0.00186067
F,model fa=0.5 T=0.2 kappa=0.8,,,,0.099,0.093,0.00248089
F,model fa=0.5 T=0.2 kappa=0.8,,,,0.099,0.115,0.00314113
F,model fa=0.5 T=0.2 kappa=0.8,,,,0.099,0.137,0.00358129
F,model fa=0.5 T=0.2 kappa=0.8,,,,0.099,0.159,0.00368133
F,model fa=0.5 T=0.2 kappa=0.8,,,,0.099,0.181,0.00430155
F,model fa=0.5 T=0.2 kappa=0.8,,,,0.099,0.203,0.0041615
F,model fa=0.5 T=0.2 kappa=0.8,,,,0.099,0.225,0.00370133
F,model fa=0.5 T=0.2 kappa=0.8,,,,0.099,0.247,0.0033412
F,model fa=0.5 T=0.2 kappa=0.8,,,,0.099,0.269,0.00254091
F,model fa=0.5 T=0.2 kappa=0.8,,,,0.099,0.291,0.00174063
F,model fa=0.5 T=0.2 kappa=0.8,,,,0.099,0.313,0.0011204
F,model fa=0.5 T=0.2 kappa=0.8,,,,0.099,0.335,0.000340122
F,model fa=0.5 T=0.2 kappa=0.8,,,,0.099,0.357,0.000200072
F,model fa=0.5 T=0.2 kappa=0.8,,,,0.099,0.379,8.00288e-05
F,model fa=0.5 T=0.2 kappa=0.8,,,,0.105,0.027,0.00086031
F,model fa=0.5 T=0.2 kappa=0.8,,,,0.105,0.049,0.00210076
F,model fa=0.5 T=0.2 kappa=0.8,,,,0.105,0.071,0.0022208
F,model fa=0.5 T=0.2 kappa=0.8,,,,0.105,0.093,0.00302109
F,model fa=0.5 T=0.2 kappa=0.8,,,,0.105,0.115,0.0038814
F,model fa=0.5 T=0.2 kappa=0.8,,,,0.105,0.137,0.00348125
F,model fa=0.5 T=0.2 kappa=0.8,,,,0.105,0.159,0.00454163
F,model fa=0.5 T=0.2 kappa=0.8,,,,0.105,0.181,0.00364131
F,model fa=0.5 T=0.2 kappa=0.8,,,,0.105,0.203,0.00342123
F,model fa=0.5 T=0.2 kappa=0.8,,,,0.105,0.225,0.00330119
F,model fa=0.5 T=0.2 kappa=0.8,,,,0.105,0.247,0.00312112
F,model fa=0.5 T=0.2 kappa=0.8,,,,0.105,0.269,0.00304109
F,model fa=0.5 T=0.2 kappa=0.8,,,,0.105,0.291,0.00210076
F,model fa=0.5 T=0.2 kappa=0.8,,,,0.105,0.313,0.00148053
F,model fa=0.5 T=0.2 kappa=0.8,,,,0.105,0.335,0.000600216
F,model fa=0.5 T=0.2 kappa=0.8,,,,0.105,0.357,0.000320115
F,model fa=0.5 T=0.2 kappa=0.8,,,,0.105,0.379,0.000180065
F,model fa=0.5 T=0.2 kappa=0.8,,,,0.105,0.401,0.000100036
F,model fa=0.5 T=0.2 kappa=0.8,,,,0.105,0.423,4.00144e-05
F,model fa=0.5 T=0.2 kappa=0.8,,,,0.111,0.005,2.00072e-05
F,model fa=0.5 T=0.2 kappa=0.8,,,,0.111,0.027,0.000980353
F,model fa=0.5 T=0.2 kappa=0.8,,,,0.111,0.049,0.00290104
F,model fa=0.5 T=0.2 kappa=0.8,,,,0.111,0.071,0.00348125
F,model fa=0.5 T=0.2 kappa=0.8,,,,0.111,0.093,0.00364131
F,model fa=0.5 T=0.2 kappa=0.8,,,,0.111,0.115,0.00392141
F,model fa=0.5 T=0.2 kappa=0.8,,,,0.111,0.137,0.00426153
F,model fa=0.5 T=0.2 kappa=0.8,,,,0.111,0.159,0.00384138
F,model fa=0.5 T=0.2 kappa=0.8,,,,0.111,0.181,0.00398143
F,model fa=0.5 T=0.2 kappa=0.8,,,,0.111,0.203,0.00302109
F,model fa=0.5 T=0.2 kappa=0.8,,,,0.111,0.225,0.00310112
F,model fa=0.5 T=0.2 kappa=0.8,,,,0.111,0.247,0.00290104
F,model fa=0.5 T=0.2 kappa=0.8,,,,0.111,0.269,0.00274099
F,model fa=0.5 T=0.2 kappa=0.8,,,,0.111,0.291,0.00196071
F,model fa=0.5 T=0.2 kappa=0.8,,,,0.111,0.313,0.00130047
F,model fa=0.5 T=0.2 kappa=0.8,,,,0.111,0.335,0.000840303
F,model fa=0.5 T=0.2 kappa=0.8,,,,0.111,0.357,0.000320115
F,model fa=0.5 T=0.2 kappa=0.8,,,,0.111,0.379,8.00288e-05
F,model fa=0.5 T=0.2 kappa=0.8,,,,0.111,0.401,0.000220079
F,model fa=0.5 T=0.2 kappa=0.8,,,,0.111,0.423,8.00288e-05
F,model fa=0.5 T=0.2 kappa=0.8,,,,0.111,0.445,2.00072e-05
F,model fa=0.5 T=0.2 kappa=0.8,,,,0.117,0.005,2.00072e-05
F,model fa=0.5 T=0.2 kappa=0.8,,,,0.117,0.027,0.000980353
F,model fa=0.5 T=0.2 kappa=0.8,,,,0.117,0.049,0.00232084
F,model fa=0.5 T=0.2 kappa=0.8,,,,0.117,0.071,0.00348125
F,model fa=0.5 T=0.2 kappa=0.8,,,,0.117,0.093,0.0036213
F,model fa=0.5 T=0.2 kappa=0.8,,,,0.117,0.115,0.00400144
F,model fa=0.5 T=0.2 kappa=0.8,,,,0.117,0.137,0.00412148
F,model fa=0.5 T=0.2 kappa=0.8,,,,0.117,0.159,0.00372134
F,model fa=0.5 T=0.2 kappa=0.8,,,,0.117,0.181,0.00356128
F,model fa=0.5 T=0.2 kappa=0.8,,,,0.117,0.203,0.00338122
F,model fa=0.5 T=0.2 kappa=0.8,,,,0.117,0.225,0.00322116
F,model fa=0.5 T=0.2 kappa=0.8,,,,0.117,0.247,0.00370133
F,model fa=0.5 T=0.2 kappa=0.8,,,,0.117,0.269,0.00290104
F,model fa=0.5 T=0.2 kappa=0.8,,,,0.117,0.291,0.00184066
F,model fa=0.5 T=0.2 kappa=0.8,,,,0.117,0.313,0.00156056
F,model fa=0.5 T=0.2 kappa=0.8,,,,0.117,0.335,0.000920331
F,model fa=0.5 T=0.2 kappa=0.8,,,,0.117,0.357,0.000380137
F,model fa=0.5 T=0.2 kappa=0.8,,,,0.117,0.379,0.000260094
F,model fa=0.5 T=0.2 kappa=0.8,,,,0.117,0.401,0.000220079
F,model fa=0.5 T=0.2 kappa=0.8,,,,0.117,0.423,0.00014005
F,model fa=0.5 T=0.2 kappa=0.8,,,,0.117,0.445,0.000100036
F,model fa=0.5 T=0.2 kappa=0.8,,,,0.117,0.467,2.00072e-05
F,model fa=0.5 T=0.2 kappa=0.8,,,,0.123,0.027,0.000700252
F,model fa=0.5 T=0.2 kappa=0.8,,,,0.123,0.049,0.00206074
F,model fa=0.5 T=0.2 kappa=0.8,,,,0.123,0.071,0.00234084
F,model fa=0.5 T=0.2 kappa=0.8,,,,0.123,0.093,0.00280101
F,model fa=0.5 T=0.2 kappa=0.8,,,,0.123,0.115,0.00322116
F,model fa=0.5 T=0.2 kappa=0.8,,,,0.123,0.137,0.00308111
F,model fa=0.5 T=0.2 kappa=0.8,,,,0.123,0.159,0.0039014
F,model fa=0.5 T=0.2 kappa=0.8,,,,0.123,0.181,0.00320115
F,model fa=0.5 T=0.2 kappa=0.8,,,,0.123,0.203,0.00308111
F,model fa=0.5 T=0.2 kappa=0.8,,,,0.123,0.225,0.00312112
F,model fa=0.5 T=0.2 kappa=0.8,,,,0.123,0.247,0.00282102
F,model fa=0.5 T=0.2 kappa=0.8,,,,0.123,0.269,0.00242087
F,model fa=0.5 T=0.2 kappa=0.8,,,,0.123,0.291,0.00232084
F,model fa=0.5 T=0.2 kappa=0.8,,,,0.123,0.313,0.00128046
F,model fa=0.5 T=0.2 kappa=0.8,,,,0.123,0.335,0.000800288
F,model fa=0.5 T=0.2 kappa=0.8,,,,0.123,0.357,0.000400144
F,model fa=0.5 T=0.2 kappa=0.8,,,,0.123,0.379,0.000160058
F,model fa=0.5 T=0.2 kappa=0.8,,,,0.123,0.401,0.000220079
F,model fa=0.5 T=0.2 kappa=0.8,,,,0.123,0.423,0.000180065
F,model fa=0.5 T=0.2 kappa=0.8,,,,0.123,0.445,0.000220079
F,model fa=0.5 T=0.2 kappa=0.8,,,,0.123,0.467,6.00216e-05
F,model fa=0.5 T=0.2 kappa=0.8,,,,0.129,0.005,6.00216e-05
F,model fa=0.5 T=0.2 kappa=0.8,,,,0.129,0.027,0.00100036
F,model fa=0.5 T=0.2 kappa=0.8,,,,0.129,0.049,0.00208075
F,model fa=0.5 T=0.2 kappa=0.8,,,,0.129,0.071,0.00226081
F,model fa=0.5 T=0.2 kappa=0.8,,,,0.129,0.093,0.00200072
F,model fa=0.5 T=0.2 kappa=0.8,,,,0.129,0.115,0.00256092
F,model fa=0.5 T=0.2 kappa=0.8,,,,0.129,0.137,0.00230083
F,model fa=0.5 T=0.2 kappa=0.8,,,,0.129,0.159,0.00242087
F,model fa=0.5 T=0.2 kappa=0.8,,,,0.129,0.181,0.00356128
F,model fa=0.5 T=0.2 kappa=0.8,,,,0.129,0.203,0.00288104
F,model fa=0.5 T=0.2 kappa=0.8,,,,0.129,0.225,0.002781
F,model fa=0.5 T=0.2 kappa=0.8,,,,0.129,0.247,0.00220079
F,model fa=0.5 T=0.2 kappa=0.8,,,,0.129,0.269,0.0022208
F,model fa=0.5 T=0.2 kappa=0.8,,,,0.129,0.291,0.00200072
F,model fa=0.5 T=0.2 kappa=0.8,,,,0.129,0.313,0.0014005
F,model fa=0.5 T=0.2 kappa=0.8,,,,0.129,0.335,0.000720259
F,model fa=0.5 T=0.2 kappa=0.8,,,,0.129,0.357,0.000620223
F,model fa=0.5 T=0.2 kappa=0.8,,,,0.129,0.379,0.000340122
F,model fa=0.5 T=0.2 kappa=0.8,,,,0.129,0.401,0.00036013
F,model fa=0.5 T=0.2 kappa=0.8,,,,0.129,0.423,0.000200072
F,model fa=0.5 T=0.2 kappa=0.8,,,,0.129,0.445,0.00036013
F,model fa=0.5 T=0.2 kappa=0.8,,,,0.129,0.467,0.000160058
F,model fa=0.5 T=0.2 kappa=0.8,,,,0.129,0.489,4.00144e-05
F,model fa=0.5 T=0.2 kappa=0.8,,,,0.129,0.511,2.00072e-05
F,model fa=0.5 T=0.2 kappa=0.8,,,,0.135,0.005,8.00288e-05
F,model fa=0.5 T=0.2 kappa=0.8,,,,0.135,0.027,0.00266096
F,model fa=0.5 T=0.2 kappa=0.8,,,,0.135,0.049,0.00328118
F,model fa=0.5 T=0.2 kappa=0.8,,,,0.135,0.071,0.00252091
F,model fa=0.5 T=0.2 kappa=0.8,,,,0.135,0.093,0.00224081
F,model fa=0.5 T=0.2 kappa=0.8,,,,0.135,0.115,0.00258093
F,model fa=0.5 T=0.2 kappa=0.8,,,,0.135,0.137,0.00242087
F,model fa=0.5 T=0.2 kappa=0.8,,,,0.135,0.159,0.00242087
F,model fa=0.5 T=0.2 kappa=0.8,,,,0.135,0.181,0.00242087
F,model fa=0.5 T=0.2 kappa=0.8,,,,0.135,0.203,0.00270097
F,model fa=0.5 T=0.2 kappa=0.8,,,,0.135,0.225,0.00244088
F,model fa=0.5 T=0.2 kappa=0.8,,,,0.135,0.247,0.00182066
F,model fa=0.5 T=0.2 kappa=0.8,,,,0.135,0.269,0.00174063
F,model fa=0.5 T=0.2 kappa=0.8,,,,0.135,0.291,0.00124045
F,model fa=0.5 T=0.2 kappa=0.8,,,,0.135,0.313,0.000940339
F,model fa=0.5 T=0.2 kappa=0.8,,,,0.135,0.335,0.000780281
F,model fa=0.5 T=0.2 kappa=0.8,,,,0.135,0.357,0.000440158
F,model fa=0.5 T=0.2 kappa=0.8,,,,0.135,0.379,0.000480173
F,model fa=0.5 T=0.2 kappa=0.8,,,,0.135,0.401,0.000300108
F,model fa=0.5 T=0.2 kappa=0.8,,,,0.135,0.423,0.000540194
F,model fa=0.5 T=0.2 kappa=0.8,,,,0.135,0.445,0.000160058
F,model fa=0.5 T=0.2 kappa=0.8,,,,0.135,0.467,0.000120043
F,model fa=0.5 T=0.2 kappa=0.8,,,,0.135,0.489,0.000200072
F,model fa=0.5 T=0.2 kappa=0.8,,,,0.141,0.027,0.00606218
F,model fa=0.5 T=0.2 kappa=0.8,,,,0.141,0.049,0.00994358
F,model fa=0.5 T=0.2 kappa=0.8,,,,0.141,0.071,0.00800288
F,model fa=0.5 T=0.2 kappa=0.8,,,,0.141,0.093,0.00856308
F,model fa=0.5 T=0.2 kappa=0.8,,,,0.141,0.115,0.00588212
F,model fa=0.5 T=0.2 kappa=0.8,,,,0.141,0.137,0.00256092
F,model fa=0.5 T=0.2 kappa=0.8,,,,0.141,0.159,0.00216078
F,model fa=0.5 T=0.2 kappa=0.8,,,,0.141,0.181,0.00200072
F,model fa=0.5 T=0.2 kappa=0.8,,,,0.141,0.203,0.00142051
F,model fa=0.5 T=0.2 kappa=0.8,,,,0.141,0.225,0.0013805
F,model fa=0.5 T=0.2 kappa=0.8,,,,0.141,0.247,0.00174063
F,model fa=0.5 T=0.2 kappa=0.8,,,,0.141,0.269,0.00106038
F,model fa=0.5 T=0.2 kappa=0.8,,,,0.141,0.291,0.000920331
F,model fa=0.5 T=0.2 kappa=0.8,,,,0.141,0.313,0.000600216
F,model fa=0.5 T=0.2 kappa=0.8,,,,0.141,0.335,0.000400144
F,model fa=0.5 T=0.2 kappa=0.8,,,,0.141,0.357,0.000480173
F,model fa=0.5 T=0.2 kappa=0.8,,,,0.141,0.379,0.00050018
F,model fa=0.5 T=0.2 kappa=0.8,,,,0.141,0.401,0.000300108
F,model fa=0.5 T=0.2 kappa=0.8,,,,0.141,0.423,0.00036013
F,model fa=0.5 T=0.2 kappa=0.8,,,,0.141,0.445,0.00036013
F,model fa=0.5 T=0.2 kappa=0.8,,,,0.141,0.467,0.000200072
F,model fa=0.5 T=0.2 kappa=0.8,,,,0.141,0.489,0.000200072
F,model fa=0.5 T=0.2 kappa=0.8,,,,0.141,0.511,0.000100036
F,model fa=0.5 T=0.2 kappa=0.8,,,,0.141,0.533,4.00144e-05
F,model fa=0.5 T=0.2 kappa=0.8,,,,0.147,0.027,2.00072e-05
F,model fa=0.5 T=0.2 kappa=0.8,,,,0.147,0.049,0.000420151
F,model fa=0.5 T=0.2 kappa=0.8,,,,0.147,0.071,0.00136049
F,model fa=0.5 T=0.2 kappa=0.8,,,,0.147,0.093,0.00176063
F,model fa=0.5 T=0.2 kappa=0.8,,,,0.147,0.115,0.00486175
F,model fa=0.5 T=0.2 kappa=0.8,,,,0.147,0.137,0.00784282
F,model fa=0.5 T=0.2 kappa=0.8,,,,0.147,0.159,0.00590212
F,model fa=0.5 T=0.2 kappa=0.8,,,,0.147,0.181,0.00234084
F,model fa=0.5 T=0.2 kappa=0.8,,,,0.147,0.203,0.00130047
F,model fa=0.5 T=0.2 kappa=0.8,,,,0.147,0.225,0.0011004
F,model fa=0.5 T=0.2 kappa=0.8,,,,0.147,0.247,0.000840303
F,model fa=0.5 T=0.2 kappa=0.8,,,,0.147,0.269,0.000700252
F,model fa=0.5 T=0.2 kappa=0.8,,,,0.147,0.291,0.000680245
F,model fa=0.5 T=0.2 kappa=0.8,,,,0.147,0.313,0.000380137
F,model fa=0.5 T=0.2 kappa=0.8,,,,0.147,0.335,0.000420151
F,model fa=0.5 T=0.2 kappa=0.8,,,,0.147,0.357,0.000560202
F,model fa=0.5 T=0.2 kappa=0.8,,,,0.147,0.379,0.000340122
F,model fa=0.5 T=0.2 kappa=0.8,,,,0.147,0.401,0.000400144
F,model fa=0.5 T=0.2 kappa=0.8,,,,0.147,0.423,0.00036013
F,model fa=0.5 T=0.2 kappa=0.8,,,,0.147,0.445,0.000300108
F,model fa=0.5 T=0.2 kappa=0.8,,,,0.147,0.467,0.000320115
F,model fa=0.5 T=0.2 kappa=0.8,,,,0.147,0.489,0.000380137
F,model fa=0.5 T=0.2 kappa=0.8,,,,0.147,0.511,0.000200072
F,model fa=0.5 T=0.2 kappa=0.8,,,,0.147,0.533,4.00144e-05
F,model fa=0.5 T=0.2 kappa=0.8,,,,0.147,0.555,4.00144e-05
F,model fa=0.5 T=0.2 kappa=0.8,,,,0.153,0.049,2.00072e-05
F,model fa=0.5 T=0.2 kappa=0.8,,,,0.153,0.071,0.00036013
F,model fa=0.5 T=0.2 kappa=0.8,,,,0.153,0.093,0.000740266
F,model fa=0.5 T=0.2 kappa=0.8,,,,0.153,0.115,0.000900324
F,model fa=0.5 T=0.2 kappa=0.8,,,,0.153,0.137,0.000840303
F,model fa=0.5 T=0.2 kappa=0.8,,,,0.153,0.159,0.00230083
F,model fa=0.5 T=0.2 kappa=0.8,,,,0.153,0.181,0.00576207
F,model fa=0.5 T=0.2 kappa=0.8,,,,0.153,0.203,0.00514185
F,model fa=0.5 T=0.2 kappa=0.8,,,,0.153,0.225,0.00134048
F,model fa=0.5 T=0.2 kappa=0.8,,,,0.153,0.247,0.000680245
F,model fa=0.5 T=0.2 kappa=0.8,,,,0.153,0.269,0.000740266
F,model fa=0.5 T=0.2 kappa=0.8,,,,0.153,0.291,0.000560202
F,model fa=0.5 T=0.2 kappa=0.8,,,,0.153,0.313,0.000460166
F,model fa=0.5 T=0.2 kappa=0.8,,,,0.153,0.335,0.000580209
F,model fa=0.5 T=0.2 kappa=0.8,,,,0.153,0.357,0.000540194
F,model fa=0.5 T=0.2 kappa=0.8,,,,0.153,0.379,0.000460166
F,model fa=0.5 T=0.2 kappa=0.8,,,,0.153,0.401,0.000300108
F,model fa=0.5 T=0.2 kappa=0.8,,,,0.153,0.423,0.00036013
F,model fa=0.5 T=0.2 kappa=0.8,,,,0.153,0.445,0.000520187
F,model fa=0.5 T=0.2 kappa=0.8,,,,0.153,0.467,0.000200072
F,model fa=0.5 T=0.2 kappa=0.8,,,,0.153,0.489,0.000240086
F,model fa=0.5 T=0.2 kappa=0.8,,,,0.153,0.511,0.000220079
F,model fa=0.5 T=0.2 kappa=0.8,,,,0.153,0.533,0.000160058
F,model fa=0.5 T=0.2 kappa=0.8,,,,0.153,0.555,4.00144e-05
F,model fa=0.5 T=0.2 kappa=0.8,,,,0.153,0.577,2.00072e-05
F,model fa=0.5 T=0.2 kappa=0.8,,,,0.159,0.093,2.00072e-05
F,model fa=0.5 T=0.2 kappa=0.8,,,,0.159,0.115,0.00014005
F,model fa=0.5 T=0.2 kappa=0.8,,,,0.159,0.137,0.000480173
F,model fa=0.5 T=0.2 kappa=0.8,,,,0.159,0.159,0.000300108
F,model fa=0.5 T=0.2 kappa=0.8,,,,0.159,0.181,0.000480173
F,model fa=0.5 T=0.2 kappa=0.8,,,,0.159,0.203,0.00212076
F,model fa=0.5 T=0.2 kappa=0.8,,,,0.159,0.225,0.00650234
F,model fa=0.5 T=0.2 kappa=0.8,,,,0.159,0.247,0.00324117
F,model fa=0.5 T=0.2 kappa=0.8,,,,0.159,0.269,0.00108039
F,model fa=0.5 T=0.2 kappa=0.8,,,,0.159,0.291,0.000660238
F,model fa=0.5 T=0.2 kappa=0.8,,,,0.159,0.313,0.000440158
F,model fa=0.5 T=0.2 kappa=0.8,,,,0.159,0.335,0.00050018
F,model fa=0.5 T=0.2 kappa=0.8,,,,0.159,0.357,0.000300108
F,model fa=0.5 T=0.2 kappa=0.8,,,,0.159,0.379,0.000280101
F,model fa=0.5 T=0.2 kappa=0.8,,,,0.159,0.401,0.000380137
F,model fa=0.5 T=0.2 kappa=0.8,,,,0.159,0.423,0.00036013
F,model fa=0.5 T=0.2 kappa=0.8,,,,0.159,0.445,0.000340122
F,model fa=0.5 T=0.2 kappa=0.8,,,,0.159,0.467,0.000260094
F,model fa=0.5 T=0.2 kappa=0.8,,,,0.159,0.489,0.000380137
F,model fa=0.5 T=0.2 kappa=0.8,,,,0.159,0.511,0.000260094
F,model fa=0.5 T=0.2 kappa=0.8,,,,0.159,0.533,0.000260094
F,model fa=0.5 T=0.2 kappa=0.8,,,,0.159,0.555,0.000220079
F,model fa=0.5 T=0.2 kappa=0.8,,,,0.159,0.577,4.00144e-05
F,model fa=0.5 T=0.2 kappa=0.8,,,,0.165,0.137,0.000100036
F,model fa=0.5 T=0.2 kappa=0.8,,,,0.165,0.159,0.000300108
F,model fa=0.5 T=0.2 kappa=0.8,,,,0.165,0.181,0.000400144
F,model fa=0.5 T=0.2 kappa=0.8,,,,0.165,0.203,0.000460166
F,model fa=0.5 T=0.2 kappa=0.8,,,,0.165,0.225,0.000460166
F,model fa=0.5 T=0.2 kappa=0.8,,,,0.165,0.247,0.00366132
F,model fa=0.5 T=0.2 kappa=0.8,,,,0.165,0.269,0.00502181
F,model fa=0.5 T=0.2 kappa=0.8,,,,0.165,0.291,0.00204073
F,model fa=0.5 T=0.2 kappa=0.8,,,,0.165,0.313,0.000620223
F,model fa=0.5 T=0.2 kappa=0.8,,,,0.165,0.335,0.000580209
F,model fa=0.5 T=0.2 kappa=0.8,,,,0.165,0.357,0.000380137
F,model fa=0.5 T=0.2 kappa=0.8,,,,0.165,0.379,0.00050018
F,model fa=0.5 T=0.2 kappa=0.8,,,,0.165,0.401,0.00050018
F,model fa=0.5 T=0.2 kappa=0.8,,,,0.165,0.423,0.000340122
F,model fa=0.5 T=0.2 kappa=0.8,,,,0.165,0.445,0.000200072
F,model fa=0.5 T=0.2 kappa=0.8,,,,0.165,0.467,0.000320115
F,model fa=0.5 T=0.2 kappa=0.8,,,,0.165,0.489,0.000320115
F,model fa=0.5 T=0.2 kappa=0.8,,,,0.165,0.511,0.000260094
F,model fa=0.5 T=0.2 kappa=0.8,,,,0.165,0.533,0.000260094
F,model fa=0.5 T=0.2 kappa=0.8,,,,0.165,0.555,0.000200072
F,model fa=0.5 T=0.2 kappa=0.8,,,,0.165,0.577,0.000100036
F,model fa=0.5 T=0.2 kappa=0.8,,,,0.165,0.599,0.000120043
F,model fa=0.5 T=0.2 kappa=0.8,,,,0.171,0.159,4.00144e-05
F,model fa=0.5 T=0.2 kappa=0.8,,,,0.171,0.181,0.000240086
F,model fa=0.5 T=0.2 kappa=0.8,,,,0.171,0.203,0.00036013
F,model fa=0.5 T=0.2 kappa=0.8,,,,0.171,0.225,0.00036013
F,model fa=0.5 T=0.2 kappa=0.8,,,,0.171,0.247,0.00036013
F,model fa=0.5 T=0.2 kappa=0.8,,,,0.171,0.269,0.00108039
F,model fa=0.5 T=0.2 kappa=0.8,,,,0.171,0.291,0.00524189
F,model fa=0.5 T=0.2 kappa=0.8,,,,0.171,0.313,0.00320115
F,model fa=0.5 T=0.2 kappa=0.8,,,,0.171,0.335,0.000820295
F,model fa=0.5 T=0.2 kappa=0.8,,,,0.171,0.357,0.000660238
F,model fa=0.5 T=0.2 kappa=0.8,,,,0.171,0.379,0.000480173
F,model fa=0.5 T=0.2 kappa=0.8,,,,0.171,0.401,0.000560202
F,model fa=0.5 T=0.2 kappa=0.8,,,,0.171,0.423,0.000440158
F,model fa=0.5 T=0.2 kappa=0.8,,,,0.171,0.445,0.000160058
F,model fa=0.5 T=0.2 kappa=0.8,,,,0.171,0.467,0.00036013
F,model fa=0.5 T=0.2 kappa=0.8,,,,0.171,0.489,0.000440158
F,model fa=0.5 T=0.2 kappa=0.8,,,,0.171,0.511,0.000480173
F,model fa=0.5 T=0.2 kappa=0.8,,,,0.171,0.533,0.000380137
F,model fa=0.5 T=0.2 kappa=0.8,,,,0.171,0.555,0.000320115
F,model fa=0.5 T=0.2 kappa=0.8,,,,0.171,0.577,0.00014005
F,model fa=0.5 T=0.2 kappa=0.8,,,,0.171,0.599,0.000100036
F,model fa=0.5 T=0.2 kappa=0.8,,,,0.171,0.621,2.00072e-05
F,model fa=0.5 T=0.2 kappa=0.8,,,,0.177,0.203,0.000240086
F,model fa=0.5 T=0.2 kappa=0.8,,,,0.177,0.225,0.00036013
F,model fa=0.5 T=0.2 kappa=0.8,,,,0.177,0.247,0.000460166
F,model fa=0.5 T=0.2 kappa=0.8,,,,0.177,0.269,0.000240086
F,model fa=0.5 T=0.2 kappa=0.8,,,,0.177,0.291,0.000340122
F,model fa=0.5 T=0.2 kappa=0.8,,,,0.177,0.313,0.00350126
F,model fa=0.5 T=0.2 kappa=0.8,,,,0.177,0.335,0.00492177
F,model fa=0.5 T=0.2 kappa=0.8,,,,0.177,0.357,0.0013805
F,model fa=0.5 T=0.2 kappa=0.8,,,,0.177,0.379,0.00064023
F,model fa=0.5 T=0.2 kappa=0.8,,,,0.177,0.401,0.000480173
F,model fa=0.5 T=0.2 kappa=0.8,,,,0.177,0.423,0.000660238
F,model fa=0.5 T=0.2 kappa=0.8,,,,0.177,0.445,0.000380137
F,model fa=0.5 T=0.2 kappa=0.8,,,,0.177,0.467,0.000560202
F,model fa=0.5 T=0.2 kappa=0.8,,,,0.177,0.489,0.000300108
F,model fa=0.5 T=0.2 kappa=0.8,,,,0.177,0.511,0.000240086
F,model fa=0.5 T=0.2 kappa=0.8,,,,0.177,0.533,0.000260094
F,model fa=0.5 T=0.2 kappa=0.8,,,,0.177,0.555,0.000340122
F,model fa=0.5 T=0.2 kappa=0.8,,,,0.177,0.577,0.000320115
F,model fa=0.5 T=0.2 kappa=0.8,,,,0.177,0.599,0.000260094
F,model fa=0.5 T=0.2 kappa=0.8,,,,0.177,0.643,2.00072e-05
F,model fa=0.5 T=0.2 kappa=0.8,,,,0.183,0.225,4.00144e-05
F,model fa=0.5 T=0.2 kappa=0.8,,,,0.183,0.247,0.000220079
F,model fa=0.5 T=0.2 kappa=0.8,,,,0.183,0.269,0.000420151
F,model fa=0.5 T=0.2 kappa=0.8,,,,0.183,0.291,0.000320115
F,model fa=0.5 T=0.2 kappa=0.8,,,,0.183,0.313,0.00036013
F,model fa=0.5 T=0.2 kappa=0.8,,,,0.183,0.335,0.0016606
F,model fa=0.5 T=0.2 kappa=0.8,,,,0.183,0.357,0.00522188
F,model fa=0.5 T=0.2 kappa=0.8,,,,0.183,0.379,0.00218079
F,model fa=0.5 T=0.2 kappa=0.8,,,,0.183,0.401,0.000580209
F,model fa=0.5 T=0.2 kappa=0.8,,,,0.183,0.423,0.000620223
F,model fa=0.5 T=0.2 kappa=0.8,,,,0.183,0.445,0.000660238
F,model fa=0.5 T=0.2 kappa=0.8,,,,0.183,0.467,0.000400144
F,model fa=0.5 T=0.2 kappa=0.8,,,,0.183,0.489,0.00050018
F,model fa=0.5 T=0.2 kappa=0.8,,,,0.183,0.511,0.000320115
F,model fa=0.5 T=0.2 kappa=0.8,,,,0.183,0.533,0.000220079
F,model fa=0.5 T=0.2 kappa=0.8,,,,0.183,0.555,0.000460166
F,model fa=0.5 T=0.2 kappa=0.8,,,,0.183,0.577,0.00036013
F,model fa=0.5 T=0.2 kappa=0.8,,,,0.183,0.599,0.000280101
F,model fa=0.5 T=0.2 kappa=0.8,,,,0.183,0.621,0.000220079
F,model fa=0.5 T=0.2 kappa=0.8,,,,0.183,0.643,8.00288e-05
F,model fa=0.5 T=0.2 kappa=0.8,,,,0.189,0.247,2.00072e-05
F,model fa=0.5 T=0.2 kappa=0.8,,,,0.189,0.269,0.000180065
F,model fa=0.5 T=0.2 kappa=0.8,,,,0.189,0.291,0.000240086
F,model fa=0.5 T=0.2 kappa=0.8,,,,0.189,0.313,0.000340122
F,model fa=0.5 T=0.2 kappa=0.8,,,,0.189,0.335,0.000280101
F,model fa=0.5 T=0.2 kappa=0.8,,,,0.189,0.357,0.000900324
F,model fa=0.5 T=0.2 kappa=0.8,,,,0.189,0.379,0.00412148
F,model fa=0.5 T=0.2 kappa=0.8,,,,0.189,0.401,0.00340122
F,model fa=0.5 T=0.2 kappa=0.8,,,,0.189,0.423,0.00108039
F,model fa=0.5 T=0.2 kappa=0.8,,,,0.189,0.445,0.000560202
F,model fa=0.5 T=0.2 kappa=0.8,,,,0.189,0.467,0.000460166
F,model fa=0.5 T=0.2 kappa=0.8,,,,0.189,0.489,0.00036013
F,model fa=0.5 T=0.2 kappa=0.8,,,,0.189,0.511,0.000340122
F,model fa=0.5 T=0.2 kappa=0.8,,,,0.189,0.533,0.000400144
F,model fa=0.5 T=0.2 kappa=0.8,,,,0.189,0.555,0.000480173
F,model fa=0.5 T=0.2 kappa=0.8,,,,0.189,0.577,0.000480173
F,model fa=0.5 T=0.2 kappa=0.8,,,,0.189,0.599,0.00050018
F,model fa=0.5 T=0.2 kappa=0.8,,,,0.189,0.621,0.000260094
F,model fa=0.5 T=0.2 kappa=0.8,,,,0.189,0.643,0.000200072
F,model fa=0.5 T=0.2 kappa=0.8,,,,0.189,0.665,6.00216e-05
F,model fa=0.5 T=0.2 kappa=0.8,,,,0.189,0.687,2.00072e-05
F,model fa=0.5 T=0.2 kappa=0.8,,,,0.195,0.291,8.00288e-05
F,model fa=0.5 T=0.2 kappa=0.8,,,,0.195,0.313,0.000460166
F,model fa=0.5 T=0.2 kappa=0.8,,,,0.195,0.335,0.000320115
F,model fa=0.5 T=0.2 kappa=0.8,,,,0.195,0.357,0.000380137
F,model fa=0.5 T=0.2 kappa=0.8,,,,0.195,0.379,0.000520187
F,model fa=0.5 T=0.2 kappa=0.8,,,,0.195,0.401,0.00296107
F,model fa=0.5 T=0.2 kappa=0.8,,,,0.195,0.423,0.0039014
F,model fa=0.5 T=0.2 kappa=0.8,,,,0.195,0.445,0.00122044
F,model fa=0.5 T=0.2 kappa=0.8,,,,0.195,0.467,0.000580209
F,model fa=0.5 T=0.2 kappa=0.8,,,,0.195,0.489,0.000660238
F,model fa=0.5 T=0.2 kappa=0.8,,,,0.195,0.511,0.000340122
F,model fa=0.5 T=0.2 kappa=0.8,,,,0.195,0.533,0.000520187
F,model fa=0.5 T=0.2 kappa=0.8,,,,0.195,0.555,0.000460166
F,model fa=0.5 T=0.2 kappa=0.8,,,,0.195,0.577,0.000440158
F,model fa=0.5 T=0.2 kappa=0.8,,,,0.195,0.599,0.000320115
F,model fa=0.5 T=0.2 kappa=0.8,,,,0.195,0.621,0.000300108
F,model fa=0.5 T=0.2 kappa=0.8,,,,0.195,0.643,0.000180065
F,model fa=0.5 T=0.2 kappa=0.8,,,,0.195,0.665,0.000260094
F,model fa=0.5 T=0.2 kappa=0.8,,,,0.195,0.687,0.000100036
F,model fa=0.5 T=0.2 kappa=0.8,,,,0.195,0.709,4.00144e-05
F,model fa=0.5 T=0.2 kappa=0.8,,,,0.201,0.313,8.00288e-05
F,model fa=0.5 T=0.2 kappa=0.8,,,,0.201,0.335,0.000200072
F,model fa=0.5 T=0.2 kappa=0.8,,,,0.201,0.357,0.000320115
F,model fa=0.5 T=0.2 kappa=0.8,,,,0.201,0.379,0.000480173
F,model fa=0.5 T=0.2 kappa=0.8,,,,0.201,0.401,0.000340122
F,model fa=0.5 T=0.2 kappa=0.8,,,,0.201,0.423,0.00178064
F,model fa=0.5 T=0.2 kappa=0.8,,,,0.201,0.445,0.00492177
F,model fa=0.5 T=0.2 kappa=0.8,,,,0.201,0.467,0.00224081
F,model fa=0.5 T=0.2 kappa=0.8,,,,0.201,0.489,0.000700252
F,model fa=0.5 T=0.2 kappa=0.8,,,,0.201,0.511,0.00064023
F,model fa=0.5 T=0.2 kappa=0.8,,,,0.201,0.533,0.000480173
F,model fa=0.5 T=0.2 kappa=0.8,,,,0.201,0.555,0.000580209
F,model fa=0.5 T=0.2 kappa=0.8,,,,0.201,0.577,0.00050018
F,model fa=0.5 T=0.2 kappa=0.8,,,,0.201,0.599,0.000300108
F,model fa=0.5 T=0.2 kappa=0.8,,,,0.201,0.621,0.000480173
F,model fa=0.5 T=0.2 kappa=0.8,,,,0.201,0.643,0.000320115
F,model fa=0.5 T=0.2 kappa=0.8,,,,0.201,0.665,0.000280101
F,model fa=0.5 T=0.2 kappa=0.8,,,,0.201,0.687,0.000240086
F,model fa=0.5 T=0.2 kappa=0.8,,,,0.201,0.709,4.00144e-05
F,model fa=0.5 T=0.2 kappa=0.8,,,,0.201,0.731,4.00144e-05
F,model fa=0.5 T=0.2 kappa=0.8,,,,0.207,0.335,2.00072e-05
F,model fa=0.5 T=0.2 kappa=0.8,,,,0.207,0.357,0.000200072
F,model fa=0.5 T=0.2 kappa=0.8,,,,0.207,0.379,0.000380137
F,model fa=0.5 T=0.2 kappa=0.8,,,,0.207,0.401,0.000260094
F,model fa=0.5 T=0.2 kappa=0.8,,,,0.207,0.423,0.000300108
F,model fa=0.5 T=0.2 kappa=0.8,,,,0.207,0.445,0.00100036
F,model fa=0.5 T=0.2 kappa=0.8,,,,0.207,0.467,0.00382138
F,model fa=0.5 T=0.2 kappa=0.8,,,,0.207,0.489,0.0033212
F,model fa=0.5 T=0.2 kappa=0.8,,,,0.207,0.511,0.00122044
F,model fa=0.5 T=0.2 kappa=0.8,,,,0.207,0.533,0.000540194
F,model fa=0.5 T=0.2 kappa=0.8,,,,0.207,0.555,0.000580209
F,model fa=0.5 T=0.2 kappa=0.8,,,,0.207,0.577,0.000380137
F,model fa=0.5 T=0.2 kappa=0.8,,,,0.207,0.599,0.000480173
F,model fa=0.5 T=0.2 kappa=0.8,,,,0.207,0.621,0.000520187
F,model fa=0.5 T=0.2 kappa=0.8,,,,0.207,0.643,0.00050018
F,model fa=0.5 T=0.2 kappa=0.8,,,,0.207,0.665,0.000440158
F,model fa=0.5 T=0.2 kappa=0.8,,,,0.207,0.687,0.000620223
F,model fa=0.5 T=0.2 kappa=0.8,,,,0.207,0.709,0.000160058
F,model fa=0.5 T=0.2 kappa=0.8,,,,0.207,0.731,4.00144e-05
F,model fa=0.5 T=0.2 kappa=0.8,,,,0.213,0.379,4.00144e-05
F,model fa=0.5 T=0.2 kappa=0.8,,,,0.213,0.401,0.000180065
F,model fa=0.5 T=0.2 kappa=0.8,,,,0.213,0.423,0.000400144
F,model fa=0.5 T=0.2 kappa=0.8,,,,0.213,0.445,0.000160058
F,model fa=0.5 T=0.2 kappa=0.8,,,,0.213,0.467,0.000480173
F,model fa=0.5 T=0.2 kappa=0.8,,,,0.213,0.489,0.00312112
F,model fa=0.5 T=0.2 kappa=0.8,,,,0.213,0.511,0.00344124
F,model fa=0.5 T=0.2 kappa=0.8,,,,0.213,0.533,0.00154055
F,model fa=0.5 T=0.2 kappa=0.8,,,,0.213,0.555,0.000580209
F,model fa=0.5 T=0.2 kappa=0.8,,,,0.213,0.577,0.000560202
F,model fa=0.5 T=0.2 kappa=0.8,,,,0.213,0.599,0.000380137
F,model fa=0.5 T=0.2 kappa=0.8,,,,0.213,0.621,0.000480173
F,model fa=0.5 T=0.2 kappa=0.8,,,,0.213,0.643,0.000580209
F,model fa=0.5 T=0.2 kappa=0.8,,,,0.213,0.665,0.000480173
F,model fa=0.5 T=0.2 kappa=0.8,,,,0.213,0.687,0.000420151
F,model fa=0.5 T=0.2 kappa=0.8,,,,0.213,0.709,0.000320115
F,model fa=0.5 T=0.2 kappa=0.8,,,,0.213,0.731,0.000240086
F,model fa=0.5 T=0.2 kappa=0.8,,,,0.213,0.753,2.00072e-05
F,model fa=0.5 T=0.2 kappa=0.8,,,,0.219,0.423,0.000100036
F,model fa=0.5 T=0.2 kappa=0.8,,,,0.219,0.445,0.000160058
F,model fa=0.5 T=0.2 kappa=0.8,,,,0.219,0.467,0.000200072
F,model fa=0.5 T=0.2 kappa=0.8,,,,0.219,0.489,0.000320115
F,model fa=0.5 T=0.2 kappa=0.8,,,,0.219,0.511,0.00134048
F,model fa=0.5 T=0.2 kappa=0.8,,,,0.219,0.533,0.00476171
F,model fa=0.5 T=0.2 kappa=0.8,,,,0.219,0.555,0.00232084
F,model fa=0.5 T=0.2 kappa=0.8,,,,0.219,0.577,0.000840303
F,model fa=0.5 T=0.2 kappa=0.8,,,,0.219,0.599,0.000600216
F,model fa=0.5 T=0.2 kappa=0.8,,,,0.219,0.621,0.00050018
F,model fa=0.5 T=0.2 kappa=0.8,,,,0.219,0.643,0.000620223
F,model fa=0.5 T=0.2 kappa=0.8,,,,0.219,0.665,0.000620223
F,model fa=0.5 T=0.2 kappa=0.8,,,,0.219,0.687,0.000380137
F,model fa=0.5 T=0.2 kappa=0.8,,,,0.219,0.709,0.00064023
F,model fa=0.5 T=0.2 kappa=0.8,,,,0.219,0.731,0.000520187
F,model fa=0.5 T=0.2 kappa=0.8,,,,0.219,0.753,0.000280101
F,model fa=0.5 T=0.2 kappa=0.8,,,,0.225,0.445,2.00072e-05
F,model fa=0.5 T=0.2 kappa=0.8,,,,0.225,0.467,0.000120043
F,model fa=0.5 T=0.2 kappa=0.8,,,,0.225,0.489,0.000380137
F,model fa=0.5 T=0.2 kappa=0.8,,,,0.225,0.511,0.000320115
F,model fa=0.5 T=0.2 kappa=0.8,,,,0.225,0.533,0.000380137
F,model fa=0.5 T=0.2 kappa=0.8,,,,0.225,0.555,0.00368133
F,model fa=0.5 T=0.2 kappa=0.8,,,,0.225,0.577,0.0036013
F,model fa=0.5 T=0.2 kappa=0.8,,,,0.225,0.599,0.0016606
F,model fa=0.5 T=0.2 kappa=0.8,,,,0.225,0.621,0.000600216
F,model fa=0.5 T=0.2 kappa=0.8,,,,0.225,0.643,0.000700252
F,model fa=0.5 T=0.2 kappa=0.8,,,,0.225,0.665,0.000580209
F,model fa=0.5 T=0.2 kappa=0.8,,,,0.225,0.687,0.000680245
F,model fa=0.5 T=0.2 kappa=0.8,,,,0.225,0.709,0.000580209
F,model fa=0.5 T=0.2 kappa=0.8,,,,0.225,0.731,0.000580209
F,model fa=0.5 T=0.2 kappa=0.8,,,,0.225,0.753,0.000680245
F,model fa=0.5 T=0.2 kappa=0.8,,,,0.225,0.775,0.000200072
F,model fa=0.5 T=0.2 kappa=0.8,,,,0.225,0.797,2.00072e-05
F,model fa=0.5 T=0.2 kappa=0.8,,,,0.231,0.489,4.00144e-05
F,model fa=0.5 T=0.2 kappa=0.8,,,,0.231,0.511,6.00216e-05
F,model fa=0.5 T=0.2 kappa=0.8,,,,0.231,0.533,0.000240086
F,model fa=0.5 T=0.2 kappa=0.8,,,,0.231,0.555,0.000400144
F,model fa=0.5 T=0.2 kappa=0.8,,,,0.231,0.577,0.00200072
F,model fa=0.5 T=0.2 kappa=0.8,,,,0.231,0.599,0.00450162
F,model fa=0.5 T=0.2 kappa=0.8,,,,0.231,0.621,0.0025009
F,model fa=0.5 T=0.2 kappa=0.8,,,,0.231,0.643,0.00118042
F,model fa=0.5 T=0.2 kappa=0.8,,,,0.231,0.665,0.000520187
F,model fa=0.5 T=0.2 kappa=0.8,,,,0.231,0.687,0.000620223
F,model fa=0.5 T=0.2 kappa=0.8,,,,0.231,0.709,0.000840303
F,model fa=0.5 T=0.2 kappa=0.8,,,,0.231,0.731,0.000880317
F,model fa=0.5 T=0.2 kappa=0.8,,,,0.231,0.753,0.000780281
F,model fa=0.5 T=0.2 kappa=0.8,,,,0.231,0.775,0.000940339
F,model fa=0.5 T=0.2 kappa=0.8,,,,0.231,0.797,0.000200072
F,model fa=0.5 T=0.2 kappa=0.8,,,,0.237,0.533,2.00072e-05
F,model fa=0.5 T=0.2 kappa=0.8,,,,0.237,0.555,8.00288e-05
F,model fa=0.5 T=0.2 kappa=0.8,,,,0.237,0.577,0.000280101
F,model fa=0.5 T=0.2 kappa=0.8,,,,0.237,0.599,0.00064023
F,model fa=0.5 T=0.2 kappa=0.8,,,,0.237,0.621,0.00312112
F,model fa=0.5 T=0.2 kappa=0.8,,,,0.237,0.643,0.00452163
F,model fa=0.5 T=0.2 kappa=0.8,,,,0.237,0.665,0.00204073
F,model fa=0.5 T=0.2 kappa=0.8,,,,0.237,0.687,0.00100036
F,model fa=0.5 T=0.2 kappa=0.8,,,,0.237,0.709,0.000900324
F,model fa=0.5 T=0.2 kappa=0.8,,,,0.237,0.731,0.000840303
F,model fa=0.5 T=0.2 kappa=0.8,,,,0.237,0.753,0.000940339
F,model fa=0.5 T=0.2 kappa=0.8,,,,0.237,0.775,0.0014005
F,model fa=0.5 T=0.2 kappa=0.8,,,,0.237,0.797,0.000620223
F,model fa=0.5 T=0.2 kappa=0.8,,,,0.237,0.819,0.000220079
F,model fa=0.5 T=0.2 kappa=0.8,,,,0.243,0.577,2.00072e-05
F,model fa=0.5 T=0.2 kappa=0.8,,,,0.243,0.599,0.00014005
F,model fa=0.5 T=0.2 kappa=0.8,,,,0.243,0.621,0.000380137
F,model fa=0.5 T=0.2 kappa=0.8,,,,0.243,0.643,0.00164059
F,model fa=0.5 T=0.2 kappa=0.8,,,,0.243,0.665,0.00374135
F,model fa=0.5 T=0.2 kappa=0.8,,,,0.243,0.687,0.00294106
F,model fa=0.5 T=0.2 kappa=0.8,,,,0.243,0.709,0.00214077
F,model fa=0.5 T=0.2 kappa=0.8,,,,0.243,0.731,0.00126045
F,model fa=0.5 T=0.2 kappa=0.8,,,,0.243,0.753,0.000760274
F,model fa=0.5 T=0.2 kappa=0.8,,,,0.243,0.775,0.00172062
F,model fa=0.5 T=0.2 kappa=0.8,,,,0.243,0.797,0.00216078
F,model fa=0.5 T=0.2 kappa=0.8,,,,0.243,0.819,0.0014005
F,model fa=0.5 T=0.2 kappa=0.8,,,,0.243,0.841,0.000480173
F,model fa=0.5 T=0.2 kappa=0.8,,,,0.249,0.621,2.00072e-05
F,model fa=0.5 T=0.2 kappa=0.8,,,,0.249,0.643,6.00216e-05
F,model fa=0.5 T=0.2 kappa=0.8,,,,0.249,0.665,0.000380137
F,model fa=0.5 T=0.2 kappa=0.8,,,,0.249,0.687,0.00272098
F,model fa=0.5 T=0.2 kappa=0.8,,,,0.249,0.709,0.00380137
F,model fa=0.5 T=0.2 kappa=0.8,,,,0.249,0.731,0.00382138
F,model fa=0.5 T=0.2 kappa=0.8,,,,0.249,0.753,0.00214077
F,model fa=0.5 T=0.2 kappa=0.8,,,,0.249,0.775,0.00164059
F,model fa=0.5 T=0.2 kappa=0.8,,,,0.249,0.797,0.00260094
F,model fa=0.5 T=0.2 kappa=0.8,,,,0.249,0.819,0.00346125
F,model fa=0.5 T=0.2 kappa=0.8,,,,0.249,0.841,0.00428154
F,model fa=0.5 T=0.2 kappa=0.8,,,,0.249,0.863,0.00208075
F,model fa=0.5 T=0.2 kappa=0.8,,,,0.255,0.665,2.00072e-05
F,model fa=0.5 T=0.2 kappa=0.8,,,,0.255,0.687,8.00288e-05
F,model fa=0.5 T=0.2 kappa=0.8,,,,0.255,0.709,0.00050018
F,model fa=0.5 T=0.2 kappa=0.8,,,,0.255,0.731,0.0019407
F,model fa=0.5 T=0.2 kappa=0.8,,,,0.255,0.753,0.00408147
F,model fa=0.5 T=0.2 kappa=0.8,,,,0.255,0.775,0.00386139
F,model fa=0.5 T=0.2 kappa=0.8,,,,0.255,0.797,0.00330119
F,model fa=0.5 T=0.2 kappa=0.8,,,,0.255,0.819,0.00482174
F,model fa=0.5 T=0.2 kappa=0.8,,,,0.255,0.841,0.00936337
F,model fa=0.5 T=0.2 kappa=0.8,,,,0.255,0.863,0.0239486
F,model fa=0.5 T=0.2 kappa=0.8,,,,0.255,0.885,0.00308111
F,model fa=0.5 T=0.2 kappa=0.8,,,,0.261,0.731,4.00144e-05
F,model fa=0.5 T=0.2 kappa=0.8,,,,0.261,0.753,0.00036013
F,model fa=0.5 T=0.2 kappa=0.8,,,,0.261,0.775,0.0013805
F,model fa=0.5 T=0.2 kappa=0.8,,,,0.261,0.797,0.00288104
F,model fa=0.5 T=0.2 kappa=0.8,,,,0.261,0.819,0.00420151
F,model fa=0.5 T=0.2 kappa=0.8,,,,0.261,0.841,0.00652235
F,model fa=0.5 T=0.2 kappa=0.8,,,,0.261,0.863,0.0283702
F,model fa=0.5 T=0.2 kappa=0.8,,,,0.261,0.885,0.0608019
F,model fa=0.5 T=0.2 kappa=0.8,,,,0.261,0.907,0.00086031
F,model fa=0.5 T=0.2 kappa=0.8,,,,0.267,0.797,0.000160058
F,model fa=0.5 T=0.2 kappa=0.8,,,,0.267,0.819,0.000520187
F,model fa=0.5 T=0.2 kappa=0.8,,,,0.267,0.841,0.00160058
F,model fa=0.5 T=0.2 kappa=0.8,,,,0.267,0.863,0.00456164
F,model fa=0.5 T=0.2 kappa=0.8,,,,0.267,0.885,0.0421752
F,model fa=0.5 T=0.2 kappa=0.8,,,,0.267,0.907,0.0397143
F,model fa=0.5 T=0.2 kappa=0.8,,,,0.273,0.863,2.00072e-05
F,model fa=0.5 T=0.2 kappa=0.8,,,,0.273,0.885,0.00050018
F,model fa=0.5 T=0.2 kappa=0.8,,,,0.273,0.907,0.00918331
F,model fa=0.5 T=0.2 kappa=0.8,,,,0.273,0.929,0.00148053
F,model fa=0.5 T=0.2 kappa=0.8,,,,0.279,0.929,2.00072e-05
