,com (y),com (x),end_1 (y),end_1 (x),end_2 (y),end_2 (x),ee-distance,gyr_distance,length,time,T,length_ref
0,-1.649,45.339000000000006,-2.023,43.129000000000005,1.989,43.503,4.029394495454621,2.412393702559097,9.3351286105814,0.0,30,35.156000000000006
1,-0.323,45.645,-3.043,43.605,-3.2470000000000003,45.543000000000006,1.9487072638033656,1.7779857357559776,2.601303567013706,2.0,30,35.156000000000006
2,-1.445,45.441,-3.961,46.42700000000001,3.451,45.101000000000006,7.529675955842988,1.850185819554074,8.92615418986854,4.0,30,35.156000000000006
3,-1.513,45.883,-4.097,44.387,3.1790000000000003,44.523,7.277270917040261,2.182116898854305,10.167867205801432,6.0,30,35.156000000000006
4,-1.037,43.673,-3.859,44.013000000000005,3.3830000000000005,46.291,7.591827711427598,2.196090418408096,12.667975249301383,8.0,30,35.156000000000006
5,-0.391,43.503,-2.125,45.271,3.1790000000000003,45.815000000000005,5.331824453224244,2.062416363946964,8.172866540064097,10.0,30,35.156000000000006
6,-0.901,45.135000000000005,-0.527,43.095000000000006,2.193,43.435,2.741167634421507,1.7018556774760052,7.799020123126467,12.0,30,35.156000000000006
7,-0.901,43.741,-3.689,45.781000000000006,3.1790000000000003,44.931,6.920399121438012,2.034698350697315,9.719746536365314,14.0,30,35.156000000000006
8,-1.241,45.305,-4.131,45.645,3.043,42.891000000000005,7.684451314179824,2.1721361554323164,11.325631680105882,16.0,30,35.156000000000006
9,-0.7310000000000001,45.849,1.751,43.163,2.397,42.211000000000006,1.150486853466827,2.193703547776307,1.485560515743646,18.0,30,35.156000000000006
10,-0.221,45.067,-2.2270000000000003,45.951,2.057,46.393,4.306741227424745,1.293846408586516,6.730690156743769,20.0,30,35.156000000000006
11,-1.105,43.911,1.5470000000000002,42.721,2.7710000000000004,43.605,1.5098450251598674,2.111700660574594,3.0034872966815307,22.0,30,35.156000000000006
12,0.391,44.353,-2.023,44.489,0.629,40.749,4.58483413004222,1.505640186479587,7.005458822355092,24.0,30,35.156000000000006
13,-1.649,45.203,-3.961,45.169,-0.085,42.517,4.696432688754307,1.5385579089502348,7.765417688949709,26.0,30,35.156000000000006
14,-0.8330000000000001,45.509,-0.765,43.367,0.017,42.993,0.8668333173107735,1.4791269500566726,1.277452285679161,28.0,30,35.156000000000006
15,-0.153,46.189,0.527,42.653000000000006,0.391,43.367,0.7268369830986863,1.6267617454723164,0.9017676841655192,30.0,30,35.156000000000006
16,0.527,46.121,1.173,42.959,1.887,45.373000000000005,2.517378001016137,1.325599129150823,8.345806338069682,32.0,30,35.156000000000006
17,0.051,45.781000000000006,-2.363,45.781000000000006,2.193,45.781000000000006,4.556,1.285028076119508,6.096252656745475,34.0,30,35.156000000000006
18,0.119,45.271,-1.173,41.429,1.411,46.495000000000005,5.686951028451011,1.4681172636160644,6.66659404917021,36.0,30,35.156000000000006
19,1.003,45.203,-0.901,41.803,1.5470000000000002,43.809000000000005,3.1649233797992644,1.9160537887077755,4.954202765007033,38.0,30,35.156000000000006
20,1.513,45.407,-2.4650000000000003,42.653000000000006,2.7710000000000004,44.489,5.548566661760495,2.0192194810029958,8.793525100469008,40.0,30,35.156000000000006
21,-1.513,45.339000000000006,-0.153,46.155,2.737,42.721,4.488257568366593,1.777802203134361,8.3418181051188,42.0,30,35.156000000000006
22,0.493,45.679,1.5470000000000002,47.957,2.397,42.109,5.909450397456603,1.6703621679105916,8.52854053930576,44.0,30,35.156000000000006
23,0.629,46.631,-1.173,47.99100000000001,0.085,40.409000000000006,7.685654689094483,2.41355096631719,11.524820677540411,46.0,30,35.156000000000006
24,0.255,46.699000000000005,-0.663,46.325,1.5470000000000002,43.197,3.829945691520965,2.2020065180484,10.481691618496518,48.0,30,35.156000000000006
25,-0.901,47.277,0.425,47.617,-0.051,40.511,7.121924739843859,2.1410099029485,9.521095390797589,50.0,30,35.156000000000006
26,-0.459,46.903000000000006,-1.887,48.263000000000005,-3.5530000000000004,45.475,3.247845439672276,1.860703836378612,11.004759446974074,52.0,30,35.156000000000006
27,0.221,46.903000000000006,-1.241,46.971,0.901,43.673,3.932552351844792,1.864955222306912,6.212507312524778,54.0,30,35.156000000000006
28,-0.221,46.393,-3.1790000000000003,46.053,0.459,47.923,4.090469899657006,1.45419087283871,8.31705933019234,56.0,30,35.156000000000006
29,-0.017,46.86900000000001,2.125,45.135000000000005,0.969,48.263000000000005,3.3347743551850706,1.371627983755758,7.674905539013097,58.0,30,35.156000000000006
30,-0.629,46.733,1.683,42.007000000000005,1.173,46.257000000000005,4.280490626084819,2.0520443891253666,10.424848178755674,60.0,30,35.156000000000006
31,-0.629,47.243,1.5810000000000002,47.277,-1.3430000000000002,48.603,3.210615517311284,1.289354968541653,3.8079720221432702,62.0,30,35.156000000000006
32,-0.391,46.189,-2.261,45.169,1.3430000000000002,46.665000000000006,3.902157352029772,1.138865945869414,4.709615071819275,64.0,30,35.156000000000006
33,1.445,44.319,-3.213,44.761,3.2470000000000003,43.367,6.608693970823585,1.8200666741197524,8.812787504822152,66.0,30,35.156000000000006
34,0.765,43.639,-3.1790000000000003,45.033,0.221,44.319,3.4741611937272,1.755876194130915,10.901846431839315,68.0,30,35.156000000000006
35,0.5950000000000001,43.877,-0.663,47.821000000000005,2.737,44.183,4.979462219959099,1.8750287222283732,10.291508979923393,70.0,30,35.156000000000006
36,0.153,43.163,1.717,43.809000000000005,2.431,43.503,0.7768088567981187,1.174081189221536,1.4084449244894282,72.0,30,35.156000000000006
37,0.221,43.571000000000005,,,,,0.7768088567981187,1.8246710964135016,,74.0,30,35.156000000000006
38,0.425,43.197,-1.037,41.871,-0.969,44.081,2.211045906352919,1.5562051139000084,8.951233357901035,76.0,30,35.156000000000006
39,-0.969,43.775000000000006,0.153,42.075,-2.2270000000000003,45.237,3.957605841920088,1.327200171284079,5.110796996294639,78.0,30,35.156000000000006
40,-1.887,44.761,1.139,42.109,-1.853,42.653000000000006,3.0410524493997144,1.6997972782354884,9.634250257130564,80.0,30,35.156000000000006
41,-1.037,46.801,-0.5950000000000001,43.639,-3.757,46.291,4.126905378125358,1.9262787371177543,11.104716763236942,82.0,30,35.156000000000006
42,-1.5470000000000002,46.121,2.125,43.061,1.853,42.823,0.3614249576329781,2.088020958779702,0.5437308159776751,84.0,30,35.156000000000006
43,-2.091,45.611,3.213,46.597,-3.4850000000000003,45.611,6.770184635591559,2.2663584191841064,9.458286985423864,86.0,30,35.156000000000006
44,-2.125,45.135000000000005,-0.7310000000000001,45.441,-3.5530000000000004,45.475,2.82220481184481,1.0969785894089743,3.282256417685034,88.0,30,35.156000000000006
45,-1.717,45.407,2.975,46.291,-2.363,46.937000000000005,5.37694708919476,1.9279602801975144,12.929776310317395,90.0,30,35.156000000000006
46,-1.241,44.013000000000005,-2.873,45.169,-1.921,48.603,3.563517924747959,1.5152240650847748,8.61577939865424,92.0,30,35.156000000000006
47,-1.853,44.047,-3.281,43.231,-3.5530000000000004,44.387,1.187568945366963,1.4846627335605704,1.7058870183035784,94.0,30,35.156000000000006
48,-1.513,44.897000000000006,-1.819,46.257000000000005,-0.8670000000000001,48.603,2.5318017299938798,1.5113741719093994,9.96756220198146,96.0,30,35.156000000000006
49,-2.125,44.931,-1.887,47.957,2.567,44.727,5.501910213734863,2.1219017692460382,10.449336864372537,98.0,30,35.156000000000006
50,-1.819,44.523,-1.003,46.529,3.5530000000000004,45.747,4.622624795503092,2.6916339076501594,17.085338539402585,100.0,30,35.156000000000006
51,-2.023,44.965,-1.6150000000000002,47.243,2.329,42.415000000000006,6.234157521269414,2.4903739123282618,12.558239306366138,102.0,30,35.156000000000006
52,-2.091,45.339000000000006,-0.187,44.795,-1.513,44.387,1.3873499918910153,1.1163818257405418,5.608071458055602,104.0,30,35.156000000000006
53,1.105,43.911,,,,,1.3873499918910153,2.229094114030937,,106.0,30,35.156000000000006
54,0.935,44.693000000000005,0.799,47.651,-0.799,45.407,2.754839378257832,2.17460408009156,12.741372162694857,108.0,30,35.156000000000006
55,0.493,43.435,,,,,2.754839378257832,2.101113442007302,,110.0,30,35.156000000000006
56,0.969,44.761,-3.825,44.183,3.3830000000000005,45.407,7.311185950309293,2.357574544853887,11.534519047318334,112.0,30,35.156000000000006
57,1.173,46.495000000000005,-3.145,44.897000000000006,3.4170000000000003,45.475,6.5874067735338775,2.7011226290367567,13.832515088422626,114.0,30,35.156000000000006
58,0.765,44.914,-3.859,45.373000000000005,0.323,46.767,4.408215058274721,2.2010841058351773,11.59826858722614,116.0,30,35.156000000000006
59,1.037,46.053,-4.063000000000001,45.169,2.397,43.095000000000006,6.784767940025658,2.67183369585448,10.92531335222646,118.0,30,35.156000000000006
60,0.935,46.393,-3.519,44.387,2.9410000000000003,42.789,6.654712916422466,2.48128072848344,12.651230538582416,120.0,30,35.156000000000006
61,0.8670000000000001,46.019000000000005,-2.431,47.99100000000001,2.567,42.585,7.362393632508384,2.0507772604425623,9.463796652286169,122.0,30,35.156000000000006
62,0.629,44.251000000000005,-0.901,48.875,2.737,44.047,6.045215298068383,1.706885537597347,9.691421422792784,124.0,30,35.156000000000006
63,0.765,43.605,0.255,41.599,3.0770000000000004,46.971,6.068118983671959,2.422500296113578,10.366862391318142,126.0,30,35.156000000000006
64,0.663,43.673,0.017,43.163,2.4650000000000003,46.801,4.384945609696887,2.034112859804344,7.047550364586339,128.0,30,35.156000000000006
65,0.493,43.503,0.561,41.089000000000006,1.377,48.501000000000005,7.456782147816845,2.5668775974793774,9.680813454982276,130.0,30,35.156000000000006
66,-0.289,43.843,0.187,41.565000000000005,1.173,48.467000000000006,6.97207286249936,2.279135028138752,7.725137779657614,132.0,30,35.156000000000006
67,-0.425,45.611,-3.0770000000000004,44.42100000000001,0.7310000000000001,41.225,4.971446469590114,2.373574286771001,14.02611696829883,134.0,30,35.156000000000006
68,-1.207,46.359,-3.859,44.897000000000006,2.805,43.401,6.829854464042408,2.5899101787709653,14.267805056096009,136.0,30,35.156000000000006
69,-1.717,44.86300000000001,-4.097,44.931,3.587,45.033,7.684676961330256,2.324217671589783,9.70697905054227,138.0,30,35.156000000000006
70,-1.853,46.291,-3.825,44.999,3.043,43.605,7.008042522702042,2.521483865678273,13.204515810012502,140.0,30,35.156000000000006
71,-1.819,45.98500000000001,-4.097,45.98500000000001,3.587,45.577000000000005,7.694824234509844,2.1821405273121264,11.584395022838187,142.0,30,35.156000000000006
72,-1.411,46.563,-3.0770000000000004,43.537000000000006,3.587,44.659000000000006,6.7577940187608565,2.4139168208585926,12.862038605292645,144.0,30,35.156000000000006
73,-1.377,46.325,2.4650000000000003,43.197,3.3830000000000005,43.673,1.0340696301506975,2.291594955484062,1.1094767402696366,146.0,30,35.156000000000006
74,-1.105,45.679,-3.451,45.713,3.5530000000000004,44.353,7.134817166543233,2.337849238900958,14.165697425257957,148.0,30,35.156000000000006
75,-1.479,45.917,-3.451,46.257000000000005,2.805,42.653000000000006,7.219858170352102,2.4767987376764817,12.685187781201478,150.0,30,35.156000000000006
76,-1.785,45.543000000000006,-3.1790000000000003,46.393,-0.493,45.917,2.727851168960653,1.5794719944925073,8.559749845027584,152.0,30,35.156000000000006
77,-1.411,43.809000000000005,-3.2470000000000003,44.931,2.329,47.99100000000001,6.360454071841098,2.283989760543524,9.731756624972045,154.0,30,35.156000000000006
78,-1.6150000000000002,44.625,2.091,41.939,-3.519,46.42700000000001,7.184305394399656,2.004492198541435,10.594397198385307,156.0,30,35.156000000000006
79,-2.2270000000000003,44.42100000000001,2.9410000000000003,42.891000000000005,-3.4850000000000003,46.223000000000006,7.238487411054882,2.3189906689705064,10.163179596811982,158.0,30,35.156000000000006
80,-2.1590000000000003,44.285,3.5530000000000004,45.033,3.349,44.795,0.3134645115479582,2.79474721851354,0.9317367389599522,160.0,30,35.156000000000006
81,-2.091,45.611,-3.3150000000000004,47.685,3.5530000000000004,44.353,7.633586837129712,2.8655765105854654,12.473810146676575,162.0,30,35.156000000000006
82,-2.4650000000000003,45.713,-1.853,45.815000000000005,3.213,46.42700000000001,5.102832546733236,2.457653624072881,11.404672045640307,164.0,30,35.156000000000006
83,-2.397,44.387,,,,,5.102832546733236,2.699781591662041,,166.0,30,35.156000000000006
84,-2.1590000000000003,44.829,-2.9410000000000003,47.651,3.0090000000000003,44.013000000000005,6.974062230866599,2.416155196115312,10.475075396419443,168.0,30,35.156000000000006
85,-2.2950000000000004,45.067,,,,,6.974062230866599,2.485315676689256,,170.0,30,35.156000000000006
86,-2.601,44.931,-1.649,44.965,1.921,48.297,4.883351717826599,2.266616286945597,12.450043304740936,172.0,30,35.156000000000006
87,-2.737,46.155,,,,,4.883351717826599,2.8182361111885568,,174.0,30,35.156000000000006
88,-2.737,46.189,-3.655,44.557,3.349,45.713,7.0987570743053325,2.7139274426792297,11.86707895113951,176.0,30,35.156000000000006
89,-2.125,45.815000000000005,-3.0770000000000004,47.787000000000006,3.5530000000000004,44.353,7.4665424394427715,2.6103029447735766,14.029048075542011,178.0,30,35.156000000000006
90,-2.261,45.577000000000005,,,,,7.4665424394427715,2.4361293066262624,,180.0,30,35.156000000000006
91,-2.091,44.999,,,,,7.4665424394427715,2.335291905078877,,182.0,30,35.156000000000006
92,-2.431,44.829,-3.621,47.243,2.329,42.211000000000006,7.792530012775056,2.302043994682072,11.133992238808476,184.0,30,35.156000000000006
93,-1.5470000000000002,44.489,-0.153,44.931,2.7030000000000003,42.687000000000005,3.632116738212031,2.204940493778977,14.480290910019525,186.0,30,35.156000000000006
94,-1.5810000000000002,45.169,-3.825,43.877,2.873,43.29900000000001,6.722892829727394,2.132576561343676,10.360470020501772,188.0,30,35.156000000000006
95,-2.261,44.897000000000006,-2.193,44.047,-0.085,42.245000000000005,2.7732414247591213,1.8043122846477344,9.815189456357,190.0,30,35.156000000000006
96,-3.1790000000000003,44.761,-2.975,42.381,-1.5470000000000002,45.543000000000006,3.469499675745769,1.3077819412306964,6.18189351856491,192.0,30,35.156000000000006
97,-2.261,44.42100000000001,-2.193,42.279,-3.5530000000000004,46.529,4.462297614458274,2.134824121685642,7.930458817852813,194.0,30,35.156000000000006
98,-2.7030000000000003,44.761,-2.601,42.075,-2.635,42.279,0.2068139260301394,2.697217374411845,0.2179977145643234,196.0,30,35.156000000000006
99,-2.873,44.217000000000006,-2.023,45.305,2.2950000000000004,42.075,5.392404287514059,2.4227077598442075,11.217925636687596,198.0,30,35.156000000000006
100,-2.2950000000000004,45.033,-2.601,47.651,0.5950000000000001,38.777,9.431982400322852,2.454633112510232,13.569164661462812,200.0,30,35.156000000000006
101,-2.431,45.169,-3.281,44.115,-0.085,39.831,5.344817302770975,2.535658820002898,11.873857455810086,202.0,30,35.156000000000006
102,-2.091,44.455000000000005,-1.377,47.957,0.5950000000000001,38.845000000000006,9.322946315409096,2.560949134405392,14.355421323778122,204.0,30,35.156000000000006
103,-2.363,44.353,,,,,9.322946315409096,2.62211016103298,,206.0,30,35.156000000000006
104,-1.921,45.611,2.397,42.653000000000006,-0.935,44.999,4.075038650123457,2.28986540500862,10.029525976518466,208.0,30,35.156000000000006
105,-1.989,44.965,3.519,45.917,-1.5470000000000002,44.591,5.236662295775813,2.48405190036344,10.341850398056048,210.0,30,35.156000000000006
106,-2.023,44.064,3.5530000000000004,44.591,-2.975,44.455000000000005,6.529416512981846,2.0458722945284933,8.771333786426451,212.0,30,35.156000000000006
107,-1.921,43.401,3.3150000000000004,46.325,-4.029,44.183,7.65,2.7618567353160874,13.240522269436726,214.0,30,35.156000000000006
108,-1.819,44.047,3.587,45.067,-3.213,46.937000000000005,7.052439294315124,2.4674051335785694,13.729352496799082,216.0,30,35.156000000000006
109,-2.1590000000000003,43.775000000000006,0.187,45.101000000000006,-2.873,47.447,3.855815866972904,2.528037117793981,14.946514299996482,218.0,30,35.156000000000006
110,-2.1590000000000003,45.169,,,,,3.855815866972904,2.437270314084081,,220.0,30,35.156000000000006
111,-1.887,44.42100000000001,,,,,3.855815866972904,2.8321927974231307,,222.0,30,35.156000000000006
112,-1.5810000000000002,43.775000000000006,3.349,45.475,-1.241,48.263000000000005,5.370385833438786,2.605950185199418,15.495514690632492,224.0,30,35.156000000000006
113,-1.887,44.353,3.4850000000000003,44.183,-0.663,46.767,4.887019541602019,2.558841712213412,13.237136910402812,226.0,30,35.156000000000006
114,-1.513,45.101000000000006,0.935,42.789,-2.2270000000000003,48.263000000000005,6.321623209271493,2.340104342067747,11.939103915446369,228.0,30,35.156000000000006
115,-1.683,43.843,0.5950000000000001,38.437000000000005,-1.921,47.685,9.584141067409224,2.599421185571896,14.056611998591569,230.0,30,35.156000000000006
116,-1.989,44.523,0.527,42.415000000000006,-3.4170000000000003,45.98500000000001,5.319777814909191,1.9800196943687025,9.06144656730542,232.0,30,35.156000000000006
117,-1.717,45.815000000000005,3.213,43.197,-3.689,43.945,6.942413701300147,2.54422995790911,12.239797973140304,234.0,30,35.156000000000006
118,-1.819,45.271,-1.411,43.673,-3.825,44.523,2.559276460251999,1.5556457334146845,9.410066994450196,236.0,30,35.156000000000006
119,-2.023,44.42100000000001,3.519,45.577000000000005,-1.683,46.937000000000005,5.376839592176802,2.527606063518465,12.393254422381228,238.0,30,35.156000000000006
120,-1.649,44.591,3.0090000000000003,45.815000000000005,0.085,46.665000000000006,3.045041214827806,2.6002386480779727,14.501857514307517,240.0,30,35.156000000000006
121,-1.921,44.86300000000001,3.4850000000000003,44.115,-2.023,46.325,5.934826366457574,2.479542920183116,16.708860588545924,242.0,30,35.156000000000006
122,-2.091,45.067,3.145,45.679,-2.873,47.617,6.3223546246631885,2.62568282759738,11.062592207995372,244.0,30,35.156000000000006
123,-2.431,44.727,1.479,41.701,-2.7710000000000004,46.053,6.082960134671278,3.021699095528916,13.34962326384554,246.0,30,35.156000000000006
124,-2.9410000000000003,43.945,2.907,43.367,-3.213,46.937000000000005,7.085146434619401,2.540259127426087,11.842581933425354,248.0,30,35.156000000000006
125,-2.5330000000000004,44.251000000000005,2.499,42.245000000000005,-1.853,47.005,6.449612701550381,2.5224296099121823,14.87130845051487,250.0,30,35.156000000000006
126,-2.8390000000000004,44.795,-2.4650000000000003,47.107000000000006,-2.023,47.209,0.4536165781802954,1.611024031286769,1.5220429150827035,252.0,30,35.156000000000006
127,-2.8390000000000004,44.999,-2.9410000000000003,42.823,-1.683,44.931,2.4548376728411188,1.6032520421482348,5.724645807390425,254.0,30,35.156000000000006
128,-2.907,44.86300000000001,-2.873,42.483,-2.635,42.857000000000006,0.4433057635537801,1.375683205400591,0.647991703019098,256.0,30,35.156000000000006
129,-2.805,45.101000000000006,-2.805,42.313,-3.4170000000000003,47.54900000000001,5.271644904581492,1.509372486234121,7.551353497425796,258.0,30,35.156000000000006
130,-2.873,45.067,-2.1590000000000003,41.837,-2.567,47.753,5.930052276329442,1.5588546528609322,6.738220559835697,260.0,30,35.156000000000006
131,-2.907,45.135000000000005,-2.431,41.973000000000006,-3.791,46.835,5.048627932418867,1.460724959780282,7.437927346441279,262.0,30,35.156000000000006
132,-3.1790000000000003,44.897000000000006,-2.567,42.279,-3.5530000000000004,43.061,1.2584593755858788,1.4116369173511196,1.6612966201871333,264.0,30,35.156000000000006
133,-3.111,44.659000000000006,,,,,1.2584593755858788,1.4560070456618417,,266.0,30,35.156000000000006
134,-3.0770000000000004,44.659000000000006,-1.955,42.925,-2.193,43.605,0.7204470834141812,1.432440817858739,7.728413086637522,268.0,30,35.156000000000006
135,-2.7710000000000004,44.455000000000005,-1.275,42.857000000000006,-2.8390000000000004,46.189,3.680804259941025,1.6013734608217691,7.73524713492633,270.0,30,35.156000000000006
136,-2.4650000000000003,44.319,-2.7710000000000004,42.755,-3.1790000000000003,47.651,4.912970588147257,1.5582166071066978,7.247529625595462,272.0,30,35.156000000000006
137,-2.5330000000000004,44.829,-2.9410000000000003,42.993,-3.859,46.801,3.917089225432579,1.717923687790925,10.630380118623092,274.0,30,35.156000000000006
138,-2.669,44.387,-0.289,46.529,-2.7710000000000004,42.823,4.460354246021273,1.651666809019072,7.599323758306366,276.0,30,35.156000000000006
139,-2.193,43.979000000000006,-1.717,48.093,-1.853,41.803,6.291470098474601,1.6224719069770754,7.0281316294473095,278.0,30,35.156000000000006
140,-2.737,44.285,-3.3830000000000005,47.175,-1.819,42.551,4.881339160517327,1.339893483055921,5.988098158977953,280.0,30,35.156000000000006
141,-2.873,44.829,-3.145,46.699000000000005,-2.9410000000000003,43.197,3.50793671550671,1.294230719972347,6.555063738301965,282.0,30,35.156000000000006
142,-3.0770000000000004,44.761,-3.5530000000000004,46.937000000000005,-2.9410000000000003,43.197,3.7897419437212343,1.3885749269750236,7.707518372466574,284.0,30,35.156000000000006
143,-2.975,44.659000000000006,,,,,3.7897419437212343,1.2955783828732117,,286.0,30,35.156000000000006
144,-2.669,44.217000000000006,-1.649,45.339000000000006,-2.737,42.381,3.1517468172427816,1.0151955210308867,4.183862079107798,288.0,30,35.156000000000006
145,-2.669,43.809000000000005,-2.9410000000000003,45.645,-2.2270000000000003,42.041,3.674045726443807,1.1012350842167578,4.263054538102449,290.0,30,35.156000000000006
146,-2.737,44.251000000000005,-3.451,46.801,-2.023,42.143,4.871975779906957,1.3075778810345984,5.89875648956317,292.0,30,35.156000000000006
147,-2.907,44.693000000000005,-2.431,48.161,-2.2270000000000003,41.973000000000006,6.1913617242089805,1.5951139019525724,7.290329922433946,294.0,30,35.156000000000006
148,-2.5330000000000004,45.067,-4.165,45.101000000000006,-2.7710000000000004,42.415000000000006,3.0261910052077017,1.4648988735983666,9.532044663964466,296.0,30,35.156000000000006
149,-2.4650000000000003,44.013000000000005,-2.567,43.605,-0.391,43.29900000000001,2.197410293959688,1.1329163828409508,5.94452572036308,298.0,30,35.156000000000006
150,-2.329,44.081,-3.995,44.455000000000005,-0.119,44.999,3.91398926927502,1.2629891867438892,5.597872971810655,300.0,30,35.156000000000006
151,-1.955,45.169,-2.9410000000000003,42.687000000000005,2.4650000000000003,47.073,6.961453296546634,1.89361368141242,9.952013543820438,302.0,30,35.156000000000006
152,-2.261,44.489,-3.655,43.333000000000006,-1.003,48.331,5.658012725330335,1.671887721786134,8.351886321451925,304.0,30,35.156000000000006
153,-2.1590000000000003,44.557,-3.111,42.517,-1.853,48.603,6.214656869047558,1.8892005102264755,9.074885972197189,306.0,30,35.156000000000006
154,-2.397,44.931,-2.805,42.313,-4.165,45.271,3.255666444831227,1.633355255017099,9.912164767020393,308.0,30,35.156000000000006
155,-2.873,44.897000000000006,,,,,3.255666444831227,1.260231312724213,,310.0,30,35.156000000000006
156,-2.499,43.775000000000006,-1.5470000000000002,43.231,-3.893,45.883,3.540737211372796,1.135567447568257,4.711237442957673,312.0,30,35.156000000000006
157,-2.4650000000000003,44.727,-2.9410000000000003,42.857000000000006,-3.995,45.543000000000006,2.885396333261689,1.6296934838420474,9.657879611074357,314.0,30,35.156000000000006
158,-3.043,45.339000000000006,-2.9410000000000003,42.755,-3.111,42.925,0.2404163056034262,1.4176125885107331,8.213457702444149,316.0,30,35.156000000000006
159,-3.145,44.727,-1.921,41.871,-3.995,45.713,4.366055427957827,1.4149837190969483,5.335416705811113,318.0,30,35.156000000000006
160,-3.043,44.761,,,,,4.366055427957827,1.3542963825890908,,320.0,30,35.156000000000006
161,-3.043,44.659000000000006,-1.479,41.531000000000006,-3.1790000000000003,46.461000000000006,5.214872961060509,1.5772490706164572,6.154663992052429,322.0,30,35.156000000000006
162,-2.805,44.727,-3.893,46.42700000000001,-3.689,46.42700000000001,0.204,1.2536174344821984,0.3556684447423142,324.0,30,35.156000000000006
163,-2.7030000000000003,44.795,-3.349,43.673,-3.927000000000001,44.319,0.8668333173107735,1.4659122511741072,1.7798882291944105,326.0,30,35.156000000000006
164,-2.805,43.911,-1.785,43.605,-4.097,44.727,2.5698692573747794,1.2626507168981596,6.347200154923823,328.0,30,35.156000000000006
165,-2.5330000000000004,43.843,-3.4170000000000003,47.039,-2.431,42.313,4.827760557442757,1.3312752110931958,6.969082180412771,330.0,30,35.156000000000006
166,-2.193,44.217000000000006,-2.8390000000000004,47.175,-1.751,42.551,4.750275781467851,1.771200486402754,8.597009194833799,332.0,30,35.156000000000006
167,-1.989,44.115,-2.091,48.399,-2.567,42.347,6.070690240821056,2.436926124752246,9.780383693657996,334.0,30,35.156000000000006
168,-1.785,44.659000000000006,-2.737,48.161,-3.4850000000000003,43.333000000000006,4.885600065498608,2.6194574800685806,11.762197878101723,336.0,30,35.156000000000006
169,-1.853,44.217000000000006,-2.329,48.365,-2.431,42.109,6.256831466485253,2.0742548477669573,10.931287988423025,338.0,30,35.156000000000006
170,-1.751,44.183,-3.0770000000000004,47.617,-3.5530000000000004,43.29900000000001,4.344156995321417,2.239499110299511,11.46219854062742,340.0,30,35.156000000000006
171,-1.717,44.183,-2.567,48.399,-2.805,42.347,6.056677967334899,2.044196851257259,10.154791222024231,342.0,30,35.156000000000006
172,-1.717,44.489,-1.819,48.637,-2.567,42.449000000000005,6.233044841808857,2.0218239096985307,10.81138020956955,344.0,30,35.156000000000006
173,-2.363,44.047,,,,,6.233044841808857,1.1683043266934303,,346.0,30,35.156000000000006
174,-2.1590000000000003,44.761,2.805,47.311,-2.601,42.041,7.549684496719053,2.524379523717009,9.993826483193825,348.0,30,35.156000000000006
175,-1.989,44.795,3.4170000000000003,45.815000000000005,-1.275,42.653000000000006,5.658012725330335,2.560307904437117,12.2942480366264,350.0,30,35.156000000000006
176,-2.363,43.571000000000005,-3.893,44.149,-0.765,40.239,5.007243153672488,1.1753936546157788,6.904094782204729,352.0,30,35.156000000000006
177,-1.921,43.095000000000006,-0.5950000000000001,42.891000000000005,0.629,37.383,5.642361207863247,2.493030933394852,6.311727053161835,354.0,30,35.156000000000006
178,-1.853,43.469,-1.5810000000000002,41.497,1.751,43.027,3.666486601639232,2.017699862945855,12.426198801314504,356.0,30,35.156000000000006
179,-1.5810000000000002,44.591,-1.683,41.73500000000001,3.281,43.367,5.225391851335171,2.7535273191655523,13.792775055717884,358.0,30,35.156000000000006
180,-1.989,44.387,-1.6150000000000002,41.871,3.281,45.067,5.846813833191544,2.2362879333426124,10.009001305624526,360.0,30,35.156000000000006
181,-1.887,44.319,-1.445,41.429,3.349,45.203,6.101271342925178,2.363813085561238,11.85852358801434,362.0,30,35.156000000000006
182,-2.193,44.183,,,,,6.101271342925178,1.4924171954841476,,364.0,30,35.156000000000006
183,-1.819,43.571000000000005,-3.349,42.789,-0.799,40.545,3.3967684642907296,1.721084407838529,7.758861810963346,366.0,30,35.156000000000006
184,-1.5470000000000002,43.163,-1.003,43.095000000000006,-0.119,39.763000000000005,3.447271384733149,2.3467051868873456,10.05700777605984,368.0,30,35.156000000000006
185,-2.1590000000000003,44.013000000000005,,,,,3.447271384733149,1.5426465371113172,,370.0,30,35.156000000000006
186,-2.023,43.095000000000006,-3.1790000000000003,42.619,-0.459,38.301,5.103285608311571,2.0844622543492384,9.05740187185327,372.0,30,35.156000000000006
187,-1.819,43.639,-2.363,42.721,1.173,43.027,3.5492156880077044,1.6014570893100597,7.145928233111292,374.0,30,35.156000000000006
188,-2.125,43.707,-3.825,43.843,-2.431,42.041,2.2782537172141297,1.4286947387856517,8.255226716752412,376.0,30,35.156000000000006
189,-1.921,44.285,-1.751,48.093,-1.241,48.501000000000005,0.6531186722181506,1.9229934539510949,0.8030515233923453,378.0,30,35.156000000000006
190,-1.3430000000000002,44.455000000000005,-1.785,48.739,-1.3430000000000002,42.381,6.373345118538616,2.4962197703385587,14.048693451639966,380.0,30,35.156000000000006
191,-0.969,44.251000000000005,-0.7310000000000001,49.045,-2.567,42.245000000000005,7.043500266202877,2.437912721418336,12.215044246965318,382.0,30,35.156000000000006
192,-1.037,43.775000000000006,0.7310000000000001,48.841,-3.859,43.877,6.76087242891034,2.490948675149204,11.891311714075108,384.0,30,35.156000000000006
193,-0.493,43.639,1.6150000000000002,48.501000000000005,-3.859,43.945,7.121924739843859,2.5760601575267903,12.689445943466197,386.0,30,35.156000000000006
194,-0.7310000000000001,43.537000000000006,,,,,7.121924739843859,2.716153526538163,,388.0,30,35.156000000000006
195,-0.765,43.401,2.499,47.787000000000006,-2.2950000000000004,42.041,7.483244750774894,2.750752880806617,13.352074652714844,390.0,30,35.156000000000006
196,-0.8670000000000001,43.503,-3.825,44.047,2.125,42.993,6.042633200848783,3.0019159139273484,7.090933913739277,392.0,30,35.156000000000006
197,-0.5950000000000001,43.673,-3.825,43.843,1.275,48.739,7.069711168074691,2.935903950240097,13.68435822567737,394.0,30,35.156000000000006
198,-0.765,43.435,-3.859,43.843,3.1790000000000003,46.597,7.557642489559823,2.481209878714867,11.111595691342394,396.0,30,35.156000000000006
199,-0.935,43.469,-3.859,43.911,1.683,42.959,5.623172414216019,2.684362521893342,7.9759113339453265,398.0,30,35.156000000000006
200,-1.479,44.625,-3.1790000000000003,42.891000000000005,3.5530000000000004,45.815000000000005,7.339591269273788,2.3290430932132504,12.723161548733067,400.0,30,35.156000000000006
201,-1.887,44.829,-2.7710000000000004,42.449000000000005,3.3150000000000004,43.537000000000006,6.182486554777132,2.45179733464734,13.104988146484772,402.0,30,35.156000000000006
202,-1.445,44.013000000000005,-3.145,42.619,2.125,43.129000000000005,5.294619910815129,2.4385322187015435,9.684077155857151,404.0,30,35.156000000000006
203,-1.037,43.265,-3.281,42.789,3.4850000000000003,45.713,7.370789102938708,2.648436318924908,13.414000639713723,406.0,30,35.156000000000006
204,-1.3090000000000002,43.707,-0.323,43.027,3.1790000000000003,46.665000000000006,5.0496582062551525,2.65629729293494,16.34758939154568,408.0,30,35.156000000000006
205,-1.207,43.809000000000005,-3.111,42.619,3.519,44.693000000000005,6.946824886233998,2.470401597293565,12.57873644073088,410.0,30,35.156000000000006
206,-0.629,43.877,-1.377,43.605,2.023,48.195,5.71210118957989,2.8391151044838123,11.202235044585814,412.0,30,35.156000000000006
207,-0.901,43.605,-3.587,43.809000000000005,3.349,45.713,7.19258729526448,2.52108006931905,11.880460877302632,414.0,30,35.156000000000006
208,-1.275,44.047,-3.961,44.829,3.5530000000000004,44.86300000000001,7.514076922683185,2.577427516936568,12.951072699411322,416.0,30,35.156000000000006
209,-1.3090000000000002,44.217000000000006,-4.063000000000001,44.319,3.5530000000000004,45.679,7.736475683410374,2.610844885304823,12.778430826628544,418.0,30,35.156000000000006
210,-0.629,44.251000000000005,-3.111,42.619,2.805,42.755,5.917563011916308,2.6415638205695875,15.138965539799392,420.0,30,35.156000000000006
211,-1.887,44.557,2.567,42.619,2.8390000000000004,42.585,0.2741167634421507,2.957301937648277,0.6413503748964059,422.0,30,35.156000000000006
212,-2.057,44.86300000000001,-2.635,43.061,2.261,42.041,5.001121474229556,3.05886844292728,13.691741473370834,424.0,30,35.156000000000006
213,-2.1420000000000003,44.965,-2.431,42.415000000000006,2.907,42.959,5.365648143514445,2.8229437585251063,12.7847150824336,426.0,30,35.156000000000006
214,-1.5810000000000002,44.86300000000001,-2.669,42.347,2.2950000000000004,43.367,5.067711120417186,2.9437685863478085,13.942159473357789,428.0,30,35.156000000000006
215,-1.785,44.897000000000006,3.043,43.843,2.873,44.081,0.2924790590794493,2.507582207038094,0.8307888725186084,430.0,30,35.156000000000006
216,-1.955,44.523,3.3830000000000005,43.877,-2.4650000000000003,42.755,5.954661031494572,2.4715235474324904,14.93534450334216,432.0,30,35.156000000000006
217,-2.431,44.897000000000006,2.057,42.041,-3.043,43.129000000000005,5.214762123050294,2.595305315495883,13.874840165715522,434.0,30,35.156000000000006
218,-2.2950000000000004,44.931,3.213,46.291,-2.669,46.86900000000001,5.910330616809858,2.420212844259431,9.456343477702548,436.0,30,35.156000000000006
219,-2.1590000000000003,45.441,3.043,47.039,-2.9410000000000003,43.061,7.185592529499568,2.314189230521086,14.10608671417091,438.0,30,35.156000000000006
220,-1.649,44.86300000000001,-1.853,48.637,-3.757,44.013000000000005,5.000659156551264,1.8662930241694344,11.371458390000456,440.0,30,35.156000000000006
221,-1.411,44.659000000000006,-0.085,49.045,-3.5530000000000004,44.217000000000006,5.944460278275901,2.444051674628556,11.661029568753012,442.0,30,35.156000000000006
222,-2.1590000000000003,44.829,3.043,46.937000000000005,-3.859,43.877,7.549914171697583,2.525684278329251,10.01740277629419,444.0,30,35.156000000000006
223,-1.989,44.829,2.9410000000000003,44.013000000000005,-3.825,43.877,6.767366696138167,2.801389687355901,12.448429738295795,446.0,30,35.156000000000006
224,-1.6150000000000002,44.319,3.587,44.319,-3.621,43.741,7.231137393245962,2.349711095250293,12.218681929867031,448.0,30,35.156000000000006
225,-1.785,44.387,3.1790000000000003,44.999,-2.873,42.483,6.554155933451691,2.4148218313816763,10.7621695891841,450.0,30,35.156000000000006
226,-2.329,44.86300000000001,-3.451,46.019000000000005,0.527,42.143,5.554084983145289,2.088419002883055,10.132075648990694,452.0,30,35.156000000000006
227,-1.887,44.489,-2.873,43.707,0.5950000000000001,37.621,7.004742679071088,2.899245141133593,15.721489007604127,454.0,30,35.156000000000006
228,-1.751,44.251000000000005,-0.527,38.675,-0.561,37.417,1.2584593755858788,2.8498165946305742,1.3545011457165317,456.0,30,35.156000000000006
229,-2.397,44.489,-2.737,46.257000000000005,-3.587,45.98500000000001,0.8924595228916549,1.4909838951483856,3.252843931725901,458.0,30,35.156000000000006
230,-1.683,43.809000000000005,-1.139,44.557,-3.689,43.367,2.8140007107319644,1.5826499994582566,9.1612513441681,460.0,30,35.156000000000006
231,-2.4650000000000003,44.931,-0.663,46.155,-2.975,42.925,3.972183782253787,2.1224325838681963,11.043047735702638,462.0,30,35.156000000000006
232,-2.397,44.999,-1.003,46.699000000000005,-3.043,42.687000000000005,4.500860362197432,1.875767284799613,10.571479284000285,464.0,30,35.156000000000006
233,-2.397,44.523,-3.451,45.917,-3.1790000000000003,42.823,3.1059330321177243,1.4871001426854211,7.2090884570245235,466.0,30,35.156000000000006
234,-2.431,44.285,-3.111,47.889,-2.5330000000000004,47.719,0.6024815349867579,1.6681272153347773,1.328573041035975,468.0,30,35.156000000000006
235,-2.2270000000000003,44.455000000000005,-2.193,47.719,-2.261,47.209,0.514513362314333,1.6563457736100606,0.5377313864731671,470.0,30,35.156000000000006
236,-2.329,44.625,-3.281,47.345000000000006,-0.629,42.721,5.330523426456355,1.6909919484225484,9.342208422877931,472.0,30,35.156000000000006
237,-2.363,44.625,-2.7030000000000003,47.515,-2.7710000000000004,46.495000000000005,1.0222641537293575,1.7816719064296556,1.1031782023465695,474.0,30,35.156000000000006
238,-2.125,44.251000000000005,,,,,1.0222641537293575,1.7010308162613952,,476.0,30,35.156000000000006
239,-2.091,44.251000000000005,-3.145,47.651,-2.7030000000000003,47.141000000000005,0.6748807302034932,2.064220522032002,7.525768388222865,478.0,30,35.156000000000006
240,-2.363,44.42100000000001,-3.451,46.801,-3.281,47.379000000000005,0.6024815349867579,1.5079767121161043,0.8088995247791233,480.0,30,35.156000000000006
241,-2.2270000000000003,44.727,-3.927000000000001,44.795,-1.445,43.843,2.658312998877296,2.3602948793863656,6.300722722798938,482.0,30,35.156000000000006
242,-2.2270000000000003,45.271,-1.275,44.217000000000006,-0.561,43.027,1.3877665509731816,1.6370297260655795,11.38171589831093,484.0,30,35.156000000000006
243,-2.125,45.237,1.6150000000000002,48.263000000000005,-2.193,43.605,6.016463080581481,2.093896620510705,9.593253135129125,486.0,30,35.156000000000006
244,-2.193,45.407,-1.513,47.889,-1.955,44.455000000000005,3.462328696123463,1.5797510270219957,5.8553250020732905,488.0,30,35.156000000000006
245,-1.955,44.965,-3.281,45.611,2.4650000000000003,47.54900000000001,6.064021767770957,2.377006154940496,8.409772116460912,490.0,30,35.156000000000006
246,-2.7030000000000003,46.087,-1.819,44.081,-1.275,48.841,4.790984867435922,2.058283701848456,11.473282149151707,492.0,30,35.156000000000006
247,-2.1590000000000003,46.155,-3.0770000000000004,46.257000000000005,2.601,46.971,5.722716138338508,2.5999113547220505,8.367490871762577,494.0,30,35.156000000000006
248,-2.397,45.577000000000005,-2.567,48.331,-2.8390000000000004,43.231,5.107248182730109,1.891849436436972,10.362602132619912,496.0,30,35.156000000000006
249,-2.499,45.543000000000006,-2.669,42.619,3.213,46.767,7.197487617217552,2.4169565675080986,11.34655844736941,498.0,30,35.156000000000006
250,-2.023,44.591,,,,,7.197487617217552,2.479382869711567,,500.0,30,35.156000000000006
251,-1.6150000000000002,44.523,-3.0090000000000003,46.801,2.7030000000000003,45.135000000000005,5.95,2.2145574203149856,7.6008890918723635,502.0,30,35.156000000000006
252,-2.1590000000000003,44.727,-3.349,46.733,0.969,47.277,4.352132810473504,1.8214402821044136,7.520649606723092,504.0,30,35.156000000000006
253,-1.853,44.353,-3.791,46.903000000000006,-1.411,44.149,3.6399060427434113,2.5330553500848354,9.73185913926663,506.0,30,35.156000000000006
254,-1.5470000000000002,44.829,-3.1790000000000003,46.529,3.349,45.849,6.563321110535429,2.5578736694665785,9.412667267347183,508.0,30,35.156000000000006
255,-1.479,45.135000000000005,-3.145,45.475,2.635,42.551,6.477513103035764,2.6656312063965326,14.070425818137174,510.0,30,35.156000000000006
256,-0.969,44.42100000000001,-3.757,44.319,-0.493,40.273,5.198443228506012,2.151850628791577,11.920787718864348,512.0,30,35.156000000000006
257,-0.391,43.945,-2.091,42.381,0.323,36.737,6.138577359616804,2.933824857911304,19.80265138743897,514.0,30,35.156000000000006
258,-1.173,43.435,-2.975,44.761,0.289,35.003,10.28942466807547,2.9691272317019,12.841497053207824,516.0,30,35.156000000000006
259,-0.969,42.381,-2.329,42.143,0.5950000000000001,32.317,10.251831641223925,3.991734694740978,15.502967419085156,518.0,30,35.156000000000006
260,-0.561,42.313,-3.689,43.979000000000006,0.391,33.847,10.922628987565218,3.685466890894419,12.997246401688429,520.0,30,35.156000000000006
261,-0.8670000000000001,41.633,-3.3150000000000004,42.789,0.391,37.553,6.4148368646443386,3.395207806463108,13.620926719147672,522.0,30,35.156000000000006
262,-0.901,41.327000000000005,-3.825,43.911,0.085,31.195000000000004,13.303561778711746,4.436243732266906,15.989105283237606,524.0,30,35.156000000000006
263,-0.629,42.211000000000006,-2.397,44.42100000000001,-0.663,33.303000000000004,11.252407742345635,3.7112462005237887,13.38005005728627,526.0,30,35.156000000000006
264,-0.799,40.307,-3.4850000000000003,44.353,-0.765,31.365,13.269760510272974,4.557574645089439,15.534530298455763,528.0,30,35.156000000000006
265,-0.969,41.939,-3.655,44.251000000000005,-0.629,35.581,9.182895839548657,3.3398038560737326,11.922832127695433,530.0,30,35.156000000000006
266,-0.6970000000000001,42.381,-3.723,43.469,-0.8670000000000001,38.097,6.084005259695295,3.6301623194731527,16.63847070913397,532.0,30,35.156000000000006
267,-0.425,42.517,-3.621,43.707,-0.8330000000000001,35.717000000000006,8.462449054499531,3.911717366642565,16.240655081965294,534.0,30,35.156000000000006
268,-0.935,41.73500000000001,-3.451,43.673,-0.663,34.357,9.724237759331062,3.440302460177856,12.972919787447877,536.0,30,35.156000000000006
269,-0.901,41.871,-3.655,44.013000000000005,-0.799,37.417,7.187764047323758,3.277156406976859,12.807312484937071,538.0,30,35.156000000000006
270,-0.7310000000000001,41.871,0.561,34.697,0.391,33.813,0.9001977560514135,3.747021922779922,4.872419763258533,540.0,30,35.156000000000006
271,-0.765,42.313,-3.689,43.537000000000006,-0.6970000000000001,34.391000000000005,9.62296108274371,4.065979081627184,14.009799286071823,542.0,30,35.156000000000006
272,-0.901,41.769000000000005,-3.689,43.435,-0.799,31.943,11.84981704500116,4.292685880514625,15.301003305776517,544.0,30,35.156000000000006
273,-0.153,41.667,-3.893,44.013000000000005,0.663,32.487,12.393781182512464,4.007210020866186,14.77372993354519,546.0,30,35.156000000000006
274,-0.153,42.075,-3.757,44.081,0.425,33.949000000000005,10.961138079597394,4.146702751608287,14.308621937149256,548.0,30,35.156000000000006
275,-0.765,40.375,-3.451,43.945,0.425,36.499,8.394420289692434,2.636963210402573,10.144276549696654,550.0,30,35.156000000000006
276,-0.8670000000000001,41.293000000000006,-3.2470000000000003,42.959,-2.805,43.231,0.5189874757641074,2.3414132851010114,0.7287752755706846,552.0,30,35.156000000000006
277,-0.7310000000000001,42.857000000000006,-0.901,41.837,-0.017,46.155,4.407559415368103,2.324151557471272,10.824001530465964,554.0,30,35.156000000000006
278,-1.275,43.027,0.221,39.253,1.445,47.107000000000006,7.948804438404559,2.444865766459115,10.238325797518083,556.0,30,35.156000000000006
279,-0.901,42.959,-0.799,41.055,-1.139,42.347,1.335988023898418,2.2520034176795627,14.06659778136379,558.0,30,35.156000000000006
280,-0.629,43.537000000000006,-0.8330000000000001,41.395,-1.649,48.67100000000001,7.321614029706839,2.6959402735913978,12.01820877680288,560.0,30,35.156000000000006
281,0.085,43.435,-0.901,41.361,3.349,45.339000000000006,5.821252786127743,2.6174317776738603,10.910161011485275,562.0,30,35.156000000000006
282,0.085,43.29900000000001,0.119,40.545,1.5810000000000002,48.603,8.189554810855105,3.313252381041077,12.358792225182924,564.0,30,35.156000000000006
283,-1.887,43.979000000000006,-4.097,44.897000000000006,1.0710000000000002,48.739,6.439657444305559,3.0053182917683565,12.042581449176431,566.0,30,35.156000000000006
284,-2.363,44.115,1.0710000000000002,48.637,1.479,44.013000000000005,4.641965101118275,2.7657783872148403,13.426917688657667,568.0,30,35.156000000000006
285,-2.431,44.455000000000005,1.853,48.297,-0.017,45.203,3.615208984277396,2.8176194711599503,14.41912421575015,570.0,30,35.156000000000006
286,-2.601,44.591,-0.459,47.923,-0.459,44.625,3.298,1.999410065835982,10.325352108227184,572.0,30,35.156000000000006
287,-2.431,44.285,-1.0710000000000002,48.943000000000005,-1.207,42.857000000000006,6.087519363418896,2.3803046964061747,11.871401007749643,574.0,30,35.156000000000006
288,-2.363,44.115,0.459,49.011,-1.3090000000000002,42.823,6.435617142123979,2.7294808223754004,12.361131584019809,576.0,30,35.156000000000006
289,-1.751,44.081,-1.5810000000000002,47.481,-1.853,42.381,5.107248182730109,2.233619678416693,10.32543764144074,578.0,30,35.156000000000006
290,-2.1590000000000003,44.285,-1.3430000000000002,47.617,-1.105,43.945,3.679704879470636,2.25467357199922,7.214708454348886,580.0,30,35.156000000000006
291,-2.091,43.979000000000006,-2.567,47.855,-4.063000000000001,44.965,3.2542458419732214,2.1024517949972337,12.109611520710004,582.0,30,35.156000000000006
292,-2.2950000000000004,44.013000000000005,0.221,48.195,-0.459,42.619,5.61731038843324,2.557501401297225,10.790708136776294,584.0,30,35.156000000000006
293,-2.193,43.979000000000006,0.799,48.705000000000005,-1.751,41.565000000000005,7.5816950611324385,2.5826665772421227,10.263887032884323,586.0,30,35.156000000000006
294,-2.1590000000000003,44.319,1.3090000000000002,48.43300000000001,-0.255,42.415000000000006,6.217911224840703,2.493285896925238,9.961230908098488,588.0,30,35.156000000000006
295,-2.2270000000000003,45.305,1.683,47.243,-1.785,43.333000000000006,5.226387279947785,2.6746328147586125,13.689592405420605,590.0,30,35.156000000000006
296,-2.397,44.625,-1.513,42.551,-2.1590000000000003,42.177,0.7464529456034051,2.206326593175558,1.1499554299985992,592.0,30,35.156000000000006
297,-2.397,44.489,-2.261,44.353,-3.281,42.823,1.8388311504866344,2.276697358427078,2.5554722738916174,594.0,30,35.156000000000006
298,-2.329,43.979000000000006,0.527,44.319,0.119,44.183,0.4300697617828996,1.919982905825626,13.083769992868216,596.0,30,35.156000000000006
299,-2.499,44.285,-0.459,43.061,0.459,44.897000000000006,2.052710403344807,2.2788649143336333,11.433085835648065,598.0,30,35.156000000000006
300,-2.5330000000000004,44.387,-0.323,42.755,0.221,44.42100000000001,1.7525672597649429,1.9103241210190585,11.87212144485935,600.0,30,35.156000000000006
301,-2.5330000000000004,44.183,-1.445,41.939,-1.5810000000000002,45.679,3.742471910382228,1.3933060363446557,6.46622019665822,602.0,30,35.156000000000006
302,-2.261,44.047,-1.751,41.565000000000005,-1.5810000000000002,41.701,0.2177062240727168,1.335194990196462,2.2223795594110936,604.0,30,35.156000000000006
303,-2.193,44.727,-0.901,40.409000000000006,-3.3150000000000004,44.183,4.480008035707079,2.0858571696645667,5.9048495124740725,606.0,30,35.156000000000006
304,-1.955,45.169,-3.655,44.387,1.003,47.54900000000001,5.629849731564779,2.0187563330916065,8.14544450362607,608.0,30,35.156000000000006
305,-2.431,45.135000000000005,1.275,44.387,-3.1790000000000003,46.053,4.755383475598998,1.844747855312896,8.06908220260515,610.0,30,35.156000000000006
306,-2.1590000000000003,44.625,-0.765,40.069,-1.037,40.001000000000005,0.2803711825420009,2.1758703321259927,1.3804691421972053,612.0,30,35.156000000000006
307,-2.499,45.203,,,,,0.2803711825420009,1.7046037535302805,,614.0,30,35.156000000000006
308,-2.4650000000000003,45.033,-0.935,45.951,-0.527,39.763000000000005,6.201435962742822,2.2691391652233905,15.871403816654563,616.0,30,35.156000000000006
309,-2.363,45.101000000000006,-0.7310000000000001,46.257000000000005,-2.363,43.095000000000006,3.5583237626725315,2.0017926077307884,13.829557549120516,618.0,30,35.156000000000006
310,-1.887,45.067,-2.567,43.027,-3.519,43.435,1.0357451423974915,1.6460630459985028,1.2425145632639103,620.0,30,35.156000000000006
311,-2.091,44.217000000000006,0.663,42.381,1.0710000000000002,42.823,0.6015214044404406,1.9058746969123077,11.919988747717936,622.0,30,35.156000000000006
312,-2.125,43.979000000000006,-1.003,43.775000000000006,0.119,40.919,3.0684882271242304,2.03801909947877,11.5752389522237,624.0,30,35.156000000000006
313,-1.989,44.217000000000006,-1.479,44.659000000000006,0.663,42.721,2.888599660735285,1.8399403976267008,11.015985671424811,626.0,30,35.156000000000006
314,-2.1590000000000003,44.659000000000006,1.717,43.129000000000005,2.397,43.367,0.7204470834141812,2.231119215060662,14.558917314421778,628.0,30,35.156000000000006
315,-2.431,45.407,-2.4650000000000003,42.721,-3.961,45.577000000000005,3.224089328787278,2.044922832895824,4.496156418579321,630.0,30,35.156000000000006
316,-2.091,44.86300000000001,-0.629,40.443000000000005,0.8330000000000001,45.169,4.946970790291773,2.1614597373956403,12.506430986471624,632.0,30,35.156000000000006
317,-1.717,44.761,-1.955,41.973000000000006,0.5950000000000001,46.087,4.840195863805514,1.9167394458636016,9.592606504281552,634.0,30,35.156000000000006
318,-1.241,44.319,0.5950000000000001,39.661,0.051,48.365,8.720983430783482,2.4582504285083213,11.998347490206443,636.0,30,35.156000000000006
319,-1.989,44.86300000000001,-0.663,40.205000000000005,-1.037,47.821000000000005,7.625177506130596,2.338507919022444,11.234351696121534,638.0,30,35.156000000000006
320,-2.4650000000000003,45.101000000000006,-2.023,42.653000000000006,-2.057,48.807,6.154093921935219,2.203314464639379,7.4098684310438,640.0,30,35.156000000000006
321,-2.261,45.373000000000005,-1.479,41.429,-1.3430000000000002,47.175,5.747609242111019,1.9163683364578787,10.628428370377556,642.0,30,35.156000000000006
322,-1.037,44.183,0.493,38.641000000000005,-3.145,43.877,6.375793283976513,2.413180601334225,9.774896667657726,644.0,30,35.156000000000006
323,-0.085,42.551,0.255,36.703,-2.567,45.169,8.923947556995168,2.8204942944047904,13.654435610513088,646.0,30,35.156000000000006
324,-0.051,42.619,0.357,36.023,-1.037,43.809000000000005,7.909806065890618,2.676937499901404,14.253840412677915,648.0,30,35.156000000000006
325,0.255,42.619,-0.8670000000000001,37.791,-2.7030000000000003,42.449000000000005,5.006781401259696,2.5082762405170453,10.973193824763465,650.0,30,35.156000000000006
326,0.357,42.993,0.425,36.329,-2.635,43.809000000000005,8.081707740323205,3.005597137072089,16.351901895562616,652.0,30,35.156000000000006
327,0.153,42.109,-0.7310000000000001,40.681,-1.3090000000000002,43.061,2.4491802710294728,2.008936809085329,12.533674314776732,654.0,30,35.156000000000006
328,0.153,41.361,1.241,42.823,1.3430000000000002,43.435,0.6204417780904184,1.5006816052552867,0.7292209472603179,656.0,30,35.156000000000006
329,0.629,43.367,-2.805,43.095000000000006,1.887,45.339000000000006,5.200999903864641,1.9464333583519728,7.998889184345057,658.0,30,35.156000000000006
330,1.037,43.231,-1.003,45.441,2.363,47.345000000000006,3.867191745957265,2.2799994441923097,12.723937651218924,660.0,30,35.156000000000006
331,0.8330000000000001,43.163,-2.2950000000000004,42.211000000000006,-0.663,44.795,3.056219887377216,2.046919265062288,12.335879788946777,662.0,30,35.156000000000006
332,0.119,45.781000000000006,-3.213,42.789,3.0770000000000004,45.441,6.826214470700434,2.040549751099759,10.080935844659752,664.0,30,35.156000000000006
333,0.153,46.257000000000005,-2.499,45.883,3.0090000000000003,46.801,5.583976002813766,1.8163583593309507,9.189479922838036,666.0,30,35.156000000000006
334,-0.051,46.155,-3.519,44.013000000000005,0.221,44.557,3.779356558992549,1.854509344398026,8.350411839029455,668.0,30,35.156000000000006
335,0.493,46.121,2.1590000000000003,46.733,2.193,44.761,1.972293081669152,1.2513370136618094,2.281311949223088,670.0,30,35.156000000000006
336,0.799,45.135000000000005,-3.587,46.42700000000001,2.635,47.175,6.266800459564674,2.2924765358462045,9.443580954004595,672.0,30,35.156000000000006
337,-0.425,44.489,-3.587,45.815000000000005,-3.1790000000000003,45.883,0.4136278520602789,2.3548691215969924,0.5876532056893654,674.0,30,35.156000000000006
338,0.221,43.775000000000006,-3.587,46.461000000000006,3.3830000000000005,45.951,6.988633628972119,2.333206848472504,12.050034546547328,676.0,30,35.156000000000006
339,-0.425,44.115,-3.893,45.713,2.1590000000000003,42.721,6.751204929492217,2.273657090081272,8.825936329434612,678.0,30,35.156000000000006
340,-0.629,44.455000000000005,,,,,6.751204929492217,1.9626250936266347,,680.0,30,35.156000000000006
341,0.221,44.965,-2.193,42.143,1.207,44.251000000000005,4.000457973782503,2.473980160217859,15.78280961758011,682.0,30,35.156000000000006
342,0.357,44.115,-3.1790000000000003,44.829,2.4650000000000003,43.129000000000005,5.89446655771326,2.3950054970682024,18.68545752182743,684.0,30,35.156000000000006
343,1.207,42.891000000000005,1.139,44.999,2.431,42.925,2.4435097708010094,2.628577149400993,9.17761969698254,686.0,30,35.156000000000006
344,1.5810000000000002,42.993,-3.349,43.129000000000005,-3.111,42.823,0.3876596445337069,2.764185071593572,0.5790872266050676,688.0,30,35.156000000000006
345,1.5810000000000002,43.29900000000001,-3.213,43.741,2.329,47.345000000000006,6.610792690744431,2.456546925661692,12.452269079756372,690.0,30,35.156000000000006
346,1.139,42.959,-2.873,42.891000000000005,-2.4650000000000003,42.925,0.4094142156789381,2.284554945870985,0.6975411111122655,692.0,30,35.156000000000006
347,0.8330000000000001,43.061,-3.281,42.891000000000005,0.8330000000000001,45.441,4.840195863805514,2.5203083007741216,13.059999720199071,694.0,30,35.156000000000006
348,0.765,44.217000000000006,-2.873,42.415000000000006,3.0770000000000004,46.801,7.39185335352373,2.203729323954571,14.421994927555255,696.0,30,35.156000000000006
349,1.955,45.917,-3.281,43.197,3.1790000000000003,44.149,6.529770593213824,2.50307865366311,12.230439572369647,698.0,30,35.156000000000006
350,0.6970000000000001,44.931,-3.927000000000001,44.081,1.785,41.871,6.124626029399673,2.140361859067723,11.049394888952216,700.0,30,35.156000000000006
351,0.8670000000000001,45.441,-3.893,46.223000000000006,2.261,42.075,7.4214297813831,1.9927126674460625,10.330096539324732,702.0,30,35.156000000000006
352,0.663,44.931,-3.723,45.98500000000001,2.737,42.823,7.192346209687074,2.112925555130223,9.618710350734943,704.0,30,35.156000000000006
353,-0.323,44.183,-3.1790000000000003,46.903000000000006,-0.6970000000000001,40.647000000000006,6.7303684891690745,2.248397108409435,10.208311286144234,706.0,30,35.156000000000006
354,-0.7310000000000001,43.401,-1.649,48.705000000000005,-0.7310000000000001,40.919,7.839931122146419,2.5731351728399208,13.303246513494091,708.0,30,35.156000000000006
355,-0.425,45.373000000000005,-3.519,44.115,0.8670000000000001,43.979000000000006,4.388108020548263,1.5333269889608114,8.238761196334078,710.0,30,35.156000000000006
356,0.289,44.319,1.649,48.297,-0.085,42.551,6.001939020016782,2.026695300353713,9.049777542233784,712.0,30,35.156000000000006
357,-0.323,45.033,-0.8670000000000001,46.903000000000006,-1.5810000000000002,44.319,2.6808304683437183,2.0498690656821665,3.669281242942145,714.0,30,35.156000000000006
358,-0.051,45.577000000000005,2.261,43.367,-1.717,47.413,5.674028551214737,1.904334858325368,8.337168543037778,716.0,30,35.156000000000006
359,-0.323,44.455000000000005,-0.5950000000000001,42.755,-1.853,45.407,2.935245815941146,1.4992976737888926,9.372112527643546,718.0,30,35.156000000000006
360,-0.017,43.333000000000006,1.819,46.087,-1.207,44.795,3.2902796233754965,1.7599186223107817,6.996805960536394,720.0,30,35.156000000000006
361,-0.323,42.959,2.193,43.775000000000006,0.8330000000000001,42.857000000000006,1.6408302776338572,1.6391475358566518,3.3138110051171323,722.0,30,35.156000000000006
362,-0.901,45.407,-0.8330000000000001,42.075,1.6150000000000002,41.633,2.4875827624422877,2.424613800398134,15.786395908319344,724.0,30,35.156000000000006
363,-0.323,44.217000000000006,-3.519,44.86300000000001,3.1790000000000003,44.659000000000006,6.701105878882978,2.085001413884632,9.243091854054212,726.0,30,35.156000000000006
364,-1.139,44.217000000000006,,,,,6.701105878882978,1.788012846054644,,728.0,30,35.156000000000006
365,-1.3430000000000002,44.693000000000005,0.935,42.347,2.8390000000000004,45.679,3.83763468819011,2.268046872532534,18.701416688973023,730.0,30,35.156000000000006
366,-1.0710000000000002,44.795,-3.1790000000000003,46.529,0.6970000000000001,42.347,5.7019733426244645,2.270472071148973,8.949156154549373,732.0,30,35.156000000000006
367,-1.3090000000000002,44.693000000000005,0.051,43.027,1.853,45.815000000000005,3.319660826048348,2.203257211304197,17.771791144704366,734.0,30,35.156000000000006
368,-1.0710000000000002,44.727,-3.519,45.577000000000005,0.8670000000000001,42.517,5.347952505398679,2.0607032108031125,8.786400955991654,736.0,30,35.156000000000006
369,-1.003,44.183,-3.1790000000000003,44.489,-0.153,42.789,3.470832176870556,2.027412882256296,13.473971622115403,738.0,30,35.156000000000006
370,-0.765,43.265,1.275,45.441,0.5950000000000001,39.151,6.326649982415654,2.0195350825499254,7.913084408553166,740.0,30,35.156000000000006
371,-1.717,43.537000000000006,2.601,42.789,-2.4650000000000003,44.115,5.236662295775813,1.486844293021573,7.145152909654962,742.0,30,35.156000000000006
372,-0.8670000000000001,45.135000000000005,2.635,44.591,-3.757,44.455000000000005,6.393446644807479,1.824885970716873,7.924799871465909,744.0,30,35.156000000000006
373,0.8670000000000001,44.42100000000001,0.7310000000000001,42.347,1.751,43.707,1.7000000000000002,1.0704443018758425,4.059725213633904,746.0,30,35.156000000000006
374,0.935,44.489,-0.425,43.29900000000001,2.1590000000000003,43.061,2.594937378820537,1.647467255979144,11.79623957745351,748.0,30,35.156000000000006
375,0.935,44.489,1.173,42.483,2.7710000000000004,44.183,2.333153231144496,2.1884414357641604,16.72291858932546,750.0,30,35.156000000000006
376,0.8160000000000001,44.081,1.479,43.945,-1.3430000000000002,44.591,2.8949956822074885,1.3554318393905818,3.86217957875664,752.0,30,35.156000000000006
377,1.173,44.591,2.057,43.435,-0.629,44.455000000000005,2.8731508836119275,2.073360387310549,5.630966064710093,754.0,30,35.156000000000006
378,-0.6970000000000001,45.509,3.1790000000000003,46.767,0.799,43.29900000000001,4.206117449620256,2.036801179740489,10.913615496669166,756.0,30,35.156000000000006
379,0.493,44.795,1.003,48.705000000000005,2.329,47.209,1.9990727850681176,2.271242810158828,2.32269102715998,758.0,30,35.156000000000006
380,-0.901,42.993,-1.173,47.107000000000006,1.105,42.279,5.338433103448989,1.2846417886427706,6.781951912772348,760.0,30,35.156000000000006
381,0.527,44.387,2.329,47.209,-0.493,43.707,4.497520205624428,1.961926991795528,7.646416630452466,762.0,30,35.156000000000006
382,0.119,43.605,3.0770000000000004,46.86900000000001,-0.459,45.033,3.9842429644789488,2.5319820773457304,15.844997240778673,764.0,30,35.156000000000006
383,0.6970000000000001,43.877,3.043,46.733,2.363,47.345000000000006,0.9148464352010124,2.6257103910061006,1.2252876176406924,766.0,30,35.156000000000006
384,-0.629,45.373000000000005,3.4850000000000003,45.849,3.0090000000000003,45.781000000000006,0.4808326112068524,2.450914044339135,0.5315905925130259,768.0,30,35.156000000000006
385,-1.3430000000000002,45.305,3.0090000000000003,46.461000000000006,-1.513,43.775000000000006,5.259570324655808,2.0872851930014447,8.416933986480553,770.0,30,35.156000000000006
386,0.8330000000000001,43.979000000000006,2.4650000000000003,47.787000000000006,-0.153,45.033,3.799794731297995,2.429619056869806,16.31775999361545,772.0,30,35.156000000000006
387,0.799,43.741,1.173,48.059000000000005,-3.111,43.095000000000006,6.556977352408654,2.559207575933231,12.29083650081186,774.0,30,35.156000000000006
388,-0.119,44.489,-3.213,42.721,-1.275,41.395,2.3482163443771533,2.354187675803105,12.437641373009592,776.0,30,35.156000000000006
389,-0.017,44.761,-3.4850000000000003,43.367,1.5810000000000002,48.331,7.0926477425570775,2.113540255372064,8.919859717336225,778.0,30,35.156000000000006
390,-0.5950000000000001,44.42100000000001,2.363,47.175,2.499,47.685,0.5278219396728409,2.151125607785955,0.688511194745382,780.0,30,35.156000000000006
391,-0.255,44.42100000000001,-3.587,43.367,2.7030000000000003,47.515,7.534587181790387,2.290824530021719,10.556907400845414,782.0,30,35.156000000000006
392,-0.7310000000000001,45.271,-0.051,41.497,1.513,48.535,7.209683765603039,2.047700315062549,10.388624588607136,784.0,30,35.156000000000006
393,-1.989,46.053,-3.4850000000000003,43.027,3.043,46.903000000000006,7.591979978898786,1.9943827243116217,10.069206127885202,786.0,30,35.156000000000006
394,-1.513,44.149,-3.893,43.809000000000005,-3.4850000000000003,43.333000000000006,0.6269290230959164,1.9065017335852887,9.63101703670301,788.0,30,35.156000000000006
395,-0.357,44.523,-2.4650000000000003,42.041,2.363,47.481,7.273457499703976,2.14001362949426,9.390630420994876,790.0,30,35.156000000000006
396,0.765,44.387,-3.825,43.843,-3.689,43.469,0.3979597969644673,2.5187225587844506,13.657342109006,792.0,30,35.156000000000006
397,0.493,43.231,-3.0090000000000003,42.483,-2.805,42.619,0.2451774867315513,2.3470859538062743,11.481748090343029,794.0,30,35.156000000000006
398,-0.051,42.823,0.561,41.531000000000006,1.3090000000000002,48.025000000000006,6.536936591401205,2.2141495602874723,9.80209685977818,796.0,30,35.156000000000006
399,-1.037,43.843,1.003,43.29900000000001,2.737,46.189,3.370290195220584,2.0064304714943595,8.573324004636895,798.0,30,35.156000000000006
400,-1.241,43.163,1.411,42.007000000000005,2.363,47.345000000000006,5.422227217666188,2.251513005810476,11.201938820773508,800.0,30,35.156000000000006
401,-1.6150000000000002,44.081,0.8330000000000001,43.435,2.635,47.345000000000006,4.305264684081572,2.4158059149832223,10.72677596990568,802.0,30,35.156000000000006
402,-0.935,44.353,-1.921,42.891000000000005,2.737,46.699000000000005,6.016463080581481,2.425733372549833,13.962719790957085,804.0,30,35.156000000000006
403,-0.935,44.081,-1.3430000000000002,42.755,1.377,46.223000000000006,4.407428275082874,2.3399048213533606,13.816816175887134,806.0,30,35.156000000000006
404,-0.221,44.183,2.601,42.585,3.0090000000000003,46.631,4.066519396240476,2.348682909802541,13.511197327996584,808.0,30,35.156000000000006
405,0.085,44.523,-3.519,46.053,0.765,41.973000000000006,5.916,2.002337854119022,9.855628473881556,810.0,30,35.156000000000006
406,-0.527,44.251000000000005,-1.003,42.313,-0.799,46.86900000000001,4.560564877293163,2.066616499149741,8.939363331510833,812.0,30,35.156000000000006
407,0.391,45.271,-0.7310000000000001,40.341,-3.655,46.86900000000001,7.152940654024749,2.8261589053669027,14.941616223152751,814.0,30,35.156000000000006
408,1.479,44.965,-0.391,42.619,-1.955,48.263000000000005,5.856691216036578,2.4982996908942416,12.47895987566301,816.0,30,35.156000000000006
409,-0.629,45.339000000000006,-2.023,43.945,1.921,45.475,4.230370669338563,1.3572315937741448,5.573084120574435,818.0,30,35.156000000000006
410,-2.329,45.101000000000006,-2.363,43.537000000000006,2.261,43.027,4.652039982631276,2.08111400558099,10.813960364078048,820.0,30,35.156000000000006
411,-0.8670000000000001,44.897000000000006,-3.689,45.645,2.363,44.353,6.18837361509468,2.050790623932277,10.537015495623688,822.0,30,35.156000000000006
412,-2.2270000000000003,44.115,-3.4170000000000003,47.243,1.207,43.571000000000005,5.904655790137136,1.636744486545647,8.614389475160355,824.0,30,35.156000000000006
413,-2.601,43.231,-3.0090000000000003,47.379000000000005,2.057,42.415000000000006,7.0926477425570775,2.660251559442916,10.571457707053211,826.0,30,35.156000000000006
414,-1.173,43.945,2.805,42.891000000000005,2.567,42.823,0.2475237362355376,2.2248163488867783,0.6881592883740263,828.0,30,35.156000000000006
415,-2.4650000000000003,45.407,2.873,42.721,-3.655,45.883,7.253483852604899,2.167589397555819,10.488962037264184,830.0,30,35.156000000000006
416,-1.649,44.489,-3.757,44.319,0.5950000000000001,47.209,5.224174958785359,1.5598666669424004,7.336563951474513,832.0,30,35.156000000000006
417,-2.1590000000000003,45.951,-3.689,43.537000000000006,1.785,47.99100000000001,7.057109323228599,2.0429910074805444,9.802774158651756,834.0,30,35.156000000000006
418,-1.513,45.441,-2.8390000000000004,43.29900000000001,3.0090000000000003,45.645,6.301017378169974,2.1447079972600585,16.462307253215418,836.0,30,35.156000000000006
419,-0.527,44.897000000000006,-2.9410000000000003,47.923,-1.853,41.769000000000005,6.249436774622174,2.334693730519896,12.964833014090075,838.0,30,35.156000000000006
420,0.663,44.727,-2.023,47.99100000000001,1.275,43.163,5.846912689616633,2.0932053775597668,11.314698910874249,840.0,30,35.156000000000006
421,-0.935,43.571000000000005,-1.955,48.637,-1.445,41.73500000000001,6.920816714810472,2.7106149579615177,18.96366320009199,842.0,30,35.156000000000006
422,-0.8330000000000001,45.271,-3.723,43.843,-2.975,43.129000000000005,1.0340696301506975,1.8443103372932967,9.998963790010055,844.0,30,35.156000000000006
423,1.207,45.135000000000005,-2.261,48.263000000000005,1.819,42.449000000000005,7.102745666289904,2.4874485472088788,14.879288937343278,846.0,30,35.156000000000006
424,1.5810000000000002,44.353,-1.3090000000000002,47.311,0.187,40.851000000000006,6.630958905015172,2.250076820083055,10.923988869119762,848.0,30,35.156000000000006
425,0.629,45.815000000000005,1.207,48.739,1.037,44.115,4.627123944741485,1.2971376475750538,7.253302227126794,850.0,30,35.156000000000006
426,0.5950000000000001,44.149,1.5470000000000002,47.54900000000001,0.255,41.803,5.8894634730168764,1.969893896185697,8.039003891210706,852.0,30,35.156000000000006
427,-0.629,43.129000000000005,0.765,48.093,0.935,42.211000000000006,5.884456134597317,2.244631450263024,9.140876006802747,854.0,30,35.156000000000006
428,-0.6970000000000001,43.911,-1.989,47.345000000000006,-1.0710000000000002,41.259,6.154845245820565,2.2567853364392176,9.366929453104891,856.0,30,35.156000000000006
429,-0.085,43.639,-3.5530000000000004,47.209,1.649,41.633,7.6257838941318035,2.2510265077261,11.198685212003385,858.0,30,35.156000000000006
430,-0.561,44.183,-3.859,45.203,1.411,41.565000000000005,6.40374452957018,2.294724925216582,11.800524525945264,860.0,30,35.156000000000006
431,-0.5950000000000001,43.639,-0.493,41.055,2.329,45.679,5.41710808457797,2.016264141414454,10.07416610036106,862.0,30,35.156000000000006
432,0.289,44.387,-0.561,41.021,-0.289,48.637,7.620855595010314,2.348258240900572,11.536406559437657,864.0,30,35.156000000000006
433,0.391,44.42100000000001,0.901,42.381,3.1790000000000003,46.835,5.002739249651135,2.3363015120711346,11.970606432700038,866.0,30,35.156000000000006
434,1.139,43.537000000000006,-0.901,40.817,-2.329,48.399,7.715303493706518,2.4972533529121974,11.878666651353551,868.0,30,35.156000000000006
435,2.057,44.489,-0.765,43.537000000000006,-2.9410000000000003,48.093,5.048971380390268,2.7641153018214037,17.03212276173326,870.0,30,35.156000000000006
436,1.6150000000000002,45.237,0.5950000000000001,42.381,-2.1590000000000003,46.461000000000006,4.922490832901571,2.192719034873263,12.224331130091702,872.0,30,35.156000000000006
437,-0.221,44.897000000000006,2.2950000000000004,43.367,1.0710000000000002,48.501000000000005,5.277890866624659,2.399437053469299,9.589204788484889,874.0,30,35.156000000000006
438,-0.187,44.523,-1.377,44.013000000000005,-1.649,48.773,4.767765094884605,2.2602374369925684,13.515468148579796,876.0,30,35.156000000000006
439,-1.241,44.387,-0.119,45.577000000000005,-1.5470000000000002,48.637,3.376800852878357,2.3375759945217225,13.630022550999922,878.0,30,35.156000000000006
440,-0.493,45.747,1.717,42.891000000000005,-3.1790000000000003,46.257000000000005,5.941445278717966,2.5928064262047865,8.989676115064608,880.0,30,35.156000000000006
441,0.357,46.733,-3.5530000000000004,43.775000000000006,2.125,46.155,6.156629272580898,2.339503310355643,9.1608578278379,882.0,30,35.156000000000006
442,0.119,45.611,-3.757,46.529,3.519,44.693000000000005,7.504070362143469,2.4014160899699983,14.489525529666397,884.0,30,35.156000000000006
443,0.085,46.529,-3.451,47.039,-3.2470000000000003,47.141000000000005,0.2280789337049786,1.7085823623951273,0.9009277150103192,886.0,30,35.156000000000006
444,-0.7310000000000001,44.251000000000005,-3.4170000000000003,47.175,2.261,46.767,5.692639809438149,2.4657564809758035,13.138918710118755,888.0,30,35.156000000000006
445,-0.085,43.775000000000006,-3.4170000000000003,47.175,1.887,42.279,7.218256853285286,2.481218054790828,11.654528188906284,890.0,30,35.156000000000006
446,0.425,44.489,0.901,41.395,2.2950000000000004,47.209,5.978781815721327,2.0001473196796806,8.933615386067627,892.0,30,35.156000000000006
447,1.5810000000000002,44.659000000000006,-1.649,46.903000000000006,1.989,42.721,5.542938570830459,2.186951743386243,11.687446170301644,894.0,30,35.156000000000006
448,1.275,44.387,-0.391,49.11300000000001,0.323,46.087,3.1090950451859785,2.7055042424722573,21.04221089048349,896.0,30,35.156000000000006
449,1.292,43.775000000000006,-0.765,42.483,2.9410000000000003,44.285,4.120878547106187,1.3305936897116035,5.318795565411711,898.0,30,35.156000000000006
450,0.119,45.407,2.2950000000000004,42.211000000000006,2.975,46.631,4.4720017889084085,2.296572411980778,14.588355077730936,900.0,30,35.156000000000006
451,-1.003,46.053,0.8330000000000001,42.483,-0.6970000000000001,47.583000000000006,5.324556319544381,2.095687954169553,12.681760599552488,902.0,30,35.156000000000006
452,-0.663,45.407,-0.391,41.565000000000005,-1.173,47.345000000000006,5.832660113533104,2.060223575667333,8.412333844247277,904.0,30,35.156000000000006
453,-1.3090000000000002,45.271,-0.119,40.375,1.377,48.297,8.062015876937977,2.453718079303002,13.31503669737851,906.0,30,35.156000000000006
454,-1.275,45.169,0.391,38.709,-3.859,45.203,7.761091160397487,2.7574880561005872,11.141800333031131,908.0,30,35.156000000000006
455,-0.765,43.435,-0.527,38.233,-2.7710000000000004,47.923,9.946438357522757,2.552760860087242,11.9603767803879,910.0,30,35.156000000000006
456,-1.037,43.809000000000005,0.5950000000000001,40.273,-2.023,45.747,6.067833221175414,2.501585153263242,11.783355575208976,912.0,30,35.156000000000006
457,-0.561,44.42100000000001,-0.901,39.355,-3.349,45.713,6.812992587695954,2.6584821344349665,12.250558339559158,914.0,30,35.156000000000006
458,-0.561,45.237,-0.901,36.329,-3.0770000000000004,44.897000000000006,8.84,3.271592636906321,16.775926894819023,916.0,30,35.156000000000006
459,-0.935,43.911,0.289,38.267,-2.1590000000000003,43.945,6.183234428678894,2.76425118616882,15.286265589714631,918.0,30,35.156000000000006
460,-0.765,44.013000000000005,-0.527,38.233,-3.451,47.413,9.634426604629878,2.7882650487600618,13.374734845035189,920.0,30,35.156000000000006
461,-0.357,43.29900000000001,-0.765,36.227,-3.3150000000000004,47.753,11.804709907490317,3.4750718471271567,14.62825580458307,922.0,30,35.156000000000006
462,-0.255,43.333000000000006,-0.527,38.063,-0.7310000000000001,38.403000000000006,0.3965047288494804,2.8347915245890176,0.4834764301271495,924.0,30,35.156000000000006
463,0.459,43.911,-0.935,42.687000000000005,1.751,45.441,3.846961398298663,1.7054429211365674,8.025803953801875,926.0,30,35.156000000000006
464,0.323,45.067,-2.8390000000000004,43.197,2.431,43.061,5.27175454663815,2.402611213233064,13.64844602825524,928.0,30,35.156000000000006
465,-0.119,45.781000000000006,-2.499,42.177,1.921,44.625,5.052633372806699,2.4024634185919087,14.86216465736554,930.0,30,35.156000000000006
466,-0.561,45.883,-0.323,37.961000000000006,3.145,45.645,8.430354678185255,2.995819621934688,14.992005762334797,932.0,30,35.156000000000006
467,-0.527,44.149,0.527,40.001000000000005,-2.7030000000000003,47.175,7.86760293863385,2.736145812102646,10.208314006263077,934.0,30,35.156000000000006
468,-0.391,44.829,0.391,40.239,-3.995,44.183,5.898485568347184,2.520942084307528,13.248729749198532,936.0,30,35.156000000000006
469,-0.323,44.183,-0.663,38.505,2.329,47.379000000000005,9.3648246112781,3.0129834805155267,11.936341011615946,938.0,30,35.156000000000006
470,-0.935,43.911,-2.431,45.203,0.629,38.437000000000005,7.425789924311083,3.407172236830041,21.31766429413963,940.0,30,35.156000000000006
471,-0.153,43.333000000000006,0.017,45.305,0.6970000000000001,41.429,3.9351970725746384,2.3165024234682496,12.881788493308347,942.0,30,35.156000000000006
472,0.255,45.033,3.3830000000000005,45.951,0.629,41.123000000000005,5.558246126252418,2.6578198641854702,15.808552193820647,944.0,30,35.156000000000006
473,0.357,44.761,2.193,44.693000000000005,0.153,39.355,5.714529201955312,2.719011679146411,18.577498054835804,946.0,30,35.156000000000006
474,0.255,43.877,0.935,47.583000000000006,-0.765,39.151,8.601664025059339,2.6282441466884063,11.294785393962677,948.0,30,35.156000000000006
475,-0.493,43.418000000000006,0.629,40.375,-3.519,43.333000000000006,5.094670548720496,2.5009093531428315,9.311683614580293,950.0,30,35.156000000000006
476,-0.119,44.319,-0.255,39.355,3.0770000000000004,45.509,6.998138323868713,3.0486633751531182,17.479933955747867,952.0,30,35.156000000000006
477,0.153,43.435,0.255,37.281000000000006,0.5950000000000001,48.399,11.123197561852438,2.710013617345379,12.327608128166414,954.0,30,35.156000000000006
478,-0.561,44.183,0.561,38.437000000000005,-3.451,43.673,6.59635050615111,2.835485473987758,10.443960972982834,956.0,30,35.156000000000006
479,-0.255,43.265,0.5950000000000001,38.097,-2.805,43.095000000000006,6.044832834744068,3.408172442293159,8.883509102974102,958.0,30,35.156000000000006
480,0.323,43.401,,,,,6.044832834744068,3.155009437747069,,960.0,30,35.156000000000006
481,0.085,43.605,3.213,43.877,1.479,48.399,4.843061015514879,2.5404711955404067,15.101598447932544,962.0,30,35.156000000000006
482,0.051,45.237,-2.7710000000000004,45.475,3.111,43.129000000000005,6.332585569891654,2.297237927418309,7.917698184927722,964.0,30,35.156000000000006
483,-1.921,44.557,-0.085,47.141000000000005,2.431,42.619,5.174817871191218,2.468065081175131,15.337055580905156,966.0,30,35.156000000000006
484,-0.153,45.747,-2.193,45.577000000000005,2.7030000000000003,42.585,5.7378462858462855,2.405396278635481,9.203197792450553,968.0,30,35.156000000000006
485,0.289,47.107000000000006,-3.995,46.053,2.329,43.265,6.911289315315921,2.6193243730026867,11.912754316190227,970.0,30,35.156000000000006
486,0.663,46.937000000000005,-1.479,47.99100000000001,1.955,42.143,6.781700376749183,2.622342700429088,13.99187457455474,972.0,30,35.156000000000006
487,0.153,46.835,-2.431,47.753,0.629,42.415000000000006,6.152872824949335,2.253354214330125,10.807767661290471,974.0,30,35.156000000000006
488,-0.017,46.325,-2.363,47.889,-0.459,39.015,9.075962318123628,3.148600432922472,13.933853721349562,976.0,30,35.156000000000006
489,0.527,45.747,-2.023,48.195,-1.785,41.973000000000006,6.2265502487332425,2.699776252400204,13.217767854806263,978.0,30,35.156000000000006
490,0.221,45.033,-3.349,43.673,0.935,46.529,5.148727221362577,1.96830205182442,8.353568547331802,980.0,30,35.156000000000006
491,-0.493,44.795,-2.601,47.99100000000001,0.969,42.211000000000006,6.79362200891395,2.131590084644612,11.768810795460988,982.0,30,35.156000000000006
492,-0.085,45.101000000000006,-3.5530000000000004,43.435,-1.717,43.29900000000001,1.8410301464126004,2.6743371388658304,10.937793180765867,984.0,30,35.156000000000006
493,-0.527,44.081,-0.7310000000000001,39.763000000000005,2.193,42.755,4.183520048953991,2.30565084203148,13.0166649434759,986.0,30,35.156000000000006
494,-0.425,43.877,-0.901,41.055,2.057,45.883,5.662097491212951,2.628232966700605,15.753208511016265,988.0,30,35.156000000000006
495,0.323,44.489,-1.479,41.565000000000005,-1.3090000000000002,41.803,0.2924790590794493,2.61528518208509,0.6831681362906897,990.0,30,35.156000000000006
496,1.479,44.829,-1.003,41.225,0.7310000000000001,47.481,6.491863522903112,2.6767148806422187,16.693711482508544,992.0,30,35.156000000000006
497,-0.153,44.285,0.5950000000000001,39.151,1.853,43.29900000000001,4.334566645006165,1.6761974379947024,9.997107774868628,994.0,30,35.156000000000006
498,-1.513,44.727,-3.3150000000000004,43.775000000000006,1.445,44.319,4.790984867435922,1.6869156161880656,10.581304684413944,996.0,30,35.156000000000006
499,-1.003,43.843,-3.927000000000001,44.183,2.975,45.679,7.062267341300526,2.337298415767982,13.869123781033784,998.0,30,35.156000000000006
500,-0.5950000000000001,44.285,,,,,7.062267341300526,1.534039469224596,,1000.0,30,35.156000000000006
501,-0.493,45.339000000000006,-3.349,46.223000000000006,3.587,44.285,7.201662308106373,2.1546642160649347,10.941014087191316,1002.0,30,35.156000000000006
502,-0.493,44.489,-2.737,44.115,-0.323,45.849,2.97223013913795,1.3870638239777997,3.813422677133646,1004.0,30,35.156000000000006
503,-0.561,45.135000000000005,1.785,42.857000000000006,-2.329,45.98500000000001,5.168111840895087,2.010913327048496,7.177407288423568,1006.0,30,35.156000000000006
504,-1.479,44.523,0.323,44.115,-2.1590000000000003,47.073,3.861358310232295,1.4519209258771637,6.872239792433351,1008.0,30,35.156000000000006
505,0.051,43.095000000000006,-3.3150000000000004,42.789,-1.6150000000000002,45.135000000000005,2.8971910534170853,2.1964009973691407,13.244945882820527,1010.0,30,35.156000000000006
506,-0.085,42.925,-2.1590000000000003,44.353,-2.2270000000000003,44.965,0.6157661893933444,1.9471927601663417,11.017511694667592,1012.0,30,35.156000000000006
507,1.207,43.605,-2.329,43.061,-0.629,43.707,1.8186027603630213,1.9183142666567043,9.595058946802146,1014.0,30,35.156000000000006
508,0.255,44.285,2.805,45.781000000000006,2.975,45.951,0.2404163056034262,2.006529742030032,1.0058570783829968,1016.0,30,35.156000000000006
509,0.493,43.163,-1.5470000000000002,44.149,-1.139,41.633,2.548866414702819,1.515269735313545,6.66516448360821,1018.0,30,35.156000000000006
510,0.357,43.877,-0.799,45.645,3.3830000000000005,44.591,4.31277636795603,2.320992837397026,9.467949360808884,1020.0,30,35.156000000000006
511,-0.8330000000000001,43.775000000000006,-3.349,44.353,2.635,43.333000000000006,6.070309382560333,2.262176704425244,13.330639095238524,1022.0,30,35.156000000000006
512,-0.765,45.849,-4.063000000000001,44.897000000000006,1.3430000000000002,46.42700000000001,5.618339256399528,2.8778332912595057,10.693809996826268,1024.0,30,35.156000000000006
513,-1.003,45.475,-1.037,40.137,-0.8670000000000001,39.865,0.3207553584899245,2.9604068857332284,0.3619473292501449,1026.0,30,35.156000000000006
514,-1.377,44.081,-0.901,40.817,-0.561,40.171,0.7300109588218523,2.135599413226393,0.9809396200843576,1028.0,30,35.156000000000006
515,-1.513,44.761,-3.213,45.98500000000001,-0.357,47.515,3.2400055555507925,1.8453889562907877,9.57016210991778,1030.0,30,35.156000000000006
516,-0.8330000000000001,45.577000000000005,-3.519,46.291,-0.153,46.495000000000005,3.372176151982574,1.939125323606674,10.155327621440945,1032.0,30,35.156000000000006
517,-0.663,44.999,-3.791,44.319,1.921,47.413,6.496135774443142,1.9961862157355676,9.515473839818714,1034.0,30,35.156000000000006
518,-1.037,44.013000000000005,-0.051,47.277,0.935,47.583000000000006,1.0323913986468505,1.6848279935290738,1.305233087834973,1036.0,30,35.156000000000006
519,0.765,44.86300000000001,-0.289,47.821000000000005,-0.8330000000000001,43.503,4.352132810473504,2.2623109406614046,7.280342922859209,1038.0,30,35.156000000000006
520,1.241,45.067,0.527,48.977,3.145,46.393,3.678448042313497,2.464701684051457,7.61801846040838,1040.0,30,35.156000000000006
521,-0.255,45.951,-0.663,42.449000000000005,2.261,47.515,5.8492847425988765,2.5176741730806915,14.88422032258622,1042.0,30,35.156000000000006
522,-1.819,45.067,-2.329,42.211000000000006,-2.2950000000000004,42.585,0.3755422745843669,2.1391293500256605,0.3878943158976623,1044.0,30,35.156000000000006
523,-1.275,45.101000000000006,0.255,42.041,2.601,45.271,3.992069137677854,1.8036077915092907,12.406583985878733,1046.0,30,35.156000000000006
524,-1.173,45.271,-3.689,44.86300000000001,3.0090000000000003,46.155,6.821471102335624,1.918023437968628,11.176448811667171,1048.0,30,35.156000000000006
525,-1.139,46.223000000000006,-0.085,47.073,-0.085,47.481,0.408,1.3651284659403269,6.401954225576581,1050.0,30,35.156000000000006
526,-1.173,45.98500000000001,-3.893,45.849,0.8330000000000001,47.515,5.011050987567379,1.674592163352654,8.45796681744599,1052.0,30,35.156000000000006
527,-1.173,46.86900000000001,1.037,48.43300000000001,1.6150000000000002,48.263000000000005,0.6024815349867579,2.4914687345303435,16.158503244206717,1054.0,30,35.156000000000006
528,-0.459,45.781000000000006,-0.153,45.475,-0.629,45.237,0.53218417864495,1.9168903972770768,1.9807943727854789,1056.0,30,35.156000000000006
529,-0.323,45.645,-0.119,49.11300000000001,3.349,44.761,5.564793617017616,2.407468800410564,14.192062368452389,1058.0,30,35.156000000000006
530,-1.0710000000000002,46.019000000000005,1.751,48.229000000000006,3.213,44.489,4.015600079689212,2.7788768019692407,14.56169069872911,1060.0,30,35.156000000000006
531,-0.221,45.543000000000006,-1.275,48.875,3.587,45.679,5.818372624712172,2.775900214510366,17.2784649050567,1062.0,30,35.156000000000006
532,-0.6970000000000001,45.781000000000006,-1.853,44.387,2.7710000000000004,44.081,4.634113939039479,2.8887793170791163,9.723177432753204,1064.0,30,35.156000000000006
533,-1.479,46.257000000000005,2.1590000000000003,42.347,2.669,45.407,3.102208890452092,2.989755046179777,15.151209472063975,1066.0,30,35.156000000000006
534,-1.717,44.42100000000001,0.391,42.585,-2.023,46.597,4.682258002289067,1.5400608884784308,7.269873108989443,1068.0,30,35.156000000000006
535,-0.391,46.971,-0.6970000000000001,44.727,-1.241,46.291,1.6559082100164857,1.5074040141990026,9.683098723856274,1070.0,30,35.156000000000006
536,-0.629,46.665000000000006,2.057,43.435,-2.125,47.719,5.986800481058309,2.202315394331495,10.711674882448596,1072.0,30,35.156000000000006
537,-0.323,46.223000000000006,1.683,43.741,-2.5330000000000004,46.699000000000005,5.150186404393534,1.97876991668366,11.168967745599282,1074.0,30,35.156000000000006
538,-0.187,46.257000000000005,0.901,48.297,1.275,41.837,6.470817259048505,2.792765765407567,14.774584335326857,1076.0,30,35.156000000000006
539,0.289,46.665000000000006,-2.091,45.883,1.411,41.531000000000006,5.5860458286698655,2.448679282381238,9.820870264800002,1078.0,30,35.156000000000006
540,0.459,45.951,-0.221,45.067,1.377,42.313,3.1840414570165385,2.794210363955826,9.291975584560634,1080.0,30,35.156000000000006
541,-0.255,45.169,-2.873,47.107000000000006,-2.669,44.897000000000006,2.2193954131699924,2.2219387524891907,9.133293830095452,1082.0,30,35.156000000000006
542,-0.17,44.319,3.3830000000000005,45.441,3.4170000000000003,45.135000000000005,0.3078830946966722,2.457603789543776,0.8459072272973172,1084.0,30,35.156000000000006
543,0.051,44.557,-3.1790000000000003,42.755,-2.9410000000000003,43.061,0.3876596445337069,2.3205028167927577,13.900585340853658,1086.0,30,35.156000000000006
544,-0.204,46.359,1.0710000000000002,42.177,3.349,44.387,3.1738594801912705,3.0068417036013773,18.297409147041613,1088.0,30,35.156000000000006
545,0.289,46.699000000000005,2.7030000000000003,42.721,-1.921,47.481,6.636186856923183,2.5666537940395098,10.302894904869529,1090.0,30,35.156000000000006
546,-0.663,45.067,0.017,42.687000000000005,3.5530000000000004,45.815000000000005,4.720982948497062,2.6201021071025448,19.342625013665906,1092.0,30,35.156000000000006
547,0.017,46.495000000000005,0.8330000000000001,44.625,2.4650000000000003,42.245000000000005,2.8857969436535207,2.615412670281245,17.125950582655857,1094.0,30,35.156000000000006
548,-0.221,44.795,-0.017,42.857000000000006,2.4650000000000003,42.347,2.533855560208593,2.8890588667004478,17.93323832390396,1096.0,30,35.156000000000006
549,-1.3090000000000002,44.829,0.017,42.177,3.3830000000000005,43.877,3.770935692901697,2.5198494355759418,19.27644641321823,1098.0,30,35.156000000000006
550,-1.105,43.435,-1.037,45.98500000000001,3.5530000000000004,44.931,4.709460266315027,2.589944060071268,11.13027644484802,1100.0,30,35.156000000000006
551,-1.275,44.183,-3.5530000000000004,47.039,0.357,42.891000000000005,5.700351217249689,2.4611473480628123,8.456676873076159,1102.0,30,35.156000000000006
552,-0.8670000000000001,45.305,-3.927000000000001,44.829,3.0770000000000004,43.333000000000006,7.161985199649606,2.3015329011087093,14.651483669940957,1104.0,30,35.156000000000006
553,-1.173,45.849,0.119,44.86300000000001,2.2950000000000004,44.42100000000001,2.2204368939467747,1.9461694617112597,9.473611972454783,1106.0,30,35.156000000000006
554,-1.717,44.86300000000001,3.145,46.733,-1.921,42.959,6.317232938557831,2.1402562702041017,9.071949029498178,1108.0,30,35.156000000000006
555,-1.105,45.373000000000005,-4.097,45.475,3.4170000000000003,44.523,7.574067599381459,2.612430822328528,13.56380561357462,1110.0,30,35.156000000000006
556,-1.241,45.339000000000006,-3.519,45.033,2.091,43.435,5.833155578244079,2.0014778939573628,8.785772104344518,1112.0,30,35.156000000000006
557,-0.153,44.455000000000005,-2.1590000000000003,42.959,1.819,43.231,3.9872883015904432,1.4222216961759488,5.160262656607503,1114.0,30,35.156000000000006
558,0.017,43.401,1.955,42.245000000000005,1.785,42.993,0.7670749637421366,1.3234090766743691,4.843049489218151,1116.0,30,35.156000000000006
559,1.5810000000000002,44.115,1.377,43.503,1.241,43.741,0.2741167634421507,1.7956778784284817,0.4294992064569923,1118.0,30,35.156000000000006
560,1.037,45.407,-1.751,41.599,2.125,46.801,6.487232075392402,2.3407300617703704,19.75068013019788,1120.0,30,35.156000000000006
561,0.221,46.801,-2.601,48.025000000000006,-1.785,41.73500000000001,6.3427088850112,2.489808910681324,12.59571912244746,1122.0,30,35.156000000000006
562,0.765,46.393,0.765,48.093,0.085,40.477,7.646296881497605,2.6167357094517505,11.963230427703078,1124.0,30,35.156000000000006
563,0.357,46.937000000000005,2.329,47.311,-1.683,42.075,6.59635050615111,2.4375385403008383,7.604392491118485,1126.0,30,35.156000000000006
564,-0.153,46.019000000000005,-2.567,46.359,-0.935,44.625,2.3812139761054656,2.414999460087957,11.487865356777412,1128.0,30,35.156000000000006
565,-1.037,45.645,-2.397,48.43300000000001,1.785,45.305,5.2224044270814565,1.9330367384401328,10.838460348833696,1130.0,30,35.156000000000006
566,-1.445,45.849,-0.8330000000000001,47.447,3.111,46.903000000000006,3.98134047777881,2.236015000669639,10.28449651789153,1132.0,30,35.156000000000006
567,-1.1900000000000002,45.169,-3.1790000000000003,46.121,3.4170000000000003,46.155,6.5960876282839065,2.3916417114596005,8.52869362604996,1134.0,30,35.156000000000006
568,0.085,44.387,-0.459,46.42700000000001,3.5530000000000004,45.475,4.123402478536385,2.10778876999122,7.905077080440028,1136.0,30,35.156000000000006
569,-0.6970000000000001,44.285,-3.825,45.101000000000006,3.5530000000000004,45.815000000000005,7.41246787514118,2.2249869296402007,10.795478255786051,1138.0,30,35.156000000000006
570,-0.357,42.925,-3.723,43.537000000000006,3.4850000000000003,45.203,7.398028115653522,2.50948461118168,9.096752179626035,1140.0,30,35.156000000000006
571,-0.357,46.121,3.587,44.591,1.853,46.733,2.7558882415656845,2.400280215764122,5.158218695681575,1142.0,30,35.156000000000006
572,0.289,44.183,-2.805,43.537000000000006,1.513,46.937000000000005,5.495918849473672,2.942361060173764,9.941314857796598,1144.0,30,35.156000000000006
573,0.085,44.013000000000005,2.193,47.889,2.329,47.209,0.6934666538486187,2.0955073217669624,0.7885700777132768,1146.0,30,35.156000000000006
574,-1.173,45.305,1.207,45.543000000000006,1.207,44.999,0.544,1.3010005384433678,0.5710440201506587,1148.0,30,35.156000000000006
575,-1.3090000000000002,45.645,,,,,0.544,2.185285986157949,,1150.0,30,35.156000000000006
576,0.255,46.733,-2.091,47.209,0.323,39.967000000000006,7.633738271646469,2.796394767269149,10.945214333203111,1152.0,30,35.156000000000006
577,-0.357,44.965,-0.8330000000000001,46.359,0.459,39.899,6.587933211561879,2.448284119528152,9.866920747019885,1154.0,30,35.156000000000006
578,-0.221,46.155,1.411,48.025000000000006,-0.5950000000000001,42.585,5.798071748434992,2.116117989344542,9.271440325436256,1156.0,30,35.156000000000006
579,-0.8330000000000001,45.237,-1.887,46.767,-0.8670000000000001,39.797,7.044238780734226,2.5319334568008234,8.891385005060604,1158.0,30,35.156000000000006
580,-1.0710000000000002,44.761,-3.043,46.971,0.391,38.607,9.041507175244623,2.828892414823188,15.975020937334012,1160.0,30,35.156000000000006
581,-1.0710000000000002,44.591,-2.5330000000000004,46.903000000000006,0.629,43.061,4.9758625382942405,2.340775620249167,11.250378837574589,1162.0,30,35.156000000000006
582,-0.8330000000000001,45.203,-1.275,47.753,0.221,40.069,7.828273883813724,2.4224476763347416,12.971191323775932,1164.0,30,35.156000000000006
583,-0.153,45.033,2.329,47.209,-0.425,38.743,8.902677799403953,2.929592798523986,12.952241058208134,1166.0,30,35.156000000000006
584,0.187,45.067,0.8670000000000001,43.979000000000006,-0.561,40.851000000000006,3.4385415512975848,2.98052096359329,14.877919596854,1168.0,30,35.156000000000006
585,1.207,44.387,-3.791,44.999,3.3830000000000005,45.237,7.177946781636097,2.815893887775124,15.912606136941664,1170.0,30,35.156000000000006
586,0.459,45.441,-3.043,47.617,3.1790000000000003,46.529,6.316409423082073,2.4395319771001907,10.514973805603056,1172.0,30,35.156000000000006
587,0.561,45.305,-2.7710000000000004,46.155,1.0710000000000002,44.591,4.14813934192187,2.722611988913846,17.607284175876163,1174.0,30,35.156000000000006
588,0.8670000000000001,44.727,-2.363,45.271,-1.989,46.563,1.3450427502499689,2.7276125250043064,17.493211049777404,1176.0,30,35.156000000000006
589,0.527,44.965,-3.587,47.141000000000005,2.397,47.345000000000006,5.987476263000965,2.807815618023546,14.830433057381788,1178.0,30,35.156000000000006
590,0.663,45.101000000000006,-0.255,43.605,3.213,44.897000000000006,3.700849632179076,1.7515700561704377,8.566292889171029,1180.0,30,35.156000000000006
591,0.765,44.795,-3.655,44.693000000000005,3.4170000000000003,45.373000000000005,7.104617090315284,2.0612193739890645,14.553997557244912,1182.0,30,35.156000000000006
592,0.6970000000000001,45.373000000000005,-3.0770000000000004,43.911,3.587,45.033,6.7577940187608565,2.4704093892326267,12.35441793413291,1184.0,30,35.156000000000006
593,0.017,45.611,-3.927000000000001,46.087,2.805,47.413,6.861348264007593,2.577874036103776,17.09185386899198,1186.0,30,35.156000000000006
594,-0.357,46.223000000000006,-3.825,43.843,3.4170000000000003,44.761,7.29995123271382,2.5448341618919663,12.388656213097644,1188.0,30,35.156000000000006
595,1.241,45.135000000000005,-3.995,45.781000000000006,0.629,47.54900000000001,4.950474724710753,2.453172472876768,8.448730953513426,1190.0,30,35.156000000000006
596,1.003,44.013000000000005,-1.513,46.223000000000006,2.329,42.619,5.267805994909076,1.972337398058864,12.55008764029226,1192.0,30,35.156000000000006
597,1.037,44.115,-2.737,48.161,1.5810000000000002,45.135000000000005,5.27274122255208,2.325653576971309,10.39541042683771,1194.0,30,35.156000000000006
598,-0.459,44.081,1.751,46.903000000000006,2.2270000000000003,42.585,4.344156995321417,2.3720314997826173,12.756930773748008,1196.0,30,35.156000000000006
599,-0.493,44.86300000000001,-1.819,47.753,2.4650000000000003,42.211000000000006,7.004742679071088,2.680285987359983,11.470644537752294,1198.0,30,35.156000000000006
600,0.119,45.169,-1.173,48.705000000000005,1.139,47.107000000000006,2.810506715878829,2.0183061833812275,13.82128483003222,1200.0,30,35.156000000000006
601,-0.493,44.319,-2.057,47.99100000000001,-1.3430000000000002,47.99100000000001,0.7140000000000001,2.4883178993557014,1.0345890091934375,1202.0,30,35.156000000000006
602,0.221,45.645,0.561,42.313,0.663,46.291,3.979307477438757,2.763602129673576,9.764407370947666,1204.0,30,35.156000000000006
603,0.7310000000000001,46.699000000000005,-2.7030000000000003,42.823,2.601,43.843,5.40118653630848,2.746676387994347,15.7064043909855,1206.0,30,35.156000000000006
604,-0.5950000000000001,46.835,-1.479,42.823,1.241,46.699000000000005,4.735163777526602,2.145294093666606,15.808358383212658,1208.0,30,35.156000000000006
605,-1.139,46.767,-3.2470000000000003,44.047,1.955,46.291,5.665363183415518,2.0453887646618814,13.319468647247914,1210.0,30,35.156000000000006
606,-0.765,45.543000000000006,,,,,5.665363183415518,2.191265143980823,,1212.0,30,35.156000000000006
607,0.289,45.713,-0.119,48.773,1.717,41.871,7.142023522784002,2.488499325216758,11.514746583245389,1214.0,30,35.156000000000006
608,-0.051,46.937000000000005,-1.207,44.591,3.451,43.639,4.754289431660635,2.551971009742378,14.27691483182994,1216.0,30,35.156000000000006
609,0.935,46.291,-3.145,44.693000000000005,2.737,42.823,6.172100452844235,2.596376401461553,12.511000920103523,1218.0,30,35.156000000000006
610,0.017,45.98500000000001,-3.961,45.373000000000005,2.431,42.347,7.072081730296958,2.6558900561368404,14.378667683380112,1220.0,30,35.156000000000006
611,-0.425,46.699000000000005,-1.479,44.251000000000005,1.853,47.005,4.322816211684231,1.2958088065935855,6.45148102621301,1222.0,30,35.156000000000006
612,0.765,45.628,-2.023,43.809000000000005,0.017,40.613,3.791571705770577,2.562524899457983,14.147900836856095,1224.0,30,35.156000000000006
613,-0.289,44.557,-3.655,43.741,1.5470000000000002,41.599,5.625741551120172,2.435273782795821,16.331383669803966,1226.0,30,35.156000000000006
614,-1.683,45.407,-1.445,42.041,-0.323,43.29900000000001,1.6856595148487137,1.6765567869758229,8.769705806540578,1228.0,30,35.156000000000006
615,-0.221,45.203,-1.479,46.971,-0.459,42.313,4.768371210382011,2.095226088586659,10.383297375635534,1230.0,30,35.156000000000006
616,-0.187,44.761,-0.425,48.875,-0.051,48.807,0.3801315561749643,2.6368051798094787,0.5924745900753652,1232.0,30,35.156000000000006
617,-0.255,45.067,-0.459,39.457,2.261,43.401,4.790984867435922,3.0274256529352024,19.66423530833569,1234.0,30,35.156000000000006
618,-0.255,44.693000000000005,-0.799,40.579,3.0090000000000003,46.835,7.323824137702926,2.758850612583271,8.481990790216614,1236.0,30,35.156000000000006
619,0.051,45.543000000000006,1.479,44.999,1.887,45.339000000000006,0.5310969779616526,1.7445724218538798,11.84691608865685,1238.0,30,35.156000000000006
620,-0.901,45.917,0.7310000000000001,42.415000000000006,1.785,45.917,3.657173772190761,2.1632614137799324,13.240484669862925,1240.0,30,35.156000000000006
621,0.391,46.665000000000006,-0.629,45.169,0.561,47.821000000000005,2.9067514513628443,1.823478300776311,11.046545471814374,1242.0,30,35.156000000000006
622,-0.8330000000000001,46.733,-1.275,42.823,-2.261,48.297,5.562092412033443,2.241719428790325,13.947054525744814,1244.0,30,35.156000000000006
623,-1.445,46.529,2.4650000000000003,44.319,-2.431,48.025000000000006,6.140460243336815,1.8365338805499436,9.756348832592751,1246.0,30,35.156000000000006
624,-0.493,46.733,3.213,43.775000000000006,3.349,43.809000000000005,0.1401855912710004,2.1046056787485368,0.178067002158444,1248.0,30,35.156000000000006
625,-0.799,46.903000000000006,-3.723,46.325,2.975,45.849,6.714892404201277,2.392659264996537,8.003197472878556,1250.0,30,35.156000000000006
626,-1.139,46.597,,,,,6.714892404201277,2.5846991037553373,,1252.0,30,35.156000000000006
627,-0.255,46.767,-1.513,48.535,-0.391,48.365,1.1348057102429474,2.4869110277711863,10.528543712151748,1254.0,30,35.156000000000006
628,-0.391,46.461000000000006,-1.853,48.569,2.261,43.435,6.578978036139048,2.3051679747916545,10.75531358071802,1256.0,30,35.156000000000006
629,-1.0710000000000002,44.42100000000001,0.629,45.747,3.2470000000000003,43.367,3.538124361861805,2.5686486856962296,12.037151768711968,1258.0,30,35.156000000000006
630,-1.479,44.455000000000005,-2.7030000000000003,47.957,-3.5530000000000004,46.835,1.4076164250249428,2.146375290553904,11.855039937720566,1260.0,30,35.156000000000006
631,-1.0710000000000002,44.081,1.6150000000000002,48.365,-2.805,45.577000000000005,5.225834287460712,2.2636558657341754,12.1244066831637,1262.0,30,35.156000000000006
632,-0.425,43.877,-2.601,42.789,-2.8390000000000004,42.381,0.4723430956412933,1.944223190848675,1.2704254103304595,1264.0,30,35.156000000000006
633,-0.765,43.877,2.635,47.209,-1.207,44.285,4.828119716825588,2.124772684353057,13.229508040455157,1266.0,30,35.156000000000006
634,0.425,45.98500000000001,3.0090000000000003,44.999,0.289,38.845000000000006,6.728307067903486,3.088325261711215,22.413676318529248,1268.0,30,35.156000000000006
635,0.153,44.591,2.8390000000000004,43.571000000000005,0.323,39.457,4.822369956774366,3.3349545692614613,24.794344132787533,1270.0,30,35.156000000000006
636,0.425,45.067,2.4650000000000003,46.563,0.527,39.423,7.398340624761745,2.8544051567403743,11.107780878384412,1272.0,30,35.156000000000006
637,0.017,44.557,-0.493,46.121,0.561,40.987,5.24107546215469,2.6134195634453405,6.27856896023852,1274.0,30,35.156000000000006
638,-0.7310000000000001,44.931,-0.629,40.647000000000006,3.145,46.223000000000006,6.733116069102032,2.659687224636993,13.775529843276717,1276.0,30,35.156000000000006
639,-1.207,44.013000000000005,-2.261,48.229000000000006,-0.017,37.621,10.842748728989342,3.223466452747868,13.773067948747125,1278.0,30,35.156000000000006
640,-0.663,44.965,-3.519,47.039,0.017,36.465,11.149563758282206,3.3705523316464934,15.58508303332514,1280.0,30,35.156000000000006
641,-0.561,43.775000000000006,-2.499,45.679,-0.663,36.703,9.161848721737334,3.483139033785411,11.508062208025509,1282.0,30,35.156000000000006
642,-0.663,41.055,-1.751,43.231,-0.8330000000000001,37.145,6.154845245820565,3.3840122092250065,8.982845539235381,1284.0,30,35.156000000000006
643,-0.6970000000000001,42.143,-3.043,45.577000000000005,-0.8330000000000001,35.615,10.204192471724552,3.547939866278281,12.137398997798304,1286.0,30,35.156000000000006
644,-0.8330000000000001,42.653000000000006,-0.527,44.149,-0.187,34.255,9.899840200730516,3.550994408113171,14.841248650946008,1288.0,30,35.156000000000006
645,-0.8330000000000001,42.823,-0.051,45.679,-0.153,37.587,8.092642831609462,2.642621276846361,14.105665622407605,1290.0,30,35.156000000000006
646,0.7310000000000001,45.305,-2.567,46.087,-2.5330000000000004,42.517,3.5701619010907617,2.3379942962044606,12.571408785570556,1292.0,30,35.156000000000006
647,1.5470000000000002,45.713,-0.459,47.54900000000001,-2.2950000000000004,42.041,5.805941784069145,2.740147696761109,14.849088868548996,1294.0,30,35.156000000000006
648,1.0710000000000002,45.101000000000006,3.043,47.005,-1.275,41.497,6.998799039835335,2.328566779160322,8.627806893989066,1296.0,30,35.156000000000006
649,1.3430000000000002,45.849,0.5950000000000001,48.535,0.629,40.579,7.956072649240957,2.240707201772797,12.831744300765692,1298.0,30,35.156000000000006
650,1.139,45.815000000000005,0.051,48.773,1.241,42.279,6.6021311710689305,1.7868757100934605,9.137099366275088,1300.0,30,35.156000000000006
651,0.663,46.019000000000005,,,,,6.6021311710689305,3.3957807079280373,,1302.0,30,35.156000000000006
652,-0.153,44.931,0.969,47.99100000000001,-0.425,38.029,10.059059598193064,2.965373142727959,12.095607390403076,1304.0,30,35.156000000000006
653,-0.493,44.829,0.221,48.637,0.629,37.621,11.023552966262738,3.356156904099981,14.236775078749403,1306.0,30,35.156000000000006
654,-0.901,43.537000000000006,2.2270000000000003,45.509,-0.8330000000000001,36.465,9.547645573647989,3.949601440850338,21.695858756100016,1308.0,30,35.156000000000006
655,-1.139,43.979000000000006,-3.723,46.597,0.221,38.879000000000005,8.66733292310847,3.155658979263538,10.33224773266726,1310.0,30,35.156000000000006
656,-1.649,43.945,-3.927000000000001,46.053,-2.873,47.073,1.4667365134883636,2.199657366922393,13.154701168586556,1312.0,30,35.156000000000006
657,-1.139,44.115,-1.717,41.73500000000001,-1.207,45.441,3.7409271578046,2.479428706006001,18.552758948828146,1314.0,30,35.156000000000006
658,-0.153,45.373000000000005,1.649,41.599,-0.765,47.957,6.80084994688164,2.4362484193890426,16.010944946093463,1316.0,30,35.156000000000006
659,-0.187,45.441,1.105,41.361,-2.193,48.43300000000001,7.803203701044848,2.8423002503191466,14.901946398122725,1318.0,30,35.156000000000006
660,0.187,44.86300000000001,3.2470000000000003,46.665000000000006,0.765,48.705000000000005,3.212775124405691,2.4879240733370995,10.73583177305105,1320.0,30,35.156000000000006
661,0.357,46.291,-0.425,37.621,1.751,48.025000000000006,10.62912000120424,3.5851601303107654,13.694602635380434,1322.0,30,35.156000000000006
662,-1.411,46.087,-3.0770000000000004,47.719,2.125,41.973000000000006,7.750956070060003,2.924129481299393,12.629673448261595,1324.0,30,35.156000000000006
663,-0.799,45.781000000000006,1.649,46.801,1.649,41.73500000000001,5.066000000000001,2.098608739762917,10.367867139187846,1326.0,30,35.156000000000006
664,-1.241,45.271,-3.621,47.039,-3.519,46.529,0.5200999903864642,1.9289554253465284,0.5514659859739277,1328.0,30,35.156000000000006
665,-1.513,44.659000000000006,-3.3150000000000004,47.719,2.873,42.653000000000006,7.997230770710572,2.494739197998847,13.120288957573251,1330.0,30,35.156000000000006
666,-1.479,45.067,-2.873,47.719,1.445,48.195,4.344156995321417,2.591628395926827,13.74582485543004,1332.0,30,35.156000000000006
667,-0.901,45.033,-2.499,48.127,0.561,48.943000000000005,3.166931638037045,2.6792097522276377,16.100625845839975,1334.0,30,35.156000000000006
668,-0.5950000000000001,44.931,-1.207,44.149,2.431,47.175,4.731989010976252,2.4210578815071493,11.844180107486364,1336.0,30,35.156000000000006
669,-1.207,45.407,1.0710000000000002,44.897000000000006,1.241,44.727,0.2404163056034262,2.349431250798386,2.4394869355385693,1338.0,30,35.156000000000006
670,-0.459,46.835,-0.187,41.633,-0.119,45.679,4.046571388224852,1.943226606137312,11.989421896074276,1340.0,30,35.156000000000006
671,0.051,44.557,0.391,38.165000000000006,-3.4170000000000003,43.29900000000001,6.392090424892315,3.2028838941774453,16.70730796396103,1342.0,30,35.156000000000006
672,-0.357,43.231,-0.663,34.357,-3.3830000000000005,46.699000000000005,12.638170911963488,3.680420164952265,17.48879164246319,1344.0,30,35.156000000000006
673,0.187,43.027,-0.8330000000000001,36.227,-3.4170000000000003,46.359,10.456312925692307,4.102456713226374,18.644016491879352,1346.0,30,35.156000000000006
674,-0.289,41.599,-0.935,41.361,-1.649,44.251000000000005,2.9768936830192647,3.2749918706149472,22.28833895939129,1348.0,30,35.156000000000006
675,-0.119,39.865,0.391,36.635000000000005,-2.873,43.605,7.6964014968035555,2.2230177520098504,9.438185843633214,1350.0,30,35.156000000000006
676,-0.153,38.879000000000005,0.425,39.933,-2.7710000000000004,42.313,3.984823208123543,2.1366477470713483,9.352749967676417,1352.0,30,35.156000000000006
677,-0.187,39.321000000000005,-0.255,43.911,0.527,36.261,7.689865018321193,1.919721750557634,8.464319191776648,1354.0,30,35.156000000000006
678,-0.357,39.355,-1.921,43.027,0.221,38.403000000000006,5.096031789539778,1.9081041452981948,7.17844745033481,1356.0,30,35.156000000000006
679,-0.289,38.573,0.527,39.797,-0.357,36.839000000000006,3.087267400145313,0.9862522532175754,4.408236639609849,1358.0,30,35.156000000000006
680,0.085,38.947,1.921,42.143,-0.493,36.261,6.358090908440993,1.6743746636597356,7.743022861602178,1360.0,30,35.156000000000006
681,-0.153,38.233,0.5950000000000001,39.525000000000006,0.425,36.159000000000006,3.370290195220584,1.5717515912536395,8.269807036891848,1362.0,30,35.156000000000006
682,-0.187,37.774,-0.5950000000000001,38.233,0.459,36.091,2.3872745966897067,1.3060089745149202,5.164344296940961,1364.0,30,35.156000000000006
683,0.085,38.471,-0.221,36.057,-0.051,35.785000000000004,0.3207553584899245,1.544080367632161,1.39232246859973,1366.0,30,35.156000000000006
684,0.085,39.015,-1.0710000000000002,41.225,-0.017,35.173,6.143095310997543,2.0662216626636787,7.687470827267859,1368.0,30,35.156000000000006
685,0.085,39.253,-0.765,43.571000000000005,0.6970000000000001,35.411,8.289936308561122,2.536003402194993,11.582765673857848,1370.0,30,35.156000000000006
686,0.051,39.185,-1.853,42.619,0.289,34.255,8.63392494755427,2.606036406883674,10.31742576084899,1372.0,30,35.156000000000006
687,0.119,39.355,1.445,41.565000000000005,0.119,34.901,6.794642889806646,2.521276613552136,12.61671311086035,1374.0,30,35.156000000000006
688,0.017,38.301,-0.323,36.329,-0.391,36.023,0.3134645115479582,1.2814246445545512,0.3340306957151984,1376.0,30,35.156000000000006
689,0.051,39.321000000000005,-0.935,42.041,-0.8670000000000001,36.431,5.610412106075632,1.6632367104428691,7.226578086103337,1378.0,30,35.156000000000006
690,-0.187,38.913,-0.765,41.429,-0.153,37.485,3.99120032070554,1.405195191157629,5.892942426982822,1380.0,30,35.156000000000006
691,-0.153,38.233,-0.969,39.661,-0.051,35.275000000000006,4.481040057843715,1.589420290765039,7.103361104308871,1382.0,30,35.156000000000006
692,-0.119,38.267,1.105,42.041,-0.901,35.003,7.318297616249288,1.93752584047746,9.409644064245676,1384.0,30,35.156000000000006
693,-0.017,38.675,-3.723,45.509,-0.629,34.221000000000004,11.70434876445503,3.288722279459471,14.777350556037211,1386.0,30,35.156000000000006
694,-0.357,40.103,-0.901,46.053,-0.391,37.043,9.02442241919116,2.7666544474792767,12.774809897250108,1388.0,30,35.156000000000006
695,0.221,40.341,-0.153,43.367,-0.7310000000000001,37.179,6.214935880602471,3.212811362405748,10.484345737016415,1390.0,30,35.156000000000006
696,-0.017,40.477,1.921,43.639,-0.425,37.077000000000005,6.968755986544514,2.551500550009111,13.482419584874132,1392.0,30,35.156000000000006
697,-0.085,40.307,3.3830000000000005,43.639,-0.663,34.867000000000004,9.660129398719254,2.570441873157116,13.140836423066864,1394.0,30,35.156000000000006
698,0.255,40.647000000000006,1.717,44.115,-0.7310000000000001,34.867000000000004,9.566514934917524,2.6539808667572364,10.497641630997665,1396.0,30,35.156000000000006
699,0.221,40.783,-0.119,38.539,0.391,37.077000000000005,1.5484004649960554,1.6295310141109212,6.840346751169005,1398.0,30,35.156000000000006
700,0.527,43.979000000000006,2.907,46.699000000000005,0.459,35.513000000000005,11.45073360095326,3.2389715756262945,13.641642854720322,1400.0,30,35.156000000000006
701,0.425,42.449000000000005,2.805,47.107000000000006,-0.629,36.227,11.409064641766214,3.408209829709015,13.049656923065156,1402.0,30,35.156000000000006
702,0.289,42.279,2.431,47.379000000000005,0.119,34.425000000000004,13.158702823606893,3.496523859325292,15.721908069313068,1404.0,30,35.156000000000006
703,0.391,42.211000000000006,2.261,47.379000000000005,-0.8670000000000001,38.709,9.217010578273198,3.3911532188059925,14.713232799496138,1406.0,30,35.156000000000006
704,0.221,42.755,0.153,47.039,-0.7310000000000001,33.269000000000005,13.798346132779828,3.862655993996488,14.803066458086118,1408.0,30,35.156000000000006
705,0.391,42.755,0.527,39.117,0.187,38.063,1.1074818282933585,3.25930865787058,1.300751702628669,1410.0,30,35.156000000000006
706,0.051,43.265,0.425,41.871,0.663,40.511,1.380667954288793,2.488809968395517,3.697274421952776,1412.0,30,35.156000000000006
707,-0.357,44.115,0.391,39.321000000000005,0.221,39.389,0.1830956034425731,2.5207831871108395,1.2386314035791892,1414.0,30,35.156000000000006
708,-0.799,43.945,0.119,45.509,0.221,39.049,6.460805212974618,2.7387065821320413,13.932405195373429,1416.0,30,35.156000000000006
709,-0.935,43.911,-2.737,45.679,0.5950000000000001,39.151,7.3291887682062065,2.605088072573857,8.939209955530988,1418.0,30,35.156000000000006
710,-0.5950000000000001,44.013000000000005,-0.017,36.261,3.2470000000000003,44.251000000000005,8.630978855263173,4.144126666711826,23.425375049212448,1420.0,30,35.156000000000006
711,-0.493,44.183,-0.153,34.119,-0.493,44.931,10.817344590979802,4.561501849743272,24.55683068166152,1422.0,30,35.156000000000006
712,-0.7310000000000001,44.353,0.527,36.805,-0.663,45.237,8.515557762119872,3.767414550632769,25.12525592756998,1424.0,30,35.156000000000006
713,-0.629,44.149,0.085,35.173,-0.5950000000000001,45.271,10.120869725473202,3.789928869244337,26.00180788170897,1426.0,30,35.156000000000006
714,-0.391,43.231,0.663,33.337,-0.527,45.271,11.993183730769742,4.050256680017618,12.966320995318185,1428.0,30,35.156000000000006
715,-0.119,40.273,-0.085,31.807,2.7710000000000004,44.149,12.668137195341709,4.518201443667544,23.09183110871924,1430.0,30,35.156000000000006
716,0.051,39.967000000000006,-0.425,30.311000000000003,2.261,43.367,13.329431045622314,4.770314188832534,21.969775695992187,1432.0,30,35.156000000000006
717,0.017,39.831,-0.289,35.241,-1.105,42.857000000000006,7.659589545138826,4.235743031528076,9.880103185192542,1434.0,30,35.156000000000006
718,0.119,39.729000000000006,-0.561,33.371,-0.799,42.245000000000005,8.877190997156703,3.76608539191624,9.727337907640925,1436.0,30,35.156000000000006
719,-0.017,39.508,-0.7310000000000001,33.405,-1.3430000000000002,43.29900000000001,9.912909764544416,4.12930780803015,10.983555104566475,1438.0,30,35.156000000000006
720,-0.119,39.831,-0.799,33.677,0.561,44.081,10.492512377881669,3.041631575761122,13.335842592803614,1440.0,30,35.156000000000006
721,-0.323,39.423,-0.051,31.841,-0.663,43.231,11.40642994104641,3.3844356869922456,12.27562925971478,1442.0,30,35.156000000000006
722,-0.153,39.593,-0.629,28.475,-0.527,45.237,16.762310341954656,4.938193088392988,17.943921537252667,1444.0,30,35.156000000000006
723,-0.051,39.287000000000006,-0.119,32.147000000000006,0.5950000000000001,42.483,10.360631834014756,3.891214741224215,12.35888834252466,1446.0,30,35.156000000000006
724,-0.051,38.913,0.561,32.283,-0.119,42.007000000000005,9.747747226923767,3.547714067730891,11.209570690341414,1448.0,30,35.156000000000006
725,-0.527,39.389,-0.527,31.535000000000004,0.221,44.115,12.602218217440928,3.652146335194739,15.686707965316186,1450.0,30,35.156000000000006
726,-0.255,39.593,0.6970000000000001,29.767000000000003,1.785,42.891000000000005,13.16902122406977,4.351550131000864,14.64450611830342,1452.0,30,35.156000000000006
727,0.051,39.253,0.221,30.753000000000004,2.363,42.891000000000005,12.325551022165298,3.661035518631776,13.804957960559523,1454.0,30,35.156000000000006
728,0.221,38.641000000000005,-0.765,38.471,-0.017,38.505,0.7487723285485381,3.691835095436317,6.3826116061173455,1456.0,30,35.156000000000006
729,-0.187,38.335,-0.527,40.511,-0.085,28.951,11.568446913911997,4.151607542878988,14.571949467823194,1458.0,30,35.156000000000006
730,0.051,39.151,-0.187,40.885000000000005,-0.153,31.875000000000004,9.01006415071502,3.872595339606257,12.28724839583214,1460.0,30,35.156000000000006
731,0.153,38.811,-0.051,42.551,-0.459,28.849000000000004,13.70807309580745,4.75033463109182,14.875900868135078,1462.0,30,35.156000000000006
732,0.153,38.981,0.187,42.211000000000006,-0.629,33.201,9.046875482728831,3.703980790439979,10.71407081494594,1464.0,30,35.156000000000006
733,0.017,39.321000000000005,-0.561,42.347,-0.6970000000000001,32.419000000000004,9.928931463153525,3.904695461592482,11.12262897705699,1466.0,30,35.156000000000006
734,-0.255,39.491,2.635,42.619,-0.017,34.051,8.969042758288088,2.7890923201052056,14.39999963344624,1468.0,30,35.156000000000006
735,-0.119,39.389,0.561,40.579,0.323,29.495,11.086554920262651,4.058935514574892,13.503602336868546,1470.0,30,35.156000000000006
736,0.017,38.845000000000006,-0.459,41.73500000000001,-0.255,29.665000000000003,12.071723820565149,4.488291745745958,13.00715745007141,1472.0,30,35.156000000000006
737,-0.425,39.219,0.357,41.497,0.663,33.065000000000005,8.437550592440914,3.69175356444434,10.801746228975132,1474.0,30,35.156000000000006
738,-0.017,38.777,-0.391,42.721,-0.085,29.291,13.433485623619806,4.152652171124838,14.148355233384594,1476.0,30,35.156000000000006
739,-0.221,39.423,2.329,46.665000000000006,-0.187,33.779,13.12932793405664,3.4366188719738315,16.784601010036624,1478.0,30,35.156000000000006
740,-0.119,38.981,-0.221,41.837,-0.221,29.121,12.716,4.024754618781555,13.483557449880466,1480.0,30,35.156000000000006
741,0.221,39.253,2.329,42.789,0.493,28.067000000000004,14.836043273056331,4.68439747734316,19.258099323276777,1482.0,30,35.156000000000006
742,-0.051,39.525000000000006,1.173,44.217000000000006,-0.289,32.861000000000004,11.449724014141127,3.087127141111496,14.303075853954908,1484.0,30,35.156000000000006
743,-0.119,39.355,,,,,11.449724014141127,3.5747281033234914,,1486.0,30,35.156000000000006
744,0.051,39.253,,,,,11.449724014141127,4.020213331016879,,1488.0,30,35.156000000000006
745,-0.323,39.219,1.003,42.449000000000005,0.391,31.433000000000003,11.032986902919808,4.354318662282918,12.700089539003192,1490.0,30,35.156000000000006
746,-0.289,39.049,-0.051,42.279,-0.6970000000000001,35.275000000000006,7.033728172171569,1.9996619156175264,8.55321040047076,1492.0,30,35.156000000000006
747,-0.255,38.879000000000005,-0.187,34.527,0.187,34.561,0.3755422745843669,2.8801743596256704,2.309100815912241,1494.0,30,35.156000000000006
748,-0.153,38.845000000000006,,,,,0.3755422745843669,2.7375967238700065,,1496.0,30,35.156000000000006
749,-0.187,40.035,,,,,0.3755422745843669,3.0799216722694664,,1498.0,30,35.156000000000006
750,-0.085,40.681,0.357,36.567,1.479,42.687000000000005,6.222,3.43065795181948,17.71478220663653,1500.0,30,35.156000000000006
751,-0.051,40.715,-1.921,43.367,1.6150000000000002,43.503,3.5386144181020915,3.662152227306288,9.56587121928066,1502.0,30,35.156000000000006
752,0.017,40.035,0.6970000000000001,38.165000000000006,2.397,42.925,5.054463374088292,2.395129631893452,10.704483323551452,1504.0,30,35.156000000000006
753,0.051,40.953,,,,,5.054463374088292,2.645815812875445,,1506.0,30,35.156000000000006
754,-0.289,40.647000000000006,0.187,39.457,2.601,42.483,3.87092650408142,2.905657070536229,15.40579398998014,1508.0,30,35.156000000000006
755,0.187,39.695,-0.051,36.805,1.887,43.367,6.842199061705236,2.074423301088574,8.741557641359528,1510.0,30,35.156000000000006
756,0.017,39.763000000000005,-0.8330000000000001,35.581,-0.221,41.395,5.846121791410098,2.069986905390084,9.600573283329837,1512.0,30,35.156000000000006
757,-0.221,38.879000000000005,-0.493,36.363,-0.119,41.667,5.317169547795143,1.8928503839745,7.716391282099249,1514.0,30,35.156000000000006
758,-0.289,38.811,,,,,5.317169547795143,1.3420083040500828,,1516.0,30,35.156000000000006
759,-0.221,39.015,0.085,36.805,-1.989,42.959,6.4940890046256685,1.535965303790639,7.50377899753878,1518.0,30,35.156000000000006
760,-0.187,39.185,-0.153,37.111,-1.105,42.143,5.121262344383464,1.376861293294762,6.036140013807704,1520.0,30,35.156000000000006
761,-0.187,40.069,0.119,36.737,0.017,42.381,5.644921611501793,1.840999149879731,7.544849450534443,1522.0,30,35.156000000000006
762,-0.357,39.151,-1.479,41.497,-1.479,41.837,0.34,1.4428400203483651,0.3958795432841995,1524.0,30,35.156000000000006
763,-0.357,39.321000000000005,-0.153,41.565000000000005,-0.085,41.73500000000001,0.1830956034425731,1.5332373039503964,0.226237989429003,1526.0,30,35.156000000000006
764,-0.119,38.403000000000006,0.6970000000000001,36.567,0.5950000000000001,41.599,5.033033677614328,1.7809186474059826,8.42875467741954,1528.0,30,35.156000000000006
765,-0.017,38.913,0.8330000000000001,41.73500000000001,0.561,41.701,0.2741167634421507,1.4258393920617878,0.4381125751866288,1530.0,30,35.156000000000006
766,-0.527,40.443000000000005,-3.111,42.721,-0.7310000000000001,38.063,5.230809115232557,1.761359968284664,8.112853744077428,1532.0,30,35.156000000000006
767,-0.425,40.001000000000005,0.663,45.577000000000005,0.663,37.757000000000005,7.82,2.7587146142708896,12.454583080899914,1534.0,30,35.156000000000006
768,-0.085,39.457,1.003,46.733,-0.221,36.057,10.745936534337062,2.9943589592108038,12.336624327887735,1536.0,30,35.156000000000006
769,0.017,40.681,0.663,46.937000000000005,0.357,37.417,9.52491658756128,3.118980517625689,14.869792581733345,1538.0,30,35.156000000000006
770,-0.085,40.205000000000005,-1.3090000000000002,47.345000000000006,-0.425,36.057,11.322561547635766,3.905945238862529,17.818391780826282,1540.0,30,35.156000000000006
771,0.255,41.361,-3.213,46.665000000000006,-0.051,39.287000000000006,8.02702485358056,3.2228707295174406,11.717379763583631,1542.0,30,35.156000000000006
772,-0.765,41.769000000000005,0.391,48.875,0.425,38.267,10.608054487039553,3.744451995832511,14.574429699459255,1544.0,30,35.156000000000006
773,0.119,41.803,-1.479,46.733,-0.8670000000000001,37.213,9.539651146661496,2.9280041291554237,13.992596058450678,1546.0,30,35.156000000000006
774,0.017,41.531000000000006,-2.635,47.719,-0.153,36.635000000000005,11.358493738167928,3.749408686500244,15.303395774005743,1548.0,30,35.156000000000006
775,0.187,41.327000000000005,-0.8330000000000001,48.705000000000005,-0.6970000000000001,48.637,0.1520526224699857,3.670746233593561,0.6639838553538224,1550.0,30,35.156000000000006
776,0.391,42.619,-0.7310000000000001,37.553,-0.527,38.165000000000006,0.6451046426743494,2.3064064868187013,12.349568424736322,1552.0,30,35.156000000000006
777,-0.051,42.109,-0.527,40.341,2.261,42.347,3.43467320133954,1.442021556306549,6.738011263091438,1554.0,30,35.156000000000006
778,-1.241,44.931,-3.689,44.081,2.4650000000000003,43.911,6.156347618515381,1.810293088527456,7.955628678821959,1556.0,30,35.156000000000006
779,-0.8670000000000001,46.631,-2.023,43.401,3.3830000000000005,45.917,5.962809069557737,2.267921249791467,12.077671350397988,1558.0,30,35.156000000000006
780,-0.357,44.183,-3.655,43.367,-0.8670000000000001,45.067,3.265416359363688,1.949379640911556,10.55355636318424,1560.0,30,35.156000000000006
781,0.459,42.823,-2.091,43.29900000000001,1.445,48.263000000000005,6.094636330413818,2.690357777989479,13.099488137177724,1562.0,30,35.156000000000006
782,0.187,43.605,-0.901,41.939,3.0770000000000004,46.665000000000006,6.177342470674587,2.09315899429096,12.990815060481935,1564.0,30,35.156000000000006
783,-0.357,43.061,-0.221,41.565000000000005,3.4170000000000003,43.979000000000006,4.366055427957827,2.1788647105837087,14.043800726503123,1566.0,30,35.156000000000006
784,-0.459,43.605,-0.6970000000000001,41.055,2.5330000000000004,47.719,7.405524694442657,2.1616225405550007,11.86826842201351,1568.0,30,35.156000000000006
785,-0.221,44.013000000000005,-2.329,42.483,-2.329,42.721,0.238,1.7567949344304188,0.294305421558307,1570.0,30,35.156000000000006
786,-1.207,45.815000000000005,-3.655,45.169,2.737,46.699000000000005,6.572561448932982,2.4044541074586028,11.57857034287879,1572.0,30,35.156000000000006
787,-0.8670000000000001,45.98500000000001,-3.859,44.115,3.4170000000000003,44.115,7.276000000000001,2.0413602265465336,13.96187812079397,1574.0,30,35.156000000000006
788,-1.683,44.965,-1.785,46.42700000000001,-1.3430000000000002,47.277,0.9580521906451652,1.3945128192746534,9.277958224956766,1576.0,30,35.156000000000006
789,-1.3090000000000002,46.121,-3.791,44.319,0.085,44.557,3.88330014291968,2.004091850339784,11.432717443869082,1578.0,30,35.156000000000006
790,0.153,45.169,-2.7030000000000003,42.245000000000005,-0.391,43.095000000000006,2.4632994133884742,2.7370047555504025,15.73140968624324,1580.0,30,35.156000000000006
791,0.425,45.645,-2.737,42.279,2.397,42.619,5.145245961079024,2.862485198496276,15.256980952931336,1582.0,30,35.156000000000006
792,0.663,45.951,-3.4850000000000003,43.061,0.017,41.939,3.677347957428016,3.0473198703590443,16.915746667450883,1584.0,30,35.156000000000006
793,0.119,45.169,,,,,3.677347957428016,2.809605547851486,,1586.0,30,35.156000000000006
794,0.6970000000000001,44.693000000000005,-2.5330000000000004,45.135000000000005,2.5330000000000004,43.945,5.203888546077828,1.634647427154705,6.637523419161921,1588.0,30,35.156000000000006
795,-1.105,44.455000000000005,-1.887,45.951,-0.425,40.749,5.403540320937746,1.977952861953913,10.242971858030083,1590.0,30,35.156000000000006
796,-0.7310000000000001,44.353,-0.391,47.379000000000005,-0.187,40.307,7.074941695872837,1.9879846727232569,8.167396172032037,1592.0,30,35.156000000000006
797,-0.901,44.931,3.4170000000000003,44.149,1.751,41.667,2.9892942310853243,2.641623804814156,15.219992247309293,1594.0,30,35.156000000000006
798,-0.663,43.639,0.6970000000000001,46.223000000000006,0.629,37.791,8.432274189090391,2.37441316602892,9.82908733808758,1596.0,30,35.156000000000006
799,-0.8330000000000001,45.203,2.091,43.435,1.785,42.857000000000006,0.6540030580968257,2.322932031322304,17.16594065776109,1598.0,30,35.156000000000006
800,-0.5950000000000001,45.288,0.527,43.605,-0.935,41.089000000000006,2.909931270666027,2.4042115829423607,16.013601311915917,1600.0,30,35.156000000000006
801,-0.085,44.829,-1.139,46.053,-0.901,39.457,6.600292417764535,2.9150548192898134,8.923035673784064,1602.0,30,35.156000000000006
802,-0.527,44.693000000000005,-0.935,41.123000000000005,-0.6970000000000001,40.749,0.4433057635537801,2.703639394595283,1.344756705845898,1604.0,30,35.156000000000006
803,-0.289,44.149,-2.805,42.619,1.751,43.129000000000005,4.584455911010597,2.1912732243830053,6.04358539054487,1606.0,30,35.156000000000006
804,-0.969,44.897000000000006,-1.139,41.293000000000006,-1.3090000000000002,41.803,0.5375872022286245,2.21262426557701,1.9403473937190807,1608.0,30,35.156000000000006
805,-0.017,44.387,1.853,46.767,0.629,47.515,1.4344615714615714,2.7051946509980254,17.253863490473865,1610.0,30,35.156000000000006
806,-0.085,43.401,-0.935,38.233,-2.737,44.285,6.314579004177555,2.040328132202544,9.830202106461046,1612.0,30,35.156000000000006
807,-0.391,44.319,-2.4650000000000003,42.041,-3.757,44.829,3.072817599533041,2.0663103654896617,12.418529858032027,1614.0,30,35.156000000000006
808,-0.289,44.319,1.921,45.237,0.085,46.86900000000001,2.4564852940736284,1.47456358707431,8.247809042741205,1616.0,30,35.156000000000006
809,0.153,45.509,2.397,47.141000000000005,-1.207,45.339000000000006,4.029394495454621,2.2169559862867696,7.821220369971223,1618.0,30,35.156000000000006
810,1.173,45.033,0.357,47.039,2.907,43.29900000000001,4.526599164936079,1.7800550553283458,9.53673292905915,1620.0,30,35.156000000000006
811,0.017,45.271,2.2270000000000003,45.339000000000006,2.7710000000000004,44.42100000000001,1.0670801282003146,2.256608498246358,1.5638017445452943,1622.0,30,35.156000000000006
812,-0.425,45.203,-2.5330000000000004,47.889,2.805,43.809000000000005,6.718678739156979,2.5222654975676746,11.800218925252258,1624.0,30,35.156000000000006
813,0.7310000000000001,45.169,-3.859,43.979000000000006,2.805,46.86900000000001,7.263676479579746,2.0385847357004625,9.457239517037852,1626.0,30,35.156000000000006
814,-0.357,46.121,-3.4170000000000003,42.993,3.0090000000000003,45.441,6.876494746598735,2.3597521781538275,12.14732841740524,1628.0,30,35.156000000000006
815,-1.003,45.509,-3.825,44.965,0.017,41.973000000000006,4.869602447839044,2.040039378287363,10.849527672313224,1630.0,30,35.156000000000006
816,-0.323,44.999,-2.329,44.149,-0.017,46.257000000000005,3.128739043129037,2.0803283500412477,13.06819360241476,1632.0,30,35.156000000000006
817,-0.6970000000000001,44.727,-0.527,40.341,1.989,47.957,8.02082988225034,2.8061322421627835,14.653276128360144,1634.0,30,35.156000000000006
818,0.493,43.503,-0.629,40.409000000000006,1.819,47.277,7.291236383494914,2.3894208270766057,10.138698527872938,1636.0,30,35.156000000000006
819,0.255,43.979000000000006,-0.935,40.647000000000006,3.655,44.931,6.278595065777057,2.707529982344857,14.946430038336995,1638.0,30,35.156000000000006
820,-0.493,44.931,0.221,40.545,0.765,47.243,6.72005505929825,2.517963841035432,12.455665506583104,1640.0,30,35.156000000000006
821,0.255,43.571000000000005,0.255,38.539,1.479,47.787000000000006,9.32864834796553,2.68347362883507,14.524983064411932,1642.0,30,35.156000000000006
822,0.7310000000000001,43.231,0.561,41.089000000000006,0.969,48.739,7.660872274095165,2.816848341578788,16.535357076336005,1644.0,30,35.156000000000006
823,-1.5810000000000002,45.169,0.663,43.537000000000006,0.901,43.741,0.3134645115479582,2.5163008439816084,15.454569846771127,1646.0,30,35.156000000000006
824,0.765,43.605,0.7310000000000001,48.841,2.091,43.163,5.838602915081656,2.6179689819846668,8.479713534823349,1648.0,30,35.156000000000006
825,-0.221,44.795,2.4650000000000003,47.855,2.499,44.047,3.808151782689341,2.637315877031828,17.04082448404176,1650.0,30,35.156000000000006
826,0.969,42.653000000000006,1.513,48.467000000000006,2.363,47.345000000000006,1.4076164250249428,2.731507599674518,1.733309012228461,1652.0,30,35.156000000000006
827,0.187,44.42100000000001,3.145,46.155,3.3830000000000005,45.917,0.3365828278447966,2.089983986496384,0.9185223613404636,1654.0,30,35.156000000000006
828,-0.425,45.577000000000005,-2.125,43.095000000000006,1.683,44.319,3.999879998199946,2.4059300488933637,15.626510744894157,1656.0,30,35.156000000000006
829,-0.119,45.339000000000006,-3.4170000000000003,43.775000000000006,3.213,46.359,7.115754071073565,2.50265044082559,14.782180947745797,1658.0,30,35.156000000000006
830,-0.255,44.591,0.085,47.073,1.037,45.543000000000006,1.802,1.4990294141374918,3.2724382414790725,1660.0,30,35.156000000000006
831,-1.377,44.795,-3.043,43.503,2.8390000000000004,44.319,5.938331415473543,2.230962906668654,13.438546622185072,1662.0,30,35.156000000000006
832,-0.663,44.591,-3.723,43.809000000000005,-3.655,43.469,0.3467333269243093,2.8596014903411104,19.97410498594726,1664.0,30,35.156000000000006
833,-0.085,44.897000000000006,-1.003,46.053,1.513,43.401,3.655592975154647,2.874724456431767,4.127070877748228,1666.0,30,35.156000000000006
834,-1.207,45.373000000000005,-3.3830000000000005,43.877,1.173,42.925,4.654400068752148,2.3548908523878374,18.359250943786105,1668.0,30,35.156000000000006
835,-0.289,43.962,-2.057,43.29900000000001,-1.445,41.565000000000005,1.8388311504866344,2.2818389870212474,16.77454560355639,1670.0,30,35.156000000000006
836,0.153,45.815000000000005,0.969,48.501000000000005,0.085,43.401,5.176046367643938,1.708557022294561,6.900346309837586,1672.0,30,35.156000000000006
837,-0.289,46.155,-0.935,47.821000000000005,-0.153,47.481,0.8527156618709428,2.10427193839781,9.891410740048476,1674.0,30,35.156000000000006
838,-0.425,45.951,-0.187,38.641000000000005,2.975,46.801,8.751219572151072,3.040788971188385,11.889326319988944,1676.0,30,35.156000000000006
839,-0.527,46.121,-2.431,47.515,1.5810000000000002,48.297,4.0875014373086165,2.413750294664212,10.01084383715395,1678.0,30,35.156000000000006
840,0.306,45.271,0.561,47.923,1.785,46.461000000000006,1.9067301854221537,2.369682370222215,14.481546933949474,1680.0,30,35.156000000000006
841,0.255,46.155,-1.921,42.483,-0.085,47.515,5.356483921379771,2.426512965458641,9.181126426589636,1682.0,30,35.156000000000006
842,-0.8330000000000001,46.733,-0.629,41.939,-0.187,48.43300000000001,6.50902450448606,2.4305605468385143,13.412995715076582,1684.0,30,35.156000000000006
843,-1.3430000000000002,45.747,-0.8670000000000001,41.327000000000005,2.5330000000000004,45.441,5.337133687664195,2.51527576075464,12.908843789990293,1686.0,30,35.156000000000006
844,-0.8330000000000001,44.931,1.241,43.707,2.1590000000000003,41.939,1.9921214822394744,2.668156570964209,17.701509198766903,1688.0,30,35.156000000000006
845,-1.207,45.101000000000006,,,,,1.9921214822394744,2.433619573696713,,1690.0,30,35.156000000000006
846,-1.037,45.407,-2.091,48.263000000000005,-3.281,43.265,5.137713888491652,2.389872628813649,5.997405309046327,1692.0,30,35.156000000000006
847,-0.357,45.101000000000006,-0.799,42.891000000000005,-3.621,47.277,5.215427115778726,2.509155304751447,7.224504182525499,1694.0,30,35.156000000000006
848,-0.5950000000000001,45.305,2.737,44.115,0.221,48.977,5.47442234395557,2.486907831446224,16.741451828380054,1696.0,30,35.156000000000006
849,-0.017,44.319,0.459,40.375,0.799,48.467000000000006,8.099139707401028,2.564087191051883,12.387584154523053,1698.0,30,35.156000000000006
850,-0.901,43.945,-2.431,46.767,1.785,45.849,4.314786205595824,1.913571795241569,9.770478936073395,1700.0,30,35.156000000000006
851,-0.051,45.917,-3.825,45.747,1.411,41.565000000000005,6.701105878882978,2.109051020413915,10.47367484885462,1702.0,30,35.156000000000006
852,1.037,44.965,-2.9410000000000003,47.243,2.057,42.381,6.972736048352899,2.6632193277210576,10.78159583852995,1704.0,30,35.156000000000006
853,0.935,46.24,2.499,42.245000000000005,2.635,42.585,0.3661912068851463,2.537320574983783,17.884665279639243,1706.0,30,35.156000000000006
854,0.051,44.897000000000006,-2.431,43.367,0.187,45.033,3.103140344876461,2.69912044477674,11.970450285890667,1708.0,30,35.156000000000006
855,0.5950000000000001,44.999,-3.859,45.679,0.7310000000000001,42.347,5.671888926980148,2.5442074843404483,12.55424001111406,1710.0,30,35.156000000000006
856,0.425,44.251000000000005,-2.397,47.787000000000006,2.669,42.415000000000006,7.383951516633896,2.5003234486373684,11.14482383208464,1712.0,30,35.156000000000006
857,0.493,45.237,-0.017,49.011,1.819,48.093,2.052710403344807,2.0587265585359216,12.644431116605688,1714.0,30,35.156000000000006
858,0.221,44.693000000000005,-3.213,47.515,-1.377,46.189,2.264767537739801,2.413247910300169,16.938495458539432,1716.0,30,35.156000000000006
859,0.051,45.135000000000005,-3.927000000000001,45.951,-3.519,46.189,0.4723430956412933,2.540902048732621,18.129343760132446,1718.0,30,35.156000000000006
860,0.051,44.829,-3.689,44.829,2.363,47.345000000000006,6.554155933451691,2.880894507088309,11.655201085420458,1720.0,30,35.156000000000006
861,0.493,44.489,-3.145,42.857000000000006,-2.329,44.319,1.674305826305338,2.939501674227029,19.541665725045103,1722.0,30,35.156000000000006
862,0.153,45.169,-2.1590000000000003,44.387,-2.125,45.135000000000005,0.7487723285485381,2.789101152509031,0.7617201002042464,1724.0,30,35.156000000000006
863,-0.391,44.693000000000005,-0.425,37.553,-2.907,44.591,7.462825738284394,3.344188636214037,21.140310378187667,1726.0,30,35.156000000000006
864,-0.357,45.407,-2.057,43.29900000000001,0.119,45.781000000000006,3.3008029326210924,3.143307332860876,14.535582989424125,1728.0,30,35.156000000000006
865,-0.119,44.761,-2.125,43.367,2.2270000000000003,47.889,6.276016889715961,3.12708448593344,8.243665392797215,1730.0,30,35.156000000000006
866,-0.493,45.135000000000005,0.391,38.913,2.2950000000000004,47.209,8.511687964205455,3.000248330473952,13.17347191175856,1732.0,30,35.156000000000006
867,-0.8500000000000001,44.897000000000006,-0.221,36.873000000000005,0.017,37.417,0.5937844726834813,3.438295502935641,1.592255776853213,1734.0,30,35.156000000000006
868,-2.091,45.135000000000005,-2.261,43.503,-2.8390000000000004,46.733,3.2813082756729823,1.0451370299773244,4.815420910961471,1736.0,30,35.156000000000006
869,-0.357,45.781000000000006,-3.4850000000000003,44.081,0.969,47.685,5.729479208444691,1.954755586461984,7.88739659891384,1738.0,30,35.156000000000006
870,-0.935,45.815000000000005,-0.085,46.563,1.853,47.685,2.2393588368102155,2.847409190472745,12.27609091223501,1740.0,30,35.156000000000006
871,-0.5950000000000001,45.645,-3.655,43.469,-3.655,43.741,0.272,2.5149183756035125,18.727898235780717,1742.0,30,35.156000000000006
872,-0.561,44.659000000000006,2.805,46.053,3.2470000000000003,46.121,0.4472001788908408,2.7359408193900228,18.032234096452648,1744.0,30,35.156000000000006
873,-0.663,45.169,-0.391,47.345000000000006,2.2950000000000004,47.209,2.6894408340768536,3.0691027890719624,16.239483021339392,1746.0,30,35.156000000000006
874,-1.037,45.373000000000005,0.7310000000000001,47.54900000000001,1.513,46.767,1.1059150057757603,2.8942427659062298,18.13329269392755,1748.0,30,35.156000000000006
875,0.527,44.727,-1.6150000000000002,44.965,1.819,48.161,4.691137601904255,2.6898621777835507,14.885440526660735,1750.0,30,35.156000000000006
876,0.255,44.319,-2.1590000000000003,48.297,-1.173,45.917,2.576159156573988,2.3036203204472785,15.174146138730574,1752.0,30,35.156000000000006
877,0.425,44.965,-0.493,47.957,0.7310000000000001,47.209,1.4344615714615714,2.4953386088035567,4.11779204140727,1754.0,30,35.156000000000006
878,0.561,45.067,-3.3150000000000004,47.243,-0.051,47.243,3.264,2.319874389747669,4.4597648982685,1756.0,30,35.156000000000006
879,0.629,44.489,-1.3430000000000002,45.611,0.289,49.011,3.771395497690477,2.4643743874812345,17.399088453103705,1758.0,30,35.156000000000006
880,0.357,44.42100000000001,-2.601,46.835,3.621,45.169,6.441183121135434,1.970101753982304,9.677223005659108,1760.0,30,35.156000000000006
881,0.289,43.129000000000005,-3.689,44.86300000000001,-1.819,44.659000000000006,1.8810943623327356,2.415109546299996,2.7781978350933327,1762.0,30,35.156000000000006
882,0.391,44.795,-3.995,44.523,2.431,43.061,6.590213957073018,2.2389247871014963,15.291798544170929,1764.0,30,35.156000000000006
883,0.799,44.42100000000001,-3.043,43.571000000000005,3.655,44.523,6.765316548395944,2.2394764296719107,13.62451130599669,1766.0,30,35.156000000000006
884,0.493,44.183,-1.479,46.971,2.907,43.435,5.63385232323319,2.2600478547474565,10.271709517017538,1768.0,30,35.156000000000006
885,0.5950000000000001,44.999,0.425,42.075,0.357,41.73500000000001,0.3467333269243093,2.1046033279652785,0.3678007402479619,1770.0,30,35.156000000000006
886,0.7310000000000001,44.965,,,,,0.3467333269243093,2.0197873026075004,,1772.0,30,35.156000000000006
887,0.7310000000000001,44.115,-1.241,48.195,2.873,43.197,6.473407139984323,1.9288925231368137,8.969157084325152,1774.0,30,35.156000000000006
888,0.8330000000000001,46.155,-2.601,47.99100000000001,2.125,43.503,6.517455024777694,2.5046789362231907,10.169377277615036,1776.0,30,35.156000000000006
889,1.105,45.441,-2.057,48.43300000000001,2.4650000000000003,42.619,7.365533246140432,2.776401557733536,11.436082214595508,1778.0,30,35.156000000000006
890,1.037,45.577000000000005,-0.901,48.909000000000006,0.7310000000000001,41.73500000000001,7.357288902850017,3.022553582979249,11.628309053300075,1780.0,30,35.156000000000006
891,0.5950000000000001,45.611,1.5470000000000002,48.331,1.785,42.755,5.5810769570039085,3.1442784903085688,10.125682888342018,1782.0,30,35.156000000000006
892,0.5950000000000001,44.591,1.3430000000000002,46.42700000000001,1.751,43.061,3.390637108273312,3.2644753231926984,5.676160468814806,1784.0,30,35.156000000000006
893,1.173,44.081,-3.621,43.741,-3.655,43.469,0.2741167634421507,2.95428238882435,19.65282190983954,1786.0,30,35.156000000000006
894,-0.187,44.251000000000005,,,,,0.2741167634421507,3.031136832646669,,1788.0,30,35.156000000000006
895,-0.323,45.781000000000006,-0.6970000000000001,48.977,3.587,44.319,6.328476909968149,2.9025503338532914,22.41586961508464,1790.0,30,35.156000000000006
896,-1.649,46.291,-1.445,44.285,3.145,45.917,4.871501205993899,2.6784118809723707,13.677622620875017,1792.0,30,35.156000000000006
897,-1.275,45.339000000000006,-3.4850000000000003,43.333000000000006,-1.819,44.897000000000006,2.285093433538332,2.4267528636399445,13.559258131891214,1794.0,30,35.156000000000006
898,-1.105,45.373000000000005,-3.825,43.911,2.8390000000000004,47.107000000000006,7.390758553761583,2.5222108394445675,13.443475738089294,1796.0,30,35.156000000000006
899,-0.969,45.135000000000005,-3.723,43.469,2.4650000000000003,47.753,7.526220831200743,2.6882799429655004,15.266147689571966,1798.0,30,35.156000000000006
900,-1.751,45.101000000000006,-3.723,43.877,2.8390000000000004,47.141000000000005,7.328952176129955,2.5706324203394413,13.240869476964363,1800.0,30,35.156000000000006
901,-1.292,43.843,2.431,47.855,2.329,47.209,0.6540030580968257,3.0197829474737703,0.7819908706699075,1802.0,30,35.156000000000006
902,-0.561,44.013000000000005,1.785,48.025000000000006,3.2470000000000003,46.699000000000005,1.973757837223199,3.188902604142289,19.154540991137605,1804.0,30,35.156000000000006
903,-0.969,45.169,-3.927000000000001,45.849,3.4850000000000003,44.523,7.529675955842988,2.9793948248541207,11.957443018197475,1806.0,30,35.156000000000006
904,0.986,45.577000000000005,-0.051,45.747,1.445,41.73500000000001,4.281840725669277,2.96604164276422,19.407272339836165,1808.0,30,35.156000000000006
905,1.3090000000000002,46.359,-3.0770000000000004,42.619,-0.7310000000000001,47.175,5.124534320306578,2.925014018722309,13.393119989385278,1810.0,30,35.156000000000006
906,0.527,45.951,-1.955,42.449000000000005,-1.241,45.305,2.94389741669101,2.743216908201874,8.484204408589749,1812.0,30,35.156000000000006
907,0.085,45.373000000000005,1.207,46.359,3.0090000000000003,45.98500000000001,1.840402129970513,2.628211247040144,2.6686615621135568,1814.0,30,35.156000000000006
908,0.323,45.98500000000001,-2.193,45.067,-2.023,45.203,0.2177062240727168,2.0033305420130305,15.958911944370282,1816.0,30,35.156000000000006
909,-0.221,45.169,1.785,45.475,2.397,45.713,0.6566490691381509,2.397741206578979,14.820158023309236,1818.0,30,35.156000000000006
910,0.323,45.509,-3.587,43.367,2.873,47.005,7.413949284962773,2.409215998830296,13.76324971563285,1820.0,30,35.156000000000006
911,-0.255,45.577000000000005,-0.8330000000000001,41.055,-1.989,43.809000000000005,2.986779536557729,2.208242274368393,3.977598319647866,1822.0,30,35.156000000000006
912,1.173,45.543000000000006,-2.2950000000000004,42.789,-2.2270000000000003,45.883,3.094747162532022,2.5371660839983963,14.512652268347306,1824.0,30,35.156000000000006
913,-0.017,44.999,-3.519,43.741,1.751,42.245000000000005,5.478221974327072,2.8578836629080486,19.486415984619192,1826.0,30,35.156000000000006
914,-0.493,44.727,,,,,5.478221974327072,2.744011649670551,,1828.0,30,35.156000000000006
915,-0.323,44.013000000000005,-2.737,47.719,0.8670000000000001,41.395,7.278859251283817,2.7440772002906826,15.928607520298227,1830.0,30,35.156000000000006
916,0.8670000000000001,44.115,-2.057,44.829,0.221,41.395,4.120878547106187,2.321647525052997,16.17971423215795,1832.0,30,35.156000000000006
917,-0.153,43.877,0.153,38.097,1.717,45.951,8.008209038230708,3.1138820650293977,10.812445506100408,1834.0,30,35.156000000000006
918,-0.051,44.319,-3.1790000000000003,43.605,2.7710000000000004,42.925,5.988731084294903,2.951922673969193,22.57908678789441,1836.0,30,35.156000000000006
919,-0.799,44.353,-2.2950000000000004,43.503,2.1590000000000003,42.313,4.610229495372221,2.3270887429707936,5.546092683310272,1838.0,30,35.156000000000006
920,-0.663,46.155,1.445,48.263000000000005,2.329,42.687000000000005,5.645638316435087,2.398598661712632,11.21035988175778,1840.0,30,35.156000000000006
921,-0.561,45.509,2.873,46.903000000000006,3.043,46.767,0.2177062240727168,2.483160460835723,1.5433213430983768,1842.0,30,35.156000000000006
922,0.119,44.897000000000006,-2.737,47.923,-1.173,43.435,4.752708701361782,2.792826604474085,16.0942296043959,1844.0,30,35.156000000000006
923,-0.7310000000000001,46.257000000000005,-3.111,47.889,2.431,44.115,6.704986204310939,2.2365315742077323,15.003460378909496,1846.0,30,35.156000000000006
924,-1.3090000000000002,46.495000000000005,-2.737,47.651,3.4850000000000003,46.019000000000005,6.432472930374446,2.535980293109221,15.359350884018518,1848.0,30,35.156000000000006
925,-2.2270000000000003,46.733,-2.805,45.509,1.853,46.393,4.741141212830515,2.448030244556535,15.35727363089418,1850.0,30,35.156000000000006
926,-2.125,44.897000000000006,2.2270000000000003,43.503,2.261,43.979000000000006,0.4772127408190188,2.159370327042795,0.5174808569563282,1852.0,30,35.156000000000006
927,-2.057,45.679,0.221,44.047,3.043,46.665000000000006,3.849364622895577,2.214325253837061,12.929015495993555,1854.0,30,35.156000000000006
928,-2.023,45.781000000000006,-1.3430000000000002,43.877,1.003,48.807,5.459726733088388,2.033148407856643,11.1390314920628,1856.0,30,35.156000000000006
929,-1.853,46.86900000000001,-2.737,47.141000000000005,1.717,45.98500000000001,4.601570601435992,1.9747725814218595,10.669245182224929,1858.0,30,35.156000000000006
930,-2.2270000000000003,45.237,-2.8390000000000004,43.469,2.601,43.401,5.440424983399734,2.167591274365363,11.670006955586931,1860.0,30,35.156000000000006
931,-0.425,44.251000000000005,-3.3150000000000004,45.067,-0.289,48.739,4.758178222807549,2.2950517380550157,11.015167698186202,1862.0,30,35.156000000000006
932,-0.901,44.693000000000005,-1.751,41.633,-1.139,48.773,7.166180572662122,2.2493908289817437,10.231989340345288,1864.0,30,35.156000000000006
933,-0.8330000000000001,44.591,0.5950000000000001,42.415000000000006,1.0710000000000002,47.957,5.562404156477665,2.0590156012198424,12.613186089647256,1866.0,30,35.156000000000006
934,-0.935,44.557,,,,,5.562404156477665,2.187270015679009,,1868.0,30,35.156000000000006
935,0.7310000000000001,42.619,-1.5810000000000002,44.081,0.187,49.045,5.26945158436815,2.7495094395278743,13.046314610090429,1870.0,30,35.156000000000006
936,-0.119,44.149,-0.901,41.293000000000006,-1.683,47.685,6.439657444305559,2.3895214428674687,13.19951404376198,1872.0,30,35.156000000000006
937,-1.3430000000000002,44.523,0.051,41.463,2.567,46.631,5.7479109248491325,2.292025722327749,13.741332947373932,1874.0,30,35.156000000000006
938,-1.3090000000000002,44.931,-1.853,44.353,-0.357,39.831,4.763034746881446,2.789440046719096,16.088024245673886,1876.0,30,35.156000000000006
939,-1.275,44.319,0.493,48.875,-0.187,39.627,9.272966299949548,2.8528557970789907,15.385639333116757,1878.0,30,35.156000000000006
940,-1.139,45.152,1.513,48.569,-0.527,39.797,9.0060859422948,3.134945609534826,17.004268284156165,1880.0,30,35.156000000000006
941,-0.765,43.979000000000006,0.153,48.977,-0.527,40.171,8.83221580352292,2.275361135423709,16.199534622410873,1882.0,30,35.156000000000006
942,0.119,44.455000000000005,-1.0710000000000002,46.835,-0.255,42.585,4.327627063414776,2.0518026690817317,15.10767226992487,1884.0,30,35.156000000000006
943,0.085,44.999,0.799,48.841,-2.431,42.109,7.466774671837902,2.429761113162165,14.162176826266547,1886.0,30,35.156000000000006
944,-0.119,45.305,2.023,47.957,0.391,42.177,6.005982350956421,2.421485400315888,10.755669898267824,1888.0,30,35.156000000000006
945,-1.683,45.781000000000006,1.955,48.127,0.7310000000000001,41.395,6.842368011149357,2.581244596270796,14.113490376131598,1890.0,30,35.156000000000006
946,-1.6150000000000002,45.917,3.1790000000000003,46.597,0.357,42.857000000000006,4.685219738710235,2.433313139753348,14.075338030346009,1892.0,30,35.156000000000006
947,-1.3430000000000002,44.897000000000006,2.5330000000000004,44.42100000000001,2.499,44.047,0.3755422745843669,2.397618789473702,14.0760443544087,1894.0,30,35.156000000000006
948,-1.5810000000000002,44.523,2.261,43.469,2.125,42.721,0.7602631123499286,2.18872996599269,12.381022438969032,1896.0,30,35.156000000000006
949,-1.751,44.795,-2.193,48.535,-3.519,45.169,3.6177661615975127,2.7575913864669985,4.730862677476865,1898.0,30,35.156000000000006
950,-1.717,44.761,-4.029,45.883,-2.261,44.86300000000001,2.0411330186932943,2.583502032012849,6.549324993013143,1900.0,30,35.156000000000006
951,-0.323,45.849,-3.145,45.067,-1.853,47.073,2.3860637040950943,2.799042625950978,4.298529950992082,1902.0,30,35.156000000000006
952,0.187,46.461000000000006,-1.377,48.637,2.363,44.115,5.868226648656305,1.969507368132385,10.695831849586302,1904.0,30,35.156000000000006
953,-1.241,44.897000000000006,-0.5950000000000001,48.977,0.187,48.365,0.993009566922696,2.6348868849965577,1.2174561455352817,1906.0,30,35.156000000000006
954,-0.969,44.557,-1.3090000000000002,48.603,-0.119,41.973000000000006,6.735948337094043,2.7723279401538528,11.020297318479734,1908.0,30,35.156000000000006
955,-0.153,44.829,-0.901,47.481,-0.6970000000000001,46.937000000000005,0.5809922546815921,2.465827293330427,1.807726951923292,1910.0,30,35.156000000000006
956,0.5950000000000001,45.305,-3.0770000000000004,47.957,-3.0770000000000004,47.379000000000005,0.5780000000000001,2.494022706139874,0.6871765389550024,1912.0,30,35.156000000000006
957,-0.6970000000000001,44.489,-1.513,46.189,-3.825,45.135000000000005,2.54091715724854,2.284534727315429,3.706242920691427,1914.0,30,35.156000000000006
958,-1.445,44.591,2.125,42.245000000000005,2.4650000000000003,43.911,1.7003399660067984,2.188797343289705,13.556278235405152,1916.0,30,35.156000000000006
959,-0.527,46.495000000000005,-0.8330000000000001,42.381,-2.397,47.447,5.301929082890491,2.2822347986197404,13.243582292070483,1918.0,30,35.156000000000006
960,-0.969,45.951,1.173,43.605,1.819,44.591,1.1787756359884607,2.0582078520256206,9.001208808644922,1920.0,30,35.156000000000006
961,0.017,44.965,2.431,42.177,1.513,47.821000000000005,5.718169287455558,2.33912067616417,12.62332888119143,1922.0,30,35.156000000000006
962,0.357,45.033,-2.8390000000000004,42.925,-2.1590000000000003,44.761,1.957880486648764,2.253237564066378,11.147124368227365,1924.0,30,35.156000000000006
963,0.6970000000000001,44.659000000000006,1.3430000000000002,43.095000000000006,1.5810000000000002,43.129000000000005,0.2404163056034262,1.6300710342581004,9.524798771808031,1926.0,30,35.156000000000006
964,0.935,44.387,-2.329,44.319,-0.493,44.081,1.8513616610484296,2.206638522002342,12.75822638313151,1928.0,30,35.156000000000006
965,0.323,45.101000000000006,-3.723,44.149,3.587,44.795,7.338488672744546,2.469675088916423,10.410458296674712,1930.0,30,35.156000000000006
966,0.153,44.523,-3.689,43.435,3.0090000000000003,45.271,6.94507739337727,2.698553763397459,8.7177016171215,1932.0,30,35.156000000000006
967,-0.289,46.42700000000001,-3.4850000000000003,44.047,3.349,45.203,6.931081589477937,2.467078968521619,11.958437737478938,1934.0,30,35.156000000000006
968,-0.901,46.393,-1.0710000000000002,43.095000000000006,3.281,44.013000000000005,4.44776663056865,2.962394427563185,13.973999038434616,1936.0,30,35.156000000000006
969,-1.5810000000000002,46.903000000000006,-3.043,44.86300000000001,3.587,44.42100000000001,6.644716999240826,2.954498554658771,11.52310851526879,1938.0,30,35.156000000000006
970,-1.5470000000000002,46.257000000000005,-2.1590000000000003,42.245000000000005,1.853,43.29900000000001,4.14813934192187,2.8086789809826365,14.443530696156046,1940.0,30,35.156000000000006
971,-1.3090000000000002,45.305,-2.9410000000000003,43.061,2.125,43.061,5.066000000000001,2.5714926003653664,15.19053856156478,1942.0,30,35.156000000000006
972,-1.717,46.019000000000005,-1.445,42.755,2.601,42.551,4.051139592756587,3.0470066601529404,16.289789015644494,1944.0,30,35.156000000000006
973,-0.255,45.135000000000005,-1.887,45.611,-0.561,46.393,1.539415473483361,1.2718987342478771,6.389995443467806,1946.0,30,35.156000000000006
974,1.5810000000000002,46.393,0.561,47.753,1.6150000000000002,41.701,6.143095310997543,2.7673436155388136,15.38645925074187,1948.0,30,35.156000000000006
975,0.765,46.733,0.221,48.331,0.323,38.743,9.588542537841713,3.2391131885470488,14.702092977629512,1950.0,30,35.156000000000006
976,-0.119,45.203,1.037,47.651,0.901,42.177,5.475689180368075,2.3623058224201388,12.054249121857026,1952.0,30,35.156000000000006
977,-0.561,44.795,2.363,46.665000000000006,0.5950000000000001,39.865,7.026081696080682,2.6125742459556194,12.446421297856654,1954.0,30,35.156000000000006
978,-0.8670000000000001,44.965,2.363,46.835,1.6150000000000002,42.925,3.980904922250719,2.5902604125824262,15.03734701305148,1956.0,30,35.156000000000006
979,-0.7310000000000001,45.169,2.363,47.175,-2.057,41.769000000000005,6.982924602199283,2.4969306533890605,14.481807412379728,1958.0,30,35.156000000000006
980,-1.105,44.965,-3.043,44.523,1.887,43.333000000000006,5.071587522659942,1.7669861768894697,11.921775368519642,1960.0,30,35.156000000000006
981,-1.819,44.455000000000005,-0.391,40.647000000000006,0.561,43.911,3.4000000000000004,1.9568141395378345,8.393827163896757,1962.0,30,35.156000000000006
982,-0.391,44.285,-2.057,43.231,0.561,38.267,5.612060227759499,3.5233688499215354,20.33004901419172,1964.0,30,35.156000000000006
983,-0.289,43.775000000000006,-0.493,45.407,-0.663,36.431,8.977609704147314,3.1725154451948696,16.375637416021927,1966.0,30,35.156000000000006
984,-0.119,43.707,-1.207,46.597,0.5950000000000001,34.153000000000006,12.573795767388622,4.392340925113436,20.83822869671329,1968.0,30,35.156000000000006
985,0.323,42.381,-1.513,47.957,0.323,36.397000000000006,11.704891968745375,3.6614119626745576,17.525109520503484,1970.0,30,35.156000000000006
986,-0.051,42.177,-2.1590000000000003,44.387,-0.799,36.771,7.736475683410374,3.545176135904459,19.535246273734607,1972.0,30,35.156000000000006
987,0.187,41.259,-2.2950000000000004,44.455000000000005,0.051,34.323,10.400054807547892,4.047703171790284,21.77459070415509,1974.0,30,35.156000000000006
988,-0.221,40.273,-2.975,43.639,-0.561,34.323,9.623681831814684,4.215624703009921,20.548282024110577,1976.0,30,35.156000000000006
989,-0.323,40.851000000000006,-3.4850000000000003,43.673,-0.051,31.025,13.105886463723085,4.743941914583927,24.51504228543704,1978.0,30,35.156000000000006
990,-0.493,41.089000000000006,,,,,13.105886463723085,4.295277529750106,,1980.0,30,35.156000000000006
991,-0.187,41.055,-1.853,44.115,0.629,36.159000000000006,8.33416222544294,3.470395067731334,18.355709571642244,1982.0,30,35.156000000000006
992,-0.357,41.089000000000006,-3.145,43.605,0.765,35.105000000000004,9.356179775955573,3.943334126366579,20.996222978312268,1984.0,30,35.156000000000006
993,-0.459,40.681,-2.635,44.217000000000006,-0.6970000000000001,31.807,12.56041177668949,4.284655202736105,20.94078192977197,1986.0,30,35.156000000000006
994,-0.187,39.185,-2.635,42.313,-0.901,41.055,2.1422698242751776,4.189018921837383,21.693919691887057,1988.0,30,35.156000000000006
995,-0.459,39.253,-2.125,42.381,-0.357,32.215,10.318593896457015,3.901825200709539,19.24732013011001,1990.0,30,35.156000000000006
996,-0.289,39.151,-3.3150000000000004,43.673,0.561,31.875000000000004,12.418380731802356,4.479397086410965,22.207123438290637,1992.0,30,35.156000000000006
997,-0.255,39.797,-3.4170000000000003,43.707,-0.799,32.589000000000006,11.422077219140132,4.109598929330517,19.79911200064091,1994.0,30,35.156000000000006
998,-0.255,39.525000000000006,1.3430000000000002,45.951,0.289,33.677,12.319171725404267,4.215430332945013,13.233424139385209,1996.0,30,35.156000000000006
999,-0.493,40.477,-3.723,43.741,0.221,35.003,9.586854541506302,3.7537884106101047,17.250829394182187,1998.0,30,35.156000000000006
1000,0.153,41.157,-3.621,43.707,0.323,33.099000000000004,11.317455544423405,3.980281341666093,19.611691614598797,2000.0,30,35.156000000000006
1001,0.085,41.701,-3.3150000000000004,43.707,-3.145,43.29900000000001,0.442,2.763049795235746,14.602909230354635,2002.0,30,35.156000000000006
1002,-0.255,42.857000000000006,-2.8390000000000004,43.537000000000006,0.459,33.609,10.461452480415902,3.8832074223192414,21.807421563207782,2004.0,30,35.156000000000006
1003,-0.323,41.327000000000005,2.261,42.755,0.527,33.133,9.776995448500529,4.504413549356738,11.989608870442911,2006.0,30,35.156000000000006
1004,-0.017,39.219,1.207,42.449000000000005,0.255,32.521,9.973539391810712,5.335618900013167,10.932129480740404,2008.0,30,35.156000000000006
1005,0.255,40.851000000000006,-3.111,43.537000000000006,0.153,30.311000000000003,13.622803382564104,4.93813231499922,24.91971368224896,2010.0,30,35.156000000000006
1006,-0.153,39.729000000000006,1.377,42.347,0.255,33.881,8.540025761085268,4.706070761539641,9.9206032778324,2012.0,30,35.156000000000006
1007,-0.119,41.327000000000005,-2.601,43.401,2.431,42.993,5.0485134445696,4.823937537796616,13.204172334168616,2014.0,30,35.156000000000006
1008,-0.391,39.865,-2.635,43.435,-0.255,31.977000000000004,11.702570828668376,4.251251694503679,19.943681690406997,2016.0,30,35.156000000000006
1009,-0.187,39.899,-1.6150000000000002,41.769000000000005,-0.561,39.491,2.510019920239678,3.55218215303602,20.80813672482775,2018.0,30,35.156000000000006
1010,-0.357,41.259,-2.601,43.537000000000006,-1.139,44.013000000000005,1.537536991424922,3.514013555800492,24.086385683469484,2020.0,30,35.156000000000006
1011,-0.425,41.837,-3.927000000000001,44.42100000000001,-0.493,37.655,7.587562981616694,3.016682165126546,16.695531331263595,2022.0,30,35.156000000000006
1012,-0.289,42.857000000000006,-3.825,43.877,0.221,39.185,6.195561314360468,2.5564559104232467,17.12383879326025,2024.0,30,35.156000000000006
1013,0.221,44.251000000000005,-3.2470000000000003,43.639,-0.8670000000000001,40.341,4.067087901681005,2.682049617464917,23.173245196326672,2026.0,30,35.156000000000006
1014,-0.527,44.625,-0.8330000000000001,36.363,2.2950000000000004,47.311,11.386091866834732,3.659347620181258,15.64895976826698,2028.0,30,35.156000000000006
1015,-0.799,43.843,-0.153,38.301,0.6970000000000001,45.543000000000006,7.291712007478079,2.430178377276517,11.249000047017464,2030.0,30,35.156000000000006
1016,0.051,44.149,0.357,38.845000000000006,1.5470000000000002,46.86900000000001,8.111761584267624,3.0238333447650745,16.15731182015027,2032.0,30,35.156000000000006
1017,-0.799,44.013000000000005,0.629,36.567,-3.0770000000000004,47.311,11.365208841020037,3.825614067595557,12.344534326451132,2034.0,30,35.156000000000006
1018,-1.3090000000000002,43.741,,,,,11.365208841020037,2.2742995096002607,,2036.0,30,35.156000000000006
1019,-1.105,44.42100000000001,0.187,38.131,-1.683,46.937000000000005,9.002362800953982,3.440144584118224,18.08272769717897,2038.0,30,35.156000000000006
1020,-0.6970000000000001,43.163,1.105,41.599,-0.153,47.481,6.015021861971909,3.151862683252481,17.874975276659857,2040.0,30,35.156000000000006
1021,-0.561,43.86000000000001,2.2950000000000004,42.007000000000005,-2.669,47.005,7.044238780734226,2.7784083346615724,11.204034492046532,2042.0,30,35.156000000000006
1022,-0.153,43.809000000000005,-3.1790000000000003,46.835,-3.451,47.413,0.6388020037539018,3.0773410492969147,17.46125990333627,2044.0,30,35.156000000000006
1023,-0.459,44.591,1.411,41.497,1.173,45.781000000000006,4.290606017802148,2.786633008103851,18.89866718217773,2046.0,30,35.156000000000006
1024,0.561,44.965,-0.357,38.301,-0.187,38.675,0.4108235631022154,3.108981097974201,0.9844783670015442,2048.0,30,35.156000000000006
1025,0.085,44.183,-1.3090000000000002,41.395,2.7710000000000004,43.979000000000006,4.8294364060416,2.936537875466426,19.344598211332904,2050.0,30,35.156000000000006
1026,1.173,44.761,-2.907,42.755,-0.799,46.801,4.562212182702599,2.908061815704037,13.611243278231244,2052.0,30,35.156000000000006
1027,1.139,44.591,0.459,38.675,-0.119,46.325,7.671804481345963,3.008871983610841,10.453417107058522,2054.0,30,35.156000000000006
1028,0.969,43.945,-1.479,41.599,-1.275,41.973000000000006,0.4260187789288167,2.237718968318001,0.5654037748298678,2056.0,30,35.156000000000006
1029,1.241,43.979000000000006,-0.901,41.123000000000005,-1.003,47.005,5.882884326586748,2.324077120415433,13.831412908051018,2058.0,30,35.156000000000006
1030,1.377,43.639,-0.527,42.959,1.751,47.685,5.246366361587799,3.031675943889101,9.756903356809962,2060.0,30,35.156000000000006
1031,0.527,44.591,-2.1590000000000003,44.727,0.527,39.287000000000006,6.066975852927059,3.146556476577189,16.168893590444544,2062.0,30,35.156000000000006
1032,0.323,44.047,,,,,6.066975852927059,2.434360534795704,,2064.0,30,35.156000000000006
1033,0.425,44.931,0.255,39.321000000000005,2.2270000000000003,42.585,3.8134603708443073,2.921533753853184,12.737940997700404,2066.0,30,35.156000000000006
1034,-0.221,44.387,-0.561,38.641000000000005,-0.357,38.845000000000006,0.2884995667241113,2.395962599447411,1.7650630526303812,2068.0,30,35.156000000000006
1035,-0.357,44.149,0.187,36.261,0.5950000000000001,47.005,10.751744044572492,3.5657258984131457,13.314255958568452,2070.0,30,35.156000000000006
1036,-1.003,43.809000000000005,-0.323,38.709,-1.275,45.407,6.765316548395944,3.0576331321599413,9.134835322250003,2072.0,30,35.156000000000006
1037,-1.037,44.081,-3.825,43.843,-1.173,45.577000000000005,3.16857381166985,2.849560586658413,11.86952289167955,2074.0,30,35.156000000000006
1038,-1.3090000000000002,44.42100000000001,-3.2470000000000003,45.169,1.241,41.531000000000006,5.777299369082409,2.5710119188777623,17.442184261031706,2076.0,30,35.156000000000006
1039,-0.935,44.455000000000005,-1.819,41.871,0.5950000000000001,40.647000000000006,2.7065793910395466,3.1022401488598668,3.489619178447255,2078.0,30,35.156000000000006
1040,-0.561,43.911,-1.173,41.327000000000005,1.0710000000000002,46.325,5.478643992814281,2.985021962783431,18.162859009682,2080.0,30,35.156000000000006
1041,-0.255,44.081,2.5330000000000004,43.435,2.397,43.571000000000005,0.1923330444827409,2.819017955271957,0.3476664215564741,2082.0,30,35.156000000000006
1042,-0.765,44.081,-3.281,42.789,-3.3150000000000004,45.815000000000005,3.0261910052077017,2.249207626899996,5.795348376539957,2084.0,30,35.156000000000006
1043,-0.459,45.135000000000005,0.663,43.129000000000005,1.207,45.815000000000005,2.7405349842685824,2.0236433834458305,14.60156764988005,2086.0,30,35.156000000000006
1044,0.357,46.325,-0.8330000000000001,37.519000000000005,-3.2470000000000003,46.86900000000001,9.656598572996602,3.468702318591205,15.515213228865138,2088.0,30,35.156000000000006
1045,-0.459,45.237,0.051,40.545,1.411,44.285,3.979597969644673,2.5256617375748527,6.055783377312428,2090.0,30,35.156000000000006
1046,0.051,44.013000000000005,0.187,37.927,1.377,48.025000000000006,10.167876081070226,3.236628019552727,12.47273268592906,2092.0,30,35.156000000000006
1047,-0.459,43.843,-0.663,42.653000000000006,-2.737,46.631,4.486196607372442,2.597021870896403,10.721397797809855,2094.0,30,35.156000000000006
1048,0.017,44.489,1.003,41.429,1.513,46.359,4.9563091106185055,2.4539325037245465,12.277988346672212,2096.0,30,35.156000000000006
1049,1.0710000000000002,44.557,-2.261,42.041,-1.173,48.569,6.618045632964464,2.804100986272046,16.541929421918795,2098.0,30,35.156000000000006
1050,1.003,43.639,-3.349,43.639,-1.207,46.86900000000001,3.875701742910567,2.7646317002995926,14.76900723975074,2100.0,30,35.156000000000006
1051,0.527,44.829,-2.2950000000000004,42.177,2.329,47.311,6.909365528035118,2.800321475025435,14.97605905357515,2102.0,30,35.156000000000006
1052,-0.799,44.965,1.751,46.019000000000005,2.057,46.019000000000005,0.306,2.7504710983593608,0.5731783806860157,2104.0,30,35.156000000000006
1053,-0.493,43.809000000000005,0.289,35.513000000000005,1.0710000000000002,45.237,9.75539338007443,3.59482774482064,12.5193522750529,2106.0,30,35.156000000000006
1054,-0.561,43.911,0.5950000000000001,38.675,0.7310000000000001,41.293000000000006,2.621530087563368,3.551795965464967,7.083101168658024,2108.0,30,35.156000000000006
1055,-0.153,44.047,1.241,42.517,1.6150000000000002,42.245000000000005,0.4624499972970051,2.8904561842339334,1.234438581975562,2110.0,30,35.156000000000006
1056,0.561,44.353,1.955,42.347,2.091,42.279,0.1520526224699857,2.6864644731537477,0.3474090319973357,2112.0,30,35.156000000000006
1057,0.391,43.469,2.431,42.211000000000006,2.7030000000000003,42.653000000000006,0.5189874757641074,3.202264621630273,21.073088348709863,2114.0,30,35.156000000000006
1058,-0.221,43.707,,,,,0.5189874757641074,2.954850668607829,,2116.0,30,35.156000000000006
1059,-1.0710000000000002,45.645,0.969,43.163,2.091,47.651,4.626124511943015,2.502371905730799,16.38727094906382,2118.0,30,35.156000000000006
1060,-1.3090000000000002,45.441,-0.935,39.729000000000006,3.0090000000000003,46.393,7.743644619944797,3.0238256830815424,16.692392940870857,2120.0,30,35.156000000000006
1061,-0.7310000000000001,45.101000000000006,-0.153,36.023,0.017,36.703,0.7009279563550024,3.4175344407385597,1.8802730996048012,2122.0,30,35.156000000000006
1062,0.051,44.693000000000005,,,,,0.7009279563550024,3.247696740294804,,2124.0,30,35.156000000000006
1063,0.153,43.673,-0.5950000000000001,40.953,-2.193,48.195,7.416209813644703,2.953406330253077,13.095083206843032,2126.0,30,35.156000000000006
1064,-0.085,41.973000000000006,-0.357,36.057,2.057,45.645,9.887221045369625,3.87768269356782,20.168435639712435,2128.0,30,35.156000000000006
1065,-0.085,42.279,-0.153,36.771,1.037,41.803,5.170795296663754,3.657202440481993,21.607174526977488,2130.0,30,35.156000000000006
1066,-0.119,41.871,-0.8330000000000001,37.655,-2.635,43.265,5.892308885318217,3.3516784833097963,8.682911340888872,2132.0,30,35.156000000000006
1067,-0.255,43.129000000000005,0.357,36.431,2.193,43.435,7.24064306536374,3.576192253401195,20.62620255077945,2134.0,30,35.156000000000006
1068,-0.289,43.843,0.085,37.655,3.0770000000000004,43.605,6.65992222176806,4.034594425550528,23.20373057392801,2136.0,30,35.156000000000006
1069,-0.085,42.857000000000006,0.459,35.071000000000005,2.2950000000000004,42.585,7.735056043753013,4.096495266392466,25.12649379557017,2138.0,30,35.156000000000006
1070,-0.306,43.401,0.255,37.485,2.601,42.653000000000006,5.675556360393227,4.183406212677706,24.07565706875299,2140.0,30,35.156000000000006
1071,-0.6970000000000001,42.755,-0.901,40.137,1.105,47.753,7.875753424276309,3.8809640782689567,17.94595714748943,2142.0,30,35.156000000000006
1072,-0.153,42.755,-3.927000000000001,46.325,0.493,39.627,8.024936386040702,3.698527418203331,9.482611657336824,2144.0,30,35.156000000000006
1073,-0.289,44.081,-2.601,42.347,-0.5950000000000001,44.42100000000001,2.885396333261689,3.2691508857796814,23.18804371603052,2146.0,30,35.156000000000006
1074,-1.751,45.101000000000006,-0.8330000000000001,41.123000000000005,1.785,48.093,7.445456601176318,3.1493060868342777,13.316142501136827,2148.0,30,35.156000000000006
1075,-1.819,45.339000000000006,-1.921,41.701,2.7710000000000004,42.585,4.774549193379413,3.1773400111095875,17.68561316534494,2150.0,30,35.156000000000006
1076,-1.411,44.999,0.901,47.889,2.737,42.585,5.612781128816623,3.2547647615129844,7.060277316560804,2152.0,30,35.156000000000006
1077,-0.561,44.183,0.969,48.195,3.0770000000000004,43.571000000000005,5.08183431449708,2.574371576994318,5.907360159676957,2154.0,30,35.156000000000006
1078,-1.3090000000000002,45.98500000000001,-2.8390000000000004,42.381,1.785,48.161,7.402011618472374,2.5136556645650576,12.180838854738983,2156.0,30,35.156000000000006
1079,0.085,43.605,-2.7030000000000003,44.047,0.527,42.109,3.766794924070064,2.8334030933858645,6.134278990217507,2158.0,30,35.156000000000006
1080,0.629,43.979000000000006,0.7310000000000001,48.195,1.275,42.755,5.4671323378897645,3.044934027828985,12.1676062158019,2160.0,30,35.156000000000006
1081,0.527,44.625,-0.119,45.067,2.397,43.401,3.017583801653237,2.349718909732456,7.367079218406572,2162.0,30,35.156000000000006
1082,0.799,44.557,-4.063000000000001,45.475,2.5330000000000004,42.619,7.187764047323758,2.6524664746713986,11.852627780071655,2164.0,30,35.156000000000006
1083,0.935,44.489,-3.995,45.509,0.6970000000000001,44.42100000000001,4.8164933302144215,2.5460426417103563,14.663644191655033,2166.0,30,35.156000000000006
1084,0.765,44.319,-2.635,43.401,-3.0770000000000004,42.959,0.625082394568908,2.4528521707020645,0.7021240079218043,2168.0,30,35.156000000000006
1085,0.425,43.979000000000006,-1.3430000000000002,48.365,-3.689,43.945,5.004009991996419,3.120692645825596,17.920930089212842,2170.0,30,35.156000000000006
1086,0.323,44.659000000000006,2.261,47.54900000000001,-3.655,44.795,6.525608937103112,2.624189725973451,10.16352909101437,2172.0,30,35.156000000000006
1087,0.425,44.86300000000001,1.751,47.99100000000001,3.3830000000000005,46.393,2.2840814346253078,2.3385083406201157,13.31059143780635,2174.0,30,35.156000000000006
1088,1.037,43.877,-2.091,41.871,3.3830000000000005,45.033,6.321623209271493,2.18169009722272,11.981205446326562,2176.0,30,35.156000000000006
1089,-1.5810000000000002,44.659000000000006,-1.377,42.279,3.145,46.223000000000006,6.000301659083484,2.3999844425023964,10.916304415369028,2178.0,30,35.156000000000006
1090,-0.017,43.945,-3.519,45.101000000000006,1.717,41.73500000000001,6.224600549432871,1.7638346534956524,10.520017654851276,2180.0,30,35.156000000000006
1091,-1.6150000000000002,42.823,-1.037,48.637,1.3090000000000002,41.531000000000006,7.483244750774894,2.197751689250794,11.203064628596524,2182.0,30,35.156000000000006
1092,-1.5810000000000002,42.789,-2.091,47.447,1.6150000000000002,41.837,6.723580593701544,1.969632558597848,9.068264496741415,2184.0,30,35.156000000000006
1093,-0.629,42.789,,,,,6.723580593701544,1.6977570886369957,,2186.0,30,35.156000000000006
1094,0.153,43.29900000000001,-1.5810000000000002,42.211000000000006,-1.649,41.599,0.6157661893933444,2.122094106785935,0.7974698043008619,2188.0,30,35.156000000000006
1095,0.8330000000000001,43.571000000000005,-3.0770000000000004,46.937000000000005,-0.969,42.789,4.652909627319233,1.8505934760627432,11.730065024854229,2190.0,30,35.156000000000006
1096,-0.221,43.707,-2.669,43.265,-1.037,47.379000000000005,4.425880703317703,1.9932585181054665,10.466825261586935,2192.0,30,35.156000000000006
1097,0.153,44.761,-1.513,45.373000000000005,1.241,45.169,2.7615452196189003,1.2022883364532948,5.304972474606037,2194.0,30,35.156000000000006
1098,0.799,45.441,-1.887,46.087,-1.037,42.823,3.372861692984164,2.1619276436233035,11.102862066211134,2196.0,30,35.156000000000006
1099,-0.085,44.965,2.1590000000000003,42.109,-0.765,43.673,3.316002412544358,2.345506335980664,6.520898212075455,2198.0,30,35.156000000000006
1100,0.119,45.033,3.587,44.625,-0.085,48.025000000000006,5.004356502088955,2.364113734649173,12.593359446416,2200.0,30,35.156000000000006
1101,-1.037,45.441,-0.221,40.749,-2.363,47.821000000000005,7.389272494637074,2.874631570475052,16.071759563915705,2202.0,30,35.156000000000006
1102,0.017,44.149,-0.8670000000000001,38.811,-1.887,46.257000000000005,7.515538304073768,2.529048516711357,11.762367663771602,2204.0,30,35.156000000000006
1103,-0.8330000000000001,43.741,0.5950000000000001,40.171,-0.5950000000000001,46.86900000000001,6.802889386135864,2.01389867889801,8.154371995939874,2206.0,30,35.156000000000006
1104,-0.561,43.673,-0.935,40.477,0.459,47.719,7.374944067584513,3.140151063055971,14.791128491892117,2208.0,30,35.156000000000006
1105,-0.017,44.353,0.085,36.329,0.765,47.685,11.376341063804304,3.957594751524096,17.60927567654148,2210.0,30,35.156000000000006
1106,0.255,42.636,-0.901,38.403000000000006,2.057,43.673,6.043398381705446,2.4724755111009067,14.24032546326973,2212.0,30,35.156000000000006
1107,-0.459,42.755,-0.799,37.553,0.527,44.829,7.395840182156453,2.6884476720020367,13.011193889280982,2214.0,30,35.156000000000006
1108,-0.765,42.721,-2.635,42.143,0.5950000000000001,38.777,4.665067630806654,1.945421237593682,9.845632048032812,2216.0,30,35.156000000000006
1109,1.411,43.401,-2.907,43.163,3.0090000000000003,46.087,6.59915388515831,2.035599375990499,10.856586341840648,2218.0,30,35.156000000000006
1110,0.935,44.489,-2.397,41.973000000000006,2.2950000000000004,47.209,7.03068702190618,2.195806330998741,9.42178171030914,2220.0,30,35.156000000000006
1111,0.629,44.557,-0.765,40.069,-0.527,40.545,0.53218417864495,2.475989986255074,3.446835970948347,2222.0,30,35.156000000000006
1112,0.051,42.619,0.017,34.969,3.4170000000000003,46.223000000000006,11.756381926426174,3.3244851696208317,14.034020607976284,2224.0,30,35.156000000000006
1113,0.085,42.075,-0.629,33.813,3.4170000000000003,46.461000000000006,13.279383268811848,4.191544078329657,15.370478163838378,2226.0,30,35.156000000000006
1114,0.255,42.041,0.187,33.813,1.479,48.195,14.439916481752933,4.1762610716359125,17.358847852624475,2228.0,30,35.156000000000006
1115,-0.085,39.491,0.017,31.569000000000003,-0.527,40.545,8.9924697386202,3.709763263089576,11.221393082660244,2230.0,30,35.156000000000006
1116,-0.085,39.015,1.173,43.503,1.241,43.979000000000006,0.4808326112068524,2.919378063194637,0.614484404512961,2232.0,30,35.156000000000006
1117,-0.289,39.185,0.459,35.683,1.649,45.441,9.830293179758172,2.781139421201922,12.936350681752163,2234.0,30,35.156000000000006
1118,-0.187,40.987,-0.017,38.233,-2.975,42.755,5.403540320937746,2.2571070438108225,6.55524955147298,2236.0,30,35.156000000000006
1119,-0.425,41.565000000000005,0.119,40.443000000000005,-1.751,41.565000000000005,2.1807760086721424,2.1149331166350613,7.695422400492434,2238.0,30,35.156000000000006
1120,-0.629,41.599,-1.105,43.741,-3.519,45.747,3.1386990935736416,2.290486143002707,15.589238434085724,2240.0,30,35.156000000000006
1121,-0.561,41.497,1.0710000000000002,42.313,-3.5530000000000004,47.005,6.587582257550945,2.5745789583437886,14.064032255011266,2242.0,30,35.156000000000006
1122,0.323,41.157,-0.629,38.471,1.5470000000000002,46.087,7.920759559537204,2.0198651248154005,8.775641387076444,2244.0,30,35.156000000000006
1123,0.119,41.191,,,,,7.920759559537204,3.0210912317233256,,2246.0,30,35.156000000000006
1124,-0.221,41.225,0.255,36.771,0.289,48.569,11.79804899125275,3.667536180881983,15.411232992163248,2248.0,30,35.156000000000006
1125,0.119,41.191,0.357,37.349,-1.3430000000000002,47.515,10.307160423705456,3.366125654654529,13.658655306791776,2250.0,30,35.156000000000006
1126,-0.187,41.055,0.561,36.907,-3.4170000000000003,45.033,9.047450469607448,3.268954176502288,14.782367640895949,2252.0,30,35.156000000000006
1127,-0.051,40.851000000000006,-0.7310000000000001,36.975,-1.241,41.395,4.449325791622817,1.7874145678136493,11.11625516051291,2254.0,30,35.156000000000006
1128,-0.663,41.395,-0.663,36.057,0.085,39.015,3.0511093064654373,2.212047652396908,9.746361145444034,2256.0,30,35.156000000000006
1129,-0.085,41.939,-0.357,37.655,2.091,44.081,6.876494746598735,2.322272243208788,14.352448143803608,2258.0,30,35.156000000000006
1130,-0.085,43.401,-0.017,37.893,1.5470000000000002,44.897000000000006,7.176497195707667,2.507548310106223,14.351230875586388,2260.0,30,35.156000000000006
1131,0.153,44.285,-0.323,38.335,2.397,45.339000000000006,7.513615374771323,3.214288290911391,16.85334953847498,2262.0,30,35.156000000000006
1132,-0.289,42.177,2.125,42.619,1.853,43.333000000000006,0.7640549718443039,3.5893017708298056,19.11811428424579,2264.0,30,35.156000000000006
1133,-0.187,42.993,-0.289,42.585,2.2950000000000004,42.653000000000006,2.584894581989757,3.5341040830739554,23.30794878829412,2266.0,30,35.156000000000006
1134,0.051,43.061,-1.377,45.917,0.357,39.015,7.116485087457151,2.8922116428414464,8.831936938776433,2268.0,30,35.156000000000006
1135,-0.204,42.313,-3.0770000000000004,45.98500000000001,1.513,42.449000000000005,5.794082843729455,3.3385170831982243,10.46172576294921,2270.0,30,35.156000000000006
1136,-0.255,42.415000000000006,0.119,37.927,2.737,42.585,5.343303098271705,3.332219384261812,19.055115305887124,2272.0,30,35.156000000000006
1137,-0.527,42.823,-1.3090000000000002,41.871,2.669,42.585,4.041569002256426,3.492993309695556,17.596413953031885,2274.0,30,35.156000000000006
1138,-0.187,42.823,-3.723,44.931,2.737,43.707,6.5749354369453705,3.1984405419188198,10.642849956804572,2276.0,30,35.156000000000006
1139,-0.153,43.877,2.499,42.211000000000006,-1.411,48.297,7.233774671635826,2.9382586246693267,12.787306427433869,2278.0,30,35.156000000000006
1140,-0.969,44.42100000000001,1.275,42.279,1.207,42.449000000000005,0.1830956034425731,3.1384002443446355,0.1979974552858001,2280.0,30,35.156000000000006
1141,-0.051,44.931,0.8330000000000001,44.251000000000005,3.4170000000000003,43.809000000000005,2.621530087563368,3.065107685299848,17.265112328057192,2282.0,30,35.156000000000006
1142,0.527,45.917,-3.349,46.155,1.105,41.429,6.4940890046256685,3.0422376519032714,14.096111706240846,2284.0,30,35.156000000000006
1143,-0.357,43.945,-3.757,46.529,-0.459,38.029,9.117390196761352,3.0553541521649032,12.878535755441872,2286.0,30,35.156000000000006
1144,-0.357,41.922,-3.859,43.843,0.663,37.451,7.829824263672845,3.048983483724644,13.573325616611378,2288.0,30,35.156000000000006
1145,-0.527,41.497,-3.723,43.877,0.629,35.717000000000006,9.248,3.082719861679859,13.960236624861604,2290.0,30,35.156000000000006
1146,-0.085,41.905,-0.901,42.041,-0.901,39.491,2.5500000000000003,2.9329619940547085,16.209753425123164,2292.0,30,35.156000000000006
1147,0.425,41.157,0.119,46.359,0.5950000000000001,34.323,12.045408751885509,3.25280157638157,13.910276845985578,2294.0,30,35.156000000000006
1148,0.425,40.851000000000006,2.805,46.155,-0.5950000000000001,34.731,11.919218766345386,3.636731717498865,15.062810144911015,2296.0,30,35.156000000000006
1149,0.221,41.327000000000005,1.683,45.067,0.425,37.281000000000006,7.886974071213878,2.873920840880368,13.678170295487336,2298.0,30,35.156000000000006
1150,0.221,42.245000000000005,-0.6970000000000001,45.203,-0.153,35.037,10.18054477913633,3.1130943347047517,16.248087834083382,2300.0,30,35.156000000000006
1151,-0.289,42.075,-2.329,44.319,-0.119,33.711000000000006,10.835763194164038,3.95687333845062,19.159298988398437,2302.0,30,35.156000000000006
1152,-0.255,42.551,-1.3430000000000002,45.475,0.425,41.973000000000006,3.922987127177453,3.2477322742287087,19.90879240580596,2304.0,30,35.156000000000006
1153,0.017,44.183,-1.955,43.843,-0.357,39.899,4.2554365228493305,3.032519847828126,15.398186552619876,2306.0,30,35.156000000000006
1154,0.187,44.659000000000006,-1.717,45.781000000000006,0.6970000000000001,44.761,2.6206480114658666,2.748109609297404,21.40177818548705,2308.0,30,35.156000000000006
1155,0.459,45.339000000000006,1.649,48.467000000000006,1.955,46.495000000000005,1.99560016035277,2.815573717652425,20.47769069645129,2310.0,30,35.156000000000006
1156,0.5950000000000001,44.795,,,,,1.99560016035277,3.36952199025115,,2312.0,30,35.156000000000006
1157,0.493,45.101000000000006,-1.819,48.059000000000005,3.587,45.509,5.977234812185314,2.640481663235975,13.295614665311426,2314.0,30,35.156000000000006
1158,0.187,44.829,-2.8390000000000004,47.787000000000006,0.051,42.483,6.040241385905038,3.271429570959433,10.095412846007394,2316.0,30,35.156000000000006
1159,-0.493,47.107000000000006,-2.023,44.353,3.2470000000000003,43.435,5.34935734457888,2.705410247319489,18.090306739488334,2318.0,30,35.156000000000006
1160,-1.241,45.815000000000005,-2.023,42.245000000000005,0.969,47.719,6.238328301716735,2.4746572614431166,13.16529021401241,2320.0,30,35.156000000000006
1161,-0.017,45.339000000000006,2.057,43.367,1.6150000000000002,45.509,2.1871277969062533,2.788883248280533,18.57798177744839,2322.0,30,35.156000000000006
1162,1.003,45.203,-1.003,47.141000000000005,0.425,48.841,2.220176569554773,2.783126464470352,14.20689078000876,2324.0,30,35.156000000000006
1163,0.221,44.965,-2.363,47.889,2.975,46.495000000000005,5.517017310105163,2.7495217883008944,19.608605865304355,2326.0,30,35.156000000000006
1164,0.357,45.577000000000005,-0.7310000000000001,47.413,-0.663,47.855,0.4472001788908408,2.8405481354202164,0.497214688236415,2328.0,30,35.156000000000006
1165,0.527,44.591,0.153,40.171,0.051,40.545,0.3876596445337069,2.9824620852349293,0.4153333754246208,2330.0,30,35.156000000000006
1166,0.323,45.033,-0.901,36.975,1.105,48.705000000000005,11.900291425003005,4.5771399822586565,23.45856497683775,2332.0,30,35.156000000000006
1167,0.187,44.013000000000005,0.5950000000000001,34.561,0.7310000000000001,48.807,14.246649149887844,5.105264430693884,,2334.0,30,35.156000000000006
1168,0.017,43.911,-0.8330000000000001,33.813,0.493,48.943000000000005,15.187994469316877,5.33018525759358,18.94712277937261,2336.0,30,35.156000000000006
1169,-0.017,43.265,-0.561,38.539,-1.5810000000000002,46.393,7.919956818064099,3.7564633503694687,12.795655266864031,2338.0,30,35.156000000000006
1170,-0.153,42.449000000000005,0.221,39.559000000000005,-0.323,45.98500000000001,6.448985346548712,3.877033335803493,13.896431924037332,2340.0,30,35.156000000000006
1171,-0.391,42.891000000000005,0.085,37.927,0.8670000000000001,45.475,7.588400885562122,3.5825534834068624,17.34729507832366,2342.0,30,35.156000000000006
1172,-0.051,42.211000000000006,0.153,39.559000000000005,-2.193,43.061,4.215177339092628,2.864108048244097,6.6334818385703365,2344.0,30,35.156000000000006
1173,-0.187,42.585,0.391,44.557,0.799,47.209,2.683201073345045,2.62162480883315,7.297625512772759,2346.0,30,35.156000000000006
1174,-0.561,42.279,-3.5530000000000004,44.727,-0.527,40.443000000000005,5.244933936666887,2.2633476431207264,9.805881963042836,2348.0,30,35.156000000000006
1175,-0.799,42.619,-3.893,44.42100000000001,-0.357,40.783,5.07329675851906,2.257673322760238,7.870770537484186,2350.0,30,35.156000000000006
1176,-0.799,43.639,-0.119,39.525000000000006,1.0710000000000002,42.755,3.44223764432382,2.4046243761753945,12.031496124447186,2352.0,30,35.156000000000006
1177,-0.255,44.523,-2.873,47.515,1.921,43.945,5.977234812185314,2.635100039892777,8.180941295259794,2354.0,30,35.156000000000006
1178,0.357,43.741,-4.029,45.271,-0.8670000000000001,39.831,6.292205018910303,2.6182417903696846,11.99887187389946,2356.0,30,35.156000000000006
1179,0.323,44.285,-2.5330000000000004,47.719,-0.357,40.613,7.431703169529849,2.636584695660312,10.35009134934701,2358.0,30,35.156000000000006
1180,-0.425,43.707,,,,,7.431703169529849,2.638042522711269,,2360.0,30,35.156000000000006
1181,0.527,43.707,-2.2950000000000004,43.537000000000006,0.459,40.885000000000005,3.823299622054228,2.2855404780079707,11.100424473708475,2362.0,30,35.156000000000006
1182,0.153,44.285,-0.6970000000000001,40.715,2.4650000000000003,42.619,3.690997155241386,2.6965424600994035,11.987575129394449,2364.0,30,35.156000000000006
1183,-0.425,43.911,0.255,41.055,2.261,46.359,5.670665922094159,2.394541742578114,11.010504059341322,2366.0,30,35.156000000000006
1184,0.119,44.387,0.187,42.041,2.363,47.99100000000001,6.335414430011663,2.855056707446737,13.346449054140129,2368.0,30,35.156000000000006
1185,1.139,44.047,-0.289,39.593,-1.377,48.909000000000006,9.379317672410933,3.050166011892808,14.834642935519453,2370.0,30,35.156000000000006
1186,-1.105,43.333000000000006,-0.289,39.695,-2.363,44.965,5.663424405781365,2.175193952354809,10.17074525869675,2372.0,30,35.156000000000006
1187,-2.091,42.789,,,,,5.663424405781365,2.7663916743335406,,2374.0,30,35.156000000000006
1188,-1.853,43.945,-0.017,39.185,-0.7310000000000001,46.461000000000006,7.310948775637811,2.602382381494149,12.13388047585274,2376.0,30,35.156000000000006
1189,-0.391,44.081,0.663,40.579,3.111,46.223000000000006,6.152027308131849,2.3575786850962976,10.991972266455498,2378.0,30,35.156000000000006
1190,-0.187,43.775000000000006,0.323,39.899,2.975,46.325,6.951732158246605,2.476385733710329,10.442422752118365,2380.0,30,35.156000000000006
1191,-0.221,44.693000000000005,-0.051,41.259,1.003,42.925,1.9714137059480945,2.829807444231599,12.914466773078331,2382.0,30,35.156000000000006
1192,0.085,44.047,-2.805,43.503,1.717,43.639,4.524044650531204,2.618740101385734,13.669305432489953,2384.0,30,35.156000000000006
1193,0.663,43.095000000000006,-2.2270000000000003,42.721,-1.411,43.537000000000006,1.1539982668964457,2.087480411111001,12.172035629844922,2386.0,30,35.156000000000006
1194,0.459,43.29900000000001,-3.689,45.747,0.153,43.639,4.382308524054417,2.4066286831107444,12.967665693062642,2388.0,30,35.156000000000006
1195,-1.003,43.197,,,,,4.382308524054417,2.382353329027343,,2390.0,30,35.156000000000006
1196,-0.323,44.455000000000005,-2.8390000000000004,43.469,0.153,39.831,4.710319309770836,2.668483898926933,14.412081442278344,2392.0,30,35.156000000000006
1197,0.289,43.537000000000006,-2.431,47.413,-0.085,39.083000000000006,8.654051998919352,2.3870940950999264,11.186750651010232,2394.0,30,35.156000000000006
1198,1.0710000000000002,43.503,-2.669,47.617,0.153,39.083000000000006,8.988483743101504,2.522744660738219,12.606697085398784,2396.0,30,35.156000000000006
1199,0.289,42.959,-0.289,48.603,0.017,39.253,9.355005932654452,2.9039376616256454,12.385595398670612,2398.0,30,35.156000000000006
1200,0.425,43.571000000000005,,,,,9.355005932654452,2.697350232166862,,2400.0,30,35.156000000000006
1201,0.119,43.877,1.717,43.741,-0.8670000000000001,39.865,4.658372247899475,2.222091235717835,12.02401785260776,2402.0,30,35.156000000000006
1202,-0.017,42.143,1.989,42.721,0.255,40.409000000000006,2.89,2.2915873369062214,6.311570819873015,2404.0,30,35.156000000000006
1203,-0.391,41.599,0.629,42.041,-0.153,37.179,4.92448657222253,2.3407651881204505,8.632093568534787,2406.0,30,35.156000000000006
1204,-0.255,41.463,-1.207,43.469,-0.6970000000000001,39.559000000000005,3.943120591612689,2.283709253490249,6.792555593708493,2408.0,30,35.156000000000006
1205,0.153,42.585,-2.125,43.401,1.751,43.741,3.890883704250232,1.4722247202651546,8.911382083054509,2410.0,30,35.156000000000006
1206,-0.255,44.86300000000001,-1.3430000000000002,42.279,3.1790000000000003,43.707,4.742116405150764,2.6245149036242443,12.88637906454675,2412.0,30,35.156000000000006
1207,-0.799,44.557,0.425,39.491,1.989,48.127,8.776479476418777,3.280336739224102,13.871641920742253,2414.0,30,35.156000000000006
1208,-0.255,43.673,-0.017,39.015,1.921,47.753,8.950334518888107,2.923318522618548,13.287749791307547,2416.0,30,35.156000000000006
1209,-0.119,44.489,0.255,38.913,2.057,42.619,4.120878547106187,3.2056864481216465,18.74628527331649,2418.0,30,35.156000000000006
1210,-0.255,44.387,-0.6970000000000001,39.593,3.2470000000000003,44.999,6.691783917611208,3.4294854630892027,15.801392405179874,2420.0,30,35.156000000000006
1211,0.323,44.965,-0.357,37.723000000000006,3.3830000000000005,43.571000000000005,6.941664353741112,3.2838393676589623,18.199940782623383,2422.0,30,35.156000000000006
1212,0.221,43.945,-0.527,40.035,0.7310000000000001,44.353,4.497520205624428,2.53569763505743,8.626645627678359,2424.0,30,35.156000000000006
1213,0.153,44.999,-0.221,40.035,3.1790000000000003,43.435,4.808326112068524,2.579235079984829,16.997631173110953,2426.0,30,35.156000000000006
1214,-0.799,44.285,1.003,41.667,1.955,42.653000000000006,1.3705838172107534,2.771029051830508,1.600607868560025,2428.0,30,35.156000000000006
1215,0.255,44.897000000000006,1.887,43.367,1.003,44.659000000000006,1.565477562918102,3.059872996818481,9.42367220346987,2430.0,30,35.156000000000006
1216,1.003,45.339000000000006,-3.349,43.367,-3.145,43.367,0.204,3.326569269026442,21.75581365836364,2432.0,30,35.156000000000006
1217,0.459,45.203,-2.873,43.29900000000001,-0.459,42.993,2.433317077571273,2.986193261217156,15.86537392174955,2434.0,30,35.156000000000006
1218,0.221,45.305,-2.9410000000000003,43.503,2.329,43.503,5.2700000000000005,3.006512301006836,11.993128831985564,2436.0,30,35.156000000000006
1219,-0.153,46.665000000000006,-3.519,43.673,1.037,42.687000000000005,4.661473157704548,3.2137394837088307,15.932769497573396,2438.0,30,35.156000000000006
1220,-0.323,45.781000000000006,-2.2270000000000003,46.631,-1.479,46.767,0.7602631123499286,2.4899235559780437,14.92539182979515,2440.0,30,35.156000000000006
1221,-0.017,44.795,-3.655,43.877,1.921,43.333000000000006,5.602473739340507,2.804158929830247,11.897562615759542,2442.0,30,35.156000000000006
1222,-0.051,44.897000000000006,1.751,43.095000000000006,2.431,43.333000000000006,0.7204470834141812,2.666954494183853,16.912348785276397,2444.0,30,35.156000000000006
1223,0.221,45.339000000000006,-2.975,43.571000000000005,-0.051,42.823,3.0181583788794124,2.39516810076226,17.425466622000563,2446.0,30,35.156000000000006
1224,0.119,45.033,2.261,43.639,2.873,47.039,3.4546409364795068,2.5407511896988795,17.682472631094967,2448.0,30,35.156000000000006
1225,0.187,44.795,1.003,47.073,2.669,46.699000000000005,1.707463616010602,2.8241232584753404,3.069722668607211,2450.0,30,35.156000000000006
1226,0.221,44.285,1.0710000000000002,48.297,-2.635,43.673,5.925859600091788,2.4950506166120547,11.168177984845688,2452.0,30,35.156000000000006
1227,0.459,45.815000000000005,-3.825,45.305,2.8390000000000004,46.189,6.722376960569825,2.64950975911706,11.484052180485264,2454.0,30,35.156000000000006
1228,-0.459,45.713,0.663,43.945,2.091,41.973000000000006,2.4347418754356696,2.529892365662953,13.117594734019432,2456.0,30,35.156000000000006
1229,0.289,44.86300000000001,-3.825,45.781000000000006,0.935,41.429,6.449612701550381,2.732989354033656,12.229296580156904,2458.0,30,35.156000000000006
1230,-0.187,44.761,0.7310000000000001,47.617,0.8330000000000001,47.855,0.2589362855993729,3.001827005793783,0.2801571024584851,2460.0,30,35.156000000000006
1231,0.119,44.625,-1.3430000000000002,48.331,1.819,41.73500000000001,7.314742647557739,2.9423656012850263,16.769162510849185,2462.0,30,35.156000000000006
1232,-0.901,45.373000000000005,1.241,47.54900000000001,0.561,40.681,6.901581268086322,2.8167481285320872,12.400852929241667,2464.0,30,35.156000000000006
1233,-0.255,45.849,0.935,44.761,1.683,41.769000000000005,3.0840830079620107,2.611361585765445,14.394108160175191,2466.0,30,35.156000000000006
1234,0.323,45.135000000000005,0.289,47.54900000000001,-0.8670000000000001,40.579,7.065213089497019,2.584068005305119,10.045289687908594,2468.0,30,35.156000000000006
1235,0.255,45.645,-0.085,49.011,-1.683,41.599,7.582304926603784,2.438773592329427,10.926772577452155,2470.0,30,35.156000000000006
1236,-0.255,44.234,-0.085,39.219,0.323,37.281000000000006,1.9804817595726552,3.3981150880339035,2.33887040818702,2472.0,30,35.156000000000006
1237,0.085,43.29900000000001,1.751,48.195,1.377,42.415000000000006,5.792087361219616,3.3766929129851966,17.43794183703188,2474.0,30,35.156000000000006
1238,0.561,43.027,0.255,46.937000000000005,-0.255,39.525000000000006,7.429525153063283,2.393395684517301,10.739726978504454,2476.0,30,35.156000000000006
1239,0.561,43.979000000000006,,,,,7.429525153063283,2.2525669646266717,,2478.0,30,35.156000000000006
1240,-0.085,44.285,-1.6150000000000002,43.979000000000006,-1.785,44.081,0.1982523644247402,2.201662045356126,0.7701446104841053,2480.0,30,35.156000000000006
1241,-0.017,44.86300000000001,-2.4650000000000003,44.999,-2.635,45.135000000000005,0.2177062240727168,2.334200838037971,0.9199987557883348,2482.0,30,35.156000000000006
1242,0.935,44.387,-2.567,46.42700000000001,1.037,47.141000000000005,3.674045726443807,2.449440969680245,11.654093398040686,2484.0,30,35.156000000000006
1243,0.7310000000000001,46.087,-2.9410000000000003,44.999,3.587,44.829,6.530213166505363,2.481284591636227,10.342365832817585,2486.0,30,35.156000000000006
1244,0.901,46.461000000000006,-0.119,44.999,3.4170000000000003,43.639,3.788521611394081,2.226413164376624,7.451215317673323,2488.0,30,35.156000000000006
1245,-0.425,44.86300000000001,-0.799,48.773,0.527,42.143,6.761299875024033,2.3090392802712936,9.899566950642754,2490.0,30,35.156000000000006
1246,0.187,43.503,-2.261,48.025000000000006,-1.989,47.753,0.3846660889654819,2.988407113170366,18.99362976131893,2492.0,30,35.156000000000006
1247,0.493,43.571000000000005,-3.145,45.679,2.567,45.611,5.712404747564725,3.28048569406985,13.096037997288017,2494.0,30,35.156000000000006
1248,0.561,44.319,-0.8670000000000001,45.305,-0.799,45.543000000000006,0.2475237362355376,2.5019225126200317,0.2658174533602315,2496.0,30,35.156000000000006
1249,0.391,45.339000000000006,-2.329,46.155,-0.8330000000000001,48.875,3.104257721259625,2.2036113479860675,13.04016045629173,2498.0,30,35.156000000000006
1250,0.901,45.305,-2.635,45.475,-0.8330000000000001,47.481,2.696523688010176,2.4487170284029736,12.949096120556783,2500.0,30,35.156000000000006
1251,0.7310000000000001,45.98500000000001,0.969,45.98500000000001,0.119,48.977,3.110396116252719,2.663257428920724,19.629182155837054,2502.0,30,35.156000000000006
1252,-0.085,45.373000000000005,0.8330000000000001,43.367,-0.527,48.67100000000001,5.475583621861692,1.581290958894894,6.891800638029648,2504.0,30,35.156000000000006
1253,0.323,44.727,-1.003,41.191,1.479,47.821000000000005,7.079351947742111,1.963643901511389,9.654401658615946,2506.0,30,35.156000000000006
1254,0.7310000000000001,43.639,0.629,36.227,0.459,36.397000000000006,0.2404163056034262,3.5946234761746063,0.5113760989767547,2508.0,30,35.156000000000006
1255,0.153,43.571000000000005,-0.357,46.903000000000006,-0.153,37.553,9.352225189760992,3.357809407353009,16.8120144375811,2510.0,30,35.156000000000006
1256,0.017,43.129000000000005,-1.241,48.399,-0.663,36.261,12.151754112061353,3.552710881986266,17.012244955938268,2512.0,30,35.156000000000006
1257,-0.357,44.183,,,,,12.151754112061353,2.9261220321272097,,2514.0,30,35.156000000000006
1258,-0.7310000000000001,44.795,-0.901,41.225,-1.0710000000000002,41.293000000000006,0.1830956034425731,2.181423982691992,0.7353064482513193,2516.0,30,35.156000000000006
1259,-0.425,43.639,-0.391,41.803,-2.4650000000000003,43.333000000000006,2.577280737521623,2.146439581987082,15.506436958631545,2518.0,30,35.156000000000006
1260,-0.119,45.747,-1.649,47.039,-0.7310000000000001,40.477,6.625901297182143,2.547844105222501,12.42904642385091,2520.0,30,35.156000000000006
1261,0.527,44.625,-1.955,42.449000000000005,0.8670000000000001,46.495000000000005,4.932930163705949,2.469889161504929,11.187632119943244,2522.0,30,35.156000000000006
1262,-0.085,44.251000000000005,0.085,42.619,0.017,46.461000000000006,3.842601722791474,2.807396638473852,8.876103417363455,2524.0,30,35.156000000000006
1263,-0.357,45.611,-2.023,41.73500000000001,0.085,47.175,5.834146381434049,2.6040621534831803,16.083883765793118,2526.0,30,35.156000000000006
1264,-1.3430000000000002,46.359,-0.8670000000000001,40.987,2.363,47.175,6.9802753527350205,2.68609614834144,17.51119911476402,2528.0,30,35.156000000000006
1265,-0.459,44.693000000000005,-0.8670000000000001,39.661,-0.051,45.373000000000005,5.769991334482229,2.579023134379593,10.977315821978234,2530.0,30,35.156000000000006
1266,1.445,44.353,-2.057,42.177,3.2470000000000003,45.305,6.157661893933444,2.493517028334433,12.996846278240566,2532.0,30,35.156000000000006
1267,1.751,44.081,1.5810000000000002,44.523,2.669,45.237,1.3013608262123155,2.5577578551403417,10.711951280446652,2534.0,30,35.156000000000006
1268,0.8670000000000001,43.367,-2.057,42.959,1.173,44.625,3.634343957305087,2.7281965701057915,9.047323891345831,2536.0,30,35.156000000000006
1269,0.7310000000000001,44.965,0.119,42.517,1.649,42.313,1.5435400869429987,1.6166835181165324,1.689490204048543,2538.0,30,35.156000000000006
1270,1.3430000000000002,43.673,-0.187,44.829,0.425,44.591,0.6566490691381509,1.936600914517795,10.404241842669808,2540.0,30,35.156000000000006
1271,-0.6970000000000001,44.319,-2.023,46.461000000000006,-1.921,42.551,3.911330208509632,2.9526343138465942,5.640459774172413,2542.0,30,35.156000000000006
1272,-0.391,44.081,-0.017,45.917,1.037,43.911,2.2660432476014223,2.7596497116328167,5.777790511147712,2544.0,30,35.156000000000006
1273,-0.391,44.217000000000006,-2.907,42.653000000000006,-0.901,41.429,2.3499387226053368,2.836740822115934,21.52592036633149,2546.0,30,35.156000000000006
1274,-0.425,44.081,0.7310000000000001,43.061,0.561,44.047,1.000547849930227,2.615198691983503,1.4734852114785195,2548.0,30,35.156000000000006
1275,-0.527,43.843,0.017,42.313,-2.329,44.387,3.1313243204752848,2.411849160482563,5.094938359424268,2550.0,30,35.156000000000006
1276,-0.425,44.693000000000005,1.5810000000000002,42.245000000000005,2.431,42.993,1.1322561547635763,2.6793136358997005,16.47839149268336,2552.0,30,35.156000000000006
1277,1.241,44.285,-1.683,46.42700000000001,2.9410000000000003,46.053,4.6391003438166765,2.4753553699900763,13.28339103351409,2554.0,30,35.156000000000006
1278,0.425,45.339000000000006,-1.751,48.637,-0.561,47.855,1.4239466282132909,2.133511327188001,11.809903084926033,2556.0,30,35.156000000000006
1279,0.119,45.407,-1.5810000000000002,41.871,-1.5810000000000002,46.801,4.930000000000001,2.450428028225012,15.592175668011516,2558.0,30,35.156000000000006
1280,-1.139,44.285,-3.043,45.373000000000005,2.057,42.415000000000006,5.895741174780318,2.3547807531867644,15.68921416954079,2560.0,30,35.156000000000006
1281,-0.969,44.829,-1.377,48.161,-1.003,41.259,6.912125577562954,2.648350194844548,16.602376119746673,2562.0,30,35.156000000000006
1282,-1.479,45.509,-1.275,44.761,-0.459,42.109,2.7746999837820305,1.851886016072322,13.665176942374616,2564.0,30,35.156000000000006
1283,-0.799,45.033,0.323,47.651,0.5950000000000001,36.839000000000006,10.815420842482276,3.3812351692136926,19.45313469958405,2566.0,30,35.156000000000006
1284,0.017,42.449000000000005,0.8330000000000001,45.305,-0.493,36.737,8.67,2.7735953374908084,13.74718650732356,2568.0,30,35.156000000000006
1285,-0.187,41.259,-2.7030000000000003,46.529,-0.765,34.323,12.358894772591926,4.315961604980806,17.916685717994167,2570.0,30,35.156000000000006
1286,0.017,40.647000000000006,-1.0710000000000002,48.059000000000005,-0.425,33.609,14.464432792197558,4.165707057012603,16.736282138237755,2572.0,30,35.156000000000006
1287,-0.357,40.171,-1.173,47.855,-0.8670000000000001,39.287000000000006,8.573462544386604,3.806418816854733,15.354991270164344,2574.0,30,35.156000000000006
1288,-0.357,40.035,-0.153,37.553,-0.119,37.451,0.1075174404457249,2.342262485311517,2.840196092866881,2576.0,30,35.156000000000006
1289,-0.663,41.667,0.357,44.387,-0.493,38.539,5.909450397456603,1.593126418030821,7.649608221123591,2578.0,30,35.156000000000006
1290,-0.289,41.123000000000005,-2.499,46.529,0.527,38.335,8.734890497310198,2.2572063106796336,10.670059494850175,2580.0,30,35.156000000000006
1291,-0.221,40.375,-1.445,41.429,0.425,39.695,2.550226656593488,2.25717093235776,10.90809869081733,2582.0,30,35.156000000000006
1292,-0.323,41.123000000000005,-4.029,45.849,0.051,36.295,10.388710988375797,2.8905359648710625,12.99733382315429,2584.0,30,35.156000000000006
1293,-0.629,41.73500000000001,-3.519,45.883,0.255,36.499,10.11447141476014,3.353607875671878,14.76826890367199,2586.0,30,35.156000000000006
1294,-0.085,42.143,-3.043,47.515,0.629,38.845000000000006,9.415544806329583,3.3405206868916,17.504030866010595,2588.0,30,35.156000000000006
1295,-1.3090000000000002,42.721,-0.255,47.753,0.085,36.941,10.817344590979802,3.2352714988945093,14.388326237664552,2590.0,30,35.156000000000006
1296,-0.391,43.639,2.873,47.447,-0.6970000000000001,37.111,10.935163281817058,3.6872375570398304,15.830506222837665,2592.0,30,35.156000000000006
1297,-0.085,43.333000000000006,-3.825,46.461000000000006,-0.6970000000000001,37.247,9.730476863956875,3.69913401113814,18.49919652996629,2594.0,30,35.156000000000006
1298,0.017,43.707,-0.5950000000000001,45.951,0.187,35.615,10.365540024523565,4.269933087209872,17.517069557533986,2596.0,30,35.156000000000006
1299,0.459,42.381,-1.751,44.931,0.187,34.731,10.382477738960002,3.627718512582205,16.290140562541154,2598.0,30,35.156000000000006
1300,0.085,42.925,-3.0090000000000003,43.673,-0.119,34.867000000000004,9.268103150051797,3.701661282399345,18.43168424934789,2600.0,30,35.156000000000006
1301,-0.527,42.041,-1.207,48.841,0.459,34.833000000000006,14.10672251091656,3.5592029930360285,17.27881822897627,2602.0,30,35.156000000000006
1302,-0.289,42.721,0.6970000000000001,46.257000000000005,-0.935,37.859,8.555105376323544,2.8141183444787288,13.121165681358532,2604.0,30,35.156000000000006
1303,-1.275,43.843,-0.7310000000000001,47.481,-0.153,38.165000000000006,9.333913434353246,3.408817966977692,12.875778925766983,2606.0,30,35.156000000000006
1304,-0.6970000000000001,42.687000000000005,0.153,37.077000000000005,0.357,37.247,0.2655484889808263,2.520292748161634,0.4572923632529396,2608.0,30,35.156000000000006
1305,-0.527,42.109,0.561,37.247,0.561,42.823,5.5760000000000005,2.295781382455744,11.872223739147952,2610.0,30,35.156000000000006
1306,-0.901,42.789,-1.955,45.203,-0.459,44.897000000000006,1.5269747869562222,1.5989490572659943,8.466081463769632,2612.0,30,35.156000000000006
1307,0.323,43.639,-2.975,44.217000000000006,3.1790000000000003,43.945,6.16000811687777,2.02485579414058,8.305168419040855,2614.0,30,35.156000000000006
1308,-0.561,45.747,-3.0090000000000003,47.243,1.207,44.149,5.229482957233918,1.9431761722406016,13.535331917575366,2616.0,30,35.156000000000006
1309,-0.323,44.795,-3.0770000000000004,45.849,1.479,44.761,4.684109307008111,1.8296043300037856,7.955230320619972,2618.0,30,35.156000000000006
1310,-0.391,47.107000000000006,-3.519,46.971,2.397,45.407,6.119244397799454,2.202175722520901,8.831906611770997,2620.0,30,35.156000000000006
1311,-0.017,46.665000000000006,0.8330000000000001,47.175,1.819,43.231,4.065382146859013,2.4812272988784527,10.16695928146438,2622.0,30,35.156000000000006
1312,-0.153,45.373000000000005,-3.349,47.141000000000005,-3.655,43.707,3.447606706107877,2.4089457646639145,14.918887824523216,2624.0,30,35.156000000000006
1313,0.493,43.775000000000006,-0.8330000000000001,48.467000000000006,2.5330000000000004,42.585,6.7770111406135385,2.0004819129887124,9.658947410232722,2626.0,30,35.156000000000006
1314,-0.357,44.591,-2.635,44.727,2.431,46.461000000000006,5.354541250191281,1.3350552953548325,6.652908430218805,2628.0,30,35.156000000000006
1315,0.221,45.271,-2.7710000000000004,45.339000000000006,0.187,44.115,3.201240384600944,1.9664820825282197,9.704868090446428,2630.0,30,35.156000000000006
1316,0.527,45.98500000000001,-1.683,45.441,0.255,48.195,3.3675450999207124,1.9456270566244065,3.9809908235354334,2632.0,30,35.156000000000006
1317,1.241,45.475,-2.363,48.399,0.5950000000000001,43.197,5.984193178700033,2.3358306427310622,8.686741442532858,2634.0,30,35.156000000000006
1318,1.411,45.781000000000006,-1.819,46.325,2.397,42.551,5.658421334612685,2.2961134986391563,13.194399387914473,2636.0,30,35.156000000000006
1319,1.649,46.019000000000005,-3.5530000000000004,47.209,0.561,41.259,7.233774671635826,2.769263994339024,13.457902306633711,2638.0,30,35.156000000000006
1320,1.3090000000000002,45.98500000000001,-1.479,47.515,2.7710000000000004,43.639,5.752032336487687,1.5032745391696545,7.948351749244662,2640.0,30,35.156000000000006
1321,-1.3090000000000002,44.455000000000005,,,,,5.752032336487687,2.576782313106021,,2642.0,30,35.156000000000006
1322,-1.105,44.931,2.091,42.721,2.193,43.435,0.7212489168102786,2.27215302182657,11.434211421979922,2644.0,30,35.156000000000006
1323,-0.969,45.135000000000005,-2.805,47.753,-0.8330000000000001,45.781000000000006,2.7888291449997435,1.8690685693136504,3.380686272552482,2646.0,30,35.156000000000006
1324,-0.119,45.067,-3.043,45.815000000000005,2.4650000000000003,46.699000000000005,5.578487250142282,2.021846552078379,8.885764408842213,2648.0,30,35.156000000000006
1325,-0.085,44.795,-2.2950000000000004,41.973000000000006,3.4850000000000003,45.577000000000005,6.811550190668788,2.14204123739234,8.97623629334617,2650.0,30,35.156000000000006
1326,-1.207,43.945,-1.5810000000000002,45.203,1.105,42.755,3.634184915493432,1.7530331323326072,10.103289874117468,2652.0,30,35.156000000000006
1327,-0.119,43.877,-1.105,42.721,1.751,45.067,3.696004870126662,1.8129870105550865,8.006411610084468,2654.0,30,35.156000000000006
1328,0.459,42.925,-2.091,42.177,2.4650000000000003,42.925,4.616994693520884,1.4650548936308048,6.945293059233832,2656.0,30,35.156000000000006
1329,0.255,42.245000000000005,-1.649,41.803,-1.649,41.531000000000006,0.272,1.1750502356682824,0.2999346090388481,2658.0,30,35.156000000000006
1330,0.085,42.857000000000006,-1.887,45.169,2.5330000000000004,42.721,5.052633372806699,1.5768859845120289,8.417796721790245,2660.0,30,35.156000000000006
1331,-0.391,44.897000000000006,-1.411,42.279,2.363,43.231,3.892220445966544,1.615227824304838,7.843385585869745,2662.0,30,35.156000000000006
1332,-0.935,44.812000000000005,1.3430000000000002,44.693000000000005,1.5470000000000002,44.251000000000005,0.486805916151396,1.5713580550467534,2.32784162339667,2664.0,30,35.156000000000006
1333,-1.275,44.591,-3.689,43.707,-3.519,43.333000000000006,0.4108235631022154,1.7535947469323443,8.692180843831187,2666.0,30,35.156000000000006
1334,-1.479,44.727,0.629,47.515,1.003,47.583000000000006,0.3801315561749643,1.9814914433006623,12.451761160901285,2668.0,30,35.156000000000006
1335,-1.751,44.42100000000001,-3.723,46.155,1.003,46.087,4.726489183315668,1.6272050090113166,9.29719572109604,2670.0,30,35.156000000000006
1336,-1.785,44.965,-2.091,45.339000000000006,-1.513,45.101000000000006,0.625082394568908,1.9899645015600047,10.060539231274936,2672.0,30,35.156000000000006
1337,-1.003,44.625,-2.601,48.263000000000005,-1.445,42.755,5.628001421463929,2.3760773621777336,13.75391849390705,2674.0,30,35.156000000000006
1338,0.391,45.475,-3.213,46.393,2.363,44.319,5.949222806384041,2.4115863706548697,8.551816730213574,2676.0,30,35.156000000000006
1339,0.6970000000000001,45.033,-0.935,42.687000000000005,0.5950000000000001,42.449000000000005,1.5484004649960554,2.1232249398039627,14.08849685992896,2678.0,30,35.156000000000006
1340,-0.8670000000000001,45.271,1.5810000000000002,43.129000000000005,2.091,47.175,4.078016184372005,2.230356273509665,11.757254711296696,2680.0,30,35.156000000000006
1341,-0.5950000000000001,46.42700000000001,-2.363,47.685,0.663,44.625,4.303519025169983,1.7240488340252984,5.751744285839326,2682.0,30,35.156000000000006
1342,0.935,46.42700000000001,-0.085,42.721,0.119,42.313,0.4561578674099572,2.239425040966226,0.8099175267664892,2684.0,30,35.156000000000006
1343,-0.391,45.543000000000006,-1.717,48.399,-1.717,45.509,2.89,2.543527432165237,15.867901786205689,2686.0,30,35.156000000000006
1344,0.561,45.577000000000005,-1.411,48.875,-0.7310000000000001,41.599,7.307706616990039,2.695776632882129,11.291774799167476,2688.0,30,35.156000000000006
1345,-0.799,45.543000000000006,-2.9410000000000003,43.877,-1.207,41.361,3.05565246715002,2.76578245948198,14.851786416342108,2690.0,30,35.156000000000006
1346,-1.241,45.169,0.289,47.685,0.493,47.685,0.204,2.1763729597796564,5.832189764983431,2692.0,30,35.156000000000006
1347,-1.819,45.067,-1.037,44.693000000000005,-0.799,42.857000000000006,1.8513616610484296,1.8970116233507792,11.164471470655636,2694.0,30,35.156000000000006
1348,-1.6150000000000002,45.441,-2.2950000000000004,48.297,-1.411,41.871,6.486519251493825,2.6128156950165606,14.2548233925947,2696.0,30,35.156000000000006
1349,-1.785,45.203,-0.8670000000000001,48.331,2.363,43.265,6.008099200246281,2.4883662251016125,10.640733177724016,2698.0,30,35.156000000000006
1350,-2.023,45.98500000000001,0.6970000000000001,48.773,2.091,43.129000000000005,5.813602325580931,2.5145175578063554,13.18942170128797,2700.0,30,35.156000000000006
1351,-1.921,44.761,-1.649,47.855,1.921,43.673,5.498547444552971,2.174295310260766,10.110942033709131,2702.0,30,35.156000000000006
1352,-0.969,46.835,-4.165,45.373000000000005,2.397,43.843,6.7380074205954985,2.227565868607924,10.725953031755518,2704.0,30,35.156000000000006
1353,-0.357,46.937000000000005,0.289,44.727,1.241,47.515,2.946056347051088,2.2702148396822426,12.020039506982815,2706.0,30,35.156000000000006
1354,-0.459,46.019000000000005,-3.111,44.727,2.125,43.741,5.328028903825504,2.3686510181561498,9.602973475005282,2708.0,30,35.156000000000006
1355,-0.153,45.101000000000006,-2.601,47.209,2.329,47.209,4.930000000000001,2.0625041502761654,9.15358462698839,2710.0,30,35.156000000000006
1356,-1.241,45.169,-2.873,42.381,3.4170000000000003,44.251000000000005,6.562088082310387,2.321681789216963,11.603817855297905,2712.0,30,35.156000000000006
1357,-1.411,45.101000000000006,-3.723,46.495000000000005,3.213,44.285,7.279573888628373,2.4298043212983766,9.432939338389952,2714.0,30,35.156000000000006
1358,-0.493,46.42700000000001,-3.213,43.741,1.411,44.455000000000005,4.678800273574414,2.354146325710341,10.462646204227822,2716.0,30,35.156000000000006
1359,-0.119,47.277,2.567,44.217000000000006,2.7710000000000004,44.285,0.2150348808914498,2.664982521559548,18.37163981915081,2718.0,30,35.156000000000006
1360,-0.765,44.693000000000005,-1.5810000000000002,48.739,2.601,42.721,7.328400098247912,2.6314576981007565,14.592885833248,2720.0,30,35.156000000000006
1361,0.085,45.713,0.153,49.11300000000001,1.751,43.129000000000005,6.193695181392124,1.9251684492932648,11.367597930686832,2722.0,30,35.156000000000006
1362,0.6970000000000001,44.761,-0.935,48.025000000000006,1.785,42.959,5.750022260826475,2.006907811684874,13.178306131279175,2724.0,30,35.156000000000006
1363,1.411,43.809000000000005,-0.323,44.387,2.7710000000000004,44.353,3.09418680754734,1.5281371962549664,6.39716508500078,2726.0,30,35.156000000000006
1364,1.037,43.503,-1.3090000000000002,42.789,-0.663,43.129000000000005,0.7300109588218523,1.1922211417750073,7.679598922698591,2728.0,30,35.156000000000006
1365,-0.425,43.265,-1.513,44.217000000000006,-1.751,43.265,0.9812991388970032,1.0689442488126102,2.482112007036555,2730.0,30,35.156000000000006
1366,-0.7310000000000001,43.435,-3.2470000000000003,45.407,-1.3430000000000002,43.877,2.4425634075700065,1.5013975361640666,2.988234002448172,2732.0,30,35.156000000000006
1367,-0.935,43.401,-3.587,47.175,-3.349,47.005,0.2924790590794493,1.892708608315385,0.8981206646833956,2734.0,30,35.156000000000006
1368,-1.955,43.945,-0.629,45.815000000000005,-0.799,44.591,1.235749165486265,1.438196106184535,5.942220023052167,2736.0,30,35.156000000000006
1369,-2.125,44.795,0.221,47.481,-2.261,42.483,5.5803519602261655,1.689836705972734,7.783935475097688,2738.0,30,35.156000000000006
1370,-1.887,43.911,-3.825,46.223000000000006,-1.207,41.803,5.137151350700114,1.439314263899163,6.7616560843910944,2740.0,30,35.156000000000006
1371,-1.819,44.115,-1.445,43.673,1.275,43.843,2.725307322119838,1.7086501160608782,8.735947734867878,2742.0,30,35.156000000000006
1372,-1.717,44.659000000000006,-1.751,41.837,-0.901,41.293000000000006,1.0091759014165964,1.9486362222714575,1.1752953417802454,2744.0,30,35.156000000000006
1373,0.7310000000000001,43.673,-3.4850000000000003,43.367,3.0090000000000003,46.257000000000005,7.108033201948343,2.4575367964965187,9.263748064913452,2746.0,30,35.156000000000006
1374,-0.5950000000000001,44.353,-3.859,45.577000000000005,2.431,42.993,6.800084999468757,2.5262300078979845,14.5886487157573,2748.0,30,35.156000000000006
1375,-0.017,43.877,-1.139,42.143,-0.323,48.909000000000006,6.815028393191037,1.76539468861595,9.254357269557254,2750.0,30,35.156000000000006
1376,0.901,45.305,-0.969,46.461000000000006,1.717,43.163,4.253398641086914,2.1803699390943576,16.563793141136248,2752.0,30,35.156000000000006
1377,0.8670000000000001,45.203,-1.649,46.767,0.6970000000000001,42.075,5.245815475214507,2.4982489203795724,13.122836645139204,2754.0,30,35.156000000000006
1378,0.799,46.053,-2.057,48.43300000000001,-0.289,40.545,8.083710039332189,2.9878853000596584,12.566754266535272,2756.0,30,35.156000000000006
1379,0.5950000000000001,45.373000000000005,-0.425,48.093,-0.527,39.967000000000006,8.12664014214977,2.701379665256767,11.20002198765354,2758.0,30,35.156000000000006
1380,0.221,46.121,-1.853,46.461000000000006,-0.255,38.131,8.48189271330403,3.5343142386927804,16.313055480417894,2760.0,30,35.156000000000006
1381,0.051,44.86300000000001,-3.859,44.013000000000005,0.493,40.035,5.896133309212064,2.8378038852179106,14.256186971755346,2762.0,30,35.156000000000006
1382,-1.3090000000000002,44.965,-0.357,39.899,0.663,48.875,9.03376864879769,2.746299664575545,14.630060706203778,2764.0,30,35.156000000000006
1383,-1.683,44.285,-0.357,38.913,-0.7310000000000001,48.739,9.833115071024036,2.917718648485552,15.623757771713526,2766.0,30,35.156000000000006
1384,-1.3090000000000002,44.115,0.425,38.403000000000006,0.289,43.809000000000005,5.407710421241138,2.968706649506936,15.20410301106974,2768.0,30,35.156000000000006
1385,-0.119,43.639,,,,,5.407710421241138,2.1917386171055235,,2770.0,30,35.156000000000006
1386,0.901,42.789,-1.003,42.551,-0.629,48.943000000000005,6.402932140824234,2.371786950949943,11.960527331574072,2772.0,30,35.156000000000006
1387,0.221,43.741,-0.901,41.089000000000006,3.043,46.461000000000006,6.66434692974488,2.1324247933859217,8.91886841920438,2774.0,30,35.156000000000006
1388,1.513,44.081,0.5950000000000001,45.441,0.391,49.011,3.575823821163453,2.615210417697285,15.61233575848976,2776.0,30,35.156000000000006
1389,0.425,44.217000000000006,-3.349,44.013000000000005,-0.085,48.977,5.940958845169693,2.5452811561795645,12.840664663277355,2778.0,30,35.156000000000006
1390,1.139,44.761,-2.091,44.523,0.561,48.161,4.502015992863642,2.745520080622732,12.869842823782225,2780.0,30,35.156000000000006
1391,1.853,44.625,-1.3430000000000002,45.815000000000005,-0.663,47.345000000000006,1.674305826305338,2.928296745562021,17.90153017115887,2782.0,30,35.156000000000006
1392,1.649,44.727,-2.329,44.42100000000001,-1.751,43.639,0.9724237759331062,2.964809860118204,19.647722381997763,2784.0,30,35.156000000000006
1393,1.411,45.339000000000006,-1.887,45.305,2.193,43.061,4.656386581889437,2.626107340309951,10.226990851080489,2786.0,30,35.156000000000006
1394,0.017,44.727,-1.887,46.937000000000005,3.3830000000000005,44.353,5.869408488084638,2.11750066512937,9.29165360210154,2788.0,30,35.156000000000006
1395,-0.119,43.605,-1.445,45.98500000000001,-1.207,46.019000000000005,0.2404163056034262,2.091703464708172,12.285052108925518,2790.0,30,35.156000000000006
1396,-0.323,43.333000000000006,-3.825,44.353,-0.8330000000000001,40.987,4.503556372468319,2.065983181954026,7.790281378478583,2792.0,30,35.156000000000006
1397,0.187,43.197,0.085,41.73500000000001,0.425,41.055,0.7602631123499286,2.357211557613428,3.5761270764363675,2794.0,30,35.156000000000006
1398,0.425,43.265,-2.907,46.121,0.391,41.327000000000005,5.818869305973456,2.392910408101013,9.241255379906535,2796.0,30,35.156000000000006
1399,-1.649,44.965,-1.5470000000000002,45.747,2.2270000000000003,42.211000000000006,5.171689472503159,1.7758980753881213,7.92103581726925,2798.0,30,35.156000000000006
1400,-0.425,45.781000000000006,2.975,43.809000000000005,2.975,43.401,0.408,2.151033998902239,0.4355670869765926,2800.0,30,35.156000000000006
1401,0.051,46.631,3.0090000000000003,43.605,2.805,43.503,0.2280789337049786,2.2085524190563413,0.2857834376311029,2802.0,30,35.156000000000006
1402,-0.017,46.495000000000005,2.329,44.251000000000005,3.043,46.971,2.812151489518301,2.248152138137896,3.236926030818648,2804.0,30,35.156000000000006
1403,-0.8670000000000001,47.039,-1.6150000000000002,44.931,1.989,48.161,4.839598743697663,1.867542363867218,7.304131798504318,2806.0,30,35.156000000000006
1404,-1.0710000000000002,46.155,-0.255,47.243,0.187,43.231,4.036274024394281,2.397786542566297,9.263686859756334,2808.0,30,35.156000000000006
1405,0.153,46.971,-1.377,48.909000000000006,2.499,47.719,4.054562368493054,3.163208838751338,7.400378765655523,2810.0,30,35.156000000000006
1406,0.085,47.141000000000005,-3.043,46.86900000000001,2.805,46.563,5.856000341530045,3.145965792590549,8.190892125900026,2812.0,30,35.156000000000006
1407,-0.221,46.597,-3.349,45.305,3.0770000000000004,45.033,6.431754037585704,3.0226322932567404,9.477150823772329,2814.0,30,35.156000000000006
1408,-0.119,45.135000000000005,-2.805,43.503,2.805,44.183,5.651061847122185,2.3786128822807693,10.339315863405965,2816.0,30,35.156000000000006
1409,-0.969,45.373000000000005,,,,,5.651061847122185,2.8812846065278275,,2818.0,30,35.156000000000006
1410,-0.629,45.645,1.751,43.061,2.4650000000000003,43.129000000000005,0.7172307857307857,2.3024475345365776,13.16183639474101,2820.0,30,35.156000000000006
1411,-1.5810000000000002,44.999,2.1590000000000003,42.279,2.8390000000000004,45.917,3.701005809236187,2.669513737544108,12.942408745339682,2822.0,30,35.156000000000006
1412,-1.649,44.659000000000006,-1.989,48.467000000000006,2.567,42.245000000000005,7.71170668529347,2.612590695754058,14.55788665496003,2824.0,30,35.156000000000006
1413,-1.445,44.455000000000005,-0.901,48.739,1.173,42.347,6.72005505929825,2.154491411786554,11.538023205189162,2826.0,30,35.156000000000006
1414,-0.459,44.795,1.037,45.509,2.431,43.333000000000006,2.5842236745297416,1.7976349154254394,8.152182681208275,2828.0,30,35.156000000000006
1415,-1.3090000000000002,45.067,-1.921,48.501000000000005,-2.091,48.331,0.2404163056034262,2.6141007112205847,2.297264747265021,2830.0,30,35.156000000000006
1416,-1.3430000000000002,44.523,-1.411,48.535,1.955,42.143,7.224099943937654,2.6163201280774238,12.83757063648639,2832.0,30,35.156000000000006
1417,0.255,45.98500000000001,-1.377,48.705000000000005,-0.289,41.803,6.987227490213841,2.59735273239175,11.889529740414169,2834.0,30,35.156000000000006
1418,0.969,46.495000000000005,-2.737,47.481,2.5330000000000004,44.591,6.010407640085655,3.119413123573285,9.032071639946125,2836.0,30,35.156000000000006
1419,-0.187,46.359,-3.995,45.237,-0.629,41.123000000000005,5.315538730928409,3.299053450528454,19.01354243100324,2838.0,30,35.156000000000006
1420,0.357,45.917,-3.927000000000001,45.883,2.4650000000000003,43.401,6.856966384633951,2.745436471785098,12.153950368396284,2840.0,30,35.156000000000006
1421,-0.8330000000000001,47.311,-3.0090000000000003,43.061,2.397,42.925,5.407710421241138,3.067017249343564,15.46878306534015,2842.0,30,35.156000000000006
1422,0.391,46.665000000000006,-3.655,43.469,-3.519,46.393,2.9271610820042,3.1541701358760643,17.997569253123025,2844.0,30,35.156000000000006
1423,0.255,44.625,-2.7030000000000003,43.129000000000005,0.153,48.807,6.355817807332114,2.524047946688353,16.08173909924915,2846.0,30,35.156000000000006
1424,1.4620000000000002,45.42400000000001,-3.213,45.373000000000005,3.111,45.135000000000005,6.328476909968149,2.933516748161661,10.605423195153344,2848.0,30,35.156000000000006
1425,1.513,45.645,-3.281,43.333000000000006,2.873,43.537000000000006,6.157380287102624,3.1320079318803704,7.595184626065395,2850.0,30,35.156000000000006
1426,0.901,45.169,-0.119,40.987,0.935,42.109,1.539415473483361,3.015010740961953,21.244149985931013,2852.0,30,35.156000000000006
1427,0.663,45.781000000000006,-0.935,39.695,-0.119,41.089000000000006,1.6152683987498797,3.4075346465076124,22.658682229570992,2854.0,30,35.156000000000006
1428,0.7310000000000001,44.455000000000005,-0.527,46.733,-0.153,45.067,1.707463616010602,1.898011698976912,12.911885537449557,2856.0,30,35.156000000000006
1429,0.527,45.373000000000005,1.819,48.229000000000006,1.853,47.175,1.054548244510416,2.313871983644233,1.2073515000218966,2858.0,30,35.156000000000006
1430,-0.085,45.747,,,,,1.054548244510416,2.5790828476858345,,2860.0,30,35.156000000000006
1431,0.357,45.713,-1.513,48.535,-3.961,45.611,3.8134603708443073,2.9448759927840795,7.462470493175116,2862.0,30,35.156000000000006
1432,0.204,45.883,0.969,48.603,-1.785,43.129000000000005,6.127739550601021,2.889072386734966,15.65078077434874,2864.0,30,35.156000000000006
1433,0.187,45.611,-2.567,44.897000000000006,-2.125,44.829,0.4472001788908408,1.9136627650175544,11.15843103306731,2866.0,30,35.156000000000006
1434,-0.051,44.965,-3.587,43.469,-2.8390000000000004,46.903000000000006,3.514521304530676,2.280120046985378,10.169335630719912,2868.0,30,35.156000000000006
1435,0.153,44.693000000000005,-3.451,43.401,-2.873,47.855,4.491347236631788,2.572595605137507,11.84224224892898,2870.0,30,35.156000000000006
1436,0.561,44.897000000000006,-3.1790000000000003,43.401,-2.057,48.603,5.321624563984198,2.664894111815089,11.905475485503512,2872.0,30,35.156000000000006
1437,1.207,45.305,2.431,47.209,1.513,47.107000000000006,0.9236492840900166,2.452532594208964,1.9936384044329447,2874.0,30,35.156000000000006
1438,0.799,45.407,-4.029,45.849,-3.723,46.597,0.8081707740323205,2.363950967071433,14.63068853356548,2876.0,30,35.156000000000006
1439,1.0710000000000002,45.067,-1.275,41.837,-2.8390000000000004,47.889,6.25082394568908,2.3085467321718047,10.139078106481277,2878.0,30,35.156000000000006
1440,1.275,44.285,-1.5470000000000002,43.027,-1.853,45.339000000000006,2.3321620869913824,2.076317775312417,5.913232340110182,2880.0,30,35.156000000000006
1441,1.0710000000000002,44.353,-1.853,44.42100000000001,1.105,43.911,3.001643549790681,2.2192260542555218,3.8695304491053535,2882.0,30,35.156000000000006
1442,0.969,44.387,-3.825,46.053,1.5470000000000002,47.345000000000006,5.525183073889951,2.3804777663735552,11.716439650326029,2884.0,30,35.156000000000006
1443,0.425,45.067,2.499,47.209,1.241,44.489,2.996825653921162,2.282896116747525,5.964549459857797,2886.0,30,35.156000000000006
1444,0.935,44.319,-0.6970000000000001,46.937000000000005,1.479,45.611,2.548186021467036,1.827451172443477,8.660116189107342,2888.0,30,35.156000000000006
1445,0.459,44.897000000000006,0.799,48.127,0.935,48.059000000000005,0.1520526224699857,2.0074811136128834,12.99658257533262,2890.0,30,35.156000000000006
1446,0.901,45.407,-0.8330000000000001,47.719,-0.323,43.469,4.280490626084819,1.886959814902485,5.623613834782001,2892.0,30,35.156000000000006
1447,0.323,45.237,2.397,44.115,2.8390000000000004,44.42100000000001,0.5375872022286245,1.9678835066377172,10.964169885797652,2894.0,30,35.156000000000006
1448,0.323,45.203,-0.8330000000000001,48.467000000000006,2.397,47.379000000000005,3.408319820674111,2.1658602042570814,14.511321601693952,2896.0,30,35.156000000000006
1449,0.663,44.217000000000006,-1.785,47.617,2.431,42.959,6.28264434772493,2.1623319340140967,8.475056666661912,2898.0,30,35.156000000000006
1450,0.051,44.353,-2.431,43.877,2.363,43.231,4.837329015066063,2.287602307058476,7.78684598788643,2900.0,30,35.156000000000006
1451,0.323,45.237,-2.431,42.381,3.3150000000000004,43.741,5.904753678181674,2.4770990164457456,8.965895911787584,2902.0,30,35.156000000000006
1452,0.391,45.305,0.663,48.365,0.7310000000000001,48.263000000000005,0.1225887433657756,2.041836994929886,14.926063187142333,2904.0,30,35.156000000000006
1453,0.901,45.101000000000006,0.8330000000000001,48.875,3.587,45.611,4.270621968753498,2.307776337007789,12.75294135969708,2906.0,30,35.156000000000006
1454,1.003,44.86300000000001,0.629,46.733,0.527,42.687000000000005,4.047285510067211,1.9933072104339256,11.809550639318909,2908.0,30,35.156000000000006
1455,0.663,44.659000000000006,0.5950000000000001,41.123000000000005,-0.017,41.361,0.6566490691381509,2.3324920383805874,2.4960267985600164,2910.0,30,35.156000000000006
1456,0.969,44.319,-1.5470000000000002,41.73500000000001,2.635,44.829,5.202111109924509,2.5467363737312194,8.082784757499956,2912.0,30,35.156000000000006
1457,-1.411,45.067,0.6970000000000001,47.821000000000005,0.935,47.617,0.3134645115479582,1.9839328368414328,14.088189032903754,2914.0,30,35.156000000000006
1458,-0.969,42.755,0.765,44.183,0.8670000000000001,46.529,2.3482163443771533,2.429768240816731,12.167213841593508,2916.0,30,35.156000000000006
1459,-0.017,44.285,2.873,43.367,-0.323,48.807,6.30935939695941,2.1730889844338392,10.812653740809086,2918.0,30,35.156000000000006
1460,0.7310000000000001,45.577000000000005,3.1790000000000003,43.095000000000006,-1.921,48.603,7.506534753133432,2.012724293003396,8.722274945773542,2920.0,30,35.156000000000006
1461,0.5950000000000001,44.727,1.649,46.393,-1.717,48.399,3.9184170273211096,2.0548401078954632,9.032312920517464,2922.0,30,35.156000000000006
1462,1.139,45.577000000000005,-0.425,42.993,-2.125,44.353,2.1770622407271687,2.0074069640094336,9.169474479101604,2924.0,30,35.156000000000006
1463,0.935,45.883,-3.043,43.571000000000005,-3.859,43.809000000000005,0.8500000000000001,2.4238647878431534,11.61415640578814,2926.0,30,35.156000000000006
1464,0.527,45.101000000000006,-3.349,46.495000000000005,0.527,48.739,4.478717673620431,2.2641725119028404,14.063870492017768,2928.0,30,35.156000000000006
1465,0.5950000000000001,44.897000000000006,-1.139,41.327000000000005,-0.527,48.263000000000005,6.962947651677413,2.320348127525917,11.721583283384872,2930.0,30,35.156000000000006
1466,0.323,44.489,-1.037,41.259,0.629,48.331,7.265586005271702,2.0379634778361218,11.13392895715435,2932.0,30,35.156000000000006
1467,0.187,44.455000000000005,-2.669,46.019000000000005,1.989,43.129000000000005,5.481702655197562,2.139077280251056,9.229964532498718,2934.0,30,35.156000000000006
1468,1.5470000000000002,45.237,-4.029,45.067,2.193,42.721,6.649586453306702,2.373534521874751,10.710453989288697,2936.0,30,35.156000000000006
1469,1.649,44.812000000000005,-0.357,46.189,2.431,47.379000000000005,3.031343596493146,1.4006612949915431,6.284519277972724,2938.0,30,35.156000000000006
1470,0.799,44.897000000000006,-1.3090000000000002,44.523,2.737,47.413,4.972144004350639,1.741395624351193,6.043357915475747,2940.0,30,35.156000000000006
1471,-0.425,44.251000000000005,-1.3430000000000002,48.535,2.397,44.319,5.635801273998224,2.1389388093984048,9.443984386560809,2942.0,30,35.156000000000006
1472,-0.561,42.789,-2.873,48.059000000000005,3.3830000000000005,44.897000000000006,7.009691861986518,2.7485844547302323,15.629034457160891,2944.0,30,35.156000000000006
1473,-0.935,43.571000000000005,-3.519,46.835,-0.255,42.551,5.385754543237187,2.9582989428757465,11.357062702604743,2946.0,30,35.156000000000006
1474,-0.187,42.007000000000005,-2.7710000000000004,47.311,3.1790000000000003,45.849,6.126984902870253,3.2827020181568707,17.071234436345836,2948.0,30,35.156000000000006
1475,-0.6970000000000001,43.469,1.207,47.685,3.3830000000000005,46.291,2.5842236745297416,2.6900824457209223,17.526751844934665,2950.0,30,35.156000000000006
1476,-1.0710000000000002,44.795,2.2950000000000004,47.719,3.587,44.353,3.605443107303179,2.615111676909185,14.273866474469544,2952.0,30,35.156000000000006
1477,-0.8330000000000001,46.359,-3.859,44.86300000000001,-1.377,41.463,4.209551520055314,2.1049392082222265,11.998243126069736,2954.0,30,35.156000000000006
1478,-2.091,45.815000000000005,-1.173,44.693000000000005,2.499,47.855,4.845805196249639,2.418537406774997,15.228081923310134,2956.0,30,35.156000000000006
1479,-2.635,45.067,-0.969,43.061,2.4650000000000003,47.821000000000005,5.869408488084638,2.625883499198305,13.541360699846816,2958.0,30,35.156000000000006
1480,-1.955,44.931,0.289,40.885000000000005,2.635,47.311,6.840847315939744,2.6826482230922046,15.00614797200875,2960.0,30,35.156000000000006
1481,-1.275,44.795,0.663,40.817,0.7310000000000001,48.841,8.024288130420045,2.663731201384043,16.553119542016645,2962.0,30,35.156000000000006
1482,-0.561,44.795,0.629,40.579,2.329,47.99100000000001,7.604455536065683,2.774771096929161,15.209918005301205,2964.0,30,35.156000000000006
1483,0.357,43.571000000000005,,,,,7.604455536065683,2.512630184478618,,2966.0,30,35.156000000000006
1484,-1.003,44.081,0.391,39.355,0.323,47.481,8.126284513847642,2.9779829626469745,14.265154932048302,2968.0,30,35.156000000000006
1485,-0.017,44.217000000000006,-0.391,39.695,-0.357,40.035,0.3416957711181103,2.118451630750147,0.4776094638752983,2970.0,30,35.156000000000006
1486,0.051,44.251000000000005,-3.689,43.537000000000006,3.2470000000000003,45.781000000000006,7.289967901163901,2.092016291819612,9.693427869667191,2972.0,30,35.156000000000006
1487,0.8330000000000001,43.29900000000001,0.459,48.977,-1.0710000000000002,41.259,7.868190643343615,2.719563057064997,12.08481609840186,2974.0,30,35.156000000000006
1488,0.289,43.163,-0.051,47.855,1.411,42.313,5.731597334077125,2.7725370181913496,14.243248886392657,2976.0,30,35.156000000000006
1489,0.493,43.469,-0.255,49.011,-0.323,40.001000000000005,9.010256600119666,2.8187086891704087,14.736282840869274,2978.0,30,35.156000000000006
1490,0.561,45.101000000000006,2.397,47.413,-0.391,41.191,6.818080961678294,1.822829908036971,7.359272764771975,2980.0,30,35.156000000000006
1491,-1.275,45.849,-3.451,45.781000000000006,3.043,46.903000000000006,6.590213957073018,2.262098483278734,17.55558882427329,2982.0,30,35.156000000000006
1492,0.629,46.42700000000001,-1.5810000000000002,47.107000000000006,0.289,40.103,7.249339004350674,2.6792796862092785,15.514907033571546,2984.0,30,35.156000000000006
1493,0.051,44.931,0.017,47.209,0.5950000000000001,37.009,10.216363540908285,3.369195485348365,12.60616218859415,2986.0,30,35.156000000000006
1494,0.153,42.211000000000006,-0.5950000000000001,43.979000000000006,0.391,32.181000000000004,11.839130035606502,4.041978309418717,16.110706091655768,2988.0,30,35.156000000000006
1495,-0.221,40.511,-3.587,43.469,-0.119,31.365,12.591022198376113,4.6178020420228005,16.169440879780055,2990.0,30,35.156000000000006
1496,-0.493,40.137,-3.723,43.571000000000005,0.289,30.515,13.658524078391489,4.350183537962926,15.40855903109516,2992.0,30,35.156000000000006
1497,-0.289,40.069,-1.785,42.007000000000005,-0.629,32.963,9.117580380780858,3.50698559465727,11.832247740122767,2994.0,30,35.156000000000006
1498,-0.119,41.531000000000006,0.017,44.081,-0.153,36.227,7.855839611397371,2.912955238623179,16.418860367613114,2996.0,30,35.156000000000006
1499,0.255,41.361,-3.3830000000000005,43.707,-0.629,33.099000000000004,10.959661491122798,4.127824746968866,18.42426505250901,2998.0,30,35.156000000000006
1500,-0.119,41.531000000000006,0.357,44.86300000000001,-0.017,30.481,14.38686206231227,4.933887125580132,15.856706931275566,3000.0,30,35.156000000000006
1501,0.289,41.429,-3.519,43.367,0.051,33.201,10.774620921406006,3.7886605658923487,14.548971292793324,3002.0,30,35.156000000000006
1502,-0.629,42.347,-1.3430000000000002,44.523,0.663,32.113,12.571083326428155,4.614817396439173,18.09367740999148,3004.0,30,35.156000000000006
1503,-0.391,39.593,-2.8390000000000004,43.29900000000001,0.119,27.353,16.21803563937384,5.21077695622142,19.04116971021173,3006.0,30,35.156000000000006
1504,-0.153,41.531000000000006,-1.139,44.625,0.493,32.079,12.651701071397476,4.755707034010912,15.967294529499272,3008.0,30,35.156000000000006
1505,0.289,40.205000000000005,-1.037,43.503,0.5950000000000001,38.301,5.451993030076249,3.650404283722856,16.453219631853738,3010.0,30,35.156000000000006
1506,-0.085,40.851000000000006,-1.0710000000000002,44.285,-1.105,44.081,0.2068139260301394,2.455235513683089,0.2179997407214764,3012.0,30,35.156000000000006
1507,-0.255,41.565000000000005,-3.961,44.489,0.629,37.111,8.689245306699542,2.365964692080297,11.928410327981316,3014.0,30,35.156000000000006
1508,0.629,43.027,-1.445,43.197,0.459,34.629000000000005,8.77700632334283,3.3950800675876063,14.178375784360336,3016.0,30,35.156000000000006
1509,0.663,43.911,0.527,42.483,0.629,34.935,7.548689157727983,4.209750152077058,8.2953092507461,3018.0,30,35.156000000000006
1510,0.561,43.367,-0.527,42.959,1.6150000000000002,43.775000000000006,2.292164915532912,3.15942752958956,9.548576818512643,3020.0,30,35.156000000000006
1511,0.561,43.877,-0.357,40.919,2.7710000000000004,43.605,4.122981930593439,2.28097789499204,11.721183172153893,3022.0,30,35.156000000000006
1512,0.289,45.101000000000006,-2.091,42.007000000000005,3.349,44.931,6.17603238333479,2.1255624517707754,10.68053238988292,3024.0,30,35.156000000000006
1513,-0.153,47.379000000000005,-0.901,37.927,2.329,47.209,9.8279409847638,3.5871137327560314,15.630901459378292,3026.0,30,35.156000000000006
1514,-0.5950000000000001,45.203,0.357,38.029,2.2270000000000003,47.889,10.035761057338902,3.7126699859445034,15.661654319081835,3028.0,30,35.156000000000006
1515,-1.0710000000000002,46.597,-0.153,40.171,1.887,48.229000000000006,8.31221775460677,3.23556805539519,12.544430741082635,3030.0,30,35.156000000000006
1516,-1.003,45.917,-0.187,38.981,-0.017,39.525000000000006,0.5699438568841673,3.070452657203885,2.417889358966406,3032.0,30,35.156000000000006
1517,-1.054,45.441,0.391,36.057,-0.153,47.957,11.9124277962135,4.378070189906922,15.968960947169313,3034.0,30,35.156000000000006
1518,-1.377,45.203,-0.527,37.825,-0.7310000000000001,49.011,11.187860027726485,3.3278850679622143,13.472231911286974,3036.0,30,35.156000000000006
1519,-0.391,44.795,-0.5950000000000001,38.233,1.037,45.305,7.257865250884726,3.0807734352308174,17.027354884678456,3038.0,30,35.156000000000006
1520,-1.479,45.407,0.629,34.119,-3.213,47.413,13.83804176897873,4.98221359497962,14.952769653073933,3040.0,30,35.156000000000006
1521,-1.0710000000000002,44.285,-0.8670000000000001,37.655,-1.683,45.883,8.268363804284377,3.972701637891372,13.880370137072005,3042.0,30,35.156000000000006
1522,-0.7310000000000001,43.435,-0.935,40.987,-0.187,48.263000000000005,7.314347544381523,3.7957798770406233,18.59478798100052,3044.0,30,35.156000000000006
1523,-1.3430000000000002,43.979000000000006,0.969,41.531000000000006,0.969,45.883,4.352,1.8639862652544985,11.956065798737326,3046.0,30,35.156000000000006
1524,-0.425,42.993,-3.451,43.29900000000001,1.6150000000000002,42.483,5.131297301852622,2.6778871639715778,7.517861134816687,3048.0,30,35.156000000000006
1525,-0.221,42.857000000000006,-2.2950000000000004,42.755,0.187,41.055,3.008375641438416,2.9794406093985293,9.52634232602466,3050.0,30,35.156000000000006
1526,-0.357,42.721,,,,,3.008375641438416,2.005792082397622,,3052.0,30,35.156000000000006
1527,-0.493,44.455000000000005,-3.111,47.651,-1.275,43.503,4.536165781802954,2.659115134091236,14.937513919533968,3054.0,30,35.156000000000006
1528,0.323,44.523,-1.173,42.755,3.3830000000000005,45.543000000000006,5.341355633170291,2.655145004850523,17.600298748962125,3056.0,30,35.156000000000006
1529,-0.119,44.591,-0.289,41.497,1.037,43.843,2.694808341979073,2.4340746003416065,12.20872165784748,3058.0,30,35.156000000000006
1530,0.051,44.761,0.085,43.741,1.0710000000000002,46.461000000000006,2.8931982303326538,1.7984470866653104,7.785968126527925,3060.0,30,35.156000000000006
1531,-0.5950000000000001,46.121,-3.757,46.529,3.043,42.925,7.696025987482111,2.6597687495188724,15.077144777554183,3062.0,30,35.156000000000006
1532,-1.275,46.461000000000006,-3.2470000000000003,44.693000000000005,1.819,41.939,5.766183486501276,3.152373965633021,16.283329609690394,3064.0,30,35.156000000000006
1533,-2.091,46.495000000000005,3.2470000000000003,43.401,2.873,43.129000000000005,0.4624499972970051,2.751228529728325,0.5452803378289727,3066.0,30,35.156000000000006
1534,-2.363,45.917,3.519,44.455000000000005,-1.853,43.843,5.406748375872509,2.661874661476918,13.280524981137466,3068.0,30,35.156000000000006
1535,-2.2270000000000003,45.951,-0.901,46.563,3.0770000000000004,43.163,5.233018631726817,2.945035594425492,16.56537767253353,3070.0,30,35.156000000000006
1536,-2.023,45.951,0.187,45.101000000000006,2.975,43.435,3.247845439672276,3.039587082668106,17.10696702521269,3072.0,30,35.156000000000006
1537,-1.241,45.475,-0.051,43.775000000000006,2.091,41.871,2.8658995097525666,2.649546081121106,15.6020713241802,3074.0,30,35.156000000000006
1538,-1.785,45.169,-2.499,43.197,2.397,47.379000000000005,6.438939353651345,2.2772561632454758,8.991107428866497,3076.0,30,35.156000000000006
1539,-1.105,45.203,-0.799,47.379000000000005,-0.289,42.517,4.888675076132592,1.8517193216714631,7.881711850283418,3078.0,30,35.156000000000006
1540,-0.8330000000000001,45.135000000000005,-0.629,41.361,3.213,45.679,5.779799996539674,2.207750353024384,9.570311210811877,3080.0,30,35.156000000000006
1541,-0.799,44.761,,,,,5.779799996539674,2.533853640621289,,3082.0,30,35.156000000000006
1542,-0.425,44.251000000000005,-3.825,43.707,-1.3090000000000002,48.909000000000006,5.778499805312794,2.5268544580767087,10.960496256962989,3084.0,30,35.156000000000006
1543,0.221,44.353,,,,,5.778499805312794,2.5989430234352007,,3086.0,30,35.156000000000006
1544,1.037,44.285,-1.921,48.501000000000005,2.091,42.687000000000005,7.063904019732997,2.7735959239184,14.260793049169036,3088.0,30,35.156000000000006
1545,0.901,43.741,-2.125,48.263000000000005,-0.459,41.021,7.431158725259475,2.5928015634115837,13.51100129089254,3090.0,30,35.156000000000006
1546,-0.663,44.183,-0.051,47.685,-0.561,42.619,5.091606426266665,3.056668026740176,17.746225425011048,3092.0,30,35.156000000000006
1547,-1.037,44.795,,,,,5.091606426266665,2.432756319130767,,3094.0,30,35.156000000000006
1548,-1.717,42.993,-0.765,48.467000000000006,-3.859,43.809000000000005,5.5919406291555,3.2093270575130104,7.27346029127439,3096.0,30,35.156000000000006
1549,-1.785,42.823,-0.187,48.943000000000005,1.785,42.007000000000005,7.210886214606358,2.992131168020281,14.406351859702315,3098.0,30,35.156000000000006
1550,-1.445,43.639,2.2270000000000003,47.957,1.5470000000000002,43.741,4.270486623325263,2.926850823056957,15.20069639283478,3100.0,30,35.156000000000006
1551,0.459,43.163,-0.085,48.025000000000006,-2.873,42.755,5.96203354569563,2.628431130494188,12.352202586457908,3102.0,30,35.156000000000006
1552,-0.255,43.605,-1.683,48.739,0.255,42.211000000000006,6.8095982260336045,2.955948950833559,16.26313143248055,3104.0,30,35.156000000000006
1553,0.459,44.353,-4.063000000000001,44.183,0.323,46.631,5.022917478916013,2.899200901839928,13.289866483076375,3106.0,30,35.156000000000006
1554,-0.391,44.455000000000005,-2.5330000000000004,43.469,-1.0710000000000002,48.943000000000005,5.665873277792224,2.164642379470333,11.05589459184598,3108.0,30,35.156000000000006
1555,-0.765,44.625,-2.091,45.067,-1.887,45.271,0.2884995667241113,1.6680496057146474,1.3792335522302723,3110.0,30,35.156000000000006
1556,1.6150000000000002,44.829,-0.969,40.817,1.649,48.467000000000006,8.085568872998362,2.3338705939984967,15.289717471281856,3112.0,30,35.156000000000006
1557,1.377,44.489,1.445,41.871,3.349,45.917,4.4716140262773125,2.001215262163325,11.190947713438444,3114.0,30,35.156000000000006
1558,1.0710000000000002,44.319,-3.655,43.843,1.717,44.489,5.410702357365446,1.6663501548469497,6.81067513886299,3116.0,30,35.156000000000006
1559,0.153,44.319,3.043,44.115,2.873,44.489,0.4108235631022154,1.9465520724793848,0.730271181053367,3118.0,30,35.156000000000006
1560,0.153,44.727,-2.8390000000000004,47.583000000000006,1.003,47.107000000000006,3.871374432937223,2.09796295859809,11.286801681540988,3120.0,30,35.156000000000006
1561,0.425,46.189,-1.207,48.331,-0.5950000000000001,41.463,6.895213412215753,2.2168605146749303,11.099096201683466,3122.0,30,35.156000000000006
1562,0.017,45.611,1.683,47.277,0.255,39.967000000000006,7.448173198845474,2.4171161648469592,10.974736415254126,3124.0,30,35.156000000000006
1563,-0.629,46.563,-0.187,48.841,0.561,38.165000000000006,10.702171742221298,3.745969689985543,13.672207623661423,3126.0,30,35.156000000000006
1564,-0.8670000000000001,46.325,-0.493,45.917,-0.799,39.593,6.331398897558106,3.0269411816896987,11.741844750875876,3128.0,30,35.156000000000006
1565,-0.663,46.461000000000006,0.391,47.923,-0.969,40.817,7.234973116743421,3.3613045003128543,13.138595034543242,3130.0,30,35.156000000000006
1566,-0.6970000000000001,46.42700000000001,0.289,48.297,0.459,39.083000000000006,9.21556813224231,3.453127941226736,13.218553155342894,3132.0,30,35.156000000000006
1567,0.255,44.523,-0.765,48.773,-0.663,34.663000000000004,14.110368669882442,4.2362960882244725,15.95537975613506,3134.0,30,35.156000000000006
1568,0.085,45.237,0.459,46.257000000000005,2.363,42.211000000000006,4.4716140262773125,3.0003487988238327,15.921569220716382,3136.0,30,35.156000000000006
1569,-0.629,45.815000000000005,-0.017,45.917,2.125,42.245000000000005,4.251087860771641,2.802046490956269,11.549049847747032,3138.0,30,35.156000000000006
1570,-0.969,45.98500000000001,-1.3090000000000002,44.761,2.125,47.651,4.488257568366593,2.0981320630397784,10.778937321688732,3140.0,30,35.156000000000006
1571,0.289,45.101000000000006,-0.391,41.123000000000005,1.3090000000000002,47.107000000000006,6.220792232505438,2.348838961048369,9.091255622750085,3142.0,30,35.156000000000006
1572,-0.527,44.557,-2.499,46.053,0.527,42.415000000000006,4.731989010976252,2.4597380338707846,9.774591747989714,3144.0,30,35.156000000000006
1573,0.5950000000000001,45.203,-3.995,45.951,2.397,42.347,7.338016080658314,2.366673452178081,9.391530132295347,3146.0,30,35.156000000000006
1574,0.969,44.86300000000001,,,,,7.338016080658314,2.6707834226438414,,3148.0,30,35.156000000000006
1575,-0.8670000000000001,43.877,-2.431,42.687000000000005,1.3430000000000002,43.605,3.8840442839905935,1.661419185580637,7.921967901591577,3150.0,30,35.156000000000006
1576,0.391,44.149,-1.6150000000000002,48.195,-1.5810000000000002,41.463,6.732085858038355,2.5993292761659013,7.5174993167574575,3152.0,30,35.156000000000006
1577,0.459,43.639,-2.7710000000000004,48.127,2.7710000000000004,42.653000000000006,7.789636705264246,2.557479774540216,17.908064432618403,3154.0,30,35.156000000000006
1578,0.799,43.945,-3.0770000000000004,46.801,-1.3090000000000002,42.585,4.571704277400278,2.5644240769362043,12.159163073668273,3156.0,30,35.156000000000006
1579,-0.799,42.619,-2.5330000000000004,43.265,1.955,47.209,5.974720077124953,2.345898903286644,14.653265698566637,3158.0,30,35.156000000000006
1580,-0.493,43.707,-3.4850000000000003,47.209,1.003,43.741,5.671787019978801,2.070205109931637,15.536720815074494,3160.0,30,35.156000000000006
1581,-0.459,43.775000000000006,-1.207,44.625,1.3430000000000002,48.603,4.725143807335392,2.5874289431452118,17.30317451787203,3162.0,30,35.156000000000006
1582,-0.629,43.809000000000005,-2.2270000000000003,47.753,2.363,44.591,5.573719045664215,2.4257352434291155,18.933722550002187,3164.0,30,35.156000000000006
1583,-0.527,43.945,-0.289,48.875,-0.8670000000000001,44.523,4.390215028902343,2.759764438760957,17.581324217061734,3166.0,30,35.156000000000006
1584,0.935,43.571000000000005,2.805,45.543000000000006,1.411,44.081,2.020069305741761,2.163536734755568,4.673654978973642,3168.0,30,35.156000000000006
1585,0.663,45.577000000000005,2.805,47.175,2.907,46.019000000000005,1.1604912752795689,1.456090420529954,2.204161212111511,3170.0,30,35.156000000000006
1586,0.6970000000000001,46.393,0.323,47.583000000000006,2.669,44.217000000000006,4.1028858136682285,1.513073919236014,6.424534874815375,3172.0,30,35.156000000000006
1587,0.493,46.665000000000006,-0.8670000000000001,45.713,2.057,42.619,4.257066125866499,2.131214600447029,9.500702268563607,3174.0,30,35.156000000000006
1588,-0.017,46.189,-1.5810000000000002,48.195,-0.8330000000000001,38.029,10.193481250289326,3.660151789300647,14.628544380149163,3176.0,30,35.156000000000006
1589,-1.207,43.639,-0.221,48.535,-2.873,42.415000000000006,6.669895351502901,2.9259305975455177,15.097032008962744,3178.0,30,35.156000000000006
1590,-1.003,44.727,-0.901,48.705000000000005,-1.819,41.73500000000001,7.03019373843993,2.323476875922048,11.510551341810602,3180.0,30,35.156000000000006
1591,-1.377,45.169,-0.255,48.467000000000006,-0.221,41.973000000000006,6.4940890046256685,2.113232418855073,9.964662792615997,3182.0,30,35.156000000000006
1592,-0.901,44.251000000000005,1.105,48.399,0.153,35.479,12.955026206071528,3.524001700213497,15.992172794439938,3184.0,30,35.156000000000006
1593,-0.629,42.993,-2.7710000000000004,45.679,0.051,31.943,14.022887719724496,5.066791826732703,16.76225517986252,3186.0,30,35.156000000000006
1594,-0.6970000000000001,41.633,-1.241,44.183,-0.629,30.209000000000003,13.987395039820676,5.285537412345595,16.621446748557236,3188.0,30,35.156000000000006
1595,-0.5950000000000001,41.871,-2.431,46.971,0.323,31.059,16.148568357597526,5.415858044509965,22.73263198302868,3190.0,30,35.156000000000006
1596,-0.459,41.327000000000005,0.425,47.107000000000006,0.391,33.473,13.634042393949052,4.460193804408208,16.077108969639564,3192.0,30,35.156000000000006
1597,-0.153,38.811,0.8670000000000001,43.435,0.017,31.263,12.20164267629568,4.6011803312471615,13.486681602144897,3194.0,30,35.156000000000006
1598,0.085,39.695,-0.459,40.137,0.323,30.379,9.789284345650604,4.895851943696087,10.55143754947644,3196.0,30,35.156000000000006
1599,0.459,41.225,0.8670000000000001,42.687000000000005,0.629,33.541000000000004,9.14909613021964,3.842648510910954,11.044800162013017,3198.0,30,35.156000000000006
1600,0.255,41.055,1.853,44.659000000000006,0.391,31.807,12.934888789626296,4.416007417494388,17.075810622619283,3200.0,30,35.156000000000006
1601,-0.255,39.865,1.3090000000000002,43.197,-0.799,32.555,10.84877080594848,5.117490798809119,15.484691362753535,3202.0,30,35.156000000000006
1602,-0.493,40.341,1.513,45.747,-0.5950000000000001,27.353,18.514397100634955,6.010276211068285,24.94793046168239,3204.0,30,35.156000000000006
1603,0.119,35.547000000000004,0.629,41.055,-0.391,26.435,14.655538202331568,5.202599162771261,15.759026604777617,3206.0,30,35.156000000000006
1604,0.017,35.581,1.751,42.415000000000006,-0.6970000000000001,26.537000000000003,16.065602634199568,5.453803594177131,19.195859619950298,3208.0,30,35.156000000000006
1605,-0.153,35.105000000000004,-0.323,42.653000000000006,0.7310000000000001,25.959000000000003,16.727239820125735,5.640916661880855,19.490969367142537,3210.0,30,35.156000000000006
1606,-0.119,32.929,-0.221,42.007000000000005,-0.7310000000000001,20.655,21.3580898958685,6.3531470764436815,23.60302069709398,3212.0,30,35.156000000000006
1607,0.085,33.337,-0.051,40.851000000000006,0.765,23.443,17.427114505849786,5.755002093470223,21.260593109850568,3214.0,30,35.156000000000006
1608,0.119,32.079,0.629,39.491,-0.7310000000000001,27.489,12.078808053777491,4.513716063109734,17.413379156757234,3216.0,30,35.156000000000006
1609,0.187,31.773000000000003,-0.255,34.459,-0.017,33.711000000000006,0.7849509538818333,2.32243793635115,1.956863116394938,3218.0,30,35.156000000000006
1610,-0.119,33.915,-0.527,37.077000000000005,-0.255,29.359,7.722791464231053,2.170923284506989,8.377089136195274,3220.0,30,35.156000000000006
1611,-0.051,34.425000000000004,0.629,32.215,-0.8670000000000001,32.793,1.603776792449623,1.5888502636926292,2.3611952758247714,3222.0,30,35.156000000000006
1612,-0.017,34.969,0.459,37.383,0.425,37.927,0.5450614644239676,1.364382294120818,6.470993686955434,3224.0,30,35.156000000000006
1613,0.017,35.275000000000006,-0.799,33.983000000000004,-0.289,37.485,3.538941084561878,1.458596441305694,7.027728339350014,3226.0,30,35.156000000000006
1614,-0.017,35.547000000000004,-0.425,32.929,0.323,40.511,7.618807518240634,2.6541169201629606,9.74888073329648,3228.0,30,35.156000000000006
1615,-0.527,37.315000000000005,-0.289,31.535000000000004,-2.2950000000000004,46.291,14.891728308023888,4.845108983506126,17.228739691750512,3230.0,30,35.156000000000006
1616,0.187,37.825,0.561,32.113,2.397,47.855,15.848705309898348,4.887604598238777,19.1308936908285,3232.0,30,35.156000000000006
1617,-0.051,38.641000000000005,-0.255,31.909,1.207,48.127,16.28376393835283,5.132296130991644,17.872642054706624,3234.0,30,35.156000000000006
1618,-0.323,38.913,0.493,33.371,0.629,34.527,1.163972508266411,3.755928746253265,1.5157493821013823,3236.0,30,35.156000000000006
1619,-0.289,37.553,0.255,33.337,-0.017,42.109,8.776216041096527,2.9979542312657923,10.442014727245985,3238.0,30,35.156000000000006
1620,-0.289,36.635000000000005,-0.5950000000000001,32.385000000000005,-0.8330000000000001,39.593,7.211928174905793,2.039386499429334,7.907607484839638,3240.0,30,35.156000000000006
1621,-0.187,36.295,-0.7310000000000001,39.627,-0.527,39.525000000000006,0.2280789337049786,1.7995411480088248,1.0878181370965208,3242.0,30,35.156000000000006
1622,0.119,36.397000000000006,-0.799,35.343,0.6970000000000001,31.637000000000004,3.996555016511096,2.53694785607613,13.8577346964917,3244.0,30,35.156000000000006
1623,-0.017,37.077000000000005,-0.221,41.191,0.459,33.541000000000004,7.680162758692033,2.602880618073274,8.919409986415532,3246.0,30,35.156000000000006
1624,-0.221,38.641000000000005,-1.921,42.347,-0.799,33.167,9.248312494720322,2.886498930256771,10.74433784806268,3248.0,30,35.156000000000006
1625,0.017,39.627,0.017,41.463,-0.799,34.085,7.42298726928721,2.3252282790244645,9.511095953640696,3250.0,30,35.156000000000006
1626,-0.221,39.865,-2.873,42.415000000000006,-0.7310000000000001,35.921,6.838143022780382,2.247431571864373,10.662407724757662,3252.0,30,35.156000000000006
1627,-0.289,40.171,-0.901,36.907,-0.663,36.261,0.688447528864764,1.956430575276903,10.219886678176051,3254.0,30,35.156000000000006
1628,-0.221,40.239,-0.765,37.111,-0.935,36.227,0.9001977560514135,2.4475215157276398,2.888391445933147,3256.0,30,35.156000000000006
1629,0.153,39.865,-1.5810000000000002,41.429,0.153,35.751000000000005,5.936871229865105,1.9305374334046403,8.383473820733599,3258.0,30,35.156000000000006
1630,0.017,39.831,-1.819,42.925,-0.663,36.363,6.663045850059866,1.853882927547145,8.428814801105531,3260.0,30,35.156000000000006
1631,-0.085,39.865,-1.173,41.973000000000006,-1.037,39.559000000000005,2.4178279508683,1.61998252997861,7.907156237431187,3262.0,30,35.156000000000006
1632,-0.187,40.443000000000005,-1.649,41.497,-0.765,37.995000000000005,3.611849941511968,1.4341131503514244,8.096590770754958,3264.0,30,35.156000000000006
1633,-0.119,40.681,-1.785,41.633,0.5950000000000001,38.743,3.7438616427426914,1.044065019597055,4.684804113973097,3266.0,30,35.156000000000006
1634,-0.017,40.987,-2.261,41.939,0.425,38.403000000000006,4.440483307028639,1.1166511110027624,5.262461092633533,3268.0,30,35.156000000000006
1635,0.017,41.361,-2.261,41.905,0.255,39.321000000000005,3.606565124879905,1.0830240007466565,4.573232594630537,3270.0,30,35.156000000000006
1636,-0.255,41.684000000000005,-0.119,39.797,1.105,42.381,2.8592362616614952,1.0010851546214834,4.5334738078950805,3272.0,30,35.156000000000006
1637,0.085,41.73500000000001,-0.017,39.831,3.519,43.945,5.424784972697075,1.6473249636619318,7.650642091437088,3274.0,30,35.156000000000006
1638,-0.7310000000000001,41.667,-2.5330000000000004,43.027,0.493,40.239,4.11456194509209,1.0830987216901524,4.6709843782355325,3276.0,30,35.156000000000006
1639,-0.459,41.701,-1.3090000000000002,42.585,1.717,41.871,3.1090950451859785,1.055007061458134,4.391061511662749,3278.0,30,35.156000000000006
1640,-0.085,41.939,-2.193,41.905,3.0090000000000003,42.925,5.301056875756004,1.291718090767587,6.587250801549812,3280.0,30,35.156000000000006
1641,-0.085,42.007000000000005,-0.187,39.355,3.3830000000000005,44.625,6.365359377128679,1.789736976354868,8.214547814573606,3282.0,30,35.156000000000006
1642,0.153,41.599,-2.125,41.939,2.4650000000000003,43.095000000000006,4.73333244131447,1.4200058921850658,6.5769944131181965,3284.0,30,35.156000000000006
1643,-0.357,41.497,-2.329,41.939,0.153,40.001000000000005,3.148994760236987,0.9467624038138408,4.518505516407889,3286.0,30,35.156000000000006
1644,-0.391,41.667,-1.921,42.007000000000005,0.5950000000000001,41.803,2.5242567222848,0.989931726762736,3.671174866667854,3288.0,30,35.156000000000006
1645,-0.153,41.73500000000001,-2.1590000000000003,41.905,0.5950000000000001,39.355,3.753267376566716,1.132790007187347,4.723318315253636,3290.0,30,35.156000000000006
1646,-0.8330000000000001,41.854000000000006,-2.669,42.517,0.289,40.681,3.4814738258387066,1.086099646116046,4.888653419774141,3292.0,30,35.156000000000006
1647,-0.255,41.497,-2.7030000000000003,42.721,2.261,42.313,4.980738901006557,1.346479800319051,6.086036437008282,3294.0,30,35.156000000000006
1648,-0.8670000000000001,42.449000000000005,-1.5470000000000002,43.911,-0.561,40.137,3.900675838877156,1.644529498494063,6.949640974631205,3296.0,30,35.156000000000006
1649,-0.425,42.245000000000005,0.187,45.067,0.391,44.829,0.3134645115479582,1.9498275773152745,5.702789972022292,3298.0,30,35.156000000000006
1650,-0.425,42.041,-2.9410000000000003,42.415000000000006,0.765,42.041,3.724823754219789,1.0875004747038688,5.469990722375239,3300.0,30,35.156000000000006
1651,0.187,41.633,,,,,3.724823754219789,1.401387617412573,,3302.0,30,35.156000000000006
1652,-0.153,41.395,-2.7030000000000003,42.517,0.425,36.499,6.782382177376913,1.8326468122109043,8.854680940695184,3304.0,30,35.156000000000006
1653,-0.527,41.837,,,,,6.782382177376913,0.9247200500549538,,3306.0,30,35.156000000000006
1654,-0.629,42.177,1.173,43.367,-2.261,42.619,3.514521304530676,1.2268399522966462,5.621709133934714,3308.0,30,35.156000000000006
1655,-0.153,42.143,-0.6970000000000001,39.355,3.0090000000000003,45.305,7.009774318763766,1.8803757993501695,8.710528132036824,3310.0,30,35.156000000000006
1656,-1.003,42.347,-0.255,40.137,-0.425,44.591,4.457243094110978,1.5238359653225246,7.792544587754659,3312.0,30,35.156000000000006
1657,0.017,42.143,2.7030000000000003,42.721,-0.255,39.389,4.455556979772562,1.4268511938874646,5.7919784878890095,3314.0,30,35.156000000000006
1658,0.119,41.973000000000006,3.2470000000000003,43.333000000000006,-2.669,42.211000000000006,6.021456634403341,1.6838632706623522,8.82479585987286,3316.0,30,35.156000000000006
1659,-0.017,41.837,-0.493,44.897000000000006,-2.7710000000000004,42.279,3.4703325489065167,1.5514355710989751,7.441937676260181,3318.0,30,35.156000000000006
1660,0.051,42.109,0.629,45.271,-1.955,42.619,3.702723322096859,2.3440336670795143,8.336548515930417,3320.0,30,35.156000000000006
1661,-0.051,42.449000000000005,1.207,44.591,-2.091,42.925,3.694910012436028,1.5174290922343128,8.034063936194702,3322.0,30,35.156000000000006
1662,-0.187,41.73500000000001,-3.4170000000000003,43.29900000000001,-0.391,39.661,4.731989010976252,1.3375333936664595,6.65217265408019,3324.0,30,35.156000000000006
1663,-0.663,42.279,,,,,4.731989010976252,1.4586754101349242,,3326.0,30,35.156000000000006
1664,-0.527,42.075,-3.213,42.823,-0.255,39.729000000000006,4.280490626084819,1.3192587863929133,5.84763123673386,3328.0,30,35.156000000000006
1665,-0.289,42.381,-2.499,43.061,2.261,44.217000000000006,4.8983605420589456,1.690689932047023,7.769193956757631,3330.0,30,35.156000000000006
1666,-0.5950000000000001,42.585,-2.7030000000000003,43.265,-1.207,44.897000000000006,2.21391960106956,2.3270755251474844,6.965793768598148,3332.0,30,35.156000000000006
1667,-0.119,42.653000000000006,-2.873,42.857000000000006,3.1790000000000003,43.29900000000001,6.068118983671959,1.902763200974495,8.349913756321978,3334.0,30,35.156000000000006
1668,-0.017,42.041,,,,,6.068118983671959,1.734384533623125,,3336.0,30,35.156000000000006
1669,-0.255,42.279,-2.5330000000000004,43.231,3.145,44.183,5.757255248814317,1.8330125477448929,9.136765955438204,3338.0,30,35.156000000000006
1670,-0.459,42.687000000000005,-2.669,43.095000000000006,1.921,44.319,4.750397457055568,1.5572349696545709,7.834597894301019,3340.0,30,35.156000000000006
1671,-0.119,42.007000000000005,1.513,42.619,1.717,42.789,0.2655484889808263,1.5125490947864737,1.258235455644443,3342.0,30,35.156000000000006
1672,-0.8670000000000001,42.313,-2.635,42.959,0.153,45.679,3.8950409497205545,1.3720110121410551,7.310867179472592,3344.0,30,35.156000000000006
1673,-0.7310000000000001,42.211000000000006,-3.213,42.993,2.805,42.755,6.022704375942754,1.45591870540874,7.39625801094517,3346.0,30,35.156000000000006
1674,-0.425,41.905,-2.499,43.061,0.629,39.831,4.496363419475788,1.324828126683565,7.304563893415222,3348.0,30,35.156000000000006
1675,-0.493,42.245000000000005,-3.349,43.333000000000006,0.425,38.913,5.812011355804461,1.5740707370335,9.547351510638034,3350.0,30,35.156000000000006
1676,-0.493,41.837,,,,,5.812011355804461,1.3656852708287597,,3352.0,30,35.156000000000006
1677,-0.153,41.905,-2.7710000000000004,42.347,0.221,38.301,5.032114863553892,1.6207909960404094,7.860641332748234,3354.0,30,35.156000000000006
1678,-0.5950000000000001,41.871,-2.8390000000000004,42.551,-0.935,37.587,5.316625997754591,1.742474484844298,7.037212658107444,3356.0,30,35.156000000000006
1679,-0.561,41.803,0.425,42.041,0.629,41.565000000000005,0.5178725711987459,1.2345665155222432,1.5494098834471053,3358.0,30,35.156000000000006
1680,-0.5950000000000001,42.313,-2.329,42.857000000000006,1.5810000000000002,43.027,3.9136939072952552,1.373383102553789,6.629011298057981,3360.0,30,35.156000000000006
1681,-1.037,42.075,-3.0090000000000003,42.925,2.431,42.211000000000006,5.486656176579685,1.9145358698060984,6.808027395877701,3362.0,30,35.156000000000006
1682,-0.221,42.585,-2.601,42.619,0.017,47.379000000000005,5.432451012204345,2.2846470587336145,10.383471769194928,3364.0,30,35.156000000000006
1683,-0.221,42.551,-1.955,42.959,2.363,43.231,4.326558447542342,1.784790700784066,10.06331878363955,3366.0,30,35.156000000000006
1684,-0.799,41.803,-2.261,43.061,-0.425,38.233,5.16531509203456,1.6795653389445817,7.051424857363828,3368.0,30,35.156000000000006
1685,-0.765,41.633,-3.145,42.721,-0.527,38.573,4.905081854566752,1.3613762893990011,6.174808334493772,3370.0,30,35.156000000000006
1686,-0.119,43.197,2.397,42.721,2.2270000000000003,42.381,0.3801315561749643,1.9983177005711077,0.9298986492719976,3372.0,30,35.156000000000006
1687,-0.153,43.537000000000006,-2.8390000000000004,43.095000000000006,0.119,42.619,2.9960540716081883,2.204581075866548,6.136146883846491,3374.0,30,35.156000000000006
1688,0.493,43.537000000000006,-2.363,43.367,-2.091,48.263000000000005,4.903549734631025,2.457763322400069,16.111292751525713,3376.0,30,35.156000000000006
1689,-0.561,43.435,-2.669,42.823,0.425,48.161,6.169852510392773,2.6855497225566585,12.90430107049941,3378.0,30,35.156000000000006
1690,-0.663,43.775000000000006,-0.187,41.667,-0.255,49.079,7.412311920042222,2.4703062548579493,10.933313128607612,3380.0,30,35.156000000000006
1691,0.561,43.741,-2.635,42.619,0.391,48.807,6.888252318258965,2.640474179710873,12.148664150987855,3382.0,30,35.156000000000006
1692,-0.391,43.435,0.561,43.061,1.683,46.087,3.227314673222926,2.1448046190692343,8.773799504177633,3384.0,30,35.156000000000006
1693,-0.153,43.673,-0.085,41.701,0.085,41.73500000000001,0.1733666634621546,1.7832655844784526,0.2319187890771338,3386.0,30,35.156000000000006
1694,-1.207,44.319,-0.629,45.883,1.649,48.365,3.3689179271689005,2.699452671881522,14.07133468021632,3388.0,30,35.156000000000006
1695,-1.479,44.557,-0.085,42.517,1.649,48.43300000000001,6.164885400394723,2.605669193098352,12.523443519500391,3390.0,30,35.156000000000006
1696,-1.0710000000000002,44.727,-0.969,42.823,2.5330000000000004,47.583000000000006,5.909450397456603,2.807724473381491,15.566623167073404,3392.0,30,35.156000000000006
1697,-0.459,42.993,0.6970000000000001,41.599,1.207,44.591,3.0351546912801664,1.4897020356302184,7.788996324866058,3394.0,30,35.156000000000006
1698,-0.357,43.061,-3.451,43.129000000000005,2.397,43.401,5.8543221640084,1.7125474795301423,6.873043393496135,3396.0,30,35.156000000000006
1699,-0.799,42.823,-4.131,44.489,-3.4850000000000003,44.693000000000005,0.6774452007358234,1.698168017712458,1.4012731212546332,3398.0,30,35.156000000000006
1700,-1.649,42.585,-3.4850000000000003,47.039,0.935,42.007000000000005,6.697568514020593,2.1700163761577884,9.759261280928747,3400.0,30,35.156000000000006
1701,-1.6150000000000002,42.959,-0.7310000000000001,40.681,0.561,48.331,7.758335130683645,2.363606537939166,12.764091981544,3402.0,30,35.156000000000006
1702,-1.5470000000000002,42.857000000000006,0.119,41.633,1.513,47.039,5.582837271495562,1.7760687180003198,10.838332123400845,3404.0,30,35.156000000000006
1703,-1.003,42.823,,,,,5.582837271495562,2.695914878934524,,3406.0,30,35.156000000000006
1704,-1.377,44.183,0.629,46.121,0.8330000000000001,46.563,0.486805916151396,2.573180350336408,1.2767411009307452,3408.0,30,35.156000000000006
1705,-1.173,44.489,-2.057,43.027,2.2950000000000004,47.345000000000006,6.1306629331582085,2.678969864750272,13.561039649468135,3410.0,30,35.156000000000006
1706,-1.173,43.197,-0.017,47.957,0.119,41.395,6.563409175116237,2.4964508908756216,11.471650560296933,3412.0,30,35.156000000000006
1707,-1.139,44.013000000000005,-2.805,44.183,-0.901,41.021,3.690997155241386,1.6583691418612725,10.296384945896277,3414.0,30,35.156000000000006
1708,-0.357,43.265,-3.111,47.923,-2.873,47.651,0.3614249576329781,2.748372408466699,0.7085710742055812,3416.0,30,35.156000000000006
1709,-0.153,42.857000000000006,-2.431,47.787000000000006,-2.261,47.617,0.2404163056034262,2.725806204862936,1.1615054157149207,3418.0,30,35.156000000000006
1710,-0.663,43.129000000000005,-2.2950000000000004,48.331,-1.717,48.263000000000005,0.5819862541332055,2.474266832459457,0.7292972445816288,3420.0,30,35.156000000000006
1711,-1.445,44.047,-2.2270000000000003,47.719,-1.683,47.855,0.5607423650840019,1.8656910842592616,0.6751908749859499,3422.0,30,35.156000000000006
1712,-1.751,44.591,-2.431,42.415000000000006,2.499,47.855,7.3415597797743235,2.5621294020422307,12.71192922542827,3424.0,30,35.156000000000006
1713,-1.921,43.979000000000006,-1.6150000000000002,41.531000000000006,3.1790000000000003,46.86900000000001,7.174725081841116,2.651719997826969,13.564598226827094,3426.0,30,35.156000000000006
1714,-1.411,43.707,-0.935,42.483,1.819,48.263000000000005,6.40257104607204,2.9448769498364245,13.270875315493477,3428.0,30,35.156000000000006
1715,-0.765,43.571000000000005,-1.717,41.701,1.003,48.739,7.545319343805138,2.727767637518734,12.549911678674585,3430.0,30,35.156000000000006
1716,-1.105,44.149,-1.751,41.565000000000005,1.989,45.067,5.123631914960325,2.047824700856162,8.886848075169587,3432.0,30,35.156000000000006
1717,-0.799,44.353,3.1790000000000003,44.455000000000005,3.587,45.747,1.3548904014716467,2.667737923069509,2.087498454033076,3434.0,30,35.156000000000006
1718,-0.527,44.795,2.2270000000000003,42.041,-1.5810000000000002,43.129000000000005,3.960379779768602,2.5998547356835977,14.20120926081868,3436.0,30,35.156000000000006
1719,-0.187,44.795,1.717,45.917,-3.1790000000000003,43.673,5.385754543237187,1.943551290413222,7.369418258811274,3438.0,30,35.156000000000006
1720,-0.221,43.843,-1.139,42.041,-0.017,37.383,4.791226147866536,2.346158600170668,15.947707160480949,3440.0,30,35.156000000000006
1721,-0.459,42.041,0.5950000000000001,35.105000000000004,0.459,34.833000000000006,0.3041052449399714,3.09996314565767,0.3277309757840584,3442.0,30,35.156000000000006
1722,-0.561,40.409000000000006,-2.635,42.347,0.6970000000000001,41.191,3.526834274530064,2.164216322827908,13.27584710623606,3444.0,30,35.156000000000006
1723,-0.357,42.347,-0.561,39.899,1.5810000000000002,42.653000000000006,3.4889368008033625,1.4057671466486614,6.11103051320199,3446.0,30,35.156000000000006
1724,-0.527,42.143,-2.567,42.279,-0.8330000000000001,45.509,3.666013638818056,1.5744577661928831,7.793514628575321,3448.0,30,35.156000000000006
1725,-1.683,44.217000000000006,2.261,44.217000000000006,-3.043,43.29900000000001,5.382856119199175,1.8816682853045807,7.096513824324696,3450.0,30,35.156000000000006
1726,-2.329,44.659000000000006,3.043,45.883,-2.499,42.347,6.573968360130736,1.9667289129738552,9.08888655710104,3452.0,30,35.156000000000006
1727,-2.431,43.877,-2.8390000000000004,47.617,-3.893,43.979000000000006,3.7876061041243454,1.4061062140910947,9.27508059554238,3454.0,30,35.156000000000006
1728,-2.329,44.217000000000006,0.5950000000000001,48.807,-3.655,44.795,5.84453967391787,1.979872437730186,7.606280540791428,3456.0,30,35.156000000000006
1729,-2.023,44.387,0.017,47.787000000000006,-3.859,43.911,5.481491767758117,2.469116457131297,10.875967818422728,3458.0,30,35.156000000000006
1730,-2.6180000000000003,44.42100000000001,-1.105,43.537000000000006,-2.2950000000000004,41.905,2.019783156677964,1.225388456808183,6.213302340321928,3460.0,30,35.156000000000006
1731,0.187,43.061,-0.289,44.523,-0.629,42.721,1.8337949721820048,1.8072215395274664,10.655934248230666,3462.0,30,35.156000000000006
1732,-0.7310000000000001,43.843,-0.969,45.135000000000005,-3.111,42.925,3.077704339276273,1.8450947729863627,7.650163685213558,3464.0,30,35.156000000000006
1733,-1.003,43.265,-3.689,44.42100000000001,1.5810000000000002,43.163,5.418068290451866,1.8184366107421477,8.65106175593307,3466.0,30,35.156000000000006
1734,-0.799,42.789,-1.513,43.673,0.255,42.823,1.9617145561982252,1.5249923229496538,8.554484882357198,3468.0,30,35.156000000000006
1735,-0.561,42.823,-0.765,44.523,-0.187,40.647000000000006,3.918859527974944,1.4999633626944318,5.003092504970525,3470.0,30,35.156000000000006
1736,-0.8670000000000001,42.619,-3.111,42.585,-2.907,42.347,0.3134645115479582,1.4052226723539616,1.38103405747118,3472.0,30,35.156000000000006
1737,-0.357,42.721,-1.479,44.183,-3.519,43.401,2.184748040392759,1.5346809584954786,6.497333330730065,3474.0,30,35.156000000000006
1738,-0.5950000000000001,42.449000000000005,-3.349,45.305,-3.145,44.897000000000006,0.4561578674099572,1.966295234559284,1.8954625272000647,3476.0,30,35.156000000000006
1739,-1.003,42.721,-3.587,46.801,1.207,42.653000000000006,6.339427418939348,2.2928391468424936,10.502708335959582,3478.0,30,35.156000000000006
1740,-0.969,42.687000000000005,-2.091,47.617,1.6150000000000002,41.871,6.837466782369038,2.035964564341405,11.11911910370265,3480.0,30,35.156000000000006
1741,-0.935,42.483,-3.723,46.019000000000005,-3.961,45.713,0.3876596445337069,2.0943747430844164,0.4430244418193081,3482.0,30,35.156000000000006
1742,-0.799,42.789,-3.3830000000000005,46.529,-3.4170000000000003,46.903000000000006,0.3755422745843669,2.4317879998158687,0.4154519535041693,3484.0,30,35.156000000000006
1743,-1.241,42.347,0.425,40.341,-3.4170000000000003,46.597,7.3415597797743235,2.3538464780564285,9.405440276212278,3486.0,30,35.156000000000006
1744,-0.8330000000000001,42.483,1.105,42.041,-3.723,46.087,6.299182486640628,1.9325419813960525,9.627931928264706,3488.0,30,35.156000000000006
1745,-1.411,42.721,0.935,41.905,-3.519,46.801,6.618831618949073,2.410707814319253,11.694668427239842,3490.0,30,35.156000000000006
1746,-1.3090000000000002,42.551,0.969,41.599,-3.995,45.98500000000001,6.62406914215122,2.4762672525621308,10.125640679341831,3492.0,30,35.156000000000006
1747,-1.5470000000000002,42.653000000000006,-0.051,40.511,-1.0710000000000002,48.943000000000005,8.493469491320965,2.9061956091646546,13.701586875830296,3494.0,30,35.156000000000006
1748,-1.411,42.789,0.5950000000000001,42.993,-1.479,46.631,4.187662832654989,2.3901061247066573,11.3678867405908,3496.0,30,35.156000000000006
1749,-1.5810000000000002,42.551,1.241,42.143,-2.261,48.195,6.992189070670215,2.6379658472803578,11.78849758583694,3498.0,30,35.156000000000006
1750,-1.3090000000000002,42.551,1.513,41.73500000000001,-3.451,47.54900000000001,7.64486049578408,2.589641121379598,10.70449047546844,3500.0,30,35.156000000000006
1751,-1.411,42.585,-3.859,43.843,-0.6970000000000001,48.161,5.351949925027326,3.3164595896308127,6.639084079052751,3502.0,30,35.156000000000006
1752,-1.921,42.483,-1.513,48.739,0.391,40.851000000000006,8.114540036255907,2.973944300639195,13.527005142885278,3504.0,30,35.156000000000006
1753,-1.445,42.449000000000005,-3.893,43.809000000000005,-1.5810000000000002,47.345000000000006,4.224765082226466,3.345502775503356,6.802821727360723,3506.0,30,35.156000000000006
1754,-1.513,42.653000000000006,,,,,4.224765082226466,2.92340014651378,,3508.0,30,35.156000000000006
1755,-1.5470000000000002,42.619,-3.111,42.959,-2.499,47.99100000000001,5.069079600874304,2.639764692936634,7.522809598447725,3510.0,30,35.156000000000006
1756,-1.3430000000000002,42.449000000000005,-4.097,46.155,-3.995,46.325,0.1982523644247402,2.220767271024138,0.7798362440556005,3512.0,30,35.156000000000006
1757,-0.799,42.517,-3.893,43.843,0.153,39.967000000000006,5.602989559155005,2.05566483105704,9.178506398751145,3514.0,30,35.156000000000006
1758,-1.003,42.075,-3.723,43.435,-0.527,40.375,4.424705187919304,1.3217584869835108,5.641005762057577,3516.0,30,35.156000000000006
1759,-1.173,42.194,-3.281,43.673,-0.255,40.137,4.654027503141768,1.5484851735955083,6.557936540720059,3518.0,30,35.156000000000006
1760,-1.173,42.925,-3.825,45.781000000000006,1.411,42.279,6.299182486640628,1.8446081580128504,9.489443377015377,3520.0,30,35.156000000000006
1761,-1.6150000000000002,42.347,-3.281,43.605,-0.561,40.273,4.3012351714362245,1.4747459818276158,6.197747283137099,3522.0,30,35.156000000000006
1762,-1.5810000000000002,42.347,-0.5950000000000001,42.925,0.289,41.701,1.5098450251598674,1.5956821875412297,2.395326859443697,3524.0,30,35.156000000000006
1763,-1.173,42.177,-3.689,43.639,-0.085,39.593,5.418388321263067,1.9382345542986403,9.683755758691465,3526.0,30,35.156000000000006
1764,-1.139,42.245000000000005,-3.655,43.741,-0.085,39.593,5.472732772573497,1.8325727421536515,8.93923376319816,3528.0,30,35.156000000000006
1765,-1.445,42.143,-3.111,43.061,0.153,39.627,4.737726458967424,2.0011869427707945,11.140080039589304,3530.0,30,35.156000000000006
1766,-1.6150000000000002,42.143,-3.281,43.673,0.901,41.395,4.762185212693854,1.7624192681132709,7.919969277811356,3532.0,30,35.156000000000006
1767,-1.513,42.245000000000005,,,,,4.762185212693854,1.2479662737462751,,3534.0,30,35.156000000000006
1768,-1.411,42.245000000000005,-3.3150000000000004,42.789,-0.663,40.273,3.655592975154647,1.499663340646506,10.176618601513354,3536.0,30,35.156000000000006
1769,-1.275,42.075,,,,,3.655592975154647,1.590823535484546,,3538.0,30,35.156000000000006
1770,-1.241,42.245000000000005,-3.111,43.537000000000006,-2.907,43.605,0.2150348808914498,1.3513119788888557,0.6945688373181736,3540.0,30,35.156000000000006
1771,-1.411,42.279,-2.907,43.639,-0.357,40.477,4.062110781354935,1.3816564332337,6.570108240339273,3542.0,30,35.156000000000006
1772,-1.411,42.228,-2.907,42.619,-0.561,40.375,3.246421414419268,1.1692698249150153,4.118582988444057,3544.0,30,35.156000000000006
1773,-1.207,42.381,-3.3150000000000004,43.775000000000006,-1.649,44.115,1.7003399660067984,1.311343652872055,6.818699396353269,3546.0,30,35.156000000000006
1774,-1.241,42.279,-3.689,43.673,0.119,41.021,4.640470665783806,1.3523718421550344,6.603062645216259,3548.0,30,35.156000000000006
1775,-1.241,42.347,-1.785,45.747,-3.1790000000000003,43.231,2.8763678485200743,1.4067548817809887,6.614332122460696,3550.0,30,35.156000000000006
1776,-1.377,42.279,-0.391,40.239,-0.5950000000000001,40.307,0.2150348808914498,1.2273770650623752,0.4438125847537478,3552.0,30,35.156000000000006
1777,-1.037,42.245000000000005,-2.669,44.251000000000005,-2.4650000000000003,43.537000000000006,0.742571208706613,1.1678466138250043,6.676928844756128,3554.0,30,35.156000000000006
1778,-1.207,42.381,-2.7030000000000003,43.231,-0.221,40.511,3.682217266810855,1.049335951467446,4.588348176407093,3556.0,30,35.156000000000006
1779,-1.3090000000000002,42.211000000000006,-3.349,42.823,-0.255,40.035,4.164826526999654,1.1667569922930685,5.931237795158864,3558.0,30,35.156000000000006
1780,-1.479,42.177,-3.3830000000000005,43.027,-0.221,40.103,4.306741227424745,1.0864857783663882,5.161220997690017,3560.0,30,35.156000000000006
1781,-1.3090000000000002,42.041,-3.3150000000000004,42.721,-0.391,40.001000000000005,3.993516745927079,1.195090880389178,6.085300974389266,3562.0,30,35.156000000000006
1782,-1.717,43.027,-3.349,45.271,-2.7710000000000004,42.925,2.416153968603822,1.1822793481487222,6.443658717493203,3564.0,30,35.156000000000006
1783,-1.0710000000000002,42.891000000000005,-2.7710000000000004,42.959,1.003,44.86300000000001,4.2270902521711085,1.347491578590854,6.951197199619051,3566.0,30,35.156000000000006
1784,-0.799,42.177,-3.349,42.959,1.0710000000000002,44.081,4.560184645384439,1.3862462983298445,7.054184108638006,3568.0,30,35.156000000000006
1785,-0.935,42.415000000000006,-3.3150000000000004,42.959,-3.281,44.353,1.3944145724998718,1.3255274521508804,8.892538797342052,3570.0,30,35.156000000000006
1786,-1.819,42.449000000000005,-0.561,40.987,-3.0090000000000003,46.155,5.718472523322991,1.4716837062358203,6.114816497916296,3572.0,30,35.156000000000006
1787,-1.649,42.551,0.187,41.701,-3.0770000000000004,46.903000000000006,6.141213235184071,1.7144811311794532,8.64644964046179,3574.0,30,35.156000000000006
1788,-1.3430000000000002,42.551,0.051,41.73500000000001,-0.425,43.571000000000005,1.896700292613464,1.0874963752719289,5.139334008018439,3576.0,30,35.156000000000006
1789,-1.0710000000000002,42.347,-3.3150000000000004,42.891000000000005,-3.111,42.857000000000006,0.2068139260301394,1.2227872215907862,0.3816400173799198,3578.0,30,35.156000000000006
1790,-1.037,42.483,-3.3150000000000004,42.891000000000005,0.8330000000000001,42.075,4.227500443524519,1.3648757113640737,5.676332038258713,3580.0,30,35.156000000000006
1791,-1.411,42.313,-3.1790000000000003,42.789,0.391,42.245000000000005,3.611209769592457,1.088525745255084,4.260024135354221,3582.0,30,35.156000000000006
1792,-1.411,42.313,-2.091,44.285,0.255,41.463,3.669795634636894,1.1831226592992667,4.842671488265109,3584.0,30,35.156000000000006
1793,-1.207,42.347,-3.145,42.755,0.221,38.981,5.056978544546141,1.3601874651113524,6.308023653946964,3586.0,30,35.156000000000006
1794,-1.6150000000000002,42.381,-3.859,44.86300000000001,-3.145,42.653000000000006,2.322476264679577,1.318420686155916,6.541212223252731,3588.0,30,35.156000000000006
1795,-1.445,42.415000000000006,-3.723,44.931,-2.7710000000000004,42.687000000000005,2.437588972735149,1.506617850767655,6.624981817085588,3590.0,30,35.156000000000006
1796,-1.0710000000000002,42.109,,,,,2.437588972735149,1.0283223924259255,,3592.0,30,35.156000000000006
1797,-0.799,42.007000000000005,-2.7710000000000004,42.721,0.289,41.293000000000006,3.376800852878357,1.05312420669262,4.508513671056058,3594.0,30,35.156000000000006
1798,-0.629,41.939,-3.1790000000000003,42.653000000000006,1.445,42.313,4.636483149974774,1.307346016429027,6.1696080554937645,3596.0,30,35.156000000000006
