,com (y),com (x),end_1 (y),end_1 (x),end_2 (y),end_2 (x),ee-distance,gyr_distance,length,time,T,length_ref
0,0.425,43.707,-2.7030000000000003,46.665000000000006,3.043,46.699000000000005,5.746100590835493,2.10701488048364,18.430337322286697,0.0,10,19.312
1,0.391,43.469,-2.567,47.413,2.431,45.441,5.372968267168531,2.634318142510369,19.009403378645835,2.0,10,19.312
2,0.187,42.959,-1.139,42.109,1.3430000000000002,44.931,3.758192118559135,2.582742083359349,11.382711481840593,4.0,10,19.312
3,1.853,42.483,-0.8670000000000001,42.857000000000006,2.363,47.957,6.036795507551999,2.1177466819998703,12.736399600014291,6.0,10,19.312
4,2.1590000000000003,42.551,-0.935,42.891000000000005,3.791,45.305,5.306832576970938,1.7369337914691962,10.231236640178132,8.0,10,19.312
5,2.5330000000000004,43.265,-2.363,42.483,2.805,45.203,5.840087670574818,1.8014142730114062,9.196119253816669,10.0,10,19.312
6,2.873,43.673,-2.805,42.517,2.907,45.475,6.432472930374446,2.480334328526648,8.705952007953021,12.0,10,19.312
7,1.853,44.217000000000006,-1.139,42.585,-1.989,47.481,4.969236963558893,1.638260563658868,,14.0,10,19.312
8,1.513,44.251000000000005,-0.969,42.041,3.723,43.265,4.849024644193923,1.6429431292582868,8.17395349067647,16.0,10,19.312
9,1.5470000000000002,44.489,-0.289,42.177,3.825,44.999,4.988855580190712,1.6473563031705296,7.557147123698364,18.0,10,19.312
10,2.057,44.081,-1.3430000000000002,41.293000000000006,2.669,46.393,6.488924718318128,1.7703954342207011,7.1413065532744495,20.0,10,19.312
11,1.207,43.537000000000006,-0.255,41.973000000000006,1.819,44.455000000000005,3.234470590374876,1.2458748356856282,5.149548262090296,22.0,10,19.312
12,1.139,43.877,-1.887,42.891000000000005,1.139,43.401,3.0686765877166007,1.49771928434535,5.962062703258183,24.0,10,19.312
13,1.479,43.877,-3.587,44.081,3.689,43.639,7.289412870732457,1.99594042460476,9.046369636742972,26.0,10,19.312
14,1.445,44.455000000000005,-1.751,44.489,1.989,44.149,3.755422745843669,2.3515412964272384,8.518031471559933,28.0,10,19.312
15,0.629,43.537000000000006,-3.451,44.829,3.2470000000000003,43.367,6.855701860495394,2.196025969723831,8.971811895773255,30.0,10,19.312
16,1.853,42.891000000000005,-3.281,43.197,3.3150000000000004,44.047,6.650542534259894,2.3927937940738047,11.352027204106298,32.0,10,19.312
17,2.363,43.095000000000006,-3.0770000000000004,43.333000000000006,3.859,43.775000000000006,6.950069064405045,2.6667900355182703,12.722465230596423,34.0,10,19.312
18,0.119,44.013000000000005,-1.751,45.033,3.145,42.381,5.568116378094122,2.2602372831222954,12.23645190739576,36.0,10,19.312
19,-0.119,43.571000000000005,-1.717,45.339000000000006,3.825,45.067,5.5486708318299085,2.4570260071883654,12.630093323569064,38.0,10,19.312
20,-0.068,43.945,-2.499,46.393,4.029,45.611,6.574671702830493,2.6509699191677605,14.225856039086151,40.0,10,19.312
21,0.017,44.115,-2.5330000000000004,47.481,0.017,41.701,6.317507419861096,2.7014974341543736,8.84173435428318,42.0,10,19.312
22,-0.357,43.945,-2.363,47.039,3.587,43.911,6.722119011145221,2.638769208709521,11.441692350911303,44.0,10,19.312
23,-0.153,43.86000000000001,-2.567,47.379000000000005,-0.8330000000000001,43.843,3.93828033537482,2.1712952267740384,16.15435937898667,46.0,10,19.312
24,-0.255,42.551,-2.329,47.685,2.805,43.129000000000005,6.864043414781116,2.0149756172497937,10.482859680509987,48.0,10,19.312
25,-0.255,43.095000000000006,-1.377,45.237,-0.663,43.809000000000005,1.59655253593485,2.484295746478836,11.02765947639448,50.0,10,19.312
26,0.119,42.891000000000005,-1.3430000000000002,46.393,0.085,42.653000000000006,4.003346600033527,2.5050923048459484,12.855749985714588,52.0,10,19.312
27,0.425,43.265,-1.989,47.481,-1.513,46.529,1.0643683572899,2.579837183559653,,54.0,10,19.312
28,0.153,43.605,-2.975,46.495000000000005,-1.989,47.481,1.3944145724998718,2.2989061986608905,,56.0,10,19.312
29,0.221,43.605,-3.0090000000000003,46.835,1.377,42.177,6.397965301562678,2.349316735701476,8.800743830748917,58.0,10,19.312
30,-0.6970000000000001,43.29900000000001,-2.7710000000000004,47.005,3.281,42.857000000000006,7.337070805164688,2.6851527855476025,11.455927355299156,60.0,10,19.312
31,0.527,42.755,-2.2950000000000004,47.685,-1.955,47.583000000000006,0.3549704213029587,3.1360994038857624,0.4972791025040057,62.0,10,19.312
32,0.901,43.367,-2.1590000000000003,45.849,1.717,44.013000000000005,4.288854392492243,2.6170108399471284,14.996606023849326,64.0,10,19.312
33,1.003,44.047,-0.085,45.645,1.819,46.223000000000006,1.9897989848223363,2.1150381873514714,3.3982872284214736,66.0,10,19.312
34,0.255,43.809000000000005,-0.901,46.971,1.173,47.719,2.2047630258147928,2.26172975246132,18.56320082652756,68.0,10,19.312
35,2.023,43.333000000000006,-3.0770000000000004,45.271,2.7710000000000004,45.577000000000005,5.856000341530045,2.541595563723868,10.833009643245362,70.0,10,19.312
36,2.499,43.231,,,,,5.856000341530045,2.1007249577509874,,72.0,10,19.312
37,2.669,43.231,-1.5470000000000002,42.653000000000006,2.5330000000000004,46.937000000000005,5.916,2.103703606972805,10.134714087439152,74.0,10,19.312
38,2.907,43.29900000000001,-1.241,42.347,2.5330000000000004,47.651,6.509646073328411,2.061049220256297,9.815949083323217,76.0,10,19.312
39,1.445,43.333000000000006,2.363,48.093,3.859,43.775000000000006,4.569807435767945,2.787132454599695,8.172573259344126,78.0,10,19.312
40,0.561,43.163,-2.601,44.319,0.901,48.161,5.198554414450233,2.6911589874421047,16.089233737687618,80.0,10,19.312
41,1.173,42.857000000000006,-1.751,41.599,1.853,46.971,6.468941180749752,2.61019848829174,15.749035993676566,82.0,10,19.312
42,1.173,42.755,-1.479,41.395,1.5470000000000002,47.107000000000006,6.464025061832604,2.507287747474176,16.575816374979052,84.0,10,19.312
43,1.649,42.959,-2.4650000000000003,42.041,-2.2950000000000004,42.041,0.17,2.2691496707530323,1.0209006770124964,86.0,10,19.312
44,0.935,43.605,-0.527,44.217000000000006,-0.561,44.727,0.5111320768646789,2.594425454900165,,88.0,10,19.312
45,0.357,43.979000000000006,-0.7310000000000001,44.557,-0.765,44.931,0.3755422745843669,1.8773735819220347,0.4434868610909609,90.0,10,19.312
46,-0.034,44.013000000000005,-2.4650000000000003,47.073,-1.717,46.529,0.9248999945940104,2.099747024412036,1.1163738843338902,92.0,10,19.312
47,-0.493,44.829,-2.8390000000000004,46.767,-1.955,47.54900000000001,1.1802457371242654,2.620752790580484,1.4372656496128766,94.0,10,19.312
48,-0.051,44.829,-2.7710000000000004,46.325,-0.527,47.005,2.3447677923410666,2.71782610167252,17.302651293093287,96.0,10,19.312
49,0.425,44.931,-3.1790000000000003,46.087,0.5950000000000001,47.413,4.000168996430026,2.579962718455463,15.581217524924188,98.0,10,19.312
50,1.2240000000000002,44.86300000000001,-3.145,46.325,0.935,45.543000000000006,4.154265759433308,2.7311565359276115,18.7440147207772,100.0,10,19.312
51,0.629,44.523,-3.4170000000000003,45.849,-0.459,44.795,3.1401719698131183,3.001940099275429,19.55952583688869,102.0,10,19.312
52,0.119,43.639,-3.281,43.605,-1.887,46.019000000000005,2.7875853350166704,2.857733354651053,15.959321465477975,104.0,10,19.312
53,0.204,43.979000000000006,-3.0770000000000004,43.503,0.357,47.957,5.62409743870072,2.636048040321034,16.395634401550407,106.0,10,19.312
54,0.323,43.911,-3.587,43.911,-0.221,48.569,5.746905254134611,2.809783973882543,15.595521486501534,108.0,10,19.312
55,1.275,45.883,-2.023,44.591,3.893,45.747,6.027884537713045,2.5829126853658044,10.752800828833063,110.0,10,19.312
56,1.003,45.373000000000005,-3.587,44.965,4.029,45.033,7.616303565378681,2.4152887543111725,11.139325775418316,112.0,10,19.312
57,0.6970000000000001,45.271,-3.5530000000000004,44.999,4.063000000000001,45.237,7.61971784254509,2.520105652022252,11.307894398820965,114.0,10,19.312
58,0.425,44.86300000000001,-3.043,45.849,3.791,44.591,6.948821482812751,2.265995714161068,9.243888862567491,116.0,10,19.312
59,1.241,43.809000000000005,-3.3830000000000005,46.053,3.757,43.809000000000005,7.48432602176041,2.3847260293267665,9.918505839116854,118.0,10,19.312
60,0.629,42.755,-2.601,45.509,3.655,43.095000000000006,6.705589608677227,2.609427909487981,13.465717088505905,120.0,10,19.312
61,0.221,43.333000000000006,-1.479,41.73500000000001,0.459,44.183,3.122266484462849,1.840174365389177,9.876635450610102,122.0,10,19.312
62,0.017,42.993,-0.153,47.685,2.8390000000000004,44.557,4.328561885892357,2.2349283311660075,12.545268681040191,124.0,10,19.312
63,-0.391,43.095000000000006,-0.969,48.535,-0.323,43.503,5.07329675851906,2.243231565906173,12.365675598555612,126.0,10,19.312
64,0.255,43.367,-1.003,47.821000000000005,1.751,41.497,6.897643945580259,1.812861887476807,8.317422546159895,128.0,10,19.312
65,-0.799,42.721,-1.0710000000000002,48.501000000000005,0.289,40.885000000000005,7.736475683410374,2.104263972529054,10.818702103594596,130.0,10,19.312
66,-0.357,43.435,-1.139,48.399,-1.275,41.293000000000006,7.107301316252183,2.268743517326355,8.825384622081796,132.0,10,19.312
67,-0.527,43.673,-1.173,48.43300000000001,-1.785,42.415000000000006,6.049038601298557,2.088165890745068,7.8299521879804255,134.0,10,19.312
68,-1.479,42.347,-0.799,48.637,0.629,41.293000000000006,7.481545294924038,2.4633709567880917,10.032343425409891,136.0,10,19.312
69,-1.411,42.585,,,,,7.481545294924038,2.862042042495097,,138.0,10,19.312
70,-1.003,43.197,0.425,45.781000000000006,-1.207,41.191,4.871501205993899,2.0536008002092907,9.955729033931652,140.0,10,19.312
71,-0.8330000000000001,43.605,0.8330000000000001,46.631,-1.989,47.413,2.928345608018289,1.874693468051333,,142.0,10,19.312
72,-0.527,42.959,1.445,47.481,1.275,47.481,0.17,2.632340911822847,,144.0,10,19.312
73,-1.445,42.721,-0.391,47.379000000000005,0.527,42.177,5.282379009499414,2.87734786325958,11.194039852332216,146.0,10,19.312
74,-1.241,43.095000000000006,-0.663,47.481,-1.173,45.781000000000006,1.7748521065147935,1.97796462906184,2.1862878574023954,148.0,10,19.312
75,-1.003,43.435,1.173,48.705000000000005,-1.037,41.837,7.214812818084749,2.18912971023368,11.885905765375094,150.0,10,19.312
76,-1.241,43.605,-0.153,46.733,0.935,41.633,5.214762123050294,3.049557647244297,13.06601979777175,152.0,10,19.312
77,-1.785,44.455000000000005,-1.139,44.251000000000005,1.173,46.631,3.318093428461592,1.572839391985482,7.7013761113166845,154.0,10,19.312
78,-1.479,44.455000000000005,-0.323,44.795,0.935,46.597,2.1976733151221546,1.7582199876987012,11.056083433362762,156.0,10,19.312
79,-1.241,44.795,-0.459,45.577000000000005,1.0710000000000002,46.597,1.8388311504866344,1.7888837248972154,11.764929552051411,158.0,10,19.312
80,-0.765,44.489,-0.323,42.279,2.635,48.059000000000005,6.49293184932662,2.3689544053314817,11.514382504469822,160.0,10,19.312
81,-0.255,43.911,-0.629,40.579,2.7030000000000003,47.685,7.848404933488078,2.874910349338163,13.311965682075556,162.0,10,19.312
82,-0.425,43.673,-0.663,40.273,1.6150000000000002,46.767,6.881956117267823,2.6472677124492394,11.555690034011697,164.0,10,19.312
83,-0.7310000000000001,43.367,0.493,48.127,0.425,48.331,0.2150348808914498,2.8542524331447416,0.3079733614148922,166.0,10,19.312
84,-1.649,44.115,0.187,39.457,0.8670000000000001,48.229000000000006,8.79831711181178,3.122919744662705,13.523768816524816,168.0,10,19.312
85,-1.785,44.013000000000005,0.493,40.851000000000006,0.6970000000000001,46.937000000000005,6.089418034590826,2.672541403697877,13.383658948437532,170.0,10,19.312
86,-2.057,43.231,,,,,6.089418034590826,1.8324936507056653,,172.0,10,19.312
87,-2.499,43.231,-0.289,41.225,-3.4170000000000003,45.135000000000005,5.007243153672488,1.8417595106836435,10.66126676096648,174.0,10,19.312
88,-1.241,45.101000000000006,-2.805,42.313,0.085,46.42700000000001,5.027633240402486,2.3591988376080426,10.63294074547662,176.0,10,19.312
89,-1.479,44.523,-3.587,43.945,-3.4170000000000003,44.115,0.2404163056034262,2.030229886626812,14.157691903852374,178.0,10,19.312
90,-1.0710000000000002,43.775000000000006,-3.4170000000000003,43.775000000000006,0.493,46.529,4.7825323835809,1.93616976936326,9.571783540171914,180.0,10,19.312
91,-0.187,44.761,-2.4650000000000003,43.741,0.663,47.413,4.823688215463351,2.33223346198195,12.857872059064446,182.0,10,19.312
92,1.5470000000000002,44.625,0.561,45.951,1.241,48.535,2.671976047796836,1.978668386817848,12.3672365307479,184.0,10,19.312
93,1.241,43.095000000000006,0.153,40.851000000000006,1.173,48.365,7.58291474302593,2.668071328865198,12.014829257922525,186.0,10,19.312
94,1.037,42.789,-0.391,39.219,0.663,47.685,8.531358156823567,2.7709548442014267,13.431582836630373,188.0,10,19.312
95,1.241,41.633,0.085,39.933,-1.105,41.667,2.103058724810128,1.5749841868181371,3.092061142149489,190.0,10,19.312
96,1.445,41.633,-2.499,42.041,3.723,43.503,6.391457423780589,1.7673342340133198,7.549049178327309,192.0,10,19.312
97,0.085,42.177,-1.5810000000000002,43.469,-0.663,40.103,3.4889368008033625,1.919124434782559,12.92164256774556,194.0,10,19.312
98,-0.119,42.075,-2.363,44.489,2.669,42.517,5.404609884163704,1.8729712388916435,8.170636725495399,196.0,10,19.312
99,-0.085,41.599,-1.921,45.407,2.635,42.075,5.644409623689621,2.110302578131793,9.475889771034954,198.0,10,19.312
100,0.119,43.503,-1.479,42.789,-1.275,42.721,0.2150348808914498,1.9172454528201757,7.314417625012421,200.0,10,19.312
101,-1.173,43.843,-1.3430000000000002,43.333000000000006,-1.5470000000000002,43.061,0.34,1.569780537406019,3.740324725811648,202.0,10,19.312
102,-1.003,43.469,-1.649,41.599,-2.873,44.013000000000005,2.7065793910395466,1.634112271089193,6.191106094702862,204.0,10,19.312
103,-0.459,43.163,2.499,45.169,-0.459,42.857000000000006,3.754345215879861,2.147621366489568,13.846295631502167,206.0,10,19.312
104,-0.8330000000000001,43.469,-0.017,46.495000000000005,-1.445,43.945,2.9226159515064585,2.3994716234869697,8.494930602845175,208.0,10,19.312
105,-0.8330000000000001,43.809000000000005,-0.8330000000000001,47.073,-0.8330000000000001,46.86900000000001,0.204,2.4799207769102303,0.3272166602068024,210.0,10,19.312
106,-0.323,43.605,-3.1790000000000003,46.291,1.003,46.563,4.190836193410571,1.7821396808714234,9.482801572863378,212.0,10,19.312
107,0.493,43.707,-2.4650000000000003,43.741,-0.663,44.489,1.9510786760148864,1.4775230473015517,6.022899759722125,214.0,10,19.312
108,0.6970000000000001,43.911,-2.057,42.143,1.3430000000000002,47.957,6.735176018486823,1.6045330683623775,8.502534253809278,216.0,10,19.312
109,1.3090000000000002,43.333000000000006,2.7710000000000004,41.973000000000006,3.0090000000000003,47.311,5.343303098271705,1.9060459930005964,8.623673142276447,218.0,10,19.312
110,0.935,43.945,,,,,5.343303098271705,1.7244598358442569,,220.0,10,19.312
111,0.6970000000000001,43.979000000000006,-1.139,47.821000000000005,1.649,44.965,3.99120032070554,2.0554502182668504,9.107232326614437,222.0,10,19.312
112,0.187,44.591,-1.139,47.753,1.853,46.291,3.3300912900399595,2.409602863472911,17.294672811195998,224.0,10,19.312
113,0.357,44.557,-2.329,47.583000000000006,3.0090000000000003,45.135000000000005,5.872558897107802,2.829792325304074,12.881218572299426,226.0,10,19.312
114,0.765,44.523,-1.955,47.651,3.859,45.407,6.2320247111191724,3.0493090150455124,12.947011365887894,228.0,10,19.312
115,0.119,44.999,-1.139,47.719,-0.969,47.685,0.1733666634621546,2.521982036010842,1.175521423728452,230.0,10,19.312
116,0.357,44.42100000000001,-2.4650000000000003,45.339000000000006,0.5950000000000001,46.699000000000005,3.348611652610676,2.9115403525320485,14.443355925969184,232.0,10,19.312
117,0.663,43.571000000000005,-2.5330000000000004,44.727,-1.989,45.475,0.9248999945940104,2.488840496691031,1.2287743649341154,234.0,10,19.312
118,0.561,43.673,-2.2950000000000004,45.305,-2.193,44.42100000000001,0.8898651583245633,2.406085617761762,0.9526635023102068,236.0,10,19.312
119,0.5950000000000001,43.843,-2.397,47.651,3.043,45.509,5.846517253887138,2.9450447910323225,19.74093419054151,238.0,10,19.312
120,0.765,42.959,-1.989,48.025000000000006,1.003,43.911,5.086949970267056,2.8982872120597887,14.658260645435163,240.0,10,19.312
121,1.683,43.843,-2.431,47.107000000000006,3.145,43.265,6.771465129497456,3.2032621574337927,15.60145905741842,242.0,10,19.312
122,1.479,43.843,,,,,6.771465129497456,3.4442681298131794,,244.0,10,19.312
123,0.969,44.557,-2.2950000000000004,47.685,3.0090000000000003,47.277,5.319669162645361,3.2607100187186626,17.150985419632725,246.0,10,19.312
124,0.323,43.979000000000006,-0.5950000000000001,47.311,2.2270000000000003,47.345000000000006,2.82220481184481,2.7514023997667074,16.039895667033512,248.0,10,19.312
125,0.935,44.42100000000001,-0.561,48.229000000000006,3.111,45.645,4.490060133227616,2.650955200879789,18.420753010293016,250.0,10,19.312
126,0.255,44.86300000000001,-0.663,48.127,1.5470000000000002,45.305,3.584380560152619,2.7106460930231826,17.346339170665082,252.0,10,19.312
127,1.105,44.115,,,,,3.584380560152619,2.4995060254746124,,254.0,10,19.312
128,0.935,44.217000000000006,3.043,46.189,-0.425,44.829,3.725134091546236,2.5737333290905293,8.307279798079179,256.0,10,19.312
129,0.493,44.693000000000005,-2.737,43.537000000000006,-2.635,44.523,0.9912618221237012,2.8426203587129906,1.2448582601247766,258.0,10,19.312
130,0.459,44.931,3.621,44.86300000000001,2.737,46.86900000000001,2.1921432434948227,2.8322324934360528,4.680765330770938,260.0,10,19.312
131,0.357,44.489,2.7030000000000003,45.101000000000006,1.683,47.54900000000001,2.652,2.469741097554749,19.093456999300003,262.0,10,19.312
132,0.391,44.761,1.3430000000000002,46.121,4.063000000000001,45.237,2.8600447548945804,2.6215151078568804,4.354411628993565,264.0,10,19.312
133,1.207,44.285,1.3430000000000002,46.291,1.3090000000000002,44.353,1.9382982226685344,2.1908712967733632,2.6148201384320147,266.0,10,19.312
134,0.8330000000000001,44.625,3.859,45.441,-1.275,44.86300000000001,5.166433973254667,2.415248477747819,7.494182925205616,268.0,10,19.312
135,0.799,45.441,-1.207,45.271,-1.6150000000000002,45.305,0.4094142156789381,2.0674974966708413,13.533304534099344,270.0,10,19.312
136,-0.221,45.407,0.799,45.305,-0.7310000000000001,44.183,1.897309674249304,1.8676538344105111,8.430313406485853,272.0,10,19.312
137,0.663,45.679,2.907,45.067,1.5810000000000002,45.339000000000006,1.353609988142818,2.1533035633571327,2.02701851470907,274.0,10,19.312
138,0.8670000000000001,45.577000000000005,,,,,1.353609988142818,2.099712080357042,,276.0,10,19.312
139,1.513,45.509,3.689,44.557,2.4650000000000003,44.489,1.2258874336577563,2.023345173292056,1.9037220094609144,278.0,10,19.312
140,1.683,45.883,3.519,44.625,3.111,44.557,0.4136278520602789,1.986441488839656,2.115519453698413,280.0,10,19.312
141,1.377,45.543000000000006,3.723,43.945,2.635,45.883,2.2225183913749738,2.5358657773688966,3.0257690643474144,282.0,10,19.312
142,0.8670000000000001,45.135000000000005,,,,,2.2225183913749738,2.271864332279115,,284.0,10,19.312
143,0.765,45.101000000000006,2.5330000000000004,44.081,0.6970000000000001,46.461000000000006,3.005876910320847,2.2521331444598323,4.056448677540866,286.0,10,19.312
144,0.34,45.407,3.791,43.367,2.023,47.141000000000005,4.16760122852463,2.855592929683621,4.731334173024608,288.0,10,19.312
145,1.139,44.659000000000006,2.737,42.721,3.145,46.801,4.100349253417323,2.855925201709862,5.077728021555309,290.0,10,19.312
146,0.5950000000000001,44.285,3.791,45.509,3.5530000000000004,45.951,0.5020039840479357,2.380836967967975,,292.0,10,19.312
147,-0.357,44.455000000000005,3.723,43.401,4.029,44.999,1.6270341115047344,2.676911275285445,1.9167061039792692,294.0,10,19.312
148,0.357,44.115,2.397,44.455000000000005,3.4170000000000003,44.829,1.086405080989591,2.316240170683087,18.10264112887192,296.0,10,19.312
149,-0.187,43.809000000000005,2.7710000000000004,43.911,3.2470000000000003,44.387,0.6731656556895933,2.1524523520108643,2.7888328630093016,298.0,10,19.312
150,0.085,43.979000000000006,3.757,44.183,2.805,44.625,1.049603734749453,2.2477661277927035,1.344485410227431,300.0,10,19.312
151,0.7310000000000001,44.353,3.893,44.047,-1.003,45.98500000000001,5.265611075649246,2.092073114165508,6.231127787469357,302.0,10,19.312
152,1.105,44.931,3.859,45.373000000000005,2.975,44.557,1.203042808880881,2.285382644224505,1.4645544728045392,304.0,10,19.312
153,1.0710000000000002,44.183,3.825,46.461000000000006,-0.187,45.305,4.175222149778381,1.9181887254006829,7.515554453611053,306.0,10,19.312
154,1.513,42.959,,,,,4.175222149778381,2.4657190422774,,308.0,10,19.312
155,1.377,43.231,3.519,46.019000000000005,-2.669,42.381,7.178188350830591,2.303696831111533,8.836194590689969,310.0,10,19.312
156,1.207,43.571000000000005,,,,,7.178188350830591,2.382945349019817,,312.0,10,19.312
157,1.377,43.469,3.349,47.107000000000006,3.961,44.727,2.4574262959446007,2.5929012833616927,2.76050167404565,314.0,10,19.312
158,0.8670000000000001,43.129000000000005,-0.459,44.761,-0.221,44.489,0.3614249576329781,1.9602664526144444,15.066151769743517,316.0,10,19.312
159,1.3090000000000002,43.503,3.927000000000001,43.911,-0.391,43.877,4.318133856192974,1.3377216251558248,6.098000762535849,318.0,10,19.312
160,1.445,44.047,1.921,42.959,3.621,45.101000000000006,2.7346231915933137,1.2299460066407295,4.912626347011383,320.0,10,19.312
161,1.5470000000000002,43.707,-0.663,43.265,2.4650000000000003,45.713,3.972038267690784,1.2292581898320551,6.4123965626389605,322.0,10,19.312
162,1.105,43.197,-0.901,43.027,2.261,41.871,3.366686798619676,1.260033000615818,4.266735727302421,324.0,10,19.312
163,-1.479,43.741,-1.479,41.73500000000001,1.105,42.891000000000005,2.8307935283238166,1.8716546249138932,8.739578754210847,326.0,10,19.312
164,-1.853,44.761,-2.7710000000000004,42.347,0.085,46.325,4.897062384736385,1.7107156007105762,7.683660462421341,328.0,10,19.312
165,-1.5810000000000002,44.829,-2.737,42.211000000000006,-0.765,48.161,6.26827599902876,2.0610697312186472,12.55819437247166,330.0,10,19.312
166,-0.051,43.741,-2.7030000000000003,44.557,-0.187,48.807,4.938902307193372,2.0590962736281333,10.606797771889122,332.0,10,19.312
167,0.5950000000000001,45.407,-0.527,44.319,1.921,47.141000000000005,3.7358249423654746,1.0240197216088676,4.286315375227003,334.0,10,19.312
168,0.425,44.353,1.105,44.149,1.6150000000000002,46.665000000000006,2.567168868617723,1.3728451183689203,6.966907766521524,336.0,10,19.312
169,0.527,44.217000000000006,-0.153,42.279,-1.037,48.025000000000006,5.813602325580931,1.862206157276303,9.160506263671529,338.0,10,19.312
170,0.901,43.537000000000006,-1.751,46.393,-1.649,46.937000000000005,0.55347990026739,1.9802672634168168,0.6609545430390625,340.0,10,19.312
171,0.017,44.387,0.357,40.749,-2.669,47.379000000000005,7.287906146486795,2.114289712584942,9.178628332775912,342.0,10,19.312
172,-0.153,44.183,0.459,42.585,-3.145,44.217000000000006,3.956291192518569,1.2235110972985166,5.190819070816109,344.0,10,19.312
173,-1.173,43.979000000000006,-3.0090000000000003,42.789,0.289,44.319,3.6356160413332974,1.1216924206909245,5.130381511049989,346.0,10,19.312
174,-0.7310000000000001,43.639,-2.669,42.993,-0.357,41.633,2.682339277570979,1.49981923341761,8.31793737060314,348.0,10,19.312
175,0.663,44.251000000000005,-2.8390000000000004,42.619,1.411,44.319,4.577390086064328,2.310157220647924,8.859586752627381,350.0,10,19.312
176,0.357,45.169,-3.111,42.755,0.255,43.503,3.44810962702754,1.721533336067934,8.226047906518136,352.0,10,19.312
177,1.36,45.407,0.255,42.687000000000005,0.7310000000000001,45.067,2.427133288470166,1.5067930786406434,5.9099039506584,354.0,10,19.312
178,2.363,45.577000000000005,1.207,42.993,1.479,45.713,2.7335661689448822,1.5298257433333764,5.488314857221456,356.0,10,19.312
179,1.683,45.033,2.091,43.265,0.561,44.693000000000005,2.092865021925686,1.361290640982936,5.31780982338557,358.0,10,19.312
180,2.7030000000000003,44.251000000000005,1.241,44.217000000000006,3.927000000000001,45.611,3.0261910052077017,0.9305384225874384,3.9162396138961673,360.0,10,19.312
181,2.363,44.795,0.799,44.013000000000005,2.091,44.591,1.4153967641619083,1.0269677007050697,3.3433919319294367,362.0,10,19.312
182,2.601,44.727,3.4170000000000003,43.367,3.2470000000000003,43.503,0.2177062240727168,1.0947736654856,1.4063353539141812,364.0,10,19.312
183,1.241,45.747,4.029,45.577000000000005,-0.765,45.747,4.797013237421803,1.8921020788815872,10.136804997204464,366.0,10,19.312
184,1.037,45.101000000000006,-0.8330000000000001,48.093,-0.969,47.685,0.4300697617828996,2.3471477874385083,0.5311778114479578,368.0,10,19.312
185,0.017,44.999,0.8330000000000001,47.957,-2.9410000000000003,45.339000000000006,4.593147069276141,2.206774761804307,5.107639233887889,370.0,10,19.312
186,0.8330000000000001,45.475,-2.431,46.733,-1.751,46.461000000000006,0.7323824137702926,1.8768023067499804,1.661056581764767,372.0,10,19.312
187,1.0710000000000002,45.577000000000005,-1.513,45.781000000000006,-0.187,46.597,1.5569624272923224,1.6721785558659774,2.8849931102183377,374.0,10,19.312
188,1.207,45.713,-2.193,45.441,0.799,46.155,3.0760136540659246,1.7105281277012212,4.429000896246222,376.0,10,19.312
189,1.241,46.189,-3.519,45.577000000000005,0.935,47.685,4.927654614519975,1.9159557912130316,5.323681520582813,378.0,10,19.312
190,1.785,46.461000000000006,-1.785,45.747,2.2950000000000004,43.231,4.793397125212974,2.844807891476279,12.50465468454634,380.0,10,19.312
191,1.649,46.461000000000006,-2.363,45.101000000000006,0.051,47.243,3.227314673222926,2.7609380001987622,13.673403096603796,382.0,10,19.312
192,1.921,46.019000000000005,-2.057,45.441,0.153,44.081,2.594937378820537,3.0204707181307917,14.008802527362986,384.0,10,19.312
193,1.207,46.189,-3.587,44.897000000000006,2.397,43.979000000000006,6.054005285759174,2.692182846051116,10.688246344105446,386.0,10,19.312
194,1.802,46.155,-3.587,45.033,1.649,45.747,5.284457588059535,2.763399572760548,9.243224998958484,388.0,10,19.312
195,2.176,46.019000000000005,-3.213,45.237,2.023,46.189,5.321841786449499,2.942301674305611,8.262112580453458,390.0,10,19.312
196,2.193,46.42700000000001,-3.4850000000000003,44.013000000000005,-2.193,47.345000000000006,3.5737218694240886,3.239514915188011,4.141527574108085,392.0,10,19.312
197,1.0710000000000002,46.495000000000005,-3.519,45.101000000000006,1.3090000000000002,44.86300000000001,4.833862637684278,2.7850894984827965,16.582117758237395,394.0,10,19.312
198,0.799,46.563,-3.451,44.897000000000006,0.663,45.577000000000005,4.169819660369019,2.2856312284347235,9.309282873501507,396.0,10,19.312
199,1.173,47.005,-3.3830000000000005,43.503,0.629,46.359,4.924721311911974,2.7255657816745944,12.463759283600655,398.0,10,19.312
200,0.8670000000000001,46.835,-2.873,44.557,4.029,44.999,6.916138228809486,2.528739952534903,12.321327019797076,400.0,10,19.312
201,1.105,46.529,-1.6150000000000002,43.571000000000005,4.063000000000001,45.509,5.999627321759244,2.129870175752728,11.951949553635728,402.0,10,19.312
202,1.173,46.393,-2.363,41.939,3.859,45.645,7.242079811766783,2.4259681545399783,12.785060064777936,404.0,10,19.312
203,1.139,45.475,-0.935,44.489,0.527,47.345000000000006,3.208454456588094,2.277137844079164,9.777398256032004,406.0,10,19.312
204,1.0710000000000002,45.305,-3.3830000000000005,44.557,0.527,47.617,4.96504783461348,2.2918176220767954,10.618849681298553,408.0,10,19.312
205,1.955,45.067,-2.9410000000000003,44.455000000000005,1.649,47.073,5.284129445802781,2.769463001385671,12.142917720042524,410.0,10,19.312
206,-0.493,44.795,-1.853,45.407,-0.527,44.897000000000006,1.4206956042727803,2.3239550522295147,10.754059414650577,412.0,10,19.312
207,-0.5950000000000001,44.081,-3.281,46.087,-0.323,44.557,3.33026485433216,2.1080686079329136,15.65310677981868,414.0,10,19.312
208,-0.119,42.789,-3.111,46.597,-0.935,45.305,2.530659992966262,2.5993240644015128,18.872728598436,416.0,10,19.312
209,-0.391,42.721,-2.397,45.305,-0.289,44.557,2.2367762516621994,2.5181113872067304,17.730051000642842,418.0,10,19.312
210,0.425,41.939,-0.5950000000000001,43.775000000000006,0.459,38.879000000000005,5.0081665307775065,1.7461106196722054,8.097783210500763,420.0,10,19.312
211,-0.051,41.769000000000005,0.323,45.203,0.493,39.287000000000006,5.918442024722386,2.4138974415629213,9.360241237064374,422.0,10,19.312
212,0.357,41.497,1.819,48.501000000000005,0.8330000000000001,44.795,3.834922685009439,3.2366310461899643,7.461793702348647,424.0,10,19.312
213,0.187,41.599,-1.513,43.809000000000005,-0.323,44.217000000000006,1.258,2.4685081928560098,4.973168069066508,426.0,10,19.312
214,0.459,41.361,-3.5530000000000004,44.693000000000005,0.459,38.743,7.176255569585019,2.60761386403872,12.12272644198136,428.0,10,19.312
215,0.255,41.973000000000006,-1.3090000000000002,42.279,0.459,37.587,5.014049062384611,2.491094788750228,12.828752749082618,430.0,10,19.312
216,0.289,42.313,-0.969,41.089000000000006,0.8670000000000001,41.123000000000005,1.8363147878291457,1.793331442651264,14.017331230470443,432.0,10,19.312
217,0.153,41.973000000000006,-1.173,41.191,0.935,39.899,2.4724336189269067,2.072658475440283,12.070315141463984,434.0,10,19.312
218,0.153,42.449000000000005,-1.717,41.497,-0.493,37.009,4.651915734404484,3.1269081417812448,15.950233028029118,436.0,10,19.312
219,0.187,42.687000000000005,-1.921,41.531000000000006,0.7310000000000001,37.077000000000005,5.183745749937973,3.279919934399488,17.899917679833692,438.0,10,19.312
220,0.255,43.29900000000001,-2.397,42.109,0.425,35.343,7.330923543456173,3.808215353685216,20.739062538376576,440.0,10,19.312
221,0.629,43.197,1.411,41.191,0.459,35.785000000000004,5.489183910200132,2.88175377396899,11.808659743967706,442.0,10,19.312
222,-0.119,44.42100000000001,-0.119,40.341,1.411,41.157,1.7340000000000002,2.2965884089977058,3.607105825323065,444.0,10,19.312
223,0.323,43.911,0.425,40.511,0.527,40.987,0.486805916151396,2.0629348380411283,0.6053076182904049,446.0,10,19.312
224,0.323,44.081,0.561,40.885000000000005,1.479,41.293000000000006,1.0045834957832027,2.0725768770511177,4.165474641441274,448.0,10,19.312
225,0.493,45.203,0.051,41.429,1.717,41.259,1.6746510084193664,2.1061281274681924,11.749059530463365,450.0,10,19.312
226,0.561,44.829,1.513,42.143,0.561,43.707,1.8309560344257316,2.18676439756099,10.710734768094085,452.0,10,19.312
227,0.629,44.557,,,,,1.8309560344257316,1.78879156395016,,454.0,10,19.312
228,0.357,45.577000000000005,0.289,39.763000000000005,0.663,44.081,4.334166586553867,2.085131737124791,10.904890905722784,456.0,10,19.312
229,-0.051,44.591,0.935,37.791,-0.187,42.925,5.2551726898361775,3.2670806452108647,6.446728282647313,458.0,10,19.312
230,0.391,43.707,0.901,39.185,0.459,38.913,0.5189874757641074,2.8931200238479384,0.6808761642219922,460.0,10,19.312
231,1.275,42.891000000000005,1.003,39.763000000000005,1.241,43.707,3.9511745089276937,2.96736039179253,8.50319059647348,462.0,10,19.312
232,0.255,45.679,0.7310000000000001,38.505,4.029,44.183,6.566314643694742,3.329635183369577,15.88860641897941,464.0,10,19.312
233,0.187,45.475,-0.663,39.525000000000006,3.4850000000000003,44.387,6.391005241744057,3.19658396558291,16.226803056771633,466.0,10,19.312
234,-0.187,44.829,-0.153,38.301,2.567,43.877,6.204045132008632,3.228705862168052,16.987574680540114,468.0,10,19.312
235,-0.017,43.945,-0.561,37.383,2.8390000000000004,47.345000000000006,10.526226484358013,3.633663311317399,15.154333624718548,470.0,10,19.312
236,0.119,43.197,-0.629,38.573,3.1790000000000003,45.679,8.062015876937977,3.220041781524948,14.257035516377304,472.0,10,19.312
237,0.357,43.333000000000006,-0.629,38.641000000000005,2.737,43.333000000000006,5.77449738072501,3.000487040416072,17.093917895030444,474.0,10,19.312
238,-0.187,43.809000000000005,-0.6970000000000001,36.839000000000006,3.893,44.115,8.602806286323085,3.5960388454478305,15.772178848100634,476.0,10,19.312
239,-0.187,43.197,-0.5950000000000001,36.091,4.029,44.659000000000006,9.73611832302792,3.681126483821604,16.777638479039094,478.0,10,19.312
240,0.017,42.755,0.8670000000000001,36.295,3.859,44.523,8.75511553321828,3.801401062136972,17.56836152744372,480.0,10,19.312
241,0.323,43.503,-0.085,37.859,4.029,45.611,8.77601845941541,3.246756472543021,17.606999937136774,482.0,10,19.312
242,0.119,42.891000000000005,0.357,40.681,1.3090000000000002,45.305,4.720982948497062,2.835767698576132,5.893821302254529,484.0,10,19.312
243,0.493,43.571000000000005,0.765,39.117,2.975,45.441,6.699035452958881,2.70069652484285,9.084000075470566,486.0,10,19.312
244,1.003,42.517,-0.663,40.817,1.6150000000000002,44.081,3.9803241074063305,1.1554613202745485,5.429591069261552,488.0,10,19.312
245,0.8330000000000001,42.449000000000005,-0.153,40.953,0.5950000000000001,40.681,0.7959195939289346,1.1359672924222444,0.9922530203290472,490.0,10,19.312
246,-0.323,42.551,0.8330000000000001,40.919,0.527,42.109,1.2287131479723004,1.483157886541618,6.523800459034897,492.0,10,19.312
247,-0.153,41.973000000000006,-0.629,43.333000000000006,2.5330000000000004,43.163,3.166566594910014,1.371272598108599,7.067969610083159,494.0,10,19.312
248,-0.391,41.973000000000006,-0.255,43.809000000000005,0.765,42.347,1.782650835132893,1.0923873904218633,4.949348447458473,496.0,10,19.312
249,-0.391,42.857000000000006,0.323,44.557,0.425,40.171,4.38718588619174,1.4256037092828897,6.274053642824157,498.0,10,19.312
250,-0.969,44.047,-2.363,45.169,0.765,42.279,4.258695105311016,1.4337406073664551,7.338834120400671,500.0,10,19.312
251,-0.901,43.095000000000006,-3.281,43.605,-2.2270000000000003,42.857000000000006,1.2924472909948783,1.4727426919753397,6.725896240738419,502.0,10,19.312
252,-0.119,43.775000000000006,2.4650000000000003,46.155,2.363,45.441,0.7212489168102786,2.045638618329589,0.8862514166526821,504.0,10,19.312
253,-0.935,43.571000000000005,,,,,0.7212489168102786,2.578090188075285,,506.0,10,19.312
254,-0.289,42.313,-1.853,45.917,-0.663,41.021,5.038543043380696,1.617610318113388,5.953328169279776,508.0,10,19.312
255,1.6150000000000002,42.619,-0.493,44.965,0.561,41.157,3.9511745089276937,1.2488060104567984,6.832988046052818,510.0,10,19.312
256,0.051,42.415000000000006,-1.717,44.999,-0.391,43.571000000000005,1.9487072638033656,1.5105325120369124,7.771402959386482,512.0,10,19.312
257,-1.0710000000000002,43.435,-2.5330000000000004,45.679,0.8330000000000001,44.387,3.605443107303179,1.4432989988217966,8.335249393968693,514.0,10,19.312
258,-1.751,45.339000000000006,-3.0090000000000003,45.883,1.785,45.407,4.81757324801606,1.9007526706057305,5.18704128962028,516.0,10,19.312
259,-1.037,45.203,-3.451,43.945,0.187,48.399,5.750926881816531,1.5622190990609102,6.464698260802519,518.0,10,19.312
260,-1.819,45.475,-2.023,44.931,-1.411,46.937000000000005,2.0972791898075944,1.2021847676118664,3.006615692067732,520.0,10,19.312
261,-0.799,45.339000000000006,-2.4650000000000003,45.543000000000006,2.1590000000000003,44.727,4.695448008443923,1.4901190292427904,9.824313536003965,522.0,10,19.312
262,-0.8670000000000001,45.917,-1.989,47.889,-1.649,46.971,0.978940243324382,1.3480914929392174,2.196253155937937,524.0,10,19.312
263,-0.289,46.087,-1.5470000000000002,44.319,0.391,48.025000000000006,4.182138209098309,1.3874164429320184,8.634239815698853,526.0,10,19.312
264,0.561,46.121,-2.1590000000000003,47.243,2.2270000000000003,46.665000000000006,4.423921337456171,1.6020819223098253,9.981650234724103,528.0,10,19.312
265,0.017,45.781000000000006,-1.989,47.277,3.043,46.597,5.077738079105696,1.6668887797886105,10.488449262996363,530.0,10,19.312
266,0.561,45.101000000000006,-1.479,47.039,-0.051,45.781000000000006,1.9030890678052883,1.5018142621250066,3.761693785976688,532.0,10,19.312
267,0.459,43.605,-1.649,48.331,0.221,42.279,6.334319537251023,1.822028521160611,7.76241943638239,534.0,10,19.312
268,0.119,43.401,,,,,6.334319537251023,2.0725368484694937,,536.0,10,19.312
269,0.969,43.027,,,,,6.334319537251023,2.4474042825300324,,538.0,10,19.312
270,1.003,42.517,2.7030000000000003,47.787000000000006,0.629,42.857000000000006,5.3484928718284745,2.79470729992907,10.923846406247687,540.0,10,19.312
271,0.799,43.469,0.561,44.455000000000005,0.935,43.29900000000001,1.2149946501939834,2.166964431801036,1.3046748171165563,542.0,10,19.312
272,0.663,43.673,-1.003,42.925,0.051,42.075,1.3540369271183117,2.029973190033906,2.262479046718139,544.0,10,19.312
273,0.221,43.741,-2.7710000000000004,44.183,-0.765,41.803,3.112625258523744,2.3367890758990133,5.79713962741281,546.0,10,19.312
274,0.8330000000000001,43.231,1.0710000000000002,42.925,-0.527,41.361,2.236000894454204,1.9671513455739604,3.6948246537971583,548.0,10,19.312
275,-0.357,43.401,-0.765,37.689,-0.629,42.857000000000006,5.169789163979514,1.770828356821567,5.315857526942754,550.0,10,19.312
276,0.153,41.497,0.289,39.117,-1.6150000000000002,43.639,4.906495694485017,2.2766848059969136,10.596513356081696,552.0,10,19.312
277,0.561,42.585,0.901,42.823,1.3090000000000002,43.061,0.4723430956412933,1.9118939533585249,0.5535793484834817,554.0,10,19.312
278,0.6970000000000001,42.449000000000005,-2.737,43.469,0.969,36.465,7.924042655109828,2.2520975921429525,10.609837537565998,556.0,10,19.312
279,-0.425,42.007000000000005,-1.751,43.673,0.493,38.097,6.0105999700529065,2.504325354170878,9.27898143540111,558.0,10,19.312
280,0.323,41.633,-2.669,44.489,0.663,38.029,7.268687914610174,2.1003044335437675,10.152740002322416,560.0,10,19.312
281,0.017,41.973000000000006,-1.5470000000000002,42.687000000000005,0.051,36.635000000000005,6.259417544788014,2.3703547081575924,9.518646479866494,562.0,10,19.312
282,1.5470000000000002,42.653000000000006,1.445,42.381,0.357,37.383,5.115051123889184,2.553820413892581,13.026999861131056,564.0,10,19.312
283,1.3430000000000002,43.401,1.649,43.843,0.357,37.383,6.587933211561879,2.639969779530201,13.02743860828368,566.0,10,19.312
284,0.323,43.231,-1.785,44.149,-0.6970000000000001,39.933,4.354124481454337,2.0568518925789063,9.69090650712024,568.0,10,19.312
285,-1.445,44.285,-2.499,45.713,0.629,39.389,7.0553072222264,2.4976291600679765,8.53662934577528,570.0,10,19.312
286,-0.8670000000000001,44.115,0.459,36.805,0.663,36.057,0.7753192890674139,3.4581044472807023,2.6208560851390725,572.0,10,19.312
287,-0.493,41.191,-0.391,42.891000000000005,-0.629,37.791,5.105550313139614,3.3807691247389986,7.171446234264495,574.0,10,19.312
288,-0.561,42.483,,,,,5.105550313139614,3.045124555857767,,576.0,10,19.312
289,-0.289,42.619,0.493,39.321000000000005,0.561,38.607,0.7172307857307857,2.4901244035704444,0.795451253253291,578.0,10,19.312
290,0.051,43.877,0.153,45.135000000000005,0.187,37.043,8.09207142825618,3.517533260132157,16.729136507889493,580.0,10,19.312
291,-0.221,43.095000000000006,1.037,45.577000000000005,-0.935,43.333000000000006,2.987360038562477,3.156982312317634,9.945653195699384,582.0,10,19.312
292,-0.425,41.939,-1.683,44.285,-2.193,41.905,2.43402958075698,2.516339378418121,6.989686800497025,584.0,10,19.312
293,-0.493,43.29900000000001,0.935,41.225,0.527,40.817,0.5769991334482227,2.2717817283657467,0.8664542155470644,586.0,10,19.312
294,-0.561,44.115,0.085,44.727,0.935,41.633,3.2086346005738955,2.303781263508266,14.19521278471154,588.0,10,19.312
295,-1.105,44.387,-0.8670000000000001,44.829,-0.425,39.865,4.983639232528776,2.29042474809077,5.376426596177543,590.0,10,19.312
296,-0.6970000000000001,43.095000000000006,0.5950000000000001,45.849,-0.289,38.607,7.29575355943442,3.204524642899831,14.863806089783282,592.0,10,19.312
297,-0.629,41.021,-1.037,43.469,-0.119,37.859,5.6846129155818526,2.718446834335944,12.00856244246194,594.0,10,19.312
298,-0.391,40.341,0.527,45.917,0.7310000000000001,37.893,8.026592801432,2.525076526779712,10.773439745094546,596.0,10,19.312
299,-0.255,40.171,-1.649,43.809000000000005,1.5470000000000002,41.497,3.944586163338304,2.1681827655737345,10.236653302699942,598.0,10,19.312
300,-0.085,38.811,-0.7310000000000001,36.227,1.717,43.367,7.548000000000001,2.645482570138567,11.872965034640709,600.0,10,19.312
301,0.051,39.117,-0.255,37.213,-1.921,42.177,5.236110388446752,2.0683602834028765,10.24279511390808,602.0,10,19.312
302,0.391,39.559000000000005,3.587,43.843,-0.051,37.451,7.354774503681266,2.0267433652940894,9.24039940544681,604.0,10,19.312
303,0.799,39.797,2.975,43.809000000000005,2.635,44.319,0.6129437168288782,3.175057304803742,0.7488958551598829,606.0,10,19.312
304,0.561,39.899,-0.6970000000000001,36.941,3.0770000000000004,42.517,6.733116069102032,2.534105057666163,12.414835656086408,608.0,10,19.312
305,0.119,40.273,-0.323,37.621,3.111,42.279,5.786995766371357,2.611356964283714,11.95398111597724,610.0,10,19.312
306,0.153,41.463,-0.7310000000000001,35.411,1.683,42.721,7.698278768659915,3.2964233227403983,14.41033799446124,612.0,10,19.312
307,-0.085,41.395,0.085,33.847,3.723,43.197,10.032823331445645,4.29777281373083,18.666958497643293,614.0,10,19.312
308,-0.085,41.497,-0.357,34.833000000000006,3.1790000000000003,42.483,8.427680345148362,2.628287020767057,15.513647291016078,616.0,10,19.312
309,-0.289,42.041,-0.357,37.689,3.723,43.197,6.854521427495869,2.3982213392162177,16.42414260228652,618.0,10,19.312
310,0.085,43.061,0.289,38.165000000000006,2.975,44.523,6.9020837433343285,2.995345957556553,18.229063135515798,620.0,10,19.312
311,0.017,42.823,2.397,47.039,2.1590000000000003,46.971,0.2475237362355376,3.4833014980620685,1.74751783754793,622.0,10,19.312
312,0.459,44.353,0.323,36.533,2.1590000000000003,47.379000000000005,11.00030054134886,3.9810128340965374,15.33711837013991,624.0,10,19.312
313,-0.527,43.163,0.493,37.315000000000005,0.629,37.791,0.4950474724710753,2.2409648305697627,0.5316355974614,626.0,10,19.312
314,-0.629,43.503,-3.587,44.047,0.935,39.559000000000005,6.371077459896403,1.6804312637741254,9.831723710839492,628.0,10,19.312
315,-1.513,42.585,-3.3830000000000005,44.591,-0.629,47.481,3.992069137677854,1.3000838167953133,,630.0,10,19.312
316,-0.493,42.347,-3.519,45.645,0.357,41.021,6.0336350569122095,1.6595838664817704,7.768115780307023,632.0,10,19.312
317,-0.459,42.347,-1.921,43.571000000000005,-1.683,42.007000000000005,1.5820050568819306,1.5613397388520216,8.644086199255552,634.0,10,19.312
318,-0.425,42.279,-2.7030000000000003,43.911,0.8670000000000001,41.055,4.571830705527054,1.4341742263507231,6.763741261598813,636.0,10,19.312
319,-0.7310000000000001,43.027,-2.7030000000000003,44.183,-1.819,41.939,2.4118441077316755,1.7883739165633166,3.239617806014411,638.0,10,19.312
320,-0.969,42.619,-2.5330000000000004,42.143,-1.377,43.911,2.112382541113233,1.5206310187810097,3.123117136097065,640.0,10,19.312
321,-0.8670000000000001,42.857000000000006,-2.9410000000000003,42.551,-2.873,44.659000000000006,2.109096489020832,1.7706767016128402,2.680199722315254,642.0,10,19.312
322,-0.799,43.775000000000006,-0.663,47.447,-0.527,47.481,0.1401855912710004,2.090266893317742,0.1500532101167711,644.0,10,19.312
323,-0.799,43.503,-2.5330000000000004,45.543000000000006,0.493,40.715,5.69791716331503,2.091320108432952,9.977258591166636,646.0,10,19.312
324,-0.629,43.29900000000001,-3.3150000000000004,44.625,-1.5810000000000002,43.843,1.9021776993751136,2.1672870482859072,14.860535432493249,648.0,10,19.312
325,-0.459,42.891000000000005,-2.125,46.699000000000005,-1.5470000000000002,43.537000000000006,3.21439387754519,2.335413528790635,12.937230604307397,650.0,10,19.312
326,0.153,43.129000000000005,-2.397,47.141000000000005,-3.145,42.891000000000005,4.315322004207798,2.7749570466528395,17.09044037422282,652.0,10,19.312
327,-0.017,43.843,-0.527,46.529,-3.213,44.183,3.566274246324868,2.8956295051380887,18.895959663823103,654.0,10,19.312
328,1.955,44.591,1.377,47.073,-3.5530000000000004,44.081,5.766885121103073,2.729189915889121,13.318520213936726,656.0,10,19.312
329,2.1590000000000003,44.727,3.3150000000000004,45.067,-2.635,44.183,6.015310133318149,2.5387368759291458,15.79295371756571,658.0,10,19.312
330,1.207,44.42100000000001,3.5530000000000004,45.781000000000006,-2.907,43.163,6.970331699424354,2.4311683809791305,14.35377755439428,660.0,10,19.312
331,1.6150000000000002,44.42100000000001,2.669,46.563,-3.043,43.741,6.371077459896403,2.400768915006172,13.1808737564389,662.0,10,19.312
332,1.989,44.489,2.057,47.243,-2.873,44.727,5.534903431858591,2.478795631796181,14.93176301374516,664.0,10,19.312
333,1.683,43.29900000000001,2.2270000000000003,46.699000000000005,-1.717,43.503,5.076371932788219,1.924213283891565,11.261439132146943,666.0,10,19.312
334,0.765,43.265,3.723,45.169,-1.0710000000000002,43.877,4.96504783461348,2.1698950079054304,12.974570548773771,668.0,10,19.312
335,1.649,43.673,2.907,47.107000000000006,-0.765,44.489,4.5097126294255165,2.4091452932174184,13.312267709193804,670.0,10,19.312
336,0.8500000000000001,42.993,1.3430000000000002,45.237,1.139,45.373000000000005,0.2451774867315513,1.9240966797196009,0.5112547517013611,672.0,10,19.312
337,1.139,44.795,0.8670000000000001,46.903000000000006,1.037,47.107000000000006,0.2655484889808263,2.554334491568897,0.5853662675002224,674.0,10,19.312
338,-0.527,43.503,0.085,48.739,0.901,42.245000000000005,6.545066233431103,2.457570541883987,9.555738586799452,676.0,10,19.312
339,0.459,43.571000000000005,0.153,47.447,0.391,47.651,0.3134645115479582,2.432227828110044,0.4974303440843836,678.0,10,19.312
340,0.425,42.653000000000006,0.153,48.025000000000006,0.357,48.467000000000006,0.486805916151396,2.2477530718490777,1.1288391970010858,680.0,10,19.312
341,-0.085,42.823,-2.023,44.455000000000005,1.3430000000000002,45.237,3.4556446576579605,1.87942922915514,13.128756212601488,682.0,10,19.312
342,-0.663,43.367,-3.281,43.571000000000005,3.723,43.673,7.004742679071088,1.8108935019954795,10.319717123782745,684.0,10,19.312
343,-1.445,43.639,-3.043,46.631,-2.1590000000000003,44.081,2.698880508655394,1.3898713275170267,6.3335853133796585,686.0,10,19.312
344,-1.173,43.129000000000005,-2.805,46.393,-1.989,42.313,4.160799923091713,1.6922887340424857,5.970388422379342,688.0,10,19.312
345,-1.105,43.333000000000006,,,,,4.160799923091713,1.7338941868997402,,690.0,10,19.312
346,-1.241,43.197,-2.397,47.685,-1.513,43.843,3.942387601441543,1.7724485153729228,10.822114002170157,692.0,10,19.312
347,-0.5950000000000001,43.911,-1.411,48.263000000000005,-0.901,44.965,3.337200023972193,2.6360552128840427,17.102878908113208,694.0,10,19.312
348,-0.425,43.775000000000006,0.017,44.591,-0.527,43.571000000000005,1.156,2.3268848398884807,2.5087323391359466,696.0,10,19.312
349,-0.085,44.013000000000005,1.3430000000000002,45.917,0.8330000000000001,42.993,2.968143527526929,2.557489867816912,15.424989734541088,698.0,10,19.312
350,0.221,43.945,0.663,45.98500000000001,3.927000000000001,46.223000000000006,3.2726655802266142,2.5173477748476243,14.94349733087055,700.0,10,19.312
351,-0.5950000000000001,43.129000000000005,-1.989,47.99100000000001,2.397,42.075,7.364513018523358,2.585770409948765,11.78423636697462,702.0,10,19.312
352,-0.221,43.29900000000001,-1.683,48.127,3.451,43.29900000000001,7.047520131223465,2.7052647643904537,14.77015286018967,704.0,10,19.312
353,0.119,44.812000000000005,-1.785,47.99100000000001,3.0090000000000003,42.313,7.431158725259475,2.4637605135949934,16.691512802752158,706.0,10,19.312
354,1.5810000000000002,43.537000000000006,-1.139,47.889,1.037,42.619,5.701567854546678,2.292921551691057,11.68493610640685,708.0,10,19.312
355,1.4280000000000002,43.911,-1.173,44.86300000000001,-0.629,40.273,4.622124619696012,2.011371082327767,9.307874058691574,710.0,10,19.312
356,1.139,43.197,-2.057,42.007000000000005,0.187,41.667,2.269611420485895,1.9486460888783053,8.64707136163913,712.0,10,19.312
357,1.887,43.979000000000006,-2.193,41.803,3.995,44.455000000000005,6.732343425583696,2.377007902322572,12.680310363927628,714.0,10,19.312
358,1.683,44.353,-1.717,43.265,2.669,42.143,4.5272375683191175,2.701782659290617,12.532308731587325,716.0,10,19.312
359,0.969,45.067,-3.349,43.265,3.1790000000000003,43.265,6.5280000000000005,2.411759721517877,11.817794382303507,718.0,10,19.312
360,1.105,45.271,-3.043,43.707,1.989,43.979000000000006,5.039345989312503,2.8000443318168844,14.140722690893949,720.0,10,19.312
361,0.935,44.693000000000005,-1.5810000000000002,43.605,2.567,42.211000000000006,4.375973034651837,2.427339736932802,16.13833434711283,722.0,10,19.312
362,1.513,44.829,-3.2470000000000003,43.095000000000006,1.037,42.177,4.381253245362564,2.822580975113317,15.34081227066821,724.0,10,19.312
363,1.241,44.557,-3.1790000000000003,43.231,0.799,43.537000000000006,3.9897518719840215,2.763638113075183,16.376828581918076,726.0,10,19.312
364,1.173,44.591,-2.873,44.081,0.493,42.347,3.7863850834272,2.1740547028514547,15.328418507263777,728.0,10,19.312
365,1.649,44.999,-3.4850000000000003,45.169,1.5470000000000002,42.041,5.924981687735415,2.457011106482275,16.559568506919256,730.0,10,19.312
366,2.091,46.121,,,,,5.924981687735415,2.952418998974444,,732.0,10,19.312
367,1.649,46.325,-3.0090000000000003,44.795,1.241,41.123000000000005,5.616590068716072,3.0919361686422957,16.701353554830455,734.0,10,19.312
368,1.819,45.203,-2.7710000000000004,44.693000000000005,2.057,41.769000000000005,5.644409623689621,2.221100716958829,15.840752343007924,736.0,10,19.312
369,2.023,44.523,-1.921,44.693000000000005,2.601,42.517,5.018312465361239,2.104386259195145,7.355617039636323,738.0,10,19.312
370,1.887,44.455000000000005,-2.091,44.829,2.975,42.449000000000005,5.597209661965505,2.1088018821211736,7.156780879126504,740.0,10,19.312
371,2.499,43.435,-3.4850000000000003,44.149,3.655,46.461000000000006,7.504994603595662,2.6289345641676136,11.966920115305856,742.0,10,19.312
372,0.629,43.571000000000005,2.431,41.803,-0.459,44.591,4.015600079689212,1.4551862046493815,6.425963063268766,744.0,10,19.312
373,1.785,43.775000000000006,0.527,41.837,0.561,42.381,0.5450614644239676,1.4534627159951186,0.6972051963381776,746.0,10,19.312
374,1.921,44.795,1.5470000000000002,41.837,-1.513,45.849,5.045764956872249,1.818337280188821,8.814067403240358,748.0,10,19.312
375,1.292,43.809000000000005,3.3830000000000005,43.469,-1.207,45.033,4.849143841958084,2.6537863271508044,10.653651771074095,750.0,10,19.312
376,1.207,42.993,2.601,44.455000000000005,-3.5530000000000004,44.353,6.154845245820565,2.7605035150810417,10.586456155316652,752.0,10,19.312
377,1.5470000000000002,44.013000000000005,3.689,46.155,-3.281,43.163,7.585048714411793,2.2031448019047244,8.683333263405379,754.0,10,19.312
378,2.8390000000000004,44.319,3.451,43.979000000000006,-2.2270000000000003,43.503,5.69791716331503,2.27223543516004,10.994769872403491,756.0,10,19.312
379,1.819,44.455000000000005,3.0090000000000003,46.053,-0.5950000000000001,42.109,5.34265402211298,1.8669363376429835,11.715405772200008,758.0,10,19.312
380,2.261,45.169,-1.275,41.871,-1.3090000000000002,42.347,0.4772127408190188,2.210539188785089,0.516847700323305,760.0,10,19.312
381,1.5470000000000002,44.795,-2.7710000000000004,42.925,0.119,47.54900000000001,5.452841094328717,2.291692537589886,,762.0,10,19.312
382,0.8670000000000001,45.577000000000005,-2.669,44.149,0.8330000000000001,45.98500000000001,3.954099138868423,2.6218129416762905,19.370619949989848,764.0,10,19.312
383,0.391,45.849,-2.023,44.353,-1.105,44.285,0.9205150732063002,2.9218536412375298,18.905484445017624,766.0,10,19.312
384,0.153,46.155,,,,,0.9205150732063002,2.8039604024473066,,768.0,10,19.312
385,0.5950000000000001,46.087,-3.3830000000000005,43.435,-1.173,45.271,2.8731508836119275,3.1544002143350607,20.71261945522156,770.0,10,19.312
386,0.459,45.577000000000005,-2.431,45.101000000000006,0.017,46.359,2.752320475526061,2.5646286669899183,3.1166896947174005,772.0,10,19.312
387,0.6970000000000001,45.305,-2.5330000000000004,44.999,-1.241,44.557,1.365513822705578,2.171255298365586,14.597143375928962,774.0,10,19.312
388,0.8330000000000001,45.849,-3.5530000000000004,44.523,-0.051,43.673,3.6036792310082206,2.8356609677004907,16.624621529735663,776.0,10,19.312
389,0.391,45.577000000000005,-2.125,44.659000000000006,-0.493,46.665000000000006,2.586012374293673,2.366940029849465,17.332292525327155,778.0,10,19.312
390,1.513,46.121,-3.621,44.557,3.927000000000001,45.883,7.66358793255483,2.439482552256995,11.028087449611558,780.0,10,19.312
391,1.955,46.42700000000001,-3.5530000000000004,44.115,3.4850000000000003,44.115,7.038,2.983908452891402,13.087781318737576,782.0,10,19.312
392,1.955,45.747,-3.5530000000000004,44.387,3.689,43.673,7.2771120645486835,3.0276847921271925,12.636659854834027,784.0,10,19.312
393,1.241,46.087,-3.587,44.285,1.445,43.741,5.061319985932524,3.3277788383603086,19.550051123759197,786.0,10,19.312
394,1.513,45.781000000000006,-3.451,44.965,1.6150000000000002,42.279,5.734017091010455,3.202748317784033,16.918543557940332,788.0,10,19.312
395,0.8670000000000001,45.747,-2.805,47.107000000000006,0.799,44.727,4.318936906230514,2.683143943818886,18.39177021955519,790.0,10,19.312
396,1.207,44.999,-2.431,47.651,1.649,43.673,5.698322911173077,2.4837909223172683,14.842819951193055,792.0,10,19.312
397,1.819,43.571000000000005,-1.649,46.121,1.751,43.333000000000006,4.396924379609001,2.8805144917995613,11.504935339316308,794.0,10,19.312
398,0.8670000000000001,43.401,-3.111,45.917,2.805,43.945,6.236011545852045,2.6958133887596354,14.219516213634645,796.0,10,19.312
399,0.935,43.129000000000005,-2.737,47.277,2.431,42.755,6.867074195026584,2.922612510668785,18.62819358339621,798.0,10,19.312
400,0.391,43.605,-1.853,45.951,1.989,42.313,5.29112540013937,2.883011290717732,19.58661364574641,800.0,10,19.312
401,0.663,43.775000000000006,0.8670000000000001,45.883,1.955,42.653000000000006,3.408319820674111,2.2416754126571803,9.01253942559252,802.0,10,19.312
402,-0.187,44.625,-0.8670000000000001,48.603,1.6150000000000002,43.877,5.338108279156578,2.4621789838656056,18.80240180074897,804.0,10,19.312
403,0.051,44.319,-0.8330000000000001,46.359,2.737,43.333000000000006,4.6799119649839565,2.7756641382153955,17.209939323624855,806.0,10,19.312
404,-0.051,44.319,-1.479,47.54900000000001,3.145,42.347,6.960041666541947,2.006765455259596,10.523214650944029,808.0,10,19.312
405,0.5950000000000001,44.693000000000005,-1.955,48.025000000000006,3.723,45.611,6.169852510392773,2.160715943145078,10.578986059087452,810.0,10,19.312
406,0.119,44.251000000000005,-0.663,48.637,-1.173,45.407,3.270015290484129,2.5186185557369787,4.190434173271595,812.0,10,19.312
407,-0.459,43.707,-0.119,48.807,2.499,45.781000000000006,4.001324780619539,2.955997384369355,18.721033129192527,814.0,10,19.312
408,-0.5950000000000001,44.489,1.411,47.889,-0.017,45.033,3.1931050718697,2.5519826308290168,13.037563795676112,816.0,10,19.312
409,-0.051,44.489,1.0710000000000002,48.127,1.377,48.093,0.3078830946966722,2.501582910816654,,818.0,10,19.312
410,0.119,45.407,-0.221,46.019000000000005,2.737,47.141000000000005,3.1636447335312483,2.743686946785916,19.47707573674081,820.0,10,19.312
411,-0.357,43.571000000000005,0.799,45.271,2.397,47.54900000000001,2.782604535322977,2.477817869544898,15.721128162772828,822.0,10,19.312
412,-1.173,44.217000000000006,0.187,45.339000000000006,1.275,45.917,1.2320016233755535,1.9663687131646408,16.23218781416227,824.0,10,19.312
413,-0.663,44.149,-1.003,44.319,2.2950000000000004,48.025000000000006,4.960971679016119,2.432513112064319,9.294512975214507,826.0,10,19.312
414,0.153,43.775000000000006,0.459,42.551,1.853,43.775000000000006,1.855104309735709,1.4783372876977166,2.334447338315936,828.0,10,19.312
415,-0.187,43.061,0.255,41.361,-0.153,41.599,0.4723430956412933,1.53905973682497,7.309011212228055,830.0,10,19.312
416,-0.119,44.081,2.329,46.801,-2.261,43.197,5.835830360796996,2.133297755948939,8.88704137249833,832.0,10,19.312
417,-0.017,43.843,2.261,46.835,-2.091,42.551,6.106763463570536,2.061144052788834,9.43171037406449,834.0,10,19.312
418,0.119,44.523,2.091,46.393,0.255,43.809000000000005,3.169850469659413,2.427643704708426,18.34081939230243,836.0,10,19.312
419,-0.187,44.523,2.873,46.42700000000001,0.493,43.979000000000006,3.4142501372922283,2.491130031763949,18.80190809245968,838.0,10,19.312
420,-0.153,43.979000000000006,2.9410000000000003,47.583000000000006,0.187,43.571000000000005,4.866277838348321,2.5097228529736944,19.41044230399658,840.0,10,19.312
421,0.323,44.489,1.717,47.787000000000006,3.587,45.101000000000006,3.272842189901615,2.8572941153346423,19.875598915007743,842.0,10,19.312
422,-0.289,43.809000000000005,1.445,47.141000000000005,3.859,45.441,2.952523666289569,2.444785015518006,19.40215378139047,844.0,10,19.312
423,0.629,44.251000000000005,3.2470000000000003,47.413,3.825,45.271,2.2186139817462616,2.59758686733155,3.3253588637564477,846.0,10,19.312
424,0.901,44.149,-0.629,47.515,2.873,45.713,3.9384270972051776,2.0339532342645583,17.515358851783336,848.0,10,19.312
425,1.445,42.449000000000005,0.6970000000000001,48.127,-0.8330000000000001,42.993,5.357131321892343,2.453770039928806,10.243980507030424,850.0,10,19.312
426,0.527,42.619,-0.255,48.705000000000005,-1.5470000000000002,41.327000000000005,7.490270222094795,2.7619964160793096,11.826984335571732,852.0,10,19.312
427,0.5950000000000001,43.945,-0.153,48.603,-0.935,41.633,7.013731104055816,2.318261261982045,10.286620254802106,854.0,10,19.312
428,-0.459,42.993,0.493,48.739,-0.561,39.117,9.679555774930998,2.741366719250873,11.081287845139132,856.0,10,19.312
429,-0.799,42.891000000000005,1.479,43.979000000000006,-0.459,40.103,4.3334997403945925,2.641017306920239,10.191459767937491,858.0,10,19.312
430,-0.425,43.061,-3.349,44.523,-3.587,44.42100000000001,0.2589362855993729,2.278485645049974,0.6074360176727442,860.0,10,19.312
431,0.085,42.449000000000005,-3.3150000000000004,43.639,-3.111,43.401,0.3134645115479582,1.965794015667256,0.3818346552910742,862.0,10,19.312
432,-0.187,42.653000000000006,-3.1790000000000003,44.42100000000001,-3.213,44.217000000000006,0.2068139260301394,2.9789477707427063,0.245868138337736,864.0,10,19.312
433,-0.391,43.673,-3.519,44.013000000000005,1.377,41.361,5.568116378094122,3.033259880137351,15.606815605810752,866.0,10,19.312
434,0.119,42.041,-3.043,42.959,0.085,39.117,4.954326190310848,2.125504403767825,8.935654597392547,868.0,10,19.312
435,0.085,41.73500000000001,-3.2470000000000003,43.095000000000006,-0.289,39.151,4.930000000000001,1.7344477476487563,9.05318363479813,870.0,10,19.312
436,-0.323,41.259,-1.5470000000000002,43.571000000000005,0.901,40.001000000000005,4.328695415480281,1.1497079908821528,6.87831286996224,872.0,10,19.312
437,0.187,40.647000000000006,0.425,41.191,0.8670000000000001,38.641000000000005,2.588023183821969,0.9095550446272788,3.144637554992374,874.0,10,19.312
438,0.799,41.871,1.955,44.285,0.6970000000000001,38.437000000000005,5.981777996549187,1.548316940567624,7.671125242983373,876.0,10,19.312
439,1.003,42.041,,,,,5.981777996549187,1.563191114016967,,878.0,10,19.312
440,0.459,42.449000000000005,2.1590000000000003,41.633,-0.629,37.553,4.941593265334573,2.2349202928124954,8.900002374887046,880.0,10,19.312
441,0.527,42.619,1.717,46.495000000000005,-0.561,36.023,10.71690571013854,2.4449489728330693,12.469152862052647,882.0,10,19.312
442,0.357,43.129000000000005,2.7710000000000004,42.245000000000005,-0.459,38.539,4.916028478355267,2.353274291637316,8.944665600481391,884.0,10,19.312
443,0.357,42.823,3.655,43.095000000000006,0.357,35.887,7.926668152508973,3.15254467050964,12.918379059402874,886.0,10,19.312
444,0.476,42.551,4.029,44.489,0.663,36.805,8.388910060311769,2.920043482379284,11.674774721433373,888.0,10,19.312
445,0.799,42.823,3.689,43.129000000000005,0.935,37.349,6.40257104607204,2.180407156861288,10.95544710265599,890.0,10,19.312
446,0.425,42.415000000000006,,,,,6.40257104607204,3.3870869926697327,,892.0,10,19.312
447,0.051,41.599,0.935,37.825,-1.6150000000000002,41.803,4.725143807335392,2.815026429774689,8.653136814962126,894.0,10,19.312
448,0.425,41.837,0.6970000000000001,37.043,1.819,43.333000000000006,6.3892866581489365,1.9804916244473416,8.077111332655145,896.0,10,19.312
449,0.459,41.327000000000005,-1.3430000000000002,41.599,0.7310000000000001,39.559000000000005,2.909136641685983,1.0337885995447125,3.5714121566163746,898.0,10,19.312
450,0.527,41.803,-0.391,40.273,2.601,41.905,3.408150231430534,1.1517485193550383,6.125016908346696,900.0,10,19.312
451,0.017,41.667,-1.275,43.265,0.459,41.633,2.3812139761054656,1.087445958001092,5.46190459555156,902.0,10,19.312
452,0.085,40.613,-0.153,41.701,0.289,43.367,1.7236356923665743,1.8417849152208088,8.84777951548736,904.0,10,19.312
453,0.187,40.477,0.6970000000000001,37.859,-0.629,41.803,4.160938836368543,1.8997418223927005,4.639395882951446,906.0,10,19.312
454,0.391,40.205000000000005,0.629,35.751000000000005,1.785,43.129000000000005,7.468013122645139,2.3307947946219936,9.493823034715607,908.0,10,19.312
455,0.289,39.559000000000005,-0.663,38.233,0.561,43.809000000000005,5.708760986413777,2.4388930687964634,13.62442523628639,910.0,10,19.312
456,0.289,40.341,-0.493,37.417,-0.459,44.149,6.732085858038355,2.41485111220159,10.410826298432738,912.0,10,19.312
457,0.459,40.613,-0.6970000000000001,37.825,-0.8330000000000001,43.163,5.33973220302292,2.232653645164926,10.40742247880782,914.0,10,19.312
458,0.323,39.899,0.187,37.519000000000005,-2.261,46.189,9.008973526434628,2.5314927677914105,11.476228481976785,916.0,10,19.312
459,0.5950000000000001,38.301,-0.221,38.165000000000006,-1.5470000000000002,43.673,5.665363183415518,3.2552224963022347,15.193116288119183,918.0,10,19.312
460,0.663,37.927,-0.187,34.765,-1.717,43.945,9.306626671356277,3.2561152932401467,12.440475244434351,920.0,10,19.312
461,0.289,38.573,-0.6970000000000001,37.859,-2.2270000000000003,44.999,7.30208874227094,3.9250718433581473,18.83065077217863,922.0,10,19.312
462,0.255,38.709,-0.391,36.941,-2.4650000000000003,43.29900000000001,6.687723080391413,2.6799006397336824,9.841255257015256,924.0,10,19.312
463,-0.085,39.355,0.085,36.431,-3.0770000000000004,46.461000000000006,10.51661276267221,3.8572690678032657,15.377488101821257,926.0,10,19.312
464,-0.629,41.055,-0.6970000000000001,37.077000000000005,-3.281,44.965,8.300457818698918,3.999070257553032,16.888637251843846,928.0,10,19.312
465,-0.187,41.531000000000006,-0.6970000000000001,37.213,-3.587,44.625,7.955491436737268,4.03890229215618,18.287440757252,930.0,10,19.312
466,0.425,42.041,-0.527,38.233,-2.023,46.155,8.062015876937977,4.597620234262706,20.99070270025756,932.0,10,19.312
467,0.357,41.905,-0.6970000000000001,38.233,-0.289,40.001000000000005,1.8144663127211813,2.3594113266226584,15.787588955701784,934.0,10,19.312
468,0.425,41.939,-0.527,37.519000000000005,-1.173,41.599,4.1308250991781295,2.303682757424746,13.707870464026389,936.0,10,19.312
469,1.0710000000000002,42.109,-0.493,39.559000000000005,0.289,39.933,0.8668333173107735,1.9138854017233355,1.1635411853518576,938.0,10,19.312
470,0.561,41.463,0.153,37.961000000000006,0.391,37.995000000000005,0.2404163056034262,1.7107589630143951,0.7151075268108577,940.0,10,19.312
471,0.561,42.449000000000005,,,,,0.2404163056034262,2.8188263315225632,,942.0,10,19.312
472,0.561,41.633,3.621,43.877,3.859,43.469,0.4723430956412933,2.4680633644098164,13.842188320159494,944.0,10,19.312
473,0.8670000000000001,42.755,0.017,36.499,1.241,41.123000000000005,4.783257467458761,2.816052049919492,17.072529479927464,946.0,10,19.312
474,0.527,44.149,,,,,4.783257467458761,2.54271251078739,,948.0,10,19.312
475,0.561,43.673,3.213,42.381,-0.391,43.435,3.754960985150179,2.0260976056434017,4.881787066815068,950.0,10,19.312
476,-0.561,44.455000000000005,3.349,42.619,2.4650000000000003,42.755,0.8944003577816816,2.6541751578770363,19.144550677020288,952.0,10,19.312
477,-0.357,44.455000000000005,-0.051,43.367,0.255,40.851000000000006,2.534539800437152,2.5035489464555933,18.28123937123689,954.0,10,19.312
478,-0.255,44.829,-0.629,40.715,2.873,44.829,5.40268451790404,2.574844353357915,15.705004031690892,956.0,10,19.312
479,-1.037,46.019000000000005,-3.3830000000000005,43.707,3.043,45.271,6.61358994797833,2.8257903562459674,14.96698492978416,958.0,10,19.312
480,-1.377,47.005,-2.805,42.449000000000005,-2.601,42.483,0.2068139260301394,2.9168087007463708,0.3615957178653757,960.0,10,19.312
481,-1.513,44.727,-3.587,44.047,3.3830000000000005,45.543000000000006,7.128738738374412,3.135411362904151,16.451328687312987,962.0,10,19.312
482,-0.187,46.291,-1.377,47.957,2.9410000000000003,46.461000000000006,4.569807435767945,2.0238230716775973,5.737757846698262,964.0,10,19.312
483,-0.7310000000000001,43.707,1.3090000000000002,46.325,2.2950000000000004,44.523,2.054117815511077,2.299034070348303,13.791415962421407,966.0,10,19.312
484,-0.663,44.523,-0.5950000000000001,47.787000000000006,3.519,43.673,5.818074595602913,2.3350492553008064,11.9396406891975,968.0,10,19.312
485,-1.5470000000000002,45.271,-1.5470000000000002,47.073,1.6150000000000002,44.081,4.353195148393879,1.4092548378379064,5.736173668459895,970.0,10,19.312
486,-0.8670000000000001,45.237,0.663,44.829,-0.8330000000000001,43.945,1.7376627981285668,1.0711752221445858,6.492614986875422,972.0,10,19.312
487,-2.023,43.877,0.221,46.359,-2.1590000000000003,44.217000000000006,3.201962523203544,1.4702398164967585,5.146738156093965,974.0,10,19.312
488,-2.261,43.741,0.085,46.291,-3.4170000000000003,44.591,3.892814406056369,1.615735977776766,8.630879420107872,976.0,10,19.312
489,-0.527,44.183,1.3430000000000002,46.665000000000006,-3.111,42.789,5.9043621162662445,2.386666354328357,9.578380019928955,978.0,10,19.312
490,0.969,43.877,-1.887,43.639,-2.669,42.993,1.0143175045319883,2.31585335900201,,980.0,10,19.312
491,0.425,43.877,-0.255,45.815000000000005,-1.649,42.313,3.76924926212104,2.3594353901719014,16.51927121078482,982.0,10,19.312
492,1.3430000000000002,43.163,0.051,47.243,-0.935,41.361,5.964069080753508,2.9417606849976488,15.359010644009643,984.0,10,19.312
493,1.649,43.809000000000005,0.153,47.583000000000006,-1.3430000000000002,41.361,6.399320276404362,3.0317021902230863,15.635784976317028,986.0,10,19.312
494,1.955,42.517,1.921,48.365,-1.955,41.633,7.768088567981187,2.7412855570922403,11.148675334279348,988.0,10,19.312
495,2.125,42.585,2.057,47.821000000000005,0.527,41.667,6.341341813843504,1.934783597595547,7.463547603841089,990.0,10,19.312
496,1.5810000000000002,42.687000000000005,3.281,45.169,0.935,40.613,5.124534320306578,1.5637670999838036,6.439910166669909,992.0,10,19.312
497,1.3430000000000002,42.993,3.825,45.271,2.4650000000000003,41.837,3.693501861377628,1.7445824823377434,7.943137668543032,994.0,10,19.312
498,0.935,42.449000000000005,1.649,44.251000000000005,1.955,41.837,2.433317077571273,0.936729411559004,4.338875519820792,996.0,10,19.312
499,2.023,44.999,3.3150000000000004,42.551,3.519,42.823,0.34,1.217572395624623,0.7836347449389875,998.0,10,19.312
500,1.785,45.373000000000005,3.859,43.503,4.029,44.285,0.8002649561239078,1.321752628801502,1.1422455553476676,1000.0,10,19.312
501,0.289,45.98500000000001,0.493,46.903000000000006,3.281,43.163,4.664819825030759,2.224163860230335,12.19514679074173,1002.0,10,19.312
502,0.085,45.475,0.323,46.223000000000006,2.873,45.101000000000006,2.785926057884524,1.6019313394228996,3.365873822114988,1004.0,10,19.312
503,0.799,45.203,1.411,48.127,3.281,42.823,5.623994665715821,1.694233847518106,7.860914967825217,1006.0,10,19.312
504,-1.241,45.917,-3.145,46.461000000000006,2.635,43.061,6.705848193927447,3.1279150737100285,13.487566737051704,1008.0,10,19.312
505,-0.425,46.359,-1.275,46.053,3.757,44.42100000000001,5.290032892147269,2.7473925743126557,12.861265974642444,1010.0,10,19.312
506,-0.799,46.053,,,,,5.290032892147269,2.236521393314416,,1012.0,10,19.312
507,-0.493,45.339000000000006,0.357,48.67100000000001,1.5810000000000002,41.225,7.545932149178125,1.967334265286742,9.502878344814423,1014.0,10,19.312
508,-0.051,44.489,-1.853,44.285,2.9410000000000003,44.625,4.806041614468191,1.339560944942971,5.939835430734867,1016.0,10,19.312
509,-0.629,45.577000000000005,0.629,45.747,1.3430000000000002,45.713,0.7148090654153738,0.9550288693580794,1.9575153520957749,1018.0,10,19.312
510,-0.391,45.135000000000005,-1.3090000000000002,47.651,1.717,44.591,4.303519025169983,1.122234057464775,5.78837844567031,1020.0,10,19.312
511,-0.663,45.101000000000006,0.051,46.087,1.241,44.251000000000005,2.187920473874679,1.0248569072383118,6.211489159279927,1022.0,10,19.312
512,-1.377,45.203,-1.445,48.331,0.799,44.557,4.3907416230063,1.4245733978150776,5.361249753000712,1024.0,10,19.312
513,-0.969,45.339000000000006,-1.003,47.379000000000005,0.323,44.931,2.784058189047061,1.2727694068879758,3.884494639806341,1026.0,10,19.312
514,-1.003,44.523,-1.241,44.047,-0.935,42.993,1.0975208426266905,1.098034842373371,,1028.0,10,19.312
515,-1.275,45.305,-0.357,45.611,-0.765,41.191,4.438790826339985,1.621043198990518,5.614904530697725,1030.0,10,19.312
516,-0.935,46.325,,,,,4.438790826339985,1.2798670147169275,,1032.0,10,19.312
517,-1.003,46.801,-2.2950000000000004,47.175,-0.017,45.407,2.883592897757935,1.1829556542742814,4.986406960159274,1034.0,10,19.312
518,0.221,47.039,-2.805,44.115,0.425,48.705000000000005,5.612575166534521,2.211153072953837,8.674129014885363,1036.0,10,19.312
519,0.5950000000000001,46.733,,,,,5.612575166534521,1.601271195029777,,1038.0,10,19.312
520,1.003,46.257000000000005,,,,,5.612575166534521,1.5316291149598644,,1040.0,10,19.312
521,0.799,46.121,-1.513,47.073,1.0710000000000002,47.957,2.731027645411156,1.8120790293911369,10.463341989129136,1042.0,10,19.312
522,0.272,46.291,-1.683,48.127,0.901,45.475,3.702723322096859,1.4674344908201131,6.609319820293647,1044.0,10,19.312
523,0.6970000000000001,45.951,-1.717,47.821000000000005,1.139,47.379000000000005,2.89,1.558920171958916,9.126648702013686,1046.0,10,19.312
524,1.989,45.543000000000006,-2.2950000000000004,47.787000000000006,3.893,44.217000000000006,7.14396556542653,1.9761414149100005,8.61376688639153,1048.0,10,19.312
525,1.411,45.98500000000001,-1.989,47.719,3.1790000000000003,42.959,7.026081696080682,2.101406856512024,9.348952572082707,1050.0,10,19.312
526,1.037,46.223000000000006,-2.1590000000000003,47.651,2.4650000000000003,42.687000000000005,6.784001179245181,1.9730104091045972,8.029884160939327,1052.0,10,19.312
527,1.241,44.251000000000005,-1.955,47.617,2.1590000000000003,41.871,7.066930875564017,2.254464569846267,8.720037617160434,1054.0,10,19.312
528,0.255,44.693000000000005,-0.187,46.665000000000006,1.751,41.769000000000005,5.265611075649246,2.240436582702872,7.113237146545236,1056.0,10,19.312
529,0.969,44.42100000000001,-1.445,47.141000000000005,0.425,41.803,5.656071428120406,2.192994408714825,6.566679389549633,1058.0,10,19.312
530,1.513,43.673,-3.0090000000000003,46.937000000000005,-2.499,45.781000000000006,1.2635014839722192,2.4808512947790944,1.7569739042229044,1060.0,10,19.312
531,0.187,43.639,-2.1590000000000003,43.027,-1.377,41.73500000000001,1.5102277973868712,2.209886724778537,1.6302278732523077,1062.0,10,19.312
532,0.901,43.435,-0.935,41.055,1.989,42.109,3.1081653752656084,2.2520706312719843,11.910504746610254,1064.0,10,19.312
533,0.255,43.061,,,,,3.1081653752656084,2.3841809790917305,,1066.0,10,19.312
534,0.459,43.061,0.153,44.795,0.187,39.627,5.168111840895087,2.144454127986092,11.369553529579107,1068.0,10,19.312
535,0.119,43.265,3.5530000000000004,43.367,0.8330000000000001,35.853,7.991157362985665,3.18777366596808,16.06727878499025,1070.0,10,19.312
536,0.017,42.517,3.655,44.217000000000006,-0.221,37.757000000000005,7.533589848140129,2.920426917126528,15.2980291319753,1072.0,10,19.312
537,0.493,43.129000000000005,3.689,43.639,-0.629,38.301,6.865811532513837,2.483429757147614,16.024929381695713,1074.0,10,19.312
538,-0.425,44.217000000000006,2.329,45.135000000000005,-0.561,39.253,6.553626782171838,2.364976005870802,10.166358155964115,1076.0,10,19.312
539,-1.139,45.475,1.513,45.98500000000001,-1.649,42.449000000000005,4.743578817728235,2.8300083731028893,14.617509541686164,1078.0,10,19.312
540,-0.459,45.135000000000005,2.805,46.053,0.153,42.347,4.557141648007005,2.911772391360949,17.190699299946964,1080.0,10,19.312
541,0.017,44.115,-0.493,40.443000000000005,-0.085,40.477,0.4094142156789381,2.941700647729932,0.7370897117569888,1082.0,10,19.312
542,0.085,42.857000000000006,-1.173,41.259,-0.6970000000000001,44.353,3.130401252235885,1.9745373954894576,7.9830984824267714,1084.0,10,19.312
543,-0.391,43.231,-0.425,40.851000000000006,-0.255,46.359,5.510622832312152,2.3590239205168886,12.50668826096394,1086.0,10,19.312
544,0.221,42.041,,,,,5.510622832312152,1.8402472312666007,,1088.0,10,19.312
545,0.493,42.517,0.017,41.157,2.805,42.143,2.957218287512777,1.3957452371049053,8.160611753546437,1090.0,10,19.312
546,0.425,43.095000000000006,-2.737,45.951,2.805,44.319,5.777299369082409,1.6801545214006317,8.041233682255106,1092.0,10,19.312
547,1.513,43.333000000000006,-1.921,43.095000000000006,3.145,44.489,5.254292721194738,1.976485109473208,7.90448514871961,1094.0,10,19.312
548,1.241,43.333000000000006,0.901,40.477,4.097,44.591,5.209550076542119,1.5725534510583874,7.893726725592139,1096.0,10,19.312
549,1.0710000000000002,45.237,-0.187,38.539,-0.119,39.117,0.5819862541332055,2.687834120728425,0.6052538618502499,1098.0,10,19.312
550,1.5470000000000002,44.965,0.935,41.055,1.921,44.149,3.247311503382452,2.3930536735683545,4.752674168029499,1100.0,10,19.312
551,0.561,45.781000000000006,0.6970000000000001,38.845000000000006,-0.119,46.563,7.761016685976137,2.7567717603914392,15.800586950584844,1102.0,10,19.312
552,-0.425,44.693000000000005,0.629,37.791,-1.683,47.515,9.995074787113902,4.054601665115404,19.83290485707808,1104.0,10,19.312
553,-0.425,44.659000000000006,0.935,37.893,-1.887,47.855,10.353990921379062,4.040731414295567,19.708624375253468,1106.0,10,19.312
554,0.323,45.033,0.5950000000000001,40.239,0.459,47.277,7.039313887020525,3.7461299101033303,18.15306012617729,1108.0,10,19.312
555,-0.119,44.081,0.765,36.805,-1.377,46.971,10.38921171215603,3.857748803670232,18.30065072632052,1110.0,10,19.312
556,0.663,41.293000000000006,-0.6970000000000001,37.485,-1.717,47.821000000000005,10.386207007372809,4.339044125216197,19.8352431426995,1112.0,10,19.312
557,0.765,42.381,0.5950000000000001,40.069,-1.3430000000000002,47.413,7.595405189981639,3.600840518776063,17.868590307050113,1114.0,10,19.312
558,0.7310000000000001,43.911,-0.7310000000000001,36.465,-2.669,46.291,10.015294304212931,3.59420726896171,20.67678423444101,1116.0,10,19.312
559,0.323,43.095000000000006,-0.561,36.431,-1.513,47.175,10.786094752040704,3.332207528482232,16.581375393279814,1118.0,10,19.312
560,0.629,44.013000000000005,-0.085,37.349,-0.799,44.387,7.074124680835079,3.3057480231250898,14.348074774031367,1120.0,10,19.312
561,-0.017,42.959,0.119,38.335,0.119,38.573,0.238,3.1319670621963267,0.322378812384881,1122.0,10,19.312
562,0.085,41.973000000000006,0.629,35.989000000000004,0.765,46.019000000000005,10.030921991522016,2.9533638837894736,13.078909329602356,1124.0,10,19.312
563,-0.527,43.537000000000006,-0.5950000000000001,36.941,-0.6970000000000001,37.145,0.2280789337049786,3.756961859718327,0.3418247940129438,1126.0,10,19.312
564,-0.5950000000000001,42.653000000000006,0.459,39.491,0.289,39.763000000000005,0.3207553584899245,3.6853561227164713,0.5170550803189569,1128.0,10,19.312
565,-0.629,43.571000000000005,0.6970000000000001,37.757000000000005,0.901,37.859,0.2280789337049786,3.513126568742942,0.7964988281496111,1130.0,10,19.312
566,-0.323,41.973000000000006,-0.017,40.001000000000005,1.717,48.365,8.54185296057009,3.638329409278876,15.230663349046647,1132.0,10,19.312
567,-0.799,42.075,0.221,38.199000000000005,-0.561,47.311,9.14549440981733,2.944515121214853,13.546123672212666,1134.0,10,19.312
568,-0.255,40.511,-0.765,33.337,-1.649,47.311,14.00193315224723,4.373543369414975,19.349954263862344,1136.0,10,19.312
569,0.289,39.831,-0.799,32.827000000000005,-1.955,46.971,14.191161756530011,4.756555083022937,19.50738645819597,1138.0,10,19.312
570,-0.187,40.392,-0.765,33.677,-2.499,45.305,11.756578583924831,3.1789223674185467,14.03656532480232,1140.0,10,19.312
571,0.085,40.307,-0.6970000000000001,35.887,-3.213,43.945,8.441659789401609,2.462751928039675,11.67888016306929,1142.0,10,19.312
572,0.663,40.171,-0.221,36.669,0.8330000000000001,42.211000000000006,5.64133672102632,1.8589250994634503,7.1759498748164825,1144.0,10,19.312
573,0.187,39.899,0.901,36.635000000000005,1.5810000000000002,43.129000000000005,6.52950503483993,1.7414274816791688,8.945124218989891,1146.0,10,19.312
574,0.289,39.933,-0.7310000000000001,36.839000000000006,0.493,43.435,6.708605816412231,1.762521688818981,9.973205360943153,1148.0,10,19.312
575,0.493,39.661,-0.765,36.057,1.6150000000000002,43.435,7.752372798053511,1.9433677393636084,10.7036177656754,1150.0,10,19.312
576,0.6970000000000001,41.429,0.799,37.655,1.513,42.619,5.015086439933016,1.2333695793127222,6.018338613901547,1152.0,10,19.312
577,0.459,42.823,0.153,44.387,3.145,42.381,3.6022354170709057,1.215590693087976,6.649861237694313,1154.0,10,19.312
578,1.241,43.163,2.329,45.645,2.193,45.101000000000006,0.5607423650840019,1.395054623997764,1.096232166599132,1156.0,10,19.312
579,1.411,43.29900000000001,1.785,46.121,1.683,45.645,0.486805916151396,2.185095992362868,1.8163836593750569,1158.0,10,19.312
580,0.969,43.401,2.431,44.455000000000005,1.717,41.701,2.8450504389201963,2.365747744935866,8.336525740317102,1160.0,10,19.312
581,0.255,42.653000000000006,-0.221,44.183,1.887,44.659000000000006,2.161073807161616,1.787347346773013,2.924795996483001,1162.0,10,19.312
582,0.221,42.551,3.043,47.073,3.2470000000000003,46.937000000000005,0.2451774867315513,2.390069547158521,,1164.0,10,19.312
583,-0.459,43.367,0.017,45.849,0.935,40.715,5.215427115778726,1.7644676500528147,6.799881906588985,1166.0,10,19.312
584,-0.527,43.163,1.5470000000000002,45.98500000000001,0.017,40.205000000000005,5.979071834323452,1.5125675431957883,7.375446457891483,1168.0,10,19.312
585,-0.527,43.435,-0.901,44.42100000000001,-0.969,42.109,2.3129997838305134,0.9494242832297763,2.6742376800338623,1170.0,10,19.312
586,-0.187,43.129000000000005,-2.193,46.121,1.819,42.687000000000005,5.280956352783083,1.92216180309119,10.1179477184385,1172.0,10,19.312
587,1.0710000000000002,43.843,-3.1790000000000003,46.42700000000001,1.241,41.463,6.646630424508348,2.4936301541737063,10.02018896749408,1174.0,10,19.312
588,1.955,45.271,0.323,44.625,3.145,44.081,2.8739554624245662,1.2720578758519656,5.225248033562383,1176.0,10,19.312
589,1.955,44.659000000000006,,,,,2.8739554624245662,1.2744608778001163,,1178.0,10,19.312
590,1.887,44.013000000000005,-0.051,46.325,0.289,45.679,0.7300109588218523,1.626720627520288,0.937021159828477,1180.0,10,19.312
591,1.751,44.013000000000005,1.003,46.495000000000005,3.4850000000000003,42.925,4.348013799426124,1.2070006461279452,5.344552556144094,1182.0,10,19.312
592,2.873,44.42100000000001,,,,,4.348013799426124,0.7883140444363377,,1184.0,10,19.312
593,2.9410000000000003,44.353,,,,,4.348013799426124,1.071747156867686,,1186.0,10,19.312
594,1.751,44.047,,,,,4.348013799426124,1.5155876969997877,,1188.0,10,19.312
595,1.5470000000000002,43.29900000000001,,,,,4.348013799426124,1.7340870181702492,,1190.0,10,19.312
596,0.765,43.367,-0.765,42.449000000000005,-0.425,42.007000000000005,0.5576414618731288,2.0221106419471373,1.033597590041942,1192.0,10,19.312
597,1.0710000000000002,42.279,-0.085,41.157,-0.357,40.273,0.9248999945940104,1.9470099945860264,1.642977241538572,1194.0,10,19.312
598,0.391,43.027,0.051,41.497,0.323,40.715,0.8279541050082427,2.093077572240899,1.058454248134422,1196.0,10,19.312
599,0.561,42.755,0.255,40.647000000000006,0.391,40.001000000000005,0.6601605865242184,1.9536080222533656,0.9193165029271424,1198.0,10,19.312
600,0.8330000000000001,42.007000000000005,-2.7710000000000004,42.347,-0.017,40.205000000000005,3.4889368008033625,1.830321524928171,4.756172818542462,1200.0,10,19.312
601,0.493,42.143,-2.975,42.687000000000005,2.9410000000000003,42.993,5.923908507058495,1.8340244353699968,7.429483821651813,1202.0,10,19.312
602,1.955,43.775000000000006,2.2950000000000004,42.109,2.4650000000000003,42.143,0.1733666634621546,1.2701132678546014,0.5114057169193164,1204.0,10,19.312
603,1.5470000000000002,45.781000000000006,1.173,45.815000000000005,3.0090000000000003,43.775000000000006,2.744539305603037,1.7856061571611697,7.263082578365262,1206.0,10,19.312
604,0.153,44.625,-2.2270000000000003,47.54900000000001,-0.119,48.705000000000005,2.4041630560342617,2.056839385034197,13.696454217659571,1208.0,10,19.312
605,0.187,44.999,-3.4850000000000003,45.98500000000001,1.3430000000000002,46.971,4.927654614519975,1.9434173875170824,7.32522959132069,1210.0,10,19.312
606,0.765,45.101000000000006,0.8670000000000001,47.277,0.799,46.665000000000006,0.6157661893933444,2.353354885560464,0.8938188724557713,1212.0,10,19.312
607,0.663,45.169,-2.975,46.903000000000006,0.7310000000000001,47.141000000000005,3.713634338488376,2.291819195269455,11.165498541169606,1214.0,10,19.312
608,0.799,44.625,-2.499,47.481,1.853,47.821000000000005,4.365261046031498,2.9540535607144798,16.99635662696134,1216.0,10,19.312
609,0.6970000000000001,44.523,-2.397,45.951,1.207,48.331,4.318936906230514,2.913290348490165,18.035395446890213,1218.0,10,19.312
610,0.629,44.251000000000005,-2.669,46.631,-0.901,42.857000000000006,4.16760122852463,3.146638418830068,5.643486895029613,1220.0,10,19.312
611,0.425,44.183,-2.1590000000000003,46.699000000000005,-0.8330000000000001,48.637,2.3482163443771533,3.565043826858428,20.971727634465484,1222.0,10,19.312
612,0.493,43.809000000000005,-0.7310000000000001,45.101000000000006,-0.085,48.365,3.3273130300589395,3.1406195538170785,17.875927327012306,1224.0,10,19.312
613,1.003,44.285,-2.125,47.923,1.207,47.107000000000006,3.430463525531208,3.05445882460329,19.986709093753248,1226.0,10,19.312
614,0.493,44.115,-3.519,44.42100000000001,-1.275,48.399,4.567277088156575,3.184926850262529,18.70240111950705,1228.0,10,19.312
615,1.513,43.401,,,,,4.567277088156575,2.888654317637836,,1230.0,10,19.312
616,2.1590000000000003,43.741,-3.281,45.747,-3.281,45.951,0.204,3.379554224433912,,1232.0,10,19.312
617,1.3090000000000002,43.265,-3.2470000000000003,43.639,3.2470000000000003,46.699000000000005,7.178832495608183,3.3600403812333504,12.57720530921851,1234.0,10,19.312
618,1.513,43.095000000000006,-2.2950000000000004,41.905,3.4170000000000003,46.801,7.523148277150996,2.948335484492842,11.934145029168182,1236.0,10,19.312
619,1.105,44.183,-0.5950000000000001,40.817,1.683,46.971,6.562088082310387,2.435410389762437,17.23338121966676,1238.0,10,19.312
620,1.5810000000000002,44.013000000000005,-0.357,42.177,-2.329,43.809000000000005,2.559728110561745,2.388605351598487,2.886372795965312,1240.0,10,19.312
621,0.459,44.693000000000005,-2.261,45.373000000000005,3.3150000000000004,47.345000000000006,5.914436575025554,2.193822042941852,10.900629488496142,1242.0,10,19.312
622,-0.408,43.911,-2.431,42.109,2.873,47.753,7.745137313179153,2.475002214875042,10.779784687650082,1244.0,10,19.312
623,0.493,45.747,-2.805,42.449000000000005,2.737,47.957,7.813566919147747,2.1089825891454583,9.896454811393689,1246.0,10,19.312
624,0.799,46.257000000000005,0.051,43.435,3.587,46.801,4.881931175262511,2.109012641019939,6.241264868102007,1248.0,10,19.312
625,0.5950000000000001,47.141000000000005,1.819,45.305,3.519,46.631,2.155986085298326,1.7001021979285678,13.326776135095685,1250.0,10,19.312
626,-0.561,46.359,,,,,2.155986085298326,1.9454365366846127,,1252.0,10,19.312
627,-0.901,45.645,-1.751,44.523,3.4850000000000003,43.605,5.315864934326305,2.2313424630360825,16.424352056798277,1254.0,10,19.312
628,-1.275,45.237,3.043,44.523,3.5530000000000004,45.067,0.7456782147816845,2.559086061652746,0.8116595442161674,1256.0,10,19.312
629,-1.377,45.067,2.9410000000000003,44.829,2.9410000000000003,45.339000000000006,0.51,2.523217325015475,0.6121377040252167,1258.0,10,19.312
630,-1.0710000000000002,45.577000000000005,3.349,46.699000000000005,-0.7310000000000001,46.121,4.120738283366222,2.219281195410077,5.988547159035456,1260.0,10,19.312
631,-0.085,43.911,3.689,45.951,0.255,42.551,4.832427547309944,1.7099320653317758,8.138102516641002,1262.0,10,19.312
632,0.289,43.265,1.479,46.461000000000006,-0.6970000000000001,40.885000000000005,5.985545255028986,2.8584730311701665,12.614757502143906,1264.0,10,19.312
633,0.187,43.877,2.873,47.54900000000001,-1.445,41.565000000000005,7.379253349763783,3.166421051814219,13.878611616262331,1266.0,10,19.312
634,0.323,43.911,0.969,48.127,0.017,47.719,1.0357451423974915,3.845129377534405,1.3845001973112605,1268.0,10,19.312
635,0.289,43.639,0.901,46.393,1.003,46.087,0.3225523213371747,3.7540518345410314,0.347660208267078,1270.0,10,19.312
636,0.153,42.823,2.193,47.039,-0.6970000000000001,37.111,10.340081431013974,3.857329457785096,16.68692422986896,1272.0,10,19.312
637,0.187,44.115,1.853,46.699000000000005,-0.459,35.921,11.023185927852255,3.696693317555649,16.194097603012207,1274.0,10,19.312
638,0.493,43.707,3.791,44.353,0.017,39.219,6.371893909976845,2.6630301030336385,15.52364173891982,1276.0,10,19.312
639,-0.935,43.333000000000006,3.451,44.897000000000006,-0.391,40.511,5.830776963664448,2.3605096757919584,12.230723901918475,1278.0,10,19.312
640,0.357,43.945,0.8330000000000001,47.99100000000001,0.221,40.885000000000005,7.132305377646137,2.341658470872684,18.956074852528545,1280.0,10,19.312
641,-0.663,45.169,-0.051,48.739,0.8330000000000001,40.307,8.478212075667841,3.0223748099618444,16.064561468728925,1282.0,10,19.312
642,0.187,44.999,-0.017,46.767,-1.649,41.395,5.6144285550713,2.82927500600907,13.058335871941129,1284.0,10,19.312
643,0.323,45.407,0.561,48.875,0.8330000000000001,40.613,8.266476153718706,2.5206322143122915,17.821318624595953,1286.0,10,19.312
644,0.5950000000000001,45.407,0.663,48.705000000000005,1.275,43.129000000000005,5.609484824830173,1.773184245833504,9.45705951507592,1288.0,10,19.312
645,-0.391,45.237,1.479,48.67100000000001,0.527,42.109,6.630697399218276,2.4203197997752177,19.77301708504107,1290.0,10,19.312
646,0.663,44.353,1.411,48.67100000000001,-1.853,41.531000000000006,7.850687613196694,2.769335856496455,19.55984827677925,1292.0,10,19.312
647,1.785,44.183,-3.4170000000000003,43.639,3.689,46.563,7.684075220870759,3.125864178028257,14.65441948143768,1294.0,10,19.312
648,1.105,45.407,-3.349,43.537000000000006,3.859,46.121,7.657174413581031,2.958788336698124,16.15634070636343,1296.0,10,19.312
649,-0.017,46.257000000000005,-3.4850000000000003,44.319,4.131,44.999,7.646296881497605,2.807815514456708,20.398582196017102,1298.0,10,19.312
650,0.969,45.407,-2.975,42.551,3.927000000000001,45.849,7.649471092827269,2.5986943549890835,17.30373669233224,1300.0,10,19.312
651,0.153,44.489,-3.0770000000000004,42.823,0.459,47.617,5.956990179612521,2.242368557719545,10.512282583143165,1302.0,10,19.312
652,0.289,45.118,-2.7710000000000004,42.483,-2.5330000000000004,47.447,4.969702204357923,2.4814605506067138,11.668078550345722,1304.0,10,19.312
653,1.955,44.557,-1.6150000000000002,41.497,2.5330000000000004,46.631,6.600292417764535,2.0598996699613186,16.91707226547127,1306.0,10,19.312
654,1.445,44.115,-2.5330000000000004,43.469,2.329,47.787000000000006,6.50262777652235,2.2298830654573187,17.40123215017271,1308.0,10,19.312
655,0.323,45.101000000000006,-1.887,41.905,1.989,47.277,6.62433090960891,2.267277352952226,20.08545463516017,1310.0,10,19.312
656,0.017,45.101000000000006,-1.5810000000000002,44.591,1.0710000000000002,48.67100000000001,4.866159060285638,2.076294480659957,20.088184227169037,1312.0,10,19.312
657,0.459,45.373000000000005,-3.587,45.339000000000006,-2.329,47.379000000000005,2.396698562606487,2.661170095494912,20.50220687088696,1314.0,10,19.312
658,0.799,45.713,-2.329,47.447,2.8390000000000004,44.931,5.7479109248491325,2.0740774979268206,7.420503130083586,1316.0,10,19.312
659,1.241,45.781000000000006,0.051,48.297,0.085,47.413,0.8846536045255229,2.164564089727016,1.31424671590415,1318.0,10,19.312
660,1.819,45.441,-3.3150000000000004,46.019000000000005,-0.357,45.679,2.9774761124146742,2.1725369276462843,9.275557272289245,1320.0,10,19.312
661,0.5950000000000001,44.557,-1.0710000000000002,44.625,1.207,48.025000000000006,4.092588911679257,2.2685311882596824,17.026808775829917,1322.0,10,19.312
662,-0.323,44.319,-1.3090000000000002,42.211000000000006,0.8670000000000001,48.603,6.752232223494687,2.6564524385344868,15.74371234710184,1324.0,10,19.312
663,-0.425,44.115,0.901,40.545,1.037,47.99100000000001,7.447241905564772,3.109597375164664,11.79754100195918,1326.0,10,19.312
664,-0.391,43.877,-1.853,42.279,1.207,48.059000000000005,6.540030580968258,2.8782510405855115,8.913112148663373,1328.0,10,19.312
665,-0.051,43.843,-2.635,42.109,2.193,47.923,7.557260085507181,3.252304666018387,9.70953397185098,1330.0,10,19.312
666,-0.323,45.271,-0.017,42.177,0.8330000000000001,46.495000000000005,4.400866278359297,2.5404459267255146,9.131656506608678,1332.0,10,19.312
667,-0.901,44.625,-0.5950000000000001,41.565000000000005,0.187,48.467000000000006,6.946159226507841,2.166482502443198,9.505765251314136,1334.0,10,19.312
668,-2.2270000000000003,44.727,-0.969,41.871,0.391,48.43300000000001,6.701450887680966,2.266354365604375,10.432944305336449,1336.0,10,19.312
669,-0.935,45.917,0.629,40.851000000000006,1.0710000000000002,48.093,7.255475725271225,2.628065999520503,13.196190940638743,1338.0,10,19.312
670,-1.3090000000000002,45.339000000000006,0.017,41.599,2.635,46.903000000000006,5.9149251897213375,2.679605175420893,13.842610586600312,1340.0,10,19.312
671,-1.411,45.815000000000005,-0.153,43.401,0.119,48.467000000000006,5.07329675851906,2.4306624284104537,10.299398190097875,1342.0,10,19.312
672,-0.357,46.087,-1.819,41.905,0.459,47.651,6.181084047317267,1.9522133804104855,10.376304306911662,1344.0,10,19.312
673,-0.153,45.645,,,,,6.181084047317267,1.3329599089368336,,1346.0,10,19.312
674,-0.289,43.639,-0.969,41.463,1.139,44.931,4.058409540694483,1.0402796124153308,4.893301719310261,1348.0,10,19.312
675,0.765,42.993,-2.057,43.435,2.635,42.755,4.7410192996865135,1.3851747165580612,6.577193643495684,1350.0,10,19.312
676,1.717,43.401,-3.3150000000000004,43.367,2.023,45.645,5.803751200732162,2.2292283479801247,8.813947192176741,1352.0,10,19.312
677,2.023,43.571000000000005,0.221,42.789,2.669,43.095000000000006,2.467050870979356,1.224216073923298,4.240927166395415,1354.0,10,19.312
678,1.683,44.353,0.8330000000000001,45.747,3.621,43.877,3.35705883177522,1.0717514254963554,5.291918466105335,1356.0,10,19.312
679,0.425,44.897000000000006,3.791,44.251000000000005,3.825,44.625,0.3755422745843669,1.28091607058187,0.3876258218953679,1358.0,10,19.312
680,-0.425,44.455000000000005,-3.281,44.013000000000005,-2.397,44.42100000000001,0.973611832302792,1.2980101571826863,1.375401267273205,1360.0,10,19.312
681,-1.5470000000000002,43.809000000000005,-0.357,42.857000000000006,-1.717,45.509,2.9803865521103137,1.165382238795495,4.994673746005412,1362.0,10,19.312
682,-1.3090000000000002,42.993,-1.139,41.225,-1.717,45.271,4.087077195258245,1.1412670486802112,5.019454985533781,1364.0,10,19.312
683,-2.091,43.673,-0.085,42.993,-3.3830000000000005,45.815000000000005,4.340563097110789,1.4083244450080383,5.142213182997873,1366.0,10,19.312
684,0.085,44.319,-0.493,43.673,-2.363,46.835,3.673573736839918,1.8298298444096217,8.79745987511718,1368.0,10,19.312
685,0.527,44.489,-0.901,43.639,-1.0710000000000002,46.631,2.996825653921162,2.4956163190602485,10.224779551268313,1370.0,10,19.312
686,0.765,44.42100000000001,-3.587,44.251000000000005,0.629,44.557,4.2270902521711085,2.2400808090642013,11.335468901547811,1372.0,10,19.312
687,0.8330000000000001,44.659000000000006,-2.8390000000000004,44.625,0.629,44.42100000000001,3.473994818648986,2.1541712571404363,7.956284306226597,1374.0,10,19.312
688,1.173,44.795,-3.4170000000000003,43.707,1.377,42.755,4.887610868307746,2.3282995982499566,10.068017830014217,1376.0,10,19.312
689,0.969,45.237,-3.587,44.115,2.363,42.755,6.103449844145523,2.453217124526064,10.991484201416435,1378.0,10,19.312
690,1.853,44.965,-3.145,43.843,2.805,43.537000000000006,5.95786337540565,2.999591597537803,11.266493654440607,1380.0,10,19.312
691,-0.561,44.761,0.561,42.449000000000005,1.751,43.435,1.5454112721214377,2.4143430919694,13.838054570627117,1382.0,10,19.312
692,0.323,45.203,0.527,43.197,-2.567,47.447,5.256932185219817,1.9427846867921963,,1384.0,10,19.312
693,1.241,44.965,2.091,42.143,-0.561,47.719,6.174534800290626,1.5579259658496272,10.188998914126252,1386.0,10,19.312
694,-0.765,46.155,2.363,42.075,-0.119,48.603,6.98391781165844,2.5195948978660496,11.091383682415602,1388.0,10,19.312
695,-0.085,45.917,-2.125,42.687000000000005,2.805,43.503,4.997074744287903,2.261265522866132,16.674280137609344,1390.0,10,19.312
696,0.6970000000000001,46.393,-3.5530000000000004,45.475,2.023,41.871,6.639321652096696,2.527099755710783,15.998688003475516,1392.0,10,19.312
697,0.6120000000000001,45.713,-3.5530000000000004,45.101000000000006,2.7710000000000004,47.379000000000005,6.721775063180856,2.271264339961379,10.327378076423866,1394.0,10,19.312
698,-0.221,45.509,-3.3830000000000005,45.509,-3.1790000000000003,45.849,0.3965047288494804,2.411189087880029,0.8847050201374402,1396.0,10,19.312
699,-0.391,44.353,,,,,0.3965047288494804,2.7157197939844004,,1398.0,10,19.312
700,0.0,44.455000000000005,-0.765,46.087,1.6150000000000002,41.191,5.443823656218119,2.4112786082766697,12.326167317619252,1400.0,10,19.312
701,-0.391,44.965,-2.1590000000000003,44.897000000000006,3.0770000000000004,42.687000000000005,5.683290948033543,2.01795299274518,11.1179243677943,1402.0,10,19.312
702,-0.051,44.965,2.567,47.617,2.499,47.107000000000006,0.514513362314333,1.825167001515784,0.5376969696612908,1404.0,10,19.312
703,0.017,45.373000000000005,1.649,45.203,2.499,44.013000000000005,1.4623952953972468,2.3006495114822565,14.824232015192178,1406.0,10,19.312
704,0.289,46.121,0.085,45.883,2.669,42.925,3.927699071975856,2.540439131645372,8.526076202536851,1408.0,10,19.312
705,0.357,45.033,-1.173,48.195,1.5810000000000002,43.911,5.092854994990532,2.3300714042495048,8.872294763915678,1410.0,10,19.312
706,2.125,45.203,3.655,44.285,3.655,43.843,0.442,1.2258308765965906,0.4969695013741768,1412.0,10,19.312
707,1.5470000000000002,43.027,-0.459,41.463,3.723,45.271,5.655969236125671,1.5147703199618276,7.419515024017348,1414.0,10,19.312
708,1.037,43.639,-0.629,45.611,3.655,43.469,4.78965760780455,1.9670574318759757,15.443813045393664,1416.0,10,19.312
709,-0.051,43.571000000000005,0.663,45.543000000000006,3.0770000000000004,45.237,2.433317077571273,1.9083714520171469,13.596128615581826,1418.0,10,19.312
710,-1.173,44.591,-1.275,46.155,2.329,43.877,4.263578309354714,2.939346525618933,17.062736534295638,1420.0,10,19.312
711,-0.7310000000000001,44.455000000000005,-2.363,47.651,2.499,42.721,6.924156555133629,2.889702878617126,19.085221939139437,1422.0,10,19.312
712,1.6150000000000002,44.591,-2.737,45.441,2.669,42.245000000000005,6.280067834028547,2.583980745335829,13.898054897002806,1424.0,10,19.312
713,-0.221,43.673,-0.901,46.189,3.995,43.809000000000005,5.443823656218119,2.095812226418097,16.320969091223425,1426.0,10,19.312
714,-0.799,43.197,-1.683,42.211000000000006,-1.5470000000000002,46.155,3.9463441309647593,1.4918031268202252,6.254905802518064,1428.0,10,19.312
715,0.289,43.469,-2.193,42.959,1.377,44.727,3.983807726283988,1.131943925758024,4.947707909023669,1430.0,10,19.312
716,1.751,42.891000000000005,0.289,44.285,3.3150000000000004,44.047,3.035345120410528,1.2373514317457956,7.34352140616934,1432.0,10,19.312
717,2.193,43.673,-3.3830000000000005,43.503,0.459,46.86900000000001,5.107927172542695,2.5628552091549737,14.184641440019227,1434.0,10,19.312
718,1.751,44.659000000000006,-0.085,40.307,1.853,47.583000000000006,7.529675955842988,2.388958601125014,10.128039052169097,1436.0,10,19.312
719,1.5810000000000002,44.931,1.955,42.313,3.145,45.339000000000006,3.251580538753424,1.4683475349681998,6.00001773697492,1438.0,10,19.312
720,1.887,45.407,2.2270000000000003,42.109,2.499,42.143,0.2741167634421507,1.5965795514445968,0.78539651611805,1440.0,10,19.312
721,2.329,46.291,0.663,47.923,0.7310000000000001,48.229000000000006,0.3134645115479582,2.669228222090322,0.33396033994045,1442.0,10,19.312
722,1.479,47.039,-1.6150000000000002,47.821000000000005,2.261,44.489,5.111320768646789,2.5988662577669843,10.23910822605029,1444.0,10,19.312
723,2.125,46.835,-2.397,47.481,2.2950000000000004,42.449000000000005,6.880108138685031,2.6791423916500787,10.3261691567807,1446.0,10,19.312
724,2.261,46.325,-2.5330000000000004,47.481,1.5810000000000002,42.959,6.113385314210124,3.042215666790457,13.40594001461823,1448.0,10,19.312
725,2.057,45.781000000000006,-2.567,46.529,0.153,44.353,3.48329958516347,2.9058642840329485,15.124957565672114,1450.0,10,19.312
726,0.459,45.339000000000006,-1.275,42.891000000000005,-0.425,46.86900000000001,4.067798421751009,2.112746655896064,14.51212869153463,1452.0,10,19.312
727,0.765,43.367,-1.6150000000000002,43.435,-1.955,43.333000000000006,0.3549704213029587,1.6514856654908527,0.3819301723028978,1454.0,10,19.312
728,0.6970000000000001,43.061,0.6970000000000001,40.885000000000005,1.139,47.753,6.882208075901223,1.922246520258862,7.920190137925831,1456.0,10,19.312
729,0.119,43.435,-0.5950000000000001,40.443000000000005,1.6150000000000002,45.509,5.527065767656469,1.538782611653097,7.1632642083491005,1458.0,10,19.312
730,-0.493,42.891000000000005,-0.663,42.211000000000006,2.601,46.087,5.067254878136683,1.6397599302333845,8.24331640261523,1460.0,10,19.312
731,-0.289,42.891000000000005,0.051,41.565000000000005,0.969,45.849,4.381253245362564,1.5766836183474304,6.016599825727448,1462.0,10,19.312
732,-0.255,42.517,0.459,40.035,0.051,44.591,4.574232176005062,1.3238321752096165,6.350499308225285,1464.0,10,19.312
733,-0.017,42.483,2.805,46.937000000000005,-2.2950000000000004,42.279,6.907022802915884,2.1173447565717347,8.964339505647374,1466.0,10,19.312
734,-0.969,43.707,0.085,40.613,0.017,44.625,4.012576229805485,1.4756040180633996,5.501740487975631,1468.0,10,19.312
735,-1.275,45.067,-2.737,46.087,0.187,44.149,3.50793671550671,1.72837230862141,3.844720927477469,1470.0,10,19.312
736,-0.969,47.107000000000006,-0.289,44.081,-0.425,43.911,0.2177062240727168,1.55168635268489,0.26581153105767,1472.0,10,19.312
737,-0.765,47.141000000000005,,,,,0.2177062240727168,1.996940311385181,,1474.0,10,19.312
738,-0.8670000000000001,46.86900000000001,1.377,48.535,0.187,39.763000000000005,8.852349066773181,3.078640034491176,12.439084430740454,1476.0,10,19.312
739,-0.527,46.42700000000001,1.377,48.43300000000001,-0.5950000000000001,41.361,7.341795965565919,2.5526212982968,11.271143942028155,1478.0,10,19.312
740,-1.0710000000000002,45.339000000000006,0.323,48.773,0.527,37.757000000000005,11.017888726974874,3.161159581539047,15.799481139569522,1480.0,10,19.312
741,-0.901,43.231,-0.357,47.685,-0.7310000000000001,38.607,9.085700853539038,3.2491645543600964,16.82686426270884,1482.0,10,19.312
742,-0.663,43.027,-1.411,46.121,-0.561,38.607,7.561924093774018,2.741184943329936,11.802828875750109,1484.0,10,19.312
743,-1.275,43.639,-1.717,47.243,0.289,37.281000000000006,10.161962408905085,3.022991055582393,14.671546985759964,1486.0,10,19.312
744,-1.6150000000000002,43.707,0.323,37.893,0.255,37.485,0.4136278520602789,3.311604329796615,0.4355111941714966,1488.0,10,19.312
745,-1.853,44.897000000000006,0.391,41.565000000000005,0.051,41.837,0.4354124481454337,2.458895443301109,0.8869530216428875,1490.0,10,19.312
746,-1.513,43.435,,,,,0.4354124481454337,2.746752541406718,,1492.0,10,19.312
747,-1.36,43.605,3.4170000000000003,42.891000000000005,-2.2950000000000004,44.115,5.841670993816752,2.735913515102742,19.60311616260565,1494.0,10,19.312
748,-1.3090000000000002,43.29900000000001,4.063000000000001,44.489,-1.3090000000000002,45.033,5.399474048460647,2.998201008034901,18.018438251157598,1496.0,10,19.312
749,-0.221,43.333000000000006,-0.425,43.877,0.119,46.42700000000001,2.607381061525147,2.807405411597045,17.665053888771983,1498.0,10,19.312
750,-0.391,44.081,-0.493,47.821000000000005,2.669,47.515,3.1767719464890773,2.692031056526341,18.140563733082885,1500.0,10,19.312
751,-0.425,45.577000000000005,-0.527,47.54900000000001,3.145,47.311,3.679704879470636,2.418491732440212,15.26696124382046,1502.0,10,19.312
752,-0.119,44.795,-1.241,47.753,1.3430000000000002,42.687000000000005,5.686951028451011,2.4814070423465746,16.871803720837516,1504.0,10,19.312
753,-0.391,45.339000000000006,-0.935,45.611,2.737,42.619,4.736628336696896,2.183472218260368,7.675285784004897,1506.0,10,19.312
754,0.221,46.019000000000005,-3.451,45.475,2.805,43.673,6.510356365054067,2.300905685566389,9.701654039732617,1508.0,10,19.312
755,1.207,45.509,-2.125,44.897000000000006,0.255,48.161,4.039566313355928,1.903170393260012,6.178539412084337,1510.0,10,19.312
756,0.357,47.039,-3.3150000000000004,46.189,1.649,44.86300000000001,5.138051381603731,1.632380544105955,10.71354275065652,1512.0,10,19.312
757,0.7310000000000001,47.243,1.479,41.259,-1.3430000000000002,47.209,6.5853006005800525,2.337715675818066,11.227586239517324,1514.0,10,19.312
758,0.901,46.291,1.105,42.993,-3.2470000000000003,46.291,5.460467745532428,2.145686231613761,10.147340705985473,1516.0,10,19.312
759,-0.085,46.665000000000006,-1.377,41.293000000000006,-0.425,47.651,6.428877662547329,2.149045961112209,11.009946633818377,1518.0,10,19.312
760,0.459,46.121,-1.0710000000000002,42.007000000000005,-1.649,47.447,5.470620074543652,2.7278549961703176,12.484312100843976,1520.0,10,19.312
761,0.8330000000000001,46.002,-1.513,44.523,-3.1790000000000003,46.019000000000005,2.2391007123396665,2.3341591451552537,16.61860719212693,1522.0,10,19.312
762,0.901,44.965,-3.2470000000000003,43.129000000000005,-1.411,44.387,2.225636987471227,2.456101349114326,19.93179136252555,1524.0,10,19.312
763,0.085,45.067,-0.6970000000000001,41.293000000000006,-3.519,44.965,4.6311195190795935,2.308884282740424,8.447980433828313,1526.0,10,19.312
764,-0.391,45.509,0.901,37.213,-2.431,44.115,7.664191281537799,3.3440533605265306,20.832345542003303,1528.0,10,19.312
765,0.493,44.217000000000006,0.799,37.757000000000005,-2.567,44.897000000000006,7.893640224889909,3.863239527925949,20.128468920270333,1530.0,10,19.312
766,-0.391,43.639,0.459,38.573,-2.329,45.679,7.633359679721636,2.817324979964053,16.2035001758344,1532.0,10,19.312
767,-0.255,44.251000000000005,-0.323,38.539,-1.275,44.047,5.589666179656885,2.513750377942276,8.684706336914159,1534.0,10,19.312
768,1.411,45.305,-0.765,39.151,1.921,45.373000000000005,6.7770111406135385,2.26607872285208,11.494623452805556,1536.0,10,19.312
769,1.513,45.135000000000005,-0.663,40.205000000000005,0.663,45.407,5.368340525711833,2.7620211791216787,9.664402519150354,1538.0,10,19.312
770,1.717,46.155,-2.2950000000000004,42.041,-2.5330000000000004,47.481,5.445203761109405,3.031815158341847,,1540.0,10,19.312
771,1.989,46.019000000000005,-1.887,41.939,1.479,47.889,6.836114100861688,2.834298932527497,10.439220130630812,1542.0,10,19.312
772,2.193,44.829,-0.357,44.727,0.629,46.189,1.763417137265032,1.282356934494046,8.788571082037382,1544.0,10,19.312
773,2.057,44.965,-2.737,44.217000000000006,3.689,46.699000000000005,6.888671860380636,1.913637457974196,7.814965559393282,1546.0,10,19.312
774,0.799,45.883,-2.2950000000000004,43.945,-0.119,45.033,2.4328419595197714,1.7741397133319097,10.217296998895437,1548.0,10,19.312
775,-0.323,46.835,-0.901,46.257000000000005,-0.799,41.531000000000006,4.727100591271568,2.10988798748071,12.943147276501128,1550.0,10,19.312
776,-1.241,45.067,-0.085,42.755,-3.4170000000000003,44.659000000000006,3.83763468819011,1.9111869538661164,4.882103326373737,1552.0,10,19.312
777,-1.479,45.271,-2.2950000000000004,42.041,0.051,45.373000000000005,4.075038650123457,1.6252123905833895,8.56012481693619,1554.0,10,19.312
778,-1.139,46.801,-2.2270000000000003,46.665000000000006,-1.887,46.121,0.6415107169798491,2.176170279487786,0.7038082697300196,1556.0,10,19.312
779,-1.989,45.98500000000001,-2.907,46.461000000000006,-3.0090000000000003,42.857000000000006,3.605443107303179,1.4498276881301506,9.655715550110632,1558.0,10,19.312
780,-1.887,45.339000000000006,-3.0090000000000003,46.733,-2.737,43.605,3.1398038155273333,1.5123392124219066,10.983741511201355,1560.0,10,19.312
781,-0.459,45.781000000000006,0.187,43.673,-0.289,40.919,2.7948330898284426,2.2289577067880004,,1562.0,10,19.312
782,0.289,44.931,-2.601,47.345000000000006,0.969,39.491,8.627294825146526,2.59969728505866,11.45933087379979,1564.0,10,19.312
783,0.765,44.115,-0.221,47.481,-0.663,41.225,6.271594693536884,2.902959934124553,11.147495027632235,1566.0,10,19.312
784,0.6970000000000001,43.809000000000005,-1.785,42.483,0.459,41.871,2.325957867202242,2.5859213652111657,20.174569442193835,1568.0,10,19.312
785,-0.255,43.877,-2.907,44.217000000000006,-0.527,38.947,5.782499459576282,2.2969265170659923,10.928816854531584,1570.0,10,19.312
786,0.153,42.653000000000006,0.289,45.135000000000005,0.969,40.103,5.077738079105696,2.024279346737445,9.887863278083977,1572.0,10,19.312
787,0.119,42.823,0.255,45.98500000000001,-0.561,38.641000000000005,7.389194272720132,2.289681819977329,9.093344502420338,1574.0,10,19.312
788,0.289,42.619,0.765,46.903000000000006,-0.765,37.179,9.843631240553458,3.1108590686380406,13.249215171613091,1576.0,10,19.312
789,0.8330000000000001,42.483,-1.751,44.693000000000005,-0.7310000000000001,38.233,6.540030580968258,2.1960737531338834,9.032411934367865,1578.0,10,19.312
790,1.6150000000000002,42.925,-0.765,43.265,3.111,43.775000000000006,3.9094086509343073,1.339223496673823,7.753129678955569,1580.0,10,19.312
791,1.275,42.653000000000006,-0.629,38.607,-0.493,38.607,0.136,2.0193107462235016,0.1639551031122848,1582.0,10,19.312
792,0.119,42.517,-0.6970000000000001,38.471,-0.8670000000000001,41.73500000000001,3.26842408509055,2.045295915785365,4.554917583482021,1584.0,10,19.312
793,-0.7310000000000001,42.109,0.6970000000000001,38.029,0.8670000000000001,38.607,0.6024815349867579,1.7884724878959493,1.3044766451198238,1586.0,10,19.312
794,-1.003,43.231,-0.663,39.185,0.8670000000000001,38.607,1.6355378320295744,2.5992143822579594,2.194584572049504,1588.0,10,19.312
795,-0.459,43.401,0.051,41.497,0.901,44.183,2.8172852180778576,2.4928195199933847,17.564216419400648,1590.0,10,19.312
796,-0.425,43.129000000000005,0.5950000000000001,43.197,0.561,44.965,1.768326892856635,2.597199330645685,17.74333552632808,1592.0,10,19.312
797,-0.119,44.217000000000006,0.969,44.183,1.887,48.365,4.281570739810333,3.012256270014676,19.60047116127093,1594.0,10,19.312
798,-0.527,43.741,1.853,45.067,2.907,47.617,2.7592419248771938,2.9364047097909616,18.07197537427264,1596.0,10,19.312
799,-0.459,43.911,3.281,45.577000000000005,3.791,46.495000000000005,1.0501542743806742,2.4460545957631794,1.5260426017484308,1598.0,10,19.312
800,-0.289,43.673,-0.7310000000000001,43.435,2.8390000000000004,45.543000000000006,4.145909309186587,2.4542641474411764,17.098659663541127,1600.0,10,19.312
801,-0.289,43.435,-2.907,46.86900000000001,3.995,45.101000000000006,7.124845822893294,2.692029199359488,11.905841004258168,1602.0,10,19.312
802,-0.8330000000000001,43.129000000000005,-3.145,46.733,3.655,46.325,6.8122290037842985,3.009822610958925,15.165277917023836,1604.0,10,19.312
803,0.17,43.843,-0.629,48.43300000000001,0.051,44.047,4.438400162220617,2.634374764531425,18.30239487615073,1606.0,10,19.312
804,0.187,43.537000000000006,-1.683,47.073,-0.187,42.959,4.37755776660914,2.5167246581584477,19.771921526831832,1608.0,10,19.312
805,0.085,43.163,1.173,47.311,-1.275,41.361,6.433910474975543,2.0992234633884013,8.729905301789065,1610.0,10,19.312
806,0.017,42.925,2.737,47.753,-2.431,42.789,7.165857938865381,2.4476546658424865,11.43831925554264,1612.0,10,19.312
807,0.969,43.979000000000006,3.1790000000000003,47.039,0.901,44.693000000000005,3.270015290484129,2.797629670975533,18.404613895480104,1614.0,10,19.312
808,0.493,43.571000000000005,3.689,45.169,3.621,44.625,0.5482335268843014,1.9515287877843963,0.5990784298636606,1616.0,10,19.312
809,-0.357,43.469,3.5530000000000004,46.223000000000006,3.5530000000000004,45.475,0.748,2.354736820360232,0.8602484290521801,1618.0,10,19.312
810,0.085,43.945,-3.0090000000000003,42.857000000000006,-2.635,42.687000000000005,0.4108235631022154,1.895892674455548,1.1971364092779126,1620.0,10,19.312
811,0.221,43.333000000000006,2.499,46.495000000000005,2.669,45.849,0.667994011949209,1.7429698341208302,1.1215897309981857,1622.0,10,19.312
812,-0.153,42.755,-1.819,43.979000000000006,1.887,41.73500000000001,4.332432573047156,1.173265835479379,5.922855797653504,1624.0,10,19.312
813,-0.561,43.231,-1.207,44.489,1.479,42.177,3.5440005643340413,1.1219823695788802,4.877629071699782,1626.0,10,19.312
814,-0.391,42.925,0.663,43.435,1.0710000000000002,41.633,1.8476114310103195,1.1380387332336974,4.072867223453059,1628.0,10,19.312
815,-0.085,42.585,-0.051,43.673,1.0710000000000002,41.429,2.508868270754764,0.8879699170824488,3.8385287709296088,1630.0,10,19.312
816,0.323,42.721,-1.887,42.313,1.0710000000000002,41.667,3.0277186130814733,1.1369559188250231,4.079170324948447,1632.0,10,19.312
817,0.221,45.067,0.8670000000000001,41.055,1.955,44.86300000000001,3.960379779768602,1.787477153268995,9.599249031278363,1634.0,10,19.312
818,1.275,45.509,0.255,43.809000000000005,2.499,44.931,2.508868270754764,1.0369450605488104,4.857870143394283,1636.0,10,19.312
819,1.785,46.155,1.853,44.761,2.4650000000000003,45.679,1.1032986902919808,0.7974291763085108,1.6497425974355338,1638.0,10,19.312
820,2.363,46.699000000000005,0.017,48.195,3.723,46.393,4.120878547106187,1.336715579580924,6.033884377415462,1640.0,10,19.312
821,2.4650000000000003,46.495000000000005,,,,,4.120878547106187,1.2552836870369164,,1642.0,10,19.312
822,1.6150000000000002,44.217000000000006,2.567,47.889,1.887,42.959,4.976675597223512,2.3348045094762027,9.992468950430398,1644.0,10,19.312
823,0.221,43.367,-0.187,45.883,-0.017,45.98500000000001,0.1982523644247402,2.1664743225069465,0.7145412230732057,1646.0,10,19.312
824,0.493,44.251000000000005,0.119,43.911,-2.1590000000000003,47.855,4.554604263819196,1.4049864474004428,,1648.0,10,19.312
825,0.357,43.469,1.819,41.395,1.037,41.293000000000006,0.7886241183225378,1.5430123110331948,0.8978512894032995,1650.0,10,19.312
826,0.7310000000000001,42.449000000000005,2.261,41.633,-2.499,42.483,4.835297302131484,1.5472981300677833,5.222346037637581,1652.0,10,19.312
827,0.799,43.095000000000006,0.901,42.313,-1.955,41.73500000000001,2.913901165104953,1.3066198082433222,5.502601814261571,1654.0,10,19.312
828,0.493,42.143,0.493,45.543000000000006,-3.111,42.925,4.454519053725105,1.981457504528445,12.194225038554936,1656.0,10,19.312
829,0.357,43.571000000000005,-3.213,43.163,0.255,41.973000000000006,3.666486601639232,1.5782587484957344,7.101241660349772,1658.0,10,19.312
830,1.0710000000000002,43.911,-0.629,44.489,2.4650000000000003,42.755,3.546772053572093,1.2013740657402812,4.704596346735462,1660.0,10,19.312
831,0.425,43.401,-2.7030000000000003,42.381,-0.357,40.341,3.108909133442147,1.837607091816044,9.46416367910694,1662.0,10,19.312
832,0.187,43.707,-1.853,47.039,0.8670000000000001,39.627,7.8953241858710275,1.7591271576355043,12.125679517899805,1664.0,10,19.312
833,1.173,44.455000000000005,1.445,47.073,-0.629,40.409000000000006,6.979281624923873,1.7548740144835688,7.746025791867866,1666.0,10,19.312
834,1.513,44.999,1.003,44.149,2.2270000000000003,42.585,1.986019133845392,1.434687550675554,7.22324474032276,1668.0,10,19.312
835,1.037,45.951,-0.561,46.121,1.377,41.293000000000006,5.202444425460016,2.1791134208768668,10.168085152718,1670.0,10,19.312
836,0.969,43.367,-1.207,42.211000000000006,1.0710000000000002,40.987,2.586012374293673,2.2759033501216845,14.464002890047658,1672.0,10,19.312
837,1.3430000000000002,43.401,2.873,44.183,2.9410000000000003,44.86300000000001,0.6833915422362206,1.8029789683548485,7.864697054557436,1674.0,10,19.312
838,1.207,42.857000000000006,-0.323,42.245000000000005,0.799,44.557,2.5698692573747794,1.2308674298004598,3.272765606052248,1676.0,10,19.312
839,1.887,43.503,-1.785,41.871,-1.6150000000000002,41.633,0.2924790590794493,2.19611991358136,0.6469261017618795,1678.0,10,19.312
840,1.003,43.775000000000006,-1.5470000000000002,43.129000000000005,-0.289,44.523,1.8777113729218344,2.4914352672806723,7.494032436818572,1680.0,10,19.312
841,-1.003,45.849,-0.7310000000000001,41.055,-2.907,43.333000000000006,3.150279352692393,2.731723600830549,3.5735594852832566,1682.0,10,19.312
842,-0.8330000000000001,46.019000000000005,-1.5810000000000002,41.803,3.2470000000000003,47.311,7.324455474641102,2.8164669073059585,13.201450309534952,1684.0,10,19.312
843,-1.003,45.169,-1.717,41.463,-2.1590000000000003,47.855,6.40726369053124,2.257445291372209,,1686.0,10,19.312
844,-0.799,45.577000000000005,-1.887,46.461000000000006,-2.057,46.733,0.3207553584899245,2.481105814776294,0.7688853297691568,1688.0,10,19.312
845,-1.0710000000000002,44.115,-0.935,42.211000000000006,2.329,46.699000000000005,5.549399967564061,2.924246639081296,19.74373762241945,1690.0,10,19.312
846,-0.323,44.795,3.587,46.053,3.723,46.597,0.5607423650840019,2.446556163420172,2.226996956143782,1692.0,10,19.312
847,-1.003,45.169,-3.1790000000000003,43.605,3.3150000000000004,45.475,6.7578795490893455,2.76911474495985,14.573049167640844,1694.0,10,19.312
848,-1.5470000000000002,44.829,-3.0090000000000003,43.163,2.431,43.537000000000006,5.452841094328717,2.262886543244181,11.35301922971694,1696.0,10,19.312
849,-1.207,44.625,-2.805,44.217000000000006,-1.3430000000000002,43.775000000000006,1.5273532662747018,1.2229188738557513,7.464555494696276,1698.0,10,19.312
850,0.493,45.407,,,,,1.5273532662747018,1.5182349810694782,,1700.0,10,19.312
851,-0.629,45.203,-1.955,44.557,-1.683,45.135000000000005,0.6388020037539018,1.9738865509114287,11.815973963826783,1702.0,10,19.312
852,-0.901,44.013000000000005,-3.0770000000000004,45.033,0.765,41.021,5.554917461132973,1.9879368233701191,10.761485572021984,1704.0,10,19.312
853,-0.561,44.081,-3.5530000000000004,45.407,-3.1790000000000003,46.121,0.8060223321968195,2.239068101888836,12.05385629275236,1706.0,10,19.312
854,-0.255,44.047,0.187,47.243,3.927000000000001,44.013000000000005,4.941710230274535,2.5291040005277985,14.74346459367763,1708.0,10,19.312
855,-0.289,44.693000000000005,0.765,42.313,0.935,42.585,0.3207553584899245,2.212420540167177,0.9318213302730396,1710.0,10,19.312
856,0.289,44.591,0.901,40.579,1.105,41.259,0.7099408426059175,2.6905005372020296,2.504649745057891,1712.0,10,19.312
857,-1.411,44.387,2.091,42.687000000000005,-3.0090000000000003,42.993,5.109171752838224,3.1760901897813887,15.846280411100327,1714.0,10,19.312
858,1.6150000000000002,44.795,2.907,42.619,-0.901,44.591,4.288315286916297,1.717494008801117,9.832091864775622,1716.0,10,19.312
859,1.275,45.033,-0.493,47.481,-0.459,47.651,0.1733666634621546,2.0640162288360635,,1718.0,10,19.312
860,1.3090000000000002,44.081,-0.561,46.189,1.275,44.625,2.4118441077316755,2.5038103865080568,9.185684381237104,1720.0,10,19.312
861,1.0710000000000002,44.829,-0.969,46.937000000000005,1.377,45.951,2.5447813265583354,1.805007976291279,9.277715334250738,1722.0,10,19.312
862,0.901,44.353,,,,,2.5447813265583354,1.8731691697040516,,1724.0,10,19.312
863,-0.187,43.265,-1.751,48.195,3.655,43.469,7.1805231007218415,2.746115603053135,10.586076967196991,1726.0,10,19.312
864,1.275,43.945,-1.989,47.923,3.621,44.149,6.761299875024033,2.177044403466091,10.747893339752908,1728.0,10,19.312
865,1.377,43.29900000000001,-1.853,47.073,3.0090000000000003,44.251000000000005,5.621630368496315,2.4758237230705955,11.521452580448164,1730.0,10,19.312
866,1.003,43.945,-3.0770000000000004,46.631,2.635,45.169,5.896133309212064,2.4854911573259018,10.910672620725702,1732.0,10,19.312
867,0.391,43.877,-2.975,46.801,2.397,45.101000000000006,5.634570436155715,2.466406552058837,11.447991552240678,1734.0,10,19.312
868,1.275,43.605,-3.349,46.087,1.955,44.149,5.646969098551896,2.740991107410731,12.301395208863024,1736.0,10,19.312
869,0.357,43.503,-1.139,47.379000000000005,1.173,45.101000000000006,3.2457091675009946,1.9385803546452487,12.469429869772778,1738.0,10,19.312
870,0.187,42.993,-2.9410000000000003,44.829,0.391,43.503,3.586153928653928,2.167539631228244,12.240143062677642,1740.0,10,19.312
871,0.289,43.265,0.357,46.835,0.221,43.877,2.9611247862932086,2.185600367306919,13.774948853829708,1742.0,10,19.312
872,0.6970000000000001,44.115,-0.017,43.843,3.1790000000000003,43.707,3.198892308284229,2.3787020376002035,5.1877225715756525,1744.0,10,19.312
873,0.561,44.047,1.207,44.115,0.561,43.231,1.094884468791114,2.162693380874201,2.224689162832182,1746.0,10,19.312
874,0.765,44.183,3.621,44.081,1.445,44.86300000000001,2.3122499864850257,2.2448230628575345,2.997242248620489,1748.0,10,19.312
875,0.969,44.353,0.459,44.183,0.255,44.149,0.2068139260301394,2.3498666855445838,,1750.0,10,19.312
876,0.561,43.333000000000006,0.6970000000000001,46.257000000000005,0.289,46.223000000000006,0.4094142156789381,2.046443943127207,0.9685436874130666,1752.0,10,19.312
877,-0.391,43.503,0.7310000000000001,47.685,2.669,44.319,3.8840442839905935,2.4459490625115543,13.564674057136944,1754.0,10,19.312
878,-0.357,43.401,-0.051,45.747,0.051,45.509,0.2589362855993729,1.9273603768130243,,1756.0,10,19.312
879,-1.139,43.231,,,,,0.2589362855993729,1.494094540796633,,1758.0,10,19.312
880,-0.935,43.265,-2.329,47.413,-2.2950000000000004,47.413,0.034,1.283255347901476,,1760.0,10,19.312
881,-0.8670000000000001,43.197,-3.145,43.061,-2.5330000000000004,44.183,1.27805633678645,1.4662148880203605,2.417775293234987,1762.0,10,19.312
882,-0.017,42.789,-2.4650000000000003,42.313,-2.363,43.197,0.8898651583245633,1.3291685178138302,1.0555123505731965,1764.0,10,19.312
883,0.323,43.469,-3.349,45.135000000000005,-1.445,44.761,1.9403844979797176,1.7265191788363858,4.426871925665731,1766.0,10,19.312
884,-1.3430000000000002,43.401,-1.5470000000000002,46.597,-3.043,43.639,3.314782044116928,2.1755645037897064,6.973540330364094,1768.0,10,19.312
885,-1.4620000000000002,42.959,-0.8330000000000001,47.957,-3.349,43.469,5.145133623143329,2.644349131741861,6.173515612519567,1770.0,10,19.312
886,-0.289,43.265,-0.5950000000000001,46.563,0.527,45.441,1.586747616982613,1.979482092809543,1.8256969054855885,1772.0,10,19.312
887,0.5950000000000001,42.347,-3.0770000000000004,43.707,0.663,45.917,4.344156995321417,1.7859514838602708,10.960987059948724,1774.0,10,19.312
888,1.0710000000000002,42.959,-3.2470000000000003,43.027,1.173,47.311,6.155408678552546,2.569102183736132,12.074616418380405,1776.0,10,19.312
889,1.377,43.605,-2.261,43.571000000000005,1.5810000000000002,48.365,6.143565739861502,2.3090399534306023,10.233113064995536,1778.0,10,19.312
890,2.057,43.979000000000006,-0.765,48.603,1.275,45.951,3.345848771238772,2.2990440447057243,14.168177473443809,1780.0,10,19.312
891,2.4650000000000003,44.489,0.119,47.753,0.8670000000000001,41.123000000000005,6.672061450556343,2.459235461017601,10.697890604338454,1782.0,10,19.312
892,2.2950000000000004,45.067,0.561,46.665000000000006,1.105,41.157,5.534799002673901,2.0667270427714226,9.785125362480082,1784.0,10,19.312
893,2.057,44.727,-0.255,48.161,2.023,45.713,3.343947966102344,2.416751223206178,13.631570671941256,1786.0,10,19.312
894,1.649,44.013000000000005,-0.663,48.297,1.989,45.645,3.750494367413448,2.3240445077512635,14.364796444105888,1788.0,10,19.312
895,1.921,43.639,1.989,48.059000000000005,2.091,45.883,2.1783893132312238,2.4736467931311505,15.527290367007934,1790.0,10,19.312
896,1.717,45.135000000000005,3.723,46.495000000000005,3.4170000000000003,46.291,0.3677662300973269,1.6988331905230971,0.4300027042996847,1792.0,10,19.312
897,1.717,45.271,0.221,47.413,1.207,43.129000000000005,4.396004094629577,1.577480988271431,9.790003929899006,1794.0,10,19.312
898,1.105,45.543000000000006,-2.329,47.141000000000005,0.459,43.027,4.969702204357923,2.4586647218322866,13.969377929040876,1796.0,10,19.312
899,1.139,45.05,-1.785,47.617,1.0710000000000002,44.761,4.03899393413756,2.546419931328426,12.405714571029234,1798.0,10,19.312
900,1.6150000000000002,44.42100000000001,-0.6970000000000001,47.753,0.5950000000000001,43.605,4.344556133830015,2.4132347334358277,10.609714362762162,1800.0,10,19.312
901,2.363,45.339000000000006,-0.8330000000000001,47.685,2.1590000000000003,43.129000000000005,5.450614644239676,2.295221333683476,9.280905234178578,1802.0,10,19.312
902,1.853,44.285,-1.479,48.365,3.281,42.993,7.1774636188558985,2.46319199545054,8.49114490344231,1804.0,10,19.312
903,1.275,44.183,-1.649,47.923,0.935,41.361,7.052439294315124,2.553376969294081,11.476078869656744,1806.0,10,19.312
904,1.445,43.639,-1.649,48.229000000000006,-2.125,47.447,0.9154780172128656,2.6074447668338205,1.093688862424157,1808.0,10,19.312
905,0.017,44.013000000000005,-1.6150000000000002,48.263000000000005,1.3090000000000002,41.633,7.246149046217584,2.492626978805306,12.168703957942112,1810.0,10,19.312
906,-2.193,42.789,,,,,7.246149046217584,2.287474431033932,,1812.0,10,19.312
907,-0.8330000000000001,42.755,-0.527,43.911,-0.221,42.279,1.66043970080217,0.914941654639585,1.969946200249184,1814.0,10,19.312
908,-0.017,42.925,2.1590000000000003,44.999,2.363,45.305,0.3677662300973269,1.9645872470174115,1.9554840495414736,1816.0,10,19.312
909,0.051,42.483,1.683,47.413,3.0770000000000004,42.381,5.221518936095129,2.635783186614105,12.074835896632834,1818.0,10,19.312
910,0.051,42.959,,,,,5.221518936095129,1.9069026622363163,,1820.0,10,19.312
911,0.187,42.415000000000006,1.853,46.019000000000005,-0.119,43.741,3.012983239249764,1.6845250509432534,,1822.0,10,19.312
912,0.493,42.653000000000006,-0.561,45.339000000000006,-0.493,41.701,3.6386354585201306,1.3322543831584368,5.526941108016466,1824.0,10,19.312
913,0.425,41.599,0.323,46.461000000000006,-0.8670000000000001,41.599,5.0055113624883525,1.9484742754641,7.57027935702543,1826.0,10,19.312
914,-0.085,42.687000000000005,-0.017,46.801,-0.221,46.291,0.5492868103277194,1.435676220474173,1.1357333418203015,1828.0,10,19.312
915,0.306,43.503,-0.425,45.917,-0.6970000000000001,45.543000000000006,0.4624499972970051,1.3080884039845144,0.5651758874239713,1830.0,10,19.312
916,0.969,42.381,-0.629,48.331,0.8670000000000001,40.341,8.128844690360372,2.4993485231725665,10.110057891029504,1832.0,10,19.312
917,0.8330000000000001,43.027,-0.221,44.523,0.187,42.177,2.3812139761054656,1.9993645983189785,9.431428867464222,1834.0,10,19.312
918,1.037,43.129000000000005,3.5530000000000004,45.679,-0.527,42.211000000000006,5.354757137349929,1.5535914699003242,7.475262826223266,1836.0,10,19.312
919,1.819,44.285,1.887,47.107000000000006,-1.683,42.653000000000006,5.708153466752624,1.4462497053264345,7.767779321659753,1838.0,10,19.312
920,0.527,44.047,-0.7310000000000001,42.483,2.805,42.789,3.5492156880077044,1.344512239320994,7.908103458040173,1840.0,10,19.312
921,0.017,44.625,-3.2470000000000003,43.163,2.975,43.741,6.248789322740846,1.5589627844388416,7.930453303855634,1842.0,10,19.312
922,-0.6970000000000001,45.101000000000006,-1.6150000000000002,44.047,1.139,45.067,2.936820729973145,1.197893282028365,5.651089900142214,1844.0,10,19.312
923,-0.561,45.577000000000005,-1.5470000000000002,44.591,1.037,46.325,3.111882388523062,1.2134291557015444,5.171920247562468,1846.0,10,19.312
924,0.153,44.829,-2.397,44.455000000000005,2.5330000000000004,44.693000000000005,4.935741484316211,1.2943965753879856,5.814273185652742,1848.0,10,19.312
925,0.493,44.795,-2.057,42.891000000000005,0.799,45.509,3.8743593018717295,1.3380777567126207,4.542614141843603,1850.0,10,19.312
926,-0.8670000000000001,43.367,-1.241,42.075,2.1590000000000003,42.993,3.5217501331014387,1.4242938335656556,6.734025575332866,1852.0,10,19.312
927,-0.323,43.095000000000006,-2.805,42.755,0.187,44.149,3.3008029326210924,1.115842783636254,3.9814001745715353,1854.0,10,19.312
928,-0.289,42.415000000000006,-3.281,43.911,-1.785,42.211000000000006,2.264512309527153,1.3361236811796036,2.644442812501516,1856.0,10,19.312
929,0.425,42.755,-1.989,45.849,0.255,40.477,5.821848503697087,1.7353399195876085,7.82934946259908,1858.0,10,19.312
930,0.391,43.061,-0.935,46.359,-0.051,43.945,2.5707687566173667,1.86173420772954,6.65095673332157,1860.0,10,19.312
931,-0.357,43.231,-1.5470000000000002,46.461000000000006,1.649,41.361,6.018672278833597,2.6980619764140763,11.95497023474782,1862.0,10,19.312
932,-0.969,43.843,-3.4170000000000003,43.639,1.683,41.73500000000001,5.443823656218119,2.2473399257726245,7.871230455510588,1864.0,10,19.312
933,-1.037,43.809000000000005,-3.213,43.265,-0.7310000000000001,43.333000000000006,2.482931332115329,1.959949159029852,10.251531783696338,1866.0,10,19.312
934,0.323,44.455000000000005,-3.2470000000000003,43.231,1.479,43.809000000000005,4.761214130870403,1.9925214720515785,7.448718233550418,1868.0,10,19.312
935,-0.391,43.843,-2.023,45.475,3.757,44.591,5.8472092488639404,2.127443895030317,10.110998398303686,1870.0,10,19.312
936,0.5950000000000001,43.571000000000005,-3.451,43.537000000000006,0.493,45.339000000000006,4.336166509718002,1.7824015550103471,9.875785649971052,1872.0,10,19.312
937,1.5810000000000002,44.795,-1.479,43.129000000000005,2.669,44.353,4.324821383594935,1.902140938842484,8.029269279518306,1874.0,10,19.312
938,0.5950000000000001,44.965,1.717,41.259,2.1590000000000003,47.821000000000005,6.576869163971563,2.4714947355421817,9.479633503975863,1876.0,10,19.312
939,-0.289,45.747,2.023,41.463,-1.513,47.651,7.127035849495918,2.905398217802803,17.897741880167917,1878.0,10,19.312
940,0.391,46.325,1.5470000000000002,41.905,-1.3430000000000002,48.127,6.860421561391108,2.439021037313583,15.72620128435837,1880.0,10,19.312
941,-0.221,46.155,1.5810000000000002,41.361,-1.003,47.243,6.424560685369857,2.7213496736124267,14.578156944179488,1882.0,10,19.312
942,0.289,45.951,1.5810000000000002,41.361,-1.5470000000000002,47.175,6.602043623000382,2.8479598655149934,16.74440527384665,1884.0,10,19.312
943,0.8670000000000001,45.781000000000006,2.635,41.939,-0.323,46.529,5.460573596244263,2.405156167585837,16.940112824554806,1886.0,10,19.312
944,1.139,45.883,2.125,41.905,0.8670000000000001,46.019000000000005,4.302041375905165,2.2578977051424696,12.713994374206802,1888.0,10,19.312
945,0.153,46.087,0.969,38.199000000000005,0.391,48.807,10.623735124710144,3.1462606965923188,15.604550984094647,1890.0,10,19.312
946,0.153,44.353,-0.629,39.253,3.927000000000001,45.271,7.548076576188136,3.0661163464164,14.29843149689371,1892.0,10,19.312
947,0.935,44.761,0.6970000000000001,41.599,0.8670000000000001,41.701,0.1982523644247402,2.504874337960867,0.3275790954815393,1894.0,10,19.312
948,0.8330000000000001,44.625,2.057,41.463,3.621,46.597,5.36694065553179,2.112507211634359,15.06854852484022,1896.0,10,19.312
949,0.7310000000000001,44.795,-0.425,42.075,3.859,46.291,6.0105999700529065,2.89361547074028,12.223900675379715,1898.0,10,19.312
950,-0.289,44.761,-3.145,46.699000000000005,1.207,47.243,4.385868215074411,2.720534911347792,11.273223897104277,1900.0,10,19.312
951,0.017,43.775000000000006,-1.853,46.665000000000006,-0.255,43.673,3.3920005896225907,2.152456535962072,12.177457496555906,1902.0,10,19.312
952,-1.139,43.333000000000006,-1.479,46.733,-0.8670000000000001,42.449000000000005,4.327493500861672,1.9090290236317264,14.29670427659382,1904.0,10,19.312
953,-1.207,44.115,-2.023,46.733,1.275,46.257000000000005,3.33217346487244,1.9756451773618475,11.881487992599665,1906.0,10,19.312
954,-0.391,43.469,-2.329,47.583000000000006,-2.5330000000000004,47.345000000000006,0.3134645115479582,2.56781138506755,0.6126098803586089,1908.0,10,19.312
955,0.017,44.353,-2.975,46.631,0.969,46.359,3.9533681842196287,2.815300585238796,18.60354083545598,1910.0,10,19.312
956,0.085,44.047,-3.0090000000000003,46.86900000000001,1.173,45.883,4.296663822083362,2.570962648805124,14.7960086196227,1912.0,10,19.312
957,-0.391,44.319,-1.241,47.617,3.0770000000000004,46.733,4.407559415368103,3.2439490045775283,17.264143704061247,1914.0,10,19.312
958,0.969,44.489,-3.0090000000000003,46.937000000000005,1.377,47.821000000000005,4.474198475704895,2.9810349517083004,17.22928902752238,1916.0,10,19.312
959,0.799,44.557,-2.5330000000000004,47.345000000000006,-2.193,47.005,0.4808326112068524,2.7001267820444586,0.6814323584392499,1918.0,10,19.312
960,0.629,44.86300000000001,-1.683,47.821000000000005,1.955,46.189,3.9872883015904432,2.453078815626533,15.747078022515865,1920.0,10,19.312
961,0.153,43.979000000000006,-2.431,47.277,2.193,43.129000000000005,6.211866064235449,2.7433731655071343,15.064411052373105,1922.0,10,19.312
962,0.629,44.251000000000005,-2.2950000000000004,41.905,1.207,46.495000000000005,5.773396227525009,2.223218836270499,16.012999102172028,1924.0,10,19.312
963,2.057,45.339000000000006,,,,,5.773396227525009,2.424895881933194,,1926.0,10,19.312
964,1.275,45.067,-0.7310000000000001,43.367,2.363,46.359,4.304056226398536,2.4098184335970174,18.631399351141837,1928.0,10,19.312
965,0.663,45.373000000000005,-1.3090000000000002,46.42700000000001,1.105,44.217000000000006,3.272842189901615,1.4747185158474236,8.690865242403563,1930.0,10,19.312
966,0.6970000000000001,44.727,-1.989,45.475,1.275,43.29900000000001,3.9228397877048207,1.503405031637971,5.75745733391041,1932.0,10,19.312
967,0.391,45.169,-3.0770000000000004,45.509,3.2470000000000003,45.067,6.339427418939348,1.7285942537066374,9.618858522327963,1934.0,10,19.312
968,1.853,43.843,,,,,6.339427418939348,2.51348038341167,,1936.0,10,19.312
969,1.649,43.571000000000005,-3.145,46.495000000000005,2.805,45.98500000000001,5.971817143885101,3.029919338051269,16.02485034349645,1938.0,10,19.312
970,0.8330000000000001,43.469,-2.023,44.285,3.893,45.577000000000005,6.0554372261629466,3.373533655242822,12.087176561051413,1940.0,10,19.312
971,1.3090000000000002,43.775000000000006,-3.111,46.631,-1.241,45.611,2.130093894644084,2.235508464586546,2.4665313870008423,1942.0,10,19.312
972,1.0710000000000002,43.809000000000005,-2.7030000000000003,46.529,4.029,43.877,7.2355323231950255,2.5152829429511594,11.611831701677652,1944.0,10,19.312
973,0.425,43.911,-2.499,45.543000000000006,4.029,44.557,6.602043623000382,2.3624482166611007,10.71265922789423,1946.0,10,19.312
974,0.8330000000000001,42.925,-2.5330000000000004,46.971,-2.4650000000000003,46.767,0.2150348808914498,2.327534487895079,0.2318733918733797,1948.0,10,19.312
975,1.853,43.29900000000001,-0.187,46.393,3.689,43.469,4.855219047581685,1.395771642088691,,1950.0,10,19.312
976,1.377,43.095000000000006,3.281,42.449000000000005,2.261,41.73500000000001,1.245068672804838,1.5187680121537677,2.885229034228997,1952.0,10,19.312
977,0.969,42.789,3.281,42.585,2.125,42.551,1.1564998919152567,1.7321036347794712,2.146247594410277,1954.0,10,19.312
978,0.765,42.891000000000005,0.5950000000000001,41.667,0.901,46.223000000000006,4.566264556505678,1.7938973733254913,6.532576460469696,1956.0,10,19.312
979,-0.221,43.605,-0.391,43.843,3.145,42.313,3.852816632023902,2.330680493759337,14.651663352856554,1958.0,10,19.312
980,-0.8330000000000001,44.115,-1.5810000000000002,43.571000000000005,0.459,43.707,2.0445283074587155,2.506133843874688,18.008141140937937,1960.0,10,19.312
981,-0.969,45.339000000000006,-2.7710000000000004,43.435,3.4850000000000003,43.401,6.256092390622121,2.1724889210339646,13.818102582654644,1962.0,10,19.312
982,-1.853,45.645,-2.023,44.387,3.621,43.095000000000006,5.789991364414977,2.4442426787434823,10.96075934531338,1964.0,10,19.312
983,-1.479,44.149,-2.669,43.911,3.859,44.047,6.529416512981846,3.031350545898388,17.448462898599814,1966.0,10,19.312
984,-1.037,43.571000000000005,-2.193,43.673,3.281,43.401,5.480753597818461,2.9752512116159573,15.895360467065526,1968.0,10,19.312
985,-0.799,44.727,-1.751,43.061,2.431,41.837,4.357441910111941,1.8761366156161392,15.983157817994742,1970.0,10,19.312
986,-0.799,45.441,0.017,46.495000000000005,1.173,41.123000000000005,5.494972247427644,1.8942410188628749,8.37758084537985,1972.0,10,19.312
987,-0.136,44.693000000000005,0.017,42.041,2.805,45.033,4.089621987421332,1.382042292335396,8.986836809384778,1974.0,10,19.312
988,0.289,45.033,-1.3430000000000002,41.395,1.105,46.257000000000005,5.4435051207838505,1.7334093109666395,7.762296212211653,1976.0,10,19.312
989,1.173,45.747,1.139,44.013000000000005,0.629,48.025000000000006,4.04428535096128,2.0942199736975877,5.21973821227858,1978.0,10,19.312
990,1.173,45.033,1.3090000000000002,42.959,-0.221,48.195,5.454960678135087,2.7653328561269146,11.942770662962053,1980.0,10,19.312
991,0.7310000000000001,45.135000000000005,-2.1590000000000003,41.73500000000001,-1.479,48.093,6.394260238682814,3.214532112371131,14.264026582190263,1982.0,10,19.312
992,0.5950000000000001,44.625,-0.085,43.197,0.493,48.331,5.166433973254667,2.7734387425584512,13.071422229416587,1984.0,10,19.312
993,1.105,44.897000000000006,-1.003,42.891000000000005,2.329,47.141000000000005,5.400437389693543,2.1259858014552617,15.165966074795495,1986.0,10,19.312
994,0.969,45.135000000000005,-2.601,42.313,2.193,48.195,7.588172375480147,2.309140336185435,17.57193559532018,1988.0,10,19.312
995,0.425,45.067,-1.173,42.585,1.989,48.025000000000006,6.292205018910303,2.342053865391264,15.296605235994448,1990.0,10,19.312
996,0.8670000000000001,45.033,-2.193,41.803,1.037,47.413,6.473407139984323,1.9745634700970496,8.561407334869678,1992.0,10,19.312
997,1.955,45.135000000000005,-2.091,41.803,1.241,48.229000000000006,7.238487411054882,2.476573233444996,13.622942689233684,1994.0,10,19.312
998,1.989,44.693000000000005,-0.425,43.333000000000006,1.173,45.373000000000005,2.591371065671608,2.202750162889448,11.524743929853614,1996.0,10,19.312
999,2.023,44.625,-0.289,45.407,0.969,47.107000000000006,2.1148437294514224,1.7837800700607307,2.855287359977104,1998.0,10,19.312
1000,1.819,44.999,-3.111,46.733,1.649,44.149,5.416147708473247,2.303809747440994,12.855906116568404,2000.0,10,19.312
1001,1.445,44.829,-1.989,46.189,1.139,46.801,3.187307327510167,2.4986694016612114,11.728852809667805,2002.0,10,19.312
1002,1.275,43.979000000000006,-2.261,47.753,2.125,46.767,4.495463491120799,2.6875367718303327,16.1009281318047,2004.0,10,19.312
1003,0.561,45.407,-2.125,47.379000000000005,-3.0770000000000004,46.42700000000001,1.3463313113791866,2.555164550005486,1.4774401938137074,2006.0,10,19.312
1004,0.5950000000000001,44.829,-2.057,47.039,3.5530000000000004,45.509,5.814894668005604,2.290579988375448,11.311101810723946,2008.0,10,19.312
1005,0.8670000000000001,44.149,-2.125,47.923,-0.969,46.461000000000006,1.8638079300185413,2.390913047434182,,2010.0,10,19.312
1006,0.051,44.455000000000005,-2.8390000000000004,47.005,-0.425,43.639,4.142143406498621,2.4895707123407744,18.767944695907204,2012.0,10,19.312
1007,0.221,44.693000000000005,-3.3830000000000005,46.223000000000006,-0.8670000000000001,43.061,4.040853870161603,2.5499077803349923,7.49679486193715,2014.0,10,19.312
1008,0.663,46.121,,,,,4.040853870161603,2.6333831680113597,,2016.0,10,19.312
1009,0.5950000000000001,46.529,-2.7030000000000003,44.081,-1.3430000000000002,46.801,3.0410524493997144,1.7655990573917355,8.588374514635436,2018.0,10,19.312
1010,0.765,47.005,-2.8390000000000004,42.551,2.5330000000000004,46.087,6.431304688785939,2.497963283790252,11.30993990132781,2020.0,10,19.312
1011,0.187,46.053,-2.975,42.619,1.207,48.467000000000006,7.1894525521766965,2.3284369419403643,15.683685839703855,2022.0,10,19.312
1012,0.799,45.951,-3.281,43.197,3.791,45.883,7.564904493779152,2.321633624039652,9.211299586452547,2024.0,10,19.312
1013,0.901,46.665000000000006,-3.281,43.265,3.893,46.155,7.7342340280082045,2.4707679019091624,11.055977965656156,2026.0,10,19.312
1014,0.51,45.169,-2.975,42.789,0.629,46.835,5.418388321263067,2.3773836548088885,15.033227652563292,2028.0,10,19.312
1015,0.629,46.257000000000005,-2.2950000000000004,42.075,0.8670000000000001,48.127,6.828246334162236,2.4085592976609256,8.845121316210529,2030.0,10,19.312
1016,0.153,46.087,-3.281,43.29900000000001,-0.425,48.365,5.8155904257435465,2.3796487012809795,12.018743887674852,2032.0,10,19.312
1017,0.289,45.815000000000005,,,,,5.8155904257435465,2.50597161551903,,2034.0,10,19.312
1018,0.153,46.019000000000005,3.2470000000000003,47.243,-2.431,46.42700000000001,5.736335066922085,2.0631770488790093,7.457773838177908,2036.0,10,19.312
1019,0.442,46.223000000000006,-3.519,44.965,-2.8390000000000004,46.903000000000006,2.053836410233298,2.480259980169573,16.75343690139597,2038.0,10,19.312
1020,1.0710000000000002,45.713,-0.799,42.517,0.7310000000000001,48.161,5.847703480854685,2.502015906881624,15.00566964478853,2040.0,10,19.312
1021,1.479,45.169,-2.193,45.033,-0.969,46.529,1.932923174883058,1.7061819141972436,4.713603135896759,2042.0,10,19.312
1022,1.105,45.815000000000005,-2.125,47.719,3.2470000000000003,45.203,5.932001348617514,1.3918689914111813,7.754700437031067,2044.0,10,19.312
1023,0.425,43.741,-1.3430000000000002,46.699000000000005,-0.5950000000000001,44.523,2.300973706933654,1.5205431788296728,7.583094029088,2046.0,10,19.312
1024,-0.425,43.163,-2.2950000000000004,46.393,-2.4650000000000003,43.129000000000005,3.26842408509055,1.7923641574211946,8.68292206670748,2048.0,10,19.312
1025,-0.493,43.027,-1.173,46.86900000000001,-3.145,43.061,4.288315286916297,2.7381688631599785,9.527980127052396,2050.0,10,19.312
1026,-0.969,43.877,-0.969,48.161,-0.119,47.277,1.2263588381872574,2.119790605016808,1.835794289739615,2052.0,10,19.312
1027,-1.105,43.401,-1.6150000000000002,48.127,-2.7710000000000004,43.29900000000001,4.964465731576762,2.554030594127522,10.546075161058525,2054.0,10,19.312
1028,-0.051,43.809000000000005,-1.479,48.229000000000006,-2.125,42.483,5.782199581474164,2.8988004810333865,11.240463687220275,2056.0,10,19.312
1029,0.7310000000000001,42.619,-0.8670000000000001,47.345000000000006,-1.207,41.361,5.993651307842324,3.3483121670822524,13.229320242928493,2058.0,10,19.312
1030,1.411,44.965,-0.935,45.611,-0.5950000000000001,45.611,0.34,1.4840006467374274,0.5874692682341275,2060.0,10,19.312
1031,2.363,45.203,-2.499,46.291,-2.567,45.883,0.4136278520602789,2.365052970530483,0.4633466401054312,2062.0,10,19.312
1032,1.683,44.659000000000006,0.799,45.509,1.003,45.305,0.2884995667241113,1.991029072343569,1.1209356306904603,2064.0,10,19.312
1033,0.8330000000000001,44.557,0.901,46.699000000000005,2.873,44.727,2.7888291449997435,2.061890446983986,3.741765368572318,2066.0,10,19.312
1034,-0.017,44.115,-1.0710000000000002,46.42700000000001,2.397,42.823,5.001583749173856,1.9859938263400696,5.756199934901131,2068.0,10,19.312
1035,-0.221,45.305,,,,,5.001583749173856,2.020402462399951,,2070.0,10,19.312
1036,-0.221,45.407,3.5530000000000004,46.563,3.349,46.563,0.204,2.3147034549888708,0.3474290692176562,2072.0,10,19.312
1037,-0.6970000000000001,43.197,2.873,46.631,-1.411,43.401,5.365217236981184,1.9798324398281584,6.795273055633647,2074.0,10,19.312
1038,0.221,43.469,2.7710000000000004,44.897000000000006,-0.8330000000000001,42.449000000000005,4.356778626462447,1.8917832016311895,7.364990424753371,2076.0,10,19.312
1039,0.017,43.231,,,,,4.356778626462447,2.032937597190586,,2078.0,10,19.312
1040,0.119,44.319,3.689,46.291,-0.901,44.353,4.982363294662484,2.3751067528831715,8.590844141139355,2080.0,10,19.312
1041,-0.357,44.795,3.723,46.359,-1.139,45.169,5.0055113624883525,2.40644816295038,7.006395801614557,2082.0,10,19.312
1042,-1.751,45.577000000000005,3.4850000000000003,46.053,-2.363,45.135000000000005,5.919613838756714,2.678019475964427,9.55341899605721,2084.0,10,19.312
1043,-1.3430000000000002,45.98500000000001,-2.8390000000000004,43.095000000000006,-2.635,43.673,0.6129437168288782,2.073562172564372,1.2309689689796832,2086.0,10,19.312
1044,-2.2950000000000004,45.679,0.357,47.005,-0.221,47.107000000000006,0.5869310010554903,1.4366819192207545,1.068144676618906,2088.0,10,19.312
1045,-2.1590000000000003,46.223000000000006,,,,,0.5869310010554903,1.1022904169460692,,2090.0,10,19.312
1046,-1.819,46.529,-2.2950000000000004,45.849,-1.411,48.161,2.4752373623553763,0.9698115245704592,3.731535845417192,2092.0,10,19.312
1047,-1.241,45.305,-0.8670000000000001,47.447,1.6150000000000002,43.401,4.746624063479222,1.5957253914434066,8.162806274643277,2094.0,10,19.312
1048,-0.561,46.155,-3.111,44.013000000000005,-0.629,47.923,4.631244325232691,1.4305326346074887,7.818282287556408,2096.0,10,19.312
1049,-0.901,46.835,-1.275,44.013000000000005,-0.221,48.059000000000005,4.181032408389106,1.113655500832753,5.210920353937204,2098.0,10,19.312
1050,-0.5950000000000001,47.039,-0.527,45.815000000000005,0.493,47.821000000000005,2.250430181098716,1.044870676275703,2.731134891431618,2100.0,10,19.312
1051,-0.561,45.917,-1.3090000000000002,47.515,1.003,46.42700000000001,2.555208015015608,1.127460617083671,6.107327446761776,2102.0,10,19.312
1052,0.119,44.489,-1.819,47.855,-0.527,44.42100000000001,3.669008040329157,1.5841108412112732,9.436043853170917,2104.0,10,19.312
1053,2.1590000000000003,44.081,-0.527,45.033,3.859,46.223000000000006,4.5445677462218566,2.882331319604392,13.658963840043208,2106.0,10,19.312
1054,1.683,44.115,-2.1590000000000003,47.889,2.873,44.829,5.889365330831499,3.092962497716207,15.956323893108957,2108.0,10,19.312
1055,1.3430000000000002,43.741,0.289,44.523,3.281,46.767,3.74,2.575522463892619,12.506357868718672,2110.0,10,19.312
1056,0.8330000000000001,43.979000000000006,-1.139,45.645,1.003,45.305,2.1688162669991207,1.994157459699829,15.741746280559791,2112.0,10,19.312
1057,1.921,44.081,-2.4650000000000003,47.413,3.825,45.305,6.633834788416125,2.789793309192006,17.723054186838027,2114.0,10,19.312
1058,1.037,44.625,-3.451,44.795,3.723,46.393,7.349821766546452,2.846394933326341,19.054404422188234,2116.0,10,19.312
1059,1.717,45.135000000000005,-1.683,41.429,-1.853,41.565000000000005,0.2177062240727168,2.682787964496193,1.2314195641230123,2118.0,10,19.312
1060,1.751,44.081,-3.3830000000000005,43.265,2.023,45.713,5.9344367887778535,2.343875285083428,13.48790587912324,2120.0,10,19.312
1061,2.125,44.183,-3.0770000000000004,43.061,2.261,47.651,7.040052840710786,3.0797927041655875,16.014407026497697,2122.0,10,19.312
1062,1.479,43.435,-1.479,41.701,-0.8670000000000001,47.345000000000006,5.677083758409771,3.269138201935014,17.71082867644342,2124.0,10,19.312
1063,1.0710000000000002,44.591,-0.119,41.73500000000001,0.7310000000000001,48.467000000000006,6.78544943242524,2.662084303633643,15.985054726691116,2126.0,10,19.312
1064,-0.629,46.053,-0.6970000000000001,41.021,1.6150000000000002,47.481,6.861264023487218,2.6593363950628315,12.106236503145116,2128.0,10,19.312
1065,-0.6970000000000001,45.305,-1.819,41.633,1.819,48.229000000000006,7.532745847298979,2.863638116683424,16.42628812715669,2130.0,10,19.312
1066,-0.561,45.951,-1.683,46.053,2.567,47.855,4.616243494444373,2.7851878680312963,10.722443129003684,2132.0,10,19.312
1067,-1.173,45.509,-1.5470000000000002,42.789,3.587,46.835,6.536671324152684,2.7076990757567025,17.583322819205105,2134.0,10,19.312
1068,-1.139,44.727,-1.241,42.653000000000006,2.737,44.625,4.4399626124552,2.8210319096076195,17.415094117738825,2136.0,10,19.312
1069,-0.629,45.271,-1.6150000000000002,45.033,2.737,43.605,4.580293440381304,2.7655315600303334,15.096450156521833,2138.0,10,19.312
1070,-1.037,43.877,-0.5950000000000001,43.197,2.2270000000000003,44.081,2.957218287512777,2.809330352666431,19.99681532836348,2140.0,10,19.312
1071,-1.479,44.081,1.683,41.73500000000001,-0.085,43.775000000000006,2.6995229208139726,1.882963321050374,10.119089457324725,2142.0,10,19.312
1072,-1.445,44.489,2.193,41.73500000000001,0.119,46.835,5.505585890711361,2.422151099190057,10.91084163295973,2144.0,10,19.312
1073,-1.3090000000000002,45.033,1.411,43.231,-2.737,45.713,4.833862637684278,2.5256444592416045,9.259071337261632,2146.0,10,19.312
1074,-0.7310000000000001,45.237,0.8670000000000001,43.367,1.989,46.121,2.973785466371104,2.8150022559691794,18.039052305854383,2148.0,10,19.312
1075,-0.017,45.339000000000006,-0.017,45.679,2.669,43.163,3.680333137095065,3.076733188773478,20.47794037821146,2150.0,10,19.312
1076,-0.051,44.625,0.493,44.829,0.153,44.761,0.3467333269243093,2.3639461415759992,0.6075994862876406,2152.0,10,19.312
1077,-0.425,44.387,3.689,44.829,1.989,44.387,1.7565204240201706,2.5158969543346683,18.34982039623213,2154.0,10,19.312
1078,-0.221,45.237,3.2470000000000003,43.775000000000006,1.785,47.005,3.5454680932142093,2.457536472004353,12.810702831694917,2156.0,10,19.312
1079,-0.527,46.495000000000005,2.5330000000000004,43.605,-0.391,44.693000000000005,3.1198589711716136,1.668383616650467,3.565712286554146,2158.0,10,19.312
1080,-0.765,45.713,-0.663,43.673,-3.281,43.129000000000005,2.67392221278032,1.5196344231269137,7.169706563874134,2160.0,10,19.312
1081,-0.629,45.441,1.445,45.373000000000005,-3.349,43.503,5.145807613970814,1.559745440798478,6.137708184117563,2162.0,10,19.312
1082,-1.0710000000000002,45.441,-0.391,48.399,-3.145,43.061,6.006559747476088,2.116000580706496,9.977072407306872,2164.0,10,19.312
1083,0.969,45.917,1.241,43.469,-1.921,41.939,3.512711772975404,2.477098287909264,4.477884492963613,2166.0,10,19.312
1084,0.663,44.931,1.5470000000000002,42.959,-2.2950000000000004,42.755,3.847412117254922,2.6585474044794792,18.8069447131923,2168.0,10,19.312
1085,1.241,43.639,3.0770000000000004,42.823,-3.5530000000000004,44.013000000000005,6.735948337094043,2.409616638123405,19.184991442457434,2170.0,10,19.312
1086,0.6970000000000001,44.489,3.281,44.42100000000001,-2.805,44.693000000000005,6.092075180100784,2.2863109134010418,16.53542091048749,2172.0,10,19.312
1087,-0.765,43.979000000000006,3.3830000000000005,42.993,-2.9410000000000003,42.993,6.324000000000001,2.67745514139603,13.810783596347722,2174.0,10,19.312
1088,-0.663,44.047,3.281,42.891000000000005,-2.7710000000000004,42.517,6.063545167639143,2.140303492707474,10.322350364580698,2176.0,10,19.312
1089,0.187,44.251000000000005,0.187,48.161,2.907,43.197,5.660361825890639,2.4967152097309406,19.850709944222505,2178.0,10,19.312
1090,1.411,44.081,1.173,48.399,1.207,42.211000000000006,6.1880934058884405,2.5561716474132616,14.054012360633408,2180.0,10,19.312
1091,0.8330000000000001,45.679,-0.187,41.429,-0.119,41.089000000000006,0.3467333269243093,2.2168204336324875,0.3679507294817852,2182.0,10,19.312
1092,0.5950000000000001,45.237,-1.513,46.86900000000001,2.091,41.599,6.3844902693950445,2.264025527610922,13.858299278371147,2184.0,10,19.312
1093,1.207,44.965,-1.3430000000000002,48.263000000000005,1.887,41.497,7.497443297551507,2.39533057543648,14.10953908054977,2186.0,10,19.312
1094,1.173,44.86300000000001,-1.785,48.127,0.8670000000000001,41.089000000000006,7.521073593576917,2.3555777828577136,16.91341131057083,2188.0,10,19.312
1095,1.0710000000000002,44.081,0.289,48.399,-0.459,39.321000000000005,9.108764350887556,2.8377948928924868,15.694735775253347,2190.0,10,19.312
1096,1.989,44.013000000000005,3.213,45.781000000000006,-0.6970000000000001,38.641000000000005,8.140497527792759,2.4819059137612496,9.861821190414302,2192.0,10,19.312
1097,-0.663,43.945,3.0090000000000003,45.509,-2.261,44.115,5.451250865627081,1.6801983679370407,6.587853775247684,2194.0,10,19.312
1098,-0.527,44.251000000000005,3.791,45.271,-3.3830000000000005,43.843,7.314742647557739,2.351099992640314,10.547492709049951,2196.0,10,19.312
1099,-0.493,45.067,3.621,45.509,-3.451,43.469,7.360352165487736,2.6072822495238546,10.190991345905593,2198.0,10,19.312
1100,-0.561,44.965,1.3090000000000002,45.169,-3.4850000000000003,44.489,4.841986782303314,1.7204888443219046,7.398104778054845,2200.0,10,19.312
1101,-1.173,46.597,-1.649,44.115,-2.499,47.447,3.438709641711553,1.34028646938076,6.760095803660936,2202.0,10,19.312
1102,-0.6970000000000001,47.311,-3.0090000000000003,46.359,-0.901,45.407,2.3129997838305134,1.08359023674978,6.87573285757894,2204.0,10,19.312
1103,-0.357,47.54900000000001,-1.887,47.515,-1.3430000000000002,45.339000000000006,2.2429694603360075,1.0244200997974595,5.553299157714494,2206.0,10,19.312
1104,0.085,46.903000000000006,-0.935,44.557,1.445,46.903000000000006,3.341873127454123,1.0312171236702443,4.891927914813861,2208.0,10,19.312
1105,0.765,46.325,-0.901,43.673,3.5530000000000004,45.849,4.957125376667409,1.3814353627282945,7.849507497156186,2210.0,10,19.312
1106,1.241,44.931,-1.921,44.285,3.349,44.557,5.277014686354399,1.4520330639661716,8.255851138609348,2212.0,10,19.312
1107,-0.493,46.461000000000006,-2.635,43.537000000000006,2.7710000000000004,44.251000000000005,5.452947093086453,1.8819304910568773,11.674621213077344,2214.0,10,19.312
1108,-1.3430000000000002,46.189,-2.329,42.483,0.289,44.897000000000006,3.5610841045951167,1.7130224064403656,10.22025706573959,2216.0,10,19.312
1109,-0.425,46.359,-2.567,47.209,0.357,45.033,3.644825373046012,1.910678424295931,7.168544896717913,2218.0,10,19.312
1110,0.425,46.699000000000005,-0.6970000000000001,43.571000000000005,0.765,44.251000000000005,1.6124031753875951,1.9722118387843164,11.055190251544948,2220.0,10,19.312
1111,0.187,46.835,0.119,44.829,2.499,41.769000000000005,3.876596445337069,2.4096566437173896,13.709528134800411,2222.0,10,19.312
1112,-0.527,46.155,-2.8390000000000004,45.407,-1.377,45.611,1.476163947534284,1.5080933922141315,10.128725199553704,2224.0,10,19.312
1113,-0.629,44.931,-2.907,43.503,1.3090000000000002,43.843,4.229687458902845,2.000176124820769,5.654649920945559,2226.0,10,19.312
1114,-0.425,45.169,-2.7710000000000004,44.897000000000006,-2.363,44.829,0.4136278520602789,2.2583121955370684,15.728038542101666,2228.0,10,19.312
1115,0.153,45.373000000000005,-3.519,45.203,-3.349,45.679,0.5054463374088293,2.016826786007445,9.29105881707319,2230.0,10,19.312
1116,1.0710000000000002,45.203,-0.085,41.225,-1.003,45.543000000000006,4.41450427568034,1.9112099759613803,11.975237770800906,2232.0,10,19.312
1117,0.799,44.931,0.289,38.471,0.901,46.597,8.149013437220484,3.054606138652753,14.882188361863912,2234.0,10,19.312
1118,0.561,45.169,1.003,41.565000000000005,1.003,45.101000000000006,3.5360000000000005,2.2467197696036125,17.830587809567266,2236.0,10,19.312
1119,-0.289,46.257000000000005,0.935,41.361,-1.479,47.787000000000006,6.864464436501947,2.1740117739638243,9.526236023965494,2238.0,10,19.312
1120,0.187,46.257000000000005,0.799,41.667,0.153,48.43300000000001,6.7967692325104,3.185868081201356,13.07769935686554,2240.0,10,19.312
1121,0.051,44.795,2.023,41.837,-0.085,48.43300000000001,6.924657392246926,2.863355291127166,16.413804645646373,2242.0,10,19.312
1122,-0.391,45.135000000000005,,,,,6.924657392246926,2.731329677641668,,2244.0,10,19.312
1123,-0.255,45.271,3.111,42.245000000000005,-1.207,48.43300000000001,7.545625752712628,2.592775359270427,18.22468857166714,2246.0,10,19.312
1124,-0.051,44.965,3.1790000000000003,42.517,-1.5810000000000002,48.263000000000005,7.461508962669683,2.038912029824665,14.769916661852683,2248.0,10,19.312
1125,-0.323,44.999,3.2470000000000003,42.483,-2.499,47.481,7.615544629243532,2.063952400174385,9.51103708617699,2250.0,10,19.312
1126,-0.459,45.611,3.111,42.347,-2.4650000000000003,47.515,7.602631123499285,1.9312087814216985,8.77022777400577,2252.0,10,19.312
1127,-0.527,43.537000000000006,2.057,43.29900000000001,-1.3430000000000002,48.365,6.101176607835574,2.758744503609059,17.8822093047034,2254.0,10,19.312
1128,-0.187,43.29900000000001,4.029,45.679,-1.445,48.059000000000005,5.9690096330966,2.6378429787648265,18.1901708090155,2256.0,10,19.312
1129,-0.799,43.775000000000006,2.091,44.761,-0.663,47.481,3.870777182944015,3.187087442779164,17.770673878531525,2258.0,10,19.312
1130,0.085,43.809000000000005,-0.459,45.679,1.139,47.787000000000006,2.6452349612085504,2.723544055688282,17.942827474633507,2260.0,10,19.312
1131,-0.357,44.115,0.323,47.855,2.907,47.821000000000005,2.5842236745297416,3.003313355137244,19.769158252408413,2262.0,10,19.312
1132,0.051,44.557,0.119,44.795,2.737,47.617,3.849364622895577,2.962818678529092,20.212080764949,2264.0,10,19.312
1133,0.561,43.775000000000006,-1.6150000000000002,43.809000000000005,1.921,47.889,5.399045841627945,2.252827897897615,9.494239449091738,2266.0,10,19.312
1134,0.765,42.925,1.241,42.891000000000005,2.057,48.365,5.534485703297101,2.464248338732692,14.126284650963138,2268.0,10,19.312
1135,1.037,43.29900000000001,0.017,42.211000000000006,2.635,48.025000000000006,6.376246544794202,2.69365387160186,16.336252340012297,2270.0,10,19.312
1136,0.969,43.877,0.119,43.809000000000005,2.601,48.025000000000006,4.892338908947336,2.670121705476498,18.46407891454892,2272.0,10,19.312
1137,0.527,43.129000000000005,-3.2470000000000003,44.047,1.5470000000000002,48.501000000000005,6.543741437434704,2.9038326331790896,16.842168217412343,2274.0,10,19.312
1138,0.5950000000000001,44.217000000000006,,,,,6.543741437434704,2.2906432778878707,,2276.0,10,19.312
1139,0.051,44.387,,,,,6.543741437434704,1.8818338655114883,,2278.0,10,19.312
1140,-1.241,44.829,3.621,45.101000000000006,3.723,45.747,0.6540030580968257,2.3665094240326283,0.7430147064308043,2280.0,10,19.312
1141,0.6970000000000001,44.353,-1.5470000000000002,43.843,0.493,45.373000000000005,2.5500000000000003,2.3329567677555345,12.418818203996375,2282.0,10,19.312
1142,0.221,44.251000000000005,2.601,41.905,0.5950000000000001,45.475,4.094989133074715,1.9320289096226768,5.503765515110999,2284.0,10,19.312
1143,-1.683,45.203,3.791,43.843,-1.717,46.053,5.934826366457574,2.8569230949947086,11.381046153151852,2286.0,10,19.312
1144,-0.6970000000000001,45.067,3.723,43.809000000000005,-2.193,45.883,6.269013638524007,2.7032364495691987,16.073478552283444,2288.0,10,19.312
1145,-0.935,45.169,3.791,43.707,-3.3150000000000004,46.223000000000006,7.538268501453103,2.659422489983614,17.399496192864238,2290.0,10,19.312
1146,-0.8330000000000001,45.135000000000005,3.0090000000000003,46.86900000000001,-3.1790000000000003,46.597,6.193975137179678,2.7464390666873664,16.90440709031487,2292.0,10,19.312
1147,-0.289,44.557,3.2470000000000003,47.277,-2.669,46.971,5.923908507058495,2.537470195882437,18.06136508832324,2294.0,10,19.312
1148,1.0710000000000002,44.591,0.8670000000000001,45.509,-1.411,47.107000000000006,2.782604535322977,2.169246897084866,11.05036907780484,2296.0,10,19.312
1149,1.5810000000000002,43.979000000000006,3.451,42.823,-0.8330000000000001,47.685,6.480100307865612,1.7911404081075428,12.66178451072241,2298.0,10,19.312
1150,-0.153,44.353,3.451,43.197,-2.737,44.455000000000005,6.314579004177555,2.134484381315946,13.740042095846269,2300.0,10,19.312
1151,-1.3090000000000002,43.503,3.281,42.619,-3.4850000000000003,45.101000000000006,7.20687727105159,2.344789428217236,9.67547322145803,2302.0,10,19.312
1152,-1.275,43.469,3.0770000000000004,42.381,-2.2270000000000003,43.707,5.467238059569018,2.168347473211647,9.694522222961202,2304.0,10,19.312
1153,-0.561,43.979000000000006,2.499,44.999,-2.091,43.877,4.725143807335392,2.7697348322285684,15.04477888124849,2306.0,10,19.312
1154,-0.459,43.639,2.873,45.543000000000006,-2.8390000000000004,43.095000000000006,6.21447085438495,2.259754666072844,11.35416972681891,2308.0,10,19.312
1155,-0.187,44.829,-2.499,41.939,0.289,48.535,7.161016687594018,2.174103379106349,13.611457163935224,2310.0,10,19.312
1156,-0.357,43.571000000000005,-3.0090000000000003,42.585,0.357,47.651,6.082294961607831,2.01621897787266,9.490114783671984,2312.0,10,19.312
1157,0.561,42.585,-1.717,42.007000000000005,1.003,48.535,7.072000000000001,2.632260357740157,9.657236975433118,2314.0,10,19.312
1158,0.6970000000000001,42.619,-1.173,41.191,1.377,44.455000000000005,4.142003862866378,2.056923952418209,10.067115122359562,2316.0,10,19.312
1159,1.6150000000000002,43.503,-0.969,43.537000000000006,0.527,42.347,1.9115742203744013,1.326934647572035,2.60163725688737,2318.0,10,19.312
1160,1.173,42.806,-1.105,42.857000000000006,0.8330000000000001,40.783,2.838541879204885,1.5127569823106537,3.496505434447606,2320.0,10,19.312
1161,1.513,43.027,-1.6150000000000002,42.721,3.791,45.98500000000001,6.314945130402956,1.661239100693338,8.966912873871312,2322.0,10,19.312
1162,0.6970000000000001,43.231,-1.207,41.429,3.145,42.585,4.502914611670979,1.3733031638907225,6.656120169126037,2324.0,10,19.312
1163,-0.187,42.551,1.139,41.667,2.907,42.585,1.9921214822394744,1.9522774730476,10.981009575810194,2326.0,10,19.312
1164,-0.017,42.585,-1.105,41.429,3.689,45.713,6.429237279802326,2.804600168396969,10.479175793856024,2328.0,10,19.312
1165,-0.391,43.367,,,,,6.429237279802326,2.977526227837715,,2330.0,10,19.312
1166,0.119,44.251000000000005,1.139,43.775000000000006,1.751,45.203,1.5536177135962377,2.090430489636929,15.459752800948646,2332.0,10,19.312
1167,0.527,43.741,-1.5470000000000002,42.449000000000005,2.431,41.701,4.047713922697601,1.6886952054984008,8.745952794019237,2334.0,10,19.312
1168,0.459,44.047,-2.7030000000000003,42.517,2.805,42.075,5.52570610872493,2.236494493920787,9.735465100034965,2336.0,10,19.312
1169,0.629,45.237,1.513,44.625,3.621,43.979000000000006,2.2047630258147928,2.78060201236908,18.468107353395627,2338.0,10,19.312
1170,-0.6120000000000001,45.407,-0.7310000000000001,45.135000000000005,3.825,43.945,4.708846567897493,3.0093382411805507,17.074960646859278,2340.0,10,19.312
1171,-0.017,44.693000000000005,-0.051,44.149,3.689,43.673,3.770169226971119,1.6634778351851205,6.063247756538936,2342.0,10,19.312
1172,0.017,44.795,1.275,44.013000000000005,3.519,43.707,2.264767537739801,1.497161304034958,8.21614033911543,2344.0,10,19.312
1173,-1.5470000000000002,45.611,-1.445,44.829,3.587,43.231,5.27964279094713,2.197171272931812,10.330893951639744,2346.0,10,19.312
1174,-0.765,44.625,-2.907,45.883,3.621,43.333000000000006,7.008372421611169,2.177008432664071,9.23980318745462,2348.0,10,19.312
1175,-1.785,46.053,-2.091,43.945,3.757,43.367,5.876494533308102,2.6361186129103205,13.116572103607806,2350.0,10,19.312
1176,-1.6150000000000002,46.053,-3.281,45.373000000000005,-0.357,46.393,3.096800929992111,1.7793734993828343,12.125787625248384,2352.0,10,19.312
1177,-0.527,44.86300000000001,-1.921,44.795,-0.8330000000000001,46.529,2.04707107839469,1.55279086337993,7.952721863949248,2354.0,10,19.312
1178,-0.493,45.271,3.621,46.359,-0.085,47.413,3.852966649219794,1.5428503877426911,7.283993508773695,2356.0,10,19.312
1179,-0.255,45.611,1.853,43.775000000000006,3.349,46.121,2.782396808508808,2.0043051021008984,17.07564138943054,2358.0,10,19.312
1180,-0.629,45.951,2.805,44.693000000000005,-2.023,47.685,5.679933802431152,1.6723859997475938,7.23984436409448,2360.0,10,19.312
1181,0.425,44.999,2.907,42.517,-2.5330000000000004,45.679,6.292205018910303,1.766636342536771,7.815429494971258,2362.0,10,19.312
1182,1.0710000000000002,44.965,3.587,45.271,2.5330000000000004,43.979000000000006,1.6673871775925353,1.971721807647114,3.3866582033361,2364.0,10,19.312
1183,-0.527,44.795,0.425,43.843,-0.663,40.307,3.699599978376041,2.3562724483272874,15.022860761472892,2366.0,10,19.312
1184,-0.8670000000000001,44.659000000000006,0.799,44.251000000000005,-0.017,39.559000000000005,4.762427952210931,2.5163497020415324,16.976064057164013,2368.0,10,19.312
1185,-0.6970000000000001,45.203,-0.8670000000000001,46.937000000000005,0.391,43.129000000000005,4.01041494112517,2.678895011865023,9.7550938797941,2370.0,10,19.312
1186,-1.173,45.339000000000006,-3.349,46.291,0.799,46.087,4.153013363811872,2.356058339364697,17.540258697213975,2372.0,10,19.312
1187,0.527,44.86300000000001,-3.0090000000000003,45.781000000000006,-2.873,45.373000000000005,0.4300697617828996,2.049244195236668,0.7346469533595757,2374.0,10,19.312
1188,0.629,45.305,-3.349,46.019000000000005,2.567,45.679,5.925762060697342,2.5391935856041217,17.690234027219194,2376.0,10,19.312
1189,0.7310000000000001,45.713,-3.349,46.325,1.275,46.359,4.624124998310491,2.39604224795331,15.558993801263105,2378.0,10,19.312
1190,-1.0710000000000002,45.271,-2.397,46.155,-2.2270000000000003,47.515,1.3705838172107534,2.227763338884913,13.93338637694314,2380.0,10,19.312
1191,-0.969,45.101000000000006,-2.2270000000000003,45.577000000000005,-1.5810000000000002,46.359,1.0143175045319883,2.2999800103413297,15.817439031494532,2382.0,10,19.312
1192,-0.051,45.067,-3.349,45.305,-1.0710000000000002,46.495000000000005,2.570094161699139,2.0837064128337555,12.011245007522314,2384.0,10,19.312
1193,0.765,43.877,-3.621,44.625,-0.051,44.149,3.60159353620033,1.8191433066978844,5.861822197458259,2386.0,10,19.312
1194,-0.493,44.013000000000005,-0.8330000000000001,42.449000000000005,-2.737,44.965,3.1552293102086897,1.3074544220783288,4.281845728774238,2388.0,10,19.312
1195,-1.207,44.693000000000005,-1.207,41.191,-2.4650000000000003,42.891000000000005,2.1148437294514224,1.7798757716430165,2.610485272100262,2390.0,10,19.312
1196,-1.3430000000000002,45.509,-1.751,41.395,-1.853,42.109,0.7212489168102786,2.064443494842188,1.34592595786798,2392.0,10,19.312
1197,-0.969,46.019000000000005,-0.425,42.313,-0.119,43.29900000000001,1.0323913986468505,2.4871180985683847,2.2236839502271537,2394.0,10,19.312
1198,-1.241,45.98500000000001,-1.921,44.387,-3.587,43.945,1.7236356923665743,2.2404492294949097,2.5038163473056616,2396.0,10,19.312
1199,-0.901,45.951,-3.4170000000000003,44.999,-3.145,44.761,0.3614249576329781,2.2200647580929056,0.4696717644482651,2398.0,10,19.312
1200,0.629,46.631,-2.975,44.081,2.193,47.073,5.971623564827241,2.7192344215150746,17.286178843976906,2400.0,10,19.312
1201,-0.051,46.325,-0.357,46.461000000000006,-0.153,46.495000000000005,0.2068139260301394,1.978597823144941,0.3418496236111085,2402.0,10,19.312
1202,-0.187,46.563,0.935,42.789,-0.425,48.603,5.970945988702293,1.997312504156738,7.739193107836617,2404.0,10,19.312
1203,-1.445,45.713,0.5950000000000001,43.401,1.785,46.223000000000006,3.062643302769685,1.8121009834284123,9.58032869454693,2406.0,10,19.312
1204,-1.003,44.489,-0.085,45.98500000000001,-0.017,46.223000000000006,0.2475237362355376,1.7238971799469656,0.2940928953442027,2408.0,10,19.312
1205,-1.173,44.149,1.3090000000000002,44.523,-2.261,45.917,3.832510404421624,1.728534999440269,6.465757589041975,2410.0,10,19.312
1206,-1.717,44.115,2.193,41.769000000000005,2.2950000000000004,42.109,0.3549704213029587,2.0721684927959445,0.381634449133857,2412.0,10,19.312
1207,-1.717,44.217000000000006,-2.499,46.393,1.0710000000000002,44.931,3.857764119279457,1.5274388011761986,8.53161532564419,2414.0,10,19.312
1208,-1.717,43.537000000000006,-0.561,41.871,0.7310000000000001,43.129000000000005,1.8032825624399524,1.4281605515086913,7.679199317386164,2416.0,10,19.312
1209,-0.459,44.999,0.289,43.741,0.765,42.891000000000005,0.9742053171688194,1.3609708031693053,9.823635232918932,2418.0,10,19.312
1210,-1.207,44.999,-3.2470000000000003,43.571000000000005,2.091,45.271,5.602164224654612,1.6005683906293495,9.864915970267388,2420.0,10,19.312
1211,-1.3430000000000002,44.557,-1.3090000000000002,47.821000000000005,-1.003,48.263000000000005,0.5375872022286245,1.7650219313027278,0.7220791190808706,2422.0,10,19.312
1212,-0.901,43.197,-1.921,41.565000000000005,0.391,42.755,2.6002776774798497,1.6297392152180936,4.322694578364372,2424.0,10,19.312
1213,1.955,44.387,-2.4650000000000003,42.041,-2.4650000000000003,42.279,0.238,2.585981965554879,0.2656527357252735,2426.0,10,19.312
1214,1.411,44.149,-2.975,43.571000000000005,1.445,42.007000000000005,4.68854945585519,2.121468438923709,9.543256370653152,2428.0,10,19.312
1215,0.663,43.809000000000005,-1.6150000000000002,43.231,-0.357,39.117,4.302041375905165,1.5663974610390738,9.090079537173008,2430.0,10,19.312
1216,0.493,44.285,-0.493,42.177,-0.425,41.633,0.5482335268843014,1.6123444994839928,0.5714102434586726,2432.0,10,19.312
1217,-0.629,42.925,-0.8330000000000001,48.161,0.051,40.647000000000006,7.565821303731671,2.1628667336344805,10.467834524176622,2434.0,10,19.312
1218,-1.105,42.347,-0.051,47.685,0.7310000000000001,40.681,7.047520131223465,2.651006633979234,9.929950506536212,2436.0,10,19.312
1219,-1.3090000000000002,42.823,0.8670000000000001,48.263000000000005,0.527,39.593,8.676664105518896,2.571067089128634,11.935662656723409,2438.0,10,19.312
1220,-1.445,43.367,-0.765,47.039,-1.819,43.061,4.11526426854947,2.410418538640891,11.071057946062078,2440.0,10,19.312
1221,-1.241,43.979000000000006,-0.935,48.025000000000006,-3.213,43.741,4.85200370980897,2.1472525900330046,10.416328848245744,2442.0,10,19.312
1222,-1.5470000000000002,44.047,,,,,4.85200370980897,1.8045224892029263,,2444.0,10,19.312
1223,-0.561,44.489,-3.281,43.163,-0.663,43.367,2.6259360235923497,1.632465926268907,10.096761492938874,2446.0,10,19.312
1224,-0.459,44.659000000000006,-0.6970000000000001,45.645,0.221,41.905,3.851015969844841,1.730056302710206,7.95757051089296,2448.0,10,19.312
1225,-0.357,44.285,1.445,46.665000000000006,-0.221,42.891000000000005,4.125364468746974,1.630382738129768,8.500624829048762,2450.0,10,19.312
1226,0.085,43.061,0.357,46.359,-1.6150000000000002,42.245000000000005,4.562212182702599,2.642616452469692,11.292422729104684,2452.0,10,19.312
1227,0.493,43.503,3.3150000000000004,43.877,-1.853,42.721,5.295711472503011,1.6095148999600268,7.789076782983527,2454.0,10,19.312
1228,-0.119,43.231,2.907,42.041,-0.663,40.919,3.742163010880205,1.4279208052574055,10.033857060489074,2456.0,10,19.312
1229,-1.751,44.149,2.397,42.755,-2.091,41.837,4.580924360868667,2.1049477172446527,10.86395830833646,2458.0,10,19.312
1230,-1.649,45.067,,,,,4.580924360868667,2.244516122189204,,2460.0,10,19.312
1231,-0.663,46.223000000000006,-3.3830000000000005,45.305,-2.091,42.721,2.8889998269297283,1.992770849682264,10.186708708326847,2462.0,10,19.312
1232,-0.799,44.455000000000005,-3.0090000000000003,42.925,-0.357,43.163,2.662658070425116,1.435258065243922,3.57035607700036,2464.0,10,19.312
1233,-0.765,44.625,3.4850000000000003,43.401,3.451,43.095000000000006,0.3078830946966722,1.9747388430300967,0.3199500095050495,2466.0,10,19.312
1234,-0.8670000000000001,44.455000000000005,-3.3830000000000005,44.761,-3.043,43.775000000000006,1.042974592212102,1.804553219045128,8.517135580219568,2468.0,10,19.312
1235,-0.629,45.339000000000006,-1.989,46.665000000000006,1.683,41.327000000000005,6.479029865651185,2.044761792394021,7.373065966529535,2470.0,10,19.312
1236,0.051,45.815000000000005,-0.221,45.509,0.5950000000000001,42.347,3.265593361090753,2.44228828444806,13.889478070067288,2472.0,10,19.312
1237,0.289,45.849,-1.683,46.223000000000006,1.0710000000000002,42.211000000000006,4.866277838348321,2.47033706132266,16.610184933871835,2474.0,10,19.312
1238,0.493,45.543000000000006,-1.5470000000000002,46.42700000000001,1.275,41.531000000000006,5.651061847122185,2.608049031233654,18.651289398292548,2476.0,10,19.312
1239,-0.5950000000000001,45.373000000000005,1.989,44.999,2.1590000000000003,44.931,0.1830956034425731,2.8410840371955604,0.4095034177968313,2478.0,10,19.312
1240,0.561,45.305,-2.329,42.483,0.935,44.217000000000006,3.696004870126662,2.040019168038236,13.126375822292866,2480.0,10,19.312
1241,1.241,46.631,-0.6970000000000001,45.747,2.057,41.497,5.064288301429926,2.357617951390718,18.95304924513958,2482.0,10,19.312
1242,0.5950000000000001,44.523,-3.4170000000000003,44.523,1.717,41.769000000000005,5.826016821122301,2.514372904134135,,2484.0,10,19.312
1243,0.663,44.489,0.187,42.109,2.091,41.497,1.999939999099973,2.1384803868522546,18.569174516354344,2486.0,10,19.312
1244,0.289,45.305,-0.969,42.891000000000005,2.125,42.245000000000005,3.1607201711002517,2.63709363154134,15.755717827910145,2488.0,10,19.312
1245,-0.068,45.407,-0.7310000000000001,44.999,2.2950000000000004,42.721,3.7876061041243454,2.4139173857903837,15.15381303869433,2490.0,10,19.312
1246,0.289,45.883,-1.853,46.393,2.329,41.667,6.310641805712,2.657746975437129,15.799041264516186,2492.0,10,19.312
1247,0.459,44.761,-0.119,44.897000000000006,2.2270000000000003,41.701,3.9646099429830426,2.624640119928785,18.962600505303588,2494.0,10,19.312
1248,-0.493,45.305,-2.8390000000000004,46.053,1.003,46.087,3.8421504395325288,1.947133374181288,8.309637313109459,2496.0,10,19.312
1249,0.323,45.271,1.5810000000000002,41.667,1.785,41.769000000000005,0.2280789337049786,2.413597520015629,0.544829973322252,2498.0,10,19.312
1250,0.051,45.917,1.479,45.339000000000006,0.5950000000000001,47.107000000000006,1.9766840921098143,1.8948694401256123,2.3138007665610565,2500.0,10,19.312
1251,-1.853,46.495000000000005,-1.5470000000000002,44.795,1.207,45.781000000000006,2.925185806064292,1.820459177878101,12.193244470526093,2502.0,10,19.312
1252,-1.819,46.019000000000005,-2.023,46.189,3.4850000000000003,47.039,5.57320051675875,2.3525396275886927,15.127173452275771,2504.0,10,19.312
1253,-1.921,45.475,-3.0770000000000004,43.367,1.853,47.923,6.712826230433795,2.220911224589916,10.683232644414655,2506.0,10,19.312
1254,-1.751,45.577000000000005,-1.717,45.577000000000005,2.873,46.937000000000005,4.787243465711766,2.287564099428212,14.304706334803084,2508.0,10,19.312
1255,-0.952,44.727,-1.955,44.251000000000005,-1.139,42.755,1.704075115715267,1.7230944436664,2.3609892173678952,2510.0,10,19.312
1256,-0.493,43.707,-2.363,42.789,-0.153,48.637,6.251656100586469,2.1291148300517118,11.442370470778226,2512.0,10,19.312
1257,-0.357,42.721,-0.8670000000000001,42.585,1.785,46.325,4.58483413004222,2.418153732627756,14.5122908770822,2514.0,10,19.312
1258,0.391,43.231,1.445,43.29900000000001,1.955,44.183,1.0205665093466472,1.9113861615136487,1.5150785425796072,2516.0,10,19.312
1259,0.085,43.163,2.2270000000000003,42.007000000000005,2.975,42.925,1.184157084174224,2.1808900074757487,1.5837305163014124,2518.0,10,19.312
1260,-1.003,43.435,3.451,42.993,-1.989,44.965,5.786396460665308,2.213825776890681,14.0847815423928,2520.0,10,19.312
1261,-1.479,43.741,3.961,43.843,-3.519,44.591,7.517306964598426,2.733498794398461,12.502209400584745,2522.0,10,19.312
1262,-1.3090000000000002,43.707,3.927000000000001,43.775000000000006,-3.4850000000000003,44.625,7.460579334073193,2.820672953974178,16.917421395384352,2524.0,10,19.312
1263,-1.173,44.659000000000006,3.791,45.577000000000005,-3.4850000000000003,44.557,7.347147473679836,2.437289486380456,17.18134803990798,2526.0,10,19.312
1264,-1.649,44.999,4.029,45.611,-3.451,44.625,7.544706488658124,2.7077691869675404,12.57556578379734,2528.0,10,19.312
1265,-1.139,43.843,-3.451,45.101000000000006,0.799,41.361,5.661280773817883,2.5483664166242064,14.922724942713522,2530.0,10,19.312
1266,-1.683,44.387,-3.451,43.503,-2.2950000000000004,47.821000000000005,4.470062639382138,2.159437982159789,12.13126272473458,2532.0,10,19.312
1267,-0.493,45.101000000000006,,,,,4.470062639382138,2.4591871341578297,,2534.0,10,19.312
1268,1.105,45.679,-2.7030000000000003,46.223000000000006,1.3430000000000002,41.905,5.917367658004697,2.490028515030109,15.605510273705413,2536.0,10,19.312
1269,1.989,45.577000000000005,-2.907,45.679,3.689,45.475,6.59915388515831,2.6993323160022262,18.024147782138225,2538.0,10,19.312
1270,1.649,45.543000000000006,-3.1790000000000003,46.087,4.097,44.727,7.402011618472374,2.506098268889976,9.590359700452671,2540.0,10,19.312
1271,0.459,45.679,-1.887,45.067,3.961,45.067,5.848000000000001,1.965301966554374,13.96025919941971,2542.0,10,19.312
1272,-1.003,44.727,-1.003,46.971,4.131,45.407,5.36694065553179,2.348396508655794,13.614590301805428,2544.0,10,19.312
1273,-0.7310000000000001,44.86300000000001,-0.221,46.903000000000006,1.785,45.441,2.482232865788381,2.3328042558475035,11.811063634945157,2546.0,10,19.312
1274,-1.105,43.741,-2.7710000000000004,45.169,2.8390000000000004,46.325,5.727864872707805,2.7851376208637584,10.64315637075574,2548.0,10,19.312
1275,-1.819,44.149,-2.8390000000000004,45.373000000000005,3.1790000000000003,46.631,6.148080025503897,3.4012954857565645,15.64367933376998,2550.0,10,19.312
1276,-1.003,44.795,-3.4170000000000003,45.883,3.4850000000000003,45.203,6.935416642134776,2.262533514701034,14.937984974420342,2552.0,10,19.312
1277,-0.8670000000000001,44.115,,,,,6.935416642134776,2.2081366219638303,,2554.0,10,19.312
1278,-0.153,44.115,-2.091,44.693000000000005,0.323,43.435,2.722124170569741,2.186053385447837,14.0035805978228,2556.0,10,19.312
1279,1.3090000000000002,44.727,-3.5530000000000004,43.911,1.139,44.387,4.71608312055672,2.5427101228087743,16.022295546474496,2558.0,10,19.312
1280,1.649,44.795,-1.785,42.585,1.275,42.755,3.064718584144391,2.4133505712317898,15.081288014903892,2560.0,10,19.312
1281,0.935,45.135000000000005,-2.601,42.789,2.9410000000000003,42.211000000000006,5.572059583313876,2.746888495008128,19.26054971242297,2562.0,10,19.312
1282,1.3090000000000002,45.713,-2.091,42.381,2.091,43.673,4.37702958637476,2.135764973113035,16.2447990973473,2564.0,10,19.312
1283,1.003,45.883,2.737,42.721,2.8390000000000004,43.537000000000006,0.822350290326452,1.8580793923399663,0.88313141355824,2566.0,10,19.312
1284,-0.051,45.645,-1.649,43.639,1.241,41.259,3.7438616427426914,2.356975422925427,17.380000604164874,2568.0,10,19.312
1285,-0.969,45.169,-2.057,41.905,-2.023,43.571000000000005,1.666346902658627,2.0680256683961225,17.88650177348096,2570.0,10,19.312
1286,-1.3090000000000002,45.407,-0.527,41.463,0.017,42.177,0.8976257572061979,2.034900360929091,1.2534608789158947,2572.0,10,19.312
1287,-0.119,45.815000000000005,-1.513,45.339000000000006,-0.765,41.327000000000005,4.081133175969635,2.37759527232153,14.536518745162804,2574.0,10,19.312
1288,0.051,45.339000000000006,-3.1790000000000003,44.047,-1.377,45.98500000000001,2.6463272662314465,2.5918546651868297,17.051841540255694,2576.0,10,19.312
1289,0.255,45.509,-1.785,43.877,-0.663,46.529,2.8795812195525934,2.9621780448899213,15.810185437519705,2578.0,10,19.312
1290,0.255,44.489,-1.955,41.701,-2.9410000000000003,44.86300000000001,3.312165454804455,2.606142365227388,13.895047806339749,2580.0,10,19.312
1291,-0.425,44.115,-2.9410000000000003,42.551,-2.669,45.543000000000006,3.004338196674935,2.209890274720457,14.756327123785365,2582.0,10,19.312
1292,-0.493,44.081,-0.221,43.027,-1.751,46.665000000000006,3.946637049438421,2.528384922683601,14.265336550263116,2584.0,10,19.312
1293,-0.527,43.911,-0.5950000000000001,44.727,-0.357,45.135000000000005,0.4723430956412933,2.457554097652034,4.101554159819937,2586.0,10,19.312
1294,-0.221,44.149,-3.587,45.339000000000006,0.459,44.285,4.181032408389106,2.4934950754160394,10.95607626987172,2588.0,10,19.312
1295,0.289,45.169,-3.0090000000000003,42.959,2.499,47.311,7.019826778489623,2.353899337950018,9.69506862791127,2590.0,10,19.312
1296,0.085,45.815000000000005,-1.989,43.775000000000006,0.323,46.86900000000001,3.862405985910855,1.664318267603931,4.636412604986424,2592.0,10,19.312
1297,0.5950000000000001,44.795,-2.907,42.517,-1.3430000000000002,45.611,3.466833137028663,2.5564001064089563,16.82580110628349,2594.0,10,19.312
1298,0.969,44.625,-2.9410000000000003,42.619,-3.0090000000000003,46.291,3.6726295756582914,3.085391981665541,19.750879046023105,2596.0,10,19.312
1299,0.901,44.285,-2.635,43.707,-1.717,42.993,1.162978933601121,2.991096821451444,18.92261687786229,2598.0,10,19.312
1300,1.037,44.523,-3.3830000000000005,43.537000000000006,-1.717,44.965,2.1942515808357075,2.9523265389016937,19.693207411298356,2600.0,10,19.312
1301,0.085,44.693000000000005,-3.1790000000000003,43.027,-1.5470000000000002,44.319,2.0815109896419,2.91451643382136,20.940538122955672,2602.0,10,19.312
1302,0.289,44.897000000000006,-2.737,44.081,-1.3090000000000002,43.571000000000005,1.5163390122264877,2.224506055832299,2.589712141002952,2604.0,10,19.312
1303,1.105,44.625,-3.111,44.795,-1.5810000000000002,42.415000000000006,2.8293638861058508,2.2688412460809744,,2606.0,10,19.312
1304,0.901,44.557,-1.241,44.115,-0.051,43.809000000000005,1.2287131479723004,1.9544308352345283,1.4872136754698997,2608.0,10,19.312
1305,0.5950000000000001,44.353,-1.785,42.279,-1.513,42.381,0.290496127340796,2.070114627606059,0.497287192041286,2610.0,10,19.312
1306,0.935,45.033,-2.1590000000000003,41.803,-1.479,45.067,3.334080982819704,2.018448815800339,11.012544543936505,2612.0,10,19.312
1307,1.275,45.951,-2.1590000000000003,41.871,-2.431,45.951,4.089056614917431,2.370646411125954,14.36793480474214,2614.0,10,19.312
1308,1.649,46.393,-1.819,41.565000000000005,-1.5470000000000002,42.347,0.8279541050082427,2.6099839896968966,1.2959623090532386,2616.0,10,19.312
1309,0.935,45.135000000000005,1.411,41.837,2.057,47.923,6.120188885974027,1.8450291014778493,8.363595149437183,2618.0,10,19.312
1310,0.221,45.98500000000001,,,,,6.120188885974027,2.0511062593893152,,2620.0,10,19.312
1311,-0.289,45.543000000000006,2.023,41.429,1.275,48.127,6.73963708221741,2.3190555642990547,10.626080401840824,2622.0,10,19.312
1312,-0.119,45.135000000000005,-1.751,44.42100000000001,1.785,42.109,4.224765082226466,2.749147403293034,12.023594878858574,2624.0,10,19.312
1313,-0.221,45.407,-2.329,45.475,2.057,44.42100000000001,4.510865992245835,2.1897620871633383,9.398107530986882,2626.0,10,19.312
1314,0.289,44.727,2.8390000000000004,46.767,3.825,43.537000000000006,3.377143171380213,2.797036928357457,15.300648343539372,2628.0,10,19.312
1315,0.799,45.951,3.043,47.447,3.213,42.687000000000005,4.763034746881446,2.417598304907301,12.852820742787827,2630.0,10,19.312
1316,0.493,45.747,-0.493,48.127,3.111,42.619,6.582315701939554,2.371818270237656,11.087710289590555,2632.0,10,19.312
1317,0.051,45.509,1.3430000000000002,46.495000000000005,3.451,42.925,4.145909309186587,2.1573475880967345,14.463623480950693,2634.0,10,19.312
1318,-0.085,44.591,1.479,47.515,2.125,43.401,4.164410162315908,2.592532342349454,14.387716814701353,2636.0,10,19.312
1319,-0.493,44.931,2.7710000000000004,43.639,-1.6150000000000002,46.733,5.367479110345936,2.129756961202615,12.122126625196966,2638.0,10,19.312
1320,-1.377,44.149,1.717,43.741,-0.8670000000000001,44.115,2.610925506405726,2.276877564505256,9.625199257605315,2640.0,10,19.312
1321,-1.411,43.537000000000006,1.921,42.007000000000005,-2.091,42.075,4.012576229805485,1.5433652258186672,4.330004833548917,2642.0,10,19.312
1322,-0.5950000000000001,43.775000000000006,1.207,46.291,1.683,41.361,4.952926003889015,2.1142279208951287,12.654207179061476,2644.0,10,19.312
1323,-0.5950000000000001,45.271,0.799,47.719,2.193,41.531000000000006,6.3430733875622165,1.972957262381442,9.86086756547641,2646.0,10,19.312
1324,-0.221,45.543000000000006,0.459,47.107000000000006,-0.051,42.789,4.348013799426124,2.0467639246773333,6.847998089853173,2648.0,10,19.312
1325,-0.153,45.747,-1.6150000000000002,42.075,-1.751,41.497,0.5937844726834813,2.227908067360046,0.7174006850909261,2650.0,10,19.312
1326,0.391,44.999,1.751,44.42100000000001,1.751,44.115,0.306,2.3700705078895394,0.3618996665306397,2652.0,10,19.312
1327,0.017,44.693000000000005,3.859,45.815000000000005,3.621,45.611,0.3134645115479582,2.486415967254888,1.441158302767764,2654.0,10,19.312
1328,0.527,44.251000000000005,1.989,46.325,2.737,44.217000000000006,2.2367762516621994,2.283599492280534,2.5253943168539963,2656.0,10,19.312
1329,0.935,43.605,0.6970000000000001,47.345000000000006,1.0710000000000002,44.387,2.9815499325015504,1.7254173003117403,3.868309608201424,2658.0,10,19.312
1330,0.7310000000000001,43.129000000000005,1.683,48.399,-0.663,43.027,5.861919480852667,2.1383430573889406,11.679912088481473,2660.0,10,19.312
1331,1.3090000000000002,43.027,0.5950000000000001,47.209,-1.649,41.463,6.168634532860575,2.486352785655986,10.156214302202685,2662.0,10,19.312
1332,1.003,42.959,0.323,48.297,0.051,43.231,5.07329675851906,2.2772294501795933,10.5435733501221,2664.0,10,19.312
1333,0.493,41.531000000000006,1.037,48.807,0.459,39.423,9.401783873287028,2.8110003581043173,10.54596548186204,2666.0,10,19.312
1334,0.765,41.599,-0.119,45.883,-0.527,38.879000000000005,7.01587343101342,2.828781837956953,11.71946677102258,2668.0,10,19.312
1335,0.527,42.177,-0.765,46.971,-0.017,42.891000000000005,4.148000000000001,2.750323704915483,18.023539110214504,2670.0,10,19.312
1336,0.765,41.73500000000001,-0.255,48.67100000000001,0.221,42.211000000000006,6.477513103035764,3.4265245945817484,10.5001953860949,2672.0,10,19.312
1337,0.5950000000000001,43.095000000000006,-0.6970000000000001,47.787000000000006,-0.085,43.537000000000006,4.293837910308213,2.875855453430705,7.308575007749732,2674.0,10,19.312
1338,0.357,43.027,-1.139,48.127,-0.493,42.483,5.680849584349158,2.6582640994887687,8.68341726876579,2676.0,10,19.312
1339,0.51,42.993,-0.391,48.773,-1.751,41.939,6.968009471864975,2.9619141875559905,13.307013690205425,2678.0,10,19.312
1340,1.139,42.313,0.459,48.569,-0.493,41.361,7.270596124115271,3.305622914765269,13.490844267869146,2680.0,10,19.312
1341,0.323,43.605,-0.255,48.297,0.255,43.707,4.618246420450083,2.38949493165278,19.595340517548127,2682.0,10,19.312
1342,0.323,43.843,-0.969,48.535,-0.289,44.523,4.069219089702593,2.6947935398689813,20.125046511376077,2684.0,10,19.312
1343,1.207,43.826,-0.765,48.637,-1.819,41.769000000000005,6.948405572503666,3.04461123221537,,2686.0,10,19.312
1344,1.853,43.537000000000006,-0.629,48.67100000000001,-0.391,41.565000000000005,7.109984528815798,3.19538161734571,12.775058350031152,2688.0,10,19.312
1345,1.751,44.047,-1.275,48.093,1.955,41.633,7.222499567324321,2.8965544012811333,12.024713953620148,2690.0,10,19.312
1346,1.938,44.285,,,,,7.222499567324321,3.152669809643114,,2692.0,10,19.312
1347,0.8670000000000001,44.591,-1.921,46.563,-1.989,42.245000000000005,4.318535399878066,2.502755828156026,13.036954011727223,2694.0,10,19.312
1348,0.357,44.897000000000006,-3.213,46.563,-1.411,42.211000000000006,4.710319309770836,2.1747125892167767,8.290845196494242,2696.0,10,19.312
1349,0.629,45.849,-2.5330000000000004,46.42700000000001,1.989,45.917,4.550668522316254,2.6209566706878995,,2698.0,10,19.312
1350,0.357,45.679,-2.023,46.495000000000005,1.649,47.005,3.7072474964587943,2.239502009376192,4.036366973983535,2700.0,10,19.312
1351,1.037,45.101000000000006,-2.363,47.073,-0.153,47.141000000000005,2.211045906352919,2.1735794984335284,2.675131618748642,2702.0,10,19.312
1352,1.513,46.189,-2.669,46.937000000000005,2.2270000000000003,42.959,6.308351607195021,2.557299231683658,11.400739745376692,2704.0,10,19.312
1353,1.3090000000000002,44.795,1.853,41.973000000000006,2.261,41.905,0.4136278520602789,1.8334572992468177,10.587705917146398,2706.0,10,19.312
1354,1.445,43.639,-3.1790000000000003,45.543000000000006,2.193,42.347,6.25082394568908,1.9644636025665476,9.049809516695298,2708.0,10,19.312
1355,1.105,44.387,-1.5470000000000002,43.741,0.527,42.789,2.2820560904587777,1.5981277050940574,6.415098092420552,2710.0,10,19.312
1356,1.207,44.115,-0.323,40.171,2.737,42.177,3.658911860102673,1.6515629874262938,10.503597044377582,2712.0,10,19.312
1357,0.7310000000000001,44.489,-1.5810000000000002,41.633,2.091,43.911,4.321211404224514,2.016935976712209,,2714.0,10,19.312
1358,1.003,43.843,-0.765,45.135000000000005,-0.527,45.101000000000006,0.2404163056034262,1.4520509374104298,0.4035418456889534,2716.0,10,19.312
1359,0.7310000000000001,42.891000000000005,-1.887,42.381,-1.513,41.531000000000006,0.9286420192948412,1.4755136485729208,1.236391101526115,2718.0,10,19.312
1360,0.969,43.163,-1.955,43.095000000000006,2.907,43.367,4.869602447839044,1.6413831768065712,7.961020967008655,2720.0,10,19.312
1361,1.5810000000000002,43.503,0.255,42.857000000000006,3.859,43.469,3.655592975154647,2.261602829750221,11.52597546415635,2722.0,10,19.312
1362,1.819,44.081,-0.187,46.461000000000006,0.221,44.183,2.3142489062328626,1.5095171562694163,6.595035691946706,2724.0,10,19.312
1363,2.329,44.455000000000005,0.357,44.081,1.6150000000000002,45.305,1.755203691883082,1.31384221419696,8.383693937018757,2726.0,10,19.312
1364,2.431,44.829,-0.221,45.645,1.751,43.877,2.648510524804461,2.0975811726578586,9.0020926139563,2728.0,10,19.312
1365,0.051,44.591,-1.6150000000000002,43.503,0.765,44.183,2.4752373623553763,1.916442513937854,3.5913940411087597,2730.0,10,19.312
1366,0.765,44.013000000000005,1.207,41.123000000000005,0.493,41.837,1.00974848353439,1.5862802696728877,1.4042278145733127,2732.0,10,19.312
1367,0.969,43.52,2.9410000000000003,42.381,3.349,43.367,1.0670801282003146,1.6612414554180968,6.424750316763469,2734.0,10,19.312
1368,1.3090000000000002,43.197,0.323,45.883,3.4850000000000003,43.333000000000006,4.062110781354935,1.5019401432130208,5.972696651001416,2736.0,10,19.312
1369,1.0710000000000002,43.673,-0.5950000000000001,43.29900000000001,3.723,43.537000000000006,4.324554081058532,1.318992259626563,5.442109347509843,2738.0,10,19.312
1370,2.1590000000000003,44.795,3.3150000000000004,42.653000000000006,3.4850000000000003,42.925,0.3207553584899245,1.5291783045028526,3.171554376441052,2740.0,10,19.312
1371,1.989,45.713,1.853,46.053,1.785,46.42700000000001,0.3801315561749643,2.010790768777011,0.4578142397515925,2742.0,10,19.312
1372,0.391,44.115,2.431,43.231,3.281,45.917,2.8172852180778576,2.190799760968334,12.03829007356105,2744.0,10,19.312
1373,0.391,43.129000000000005,-2.5330000000000004,42.245000000000005,2.567,46.699000000000005,6.771123688133308,2.4431183589072054,10.881363074668537,2746.0,10,19.312
1374,0.5950000000000001,43.503,-2.057,42.109,3.859,45.679,6.909700138211498,2.082649332300444,9.02985316719562,2748.0,10,19.312
1375,0.153,43.877,-2.7710000000000004,42.857000000000006,2.363,48.229000000000006,7.430769812071964,2.128228677488333,10.87663459534598,2750.0,10,19.312
1376,0.5950000000000001,44.081,1.3090000000000002,46.087,1.751,45.645,0.625082394568908,2.1177194499119136,2.942106192285067,2752.0,10,19.312
1377,0.935,44.523,3.0090000000000003,47.175,1.853,47.073,1.1604912752795689,2.240765619588754,4.5444054991697405,2754.0,10,19.312
1378,0.561,43.843,3.043,46.529,3.3150000000000004,46.189,0.4354124481454337,2.712316181921854,19.84738266882228,2756.0,10,19.312
1379,-0.289,44.047,-0.663,47.651,3.587,44.115,5.528634189381679,2.822630413890384,15.767011495750555,2758.0,10,19.312
1380,-1.3090000000000002,45.407,3.4850000000000003,42.891000000000005,3.689,44.727,1.847298568180033,2.5679151268462377,1.969023452971508,2760.0,10,19.312
1381,0.187,45.951,2.2270000000000003,45.135000000000005,3.689,45.203,1.4635805410021,2.7280221036894248,2.4408847593080742,2762.0,10,19.312
1382,0.323,46.597,-0.493,48.399,-0.085,46.155,2.2807893370497854,2.073555867517806,8.208378758392238,2764.0,10,19.312
1383,0.8330000000000001,45.237,-2.431,47.515,-1.003,48.229000000000006,1.59655253593485,2.365647362170503,16.790524325599,2766.0,10,19.312
1384,1.751,44.795,-3.0090000000000003,46.903000000000006,1.785,47.787000000000006,4.874822253169853,2.749733437371604,15.761701447823208,2768.0,10,19.312
1385,0.136,44.965,-0.969,42.993,-0.8670000000000001,42.721,0.290496127340796,2.0025317719679943,0.3140468516827685,2770.0,10,19.312
1386,1.241,44.217000000000006,-3.3150000000000004,43.265,0.153,47.821000000000005,5.725745366325681,2.63164663709272,15.473526601826237,2772.0,10,19.312
1387,0.527,45.101000000000006,-0.765,41.701,2.8390000000000004,47.787000000000006,7.073062420196785,1.6050955590586675,8.901763182515547,2774.0,10,19.312
1388,0.629,45.407,1.377,43.673,2.193,48.297,4.695448008443923,1.4757569916454685,7.6203322589464015,2776.0,10,19.312
1389,0.425,44.999,0.765,42.007000000000005,2.1590000000000003,47.957,6.111115773735595,1.6830051955786454,8.067099949438665,2778.0,10,19.312
1390,-0.663,43.707,0.5950000000000001,41.939,2.1590000000000003,48.059000000000005,6.316683940169875,2.5161389303261497,13.294461359582977,2780.0,10,19.312
1391,-0.5950000000000001,45.101000000000006,1.0710000000000002,41.599,1.411,45.781000000000006,4.195798374564727,2.170605619894809,12.039795650329385,2782.0,10,19.312
1392,-1.003,45.101000000000006,1.649,42.347,2.9410000000000003,46.223000000000006,4.085662736937547,2.443879551899894,13.35628252100144,2784.0,10,19.312
1393,-1.173,46.393,-3.4170000000000003,44.897000000000006,3.043,47.651,7.02254341389215,1.7918410120500616,9.9930999508803,2786.0,10,19.312
1394,0.5950000000000001,45.883,1.411,44.489,1.819,44.625,0.4300697617828996,1.2911197954352938,1.1152045854924737,2788.0,10,19.312
1395,0.8840000000000001,45.713,0.255,42.687000000000005,1.105,48.739,6.111399512386668,1.5482705007993305,9.595862918762933,2790.0,10,19.312
1396,1.955,44.285,1.411,42.857000000000006,0.901,48.807,5.971817143885101,2.061498005989495,12.083510415809526,2792.0,10,19.312
1397,1.87,42.993,0.153,40.511,0.663,48.773,8.27772577463158,2.8966305364279594,12.740668389541415,2794.0,10,19.312
1398,2.023,42.415000000000006,-1.173,42.517,1.3430000000000002,47.787000000000006,5.839790749675883,3.045782715844071,12.187510036526968,2796.0,10,19.312
1399,1.479,43.503,-0.153,43.809000000000005,1.037,41.871,2.274190845113928,1.092704608428097,4.1398249599812535,2798.0,10,19.312
1400,1.853,44.591,1.207,41.973000000000006,2.5330000000000004,46.563,4.777695678881191,1.1527935352450214,6.150790460905377,2800.0,10,19.312
1401,0.6970000000000001,45.849,1.173,44.217000000000006,3.859,45.577000000000005,3.010680321787752,1.2653950979152848,5.955694421206958,2802.0,10,19.312
1402,0.459,46.393,2.669,45.849,0.527,48.501000000000005,3.4089980932819546,1.456613741139237,5.520421493834932,2804.0,10,19.312
1403,0.901,46.359,-0.051,44.353,-2.329,46.495000000000005,3.12689110779381,1.5146434803881486,11.04599069785044,2806.0,10,19.312
1404,1.649,45.135000000000005,3.2470000000000003,42.619,-2.4650000000000003,47.54900000000001,7.545319343805138,1.763759215938314,9.858782903591068,2808.0,10,19.312
1405,1.921,43.843,3.111,44.693000000000005,-2.363,47.719,6.2547063879929645,2.289858823835595,12.12785998870408,2810.0,10,19.312
1406,0.629,43.843,3.0770000000000004,42.347,-2.8390000000000004,47.243,7.679184331685235,2.810799653886868,12.095970377259777,2812.0,10,19.312
1407,1.105,43.809000000000005,4.029,44.999,-2.635,47.277,7.042597532160986,3.055392455786014,13.023858212139592,2814.0,10,19.312
1408,-0.153,44.455000000000005,1.683,41.633,-1.241,46.223000000000006,5.442230792607018,2.227937192298948,16.585700753253672,2816.0,10,19.312
1409,-0.391,44.523,2.499,42.007000000000005,-1.6150000000000002,45.543000000000006,5.424784972697075,2.343385356119795,15.661333222619836,2818.0,10,19.312
1410,0.935,44.115,3.111,42.721,-2.1590000000000003,46.019000000000005,6.216888610872807,2.4698019286862154,11.792310778439557,2820.0,10,19.312
1411,1.955,43.673,3.587,44.115,-3.3830000000000005,46.121,7.252926030230834,2.463507476837725,10.266583673198236,2822.0,10,19.312
1412,0.493,43.027,0.629,44.829,1.3430000000000002,42.619,2.322476264679577,1.9295699400310364,13.234166805268847,2824.0,10,19.312
1413,0.8330000000000001,42.925,0.7310000000000001,44.319,2.737,42.075,3.009912291080921,1.7938161827461407,4.659851651465817,2826.0,10,19.312
1414,0.663,43.367,2.635,46.903000000000006,3.2470000000000003,42.823,4.125644676895964,1.8379452973265171,8.460783331690504,2828.0,10,19.312
1415,-0.051,44.319,1.5810000000000002,46.359,3.0770000000000004,42.313,4.31371440872017,1.7703946302748437,10.587047418936338,2830.0,10,19.312
1416,-1.105,44.86300000000001,3.0090000000000003,47.719,1.887,41.871,5.954661031494572,2.2680430637026845,13.869461075546738,2832.0,10,19.312
1417,-0.765,43.571000000000005,-1.207,47.821000000000005,1.377,41.157,7.147443738848177,2.0845023430761347,9.647915104697478,2834.0,10,19.312
1418,-1.0710000000000002,43.605,-1.139,47.515,-0.663,40.341,7.189774127189255,2.01726764278316,8.864971286631006,2836.0,10,19.312
1419,-0.153,44.115,-1.207,47.617,-0.323,41.293000000000006,6.385486042581254,2.0653025570213472,7.88061279168405,2838.0,10,19.312
1420,0.187,43.809000000000005,,,,,6.385486042581254,2.013211998721166,,2840.0,10,19.312
1421,-0.187,44.251000000000005,-0.255,42.517,3.111,45.271,4.3490771434868805,2.175715755244477,7.431199416211204,2842.0,10,19.312
1422,-0.085,43.571000000000005,-2.431,42.007000000000005,1.887,43.503,4.569807435767945,2.098154980183677,12.719535350632446,2844.0,10,19.312
1423,1.3430000000000002,43.503,-0.629,41.769000000000005,0.017,43.231,1.5983616612018698,2.043161323155073,13.790708179803714,2846.0,10,19.312
1424,1.5810000000000002,43.503,0.153,42.279,3.757,43.435,3.784858253620604,1.584350223920738,13.4556084399531,2848.0,10,19.312
1425,1.819,44.353,-0.323,41.803,3.689,43.673,4.426403054399814,1.7799664018876202,12.851762475543088,2850.0,10,19.312
1426,1.887,44.897000000000006,-0.6970000000000001,40.715,-0.289,41.429,0.822350290326452,2.292941728155952,0.8814333206537901,2852.0,10,19.312
1427,1.207,43.775000000000006,-1.683,41.803,1.003,41.837,2.686215181254101,2.2401166325540545,17.977467421257966,2854.0,10,19.312
1428,0.799,44.319,-1.853,41.667,-0.527,43.265,2.076506681905936,2.3186517571645626,,2856.0,10,19.312
1429,0.527,45.441,-1.751,41.463,-3.1790000000000003,43.333000000000006,2.3528884376442503,2.5393219273314123,2.592227663234519,2858.0,10,19.312
1430,-0.119,46.393,-1.649,41.837,3.2470000000000003,45.203,5.941445278717966,3.1188185157715838,13.380326575472155,2860.0,10,19.312
1431,-0.255,45.815000000000005,-1.989,42.381,3.587,44.42100000000001,5.937455347200516,2.870189109974839,13.458931596151182,2862.0,10,19.312
1432,-0.799,46.019000000000005,-1.819,41.497,3.281,43.29900000000001,5.408992882228633,3.3567871109739493,16.422030533972265,2864.0,10,19.312
1433,-0.493,45.203,-2.023,42.041,3.519,44.625,6.1148033492500815,3.094185100727404,15.541963510836185,2866.0,10,19.312
1434,-0.391,45.475,-2.7030000000000003,42.211000000000006,3.927000000000001,44.659000000000006,7.067503378138563,2.8042801454970903,12.312369582744438,2868.0,10,19.312
1435,1.0710000000000002,45.305,-2.873,42.415000000000006,3.4170000000000003,45.271,6.908026925251522,2.771720389153417,14.313436783039831,2870.0,10,19.312
1436,0.493,44.591,-2.907,42.721,0.255,46.495000000000005,4.923547501548046,2.8780792579163648,7.816368951798236,2872.0,10,19.312
1437,0.357,44.761,3.995,45.033,4.029,45.679,0.6468941180749752,2.065420235348922,0.7626754054849497,2874.0,10,19.312
1438,1.207,44.557,2.669,44.115,1.105,43.129000000000005,1.8488623529078636,1.7429939981334666,8.030601908316946,2876.0,10,19.312
1439,1.241,43.809000000000005,-0.765,44.829,2.907,42.279,4.47057982816547,2.511348320148893,17.08199740115685,2878.0,10,19.312
1440,1.275,43.673,-0.629,44.931,3.655,43.061,4.674350864023795,2.6047183595120407,16.755035122438503,2880.0,10,19.312
1441,0.561,43.571000000000005,-1.3090000000000002,48.093,3.0090000000000003,42.517,7.052439294315124,2.7594962968050054,20.31143427053911,2882.0,10,19.312
1442,0.5780000000000001,43.537000000000006,-0.901,45.849,2.9410000000000003,45.645,3.847412117254922,2.29226355536304,8.576282971072493,2884.0,10,19.312
1443,0.289,43.809000000000005,-0.289,47.583000000000006,3.213,44.081,4.95257589543058,1.8322147752431588,7.68082640980897,2886.0,10,19.312
1444,1.241,44.149,-0.425,47.515,2.601,43.095000000000006,5.356591826898892,2.416611993847006,16.89134857112906,2888.0,10,19.312
1445,0.5950000000000001,44.183,-3.111,44.251000000000005,2.567,42.211000000000006,6.033347661124793,2.449198343579416,10.42035260751009,2890.0,10,19.312
1446,0.561,44.251000000000005,-3.4170000000000003,44.115,3.4170000000000003,43.503,6.861348264007593,2.743965719648735,12.93698257904776,2892.0,10,19.312
1447,0.561,44.149,-3.281,43.571000000000005,1.989,42.823,5.322819177841758,1.9294610581177076,7.343195488827386,2894.0,10,19.312
1448,0.6970000000000001,44.693000000000005,-3.213,42.959,0.527,42.993,3.740154542261589,2.421659110808674,11.114045926690665,2896.0,10,19.312
1449,1.683,44.999,-3.3150000000000004,43.29900000000001,2.907,42.415000000000006,6.284484067924749,2.7012730007030457,10.60802704837084,2898.0,10,19.312
1450,1.6150000000000002,45.169,-3.349,43.231,2.4650000000000003,43.061,5.816484849116347,2.496323961019874,10.285791406344178,2900.0,10,19.312
1451,2.601,45.951,-2.601,44.149,2.397,43.571000000000005,5.031310763608228,2.8004664946033477,13.913411053146936,2902.0,10,19.312
1452,0.425,45.98500000000001,-2.363,44.931,0.663,43.605,3.3037784429346955,2.6197031003454394,18.371405067788128,2904.0,10,19.312
1453,-0.119,46.019000000000005,-2.873,42.483,-0.255,44.115,3.0850199351057683,2.214648838662672,4.112952969981191,2906.0,10,19.312
1454,0.187,45.679,-1.241,44.149,-3.043,46.257000000000005,2.7732414247591213,2.162762809070488,6.669962799714754,2908.0,10,19.312
1455,0.323,45.169,-0.8330000000000001,47.685,-1.003,47.889,0.2655484889808263,1.8811808546551916,0.6885851711394361,2910.0,10,19.312
1456,0.493,44.761,1.683,48.501000000000005,1.275,42.245000000000005,6.2692902309591645,2.158809962837388,10.783620942350971,2912.0,10,19.312
1457,0.663,44.387,-1.377,45.611,-2.363,45.577000000000005,0.9865860327411898,2.3986599061180014,1.1273227432645492,2914.0,10,19.312
1458,0.187,43.877,0.969,40.375,1.955,41.973000000000006,1.8777113729218344,2.1050942190868507,13.821921864458496,2916.0,10,19.312
1459,0.391,44.183,1.003,40.239,2.737,42.483,2.8358935099894005,2.1200746632891696,11.049014377893691,2918.0,10,19.312
1460,0.153,44.693000000000005,0.969,39.457,3.281,42.653000000000006,3.944586163338304,2.398244735249658,7.397375776558998,2920.0,10,19.312
1461,-0.357,44.285,1.003,40.205000000000005,1.785,41.293000000000006,1.3398761136761863,1.9935047462386093,6.612117759499233,2922.0,10,19.312
1462,-0.799,44.285,0.901,38.063,0.391,41.123000000000005,3.102208890452092,2.5150491169346614,8.528516005599675,2924.0,10,19.312
1463,-0.221,42.483,0.8670000000000001,37.451,-2.057,44.965,8.062876161767587,2.866797591825116,10.011778180608989,2926.0,10,19.312
1464,-0.017,41.939,0.901,37.995000000000005,0.663,40.205000000000005,2.222778441500637,2.3919001061179497,5.60087544286064,2928.0,10,19.312
1465,0.017,41.361,0.8670000000000001,38.233,-1.275,43.401,5.594317474008783,1.9650257325641591,10.91243564090786,2930.0,10,19.312
1466,-0.017,41.73500000000001,0.8330000000000001,37.519000000000005,-0.799,41.327000000000005,4.142980569589967,2.3735863531238865,16.237233749942938,2932.0,10,19.312
1467,0.085,43.333000000000006,-0.391,35.955000000000005,-1.3090000000000002,42.517,6.625901297182143,3.6266192313890304,19.01106382079288,2934.0,10,19.312
1468,0.527,42.517,0.799,37.655,-0.527,41.123000000000005,3.7128560435330646,3.1273075016507845,19.3444638248128,2936.0,10,19.312
1469,-0.085,42.517,0.561,37.723000000000006,0.153,38.029,0.51,2.507016003225769,0.7477689334419347,2938.0,10,19.312
1470,-0.221,44.115,-0.493,38.573,-0.7310000000000001,38.573,0.238,3.7244682233627855,0.3223788123848798,2940.0,10,19.312
1471,0.255,43.707,0.051,44.829,0.935,37.485,7.397012369869339,3.583660905325976,17.864075125735063,2942.0,10,19.312
1472,0.255,43.911,-2.4650000000000003,43.741,-0.527,37.723000000000006,6.3223546246631885,3.684575082062183,18.72392061918866,2944.0,10,19.312
1473,0.561,43.503,0.493,45.849,-0.6970000000000001,38.097,7.842805875450444,3.6661440775697103,10.450680690956425,2946.0,10,19.312
1474,0.221,43.979000000000006,-0.255,46.087,-0.357,36.805,9.28256042264202,3.710673462504946,18.1280883413487,2948.0,10,19.312
1475,0.561,44.047,-2.601,44.149,0.493,35.445,9.23755660334485,4.179725882699721,19.12733699660708,2950.0,10,19.312
1476,0.357,43.010000000000005,-3.0770000000000004,43.945,-0.7310000000000001,36.873000000000005,7.450966380275783,3.8412460701481455,18.164514019796066,2952.0,10,19.312
1477,0.5950000000000001,43.197,-2.8390000000000004,44.081,0.289,34.391000000000005,10.182361415703138,4.238378398773932,21.503685994482428,2954.0,10,19.312
1478,0.7310000000000001,43.333000000000006,-2.261,44.557,0.323,38.165000000000006,6.894542769466298,2.5963986368858505,15.409183598156964,2956.0,10,19.312
1479,-0.323,42.177,-2.567,43.911,-2.329,43.469,0.5020039840479357,1.647304385141942,0.6270365769882664,2958.0,10,19.312
1480,0.459,42.109,-1.751,44.455000000000005,-1.955,44.489,0.2068139260301394,1.6738428191304378,1.0064913829916733,2960.0,10,19.312
1481,0.7310000000000001,42.687000000000005,-2.4650000000000003,44.897000000000006,-2.805,42.517,2.4041630560342617,2.0553868340519226,4.684915354930762,2962.0,10,19.312
1482,-0.289,43.571000000000005,-2.567,44.965,-1.139,43.129000000000005,2.325957867202242,2.1468529295668355,16.536627847188804,2964.0,10,19.312
1483,0.153,43.843,-2.397,45.611,-1.3430000000000002,41.429,4.31277636795603,2.0712021370782394,14.930831177394593,2966.0,10,19.312
1484,0.799,45.135000000000005,-1.955,41.667,0.289,45.577000000000005,4.50817435332752,2.2741049322119324,14.121067876363458,2968.0,10,19.312
1485,-0.476,44.897000000000006,-1.717,46.495000000000005,-0.255,43.333000000000006,3.4836314385996694,2.308044398438057,17.35150126934998,2970.0,10,19.312
1486,-1.139,44.625,-1.6150000000000002,48.229000000000006,0.6970000000000001,43.605,5.169789163979514,2.139876971971149,15.581358750546505,2972.0,10,19.312
1487,-0.8670000000000001,45.305,-0.799,48.603,3.043,42.381,7.312608836796892,2.86331786354804,18.25126747768444,2974.0,10,19.312
1488,-0.187,44.795,-0.5950000000000001,47.855,3.043,42.381,6.572649389705799,2.455154285372517,17.8011974176087,2976.0,10,19.312
1489,-0.221,45.271,-0.8330000000000001,47.889,2.975,42.313,6.752232223494687,2.2646069054803397,9.714255645775609,2978.0,10,19.312
1490,-0.153,45.98500000000001,-0.799,48.025000000000006,2.5330000000000004,43.673,5.481069968537165,2.450272228713193,10.1548987755106,2980.0,10,19.312
1491,0.629,44.115,1.105,48.331,-0.935,43.843,4.9298827572265855,1.622138809053503,6.195937315344692,2982.0,10,19.312
1492,1.003,43.367,-0.969,45.883,1.819,45.271,2.8543804932068886,1.4204840511286778,4.03453816896824,2984.0,10,19.312
1493,0.901,42.959,-0.663,44.115,0.8670000000000001,47.141000000000005,3.3908075734255405,2.4055056109902333,13.17747733802641,2986.0,10,19.312
1494,-0.323,43.911,-0.425,46.087,-0.051,45.271,0.8976257572061979,1.960182006086516,1.9170019947162784,2988.0,10,19.312
1495,0.561,44.455000000000005,-0.8330000000000001,46.699000000000005,-0.119,48.739,2.1613412502425438,2.606370420412534,16.761361964806802,2990.0,10,19.312
1496,0.493,44.149,-2.9410000000000003,44.523,2.805,47.107000000000006,6.300283485685386,2.273257786679685,12.398347832157524,2992.0,10,19.312
1497,-0.051,44.217000000000006,-2.431,42.109,1.751,46.835,6.310641805712,3.0187205661920227,14.255917643689203,2994.0,10,19.312
1498,-0.051,44.931,-3.4170000000000003,44.217000000000006,2.669,46.461000000000006,6.486519251493825,2.4542608307576,15.457980994575523,2996.0,10,19.312
1499,-0.459,45.135000000000005,-1.5470000000000002,44.897000000000006,1.785,47.821000000000005,4.433057635537801,2.1554983619539647,15.011460606796645,2998.0,10,19.312
1500,-0.221,43.945,1.3430000000000002,48.569,0.8330000000000001,43.095000000000006,5.49770643086733,2.146747066431028,7.453335104439269,3000.0,10,19.312
1501,-0.119,44.285,-0.323,48.501000000000005,-1.173,45.135000000000005,3.4716647303563173,1.5565148361517758,9.477027862385937,3002.0,10,19.312
1502,0.017,44.115,-0.085,46.971,-1.5810000000000002,44.931,2.5297462323324056,1.4504031233047627,8.03213321747947,3004.0,10,19.312
1503,0.629,43.843,0.119,45.98500000000001,-1.649,43.911,2.725307322119838,1.7359449665927278,9.469717452860897,3006.0,10,19.312
1504,0.8330000000000001,42.449000000000005,0.323,48.773,2.9410000000000003,42.313,6.970331699424354,3.012674738565667,12.754854808023824,3008.0,10,19.312
1505,0.6970000000000001,43.095000000000006,-0.799,48.67100000000001,2.431,42.551,6.920065028596191,2.6930334792143324,15.30712704455796,3010.0,10,19.312
1506,0.663,43.979000000000006,0.017,48.773,-1.003,41.089000000000006,7.751403485821133,3.2932219625518937,10.727441657244238,3012.0,10,19.312
1507,0.085,44.455000000000005,-0.425,48.739,-1.207,41.395,7.385516908111443,3.1728330590071785,9.204850281005736,3014.0,10,19.312
1508,-0.391,43.027,-0.493,48.739,0.8330000000000001,41.497,7.362393632508384,2.6304936692567806,12.967549772895728,3016.0,10,19.312
1509,-0.085,42.755,-0.7310000000000001,48.637,-1.0710000000000002,41.463,7.182052352914173,2.159149004240224,8.802299406878712,3018.0,10,19.312
1510,0.017,42.721,-1.6150000000000002,47.243,-1.3090000000000002,42.517,4.735896113725469,1.897921795588184,9.117894320707077,3020.0,10,19.312
1511,-0.7310000000000001,43.435,-3.111,45.611,-0.153,42.959,3.9727657872066913,1.6630689569561787,8.386792070573795,3022.0,10,19.312
1512,-0.425,43.435,-2.125,45.713,-1.377,44.795,1.184157084174224,1.4425784358519849,5.450980855481226,3024.0,10,19.312
1513,0.187,43.537000000000006,,,,,1.184157084174224,1.2544534754310404,,3026.0,10,19.312
1514,1.003,42.857000000000006,-3.451,44.659000000000006,-0.153,41.463,4.5925178279458,1.928431180640641,9.928055515845305,3028.0,10,19.312
1515,0.221,42.721,-2.805,44.183,-0.119,42.517,3.1607201711002517,1.606344247445464,5.681384166574405,3030.0,10,19.312
1516,0.527,43.095000000000006,-3.519,45.237,0.323,42.279,4.848786239874882,1.832842509098339,6.600563790334659,3032.0,10,19.312
1517,-0.663,42.789,-2.431,47.54900000000001,0.051,41.021,6.98391781165844,2.129086342459243,8.371565665430573,3034.0,10,19.312
1518,-1.037,42.483,-1.513,47.99100000000001,-0.119,42.279,5.879641145512199,2.563228338108749,8.09879321911195,3036.0,10,19.312
1519,-1.377,43.061,,,,,5.879641145512199,1.4012926578678526,,3038.0,10,19.312
1520,-0.5950000000000001,43.775000000000006,1.479,47.583000000000006,-0.017,41.429,6.333224455204474,1.7937302139616875,12.591349351182714,3040.0,10,19.312
1521,-0.527,43.265,1.105,46.087,-0.629,41.429,4.970283694116463,2.04406692170616,10.282764017102709,3042.0,10,19.312
1522,-0.289,43.673,2.2950000000000004,45.101000000000006,0.425,44.115,2.1140236517125346,1.8647164665512432,2.4150210192327024,3044.0,10,19.312
1523,0.493,44.047,0.323,46.189,-1.3430000000000002,43.061,3.5440005643340413,2.159456723917255,7.570736154549566,3046.0,10,19.312
1524,0.323,43.333000000000006,2.431,43.435,0.901,42.041,2.069815450710521,1.7555151472843131,15.13138880488524,3048.0,10,19.312
1525,0.8330000000000001,43.401,3.587,44.693000000000005,-0.561,42.925,4.509071744827311,1.841500630117204,6.753020262694919,3050.0,10,19.312
1526,0.221,42.857000000000006,3.281,45.407,0.289,42.075,4.478201424679333,2.221754221432209,10.09325065199359,3052.0,10,19.312
1527,0.119,43.129000000000005,3.213,47.073,0.323,41.123000000000005,6.614725995836865,2.634975085744041,10.932632129678089,3054.0,10,19.312
1528,0.357,43.129000000000005,2.873,47.447,2.975,46.903000000000006,0.55347990026739,2.615615411071449,0.6607269250332486,3056.0,10,19.312
1529,0.7310000000000001,43.673,2.057,45.849,0.493,41.701,4.433057635537801,2.344101292579108,12.292865657425269,3058.0,10,19.312
1530,1.3090000000000002,44.183,0.221,47.651,0.8330000000000001,41.055,6.62433090960891,2.2496169016084897,8.568173402031805,3060.0,10,19.312
1531,1.088,42.653000000000006,0.153,46.971,-0.085,46.801,0.2924790590794493,2.450749761887874,0.6949489022340223,3062.0,10,19.312
1532,0.935,43.061,-0.7310000000000001,45.271,2.431,42.721,4.062110781354935,1.685598948739041,13.76450544609864,3064.0,10,19.312
1533,0.799,43.707,-3.4850000000000003,45.101000000000006,0.391,40.919,5.7019733426244645,2.0589487366018915,13.583180710648952,3066.0,10,19.312
1534,0.799,43.741,-2.057,44.047,-1.445,42.177,1.9675985362873192,2.2922763930753227,15.834215626063228,3068.0,10,19.312
1535,0.527,44.047,-3.349,44.591,0.765,40.953,5.491815728882389,2.43428229922191,12.182770526514975,3070.0,10,19.312
1536,0.765,44.999,-2.363,44.965,-1.037,42.993,2.376354350680891,2.788697713942477,15.618260862502437,3072.0,10,19.312
1537,-0.017,43.741,-2.805,46.189,0.085,42.007000000000005,5.083426403519579,2.026246556562459,10.336777966289722,3074.0,10,19.312
1538,0.527,43.503,-3.451,45.441,-0.527,43.843,3.33217346487244,2.1151729243437183,4.274609725072756,3076.0,10,19.312
1539,0.765,44.217000000000006,-3.5530000000000004,45.169,-0.051,42.823,4.215177339092628,2.381387476556015,13.836141953611534,3078.0,10,19.312
1540,0.221,45.067,-3.5530000000000004,44.795,-0.323,43.843,3.367373457162125,2.8289696519042398,16.884870472396727,3080.0,10,19.312
1541,0.527,44.897000000000006,-3.5530000000000004,45.407,0.561,40.443000000000005,6.44719256731176,2.9047970987606675,16.646381193410715,3082.0,10,19.312
1542,1.3430000000000002,44.489,-3.0770000000000004,44.081,0.969,43.707,4.06324894634823,2.6958755803871104,18.184648118755018,3084.0,10,19.312
1543,0.459,44.149,-1.377,42.449000000000005,0.425,45.373000000000005,3.43467320133954,1.8801344398408089,17.56581586400938,3086.0,10,19.312
1544,0.969,44.2,-2.601,42.109,0.187,43.775000000000006,3.247845439672276,2.082124529819725,17.709999422394112,3088.0,10,19.312
1545,1.275,44.523,-2.329,41.837,0.561,44.047,3.638158875035559,2.26365631437478,17.15951923823134,3090.0,10,19.312
1546,0.901,44.625,-0.425,43.265,0.255,44.251000000000005,1.1977462168589803,2.3391287353979324,18.726797487003417,3092.0,10,19.312
1547,0.527,44.115,,,,,1.1977462168589803,2.3639876506109214,,3094.0,10,19.312
1548,0.425,44.217000000000006,-2.5330000000000004,42.109,-0.323,44.523,3.272842189901615,2.158209873802421,16.48735334179737,3096.0,10,19.312
1549,1.5470000000000002,45.305,-2.737,43.741,0.663,42.381,3.661912068851463,2.603768645810077,13.593516750668764,3098.0,10,19.312
1550,1.479,44.42100000000001,-3.0770000000000004,45.169,0.969,44.931,4.052993955090484,2.52015755347263,19.386664679300747,3100.0,10,19.312
1551,0.986,44.047,-3.3830000000000005,46.019000000000005,0.935,45.101000000000006,4.41450427568034,2.42463801646832,8.034202136999832,3102.0,10,19.312
1552,1.003,43.401,-1.989,45.033,-2.567,43.979000000000006,1.2020815280171309,2.462616845112803,1.548576867558067,3104.0,10,19.312
1553,0.935,42.211000000000006,1.105,45.713,-0.085,42.619,3.3149564099698208,1.479315137165012,6.126675073848965,3106.0,10,19.312
1554,0.5950000000000001,42.415000000000006,1.3430000000000002,43.571000000000005,-0.7310000000000001,44.795,2.4082466651072107,1.4636129570033904,5.978084944214441,3108.0,10,19.312
1555,0.6970000000000001,42.619,-1.853,41.73500000000001,1.173,45.305,4.6799119649839565,1.5696808097424042,6.502986492425965,3110.0,10,19.312
1556,-0.629,43.945,-0.5950000000000001,43.537000000000006,1.513,45.611,2.957218287512777,2.1794283728212003,11.342845869200485,3112.0,10,19.312
1557,-0.935,44.523,-0.629,42.619,3.1790000000000003,47.141000000000005,5.91179735782613,2.496051687916177,13.353584897872755,3114.0,10,19.312
1558,-0.391,45.135000000000005,-1.003,42.245000000000005,3.1790000000000003,47.345000000000006,6.595386569413503,2.942680445004016,,3116.0,10,19.312
1559,-0.323,45.781000000000006,-1.105,42.755,2.397,47.54900000000001,5.936871229865105,2.533166727509677,11.275754662511954,3118.0,10,19.312
1560,-0.493,44.931,0.255,43.469,2.907,47.821000000000005,5.096372042934072,2.1537925256492176,9.09646968960276,3120.0,10,19.312
1561,-1.3090000000000002,44.86300000000001,-0.051,43.571000000000005,2.975,47.685,5.107021832731872,2.2693805370600524,,3122.0,10,19.312
1562,-1.037,45.747,-0.765,42.313,2.499,47.311,5.969396954467009,2.91612347413025,11.244086329450225,3124.0,10,19.312
1563,-1.6150000000000002,46.393,-1.5470000000000002,42.279,3.281,46.189,6.212703437312939,2.8324491953862907,12.80105733976366,3126.0,10,19.312
1564,-1.5810000000000002,44.761,-2.4650000000000003,42.755,4.029,45.237,6.952147869543627,2.953765073327669,13.767875175050255,3128.0,10,19.312
1565,-0.085,44.285,-2.057,45.509,3.587,46.019000000000005,5.666995323802554,2.6148886373218225,9.682085147891144,3130.0,10,19.312
1566,0.255,44.455000000000005,3.4850000000000003,47.243,3.621,44.115,3.1309551258362043,2.746941894465824,3.7347827942121072,3132.0,10,19.312
1567,0.051,44.047,-0.7310000000000001,41.463,3.145,45.713,5.752032336487687,2.6010576513526917,12.533610305289503,3134.0,10,19.312
1568,-0.527,44.285,-1.3430000000000002,41.871,3.145,45.475,5.75594996503618,2.4806549038267494,11.879790784704117,3136.0,10,19.312
1569,0.187,43.503,-0.323,41.225,3.689,45.543000000000006,5.894172376169533,2.573079640523158,14.817287088230673,3138.0,10,19.312
1570,0.119,43.877,1.3090000000000002,41.123000000000005,2.8390000000000004,46.393,5.487604213133452,2.8315336731729364,16.193960603897988,3140.0,10,19.312
1571,-0.6970000000000001,44.795,1.207,41.123000000000005,3.519,45.271,4.748815431241775,2.8624745964783465,15.174292400022171,3142.0,10,19.312
1572,-1.003,44.183,1.5470000000000002,41.225,3.043,47.413,6.366267352224536,2.6086945746366648,12.62097793146597,3144.0,10,19.312
1573,-1.275,43.503,-0.663,40.783,1.377,47.277,6.806881517993391,2.012944460963748,9.97370821703991,3146.0,10,19.312
1574,-1.5810000000000002,45.441,-1.649,41.463,0.289,48.603,7.398340624761745,1.8603175983264908,10.729241036818118,3148.0,10,19.312
1575,-1.275,44.183,-2.669,42.585,-3.213,46.529,3.98134047777881,1.4001269040080533,7.138079075029694,3150.0,10,19.312
1576,-0.8330000000000001,45.135000000000005,-2.193,41.905,-3.043,46.631,4.801830484304919,1.3498769857855593,6.662681887001506,3152.0,10,19.312
1577,-0.255,45.679,-3.5530000000000004,43.945,0.459,44.251000000000005,4.023652569494539,1.8351750711612904,6.110119003211407,3154.0,10,19.312
1578,1.037,46.053,-0.289,43.979000000000006,1.683,45.169,2.3032333794038333,2.25405609844362,15.610900658811484,3156.0,10,19.312
1579,1.785,46.121,-1.513,46.937000000000005,2.5330000000000004,41.871,6.483399725452689,2.679603160790493,11.64893345900889,3158.0,10,19.312
1580,1.139,45.441,-0.663,40.409000000000006,0.153,40.953,0.9807099469262052,3.314962456462599,1.3166083531089543,3160.0,10,19.312
1581,0.289,44.931,-1.717,44.999,-0.561,39.933,5.1962190100110295,2.8294098999580264,19.0835104611068,3162.0,10,19.312
1582,0.459,44.523,-0.051,44.217000000000006,0.8330000000000001,37.587,6.688673710086329,3.6076748884900742,21.03821689961517,3164.0,10,19.312
1583,0.527,44.285,1.241,43.129000000000005,-0.527,39.899,3.682217266810855,2.8677142506245685,4.484230236213332,3166.0,10,19.312
1584,0.7310000000000001,44.455000000000005,0.8330000000000001,43.877,0.085,39.389,4.549906372663068,2.7784091736318595,16.46673805562594,3168.0,10,19.312
1585,1.0710000000000002,45.033,-1.411,46.257000000000005,0.017,37.281000000000006,9.088881119257753,3.507540155117121,19.440435237290718,3170.0,10,19.312
1586,0.493,44.625,-0.561,43.775000000000006,-0.187,41.225,2.577280737521623,2.0437539683248,13.000173392719526,3172.0,10,19.312
1587,0.323,44.387,-1.5810000000000002,43.605,-2.7710000000000004,43.979000000000006,1.2473876702934017,2.25693867831447,14.936461407449114,3174.0,10,19.312
1588,1.003,45.543000000000006,0.051,38.029,-0.221,47.481,9.455912859158548,2.918103149435662,12.683026978452332,3176.0,10,19.312
1589,0.425,46.087,-0.5950000000000001,38.335,0.459,39.559000000000005,1.6152683987498797,3.5176259574090056,1.9761035523390875,3178.0,10,19.312
1590,0.289,43.129000000000005,-0.5950000000000001,38.403000000000006,-0.527,38.607,0.2150348808914498,3.9414398441623466,0.2800001355700872,3180.0,10,19.312
1591,0.527,41.837,-0.6970000000000001,39.287000000000006,-0.221,47.107000000000006,7.83447356240354,3.4748677718007714,13.119641307149454,3182.0,10,19.312
1592,0.901,43.231,0.527,39.389,1.173,46.801,7.44009811763259,2.77626778300342,9.849652317988571,3184.0,10,19.312
1593,-0.153,41.633,-0.255,40.035,-0.6970000000000001,46.665000000000006,6.644716999240826,3.255783166126713,16.341731707996026,3186.0,10,19.312
1594,-0.323,40.817,0.6970000000000001,37.417,-2.4650000000000003,45.169,8.372081461619924,3.085569662359743,13.025233387852722,3188.0,10,19.312
1595,-0.425,41.73500000000001,0.119,39.117,-3.1790000000000003,45.713,7.374552189794307,2.5523594501516644,13.084129008989676,3190.0,10,19.312
1596,-0.221,40.885000000000005,0.357,37.519000000000005,-3.349,45.543000000000006,8.83849602590848,2.61539773457794,13.37105503893862,3192.0,10,19.312
1597,-1.003,42.585,0.425,37.383,-3.213,44.693000000000005,8.165239984225815,2.1228868174617395,13.945952980147316,3194.0,10,19.312
1598,-0.901,42.585,-0.527,40.307,-2.635,43.809000000000005,4.0875014373086165,1.88690057190796,5.862666843134797,3196.0,10,19.312
1599,-0.969,43.027,0.119,38.267,-2.805,42.415000000000006,5.075005418716319,2.418391830188412,5.99337041914988,3198.0,10,19.312
1600,-0.6970000000000001,43.537000000000006,-0.6970000000000001,37.825,-0.221,45.169,7.359409758941271,3.2746251453710897,15.378680788944946,3200.0,10,19.312
1601,-0.799,43.537000000000006,0.493,38.029,1.649,45.781000000000006,7.837719055949888,3.145598412512928,16.53931250697472,3202.0,10,19.312
1602,-0.629,43.724,0.901,37.111,0.221,48.195,11.10483930545598,3.4729794069619007,16.511780033813707,3204.0,10,19.312
1603,0.663,42.993,0.935,37.315000000000005,-0.255,44.081,6.869851235652778,2.201915559658937,8.440779987353736,3206.0,10,19.312
1604,-0.085,41.599,0.901,39.831,-1.3090000000000002,42.925,3.8022277680328416,1.231742683748468,4.374406464867567,3208.0,10,19.312
1605,-0.425,41.395,1.445,41.293000000000006,-2.261,42.041,3.7807327332145553,1.0995231413577438,4.26605483497198,3210.0,10,19.312
1606,-1.887,43.537000000000006,-3.587,44.931,-3.4170000000000003,43.979000000000006,0.9670594604262968,1.1529386772183692,1.103731975004172,3212.0,10,19.312
1607,-1.751,43.333000000000006,-3.349,45.917,0.561,40.919,6.345715404901169,1.702337143743628,,3214.0,10,19.312
1608,-1.173,43.29900000000001,,,,,6.345715404901169,1.9280599877977769,,3216.0,10,19.312
1609,-1.0710000000000002,43.129000000000005,-2.329,46.767,-2.363,46.563,0.2068139260301394,1.858760547869626,0.2459403496373521,3218.0,10,19.312
1610,-0.561,43.979000000000006,-0.663,48.501000000000005,0.5950000000000001,43.265,5.385003249766894,2.174647090012928,5.931272511509908,3220.0,10,19.312
1611,-0.629,43.979000000000006,-0.629,46.937000000000005,-1.411,42.143,4.857361423653793,2.3125677748756264,10.469409385230453,3222.0,10,19.312
1612,-0.357,44.693000000000005,-1.5810000000000002,44.999,3.5530000000000004,46.733,5.418921663947542,2.6780365759142133,16.197511594944803,3224.0,10,19.312
1613,-0.8670000000000001,44.285,-2.329,46.529,-2.873,45.305,1.3394446610442703,1.9075741705230769,3.7184195705998766,3226.0,10,19.312
1614,-0.085,44.285,-0.323,46.121,-0.6970000000000001,45.611,0.6324365580831014,2.282388670972378,16.358362554541614,3228.0,10,19.312
1615,0.935,44.727,-1.955,46.597,-1.5470000000000002,45.033,1.616341548064641,1.4932010709095538,8.787585251026924,3230.0,10,19.312
1616,1.377,43.639,-2.907,47.039,1.377,43.537000000000006,5.533232328395402,2.384154077182714,13.567134277709377,3232.0,10,19.312
1617,0.629,43.809000000000005,-2.8390000000000004,46.86900000000001,0.5950000000000001,42.721,5.385003249766894,2.2748638476800296,11.31320687486777,3234.0,10,19.312
1618,0.391,43.282,-2.4650000000000003,46.971,-0.255,46.053,2.3930783522484176,2.3834890832074023,3.183866210472333,3236.0,10,19.312
1619,1.785,43.673,-3.0090000000000003,46.903000000000006,1.139,43.571000000000005,5.320538318629048,2.1858104417825928,10.703265397970348,3238.0,10,19.312
1620,1.785,46.087,-2.363,47.209,0.6970000000000001,43.265,4.991866985407364,2.760437205050909,12.022907586451357,3240.0,10,19.312
1621,1.785,45.135000000000005,-2.397,46.86900000000001,0.663,42.109,5.6587277722117015,3.0108729366301,13.22794016453041,3242.0,10,19.312
1622,1.717,45.849,-1.003,46.563,0.017,41.531000000000006,5.134337737235446,3.3158609359939435,16.2290096151952,3244.0,10,19.312
1623,1.377,45.883,-1.173,46.087,0.289,43.265,3.178227178790088,2.295177466802184,15.49019008591629,3246.0,10,19.312
1624,1.632,46.801,-3.1790000000000003,46.631,2.567,43.571000000000005,6.510001228878533,2.332933022930806,13.551493789579494,3248.0,10,19.312
1625,1.139,45.509,-3.145,46.325,1.377,42.857000000000006,5.69872863014199,2.5319519452479806,14.287646852435266,3250.0,10,19.312
1626,0.901,45.951,-2.2950000000000004,46.835,2.2270000000000003,42.007000000000005,6.614988133020346,2.9200249297230467,18.136629029387755,3252.0,10,19.312
1627,0.459,44.931,-3.1790000000000003,46.529,1.3090000000000002,42.721,5.885831122280014,2.329471159594367,17.904163780549734,3254.0,10,19.312
1628,0.051,43.469,-3.0770000000000004,46.767,0.357,40.987,6.723150749462636,2.127535748798621,,3256.0,10,19.312
1629,-0.255,44.251000000000005,0.289,44.625,-1.207,44.999,1.5420415039810054,2.4395077938624814,8.516146517454297,3258.0,10,19.312
1630,0.8330000000000001,44.625,-2.907,43.843,-3.111,43.843,0.204,1.8783967344696544,0.830792764627654,3260.0,10,19.312
1631,1.3090000000000002,44.897000000000006,-2.907,43.333000000000006,-3.111,43.435,0.2280789337049786,2.1110031613771003,0.5449536941592569,3262.0,10,19.312
1632,0.8840000000000001,44.489,-3.3830000000000005,44.387,-3.4850000000000003,43.877,0.5200999903864642,2.365319710307483,0.5788836725624872,3264.0,10,19.312
1633,-0.051,44.319,-3.5530000000000004,45.339000000000006,-3.587,45.169,0.1733666634621546,1.9775641924089669,,3266.0,10,19.312
1634,1.819,42.925,-3.5530000000000004,45.135000000000005,3.0090000000000003,46.801,6.770184635591559,2.8626923026219524,17.18706077145584,3268.0,10,19.312
1635,1.751,43.163,-3.281,43.945,3.5530000000000004,46.155,7.18245473358517,2.896054026409818,14.357571746817191,3270.0,10,19.312
1636,0.663,43.877,-0.8670000000000001,45.339000000000006,-0.323,46.835,1.5918391878578693,2.0897287659026715,14.838795636778055,3272.0,10,19.312
1637,0.187,43.435,0.5950000000000001,41.395,0.017,45.781000000000006,4.423921337456171,1.7956575225519422,6.113937592737248,3274.0,10,19.312
1638,0.323,43.707,2.057,43.537000000000006,0.391,47.99100000000001,4.755383475598998,1.8501716526798453,6.800429704182282,3276.0,10,19.312
1639,0.323,44.353,1.003,47.889,2.2270000000000003,47.583000000000006,1.261670321439004,1.934027898563363,8.06606591048617,3278.0,10,19.312
1640,1.241,43.401,-0.493,40.953,1.513,48.331,7.645843315161514,2.395298396172155,12.965170302806513,3280.0,10,19.312
1641,0.051,44.047,0.187,41.191,1.207,48.569,7.448173198845474,2.2991983066830346,9.70455092060348,3282.0,10,19.312
1642,0.425,43.843,0.799,47.209,-3.1790000000000003,46.495000000000005,4.041569002256426,2.166954751422618,8.24726889930307,3284.0,10,19.312
1643,-0.493,43.809000000000005,-2.329,47.481,-0.901,46.563,1.6976183316635105,2.351212884148921,2.0386420311257,3286.0,10,19.312
1644,-0.119,44.183,-2.4650000000000003,45.679,-1.275,46.189,1.2946814279968646,1.822885972539746,13.142381141525949,3288.0,10,19.312
1645,0.7310000000000001,43.537000000000006,-3.349,45.407,-3.451,45.067,0.3549704213029587,2.01356584201779,0.3819004907502215,3290.0,10,19.312
1646,0.561,43.503,-2.975,46.699000000000005,0.5950000000000001,43.401,4.860216456085058,2.3380097941424056,6.916887892341119,3292.0,10,19.312
1647,0.527,43.571000000000005,-3.519,45.441,0.051,43.29900000000001,4.1632996529195445,2.332829891030193,15.1854691367704,3294.0,10,19.312
1648,0.323,43.979000000000006,-3.3830000000000005,45.305,-0.901,45.475,2.487815105670034,2.635482677436343,17.931908992400373,3296.0,10,19.312
1649,0.289,44.455000000000005,-3.5530000000000004,45.135000000000005,-1.275,45.713,2.350184673594822,2.625640806300402,16.558255909944794,3298.0,10,19.312
1650,0.493,44.489,-3.5530000000000004,45.475,-1.173,46.801,2.7244588453489254,2.5607355068741864,15.760241060228532,3300.0,10,19.312
1651,0.901,43.843,-3.3830000000000005,44.149,-0.901,48.569,5.069193624236502,2.961523994932999,15.801319638749746,3302.0,10,19.312
1652,1.173,44.013000000000005,-3.451,44.693000000000005,-0.289,48.297,4.794482245248178,3.2320872743591407,16.856994515914916,3304.0,10,19.312
1653,0.935,44.183,,,,,4.794482245248178,3.084445864916761,,3306.0,10,19.312
1654,1.0710000000000002,44.557,-3.281,43.163,1.513,47.447,6.429237279802326,2.665804753525628,15.985754405193855,3308.0,10,19.312
1655,2.125,44.523,-1.751,44.081,2.397,47.345000000000006,5.278219396728408,2.1701248465091574,10.542460158792494,3310.0,10,19.312
1656,2.2270000000000003,44.523,-3.519,43.877,3.043,47.54900000000001,7.519536421881339,2.3723518228542324,11.212068607193354,3312.0,10,19.312
1657,1.513,44.761,-3.519,43.843,3.043,47.54900000000001,7.536197980414263,2.6072746702497285,16.867628932477285,3314.0,10,19.312
1658,2.091,46.257000000000005,-3.3830000000000005,43.537000000000006,3.2470000000000003,47.005,7.482240573518069,2.6841856098980843,12.665515216283367,3316.0,10,19.312
1659,-0.5950000000000001,46.155,-1.785,44.319,2.193,48.195,5.554084983145289,2.0494584882884275,16.77638856191393,3318.0,10,19.312
1660,0.391,46.733,-2.7030000000000003,42.415000000000006,1.887,48.467000000000006,7.595709578439661,2.116408872129069,10.049465099667923,3320.0,10,19.312
1661,-0.119,46.835,-3.3830000000000005,45.441,3.893,45.781000000000006,7.283939593379396,2.689874900542281,12.551317218371178,3322.0,10,19.312
1662,-0.6970000000000001,46.223000000000006,-3.213,46.461000000000006,2.669,47.651,6.001168552873682,2.755284942813424,10.42375944542784,3324.0,10,19.312
1663,-0.187,45.815000000000005,-3.0090000000000003,46.767,-3.043,45.883,0.8846536045255229,2.703423034421461,0.9522279626186214,3326.0,10,19.312
1664,-0.629,44.897000000000006,2.4650000000000003,47.923,2.363,47.54900000000001,0.3876596445337069,2.8691097410932924,,3328.0,10,19.312
1665,-0.459,44.523,0.425,46.835,-2.635,43.231,4.727834176449086,1.8301283573168632,5.969357953732814,3330.0,10,19.312
1666,-0.663,44.761,0.629,47.005,1.275,46.291,0.9628665535784282,1.7960487838704586,2.097252505348114,3332.0,10,19.312
1667,0.459,45.441,0.051,47.005,0.561,44.183,2.867714072218498,1.8680494004405304,3.6454464623594207,3334.0,10,19.312
1668,-0.085,45.067,-0.391,47.141000000000005,0.493,44.829,2.4752373623553763,1.978833814857974,2.9429545112210302,3336.0,10,19.312
1669,0.425,44.897000000000006,-1.275,47.651,0.629,46.053,2.485723234795057,2.105240321972909,14.531278677299449,3338.0,10,19.312
1670,0.8330000000000001,45.203,-1.751,47.175,1.6150000000000002,44.659000000000006,4.202405501614522,2.114503923840185,12.547422566276618,3340.0,10,19.312
1671,1.479,45.577000000000005,-2.975,46.971,3.213,45.509,6.358363625965411,2.656356377608749,13.96942867706474,3342.0,10,19.312
1672,1.479,45.611,-3.145,46.597,3.1790000000000003,45.237,6.468583770811042,2.767265230718382,13.80975548660202,3344.0,10,19.312
1673,1.853,46.699000000000005,-3.0090000000000003,46.733,1.989,44.319,5.550441423886933,2.7522683210923464,10.057643884798278,3346.0,10,19.312
1674,2.023,46.937000000000005,-3.621,44.285,3.213,45.781000000000006,6.995825326578702,3.1880240938129085,11.410676498014622,3348.0,10,19.312
1675,0.935,45.441,-3.519,44.387,3.451,45.271,7.025834897006903,2.867164469253552,10.359142117170196,3350.0,10,19.312
1676,0.935,44.217000000000006,-3.4850000000000003,44.523,3.825,43.435,7.390523932712755,2.4694847465462875,10.404097164980328,3352.0,10,19.312
1677,0.799,43.911,-3.3150000000000004,44.591,3.859,43.605,7.241441293002382,2.51253899635839,11.297428920911132,3354.0,10,19.312
1678,1.139,46.019000000000005,-3.4170000000000003,44.013000000000005,0.425,44.557,3.880322151574531,2.475240206660947,19.69614713605037,3356.0,10,19.312
1679,0.969,46.359,-1.6150000000000002,47.99100000000001,1.207,43.095000000000006,5.651061847122185,2.2233596410018404,14.177561679748612,3358.0,10,19.312
1680,1.3430000000000002,46.393,1.6150000000000002,44.319,2.4650000000000003,47.175,2.9798046915863465,1.4074087475845465,8.620782821333187,3360.0,10,19.312
1681,1.819,45.101000000000006,,,,,2.9798046915863465,1.6314712544803036,,3362.0,10,19.312
1682,1.785,45.067,0.017,43.333000000000006,0.459,47.753,4.4420450245354335,1.9130083831272453,15.841500125533388,3364.0,10,19.312
1683,1.751,44.931,-0.5950000000000001,43.775000000000006,0.6970000000000001,48.195,4.604960803307668,1.9791353603418995,15.15081923339132,3366.0,10,19.312
1684,1.955,44.727,-0.187,47.787000000000006,2.329,47.243,2.574139079381688,2.0139598119536246,2.889318064470731,3368.0,10,19.312
1685,2.023,44.693000000000005,,,,,2.574139079381688,2.4696810264561777,,3370.0,10,19.312
1686,2.5330000000000004,44.897000000000006,-0.799,43.231,1.377,48.195,5.419988191869056,2.127119602119587,9.7267919573541,3372.0,10,19.312
1687,2.5330000000000004,44.829,0.391,42.007000000000005,1.003,47.923,5.947570932742208,1.8174566240547163,10.977131653185122,3374.0,10,19.312
1688,2.2270000000000003,44.727,0.7310000000000001,43.29900000000001,-1.3430000000000002,48.501000000000005,5.600203567728588,2.28171625096416,12.868643318274149,3376.0,10,19.312
1689,1.6150000000000002,44.795,-1.717,41.633,0.527,48.161,6.902921120800961,2.414997058710221,17.292966971409705,3378.0,10,19.312
1690,1.5470000000000002,44.999,-0.289,42.517,0.391,48.739,6.2590481704489225,2.239119914555457,13.71048006925842,3380.0,10,19.312
1691,0.6970000000000001,44.42100000000001,0.629,39.899,-0.459,48.603,8.771736430148822,2.98765815090651,18.81462052636263,3382.0,10,19.312
1692,0.5950000000000001,45.271,0.527,40.273,-0.663,48.705000000000005,8.515557762119872,2.405623121997773,18.56192344035411,3384.0,10,19.312
1693,1.173,45.203,-0.5950000000000001,48.705000000000005,0.7310000000000001,47.821000000000005,1.5936536637550835,1.965384193190792,1.9260748689152805,3386.0,10,19.312
1694,1.6150000000000002,45.407,0.493,48.739,0.7310000000000001,43.231,5.513139577409591,2.0944088844760014,16.546834288314447,3388.0,10,19.312
1695,1.853,45.271,1.207,48.705000000000005,-0.289,42.041,6.829854464042408,2.0381644380266914,17.072353114394794,3390.0,10,19.312
1696,1.411,45.679,2.1590000000000003,48.263000000000005,-0.629,42.415000000000006,6.478583795861562,1.9956750929302576,9.439035477468032,3392.0,10,19.312
1697,0.8330000000000001,46.189,1.989,48.161,-0.901,42.381,6.462236454974393,1.9845895169725132,10.15862139856196,3394.0,10,19.312
1698,0.8670000000000001,45.883,1.377,46.971,0.255,42.551,4.560184645384439,1.7263409631762037,8.733352221904214,3396.0,10,19.312
1699,0.8330000000000001,43.945,1.241,46.801,3.893,43.911,3.922397736079298,1.7426169731617778,8.334627634961166,3398.0,10,19.312
1700,0.425,43.231,0.017,47.889,3.723,43.707,5.587804577828399,2.218045195271697,10.370837054103657,3400.0,10,19.312
1701,0.493,44.86300000000001,0.187,47.481,0.017,46.937000000000005,0.5699438568841673,2.254111408752547,0.7370191366407568,3402.0,10,19.312
1702,1.5810000000000002,44.965,-0.187,48.059000000000005,-0.459,43.775000000000006,4.292626235767564,2.017824972532286,7.51273247579209,3404.0,10,19.312
1703,1.207,44.86300000000001,-0.8330000000000001,48.603,-1.479,43.537000000000006,5.107021832731872,2.438427201943516,9.283077128788834,3406.0,10,19.312
1704,2.193,45.747,-0.629,43.775000000000006,1.989,44.115,2.6399856060213667,1.6547559945977588,8.252584590035886,3408.0,10,19.312
1705,2.363,45.543000000000006,-1.717,46.801,1.377,43.163,4.7757596254418,1.938443230580468,10.771686346271604,3410.0,10,19.312
1706,2.4650000000000003,46.121,-2.975,46.801,1.921,43.605,5.846813833191544,2.770341450724617,11.2118349500003,3412.0,10,19.312
1707,1.479,46.087,-2.397,46.937000000000005,2.669,43.673,6.026446050534262,2.3284083198907046,8.506727950630948,3414.0,10,19.312
1708,-0.051,44.625,-2.5330000000000004,46.699000000000005,-0.663,44.591,2.817900636999112,1.8796201946809048,6.340550322571906,3416.0,10,19.312
1709,-0.051,43.027,-2.601,47.413,2.567,43.775000000000006,6.320068670513003,2.43997395870303,11.468477268788805,3418.0,10,19.312
1710,-0.425,42.925,-0.357,45.611,0.901,41.089000000000006,4.693724320835215,1.8702324629652776,10.497561360577022,3420.0,10,19.312
1711,-0.221,43.469,0.187,48.093,-1.3430000000000002,45.373000000000005,3.1207851576165897,2.2279352428896373,3.360322165765078,3422.0,10,19.312
1712,0.391,43.911,0.8330000000000001,48.739,0.663,42.007000000000005,6.734146122560752,2.4602236436985407,19.42434511532056,3424.0,10,19.312
1713,1.955,43.979000000000006,1.003,48.161,1.785,43.265,4.95805808759841,2.128252942863358,14.366371516124122,3426.0,10,19.312
1714,2.4650000000000003,43.673,-0.527,48.43300000000001,3.3150000000000004,42.993,6.65992222176806,2.78764862949418,14.452727226571172,3428.0,10,19.312
1715,1.819,43.877,0.6970000000000001,47.175,1.853,45.407,2.112382541113233,2.582950006707928,5.535976905236508,3430.0,10,19.312
1716,1.683,44.251000000000005,-0.391,48.263000000000005,2.635,43.911,5.300620718368747,2.763684301556231,17.238286124429333,3432.0,10,19.312
1717,1.411,43.979000000000006,-0.357,48.705000000000005,1.445,43.367,5.633954916397539,2.6134531522268665,16.625563011885202,3434.0,10,19.312
1718,0.493,43.435,-0.051,48.705000000000005,0.765,43.095000000000006,5.669034838488823,2.784856944559227,16.567180709421265,3436.0,10,19.312
1719,-0.255,43.367,0.153,48.705000000000005,-0.425,41.531000000000006,7.197246695785827,2.9469417871962897,16.72653498613014,3438.0,10,19.312
1720,-0.221,44.591,0.799,47.99100000000001,1.207,44.523,3.491917524799233,2.404468727654038,16.331480382437498,3440.0,10,19.312
1721,-0.289,42.908,0.493,47.583000000000006,0.051,42.211000000000006,5.3901528735278,2.1379786849058484,12.412174655128789,3442.0,10,19.312
1722,-0.799,42.925,0.119,46.155,3.281,42.517,4.820092115302362,2.929157168657033,15.877648856211918,3444.0,10,19.312
1723,-1.139,43.401,-1.207,41.293000000000006,0.221,46.801,5.6901008778403925,2.6540379643295227,8.25322103566383,3446.0,10,19.312
1724,-1.445,43.129000000000005,-0.493,47.345000000000006,-0.7310000000000001,47.379000000000005,0.2404163056034262,2.8561074726113564,0.8982115850215451,3448.0,10,19.312
1725,-1.921,44.42100000000001,-1.785,47.039,-2.8390000000000004,45.237,2.0876110748891903,2.000278416687411,2.4207050659420424,3450.0,10,19.312
1726,-2.2270000000000003,43.877,-2.431,47.413,-1.717,45.101000000000006,2.4197396554175,1.8603399637685885,7.757305580346909,3452.0,10,19.312
1727,-1.819,43.741,-1.3090000000000002,48.263000000000005,-1.411,44.523,3.7413906505469328,2.1744928832824257,10.247335901762693,3454.0,10,19.312
1728,-1.037,44.047,0.187,48.331,-1.241,44.251000000000005,4.322682500485087,2.8734947329713307,17.84521507015034,3456.0,10,19.312
1729,-1.717,43.707,-2.397,47.413,-0.527,40.817,6.855954783981587,2.410588390190449,9.3169800875847,3458.0,10,19.312
1730,-1.3090000000000002,45.101000000000006,-0.289,43.333000000000006,-0.119,42.075,1.269434519776424,2.380662889957425,1.4058184169431074,3460.0,10,19.312
1731,-1.649,43.775000000000006,-2.057,47.821000000000005,-0.255,43.231,4.931055059518196,1.9360235195752376,6.311409436732464,3462.0,10,19.312
1732,-2.1590000000000003,44.42100000000001,-3.3830000000000005,46.257000000000005,-3.1790000000000003,46.189,0.2150348808914498,1.7237371104022152,9.311227589353908,3464.0,10,19.312
1733,-1.989,44.693000000000005,,,,,0.2150348808914498,2.038334138158582,,3466.0,10,19.312
1734,-1.5810000000000002,44.727,1.989,47.481,2.057,47.753,0.2803711825420009,2.654646981942722,0.2998946120133407,3468.0,10,19.312
1735,-1.0710000000000002,44.081,-0.187,42.789,1.139,46.631,4.064386792617061,2.608131197730005,9.038622734850762,3470.0,10,19.312
1736,-0.7310000000000001,44.557,0.357,41.973000000000006,2.125,47.821000000000005,6.109413065098807,2.4580097368021656,9.4822263072822,3472.0,10,19.312
1737,-0.969,44.999,-0.6970000000000001,40.341,2.7030000000000003,48.025000000000006,8.402610070686372,2.811366024904917,15.378688919968468,3474.0,10,19.312
1738,-0.493,44.829,-0.085,41.531000000000006,0.629,47.54900000000001,6.0602079172252825,3.1175743319842684,13.504502971113633,3476.0,10,19.312
1739,-0.085,44.387,-0.6970000000000001,40.307,2.975,44.217000000000006,5.363924309682232,2.247309647595078,9.2971331183467,3478.0,10,19.312
1740,0.221,44.42100000000001,-0.017,40.137,1.479,44.455000000000005,4.569807435767945,2.326275279347505,18.222188782970463,3480.0,10,19.312
1741,-0.153,44.761,-1.139,43.469,0.119,44.047,1.3844305688621588,2.564009770477468,8.986471854731708,3482.0,10,19.312
1742,-1.649,45.339000000000006,-1.751,44.965,1.5810000000000002,43.775000000000006,3.538124361861805,2.2272121551677526,9.487415677146204,3484.0,10,19.312
1743,-0.765,44.795,-1.649,41.531000000000006,2.125,44.523,4.816133303802959,2.5997515628691445,19.26883814176721,3486.0,10,19.312
1744,-1.445,43.367,1.717,41.531000000000006,1.003,43.197,1.8125539991956103,1.9598338863032945,2.419054266265383,3488.0,10,19.312
1745,-1.139,43.775000000000006,-0.425,41.701,-0.493,42.653000000000006,0.9544254816380376,1.8198656687263584,0.9788869230030216,3490.0,10,19.312
1746,-0.357,44.217000000000006,3.5530000000000004,43.027,-0.6970000000000001,40.103,5.158708753166824,2.5784692338628403,,3492.0,10,19.312
1747,1.3090000000000002,43.605,1.5810000000000002,45.305,1.411,44.727,0.6024815349867579,2.166900023701438,0.7038199983632611,3494.0,10,19.312
1748,-0.255,43.129000000000005,-0.221,44.013000000000005,2.7710000000000004,43.435,3.047318165206909,2.0842434121901072,8.793416774113416,3496.0,10,19.312
1749,-0.6970000000000001,43.877,1.6150000000000002,46.257000000000005,0.527,43.095000000000006,3.343947966102344,2.440787434928159,12.850114540792758,3498.0,10,19.312
1750,-1.0710000000000002,44.285,-0.323,44.693000000000005,1.751,45.747,2.3264548136596166,1.7488349632111706,12.567461701279573,3500.0,10,19.312
1751,-0.629,43.673,0.7310000000000001,43.367,2.7710000000000004,43.401,2.04028331366014,2.2816280273401346,15.104396575987604,3502.0,10,19.312
1752,-0.459,45.441,0.629,46.019000000000005,1.139,45.645,0.6324365580831014,2.463824530427176,1.1315462365538165,3504.0,10,19.312
1753,-0.493,45.305,2.125,45.815000000000005,1.785,45.135000000000005,0.7602631123499286,2.010508384802417,1.8607809630578784,3506.0,10,19.312
1754,-0.527,45.407,1.037,45.543000000000006,3.893,45.883,2.876166893627698,2.3780710350042864,19.106587263174497,3508.0,10,19.312
1755,-0.391,45.849,1.989,45.883,-0.6970000000000001,40.069,6.404466566389429,2.3686342867306056,,3510.0,10,19.312
1756,-0.527,46.393,0.119,45.067,-0.901,47.481,2.6206480114658666,1.3441704237026604,5.058033040495248,3512.0,10,19.312
1757,-1.3430000000000002,45.509,-2.261,43.707,-2.7710000000000004,45.849,2.201877380782136,1.258997836907941,7.303357910275143,3514.0,10,19.312
1758,-1.037,44.591,-0.5950000000000001,46.393,-3.0090000000000003,44.931,2.82220481184481,1.350770031212016,5.40661255915771,3516.0,10,19.312
1759,-0.7310000000000001,44.965,-3.4170000000000003,45.815000000000005,0.221,41.089000000000006,5.964069080753508,2.58871415877068,11.045491337933449,3518.0,10,19.312
1760,-0.561,42.211000000000006,-3.0090000000000003,47.005,-1.173,41.667,5.644921611501793,2.0230154254561703,8.045331352181785,3520.0,10,19.312
1761,0.255,42.279,-2.7030000000000003,47.277,-0.6970000000000001,40.069,7.481931568786232,2.478577665653955,,3522.0,10,19.312
1762,0.8670000000000001,44.149,-2.125,47.957,-0.663,40.001000000000005,8.089213806050623,2.7437153544886344,,3524.0,10,19.312
1763,1.921,43.877,-2.363,47.753,0.493,41.293000000000006,7.063167561370748,2.4880966544539143,11.967255118724225,3526.0,10,19.312
1764,1.173,43.877,-1.411,48.365,0.493,41.633,6.996073184294173,2.752422337581468,10.903125503007956,3528.0,10,19.312
1765,1.5470000000000002,43.469,-1.853,48.127,0.663,40.511,8.02082988225034,2.811751023370914,11.52660175614628,3530.0,10,19.312
1766,1.649,44.217000000000006,-0.561,48.365,0.459,39.967000000000006,8.45971654371469,2.960752914647936,11.524213879622195,3532.0,10,19.312
1767,2.193,44.183,0.799,46.767,1.785,41.429,5.4282999180222165,1.777442999242481,8.178358720288607,3534.0,10,19.312
1768,1.955,44.115,-0.799,48.43300000000001,3.4850000000000003,43.401,6.608606509696277,2.279990912350731,11.758120261554838,3536.0,10,19.312
1769,1.921,44.217000000000006,,,,,6.608606509696277,2.5904319791133603,,3538.0,10,19.312
1770,0.391,44.965,-0.663,46.42700000000001,3.349,45.407,4.139630901421043,2.548896717978931,11.35124178542132,3540.0,10,19.312
1771,0.289,44.251000000000005,-0.629,48.399,-0.8330000000000001,48.263000000000005,0.2451774867315513,2.2774323309236,0.5111086914589759,3542.0,10,19.312
1772,-0.357,42.755,0.255,46.733,2.2950000000000004,44.693000000000005,2.8849956672411143,1.9270015150981663,9.240070615452922,3544.0,10,19.312
1773,0.085,41.497,0.935,44.897000000000006,-0.561,40.375,4.763034746881446,1.3716870252531097,5.383992484724033,3546.0,10,19.312
1774,-0.289,41.463,-0.901,43.945,1.853,41.361,3.776449655430349,1.182830962004007,5.2610211370212046,3548.0,10,19.312
1775,-0.187,41.667,-0.799,44.115,3.791,43.979000000000006,4.592014372799807,1.6492990109031944,8.373000476355264,3550.0,10,19.312
1776,-0.051,41.939,-0.663,39.933,3.927000000000001,44.149,6.232395687053255,1.7976141572482836,8.384767031936475,3552.0,10,19.312
1777,-0.051,42.143,0.255,43.265,0.425,43.605,0.3801315561749643,1.8271271501960191,0.4577852405989407,3554.0,10,19.312
1778,-0.153,42.449000000000005,0.153,40.885000000000005,2.975,45.543000000000006,5.446159013469952,1.9936444203567285,11.24469197296299,3556.0,10,19.312
1779,-0.425,42.517,-0.221,39.831,3.145,45.951,6.984579872834157,2.150739155088087,11.356402383164898,3558.0,10,19.312
1780,-0.357,42.687000000000005,-0.629,39.967000000000006,2.601,44.455000000000005,5.529470499062275,2.573450519230269,12.937456976513044,3560.0,10,19.312
1781,0.391,42.789,2.091,44.999,1.921,45.135000000000005,0.2177062240727168,1.8610731965440013,,3562.0,10,19.312
1782,-0.323,42.619,1.989,42.449000000000005,-0.323,44.761,3.269661756206596,1.138958252838708,5.337814983383336,3564.0,10,19.312
1783,0.255,42.891000000000005,-0.5950000000000001,40.341,1.003,42.279,2.511861461147888,1.3315419962201451,6.249486609261283,3566.0,10,19.312
1784,0.629,43.129000000000005,-1.377,43.367,-0.085,43.231,1.2991381758689104,1.1261828164137178,2.1152558301674405,3568.0,10,19.312
1785,0.527,42.721,-0.459,43.367,1.921,42.619,2.4947753405868034,1.3997622131883158,3.55089920464354,3570.0,10,19.312
1786,-0.153,43.673,2.397,45.169,3.1790000000000003,44.489,1.0363030444807158,2.0798345455976937,1.2555673219630552,3572.0,10,19.312
1787,0.901,43.673,3.3150000000000004,44.217000000000006,-0.629,39.899,5.848098836374092,2.085710333470401,,3574.0,10,19.312
1788,0.8330000000000001,42.891000000000005,3.3150000000000004,43.129000000000005,-2.737,43.29900000000001,6.054387169648139,1.955734530151909,7.419793690452008,3576.0,10,19.312
1789,0.799,44.319,2.8390000000000004,43.027,0.901,43.163,1.942766069293985,2.517790181854248,3.315724494984757,3578.0,10,19.312
1790,0.8670000000000001,44.965,1.207,44.047,-0.765,43.537000000000006,2.036880948902022,1.7367632552650087,2.9109901261868862,3580.0,10,19.312
1791,0.357,44.999,-2.261,42.517,-1.3090000000000002,44.693000000000005,2.3751378907339253,1.794199842815228,10.536049763035711,3582.0,10,19.312
1792,1.105,46.835,-2.363,42.347,-0.629,39.899,2.99990999864996,2.023599599226899,,3584.0,10,19.312
1793,0.391,45.577000000000005,-2.091,42.279,1.513,47.787000000000006,6.582315701939554,2.02183091594039,8.400193988862824,3586.0,10,19.312
1794,0.323,45.271,-0.663,40.953,-0.051,47.515,6.590477069226476,2.261685553026074,8.951625612210842,3588.0,10,19.312
1795,0.289,45.611,-0.289,38.505,-0.187,48.127,9.622540620854766,3.1301976229750266,11.303187876337326,3590.0,10,19.312
1796,-0.323,44.353,0.8670000000000001,38.403000000000006,2.635,43.571000000000005,5.462055290822312,3.7948004344230153,19.28827127577819,3592.0,10,19.312
1797,-0.323,44.353,0.8330000000000001,38.743,0.8330000000000001,46.495000000000005,7.752000000000001,3.71150808038582,15.762630726253832,3594.0,10,19.312
1798,0.5950000000000001,44.081,0.969,39.321000000000005,1.6150000000000002,45.509,6.22162840420416,3.654466404632053,18.640685373580094,3596.0,10,19.312
