,com (y),com (x),end_1 (y),end_1 (x),end_2 (y),end_2 (x),ee-distance,gyr_distance,length,time,T,length_ref
0,-0.459,44.285,2.2270000000000003,44.455000000000005,0.935,47.651,3.447271384733149,1.8061784676192705,4.554610175770016,0.0,10,29.886000000000003
1,0.289,44.931,3.791,44.999,1.037,46.937000000000005,3.3675450999207124,1.9036145454875484,13.327932321752082,2.0,10,29.886000000000003
2,-0.051,44.183,-1.649,43.571000000000005,0.527,46.767,3.866444361425624,2.2573927060234604,6.194544691566006,4.0,10,29.886000000000003
3,-0.8330000000000001,43.741,-0.969,45.577000000000005,3.791,43.979000000000006,5.021075980305417,2.557805322339461,13.164553485330284,6.0,10,29.886000000000003
4,-0.051,42.857000000000006,-0.901,43.401,3.791,44.115,4.746015170645792,2.6817710219681588,6.6959706574523645,8.0,10,29.886000000000003
5,-1.0710000000000002,42.857000000000006,-2.975,47.277,3.791,43.843,7.587562981616694,2.9961736859441306,14.685653605207287,10.0,10,29.886000000000003
6,-0.663,44.353,-3.043,47.175,3.689,43.435,7.701131345458277,2.694346852853153,15.707829228641158,12.0,10,29.886000000000003
7,-0.357,45.543000000000006,-2.057,47.54900000000001,3.281,43.367,6.781103744966597,2.855883711368255,18.12586944964022,14.0,10,29.886000000000003
8,-0.901,45.611,-0.527,48.467000000000006,3.3150000000000004,42.789,6.855701860495394,3.0693117939096908,21.481154614294457,16.0,10,29.886000000000003
9,-0.119,46.155,2.431,41.701,3.3150000000000004,44.353,2.7954534515888474,2.8821740520871604,3.0821478850269903,18.0,10,29.886000000000003
10,-1.105,45.951,-1.3430000000000002,43.809000000000005,2.635,42.143,4.31277636795603,3.1909298398042525,17.273243763525347,20.0,10,29.886000000000003
11,-0.901,45.98500000000001,,,,,4.31277636795603,3.313802474489438,,22.0,10,29.886000000000003
12,-1.139,45.98500000000001,2.4650000000000003,42.177,0.017,48.161,6.465366192258564,3.317651263589972,8.990894629131962,24.0,10,29.886000000000003
13,-1.105,45.849,2.805,41.973000000000006,-2.8390000000000004,45.067,6.436425405456044,3.2372540841654494,14.144239500771276,26.0,10,29.886000000000003
14,-1.105,45.373000000000005,1.989,41.361,-2.5330000000000004,46.325,6.714892404201277,3.3803229379439736,14.47315943058452,28.0,10,29.886000000000003
15,-1.139,45.271,1.819,41.871,1.785,42.109,0.2404163056034262,3.310055386406616,0.2518674088762789,30.0,10,29.886000000000003
16,-1.173,44.931,1.411,42.109,1.105,41.973000000000006,0.3348611652610676,3.106066862583404,,32.0,10,29.886000000000003
17,0.119,45.237,,,,,0.3348611652610676,2.769177129438533,,34.0,10,29.886000000000003
18,1.037,45.815000000000005,3.4170000000000003,45.271,-1.105,41.667,5.782499459576282,2.379814511711364,17.467802969589748,36.0,10,29.886000000000003
19,0.493,46.223000000000006,3.451,43.741,-0.6970000000000001,41.905,4.536165781802954,2.520427569742456,21.30732377822293,38.0,10,29.886000000000003
20,0.493,45.917,2.737,43.843,-0.051,41.667,3.53665378571327,2.4174850315078764,21.501902578202564,40.0,10,29.886000000000003
21,0.493,45.917,2.2270000000000003,42.279,-1.0710000000000002,42.415000000000006,3.3008029326210924,2.596518556614679,23.53785014593286,42.0,10,29.886000000000003
22,0.255,46.019000000000005,3.145,42.279,-0.255,45.407,4.619998268397945,2.712275258699397,11.273308731413549,44.0,10,29.886000000000003
23,0.187,45.645,1.819,41.327000000000005,-0.425,44.285,3.7128560435330646,3.044050405936607,23.20142821032385,46.0,10,29.886000000000003
24,0.6970000000000001,45.951,0.085,43.061,3.519,43.095000000000006,3.434168312706878,2.7083342901829024,18.89484293015215,48.0,10,29.886000000000003
25,1.0710000000000002,45.577000000000005,0.255,40.307,1.173,41.021,1.162978933601121,3.206539915020161,22.53466976494981,50.0,10,29.886000000000003
26,1.003,45.373000000000005,-1.445,43.809000000000005,-1.377,43.979000000000006,0.1830956034425731,3.253729317433011,22.053259519791904,52.0,10,29.886000000000003
27,1.105,44.727,0.085,39.729000000000006,-3.1790000000000003,45.339000000000006,6.490438814132678,3.249918462985596,8.760287883073552,54.0,10,29.886000000000003
28,0.663,44.693000000000005,,,,,6.490438814132678,3.132972498138319,,56.0,10,29.886000000000003
29,0.799,44.149,-1.819,44.047,-1.139,44.047,0.68,3.576771307017163,21.96068406239316,58.0,10,29.886000000000003
30,0.8330000000000001,44.149,-1.6150000000000002,43.945,-0.969,43.945,0.646,3.4626962769256004,20.437729384176222,60.0,10,29.886000000000003
31,0.799,44.115,-1.649,43.911,0.323,39.185,5.120923744794489,3.433386668759346,19.855491545222232,62.0,10,29.886000000000003
32,0.493,43.673,-0.493,39.661,-0.255,38.097,1.5820050568819306,3.6288456616083016,2.266081574218853,64.0,10,29.886000000000003
33,0.561,43.29900000000001,0.085,39.389,-0.561,37.791,1.7236356923665743,3.187444434979653,2.0527445542043075,66.0,10,29.886000000000003
34,0.255,43.605,-0.255,42.857000000000006,0.323,37.757000000000005,5.132648828821236,2.909483512747032,20.42670583240325,68.0,10,29.886000000000003
35,0.221,43.503,-0.459,41.259,-0.493,37.689,3.5701619010907617,3.3604173920216915,23.45061474283182,70.0,10,29.886000000000003
36,0.323,44.217000000000006,-2.737,43.877,0.425,36.839000000000006,7.715678064823598,3.354658028889048,15.439164589666293,72.0,10,29.886000000000003
37,0.425,43.639,-0.425,36.261,-0.357,36.125,0.1520526224699857,3.668850644712456,0.1640699415872338,74.0,10,29.886000000000003
38,0.357,41.973000000000006,-0.459,48.263000000000005,0.459,34.697,13.597024674538178,4.022657160687999,19.53518848474967,76.0,10,29.886000000000003
39,0.289,42.075,-1.6150000000000002,47.719,0.119,35.207,12.631583432016749,3.6630949958762993,18.59878986600645,78.0,10,29.886000000000003
40,0.051,39.933,-1.751,45.271,0.6970000000000001,35.139,10.423537211522776,3.713790291618953,13.852140800564664,80.0,10,29.886000000000003
41,0.289,39.559000000000005,-0.425,46.087,-0.221,32.997,13.091589513882568,4.007371822676391,15.113288557068016,82.0,10,29.886000000000003
42,0.017,37.757000000000005,-0.085,46.563,-0.561,31.433000000000003,15.13748578859779,4.95082984096003,18.13216435090701,84.0,10,29.886000000000003
43,0.119,38.199000000000005,-1.683,46.733,-0.527,30.889000000000003,15.886115698936605,4.212363111328664,20.477394078117666,86.0,10,29.886000000000003
44,0.323,38.165000000000006,-2.023,48.127,-0.017,29.223000000000003,19.010135507144604,5.507432856489934,22.76238388132932,88.0,10,29.886000000000003
45,0.119,36.975,-1.989,47.821000000000005,-0.5950000000000001,26.911,20.95641515145184,5.676906269286958,24.238088413100257,90.0,10,29.886000000000003
46,-0.153,37.009,-1.5470000000000002,47.54900000000001,-0.493,27.863000000000003,19.71419569751706,5.821050893489352,22.656703685749854,92.0,10,29.886000000000003
47,0.119,35.275000000000006,-1.6150000000000002,47.855,-0.391,27.761000000000003,20.13124467090895,6.141628515209575,23.39387721164088,94.0,10,29.886000000000003
48,0.221,34.629000000000005,1.411,45.135000000000005,0.663,24.939,20.20984710481502,6.271036498222738,22.17583021865135,96.0,10,29.886000000000003
49,-0.017,33.949000000000005,-0.051,46.019000000000005,0.629,27.421000000000003,18.61042729224668,5.825953605520995,21.404560614828156,98.0,10,29.886000000000003
50,-0.119,33.473,1.275,45.067,0.425,24.395000000000003,20.689467948693125,6.105189288399747,21.95083534937372,100.0,10,29.886000000000003
51,-0.153,32.181000000000004,-1.173,46.86900000000001,0.8330000000000001,22.525,24.426509615579548,7.365617597665272,26.55430037850977,102.0,10,29.886000000000003
52,-0.051,31.110000000000003,,,,,24.426509615579548,5.872710994974534,,104.0,10,29.886000000000003
53,-0.323,30.566000000000003,-0.527,40.477,0.799,22.967,17.560135990361808,5.547213752854528,19.308821250338152,106.0,10,29.886000000000003
54,-0.323,29.223000000000003,-0.493,35.037,0.255,19.839,15.21639602534056,6.582644319137297,15.57730217907477,108.0,10,29.886000000000003
55,-0.289,29.138,-2.2950000000000004,42.823,0.799,20.723000000000003,22.315529032492147,6.340327484022199,24.50865374172024,110.0,10,29.886000000000003
56,-0.272,28.747000000000003,-0.527,43.027,-0.051,18.173,24.85855772163784,7.042081103471914,25.80300878251419,112.0,10,29.886000000000003
57,-0.085,28.169,0.8670000000000001,42.925,-0.255,16.473000000000003,26.47578493642823,7.645496725126043,27.961200027561503,114.0,10,29.886000000000003
58,-0.187,28.067000000000004,1.955,42.789,0.799,16.949,25.8658449697666,7.648796703328895,28.15490049266923,116.0,10,29.886000000000003
59,-0.119,27.965000000000003,2.567,42.347,-0.5950000000000001,14.977,27.552044279871502,7.8027736194961665,29.72660714725936,118.0,10,29.886000000000003
60,-0.085,27.557,0.493,40.545,-0.629,17.595000000000002,22.97741029794263,7.151173182077603,24.927354303139992,120.0,10,29.886000000000003
61,0.051,27.863000000000003,1.785,41.871,0.221,17.187,24.733498579861283,7.265947402531716,26.80130150987157,122.0,10,29.886000000000003
62,0.017,27.965000000000003,1.003,42.143,-0.6970000000000001,18.445,23.75889736498729,7.344542695426195,27.05427951362367,124.0,10,29.886000000000003
63,-0.017,28.237,0.119,42.517,-0.221,18.037000000000003,24.48236099725678,7.248729492605708,27.06977007965564,126.0,10,29.886000000000003
64,-0.119,27.795,0.425,43.639,-0.6970000000000001,17.357000000000003,26.30593864510445,7.646359453805957,27.77886755968196,128.0,10,29.886000000000003
65,0.017,26.639000000000003,-0.493,34.901,-0.425,14.773,20.12811486453712,7.030397599844192,21.53091628252419,130.0,10,29.886000000000003
66,-0.017,26.724,0.629,34.765,-0.527,17.119,17.68382458632747,7.152273000402681,19.18058538930444,132.0,10,29.886000000000003
67,-0.051,26.911,0.663,34.901,0.7310000000000001,16.065,18.836122743282388,7.025072403161365,19.550252085008204,134.0,10,29.886000000000003
68,-0.017,26.571,0.5950000000000001,34.867000000000004,0.5950000000000001,15.249,19.618,6.991098431042408,20.35518162235096,136.0,10,29.886000000000003
69,0.085,25.347,0.187,34.799,0.799,15.351,19.457626987893462,5.678452707172657,21.16835827828388,138.0,10,29.886000000000003
70,0.119,25.789,0.5950000000000001,34.731,0.357,17.255000000000003,17.477620547431506,5.186699796980213,20.087848650384625,140.0,10,29.886000000000003
71,-0.085,26.435,-0.357,34.697,-0.5950000000000001,18.343,16.355731717046474,4.722843611122898,21.572436852907597,142.0,10,29.886000000000003
72,-0.051,26.163,-0.255,34.323,-0.629,18.411,15.916394692266213,4.838625827359778,19.288850383908308,144.0,10,29.886000000000003
73,0.187,24.463,-0.187,32.589000000000006,-0.391,16.303,16.28727761168207,4.477190232807903,18.98639433831425,146.0,10,29.886000000000003
74,0.051,23.307,-0.357,32.997,-0.187,15.861,17.136843233221224,5.227109658605277,20.99338073444264,148.0,10,29.886000000000003
75,-0.017,22.933000000000003,-0.221,32.725,-0.7310000000000001,16.609,16.12406760094983,5.032075151877836,20.79024425766554,150.0,10,29.886000000000003
76,0.187,23.987,,,,,16.12406760094983,5.249346427154594,,152.0,10,29.886000000000003
77,-0.017,22.797,-0.527,29.903,-0.493,14.569,15.334037693966977,5.658826826034954,18.05288983589234,154.0,10,29.886000000000003
78,0.119,22.542,-0.527,33.235,-0.7310000000000001,12.869000000000002,20.367021677211422,6.348149888504368,23.883883776918285,156.0,10,29.886000000000003
79,-0.051,20.519,-0.187,29.665000000000003,0.493,11.849,17.82897237644391,6.206986094943957,18.90064335332435,158.0,10,29.886000000000003
80,-0.187,20.111,0.221,32.623000000000005,0.5950000000000001,10.557,22.069169263930167,6.064547054660983,23.81720739552231,160.0,10,29.886000000000003
81,0.153,17.935000000000002,0.323,28.747000000000003,0.425,9.197,19.550266085145747,6.520440473707049,20.40898716526814,162.0,10,29.886000000000003
82,0.323,17.663,0.255,29.053,-0.765,10.183000000000002,18.89754745992188,5.495757453556662,22.15852306921789,164.0,10,29.886000000000003
83,-0.051,17.697000000000003,0.493,29.597,-0.765,10.183000000000002,19.45471562372476,6.007158238208938,23.055792566066348,166.0,10,29.886000000000003
84,0.119,17.748,0.425,29.155,-0.663,10.047,19.13895002344695,5.596286739467786,21.54102614324195,168.0,10,29.886000000000003
85,-0.153,16.677,0.017,29.665000000000003,-0.527,7.565,22.10669437071043,6.410484909264123,24.451313602201072,170.0,10,29.886000000000003
86,-0.153,15.419,-0.051,28.543000000000003,-0.765,6.987,21.567821679529903,6.116258597179895,23.28320822079692,172.0,10,29.886000000000003
87,-0.221,15.419,0.8330000000000001,27.421000000000003,0.527,6.545000000000001,20.878242550559666,5.985122991457402,23.147891090027343,174.0,10,29.886000000000003
88,-0.119,15.317000000000002,0.935,26.401000000000003,-0.017,5.355,21.06752049957469,6.51140144826971,23.96406355843493,176.0,10,29.886000000000003
89,0.051,14.807,0.629,25.211,0.323,4.267,20.94623527032961,6.292346878072433,24.247447800922878,178.0,10,29.886000000000003
90,0.017,14.875000000000002,0.051,25.755000000000003,-0.017,4.947,20.80811111081446,6.048520393398671,23.0982576574816,180.0,10,29.886000000000003
91,0.153,14.807,0.969,24.463,-0.765,4.097,20.4396847333808,6.802227827479808,26.42692511426262,182.0,10,29.886000000000003
92,0.153,12.937,0.391,23.987,-0.459,5.117,18.88913444284836,5.576064655328527,22.325068045892337,184.0,10,29.886000000000003
93,-0.119,12.665,0.561,23.103,-0.663,2.431,20.70820513709481,6.525358336418774,25.26835001984344,186.0,10,29.886000000000003
94,-0.255,10.353000000000002,0.459,23.511000000000003,-0.153,1.683,21.83657775385145,6.211096732890641,23.617542638894857,188.0,10,29.886000000000003
95,-0.323,10.251,-0.425,22.253,-0.493,1.513,20.74011147511025,6.131765372554097,22.164212782113967,190.0,10,29.886000000000003
96,-0.255,10.013,0.969,21.505000000000003,-0.799,0.493,21.08625068616989,6.516321832469804,24.44473416846503,192.0,10,29.886000000000003
97,-0.187,9.639,0.6970000000000001,22.185,-0.255,-1.989,24.192738166648272,7.511870221964426,26.930476177660665,194.0,10,29.886000000000003
98,-0.119,8.313,0.935,22.253,-0.6970000000000001,-1.6150000000000002,23.923729809542657,7.463832039052441,27.203542337814174,196.0,10,29.886000000000003
99,-0.051,8.143,0.8330000000000001,22.117,-0.119,-2.499,24.634401961484677,7.420310784147342,27.119929669562808,198.0,10,29.886000000000003
100,-0.017,8.177000000000001,0.765,22.219,-0.017,-1.989,24.220627324658626,7.262744662874573,26.23771963145855,200.0,10,29.886000000000003
101,-0.051,8.109,0.8330000000000001,20.859,-0.085,-3.043,23.91962223781973,7.366130552417208,27.88350754311797,202.0,10,29.886000000000003
102,-0.153,7.293,-0.119,20.553,0.561,-2.2270000000000003,22.790146993821697,6.504621588152296,24.275862984221835,204.0,10,29.886000000000003
103,0.255,6.9190000000000005,-0.5950000000000001,18.581000000000003,-0.357,-3.2470000000000003,21.829297469226997,6.2519792177691205,24.27976874489614,206.0,10,29.886000000000003
104,0.17,4.131,-0.051,14.773,-0.7310000000000001,-3.451,18.236682154383235,5.33191894743521,21.913543018650817,208.0,10,29.886000000000003
105,-0.051,4.097,-0.6970000000000001,12.937,-0.8670000000000001,-4.131,17.068846592549832,5.1687550495745285,20.77872296128718,210.0,10,29.886000000000003
106,0.017,4.301,0.221,13.005,-0.765,-3.349,16.383696530392644,4.875471707787,21.049700703414608,212.0,10,29.886000000000003
107,0.153,4.2330000000000005,0.629,13.617,-0.6970000000000001,-4.131,17.797465549903446,5.028538192290497,21.44062627052098,214.0,10,29.886000000000003
108,0.085,3.519,-0.221,14.501,-0.221,-6.171,20.672,5.971179124552025,23.71739572483406,216.0,10,29.886000000000003
109,-0.051,2.8390000000000004,-0.5950000000000001,14.807,0.561,-7.973000000000001,22.80931248415875,6.237814863131922,25.702512674373395,218.0,10,29.886000000000003
110,-0.187,0.6970000000000001,0.561,12.155,-0.017,-8.687000000000001,20.850013141482677,7.142920447374946,22.034957680601902,220.0,10,29.886000000000003
111,-0.255,0.7310000000000001,-0.6970000000000001,15.045000000000002,-0.663,-7.905,22.95002518517137,6.531543423800712,24.30591352761457,222.0,10,29.886000000000003
112,-0.391,0.765,-0.663,14.433000000000002,-0.8670000000000001,-8.041,22.47492585082318,6.555357457690826,23.38233226736676,224.0,10,29.886000000000003
113,-0.357,1.819,-0.629,13.957,-0.8670000000000001,-6.477,20.435385976291226,5.816843611182803,21.344016471803283,226.0,10,29.886000000000003
114,0.085,0.119,0.7310000000000001,15.317000000000002,0.459,-8.109,23.427579046926727,7.016748494175723,25.865778563050043,228.0,10,29.886000000000003
115,-0.17,0.391,0.255,14.501,0.289,-10.285,24.786023319604944,7.293391230268887,26.404710242232937,230.0,10,29.886000000000003
116,0.017,-0.459,0.629,14.399,0.493,-10.965000000000002,25.364364608639423,7.188237277192915,26.22480999896659,232.0,10,29.886000000000003
117,-0.051,-0.289,0.799,14.841,0.561,-11.067,25.909093152790973,7.863184824043728,27.12155354813428,234.0,10,29.886000000000003
118,-0.119,-0.425,0.799,14.739,0.391,-11.305,26.04719562640094,7.704397754324495,27.216460140009936,236.0,10,29.886000000000003
119,-0.187,-1.0710000000000002,0.7310000000000001,14.943,0.221,-11.747000000000002,26.69487216676641,8.021246978356656,27.883020730882578,238.0,10,29.886000000000003
120,-0.289,-0.7310000000000001,0.765,10.625,0.493,-8.585,19.21192556720955,6.355868209588607,22.843949519889343,240.0,10,29.886000000000003
121,-0.017,-0.221,-0.119,11.407,0.459,-9.095,20.51014597705243,6.239338172542284,22.35664594304083,242.0,10,29.886000000000003
122,-0.391,-1.479,-0.765,11.407,0.5950000000000001,-10.863,22.311488072291368,6.93057166316513,23.96397406910889,244.0,10,29.886000000000003
123,-0.323,-1.241,0.425,9.571000000000002,0.323,-9.775,19.346268890925717,5.9210391804922535,22.281614433924627,246.0,10,29.886000000000003
124,-0.323,-1.394,,,,,19.346268890925717,5.162790712114261,,248.0,10,29.886000000000003
125,-0.357,-2.992,-0.323,6.035,0.663,-8.585,14.653211115656529,4.7612640646263165,16.871229568943658,250.0,10,29.886000000000003
126,-0.459,-2.975,-0.119,6.069000000000001,0.561,-10.251,16.334160523271468,4.13540007091622,20.49180523792677,252.0,10,29.886000000000003
127,-0.289,-2.8390000000000004,0.153,5.627000000000001,-0.391,-9.741,15.37762530431796,3.881694880767239,19.768767425927987,254.0,10,29.886000000000003
128,-0.289,-3.349,-0.663,-0.629,0.459,-11.849,11.27596044689764,4.882288880955865,13.168604344865471,256.0,10,29.886000000000003
129,-0.425,-5.253,-0.323,2.397,-0.527,-12.971,15.369353922660512,4.498577992466895,16.257961750726313,258.0,10,29.886000000000003
130,-0.357,-4.199000000000001,-0.391,1.037,-0.969,-9.639,10.69163504801768,3.5865513944041063,11.396080087562344,260.0,10,29.886000000000003
131,-0.153,-3.043,-0.391,-0.119,0.153,-9.843,9.739204895678087,3.522645902642921,13.96810477790888,262.0,10,29.886000000000003
132,0.051,-1.887,-0.187,-0.969,-0.493,-3.4850000000000003,2.534539800437152,4.670766283523944,6.09880642719621,264.0,10,29.886000000000003
133,-0.289,-3.519,0.561,1.445,0.629,-10.863,12.30818784387044,4.104102940315935,13.4917208655389,266.0,10,29.886000000000003
134,-0.289,-2.3800000000000003,-0.459,3.4170000000000003,-0.969,-9.843,13.26980406788284,5.851112223843841,14.61185339965461,268.0,10,29.886000000000003
135,-0.017,-4.284000000000001,0.561,3.655,0.255,-11.033,14.691187154209151,4.370269949975934,15.97337083912172,270.0,10,29.886000000000003
136,-0.017,-3.4170000000000003,0.561,5.593,-0.017,-8.619,14.223748732313856,4.634732441231694,18.66872914930232,272.0,10,29.886000000000003
137,0.119,-2.822,0.527,6.069000000000001,-0.187,-4.947,11.039114638411906,5.064633483252141,13.107565797317283,274.0,10,29.886000000000003
138,0.051,-2.9410000000000003,0.459,6.7490000000000006,-0.527,-5.1850000000000005,11.974662918011513,5.743261348441872,13.753826135686072,276.0,10,29.886000000000003
139,0.017,-5.049,0.323,6.477,0.085,-12.461,18.93949545262492,5.352538672351735,20.81815907736047,278.0,10,29.886000000000003
140,0.051,-4.743,-0.153,5.117,0.153,-11.271,16.39085659750582,4.510078040304252,18.77638505436866,280.0,10,29.886000000000003
141,-0.017,-4.7090000000000005,-0.187,4.879,0.5950000000000001,-11.747000000000002,16.644380433047065,4.658061797133622,19.380190747197396,282.0,10,29.886000000000003
142,-0.153,-4.913,-0.391,-0.969,0.391,-13.073,12.12923493053045,5.325044877758026,13.33089467142119,284.0,10,29.886000000000003
143,-0.051,-5.525,0.153,-1.377,0.561,-15.079,13.70807309580745,5.61490622746216,14.918437741545103,286.0,10,29.886000000000003
144,-0.085,-6.7490000000000006,0.051,5.9670000000000005,0.493,-15.215000000000002,21.186611055097984,6.27683327433167,24.417834998363716,288.0,10,29.886000000000003
145,0.085,-7.225,-0.629,5.9670000000000005,0.221,-17.085,23.06766576834336,6.586073847884354,25.03359232303399,290.0,10,29.886000000000003
146,0.289,-7.157000000000001,0.493,4.743,-0.221,-17.765,22.51932192584848,6.687712613866515,24.84664522704603,292.0,10,29.886000000000003
147,0.153,-7.055000000000001,0.323,5.151000000000001,-0.969,-16.269000000000002,21.45892970303971,6.495328225062574,24.858322629013998,294.0,10,29.886000000000003
148,0.017,-6.851000000000001,-0.119,4.505,-1.003,-16.235,20.758830795591543,6.152548517058912,24.014941835127907,296.0,10,29.886000000000003
149,0.119,-7.871,-0.017,4.743,-0.119,-19.329,24.07221610072492,7.072753142904923,26.907419725752096,298.0,10,29.886000000000003
150,-0.255,-9.503,-0.6970000000000001,3.893,-0.935,-17.323,21.217334893902205,6.218489742809298,24.026408538479977,300.0,10,29.886000000000003
151,-0.187,-10.217,0.051,1.5470000000000002,-1.003,-17.663,19.2388933153651,5.658049520093182,22.83351045132484,302.0,10,29.886000000000003
152,-0.153,-9.639,-0.459,2.2270000000000003,-0.8330000000000001,-19.805,22.035174154065587,6.367633690193751,24.703759073376915,304.0,10,29.886000000000003
153,-0.017,-9.639,-0.391,1.887,0.561,-19.499,21.407178702482025,6.301031067431691,24.134711187086232,306.0,10,29.886000000000003
154,0.119,-10.965000000000002,-0.187,1.751,-0.085,-21.437,23.188224339090738,6.988185589722402,26.717095443515703,308.0,10,29.886000000000003
155,0.119,-11.169,-0.799,0.6970000000000001,-0.935,-21.233,21.930421701371817,6.449304212352922,24.10868592620475,310.0,10,29.886000000000003
156,0.051,-11.441,0.323,-1.241,-1.003,-21.641,20.443049576812165,6.402923801947047,25.137310790473038,312.0,10,29.886000000000003
157,-0.221,-12.767,0.425,-2.2270000000000003,-1.003,-21.233,19.059570299458485,5.524335005977248,22.9574105177502,314.0,10,29.886000000000003
158,-0.221,-12.495,0.6970000000000001,-3.723,-1.003,-21.029,17.389296593019512,5.595249248484547,22.44163966874784,316.0,10,29.886000000000003
159,-0.051,-13.243,0.391,-3.281,-1.003,-20.451,17.226495174584993,4.76308253370452,20.69130494524712,318.0,10,29.886000000000003
160,-0.017,-13.311000000000002,0.391,-4.199000000000001,-1.003,-22.865,18.7179804466187,5.007918428771139,22.219910551471894,320.0,10,29.886000000000003
161,-0.153,-16.881,0.323,-3.655,-0.629,-25.211,21.57701184130926,6.242233003354341,23.881962386000872,322.0,10,29.886000000000003
162,-0.051,-17.017,-0.187,-6.477,-1.003,-24.361,17.902606290705275,5.129150685290486,20.968038284103475,324.0,10,29.886000000000003
163,-0.391,-17.391000000000002,0.425,-7.769,-1.0710000000000002,-24.429,16.727032492346037,5.023731291231714,20.830690134736216,326.0,10,29.886000000000003
164,-0.357,-17.629,0.289,-8.075000000000001,-1.0710000000000002,-25.143,17.122097535056856,5.415191525443208,21.569361079850896,328.0,10,29.886000000000003
165,-0.493,-17.731,0.391,-7.395,-1.0710000000000002,-25.313,17.977546217434682,5.182253647866867,20.89699020226223,330.0,10,29.886000000000003
166,-0.425,-18.037000000000003,0.255,-6.477,-1.037,-27.591,21.153492855790983,5.909575176770296,23.212972039961876,332.0,10,29.886000000000003
167,-0.187,-18.683,0.187,-6.239000000000001,-0.153,-28.441000000000003,22.204603216450412,6.298320649792272,23.40251672583524,334.0,10,29.886000000000003
168,-0.153,-18.819000000000003,-0.017,-6.545000000000001,-0.493,-28.713,22.173109840525303,6.2710486128463145,23.61216993867146,336.0,10,29.886000000000003
169,-0.187,-18.853,0.221,-6.511,0.153,-28.577,22.0661047763306,6.148676659525388,23.83200332239191,338.0,10,29.886000000000003
170,-0.221,-18.445,0.289,-4.777,0.051,-28.781,24.00517985768905,6.941171181977436,25.01176829301515,340.0,10,29.886000000000003
171,-0.085,-19.499,0.459,-4.777,-0.391,-30.821,26.057867065437264,7.229670516501876,26.94040857719951,342.0,10,29.886000000000003
172,0.085,-19.72,-0.391,-5.9670000000000005,-1.241,-30.005000000000003,24.05302359371894,7.300987377421325,26.71938642875181,344.0,10,29.886000000000003
173,-0.017,-19.669,0.051,-5.831,-1.241,-29.869000000000003,24.072696317612618,7.255586067505418,26.56119047172546,346.0,10,29.886000000000003
174,-0.085,-19.533,-0.8670000000000001,-5.287000000000001,-1.207,-29.937,24.65234471607113,7.380782325754636,26.885086253171437,348.0,10,29.886000000000003
175,0.017,-19.737,-0.493,-5.117,-1.207,-32.453,27.345323037038717,7.995025912819843,29.15573136648842,350.0,10,29.886000000000003
176,-0.119,-21.777,-0.8670000000000001,-5.321000000000001,-0.799,-31.671000000000003,26.3500877417894,7.474065009968887,27.18415229855527,352.0,10,29.886000000000003
177,-0.255,-21.573,-0.5950000000000001,-8.721,-0.765,-32.113,23.39261772440186,6.78634722516449,25.2117705391112,354.0,10,29.886000000000003
178,-0.357,-21.318,-0.459,-8.857000000000001,-1.105,-30.651000000000003,21.803572000935997,6.530774488984626,24.82217477958224,356.0,10,29.886000000000003
179,-0.629,-23.375,0.527,-10.455,-1.139,-32.351,21.95928896845251,7.24855129678696,23.213112335826967,358.0,10,29.886000000000003
180,-0.5950000000000001,-23.885,-0.119,-9.061,-1.139,-32.181000000000004,23.142489062328625,6.857652141108322,24.662198894938037,360.0,10,29.886000000000003
181,-0.629,-23.715000000000003,0.323,-10.727,-1.003,-33.099000000000004,22.411261901106776,6.803078029467508,25.21676300709683,362.0,10,29.886000000000003
182,-0.459,-23.987,0.459,-10.659,-1.139,-32.929,22.327259213795145,6.914212827135745,24.600171582368883,364.0,10,29.886000000000003
183,-0.391,-23.817,0.663,-11.713,-0.221,-34.153000000000006,22.45740537105745,6.795278078825807,25.09282766778506,366.0,10,29.886000000000003
184,-0.493,-24.055000000000003,0.493,-11.441,-0.663,-35.785000000000004,24.37143147211505,7.145602672874513,27.024093172520523,368.0,10,29.886000000000003
185,-0.459,-25.585,0.629,-11.543,-0.119,-35.445,23.91370126099262,7.340203085951398,26.3744223360307,370.0,10,29.886000000000003
186,-0.425,-25.993,0.561,-12.801,-1.207,-34.187000000000005,21.45895663819656,6.859764873052698,24.385977808758465,372.0,10,29.886000000000003
187,-0.527,-26.061000000000003,-0.935,-13.243,-1.0710000000000002,-33.983000000000004,20.740445896846097,6.5238404522065965,22.093334165681508,374.0,10,29.886000000000003
188,-0.663,-25.041,-0.459,-12.903,-1.173,-34.187000000000005,21.295972670906583,6.520764071039822,23.43644472285047,376.0,10,29.886000000000003
189,-0.629,-24.735000000000003,-0.629,-13.209,-1.173,-34.561,21.35892881209168,6.5423840540018166,23.780476514310823,378.0,10,29.886000000000003
190,-0.255,-25.143,-0.7310000000000001,-14.773,-1.207,-35.275000000000006,20.50752496036516,6.294119719166731,24.97404648114149,380.0,10,29.886000000000003
191,-0.289,-27.047,-0.425,-14.195,-1.207,-36.533,22.351683784448998,7.152006261229068,27.22526847374395,382.0,10,29.886000000000003
192,-0.425,-28.169,-0.901,-16.881,-0.629,-36.465,19.585888797805428,5.756276302011601,22.37620007602594,384.0,10,29.886000000000003
193,-0.357,-27.931,0.391,-19.329,-1.0710000000000002,-37.689,18.418117276203887,5.646905139685206,21.02540855712665,386.0,10,29.886000000000003
194,-0.561,-29.495,0.561,-19.261000000000003,-1.3090000000000002,-38.097,18.928597306720853,6.672426348400245,20.87384240607213,388.0,10,29.886000000000003
195,-0.255,-29.801,0.527,-19.805,0.187,-37.417,17.615281547565456,5.339846964011802,21.623205536506624,390.0,10,29.886000000000003
196,-0.357,-30.243,-0.051,-19.703000000000003,-0.7310000000000001,-40.579,20.88707198244886,5.85130629547815,23.85783663913025,392.0,10,29.886000000000003
197,-0.255,-32.249,-0.459,-18.785,0.425,-40.885000000000005,22.11767293365195,6.49904030265496,24.11278378502777,394.0,10,29.886000000000003
198,-0.051,-32.929,-1.037,-22.457,0.6970000000000001,-43.775000000000006,21.388405270145785,7.348989568986975,23.24996026262823,396.0,10,29.886000000000003
199,-0.187,-33.303000000000004,-0.391,-19.329,1.105,-44.523,25.23837657219656,6.979334910662981,26.941386625005556,398.0,10,29.886000000000003
200,-0.187,-34.357,0.459,-20.111,-0.085,-43.707,23.60227006031412,7.194927302912799,25.250247588405117,400.0,10,29.886000000000003
201,-0.391,-34.459,0.493,-22.219,-0.527,-42.075,19.882181369256244,6.070287464717339,22.8952626735486,402.0,10,29.886000000000003
202,-0.255,-34.357,0.459,-22.525,-0.085,-43.843,21.324939859235243,6.252099392982724,24.329215670075,404.0,10,29.886000000000003
203,-0.493,-35.819,-0.799,-22.559,-1.377,-46.291,23.73903763845536,7.030022458552389,28.40864053930167,406.0,10,29.886000000000003
204,-0.765,-37.026,-0.8330000000000001,-21.539,-1.173,-44.829,23.2924816196128,7.235399122748203,26.76689954256171,408.0,10,29.886000000000003
205,-0.6970000000000001,-37.179,-1.003,-21.199,-2.737,-47.753,26.61055564996718,7.899628451663023,29.652269140481906,410.0,10,29.886000000000003
206,-0.765,-37.451,-1.037,-25.381,0.391,-46.631,21.29792675355984,6.223563094900236,22.973341041260824,412.0,10,29.886000000000003
207,-0.765,-37.825,-1.037,-27.829,-0.459,-47.889,20.06832539102353,6.360315701559934,21.015295894025726,414.0,10,29.886000000000003
208,-0.5950000000000001,-38.318000000000005,-0.017,-24.463,0.901,-46.937000000000005,22.492741051281413,6.338907622035606,24.634477950424333,416.0,10,29.886000000000003
209,-0.187,-38.403000000000006,-0.221,-27.999,0.459,-48.093,20.105502629877225,6.191178700702559,24.6063011698226,418.0,10,29.886000000000003
210,-0.051,-39.491,-0.017,-27.931,0.5950000000000001,-47.957,20.035349260744123,5.953314671678964,24.307639622042437,420.0,10,29.886000000000003
211,-0.051,-39.287000000000006,-0.561,-27.081000000000003,0.255,-48.195,21.129762232453068,5.967108631553624,25.100351077842305,422.0,10,29.886000000000003
212,0.119,-40.205000000000005,-0.765,-26.911,1.887,-46.903000000000006,20.167130881709475,6.599585973260975,24.352397278737136,424.0,10,29.886000000000003
213,0.357,-41.021,-1.105,-30.413000000000004,-0.391,-47.617,17.218809831112022,5.215870431988656,23.13239082667305,426.0,10,29.886000000000003
214,-0.017,-41.191,-0.561,-30.583,-3.213,-47.277,16.90333517386436,5.336701816937901,26.746891762674096,428.0,10,29.886000000000003
215,-0.017,-42.687000000000005,-0.8670000000000001,-30.481,2.1590000000000003,-42.143,12.048191565542108,5.596507574716189,14.45295904990412,430.0,10,29.886000000000003
216,0.221,-42.925,-1.173,-30.175,2.329,-42.109,12.437216730442548,5.564010321893367,14.853902480061072,432.0,10,29.886000000000003
217,-0.017,-42.109,-1.105,-30.039,2.397,-42.143,12.600429357763966,5.774125736071689,14.764584780737732,434.0,10,29.886000000000003
218,0.255,-44.081,-3.791,-46.631,2.2950000000000004,-42.449000000000005,7.384342895613665,5.573800482895782,11.130500124694978,436.0,10,29.886000000000003
219,-0.085,-43.877,-3.451,-46.903000000000006,-0.289,-32.657000000000004,14.592695432989755,5.061916827496636,21.168306721735227,438.0,10,29.886000000000003
220,-0.119,-44.183,-2.601,-46.121,-0.323,-34.221000000000004,12.116075437203255,4.921927267264565,22.361597799119423,440.0,10,29.886000000000003
221,-0.153,-43.265,,,,,12.116075437203255,4.762892942730085,,442.0,10,29.886000000000003
222,-0.051,-43.401,2.1590000000000003,-46.971,0.051,-36.397000000000006,10.782074939453908,4.547352552814334,14.451011089904052,444.0,10,29.886000000000003
223,-0.221,-43.775000000000006,-4.199000000000001,-45.917,0.017,-36.397000000000006,10.411774872710224,4.719518732152826,22.10782474990861,446.0,10,29.886000000000003
224,-0.323,-43.231,0.221,-36.159000000000006,2.397,-42.109,6.335414430011663,4.965666767585451,9.385679100093704,448.0,10,29.886000000000003
225,-0.187,-42.857000000000006,-1.037,-34.833000000000006,-4.199000000000001,-45.849,11.46082457766456,4.219749828083325,25.462184220745087,450.0,10,29.886000000000003
226,-0.357,-42.857000000000006,-1.207,-35.785000000000004,-4.267,-45.577000000000005,10.258989423915008,4.106925390088807,25.41939194815279,452.0,10,29.886000000000003
227,-0.187,-44.557,-0.425,-33.541000000000004,-4.267,-45.577000000000005,12.63432863273708,4.648442053399131,25.016046591938384,454.0,10,29.886000000000003
228,0.136,-44.761,-0.561,-36.125,-4.369000000000001,-44.761,9.438292218404769,3.92407012984613,24.005345741354677,456.0,10,29.886000000000003
229,-0.7310000000000001,-44.319,-0.8330000000000001,-36.023,-2.975,-43.469,7.747972638051841,3.497045881461589,25.08016415466965,458.0,10,29.886000000000003
230,0.051,-44.897000000000006,-0.6970000000000001,-37.451,-4.4030000000000005,-45.475,8.83849602590848,3.375631077330388,18.406318242826234,460.0,10,29.886000000000003
231,-0.085,-43.809000000000005,-0.799,-37.383,-2.7710000000000004,-46.903000000000006,9.722097716028165,3.2447634105410934,20.496965650868127,462.0,10,29.886000000000003
232,-0.051,-44.285,2.125,-42.313,-3.145,-47.345000000000006,7.286557760698807,3.285678226217389,12.731808374106548,464.0,10,29.886000000000003
233,-0.187,-44.183,-0.8670000000000001,-37.213,-2.873,-47.515,10.495486649031577,3.201706763801124,20.123097489616686,466.0,10,29.886000000000003
234,-0.289,-44.251000000000005,-1.139,-36.431,-2.499,-47.379000000000005,11.032148657446564,3.2597981960876408,20.52891884208711,468.0,10,29.886000000000003
235,-0.357,-43.911,-0.969,-36.091,-2.805,-47.651,11.704891968745375,3.4039827946559456,21.79742112297238,470.0,10,29.886000000000003
236,-0.8670000000000001,-43.775000000000006,-0.663,-36.329,-2.635,-47.787000000000006,11.626458962212013,3.4331039218486774,21.72043336032617,472.0,10,29.886000000000003
237,-1.207,-43.367,2.601,-42.381,-2.567,-46.801,6.800339991500425,3.5478975823696293,15.268942360685536,474.0,10,29.886000000000003
238,-0.765,-43.503,2.601,-42.415000000000006,-3.4170000000000003,-47.277,7.736625104010146,3.1029311704627167,16.800151163925438,476.0,10,29.886000000000003
239,-1.037,-43.367,2.7030000000000003,-43.231,-3.3150000000000004,-47.243,7.232735858580763,2.828965266232571,16.615785446905473,478.0,10,29.886000000000003
240,-0.221,-43.231,-0.935,-40.341,-3.723,-46.835,7.06717623948915,2.828421364438972,14.97056776954418,480.0,10,29.886000000000003
241,0.085,-43.673,-1.411,-40.851000000000006,-3.927000000000001,-46.529,6.210470191539447,2.807887640896276,14.262075610630118,482.0,10,29.886000000000003
242,0.289,-44.251000000000005,1.751,-42.415000000000006,-3.859,-46.631,7.01760329457287,2.833149394593059,20.686963422173037,484.0,10,29.886000000000003
243,0.629,-44.319,1.921,-42.415000000000006,-3.757,-46.631,7.072081730296958,2.8434059311922435,22.480351663691973,486.0,10,29.886000000000003
244,0.561,-44.149,1.955,-47.073,-3.4850000000000003,-46.903000000000006,5.442655601817922,2.9210779660269037,6.425045928672569,488.0,10,29.886000000000003
245,0.6970000000000001,-43.843,-3.349,-46.393,-3.519,-46.291,0.1982523644247402,3.0009893833320027,0.5783227209304641,490.0,10,29.886000000000003
246,0.051,-43.877,-3.1790000000000003,-46.42700000000001,1.241,-41.803,6.396700399424692,3.2649551943354376,18.044747032980997,492.0,10,29.886000000000003
247,0.255,-44.353,-3.927000000000001,-46.42700000000001,0.8330000000000001,-42.279,6.313755142543936,3.2121754706683863,18.30118821726349,494.0,10,29.886000000000003
248,0.357,-44.693000000000005,-3.859,-46.019000000000005,-0.6970000000000001,-42.959,4.400209540465091,2.6202205685068813,14.27464804158078,496.0,10,29.886000000000003
249,-0.187,-45.033,-4.369000000000001,-45.203,1.989,-47.107000000000006,6.636970694526232,2.5442472861048726,8.132936460861576,498.0,10,29.886000000000003
250,-0.8670000000000001,-45.135000000000005,-4.505,-44.693000000000005,-2.2950000000000004,-45.815000000000005,2.4785043877306334,2.868715302953403,26.388894744491488,500.0,10,29.886000000000003
251,-0.153,-45.339000000000006,-4.437,-44.965,-2.5330000000000004,-46.019000000000005,2.176265608789515,2.951360815116325,23.722189981447265,502.0,10,29.886000000000003
252,-0.527,-45.169,-3.5530000000000004,-46.597,-1.6150000000000002,-46.529,1.9391926154974912,2.970182822919768,24.84281902436667,504.0,10,29.886000000000003
253,-0.153,-45.509,-3.893,-46.257000000000005,-2.193,-47.277,1.9825236442474024,2.7209228677317827,3.068701678682252,506.0,10,29.886000000000003
254,-0.629,-45.543000000000006,-4.437,-45.135000000000005,-4.267,-45.373000000000005,0.2924790590794493,3.156869029367384,0.5107851248648589,508.0,10,29.886000000000003
255,-0.8670000000000001,-45.645,-4.335,-45.237,1.955,-47.107000000000006,6.562088082310387,2.9588902750297787,7.702529726011074,510.0,10,29.886000000000003
256,0.221,-45.033,-4.063000000000001,-44.591,1.0710000000000002,-43.231,5.311078609849416,3.2268267172755505,19.14196033390785,512.0,10,29.886000000000003
257,-1.513,-44.387,-4.165,-43.843,-1.5470000000000002,-44.115,2.6320919436828194,3.438863263106334,23.318850320149338,514.0,10,29.886000000000003
258,-1.3430000000000002,-45.645,-2.567,-45.577000000000005,1.955,-47.039,4.752465465418975,3.3995198233643404,8.777003781463032,516.0,10,29.886000000000003
259,-1.088,-45.475,-4.063000000000001,-45.203,-0.493,-46.86900000000001,3.939600995024751,3.3071207545257995,26.245134490741687,518.0,10,29.886000000000003
260,0.221,-45.475,-4.301,-45.305,-0.935,-41.905,4.78434488723378,3.248018108016624,16.142653665792736,520.0,10,29.886000000000003
261,0.5950000000000001,-45.067,-2.567,-46.019000000000005,2.091,-42.041,6.125475328494924,3.1226966605712345,13.04188593569034,522.0,10,29.886000000000003
262,0.255,-44.625,-3.825,-44.115,1.3090000000000002,-41.123000000000005,5.942223489570214,3.4183231281310538,17.67023656524664,524.0,10,29.886000000000003
263,0.7310000000000001,-45.135000000000005,-3.043,-44.387,-1.139,-43.129000000000005,2.2820560904587777,2.234435849148495,11.642155632713656,526.0,10,29.886000000000003
264,0.391,-45.373000000000005,-3.723,-42.415000000000006,-1.6150000000000002,-44.251000000000005,2.7954534515888474,2.380192671889662,6.681540898811042,528.0,10,29.886000000000003
265,0.289,-45.101000000000006,-4.199000000000001,-43.367,1.377,-43.945,5.605877273005538,2.3545658590327827,9.418355431987774,530.0,10,29.886000000000003
266,0.187,-45.067,-4.539000000000001,-44.183,2.057,-44.829,6.62755852482647,2.2867550627372686,8.099665657565883,532.0,10,29.886000000000003
267,0.289,-45.135000000000005,-4.335,-45.203,1.785,-44.047,6.228220933781975,2.452454730204761,8.631778198631913,534.0,10,29.886000000000003
268,0.323,-45.475,-4.4030000000000005,-44.965,1.955,-47.107000000000006,6.709122744442824,2.658585260053393,7.690975206434179,536.0,10,29.886000000000003
269,0.8670000000000001,-44.489,1.751,-42.551,1.887,-46.86900000000001,4.320141201396084,2.7217023805224025,6.2763937219635615,538.0,10,29.886000000000003
270,0.255,-44.965,,,,,4.320141201396084,2.458284245067168,,540.0,10,29.886000000000003
271,0.153,-45.237,-3.281,-42.721,0.255,-45.713,4.631993091531982,3.062108277520855,23.05902131551375,542.0,10,29.886000000000003
272,-0.629,-45.373000000000005,-4.199000000000001,-43.537000000000006,0.255,-42.211000000000006,4.647191840240728,2.954510148595117,17.15191180231885,544.0,10,29.886000000000003
273,-0.187,-45.407,-4.369000000000001,-43.639,-0.561,-46.699000000000005,4.885126815140013,2.818935436261285,21.467514018145646,546.0,10,29.886000000000003
274,0.017,-45.713,-4.369000000000001,-43.979000000000006,1.921,-42.415000000000006,6.481527289150297,2.9019653682482534,14.88683905312194,548.0,10,29.886000000000003
275,-0.799,-45.271,-3.757,-42.585,-1.0710000000000002,-42.109,2.727851168960653,3.0469807892209486,18.25162048909695,550.0,10,29.886000000000003
276,-0.5950000000000001,-44.999,-3.757,-42.313,-1.921,-42.109,1.847298568180033,3.3635339927327395,20.71941789410285,552.0,10,29.886000000000003
277,-1.683,-44.149,-1.3430000000000002,-44.455000000000005,1.955,-47.073,4.21078709981875,3.3880469306534624,14.195973063453316,554.0,10,29.886000000000003
278,-0.663,-44.319,-1.989,-42.007000000000005,1.5810000000000002,-42.993,3.703659811591773,3.119420386464543,23.37169613518654,556.0,10,29.886000000000003
279,-0.8330000000000001,-43.503,-1.275,-39.763000000000005,0.289,-42.653000000000006,3.2860608637090096,3.188506413024009,25.177371743687,558.0,10,29.886000000000003
280,-0.493,-43.503,-1.377,-40.273,-1.3090000000000002,-40.783,0.514513362314333,2.6700829327868023,0.6331642490794827,560.0,10,29.886000000000003
281,-0.357,-44.42100000000001,-1.0710000000000002,-39.015,1.513,-44.659000000000006,6.207398166703986,2.736930564876947,24.17078513523693,562.0,10,29.886000000000003
282,-0.799,-43.979000000000006,-0.8670000000000001,-38.675,1.921,-46.903000000000006,8.687515640273691,3.096262804022141,13.485131985831067,564.0,10,29.886000000000003
283,-0.425,-44.183,-1.275,-38.233,1.411,-44.86300000000001,7.1534254731562,2.84145593894752,22.61872274849949,566.0,10,29.886000000000003
284,-1.037,-43.877,-1.207,-37.145,1.989,-47.107000000000006,10.462115464857002,3.199424803795912,13.677113630938337,568.0,10,29.886000000000003
285,-0.323,-43.112,-0.493,-37.009,-0.323,-44.455000000000005,7.447940386442416,2.744766637751445,21.666165138304976,570.0,10,29.886000000000003
286,-0.425,-43.367,0.289,-37.723000000000006,1.887,-46.903000000000006,9.318047220313924,3.309247189607305,13.641011436972343,572.0,10,29.886000000000003
287,-0.323,-43.401,0.425,-36.397000000000006,0.323,-42.041,5.644921611501793,3.200691120600533,19.69787420358149,574.0,10,29.886000000000003
288,-0.6970000000000001,-43.809000000000005,0.425,-34.969,1.717,-45.849,10.956443948654144,3.707666218939966,13.322977800594192,576.0,10,29.886000000000003
289,-0.969,-43.401,0.085,-36.023,0.017,-43.231,7.208320747580535,3.6948161295035487,19.855419507524424,578.0,10,29.886000000000003
290,-1.445,-43.639,0.153,-36.567,-3.5530000000000004,-45.067,9.27277930288433,3.529158734241675,11.318491022343911,580.0,10,29.886000000000003
291,-1.3430000000000002,-43.775000000000006,0.017,-34.323,-0.255,-34.629000000000005,0.4094142156789381,4.314116874657865,0.5850554196502515,582.0,10,29.886000000000003
292,-0.969,-40.953,0.221,-34.051,-1.785,-45.033,11.163707269540886,3.5581529492756903,15.969523776435572,584.0,10,29.886000000000003
293,-1.037,-41.157,0.119,-34.085,-1.785,-45.033,11.112331888492172,3.5127297376930238,15.764532950213487,586.0,10,29.886000000000003
294,-0.969,-40.647000000000006,-0.323,-33.507000000000005,-2.5330000000000004,-45.917,12.605244940103306,4.211874740812686,15.917595617233824,588.0,10,29.886000000000003
295,-0.8670000000000001,-39.899,-0.221,-30.413000000000004,-0.289,-30.753000000000004,0.3467333269243093,4.96662846230561,0.367780264365434,590.0,10,29.886000000000003
296,-0.6970000000000001,-39.729000000000006,0.221,-30.617,-2.9410000000000003,-45.713,15.42360074690732,4.964339646857655,17.082978794635252,592.0,10,29.886000000000003
297,-0.6970000000000001,-39.287000000000006,-0.391,-30.515,-2.737,-45.849,15.512423150494577,4.93294091142648,17.090244273598607,594.0,10,29.886000000000003
298,-0.765,-39.627,-1.037,-29.359,-2.193,-43.163,13.85231937258162,5.550079321829696,16.552596655340412,596.0,10,29.886000000000003
299,-0.5950000000000001,-40.341,-1.173,-28.135,-2.363,-45.543000000000006,17.448626421584024,6.166852484784223,25.648858983765603,598.0,10,29.886000000000003
300,-0.459,-38.641000000000005,-0.323,-29.665000000000003,-0.8670000000000001,-46.563,16.906754271592167,5.921793032866555,24.32926818669788,600.0,10,29.886000000000003
301,-0.629,-38.267,-1.0710000000000002,-30.107000000000003,-0.221,-47.821000000000005,17.73438174845687,5.740833521372294,23.20757719465867,602.0,10,29.886000000000003
302,-0.459,-38.165000000000006,-1.0710000000000002,-27.659,-0.255,-48.093,20.450286354963342,6.360659539806135,25.122096379877505,604.0,10,29.886000000000003
303,-0.765,-37.519000000000005,-1.037,-27.829,-0.119,-48.161,20.352713529158716,6.619905908270434,24.731224147300143,606.0,10,29.886000000000003
304,-0.629,-37.485,-1.003,-28.101000000000003,-0.017,-46.563,18.48831090175628,5.551910116719657,22.12515870722412,608.0,10,29.886000000000003
305,-0.8330000000000001,-37.689,-0.459,-32.045,-0.187,-47.005,14.962472522948874,6.092224071706268,18.27589403093011,610.0,10,29.886000000000003
306,-0.8670000000000001,-36.669,-0.391,-27.353,-2.669,-45.475,18.264615188938414,5.773676822283059,22.519067425145664,612.0,10,29.886000000000003
307,-0.561,-36.499,0.493,-24.939,-2.975,-42.925,18.317292922263377,6.663814930391424,20.61684709929789,614.0,10,29.886000000000003
308,-0.391,-34.289,0.493,-25.619000000000003,-2.091,-42.143,16.724820836110624,6.597669494854356,18.6755603855616,616.0,10,29.886000000000003
309,-0.459,-33.303000000000004,0.561,-25.449,-0.255,-40.919,15.491505930670526,4.98003348794609,18.1143339596794,618.0,10,29.886000000000003
310,-0.357,-34.323,0.561,-25.551,-0.051,-40.715,15.176344750960292,5.13157705418916,19.061307488201948,620.0,10,29.886000000000003
311,-0.425,-33.813,-0.153,-22.967,1.5470000000000002,-47.413,24.505038583932084,5.64941790216632,,622.0,10,29.886000000000003
312,-0.663,-32.589000000000006,-0.5950000000000001,-24.939,-0.459,-42.041,17.10254074691828,4.944697952943991,20.18042402433522,624.0,10,29.886000000000003
313,-0.493,-32.827000000000005,0.221,-23.137,0.085,-41.191,18.054512233787985,5.176943831048803,22.100833620707757,626.0,10,29.886000000000003
314,-0.629,-30.379,-0.6970000000000001,-22.899,-0.527,-41.327000000000005,18.42878411615916,5.370501373242539,20.185340786290347,628.0,10,29.886000000000003
315,-0.527,-29.563,-0.119,-21.335,-0.017,-38.267,16.9323072261284,5.123419094128085,19.280753013009758,630.0,10,29.886000000000003
316,-0.425,-28.305000000000003,0.051,-20.757,-0.187,-35.989000000000004,15.233859261526607,5.472294251038267,17.342017308618153,632.0,10,29.886000000000003
317,-0.7310000000000001,-29.563,-0.119,-19.873,-0.187,-37.145,17.27213385774902,5.80637300863603,18.398163839620448,634.0,10,29.886000000000003
318,-0.561,-30.379,-0.5950000000000001,-18.445,0.221,-37.451,19.023508929742693,5.860058056819383,19.67033488759805,636.0,10,29.886000000000003
319,-0.289,-28.917,0.391,-21.403,0.255,-35.581,14.178652263173678,5.908234082298828,16.131592422135625,638.0,10,29.886000000000003
320,-0.289,-28.985000000000003,0.017,-20.417,-0.017,-40.001000000000005,19.584029513866653,5.630440938932487,21.58236445311048,640.0,10,29.886000000000003
321,-0.323,-28.509,0.051,-19.635,-0.527,-39.083000000000006,19.456587264985608,5.844650848832299,20.934479613318768,642.0,10,29.886000000000003
322,-0.493,-29.019,0.323,-21.573,-1.003,-33.677,12.176415400272775,5.532793449441115,13.525114068428085,644.0,10,29.886000000000003
323,-0.391,-29.427000000000003,0.289,-20.995,-0.6970000000000001,-40.647000000000006,19.676719746949697,5.892513942607073,21.631279163943443,646.0,10,29.886000000000003
324,-0.289,-28.713,-0.289,-17.663,-0.289,-41.021,23.358,6.64847191174892,25.293204596715466,648.0,10,29.886000000000003
325,-0.255,-28.849000000000004,-0.663,-19.839,0.935,-42.041,22.25943413476632,7.272254565057536,24.59898795136469,650.0,10,29.886000000000003
326,-0.425,-27.047,0.5950000000000001,-19.465,0.289,-38.913,19.450407193681063,6.105708646757119,21.835431083426467,652.0,10,29.886000000000003
327,-0.323,-27.183000000000003,0.561,-19.023,-1.139,-40.341,21.385675673216408,6.913043232482871,23.26760687043171,654.0,10,29.886000000000003
328,-0.255,-29.597,0.527,-19.499,-0.765,-40.443000000000005,20.983812808924885,6.127748358019733,24.156224372989517,656.0,10,29.886000000000003
329,-0.459,-29.019,-0.425,-17.017,0.255,-40.069,23.06202731764925,6.924277011361664,26.08843392918563,658.0,10,29.886000000000003
330,-0.323,-27.829,-0.765,-15.147,-0.187,-40.681,25.540541106249105,7.519283794270011,27.66320710820754,660.0,10,29.886000000000003
331,-0.561,-29.036,-0.969,-21.097,0.017,-39.831,18.75992942417428,5.389806869967751,20.29079245354956,662.0,10,29.886000000000003
332,-0.5950000000000001,-29.495,-0.8330000000000001,-23.035,-1.173,-32.759,9.729942240321884,4.56588220074803,10.322329410703343,664.0,10,29.886000000000003
333,-0.119,-30.617,-0.969,-20.961,-0.901,-37.349,16.38814107823093,4.98139467314084,21.83531856310456,666.0,10,29.886000000000003
334,-0.493,-30.549000000000003,-1.037,-25.721,-1.275,-33.099000000000004,7.381837711572912,2.1127847216372304,9.484311293125335,668.0,10,29.886000000000003
335,-0.425,-30.957,-1.003,-27.115,-0.187,-34.221000000000004,7.152698232135898,1.7534776184488512,7.86622161870795,670.0,10,29.886000000000003
336,-0.323,-29.835,-1.037,-25.347,-0.391,-35.037,9.7115094604289,2.3458356484750795,11.816554331221068,672.0,10,29.886000000000003
337,-0.255,-30.243,-1.003,-25.007,-1.3090000000000002,-34.833000000000006,9.83076355122022,2.3741177865009697,11.131190852146783,674.0,10,29.886000000000003
338,-0.5950000000000001,-30.005000000000003,-1.0710000000000002,-22.763,-1.3090000000000002,-35.445,12.684233047370268,3.026813327713012,13.456792861191158,676.0,10,29.886000000000003
339,-0.425,-29.631000000000004,-0.391,-23.953000000000003,-0.799,-37.077000000000005,13.130340437323015,3.166562350734225,14.783751861879898,678.0,10,29.886000000000003
340,-0.289,-29.631000000000004,-1.003,-23.783,-1.139,-36.669,12.88671765811605,3.139813154702604,14.466413788218563,680.0,10,29.886000000000003
341,-0.085,-29.699,-1.003,-21.335,-0.391,-35.989000000000004,14.666774014758666,3.5246739118035646,16.625822249316588,682.0,10,29.886000000000003
342,-0.493,-29.665000000000003,-0.799,-20.077,-0.5950000000000001,-36.159000000000006,16.08329381687719,4.8474399978765685,17.656801090374564,684.0,10,29.886000000000003
343,-0.357,-30.345,-1.003,-18.615,-0.357,-34.493,15.89113589395044,5.198030336056947,17.617109620365248,686.0,10,29.886000000000003
344,-0.323,-29.121,-0.969,-19.975,0.051,-36.261,16.317910282876298,4.949226507489575,17.555129453504435,688.0,10,29.886000000000003
345,-0.119,-27.319000000000003,-0.765,-17.527,-0.017,-35.785000000000004,18.273315736340795,5.44442238428316,20.356179757492928,690.0,10,29.886000000000003
346,-0.051,-27.659,-0.255,-19.091,-0.153,-35.411,16.320318746887267,4.910952691003395,18.920368322573616,692.0,10,29.886000000000003
347,-0.051,-26.809,-0.935,-17.765,0.255,-35.649,17.923547528321507,5.357269813144,19.419840659278773,694.0,10,29.886000000000003
348,-0.119,-26.129,-0.799,-16.609,-0.323,-33.507000000000005,16.904702895939934,5.131044464017744,17.71047504693514,696.0,10,29.886000000000003
349,-0.017,-23.953000000000003,0.085,-16.711000000000002,0.119,-31.909,15.198038031272327,4.795031854376127,16.194973566340334,698.0,10,29.886000000000003
350,-0.323,-24.429,-0.935,-15.419,-0.221,-31.127,15.724218899519304,4.802897408200847,17.422086686272714,700.0,10,29.886000000000003
351,-0.221,-23.137,-0.5950000000000001,-16.609,-0.969,-30.753000000000004,14.148943847510315,4.137140962604334,15.074076716650096,702.0,10,29.886000000000003
352,-0.289,-22.338,-0.901,-13.243,-1.173,-27.387,14.14661514285308,5.072461152203567,17.678030094902258,704.0,10,29.886000000000003
353,-0.187,-21.063,0.255,-12.529000000000002,-0.8330000000000001,-26.809,14.32138764226428,4.64118837717723,15.774128794249345,706.0,10,29.886000000000003
354,-0.323,-19.091,0.391,-11.985,-0.357,-24.259,12.296771120908124,5.060483998447455,13.369186838498576,708.0,10,29.886000000000003
355,-0.459,-18.615,-0.255,-9.333,-0.8330000000000001,-25.075000000000003,15.752607657146802,5.106351388186452,16.4530429555041,710.0,10,29.886000000000003
356,-0.289,-18.717,-0.8330000000000001,-10.693,-0.629,-24.259,13.56753374788506,5.030728968997569,15.526002296516488,712.0,10,29.886000000000003
357,-0.289,-16.915000000000003,0.493,-9.333,0.221,-25.177000000000003,15.846334591949018,5.464079406160584,16.885010655026814,714.0,10,29.886000000000003
358,-0.289,-17.663,-0.8330000000000001,-9.333,-0.8330000000000001,-25.109,15.776000000000002,5.807064321286695,17.95282566515097,716.0,10,29.886000000000003
359,-0.459,-16.694000000000003,-0.289,-6.1370000000000005,-0.663,-25.619000000000003,19.485589547149967,6.993368960598463,20.451988531616863,718.0,10,29.886000000000003
360,-0.425,-16.813000000000002,-0.425,-6.681,-0.7310000000000001,-32.419000000000004,25.739818958182283,7.482238958590438,26.673680051371964,720.0,10,29.886000000000003
361,-0.425,-17.153000000000002,,,,,25.739818958182283,7.480645624433712,,722.0,10,29.886000000000003
362,-0.357,-17.935000000000002,0.527,-9.095,-1.037,-29.563,20.52766718358421,6.407144079344705,21.948361427114893,724.0,10,29.886000000000003
363,-0.323,-17.697000000000003,0.459,-9.537,-1.0710000000000002,-28.611,19.135265245091325,6.141261016114948,20.27317439888839,726.0,10,29.886000000000003
364,-0.323,-17.935000000000002,0.7310000000000001,-9.401,-0.901,-29.835,20.499067783682264,6.628630940524965,22.565797419180413,728.0,10,29.886000000000003
365,-0.323,-17.119,0.7310000000000001,-7.837000000000001,-1.037,-29.563,21.797818698209237,7.397564713634189,23.3013310394,730.0,10,29.886000000000003
366,-0.255,-15.793,0.663,-7.259,-0.765,-27.931,20.721263668029515,5.825800266360521,23.08790689805122,732.0,10,29.886000000000003
367,-0.391,-14.773,0.391,-7.361000000000001,0.051,-23.035,15.67768720188026,4.604012515244308,17.812441231893416,734.0,10,29.886000000000003
368,-0.255,-14.943,0.051,-7.191000000000001,-0.017,-24.055000000000003,16.86413709621693,5.069134037767905,19.299779470596025,736.0,10,29.886000000000003
369,-0.085,-14.637,0.765,-9.299,0.153,-23.341,14.05533023446977,4.6435465465387535,19.59405366543052,738.0,10,29.886000000000003
370,-0.119,-14.705000000000002,0.629,-10.013,-0.187,-25.891,15.898954053647682,5.156487397041703,21.0535677229904,740.0,10,29.886000000000003
371,0.051,-14.501,0.493,-10.965000000000002,0.051,-21.743,10.787059284160812,3.4108063055629394,16.97846109615337,742.0,10,29.886000000000003
372,-0.289,-16.303,0.187,-11.135000000000002,0.425,-22.015,10.882602813665487,3.712284961308615,14.141831594902971,744.0,10,29.886000000000003
373,-0.459,-16.473000000000003,-0.6970000000000001,-11.849,-0.799,-19.839,7.990651037306034,3.0422671502396965,9.704974655432382,746.0,10,29.886000000000003
374,-0.221,-16.932000000000002,-0.459,-17.663,-0.629,-22.389000000000003,4.729056565531861,2.71574802284504,6.446702976354911,748.0,10,29.886000000000003
375,-0.357,-17.731,0.153,-14.909,-0.425,-22.117,7.231137393245962,1.8980333976937975,7.690343245220487,750.0,10,29.886000000000003
376,-0.085,-18.853,-0.5950000000000001,-16.643,-0.663,-17.459,0.8188284313578762,1.7813555263165786,1.0777045322521532,752.0,10,29.886000000000003
377,-0.357,-17.527,-0.629,-16.643,-0.391,-16.949,0.3876596445337069,3.607377603743567,1.579256229428529,754.0,10,29.886000000000003
378,-0.221,-17.935000000000002,-0.6970000000000001,-10.591,0.289,-17.323,6.803823924823453,3.0851388779255573,7.242809627199272,756.0,10,29.886000000000003
379,-0.289,-17.731,-0.8670000000000001,-11.033,0.289,-17.017,6.094636330413818,3.5478047313601717,7.139440962211004,758.0,10,29.886000000000003
380,-0.391,-17.153000000000002,-0.527,-8.449,0.289,-17.221,8.809871735729187,3.9527148511502346,9.255936744561136,760.0,10,29.886000000000003
381,-0.425,-15.589,0.085,-10.149,-0.663,-23.375,13.247134784548695,3.920504439216344,14.408372196752676,762.0,10,29.886000000000003
382,-0.085,-15.963,-0.8670000000000001,-8.211,0.221,-22.185,14.016291235558716,4.646054840302197,16.383675699075678,764.0,10,29.886000000000003
383,-0.153,-14.144000000000002,-0.7310000000000001,-6.239000000000001,-0.153,-22.865,16.63604400090358,4.412190449220502,18.21562108523503,766.0,10,29.886000000000003
384,0.085,-11.407,-0.8670000000000001,-5.049,-0.5950000000000001,-17.425,12.378988650128088,5.38295009679814,13.156588150980827,768.0,10,29.886000000000003
385,-0.017,-12.257,-0.8670000000000001,-5.763000000000001,-0.629,-21.267000000000003,15.505826646780235,4.876168512098311,19.502511853392477,770.0,10,29.886000000000003
386,0.187,-14.195,-0.5950000000000001,-6.613,0.561,-22.797,16.22523318784664,5.005481691488866,19.23934589613272,772.0,10,29.886000000000003
387,-0.119,-11.339,0.187,-5.253,-0.935,-20.281,15.06982640908647,5.603851613426982,15.897366905138876,774.0,10,29.886000000000003
388,-0.391,-12.393,0.051,-5.355,-0.119,-18.479000000000003,13.125100990087658,5.047374429685958,15.872341507783664,776.0,10,29.886000000000003
389,-0.221,-9.775,0.561,-3.1790000000000003,-0.935,-17.459,14.358148069998444,5.197644129078826,15.41354234802547,778.0,10,29.886000000000003
390,-0.391,-10.591,0.017,-0.8670000000000001,-0.8330000000000001,-17.323,16.47793785641881,6.094843133497873,17.287887953265557,780.0,10,29.886000000000003
391,-0.051,-11.509,0.051,-1.5810000000000002,0.289,-17.969,16.389728124651736,6.935809561872008,17.136521480806994,782.0,10,29.886000000000003
392,0.051,-10.217,-0.765,0.357,-0.6970000000000001,-25.687,26.04408877269466,7.645689677504666,27.138824187825136,784.0,10,29.886000000000003
393,0.017,-10.251,-0.8330000000000001,1.785,-0.969,-21.947000000000003,23.73238968161445,7.759551605648658,24.527681179650404,786.0,10,29.886000000000003
394,0.289,-10.217,-0.8330000000000001,0.187,-0.7310000000000001,-25.075000000000003,25.26220592109881,7.176836536457701,26.3164163093192,788.0,10,29.886000000000003
395,-0.221,-10.115,-0.8330000000000001,-1.037,0.527,-19.601000000000003,18.61375018635417,5.6145587910952495,21.81586375930936,790.0,10,29.886000000000003
396,-0.187,-10.455,,,,,18.61375018635417,5.333518025079584,,792.0,10,29.886000000000003
397,-0.051,-10.149,-0.527,-0.5950000000000001,0.357,-21.335,20.758830795591543,6.226282886048325,24.663453637135543,794.0,10,29.886000000000003
398,-0.017,-8.925,-0.085,-3.213,-0.391,-18.275,15.065108031474583,4.328888904335225,16.508944394467633,796.0,10,29.886000000000003
399,-0.255,-8.891,-0.799,-1.853,-0.391,-15.283,13.43619603905808,3.8007019805631783,14.495682215035131,798.0,10,29.886000000000003
400,-0.119,-6.885000000000001,-0.8330000000000001,-0.561,0.289,-14.195,13.68008918099586,4.846621468759657,15.912970204048582,800.0,10,29.886000000000003
401,-0.221,-7.667000000000001,,,,,13.68008918099586,3.8954171675958618,,802.0,10,29.886000000000003
402,-0.289,-6.9190000000000005,-0.323,1.5470000000000002,-0.187,1.479,0.1520526224699857,4.721756004284206,0.2119014292174746,804.0,10,29.886000000000003
403,-0.187,-6.613,-0.323,2.363,-0.221,-13.073,15.436337000726567,4.900673124264912,21.44657130793708,806.0,10,29.886000000000003
404,-0.391,-5.525,-0.459,3.825,0.085,-12.971,16.804807407405775,5.399981534539726,20.040588355715045,808.0,10,29.886000000000003
405,-0.187,-4.947,-0.629,5.1850000000000005,-0.7310000000000001,5.151000000000001,0.1075174404457249,6.253293087804932,0.1639551031122841,810.0,10,29.886000000000003
406,-0.017,-2.737,-0.901,-10.183000000000002,0.391,4.097,14.338328493935409,4.556295313850719,15.98457486186624,812.0,10,29.886000000000003
407,0.051,-3.0090000000000003,,,,,14.338328493935409,4.9706476434691815,,814.0,10,29.886000000000003
408,0.017,-1.5810000000000002,0.5950000000000001,-11.135000000000002,0.425,5.627000000000001,16.762862046798574,4.731625360989261,17.80179511460432,816.0,10,29.886000000000003
409,0.085,1.683,-0.7310000000000001,-5.593,-0.663,8.313,13.906166258174826,6.389072384225404,16.617543477342856,818.0,10,29.886000000000003
410,0.187,2.4650000000000003,-0.221,-7.667000000000001,-0.6970000000000001,8.415000000000001,16.08904285530995,4.620057305599902,19.43276546720847,820.0,10,29.886000000000003
411,0.153,3.281,0.017,-7.599,-0.7310000000000001,8.041,15.65787673983928,5.209927651979871,20.152022520645897,822.0,10,29.886000000000003
412,0.051,3.4170000000000003,0.017,-4.165,-0.7310000000000001,7.701,11.889552556761757,4.862930020240306,16.151306783612704,824.0,10,29.886000000000003
413,-0.017,2.125,-0.187,-6.1370000000000005,0.459,5.899,12.053323690999092,4.729269752540918,20.19673718748602,826.0,10,29.886000000000003
414,0.051,1.6150000000000002,0.425,-7.089,-0.017,5.933000000000001,13.029499146168284,4.908285850944064,14.997876523152508,828.0,10,29.886000000000003
415,0.085,1.445,-0.187,-8.041,0.187,6.613,14.658771844871591,5.138268003709319,16.572029813362526,830.0,10,29.886000000000003
416,0.017,2.5330000000000004,-0.7310000000000001,-7.157000000000001,0.187,5.865,13.054317599936049,5.5786815110372725,14.66632659148896,832.0,10,29.886000000000003
417,0.085,4.131,0.527,-7.395,0.255,13.515,20.911769030859155,5.978837540108299,22.751744022157908,834.0,10,29.886000000000003
418,0.493,4.505,0.153,-4.743,-0.289,14.705000000000002,19.453022078844203,5.88223456709329,22.520746106011703,836.0,10,29.886000000000003
419,0.255,5.593,0.561,-5.287000000000001,-0.051,15.181,20.47714745759282,6.197568746318155,21.088107477117106,838.0,10,29.886000000000003
420,0.153,7.565,-0.663,-3.927000000000001,0.187,16.677,20.62152554977444,6.480676168485924,22.863644381258965,840.0,10,29.886000000000003
421,-0.187,5.4910000000000005,-0.119,-3.791,0.527,14.501,18.3034035086374,5.79378428361834,21.210233072682183,842.0,10,29.886000000000003
422,-0.357,5.763000000000001,-0.153,-1.173,0.901,14.433000000000002,15.641552096898826,5.369521476616932,19.348223946726044,844.0,10,29.886000000000003
423,-0.323,8.874,-0.8330000000000001,-0.901,0.901,16.133000000000003,17.12203001983118,5.935433304311808,19.83811184353495,846.0,10,29.886000000000003
424,-0.289,8.313,-0.051,-1.275,1.003,17.493000000000002,18.79757271564603,5.418501100140609,22.075176653275907,848.0,10,29.886000000000003
425,-0.255,9.741,0.493,1.887,0.969,18.751,16.870716404468425,5.522258521736136,18.799158352093563,850.0,10,29.886000000000003
426,-0.255,10.013,0.765,2.737,0.8330000000000001,19.873,17.136134920103775,5.999403322500393,20.14432241912421,852.0,10,29.886000000000003
427,-0.051,11.101,-0.765,2.499,0.527,20.927000000000003,18.47323599156358,5.353147304991718,20.216196934052512,854.0,10,29.886000000000003
428,-0.357,10.727,-0.8330000000000001,5.219,0.5950000000000001,19.329,14.182076152665378,4.956482351391432,17.558958437026792,856.0,10,29.886000000000003
429,-0.391,10.625,-0.663,7.531000000000001,0.8670000000000001,21.335,13.888531815854405,5.682016571466359,14.55721849659523,858.0,10,29.886000000000003
430,-0.323,12.223,-0.289,8.925,0.5950000000000001,20.247,11.356458074593505,5.474956223055691,12.067764693957152,860.0,10,29.886000000000003
431,-0.357,14.399,-0.765,8.687000000000001,-0.425,21.879,13.196380715938746,5.899511620384506,13.732728725973915,862.0,10,29.886000000000003
432,0.085,13.481000000000002,0.221,5.321000000000001,1.003,22.321,17.01797649545915,4.66735278021936,21.39380245377436,864.0,10,29.886000000000003
433,0.051,16.031000000000002,0.5950000000000001,6.477,0.5950000000000001,24.599,18.122,5.5687577435567945,21.17573097422076,866.0,10,29.886000000000003
434,0.153,16.643,-0.051,5.9670000000000005,0.8330000000000001,23.273000000000003,17.32856289482772,4.99570811185261,21.553297761059422,868.0,10,29.886000000000003
435,0.017,16.779,-0.459,6.103000000000001,1.003,22.661,16.622418837221016,5.274742789993028,22.776028231897943,870.0,10,29.886000000000003
436,-0.051,17.289,-0.629,9.605,0.935,21.267000000000003,11.766407268151143,5.314535878352356,18.198269721997903,872.0,10,29.886000000000003
437,-0.051,16.949,-0.663,9.265,-0.7310000000000001,22.457,13.192175256567811,5.94908550139935,14.262753647581151,874.0,10,29.886000000000003
438,-0.153,17.017,,,,,13.192175256567811,5.633384266915775,,876.0,10,29.886000000000003
439,-0.187,17.85,0.289,4.777,0.5950000000000001,19.465,14.691187154209151,5.749198340275026,20.94664019040617,878.0,10,29.886000000000003
440,-0.289,18.615,0.663,4.641,0.935,18.649,14.010640527827412,5.942748509898671,20.90576544406341,880.0,10,29.886000000000003
441,-0.051,17.969,0.187,5.117,-0.6970000000000001,22.151000000000003,17.05692270018247,5.532761011570412,17.67793193836091,882.0,10,29.886000000000003
442,-0.187,18.513,-0.459,7.361000000000001,0.085,23.511000000000003,16.159159507845697,5.300897331015043,17.788061958559076,884.0,10,29.886000000000003
443,0.085,18.105,-0.119,4.947,-0.7310000000000001,21.573,16.63725999075569,5.47291129320217,17.657107803432655,886.0,10,29.886000000000003
444,-0.051,17.901,0.425,7.361000000000001,-0.527,20.179,12.853304166633576,5.098640244035526,13.546837101798138,888.0,10,29.886000000000003
445,-0.051,17.391000000000002,-0.357,17.731,-0.527,19.023,1.3031362169781024,4.042806333907748,2.716411457695869,890.0,10,29.886000000000003
446,-0.085,17.459,0.799,16.575000000000003,-0.6970000000000001,20.893,4.569807435767945,3.654510752221638,8.180451745267058,892.0,10,29.886000000000003
447,0.289,18.241,0.221,13.821000000000002,0.391,16.541,2.725307322119838,3.1444207132072237,14.703322699064,894.0,10,29.886000000000003
448,0.017,17.833000000000002,0.799,13.957,-0.255,18.037000000000003,4.213943046601366,2.391835993077412,12.70129859860833,896.0,10,29.886000000000003
449,0.221,16.626,0.629,14.875000000000002,-0.357,20.825000000000003,6.031143838443915,2.1038583884166884,10.29971261997258,898.0,10,29.886000000000003
450,0.051,17.357000000000003,0.459,15.113,-0.7310000000000001,19.771,4.807604809049929,2.41248571517588,12.389723314346792,900.0,10,29.886000000000003
451,0.221,18.037000000000003,0.255,15.317000000000002,-0.6970000000000001,21.403,6.16000811687777,2.3272111404491915,8.117515185597972,902.0,10,29.886000000000003
452,0.187,19.227,0.799,14.501,-0.425,20.825000000000003,6.441362588769554,2.231516704005923,10.141653934641267,904.0,10,29.886000000000003
453,-0.187,19.261000000000003,,,,,6.441362588769554,1.9192171244224308,,906.0,10,29.886000000000003
454,0.017,20.111,-0.6970000000000001,16.507,0.357,22.457,6.042633200848783,2.072983296997786,8.641759796018377,908.0,10,29.886000000000003
455,-0.119,20.077,0.5950000000000001,13.957,0.8670000000000001,23.273000000000003,9.319969957033123,3.0671415162370903,11.22194183184012,910.0,10,29.886000000000003
456,-0.153,19.941000000000003,0.221,12.257,0.6970000000000001,23.171000000000003,10.924375130871333,3.936286941912928,15.047622847561408,912.0,10,29.886000000000003
457,0.153,18.683,-0.289,12.325,0.289,25.177000000000003,12.864990788959004,3.939100296181943,14.19694136167291,914.0,10,29.886000000000003
458,0.221,18.513,0.119,10.693,0.289,25.177000000000003,14.484997618225556,4.610503591264808,16.970415716890876,916.0,10,29.886000000000003
459,0.221,18.547,-0.663,10.217,-0.425,26.537000000000003,16.321735324407147,4.776250554415248,17.14602181825091,918.0,10,29.886000000000003
460,0.119,19.601000000000003,-0.7310000000000001,12.665,-0.255,23.953000000000003,11.29803168697982,4.622903381253733,19.16443106670624,920.0,10,29.886000000000003
461,0.153,20.281,-0.6970000000000001,13.005,-0.255,26.333,13.335327067605055,4.577113485405585,16.44692133175432,922.0,10,29.886000000000003
462,0.119,20.927000000000003,-0.663,12.903,0.459,26.809,13.95119063019354,4.577901069237864,16.726251457832525,924.0,10,29.886000000000003
463,0.221,20.587,-0.6970000000000001,12.257,0.493,24.667,12.466924239763392,4.838895479240435,18.805767964918445,926.0,10,29.886000000000003
464,0.221,19.329,-0.6970000000000001,10.353000000000002,0.323,27.081000000000003,16.75906870920935,5.491678649775226,18.87870047571616,928.0,10,29.886000000000003
465,0.017,19.737,-0.663,11.917000000000002,0.051,27.387,15.486468157717564,4.8859688643273165,18.02433139261564,930.0,10,29.886000000000003
466,0.187,20.213,-0.765,12.359000000000002,-0.561,25.517000000000003,13.15958130033019,4.227749305372528,15.58006130410674,932.0,10,29.886000000000003
467,0.187,20.587,-0.765,12.257,0.8330000000000001,27.455,15.281780262783522,4.701063519878352,19.303741332501897,934.0,10,29.886000000000003
468,0.051,19.431,-0.6970000000000001,12.631,-0.527,25.687,13.057106723926248,4.433320163041264,16.00246502066687,936.0,10,29.886000000000003
469,0.017,20.519,0.221,12.495,0.459,12.563,0.2475237362355376,4.264959321558954,0.6603744836443591,938.0,10,29.886000000000003
470,0.017,19.057,-0.119,11.815,0.425,24.905,13.101299019562909,4.5331081371211885,13.98374521792288,940.0,10,29.886000000000003
471,0.119,17.153000000000002,-0.459,7.395,0.629,22.015,14.660427824589569,5.476823268715436,15.642563146732812,942.0,10,29.886000000000003
472,-0.017,17.459,0.8670000000000001,10.013,0.221,27.285000000000004,17.284076486755087,5.433021894696574,21.606594256344525,944.0,10,29.886000000000003
473,-0.051,17.629,0.7310000000000001,10.013,0.289,25.041,15.034498594898336,4.843071335941829,20.460912627541934,946.0,10,29.886000000000003
474,0.085,17.357000000000003,0.901,10.387,-0.5950000000000001,24.837000000000003,14.52723359762622,5.025653841245252,20.24752486359484,948.0,10,29.886000000000003
475,0.119,17.731,0.7310000000000001,10.013,-0.5950000000000001,26.571,16.61100960206814,5.239442132180653,20.094829796180825,950.0,10,29.886000000000003
476,0.119,17.017,0.5950000000000001,9.333,-0.527,26.197000000000003,16.901283383222708,5.267097332124987,19.30799134004356,952.0,10,29.886000000000003
477,-0.119,16.966,0.221,7.327000000000001,-0.527,25.857000000000003,18.54509110249933,5.755374364665049,20.27582493748818,954.0,10,29.886000000000003
478,0.017,17.017,-0.663,8.109,0.085,30.549000000000003,22.45246320562624,6.829830079530108,23.596930055245565,956.0,10,29.886000000000003
479,0.085,15.283,0.051,3.961,0.289,30.923,26.96305042090008,7.895034207977915,27.970703192310747,958.0,10,29.886000000000003
480,0.187,15.691,0.799,4.301,-0.153,30.651000000000003,26.367191811036683,7.851528505404947,28.91706572250821,960.0,10,29.886000000000003
481,0.289,15.351,0.8330000000000001,6.001,0.289,30.855000000000004,24.859952775498183,7.703068430105391,26.95671259479756,962.0,10,29.886000000000003
482,0.289,14.909,0.901,6.613,-0.5950000000000001,24.361,17.810938212233516,6.018106691690721,22.06740460526776,964.0,10,29.886000000000003
483,0.051,14.161,0.765,4.641,0.6970000000000001,21.335,16.69413849229723,5.661823315588755,20.84161379201364,966.0,10,29.886000000000003
484,0.119,13.753,0.8330000000000001,5.049,0.6970000000000001,22.967,17.918516121598913,6.2294715475993465,22.26590273311241,968.0,10,29.886000000000003
485,0.187,14.365,0.8670000000000001,7.021000000000001,0.8330000000000001,22.287000000000003,15.266037861868416,5.283751310570356,19.402371135611947,970.0,10,29.886000000000003
486,0.289,14.059,0.799,7.361000000000001,0.629,20.383000000000003,13.023109613298969,4.848908575971557,19.08336009559413,972.0,10,29.886000000000003
487,0.051,14.501,0.8670000000000001,9.299,0.459,20.825000000000003,11.533218978238471,4.665458112223421,18.866362239640164,974.0,10,29.886000000000003
488,-0.153,14.093000000000002,0.799,10.965000000000002,0.425,20.689,9.73118964978075,4.477683648633037,19.70795462413236,976.0,10,29.886000000000003
489,-0.255,14.739,0.8330000000000001,10.591,-0.561,19.499,9.01641281219976,3.393628168158548,12.697147224642178,978.0,10,29.886000000000003
490,0.119,15.691,-0.5950000000000001,13.311000000000002,-0.561,19.057,5.746100590835493,3.033937768956533,6.845646028514506,980.0,10,29.886000000000003
491,0.017,16.745,,,,,5.746100590835493,4.04245301068498,,982.0,10,29.886000000000003
492,0.255,15.929,0.255,14.467,0.459,20.757,6.293307238646466,4.568371084386927,9.72463190049158,984.0,10,29.886000000000003
493,0.289,16.031000000000002,0.187,12.767,0.119,13.651000000000002,0.8866115271075603,4.584611941223464,0.9660132158644836,986.0,10,29.886000000000003
494,0.153,16.949,,,,,0.8866115271075603,5.123144965551502,,988.0,10,29.886000000000003
495,0.051,17.629,-0.255,16.065,0.8330000000000001,20.553,4.617996102207104,5.121912613604377,8.272425441615907,990.0,10,29.886000000000003
496,0.153,18.275,0.799,7.939000000000001,-0.6970000000000001,13.379,5.6419514354521,5.370510550428244,7.472808371375558,992.0,10,29.886000000000003
497,0.119,18.955,0.6970000000000001,16.779,0.8330000000000001,17.051000000000002,0.3041052449399714,5.32120771456476,1.3769430541386198,994.0,10,29.886000000000003
498,0.289,17.425,-0.017,15.589,1.003,18.649,3.225523213371747,5.557124947769832,6.858808464464402,996.0,10,29.886000000000003
499,0.085,16.711000000000002,0.6970000000000001,16.065,0.901,21.505000000000003,5.443823656218119,6.651785118139727,6.318815621477959,998.0,10,29.886000000000003
500,0.391,12.835,-0.765,4.131,-0.493,18.853,14.72451248768529,5.551488831784886,22.24867630527125,1000.0,10,29.886000000000003
501,0.289,13.005,-0.391,3.655,0.561,20.689,17.060582053376727,5.515733818333015,18.8032979909266,1002.0,10,29.886000000000003
502,0.289,13.855,-0.289,3.451,0.017,5.117,1.6938689441630366,5.924002261247668,1.9566647657485732,1004.0,10,29.886000000000003
503,0.187,12.971,-0.5950000000000001,4.947,0.459,19.363000000000003,14.454479305737722,4.583884519427904,20.248935483470756,1006.0,10,29.886000000000003
504,0.493,13.6,0.663,6.885000000000001,-0.017,21.131,14.2622198833141,4.375430563576507,18.28168900153693,1008.0,10,29.886000000000003
505,0.527,13.277,0.459,6.035,0.663,21.743,15.70932461947362,4.160987340839674,19.48419462790273,1010.0,10,29.886000000000003
506,0.459,13.719,-0.425,3.927000000000001,0.6970000000000001,20.689,16.799509754751774,4.5343504845187805,18.95722873472601,1012.0,10,29.886000000000003
507,0.187,11.781,-0.5950000000000001,4.335,0.153,14.093000000000002,9.786626998103076,5.329909540182737,10.48385994445688,1014.0,10,29.886000000000003
508,0.221,11.883,0.119,4.879,0.017,23.511000000000003,18.632279194988467,5.6117561255914845,19.53731123588414,1016.0,10,29.886000000000003
509,0.425,11.135000000000002,-0.221,3.043,0.663,14.331,11.322561547635766,6.068814842498623,12.079805086126196,1018.0,10,29.886000000000003
510,0.017,12.291,-0.153,2.975,0.017,23.783,20.808694432856665,6.034241087721474,22.88905006819072,1020.0,10,29.886000000000003
511,-0.187,11.917000000000002,-0.255,2.5330000000000004,0.6970000000000001,20.009,17.501910752829247,5.473947735639303,21.35757592735641,1022.0,10,29.886000000000003
512,-0.221,12.189,-0.6970000000000001,2.873,-0.459,3.757,0.9154780172128656,5.449707239283329,1.1024266091955728,1024.0,10,29.886000000000003
513,0.323,10.795,-0.6970000000000001,0.6970000000000001,0.6970000000000001,16.405,15.769733669279264,6.333275894008849,16.898311116579105,1026.0,10,29.886000000000003
514,0.153,10.183000000000002,-0.5950000000000001,1.3090000000000002,-0.051,18.581000000000003,17.280564805584337,6.047919521009716,24.4254822042609,1028.0,10,29.886000000000003
515,0.119,10.251,-0.391,1.479,0.255,15.589,14.124780210679388,5.210150396518007,17.813602019362087,1030.0,10,29.886000000000003
516,0.153,10.183000000000002,-0.391,1.0710000000000002,0.391,15.997000000000002,14.946471155426622,5.285443527124535,18.83656989692596,1032.0,10,29.886000000000003
517,-0.017,7.905,,,,,14.946471155426622,5.777943075522906,,1034.0,10,29.886000000000003
518,0.051,7.803000000000001,-0.8330000000000001,-1.887,0.153,15.623,17.537739192951868,6.542807555432423,19.69714035931609,1036.0,10,29.886000000000003
519,0.221,6.069000000000001,-0.663,-0.017,-0.5950000000000001,14.127,14.144163460593916,5.014712543693659,19.360053472901285,1038.0,10,29.886000000000003
520,0.221,4.947,,,,,14.144163460593916,5.427100997939181,,1040.0,10,29.886000000000003
521,0.255,3.519,-0.459,-3.043,0.629,6.273000000000001,9.379317672410933,4.391487626555207,9.815345917479284,1042.0,10,29.886000000000003
522,0.255,3.0090000000000003,-0.289,-4.7090000000000005,-0.561,12.223,16.934184598025382,4.741527337739523,18.12338872578076,1044.0,10,29.886000000000003
523,0.357,2.737,0.527,-6.851000000000001,-0.323,13.141000000000002,20.010061569120676,5.4693569002576,20.846799385782543,1046.0,10,29.886000000000003
524,0.085,1.377,0.255,-6.613,0.357,7.157000000000001,13.770377772595785,6.359316052125435,15.495127408838709,1048.0,10,29.886000000000003
525,0.289,1.5810000000000002,0.153,-9.061,-0.663,12.291,21.367586667660905,6.520497255082876,23.867538054861377,1050.0,10,29.886000000000003
526,0.323,1.105,0.153,-9.027,0.323,15.079,24.106599428372306,6.777942187382123,25.47571849726071,1052.0,10,29.886000000000003
527,0.119,0.935,-0.051,-10.795,-0.153,15.283,26.078199477724688,7.538425187931469,27.268288532079485,1054.0,10,29.886000000000003
528,0.153,1.105,,,,,26.078199477724688,7.225201961750532,,1056.0,10,29.886000000000003
529,0.323,1.53,-0.799,-8.381,0.5950000000000001,12.121,20.549336728955517,6.366914242592802,22.34138694752168,1058.0,10,29.886000000000003
530,0.357,2.397,0.527,-6.035,-0.7310000000000001,11.645,17.72469926402138,4.737932733024072,21.16382219882948,1060.0,10,29.886000000000003
531,0.153,1.717,0.425,-6.205,0.017,14.909,21.11794166106157,5.68700156816325,24.777492079079945,1062.0,10,29.886000000000003
532,0.255,3.655,0.221,-7.055000000000001,0.8670000000000001,15.385000000000002,22.449296559135213,6.350424836284976,23.592635463781264,1064.0,10,29.886000000000003
533,0.153,6.1370000000000005,-0.663,0.289,0.051,11.849,11.582029010497257,4.538653656753728,12.489896344883622,1066.0,10,29.886000000000003
534,0.459,5.525,-0.663,7.497000000000001,0.5950000000000001,16.677,9.26579537870333,4.803478580007659,9.832542175084736,1068.0,10,29.886000000000003
535,0.493,7.769,0.357,-0.901,-0.391,17.833000000000002,18.74892690262565,4.992972026695042,20.70639731414027,1070.0,10,29.886000000000003
536,0.119,6.953,0.5950000000000001,-2.091,-0.391,18.819000000000003,20.933234246049988,5.764673798230044,22.32052310890683,1072.0,10,29.886000000000003
537,0.017,7.395,0.663,1.139,0.629,14.127,12.98804450254156,3.651970338375458,18.593412427129024,1074.0,10,29.886000000000003
538,-0.017,7.123,-0.765,3.213,0.765,14.569,11.458605325256649,3.8290758632418513,20.887810772906363,1076.0,10,29.886000000000003
539,0.017,7.735,-0.799,1.275,-0.493,14.467,13.195548491821022,4.061830767349694,18.82441090462221,1078.0,10,29.886000000000003
540,-0.153,6.1370000000000005,-0.663,7.327000000000001,-0.6970000000000001,15.691,8.364069105405575,5.273201209259375,11.568657795165093,1080.0,10,29.886000000000003
541,-0.051,5.865,-0.663,6.477,-0.7310000000000001,15.283,8.806262544348767,4.954203877972336,11.450796355517207,1082.0,10,29.886000000000003
542,-0.187,8.143,-0.629,6.817,0.255,16.813000000000002,10.035012306918214,4.458710644711331,11.44906243786993,1084.0,10,29.886000000000003
543,-0.187,7.803000000000001,-0.017,6.885000000000001,-0.391,16.609,9.73118964978075,4.675295906125251,11.111138084532488,1086.0,10,29.886000000000003
544,-0.221,7.531000000000001,-0.323,6.9190000000000005,-0.629,17.527,10.612412543809254,5.02596108688068,11.3884388663804,1088.0,10,29.886000000000003
545,-0.153,7.735,-0.459,9.401,-0.119,18.615,9.220270928774276,5.550692263132591,10.617355540438588,1090.0,10,29.886000000000003
546,-0.085,6.987,-0.629,-0.6970000000000001,0.289,7.769,8.515625637614656,5.726600615522538,8.95719796495932,1092.0,10,29.886000000000003
547,-0.085,4.845000000000001,-0.459,-2.7710000000000004,0.085,15.691,18.470012994039827,5.9706191710503775,21.27285817522753,1094.0,10,29.886000000000003
548,-0.153,0.408,0.085,-6.987,0.765,6.477,13.481160780882336,6.590117910891627,13.936418961280708,1096.0,10,29.886000000000003
549,-0.085,3.655,0.289,-6.205,0.017,9.367,15.574375364681565,6.915555377859117,16.452924714578455,1098.0,10,29.886000000000003
550,-0.187,2.4650000000000003,0.7310000000000001,-5.729,-0.391,6.987,12.76540402807526,6.44957818364079,14.694911645413896,1100.0,10,29.886000000000003
551,-0.289,3.4170000000000003,0.765,-5.695,-0.255,16.881,22.5990304216796,6.698601162719112,24.616226463731028,1102.0,10,29.886000000000003
552,-0.323,3.4850000000000003,0.7310000000000001,-6.307,-0.459,15.997000000000002,22.33572286719192,6.846107587600174,24.4294800855335,1104.0,10,29.886000000000003
553,-0.357,3.213,0.561,-5.321000000000001,-0.085,15.249,20.580141301750093,5.754184330081985,23.10390608099369,1106.0,10,29.886000000000003
554,-0.357,3.145,0.459,-5.797000000000001,0.289,9.843,15.6409238857556,4.986338238792292,19.79865316386133,1108.0,10,29.886000000000003
555,-0.561,3.0770000000000004,0.663,-6.681,0.663,10.047,16.728,5.532329314835247,19.206956836164903,1110.0,10,29.886000000000003
556,-0.493,2.975,0.561,-8.483,0.085,11.781,20.26958983304793,6.140932229614356,25.086153764007072,1112.0,10,29.886000000000003
557,-0.187,1.921,-0.357,-8.109,0.119,14.263000000000002,22.377063256826176,6.539181243619256,25.0282032735198,1114.0,10,29.886000000000003
558,-0.119,1.649,0.493,-5.015000000000001,0.561,11.169,16.18414285651236,5.303801626750298,19.525915135817936,1116.0,10,29.886000000000003
559,-0.221,1.207,0.357,-8.619,0.561,10.965000000000002,19.58506247117941,5.85395320670778,22.348790533169637,1118.0,10,29.886000000000003
560,-0.187,0.051,0.493,-9.163,0.799,14.195,23.360004280821528,6.83957137297064,25.653185348185,1120.0,10,29.886000000000003
561,-0.051,0.085,0.459,-10.999,0.5950000000000001,16.201,27.200339997875027,8.079269112385456,28.91110643226885,1122.0,10,29.886000000000003
562,0.017,-2.091,0.493,-10.829,0.561,11.067,21.89610558980752,6.395254329086659,24.42394464503325,1124.0,10,29.886000000000003
563,-0.357,-2.805,0.425,-11.849,0.561,11.407,23.25639765741892,7.175403589230192,24.83683965151344,1126.0,10,29.886000000000003
564,-0.391,-3.4850000000000003,0.459,-13.991,0.901,9.333,23.32818767071287,6.609521767897197,26.21291686264873,1128.0,10,29.886000000000003
565,-0.391,-4.641,0.5950000000000001,-14.229,-0.799,8.483,22.75473972604389,6.719062074560593,24.817412761670507,1130.0,10,29.886000000000003
566,-0.085,-4.811,0.5950000000000001,-13.753,0.425,3.451,17.20483990044662,7.36116201675138,18.99578914380533,1132.0,10,29.886000000000003
567,-0.051,-4.267,0.5950000000000001,-14.263000000000002,0.085,10.795,25.063189421939104,7.523459176111391,27.236042210179846,1134.0,10,29.886000000000003
568,-0.119,-4.505,0.663,-14.569,-0.5950000000000001,5.423,20.03154082940202,7.131009772210464,22.95319026684001,1136.0,10,29.886000000000003
569,-0.357,-4.777,0.5950000000000001,-12.529000000000002,-0.5950000000000001,4.879,17.448626421584024,5.273636856847528,20.44318822280978,1138.0,10,29.886000000000003
570,-0.187,-5.1850000000000005,0.6970000000000001,-10.795,0.051,-0.187,10.627651669112986,4.209811691724983,14.155363720355895,1140.0,10,29.886000000000003
571,-0.051,-5.2700000000000005,-0.527,-8.381,-0.153,-0.255,8.13460214146949,4.124986061067143,8.917967717222439,1142.0,10,29.886000000000003
572,0.085,-6.613,0.085,-8.449,0.561,-1.819,6.647065217071366,3.965920658380095,9.441706256903444,1144.0,10,29.886000000000003
573,-0.289,-5.559,-0.051,-7.667000000000001,0.527,-3.043,4.659984978516562,3.76358405679425,5.890571207735557,1146.0,10,29.886000000000003
574,0.051,-5.525,0.017,-6.885000000000001,0.561,-1.3090000000000002,5.602473739340507,3.078481522994808,6.42078375992709,1148.0,10,29.886000000000003
575,-0.289,-4.981000000000001,0.051,-5.9670000000000005,0.017,0.017,5.984096590129542,2.862164760670982,7.069401846413142,1150.0,10,29.886000000000003
576,-0.323,-4.981000000000001,-0.5950000000000001,-10.523,-0.289,1.241,11.767979095834594,2.923500840647016,13.198247258313108,1152.0,10,29.886000000000003
577,-0.323,-4.675000000000001,,,,,11.767979095834594,3.0290213996612687,,1154.0,10,29.886000000000003
578,-0.119,-4.743,0.085,-7.701,-0.085,1.683,9.385539728752953,3.5575274218168618,16.159724692624085,1156.0,10,29.886000000000003
579,-0.119,-5.559,-0.799,-10.387,-0.799,1.6150000000000002,12.002,3.683358601114933,15.654297908046663,1158.0,10,29.886000000000003
580,-0.425,-3.757,-0.391,-5.899,-0.119,1.241,7.145179074033065,4.450080462831619,7.788114338938276,1160.0,10,29.886000000000003
581,-0.085,-5.151000000000001,0.357,-5.253,0.221,-4.471,0.7937379920351552,4.054242820032701,12.33649920546866,1162.0,10,29.886000000000003
582,-0.051,-3.3150000000000004,-0.799,-0.425,0.765,0.459,1.7965388946527154,4.675392544449859,7.4825296195969715,1164.0,10,29.886000000000003
583,-0.357,-3.111,-0.8330000000000001,-0.901,0.629,-1.3430000000000002,1.5273532662747018,3.655394423900889,6.785368523049538,1166.0,10,29.886000000000003
584,-0.119,-3.281,-0.8330000000000001,-0.629,0.425,0.969,2.033757114308393,4.530979884613561,9.330280398899884,1168.0,10,29.886000000000003
585,-0.323,-3.451,-0.357,-3.825,0.799,0.561,4.535783504533699,4.66993051751299,5.065312209956417,1170.0,10,29.886000000000003
586,-0.425,-2.669,-0.629,-0.153,0.799,0.765,1.6976183316635105,4.441826368077369,9.79879768569364,1172.0,10,29.886000000000003
587,-0.085,-1.445,-0.8670000000000001,-8.959000000000001,-0.6970000000000001,-9.775,0.8335202457049259,5.537323355129197,4.718023264014078,1174.0,10,29.886000000000003
588,-0.391,-1.003,0.765,3.961,-0.561,-1.683,5.797672981464202,6.62395272759447,6.434273671171461,1176.0,10,29.886000000000003
589,-0.459,-0.357,-0.085,3.621,-0.357,-1.411,5.039345989312503,5.590988395875795,5.549070496171025,1178.0,10,29.886000000000003
590,0.017,-0.391,0.561,4.267,0.629,-0.459,4.726489183315668,6.357772113276025,6.244999908337514,1180.0,10,29.886000000000003
591,-0.459,-0.629,0.255,4.879,0.629,-0.5950000000000001,5.486761522063812,6.7004626654515365,6.812207318834072,1182.0,10,29.886000000000003
592,-0.119,-5.083,0.561,-3.859,0.629,-11.985,8.126284513847642,4.966099239851803,10.91866208054068,1184.0,10,29.886000000000003
593,-0.119,-5.9670000000000005,0.017,-4.811,0.663,-12.903,8.117744760707867,5.012400163158321,9.670410985365637,1186.0,10,29.886000000000003
594,-0.119,-6.307,-0.119,-3.349,0.663,-12.869000000000002,9.552063860758052,4.538272383433727,11.02765131451442,1188.0,10,29.886000000000003
595,-0.153,-6.851000000000001,-0.493,-3.3830000000000005,0.5950000000000001,-16.439,13.10125490172602,5.237814738382523,14.447356317002193,1190.0,10,29.886000000000003
596,-0.187,-8.041,-0.8670000000000001,-1.921,-0.323,-15.317000000000002,13.407041135164762,4.66749949807985,14.449592111166876,1192.0,10,29.886000000000003
597,-0.153,-6.817,0.357,-2.363,-0.391,-15.181,12.839806384833068,3.9000703767788942,14.399961707175452,1194.0,10,29.886000000000003
598,-0.051,-7.157000000000001,0.7310000000000001,-0.901,-0.935,-15.759,14.951110995507992,4.230060637142378,15.902851176391088,1196.0,10,29.886000000000003
599,0.289,-8.041,0.357,-0.629,-0.663,-19.431,18.82964694305233,5.767216582427909,19.53795545698184,1198.0,10,29.886000000000003
600,0.0,-7.735,0.255,-1.5810000000000002,0.459,-15.555,13.975488971767678,4.246486532770231,15.537404695147472,1200.0,10,29.886000000000003
601,0.017,-7.939000000000001,0.051,-3.723,0.493,-16.031000000000002,12.315933906935358,5.022792390844631,13.254872048432992,1202.0,10,29.886000000000003
602,-0.187,-9.265,-0.391,-3.995,0.357,-17.969,13.994005145061225,4.878946451012294,15.618514092703377,1204.0,10,29.886000000000003
603,-0.391,-11.271,,,,,13.994005145061225,5.067834054110296,,1206.0,10,29.886000000000003
604,-0.391,-10.931,-0.187,-1.683,-0.459,-19.465,17.78408018425468,5.1513504745878045,19.064170644078672,1208.0,10,29.886000000000003
605,-0.051,-12.087000000000002,-0.051,0.663,-0.901,-19.805,20.48564189865673,6.227838270704498,21.43052889876665,1210.0,10,29.886000000000003
606,-0.051,-11.883,-0.8330000000000001,-0.357,-0.969,-20.009,19.65247058260106,6.313316929864208,20.519155952104303,1212.0,10,29.886000000000003
607,0.323,-11.781,0.357,-3.2470000000000003,-0.663,-21.233,18.014899278097563,6.23115172594701,18.754091543581207,1214.0,10,29.886000000000003
608,0.323,-11.645,0.663,-3.723,-1.003,-21.267000000000003,17.622925182840675,5.977141139860808,19.23147649522283,1216.0,10,29.886000000000003
609,0.289,-12.189,-0.799,-4.097,-0.935,-21.437,17.340533325131613,5.647957089459883,19.12731521436143,1218.0,10,29.886000000000003
610,0.187,-11.679,-0.799,-4.2330000000000005,-0.8330000000000001,-22.627,18.394031423263364,6.350467350786718,19.709073817964708,1220.0,10,29.886000000000003
611,-0.051,-13.515,-0.663,-1.853,0.527,-21.981,20.163146679028053,6.293705096026929,22.997726343051887,1222.0,10,29.886000000000003
612,-0.187,-13.787,0.357,-3.723,0.459,-24.361,20.63825205776885,5.961426693437611,23.543268893970144,1224.0,10,29.886000000000003
613,-0.357,-15.283,-0.425,-8.925,0.357,-24.021,15.11624093483562,5.5424716907881,17.42138491776562,1226.0,10,29.886000000000003
614,-0.187,-16.473000000000003,-0.255,-12.971,0.289,-25.075000000000003,12.11621855200706,5.953308806165271,12.952122923420552,1228.0,10,29.886000000000003
615,-0.323,-18.377,0.051,-8.687000000000001,0.221,-25.483,16.796860301854036,4.539317954844051,18.42294215461595,1230.0,10,29.886000000000003
616,-0.255,-18.343,-0.901,-14.263000000000002,0.323,-26.741000000000003,12.537888977016827,5.743197573175456,13.94656881574658,1232.0,10,29.886000000000003
617,-0.6970000000000001,-17.799000000000003,0.153,-6.987,0.391,-27.115,20.12940704541493,5.400246066262593,23.014667458152054,1234.0,10,29.886000000000003
618,-0.5950000000000001,-18.360000000000003,0.119,-6.171,-0.051,-27.387,21.21668107881155,5.85972853085475,23.64310904079206,1236.0,10,29.886000000000003
619,-0.5950000000000001,-18.615,-0.119,-5.525,0.323,-28.373,22.85227489769892,6.446587682100737,25.255036529669844,1238.0,10,29.886000000000003
620,-0.5950000000000001,-17.901,-0.561,-6.205,0.357,-28.271,22.08508727625952,6.306110113654698,25.033222042832826,1240.0,10,29.886000000000003
621,-0.663,-17.527,0.323,-6.1370000000000005,0.221,-29.597,23.460221738082527,6.669652738397814,26.71969194047917,1242.0,10,29.886000000000003
622,-0.323,-19.159,0.017,-4.573,0.017,-28.849000000000004,24.276000000000003,7.030424974819857,25.77960549761953,1244.0,10,29.886000000000003
623,-0.5950000000000001,-18.377,-0.357,-7.769,0.255,-29.359,21.59867227400796,6.078121927253647,25.660997866788943,1246.0,10,29.886000000000003
624,-0.153,-20.451,-0.7310000000000001,-8.857000000000001,0.051,-28.679,19.837419388620084,5.453372438724355,21.798949592398383,1248.0,10,29.886000000000003
625,-0.493,-19.907,-0.153,-10.931,0.357,-28.373,17.44945454734904,4.613252950740357,22.09288703502469,1250.0,10,29.886000000000003
626,-0.289,-20.451,-0.6970000000000001,-11.373,0.323,-29.665000000000003,18.32041658914993,5.10593410716444,22.869430605966297,1252.0,10,29.886000000000003
627,-0.425,-21.913,-0.119,-11.373,0.357,-29.971000000000004,18.60409041044469,5.597295489558487,22.848379945011377,1254.0,10,29.886000000000003
628,-0.391,-22.338,-0.323,-12.869000000000002,0.255,-32.861000000000004,20.000353696872462,5.762295187893316,24.624776593822897,1256.0,10,29.886000000000003
629,-0.187,-24.191000000000003,0.493,-12.189,0.255,-33.949000000000005,21.761301523576204,6.119628389687008,24.9734935814898,1258.0,10,29.886000000000003
630,-0.527,-25.143,-0.187,-10.897,0.085,-35.241,24.34551950565032,7.442146928909521,26.272340963177548,1260.0,10,29.886000000000003
631,-0.391,-26.197000000000003,-0.8670000000000001,-13.277,0.357,-35.275000000000006,22.032026234552283,6.246559706515545,23.751798203922824,1262.0,10,29.886000000000003
632,-0.663,-26.197000000000003,-0.391,-13.447,0.289,-36.737,23.29992489258281,6.885118115038088,25.895460762057045,1264.0,10,29.886000000000003
633,-0.493,-26.707,0.391,-14.977,0.357,-36.057,21.08002741933701,6.608536582927007,23.63726589514847,1266.0,10,29.886000000000003
634,-0.765,-27.897,0.459,-14.875000000000002,0.153,-38.947,24.073944836690146,7.496060296140977,27.17811795285004,1268.0,10,29.886000000000003
635,-0.629,-28.781,-0.187,-16.439,-0.5950000000000001,-38.029,21.59385477398605,6.300366302511642,23.523649208757146,1270.0,10,29.886000000000003
636,-0.493,-29.597,-0.561,-16.235,-0.255,-39.219,22.986036891991628,6.949890744231415,25.526501196626903,1272.0,10,29.886000000000003
637,-0.459,-29.937,-0.765,-16.507,0.017,-39.015,22.52158049516064,6.810875380272379,24.91900335848063,1274.0,10,29.886000000000003
638,-0.663,-29.988000000000003,-0.221,-15.861,0.6970000000000001,-40.851000000000006,25.006855540031417,7.805447342413494,28.362748232806386,1276.0,10,29.886000000000003
639,-0.493,-30.685,-0.969,-18.105,0.7310000000000001,-40.987,22.945063172717568,6.750458905560759,25.990155417745097,1278.0,10,29.886000000000003
640,-0.561,-32.963,-1.003,-21.573,0.663,-41.293000000000006,19.79024901308723,6.860649490241997,25.23983247720536,1280.0,10,29.886000000000003
641,-0.629,-32.487,-0.459,-22.525,1.139,-41.871,19.411886049531613,6.689311757574038,25.31048562968932,1282.0,10,29.886000000000003
642,-0.5950000000000001,-33.167,-0.901,-21.233,0.8330000000000001,-41.531000000000006,20.371930689063323,6.449300416747119,23.33088363791812,1284.0,10,29.886000000000003
643,-0.527,-33.269000000000005,-0.799,-20.111,1.105,-42.959,22.927196078020533,7.198371217603836,25.12897026606997,1286.0,10,29.886000000000003
644,-0.8330000000000001,-33.541000000000004,-0.663,-20.995,1.0710000000000002,-41.837,20.914007746006025,6.140413035225,23.16282554638688,1288.0,10,29.886000000000003
645,-0.8670000000000001,-33.983000000000004,-1.003,-21.947000000000003,1.921,-42.075,20.339276289976496,5.9651933123713725,23.2326704118681,1290.0,10,29.886000000000003
646,-0.6970000000000001,-34.765,-0.459,-20.859,1.411,-41.769000000000005,20.9934513598884,6.484838590996092,23.31046582596846,1292.0,10,29.886000000000003
647,-0.425,-34.595000000000006,-0.8330000000000001,-20.179,3.043,-44.489,24.61705660715757,7.276967647010526,27.08703072335413,1294.0,10,29.886000000000003
648,-0.085,-34.935,-0.085,-18.139000000000003,2.057,-44.047,25.996396442584118,7.764995075590274,27.54715017457576,1296.0,10,29.886000000000003
649,-0.221,-34.425000000000004,-0.493,-22.559,2.091,-42.483,20.090864391558668,6.212275622464286,23.917753285559105,1298.0,10,29.886000000000003
650,-0.493,-35.139,-0.289,-22.389000000000003,3.0090000000000003,-44.149,22.008507536859472,6.904802358391246,26.262537028694933,1300.0,10,29.886000000000003
651,-0.357,-35.921,0.017,-25.177000000000003,3.0770000000000004,-43.911,18.982264248503128,5.523171516195314,23.34067957246504,1302.0,10,29.886000000000003
652,-0.119,-37.723000000000006,0.085,-26.503000000000004,3.0090000000000003,-44.999,18.725698705255304,6.253980830716635,25.015111047251622,1304.0,10,29.886000000000003
653,0.051,-38.573,-0.765,-25.143,2.669,-46.087,21.223654068043984,6.302673542919535,24.31887781123872,1306.0,10,29.886000000000003
654,-0.663,-39.355,-0.425,-26.741000000000003,3.0090000000000003,-45.305,18.878942025442,5.845009719175799,23.723027058578463,1308.0,10,29.886000000000003
655,-0.629,-40.001000000000005,-1.173,-35.887,2.567,-46.121,10.895978891315824,6.302752523540875,12.948379719216687,1310.0,10,29.886000000000003
656,-0.323,-38.437000000000005,-0.017,-30.039,2.1590000000000003,-46.903000000000006,17.00380757359951,4.895445633631057,22.283657356555054,1312.0,10,29.886000000000003
657,-0.561,-39.559000000000005,0.119,-30.719,1.6150000000000002,-47.447,16.794761087910718,5.178250796476424,23.056084980965785,1314.0,10,29.886000000000003
658,-0.799,-39.899,0.153,-30.039,0.663,-48.127,18.09518842123508,5.115164016603747,21.857346438242917,1316.0,10,29.886000000000003
659,-0.493,-40.545,0.221,-26.469,-0.969,-47.855,21.419082520033395,6.1522882403049,24.88717786597949,1318.0,10,29.886000000000003
660,-0.6970000000000001,-41.803,-0.629,-30.005000000000003,-2.7030000000000003,-47.787000000000006,17.902541718985045,5.396756077333895,23.24084371563812,1320.0,10,29.886000000000003
661,-0.459,-42.721,-0.391,-28.781,-1.717,-48.195,19.459231022833357,5.866534728311943,23.833585781765134,1322.0,10,29.886000000000003
662,-0.017,-41.599,-0.085,-30.651000000000003,-1.037,-48.161,17.535860514956205,4.653722748307501,23.342033506238003,1324.0,10,29.886000000000003
663,0.017,-41.293000000000006,-1.003,-32.453,-0.969,-47.99100000000001,15.5380371990802,4.357439021218417,23.47698437412832,1326.0,10,29.886000000000003
664,0.153,-41.803,-0.901,-29.801,1.139,-46.699000000000005,17.020693405381582,5.213172696829316,20.211358544607226,1328.0,10,29.886000000000003
665,0.289,-41.225,0.085,-35.003,1.5470000000000002,-47.447,12.529588181580433,4.22755456253177,17.431569252733368,1330.0,10,29.886000000000003
666,0.255,-41.259,-1.105,-30.787000000000003,0.5950000000000001,-47.311,16.61121837795169,4.345807236887526,21.784225355358785,1332.0,10,29.886000000000003
667,0.357,-41.327000000000005,-1.105,-34.085,-0.017,-47.413,13.372334425970658,4.032879567940113,19.05955950579118,1334.0,10,29.886000000000003
668,0.255,-41.225,-0.799,-36.159000000000006,-0.629,-47.685,11.527253619141032,4.162327473902072,17.273149334646686,1336.0,10,29.886000000000003
669,0.221,-41.939,-0.051,-36.805,1.3090000000000002,-46.223000000000006,9.515688309313203,2.6162827855402737,12.71958819006452,1338.0,10,29.886000000000003
670,0.051,-41.973000000000006,-0.357,-36.975,-0.7310000000000001,-47.005,10.036970459257116,3.134033836668245,15.40590464362682,1340.0,10,29.886000000000003
671,-0.357,-42.415000000000006,-0.799,-36.567,-1.6150000000000002,-47.243,10.707139300485448,3.2690650691079464,18.30813633275492,1342.0,10,29.886000000000003
672,-0.119,-43.469,-0.663,-37.961000000000006,-2.397,-46.767,8.97509843957157,2.548738205650389,18.50257419491244,1344.0,10,29.886000000000003
673,-0.119,-43.367,-0.425,-40.205000000000005,-2.669,-46.971,7.128414409951207,2.5959923934280957,15.850061002157442,1346.0,10,29.886000000000003
674,-0.391,-44.183,-0.969,-38.165000000000006,-3.3830000000000005,-46.461000000000006,8.640081712576567,2.668410421709446,17.983432233206095,1348.0,10,29.886000000000003
675,-0.391,-43.401,-1.003,-37.825,-2.023,-47.175,9.405471811663675,2.884676364210395,18.204143588139058,1350.0,10,29.886000000000003
676,-0.5950000000000001,-42.959,-0.901,-37.859,-1.5470000000000002,-47.515,9.67758502933454,2.772745799044712,17.067581517467964,1352.0,10,29.886000000000003
677,-0.765,-42.551,-0.799,-36.873000000000005,-1.037,-42.245000000000005,5.3772695673547934,3.300084109432553,10.958451800719716,1354.0,10,29.886000000000003
678,-0.7310000000000001,-42.483,-1.105,-37.043,-2.193,-47.175,10.190248672137496,3.2554754188185244,18.520517281637343,1356.0,10,29.886000000000003
679,-0.7310000000000001,-42.143,-1.0710000000000002,-37.383,-2.193,-47.107000000000006,9.788516741570197,3.10766121141965,17.055938521566404,1358.0,10,29.886000000000003
680,-0.017,-43.435,0.051,-35.445,-2.737,-47.345000000000006,12.22223154747119,3.5736154912568554,21.018919547140317,1360.0,10,29.886000000000003
681,0.221,-42.925,-0.663,-37.621,-2.091,-47.379000000000005,9.861934293027916,3.211275057543172,19.438425189433,1362.0,10,29.886000000000003
682,0.085,-43.809000000000005,-0.629,-36.941,-2.975,-46.665000000000006,10.002994151752766,3.477372038325164,22.703813189270612,1364.0,10,29.886000000000003
683,-0.255,-44.557,-1.105,-34.867000000000004,-4.369000000000001,-45.237,10.871549843513575,4.171525441931925,24.44400734207723,1366.0,10,29.886000000000003
684,-0.323,-44.251000000000005,-1.173,-34.391000000000005,-4.131,-44.115,10.163952971162354,4.407769626028071,26.564312785451023,1368.0,10,29.886000000000003
685,-0.5950000000000001,-44.489,-1.139,-31.807,-4.165,-43.333000000000006,11.916599850628536,5.220796759504245,26.61005694972032,1370.0,10,29.886000000000003
686,-0.663,-44.353,,,,,11.916599850628536,5.299576038858788,,1372.0,10,29.886000000000003
687,-0.663,-44.047,-1.105,-32.113,-3.4170000000000003,-41.939,10.094336035619184,4.984229421925143,27.00185933478076,1374.0,10,29.886000000000003
688,-0.663,-44.115,-1.207,-31.909,-4.199000000000001,-43.265,11.743542906635971,5.035939621145799,25.808281056870968,1376.0,10,29.886000000000003
689,-0.7310000000000001,-43.741,-0.901,-32.793,-4.301,-43.537000000000006,11.26914087231143,4.641806294251072,26.156128552202617,1378.0,10,29.886000000000003
690,-0.663,-43.503,-1.275,-33.371,-4.301,-43.571000000000005,10.639392651838731,4.4622310557512535,26.693284863338796,1380.0,10,29.886000000000003
691,-0.323,-44.217000000000006,-1.0710000000000002,-31.127,-3.927000000000001,-42.619,11.84157084174224,5.4943076022449455,27.65892203112948,1382.0,10,29.886000000000003
692,-0.459,-44.047,-0.799,-31.501,-3.213,-41.769000000000005,10.547948615726188,5.2366653282570965,28.82040275847741,1384.0,10,29.886000000000003
693,-0.5950000000000001,-44.319,-0.153,-36.873000000000005,-3.825,-42.449000000000005,6.676478113496667,4.393350894489887,22.22376932194661,1386.0,10,29.886000000000003
694,-0.629,-44.217000000000006,-0.289,-33.643,-3.825,-42.517,9.552547932358152,4.498138640335573,27.250943299548798,1388.0,10,29.886000000000003
695,-0.493,-44.251000000000005,-0.017,-33.065000000000005,2.193,-47.005,14.114095791087715,4.860671388537371,17.317912699888936,1390.0,10,29.886000000000003
696,-0.459,-44.319,-0.017,-33.439,2.1590000000000003,-47.005,13.7394079930687,4.914879389608612,16.449924378393963,1392.0,10,29.886000000000003
697,-0.221,-44.489,-0.187,-33.507000000000005,-3.927000000000001,-43.29900000000001,10.481930356570778,4.60762884102948,24.430765393786317,1394.0,10,29.886000000000003
698,-0.085,-43.979000000000006,0.085,-37.893,-4.267,-43.809000000000005,7.344314808067531,3.1752730029660907,21.19544342079841,1396.0,10,29.886000000000003
699,0.221,-44.081,-1.275,-39.015,-3.213,-46.971,8.188637249261932,3.177523672595105,19.183622502844692,1398.0,10,29.886000000000003
700,0.153,-44.047,-0.527,-37.757000000000005,1.853,-46.903000000000006,9.450593420521276,3.446272662885842,11.817983664402645,1400.0,10,29.886000000000003
701,-0.187,-44.387,-1.3090000000000002,-38.879000000000005,-4.4030000000000005,-45.509,7.316401847903108,3.928956371198471,19.57694047830324,1402.0,10,29.886000000000003
702,-0.085,-44.591,-1.207,-38.981,-3.3150000000000004,-45.917,7.24925927250502,4.18147039456049,19.35818648283753,1404.0,10,29.886000000000003
703,0.119,-45.577000000000005,-0.935,-37.553,2.1590000000000003,-46.937000000000005,9.880905424099554,3.981774760425968,11.59338607937153,1406.0,10,29.886000000000003
704,0.255,-45.339000000000006,-3.723,-45.679,-0.7310000000000001,-42.823,4.13627852060279,2.3321162680635683,10.902994228948064,1408.0,10,29.886000000000003
705,-0.221,-44.795,-4.4030000000000005,-44.761,3.0090000000000003,-44.727,7.412077981241159,2.094274691279153,15.974790253389497,1410.0,10,29.886000000000003
706,0.561,-44.115,-2.5330000000000004,-46.699000000000005,-1.6150000000000002,-41.73500000000001,5.048169965442923,2.287361208765942,10.02984997574418,1412.0,10,29.886000000000003
707,-0.017,-43.197,0.323,-48.195,-0.017,-40.613,7.5896194898031615,2.5069845047524333,11.612888801623216,1414.0,10,29.886000000000003
708,0.663,-42.959,0.663,-47.889,-3.043,-41.803,7.12557590654959,2.574056088765853,12.571720643560267,1416.0,10,29.886000000000003
709,0.5950000000000001,-42.823,-1.3430000000000002,-48.263000000000005,-0.5950000000000001,-42.279,6.030568795727315,3.13744226645883,16.65086032125242,1418.0,10,29.886000000000003
710,0.629,-42.755,1.445,-46.291,1.445,-46.223000000000006,0.068,2.684693764536008,0.0960260440708001,1420.0,10,29.886000000000003
711,-0.034,-43.265,-1.751,-44.523,2.1590000000000003,-46.291,4.29114483558875,2.6460200156088933,13.08448175556382,1422.0,10,29.886000000000003
712,-0.8330000000000001,-43.877,,,,,4.29114483558875,3.0716516552841813,,1424.0,10,29.886000000000003
713,-0.051,-43.911,-2.8390000000000004,-46.597,2.5330000000000004,-46.699000000000005,5.372968267168531,2.9066759736229324,19.646488114624475,1426.0,10,29.886000000000003
714,-0.8670000000000001,-43.911,-3.0770000000000004,-47.039,2.363,-46.665000000000006,5.452841094328717,2.8574843657545728,16.403680699935233,1428.0,10,29.886000000000003
715,-2.261,-44.489,-3.723,-46.631,-2.397,-44.999,2.102783869065007,2.444674683639844,10.306856059262516,1430.0,10,29.886000000000003
716,-2.057,-44.659000000000006,-4.097,-42.959,2.1590000000000003,-46.971,7.43193649057902,2.6054835420330096,12.101717213475236,1432.0,10,29.886000000000003
717,-2.431,-44.931,-1.819,-46.631,1.785,-46.733,3.605443107303179,2.5854508883430145,10.214048430026896,1434.0,10,29.886000000000003
718,-2.805,-44.795,-1.955,-46.971,2.363,-46.155,4.394426014851087,2.394456849475471,7.596013062669669,1436.0,10,29.886000000000003
719,-2.8390000000000004,-45.475,-3.043,-47.073,2.1590000000000003,-45.101000000000006,5.563235389591205,2.3341160002231045,6.837955641533904,1438.0,10,29.886000000000003
720,-2.669,-45.441,-4.131,-43.197,2.907,-43.911,7.074124680835079,3.124156657270458,17.69658242843373,1440.0,10,29.886000000000003
721,-1.853,-45.781000000000006,-2.5330000000000004,-44.353,1.887,-46.903000000000006,5.102832546733236,2.5587301528581774,10.16605709530435,1442.0,10,29.886000000000003
722,-1.819,-45.475,3.145,-43.911,1.887,-46.86900000000001,3.21439387754519,2.7139976740298217,3.465022034169842,1444.0,10,29.886000000000003
723,-1.411,-45.237,3.111,-43.911,-3.587,-42.517,6.841523222207172,2.730265809140617,12.518772125790194,1446.0,10,29.886000000000003
724,-1.751,-45.067,2.7710000000000004,-42.891000000000005,-3.213,-47.039,7.2810823371254365,3.038582624962547,15.712450095162168,1448.0,10,29.886000000000003
725,-1.5470000000000002,-45.373000000000005,-1.955,-42.755,1.5810000000000002,-47.481,5.9024039170493925,2.632103071340494,12.490959933993423,1450.0,10,29.886000000000003
726,-1.3430000000000002,-45.407,1.683,-46.86900000000001,-3.859,-46.461000000000006,5.556998110490952,2.772186298471396,7.66529324877616,1452.0,10,29.886000000000003
727,-1.785,-45.305,-1.0710000000000002,-42.109,1.717,-46.86900000000001,5.516388673761123,3.2821641629973306,15.749596824643714,1454.0,10,29.886000000000003
728,-1.853,-45.203,-1.853,-42.143,3.0770000000000004,-43.537000000000006,5.123293471976791,3.032524317319345,18.265112826875168,1456.0,10,29.886000000000003
729,-1.751,-44.829,-0.765,-46.767,3.111,-43.809000000000005,4.875770708308585,2.895087061718394,25.57257489593229,1458.0,10,29.886000000000003
730,-1.479,-44.353,-1.479,-45.917,3.043,-44.659000000000006,4.693724320835215,2.697393191771021,25.193792499307875,1460.0,10,29.886000000000003
731,-1.683,-44.013000000000005,2.499,-45.543000000000006,2.329,-45.339000000000006,0.2655484889808263,2.634528676358136,0.7287923181265122,1462.0,10,29.886000000000003
732,-1.853,-43.401,2.1590000000000003,-46.495000000000005,2.363,-46.223000000000006,0.34,2.8375249798619167,0.9940536063326166,1464.0,10,29.886000000000003
733,-0.527,-43.027,1.5470000000000002,-47.447,1.411,-46.597,0.8608112452797072,2.247258856906808,0.9851926349364526,1466.0,10,29.886000000000003
734,-0.051,-44.013000000000005,0.459,-47.787000000000006,-2.907,-41.463,7.164002512562374,2.468490468707368,21.045977491189323,1468.0,10,29.886000000000003
735,0.017,-44.047,-1.5470000000000002,-41.701,-2.4650000000000003,-41.259,1.0188660363364754,2.194469172175622,1.2583700924517194,1470.0,10,29.886000000000003
736,-0.425,-43.979000000000006,-2.261,-41.055,0.017,-47.99100000000001,7.300505461952619,2.396518552297052,9.043147134674028,1472.0,10,29.886000000000003
737,-1.6150000000000002,-42.993,0.799,-41.361,0.051,-47.889,6.570714420822138,2.683172026559775,10.7945257988833,1474.0,10,29.886000000000003
738,-2.091,-43.809000000000005,-0.629,-40.069,0.901,-47.753,7.834842436194872,2.6064310598250096,12.572114126218333,1476.0,10,29.886000000000003
739,-1.683,-43.707,-0.969,-39.763000000000005,-2.193,-45.543000000000006,5.90817873798686,2.793906806628913,12.510783290848284,1478.0,10,29.886000000000003
740,-1.5810000000000002,-44.591,-1.037,-39.729000000000006,-1.6150000000000002,-46.971,7.265029112123365,2.732034047876336,13.213593309223102,1480.0,10,29.886000000000003
741,-1.411,-45.067,-0.8330000000000001,-39.627,0.493,-45.781000000000006,6.295235658813735,2.863164442058709,9.29813627557604,1482.0,10,29.886000000000003
742,-0.969,-43.741,-1.887,-40.885000000000005,-0.459,-39.389,2.068139260301395,2.69457514617778,15.525958433442277,1484.0,10,29.886000000000003
743,-0.8330000000000001,-43.741,-2.907,-41.497,0.153,-48.059000000000005,7.240403579911828,2.7344063489373007,9.128270421610654,1486.0,10,29.886000000000003
744,-1.105,-43.877,0.119,-41.769000000000005,1.5810000000000002,-47.481,5.896133309212064,2.2749099618221664,10.349299209839836,1488.0,10,29.886000000000003
745,-2.329,-43.741,-1.139,-42.177,1.241,-47.481,5.813502902725689,2.4215667581457465,12.486928877371044,1490.0,10,29.886000000000003
746,-1.411,-43.129000000000005,-2.261,-43.367,1.411,-47.515,5.539809383002272,2.868871685073332,17.601027956968903,1492.0,10,29.886000000000003
747,-1.513,-43.537000000000006,-1.955,-45.271,0.663,-47.821000000000005,3.654644168725596,2.6371421888065365,16.76015196216147,1494.0,10,29.886000000000003
748,-1.717,-44.081,-0.6970000000000001,-42.925,1.3430000000000002,-47.447,4.960855168214449,3.0556501773461884,16.708449290577043,1496.0,10,29.886000000000003
749,-2.193,-44.557,0.425,-41.769000000000005,0.527,-47.99100000000001,6.222836009409216,2.7722579150996176,13.506797165466716,1498.0,10,29.886000000000003
750,-2.363,-44.42100000000001,0.765,-42.313,0.7310000000000001,-46.903000000000006,4.590125924198595,2.688829306611108,13.68622307155356,1500.0,10,29.886000000000003
751,-1.411,-44.897000000000006,-1.173,-45.339000000000006,1.717,-46.86900000000001,3.270015290484129,2.984304383862797,21.733205688889583,1502.0,10,29.886000000000003
752,-0.765,-45.067,1.513,-47.719,1.785,-46.903000000000006,0.8601395235657993,2.457547958918604,1.330549266756453,1504.0,10,29.886000000000003
753,-0.493,-44.897000000000006,-1.411,-48.229000000000006,0.901,-47.345000000000006,2.4752373623553763,2.5494146597370517,21.72117818752076,1506.0,10,29.886000000000003
754,-0.629,-44.217000000000006,-2.601,-47.753,2.329,-42.041,7.545319343805138,3.367509175416101,,1508.0,10,29.886000000000003
755,-0.187,-44.013000000000005,-2.975,-45.951,1.5810000000000002,-47.447,4.795326057735804,2.6576856590134046,5.176228937575857,1510.0,10,29.886000000000003
756,-0.527,-44.999,-2.567,-43.265,1.853,-46.903000000000006,5.724634835515712,2.573818714709985,12.8309111117501,1512.0,10,29.886000000000003
757,-0.459,-45.101000000000006,-4.301,-45.441,0.153,-40.647000000000006,6.543741437434704,2.8729890708933548,23.77672144611637,1514.0,10,29.886000000000003
758,-0.153,-44.795,-4.505,-44.115,-0.629,-41.497,4.677317607347185,2.947036769294729,25.111331811711075,1516.0,10,29.886000000000003
759,-0.221,-45.543000000000006,-3.893,-45.849,-1.717,-41.123000000000005,5.202888812957663,2.846952198240824,24.497717622311868,1518.0,10,29.886000000000003
760,0.255,-44.897000000000006,0.255,-44.523,2.1590000000000003,-47.073,3.1824072649489725,2.918233081761404,13.178553167678984,1520.0,10,29.886000000000003
761,-0.459,-45.917,-4.4030000000000005,-44.931,-0.153,-45.713,4.321345160942366,2.888714161184025,6.557589948241973,1522.0,10,29.886000000000003
762,-0.119,-45.305,1.819,-46.903000000000006,2.2270000000000003,-45.135000000000005,1.8144663127211813,2.7641198673259204,15.948089634269966,1524.0,10,29.886000000000003
763,-0.153,-45.101000000000006,-4.369000000000001,-43.809000000000005,2.363,-44.999,6.836367749031645,2.756160333342585,24.894710099633187,1526.0,10,29.886000000000003
764,-0.289,-44.88,-4.505,-44.387,-2.499,-44.727,2.0346095448512966,2.758553927940976,3.4787949821404807,1528.0,10,29.886000000000003
765,-0.459,-45.577000000000005,1.819,-46.903000000000006,2.363,-45.611,1.4018559127100048,3.0875561730619623,16.233069475058755,1530.0,10,29.886000000000003
766,-1.173,-44.455000000000005,-0.5950000000000001,-43.197,2.091,-46.937000000000005,4.60458423747465,3.27973903463324,12.375800831339712,1532.0,10,29.886000000000003
767,-0.629,-44.591,-3.587,-42.721,-0.459,-43.333000000000006,3.187307327510167,2.8551396124831374,23.28099678617898,1534.0,10,29.886000000000003
768,-0.935,-45.101000000000006,-3.723,-42.755,1.683,-46.903000000000006,6.814010566472582,3.1142705233891896,10.555474966514437,1536.0,10,29.886000000000003
769,-1.3430000000000002,-44.523,-1.003,-43.639,2.1590000000000003,-47.039,4.64308561196108,3.3875557461695425,14.079548912822954,1538.0,10,29.886000000000003
770,-0.765,-44.42100000000001,-4.029,-42.823,-2.5330000000000004,-44.693000000000005,2.3947684647998857,3.047713770465253,24.3287907664862,1540.0,10,29.886000000000003
771,-0.255,-44.693000000000005,-3.757,-42.891000000000005,1.683,-46.903000000000006,6.759418909935972,3.332948159889303,10.86694838676277,1542.0,10,29.886000000000003
772,-0.391,-44.931,-2.499,-44.693000000000005,-1.037,-42.109,2.968922363417407,3.312153677276012,19.92172492079297,1544.0,10,29.886000000000003
773,0.255,-44.659000000000006,-3.791,-42.449000000000005,1.683,-46.86900000000001,7.035700107309862,3.2901399008465977,11.156956649952091,1546.0,10,29.886000000000003
774,-0.6970000000000001,-44.897000000000006,-0.051,-42.721,1.887,-46.903000000000006,4.609226399299562,3.0976532109472523,11.280014025794394,1548.0,10,29.886000000000003
775,-0.8670000000000001,-44.659000000000006,-3.961,-42.721,1.853,-46.903000000000006,7.16182379006912,3.579177991110558,11.07938674765134,1550.0,10,29.886000000000003
776,-0.799,-44.285,-2.4650000000000003,-41.157,1.887,-46.903000000000006,7.208080188233203,3.792955016960228,13.384014571148189,1552.0,10,29.886000000000003
777,-0.8330000000000001,-44.217000000000006,-3.111,-41.939,-1.3430000000000002,-37.757000000000005,4.54036870749502,3.7844548919278784,22.90915730820845,1554.0,10,29.886000000000003
778,-1.0710000000000002,-44.081,-2.907,-41.463,1.887,-46.903000000000006,7.25093345714881,3.9412430752715295,12.60782964787277,1556.0,10,29.886000000000003
779,-0.935,-44.047,-2.7030000000000003,-41.565000000000005,1.887,-46.903000000000006,7.040052840710786,3.8531107697011375,12.145786287013989,1558.0,10,29.886000000000003
780,-0.969,-43.911,-2.669,-41.905,1.853,-46.903000000000006,6.740065875048997,3.9792486842162056,11.69538948332276,1560.0,10,29.886000000000003
781,-0.663,-44.081,-2.261,-41.089000000000006,-1.411,-40.001000000000005,1.380667954288793,3.059130585262545,19.715355378503475,1562.0,10,29.886000000000003
782,-1.207,-44.183,-1.853,-42.789,-3.0770000000000004,-41.667,1.66043970080217,3.0135447879659885,2.5818867953256857,1564.0,10,29.886000000000003
783,-0.527,-44.523,1.785,-42.755,-3.281,-41.905,5.136813798455226,2.643605923472436,11.95404645722327,1566.0,10,29.886000000000003
784,-0.527,-44.86300000000001,2.2270000000000003,-42.823,-3.791,-42.551,6.024143756584831,3.029529805382156,15.290121915715844,1568.0,10,29.886000000000003
785,0.629,-44.965,1.717,-46.903000000000006,-3.995,-42.993,6.922069343772859,2.488565122781591,11.077369288165508,1570.0,10,29.886000000000003
786,0.969,-44.455000000000005,-4.335,-44.387,0.289,-40.885000000000005,5.80046377456148,2.6793266017113053,17.391144700178874,1572.0,10,29.886000000000003
787,1.173,-44.42100000000001,-4.301,-43.843,1.5810000000000002,-47.481,6.916138228809486,2.489221537035175,11.706650209334738,1574.0,10,29.886000000000003
788,1.003,-43.401,-4.301,-44.183,3.111,-44.693000000000005,7.429525153063283,2.675242987275857,13.940468952126668,1576.0,10,29.886000000000003
789,0.6970000000000001,-43.707,-4.335,-44.047,2.907,-44.999,7.304304758154606,2.4239466269326693,13.370074518281696,1578.0,10,29.886000000000003
790,0.901,-43.333000000000006,-4.267,-43.469,1.479,-42.789,5.786096784534459,2.6057698519145016,14.71931198174553,1580.0,10,29.886000000000003
791,1.037,-43.265,-4.301,-43.435,0.221,-42.143,4.702950988475215,2.3230656936356056,9.100566311111487,1582.0,10,29.886000000000003
792,0.425,-43.333000000000006,1.173,-47.413,1.5810000000000002,-47.481,0.4136278520602789,2.833611698560808,15.241055667292065,1584.0,10,29.886000000000003
793,0.901,-43.367,-4.437,-44.727,2.8390000000000004,-44.183,7.296308107529452,2.475987109684379,9.579392099616449,1586.0,10,29.886000000000003
794,1.411,-43.707,-4.369000000000001,-45.067,1.5470000000000002,-43.537000000000006,6.110642846706065,3.295788010739922,16.833461909547065,1588.0,10,29.886000000000003
795,0.153,-43.639,-4.4030000000000005,-45.543000000000006,1.785,-42.279,6.996073184294173,3.0248429977546003,9.871738756517056,1590.0,10,29.886000000000003
796,-0.323,-42.857000000000006,-4.335,-45.135000000000005,0.459,-46.223000000000006,4.915910902365908,3.031438371832878,16.23930378953276,1592.0,10,29.886000000000003
797,-0.153,-43.571000000000005,-4.131,-46.121,0.6970000000000001,-45.305,4.896472199451357,3.1192993437495304,17.820215321119708,1594.0,10,29.886000000000003
798,-0.7310000000000001,-44.625,-4.437,-45.169,-1.3430000000000002,-45.577000000000005,3.1207851576165897,2.8521270543710897,21.799360851860666,1596.0,10,29.886000000000003
799,-1.3430000000000002,-44.625,-3.5530000000000004,-42.721,-4.369000000000001,-45.135000000000005,2.548186021467036,2.802603284073731,4.8331610643087,1598.0,10,29.886000000000003
800,-1.5810000000000002,-44.319,-3.451,-42.449000000000005,-4.4030000000000005,-45.169,2.8817883336567247,2.6082222810042364,8.147702214675547,1600.0,10,29.886000000000003
801,-0.799,-44.693000000000005,-4.471,-44.047,-4.301,-44.183,0.2177062240727168,2.7540721949898272,0.7498814328643898,1602.0,10,29.886000000000003
802,-1.003,-44.829,-3.791,-42.415000000000006,-1.955,-45.033,3.1976272453180035,2.131855963042232,3.895330251028079,1604.0,10,29.886000000000003
803,-0.901,-44.931,-3.791,-42.483,-3.145,-44.42100000000001,2.0428313684687733,2.307306988982474,11.78701586351816,1606.0,10,29.886000000000003
804,-0.6970000000000001,-45.781000000000006,-3.791,-42.381,-2.329,-46.495000000000005,4.366055427957827,2.613018111978557,11.339262369896575,1608.0,10,29.886000000000003
805,-0.6970000000000001,-45.441,-3.587,-42.109,-4.063000000000001,-44.081,2.0286350090639766,2.391110057269437,2.4587467663736366,1610.0,10,29.886000000000003
806,-1.173,-45.305,-3.757,-42.347,-3.587,-42.721,0.4108235631022154,2.01522622830238,1.3396540293405523,1612.0,10,29.886000000000003
807,-1.0710000000000002,-45.373000000000005,-4.097,-42.857000000000006,-3.961,-43.197,0.3661912068851463,1.9716779806864533,0.8103074823153795,1614.0,10,29.886000000000003
808,-1.105,-45.407,-3.281,-42.109,-3.4850000000000003,-42.585,0.5178725711987459,2.059856213699378,1.2842131883911347,1616.0,10,29.886000000000003
809,-0.493,-45.815000000000005,-3.995,-42.755,-4.165,-42.993,0.2924790590794493,2.6372508877299783,0.966601074058149,1618.0,10,29.886000000000003
810,-0.663,-45.645,-4.029,-43.367,-4.199000000000001,-43.673,0.350051424793558,2.3395759606240327,0.8978698569741125,1620.0,10,29.886000000000003
811,-0.357,-45.441,-2.9410000000000003,-41.73500000000001,-2.737,-41.973000000000006,0.3134645115479582,2.095094493886592,4.682514840822561,1622.0,10,29.886000000000003
812,-0.323,-46.699000000000005,-3.961,-42.721,-4.131,-43.809000000000005,1.101201162367712,2.2624703222151026,1.2031545948875568,1624.0,10,29.886000000000003
813,-0.561,-45.713,-3.621,-42.381,-0.629,-44.557,3.699599978376041,2.615319272857748,11.53177686205557,1626.0,10,29.886000000000003
814,-0.187,-45.883,-3.961,-42.755,0.085,-43.605,4.134321709785053,2.7193794100495983,13.638237844930956,1628.0,10,29.886000000000003
815,-0.799,-44.931,-1.887,-40.953,0.289,-47.243,6.655755103667803,2.321444821046004,10.14344280906924,1630.0,10,29.886000000000003
816,-0.7310000000000001,-45.611,-2.125,-40.987,-1.037,-46.359,5.481069968537165,2.489782152334355,21.12866150209716,1632.0,10,29.886000000000003
817,-0.765,-44.897000000000006,-2.635,-41.361,0.6970000000000001,-42.347,3.4748266143794857,2.666109777566616,18.574727296030105,1634.0,10,29.886000000000003
818,-0.221,-44.761,-2.601,-41.259,1.853,-46.903000000000006,7.189774127189255,2.6679106943192377,13.18627712158158,1636.0,10,29.886000000000003
819,-0.187,-44.285,1.853,-46.903000000000006,2.1590000000000003,-47.073,0.350051424793558,2.750801770960627,17.83792203459067,1638.0,10,29.886000000000003
820,0.017,-43.911,-3.4170000000000003,-41.905,1.717,-46.86900000000001,7.141376057875681,2.8628430578505637,13.583267699796943,1640.0,10,29.886000000000003
821,0.493,-43.877,-3.825,-42.449000000000005,1.853,-46.903000000000006,7.216494994108983,2.5896933609710366,13.07395043023686,1642.0,10,29.886000000000003
822,0.5950000000000001,-43.367,-4.131,-43.29900000000001,0.765,-46.86900000000001,6.059349470033892,2.7056218285261093,11.160058035503416,1644.0,10,29.886000000000003
823,0.935,-43.707,-3.961,-42.755,1.717,-46.155,6.618132969350193,2.443327059289405,10.179971962731448,1646.0,10,29.886000000000003
824,0.765,-44.081,-4.267,-43.265,2.057,-45.169,6.604407013502424,2.647729069154632,13.873260803181063,1648.0,10,29.886000000000003
825,-0.663,-43.809000000000005,-4.199000000000001,-43.333000000000006,-1.5810000000000002,-46.461000000000006,4.079008212788986,2.500634341602476,12.63756351240051,1650.0,10,29.886000000000003
826,-0.391,-43.843,-4.301,-43.673,-0.357,-47.311,5.365648143514445,2.5288643030677083,16.75003567322075,1652.0,10,29.886000000000003
827,-0.629,-43.673,-4.335,-43.741,-1.275,-48.059000000000005,5.2923268984445775,2.77201785060852,16.7440451464235,1654.0,10,29.886000000000003
828,-0.221,-44.081,-4.335,-45.067,-2.363,-43.673,2.414957556562848,2.8543640737627585,24.376682585751308,1656.0,10,29.886000000000003
829,-0.493,-44.387,1.5810000000000002,-47.481,2.125,-46.937000000000005,0.7693321779309639,2.806272212093746,23.170130555541597,1658.0,10,29.886000000000003
830,-0.391,-44.795,-3.689,-42.721,1.717,-46.86900000000001,6.814010566472582,2.95711879965659,11.94104661425718,1660.0,10,29.886000000000003
831,-0.357,-44.523,-3.5530000000000004,-44.931,2.1590000000000003,-47.039,6.088563705834078,3.271970190275104,15.1680994099835,1662.0,10,29.886000000000003
832,-0.8330000000000001,-44.115,-4.505,-44.285,2.1590000000000003,-47.039,7.210645740847349,3.331835380110864,14.245447685066836,1664.0,10,29.886000000000003
833,0.017,-43.29900000000001,-4.063000000000001,-43.29900000000001,-2.397,-46.393,3.5140278883355496,3.0094077944200985,17.155946892947732,1666.0,10,29.886000000000003
834,-0.085,-44.931,-3.5530000000000004,-42.109,-3.893,-44.761,2.6737060421819003,2.991499222078157,19.85281712496499,1668.0,10,29.886000000000003
835,-0.5950000000000001,-44.353,-4.301,-43.809000000000005,-3.213,-45.917,2.372215841781688,2.458674134774545,17.338754281321926,1670.0,10,29.886000000000003
836,0.8670000000000001,-44.285,-4.437,-44.523,2.329,-45.951,6.915051699011368,2.887512703442531,13.311323842398242,1672.0,10,29.886000000000003
837,1.207,-43.673,-3.213,-42.109,1.5810000000000002,-47.481,7.200056944219261,3.231274608331737,11.967899290803889,1674.0,10,29.886000000000003
838,-0.969,-44.353,-3.825,-44.659000000000006,1.955,-46.903000000000006,6.2003174112298485,3.1082020563942336,13.839686098220898,1676.0,10,29.886000000000003
839,-0.153,-44.217000000000006,-4.335,-44.183,1.241,-47.277,6.376881055814041,2.965241460603295,16.231599085533446,1678.0,10,29.886000000000003
840,0.459,-44.523,-4.301,-44.183,1.037,-44.795,5.372968267168531,2.976334919161553,14.600959233696262,1680.0,10,29.886000000000003
841,0.153,-44.727,-4.301,-43.605,-1.003,-47.277,4.9356243779282885,2.8776472991112363,19.21259342384251,1682.0,10,29.886000000000003
842,-0.969,-44.761,-4.505,-44.795,-2.397,-47.685,3.577116716015848,3.0261150843505407,20.144057284165022,1684.0,10,29.886000000000003
843,-1.3090000000000002,-44.251000000000005,-4.471,-44.149,-3.995,-44.999,0.9742053171688194,3.2563534908011444,2.2720307084938094,1686.0,10,29.886000000000003
844,-1.5810000000000002,-44.693000000000005,-3.791,-42.415000000000006,1.5810000000000002,-47.481,7.383951516633896,3.1568346234014504,,1688.0,10,29.886000000000003
845,-1.377,-44.829,-3.0090000000000003,-43.29900000000001,-4.437,-45.509,2.6312134082966363,2.933450311590423,3.540186491321157,1690.0,10,29.886000000000003
846,-1.139,-44.285,1.887,-46.903000000000006,2.1590000000000003,-47.039,0.3041052449399714,2.929484101712295,22.803934757156014,1692.0,10,29.886000000000003
847,-0.6970000000000001,-44.591,-3.587,-42.211000000000006,2.193,-47.039,7.531134310314749,3.3350564779492284,11.325873590645385,1694.0,10,29.886000000000003
848,-1.105,-44.86300000000001,1.717,-46.86900000000001,1.921,-46.903000000000006,0.2068139260301394,2.7367900840982613,16.788746913993236,1696.0,10,29.886000000000003
849,-0.5950000000000001,-44.523,-4.4030000000000005,-44.727,-0.357,-44.931,4.051139592756587,2.711491967412771,20.30444160480141,1698.0,10,29.886000000000003
850,-0.561,-43.877,,,,,4.051139592756587,2.867854256645164,,1700.0,10,29.886000000000003
851,-0.425,-44.217000000000006,-4.335,-44.829,0.799,-45.339000000000006,5.159268940460461,3.0695607937229568,21.79798650220504,1702.0,10,29.886000000000003
852,0.391,-43.741,-4.267,-44.829,0.017,-44.489,4.29747088413639,2.5238447653866043,13.722453519507148,1704.0,10,29.886000000000003
853,0.765,-44.353,-4.437,-44.931,1.5810000000000002,-44.489,6.034209807423007,2.56997317790777,14.494817621353356,1706.0,10,29.886000000000003
854,-0.561,-44.489,-3.689,-42.959,2.261,-43.333000000000006,5.961742698238495,2.2305634115139967,19.056969876997137,1708.0,10,29.886000000000003
855,0.493,-45.543000000000006,-3.859,-42.551,0.493,-47.99100000000001,6.96659917032694,2.714373107143184,16.690980446693224,1710.0,10,29.886000000000003
856,0.629,-45.577000000000005,-4.131,-42.925,0.6970000000000001,-47.787000000000006,6.851906887867056,2.7096219861523227,16.982181973245158,1712.0,10,29.886000000000003
857,0.969,-45.407,-4.029,-42.959,1.5810000000000002,-47.447,7.184305394399656,2.8824473704873337,17.072814622793455,1714.0,10,29.886000000000003
858,-0.5950000000000001,-46.223000000000006,-2.431,-41.157,-0.119,-42.721,2.791315102241236,2.246661835090008,14.5805068942781,1716.0,10,29.886000000000003
859,-1.3430000000000002,-45.373000000000005,1.105,-43.673,1.5810000000000002,-47.481,3.83763468819011,2.3308434990800877,10.607832710438084,1718.0,10,29.886000000000003
860,-0.017,-46.257000000000005,-3.2470000000000003,-41.803,-0.357,-45.407,4.619622928335169,2.5891754480010327,12.315488502804032,1720.0,10,29.886000000000003
861,-0.357,-46.359,-3.0770000000000004,-41.73500000000001,2.1590000000000003,-46.971,7.404822212585526,2.591001676709368,17.444463607274685,1722.0,10,29.886000000000003
862,-0.5950000000000001,-46.257000000000005,-2.907,-41.497,0.663,-46.291,5.977234812185314,2.354151475580671,11.444991742707526,1724.0,10,29.886000000000003
863,-1.139,-45.883,-2.907,-41.497,1.887,-46.937000000000005,7.25093345714881,2.6484868245815663,12.571712798749964,1726.0,10,29.886000000000003
864,-1.0710000000000002,-45.475,-2.9410000000000003,-41.497,-1.207,-47.243,6.001939020016782,2.5052237709352365,23.125675667412654,1728.0,10,29.886000000000003
865,-0.119,-44.931,-3.111,-41.667,1.649,-45.98500000000001,6.426719536435366,3.138892308372162,13.068393195233536,1730.0,10,29.886000000000003
866,-0.901,-44.897000000000006,-3.961,-42.755,0.051,-44.727,4.47045053657906,3.1429575870732247,22.27360917028813,1732.0,10,29.886000000000003
867,-1.105,-44.523,-3.111,-41.667,0.017,-44.965,4.545457952725996,2.883849440693645,5.433416668924124,1734.0,10,29.886000000000003
868,-1.683,-44.659000000000006,-2.873,-41.599,1.683,-46.86900000000001,6.966350263947399,3.248622877532153,12.29036158949848,1736.0,10,29.886000000000003
869,-0.969,-45.509,-3.961,-42.619,-1.241,-45.135000000000005,3.705220101424476,2.8571593135547118,21.493003693009943,1738.0,10,29.886000000000003
870,-1.037,-45.305,-1.853,-45.305,2.125,-46.903000000000006,4.286967226373442,3.2056696441217065,13.95180450770765,1740.0,10,29.886000000000003
871,-0.663,-45.305,-2.907,-41.531000000000006,1.921,-46.903000000000006,7.222739646422264,3.418506918016103,12.885206512174324,1742.0,10,29.886000000000003
872,-1.445,-45.135000000000005,-3.3830000000000005,-41.939,1.887,-46.903000000000006,7.239764913310377,3.2592659513414093,12.267232873218088,1744.0,10,29.886000000000003
873,-1.717,-44.931,-3.3830000000000005,-41.871,1.921,-46.903000000000006,7.311185950309293,3.251190049092662,12.38188439351908,1746.0,10,29.886000000000003
874,-1.3430000000000002,-44.965,-2.907,-42.483,1.887,-46.903000000000006,6.5206469004233005,3.422770015763136,11.847104547418196,1748.0,10,29.886000000000003
875,-0.323,-44.999,-3.4850000000000003,-42.007000000000005,1.717,-46.86900000000001,7.120382573991373,3.017168480990355,10.95975402027184,1750.0,10,29.886000000000003
876,-1.275,-44.727,-2.635,-41.293000000000006,1.717,-46.86900000000001,7.07330757142654,3.322108989963092,12.547691110640889,1752.0,10,29.886000000000003
877,-1.5810000000000002,-44.761,-2.431,-41.293000000000006,1.717,-46.903000000000006,6.97696237627809,3.0633492054204794,11.600400395029627,1754.0,10,29.886000000000003
878,-1.683,-44.557,1.717,-46.86900000000001,1.819,-46.903000000000006,0.1075174404457249,3.129249868013434,19.73879003697567,1756.0,10,29.886000000000003
879,-1.0710000000000002,-44.523,-3.043,-41.599,-2.4650000000000003,-43.163,1.6673871775925353,3.0248041848496423,6.7317716172545286,1758.0,10,29.886000000000003
880,-1.105,-44.319,1.887,-46.903000000000006,2.023,-46.86900000000001,0.1401855912710004,3.1273094057038624,19.966869765611484,1760.0,10,29.886000000000003
881,-1.3090000000000002,-44.183,1.887,-46.903000000000006,2.193,-46.971,0.3134645115479582,3.1681391384485624,19.46523479706178,1762.0,10,29.886000000000003
882,0.017,-45.169,-3.145,-41.667,0.7310000000000001,-43.571000000000005,4.3184015561316205,2.1979738721961968,7.657434396914394,1764.0,10,29.886000000000003
883,1.3430000000000002,-44.149,-3.3150000000000004,-41.939,1.887,-46.903000000000006,7.190417234069245,2.4289693341049627,11.660922050617378,1766.0,10,29.886000000000003
884,2.023,-44.013000000000005,-3.451,-42.007000000000005,1.3090000000000002,-44.86300000000001,5.551066203892726,2.3707717619258903,10.878924679808923,1768.0,10,29.886000000000003
885,1.241,-43.979000000000006,-3.213,-42.143,2.907,-44.659000000000006,6.61699750642238,2.851298521414664,8.85921775675822,1770.0,10,29.886000000000003
886,0.765,-43.639,-3.995,-42.823,2.057,-44.86300000000001,6.386572163531859,2.7604982145494663,11.645644803409482,1772.0,10,29.886000000000003
887,0.629,-43.707,-3.3830000000000005,-41.905,-0.459,-42.891000000000005,3.085769271996855,2.536880513209846,14.880116977890957,1774.0,10,29.886000000000003
888,0.459,-44.455000000000005,-3.4170000000000003,-41.939,1.5810000000000002,-47.481,7.462825738284394,2.4497880065253,14.294281194973212,1776.0,10,29.886000000000003
889,0.391,-44.557,-3.213,-41.803,1.717,-46.86900000000001,7.068893548498238,2.309665516221962,16.850877825572038,1778.0,10,29.886000000000003
890,0.357,-44.557,-4.369000000000001,-45.475,1.683,-46.86900000000001,6.210470191539447,2.8459434391636718,19.695800534298467,1780.0,10,29.886000000000003
891,0.663,-44.115,-4.2330000000000005,-45.713,1.921,-43.29900000000001,6.610530387192847,2.826373372019013,17.24773942191542,1782.0,10,29.886000000000003
892,-0.493,-44.013000000000005,-4.369000000000001,-43.775000000000006,-1.819,-45.271,2.9564363683326587,2.8908841641128538,18.9208377122071,1784.0,10,29.886000000000003
893,-0.7310000000000001,-44.506,-4.301,-44.42100000000001,-2.363,-47.413,3.564815282732052,2.941978025224409,23.214603363812795,1786.0,10,29.886000000000003
894,-0.935,-44.829,-3.0770000000000004,-47.481,1.5810000000000002,-47.481,4.658,3.149843151154436,10.80556788326854,1788.0,10,29.886000000000003
895,-1.105,-44.931,1.785,-46.903000000000006,2.1590000000000003,-46.903000000000006,0.374,2.8725834903545104,17.152413270773668,1790.0,10,29.886000000000003
896,-0.017,-45.407,-4.369000000000001,-44.86300000000001,-1.989,-47.821000000000005,3.796599004372202,2.4568956933744244,4.340870066588867,1792.0,10,29.886000000000003
897,0.017,-46.495000000000005,-4.471,-44.251000000000005,1.3430000000000002,-42.687000000000005,6.020688664928623,2.6107541866821884,12.602205278172445,1794.0,10,29.886000000000003
898,-0.017,-45.577000000000005,-4.437,-44.523,-2.431,-44.149,2.0405665879848174,2.2130095659672944,7.198467366583879,1796.0,10,29.886000000000003
899,0.357,-45.815000000000005,-4.335,-43.367,0.969,-43.979000000000006,5.33919094994738,2.5200563215612304,11.271502533941796,1798.0,10,29.886000000000003
900,-0.187,-45.407,-4.4030000000000005,-44.081,-1.513,-46.053,3.498697471917228,2.6857878463559235,18.0759293025844,1800.0,10,29.886000000000003
901,0.629,-45.441,-4.4030000000000005,-44.455000000000005,1.5810000000000002,-47.481,6.705589608677227,2.8001950566649234,7.991828995656563,1802.0,10,29.886000000000003
902,0.8670000000000001,-44.625,-4.471,-44.727,-1.513,-45.169,2.9908406844898976,2.69835480018095,16.317929406910046,1804.0,10,29.886000000000003
903,0.425,-45.645,-3.859,-45.781000000000006,-0.357,-41.905,5.22373238211913,2.945217303547253,15.975557203264726,1806.0,10,29.886000000000003
904,-0.8670000000000001,-44.42100000000001,-4.369000000000001,-45.067,-1.6150000000000002,-44.387,2.8367086561717967,2.779561219627646,16.24257517875799,1808.0,10,29.886000000000003
905,-0.017,-44.489,-3.757,-46.767,-2.057,-45.951,1.8856977488452389,2.488554508527232,2.384260813120029,1810.0,10,29.886000000000003
906,1.6150000000000002,-44.353,-3.519,-46.937000000000005,1.989,-42.449000000000005,7.104942505045344,2.4483437757293496,10.075635273792845,1812.0,10,29.886000000000003
907,1.003,-45.815000000000005,-3.791,-46.529,1.819,-46.087,5.627385183191214,2.7450053006086863,7.536650232444859,1814.0,10,29.886000000000003
908,1.411,-45.373000000000005,-4.2330000000000005,-45.849,2.567,-42.517,7.572464856306697,2.936112376241902,12.721134047343664,1816.0,10,29.886000000000003
909,0.8330000000000001,-45.611,-4.369000000000001,-45.305,-3.145,-44.591,1.41702928692388,2.890346361050292,18.01832169545368,1818.0,10,29.886000000000003
910,0.7310000000000001,-45.611,-3.791,-45.815000000000005,-1.683,-46.087,2.1254759466999387,2.8157423684574403,16.58425314874273,1820.0,10,29.886000000000003
911,0.765,-45.917,-4.029,-46.223000000000006,-0.969,-42.075,5.154561475043246,3.305753094523428,16.663555904835235,1822.0,10,29.886000000000003
912,0.017,-44.931,-3.791,-46.835,-0.187,-39.049,8.579662697332571,3.108245591696799,17.596219179636584,1824.0,10,29.886000000000003
913,-0.323,-44.965,-3.5530000000000004,-46.971,2.5330000000000004,-42.381,7.622827297007325,3.012514373717054,10.706427463695013,1826.0,10,29.886000000000003
914,-0.289,-44.608,-4.369000000000001,-44.965,0.935,-40.987,6.630000000000001,3.4896276058116182,24.191588946527837,1828.0,10,29.886000000000003
915,-0.799,-45.271,-4.301,-43.29900000000001,-4.063000000000001,-45.713,2.425704021516228,3.217155886804368,19.67661275864796,1830.0,10,29.886000000000003
916,-0.119,-45.577000000000005,-4.437,-44.999,-1.955,-42.347,3.6322758705803175,3.15338780250048,19.64949396738368,1832.0,10,29.886000000000003
917,0.255,-44.829,-2.567,-47.243,-1.037,-42.041,5.422333814880822,3.3154845192935083,14.96218183339133,1834.0,10,29.886000000000003
918,-0.6970000000000001,-44.591,-3.689,-46.359,-3.723,-42.449000000000005,3.910147823292619,3.637844595496632,20.150222438123336,1836.0,10,29.886000000000003
919,-0.051,-44.625,-4.2330000000000005,-44.591,-3.2470000000000003,-41.769000000000005,2.9892942310853243,2.9870056536699847,21.316258921004607,1838.0,10,29.886000000000003
920,0.289,-45.135000000000005,-4.369000000000001,-44.557,-0.8670000000000001,-40.511,5.351085871110649,3.4450939810215724,20.77216739732065,1840.0,10,29.886000000000003
921,0.187,-45.747,-4.4030000000000005,-44.727,-1.207,-41.361,4.641591537393182,3.09416652706392,20.297315513014585,1842.0,10,29.886000000000003
922,-0.629,-45.441,-4.437,-44.387,-2.805,-41.531000000000006,3.289401161305808,2.895455117924869,25.617527415010606,1844.0,10,29.886000000000003
923,-1.105,-44.86300000000001,-4.029,-42.891000000000005,-1.037,-42.415000000000006,3.029627039752583,3.092728590468315,23.44708786623977,1846.0,10,29.886000000000003
924,-0.629,-45.271,-3.893,-42.517,-1.6150000000000002,-43.129000000000005,2.358776801649533,3.1246700152788884,24.904349516459167,1848.0,10,29.886000000000003
925,-0.901,-45.543000000000006,-4.063000000000001,-42.925,-3.655,-44.591,1.715231762765604,2.936968220071784,2.5269484776138715,1850.0,10,29.886000000000003
926,-1.037,-45.543000000000006,-4.335,-44.693000000000005,2.125,-47.005,6.861264023487218,2.9412589170556696,12.50668494393678,1852.0,10,29.886000000000003
927,-0.799,-45.543000000000006,1.717,-46.86900000000001,1.887,-46.903000000000006,0.1733666634621546,2.9160430435707547,18.97391819840216,1854.0,10,29.886000000000003
928,-1.207,-45.611,-4.131,-43.639,-3.859,-43.197,0.5189874757641074,2.9919363599160573,0.6213749134060105,1856.0,10,29.886000000000003
929,-1.241,-45.203,-2.023,-43.231,2.193,-47.039,5.681154812183875,2.9753372457505147,13.069308996514197,1858.0,10,29.886000000000003
930,-1.887,-44.557,-3.723,-42.415000000000006,1.683,-46.86900000000001,7.0044951281302215,3.3124927914889577,11.227469286943496,1860.0,10,29.886000000000003
931,-0.799,-44.42100000000001,-4.131,-43.197,-1.377,-40.103,4.142143406498621,2.688375492545773,21.604287714690727,1862.0,10,29.886000000000003
932,1.241,-44.659000000000006,-4.097,-42.993,0.663,-42.449000000000005,4.790984867435922,3.355791000783511,17.048745862172833,1864.0,10,29.886000000000003
933,0.799,-44.897000000000006,-4.369000000000001,-43.775000000000006,1.853,-42.755,6.305052259894442,2.663056327832088,13.255234362541962,1866.0,10,29.886000000000003
934,1.173,-45.237,-4.471,-43.877,-4.335,-44.557,0.6934666538486187,2.868440765863819,0.9929046720299728,1868.0,10,29.886000000000003
935,-0.221,-44.999,-4.2330000000000005,-44.081,2.499,-43.29900000000001,6.777267000790216,2.642576071536093,20.04350285495021,1870.0,10,29.886000000000003
936,-0.391,-44.353,-4.267,-43.571000000000005,2.125,-42.483,6.483934607936758,2.511553183294554,22.002298307797293,1872.0,10,29.886000000000003
937,-1.0710000000000002,-45.339000000000006,-1.139,-40.409000000000006,2.193,-47.039,7.420183555681087,2.9166310817577985,13.878637006837051,1874.0,10,29.886000000000003
938,-1.037,-45.101000000000006,-3.961,-42.619,-0.493,-38.131,5.671787019978801,3.092933405183461,24.08919577238448,1876.0,10,29.886000000000003
939,-1.275,-45.101000000000006,-2.907,-41.531000000000006,-0.221,-38.369,4.148835981332596,3.155287575706445,26.85596473028959,1878.0,10,29.886000000000003
940,-1.5470000000000002,-44.523,-3.825,-42.517,-1.207,-42.177,2.6399856060213667,2.4657167098780346,18.44320820501976,1880.0,10,29.886000000000003
941,-0.8670000000000001,-44.42100000000001,-3.587,-42.449000000000005,-0.085,-42.211000000000006,3.510078061810022,1.9952882669661252,13.330216708888964,1882.0,10,29.886000000000003
942,-0.5950000000000001,-44.591,-4.063000000000001,-42.959,-1.173,-42.177,2.99393119493418,2.1604286093236658,3.827765101210223,1884.0,10,29.886000000000003
943,-0.391,-44.319,-3.961,-45.135000000000005,-1.3090000000000002,-42.483,3.750494367413448,2.4795417966650293,19.909111152360094,1886.0,10,29.886000000000003
944,-0.017,-44.047,-3.5530000000000004,-45.815000000000005,2.193,-47.005,5.867931151607013,2.726243458592631,12.37982830891832,1888.0,10,29.886000000000003
945,-0.5950000000000001,-43.911,-3.995,-46.087,0.051,-41.361,6.22134969279175,2.747346749007244,8.687053280258846,1890.0,10,29.886000000000003
946,-0.799,-43.673,-4.029,-46.325,0.391,-42.041,6.155408678552546,2.753456736540453,12.268917873364744,1892.0,10,29.886000000000003
947,-0.561,-43.333000000000006,-3.689,-46.563,-0.085,-42.721,5.267805994909076,2.685985256060332,12.736941938954878,1894.0,10,29.886000000000003
948,-0.8670000000000001,-42.925,-0.493,-42.857000000000006,0.289,-41.73500000000001,1.3676286045560762,2.668999515788036,7.028287903450392,1896.0,10,29.886000000000003
949,-0.527,-42.517,-0.289,-42.449000000000005,1.819,-42.891000000000005,2.153840291200813,2.734278846586694,9.117868526329785,1898.0,10,29.886000000000003
950,-0.221,-42.483,-2.873,-41.429,-1.921,-47.99100000000001,6.630697399218276,3.124634129693338,7.456729305111791,1900.0,10,29.886000000000003
951,-1.105,-42.857000000000006,-3.621,-42.143,1.445,-41.871,5.07329675851906,3.0610965014220106,8.880410205152378,1902.0,10,29.886000000000003
952,-1.139,-43.741,-0.527,-48.161,2.7710000000000004,-42.823,6.274635288206,2.9933151701512526,19.54941900182504,1904.0,10,29.886000000000003
953,-1.3090000000000002,-43.571000000000005,-1.5470000000000002,-48.059000000000005,2.567,-42.381,7.011752990515283,2.900272999362988,21.43094889246861,1906.0,10,29.886000000000003
954,-0.935,-43.571000000000005,-0.561,-48.025000000000006,2.499,-42.517,6.300925646284045,2.9609377252267777,20.17674976607578,1908.0,10,29.886000000000003
955,-1.0710000000000002,-43.673,0.119,-47.753,2.635,-42.415000000000006,5.901228685621326,3.176467990522904,21.4653570092967,1910.0,10,29.886000000000003
956,-0.969,-43.231,-0.051,-48.127,-0.051,-42.483,5.644,2.8954376869891205,14.64524939014506,1912.0,10,29.886000000000003
957,-1.105,-42.857000000000006,-0.6970000000000001,-48.365,1.411,-43.265,5.518483849754388,3.285405600596534,17.983103469567002,1914.0,10,29.886000000000003
958,-1.3430000000000002,-42.925,-0.901,-48.263000000000005,1.5470000000000002,-47.447,2.5804185706973977,3.1104258613522853,,1916.0,10,29.886000000000003
959,-0.935,-42.993,-0.799,-47.99100000000001,0.255,-41.225,6.84760337636461,3.162326568886084,13.418696270975657,1918.0,10,29.886000000000003
960,-1.513,-43.809000000000005,-1.3090000000000002,-47.889,-0.357,-40.681,7.270596124115271,2.841944927457364,10.238468965601443,1920.0,10,29.886000000000003
961,-1.683,-44.319,-1.241,-47.821000000000005,-1.751,-42.381,5.463853951195987,3.1573659913214187,23.976289816971462,1922.0,10,29.886000000000003
962,-0.969,-44.047,0.187,-47.753,-1.105,-42.789,5.1293820290557415,2.895082046116789,20.79897231979374,1924.0,10,29.886000000000003
963,-1.3090000000000002,-44.42100000000001,-0.8330000000000001,-48.059000000000005,-1.105,-42.415000000000006,5.650550415667486,3.1348846096389305,23.893299645082884,1926.0,10,29.886000000000003
964,-1.037,-44.387,0.255,-48.127,-1.445,-42.755,5.634570436155715,3.1443961333709662,24.39803799455814,1928.0,10,29.886000000000003
965,-1.139,-44.659000000000006,0.255,-48.161,-0.5950000000000001,-43.333000000000006,4.902252951449976,3.410578555616103,25.00799463513452,1930.0,10,29.886000000000003
966,-1.139,-45.033,0.527,-47.787000000000006,-1.3430000000000002,-45.169,3.2172696498739426,3.21332447576159,23.76938599134147,1932.0,10,29.886000000000003
967,-0.8330000000000001,-45.169,-1.411,-47.243,1.955,-46.937000000000005,3.3798804712593022,3.37835925433144,25.71166805555347,1934.0,10,29.886000000000003
968,-1.139,-45.033,1.275,-47.651,0.323,-46.699000000000005,1.3463313113791866,2.771922313777785,1.7659442077485816,1936.0,10,29.886000000000003
969,-1.785,-44.693000000000005,1.241,-47.583000000000006,-0.323,-42.483,5.334425554827812,2.923892578314705,14.88997567447088,1938.0,10,29.886000000000003
970,-1.853,-44.081,-0.663,-47.923,0.629,-42.109,5.955825719411205,2.922310216913996,13.354695386403328,1940.0,10,29.886000000000003
971,-1.649,-44.013000000000005,-0.561,-47.617,-0.323,-41.871,5.750926881816531,3.086316905873125,15.538384967175505,1942.0,10,29.886000000000003
972,-2.261,-43.911,-3.0770000000000004,-47.141000000000005,-3.043,-46.461000000000006,0.6808494694130268,2.7333928212504777,0.8526755355844827,1944.0,10,29.886000000000003
973,-2.669,-43.639,-1.649,-47.447,-3.4170000000000003,-47.039,1.8144663127211813,2.913805425556935,2.053028056252417,1946.0,10,29.886000000000003
974,-1.751,-43.979000000000006,0.527,-47.175,-4.029,-45.917,4.726489183315668,3.068485245961378,6.6510015799767,1948.0,10,29.886000000000003
975,-1.513,-43.979000000000006,-0.255,-42.279,1.649,-46.597,4.719146109202384,2.848166984299647,18.667035642462388,1950.0,10,29.886000000000003
976,-0.799,-44.353,1.785,-46.495000000000005,1.955,-46.937000000000005,0.47356520142426,3.105676437164313,1.1092341397661882,1952.0,10,29.886000000000003
977,-0.459,-44.795,2.669,-45.577000000000005,1.853,-46.903000000000006,1.5569624272923224,3.178094570661719,1.977605409853028,1954.0,10,29.886000000000003
978,0.221,-45.135000000000005,2.669,-45.135000000000005,1.5810000000000002,-47.481,2.586012374293673,3.2636442178663883,,1956.0,10,29.886000000000003
979,-0.153,-45.373000000000005,-0.153,-46.359,-0.391,-46.291,0.2475237362355376,3.181863990718961,0.3139554591785328,1958.0,10,29.886000000000003
980,-0.493,-45.033,2.329,-46.733,-1.717,-46.291,4.070071252447554,2.709994940157788,5.412490295323622,1960.0,10,29.886000000000003
981,-1.377,-45.679,-0.629,-42.041,2.499,-46.563,5.498442324877111,2.814473357074011,13.691183087458231,1962.0,10,29.886000000000003
982,-0.8670000000000001,-45.169,-3.757,-42.381,2.567,-46.393,7.489266986828551,2.9376043791709923,11.07149033663835,1964.0,10,29.886000000000003
983,-1.411,-45.713,-3.757,-42.415000000000006,1.717,-46.86900000000001,7.057109323228599,3.208283454245689,10.94093616703625,1966.0,10,29.886000000000003
984,-1.173,-45.543000000000006,1.819,-41.599,2.669,-46.257000000000005,4.73491964028958,3.2103299958479985,17.526943981812547,1968.0,10,29.886000000000003
985,-0.8330000000000001,-44.86300000000001,-1.819,-44.489,2.397,-46.325,4.598429297053507,2.7164503568207223,20.231402731269128,1970.0,10,29.886000000000003
986,-0.901,-45.679,0.7310000000000001,-44.489,2.7030000000000003,-45.373000000000005,2.161073807161616,3.1114574167890283,20.254340909482742,1972.0,10,29.886000000000003
987,-0.629,-45.475,-1.037,-44.693000000000005,3.0090000000000003,-44.795,4.047285510067211,3.1220302581463724,23.3447418574155,1974.0,10,29.886000000000003
988,-0.6970000000000001,-44.931,1.139,-42.449000000000005,1.921,-46.903000000000006,4.522127817742439,2.7661420252868463,22.83728036180004,1976.0,10,29.886000000000003
989,-0.799,-43.877,1.6150000000000002,-43.231,1.3090000000000002,-45.98500000000001,2.7709478522700497,2.841232459941756,18.518266438777168,1978.0,10,29.886000000000003
990,-1.819,-44.931,-1.377,-45.713,3.0770000000000004,-44.455000000000005,4.628248048668093,2.854815449812845,19.55817390657238,1980.0,10,29.886000000000003
991,-1.207,-45.679,-0.935,-42.755,-0.7310000000000001,-42.687000000000005,0.2150348808914498,2.6943347259570025,17.109262995924375,1982.0,10,29.886000000000003
992,-1.5470000000000002,-44.642,-0.901,-41.497,2.669,-45.441,5.319777814909191,2.645111171594068,13.985068050077478,1984.0,10,29.886000000000003
993,-0.8670000000000001,-45.135000000000005,-1.3430000000000002,-40.511,2.7030000000000003,-45.883,6.725213751249845,2.712471607202565,14.329582573706311,1986.0,10,29.886000000000003
994,-0.6970000000000001,-45.611,-2.023,-40.987,-1.3430000000000002,-40.579,0.7930094576989609,3.2125639656872176,19.511287810970646,1988.0,10,29.886000000000003
995,-1.377,-44.693000000000005,-0.7310000000000001,-45.645,2.193,-47.107000000000006,3.2691313831046926,2.7238303182422907,24.151759475033383,1990.0,10,29.886000000000003
996,-1.5470000000000002,-44.370000000000005,-1.649,-46.223000000000006,2.125,-46.903000000000006,3.8347719619294174,2.6153973556776497,19.147061242268503,1992.0,10,29.886000000000003
997,-1.105,-43.877,-1.6150000000000002,-46.42700000000001,0.391,-47.685,2.367826007121301,2.820064570267013,18.676067318293143,1994.0,10,29.886000000000003
998,-0.7310000000000001,-44.829,1.275,-42.415000000000006,2.805,-43.231,1.7340000000000002,2.741688427422191,20.690243546762883,1996.0,10,29.886000000000003
999,-0.391,-45.067,1.955,-46.937000000000005,1.5470000000000002,-47.413,0.6269290230959164,2.112376261631229,1.2039567381811165,1998.0,10,29.886000000000003
1000,0.017,-44.489,1.955,-46.937000000000005,1.5810000000000002,-47.447,0.6324365580831014,2.584281039073854,1.1142759918804606,2000.0,10,29.886000000000003
1001,-0.323,-44.387,3.111,-44.829,1.5810000000000002,-47.447,3.032296819244449,2.5039113731989726,,2002.0,10,29.886000000000003
1002,0.017,-43.435,-2.057,-45.781000000000006,3.0090000000000003,-45.067,5.116068021439903,2.510983636790796,11.01637292574945,2004.0,10,29.886000000000003
1003,-0.119,-43.163,-3.5530000000000004,-42.109,-3.2470000000000003,-46.767,4.6680402740336335,2.436125099721845,13.34947296020286,2006.0,10,29.886000000000003
1004,-0.8670000000000001,-43.571000000000005,2.635,-46.223000000000006,-2.805,-41.565000000000005,7.161743083914698,2.4269956321696826,10.139786850857556,2008.0,10,29.886000000000003
1005,-1.241,-45.169,2.8390000000000004,-45.883,-2.2950000000000004,-43.197,5.794182599815094,2.785816132730355,10.87270483841472,2010.0,10,29.886000000000003
1006,-0.799,-45.339000000000006,3.043,-45.169,-1.513,-43.197,4.964465731576762,3.196140658843273,21.864028809111947,2012.0,10,29.886000000000003
1007,-1.139,-44.591,2.975,-45.475,-1.955,-43.197,5.430854813010564,2.8201151666367217,22.58934884537611,2014.0,10,29.886000000000003
1008,-1.275,-44.659000000000006,2.1590000000000003,-46.257000000000005,-3.0090000000000003,-44.149,5.581387641079949,3.115326117974662,22.95593212769511,2016.0,10,29.886000000000003
1009,-0.969,-44.557,2.567,-46.597,-3.043,-44.047,6.162353446533232,2.8841655044712287,24.95908375166663,2018.0,10,29.886000000000003
1010,-1.173,-44.591,0.561,-47.99100000000001,-2.7710000000000004,-43.503,5.589666179656885,2.707628183398689,24.49676315991166,2020.0,10,29.886000000000003
1011,-0.901,-44.591,0.425,-48.025000000000006,-3.0770000000000004,-43.29900000000001,5.882098265075143,2.5907282756294343,8.993627295148489,2022.0,10,29.886000000000003
1012,-0.493,-44.761,0.119,-48.025000000000006,1.5810000000000002,-47.481,1.5599294855858068,2.700226972397516,1.7741596978027194,2024.0,10,29.886000000000003
1013,-0.017,-44.86300000000001,-1.411,-48.025000000000006,-2.193,-45.271,2.8628726831628404,2.452150184843949,11.389269124558298,2026.0,10,29.886000000000003
1014,0.051,-44.693000000000005,-1.003,-48.331,1.5810000000000002,-47.481,2.720212491699867,2.6953689290532354,3.225239040830124,2028.0,10,29.886000000000003
1015,-0.085,-44.115,-1.649,-42.109,-1.3430000000000002,-48.195,6.093687881734673,2.5919250374038043,17.763163625547254,2030.0,10,29.886000000000003
1016,0.051,-44.455000000000005,-2.737,-45.917,-0.901,-48.263000000000005,2.979028700768088,2.4321573304260653,19.269782255064783,2032.0,10,29.886000000000003
1017,-0.187,-43.503,-0.8330000000000001,-48.195,1.6150000000000002,-47.447,2.559728110561745,2.500811644123746,3.0297597375929435,2034.0,10,29.886000000000003
1018,0.187,-42.007000000000005,-1.037,-48.161,-0.357,-42.959,5.246256188940834,3.1929510587231063,13.483672077937529,2036.0,10,29.886000000000003
1019,0.085,-43.537000000000006,-1.5470000000000002,-48.059000000000005,-0.6970000000000001,-45.475,2.720212491699867,2.501948390412025,16.244354241996692,2038.0,10,29.886000000000003
1020,0.187,-43.265,-2.091,-48.025000000000006,-1.649,-40.783,7.255475725271225,3.1343916499378075,14.491783947920604,2040.0,10,29.886000000000003
1021,0.374,-43.452000000000005,-1.887,-48.161,-1.819,-45.611,2.5509065055387667,2.583459282321793,19.391043282149173,2042.0,10,29.886000000000003
1022,0.425,-44.081,-1.5470000000000002,-48.059000000000005,-4.199000000000001,-44.829,4.179234858200721,2.8766670428238936,23.963665371942337,2044.0,10,29.886000000000003
1023,0.799,-44.081,-1.717,-48.229000000000006,-1.853,-46.461000000000006,1.7732230542151206,2.866357693357571,24.531956280644405,2046.0,10,29.886000000000003
1024,-0.119,-44.489,-1.853,-48.059000000000005,-1.003,-42.075,6.044067835489606,2.9445481805814464,15.179504300713791,2048.0,10,29.886000000000003
1025,-0.017,-44.183,-2.363,-47.957,-2.2270000000000003,-42.075,5.883572044260188,3.343138819946428,17.524831027991763,2050.0,10,29.886000000000003
1026,-0.425,-44.557,-2.2950000000000004,-47.99100000000001,-2.975,-46.971,1.2258874336577563,3.282806961291372,23.614898514014737,2052.0,10,29.886000000000003
1027,-0.323,-43.809000000000005,-2.635,-47.821000000000005,-3.655,-42.517,5.40118653630848,3.374638534134519,18.68973717269796,2054.0,10,29.886000000000003
1028,-0.255,-44.591,-2.1590000000000003,-47.821000000000005,-3.3830000000000005,-43.843,4.162049975673046,3.500002786396452,19.320080430376333,2056.0,10,29.886000000000003
1029,-1.037,-45.203,-2.907,-45.577000000000005,-3.859,-44.319,1.5776146551043448,3.642246630162717,22.7722033666775,2058.0,10,29.886000000000003
1030,-0.153,-44.931,-2.499,-47.481,-3.859,-45.815000000000005,2.150617585718112,3.121942512011316,19.38515317532324,2060.0,10,29.886000000000003
1031,-0.629,-45.067,-4.029,-45.883,-2.567,-45.645,1.4812454219338538,2.792737662461643,19.539702270553416,2062.0,10,29.886000000000003
1032,-1.003,-44.625,-2.1590000000000003,-48.127,-0.663,-46.631,2.1156634893101502,2.9088572863006137,2.742730941939918,2064.0,10,29.886000000000003
1033,-0.8330000000000001,-44.693000000000005,-3.451,-44.727,-2.975,-47.515,2.828342270659617,3.437523456325919,20.26039574230816,2066.0,10,29.886000000000003
1034,0.119,-44.557,-1.6150000000000002,-45.781000000000006,-2.805,-47.787000000000006,2.3324099125153794,2.938496528652212,19.169035482384864,2068.0,10,29.886000000000003
1035,0.221,-45.135000000000005,-1.377,-40.545,-2.397,-41.089000000000006,1.156,3.117094991538781,17.422926123885347,2070.0,10,29.886000000000003
1036,0.085,-44.115,-2.057,-47.719,-1.173,-43.877,3.942387601441543,2.5538178706025683,12.244936797639744,2072.0,10,29.886000000000003
1037,-0.7310000000000001,-42.653000000000006,-1.411,-48.127,-0.799,-40.851000000000006,7.301692954377088,2.8034862676369428,9.739172745449066,2074.0,10,29.886000000000003
1038,-0.8670000000000001,-43.163,-0.5950000000000001,-48.297,-2.193,-44.795,3.849364622895577,2.73041470086078,16.694352890941786,2076.0,10,29.886000000000003
1039,-0.561,-43.537000000000006,1.241,-47.413,-1.411,-40.545,7.362236616681103,2.395124598871569,14.17774324499026,2078.0,10,29.886000000000003
1040,-1.3090000000000002,-42.755,1.955,-46.937000000000005,-3.519,-42.143,7.276476619903344,2.7512991166687613,16.765398453390166,2080.0,10,29.886000000000003
1041,-1.173,-42.585,1.921,-46.903000000000006,-0.017,-38.811,8.320835775329304,2.6836034193916127,13.438917292064271,2082.0,10,29.886000000000003
1042,-1.683,-43.775000000000006,1.921,-46.903000000000006,1.5810000000000002,-47.481,0.6705848193927447,3.0356892188090803,1.157614516351838,2084.0,10,29.886000000000003
1043,-2.7710000000000004,-44.761,-0.323,-42.075,1.785,-46.733,5.112790627436254,2.9020544850488315,16.998341120276564,2086.0,10,29.886000000000003
1044,-1.513,-45.645,-1.3090000000000002,-43.163,2.125,-46.563,4.832427547309944,2.9753290170450497,13.788312271305454,2088.0,10,29.886000000000003
1045,-2.7030000000000003,-44.795,-1.989,-42.755,2.4650000000000003,-46.495000000000005,5.815987964224135,2.617336515689879,13.556683394089458,2090.0,10,29.886000000000003
1046,-1.0710000000000002,-44.183,-0.765,-47.923,1.887,-43.571000000000005,5.096372042934072,2.378526402341681,6.0519684945219145,2092.0,10,29.886000000000003
1047,-0.799,-43.673,-1.037,-48.365,-1.377,-40.477,7.8953241858710275,2.6994785224279667,11.901061460064374,2094.0,10,29.886000000000003
1048,0.493,-44.081,-0.8330000000000001,-48.331,0.085,-41.667,6.726932436110832,2.0829749410976874,17.98854661326209,2096.0,10,29.886000000000003
1049,0.527,-44.013000000000005,-0.051,-47.753,-0.663,-39.797,7.979503743968043,2.58609374084207,19.066080364043533,2098.0,10,29.886000000000003
1050,0.459,-43.571000000000005,1.173,-46.053,-1.411,-40.409000000000006,6.207398166703986,2.3702836699218204,17.37814290616078,2100.0,10,29.886000000000003
1051,0.119,-43.979000000000006,-1.003,-47.957,-1.3430000000000002,-40.307,7.657551828097541,2.8239157795345498,21.65112188410011,2102.0,10,29.886000000000003
1052,0.357,-43.877,-0.289,-48.331,-1.3430000000000002,-39.661,8.733831690615524,2.996765437046529,19.213170905407605,2104.0,10,29.886000000000003
1053,-0.051,-43.945,-2.125,-48.059000000000005,-0.221,-41.599,6.73474691432425,2.959100081101816,13.309604186109086,2106.0,10,29.886000000000003
1054,0.323,-43.911,-1.921,-48.025000000000006,1.5470000000000002,-47.413,3.5215860063329423,2.771214405404395,3.8417598097070655,2108.0,10,29.886000000000003
1055,0.187,-44.047,-2.8390000000000004,-44.047,-2.363,-47.855,3.83763468819011,2.8252304380001805,17.11136096024892,2110.0,10,29.886000000000003
1056,0.051,-44.489,1.887,-46.903000000000006,2.1590000000000003,-47.039,0.3041052449399714,2.749319546369056,0.4356834760917352,2112.0,10,29.886000000000003
1057,0.187,-44.42100000000001,-3.4850000000000003,-47.175,0.221,-42.313,6.113385314210124,2.729256643710224,21.190419110028333,2114.0,10,29.886000000000003
1058,0.391,-43.537000000000006,-2.091,-48.025000000000006,1.445,-42.755,6.3463529684378575,2.428059775527269,18.358964964058355,2116.0,10,29.886000000000003
1059,0.459,-43.809000000000005,-2.431,-47.957,-1.105,-43.197,4.941242353902509,2.8022301735233874,17.601452038758516,2118.0,10,29.886000000000003
1060,0.119,-44.047,-3.349,-47.311,-1.649,-45.645,2.380242844753451,3.1148387668859336,27.513549274570767,2120.0,10,29.886000000000003
1061,-0.493,-43.911,-2.737,-47.787000000000006,-2.635,-42.517,5.270987004347478,3.1396846250446875,16.007633832018584,2122.0,10,29.886000000000003
1062,-0.153,-43.707,-3.451,-47.141000000000005,-1.037,-42.177,5.519845287686966,3.374049541425085,17.36991506971146,2124.0,10,29.886000000000003
1063,0.6970000000000001,-44.251000000000005,,,,,5.519845287686966,3.04695254951114,,2126.0,10,29.886000000000003
1064,0.493,-44.353,-2.907,-47.651,-2.9410000000000003,-41.531000000000006,6.120094443715718,2.8750754824592533,12.499807442771464,2128.0,10,29.886000000000003
1065,-0.255,-44.387,-2.8390000000000004,-47.685,-1.3090000000000002,-41.531000000000006,6.341341813843504,2.841300966022504,10.618865556255486,2130.0,10,29.886000000000003
1066,-0.221,-44.931,-2.7710000000000004,-47.685,-1.377,-40.477,7.3415597797743235,3.2131810015014555,14.4650255855669,2132.0,10,29.886000000000003
1067,0.323,-44.523,-3.5530000000000004,-47.039,0.6970000000000001,-46.053,4.362877032417944,2.7711580760992205,24.20612035474016,2134.0,10,29.886000000000003
1068,0.187,-44.489,-1.003,-45.373000000000005,-0.799,-45.407,0.2068139260301394,2.5639749815604995,19.72942627437128,2136.0,10,29.886000000000003
1069,0.187,-45.237,-3.0770000000000004,-47.447,-0.765,-42.993,5.018312465361239,2.711512355825364,16.39082530437185,2138.0,10,29.886000000000003
1070,-0.221,-44.489,-2.023,-47.889,-2.635,-42.925,5.001583749173856,2.6633834096024165,15.036543634311831,2140.0,10,29.886000000000003
1071,-0.459,-44.489,-2.091,-45.577000000000005,-2.9410000000000003,-43.401,2.3361241405370565,2.6500434520209137,14.303670805162056,2142.0,10,29.886000000000003
1072,-0.663,-43.503,1.5810000000000002,-47.481,1.717,-46.86900000000001,0.6269290230959164,2.19002952851088,0.925517779607598,2144.0,10,29.886000000000003
1073,-1.513,-43.877,-2.261,-42.415000000000006,1.377,-47.515,6.264586498724397,2.757839104050771,20.724750589413457,2146.0,10,29.886000000000003
1074,-2.1590000000000003,-44.285,-4.165,-43.945,1.921,-46.903000000000006,6.766768800542842,2.8167357683970766,19.802660275367504,2148.0,10,29.886000000000003
1075,-2.4650000000000003,-44.795,-1.411,-41.497,2.5330000000000004,-46.563,6.420240805452705,2.907578733415918,14.731454959860846,2150.0,10,29.886000000000003
1076,-2.7030000000000003,-44.86300000000001,-1.241,-41.599,1.717,-46.86900000000001,6.043398381705446,3.246324392873904,15.83035231177141,2152.0,10,29.886000000000003
1077,-2.737,-44.591,-2.4650000000000003,-42.041,2.431,-46.699000000000005,6.7577940187608565,3.189275036367321,17.39189149004679,2154.0,10,29.886000000000003
1078,-2.329,-45.271,-3.961,-43.367,3.0090000000000003,-45.713,7.354224364268472,3.073673509883025,12.935514432618504,2156.0,10,29.886000000000003
1079,-1.887,-45.067,-1.173,-44.149,1.5470000000000002,-47.617,4.407428275082874,2.531380141801496,13.913805801440706,2158.0,10,29.886000000000003
1080,-1.411,-44.625,1.6150000000000002,-47.583000000000006,1.989,-46.971,0.7172307857307857,2.430859522495361,1.3121635625890813,2160.0,10,29.886000000000003
1081,-1.054,-44.404,-4.471,-44.047,1.5810000000000002,-47.481,6.95838055872198,2.628093098300236,11.747555985435618,2162.0,10,29.886000000000003
1082,-1.037,-44.047,-2.567,-41.259,1.5810000000000002,-47.481,7.477913345312315,2.6139944148396737,15.867983222732644,2164.0,10,29.886000000000003
1083,-0.8670000000000001,-43.537000000000006,-2.975,-42.381,1.6150000000000002,-47.447,6.836114100861688,2.928081822885424,15.410626868444307,2166.0,10,29.886000000000003
1084,-0.765,-43.673,-1.887,-40.885000000000005,1.989,-46.801,7.072653815930765,2.968156765045713,16.633207517434972,2168.0,10,29.886000000000003
1085,-1.513,-43.843,-3.111,-41.701,1.989,-46.42700000000001,6.953062346908735,2.898109714597167,12.624047189347078,2170.0,10,29.886000000000003
1086,0.289,-44.455000000000005,-4.199000000000001,-43.435,1.887,-46.903000000000006,7.004742679071088,2.6656957251211635,15.60280989298558,2172.0,10,29.886000000000003
1087,-0.969,-42.959,1.751,-44.353,1.683,-43.503,0.8527156618709428,2.077184570763724,0.9296492839722652,2174.0,10,29.886000000000003
1088,-0.901,-43.214000000000006,1.3090000000000002,-47.481,1.377,-45.135000000000005,2.3469853003374355,2.673074375224878,3.1023248157347627,2176.0,10,29.886000000000003
1089,-0.289,-43.571000000000005,1.377,-47.583000000000006,-2.125,-41.123000000000005,7.3481701123477,2.495792167132769,19.45853583782583,2178.0,10,29.886000000000003
1090,-0.6120000000000001,-43.656000000000006,0.561,-48.059000000000005,-2.975,-42.245000000000005,6.804843275197454,2.955253432274086,21.114178249686223,2180.0,10,29.886000000000003
1091,-0.221,-44.319,-0.527,-46.733,-2.125,-45.917,1.7942853730663917,2.815132160914161,18.51348366213796,2182.0,10,29.886000000000003
1092,-0.119,-43.741,-0.459,-48.297,-2.7030000000000003,-42.381,6.327289467062497,2.710672751952649,16.040482419287702,2184.0,10,29.886000000000003
1093,0.391,-43.809000000000005,-0.323,-47.923,-1.377,-40.511,7.486565300590118,3.1796245743692384,11.527422851946246,2186.0,10,29.886000000000003
1094,-0.153,-43.605,-1.275,-48.229000000000006,-2.9410000000000003,-41.497,6.935083272751669,3.2043958235832197,14.626421628345463,2188.0,10,29.886000000000003
1095,-0.255,-44.115,-1.411,-48.195,-3.4170000000000003,-41.939,6.569746722667473,3.208767235435161,15.838146611631364,2190.0,10,29.886000000000003
1096,-0.289,-44.965,-2.091,-47.583000000000006,-1.5810000000000002,-47.54900000000001,0.5111320768646789,3.4543334805827874,1.0010236559104493,2192.0,10,29.886000000000003
1097,-0.765,-45.339000000000006,-1.5470000000000002,-47.175,-1.003,-47.073,0.55347990026739,3.5543128792649057,0.7571313116638543,2194.0,10,29.886000000000003
1098,-0.221,-44.353,-2.873,-47.719,-0.187,-46.053,3.1607201711002517,2.9247175608510103,22.913425614846165,2196.0,10,29.886000000000003
1099,-1.105,-44.081,-3.281,-47.209,-2.8390000000000004,-44.659000000000006,2.588023183821969,3.2423370669868605,22.28636700416001,2198.0,10,29.886000000000003
1100,-0.8330000000000001,-44.081,-3.213,-47.311,-3.893,-45.679,1.7680000000000002,2.872467191566574,23.12822177439894,2200.0,10,29.886000000000003
1101,-0.289,-44.285,-3.0090000000000003,-47.481,-0.7310000000000001,-41.73500000000001,6.181084047317267,3.0119389007812924,14.880927978797375,2202.0,10,29.886000000000003
1102,-0.255,-44.625,,,,,6.181084047317267,2.761382779237969,,2204.0,10,29.886000000000003
1103,-0.425,-43.843,-2.9410000000000003,-47.583000000000006,-4.165,-43.333000000000006,4.422745301280642,2.856364009783783,20.310307652332625,2206.0,10,29.886000000000003
1104,-0.8330000000000001,-43.435,-3.111,-47.413,-4.131,-43.333000000000006,4.205567738130014,2.8388777801987097,20.05149149022812,2208.0,10,29.886000000000003
1105,-1.3430000000000002,-43.163,-0.901,-48.331,-1.411,-40.579,7.768758201926484,2.7337703323189726,11.80737616128588,2210.0,10,29.886000000000003
1106,-2.261,-42.959,-0.493,-47.787000000000006,-1.411,-40.511,7.333682567441817,3.154172616952311,14.372392601617916,2212.0,10,29.886000000000003
1107,-1.853,-43.027,-0.391,-48.263000000000005,0.153,-40.035,8.245963861186878,2.845487847169065,11.522923183368508,2214.0,10,29.886000000000003
1108,-1.037,-42.551,0.527,-47.923,-0.459,-40.851000000000006,7.1404047504325705,3.1578508540460795,13.683208299362974,2216.0,10,29.886000000000003
1109,-1.513,-43.333000000000006,0.629,-47.243,-1.887,-40.885000000000005,6.837720380360695,3.049601762656004,10.34626043750382,2218.0,10,29.886000000000003
1110,-0.969,-41.973000000000006,-0.391,-48.059000000000005,-1.377,-41.429,6.702916976958614,2.7896427498543024,9.75139646642756,2220.0,10,29.886000000000003
1111,-1.207,-42.517,-0.391,-48.263000000000005,-0.323,-40.613,7.650302216252637,2.9483619480967667,12.573685509477496,2222.0,10,29.886000000000003
1112,-1.377,-42.449000000000005,-0.391,-48.229000000000006,-0.765,-42.721,5.520682928768868,2.8608515185668137,13.500253125643887,2224.0,10,29.886000000000003
1113,-1.853,-42.925,-0.425,-48.229000000000006,2.7030000000000003,-42.857000000000006,6.216330750531217,3.404991399860067,15.56309554109832,2226.0,10,29.886000000000003
1114,-1.751,-43.605,-0.799,-48.093,-0.425,-43.197,4.91026394402582,3.179720609886274,18.95492278608719,2228.0,10,29.886000000000003
1115,-1.751,-43.707,-1.989,-48.025000000000006,-0.799,-43.265,4.906495694485017,2.973367187676043,18.61542257936073,2230.0,10,29.886000000000003
1116,-0.969,-43.401,-3.213,-47.243,0.527,-43.163,5.534799002673901,2.916475321991992,19.44239728155563,2232.0,10,29.886000000000003
1117,-0.629,-43.571000000000005,-3.927000000000001,-46.393,0.221,-42.891000000000005,5.428619345653184,2.7798795104791463,20.954375279978414,2234.0,10,29.886000000000003
1118,-0.527,-44.013000000000005,-4.369000000000001,-45.509,2.1590000000000003,-42.483,7.195238703476071,2.523919742936152,17.99034461997211,2236.0,10,29.886000000000003
1119,-0.6970000000000001,-43.605,-3.859,-46.393,0.323,-40.715,7.0518655687697285,2.8581115483085955,17.322296645997334,2238.0,10,29.886000000000003
1120,-0.663,-44.387,-3.587,-46.495000000000005,1.6150000000000002,-42.415000000000006,6.611142412624312,2.0224448146914225,13.654002786112164,2240.0,10,29.886000000000003
1121,-0.799,-44.387,-3.2470000000000003,-47.005,1.241,-41.327000000000005,7.237529136383494,2.1167785721515475,13.231930721548702,2242.0,10,29.886000000000003
1122,-0.935,-44.999,-1.853,-47.311,0.085,-40.579,7.0054027721466525,2.45208272667264,10.966028507724952,2244.0,10,29.886000000000003
1123,-0.7310000000000001,-44.183,-3.621,-43.29900000000001,0.765,-41.73500000000001,4.656510710821999,2.0852937872721227,15.179245694123736,2246.0,10,29.886000000000003
1124,0.425,-44.897000000000006,-3.757,-42.449000000000005,1.377,-41.395,5.24107546215469,2.8326129666020257,19.289460523274983,2248.0,10,29.886000000000003
1125,-0.8670000000000001,-45.033,-4.335,-43.775000000000006,0.153,-40.647000000000006,5.470514418224305,2.814381655396877,22.540761995172804,2250.0,10,29.886000000000003
1126,-0.5950000000000001,-44.86300000000001,-4.437,-44.455000000000005,0.799,-40.953,6.299182486640628,2.7148354295912265,21.795287300782544,2252.0,10,29.886000000000003
1127,-0.391,-45.101000000000006,-4.471,-43.809000000000005,1.6150000000000002,-41.565000000000005,6.486519251493825,3.0006651784414147,24.1389180700982,2254.0,10,29.886000000000003
1128,-0.357,-44.727,,,,,6.486519251493825,2.967307198828095,,2256.0,10,29.886000000000003
1129,0.527,-44.727,-4.471,-44.251000000000005,0.527,-42.823,5.19799846094629,2.5787807400520038,16.448164899267052,2258.0,10,29.886000000000003
1130,0.391,-44.523,-4.505,-44.319,3.111,-43.809000000000005,7.633056792661771,2.591560102404513,13.03329897738562,2260.0,10,29.886000000000003
1131,-0.017,-45.781000000000006,-4.4030000000000005,-44.183,1.955,-46.937000000000005,6.928829627000509,2.9302689181241783,9.49854243439043,2262.0,10,29.886000000000003
1132,0.017,-45.475,-4.2330000000000005,-43.537000000000006,2.5330000000000004,-42.483,6.84760337636461,3.1923603052830374,14.71667075507937,2264.0,10,29.886000000000003
1133,0.221,-45.067,-2.9410000000000003,-43.945,2.1590000000000003,-47.005,5.947570932742208,3.142835828630328,15.918668763787675,2266.0,10,29.886000000000003
1134,-0.085,-44.948,-4.165,-42.925,1.921,-46.903000000000006,7.270755118968044,3.236681210279981,10.53796495467846,2268.0,10,29.886000000000003
1135,-0.459,-45.203,-2.907,-45.883,2.1590000000000003,-47.039,5.1962190100110295,3.167327973835204,15.334449747852515,2270.0,10,29.886000000000003
1136,-0.629,-45.305,-3.5530000000000004,-43.435,-3.0090000000000003,-46.699000000000005,3.309022816482232,3.117457603212811,4.465092844454342,2272.0,10,29.886000000000003
1137,-1.003,-45.033,-3.145,-41.769000000000005,1.887,-46.903000000000006,7.188809358996801,3.28688743847261,11.619523279233412,2274.0,10,29.886000000000003
1138,-1.3090000000000002,-44.999,-2.567,-41.225,1.717,-46.86900000000001,7.0857174654370745,3.5538124195588563,12.7190395737209,2276.0,10,29.886000000000003
1139,-1.717,-44.217000000000006,1.921,-46.903000000000006,2.1590000000000003,-47.039,0.2741167634421507,3.204284695656852,20.75308250098957,2278.0,10,29.886000000000003
1140,-0.969,-44.387,-3.145,-41.667,-4.267,-45.509,4.002480231056738,3.0155149251390325,7.613879264776843,2280.0,10,29.886000000000003
1141,-0.459,-43.979000000000006,-3.145,-41.701,1.887,-46.903000000000006,7.237529136383494,2.7363631282756957,11.51867794397267,2282.0,10,29.886000000000003
1142,0.153,-43.503,1.921,-46.903000000000006,2.193,-47.039,0.3041052449399714,2.482194500795025,16.761634085910398,2284.0,10,29.886000000000003
1143,0.357,-42.653000000000006,0.629,-41.73500000000001,1.207,-45.781000000000006,4.087077195258245,2.812199015465534,9.262837356473684,2286.0,10,29.886000000000003
1144,0.119,-42.449000000000005,-4.267,-43.571000000000005,2.975,-45.373000000000005,7.462825738284394,2.408969722185613,12.122801183742837,2288.0,10,29.886000000000003
1145,-0.221,-42.925,-4.471,-44.217000000000006,3.043,-45.271,7.587562981616694,2.8141423397384515,12.483568775053858,2290.0,10,29.886000000000003
1146,0.119,-43.197,-4.165,-44.86300000000001,1.853,-43.231,6.235362699955794,2.6669723373932945,10.904505843303555,2292.0,10,29.886000000000003
1147,-0.5950000000000001,-43.656000000000006,-3.5530000000000004,-47.005,-2.669,-44.149,2.9896809194293628,3.131886907418825,22.5450553329844,2294.0,10,29.886000000000003
1148,-1.377,-42.075,-3.655,-44.965,-2.4650000000000003,-45.543000000000006,1.3229451991673729,2.461113296823259,1.7253989913636518,2296.0,10,29.886000000000003
1149,-1.377,-43.061,-3.621,-46.937000000000005,1.411,-42.347,6.810956173695438,2.3765028269161896,13.176586964150143,2298.0,10,29.886000000000003
1150,-0.7310000000000001,-43.503,-3.825,-46.733,1.275,-41.191,7.531518040873301,2.365869076719782,11.220309576066066,2300.0,10,29.886000000000003
1151,-1.139,-43.911,-3.587,-46.529,0.799,-40.919,7.121031947688481,2.7988771544644138,14.55470286320461,2302.0,10,29.886000000000003
1152,-1.3090000000000002,-44.251000000000005,-3.689,-46.121,0.425,-40.783,6.739379793423131,2.245245415736628,13.575608534481686,2304.0,10,29.886000000000003
1153,-0.459,-44.251000000000005,-3.655,-46.597,0.221,-40.987,6.818759124650174,2.663148863212375,15.438416849439465,2306.0,10,29.886000000000003
1154,-0.663,-44.693000000000005,-3.043,-46.733,0.323,-40.613,6.984579872834157,2.8113294089174734,15.636305967205336,2308.0,10,29.886000000000003
1155,-0.5950000000000001,-44.965,-3.893,-46.529,-2.737,-41.327000000000005,5.328896696315289,2.7554818857254517,13.57487117230837,2310.0,10,29.886000000000003
1156,-0.357,-44.693000000000005,-3.927000000000001,-46.393,-3.0770000000000004,-41.599,4.868771508296523,2.4742856426151008,14.457707551105878,2312.0,10,29.886000000000003
1157,-0.085,-45.407,-2.2270000000000003,-46.42700000000001,-4.131,-42.891000000000005,4.016031872383485,2.4079439233198743,14.290661831570338,2314.0,10,29.886000000000003
1158,-0.493,-44.897000000000006,-2.7030000000000003,-46.903000000000006,-4.199000000000001,-43.639,3.5905030288247914,2.5651508835420795,14.520967169879782,2316.0,10,29.886000000000003
1159,-1.513,-45.373000000000005,-3.2470000000000003,-44.965,-0.085,-42.857000000000006,3.800251044339045,1.7176311575368717,8.877874632210968,2318.0,10,29.886000000000003
1160,-1.377,-45.611,-2.4650000000000003,-47.583000000000006,-2.125,-47.753,0.3801315561749643,1.700266383538326,1.049840508853348,2320.0,10,29.886000000000003
1161,-1.445,-44.931,-3.043,-46.937000000000005,-2.873,-47.005,0.1830956034425731,2.228494823380198,0.2459252316839894,2322.0,10,29.886000000000003
1162,-1.241,-45.679,-3.5530000000000004,-45.611,-2.7030000000000003,-45.747,0.8608112452797072,2.5827802698480538,17.97159057833315,2324.0,10,29.886000000000003
1163,-1.5470000000000002,-45.407,-3.893,-45.271,-2.5330000000000004,-44.557,1.5360325517384066,2.769309234255358,17.636596090431297,2326.0,10,29.886000000000003
1164,-1.037,-45.101000000000006,-3.859,-46.121,-1.445,-43.911,3.272842189901615,2.837724313703735,14.399081680578483,2328.0,10,29.886000000000003
1165,-0.935,-44.86300000000001,-2.873,-47.005,-1.139,-46.597,1.7813534180504442,2.8686010662669967,17.243086564183972,2330.0,10,29.886000000000003
1166,-0.221,-45.033,-4.505,-44.523,-3.2470000000000003,-44.659000000000006,1.265329996483131,2.605679433344553,1.563743981378198,2332.0,10,29.886000000000003
1167,-0.6970000000000001,-44.86300000000001,-2.363,-46.393,-0.8330000000000001,-42.143,4.517012286899384,2.2734761395424625,11.559546013713785,2334.0,10,29.886000000000003
1168,-0.323,-45.407,-4.369000000000001,-45.543000000000006,0.629,-42.381,5.914241117844284,2.931101469173436,14.011790667119152,2336.0,10,29.886000000000003
1169,-0.425,-45.407,-4.471,-44.659000000000006,2.975,-43.29900000000001,7.569181990149266,3.2014411302257684,12.165998731850523,2338.0,10,29.886000000000003
1170,-0.6970000000000001,-44.523,-4.335,-43.639,-3.621,-43.265,0.8060223321968195,3.3653177081612897,23.012273095958317,2340.0,10,29.886000000000003
1171,-0.255,-44.727,-4.369000000000001,-44.86300000000001,-2.737,-43.843,1.9245321509395472,2.8605093321076343,24.807681156262998,2342.0,10,29.886000000000003
1172,0.935,-45.373000000000005,-3.995,-45.645,-0.6970000000000001,-43.197,4.107250661939201,2.7312503114153706,15.099405332885196,2344.0,10,29.886000000000003
1173,0.459,-44.999,-4.437,-44.795,-1.955,-42.041,3.707403404001243,3.1489574767690844,17.75255032645435,2346.0,10,29.886000000000003
1174,0.119,-44.523,-2.261,-42.143,2.1590000000000003,-47.073,6.621276312011152,3.306089407420602,15.551594345356923,2348.0,10,29.886000000000003
1175,0.017,-44.931,-2.1590000000000003,-42.041,2.091,-42.279,4.256658783600114,3.12243972491552,9.971838962756634,2350.0,10,29.886000000000003
1176,0.8670000000000001,-44.659000000000006,-2.805,-43.435,-1.717,-42.007000000000005,1.7952515144123955,3.103901462896878,19.107605933177812,2352.0,10,29.886000000000003
1177,-0.8330000000000001,-44.591,-4.369000000000001,-44.115,-1.751,-43.29900000000001,2.742221726994373,3.002321867702108,18.48998657401266,2354.0,10,29.886000000000003
1178,0.6970000000000001,-45.305,-4.4030000000000005,-44.897000000000006,-0.561,-42.313,4.630120948744212,2.773767027928365,13.142927880825631,2356.0,10,29.886000000000003
1179,-0.017,-44.846,-1.0710000000000002,-42.721,2.1590000000000003,-47.039,5.392404287514059,3.079570300237517,12.10189340192635,2358.0,10,29.886000000000003
1180,-1.683,-44.387,-4.267,-43.843,-2.261,-41.191,3.325227811744633,3.462382736071944,24.51601431084436,2360.0,10,29.886000000000003
1181,-0.221,-45.373000000000005,-4.4030000000000005,-44.591,-3.145,-42.755,2.225636987471227,2.5775667811065075,20.90987610941612,2362.0,10,29.886000000000003
1182,0.153,-45.441,-4.199000000000001,-43.333000000000006,1.887,-46.903000000000006,7.055798749964459,2.7307829819834213,10.54682449146786,2364.0,10,29.886000000000003
1183,0.187,-46.019000000000005,-4.335,-43.775000000000006,-1.513,-45.951,3.563517924747959,2.61532056140625,17.269884445932966,2366.0,10,29.886000000000003
1184,0.391,-45.543000000000006,-1.207,-45.713,2.1590000000000003,-47.107000000000006,3.643239218058567,2.689448385825289,10.32387697993563,2368.0,10,29.886000000000003
1185,-0.357,-45.067,-3.825,-42.925,-2.1590000000000003,-42.177,1.8262146642714268,2.6594309165461176,24.68435620420252,2370.0,10,29.886000000000003
1186,0.119,-45.39,-3.859,-42.551,0.7310000000000001,-43.333000000000006,4.65613831409678,2.4563853523542183,15.784183111166747,2372.0,10,29.886000000000003
1187,0.289,-45.135000000000005,-4.335,-43.605,0.391,-43.707,4.727100591271568,2.2632491302207822,14.041418051274215,2374.0,10,29.886000000000003
1188,-0.391,-44.761,-3.927000000000001,-43.877,-0.459,-42.857000000000006,3.6148892099205474,2.71752149735887,11.467060639223511,2376.0,10,29.886000000000003
1189,-0.289,-43.741,-4.4030000000000005,-43.809000000000005,1.5810000000000002,-47.481,7.020814767532328,2.611626020211701,11.437177518165246,2378.0,10,29.886000000000003
1190,0.323,-42.857000000000006,-4.4030000000000005,-45.203,1.377,-44.591,5.812309695809404,3.0036866179805397,14.67445093967688,2380.0,10,29.886000000000003
1191,0.153,-42.653000000000006,-2.601,-45.543000000000006,1.241,-44.183,4.075605967215183,2.671011884770044,13.553073138373144,2382.0,10,29.886000000000003
1192,-0.5950000000000001,-43.809000000000005,-3.0770000000000004,-46.189,-0.969,-43.979000000000006,3.0541388311601034,2.1403400640464767,15.764456375978783,2384.0,10,29.886000000000003
1193,0.323,-44.319,-1.887,-47.923,0.459,-46.733,2.6305543142083194,2.6084499505454115,16.17674720181517,2386.0,10,29.886000000000003
1194,0.153,-44.727,-3.145,-47.379000000000005,-0.187,-48.297,3.097174195940552,2.6610250569540512,23.459203942683608,2388.0,10,29.886000000000003
1195,-0.051,-44.761,-4.267,-44.013000000000005,-3.213,-47.175,3.333040653817472,3.0543034719728017,24.08363955650367,2390.0,10,29.886000000000003
1196,-0.255,-45.441,-4.335,-43.605,-2.907,-46.86900000000001,3.5627068361008885,2.896463967497182,25.636984526937656,2392.0,10,29.886000000000003
1197,0.357,-45.543000000000006,-4.301,-43.809000000000005,1.989,-46.359,6.787238024410224,2.554165236405092,14.472215048160226,2394.0,10,29.886000000000003
1198,0.799,-45.339000000000006,-3.621,-42.109,-4.029,-43.401,1.3548904014716467,2.4607419398173103,1.8806847652274887,2396.0,10,29.886000000000003
1199,0.5950000000000001,-45.135000000000005,-3.621,-42.551,-3.145,-44.659000000000006,2.161073807161616,2.4807224444727383,2.678451313047316,2398.0,10,29.886000000000003
1200,0.357,-45.441,-4.199000000000001,-43.639,1.887,-46.903000000000006,6.906018534582715,2.688028948989386,9.398335251389328,2400.0,10,29.886000000000003
1201,-0.119,-44.999,-4.131,-42.959,-0.969,-44.897000000000006,3.70865042839036,2.560061108866876,16.24075828043222,2402.0,10,29.886000000000003
1202,0.357,-44.897000000000006,-3.961,-42.857000000000006,1.717,-46.86900000000001,6.952397284390472,2.749451791715375,9.015449046454028,2404.0,10,29.886000000000003
1203,0.153,-44.86300000000001,-1.6150000000000002,-43.367,2.907,-44.387,4.635610423665907,2.909464251190817,22.165007242304828,2406.0,10,29.886000000000003
1204,0.255,-44.829,-3.995,-42.789,1.887,-46.903000000000006,7.177946781636097,3.281727536637946,10.832401590312402,2408.0,10,29.886000000000003
1205,0.391,-45.169,-3.927000000000001,-42.891000000000005,1.887,-46.903000000000006,7.063904019732997,3.2209930083825182,10.073036007871544,2410.0,10,29.886000000000003
1206,-0.017,-45.135000000000005,-3.1790000000000003,-42.449000000000005,1.683,-46.86900000000001,6.57080238631478,3.23591728252332,10.294234815523708,2412.0,10,29.886000000000003
1207,0.255,-44.727,-4.097,-42.959,-0.357,-43.027,3.7406181307372175,2.656912116483418,15.138336930943998,2414.0,10,29.886000000000003
1208,-0.289,-44.591,-3.995,-44.455000000000005,2.737,-43.061,6.874813452014536,2.544028592694976,20.48571222822529,2416.0,10,29.886000000000003
1209,-0.119,-44.795,-2.7710000000000004,-47.753,1.649,-47.515,4.426403054399814,2.11926811565965,12.896447415043118,2418.0,10,29.886000000000003
1210,0.5950000000000001,-44.761,-4.267,-45.747,1.887,-46.903000000000006,6.26163333324461,2.218770469819159,13.1951821599203,2420.0,10,29.886000000000003
1211,1.003,-43.673,-4.301,-43.775000000000006,1.5810000000000002,-47.481,6.952147869543627,2.5342000040424524,13.037385519272696,2422.0,10,29.886000000000003
1212,0.799,-43.673,-4.267,-43.673,1.5810000000000002,-47.481,6.97853623620312,2.648757756843902,13.97197254120201,2424.0,10,29.886000000000003
1213,0.7310000000000001,-43.571000000000005,-4.335,-43.707,0.629,-46.835,5.867340112862046,2.863371186090503,14.622073026812917,2426.0,10,29.886000000000003
1214,0.017,-44.897000000000006,-4.131,-42.925,-2.1590000000000003,-45.883,3.555073557607494,2.8504754305591216,17.892522154847804,2428.0,10,29.886000000000003
1215,-0.357,-45.169,-4.369000000000001,-43.673,2.193,-47.005,7.35948829742938,3.001291309803099,13.565227260967635,2430.0,10,29.886000000000003
1216,0.187,-44.625,-3.4170000000000003,-42.789,0.459,-44.693000000000005,4.3184015561316205,2.372043122951577,14.532066759449387,2432.0,10,29.886000000000003
1217,0.5950000000000001,-45.033,-3.621,-42.245000000000005,1.6150000000000002,-47.515,7.428902745358833,2.955189409089708,,2434.0,10,29.886000000000003
1218,0.323,-43.639,-4.267,-43.503,-1.3430000000000002,-46.495000000000005,4.183520048953991,2.9122308550858604,15.081003675150953,2436.0,10,29.886000000000003
1219,-0.017,-44.183,-4.301,-43.401,-1.445,-45.713,3.674517655420913,2.6437125518128823,16.32733870043221,2438.0,10,29.886000000000003
1220,-0.6970000000000001,-44.353,-4.267,-43.367,-1.6150000000000002,-44.659000000000006,2.9499776270338054,2.5328562903355145,5.401634054649152,2440.0,10,29.886000000000003
1221,-0.493,-44.42100000000001,-3.4170000000000003,-42.109,-1.683,-45.339000000000006,3.666013638818056,2.3728798649449563,4.380538448127541,2442.0,10,29.886000000000003
1222,0.425,-44.285,-3.4170000000000003,-41.905,-3.2470000000000003,-45.305,3.4042473470651338,2.591485370470073,3.904447971544245,2444.0,10,29.886000000000003
1223,-0.391,-44.795,-2.7710000000000004,-41.429,-0.935,-47.311,6.161884452016283,2.4441341814689346,7.9629921978392995,2446.0,10,29.886000000000003
1224,-0.085,-44.86300000000001,-2.5330000000000004,-41.259,2.669,-43.435,5.638774689593476,2.505218326452244,13.396770940782298,2448.0,10,29.886000000000003
1225,-0.493,-44.795,-3.0090000000000003,-41.633,-0.935,-47.311,6.044928452843756,2.2659419530140177,7.578538195789829,2450.0,10,29.886000000000003
1226,0.6970000000000001,-45.203,-3.281,-41.803,1.887,-46.903000000000006,7.26073164357422,2.3789186790172447,9.221338011714597,2452.0,10,29.886000000000003
1227,0.221,-45.339000000000006,-2.7030000000000003,-47.345000000000006,-0.459,-42.415000000000006,5.4166812717751815,2.427231174783777,10.340760361824133,2454.0,10,29.886000000000003
1228,0.323,-44.965,-3.927000000000001,-46.121,-3.757,-46.461000000000006,0.3801315561749643,2.935646224099086,1.9085386158409656,2456.0,10,29.886000000000003
1229,-1.037,-44.659000000000006,-4.301,-43.741,-4.131,-44.013000000000005,0.3207553584899245,2.313915641832947,0.7844623952663043,2458.0,10,29.886000000000003
1230,-0.476,-45.271,-4.335,-44.013000000000005,1.479,-42.925,5.9149251897213375,2.597528430636697,18.463199868119847,2460.0,10,29.886000000000003
1231,-0.6120000000000001,-45.067,1.411,-42.279,1.649,-42.449000000000005,0.2924790590794493,2.697318475087982,19.416815308917517,2462.0,10,29.886000000000003
1232,0.187,-44.727,-4.335,-44.931,-1.0710000000000002,-42.789,3.904082478636946,2.250512254068058,4.743609995423267,2464.0,10,29.886000000000003
1233,1.411,-44.183,-4.199000000000001,-45.339000000000006,2.669,-42.517,7.425167203504579,2.639189278556589,13.363468661341592,2466.0,10,29.886000000000003
1234,1.037,-44.251000000000005,-3.995,-45.237,1.0710000000000002,-42.415000000000006,5.7989688738602485,2.5153725860425524,14.316274248431316,2468.0,10,29.886000000000003
1235,1.0710000000000002,-44.353,-3.5530000000000004,-45.271,-0.119,-43.29900000000001,3.959941918765981,2.8320963453600427,15.694981633512626,2470.0,10,29.886000000000003
1236,0.493,-44.455000000000005,-3.2470000000000003,-45.135000000000005,-3.213,-45.951,0.8167080261635734,1.986038416214398,0.8567731302249788,2472.0,10,29.886000000000003
1237,0.459,-43.809000000000005,-3.757,-46.699000000000005,2.397,-43.571000000000005,6.903339771443965,2.375459224884509,10.981801235836306,2474.0,10,29.886000000000003
1238,0.255,-43.605,-3.349,-47.311,-0.425,-40.613,7.3084184335600275,2.683438471348392,9.35478142253232,2476.0,10,29.886000000000003
1239,-0.153,-43.809000000000005,-3.893,-46.495000000000005,-0.255,-43.265,4.864971120160941,2.557228924435035,13.121247796599322,2478.0,10,29.886000000000003
1240,-0.289,-43.673,-3.655,-46.903000000000006,-0.6970000000000001,-43.265,4.688796007505553,2.615096503205125,16.13565296125657,2480.0,10,29.886000000000003
1241,-0.187,-43.911,-3.111,-47.481,-0.765,-43.29900000000001,4.7950849836056095,2.603954755779632,16.555697293805267,2482.0,10,29.886000000000003
1242,0.5950000000000001,-42.789,-3.349,-47.243,2.9410000000000003,-43.231,7.460579334073193,2.706025630813051,16.78419065668494,2484.0,10,29.886000000000003
1243,0.085,-43.605,-3.0770000000000004,-47.481,1.411,-42.143,6.973979351847839,2.679112971759401,14.412222477886528,2486.0,10,29.886000000000003
1244,-0.425,-44.761,-3.349,-42.211000000000006,-2.737,-47.651,5.474316761021416,2.3044602785215744,15.560331593542426,2488.0,10,29.886000000000003
1245,-0.017,-44.455000000000005,-3.4170000000000003,-41.871,-0.7310000000000001,-47.277,6.036508262232398,2.5238902134191195,14.733256931583766,2490.0,10,29.886000000000003
1246,0.391,-44.829,-3.791,-42.381,0.663,-45.815000000000005,5.62409743870072,2.8661574305631845,14.721239177660555,2492.0,10,29.886000000000003
1247,-0.017,-44.727,-3.757,-42.381,-0.391,-46.563,5.368340525711833,2.768034646239693,15.79618297635594,2494.0,10,29.886000000000003
1248,-1.0710000000000002,-44.591,-1.785,-42.109,0.289,-47.345000000000006,5.631800067473987,2.021180559580253,13.78787827185516,2496.0,10,29.886000000000003
1249,-0.153,-44.387,1.751,-41.73500000000001,0.323,-46.155,4.644952529359154,2.621907131270983,19.59312486442959,2498.0,10,29.886000000000003
1250,0.017,-44.183,-0.255,-41.497,-2.023,-46.631,5.429896868265548,2.330657472368115,11.549308248344678,2500.0,10,29.886000000000003
1251,-0.323,-44.217000000000006,-3.0090000000000003,-46.495000000000005,-2.5330000000000004,-46.42700000000001,0.4808326112068524,2.773944744723148,0.5516111260099251,2502.0,10,29.886000000000003
1252,-0.119,-43.911,-2.431,-42.381,2.1590000000000003,-47.039,6.5395002867191625,2.749073136466686,13.62266325677008,2504.0,10,29.886000000000003
1253,-0.901,-44.081,-3.757,-42.415000000000006,-3.213,-46.903000000000006,4.520849477697748,3.1023703317392872,21.97589057582308,2506.0,10,29.886000000000003
1254,-1.751,-44.387,-3.587,-46.971,-3.2470000000000003,-47.277,0.4574232176005062,2.9437172527439137,0.8526209611061656,2508.0,10,29.886000000000003
1255,-1.139,-44.693000000000005,-3.587,-47.073,-2.2270000000000003,-45.611,1.9967583729635396,3.367581697864616,21.34905519398605,2510.0,10,29.886000000000003
1256,-0.765,-44.489,-3.655,-42.789,-3.587,-46.733,3.944586163338304,3.3681888093322137,23.88179141789024,2512.0,10,29.886000000000003
1257,-0.425,-45.407,-3.621,-46.597,-2.193,-45.98500000000001,1.5536177135962377,3.197488512368941,25.67833706812192,2514.0,10,29.886000000000003
1258,-0.493,-44.455000000000005,-3.791,-46.699000000000005,-3.3830000000000005,-44.625,2.1137502217622592,3.156427679068456,19.50886163345541,2516.0,10,29.886000000000003
1259,-0.459,-44.897000000000006,-1.207,-44.523,2.1590000000000003,-47.039,4.202405501614522,3.014685404780393,13.731741598322364,2518.0,10,29.886000000000003
1260,-0.765,-45.509,-3.3830000000000005,-46.835,1.6150000000000002,-47.515,5.044046391539238,3.4079207895983883,5.822504629938745,2520.0,10,29.886000000000003
1261,-0.221,-44.795,-1.751,-45.135000000000005,2.1590000000000003,-47.141000000000005,4.394557543143565,3.083154752348194,13.218652901425385,2522.0,10,29.886000000000003
1262,0.085,-45.271,-4.165,-45.917,-3.587,-45.339000000000006,0.8174154390516489,2.5972801767878626,1.0340644447448404,2524.0,10,29.886000000000003
1263,0.017,-44.761,-4.301,-45.747,-2.2270000000000003,-45.475,2.0917600244769954,2.9352832459649534,22.400469444827987,2526.0,10,29.886000000000003
1264,0.561,-45.713,-3.859,-46.801,-0.051,-47.651,3.901712957151001,2.8581314359502903,5.330283881287755,2528.0,10,29.886000000000003
1265,0.255,-45.917,-0.629,-47.209,2.1590000000000003,-47.039,2.793178118201559,3.1349241100057217,18.750783085494312,2530.0,10,29.886000000000003
1266,0.085,-45.135000000000005,-3.0770000000000004,-46.733,-0.5950000000000001,-46.393,2.5051794346912564,2.966901166699139,24.068064168561303,2532.0,10,29.886000000000003
1267,-0.017,-45.067,-4.301,-44.86300000000001,0.017,-46.257000000000005,4.537439806763281,2.9841392934938207,27.38292611544877,2534.0,10,29.886000000000003
1268,-0.391,-44.42100000000001,-4.505,-44.591,-1.139,-45.339000000000006,3.44810962702754,2.930064531390409,27.910131433307747,2536.0,10,29.886000000000003
1269,-0.221,-44.625,2.091,-42.211000000000006,2.2270000000000003,-42.449000000000005,0.2741167634421507,2.529436006631606,16.75589697591756,2538.0,10,29.886000000000003
1270,0.255,-44.387,-3.3830000000000005,-46.971,-1.377,-45.203,2.67392221278032,2.3863819799037693,3.167203089999766,2540.0,10,29.886000000000003
1271,-0.017,-43.877,-1.275,-42.143,2.329,-43.401,3.8172476995867055,2.5639934415729817,16.8331825585604,2542.0,10,29.886000000000003
1272,-0.8330000000000001,-43.775000000000006,-3.349,-47.175,1.5470000000000002,-43.231,6.286966836241464,2.6254584502505645,9.60426756437415,2544.0,10,29.886000000000003
1273,-1.445,-43.537000000000006,-2.907,-47.447,1.037,-43.571000000000005,5.529784082584057,2.621166382447267,9.558971163149977,2546.0,10,29.886000000000003
1274,-1.241,-43.775000000000006,-2.737,-47.787000000000006,-1.241,-40.035,7.895031348892796,2.945489516918606,16.16259222545868,2548.0,10,29.886000000000003
1275,-1.0710000000000002,-43.29900000000001,-2.601,-47.753,0.051,-42.925,5.508419737093389,2.5497387053967016,14.116110003154764,2550.0,10,29.886000000000003
1276,-0.8670000000000001,-41.701,-2.669,-47.209,-0.187,-38.199000000000005,9.34560987844025,2.818253295270288,10.948974281083014,2552.0,10,29.886000000000003
1277,-1.5810000000000002,-41.565000000000005,-2.4650000000000003,-46.053,-1.003,-38.539,7.654909535716278,2.763260031661822,11.09961021021631,2554.0,10,29.886000000000003
1278,-1.479,-41.973000000000006,-1.003,-47.753,0.289,-40.613,7.255953693347279,3.041821132126384,12.847277780725811,2556.0,10,29.886000000000003
1279,-1.445,-43.537000000000006,-1.717,-47.923,-2.9410000000000003,-42.007000000000005,6.0412939011440265,2.8123007324010176,18.524941064433666,2558.0,10,29.886000000000003
1280,-1.173,-42.687000000000005,0.425,-48.059000000000005,-3.451,-42.449000000000005,6.818759124650174,3.162559420471172,8.881495520740962,2560.0,10,29.886000000000003
1281,-1.377,-42.313,0.153,-48.059000000000005,-3.0770000000000004,-45.509,4.11526426854947,3.3073426185852783,5.5609573247121,2562.0,10,29.886000000000003
1282,-0.799,-44.761,0.561,-48.059000000000005,-3.961,-42.755,6.970000000000001,3.2255473027550146,8.630122204081328,2564.0,10,29.886000000000003
1283,-1.173,-44.319,0.561,-48.059000000000005,-1.6150000000000002,-43.265,5.264732851721918,2.5327146782641754,21.412923027841483,2566.0,10,29.886000000000003
1284,-0.629,-44.404,0.799,-48.059000000000005,-2.2270000000000003,-44.047,5.025218403213934,2.617728971727741,23.168846671339523,2568.0,10,29.886000000000003
1285,-0.255,-44.251000000000005,0.085,-48.229000000000006,1.5810000000000002,-47.481,1.6725788471698428,2.645099093497268,2.4735850214778203,2570.0,10,29.886000000000003
1286,-0.527,-44.387,-2.329,-47.345000000000006,-1.513,-45.339000000000006,2.1656158477440086,2.4458962211683324,4.9313584008678,2572.0,10,29.886000000000003
1287,0.153,-42.721,-2.635,-47.787000000000006,-0.289,-41.497,6.713256735743093,3.1272779866691107,17.73071880349367,2574.0,10,29.886000000000003
1288,0.085,-44.387,-2.5330000000000004,-47.889,0.221,-43.503,5.178948928112731,2.0984568336930187,8.085890092615148,2576.0,10,29.886000000000003
1289,0.425,-44.319,-0.425,-47.753,0.561,-41.905,5.930539604454219,1.9878541029474237,7.682146439493699,2578.0,10,29.886000000000003
1290,0.6970000000000001,-44.013000000000005,1.5810000000000002,-47.481,-0.289,-41.905,5.881213820292543,1.8711067024948,9.922593285652718,2580.0,10,29.886000000000003
1291,0.7310000000000001,-44.387,-2.5330000000000004,-45.577000000000005,0.187,-45.033,2.773866615394475,2.2225212758187283,13.664494753336456,2582.0,10,29.886000000000003
1292,0.221,-43.707,-1.717,-47.957,-0.459,-41.599,6.481259754091021,2.3308662824236963,10.50248220895547,2584.0,10,29.886000000000003
1293,0.425,-43.979000000000006,-0.901,-48.195,-1.377,-41.191,7.020156123620044,2.23759260323826,12.919882107099715,2586.0,10,29.886000000000003
1294,0.119,-44.183,-0.765,-48.297,-1.853,-41.055,7.32327167323458,2.53100047952624,16.03620727975836,2588.0,10,29.886000000000003
1295,-1.5810000000000002,-43.741,-0.527,-47.957,-2.669,-41.769000000000005,6.54824465028606,2.5000690519447817,15.764050802088484,2590.0,10,29.886000000000003
1296,-1.5470000000000002,-43.503,-1.003,-47.583000000000006,-0.527,-44.86300000000001,2.761335908577586,2.8544190129175706,17.21743521084424,2592.0,10,29.886000000000003
1297,-0.493,-43.741,0.017,-48.195,2.023,-44.047,4.607595902420264,2.8922175012564653,17.841256769697612,2594.0,10,29.886000000000003
1298,-1.003,-43.367,0.323,-48.059000000000005,1.139,-43.741,4.394426014851087,2.918524098507977,16.605161377917636,2596.0,10,29.886000000000003
1299,-0.765,-43.503,0.7310000000000001,-48.025000000000006,0.901,-42.755,5.27274122255208,3.0721807522145985,20.509438023428487,2598.0,10,29.886000000000003
1300,-0.799,-43.707,-1.717,-48.195,-1.3430000000000002,-43.027,5.181515222403578,2.835307370268056,20.452239068194643,2600.0,10,29.886000000000003
1301,-0.561,-44.353,3.043,-43.741,2.2950000000000004,-42.143,1.7644001813647607,2.889730881778733,18.3814431889725,2602.0,10,29.886000000000003
1302,0.221,-43.979000000000006,-1.6150000000000002,-48.127,0.5950000000000001,-44.353,4.3734627013386085,2.724467815321225,19.77265892321613,2604.0,10,29.886000000000003
1303,0.153,-44.455000000000005,-2.567,-47.753,2.363,-43.29900000000001,6.644021071610174,2.727923296398866,8.18710748060477,2606.0,10,29.886000000000003
1304,0.7310000000000001,-44.013000000000005,-4.029,-46.393,1.6150000000000002,-47.515,5.754443500461187,2.7025742290525554,,2608.0,10,29.886000000000003
1305,0.493,-43.469,-2.601,-47.209,2.601,-42.517,7.0054027721466525,2.882406749516658,10.524157699234436,2610.0,10,29.886000000000003
1306,0.425,-43.537000000000006,-2.363,-46.937000000000005,-1.717,-40.817,6.154000000000001,3.067626237554591,14.25594240166395,2612.0,10,29.886000000000003
1307,-0.051,-44.149,-2.329,-47.277,0.425,-42.347,5.647071453417249,2.463011911786516,8.682601703768507,2614.0,10,29.886000000000003
1308,-0.289,-44.285,-2.5330000000000004,-47.039,0.7310000000000001,-40.919,6.936000000000001,2.663187880709235,19.17095727562301,2616.0,10,29.886000000000003
1309,-0.323,-44.319,-2.363,-46.393,-0.221,-41.089000000000006,5.720190556266461,2.741038576300801,19.94670844326476,2618.0,10,29.886000000000003
1310,-0.221,-44.081,-3.043,-46.971,1.241,-42.517,6.179868283385982,3.1922049576591025,24.544265443168687,2620.0,10,29.886000000000003
1311,-0.527,-44.625,-2.023,-40.953,2.1590000000000003,-46.971,7.328400098247912,3.206351900604873,15.34620667210686,2622.0,10,29.886000000000003
1312,-0.561,-44.251000000000005,-3.5530000000000004,-47.005,1.649,-47.515,5.226940213930134,2.963921074944691,5.714251772885873,2624.0,10,29.886000000000003
1313,-0.5950000000000001,-44.183,-3.3830000000000005,-47.005,1.649,-47.515,5.057778563757018,3.0257032381841147,5.569130478717292,2626.0,10,29.886000000000003
1314,-0.017,-44.489,-2.5330000000000004,-47.753,0.187,-43.707,4.875296503803641,2.842568849880092,11.845876859671804,2628.0,10,29.886000000000003
1315,-0.051,-44.387,-3.145,-47.447,-0.153,-44.251000000000005,4.377953859967006,3.011807838375298,14.775483192241351,2630.0,10,29.886000000000003
1316,0.391,-44.387,-3.0770000000000004,-47.209,0.8330000000000001,-44.693000000000005,4.64955438725046,2.951614116853721,15.48563811926408,2632.0,10,29.886000000000003
1317,0.357,-44.319,-3.689,-46.937000000000005,0.901,-42.211000000000006,6.588108681556491,3.195419988442582,13.728593521723289,2634.0,10,29.886000000000003
1318,0.119,-45.033,-3.655,-46.971,0.051,-43.809000000000005,4.87161985380633,2.76511363095422,14.066599586083427,2636.0,10,29.886000000000003
1319,0.085,-45.169,-3.757,-46.733,-1.3090000000000002,-41.089000000000006,6.152027308131849,3.006759078180357,17.12961677258751,2638.0,10,29.886000000000003
1320,-0.051,-45.033,-3.757,-46.835,2.023,-45.407,5.953787366038529,3.008016279719605,22.357333153899365,2640.0,10,29.886000000000003
1321,-0.391,-45.305,-3.859,-46.631,-0.969,-42.211000000000006,5.280956352783083,3.1425030590369105,16.231230366715998,2642.0,10,29.886000000000003
1322,-0.425,-44.115,-3.825,-46.597,0.221,-44.829,4.415420704757362,3.263579934036784,21.41033197519369,2644.0,10,29.886000000000003
1323,-0.8330000000000001,-43.673,-3.791,-46.699000000000005,1.6150000000000002,-47.515,5.467238059569018,3.364768956165331,6.088718325905871,2646.0,10,29.886000000000003
1324,-0.459,-43.571000000000005,-3.281,-46.937000000000005,0.8330000000000001,-42.551,6.013484181404322,3.23232190343964,14.126307189687482,2648.0,10,29.886000000000003
1325,-0.5950000000000001,-43.673,-4.029,-46.291,1.5810000000000002,-47.515,5.74197492157533,3.3834728705455066,6.633117441233631,2650.0,10,29.886000000000003
1326,-0.459,-43.809000000000005,-1.3430000000000002,-42.415000000000006,2.1590000000000003,-47.005,5.773396227525009,3.344327148769156,16.365700203042554,2652.0,10,29.886000000000003
1327,-1.139,-44.965,-4.301,-45.441,-2.023,-44.387,2.510019920239678,3.41204830197079,24.67357017573897,2654.0,10,29.886000000000003
1328,-1.0710000000000002,-45.135000000000005,-4.4030000000000005,-45.203,-2.567,-45.645,1.888454394471839,3.30832514862062,24.09083654720929,2656.0,10,29.886000000000003
1329,-0.765,-44.795,-4.369000000000001,-45.101000000000006,-0.799,-44.829,3.58034691056607,2.831070314012708,20.81867551856477,2658.0,10,29.886000000000003
1330,-0.289,-44.829,-4.267,-45.883,1.037,-43.469,5.827504783352821,2.8638001225837013,23.711167573252037,2660.0,10,29.886000000000003
1331,0.221,-44.115,-4.335,-45.679,2.4650000000000003,-42.517,7.499216225713192,2.9874886954307134,12.28521454910123,2662.0,10,29.886000000000003
1332,0.153,-45.067,-3.689,-46.767,-0.6970000000000001,-45.203,3.3761161117473435,2.7091272066220395,18.4824087689506,2664.0,10,29.886000000000003
1333,0.289,-44.387,-3.825,-46.767,-2.023,-42.891000000000005,4.274409900793325,2.769248065897961,15.671928586871536,2666.0,10,29.886000000000003
1334,0.051,-45.305,-2.8390000000000004,-46.733,-0.8330000000000001,-39.185,7.81001536490166,3.7099006155649312,16.99757219753981,2668.0,10,29.886000000000003
1335,0.272,-45.747,-3.4170000000000003,-47.141000000000005,-0.6970000000000001,-40.681,7.009279563550024,3.4404454993565228,15.20737259426531,2670.0,10,29.886000000000003
1336,-0.629,-44.965,-4.2330000000000005,-45.373000000000005,-0.017,-39.559000000000005,7.181730432145167,3.82797575512846,17.109506644650036,2672.0,10,29.886000000000003
1337,-0.221,-44.387,-3.213,-44.727,-1.0710000000000002,-43.367,2.5372749161255665,2.7082138410980923,22.935842713038355,2674.0,10,29.886000000000003
1338,0.221,-44.319,-2.669,-42.109,-0.663,-42.755,2.107451541554396,2.54378492619496,16.66485458144959,2676.0,10,29.886000000000003
1339,-0.153,-43.979000000000006,-3.621,-44.387,-2.669,-43.571000000000005,1.2538580461918327,2.421995145026816,2.14836202413566,2678.0,10,29.886000000000003
1340,-0.119,-44.523,-3.3830000000000005,-44.455000000000005,1.275,-42.075,5.230809115232557,2.552296342105208,12.297107931815177,2680.0,10,29.886000000000003
1341,-0.255,-45.203,-4.131,-44.149,1.105,-42.143,5.607114409390984,2.9854618900637084,15.4768683113514,2682.0,10,29.886000000000003
1342,-0.459,-44.829,-4.335,-43.469,-2.635,-42.551,1.9320258797438508,3.041430746988721,23.844269264878218,2684.0,10,29.886000000000003
1343,-0.425,-44.795,-4.301,-43.503,0.561,-44.081,4.8962361054181205,3.034299881502771,11.122687483925397,2686.0,10,29.886000000000003
1344,-0.323,-45.98500000000001,0.391,-43.911,1.921,-46.903000000000006,3.36050055795264,3.305579109880336,12.847552121307952,2688.0,10,29.886000000000003
1345,-0.221,-45.509,1.683,-46.86900000000001,1.819,-46.903000000000006,0.1401855912710004,2.783676450749286,17.62345970268762,2690.0,10,29.886000000000003
1346,0.901,-45.509,-4.471,-44.761,1.887,-46.903000000000006,6.709122744442824,3.390261273376388,8.73015881840844,2692.0,10,29.886000000000003
1347,0.357,-45.577000000000005,-0.017,-40.715,1.853,-46.903000000000006,6.464382723818261,3.345724802032638,9.08102758151707,2694.0,10,29.886000000000003
1348,-0.289,-45.475,-4.369000000000001,-44.047,0.969,-42.415000000000006,5.581905409445775,3.3745263621895107,15.821178969534548,2696.0,10,29.886000000000003
1349,-0.085,-45.98500000000001,-4.267,-45.475,-1.785,-42.381,3.966504758600448,3.2585082590692096,18.216858293617133,2698.0,10,29.886000000000003
1350,-0.051,-45.849,-4.2330000000000005,-44.591,-1.989,-42.823,2.856809409113601,3.157437902308403,19.722442059043644,2700.0,10,29.886000000000003
1351,-0.6970000000000001,-44.86300000000001,-1.207,-42.449000000000005,-1.037,-42.211000000000006,0.2924790590794493,3.368032794520857,22.80352200055703,2702.0,10,29.886000000000003
1352,-1.037,-44.625,-4.029,-42.891000000000005,-3.451,-42.415000000000006,0.7487723285485381,3.200333647680439,1.0403288224609708,2704.0,10,29.886000000000003
1353,-0.7310000000000001,-44.217000000000006,-2.907,-41.463,1.751,-46.835,7.1102284070204105,2.8817653602389486,11.593291647826474,2706.0,10,29.886000000000003
1354,0.051,-44.931,-4.165,-44.659000000000006,-0.765,-42.483,4.036703605666386,2.405089699132669,19.5799355277938,2708.0,10,29.886000000000003
1355,0.051,-44.931,-4.301,-43.979000000000006,-2.635,-44.251000000000005,1.6880580558736715,2.817214389679581,20.96231166112921,2710.0,10,29.886000000000003
1356,-0.935,-44.42100000000001,-2.397,-41.157,-2.4650000000000003,-41.633,0.4808326112068524,2.5042271308047543,0.5312717869490869,2712.0,10,29.886000000000003
1357,-0.6970000000000001,-44.659000000000006,-3.723,-42.517,-2.363,-45.98500000000001,3.725134091546236,2.7677943686826545,8.092753199697494,2714.0,10,29.886000000000003
1358,-0.8670000000000001,-44.897000000000006,-3.4170000000000003,-42.007000000000005,-0.561,-47.651,6.3254621965513325,3.023347870529314,6.995467895068989,2716.0,10,29.886000000000003
1359,-1.037,-44.999,-4.165,-43.333000000000006,1.955,-46.937000000000005,7.102338769729307,3.1384383004880227,9.604049176814517,2718.0,10,29.886000000000003
1360,-1.173,-44.251000000000005,-3.893,-42.823,-0.323,-44.557,3.968835597502119,3.163544003197828,4.369136489203065,2720.0,10,29.886000000000003
1361,-0.629,-45.169,-4.199000000000001,-45.407,0.153,-45.815000000000005,4.37108316095679,2.5982334762661994,5.207346700640301,2722.0,10,29.886000000000003
1362,-0.221,-44.625,-2.9410000000000003,-43.333000000000006,-1.853,-44.013000000000005,1.283021433959698,2.064357442056803,1.797793662917896,2724.0,10,29.886000000000003
1363,-0.323,-44.149,-2.737,-41.361,0.493,-46.971,6.473407139984323,1.7759264407728022,8.04945342494084,2726.0,10,29.886000000000003
1364,-0.289,-44.013000000000005,-0.527,-39.321000000000005,-0.6970000000000001,-39.355,0.1733666634621546,2.277715315789808,0.231927106272154,2728.0,10,29.886000000000003
1365,0.085,-44.625,-2.907,-41.73500000000001,-3.0770000000000004,-41.667,0.1830956034425731,1.869388722805123,0.5251920287538128,2730.0,10,29.886000000000003
1366,0.8670000000000001,-44.897000000000006,0.255,-46.733,-3.349,-42.823,5.31760434782431,2.082945820301106,6.557890855258024,2732.0,10,29.886000000000003
1367,0.561,-44.693000000000005,-2.125,-41.191,-2.2950000000000004,-41.531000000000006,0.3801315561749643,2.4522356888648837,2.3513768967548097,2734.0,10,29.886000000000003
1368,0.187,-44.693000000000005,-0.357,-39.457,1.649,-47.515,8.303938824437473,2.535096166645652,12.756981782691629,2736.0,10,29.886000000000003
1369,0.527,-44.625,-1.377,-39.661,1.887,-46.903000000000006,7.943567208754516,2.509275751602652,15.05981509413624,2738.0,10,29.886000000000003
1370,0.5950000000000001,-44.353,-1.5470000000000002,-40.851000000000006,1.955,-46.903000000000006,6.992189070670215,2.793173410691745,9.370463231526251,2740.0,10,29.886000000000003
1371,0.255,-44.013000000000005,0.289,-39.661,-0.017,-48.229000000000006,8.573462544386604,2.820817324024725,11.920141633805414,2742.0,10,29.886000000000003
1372,0.119,-44.149,0.323,-39.491,1.853,-46.903000000000006,7.568265587305984,2.9296657916841427,13.19458032143593,2744.0,10,29.886000000000003
1373,-0.017,-43.809000000000005,0.255,-38.675,2.635,-45.407,7.140323802181523,3.025973939978795,14.774357984479138,2746.0,10,29.886000000000003
1374,0.255,-43.673,0.017,-38.505,-1.6150000000000002,-41.089000000000006,3.056219887377216,2.7763931172739733,3.674915043858308,2748.0,10,29.886000000000003
1375,0.119,-45.033,0.017,-37.859,-0.935,-39.423,1.8309560344257316,3.308496150084723,2.281323089855165,2750.0,10,29.886000000000003
1376,-0.6970000000000001,-44.183,-0.663,-38.063,2.907,-43.061,6.142060240668435,3.35619661147772,21.783751380317867,2752.0,10,29.886000000000003
1377,-0.663,-44.761,0.323,-37.587,1.173,-46.801,9.253123580715869,3.2718615582994524,15.866150256044904,2754.0,10,29.886000000000003
1378,-0.8330000000000001,-44.183,0.357,-36.635000000000005,1.683,-46.86900000000001,10.319546114049786,3.7400307172732328,17.233018246905136,2756.0,10,29.886000000000003
1379,-0.8670000000000001,-43.979000000000006,0.323,-35.037,1.241,-42.449000000000005,7.468632271038654,4.101664516181049,27.10948327889911,2758.0,10,29.886000000000003
1380,-1.0710000000000002,-43.367,-1.139,-36.771,0.357,-42.109,5.543668460505192,3.349233895118484,22.563635285616403,2760.0,10,29.886000000000003
1381,-1.241,-44.489,0.425,-34.255,2.261,-43.809000000000005,9.728813493946731,4.411696693445436,22.497153028847357,2762.0,10,29.886000000000003
1382,-0.969,-43.537000000000006,0.289,-35.547000000000004,1.105,-43.673,8.166867943097893,4.23139572303139,23.533467672489245,2764.0,10,29.886000000000003
1383,-1.241,-44.217000000000006,0.425,-35.921,1.853,-44.557,8.753266818736877,4.479398270609447,25.51427431203546,2766.0,10,29.886000000000003
1384,-1.3430000000000002,-44.999,0.289,-35.921,0.085,-47.345000000000006,11.425821283391404,4.537589834570632,17.301162266771975,2768.0,10,29.886000000000003
1385,-1.3090000000000002,-44.86300000000001,0.255,-35.547000000000004,-0.799,-36.669,1.539415473483361,4.611363559140277,1.8760873761821133,2770.0,10,29.886000000000003
1386,-1.0710000000000002,-43.469,0.017,-34.799,0.527,-47.617,12.82814187635918,4.642957255376811,17.969573046345914,2772.0,10,29.886000000000003
1387,-0.8670000000000001,-44.081,-0.765,-33.133,-0.153,-37.621,4.529535075479602,5.3086804053916286,4.745527561857935,2774.0,10,29.886000000000003
1388,-0.935,-43.061,-1.0710000000000002,-32.079,2.329,-46.223000000000006,14.546914999407951,5.213617789116771,23.06390450649021,2776.0,10,29.886000000000003
1389,-0.493,-40.885000000000005,-0.119,-32.011,1.003,-45.475,13.510669117404955,4.887199124293916,21.687581244754178,2778.0,10,29.886000000000003
1390,-0.187,-40.137,-1.139,-30.107000000000003,2.125,-46.461000000000006,16.676540768396784,5.856481414886018,22.976256286996264,2780.0,10,29.886000000000003
1391,-0.119,-39.185,-1.0710000000000002,-29.223000000000003,0.799,-46.971,17.846243414231466,5.060587154506373,24.18578191715159,2782.0,10,29.886000000000003
1392,-0.017,-38.301,-0.901,-30.719,0.255,-46.087,15.411416547481936,4.937179437948947,23.0567520508083,2784.0,10,29.886000000000003
1393,-0.425,-37.315000000000005,0.051,-30.175,-1.3090000000000002,-42.211000000000006,12.112592455787489,4.218125656176101,16.150286221158193,2786.0,10,29.886000000000003
1394,-0.5950000000000001,-36.499,0.119,-28.475,0.255,-42.245000000000005,13.77067158856096,4.380424069274491,19.11529385152989,2788.0,10,29.886000000000003
1395,-0.5950000000000001,-35.615,0.459,-27.013,1.3430000000000002,-47.413,20.419144350339465,6.214196669574427,25.08970587185852,2790.0,10,29.886000000000003
1396,-0.357,-35.02,,,,,20.419144350339465,4.76887310989997,,2792.0,10,29.886000000000003
1397,-0.153,-32.623000000000005,0.017,-23.851000000000003,-0.935,-42.075,18.248848730810398,5.88429561064864,20.72617372847568,2794.0,10,29.886000000000003
1398,-0.119,-32.555,-1.003,-22.015,0.459,-41.633,19.67240117525057,5.3785300124632895,21.203310485942183,2796.0,10,29.886000000000003
1399,-0.153,-30.175,-0.221,-21.675,-0.765,-34.527,12.863508075171408,5.790290964884064,13.348456795693288,2798.0,10,29.886000000000003
1400,0.017,-28.815,-0.017,-22.083,-0.765,-32.997,10.939602369373397,3.371900173615508,11.59730713710032,2800.0,10,29.886000000000003
1401,-0.119,-28.373,-0.051,-22.083,-1.275,-32.317,10.306936111182605,4.698953382985448,17.070707427930618,2802.0,10,29.886000000000003
1402,-0.119,-27.880000000000003,-0.5950000000000001,-18.445,-0.8670000000000001,-29.767000000000003,11.32526679597439,5.232313395993744,13.260159062115395,2804.0,10,29.886000000000003
1403,-0.051,-24.99,-0.459,-15.555,-0.051,-31.637000000000004,16.087174643174606,4.674209988329037,16.47914365301886,2806.0,10,29.886000000000003
1404,-0.017,-24.157,-0.255,-15.691,0.153,-31.161,15.475379284528056,5.315293759999321,17.358300304186642,2808.0,10,29.886000000000003
1405,-0.289,-23.545,0.289,-13.685,-0.153,-35.479,21.79848159849672,6.645406029807252,24.799476100315125,2810.0,10,29.886000000000003
1406,-0.289,-22.661,-0.255,-14.229,0.255,-33.303000000000004,19.080816963641784,5.023893603868589,22.346259315331128,2812.0,10,29.886000000000003
1407,-0.289,-21.743,-0.7310000000000001,-11.339,-0.085,-33.915,22.58524057874965,6.564303032359309,25.558706718159563,2814.0,10,29.886000000000003
1408,-0.255,-20.281,0.6970000000000001,-10.489,-0.187,-35.003,24.52993379526329,6.746374576546055,25.704021424308163,2816.0,10,29.886000000000003
1409,-0.425,-19.737,0.323,-9.537,0.051,-34.629000000000005,25.09347421143593,7.255591480923886,26.17203102720217,2818.0,10,29.886000000000003
1410,-0.391,-19.635,-0.901,-9.571000000000002,-0.289,-34.459,24.895523453022637,7.22653131470453,25.86550748225727,2820.0,10,29.886000000000003
1411,-0.357,-18.989,-0.765,-8.177000000000001,-1.003,-33.847,25.671103287548824,7.534649166874667,26.6012157711291,2822.0,10,29.886000000000003
1412,-0.255,-19.567,-0.017,-9.401,0.187,-30.005000000000003,20.60500987624126,5.58261124932728,23.862490324033537,2824.0,10,29.886000000000003
1413,-0.289,-19.329,0.561,-8.619,-0.663,-29.903,21.319165837339884,5.86404368037248,25.647753788961246,2826.0,10,29.886000000000003
1414,-0.391,-17.153000000000002,0.629,-8.993,-0.6970000000000001,-31.399,22.44520242724489,6.418152786364461,24.431156870996237,2828.0,10,29.886000000000003
1415,-0.255,-16.830000000000002,0.629,-7.633000000000001,-0.799,-25.619000000000003,18.042599036724173,4.827066724880817,22.662322583693253,2830.0,10,29.886000000000003
1416,-0.255,-15.759,,,,,18.042599036724173,5.260318112300745,,2832.0,10,29.886000000000003
1417,-0.221,-15.249,0.561,-6.885000000000001,0.459,-21.403,14.51835830939573,4.701196870385751,20.29154389990269,2834.0,10,29.886000000000003
1418,-0.187,-15.011,0.629,-4.845000000000001,0.425,-19.975,15.131375218399684,5.463206472830626,19.27644548360895,2836.0,10,29.886000000000003
1419,-0.425,-13.481000000000002,0.527,-4.981000000000001,-1.105,-25.347,20.43128434533669,5.611400688932022,22.364908799621794,2838.0,10,29.886000000000003
1420,-0.561,-13.549,0.663,-3.995,-1.003,-21.029,17.115277152298763,5.01829736395835,19.36220167980605,2840.0,10,29.886000000000003
1421,-0.051,-11.169,0.561,-4.335,-0.969,-20.689,16.42541372386096,5.411035997769609,18.88181141396784,2842.0,10,29.886000000000003
1422,-0.119,-10.931,0.6970000000000001,-2.635,-0.425,-18.785,16.18892782119928,5.0851148014294445,18.53874864815646,2844.0,10,29.886000000000003
1423,-0.051,-10.353000000000002,0.357,-2.669,-0.459,-24.157,21.503488089144984,6.1121043444904215,23.527466451781333,2846.0,10,29.886000000000003
1424,-0.119,-9.911,0.391,-2.193,-0.969,-20.655,18.512024308540653,5.559587244394603,20.75714051683334,2848.0,10,29.886000000000003
1425,-0.085,-9.333,-0.493,-0.221,-0.8330000000000001,-23.239,23.0205109413323,6.365057070249857,24.32567973411768,2850.0,10,29.886000000000003
1426,-0.323,-8.517000000000001,-0.357,0.935,-0.935,-17.595000000000002,18.53901248718496,5.246458409914975,20.426364480606303,2852.0,10,29.886000000000003
1427,-0.051,-7.293,-0.459,0.799,-0.765,-17.765,18.56652180673591,5.8504308281080455,21.004471777085858,2854.0,10,29.886000000000003
1428,-0.153,-7.735,-0.459,3.4170000000000003,-0.799,-15.045000000000002,18.46513048965536,6.2651248760048,25.2520662045108,2856.0,10,29.886000000000003
1429,0.119,-7.089,,,,,18.46513048965536,5.278594722532851,,2858.0,10,29.886000000000003
1430,0.323,-4.811,-0.663,4.165,-0.5950000000000001,-17.901,22.0661047763306,6.443483428501348,23.895391204325517,2860.0,10,29.886000000000003
1431,0.153,-2.397,-0.153,6.783,0.153,-9.435,16.22088653557505,5.269594201767755,16.658314848615397,2862.0,10,29.886000000000003
1432,0.119,-1.887,0.629,6.069000000000001,0.017,-11.271,17.350796638771374,5.336126363251323,18.910168032998747,2864.0,10,29.886000000000003
1433,0.051,-2.873,0.051,5.117,0.255,-9.877,14.995387690886822,4.784079463408331,17.767721084506846,2866.0,10,29.886000000000003
1434,-0.221,-3.0090000000000003,-0.527,6.205,0.255,-10.081,16.30476372107244,5.022239687499666,19.165106966133727,2868.0,10,29.886000000000003
1435,-0.153,-2.193,0.085,5.831,-0.017,-15.589,21.420242855766134,6.144272583321831,22.67724702085608,2870.0,10,29.886000000000003
1436,-0.119,-0.119,-0.629,9.027,0.561,-2.8390000000000004,11.925521204542802,6.014182656151161,12.209304964524817,2872.0,10,29.886000000000003
1437,0.119,-0.085,0.561,8.381,-0.459,-13.787,22.191453850525438,6.4398623139326,23.396248776113666,2874.0,10,29.886000000000003
1438,0.221,-0.459,0.221,7.735,-0.901,-13.685,21.449365585023724,6.241177903387449,23.79351308659193,2876.0,10,29.886000000000003
1439,-0.153,-0.187,-0.051,9.333,0.221,-1.921,11.257286529177447,6.915032253876409,11.894300149620488,2878.0,10,29.886000000000003
1440,0.017,0.357,0.527,9.129,0.323,-3.349,12.479667463518409,7.342532255387121,13.77219347883645,2880.0,10,29.886000000000003
1441,0.051,1.513,-0.085,12.087000000000002,0.085,-11.951,24.0386011240255,6.938141834655392,24.773559372380745,2882.0,10,29.886000000000003
1442,0.085,1.003,0.5950000000000001,10.557,-0.289,-14.671,25.24348311941124,7.701364252966171,26.726314724611264,2884.0,10,29.886000000000003
1443,0.187,1.411,-0.289,12.019,-0.391,-13.481000000000002,25.50020399918401,7.409277591192897,26.07538180804864,2886.0,10,29.886000000000003
1444,0.323,2.567,0.391,12.665,-0.935,-9.469,22.17368332054916,7.258424246376757,24.407017798999668,2888.0,10,29.886000000000003
1445,0.323,3.689,0.459,13.651000000000002,0.357,-8.041,21.69223981058665,6.315447469678979,22.66210847097415,2890.0,10,29.886000000000003
1446,0.187,5.253,0.051,16.133000000000003,-0.357,-9.027,25.163307890656984,7.367345956026936,26.229341330412417,2892.0,10,29.886000000000003
1447,0.221,7.429,0.5950000000000001,14.977,0.017,-2.567,17.5535187355698,5.470420641075052,18.574987591237846,2894.0,10,29.886000000000003
1448,0.187,8.177000000000001,0.085,16.541,0.391,-0.6970000000000001,17.240715762403834,5.062638694567991,18.18017009276378,2896.0,10,29.886000000000003
1449,0.085,8.279,0.085,17.153000000000002,0.221,-0.8330000000000001,17.986514170344403,5.500273058909073,18.928956658973775,2898.0,10,29.886000000000003
1450,0.051,7.837000000000001,0.255,16.201,0.255,-6.477,22.678,6.462273030605904,24.57836617156601,2900.0,10,29.886000000000003
1451,-0.017,7.837000000000001,0.051,16.779,0.527,-5.627000000000001,22.41105557531818,6.340383930288248,24.113918593102657,2902.0,10,29.886000000000003
1452,0.221,8.449,-0.357,19.159,-0.5950000000000001,3.0770000000000004,16.08376100294953,7.116003347477034,17.006637800027224,2904.0,10,29.886000000000003
1453,0.255,9.163,-0.493,17.731,-0.289,-3.825,21.55696527807196,6.182416842268135,23.546376417862,2906.0,10,29.886000000000003
1454,0.493,9.435,-0.085,19.805,0.629,7.463000000000001,12.362635641318564,6.453808304791704,13.151251646872655,2908.0,10,29.886000000000003
1455,0.323,11.747000000000002,-0.357,20.859,0.357,8.347000000000001,12.532355724284242,5.620915234873706,13.225190403743856,2910.0,10,29.886000000000003
1456,0.289,10.625,,,,,12.532355724284242,4.580739642834641,,2912.0,10,29.886000000000003
1457,0.221,12.699000000000002,-0.5950000000000001,20.485000000000003,-0.289,8.925,11.564049290797756,5.502254469274237,12.637723540713628,2914.0,10,29.886000000000003
1458,0.119,12.087000000000002,0.425,18.309,-0.5950000000000001,7.395,10.96155992548506,3.414172492197905,13.445530898198964,2916.0,10,29.886000000000003
1459,-0.085,13.277,0.255,22.015,0.357,9.027,12.988400517384736,4.6013511909497735,14.52695281614058,2918.0,10,29.886000000000003
1460,-0.187,14.739,0.255,24.293000000000003,-0.765,9.299,15.028653831930525,5.724613335095345,16.03248781787064,2920.0,10,29.886000000000003
1461,-0.187,15.181,0.5950000000000001,22.865,0.6970000000000001,3.519,19.346268890925717,5.259482816432896,22.34629774348174,2922.0,10,29.886000000000003
1462,0.085,15.113,-0.357,25.007,0.527,8.211,16.81924706994936,5.997922019123459,20.18099627177197,2924.0,10,29.886000000000003
1463,0.187,16.201,-0.493,25.925,0.085,3.349,22.583397884286597,6.50887538952409,24.78845165419728,2926.0,10,29.886000000000003
1464,0.255,16.473000000000003,-0.5950000000000001,28.441000000000003,0.527,2.907,25.55863924390342,7.113073009403576,27.500930411039366,2928.0,10,29.886000000000003
1465,0.289,18.071,-0.357,28.441000000000003,0.6970000000000001,5.695,22.770406935318483,6.230685087864081,24.12494618670461,2930.0,10,29.886000000000003
1466,0.391,19.601000000000003,-0.663,29.257,-0.051,4.913,24.351691522356308,7.008086376643072,25.606596286446496,2932.0,10,29.886000000000003
1467,0.391,20.757,0.289,30.073,-0.119,9.945,20.13213471045731,5.507817270365858,20.9952829472752,2934.0,10,29.886000000000003
1468,0.289,21.743,0.629,30.821,-0.017,8.755,22.07545406101537,6.566178582978203,23.55782877122349,2936.0,10,29.886000000000003
1469,0.323,23.885,-0.221,31.875000000000004,-0.221,14.127,17.748,5.06614495185826,19.14144360071281,2938.0,10,29.886000000000003
1470,0.425,23.477,-0.6970000000000001,32.861000000000004,0.663,21.131,11.808577391032337,5.86509988328947,12.654097506708778,2940.0,10,29.886000000000003
1471,0.187,23.783,-0.357,32.487,-0.493,12.563,19.924464158415905,5.623960514342651,21.982740927884365,2942.0,10,29.886000000000003
1472,0.119,24.191000000000003,0.187,32.487,-0.187,22.287000000000003,10.20685436361272,5.633541289124432,11.49527896514244,2944.0,10,29.886000000000003
1473,-0.017,25.296000000000003,0.663,34.595000000000006,-0.289,10.251,24.3626074138217,7.065124608519342,25.43609625963725,2946.0,10,29.886000000000003
1474,0.119,25.177000000000003,-0.187,34.935,-0.017,11.373,23.562613267632265,7.531364742590924,25.253386363320693,2948.0,10,29.886000000000003
1475,0.289,25.041,-0.255,33.167,-0.153,12.937,20.2302571412229,5.885238898070507,21.74522374488592,2950.0,10,29.886000000000003
1476,0.357,26.639000000000003,,,,,20.2302571412229,6.439804470940417,,2952.0,10,29.886000000000003
1477,0.255,29.155,-0.357,38.879000000000005,-0.017,19.499,19.382982226685343,5.655612968040924,22.279143710325805,2954.0,10,29.886000000000003
1478,0.221,30.685,0.663,38.267,-0.527,22.559,15.753011267691017,5.630267797873829,17.222199727522877,2956.0,10,29.886000000000003
1479,0.255,30.855000000000004,-0.085,40.409000000000006,-0.153,18.309,22.10010461513701,6.176765222322696,23.73518072985585,2958.0,10,29.886000000000003
1480,0.391,32.929,1.5470000000000002,41.565000000000005,0.8670000000000001,26.401000000000003,15.179238979606325,6.999701180353151,16.27542796450397,2960.0,10,29.886000000000003
1481,0.425,33.881,-0.391,34.935,0.459,20.825000000000003,14.135579224071437,6.852941276539391,14.989913484985276,2962.0,10,29.886000000000003
1482,0.051,33.847,-0.187,34.867000000000004,0.459,23.137,11.747774938259589,6.810808374775071,13.18112930879557,2964.0,10,29.886000000000003
1483,0.255,33.388000000000005,-0.323,34.935,0.085,24.293000000000003,10.649818214410988,6.27884765786909,15.128543895324484,2966.0,10,29.886000000000003
1484,0.255,33.966,2.329,43.945,0.289,23.647,20.40025499840627,5.710500487732015,24.64816603582014,2968.0,10,29.886000000000003
1485,0.153,34.561,-0.561,34.969,0.799,24.905,10.155476158211393,6.33363040264808,13.814295769874231,2970.0,10,29.886000000000003
1486,0.119,35.445,3.757,43.843,0.085,25.143,19.05711373739476,5.586518129289364,24.572734928662545,2972.0,10,29.886000000000003
1487,0.017,36.771,3.791,45.305,-0.221,35.275000000000006,10.802640603111817,6.472437550298936,12.653814514505534,2974.0,10,29.886000000000003
1488,0.221,37.009,3.3830000000000005,46.835,0.493,28.033,19.022810097354174,5.342459528404806,23.935505637465536,2976.0,10,29.886000000000003
1489,0.187,38.573,2.9410000000000003,47.175,0.153,25.925,21.43211244837989,6.117225693495448,24.11211993605001,2978.0,10,29.886000000000003
1490,0.425,39.049,2.567,47.447,0.629,27.999,19.54432265390643,5.563916467225384,23.06381036479709,2980.0,10,29.886000000000003
1491,0.017,38.981,2.4650000000000003,47.447,0.8330000000000001,35.071000000000005,12.48314063046636,5.178079571488662,15.693777997655408,2982.0,10,29.886000000000003
1492,-0.153,39.542,2.669,47.107000000000006,0.323,35.105000000000004,12.22913406582821,5.340592353961405,15.987247466956296,2984.0,10,29.886000000000003
1493,-0.187,39.219,2.125,47.651,0.629,35.105000000000004,12.63487760130663,5.438614181817521,16.518001902678847,2986.0,10,29.886000000000003
1494,-0.255,39.627,2.057,47.957,-0.391,35.275000000000006,12.916107308318557,5.893455489294205,16.84372174957707,2988.0,10,29.886000000000003
1495,-0.289,41.089000000000006,2.431,46.087,0.493,35.241,11.017783806192606,6.157923524830782,16.59744856215165,2990.0,10,29.886000000000003
1496,-0.153,41.837,2.8390000000000004,47.515,-0.051,35.309000000000005,12.54346586873022,4.597469131725796,18.40805994410498,2992.0,10,29.886000000000003
1497,0.017,42.330000000000005,2.737,47.617,-0.255,36.227,11.776424075244574,4.327705980187491,16.06522080986232,2994.0,10,29.886000000000003
1498,-0.425,42.619,2.9410000000000003,47.379000000000005,-0.527,37.077000000000005,10.87006108538494,4.759260966873066,17.421689677887283,2996.0,10,29.886000000000003
1499,-0.561,42.415000000000006,2.805,47.651,-0.425,35.309000000000005,12.75765903291039,4.549921592380565,20.028942753123488,2998.0,10,29.886000000000003
1500,-0.527,42.245000000000005,1.6150000000000002,48.161,0.459,33.779,14.428383831878056,4.727663045934533,21.84627096300428,3000.0,10,29.886000000000003
1501,-0.527,42.109,1.5810000000000002,47.719,-0.017,35.275000000000006,12.54618428048943,4.5549206626400895,18.898916455315124,3002.0,10,29.886000000000003
1502,-0.561,42.823,,,,,12.54618428048943,4.755067706725445,,3004.0,10,29.886000000000003
1503,-0.391,42.313,2.669,47.005,-0.5950000000000001,35.309000000000005,12.142903771339045,4.9010877643428925,19.813805325259462,3006.0,10,29.886000000000003
1504,-0.425,42.619,2.9410000000000003,47.277,-0.425,35.275000000000006,12.465069594671345,4.514011276793038,20.06567441642726,3008.0,10,29.886000000000003
1505,-0.391,43.231,2.567,47.345000000000006,0.663,37.927,9.608534747816652,5.027452267202527,17.597780771909253,3010.0,10,29.886000000000003
1506,-0.323,42.721,2.9410000000000003,47.243,-0.255,33.371,14.23540656251166,4.772799326822208,22.570075673242737,3012.0,10,29.886000000000003
1507,-0.323,42.67,2.431,47.583000000000006,0.8330000000000001,37.859,9.854429460907417,5.290335848050107,16.936667083257834,3014.0,10,29.886000000000003
1508,0.391,42.755,1.5810000000000002,48.059000000000005,-0.5950000000000001,35.683,12.565840680193268,3.648050070547353,22.153776143655342,3016.0,10,29.886000000000003
1509,0.289,42.755,,,,,12.565840680193268,4.135695593011528,,3018.0,10,29.886000000000003
1510,0.663,43.469,-0.629,47.753,0.935,35.309000000000005,12.541899058755018,4.332237836807241,21.863888879116697,3020.0,10,29.886000000000003
1511,0.459,42.993,-1.377,48.229000000000006,0.663,35.105000000000004,13.281602915311089,4.550380090359043,22.14510894961685,3022.0,10,29.886000000000003
1512,0.493,42.279,-2.9410000000000003,47.243,0.323,35.241,12.437913812211436,4.928938215531833,22.16755762827845,3024.0,10,29.886000000000003
1513,0.357,42.687000000000005,-2.8390000000000004,47.107000000000006,-0.255,35.275000000000006,12.110874452325891,4.802708109345516,22.381529813556707,3026.0,10,29.886000000000003
1514,0.527,43.707,-3.519,45.849,0.493,35.377,11.214228818781969,5.084669243536887,22.54917841257518,3028.0,10,29.886000000000003
1515,0.493,45.441,-2.805,46.325,3.655,43.469,7.063167561370748,5.499809141921564,10.993140008176807,3030.0,10,29.886000000000003
1516,0.357,45.305,-3.0770000000000004,45.237,3.689,43.469,6.9931809643394764,5.592759692449871,11.915214743989546,3032.0,10,29.886000000000003
1517,0.459,44.86300000000001,-3.655,45.339000000000006,3.4850000000000003,43.027,7.504994603595662,5.5222047014022575,12.716496863980836,3034.0,10,29.886000000000003
1518,0.527,45.339000000000006,-3.4850000000000003,45.781000000000006,3.655,43.367,7.537041594684217,4.883425334145046,11.605551243077295,3036.0,10,29.886000000000003
1519,0.119,44.659000000000006,-3.3150000000000004,46.121,3.0090000000000003,42.517,7.278859251283817,4.941424720434031,11.924781567098409,3038.0,10,29.886000000000003
1520,0.085,44.625,-2.9410000000000003,46.053,-0.561,35.717000000000006,10.606474249249844,4.898268606494081,21.476206333155076,3040.0,10,29.886000000000003
1521,-0.017,44.693000000000005,-3.689,44.625,-0.391,35.479,9.72245442262395,5.18269255701518,23.87653199254869,3042.0,10,29.886000000000003
1522,0.017,44.081,-3.723,44.455000000000005,-0.357,35.479,9.586372202246272,5.032491997741478,24.44257738166234,3044.0,10,29.886000000000003
1523,0.119,44.42100000000001,-3.5530000000000004,44.047,-0.221,35.411,9.256496097336186,5.403966794761544,23.891003713536143,3046.0,10,29.886000000000003
1524,0.085,43.945,-3.2470000000000003,42.993,0.085,35.411,8.281844480549005,5.120137381521487,24.365149676753507,3048.0,10,29.886000000000003
1525,0.323,44.353,-3.723,45.713,0.017,35.445,10.927919472616916,5.1706400075652565,20.56256264152312,3050.0,10,29.886000000000003
1526,0.765,43.809000000000005,-3.655,45.645,-0.493,37.247,8.973552696674824,3.294949042651967,21.026917253789563,3052.0,10,29.886000000000003
1527,0.017,44.523,-3.4850000000000003,45.98500000000001,0.357,37.757000000000005,9.080801065985312,3.0837863372296423,25.06029404056493,3054.0,10,29.886000000000003
1528,0.799,44.42100000000001,-2.7710000000000004,45.509,-0.663,40.205000000000005,5.707545882426176,3.0505959344786637,20.45965369336344,3056.0,10,29.886000000000003
1529,0.187,44.999,-3.4850000000000003,45.169,-0.289,37.621,8.196750575685465,3.4542798378402253,24.705001991870617,3058.0,10,29.886000000000003
1530,-0.187,44.217000000000006,-3.3830000000000005,43.741,-0.017,37.383,7.194033639065084,3.437099133486864,27.793792200827948,3060.0,10,29.886000000000003
1531,-0.119,44.081,-3.4850000000000003,43.809000000000005,-0.493,37.995000000000005,6.5387047647068455,3.2930720066372765,27.061526208554728,3062.0,10,29.886000000000003
1532,-0.255,43.911,-3.111,42.721,0.323,37.485,6.26163333324461,3.6707760345262384,29.384626263182568,3064.0,10,29.886000000000003
1533,0.017,44.591,-3.281,43.265,0.085,39.219,5.2630857868744645,3.498927768999136,24.651376277413963,3066.0,10,29.886000000000003
1534,0.5950000000000001,44.829,-3.145,42.925,0.391,39.729000000000006,4.766310103214016,3.378597919914133,21.19496190787441,3068.0,10,29.886000000000003
1535,0.357,45.475,,,,,4.766310103214016,3.178954545129578,,3070.0,10,29.886000000000003
1536,0.323,44.795,-3.111,43.197,-0.7310000000000001,40.919,3.2944929807179744,3.197972705117517,20.70752185045736,3072.0,10,29.886000000000003
1537,0.323,44.625,-3.3150000000000004,43.367,-0.221,39.321000000000005,5.0934224250497815,2.989337346718035,19.70009549425838,3074.0,10,29.886000000000003
1538,1.3090000000000002,44.948,-3.111,42.687000000000005,0.5950000000000001,41.497,3.892368944486121,3.3402165540436117,19.043460643455557,3076.0,10,29.886000000000003
1539,1.003,45.577000000000005,-3.4170000000000003,43.843,3.519,42.857000000000006,7.00573279536124,3.518811500128322,16.267823464614114,3078.0,10,29.886000000000003
1540,1.649,45.781000000000006,-3.519,43.639,2.2950000000000004,43.333000000000006,5.822047062674778,3.129099874824669,14.420642661783488,3080.0,10,29.886000000000003
1541,1.513,45.543000000000006,-3.281,44.965,-0.6970000000000001,40.647000000000006,5.032114863553892,3.2918432789514367,21.35634288154652,3082.0,10,29.886000000000003
1542,1.751,45.645,-3.655,43.877,0.289,43.129000000000005,4.01430442293556,3.28506730275014,17.88779064722006,3084.0,10,29.886000000000003
1543,0.8330000000000001,45.475,-3.4850000000000003,43.775000000000006,-0.561,41.531000000000006,3.6858258233400014,2.8619815445381604,17.225842775514728,3086.0,10,29.886000000000003
1544,1.751,44.489,-3.111,42.823,2.125,46.359,6.3181478298628,3.3114554189012395,10.991855396476277,3088.0,10,29.886000000000003
1545,0.119,45.815000000000005,-3.0090000000000003,42.619,2.907,45.98500000000001,6.806541853246772,3.4943681157200848,13.064958829452769,3090.0,10,29.886000000000003
1546,0.102,45.679,-3.4170000000000003,43.605,3.043,46.495000000000005,7.0769838208095415,3.53544317684066,11.9693084909749,3092.0,10,29.886000000000003
1547,0.425,45.611,-3.0090000000000003,42.925,3.213,46.291,7.074124680835079,3.4885066125028183,12.391545399968804,3094.0,10,29.886000000000003
1548,0.765,44.86300000000001,,,,,7.074124680835079,3.5276120776419493,,3096.0,10,29.886000000000003
1549,0.663,44.999,-3.0090000000000003,42.891000000000005,0.085,39.083000000000006,4.906495694485017,3.396531475220955,21.179955411418664,3098.0,10,29.886000000000003
1550,0.153,44.795,,,,,4.906495694485017,3.81358907330044,,3100.0,10,29.886000000000003
1551,-0.153,44.86300000000001,-1.683,41.565000000000005,-0.323,37.825,3.979597969644673,3.787710601753549,24.62017087309417,3102.0,10,29.886000000000003
1552,-0.187,44.251000000000005,-0.527,38.029,-0.391,38.233,0.2451774867315513,3.8818201887811705,0.4911747269799672,3104.0,10,29.886000000000003
1553,0.153,43.945,-0.289,38.471,-0.493,40.001000000000005,1.5435400869429987,3.221173739692814,23.4419976892171,3106.0,10,29.886000000000003
1554,0.119,44.081,0.425,39.321000000000005,1.3090000000000002,42.211000000000006,3.022177360778153,2.920483446484,18.69263455614174,3108.0,10,29.886000000000003
1555,0.119,43.979000000000006,1.445,41.667,1.683,41.565000000000005,0.2589362855993729,3.187070767614256,20.9067841229021,3110.0,10,29.886000000000003
1556,0.221,43.435,0.425,41.089000000000006,0.561,37.757000000000005,3.3347743551850706,3.5838404779293365,22.66697132329798,3112.0,10,29.886000000000003
1557,0.017,42.993,1.0710000000000002,41.73500000000001,1.479,42.075,0.5310969779616526,3.0785647100610296,20.54286243239948,3114.0,10,29.886000000000003
1558,0.765,43.877,0.629,35.615,0.8330000000000001,39.763000000000005,4.153013363811872,3.5435477919610614,25.226709187943896,3116.0,10,29.886000000000003
1559,0.187,43.979000000000006,-0.5950000000000001,37.859,0.8330000000000001,39.695,2.325957867202242,3.1561396734456912,24.39605410861321,3118.0,10,29.886000000000003
1560,0.289,43.911,0.289,35.989000000000004,0.969,39.797,3.868237841705187,3.5715331190780684,26.415721484694348,3120.0,10,29.886000000000003
1561,-0.187,43.469,-0.255,36.159000000000006,0.119,37.927,1.8071247881648904,3.6248992820586623,2.019069659627648,3122.0,10,29.886000000000003
1562,-0.221,43.707,0.5950000000000001,36.057,0.289,37.519000000000005,1.4936800192812385,3.8970711965334224,1.80572505788258,3124.0,10,29.886000000000003
1563,-0.187,43.469,0.765,37.043,0.425,36.839000000000006,0.3965047288494804,3.466190085965804,0.5513006547917666,3126.0,10,29.886000000000003
1564,-0.357,43.707,0.6970000000000001,35.683,0.799,39.287000000000006,3.605443107303179,4.076333214474135,9.296956171022613,3128.0,10,29.886000000000003
1565,-0.255,42.959,0.357,35.173,0.6970000000000001,39.593,4.433057635537801,3.98042769600062,27.041340042132436,3130.0,10,29.886000000000003
1566,-0.323,42.925,0.629,35.207,-1.0710000000000002,43.911,8.86846187340285,4.091240264038934,22.108579029198555,3132.0,10,29.886000000000003
1567,-0.255,42.381,0.391,35.139,0.085,37.417,2.2984603542371578,4.383534825579952,9.593788032587474,3134.0,10,29.886000000000003
1568,-0.221,42.415000000000006,0.085,34.119,0.969,40.681,6.621276312011152,3.6203626927359336,23.84802848247769,3136.0,10,29.886000000000003
1569,-0.323,43.231,-0.289,35.445,1.5470000000000002,43.333000000000006,8.098854239952711,4.2142550305454485,14.234538343930112,3138.0,10,29.886000000000003
1570,-0.017,42.925,0.629,33.677,0.663,34.017,0.3416957711181103,4.317392000485277,0.3815185887215313,3140.0,10,29.886000000000003
1571,-0.493,41.565000000000005,-0.391,32.793,2.261,45.135000000000005,12.62371054801242,3.8913128211020855,18.77190571497305,3142.0,10,29.886000000000003
1572,-0.493,41.633,-0.153,33.201,2.2950000000000004,45.781000000000006,12.81597066163933,4.885482841046925,25.267563615281585,3144.0,10,29.886000000000003
1573,-0.357,40.613,-0.391,29.631000000000004,0.459,45.101000000000006,15.49333405048765,5.326935224256177,25.42431280831758,3146.0,10,29.886000000000003
1574,-0.255,40.511,0.493,29.631000000000004,1.649,44.693000000000005,15.1062960384073,5.5224879353261045,26.565942421682905,3148.0,10,29.886000000000003
1575,-0.391,40.035,0.663,30.073,2.057,44.183,14.178693028625736,5.340520064711768,26.087966247540265,3150.0,10,29.886000000000003
1576,-0.459,37.689,-0.221,28.339,-3.4850000000000003,45.917,17.878472529833193,6.0403324551965705,22.67312969107748,3152.0,10,29.886000000000003
1577,-0.187,38.165000000000006,0.289,29.325000000000003,-3.655,45.237,16.39350115137093,5.094967955362989,22.32905372755026,3154.0,10,29.886000000000003
1578,0.153,36.805,0.527,35.173,-1.275,43.809000000000005,8.822000906823805,6.018594220136808,9.273871809706035,3156.0,10,29.886000000000003
1579,0.459,35.717000000000006,-0.357,28.101000000000003,-1.105,42.891000000000005,14.8089028628052,4.31075978858942,19.63868349033124,3158.0,10,29.886000000000003
1580,0.459,35.921,-0.5950000000000001,25.721,-1.3090000000000002,43.775000000000006,18.068113127828266,5.643625292498242,22.94888518423257,3160.0,10,29.886000000000003
1581,0.068,33.371,-0.527,23.375,-2.9410000000000003,42.993,19.76596367496409,5.321625304451198,24.70050263638033,3162.0,10,29.886000000000003
1582,0.085,31.501,-0.561,23.511000000000003,0.085,43.197,19.696596457256263,6.201531934365794,23.24089688890681,3164.0,10,29.886000000000003
1583,0.119,30.549000000000003,0.425,22.321,-0.425,35.037,12.744377426928317,5.899437092664073,13.92124530975276,3166.0,10,29.886000000000003
1584,0.187,29.631000000000004,0.493,20.043000000000003,-0.255,34.867000000000004,14.8428595627662,6.860448561821672,15.734243477547963,3168.0,10,29.886000000000003
1585,0.085,29.393,-0.561,22.049000000000003,-0.527,34.867000000000004,12.81804509275888,5.148399358494391,14.71835604314607,3170.0,10,29.886000000000003
1586,0.357,29.665000000000003,-0.391,20.451,-0.527,34.901,14.450639985827618,5.731496002170059,17.07969551543037,3172.0,10,29.886000000000003
1587,0.221,27.999,-0.5950000000000001,19.125,-0.187,35.037,15.917229909755028,6.481494668007979,17.68446425924062,3174.0,10,29.886000000000003
1588,0.153,27.829,,,,,15.917229909755028,6.711656797306718,,3176.0,10,29.886000000000003
1589,-0.017,26.129,-0.5950000000000001,16.949,0.255,33.439,16.51189268375979,7.657542643635596,17.87309907593674,3178.0,10,29.886000000000003
1590,0.085,24.463,-0.5950000000000001,16.235,0.289,34.799,18.58503570079972,5.742917097188308,20.710116333379865,3180.0,10,29.886000000000003
1591,0.051,24.191000000000003,0.459,13.413,0.255,33.507000000000005,20.095035506313494,6.3437348323898295,24.93697476132125,3182.0,10,29.886000000000003
1592,0.017,22.967,-0.5950000000000001,12.801,0.085,27.387,14.601842212542907,6.572695850086472,15.890274516830733,3184.0,10,29.886000000000003
1593,0.017,23.205,0.085,13.651000000000002,0.085,27.183000000000003,13.532000000000002,6.281650461842958,14.43480266481242,3186.0,10,29.886000000000003
1594,-0.017,22.474,-0.7310000000000001,12.767,-0.663,34.833000000000006,22.0661047763306,6.870267790533085,24.57504681538834,3188.0,10,29.886000000000003
1595,-0.017,22.763,-0.629,12.631,0.391,33.201,20.595273729669145,5.94772680303624,24.17294304169196,3190.0,10,29.886000000000003
1596,0.391,22.593,,,,,20.595273729669145,5.629236399884196,,3192.0,10,29.886000000000003
1597,0.255,20.553,0.765,11.339,-0.527,29.495,18.20191198748088,6.00113999010821,20.501142878600877,3194.0,10,29.886000000000003
1598,-0.085,21.165000000000003,,,,,18.20191198748088,5.882045199922779,,3196.0,10,29.886000000000003
1599,0.051,18.955,0.187,10.693,0.459,31.977000000000004,21.28573794821312,6.21574843353146,23.819301018569604,3198.0,10,29.886000000000003
1600,0.085,18.071,0.561,8.347000000000001,0.799,27.489,19.143479516535127,5.387361578743664,23.129760283968096,3200.0,10,29.886000000000003
1601,0.051,16.405,0.187,7.123,0.085,26.061000000000003,18.93827468382482,5.880038929420988,24.472884282907565,3202.0,10,29.886000000000003
1602,0.255,15.759,0.561,5.899,0.051,27.353,21.460060950519225,5.880164493976466,23.44314418678235,3204.0,10,29.886000000000003
1603,-0.085,14.297,0.187,6.4430000000000005,-0.527,27.149,20.718306687564983,6.354868173585479,22.14352262288881,3206.0,10,29.886000000000003
1604,0.187,13.583,0.391,5.1850000000000005,-0.425,24.667,19.49908151683048,5.159643815272171,21.805422549087872,3208.0,10,29.886000000000003
1605,0.221,13.447,0.561,2.567,-0.561,25.007,22.468032490629884,6.033301694656058,25.300999781144444,3210.0,10,29.886000000000003
1606,0.119,13.022,0.391,12.971,0.799,25.789,12.824491724820913,6.322379936174244,14.80212296006163,3212.0,10,29.886000000000003
1607,-0.289,11.067,0.391,0.493,0.8330000000000001,26.741000000000003,26.25172123880642,7.473140589891189,27.67645462168114,3214.0,10,29.886000000000003
1608,-0.051,11.679,0.357,-0.935,0.527,27.149,28.084514523131784,7.838162071763499,29.32972987390176,3216.0,10,29.886000000000003
1609,-0.221,10.115,-0.527,-0.119,0.5950000000000001,23.239,23.384932071742263,6.534943564834926,24.732019592386575,3218.0,10,29.886000000000003
1610,-0.255,9.571000000000002,0.493,0.289,0.629,18.921000000000003,18.632496343753832,5.775641024403487,21.53859413391448,3220.0,10,29.886000000000003
1611,-0.357,9.333,0.323,-1.411,0.799,21.063,22.479040282004924,6.19621253689305,24.398086245437494,3222.0,10,29.886000000000003
1612,-0.289,8.177000000000001,-0.153,-0.969,0.629,22.695,23.676917451391347,6.709168728421981,24.8312951808126,3224.0,10,29.886000000000003
1613,0.085,7.701,0.493,-1.5470000000000002,0.561,15.725,17.27213385774902,5.221705756498599,18.527344445257786,3226.0,10,29.886000000000003
1614,-0.051,6.035,0.323,-3.349,0.663,18.819000000000003,22.170607208644512,6.686805820443202,23.86184519963505,3228.0,10,29.886000000000003
1615,-0.085,6.477,0.7310000000000001,-2.805,0.5950000000000001,16.779,19.584472216529093,5.345594752543736,22.67243033095516,3230.0,10,29.886000000000003
1616,-0.561,5.083,0.459,-4.7090000000000005,0.765,16.813000000000002,21.52417524552335,6.50255731854943,25.08248087532642,3232.0,10,29.886000000000003
1617,-0.425,4.335,0.493,-7.837000000000001,-0.119,15.385000000000002,23.230063021868883,7.075051199673554,27.171367136447213,3234.0,10,29.886000000000003
1618,-0.187,3.451,0.425,-6.171,0.425,16.983,23.154,7.130814924102204,25.290844423588016,3236.0,10,29.886000000000003
1619,-0.323,3.0090000000000003,0.085,-8.653,-0.221,17.187,25.841811778588596,7.482246788433734,27.253254096681804,3238.0,10,29.886000000000003
1620,-0.357,1.955,0.629,-11.067,0.425,17.901,28.968718300953533,8.360907203594243,30.409462691677422,3240.0,10,29.886000000000003
1621,-0.085,0.935,0.493,-8.857000000000001,0.153,17.935000000000002,26.794157273554998,7.803884215562155,28.126172822512142,3242.0,10,29.886000000000003
1622,-0.221,0.969,0.493,-8.959000000000001,0.765,14.195,23.155597595397964,6.568265346506509,25.61251055415224,3244.0,10,29.886000000000003
1623,-0.357,0.323,0.459,-10.591,0.153,15.623,26.21578593138112,7.734405560700753,27.57110174794412,3246.0,10,29.886000000000003
1624,-0.323,-0.085,0.085,-11.135000000000002,-0.629,11.203,22.349408045852133,6.156126686170092,23.818968154008054,3248.0,10,29.886000000000003
1625,0.017,1.003,-0.8330000000000001,-4.301,0.6970000000000001,8.381,12.773958822542056,3.2344672926841707,18.12612881410576,3250.0,10,29.886000000000003
1626,0.323,2.7710000000000004,0.153,1.6150000000000002,-0.459,6.953,5.372968267168531,3.529238272421479,9.44762649184844,3252.0,10,29.886000000000003
1627,0.085,2.601,0.119,0.153,0.051,8.517000000000001,8.364276418196617,2.5271822321000585,13.845110981947697,3254.0,10,29.886000000000003
1628,-0.051,3.3830000000000005,-0.017,0.561,-0.425,8.585,8.03436618533161,2.279592754468996,12.619129331902569,3256.0,10,29.886000000000003
1629,-0.187,2.805,0.051,-3.519,0.323,10.591,14.112621443233005,3.706028685796615,16.467970203210086,3258.0,10,29.886000000000003
1630,0.153,2.1590000000000003,-0.153,-5.389,-0.153,10.625,16.014000000000003,4.151693572793803,18.93050491621893,3260.0,10,29.886000000000003
1631,0.017,2.091,0.663,-7.123,-0.357,10.693,17.845174585864946,4.713284132387198,20.702201040212618,3262.0,10,29.886000000000003
1632,-0.323,0.765,0.425,-6.239000000000001,0.255,10.523,16.762862046798574,4.828009214036892,18.268465611222837,3264.0,10,29.886000000000003
1633,-0.051,3.0090000000000003,0.799,-0.085,0.221,7.055000000000001,7.163357034240302,1.7252675666148876,9.401155557892238,3266.0,10,29.886000000000003
1634,0.085,2.601,0.6970000000000001,-0.119,0.663,5.219,5.338108279156578,1.2636726738139197,6.336335380776586,3268.0,10,29.886000000000003
1635,-0.085,2.635,-0.629,0.6970000000000001,-0.8330000000000001,4.845000000000001,4.153013363811872,1.5240912514006433,6.002333774105229,3270.0,10,29.886000000000003
1636,0.119,2.2950000000000004,0.7310000000000001,-0.8330000000000001,0.391,3.519,4.365261046031498,1.3589706578457688,5.558049021485572,3272.0,10,29.886000000000003
1637,0.153,1.717,0.051,-1.275,0.425,4.199000000000001,5.486761522063812,1.441566152268715,6.0954789812572026,3274.0,10,29.886000000000003
1638,0.221,0.391,-0.5950000000000001,-1.717,-0.187,3.5530000000000004,5.285769953374817,1.6691430461339145,6.719060273379887,3276.0,10,29.886000000000003
1639,0.119,0.5950000000000001,0.119,-2.193,-0.8670000000000001,3.043,5.328028903825504,1.439310862448723,6.486747429719098,3278.0,10,29.886000000000003
1640,0.238,0.629,0.255,-2.567,-0.799,3.3150000000000004,5.975687408156488,1.6338430684780572,6.963322422962922,3280.0,10,29.886000000000003
1641,0.187,0.051,-0.493,-5.253,-0.7310000000000001,3.4170000000000003,8.673266051494098,2.551880463744287,10.105090244680918,3282.0,10,29.886000000000003
1642,-0.017,0.085,-0.663,-4.641,-0.799,3.621,8.263119265749467,2.719924201590856,9.861776325308918,3284.0,10,29.886000000000003
1643,0.017,-0.493,-0.561,-6.681,-0.357,-6.783,0.2280789337049786,2.97595815693858,0.2460242432838492,3286.0,10,29.886000000000003
1644,0.119,-0.527,-0.629,3.587,0.629,-8.075000000000001,11.72965506739222,3.291087836007053,12.86552874074158,3288.0,10,29.886000000000003
1645,0.221,-0.663,-0.187,3.1790000000000003,0.527,-8.449,11.64990042875904,3.4520274230786803,12.489157405574248,3290.0,10,29.886000000000003
1646,0.255,-0.663,-0.051,2.635,0.289,-8.381,11.021245664624304,3.5041794265159134,12.107405966054465,3292.0,10,29.886000000000003
1647,0.221,-0.7310000000000001,-0.051,2.805,0.289,-9.401,12.210734457844868,3.734273213560338,13.557545892092248,3294.0,10,29.886000000000003
1648,0.323,-1.445,0.153,3.621,-0.425,-8.993,12.627235643639509,3.7242367870824897,13.592402385664252,3296.0,10,29.886000000000003
1649,0.187,-1.479,-0.8670000000000001,-0.561,-0.8330000000000001,-10.659,10.098057238895016,4.200986244294482,13.939521407864286,3298.0,10,29.886000000000003
1650,-0.119,-3.2470000000000003,-0.6970000000000001,-1.105,-0.901,-10.693,9.59016996721122,4.069632347562536,19.60930052565111,3300.0,10,29.886000000000003
1651,-0.187,-3.859,0.153,1.683,-0.6970000000000001,-11.169,12.88007779479612,3.899823538868752,14.424736211467804,3302.0,10,29.886000000000003
1652,0.017,-4.437,-0.8330000000000001,-0.561,0.051,-11.645,11.119195654362777,4.327930917447837,17.963236176835263,3304.0,10,29.886000000000003
1653,0.119,-4.301,-0.8330000000000001,-0.425,0.6970000000000001,-12.019,11.694517347885718,4.480159540947935,19.29396405022946,3306.0,10,29.886000000000003
1654,0.017,-3.5530000000000004,-0.8330000000000001,-0.8330000000000001,0.663,-11.849,11.11711617282108,4.519068180413827,20.55403008046228,3308.0,10,29.886000000000003
1655,0.153,-3.3150000000000004,-0.8330000000000001,-1.479,-0.799,-9.673,8.194070539115465,4.858776203696668,18.72016826064322,3310.0,10,29.886000000000003
1656,-0.085,-5.321000000000001,-0.153,-2.125,-0.255,-15.215000000000002,13.090397396565164,5.726384295425963,25.598102411314255,3312.0,10,29.886000000000003
1657,0.017,-5.457000000000001,-0.153,-1.0710000000000002,0.459,-15.079,14.021362558610344,5.615751822678235,23.236326756792224,3314.0,10,29.886000000000003
1658,0.085,-5.95,0.051,-0.8330000000000001,0.527,-16.813000000000002,15.9870877898384,6.110964029969463,17.610344089446404,3316.0,10,29.886000000000003
1659,0.357,-6.307,-0.153,-2.125,-0.8670000000000001,-15.317000000000002,13.211308035164423,5.128527692844374,22.06920403026332,3318.0,10,29.886000000000003
1660,0.119,-6.171,-0.7310000000000001,-13.719,-0.799,-14.025,0.3134645115479582,5.205460189362522,0.3617649652166683,3320.0,10,29.886000000000003
1661,0.017,-4.148000000000001,0.527,-4.335,-0.765,-13.923000000000002,9.674658030132123,5.074384020714162,10.648173264206578,3322.0,10,29.886000000000003
1662,-0.085,-5.559,-0.7310000000000001,-12.631,-0.969,-13.481000000000002,0.8826913390308077,4.51304730415482,2.8153961094343773,3324.0,10,29.886000000000003
1663,-0.085,-8.721,0.425,2.9410000000000003,-0.969,-16.711000000000002,19.70137913954249,6.587888659841744,22.088784719738133,3326.0,10,29.886000000000003
1664,-0.289,-10.455,-0.8670000000000001,-0.391,-0.6970000000000001,-18.513,18.12279735581679,6.837217795684145,21.165732637102582,3328.0,10,29.886000000000003
1665,-0.357,-11.373,0.323,0.765,-0.969,-20.145000000000003,20.94987742207577,5.626504930793587,21.84892950309287,3330.0,10,29.886000000000003
1666,-0.153,-11.441,-0.119,-0.153,-0.901,-19.193,19.05605216197731,5.542489449841513,20.915758333801897,3332.0,10,29.886000000000003
1667,-0.391,-13.889,-0.901,-4.369000000000001,0.255,-23.205,18.871439584726968,7.062982518716969,19.662714532467263,3334.0,10,29.886000000000003
1668,-0.459,-13.753,0.289,-4.437,-0.051,-22.627,18.19317729260065,6.599325996204482,19.932728874150047,3336.0,10,29.886000000000003
1669,-0.357,-13.974,-0.799,-1.173,-0.969,-23.647,22.47464295600711,6.835976437498908,25.45169213537569,3338.0,10,29.886000000000003
1670,-0.425,-13.889,-0.357,-1.785,0.5950000000000001,-24.327,22.562093608528443,6.559008711092951,24.0428431028866,3340.0,10,29.886000000000003
1671,-0.391,-14.535000000000002,-0.221,-6.239000000000001,-0.425,-23.953000000000003,17.71517462516246,6.766145927045664,19.02717053060132,3342.0,10,29.886000000000003
1672,-0.459,-14.603000000000002,-0.391,-5.559,-0.969,-24.259,18.70893059477212,7.2790799817165714,20.40975002988025,3344.0,10,29.886000000000003
1673,-0.527,-16.133000000000003,-0.391,-4.981000000000001,-0.8330000000000001,-24.463,19.487013316565477,5.594031480315324,21.8290682905886,3346.0,10,29.886000000000003
1674,-0.459,-16.813000000000002,0.289,-5.1850000000000005,-0.8670000000000001,-26.299000000000003,21.145622052803272,5.928969892172364,22.7502910043432,3348.0,10,29.886000000000003
1675,-0.323,-17.425,0.561,-4.369000000000001,-1.0710000000000002,-25.109,20.804110747638315,6.02391873579085,22.22995247866884,3350.0,10,29.886000000000003
1676,-0.425,-17.901,-0.8670000000000001,-5.763000000000001,0.289,-28.407000000000004,22.673488306830954,6.250520922856744,24.79265578401683,3352.0,10,29.886000000000003
1677,-0.5950000000000001,-18.887,-0.8330000000000001,-4.7090000000000005,0.459,-28.067000000000004,23.393704879732077,6.763351381093135,25.09229506644913,3354.0,10,29.886000000000003
1678,-0.323,-19.703000000000003,-0.901,-7.463000000000001,0.323,-27.591,20.165181873714904,5.677786374211715,23.25246780893873,3356.0,10,29.886000000000003
1679,-0.6120000000000001,-19.261000000000003,-0.7310000000000001,-6.545000000000001,0.289,-26.299000000000003,19.7803163776518,5.736799923619123,22.841744651322134,3358.0,10,29.886000000000003
1680,-0.561,-19.601000000000003,-0.391,-6.579000000000001,-0.255,-29.257,22.67840779243552,6.034125363926884,24.767609288833253,3360.0,10,29.886000000000003
1681,-0.561,-20.655,0.119,-6.239000000000001,0.323,-29.597,23.358890812707696,7.045318956868158,25.139672259996853,3362.0,10,29.886000000000003
1682,-0.629,-21.505000000000003,0.119,-5.831,-0.629,-33.881,28.05997156092643,8.108141176028454,29.181314304614137,3364.0,10,29.886000000000003
1683,-0.459,-21.743,-0.187,-6.851000000000001,0.289,-31.535000000000004,24.68858910509064,7.382869210355388,25.752147731427037,3366.0,10,29.886000000000003
1684,-0.119,-21.981,-0.051,-9.809,-0.969,-29.699,19.91117334563687,6.87131364325827,21.76608817082605,3368.0,10,29.886000000000003
1685,-0.153,-22.661,-0.561,-10.081,0.425,-32.895,22.83529706397532,6.955869606015906,26.495990738936595,3370.0,10,29.886000000000003
1686,-0.255,-21.607000000000003,-0.391,-11.543,-1.037,-29.699,18.16748887436016,6.567359036661382,21.96920081805452,3372.0,10,29.886000000000003
1687,-0.085,-22.797,0.289,-14.433000000000002,0.425,-31.127,16.69455396229561,5.608864407209498,18.576714876559805,3374.0,10,29.886000000000003
1688,-0.289,-24.973000000000003,-0.5950000000000001,-17.289,0.323,-33.167,15.904515333703197,6.82953492669777,17.20963228953796,3376.0,10,29.886000000000003
1689,-0.493,-25.16,0.255,-14.365,0.323,-35.785000000000004,21.42010793623599,6.835492989038104,23.69618713073358,3378.0,10,29.886000000000003
1690,-0.425,-25.619000000000003,0.085,-12.223,0.323,-35.445,23.223219587300985,6.629850766799673,24.83655398485721,3380.0,10,29.886000000000003
1691,-0.493,-25.840000000000003,0.391,-13.277,0.323,-35.717000000000006,22.440103030066503,6.615942468864462,25.275269366180204,3382.0,10,29.886000000000003
1692,-0.527,-25.823,0.153,-12.121,-0.289,-34.901,22.784287656189736,6.704870525222224,24.534027720909,3384.0,10,29.886000000000003
1693,-0.221,-25.347,-0.629,-16.881,0.255,-33.813,16.95506060148415,4.594469423671794,19.235994277305974,3386.0,10,29.886000000000003
1694,-0.221,-25.143,-0.017,-17.323,0.119,-33.711000000000006,16.388564305637026,4.485691011921649,18.801611861873944,3388.0,10,29.886000000000003
1695,-0.289,-25.551,-0.187,-16.473000000000003,-0.051,-33.779,17.306534372889335,4.663415934673608,21.63971524189888,3390.0,10,29.886000000000003
1696,-0.493,-25.755000000000003,-0.289,-15.725,0.357,-35.275000000000006,19.560670131669827,5.083530631658843,23.823376316768496,3392.0,10,29.886000000000003
1697,-0.289,-27.285000000000004,-0.017,-14.501,-0.459,-36.159000000000006,21.662509734562157,6.465605747373522,24.238602671288003,3394.0,10,29.886000000000003
1698,-0.629,-27.387,-0.255,-14.909,0.153,-36.125,21.21992271427962,6.267001813664805,23.912994654615005,3396.0,10,29.886000000000003
1699,-0.459,-28.203000000000003,-0.935,-15.079,-0.323,-36.703,21.632658643819077,6.784981055127918,23.866048958174613,3398.0,10,29.886000000000003
1700,-0.459,-28.101000000000003,0.493,-17.289,-0.799,-36.295,19.04986351657145,5.302982501560488,23.425082823983367,3400.0,10,29.886000000000003
1701,-0.629,-27.829,-0.289,-17.391000000000002,0.357,-36.499,19.118916810321657,5.464337245064973,24.188492716775432,3402.0,10,29.886000000000003
1702,-0.323,-29.019,0.119,-15.895,0.017,-36.771,20.876249184180573,6.266556145972144,23.62754804308341,3404.0,10,29.886000000000003
1703,-0.323,-29.495,-0.969,-19.873,0.187,-37.893,18.05704117512058,4.967183582593607,21.98392403083044,3406.0,10,29.886000000000003
1704,-0.5950000000000001,-30.549000000000003,0.187,-20.281,0.085,-40.477,20.196257574115062,6.109784480343974,24.5813376521619,3408.0,10,29.886000000000003
1705,-0.459,-30.719,-0.799,-19.873,-0.085,-39.321000000000005,19.46110222983272,5.354642509731547,23.146732434757933,3410.0,10,29.886000000000003
1706,-0.493,-30.753000000000004,-0.119,-22.423,0.323,-38.641000000000005,16.224021942785953,4.929757327700101,23.51568964764436,3412.0,10,29.886000000000003
1707,-0.425,-32.147000000000006,-0.8330000000000001,-20.757,0.323,-39.661,18.9393123423212,5.719942762732329,23.19323611594948,3414.0,10,29.886000000000003
1708,-0.357,-34.051,-0.289,-19.397,1.275,-41.361,22.01961380224458,7.117718977523127,26.77667597900513,3416.0,10,29.886000000000003
1709,-0.323,-34.425000000000004,-0.663,-21.981,1.3430000000000002,-42.755,20.87062797330258,5.98843390993656,23.490353670459733,3418.0,10,29.886000000000003
1710,-0.765,-34.867000000000004,-1.003,-22.491000000000003,1.105,-42.993,20.6100865597406,5.840576038416984,22.9200285367811,3420.0,10,29.886000000000003
1711,-0.527,-36.703,-1.003,-25.109,2.601,-46.019000000000005,21.218315578763555,6.887627802134835,23.51139402200784,3422.0,10,29.886000000000003
1712,-0.323,-38.301,-1.241,-30.379,0.935,-47.855,17.61094977563675,5.927358909625709,19.21764354792836,3424.0,10,29.886000000000003
1713,-0.289,-39.559000000000005,-0.663,-25.959000000000003,-1.683,-46.461000000000006,20.52735745292121,6.260560755005542,22.937018077174645,3426.0,10,29.886000000000003
1714,-0.289,-39.797,-0.799,-23.307,-2.907,-47.685,24.46897112671475,7.538027702776591,28.487978461522367,3428.0,10,29.886000000000003
1715,-0.187,-40.919,-0.255,-29.019,-3.4170000000000003,-47.209,18.462782672175937,5.9193402884547766,26.036708310431223,3430.0,10,29.886000000000003
1716,-0.187,-41.157,-0.8670000000000001,-28.339,-3.4170000000000003,-46.42700000000001,18.266861908932253,6.024466618029022,27.245153287002243,3432.0,10,29.886000000000003
1717,0.017,-41.395,-0.459,-33.269000000000005,-1.717,-47.855,14.640148906346548,6.303735379705263,18.44489591895608,3434.0,10,29.886000000000003
1718,-0.119,-41.497,-0.935,-32.759,-0.935,-47.821000000000005,15.062,4.378999305718206,18.07198762876216,3436.0,10,29.886000000000003
1719,-0.085,-41.565000000000005,-0.935,-32.521,-0.935,-47.719,15.198,4.292812091963725,18.485450474778432,3438.0,10,29.886000000000003
1720,-0.221,-41.599,-1.3090000000000002,-35.071000000000005,-1.5470000000000002,-47.617,12.548257249514773,4.948855820322258,17.426027212212354,3440.0,10,29.886000000000003
1721,-0.5950000000000001,-41.769000000000005,-1.275,-35.105000000000004,-3.519,-46.495000000000005,11.60894637768648,5.249385355111642,21.496108589070133,3442.0,10,29.886000000000003
1722,0.051,-42.959,-0.663,-35.207,-3.111,-47.447,12.482399769275135,4.125390644208588,17.76754490126284,3444.0,10,29.886000000000003
1723,0.289,-42.891000000000005,0.017,-32.215,-2.873,-47.617,15.670791428642014,4.720917965452111,22.489547263411957,3446.0,10,29.886000000000003
1724,-0.221,-42.874,-1.105,-31.671000000000003,-3.0090000000000003,-46.767,15.21559831225838,5.272919361414475,24.460466672409627,3448.0,10,29.886000000000003
1725,-0.085,-43.673,-0.969,-32.011,-4.029,-46.189,14.504457383852731,5.07789266840022,26.63249389424214,3450.0,10,29.886000000000003
1726,-0.255,-43.877,-0.289,-31.637000000000004,-4.335,-44.965,13.928592893756356,5.408215913355393,26.77848158835524,3452.0,10,29.886000000000003
1727,-0.323,-43.843,-0.289,-31.705,2.193,-47.107000000000006,15.60070280468159,5.376799722631896,18.51929590760789,3454.0,10,29.886000000000003
1728,-0.051,-43.996,-0.901,-29.937,-4.369000000000001,-45.101000000000006,15.555510920570883,5.817860899424286,27.57032541127531,3456.0,10,29.886000000000003
1729,-0.017,-44.115,-0.935,-34.493,-4.369000000000001,-45.033,11.085303604322256,4.534156092478467,23.578788792334624,3458.0,10,29.886000000000003
1730,-0.391,-44.455000000000005,-1.105,-35.241,-4.437,-44.149,9.510766951197995,4.468574227989566,25.74240252481917,3460.0,10,29.886000000000003
1731,-0.085,-44.761,-0.493,-35.173,-4.199000000000001,-46.053,11.493860796094584,3.7687878252807874,22.949644722434385,3462.0,10,29.886000000000003
1732,-0.187,-44.42100000000001,0.017,-36.397000000000006,-3.859,-46.291,10.626128740044514,3.395045374205386,24.05486367174105,3464.0,10,29.886000000000003
1733,-0.357,-43.843,-0.6970000000000001,-35.003,-1.411,-48.059000000000005,13.075508861990803,3.5281100409990303,16.499893184841273,3466.0,10,29.886000000000003
1734,-0.357,-42.143,0.221,-34.799,0.5950000000000001,-47.617,12.823455072639357,3.10791824051025,15.783352976643217,3468.0,10,29.886000000000003
1735,-0.527,-42.041,0.119,-35.819,0.289,-48.025000000000006,12.207183786606969,3.0770213120053143,22.89430400721643,3470.0,10,29.886000000000003
1736,-1.275,-42.075,1.037,-42.177,-1.275,-47.243,5.568635380414128,3.634927461567165,12.38380419974848,3472.0,10,29.886000000000003
1737,-0.969,-41.701,-0.629,-36.499,-1.105,-48.229000000000006,11.73965399830847,3.422212085471597,15.82246637823697,3474.0,10,29.886000000000003
1738,-0.765,-41.667,-0.153,-36.295,-2.397,-47.957,11.87593280546838,3.4232332333353104,16.36245643284136,3476.0,10,29.886000000000003
1739,-0.6970000000000001,-41.973000000000006,0.187,-35.785000000000004,-3.1790000000000003,-47.447,12.138047618954213,3.491324841204288,17.972010283440714,3478.0,10,29.886000000000003
1740,-0.561,-42.772000000000006,0.221,-35.887,-3.4850000000000003,-47.039,11.75166115917235,3.535168462786348,20.852564671245855,3480.0,10,29.886000000000003
1741,-0.561,-43.537000000000006,1.207,-41.123000000000005,-3.5530000000000004,-46.801,7.409270139494173,3.436949403228544,15.188401310238138,3482.0,10,29.886000000000003
1742,-0.629,-43.911,1.0710000000000002,-41.089000000000006,-3.4850000000000003,-46.971,7.44009811763259,3.5425415316843782,16.181864212734673,3484.0,10,29.886000000000003
1743,-0.629,-43.095000000000006,,,,,7.44009811763259,3.5936893782182464,,3486.0,10,29.886000000000003
1744,-0.561,-43.401,-0.663,-35.343,-3.587,-46.903000000000006,11.92406709139126,3.584936036759198,19.20918585827141,3488.0,10,29.886000000000003
1745,-0.663,-42.415000000000006,-1.275,-35.105000000000004,-2.669,-46.937000000000005,11.913834815037516,3.610379092971594,17.69415866456715,3490.0,10,29.886000000000003
1746,-1.105,-43.639,-1.173,-35.547000000000004,-2.1590000000000003,-47.039,11.534221256764583,3.3894462293298857,17.889809890869873,3492.0,10,29.886000000000003
1747,-1.037,-44.234,-3.4170000000000003,-42.347,-3.043,-46.937000000000005,4.605211830089904,3.8273676421182334,11.681550061569007,3494.0,10,29.886000000000003
1748,-0.799,-44.115,-1.819,-42.415000000000006,-2.873,-46.733,4.444776709802192,2.9149497309689814,9.548000329243605,3496.0,10,29.886000000000003
1749,0.051,-43.911,-1.207,-40.647000000000006,-2.1590000000000003,-44.42100000000001,3.892220445966544,2.775807252397421,11.196552472097876,3498.0,10,29.886000000000003
1750,-0.357,-43.605,-0.493,-37.621,-4.471,-44.081,7.586572612187931,3.124014742167136,21.844994766860584,3500.0,10,29.886000000000003
1751,0.085,-43.333000000000006,-0.5950000000000001,-38.947,-2.601,-44.387,5.798071748434992,2.638393278606556,19.950178181798226,3502.0,10,29.886000000000003
1752,0.561,-44.387,-0.119,-42.381,-2.397,-46.189,4.437358223087246,2.239485676256161,17.400224037572244,3504.0,10,29.886000000000003
1753,-0.391,-44.659000000000006,-1.887,-42.687000000000005,-3.3150000000000004,-44.523,2.325957867202242,2.858656355224419,21.978206983804583,3506.0,10,29.886000000000003
1754,0.391,-44.846,-4.165,-43.265,-4.199000000000001,-43.571000000000005,0.3078830946966722,2.783586687027954,0.4038196578047681,3508.0,10,29.886000000000003
1755,0.493,-45.033,-4.301,-43.333000000000006,-2.125,-43.435,2.1783893132312238,2.8751951329788143,22.2922915069435,3510.0,10,29.886000000000003
1756,-0.119,-45.475,-2.669,-45.849,-2.4650000000000003,-45.98500000000001,0.2451774867315513,2.912780512665821,22.27811781338973,3512.0,10,29.886000000000003
1757,-0.119,-45.713,-3.5530000000000004,-44.897000000000006,-3.349,-44.42100000000001,0.5178725711987459,2.501755400430284,22.670031531352517,3514.0,10,29.886000000000003
1758,-0.119,-45.509,-4.131,-43.061,-2.125,-45.917,3.490096273743749,2.9039033906955294,24.255379569043352,3516.0,10,29.886000000000003
1759,-0.289,-45.577000000000005,-3.519,-42.619,-2.2950000000000004,-43.367,1.4344615714615714,2.7256288329391105,27.10087652638109,3518.0,10,29.886000000000003
1760,-0.8670000000000001,-45.645,-4.063000000000001,-42.925,-3.893,-43.503,0.6024815349867579,2.833673466277774,1.6083730811922925,3520.0,10,29.886000000000003
1761,-0.629,-45.781000000000006,-3.995,-42.857000000000006,1.717,-47.617,7.435357691463135,3.020680960477459,9.881225925349185,3522.0,10,29.886000000000003
1762,-0.6970000000000001,-45.849,-3.757,-42.381,1.5810000000000002,-47.583000000000006,7.453525877059796,3.0851605652834744,10.753864051776542,3524.0,10,29.886000000000003
1763,-0.391,-46.053,-3.927000000000001,-42.891000000000005,-3.927000000000001,-43.673,0.782,2.914907837516184,1.0338099669170688,3526.0,10,29.886000000000003
1764,-0.221,-46.223000000000006,-3.3830000000000005,-41.973000000000006,1.241,-45.101000000000006,5.582630204482472,2.6832077987611607,13.108479832505296,3528.0,10,29.886000000000003
1765,-0.391,-45.917,-3.4170000000000003,-41.905,-2.2950000000000004,-45.543000000000006,3.8070891767858552,2.94736700431184,17.67408645137667,3530.0,10,29.886000000000003
1766,-0.119,-45.339000000000006,-2.261,-42.415000000000006,-3.213,-44.86300000000001,2.626596276552604,2.9388442517704103,29.3307497537034,3532.0,10,29.886000000000003
1767,-0.459,-45.577000000000005,-3.655,-42.517,1.955,-46.937000000000005,7.142023522784002,2.2840943929165225,10.062088362774285,3534.0,10,29.886000000000003
1768,-0.527,-45.101000000000006,-3.689,-43.333000000000006,2.1590000000000003,-47.141000000000005,6.97853623620312,2.416700316713344,10.811034265605226,3536.0,10,29.886000000000003
1769,-0.493,-43.979000000000006,-4.505,-44.659000000000006,-4.063000000000001,-44.591,0.4472001788908408,2.7507213649565725,0.6487545278975432,3538.0,10,29.886000000000003
1770,-0.085,-43.673,-3.281,-44.761,-2.2950000000000004,-48.025000000000006,3.409676230963873,2.7816336714485392,15.83476299767119,3540.0,10,29.886000000000003
1771,-1.3430000000000002,-42.925,-2.193,-47.039,0.799,-44.183,4.13627852060279,2.4058921641021103,12.912005674282788,3542.0,10,29.886000000000003
1772,-1.445,-43.129000000000005,-1.173,-45.781000000000006,-0.6970000000000001,-47.821000000000005,2.0947973649019134,2.851647550923326,16.69548850123802,3544.0,10,29.886000000000003
1773,-1.513,-42.959,-1.275,-45.203,-0.799,-48.195,3.029627039752583,2.8167203213202145,13.267912085467389,3546.0,10,29.886000000000003
1774,-1.513,-42.993,-0.765,-44.86300000000001,-1.751,-47.923,3.2149332808007074,2.7123286214547586,13.663935535804155,3548.0,10,29.886000000000003
1775,-1.955,-43.333000000000006,-4.335,-45.577000000000005,-1.173,-45.135000000000005,3.192743021290627,2.949386320485743,14.414539330334684,3550.0,10,29.886000000000003
1776,-1.241,-43.537000000000006,-4.131,-42.925,-0.8670000000000001,-46.325,4.713140778716461,2.699669236246107,26.859520178236345,3552.0,10,29.886000000000003
1777,-1.445,-43.333000000000006,-3.689,-42.619,0.799,-44.285,4.787243465711766,2.4042131042991675,17.781857540397436,3554.0,10,29.886000000000003
1778,-1.241,-42.925,-3.587,-42.415000000000006,-3.349,-42.313,0.2589362855993729,2.221612555564201,0.3474597528818943,3556.0,10,29.886000000000003
1779,-1.275,-43.29900000000001,-3.723,-42.449000000000005,-2.261,-42.687000000000005,1.4812454219338538,2.229444930254038,8.537642493529544,3558.0,10,29.886000000000003
1780,-1.173,-43.571000000000005,-4.335,-43.333000000000006,-0.459,-42.279,4.016751423725396,2.4296661312835623,17.28233199355431,3560.0,10,29.886000000000003
1781,-0.935,-43.401,-4.165,-43.503,-2.2950000000000004,-42.687000000000005,2.04028331366014,2.244054538861638,6.35602311169046,3562.0,10,29.886000000000003
1782,-0.7310000000000001,-43.469,-4.165,-42.959,-1.717,-42.007000000000005,2.626596276552604,2.705259446262441,13.727376843374577,3564.0,10,29.886000000000003
1783,-0.323,-43.469,-4.267,-43.29900000000001,-4.131,-44.183,0.8944003577816816,2.6544206712937286,1.4459714240418058,3566.0,10,29.886000000000003
1784,-0.289,-44.659000000000006,-4.335,-43.333000000000006,-4.505,-44.319,1.000547849930227,2.964890762821443,1.2086441595408182,3568.0,10,29.886000000000003
1785,0.017,-44.387,-3.2470000000000003,-41.701,1.5810000000000002,-47.481,7.531134310314749,2.573474563176158,,3570.0,10,29.886000000000003
1786,-0.561,-45.067,-3.757,-42.313,0.459,-42.211000000000006,4.217233690465825,2.370253531418878,15.20121303861188,3572.0,10,29.886000000000003
1787,-0.6970000000000001,-44.693000000000005,-1.683,-40.817,1.513,-42.075,3.43467320133954,2.8986238760631826,19.42032801095098,3574.0,10,29.886000000000003
1788,-0.629,-44.183,-0.7310000000000001,-38.165000000000006,1.751,-42.245000000000005,4.775638596041372,3.2639393480508287,21.958831367003334,3576.0,10,29.886000000000003
1789,-1.0710000000000002,-43.231,-0.493,-36.261,1.921,-42.143,6.358090908440993,3.4685693955108543,25.73797903731572,3578.0,10,29.886000000000003
1790,-0.969,-43.945,-0.289,-35.887,1.6150000000000002,-43.231,7.586801170453857,3.641022311465655,15.5279741474079,3580.0,10,29.886000000000003
1791,-1.003,-43.809000000000005,-0.153,-34.867000000000004,-0.323,-45.849,10.9833157106586,4.235183006401936,19.923282437200687,3582.0,10,29.886000000000003
1792,-1.241,-42.483,-0.153,-35.207,0.8670000000000001,-44.931,9.777350152265184,3.917103601364052,20.200347118397776,3584.0,10,29.886000000000003
1793,-0.8330000000000001,-42.755,0.323,-35.037,-1.377,-46.767,11.852548249216284,4.419889333274172,14.776829783447564,3586.0,10,29.886000000000003
1794,-0.6970000000000001,-43.095000000000006,0.323,-34.017,1.5810000000000002,-47.481,13.522642493240737,4.51445527373391,15.84284978271357,3588.0,10,29.886000000000003
1795,-0.289,-41.939,0.459,-31.739,-2.567,-47.753,16.29738850245646,5.052241016722469,24.218688585186744,3590.0,10,29.886000000000003
1796,-0.8330000000000001,-41.021,0.323,-31.229000000000003,-1.5810000000000002,-48.127,17.004929285357232,5.352772411404708,25.26510391653168,3592.0,10,29.886000000000003
1797,-0.799,-41.089000000000006,0.425,-31.229000000000003,-2.431,-45.475,14.529461517895289,5.302159321090788,23.375946612345167,3594.0,10,29.886000000000003
1798,-0.8670000000000001,-40.341,0.493,-29.359,-2.329,-46.699000000000005,17.568132627003934,5.939158194325144,27.07521429402377,3596.0,10,29.886000000000003
