,com (y),com (x),end_1 (y),end_1 (x),end_2 (y),end_2 (x),ee-distance,gyr_distance,length,time,T,length_ref
0,1.3430000000000002,43.129000000000005,0.629,39.219,3.4850000000000003,45.271,6.692043036323064,2.495159273759835,7.820658952539612,0.0,10,26.962000000000003
1,0.8330000000000001,41.259,0.357,37.859,3.281,45.237,7.936287545193912,2.8569481936443317,9.262097746247903,2.0,10,26.962000000000003
2,0.153,40.953,0.323,36.805,2.125,42.993,6.445040573960726,2.602856839556774,7.924678622107469,4.0,10,26.962000000000003
3,0.493,40.783,0.493,36.363,2.4650000000000003,43.877,7.768460593965835,2.5271607790697197,8.613437811810545,6.0,10,26.962000000000003
4,-0.357,39.576,0.6970000000000001,35.717000000000006,1.037,44.115,8.404879773084206,2.4908494744161214,10.02616898360431,8.0,10,26.962000000000003
5,-0.459,40.239,0.493,35.207,-2.125,45.951,11.058366063754628,3.2387323878354635,11.544689099580513,10.0,10,26.962000000000003
6,-0.493,39.525000000000006,0.187,36.125,-1.037,43.367,7.344708299177035,3.0133994142703995,7.637487255484897,12.0,10,26.962000000000003
7,-0.306,39.712,0.323,36.839000000000006,-0.255,43.129000000000005,6.316500930103628,1.997013128293096,6.970065301122479,14.0,10,26.962000000000003
8,-0.493,40.069,,,,,6.316500930103628,1.9543264144865773,,16.0,10,26.962000000000003
9,-0.289,38.641000000000005,-0.221,36.091,-2.2270000000000003,42.959,7.154960517011956,2.287683835553495,8.612260790243624,18.0,10,26.962000000000003
10,0.289,39.117,-0.017,36.363,-1.105,41.837,5.5810769570039085,1.7853397646484856,6.465180116908801,20.0,10,26.962000000000003
11,-0.289,40.273,0.459,37.315000000000005,-1.921,43.979000000000006,7.07624872372361,1.7191070875810586,7.976313199394256,22.0,10,26.962000000000003
12,-0.017,38.471,0.459,35.411,-2.023,42.721,7.719872019664575,2.373074158171637,10.311805423603342,24.0,10,26.962000000000003
13,-0.153,38.301,0.663,33.541000000000004,-2.7030000000000003,42.517,9.586372202246272,2.8232604702779738,12.838568674265176,26.0,10,26.962000000000003
14,0.119,38.471,0.6970000000000001,37.791,-2.363,42.279,5.431918997923294,2.8458892399289257,7.064707856947603,28.0,10,26.962000000000003
15,0.255,36.601,0.8670000000000001,32.691,0.289,38.063,5.40300545992691,3.119647649790288,6.511149374559694,30.0,10,26.962000000000003
16,-0.289,35.955000000000005,0.6970000000000001,30.651000000000003,1.173,42.517,11.875543440196749,3.6467577640205615,13.071673202955798,32.0,10,26.962000000000003
17,0.391,35.105000000000004,-0.391,30.719,0.799,40.069,9.425423067427795,3.568158927753547,9.933401249014672,34.0,10,26.962000000000003
18,-0.425,34.969,0.493,30.719,0.425,39.355,8.636267712385948,2.8076306563402165,9.808880864778908,36.0,10,26.962000000000003
19,-0.153,34.697,0.6970000000000001,30.311000000000003,-0.425,39.423,9.180818482030892,3.1485160166966755,9.994731758119793,38.0,10,26.962000000000003
20,-0.357,34.697,,,,,9.180818482030892,2.60175136322216,,40.0,10,26.962000000000003
21,-0.085,33.779,0.6970000000000001,30.107000000000003,0.323,39.219,9.119672143229712,2.612205774596734,10.156586820280936,42.0,10,26.962000000000003
22,0.289,34.663000000000004,0.561,29.801,0.289,40.545,10.74744248647091,3.2930361145100235,11.205600531624734,44.0,10,26.962000000000003
23,0.255,34.459,0.221,27.047,0.629,40.001000000000005,12.960423604188254,3.900246220553255,13.503514462705184,46.0,10,26.962000000000003
24,-0.085,32.487,0.051,26.911,-0.561,38.369,11.474332573182634,3.3712447981918747,12.804668446615322,48.0,10,26.962000000000003
25,0.051,30.243,0.221,26.877,0.493,35.615,8.74223243799889,3.785468842939398,10.555622719078888,50.0,10,26.962000000000003
26,-0.085,33.337,0.357,27.931,0.8330000000000001,37.927,10.007326915815232,3.548677862512461,11.667174550093875,52.0,10,26.962000000000003
27,-0.323,32.861000000000004,-0.663,30.515,0.6970000000000001,37.995000000000005,7.602631123499285,3.641432479074249,8.216958385434822,54.0,10,26.962000000000003
28,0.153,31.059,-0.527,25.551,-0.017,36.771,11.231584928228074,3.979222742616844,12.070744628495191,56.0,10,26.962000000000003
29,0.459,32.589000000000006,-0.051,26.163,0.8330000000000001,37.519000000000005,11.390355218341524,3.4147086900336503,12.05692599842922,58.0,10,26.962000000000003
30,0.425,30.991000000000003,0.289,26.435,0.8670000000000001,37.791,11.370700066398726,3.974968366201705,12.843968618970877,60.0,10,26.962000000000003
31,0.323,32.487,0.357,30.073,0.8330000000000001,36.261,6.206280689752922,3.791655723142569,6.49176358265599,62.0,10,26.962000000000003
32,-0.085,35.496,0.085,30.447000000000003,-0.153,30.787000000000003,0.4150228909349459,3.464375696057939,1.698522321798657,64.0,10,26.962000000000003
33,-0.085,33.643,-0.255,26.809,0.799,37.791,11.03246300696268,3.644877395642092,14.348806895007668,66.0,10,26.962000000000003
34,0.017,28.985000000000003,-0.051,30.583,0.221,36.941,6.363815522153357,4.020899910805444,6.6152029291870384,68.0,10,26.962000000000003
35,0.221,28.951,0.7310000000000001,26.129,-0.017,35.717000000000006,9.61713304472804,3.666164354379248,13.028924933581132,70.0,10,26.962000000000003
36,0.051,30.056,-0.085,25.449,-0.017,30.039,4.590503676068673,2.8731747892295663,4.81638237275828,72.0,10,26.962000000000003
37,0.459,31.059,0.629,29.869000000000003,0.8330000000000001,35.445,5.579730459439776,4.090277271428937,5.938617597523876,74.0,10,26.962000000000003
38,0.6970000000000001,29.869000000000003,0.6970000000000001,29.835,-0.527,36.805,7.076657120420631,4.64574471610321,7.610607758204361,76.0,10,26.962000000000003
39,0.391,30.447000000000003,-0.051,24.905,0.425,35.819,10.924375130871333,3.4314288477172035,12.023573410091403,78.0,10,26.962000000000003
40,0.629,30.974000000000004,0.493,23.001,0.6970000000000001,28.815,5.8175778464924734,3.881564218978658,6.35749901939383,80.0,10,26.962000000000003
41,0.323,28.747000000000003,,,,,5.8175778464924734,3.063385985088408,,82.0,10,26.962000000000003
42,-0.085,32.453,0.289,26.299000000000003,0.255,29.699,3.4001699957502125,3.302805211459738,4.945090438748513,84.0,10,26.962000000000003
43,-0.153,32.147000000000006,0.493,28.135,-0.493,33.813,5.762974926199141,1.824191444109551,6.777477517928984,86.0,10,26.962000000000003
44,0.459,30.243,0.357,28.407000000000004,0.187,31.467,3.064718584144391,1.3084021508856565,3.476932364684213,88.0,10,26.962000000000003
45,0.153,29.733,-0.289,27.489,0.7310000000000001,32.963,5.568220182428134,2.4028795510820995,6.200520410232544,90.0,10,26.962000000000003
46,0.221,28.883000000000003,-0.153,28.815,0.6970000000000001,31.569000000000003,2.882189445543093,2.710298138841365,6.6533286512392005,92.0,10,26.962000000000003
47,0.221,28.033,-0.5950000000000001,24.871,0.5950000000000001,29.325000000000003,4.610229495372221,2.7402352771307594,4.903547381437412,94.0,10,26.962000000000003
48,0.323,27.761000000000003,0.187,25.551,-0.017,30.787000000000003,5.239972519011908,1.9857589641594169,8.60122073942928,96.0,10,26.962000000000003
49,0.153,27.965000000000003,-0.527,24.837000000000003,0.6970000000000001,31.977000000000004,7.2441546090624,2.035986389770703,8.016036784231753,98.0,10,26.962000000000003
50,0.391,28.577,0.187,24.055000000000003,-0.6970000000000001,35.649,11.62765204157744,3.8104002894925024,14.440204484138109,100.0,10,26.962000000000003
51,0.119,29.053,,,,,11.62765204157744,2.814311706100303,,102.0,10,26.962000000000003
52,0.289,29.121,0.561,25.347,0.7310000000000001,31.773000000000003,6.4282482839417465,2.583110545217609,8.582408823659758,104.0,10,26.962000000000003
53,0.153,29.087000000000003,0.527,27.285000000000004,0.6970000000000001,32.487,5.2047770365309605,2.636212991243576,6.212919781676128,106.0,10,26.962000000000003
54,0.119,31.501,0.357,26.639000000000003,0.051,34.935,8.301641524421541,2.3604750087749107,8.894324501212129,108.0,10,26.962000000000003
55,0.119,30.515,-0.119,26.333,0.6970000000000001,34.663000000000004,8.369871922556522,3.2424940014954604,10.07788764773707,110.0,10,26.962000000000003
56,-0.017,30.872000000000003,0.289,31.195000000000004,-0.5950000000000001,37.281000000000006,6.149866014800648,4.293261085127747,6.601115335884436,112.0,10,26.962000000000003
57,0.323,32.623000000000005,0.357,27.523000000000003,-0.425,36.907,9.416526960615576,2.851161758557017,10.743818969508974,114.0,10,26.962000000000003
58,0.357,32.215,0.323,25.449,-0.527,38.709,13.287215660175011,4.602631299042293,13.949149378827746,116.0,10,26.962000000000003
59,0.255,32.453,0.187,24.803,-0.493,39.933,15.145273190008824,4.691001066670099,16.035389217315224,118.0,10,26.962000000000003
60,0.153,35.037,-0.119,30.617,-0.323,40.885000000000005,10.27002629013188,3.526668765793771,11.47538393542309,120.0,10,26.962000000000003
61,-0.017,37.927,-0.085,32.963,-1.445,41.463,8.608112452797071,2.966946833710208,10.430752801350485,122.0,10,26.962000000000003
62,0.527,38.335,0.6970000000000001,34.459,-1.479,41.463,7.334234247690757,2.933641578065489,8.916810009071972,124.0,10,26.962000000000003
63,0.425,38.233,0.765,34.833000000000006,-1.853,41.769000000000005,7.413637433810748,3.499282463049533,8.570999328820367,126.0,10,26.962000000000003
64,0.493,38.437000000000005,0.765,33.711000000000006,-2.125,41.837,8.624614542111434,3.684075510781188,10.014605304659778,128.0,10,26.962000000000003
65,0.493,38.097,0.6970000000000001,33.031000000000006,-1.479,41.565000000000005,8.807050130435275,2.299726143918288,9.670267499259689,130.0,10,26.962000000000003
66,0.357,36.329,0.187,31.807,-1.411,41.463,9.787335694661753,3.853384415245831,11.09462257382543,132.0,10,26.962000000000003
67,0.255,37.757000000000005,0.6970000000000001,32.521,-1.853,41.701,9.527586263057396,3.4853005237750305,10.952870788898554,134.0,10,26.962000000000003
68,0.187,37.961000000000006,-0.323,32.283,-1.479,41.599,9.38744864167043,3.043605922122908,11.21452861550754,136.0,10,26.962000000000003
69,-0.085,38.607,-0.289,32.623000000000005,-1.479,42.007000000000005,9.4591519704464,2.9242117635965026,10.959127260107726,138.0,10,26.962000000000003
70,0.255,38.981,-0.629,34.697,-2.193,42.891000000000005,8.3419261564701,2.791152625426865,10.14315943672082,140.0,10,26.962000000000003
71,-0.017,39.899,-0.119,34.731,-2.567,42.959,8.584444536485748,3.237837985312084,10.136746931159252,142.0,10,26.962000000000003
72,-0.119,40.885000000000005,-0.5950000000000001,34.391000000000005,-3.4850000000000003,43.707,9.753971293785932,3.4282756236372016,13.25453948182942,144.0,10,26.962000000000003
73,0.425,40.341,0.119,35.921,-2.193,42.789,7.246707390256627,2.471398115916641,9.34509390189007,146.0,10,26.962000000000003
74,0.085,39.083000000000006,-0.561,33.813,0.935,42.823,9.133351849129651,3.326471557821004,12.645896966404214,148.0,10,26.962000000000003
75,0.527,41.463,0.8670000000000001,38.131,2.499,42.789,4.9356243779282885,2.001477321446803,7.694135535836024,150.0,10,26.962000000000003
76,0.425,40.205000000000005,-0.357,33.609,3.655,44.829,11.9157267508113,3.96589484073904,13.350397998308114,152.0,10,26.962000000000003
77,0.187,40.817,-0.425,33.235,2.7710000000000004,42.721,10.009925674049734,3.858178667600349,13.719053092126044,154.0,10,26.962000000000003
78,0.357,41.021,0.221,34.935,3.791,45.577000000000005,11.224841379725596,3.394297548799984,13.043882103075138,156.0,10,26.962000000000003
79,0.051,38.437000000000005,-0.289,33.779,3.111,44.86300000000001,11.5937507304582,3.698731516377499,12.980988330219594,158.0,10,26.962000000000003
80,0.119,39.763000000000005,0.051,33.507000000000005,2.4650000000000003,43.537000000000006,10.316409065173794,3.09610282285584,12.33939773044334,160.0,10,26.962000000000003
81,0.289,38.42,-0.187,34.901,1.751,43.061,8.386980624754061,2.8835600337576834,10.262997959488656,162.0,10,26.962000000000003
82,0.221,37.791,,,,,8.386980624754061,1.4362995305705004,,164.0,10,26.962000000000003
83,0.255,36.839000000000006,-0.527,35.547000000000004,-0.221,40.273,4.735896113725469,1.5465778883565275,7.297220606330416,166.0,10,26.962000000000003
84,-0.187,38.029,0.187,36.499,-0.017,40.341,3.847412117254922,1.2265739122776438,4.741939967036898,168.0,10,26.962000000000003
85,-0.017,37.655,0.8330000000000001,36.839000000000006,0.935,42.415000000000006,5.576932848797806,2.062201520095238,7.028706678666194,170.0,10,26.962000000000003
86,-0.119,36.924,-0.663,34.935,-0.187,39.797,4.8852451320276655,1.2672899913582514,5.530967606809634,172.0,10,26.962000000000003
87,0.051,38.165000000000006,-0.119,36.737,0.017,40.783,4.048285069013792,1.5099839412938352,6.438397348851677,174.0,10,26.962000000000003
88,-0.255,37.723000000000006,0.6970000000000001,34.459,-0.7310000000000001,40.001000000000005,5.723019133289702,2.125572127406285,6.925152644053853,176.0,10,26.962000000000003
89,-0.153,37.961000000000006,0.8670000000000001,37.009,0.799,40.035,3.026763948510026,1.905048611944806,9.52981651208119,178.0,10,26.962000000000003
90,-0.187,36.941,-0.527,35.071000000000005,0.8330000000000001,39.321000000000005,4.462297614458274,1.7685420928431264,5.665298118292298,180.0,10,26.962000000000003
91,0.119,37.995000000000005,-0.527,36.295,0.493,37.825,1.8388311504866344,1.431847584048625,5.558999113604225,182.0,10,26.962000000000003
92,-0.289,36.941,0.8670000000000001,36.873000000000005,0.663,38.811,1.9487072638033656,1.9392341245001607,9.58246306168044,184.0,10,26.962000000000003
93,0.221,38.063,0.663,33.167,0.459,39.423,6.259325203246752,2.0573903434644363,7.795233522498989,186.0,10,26.962000000000003
94,0.187,37.451,-0.119,31.195000000000004,-0.6970000000000001,42.925,11.7442319459384,3.760037050910401,14.64837269188508,188.0,10,26.962000000000003
95,0.187,37.791,-0.187,34.085,0.323,43.401,9.329949410366597,2.763800333814286,10.189353093779085,190.0,10,26.962000000000003
96,0.221,37.281000000000006,-0.459,33.269000000000005,-0.561,42.993,9.724534950320248,3.387100839136346,11.839345334320862,192.0,10,26.962000000000003
97,-0.323,37.893,-0.323,34.833000000000006,-0.221,41.429,6.596788612650856,2.307137195435648,7.035368069164388,194.0,10,26.962000000000003
98,-0.085,39.151,0.357,32.963,-1.139,42.449000000000005,9.603239661697506,2.9471926979998737,10.605401904392863,196.0,10,26.962000000000003
99,0.017,37.825,,,,,9.603239661697506,3.983897483862894,,198.0,10,26.962000000000003
100,0.153,36.703,-0.629,32.283,-0.187,40.137,7.866427397491189,2.8920134993774225,8.83028733746259,200.0,10,26.962000000000003
101,-0.119,37.723000000000006,0.051,33.541000000000004,-1.037,41.429,7.96268095555762,3.009948625763823,13.342180260989098,202.0,10,26.962000000000003
102,-0.119,38.454,-0.5950000000000001,30.923,-0.357,43.537000000000006,12.61624508322504,3.629772651598662,13.561383061198269,204.0,10,26.962000000000003
103,0.391,37.179,-0.221,31.161,-1.3090000000000002,42.857000000000006,11.746495647638916,3.313548694982917,12.97912227029044,206.0,10,26.962000000000003
104,0.017,38.301,-0.119,34.357,-1.207,44.285,9.987438510449016,3.3416045135944388,11.60468957631146,208.0,10,26.962000000000003
105,-0.051,38.165000000000006,-0.323,33.711000000000006,-1.105,44.42100000000001,10.738511256221694,3.4076364047461496,11.63899041978326,210.0,10,26.962000000000003
106,0.051,38.675,0.153,33.439,-1.207,42.993,9.650311704810369,2.779456343698352,11.1986584265811,212.0,10,26.962000000000003
107,0.119,38.641000000000005,-0.255,34.051,1.003,43.775000000000006,9.8050364609215,3.6652258850125023,13.233088347900855,214.0,10,26.962000000000003
108,0.391,38.403000000000006,0.323,33.609,-0.391,43.163,9.5806425671768,2.837236871546044,10.969282211205858,216.0,10,26.962000000000003
109,0.289,39.168000000000006,-0.493,33.643,0.765,43.061,9.501646594143564,3.3828716073649456,10.874365609359476,218.0,10,26.962000000000003
110,-0.221,40.273,0.323,33.881,-2.057,42.789,9.220458990744442,3.010349751303411,10.554237062465395,220.0,10,26.962000000000003
111,-0.357,40.664,0.6970000000000001,35.989000000000004,-1.105,45.237,9.421926979126937,3.553035833966853,12.582815507265217,222.0,10,26.962000000000003
112,-0.153,40.647000000000006,-0.289,37.825,0.289,42.925,5.132648828821236,2.8512410029355872,5.743161887322986,224.0,10,26.962000000000003
113,0.119,37.893,-0.119,34.459,0.629,40.035,5.625947031389472,2.8319076111156485,6.051369056764687,226.0,10,26.962000000000003
114,0.187,35.853,-0.119,31.399,-0.493,39.933,8.542191287954163,2.849386154431753,9.476695489912084,228.0,10,26.962000000000003
115,-0.119,37.519000000000005,0.6970000000000001,32.861000000000004,-0.323,41.395,8.59474001933741,3.2287602874991914,9.33135961363794,230.0,10,26.962000000000003
116,0.119,34.867000000000004,0.425,30.039,-0.6970000000000001,39.729000000000006,9.754741616260269,3.0232027776471506,10.12826416368826,232.0,10,26.962000000000003
117,0.187,36.907,-0.391,30.685,-0.663,41.123000000000005,10.44154337250964,3.6142232734782698,11.555353739569696,234.0,10,26.962000000000003
118,0.221,35.139,0.255,30.991000000000003,-0.357,40.137,9.16645296720602,2.8909742857374034,9.867477639780777,236.0,10,26.962000000000003
119,0.119,35.445,0.493,29.835,0.153,40.545,10.715395466337208,4.132232660532865,11.476139435540455,238.0,10,26.962000000000003
120,-0.051,34.595000000000006,0.425,28.441000000000003,-0.017,41.395,12.96153848892947,3.655181770579736,13.988020821585904,240.0,10,26.962000000000003
121,0.323,34.935,-0.187,30.991000000000003,-0.357,39.355,8.365727463885015,2.9891668059937646,9.0955789417266,242.0,10,26.962000000000003
122,0.017,33.643,-0.085,30.447000000000003,-0.323,36.941,6.498359793055476,3.436274079423186,6.934492189895282,244.0,10,26.962000000000003
123,0.187,34.323,0.221,30.175,0.323,39.933,9.75853308648385,4.703318470148296,10.480420841802754,246.0,10,26.962000000000003
124,0.323,31.569000000000003,-0.425,27.183000000000003,0.459,36.975,9.831821804731817,3.262022429470768,10.61164715420412,248.0,10,26.962000000000003
125,-0.017,31.433000000000003,-0.017,30.447000000000003,-0.357,37.757000000000005,7.317902705010502,3.410617327855743,7.894495655901751,250.0,10,26.962000000000003
126,0.085,30.957,-0.561,25.891,0.017,37.927,12.049870538723644,4.083270702053686,12.82233423316796,252.0,10,26.962000000000003
127,-0.051,29.495,-0.629,23.477,0.8330000000000001,36.159000000000006,12.765992636689088,4.464658272032708,14.034401836805628,254.0,10,26.962000000000003
128,0.119,29.597,0.187,24.871,0.323,35.479,10.608871759051478,3.659667509827345,11.244527281663697,256.0,10,26.962000000000003
129,0.017,31.263,0.085,30.481,-0.153,36.431,5.954758097521679,3.567369405200301,6.571077870454043,258.0,10,26.962000000000003
130,0.357,32.453,0.6970000000000001,29.631000000000004,0.187,34.051,4.449325791622817,3.1640619112184254,6.467907279367965,260.0,10,26.962000000000003
131,0.255,32.487,0.527,29.733,0.6970000000000001,29.835,0.1982523644247402,2.902342505647686,1.258154615195555,262.0,10,26.962000000000003
132,0.289,31.773000000000003,-0.425,26.299000000000003,0.221,34.527,8.253320543878083,2.5374993606108576,9.22936882057222,264.0,10,26.962000000000003
133,0.323,31.229000000000003,0.391,27.319000000000003,0.323,33.847,6.528354157059803,1.99564243758988,7.47228388278241,266.0,10,26.962000000000003
134,0.255,32.793,-0.255,30.549000000000003,0.6970000000000001,35.717000000000006,5.254952711490371,2.618029537369009,5.667339970411591,268.0,10,26.962000000000003
135,0.221,35.003,-0.153,34.425000000000004,0.6970000000000001,36.227,1.9924116040617716,3.131991063634172,2.161045189328852,270.0,10,26.962000000000003
136,0.187,34.663000000000004,-0.663,30.617,0.901,27.149,3.804355398750228,3.828096300586137,4.187689789038483,272.0,10,26.962000000000003
137,-0.187,33.439,-0.527,35.479,0.8330000000000001,26.911,8.675265067996483,3.612253880504833,9.222589613381274,274.0,10,26.962000000000003
138,0.561,33.133,-0.017,35.275000000000006,0.357,30.107000000000003,5.181515222403578,1.69994168312858,6.140239952405783,276.0,10,26.962000000000003
139,0.221,32.861000000000004,-0.187,34.833000000000006,0.663,30.243,4.6680402740336335,1.2082713427188188,5.201374417587834,278.0,10,26.962000000000003
140,0.017,34.017,0.8330000000000001,35.309000000000005,0.119,31.841,3.540737211372796,1.325848345524668,5.703322210588286,280.0,10,26.962000000000003
141,-0.017,33.099000000000004,0.629,36.329,-0.289,32.113,4.314786205595824,1.85284810827292,8.877548043757093,282.0,10,26.962000000000003
142,0.357,33.133,-0.221,38.335,-0.119,30.345,7.990651037306034,2.4101542361399764,8.69356783656703,284.0,10,26.962000000000003
143,0.425,32.521,0.493,36.975,0.425,30.549000000000003,6.426359778288172,1.6218245169455117,6.993470295033972,286.0,10,26.962000000000003
144,-0.051,32.079,-0.017,32.725,0.493,29.937,2.83426251430597,1.376552050595981,6.337765776718293,288.0,10,26.962000000000003
145,0.459,31.637000000000004,0.493,32.249,-0.357,29.189000000000004,3.175862087685799,1.6404570578697375,4.905568969544379,290.0,10,26.962000000000003
146,0.391,31.535000000000004,-0.391,30.413000000000004,0.459,29.087000000000003,1.575047935778464,1.397787440455287,6.955432658375406,292.0,10,26.962000000000003
147,-0.153,31.399,-0.459,33.167,0.527,30.107000000000003,3.2149332808007074,0.9604612928797156,3.7673177400125697,294.0,10,26.962000000000003
148,0.153,31.399,-0.493,30.753000000000004,0.459,29.971000000000004,1.2320016233755535,1.5584508884086692,4.72749165477397,296.0,10,26.962000000000003
149,0.323,30.923,-0.323,32.555,-0.017,28.849000000000004,3.718611568852009,1.1053009710503174,4.426938050704703,298.0,10,26.962000000000003
150,0.221,32.317,-0.493,36.057,0.493,28.475,7.645843315161514,2.614636167424797,8.57496580458912,300.0,10,26.962000000000003
151,0.459,31.773000000000003,-0.187,34.527,0.663,29.597,5.002739249651135,2.0915952190639837,5.312010594836971,302.0,10,26.962000000000003
152,0.323,30.413000000000004,,,,,5.002739249651135,2.249075948904587,,304.0,10,26.962000000000003
153,0.323,30.107000000000003,-0.425,37.519000000000005,0.663,29.733,7.861649954049088,4.073849644490465,8.232743368465174,306.0,10,26.962000000000003
154,0.289,31.773000000000003,-0.187,38.437000000000005,-0.289,27.727,10.710485703272283,3.602500711983964,11.665949620565996,308.0,10,26.962000000000003
155,0.051,31.977000000000004,-0.663,36.465,-0.187,27.693,8.784905235686951,4.085231082815268,10.330520015439184,310.0,10,26.962000000000003
156,0.425,31.365,-0.561,37.179,-0.119,26.435,10.753087928590558,3.823747768076883,11.568750350196217,312.0,10,26.962000000000003
157,0.459,33.269000000000005,-0.119,34.833000000000006,0.255,30.073,4.774670250394262,2.0610440836236856,6.453299312618034,314.0,10,26.962000000000003
158,-0.119,33.099000000000004,,,,,4.774670250394262,2.6984046012445018,,316.0,10,26.962000000000003
159,0.493,31.773000000000003,0.051,35.071000000000005,0.357,28.407000000000004,6.671021810787311,2.168781641095807,8.383257184707066,318.0,10,26.962000000000003
160,0.017,33.915,-0.357,33.167,0.357,28.883000000000003,4.343092446632929,2.7329483629884006,5.117763338117223,320.0,10,26.962000000000003
161,-0.085,34.391000000000005,0.357,37.825,-0.527,30.855000000000004,7.025834897006903,2.5379750754300137,8.525449050106083,322.0,10,26.962000000000003
162,-0.187,36.635000000000005,1.3090000000000002,41.327000000000005,-0.153,30.617,10.809326713537711,3.705151441964922,12.397467290335957,324.0,10,26.962000000000003
163,0.119,36.941,0.935,41.565000000000005,-0.493,31.739,9.929222527469106,3.750013574621864,11.018925701401184,326.0,10,26.962000000000003
164,0.255,38.403000000000006,3.349,43.027,0.323,34.187000000000005,9.34356869723769,4.164125644428898,11.41133669587281,328.0,10,26.962000000000003
165,0.017,38.981,2.431,42.687000000000005,0.459,35.309000000000005,7.636993387452945,2.6136359142021117,9.317968675920817,330.0,10,26.962000000000003
166,0.425,40.919,3.0090000000000003,42.823,0.323,35.683,7.628512043642588,2.5788308650185834,10.437715773255796,332.0,10,26.962000000000003
167,0.187,40.171,2.1590000000000003,42.993,-0.187,33.677,9.606850264264558,3.7896399371065295,10.431729472955162,334.0,10,26.962000000000003
168,0.221,40.477,3.145,43.197,0.153,32.963,10.662402168367128,3.591736471832667,12.701960161764228,336.0,10,26.962000000000003
169,2.125,42.245000000000005,3.145,45.441,-0.493,37.927,8.348367505087447,2.5027509480823715,10.24171826942542,338.0,10,26.962000000000003
170,0.357,37.995000000000005,2.601,44.523,0.323,34.221000000000004,10.550852477406744,3.2953372719957783,11.7059488008496,340.0,10,26.962000000000003
171,0.153,37.825,0.561,41.905,0.799,35.513000000000005,6.396429316423344,1.5611898587879958,7.088236170446495,342.0,10,26.962000000000003
172,-0.187,38.131,-0.153,40.409000000000006,0.085,35.785000000000004,4.630120948744212,1.2717727614097176,5.197457573234316,344.0,10,26.962000000000003
173,0.051,37.451,0.051,37.451,-0.357,32.521,4.946853949734114,2.054186190646203,9.101829057471184,346.0,10,26.962000000000003
174,0.017,36.771,0.8330000000000001,37.247,-0.255,29.869000000000003,7.457789753003231,2.7082705371419253,11.832237635676794,348.0,10,26.962000000000003
175,-0.136,36.533,-0.527,39.933,-0.323,29.189000000000004,10.745936534337062,4.146064232604112,11.405410571769442,350.0,10,26.962000000000003
176,-0.153,35.853,-0.051,41.73500000000001,0.255,30.039,11.700002222222013,3.890712760171996,12.173447389571963,352.0,10,26.962000000000003
177,-0.255,35.819,-0.357,41.293000000000006,0.663,30.685,10.656925635472929,3.2582440288696324,12.372065715295545,354.0,10,26.962000000000003
178,-0.289,36.159000000000006,-0.425,41.327000000000005,-0.119,28.237,13.093576134883854,4.570072659167701,14.314251340233392,356.0,10,26.962000000000003
179,-0.085,34.017,-0.323,37.689,0.289,30.073,7.64054971844304,2.320578111338327,8.086527884594066,358.0,10,26.962000000000003
180,0.629,35.717000000000006,0.6970000000000001,39.593,0.289,31.093000000000004,8.50978636629616,3.116777064363243,8.931848381978774,360.0,10,26.962000000000003
181,0.221,37.774,-1.207,42.789,0.187,29.461,13.400702220406211,4.5622629926269465,14.327241038615698,362.0,10,26.962000000000003
182,-0.051,32.929,-0.493,38.981,0.425,27.659,11.359155250281598,3.8198962237435614,12.04711844612138,364.0,10,26.962000000000003
183,-0.085,33.439,-0.323,37.553,0.459,27.489,10.094336035619184,3.603745421237324,11.46637159058545,366.0,10,26.962000000000003
184,0.187,32.793,-0.527,37.621,0.765,28.135,9.57358135704711,3.382337351064093,10.895255700599655,368.0,10,26.962000000000003
185,-0.085,35.581,-0.221,42.755,0.051,27.863000000000003,14.894483811129543,4.6897162331554005,16.558680238586433,370.0,10,26.962000000000003
186,-0.051,38.947,0.629,39.389,-0.391,32.759,6.708002683362612,2.614011920709441,8.635114175603256,372.0,10,26.962000000000003
187,0.357,40.579,-0.663,40.851000000000006,0.765,38.641000000000005,2.6312134082966363,1.1795974773578304,3.1944997484481896,374.0,10,26.962000000000003
188,-0.425,41.871,-2.873,43.367,-0.765,40.035,3.942827411896189,1.4450885596874858,6.951614050708165,376.0,10,26.962000000000003
189,-0.459,43.061,-3.043,44.897000000000006,-1.173,42.449000000000005,3.0805200859595128,1.96704788696712,9.922179948496758,378.0,10,26.962000000000003
190,-0.051,41.157,-1.6150000000000002,43.673,-0.765,39.899,3.8685366742477703,1.4846739015341766,6.692054248124788,380.0,10,26.962000000000003
191,-0.459,43.061,-2.2270000000000003,44.523,1.377,43.095000000000006,3.876596445337069,1.6895199950118711,9.270854303705088,382.0,10,26.962000000000003
192,-0.119,45.611,-0.017,43.537000000000006,0.051,46.597,3.060755462300117,1.0853508036475554,4.170869556562556,384.0,10,26.962000000000003
193,-0.561,46.495000000000005,0.153,44.353,1.5810000000000002,44.217000000000006,1.4344615714615714,1.7990483941851203,,386.0,10,26.962000000000003
194,-0.629,44.999,-0.255,48.705000000000005,-0.459,43.095000000000006,5.613707865573343,2.0954276111171573,9.209236603871153,388.0,10,26.962000000000003
195,0.187,44.081,-0.017,48.331,-0.425,48.569,0.4723430956412933,2.2267944572666094,,390.0,10,26.962000000000003
196,0.493,44.081,-1.241,48.535,0.459,40.613,8.102350523150674,2.3436896482276737,9.61599821818592,392.0,10,26.962000000000003
197,-0.187,42.857000000000006,-0.629,47.923,0.153,40.477,7.486951315455444,2.04467263352401,8.161103670752288,394.0,10,26.962000000000003
198,1.173,44.047,-2.7030000000000003,42.381,3.043,44.251000000000005,6.042633200848783,1.9734347648960804,8.686346953854546,396.0,10,26.962000000000003
199,1.105,44.115,-1.105,41.361,2.635,43.673,4.396924379609001,2.234461252105362,11.799741980257837,398.0,10,26.962000000000003
200,0.7310000000000001,43.809000000000005,-0.187,38.165000000000006,3.621,45.033,7.853043231766906,2.978385548203192,12.63365886031302,400.0,10,26.962000000000003
201,-0.119,42.551,-0.323,38.165000000000006,1.887,46.393,8.519629334660047,2.439943719118613,9.091555594070172,402.0,10,26.962000000000003
202,0.187,42.381,0.493,36.873000000000005,2.091,46.801,10.055783808336376,3.1249714216485045,11.565368109484575,404.0,10,26.962000000000003
203,-0.119,40.851000000000006,0.187,36.125,0.425,44.115,7.9935438949192,2.9655859130547824,8.803042475433257,406.0,10,26.962000000000003
204,0.051,41.123000000000005,0.493,38.097,1.785,46.223000000000006,8.22807024763401,2.5968524023695583,9.506712496129897,408.0,10,26.962000000000003
205,-0.255,40.579,0.527,35.649,0.765,45.747,10.100804324409022,3.545778202985065,11.677305410728346,410.0,10,26.962000000000003
206,-0.119,40.137,0.901,35.887,0.017,44.625,8.782602120100854,2.871214292648091,10.950625610945364,412.0,10,26.962000000000003
207,0.153,39.661,0.6970000000000001,36.567,-0.629,43.027,6.594685436015884,2.323179017478582,8.374177965574868,414.0,10,26.962000000000003
208,0.153,38.777,0.153,36.737,0.289,43.129000000000005,6.393446644807479,2.126793260494986,8.355256096358241,416.0,10,26.962000000000003
209,-0.017,38.913,0.5950000000000001,34.765,-0.6970000000000001,44.42100000000001,9.742053171688196,3.300828541334514,11.021781814294684,418.0,10,26.962000000000003
210,0.561,39.559000000000005,0.527,35.751000000000005,0.765,43.707,7.959559033011817,3.503918265241448,8.939023073069352,420.0,10,26.962000000000003
211,0.459,38.267,-0.289,33.133,0.935,43.027,9.969423854967747,2.8574479463202445,10.802682301090888,422.0,10,26.962000000000003
212,0.5950000000000001,38.199000000000005,0.425,32.453,1.275,43.061,10.642,3.4987884479623,11.187273464880656,424.0,10,26.962000000000003
213,0.323,37.383,-0.085,32.861000000000004,1.649,42.279,9.57629782327179,2.836390431372187,10.865382613147432,426.0,10,26.962000000000003
214,0.289,34.561,-0.255,29.801,0.289,41.463,11.674681151962996,3.2208142442966468,12.199363538356652,428.0,10,26.962000000000003
215,0.5950000000000001,34.663000000000004,-0.663,30.447000000000003,-0.153,39.253,8.820755976672295,2.504143491272274,9.91020256793844,430.0,10,26.962000000000003
216,0.663,34.085,0.153,30.515,0.8330000000000001,38.539,8.05276201063958,3.822843146063979,8.347490462052315,432.0,10,26.962000000000003
217,0.187,32.487,-0.629,29.189000000000004,0.153,38.335,9.179370348776652,4.0722700265054685,9.963177198883582,434.0,10,26.962000000000003
218,-0.221,31.807,0.051,26.911,-0.561,36.227,9.336080548067269,2.98846367356291,9.906626441860984,436.0,10,26.962000000000003
219,-0.289,30.549000000000003,0.255,26.265,-0.357,36.941,10.69352701403985,3.424431313706872,11.624584781764682,438.0,10,26.962000000000003
220,-0.119,30.175,0.7310000000000001,22.151000000000003,-0.5950000000000001,36.431,14.341432146058498,5.1675431221289525,15.42855738122033,440.0,10,26.962000000000003
221,-0.187,29.835,0.7310000000000001,22.253,0.493,34.697,12.446275748190702,4.218208179347349,13.315719190605044,442.0,10,26.962000000000003
222,0.221,28.577,0.153,23.987,-0.357,34.289,10.314616037448996,3.286776801257862,11.618368713994975,444.0,10,26.962000000000003
223,0.357,26.197000000000003,-0.391,21.199,-0.323,33.779,12.580183782441337,3.8993130460911374,13.567565126897088,446.0,10,26.962000000000003
224,-0.221,27.999,0.255,24.497000000000003,-0.5950000000000001,30.481,6.044067835489606,3.0728590795710917,6.416272951735936,448.0,10,26.962000000000003
225,0.051,25.806,0.459,24.191000000000003,0.425,32.283,8.09207142825618,4.217824147225387,8.766456943568109,450.0,10,26.962000000000003
226,0.085,24.259,0.391,16.949,0.8330000000000001,28.645000000000003,11.70434876445503,4.729463104451595,12.418102343622593,452.0,10,26.962000000000003
227,0.153,23.511000000000003,-0.051,18.989,-0.187,28.033,9.04502249859004,3.320358703927451,9.857685322621194,454.0,10,26.962000000000003
228,0.153,22.525,-0.289,16.065,0.051,29.257,13.196380715938746,4.840953795999615,14.324589375461482,456.0,10,26.962000000000003
229,0.051,23.443,0.527,15.045000000000002,-0.629,30.549000000000003,15.547036759459983,5.136437564511286,16.15253713924866,458.0,10,26.962000000000003
230,0.153,22.763,-0.051,18.309,-0.289,28.679,10.372730787984423,3.779250254204556,11.606219355020142,460.0,10,26.962000000000003
231,0.051,24.157,-0.051,17.561,-0.629,30.311000000000003,12.763094609067194,3.6987178585075706,13.50963729829208,462.0,10,26.962000000000003
232,-0.153,24.021,-0.085,20.213,-0.255,29.257,9.045597603254304,2.7552647987282657,9.921174031855664,464.0,10,26.962000000000003
233,0.221,24.701,0.119,17.391000000000002,-0.255,30.821,13.43520658568375,3.937622508704397,14.63711806453649,466.0,10,26.962000000000003
234,-0.085,24.361,0.799,18.105,-0.561,28.951,10.93093390337715,4.172814150996622,12.163387417236226,468.0,10,26.962000000000003
235,-0.357,25.500000000000004,0.6970000000000001,16.949,0.8330000000000001,16.983,0.1401855912710004,4.325368657382785,0.1500532101167711,470.0,10,26.962000000000003
236,0.187,23.885,0.7310000000000001,31.501,0.799,17.153000000000002,14.34816113653593,4.623443105709505,15.168534070952536,472.0,10,26.962000000000003
237,-0.153,23.562,-0.255,28.781,0.527,17.051000000000002,11.756037767887616,4.372428856599817,12.337326999039414,474.0,10,26.962000000000003
238,0.153,27.081000000000003,-0.153,28.849000000000004,0.6970000000000001,23.273000000000003,5.64041452377394,1.604743196636455,7.469348005638044,476.0,10,26.962000000000003
239,-0.017,26.163,0.187,28.713,-0.663,24.803,4.001324780619539,1.3064578396552322,5.349668056070285,478.0,10,26.962000000000003
240,-0.221,24.497000000000003,-0.391,26.911,0.8670000000000001,26.299000000000003,1.398966761577987,1.141266314466686,5.723416267229987,480.0,10,26.962000000000003
241,-0.085,23.953000000000003,-0.629,22.287000000000003,-0.051,25.721,3.482303835106868,0.958521862069579,5.03000317160204,482.0,10,26.962000000000003
242,-0.085,22.491000000000003,0.425,21.743,-0.561,26.129,4.495463491120799,1.6961328925207804,6.1790882607317394,484.0,10,26.962000000000003
243,-0.221,22.151000000000003,0.119,26.571,0.391,27.591,1.0556438793456815,2.3438138555997163,1.222577309512647,486.0,10,26.962000000000003
244,-0.187,22.491000000000003,0.119,20.825000000000003,0.289,25.109,4.287371689042134,1.2219298690903355,5.359298200872421,488.0,10,26.962000000000003
245,-0.119,23.341,0.187,21.879,-0.051,22.661,0.8174154390516489,1.2678852751484322,4.173521204166489,490.0,10,26.962000000000003
246,0.051,23.375,-0.221,22.049000000000003,-0.255,26.741000000000003,4.6921231867886855,1.705333664514065,8.9363657421528,492.0,10,26.962000000000003
247,-0.017,23.545,-0.221,21.369,0.6970000000000001,24.735000000000003,3.4889368008033625,1.9824005350703648,5.86970430512889,494.0,10,26.962000000000003
248,0.017,23.579,-0.663,22.559,0.153,24.633000000000003,2.2287512198538444,1.0928062776620338,5.110856169326069,496.0,10,26.962000000000003
249,0.459,23.477,0.799,22.491000000000003,0.799,23.783,1.292,1.5894525899665255,1.5016680060661165,498.0,10,26.962000000000003
250,0.561,20.927000000000003,0.799,17.017,0.323,23.613000000000003,6.61315295452933,3.2872322345648275,6.801296185711711,500.0,10,26.962000000000003
251,0.323,18.649,0.255,13.311000000000002,0.357,23.579,10.268506610018813,3.5999927321083414,10.825666390365676,502.0,10,26.962000000000003
252,0.527,16.711000000000002,-0.153,13.141000000000002,0.765,22.797,9.699539164310847,2.719854119416405,10.9037862938584,504.0,10,26.962000000000003
253,0.357,16.609,-0.425,11.713,0.221,21.879,10.18650440533945,2.915771142952684,10.888171099691988,506.0,10,26.962000000000003
254,0.493,16.592000000000002,-0.255,11.373,0.765,16.337,5.067711120417186,3.0748299048834418,5.360839160858868,508.0,10,26.962000000000003
255,0.051,14.297,-0.629,10.659,-0.289,18.241,7.5896194898031615,3.0891414854756127,8.401890848512902,510.0,10,26.962000000000003
256,0.051,15.079,0.5950000000000001,9.503,0.799,22.389000000000003,12.88761467456255,4.087948046631557,13.665257832100348,512.0,10,26.962000000000003
257,-0.017,14.807,0.017,10.421,-0.255,19.431,9.014104725373452,3.2317928183852094,10.100942676034231,514.0,10,26.962000000000003
258,0.119,17.357000000000003,0.561,12.665,-0.425,20.791,8.185601505081957,3.2574698462292293,9.180311569842898,516.0,10,26.962000000000003
259,0.255,18.581000000000003,0.527,12.257,0.459,25.075000000000003,12.818180370083736,4.00805406943266,13.770093846753364,518.0,10,26.962000000000003
260,0.527,18.377,,,,,12.818180370083736,4.203287480990655,,520.0,10,26.962000000000003
261,0.425,18.207,-0.289,13.039,-0.663,23.579,10.546633396491984,3.112045663459861,12.1266256376186,522.0,10,26.962000000000003
262,0.527,17.221,0.663,12.223,0.5950000000000001,23.715000000000003,11.492201181670984,3.379975470677581,12.574793450808048,524.0,10,26.962000000000003
263,0.221,16.728,-0.425,9.877,0.459,24.191000000000003,14.341270933916562,4.4832488935458334,14.983891376902704,526.0,10,26.962000000000003
264,-0.323,15.47,-0.255,19.193,-0.493,21.539,2.35804156027836,4.5794021857940965,2.457846268174489,528.0,10,26.962000000000003
265,-0.017,17.595000000000002,0.765,10.829,-0.493,23.885,13.116466749853029,5.105546709716083,13.885902632324829,530.0,10,26.962000000000003
266,-0.017,16.983,-0.289,16.677,-0.357,21.845,5.168447349059483,4.129144090750566,6.006146483475293,532.0,10,26.962000000000003
267,0.153,15.385000000000002,0.799,9.605,0.085,20.519,10.93733020439632,3.454254043702781,11.659538843550068,534.0,10,26.962000000000003
268,0.255,14.025,0.391,9.911,-0.493,16.779,6.924657392246926,3.810054115393497,7.733153287417537,536.0,10,26.962000000000003
269,0.5950000000000001,14.671,0.187,11.441,-0.221,16.201,4.777453715108081,2.576693774351089,5.669567189278984,538.0,10,26.962000000000003
270,-0.085,17.833000000000002,-0.221,9.401,0.289,22.015,12.6243057630905,4.155245896898636,13.566782647094268,540.0,10,26.962000000000003
271,-0.017,13.991,-0.459,12.189,0.357,18.479000000000003,6.3427088850112,3.739117086499861,10.519856091910436,542.0,10,26.962000000000003
272,0.391,16.133000000000003,0.765,13.005,0.221,18.343,5.365648143514445,1.4218029168412754,5.928047857015323,544.0,10,26.962000000000003
273,0.221,16.541,-0.425,14.467,0.527,17.051000000000002,2.753790115459056,1.4576631702524587,5.67541836865572,546.0,10,26.962000000000003
274,0.255,15.215000000000002,0.493,9.775,0.799,15.997000000000002,6.229520045717809,3.050815699503309,6.7005544539623445,548.0,10,26.962000000000003
275,0.459,15.113,0.051,8.891,0.8670000000000001,20.349,11.487019630870316,4.049049249051041,12.254398833338104,550.0,10,26.962000000000003
276,0.051,13.957,-0.017,8.653,0.663,21.539,12.903929479038547,4.178576034881832,14.185701397096636,552.0,10,26.962000000000003
277,0.323,15.963,-0.017,8.891,-0.187,20.553,11.663239001238036,4.339742510459716,12.712533651667892,554.0,10,26.962000000000003
278,-0.085,17.238,0.799,12.733,-0.391,15.997000000000002,3.4741611937272,3.9050516269955526,7.070142200347133,556.0,10,26.962000000000003
279,0.119,18.581000000000003,-0.323,14.331,0.153,20.689,6.375793283976513,1.7837288600226848,7.196442866564776,558.0,10,26.962000000000003
280,0.119,19.465,0.8670000000000001,17.595000000000002,0.357,19.295,1.7748521065147935,1.056889358056781,2.044525723307149,560.0,10,26.962000000000003
281,0.391,18.649,-0.153,16.779,-0.629,19.465,2.727851168960653,1.5007197522637057,8.118572106604166,562.0,10,26.962000000000003
282,0.323,18.377,-0.051,14.535000000000002,-0.561,19.533,5.023953025258098,1.7996727688847949,9.258859733403144,564.0,10,26.962000000000003
283,-0.017,17.969,-0.289,12.087000000000002,-0.5950000000000001,19.771,7.690090506619542,2.7866988324253104,12.01931469269121,566.0,10,26.962000000000003
284,0.425,17.935000000000002,0.425,11.543,0.7310000000000001,19.669,8.131759465208006,2.880812061439159,9.98221737415854,568.0,10,26.962000000000003
285,-0.085,16.643,0.8670000000000001,9.809,0.153,21.981,12.192923357423355,3.8268156891790657,12.974385171791695,570.0,10,26.962000000000003
286,0.187,16.575000000000003,-0.561,14.195,-0.357,22.219,8.026592801432,4.004702044628377,8.685736795922406,572.0,10,26.962000000000003
287,0.323,16.813000000000002,-0.425,9.197,-0.561,23.409,14.21265070280699,4.256922347549538,15.441086123325162,574.0,10,26.962000000000003
288,0.119,13.736,0.629,5.933000000000001,0.153,19.907,13.982104705658587,4.536816526319164,14.826319999985133,576.0,10,26.962000000000003
289,0.289,14.603000000000002,0.187,9.741,0.8670000000000001,16.303,6.597139076902957,3.9991166644880143,7.510179181281076,578.0,10,26.962000000000003
290,0.017,11.271,0.765,7.225,0.8330000000000001,16.167,8.942258551395168,3.9680563888980274,9.811613397417927,580.0,10,26.962000000000003
291,0.221,10.489,0.357,5.6610000000000005,0.527,16.371000000000002,10.711349121375887,3.3358416600333696,11.224872258255347,582.0,10,26.962000000000003
292,-0.289,11.135000000000002,0.289,6.851000000000001,-0.391,15.487000000000002,8.662730285539311,4.832503016703335,9.27290951694803,584.0,10,26.962000000000003
293,0.527,12.835,0.017,6.375000000000001,0.527,16.609,10.24669976138659,4.153430474957015,10.732876309443306,586.0,10,26.962000000000003
294,0.425,13.345,0.051,7.021000000000001,0.289,18.411,11.392486295800405,4.430577945278155,12.246283921987654,588.0,10,26.962000000000003
295,0.289,12.07,-0.391,6.239000000000001,0.391,19.431,13.215157509466168,4.41419086555515,13.82349357038149,590.0,10,26.962000000000003
296,0.391,11.917000000000002,-0.425,6.613,-0.187,16.473000000000003,9.862871995519358,3.366818292790193,11.893497253577088,592.0,10,26.962000000000003
297,0.017,9.401,0.425,6.171,0.255,15.113,8.94361582359171,2.9277912482109696,10.00377612346738,594.0,10,26.962000000000003
298,0.051,8.891,-0.119,3.451,-0.5950000000000001,13.855,10.4148831966566,3.4513330596563825,11.397966494251076,596.0,10,26.962000000000003
299,0.289,8.075000000000001,0.799,4.471,0.5950000000000001,12.529000000000002,8.060581864853184,2.8324194574402357,9.072468569540288,598.0,10,26.962000000000003
300,-0.017,5.593,-0.051,2.601,0.901,10.931,8.384223518012865,2.4648529887624497,9.834737175485962,600.0,10,26.962000000000003
301,-0.085,5.763000000000001,-0.5950000000000001,-1.105,0.799,11.101,12.285343788433437,4.713162072250248,13.009464069661638,602.0,10,26.962000000000003
302,0.187,3.961,-0.153,-2.363,-0.051,8.585,10.94847514496882,3.4566732998976306,11.876117604043335,604.0,10,26.962000000000003
303,0.289,3.859,-0.357,-2.329,-0.391,10.829,13.158043927575251,4.558930685821163,14.55933167858874,606.0,10,26.962000000000003
304,0.357,3.4850000000000003,-0.119,-5.559,-0.459,8.585,14.1480859482829,5.267572322399724,14.7906399009992,608.0,10,26.962000000000003
305,0.085,0.153,-0.085,-4.335,0.765,4.7090000000000005,9.083855789256011,3.7990523035267447,10.013201135007256,610.0,10,26.962000000000003
306,0.153,0.527,-0.459,-5.457000000000001,0.6970000000000001,5.015000000000001,10.535611989818152,3.747375825122514,11.647238693902358,612.0,10,26.962000000000003
307,-0.119,-1.377,-0.799,-5.627000000000001,-0.425,4.607,10.240831606856936,4.7387405658156,11.636138560682824,614.0,10,26.962000000000003
308,0.085,-0.425,-0.357,-6.4430000000000005,-0.085,5.049,11.495218484222038,4.082088258603246,12.172942224962464,616.0,10,26.962000000000003
309,0.153,-0.459,0.391,-5.219,-0.493,3.825,9.08710030757887,4.9979639506253335,9.425079969524724,618.0,10,26.962000000000003
310,-0.085,1.139,0.255,-4.811,0.527,4.573,9.387941201349742,3.800594460652944,10.759700420791605,620.0,10,26.962000000000003
311,0.323,2.193,-0.323,-5.525,0.765,6.409000000000001,11.983492813032436,4.365575525428333,12.962163811286764,622.0,10,26.962000000000003
312,0.051,0.187,0.221,-6.069000000000001,0.051,4.743,10.813336395396195,4.217981501646023,11.634264643190786,624.0,10,26.962000000000003
313,0.221,-0.7310000000000001,-0.289,-5.457000000000001,0.5950000000000001,5.015000000000001,10.509245453409108,4.055250354905829,11.46673126185182,626.0,10,26.962000000000003
314,-0.051,1.003,-0.425,-5.355,0.085,5.593,10.959872444513213,3.4448496734795144,14.416600610162186,628.0,10,26.962000000000003
315,-0.051,-0.663,0.7310000000000001,-7.429,0.6970000000000001,4.7090000000000005,12.138047618954213,4.901218381619741,13.240252889937684,630.0,10,26.962000000000003
316,-0.153,0.8670000000000001,0.6970000000000001,-4.437,-0.085,4.777,9.247124958602,3.459306610677609,11.662608177357477,632.0,10,26.962000000000003
317,0.153,-1.088,0.765,-4.165,0.5950000000000001,0.187,4.3553190468667164,1.631047845902594,5.034478334385211,634.0,10,26.962000000000003
318,0.051,-0.527,0.493,-3.519,0.017,1.785,5.325316140850232,2.047652597324664,8.28263456011838,636.0,10,26.962000000000003
319,-0.017,1.989,0.221,-2.873,-0.085,0.357,3.244462359159064,1.961715725405082,3.6459130890781535,638.0,10,26.962000000000003
320,0.391,1.683,0.187,-0.493,0.493,3.5530000000000004,4.0575549287717605,1.340798805702934,5.503141037373958,640.0,10,26.962000000000003
321,0.357,-0.187,0.187,-2.635,0.051,2.8390000000000004,5.475689180368075,2.6575195163932674,7.822490092800179,642.0,10,26.962000000000003
322,0.221,-1.411,0.323,-3.927000000000001,-0.119,2.5330000000000004,6.475103396857846,2.805528128433059,7.713314831882916,644.0,10,26.962000000000003
323,-0.187,-1.5810000000000002,0.493,-3.349,-0.119,1.207,4.596920708474316,1.7939660227501868,6.713962722737051,646.0,10,26.962000000000003
324,-0.119,-1.207,-0.799,-0.425,-0.085,0.969,1.566215821654219,1.7696096563956023,7.046033206419011,648.0,10,26.962000000000003
325,0.085,0.5950000000000001,-0.085,-3.5530000000000004,0.799,4.505,8.106344428902586,2.879001935090064,10.643053478593924,650.0,10,26.962000000000003
326,0.323,-0.289,0.085,-2.023,-0.085,3.791,5.816484849116347,1.830720503694368,6.6501856418995855,652.0,10,26.962000000000003
327,-0.153,0.051,-0.153,-1.479,0.017,3.0090000000000003,4.491218542890114,1.3828341120147358,5.464061528666075,654.0,10,26.962000000000003
328,-0.323,-0.799,0.357,-3.757,-0.323,1.377,5.178837321252716,1.702300988119341,6.280835917315524,656.0,10,26.962000000000003
329,0.153,-1.853,0.561,-6.035,-0.663,1.037,7.177141492265567,1.9039149143550107,7.741922386589521,658.0,10,26.962000000000003
330,0.187,-2.091,0.187,-7.599,-0.629,0.221,7.862458648539909,2.5698640730709035,10.395383258063394,660.0,10,26.962000000000003
331,0.459,-3.451,0.391,-5.593,-0.255,-0.323,5.309445922127845,1.5466437187554336,5.777592667003776,662.0,10,26.962000000000003
332,-0.119,-3.621,-0.629,-4.437,-0.5950000000000001,-1.003,3.434168312706878,1.3446976191421645,7.561610987547129,664.0,10,26.962000000000003
333,-0.085,-3.2470000000000003,-0.799,-4.369000000000001,-0.5950000000000001,-1.377,2.998946481683193,1.268801336848549,6.750367122413341,666.0,10,26.962000000000003
334,0.085,-3.859,-0.6970000000000001,-6.511,-0.799,-1.6150000000000002,4.897062384736385,1.459815843811036,6.471530749467009,668.0,10,26.962000000000003
335,0.085,-4.913,-0.017,-6.987,-0.561,-0.8330000000000001,6.177997410164559,1.962027288522295,8.460042094489983,670.0,10,26.962000000000003
336,-0.017,-5.202,0.7310000000000001,-6.817,-0.765,-2.669,4.4095260516295856,2.238010867661689,11.042219824487134,672.0,10,26.962000000000003
337,0.323,-3.5530000000000004,0.6970000000000001,-6.7490000000000006,-0.6970000000000001,-3.2470000000000003,3.76924926212104,2.327046796087666,10.142632030909851,674.0,10,26.962000000000003
338,0.187,-3.213,-0.289,-7.327000000000001,0.221,-7.293,0.5111320768646789,2.362360476211029,0.6269840771447746,676.0,10,26.962000000000003
339,0.493,-3.0770000000000004,0.221,-6.885000000000001,-0.459,-0.8670000000000001,6.056296227893744,1.9343530121186108,7.126133176012938,678.0,10,26.962000000000003
340,0.017,-1.785,0.459,-3.519,-0.085,-0.935,2.640642346096873,2.049278435553364,7.325760619729329,680.0,10,26.962000000000003
341,-0.289,-1.275,-0.629,-5.763000000000001,-0.663,2.023,7.786074235453963,2.42528149288692,7.998795078734801,682.0,10,26.962000000000003
342,0.085,-1.003,-0.459,-6.885000000000001,-0.391,1.887,8.772263561932006,2.37124613228296,11.02242823386425,684.0,10,26.962000000000003
343,-0.255,-0.8330000000000001,-0.5950000000000001,-7.871,-0.187,3.655,11.533218978238471,2.943219156700162,12.394877319587208,686.0,10,26.962000000000003
344,-0.187,-2.2950000000000004,-0.493,-8.075000000000001,-0.5950000000000001,2.601,10.676487250027511,3.078169896147342,11.3635644604838,688.0,10,26.962000000000003
345,0.153,-2.567,0.5950000000000001,-7.667000000000001,0.051,3.961,11.640718190902142,3.9522772866132136,12.573092142821308,690.0,10,26.962000000000003
346,-0.221,-2.805,0.561,-7.565,-0.255,1.819,9.419411446582,3.994220165932889,11.12475060634385,692.0,10,26.962000000000003
347,-0.221,-3.4850000000000003,0.561,-11.339,0.765,0.391,11.731773778930448,4.601829119757283,12.59943513474306,694.0,10,26.962000000000003
348,0.017,-5.321000000000001,0.7310000000000001,-13.379,-0.289,3.757,17.166330300911724,4.274619472475906,18.482288029515,696.0,10,26.962000000000003
349,-0.017,-7.905,-0.493,-13.481000000000002,-0.5950000000000001,-2.329,11.152466453659478,3.424397775521997,12.464302710757355,698.0,10,26.962000000000003
350,0.153,-8.177000000000001,0.187,-12.631,-0.425,-1.3430000000000002,11.304578187619388,4.1642499486950575,13.349854575931648,700.0,10,26.962000000000003
351,0.085,-8.721,0.153,-13.515,-0.289,-2.567,10.956918727452534,2.960331432567557,12.83321440006088,702.0,10,26.962000000000003
352,0.085,-9.367,0.493,-17.799000000000003,-0.629,-3.655,14.188432612519255,4.2934658468460505,17.66449996162214,704.0,10,26.962000000000003
353,0.119,-10.829,0.7310000000000001,-15.623,0.561,-5.525,10.099430875054296,3.341497579999149,11.884672978348664,706.0,10,26.962000000000003
354,-0.085,-12.155,0.663,-20.077,0.561,-4.947,15.130343816318256,4.63010730614235,16.93514521668717,708.0,10,26.962000000000003
355,-0.255,-13.175,0.289,-19.397,-0.459,-6.817,12.602218217440928,3.263606451822333,13.819255541929698,710.0,10,26.962000000000003
356,0.085,-16.065,0.017,-21.539,0.357,-7.871,13.672228201723376,4.477637327659959,14.454749445132896,712.0,10,26.962000000000003
357,0.221,-16.983,0.493,-22.933000000000003,0.017,-11.203,11.73965399830847,4.431161826704093,13.542811986232492,714.0,10,26.962000000000003
358,-0.187,-17.119,0.323,-22.763,-0.153,-9.911,12.860811793973197,3.417437036436375,14.580490897341411,716.0,10,26.962000000000003
359,0.153,-18.088,0.5950000000000001,-23.511000000000003,0.6970000000000001,-11.577,11.934435889475465,3.498189802560296,13.468511659335864,718.0,10,26.962000000000003
360,-0.051,-19.873,0.629,-23.477,-0.323,-16.915000000000003,6.630697399218276,2.779557600375136,7.471984484488207,720.0,10,26.962000000000003
361,-0.425,-17.153000000000002,0.493,-23.681,-0.493,-13.685,10.044511536157446,4.333133399913905,10.636492296522285,722.0,10,26.962000000000003
362,-0.255,-17.901,0.629,-25.619000000000003,-0.459,-13.107,12.559215262109332,4.152619915060303,13.397042425544775,724.0,10,26.962000000000003
363,-0.051,-19.601000000000003,0.255,-25.619000000000003,0.357,-14.161,11.458453996940426,4.201099370695622,13.055491286034703,726.0,10,26.962000000000003
364,0.153,-20.077,-0.221,-25.177000000000003,0.561,-14.875000000000002,10.33163723714688,4.519562602900934,11.815821312862994,728.0,10,26.962000000000003
365,0.153,-20.825000000000003,0.527,-25.993,-0.323,-13.413,12.608683515736288,3.8672133931352017,13.604461729251396,730.0,10,26.962000000000003
366,-0.085,-20.077,-0.119,-26.265,0.323,-14.229,12.04411308482281,4.489885322375868,13.27478303100986,732.0,10,26.962000000000003
367,-0.051,-21.233,-0.765,-27.353,-0.357,-13.583,13.77604311839942,4.9330657458199525,15.291863378288909,734.0,10,26.962000000000003
368,-0.017,-21.641,0.323,-28.747000000000003,-0.6970000000000001,-17.051000000000002,11.740392497697853,3.998571412914048,13.85256754493872,736.0,10,26.962000000000003
369,-0.017,-23.749,0.255,-29.393,0.561,-17.425,11.9719112926884,3.1427488301628093,13.55547471322993,738.0,10,26.962000000000003
370,0.085,-24.361,0.5950000000000001,-28.611,0.187,-17.221,11.397305120071149,3.7057330531945314,12.536342319817752,740.0,10,26.962000000000003
371,0.153,-25.279000000000003,0.561,-32.793,-0.8670000000000001,-18.751,14.114423403029967,4.083263597070754,15.145710496506538,742.0,10,26.962000000000003
372,0.221,-24.667,0.357,-31.739,0.323,-20.213,11.526050147383534,3.426518360401297,11.894756154835624,744.0,10,26.962000000000003
373,0.289,-27.353,0.221,-31.365,0.119,-23.307,8.058645543762301,2.2634887318830863,8.362889544733196,746.0,10,26.962000000000003
374,0.051,-26.061000000000003,0.425,-31.467,-0.255,-21.267000000000003,10.222641537293578,3.659284373879932,10.749237256325396,748.0,10,26.962000000000003
375,-0.357,-28.203000000000003,0.391,-34.357,0.459,-22.219,12.138190474695971,4.533360276843725,12.812734102291436,750.0,10,26.962000000000003
376,-0.153,-28.679,0.493,-36.295,0.085,-23.001,13.300259395966684,4.502224404145505,14.1454845947387,752.0,10,26.962000000000003
377,-0.017,-30.651000000000003,0.425,-36.397000000000006,-0.935,-27.183000000000003,9.31382821400524,3.322978354697605,10.151011586135253,754.0,10,26.962000000000003
378,0.187,-31.773000000000003,0.323,-37.655,0.119,-26.775,10.881912331938722,3.496378647966422,11.837415380891247,756.0,10,26.962000000000003
379,-0.153,-33.728,-0.7310000000000001,-38.267,0.255,-27.285000000000004,11.026174313876956,3.342027186792212,12.422888914900184,758.0,10,26.962000000000003
380,0.085,-34.799,0.187,-42.177,-0.391,-26.129,16.058405524833407,4.683014353703379,16.868478231876963,760.0,10,26.962000000000003
381,-0.357,-35.785000000000004,0.391,-40.069,0.561,-30.311000000000003,9.759480723891002,3.2005089620498826,11.733686651792976,762.0,10,26.962000000000003
382,-0.289,-36.295,-0.901,-44.625,-0.119,-31.331000000000003,13.316980138154443,4.380536698960141,14.49658839321515,764.0,10,26.962000000000003
383,-0.391,-39.287000000000006,-1.241,-45.98500000000001,-0.6970000000000001,-33.711000000000006,12.286049487121565,3.68418347023039,13.243423999770227,766.0,10,26.962000000000003
384,-0.8670000000000001,-43.707,-1.3090000000000002,-47.753,-0.119,-40.273,7.574067599381459,2.53420134597006,8.55794962785248,768.0,10,26.962000000000003
385,-1.037,-43.333000000000006,-0.289,-47.515,-0.493,-40.341,7.17689988783458,2.7524617523767407,8.353324201208384,770.0,10,26.962000000000003
386,-0.663,-42.211000000000006,-1.887,-47.583000000000006,-0.187,-37.077000000000005,10.642651737231656,3.694512774895112,12.965999183033103,772.0,10,26.962000000000003
387,-0.527,-42.993,-1.513,-46.495000000000005,-0.221,-40.307,6.321440342200503,2.89896936563946,7.557283023808554,774.0,10,26.962000000000003
388,-0.799,-43.877,-2.193,-46.461000000000006,-0.289,-40.749,6.020976664960594,2.734129512461556,6.619275823115987,776.0,10,26.962000000000003
389,-1.5810000000000002,-43.741,,,,,6.020976664960594,2.315939960310141,,778.0,10,26.962000000000003
390,-0.493,-43.537000000000006,-1.139,-47.617,-0.425,-40.307,7.344786994869218,2.9238659720827447,10.140036803638193,780.0,10,26.962000000000003
391,-0.391,-43.809000000000005,-2.023,-47.515,-0.425,-40.307,7.3830121224335,3.1394841653872123,10.313734409502093,782.0,10,26.962000000000003
392,-0.051,-44.659000000000006,-3.349,-45.169,-0.085,-39.627,6.431754037585704,2.3588028887334285,12.693716929880054,784.0,10,26.962000000000003
393,0.425,-45.475,-3.587,-46.019000000000005,-0.085,-40.307,6.700070745895151,3.2220613814821326,13.120330144721864,786.0,10,26.962000000000003
394,0.425,-45.713,-3.3830000000000005,-45.951,0.221,-40.477,6.553891363152124,3.806988969147136,13.684888971829224,788.0,10,26.962000000000003
395,0.6970000000000001,-46.053,-3.2470000000000003,-46.291,0.051,-40.409000000000006,6.7434952361516505,3.886501752769241,14.424152333071554,790.0,10,26.962000000000003
396,0.119,-43.843,-2.7710000000000004,-47.54900000000001,-0.221,-40.341,7.645767718156236,3.247116928054798,12.436098995805605,792.0,10,26.962000000000003
397,-0.8330000000000001,-42.619,-1.785,-42.585,-0.255,-40.341,2.715959498961647,3.2796208311828017,7.5555392189373904,794.0,10,26.962000000000003
398,-1.3090000000000002,-42.687000000000005,-1.173,-47.99100000000001,0.051,-40.341,7.7473012075173635,3.384101596005639,14.003518679269916,796.0,10,26.962000000000003
399,-2.499,-43.843,-3.043,-46.597,-0.051,-41.191,6.1787458274313245,3.284600744729688,9.609084516523032,798.0,10,26.962000000000003
400,-2.397,-43.571000000000005,-1.377,-47.481,-0.935,-40.341,7.15366787040047,3.7066772695682513,9.539372652898232,800.0,10,26.962000000000003
401,-2.397,-43.741,-1.037,-47.379000000000005,-0.765,-40.307,7.077228836204183,3.354877534139478,10.293945416325768,802.0,10,26.962000000000003
402,-1.275,-44.251000000000005,0.561,-47.821000000000005,-1.751,-40.885000000000005,7.311185950309293,3.816663639523034,9.780420785277066,804.0,10,26.962000000000003
403,-1.6150000000000002,-43.809000000000005,-0.493,-47.413,-0.221,-40.409000000000006,7.009279563550024,3.2216953456640223,9.806409077592203,806.0,10,26.962000000000003
404,-1.173,-44.761,0.765,-47.447,-2.2270000000000003,-42.755,5.564793617017616,4.261970791764797,7.332970244747794,808.0,10,26.962000000000003
405,-2.125,-45.373000000000005,-0.017,-46.699000000000005,-2.907,-44.183,3.831756255295997,3.177371602849384,4.887528238960942,810.0,10,26.962000000000003
406,-0.289,-44.115,0.153,-45.033,-0.799,-42.721,2.500329578275632,2.428340751717438,3.514891210941663,812.0,10,26.962000000000003
407,0.5780000000000001,-45.135000000000005,1.411,-46.597,-0.969,-42.823,4.461779465639243,2.395875740855361,5.677606401388007,814.0,10,26.962000000000003
408,0.765,-45.339000000000006,0.323,-46.86900000000001,-0.799,-43.639,3.4193250796026984,2.5305942777865686,5.9755563962997,816.0,10,26.962000000000003
409,0.017,-45.98500000000001,0.119,-45.849,-0.289,-43.639,2.247345990273861,1.914940074957329,6.384246164294705,818.0,10,26.962000000000003
410,-0.034,-46.087,1.5470000000000002,-47.141000000000005,-0.017,-43.843,3.650054794109261,2.560636331939111,6.271313954192376,820.0,10,26.962000000000003
411,0.289,-45.815000000000005,,,,,3.650054794109261,2.5191217781524924,,822.0,10,26.962000000000003
412,1.479,-46.42700000000001,0.425,-46.937000000000005,2.635,-46.053,2.380242844753451,1.416128411656392,2.5443350179563278,824.0,10,26.962000000000003
413,0.527,-44.659000000000006,-1.139,-43.367,1.241,-46.971,4.318936906230514,2.7887222254634207,6.083154189441152,826.0,10,26.962000000000003
414,0.051,-46.835,-0.425,-47.54900000000001,1.139,-43.571000000000005,4.274409900793325,2.8461678194586035,6.7131399879475735,828.0,10,26.962000000000003
415,-0.8330000000000001,-45.475,0.799,-47.311,0.391,-43.027,4.3033847143847135,3.709183430392332,10.372896270936971,830.0,10,26.962000000000003
416,-1.241,-45.815000000000005,0.629,-47.821000000000005,-0.629,-41.837,6.1148033492500815,2.104683302039079,9.52797892779104,832.0,10,26.962000000000003
417,-1.3430000000000002,-44.217000000000006,0.799,-47.889,-0.799,-38.913,9.1171366118974,3.95456895754316,12.557771788396169,834.0,10,26.962000000000003
418,-1.853,-44.557,1.105,-47.855,-1.955,-41.429,7.1173784499631605,3.874222780725488,10.058481593453632,836.0,10,26.962000000000003
419,-1.751,-43.333000000000006,-0.017,-48.059000000000005,-1.649,-40.919,7.324139812974628,3.4422120118147896,9.60797241562465,838.0,10,26.962000000000003
420,-1.037,-44.489,0.289,-47.345000000000006,-3.893,-44.285,5.18196140471926,3.8136413389365353,5.64933996642973,840.0,10,26.962000000000003
421,-0.969,-41.752,-0.085,-47.889,-3.0090000000000003,-42.755,5.908276567663366,3.5075877765371786,6.372688524680343,842.0,10,26.962000000000003
422,-0.901,-40.885000000000005,0.187,-47.99100000000001,-0.8330000000000001,-37.315000000000005,10.7246154243404,3.663685922191065,14.442215475974171,844.0,10,26.962000000000003
423,-1.0710000000000002,-41.497,-0.085,-47.243,-1.037,-40.273,7.034714208836063,3.231111697370575,9.178542856974014,846.0,10,26.962000000000003
424,-0.901,-41.531000000000006,-0.765,-47.209,-0.6970000000000001,-36.465,10.744215187718458,3.3805822339144243,14.47482601307778,848.0,10,26.962000000000003
425,-0.5950000000000001,-41.871,-0.6970000000000001,-46.291,0.017,-40.341,5.992686876518746,3.0169086802772678,8.420407619249472,850.0,10,26.962000000000003
426,-0.901,-43.809000000000005,-0.289,-47.821000000000005,-1.003,-40.273,7.5816950611324385,3.43802697577212,9.156669933891154,852.0,10,26.962000000000003
427,-1.207,-43.29900000000001,0.765,-46.359,-1.853,-40.919,6.037178480051754,2.6657641944193946,9.070551535781508,854.0,10,26.962000000000003
428,-1.275,-43.265,1.751,-46.699000000000005,-0.425,-40.545,6.527380178907921,2.9850620031213864,14.042419107948843,856.0,10,26.962000000000003
429,-2.125,-43.333000000000006,,,,,6.527380178907921,2.8869531288325825,,858.0,10,26.962000000000003
430,-1.853,-44.693000000000005,-3.893,-44.285,1.5470000000000002,-46.835,6.00800299600458,2.795771269566868,6.941707445021695,860.0,10,26.962000000000003
431,-1.479,-43.503,-2.4650000000000003,-42.483,-2.091,-41.055,1.476163947534284,2.833898350224027,3.555236650443918,862.0,10,26.962000000000003
432,-1.683,-44.795,-4.029,-44.115,0.255,-47.209,5.284457588059535,2.945062030097242,6.784096759607528,864.0,10,26.962000000000003
433,-1.3430000000000002,-44.489,-1.649,-43.095000000000006,-0.051,-46.495000000000005,3.7568076873856615,2.2546737296316253,5.708344364062071,866.0,10,26.962000000000003
434,-1.3090000000000002,-43.537000000000006,2.261,-41.701,1.173,-47.345000000000006,5.7479109248491325,2.662603753257573,13.707499627067266,868.0,10,26.962000000000003
435,-2.1590000000000003,-44.013000000000005,-0.969,-42.517,0.459,-48.025000000000006,5.6901008778403925,2.9854164313484057,11.63763932328027,870.0,10,26.962000000000003
436,-2.329,-45.98500000000001,-4.029,-43.979000000000006,-1.275,-42.211000000000006,3.2726655802266142,2.8690057629105445,4.588097215014471,872.0,10,26.962000000000003
437,-1.785,-44.897000000000006,-1.479,-42.517,-0.085,-47.719,5.385539898654545,2.6022973934229494,12.51109583944844,874.0,10,26.962000000000003
438,-1.207,-45.543000000000006,-0.7310000000000001,-41.701,0.425,-47.889,6.295052025202017,2.427683202759876,10.396753723711472,876.0,10,26.962000000000003
439,-2.363,-44.149,1.105,-42.483,-0.425,-47.175,4.935155924588401,2.670140878921708,11.678031974510638,878.0,10,26.962000000000003
440,-1.887,-44.795,1.0710000000000002,-42.789,-3.519,-46.42700000000001,5.856888593784246,3.145700456544054,9.791291191082308,880.0,10,26.962000000000003
441,-3.043,-44.659000000000006,-0.323,-41.531000000000006,0.8670000000000001,-47.379000000000005,5.9678475181592905,2.4906348019031013,12.693565225714236,882.0,10,26.962000000000003
442,-1.887,-43.911,-0.8670000000000001,-41.769000000000005,1.3430000000000002,-47.685,6.315311235402417,2.396611901597672,10.27489156496547,884.0,10,26.962000000000003
443,-1.819,-44.319,-2.975,-42.483,0.6970000000000001,-47.753,6.423121048213244,2.4539137868999403,13.790828062077903,886.0,10,26.962000000000003
444,-1.377,-44.115,-3.0770000000000004,-43.129000000000005,-2.193,-47.855,4.807965474085687,2.1190967748416814,11.095634038675692,888.0,10,26.962000000000003
445,-1.479,-44.081,-3.859,-44.251000000000005,-3.213,-46.631,2.4661135415872484,1.869401184699022,9.145985318783032,890.0,10,26.962000000000003
446,-1.207,-42.653000000000006,0.8670000000000001,-42.415000000000006,-0.221,-45.101000000000006,2.897988957880965,1.407610784584688,9.905530014923686,892.0,10,26.962000000000003
447,-0.969,-43.401,0.8330000000000001,-41.191,-1.853,-45.169,4.799904165709978,1.7250973204169036,7.644276552143853,894.0,10,26.962000000000003
448,-0.765,-43.231,-1.445,-42.483,-4.301,-44.897000000000006,3.7395363348950097,1.91813544239362,7.573635366255695,896.0,10,26.962000000000003
449,-0.8670000000000001,-43.061,-0.5950000000000001,-41.837,-2.363,-45.441,4.01430442293556,1.828445691933903,7.424110483202529,898.0,10,26.962000000000003
450,-1.3430000000000002,-41.905,-0.969,-41.089000000000006,-3.587,-46.189,5.732706516123078,2.705808217829772,6.87128015624088,900.0,10,26.962000000000003
451,-2.5330000000000004,-42.585,-0.765,-40.783,-2.363,-45.611,5.085586298550051,1.9596533637108884,7.669632868764539,902.0,10,26.962000000000003
452,-2.873,-42.789,-0.901,-42.585,-3.3830000000000005,-44.659000000000006,3.234470590374876,2.884750764929956,6.404020480457052,904.0,10,26.962000000000003
453,-0.153,-43.571000000000005,1.139,-43.027,-3.043,-43.469,4.205292855438252,1.320275900496014,5.246192867332074,906.0,10,26.962000000000003
454,0.289,-43.333000000000006,-0.8330000000000001,-44.42100000000001,-0.561,-40.579,3.851616284107232,1.591206197776331,7.666407458333285,908.0,10,26.962000000000003
455,0.119,-43.435,2.7030000000000003,-43.945,0.6970000000000001,-40.919,3.6305250309011785,1.90104304748848,9.913164847068687,910.0,10,26.962000000000003
456,-0.221,-44.047,1.445,-47.073,-0.085,-39.049,8.168566336879442,2.176535956187012,9.28059924759802,912.0,10,26.962000000000003
457,-1.003,-42.891000000000005,0.5950000000000001,-46.937000000000005,-1.037,-39.287000000000006,7.82214318457544,2.4537954556622976,8.680138742315766,914.0,10,26.962000000000003
458,-0.799,-43.027,1.649,-46.665000000000006,-0.7310000000000001,-39.899,7.172388444583855,2.233704131383887,8.841503730351942,916.0,10,26.962000000000003
459,-1.921,-44.149,0.901,-47.515,-0.051,-41.73500000000001,5.857875382764642,2.499635109218718,10.771651245174574,918.0,10,26.962000000000003
460,-1.955,-43.435,0.8330000000000001,-47.957,-0.7310000000000001,-40.647000000000006,7.475439518851049,2.57157892932945,10.896319646627548,920.0,10,26.962000000000003
461,-1.411,-43.197,1.037,-47.855,-0.8330000000000001,-39.287000000000006,8.769693495214073,2.7037378052030663,10.96050963721688,922.0,10,26.962000000000003
462,-1.0710000000000002,-43.605,1.0710000000000002,-47.855,-1.105,-37.519000000000005,10.562569384387494,3.403869744277788,13.721671683406951,924.0,10,26.962000000000003
463,-0.7310000000000001,-42.347,0.289,-47.923,-1.037,-35.105000000000004,12.886403687608114,3.6557862855330665,14.45801772635207,926.0,10,26.962000000000003
464,-0.561,-41.259,0.153,-46.121,0.255,-37.553,8.568607121347087,2.5125066252783914,9.960434824872015,928.0,10,26.962000000000003
465,-0.7310000000000001,-39.729000000000006,-0.459,-46.529,0.323,-35.479,11.077636209950208,3.4261561826383065,11.939620709484377,930.0,10,26.962000000000003
466,-0.7310000000000001,-40.817,-1.105,-45.441,0.493,-35.887,9.686718742690944,2.909025525016497,10.729104552054856,932.0,10,26.962000000000003
467,-0.5950000000000001,-40.953,-1.3430000000000002,-44.387,-1.003,-40.885000000000005,3.5184661430799644,3.0048820679637065,5.840559519264052,934.0,10,26.962000000000003
468,-0.221,-40.052,0.561,-44.387,-0.5950000000000001,-40.273,4.273327977115728,3.044313446550234,4.792158841103441,936.0,10,26.962000000000003
469,-0.017,-37.723000000000006,0.119,-35.887,0.051,-32.181000000000004,3.7066238007113697,4.560529089430258,4.587078744981321,938.0,10,26.962000000000003
470,-0.323,-39.015,0.5950000000000001,-44.387,-0.153,-31.841,12.568278322825288,3.564976264819565,14.403048733593277,940.0,10,26.962000000000003
471,-0.085,-37.485,-0.799,-42.517,0.017,-33.201,9.351668941958971,2.5212790191202346,10.13529732599866,942.0,10,26.962000000000003
472,-0.765,-36.737,-2.2950000000000004,-43.333000000000006,-0.969,-30.957,12.446833010850591,4.0436669773913465,13.190366441962574,944.0,10,26.962000000000003
473,-0.493,-35.445,-0.391,-39.967000000000006,-0.425,-30.685,9.282062270853393,2.825164070783437,9.92468492542611,946.0,10,26.962000000000003
474,0.153,-35.751000000000005,-2.2950000000000004,-42.381,-0.8330000000000001,-30.311000000000003,12.158221251482471,3.4302425423915444,13.86419001864742,948.0,10,26.962000000000003
475,-0.153,-35.581,-0.561,-39.933,-0.969,-29.971000000000004,9.970351448168715,4.239262329506713,11.29900925373502,950.0,10,26.962000000000003
476,-0.357,-36.125,-0.765,-42.517,-0.935,-29.665000000000003,12.853124289448072,4.478691419749002,13.952699982877142,952.0,10,26.962000000000003
477,-0.187,-35.785000000000004,-0.357,-40.035,0.221,-29.597,10.453991008222651,3.4193246330652864,11.25242883845354,954.0,10,26.962000000000003
478,0.085,-35.173,-0.425,-40.035,0.5950000000000001,-29.087000000000003,10.99541286173466,3.562574115790952,11.60761738429706,956.0,10,26.962000000000003
479,0.187,-35.071000000000005,-0.969,-39.865,-0.663,-30.107000000000003,9.762796730445636,3.5302990172951576,11.233780275847067,958.0,10,26.962000000000003
480,0.119,-34.561,-0.7310000000000001,-39.967000000000006,-0.663,-28.917,11.050209228788386,3.482283276706981,11.841244013729154,960.0,10,26.962000000000003
481,0.051,-31.229000000000003,-0.7310000000000001,-39.933,-0.799,-26.163,13.77016790021095,4.222803210166994,15.018391169070297,962.0,10,26.962000000000003
482,-0.187,-31.229000000000003,0.289,-38.369,-0.901,-22.627,15.7869143280123,5.126045763016928,17.09608872992288,964.0,10,26.962000000000003
483,-0.323,-28.985000000000003,-0.187,-34.595000000000006,-0.6970000000000001,-22.797,11.809017910055012,3.826454836977509,12.221506346337367,966.0,10,26.962000000000003
484,-0.391,-28.101000000000003,-0.561,-32.113,0.119,-23.647,8.493265332014538,3.451184188974297,9.13702903755543,968.0,10,26.962000000000003
485,0.085,-27.965000000000003,0.357,-32.045,0.663,-22.423,9.626864494735552,4.270629676318245,10.77570288787281,970.0,10,26.962000000000003
486,-0.017,-27.115,-0.119,-30.957,0.119,-23.477,7.483785405795653,2.2439813144448406,8.189542422926118,972.0,10,26.962000000000003
487,0.221,-25.653,0.391,-29.971000000000004,0.459,-21.233,8.738264587433823,2.595826992698661,9.522760010259136,974.0,10,26.962000000000003
488,0.119,-25.721,0.221,-29.563,0.459,-18.479000000000003,11.086554920262651,3.858762562787324,11.88204540055905,976.0,10,26.962000000000003
489,-0.187,-23.069000000000003,0.119,-27.829,0.493,-18.003,9.833115071024036,3.02303987775998,10.598972960971103,978.0,10,26.962000000000003
490,0.017,-22.423,0.221,-28.169,0.323,-17.357000000000003,10.812481121370803,4.100207665106518,11.570963304297344,980.0,10,26.962000000000003
491,-0.017,-21.947000000000003,-0.357,-26.979000000000003,-0.357,-16.745,10.234,3.50840608534163,11.883233422588733,982.0,10,26.962000000000003
492,-0.017,-20.111,-0.765,-27.013,-0.357,-13.787,13.232291562688603,4.336812068872908,13.846218580482272,984.0,10,26.962000000000003
493,0.017,-19.363000000000003,-0.7310000000000001,-27.931,-0.153,-12.563,15.378865627867356,4.259272837999819,16.427456936401082,986.0,10,26.962000000000003
494,0.119,-15.521,0.051,-26.095,0.051,-10.081,16.014000000000003,4.530072150809163,16.705751538510015,988.0,10,26.962000000000003
495,0.119,-16.558,-0.663,-22.593,-0.153,-8.823,13.779441207828423,4.436629725729509,14.519849638733556,990.0,10,26.962000000000003
496,0.289,-13.923000000000002,0.153,-18.343,0.7310000000000001,-10.013,8.350028981985632,2.511052732523633,8.65071623489805,992.0,10,26.962000000000003
497,0.119,-13.073,0.5950000000000001,-18.275,-0.425,-7.769,10.555398429239894,4.215993606632261,11.562483639337769,994.0,10,26.962000000000003
498,-0.153,-12.359000000000002,-0.357,-18.105,-0.493,-4.675000000000001,13.430688589942068,4.039200027977688,14.81813870875134,996.0,10,26.962000000000003
499,-0.051,-10.115,-0.289,-15.181,-0.629,-4.029,11.157181722997974,3.538978074691101,12.172305891328136,998.0,10,26.962000000000003
500,0.017,-9.163,0.6970000000000001,-16.269000000000002,-0.561,-3.621,12.710407861276522,4.663607103289557,13.485899033677043,1000.0,10,26.962000000000003
501,0.051,-10.047,0.7310000000000001,-16.609,0.017,-4.675000000000001,11.955339894791784,4.436943595064943,12.395603531822417,1002.0,10,26.962000000000003
502,0.187,-9.418,0.561,-15.317000000000002,-0.459,-3.723,11.638781551348062,5.167457678979825,12.378418646083556,1004.0,10,26.962000000000003
503,0.187,-8.959000000000001,0.7310000000000001,-15.997000000000002,-0.323,-0.901,15.132750311823692,4.938134539796574,16.192819823852084,1006.0,10,26.962000000000003
504,0.153,-8.075000000000001,-0.255,-16.439,0.629,-3.111,13.3572841550968,4.023442084498511,15.038729424514573,1008.0,10,26.962000000000003
505,0.187,-7.327000000000001,0.6970000000000001,-12.835,-0.085,-1.683,11.179384061745084,5.010658016371805,12.201557067800334,1010.0,10,26.962000000000003
506,0.017,-7.174,0.187,-14.059,0.561,-1.037,13.027369650086698,3.5394879025937427,14.970690274942555,1012.0,10,26.962000000000003
507,0.255,-4.539000000000001,0.221,-8.823,0.5950000000000001,-0.7310000000000001,8.10063824645935,2.9293083408797265,8.83243904906703,1014.0,10,26.962000000000003
508,0.323,-5.151000000000001,0.7310000000000001,-13.005,0.051,2.2950000000000004,15.315103656195085,4.927024451265671,16.301778593993355,1016.0,10,26.962000000000003
509,0.425,-4.675000000000001,-0.663,-11.747000000000002,-0.459,0.425,12.173709377178348,3.796981266856635,14.37580161733343,1018.0,10,26.962000000000003
510,0.357,-4.981000000000001,-0.391,-11.917000000000002,-0.5950000000000001,1.105,13.02359781320047,3.810507200385506,14.399084261863642,1020.0,10,26.962000000000003
511,0.289,-4.777,0.425,-10.455,-0.221,1.513,11.98542197838691,4.546477008942301,13.134035204807954,1022.0,10,26.962000000000003
512,0.357,-3.995,0.391,-10.761,-0.289,2.1590000000000003,12.937882361499504,4.697993228058436,13.663043139493652,1024.0,10,26.962000000000003
513,0.119,-4.199000000000001,0.493,-10.897,-0.7310000000000001,2.7030000000000003,13.65496891245088,5.4503455230756686,14.0734163540277,1026.0,10,26.962000000000003
514,-0.187,-3.893,0.425,-10.387,-0.561,4.4030000000000005,14.82283022907569,4.753255610366141,15.414250385595276,1028.0,10,26.962000000000003
515,0.051,-2.5330000000000004,0.357,-8.109,-0.5950000000000001,2.9410000000000003,11.090933414280334,4.657012135561731,11.509311812297756,1030.0,10,26.962000000000003
516,0.391,-1.853,0.187,-8.075000000000001,0.153,3.825,11.900048571329448,4.991879927362199,13.201824671467495,1032.0,10,26.962000000000003
517,0.017,-0.459,0.765,-6.035,0.6970000000000001,3.621,9.656239433651177,2.614717578337946,10.692655015176786,1034.0,10,26.962000000000003
518,-0.221,-0.561,0.561,-7.089,-0.289,7.361000000000001,14.47497841103744,5.487682568230176,15.66329960385997,1036.0,10,26.962000000000003
519,-0.085,1.513,0.5950000000000001,-3.5530000000000004,-0.425,9.095,12.689062376708534,4.351439174400093,13.57719200554266,1038.0,10,26.962000000000003
520,0.153,1.5810000000000002,0.391,-4.505,0.459,7.361000000000001,11.866194840807225,3.5337603986061525,13.723508698989182,1040.0,10,26.962000000000003
521,-0.085,4.845000000000001,0.017,-2.193,0.8330000000000001,8.857000000000001,11.080088266796434,3.217062425357744,12.453672868826562,1042.0,10,26.962000000000003
522,0.085,2.805,0.221,-6.851000000000001,0.459,12.053,18.90549814207497,5.743271188773529,19.83144405414381,1044.0,10,26.962000000000003
523,-0.051,3.995,-0.493,-2.669,0.561,8.755,11.472518991049874,3.957569412012997,13.24786597433769,1046.0,10,26.962000000000003
524,-0.119,3.825,-0.5950000000000001,-2.567,0.255,12.597,15.187804186254182,4.63968108722224,16.415041720961362,1048.0,10,26.962000000000003
525,0.085,5.151000000000001,-0.085,0.8330000000000001,0.663,10.863,10.057852852373612,4.109042932204544,11.105964594420364,1050.0,10,26.962000000000003
526,0.255,6.239000000000001,-0.119,-0.153,-0.221,8.245000000000001,8.39861941035549,5.522434811754102,8.926938410258929,1052.0,10,26.962000000000003
527,0.391,5.865,-0.629,0.8330000000000001,-0.459,12.019,11.187291718731572,3.8536916356816406,12.190451530986769,1054.0,10,26.962000000000003
528,0.289,9.197,0.085,4.335,0.085,13.855,9.52,2.9397532347839888,9.969687842955148,1056.0,10,26.962000000000003
529,0.255,7.837000000000001,-0.085,2.431,0.357,13.005,10.583233910294153,3.598098175030437,12.211535231900395,1058.0,10,26.962000000000003
530,0.153,9.095,0.255,1.513,0.663,17.323,15.81526363991445,4.5998455472579,17.889495382149413,1060.0,10,26.962000000000003
531,0.493,10.761,0.425,5.4910000000000005,0.629,18.309,12.819623239393582,3.989293363016362,13.561367574020142,1062.0,10,26.962000000000003
532,0.391,14.569,0.459,8.789000000000001,0.119,19.499,10.715395466337208,3.2617664956262846,12.100629247721349,1064.0,10,26.962000000000003
533,0.187,13.447,0.6970000000000001,8.075000000000001,0.289,21.539,13.47018039968285,5.8371745626602864,15.294191602189136,1066.0,10,26.962000000000003
534,0.425,15.929,0.391,12.053,-0.561,19.669,7.67526937638022,3.2124049139240136,9.578315149334944,1068.0,10,26.962000000000003
535,0.289,15.181,0.425,12.461,0.765,16.541,4.09414215678938,3.4099838300527234,5.032166942464489,1070.0,10,26.962000000000003
536,0.493,16.269000000000002,0.765,11.985,0.629,20.247,8.263119265749467,3.344460488661733,9.35532081569993,1072.0,10,26.962000000000003
537,0.051,17.561,0.663,11.101,-0.289,16.609,5.589666179656885,4.163112705912548,5.998615624332097,1074.0,10,26.962000000000003
538,-0.255,16.983,0.425,8.755,-0.493,16.711000000000002,8.00878642492107,5.393676896783365,8.687920971059816,1076.0,10,26.962000000000003
539,0.119,18.275,-0.085,13.039,-0.391,22.355,9.321024192651793,3.200517189317346,10.57150295083894,1078.0,10,26.962000000000003
540,0.153,18.292,-0.085,13.515,-0.357,23.069000000000003,9.557871101872006,3.7067792127769272,10.863019560636802,1080.0,10,26.962000000000003
541,0.017,18.887,0.357,13.447,-0.493,23.715000000000003,10.303122051106646,3.259395465442106,10.984718697531452,1082.0,10,26.962000000000003
542,0.187,18.139000000000003,0.527,12.835,-0.119,25.109,12.29098824342453,4.154248188225871,12.97918244832088,1084.0,10,26.962000000000003
543,0.289,18.989,0.799,16.609,-0.527,24.429,7.931625054173956,4.6497675924378985,9.67884557720924,1086.0,10,26.962000000000003
544,0.187,19.057,0.289,15.181,-0.051,24.905,9.729942240321884,4.258538393410133,10.720956052652868,1088.0,10,26.962000000000003
545,0.119,19.397,0.119,12.801,-0.221,24.021,11.225150333069042,4.042812755684469,14.538266511462862,1090.0,10,26.962000000000003
546,0.255,17.935000000000002,0.017,15.283,0.255,21.845,6.566314643694742,1.997211227866153,7.347516422569882,1092.0,10,26.962000000000003
547,0.221,17.867,,,,,6.566314643694742,1.7006115172833225,,1094.0,10,26.962000000000003
548,0.187,15.521,0.085,13.821000000000002,0.425,18.615,4.806041614468191,1.2459344266308392,5.586093140230496,1096.0,10,26.962000000000003
549,0.085,18.751,0.6970000000000001,14.297,0.8330000000000001,19.737,5.441699734457975,2.183708475021778,9.342191999476542,1098.0,10,26.962000000000003
550,0.017,19.261000000000003,0.391,11.203,-0.391,22.151000000000003,10.975893038837434,3.461889570635701,11.852016091753647,1100.0,10,26.962000000000003
551,-0.221,19.193,0.391,13.957,0.527,22.491000000000003,8.535083596544325,3.364938352252969,12.554492390894874,1102.0,10,26.962000000000003
552,-0.051,19.091,0.527,12.937,-0.5950000000000001,24.701,11.817384651436209,3.450138789507096,12.40575552696893,1104.0,10,26.962000000000003
553,0.051,15.453,0.323,9.843,-0.425,21.981,12.161025779102683,3.8162674634914726,12.542029545252706,1106.0,10,26.962000000000003
554,0.255,15.555,-0.5950000000000001,8.925,-0.255,20.315,11.395073496910848,4.3104149931185285,12.468399165813851,1108.0,10,26.962000000000003
555,0.255,14.909,-0.629,9.027,-0.119,21.845,12.82814187635918,3.5577618329505984,13.657126816829374,1110.0,10,26.962000000000003
556,0.391,13.685,-0.187,8.687000000000001,0.119,20.247,11.564049290797756,4.155395735000198,12.158167938349576,1112.0,10,26.962000000000003
557,0.255,12.665,0.323,8.075000000000001,0.799,16.575000000000003,8.513317567200229,2.756734227907672,9.261537420156072,1114.0,10,26.962000000000003
558,0.289,14.161,0.425,7.633000000000001,0.765,20.927000000000003,13.298347115337304,4.0804492844164,14.152244194577117,1116.0,10,26.962000000000003
559,0.493,14.025,0.085,7.871,0.765,21.743,13.888656666503064,4.474295487695208,14.754690896862211,1118.0,10,26.962000000000003
560,0.357,13.413,0.119,7.089,-0.221,20.485000000000003,13.40031402617118,4.68512324891876,13.947933708615388,1120.0,10,26.962000000000003
561,0.323,14.943,0.051,6.987,-0.561,14.705000000000002,7.742226294806941,5.090816529259275,8.55265172562914,1122.0,10,26.962000000000003
562,0.5950000000000001,13.379,0.357,6.817,0.425,19.057,12.240188887431437,3.8375473981614032,12.834900499722604,1124.0,10,26.962000000000003
563,0.459,13.855,0.391,6.409000000000001,0.765,20.791,14.38686206231227,4.471614808541252,15.0326925380959,1126.0,10,26.962000000000003
564,0.527,13.855,0.051,7.259,0.663,20.281,13.036373268666406,3.924605145150076,14.55251070402541,1128.0,10,26.962000000000003
565,0.187,12.665,0.221,7.939000000000001,0.153,20.995,13.056177082132429,4.097087681648074,14.364143145492102,1130.0,10,26.962000000000003
566,0.187,13.549,0.7310000000000001,6.239000000000001,0.765,19.669,13.430043037905726,4.983817853064393,14.039746558476375,1132.0,10,26.962000000000003
567,0.051,12.41,0.119,6.579000000000001,-0.391,15.419,8.854699317311685,4.739463479522129,9.23858157516812,1134.0,10,26.962000000000003
568,-0.051,13.787,0.255,6.681,-0.051,17.833000000000002,11.156197380828292,4.7744933390200215,11.9921812721785,1136.0,10,26.962000000000003
569,0.187,13.889,0.425,6.103000000000001,0.255,20.077,13.975034025003302,4.7038196108822,15.02302922131712,1138.0,10,26.962000000000003
570,0.425,12.257,0.493,7.089,0.493,16.371000000000002,9.282,3.167995369333212,9.975095177765876,1140.0,10,26.962000000000003
571,0.289,13.515,0.5950000000000001,5.865,0.085,20.111,14.25512595524852,4.272540400040236,15.415844853842506,1142.0,10,26.962000000000003
572,0.255,12.053,-0.085,6.851000000000001,-0.323,19.295,12.446275748190702,3.532983092448419,14.670559434063543,1144.0,10,26.962000000000003
573,0.391,10.625,0.051,6.511,-0.561,13.549,7.0645585849365,3.275381635884536,7.75627998896113,1146.0,10,26.962000000000003
574,0.323,12.427,0.459,10.727,-0.527,16.711000000000002,6.0646889450325485,4.229929317173706,6.857267842752338,1148.0,10,26.962000000000003
575,-0.153,11.271,0.527,6.171,-0.085,15.997000000000002,9.8450403757425,3.966955767431484,11.0483883126025,1150.0,10,26.962000000000003
576,-0.357,11.101,0.629,3.451,-0.153,16.541,13.113337637687822,4.382368201744325,14.56402894675711,1152.0,10,26.962000000000003
577,0.459,7.463000000000001,0.799,2.363,-0.629,12.087000000000002,9.82829384990091,3.0639681504293805,10.497348444511625,1154.0,10,26.962000000000003
578,0.323,7.701,0.561,2.091,-0.289,13.039,10.98094731796852,3.664293698642333,11.62998809602685,1156.0,10,26.962000000000003
579,0.255,6.341,0.629,0.289,-0.527,13.073,12.836159550270478,4.099770970795729,13.49283602687288,1158.0,10,26.962000000000003
580,0.459,5.117,0.629,-1.853,-0.119,11.577,13.450814250445958,4.467174155689668,13.831587623914944,1160.0,10,26.962000000000003
581,0.357,3.995,-0.187,-0.969,0.017,8.551,9.522185463432226,3.452581985154526,11.501684734770404,1162.0,10,26.962000000000003
582,0.323,3.3830000000000005,-0.527,-4.199000000000001,-0.051,9.469,13.676286045560763,4.225297781188082,15.439719734733998,1164.0,10,26.962000000000003
583,0.119,0.663,0.119,-4.369000000000001,0.5950000000000001,5.049,9.430021208883892,2.7339116798409444,10.328221436601888,1166.0,10,26.962000000000003
584,0.425,-1.6150000000000002,0.663,-7.497000000000001,0.425,5.219,12.718227077702302,5.064874145803228,13.363203535989596,1168.0,10,26.962000000000003
585,0.255,-1.785,0.799,-10.353000000000002,0.7310000000000001,3.281,13.634169575005291,4.613087326533635,14.299723405557492,1170.0,10,26.962000000000003
586,0.187,-4.675000000000001,0.527,-9.707,0.527,2.2950000000000004,12.002,3.4446525348956967,13.3616094494485,1172.0,10,26.962000000000003
587,0.425,-4.811,-0.323,-10.965000000000002,0.799,1.411,12.426755811554358,3.5767195303314896,13.963111758339426,1174.0,10,26.962000000000003
588,0.425,-6.1370000000000005,-0.6970000000000001,-11.611,0.527,-0.6970000000000001,10.982421044560258,3.880047781841889,11.779611704269287,1176.0,10,26.962000000000003
589,0.459,-6.613,-0.663,-12.529000000000002,0.6970000000000001,1.6150000000000002,14.209234180630569,4.241889188964626,14.952429759757466,1178.0,10,26.962000000000003
590,0.459,-6.341,0.765,-7.191000000000001,0.7310000000000001,2.5330000000000004,9.724059440377768,4.579987494823138,10.050784191711482,1180.0,10,26.962000000000003
591,-0.221,-6.375000000000001,-0.799,-13.073,-0.663,-6.817,6.257478086258074,5.218450524756118,6.58867670254245,1182.0,10,26.962000000000003
592,-0.391,-4.981000000000001,-0.6970000000000001,-12.495,0.493,1.479,14.024577569395808,3.981081158549986,15.906945722008295,1184.0,10,26.962000000000003
593,-0.255,-8.279,0.357,-13.175,-0.561,-1.785,11.426934147005486,3.484975562940471,12.83720021104306,1186.0,10,26.962000000000003
594,-0.391,-7.735,-0.6970000000000001,-16.405,-0.7310000000000001,-1.105,15.30003777773114,4.722974500153477,16.50674780247151,1188.0,10,26.962000000000003
595,0.153,-10.489,0.663,-15.827000000000002,0.187,-4.165,11.671710243147746,3.227169891884237,12.608149387557908,1190.0,10,26.962000000000003
596,-0.153,-11.764,0.5950000000000001,-18.785,0.221,-3.655,15.134621766003931,4.5774066037592895,16.28585253671573,1192.0,10,26.962000000000003
597,0.051,-12.529000000000002,-0.527,-19.771,0.5950000000000001,-7.191000000000001,12.629936025174477,4.064197994957613,14.105061640131142,1194.0,10,26.962000000000003
598,-0.051,-16.745,-0.7310000000000001,-21.811,0.255,-11.441,10.41676994082139,4.165771041250887,11.978621907463031,1196.0,10,26.962000000000003
599,-0.085,-16.439,0.051,-23.817,-0.391,-10.421,13.403289894649,4.100459858260255,16.233660127326605,1198.0,10,26.962000000000003
600,-0.051,-18.377,0.629,-22.797,-0.8670000000000001,-15.351,7.594796376467246,3.4252655077376235,9.141804538257778,1200.0,10,26.962000000000003
601,-0.187,-20.451,-0.017,-27.965000000000003,-0.663,-14.977,13.004055521259511,4.763731746696062,14.03735316376693,1202.0,10,26.962000000000003
602,-0.255,-22.559,-0.459,-28.169,-0.493,-16.847,11.322051050935958,3.600321526737635,12.75143821831798,1204.0,10,26.962000000000003
603,-0.493,-23.851000000000003,0.5950000000000001,-29.869000000000003,-0.153,-16.711000000000002,13.179243832633192,4.2436884752314485,15.279355736983796,1206.0,10,26.962000000000003
604,-0.459,-25.891,-0.765,-30.039,-0.6970000000000001,-21.097,8.942258551395168,2.5838633776675084,9.665731968672947,1208.0,10,26.962000000000003
605,-0.425,-26.860000000000003,-1.003,-34.051,-0.6970000000000001,-20.655,13.399494468076025,4.702198407603017,13.894819528875498,1210.0,10,26.962000000000003
606,-0.017,-27.523000000000003,-1.003,-33.473,-0.901,-21.199,12.274423815397611,3.436369060081803,13.179274515371253,1212.0,10,26.962000000000003
607,-0.425,-31.603,-0.901,-37.383,-0.561,-23.239,14.1480859482829,4.313341639168609,14.605205930027086,1214.0,10,26.962000000000003
608,-0.255,-32.215,-0.901,-39.899,-0.7310000000000001,-25.925,13.975034025003302,4.364605867579609,14.74948831108962,1216.0,10,26.962000000000003
609,-0.6970000000000001,-36.465,-0.561,-40.851000000000006,-0.391,-31.467,9.385539728752953,3.759990820950183,10.593856723647356,1218.0,10,26.962000000000003
610,-0.391,-36.125,0.901,-42.823,-0.459,-31.467,11.437147196744476,4.441494819960886,12.975940534019694,1220.0,10,26.962000000000003
611,0.221,-39.049,1.853,-44.795,-0.493,-33.031000000000006,11.995641375099542,3.3017404847238407,13.268526219467915,1222.0,10,26.962000000000003
612,0.289,-40.919,2.601,-44.795,-0.255,-33.541000000000004,11.610738650060126,3.467779322322452,13.31414848502145,1224.0,10,26.962000000000003
613,-0.119,-39.627,2.431,-46.257000000000005,-0.7310000000000001,-33.031000000000006,13.598724940228772,4.023144442274508,15.53383634308231,1226.0,10,26.962000000000003
614,0.493,-40.681,2.8390000000000004,-44.115,0.017,-35.139,9.409158304545633,3.015430330940421,11.59969796774998,1228.0,10,26.962000000000003
615,0.323,-43.095000000000006,1.275,-46.291,-0.7310000000000001,-40.307,6.311282912372096,3.34990817916392,7.551077149885974,1230.0,10,26.962000000000003
616,0.391,-40.817,0.969,-46.86900000000001,0.527,-36.771,10.10766877177918,3.7223745290787495,12.61889673677286,1232.0,10,26.962000000000003
617,0.153,-41.973000000000006,-1.785,-46.597,-0.255,-37.485,9.239558647467964,3.064065502850484,13.189568462867603,1234.0,10,26.962000000000003
618,-0.187,-43.469,-0.8670000000000001,-46.665000000000006,-0.425,-40.307,6.373345118538616,2.4904817707780285,9.029616273291884,1236.0,10,26.962000000000003
619,0.323,-42.007000000000005,-0.357,-47.889,0.187,-36.057,11.844499145172836,3.7463436187487353,13.8330872647427,1238.0,10,26.962000000000003
620,0.8330000000000001,-42.551,-0.629,-47.923,-1.037,-36.873000000000005,11.057529742216389,3.840101131854249,13.647536577464091,1240.0,10,26.962000000000003
621,0.969,-43.061,-0.8330000000000001,-48.297,0.153,-40.307,8.050608424212422,4.156978447902579,10.99292246909325,1242.0,10,26.962000000000003
622,1.513,-42.551,-0.357,-48.263000000000005,0.187,-40.341,7.940656144173477,4.171855978843406,11.268017520969556,1244.0,10,26.962000000000003
623,1.037,-44.013000000000005,-1.377,-48.127,0.221,-40.409000000000006,7.881695756624967,3.831815166476477,11.26498171772302,1246.0,10,26.962000000000003
624,0.935,-43.809000000000005,-1.0710000000000002,-48.059000000000005,0.425,-40.375,7.828273883813724,3.470042412493432,11.529137132180104,1248.0,10,26.962000000000003
625,1.173,-44.489,-0.935,-47.447,0.085,-40.477,7.044238780734226,2.885712040364256,11.583243035816576,1250.0,10,26.962000000000003
626,0.493,-44.659000000000006,-0.391,-47.99100000000001,2.907,-42.619,6.303585329001267,2.721737388459939,7.627049720027736,1252.0,10,26.962000000000003
627,0.7310000000000001,-44.047,-0.663,-47.141000000000005,-0.323,-40.307,6.842452484307071,2.808959934534692,10.076015423060024,1254.0,10,26.962000000000003
628,0.221,-43.843,-0.561,-41.871,2.2950000000000004,-44.693000000000005,4.0150242838618055,1.7957584224244234,10.555018831474486,1256.0,10,26.962000000000003
629,0.017,-44.693000000000005,0.085,-42.789,2.329,-45.203,3.2958962362307465,2.2151016397123056,8.003847232718298,1258.0,10,26.962000000000003
630,-0.153,-42.721,0.255,-40.375,2.601,-45.781000000000006,5.89309358486695,1.9948936504778687,11.72872580749052,1260.0,10,26.962000000000003
631,1.5470000000000002,-42.483,-0.935,-40.341,1.241,-46.937000000000005,6.945659939847329,2.743561950621962,11.54989320856896,1262.0,10,26.962000000000003
632,1.207,-41.497,-0.255,-37.553,1.377,-47.005,9.591857380090678,3.1165680279440213,13.954358716572358,1264.0,10,26.962000000000003
633,1.275,-42.075,-0.901,-37.995000000000005,2.091,-46.597,9.10749515509067,3.1319953983744293,10.081995347829585,1266.0,10,26.962000000000003
634,1.139,-42.449000000000005,0.017,-40.341,2.601,-45.645,5.899955254067611,2.63989417869832,7.931005605230881,1268.0,10,26.962000000000003
635,0.799,-42.483,0.289,-40.341,1.411,-46.733,6.489726342458518,2.751310081227638,6.906371144328902,1270.0,10,26.962000000000003
636,0.425,-42.585,,,,,6.489726342458518,2.77661910027977,,1272.0,10,26.962000000000003
637,0.629,-43.146,0.255,-40.409000000000006,0.527,-47.855,7.450966380275783,3.17432773535257,8.141460484007293,1274.0,10,26.962000000000003
638,1.139,-43.809000000000005,0.459,-40.409000000000006,1.751,-46.86900000000001,6.587933211561879,2.571801835455264,8.213501667551922,1276.0,10,26.962000000000003
639,0.255,-43.367,0.459,-39.015,-1.513,-47.753,8.957757978422949,2.798289508936518,10.00095418075799,1278.0,10,26.962000000000003
640,0.221,-44.455000000000005,2.2270000000000003,-43.29900000000001,0.323,-46.835,4.016031872383485,3.053492571916131,4.638711377857819,1280.0,10,26.962000000000003
641,0.391,-43.843,-0.085,-39.117,-2.091,-47.719,8.832804764059944,2.9882175355957856,11.997411949291422,1282.0,10,26.962000000000003
642,0.901,-43.435,-0.391,-40.375,-1.819,-47.209,6.981600103128223,2.7545034801956865,10.263874238153743,1284.0,10,26.962000000000003
643,0.187,-44.523,-1.139,-40.205000000000005,-2.2270000000000003,-47.685,7.558713117985098,3.1810764484654808,11.829577798220956,1286.0,10,26.962000000000003
644,0.782,-44.081,-0.561,-40.307,-1.921,-47.379000000000005,7.201582048411308,3.1945973486260173,11.511419753728498,1288.0,10,26.962000000000003
645,0.289,-43.741,0.085,-40.273,-0.935,-48.025000000000006,7.818817301868615,3.010570175153236,9.157189372499625,1290.0,10,26.962000000000003
646,0.085,-44.829,1.207,-43.061,-1.105,-45.713,3.5183018631152163,2.4208515871530403,4.801367380988843,1292.0,10,26.962000000000003
647,-0.459,-42.517,-1.037,-39.525000000000006,-2.397,-47.379000000000005,7.970879248865836,3.0105494377501056,9.834002728060357,1294.0,10,26.962000000000003
648,-0.969,-44.761,-2.4650000000000003,-42.959,-3.349,-46.767,3.909260799690908,2.167582659379924,11.585410908763466,1296.0,10,26.962000000000003
649,-0.187,-45.645,-0.799,-43.095000000000006,-3.621,-46.631,4.524044650531204,2.234327669146991,11.22545579380507,1298.0,10,26.962000000000003
650,1.445,-46.24,1.853,-42.993,-3.859,-45.917,6.416908913176188,2.848675926120501,11.343771856498734,1300.0,10,26.962000000000003
651,-0.119,-46.393,2.873,-44.047,-4.131,-45.475,7.148090654153737,2.560321353245342,10.542765912928193,1302.0,10,26.962000000000003
652,-0.799,-46.801,2.5330000000000004,-43.809000000000005,-4.165,-44.285,6.714892404201277,2.915537118577505,12.366295859952066,1304.0,10,26.962000000000003
653,-1.054,-46.42700000000001,1.989,-44.387,-3.3150000000000004,-44.115,5.310969779616525,2.378953970672814,10.141199810125045,1306.0,10,26.962000000000003
654,-0.085,-46.325,2.329,-44.557,-3.961,-46.053,6.465455591062397,2.6592516485958977,9.422647575136974,1308.0,10,26.962000000000003
655,-0.187,-46.087,3.1790000000000003,-44.183,-4.029,-45.645,7.354774503681266,2.3954905107507263,10.7305666068023,1310.0,10,26.962000000000003
656,1.003,-47.311,2.261,-45.815000000000005,-3.3830000000000005,-46.597,5.69791716331503,2.707464396032257,7.7919210363642435,1312.0,10,26.962000000000003
657,0.8330000000000001,-46.325,2.397,-42.075,-4.029,-45.679,7.367651729011083,2.735262173813878,12.67409174109744,1314.0,10,26.962000000000003
658,1.173,-44.795,2.057,-41.531000000000006,-3.4170000000000003,-46.665000000000006,7.5048405712579935,2.458746102346748,11.062288527346476,1316.0,10,26.962000000000003
659,0.629,-44.115,0.051,-42.789,-2.7710000000000004,-47.311,5.330306557788211,2.222201850644644,7.657631262486803,1318.0,10,26.962000000000003
660,-0.153,-43.843,-0.8670000000000001,-39.899,-2.635,-45.033,5.429896868265548,2.0600910859995936,9.424358720653226,1320.0,10,26.962000000000003
661,0.017,-43.061,-0.425,-37.689,-1.751,-45.407,7.831079108271095,2.7187285689452536,10.794230669151611,1322.0,10,26.962000000000003
662,-0.085,-43.707,-0.051,-36.295,-2.669,-46.767,10.794290527867036,3.616639473761517,13.482444653175612,1324.0,10,26.962000000000003
663,0.017,-41.73500000000001,-0.187,-36.397000000000006,1.207,-46.461000000000006,10.160085235862937,3.024216846399436,12.364455999806744,1326.0,10,26.962000000000003
664,-0.323,-40.579,0.425,-33.473,2.669,-44.897000000000006,11.642306987878303,3.978784649091775,13.666865107659556,1328.0,10,26.962000000000003
665,-0.527,-39.253,-0.323,-33.813,2.363,-44.319,10.843921430921563,2.9931792107941764,12.035459668455228,1330.0,10,26.962000000000003
666,-0.119,-39.423,-0.221,-34.119,2.567,-45.441,11.660215606925972,3.5181479183945483,12.88620836252942,1332.0,10,26.962000000000003
667,-0.017,-37.655,-0.357,-33.609,1.139,-42.449000000000005,8.965691049774133,2.383051969411171,9.571499807032827,1334.0,10,26.962000000000003
668,0.085,-37.417,0.391,-33.371,-0.629,-42.551,9.236492840900166,3.3665163801274125,9.761990923247694,1336.0,10,26.962000000000003
669,-0.085,-35.513000000000005,0.357,-30.243,-0.935,-39.967000000000006,9.80945666181364,3.0235692288338702,10.53506278009589,1338.0,10,26.962000000000003
670,-0.017,-35.411,-0.969,-28.645000000000003,-1.819,-42.551,13.931953775404224,4.4991031835490505,15.404591259480762,1340.0,10,26.962000000000003
671,-0.5950000000000001,-36.295,0.051,-29.631000000000004,-0.765,-39.899,10.300372808787069,3.45680035019518,11.32277518529731,1342.0,10,26.962000000000003
672,-0.493,-35.411,-0.119,-29.461,-0.425,-40.035,10.578426726125205,3.5041270980390853,11.48201346360156,1344.0,10,26.962000000000003
673,-0.391,-34.731,0.255,-29.495,-0.459,-41.089000000000006,11.615964531626291,3.481607172025067,12.284537521741944,1346.0,10,26.962000000000003
674,-0.391,-35.955000000000005,0.425,-28.203000000000003,-0.969,-39.899,11.778779733062336,4.615364168401577,12.284091517172866,1348.0,10,26.962000000000003
675,-0.425,-33.745000000000005,0.255,-29.427000000000003,0.051,-39.933,10.50798039587056,3.0877353261010865,11.717097072229222,1350.0,10,26.962000000000003
676,-0.255,-34.085,0.255,-29.359,-0.119,-40.035,10.682548946763596,2.762047316588926,11.607080907190424,1352.0,10,26.962000000000003
677,-0.289,-33.269000000000005,0.493,-27.965000000000003,-0.255,-39.967000000000006,12.025286192020546,3.790977250239274,12.649494519861332,1354.0,10,26.962000000000003
678,-0.391,-33.133,0.629,-27.387,-0.969,-39.933,12.647360198871542,3.8638764004057022,13.426026784196548,1356.0,10,26.962000000000003
679,-0.323,-32.079,0.629,-27.251,0.323,-36.159000000000006,8.913254175664465,3.4814686084336657,9.963950156355912,1358.0,10,26.962000000000003
680,-0.391,-31.875000000000004,0.391,-24.055000000000003,0.323,-37.043,12.988178009251335,4.289607190969631,14.095128510202688,1360.0,10,26.962000000000003
681,-0.323,-30.821,0.085,-25.517000000000003,-0.051,-38.403000000000006,12.88671765811605,3.783195657723162,14.23162998598837,1362.0,10,26.962000000000003
682,-0.459,-30.345,-0.017,-23.579,-0.323,-37.213,13.637433482880862,4.90672793008254,14.13562588054526,1364.0,10,26.962000000000003
683,0.017,-30.481,-0.391,-24.293000000000003,-1.003,-36.499,12.22133298785366,3.451627638256606,14.473364296908525,1366.0,10,26.962000000000003
684,-0.323,-28.22,-0.6970000000000001,-23.035,0.323,-36.397000000000006,13.400874747567787,4.722398274496018,14.613303631187067,1368.0,10,26.962000000000003
685,0.255,-28.305000000000003,-0.7310000000000001,-23.953000000000003,0.187,-33.099000000000004,9.191955178306737,3.53903638213445,10.70251541801242,1370.0,10,26.962000000000003
686,0.187,-29.257,-0.8330000000000001,-23.239,0.221,-33.099000000000004,9.91617446397551,3.981478598487631,10.97701653616744,1372.0,10,26.962000000000003
687,0.085,-29.631000000000004,-0.901,-22.253,-0.085,-35.377,13.149343405660986,4.367498045455789,14.596147854130749,1374.0,10,26.962000000000003
688,-0.255,-29.699,-0.6970000000000001,-20.961,-1.0710000000000002,-39.831,18.873705942395095,5.024389054234836,19.863018229352683,1376.0,10,26.962000000000003
689,-0.459,-28.288000000000004,-0.8670000000000001,-23.443,-0.799,-33.983000000000004,10.54021935255619,4.257509911955259,11.671813487771658,1378.0,10,26.962000000000003
690,-0.051,-28.883000000000003,-0.765,-21.709000000000003,-0.663,-35.105000000000004,13.396388319244856,4.021100644572971,14.437294713662745,1380.0,10,26.962000000000003
691,-0.527,-26.809,-0.221,-21.947000000000003,-0.6970000000000001,-33.031000000000006,11.094216150769734,3.752658843911592,12.1630996539269,1382.0,10,26.962000000000003
692,-0.391,-26.435,-0.493,-21.981,0.187,-30.991000000000003,9.035623940824452,2.687912566603849,10.400881364031545,1384.0,10,26.962000000000003
693,-0.357,-26.027,0.051,-20.145000000000003,-0.527,-33.235,13.10275482484504,4.308942671905589,13.807614118193491,1386.0,10,26.962000000000003
694,-0.425,-25.347,0.119,-17.867,-0.119,-31.229000000000003,13.364119424788152,3.9708968524733246,14.42390555116746,1388.0,10,26.962000000000003
695,-0.323,-24.361,-0.561,-18.989,0.051,-31.093000000000004,12.119462034265384,3.54160771778601,13.878003698844202,1390.0,10,26.962000000000003
696,-0.289,-26.027,-0.8330000000000001,-18.241,-0.153,-33.235,15.009411580738268,4.598068497610459,16.15858245687759,1392.0,10,26.962000000000003
697,-0.153,-24.735000000000003,-0.8670000000000001,-18.207,-0.935,-31.603,13.396172587720718,3.916074550726254,15.19855590262069,1394.0,10,26.962000000000003
698,-0.323,-22.389000000000003,-0.8670000000000001,-17.323,-0.459,-28.679,11.363326977606516,4.093713031157635,12.160927822323648,1396.0,10,26.962000000000003
699,-0.153,-22.083,-0.017,-17.459,-0.7310000000000001,-26.401000000000003,8.970460411818337,3.706260502550247,10.419414254454082,1398.0,10,26.962000000000003
700,-0.153,-21.437,0.085,-13.583,-0.6970000000000001,-26.707,13.14727728467001,4.65069054581117,14.161997167233118,1400.0,10,26.962000000000003
701,-0.255,-20.281,0.255,-12.699000000000002,0.119,-26.741000000000003,14.042658580197696,4.035671107536157,15.937927716946282,1402.0,10,26.962000000000003
702,-0.187,-16.881,0.5950000000000001,-11.713,-0.663,-22.559,10.918712378298093,4.537929411574048,11.861416340026487,1404.0,10,26.962000000000003
703,0.017,-16.439,0.289,-11.645,-0.6970000000000001,-20.213,8.624547524363235,3.3984362827013173,9.719139749268669,1406.0,10,26.962000000000003
704,0.119,-16.439,-0.493,-8.381,-0.6970000000000001,-20.383000000000003,12.003733585847364,4.471089266133365,13.207928531803296,1408.0,10,26.962000000000003
705,0.085,-15.317000000000002,-0.391,-8.891,0.323,-21.811,12.93971390719285,3.8885673766556295,13.4178189564719,1410.0,10,26.962000000000003
706,0.119,-13.855,-0.5950000000000001,-8.211,-0.187,-20.315,12.110874452325891,4.910213659673189,12.943821082931894,1412.0,10,26.962000000000003
707,-0.085,-14.994000000000002,0.799,-7.531000000000001,0.119,-19.023,11.512100763978744,3.82189795976374,12.816514597465556,1414.0,10,26.962000000000003
708,0.085,-11.815,0.629,-6.511,-0.425,-18.615,12.149803784423847,4.270690517242963,12.9599274665694,1416.0,10,26.962000000000003
709,0.221,-11.696000000000002,-0.629,-7.429,0.527,-16.473000000000003,9.117580380780858,2.880950316056846,10.903070009390516,1418.0,10,26.962000000000003
710,0.051,-12.325,0.221,-7.191000000000001,-0.119,-17.051000000000002,9.865860327411898,3.7417705610574377,10.712087391914032,1420.0,10,26.962000000000003
711,-0.085,-9.231,-0.425,-4.879,0.6970000000000001,-12.631,7.83277651921718,3.5286499922054,8.414108212077968,1422.0,10,26.962000000000003
712,-0.119,-8.041,,,,,7.83277651921718,4.862683471590753,,1424.0,10,26.962000000000003
713,-0.051,-7.939000000000001,-0.663,-4.4030000000000005,-0.663,-12.631,8.228,4.8201183843876105,9.578855995595324,1426.0,10,26.962000000000003
714,0.017,-4.743,-0.153,-0.425,-0.017,-9.843,9.418981898273296,3.606520740450113,11.898239827564977,1428.0,10,26.962000000000003
715,0.323,-4.165,-0.7310000000000001,3.043,-0.493,-10.149,13.194146732547733,4.768567938167209,14.225226335787996,1430.0,10,26.962000000000003
716,0.357,-3.893,-0.425,3.3150000000000004,-0.051,-10.183000000000002,13.503180366121162,4.0204119935056495,15.476188388382246,1432.0,10,26.962000000000003
717,0.017,-0.323,-0.629,3.451,-0.017,-6.273000000000001,9.74323970761266,2.6947479779093064,11.142411375281483,1434.0,10,26.962000000000003
718,0.391,-1.411,-0.153,3.791,-0.153,-6.511,10.302,3.000309978067189,12.153046808699989,1436.0,10,26.962000000000003
719,0.153,-1.921,-0.561,3.655,0.187,-7.599,11.278830613144256,3.2700758572070026,12.689682047473532,1438.0,10,26.962000000000003
720,0.323,-1.649,-0.765,4.607,0.561,-8.789000000000001,13.46146693343634,4.245569159437443,14.159047966993246,1440.0,10,26.962000000000003
721,0.153,-1.139,-0.6970000000000001,4.845000000000001,0.323,-8.755,13.638196361689475,3.9293702407880655,14.291048185241406,1442.0,10,26.962000000000003
722,0.119,-1.751,-0.663,5.117,-0.119,-8.857000000000001,13.984584798984915,4.810617461242861,14.470880921073949,1444.0,10,26.962000000000003
723,0.187,-1.207,0.221,5.219,0.051,-9.197,14.417002323645509,4.9599986743469815,15.271125536693024,1446.0,10,26.962000000000003
724,0.255,0.7310000000000001,0.357,7.157000000000001,0.391,-7.089,14.246040572734588,4.798678576424518,14.690941461592,1448.0,10,26.962000000000003
725,0.357,1.887,0.5950000000000001,9.129,-0.425,-2.7030000000000003,11.875884135507556,3.88996648713337,13.093471599104962,1450.0,10,26.962000000000003
726,0.391,4.369000000000001,0.561,10.897,0.323,-3.4170000000000003,14.31597848559434,4.021297587034128,15.901986514623498,1452.0,10,26.962000000000003
727,0.187,6.987,0.493,12.563,0.085,0.255,12.314760574205248,4.3866652843696965,13.038509365090514,1454.0,10,26.962000000000003
728,0.561,6.953,-0.017,11.339,0.561,2.567,8.79102201112021,2.7964793257218563,9.64238250575482,1456.0,10,26.962000000000003
729,0.527,7.463000000000001,-0.153,15.725,-0.459,0.629,15.099101032842984,4.837110377600608,16.599461640236193,1458.0,10,26.962000000000003
730,0.255,9.027,0.255,17.527,-0.085,5.525,12.006814898215096,4.484607487576091,12.930634998205356,1460.0,10,26.962000000000003
731,0.119,11.747000000000002,-0.017,16.133000000000003,-0.221,7.021000000000001,9.11428329601401,3.3350273947457865,10.446916731996357,1462.0,10,26.962000000000003
732,0.221,11.475,0.323,18.887,0.051,5.593,13.296782317538332,4.239064108367729,14.447191808498069,1464.0,10,26.962000000000003
733,0.289,14.025,-0.561,19.261000000000003,-0.357,9.503,9.760132171236208,3.17820799746466,10.922900475358126,1466.0,10,26.962000000000003
734,0.391,14.399,0.391,20.791,-0.221,8.925,11.881771753404458,4.845108541150746,12.501381094698644,1468.0,10,26.962000000000003
735,0.289,15.385000000000002,-0.425,19.975,-0.391,10.625,9.350061817977464,3.8824058903316314,10.268848725583338,1470.0,10,26.962000000000003
736,0.459,15.691,-0.425,22.219,-0.323,11.169,11.050470759202977,3.790613704477776,11.899296477922022,1472.0,10,26.962000000000003
737,0.187,18.853,-0.289,23.681,0.187,11.849,11.84157084174224,3.753615760290818,12.466824573319798,1474.0,10,26.962000000000003
738,0.459,19.023,-0.255,23.069000000000003,0.391,13.617,9.474049820430544,3.1802175676385174,10.57386713970187,1476.0,10,26.962000000000003
739,0.289,16.983,-0.6970000000000001,22.729000000000003,0.119,12.597,10.164805949943169,3.766898317075809,11.142379298389978,1478.0,10,26.962000000000003
740,0.085,16.201,-0.493,22.355,-0.051,14.705000000000002,7.6627582501342175,3.8192780383521368,8.611682646214533,1480.0,10,26.962000000000003
741,0.425,18.037000000000003,-0.119,21.607000000000003,-0.051,14.331,7.276317750071118,2.9822360254974867,8.834117223347384,1482.0,10,26.962000000000003
742,0.119,15.963,-0.051,19.091,0.7310000000000001,10.863,8.265077616090487,3.956185893289103,8.6187938519494,1484.0,10,26.962000000000003
743,0.051,17.187,-0.119,25.075000000000003,0.6970000000000001,10.047,15.050137540899753,4.7143338309191964,15.628078962760563,1486.0,10,26.962000000000003
744,-0.051,20.247,0.187,25.517000000000003,-0.357,15.691,9.841047301989764,3.5097452368562907,10.953744941574556,1488.0,10,26.962000000000003
745,0.119,21.692,0.901,25.381,-0.085,15.759,9.6723875025766,3.0524180725922263,11.554295366274776,1490.0,10,26.962000000000003
746,-0.051,20.213,0.289,25.415000000000003,-0.153,16.677,8.749171846523534,3.7063971673650182,10.335148438886057,1492.0,10,26.962000000000003
747,0.391,20.077,-0.663,22.151000000000003,-0.153,16.473000000000003,5.700858181010997,3.960295025699848,6.89366515987026,1494.0,10,26.962000000000003
748,0.527,22.355,0.8670000000000001,28.781,-0.153,16.507,12.316309349801182,3.79427182651261,13.19224349931925,1496.0,10,26.962000000000003
749,0.323,25.687,0.255,29.767000000000003,-0.085,18.411,11.36108868022779,3.3060900770646944,12.555947385970653,1498.0,10,26.962000000000003
750,0.459,25.381,0.5950000000000001,29.393,0.459,18.955,10.43888595588629,4.247465260831853,11.328689267887285,1500.0,10,26.962000000000003
751,0.289,27.047,-0.153,31.739,0.119,23.273000000000003,8.470368350904227,2.997619391578918,9.86286133729742,1502.0,10,26.962000000000003
752,0.459,26.537000000000003,-0.5950000000000001,31.705,0.493,20.689,11.0695980053478,3.339659678332473,13.381481775655942,1504.0,10,26.962000000000003
753,0.357,26.707,0.527,27.149,0.119,21.675,5.489183910200132,4.325297399912369,6.1109279668335645,1506.0,10,26.962000000000003
754,0.357,31.467,0.6970000000000001,36.023,0.459,27.081000000000003,8.94516673964214,2.6619864529663557,9.9529982782988,1508.0,10,26.962000000000003
755,0.357,34.051,-0.017,38.913,0.527,27.897,11.029423919679576,4.252654966840161,11.902392571569896,1510.0,10,26.962000000000003
756,0.289,34.357,-0.459,36.737,0.7310000000000001,30.889000000000003,5.9678475181592905,2.0748567578465256,8.097958359790468,1512.0,10,26.962000000000003
757,0.187,31.807,-0.323,39.049,0.629,29.053,10.041231000231,3.6193540833511766,11.016349671882532,1514.0,10,26.962000000000003
758,0.153,34.527,-0.323,39.117,-0.153,30.617,8.501699830033992,3.074539792783808,9.278153092010836,1516.0,10,26.962000000000003
759,-0.017,33.337,-0.323,39.287000000000006,0.527,28.237,11.082644088844503,4.363060535633522,11.745075774358192,1518.0,10,26.962000000000003
760,-0.051,35.309000000000005,-0.7310000000000001,40.035,0.017,30.447000000000003,9.61713304472804,3.6570807427616105,9.969982010607872,1520.0,10,26.962000000000003
761,-0.221,35.343,-0.459,39.797,0.051,30.481,9.329949410366597,2.9354575311683924,10.356470780761631,1522.0,10,26.962000000000003
762,-0.085,35.547000000000004,0.085,41.123000000000005,-0.5950000000000001,30.855000000000004,10.290491922158049,3.917576075923478,11.137300105783911,1524.0,10,26.962000000000003
763,0.017,36.125,0.493,44.115,-0.561,30.685,13.471296002983529,5.829344274158687,13.77197879815739,1526.0,10,26.962000000000003
764,0.153,39.78,1.411,45.101000000000006,0.663,34.323,10.803924657271542,3.0430150234598714,12.464047485222247,1528.0,10,26.962000000000003
765,0.085,41.973000000000006,1.173,47.175,0.459,34.595000000000006,12.60024587061697,3.9552431730375233,13.621930382901844,1530.0,10,26.962000000000003
766,-0.289,41.225,0.8670000000000001,47.54900000000001,0.085,35.377,12.197094244122246,3.9142834122669865,14.062665195995264,1532.0,10,26.962000000000003
767,0.221,42.415000000000006,1.241,48.059000000000005,0.085,34.663000000000004,13.445785659454788,4.143100697667748,15.225467462164907,1534.0,10,26.962000000000003
768,0.8330000000000001,43.571000000000005,1.139,42.891000000000005,0.357,35.751000000000005,7.18269615116775,3.9261767636834057,7.599237782841108,1536.0,10,26.962000000000003
769,0.5950000000000001,43.571000000000005,0.085,47.889,0.459,35.615,12.279696738926416,4.386011662551694,13.846496526643316,1538.0,10,26.962000000000003
770,0.527,42.755,-0.085,47.413,0.527,37.315000000000005,10.116528455947725,3.511836802683152,12.18213535707501,1540.0,10,26.962000000000003
771,0.799,43.775000000000006,-0.901,46.393,0.391,39.865,6.654626060117879,2.625771350266259,9.917929491208506,1542.0,10,26.962000000000003
772,0.119,44.353,-2.431,46.461000000000006,1.3090000000000002,43.401,4.832307937207644,3.8160174037454384,6.55469372179538,1544.0,10,26.962000000000003
773,0.221,41.939,-3.0770000000000004,46.597,-0.561,40.885000000000005,6.241570315233179,2.7359273833065934,10.739089632018832,1546.0,10,26.962000000000003
774,0.629,42.925,-1.513,42.755,2.125,45.509,4.562845603348858,1.6293257310647795,11.233359037332876,1548.0,10,26.962000000000003
775,-0.085,43.29900000000001,-2.975,43.061,3.791,45.237,7.107301316252183,2.1025311650044016,11.640308597081216,1550.0,10,26.962000000000003
776,-1.173,43.775000000000006,-2.669,44.149,2.669,43.401,5.3901528735278,1.7823758792213702,8.176786798765828,1552.0,10,26.962000000000003
777,-0.7310000000000001,44.285,-3.621,44.965,3.281,45.169,6.905014120188315,1.9296508034501512,8.634530953448438,1554.0,10,26.962000000000003
778,-0.119,43.537000000000006,-0.663,42.687000000000005,1.105,45.441,3.2726655802266142,0.9844711901135396,4.588670487023324,1556.0,10,26.962000000000003
779,-1.105,42.619,0.765,43.741,1.275,42.279,1.5484004649960554,1.1188964000312591,,1558.0,10,26.962000000000003
780,-0.459,42.279,-0.323,43.741,2.9410000000000003,42.891000000000005,3.372861692984164,1.4776045100791164,6.925345044610641,1560.0,10,26.962000000000003
781,-0.391,42.279,-1.887,42.211000000000006,2.5330000000000004,42.211000000000006,4.42,1.5083961554935468,5.120578446055132,1562.0,10,26.962000000000003
782,-0.561,42.619,-0.969,44.591,2.635,42.245000000000005,4.300294408526002,1.5460498684302628,6.295280520521574,1564.0,10,26.962000000000003
783,-1.3090000000000002,43.231,-3.213,45.577000000000005,2.601,43.129000000000005,6.308351607195021,1.7395406863263116,9.434151142140497,1566.0,10,26.962000000000003
784,-0.663,43.503,-0.459,46.393,3.145,44.081,4.281840725669277,1.9575266826736517,12.260754828794088,1568.0,10,26.962000000000003
785,-0.7310000000000001,43.214000000000006,-0.5950000000000001,46.563,3.145,43.537000000000006,4.810849820977579,1.8714728139444967,9.8350668174625,1570.0,10,26.962000000000003
786,-1.853,43.741,-2.057,47.073,2.669,42.143,6.8293466744630855,2.411957582496406,9.84863005050212,1572.0,10,26.962000000000003
787,-2.193,43.792,-1.6150000000000002,48.535,2.567,42.823,7.079270301379938,2.930862596564974,11.70561546699959,1574.0,10,26.962000000000003
788,-1.411,44.013000000000005,-2.635,47.413,1.785,42.143,6.87817563020893,2.262313882575408,8.304832131120394,1576.0,10,26.962000000000003
789,-1.207,42.585,-3.451,46.529,2.669,42.279,7.450966380275783,2.361777949810381,9.581100054546342,1578.0,10,26.962000000000003
790,-2.567,42.755,-2.363,48.093,1.6150000000000002,41.633,7.586572612187931,3.059630653876862,11.311554140332582,1580.0,10,26.962000000000003
791,-0.935,44.897000000000006,-0.187,45.543000000000006,3.1790000000000003,43.027,4.202405501614522,2.396783730158909,13.73051527035905,1582.0,10,26.962000000000003
792,-1.3090000000000002,44.86300000000001,-0.629,47.073,2.975,42.687000000000005,5.676778311683486,2.3358870030572554,12.758322492905924,1584.0,10,26.962000000000003
793,-1.3090000000000002,44.965,-1.275,43.843,1.649,42.007000000000005,3.4526326187418204,2.2523751098417004,4.192999505029634,1586.0,10,26.962000000000003
794,-1.275,44.727,-0.765,48.297,1.6150000000000002,41.497,7.204470834141811,2.505591351468221,11.247093704515922,1588.0,10,26.962000000000003
795,-2.4650000000000003,44.523,-3.621,44.965,1.717,42.483,5.8868130597123605,1.944772221185772,8.3517950999419,1590.0,10,26.962000000000003
796,-1.5810000000000002,45.135000000000005,-3.3150000000000004,45.883,0.493,40.239,6.808494694130268,2.199382035806552,9.217403441967075,1592.0,10,26.962000000000003
797,-1.241,44.557,-1.649,43.367,0.493,40.409000000000006,3.652112813153504,2.1028853466017545,6.348850099215865,1594.0,10,26.962000000000003
798,0.7310000000000001,46.121,-0.425,48.43300000000001,-0.6970000000000001,37.689,10.74744248647091,3.6310338489558007,14.046203037702742,1596.0,10,26.962000000000003
799,0.7310000000000001,44.455000000000005,-0.119,47.243,-0.629,40.511,6.7512905432961485,2.111917225742596,9.15568718039674,1598.0,10,26.962000000000003
800,0.119,44.693000000000005,-3.0090000000000003,47.209,-1.445,41.497,5.922249572586417,2.4201137255577985,12.896370333686765,1600.0,10,26.962000000000003
801,0.255,45.781000000000006,-3.111,46.631,-1.275,41.361,5.580662684663893,2.717376004068135,12.779158043326742,1602.0,10,26.962000000000003
802,0.221,45.475,-2.5330000000000004,46.631,0.5950000000000001,43.673,4.3051304277570965,2.129940475951243,8.711635232722884,1604.0,10,26.962000000000003
803,0.051,46.291,-0.459,46.461000000000006,-0.017,40.919,5.559597827181388,2.708137753491062,11.456579770990189,1606.0,10,26.962000000000003
804,0.7310000000000001,46.563,-0.7310000000000001,48.739,-0.255,39.015,9.73564337884251,3.23290036628884,11.61290930974893,1608.0,10,26.962000000000003
805,0.323,46.291,-0.017,44.591,0.153,43.741,0.8668333173107735,1.301439532392245,1.317372044523957,1610.0,10,26.962000000000003
806,-0.391,45.169,-1.139,48.501000000000005,1.785,45.203,4.407559415368103,1.7060206045565132,8.646234921340133,1612.0,10,26.962000000000003
807,-1.513,45.033,0.255,44.013000000000005,0.357,47.481,3.469499675745769,2.055899616538213,10.371473095545465,1614.0,10,26.962000000000003
808,-2.0740000000000003,44.064,0.425,43.503,-0.357,48.501000000000005,5.058806973981119,2.5309635386671787,12.385235778910229,1616.0,10,26.962000000000003
809,-1.5470000000000002,43.877,0.663,42.993,-1.275,48.603,5.9353133025982725,2.537360117317738,11.552858631487195,1618.0,10,26.962000000000003
810,-1.037,44.353,0.935,42.075,-1.3090000000000002,48.467000000000006,6.774452007358234,2.5032784184821493,11.226082730606583,1620.0,10,26.962000000000003
811,-1.479,44.387,1.6150000000000002,42.789,-0.5950000000000001,48.195,5.840285609454387,2.603853467293208,12.518990269668462,1622.0,10,26.962000000000003
812,-1.751,43.707,1.6150000000000002,43.061,-1.853,47.855,5.916879245007456,2.820408807320822,11.379855475946307,1624.0,10,26.962000000000003
813,-1.5810000000000002,44.693000000000005,-0.221,41.667,1.751,47.753,6.397513579508839,2.9710484723009665,12.04057117517953,1626.0,10,26.962000000000003
814,-0.357,44.489,-0.765,41.497,-0.425,48.399,6.91036930995732,2.484622569136425,9.58185413616461,1628.0,10,26.962000000000003
815,-0.323,44.523,0.425,41.157,-1.989,48.331,7.569258352044803,2.426582368725317,10.852816662678258,1630.0,10,26.962000000000003
816,0.527,44.013000000000005,1.0710000000000002,42.211000000000006,-2.2950000000000004,47.617,6.368264441745491,1.7898324267073198,7.69365659612419,1632.0,10,26.962000000000003
817,-0.425,42.585,-0.221,41.327000000000005,-0.187,43.741,2.414239424746436,1.049165634174586,3.423886398422623,1634.0,10,26.962000000000003
818,-0.221,42.823,-0.085,44.183,0.5950000000000001,45.237,1.2543189387073768,1.6241328798888957,1.825271811373016,1636.0,10,26.962000000000003
819,0.255,43.197,-0.8670000000000001,41.769000000000005,3.0770000000000004,45.951,5.748413694229043,2.385464395848968,12.12349525107271,1638.0,10,26.962000000000003
820,0.17,45.271,-1.3090000000000002,45.169,2.975,47.243,4.759635700345144,1.802702680845205,7.28787800206026,1640.0,10,26.962000000000003
821,-0.561,45.135000000000005,1.6150000000000002,43.979000000000006,0.221,45.611,2.146313117883782,1.4022890230681522,4.87900800063505,1642.0,10,26.962000000000003
822,-0.8670000000000001,45.305,0.629,48.297,-0.561,43.877,4.577390086064328,1.4115016967838607,7.478516776165739,1644.0,10,26.962000000000003
823,-0.391,45.781000000000006,1.0710000000000002,45.373000000000005,0.425,44.86300000000001,0.823052853709894,1.2793014040773296,1.2645207462929138,1646.0,10,26.962000000000003
824,-0.085,44.897000000000006,2.2950000000000004,46.087,-1.6150000000000002,45.679,3.9312293242699545,1.919156045807192,9.89093180858661,1648.0,10,26.962000000000003
825,-0.357,44.387,3.281,46.937000000000005,-1.3430000000000002,46.529,4.641965101118275,2.522244529327786,12.320569937526054,1650.0,10,26.962000000000003
826,0.187,44.659000000000006,-0.085,46.767,-1.819,47.277,1.8074446049602737,2.228096212953385,12.967697710880346,1652.0,10,26.962000000000003
827,0.289,44.625,-1.989,46.665000000000006,0.8330000000000001,48.603,3.4233796166945907,2.588129592426541,13.807370334808466,1654.0,10,26.962000000000003
828,0.357,44.659000000000006,-3.043,43.027,3.3150000000000004,44.047,6.439298408988359,2.416566634286174,11.201137115923858,1656.0,10,26.962000000000003
829,1.5810000000000002,44.251000000000005,-3.0770000000000004,42.857000000000006,2.4650000000000003,42.857000000000006,5.542000000000001,2.015324070951856,10.592440875288062,1658.0,10,26.962000000000003
830,1.887,44.047,-2.057,42.891000000000005,3.4170000000000003,44.149,5.616692977188624,1.7099253703619828,7.229498067009473,1660.0,10,26.962000000000003
831,0.391,42.755,-1.751,43.265,-0.187,39.525000000000006,4.053849528534576,1.804845912830448,9.216518999840105,1662.0,10,26.962000000000003
832,-0.051,40.511,0.527,42.925,-0.493,38.641000000000005,4.403754761564272,2.24089649149745,8.076039792812857,1664.0,10,26.962000000000003
833,0.153,41.157,,,,,4.403754761564272,2.085171073835151,,1666.0,10,26.962000000000003
834,0.255,41.055,-0.561,44.489,-0.425,36.703,7.787187682340782,2.582514335658848,8.75648783644508,1668.0,10,26.962000000000003
835,0.051,39.185,0.901,42.415000000000006,-0.153,35.003,7.486565300590118,2.5369759727453367,9.57245162979813,1670.0,10,26.962000000000003
836,-0.221,39.831,-0.255,43.537000000000006,0.289,34.289,9.263986183063963,3.0085912416518887,10.71091093469908,1672.0,10,26.962000000000003
837,-0.323,39.134,-0.527,39.967000000000006,0.459,32.011,8.016865472240383,4.1212805574253,8.490605011642742,1674.0,10,26.962000000000003
838,0.289,38.165000000000006,-0.663,41.191,-0.357,32.793,8.403573049602176,3.2539416832322163,9.444951134540332,1676.0,10,26.962000000000003
839,0.051,36.805,-0.6970000000000001,43.401,-0.629,31.977000000000004,11.42420237915978,3.6498013438694143,12.41708760650969,1678.0,10,26.962000000000003
840,0.323,37.383,-0.357,41.327000000000005,-0.629,33.201,8.130551026836988,3.330414778137449,11.021980121142883,1680.0,10,26.962000000000003
841,0.221,36.941,-0.663,41.089000000000006,-0.6970000000000001,35.683,5.406106917181716,3.081142932780862,12.070316918786768,1682.0,10,26.962000000000003
842,0.119,37.145,-1.6150000000000002,42.857000000000006,-0.323,38.233,4.801108205404248,2.3045118011165133,13.133371476039969,1684.0,10,26.962000000000003
843,-0.255,39.219,-2.193,42.245000000000005,-0.187,42.891000000000005,2.107451541554396,2.267735017591862,3.351219253282158,1686.0,10,26.962000000000003
844,0.119,40.715,-1.5810000000000002,43.843,-1.411,44.115,0.3207553584899245,2.0497356939303177,0.6888424655283111,1688.0,10,26.962000000000003
845,-0.493,41.361,-3.655,45.98500000000001,-0.323,41.259,5.782499459576282,2.939968784025624,7.063986068573461,1690.0,10,26.962000000000003
846,-0.391,42.755,-3.281,42.959,-1.785,42.109,1.7206150063276793,1.9875359506706625,2.139607207048648,1692.0,10,26.962000000000003
847,0.5950000000000001,44.387,-3.0090000000000003,44.965,0.289,40.919,5.21985823562288,2.5334767611516744,14.089164052637209,1694.0,10,26.962000000000003
848,1.3430000000000002,45.509,-3.655,45.101000000000006,3.111,44.455000000000005,6.7967692325104,2.622099829861473,9.895468634854558,1696.0,10,26.962000000000003
849,1.275,44.999,-3.451,45.101000000000006,3.689,44.047,7.217375977458844,2.610816885863655,10.415480763313624,1698.0,10,26.962000000000003
850,0.969,44.897000000000006,-2.907,45.033,3.111,44.455000000000005,6.045693343198942,2.1007798600788283,9.219588548138187,1700.0,10,26.962000000000003
851,-0.272,45.509,-2.4650000000000003,47.957,3.655,45.033,6.782637834942981,2.175236335813412,11.166574907526153,1702.0,10,26.962000000000003
852,-0.051,45.169,-2.669,47.923,3.825,45.169,7.053832433507335,2.4578764937044912,11.15442570483291,1704.0,10,26.962000000000003
853,-0.323,44.625,-2.975,47.447,-2.9410000000000003,47.617,0.1733666634621546,2.510564287448558,0.1839579261338876,1706.0,10,26.962000000000003
854,-1.139,45.203,-2.2270000000000003,47.855,1.241,45.373000000000005,4.264662706475156,1.7780289366813962,7.428832456398794,1708.0,10,26.962000000000003
855,-1.5470000000000002,44.659000000000006,-2.5330000000000004,47.889,1.3090000000000002,44.251000000000005,5.29112540013937,2.54323800373764,9.186527480274348,1710.0,10,26.962000000000003
856,-1.683,44.965,-2.4650000000000003,47.99100000000001,2.1590000000000003,45.951,5.054005935888877,2.6100753664919503,11.44924285972326,1712.0,10,26.962000000000003
857,0.7310000000000001,44.42100000000001,-2.669,47.923,1.5810000000000002,45.713,4.790260953225826,2.239962605313782,12.860288310392692,1714.0,10,26.962000000000003
858,-0.051,44.081,-2.2950000000000004,47.345000000000006,2.1590000000000003,45.373000000000005,4.871026585844097,2.8237286060461915,14.023140124265478,1716.0,10,26.962000000000003
859,-2.635,45.373000000000005,-2.057,47.957,-1.445,44.523,3.4881083698761426,1.9951417764429944,5.691329522654801,1718.0,10,26.962000000000003
860,-1.513,43.741,-1.649,48.297,-0.493,43.29900000000001,5.1299454188129525,2.411458787548017,10.943533564716011,1720.0,10,26.962000000000003
861,-1.3430000000000002,44.115,,,,,5.1299454188129525,2.280338766255771,,1722.0,10,26.962000000000003
862,-2.363,44.217000000000006,-3.4850000000000003,46.767,0.289,43.367,5.079672824109837,2.072766660307102,7.205220125188321,1724.0,10,26.962000000000003
863,-1.853,45.203,-2.7710000000000004,47.039,0.935,45.441,4.0358443973969065,1.875232616328261,9.40239585874469,1726.0,10,26.962000000000003
864,-1.819,45.169,-2.907,46.937000000000005,1.683,42.653000000000006,6.278595065777057,2.4188057337122544,8.246022538860641,1728.0,10,26.962000000000003
865,-1.411,45.033,-2.329,47.889,0.289,42.347,6.129248567320468,2.446217736052358,6.7428818133703725,1730.0,10,26.962000000000003
866,-1.921,46.495000000000005,-1.887,47.617,-1.0710000000000002,46.835,1.130212369424437,1.8395662626778653,3.348497678609525,1732.0,10,26.962000000000003
867,-1.445,46.053,-3.0090000000000003,46.699000000000005,-2.873,43.333000000000006,3.368746354357953,2.1645191255123035,3.441174700624709,1734.0,10,26.962000000000003
868,-2.9410000000000003,45.203,-3.3150000000000004,44.86300000000001,-3.2470000000000003,42.925,1.9391926154974912,1.8082876366758505,1.9653250200903172,1736.0,10,26.962000000000003
869,-2.907,44.455000000000005,-3.3150000000000004,46.42700000000001,-3.3150000000000004,44.557,1.87,1.215208401813047,1.8960768031507849,1738.0,10,26.962000000000003
870,-2.8390000000000004,45.645,-2.329,47.923,-2.9410000000000003,42.755,5.204110682912115,1.5151295517489938,5.530943418835353,1740.0,10,26.962000000000003
871,-3.0090000000000003,43.605,-2.635,47.685,-1.003,41.259,6.630000000000001,2.604183245968205,8.164871787024323,1742.0,10,26.962000000000003
872,-1.683,44.523,-3.1790000000000003,46.903000000000006,-0.663,40.647000000000006,6.742980943173428,2.288701517304574,7.306184685191922,1744.0,10,26.962000000000003
873,-0.6970000000000001,41.905,-2.567,44.795,-0.629,38.573,6.516834200745022,2.6005301930753166,7.524257024796656,1746.0,10,26.962000000000003
874,-0.085,43.29900000000001,-2.907,45.543000000000006,-0.323,38.709,7.3062036653791695,2.577216809233763,9.474034816566723,1748.0,10,26.962000000000003
875,-0.425,42.687000000000005,-2.805,47.277,-0.6970000000000001,38.267,9.253310974997005,2.671967626192325,10.56150179288982,1750.0,10,26.962000000000003
876,-0.255,42.755,-2.635,47.447,-0.629,37.961000000000006,9.695784238523464,2.9201896725022585,10.92598695660057,1752.0,10,26.962000000000003
877,-0.289,39.831,-0.8670000000000001,43.129000000000005,-0.221,36.329,6.830616077631652,2.436963982378249,7.198206287468323,1754.0,10,26.962000000000003
878,-1.139,44.489,-0.935,47.311,-0.7310000000000001,39.423,7.890637490089126,2.5777221109905537,10.002047168227794,1756.0,10,26.962000000000003
879,0.051,44.42100000000001,-3.3150000000000004,47.107000000000006,-0.5950000000000001,36.295,11.148889810200837,3.808157836936139,13.891390892462192,1758.0,10,26.962000000000003
880,-0.051,43.29900000000001,-2.975,47.413,0.017,38.267,9.62296108274371,2.8902844840920907,11.17196334365051,1760.0,10,26.962000000000003
881,0.561,41.871,0.663,44.115,0.663,38.097,6.018000000000001,3.004130736742945,6.681418983881953,1762.0,10,26.962000000000003
882,-0.357,39.729000000000006,-0.187,44.761,0.6970000000000001,36.159000000000006,8.647303625986543,2.615440289964401,9.387838322813865,1764.0,10,26.962000000000003
883,-0.425,41.225,,,,,8.647303625986543,3.3662810732420883,,1766.0,10,26.962000000000003
884,-0.425,40.681,-1.887,44.081,0.017,36.873000000000005,7.455231720074166,2.343773440558132,8.885626641894309,1768.0,10,26.962000000000003
885,-0.051,38.131,-3.0770000000000004,44.42100000000001,0.8670000000000001,33.609,11.508887000922376,3.212013825462659,12.98729841324943,1770.0,10,26.962000000000003
886,-0.153,38.811,-2.4650000000000003,45.135000000000005,-0.119,30.617,14.706326529762626,4.400901006764858,15.819490407547722,1772.0,10,26.962000000000003
887,-0.017,38.879000000000005,-1.5470000000000002,42.143,-0.527,35.751000000000005,6.472871387568271,1.972131967548597,8.359735570303467,1774.0,10,26.962000000000003
888,0.017,38.607,-0.323,41.973000000000006,0.663,34.595000000000006,7.443593218332126,2.3629862591669686,8.04172440912017,1776.0,10,26.962000000000003
889,-0.051,39.253,0.561,44.251000000000005,0.289,33.541000000000004,10.71345341148222,3.994131615890773,11.327955433169796,1778.0,10,26.962000000000003
890,-0.051,38.913,-0.221,42.959,-0.5950000000000001,34.119,8.847908001330033,2.667988708686886,10.43002776759355,1780.0,10,26.962000000000003
891,0.119,37.485,0.119,43.027,-0.5950000000000001,31.161,11.887461966290363,3.551405009253233,13.118178660811546,1782.0,10,26.962000000000003
892,0.119,36.907,-0.153,42.381,0.493,31.365,11.034925101694167,3.258316183363319,11.72004530430094,1784.0,10,26.962000000000003
893,-0.221,37.281000000000006,-1.105,44.829,0.6970000000000001,30.515,14.426981666308446,4.201109311883054,15.605829092731444,1786.0,10,26.962000000000003
894,0.051,36.805,0.6970000000000001,42.993,0.6970000000000001,29.325000000000003,13.668,4.69786091901104,14.588249036224706,1788.0,10,26.962000000000003
895,-0.187,36.839000000000006,-0.5950000000000001,41.055,0.663,29.971000000000004,11.155161137339077,3.646705179911828,11.597179884671158,1790.0,10,26.962000000000003
896,0.119,35.955000000000005,-0.187,41.361,-0.119,31.263,10.098228953633406,2.9130462610762526,11.73436221047066,1792.0,10,26.962000000000003
897,0.391,36.125,-0.357,41.293000000000006,0.119,28.271,13.030696834782091,4.170033227751787,13.682829843662631,1794.0,10,26.962000000000003
898,-0.221,36.023,-0.017,41.701,0.051,31.331000000000003,10.370222948423049,3.024615518419484,11.358013796474085,1796.0,10,26.962000000000003
899,-0.136,35.139,0.799,42.959,0.357,29.631000000000004,13.335327067605055,4.056393330109605,14.518492469137405,1798.0,10,26.962000000000003
900,-0.085,36.125,-0.221,42.789,-0.051,30.583,12.207183786606969,3.195497988878575,13.180705829486914,1800.0,10,26.962000000000003
901,0.051,35.445,-0.425,39.967000000000006,0.187,31.433000000000003,8.555916081869903,3.158724486587205,9.064649378687395,1802.0,10,26.962000000000003
902,0.153,37.111,-0.935,42.857000000000006,0.085,30.481,12.417961829543527,3.6020328834062365,13.21585722886635,1804.0,10,26.962000000000003
903,-0.323,34.595000000000006,-0.221,39.185,0.6970000000000001,30.821,8.41422723724526,2.3159494954713,9.141858036082889,1806.0,10,26.962000000000003
904,-0.459,35.309000000000005,-0.357,40.885000000000005,0.527,28.305000000000003,12.611021211622797,3.376312597904298,13.09173064597966,1808.0,10,26.962000000000003
905,-0.187,34.901,0.017,38.777,0.187,31.569000000000003,7.2100044382788,2.010321841862123,7.785094087329185,1810.0,10,26.962000000000003
906,-0.255,35.445,0.459,39.967000000000006,0.493,30.515,9.452061150881326,2.9556336219427077,10.672632728486482,1812.0,10,26.962000000000003
907,-0.153,34.799,0.289,38.471,0.017,31.161,7.315058714733602,2.303410418571552,7.985438590139451,1814.0,10,26.962000000000003
908,0.187,33.881,-0.221,40.341,0.323,29.733,10.62193955923305,3.2369580084230263,12.018948574370263,1816.0,10,26.962000000000003
909,0.153,35.173,-0.323,39.933,-0.561,28.475,11.460471543527344,3.644250369701485,13.1452584695093,1818.0,10,26.962000000000003
910,-0.221,34.527,0.017,41.599,-0.5950000000000001,29.223000000000003,12.391122628720936,3.3960484199664727,13.704864341994542,1820.0,10,26.962000000000003
911,-0.017,32.147000000000006,-0.357,39.321000000000005,-0.289,27.081000000000003,12.240188887431437,3.853472733688774,12.905449484637328,1822.0,10,26.962000000000003
912,0.017,34.935,0.323,42.109,-0.527,27.523000000000003,14.61074590840591,3.823095459307925,15.563381178454517,1824.0,10,26.962000000000003
913,-0.051,33.235,-0.7310000000000001,40.545,-0.5950000000000001,27.693,12.852719556576345,3.286291523293472,13.592366855468816,1826.0,10,26.962000000000003
914,-0.289,34.255,-0.527,39.933,-0.289,26.775,13.160152278754223,4.490789462889572,13.5248442536448,1828.0,10,26.962000000000003
915,-0.051,32.419000000000004,-0.459,37.281000000000006,-0.5950000000000001,27.557,9.72495100244726,3.154294944189744,10.40776287405814,1830.0,10,26.962000000000003
916,-0.187,31.025,-0.629,37.927,-0.663,23.545,14.382040189069144,4.4615830704654575,14.90772701706943,1832.0,10,26.962000000000003
917,0.085,32.113,0.493,36.669,-0.323,26.027,10.673238496351518,3.905230188910506,12.427604582684346,1834.0,10,26.962000000000003
918,-0.153,31.569000000000003,-0.6970000000000001,34.187000000000005,-0.527,25.109,9.07959162077238,4.117254427549483,10.161687578589996,1836.0,10,26.962000000000003
919,0.119,27.081000000000003,0.391,32.487,0.017,22.593,9.901066205212448,3.4428899747344865,10.335496464832332,1838.0,10,26.962000000000003
920,-0.085,27.795,0.7310000000000001,30.515,0.8330000000000001,20.859,9.656538717366592,4.535375471514198,10.451031946639608,1840.0,10,26.962000000000003
921,0.085,23.545,0.391,29.155,0.663,19.737,9.421926979126937,3.005468495991499,10.41257239296135,1842.0,10,26.962000000000003
922,-0.136,23.953000000000003,0.527,28.033,0.8330000000000001,20.009,8.029832625901987,3.837124291878659,9.1869275594168,1844.0,10,26.962000000000003
923,-0.357,23.375,-0.153,27.829,0.629,16.711000000000002,11.145467598983904,4.9644936622146725,12.01130857120891,1846.0,10,26.962000000000003
924,-0.119,22.967,0.357,26.265,0.527,16.269000000000002,9.997445473719775,4.428393364630961,10.611569374516469,1848.0,10,26.962000000000003
925,0.289,19.329,0.085,23.851000000000003,0.8670000000000001,14.535000000000002,9.348763554609777,3.3038089083367925,10.417178607921082,1850.0,10,26.962000000000003
926,0.323,19.397,-0.255,24.565,0.6970000000000001,12.563,12.039697172271405,4.300554264021162,13.138526367651323,1852.0,10,26.962000000000003
927,0.323,16.031000000000002,0.119,20.179,-0.221,14.161,6.027596867740908,3.4375132731262434,7.827856862194634,1854.0,10,26.962000000000003
928,0.425,16.065,0.391,20.213,-0.459,11.951,8.305609188975845,3.4203789463772765,8.849561854197539,1856.0,10,26.962000000000003
929,0.255,14.467,0.8330000000000001,16.371000000000002,0.255,10.489,5.910330616809858,2.634962880247403,6.366836944550377,1858.0,10,26.962000000000003
930,0.017,11.441,0.6970000000000001,18.275,0.663,6.9190000000000005,11.35605089808953,3.514621656708046,12.152198787951171,1860.0,10,26.962000000000003
931,-0.051,13.753,-0.493,16.779,0.799,9.163,7.72481197182171,3.616117867767558,8.638849195265808,1862.0,10,26.962000000000003
932,0.187,13.362,-0.221,17.289,-0.085,8.041,9.248999945940104,3.7428179853027226,10.00248379366792,1864.0,10,26.962000000000003
933,0.527,11.305,-0.221,17.493000000000002,-0.425,6.477,11.017888726974874,3.662213896621831,11.857799619888942,1866.0,10,26.962000000000003
934,0.391,11.135000000000002,0.765,16.065,-0.255,7.633000000000001,8.493469491320965,2.3765137993852203,8.933542082366957,1868.0,10,26.962000000000003
935,-0.051,10.591,0.901,16.405,-0.629,5.287000000000001,11.2227814734138,4.239006165073657,11.54753818195796,1870.0,10,26.962000000000003
936,0.051,9.537,0.7310000000000001,13.209,0.493,3.519,9.692922366345456,3.560709799275192,11.079983344295886,1872.0,10,26.962000000000003
937,0.255,9.333,0.459,14.297,0.5950000000000001,1.5810000000000002,12.716727251930822,5.643572474758335,13.417996405317163,1874.0,10,26.962000000000003
938,0.255,8.415000000000001,-0.017,13.379,0.187,0.629,12.75163189556537,5.007685038289095,14.255183862280145,1876.0,10,26.962000000000003
939,0.493,5.933000000000001,-0.255,12.325,0.527,0.153,12.197094244122246,4.050439115119347,12.902354023068504,1878.0,10,26.962000000000003
940,0.391,5.355,-0.017,13.889,-0.221,0.323,13.56753374788506,4.1605304181077685,14.298108682079002,1880.0,10,26.962000000000003
941,0.187,3.689,-0.391,8.483,-0.6970000000000001,-3.689,12.175845761178154,4.505905949974169,13.111277721165138,1882.0,10,26.962000000000003
942,0.119,0.8330000000000001,-0.561,5.287000000000001,-0.561,-4.267,9.554,3.2687328242568934,10.98206537094446,1884.0,10,26.962000000000003
943,0.323,0.391,-0.017,5.151000000000001,-0.459,-4.2330000000000005,9.394403653239518,3.324228912346778,10.65000117787884,1886.0,10,26.962000000000003
944,-0.051,-1.0710000000000002,-0.051,5.1850000000000005,-0.6970000000000001,-6.103000000000001,11.306469829261475,4.396704959398573,12.3640839021853,1888.0,10,26.962000000000003
945,0.017,-1.683,0.527,2.975,0.459,-6.7490000000000006,9.724237759331062,4.081602389237564,10.731030450070282,1890.0,10,26.962000000000003
946,-0.085,-2.635,0.561,3.995,0.7310000000000001,-10.081,14.077026532616896,5.226865499006481,14.8784540825013,1892.0,10,26.962000000000003
947,0.221,-2.873,0.561,2.4650000000000003,0.5950000000000001,-10.897,13.36204325692744,4.519542133399992,13.98472261658923,1894.0,10,26.962000000000003
948,0.187,-6.715000000000001,0.323,-1.377,0.357,-11.679,10.302056105457783,2.7847539720795838,11.316065498913243,1896.0,10,26.962000000000003
949,0.391,-5.729,0.527,1.003,-0.017,-12.257,13.271154282879843,3.928401925302485,14.386935513672812,1898.0,10,26.962000000000003
950,0.255,-5.865,0.765,2.091,-0.323,-12.665,14.796056231307045,4.479269232299136,15.81246658512284,1900.0,10,26.962000000000003
951,0.323,-10.03,0.459,-2.805,-0.153,-15.555,12.764679549444242,3.672444355636663,13.291370467766326,1902.0,10,26.962000000000003
952,0.391,-10.523,-0.119,-1.411,-0.425,-17.833000000000002,16.42485068425281,5.125910862971456,17.625635963600327,1904.0,10,26.962000000000003
953,0.085,-11.441,0.187,-3.689,-0.493,-17.153000000000002,13.481160780882336,3.997508522247043,14.563520586487236,1906.0,10,26.962000000000003
954,0.085,-14.059,-0.289,-4.675000000000001,0.493,-19.771,15.11624093483562,4.366306698420187,16.151777745242914,1908.0,10,26.962000000000003
955,-0.255,-13.073,-0.663,-6.103000000000001,0.629,-20.927000000000003,14.88019623526518,4.812741496135275,16.193188440271477,1910.0,10,26.962000000000003
956,0.153,-14.365,-0.663,-6.817,0.323,-22.593,15.806782468295058,5.027709047094599,16.945215984952068,1912.0,10,26.962000000000003
957,0.187,-15.895,0.357,-11.203,0.663,-21.641,10.44248437872904,3.625431425268215,11.78511842641325,1914.0,10,26.962000000000003
958,0.119,-17.289,0.323,-11.305,0.663,-22.695,11.395073496910848,4.640938186783,12.278071960160862,1916.0,10,26.962000000000003
959,-0.153,-17.119,-0.119,-10.319,-0.425,-23.239,12.923623176183993,3.9541315399500303,14.235609165314104,1918.0,10,26.962000000000003
960,-0.119,-19.397,0.561,-14.807,-0.255,-24.871,10.0970268891392,3.6723431740874473,11.44459492412409,1920.0,10,26.962000000000003
961,-0.221,-19.023,0.527,-13.481000000000002,0.255,-27.931,14.452559773272002,5.459154965459626,15.295962284965794,1922.0,10,26.962000000000003
962,-0.391,-21.777,-0.459,-15.011,0.459,-29.359,14.377337305634866,4.080581057819707,16.05683355095138,1924.0,10,26.962000000000003
963,-0.051,-24.361,0.085,-14.365,0.391,-30.243,15.880948334403712,4.425785124523586,16.603391430902157,1926.0,10,26.962000000000003
964,-0.153,-22.967,0.493,-17.289,0.051,-29.019,11.738324582324346,3.9367779521519584,12.81541616615394,1928.0,10,26.962000000000003
965,0.051,-22.729000000000003,0.289,-16.303,-0.119,-29.155,12.858474559604652,4.19967257393715,14.041535167486863,1930.0,10,26.962000000000003
966,0.119,-22.525,0.323,-16.745,-0.153,-29.189000000000004,12.453100497466483,5.017416591768069,13.598710568941971,1932.0,10,26.962000000000003
967,0.357,-21.777,0.6970000000000001,-14.841,-0.187,-29.189000000000004,14.375206433300358,4.9908426520969815,15.672441552512584,1934.0,10,26.962000000000003
968,0.425,-21.59,-0.6970000000000001,-16.575000000000003,0.663,-24.429,7.970879248865836,5.095379315799168,8.502686291117696,1936.0,10,26.962000000000003
969,0.187,-21.233,0.187,-12.665,0.493,-21.641,8.981214394501448,4.834352220875123,9.686938444893638,1938.0,10,26.962000000000003
970,-0.017,-22.865,-0.153,-15.589,0.119,-28.849000000000004,13.262789450187318,4.601612586148469,15.107955948413087,1940.0,10,26.962000000000003
971,0.119,-23.885,0.527,-19.193,-0.085,-29.257,10.082590936857452,4.113935267320538,11.35972954767064,1942.0,10,26.962000000000003
972,-0.255,-16.167,-0.7310000000000001,-12.087000000000002,-0.187,-21.879,9.80709946926205,2.854078161875842,11.316055929666485,1944.0,10,26.962000000000003
973,-0.051,-16.507,-0.5950000000000001,-11.917000000000002,0.187,-25.381,13.48669047616946,4.324616590413021,15.313231937185265,1946.0,10,26.962000000000003
974,-0.289,-18.751,0.6970000000000001,-14.467,0.493,-25.789,11.323837688699006,4.1948956213446,12.298350310632038,1948.0,10,26.962000000000003
975,-0.187,-19.176,-0.561,-15.793,0.459,-25.585,9.84498166580314,4.062937706257399,17.292997895779614,1950.0,10,26.962000000000003
976,-0.119,-20.723000000000003,0.051,-13.923000000000002,0.629,-27.319000000000003,13.408463744963475,4.779187207086399,18.43878281786412,1952.0,10,26.962000000000003
977,-0.323,-21.335,0.493,-16.031000000000002,0.459,-26.741000000000003,10.710053968117997,3.517641001525509,11.574803260480024,1954.0,10,26.962000000000003
978,0.323,-20.791,0.527,-16.745,0.459,-29.359,12.614183287078085,4.657838056217402,13.409582618447088,1956.0,10,26.962000000000003
979,-0.221,-22.797,-0.8330000000000001,-17.867,0.425,-29.801,12.000121666049893,4.10022327131944,12.584648541422322,1958.0,10,26.962000000000003
980,0.119,-26.537000000000003,-0.7310000000000001,-20.723000000000003,0.561,-31.705,11.057738828530905,3.695864371030427,11.753319698053389,1960.0,10,26.962000000000003
981,-0.153,-25.823,0.357,-18.819000000000003,0.629,-30.889000000000003,12.073064399728846,4.039965616076607,14.496266574843252,1962.0,10,26.962000000000003
982,-0.187,-25.925,-0.8670000000000001,-21.607000000000003,0.391,-31.603,10.074848882241362,3.748822909130365,11.4693377712895,1964.0,10,26.962000000000003
983,0.017,-26.503000000000004,-0.8670000000000001,-20.723000000000003,0.357,-33.099000000000004,12.436380180743914,4.515058127857545,13.6149476080906,1966.0,10,26.962000000000003
984,-0.289,-27.285000000000004,-0.425,-20.689,0.357,-34.425000000000004,13.758241893497877,5.316321429862681,14.347935021677124,1968.0,10,26.962000000000003
985,-0.153,-28.475,-0.187,-22.933000000000003,0.289,-34.561,11.637738611946912,4.184593649282495,12.537657877373338,1970.0,10,26.962000000000003
986,-0.323,-31.875000000000004,-0.391,-26.911,0.493,-36.805,9.933412907958676,4.176023703646077,10.587927952185655,1972.0,10,26.962000000000003
987,-0.5950000000000001,-30.277,-0.901,-22.933000000000003,0.323,-36.703,13.824292965645656,4.270905666630316,14.752504154868117,1974.0,10,26.962000000000003
988,-0.459,-31.025,-0.527,-22.083,0.289,-38.947,16.883730393488282,5.008815734654163,18.05569991212018,1976.0,10,26.962000000000003
989,-0.493,-32.997,-0.8330000000000001,-29.189000000000004,0.323,-37.315000000000005,8.207814081715059,3.880201701022176,9.583950417369838,1978.0,10,26.962000000000003
990,-0.493,-32.895,-0.969,-28.815,0.119,-39.457,10.697472037822768,4.324213650533975,11.687748416503725,1980.0,10,26.962000000000003
991,-0.153,-36.601,0.017,-33.303000000000004,0.7310000000000001,-40.851000000000006,7.5816950611324385,4.161334654478611,8.620191053771116,1982.0,10,26.962000000000003
992,-0.765,-35.615,-0.425,-30.073,2.567,-42.245000000000005,12.534338753998952,4.20320334163431,17.98900041474781,1984.0,10,26.962000000000003
993,-0.119,-38.403000000000006,-0.527,-33.201,2.431,-42.211000000000006,9.48313576829943,4.54316856411102,11.835247660091431,1986.0,10,26.962000000000003
994,-0.289,-37.111,-0.7310000000000001,-28.645000000000003,2.125,-41.667,13.331512292309528,3.961082805384722,15.456712087828748,1988.0,10,26.962000000000003
995,0.085,-37.723000000000006,0.391,-33.711000000000006,2.7030000000000003,-42.823,9.400738694379289,4.243775380746901,11.03945909019387,1990.0,10,26.962000000000003
996,-0.153,-39.083000000000006,0.153,-33.745000000000005,2.635,-42.245000000000005,8.85496041775456,3.7418979873011535,11.477537949807717,1992.0,10,26.962000000000003
997,-0.221,-37.553,-0.935,-31.535000000000004,-0.663,-40.001000000000005,8.470368350904227,4.618592105122274,9.85639967125814,1994.0,10,26.962000000000003
998,-0.017,-40.001000000000005,-0.8670000000000001,-34.187000000000005,3.0090000000000003,-44.86300000000001,11.357832187525927,4.138466738936457,12.18345875735463,1996.0,10,26.962000000000003
999,0.153,-40.035,-0.8670000000000001,-34.085,1.887,-46.971,13.177006943915604,5.162817415737888,13.974797662964322,1998.0,10,26.962000000000003
1000,0.493,-40.681,-0.901,-36.227,1.445,-46.393,10.433181298146794,3.5344657267414457,11.552181921435428,2000.0,10,26.962000000000003
1001,0.493,-41.837,-0.493,-34.969,-0.017,-46.631,11.671710243147746,3.831123926336735,14.705301403982125,2002.0,10,26.962000000000003
1002,0.8330000000000001,-42.007000000000005,0.017,-40.341,0.561,-46.223000000000006,5.9071025046125625,3.573619769998068,7.069005154772936,2004.0,10,26.962000000000003
1003,0.7310000000000001,-41.361,0.357,-34.561,0.765,-47.379000000000005,12.824491724820913,3.8079527148191232,14.605783282366604,2006.0,10,26.962000000000003
1004,0.459,-40.953,0.153,-37.145,1.207,-47.345000000000006,10.254312068588511,3.883937147015262,15.45360908317048,2008.0,10,26.962000000000003
1005,0.561,-41.089000000000006,,,,,10.254312068588511,3.3133582208319465,,2010.0,10,26.962000000000003
1006,0.493,-42.993,-0.5950000000000001,-40.273,-0.901,-47.617,7.35037223547216,2.88025339303894,10.134496004339116,2012.0,10,26.962000000000003
1007,0.289,-42.245000000000005,-1.0710000000000002,-40.307,-0.765,-48.093,7.792010780280018,3.327597910260034,11.649338805158646,2014.0,10,26.962000000000003
1008,0.527,-41.73500000000001,-1.0710000000000002,-40.239,-0.7310000000000001,-48.297,8.065169806023926,3.282253513255739,12.842910516214609,2016.0,10,26.962000000000003
1009,0.051,-43.027,-1.173,-40.341,-0.663,-47.379000000000005,7.056454067022615,2.5623855728103653,12.017142336077676,2018.0,10,26.962000000000003
1010,-1.717,-42.823,-0.969,-40.273,-0.6970000000000001,-48.059000000000005,7.790749643006122,3.446173403138989,10.24283132710724,2020.0,10,26.962000000000003
1011,-1.853,-42.347,-0.901,-40.239,-0.799,-48.025000000000006,7.786668093607176,3.5996051146325736,9.745182740382395,2022.0,10,26.962000000000003
1012,-1.6150000000000002,-43.095000000000006,-1.003,-40.239,-0.391,-47.685,7.4711083515098355,3.621926700666373,9.965406453164734,2024.0,10,26.962000000000003
1013,-1.649,-43.639,-1.105,-40.273,-0.935,-47.821000000000005,7.549914171697583,3.3145514915007337,10.273414340239672,2026.0,10,26.962000000000003
1014,-1.411,-43.503,-1.0710000000000002,-40.137,-0.391,-46.767,6.664780566530304,2.9202335017749674,10.028852861717144,2028.0,10,26.962000000000003
1015,-0.357,-43.265,-0.017,-40.375,-0.085,-48.059000000000005,7.6843008790650575,3.134805940193401,12.944826075088656,2030.0,10,26.962000000000003
1016,0.323,-43.469,-1.0710000000000002,-39.457,-1.003,-48.059000000000005,8.602268770504676,2.7174451984869283,13.902228384945335,2032.0,10,26.962000000000003
1017,0.323,-41.021,0.289,-38.777,0.255,-47.141000000000005,8.364069105405575,2.7539922206534206,11.193695037219731,2034.0,10,26.962000000000003
1018,-0.493,-38.811,-1.003,-35.241,-1.6150000000000002,-40.817,5.609484824830173,1.8008585634132996,7.037343774028508,2036.0,10,26.962000000000003
1019,-0.391,-39.627,-0.629,-32.895,0.187,-43.163,10.300372808787069,2.95081938316682,12.798672362612264,2038.0,10,26.962000000000003
1020,-0.187,-36.567,0.221,-32.011,0.493,-42.347,10.339578327959028,3.4940735763534483,11.405610078976316,2040.0,10,26.962000000000003
1021,-0.255,-36.839000000000006,0.323,-32.113,-0.629,-43.027,10.955441570288256,3.2048176027005755,12.201228085517124,2042.0,10,26.962000000000003
1022,0.289,-39.729000000000006,0.289,-36.227,0.901,-42.279,6.082865114401272,1.7784992474986585,6.596642128157506,2044.0,10,26.962000000000003
1023,0.119,-39.253,,,,,6.082865114401272,3.032561096686955,,2046.0,10,26.962000000000003
1024,-0.493,-39.865,0.391,-33.813,-0.323,-44.591,10.801623951980554,3.2112644738028333,11.341838115047572,2048.0,10,26.962000000000003
1025,-0.493,-38.607,-0.8330000000000001,-33.541000000000004,-2.193,-44.557,11.099633147090945,3.5479111167675947,12.382958489282828,2050.0,10,26.962000000000003
1026,-0.561,-39.253,0.153,-35.105000000000004,-1.853,-42.415000000000006,7.580246433988806,2.239635860384419,9.030356734893978,2052.0,10,26.962000000000003
1027,-1.105,-39.355,-0.221,-35.683,-1.3430000000000002,-42.789,7.194033639065084,2.2003975178470574,7.993588147324084,2054.0,10,26.962000000000003
1028,-0.663,-39.253,-0.221,-35.309000000000005,0.357,-42.585,7.298921838189529,2.323546866729512,8.230121085929156,2056.0,10,26.962000000000003
1029,-0.493,-39.389,0.017,-34.799,-0.7310000000000001,-45.203,10.430854231557452,3.541494522592392,11.363726109578284,2058.0,10,26.962000000000003
1030,-0.7310000000000001,-39.049,-0.8670000000000001,-33.303000000000004,-3.859,-44.795,11.875105389006029,3.4135438160782634,15.44990206313173,2060.0,10,26.962000000000003
1031,-0.187,-36.873000000000005,0.187,-31.059,-0.7310000000000001,-42.891000000000005,11.867558636889054,3.945033309483625,12.415065744268,2062.0,10,26.962000000000003
1032,-0.323,-36.261,0.221,-29.869000000000003,-0.221,-40.035,10.175604158967664,3.385258503125617,11.182043905669994,2064.0,10,26.962000000000003
1033,-0.391,-35.411,-0.153,-30.957,0.255,-39.117,8.170193632956321,3.6067991791539935,9.008312770392816,2066.0,10,26.962000000000003
1034,-0.5950000000000001,-35.581,-0.357,-28.543000000000003,-0.561,-39.967000000000006,11.425821283391404,4.060319519289845,12.53016785815286,2068.0,10,26.962000000000003
1035,-0.425,-36.567,-0.969,-29.631000000000004,1.717,-41.327000000000005,12.000458824561669,3.7504235830104697,14.266195670864118,2070.0,10,26.962000000000003
1036,-0.391,-35.989000000000004,-0.459,-30.005000000000003,-1.105,-40.035,10.050781860134068,3.684817494736508,10.63609921861831,2072.0,10,26.962000000000003
1037,-0.561,-35.003,-0.969,-28.067000000000004,-1.173,-41.497,13.431549277726678,3.862173421922777,13.845191704957744,2074.0,10,26.962000000000003
1038,-0.085,-33.643,-0.969,-28.509,-0.8670000000000001,-37.111,8.602604721826989,2.7763355448648217,10.121175988542088,2076.0,10,26.962000000000003
1039,0.017,-35.037,,,,,8.602604721826989,2.76498500975921,,2078.0,10,26.962000000000003
1040,-0.051,-32.912,-0.663,-27.965000000000003,-0.561,-37.689,9.724534950320248,3.558799648157428,10.514206324551564,2080.0,10,26.962000000000003
1041,0.017,-32.963,-0.7310000000000001,-27.353,-0.935,-37.893,10.541974008694956,4.164830387020822,11.662074624506053,2082.0,10,26.962000000000003
1042,-0.425,-33.949000000000005,-0.969,-26.945,-0.561,-38.709,11.771073018208664,4.320626332734191,12.646858128093909,2084.0,10,26.962000000000003
1043,-0.153,-33.609,-0.561,-26.401000000000003,0.255,-38.845000000000006,12.470725399911588,4.347236219950187,13.055147652488296,2086.0,10,26.962000000000003
1044,-0.221,-31.637000000000004,-0.5950000000000001,-28.611,-0.527,-34.697,6.08637987641258,2.5719917518896542,6.618573107515501,2088.0,10,26.962000000000003
1045,-0.425,-32.317,-0.221,-27.795,-0.017,-37.587,9.79412476947277,4.597657562073928,13.230360957381372,2090.0,10,26.962000000000003
1046,-0.187,-30.583,-0.119,-26.333,-0.493,-35.105000000000004,8.779969248237718,3.174505717053194,11.15608420694193,2092.0,10,26.962000000000003
1047,-0.051,-31.025,-0.119,-26.061000000000003,0.323,-33.133,7.085799037511578,3.24082611514028,7.445032100265483,2094.0,10,26.962000000000003
1048,-0.459,-31.739,-0.629,-27.863000000000003,-0.493,-34.697,6.835353099877138,2.918752275483068,7.844128588424787,2096.0,10,26.962000000000003
1049,-0.425,-32.487,-0.459,-26.333,-0.7310000000000001,-38.811,12.480964225571675,4.195960118776751,14.195858892302043,2098.0,10,26.962000000000003
1050,-0.221,-30.753000000000004,0.527,-24.429,-0.459,-39.559000000000005,15.162094050625068,4.145846405217878,16.444729677544725,2100.0,10,26.962000000000003
1051,-0.527,-28.679,-0.085,-23.749,-0.255,-37.077000000000005,13.329084139579884,4.290995399850943,14.602462843664735,2102.0,10,26.962000000000003
1052,-0.187,-29.053,0.255,-22.695,-0.561,-34.391000000000005,11.724430561865256,3.812864944444235,13.167624592541957,2104.0,10,26.962000000000003
1053,-0.425,-27.421000000000003,-0.901,-23.001,-0.153,-33.031000000000006,10.057852852373612,2.9496664218178976,11.594837496877384,2106.0,10,26.962000000000003
1054,-0.085,-27.931,-0.901,-20.655,-0.629,-32.555,11.903108165517107,4.996374164150976,12.894858554593354,2108.0,10,26.962000000000003
1055,-0.323,-28.033,-0.187,-20.553,0.187,-33.133,12.58555823156049,3.9934164545022206,13.381306212802563,2110.0,10,26.962000000000003
1056,-0.221,-26.333,-0.187,-21.505000000000003,0.051,-32.181000000000004,10.678652536720165,3.1220976277341745,11.241949744144838,2112.0,10,26.962000000000003
1057,-0.051,-23.477,0.663,-18.071,-0.969,-31.263,13.292565139957,4.218546001300498,14.29625515969783,2114.0,10,26.962000000000003
1058,-0.357,-25.483,0.6970000000000001,-16.507,-0.153,-32.929,16.443983215754024,5.570714870644553,18.061855373462905,2116.0,10,26.962000000000003
1059,-0.289,-22.559,-0.663,-18.037000000000003,0.255,-29.733,11.731970848923892,3.9181974372440767,13.878879490195397,2118.0,10,26.962000000000003
1060,-0.017,-22.219,-0.051,-16.949,-0.527,-27.591,10.652640048363596,3.6678895840203714,11.97106619240216,2120.0,10,26.962000000000003
1061,-0.289,-22.015,-0.527,-13.379,-0.5950000000000001,-28.917,15.538148795786451,5.276833375413379,16.125815850924763,2122.0,10,26.962000000000003
1062,0.017,-20.689,-0.799,-13.617,0.527,-26.231,12.683503932273606,3.958130566813279,13.998670484301824,2124.0,10,26.962000000000003
1063,-0.051,-19.159,0.6970000000000001,-13.311000000000002,-0.017,-26.061000000000003,12.76997635080034,4.981392199795771,14.038279452041197,2126.0,10,26.962000000000003
1064,0.051,-16.915000000000003,0.323,-9.537,0.425,-28.815,19.27826983938133,5.636071927769701,19.925971979893905,2128.0,10,26.962000000000003
1065,0.051,-16.337,0.357,-9.435,0.255,-21.539,12.10442976765118,3.877979274722847,13.460335860878931,2130.0,10,26.962000000000003
1066,0.119,-14.875000000000002,-0.323,-10.387,-0.425,-21.675,11.288460833966694,3.5170166168805417,11.984475303934545,2132.0,10,26.962000000000003
1067,0.187,-15.215000000000002,-0.663,-7.599,-0.425,-22.899,15.301850999143864,4.652133961429636,17.12138444157268,2134.0,10,26.962000000000003
1068,0.017,-13.787,-0.153,-5.083,-0.017,-20.247,15.164609853207567,5.1770841893102135,15.68412768007582,2136.0,10,26.962000000000003
1069,0.119,-11.033,-0.153,-6.069000000000001,0.493,-16.031000000000002,9.982923419519956,2.937354399840793,11.169465317528578,2138.0,10,26.962000000000003
1070,-0.119,-10.659,-0.765,-4.471,-0.663,-14.637,10.166511692807912,4.309206805842107,11.077376931100366,2140.0,10,26.962000000000003
1071,0.119,-10.795,-0.7310000000000001,-4.505,0.119,-14.263000000000002,9.794950944236524,4.3174768687576055,11.056947872818292,2142.0,10,26.962000000000003
1072,0.085,-11.033,-0.663,-4.165,0.187,-16.949,12.812226816599836,5.172747558045568,13.558788831053404,2144.0,10,26.962000000000003
1073,-0.221,-7.735,-0.527,-3.519,0.323,-13.991,10.50644012023102,4.096156877898408,10.865909040446295,2146.0,10,26.962000000000003
1074,-0.289,-9.911,-0.799,-2.329,0.6970000000000001,-14.501,12.263588381872577,4.693514837635062,12.73010919867172,2148.0,10,26.962000000000003
1075,-0.017,-6.715000000000001,-0.289,-2.329,0.7310000000000001,-12.019,9.743536319016828,3.562422045166666,10.921106608390394,2150.0,10,26.962000000000003
1076,-0.221,-8.585,-0.459,-2.431,0.459,-10.149,7.772402974627603,3.89544905039336,8.225246834455103,2152.0,10,26.962000000000003
1077,0.017,-7.939000000000001,0.493,-1.5470000000000002,0.6970000000000001,-14.671,13.125585396468992,4.150125465959567,14.314149731005864,2154.0,10,26.962000000000003
1078,-0.289,-7.565,-0.459,-1.6150000000000002,0.323,-7.803000000000001,6.237216366296748,4.867586382612432,7.003347949440305,2156.0,10,26.962000000000003
1079,-0.527,-7.463000000000001,,,,,6.237216366296748,4.367285178638613,,2158.0,10,26.962000000000003
1080,0.153,-5.831,0.6970000000000001,-1.853,-0.017,-9.911,8.089571064030528,2.4416408773792,9.972056560832488,2160.0,10,26.962000000000003
1081,0.221,-5.831,0.663,0.8670000000000001,-0.629,-9.571000000000002,10.517656963411577,3.1370754295062566,11.81124016878344,2162.0,10,26.962000000000003
1082,-0.119,-3.043,0.493,1.751,-0.289,-8.143,9.924855666456818,3.2160872690133,10.814739157036238,2164.0,10,26.962000000000003
1083,0.221,-3.3150000000000004,0.5950000000000001,1.717,-0.799,-7.735,9.554241989817926,3.261052596859149,10.477295121162204,2166.0,10,26.962000000000003
1084,0.323,-3.757,0.561,4.743,-0.8670000000000001,-9.707,14.520388562294055,5.458204303533977,15.026661640850936,2168.0,10,26.962000000000003
1085,0.221,-0.901,0.799,5.933000000000001,-0.323,-5.933000000000001,11.91892780412735,4.054792398268636,13.320221061160227,2170.0,10,26.962000000000003
1086,0.153,1.785,0.7310000000000001,6.885000000000001,0.187,-3.349,10.248448272787446,4.032315896404828,11.001283970115912,2172.0,10,26.962000000000003
1087,0.119,0.901,-0.5950000000000001,7.259,0.051,-3.213,10.491906404462442,3.966414679014398,11.80785449928564,2174.0,10,26.962000000000003
1088,0.289,1.105,-0.459,8.075000000000001,0.289,-9.673,17.763755458798688,5.270076144237024,18.51835432527523,2176.0,10,26.962000000000003
1089,0.5950000000000001,1.751,0.629,10.115,-0.221,-4.301,14.441037220366132,5.209133865853189,15.028749422733222,2178.0,10,26.962000000000003
1090,0.323,5.015000000000001,-0.629,10.727,-0.425,1.207,9.522185463432226,3.510457497652385,10.926383857170505,2180.0,10,26.962000000000003
1091,0.425,8.347000000000001,-0.255,13.549,-0.187,0.187,13.362173026869543,4.398923529094045,14.163451547470904,2182.0,10,26.962000000000003
1092,0.255,7.157000000000001,0.391,14.331,0.663,1.479,12.854877984640696,4.392717033303348,13.702607907527264,2184.0,10,26.962000000000003
1093,0.272,8.891,0.8330000000000001,14.433000000000002,0.459,4.301,10.138900334848945,3.561237838682215,11.290331813288455,2186.0,10,26.962000000000003
1094,0.323,8.993,-0.255,14.127,-0.5950000000000001,4.845000000000001,9.288225018807417,3.407685102467034,10.901164984190794,2188.0,10,26.962000000000003
1095,0.527,9.605,-0.323,16.677,-0.5950000000000001,4.913,11.767144088520377,4.849454566631533,12.87677088764471,2190.0,10,26.962000000000003
1096,0.629,8.925,-0.289,15.861,0.527,2.635,13.251148327597878,4.1959983381004005,13.819950923036354,2192.0,10,26.962000000000003
1097,0.629,12.852,0.357,18.173,0.5950000000000001,8.653,9.522974535301456,4.4058414480944,10.043203258826944,2194.0,10,26.962000000000003
1098,0.255,11.441,-0.085,17.085,-0.5950000000000001,5.525,11.571244531164313,3.656649391433039,12.461873478359092,2196.0,10,26.962000000000003
1099,-0.085,13.753,-0.425,15.045000000000002,0.561,8.823,6.299641259627409,5.193595740149034,6.938325692593117,2198.0,10,26.962000000000003
1100,0.017,12.903,0.119,21.301,-0.085,7.259,14.043481762013297,5.329487636889761,14.931833513688424,2200.0,10,26.962000000000003
1101,0.153,15.147,-0.017,19.023,0.391,10.115,8.917338616425868,3.015620600986469,11.031628590677965,2202.0,10,26.962000000000003
1102,0.017,14.773,-0.561,18.105,0.017,10.557,7.570098282056845,2.6982437309025,9.454082191124916,2204.0,10,26.962000000000003
1103,0.085,15.249,-0.289,18.105,0.527,10.795,7.3554031840545635,2.8064062201311315,9.582612698100329,2206.0,10,26.962000000000003
1104,0.187,14.433000000000002,-0.051,15.385000000000002,0.051,8.109,7.276714918148161,3.2285258259376457,7.597999541902491,2208.0,10,26.962000000000003
1105,-0.221,14.025,-0.561,13.685,-0.255,9.707,3.9897518719840215,3.5229135866357653,4.299232660138801,2210.0,10,26.962000000000003
1106,0.527,13.957,-0.5950000000000001,19.363000000000003,0.5950000000000001,11.339,8.111761584267624,4.097364437456514,8.607708927908805,2212.0,10,26.962000000000003
1107,0.357,15.385000000000002,0.527,16.099,0.5950000000000001,12.121,3.978581154130201,4.13861330014269,4.000164387983819,2214.0,10,26.962000000000003
1108,-0.221,15.385000000000002,-0.561,21.301,-0.255,14.059,7.248461905811466,5.759454794185429,7.651104433897085,2216.0,10,26.962000000000003
1109,-0.289,16.439,-0.629,21.573,0.527,10.047,11.583825447579915,4.11800646070924,12.416251213177798,2218.0,10,26.962000000000003
1110,-0.119,17.459,-0.527,21.029,0.799,16.609,4.614615476938463,2.262175212199685,5.011295522478058,2220.0,10,26.962000000000003
1111,0.085,17.561,-0.357,25.857000000000003,-0.425,11.543,14.314161519278732,5.158200158085267,15.305104050965332,2222.0,10,26.962000000000003
1112,0.255,18.989,0.493,23.545,-0.289,18.411,5.193214803953328,3.9448417527650297,5.692612734075056,2224.0,10,26.962000000000003
1113,-0.153,19.805,0.153,24.463,0.493,16.235,8.235021797178197,3.972376964292129,8.936099127992025,2226.0,10,26.962000000000003
1114,0.085,18.207,0.187,24.123,0.765,12.767,11.370700066398726,4.852159007566052,12.132109131647676,2228.0,10,26.962000000000003
1115,-0.289,20.247,0.7310000000000001,26.401000000000003,0.5950000000000001,13.243,13.158702823606893,4.070371506102508,14.1546561564551,2230.0,10,26.962000000000003
1116,0.017,22.695,0.153,24.123,-0.493,17.425,6.729080174882746,3.789597240551093,7.016399451245387,2232.0,10,26.962000000000003
1117,0.119,22.865,-0.289,29.257,-0.085,17.051000000000002,12.207704616347826,3.5653961209490457,13.475681539269129,2234.0,10,26.962000000000003
1118,-0.051,24.361,-0.425,27.863000000000003,-0.187,20.179,7.68768495712461,4.421930904496127,8.984453592352528,2236.0,10,26.962000000000003
1119,0.187,25.041,-0.255,29.053,0.085,22.899,6.163385108850493,2.4634803479370238,6.917260986973311,2238.0,10,26.962000000000003
1120,-0.051,25.942,-0.629,30.447000000000003,-0.221,25.109,5.353569650242724,4.749224737676886,6.335668723953628,2240.0,10,26.962000000000003
1121,0.153,22.933000000000003,0.187,23.953000000000003,-0.255,19.363000000000003,4.6112323732382,5.186246643682278,4.773751477649137,2242.0,10,26.962000000000003
1122,0.255,27.863000000000003,-0.561,31.569000000000003,-0.663,22.729000000000003,8.840588441953399,3.0744650890982785,10.12050263458318,2244.0,10,26.962000000000003
1123,0.255,27.693,-0.629,32.283,-0.663,22.559,9.724059440377768,2.871505361631538,10.71739316291852,2246.0,10,26.962000000000003
1124,0.153,28.101000000000003,-0.663,31.807,-0.663,22.729000000000003,9.078,3.295325494759215,10.996375696985552,2248.0,10,26.962000000000003
1125,0.017,25.126,0.357,26.809,-0.663,19.397,7.481854315609199,4.582313215975015,7.7983447797031555,2250.0,10,26.962000000000003
1126,0.255,23.239,0.153,24.191000000000003,-0.629,17.799000000000003,6.439657444305559,4.235045925830234,7.256179868760274,2252.0,10,26.962000000000003
1127,0.051,26.367,-0.561,30.991000000000003,0.221,24.531,6.507159441722633,5.237878020638789,7.203908574432721,2254.0,10,26.962000000000003
1128,0.221,26.333,-0.119,30.073,0.289,24.667,5.421374364494671,4.172964700193107,5.779504153605663,2256.0,10,26.962000000000003
1129,0.085,25.942,-0.017,30.821,0.425,24.327,6.50902450448606,5.141833657339918,6.966647349461004,2258.0,10,26.962000000000003
1130,0.153,24.157,0.493,29.223000000000003,-0.017,19.567,9.669458930053947,2.9912057796029194,10.845859771571774,2260.0,10,26.962000000000003
1131,0.017,26.333,0.527,29.087000000000003,0.289,22.831000000000003,6.260525537045593,3.4765426587737926,7.990175461640365,2262.0,10,26.962000000000003
1132,0.187,25.041,0.425,30.889000000000003,0.391,20.349,10.540054838567018,3.8257142861353737,11.394511559354449,2264.0,10,26.962000000000003
1133,-0.051,27.047,-0.459,30.583,0.425,24.089,6.553891363152124,3.215398775612762,6.88144329186091,2266.0,10,26.962000000000003
1134,-0.017,28.747000000000003,0.187,32.827000000000005,0.119,24.633000000000003,8.194282152818513,3.338257481505128,8.979326559897437,2268.0,10,26.962000000000003
1135,0.459,27.557,-0.5950000000000001,31.637000000000004,0.425,24.259,7.448173198845474,3.742752473738532,9.273220064210127,2270.0,10,26.962000000000003
1136,0.425,26.469,0.221,32.317,0.187,31.773000000000003,0.5450614644239676,3.5727377917276826,0.613080698010261,2272.0,10,26.962000000000003
1137,0.153,25.347,-0.5950000000000001,31.671000000000003,-0.629,22.695,8.976064393708414,3.315694314003314,10.850721957378754,2274.0,10,26.962000000000003
1138,0.051,26.503000000000004,0.561,28.509,0.425,23.307,5.203777474104749,4.099576322541705,7.732984966830051,2276.0,10,26.962000000000003
1139,0.357,27.506,-0.561,33.133,0.8670000000000001,22.321,10.905894186172906,3.5211157594542546,12.20131342895508,2278.0,10,26.962000000000003
1140,-0.187,25.857000000000003,0.017,29.597,-0.663,23.545,6.090082429655612,2.205166484764655,8.292532748358614,2280.0,10,26.962000000000003
1141,-0.187,24.871,0.561,28.951,-0.6970000000000001,22.491000000000003,6.58134970959605,2.2733848701380306,9.43405369740366,2282.0,10,26.962000000000003
1142,-0.323,25.823,0.187,32.419000000000004,-0.629,22.593,9.859824136362676,3.1346637079756854,12.244680522241364,2284.0,10,26.962000000000003
1143,-0.017,27.013,0.663,35.479,-0.629,23.239,12.308000000000002,4.278822371839595,14.34198610541686,2286.0,10,26.962000000000003
1144,0.085,27.285000000000004,0.119,32.045,-0.085,21.913,10.134053483182337,3.47106182198696,13.07005823794741,2288.0,10,26.962000000000003
1145,-0.221,26.673,0.6970000000000001,31.467,0.051,22.015,9.474049820430544,3.277150871074887,11.604228864987364,2290.0,10,26.962000000000003
1146,-0.221,24.225,0.6970000000000001,31.297,-0.255,25.347,6.02567871695795,2.977748011922719,6.622370667579643,2292.0,10,26.962000000000003
1147,-0.051,26.061000000000003,0.119,27.727,0.799,26.673,1.2543189387073768,0.7836132427962882,4.27433128713057,2294.0,10,26.962000000000003
1148,-0.017,27.387,0.425,29.971000000000004,0.799,26.945,3.049024762116569,1.785210016172696,4.525342389912307,2296.0,10,26.962000000000003
1149,-0.323,26.792,0.6970000000000001,31.569000000000003,0.561,24.565,7.005320263913706,2.5504657222487093,10.1244139027138,2298.0,10,26.962000000000003
1150,0.221,25.993,-0.459,28.407000000000004,0.901,25.041,3.63036582178711,1.6792192345065184,6.167209278312947,2300.0,10,26.962000000000003
1151,-0.221,25.619000000000003,,,,,3.63036582178711,1.531363176239304,,2302.0,10,26.962000000000003
1152,-0.085,25.959000000000003,,,,,3.63036582178711,1.4439844628777203,,2304.0,10,26.962000000000003
1153,0.017,27.183000000000003,0.187,29.563,0.527,24.837000000000003,4.73821443161873,1.6003417649062217,5.547896253379123,2306.0,10,26.962000000000003
1154,0.119,25.517000000000003,-0.629,29.495,0.6970000000000001,21.607000000000003,7.998676140462246,3.3638524344145404,11.73362294873081,2308.0,10,26.962000000000003
1155,0.119,24.429,-0.459,27.183000000000003,-0.187,22.083,5.107248182730109,1.4560529834941305,6.054605421875919,2310.0,10,26.962000000000003
1156,0.187,26.197000000000003,0.799,27.523000000000003,0.153,23.715000000000003,3.862405985910855,1.8541739911861237,5.4041281553430665,2312.0,10,26.962000000000003
1157,0.289,27.795,,,,,3.862405985910855,1.2505234572707002,,2314.0,10,26.962000000000003
1158,-0.051,28.611,0.7310000000000001,30.651000000000003,0.7310000000000001,26.299000000000003,4.352,1.6614789876739064,5.659838670200587,2316.0,10,26.962000000000003
1159,-0.051,29.172,0.7310000000000001,30.481,0.085,25.177000000000003,5.343194924387468,1.900913785706668,7.941847636420973,2318.0,10,26.962000000000003
1160,-0.255,29.087000000000003,0.051,30.447000000000003,0.663,26.435,4.058409540694483,1.7599053307357422,6.395917705489981,2320.0,10,26.962000000000003
1161,-0.051,30.549000000000003,-0.391,33.065000000000005,0.323,26.469,6.634531784534612,2.140107234380532,8.33355304789622,2322.0,10,26.962000000000003
1162,0.221,30.549000000000003,-0.357,34.595000000000006,0.357,26.401000000000003,8.22504905760446,2.4670019778011074,10.156676518638443,2324.0,10,26.962000000000003
1163,0.391,31.909,0.8670000000000001,37.009,0.663,26.401000000000003,10.60996135713981,3.4790539474712507,12.59590699113812,2326.0,10,26.962000000000003
1164,-0.187,32.793,-0.459,38.267,0.255,25.177000000000003,13.109458264932233,3.7592593047744183,14.22251520802434,2328.0,10,26.962000000000003
1165,-0.017,30.889000000000003,-0.289,34.595000000000006,-0.221,26.843000000000004,7.752298239876999,3.350624359953702,8.621310581903964,2330.0,10,26.962000000000003
1166,-0.119,30.413000000000004,-0.153,33.235,0.187,25.959000000000003,7.283939593379396,3.9571065818792857,7.797619327289159,2332.0,10,26.962000000000003
1167,-0.119,29.393,-0.493,32.793,0.289,25.993,6.84481730946853,2.4167782992169933,8.608511699918742,2334.0,10,26.962000000000003
1168,0.323,28.101000000000003,0.6970000000000001,32.725,-0.663,25.347,7.502298581101662,2.8912416561785057,8.072776651025633,2336.0,10,26.962000000000003
1169,0.221,27.829,0.561,29.359,-0.425,25.925,3.5727513207610744,3.5884637971444278,3.847257341593708,2338.0,10,26.962000000000003
1170,-0.017,27.829,0.6970000000000001,31.331000000000003,0.7310000000000001,24.599,6.732085858038355,2.9016543685134883,8.940700266569506,2340.0,10,26.962000000000003
1171,0.289,28.033,0.7310000000000001,32.759,0.561,26.197000000000003,6.564201703177623,3.043935432508639,9.043078920500225,2342.0,10,26.962000000000003
1172,0.085,26.197000000000003,0.561,29.359,0.187,25.891,3.4881083698761426,3.409068346964556,8.150412556016827,2344.0,10,26.962000000000003
1173,-0.187,27.761000000000003,-0.289,30.447000000000003,-0.425,25.619000000000003,4.829915113125695,3.308161092979626,5.3110403388391845,2346.0,10,26.962000000000003
1174,-0.221,27.965000000000003,-0.221,30.175,-0.425,24.735000000000003,5.443823656218119,3.144033459324471,5.675319851805067,2348.0,10,26.962000000000003
1175,-0.459,28.101000000000003,0.221,29.631000000000004,-0.5950000000000001,24.701,4.997074744287903,2.342912684794034,5.291023931195775,2350.0,10,26.962000000000003
1176,0.017,27.047,-0.153,30.209000000000003,0.527,23.035,7.206155424357707,3.8474813640799335,8.404860399827616,2352.0,10,26.962000000000003
1177,-0.085,28.033,-0.493,30.447000000000003,-0.663,23.001,7.447940386442416,3.981414566390194,7.910179530482102,2354.0,10,26.962000000000003
1178,-0.085,27.591,-0.017,30.039,-0.459,24.293000000000003,5.762974926199141,3.2865090522722094,6.425740023253289,2356.0,10,26.962000000000003
1179,-0.153,28.441000000000003,-0.119,30.209000000000003,-0.221,25.109,5.101019898020395,4.128773494150971,5.401210938271323,2358.0,10,26.962000000000003
1180,-0.153,26.299000000000003,0.493,28.815,0.119,23.375,5.452841094328717,2.560761939410398,6.591896515510126,2360.0,10,26.962000000000003
1181,-0.221,28.169,0.017,29.937,-0.5950000000000001,22.933000000000003,7.03068702190618,2.9144812120420958,7.549648866646505,2362.0,10,26.962000000000003
1182,0.153,22.185,0.187,24.021,-0.493,18.513,5.549816573545472,3.151319795561966,6.399830409186872,2364.0,10,26.962000000000003
1183,0.153,20.876,0.425,24.463,0.459,15.963,8.500067999728003,3.813584580662983,9.457532134318802,2366.0,10,26.962000000000003
1184,0.051,21.59,-0.527,28.543000000000003,0.6970000000000001,14.297,14.298485654082397,3.832134054387053,15.491408498608054,2368.0,10,26.962000000000003
1185,0.051,17.527,-0.085,24.429,0.8330000000000001,11.169,13.291738938152523,5.662161678103246,13.748519772333577,2370.0,10,26.962000000000003
1186,0.493,17.221,-0.459,23.443,0.799,8.823,14.674023442805318,4.397963702023308,15.20235566835592,2372.0,10,26.962000000000003
1187,0.238,15.045000000000002,-0.119,19.601000000000003,0.7310000000000001,9.605,10.032074361765869,3.8422991178570656,11.023721437740647,2374.0,10,26.962000000000003
1188,0.391,14.059,-0.561,20.179,0.527,5.389,14.829964396450858,5.464310633520553,15.572193632605453,2376.0,10,26.962000000000003
1189,0.493,11.033,-0.357,15.147,0.799,3.791,11.414686679887453,4.001653876173397,12.319984004346114,2378.0,10,26.962000000000003
1190,0.323,10.387,0.255,21.403,0.561,3.1790000000000003,18.226568848798724,5.011133132014223,19.04430751855451,2380.0,10,26.962000000000003
1191,0.323,9.367,0.187,16.745,0.7310000000000001,3.1790000000000003,13.576902886888456,4.083411670994066,14.157437540532069,2382.0,10,26.962000000000003
1192,0.153,11.135000000000002,-0.255,16.711000000000002,0.493,4.471,12.262834256402556,4.714950884882022,13.320696076987025,2384.0,10,26.962000000000003
1193,-0.017,11.373,0.765,16.065,0.527,3.961,12.106339661516191,4.928552726386743,13.05979638938446,2386.0,10,26.962000000000003
1194,0.357,9.333,0.493,14.263000000000002,0.765,4.2330000000000005,10.033687457759486,3.594341338945082,10.933633686948202,2388.0,10,26.962000000000003
1195,0.153,6.953,0.527,15.521,0.017,1.275,14.25512595524852,4.6244350114773445,15.388603105322645,2390.0,10,26.962000000000003
1196,0.323,6.613,0.527,12.291,-0.425,1.105,11.22643754714736,3.808687788425468,12.961728815547344,2392.0,10,26.962000000000003
1197,0.323,5.423,-0.5950000000000001,11.033,-0.6970000000000001,-1.887,12.920402625305451,4.617437816425015,13.968245918701388,2394.0,10,26.962000000000003
1198,0.323,3.451,-0.119,8.449,0.187,-3.145,11.598037420184502,4.782559389044167,12.065278829033028,2396.0,10,26.962000000000003
1199,0.051,4.590000000000001,-0.221,11.407,-0.289,-3.927000000000001,15.334150775311947,5.198498570223463,16.022033960818593,2398.0,10,26.962000000000003
1200,0.255,2.975,0.051,8.483,0.357,-1.819,10.30654355252041,3.7730388363881313,11.734358922853868,2400.0,10,26.962000000000003
1201,0.153,2.397,0.391,9.401,-0.323,-4.675000000000001,14.0940970622456,5.13829421598397,15.35144682816842,2402.0,10,26.962000000000003
1202,0.255,1.3090000000000002,-0.051,6.1370000000000005,0.153,-5.729,11.8677534521071,3.848897322222941,13.605087588501492,2404.0,10,26.962000000000003
1203,0.017,0.187,-0.765,4.539000000000001,0.5950000000000001,-5.049,9.683973564606628,4.499147345186196,10.66533772648165,2406.0,10,26.962000000000003
1204,0.425,0.629,-0.085,5.219,-0.493,-4.607,9.834466940307442,4.058645398111968,11.85281863389562,2408.0,10,26.962000000000003
1205,0.459,1.207,-0.085,5.389,-0.493,-6.001,11.397305120071149,4.7494001449293375,12.050925528603344,2410.0,10,26.962000000000003
1206,0.153,0.986,0.8330000000000001,7.259,0.527,-4.811,12.073878250172976,3.7322358382133274,12.760261166812713,2412.0,10,26.962000000000003
1207,0.085,0.425,0.425,5.151000000000001,-0.119,-4.641,9.80709946926205,3.481574416445517,10.96965514731935,2414.0,10,26.962000000000003
1208,0.085,0.935,-0.017,6.987,-0.459,-4.845000000000001,11.84025286892134,5.139316812674782,13.805101844392263,2416.0,10,26.962000000000003
1209,-0.085,1.003,-0.391,6.511,-0.425,-4.301,10.812053458987336,4.866008014041811,12.285531131406614,2418.0,10,26.962000000000003
1210,0.153,1.887,-0.085,6.9190000000000005,-0.493,-4.131,11.057529742216389,5.022386902437702,12.16606285195478,2420.0,10,26.962000000000003
1211,0.425,2.9410000000000003,-0.323,7.735,-0.323,-4.165,11.9,4.914711085507261,12.788706129869857,2422.0,10,26.962000000000003
1212,-0.017,2.873,-0.085,8.959000000000001,-0.289,-4.4030000000000005,13.363557161175311,5.427566211805975,14.168079896268589,2424.0,10,26.962000000000003
1213,0.051,3.791,0.8330000000000001,11.237,-0.493,-3.791,15.086386578634396,5.755929068123227,16.838844027238782,2426.0,10,26.962000000000003
1214,0.119,3.4170000000000003,0.051,8.619,-0.085,-4.165,12.78472338378895,5.640996919664095,13.798499613226491,2428.0,10,26.962000000000003
1215,-0.017,1.649,-0.051,6.817,-0.289,-4.199000000000001,11.018570687707188,4.76540157118111,11.88582855933524,2430.0,10,26.962000000000003
1216,0.051,-0.153,0.085,4.743,0.051,-4.335,9.078063670188705,4.018392246686397,9.646536159861132,2432.0,10,26.962000000000003
1217,0.017,0.901,,,,,9.078063670188705,3.7576117006568666,,2434.0,10,26.962000000000003
1218,0.391,1.955,-0.629,5.899,-0.323,-5.151000000000001,11.054236111102387,4.445489953680026,11.957691935725318,2436.0,10,26.962000000000003
1219,-0.085,0.969,-0.765,6.409000000000001,-0.459,-5.321000000000001,11.733990625528897,4.632541888743168,12.562865112714269,2438.0,10,26.962000000000003
1220,0.051,-1.0710000000000002,-0.425,2.737,-0.527,-4.505,7.242718274239308,3.0239695832471667,8.041603452565951,2440.0,10,26.962000000000003
1221,0.119,0.119,-0.5950000000000001,4.471,-0.459,-5.355,9.826941131399945,4.506821023568527,10.590927429280164,2442.0,10,26.962000000000003
1222,-0.017,0.221,,,,,9.826941131399945,4.5276571065568,,2444.0,10,26.962000000000003
1223,0.323,-0.527,-0.289,5.1850000000000005,-0.799,-6.035,11.231584928228074,3.046155250127342,12.130949766976263,2446.0,10,26.962000000000003
1224,0.051,-1.513,0.323,2.567,-0.493,-5.1850000000000005,7.794829055213462,3.1078596894794863,9.337121120765822,2448.0,10,26.962000000000003
1225,0.221,0.663,0.493,7.157000000000001,-0.289,-4.267,11.45073360095326,3.6114888295085135,13.12066537137571,2450.0,10,26.962000000000003
1226,-0.119,-0.153,-0.289,5.1850000000000005,0.051,-6.035,11.225150333069042,4.402147231646376,12.100379606570383,2452.0,10,26.962000000000003
1227,-0.051,1.377,-0.085,6.511,0.323,0.901,5.624816797016593,4.585426997269984,6.287735175559948,2454.0,10,26.962000000000003
1228,-0.085,-0.527,-0.6970000000000001,3.451,0.391,-5.389,8.906702195537921,3.3794766128061395,10.309803739304623,2456.0,10,26.962000000000003
1229,-0.051,0.323,0.459,8.279,0.6970000000000001,-5.729,14.010021698769778,3.7045241905480335,16.318309131990834,2458.0,10,26.962000000000003
1230,-0.119,-0.5950000000000001,0.5950000000000001,2.669,-0.527,-5.797000000000001,8.540025761085268,3.9851178999937713,9.36414486181124,2460.0,10,26.962000000000003
1231,-0.187,-0.459,0.561,2.567,0.561,-4.165,6.732,2.7887944584551416,8.692487007546738,2462.0,10,26.962000000000003
1232,-0.289,-0.493,0.765,2.5330000000000004,0.799,-3.927000000000001,6.460089473064596,2.820416748964209,8.672370416374617,2464.0,10,26.962000000000003
1233,-0.085,-0.051,0.323,4.165,-0.459,-6.069000000000001,10.263833591792103,2.913086573313288,11.375340338975672,2466.0,10,26.962000000000003
1234,0.119,0.901,0.357,6.273000000000001,0.561,-5.321000000000001,11.595794582519993,3.790078083041423,12.839446609330434,2468.0,10,26.962000000000003
1235,-0.255,1.3090000000000002,0.5950000000000001,4.845000000000001,0.561,-5.695,10.540054838567018,3.935805022628253,11.501668857326884,2470.0,10,26.962000000000003
1236,-0.153,-0.391,-0.425,4.301,0.425,-5.423,9.761079653399005,3.691015556643712,10.618308735333908,2472.0,10,26.962000000000003
1237,-0.153,1.683,-0.255,-0.153,0.5950000000000001,-5.797000000000001,5.7076471509721065,3.4456886467003955,6.070406839177788,2474.0,10,26.962000000000003
1238,0.187,1.3090000000000002,0.493,5.9670000000000005,-0.663,-0.119,6.194814928631848,3.685068611682971,6.794343867766745,2476.0,10,26.962000000000003
1239,0.085,-1.853,0.085,-0.187,0.119,-5.899,5.71210118957989,3.948391131577365,6.675542773752106,2478.0,10,26.962000000000003
1240,-0.289,-0.561,-0.629,2.907,0.425,-5.797000000000001,8.767584159847,4.488998118431294,9.20041472559536,2480.0,10,26.962000000000003
1241,-0.255,-1.241,-0.255,3.859,0.187,-5.355,9.22459538408054,3.4381190749976174,10.744538756432435,2482.0,10,26.962000000000003
1242,-0.051,-0.5950000000000001,-0.289,5.253,-0.323,-5.049,10.302056105457783,3.683269161198444,11.057973056224968,2484.0,10,26.962000000000003
1243,0.051,0.6970000000000001,-0.085,8.517000000000001,-0.5950000000000001,-6.273000000000001,14.798790491117847,4.173076070412595,15.812070243754604,2486.0,10,26.962000000000003
1244,-0.017,1.173,0.221,12.155,-0.6970000000000001,-7.157000000000001,19.333806350535323,5.362680024523107,19.93508375926772,2488.0,10,26.962000000000003
1245,-0.153,-1.3090000000000002,-0.289,4.505,-0.425,-6.545000000000001,11.050836891385195,4.63878966529516,12.167774966109338,2490.0,10,26.962000000000003
1246,-0.051,-1.3430000000000002,-0.187,3.825,0.221,-8.483,12.314760574205248,3.9806839977961306,14.812007442150572,2492.0,10,26.962000000000003
1247,-0.153,-2.635,0.255,3.3830000000000005,0.085,-6.9190000000000005,10.303402544790726,2.9319810003410223,12.254840535196514,2494.0,10,26.962000000000003
1248,-0.017,-2.7710000000000004,0.221,1.887,0.5950000000000001,-8.211,10.10492355240751,3.2002162851965745,12.486252895761895,2496.0,10,26.962000000000003
1249,0.221,-1.241,0.221,4.097,0.527,-7.939000000000001,12.039889202148002,4.748251142957889,12.843334454960326,2498.0,10,26.962000000000003
1250,0.017,-2.431,0.017,2.329,0.663,-10.353000000000002,12.698442424171558,3.9641891102857,14.29353327676238,2500.0,10,26.962000000000003
1251,0.051,-3.757,0.085,1.819,0.493,-7.497000000000001,9.324930026547117,3.0553831213524787,10.583703689262965,2502.0,10,26.962000000000003
1252,0.051,-3.349,-0.7310000000000001,0.8330000000000001,0.7310000000000001,-7.089,8.0557760644149,2.7890762622763807,9.38371412135796,2504.0,10,26.962000000000003
1253,0.153,-2.975,0.6970000000000001,1.683,0.5950000000000001,-7.973000000000001,9.656538717366592,3.3291103766156587,11.617613096957363,2506.0,10,26.962000000000003
1254,-0.085,-3.927000000000001,-0.017,-3.213,0.663,-11.271,8.086641082674562,4.303903540682574,9.16553685019634,2508.0,10,26.962000000000003
1255,0.153,-3.043,-0.119,3.587,0.765,-10.591,14.205532021012097,4.2685760337803975,15.060660833965503,2510.0,10,26.962000000000003
1256,0.221,-4.505,-0.459,3.281,0.493,-11.373,14.684890874637102,4.752905347596763,15.64167686741883,2512.0,10,26.962000000000003
1257,0.323,-4.097,-0.425,3.281,0.7310000000000001,-13.753,17.073180488708015,5.581982076636312,17.824998252094705,2514.0,10,26.962000000000003
1258,0.255,-6.103000000000001,0.663,-0.153,-0.051,-12.631,12.498411099015748,4.643298342945546,13.477076796882296,2516.0,10,26.962000000000003
1259,-0.017,-7.735,0.6970000000000001,-0.459,-0.153,-15.249,14.814405151743356,5.304039234058189,15.845802401506775,2518.0,10,26.962000000000003
1260,0.017,-7.973000000000001,-0.289,-1.819,-0.527,-13.991,12.174326593286382,3.7216193929448846,13.715460378372391,2520.0,10,26.962000000000003
1261,-0.051,-8.075000000000001,-0.663,-0.935,0.357,-13.923000000000002,13.02799078906644,4.139819600448094,14.995525932347418,2522.0,10,26.962000000000003
1262,0.187,-9.571000000000002,-0.153,-0.799,0.153,-18.105,17.30870509310272,5.467783291221732,19.111440874497436,2524.0,10,26.962000000000003
1263,0.119,-10.013,-0.289,-4.437,0.5950000000000001,-15.385000000000002,10.983631457764778,3.580091642665011,12.079717880101349,2526.0,10,26.962000000000003
1264,0.017,-10.285,0.051,-3.5530000000000004,0.425,-16.269000000000002,12.72149881106782,3.693384146896401,13.758292890613072,2528.0,10,26.962000000000003
1265,0.017,-12.801,-0.459,-5.593,0.6970000000000001,-18.581000000000003,13.039343541758535,5.029338153823564,13.848713814536472,2530.0,10,26.962000000000003
1266,-0.017,-11.679,-0.289,-4.369000000000001,0.6970000000000001,-19.873,15.535321432142949,5.374483062400903,16.508695157414248,2532.0,10,26.962000000000003
1267,0.153,-12.223,-0.289,-4.811,0.527,-19.431,14.642754385702167,4.491626876412951,16.031689018846304,2534.0,10,26.962000000000003
1268,0.119,-15.589,-0.221,-7.191000000000001,0.289,-20.995,13.813417969496182,4.19424875899438,14.967159908529103,2536.0,10,26.962000000000003
1269,0.255,-15.827000000000002,0.051,-9.095,0.663,-22.899,13.817559842461332,4.382957780411465,14.371400191500806,2538.0,10,26.962000000000003
1270,0.187,-15.521,-0.357,-8.891,0.629,-21.675,12.821967555722486,3.777335745892757,13.627082538686684,2540.0,10,26.962000000000003
1271,0.119,-17.289,-0.153,-9.027,0.425,-22.389000000000003,13.374495429734912,4.121912879851125,13.840136478688509,2542.0,10,26.962000000000003
1272,0.187,-14.467,0.357,-8.959000000000001,-0.357,-21.913,12.973662243175596,4.469909047825619,13.492645638075125,2544.0,10,26.962000000000003
1273,-0.221,-14.773,-0.017,-10.931,0.493,-18.173,7.259935536903892,2.395329323878536,8.023742509798838,2546.0,10,26.962000000000003
1274,-0.119,-17.323,-0.323,-12.801,-0.323,-18.241,5.44,2.7204739638076125,7.894082463687665,2548.0,10,26.962000000000003
1275,0.255,-13.073,0.7310000000000001,-7.497000000000001,0.6970000000000001,-17.731,10.234056478249473,3.726785239616341,11.12969691218158,2550.0,10,26.962000000000003
1276,0.289,-15.895,0.289,-9.197,-0.085,-22.423,13.231286861072888,4.14112071982778,13.723495558991209,2552.0,10,26.962000000000003
1277,0.119,-20.434,0.153,-14.365,0.425,-25.449,11.087336921010383,3.8785820741715686,12.501580526413465,2554.0,10,26.962000000000003
1278,0.221,-18.649,0.051,-8.823,0.221,-26.537000000000003,17.714815720181793,5.208558249869269,19.08183650371248,2556.0,10,26.962000000000003
1279,-0.085,-15.861,0.323,-12.121,0.255,-19.635,7.514307686008073,2.9902431080051115,8.447538053694569,2558.0,10,26.962000000000003
1280,-0.323,-18.309,0.323,-12.699000000000002,-0.119,-25.993,13.301345796572615,4.02832858549802,14.016068838243491,2560.0,10,26.962000000000003
1281,-0.323,-20.553,-0.255,-15.929,-0.119,-26.571,10.64286897410656,3.941035410498678,11.449146468350666,2562.0,10,26.962000000000003
1282,-0.187,-23.749,-0.6970000000000001,-20.723000000000003,-0.799,-27.523000000000003,6.800764956973591,3.770517573318103,7.556706606132717,2564.0,10,26.962000000000003
1283,-0.255,-23.341,-0.6970000000000001,-18.411,0.357,-30.447000000000003,12.082061579051814,5.459268235932905,12.516963414078935,2566.0,10,26.962000000000003
1284,-0.255,-21.199,-0.799,-14.059,-0.969,-28.339,14.281011868911811,4.223672764124951,15.849331614522676,2568.0,10,26.962000000000003
1285,-0.153,-21.641,-0.085,-17.391000000000002,-0.561,-26.231,8.852806108799628,3.5663057490423022,9.589040359247566,2570.0,10,26.962000000000003
1286,0.187,-21.063,-0.901,-16.541,-0.901,-28.849000000000004,12.308000000000002,4.562177520956582,13.766719089030175,2572.0,10,26.962000000000003
1287,-0.017,-23.375,-0.8670000000000001,-18.207,-0.561,-30.447000000000003,12.243824402530446,3.980658003795581,13.31685863834577,2574.0,10,26.962000000000003
1288,-0.085,-23.443,0.119,-17.493000000000002,0.085,-27.829,10.336055920901355,3.3666283814536078,11.213453259010764,2576.0,10,26.962000000000003
1289,-0.153,-24.633000000000003,0.493,-20.043000000000003,0.561,-30.787000000000003,10.744215187718458,4.652614758562566,11.986936538912294,2578.0,10,26.962000000000003
1290,-0.153,-25.687,-0.7310000000000001,-21.471,-0.289,-31.399,9.937834170482017,3.167244061185873,11.488286816598247,2580.0,10,26.962000000000003
1291,-0.221,-29.019,0.153,-22.729000000000003,-0.221,-33.541000000000004,10.818466619627758,3.334618651821552,11.880834889795931,2582.0,10,26.962000000000003
1292,-0.289,-29.053,-0.765,-24.157,-0.6970000000000001,-35.615,11.458201778638742,4.743552656598933,12.281026898361736,2584.0,10,26.962000000000003
1293,-0.391,-31.331000000000003,-0.493,-24.667,-0.085,-36.057,11.397305120071149,3.6208968254487113,12.26043451005176,2586.0,10,26.962000000000003
1294,-0.187,-30.515,-0.221,-23.375,-0.663,-36.023,12.6557207617741,3.6824469213905937,13.712390039702434,2588.0,10,26.962000000000003
1295,-0.119,-29.937,-0.527,-24.293000000000003,-0.935,-36.159000000000006,11.873012254689204,4.440330430907509,12.747229836926737,2590.0,10,26.962000000000003
1296,-0.221,-29.325000000000003,-0.765,-23.409,-0.527,-36.227,12.820209358664936,5.341619558916109,13.438786611969924,2592.0,10,26.962000000000003
1297,-0.323,-29.291,-0.901,-21.811,-0.561,-35.819,14.012125606059918,5.278152691028342,14.671723508906,2594.0,10,26.962000000000003
1298,-0.357,-30.889000000000003,-0.629,-23.987,-1.0710000000000002,-38.505,14.52472677884166,6.221872512760094,15.087599670168592,2596.0,10,26.962000000000003
1299,-0.221,-32.623000000000005,0.119,-26.945,-0.8670000000000001,-38.301,11.398725016421794,3.934436320004085,12.138128357253434,2598.0,10,26.962000000000003
1300,0.051,-33.099000000000004,0.187,-27.489,-1.955,-42.007000000000005,14.675165689013532,4.66264791658314,15.223122870785616,2600.0,10,26.962000000000003
1301,-0.459,-36.091,-1.003,-31.603,-2.091,-41.327000000000005,9.784677817894671,4.019627947717848,10.78431232495638,2602.0,10,26.962000000000003
1302,-0.289,-36.295,-0.459,-31.467,-1.003,-42.517,11.0633826653515,3.78549990474432,11.646992591505263,2604.0,10,26.962000000000003
1303,-0.5950000000000001,-38.522000000000006,-0.663,-32.691,-0.765,-43.163,10.47249674146524,3.993158199540612,11.156935935060208,2606.0,10,26.962000000000003
1304,-0.493,-39.015,0.153,-33.439,0.255,-47.345000000000006,13.906374078098144,4.976486540793053,14.826605259321552,2608.0,10,26.962000000000003
1305,-0.459,-39.253,-0.289,-32.555,0.663,-46.087,13.565446103980513,3.7845760226659846,15.12863511752461,2610.0,10,26.962000000000003
1306,-0.561,-41.939,-0.357,-35.071000000000005,1.241,-46.801,11.83834887135871,3.525662618760788,13.236300125715122,2612.0,10,26.962000000000003
1307,0.051,-41.089000000000006,-0.527,-34.527,0.527,-46.903000000000006,12.420800779337862,4.422258061427837,14.100999755518565,2614.0,10,26.962000000000003
1308,0.051,-42.279,0.391,-34.493,1.785,-46.86900000000001,12.454260797012404,3.863321241431103,14.393079199829446,2616.0,10,26.962000000000003
1309,-0.8330000000000001,-42.755,0.391,-35.173,2.091,-46.801,11.751611974533535,3.655286281757145,14.691544691851233,2618.0,10,26.962000000000003
1310,-1.037,-42.585,-0.8330000000000001,-35.955000000000005,1.819,-47.311,11.661553927328896,4.636370193166576,14.130729942815332,2620.0,10,26.962000000000003
1311,-0.901,-41.361,-0.051,-36.533,1.173,-47.345000000000006,10.881062448125183,4.437917698146278,12.919104166261612,2622.0,10,26.962000000000003
1312,-0.629,-42.347,0.357,-40.307,3.0090000000000003,-44.047,4.58483413004222,2.9578864171688606,11.808111616899495,2624.0,10,26.962000000000003
1313,-0.051,-43.435,-0.323,-40.307,0.459,-46.665000000000006,6.405910395876608,3.1139625349880453,11.522351882502148,2626.0,10,26.962000000000003
1314,0.204,-43.163,-0.153,-40.341,1.377,-46.86900000000001,6.704899999254277,2.8318735791325462,11.97774855865002,2628.0,10,26.962000000000003
1315,0.017,-43.775000000000006,-0.799,-40.409000000000006,-0.527,-47.107000000000006,6.703520567582381,2.2376030032157184,11.382094029721957,2630.0,10,26.962000000000003
1316,0.153,-43.095000000000006,-0.765,-40.443000000000005,-1.275,-47.753,7.327769101165784,2.6282519460722784,14.473038788221391,2632.0,10,26.962000000000003
1317,0.153,-42.245000000000005,0.391,-40.341,-1.5810000000000002,-47.821000000000005,7.735579099201301,2.6443149583188457,16.49457405099931,2634.0,10,26.962000000000003
1318,-0.051,-42.177,-1.411,-40.749,-0.5950000000000001,-47.855,7.152698232135898,2.548911145458832,14.1489114563022,2636.0,10,26.962000000000003
1319,0.119,-42.551,-1.853,-42.449000000000005,1.955,-45.543000000000006,4.906495694485017,1.949648924411488,10.03908758418944,2638.0,10,26.962000000000003
1320,0.459,-45.101000000000006,-1.649,-42.551,2.193,-44.931,4.519442886020356,2.3870379723647464,10.16782575464015,2640.0,10,26.962000000000003
1321,0.323,-44.489,-1.207,-43.061,1.5810000000000002,-45.373000000000005,3.621917724079331,2.353026837152885,5.944309914587563,2642.0,10,26.962000000000003
1322,0.187,-44.523,-2.805,-43.095000000000006,3.2470000000000003,-43.537000000000006,6.068118983671959,2.7418741301210074,9.48087122409544,2644.0,10,26.962000000000003
1323,0.935,-44.42100000000001,-1.139,-44.115,2.329,-43.945,3.4721641666257663,2.0684808328220528,5.411935458851481,2646.0,10,26.962000000000003
1324,0.561,-43.945,-2.125,-44.285,2.397,-41.905,5.110076711752966,2.478452354254986,7.299743808015019,2648.0,10,26.962000000000003
1325,0.425,-44.336000000000006,-4.063000000000001,-44.285,1.853,-41.633,6.483221421484847,2.65912757559443,10.31536279406748,2650.0,10,26.962000000000003
1326,0.561,-44.183,-0.935,-43.537000000000006,2.5330000000000004,-42.177,3.725134091546236,2.2682432884193804,8.505708508014775,2652.0,10,26.962000000000003
1327,-0.085,-45.849,-1.785,-44.217000000000006,3.0770000000000004,-43.503,4.914146924950455,2.604417619072519,11.742346224829786,2654.0,10,26.962000000000003
1328,-0.629,-46.529,-1.445,-44.251000000000005,2.261,-45.543000000000006,3.924754769409167,2.0509991894987856,9.48302197467506,2656.0,10,26.962000000000003
1329,-0.765,-46.325,-3.5530000000000004,-46.257000000000005,2.601,-45.475,6.203486116692775,2.6227474550844443,7.855200503214291,2658.0,10,26.962000000000003
1330,-0.969,-47.039,-3.859,-43.469,2.601,-45.747,6.849882042780007,3.128225989628547,11.292443581784298,2660.0,10,26.962000000000003
1331,0.425,-46.631,-3.3830000000000005,-46.733,1.275,-44.455000000000005,5.185195078297441,2.581271339793428,8.07476849466461,2662.0,10,26.962000000000003
1332,-0.289,-46.665000000000006,-3.893,-45.849,1.5810000000000002,-45.883,5.474105589043749,2.56349245067517,7.367433325124533,2664.0,10,26.962000000000003
1333,-0.017,-46.631,-3.587,-46.597,2.907,-43.027,7.410596197337972,2.80712690473048,10.641222726265951,2666.0,10,26.962000000000003
1334,-0.8670000000000001,-46.019000000000005,-1.819,-46.529,2.737,-42.789,5.89446655771326,2.593616888960236,13.05926168403814,2668.0,10,26.962000000000003
1335,-2.057,-45.475,-2.1590000000000003,-43.809000000000005,2.907,-42.789,5.167664462791679,2.967277382241805,14.174063605695842,2670.0,10,26.962000000000003
1336,-1.751,-45.237,-2.261,-41.157,2.329,-43.129000000000005,4.995686539405771,2.758083946963706,15.545111892122662,2672.0,10,26.962000000000003
1337,-0.6970000000000001,-46.121,-2.907,-45.781000000000006,2.4650000000000003,-44.965,5.43362126026465,1.8590857937128007,7.354741634600443,2674.0,10,26.962000000000003
1338,-0.187,-45.679,-2.193,-45.203,2.397,-42.449000000000005,5.352813839467986,2.0816702532361204,8.587695453018664,2676.0,10,26.962000000000003
1339,-1.003,-44.795,-2.057,-45.033,0.561,-43.163,3.2172696498739426,0.9282276972586312,4.192529353514237,2678.0,10,26.962000000000003
1340,-1.207,-44.489,-3.621,-42.381,-3.451,-42.245000000000005,0.2177062240727168,1.574687490157404,0.2656766472793608,2680.0,10,26.962000000000003
1341,-0.459,-45.169,-3.0090000000000003,-43.639,-0.357,-47.073,4.338831639969452,1.6880815219533982,7.990140772531911,2682.0,10,26.962000000000003
1342,-0.8670000000000001,-44.387,-3.4850000000000003,-42.313,1.207,-47.175,6.756767570369726,2.3217702065125936,7.897054191560209,2684.0,10,26.962000000000003
1343,-1.105,-44.523,-3.451,-42.109,2.261,-46.495000000000005,7.201662308106373,2.3684760353566894,8.600900821572994,2686.0,10,26.962000000000003
1344,-0.901,-43.741,-1.0710000000000002,-40.919,2.2270000000000003,-45.543000000000006,5.679628508978382,2.168082736310452,7.93022592833696,2688.0,10,26.962000000000003
1345,-0.255,-42.177,-1.003,-38.369,1.3090000000000002,-44.727,6.765316548395944,2.99675433755879,7.208089645454994,2690.0,10,26.962000000000003
1346,-1.4280000000000002,-43.979000000000006,-0.765,-39.083000000000006,-2.805,-44.591,5.873641459946291,2.332554701241905,7.978956533068308,2692.0,10,26.962000000000003
1347,-0.901,-43.775000000000006,-0.935,-40.069,-1.3090000000000002,-41.429,1.410487858863025,1.6910375049681046,2.2051640056399,2694.0,10,26.962000000000003
1348,0.6970000000000001,-44.217000000000006,0.051,-40.511,0.493,-41.871,1.4300223774472902,1.5946248592168617,1.664894699981719,2696.0,10,26.962000000000003
1349,0.901,-44.625,0.289,-39.015,0.085,-39.185,0.2655484889808263,2.69184321097096,,2698.0,10,26.962000000000003
1350,1.3090000000000002,-43.775000000000006,-2.567,-41.837,1.479,-47.209,6.725213751249845,2.099434423867613,11.74978241331194,2700.0,10,26.962000000000003
1351,1.3430000000000002,-43.707,-1.173,-40.851000000000006,1.3090000000000002,-43.163,3.3920005896225907,2.2433317123305945,5.060006940083976,2702.0,10,26.962000000000003
1352,1.105,-44.42100000000001,-1.751,-43.231,-0.561,-43.673,1.269434519776424,1.6699584279087298,1.5482946135890014,2704.0,10,26.962000000000003
1353,0.561,-44.693000000000005,-4.199000000000001,-44.761,3.043,-43.231,7.401855443062909,2.086220916856685,8.824574411891756,2706.0,10,26.962000000000003
1354,0.017,-45.203,-4.165,-45.033,2.023,-43.265,6.435617142123979,2.431827929976897,10.62792611136963,2708.0,10,26.962000000000003
1355,-0.493,-44.42100000000001,-3.995,-45.849,2.737,-42.619,7.466774671837902,2.29000136184412,9.305911586385587,2710.0,10,26.962000000000003
1356,-0.119,-44.931,-3.723,-45.067,0.765,-42.857000000000006,5.002623711613737,2.449298062828689,7.639563521486813,2712.0,10,26.962000000000003
1357,-0.323,-44.251000000000005,-3.0090000000000003,-45.645,0.799,-45.271,3.826321993768951,1.7354522709019116,9.525173293334818,2714.0,10,26.962000000000003
1358,-0.289,-43.673,-0.969,-46.359,1.3430000000000002,-44.999,2.682339277570979,1.9979748837917144,11.385236880691837,2716.0,10,26.962000000000003
1359,-0.561,-43.265,-2.091,-46.86900000000001,2.7030000000000003,-43.571000000000005,5.818869305973456,2.366279430512127,10.006370954046774,2718.0,10,26.962000000000003
1360,-0.255,-44.251000000000005,-2.023,-46.155,3.145,-45.271,5.243060175126736,2.276585575495284,11.79090532200145,2720.0,10,26.962000000000003
1361,0.051,-43.605,-0.5950000000000001,-46.801,3.043,-45.305,3.933581065644892,2.2461601022461464,13.857327397553336,2722.0,10,26.962000000000003
1362,0.459,-43.673,-0.8670000000000001,-47.175,3.1790000000000003,-43.911,5.198443228506012,1.8313369989645687,11.286697296419916,2724.0,10,26.962000000000003
1363,-0.255,-43.197,-1.411,-46.257000000000005,1.139,-44.387,3.162182790415507,2.2312319349867744,11.64612512203744,2726.0,10,26.962000000000003
1364,-0.323,-43.639,-3.111,-46.801,1.989,-43.809000000000005,5.912872736665317,2.339815895816547,12.681529152725174,2728.0,10,26.962000000000003
1365,-0.6970000000000001,-43.129000000000005,-3.859,-46.121,-0.323,-44.013000000000005,4.1166685560049645,2.178188418842168,13.08186053983964,2730.0,10,26.962000000000003
1366,-1.377,-41.837,-3.859,-46.019000000000005,2.2270000000000003,-42.415000000000006,7.073062420196785,2.7829355404100724,10.827607337897478,2732.0,10,26.962000000000003
1367,-2.261,-42.109,-3.519,-46.835,1.445,-42.789,6.404015302917382,2.817362942667964,11.800882082139072,2734.0,10,26.962000000000003
1368,-1.3090000000000002,-42.653000000000006,-3.145,-46.121,1.479,-43.911,5.124985463394018,2.340937785784358,12.417289110439128,2736.0,10,26.962000000000003
1369,-0.187,-44.523,-1.649,-43.197,2.7030000000000003,-42.415000000000006,4.421699673202603,1.728693447876717,10.862528194749489,2738.0,10,26.962000000000003
1370,-1.0710000000000002,-42.585,-1.037,-38.641000000000005,1.853,-42.891000000000005,5.139513595662531,2.189818658733991,11.029267520778353,2740.0,10,26.962000000000003
1371,-0.425,-41.225,-0.493,-35.037,1.445,-44.659000000000006,9.815229391104417,3.2799174650420344,12.840044522309512,2742.0,10,26.962000000000003
1372,-0.527,-41.157,-0.459,-37.213,0.663,-43.911,6.791324465816665,2.592860295456131,8.988407454350774,2744.0,10,26.962000000000003
1373,-0.187,-41.667,0.357,-36.329,-0.289,-43.605,7.304621276972544,3.370820618348524,15.458650978373718,2746.0,10,26.962000000000003
1374,-0.663,-40.987,0.153,-37.077000000000005,-2.329,-43.945,7.302721958283775,2.932151156013176,8.062106908988719,2748.0,10,26.962000000000003
1375,-0.765,-37.655,-0.561,-34.697,-1.003,-43.129000000000005,8.443576730272545,3.437011841659199,10.552956003742151,2750.0,10,26.962000000000003
1376,-0.289,-38.607,0.357,-32.419000000000004,0.901,-42.619,10.214496365460215,3.83021996033926,11.350825716038106,2752.0,10,26.962000000000003
1377,-0.153,-37.893,-0.017,-33.609,1.5810000000000002,-41.667,8.214923493252996,2.4837275850588094,11.49701710351706,2754.0,10,26.962000000000003
1378,-0.561,-36.737,0.323,-33.371,-0.527,-39.933,6.616822802523883,3.333539805904504,7.3442202420161955,2756.0,10,26.962000000000003
1379,-0.391,-36.193000000000005,-0.493,-32.215,-0.561,-39.933,7.718299553658176,3.290015042975308,9.083681889736631,2758.0,10,26.962000000000003
1380,-0.5950000000000001,-35.598000000000006,-0.493,-32.079,-0.901,-39.797,7.728776617292029,2.112472294506728,8.126198206353902,2760.0,10,26.962000000000003
1381,-0.425,-35.649,-0.5950000000000001,-31.977000000000004,-1.105,-42.415000000000006,10.450451856259614,3.930548593340241,10.985777982315806,2762.0,10,26.962000000000003
1382,-0.561,-36.397000000000006,-0.8330000000000001,-29.937,-0.901,-39.899,9.962232079207952,3.608898090920336,11.562205595993856,2764.0,10,26.962000000000003
1383,-0.561,-35.683,0.221,-30.277,-0.8330000000000001,-39.967000000000006,9.747154251369986,3.474998780782057,11.211554289573508,2766.0,10,26.962000000000003
1384,-0.663,-35.955000000000005,0.561,-29.529000000000003,-0.119,-40.035,10.527983472631403,4.158418438261661,12.073651647389587,2768.0,10,26.962000000000003
1385,-0.5950000000000001,-35.785000000000004,0.493,-27.217,-1.173,-42.517,15.390437160782666,4.3510303692900765,16.222107699281242,2770.0,10,26.962000000000003
1386,-0.119,-33.473,0.051,-27.557,-0.8670000000000001,-37.043,9.530315839467232,3.3808117405189395,10.950676918588435,2772.0,10,26.962000000000003
1387,-0.119,-31.365,-0.119,-26.945,-1.105,-38.233,11.330981422630613,3.5197418864215737,12.552822850243532,2774.0,10,26.962000000000003
1388,0.017,-31.909,-0.221,-26.469,-0.017,-36.193000000000005,9.726139624743212,3.230962622347594,10.92937155519962,2776.0,10,26.962000000000003
1389,0.017,-30.923,0.425,-26.061000000000003,0.323,-35.513000000000005,9.45255034369032,3.660455955696341,10.757543436532355,2778.0,10,26.962000000000003
1390,-0.221,-30.073,-0.7310000000000001,-24.225,-0.153,-34.629000000000005,10.42004318609093,4.374559906465762,11.766158295694796,2780.0,10,26.962000000000003
1391,-0.357,-29.427000000000003,-0.6970000000000001,-23.137,-1.003,-33.881,10.748356711609455,3.718170879773308,11.679954742319278,2782.0,10,26.962000000000003
1392,0.017,-27.064000000000004,-0.187,-22.967,0.051,-31.093000000000004,8.129484608509939,3.0199282209497675,8.714911621785182,2784.0,10,26.962000000000003
1393,-0.391,-23.783,-0.085,-19.737,-0.289,-30.311000000000003,10.575967662582938,3.299248246918026,11.915949482570284,2786.0,10,26.962000000000003
1394,-0.323,-23.341,0.017,-15.759,0.085,-28.883000000000003,13.124176164620774,3.77427868116073,14.886353639523506,2788.0,10,26.962000000000003
1395,-0.323,-21.573,0.629,-16.507,-0.425,-28.985000000000003,12.522435865277972,3.6529297284223294,13.78567708549805,2790.0,10,26.962000000000003
1396,-0.051,-22.151000000000003,0.459,-12.427,-0.969,-28.713,16.34848555677253,4.714417777422753,17.993786192521625,2792.0,10,26.962000000000003
1397,0.017,-19.193,-0.459,-13.515,-0.425,-25.721,12.206047353668591,3.736062982278721,13.260823089802912,2794.0,10,26.962000000000003
1398,-0.085,-18.989,-0.629,-11.203,-0.391,-26.027,14.825910427356565,4.441655698510506,15.941233098234989,2796.0,10,26.962000000000003
1399,-0.153,-18.207,-0.561,-9.367,-0.425,-27.149,17.78252006887663,5.529205906495411,18.45082678993437,2798.0,10,26.962000000000003
1400,-0.357,-17.697000000000003,-0.323,-12.223,-0.6970000000000001,-22.083,9.867090553957636,3.6102800418205927,10.584785127834117,2800.0,10,26.962000000000003
1401,-0.153,-14.943,0.221,-9.503,-0.6970000000000001,-20.315,10.8509017136826,4.563409982723337,11.42704701941648,2802.0,10,26.962000000000003
1402,-0.425,-14.943,-0.561,-6.239000000000001,-0.8670000000000001,-19.907,13.671424944021016,4.616372646293713,14.847304933788497,2804.0,10,26.962000000000003
1403,-0.153,-14.671,0.357,-11.883,0.289,-18.377,6.494356011183865,2.87654309391204,7.153755097203742,2806.0,10,26.962000000000003
1404,-0.085,-14.671,0.7310000000000001,-9.537,0.663,-19.907,10.370222948423049,4.716216388342421,11.309083868071488,2808.0,10,26.962000000000003
1405,-0.289,-13.311000000000002,-0.119,-8.993,-0.527,-17.459,8.47582562350123,2.573303232746036,8.75667671628949,2810.0,10,26.962000000000003
1406,-0.255,-13.362,-0.187,-7.803000000000001,-0.8670000000000001,-17.969,10.188717092941584,3.755832451387661,10.957961840359808,2812.0,10,26.962000000000003
1407,-0.051,-13.209,0.7310000000000001,-8.891,0.527,-18.683,9.79412476947277,4.115678475446018,12.077305454285067,2814.0,10,26.962000000000003
1408,-0.119,-13.957,-0.289,-6.341,-0.323,-18.037000000000003,11.696049418500248,4.954131528212975,12.227993208853183,2816.0,10,26.962000000000003
1409,-0.255,-11.509,-0.799,-5.287000000000001,0.017,-19.125,13.86203808968941,4.765507548840759,14.275829793190884,2818.0,10,26.962000000000003
1410,-0.119,-9.571000000000002,-0.323,-3.5530000000000004,-0.323,-15.147,11.594,3.89867801024205,12.321300100223365,2820.0,10,26.962000000000003
1411,-0.289,-8.177000000000001,-0.153,-4.267,-0.663,-12.325,8.074123110282628,3.5667965917493767,9.011521657431958,2822.0,10,26.962000000000003
1412,0.017,-7.769,,,,,8.074123110282628,5.21419744309111,,2824.0,10,26.962000000000003
1413,-0.085,-8.789000000000001,0.357,-1.207,0.7310000000000001,-13.583,12.381649809294398,4.7450443632290105,13.077677281307478,2826.0,10,26.962000000000003
1414,0.255,-8.245000000000001,0.153,0.459,0.255,-15.385000000000002,15.844328322778471,5.346463987273873,16.260636927630483,2828.0,10,26.962000000000003
1415,-0.085,-7.429,-0.289,-0.119,0.391,-12.257,12.157032697167514,4.717425269758336,13.581800392721766,2830.0,10,26.962000000000003
1416,-0.187,-4.811,-0.629,0.153,-0.493,-10.625,10.778858010012009,3.5058425387115197,11.754048625004296,2832.0,10,26.962000000000003
1417,0.289,-4.7090000000000005,0.5950000000000001,0.6970000000000001,-0.799,-11.237,12.01514011570402,4.674049979207893,14.508594177634327,2834.0,10,26.962000000000003
1418,0.153,-4.063000000000001,0.799,0.935,-0.459,-11.067,12.067749085890046,3.5272023184315,14.640654035761225,2836.0,10,26.962000000000003
1419,0.051,-4.131,0.8670000000000001,3.043,0.527,-10.931,13.978135641064585,3.9954354043984495,16.285272269052967,2838.0,10,26.962000000000003
1420,-0.017,-3.111,0.7310000000000001,3.519,-0.493,-9.571000000000002,13.14710142959276,4.105972706778437,14.337960540120518,2840.0,10,26.962000000000003
1421,0.323,-1.785,0.629,3.859,0.391,-7.089,10.95058665095163,4.378841797134124,11.781583271805648,2842.0,10,26.962000000000003
1422,0.323,-2.193,0.425,4.2330000000000005,0.561,-9.537,13.77067158856096,4.032118197140735,14.550724739568269,2844.0,10,26.962000000000003
1423,0.255,-1.207,0.8330000000000001,7.939000000000001,0.6970000000000001,-7.361000000000001,15.300604432505274,4.465282307197196,18.15480329023186,2846.0,10,26.962000000000003
1424,0.425,2.193,0.663,7.701,0.051,-5.287000000000001,13.002410853376384,3.5727445015360138,14.119878280879126,2848.0,10,26.962000000000003
1425,0.527,2.193,0.765,11.645,0.085,-4.301,15.960492348295526,4.908981971083225,17.040477158584867,2850.0,10,26.962000000000003
1426,0.561,5.389,0.8670000000000001,11.237,-0.459,-1.683,12.987866491460403,3.7493262193219294,13.957249899925708,2852.0,10,26.962000000000003
1427,0.289,5.219,0.901,11.849,0.6970000000000001,-0.153,12.003733585847364,4.316604262354002,13.739211798975036,2854.0,10,26.962000000000003
1428,0.187,6.035,0.8670000000000001,14.773,-0.153,-0.8330000000000001,15.63929781032384,5.812464640413662,16.5851815441477,2856.0,10,26.962000000000003
1429,0.391,8.143,-0.221,13.413,0.493,0.8670000000000001,12.566300648957911,3.9339099819617447,13.650366707041004,2858.0,10,26.962000000000003
1430,0.391,7.395,-0.323,12.325,0.7310000000000001,1.445,10.93093390337715,4.405440323280197,12.353686568848197,2860.0,10,26.962000000000003
1431,0.493,7.837000000000001,-0.289,11.849,0.7310000000000001,1.717,10.18321285253333,3.299264298303635,11.753115921230195,2862.0,10,26.962000000000003
1432,0.255,7.055000000000001,0.255,14.093000000000002,0.765,3.145,10.959872444513213,3.964126643333031,11.562509820901605,2864.0,10,26.962000000000003
1433,0.119,7.854000000000001,0.6970000000000001,14.433000000000002,0.493,0.289,14.145471077344864,4.680402257981888,15.017464601159318,2866.0,10,26.962000000000003
1434,0.187,8.891,-0.255,16.949,0.765,3.111,13.875541214669791,4.843066547842636,14.353207717398666,2868.0,10,26.962000000000003
1435,0.017,8.959000000000001,0.017,15.147,-0.153,5.083,10.065435708403289,3.913789320868287,11.177793012211282,2870.0,10,26.962000000000003
1436,0.153,10.761,0.7310000000000001,17.629,0.391,4.981000000000001,12.65256906718948,5.091929486398816,13.548886502524986,2872.0,10,26.962000000000003
1437,0.085,11.645,-0.5950000000000001,15.453,0.187,7.293,8.197385192852657,4.683671601979589,8.78092026437868,2874.0,10,26.962000000000003
1438,0.153,13.991,0.8670000000000001,18.615,-0.289,9.877,8.814135238354357,3.594400567725086,11.033240070452514,2876.0,10,26.962000000000003
1439,0.289,13.651000000000002,0.7310000000000001,20.791,-0.255,10.489,10.349077253552608,4.335097437742868,11.55663274026906,2878.0,10,26.962000000000003
1440,0.255,16.609,-0.255,21.777,0.017,10.115,11.665171580392634,3.722569532052729,13.149584465273788,2880.0,10,26.962000000000003
1441,0.017,15.317000000000002,0.051,22.525,-0.119,11.033,11.493257327668257,3.660820849082983,12.750123527746346,2882.0,10,26.962000000000003
1442,0.289,18.887,-0.629,23.545,-0.119,11.271,12.284590998482612,3.1495974218573988,14.026762579632678,2884.0,10,26.962000000000003
1443,0.153,19.091,0.425,24.123,-0.221,12.427,11.713826531070024,4.211760166419412,13.173178167408665,2886.0,10,26.962000000000003
1444,0.153,20.247,-0.187,25.041,-0.493,17.187,7.859958778517862,3.31600075954142,8.692780857867644,2888.0,10,26.962000000000003
1445,0.323,19.805,0.323,23.715000000000003,-0.629,16.949,6.832646632162387,4.177456257090649,7.48895170519244,2890.0,10,26.962000000000003
1446,-0.119,22.78,-0.493,27.523000000000003,-0.289,19.431,8.094571020134422,2.825811256047416,9.462375830778848,2892.0,10,26.962000000000003
1447,-0.085,22.491000000000003,-0.017,27.285000000000004,-0.357,18.785,8.506797282173828,3.000530899293897,9.976077875698012,2894.0,10,26.962000000000003
1448,-0.119,22.253,-0.289,29.189000000000004,-0.629,18.683,10.511500178376064,4.286643854465624,11.780841339570827,2896.0,10,26.962000000000003
1449,0.187,24.633000000000003,-0.323,30.141,0.119,20.451,9.700075463623982,4.655873381908642,10.634159511046043,2898.0,10,26.962000000000003
1450,0.085,26.333,0.187,29.767000000000003,0.017,19.091,10.677353417397027,4.916426307384464,11.47802475860076,2900.0,10,26.962000000000003
1451,-0.051,27.693,-0.5950000000000001,33.303000000000004,0.629,21.811,11.556999610625589,3.780093763590853,12.157197765101383,2902.0,10,26.962000000000003
1452,0.187,27.693,-0.255,33.609,0.7310000000000001,22.933000000000003,10.721435165125984,3.5700856595629764,11.95329386756578,2904.0,10,26.962000000000003
1453,-0.051,27.591,-0.459,35.547000000000004,0.221,30.141,5.448599453070487,4.911770233967917,5.969838340513543,2906.0,10,26.962000000000003
1454,0.323,30.039,,,,,5.448599453070487,3.8062678714898177,,2908.0,10,26.962000000000003
1455,0.017,31.875000000000004,-0.5950000000000001,36.771,-0.561,27.965000000000003,8.806065636821021,3.6924139550168458,9.749944308972136,2910.0,10,26.962000000000003
1456,0.408,33.235,-0.561,40.851000000000006,-0.561,26.945,13.906,5.0973395014430425,14.802349175379282,2912.0,10,26.962000000000003
1457,-0.187,33.813,-0.663,41.123000000000005,0.561,29.699,11.48938431770824,4.0574779380294,12.15349911658419,2914.0,10,26.962000000000003
1458,-0.153,37.791,-0.765,42.551,0.391,33.065000000000005,9.5561776877578,3.248972959414297,10.412251378287506,2916.0,10,26.962000000000003
1459,0.051,37.706,-2.873,44.489,0.6970000000000001,30.923,14.02787425093339,3.593294288605528,15.609048577291489,2918.0,10,26.962000000000003
1460,0.017,38.947,-2.567,42.823,-0.119,34.017,9.139931071950162,3.281749077652881,11.291340365587097,2920.0,10,26.962000000000003
1461,0.153,39.049,-2.091,44.591,0.493,34.459,10.456312925692307,3.6165410228298702,11.30404844550996,2922.0,10,26.962000000000003
1462,-0.561,41.497,-2.125,46.767,0.017,31.433000000000003,15.482884744129564,5.034646199242445,16.54584880599115,2924.0,10,26.962000000000003
1463,-0.5950000000000001,42.041,0.765,48.059000000000005,0.391,35.343,12.72149881106782,4.150084125916414,14.313271858282649,2926.0,10,26.962000000000003
1464,-0.051,43.265,1.887,45.441,0.119,38.097,7.553817577887356,3.39925896686462,10.914826767457356,2928.0,10,26.962000000000003
1465,-0.425,43.588,3.1790000000000003,47.175,-0.629,38.641000000000005,9.345053236873508,3.2612324727383,12.34832762143336,2930.0,10,26.962000000000003
1466,0.085,42.84,2.7030000000000003,46.835,-0.323,39.695,7.754758281210318,4.241534118490047,8.774454221995985,2932.0,10,26.962000000000003
1467,-0.221,42.959,2.567,46.563,-0.221,38.845000000000006,8.206123810910972,4.026104383148517,10.18328736919198,2934.0,10,26.962000000000003
1468,-0.119,42.687000000000005,3.0770000000000004,46.019000000000005,-0.391,39.015,7.815563959177866,3.827454670867647,9.919922045707349,2936.0,10,26.962000000000003
1469,-0.017,42.449000000000005,3.0770000000000004,46.223000000000006,-0.527,37.791,9.169920392238964,3.988269939837905,11.24395624782272,2938.0,10,26.962000000000003
1470,0.391,41.803,1.989,47.583000000000006,-0.527,35.683,12.16306934946932,4.1759577578221725,12.901163812557709,2940.0,10,26.962000000000003
1471,-0.153,40.919,2.431,47.413,0.323,32.997,14.569307464666949,4.430718746387834,15.831082448943794,2942.0,10,26.962000000000003
1472,0.221,40.749,1.955,47.957,-0.153,34.323,13.796000144969556,4.641199901456018,14.631530999312156,2944.0,10,26.962000000000003
1473,0.221,41.497,3.043,46.257000000000005,-0.357,34.629000000000005,12.114882748091292,4.465641449341763,13.901914636570789,2946.0,10,26.962000000000003
1474,0.119,42.177,2.9410000000000003,46.597,-0.6970000000000001,37.383,9.90620209767598,4.275512537919434,11.006768359222503,2948.0,10,26.962000000000003
1475,0.187,42.432,2.7030000000000003,47.175,-0.527,36.125,11.512402008269168,4.267235134222735,12.745543180686896,2950.0,10,26.962000000000003
1476,0.391,40.987,1.785,47.685,-0.289,35.819,12.04588859320889,4.660239372522084,13.125383450092048,2952.0,10,26.962000000000003
1477,-0.221,38.539,-2.7030000000000003,42.279,0.8670000000000001,35.853,7.351079920664719,2.8292933663082387,12.207131791296977,2954.0,10,26.962000000000003
1478,-0.119,38.165000000000006,-2.5330000000000004,43.197,0.8670000000000001,35.377,8.527156618709428,3.100524215245187,12.217799954568626,2956.0,10,26.962000000000003
1479,-0.357,39.865,-3.655,45.135000000000005,-0.391,32.419000000000004,13.128227298458846,3.5816463384868933,15.65002759512467,2958.0,10,26.962000000000003
1480,-0.561,39.763000000000005,-1.0710000000000002,44.489,-0.459,35.377,9.132529113011357,3.1262358927274,9.98502161509982,2960.0,10,26.962000000000003
1481,-0.221,39.219,1.241,47.039,-0.527,37.689,9.515688309313203,3.627696660862972,13.588400792751166,2962.0,10,26.962000000000003
1482,-0.153,42.177,0.6970000000000001,44.523,-0.493,37.349,7.272026952645322,2.525112849105502,11.163358098071514,2964.0,10,26.962000000000003
1483,0.527,42.381,-2.125,48.331,-0.153,37.519000000000005,10.9903652350593,4.27075936459456,13.370321634648247,2966.0,10,26.962000000000003
1484,0.153,43.027,-0.5950000000000001,48.127,-0.493,36.091,12.036432195630066,4.583627266211835,13.833209002801697,2968.0,10,26.962000000000003
1485,0.5950000000000001,41.769000000000005,-0.969,47.719,-0.7310000000000001,36.057,11.66442831861039,4.487343821379339,13.29592132706282,2970.0,10,26.962000000000003
1486,0.493,40.409000000000006,-0.119,47.855,0.8670000000000001,38.709,9.198995162516391,3.996983338769072,9.728059915735372,2972.0,10,26.962000000000003
1487,0.459,39.559000000000005,0.085,46.257000000000005,0.8670000000000001,36.363,9.924855666456818,3.628070264499869,13.622171789565156,2974.0,10,26.962000000000003
1488,0.493,41.701,-0.765,47.413,-0.153,34.323,13.104298684019684,4.071788819673326,15.025709451009636,2976.0,10,26.962000000000003
1489,0.901,43.29900000000001,-0.357,47.685,0.459,36.635000000000005,11.080088266796434,3.878167489379933,15.303476333552132,2978.0,10,26.962000000000003
1490,0.663,43.061,0.357,48.025000000000006,0.153,38.233,9.79412476947277,2.844640410737074,13.130158305332458,2980.0,10,26.962000000000003
1491,0.969,42.993,-0.119,47.855,-1.037,42.007000000000005,5.919613838756714,2.9690457010149345,11.50243991707334,2982.0,10,26.962000000000003
1492,0.493,43.741,-1.275,48.603,-1.683,41.701,6.914048596878677,3.017387543858182,13.04539808424471,2984.0,10,26.962000000000003
1493,1.292,45.679,-1.411,48.399,1.275,42.959,6.066975852927059,3.087156424906809,10.68551605232514,2986.0,10,26.962000000000003
1494,1.598,45.135000000000005,-1.411,48.569,3.0090000000000003,43.401,6.800339991500425,3.716339319180932,9.512294261928234,2988.0,10,26.962000000000003
1495,1.241,44.455000000000005,-2.091,48.229000000000006,2.9410000000000003,43.231,7.092321763710387,3.9352752418915937,10.497510300331076,2990.0,10,26.962000000000003
1496,0.629,46.155,-2.737,47.481,2.329,43.911,6.197520149220978,4.070606281481569,9.689207403376564,2992.0,10,26.962000000000003
1497,-0.017,42.857000000000006,-1.411,47.617,-0.357,41.089000000000006,6.612541115184087,2.523361221306,9.778394653870748,2994.0,10,26.962000000000003
1498,-0.459,43.367,,,,,6.612541115184087,2.1851928755254497,,2996.0,10,26.962000000000003
1499,-1.513,44.217000000000006,-1.445,47.243,-0.935,44.387,2.9011783812788905,1.3903960964548143,3.2688460374032124,2998.0,10,26.962000000000003
1500,-0.527,45.747,-1.105,45.713,2.5330000000000004,42.789,4.667421129488961,2.311024201728815,12.546801908081369,3000.0,10,26.962000000000003
1501,-0.153,45.849,-2.2270000000000003,43.29900000000001,2.2270000000000003,43.29900000000001,4.454000000000001,2.4849581259174927,12.553398692742151,3002.0,10,26.962000000000003
1502,0.7310000000000001,46.597,-1.819,44.795,1.649,42.449000000000005,4.186972653361853,2.728717336759756,13.776514915492667,3004.0,10,26.962000000000003
1503,1.3090000000000002,46.42700000000001,-1.785,45.271,2.4650000000000003,42.347,5.158708753166824,2.926969136927339,13.685039777097764,3006.0,10,26.962000000000003
1504,0.6970000000000001,45.526,-1.819,43.367,1.921,43.095000000000006,3.749877864677729,3.4069587687189844,14.378627349363375,3008.0,10,26.962000000000003
1505,0.289,44.659000000000006,-1.411,43.877,0.663,38.165000000000006,6.076875842075433,3.0274642936009006,15.153206424038212,3010.0,10,26.962000000000003
1506,0.323,41.99,-1.003,46.699000000000005,0.765,37.859,9.015066500032043,2.83500104953723,11.088340349543817,3012.0,10,26.962000000000003
1507,0.119,42.109,-0.085,47.957,0.901,38.097,9.9091773624252,3.169292456473948,11.77464779940094,3014.0,10,26.962000000000003
1508,0.493,41.803,0.153,48.297,0.8670000000000001,34.595000000000006,13.72059036630713,3.985252805865509,15.261189632664268,3016.0,10,26.962000000000003
1509,0.391,39.542,1.751,43.639,0.8670000000000001,34.935,8.748775457171135,2.7346450030841365,10.050649181139832,3018.0,10,26.962000000000003
1510,0.255,38.539,2.2270000000000003,45.577000000000005,0.6970000000000001,33.235,12.436473133489256,3.897806589302245,13.400833367557723,3020.0,10,26.962000000000003
1511,0.051,39.151,0.289,43.061,0.323,33.405,9.656059858969394,3.6618516925137055,10.389191481407147,3022.0,10,26.962000000000003
1512,-0.289,38.607,-0.8330000000000001,45.611,0.459,34.187000000000005,11.496827388458088,3.999524870283024,13.199748458034875,3024.0,10,26.962000000000003
1513,-0.391,37.077000000000005,-0.901,42.449000000000005,0.357,34.051,8.491699947595889,2.991751093493857,10.863892316380252,3026.0,10,26.962000000000003
1514,-0.527,38.403000000000006,-0.493,40.001000000000005,-0.561,36.669,3.332693805317254,3.858935435054189,3.382240670366252,3028.0,10,26.962000000000003
1515,-0.221,38.131,-0.6970000000000001,38.913,0.6970000000000001,34.357,4.764490738788355,3.820066461932947,5.2347729954252085,3030.0,10,26.962000000000003
1516,0.221,38.607,1.445,44.795,0.6970000000000001,32.181000000000004,12.636158435220729,4.138573962337916,13.308672485616388,3032.0,10,26.962000000000003
1517,-0.323,38.743,0.187,42.891000000000005,0.6970000000000001,31.773000000000003,11.12969110083474,3.7447616421991703,11.882582871980588,3034.0,10,26.962000000000003
1518,0.255,37.009,-0.901,42.789,-0.629,32.963,9.82976398495915,3.1292124117146005,12.739689204785996,3036.0,10,26.962000000000003
1519,0.323,37.281000000000006,-1.241,42.891000000000005,-0.663,33.201,9.707223289901188,3.1084032214699984,12.2227278859727,3038.0,10,26.962000000000003
1520,0.374,37.468,-0.765,41.157,-0.561,33.541000000000004,7.618731652972167,2.9225253464679595,10.29703241466831,3040.0,10,26.962000000000003
1521,0.119,37.417,-0.901,43.333000000000006,0.017,30.549000000000003,12.816917726192989,3.9957651039300814,13.675420470353648,3042.0,10,26.962000000000003
1522,0.255,35.377,0.663,39.933,0.085,30.345,9.605406186101655,4.188265226121611,10.057574458217076,3044.0,10,26.962000000000003
1523,0.017,35.989000000000004,-0.221,41.259,-0.629,31.501,9.766525892045747,3.7186859256268856,12.337605938697878,3046.0,10,26.962000000000003
1524,-0.119,38.539,0.425,42.891000000000005,-0.5950000000000001,32.555,10.386207007372809,3.356843899078695,11.90384386020063,3048.0,10,26.962000000000003
1525,-0.051,40.001000000000005,0.799,43.027,-0.459,32.453,10.648569857027752,3.254552730004254,11.230789717712906,3050.0,10,26.962000000000003
1526,-0.051,42.483,1.207,41.225,0.663,40.443000000000005,0.9526069493762892,1.4742710412158757,1.3525261626467266,3052.0,10,26.962000000000003
1527,0.221,44.625,0.969,48.535,-0.901,41.395,7.38081973767142,2.42085737901894,11.180315404146103,3054.0,10,26.962000000000003
1528,-0.153,45.86600000000001,0.5950000000000001,47.54900000000001,0.765,43.265,4.287371689042134,2.687288578713932,8.410379936176996,3056.0,10,26.962000000000003
1529,-1.003,44.999,-2.567,43.061,-0.765,41.531000000000006,2.363917088224543,2.6957979251946336,12.494240746106,3058.0,10,26.962000000000003
1530,0.051,43.979000000000006,-3.0770000000000004,42.823,2.057,43.809000000000005,5.227824786658405,2.281959546910807,10.6212778263722,3060.0,10,26.962000000000003
1531,-0.051,44.523,-3.791,45.237,1.989,43.639,5.996832830753247,2.470977505991739,10.426325742009396,3062.0,10,26.962000000000003
1532,-0.017,44.659000000000006,-3.3150000000000004,46.971,1.0710000000000002,43.265,5.742075582922956,2.7588062625805545,9.565735326720915,3064.0,10,26.962000000000003
1533,0.561,42.755,-1.921,47.787000000000006,-0.323,38.879000000000005,9.05019712492496,3.0752247725864303,12.265106543628889,3066.0,10,26.962000000000003
1534,0.323,42.534000000000006,-1.5810000000000002,46.359,0.119,37.587,8.93521035007011,3.507189060337,11.346572580294383,3068.0,10,26.962000000000003
1535,0.323,42.279,-1.955,47.617,-0.629,36.703,10.99425631864202,3.660268520578186,13.02678279361778,3070.0,10,26.962000000000003
1536,0.255,44.013000000000005,-1.785,47.651,0.153,39.151,8.718133057025456,3.900289220598461,10.25163669565741,3072.0,10,26.962000000000003
1537,0.459,43.775000000000006,-0.901,48.535,0.017,38.607,9.970351448168715,3.797795706795548,11.026860195455557,3074.0,10,26.962000000000003
1538,0.799,42.721,-0.561,47.617,-0.323,38.641000000000005,8.97915474863865,3.371266714515252,10.716693558450798,3076.0,10,26.962000000000003
1539,0.8670000000000001,42.721,-0.527,48.739,-0.527,36.261,12.478000000000002,4.610673409187123,14.863962354073884,3078.0,10,26.962000000000003
1540,0.8330000000000001,43.367,-0.323,48.535,-0.187,37.349,11.186826717170511,3.808932651880677,13.107977747174946,3080.0,10,26.962000000000003
1541,0.629,41.633,-0.459,48.739,-0.7310000000000001,38.539,10.203626022155069,3.648094592449624,14.399183838072103,3082.0,10,26.962000000000003
1542,0.459,40.647000000000006,-0.051,45.373000000000005,-0.493,39.287000000000006,6.102029170693959,1.946471886861816,7.639819911303096,3084.0,10,26.962000000000003
1543,0.5950000000000001,41.123000000000005,2.4650000000000003,44.047,0.493,39.593,4.871026585844097,1.5403804657073212,6.333948418634629,3086.0,10,26.962000000000003
1544,0.629,40.613,3.655,44.353,-0.493,38.369,7.2810823371254365,2.6165121978142354,9.061533177024158,3088.0,10,26.962000000000003
1545,-0.085,39.899,-0.017,42.517,0.323,41.905,0.7001028495871161,1.1310689992573757,0.8505993132359942,3090.0,10,26.962000000000003
1546,-0.085,40.069,-0.357,41.395,-0.153,41.361,0.2068139260301394,0.864051930692265,1.012779191857738,3092.0,10,26.962000000000003
1547,-0.051,41.361,-1.105,43.877,-0.493,39.695,4.226543268440535,1.498401159425573,7.00659037983124,3094.0,10,26.962000000000003
1548,0.153,42.789,0.085,45.883,-0.323,40.511,5.387471392035415,1.629947927200575,5.817440353701186,3096.0,10,26.962000000000003
1549,-0.425,40.511,-0.799,43.163,-0.221,37.689,5.504430942431743,1.6253441213042326,5.849976250329225,3098.0,10,26.962000000000003
1550,-0.323,41.565000000000005,0.6970000000000001,39.831,0.289,39.083000000000006,0.8520375578576335,1.7981336379989556,1.6099610366907278,3100.0,10,26.962000000000003
1551,0.221,43.061,-1.5470000000000002,41.905,0.459,40.443000000000005,2.482232865788381,2.098879582945078,13.074074228521456,3102.0,10,26.962000000000003
1552,-1.6150000000000002,44.931,-2.873,42.585,1.479,44.86300000000001,4.9121469847715264,1.9690045520959307,7.821792718420311,3104.0,10,26.962000000000003
1553,1.445,45.441,-2.737,42.755,3.3830000000000005,46.087,6.968258318977562,1.880047032122138,7.610124114933193,3106.0,10,26.962000000000003
1554,1.717,44.319,0.391,46.86900000000001,2.873,44.353,3.534201465677926,1.0225204956972718,5.868846550256003,3108.0,10,26.962000000000003
1555,1.037,45.441,-0.7310000000000001,43.571000000000005,0.085,46.86900000000001,3.39744904303214,1.7547132479495398,4.775996723687725,3110.0,10,26.962000000000003
1556,0.935,46.257000000000005,-2.2270000000000003,45.407,1.989,43.979000000000006,4.451273974942454,1.980491081066388,9.912252432022036,3112.0,10,26.962000000000003
1557,1.6150000000000002,47.243,-2.329,48.161,1.989,44.183,5.871082353365519,2.6307022976869585,10.218157516475074,3114.0,10,26.962000000000003
1558,1.037,47.889,-1.989,48.127,1.989,43.945,5.771794175124405,2.69415318687625,9.587475683357985,3116.0,10,26.962000000000003
1559,-0.527,46.733,-3.825,45.645,3.0770000000000004,44.183,7.05514337203717,2.9775402409139637,12.035084411597929,3118.0,10,26.962000000000003
1560,0.323,46.937000000000005,-3.349,46.699000000000005,3.3830000000000005,44.761,7.0054027721466525,2.4121513121480813,10.34181135609352,3120.0,10,26.962000000000003
1561,0.374,46.86900000000001,-2.8390000000000004,47.345000000000006,3.655,44.489,7.094277412111822,2.519506914479604,10.788773068191697,3122.0,10,26.962000000000003
1562,0.765,47.481,-1.955,47.855,3.655,43.911,6.857640702165724,2.1487185379177185,8.506930613727869,3124.0,10,26.962000000000003
1563,0.935,46.903000000000006,-2.4650000000000003,46.42700000000001,3.3150000000000004,43.435,6.508491683946443,2.7391819528746826,10.841523533358265,3126.0,10,26.962000000000003
1564,1.479,46.903000000000006,-2.091,47.141000000000005,2.9410000000000003,43.401,6.269659001891571,2.4319271565534746,9.64838494114444,3128.0,10,26.962000000000003
1565,2.1590000000000003,47.583000000000006,-0.935,48.501000000000005,2.8390000000000004,43.401,6.344531188354267,2.3559691813253383,8.953219331154171,3130.0,10,26.962000000000003
1566,1.411,47.277,-2.907,46.733,3.043,43.367,6.836114100861688,3.135198446490494,11.873550452143,3132.0,10,26.962000000000003
1567,0.187,46.597,-3.111,47.039,2.9410000000000003,43.333000000000006,7.096558320763664,2.894034714441944,11.688864555206994,3134.0,10,26.962000000000003
1568,-0.357,46.291,-1.003,48.195,2.975,43.333000000000006,6.2820003183699376,2.893170013473288,12.52511954755424,3136.0,10,26.962000000000003
1569,1.139,44.727,2.567,47.719,2.975,43.265,4.4726479852543735,1.839729134921445,10.194546449073364,3138.0,10,26.962000000000003
1570,0.8330000000000001,44.86300000000001,2.397,47.855,2.7030000000000003,43.29900000000001,4.566264556505678,2.174866231452426,10.69289564485828,3140.0,10,26.962000000000003
1571,1.003,45.203,1.377,47.345000000000006,3.4850000000000003,43.469,4.412146869722267,2.13480682760731,9.089386728805607,3142.0,10,26.962000000000003
1572,0.663,46.631,-1.649,47.617,2.601,44.353,5.358749480989013,2.122845614152786,6.899119207969449,3144.0,10,26.962000000000003
1573,1.0710000000000002,47.345000000000006,-2.8390000000000004,47.54900000000001,3.3150000000000004,43.401,7.4214297813831,2.666999931634228,9.617506291073672,3146.0,10,26.962000000000003
1574,0.5950000000000001,47.583000000000006,-2.329,47.413,3.281,44.965,6.12084994098042,3.6112404595977337,8.42209137398151,3148.0,10,26.962000000000003
1575,0.221,46.937000000000005,0.255,45.713,3.655,43.605,4.000457973782503,2.7815918562163637,11.915811585686749,3150.0,10,26.962000000000003
1576,1.275,44.727,-0.901,41.463,3.4850000000000003,44.829,5.528738735010003,2.737010834886942,13.984839136402178,3152.0,10,26.962000000000003
1577,1.785,43.775000000000006,-0.493,38.641000000000005,3.145,43.29900000000001,5.910330616809858,2.5444043099351648,14.830084072409278,3154.0,10,26.962000000000003
1578,0.527,42.483,-0.493,37.281000000000006,1.887,46.597,9.615209618099858,2.9392342858629217,10.48799042460204,3156.0,10,26.962000000000003
1579,0.6970000000000001,41.667,-0.7310000000000001,37.485,2.2270000000000003,44.217000000000006,7.353202567589173,3.1228295628274205,12.34260561563482,3158.0,10,26.962000000000003
1580,0.561,40.987,-0.5950000000000001,35.581,1.445,45.917,10.535392541334188,3.652520174282792,11.40716306430051,3160.0,10,26.962000000000003
1581,0.051,38.879000000000005,-0.085,31.263,1.0710000000000002,43.265,12.057542867433648,4.2592524618782175,12.66501472187568,3162.0,10,26.962000000000003
1582,0.391,38.131,-0.459,32.691,0.935,42.959,10.362193783171591,3.1058339164505826,11.161440823867366,3164.0,10,26.962000000000003
1583,0.527,36.499,0.561,31.807,0.6970000000000001,42.959,11.152829237462573,3.861181537353685,11.95801290221716,3166.0,10,26.962000000000003
1584,0.391,38.267,-0.629,30.991000000000003,1.6150000000000002,42.925,12.143141768092804,3.6097516756064025,13.712779072290074,3168.0,10,26.962000000000003
1585,0.357,38.029,0.085,32.725,-0.153,42.857000000000006,10.134794916523964,3.062207206759464,10.891320246315454,3170.0,10,26.962000000000003
1586,0.425,35.853,0.221,31.433000000000003,0.255,43.129000000000005,11.696049418500248,4.024430182353152,12.871657932560026,3172.0,10,26.962000000000003
1587,0.357,35.547000000000004,-0.5950000000000001,33.201,0.8330000000000001,39.899,6.84853181346192,2.5879788518749463,9.890039876347394,3174.0,10,26.962000000000003
1588,0.391,36.703,-0.6970000000000001,32.895,0.935,42.551,9.792944398902714,2.698362473449624,11.704028169433084,3176.0,10,26.962000000000003
1589,0.493,37.723000000000006,0.493,34.833000000000006,1.717,42.619,7.881622421811388,3.2875003955583035,8.618932504805286,3178.0,10,26.962000000000003
1590,0.629,35.853,-0.085,31.535000000000004,0.969,41.259,9.780955577038474,3.502812452433484,10.43785626268426,3180.0,10,26.962000000000003
1591,0.357,36.805,0.153,31.977000000000004,0.799,40.171,8.219425284045109,3.280175463833326,9.028281458633378,3182.0,10,26.962000000000003
1592,0.459,36.499,0.7310000000000001,31.535000000000004,0.663,43.061,11.526200588225072,3.861951374431473,12.595427474661005,3184.0,10,26.962000000000003
1593,0.459,36.805,0.663,30.787000000000003,1.241,42.891000000000005,12.117792703293782,4.027979110571708,12.799338120485276,3186.0,10,26.962000000000003
1594,-0.085,38.131,0.6970000000000001,30.991000000000003,2.907,46.257000000000005,15.425137146878145,4.587011403465032,16.825019153630336,3188.0,10,26.962000000000003
1595,-0.017,38.335,0.6970000000000001,30.719,2.057,42.993,12.349116405638098,4.197720684087029,13.666370772774606,3190.0,10,26.962000000000003
1596,0.459,35.581,0.6970000000000001,30.651000000000003,0.5950000000000001,39.967000000000006,9.316558377426722,3.510518592935333,9.92118316137325,3192.0,10,26.962000000000003
1597,-0.051,36.567,0.493,28.611,1.5470000000000002,42.891000000000005,14.318844785805872,4.553636671902564,16.99472809733559,3194.0,10,26.962000000000003
1598,-0.051,34.595000000000006,0.7310000000000001,31.127,0.901,41.463,10.33739793178148,3.356525237007264,14.267505563181905,3196.0,10,26.962000000000003
1599,-0.187,36.057,0.017,30.685,-0.425,42.211000000000006,11.534471812787965,3.409055458730332,14.370122469992578,3198.0,10,26.962000000000003
1600,0.187,36.125,-0.527,31.331000000000003,0.5950000000000001,41.871,10.599551122571183,3.2002089330350927,11.1458198146148,3200.0,10,26.962000000000003
1601,0.187,38.607,0.7310000000000001,36.329,0.459,37.417,1.1214847301680038,3.569740722102802,3.161405549967027,3202.0,10,26.962000000000003
1602,0.051,36.227,0.6970000000000001,29.937,0.799,41.327000000000005,11.390456707261569,3.556473395794164,12.535023490381429,3204.0,10,26.962000000000003
1603,-0.017,36.703,0.391,30.855000000000004,0.425,38.437000000000005,7.582076232800618,3.33969296509778,9.356988511844683,3206.0,10,26.962000000000003
1604,-0.017,34.969,-0.119,30.685,-0.017,36.499,5.814894668005604,1.551819123709986,6.8559524299762495,3208.0,10,26.962000000000003
1605,0.051,34.085,-0.323,31.127,-0.561,35.785000000000004,4.664076328706468,1.5969866990638044,6.327839160103513,3210.0,10,26.962000000000003
1606,0.255,34.085,0.7310000000000001,31.773000000000003,0.7310000000000001,35.921,4.148000000000001,1.5441686938952526,7.192290003142144,3212.0,10,26.962000000000003
1607,-0.357,32.062000000000005,,,,,4.148000000000001,1.0061490696776614,,3214.0,10,26.962000000000003
1608,-0.153,31.093000000000004,0.085,33.133,-0.085,33.439,0.350051424793558,2.031701319799139,5.726031267315113,3216.0,10,26.962000000000003
1609,-0.425,31.807,0.663,29.257,-0.527,34.969,5.834641719934481,3.295979346852053,7.299810002556403,3218.0,10,26.962000000000003
1610,0.323,35.921,0.459,29.563,0.187,38.607,9.048089301062408,3.5708388667370667,9.425002691225124,3220.0,10,26.962000000000003
1611,0.255,37.519000000000005,-0.561,33.881,0.221,39.457,5.630568354970927,1.6493452101431716,6.2163721827102965,3222.0,10,26.962000000000003
1612,0.187,38.845000000000006,-0.6970000000000001,37.723000000000006,-0.357,37.587,0.3661912068851463,1.0964116302009386,0.7232155910540784,3224.0,10,26.962000000000003
1613,0.391,38.437000000000005,,,,,0.3661912068851463,1.0106555483262525,,3226.0,10,26.962000000000003
1614,-0.085,36.465,-0.391,40.103,0.561,35.207,4.987696863282692,1.3498500172403454,6.275189071346015,3228.0,10,26.962000000000003
1615,-0.221,36.057,,,,,4.987696863282692,1.5412818731808944,,3230.0,10,26.962000000000003
1616,-0.391,36.159000000000006,-0.7310000000000001,39.253,0.459,35.989000000000004,3.4741611937272,1.350174835930128,5.830424732236938,3232.0,10,26.962000000000003
1617,-0.289,36.635000000000005,,,,,3.4741611937272,1.968639872237908,,3234.0,10,26.962000000000003
1618,-0.425,38.216,-1.717,41.769000000000005,0.323,33.065000000000005,8.939866665672369,3.4643348374096647,13.00923509942264,3236.0,10,26.962000000000003
1619,0.085,40.137,,,,,8.939866665672369,2.6968489100090447,,3238.0,10,26.962000000000003
1620,0.051,40.205000000000005,-2.601,42.653000000000006,-0.187,35.377,7.666001043568936,2.807817765204918,11.755538441183884,3240.0,10,26.962000000000003
1621,-0.017,40.953,-1.683,41.701,-0.289,36.159000000000006,5.714630346750348,2.534774284591633,11.54518875741611,3242.0,10,26.962000000000003
1622,-0.051,40.817,-1.649,41.837,0.187,36.499,5.644921611501793,2.7440844408137623,11.563029624696698,3244.0,10,26.962000000000003
1623,-0.017,41.531000000000006,,,,,5.644921611501793,3.233094485436002,,3246.0,10,26.962000000000003
1624,0.187,40.953,,,,,5.644921611501793,3.441574751245548,,3248.0,10,26.962000000000003
1625,0.051,41.939,-3.2470000000000003,43.503,-0.425,37.383,6.7392940283089,2.532278320721899,12.410679094888978,3250.0,10,26.962000000000003
1626,-0.085,42.993,-3.723,44.931,-0.221,37.485,8.228421476808295,3.1272306729822823,15.395516373624885,3252.0,10,26.962000000000003
1627,0.187,44.489,-3.689,44.727,0.493,37.927,7.9830522984632895,3.552246410672173,16.7083145716146,3254.0,10,26.962000000000003
1628,0.085,44.795,-3.4170000000000003,43.503,-0.493,41.531000000000006,3.526834274530064,3.082228454726857,14.7336618031612,3256.0,10,26.962000000000003
1629,0.051,45.611,-2.193,45.815000000000005,1.6150000000000002,45.475,3.8231484407488026,2.090451168852339,9.292407056501885,3258.0,10,26.962000000000003
1630,0.289,45.339000000000006,-3.145,46.971,3.043,44.251000000000005,6.759418909935972,2.761509847518325,11.565147415068074,3260.0,10,26.962000000000003
1631,0.187,45.101000000000006,-2.499,43.503,3.145,44.319,5.702682877383242,2.4899862945955937,10.535489063084874,3262.0,10,26.962000000000003
1632,-0.7310000000000001,45.611,-2.567,42.653000000000006,3.145,44.455000000000005,5.989503151347364,2.882490982303475,12.06547364034213,3264.0,10,26.962000000000003
1633,-0.799,46.291,-2.2950000000000004,42.143,3.655,45.033,6.614725995836865,3.1027600638523185,13.019977320675984,3266.0,10,26.962000000000003
1634,-0.017,45.781000000000006,-2.907,42.687000000000005,2.125,44.625,5.392297098639874,2.2282090010282123,11.165992699226338,3268.0,10,26.962000000000003
1635,-0.5950000000000001,46.699000000000005,-3.0770000000000004,43.469,1.5470000000000002,45.849,5.2005553549597,2.418880825721201,12.13108934473994,3270.0,10,26.962000000000003
1636,-1.479,47.345000000000006,-3.043,42.755,3.3150000000000004,46.495000000000005,7.376433013320192,3.150211226224192,12.872760856600811,3272.0,10,26.962000000000003
1637,-1.207,47.243,-3.043,43.265,2.737,47.54900000000001,7.194515689050932,2.4861594330724945,10.31087231271762,3274.0,10,26.962000000000003
1638,-0.255,46.461000000000006,-3.451,43.911,-0.119,46.087,3.979597969644673,2.3168268631218307,10.2553326603627,3276.0,10,26.962000000000003
1639,0.051,45.237,-3.791,44.659000000000006,0.8670000000000001,47.277,5.343303098271705,2.435501583884167,11.953741245168208,3278.0,10,26.962000000000003
1640,0.085,44.42100000000001,-3.451,45.373000000000005,2.2950000000000004,48.025000000000006,6.328476909968149,2.603227303542399,12.047968947587634,3280.0,10,26.962000000000003
1641,0.153,43.911,-3.621,45.679,1.003,47.141000000000005,4.849620603717368,2.153484195385534,11.599375033639095,3282.0,10,26.962000000000003
1642,0.357,43.163,-2.907,42.551,-0.051,47.277,5.521939152145739,2.477959616779167,12.117343294743888,3284.0,10,26.962000000000003
1643,0.323,43.061,-2.7710000000000004,42.619,-1.445,46.393,4.000168996430026,2.3282910394714964,11.41201666180126,3286.0,10,26.962000000000003
1644,0.051,42.959,-2.431,42.551,2.2270000000000003,46.903000000000006,6.374705326522945,2.68925851647272,8.33659335941714,3288.0,10,26.962000000000003
1645,0.017,43.775000000000006,-0.8330000000000001,41.599,1.887,47.481,6.480457082644712,2.5078360742156,7.863488708107702,3290.0,10,26.962000000000003
1646,0.459,43.707,0.8330000000000001,36.873000000000005,2.261,47.005,10.232136042879803,3.0551438340755666,12.60249438710846,3292.0,10,26.962000000000003
1647,0.459,40.885000000000005,-0.017,36.193000000000005,1.173,43.027,6.936833283278474,3.134775024550479,8.283643450097765,3294.0,10,26.962000000000003
1648,0.425,41.599,0.153,37.417,1.649,43.129000000000005,5.904655790137136,2.6499100286332933,8.686354482198077,3296.0,10,26.962000000000003
1649,-0.357,42.041,0.493,35.819,2.023,42.993,7.335337483715389,3.1122141096785594,10.80125520166496,3298.0,10,26.962000000000003
1650,0.527,40.171,0.085,35.207,2.499,44.047,9.163678082516869,2.574332644828556,11.08769691474882,3300.0,10,26.962000000000003
1651,0.187,38.573,-0.153,30.651000000000003,0.323,44.115,13.472411513905,4.35496567372611,13.9236476433526,3302.0,10,26.962000000000003
1652,0.221,38.607,-0.119,32.283,0.017,43.061,10.778858010012009,3.239122826676941,11.638436484849125,3304.0,10,26.962000000000003
1653,0.119,35.819,-0.289,31.637000000000004,0.357,42.245000000000005,10.627651669112986,3.262662137925102,12.366549171164854,3306.0,10,26.962000000000003
1654,0.391,36.805,0.391,30.039,1.6150000000000002,41.871,11.895141865484415,3.46167966217654,14.730043791353909,3308.0,10,26.962000000000003
1655,0.391,33.915,0.289,28.883000000000003,0.8330000000000001,37.791,8.924595228916548,3.681555739695151,9.49379724171174,3310.0,10,26.962000000000003
1656,-0.221,34.595000000000006,0.459,27.863000000000003,0.051,41.633,13.77604311839942,3.800439767692773,15.551854347168572,3312.0,10,26.962000000000003
1657,0.085,34.561,-0.5950000000000001,28.611,-0.187,40.647000000000006,12.042913268806682,3.822701355733899,12.766307579925922,3314.0,10,26.962000000000003
1658,0.119,34.255,0.017,30.311000000000003,-0.357,41.395,11.090308020970385,4.746916885770102,11.717105302450484,3316.0,10,26.962000000000003
1659,0.017,31.841,-0.459,25.891,0.119,39.423,13.54433859588574,3.5966364191074423,15.159951157658265,3318.0,10,26.962000000000003
1660,-0.187,30.413000000000004,0.153,24.089,0.8330000000000001,35.513000000000005,11.444220200607816,4.660057958804754,12.66710944281542,3320.0,10,26.962000000000003
1661,0.085,28.951,-0.085,23.307,0.6970000000000001,33.337,10.060438559029125,3.4012701844081428,11.475864725664133,3322.0,10,26.962000000000003
1662,-0.153,26.775,0.8670000000000001,20.111,0.017,34.119,14.033765139833289,5.411154150250922,15.102250280308692,3324.0,10,26.962000000000003
1663,0.187,26.044,0.8330000000000001,21.063,0.255,29.767000000000003,8.723170295253901,3.970385872281789,10.112002096106536,3326.0,10,26.962000000000003
1664,-0.085,25.143,0.7310000000000001,16.779,-0.051,29.359,12.604281970822456,4.819187871139778,13.385636352533249,3328.0,10,26.962000000000003
1665,-0.221,22.933000000000003,0.391,17.425,0.391,29.189000000000004,11.764,3.392523412223193,12.760765441074884,3330.0,10,26.962000000000003
1666,-0.357,21.641,-0.289,17.765,0.017,27.931,10.170604308496127,4.149965667058506,11.160426509652842,3332.0,10,26.962000000000003
1667,-0.017,22.491000000000003,0.051,18.343,0.085,27.489,9.146063196807685,2.9027756049326285,9.66325109633585,3334.0,10,26.962000000000003
1668,-0.119,20.927000000000003,0.357,17.289,-0.425,24.871,7.62222067379317,3.140951068307991,8.31964245045608,3336.0,10,26.962000000000003
1669,-0.017,20.349,0.187,13.991,-0.391,25.245,11.268833125040056,3.836290180581817,11.677837546469732,3338.0,10,26.962000000000003
1670,-0.017,19.125,-0.289,13.855,-0.051,24.123,10.270757907769028,2.752534582969571,10.87271246968746,3340.0,10,26.962000000000003
1671,0.017,15.861,-0.527,9.945,0.663,16.099,6.267999361837875,4.586395879851585,6.579576262041732,3342.0,10,26.962000000000003
1672,-0.085,14.569,0.7310000000000001,9.877,-0.459,18.275,8.48189271330403,3.6819140055658575,9.825190122757936,3344.0,10,26.962000000000003
1673,0.119,14.025,-0.085,8.211,0.051,20.111,11.900777117482708,4.790014102038386,13.092447021098886,3346.0,10,26.962000000000003
1674,-0.051,14.093000000000002,0.561,6.1370000000000005,0.017,20.009,13.882662568830233,4.968160351951798,14.862577722298802,3348.0,10,26.962000000000003
1675,-0.153,12.937,0.255,7.361000000000001,-0.5950000000000001,16.201,8.880771362894103,3.693110586698371,9.331197432990177,3350.0,10,26.962000000000003
1676,-0.051,11.679,0.663,5.559,0.799,18.853,13.294695633973726,5.445143811967221,14.060104745230593,3352.0,10,26.962000000000003
1677,-0.187,11.271,0.051,4.2330000000000005,0.221,18.445,14.213016710044354,4.877104142494874,14.680192191715708,3354.0,10,26.962000000000003
1678,0.289,8.517000000000001,0.391,4.301,0.255,15.181,10.880849966799468,3.24771154285277,12.25714584154689,3356.0,10,26.962000000000003
1679,-0.119,8.925,-0.153,2.4650000000000003,0.085,14.467,12.00435954143327,3.980489323494921,12.971360809186084,3358.0,10,26.962000000000003
1680,0.051,6.715000000000001,0.425,3.0770000000000004,-0.119,10.829,7.77106427717594,3.1779741757780204,8.682954997013553,3360.0,10,26.962000000000003
1681,0.051,5.117,0.663,-1.241,-0.255,10.557,11.833660802980624,4.3414183437036895,12.595042466420894,3362.0,10,26.962000000000003
1682,0.255,4.981000000000001,-0.561,1.037,-0.425,7.735,6.699380568380931,3.444648391076677,7.810995578035645,3364.0,10,26.962000000000003
1683,0.221,3.621,0.051,0.119,0.5950000000000001,8.483,8.381672386821142,3.735968551327316,8.778147548458534,3366.0,10,26.962000000000003
1684,0.255,5.202,-0.799,3.4170000000000003,-0.051,7.497000000000001,4.148000000000001,2.8298874283516757,6.336059317619143,3368.0,10,26.962000000000003
1685,0.459,3.111,-0.017,0.799,0.7310000000000001,7.055000000000001,6.300558705384786,2.093667807243692,6.633787466628783,3370.0,10,26.962000000000003
1686,0.459,4.879,-0.5950000000000001,3.451,0.357,7.463000000000001,4.123402478536385,3.6269646083527514,6.458000140758276,3372.0,10,26.962000000000003
1687,0.357,4.165,-0.493,3.0770000000000004,0.357,7.531000000000001,4.534381545481148,2.585837787592419,6.054001951715309,3374.0,10,26.962000000000003
1688,0.221,2.669,,,,,4.534381545481148,3.781882829755913,,3376.0,10,26.962000000000003
1689,0.085,3.5700000000000003,0.323,-3.927000000000001,0.085,10.353000000000002,14.28198319562098,4.4347506141439546,15.280339880308984,3378.0,10,26.962000000000003
1690,0.153,1.037,0.221,-4.165,-0.017,6.477,10.644661009163231,3.3917345555710203,11.338800170993936,3380.0,10,26.962000000000003
1691,0.119,-0.153,0.527,-6.477,-0.051,7.871,14.359637460604638,4.486472036073277,15.154297181055105,3382.0,10,26.962000000000003
1692,-0.051,-0.5950000000000001,0.5950000000000001,-8.381,-0.085,7.565,15.960492348295526,4.501781846264084,16.49944820758672,3384.0,10,26.962000000000003
1693,0.323,-3.3830000000000005,0.663,-8.823,0.051,3.2470000000000003,12.08550553348928,3.332931834119768,12.872726579356248,3386.0,10,26.962000000000003
1694,-0.017,-4.029,0.799,-11.271,0.799,2.805,14.076,5.380568259177339,15.70529379081214,3388.0,10,26.962000000000003
1695,-0.153,-4.811,0.187,-11.747000000000002,-0.5950000000000001,-1.0710000000000002,10.704601814173191,4.141805768586313,11.764107568766214,3390.0,10,26.962000000000003
1696,0.153,-7.429,0.017,-12.291,-0.799,-2.601,9.724297198255512,3.158933544866819,10.74257387280908,3392.0,10,26.962000000000003
1697,0.357,-7.293,0.255,-14.025,-0.629,-1.173,12.882366242270868,4.287201225756175,13.539131266704278,3394.0,10,26.962000000000003
1698,0.459,-8.585,-0.459,-12.869000000000002,0.391,-3.3150000000000004,9.591736860443994,2.979955562194176,10.42617662480755,3396.0,10,26.962000000000003
1699,0.391,-9.979,-0.017,-16.099,0.527,-1.989,14.12048285293389,3.877344696301761,14.606705369998288,3398.0,10,26.962000000000003
1700,0.357,-9.707,0.187,-17.731,0.5950000000000001,-3.451,14.285827382409463,3.9945487660886303,15.469464896969384,3400.0,10,26.962000000000003
1701,0.085,-10.591,-0.663,-14.365,-0.459,-5.9670000000000005,8.400477367388119,3.347263229464445,9.288018861474209,3402.0,10,26.962000000000003
1702,0.323,-12.563,-0.8670000000000001,-20.111,0.187,-5.423,14.72576857077416,5.2656750160980685,15.793388295829851,3404.0,10,26.962000000000003
1703,0.017,-13.311000000000002,-0.7310000000000001,-19.907,0.119,-9.095,10.845360482713335,3.909891747581428,11.781500578367432,3406.0,10,26.962000000000003
1704,-0.051,-17.221,-0.901,-23.171000000000003,0.255,-10.965000000000002,12.260618744582183,4.201803329253826,13.028249136921918,3408.0,10,26.962000000000003
1705,0.221,-16.847,-0.6970000000000001,-23.341,0.6970000000000001,-8.449,14.95710199203041,4.03124397967836,16.053616413101093,3410.0,10,26.962000000000003
1706,0.119,-18.921000000000003,-0.663,-24.905,0.493,-11.883,13.073210011317038,4.816294760798964,14.324213499183587,3412.0,10,26.962000000000003
1707,-0.357,-18.853,-0.255,-27.523000000000003,0.493,-11.543,15.997496804187836,4.29929783900698,18.04701021813564,3414.0,10,26.962000000000003
1708,-0.391,-22.117,-0.085,-27.693,0.153,-11.849,15.84578745282165,4.462644598242498,16.59800702710048,3416.0,10,26.962000000000003
1709,-0.085,-22.321,0.289,-29.291,-0.527,-15.555,13.760216277370064,4.777157486208449,14.828082309384252,3418.0,10,26.962000000000003
1710,-0.017,-21.488000000000003,0.255,-28.815,-0.017,-14.263000000000002,14.554541834080522,5.133259995119006,15.585710231797831,3420.0,10,26.962000000000003
1711,-0.153,-22.559,0.255,-28.917,-0.153,-13.107,15.81526363991445,5.117051725480539,16.635945263327088,3422.0,10,26.962000000000003
1712,0.221,-23.409,0.255,-29.529000000000003,-0.7310000000000001,-21.097,8.489453457084267,3.86449632661901,9.586019714428655,3424.0,10,26.962000000000003
1713,0.119,-25.619000000000003,-0.153,-30.821,-0.7310000000000001,-20.723000000000003,10.114528560442151,3.8374209574504334,11.266122773454368,3426.0,10,26.962000000000003
1714,0.017,-26.911,-0.459,-31.297,0.357,-21.981,9.351668941958971,4.355033288350101,10.598817503248524,3428.0,10,26.962000000000003
1715,0.085,-26.571,0.323,-34.799,-0.8670000000000001,-20.519,14.329497548762832,4.435164911116223,15.999386135891212,3430.0,10,26.962000000000003
1716,-0.153,-27.387,-0.289,-32.827000000000005,-0.7310000000000001,-21.573,11.262676413712684,3.5597244977666462,12.39421035344315,3432.0,10,26.962000000000003
1717,-0.119,-30.345,-1.0710000000000002,-36.329,-0.255,-23.511000000000003,12.843947212597849,4.773490588885648,13.613193210175131,3434.0,10,26.962000000000003
1718,-0.051,-30.855000000000004,-1.037,-36.023,0.255,-27.387,8.732110855915654,3.5714733956707505,9.906133996528457,3436.0,10,26.962000000000003
1719,-0.153,-30.447000000000003,-1.0710000000000002,-37.111,0.255,-26.367,10.825516708222292,3.902489004177904,11.819105709922306,3438.0,10,26.962000000000003
1720,-0.255,-29.461,-0.7310000000000001,-36.703,0.289,-24.293000000000003,12.45184725251639,4.878004145093395,13.423807717911956,3440.0,10,26.962000000000003
1721,-0.187,-30.617,-0.969,-39.117,0.629,-22.729000000000003,16.465726464386563,5.269006126226792,17.30894914760893,3442.0,10,26.962000000000003
1722,-0.289,-34.255,-1.105,-39.321000000000005,-0.935,-29.019,10.303402544790726,3.441651460022823,11.495116468258797,3444.0,10,26.962000000000003
1723,-0.527,-34.017,-1.0710000000000002,-39.865,-0.7310000000000001,-27.727,12.14276097104773,4.116317675245659,13.532296611756442,3446.0,10,26.962000000000003
1724,-0.357,-35.343,-0.629,-39.899,-0.459,-29.937,9.963450406360238,3.251013677676007,11.236607959259445,3448.0,10,26.962000000000003
1725,-0.187,-35.207,0.799,-42.415000000000006,-0.969,-28.985000000000003,13.545874796409423,4.656495573324455,14.906362933275483,3450.0,10,26.962000000000003
1726,-0.221,-36.499,-0.051,-42.789,0.357,-33.235,9.562707775520488,3.637824965037228,10.021768841338073,3452.0,10,26.962000000000003
1727,0.017,-39.729000000000006,0.969,-44.285,0.323,-35.785000000000004,8.524512654691764,3.4839978566478376,9.492893256747196,3454.0,10,26.962000000000003
1728,0.017,-40.069,2.125,-46.86900000000001,0.323,-35.241,11.76680024475643,4.506728377735626,12.818940663916718,3456.0,10,26.962000000000003
1729,-0.527,-40.273,1.479,-46.495000000000005,0.561,-33.847,12.681270756513324,3.7415146514189113,16.01449958410132,3458.0,10,26.962000000000003
1730,0.051,-41.463,1.5810000000000002,-47.175,0.119,-37.553,9.732436899358763,4.252039260885944,11.937383320672804,3460.0,10,26.962000000000003
1731,0.153,-42.551,0.187,-47.821000000000005,-1.0710000000000002,-36.601,11.290303981735834,4.005349466749463,13.388215962357656,3462.0,10,26.962000000000003
1732,0.051,-42.211000000000006,-0.255,-46.699000000000005,-0.799,-34.085,12.62572500888563,3.8883242326142256,14.919104915418863,3464.0,10,26.962000000000003
1733,1.445,-42.041,1.411,-47.583000000000006,-1.0710000000000002,-36.771,11.093226221438018,3.915699726539735,13.107259904603886,3466.0,10,26.962000000000003
1734,1.5470000000000002,-41.803,0.561,-47.889,-1.139,-40.273,7.803425914302001,3.19216271473118,11.257886288203704,3468.0,10,26.962000000000003
1735,0.935,-42.857000000000006,,,,,7.803425914302001,3.683521965174706,,3470.0,10,26.962000000000003
1736,1.241,-43.095000000000006,-1.377,-47.515,-0.425,-40.273,7.304304758154606,3.3036520633824686,11.653483045408732,3472.0,10,26.962000000000003
1737,0.5950000000000001,-43.707,-1.139,-47.821000000000005,-1.173,-40.341,7.480077272328142,3.0054321133426773,11.01375192397386,3474.0,10,26.962000000000003
1738,0.969,-43.367,-0.6970000000000001,-46.699000000000005,-0.629,-40.307,6.392361691894475,3.098847731653518,11.62563604990502,3476.0,10,26.962000000000003
1739,1.003,-44.455000000000005,-2.567,-46.495000000000005,-0.051,-42.517,4.706882195254094,2.372988809130851,10.99452696193108,3478.0,10,26.962000000000003
1740,-0.153,-44.727,-2.091,-46.529,-0.6970000000000001,-42.415000000000006,4.343757820136846,2.0235999197208203,10.365028091882756,3480.0,10,26.962000000000003
1741,0.221,-44.455000000000005,-1.751,-47.311,-0.085,-42.449000000000005,5.139513595662531,2.3436560308402017,11.210509373523886,3482.0,10,26.962000000000003
1742,0.017,-42.313,-1.785,-47.447,-0.221,-38.675,8.910335571683033,3.0419245885325368,11.212110745606916,3484.0,10,26.962000000000003
1743,-0.459,-44.319,-1.5470000000000002,-43.979000000000006,-0.187,-42.313,2.150617585718112,2.457392777262009,4.912685952099052,3486.0,10,26.962000000000003
1744,-0.663,-44.557,-4.199000000000001,-43.707,1.853,-42.891000000000005,6.106763463570536,2.284466594844072,8.791031045126166,3488.0,10,26.962000000000003
1745,-0.289,-45.543000000000006,-4.097,-45.475,2.567,-42.959,7.123142003357788,3.034089162618126,10.387593137908404,3490.0,10,26.962000000000003
1746,0.323,-45.713,-4.063000000000001,-45.883,2.873,-43.503,7.332973203278463,2.725967041166091,9.99048538861825,3492.0,10,26.962000000000003
1747,0.255,-45.951,-3.961,-45.747,2.9410000000000003,-43.503,7.257626333726476,2.813992108545531,10.175422732414562,3494.0,10,26.962000000000003
1748,0.663,-45.56,-3.281,-46.903000000000006,-0.8330000000000001,-41.701,5.749218033785117,3.0186086848945037,12.999691920225644,3496.0,10,26.962000000000003
1749,0.221,-45.645,-3.0090000000000003,-47.005,3.0770000000000004,-42.891000000000005,7.3460460112907,2.3980298435246348,8.431402375986229,3498.0,10,26.962000000000003
1750,0.5950000000000001,-43.979000000000006,-2.8390000000000004,-47.379000000000005,-0.051,-40.307,7.601718753018952,3.8371958959875503,12.820806975880044,3500.0,10,26.962000000000003
1751,1.0710000000000002,-44.047,-2.431,-47.787000000000006,0.221,-40.375,7.872156502509335,3.911203344284168,12.373439791721768,3502.0,10,26.962000000000003
1752,1.156,-44.149,-2.2270000000000003,-47.345000000000006,0.051,-40.375,7.332815557478587,3.9610225588036414,13.10701313500137,3504.0,10,26.962000000000003
1753,0.935,-44.251000000000005,-3.043,-47.073,-0.187,-40.307,7.344078703281985,3.82286975361654,14.19916348004731,3506.0,10,26.962000000000003
1754,-0.017,-44.693000000000005,-2.261,-47.651,-0.085,-40.307,7.659589545138826,3.631896200523775,12.24517324993465,3508.0,10,26.962000000000003
1755,-0.153,-44.047,-1.445,-47.719,-0.153,-40.341,7.490270222094795,3.29945009002284,13.047270600058203,3510.0,10,26.962000000000003
1756,0.017,-43.775000000000006,,,,,7.490270222094795,3.1235530215546734,,3512.0,10,26.962000000000003
1757,-0.561,-43.537000000000006,-1.139,-40.273,2.635,-44.353,5.557830152136713,1.7998284615516105,13.724752532765873,3514.0,10,26.962000000000003
1758,-1.6150000000000002,-44.251000000000005,-0.969,-40.681,2.805,-45.475,6.101271342925178,2.472585855701061,10.933756904800894,3516.0,10,26.962000000000003
1759,-0.8670000000000001,-44.353,-1.037,-42.925,3.145,-45.271,4.7950849836056095,2.6110658303167957,10.067113511020471,3518.0,10,26.962000000000003
1760,-1.785,-44.829,-2.363,-42.789,2.975,-45.815000000000005,6.136034550098296,2.8792367258835947,9.526057090333357,3520.0,10,26.962000000000003
1761,-1.717,-45.917,-1.6150000000000002,-41.803,-0.901,-46.971,5.217089226762371,3.029407614433536,9.778160401335008,3522.0,10,26.962000000000003
1762,-1.921,-45.509,-2.261,-41.123000000000005,1.887,-46.733,6.97696237627809,2.783551340709032,12.333490572316498,3524.0,10,26.962000000000003
1763,-1.3090000000000002,-45.203,-3.689,-42.721,1.003,-46.903000000000006,6.28521980522559,2.959674673148238,9.123652418651783,3526.0,10,26.962000000000003
1764,-1.275,-44.829,-4.165,-44.251000000000005,-0.935,-47.141000000000005,4.334166586553867,1.9248561452762671,7.704423306298201,3528.0,10,26.962000000000003
1765,-1.275,-42.789,,,,,4.334166586553867,1.3284918695205188,,3530.0,10,26.962000000000003
1766,-0.8330000000000001,-42.823,0.493,-45.237,0.8330000000000001,-45.951,0.7908198277736846,2.291023863978607,1.1717144765984986,3532.0,10,26.962000000000003
1767,-1.479,-43.911,-0.527,-43.333000000000006,-0.561,-48.331,4.998115644920594,1.863512581318065,7.141126645169513,3534.0,10,26.962000000000003
1768,-2.2950000000000004,-44.285,0.663,-44.251000000000005,-1.5470000000000002,-46.903000000000006,3.4521303567507418,1.924759745171632,10.683320980291482,3536.0,10,26.962000000000003
1769,-1.887,-44.387,-1.0710000000000002,-43.605,-2.091,-47.583000000000006,4.106687716396269,1.3237206621079016,5.351708013984496,3538.0,10,26.962000000000003
1770,-0.7310000000000001,-45.577000000000005,-0.629,-43.639,-3.1790000000000003,-46.767,4.035701178234088,1.6560439413228645,5.946571546898746,3540.0,10,26.962000000000003
1771,0.085,-45.679,2.2270000000000003,-44.387,-3.723,-45.407,6.036795507551999,2.0728241059987678,10.98719186520019,3542.0,10,26.962000000000003
1772,0.051,-44.999,2.057,-43.843,-3.791,-44.999,5.961160960752528,2.135132260375803,10.22741951057417,3544.0,10,26.962000000000003
1773,0.391,-45.98500000000001,1.513,-44.081,-4.097,-45.509,5.788893158454386,2.755667270965217,12.683887423362195,3546.0,10,26.962000000000003
1774,0.187,-46.699000000000005,2.125,-43.027,-4.063000000000001,-45.441,6.64219391466404,2.8357464426214896,12.858845536042455,3548.0,10,26.962000000000003
1775,-0.051,-45.713,-0.187,-42.517,-4.097,-44.761,4.50817435332752,2.37359310347541,12.866422074138564,3550.0,10,26.962000000000003
1776,0.255,-45.951,3.2470000000000003,-43.605,-3.2470000000000003,-46.257000000000005,7.014637553003007,2.8253370293875286,8.813326930127202,3552.0,10,26.962000000000003
1777,-0.255,-44.489,3.213,-43.571000000000005,-0.459,-47.753,5.565312929207126,2.678257768818736,9.434635702083312,3554.0,10,26.962000000000003
1778,0.459,-45.067,-0.7310000000000001,-40.647000000000006,2.431,-42.415000000000006,3.62271555604356,2.612883503916809,4.029149534399107,3556.0,10,26.962000000000003
1779,0.561,-45.237,1.445,-46.359,2.023,-43.503,2.913901165104953,2.7251741250916366,6.615207220447039,3558.0,10,26.962000000000003
1780,1.3430000000000002,-43.129000000000005,3.1790000000000003,-44.965,3.0090000000000003,-45.033,0.1830956034425731,1.6878759873173226,1.4058418604084308,3560.0,10,26.962000000000003
1781,1.3090000000000002,-44.183,0.901,-42.721,2.7710000000000004,-45.849,3.644349599036844,2.246698184817628,5.225626624406145,3562.0,10,26.962000000000003
1782,0.289,-44.86300000000001,-0.663,-45.611,0.391,-42.687000000000005,3.1081653752656084,2.4109370239252077,4.316767762495578,3564.0,10,26.962000000000003
1783,0.425,-45.271,0.221,-47.345000000000006,0.085,-43.537000000000006,3.810427797505157,1.8963600595206516,4.152792706306179,3566.0,10,26.962000000000003
1784,-0.493,-45.679,-2.2270000000000003,-47.209,0.357,-43.061,4.887019541602019,3.662198160223345,6.364622565387532,3568.0,10,26.962000000000003
1785,-0.425,-45.747,-2.601,-47.413,-0.459,-42.517,5.344060254151333,2.190298680434644,6.978668896908789,3570.0,10,26.962000000000003
1786,-0.323,-44.625,,,,,5.344060254151333,2.813096798903301,,3572.0,10,26.962000000000003
1787,0.357,-45.645,-1.921,-46.937000000000005,2.669,-45.169,4.91873195041161,2.708292492404686,5.276072813431799,3574.0,10,26.962000000000003
1788,-1.105,-46.903000000000006,-1.6150000000000002,-47.005,1.275,-46.053,3.0427625605689315,2.851087814654653,5.977624864543997,3576.0,10,26.962000000000003
1789,-0.7310000000000001,-46.019000000000005,-2.975,-44.42100000000001,1.173,-47.277,5.036133437469663,2.8456597375758634,5.956433453850577,3578.0,10,26.962000000000003
1790,-0.782,-45.441,-3.723,-46.019000000000005,2.7030000000000003,-43.605,6.864464436501947,2.401331795458912,7.621617301998426,3580.0,10,26.962000000000003
1791,-1.479,-46.42700000000001,-1.105,-47.685,1.6150000000000002,-45.747,3.339796999819001,2.7295619736939907,7.857485560387565,3582.0,10,26.962000000000003
1792,-1.5810000000000002,-45.611,-1.173,-45.373000000000005,0.799,-44.761,2.064782797293701,2.387374551999276,7.898118894625782,3584.0,10,26.962000000000003
1793,-1.207,-43.775000000000006,,,,,2.064782797293701,1.4079889016860896,,3586.0,10,26.962000000000003
1794,-0.493,-43.639,-2.7710000000000004,-41.701,2.193,-45.441,6.21521487963208,1.955918964277976,8.917338269184294,3588.0,10,26.962000000000003
1795,0.153,-43.265,-3.111,-42.381,1.921,-46.631,6.586617037599804,2.2302463381389708,8.495816836796283,3590.0,10,26.962000000000003
1796,-0.187,-43.095000000000006,-3.621,-42.449000000000005,0.561,-46.733,5.986800481058309,2.128277068743698,7.926697689098214,3592.0,10,26.962000000000003
1797,-1.377,-43.979000000000006,-4.165,-43.843,0.765,-44.897000000000006,5.041410120194548,1.6667058013127367,6.787572387494556,3594.0,10,26.962000000000003
1798,-2.7710000000000004,-43.163,-4.097,-44.897000000000006,1.003,-43.877,5.200999903864641,2.10784452735168,8.777086666726124,3596.0,10,26.962000000000003
