# MSD (ensemble-averaged) for Pe=0.8, T=0.1, k=0.5
# Column: MSD (mm²)
# Time factor: 1.0 s/frame
# Skipped frames: 100
0.00000000e+00
6.11191926e-01
2.36936308e+00
5.15675062e+00
8.83447389e+00
1.32631447e+01
1.83051539e+01
2.38221155e+01
2.96747380e+01
3.57305539e+01
4.18814501e+01
4.80620822e+01
5.42472749e+01
6.04317625e+01
6.66138458e+01
7.27911827e+01
7.89621545e+01
8.51261976e+01
9.12839086e+01
9.74364745e+01
1.03585140e+02
1.09730849e+02
1.15874137e+02
1.22015206e+02
1.28153907e+02
1.34289960e+02
1.40423348e+02
1.46554133e+02
1.52682401e+02
1.58807988e+02
1.64930566e+02
1.71049519e+02
1.77164565e+02
1.83275892e+02
1.89383993e+02
1.95488784e+02
2.01590354e+02
2.07688776e+02
2.13784002e+02
2.19876045e+02
2.25965398e+02
2.32052837e+02
2.38138831e+02
2.44223429e+02
2.50306786e+02
2.56389446e+02
2.62471984e+02
2.68555290e+02
2.74640582e+02
2.80728908e+02
2.86821443e+02
2.92919082e+02
2.99022661e+02
3.05132980e+02
3.11250513e+02
3.17375016e+02
3.23505838e+02
3.29641658e+02
3.35780775e+02
3.41921613e+02
3.48063089e+02
3.54204289e+02
3.60344442e+02
3.66483307e+02
3.72620563e+02
3.78756062e+02
3.84890488e+02
3.91024746e+02
3.97159724e+02
4.03296173e+02
4.09434981e+02
4.15576948e+02
4.21723074e+02
4.27873926e+02
4.34030510e+02
4.40193617e+02
4.46363217e+02
4.52539383e+02
4.58721895e+02
4.64909872e+02
4.71102405e+02
4.77298710e+02
4.83497906e+02
4.89699041e+02
4.95901398e+02
5.02103500e+02
5.08304197e+02
5.14502449e+02
5.20697592e+02
5.26889061e+02
5.33076374e+02
5.39259047e+02
5.45436673e+02
5.51608762e+02
5.57775289e+02
5.63936709e+02
5.70093258e+02
5.76245447e+02
5.82393282e+02
5.88537314e+02
5.94678166e+02
6.00816813e+02
6.06954461e+02
6.13091573e+02
6.19228181e+02
6.25364776e+02
6.31501940e+02
6.37640069e+02
6.43779710e+02
6.49920778e+02
6.56062366e+02
6.62203635e+02
6.68344067e+02
6.74483890e+02
6.80623369e+02
6.86762551e+02
6.92901080e+02
6.99038747e+02
7.05175143e+02
7.11310751e+02
7.17446225e+02
7.23581534e+02
7.29716189e+02
7.35850044e+02
7.41983107e+02
7.48115538e+02
7.54248384e+02
7.60382772e+02
7.66519557e+02
7.72659537e+02
7.78803282e+02
7.84951890e+02
7.91106260e+02
7.97267147e+02
8.03434117e+02
8.09606817e+02
8.15784308e+02
8.21965458e+02
8.28149748e+02
8.34335971e+02
8.40523212e+02
8.46710837e+02
8.52898090e+02
8.59084820e+02
8.65270867e+02
8.71455604e+02
8.77638492e+02
8.83819059e+02
8.89996734e+02
8.96170466e+02
9.02340125e+02
9.08505563e+02
9.14666076e+02
9.20820845e+02
9.26969734e+02
9.33112576e+02
9.39249319e+02
9.45380258e+02
9.51505886e+02
9.57626592e+02
9.63742064e+02
9.69852279e+02
9.75957839e+02
9.82059396e+02
9.88157508e+02
9.94252952e+02
1.00034591e+03
1.00643696e+03
1.01252657e+03
1.01861581e+03
1.02470589e+03
1.03079789e+03
1.03689217e+03
1.04298911e+03
1.04908879e+03
1.05519207e+03
1.06129889e+03
1.06740910e+03
1.07352145e+03
1.07963436e+03
1.08574655e+03
1.09185648e+03
1.09796335e+03
1.10406708e+03
1.11016790e+03
1.11626534e+03
1.12235964e+03
1.12845136e+03
1.13454168e+03
1.14063203e+03
1.14672347e+03
1.15281733e+03
1.15891409e+03
1.16501361e+03
1.17111661e+03
1.17722350e+03
1.18333432e+03
1.18944923e+03
1.19556748e+03
1.20168802e+03
1.20780961e+03
1.21393153e+03
1.22005372e+03
1.22617513e+03
1.23229437e+03
1.23841109e+03
1.24452441e+03
1.25063387e+03
1.25673975e+03
1.26284341e+03
1.26894594e+03
1.27504843e+03
1.28115181e+03
1.28725741e+03
1.29336646e+03
1.29948001e+03
1.30559880e+03
1.31172336e+03
1.31785262e+03
1.32398558e+03
1.33012123e+03
1.33625843e+03
1.34239620e+03
1.34853303e+03
1.35466736e+03
1.36079825e+03
1.36692452e+03
1.37304670e+03
1.37916507e+03
1.38528019e+03
1.39139139e+03
1.39749883e+03
1.40360282e+03
1.40970392e+03
1.41580268e+03
1.42189877e+03
1.42799207e+03
1.43408270e+03
1.44017005e+03
1.44625427e+03
1.45233505e+03
1.45841104e+03
1.46448038e+03
1.47054140e+03
1.47659222e+03
1.48263186e+03
1.48865995e+03
1.49467641e+03
1.50068083e+03
1.50667354e+03
1.51265615e+03
1.51863101e+03
1.52460026e+03
1.53056625e+03
1.53653073e+03
1.54249501e+03
1.54846082e+03
1.55442868e+03
1.56039994e+03
1.56637526e+03
1.57235477e+03
1.57833903e+03
1.58432814e+03
1.59032304e+03
1.59632412e+03
1.60233200e+03
1.60834788e+03
1.61437178e+03
1.62040351e+03
1.62644310e+03
1.63249003e+03
1.63854369e+03
1.64460327e+03
1.65066683e+03
1.65673331e+03
1.66280189e+03
1.66887147e+03
1.67494108e+03
1.68101101e+03
1.68708121e+03
1.69315146e+03
1.69922203e+03
1.70529282e+03
1.71136377e+03
1.71743487e+03
1.72350608e+03
1.72957760e+03
1.73564886e+03
1.74171990e+03
1.74779065e+03
1.75386048e+03
1.75992895e+03
1.76599576e+03
1.77206031e+03
1.77812226e+03
1.78418094e+03
1.79023574e+03
1.79628592e+03
1.80233110e+03
1.80837104e+03
1.81440592e+03
1.82043620e+03
1.82646305e+03
1.83248779e+03
1.83851201e+03
1.84453786e+03
1.85056773e+03
1.85660349e+03
1.86264636e+03
1.86869719e+03
1.87475641e+03
1.88082337e+03
1.88689695e+03
1.89297571e+03
1.89905749e+03
1.90514044e+03
1.91122253e+03
1.91730196e+03
1.92337763e+03
1.92944887e+03
1.93551493e+03
1.94157552e+03
1.94763136e+03
1.95368168e+03
1.95972661e+03
1.96576621e+03
1.97180035e+03
1.97782876e+03
1.98385050e+03
1.98986462e+03
1.99586993e+03
2.00186559e+03
2.00785110e+03
2.01382651e+03
2.01979162e+03
2.02574744e+03
2.03169475e+03
2.03763446e+03
2.04356821e+03
2.04949726e+03
2.05542268e+03
2.06134519e+03
2.06726536e+03
2.07318362e+03
2.07910053e+03
2.08501628e+03
2.09093072e+03
2.09684273e+03
2.10275175e+03
2.10865730e+03
2.11455956e+03
2.12045823e+03
2.12635256e+03
2.13224134e+03
2.13812389e+03
2.14400114e+03
2.14987359e+03
2.15574239e+03
2.16160811e+03
2.16747159e+03
2.17333453e+03
2.17919870e+03
2.18506513e+03
2.19093490e+03
2.19680812e+03
2.20268519e+03
2.20856606e+03
2.21445031e+03
2.22033728e+03
2.22622636e+03
2.23211699e+03
2.23800867e+03
2.24390038e+03
2.24979146e+03
2.25568019e+03
2.26156609e+03
2.26744962e+03
2.27333159e+03
2.27921197e+03
2.28509186e+03
2.29097084e+03
2.29684841e+03
2.30272448e+03
2.30859866e+03
2.31447042e+03
2.32033835e+03
2.32620152e+03
2.33205840e+03
2.33790806e+03
2.34374929e+03
2.34958292e+03
2.35540924e+03
2.36122913e+03
2.36704380e+03
2.37285376e+03
2.37865998e+03
2.38446356e+03
2.39026606e+03
2.39606819e+03
2.40187006e+03
2.40767121e+03
2.41347246e+03
2.41927435e+03
2.42507661e+03
2.43087893e+03
2.43668206e+03
2.44248636e+03
2.44829275e+03
2.45410119e+03
2.45991213e+03
2.46572540e+03
2.47154202e+03
2.47736274e+03
2.48318855e+03
2.48901980e+03
2.49485630e+03
2.50069779e+03
2.50654333e+03
2.51239255e+03
2.51824495e+03
2.52409938e+03
2.52995409e+03
2.53580662e+03
2.54165519e+03
2.54749873e+03
2.55333525e+03
2.55916401e+03
2.56498456e+03
2.57079695e+03
2.57660168e+03
2.58239986e+03
2.58819330e+03
2.59398349e+03
2.59977137e+03
2.60555770e+03
2.61134325e+03
2.61712872e+03
2.62291329e+03
2.62869679e+03
2.63447930e+03
2.64026166e+03
2.64604473e+03
2.65182882e+03
2.65761388e+03
2.66339993e+03
2.66918790e+03
2.67497892e+03
2.68077288e+03
2.68657081e+03
2.69237313e+03
2.69817897e+03
2.70398819e+03
2.70980053e+03
2.71561589e+03
2.72143340e+03
2.72725182e+03
2.73306939e+03
2.73888513e+03
2.74469833e+03
2.75050840e+03
2.75631363e+03
2.76211326e+03
2.76790737e+03
2.77369615e+03
2.77947959e+03
2.78525842e+03
2.79103354e+03
2.79680588e+03
2.80257700e+03
2.80834822e+03
2.81412048e+03
2.81989519e+03
2.82567227e+03
2.83145201e+03
2.83723517e+03
2.84302281e+03
2.84881593e+03
2.85461428e+03
2.86041726e+03
2.86622491e+03
2.87203641e+03
2.87785094e+03
2.88366853e+03
2.88948940e+03
2.89531186e+03
2.90113455e+03
2.90695657e+03
2.91277666e+03
2.91859382e+03
2.92440665e+03
2.93021494e+03
2.93601839e+03
2.94181683e+03
2.94760990e+03
2.95339819e+03
2.95918167e+03
2.96496116e+03
2.97073704e+03
2.97651142e+03
2.98228630e+03
2.98806237e+03
2.99383983e+03
2.99961860e+03
3.00539992e+03
3.01118440e+03
3.01697209e+03
3.02276226e+03
3.02855536e+03
3.03435131e+03
3.04014984e+03
3.04595280e+03
3.05175929e+03
3.05756873e+03
3.06338113e+03
3.06919688e+03
3.07501524e+03
3.08083638e+03
3.08666006e+03
3.09248703e+03
3.09831723e+03
3.10415033e+03
3.10998559e+03
3.11582248e+03
3.12166070e+03
3.12749995e+03
3.13333934e+03
3.13917915e+03
3.14501930e+03
3.15085913e+03
3.15669786e+03
3.16253393e+03
3.16836644e+03
3.17419494e+03
3.18001965e+03
3.18584033e+03
3.19165649e+03
3.19746663e+03
3.20327086e+03
3.20907008e+03
3.21486538e+03
3.22065918e+03
3.22645276e+03
3.23224608e+03
3.23803974e+03
3.24383432e+03
3.24963011e+03
3.25542688e+03
3.26122360e+03
3.26701819e+03
3.27280827e+03
3.27859145e+03
3.28436641e+03
3.29013154e+03
3.29588466e+03
3.30162446e+03
3.30735014e+03
3.31306079e+03
3.31875678e+03
3.32443887e+03
3.33010625e+03
3.33575968e+03
3.34140041e+03
3.34702961e+03
3.35264794e+03
3.35825684e+03
3.36385756e+03
3.36945163e+03
3.37504036e+03
3.38062470e+03
3.38620565e+03
3.39178329e+03
3.39735686e+03
3.40292645e+03
3.40849277e+03
3.41405618e+03
3.41961534e+03
3.42516980e+03
3.43072031e+03
3.43626606e+03
3.44180697e+03
3.44734322e+03
3.45287539e+03
3.45840334e+03
3.46392761e+03
3.46944908e+03
3.47496816e+03
3.48048503e+03
3.48600037e+03
3.49151494e+03
3.49702874e+03
3.50254222e+03
3.50805781e+03
3.51357676e+03
3.51910078e+03
3.52463186e+03
3.53017135e+03
3.53571939e+03
3.54127776e+03
3.54684765e+03
3.55242929e+03
3.55802213e+03
3.56362458e+03
3.56923428e+03
3.57484900e+03
3.58046717e+03
3.58608774e+03
3.59170871e+03
3.59732803e+03
3.60294424e+03
3.60855722e+03
3.61416624e+03
3.61977045e+03
3.62536962e+03
3.63096450e+03
3.63655488e+03
3.64214170e+03
3.64772389e+03
3.65330204e+03
3.65887648e+03
3.66444605e+03
3.67001166e+03
3.67557353e+03
3.68113265e+03
3.68668977e+03
3.69224489e+03
3.69779830e+03
3.70335006e+03
3.70890018e+03
3.71444899e+03
3.71999763e+03
3.72554589e+03
3.73109266e+03
3.73663652e+03
3.74217631e+03
3.74771022e+03
3.75323725e+03
3.75875711e+03
3.76426903e+03
3.76977249e+03
3.77526621e+03
3.78075081e+03
3.78622778e+03
3.79169798e+03
3.79716067e+03
3.80261576e+03
3.80806424e+03
3.81350665e+03
3.81894374e+03
3.82437541e+03
3.82980165e+03
3.83522389e+03
3.84064260e+03
3.84605812e+03
3.85147038e+03
3.85687957e+03
3.86228580e+03
3.86768947e+03
3.87309030e+03
3.87848943e+03
3.88388786e+03
3.88928688e+03
3.89468665e+03
3.90008682e+03
3.90548776e+03
3.91088995e+03
3.91629367e+03
3.92170009e+03
3.92711017e+03
3.93252418e+03
3.93794142e+03
3.94336177e+03
3.94878531e+03
3.95421222e+03
3.95964254e+03
3.96507426e+03
3.97050677e+03
3.97593895e+03
3.98137019e+03
3.98679919e+03
3.99222677e+03
3.99765301e+03
4.00307887e+03
4.00850330e+03
4.01392786e+03
4.01935401e+03
4.02478332e+03
4.03021609e+03
4.03565261e+03
4.04109350e+03
4.04653877e+03
4.05198850e+03
4.05744318e+03
4.06290416e+03
4.06837027e+03
4.07384056e+03
4.07931462e+03
4.08479248e+03
4.09027459e+03
4.09576001e+03
4.10124863e+03
4.10673908e+03
4.11223107e+03
4.11772354e+03
4.12321735e+03
4.12871359e+03
4.13421112e+03
4.13971037e+03
4.14521162e+03
4.15071491e+03
4.15622109e+03
4.16173132e+03
4.16724622e+03
4.17276462e+03
4.17828611e+03
4.18380992e+03
4.18933574e+03
4.19486350e+03
4.20039373e+03
4.20592717e+03
4.21146339e+03
4.21700266e+03
4.22254501e+03
4.22809025e+03
4.23363847e+03
4.23918818e+03
4.24473694e+03
4.25028476e+03
4.25583024e+03
4.26137266e+03
4.26691243e+03
4.27244861e+03
4.27798201e+03
4.28351186e+03
4.28903826e+03
4.29456220e+03
4.30008389e+03
4.30560434e+03
4.31112414e+03
4.31664294e+03
4.32216085e+03
4.32767875e+03
4.33319927e+03
4.33872485e+03
4.34425774e+03
4.34980186e+03
4.35535872e+03
4.36092887e+03
4.36651423e+03
4.37211504e+03
4.37773165e+03
4.38336249e+03
4.38900604e+03
4.39466038e+03
4.40032266e+03
4.40599071e+03
4.41166255e+03
4.41733770e+03
4.42301722e+03
4.42870170e+03
4.43439126e+03
4.44008620e+03
4.44578873e+03
4.45149900e+03
4.45721770e+03
4.46294391e+03
4.46867734e+03
4.47441651e+03
4.48016020e+03
4.48590761e+03
4.49165715e+03
4.49740812e+03
4.50315874e+03
4.50890890e+03
4.51465785e+03
4.52040409e+03
4.52614861e+03
4.53189263e+03
4.53763568e+03
4.54337748e+03
4.54911777e+03
4.55485603e+03
4.56059055e+03
4.56632225e+03
4.57205137e+03
4.57777713e+03
4.58349736e+03
4.58921092e+03
4.59491860e+03
4.60062012e+03
4.60631524e+03
4.61200456e+03
4.61768819e+03
4.62336596e+03
4.62904058e+03
4.63471335e+03
4.64038521e+03
4.64605534e+03
4.65172304e+03
4.65738924e+03
4.66305373e+03
4.66871792e+03
4.67438285e+03
4.68004761e+03
4.68571134e+03
4.69137456e+03
4.69703898e+03
4.70270656e+03
4.70837829e+03
4.71405249e+03
4.71972729e+03
4.72540108e+03
4.73107338e+03
4.73674298e+03
4.74241059e+03
4.74807453e+03
4.75373430e+03
4.75938872e+03
4.76503866e+03
4.77068537e+03
4.77632982e+03
4.78197173e+03
4.78761100e+03
4.79324886e+03
4.79888733e+03
4.80452654e+03
4.81016734e+03
4.81581036e+03
4.82145636e+03
4.82710475e+03
4.83275564e+03
4.83840831e+03
4.84406196e+03
4.84971511e+03
4.85536626e+03
4.86101519e+03
4.86665990e+03
4.87230055e+03
4.87793784e+03
4.88357200e+03
4.88920299e+03
4.89483075e+03
4.90045502e+03
4.90607643e+03
4.91169560e+03
4.91731253e+03
4.92292808e+03
4.92854195e+03
4.93415443e+03
4.93976578e+03
4.94537743e+03
4.95099116e+03
4.95660705e+03
4.96222642e+03
4.96785039e+03
4.97348020e+03
4.97911626e+03
4.98475831e+03
4.99040469e+03
4.99605420e+03
5.00170519e+03
5.00735843e+03
5.01301318e+03
5.01866838e+03
5.02432168e+03
5.02997123e+03
5.03561664e+03
5.04125827e+03
5.04689595e+03
5.05252868e+03
5.05815537e+03
5.06377530e+03
5.06938922e+03
5.07499787e+03
5.08060290e+03
5.08620514e+03
5.09180562e+03
5.09740651e+03
5.10300878e+03
5.10861513e+03
5.11422617e+03
5.11984165e+03
5.12546160e+03
5.13108798e+03
5.13672048e+03
5.14235904e+03
5.14800247e+03
5.15364891e+03
5.15929785e+03
5.16494981e+03
5.17060477e+03
5.17626075e+03
5.18191728e+03
5.18757274e+03
5.19322698e+03
5.19888103e+03
5.20453463e+03
5.21018793e+03
5.21584044e+03
5.22149178e+03
5.22714050e+03
5.23278690e+03
5.23843054e+03
5.24407119e+03
5.24970856e+03
5.25534157e+03
5.26097013e+03
5.26659527e+03
5.27221852e+03
5.27784022e+03
5.28345927e+03
5.28907620e+03
5.29469148e+03
5.30030634e+03
5.30592368e+03
5.31154425e+03
5.31716786e+03
5.32279537e+03
5.32842674e+03
5.33406267e+03
5.33970328e+03
5.34534786e+03
5.35099536e+03
5.35664374e+03
5.36229190e+03
5.36793933e+03
5.37358506e+03
5.37922824e+03
5.38486850e+03
5.39050564e+03
5.39613978e+03
5.40177064e+03
5.40739994e+03
5.41302945e+03
5.41865922e+03
5.42428920e+03
5.42992049e+03
5.43555342e+03
5.44118765e+03
5.44682443e+03
5.45246429e+03
5.45810767e+03
5.46375435e+03
5.46940553e+03
5.47506128e+03
5.48072318e+03
5.48639085e+03
5.49206539e+03
5.49774845e+03
5.50343927e+03
5.50913726e+03
5.51484112e+03
5.52054949e+03
5.52626043e+03
5.53197369e+03
5.53768825e+03
5.54340308e+03
5.54911608e+03
5.55482575e+03
5.56053071e+03
5.56623089e+03
5.57192629e+03
5.57761720e+03
5.58330386e+03
5.58898528e+03
5.59466007e+03
5.60032876e+03
5.60599338e+03
5.61165583e+03
5.61731747e+03
5.62297960e+03
5.62864310e+03
5.63430873e+03
5.63997852e+03
5.64565512e+03
5.65134065e+03
5.65703494e+03
5.66273593e+03
5.66844174e+03
5.67415149e+03
5.67986285e+03
5.68557467e+03
5.69128548e+03
5.69699419e+03
5.70269819e+03
5.70839604e+03
5.71408644e+03
5.71977010e+03
5.72544732e+03
5.73111926e+03
5.73678594e+03
5.74244572e+03
5.74809833e+03
5.75374448e+03
5.75938517e+03
5.76502110e+03
5.77065329e+03
5.77628206e+03
5.78190832e+03
5.78753352e+03
5.79315837e+03
5.79878449e+03
5.80441296e+03
5.81004422e+03
5.81567845e+03
5.82131647e+03
5.82695899e+03
5.83260518e+03
5.83825451e+03
5.84390473e+03
5.84955594e+03
5.85520775e+03
5.86085949e+03
5.86651002e+03
5.87215764e+03
5.87780289e+03
5.88344586e+03
5.88908603e+03
5.89472235e+03
5.90035328e+03
5.90597862e+03
5.91159876e+03
5.91721447e+03
5.92282641e+03
5.92843518e+03
5.93404195e+03
5.93964802e+03
5.94525456e+03
5.95086293e+03
5.95647546e+03
5.96209408e+03
5.96771971e+03
5.97335288e+03
5.97899477e+03
5.98464598e+03
5.99030701e+03
5.99597673e+03
6.00165418e+03
6.00733847e+03
6.01302709e+03
6.01871655e+03
6.02440496e+03
6.03009260e+03
6.03577792e+03
6.04145991e+03
6.04713856e+03
6.05281351e+03
6.05848583e+03
6.06415703e+03
6.06982869e+03
6.07550326e+03
6.08118223e+03
6.08686651e+03
6.09255602e+03
6.09825009e+03
6.10394794e+03
6.10964926e+03
6.11535284e+03
6.12105855e+03
6.12676652e+03
6.13247663e+03
6.13818937e+03
6.14390522e+03
6.14962450e+03
6.15534720e+03
6.16107524e+03
6.16680804e+03
6.17254555e+03
6.17828724e+03
6.18403282e+03
6.18978229e+03
6.19553697e+03
6.20129737e+03
6.20706351e+03
6.21283487e+03
6.21861166e+03
6.22439445e+03
6.23018350e+03
6.23598046e+03
6.24178532e+03
6.24759825e+03
6.25341934e+03
6.25924744e+03
6.26508238e+03
6.27092321e+03
6.27676961e+03
6.28261974e+03
6.28847331e+03
6.29432913e+03
6.30018499e+03
6.30603912e+03
6.31189176e+03
6.31774244e+03
6.32359117e+03
6.32943741e+03
6.33528170e+03
6.34112547e+03
6.34696735e+03
6.35280914e+03
6.35865236e+03
6.36449814e+03
6.37034499e+03
6.37619348e+03
6.38204244e+03
6.38789105e+03
6.39373906e+03
6.39958641e+03
6.40543217e+03
6.41127794e+03
6.41712360e+03
6.42296971e+03
6.42881614e+03
6.43466490e+03
6.44051580e+03
6.44636872e+03
6.45222369e+03
6.45808148e+03
6.46394304e+03
6.46980718e+03
6.47567455e+03
6.48154398e+03
6.48741658e+03
6.49329356e+03
6.49917402e+03
6.50505853e+03
6.51094777e+03
6.51684213e+03
6.52274102e+03
6.52864463e+03
6.53455376e+03
6.54046754e+03
6.54638458e+03
6.55230480e+03
6.55822741e+03
6.56415128e+03
6.57007521e+03
6.57599751e+03
6.58191798e+03
6.58783615e+03
6.59375287e+03
6.59966822e+03
6.60558273e+03
6.61149669e+03
6.61741091e+03
6.62332588e+03
6.62924202e+03
6.63515815e+03
6.64107366e+03
6.64698790e+03
6.65290153e+03
6.65881303e+03
6.66472215e+03
6.67062888e+03
6.67653259e+03
6.68243423e+03
6.68833526e+03
6.69423658e+03
6.70014025e+03
6.70604841e+03
6.71196087e+03
6.71787768e+03
6.72379843e+03
6.72972413e+03
6.73565702e+03
6.74159809e+03
6.74754784e+03
6.75350612e+03
6.75947081e+03
6.76544317e+03
6.77142321e+03
6.77740983e+03
6.78340241e+03
6.78940013e+03
6.79540295e+03
6.80140983e+03
6.80742122e+03
6.81343703e+03
6.81945739e+03
6.82548292e+03
6.83151280e+03
6.83754684e+03
6.84358471e+03
6.84962579e+03
6.85566865e+03
6.86171143e+03
6.86775497e+03
6.87379889e+03
6.87984127e+03
6.88588070e+03
6.89191817e+03
6.89795385e+03
6.90398944e+03
6.91002651e+03
6.91606496e+03
6.92210606e+03
6.92814976e+03
6.93419731e+03
6.94024790e+03
6.94629971e+03
6.95235184e+03
6.95840614e+03
6.96446294e+03
6.97052260e+03
6.97658399e+03
6.98264619e+03
6.98870870e+03
6.99477049e+03
7.00083115e+03
7.00689067e+03
7.01294829e+03
7.01900431e+03
7.02505873e+03
7.03111102e+03
7.03716071e+03
7.04320686e+03
7.04925083e+03
7.05529468e+03
7.06134072e+03
7.06738899e+03
7.07343926e+03
7.07949144e+03
7.08554621e+03
7.09160549e+03
7.09767025e+03
7.10374160e+03
7.10981903e+03
7.11589988e+03
7.12198275e+03
7.12806445e+03
7.13414338e+03
7.14021774e+03
7.14628586e+03
7.15234564e+03
7.15839567e+03
7.16443494e+03
7.17046236e+03
7.17648000e+03
7.18249070e+03
7.18849756e+03
7.19449971e+03
7.20049683e+03
7.20648927e+03
7.21247668e+03
7.21845815e+03
7.22443294e+03
7.23040068e+03
7.23636119e+03
7.24231308e+03
7.24825616e+03
7.25419061e+03
7.26011838e+03
7.26604238e+03
7.27196471e+03
7.27788741e+03
7.28381140e+03
7.28973983e+03
7.29567283e+03
7.30161140e+03
7.30755597e+03
7.31350494e+03
7.31945792e+03
7.32541409e+03
7.33137390e+03
7.33733447e+03
7.34329356e+03
7.34924896e+03
7.35520076e+03
7.36114831e+03
7.36709229e+03
7.37303310e+03
7.37897041e+03
7.38490343e+03
7.39083328e+03
7.39676030e+03
7.40268655e+03
7.40861390e+03
7.41454247e+03
7.42047148e+03
7.42640121e+03
7.43233143e+03
7.43826359e+03
7.44419707e+03
7.45013154e+03
7.45606393e+03
7.46199230e+03
7.46791618e+03
7.47383540e+03
7.47974846e+03
7.48565528e+03
7.49155426e+03
7.49744516e+03
7.50332725e+03
7.50920290e+03
7.51507431e+03
7.52094056e+03
7.52680189e+03
7.53265625e+03
7.53850364e+03
7.54434405e+03
7.55017803e+03
7.55600359e+03
7.56181962e+03
7.56762533e+03
7.57341802e+03
7.57919759e+03
7.58496483e+03
7.59072124e+03
7.59646897e+03
7.60220895e+03
7.60794262e+03
7.61367154e+03
7.61940028e+03
7.62513249e+03
7.63087074e+03
7.63661553e+03
7.64236731e+03
7.64812508e+03
7.65388912e+03
7.65966025e+03
7.66543782e+03
7.67121947e+03
7.67700320e+03
7.68278777e+03
7.68857250e+03
7.69435607e+03
7.70013836e+03
7.70592007e+03
7.71170158e+03
7.71748309e+03
7.72326537e+03
7.72905016e+03
7.73483713e+03
7.74062566e+03
7.74641620e+03
7.75220882e+03
7.75800229e+03
7.76379553e+03
7.76958610e+03
7.77537308e+03
7.78115576e+03
7.78693608e+03
7.79271510e+03
7.79849364e+03
7.80427338e+03
7.81005602e+03
7.81584256e+03
7.82163398e+03
7.82743120e+03
7.83323611e+03
7.83904985e+03
7.84487404e+03
7.85070712e+03
7.85654689e+03
7.86239226e+03
7.86824363e+03
7.87410117e+03
7.87996404e+03
7.88583022e+03
7.89169811e+03
7.89756536e+03
7.90343323e+03
7.90929909e+03
7.91516318e+03
7.92102392e+03
7.92688067e+03
7.93273091e+03
7.93857385e+03
7.94441215e+03
7.95024640e+03
7.95607482e+03
7.96189677e+03
7.96771348e+03
7.97352740e+03
7.97933802e+03
7.98514686e+03
7.99095500e+03
7.99676401e+03
8.00257593e+03
8.00839025e+03
8.01420885e+03
8.02003422e+03
8.02586779e+03
8.03171277e+03
8.03756927e+03
8.04343628e+03
8.04931374e+03
8.05519958e+03
8.06109331e+03
8.06699483e+03
8.07290499e+03
8.07882102e+03
8.08474083e+03
8.09066293e+03
8.09658636e+03
8.10251108e+03
8.10843704e+03
8.11436433e+03
8.12029301e+03
8.12622457e+03
8.13215850e+03
8.13809371e+03
8.14403053e+03
8.14996957e+03
8.15591084e+03
8.16185373e+03
8.16780077e+03
8.17375157e+03
8.17970561e+03
8.18566239e+03
8.19162243e+03
8.19758575e+03
8.20355180e+03
8.20951761e+03
8.21548352e+03
8.22144919e+03
8.22741247e+03
8.23337262e+03
8.23932859e+03
8.24528212e+03
8.25123497e+03
8.25718855e+03
8.26314435e+03
8.26910363e+03
8.27506596e+03
8.28102971e+03
8.28699278e+03
8.29295530e+03
8.29891668e+03
8.30487641e+03
8.31083397e+03
8.31678715e+03
8.32273610e+03
8.32868227e+03
8.33462630e+03
8.34057069e+03
8.34651806e+03
8.35246973e+03
8.35842570e+03
8.36438663e+03
8.37035479e+03
8.37633140e+03
8.38231591e+03
8.38830862e+03
8.39430945e+03
8.40031865e+03
8.40633689e+03
8.41236414e+03
8.41840187e+03
8.42444998e+03
8.43051136e+03
8.43658778e+03
8.44267965e+03
8.44878754e+03
8.45491078e+03
8.46104827e+03
8.46719764e+03
8.47335792e+03
8.47952525e+03
8.48569698e+03
8.49186907e+03
8.49803973e+03
8.50420516e+03
8.51036270e+03
8.51651016e+03
8.52264619e+03
8.52877002e+03
8.53488355e+03
8.54098581e+03
8.54707642e+03
8.55315601e+03
8.55922660e+03
8.56529073e+03
8.57135053e+03
8.57740841e+03
8.58346617e+03
8.58952589e+03
8.59558839e+03
8.60165467e+03
8.60772433e+03
8.61379531e+03
8.61986542e+03
8.62593440e+03
8.63200140e+03
8.63806596e+03
8.64412483e+03
8.65017480e+03
8.65621334e+03
8.66224007e+03
8.66825509e+03
8.67425762e+03
8.68024825e+03
8.68622582e+03
8.69218846e+03
8.69813667e+03
8.70407129e+03
8.70999325e+03
8.71590305e+03
8.72179990e+03
8.72768309e+03
8.73355303e+03
8.73940977e+03
8.74525447e+03
8.75108954e+03
8.75691738e+03
8.76273853e+03
8.76855638e+03
8.77437391e+03
8.78019402e+03
8.78601986e+03
8.79185324e+03
8.79769412e+03
8.80354233e+03
8.80939555e+03
8.81525237e+03
8.82111111e+03
8.82697082e+03
8.83283061e+03
8.83868847e+03
8.84454425e+03
8.85039617e+03
8.85624455e+03
8.86208923e+03
8.86793008e+03
8.87376695e+03
8.87960069e+03
8.88543143e+03
8.89126062e+03
8.89708848e+03
8.90291624e+03
8.90874469e+03
8.91457563e+03
8.92040925e+03
8.92624623e+03
8.93208568e+03
8.93792641e+03
8.94376867e+03
8.94961322e+03
8.95545884e+03
8.96130552e+03
8.96715264e+03
8.97299985e+03
8.97884602e+03
8.98468944e+03
8.99053119e+03
8.99637229e+03
9.00221196e+03
9.00804917e+03
9.01388434e+03
9.01971612e+03
9.02554390e+03
9.03136817e+03
9.03718897e+03
9.04300706e+03
9.04881951e+03
9.05462320e+03
9.06041820e+03
9.06620472e+03
9.07198328e+03
9.07775614e+03
9.08352410e+03
9.08928887e+03
9.09505196e+03
9.10081330e+03
9.10657620e+03
9.11234416e+03
9.11811805e+03
9.12389986e+03
9.12969104e+03
9.13549165e+03
9.14130227e+03
9.14712264e+03
9.15295110e+03
9.15878776e+03
9.16463361e+03
9.17048682e+03
9.17634608e+03
9.18220954e+03
9.18807663e+03
9.19394669e+03
9.19981852e+03
9.20569037e+03
9.21155961e+03
9.21742459e+03
9.22328246e+03
9.22913110e+03
9.23497087e+03
9.24080042e+03
9.24661834e+03
9.25242372e+03
9.25821846e+03
9.26400307e+03
9.26977895e+03
9.27554792e+03
9.28131139e+03
9.28706826e+03
9.29281777e+03
9.29856103e+03
9.30429912e+03
9.31003155e+03
9.31575743e+03
9.32147764e+03
9.32719014e+03
9.33289566e+03
9.33859418e+03
9.34428655e+03
9.34997393e+03
9.35565712e+03
9.36133637e+03
9.36701137e+03
9.37268421e+03
9.37835508e+03
9.38402511e+03
9.38969388e+03
9.39536111e+03
9.40102612e+03
9.40669000e+03
9.41235512e+03
9.41802100e+03
9.42368705e+03
9.42935237e+03
9.43501506e+03
9.44067641e+03
9.44633605e+03
9.45199494e+03
9.45765294e+03
9.46330888e+03
9.46896157e+03
9.47461122e+03
9.48025899e+03
9.48590715e+03
9.49155665e+03
9.49720973e+03
9.50286538e+03
9.50852209e+03
9.51417941e+03
9.51983653e+03
9.52549240e+03
9.53114589e+03
9.53679601e+03
9.54244097e+03
9.54807973e+03
9.55371427e+03
9.55934371e+03
9.56497109e+03
9.57059745e+03
9.57622272e+03
9.58184616e+03
9.58746563e+03
9.59308160e+03
9.59869503e+03
9.60430493e+03
9.60991016e+03
9.61551174e+03
9.62110989e+03
9.62670299e+03
9.63229152e+03
9.63787588e+03
9.64345506e+03
9.64902814e+03
9.65459175e+03
9.66014509e+03
9.66568836e+03
9.67122370e+03
9.67675183e+03
9.68227213e+03
9.68778487e+03
9.69329254e+03
9.69879719e+03
9.70429708e+03
9.70979141e+03
9.71528022e+03
9.72076287e+03
9.72623967e+03
9.73171105e+03
9.73717839e+03
9.74264094e+03
9.74809758e+03
9.75355023e+03
9.75900025e+03
9.76444755e+03
9.76989424e+03
9.77534121e+03
9.78079062e+03
9.78624260e+03
9.79169623e+03
9.79715080e+03
9.80260622e+03
9.80806503e+03
9.81352800e+03
9.81899533e+03
9.82446660e+03
9.82994308e+03
9.83542595e+03
9.84091320e+03
9.84640409e+03
9.85189824e+03
9.85739432e+03
9.86289313e+03
9.86839101e+03
9.87388788e+03
9.87938345e+03
9.88487630e+03
9.89036690e+03
9.89585370e+03
9.90133419e+03
9.90680813e+03
9.91227332e+03
9.91773209e+03
9.92318497e+03
9.92863191e+03
9.93407346e+03
9.93951017e+03
9.94494456e+03
9.95037786e+03
9.95581093e+03
9.96124267e+03
9.96667441e+03
9.97210874e+03
9.97754691e+03
9.98298861e+03
9.98843246e+03
9.99387739e+03
9.99932099e+03
1.00047624e+04
1.00102025e+04
1.00156413e+04
1.00210783e+04
1.00265114e+04
1.00319407e+04
1.00373655e+04
1.00427862e+04
1.00482037e+04
1.00536205e+04
1.00590385e+04
1.00644589e+04
1.00698833e+04
1.00753126e+04
1.00807467e+04
1.00861855e+04
1.00916297e+04
1.00970802e+04
1.01025351e+04
1.01079925e+04
1.01134495e+04
1.01189047e+04
1.01243563e+04
1.01298032e+04
1.01352431e+04
1.01406746e+04
1.01460966e+04
1.01515106e+04
1.01569173e+04
1.01623182e+04
1.01677145e+04
1.01731052e+04
1.01784905e+04
1.01838703e+04
1.01892441e+04
1.01946111e+04
1.01999716e+04
1.02053225e+04
1.02106640e+04
1.02159974e+04
1.02213208e+04
1.02266352e+04
1.02319398e+04
1.02372356e+04
1.02425224e+04
1.02478012e+04
1.02530726e+04
1.02583354e+04
1.02635903e+04
1.02688373e+04
1.02740762e+04
1.02793066e+04
1.02845277e+04
1.02897425e+04
1.02949508e+04
1.03001542e+04
1.03053510e+04
1.03105400e+04
1.03157205e+04
1.03208947e+04
1.03260657e+04
1.03312365e+04
1.03364076e+04
1.03415775e+04
1.03467455e+04
1.03519119e+04
1.03570776e+04
1.03622432e+04
1.03674100e+04
1.03725776e+04
1.03777466e+04
1.03829158e+04
1.03880844e+04
1.03932516e+04
1.03984177e+04
1.04035802e+04
1.04087386e+04
1.04138926e+04
1.04190422e+04
1.04241863e+04
1.04293250e+04
1.04344596e+04
1.04395899e+04
1.04447166e+04
1.04498412e+04
1.04549646e+04
1.04600862e+04
1.04652054e+04
1.04703221e+04
1.04754362e+04
1.04805452e+04
1.04856498e+04
1.04907505e+04
1.04958449e+04
1.05009323e+04
1.05060112e+04
1.05110823e+04
1.05161415e+04
1.05211874e+04
1.05262193e+04
1.05312360e+04
1.05362370e+04
1.05412227e+04
1.05461927e+04
1.05511475e+04
1.05560862e+04
1.05610130e+04
1.05659265e+04
1.05708304e+04
1.05757255e+04
1.05806102e+04
1.05854884e+04
1.05903611e+04
1.05952269e+04
1.06000858e+04
1.06049380e+04
1.06097849e+04
1.06146258e+04
1.06194581e+04
1.06242853e+04
1.06291083e+04
1.06339289e+04
1.06387477e+04
1.06435660e+04
1.06483826e+04
1.06531949e+04
1.06580007e+04
1.06628003e+04
1.06675965e+04
1.06723887e+04
1.06771765e+04
1.06819611e+04
1.06867436e+04
1.06915223e+04
1.06962997e+04
1.07010771e+04
1.07058546e+04
1.07106307e+04
1.07154062e+04
1.07201792e+04
1.07249491e+04
1.07297138e+04
1.07344725e+04
1.07392251e+04
1.07439720e+04
1.07487154e+04
1.07534574e+04
1.07581974e+04
1.07629362e+04
1.07676737e+04
1.07724108e+04
1.07771489e+04
1.07818877e+04
1.07866222e+04
1.07913516e+04
1.07960756e+04
1.08007929e+04
1.08055027e+04
1.08102058e+04
1.08149035e+04
1.08195985e+04
1.08242916e+04
1.08289836e+04
1.08336759e+04
1.08383690e+04
1.08430619e+04
1.08477548e+04
1.08524436e+04
1.08571283e+04
1.08618075e+04
1.08664821e+04
1.08711543e+04
1.08758233e+04
1.08804901e+04
1.08851552e+04
1.08898200e+04
1.08944879e+04
1.08991615e+04
1.09038417e+04
1.09085297e+04
1.09132283e+04
1.09179376e+04
1.09226571e+04
1.09273830e+04
1.09321148e+04
1.09368548e+04
1.09416034e+04
1.09463566e+04
1.09511129e+04
1.09558709e+04
1.09606304e+04
1.09653919e+04
1.09701554e+04
1.09749228e+04
1.09796930e+04
1.09844663e+04
1.09892454e+04
1.09940306e+04
1.09988205e+04
1.10036142e+04
1.10084108e+04
1.10132110e+04
1.10180187e+04
1.10228326e+04
1.10276520e+04
1.10324757e+04
1.10373031e+04
1.10421341e+04
1.10469691e+04
1.10518081e+04
1.10566515e+04
1.10615016e+04
1.10663596e+04
1.10712233e+04
1.10760936e+04
1.10809688e+04
1.10858479e+04
1.10907298e+04
1.10956131e+04
1.11004953e+04
1.11053754e+04
1.11102493e+04
1.11151171e+04
1.11199791e+04
1.11248362e+04
1.11296874e+04
1.11345304e+04
1.11393649e+04
1.11441934e+04
1.11490194e+04
1.11538457e+04
1.11586764e+04
1.11635119e+04
1.11683513e+04
1.11731948e+04
1.11780411e+04
1.11828917e+04
1.11877468e+04
1.11926043e+04
1.11974606e+04
1.12023141e+04
1.12071639e+04
1.12120086e+04
1.12168491e+04
1.12216881e+04
1.12265265e+04
1.12313629e+04
1.12361947e+04
1.12410226e+04
1.12458488e+04
1.12506745e+04
1.12554973e+04
1.12603136e+04
1.12651229e+04
1.12699258e+04
1.12747228e+04
1.12795118e+04
1.12842908e+04
1.12890553e+04
1.12938039e+04
1.12985363e+04
1.13032528e+04
1.13079561e+04
1.13126474e+04
1.13173275e+04
1.13220005e+04
1.13266683e+04
1.13313369e+04
1.13360109e+04
1.13406925e+04
1.13453814e+04
1.13500763e+04
1.13547774e+04
1.13594859e+04
1.13642002e+04
1.13689189e+04
1.13736402e+04
1.13783629e+04
1.13830857e+04
1.13878067e+04
1.13925278e+04
1.13972502e+04
1.14019740e+04
1.14066996e+04
1.14114286e+04
1.14161613e+04
1.14208974e+04
1.14256379e+04
1.14303834e+04
1.14351343e+04
1.14398888e+04
1.14446451e+04
1.14493994e+04
1.14541494e+04
1.14588949e+04
1.14636357e+04
1.14683718e+04
1.14731039e+04
1.14778324e+04
1.14825562e+04
1.14872763e+04
1.14919947e+04
1.14967116e+04
1.15014254e+04
1.15061351e+04
1.15108397e+04
1.15155388e+04
1.15202294e+04
1.15249131e+04
1.15295878e+04
1.15342501e+04
1.15388977e+04
1.15435296e+04
1.15481456e+04
1.15527467e+04
1.15573313e+04
1.15619038e+04
1.15664665e+04
1.15710208e+04
1.15755707e+04
1.15801216e+04
1.15846786e+04
1.15892413e+04
1.15938111e+04
1.15983879e+04
1.16029710e+04
1.16075576e+04
1.16121458e+04
1.16167299e+04
1.16213035e+04
1.16258640e+04
1.16304109e+04
1.16349436e+04
1.16394612e+04
1.16439617e+04
1.16484452e+04
1.16529132e+04
1.16573699e+04
1.16618199e+04
1.16662638e+04
1.16707027e+04
1.16751384e+04
1.16795735e+04
1.16840075e+04
1.16884394e+04
1.16928705e+04
1.16973016e+04
1.17017320e+04
1.17061625e+04
1.17105934e+04
1.17150255e+04
1.17194582e+04
1.17238938e+04
1.17283320e+04
1.17327721e+04
1.17372129e+04
1.17416535e+04
1.17460958e+04
1.17505411e+04
1.17549903e+04
1.17594409e+04
1.17638886e+04
1.17683318e+04
1.17727714e+04
1.17772063e+04
1.17816382e+04
1.17860667e+04
1.17904941e+04
1.17949171e+04
1.17993385e+04
1.18037603e+04
1.18081812e+04
1.18126041e+04
1.18170285e+04
1.18214559e+04
1.18258876e+04
1.18303248e+04
1.18347674e+04
1.18392142e+04
1.18436661e+04
1.18481195e+04
1.18525748e+04
1.18570321e+04
1.18614915e+04
1.18659530e+04
1.18704159e+04
1.18748802e+04
1.18793475e+04
1.18838175e+04
1.18882929e+04
1.18927746e+04
1.18972636e+04
1.19017626e+04
1.19062700e+04
1.19107812e+04
1.19152948e+04
1.19198102e+04
1.19243277e+04
1.19288455e+04
1.19333628e+04
1.19378794e+04
1.19423955e+04
1.19469125e+04
1.19514304e+04
1.19559547e+04
1.19604873e+04
1.19650299e+04
1.19695833e+04
1.19741470e+04
1.19787193e+04
1.19833001e+04
1.19878910e+04
1.19924917e+04
1.19971014e+04
1.20017200e+04
1.20063461e+04
1.20109811e+04
1.20156272e+04
1.20202852e+04
1.20249560e+04
1.20296389e+04
1.20343304e+04
1.20390271e+04
1.20437295e+04
1.20484383e+04
1.20531514e+04
1.20578642e+04
1.20625715e+04
1.20672710e+04
1.20719598e+04
1.20766338e+04
1.20812925e+04
1.20859360e+04
1.20905651e+04
1.20951804e+04
1.20997822e+04
1.21043750e+04
1.21089586e+04
1.21135352e+04
1.21181055e+04
1.21226707e+04
1.21272317e+04
1.21317896e+04
1.21363466e+04
1.21409058e+04
1.21454680e+04
1.21500357e+04
1.21546085e+04
1.21591876e+04
1.21637754e+04
1.21683733e+04
1.21729803e+04
1.21775935e+04
1.21822112e+04
1.21868341e+04
1.21914602e+04
1.21960872e+04
1.22007116e+04
1.22053327e+04
1.22099477e+04
1.22145551e+04
1.22191553e+04
1.22237511e+04
1.22283444e+04
1.22329341e+04
1.22375233e+04
1.22421145e+04
1.22467129e+04
1.22513219e+04
1.22559463e+04
1.22605850e+04
1.22652375e+04
1.22699030e+04
1.22745785e+04
1.22792631e+04
1.22839582e+04
1.22886601e+04
1.22933675e+04
1.22980811e+04
1.23027993e+04
1.23075228e+04
1.23122475e+04
1.23169728e+04
1.23217005e+04
1.23264315e+04
1.23311642e+04
1.23358954e+04
1.23406254e+04
1.23453525e+04
1.23500782e+04
1.23548006e+04
1.23595222e+04
1.23642413e+04
1.23689566e+04
1.23736706e+04
1.23783846e+04
1.23830972e+04
1.23878114e+04
1.23925283e+04
1.23972488e+04
1.24019724e+04
1.24067017e+04
1.24114393e+04
1.24161832e+04
1.24209301e+04
1.24256814e+04
1.24304354e+04
1.24351941e+04
1.24399552e+04
1.24447194e+04
1.24494874e+04
1.24542608e+04
1.24590398e+04
1.24638255e+04
1.24686196e+04
1.24734231e+04
1.24782377e+04
1.24830625e+04
1.24878983e+04
1.24927432e+04
1.24975998e+04
1.25024666e+04
1.25073437e+04
1.25122279e+04
1.25171188e+04
1.25220149e+04
1.25269165e+04
1.25318221e+04
1.25367324e+04
1.25416477e+04
1.25465707e+04
1.25515012e+04
1.25564407e+04
1.25613878e+04
1.25663450e+04
1.25713140e+04
1.25762960e+04
1.25812939e+04
1.25863087e+04
1.25913418e+04
1.25963915e+04
1.26014562e+04
1.26065317e+04
1.26116162e+04
1.26167071e+04
1.26218016e+04
1.26268939e+04
1.26319800e+04
1.26370587e+04
1.26421292e+04
1.26471909e+04
1.26522457e+04
1.26572946e+04
1.26623384e+04
1.26673732e+04
1.26723991e+04
1.26774195e+04
1.26824360e+04
1.26874493e+04
1.26924615e+04
1.26974725e+04
1.27024836e+04
1.27074934e+04
1.27125054e+04
1.27175208e+04
1.27225411e+04
1.27275658e+04
1.27325932e+04
1.27376209e+04
1.27426476e+04
1.27476733e+04
1.27527018e+04
1.27577319e+04
1.27627608e+04
1.27677859e+04
1.27728053e+04
1.27778167e+04
1.27828254e+04
1.27878314e+04
1.27928346e+04
1.27978360e+04
1.28028351e+04
1.28078327e+04
1.28128312e+04
1.28178344e+04
1.28228480e+04
1.28278744e+04
1.28329125e+04
1.28379628e+04
1.28430251e+04
1.28481007e+04
1.28531871e+04
1.28582832e+04
1.28633895e+04
1.28685017e+04
1.28736190e+04
1.28787406e+04
1.28838655e+04
1.28889925e+04
1.28941215e+04
1.28992494e+04
1.29043767e+04
1.29094990e+04
1.29146185e+04
1.29197332e+04
1.29248447e+04
1.29299530e+04
1.29350590e+04
1.29401615e+04
1.29452641e+04
1.29503698e+04
1.29554789e+04
1.29605928e+04
1.29657116e+04
1.29708329e+04
1.29759545e+04
1.29810750e+04
1.29861905e+04
1.29913002e+04
1.29964033e+04
1.30014968e+04
1.30065805e+04
1.30116536e+04
1.30167144e+04
1.30217623e+04
1.30267990e+04
1.30318239e+04
1.30368380e+04
1.30418398e+04
1.30468312e+04
1.30518163e+04
1.30567960e+04
1.30617708e+04
1.30667435e+04
1.30717173e+04
1.30766951e+04
1.30816802e+04
1.30866734e+04
1.30916749e+04
1.30966866e+04
1.31017091e+04
1.31067425e+04
1.31117865e+04
1.31168428e+04
1.31219111e+04
1.31269922e+04
1.31320851e+04
1.31371869e+04
1.31422937e+04
1.31474054e+04
1.31525220e+04
1.31576420e+04
1.31627600e+04
1.31678734e+04
1.31729795e+04
1.31780777e+04
1.31831647e+04
1.31882404e+04
1.31933027e+04
1.31983503e+04
1.32033791e+04
1.32083883e+04
1.32133792e+04
1.32183496e+04
1.32232975e+04
1.32282184e+04
1.32331133e+04
1.32379824e+04
1.32428268e+04
1.32476481e+04
1.32524457e+04
1.32572214e+04
1.32619766e+04
1.32667133e+04
1.32714365e+04
1.32761518e+04
1.32808590e+04
1.32855619e+04
1.32902647e+04
1.32949725e+04
1.32996892e+04
1.33044142e+04
1.33091450e+04
1.33138810e+04
1.33186175e+04
1.33233524e+04
1.33280829e+04
1.33328074e+04
1.33375227e+04
1.33422282e+04
1.33469200e+04
1.33515980e+04
1.33562619e+04
1.33609133e+04
1.33655533e+04
1.33701848e+04
1.33748089e+04
1.33794271e+04
1.33840424e+04
1.33886562e+04
1.33932686e+04
1.33978833e+04
1.34025011e+04
1.34071215e+04
1.34117452e+04
1.34163719e+04
1.34210054e+04
1.34256431e+04
1.34302869e+04
1.34349390e+04
1.34395982e+04
1.34442635e+04
1.34489345e+04
1.34536104e+04
1.34582902e+04
1.34629757e+04
1.34676659e+04
1.34723610e+04
1.34770640e+04
1.34817746e+04
1.34864937e+04
1.34912230e+04
1.34959617e+04
1.35007070e+04
1.35054564e+04
1.35102064e+04
1.35149564e+04
1.35197027e+04
1.35244438e+04
1.35291818e+04
1.35339174e+04
1.35386479e+04
1.35433731e+04
1.35480923e+04
1.35528067e+04
1.35575183e+04
1.35622266e+04
1.35669329e+04
1.35716358e+04
1.35763339e+04
1.35810276e+04
1.35857169e+04
1.35903987e+04
1.35950721e+04
1.35997350e+04
1.36043872e+04
1.36090302e+04
1.36136655e+04
1.36182930e+04
1.36229092e+04
1.36275166e+04
1.36321191e+04
1.36367199e+04
1.36413183e+04
1.36459137e+04
1.36505052e+04
1.36550921e+04
1.36596755e+04
1.36642575e+04
1.36688400e+04
1.36734224e+04
1.36780026e+04
1.36825809e+04
1.36871585e+04
1.36917321e+04
1.36963011e+04
1.37008644e+04
1.37054217e+04
1.37099744e+04
1.37145234e+04
1.37190729e+04
1.37236231e+04
1.37281779e+04
1.37327367e+04
1.37372968e+04
1.37418578e+04
1.37464148e+04
1.37509634e+04
1.37555045e+04
1.37600382e+04
1.37645640e+04
1.37690833e+04
1.37735949e+04
1.37780995e+04
1.37825971e+04
1.37870905e+04
1.37915827e+04
1.37960755e+04
1.38005733e+04
1.38050764e+04
1.38095867e+04
1.38141038e+04
1.38186332e+04
1.38231769e+04
1.38277408e+04
1.38323247e+04
1.38369267e+04
1.38415430e+04
1.38461719e+04
1.38508123e+04
1.38554613e+04
1.38601146e+04
1.38647704e+04
1.38694251e+04
1.38740773e+04
1.38787258e+04
1.38833703e+04
1.38880081e+04
1.38926360e+04
1.38972544e+04
1.39018636e+04
1.39064649e+04
1.39110565e+04
1.39156366e+04
1.39202042e+04
1.39247596e+04
1.39293062e+04
1.39338462e+04
1.39383848e+04
1.39429239e+04
1.39474651e+04
1.39520128e+04
1.39565649e+04
1.39611243e+04
1.39656902e+04
1.39702623e+04
1.39748398e+04
1.39794182e+04
1.39839966e+04
1.39885740e+04
1.39931518e+04
1.39977293e+04
1.40023043e+04
1.40068748e+04
1.40114384e+04
1.40159931e+04
1.40205354e+04
1.40250632e+04
1.40295774e+04
1.40340787e+04
1.40385661e+04
1.40430402e+04
1.40475006e+04
1.40519481e+04
1.40563861e+04
1.40608165e+04
1.40652426e+04
1.40696671e+04
1.40740857e+04
1.40784977e+04
1.40829027e+04
1.40873017e+04
1.40916951e+04
1.40960829e+04
1.41004643e+04
1.41048372e+04
1.41091977e+04
1.41135478e+04
1.41178894e+04
1.41222218e+04
1.41265428e+04
1.41308536e+04
1.41351530e+04
1.41394417e+04
1.41437189e+04
1.41479840e+04
1.41522382e+04
1.41564825e+04
1.41607217e+04
1.41649615e+04
1.41692032e+04
1.41734457e+04
1.41776910e+04
1.41819408e+04
1.41861941e+04
1.41904548e+04
1.41947236e+04
1.41989988e+04
1.42032785e+04
1.42075599e+04
1.42118411e+04
1.42161231e+04
1.42204055e+04
1.42246906e+04
1.42289774e+04
1.42332653e+04
1.42375544e+04
1.42418434e+04
1.42461321e+04
1.42504199e+04
1.42547048e+04
1.42589844e+04
1.42632555e+04
1.42675155e+04
1.42717670e+04
1.42760098e+04
1.42802461e+04
1.42844771e+04
1.42887038e+04
1.42929266e+04
1.42971482e+04
1.43013672e+04
1.43055818e+04
1.43097906e+04
1.43139939e+04
1.43181908e+04
1.43223798e+04
1.43265614e+04
1.43307320e+04
1.43348894e+04
1.43390300e+04
1.43431539e+04
1.43472664e+04
1.43513698e+04
1.43554649e+04
1.43595514e+04
1.43636299e+04
1.43677047e+04
1.43717805e+04
1.43758631e+04
1.43799555e+04
1.43840639e+04
1.43881864e+04
1.43923234e+04
1.43964734e+04
1.44006325e+04
1.44047955e+04
1.44089602e+04
1.44131214e+04
1.44172765e+04
1.44214202e+04
1.44255492e+04
1.44296620e+04
1.44337639e+04
1.44378612e+04
1.44419545e+04
1.44460435e+04
1.44501286e+04
1.44542110e+04
1.44582941e+04
1.44623794e+04
1.44664650e+04
1.44705493e+04
1.44746298e+04
1.44787068e+04
1.44827818e+04
1.44868571e+04
1.44909330e+04
1.44950092e+04
1.44990873e+04
1.45031708e+04
1.45072589e+04
1.45113482e+04
1.45154405e+04
1.45195347e+04
1.45236273e+04
1.45277165e+04
1.45318000e+04
1.45358738e+04
1.45399330e+04
1.45439767e+04
1.45480050e+04
1.45520208e+04
1.45560242e+04
1.45600157e+04
1.45640009e+04
1.45679854e+04
1.45719705e+04
1.45759602e+04
1.45799591e+04
1.45839694e+04
1.45879899e+04
1.45920210e+04
1.45960628e+04
1.46001123e+04
1.46041641e+04
1.46082180e+04
1.46122741e+04
1.46163311e+04
1.46203895e+04
1.46244477e+04
1.46285030e+04
1.46325524e+04
1.46365975e+04
1.46406406e+04
1.46446852e+04
1.46487333e+04
1.46527870e+04
1.46568483e+04
1.46609163e+04
1.46649928e+04
1.46690774e+04
1.46731685e+04
1.46772632e+04
1.46813616e+04
1.46854600e+04
1.46895531e+04
1.46936364e+04
1.46977053e+04
1.47017542e+04
1.47057794e+04
1.47097800e+04
1.47137586e+04
1.47177167e+04
1.47216564e+04
1.47255776e+04
1.47294908e+04
1.47334063e+04
1.47373353e+04
1.47412801e+04
1.47452450e+04
1.47492305e+04
1.47532378e+04
1.47572687e+04
1.47613230e+04
1.47653972e+04
1.47694899e+04
1.47735957e+04
1.47777134e+04
1.47818417e+04
1.47859820e+04
1.47901313e+04
1.47942864e+04
1.47984459e+04
1.48026071e+04
1.48067667e+04
1.48109243e+04
1.48150828e+04
1.48192464e+04
1.48234162e+04
1.48275916e+04
1.48317764e+04
1.48359682e+04
1.48401686e+04
1.48443774e+04
1.48485928e+04
1.48528132e+04
1.48570365e+04
1.48612654e+04
1.48655029e+04
1.48697483e+04
1.48740009e+04
1.48782605e+04
1.48825315e+04
1.48868142e+04
1.48911065e+04
1.48954040e+04
1.48997010e+04
1.49039968e+04
1.49082858e+04
1.49125654e+04
1.49168366e+04
1.49211004e+04
1.49253605e+04
1.49296195e+04
1.49338804e+04
1.49381507e+04
1.49424325e+04
1.49467263e+04
1.49510373e+04
1.49553682e+04
1.49597173e+04
1.49640800e+04
1.49684566e+04
1.49728463e+04
1.49772460e+04
1.49816523e+04
1.49860651e+04
1.49904828e+04
1.49949050e+04
1.49993325e+04
1.50037656e+04
1.50082080e+04
1.50126611e+04
1.50171232e+04
1.50215962e+04
1.50260783e+04
1.50305675e+04
1.50350621e+04
1.50395590e+04
1.50440575e+04
1.50485553e+04
1.50530531e+04
1.50575494e+04
1.50620461e+04
1.50665440e+04
1.50710427e+04
1.50755450e+04
1.50800490e+04
1.50845504e+04
1.50890495e+04
1.50935420e+04
1.50980254e+04
1.51025004e+04
1.51069640e+04
1.51114115e+04
1.51158420e+04
1.51202548e+04
1.51246519e+04
1.51290300e+04
1.51333920e+04
1.51377392e+04
1.51420723e+04
1.51463907e+04
1.51506951e+04
1.51549869e+04
1.51592660e+04
1.51635330e+04
1.51677913e+04
1.51720359e+04
1.51762641e+04
1.51804747e+04
1.51846709e+04
1.51888572e+04
1.51930355e+04
1.51972050e+04
1.52013637e+04
1.52055094e+04
1.52096439e+04
1.52137680e+04
1.52178840e+04
1.52219934e+04
1.52260967e+04
1.52301924e+04
1.52342852e+04
1.52383787e+04
1.52424744e+04
1.52465705e+04
1.52506676e+04
1.52547628e+04
1.52588548e+04
1.52629416e+04
1.52670201e+04
1.52710911e+04
1.52751543e+04
1.52792134e+04
1.52832702e+04
1.52873256e+04
1.52913804e+04
1.52954380e+04
1.52995012e+04
1.53035668e+04
1.53076340e+04
1.53116999e+04
1.53157615e+04
1.53198163e+04
1.53238642e+04
1.53279060e+04
1.53319439e+04
1.53359725e+04
1.53399916e+04
1.53439987e+04
1.53479937e+04
1.53519758e+04
1.53559411e+04
1.53598894e+04
1.53638221e+04
1.53677431e+04
1.53716537e+04
1.53755582e+04
1.53794595e+04
1.53833611e+04
1.53872662e+04
1.53911787e+04
1.53951031e+04
1.53990405e+04
1.54029917e+04
1.54069559e+04
1.54109318e+04
1.54149185e+04
1.54189129e+04
1.54229139e+04
1.54269222e+04
1.54309333e+04
1.54349489e+04
1.54389688e+04
1.54429894e+04
1.54470079e+04
1.54510192e+04
1.54550192e+04
1.54590062e+04
1.54629830e+04
1.54669518e+04
1.54709141e+04
1.54748687e+04
1.54788141e+04
1.54827473e+04
1.54866720e+04
1.54905902e+04
1.54945040e+04
1.54984128e+04
1.55023135e+04
1.55062041e+04
1.55100806e+04
1.55139454e+04
1.55178003e+04
1.55216495e+04
1.55254944e+04
1.55293341e+04
1.55331666e+04
1.55369925e+04
1.55408136e+04
1.55446321e+04
1.55484525e+04
1.55522755e+04
1.55560995e+04
1.55599247e+04
1.55637543e+04
1.55675872e+04
1.55714239e+04
1.55752635e+04
1.55791026e+04
1.55829384e+04
1.55867700e+04
1.55905984e+04
1.55944242e+04
1.55982489e+04
1.56020702e+04
1.56058858e+04
1.56096950e+04
1.56134941e+04
1.56172832e+04
1.56210635e+04
1.56248362e+04
1.56286029e+04
1.56323611e+04
1.56361116e+04
1.56398530e+04
1.56435886e+04
1.56473150e+04
1.56510316e+04
1.56547415e+04
1.56584424e+04
1.56621346e+04
1.56658200e+04
1.56694985e+04
1.56731675e+04
1.56768255e+04
1.56804677e+04
1.56840954e+04
1.56877063e+04
1.56913012e+04
1.56948773e+04
1.56984352e+04
1.57019746e+04
1.57054959e+04
1.57090012e+04
1.57124916e+04
1.57159690e+04
1.57194285e+04
1.57228689e+04
1.57262928e+04
1.57297007e+04
1.57330899e+04
1.57364587e+04
1.57398087e+04
1.57431430e+04
1.57464646e+04
1.57497736e+04
1.57530741e+04
1.57563676e+04
1.57596524e+04
1.57629287e+04
1.57661963e+04
1.57694579e+04
1.57727101e+04
1.57759528e+04
1.57791878e+04
1.57824163e+04
1.57856417e+04
1.57888665e+04
1.57920945e+04
1.57953268e+04
1.57985643e+04
1.58018091e+04
1.58050639e+04
1.58083294e+04
1.58116035e+04
1.58148853e+04
1.58181730e+04
1.58214638e+04
1.58247568e+04
1.58280501e+04
1.58313431e+04
1.58346390e+04
1.58379379e+04
1.58412360e+04
1.58445336e+04
1.58478301e+04
1.58511231e+04
1.58544102e+04
1.58576890e+04
1.58609561e+04
1.58642089e+04
1.58674477e+04
1.58706738e+04
1.58738884e+04
1.58770964e+04
1.58802984e+04
1.58834985e+04
1.58866984e+04
1.58899002e+04
1.58931035e+04
1.58963112e+04
1.58995239e+04
1.59027415e+04
1.59059631e+04
1.59091883e+04
1.59124163e+04
1.59156503e+04
1.59188903e+04
1.59221358e+04
1.59253882e+04
1.59286440e+04
1.59319028e+04
1.59351657e+04
1.59384325e+04
1.59416992e+04
1.59449696e+04
1.59482494e+04
1.59515428e+04
1.59548475e+04
1.59581625e+04
1.59614816e+04
1.59648008e+04
1.59681226e+04
1.59714417e+04
1.59747527e+04
1.59780541e+04
1.59813452e+04
1.59846262e+04
1.59879021e+04
1.59911756e+04
1.59944545e+04
1.59977431e+04
1.60010400e+04
1.60043514e+04
1.60076807e+04
1.60110296e+04
1.60143989e+04
1.60177877e+04
1.60211963e+04
1.60246224e+04
1.60280633e+04
1.60315153e+04
1.60349773e+04
1.60384439e+04
1.60419084e+04
1.60453702e+04
1.60488279e+04
1.60522828e+04
1.60557359e+04
1.60591900e+04
1.60626542e+04
1.60661314e+04
1.60696266e+04
1.60731448e+04
1.60766886e+04
1.60802564e+04
1.60838493e+04
1.60874658e+04
1.60911017e+04
1.60947510e+04
1.60984122e+04
1.61020789e+04
1.61057503e+04
1.61094265e+04
1.61131100e+04
1.61167954e+04
1.61204763e+04
1.61241533e+04
1.61278228e+04
1.61314833e+04
1.61351358e+04
1.61387780e+04
1.61424062e+04
1.61460220e+04
1.61496302e+04
1.61532372e+04
1.61568475e+04
1.61604662e+04
1.61640960e+04
1.61677405e+04
1.61714006e+04
1.61750775e+04
1.61787685e+04
1.61824691e+04
1.61861804e+04
1.61899033e+04
1.61936342e+04
1.61973710e+04
1.62011072e+04
1.62048432e+04
1.62085778e+04
1.62123100e+04
1.62160354e+04
1.62197561e+04
1.62234702e+04
1.62271734e+04
1.62308633e+04
1.62345411e+04
1.62382062e+04
1.62418576e+04
1.62454935e+04
1.62491134e+04
1.62527175e+04
1.62563061e+04
1.62598768e+04
1.62634302e+04
1.62669630e+04
1.62704743e+04
1.62739683e+04
1.62774490e+04
1.62809189e+04
1.62843823e+04
1.62878395e+04
1.62912883e+04
1.62947311e+04
1.62981675e+04
1.63015988e+04
1.63050226e+04
1.63084361e+04
1.63118380e+04
1.63152252e+04
1.63185960e+04
1.63219515e+04
1.63252889e+04
1.63286125e+04
1.63319191e+04
1.63352126e+04
1.63384918e+04
1.63417590e+04
1.63450158e+04
1.63482610e+04
1.63514988e+04
1.63547306e+04
1.63579556e+04
1.63611718e+04
1.63643791e+04
1.63675795e+04
1.63707701e+04
1.63739482e+04
1.63771146e+04
1.63802706e+04
1.63834171e+04
1.63865547e+04
1.63896823e+04
1.63928009e+04
1.63959121e+04
1.63990186e+04
1.64021223e+04
1.64052279e+04
1.64083405e+04
1.64114615e+04
1.64145928e+04
1.64177381e+04
1.64208977e+04
1.64240713e+04
1.64272530e+04
1.64304414e+04
1.64336309e+04
1.64368167e+04
1.64400014e+04
1.64431826e+04
1.64463590e+04
1.64495286e+04
1.64526964e+04
1.64558689e+04
1.64590507e+04
1.64622401e+04
1.64654403e+04
1.64686556e+04
1.64718826e+04
1.64751212e+04
1.64783708e+04
1.64816371e+04
1.64849190e+04
1.64882164e+04
1.64915256e+04
1.64948452e+04
1.64981693e+04
1.65014957e+04
1.65048193e+04
1.65081407e+04
1.65114595e+04
1.65147720e+04
1.65180762e+04
1.65213738e+04
1.65246712e+04
1.65279708e+04
1.65312791e+04
1.65345979e+04
1.65379344e+04
1.65412960e+04
1.65446828e+04
1.65480970e+04
1.65515373e+04
1.65550012e+04
1.65584901e+04
1.65620017e+04
1.65655324e+04
1.65690816e+04
1.65726471e+04
1.65762263e+04
1.65798205e+04
1.65834295e+04
1.65870575e+04
1.65907014e+04
1.65943614e+04
1.65980384e+04
1.66017353e+04
1.66054472e+04
1.66091754e+04
1.66129139e+04
1.66166590e+04
1.66204090e+04
1.66241603e+04
1.66279116e+04
1.66316626e+04
1.66354105e+04
1.66391541e+04
1.66428939e+04
1.66466352e+04
1.66503795e+04
1.66541270e+04
1.66578795e+04
1.66616354e+04
1.66653990e+04
1.66691689e+04
1.66729514e+04
1.66767462e+04
1.66805526e+04
1.66843669e+04
1.66881892e+04
1.66920172e+04
1.66958499e+04
1.66996884e+04
1.67035323e+04
1.67073820e+04
1.67112359e+04
1.67150945e+04
1.67189543e+04
1.67228157e+04
1.67266795e+04
1.67305489e+04
1.67344221e+04
1.67382979e+04
1.67421775e+04
1.67460588e+04
1.67499421e+04
1.67538304e+04
1.67577184e+04
1.67616040e+04
1.67654847e+04
1.67693555e+04
1.67732164e+04
1.67770646e+04
1.67808972e+04
1.67847127e+04
1.67885155e+04
1.67923105e+04
1.67961015e+04
1.67998947e+04
1.68036926e+04
1.68074960e+04
1.68113052e+04
1.68151211e+04
1.68189481e+04
1.68227885e+04
1.68266430e+04
1.68305088e+04
1.68343804e+04
1.68382564e+04
1.68421347e+04
1.68460215e+04
1.68499183e+04
1.68538244e+04
1.68577398e+04
1.68616624e+04
1.68655895e+04
1.68695221e+04
1.68734606e+04
1.68774032e+04
1.68813469e+04
1.68852918e+04
1.68892403e+04
1.68931914e+04
1.68971451e+04
1.69011021e+04
1.69050589e+04
1.69090205e+04
1.69129949e+04
1.69169801e+04
1.69209775e+04
1.69249834e+04
1.69289982e+04
1.69330216e+04
1.69370525e+04
1.69410915e+04
1.69451354e+04
1.69491852e+04
1.69532412e+04
1.69573046e+04
1.69613743e+04
1.69654483e+04
1.69695288e+04
1.69736173e+04
1.69777108e+04
1.69818056e+04
1.69858969e+04
1.69899860e+04
1.69940701e+04
1.69981494e+04
1.70022195e+04
1.70062803e+04
1.70103327e+04
1.70143758e+04
1.70184125e+04
1.70224425e+04
1.70264699e+04
1.70304939e+04
1.70345167e+04
1.70385370e+04
1.70425542e+04
1.70465724e+04
1.70505922e+04
1.70546111e+04
1.70586344e+04
1.70626674e+04
1.70667112e+04
1.70707627e+04
1.70748227e+04
1.70788872e+04
1.70829547e+04
1.70870259e+04
1.70911035e+04
1.70951881e+04
1.70992803e+04
1.71033785e+04
1.71074842e+04
1.71116006e+04
1.71157255e+04
1.71198586e+04
1.71239984e+04
1.71281393e+04
1.71322777e+04
1.71364139e+04
1.71405509e+04
1.71446889e+04
1.71488255e+04
1.71529612e+04
1.71570958e+04
1.71612304e+04
1.71653689e+04
1.71695106e+04
1.71736566e+04
1.71778053e+04
1.71819577e+04
1.71861112e+04
1.71902624e+04
1.71944106e+04
1.71985594e+04
1.72027103e+04
1.72068605e+04
1.72110117e+04
1.72151608e+04
1.72193066e+04
1.72234495e+04
1.72275883e+04
1.72317256e+04
1.72358601e+04
1.72399876e+04
1.72441061e+04
1.72482137e+04
1.72523091e+04
1.72563929e+04
1.72604627e+04
1.72645232e+04
1.72685743e+04
1.72726157e+04
1.72766481e+04
1.72806736e+04
1.72846966e+04
1.72887213e+04
1.72927536e+04
1.72967944e+04
1.73008433e+04
1.73048995e+04
1.73089637e+04
1.73130436e+04
1.73171409e+04
1.73212535e+04
1.73253812e+04
1.73295197e+04
1.73336736e+04
1.73378435e+04
1.73420334e+04
1.73462405e+04
1.73504617e+04
1.73546962e+04
1.73589425e+04
1.73632036e+04
1.73674753e+04
1.73717567e+04
1.73760516e+04
1.73803596e+04
1.73846869e+04
1.73890364e+04
1.73934094e+04
1.73978063e+04
1.74022232e+04
1.74066580e+04
1.74111087e+04
1.74155719e+04
1.74200406e+04
1.74245097e+04
1.74289778e+04
1.74334418e+04
1.74378985e+04
1.74423434e+04
1.74467735e+04
1.74511891e+04
1.74555905e+04
1.74599791e+04
1.74643552e+04
1.74687240e+04
1.74730824e+04
1.74774281e+04
1.74817642e+04
1.74860939e+04
1.74904208e+04
1.74947472e+04
1.74990761e+04
1.75034077e+04
1.75077357e+04
1.75120647e+04
1.75163985e+04
1.75207356e+04
1.75250720e+04
1.75294044e+04
1.75337298e+04
1.75380504e+04
1.75423629e+04
1.75466646e+04
1.75509487e+04
1.75552120e+04
1.75594591e+04
1.75636916e+04
1.75679173e+04
1.75721406e+04
1.75763661e+04
1.75805963e+04
1.75848309e+04
1.75890730e+04
1.75933264e+04
1.75975874e+04
1.76018545e+04
1.76061241e+04
1.76103920e+04
1.76146536e+04
1.76189086e+04
1.76231605e+04
1.76274073e+04
1.76316518e+04
1.76358989e+04
1.76401460e+04
1.76443997e+04
1.76486600e+04
1.76529288e+04
1.76571993e+04
1.76614697e+04
1.76657395e+04
1.76700058e+04
1.76742703e+04
1.76785317e+04
1.76827903e+04
1.76870434e+04
1.76912891e+04
1.76955267e+04
1.76997570e+04
1.77039820e+04
1.77082021e+04
1.77124176e+04
1.77166237e+04
1.77208194e+04
1.77250088e+04
1.77291902e+04
1.77333667e+04
1.77375381e+04
1.77417033e+04
1.77458591e+04
1.77500018e+04
1.77541323e+04
1.77582543e+04
1.77623670e+04
1.77664655e+04
1.77705533e+04
1.77746322e+04
1.77787055e+04
1.77827755e+04
1.77868492e+04
1.77909283e+04
1.77950144e+04
1.77991035e+04
1.78032000e+04
1.78073025e+04
1.78114056e+04
1.78155065e+04
1.78196046e+04
1.78236982e+04
1.78277837e+04
1.78318578e+04
1.78359221e+04
1.78399793e+04
1.78440334e+04
1.78480889e+04
1.78521499e+04
1.78562143e+04
1.78602837e+04
1.78643620e+04
1.78684529e+04
1.78725618e+04
1.78766869e+04
1.78808210e+04
1.78849603e+04
1.78890991e+04
1.78932394e+04
1.78973794e+04
1.79015182e+04
1.79056542e+04
1.79097835e+04
1.79139030e+04
1.79180104e+04
1.79221065e+04
1.79261934e+04
1.79302798e+04
1.79343631e+04
1.79384409e+04
1.79425159e+04
1.79465863e+04
1.79506528e+04
1.79547165e+04
1.79587788e+04
1.79628468e+04
1.79669185e+04
1.79709949e+04
1.79750755e+04
1.79791651e+04
1.79832647e+04
1.79873775e+04
1.79915084e+04
1.79956626e+04
1.79998392e+04
1.80040405e+04
1.80082619e+04
1.80125014e+04
1.80167505e+04
1.80210079e+04
1.80252722e+04
1.80295398e+04
1.80338080e+04
1.80380708e+04
1.80423261e+04
1.80465710e+04
1.80508043e+04
1.80550281e+04
1.80592421e+04
1.80634479e+04
1.80676493e+04
1.80718497e+04
1.80760504e+04
1.80802535e+04
1.80844575e+04
1.80886619e+04
1.80928635e+04
1.80970601e+04
1.81012527e+04
1.81054401e+04
1.81096223e+04
1.81137950e+04
1.81179597e+04
1.81221216e+04
1.81262876e+04
1.81304536e+04
1.81346166e+04
1.81387754e+04
1.81429302e+04
1.81470861e+04
1.81512435e+04
1.81553993e+04
1.81595498e+04
1.81636942e+04
1.81678326e+04
1.81719670e+04
1.81760986e+04
1.81802260e+04
1.81843516e+04
1.81884776e+04
1.81926064e+04
1.81967398e+04
1.82008796e+04
1.82050262e+04
1.82091798e+04
1.82133410e+04
1.82175090e+04
1.82216842e+04
1.82258637e+04
1.82300520e+04
1.82342491e+04
1.82384543e+04
1.82426690e+04
1.82468908e+04
1.82511199e+04
1.82553536e+04
1.82595916e+04
1.82638342e+04
1.82680830e+04
1.82723400e+04
1.82766056e+04
1.82808845e+04
1.82851777e+04
1.82894832e+04
1.82938010e+04
1.82981347e+04
1.83024854e+04
1.83068497e+04
1.83112271e+04
1.83156120e+04
1.83200028e+04
1.83244012e+04
1.83288062e+04
1.83332113e+04
1.83376150e+04
1.83420188e+04
1.83464213e+04
1.83508278e+04
1.83552350e+04
1.83596395e+04
1.83640395e+04
1.83684352e+04
1.83728288e+04
1.83772273e+04
1.83816279e+04
1.83860331e+04
1.83904385e+04
1.83948391e+04
1.83992268e+04
1.84036014e+04
1.84079637e+04
1.84123107e+04
1.84166410e+04
1.84209506e+04
1.84252416e+04
1.84295158e+04
1.84337819e+04
1.84380439e+04
1.84423105e+04
1.84465750e+04
1.84508417e+04
1.84551147e+04
1.84593939e+04
1.84636739e+04
1.84679495e+04
1.84722144e+04
1.84764664e+04
1.84807094e+04
1.84849451e+04
1.84891768e+04
1.84934096e+04
1.84976524e+04
1.85019108e+04
1.85061888e+04
1.85104930e+04
1.85148225e+04
1.85191807e+04
1.85235610e+04
1.85279565e+04
1.85323601e+04
1.85367683e+04
1.85411815e+04
1.85455994e+04
1.85500213e+04
1.85544442e+04
1.85588637e+04
1.85632777e+04
1.85676847e+04
1.85720863e+04
1.85764833e+04
1.85808735e+04
1.85852528e+04
1.85896216e+04
1.85939820e+04
1.85983330e+04
1.86026752e+04
1.86070048e+04
1.86113224e+04
1.86156259e+04
1.86199187e+04
1.86241979e+04
1.86284656e+04
1.86327244e+04
1.86369704e+04
1.86412027e+04
1.86454270e+04
1.86496487e+04
1.86538720e+04
1.86581043e+04
1.86623506e+04
1.86666099e+04
1.86708861e+04
1.86751777e+04
1.86794811e+04
1.86837899e+04
1.86881058e+04
1.86924311e+04
1.86967657e+04
1.87011087e+04
1.87054613e+04
1.87098269e+04
1.87142041e+04
1.87186039e+04
1.87230342e+04
1.87274931e+04
1.87319796e+04
1.87364846e+04
1.87410039e+04
1.87455338e+04
1.87500749e+04
1.87546283e+04
1.87591895e+04
1.87637611e+04
1.87683436e+04
1.87729362e+04
1.87775416e+04
1.87821623e+04
1.87867958e+04
1.87914345e+04
1.87960773e+04
1.88007188e+04
1.88053546e+04
1.88099820e+04
1.88145994e+04
1.88192064e+04
1.88238017e+04
1.88283858e+04
1.88329626e+04
1.88375359e+04
1.88421145e+04
1.88466998e+04
1.88512916e+04
1.88558844e+04
1.88604795e+04
1.88650766e+04
1.88696819e+04
1.88742969e+04
1.88789198e+04
1.88835462e+04
1.88881757e+04
1.88928108e+04
1.88974554e+04
1.89021125e+04
1.89067850e+04
1.89114726e+04
1.89161716e+04
1.89208882e+04
1.89256210e+04
1.89303679e+04
1.89351250e+04
1.89398872e+04
1.89446564e+04
1.89494263e+04
1.89541906e+04
1.89589481e+04
1.89636941e+04
1.89684275e+04
1.89731463e+04
1.89778522e+04
1.89825466e+04
1.89872286e+04
1.89919022e+04
1.89965679e+04
1.90012262e+04
1.90058752e+04
1.90105171e+04
1.90151542e+04
1.90197858e+04
1.90244108e+04
1.90290312e+04
1.90336444e+04
1.90382534e+04
1.90428593e+04
1.90474651e+04
1.90520767e+04
1.90566948e+04
1.90613242e+04
1.90659646e+04
1.90706168e+04
1.90752823e+04
1.90799575e+04
1.90846439e+04
1.90893367e+04
1.90940349e+04
1.90987376e+04
1.91034447e+04
1.91081560e+04
1.91128711e+04
1.91175942e+04
1.91223297e+04
1.91270786e+04
1.91318433e+04
1.91366216e+04
1.91414080e+04
1.91461997e+04
1.91509974e+04
1.91558050e+04
1.91606227e+04
1.91654502e+04
1.91702848e+04
1.91751226e+04
1.91799646e+04
1.91848124e+04
1.91896659e+04
1.91945227e+04
1.91993823e+04
1.92042427e+04
1.92091012e+04
1.92139522e+04
1.92187981e+04
1.92236362e+04
1.92284668e+04
1.92332956e+04
1.92381246e+04
1.92429529e+04
1.92477812e+04
1.92526089e+04
1.92574402e+04
1.92622813e+04
1.92671377e+04
1.92720164e+04
1.92769183e+04
1.92818462e+04
1.92867990e+04
1.92917789e+04
1.92967799e+04
1.93017984e+04
1.93068355e+04
1.93118830e+04
1.93169381e+04
1.93219951e+04
1.93270500e+04
1.93320997e+04
1.93371406e+04
1.93421767e+04
1.93472111e+04
1.93522443e+04
1.93572815e+04
1.93623282e+04
1.93673866e+04
1.93724618e+04
1.93775542e+04
1.93826635e+04
1.93877929e+04
1.93929389e+04
1.93981025e+04
1.94032795e+04
1.94084704e+04
1.94136706e+04
1.94188771e+04
1.94240880e+04
1.94292987e+04
1.94345137e+04
1.94397359e+04
1.94449667e+04
1.94502085e+04
1.94554612e+04
1.94607251e+04
1.94659938e+04
1.94712657e+04
1.94765387e+04
1.94818135e+04
1.94870914e+04
1.94923744e+04
1.94976583e+04
1.95029501e+04
1.95082492e+04
1.95135538e+04
1.95188626e+04
1.95241780e+04
1.95295031e+04
1.95348357e+04
1.95401728e+04
1.95455077e+04
1.95508389e+04
1.95561703e+04
1.95615043e+04
1.95668444e+04
1.95721933e+04
1.95775502e+04
1.95829102e+04
1.95882766e+04
1.95936538e+04
1.95990492e+04
1.96044592e+04
1.96098838e+04
1.96153259e+04
1.96207854e+04
1.96262664e+04
1.96317703e+04
1.96372961e+04
1.96428412e+04
1.96484011e+04
1.96539738e+04
1.96595647e+04
1.96651685e+04
1.96707794e+04
1.96763971e+04
1.96820144e+04
1.96876332e+04
1.96932528e+04
1.96988712e+04
1.97044815e+04
1.97100782e+04
1.97156560e+04
1.97212186e+04
1.97267666e+04
1.97322960e+04
1.97378049e+04
1.97432904e+04
1.97487547e+04
1.97541974e+04
1.97596267e+04
1.97650476e+04
1.97704628e+04
1.97758771e+04
1.97812951e+04
1.97867246e+04
1.97921731e+04
1.97976437e+04
1.98031339e+04
1.98086432e+04
1.98141702e+04
1.98197097e+04
1.98252545e+04
1.98308041e+04
1.98363486e+04
1.98418855e+04
1.98474120e+04
1.98529269e+04
1.98584264e+04
1.98639071e+04
1.98693755e+04
1.98748345e+04
1.98802920e+04
1.98857500e+04
1.98912090e+04
1.98966642e+04
1.99021140e+04
1.99075573e+04
1.99130033e+04
1.99184493e+04
1.99238918e+04
1.99293253e+04
1.99347454e+04
1.99401454e+04
1.99455286e+04
1.99508983e+04
1.99562578e+04
1.99616032e+04
1.99669334e+04
1.99722507e+04
1.99775650e+04
1.99828860e+04
1.99882219e+04
1.99935746e+04
1.99989412e+04
2.00043193e+04
2.00097091e+04
2.00151129e+04
2.00205275e+04
2.00259509e+04
2.00313742e+04
2.00367948e+04
2.00422091e+04
2.00476071e+04
2.00529902e+04
2.00583631e+04
2.00637308e+04
2.00690969e+04
2.00744595e+04
2.00798163e+04
2.00851633e+04
2.00905078e+04
2.00958529e+04
2.01011984e+04
2.01065405e+04
2.01118775e+04
2.01172128e+04
2.01225430e+04
2.01278721e+04
2.01332003e+04
2.01385279e+04
2.01438566e+04
2.01491886e+04
2.01545237e+04
2.01598658e+04
2.01652101e+04
2.01705534e+04
2.01758973e+04
2.01812444e+04
2.01865989e+04
2.01919610e+04
2.01973258e+04
2.02026908e+04
2.02080576e+04
2.02134284e+04
2.02188114e+04
2.02242110e+04
2.02296236e+04
2.02350480e+04
2.02404755e+04
2.02459049e+04
2.02513370e+04
2.02567695e+04
2.02621977e+04
2.02676215e+04
2.02730367e+04
2.02784408e+04
2.02838322e+04
2.02892162e+04
2.02945918e+04
2.02999657e+04
2.03053456e+04
2.03107321e+04
2.03161240e+04
2.03215232e+04
2.03269242e+04
2.03323272e+04
2.03377322e+04
2.03431397e+04
2.03485486e+04
2.03539655e+04
2.03593910e+04
2.03648262e+04
2.03702735e+04
2.03757315e+04
2.03812095e+04
2.03867133e+04
2.03922443e+04
2.03978036e+04
2.04033865e+04
2.04089891e+04
2.04146095e+04
2.04202526e+04
2.04259110e+04
2.04315803e+04
2.04372542e+04
2.04429279e+04
2.04485936e+04
2.04542531e+04
2.04599082e+04
2.04655578e+04
2.04712035e+04
2.04768445e+04
2.04824761e+04
2.04880958e+04
2.04937043e+04
2.04993047e+04
2.05048957e+04
2.05104700e+04
2.05160292e+04
2.05215673e+04
2.05270858e+04
2.05325860e+04
2.05380693e+04
2.05435278e+04
2.05489646e+04
2.05543849e+04
2.05597922e+04
2.05651928e+04
2.05705910e+04
2.05759866e+04
2.05813797e+04
2.05867756e+04
2.05921823e+04
2.05975987e+04
2.06030177e+04
2.06084389e+04
2.06138637e+04
2.06192928e+04
2.06247296e+04
2.06301790e+04
2.06356460e+04
2.06411327e+04
2.06466383e+04
2.06521626e+04
2.06577043e+04
2.06632675e+04
2.06688484e+04
2.06744429e+04
2.06800505e+04
2.06856666e+04
2.06912900e+04
2.06969178e+04
2.07025543e+04
2.07081961e+04
2.07138448e+04
2.07195016e+04
2.07251678e+04
2.07308409e+04
2.07365229e+04
2.07422096e+04
2.07479026e+04
2.07536057e+04
2.07593214e+04
2.07650559e+04
2.07708146e+04
2.07766049e+04
2.07824311e+04
2.07882925e+04
2.07941883e+04
2.08001114e+04
2.08060569e+04
2.08120158e+04
2.08179842e+04
2.08239575e+04
2.08299274e+04
2.08358906e+04
2.08418453e+04
2.08477904e+04
2.08537224e+04
2.08596390e+04
2.08655388e+04
2.08714187e+04
2.08772769e+04
2.08831129e+04
2.08889300e+04
2.08947205e+04
2.09004819e+04
2.09062158e+04
2.09119242e+04
2.09176063e+04
2.09232675e+04
2.09289108e+04
2.09345422e+04
2.09401697e+04
2.09457986e+04
2.09514307e+04
2.09570689e+04
2.09627138e+04
2.09683659e+04
2.09740237e+04
2.09796899e+04
2.09853622e+04
2.09910390e+04
2.09967197e+04
2.10024026e+04
2.10080893e+04
2.10137882e+04
2.10195053e+04
2.10252443e+04
2.10310034e+04
2.10367791e+04
2.10425687e+04
2.10483750e+04
2.10542018e+04
2.10600411e+04
2.10658954e+04
2.10717626e+04
2.10776392e+04
2.10835238e+04
2.10894222e+04
2.10953362e+04
2.11012733e+04
2.11072409e+04
2.11132436e+04
2.11192778e+04
2.11253461e+04
2.11314432e+04
2.11375710e+04
2.11437332e+04
2.11499263e+04
2.11561371e+04
2.11623559e+04
2.11685780e+04
2.11748048e+04
2.11810437e+04
2.11873001e+04
2.11935776e+04
2.11998748e+04
2.12061962e+04
2.12125436e+04
2.12189224e+04
2.12253366e+04
2.12317857e+04
2.12382608e+04
2.12447545e+04
2.12512596e+04
2.12577738e+04
2.12642955e+04
2.12708134e+04
2.12773208e+04
2.12838110e+04
2.12902735e+04
2.12967057e+04
2.13031109e+04
2.13094922e+04
2.13158543e+04
2.13221980e+04
2.13285300e+04
2.13348509e+04
2.13411707e+04
2.13474911e+04
2.13538176e+04
2.13601571e+04
2.13665161e+04
2.13728968e+04
2.13793020e+04
2.13857382e+04
2.13922038e+04
2.13986978e+04
2.14052106e+04
2.14117380e+04
2.14182729e+04
2.14248105e+04
2.14313453e+04
2.14378753e+04
2.14443993e+04
2.14509132e+04
2.14574227e+04
2.14639288e+04
2.14704389e+04
2.14769534e+04
2.14834788e+04
2.14900271e+04
2.14966038e+04
2.15032126e+04
2.15098564e+04
2.15165331e+04
2.15232365e+04
2.15299668e+04
2.15367195e+04
2.15434898e+04
2.15502718e+04
2.15570569e+04
2.15638355e+04
2.15706080e+04
2.15773740e+04
2.15841336e+04
2.15908856e+04
2.15976242e+04
2.16043532e+04
2.16110834e+04
2.16178191e+04
2.16245598e+04
2.16312991e+04
2.16380350e+04
2.16447632e+04
2.16514815e+04
2.16581908e+04
2.16648923e+04
2.16715850e+04
2.16782656e+04
2.16849372e+04
2.16916024e+04
2.16982602e+04
2.17049129e+04
2.17115611e+04
2.17182094e+04
2.17248572e+04
2.17315018e+04
2.17381429e+04
2.17447744e+04
2.17513899e+04
2.17579897e+04
2.17645757e+04
2.17711445e+04
2.17776968e+04
2.17842312e+04
2.17907509e+04
2.17972590e+04
2.18037556e+04
2.18102418e+04
2.18167226e+04
2.18232001e+04
2.18296760e+04
2.18361505e+04
2.18426211e+04
2.18490889e+04
2.18555537e+04
2.18620231e+04
2.18684999e+04
2.18749870e+04
2.18814782e+04
2.18879735e+04
2.18944692e+04
2.19009647e+04
2.19074602e+04
2.19139514e+04
2.19204385e+04
2.19269234e+04
2.19334057e+04
2.19398888e+04
2.19463754e+04
2.19528710e+04
2.19593758e+04
2.19658956e+04
2.19724339e+04
2.19789846e+04
2.19855392e+04
2.19920884e+04
2.19986341e+04
2.20051731e+04
2.20117048e+04
2.20182301e+04
2.20247493e+04
2.20312706e+04
2.20377892e+04
2.20443063e+04
2.20508272e+04
2.20573550e+04
2.20638923e+04
2.20704379e+04
2.20769806e+04
2.20835108e+04
2.20900203e+04
2.20965109e+04
2.21029910e+04
2.21094601e+04
2.21159144e+04
2.21223444e+04
2.21287557e+04
2.21351491e+04
2.21415345e+04
2.21479126e+04
2.21542877e+04
2.21606558e+04
2.21670205e+04
2.21733842e+04
2.21797536e+04
2.21861321e+04
2.21925233e+04
2.21989256e+04
2.22053458e+04
2.22117869e+04
2.22182485e+04
2.22247326e+04
2.22312341e+04
2.22377487e+04
2.22442758e+04
2.22508019e+04
2.22573255e+04
2.22638335e+04
2.22703205e+04
2.22767813e+04
2.22832132e+04
2.22896169e+04
2.22959919e+04
2.23023417e+04
2.23086715e+04
2.23149885e+04
2.23212968e+04
2.23275990e+04
2.23338925e+04
2.23401765e+04
2.23464534e+04
2.23527264e+04
2.23589912e+04
2.23652480e+04
2.23714971e+04
2.23777411e+04
2.23839876e+04
2.23902423e+04
2.23965095e+04
2.24027840e+04
2.24090730e+04
2.24153795e+04
2.24217104e+04
2.24280643e+04
2.24344357e+04
2.24408205e+04
2.24472128e+04
2.24536122e+04
2.24600215e+04
2.24664376e+04
2.24728632e+04
2.24792869e+04
2.24857057e+04
2.24921276e+04
2.24985482e+04
2.25049616e+04
2.25113682e+04
2.25177619e+04
2.25241418e+04
2.25305072e+04
2.25368543e+04
2.25431790e+04
2.25494752e+04
2.25557432e+04
2.25619833e+04
2.25682016e+04
2.25744026e+04
2.25806005e+04
2.25868003e+04
2.25930084e+04
2.25992215e+04
2.26054409e+04
2.26116699e+04
2.26179104e+04
2.26241649e+04
2.26304342e+04
2.26367178e+04
2.26430100e+04
2.26493128e+04
2.26556178e+04
2.26619266e+04
2.26682322e+04
2.26745337e+04
2.26808241e+04
2.26871060e+04
2.26933834e+04
2.26996569e+04
2.27059338e+04
2.27122137e+04
2.27185016e+04
2.27248008e+04
2.27311145e+04
2.27374478e+04
2.27437966e+04
2.27501559e+04
2.27565211e+04
2.27628928e+04
2.27692663e+04
2.27756393e+04
2.27820119e+04
2.27883819e+04
2.27947515e+04
2.28011219e+04
2.28074965e+04
2.28138805e+04
2.28202726e+04
2.28266685e+04
2.28330702e+04
2.28394761e+04
2.28458955e+04
2.28523322e+04
2.28587866e+04
2.28652549e+04
2.28717399e+04
2.28782381e+04
2.28847530e+04
2.28912870e+04
2.28978397e+04
2.29044020e+04
2.29109655e+04
2.29175245e+04
2.29240743e+04
2.29306060e+04
2.29371206e+04
2.29436170e+04
2.29500957e+04
2.29565621e+04
2.29630241e+04
2.29694880e+04
2.29759581e+04
2.29824347e+04
2.29889177e+04
2.29954097e+04
2.30019008e+04
2.30083942e+04
2.30148869e+04
2.30213777e+04
2.30278599e+04
2.30343350e+04
2.30408040e+04
2.30472717e+04
2.30537460e+04
2.30602246e+04
2.30667062e+04
2.30731901e+04
2.30796777e+04
2.30861716e+04
2.30926767e+04
2.30991976e+04
2.31057335e+04
2.31122838e+04
2.31188489e+04
2.31254232e+04
2.31320030e+04
2.31385894e+04
2.31451770e+04
2.31517643e+04
2.31583514e+04
2.31649306e+04
2.31714979e+04
2.31780534e+04
2.31845971e+04
2.31911292e+04
2.31976516e+04
2.32041670e+04
2.32106729e+04
2.32171683e+04
2.32236527e+04
2.32301382e+04
2.32366299e+04
2.32431306e+04
2.32496405e+04
2.32561652e+04
2.32627065e+04
2.32692692e+04
2.32758470e+04
2.32824449e+04
2.32890614e+04
2.32956927e+04
2.33023424e+04
2.33090162e+04
2.33157130e+04
2.33224320e+04
2.33291760e+04
2.33359501e+04
2.33427552e+04
2.33495900e+04
2.33564590e+04
2.33633549e+04
2.33702660e+04
2.33771893e+04
2.33841255e+04
2.33910846e+04
2.33980614e+04
2.34050461e+04
2.34120372e+04
2.34190321e+04
2.34260336e+04
2.34330462e+04
2.34400781e+04
2.34471246e+04
2.34541726e+04
2.34612167e+04
2.34682565e+04
2.34752867e+04
2.34823037e+04
2.34893069e+04
2.34962935e+04
2.35032571e+04
2.35102030e+04
2.35171339e+04
2.35240495e+04
2.35309513e+04
2.35378391e+04
2.35447143e+04
2.35515813e+04
2.35584344e+04
2.35652712e+04
2.35720963e+04
2.35789153e+04
2.35857271e+04
2.35925397e+04
2.35993601e+04
2.36061894e+04
2.36130269e+04
2.36198792e+04
2.36267411e+04
2.36336150e+04
2.36405054e+04
2.36474163e+04
2.36543472e+04
2.36612923e+04
2.36682483e+04
2.36752148e+04
2.36821837e+04
2.36891468e+04
2.36960957e+04
2.37030248e+04
2.37099210e+04
2.37167755e+04
2.37235868e+04
2.37303549e+04
2.37370840e+04
2.37437730e+04
2.37504232e+04
2.37570330e+04
2.37636057e+04
2.37701341e+04
2.37766204e+04
2.37830629e+04
2.37894617e+04
2.37958177e+04
2.38021328e+04
2.38084100e+04
2.38146583e+04
2.38208852e+04
2.38270995e+04
2.38332936e+04
2.38394598e+04
2.38455963e+04
2.38517042e+04
2.38577860e+04
2.38638427e+04
2.38698790e+04
2.38759042e+04
2.38819228e+04
2.38879271e+04
2.38939225e+04
2.38999177e+04
2.39059236e+04
2.39119541e+04
2.39180146e+04
2.39240979e+04
2.39302035e+04
2.39363331e+04
2.39424848e+04
2.39486685e+04
2.39548858e+04
2.39611336e+04
2.39673993e+04
2.39736784e+04
2.39799656e+04
2.39862583e+04
2.39925517e+04
2.39988477e+04
2.40051503e+04
2.40114621e+04
2.40177793e+04
2.40241090e+04
2.40304590e+04
2.40368354e+04
2.40432427e+04
2.40496903e+04
2.40561718e+04
2.40626865e+04
2.40692325e+04
2.40758076e+04
2.40824047e+04
2.40890218e+04
2.40956554e+04
2.41022993e+04
2.41089496e+04
2.41156128e+04
2.41222906e+04
2.41289863e+04
2.41357051e+04
2.41424489e+04
2.41492164e+04
2.41560121e+04
2.41628367e+04
2.41696746e+04
2.41765218e+04
2.41833654e+04
2.41901987e+04
2.41970129e+04
2.42038109e+04
2.42105952e+04
2.42173740e+04
2.42241421e+04
2.42309004e+04
2.42376547e+04
2.42444001e+04
2.42511395e+04
2.42578745e+04
2.42645969e+04
2.42713058e+04
2.42779957e+04
2.42846668e+04
2.42913246e+04
2.42979750e+04
2.43046153e+04
2.43112415e+04
2.43178589e+04
2.43244743e+04
2.43310946e+04
2.43377107e+04
2.43443136e+04
2.43509040e+04
2.43574811e+04
2.43640493e+04
2.43706060e+04
2.43771558e+04
2.43836915e+04
2.43902120e+04
2.43967181e+04
2.44032103e+04
2.44096856e+04
2.44161463e+04
2.44226006e+04
2.44290492e+04
2.44354932e+04
2.44419310e+04
2.44483623e+04
2.44547904e+04
2.44612179e+04
2.44676498e+04
2.44740840e+04
2.44805242e+04
2.44869725e+04
2.44934396e+04
2.44999299e+04
2.45064480e+04
2.45129898e+04
2.45195528e+04
2.45261375e+04
2.45327397e+04
2.45393602e+04
2.45459923e+04
2.45526419e+04
2.45592953e+04
2.45659488e+04
2.45725982e+04
2.45792378e+04
2.45858548e+04
2.45924457e+04
2.45990089e+04
2.46055507e+04
2.46120771e+04
2.46185882e+04
2.46250877e+04
2.46315707e+04
2.46380430e+04
2.46445209e+04
2.46510123e+04
2.46575264e+04
2.46640566e+04
2.46705889e+04
2.46771158e+04
2.46836373e+04
2.46901463e+04
2.46966416e+04
2.47031118e+04
2.47095544e+04
2.47159621e+04
2.47223369e+04
2.47286823e+04
2.47350064e+04
2.47413233e+04
2.47476319e+04
2.47539328e+04
2.47602267e+04
2.47665174e+04
2.47728138e+04
2.47791193e+04
2.47854280e+04
2.47917328e+04
2.47980339e+04
2.48043261e+04
2.48106084e+04
2.48168813e+04
2.48231444e+04
2.48293928e+04
2.48356268e+04
2.48418524e+04
2.48480707e+04
2.48542863e+04
2.48604972e+04
2.48666941e+04
2.48728710e+04
2.48790230e+04
2.48851492e+04
2.48912547e+04
2.48973375e+04
2.49033938e+04
2.49094185e+04
2.49154134e+04
2.49213864e+04
2.49273488e+04
2.49333092e+04
2.49392758e+04
2.49452463e+04
2.49512179e+04
2.49571891e+04
2.49631736e+04
2.49691748e+04
2.49751902e+04
2.49812070e+04
2.49872276e+04
2.49932501e+04
2.49992724e+04
2.50053009e+04
2.50113437e+04
2.50174000e+04
2.50234584e+04
2.50295118e+04
2.50355519e+04
2.50415750e+04
2.50475787e+04
2.50535665e+04
2.50595418e+04
2.50655087e+04
2.50714658e+04
2.50774185e+04
2.50833723e+04
2.50893232e+04
2.50952687e+04
2.51012132e+04
2.51071511e+04
2.51130790e+04
2.51189895e+04
2.51248793e+04
2.51307339e+04
2.51365524e+04
2.51423409e+04
2.51481113e+04
2.51538640e+04
2.51596028e+04
2.51653222e+04
2.51710164e+04
2.51766958e+04
2.51823626e+04
2.51880208e+04
2.51936603e+04
2.51992778e+04
2.52048714e+04
2.52104448e+04
2.52160081e+04
2.52215619e+04
2.52271116e+04
2.52326576e+04
2.52382047e+04
2.52437583e+04
2.52493266e+04
2.52549246e+04
2.52605565e+04
2.52662185e+04
2.52719139e+04
2.52776481e+04
2.52834199e+04
2.52892336e+04
2.52950945e+04
2.53010108e+04
2.53069748e+04
2.53129857e+04
2.53190311e+04
2.53251037e+04
2.53311907e+04
2.53372927e+04
2.53434081e+04
2.53495336e+04
2.53556580e+04
2.53617692e+04
2.53678599e+04
2.53739306e+04
2.53799871e+04
2.53860365e+04
2.53920755e+04
2.53981013e+04
2.54041074e+04
2.54100919e+04
2.54160596e+04
2.54220163e+04
2.54279699e+04
2.54339199e+04
2.54398623e+04
2.54457995e+04
2.54517377e+04
2.54576811e+04
2.54636298e+04
2.54695821e+04
2.54755379e+04
2.54814983e+04
2.54874554e+04
2.54933990e+04
2.54993266e+04
2.55052339e+04
2.55111090e+04
2.55169529e+04
2.55227646e+04
2.55285557e+04
2.55343281e+04
2.55400892e+04
2.55458402e+04
2.55515819e+04
2.55573289e+04
2.55630897e+04
2.55688745e+04
2.55746794e+04
2.55804916e+04
2.55862993e+04
2.55920936e+04
2.55978813e+04
2.56036716e+04
2.56094637e+04
2.56152519e+04
2.56210384e+04
2.56268246e+04
2.56326104e+04
2.56383944e+04
2.56441799e+04
2.56499687e+04
2.56557552e+04
2.56615396e+04
2.56673184e+04
2.56730889e+04
2.56788470e+04
2.56845907e+04
2.56903215e+04
2.56960389e+04
2.57017453e+04
2.57074400e+04
2.57131205e+04
2.57187924e+04
2.57244505e+04
2.57300960e+04
2.57357338e+04
2.57413648e+04
2.57469905e+04
2.57526179e+04
2.57582484e+04
2.57638858e+04
2.57695371e+04
2.57752181e+04
2.57809313e+04
2.57866806e+04
2.57924682e+04
2.57983069e+04
2.58041874e+04
2.58100941e+04
2.58160324e+04
2.58220020e+04
2.58280109e+04
2.58340570e+04
2.58401235e+04
2.58462012e+04
2.58522842e+04
2.58583722e+04
2.58644733e+04
2.58705881e+04
2.58767098e+04
2.58828239e+04
2.58889190e+04
2.58949986e+04
2.59010678e+04
2.59071324e+04
2.59131955e+04
2.59192530e+04
2.59253176e+04
2.59313825e+04
2.59374513e+04
2.59435413e+04
2.59496544e+04
2.59557925e+04
2.59619451e+04
2.59681098e+04
2.59742887e+04
2.59804841e+04
2.59866979e+04
2.59929222e+04
2.59991614e+04
2.60054170e+04
2.60116979e+04
2.60180126e+04
2.60243479e+04
2.60306990e+04
2.60370568e+04
2.60434323e+04
2.60498236e+04
2.60562336e+04
2.60626549e+04
2.60690841e+04
2.60755091e+04
2.60819283e+04
2.60883436e+04
2.60947500e+04
2.61011510e+04
2.61075463e+04
2.61139330e+04
2.61203063e+04
2.61266682e+04
2.61330273e+04
2.61393883e+04
2.61457534e+04
2.61521222e+04
2.61584977e+04
2.61648866e+04
2.61712895e+04
2.61777059e+04
2.61841278e+04
2.61905576e+04
2.61969956e+04
2.62034392e+04
2.62098807e+04
2.62163262e+04
2.62227702e+04
2.62292065e+04
2.62356361e+04
2.62420648e+04
2.62484953e+04
2.62549257e+04
2.62613664e+04
2.62678170e+04
2.62742712e+04
2.62807302e+04
2.62871966e+04
2.62936682e+04
2.63001418e+04
2.63066118e+04
2.63130759e+04
2.63195309e+04
2.63259866e+04
2.63324399e+04
2.63388897e+04
2.63453356e+04
2.63517704e+04
2.63581930e+04
2.63645928e+04
2.63709711e+04
2.63773230e+04
2.63836551e+04
2.63899681e+04
2.63962664e+04
2.64025523e+04
2.64088219e+04
2.64150882e+04
2.64213515e+04
2.64276209e+04
2.64339003e+04
2.64402027e+04
2.64465358e+04
2.64529043e+04
2.64593057e+04
2.64657424e+04
2.64722071e+04
2.64786972e+04
2.64851999e+04
2.64917127e+04
2.64982349e+04
2.65047549e+04
2.65112588e+04
2.65177378e+04
2.65241996e+04
2.65306418e+04
2.65370800e+04
2.65435214e+04
2.65499680e+04
2.65564181e+04
2.65628888e+04
2.65693940e+04
2.65759472e+04
2.65825427e+04
2.65891754e+04
2.65958543e+04
2.66025815e+04
2.66093526e+04
2.66161656e+04
2.66230091e+04
2.66298694e+04
2.66367402e+04
2.66436178e+04
2.66505057e+04
2.66574039e+04
2.66643056e+04
2.66712067e+04
2.66781085e+04
2.66850117e+04
2.66919124e+04
2.66988011e+04
2.67056693e+04
2.67125085e+04
2.67193015e+04
2.67260439e+04
2.67327362e+04
2.67393720e+04
2.67459533e+04
2.67524860e+04
2.67589790e+04
2.67654371e+04
2.67718701e+04
2.67782802e+04
2.67846801e+04
2.67910763e+04
2.67974686e+04
2.68038581e+04
2.68102479e+04
2.68166364e+04
2.68230251e+04
2.68294242e+04
2.68358402e+04
2.68422814e+04
2.68487413e+04
2.68552217e+04
2.68617267e+04
2.68682575e+04
2.68748128e+04
2.68813967e+04
2.68880148e+04
2.68946740e+04
2.69013862e+04
2.69081477e+04
2.69149596e+04
2.69218183e+04
2.69287163e+04
2.69356500e+04
2.69426120e+04
2.69495981e+04
2.69565898e+04
2.69635770e+04
2.69705512e+04
2.69775090e+04
2.69844479e+04
2.69913648e+04
2.69982687e+04
2.70051682e+04
2.70120651e+04
2.70189641e+04
2.70258722e+04
2.70327883e+04
2.70397172e+04
2.70466527e+04
2.70536011e+04
2.70605693e+04
2.70675554e+04
2.70745606e+04
2.70815822e+04
2.70886124e+04
2.70956579e+04
2.71027119e+04
2.71097612e+04
2.71168077e+04
2.71238349e+04
2.71308367e+04
2.71378087e+04
2.71447450e+04
2.71516478e+04
2.71585079e+04
2.71653206e+04
2.71720963e+04
2.71788546e+04
2.71856011e+04
2.71923386e+04
2.71990585e+04
2.72057603e+04
2.72124504e+04
2.72191330e+04
2.72258166e+04
2.72324896e+04
2.72391390e+04
2.72457610e+04
2.72523592e+04
2.72589447e+04
2.72655317e+04
2.72721175e+04
2.72787050e+04
2.72852909e+04
2.72918813e+04
2.72984936e+04
2.73051337e+04
2.73117976e+04
2.73184898e+04
2.73252014e+04
2.73319273e+04
2.73386499e+04
2.73453683e+04
2.73520736e+04
2.73587486e+04
2.73653895e+04
2.73719964e+04
2.73785729e+04
2.73851115e+04
2.73916233e+04
2.73981081e+04
2.74045741e+04
2.74110162e+04
2.74174310e+04
2.74238203e+04
2.74301909e+04
2.74365335e+04
2.74428410e+04
2.74491227e+04
2.74553767e+04
2.74616100e+04
2.74678372e+04
2.74740793e+04
2.74803400e+04
2.74866246e+04
2.74929387e+04
2.74992731e+04
2.75056310e+04
2.75120055e+04
2.75183973e+04
2.75247951e+04
2.75311877e+04
2.75375660e+04
2.75439266e+04
2.75502615e+04
2.75565584e+04
2.75628271e+04
2.75690671e+04
2.75752839e+04
2.75814897e+04
2.75876811e+04
2.75938471e+04
2.75999959e+04
2.76061313e+04
2.76122577e+04
2.76183749e+04
2.76244908e+04
2.76306176e+04
2.76367478e+04
2.76428830e+04
2.76490203e+04
2.76551586e+04
2.76613014e+04
2.76674611e+04
2.76736452e+04
2.76798477e+04
2.76860736e+04
2.76923072e+04
2.76985499e+04
2.77048088e+04
2.77110848e+04
2.77173801e+04
2.77237087e+04
2.77300582e+04
2.77364341e+04
2.77428419e+04
2.77492883e+04
2.77557766e+04
2.77623029e+04
2.77688680e+04
2.77754742e+04
2.77821112e+04
2.77887728e+04
2.77954516e+04
2.78021362e+04
2.78088151e+04
2.78154814e+04
2.78221254e+04
2.78287430e+04
2.78353356e+04
2.78419020e+04
2.78484515e+04
2.78549962e+04
2.78615367e+04
2.78680725e+04
2.78746044e+04
2.78811299e+04
2.78876553e+04
2.78941827e+04
2.79006925e+04
2.79071630e+04
2.79135815e+04
2.79199519e+04
2.79262883e+04
2.79325943e+04
2.79388933e+04
2.79451898e+04
2.79514772e+04
2.79577630e+04
2.79640657e+04
2.79703990e+04
2.79767565e+04
2.79831322e+04
2.79895197e+04
2.79959095e+04
2.80023049e+04
2.80087035e+04
2.80151150e+04
2.80215442e+04
2.80279920e+04
2.80344594e+04
2.80409566e+04
2.80474832e+04
2.80540291e+04
2.80605919e+04
2.80671567e+04
2.80737248e+04
2.80802987e+04
2.80868902e+04
2.80934830e+04
2.81000676e+04
2.81066436e+04
2.81132196e+04
2.81197963e+04
2.81263850e+04
2.81329906e+04
2.81395983e+04
2.81462070e+04
2.81528243e+04
2.81594576e+04
2.81661010e+04
2.81727600e+04
2.81794446e+04
2.81861511e+04
2.81928670e+04
2.81995893e+04
2.82063103e+04
2.82130306e+04
2.82197511e+04
2.82264758e+04
2.82331928e+04
2.82399037e+04
2.82466113e+04
2.82533221e+04
2.82600371e+04
2.82667612e+04
2.82735082e+04
2.82802798e+04
2.82870631e+04
2.82938562e+04
2.83006546e+04
2.83074550e+04
2.83142580e+04
2.83210623e+04
2.83278566e+04
2.83346375e+04
2.83414086e+04
2.83481782e+04
2.83549482e+04
2.83617280e+04
2.83685119e+04
2.83752911e+04
2.83820605e+04
2.83888251e+04
2.83955832e+04
2.84023391e+04
2.84090930e+04
2.84158388e+04
2.84225836e+04
2.84293236e+04
2.84360500e+04
2.84427611e+04
2.84494551e+04
2.84561233e+04
2.84627697e+04
2.84693985e+04
2.84760049e+04
2.84825906e+04
2.84891617e+04
2.84957406e+04
2.85023426e+04
2.85089699e+04
2.85156261e+04
2.85223200e+04
2.85290568e+04
2.85358391e+04
2.85426627e+04
2.85495247e+04
2.85564034e+04
2.85632841e+04
2.85701655e+04
2.85770558e+04
2.85839556e+04
2.85908638e+04
2.85977756e+04
2.86046883e+04
2.86116070e+04
2.86185216e+04
2.86254415e+04
2.86323606e+04
2.86392694e+04
2.86461625e+04
2.86530390e+04
2.86598899e+04
2.86667074e+04
2.86734658e+04
2.86801739e+04
2.86868357e+04
2.86934587e+04
2.87000415e+04
2.87065907e+04
2.87131036e+04
2.87195839e+04
2.87260458e+04
2.87325036e+04
2.87389786e+04
2.87454696e+04
2.87519790e+04
2.87585004e+04
2.87650276e+04
2.87715701e+04
2.87781348e+04
2.87847150e+04
2.87913116e+04
2.87979180e+04
2.88045232e+04
2.88111324e+04
2.88177496e+04
2.88243812e+04
2.88310166e+04
2.88376452e+04
2.88442679e+04
2.88508941e+04
2.88575371e+04
2.88641994e+04
2.88708765e+04
2.88775718e+04
2.88842694e+04
2.88909682e+04
2.88976763e+04
2.89043872e+04
2.89111063e+04
2.89178285e+04
2.89245482e+04
2.89312557e+04
2.89379372e+04
2.89445903e+04
2.89512110e+04
2.89577973e+04
2.89643450e+04
2.89708506e+04
2.89773145e+04
2.89837375e+04
2.89901363e+04
2.89965257e+04
2.90029254e+04
2.90093378e+04
2.90157705e+04
2.90222190e+04
2.90286867e+04
2.90351936e+04
2.90417529e+04
2.90483699e+04
2.90550365e+04
2.90617588e+04
2.90685245e+04
2.90753218e+04
2.90821506e+04
2.90889922e+04
2.90958290e+04
2.91026412e+04
2.91094191e+04
2.91161548e+04
2.91228358e+04
2.91294778e+04
2.91360797e+04
2.91426499e+04
2.91492019e+04
2.91557422e+04
2.91622797e+04
2.91688160e+04
2.91753514e+04
2.91818817e+04
2.91884099e+04
2.91949262e+04
2.92014329e+04
2.92079215e+04
2.92144101e+04
2.92209126e+04
2.92274219e+04
2.92339395e+04
2.92404724e+04
2.92470160e+04
2.92535655e+04
2.92601203e+04
2.92666919e+04
2.92732724e+04
2.92798526e+04
2.92864293e+04
2.92930153e+04
2.92996306e+04
2.93062787e+04
2.93129607e+04
2.93196588e+04
2.93263677e+04
2.93330760e+04
2.93397808e+04
2.93464721e+04
2.93531540e+04
2.93598143e+04
2.93664452e+04
2.93730528e+04
2.93796400e+04
2.93862238e+04
2.93928125e+04
2.93994178e+04
2.94060525e+04
2.94127214e+04
2.94194210e+04
2.94261450e+04
2.94329082e+04
2.94397024e+04
2.94465330e+04
2.94533916e+04
2.94602723e+04
2.94671691e+04
2.94740681e+04
2.94809580e+04
2.94878430e+04
2.94947148e+04
2.95015700e+04
2.95083951e+04
2.95151842e+04
2.95219270e+04
2.95286252e+04
2.95352803e+04
2.95419073e+04
2.95485162e+04
2.95551055e+04
2.95616979e+04
2.95683016e+04
2.95749203e+04
2.95815461e+04
2.95881828e+04
2.95948246e+04
2.96014555e+04
2.96080684e+04
2.96146582e+04
2.96212176e+04
2.96277390e+04
2.96342421e+04
2.96407307e+04
2.96472287e+04
2.96537333e+04
2.96602506e+04
2.96668046e+04
2.96733904e+04
2.96799949e+04
2.96866251e+04
2.96932883e+04
2.96999832e+04
2.97066972e+04
2.97134062e+04
2.97200977e+04
2.97267835e+04
2.97334524e+04
2.97401141e+04
2.97467678e+04
2.97534026e+04
2.97600106e+04
2.97665872e+04
2.97731656e+04
2.97797561e+04
2.97863542e+04
2.97929708e+04
2.97996133e+04
2.98062980e+04
2.98130484e+04
2.98198847e+04
2.98268025e+04
2.98337922e+04
2.98408325e+04
2.98479119e+04
2.98550226e+04
2.98621554e+04
2.98692999e+04
2.98764411e+04
2.98835654e+04
2.98906503e+04
2.98976933e+04
2.99046963e+04
2.99116754e+04
2.99186400e+04
2.99255895e+04
2.99325215e+04
2.99394296e+04
2.99463278e+04
2.99532240e+04
2.99601233e+04
2.99670266e+04
2.99739410e+04
2.99808652e+04
2.99877936e+04
2.99947361e+04
3.00016936e+04
3.00086656e+04
3.00156617e+04
3.00226807e+04
3.00297195e+04
3.00367616e+04
3.00438133e+04
3.00508650e+04
3.00579065e+04
3.00649305e+04
3.00719343e+04
3.00789101e+04
3.00858563e+04
3.00927739e+04
3.00996580e+04
3.01064903e+04
3.01132658e+04
3.01200006e+04
3.01267027e+04
3.01333742e+04
3.01400216e+04
3.01466559e+04
3.01532825e+04
3.01599041e+04
3.01665193e+04
3.01731476e+04
3.01797987e+04
3.01864803e+04
3.01931990e+04
3.01999458e+04
3.02067444e+04
3.02136034e+04
3.02205417e+04
3.02275727e+04
3.02347136e+04
3.02419618e+04
3.02493326e+04
3.02568185e+04
3.02644181e+04
3.02721041e+04
3.02798594e+04
3.02876755e+04
3.02955292e+04
3.03034147e+04
3.03113228e+04
3.03192486e+04
3.03271859e+04
3.03351424e+04
3.03431336e+04
3.03511759e+04
3.03592651e+04
3.03673951e+04
3.03755686e+04
3.03837782e+04
3.03920343e+04
3.04003333e+04
3.04086475e+04
3.04169594e+04
3.04252465e+04
3.04335015e+04
3.04417325e+04
3.04499422e+04
3.04581359e+04
3.04663061e+04
3.04744539e+04
3.04825929e+04
3.04907496e+04
3.04989362e+04
3.05071714e+04
3.05154666e+04
3.05238147e+04
3.05322232e+04
3.05406834e+04
3.05491978e+04
3.05577558e+04
3.05663651e+04
3.05750248e+04
3.05837253e+04
3.05924555e+04
3.06012111e+04
3.06099819e+04
3.06187641e+04
3.06275631e+04
3.06363754e+04
3.06452070e+04
3.06540580e+04
3.06629234e+04
3.06717865e+04
3.06806455e+04
3.06894874e+04
3.06983022e+04
3.07070816e+04
3.07158190e+04
3.07245065e+04
3.07331447e+04
3.07417304e+04
3.07502771e+04
3.07587816e+04
3.07672503e+04
3.07756986e+04
3.07841431e+04
3.07925828e+04
3.08010229e+04
3.08094452e+04
3.08178533e+04
3.08262473e+04
3.08346187e+04
3.08429603e+04
3.08512680e+04
3.08595263e+04
3.08677475e+04
3.08759308e+04
3.08840994e+04
3.08922653e+04
3.09004335e+04
3.09086105e+04
3.09168074e+04
3.09250339e+04
3.09332916e+04
3.09415843e+04
3.09499149e+04
3.09582708e+04
3.09666424e+04
3.09750166e+04
3.09834001e+04
3.09917946e+04
3.10001918e+04
3.10085964e+04
3.10170415e+04
3.10255159e+04
3.10340302e+04
3.10426033e+04
3.10512304e+04
3.10598940e+04
3.10685861e+04
3.10773017e+04
3.10860293e+04
3.10947575e+04
3.11034970e+04
3.11122399e+04
3.11209786e+04
3.11297072e+04
3.11384367e+04
3.11471775e+04
3.11559275e+04
3.11646968e+04
3.11734927e+04
3.11822852e+04
3.11910730e+04
3.11998496e+04
3.12086219e+04
3.12173893e+04
3.12261457e+04
3.12348990e+04
3.12436449e+04
3.12523745e+04
3.12610970e+04
3.12698116e+04
3.12785206e+04
3.12871997e+04
3.12958507e+04
3.13044617e+04
3.13130420e+04
3.13215844e+04
3.13300815e+04
3.13385179e+04
3.13468957e+04
3.13552158e+04
3.13634981e+04
3.13717532e+04
3.13799976e+04
3.13882222e+04
3.13964063e+04
3.14045529e+04
3.14126829e+04
3.14208239e+04
3.14289606e+04
3.14370934e+04
3.14452108e+04
3.14533222e+04
3.14614404e+04
3.14695650e+04
3.14776926e+04
3.14858169e+04
3.14939326e+04
3.15020220e+04
3.15100546e+04
3.15180288e+04
3.15259444e+04
3.15338095e+04
3.15416092e+04
3.15493660e+04
3.15570914e+04
3.15647890e+04
3.15724739e+04
3.15801584e+04
3.15878400e+04
3.15955154e+04
3.16031826e+04
3.16108521e+04
3.16185276e+04
3.16262102e+04
3.16339023e+04
3.16416004e+04
3.16493118e+04
3.16570528e+04
3.16648291e+04
3.16726362e+04
3.16804637e+04
3.16883001e+04
3.16961149e+04
3.17038916e+04
3.17116169e+04
3.17192850e+04
3.17268769e+04
3.17343915e+04
3.17418252e+04
3.17491725e+04
3.17564374e+04
3.17636441e+04
3.17708101e+04
3.17779601e+04
3.17851053e+04
3.17922593e+04
3.17994274e+04
3.18066114e+04
3.18138265e+04
3.18210670e+04
3.18283253e+04
3.18355770e+04
3.18428274e+04
3.18500915e+04
3.18573701e+04
3.18646860e+04
3.18720215e+04
3.18793751e+04
3.18867438e+04
3.18941248e+04
3.19015020e+04
3.19088780e+04
3.19162233e+04
3.19235058e+04
3.19307217e+04
3.19378839e+04
3.19450100e+04
3.19521222e+04
3.19592190e+04
3.19663034e+04
3.19733826e+04
3.19804374e+04
3.19874770e+04
3.19945098e+04
3.20015181e+04
3.20084779e+04
3.20153751e+04
3.20222007e+04
3.20289594e+04
3.20356674e+04
3.20423299e+04
3.20489645e+04
3.20555768e+04
3.20621593e+04
3.20687319e+04
3.20753107e+04
3.20818839e+04
3.20884511e+04
3.20949996e+04
3.21015372e+04
3.21080519e+04
3.21145366e+04
3.21209942e+04
3.21274333e+04
3.21338645e+04
3.21402898e+04
3.21467103e+04
3.21531358e+04
3.21595828e+04
3.21660444e+04
3.21725001e+04
3.21789500e+04
3.21854107e+04
3.21918734e+04
3.21983483e+04
3.22048373e+04
3.22113266e+04
3.22178180e+04
3.22243122e+04
3.22308164e+04
3.22373615e+04
3.22439464e+04
3.22505555e+04
3.22571871e+04
3.22638379e+04
3.22705056e+04
3.22772008e+04
3.22839262e+04
3.22906670e+04
3.22974060e+04
3.23041370e+04
3.23108555e+04
3.23175564e+04
3.23242262e+04
3.23308547e+04
3.23374398e+04
3.23440040e+04
3.23505645e+04
3.23571349e+04
3.23637142e+04
3.23703114e+04
3.23769431e+04
3.23836189e+04
3.23903502e+04
3.23971617e+04
3.24040468e+04
3.24109955e+04
3.24179955e+04
3.24250511e+04
3.24321677e+04
3.24393602e+04
3.24466347e+04
3.24540072e+04
3.24614948e+04
3.24690883e+04
3.24767818e+04
3.24845533e+04
3.24924020e+04
3.25003243e+04
3.25083158e+04
3.25163643e+04
3.25244515e+04
3.25325481e+04
3.25406328e+04
3.25486943e+04
3.25567511e+04
3.25648063e+04
3.25728502e+04
3.25809007e+04
3.25889814e+04
3.25971104e+04
3.26052672e+04
3.26134466e+04
3.26216550e+04
3.26299047e+04
3.26382128e+04
3.26465912e+04
3.26550314e+04
3.26635084e+04
3.26720152e+04
3.26805426e+04
3.26890887e+04
3.26976620e+04
3.27062417e+04
3.27147952e+04
3.27233250e+04
3.27318260e+04
3.27402935e+04
3.27487250e+04
3.27571242e+04
3.27654974e+04
3.27738507e+04
3.27821984e+04
3.27905648e+04
3.27989528e+04
3.28073719e+04
3.28158191e+04
3.28242842e+04
3.28327735e+04
3.28412864e+04
3.28498298e+04
3.28584082e+04
3.28670164e+04
3.28756528e+04
3.28843027e+04
3.28929515e+04
3.29015923e+04
3.29102221e+04
3.29188535e+04
3.29274728e+04
3.29360806e+04
3.29446806e+04
3.29532564e+04
3.29618099e+04
3.29703374e+04
3.29788478e+04
3.29873415e+04
3.29958259e+04
3.30042944e+04
3.30127381e+04
3.30211352e+04
3.30294645e+04
3.30377190e+04
3.30459080e+04
3.30540402e+04
3.30621213e+04
3.30701702e+04
3.30781840e+04
3.30861657e+04
3.30941549e+04
3.31021889e+04
3.31103087e+04
3.31185316e+04
3.31268708e+04
3.31353286e+04
3.31438922e+04
3.31525598e+04
3.31613358e+04
3.31702293e+04
3.31792330e+04
3.31883344e+04
3.31975293e+04
3.32067907e+04
3.32161253e+04
3.32255373e+04
3.32350260e+04
3.32446183e+04
3.32542895e+04
3.32640353e+04
3.32738430e+04
3.32836860e+04
3.32935450e+04
3.33034271e+04
3.33132990e+04
3.33231602e+04
3.33329898e+04
3.33427812e+04
3.33525352e+04
3.33622607e+04
3.33719605e+04
3.33816255e+04
3.33912554e+04
3.34008109e+04
3.34103006e+04
3.34197283e+04
3.34291068e+04
3.34384209e+04
3.34476640e+04
3.34568633e+04
3.34660302e+04
3.34751818e+04
3.34843053e+04
3.34934342e+04
3.35025602e+04
3.35116919e+04
3.35208228e+04
3.35299595e+04
3.35391041e+04
3.35482493e+04
3.35574006e+04
3.35665481e+04
3.35756939e+04
3.35848390e+04
3.35939929e+04
3.36031459e+04
3.36122928e+04
3.36214304e+04
3.36305689e+04
3.36397147e+04
3.36488513e+04
3.36579935e+04
3.36671497e+04
3.36763428e+04
3.36855783e+04
3.36948368e+04
3.37041248e+04
3.37134142e+04
3.37227036e+04
3.37319784e+04
3.37412519e+04
3.37505341e+04
3.37598192e+04
3.37690917e+04
3.37783716e+04
3.37876640e+04
3.37969942e+04
3.38063653e+04
3.38157812e+04
3.38252205e+04
3.38346834e+04
3.38441674e+04
3.38536819e+04
3.38631984e+04
3.38726923e+04
3.38821427e+04
3.38915096e+04
3.39007762e+04
3.39099349e+04
3.39189876e+04
3.39279342e+04
3.39367879e+04
3.39455629e+04
3.39542896e+04
3.39629886e+04
3.39716779e+04
3.39803508e+04
3.39890195e+04
3.39976959e+04
3.40064083e+04
3.40151417e+04
3.40238996e+04
3.40326624e+04
3.40414188e+04
3.40501698e+04
3.40589404e+04
3.40677199e+04
3.40765103e+04
3.40853018e+04
3.40941099e+04
3.41029165e+04
3.41117582e+04
3.41206758e+04
3.41296689e+04
3.41387187e+04
3.41477986e+04
3.41568982e+04
3.41660149e+04
3.41751682e+04
3.41843557e+04
3.41935598e+04
3.42027733e+04
3.42120012e+04
3.42212427e+04
3.42305118e+04
3.42398155e+04
3.42491712e+04
3.42585547e+04
3.42679677e+04
3.42774046e+04
3.42868463e+04
3.42962852e+04
3.43057004e+04
3.43150579e+04
3.43243297e+04
3.43335104e+04
3.43425863e+04
3.43515715e+04
3.43604816e+04
3.43693055e+04
3.43780703e+04
3.43868178e+04
3.43955723e+04
3.44043659e+04
3.44132084e+04
3.44220856e+04
3.44310284e+04
3.44400691e+04
3.44491955e+04
3.44584044e+04
3.44676780e+04
3.44769925e+04
3.44863244e+04
3.44956713e+04
3.45050385e+04
3.45144221e+04
3.45238120e+04
3.45332020e+04
3.45425689e+04
3.45519099e+04
3.45612411e+04
3.45705525e+04
3.45798483e+04
3.45891321e+04
3.45984285e+04
3.46077582e+04
3.46170882e+04
3.46264011e+04
3.46356967e+04
3.46449784e+04
3.46542589e+04
3.46634991e+04
3.46726882e+04
3.46818007e+04
3.46908084e+04
3.46997089e+04
3.47085017e+04
3.47171985e+04
3.47257929e+04
3.47342608e+04
3.47426027e+04
3.47508618e+04
3.47590541e+04
3.47671864e+04
3.47752230e+04
3.47832127e+04
3.47911405e+04
3.47990052e+04
3.48068127e+04
3.48145718e+04
3.48222403e+04
3.48297923e+04
3.48372168e+04
3.48445499e+04
3.48517860e+04
3.48589316e+04
3.48660047e+04
3.48730436e+04
3.48800569e+04
3.48870170e+04
3.48939500e+04
3.49008642e+04
3.49077647e+04
3.49146436e+04
3.49215250e+04
3.49283892e+04
3.49352195e+04
3.49419975e+04
3.49487407e+04
3.49554989e+04
3.49622929e+04
3.49691562e+04
3.49760917e+04
3.49830763e+04
3.49900778e+04
3.49970714e+04
3.50040348e+04
3.50109652e+04
3.50178437e+04
3.50246034e+04
3.50311761e+04
3.50375757e+04
3.50438285e+04
3.50499569e+04
3.50559695e+04
3.50618910e+04
3.50677036e+04
3.50734279e+04
3.50791090e+04
3.50847850e+04
3.50904236e+04
3.50960242e+04
3.51015862e+04
3.51071210e+04
3.51126588e+04
3.51181601e+04
3.51236144e+04
3.51290307e+04
3.51344361e+04
3.51398480e+04
3.51452627e+04
3.51506765e+04
3.51560861e+04
3.51614742e+04
3.51668425e+04
3.51722468e+04
3.51776760e+04
3.51831244e+04
3.51885911e+04
3.51940971e+04
3.51996527e+04
3.52052497e+04
3.52109130e+04
3.52166410e+04
3.52224466e+04
3.52283366e+04
3.52342987e+04
3.52403503e+04
3.52464788e+04
3.52526838e+04
3.52589775e+04
3.52653782e+04
3.52718569e+04
3.52783965e+04
3.52849650e+04
3.52915527e+04
3.52981336e+04
3.53046806e+04
3.53111967e+04
3.53176900e+04
3.53241813e+04
3.53306861e+04
3.53371931e+04
3.53437343e+04
3.53503032e+04
3.53568873e+04
3.53634482e+04
3.53699863e+04
3.53764911e+04
3.53829493e+04
3.53893714e+04
3.53957338e+04
3.54020420e+04
3.54083108e+04
3.54145140e+04
3.54206626e+04
3.54267807e+04
3.54328774e+04
3.54389866e+04
3.54451325e+04
3.54512876e+04
3.54574711e+04
3.54636552e+04
3.54698590e+04
3.54760736e+04
3.54823459e+04
3.54886643e+04
3.54949932e+04
3.55012963e+04
3.55075761e+04
3.55138283e+04
3.55200745e+04
3.55263205e+04
3.55325524e+04
3.55387640e+04
3.55449783e+04
3.55512004e+04
3.55574316e+04
3.55636772e+04
3.55699496e+04
3.55762423e+04
3.55825633e+04
3.55888827e+04
3.55951794e+04
3.56014310e+04
3.56076242e+04
3.56137429e+04
3.56198027e+04
3.56258235e+04
3.56317907e+04
3.56377155e+04
3.56436407e+04
3.56495750e+04
3.56555244e+04
3.56615161e+04
3.56675762e+04
3.56737011e+04
3.56798966e+04
3.56861375e+04
3.56924356e+04
3.56987545e+04
3.57050841e+04
3.57114048e+04
3.57177180e+04
3.57239936e+04
3.57302189e+04
3.57363727e+04
3.57424454e+04
3.57484367e+04
3.57543630e+04
3.57602162e+04
3.57660437e+04
3.57718313e+04
3.57775823e+04
3.57833167e+04
3.57890373e+04
3.57947317e+04
3.58004389e+04
3.58062040e+04
3.58120017e+04
3.58178379e+04
3.58237601e+04
3.58297869e+04
3.58359357e+04
3.58421949e+04
3.58485543e+04
3.58550281e+04
3.58616470e+04
3.58684550e+04
3.58754855e+04
3.58827047e+04
3.58900912e+04
3.58975883e+04
3.59052023e+04
3.59129431e+04
3.59207742e+04
3.59286198e+04
3.59364433e+04
3.59442451e+04
3.59520055e+04
3.59597145e+04
3.59674003e+04
3.59750342e+04
3.59826552e+04
3.59902867e+04
3.59979133e+04
3.60055600e+04
3.60132242e+04
3.60209044e+04
3.60285681e+04
3.60362138e+04
3.60438389e+04
3.60514456e+04
3.60590413e+04
3.60666689e+04
3.60743249e+04
3.60819887e+04
3.60896359e+04
3.60972626e+04
3.61048781e+04
3.61125011e+04
3.61201185e+04
3.61277344e+04
3.61352867e+04
3.61427767e+04
3.61502236e+04
3.61576516e+04
3.61650841e+04
3.61725032e+04
3.61798803e+04
3.61871876e+04
3.61944149e+04
3.62015610e+04
3.62086355e+04
3.62156247e+04
3.62224660e+04
3.62291398e+04
3.62356360e+04
3.62419617e+04
3.62481275e+04
3.62541611e+04
3.62600459e+04
3.62657697e+04
3.62713676e+04
3.62768407e+04
3.62822384e+04
3.62876138e+04
3.62929738e+04
3.62983111e+04
3.63036296e+04
3.63088918e+04
3.63140693e+04
3.63191478e+04
3.63241355e+04
3.63290601e+04
3.63339363e+04
3.63387654e+04
3.63435314e+04
3.63482371e+04
3.63528519e+04
3.63573890e+04
3.63618478e+04
3.63661615e+04
3.63703135e+04
3.63742708e+04
3.63780543e+04
3.63816790e+04
3.63851383e+04
3.63884659e+04
3.63917310e+04
3.63949802e+04
3.63982112e+04
3.64014928e+04
3.64048499e+04
3.64082712e+04
3.64117507e+04
3.64152671e+04
3.64188527e+04
3.64224801e+04
3.64261461e+04
3.64298331e+04
3.64334976e+04
3.64371301e+04
3.64407099e+04
3.64442634e+04
3.64478026e+04
3.64513390e+04
3.64548479e+04
3.64582856e+04
3.64616858e+04
3.64650704e+04
3.64684642e+04
3.64718547e+04
3.64752624e+04
3.64787061e+04
3.64821980e+04
3.64857522e+04
3.64893974e+04
3.64931888e+04
3.64971420e+04
3.65012590e+04
3.65055553e+04
3.65100413e+04
3.65147311e+04
3.65195662e+04
3.65244820e+04
3.65294447e+04
3.65344446e+04
3.65394406e+04
3.65444236e+04
3.65493441e+04
3.65541410e+04
3.65587922e+04
3.65633417e+04
3.65678583e+04
3.65723570e+04
3.65768837e+04
3.65814252e+04
3.65859702e+04
3.65905576e+04
3.65952335e+04
3.65999684e+04
3.66047217e+04
3.66094771e+04
3.66142721e+04
3.66190712e+04
3.66238226e+04
3.66285009e+04
3.66330973e+04
3.66375867e+04
3.66419827e+04
3.66463196e+04
3.66506665e+04
3.66550454e+04
3.66594911e+04
3.66640218e+04
3.66686158e+04
3.66733043e+04
3.66780580e+04
3.66828909e+04
3.66878317e+04
3.66928195e+04
3.66978007e+04
3.67027521e+04
3.67076195e+04
3.67124173e+04
3.67171450e+04
3.67217796e+04
3.67263301e+04
3.67308254e+04
3.67352592e+04
3.67396374e+04
3.67439607e+04
3.67482715e+04
3.67524988e+04
3.67566522e+04
3.67607222e+04
3.67646765e+04
3.67685118e+04
3.67721744e+04
3.67756825e+04
3.67790649e+04
3.67823628e+04
3.67856307e+04
3.67888776e+04
3.67920600e+04
3.67951710e+04
3.67982104e+04
3.68011498e+04
3.68040061e+04
3.68067821e+04
3.68094866e+04
3.68121088e+04
3.68146798e+04
3.68172440e+04
3.68198321e+04
3.68224684e+04
3.68251706e+04
3.68279028e+04
3.68306699e+04
3.68334232e+04
3.68361585e+04
3.68388650e+04
3.68415075e+04
3.68440540e+04
3.68465182e+04
3.68489526e+04
3.68513621e+04
3.68537252e+04
3.68560741e+04
3.68583890e+04
3.68606805e+04
3.68630099e+04
3.68654280e+04
3.68679116e+04
3.68704245e+04
3.68729829e+04
3.68755528e+04
3.68781448e+04
3.68807137e+04
3.68832251e+04
3.68856390e+04
3.68879390e+04
3.68900717e+04
3.68920295e+04
3.68938023e+04
3.68953693e+04
3.68967401e+04
3.68979450e+04
3.68989570e+04
3.68998074e+04
3.69005293e+04
3.69011132e+04
3.69016314e+04
3.69021951e+04
3.69028316e+04
3.69035325e+04
3.69042829e+04
3.69051194e+04
3.69060690e+04
3.69071471e+04
3.69084126e+04
3.69097854e+04
3.69112005e+04
3.69126792e+04
3.69142463e+04
3.69159555e+04
3.69177937e+04
3.69197286e+04
3.69217737e+04
3.69238867e+04
3.69261350e+04
3.69285382e+04
3.69310855e+04
3.69337405e+04
3.69364877e+04
3.69392685e+04
3.69420887e+04
3.69448735e+04
3.69476167e+04
3.69502891e+04
3.69528589e+04
3.69553635e+04
3.69578780e+04
3.69604280e+04
3.69631008e+04
3.69659575e+04
3.69690072e+04
3.69722783e+04
3.69757803e+04
3.69795112e+04
3.69834416e+04
3.69875439e+04
3.69917660e+04
3.69960733e+04
3.70004244e+04
3.70047997e+04
3.70092285e+04
3.70136768e+04
3.70181033e+04
3.70224220e+04
3.70266100e+04
3.70306163e+04
3.70344702e+04
3.70381111e+04
3.70415689e+04
3.70448131e+04
3.70478893e+04
3.70508169e+04
3.70536173e+04
3.70562610e+04
3.70587482e+04
3.70611299e+04
3.70634261e+04
3.70656214e+04
3.70677294e+04
3.70697262e+04
3.70716385e+04
3.70735144e+04
3.70754102e+04
3.70773586e+04
3.70794346e+04
3.70816468e+04
3.70839662e+04
3.70863790e+04
3.70887873e+04
3.70911919e+04
3.70935978e+04
3.70959435e+04
3.70982227e+04
3.71004389e+04
3.71025491e+04
3.71045847e+04
3.71065915e+04
3.71086696e+04
3.71108496e+04
3.71131066e+04
3.71153853e+04
3.71175423e+04
3.71195324e+04
3.71214078e+04
3.71231855e+04
3.71248966e+04
3.71264781e+04
3.71279164e+04
3.71293771e+04
3.71309335e+04
3.71327158e+04
3.71347093e+04
3.71370330e+04
3.71397289e+04
3.71427955e+04
3.71463090e+04
3.71502361e+04
3.71545201e+04
3.71590606e+04
3.71637903e+04
3.71687544e+04
3.71739399e+04
3.71793007e+04
3.71847357e+04
3.71901698e+04
3.71956622e+04
3.72012783e+04
3.72069661e+04
3.72126858e+04
3.72183997e+04
3.72239848e+04
3.72294699e+04
3.72348353e+04
3.72400584e+04
3.72451262e+04
3.72501095e+04
3.72549926e+04
3.72598081e+04
3.72645388e+04
3.72692172e+04
3.72738377e+04
3.72782859e+04
3.72824909e+04
3.72864333e+04
3.72901444e+04
3.72936346e+04
3.72969118e+04
3.72999998e+04
3.73029386e+04
3.73058454e+04
3.73087012e+04
3.73114724e+04
3.73142919e+04
3.73171641e+04
3.73200428e+04
3.73227989e+04
3.73252659e+04
3.73273618e+04
3.73290899e+04
3.73304648e+04
3.73315288e+04
3.73323543e+04
3.73329404e+04
3.73333748e+04
3.73336570e+04
3.73339193e+04
3.73343312e+04
3.73350464e+04
3.73361045e+04
3.73375624e+04
3.73394230e+04
3.73416552e+04
3.73443071e+04
3.73474454e+04
3.73510589e+04
3.73551538e+04
3.73597832e+04
3.73649456e+04
3.73705274e+04
3.73764671e+04
3.73827071e+04
3.73891244e+04
3.73956933e+04
3.74023790e+04
3.74090431e+04
3.74156070e+04
3.74219439e+04
3.74279213e+04
3.74334172e+04
3.74383517e+04
3.74428283e+04
3.74470236e+04
3.74507624e+04
3.74539624e+04
3.74566343e+04
3.74588203e+04
3.74606251e+04
3.74621044e+04
3.74634603e+04
3.74646666e+04
3.74658350e+04
3.74669685e+04
3.74680767e+04
3.74692642e+04
3.74705798e+04
3.74719490e+04
3.74734048e+04
3.74749574e+04
3.74765123e+04
3.74779435e+04
3.74792686e+04
3.74805157e+04
3.74817836e+04
3.74831924e+04
3.74848411e+04
3.74866458e+04
3.74885274e+04
3.74903227e+04
3.74920048e+04
3.74935213e+04
3.74949211e+04
3.74959503e+04
3.74964264e+04
3.74962653e+04
3.74956849e+04
3.74947640e+04
3.74934353e+04
3.74917768e+04
3.74899179e+04
3.74878373e+04
3.74856332e+04
3.74833657e+04
3.74810606e+04
3.74786600e+04
3.74760586e+04
3.74733229e+04
3.74704883e+04
3.74675525e+04
3.74645807e+04
3.74617073e+04
3.74589880e+04
3.74565225e+04
3.74545849e+04
3.74531731e+04
3.74522923e+04
3.74518992e+04
3.74517745e+04
3.74520052e+04
3.74524070e+04
3.74530468e+04
3.74539531e+04
3.74549375e+04
3.74558113e+04
3.74564716e+04
3.74568936e+04
3.74571576e+04
3.74571688e+04
3.74569023e+04
3.74563285e+04
3.74554825e+04
3.74544460e+04
3.74533670e+04
3.74522490e+04
3.74510649e+04
3.74498273e+04
3.74484021e+04
3.74467133e+04
3.74447700e+04
3.74425179e+04
3.74397555e+04
3.74363988e+04
3.74324860e+04
3.74283196e+04
3.74241802e+04
3.74204486e+04
3.74170208e+04
3.74139483e+04
3.74112868e+04
3.74091325e+04
3.74077102e+04
3.74068941e+04
3.74067787e+04
3.74072260e+04
3.74083318e+04
3.74100509e+04
3.74126496e+04
3.74163627e+04
3.74211066e+04
3.74266952e+04
3.74329053e+04
3.74397949e+04
3.74471996e+04
3.74548590e+04
3.74626447e+04
3.74705463e+04
3.74782450e+04
3.74855728e+04
3.74923413e+04
3.74984036e+04
3.75033823e+04
3.75071462e+04
3.75102386e+04
3.75128807e+04
3.75152606e+04
3.75172432e+04
3.75190368e+04
3.75208211e+04
3.75226647e+04
3.75250333e+04
3.75280402e+04
3.75316753e+04
3.75360960e+04
3.75411341e+04
3.75464548e+04
3.75519192e+04
3.75575312e+04
3.75630994e+04
3.75687508e+04
3.75745520e+04
3.75799608e+04
3.75845442e+04
3.75882349e+04
3.75911298e+04
3.75933551e+04
3.75950446e+04
3.75960040e+04
3.75963483e+04
3.75959962e+04
3.75951539e+04
3.75936505e+04
3.75912752e+04
3.75882956e+04
3.75849799e+04
3.75816419e+04
3.75785581e+04
3.75757555e+04
3.75731247e+04
3.75710800e+04
3.75696513e+04
3.75690356e+04
3.75696969e+04
3.75712918e+04
3.75738076e+04
3.75767860e+04
3.75807050e+04
3.75847650e+04
3.75893498e+04
3.75943097e+04
3.75979040e+04
3.75999392e+04
3.76007544e+04
3.76002285e+04
3.75987993e+04
3.75971371e+04
3.75941040e+04
3.75899000e+04
3.75844968e+04
3.75774765e+04
3.75689318e+04
3.75585733e+04
3.75448382e+04
3.75274734e+04
3.75069079e+04
3.74815573e+04
3.74476169e+04
3.74072653e+04
3.73629506e+04
3.73198563e+04
