# MSD (ensemble-averaged) for Pe=0.5, T=0.2, k=0.8
# Column: MSD (mm²)
# Time factor: 1.0 s/frame
# Skipped frames: 100
0.00000000e+00
3.22144466e-01
1.22822687e+00
2.69250315e+00
4.67920227e+00
7.14667794e+00
1.00504791e+01
1.33454262e+01
1.69861857e+01
2.09274432e+01
2.51242369e+01
2.95318814e+01
3.41065320e+01
3.88060857e+01
4.35924505e+01
4.84334365e+01
5.33040755e+01
5.81874814e+01
6.30736217e+01
6.79574264e+01
7.28368654e+01
7.77115520e+01
8.25815216e+01
8.74468059e+01
9.23078834e+01
9.71651685e+01
1.02019175e+02
1.06870453e+02
1.11719807e+02
1.16567774e+02
1.21414806e+02
1.26261179e+02
1.31107340e+02
1.35953321e+02
1.40799283e+02
1.45644990e+02
1.50490539e+02
1.55335530e+02
1.60179940e+02
1.65023799e+02
1.69867050e+02
1.74709361e+02
1.79551057e+02
1.84392174e+02
1.89232534e+02
1.94072003e+02
1.98910754e+02
2.03748680e+02
2.08585832e+02
2.13422089e+02
2.18257458e+02
2.23091929e+02
2.27925658e+02
2.32758391e+02
2.37590028e+02
2.42420261e+02
2.47248927e+02
2.52075694e+02
2.56900309e+02
2.61722363e+02
2.66541674e+02
2.71358116e+02
2.76171719e+02
2.80982558e+02
2.85790774e+02
2.90596424e+02
2.95399885e+02
3.00201195e+02
3.05000408e+02
3.09797215e+02
3.14591900e+02
3.19384374e+02
3.24174620e+02
3.28962588e+02
3.33748538e+02
3.38531983e+02
3.43312428e+02
3.48089311e+02
3.52862296e+02
3.57631262e+02
3.62395665e+02
3.67155399e+02
3.71910555e+02
3.76660457e+02
3.81405061e+02
3.86144214e+02
3.90878215e+02
3.95606979e+02
4.00330593e+02
4.05049150e+02
4.09763085e+02
4.14472516e+02
4.19178421e+02
4.23881214e+02
4.28581503e+02
4.33279741e+02
4.37977030e+02
4.42674017e+02
4.47371145e+02
4.52069183e+02
4.56768548e+02
4.61469406e+02
4.66172483e+02
4.70877957e+02
4.75585969e+02
4.80296470e+02
4.85009492e+02
4.89724871e+02
4.94442085e+02
4.99160942e+02
5.03880946e+02
5.08602230e+02
5.13324600e+02
5.18047855e+02
5.22772199e+02
5.27497124e+02
5.32222440e+02
5.36948115e+02
5.41673817e+02
5.46399624e+02
5.51125376e+02
5.55850998e+02
5.60577029e+02
5.65303610e+02
5.70030166e+02
5.74756554e+02
5.79483199e+02
5.84209850e+02
5.88936350e+02
5.93662538e+02
5.98388264e+02
6.03113117e+02
6.07836891e+02
6.12559430e+02
6.17280669e+02
6.22000570e+02
6.26718737e+02
6.31435736e+02
6.36151490e+02
6.40866456e+02
6.45580961e+02
6.50295205e+02
6.55010029e+02
6.59726052e+02
6.64443258e+02
6.69161693e+02
6.73881712e+02
6.78603907e+02
6.83328995e+02
6.88057627e+02
6.92789669e+02
6.97525280e+02
7.02264349e+02
7.07006367e+02
7.11751039e+02
7.16497932e+02
7.21246685e+02
7.25997274e+02
7.30749288e+02
7.35502762e+02
7.40257738e+02
7.45013677e+02
7.49770605e+02
7.54528061e+02
7.59285918e+02
7.64043926e+02
7.68801834e+02
7.73559496e+02
7.78316434e+02
7.83072801e+02
7.87828198e+02
7.92581832e+02
7.97333601e+02
8.02082932e+02
8.06829126e+02
8.11571573e+02
8.16310438e+02
8.21045550e+02
8.25776786e+02
8.30504433e+02
8.35228411e+02
8.39949341e+02
8.44667040e+02
8.49381927e+02
8.54094141e+02
8.58804192e+02
8.63512629e+02
8.68219561e+02
8.72925893e+02
8.77632047e+02
8.82338376e+02
8.87044933e+02
8.91752099e+02
8.96459309e+02
9.01166927e+02
9.05874737e+02
9.10583010e+02
9.15291549e+02
9.19999792e+02
9.24707988e+02
9.29415092e+02
9.34121211e+02
9.38826019e+02
9.43528853e+02
9.48229737e+02
9.52928046e+02
9.57623899e+02
9.62316944e+02
9.67007944e+02
9.71697127e+02
9.76384692e+02
9.81071369e+02
9.85756867e+02
9.90441386e+02
9.95125013e+02
9.99807677e+02
1.00448964e+03
1.00917167e+03
1.01385391e+03
1.01853664e+03
1.02322033e+03
1.02790529e+03
1.03259144e+03
1.03727907e+03
1.04196772e+03
1.04665804e+03
1.05135002e+03
1.05604395e+03
1.06074003e+03
1.06543837e+03
1.07013896e+03
1.07484236e+03
1.07954773e+03
1.08425513e+03
1.08896421e+03
1.09367520e+03
1.09838865e+03
1.10310414e+03
1.10782199e+03
1.11254190e+03
1.11726298e+03
1.12198507e+03
1.12670792e+03
1.13143091e+03
1.13615352e+03
1.14087513e+03
1.14559610e+03
1.15031626e+03
1.15503475e+03
1.15975078e+03
1.16446389e+03
1.16917417e+03
1.17388086e+03
1.17858380e+03
1.18328323e+03
1.18797958e+03
1.19267373e+03
1.19736552e+03
1.20205532e+03
1.20674291e+03
1.21142895e+03
1.21611384e+03
1.22079840e+03
1.22548259e+03
1.23016678e+03
1.23485154e+03
1.23953731e+03
1.24422441e+03
1.24891267e+03
1.25360280e+03
1.25829465e+03
1.26298822e+03
1.26768365e+03
1.27238071e+03
1.27707961e+03
1.28177993e+03
1.28648085e+03
1.29118251e+03
1.29588454e+03
1.30058683e+03
1.30528966e+03
1.30999264e+03
1.31469591e+03
1.31939942e+03
1.32410348e+03
1.32880794e+03
1.33351231e+03
1.33821715e+03
1.34292270e+03
1.34762913e+03
1.35233650e+03
1.35704515e+03
1.36175548e+03
1.36646779e+03
1.37118236e+03
1.37589992e+03
1.38062053e+03
1.38534463e+03
1.39007281e+03
1.39480486e+03
1.39954107e+03
1.40428171e+03
1.40902707e+03
1.41377780e+03
1.41853382e+03
1.42329499e+03
1.42806130e+03
1.43283171e+03
1.43760646e+03
1.44238538e+03
1.44716849e+03
1.45195599e+03
1.45674688e+03
1.46154085e+03
1.46633785e+03
1.47113746e+03
1.47593970e+03
1.48074360e+03
1.48554880e+03
1.49035487e+03
1.49516140e+03
1.49996858e+03
1.50477629e+03
1.50958403e+03
1.51439210e+03
1.51919976e+03
1.52400706e+03
1.52881414e+03
1.53362038e+03
1.53842507e+03
1.54322843e+03
1.54803076e+03
1.55283180e+03
1.55763192e+03
1.56243103e+03
1.56722918e+03
1.57202710e+03
1.57682407e+03
1.58162030e+03
1.58641558e+03
1.59121082e+03
1.59600572e+03
1.60080057e+03
1.60559572e+03
1.61039111e+03
1.61518688e+03
1.61998250e+03
1.62477781e+03
1.62957313e+03
1.63436775e+03
1.63916178e+03
1.64395422e+03
1.64874442e+03
1.65353191e+03
1.65831584e+03
1.66309592e+03
1.66787151e+03
1.67264177e+03
1.67740675e+03
1.68216591e+03
1.68691920e+03
1.69166666e+03
1.69640822e+03
1.70114336e+03
1.70587276e+03
1.71059760e+03
1.71531803e+03
1.72003432e+03
1.72474694e+03
1.72945644e+03
1.73416372e+03
1.73886878e+03
1.74357187e+03
1.74827357e+03
1.75297386e+03
1.75767283e+03
1.76237086e+03
1.76706780e+03
1.77176433e+03
1.77646089e+03
1.78115757e+03
1.78585520e+03
1.79055406e+03
1.79525455e+03
1.79995768e+03
1.80466385e+03
1.80937389e+03
1.81408836e+03
1.81880816e+03
1.82353386e+03
1.82826596e+03
1.83300467e+03
1.83774941e+03
1.84250013e+03
1.84725756e+03
1.85202138e+03
1.85679060e+03
1.86156500e+03
1.86634400e+03
1.87112623e+03
1.87591150e+03
1.88069867e+03
1.88548767e+03
1.89027733e+03
1.89506669e+03
1.89985566e+03
1.90464333e+03
1.90942904e+03
1.91421218e+03
1.91899297e+03
1.92377080e+03
1.92854476e+03
1.93331505e+03
1.93808083e+03
1.94284240e+03
1.94759957e+03
1.95235182e+03
1.95709860e+03
1.96183921e+03
1.96657362e+03
1.97130155e+03
1.97602312e+03
1.98073852e+03
1.98544834e+03
1.99015219e+03
1.99485060e+03
1.99954359e+03
2.00423209e+03
2.00891593e+03
2.01359663e+03
2.01827416e+03
2.02294990e+03
2.02762494e+03
2.03229909e+03
2.03697331e+03
2.04164820e+03
2.04632360e+03
2.05100029e+03
2.05567805e+03
2.06035723e+03
2.06503780e+03
2.06971944e+03
2.07440255e+03
2.07908692e+03
2.08377343e+03
2.08846193e+03
2.09315297e+03
2.09784741e+03
2.10254576e+03
2.10724784e+03
2.11195364e+03
2.11666439e+03
2.12138026e+03
2.12610141e+03
2.13082824e+03
2.13556085e+03
2.14029858e+03
2.14504127e+03
2.14978865e+03
2.15453999e+03
2.15929458e+03
2.16405197e+03
2.16881272e+03
2.17357565e+03
2.17834010e+03
2.18310527e+03
2.18787075e+03
2.19263622e+03
2.19740144e+03
2.20216664e+03
2.20693131e+03
2.21169602e+03
2.21646038e+03
2.22122443e+03
2.22598945e+03
2.23075478e+03
2.23552037e+03
2.24028633e+03
2.24505208e+03
2.24981710e+03
2.25458107e+03
2.25934375e+03
2.26410552e+03
2.26886621e+03
2.27362570e+03
2.27838377e+03
2.28313993e+03
2.28789420e+03
2.29264615e+03
2.29739572e+03
2.30214319e+03
2.30688794e+03
2.31163050e+03
2.31637093e+03
2.32110927e+03
2.32584650e+03
2.33058362e+03
2.33532013e+03
2.34005560e+03
2.34479102e+03
2.34952577e+03
2.35426050e+03
2.35899496e+03
2.36372866e+03
2.36846204e+03
2.37319530e+03
2.37792859e+03
2.38266215e+03
2.38739598e+03
2.39212973e+03
2.39686383e+03
2.40159841e+03
2.40633326e+03
2.41106932e+03
2.41580596e+03
2.42054385e+03
2.42528335e+03
2.43002504e+03
2.43476893e+03
2.43951467e+03
2.44426359e+03
2.44901501e+03
2.45376887e+03
2.45852450e+03
2.46328265e+03
2.46804337e+03
2.47280618e+03
2.47757141e+03
2.48233936e+03
2.48710944e+03
2.49188096e+03
2.49665379e+03
2.50142753e+03
2.50620167e+03
2.51097610e+03
2.51575103e+03
2.52052603e+03
2.52530098e+03
2.53007596e+03
2.53485087e+03
2.53962662e+03
2.54440334e+03
2.54918025e+03
2.55395729e+03
2.55873381e+03
2.56351040e+03
2.56828622e+03
2.57306057e+03
2.57783317e+03
2.58260395e+03
2.58737248e+03
2.59213798e+03
2.59690098e+03
2.60166191e+03
2.60642092e+03
2.61117812e+03
2.61593355e+03
2.62068793e+03
2.62544169e+03
2.63019508e+03
2.63494843e+03
2.63970125e+03
2.64445387e+03
2.64920672e+03
2.65396095e+03
2.65871558e+03
2.66347084e+03
2.66822586e+03
2.67298060e+03
2.67773469e+03
2.68248834e+03
2.68724199e+03
2.69199458e+03
2.69674481e+03
2.70149291e+03
2.70623887e+03
2.71098267e+03
2.71572311e+03
2.72046042e+03
2.72519479e+03
2.72992682e+03
2.73465567e+03
2.73938171e+03
2.74410514e+03
2.74882584e+03
2.75354375e+03
2.75825932e+03
2.76297204e+03
2.76768215e+03
2.77238981e+03
2.77709472e+03
2.78179661e+03
2.78649598e+03
2.79119308e+03
2.79588738e+03
2.80057931e+03
2.80526863e+03
2.80995578e+03
2.81463987e+03
2.81932152e+03
2.82400105e+03
2.82867826e+03
2.83335344e+03
2.83802758e+03
2.84269980e+03
2.84737006e+03
2.85203877e+03
2.85670544e+03
2.86136926e+03
2.86603123e+03
2.87069091e+03
2.87534808e+03
2.88000385e+03
2.88465790e+03
2.88931191e+03
2.89396454e+03
2.89861633e+03
2.90326605e+03
2.90791368e+03
2.91256080e+03
2.91720667e+03
2.92185201e+03
2.92649666e+03
2.93113998e+03
2.93578144e+03
2.94042175e+03
2.94505972e+03
2.94969535e+03
2.95432937e+03
2.95896049e+03
2.96358919e+03
2.96821574e+03
2.97283998e+03
2.97746237e+03
2.98208331e+03
2.98670326e+03
2.99132235e+03
2.99594140e+03
3.00055993e+03
3.00517848e+03
3.00979771e+03
3.01441707e+03
3.01903777e+03
3.02366037e+03
3.02828470e+03
3.03291084e+03
3.03753759e+03
3.04216581e+03
3.04679518e+03
3.05142519e+03
3.05605559e+03
3.06068500e+03
3.06531308e+03
3.06993985e+03
3.07456460e+03
3.07918696e+03
3.08380734e+03
3.08842520e+03
3.09304011e+03
3.09765289e+03
3.10226430e+03
3.10687586e+03
3.11148649e+03
3.11609697e+03
3.12070754e+03
3.12531976e+03
3.12993449e+03
3.13455204e+03
3.13917129e+03
3.14379366e+03
3.14841886e+03
3.15304580e+03
3.15767422e+03
3.16230409e+03
3.16693546e+03
3.17156793e+03
3.17620061e+03
3.18083303e+03
3.18546574e+03
3.19009858e+03
3.19473154e+03
3.19936411e+03
3.20399595e+03
3.20862745e+03
3.21325817e+03
3.21788760e+03
3.22251545e+03
3.22714183e+03
3.23176598e+03
3.23638918e+03
3.24101103e+03
3.24563173e+03
3.25025001e+03
3.25486723e+03
3.25948286e+03
3.26409624e+03
3.26870735e+03
3.27331643e+03
3.27792440e+03
3.28253203e+03
3.28713894e+03
3.29174517e+03
3.29635191e+03
3.30095957e+03
3.30556718e+03
3.31017550e+03
3.31478469e+03
3.31939348e+03
3.32400169e+03
3.32860776e+03
3.33321181e+03
3.33781284e+03
3.34241043e+03
3.34700496e+03
3.35159573e+03
3.35618194e+03
3.36076291e+03
3.36533954e+03
3.36991081e+03
3.37447767e+03
3.37904057e+03
3.38360016e+03
3.38815691e+03
3.39271090e+03
3.39726246e+03
3.40181269e+03
3.40636088e+03
3.41090814e+03
3.41545482e+03
3.42000105e+03
3.42454651e+03
3.42909252e+03
3.43363835e+03
3.43818369e+03
3.44272820e+03
3.44727218e+03
3.45181509e+03
3.45635706e+03
3.46089894e+03
3.46544073e+03
3.46998133e+03
3.47451990e+03
3.47905601e+03
3.48358970e+03
3.48812084e+03
3.49264930e+03
3.49717519e+03
3.50169798e+03
3.50621751e+03
3.51073305e+03
3.51524415e+03
3.51975056e+03
3.52425253e+03
3.52874988e+03
3.53324274e+03
3.53773172e+03
3.54221740e+03
3.54670036e+03
3.55118073e+03
3.55565839e+03
3.56013362e+03
3.56460652e+03
3.56907825e+03
3.57354793e+03
3.57801682e+03
3.58248443e+03
3.58695075e+03
3.59141492e+03
3.59587704e+03
3.60033642e+03
3.60479316e+03
3.60924689e+03
3.61369717e+03
3.61814405e+03
3.62258624e+03
3.62702447e+03
3.63145890e+03
3.63588961e+03
3.64031628e+03
3.64473899e+03
3.64915817e+03
3.65357474e+03
3.65798813e+03
3.66239885e+03
3.66680701e+03
3.67121371e+03
3.67562020e+03
3.68002647e+03
3.68443283e+03
3.68884123e+03
3.69325173e+03
3.69766432e+03
3.70207933e+03
3.70649611e+03
3.71091527e+03
3.71533658e+03
3.71976120e+03
3.72418805e+03
3.72861751e+03
3.73304973e+03
3.73748492e+03
3.74192284e+03
3.74636318e+03
3.75080443e+03
3.75524760e+03
3.75969138e+03
3.76413676e+03
3.76858302e+03
3.77302999e+03
3.77747767e+03
3.78192549e+03
3.78637337e+03
3.79082059e+03
3.79526685e+03
3.79971262e+03
3.80415765e+03
3.80860134e+03
3.81304393e+03
3.81748504e+03
3.82192376e+03
3.82636114e+03
3.83079604e+03
3.83522964e+03
3.83966073e+03
3.84409012e+03
3.84851765e+03
3.85294340e+03
3.85736677e+03
3.86178773e+03
3.86620641e+03
3.87062363e+03
3.87503937e+03
3.87945421e+03
3.88386876e+03
3.88828289e+03
3.89269817e+03
3.89711415e+03
3.90153082e+03
3.90594677e+03
3.91036324e+03
3.91477893e+03
3.91919410e+03
3.92360966e+03
3.92802527e+03
3.93244026e+03
3.93685421e+03
3.94126604e+03
3.94567668e+03
3.95008521e+03
3.95449223e+03
3.95889834e+03
3.96330468e+03
3.96771144e+03
3.97211883e+03
3.97652705e+03
3.98093653e+03
3.98534757e+03
3.98976090e+03
3.99417685e+03
3.99859520e+03
4.00301658e+03
4.00744214e+03
4.01187152e+03
4.01630457e+03
4.02074174e+03
4.02518114e+03
4.02962261e+03
4.03406549e+03
4.03850990e+03
4.04295560e+03
4.04740221e+03
4.05184950e+03
4.05629731e+03
4.06074590e+03
4.06519394e+03
4.06964207e+03
4.07409143e+03
4.07853952e+03
4.08298670e+03
4.08743077e+03
4.09187248e+03
4.09631146e+03
4.10074849e+03
4.10518354e+03
4.10961612e+03
4.11404636e+03
4.11847296e+03
4.12289614e+03
4.12731573e+03
4.13173161e+03
4.13614269e+03
4.14055044e+03
4.14495431e+03
4.14935363e+03
4.15374760e+03
4.15813729e+03
4.16252298e+03
4.16690595e+03
4.17128550e+03
4.17566331e+03
4.18004058e+03
4.18441788e+03
4.18879578e+03
4.19317413e+03
4.19755353e+03
4.20193591e+03
4.20632194e+03
4.21071201e+03
4.21510792e+03
4.21951004e+03
4.22391881e+03
4.22833442e+03
4.23275680e+03
4.23718614e+03
4.24162165e+03
4.24606209e+03
4.25050777e+03
4.25495811e+03
4.25941242e+03
4.26386927e+03
4.26832803e+03
4.27278815e+03
4.27725031e+03
4.28171250e+03
4.28617374e+03
4.29063427e+03
4.29509468e+03
4.29955324e+03
4.30401039e+03
4.30846497e+03
4.31291688e+03
4.31736654e+03
4.32181284e+03
4.32625633e+03
4.33069711e+03
4.33513427e+03
4.33956692e+03
4.34399521e+03
4.34841804e+03
4.35283645e+03
4.35725085e+03
4.36166027e+03
4.36606550e+03
4.37046632e+03
4.37486484e+03
4.37926187e+03
4.38365730e+03
4.38805313e+03
4.39245048e+03
4.39685103e+03
4.40125526e+03
4.40566469e+03
4.41007903e+03
4.41450088e+03
4.41893065e+03
4.42336678e+03
4.42780988e+03
4.43226062e+03
4.43671793e+03
4.44118147e+03
4.44565135e+03
4.45012589e+03
4.45460514e+03
4.45908842e+03
4.46357556e+03
4.46806662e+03
4.47255987e+03
4.47705503e+03
4.48155147e+03
4.48604916e+03
4.49054745e+03
4.49504712e+03
4.49954697e+03
4.50404740e+03
4.50854872e+03
4.51305065e+03
4.51755215e+03
4.52205300e+03
4.52655267e+03
4.53105054e+03
4.53554665e+03
4.54003980e+03
4.54452956e+03
4.54901661e+03
4.55350212e+03
4.55798536e+03
4.56246482e+03
4.56694077e+03
4.57141342e+03
4.57588248e+03
4.58034764e+03
4.58480899e+03
4.58926647e+03
4.59372094e+03
4.59817117e+03
4.60261830e+03
4.60706345e+03
4.61150794e+03
4.61595207e+03
4.62039519e+03
4.62483917e+03
4.62928460e+03
4.63373142e+03
4.63817908e+03
4.64262768e+03
4.64707705e+03
4.65152772e+03
4.65597964e+03
4.66043239e+03
4.66488664e+03
4.66934065e+03
4.67379385e+03
4.67824564e+03
4.68269469e+03
4.68714170e+03
4.69158645e+03
4.69602768e+03
4.70046532e+03
4.70489858e+03
4.70932757e+03
4.71375386e+03
4.71817669e+03
4.72259573e+03
4.72701045e+03
4.73142268e+03
4.73583122e+03
4.74023736e+03
4.74464183e+03
4.74904566e+03
4.75344902e+03
4.75785306e+03
4.76225824e+03
4.76666498e+03
4.77107397e+03
4.77548535e+03
4.77990086e+03
4.78432090e+03
4.78874600e+03
4.79317775e+03
4.79761506e+03
4.80205849e+03
4.80650882e+03
4.81096603e+03
4.81542977e+03
4.81989872e+03
4.82437288e+03
4.82885117e+03
4.83333491e+03
4.83782274e+03
4.84231491e+03
4.84681114e+03
4.85131053e+03
4.85581269e+03
4.86031798e+03
4.86482583e+03
4.86933538e+03
4.87384553e+03
4.87835745e+03
4.88287072e+03
4.88738490e+03
4.89189979e+03
4.89641466e+03
4.90093033e+03
4.90544531e+03
4.90995978e+03
4.91447163e+03
4.91898218e+03
4.92349182e+03
4.92800028e+03
4.93250726e+03
4.93701444e+03
4.94152128e+03
4.94602893e+03
4.95053987e+03
4.95505329e+03
4.95956926e+03
4.96408693e+03
4.96860697e+03
4.97313139e+03
4.97766111e+03
4.98219440e+03
4.98673317e+03
4.99127733e+03
4.99582558e+03
5.00037737e+03
5.00493271e+03
5.00949120e+03
5.01405085e+03
5.01861200e+03
5.02317350e+03
5.02773822e+03
5.03230285e+03
5.03686813e+03
5.04143447e+03
5.04600104e+03
5.05056692e+03
5.05513230e+03
5.05969620e+03
5.06425907e+03
5.06882155e+03
5.07338368e+03
5.07794345e+03
5.08250217e+03
5.08705914e+03
5.09161330e+03
5.09616309e+03
5.10070937e+03
5.10525271e+03
5.10979295e+03
5.11432985e+03
5.11886343e+03
5.12339179e+03
5.12791533e+03
5.13243565e+03
5.13695231e+03
5.14146474e+03
5.14597392e+03
5.15048152e+03
5.15498651e+03
5.15949007e+03
5.16399328e+03
5.16849564e+03
5.17299756e+03
5.17749853e+03
5.18199820e+03
5.18649643e+03
5.19099414e+03
5.19548984e+03
5.19998495e+03
5.20447876e+03
5.20897038e+03
5.21345974e+03
5.21794666e+03
5.22243003e+03
5.22691050e+03
5.23138823e+03
5.23586319e+03
5.24033606e+03
5.24480614e+03
5.24927500e+03
5.25374145e+03
5.25820653e+03
5.26267042e+03
5.26713285e+03
5.27159287e+03
5.27605085e+03
5.28050817e+03
5.28496443e+03
5.28941894e+03
5.29387124e+03
5.29832213e+03
5.30277279e+03
5.30722354e+03
5.31167471e+03
5.31612542e+03
5.32057575e+03
5.32502479e+03
5.32947462e+03
5.33392446e+03
5.33837552e+03
5.34282805e+03
5.34728105e+03
5.35173447e+03
5.35618904e+03
5.36064431e+03
5.36509992e+03
5.36955643e+03
5.37401425e+03
5.37847159e+03
5.38292866e+03
5.38738510e+03
5.39184056e+03
5.39629414e+03
5.40074504e+03
5.40519167e+03
5.40963359e+03
5.41407005e+03
5.41850060e+03
5.42292523e+03
5.42734367e+03
5.43175620e+03
5.43616397e+03
5.44056675e+03
5.44496463e+03
5.44935757e+03
5.45374482e+03
5.45812737e+03
5.46250472e+03
5.46687737e+03
5.47124565e+03
5.47561015e+03
5.47997202e+03
5.48433131e+03
5.48868902e+03
5.49304442e+03
5.49739768e+03
5.50174880e+03
5.50609636e+03
5.51044227e+03
5.51478654e+03
5.51913179e+03
5.52347746e+03
5.52782424e+03
5.53217184e+03
5.53652072e+03
5.54087126e+03
5.54522420e+03
5.54957703e+03
5.55392971e+03
5.55828134e+03
5.56263105e+03
5.56697908e+03
5.57132416e+03
5.57566507e+03
5.58000212e+03
5.58433469e+03
5.58866350e+03
5.59298840e+03
5.59730850e+03
5.60162495e+03
5.60593860e+03
5.61025024e+03
5.61456118e+03
5.61887225e+03
5.62318340e+03
5.62749509e+03
5.63180761e+03
5.63611988e+03
5.64043306e+03
5.64474800e+03
5.64906457e+03
5.65338181e+03
5.65770137e+03
5.66202288e+03
5.66634602e+03
5.67067241e+03
5.67500231e+03
5.67933580e+03
5.68367295e+03
5.68801439e+03
5.69236124e+03
5.69671397e+03
5.70107400e+03
5.70544154e+03
5.70981558e+03
5.71419685e+03
5.71858461e+03
5.72297934e+03
5.72738100e+03
5.73178921e+03
5.73620327e+03
5.74062382e+03
5.74505036e+03
5.74948125e+03
5.75391595e+03
5.75835399e+03
5.76279651e+03
5.76724107e+03
5.77168881e+03
5.77613922e+03
5.78059154e+03
5.78504514e+03
5.78950053e+03
5.79395702e+03
5.79841517e+03
5.80287330e+03
5.80733066e+03
5.81178696e+03
5.81624196e+03
5.82069484e+03
5.82514401e+03
5.82958775e+03
5.83402460e+03
5.83845528e+03
5.84287678e+03
5.84728969e+03
5.85169282e+03
5.85608583e+03
5.86046743e+03
5.86483675e+03
5.86919493e+03
5.87353987e+03
5.87787212e+03
5.88219075e+03
5.88649609e+03
5.89078958e+03
5.89507018e+03
5.89933846e+03
5.90359477e+03
5.90784021e+03
5.91207576e+03
5.91630192e+03
5.92051959e+03
5.92473010e+03
5.92893277e+03
5.93313176e+03
5.93732610e+03
5.94151729e+03
5.94570646e+03
5.94989395e+03
5.95408147e+03
5.95826978e+03
5.96245765e+03
5.96664536e+03
5.97083468e+03
5.97502450e+03
5.97921372e+03
5.98340215e+03
5.98759027e+03
5.99177796e+03
5.99596474e+03
6.00015011e+03
6.00433513e+03
6.00851767e+03
6.01269848e+03
6.01687736e+03
6.02105377e+03
6.02522859e+03
6.02940141e+03
6.03357312e+03
6.03774327e+03
6.04191203e+03
6.04607938e+03
6.05024543e+03
6.05440919e+03
6.05857232e+03
6.06273555e+03
6.06689794e+03
6.07105885e+03
6.07521837e+03
6.07937700e+03
6.08353640e+03
6.08769613e+03
6.09185661e+03
6.09601805e+03
6.10017932e+03
6.10434008e+03
6.10849979e+03
6.11265740e+03
6.11681389e+03
6.12096815e+03
6.12512011e+03
6.12926942e+03
6.13341516e+03
6.13755757e+03
6.14169805e+03
6.14583680e+03
6.14997421e+03
6.15410933e+03
6.15824218e+03
6.16237445e+03
6.16650480e+03
6.17063449e+03
6.17476205e+03
6.17888900e+03
6.18301493e+03
6.18713982e+03
6.19126336e+03
6.19538555e+03
6.19950637e+03
6.20362427e+03
6.20774187e+03
6.21185773e+03
6.21597206e+03
6.22008674e+03
6.22420136e+03
6.22831690e+03
6.23243343e+03
6.23655043e+03
6.24066785e+03
6.24478640e+03
6.24890662e+03
6.25302794e+03
6.25715040e+03
6.26127385e+03
6.26539846e+03
6.26952438e+03
6.27365074e+03
6.27777752e+03
6.28190439e+03
6.28602925e+03
6.29015338e+03
6.29427664e+03
6.29839894e+03
6.30251945e+03
6.30663747e+03
6.31075333e+03
6.31486734e+03
6.31897870e+03
6.32308596e+03
6.32718904e+03
6.33128936e+03
6.33538631e+03
6.33947972e+03
6.34357006e+03
6.34765778e+03
6.35174246e+03
6.35582450e+03
6.35990369e+03
6.36398031e+03
6.36805526e+03
6.37213044e+03
6.37620476e+03
6.38027936e+03
6.38435465e+03
6.38843066e+03
6.39250695e+03
6.39658543e+03
6.40066573e+03
6.40474816e+03
6.40883322e+03
6.41291963e+03
6.41700806e+03
6.42109816e+03
6.42519015e+03
6.42928397e+03
6.43337966e+03
6.43747888e+03
6.44158086e+03
6.44568522e+03
6.44979251e+03
6.45390143e+03
6.45801237e+03
6.46212712e+03
6.46624477e+03
6.47036688e+03
6.47449256e+03
6.47862092e+03
6.48275081e+03
6.48688233e+03
6.49101554e+03
6.49514867e+03
6.49927875e+03
6.50340619e+03
6.50753015e+03
6.51165030e+03
6.51576538e+03
6.51987551e+03
6.52398075e+03
6.52807967e+03
6.53217326e+03
6.53626247e+03
6.54034808e+03
6.54443025e+03
6.54850779e+03
6.55258355e+03
6.55665738e+03
6.56073043e+03
6.56480335e+03
6.56887618e+03
6.57294802e+03
6.57701925e+03
6.58109011e+03
6.58516169e+03
6.58923431e+03
6.59330802e+03
6.59738241e+03
6.60145726e+03
6.60553212e+03
6.60960636e+03
6.61367896e+03
6.61774947e+03
6.62181726e+03
6.62588395e+03
6.62994784e+03
6.63401095e+03
6.63807266e+03
6.64213476e+03
6.64619606e+03
6.65025590e+03
6.65431490e+03
6.65837211e+03
6.66242777e+03
6.66648263e+03
6.67053500e+03
6.67458455e+03
6.67862972e+03
6.68267015e+03
6.68670537e+03
6.69073349e+03
6.69475231e+03
6.69876293e+03
6.70276360e+03
6.70675423e+03
6.71073573e+03
6.71471008e+03
6.71867662e+03
6.72263559e+03
6.72658898e+03
6.73053671e+03
6.73447983e+03
6.73841888e+03
6.74235595e+03
6.74629220e+03
6.75022714e+03
6.75416200e+03
6.75809738e+03
6.76203501e+03
6.76597506e+03
6.76991577e+03
6.77385766e+03
6.77780124e+03
6.78174764e+03
6.78569676e+03
6.78964985e+03
6.79360695e+03
6.79757002e+03
6.80153962e+03
6.80551524e+03
6.80949662e+03
6.81348138e+03
6.81747101e+03
6.82146303e+03
6.82545759e+03
6.82945420e+03
6.83345251e+03
6.83745345e+03
6.84145753e+03
6.84546312e+03
6.84947109e+03
6.85348073e+03
6.85749383e+03
6.86150882e+03
6.86552543e+03
6.86954496e+03
6.87356572e+03
6.87758852e+03
6.88161427e+03
6.88564292e+03
6.88967409e+03
6.89370623e+03
6.89773828e+03
6.90177196e+03
6.90580625e+03
6.90983932e+03
6.91387255e+03
6.91790543e+03
6.92193745e+03
6.92596838e+03
6.92999998e+03
6.93403098e+03
6.93805980e+03
6.94208651e+03
6.94611242e+03
6.95013749e+03
6.95416166e+03
6.95818477e+03
6.96220626e+03
6.96622697e+03
6.97024468e+03
6.97426252e+03
6.97827877e+03
6.98229415e+03
6.98630975e+03
6.99032635e+03
6.99434382e+03
6.99836173e+03
7.00237991e+03
7.00639871e+03
7.01041820e+03
7.01443602e+03
7.01845260e+03
7.02246678e+03
7.02647888e+03
7.03048760e+03
7.03449362e+03
7.03849644e+03
7.04249729e+03
7.04649599e+03
7.05049186e+03
7.05448430e+03
7.05847360e+03
7.06245834e+03
7.06643969e+03
7.07041530e+03
7.07438512e+03
7.07835024e+03
7.08230955e+03
7.08626253e+03
7.09020968e+03
7.09415022e+03
7.09808238e+03
7.10200584e+03
7.10591946e+03
7.10982320e+03
7.11371941e+03
7.11760609e+03
7.12148460e+03
7.12535719e+03
7.12922184e+03
7.13307993e+03
7.13693228e+03
7.14078031e+03
7.14462445e+03
7.14846391e+03
7.15229944e+03
7.15613025e+03
7.15995689e+03
7.16378066e+03
7.16760139e+03
7.17141873e+03
7.17523264e+03
7.17904396e+03
7.18285250e+03
7.18665999e+03
7.19046530e+03
7.19426818e+03
7.19806827e+03
7.20186664e+03
7.20566320e+03
7.20945826e+03
7.21325164e+03
7.21704408e+03
7.22083512e+03
7.22462558e+03
7.22841550e+03
7.23220506e+03
7.23599522e+03
7.23978525e+03
7.24357485e+03
7.24736417e+03
7.25115182e+03
7.25493812e+03
7.25872239e+03
7.26250675e+03
7.26629157e+03
7.27007551e+03
7.27385853e+03
7.27763918e+03
7.28141770e+03
7.28519312e+03
7.28896541e+03
7.29273543e+03
7.29650432e+03
7.30027229e+03
7.30403953e+03
7.30780939e+03
7.31157854e+03
7.31534955e+03
7.31912373e+03
7.32289950e+03
7.32667902e+03
7.33046264e+03
7.33425107e+03
7.33804402e+03
7.34184155e+03
7.34564416e+03
7.34945157e+03
7.35326447e+03
7.35708205e+03
7.36090543e+03
7.36473370e+03
7.36856714e+03
7.37240678e+03
7.37625258e+03
7.38010598e+03
7.38396452e+03
7.38782993e+03
7.39170034e+03
7.39557437e+03
7.39945147e+03
7.40333283e+03
7.40721707e+03
7.41110547e+03
7.41499717e+03
7.41889259e+03
7.42279019e+03
7.42668831e+03
7.43058752e+03
7.43448550e+03
7.43838054e+03
7.44227203e+03
7.44615966e+03
7.45004363e+03
7.45392374e+03
7.45779953e+03
7.46167129e+03
7.46553961e+03
7.46940315e+03
7.47326216e+03
7.47711824e+03
7.48097132e+03
7.48482182e+03
7.48867063e+03
7.49251802e+03
7.49636560e+03
7.50021341e+03
7.50406262e+03
7.50791425e+03
7.51176841e+03
7.51562477e+03
7.51948555e+03
7.52335211e+03
7.52722417e+03
7.53110288e+03
7.53498857e+03
7.53888031e+03
7.54277628e+03
7.54667664e+03
7.55058200e+03
7.55449134e+03
7.55840474e+03
7.56232264e+03
7.56624252e+03
7.57016392e+03
7.57408750e+03
7.57800971e+03
7.58192948e+03
7.58584494e+03
7.58975590e+03
7.59366350e+03
7.59756810e+03
7.60146988e+03
7.60536915e+03
7.60926547e+03
7.61315804e+03
7.61704811e+03
7.62093536e+03
7.62482124e+03
7.62870642e+03
7.63259169e+03
7.63647500e+03
7.64035625e+03
7.64423596e+03
7.64811301e+03
7.65198826e+03
7.65586261e+03
7.65973615e+03
7.66360837e+03
7.66747821e+03
7.67134668e+03
7.67521422e+03
7.67907942e+03
7.68294122e+03
7.68680204e+03
7.69066038e+03
7.69451620e+03
7.69837185e+03
7.70222673e+03
7.70608090e+03
7.70993501e+03
7.71378785e+03
7.71763897e+03
7.72148841e+03
7.72533504e+03
7.72917802e+03
7.73301688e+03
7.73685096e+03
7.74068082e+03
7.74450811e+03
7.74833435e+03
7.75216023e+03
7.75598484e+03
7.75980705e+03
7.76362749e+03
7.76744524e+03
7.77126063e+03
7.77507289e+03
7.77888301e+03
7.78269050e+03
7.78649492e+03
7.79029681e+03
7.79409441e+03
7.79788963e+03
7.80168194e+03
7.80547039e+03
7.80925477e+03
7.81303333e+03
7.81680662e+03
7.82057384e+03
7.82433404e+03
7.82808811e+03
7.83183671e+03
7.83557987e+03
7.83931945e+03
7.84305505e+03
7.84678598e+03
7.85051399e+03
7.85423830e+03
7.85795867e+03
7.86167648e+03
7.86539164e+03
7.86910446e+03
7.87281652e+03
7.87652987e+03
7.88024420e+03
7.88396188e+03
7.88768170e+03
7.89140492e+03
7.89512920e+03
7.89885494e+03
7.90258287e+03
7.90631322e+03
7.91004608e+03
7.91378071e+03
7.91751597e+03
7.92125076e+03
7.92498603e+03
7.92872019e+03
7.93244975e+03
7.93617457e+03
7.93989399e+03
7.94360870e+03
7.94731904e+03
7.95102551e+03
7.95472775e+03
7.95842577e+03
7.96212033e+03
7.96581218e+03
7.96950217e+03
7.97318934e+03
7.97687493e+03
7.98055998e+03
7.98424429e+03
7.98792818e+03
7.99161243e+03
7.99529634e+03
7.99897859e+03
8.00265998e+03
8.00633969e+03
8.01001574e+03
8.01368690e+03
8.01735409e+03
8.02101865e+03
8.02467906e+03
8.02833481e+03
8.03198518e+03
8.03563143e+03
8.03927235e+03
8.04290876e+03
8.04654134e+03
8.05017114e+03
8.05379929e+03
8.05742660e+03
8.06105204e+03
8.06467802e+03
8.06830503e+03
8.07193354e+03
8.07556390e+03
8.07919487e+03
8.08282854e+03
8.08646470e+03
8.09010166e+03
8.09373716e+03
8.09737294e+03
8.10100681e+03
8.10463917e+03
8.10827025e+03
8.11190018e+03
8.11552965e+03
8.11915755e+03
8.12278432e+03
8.12641070e+03
8.13003712e+03
8.13366373e+03
8.13729234e+03
8.14092278e+03
8.14455499e+03
8.14818948e+03
8.15182667e+03
8.15546570e+03
8.15910581e+03
8.16274701e+03
8.16638846e+03
8.17002926e+03
8.17367050e+03
8.17731267e+03
8.18095509e+03
8.18459787e+03
8.18823977e+03
8.19188338e+03
8.19552797e+03
8.19917440e+03
8.20282256e+03
8.20647182e+03
8.21012342e+03
8.21377649e+03
8.21743165e+03
8.22108784e+03
8.22474613e+03
8.22840609e+03
8.23206468e+03
8.23572235e+03
8.23937878e+03
8.24303339e+03
8.24668544e+03
8.25033482e+03
8.25398127e+03
8.25762406e+03
8.26126286e+03
8.26489601e+03
8.26852449e+03
8.27214772e+03
8.27576714e+03
8.27938211e+03
8.28299415e+03
8.28660516e+03
8.29021396e+03
8.29382117e+03
8.29742738e+03
8.30103204e+03
8.30463394e+03
8.30823515e+03
8.31183577e+03
8.31543645e+03
8.31903622e+03
8.32263618e+03
8.32623533e+03
8.32983348e+03
8.33342845e+03
8.33702088e+03
8.34060937e+03
8.34419539e+03
8.34777914e+03
8.35135984e+03
8.35493971e+03
8.35851623e+03
8.36208944e+03
8.36565852e+03
8.36922420e+03
8.37278804e+03
8.37635230e+03
8.37991641e+03
8.38347981e+03
8.38704472e+03
8.39061152e+03
8.39418221e+03
8.39775531e+03
8.40133349e+03
8.40491668e+03
8.40850563e+03
8.41210110e+03
8.41570378e+03
8.41931387e+03
8.42292962e+03
8.42655278e+03
8.43018105e+03
8.43381656e+03
8.43745955e+03
8.44110780e+03
8.44476159e+03
8.44842066e+03
8.45208443e+03
8.45575083e+03
8.45942101e+03
8.46309449e+03
8.46677048e+03
8.47044793e+03
8.47412651e+03
8.47780424e+03
8.48148170e+03
8.48515699e+03
8.48882883e+03
8.49249876e+03
8.49616609e+03
8.49983097e+03
8.50349296e+03
8.50715384e+03
8.51081251e+03
8.51447160e+03
8.51813194e+03
8.52179519e+03
8.52546188e+03
8.52913232e+03
8.53280657e+03
8.53648482e+03
8.54016662e+03
8.54385150e+03
8.54754070e+03
8.55123450e+03
8.55493261e+03
8.55863594e+03
8.56234193e+03
8.56605190e+03
8.56976186e+03
8.57347100e+03
8.57717875e+03
8.58088754e+03
8.58459628e+03
8.58830312e+03
8.59200779e+03
8.59570994e+03
8.59941070e+03
8.60310874e+03
8.60680352e+03
8.61049421e+03
8.61417950e+03
8.61785839e+03
8.62153127e+03
8.62519750e+03
8.62885739e+03
8.63251213e+03
8.63616026e+03
8.63980171e+03
8.64343723e+03
8.64706470e+03
8.65068770e+03
8.65430680e+03
8.65792039e+03
8.66152880e+03
8.66513229e+03
8.66873075e+03
8.67232323e+03
8.67590872e+03
8.67948751e+03
8.68306007e+03
8.68662646e+03
8.69018585e+03
8.69373915e+03
8.69728530e+03
8.70082560e+03
8.70435906e+03
8.70788693e+03
8.71140842e+03
8.71492483e+03
8.71843626e+03
8.72194330e+03
8.72544837e+03
8.72895166e+03
8.73245479e+03
8.73595673e+03
8.73945819e+03
8.74295903e+03
8.74645977e+03
8.74996046e+03
8.75346167e+03
8.75696302e+03
8.76046664e+03
8.76397131e+03
8.76747877e+03
8.77098839e+03
8.77449870e+03
8.77801066e+03
8.78152537e+03
8.78504219e+03
8.78855883e+03
8.79207547e+03
8.79559113e+03
8.79910829e+03
8.80262699e+03
8.80614901e+03
8.80967485e+03
8.81320446e+03
8.81673576e+03
8.82027140e+03
8.82381117e+03
8.82735444e+03
8.83090180e+03
8.83445172e+03
8.83800477e+03
8.84155973e+03
8.84511453e+03
8.84867007e+03
8.85222371e+03
8.85577434e+03
8.85932071e+03
8.86286200e+03
8.86639731e+03
8.86992607e+03
8.87344832e+03
8.87696256e+03
8.88046868e+03
8.88396645e+03
8.88745554e+03
8.89093562e+03
8.89440675e+03
8.89787131e+03
8.90132904e+03
8.90478209e+03
8.90823114e+03
8.91167665e+03
8.91511916e+03
8.91855928e+03
8.92199567e+03
8.92542837e+03
8.92885835e+03
8.93228638e+03
8.93571180e+03
8.93913512e+03
8.94255644e+03
8.94597489e+03
8.94939044e+03
8.95280361e+03
8.95621606e+03
8.95962727e+03
8.96303691e+03
8.96644650e+03
8.96985516e+03
8.97326151e+03
8.97666543e+03
8.98006706e+03
8.98346698e+03
8.98686515e+03
8.99026396e+03
8.99366421e+03
8.99706451e+03
9.00046794e+03
9.00387349e+03
9.00727993e+03
9.01068912e+03
9.01409994e+03
9.01751139e+03
9.02092274e+03
9.02433365e+03
9.02774556e+03
9.03115787e+03
9.03456889e+03
9.03798084e+03
9.04139510e+03
9.04481227e+03
9.04823014e+03
9.05164919e+03
9.05507023e+03
9.05849420e+03
9.06192155e+03
9.06535171e+03
9.06878730e+03
9.07222905e+03
9.07567472e+03
9.07912481e+03
9.08257991e+03
9.08603928e+03
9.08950247e+03
9.09297072e+03
9.09644351e+03
9.09992024e+03
9.10340036e+03
9.10688287e+03
9.11036620e+03
9.11384920e+03
9.11733129e+03
9.12081221e+03
9.12428927e+03
9.12776080e+03
9.13122672e+03
9.13468594e+03
9.13813740e+03
9.14157975e+03
9.14501317e+03
9.14843613e+03
9.15184771e+03
9.15524899e+03
9.15863955e+03
9.16201956e+03
9.16538927e+03
9.16874592e+03
9.17208977e+03
9.17542232e+03
9.17874201e+03
9.18205074e+03
9.18534786e+03
9.18863409e+03
9.19191088e+03
9.19517810e+03
9.19843884e+03
9.20169308e+03
9.20494233e+03
9.20818807e+03
9.21142737e+03
9.21466315e+03
9.21789492e+03
9.22112279e+03
9.22434900e+03
9.22757373e+03
9.23079622e+03
9.23401595e+03
9.23723361e+03
9.24044934e+03
9.24366243e+03
9.24687250e+03
9.25007962e+03
9.25328202e+03
9.25647830e+03
9.25966790e+03
9.26285187e+03
9.26602960e+03
9.26919907e+03
9.27236178e+03
9.27551937e+03
9.27867250e+03
9.28182296e+03
9.28497167e+03
9.28812065e+03
9.29127144e+03
9.29442658e+03
9.29758790e+03
9.30075519e+03
9.30392969e+03
9.30711132e+03
9.31029979e+03
9.31349544e+03
9.31669684e+03
9.31990308e+03
9.32311110e+03
9.32632157e+03
9.32953197e+03
9.33274158e+03
9.33594882e+03
9.33915214e+03
9.34235239e+03
9.34554994e+03
9.34874494e+03
9.35193474e+03
9.35512073e+03
9.35830355e+03
9.36148298e+03
9.36466002e+03
9.36783515e+03
9.37100862e+03
9.37418033e+03
9.37735091e+03
9.38052044e+03
9.38369045e+03
9.38686263e+03
9.39003539e+03
9.39320971e+03
9.39638458e+03
9.39956076e+03
9.40273851e+03
9.40591656e+03
9.40909490e+03
9.41227475e+03
9.41545401e+03
9.41863188e+03
9.42181001e+03
9.42498685e+03
9.42816291e+03
9.43133893e+03
9.43451362e+03
9.43768662e+03
9.44085677e+03
9.44402591e+03
9.44719238e+03
9.45035785e+03
9.45352319e+03
9.45668809e+03
9.45985166e+03
9.46301275e+03
9.46617125e+03
9.46932472e+03
9.47247470e+03
9.47562050e+03
9.47876000e+03
9.48189387e+03
9.48502206e+03
9.48814698e+03
9.49126771e+03
9.49438613e+03
9.49750274e+03
9.50061780e+03
9.50373051e+03
9.50684331e+03
9.50995631e+03
9.51306831e+03
9.51618040e+03
9.51929247e+03
9.52240742e+03
9.52552500e+03
9.52864359e+03
9.53176322e+03
9.53488614e+03
9.53801195e+03
9.54113817e+03
9.54426610e+03
9.54739491e+03
9.55052290e+03
9.55365079e+03
9.55677886e+03
9.55990782e+03
9.56303875e+03
9.56617278e+03
9.56930771e+03
9.57244420e+03
9.57558274e+03
9.57872337e+03
9.58186649e+03
9.58501026e+03
9.58815746e+03
9.59130784e+03
9.59446204e+03
9.59761771e+03
9.60077545e+03
9.60393312e+03
9.60708986e+03
9.61024592e+03
9.61340013e+03
9.61655201e+03
9.61970086e+03
9.62284719e+03
9.62599012e+03
9.62913037e+03
9.63226702e+03
9.63540039e+03
9.63852941e+03
9.64165494e+03
9.64477724e+03
9.64789594e+03
9.65100946e+03
9.65411786e+03
9.65721951e+03
9.66031502e+03
9.66340351e+03
9.66648648e+03
9.66956335e+03
9.67263499e+03
9.67570248e+03
9.67876740e+03
9.68182892e+03
9.68488773e+03
9.68794553e+03
9.69100431e+03
9.69406376e+03
9.69712607e+03
9.70019376e+03
9.70326812e+03
9.70634988e+03
9.70944084e+03
9.71253859e+03
9.71564392e+03
9.71875719e+03
9.72187998e+03
9.72500985e+03
9.72814626e+03
9.73128742e+03
9.73443178e+03
9.73757971e+03
9.74073035e+03
9.74388017e+03
9.74702966e+03
9.75017923e+03
9.75332748e+03
9.75647337e+03
9.75961825e+03
9.76276009e+03
9.76589824e+03
9.76903553e+03
9.77216929e+03
9.77530031e+03
9.77842673e+03
9.78154873e+03
9.78466652e+03
9.78778039e+03
9.79088853e+03
9.79399335e+03
9.79709552e+03
9.80019449e+03
9.80329093e+03
9.80638567e+03
9.80947748e+03
9.81256922e+03
9.81565994e+03
9.81874956e+03
9.82183989e+03
9.82492919e+03
9.82801733e+03
9.83110510e+03
9.83419228e+03
9.83728042e+03
9.84036883e+03
9.84345637e+03
9.84654397e+03
9.84963308e+03
9.85272486e+03
9.85581793e+03
9.85891346e+03
9.86201156e+03
9.86511398e+03
9.86822070e+03
9.87133453e+03
9.87445613e+03
9.87758571e+03
9.88072477e+03
9.88387430e+03
9.88703429e+03
9.89020386e+03
9.89338176e+03
9.89656847e+03
9.89976316e+03
9.90296272e+03
9.90616919e+03
9.90938328e+03
9.91260259e+03
9.91582883e+03
9.91906178e+03
9.92230130e+03
9.92554652e+03
9.92879718e+03
9.93205212e+03
9.93530897e+03
9.93856437e+03
9.94181928e+03
9.94507343e+03
9.94832654e+03
9.95157965e+03
9.95483201e+03
9.95808382e+03
9.96133450e+03
9.96458425e+03
9.96783139e+03
9.97107724e+03
9.97431966e+03
9.97755888e+03
9.98079613e+03
9.98402994e+03
9.98725956e+03
9.99048508e+03
9.99370751e+03
9.99692705e+03
1.00001445e+04
1.00033589e+04
1.00065716e+04
1.00097828e+04
1.00129936e+04
1.00162036e+04
1.00194154e+04
1.00226293e+04
1.00258432e+04
1.00290600e+04
1.00322800e+04
1.00355023e+04
1.00387270e+04
1.00419531e+04
1.00451813e+04
1.00484098e+04
1.00516370e+04
1.00548611e+04
1.00580819e+04
1.00612988e+04
1.00645106e+04
1.00677181e+04
1.00709216e+04
1.00741213e+04
1.00773168e+04
1.00805089e+04
1.00836988e+04
1.00868860e+04
1.00900714e+04
1.00932524e+04
1.00964267e+04
1.00995951e+04
1.01027551e+04
1.01059090e+04
1.01090562e+04
1.01121949e+04
1.01153243e+04
1.01184457e+04
1.01215585e+04
1.01246630e+04
1.01277590e+04
1.01308449e+04
1.01339242e+04
1.01369943e+04
1.01400547e+04
1.01431070e+04
1.01461489e+04
1.01491827e+04
1.01522094e+04
1.01552303e+04
1.01582468e+04
1.01612591e+04
1.01642691e+04
1.01672772e+04
1.01702834e+04
1.01732896e+04
1.01762941e+04
1.01792967e+04
1.01822999e+04
1.01853031e+04
1.01883082e+04
1.01913152e+04
1.01943217e+04
1.01973278e+04
1.02003328e+04
1.02033352e+04
1.02063331e+04
1.02093264e+04
1.02123150e+04
1.02152983e+04
1.02182759e+04
1.02212493e+04
1.02242163e+04
1.02271751e+04
1.02301233e+04
1.02330627e+04
1.02359945e+04
1.02389177e+04
1.02418327e+04
1.02447397e+04
1.02476384e+04
1.02505292e+04
1.02534134e+04
1.02562933e+04
1.02591643e+04
1.02620285e+04
1.02648864e+04
1.02677390e+04
1.02705858e+04
1.02734259e+04
1.02762606e+04
1.02790872e+04
1.02819067e+04
1.02847208e+04
1.02875272e+04
1.02903262e+04
1.02931199e+04
1.02959072e+04
1.02986903e+04
1.03014682e+04
1.03042411e+04
1.03070095e+04
1.03097755e+04
1.03125405e+04
1.03153053e+04
1.03180700e+04
1.03208349e+04
1.03236018e+04
1.03263712e+04
1.03291414e+04
1.03319150e+04
1.03346906e+04
1.03374676e+04
1.03402492e+04
1.03430348e+04
1.03458224e+04
1.03486098e+04
1.03513975e+04
1.03541873e+04
1.03569798e+04
1.03597764e+04
1.03625754e+04
1.03653771e+04
1.03681785e+04
1.03709833e+04
1.03737905e+04
1.03766016e+04
1.03794181e+04
1.03822402e+04
1.03850682e+04
1.03879028e+04
1.03907435e+04
1.03935895e+04
1.03964399e+04
1.03992944e+04
1.04021540e+04
1.04050178e+04
1.04078855e+04
1.04107547e+04
1.04136278e+04
1.04165041e+04
1.04193826e+04
1.04222627e+04
1.04251441e+04
1.04280290e+04
1.04309172e+04
1.04338108e+04
1.04367117e+04
1.04396189e+04
1.04425335e+04
1.04454570e+04
1.04483906e+04
1.04513361e+04
1.04542939e+04
1.04572631e+04
1.04602449e+04
1.04632410e+04
1.04662520e+04
1.04692779e+04
1.04723161e+04
1.04753694e+04
1.04784331e+04
1.04815064e+04
1.04845877e+04
1.04876761e+04
1.04907694e+04
1.04938687e+04
1.04969726e+04
1.05000802e+04
1.05031936e+04
1.05063111e+04
1.05094267e+04
1.05125396e+04
1.05156460e+04
1.05187472e+04
1.05218427e+04
1.05249314e+04
1.05280136e+04
1.05310888e+04
1.05341549e+04
1.05372132e+04
1.05402650e+04
1.05433071e+04
1.05463397e+04
1.05493612e+04
1.05523728e+04
1.05553759e+04
1.05583703e+04
1.05613555e+04
1.05643338e+04
1.05673043e+04
1.05702680e+04
1.05732245e+04
1.05761742e+04
1.05791169e+04
1.05820547e+04
1.05849875e+04
1.05879186e+04
1.05908456e+04
1.05937699e+04
1.05966917e+04
1.05996094e+04
1.06025246e+04
1.06054358e+04
1.06083433e+04
1.06112449e+04
1.06141399e+04
1.06170286e+04
1.06199125e+04
1.06227920e+04
1.06256658e+04
1.06285362e+04
1.06314062e+04
1.06342779e+04
1.06371504e+04
1.06400263e+04
1.06429084e+04
1.06457953e+04
1.06486885e+04
1.06515890e+04
1.06544972e+04
1.06574140e+04
1.06603412e+04
1.06632796e+04
1.06662291e+04
1.06691872e+04
1.06721532e+04
1.06751290e+04
1.06781117e+04
1.06811002e+04
1.06840930e+04
1.06870892e+04
1.06900857e+04
1.06930827e+04
1.06960790e+04
1.06990746e+04
1.07020668e+04
1.07050529e+04
1.07080323e+04
1.07110020e+04
1.07139627e+04
1.07169140e+04
1.07198560e+04
1.07227894e+04
1.07257158e+04
1.07286347e+04
1.07315461e+04
1.07344519e+04
1.07373525e+04
1.07402478e+04
1.07431399e+04
1.07460313e+04
1.07489222e+04
1.07518128e+04
1.07547031e+04
1.07575930e+04
1.07604884e+04
1.07633874e+04
1.07662891e+04
1.07691934e+04
1.07721032e+04
1.07750169e+04
1.07779340e+04
1.07808538e+04
1.07837752e+04
1.07866985e+04
1.07896216e+04
1.07925436e+04
1.07954651e+04
1.07983853e+04
1.08013021e+04
1.08042135e+04
1.08071185e+04
1.08100144e+04
1.08129005e+04
1.08157748e+04
1.08186359e+04
1.08214835e+04
1.08243147e+04
1.08271326e+04
1.08299368e+04
1.08327274e+04
1.08355039e+04
1.08382679e+04
1.08410204e+04
1.08437607e+04
1.08464913e+04
1.08492128e+04
1.08519252e+04
1.08546319e+04
1.08573342e+04
1.08600325e+04
1.08627298e+04
1.08654268e+04
1.08681247e+04
1.08708238e+04
1.08735242e+04
1.08762287e+04
1.08789350e+04
1.08816465e+04
1.08843650e+04
1.08870898e+04
1.08898233e+04
1.08925643e+04
1.08953116e+04
1.08980655e+04
1.09008244e+04
1.09035880e+04
1.09063553e+04
1.09091290e+04
1.09119088e+04
1.09146962e+04
1.09174865e+04
1.09202818e+04
1.09230800e+04
1.09258809e+04
1.09286815e+04
1.09314833e+04
1.09342858e+04
1.09370892e+04
1.09398970e+04
1.09427091e+04
1.09455243e+04
1.09483447e+04
1.09511669e+04
1.09539923e+04
1.09568198e+04
1.09596490e+04
1.09624817e+04
1.09653177e+04
1.09681566e+04
1.09709980e+04
1.09738423e+04
1.09766873e+04
1.09795343e+04
1.09823836e+04
1.09852357e+04
1.09880886e+04
1.09909417e+04
1.09937918e+04
1.09966401e+04
1.09994844e+04
1.10023238e+04
1.10051565e+04
1.10079835e+04
1.10108071e+04
1.10136269e+04
1.10164446e+04
1.10192602e+04
1.10220738e+04
1.10248861e+04
1.10276974e+04
1.10305103e+04
1.10333254e+04
1.10361424e+04
1.10389611e+04
1.10417803e+04
1.10446016e+04
1.10474262e+04
1.10502504e+04
1.10530754e+04
1.10559010e+04
1.10587272e+04
1.10615516e+04
1.10643745e+04
1.10671949e+04
1.10700127e+04
1.10728298e+04
1.10756470e+04
1.10784637e+04
1.10812801e+04
1.10840970e+04
1.10869116e+04
1.10897276e+04
1.10925436e+04
1.10953587e+04
1.10981737e+04
1.11009882e+04
1.11038043e+04
1.11066222e+04
1.11094434e+04
1.11122680e+04
1.11150958e+04
1.11179299e+04
1.11207670e+04
1.11236074e+04
1.11264556e+04
1.11293120e+04
1.11321775e+04
1.11350520e+04
1.11379352e+04
1.11408256e+04
1.11437235e+04
1.11466302e+04
1.11495428e+04
1.11524592e+04
1.11553779e+04
1.11583010e+04
1.11612281e+04
1.11641594e+04
1.11670934e+04
1.11700318e+04
1.11729738e+04
1.11759174e+04
1.11788601e+04
1.11818056e+04
1.11847515e+04
1.11876988e+04
1.11906468e+04
1.11935957e+04
1.11965456e+04
1.11994972e+04
1.12024494e+04
1.12054037e+04
1.12083599e+04
1.12113170e+04
1.12142784e+04
1.12172433e+04
1.12202076e+04
1.12231720e+04
1.12261349e+04
1.12290971e+04
1.12320573e+04
1.12350161e+04
1.12379722e+04
1.12409258e+04
1.12438757e+04
1.12468221e+04
1.12497638e+04
1.12527018e+04
1.12556327e+04
1.12585574e+04
1.12614751e+04
1.12643879e+04
1.12672962e+04
1.12701996e+04
1.12730983e+04
1.12759942e+04
1.12788879e+04
1.12817799e+04
1.12846724e+04
1.12875663e+04
1.12904641e+04
1.12933683e+04
1.12962782e+04
1.12991972e+04
1.13021233e+04
1.13050573e+04
1.13079969e+04
1.13109420e+04
1.13138906e+04
1.13168435e+04
1.13197997e+04
1.13227564e+04
1.13257122e+04
1.13286681e+04
1.13316250e+04
1.13345842e+04
1.13375452e+04
1.13405052e+04
1.13434635e+04
1.13464212e+04
1.13493789e+04
1.13523356e+04
1.13552916e+04
1.13582477e+04
1.13612032e+04
1.13641612e+04
1.13671247e+04
1.13700930e+04
1.13730710e+04
1.13760594e+04
1.13790559e+04
1.13820572e+04
1.13850666e+04
1.13880817e+04
1.13911015e+04
1.13941251e+04
1.13971506e+04
1.14001800e+04
1.14032114e+04
1.14062468e+04
1.14092845e+04
1.14123250e+04
1.14153739e+04
1.14184268e+04
1.14214828e+04
1.14245426e+04
1.14276059e+04
1.14306746e+04
1.14337468e+04
1.14368210e+04
1.14399020e+04
1.14429890e+04
1.14460845e+04
1.14491827e+04
1.14522860e+04
1.14553936e+04
1.14585032e+04
1.14616161e+04
1.14647302e+04
1.14678465e+04
1.14709617e+04
1.14740774e+04
1.14771944e+04
1.14803114e+04
1.14834295e+04
1.14865472e+04
1.14896625e+04
1.14927768e+04
1.14958917e+04
1.14990067e+04
1.15021238e+04
1.15052415e+04
1.15083596e+04
1.15114797e+04
1.15146037e+04
1.15177334e+04
1.15208707e+04
1.15240140e+04
1.15271623e+04
1.15303139e+04
1.15334685e+04
1.15366276e+04
1.15397902e+04
1.15429580e+04
1.15461293e+04
1.15493059e+04
1.15524861e+04
1.15556698e+04
1.15588543e+04
1.15620410e+04
1.15652270e+04
1.15684113e+04
1.15715919e+04
1.15747708e+04
1.15779492e+04
1.15811266e+04
1.15843026e+04
1.15874795e+04
1.15906541e+04
1.15938262e+04
1.15969954e+04
1.16001626e+04
1.16033261e+04
1.16064880e+04
1.16096484e+04
1.16128038e+04
1.16159553e+04
1.16191071e+04
1.16222575e+04
1.16254092e+04
1.16285650e+04
1.16317270e+04
1.16348940e+04
1.16380666e+04
1.16412455e+04
1.16444327e+04
1.16476318e+04
1.16508408e+04
1.16540572e+04
1.16572807e+04
1.16605137e+04
1.16637530e+04
1.16669974e+04
1.16702483e+04
1.16735015e+04
1.16767595e+04
1.16800210e+04
1.16832862e+04
1.16865542e+04
1.16898241e+04
1.16930942e+04
1.16963612e+04
1.16996260e+04
1.17028895e+04
1.17061524e+04
1.17094150e+04
1.17126788e+04
1.17159439e+04
1.17192094e+04
1.17224715e+04
1.17257324e+04
1.17289902e+04
1.17322472e+04
1.17355036e+04
1.17387610e+04
1.17420200e+04
1.17452812e+04
1.17485435e+04
1.17518086e+04
1.17550728e+04
1.17583375e+04
1.17616014e+04
1.17648608e+04
1.17681172e+04
1.17713688e+04
1.17746162e+04
1.17778591e+04
1.17810948e+04
1.17843223e+04
1.17875416e+04
1.17907521e+04
1.17939525e+04
1.17971413e+04
1.18003193e+04
1.18034825e+04
1.18066348e+04
1.18097766e+04
1.18129043e+04
1.18160173e+04
1.18191159e+04
1.18221992e+04
1.18252657e+04
1.18283163e+04
1.18313506e+04
1.18343671e+04
1.18373681e+04
1.18403548e+04
1.18433287e+04
1.18462907e+04
1.18492450e+04
1.18521919e+04
1.18551320e+04
1.18580673e+04
1.18609988e+04
1.18639278e+04
1.18668554e+04
1.18697803e+04
1.18727041e+04
1.18756259e+04
1.18785453e+04
1.18814645e+04
1.18843806e+04
1.18872941e+04
1.18902027e+04
1.18931090e+04
1.18960140e+04
1.18989188e+04
1.19018214e+04
1.19047216e+04
1.19076210e+04
1.19105187e+04
1.19134143e+04
1.19163059e+04
1.19191940e+04
1.19220775e+04
1.19249556e+04
1.19278302e+04
1.19307020e+04
1.19335713e+04
1.19364416e+04
1.19393083e+04
1.19421739e+04
1.19450368e+04
1.19478974e+04
1.19507566e+04
1.19536141e+04
1.19564671e+04
1.19593165e+04
1.19621644e+04
1.19650138e+04
1.19678638e+04
1.19707173e+04
1.19735720e+04
1.19764271e+04
1.19792820e+04
1.19821376e+04
1.19849950e+04
1.19878526e+04
1.19907129e+04
1.19935784e+04
1.19964485e+04
1.19993238e+04
1.20022000e+04
1.20050772e+04
1.20079532e+04
1.20108299e+04
1.20137062e+04
1.20165822e+04
1.20194589e+04
1.20223332e+04
1.20252034e+04
1.20280696e+04
1.20309349e+04
1.20338001e+04
1.20366668e+04
1.20395337e+04
1.20424006e+04
1.20452676e+04
1.20481377e+04
1.20510099e+04
1.20538814e+04
1.20567555e+04
1.20596301e+04
1.20625073e+04
1.20653836e+04
1.20682591e+04
1.20711329e+04
1.20740091e+04
1.20768887e+04
1.20797675e+04
1.20826508e+04
1.20855377e+04
1.20884262e+04
1.20913197e+04
1.20942174e+04
1.20971208e+04
1.21000268e+04
1.21029382e+04
1.21058522e+04
1.21087698e+04
1.21116943e+04
1.21146262e+04
1.21175605e+04
1.21204950e+04
1.21234315e+04
1.21263684e+04
1.21293044e+04
1.21322373e+04
1.21351651e+04
1.21380908e+04
1.21410105e+04
1.21439244e+04
1.21468321e+04
1.21497319e+04
1.21526247e+04
1.21555096e+04
1.21583892e+04
1.21612588e+04
1.21641223e+04
1.21669798e+04
1.21698344e+04
1.21726836e+04
1.21755293e+04
1.21783736e+04
1.21812158e+04
1.21840544e+04
1.21868892e+04
1.21897181e+04
1.21925425e+04
1.21953612e+04
1.21981755e+04
1.22009827e+04
1.22037842e+04
1.22065774e+04
1.22093616e+04
1.22121372e+04
1.22149054e+04
1.22176644e+04
1.22204149e+04
1.22231557e+04
1.22258901e+04
1.22286200e+04
1.22313487e+04
1.22340751e+04
1.22367978e+04
1.22395180e+04
1.22422364e+04
1.22449558e+04
1.22476783e+04
1.22503996e+04
1.22531254e+04
1.22558516e+04
1.22585808e+04
1.22613100e+04
1.22640395e+04
1.22667713e+04
1.22695040e+04
1.22722370e+04
1.22749709e+04
1.22777056e+04
1.22804410e+04
1.22831811e+04
1.22859234e+04
1.22886707e+04
1.22914231e+04
1.22941832e+04
1.22969502e+04
1.22997227e+04
1.23024980e+04
1.23052809e+04
1.23080676e+04
1.23108582e+04
1.23136548e+04
1.23164568e+04
1.23192648e+04
1.23220769e+04
1.23248892e+04
1.23277008e+04
1.23305092e+04
1.23333118e+04
1.23361080e+04
1.23388965e+04
1.23416778e+04
1.23444534e+04
1.23472226e+04
1.23499893e+04
1.23527529e+04
1.23555133e+04
1.23582699e+04
1.23610219e+04
1.23637690e+04
1.23665091e+04
1.23692438e+04
1.23719723e+04
1.23746961e+04
1.23774148e+04
1.23801270e+04
1.23828346e+04
1.23855364e+04
1.23882296e+04
1.23909150e+04
1.23935923e+04
1.23962589e+04
1.23989163e+04
1.24015658e+04
1.24042071e+04
1.24068450e+04
1.24094827e+04
1.24121205e+04
1.24147575e+04
1.24173948e+04
1.24200333e+04
1.24226707e+04
1.24253112e+04
1.24279548e+04
1.24306035e+04
1.24332536e+04
1.24359050e+04
1.24385583e+04
1.24412100e+04
1.24438620e+04
1.24465132e+04
1.24491646e+04
1.24518141e+04
1.24544570e+04
1.24570938e+04
1.24597238e+04
1.24623487e+04
1.24649700e+04
1.24675879e+04
1.24702016e+04
1.24728180e+04
1.24754357e+04
1.24780533e+04
1.24806751e+04
1.24832989e+04
1.24859276e+04
1.24885656e+04
1.24912123e+04
1.24938662e+04
1.24965252e+04
1.24991909e+04
1.25018606e+04
1.25045345e+04
1.25072107e+04
1.25098862e+04
1.25125598e+04
1.25152338e+04
1.25179083e+04
1.25205818e+04
1.25232566e+04
1.25259323e+04
1.25286084e+04
1.25312853e+04
1.25339635e+04
1.25366423e+04
1.25393247e+04
1.25420082e+04
1.25446942e+04
1.25473793e+04
1.25500685e+04
1.25527610e+04
1.25554582e+04
1.25581595e+04
1.25608620e+04
1.25635668e+04
1.25662734e+04
1.25689797e+04
1.25716865e+04
1.25743917e+04
1.25770947e+04
1.25797957e+04
1.25824943e+04
1.25851912e+04
1.25878838e+04
1.25905727e+04
1.25932565e+04
1.25959360e+04
1.25986125e+04
1.26012852e+04
1.26039546e+04
1.26066212e+04
1.26092902e+04
1.26119602e+04
1.26146297e+04
1.26172971e+04
1.26199655e+04
1.26226366e+04
1.26253108e+04
1.26279853e+04
1.26306618e+04
1.26333410e+04
1.26360185e+04
1.26386983e+04
1.26413795e+04
1.26440672e+04
1.26467596e+04
1.26494566e+04
1.26521584e+04
1.26548641e+04
1.26575712e+04
1.26602803e+04
1.26629905e+04
1.26657046e+04
1.26684228e+04
1.26711441e+04
1.26738692e+04
1.26765986e+04
1.26793307e+04
1.26820658e+04
1.26848063e+04
1.26875515e+04
1.26903003e+04
1.26930528e+04
1.26958067e+04
1.26985612e+04
1.27013185e+04
1.27040751e+04
1.27068317e+04
1.27095856e+04
1.27123377e+04
1.27150903e+04
1.27178436e+04
1.27205984e+04
1.27233531e+04
1.27261074e+04
1.27288593e+04
1.27316070e+04
1.27343527e+04
1.27370975e+04
1.27398407e+04
1.27425841e+04
1.27453297e+04
1.27480748e+04
1.27508171e+04
1.27535569e+04
1.27562924e+04
1.27590297e+04
1.27617682e+04
1.27645064e+04
1.27672458e+04
1.27699862e+04
1.27727286e+04
1.27754720e+04
1.27782169e+04
1.27809641e+04
1.27837136e+04
1.27864614e+04
1.27892106e+04
1.27919635e+04
1.27947214e+04
1.27974860e+04
1.28002602e+04
1.28030438e+04
1.28058335e+04
1.28086306e+04
1.28114329e+04
1.28142392e+04
1.28170497e+04
1.28198650e+04
1.28226847e+04
1.28255103e+04
1.28283429e+04
1.28311795e+04
1.28340224e+04
1.28368687e+04
1.28397183e+04
1.28425694e+04
1.28454208e+04
1.28482729e+04
1.28511238e+04
1.28539730e+04
1.28568205e+04
1.28596639e+04
1.28625028e+04
1.28653402e+04
1.28681711e+04
1.28709968e+04
1.28738187e+04
1.28766352e+04
1.28794460e+04
1.28822506e+04
1.28850476e+04
1.28878435e+04
1.28906372e+04
1.28934284e+04
1.28962188e+04
1.28990093e+04
1.29018035e+04
1.29046021e+04
1.29073992e+04
1.29101962e+04
1.29129940e+04
1.29157962e+04
1.29186030e+04
1.29214104e+04
1.29242210e+04
1.29270322e+04
1.29298468e+04
1.29326643e+04
1.29354830e+04
1.29383041e+04
1.29411244e+04
1.29439452e+04
1.29467635e+04
1.29495797e+04
1.29523946e+04
1.29552064e+04
1.29580179e+04
1.29608268e+04
1.29636353e+04
1.29664419e+04
1.29692440e+04
1.29720437e+04
1.29748427e+04
1.29776409e+04
1.29804390e+04
1.29832389e+04
1.29860440e+04
1.29888556e+04
1.29916754e+04
1.29945032e+04
1.29973399e+04
1.30001866e+04
1.30030433e+04
1.30059103e+04
1.30087834e+04
1.30116653e+04
1.30145529e+04
1.30174478e+04
1.30203484e+04
1.30232518e+04
1.30261586e+04
1.30290738e+04
1.30319965e+04
1.30349217e+04
1.30378537e+04
1.30407892e+04
1.30437307e+04
1.30466773e+04
1.30496265e+04
1.30525801e+04
1.30555399e+04
1.30585037e+04
1.30614715e+04
1.30644428e+04
1.30674163e+04
1.30703907e+04
1.30733674e+04
1.30763456e+04
1.30793300e+04
1.30823182e+04
1.30853135e+04
1.30883188e+04
1.30913322e+04
1.30943549e+04
1.30973865e+04
1.31004321e+04
1.31034905e+04
1.31065595e+04
1.31096394e+04
1.31127314e+04
1.31158332e+04
1.31189435e+04
1.31220616e+04
1.31251851e+04
1.31283142e+04
1.31314488e+04
1.31345858e+04
1.31377261e+04
1.31408698e+04
1.31440143e+04
1.31471593e+04
1.31503022e+04
1.31534403e+04
1.31565731e+04
1.31597026e+04
1.31628233e+04
1.31659342e+04
1.31690332e+04
1.31721201e+04
1.31751943e+04
1.31782543e+04
1.31813007e+04
1.31843344e+04
1.31873527e+04
1.31903561e+04
1.31933444e+04
1.31963175e+04
1.31992815e+04
1.32022363e+04
1.32051855e+04
1.32081291e+04
1.32110699e+04
1.32140101e+04
1.32169489e+04
1.32198911e+04
1.32228288e+04
1.32257651e+04
1.32287021e+04
1.32316410e+04
1.32345770e+04
1.32375111e+04
1.32404423e+04
1.32433718e+04
1.32463003e+04
1.32492235e+04
1.32521431e+04
1.32550563e+04
1.32579647e+04
1.32608667e+04
1.32637631e+04
1.32666544e+04
1.32695408e+04
1.32724258e+04
1.32753103e+04
1.32781970e+04
1.32810822e+04
1.32839691e+04
1.32868547e+04
1.32897443e+04
1.32926336e+04
1.32955240e+04
1.32984143e+04
1.33013043e+04
1.33041944e+04
1.33070825e+04
1.33099721e+04
1.33128588e+04
1.33157419e+04
1.33186240e+04
1.33214978e+04
1.33243634e+04
1.33272212e+04
1.33300721e+04
1.33329164e+04
1.33357548e+04
1.33385889e+04
1.33414182e+04
1.33442435e+04
1.33470662e+04
1.33498873e+04
1.33527083e+04
1.33555315e+04
1.33583559e+04
1.33611819e+04
1.33640100e+04
1.33668393e+04
1.33696702e+04
1.33725044e+04
1.33753408e+04
1.33781777e+04
1.33810159e+04
1.33838536e+04
1.33866928e+04
1.33895305e+04
1.33923681e+04
1.33952049e+04
1.33980364e+04
1.34008622e+04
1.34036854e+04
1.34065058e+04
1.34093224e+04
1.34121370e+04
1.34149478e+04
1.34177624e+04
1.34205828e+04
1.34234030e+04
1.34262291e+04
1.34290601e+04
1.34318963e+04
1.34347344e+04
1.34375705e+04
1.34404074e+04
1.34432412e+04
1.34460740e+04
1.34489074e+04
1.34517400e+04
1.34545704e+04
1.34573966e+04
1.34602213e+04
1.34630391e+04
1.34658515e+04
1.34686635e+04
1.34714751e+04
1.34742898e+04
1.34771083e+04
1.34799319e+04
1.34827594e+04
1.34855911e+04
1.34884268e+04
1.34912716e+04
1.34941216e+04
1.34969790e+04
1.34998440e+04
1.35027133e+04
1.35055874e+04
1.35084666e+04
1.35113464e+04
1.35142285e+04
1.35171114e+04
1.35199975e+04
1.35228869e+04
1.35257795e+04
1.35286752e+04
1.35315747e+04
1.35344779e+04
1.35373833e+04
1.35402922e+04
1.35432019e+04
1.35461148e+04
1.35490299e+04
1.35519462e+04
1.35548643e+04
1.35577808e+04
1.35606993e+04
1.35636206e+04
1.35665448e+04
1.35694738e+04
1.35724065e+04
1.35753439e+04
1.35782842e+04
1.35812244e+04
1.35841607e+04
1.35870910e+04
1.35900116e+04
1.35929226e+04
1.35958222e+04
1.35987075e+04
1.36015781e+04
1.36044335e+04
1.36072717e+04
1.36100934e+04
1.36128981e+04
1.36156829e+04
1.36184500e+04
1.36211990e+04
1.36239349e+04
1.36266584e+04
1.36293689e+04
1.36320689e+04
1.36347561e+04
1.36374343e+04
1.36401064e+04
1.36427707e+04
1.36454304e+04
1.36480887e+04
1.36507462e+04
1.36534043e+04
1.36560623e+04
1.36587189e+04
1.36613735e+04
1.36640272e+04
1.36666776e+04
1.36693291e+04
1.36719800e+04
1.36746313e+04
1.36772799e+04
1.36799275e+04
1.36825749e+04
1.36852209e+04
1.36878643e+04
1.36905059e+04
1.36931452e+04
1.36957848e+04
1.36984243e+04
1.37010619e+04
1.37036992e+04
1.37063402e+04
1.37089793e+04
1.37116133e+04
1.37142449e+04
1.37168757e+04
1.37195047e+04
1.37221338e+04
1.37247653e+04
1.37273980e+04
1.37300309e+04
1.37326677e+04
1.37353080e+04
1.37379471e+04
1.37405901e+04
1.37432324e+04
1.37458794e+04
1.37485315e+04
1.37511876e+04
1.37538503e+04
1.37565195e+04
1.37591909e+04
1.37618652e+04
1.37645401e+04
1.37672136e+04
1.37698873e+04
1.37725614e+04
1.37752315e+04
1.37778979e+04
1.37805576e+04
1.37832145e+04
1.37858689e+04
1.37885208e+04
1.37911675e+04
1.37938106e+04
1.37964510e+04
1.37990825e+04
1.38017051e+04
1.38043203e+04
1.38069315e+04
1.38095386e+04
1.38121410e+04
1.38147388e+04
1.38173353e+04
1.38199302e+04
1.38225227e+04
1.38251187e+04
1.38277166e+04
1.38303168e+04
1.38329198e+04
1.38355260e+04
1.38381383e+04
1.38407527e+04
1.38433690e+04
1.38459862e+04
1.38486047e+04
1.38512284e+04
1.38538568e+04
1.38564916e+04
1.38591272e+04
1.38617653e+04
1.38644055e+04
1.38670459e+04
1.38696877e+04
1.38723323e+04
1.38749826e+04
1.38776338e+04
1.38802844e+04
1.38829308e+04
1.38855789e+04
1.38882243e+04
1.38908672e+04
1.38935039e+04
1.38961372e+04
1.38987683e+04
1.39013957e+04
1.39040214e+04
1.39066450e+04
1.39092641e+04
1.39118765e+04
1.39144823e+04
1.39170820e+04
1.39196765e+04
1.39222653e+04
1.39248519e+04
1.39274375e+04
1.39300210e+04
1.39325983e+04
1.39351693e+04
1.39377333e+04
1.39402931e+04
1.39428486e+04
1.39453998e+04
1.39479504e+04
1.39504982e+04
1.39530460e+04
1.39555932e+04
1.39581389e+04
1.39606808e+04
1.39632220e+04
1.39657618e+04
1.39682980e+04
1.39708317e+04
1.39733662e+04
1.39758965e+04
1.39784246e+04
1.39809501e+04
1.39834672e+04
1.39859781e+04
1.39884865e+04
1.39909931e+04
1.39934957e+04
1.39959965e+04
1.39984933e+04
1.40009864e+04
1.40034747e+04
1.40059590e+04
1.40084399e+04
1.40109184e+04
1.40133931e+04
1.40158639e+04
1.40183287e+04
1.40207911e+04
1.40232499e+04
1.40257106e+04
1.40281727e+04
1.40306385e+04
1.40330992e+04
1.40355606e+04
1.40380200e+04
1.40404748e+04
1.40429283e+04
1.40453776e+04
1.40478249e+04
1.40502688e+04
1.40527116e+04
1.40551499e+04
1.40575879e+04
1.40600174e+04
1.40624406e+04
1.40648526e+04
1.40672537e+04
1.40696430e+04
1.40720247e+04
1.40744018e+04
1.40767769e+04
1.40791458e+04
1.40815088e+04
1.40838676e+04
1.40862181e+04
1.40885573e+04
1.40908854e+04
1.40931982e+04
1.40954959e+04
1.40977790e+04
1.41000436e+04
1.41022890e+04
1.41045166e+04
1.41067257e+04
1.41089148e+04
1.41110821e+04
1.41132337e+04
1.41153713e+04
1.41174960e+04
1.41196087e+04
1.41217143e+04
1.41238088e+04
1.41258970e+04
1.41279783e+04
1.41300538e+04
1.41321272e+04
1.41341981e+04
1.41362673e+04
1.41383350e+04
1.41404026e+04
1.41424732e+04
1.41445433e+04
1.41466113e+04
1.41486828e+04
1.41507571e+04
1.41528348e+04
1.41549150e+04
1.41569952e+04
1.41590744e+04
1.41611571e+04
1.41632421e+04
1.41653318e+04
1.41674260e+04
1.41695210e+04
1.41716202e+04
1.41737218e+04
1.41758234e+04
1.41779228e+04
1.41800213e+04
1.41821217e+04
1.41842210e+04
1.41863231e+04
1.41884277e+04
1.41905363e+04
1.41926485e+04
1.41947627e+04
1.41968777e+04
1.41989941e+04
1.42011140e+04
1.42032353e+04
1.42053616e+04
1.42074896e+04
1.42096168e+04
1.42117383e+04
1.42138523e+04
1.42159546e+04
1.42180472e+04
1.42201266e+04
1.42221930e+04
1.42242485e+04
1.42262914e+04
1.42283245e+04
1.42303501e+04
1.42323647e+04
1.42343705e+04
1.42363721e+04
1.42383721e+04
1.42403727e+04
1.42423776e+04
1.42443886e+04
1.42464035e+04
1.42484295e+04
1.42504629e+04
1.42525084e+04
1.42545653e+04
1.42566306e+04
1.42587039e+04
1.42607872e+04
1.42628775e+04
1.42649730e+04
1.42670762e+04
1.42691832e+04
1.42712997e+04
1.42734274e+04
1.42755665e+04
1.42777227e+04
1.42798936e+04
1.42820760e+04
1.42842781e+04
1.42864959e+04
1.42887361e+04
1.42909949e+04
1.42932730e+04
1.42955682e+04
1.42978788e+04
1.43002037e+04
1.43025385e+04
1.43048869e+04
1.43072490e+04
1.43096146e+04
1.43119840e+04
1.43143526e+04
1.43167182e+04
1.43190838e+04
1.43214475e+04
1.43238164e+04
1.43261857e+04
1.43285545e+04
1.43309235e+04
1.43332903e+04
1.43356549e+04
1.43380181e+04
1.43403756e+04
1.43427299e+04
1.43450788e+04
1.43474248e+04
1.43497628e+04
1.43520956e+04
1.43544205e+04
1.43567434e+04
1.43590630e+04
1.43613772e+04
1.43636864e+04
1.43659925e+04
1.43682960e+04
1.43705994e+04
1.43729062e+04
1.43752187e+04
1.43775354e+04
1.43798645e+04
1.43822056e+04
1.43845611e+04
1.43869331e+04
1.43893231e+04
1.43917313e+04
1.43941558e+04
1.43966026e+04
1.43990661e+04
1.44015496e+04
1.44040503e+04
1.44065679e+04
1.44091035e+04
1.44116582e+04
1.44142265e+04
1.44168124e+04
1.44194112e+04
1.44220180e+04
1.44246318e+04
1.44272486e+04
1.44298736e+04
1.44325004e+04
1.44351265e+04
1.44377535e+04
1.44403766e+04
1.44429966e+04
1.44456121e+04
1.44482212e+04
1.44508252e+04
1.44534237e+04
1.44560129e+04
1.44585950e+04
1.44611698e+04
1.44637401e+04
1.44663067e+04
1.44688704e+04
1.44714360e+04
1.44740050e+04
1.44765807e+04
1.44791622e+04
1.44817530e+04
1.44843538e+04
1.44869630e+04
1.44895884e+04
1.44922283e+04
1.44948849e+04
1.44975552e+04
1.45002426e+04
1.45029426e+04
1.45056579e+04
1.45083814e+04
1.45111125e+04
1.45138486e+04
1.45165881e+04
1.45193314e+04
1.45220724e+04
1.45248087e+04
1.45275408e+04
1.45302657e+04
1.45329848e+04
1.45356969e+04
1.45384004e+04
1.45410947e+04
1.45437799e+04
1.45464546e+04
1.45491154e+04
1.45517650e+04
1.45544059e+04
1.45570374e+04
1.45596623e+04
1.45622774e+04
1.45648852e+04
1.45674885e+04
1.45700858e+04
1.45726771e+04
1.45752644e+04
1.45778453e+04
1.45804183e+04
1.45829872e+04
1.45855511e+04
1.45881127e+04
1.45906709e+04
1.45932206e+04
1.45957678e+04
1.45983090e+04
1.46008471e+04
1.46033802e+04
1.46059081e+04
1.46084303e+04
1.46109487e+04
1.46134638e+04
1.46159764e+04
1.46184874e+04
1.46209930e+04
1.46234927e+04
1.46259848e+04
1.46284664e+04
1.46309382e+04
1.46334031e+04
1.46358598e+04
1.46383065e+04
1.46407447e+04
1.46431738e+04
1.46455964e+04
1.46480137e+04
1.46504255e+04
1.46528379e+04
1.46552452e+04
1.46576507e+04
1.46600554e+04
1.46624570e+04
1.46648568e+04
1.46672564e+04
1.46696542e+04
1.46720476e+04
1.46744330e+04
1.46768140e+04
1.46791830e+04
1.46815395e+04
1.46838815e+04
1.46862078e+04
1.46885163e+04
1.46908076e+04
1.46930794e+04
1.46953383e+04
1.46975839e+04
1.46998191e+04
1.47020421e+04
1.47042564e+04
1.47064645e+04
1.47086661e+04
1.47108641e+04
1.47130665e+04
1.47152743e+04
1.47174811e+04
1.47196899e+04
1.47219014e+04
1.47241117e+04
1.47263240e+04
1.47285421e+04
1.47307638e+04
1.47329907e+04
1.47352256e+04
1.47374673e+04
1.47397144e+04
1.47419691e+04
1.47442314e+04
1.47465017e+04
1.47487845e+04
1.47510842e+04
1.47534021e+04
1.47557390e+04
1.47580911e+04
1.47604641e+04
1.47628565e+04
1.47652729e+04
1.47677109e+04
1.47701705e+04
1.47726515e+04
1.47751458e+04
1.47776563e+04
1.47801776e+04
1.47827074e+04
1.47852443e+04
1.47877883e+04
1.47903377e+04
1.47928895e+04
1.47954352e+04
1.47979761e+04
1.48005123e+04
1.48030374e+04
1.48055520e+04
1.48080559e+04
1.48105518e+04
1.48130415e+04
1.48155286e+04
1.48180108e+04
1.48204911e+04
1.48229658e+04
1.48254372e+04
1.48279018e+04
1.48303601e+04
1.48328143e+04
1.48352686e+04
1.48377220e+04
1.48401758e+04
1.48426288e+04
1.48450862e+04
1.48475489e+04
1.48500187e+04
1.48524935e+04
1.48549703e+04
1.48574501e+04
1.48599338e+04
1.48624196e+04
1.48649105e+04
1.48674002e+04
1.48698964e+04
1.48723952e+04
1.48748982e+04
1.48774039e+04
1.48799110e+04
1.48824171e+04
1.48849201e+04
1.48874248e+04
1.48899237e+04
1.48924171e+04
1.48949026e+04
1.48973859e+04
1.48998687e+04
1.49023473e+04
1.49048223e+04
1.49072968e+04
1.49097707e+04
1.49122448e+04
1.49147148e+04
1.49171855e+04
1.49196575e+04
1.49221269e+04
1.49245981e+04
1.49270710e+04
1.49295510e+04
1.49320361e+04
1.49345297e+04
1.49370295e+04
1.49395361e+04
1.49420449e+04
1.49445565e+04
1.49470660e+04
1.49495727e+04
1.49520757e+04
1.49545733e+04
1.49570646e+04
1.49595474e+04
1.49620267e+04
1.49645010e+04
1.49669717e+04
1.49694408e+04
1.49719090e+04
1.49743766e+04
1.49768420e+04
1.49793119e+04
1.49817857e+04
1.49842644e+04
1.49867503e+04
1.49892468e+04
1.49917511e+04
1.49942647e+04
1.49967853e+04
1.49993123e+04
1.50018400e+04
1.50043744e+04
1.50069182e+04
1.50094669e+04
1.50120244e+04
1.50145926e+04
1.50171685e+04
1.50197516e+04
1.50223428e+04
1.50249471e+04
1.50275589e+04
1.50301809e+04
1.50328112e+04
1.50354505e+04
1.50380947e+04
1.50407418e+04
1.50433837e+04
1.50460184e+04
1.50486448e+04
1.50512638e+04
1.50538797e+04
1.50564860e+04
1.50590797e+04
1.50616599e+04
1.50642300e+04
1.50667846e+04
1.50693213e+04
1.50718430e+04
1.50743494e+04
1.50768424e+04
1.50793315e+04
1.50818197e+04
1.50843041e+04
1.50867861e+04
1.50892708e+04
1.50917543e+04
1.50942414e+04
1.50967313e+04
1.50992240e+04
1.51017208e+04
1.51042270e+04
1.51067430e+04
1.51092668e+04
1.51118015e+04
1.51143456e+04
1.51168954e+04
1.51194529e+04
1.51220197e+04
1.51245898e+04
1.51271645e+04
1.51297422e+04
1.51323179e+04
1.51348932e+04
1.51374625e+04
1.51400350e+04
1.51426029e+04
1.51451697e+04
1.51477345e+04
1.51502976e+04
1.51528585e+04
1.51554184e+04
1.51579767e+04
1.51605321e+04
1.51630851e+04
1.51656383e+04
1.51681879e+04
1.51707337e+04
1.51732761e+04
1.51758136e+04
1.51783511e+04
1.51808860e+04
1.51834188e+04
1.51859472e+04
1.51884750e+04
1.51909983e+04
1.51935162e+04
1.51960270e+04
1.51985338e+04
1.52010346e+04
1.52035304e+04
1.52060134e+04
1.52084896e+04
1.52109591e+04
1.52134161e+04
1.52158648e+04
1.52183071e+04
1.52207401e+04
1.52231669e+04
1.52255878e+04
1.52279976e+04
1.52304044e+04
1.52328050e+04
1.52351964e+04
1.52375826e+04
1.52399612e+04
1.52423330e+04
1.52446984e+04
1.52470587e+04
1.52494141e+04
1.52517670e+04
1.52541233e+04
1.52564823e+04
1.52588454e+04
1.52612155e+04
1.52635882e+04
1.52659633e+04
1.52683440e+04
1.52707336e+04
1.52731322e+04
1.52755460e+04
1.52779712e+04
1.52804118e+04
1.52828670e+04
1.52853333e+04
1.52878068e+04
1.52902862e+04
1.52927742e+04
1.52952706e+04
1.52977745e+04
1.53002826e+04
1.53027916e+04
1.53053033e+04
1.53078213e+04
1.53103389e+04
1.53128565e+04
1.53153712e+04
1.53178813e+04
1.53203952e+04
1.53229109e+04
1.53254317e+04
1.53279588e+04
1.53304862e+04
1.53330176e+04
1.53355517e+04
1.53380861e+04
1.53406219e+04
1.53431629e+04
1.53457066e+04
1.53482565e+04
1.53508115e+04
1.53533773e+04
1.53559507e+04
1.53585279e+04
1.53611121e+04
1.53637032e+04
1.53663031e+04
1.53689070e+04
1.53715152e+04
1.53741322e+04
1.53767593e+04
1.53793964e+04
1.53820429e+04
1.53846964e+04
1.53873457e+04
1.53899899e+04
1.53926287e+04
1.53952567e+04
1.53978776e+04
1.54004918e+04
1.54031038e+04
1.54057164e+04
1.54083233e+04
1.54109287e+04
1.54135352e+04
1.54161424e+04
1.54187525e+04
1.54213678e+04
1.54239928e+04
1.54266315e+04
1.54292827e+04
1.54319458e+04
1.54346204e+04
1.54373078e+04
1.54400112e+04
1.54427278e+04
1.54454557e+04
1.54481927e+04
1.54509393e+04
1.54536955e+04
1.54564626e+04
1.54592408e+04
1.54620259e+04
1.54648198e+04
1.54676223e+04
1.54704326e+04
1.54732516e+04
1.54760820e+04
1.54789264e+04
1.54817784e+04
1.54846386e+04
1.54875053e+04
1.54903830e+04
1.54932698e+04
1.54961651e+04
1.54990700e+04
1.55019850e+04
1.55049115e+04
1.55078504e+04
1.55108033e+04
1.55137662e+04
1.55167380e+04
1.55197175e+04
1.55227054e+04
1.55256975e+04
1.55286950e+04
1.55316923e+04
1.55346888e+04
1.55376853e+04
1.55406777e+04
1.55436632e+04
1.55466438e+04
1.55496135e+04
1.55525670e+04
1.55555046e+04
1.55584264e+04
1.55613344e+04
1.55642255e+04
1.55671054e+04
1.55699719e+04
1.55728362e+04
1.55756987e+04
1.55785587e+04
1.55814217e+04
1.55842919e+04
1.55871758e+04
1.55900752e+04
1.55929902e+04
1.55959203e+04
1.55988682e+04
1.56018291e+04
1.56048033e+04
1.56077875e+04
1.56107875e+04
1.56137947e+04
1.56168150e+04
1.56198438e+04
1.56228762e+04
1.56259119e+04
1.56289519e+04
1.56319953e+04
1.56350394e+04
1.56380914e+04
1.56411445e+04
1.56442007e+04
1.56472629e+04
1.56503302e+04
1.56533968e+04
1.56564647e+04
1.56595344e+04
1.56626062e+04
1.56656767e+04
1.56687490e+04
1.56718201e+04
1.56748903e+04
1.56779610e+04
1.56810300e+04
1.56840939e+04
1.56871539e+04
1.56902082e+04
1.56932609e+04
1.56963077e+04
1.56993487e+04
1.57023902e+04
1.57054289e+04
1.57084701e+04
1.57115115e+04
1.57145606e+04
1.57176119e+04
1.57206631e+04
1.57237160e+04
1.57267694e+04
1.57298247e+04
1.57328825e+04
1.57359411e+04
1.57390054e+04
1.57420786e+04
1.57451635e+04
1.57482537e+04
1.57513547e+04
1.57544632e+04
1.57575817e+04
1.57607066e+04
1.57638360e+04
1.57669710e+04
1.57701122e+04
1.57732630e+04
1.57764202e+04
1.57795824e+04
1.57827474e+04
1.57859154e+04
1.57890871e+04
1.57922587e+04
1.57954350e+04
1.57986219e+04
1.58018185e+04
1.58050224e+04
1.58082367e+04
1.58114681e+04
1.58147164e+04
1.58179847e+04
1.58212748e+04
1.58245895e+04
1.58279268e+04
1.58312876e+04
1.58346740e+04
1.58380890e+04
1.58415229e+04
1.58449763e+04
1.58484454e+04
1.58519343e+04
1.58554337e+04
1.58589404e+04
1.58624512e+04
1.58659616e+04
1.58694707e+04
1.58729783e+04
1.58764856e+04
1.58799926e+04
1.58835062e+04
1.58870223e+04
1.58905414e+04
1.58940686e+04
1.58976034e+04
1.59011414e+04
1.59046889e+04
1.59082496e+04
1.59118243e+04
1.59154170e+04
1.59190237e+04
1.59226496e+04
1.59262896e+04
1.59299470e+04
1.59336200e+04
1.59373010e+04
1.59409898e+04
1.59446863e+04
1.59483860e+04
1.59520923e+04
1.59557997e+04
1.59595051e+04
1.59632072e+04
1.59669050e+04
1.59705956e+04
1.59742771e+04
1.59779455e+04
1.59816083e+04
1.59852615e+04
1.59889147e+04
1.59925717e+04
1.59962392e+04
1.59999161e+04
1.60036086e+04
1.60073135e+04
1.60110355e+04
1.60147817e+04
1.60185528e+04
1.60223477e+04
1.60261641e+04
1.60300042e+04
1.60338676e+04
1.60377522e+04
1.60416590e+04
1.60455867e+04
1.60495320e+04
1.60534867e+04
1.60574533e+04
1.60614305e+04
1.60654156e+04
1.60694097e+04
1.60734160e+04
1.60774325e+04
1.60814585e+04
1.60854928e+04
1.60895324e+04
1.60935843e+04
1.60976492e+04
1.61017299e+04
1.61058251e+04
1.61099401e+04
1.61140714e+04
1.61182188e+04
1.61223838e+04
1.61265670e+04
1.61307623e+04
1.61349675e+04
1.61391800e+04
1.61434002e+04
1.61476294e+04
1.61518657e+04
1.61561086e+04
1.61603622e+04
1.61646250e+04
1.61688958e+04
1.61731766e+04
1.61774570e+04
1.61817345e+04
1.61860137e+04
1.61903004e+04
1.61945970e+04
1.61989043e+04
1.62032202e+04
1.62075408e+04
1.62118662e+04
1.62161880e+04
1.62205149e+04
1.62248392e+04
1.62291531e+04
1.62334604e+04
1.62377599e+04
1.62420547e+04
1.62463440e+04
1.62506290e+04
1.62549096e+04
1.62591824e+04
1.62634486e+04
1.62677034e+04
1.62719429e+04
1.62761707e+04
1.62803885e+04
1.62845961e+04
1.62887953e+04
1.62929837e+04
1.62971610e+04
1.63013267e+04
1.63054819e+04
1.63096298e+04
1.63137696e+04
1.63178991e+04
1.63220259e+04
1.63261478e+04
1.63302651e+04
1.63343828e+04
1.63385017e+04
1.63426232e+04
1.63467551e+04
1.63509009e+04
1.63550668e+04
1.63592520e+04
1.63634537e+04
1.63676748e+04
1.63719237e+04
1.63761964e+04
1.63804951e+04
1.63848191e+04
1.63891715e+04
1.63935418e+04
1.63979324e+04
1.64023466e+04
1.64067839e+04
1.64112407e+04
1.64157162e+04
1.64202054e+04
1.64247088e+04
1.64292184e+04
1.64337385e+04
1.64382674e+04
1.64428066e+04
1.64473586e+04
1.64519244e+04
1.64565044e+04
1.64610950e+04
1.64656930e+04
1.64702986e+04
1.64749018e+04
1.64795042e+04
1.64841053e+04
1.64887019e+04
1.64932989e+04
1.64978871e+04
1.65024730e+04
1.65070576e+04
1.65116333e+04
1.65161993e+04
1.65207596e+04
1.65253103e+04
1.65298528e+04
1.65343910e+04
1.65389266e+04
1.65434599e+04
1.65479900e+04
1.65525178e+04
1.65570458e+04
1.65615738e+04
1.65660991e+04
1.65706217e+04
1.65751476e+04
1.65796785e+04
1.65842124e+04
1.65887574e+04
1.65933043e+04
1.65978535e+04
1.66023981e+04
1.66069315e+04
1.66114551e+04
1.66159724e+04
1.66204906e+04
1.66250067e+04
1.66295209e+04
1.66340325e+04
1.66385331e+04
1.66430249e+04
1.66475094e+04
1.66519805e+04
1.66564437e+04
1.66609014e+04
1.66653617e+04
1.66698232e+04
1.66742866e+04
1.66787547e+04
1.66832277e+04
1.66877083e+04
1.66921918e+04
1.66966765e+04
1.67011647e+04
1.67056553e+04
1.67101475e+04
1.67146418e+04
1.67191333e+04
1.67236186e+04
1.67280938e+04
1.67325533e+04
1.67369978e+04
1.67414249e+04
1.67458339e+04
1.67502276e+04
1.67546025e+04
1.67589586e+04
1.67632977e+04
1.67676199e+04
1.67719298e+04
1.67762215e+04
1.67805019e+04
1.67847616e+04
1.67889969e+04
1.67932159e+04
1.67974109e+04
1.68015840e+04
1.68057330e+04
1.68098527e+04
1.68139444e+04
1.68180025e+04
1.68220281e+04
1.68260255e+04
1.68299915e+04
1.68339241e+04
1.68378335e+04
1.68417066e+04
1.68455524e+04
1.68493689e+04
1.68531566e+04
1.68569152e+04
1.68606496e+04
1.68643535e+04
1.68680295e+04
1.68716864e+04
1.68753228e+04
1.68789370e+04
1.68825315e+04
1.68861113e+04
1.68896768e+04
1.68932306e+04
1.68967733e+04
1.69003031e+04
1.69038265e+04
1.69073394e+04
1.69108474e+04
1.69143527e+04
1.69178644e+04
1.69213818e+04
1.69249016e+04
1.69284222e+04
1.69319412e+04
1.69354701e+04
1.69390007e+04
1.69425338e+04
1.69460729e+04
1.69496119e+04
1.69531516e+04
1.69566908e+04
1.69602334e+04
1.69637753e+04
1.69673171e+04
1.69708550e+04
1.69743829e+04
1.69779021e+04
1.69814180e+04
1.69849291e+04
1.69884383e+04
1.69919572e+04
1.69954919e+04
1.69990382e+04
1.70025999e+04
1.70061797e+04
1.70097750e+04
1.70133892e+04
1.70170182e+04
1.70206669e+04
1.70243288e+04
1.70280106e+04
1.70317082e+04
1.70354211e+04
1.70391484e+04
1.70428813e+04
1.70466245e+04
1.70503788e+04
1.70541413e+04
1.70579117e+04
1.70616860e+04
1.70654593e+04
1.70692331e+04
1.70730084e+04
1.70767848e+04
1.70805581e+04
1.70843271e+04
1.70880918e+04
1.70918454e+04
1.70955947e+04
1.70993368e+04
1.71030655e+04
1.71067830e+04
1.71104881e+04
1.71141896e+04
1.71178938e+04
1.71215952e+04
1.71252932e+04
1.71289924e+04
1.71326957e+04
1.71364023e+04
1.71401154e+04
1.71438393e+04
1.71475711e+04
1.71513093e+04
1.71550585e+04
1.71588228e+04
1.71625960e+04
1.71663736e+04
1.71701565e+04
1.71739424e+04
1.71777284e+04
1.71815136e+04
1.71852945e+04
1.71890689e+04
1.71928423e+04
1.71966162e+04
1.72003844e+04
1.72041489e+04
1.72079091e+04
1.72116737e+04
1.72154300e+04
1.72191832e+04
1.72229406e+04
1.72266998e+04
1.72304646e+04
1.72342389e+04
1.72380220e+04
1.72418070e+04
1.72455969e+04
1.72493912e+04
1.72531894e+04
1.72569845e+04
1.72607833e+04
1.72645890e+04
1.72684006e+04
1.72722176e+04
1.72760443e+04
1.72798785e+04
1.72837177e+04
1.72875643e+04
1.72914184e+04
1.72952735e+04
1.72991334e+04
1.73029993e+04
1.73068647e+04
1.73107280e+04
1.73145888e+04
1.73184438e+04
1.73222911e+04
1.73261360e+04
1.73299725e+04
1.73338069e+04
1.73376362e+04
1.73414554e+04
1.73452685e+04
1.73490722e+04
1.73528631e+04
1.73566314e+04
1.73603780e+04
1.73641071e+04
1.73678188e+04
1.73715178e+04
1.73752110e+04
1.73788920e+04
1.73825644e+04
1.73862304e+04
1.73898844e+04
1.73935288e+04
1.73971581e+04
1.74007749e+04
1.74043805e+04
1.74079775e+04
1.74115697e+04
1.74151671e+04
1.74187665e+04
1.74223718e+04
1.74259770e+04
1.74295883e+04
1.74332010e+04
1.74368142e+04
1.74404223e+04
1.74440255e+04
1.74476317e+04
1.74512333e+04
1.74548270e+04
1.74584222e+04
1.74620120e+04
1.74655992e+04
1.74691795e+04
1.74727542e+04
1.74763169e+04
1.74798673e+04
1.74834071e+04
1.74869388e+04
1.74904690e+04
1.74939870e+04
1.74974975e+04
1.75010018e+04
1.75044999e+04
1.75079918e+04
1.75114717e+04
1.75149423e+04
1.75184063e+04
1.75218625e+04
1.75253097e+04
1.75287488e+04
1.75321770e+04
1.75355887e+04
1.75389829e+04
1.75423597e+04
1.75457213e+04
1.75490770e+04
1.75524326e+04
1.75557850e+04
1.75591375e+04
1.75624869e+04
1.75658399e+04
1.75691950e+04
1.75725601e+04
1.75759324e+04
1.75793119e+04
1.75827025e+04
1.75861034e+04
1.75895156e+04
1.75929383e+04
1.75963631e+04
1.75997918e+04
1.76032214e+04
1.76066603e+04
1.76101003e+04
1.76135468e+04
1.76169967e+04
1.76204504e+04
1.76239114e+04
1.76273690e+04
1.76308264e+04
1.76342864e+04
1.76377465e+04
1.76412134e+04
1.76446894e+04
1.76481764e+04
1.76516684e+04
1.76551560e+04
1.76586426e+04
1.76621276e+04
1.76656149e+04
1.76691013e+04
1.76725931e+04
1.76760902e+04
1.76795928e+04
1.76830975e+04
1.76866107e+04
1.76901309e+04
1.76936661e+04
1.76972122e+04
1.77007696e+04
1.77043339e+04
1.77079036e+04
1.77114762e+04
1.77150409e+04
1.77186020e+04
1.77221541e+04
1.77256944e+04
1.77292251e+04
1.77327449e+04
1.77362595e+04
1.77397674e+04
1.77432611e+04
1.77467411e+04
1.77502067e+04
1.77536584e+04
1.77570963e+04
1.77605259e+04
1.77639511e+04
1.77673715e+04
1.77707860e+04
1.77741983e+04
1.77776103e+04
1.77810241e+04
1.77844314e+04
1.77878311e+04
1.77912248e+04
1.77946093e+04
1.77979823e+04
1.78013489e+04
1.78047119e+04
1.78080750e+04
1.78114365e+04
1.78147958e+04
1.78181555e+04
1.78215131e+04
1.78248646e+04
1.78282136e+04
1.78315578e+04
1.78349003e+04
1.78382485e+04
1.78416068e+04
1.78449768e+04
1.78483664e+04
1.78517686e+04
1.78551844e+04
1.78586142e+04
1.78620548e+04
1.78655108e+04
1.78689866e+04
1.78724818e+04
1.78760020e+04
1.78795367e+04
1.78830893e+04
1.78866609e+04
1.78902422e+04
1.78938254e+04
1.78974044e+04
1.79009627e+04
1.79045043e+04
1.79080341e+04
1.79115497e+04
1.79150524e+04
1.79185474e+04
1.79220355e+04
1.79255197e+04
1.79290020e+04
1.79324865e+04
1.79359753e+04
1.79394727e+04
1.79429864e+04
1.79465147e+04
1.79500570e+04
1.79536099e+04
1.79571713e+04
1.79607398e+04
1.79643076e+04
1.79678780e+04
1.79714479e+04
1.79750067e+04
1.79785543e+04
1.79820907e+04
1.79856178e+04
1.79891394e+04
1.79926612e+04
1.79961759e+04
1.79996865e+04
1.80031917e+04
1.80066914e+04
1.80101887e+04
1.80136804e+04
1.80171721e+04
1.80206670e+04
1.80241678e+04
1.80276785e+04
1.80311974e+04
1.80347198e+04
1.80382478e+04
1.80417766e+04
1.80453007e+04
1.80488252e+04
1.80523538e+04
1.80558868e+04
1.80594271e+04
1.80629743e+04
1.80665284e+04
1.80700870e+04
1.80736452e+04
1.80772019e+04
1.80807627e+04
1.80843233e+04
1.80878811e+04
1.80914341e+04
1.80949837e+04
1.80985299e+04
1.81020695e+04
1.81055938e+04
1.81091036e+04
1.81126104e+04
1.81161090e+04
1.81196044e+04
1.81230918e+04
1.81265734e+04
1.81300505e+04
1.81335219e+04
1.81369958e+04
1.81404687e+04
1.81439479e+04
1.81474345e+04
1.81509330e+04
1.81544388e+04
1.81579519e+04
1.81614730e+04
1.81650072e+04
1.81685415e+04
1.81720869e+04
1.81756302e+04
1.81791845e+04
1.81827447e+04
1.81863062e+04
1.81898694e+04
1.81934284e+04
1.81969858e+04
1.82005480e+04
1.82041056e+04
1.82076659e+04
1.82112214e+04
1.82147740e+04
1.82183203e+04
1.82218644e+04
1.82254036e+04
1.82289372e+04
1.82324664e+04
1.82359949e+04
1.82395254e+04
1.82430590e+04
1.82466030e+04
1.82501557e+04
1.82537069e+04
1.82572559e+04
1.82608022e+04
1.82643499e+04
1.82679011e+04
1.82714528e+04
1.82750031e+04
1.82785425e+04
1.82820733e+04
1.82855966e+04
1.82891114e+04
1.82926136e+04
1.82961028e+04
1.82995790e+04
1.83030406e+04
1.83064885e+04
1.83099255e+04
1.83133513e+04
1.83167697e+04
1.83201744e+04
1.83235712e+04
1.83269588e+04
1.83303404e+04
1.83337229e+04
1.83371084e+04
1.83404887e+04
1.83438596e+04
1.83472346e+04
1.83506126e+04
1.83539921e+04
1.83573732e+04
1.83607563e+04
1.83641456e+04
1.83675383e+04
1.83709281e+04
1.83743168e+04
1.83776951e+04
1.83810656e+04
1.83844266e+04
1.83877734e+04
1.83911053e+04
1.83944161e+04
1.83977077e+04
1.84009715e+04
1.84042036e+04
1.84074042e+04
1.84105735e+04
1.84137168e+04
1.84168288e+04
1.84199265e+04
1.84230126e+04
1.84260866e+04
1.84291427e+04
1.84321909e+04
1.84352282e+04
1.84382472e+04
1.84412507e+04
1.84442334e+04
1.84472026e+04
1.84501517e+04
1.84530815e+04
1.84559849e+04
1.84588618e+04
1.84617101e+04
1.84645297e+04
1.84673310e+04
1.84701141e+04
1.84728761e+04
1.84756201e+04
1.84783533e+04
1.84810728e+04
1.84837909e+04
1.84865063e+04
1.84892154e+04
1.84919192e+04
1.84946271e+04
1.84973378e+04
1.85000519e+04
1.85027779e+04
1.85055021e+04
1.85082215e+04
1.85109374e+04
1.85136565e+04
1.85163703e+04
1.85190806e+04
1.85217938e+04
1.85245063e+04
1.85272166e+04
1.85299262e+04
1.85326441e+04
1.85353715e+04
1.85381077e+04
1.85408560e+04
1.85436188e+04
1.85463948e+04
1.85491863e+04
1.85520023e+04
1.85548479e+04
1.85577286e+04
1.85606436e+04
1.85635925e+04
1.85665769e+04
1.85695907e+04
1.85726300e+04
1.85756913e+04
1.85787849e+04
1.85819081e+04
1.85850628e+04
1.85882452e+04
1.85914513e+04
1.85946852e+04
1.85979393e+04
1.86012068e+04
1.86044889e+04
1.86077823e+04
1.86110887e+04
1.86144093e+04
1.86177464e+04
1.86210917e+04
1.86244503e+04
1.86278130e+04
1.86311801e+04
1.86345416e+04
1.86379033e+04
1.86412602e+04
1.86446114e+04
1.86479532e+04
1.86512954e+04
1.86546333e+04
1.86579672e+04
1.86613070e+04
1.86646516e+04
1.86680031e+04
1.86713540e+04
1.86747073e+04
1.86780633e+04
1.86814276e+04
1.86848019e+04
1.86881807e+04
1.86915642e+04
1.86949500e+04
1.86983370e+04
1.87017313e+04
1.87051291e+04
1.87085332e+04
1.87119424e+04
1.87153520e+04
1.87187673e+04
1.87221863e+04
1.87256091e+04
1.87290395e+04
1.87324787e+04
1.87359201e+04
1.87393711e+04
1.87428385e+04
1.87463247e+04
1.87498309e+04
1.87533654e+04
1.87569241e+04
1.87604985e+04
1.87640996e+04
1.87677159e+04
1.87713451e+04
1.87749916e+04
1.87786524e+04
1.87823346e+04
1.87860308e+04
1.87897549e+04
1.87934982e+04
1.87972668e+04
1.88010496e+04
1.88048601e+04
1.88086853e+04
1.88125250e+04
1.88163871e+04
1.88202715e+04
1.88241679e+04
1.88280859e+04
1.88320276e+04
1.88359919e+04
1.88399814e+04
1.88439953e+04
1.88480313e+04
1.88520858e+04
1.88561566e+04
1.88602493e+04
1.88643694e+04
1.88685109e+04
1.88726728e+04
1.88768547e+04
1.88810531e+04
1.88852630e+04
1.88894830e+04
1.88937090e+04
1.88979346e+04
1.89021576e+04
1.89063684e+04
1.89105682e+04
1.89147535e+04
1.89189233e+04
1.89230795e+04
1.89272107e+04
1.89313221e+04
1.89354213e+04
1.89395159e+04
1.89436106e+04
1.89477010e+04
1.89517879e+04
1.89558849e+04
1.89599965e+04
1.89641342e+04
1.89682916e+04
1.89724668e+04
1.89766592e+04
1.89808758e+04
1.89851269e+04
1.89894051e+04
1.89937088e+04
1.89980254e+04
1.90023447e+04
1.90066712e+04
1.90109991e+04
1.90153287e+04
1.90196453e+04
1.90239589e+04
1.90282575e+04
1.90325488e+04
1.90368423e+04
1.90411392e+04
1.90454290e+04
1.90497183e+04
1.90539965e+04
1.90582692e+04
1.90625486e+04
1.90668365e+04
1.90711359e+04
1.90754531e+04
1.90797915e+04
1.90841525e+04
1.90885269e+04
1.90929159e+04
1.90973212e+04
1.91017419e+04
1.91061670e+04
1.91105944e+04
1.91150232e+04
1.91194460e+04
1.91238675e+04
1.91282808e+04
1.91326822e+04
1.91370743e+04
1.91414622e+04
1.91458429e+04
1.91502044e+04
1.91545525e+04
1.91588890e+04
1.91632159e+04
1.91675374e+04
1.91718455e+04
1.91761482e+04
1.91804444e+04
1.91847405e+04
1.91890335e+04
1.91933244e+04
1.91976177e+04
1.92019114e+04
1.92062068e+04
1.92105035e+04
1.92148084e+04
1.92191237e+04
1.92234541e+04
1.92278037e+04
1.92321729e+04
1.92365638e+04
1.92409686e+04
1.92453890e+04
1.92498200e+04
1.92542631e+04
1.92587159e+04
1.92631635e+04
1.92676100e+04
1.92720463e+04
1.92764734e+04
1.92808890e+04
1.92852921e+04
1.92896792e+04
1.92940412e+04
1.92983854e+04
1.93027229e+04
1.93070485e+04
1.93113578e+04
1.93156607e+04
1.93199556e+04
1.93242488e+04
1.93285389e+04
1.93328266e+04
1.93371147e+04
1.93414046e+04
1.93456948e+04
1.93500050e+04
1.93543366e+04
1.93586893e+04
1.93630545e+04
1.93674349e+04
1.93718339e+04
1.93762513e+04
1.93806832e+04
1.93851190e+04
1.93895607e+04
1.93939962e+04
1.93984243e+04
1.94028482e+04
1.94072622e+04
1.94116733e+04
1.94160717e+04
1.94204549e+04
1.94248202e+04
1.94291678e+04
1.94334988e+04
1.94378113e+04
1.94421129e+04
1.94464029e+04
1.94506889e+04
1.94549651e+04
1.94592372e+04
1.94634964e+04
1.94677496e+04
1.94719943e+04
1.94762357e+04
1.94804667e+04
1.94846882e+04
1.94888914e+04
1.94930820e+04
1.94972356e+04
1.95013618e+04
1.95054591e+04
1.95095318e+04
1.95135790e+04
1.95175997e+04
1.95215997e+04
1.95255816e+04
1.95295528e+04
1.95335080e+04
1.95374489e+04
1.95413678e+04
1.95452677e+04
1.95491520e+04
1.95530285e+04
1.95568880e+04
1.95607341e+04
1.95645650e+04
1.95683839e+04
1.95722010e+04
1.95760191e+04
1.95798441e+04
1.95836561e+04
1.95874604e+04
1.95912637e+04
1.95950585e+04
1.95988384e+04
1.96025961e+04
1.96063270e+04
1.96100386e+04
1.96137315e+04
1.96174047e+04
1.96210585e+04
1.96246849e+04
1.96282864e+04
1.96318560e+04
1.96354060e+04
1.96389387e+04
1.96424531e+04
1.96459490e+04
1.96494374e+04
1.96529221e+04
1.96564142e+04
1.96599182e+04
1.96634209e+04
1.96669289e+04
1.96704466e+04
1.96739812e+04
1.96775337e+04
1.96811026e+04
1.96846876e+04
1.96882953e+04
1.96919268e+04
1.96955691e+04
1.96992307e+04
1.97029121e+04
1.97066113e+04
1.97103174e+04
1.97140249e+04
1.97177294e+04
1.97214241e+04
1.97251077e+04
1.97287678e+04
1.97324011e+04
1.97360072e+04
1.97395835e+04
1.97431313e+04
1.97466529e+04
1.97501416e+04
1.97536023e+04
1.97570424e+04
1.97604767e+04
1.97639008e+04
1.97673139e+04
1.97707242e+04
1.97741361e+04
1.97775523e+04
1.97809625e+04
1.97843718e+04
1.97877732e+04
1.97911823e+04
1.97945894e+04
1.97980007e+04
1.98014120e+04
1.98048213e+04
1.98082128e+04
1.98115839e+04
1.98149382e+04
1.98182704e+04
1.98215777e+04
1.98248655e+04
1.98281368e+04
1.98313765e+04
1.98345975e+04
1.98377954e+04
1.98409748e+04
1.98441455e+04
1.98473052e+04
1.98504551e+04
1.98536126e+04
1.98567731e+04
1.98599422e+04
1.98631189e+04
1.98663070e+04
1.98695062e+04
1.98727255e+04
1.98759650e+04
1.98792216e+04
1.98825067e+04
1.98858147e+04
1.98891527e+04
1.98925247e+04
1.98959272e+04
1.98993696e+04
1.99028504e+04
1.99063775e+04
1.99099340e+04
1.99135334e+04
1.99171624e+04
1.99208159e+04
1.99245156e+04
1.99282522e+04
1.99320285e+04
1.99358509e+04
1.99397172e+04
1.99436205e+04
1.99475467e+04
1.99514904e+04
1.99554533e+04
1.99594345e+04
1.99634406e+04
1.99674573e+04
1.99714894e+04
1.99755361e+04
1.99795917e+04
1.99836583e+04
1.99877374e+04
1.99918327e+04
1.99959505e+04
2.00001066e+04
2.00042897e+04
2.00084962e+04
2.00127307e+04
2.00169793e+04
2.00212431e+04
2.00255238e+04
2.00298213e+04
2.00341332e+04
2.00384499e+04
2.00427837e+04
2.00471201e+04
2.00514532e+04
2.00557825e+04
2.00600991e+04
2.00644122e+04
2.00687218e+04
2.00730078e+04
2.00772860e+04
2.00815589e+04
2.00858273e+04
2.00900873e+04
2.00943344e+04
2.00985689e+04
2.01027816e+04
2.01069907e+04
2.01111919e+04
2.01153768e+04
2.01195427e+04
2.01236834e+04
2.01278060e+04
2.01319096e+04
2.01359904e+04
2.01400484e+04
2.01440815e+04
2.01480880e+04
2.01520546e+04
2.01559990e+04
2.01599146e+04
2.01637995e+04
2.01676467e+04
2.01714589e+04
2.01752326e+04
2.01789757e+04
2.01826986e+04
2.01864098e+04
2.01901058e+04
2.01937864e+04
2.01974492e+04
2.02010949e+04
2.02047273e+04
2.02083570e+04
2.02119768e+04
2.02155962e+04
2.02192145e+04
2.02228484e+04
2.02264967e+04
2.02301662e+04
2.02338479e+04
2.02375448e+04
2.02412652e+04
2.02450118e+04
2.02487850e+04
2.02525742e+04
2.02563836e+04
2.02602158e+04
2.02640731e+04
2.02679558e+04
2.02718454e+04
2.02757403e+04
2.02796342e+04
2.02835294e+04
2.02874172e+04
2.02912885e+04
2.02951353e+04
2.02989580e+04
2.03027400e+04
2.03064882e+04
2.03101967e+04
2.03138654e+04
2.03174889e+04
2.03210769e+04
2.03246313e+04
2.03281623e+04
2.03316656e+04
2.03351541e+04
2.03386166e+04
2.03420656e+04
2.03454965e+04
2.03489123e+04
2.03523236e+04
2.03557348e+04
2.03591438e+04
2.03625599e+04
2.03659896e+04
2.03694400e+04
2.03729037e+04
2.03763828e+04
2.03798825e+04
2.03833881e+04
2.03868930e+04
2.03904033e+04
2.03939231e+04
2.03974503e+04
2.04009873e+04
2.04045276e+04
2.04080833e+04
2.04116537e+04
2.04152417e+04
2.04188486e+04
2.04224638e+04
2.04260925e+04
2.04297376e+04
2.04333924e+04
2.04370445e+04
2.04407050e+04
2.04443806e+04
2.04480687e+04
2.04517808e+04
2.04555122e+04
2.04592659e+04
2.04630437e+04
2.04668380e+04
2.04706431e+04
2.04744781e+04
2.04783274e+04
2.04821923e+04
2.04860751e+04
2.04899761e+04
2.04939008e+04
2.04978441e+04
2.05017993e+04
2.05057629e+04
2.05097347e+04
2.05137043e+04
2.05176796e+04
2.05216530e+04
2.05256315e+04
2.05296147e+04
2.05336071e+04
2.05376029e+04
2.05415872e+04
2.05455536e+04
2.05495049e+04
2.05534262e+04
2.05573257e+04
2.05611796e+04
2.05649997e+04
2.05687927e+04
2.05725670e+04
2.05763070e+04
2.05800134e+04
2.05836875e+04
2.05873297e+04
2.05909357e+04
2.05945218e+04
2.05980897e+04
2.06016491e+04
2.06051920e+04
2.06087169e+04
2.06122255e+04
2.06157199e+04
2.06191875e+04
2.06226316e+04
2.06260517e+04
2.06294561e+04
2.06328385e+04
2.06362111e+04
2.06395749e+04
2.06429253e+04
2.06462630e+04
2.06495920e+04
2.06529106e+04
2.06562258e+04
2.06595396e+04
2.06628540e+04
2.06661735e+04
2.06695006e+04
2.06728263e+04
2.06761494e+04
2.06794664e+04
2.06827632e+04
2.06860299e+04
2.06892602e+04
2.06924553e+04
2.06956230e+04
2.06987753e+04
2.07019251e+04
2.07050513e+04
2.07081535e+04
2.07112430e+04
2.07143097e+04
2.07173694e+04
2.07204190e+04
2.07234584e+04
2.07264857e+04
2.07295063e+04
2.07325294e+04
2.07355466e+04
2.07385647e+04
2.07415791e+04
2.07445972e+04
2.07476141e+04
2.07506196e+04
2.07536150e+04
2.07566033e+04
2.07595812e+04
2.07625421e+04
2.07654988e+04
2.07684554e+04
2.07714064e+04
2.07743612e+04
2.07773176e+04
2.07802862e+04
2.07832583e+04
2.07862315e+04
2.07891894e+04
2.07921307e+04
2.07950602e+04
2.07979657e+04
2.08008618e+04
2.08037440e+04
2.08066263e+04
2.08094922e+04
2.08123499e+04
2.08152041e+04
2.08180594e+04
2.08209175e+04
2.08237676e+04
2.08266078e+04
2.08294463e+04
2.08322916e+04
2.08351436e+04
2.08380017e+04
2.08408674e+04
2.08437413e+04
2.08466215e+04
2.08495133e+04
2.08524060e+04
2.08552966e+04
2.08581810e+04
2.08610685e+04
2.08639403e+04
2.08668021e+04
2.08696492e+04
2.08724703e+04
2.08752531e+04
2.08780100e+04
2.08807279e+04
2.08834087e+04
2.08860650e+04
2.08886831e+04
2.08912671e+04
2.08938288e+04
2.08963798e+04
2.08989178e+04
2.09014442e+04
2.09039619e+04
2.09064793e+04
2.09089847e+04
2.09114873e+04
2.09139947e+04
2.09165072e+04
2.09190274e+04
2.09215479e+04
2.09240651e+04
2.09265918e+04
2.09291010e+04
2.09316154e+04
2.09341372e+04
2.09366740e+04
2.09392145e+04
2.09417503e+04
2.09442861e+04
2.09468358e+04
2.09493856e+04
2.09519213e+04
2.09544421e+04
2.09569637e+04
2.09594834e+04
2.09620101e+04
2.09645478e+04
2.09670910e+04
2.09696372e+04
2.09721907e+04
2.09747705e+04
2.09773469e+04
2.09799204e+04
2.09825049e+04
2.09850945e+04
2.09876865e+04
2.09902726e+04
2.09928542e+04
2.09954220e+04
2.09979831e+04
2.10005272e+04
2.10030500e+04
2.10055557e+04
2.10080353e+04
2.10104858e+04
2.10128937e+04
2.10152717e+04
2.10176112e+04
2.10199237e+04
2.10222012e+04
2.10244541e+04
2.10266945e+04
2.10289160e+04
2.10311226e+04
2.10333310e+04
2.10355322e+04
2.10377147e+04
2.10398844e+04
2.10420522e+04
2.10442176e+04
2.10463808e+04
2.10485325e+04
2.10506784e+04
2.10528354e+04
2.10550006e+04
2.10571558e+04
2.10593047e+04
2.10614626e+04
2.10636134e+04
2.10657589e+04
2.10678900e+04
2.10700136e+04
2.10721053e+04
2.10741664e+04
2.10762034e+04
2.10782152e+04
2.10802142e+04
2.10821944e+04
2.10841634e+04
2.10861342e+04
2.10881018e+04
2.10900664e+04
2.10920259e+04
2.10939975e+04
2.10959829e+04
2.10979745e+04
2.10999690e+04
2.11019843e+04
2.11040174e+04
2.11060623e+04
2.11081203e+04
2.11101928e+04
2.11122913e+04
2.11143930e+04
2.11164985e+04
2.11185977e+04
2.11206873e+04
2.11227671e+04
2.11248518e+04
2.11269446e+04
2.11290310e+04
2.11311241e+04
2.11332156e+04
2.11353065e+04
2.11373995e+04
2.11395026e+04
2.11416156e+04
2.11437302e+04
2.11458551e+04
2.11479768e+04
2.11501043e+04
2.11522242e+04
2.11543544e+04
2.11564793e+04
2.11586047e+04
2.11607238e+04
2.11628355e+04
2.11649437e+04
2.11670529e+04
2.11691601e+04
2.11712654e+04
2.11733585e+04
2.11754514e+04
2.11775315e+04
2.11795939e+04
2.11816272e+04
2.11836279e+04
2.11856073e+04
2.11875469e+04
2.11894586e+04
2.11913416e+04
2.11932012e+04
2.11950440e+04
2.11968670e+04
2.11986443e+04
2.12003918e+04
2.12021083e+04
2.12037810e+04
2.12054137e+04
2.12069969e+04
2.12085325e+04
2.12100127e+04
2.12114566e+04
2.12128571e+04
2.12142386e+04
2.12155974e+04
2.12169162e+04
2.12182203e+04
2.12195058e+04
2.12207673e+04
2.12219796e+04
2.12231565e+04
2.12243234e+04
2.12254755e+04
2.12266294e+04
2.12277816e+04
2.12289179e+04
2.12300511e+04
2.12311914e+04
2.12323377e+04
2.12334955e+04
2.12346608e+04
2.12358538e+04
2.12370786e+04
2.12383233e+04
2.12396027e+04
2.12409275e+04
2.12422848e+04
2.12436910e+04
2.12451488e+04
2.12466320e+04
2.12481322e+04
2.12496683e+04
2.12512221e+04
2.12527814e+04
2.12543420e+04
2.12559071e+04
2.12574777e+04
2.12590660e+04
2.12606884e+04
2.12623388e+04
2.12640135e+04
2.12657201e+04
2.12674424e+04
2.12691869e+04
2.12709833e+04
2.12728180e+04
2.12747030e+04
2.12766228e+04
2.12785766e+04
2.12805646e+04
2.12825857e+04
2.12846113e+04
2.12866508e+04
2.12887067e+04
2.12907773e+04
2.12928443e+04
2.12949093e+04
2.12969789e+04
2.12990566e+04
2.13011187e+04
2.13031749e+04
2.13052225e+04
2.13072635e+04
2.13093061e+04
2.13113412e+04
2.13133728e+04
2.13154092e+04
2.13174447e+04
2.13194834e+04
2.13215264e+04
2.13235913e+04
2.13256624e+04
2.13277579e+04
2.13298803e+04
2.13320457e+04
2.13342596e+04
2.13365265e+04
2.13388310e+04
2.13411866e+04
2.13436066e+04
2.13460930e+04
2.13486586e+04
2.13513087e+04
2.13540446e+04
2.13568501e+04
2.13597200e+04
2.13626739e+04
2.13656727e+04
2.13687271e+04
2.13718287e+04
2.13749501e+04
2.13780904e+04
2.13812606e+04
2.13844472e+04
2.13876429e+04
2.13908558e+04
2.13940696e+04
2.13972741e+04
2.14004878e+04
2.14037106e+04
2.14069329e+04
2.14101716e+04
2.14134234e+04
2.14166897e+04
2.14199807e+04
2.14232986e+04
2.14266449e+04
2.14300077e+04
2.14333919e+04
2.14367878e+04
2.14401714e+04
2.14435373e+04
2.14469025e+04
2.14502510e+04
2.14535807e+04
2.14568776e+04
2.14601511e+04
2.14634119e+04
2.14666657e+04
2.14699187e+04
2.14731819e+04
2.14764615e+04
2.14797748e+04
2.14830981e+04
2.14864525e+04
2.14898254e+04
2.14932241e+04
2.14966709e+04
2.15001641e+04
2.15037027e+04
2.15072693e+04
2.15108590e+04
2.15144716e+04
2.15180929e+04
2.15217141e+04
2.15253253e+04
2.15289262e+04
2.15325168e+04
2.15361004e+04
2.15396792e+04
2.15432801e+04
2.15468997e+04
2.15505370e+04
2.15541942e+04
2.15578791e+04
2.15615974e+04
2.15653625e+04
2.15691564e+04
2.15729663e+04
2.15768158e+04
2.15806746e+04
2.15845497e+04
2.15884211e+04
2.15922787e+04
2.15961299e+04
2.15999810e+04
2.16038259e+04
2.16076691e+04
2.16114981e+04
2.16153015e+04
2.16190848e+04
2.16228339e+04
2.16265680e+04
2.16302981e+04
2.16340434e+04
2.16378184e+04
2.16416040e+04
2.16454104e+04
2.16492247e+04
2.16530713e+04
2.16569425e+04
2.16608468e+04
2.16647997e+04
2.16687962e+04
2.16728648e+04
2.16770103e+04
2.16812428e+04
2.16855727e+04
2.16899758e+04
2.16944636e+04
2.16990567e+04
2.17037529e+04
2.17085542e+04
2.17134602e+04
2.17184583e+04
2.17235150e+04
2.17286348e+04
2.17338142e+04
2.17390381e+04
2.17443072e+04
2.17496336e+04
2.17549880e+04
2.17603625e+04
2.17657424e+04
2.17711492e+04
2.17765663e+04
2.17819849e+04
2.17873713e+04
2.17927249e+04
2.17980645e+04
2.18033872e+04
2.18086801e+04
2.18139529e+04
2.18192114e+04
2.18244764e+04
2.18297270e+04
2.18349710e+04
2.18402122e+04
2.18454554e+04
2.18506884e+04
2.18558906e+04
2.18610828e+04
2.18662742e+04
2.18714453e+04
2.18766318e+04
2.18818389e+04
2.18870610e+04
2.18923057e+04
2.18975455e+04
2.19027831e+04
2.19079898e+04
2.19131655e+04
2.19183257e+04
2.19234773e+04
2.19286210e+04
2.19337483e+04
2.19388422e+04
2.19439150e+04
2.19489519e+04
2.19539503e+04
2.19589015e+04
2.19637941e+04
2.19686320e+04
2.19734158e+04
2.19781672e+04
2.19829191e+04
2.19876560e+04
2.19923835e+04
2.19971086e+04
2.20018378e+04
2.20065558e+04
2.20112799e+04
2.20159734e+04
2.20206397e+04
2.20253201e+04
2.20299983e+04
2.20346824e+04
2.20393714e+04
2.20440474e+04
2.20487599e+04
2.20534907e+04
2.20582371e+04
2.20630027e+04
2.20677660e+04
2.20725151e+04
2.20772664e+04
2.20820233e+04
2.20868073e+04
2.20916101e+04
2.20964511e+04
2.21013242e+04
2.21062448e+04
2.21112118e+04
2.21162189e+04
2.21212726e+04
2.21263601e+04
2.21315046e+04
2.21367041e+04
2.21419369e+04
2.21471981e+04
2.21524840e+04
2.21577889e+04
2.21631119e+04
2.21684345e+04
2.21737486e+04
2.21790742e+04
2.21843655e+04
2.21896453e+04
2.21949180e+04
2.22001883e+04
2.22054588e+04
2.22107392e+04
2.22160447e+04
2.22213607e+04
2.22266817e+04
2.22320089e+04
2.22373707e+04
2.22427688e+04
2.22481951e+04
2.22536484e+04
2.22591606e+04
2.22646952e+04
2.22702694e+04
2.22758822e+04
2.22815240e+04
2.22871835e+04
2.22928677e+04
2.22985537e+04
2.23042466e+04
2.23099396e+04
2.23156371e+04
2.23213359e+04
2.23270277e+04
2.23327077e+04
2.23383685e+04
2.23439942e+04
2.23495878e+04
2.23551305e+04
2.23606279e+04
2.23660590e+04
2.23714378e+04
2.23767516e+04
2.23819758e+04
2.23870805e+04
2.23920650e+04
2.23969213e+04
2.24016541e+04
2.24062723e+04
2.24107833e+04
2.24151791e+04
2.24195049e+04
2.24237320e+04
2.24278909e+04
2.24319638e+04
2.24359819e+04
2.24399589e+04
2.24439027e+04
2.24478804e+04
2.24519041e+04
2.24559565e+04
2.24600448e+04
2.24642086e+04
2.24684108e+04
2.24726634e+04
2.24769849e+04
2.24813660e+04
2.24857945e+04
2.24902526e+04
2.24947187e+04
2.24992263e+04
2.25037826e+04
2.25083745e+04
2.25129833e+04
2.25175948e+04
2.25221772e+04
2.25267544e+04
2.25313133e+04
2.25358635e+04
2.25403985e+04
2.25448783e+04
2.25492959e+04
2.25536676e+04
2.25579897e+04
2.25622318e+04
2.25664126e+04
2.25705443e+04
2.25746478e+04
2.25787298e+04
2.25827988e+04
2.25868303e+04
2.25908273e+04
2.25947877e+04
2.25986878e+04
2.26025410e+04
2.26063290e+04
2.26100731e+04
2.26137846e+04
2.26174656e+04
2.26211239e+04
2.26248043e+04
2.26284913e+04
2.26321936e+04
2.26359290e+04
2.26396565e+04
2.26433625e+04
2.26470598e+04
2.26507346e+04
2.26544267e+04
2.26580841e+04
2.26617020e+04
2.26652336e+04
2.26686734e+04
2.26720231e+04
2.26752723e+04
2.26783670e+04
2.26813588e+04
2.26842400e+04
2.26870011e+04
2.26896464e+04
2.26921539e+04
2.26945759e+04
2.26968781e+04
2.26990711e+04
2.27012134e+04
2.27033089e+04
2.27053711e+04
2.27074372e+04
2.27095399e+04
2.27116627e+04
2.27138425e+04
2.27160982e+04
2.27184248e+04
2.27208414e+04
2.27233451e+04
2.27259446e+04
2.27286571e+04
2.27314491e+04
2.27343808e+04
2.27374307e+04
2.27406271e+04
2.27439715e+04
2.27474480e+04
2.27510597e+04
2.27548256e+04
2.27587468e+04
2.27628432e+04
2.27670880e+04
2.27714989e+04
2.27760470e+04
2.27807335e+04
2.27855477e+04
2.27904865e+04
2.27955344e+04
2.28006560e+04
2.28058546e+04
2.28110963e+04
2.28163881e+04
2.28216857e+04
2.28269833e+04
2.28322682e+04
2.28375360e+04
2.28427658e+04
2.28479574e+04
2.28531114e+04
2.28582333e+04
2.28633279e+04
2.28684034e+04
2.28734491e+04
2.28784961e+04
2.28835648e+04
2.28886490e+04
2.28937793e+04
2.28989574e+04
2.29042042e+04
2.29095077e+04
2.29148696e+04
2.29202553e+04
2.29256695e+04
2.29310931e+04
2.29365495e+04
2.29420343e+04
2.29475506e+04
2.29530882e+04
2.29586231e+04
2.29641724e+04
2.29697178e+04
2.29752512e+04
2.29807798e+04
2.29863090e+04
2.29918238e+04
2.29973209e+04
2.30028187e+04
2.30083408e+04
2.30138727e+04
2.30194255e+04
2.30249788e+04
2.30305232e+04
2.30360363e+04
2.30415146e+04
2.30469458e+04
2.30523324e+04
2.30576773e+04
2.30629916e+04
2.30682784e+04
2.30735176e+04
2.30786916e+04
2.30837992e+04
2.30888206e+04
2.30937451e+04
2.30985697e+04
2.31033226e+04
2.31079633e+04
2.31125293e+04
2.31169888e+04
2.31214034e+04
2.31257914e+04
2.31301808e+04
2.31345379e+04
2.31388845e+04
2.31432037e+04
2.31475358e+04
2.31519136e+04
2.31563191e+04
2.31607577e+04
2.31652132e+04
2.31696933e+04
2.31742163e+04
2.31787564e+04
2.31832751e+04
2.31877854e+04
2.31922687e+04
2.31967351e+04
2.32012252e+04
2.32057345e+04
2.32102342e+04
2.32146938e+04
2.32191374e+04
2.32235735e+04
2.32279390e+04
2.32322423e+04
2.32364517e+04
2.32405880e+04
2.32446754e+04
2.32487192e+04
2.32526734e+04
2.32565120e+04
2.32602387e+04
2.32638447e+04
2.32673057e+04
2.32706789e+04
2.32739142e+04
2.32770607e+04
2.32801293e+04
2.32831377e+04
2.32861167e+04
2.32890911e+04
2.32920645e+04
2.32950717e+04
2.32980987e+04
2.33011621e+04
2.33042994e+04
2.33074975e+04
2.33107726e+04
2.33141274e+04
2.33175059e+04
2.33209149e+04
2.33243502e+04
2.33277130e+04
2.33310283e+04
2.33343044e+04
2.33375336e+04
2.33407370e+04
2.33438849e+04
2.33470260e+04
2.33501612e+04
2.33533345e+04
2.33565490e+04
2.33598436e+04
2.33632210e+04
2.33666713e+04
2.33702332e+04
2.33738987e+04
2.33776870e+04
2.33816138e+04
2.33856764e+04
2.33898534e+04
2.33941533e+04
2.33984916e+04
2.34028501e+04
2.34071821e+04
2.34115019e+04
2.34158185e+04
2.34200654e+04
2.34242447e+04
2.34283931e+04
2.34325047e+04
2.34365989e+04
2.34406920e+04
2.34447949e+04
2.34489670e+04
2.34531280e+04
2.34573320e+04
2.34615914e+04
2.34658989e+04
2.34702741e+04
2.34747343e+04
2.34792705e+04
2.34838508e+04
2.34884807e+04
2.34931271e+04
2.34977505e+04
2.35023119e+04
2.35067925e+04
2.35112285e+04
2.35155476e+04
2.35197206e+04
2.35238033e+04
2.35277988e+04
2.35316743e+04
2.35353975e+04
2.35390421e+04
2.35426191e+04
2.35461600e+04
2.35497341e+04
2.35533150e+04
2.35568931e+04
2.35605482e+04
2.35642761e+04
2.35680442e+04
2.35718940e+04
2.35758270e+04
2.35798485e+04
2.35839894e+04
2.35882480e+04
2.35925713e+04
2.35969187e+04
2.36012494e+04
2.36055768e+04
2.36098439e+04
2.36140281e+04
2.36181484e+04
2.36222129e+04
2.36261726e+04
2.36300118e+04
2.36337805e+04
2.36374495e+04
2.36410757e+04
2.36447108e+04
2.36483153e+04
2.36519200e+04
2.36555061e+04
2.36590685e+04
2.36626501e+04
2.36663185e+04
2.36700240e+04
2.36737344e+04
2.36773640e+04
2.36809847e+04
2.36845284e+04
2.36880113e+04
2.36914423e+04
2.36947167e+04
2.36978689e+04
2.37008636e+04
2.37037523e+04
2.37064493e+04
2.37089938e+04
2.37113822e+04
2.37136604e+04
2.37157425e+04
2.37176633e+04
2.37194899e+04
2.37211919e+04
2.37227491e+04
2.37241443e+04
2.37254321e+04
2.37266046e+04
2.37276526e+04
2.37285429e+04
2.37293563e+04
2.37301146e+04
2.37308145e+04
2.37314645e+04
2.37321444e+04
2.37328742e+04
2.37336931e+04
2.37345727e+04
2.37355154e+04
2.37365514e+04
2.37376849e+04
2.37388616e+04
2.37400266e+04
2.37412419e+04
2.37424778e+04
2.37438065e+04
2.37452142e+04
2.37467338e+04
2.37484030e+04
2.37502073e+04
2.37521015e+04
2.37541544e+04
2.37564040e+04
2.37588475e+04
2.37614306e+04
2.37641704e+04
2.37670329e+04
2.37700713e+04
2.37732812e+04
2.37766687e+04
2.37802246e+04
2.37839526e+04
2.37879127e+04
2.37920417e+04
2.37963445e+04
2.38007947e+04
2.38053735e+04
2.38100334e+04
2.38147378e+04
2.38194813e+04
2.38243372e+04
2.38292439e+04
2.38342608e+04
2.38394206e+04
2.38446738e+04
2.38499999e+04
2.38554441e+04
2.38609661e+04
2.38665789e+04
2.38722568e+04
2.38780588e+04
2.38840415e+04
2.38899113e+04
2.38957315e+04
2.39015647e+04
2.39073196e+04
2.39129328e+04
2.39184137e+04
2.39237239e+04
2.39288413e+04
2.39337874e+04
2.39384872e+04
2.39430236e+04
2.39474287e+04
2.39516483e+04
2.39557774e+04
2.39598697e+04
2.39638884e+04
2.39679457e+04
2.39720959e+04
2.39764428e+04
2.39810042e+04
2.39857014e+04
2.39905933e+04
2.39956072e+04
2.40008474e+04
2.40063713e+04
2.40120566e+04
2.40179778e+04
2.40239393e+04
2.40298792e+04
2.40357537e+04
2.40416219e+04
2.40475644e+04
2.40536430e+04
2.40600329e+04
2.40666416e+04
2.40734359e+04
2.40804421e+04
2.40874880e+04
2.40945189e+04
2.41016600e+04
2.41089420e+04
2.41163259e+04
2.41239129e+04
2.41318580e+04
2.41400328e+04
2.41483441e+04
2.41568638e+04
2.41655453e+04
2.41742965e+04
2.41830952e+04
2.41920516e+04
2.42010828e+04
2.42101821e+04
2.42194065e+04
2.42286934e+04
2.42378342e+04
2.42468941e+04
2.42559583e+04
2.42649517e+04
2.42738281e+04
2.42824294e+04
2.42909764e+04
2.42996267e+04
2.43083340e+04
2.43170702e+04
2.43259829e+04
2.43348768e+04
2.43438373e+04
2.43528788e+04
2.43619720e+04
2.43712687e+04
2.43807130e+04
2.43902684e+04
2.43997575e+04
2.44091909e+04
2.44184904e+04
2.44277439e+04
2.44367673e+04
2.44457285e+04
2.44546151e+04
2.44634010e+04
2.44721224e+04
2.44807081e+04
2.44889906e+04
2.44970495e+04
2.45048287e+04
2.45122339e+04
2.45192657e+04
2.45260868e+04
2.45327845e+04
2.45393748e+04
2.45460014e+04
2.45524425e+04
2.45589924e+04
2.45653583e+04
2.45717760e+04
2.45780419e+04
2.45843368e+04
2.45906468e+04
2.45967849e+04
2.46028314e+04
2.46086788e+04
2.46140984e+04
2.46189708e+04
2.46232823e+04
2.46270134e+04
2.46304088e+04
2.46333671e+04
2.46358886e+04
2.46380260e+04
2.46400938e+04
2.46417294e+04
2.46429760e+04
2.46437382e+04
2.46438711e+04
2.46433118e+04
2.46424047e+04
2.46411951e+04
2.46398573e+04
2.46382040e+04
2.46358918e+04
2.46332072e+04
2.46302073e+04
2.46272020e+04
2.46243530e+04
2.46210333e+04
2.46174143e+04
2.46134389e+04
2.46092940e+04
2.46051688e+04
2.46011382e+04
2.45971220e+04
2.45932115e+04
2.45901779e+04
2.45873762e+04
2.45845909e+04
2.45815257e+04
2.45789328e+04
2.45754670e+04
2.45714596e+04
2.45666415e+04
2.45612776e+04
2.45556657e+04
2.45517850e+04
2.45488350e+04
2.45474787e+04
2.45472359e+04
2.45468575e+04
2.45468652e+04
2.45453655e+04
2.45420047e+04
2.45407036e+04
2.45387156e+04
2.45337076e+04
2.45250686e+04
2.45185285e+04
2.45100514e+04
