,com (y),com (x),end_1 (y),end_1 (x),end_2 (y),end_2 (x),ee-distance,gyr_distance,length,time,T,length_ref
0,-0.119,44.761,1.649,42.789,3.145,43.707,1.755203691883082,2.661524172237214,16.71793919416071,0.0,30,33.762
1,-0.289,46.325,-3.5530000000000004,45.883,3.5530000000000004,44.217000000000006,7.298684264989136,2.570273691635421,10.801072395650248,2.0,30,33.762
2,-0.527,44.387,-0.323,42.041,2.907,43.673,3.618884358472926,2.1705038212014864,14.98149933885699,4.0,30,33.762
3,-1.003,44.285,-1.887,44.659000000000006,-1.785,41.73500000000001,2.925778528870564,1.303334306704673,6.181158128312317,6.0,30,33.762
4,-0.051,43.809000000000005,0.391,47.141000000000005,-0.085,38.471,8.683056835009202,3.234396177333376,9.33644921435888,8.0,30,33.762
5,-0.799,45.169,-0.5950000000000001,46.495000000000005,0.935,41.599,5.129494711957504,1.6615977251469287,8.215040618035596,10.0,30,33.762
6,-0.187,46.393,1.241,47.753,-0.6970000000000001,38.165000000000006,9.781901042231004,3.6567804478357786,15.02932758841174,12.0,30,33.762
7,-0.629,43.29900000000001,1.139,48.637,2.7030000000000003,44.115,4.784828105585404,3.3438894806632518,17.050840984190096,14.0,30,33.762
8,0.5950000000000001,43.673,-2.567,43.129000000000005,3.043,46.257000000000005,6.423121048213244,2.955152305875964,8.48735994718125,16.0,30,33.762
9,1.105,43.673,-2.431,42.109,0.663,46.325,5.229482957233918,2.2690466933611866,11.213197852562852,18.0,30,33.762
10,-0.187,44.86300000000001,-1.989,41.837,1.853,48.331,7.54539594719853,2.165142835233556,8.416910892415805,20.0,30,33.762
11,-0.799,45.815000000000005,-0.765,41.803,-0.119,46.359,4.601570601435992,1.69920419698956,9.2476942093632,22.0,30,33.762
12,1.751,45.169,-1.207,45.169,0.7310000000000001,46.257000000000005,2.2225183913749738,1.422226145331891,5.964290901831942,24.0,30,33.762
13,0.935,44.353,-3.281,46.495000000000005,0.663,42.211000000000006,5.823039756003732,2.8470705442729223,13.30421989812193,26.0,30,33.762
14,-0.5950000000000001,45.509,-0.527,47.99100000000001,0.153,45.475,2.606272433956205,2.733355473610607,10.030472543554955,28.0,30,33.762
15,-0.255,45.135000000000005,-1.649,42.755,1.003,47.685,5.598035726931368,2.8609710101775296,8.0063339031466,30.0,30,33.762
16,0.8670000000000001,43.877,-3.825,44.115,1.377,41.871,5.665363183415518,2.2544393285676305,7.339670222565686,32.0,30,33.762
17,-1.921,44.829,-2.975,43.027,-2.023,42.857000000000006,0.9670594604262968,1.9278952237247893,1.8190698228696924,34.0,30,33.762
18,-0.323,44.727,-3.689,44.897000000000006,-2.499,46.563,2.047353413556145,3.0219355589684995,18.360432391977305,36.0,30,33.762
19,0.153,44.455000000000005,-0.187,40.851000000000006,-1.3430000000000002,44.523,3.84966492048334,1.9719202121920192,6.985476843371146,38.0,30,33.762
20,0.561,45.373000000000005,-0.663,38.811,1.377,48.501000000000005,9.902408797863275,3.202032753198542,10.450976362350213,40.0,30,33.762
21,0.8330000000000001,42.857000000000006,0.187,39.117,2.873,43.469,5.11414704520705,2.484566691939304,12.660236504566456,42.0,30,33.762
22,-0.017,40.273,-0.901,37.485,-0.425,40.715,3.264885296606912,4.214591910265264,6.568279578998313,44.0,30,33.762
23,0.068,40.171,,,,,3.264885296606912,3.732166734088187,,46.0,30,33.762
24,-0.221,43.843,-0.323,40.647000000000006,0.391,45.815000000000005,5.217089226762371,1.5936953147272994,9.141982659074571,48.0,30,33.762
25,-0.357,44.727,-0.221,36.941,0.493,47.855,10.93733020439632,3.817120717989825,17.841835813809762,50.0,30,33.762
26,1.003,43.537000000000006,-0.935,41.293000000000006,2.1590000000000003,44.251000000000005,4.280490626084819,1.5064881875188103,6.837611449260081,52.0,30,33.762
27,0.391,44.897000000000006,,,,,4.280490626084819,2.201882224587042,,54.0,30,33.762
28,-0.935,45.475,1.173,41.531000000000006,1.411,41.633,0.2589362855993729,2.258907267726998,0.3751538332056868,56.0,30,33.762
29,-1.3430000000000002,44.149,-2.4650000000000003,47.719,-1.5810000000000002,41.565000000000005,6.217167522272503,2.523710385487759,9.482716877037564,58.0,30,33.762
30,-0.425,43.163,-3.2470000000000003,44.149,-0.6970000000000001,40.953,4.088632534234399,1.8011788387892873,7.757893863046532,60.0,30,33.762
31,-0.765,46.019000000000005,1.955,48.263000000000005,0.017,47.277,2.1744056659234494,1.5949762314864009,6.294955312858485,62.0,30,33.762
32,-2.091,44.727,-0.8670000000000001,45.917,-0.765,45.339000000000006,0.5869310010554903,2.117425830447101,0.6195880132360582,64.0,30,33.762
33,1.173,44.319,0.6970000000000001,48.909000000000006,-2.499,43.027,6.694201968868284,2.83873291014432,13.035717334767492,66.0,30,33.762
34,-0.527,45.067,1.411,46.529,-0.255,41.769000000000005,5.043129583899268,1.8392290302236591,7.245869154063929,68.0,30,33.762
35,0.663,45.509,,,,,5.043129583899268,3.1072502294900364,,70.0,30,33.762
36,-1.003,43.469,3.5530000000000004,44.353,-0.425,44.591,3.985113298263928,2.5578667031990183,9.278009670158918,72.0,30,33.762
37,-0.561,42.381,1.105,42.415000000000006,-0.765,43.163,2.0140516378683047,1.857247825620576,5.9375717678691045,74.0,30,33.762
38,-0.493,43.741,-1.513,47.277,-1.0710000000000002,43.027,4.2729221851093895,2.4849110814411643,13.50156930276586,76.0,30,33.762
39,-0.085,45.033,-2.2270000000000003,46.393,-2.023,43.231,3.16857381166985,1.813349509142596,8.858378536445924,78.0,30,33.762
40,0.8670000000000001,45.101000000000006,0.119,48.467000000000006,0.221,48.43300000000001,0.1075174404457249,2.0563452203870844,0.1439186575476046,80.0,30,33.762
41,0.7310000000000001,43.673,-0.901,42.313,2.8390000000000004,44.42100000000001,4.293164800004771,2.301499769151911,5.040921720919425,82.0,30,33.762
42,2.1590000000000003,44.353,0.527,44.727,2.975,45.543000000000006,2.5804185706973977,1.16097082733867,5.012287560124004,84.0,30,33.762
43,-0.901,45.611,-0.221,40.409000000000006,0.323,48.637,8.245963861186878,2.8305721545036984,11.513627806155045,86.0,30,33.762
44,-0.8670000000000001,43.979000000000006,-1.241,41.73500000000001,2.873,42.789,4.246870848048007,1.230406194387659,7.3260263549385565,88.0,30,33.762
45,0.765,44.693000000000005,-3.3830000000000005,43.129000000000005,-0.663,46.529,4.354124481454337,2.865420657551377,11.33908523214807,90.0,30,33.762
46,-0.391,43.367,-3.791,45.815000000000005,3.1790000000000003,43.163,7.457479735138407,2.201136778951463,9.994194420377188,92.0,30,33.762
47,0.459,43.503,-4.029,44.591,-0.289,43.027,4.053849528534576,2.1227369474982987,9.305718684141134,94.0,30,33.762
48,1.173,44.489,-1.5810000000000002,44.455000000000005,-1.513,44.625,0.1830956034425731,2.7669378426801874,0.2178818261263842,96.0,30,33.762
49,-0.357,45.781000000000006,-1.207,47.821000000000005,1.5810000000000002,44.727,4.164826526999654,1.1485644764462757,4.974938264297563,98.0,30,33.762
50,-0.255,44.591,-2.873,47.821000000000005,0.391,46.665000000000006,3.4626625593609326,2.701047299671281,16.62120515088258,100.0,30,33.762
51,0.323,44.795,-3.3830000000000005,46.86900000000001,0.051,44.387,4.237060301671431,2.252286467866229,6.112009405848506,102.0,30,33.762
52,1.037,45.339000000000006,-3.1790000000000003,47.345000000000006,0.765,43.231,5.699134320227942,3.48749800831332,15.174102825944214,104.0,30,33.762
53,0.085,45.509,-3.0770000000000004,46.971,-0.8330000000000001,43.537000000000006,4.102181370929374,1.5738686018416377,9.089709251991623,106.0,30,33.762
54,0.969,45.135000000000005,-3.723,46.529,1.785,43.095000000000006,6.490795020642695,2.61455099841561,9.15257013706489,108.0,30,33.762
55,0.663,44.523,-0.391,48.909000000000006,3.145,43.673,6.3181478298628,2.4481282305939547,8.689187485478564,110.0,30,33.762
56,-0.5950000000000001,44.251000000000005,0.527,48.67100000000001,3.519,45.305,4.503556372468319,2.893345113974962,13.145018413078084,112.0,30,33.762
57,0.323,46.019000000000005,-3.111,46.189,-1.003,44.931,2.4548376728411188,1.6901552993183655,10.359484272400072,114.0,30,33.762
58,0.357,45.067,-2.669,42.449000000000005,0.085,45.679,4.244692686167045,2.1268005833067303,12.324537255291956,116.0,30,33.762
59,-0.221,45.101000000000006,-2.975,44.727,-1.649,45.98500000000001,1.8277964875773236,2.0359824562724005,11.869366070545848,118.0,30,33.762
60,0.7310000000000001,44.931,-1.853,45.305,0.5950000000000001,47.685,3.4142501372922283,1.505547063661081,6.651233886423215,120.0,30,33.762
61,-0.051,43.401,0.561,40.817,1.5470000000000002,45.067,4.362877032417944,1.54854899376122,7.080618123259635,122.0,30,33.762
62,-0.935,44.013000000000005,1.819,43.265,0.017,47.073,4.212845594132308,2.405511910936644,14.783065333815218,124.0,30,33.762
63,0.391,42.721,-3.145,42.993,1.445,43.673,4.640096981745102,3.2883407119690067,6.601719745535666,126.0,30,33.762
64,0.153,45.917,0.255,48.059000000000005,2.125,44.965,3.615208984277396,2.001612084632187,7.604541013358355,128.0,30,33.762
65,-0.459,44.455000000000005,-0.8670000000000001,48.569,1.445,42.721,6.2884376438031095,1.9854957123178043,8.598146148415974,130.0,30,33.762
66,-1.3090000000000002,44.217000000000006,-2.2950000000000004,46.495000000000005,-3.0770000000000004,43.945,2.667212777413906,1.4676782301441442,8.891106713268057,132.0,30,33.762
67,-0.901,43.401,-1.3430000000000002,41.905,-0.119,42.381,1.3132981382763018,2.049262074338075,3.5203115681035944,134.0,30,33.762
68,0.051,44.795,-2.363,48.229000000000006,0.119,41.259,7.398731242584772,2.738865439237066,12.90323624671295,136.0,30,33.762
69,-1.513,44.081,-3.111,47.515,0.425,44.761,4.48194288227773,2.4735525509900023,14.771345715115755,138.0,30,33.762
70,-1.377,45.135000000000005,-3.519,44.183,2.5330000000000004,42.823,6.202927050997779,2.5002406370674093,11.89315344005131,140.0,30,33.762
71,-0.765,45.628,-0.6970000000000001,46.937000000000005,1.003,48.229000000000006,2.1352433116626317,2.563280401948204,17.510927233833392,142.0,30,33.762
72,-0.017,45.135000000000005,-3.1790000000000003,43.945,1.717,48.603,6.7577940187608565,2.3514548257395327,7.604096105122176,144.0,30,33.762
73,-1.751,44.591,-3.587,45.577000000000005,-1.683,45.101000000000006,1.9625982777940063,2.5499145226435247,5.521314643975452,146.0,30,33.762
74,-0.935,44.217000000000006,-1.0710000000000002,41.361,2.4650000000000003,47.413,7.009279563550024,2.4793951729689137,10.720527839944683,148.0,30,33.762
75,-1.139,43.843,-0.8670000000000001,47.787000000000006,1.479,43.469,4.914146924950455,2.797255516604705,13.624861232148987,150.0,30,33.762
76,-0.7310000000000001,45.849,-1.785,45.169,3.0770000000000004,45.101000000000006,4.862475501223631,2.76329163031349,5.837027031944443,152.0,30,33.762
77,-1.3090000000000002,46.937000000000005,-3.723,46.631,3.2470000000000003,46.291,6.978287755603089,3.3900564905938007,8.82017991586312,154.0,30,33.762
78,-0.901,46.665000000000006,-3.655,46.189,0.935,44.319,4.9563091106185055,3.455365309797879,12.049798173910371,156.0,30,33.762
79,-1.003,45.067,-1.683,42.789,1.207,45.067,3.679861953932512,2.0703906215264305,10.97168550050479,158.0,30,33.762
80,-0.357,44.999,0.153,42.857000000000006,2.193,46.937000000000005,4.561578674099571,3.2548166000531977,23.290973370125958,160.0,30,33.762
81,-0.323,44.999,-2.669,46.291,1.173,42.177,5.629028335334616,1.972320691339649,9.391317047559196,162.0,30,33.762
82,-0.085,45.135000000000005,-0.085,43.027,3.349,44.319,3.669008040329157,2.02544793762986,12.459182684202965,164.0,30,33.762
83,-0.986,44.829,-2.499,44.047,0.153,41.803,3.473994818648986,1.3234535779492682,7.692879870437032,166.0,30,33.762
84,-0.799,43.809000000000005,0.425,44.081,3.4170000000000003,43.877,2.998946481683193,2.226762351822517,11.133600202744312,168.0,30,33.762
85,-0.323,45.135000000000005,-2.669,45.98500000000001,2.329,42.177,6.283380300443386,2.617985402986032,8.112415517873952,170.0,30,33.762
86,-0.391,45.509,0.187,47.583000000000006,0.527,47.481,0.3549704213029587,2.149285199184624,12.057303075875,172.0,30,33.762
87,-1.173,43.639,-0.187,42.245000000000005,2.2950000000000004,47.073,5.428619345653184,2.6781049400540144,12.736449162642456,174.0,30,33.762
88,0.323,44.30200000000001,-2.363,45.781000000000006,1.3090000000000002,48.807,4.758178222807549,2.4623936745209227,14.162911569923727,176.0,30,33.762
89,-2.125,45.407,-1.411,42.925,1.173,46.597,4.490060133227616,2.6725419177242045,13.872027496119976,178.0,30,33.762
90,-0.153,45.509,-3.689,43.775000000000006,3.043,43.469,6.738950956936844,3.3371323811701785,24.98804176242565,180.0,30,33.762
91,0.357,44.387,,,,,6.738950956936844,1.4242898275962317,,182.0,30,33.762
92,-2.397,45.135000000000005,,,,,6.738950956936844,1.7840011171144836,,184.0,30,33.762
93,0.969,44.557,-3.213,44.693000000000005,2.5330000000000004,42.517,6.144224279760628,2.5507571436000114,15.449653867754138,186.0,30,33.762
94,0.629,44.353,-2.1590000000000003,43.027,0.323,47.447,5.069193624236502,2.561632058087268,12.967145129330287,188.0,30,33.762
95,0.629,44.86300000000001,-2.023,42.075,-2.737,47.54900000000001,5.520368828257764,3.417993041624367,15.940059071554392,190.0,30,33.762
96,0.255,44.625,-2.601,42.483,1.717,48.331,7.269403551874116,3.0709038205045927,10.84003054995146,192.0,30,33.762
97,-0.051,44.761,-0.357,48.807,0.663,49.011,1.0401999807729283,3.0057090908841264,,194.0,30,33.762
98,-1.003,44.557,-2.907,43.877,2.9410000000000003,47.141000000000005,6.697223305221352,3.181419085063484,22.256913664894903,196.0,30,33.762
99,-0.425,46.019000000000005,0.357,45.849,0.425,45.713,0.1520526224699857,1.843536978773484,0.1640699415872338,198.0,30,33.762
100,-1.5810000000000002,45.033,-0.935,44.217000000000006,2.5330000000000004,47.889,5.050802708481099,2.7024026619165094,12.605743534603617,200.0,30,33.762
101,-0.7310000000000001,46.359,-0.289,42.109,1.241,48.43300000000001,6.506448800997362,3.168051177509067,15.528302438538738,202.0,30,33.762
102,-0.629,45.407,0.459,43.435,-0.289,47.345000000000006,3.980904922250719,1.021436636569216,5.5811961348002646,204.0,30,33.762
103,-1.139,45.951,-2.5330000000000004,43.707,-1.5810000000000002,48.569,4.954326190310848,1.8903834938272064,7.150876734202703,206.0,30,33.762
104,1.3090000000000002,45.679,-2.193,47.855,3.4170000000000003,44.829,6.374070598918716,2.54045905685881,8.300960811598191,208.0,30,33.762
105,-1.3090000000000002,44.795,0.153,47.311,0.425,47.175,0.3041052449399714,2.116301936192561,12.41762781504616,210.0,30,33.762
106,-0.289,45.98500000000001,-2.8390000000000004,46.257000000000005,-1.037,44.387,2.5969412777342504,2.0730276799658904,7.461125895786592,212.0,30,33.762
107,-0.663,45.339000000000006,1.411,48.399,2.023,43.401,5.0353299792565736,3.127481717660015,13.35542781964436,214.0,30,33.762
108,-0.221,47.175,2.873,47.481,0.663,41.497,6.379056043020786,2.89557696784922,16.93005913195301,216.0,30,33.762
109,-0.561,42.585,,,,,6.379056043020786,2.8933101861789896,,218.0,30,33.762
110,-0.391,41.701,1.649,48.365,0.391,39.117,9.33317030810003,3.142174964794828,11.800755262837992,220.0,30,33.762
111,-0.459,40.885000000000005,-0.7310000000000001,37.553,-0.527,37.621,0.2150348808914498,4.097395696647291,0.831143308901943,222.0,30,33.762
112,0.255,41.82,0.051,49.181,2.193,42.109,7.389272494637074,4.268423687244527,8.157920844961524,224.0,30,33.762
113,0.391,41.633,0.901,43.29900000000001,-0.7310000000000001,38.811,4.775517563573608,3.696250251905456,5.307699099226084,226.0,30,33.762
114,0.765,43.231,,,,,4.775517563573608,1.424738099701666,,228.0,30,33.762
115,0.8330000000000001,45.203,-2.397,47.447,2.8390000000000004,42.585,7.145259967279008,2.085975463458986,10.81840337700599,230.0,30,33.762
116,0.119,44.353,-1.139,48.67100000000001,3.519,44.013000000000005,6.5874067735338775,2.753384597250287,13.663762001192516,232.0,30,33.762
117,-0.459,44.965,,,,,6.5874067735338775,2.173717204629179,,234.0,30,33.762
118,-0.7310000000000001,46.529,-2.329,47.481,1.785,47.039,4.137675676028754,2.792410999336812,5.557056487926993,236.0,30,33.762
119,-0.493,43.129000000000005,-2.975,42.721,-1.0710000000000002,42.279,1.9546303998454544,1.3751526209612408,2.892961068411352,238.0,30,33.762
120,0.085,46.121,-2.7710000000000004,42.483,2.023,47.209,6.731828280638181,2.26278726664448,7.967434872147993,240.0,30,33.762
121,0.901,45.101000000000006,-2.805,45.305,-0.8330000000000001,46.971,2.581538301091037,2.3910303843016325,13.140668019675768,242.0,30,33.762
122,-0.391,45.509,-1.5470000000000002,42.585,0.425,48.161,5.914436575025554,2.0948180524605746,10.468527125244268,244.0,30,33.762
123,0.629,46.563,-1.3090000000000002,42.177,-1.139,42.313,0.2177062240727168,3.021223036560176,0.8323625642536538,246.0,30,33.762
124,-0.153,44.149,-1.241,47.719,-0.391,41.871,5.909450397456603,3.518573792248379,10.129507434554654,248.0,30,33.762
125,0.561,43.979000000000006,-1.785,44.965,0.969,43.367,3.1840414570165385,2.6010566827720902,5.454078749643559,250.0,30,33.762
126,-1.241,45.305,-2.023,44.455000000000005,2.635,42.415000000000006,5.085131660045785,2.311047479652043,8.690963533187881,252.0,30,33.762
127,0.969,45.543000000000006,-3.519,45.203,1.003,41.531000000000006,5.825123861344067,2.9407310352900025,14.724494438418253,254.0,30,33.762
128,-0.357,43.707,-2.193,42.755,-2.1590000000000003,43.537000000000006,0.7827387814590511,1.2765067244661203,1.019286731287532,256.0,30,33.762
129,1.207,45.883,-2.1590000000000003,46.325,1.479,43.673,4.502015992863642,1.584875064673351,7.819386495479523,258.0,30,33.762
130,-0.765,47.345000000000006,-2.601,48.093,3.587,45.815000000000005,6.593984228067277,2.079271784387822,7.359322879707838,260.0,30,33.762
131,-1.037,47.413,-2.329,48.365,3.1790000000000003,46.155,5.934826366457574,2.41255074121468,7.293864900735012,262.0,30,33.762
132,-1.037,47.107000000000006,-2.499,43.639,2.329,46.189,5.460044322164428,2.501028427869159,11.29783218746537,264.0,30,33.762
133,-1.411,47.107000000000006,0.119,45.135000000000005,2.125,46.733,2.5646910145278707,2.3398798777130554,14.297344209372683,266.0,30,33.762
134,-1.207,46.155,0.425,45.475,1.955,46.835,2.04707107839469,2.4872923718344806,15.560625976754896,268.0,30,33.762
135,-0.561,46.563,-2.7030000000000003,43.401,2.261,45.441,5.366832958086174,2.9827120367437088,12.000384237335718,270.0,30,33.762
136,-0.357,45.441,-2.737,43.571000000000005,0.357,45.475,3.632912330348753,2.918341205495733,10.553113894930984,272.0,30,33.762
137,1.717,44.353,-0.663,49.079,-0.5950000000000001,41.191,7.888293098002888,2.8955507595230348,13.432891455954929,274.0,30,33.762
138,0.8330000000000001,45.203,-3.2470000000000003,43.265,3.723,45.271,7.252926030230834,2.1777881478657486,10.48362323256644,276.0,30,33.762
139,0.085,44.455000000000005,-2.397,45.475,1.513,45.679,3.9153181224518656,1.1862619110242736,5.64938514521752,278.0,30,33.762
140,-0.935,44.013000000000005,1.139,47.005,1.5470000000000002,42.755,4.269539085194092,3.018618554405621,16.09131781255799,280.0,30,33.762
141,-0.901,45.917,-0.765,43.639,3.0770000000000004,46.801,4.9758625382942405,1.974281674607768,9.87350597877732,282.0,30,33.762
142,1.139,44.353,-0.153,49.045,2.499,44.829,4.980738901006557,2.169453999816745,5.611125979665171,284.0,30,33.762
143,0.119,45.407,-1.037,48.569,2.635,42.993,6.676478113496667,2.512999805996564,9.71276226826427,286.0,30,33.762
144,-0.663,44.659000000000006,-0.629,48.43300000000001,-0.187,42.143,6.305510605811397,2.049991188524612,8.492097726384632,288.0,30,33.762
145,-0.459,46.597,-3.4850000000000003,44.659000000000006,0.765,44.625,4.25013599782407,1.860067989326985,8.15728044440142,290.0,30,33.762
146,-0.765,45.713,0.935,41.429,2.601,47.583000000000006,6.3755213120183365,2.715155746936504,13.139137552970254,292.0,30,33.762
147,0.289,42.551,-1.853,43.061,1.989,44.659000000000006,4.161077745007897,1.59189768240411,6.574548555635449,294.0,30,33.762
148,1.241,44.897000000000006,0.051,41.225,1.377,45.917,4.875770708308585,2.2834809808710914,5.660754839686232,296.0,30,33.762
149,-0.119,41.548,0.629,38.165000000000006,-0.017,45.645,7.507843631829315,3.3864289914154213,10.06621608311532,298.0,30,33.762
150,0.051,42.772000000000006,-0.8670000000000001,37.621,0.629,41.939,4.569807435767945,4.239922945615852,5.328798619663796,300.0,30,33.762
151,0.289,42.857000000000006,0.017,37.349,-0.187,47.175,9.828117418915996,2.897523707662342,11.65670702785582,302.0,30,33.762
152,0.221,40.545,0.7310000000000001,39.083000000000006,-0.969,42.279,3.620002209944077,1.907128552113285,5.036848916143527,304.0,30,33.762
153,0.017,40.579,0.255,43.639,-2.5330000000000004,47.277,4.583447174343783,2.818934899523755,5.816000654417373,306.0,30,33.762
154,-0.493,41.089000000000006,0.119,40.069,-1.853,45.781000000000006,6.042824505146579,2.589832526177423,11.209695201961958,308.0,30,33.762
155,-0.8670000000000001,43.18,-0.629,41.225,1.5470000000000002,45.407,4.714244372113097,3.296472711426313,10.342789824660532,310.0,30,33.762
156,-0.5950000000000001,43.503,-0.425,40.545,0.289,43.095000000000006,2.6480740170924224,2.3156372702072217,13.76753091943604,312.0,30,33.762
157,0.323,45.475,2.329,42.245000000000005,-0.289,45.883,4.482071842351481,1.8491356538668091,5.241381862906893,314.0,30,33.762
158,-0.051,44.353,2.329,44.353,-0.527,46.529,3.5905030288247914,2.251739265750014,11.11513197449645,316.0,30,33.762
159,0.6970000000000001,44.591,-0.051,41.259,-1.003,45.645,4.488128786030989,1.699439616749283,6.973257048436116,318.0,30,33.762
160,0.969,45.135000000000005,0.663,41.225,-3.791,44.829,5.729479208444691,2.118018185715845,9.714146276668924,320.0,30,33.762
161,0.187,42.211000000000006,-0.153,37.009,0.663,44.86300000000001,7.896275831048458,2.6593653025770903,11.676668437402132,322.0,30,33.762
162,0.493,42.551,-0.357,35.683,-0.493,48.773,13.090706474442088,4.323227743125795,18.15936156926056,324.0,30,33.762
163,-0.051,40.579,0.017,37.859,-0.221,42.109,4.256658783600114,3.3351754757100216,6.565984299253788,326.0,30,33.762
164,-0.051,39.627,-0.901,36.091,-0.663,36.669,0.625082394568908,2.9182257355981567,11.46339452060172,328.0,30,33.762
165,0.221,41.327000000000005,-0.221,37.383,0.255,43.095000000000006,5.731799019505133,1.985586860005132,9.502042005018012,330.0,30,33.762
166,-0.391,43.129000000000005,-3.587,43.707,1.683,48.093,6.856376302391812,2.487462644718116,10.37008353366756,332.0,30,33.762
167,-0.6970000000000001,44.183,-0.289,41.803,3.145,44.285,4.237060301671431,2.3477780010298908,10.182249808079836,334.0,30,33.762
168,-0.119,44.829,-2.5330000000000004,47.583000000000006,1.411,43.435,5.723726059133159,2.676324939233991,10.48451975232902,336.0,30,33.762
169,0.799,46.631,,,,,5.723726059133159,2.6055007632977025,,338.0,30,33.762
170,0.085,43.945,-2.975,42.891000000000005,-1.173,47.481,4.931055059518196,2.824314131030654,14.483213865771512,340.0,30,33.762
171,-0.289,44.42100000000001,-3.689,44.387,-2.5330000000000004,43.673,1.35872440178279,3.2193320482394534,22.78534801934904,342.0,30,33.762
172,1.6150000000000002,45.067,0.629,41.73500000000001,2.805,46.529,5.264732851721918,2.490353025931424,6.825282074372072,344.0,30,33.762
173,0.663,44.285,-0.799,42.551,-0.561,45.815000000000005,3.2726655802266142,1.2809842422315785,5.908216333389758,346.0,30,33.762
174,0.425,47.107000000000006,0.289,43.945,-1.173,48.195,4.494434780926296,2.1754836626981757,8.968133091418615,348.0,30,33.762
175,-0.153,44.86300000000001,-1.0710000000000002,44.489,-1.275,44.761,0.34,1.6381152594712711,9.013211055775988,350.0,30,33.762
176,0.663,45.577000000000005,-3.723,46.563,3.587,45.339000000000006,7.411766051353753,2.399545416501061,7.974160369458393,352.0,30,33.762
177,0.527,45.339000000000006,-1.241,43.095000000000006,0.7310000000000001,43.877,2.121392938613684,2.1451095391923074,9.48648597000554,354.0,30,33.762
178,-0.323,44.285,-0.323,48.637,2.567,47.379000000000005,3.1519302022728866,2.635752460018712,14.248111557726643,356.0,30,33.762
179,-0.8670000000000001,44.744,-0.459,48.977,2.873,46.733,4.017183092665805,3.085519311035432,16.073781535512257,358.0,30,33.762
180,-1.037,44.999,-3.145,44.999,0.255,45.917,3.5217501331014387,2.271016105051303,6.400691057577534,360.0,30,33.762
181,-1.003,43.673,,,,,3.5217501331014387,2.156493786467228,,362.0,30,33.762
182,-1.5810000000000002,45.169,-3.2470000000000003,44.693000000000005,2.5330000000000004,42.415000000000006,6.212703437312939,3.2683923505631776,8.210358054124336,364.0,30,33.762
183,-0.391,45.815000000000005,3.0090000000000003,43.877,3.723,45.169,1.476163947534284,3.7127871515055553,22.38557379373411,366.0,30,33.762
184,0.153,46.053,-2.329,46.461000000000006,-0.357,43.333000000000006,3.697724705815727,2.2913838585132384,4.514040446467468,368.0,30,33.762
185,-0.085,41.191,-1.105,48.43300000000001,-0.8330000000000001,34.221000000000004,14.214602632504366,4.96958605698684,15.826031266371366,370.0,30,33.762
186,-0.051,41.191,2.193,46.631,0.289,41.429,5.539496366999441,3.3046926666564067,14.169576511264967,372.0,30,33.762
187,0.323,43.469,-1.207,47.277,0.7310000000000001,42.177,5.455808281089063,1.5885256727825166,8.240423105431768,374.0,30,33.762
188,0.799,44.659000000000006,-0.459,48.705000000000005,0.901,47.005,2.1770622407271687,2.702500392919694,17.95857980728443,376.0,30,33.762
189,-0.289,44.285,,,,,2.1770622407271687,2.4957276163409685,,378.0,30,33.762
190,0.663,44.86300000000001,-3.4170000000000003,43.877,-0.187,48.909000000000006,5.979458503911538,3.115493022142861,15.470430633986656,380.0,30,33.762
191,0.901,44.081,-2.261,42.959,0.527,48.127,5.872066757113717,2.617394404272296,11.386065320479702,382.0,30,33.762
192,1.003,47.175,-0.8670000000000001,46.937000000000005,1.377,46.563,2.274953186331534,1.7383306621494088,4.6384869064678265,384.0,30,33.762
193,0.799,43.945,-0.493,42.585,0.153,47.413,4.871026585844097,1.4432052684245962,7.9067638293380655,386.0,30,33.762
194,0.017,44.693000000000005,2.363,42.347,-0.357,48.807,7.009279563550024,2.343127979345947,10.128409109014967,388.0,30,33.762
195,0.187,44.591,0.119,39.627,0.527,44.387,4.777453715108081,2.4355673344289297,5.584286193278705,390.0,30,33.762
196,-0.425,42.517,0.527,39.695,-0.459,41.055,1.679820228476845,3.5592660353988435,9.079857798533864,392.0,30,33.762
197,-0.119,43.809000000000005,-0.051,43.231,2.907,46.121,4.135440000773799,2.528756451281361,6.257563840739116,394.0,30,33.762
198,-1.411,44.897000000000006,-1.0710000000000002,44.387,-1.649,44.693000000000005,0.6540030580968257,1.955820518437808,4.334158589543429,396.0,30,33.762
199,-0.323,45.101000000000006,-3.3150000000000004,43.061,-1.479,47.073,4.412146869722267,2.992238004777532,18.90763302996449,398.0,30,33.762
200,1.037,44.319,-2.669,46.393,-0.017,39.355,7.521073593576917,2.389330578005037,17.995153603221084,400.0,30,33.762
201,-1.3430000000000002,43.537000000000006,-1.3430000000000002,44.829,-0.357,41.803,3.182588883283545,1.681802925800332,7.283317572352518,402.0,30,33.762
202,1.411,45.815000000000005,-1.717,45.611,2.975,46.42700000000001,4.762427952210931,1.3366328509557932,5.393436567625304,404.0,30,33.762
203,-0.017,45.305,,,,,4.762427952210931,3.8170140246367694,,406.0,30,33.762
204,1.275,45.645,-2.7030000000000003,46.86900000000001,-2.091,41.939,4.967840979741602,3.1496936397473725,15.711095959223966,408.0,30,33.762
205,-1.105,45.271,0.561,46.801,1.411,45.169,1.840088041371934,2.2524972915792976,14.18122185256666,410.0,30,33.762
206,-0.119,45.509,-3.893,45.543000000000006,-0.493,47.617,3.982646858560272,2.885272721581687,14.182653065723118,412.0,30,33.762
207,-0.153,44.557,-2.7710000000000004,43.571000000000005,1.037,46.087,4.564112180917555,2.8118620752427885,11.070801891015002,414.0,30,33.762
208,-0.051,44.217000000000006,-0.425,44.761,2.8390000000000004,47.311,4.142003862866378,2.280602124793561,14.439065830172517,416.0,30,33.762
209,0.901,45.951,-3.2470000000000003,47.515,1.411,46.087,4.871975779906957,2.5316941526188,9.460295095244128,418.0,30,33.762
210,1.275,45.407,2.125,42.551,2.737,44.557,2.0972791898075944,2.038454345237272,9.709915262358365,420.0,30,33.762
211,-0.051,44.455000000000005,-3.689,44.489,-0.221,41.089000000000006,4.856647403301994,2.9058001631625143,18.76956868433077,422.0,30,33.762
212,0.7310000000000001,45.917,2.261,44.693000000000005,2.805,45.373000000000005,0.8708248962908675,2.786822352604612,9.43821334678468,424.0,30,33.762
213,0.425,45.373000000000005,-3.757,46.597,3.0770000000000004,45.407,6.936833283278474,2.869003640024846,10.48602704589024,426.0,30,33.762
214,-0.493,43.707,-2.805,44.387,2.499,42.347,5.682782417091121,2.0964945654269465,6.9875579653457605,428.0,30,33.762
215,-0.153,43.809000000000005,-0.969,45.849,1.6150000000000002,43.197,3.702723322096859,2.377599663273505,8.817288527719374,430.0,30,33.762
216,0.663,44.591,-2.329,42.653000000000006,-0.051,46.733,4.672866786031889,1.7344581996185713,8.388852857247699,432.0,30,33.762
217,-0.493,44.659000000000006,-2.873,43.231,-2.329,43.639,0.68,2.143274795993746,9.308959011577013,434.0,30,33.762
218,-0.017,45.169,-0.969,42.585,2.023,41.939,3.060944298741812,2.287712737096929,13.4838572310431,436.0,30,33.762
219,0.187,44.183,-2.907,43.877,2.1590000000000003,43.197,5.111433849713796,2.1461013471144907,15.617728273659198,438.0,30,33.762
220,0.6970000000000001,42.279,-0.935,38.981,-0.289,42.585,3.661438515119433,1.6908256086742437,9.362119979587344,440.0,30,33.762
221,0.493,43.843,-1.241,41.531000000000006,-1.887,45.679,4.198001905668934,2.0203230873170983,14.169452095649843,442.0,30,33.762
222,-0.187,43.775000000000006,-1.853,43.129000000000005,-2.193,48.093,4.975630211340068,2.273210936037505,14.03131403345524,444.0,30,33.762
223,1.819,43.775000000000006,-3.519,43.707,1.5810000000000002,44.353,5.140750528862494,3.0564978244821037,7.319882647774435,446.0,30,33.762
224,0.5950000000000001,45.271,1.173,43.673,0.459,44.489,1.0842748728989344,2.3147838369814133,1.699345107328874,448.0,30,33.762
225,-0.663,46.223000000000006,2.125,43.877,-0.493,48.875,5.642156325377737,2.1973904619319926,10.58771344627962,450.0,30,33.762
226,-1.479,45.441,0.527,43.571000000000005,0.255,43.945,0.4624499972970051,1.9885316005609337,0.5054213342601805,452.0,30,33.762
227,-1.003,44.217000000000006,0.8330000000000001,44.455000000000005,-3.349,45.611,4.338831639969452,2.8106761484859093,18.90849848091845,454.0,30,33.762
228,0.051,46.121,-0.119,43.163,2.7710000000000004,46.087,4.111189122382964,1.5700108118862326,7.695281477735715,456.0,30,33.762
229,-0.255,43.979000000000006,-2.4650000000000003,43.333000000000006,2.7030000000000003,46.087,5.856000341530045,2.741824484541024,7.0601600166616025,458.0,30,33.762
230,-1.003,45.237,,,,,5.856000341530045,2.620420800099859,,460.0,30,33.762
231,-0.119,45.509,-2.499,43.673,1.3430000000000002,47.379000000000005,5.338108279156578,2.2771473151979493,8.335354637451069,462.0,30,33.762
232,-0.017,45.645,-2.601,43.809000000000005,1.3430000000000002,45.373000000000005,4.242785877227368,2.603775997853042,5.314603656385387,464.0,30,33.762
233,0.5950000000000001,44.183,-1.173,48.569,-0.425,39.083000000000006,9.515445339026442,3.0774468521997065,13.00128539168197,466.0,30,33.762
234,-1.3430000000000002,43.877,,,,,9.515445339026442,1.5175018138195937,,468.0,30,33.762
235,0.187,44.965,1.139,48.195,-0.8330000000000001,42.755,5.786396460665308,1.827176128737166,8.086999888732274,470.0,30,33.762
236,-1.3430000000000002,45.475,2.7030000000000003,47.753,0.085,41.089000000000006,7.15980586328987,2.360028894925423,11.630527428105566,472.0,30,33.762
237,-0.629,46.155,-1.0710000000000002,48.807,-0.119,45.509,3.432653201242444,2.1350895883302647,6.400255406929094,474.0,30,33.762
238,-0.425,45.101000000000006,,,,,3.432653201242444,2.66685432406202,,476.0,30,33.762
239,-0.765,44.761,-3.723,46.325,3.3830000000000005,46.563,7.109984528815798,2.884666725265444,11.55888848853695,478.0,30,33.762
240,1.105,42.959,-0.085,43.843,3.281,46.019000000000005,4.008108281970436,2.821972409089648,9.10326795444877,480.0,30,33.762
241,-0.085,43.809000000000005,-3.2470000000000003,44.489,2.193,47.923,6.4331917428287495,2.632222373822432,14.206232410400842,482.0,30,33.762
242,1.003,44.489,-3.043,44.115,-2.8390000000000004,44.251000000000005,0.2451774867315513,2.598887820415374,13.710755647142877,484.0,30,33.762
243,-1.6150000000000002,44.353,-0.289,40.477,1.173,46.257000000000005,5.96203354569563,1.8117423400036623,10.56502954240322,486.0,30,33.762
244,-0.561,44.047,-2.125,48.127,3.4850000000000003,44.86300000000001,6.490438814132678,2.38137234962864,9.864516445759104,488.0,30,33.762
245,0.8330000000000001,45.373000000000005,-3.723,46.631,2.601,43.027,7.278859251283817,2.508935006550942,9.670951168014536,490.0,30,33.762
246,0.7310000000000001,46.563,-3.0090000000000003,46.529,0.187,46.155,3.217808571061989,1.6344802695455651,4.255868462769569,492.0,30,33.762
247,0.663,43.775000000000006,-3.655,46.223000000000006,3.621,45.543000000000006,7.307706616990039,2.54641415948174,11.320771199291892,494.0,30,33.762
248,-0.663,44.931,-0.663,43.979000000000006,-0.561,48.67100000000001,4.693108564693556,1.5218417377052558,6.89809184950907,496.0,30,33.762
249,-0.799,44.897000000000006,0.051,44.285,1.139,48.025000000000006,3.8950409497205545,2.647413810067518,12.908420131231932,498.0,30,33.762
250,-0.255,45.543000000000006,-2.2950000000000004,43.163,0.561,45.98500000000001,4.0150242838618055,2.8238897547763377,9.951936623941965,500.0,30,33.762
251,0.901,44.183,-0.187,48.807,0.051,48.807,0.238,2.1810045255632056,0.3137464426276248,502.0,30,33.762
252,-0.8670000000000001,47.209,-0.765,40.919,3.111,47.039,7.2441546090624,3.1740428513784105,15.130639285292087,504.0,30,33.762
253,0.153,45.101000000000006,-0.901,39.899,0.765,44.829,5.203888546077828,3.4670746659989327,20.84807643658697,506.0,30,33.762
254,-0.187,44.693000000000005,0.289,44.489,0.153,48.059000000000005,3.5725895370165324,2.299460550822121,13.790629892827152,508.0,30,33.762
255,-0.051,44.659000000000006,-1.717,48.841,2.873,46.563,5.124195936925129,2.6441200528760933,15.803590622812695,510.0,30,33.762
256,0.663,45.509,-3.1790000000000003,47.719,0.119,41.633,6.922152844310793,2.9227321005496103,17.514184601647976,512.0,30,33.762
257,-0.085,46.291,-3.519,45.067,1.479,43.231,5.324556319544381,2.504199881639233,12.423629376049597,514.0,30,33.762
258,0.799,45.781000000000006,-3.757,45.577000000000005,-0.119,46.835,3.849364622895577,2.44635792227595,10.374818036941427,516.0,30,33.762
259,-1.751,43.979000000000006,-1.139,47.99100000000001,0.765,42.381,5.924298777070582,2.008056830168901,10.55051077440458,518.0,30,33.762
260,-0.7310000000000001,45.169,-2.5330000000000004,47.379000000000005,-0.6970000000000001,46.257000000000005,2.1516923571923567,3.092407168344059,20.077373173054028,520.0,30,33.762
261,-0.493,45.203,-2.635,47.447,0.799,43.707,5.077396576987069,1.741596322684929,7.186129235835291,522.0,30,33.762
262,-0.425,43.571000000000005,-3.859,45.883,-0.391,43.911,3.9894621191333552,2.946403310024306,15.534476269818812,524.0,30,33.762
263,0.493,44.149,1.717,48.365,-1.445,42.925,6.292205018910303,2.0273325195626706,8.113462249772047,526.0,30,33.762
264,0.255,44.149,-0.391,49.147000000000006,-3.213,44.659000000000006,5.3014929972603,2.9877135754960302,16.00736361851316,528.0,30,33.762
265,0.6970000000000001,44.931,0.391,44.965,-2.907,43.911,3.462328696123463,2.5271367754136183,13.279645837193968,530.0,30,33.762
266,-0.6970000000000001,44.455000000000005,0.969,48.773,-1.207,45.781000000000006,3.699599978376041,2.71451227750041,16.75447024013127,532.0,30,33.762
267,0.629,44.319,1.139,48.807,-3.349,44.591,6.157661893933444,3.1755749677532865,17.826389115665116,534.0,30,33.762
268,2.057,43.231,2.125,46.937000000000005,-1.5470000000000002,41.599,6.479029865651185,3.0666446691505147,9.715562062926898,536.0,30,33.762
269,1.6150000000000002,44.047,2.057,48.025000000000006,-3.587,45.271,6.280067834028547,3.1735165503853544,15.80864327144029,538.0,30,33.762
270,0.7310000000000001,44.149,2.193,47.583000000000006,-0.935,41.157,7.146877639920808,2.6296440312168845,7.991950632241174,540.0,30,33.762
271,0.051,45.271,-2.7030000000000003,42.551,-2.7030000000000003,42.381,0.17,2.1177346802839674,0.1976612024216363,542.0,30,33.762
272,0.221,45.441,-2.023,44.727,3.0090000000000003,42.891000000000005,5.356483921379771,2.0186675821099893,12.12026344663925,544.0,30,33.762
273,0.051,46.257000000000005,-2.8390000000000004,44.625,3.043,46.189,6.08637987641258,1.7299067658573437,7.46856785420912,546.0,30,33.762
274,-0.051,46.155,-2.2950000000000004,43.673,2.805,44.931,5.252862457746253,2.235353407895367,9.971046771240855,548.0,30,33.762
275,1.3430000000000002,43.809000000000005,-0.7310000000000001,41.429,-0.391,44.251000000000005,2.842408133959654,2.334930437450831,9.474182150711965,550.0,30,33.762
276,-0.221,44.761,-3.757,44.013000000000005,0.017,48.263000000000005,5.683799433477575,2.409905452118746,7.062803306569566,552.0,30,33.762
277,-0.5950000000000001,45.373000000000005,-1.0710000000000002,41.667,0.391,46.665000000000006,5.2074415983283,2.2667582829257227,7.175118764716412,554.0,30,33.762
278,0.289,45.407,-3.519,45.951,3.4170000000000003,45.509,6.950069064405045,2.175085824124785,8.003874631597247,556.0,30,33.762
279,0.323,44.931,-3.621,45.203,-1.0710000000000002,42.347,3.8287381733411854,2.5552509494834954,14.154421659899954,558.0,30,33.762
280,0.221,46.529,,,,,3.8287381733411854,1.9781699860472,,560.0,30,33.762
281,1.275,45.305,0.493,47.719,0.765,44.047,3.682060292825201,2.8985221809122628,7.371851652602758,562.0,30,33.762
282,0.187,44.353,0.119,45.509,2.329,42.211000000000006,3.970000503778306,2.765175706247825,9.29623689940774,564.0,30,33.762
283,-0.561,44.387,-3.927000000000001,45.373000000000005,3.689,45.203,7.617897085154144,2.8275234293019973,13.200502545763984,566.0,30,33.762
284,0.017,45.339000000000006,-2.7030000000000003,44.931,-2.261,41.973000000000006,2.9908406844898976,2.7324153164523834,16.199108315287244,568.0,30,33.762
285,0.935,45.679,-1.037,47.617,-1.0710000000000002,42.585,5.032114863553892,2.3345401681449527,10.596033655414637,570.0,30,33.762
286,-0.748,45.067,-2.635,45.747,-1.241,41.497,4.472777213320602,2.2221841228708046,8.06336902162574,572.0,30,33.762
287,-0.6970000000000001,43.29900000000001,0.187,47.243,-0.629,41.973000000000006,5.332800015001501,3.41903688492396,7.47217021090273,574.0,30,33.762
288,-0.119,44.625,2.9410000000000003,44.42100000000001,-0.255,39.967000000000006,5.4820189711455765,2.544667498029367,9.49342800266414,576.0,30,33.762
289,0.7310000000000001,43.639,-1.989,46.087,1.649,44.727,3.883895467182401,2.157862756643869,10.828945763198073,578.0,30,33.762
290,-0.561,45.135000000000005,,,,,3.883895467182401,2.4324410761100648,,580.0,30,33.762
291,-1.275,44.999,-3.893,45.951,2.635,43.197,7.085146434619401,2.8818807091306646,10.66252286836094,582.0,30,33.762
292,-0.6970000000000001,44.795,0.629,43.605,1.275,42.959,0.9135819612930196,3.0191025438011745,7.747803188025573,584.0,30,33.762
293,0.357,44.965,-2.057,44.42100000000001,3.5530000000000004,45.169,5.659646985457662,2.0578169920185085,12.483978516448934,586.0,30,33.762
294,1.411,44.591,-3.859,44.727,0.289,42.483,4.71608312055672,2.30456813804631,11.574464979836153,588.0,30,33.762
295,-1.037,45.815000000000005,-2.601,43.809000000000005,1.853,47.413,5.729479208444691,2.99441859009106,8.550824471802683,590.0,30,33.762
296,1.003,44.727,,,,,5.729479208444691,2.6169129485364957,,592.0,30,33.762
297,-1.649,45.407,-1.717,46.835,-0.051,47.175,1.7003399660067984,2.7976274014877704,10.894755284228538,594.0,30,33.762
298,-0.289,45.747,-3.621,46.359,0.7310000000000001,46.087,4.360491715391741,1.8882551697175127,8.755550436932124,596.0,30,33.762
299,0.255,44.013000000000005,-3.689,45.645,3.4170000000000003,45.101000000000006,7.126792546440511,3.490501941559037,12.440876722929708,598.0,30,33.762
300,-0.799,44.897000000000006,-2.8390000000000004,45.645,-1.377,46.359,1.6270341115047344,1.9861715588642368,12.661081668394155,600.0,30,33.762
301,0.8330000000000001,46.495000000000005,-3.689,46.291,-3.3830000000000005,46.597,0.4327493500861671,2.69393724691431,0.6940741470512427,602.0,30,33.762
302,-0.425,45.577000000000005,0.765,42.755,-0.357,46.155,3.58034691056607,1.8550801083765112,8.05167386064084,604.0,30,33.762
303,0.8670000000000001,46.155,-3.213,46.937000000000005,-3.043,47.005,0.1830956034425731,2.532603681954775,0.7963991302903807,606.0,30,33.762
304,0.119,44.047,-3.043,47.651,0.017,44.353,4.498933651433416,2.2632253035044334,5.24760326818428,608.0,30,33.762
305,-1.3090000000000002,43.537000000000006,-2.431,43.503,1.785,44.115,4.260187789288167,3.1243857490232734,7.332018375796186,610.0,30,33.762
306,0.187,45.203,0.6970000000000001,44.455000000000005,2.567,47.345000000000006,3.44223764432382,2.838821781779205,16.193747940555447,612.0,30,33.762
307,-0.391,45.577000000000005,-2.1590000000000003,45.169,2.1590000000000003,47.753,5.032114863553892,2.4225246497471358,7.771688775135457,614.0,30,33.762
308,-1.479,46.529,-0.799,41.327000000000005,3.4170000000000003,44.727,5.416147708473247,3.236624792448364,16.863043093147006,616.0,30,33.762
309,-1.173,46.733,-3.689,46.597,3.5530000000000004,44.931,7.431158725259475,3.525641464401836,10.784913525323,618.0,30,33.762
310,-0.527,45.407,-2.805,44.217000000000006,2.2950000000000004,44.455000000000005,5.105550313139614,3.106913079497479,12.130350810738836,620.0,30,33.762
311,-0.255,46.257000000000005,-0.085,42.755,1.445,44.86300000000001,2.6047195626400934,1.9957423065110893,8.724147384538828,622.0,30,33.762
312,-0.425,46.699000000000005,1.683,48.161,2.2270000000000003,47.889,0.6082104898799429,2.1491809553230747,13.617964723254216,624.0,30,33.762
313,-0.357,46.087,-3.349,43.061,-1.513,46.529,3.9240183485809546,2.2680898517337957,6.111622981554075,626.0,30,33.762
314,-0.187,45.883,-0.153,48.43300000000001,3.3150000000000004,43.775000000000006,5.807235831271192,2.284949336288231,15.670157186202454,628.0,30,33.762
315,-1.377,45.611,-0.017,45.849,-0.5950000000000001,45.169,0.8924595228916549,1.744433870897227,2.4350088922154405,630.0,30,33.762
316,-0.391,45.509,-3.621,47.175,1.683,42.551,7.036603726230433,2.310811622240085,9.388825866866712,632.0,30,33.762
317,-0.459,43.911,-3.893,45.98500000000001,3.587,44.931,7.553894095100884,3.570887696203044,12.201310508315787,634.0,30,33.762
318,-0.7310000000000001,43.724,-0.153,47.583000000000006,3.519,45.883,4.046428548732821,3.23899378791245,19.45755161234257,636.0,30,33.762
319,1.037,43.707,-3.859,45.271,2.431,47.413,6.644716999240826,3.299731220222096,13.980944626072086,638.0,30,33.762
320,0.901,44.727,-3.723,45.849,2.907,47.311,6.789281552565043,3.120629378143353,15.111452539617837,640.0,30,33.762
321,-0.561,45.271,-2.4650000000000003,43.741,-0.051,39.525000000000006,4.85819431476346,2.863454026166663,19.07969529026968,642.0,30,33.762
322,1.241,44.931,0.085,47.311,2.193,43.231,4.592391969333629,1.8152104165838712,7.868538689684724,644.0,30,33.762
323,0.8670000000000001,44.217000000000006,-1.785,43.809000000000005,0.901,42.619,2.937804622503001,1.7237702246843505,10.01829998502386,646.0,30,33.762
324,2.193,45.237,-2.397,45.645,2.737,47.107000000000006,5.338108279156578,1.9306005591549884,11.39264735981031,648.0,30,33.762
325,0.221,43.673,0.221,47.073,3.043,44.319,3.943120591612689,2.681111897957903,12.850977505847224,650.0,30,33.762
326,-0.255,43.163,-3.4850000000000003,45.917,-0.7310000000000001,48.195,3.5740453270768686,3.4432667728431268,4.5392141459741095,652.0,30,33.762
327,0.187,45.407,-3.723,45.849,3.655,45.441,7.389272494637074,2.155499193481842,11.171849630867158,654.0,30,33.762
328,-0.051,43.061,-1.751,42.585,3.349,45.067,5.671888926980148,2.508472403515093,7.34475040576224,656.0,30,33.762
329,-0.085,44.489,-3.4170000000000003,45.135000000000005,2.5330000000000004,46.155,6.036795507551999,2.752090623887568,11.81691905151486,658.0,30,33.762
330,-1.5810000000000002,45.169,-1.853,43.061,2.907,42.891000000000005,4.763034746881446,2.5733138378444527,14.141675632381247,660.0,30,33.762
331,-1.5810000000000002,46.461000000000006,-2.873,43.775000000000006,0.799,45.98500000000001,4.285753609343403,1.989956806222947,10.976563702426605,662.0,30,33.762
332,-1.3430000000000002,45.305,2.1590000000000003,42.449000000000005,-0.017,45.611,3.838387682347889,2.6338496302293724,10.2425235159047,664.0,30,33.762
333,-0.289,43.29900000000001,-2.193,43.877,0.425,44.931,2.82220481184481,2.3315096095638466,7.980125654269947,666.0,30,33.762
334,0.221,44.625,1.139,44.047,2.601,46.087,2.509789632618639,2.45776076532572,17.40305782360633,668.0,30,33.762
335,-0.493,44.319,-2.2270000000000003,48.263000000000005,0.765,46.053,3.71969945022444,2.819005947299347,18.443699593892248,670.0,30,33.762
336,-0.6970000000000001,46.42700000000001,-3.4850000000000003,43.163,0.6970000000000001,48.807,7.024518488836086,2.2141392866869443,12.06079305653692,672.0,30,33.762
337,-0.119,45.849,-2.601,45.407,2.635,44.829,5.267805994909076,2.2623813330917493,11.467816519330116,674.0,30,33.762
338,-0.425,46.665000000000006,-2.975,47.787000000000006,0.391,43.503,5.448175107318046,3.0894507877159745,13.287845275524312,676.0,30,33.762
339,-1.105,44.591,-3.689,43.605,-3.0090000000000003,42.755,1.0885311203635843,3.4026856976786064,22.281503446632332,678.0,30,33.762
340,-0.051,44.149,-0.8670000000000001,41.089000000000006,1.513,46.42700000000001,5.84453967391787,2.694340254305458,9.97795915346569,680.0,30,33.762
341,-1.649,44.251000000000005,-0.7310000000000001,49.11300000000001,3.4170000000000003,45.033,5.818273283371966,3.497136411818645,17.983580384376413,682.0,30,33.762
342,-1.3090000000000002,43.231,0.119,47.141000000000005,2.261,42.891000000000005,4.759271372804875,2.337590005418329,11.991857270636434,684.0,30,33.762
343,-1.5810000000000002,44.353,-2.499,42.653000000000006,0.153,47.005,5.096372042934072,2.882162230216965,9.66370405634131,686.0,30,33.762
344,-0.153,46.121,-3.111,45.067,1.411,47.855,5.312384398742244,2.74529690759117,5.9962847438592455,688.0,30,33.762
345,-0.6970000000000001,44.931,0.051,46.223000000000006,1.445,43.707,2.8763678485200743,1.7019088382441916,10.006658797731806,690.0,30,33.762
346,-0.799,44.999,0.527,46.699000000000005,0.5950000000000001,43.129000000000005,3.570647560317316,1.9885122005060216,10.04575774622957,692.0,30,33.762
347,0.323,45.679,-0.323,47.447,1.785,42.653000000000006,5.236993412254783,1.61814883702703,8.807689942110287,694.0,30,33.762
348,-1.921,44.489,0.255,49.079,-0.357,39.661,9.437863529422325,2.6942408964654843,12.007909843696412,696.0,30,33.762
349,0.799,45.373000000000005,-3.689,46.42700000000001,-4.063000000000001,45.305,1.182691844902974,3.2087514171216767,20.040894994581052,698.0,30,33.762
350,-0.255,45.849,3.0770000000000004,46.971,1.683,42.143,5.025218403213934,2.166948289628936,19.45926340573673,700.0,30,33.762
351,-0.255,45.305,0.5950000000000001,48.67100000000001,0.391,44.319,4.356778626462447,2.5388006576817337,8.287307688811326,702.0,30,33.762
352,1.207,44.931,-2.499,45.441,2.873,47.481,5.746301767223855,2.5076325410489577,8.33513924643657,704.0,30,33.762
353,1.139,43.095000000000006,-1.3430000000000002,44.115,-0.425,45.373000000000005,1.557333618721435,1.453801854048946,7.933275300570207,706.0,30,33.762
354,1.6150000000000002,45.407,-1.819,46.42700000000001,0.799,44.013000000000005,3.5610841045951167,1.541783639665231,7.193374813997231,708.0,30,33.762
355,0.425,43.367,-0.085,43.197,1.275,42.483,1.5360325517384066,3.153095158593001,7.090853722721141,710.0,30,33.762
356,0.221,42.925,-0.663,48.875,2.669,42.891000000000005,6.849122571541555,2.3604574851666755,9.795918568023158,712.0,30,33.762
357,0.221,44.217000000000006,1.3090000000000002,48.739,1.3090000000000002,43.911,4.828,2.527548644261826,15.962084073852049,714.0,30,33.762
358,-1.0710000000000002,45.407,0.493,42.449000000000005,0.663,42.347,0.1982523644247402,1.876064700719321,0.5594008580041379,716.0,30,33.762
359,-1.445,42.925,-3.893,45.747,3.043,43.333000000000006,7.344078703281985,3.1734278220612917,10.064878359469263,718.0,30,33.762
360,-0.289,45.781000000000006,0.8670000000000001,48.059000000000005,2.193,43.29900000000001,4.941242353902509,2.3711126160418288,11.662215152003238,720.0,30,33.762
361,-0.663,46.223000000000006,-0.935,48.093,2.057,48.025000000000006,2.992772627514493,1.8628076665060849,11.86550438584516,722.0,30,33.762
362,-0.935,45.271,-1.173,47.277,-0.765,44.795,2.5153107163927086,2.1387074047103694,17.062410485119074,724.0,30,33.762
363,-0.289,45.305,-2.601,47.583000000000006,-1.003,47.685,1.60125201014706,2.626752566223023,16.04418312487904,726.0,30,33.762
364,-0.391,44.897000000000006,-0.935,48.059000000000005,3.281,46.631,4.451273974942454,2.66387109335007,13.842411742833391,728.0,30,33.762
365,-0.255,45.543000000000006,0.527,45.339000000000006,0.5950000000000001,45.781000000000006,0.4472001788908408,2.2608116219179992,0.4971790222203131,730.0,30,33.762
366,0.051,45.849,3.3150000000000004,44.693000000000005,3.3150000000000004,45.135000000000005,0.442,1.916663403915157,0.4696547300332069,732.0,30,33.762
367,-1.003,44.897000000000006,-2.261,42.789,1.105,45.101000000000006,4.083540130817867,2.3506524159288857,7.074718119511307,734.0,30,33.762
368,-1.649,45.407,,,,,4.083540130817867,1.1944771192641856,,736.0,30,33.762
369,-0.629,46.223000000000006,-2.9410000000000003,42.483,-0.289,42.551,2.652871651625838,2.6837619505714683,17.01067506942577,738.0,30,33.762
370,-0.527,46.155,-3.451,43.571000000000005,0.969,43.061,4.449325791622817,3.00677900863502,17.60936509609047,740.0,30,33.762
371,0.085,46.087,-2.975,43.843,0.017,44.625,3.092505133382967,2.977277585112838,20.077778969476704,742.0,30,33.762
372,-2.5330000000000004,46.767,-2.397,42.415000000000006,3.4850000000000003,45.645,6.710501024513744,3.360359816950022,14.426500338454224,744.0,30,33.762
373,-1.717,45.271,,,,,6.710501024513744,3.493182325274394,,746.0,30,33.762
374,1.003,43.826,-2.669,44.557,0.6970000000000001,48.025000000000006,4.832905958116711,2.9176354550710664,15.615575196040682,748.0,30,33.762
375,0.493,46.087,-3.0090000000000003,44.829,2.2950000000000004,45.849,5.40118653630848,1.8796655877587676,8.71655786142548,750.0,30,33.762
376,1.139,44.523,0.289,42.415000000000006,0.765,45.033,2.6609208932247497,2.590532447239178,9.528283929833782,752.0,30,33.762
377,-0.085,43.605,0.187,40.171,1.853,42.517,2.877372412462454,2.600651669797216,6.451923893030631,754.0,30,33.762
378,-0.187,45.849,-3.3830000000000005,46.835,-2.601,47.005,0.8002649561239078,3.188099930025416,1.4227409423357886,756.0,30,33.762
379,0.255,44.86300000000001,-1.3090000000000002,46.291,-0.119,45.339000000000006,1.523943568509018,2.2902134242459127,15.310015533117138,758.0,30,33.762
380,0.8670000000000001,44.829,-1.3430000000000002,47.107000000000006,3.3150000000000004,44.115,5.536156428425772,2.128721113365418,12.473514192940804,760.0,30,33.762
381,1.683,45.883,0.391,47.107000000000006,2.2950000000000004,45.917,2.245287509429472,1.4233308036762806,5.341089382525621,762.0,30,33.762
382,-0.527,45.169,,,,,2.245287509429472,2.720009305930244,,764.0,30,33.762
383,-1.139,45.475,-1.241,42.823,-1.6150000000000002,42.347,0.6053527897020052,1.8084964817829237,1.2956348871356496,766.0,30,33.762
384,0.7310000000000001,43.707,0.5950000000000001,47.685,-3.3150000000000004,44.353,5.137151350700114,2.891456893732091,12.64721693418186,768.0,30,33.762
385,-0.663,43.775000000000006,-0.8330000000000001,44.387,-2.4650000000000003,42.993,2.146313117883782,2.287158423296319,5.440345207301236,770.0,30,33.762
386,-1.5470000000000002,45.373000000000005,2.567,46.257000000000005,-1.989,42.619,5.830281296815789,2.225508091700748,8.038679688152785,772.0,30,33.762
387,0.935,44.42100000000001,-2.873,47.787000000000006,2.2950000000000004,42.721,7.236890216108021,2.381195861608886,12.720798805191132,774.0,30,33.762
388,-0.391,44.319,-2.193,48.637,-1.649,44.965,3.7120775853960817,2.9404786665649616,18.676501887732535,776.0,30,33.762
389,-0.7310000000000001,44.319,-3.3830000000000005,44.897000000000006,1.751,42.823,5.537095989776591,2.4939572901674287,8.737019086962503,778.0,30,33.762
390,-0.425,45.373000000000005,-2.4650000000000003,46.053,-0.085,41.497,5.140188323398278,1.9782312609783452,6.702547839632284,780.0,30,33.762
391,1.377,45.339000000000006,-3.893,45.611,1.989,47.719,6.2483268160364345,2.22144903672321,10.110517469072445,782.0,30,33.762
392,1.513,43.197,-1.649,43.435,2.329,43.911,4.006377416070533,2.072111776565798,7.115201303253814,784.0,30,33.762
393,0.119,44.557,-3.281,47.54900000000001,0.765,45.645,4.4716140262773125,2.585591510091364,14.220164802792745,786.0,30,33.762
394,-0.8670000000000001,45.543000000000006,0.119,46.223000000000006,0.561,38.505,7.730646027338207,3.327818827147801,9.511704894911276,788.0,30,33.762
395,-1.003,44.319,-0.493,48.331,-3.689,43.877,5.4820189711455765,1.9354200233196583,10.53836050780092,790.0,30,33.762
396,-0.051,44.557,0.051,47.243,-1.105,41.803,5.561468870721116,2.189522859298996,7.780738461643106,792.0,30,33.762
397,0.255,45.611,-1.3430000000000002,46.631,-0.765,42.211000000000006,4.45763210684776,2.709871346244683,13.908141898044612,794.0,30,33.762
398,0.493,45.033,,,,,4.45763210684776,2.182567683925348,,796.0,30,33.762
399,-1.037,44.251000000000005,-1.0710000000000002,48.093,-0.8670000000000001,48.025000000000006,0.2150348808914498,2.8978285748058594,1.215190405108031,798.0,30,33.762
400,-0.799,44.761,1.003,41.633,2.737,47.243,5.871869889566696,2.8495227571567447,14.149598172439433,800.0,30,33.762
401,-0.051,45.067,-3.893,45.917,0.561,44.897000000000006,4.569301478344365,3.035658039497688,11.608397544727229,802.0,30,33.762
402,-1.683,43.843,0.085,47.277,0.5950000000000001,40.035,7.259935536903892,2.1509139212038617,10.751555979215452,804.0,30,33.762
403,-0.765,42.823,-0.969,47.583000000000006,0.357,38.335,9.342578873094944,2.849665171943117,10.89515162994949,806.0,30,33.762
404,0.663,43.265,3.4850000000000003,43.945,-1.0710000000000002,41.701,5.078648639155893,1.8593157451703703,6.430930194969701,808.0,30,33.762
405,0.629,45.883,0.561,47.821000000000005,2.057,42.041,5.970461958676229,2.323735648610719,8.614786738444328,810.0,30,33.762
406,0.493,45.951,-1.683,41.667,2.2950000000000004,45.407,5.460044322164428,2.7549419361869347,7.515662040731355,812.0,30,33.762
407,0.289,45.815000000000005,-2.363,42.007000000000005,-0.799,46.359,4.624499972970051,2.854781006648601,14.953702069288283,814.0,30,33.762
408,-0.6970000000000001,44.659000000000006,-2.431,43.435,1.751,45.203,4.54036870749502,2.38972802199185,4.897297173229887,816.0,30,33.762
409,0.391,44.285,-3.4170000000000003,44.897000000000006,0.663,38.335,7.726981558150634,3.031691943408851,15.60717057991463,818.0,30,33.762
410,0.051,43.537000000000006,-2.363,43.29900000000001,2.601,43.911,5.001583749173856,2.853430978959784,5.424618145968977,820.0,30,33.762
411,0.901,45.883,-0.8330000000000001,44.829,0.425,41.769000000000005,3.30849875321119,2.338147937977762,14.950653359398046,822.0,30,33.762
412,1.5810000000000002,45.203,-1.105,42.619,-0.901,42.619,0.204,2.1679490145244342,0.4912808291291631,824.0,30,33.762
413,0.085,43.673,1.989,47.685,2.2950000000000004,42.857000000000006,4.83768746406793,2.24021029447908,11.651962678562487,826.0,30,33.762
414,-0.085,43.333000000000006,1.6150000000000002,46.461000000000006,-0.289,41.837,5.000659156551264,1.4401558675468369,6.836181925194111,828.0,30,33.762
415,-0.221,44.42100000000001,1.887,47.617,-1.275,43.129000000000005,5.490026229445539,2.1712320847900197,7.901666169819701,830.0,30,33.762
416,-0.187,44.999,2.431,44.251000000000005,-0.969,42.789,3.701005809236187,2.209596477910234,12.11643430050335,832.0,30,33.762
417,0.5950000000000001,44.251000000000005,1.955,46.903000000000006,-1.819,44.251000000000005,4.612610974274766,2.023727364134854,11.700299941078317,834.0,30,33.762
418,-0.153,45.611,1.411,45.203,-2.329,45.611,3.762188724665471,2.0169504540321803,7.814709444875818,836.0,30,33.762
419,-0.323,44.285,0.561,40.341,-0.085,41.123000000000005,1.0143175045319883,2.4066056260669804,1.3232502272843938,838.0,30,33.762
420,-0.493,43.469,-3.995,45.237,-3.621,46.121,0.9598604065175312,3.1885276864357377,9.79842241711508,840.0,30,33.762
421,-0.051,42.857000000000006,0.765,38.811,-0.085,43.061,4.334166586553867,2.178547672569851,5.857033232642599,842.0,30,33.762
422,0.6970000000000001,43.775000000000006,-3.145,43.163,1.3430000000000002,44.047,4.574232176005062,2.183176830747777,7.06203838336611,844.0,30,33.762
423,-0.663,45.135000000000005,2.1590000000000003,45.815000000000005,1.989,46.461000000000006,0.667994011949209,1.7037247557433064,0.7628574223416861,846.0,30,33.762
424,-0.901,45.271,0.493,43.707,-0.765,46.937000000000005,3.466332932653758,1.5330853246267924,7.392010168661014,848.0,30,33.762
425,0.493,45.169,-2.057,42.075,-2.737,47.957,5.921175896728623,2.660280761337241,11.060613428137517,850.0,30,33.762
426,1.139,45.645,-0.901,41.599,-1.0710000000000002,48.875,7.277985710345962,3.34189017890588,13.491312391836544,852.0,30,33.762
427,0.527,43.843,0.357,37.451,3.3150000000000004,46.631,9.644799842402122,3.638208960510216,10.799107545079249,854.0,30,33.762
428,0.357,43.928,0.187,40.103,1.6150000000000002,46.699000000000005,6.748807302034932,3.5607115095926343,8.192686681858973,856.0,30,33.762
429,0.153,43.741,-1.241,44.625,0.255,45.645,1.8106396659744315,3.113851595572616,8.615234911500048,858.0,30,33.762
430,-0.425,45.543000000000006,-1.989,47.107000000000006,0.799,41.497,6.264586498724397,2.206866364909865,10.708222880063705,860.0,30,33.762
431,0.187,44.285,-0.187,45.815000000000005,0.459,46.665000000000006,1.0676216558313156,2.156204198541288,7.297303386473637,862.0,30,33.762
432,-0.391,45.407,-1.921,44.455000000000005,3.3150000000000004,45.543000000000006,5.347844425560639,2.692089146244263,9.66101861013779,864.0,30,33.762
433,-0.561,44.115,0.765,47.039,2.2950000000000004,43.673,3.6974120679199394,2.146253824614224,12.098625069131833,866.0,30,33.762
434,0.425,43.231,0.425,47.005,-0.153,41.361,5.673519190061844,2.616943614290869,7.659309605569373,868.0,30,33.762
435,0.799,44.761,-2.669,48.229000000000006,-2.8390000000000004,42.483,5.748514242828316,3.292832923353364,16.91823167024067,870.0,30,33.762
436,0.6970000000000001,44.761,-1.445,47.277,-2.7710000000000004,44.149,3.39744904303214,2.4256341087329973,13.39054532232776,872.0,30,33.762
437,-0.901,45.849,-3.5530000000000004,46.291,-0.051,43.129000000000005,4.718288672813482,2.9389985088320896,6.480927739211759,874.0,30,33.762
438,-1.5810000000000002,44.081,-2.8390000000000004,43.639,0.765,43.265,3.6233536951283134,1.2688845194977516,5.366940909858059,876.0,30,33.762
439,0.187,42.211000000000006,,,,,3.6233536951283134,2.232791676026808,,878.0,30,33.762
440,-0.7310000000000001,43.826,-2.737,47.923,1.513,43.809000000000005,5.9150229078170105,2.3405614600049467,11.468677631031015,880.0,30,33.762
441,0.527,44.727,0.153,47.889,2.635,42.959,5.519531139508138,1.7515077846193678,6.229745800441483,882.0,30,33.762
442,-0.017,43.231,-3.621,44.523,3.3830000000000005,46.325,7.232096514842706,3.0706782678848783,11.95033338010181,884.0,30,33.762
443,-0.425,43.503,-3.825,45.203,3.0090000000000003,46.903000000000006,7.042269236545846,3.352149753580348,13.85332831631302,886.0,30,33.762
444,0.629,45.339000000000006,-2.125,43.843,2.431,47.005,5.545753330251896,2.583016345446305,10.165796198264085,888.0,30,33.762
445,-0.8330000000000001,44.965,0.221,47.243,0.527,47.039,0.3677662300973269,2.323496724155318,12.187860831010797,890.0,30,33.762
446,1.139,44.693000000000005,-3.519,44.285,2.057,48.025000000000006,6.714117663550439,2.756832775361517,14.664275354690174,892.0,30,33.762
447,-0.5950000000000001,44.081,-0.391,44.591,1.955,45.101000000000006,2.4007948683717237,2.371375751472466,8.187970141130577,894.0,30,33.762
448,1.3090000000000002,45.135000000000005,-3.0090000000000003,47.107000000000006,1.0710000000000002,45.781000000000006,4.29006713234187,2.423631610499577,12.25774636079099,896.0,30,33.762
449,1.411,43.503,-0.017,48.705000000000005,-1.207,41.769000000000005,7.037342964500168,2.6559197986404497,10.256616860155413,898.0,30,33.762
450,0.119,45.305,0.5950000000000001,45.543000000000006,0.935,41.803,3.755422745843669,1.841793224182031,10.414529235197294,900.0,30,33.762
451,-1.479,44.659000000000006,-2.7030000000000003,45.135000000000005,-2.873,44.999,0.2177062240727168,2.6020340749060167,1.0964245926332985,902.0,30,33.762
452,0.289,45.713,-3.349,45.713,-2.669,43.061,2.737791810930846,3.068299334587458,17.287930008095387,904.0,30,33.762
453,-1.887,44.251000000000005,-0.323,48.603,0.765,40.681,7.99636342345694,2.8621374312759245,11.992987391725798,906.0,30,33.762
454,-0.8330000000000001,46.189,2.499,47.277,-0.221,40.579,7.229218768304083,2.8626435784985995,11.753262483092737,908.0,30,33.762
455,-1.377,44.285,-1.955,45.441,3.0770000000000004,47.039,5.27964279094713,2.768487302004869,6.520189939226819,910.0,30,33.762
456,0.221,43.333000000000006,-2.431,43.809000000000005,2.8390000000000004,43.639,5.27274122255208,2.7237392837615797,9.975634121406005,912.0,30,33.762
457,-1.785,44.387,-3.757,46.223000000000006,2.057,43.639,6.362362139960284,2.609060374523213,12.529438973654369,914.0,30,33.762
458,1.479,44.659000000000006,,,,,6.362362139960284,2.279073490449074,,916.0,30,33.762
459,-0.425,44.86300000000001,-2.7710000000000004,47.447,-0.289,41.123000000000005,6.79362200891395,2.40435560275584,12.512324002295154,918.0,30,33.762
460,-1.037,43.29900000000001,-2.397,48.569,1.717,42.551,7.289809325352756,2.369947593367124,9.200537282607224,920.0,30,33.762
461,-0.527,44.013000000000005,-2.091,42.177,0.799,45.339000000000006,4.2837301502312215,3.103230312251591,9.953430720819556,922.0,30,33.762
462,0.561,44.149,-2.5330000000000004,43.605,-2.4650000000000003,48.161,4.55650743442826,3.407714341824351,15.325266720648528,924.0,30,33.762
463,0.663,42.789,-0.085,40.307,-0.629,49.045,8.754917475339218,3.094234818452313,12.230537834983885,926.0,30,33.762
464,1.207,43.877,2.363,42.755,-2.669,48.195,7.410440202848951,2.477075453419287,9.975968298262725,928.0,30,33.762
465,1.683,44.795,1.275,42.653000000000006,-3.145,46.665000000000006,5.969300126480491,2.645723999367323,13.100021455745342,930.0,30,33.762
466,0.221,44.625,0.085,44.455000000000005,-3.689,46.291,4.196900284733961,2.705168851503509,16.687660044958076,932.0,30,33.762
467,-0.051,45.441,2.9410000000000003,44.217000000000006,-1.989,43.29900000000001,5.014740671261078,2.1940994691416806,5.712264283765763,934.0,30,33.762
468,-0.6970000000000001,44.965,-3.723,45.815000000000005,-0.5950000000000001,43.775000000000006,3.7344322192269073,2.196577100379394,6.37279327022919,936.0,30,33.762
469,-0.7310000000000001,46.563,-1.921,47.141000000000005,-2.057,46.937000000000005,0.2451774867315513,2.2115161236245844,0.530614777644682,938.0,30,33.762
470,-0.357,43.741,-3.893,45.713,3.5530000000000004,46.087,7.455386777357699,3.446413590319572,13.500944495745529,940.0,30,33.762
471,-0.289,44.489,-0.799,45.781000000000006,1.377,48.263000000000005,3.3008029326210924,2.8961458889128857,17.53429768184783,942.0,30,33.762
472,0.629,44.455000000000005,-3.213,45.883,2.805,47.685,6.2820003183699376,2.696976785557341,15.892113589736454,944.0,30,33.762
473,1.751,45.169,-0.153,45.611,0.153,42.585,3.041432557200636,1.900753066533673,8.754494636418222,946.0,30,33.762
474,0.8330000000000001,45.033,1.3430000000000002,48.67100000000001,-0.901,41.259,7.744241731764318,3.0558289982509046,10.912415818584725,948.0,30,33.762
475,0.561,44.183,-2.7030000000000003,47.889,-2.8390000000000004,43.775000000000006,4.11624732007201,3.008783671063376,18.727802752352527,950.0,30,33.762
476,1.513,45.713,-0.799,42.687000000000005,2.737,45.475,4.502914611670979,1.7387046399295245,7.826290935008114,952.0,30,33.762
477,-0.051,43.911,-1.207,48.603,2.193,42.041,7.390523932712755,2.540871729515073,8.081806429047594,954.0,30,33.762
478,-0.7310000000000001,44.523,-2.1590000000000003,45.169,-0.7310000000000001,43.197,2.4347418754356696,1.691120565649293,8.714359928330579,956.0,30,33.762
479,-0.323,43.537000000000006,-0.221,42.245000000000005,3.349,45.407,4.768977248844871,2.679235771626224,12.013266971142365,958.0,30,33.762
480,-0.289,44.183,-2.397,42.075,3.3150000000000004,46.393,7.160451661731962,2.9432470679316367,9.456183335339537,960.0,30,33.762
481,1.105,44.42100000000001,0.221,42.177,0.561,46.223000000000006,4.06026058277052,2.7932142378910925,8.882140365166139,962.0,30,33.762
482,1.0710000000000002,44.999,-3.451,44.897000000000006,-0.663,48.977,4.941593265334573,3.64406262592612,18.14677095805796,964.0,30,33.762
483,1.241,44.897000000000006,-2.2270000000000003,47.515,0.901,43.163,5.359504454704745,1.7926110820583507,10.88403853201601,966.0,30,33.762
484,-0.391,43.724,-3.145,47.243,0.561,43.571000000000005,5.217089226762371,2.3117656663310933,12.113197043677834,968.0,30,33.762
485,-0.051,44.86300000000001,-2.7030000000000003,44.149,-1.173,45.373000000000005,1.959356016654452,2.714364750425512,18.509561029398384,970.0,30,33.762
486,0.901,43.707,-0.119,42.381,0.425,45.543000000000006,3.208454456588094,2.6824207709649617,7.375213857263496,972.0,30,33.762
487,0.629,46.325,-3.5530000000000004,46.325,-0.289,43.605,4.2487758236932205,3.1348515869896434,16.828787039149187,974.0,30,33.762
488,-0.357,45.407,-3.689,44.285,-0.051,43.945,3.65385330849502,1.742269485568219,4.769079967266193,976.0,30,33.762
489,0.969,45.883,-2.567,43.843,2.635,46.835,6.001072237525558,2.264371898870665,10.751827144920458,978.0,30,33.762
490,0.391,43.503,0.765,49.11300000000001,2.7030000000000003,42.823,6.581788814600481,2.483269488441945,11.059154143086886,980.0,30,33.762
491,1.003,45.441,2.193,42.585,-1.6150000000000002,44.455000000000005,4.242377163808047,2.9279428630871,9.197553508878826,982.0,30,33.762
492,-1.5810000000000002,44.625,-0.561,40.919,-3.587,45.237,5.27274122255208,2.8553608001180124,7.951912907297653,984.0,30,33.762
493,-0.663,44.251000000000005,-1.6150000000000002,41.73500000000001,0.187,48.909000000000006,7.396856088906962,2.1741414478765333,8.169482248703575,986.0,30,33.762
494,-0.935,45.203,-1.241,43.537000000000006,2.669,43.809000000000005,3.919449451134688,2.9408975932719903,6.668164717102212,988.0,30,33.762
495,-1.411,45.135000000000005,-0.561,48.43300000000001,0.255,44.115,4.394426014851087,2.214045621607353,8.887113198921138,990.0,30,33.762
496,-0.493,45.917,1.5470000000000002,48.059000000000005,0.935,45.543000000000006,2.589362855993729,2.2030793572502123,13.609553667175954,992.0,30,33.762
497,-0.8670000000000001,44.931,2.2950000000000004,48.059000000000005,1.5810000000000002,42.755,5.351841925916722,2.4599996997010978,14.063135299339134,994.0,30,33.762
498,-0.051,44.693000000000005,-2.431,43.29900000000001,0.8330000000000001,44.149,3.372861692984164,3.139551994405172,9.755975272923296,996.0,30,33.762
499,-0.459,43.673,-0.357,41.123000000000005,-0.153,47.107000000000006,5.987476263000965,1.400776687594924,6.791102729809756,998.0,30,33.762
500,-0.799,46.495000000000005,-0.6970000000000001,46.257000000000005,2.9410000000000003,45.271,3.76924926212104,2.184459467670977,13.142359998801144,1000.0,30,33.762
501,-0.8670000000000001,43.945,-3.757,45.747,0.323,43.605,4.608097655215219,3.426318168826959,12.894419131579545,1002.0,30,33.762
502,-0.7310000000000001,44.693000000000005,-0.357,48.875,-0.119,43.707,5.173477360538075,2.4351180779525725,5.4551687398836455,1004.0,30,33.762
503,0.459,45.067,-0.051,44.86300000000001,1.139,43.979000000000006,1.4824155962482315,2.6753008517534766,8.450918288779748,1006.0,30,33.762
504,0.8330000000000001,44.047,-0.799,48.161,0.935,42.415000000000006,6.001939020016782,2.9029977995279825,15.460547118349382,1008.0,30,33.762
505,0.901,45.101000000000006,-2.873,47.175,0.221,42.007000000000005,6.023376129713303,2.882181157799656,12.907728051548071,1010.0,30,33.762
506,-0.935,44.149,-3.519,43.775000000000006,-2.125,48.059000000000005,4.505096225387423,2.2924561470662304,8.395593745204431,1012.0,30,33.762
507,-1.275,43.537000000000006,-1.853,48.501000000000005,1.0710000000000002,42.075,7.059975354064631,2.1446951539980974,9.830777048527114,1014.0,30,33.762
508,-0.969,44.42100000000001,-0.527,49.11300000000001,1.5470000000000002,44.999,4.60721955196407,2.425314292780623,15.103138978634815,1016.0,30,33.762
509,0.323,44.829,1.037,47.311,2.261,47.889,1.353609988142818,2.8152294779296083,18.02386489068968,1018.0,30,33.762
510,-0.663,45.237,-0.459,45.917,3.451,44.86300000000001,4.049569853700514,3.2535140092668167,18.381495257054432,1020.0,30,33.762
511,-0.799,44.455000000000005,-2.907,46.699000000000005,0.255,43.775000000000006,4.306741227424745,1.9147376340022555,7.955299701218053,1022.0,30,33.762
512,1.037,46.903000000000006,-3.3150000000000004,47.005,1.139,46.189,4.528131181845332,2.884929492669888,14.737501000568196,1024.0,30,33.762
513,0.323,44.897000000000006,-2.601,43.843,2.397,46.461000000000006,5.642156325377737,2.444297973482591,10.165227036006012,1026.0,30,33.762
514,0.187,45.101000000000006,-1.819,45.475,2.091,43.333000000000006,4.458280385978433,1.891085490871257,5.635544433974638,1028.0,30,33.762
515,-0.765,45.577000000000005,-2.601,42.211000000000006,1.411,42.381,4.015600079689212,2.9763073349756906,18.20975511415848,1030.0,30,33.762
516,1.6150000000000002,45.322,-1.3090000000000002,44.795,0.357,44.149,1.7868609347120443,1.3508691551646537,8.350648794246938,1032.0,30,33.762
517,1.377,44.489,0.425,46.937000000000005,1.0710000000000002,41.701,5.27570014310897,2.05783371261534,11.211268046385603,1034.0,30,33.762
518,-0.5950000000000001,42.925,-1.955,44.455000000000005,-1.411,43.503,1.0964670537686028,2.602767863407584,4.909209388370074,1036.0,30,33.762
519,-0.561,44.727,-2.737,46.223000000000006,2.329,42.619,6.217167522272503,1.995349239945006,9.43881779203052,1038.0,30,33.762
520,1.3430000000000002,45.713,0.5950000000000001,47.073,1.853,41.939,5.285879302443446,2.9048829620292835,6.9604620354757,1040.0,30,33.762
521,2.023,44.931,-1.479,48.025000000000006,1.785,42.007000000000005,6.8461682713763325,2.867335527781828,10.936785586773052,1042.0,30,33.762
522,-0.153,45.628,0.051,45.407,2.635,44.489,2.742221726994373,2.585610075308816,16.65433736567583,1044.0,30,33.762
523,0.391,45.509,-2.907,45.339000000000006,0.289,39.185,6.934416485905645,3.114794990819594,15.760878968896352,1046.0,30,33.762
524,-1.037,43.435,-2.7030000000000003,43.605,2.431,44.353,5.188203928143149,2.717683354675376,8.300897224898891,1048.0,30,33.762
525,-1.377,43.401,-1.275,48.637,3.111,43.095000000000006,7.067585160434929,2.875598418885407,14.589610111594618,1050.0,30,33.762
526,-1.853,44.591,-3.4850000000000003,43.911,2.601,44.081,6.08837383871917,2.2598839270170505,11.659782946115731,1052.0,30,33.762
527,0.221,44.489,-2.2270000000000003,42.959,3.281,46.631,6.619792141751884,2.939902704676938,7.98893411200752,1054.0,30,33.762
528,0.323,43.843,-1.6150000000000002,45.645,0.527,39.117,6.870440160571956,1.803912457051536,9.452515827731958,1056.0,30,33.762
529,-0.5950000000000001,42.143,-3.213,45.849,-0.799,40.919,5.489289207174277,1.8564711869692476,6.154774114748248,1058.0,30,33.762
530,-0.017,45.577000000000005,-3.213,44.217000000000006,-0.935,41.497,3.5479126257561644,2.838212231905878,15.49170123548874,1060.0,30,33.762
531,0.6970000000000001,44.659000000000006,-1.445,41.531000000000006,-0.629,45.067,3.628932625442363,1.7222470606098017,7.205637199884279,1062.0,30,33.762
532,0.357,43.367,-2.057,41.837,-1.513,41.565000000000005,0.6082104898799429,1.444105891826848,7.13436046384033,1064.0,30,33.762
533,0.221,45.781000000000006,1.105,42.347,1.241,43.435,1.0964670537686028,2.0230326901845586,1.2628617960113624,1066.0,30,33.762
534,1.105,44.727,-0.7310000000000001,42.211000000000006,-0.289,49.079,6.882208075901223,2.5596685578616896,11.234236815927511,1068.0,30,33.762
535,0.969,44.183,-1.479,48.773,3.4170000000000003,43.503,7.193310503516444,3.3549199300799053,8.890434525802046,1070.0,30,33.762
536,0.391,44.013000000000005,-2.499,43.605,1.921,46.257000000000005,5.154561475043246,2.764478054025599,8.094508042479797,1072.0,30,33.762
537,-0.017,45.475,-3.1790000000000003,44.999,-1.5470000000000002,43.639,2.1243879118466102,2.925087474868433,16.92785155074461,1074.0,30,33.762
538,0.5950000000000001,43.129000000000005,-3.349,44.86300000000001,2.975,45.339000000000006,6.3418886776732375,2.5415624894640043,12.138851688355691,1076.0,30,33.762
539,-0.935,43.571000000000005,,,,,6.3418886776732375,2.603558918831049,,1078.0,30,33.762
540,-1.6150000000000002,43.401,-3.4170000000000003,46.121,1.241,44.659000000000006,4.882049569596769,1.8099352430459976,10.373428403553143,1080.0,30,33.762
541,-1.3090000000000002,44.42100000000001,-1.377,48.43300000000001,-1.003,43.707,4.740775463993207,2.4393849188202665,18.101399588410747,1082.0,30,33.762
542,-0.8670000000000001,43.979000000000006,-3.349,45.577000000000005,0.7310000000000001,46.937000000000005,4.300697617828996,2.6579396332784966,13.58821522544644,1084.0,30,33.762
543,0.8330000000000001,44.999,-3.3830000000000005,44.795,-1.751,47.617,3.2599245390039324,3.3972109537630746,19.338128061692363,1086.0,30,33.762
544,0.969,45.203,-1.241,44.081,1.717,47.923,4.848786239874882,3.0303924574480345,12.209290398022622,1088.0,30,33.762
545,-0.187,44.727,-2.125,43.503,1.207,47.413,5.137151350700114,1.8934008645151976,7.821760319839747,1090.0,30,33.762
546,-1.105,42.993,-2.499,44.013000000000005,-0.527,40.239,4.258152181404512,2.973073501842153,9.252758211741206,1092.0,30,33.762
547,-0.221,45.101000000000006,-3.961,45.917,0.357,41.803,5.964069080753508,3.016968382809787,12.304516188031483,1094.0,30,33.762
548,0.561,45.169,0.425,42.721,0.493,46.86900000000001,4.148557339606144,1.5083969704192517,5.23413472192578,1096.0,30,33.762
549,-1.105,45.475,1.445,42.449000000000005,0.799,46.291,3.8959312108916913,2.0631864922697964,12.806800160341355,1098.0,30,33.762
550,-0.799,45.373000000000005,,,,,3.8959312108916913,1.7424900871831308,,1100.0,30,33.762
551,-0.8670000000000001,47.141000000000005,-1.785,41.871,0.017,48.705000000000005,7.067585160434929,2.909979499053607,14.607631303977914,1102.0,30,33.762
552,0.017,45.917,-2.7710000000000004,42.313,0.969,48.399,7.143318276543472,2.308506838375234,11.398006421494038,1104.0,30,33.762
553,0.629,45.747,-3.689,46.495000000000005,3.111,43.741,7.336519338214819,2.5817496599054715,10.953437634123436,1106.0,30,33.762
554,0.901,45.543000000000006,-3.893,45.033,3.4850000000000003,45.169,7.379253349763783,2.416365627701248,11.29570900793057,1108.0,30,33.762
555,0.357,44.387,-3.1790000000000003,47.175,1.955,43.571000000000005,6.272700534857376,2.7705213771908146,10.69757115708865,1110.0,30,33.762
556,1.411,44.761,-0.935,45.203,-0.765,45.271,0.1830956034425731,1.315943956042381,0.6606585047013738,1112.0,30,33.762
557,-0.6970000000000001,46.019000000000005,-2.669,42.381,2.7030000000000003,47.175,7.200056944219261,2.939276320195888,11.662143575051772,1114.0,30,33.762
558,-1.0710000000000002,44.931,-1.853,41.803,-1.241,43.231,1.5536177135962377,3.4750190692736536,22.750652691052927,1116.0,30,33.762
559,0.8670000000000001,45.407,-3.349,43.367,-3.519,43.537000000000006,0.2404163056034262,3.2402291560708965,2.1956091429539915,1118.0,30,33.762
560,0.425,45.118,-3.689,43.639,2.091,47.719,7.074941695872837,2.1127292392059225,7.913245897804455,1120.0,30,33.762
561,-1.275,45.135000000000005,-2.057,41.837,0.629,45.679,4.687809723100971,3.227335510142288,20.61524298065468,1122.0,30,33.762
562,-0.255,43.979000000000006,0.493,42.721,2.329,47.073,4.723430956412934,1.8322179870008484,7.118761457186265,1124.0,30,33.762
563,1.785,43.979000000000006,,,,,4.723430956412934,2.6689549793868914,,1126.0,30,33.762
564,1.377,45.781000000000006,-1.819,45.441,0.119,42.041,3.913546217946072,2.8073003615240024,13.25219617878241,1128.0,30,33.762
565,-1.139,44.489,-1.5810000000000002,47.957,2.873,42.755,6.848278615827485,2.4255289985742303,11.704882367888,1130.0,30,33.762
566,-0.119,45.339000000000006,-0.153,48.773,2.601,42.449000000000005,6.897643945580259,2.0757670089500397,9.505701488092106,1132.0,30,33.762
567,1.377,45.169,0.119,44.965,2.091,42.007000000000005,3.555073557607494,3.0710736718790144,13.140681931033194,1134.0,30,33.762
568,-0.357,44.42100000000001,-1.819,43.741,0.527,39.049,5.245815475214507,2.579470341350527,15.063013249673794,1136.0,30,33.762
569,0.493,43.333000000000006,0.357,45.679,-0.459,42.347,3.430463525531208,2.4895530552848952,8.808983564528752,1138.0,30,33.762
570,1.479,44.353,-2.873,43.741,3.145,44.251000000000005,6.039571507979685,2.777959090351474,11.8753805652561,1140.0,30,33.762
571,-0.935,45.101000000000006,-3.927000000000001,46.019000000000005,3.519,45.067,7.506611752315422,2.0636984819027497,10.949250987467122,1142.0,30,33.762
572,-0.6970000000000001,45.101000000000006,-3.2470000000000003,45.543000000000006,-2.975,44.693000000000005,0.8924595228916549,2.8337849932734813,20.502619170899894,1144.0,30,33.762
573,-0.187,45.407,-3.893,44.557,-0.357,41.973000000000006,4.3795378751644565,3.1418970495043816,17.22867434138561,1146.0,30,33.762
574,0.255,45.815000000000005,-3.0090000000000003,44.591,2.023,47.447,5.785996889041681,2.504449869833849,7.950568839974727,1148.0,30,33.762
575,0.8670000000000001,44.761,-2.805,43.571000000000005,2.4650000000000003,46.121,5.8545196216256725,2.5208503363275296,22.223761712088383,1150.0,30,33.762
576,0.493,46.053,-3.213,46.835,0.289,42.789,5.351085871110649,3.539216511312105,15.543017033580238,1152.0,30,33.762
577,-0.051,45.169,-0.527,40.137,2.431,45.883,6.462683653096445,2.443169198855613,10.892512752655705,1154.0,30,33.762
578,1.037,44.149,-1.3090000000000002,41.939,0.391,47.141000000000005,5.472732772573497,2.259195734415389,11.69900227036742,1156.0,30,33.762
579,2.125,45.101000000000006,-3.893,44.489,2.431,47.141000000000005,6.857556416100418,2.539681335186073,10.44791435894465,1158.0,30,33.762
580,1.173,45.611,-1.5810000000000002,41.565000000000005,2.397,48.025000000000006,7.586572612187931,2.688717301270969,13.614612634160398,1160.0,30,33.762
581,1.003,44.625,-2.329,43.29900000000001,0.561,47.855,5.395297582154297,2.588297890482018,12.878494440870949,1162.0,30,33.762
582,-0.493,45.441,-1.683,42.959,-0.561,47.719,4.890448241214705,2.4739468390772084,18.106467566400543,1164.0,30,33.762
583,-1.479,44.251000000000005,-1.717,45.645,2.907,42.959,5.347520172939977,2.226624891481684,12.196621652868128,1166.0,30,33.762
584,-1.0710000000000002,44.013000000000005,-1.3430000000000002,44.149,1.989,43.231,3.456146408935825,3.182275322368464,5.724861235085797,1168.0,30,33.762
585,-0.8670000000000001,43.367,-3.281,44.693000000000005,2.5330000000000004,44.659000000000006,5.814099414354729,3.2303241385513477,10.335181350304753,1170.0,30,33.762
586,0.663,46.274,-4.063000000000001,45.339000000000006,1.0710000000000002,43.435,5.475689180368075,3.1516986037314183,7.670255092118998,1172.0,30,33.762
587,0.799,44.013000000000005,-0.187,45.849,1.411,42.143,4.0358443973969065,2.721062292561492,10.400164814751806,1174.0,30,33.762
588,-0.085,45.169,-2.499,46.495000000000005,-0.7310000000000001,42.619,4.260187789288167,2.6290645112777726,13.433864032155302,1176.0,30,33.762
589,-0.663,46.019000000000005,,,,,4.260187789288167,1.7659361056208067,,1178.0,30,33.762
590,0.527,45.135000000000005,-2.193,44.115,1.377,46.291,4.180894162736005,2.786053522504864,17.857196083816156,1180.0,30,33.762
591,-1.751,45.237,-0.153,46.767,1.377,44.455000000000005,2.772407617937882,2.4873496679933185,10.865263454728897,1182.0,30,33.762
592,-0.527,45.101000000000006,-1.173,44.931,3.4170000000000003,45.883,4.687686422959625,2.791713405577562,19.309122648198745,1184.0,30,33.762
593,-0.051,45.883,-0.799,42.755,2.7030000000000003,44.489,3.907781979588933,2.8838768909383976,14.707268963917093,1186.0,30,33.762
594,0.969,46.019000000000005,-2.669,44.047,1.275,44.013000000000005,3.944146549001444,3.279769913679532,15.972504429644106,1188.0,30,33.762
595,0.5950000000000001,45.203,-3.1790000000000003,45.033,1.445,43.29900000000001,4.9384341647935335,3.128656238324239,12.47316200635424,1190.0,30,33.762
596,0.7310000000000001,45.441,-3.213,47.141000000000005,2.193,42.211000000000006,7.316401847903108,3.373968740575943,11.829866606699794,1192.0,30,33.762
597,0.8670000000000001,44.727,-3.5530000000000004,46.393,1.5810000000000002,46.189,5.138051381603731,2.4342301122191485,11.9494876766449,1194.0,30,33.762
598,-2.2950000000000004,46.189,-0.8330000000000001,43.503,3.2470000000000003,45.781000000000006,4.672866786031889,2.06071915763413,13.277340754687216,1196.0,30,33.762
599,-0.8670000000000001,44.387,-2.7030000000000003,42.687000000000005,1.955,48.467000000000006,7.423298727654708,2.17853958112816,9.551888501208875,1198.0,30,33.762
600,-0.289,44.931,-2.057,47.54900000000001,-1.037,45.679,2.130093894644084,1.2650936013464535,9.814319307338698,1200.0,30,33.762
601,0.221,44.795,-1.819,46.563,2.1590000000000003,42.211000000000006,5.896133309212064,2.945340078575678,16.688798695328117,1202.0,30,33.762
602,-0.425,43.877,-4.097,45.271,2.1590000000000003,42.007000000000005,7.056290243463629,2.470705201957444,8.247751228969811,1204.0,30,33.762
603,-0.561,43.163,-3.723,45.849,1.955,45.237,5.7108867962865455,2.4269092248655366,11.190876586358016,1206.0,30,33.762
604,-0.6970000000000001,43.333000000000006,-0.969,43.911,1.5470000000000002,44.659000000000006,2.6248352329241547,2.900175142043247,6.9722956998927685,1208.0,30,33.762
605,0.629,43.503,-3.0090000000000003,43.29900000000001,2.669,45.917,6.252488144730865,2.480388769476162,10.14026502719498,1210.0,30,33.762
606,-0.425,47.005,-1.819,45.067,1.479,44.965,3.299576942579155,2.0971056907244723,8.913010669635252,1212.0,30,33.762
607,0.629,45.917,0.459,41.973000000000006,1.411,47.447,5.556165944246086,2.0101493895157523,7.647406741778427,1214.0,30,33.762
608,-1.5470000000000002,45.101000000000006,-2.329,45.611,3.587,45.271,5.925762060697342,2.8268797581891927,8.78437885361128,1216.0,30,33.762
609,0.119,46.223000000000006,-3.587,46.257000000000005,0.527,46.86900000000001,4.15927157084026,3.3738636212484225,12.762354660164672,1218.0,30,33.762
610,-0.527,45.713,-2.907,45.883,-1.003,41.361,4.906495694485017,2.000731394927785,11.650920159325723,1220.0,30,33.762
611,0.561,46.019000000000005,-2.261,47.175,0.289,42.619,5.221076134284963,2.1799537748093503,9.363666561861406,1222.0,30,33.762
612,-0.561,43.469,,,,,5.221076134284963,1.9141583212610829,,1224.0,30,33.762
613,-1.513,44.013000000000005,-3.519,45.883,3.3830000000000005,44.829,6.982014036078702,2.667147756446939,14.72661843870052,1226.0,30,33.762
614,-0.357,43.639,-3.859,45.101000000000006,2.635,45.98500000000001,6.553891363152124,3.1311856313294784,12.85501237032196,1228.0,30,33.762
615,-0.425,43.911,-0.493,46.937000000000005,-0.459,46.835,0.1075174404457249,1.963772237744588,0.1160323769672652,1230.0,30,33.762
616,1.445,43.707,-3.2470000000000003,44.591,0.663,47.107000000000006,4.64955438725046,2.80183591705382,12.6899923538481,1232.0,30,33.762
617,0.425,44.897000000000006,-0.663,48.637,-0.527,41.225,7.413247601422739,3.1450305466510846,12.249291385189226,1234.0,30,33.762
618,-1.207,45.169,-2.125,43.367,3.043,45.883,5.7479109248491325,1.8445873796215608,8.481080690210701,1236.0,30,33.762
619,0.425,45.169,-0.119,45.679,1.683,47.923,2.87797498251809,2.103331237316343,10.510126645513848,1238.0,30,33.762
620,-0.289,45.543000000000006,-3.451,45.101000000000006,0.561,48.875,5.508104937271984,3.0076929905052827,14.157212174658389,1240.0,30,33.762
621,0.221,44.846,-0.8670000000000001,45.815000000000005,-0.187,48.841,3.1014635254988896,2.2774042428899754,12.117654915570306,1242.0,30,33.762
622,0.629,44.625,-1.921,42.211000000000006,-1.479,48.67100000000001,6.475103396857846,2.5698368734293293,12.823994535558356,1244.0,30,33.762
623,-1.173,46.291,-0.221,44.387,0.901,47.447,3.2592152429687733,1.67705389304402,10.366681187345105,1246.0,30,33.762
624,-0.017,46.767,-2.057,45.475,-0.935,44.081,1.7894468419039444,1.9564767520341253,9.987117641380978,1248.0,30,33.762
625,0.153,45.815000000000005,-3.349,42.891000000000005,3.621,45.441,7.421819184000646,2.366687654373022,9.3303893862391,1250.0,30,33.762
626,-0.969,45.237,,,,,7.421819184000646,2.171110357029167,,1252.0,30,33.762
627,0.765,44.829,-3.3150000000000004,42.891000000000005,2.975,43.503,6.319702841115238,2.161504309051634,8.659182180553778,1254.0,30,33.762
628,-0.323,45.339000000000006,-0.799,42.959,-0.085,44.081,1.3299172906613403,2.2123376740814384,10.899924333974282,1256.0,30,33.762
629,-0.255,46.308,-3.621,46.155,2.567,42.381,7.248063189570026,3.514301955131692,13.900842134414091,1258.0,30,33.762
630,0.8330000000000001,47.175,-3.655,46.325,2.431,42.551,7.161178115366215,2.837275071809673,12.764838233619916,1260.0,30,33.762
631,0.527,44.693000000000005,0.663,41.633,1.717,48.603,7.049242228778921,2.474984419088335,8.015226591178982,1262.0,30,33.762
632,0.969,45.203,-0.119,42.891000000000005,0.459,47.617,4.761214130870403,2.535453380563081,9.098947655835929,1264.0,30,33.762
633,1.819,43.707,-2.2270000000000003,42.891000000000005,0.187,48.705000000000005,6.295235658813735,3.008150664022799,13.00837889394722,1266.0,30,33.762
634,0.255,45.373000000000005,-1.377,46.019000000000005,1.003,42.007000000000005,4.664819825030759,1.9045246303256045,13.743570296830448,1268.0,30,33.762
635,0.8330000000000001,46.665000000000006,2.4650000000000003,45.271,2.635,45.135000000000005,0.2177062240727168,1.5157272885081854,0.5055147910254394,1270.0,30,33.762
636,0.493,45.407,-3.519,44.557,-1.683,47.855,3.774612562899669,2.3513167375190585,14.10549542320163,1272.0,30,33.762
637,0.425,47.039,-3.213,46.937000000000005,2.397,45.237,5.861919480852667,2.812878411780264,8.161915554654225,1274.0,30,33.762
638,-1.037,43.571000000000005,-1.105,41.973000000000006,-0.357,46.767,4.85200370980897,2.5089858426505103,9.522541121255491,1276.0,30,33.762
639,1.105,43.758,-3.451,44.761,0.153,41.905,4.598429297053507,2.4953663008480134,10.56715304732124,1278.0,30,33.762
640,-0.221,42.823,-2.567,48.331,1.139,44.047,5.664546936869709,2.504251492113774,13.30950250638858,1280.0,30,33.762
641,0.357,43.197,-2.635,42.483,-0.935,40.341,2.7346231915933137,2.1369196961179093,11.262210415449086,1282.0,30,33.762
642,0.629,43.554,-0.459,43.469,-0.391,42.619,0.8527156618709428,2.170991668033773,0.9600156499574904,1284.0,30,33.762
643,-0.459,42.653000000000006,-2.907,47.719,0.6970000000000001,40.953,7.666001043568936,2.4115138268287626,10.488829433391391,1286.0,30,33.762
644,-1.173,43.333000000000006,-2.873,47.855,3.349,44.659000000000006,6.994833807889935,2.7508375310339552,12.05928598433546,1288.0,30,33.762
645,-1.445,45.509,-3.927000000000001,45.98500000000001,-0.969,48.263000000000005,3.733503448505171,1.8676304338984635,8.29581237866704,1290.0,30,33.762
646,-0.255,44.999,-2.7030000000000003,45.271,0.255,47.821000000000005,3.905414702691637,2.218210986653076,9.066628124175503,1292.0,30,33.762
647,-0.7310000000000001,44.251000000000005,-3.349,44.693000000000005,1.921,46.223000000000006,5.487604213133452,2.758902458549459,11.253393035531593,1294.0,30,33.762
648,-0.6970000000000001,44.761,-3.2470000000000003,44.693000000000005,2.4650000000000003,47.821000000000005,6.512398022234207,2.836317354026509,11.868747620082924,1296.0,30,33.762
649,-0.119,44.251000000000005,-0.051,45.849,1.683,48.603,3.254423451242939,2.624083259064472,16.985473183238945,1298.0,30,33.762
650,-1.0710000000000002,45.288,-1.717,42.177,-0.119,47.685,5.73512580507176,1.97396589849497,14.37253260808428,1300.0,30,33.762
651,-0.017,44.183,-1.0710000000000002,48.127,-1.207,48.569,0.4624499972970051,1.8726810889786816,0.6478053555627215,1302.0,30,33.762
652,1.377,44.659000000000006,-1.241,48.603,-0.493,48.603,0.748,2.97911825521312,0.8226858031088549,1304.0,30,33.762
653,-0.357,45.237,-0.629,43.775000000000006,0.935,41.429,2.81954109741284,3.11946073900634,22.126373401898967,1306.0,30,33.762
654,-0.969,43.877,-3.689,46.189,3.0770000000000004,47.039,6.819182942259285,3.4773439883314823,8.96284377748209,1308.0,30,33.762
655,-0.459,44.013000000000005,-2.397,44.999,3.519,45.407,5.930052276329442,2.7329737983229694,8.16218454214499,1310.0,30,33.762
656,-0.6970000000000001,43.605,-3.145,43.503,1.241,44.557,4.510865992245835,2.0123072782519964,8.713140607803831,1312.0,30,33.762
657,-0.391,43.724,-1.683,41.871,2.7030000000000003,46.053,6.0602079172252825,2.5667674457764544,8.778751078459024,1314.0,30,33.762
658,-0.935,44.081,-3.0770000000000004,44.081,-2.9410000000000003,45.679,1.603776792449623,2.3764169421876105,14.51227453127909,1316.0,30,33.762
659,0.459,45.033,-2.023,42.823,-2.567,47.243,4.4533510977689605,2.3592159106910247,12.387629287133093,1318.0,30,33.762
660,0.7310000000000001,45.679,,,,,4.4533510977689605,2.525543125476698,,1320.0,30,33.762
661,0.0,45.713,-2.023,42.721,-2.805,47.617,4.95805808759841,2.354576707498269,14.730775469451572,1322.0,30,33.762
662,0.527,44.897000000000006,-0.799,41.633,0.5950000000000001,48.977,7.475130232979223,2.668756581951408,11.101748507864851,1324.0,30,33.762
663,-0.663,43.605,1.5810000000000002,45.305,-2.261,42.551,4.727100591271568,2.000141620064837,6.112740592740903,1326.0,30,33.762
664,-1.5810000000000002,44.217000000000006,2.907,45.441,-3.757,44.047,6.808240007520299,2.5447584898648303,11.427908338455234,1328.0,30,33.762
665,0.017,44.591,0.493,46.42700000000001,-3.5530000000000004,45.849,4.087077195258245,2.8157852521149307,14.70917883443522,1330.0,30,33.762
666,-0.051,43.945,-1.853,43.129000000000005,-1.819,46.835,3.706155960021111,2.7660325706053563,11.417411775293647,1332.0,30,33.762
667,-1.3090000000000002,43.877,0.153,42.313,0.561,48.67100000000001,6.371077459896403,2.84159042445439,14.957171553691085,1334.0,30,33.762
668,-0.459,44.829,0.561,41.565000000000005,1.037,48.739,7.189774127189255,2.57596094663459,10.408543778656364,1336.0,30,33.762
669,-0.289,45.645,-2.8390000000000004,43.775000000000006,1.139,45.747,4.4399626124552,2.5089068166041484,15.958938379307437,1338.0,30,33.762
670,0.289,45.98500000000001,-4.063000000000001,45.305,2.499,47.515,6.924156555133629,3.1947780451641443,21.058540892394745,1340.0,30,33.762
671,-0.5950000000000001,46.053,0.017,44.625,2.7030000000000003,44.285,2.70743347102011,2.2329684369054106,10.251511506362217,1342.0,30,33.762
672,0.8330000000000001,43.843,-3.451,47.005,-3.621,46.699000000000005,0.350051424793558,2.923611845451482,0.7625980072462724,1344.0,30,33.762
673,-1.411,44.625,0.051,46.087,3.281,46.461000000000006,3.251580538753424,2.685841310328741,15.53031461475994,1346.0,30,33.762
674,-0.799,43.707,-0.119,44.013000000000005,0.799,48.909000000000006,4.98131910240651,2.90483189105169,18.46068149887333,1348.0,30,33.762
675,0.493,44.42100000000001,2.567,43.843,-2.499,44.523,5.111433849713796,2.1545858158207225,6.410655115836728,1350.0,30,33.762
676,-0.8330000000000001,45.203,-0.6970000000000001,46.359,-0.459,47.243,0.9154780172128656,1.7142155426338863,11.90968009445977,1352.0,30,33.762
677,-0.459,45.577000000000005,-3.587,43.809000000000005,2.023,41.939,5.913459224514869,2.504270156886293,12.30397518727759,1354.0,30,33.762
678,0.085,45.98500000000001,-1.003,48.501000000000005,0.7310000000000001,44.149,4.684726246004136,1.879577884397515,17.49302019797493,1356.0,30,33.762
679,-0.425,46.121,3.0770000000000004,47.005,0.5950000000000001,39.729000000000006,7.68768495712461,3.22142070000096,14.019447594963234,1358.0,30,33.762
680,-0.255,44.659000000000006,-1.649,46.903000000000006,0.017,47.073,1.6746510084193664,2.2267545081964526,1.853894227742456,1360.0,30,33.762
681,-0.357,45.169,-1.139,46.019000000000005,-0.119,48.807,2.968727673600258,2.727027498312247,17.046509732481663,1362.0,30,33.762
682,0.765,44.217000000000006,-2.7030000000000003,43.061,0.527,47.515,5.501910213734863,2.4940275204430438,10.917966128647157,1364.0,30,33.762
683,0.8330000000000001,45.611,-2.2950000000000004,43.163,-2.635,46.291,3.1464240019425227,2.583584503518649,14.106553635681829,1366.0,30,33.762
684,0.119,45.237,-0.901,40.103,-3.1790000000000003,45.101000000000006,5.492657644528739,3.192738710054804,18.559846623480716,1368.0,30,33.762
685,1.139,44.727,-1.853,42.823,1.173,47.719,5.755648703664949,2.967298921586085,10.039131397172724,1370.0,30,33.762
686,0.187,43.503,-0.935,38.505,-1.139,45.679,7.17689988783458,3.4614990604082467,16.41393678947035,1372.0,30,33.762
687,-0.051,42.687000000000005,0.289,36.907,-1.853,45.339000000000006,8.6998154003404,3.151344975123924,13.24722989187245,1374.0,30,33.762
688,-0.5950000000000001,40.970000000000006,0.221,34.595000000000006,-0.527,49.045,14.469347048156669,4.312952959296823,16.0504409891608,1376.0,30,33.762
689,0.323,40.205000000000005,-0.7310000000000001,38.267,1.411,47.99100000000001,9.957125087092155,4.187521993661795,10.974416976234576,1378.0,30,33.762
690,-0.085,42.585,-0.221,40.647000000000006,0.153,42.245000000000005,1.6411825005160154,3.427385819945157,10.180833864276522,1380.0,30,33.762
691,-0.442,43.843,-2.7710000000000004,43.265,1.853,42.517,4.684109307008111,1.9581571752810167,11.112600559774702,1382.0,30,33.762
692,0.7310000000000001,43.911,,,,,4.684109307008111,2.5829856574928227,,1384.0,30,33.762
693,-0.8330000000000001,45.849,-1.989,43.163,1.6150000000000002,46.155,4.684109307008111,2.198204325408742,11.182327001909549,1386.0,30,33.762
694,-0.153,44.795,0.493,48.43300000000001,0.629,41.463,6.971326703002808,3.297397938512128,10.182185842371029,1388.0,30,33.762
695,0.629,45.339000000000006,-1.887,47.175,-0.017,39.967000000000006,7.446620978672139,2.974067151043991,13.856210529974938,1390.0,30,33.762
696,0.255,46.325,-2.1590000000000003,45.849,-2.261,42.143,3.707403404001243,3.3319143342593227,18.508418468594467,1392.0,30,33.762
697,1.5810000000000002,44.931,-3.213,47.379000000000005,-2.057,41.837,5.661280773817883,3.394225538322812,17.241151609857358,1394.0,30,33.762
698,-0.357,44.42100000000001,0.459,47.54900000000001,-0.493,38.607,8.992534014392163,3.298027696800239,11.074663006536712,1396.0,30,33.762
699,0.153,44.455000000000005,-3.043,44.965,-0.8330000000000001,39.899,5.527065767656469,2.5236871603019715,12.28802947724878,1398.0,30,33.762
700,0.765,43.911,-1.5810000000000002,41.701,2.397,44.693000000000005,4.9776046448065765,2.764515934713777,6.515516215076425,1400.0,30,33.762
701,-1.445,46.495000000000005,-0.493,49.045,3.4850000000000003,44.455000000000005,6.0739265718314375,2.4164785466314664,10.109115279079674,1402.0,30,33.762
702,-0.629,46.053,-2.8390000000000004,44.42100000000001,0.085,39.559000000000005,5.673519190061844,2.949539737829731,18.13171602451744,1404.0,30,33.762
703,-1.853,44.319,-3.043,44.455000000000005,1.785,41.837,5.492131462374148,1.9972075469311912,10.081664776341835,1406.0,30,33.762
704,-0.187,45.271,-3.723,45.713,3.5530000000000004,44.455000000000005,7.383951516633896,2.283177206572245,9.277498333166852,1408.0,30,33.762
705,0.493,44.897000000000006,-3.893,45.441,2.601,43.061,6.91638894221544,2.4121290628190284,9.402246733876291,1410.0,30,33.762
706,1.683,44.693000000000005,-0.153,47.345000000000006,1.683,41.803,5.838206916511267,3.1999562444199654,10.063605847430358,1412.0,30,33.762
707,1.683,45.713,-0.8670000000000001,46.223000000000006,2.363,42.245000000000005,5.124195936925129,2.5698003475402484,10.311155574020106,1414.0,30,33.762
708,1.037,44.455000000000005,-2.397,48.229000000000006,1.0710000000000002,44.013000000000005,5.459091499507954,3.1601739812942613,15.5705960532009,1416.0,30,33.762
709,1.139,44.86300000000001,-0.153,47.923,2.2950000000000004,44.795,3.972038267690784,1.5997132437981834,7.538668198030306,1418.0,30,33.762
710,0.765,44.727,-3.961,44.965,3.0090000000000003,43.401,7.143318276543472,1.9822684499550312,8.902810885543369,1420.0,30,33.762
711,-0.561,44.86300000000001,-3.349,44.591,0.527,47.277,4.715715428225075,2.155023592908054,9.180023263587591,1422.0,30,33.762
712,0.952,44.829,-4.029,45.339000000000006,1.751,48.093,6.40257104607204,3.2865720019999745,14.176931891392709,1424.0,30,33.762
713,-0.187,44.183,-3.0770000000000004,44.353,2.397,48.059000000000005,6.610530387192847,3.231998456931418,12.884078389952853,1426.0,30,33.762
714,-0.051,45.169,-2.363,47.039,0.8330000000000001,48.059000000000005,3.354819816323971,2.805704929314971,14.629137366010944,1428.0,30,33.762
715,-0.765,45.203,-2.261,42.075,1.173,48.263000000000005,7.0769838208095415,1.898242653263952,9.09170331825399,1430.0,30,33.762
716,-0.221,45.339000000000006,-0.187,47.107000000000006,3.281,46.393,3.540737211372796,2.276580306107033,8.587534851355525,1432.0,30,33.762
717,-0.493,44.387,-1.377,47.447,3.5530000000000004,44.557,5.714630346750348,2.427212258875468,11.580193260523725,1434.0,30,33.762
718,0.017,45.543000000000006,-3.893,45.917,2.873,45.849,6.766341699914364,2.5281686708657563,12.094681370963489,1436.0,30,33.762
719,-1.3430000000000002,45.084,0.289,48.637,0.153,48.875,0.2741167634421507,2.800526049092983,0.3892108660840737,1438.0,30,33.762
720,0.051,45.475,-3.757,45.815000000000005,-3.587,45.98500000000001,0.2404163056034262,2.869268636167779,17.49548403191638,1440.0,30,33.762
721,-1.5470000000000002,45.713,2.397,45.237,2.669,45.305,0.2803711825420009,2.2057388822173656,0.4148906617700929,1442.0,30,33.762
722,-1.479,44.591,-2.193,46.699000000000005,-0.289,42.925,4.2270902521711085,2.7311686583436505,6.066653143647064,1444.0,30,33.762
723,1.173,45.747,-2.7030000000000003,47.005,2.873,46.631,5.588528607782195,1.8691822712365167,7.070060467043496,1446.0,30,33.762
724,0.7310000000000001,44.795,-1.207,48.569,1.989,41.905,7.390758553761583,2.2024991669196363,8.226671316981138,1448.0,30,33.762
725,-0.289,44.42100000000001,-1.887,41.701,0.221,48.399,7.021884932124708,2.432557941351812,10.222445642938649,1450.0,30,33.762
726,-0.8160000000000001,43.911,-0.527,48.059000000000005,3.3150000000000004,44.761,5.063375158923146,2.6251986706859785,10.630937172808585,1452.0,30,33.762
727,-0.561,44.693000000000005,-2.805,42.823,0.289,43.775000000000006,3.237149981079036,2.5317635447984874,8.135713907320739,1454.0,30,33.762
728,1.3430000000000002,44.251000000000005,,,,,3.237149981079036,2.8814340173753425,,1456.0,30,33.762
729,1.105,42.857000000000006,-1.819,43.979000000000006,0.051,41.837,2.84342469567949,1.563842116290761,8.577394836417785,1458.0,30,33.762
730,0.221,44.319,2.669,43.231,2.8390000000000004,43.537000000000006,0.350051424793558,1.8132289952517189,1.9424138051123845,1460.0,30,33.762
731,0.221,43.843,2.057,42.109,1.3430000000000002,42.279,0.7339591269273787,2.226395796461694,1.3666234799373926,1462.0,30,33.762
732,0.5950000000000001,44.829,-2.261,48.399,0.799,41.837,7.240403579911828,2.8669703188963718,12.460654193808953,1464.0,30,33.762
733,-0.935,43.809000000000005,0.7310000000000001,44.557,2.329,43.707,1.8100011049720384,2.0424176128069327,14.252547045533476,1466.0,30,33.762
734,-1.411,44.285,-0.085,43.265,0.323,43.503,0.4723430956412933,2.844635886926928,17.99174750497994,1468.0,30,33.762
735,0.425,46.699000000000005,-2.669,45.747,-2.499,45.917,0.2404163056034262,2.22246250227714,0.7147791993986405,1470.0,30,33.762
736,-0.051,44.846,-0.935,43.061,3.281,46.563,5.480753597818461,2.970237075894956,8.595938443572376,1472.0,30,33.762
737,-1.5470000000000002,46.665000000000006,-2.397,44.387,-0.051,45.951,2.81954109741284,3.005438670939399,7.591140824605175,1474.0,30,33.762
738,-1.649,46.274,-1.921,42.211000000000006,0.085,48.161,6.2790553429636216,2.627961778482473,9.596797605155771,1476.0,30,33.762
739,-0.255,46.767,-2.261,47.311,-0.051,48.705000000000005,2.612917143730356,4.983206397280169,6.464379084392188,1478.0,30,33.762
740,-0.935,44.455000000000005,-3.5530000000000004,46.053,1.5470000000000002,42.857000000000006,6.018672278833597,1.6182586915731891,6.58750887018239,1480.0,30,33.762
741,-1.479,44.489,0.017,48.399,-2.193,47.481,2.3930783522484176,2.6575229920156644,3.988337593217268,1482.0,30,33.762
742,-0.221,44.319,-3.145,47.753,-3.281,47.515,0.2741167634421507,2.258449842089718,1.094819727462268,1484.0,30,33.762
743,-0.255,43.843,-3.893,46.019000000000005,-0.221,41.73500000000001,5.642361207863247,2.6121957950181387,15.396657660536574,1486.0,30,33.762
744,-1.326,45.747,-1.717,45.883,-0.901,48.195,2.4517748673155126,2.525534980486171,2.9904140881635715,1488.0,30,33.762
745,-1.411,43.537000000000006,-0.8330000000000001,48.841,3.4850000000000003,44.829,5.894172376169533,3.250874866161376,15.66055224230646,1490.0,30,33.762
746,-0.153,44.931,-0.187,46.087,2.499,46.597,2.733989027044549,2.4016452317057406,11.404956340310855,1492.0,30,33.762
747,0.085,45.135000000000005,-3.689,44.829,2.4650000000000003,46.461000000000006,6.366721291214184,2.5846343106253715,8.017979609908284,1494.0,30,33.762
748,-1.003,44.217000000000006,-3.4170000000000003,45.169,2.4650000000000003,42.415000000000006,6.494800997721178,2.800112918823081,7.237247918258672,1496.0,30,33.762
749,-0.051,44.659000000000006,-0.459,46.971,1.887,45.237,2.9172713277993187,2.5412767912468195,6.5313435964040965,1498.0,30,33.762
750,-0.187,45.509,-0.663,48.161,1.921,44.251000000000005,4.686699905050461,2.6047863571754206,11.99058996804616,1500.0,30,33.762
751,-0.629,45.033,-3.043,47.889,0.561,45.339000000000006,4.4148970542924335,2.94501627239877,21.328490183589928,1502.0,30,33.762
752,-1.479,44.931,-0.8330000000000001,44.795,-0.391,42.823,2.0209275098330477,2.8440125421342524,8.420372294558652,1504.0,30,33.762
753,-0.8330000000000001,44.999,1.479,46.325,0.289,43.163,3.378512098542789,1.7858809385172052,8.926833359701181,1506.0,30,33.762
754,0.391,44.353,3.2470000000000003,44.455000000000005,-0.017,42.789,3.6645943841031032,2.6552996067194687,16.031409054290922,1508.0,30,33.762
755,0.153,43.707,-1.275,44.591,-2.8390000000000004,43.061,2.187920473874679,2.1925671973658467,13.840451264214582,1510.0,30,33.762
756,0.391,45.339000000000006,0.187,46.597,-1.683,42.041,4.9248386775609205,2.4865111388901635,13.878706812115174,1512.0,30,33.762
757,-1.0710000000000002,46.733,-0.969,48.841,-2.4650000000000003,46.563,2.725307322119838,2.5590822710376164,7.970576766986308,1514.0,30,33.762
758,1.411,44.659000000000006,-0.255,45.747,-0.323,45.407,0.3467333269243093,2.25292566125981,0.4157127110714538,1516.0,30,33.762
759,1.377,46.42700000000001,-2.669,45.747,-1.003,41.395,4.659984978516562,3.27220902541467,16.470974279419774,1518.0,30,33.762
760,0.7310000000000001,45.509,-3.2470000000000003,46.665000000000006,-3.689,44.693000000000005,2.0209275098330477,2.8650984574779907,,1520.0,30,33.762
761,0.119,43.775000000000006,0.459,47.073,-1.173,42.857000000000006,4.520849477697748,1.7536625796041614,8.479990502027547,1522.0,30,33.762
762,-1.649,44.523,-3.927000000000001,45.951,1.819,42.551,6.676564685525034,2.6811501312283648,8.679719800367973,1524.0,30,33.762
763,-0.969,45.101000000000006,-2.057,44.965,-1.377,44.319,0.9379317672410932,1.1822281064788698,6.575930379451475,1526.0,30,33.762
764,-0.289,45.849,-3.757,45.475,-2.057,44.86300000000001,1.8068049147597536,2.9995447101580224,18.203770164008407,1528.0,30,33.762
765,0.765,45.237,-1.683,43.707,2.567,45.883,4.774670250394262,1.2761068800342308,5.484993508220166,1530.0,30,33.762
766,-1.377,46.563,-1.6150000000000002,44.557,3.2470000000000003,43.843,4.914146924950455,2.130262083964578,9.399500756889848,1532.0,30,33.762
767,-0.255,46.223000000000006,-3.689,46.155,3.587,44.829,7.395840182156453,3.1098442789036835,8.846605820743147,1534.0,30,33.762
768,1.139,44.455000000000005,-2.499,46.325,1.377,42.177,5.677083758409771,1.9597342778020777,7.64882609060641,1536.0,30,33.762
769,-0.969,45.577000000000005,-3.519,45.917,1.3090000000000002,47.175,4.989203142787433,2.1123346915992496,5.977262253152578,1538.0,30,33.762
770,-0.051,44.999,-1.3430000000000002,43.537000000000006,0.119,42.857000000000006,1.6124031753875951,2.790810187024549,19.024099760071103,1540.0,30,33.762
771,-1.649,45.169,-1.853,44.795,0.255,48.43300000000001,4.204605570086212,2.672080602963606,8.105663013306673,1542.0,30,33.762
772,-0.663,44.523,-0.8330000000000001,43.775000000000006,2.431,43.095000000000006,3.334080982819704,2.29632952665117,13.505536342324117,1544.0,30,33.762
773,0.425,43.29900000000001,-0.799,49.045,-0.493,49.079,0.3078830946966722,2.9754212798061697,0.3954241560416403,1546.0,30,33.762
774,1.241,44.999,-2.567,47.311,-0.6970000000000001,39.797,7.743196755862529,3.648364066238093,16.5621331977486,1548.0,30,33.762
775,0.765,45.815000000000005,-3.3830000000000005,45.747,-0.901,40.001000000000005,6.259140516077268,3.701993201696216,18.646531075915117,1550.0,30,33.762
776,0.459,45.135000000000005,-3.5530000000000004,46.359,0.629,43.605,5.0073585851225,2.550517234997934,13.322225224321024,1552.0,30,33.762
777,-1.241,43.503,-0.561,42.891000000000005,-0.391,48.807,5.918442024722386,3.3196950859797845,9.923020113446304,1554.0,30,33.762
778,-1.0710000000000002,43.707,-2.7030000000000003,43.095000000000006,-0.459,48.67100000000001,6.0105999700529065,2.654281388193581,6.940722126191291,1556.0,30,33.762
779,-1.037,43.197,-3.349,45.407,1.0710000000000002,46.937000000000005,4.677317607347185,3.108972069981672,6.7339205836773335,1558.0,30,33.762
780,-0.391,45.237,2.635,42.857000000000006,2.975,47.107000000000006,4.263578309354714,2.8212750662478325,17.82032802182445,1560.0,30,33.762
781,1.0710000000000002,44.081,0.289,43.639,1.003,47.889,4.3095586781015065,2.647235447711124,7.020854569781334,1562.0,30,33.762
782,0.085,43.809000000000005,0.391,42.041,1.955,45.169,3.4972103168096718,1.20424765561769,5.220920383313046,1564.0,30,33.762
783,0.8670000000000001,42.415000000000006,-0.527,39.661,-0.323,48.943000000000005,9.284241487596065,3.2460112896696494,13.224999910986895,1566.0,30,33.762
784,-1.0710000000000002,44.319,-0.289,41.429,-1.0710000000000002,48.365,6.979944125850865,2.333534506758709,13.771386723515148,1568.0,30,33.762
785,-0.255,45.271,-0.765,41.123000000000005,0.017,41.157,0.7827387814590511,2.6182052183806714,1.153654890503285,1570.0,30,33.762
786,-1.173,45.679,-3.519,45.781000000000006,-0.8330000000000001,41.191,5.318147797870984,2.435124499164558,14.641520566834425,1572.0,30,33.762
787,-0.799,47.209,-2.669,46.631,1.411,47.039,4.100349253417323,3.331684428424869,6.219356046607644,1574.0,30,33.762
788,-1.173,44.557,1.173,41.565000000000005,-2.261,47.957,7.256033351632283,2.41074762408062,8.339756550280429,1576.0,30,33.762
789,-0.391,43.843,2.4650000000000003,42.857000000000006,-3.893,45.98500000000001,7.085799037511578,3.0456448939042597,9.65602926191528,1578.0,30,33.762
790,0.017,45.339000000000006,1.275,46.019000000000005,0.561,46.937000000000005,1.162978933601121,2.740380807617845,7.057634633419886,1580.0,30,33.762
791,-0.323,44.557,0.629,43.061,-3.587,45.407,4.824766522848542,2.703186828635504,9.586082707326067,1582.0,30,33.762
792,-0.289,44.251000000000005,1.649,44.761,1.445,44.931,0.2655484889808263,1.316558010407807,2.152532457645025,1584.0,30,33.762
793,-0.561,44.659000000000006,0.561,48.161,0.255,48.195,0.3078830946966722,2.704794342096218,13.379177012461705,1586.0,30,33.762
794,-0.663,43.707,1.207,42.415000000000006,-2.2950000000000004,43.129000000000005,3.5740453270768686,1.8249901699251865,9.491888334818178,1588.0,30,33.762
795,-0.5950000000000001,44.353,-1.479,46.461000000000006,-3.825,45.781000000000006,2.4425634075700065,2.2678336775712222,14.53312119868937,1590.0,30,33.762
796,-0.323,44.42100000000001,-3.5530000000000004,46.937000000000005,0.969,43.095000000000006,5.933754966292424,1.997192113029862,10.721343254736386,1592.0,30,33.762
797,2.023,45.747,-1.785,47.99100000000001,2.5330000000000004,43.163,6.477245402175218,2.422140686803033,10.07942307190636,1594.0,30,33.762
798,-0.153,44.965,-1.785,44.693000000000005,1.377,48.297,4.794482245248178,2.904134122141809,5.578952964802945,1596.0,30,33.762
799,-0.153,44.047,1.955,43.061,1.921,48.365,5.30410897323952,2.6745924171320983,14.697781187348678,1598.0,30,33.762
800,0.901,44.693000000000005,-3.859,44.285,0.561,41.973000000000006,4.98816038234538,2.13097733399916,11.61186831646032,1600.0,30,33.762
801,1.275,46.087,1.275,42.755,2.057,45.951,3.2902796233754965,2.825133391862795,6.9358593228572,1602.0,30,33.762
802,0.969,46.529,-3.893,44.047,1.241,44.387,5.145245961079024,3.202781250663094,15.86900560655701,1604.0,30,33.762
803,-0.663,45.645,,,,,5.145245961079024,1.438790784493074,,1606.0,30,33.762
804,-0.6970000000000001,44.659000000000006,-2.805,42.449000000000005,2.805,42.619,5.612575166534521,3.1179321597368816,17.115703318529736,1608.0,30,33.762
805,1.479,43.435,-2.975,44.115,1.921,47.821000000000005,6.140460243336815,2.896607687541133,13.278175890899975,1610.0,30,33.762
806,0.493,43.265,-3.893,45.98500000000001,1.275,44.761,5.310969779616525,3.2082706892003725,13.24082305803935,1612.0,30,33.762
807,-0.221,45.067,-2.431,48.399,1.411,47.821000000000005,3.8852346132505313,3.2641565043899674,21.83085443943411,1614.0,30,33.762
808,1.003,44.727,,,,,3.8852346132505313,1.4509975185016848,,1616.0,30,33.762
809,-0.935,43.843,-0.7310000000000001,48.705000000000005,2.125,44.897000000000006,4.760000000000001,2.6900771310104745,15.560595567958904,1618.0,30,33.762
810,-0.935,45.339000000000006,-0.901,44.387,1.5470000000000002,48.127,4.4699333328361845,3.200601031248414,22.031817417674244,1620.0,30,33.762
811,-0.187,45.271,-0.7310000000000001,48.67100000000001,2.975,43.197,6.610530387192847,2.862227329618764,13.843004262121484,1622.0,30,33.762
812,-1.0710000000000002,44.285,0.527,47.515,0.425,44.86300000000001,2.653960813576568,2.8684048974806733,16.550108350851623,1624.0,30,33.762
813,-0.527,44.965,0.8670000000000001,45.917,1.037,45.509,0.442,2.147856120230228,0.7288474467873807,1626.0,30,33.762
814,-1.0710000000000002,44.829,-0.187,45.373000000000005,0.289,43.843,1.6023345468409524,2.28130781894789,16.637158205947742,1628.0,30,33.762
815,0.153,43.265,-3.213,43.639,3.281,46.903000000000006,7.268131259133947,2.616222760267564,13.188471523216286,1630.0,30,33.762
816,1.377,44.659000000000006,-3.2470000000000003,44.693000000000005,1.275,46.019000000000005,4.7124049062023525,3.0240312173619204,12.96883578930646,1632.0,30,33.762
817,-0.663,44.86300000000001,-2.737,47.481,-2.261,47.685,0.5178725711987459,2.665142159530796,0.5595203913733202,1634.0,30,33.762
818,-0.119,45.339000000000006,-1.853,47.243,-1.717,47.379000000000005,0.1923330444827409,1.7782566868594727,0.6933279411171357,1636.0,30,33.762
819,0.051,43.673,-1.411,42.619,-0.6970000000000001,48.977,6.397965301562678,3.0721129199687645,12.857331493072635,1638.0,30,33.762
820,1.241,45.594,-2.5330000000000004,45.543000000000006,0.901,43.367,4.065382146859013,2.5928558183061763,7.385926914452808,1640.0,30,33.762
821,2.023,47.413,-0.085,48.637,3.655,44.931,5.26517198199641,1.645215883096897,6.14091152305581,1642.0,30,33.762
822,0.187,44.591,-0.8330000000000001,44.42100000000001,2.5330000000000004,43.197,3.5816381726802056,1.321202926017488,5.6863766567111815,1644.0,30,33.762
823,-1.683,46.053,-3.0770000000000004,43.911,3.213,43.877,6.290091891220668,2.685949353601637,13.310099225469688,1646.0,30,33.762
824,-0.017,45.407,0.255,48.229000000000006,0.425,48.297,0.1830956034425731,2.101028216369312,12.973786422391417,1648.0,30,33.762
825,-1.479,45.883,1.819,41.803,-3.0770000000000004,45.543000000000006,6.1610401719190255,3.1817562091216334,9.48747694873874,1650.0,30,33.762
826,0.5950000000000001,44.659000000000006,-0.765,48.977,-0.187,40.375,8.621397102558262,2.749941591531895,19.80586924850776,1652.0,30,33.762
827,1.5470000000000002,45.339000000000006,0.391,46.155,0.663,42.245000000000005,3.919449451134688,2.886230055775848,11.212795969711998,1654.0,30,33.762
828,0.799,44.523,2.907,47.311,-1.139,43.673,5.441062396260495,2.05775046303944,7.432936021211384,1656.0,30,33.762
829,-0.663,44.387,-1.241,49.011,-2.125,45.203,3.909260799690908,2.289180116250273,12.772977404354988,1658.0,30,33.762
830,-0.459,45.713,-3.5530000000000004,45.441,-2.7030000000000003,43.265,2.3361241405370565,2.5237245799404664,11.986122737192671,1660.0,30,33.762
831,-2.2950000000000004,45.135000000000005,3.689,44.897000000000006,-2.7710000000000004,47.787000000000006,7.0769838208095415,2.818893243758775,12.474043145262472,1662.0,30,33.762
832,-2.2270000000000003,45.883,2.669,44.523,-0.663,48.807,5.427235023471897,2.942421235668102,7.215738547970678,1664.0,30,33.762
833,-0.187,45.509,3.111,43.707,-3.723,46.529,7.393729775965578,2.860690799195321,10.662897827980796,1666.0,30,33.762
834,0.5950000000000001,44.965,2.805,42.687000000000005,1.785,42.653000000000006,1.0205665093466472,2.4452851506911166,17.099841119833528,1668.0,30,33.762
835,0.289,45.611,2.975,43.537000000000006,-0.119,42.721,3.1997956184731557,2.5977274026887653,15.338240963257109,1670.0,30,33.762
836,-0.255,45.883,2.4650000000000003,46.053,-3.723,46.529,6.206280689752922,1.9813581660932555,6.975724066564019,1672.0,30,33.762
837,-0.969,45.645,0.425,45.849,-2.7710000000000004,43.537000000000006,3.944586163338304,2.50705304226242,9.028554661449116,1674.0,30,33.762
838,-0.255,44.727,,,,,3.944586163338304,1.7122674031471368,,1676.0,30,33.762
839,-1.003,45.475,-2.057,45.98500000000001,1.989,43.843,4.57802140667778,1.4408320980150628,8.84403407502007,1678.0,30,33.762
840,-0.187,46.359,-3.3830000000000005,45.611,3.2470000000000003,43.979000000000006,6.827907732241261,3.0033349101846456,12.125229240948627,1680.0,30,33.762
841,0.969,45.475,-1.853,43.197,1.6150000000000002,43.469,3.478650312980597,1.744499989069764,8.880455156905871,1682.0,30,33.762
842,0.051,46.393,-3.893,45.781000000000006,1.955,43.673,6.216330750531217,2.637524231957809,8.776663703312899,1684.0,30,33.762
843,-0.221,45.441,,,,,6.216330750531217,2.5902754845902414,,1686.0,30,33.762
844,0.051,45.016000000000005,-1.887,48.705000000000005,0.255,44.557,4.668411721345923,2.947323416910001,8.346111538826664,1688.0,30,33.762
845,-0.663,46.087,-1.921,46.699000000000005,3.621,44.557,5.941542560648708,3.518284558608921,9.892503002316015,1690.0,30,33.762
846,1.377,44.455000000000005,0.629,42.381,1.241,46.971,4.630620260828996,1.7639325772271055,6.42749206946239,1692.0,30,33.762
847,0.969,44.86300000000001,-1.3090000000000002,47.175,2.091,46.393,3.488771130355215,2.6619075310936573,12.314726706007296,1694.0,30,33.762
848,-0.391,44.455000000000005,-1.5810000000000002,47.515,0.6970000000000001,48.093,2.350184673594822,2.565996996911484,15.325167376377784,1696.0,30,33.762
849,1.819,47.005,-3.111,46.529,-3.3830000000000005,46.971,0.5189874757641074,2.738548065915817,0.6804560227368406,1698.0,30,33.762
850,0.969,45.849,-3.893,44.319,-3.689,44.557,0.3134645115479582,3.1388864413578,0.8643031441671969,1700.0,30,33.762
851,1.5810000000000002,46.767,-1.751,48.127,1.411,45.611,4.040853870161603,2.067759096704584,13.91387398685312,1702.0,30,33.762
852,1.139,45.951,1.3430000000000002,42.687000000000005,2.567,47.685,5.145695288296811,2.884648145462613,7.326992777602231,1704.0,30,33.762
853,1.3430000000000002,44.115,,,,,5.145695288296811,2.8728985723818417,,1706.0,30,33.762
854,0.527,45.645,-3.859,43.945,-0.221,43.095000000000006,3.7359796573321975,1.9634002050037016,10.422997383576444,1708.0,30,33.762
855,1.5810000000000002,45.747,-2.329,46.053,0.561,47.855,3.405775095334394,2.108308218727562,8.563483943850247,1710.0,30,33.762
856,-0.391,46.223000000000006,-3.825,44.319,1.717,44.455000000000005,5.543668460505192,2.81122735477831,11.744981624842174,1712.0,30,33.762
857,-0.765,45.407,-3.2470000000000003,42.857000000000006,-1.649,42.585,1.6209836519841896,3.260573985733341,21.384018116868337,1714.0,30,33.762
858,0.561,45.067,0.493,42.211000000000006,0.527,48.365,6.154093921935219,2.9785375437643724,10.376633095176208,1716.0,30,33.762
859,-1.241,44.897000000000006,-1.275,41.463,0.153,40.817,1.5673225577397911,3.710961164238412,22.48212608194812,1718.0,30,33.762
860,-1.0710000000000002,45.067,-1.479,41.837,-0.051,41.361,1.5052441662401486,3.4089190071208377,20.736965579485584,1720.0,30,33.762
861,0.357,44.897000000000006,-1.411,48.569,1.6150000000000002,45.169,4.5515575356134965,2.679292929530193,8.643065005668106,1722.0,30,33.762
862,0.204,45.781000000000006,0.459,43.775000000000006,1.785,46.597,3.1180057729260224,1.7105382506697384,9.368765435270353,1724.0,30,33.762
863,0.561,43.945,-0.7310000000000001,42.109,-0.051,42.449000000000005,0.7602631123499286,1.5764550444652234,9.39704611548034,1726.0,30,33.762
864,0.119,44.999,-1.173,47.685,-0.289,44.081,3.710831712702693,1.610262713796779,6.592696032259108,1728.0,30,33.762
865,0.8160000000000001,44.999,-3.349,47.107000000000006,1.955,42.585,6.970000000000001,2.4320476671550426,10.441289160282915,1730.0,30,33.762
866,-0.8670000000000001,44.795,-3.655,46.359,-1.3090000000000002,46.597,2.35804156027836,2.52969433146415,8.534982366904712,1732.0,30,33.762
867,-1.479,44.659000000000006,-0.425,48.263000000000005,1.649,43.129000000000005,5.537095989776591,2.050321453162693,10.488141112522616,1734.0,30,33.762
868,-2.125,44.42100000000001,-3.145,43.367,3.3150000000000004,44.965,6.654712916422466,2.8298936596118445,9.257235012602232,1736.0,30,33.762
869,-0.527,45.271,-3.4170000000000003,43.265,1.513,48.093,6.90032491988602,2.678808585348696,9.38858375810288,1738.0,30,33.762
870,0.935,46.733,0.901,42.415000000000006,1.887,45.883,3.605443107303179,2.8284423987018616,8.287769904613084,1740.0,30,33.762
871,-0.561,44.285,-1.5810000000000002,41.633,2.499,45.611,5.698322911173077,2.012144641466368,8.564261346370595,1742.0,30,33.762
872,-1.445,45.679,-3.0770000000000004,44.115,1.377,46.903000000000006,5.254622726704554,1.5423664772863497,6.616641602176927,1744.0,30,33.762
873,-1.037,45.271,0.255,43.435,0.289,42.109,1.326435825812919,2.0571739058951835,11.341295463139684,1746.0,30,33.762
874,1.445,45.577000000000005,-3.2470000000000003,47.651,-1.003,48.535,2.4118441077316755,2.8710116149881846,2.7464816093020703,1748.0,30,33.762
875,1.479,45.373000000000005,-0.799,49.045,-0.153,49.11300000000001,0.6495690879344552,2.244120719799964,0.8316584907926177,1750.0,30,33.762
876,0.017,45.917,-2.7030000000000003,47.413,2.499,46.971,5.220744008280812,2.7854961298600345,7.130427863219428,1752.0,30,33.762
877,0.085,44.659000000000006,,,,,5.220744008280812,2.537966194393356,,1754.0,30,33.762
878,-0.7310000000000001,46.325,1.751,43.29900000000001,2.397,43.197,0.6540030580968257,2.674860157382682,0.8161691678688423,1756.0,30,33.762
879,-0.323,44.557,-2.635,45.883,1.139,45.033,3.8685366742477703,2.1326989306098825,10.627868890487402,1758.0,30,33.762
880,1.5810000000000002,44.86300000000001,-3.1790000000000003,45.101000000000006,0.187,47.583000000000006,4.182138209098309,2.772057735521002,15.262231293185511,1760.0,30,33.762
881,1.003,44.455000000000005,-2.975,43.061,1.887,48.365,7.195238703476071,2.5080804230900435,11.20685010545175,1762.0,30,33.762
882,-0.7310000000000001,44.897000000000006,-1.3090000000000002,41.463,-0.153,48.67100000000001,7.300109588218523,2.6417766854156923,8.967861953497724,1764.0,30,33.762
883,-0.425,42.823,0.527,41.225,-0.493,44.795,3.7128560435330646,1.7526830914301852,7.138806146470663,1766.0,30,33.762
884,-0.493,45.577000000000005,-2.873,44.319,2.2950000000000004,46.393,5.568635380414128,3.21230117160901,10.314630893726564,1768.0,30,33.762
885,-0.289,45.917,-2.023,45.203,-0.425,42.075,3.512547223881837,2.6693493642570045,14.472367194779402,1770.0,30,33.762
886,-0.5950000000000001,44.557,-3.0090000000000003,44.659000000000006,3.213,45.169,6.2428666492245375,2.6669916764611714,9.40424579195289,1772.0,30,33.762
887,1.479,45.679,-2.023,43.503,1.139,42.721,3.257263882463317,2.235899114074067,11.637530721555056,1774.0,30,33.762
888,0.901,44.795,2.193,47.753,0.935,42.347,5.550441423886933,2.955610531658826,6.655282917172776,1776.0,30,33.762
889,-0.255,45.713,,,,,5.550441423886933,2.3321934073090924,,1778.0,30,33.762
890,1.105,44.251000000000005,0.153,48.739,0.153,41.429,7.31,2.78671887160272,10.134800224376496,1780.0,30,33.762
891,0.7310000000000001,43.877,-1.989,47.209,-2.023,44.557,2.6522179397628696,2.3131258674224395,14.357143983518382,1782.0,30,33.762
892,0.629,45.203,-1.683,46.971,-0.901,41.769000000000005,5.260449410459148,2.7418711098601083,12.197927333001925,1784.0,30,33.762
893,1.0710000000000002,46.019000000000005,-3.519,46.325,1.989,43.231,6.317507419861096,2.540770369068982,12.392263505877558,1786.0,30,33.762
894,0.629,45.101000000000006,-3.825,45.441,0.8330000000000001,41.429,6.147609942083183,3.0198428096953425,15.523507404516728,1788.0,30,33.762
895,0.323,46.325,-1.3430000000000002,47.039,1.6150000000000002,42.347,5.54658705872359,3.160566040334253,17.930546247640073,1790.0,30,33.762
896,-0.102,45.577000000000005,-3.3830000000000005,45.713,0.289,44.489,3.870627856046097,3.003396460917086,12.89470073682857,1792.0,30,33.762
897,0.561,45.611,-3.3830000000000005,46.665000000000006,-0.119,45.407,3.4980365921470864,2.575335319236194,17.537339894714997,1794.0,30,33.762
898,-0.323,45.203,-3.689,44.319,-3.0770000000000004,46.699000000000005,2.4574262959446007,3.266112267791438,21.445895668372305,1796.0,30,33.762
899,0.425,44.455000000000005,-0.8330000000000001,45.951,1.5810000000000002,41.803,4.799302032587656,1.860369834443392,6.339462949247184,1798.0,30,33.762
900,0.629,44.251000000000005,-4.063000000000001,45.101000000000006,-1.445,41.837,4.184210797749081,2.2803609938645284,6.108694870271909,1800.0,30,33.762
901,-1.411,44.965,-0.493,48.705000000000005,2.1590000000000003,42.789,6.483221421484847,2.360547574693572,11.466038043659768,1802.0,30,33.762
902,-0.085,46.155,0.153,45.611,2.2270000000000003,42.109,4.070071252447554,3.131029229017284,17.535451920677847,1804.0,30,33.762
903,0.799,44.931,-3.859,45.951,-3.723,46.257000000000005,0.3348611652610676,3.271440649074538,20.867843657155323,1806.0,30,33.762
904,0.561,45.815000000000005,-2.8390000000000004,42.449000000000005,0.391,44.625,3.8945957428210702,2.244286028130809,16.88549902601344,1808.0,30,33.762
905,-0.051,44.149,-2.7030000000000003,47.311,-1.3090000000000002,41.803,5.681663488803258,3.1329500722316044,16.126370275610054,1810.0,30,33.762
906,-0.051,44.795,-0.935,44.591,0.935,44.353,1.8850846134855597,2.473390479745391,6.7490656141535545,1812.0,30,33.762
907,-0.561,44.659000000000006,-1.751,47.175,0.153,42.177,5.348384802910127,2.096127330896896,7.86899491470404,1814.0,30,33.762
908,-0.6970000000000001,45.237,-2.7710000000000004,47.923,0.289,42.687000000000005,6.064593638488898,2.5856125237186007,11.779320197798372,1816.0,30,33.762
909,0.085,42.619,-0.493,38.913,1.5810000000000002,42.483,4.128725711402975,3.0287593357208653,5.28579193081444,1818.0,30,33.762
910,0.221,44.081,-1.105,44.659000000000006,1.5810000000000002,45.679,2.8731508836119275,1.7291852409489066,8.441896689755618,1820.0,30,33.762
911,0.629,45.98500000000001,-2.193,47.175,3.4850000000000003,43.979000000000006,6.515681084890512,2.7948526984308004,8.023751909585165,1822.0,30,33.762
912,-1.819,45.305,-3.043,43.877,1.377,44.523,4.466958249189263,2.1906369078071086,9.390631609585409,1824.0,30,33.762
913,0.085,44.897000000000006,-3.451,44.659000000000006,-2.873,46.223000000000006,1.6673871775925353,2.659650670863637,16.249870028924867,1826.0,30,33.762
914,0.561,45.645,-2.397,43.605,-1.887,47.923,4.348013799426124,2.336876155175789,11.69567897655374,1828.0,30,33.762
915,0.7310000000000001,45.475,-1.819,41.973000000000006,2.329,47.54900000000001,6.949653228758971,2.3182514492992814,9.200107021543586,1830.0,30,33.762
916,-0.799,45.509,-3.689,46.291,0.493,41.837,6.109602278381139,2.5693520319774072,15.39399206553298,1832.0,30,33.762
917,-1.377,44.489,,,,,6.109602278381139,1.8502825283701403,,1834.0,30,33.762
918,-0.425,44.285,-3.4170000000000003,45.747,-1.5470000000000002,48.773,3.557186528704954,2.759517723564512,7.542327689228117,1836.0,30,33.762
919,-1.003,44.523,-2.9410000000000003,45.951,3.281,45.951,6.222,2.931654623464178,11.891152229799806,1838.0,30,33.762
920,-0.901,45.169,-3.043,45.849,1.0710000000000002,44.319,4.389293337201332,1.792334812000602,7.360549074427482,1840.0,30,33.762
921,-0.289,42.721,-3.723,45.271,2.7030000000000003,44.591,6.461878674193752,2.6210319051199886,10.721366167709755,1842.0,30,33.762
922,0.459,44.625,-2.2950000000000004,42.415000000000006,1.173,45.98500000000001,4.977140142692388,2.982768161506721,8.044666372337462,1844.0,30,33.762
923,-0.289,44.217000000000006,-3.893,45.679,3.4170000000000003,46.223000000000006,7.330213912294784,2.6690455575795107,11.654674471432871,1846.0,30,33.762
924,0.493,46.42700000000001,-1.139,46.529,1.5470000000000002,44.897000000000006,3.1429317523611613,1.8006944860315572,7.246785101770826,1848.0,30,33.762
925,0.6970000000000001,45.237,-3.2470000000000003,46.359,-3.043,46.529,0.2655484889808263,2.444381050322325,1.69998980861147,1850.0,30,33.762
926,1.445,44.829,-2.567,45.815000000000005,1.683,47.039,4.422745301280642,2.405552834994852,12.164444960675224,1852.0,30,33.762
927,-0.153,44.285,-1.139,46.461000000000006,2.329,44.149,4.168017274436372,1.581219505393035,6.063041740737058,1854.0,30,33.762
928,1.241,43.129000000000005,-0.391,43.979000000000006,2.7030000000000003,45.849,3.615208984277396,2.635738841553904,12.038432016423055,1856.0,30,33.762
929,0.765,44.489,-0.5950000000000001,40.375,2.091,47.379000000000005,7.501374007473565,2.625231682820079,9.879280793574978,1858.0,30,33.762
930,0.255,45.373000000000005,,,,,7.501374007473565,2.2967714216013086,,1860.0,30,33.762
931,-0.8330000000000001,44.42100000000001,-2.5330000000000004,44.115,-1.6150000000000002,44.251000000000005,0.9280193963490204,1.3485920881394449,1.1713773945685313,1862.0,30,33.762
932,0.7310000000000001,44.523,-0.527,45.815000000000005,-0.289,46.699000000000005,0.9154780172128656,1.880758526371886,8.338699152264907,1864.0,30,33.762
933,-1.241,43.843,0.561,44.965,-0.935,44.795,1.505628108132948,1.304637697940614,6.61816163890266,1866.0,30,33.762
934,-0.969,43.537000000000006,-0.969,46.665000000000006,2.8390000000000004,43.707,4.821890500623174,2.3432432803893937,10.639985309661748,1868.0,30,33.762
935,-0.085,45.254000000000005,0.561,48.603,1.717,46.563,2.3447677923410666,2.680819938383335,18.25909132851633,1870.0,30,33.762
936,-0.5950000000000001,43.503,-3.893,45.951,2.499,43.741,6.763265779192771,3.379581260123203,10.134763849690406,1872.0,30,33.762
937,-1.003,44.013000000000005,0.187,47.175,0.7310000000000001,42.143,5.061319985932524,2.3233936090141643,12.214853220030308,1874.0,30,33.762
938,-1.0710000000000002,43.945,1.6150000000000002,47.719,-1.3090000000000002,42.245000000000005,6.206001289074956,2.402424684295656,11.130373423097446,1876.0,30,33.762
939,-0.493,43.52,2.737,46.42700000000001,-1.241,41.905,6.022704375942754,2.9043943798868086,12.898522400867147,1878.0,30,33.762
940,0.459,44.081,-1.411,48.025000000000006,-0.527,39.423,8.647303625986543,2.977779828193978,11.398594479386253,1880.0,30,33.762
941,-0.017,41.361,0.901,46.053,-0.493,36.907,9.25162428982068,3.8726187496129127,11.56590950786363,1882.0,30,33.762
942,0.561,43.877,-1.5470000000000002,48.161,-0.901,35.955000000000005,12.223082753544624,3.802929566473892,15.722435890223707,1884.0,30,33.762
943,0.493,41.837,0.765,45.271,0.187,37.621,7.671804481345963,3.042866946502618,10.153574277576572,1886.0,30,33.762
944,-0.068,44.455000000000005,-0.085,43.027,1.3430000000000002,41.905,1.8160583691060157,2.690636092951414,16.413811340888913,1888.0,30,33.762
945,-0.289,45.067,0.425,46.087,1.6150000000000002,42.007000000000005,4.25,2.7234813746721205,4.796376912125014,1890.0,30,33.762
946,1.921,44.625,-3.859,45.815000000000005,-2.329,48.297,2.9156858541344954,3.0523795258710207,19.077705769438943,1892.0,30,33.762
947,-0.017,45.849,-0.629,44.455000000000005,1.649,45.271,2.4197396554175,2.826312966599027,12.608556095061026,1894.0,30,33.762
948,1.3090000000000002,45.067,-1.139,47.54900000000001,0.765,45.067,3.12818477715112,2.913319431809801,11.643736053124664,1896.0,30,33.762
949,0.799,43.707,-2.907,43.877,-0.289,47.345000000000006,4.345221283202963,3.070577605633452,15.649334154609514,1898.0,30,33.762
950,1.6150000000000002,44.829,1.921,45.033,3.349,44.489,1.528109943688608,2.56122525515927,6.634623100064827,1900.0,30,33.762
951,-0.323,44.829,2.397,46.801,2.635,42.959,3.849364622895577,2.5019953866256324,14.71937617474602,1902.0,30,33.762
952,-0.6970000000000001,44.523,-3.723,46.597,3.4170000000000003,45.951,7.169164246967704,2.7300694938201877,11.001255316374165,1904.0,30,33.762
953,0.629,43.877,-2.635,43.809000000000005,-0.391,43.945,2.24811743465505,2.0328180332677594,10.83839703233615,1906.0,30,33.762
954,1.649,43.197,0.459,42.279,2.057,47.719,5.669850438944576,2.686278897451569,7.831285520313491,1908.0,30,33.762
955,1.411,44.659000000000006,,,,,5.669850438944576,1.8407334222153664,,1910.0,30,33.762
956,-0.085,44.251000000000005,-3.791,45.373000000000005,2.9410000000000003,44.693000000000005,6.766256276553528,2.334954772425374,10.28904025428996,1912.0,30,33.762
957,0.459,44.931,-3.825,45.849,0.629,45.543000000000006,4.4644990760442544,2.701033549241893,13.684744243880749,1914.0,30,33.762
958,1.649,43.809000000000005,-0.5950000000000001,42.789,1.683,47.957,5.6477878855353625,3.035792861583105,8.889859788612629,1916.0,30,33.762
959,1.003,43.435,-1.445,43.095000000000006,1.207,48.127,5.688068916600783,3.2534503327784803,11.94694199814194,1918.0,30,33.762
960,1.0710000000000002,44.285,-2.499,43.605,1.717,48.059000000000005,6.132925240046547,2.3374788156121062,9.911387497495852,1920.0,30,33.762
961,-0.153,44.217000000000006,-2.431,42.755,-2.805,43.29900000000001,0.6601605865242184,2.3482085973343887,0.9405042861981564,1922.0,30,33.762
962,0.663,45.883,-1.989,45.407,2.873,45.407,4.862,2.6071399900060843,9.215276360008929,1924.0,30,33.762
963,-0.323,44.761,-2.1590000000000003,46.42700000000001,-0.663,45.679,1.6725788471698428,1.9559624763146064,7.356726615998784,1926.0,30,33.762
964,-0.629,44.761,-3.587,44.115,1.3090000000000002,42.041,5.317169547795143,2.1946929465775846,11.647631218940214,1928.0,30,33.762
965,-0.629,46.087,-2.805,44.387,2.261,46.223000000000006,5.3884368790958295,2.560906658611859,9.614241189856552,1930.0,30,33.762
966,0.969,45.849,-0.799,43.401,0.187,42.755,1.1787756359884607,2.5483321230345197,16.199045747849254,1932.0,30,33.762
967,-0.459,47.277,-3.349,45.781000000000006,3.3150000000000004,45.033,6.705848193927447,2.99705393024498,11.268187514961424,1934.0,30,33.762
968,-1.717,45.441,-1.479,42.687000000000005,-0.051,48.67100000000001,6.152027308131849,2.657415216719156,10.587735670909868,1936.0,30,33.762
969,0.459,46.393,1.0710000000000002,42.585,1.853,46.189,3.687863880351334,2.343018345808173,4.613228372847843,1938.0,30,33.762
970,-1.139,44.047,-3.349,45.577000000000005,3.4850000000000003,44.829,6.874813452014536,3.1547086098278445,10.295459695217923,1940.0,30,33.762
971,0.221,45.849,1.785,42.551,1.785,45.203,2.652,1.868633090874519,12.346367164855824,1942.0,30,33.762
972,0.017,44.455000000000005,-3.927000000000001,45.373000000000005,2.7710000000000004,44.455000000000005,6.760615948269803,3.466858923022976,11.25604826229834,1944.0,30,33.762
973,0.187,44.523,,,,,6.760615948269803,2.456363134873377,,1946.0,30,33.762
974,0.221,43.945,-3.0090000000000003,44.999,2.261,42.687000000000005,5.754845262906728,1.8727338175616013,7.448698450399575,1948.0,30,33.762
975,-0.221,45.169,-3.893,43.877,3.451,44.829,7.405446644193718,2.5642446346047585,10.201448359899292,1950.0,30,33.762
976,-0.391,45.611,-2.193,43.265,0.629,41.157,3.5224065637004487,2.7738138491353403,15.002876645761694,1952.0,30,33.762
977,0.425,45.135000000000005,-1.3430000000000002,44.455000000000005,-0.017,38.505,6.095963910654327,2.781243884754498,11.677657937541118,1954.0,30,33.762
978,-0.119,44.829,-0.527,47.175,-0.153,36.465,10.716528169141348,4.040498571003137,14.93847223802942,1956.0,30,33.762
979,-0.085,44.42100000000001,-0.119,43.945,-0.391,43.605,0.4354124481454337,1.9236338589505464,8.048130352657322,1958.0,30,33.762
980,0.459,45.135000000000005,3.213,46.053,2.091,42.381,3.8395921658426175,2.7177117027377866,15.276242171066002,1960.0,30,33.762
981,-0.493,45.407,1.445,44.795,-0.017,45.713,1.7263163093709102,1.478578207675064,3.4643317013721675,1962.0,30,33.762
982,-0.425,46.529,0.425,44.761,-1.819,46.325,2.7352572091121523,2.6382507724174507,9.209422379692583,1964.0,30,33.762
983,1.173,46.257000000000005,1.751,42.925,-2.8390000000000004,46.903000000000006,6.0739265718314375,2.839825390252088,12.146550864840211,1966.0,30,33.762
984,-0.357,45.713,-3.689,43.639,-1.377,44.251000000000005,2.3916287337293807,2.471929867912649,16.33561474947096,1968.0,30,33.762
985,-0.969,45.713,-2.8390000000000004,43.265,0.051,47.957,5.510622832312152,2.929765411010344,7.072382094466901,1970.0,30,33.762
986,0.425,45.951,-2.873,45.645,1.751,45.067,4.659984978516562,2.6978473256285227,17.923963672112983,1972.0,30,33.762
987,0.289,44.829,-2.431,48.331,3.3830000000000005,45.509,6.462683653096445,2.4095475809868203,12.015672065708523,1974.0,30,33.762
988,-0.5950000000000001,44.761,0.289,48.093,0.561,48.093,0.272,2.968932016115895,18.23965473602869,1976.0,30,33.762
989,-0.901,44.591,0.221,47.753,0.527,47.685,0.3134645115479582,2.517215862667105,15.491979823364389,1978.0,30,33.762
990,0.561,43.639,1.751,47.345000000000006,2.567,44.047,3.39744904303214,2.4306701179189987,14.457939288482748,1980.0,30,33.762
991,0.5950000000000001,45.98500000000001,-1.139,45.645,2.363,47.005,3.7568076873856615,2.105804318686141,4.82932263353575,1982.0,30,33.762
992,-0.153,44.693000000000005,0.119,48.161,0.289,47.54900000000001,0.6351724175371598,1.8597263278938363,1.325859323759387,1984.0,30,33.762
993,0.527,44.795,,,,,0.6351724175371598,2.286232843967346,,1986.0,30,33.762
994,1.3090000000000002,43.877,-3.3150000000000004,43.129000000000005,2.7030000000000003,47.651,7.527603071363421,2.851135286571641,10.748466377201026,1988.0,30,33.762
995,-0.017,43.843,-2.125,44.319,2.397,46.903000000000006,5.208218505400863,1.5488035006229937,6.5582092074514975,1990.0,30,33.762
996,0.493,45.101000000000006,,,,,5.208218505400863,1.9961419827533824,,1992.0,30,33.762
997,-2.125,44.557,-2.7030000000000003,47.039,2.7030000000000003,47.039,5.406000000000001,2.8030210664492574,6.415470338203544,1994.0,30,33.762
998,0.629,45.101000000000006,-1.173,48.535,2.023,42.789,6.575023345966158,2.9319064848944567,9.31754778393552,1996.0,30,33.762
999,0.527,46.42700000000001,0.425,47.073,2.8390000000000004,42.959,4.769946750226883,2.471114288782539,17.486641631911688,1998.0,30,33.762
1000,0.527,44.523,2.7710000000000004,46.393,0.799,42.755,4.138094730670143,2.6965232993427777,4.796114796404286,2000.0,30,33.762
1001,0.765,45.543000000000006,-2.5330000000000004,43.979000000000006,1.5810000000000002,43.129000000000005,4.200892286169689,2.743639261445747,13.142038354550738,2002.0,30,33.762
1002,0.493,45.339000000000006,-2.057,48.195,-1.785,41.803,6.397784616568458,3.358479282805867,15.17203256145912,2004.0,30,33.762
1003,-0.765,46.291,-0.493,47.243,2.7030000000000003,47.447,3.20250402029412,2.673555241852775,7.903719215590293,2006.0,30,33.762
1004,-1.0710000000000002,44.727,-1.921,48.43300000000001,3.3150000000000004,46.631,5.537409141466792,2.7903416938258148,10.328024615428523,2008.0,30,33.762
1005,1.717,43.809000000000005,1.105,44.081,1.683,48.365,4.322816211684231,2.628960424360755,7.781722502032768,2010.0,30,33.762
1006,1.139,46.325,-3.2470000000000003,45.781000000000006,2.975,44.659000000000006,6.3223546246631885,2.621990522653535,10.363787728338464,2012.0,30,33.762
1007,1.853,44.86300000000001,-0.323,47.54900000000001,3.145,46.155,3.737681099291378,1.937841335384548,7.150536101501887,2014.0,30,33.762
1008,0.629,46.087,-3.043,45.101000000000006,3.0770000000000004,44.999,6.12084994098042,2.4725442292689177,11.634317339494949,2016.0,30,33.762
1009,0.6970000000000001,44.523,,,,,6.12084994098042,2.139990839294923,,2018.0,30,33.762
1010,0.493,43.945,1.037,47.923,1.003,47.107000000000006,0.8167080261635734,2.3655850177405844,0.9131224626010817,2020.0,30,33.762
1011,-0.255,44.183,1.377,46.325,1.173,46.223000000000006,0.2280789337049786,1.8226873007928208,0.6608698747364747,2022.0,30,33.762
1012,-0.187,45.169,1.3430000000000002,47.447,-0.289,46.733,1.7813534180504442,2.8767756710403063,17.278146916299193,2024.0,30,33.762
1013,0.153,44.625,0.901,45.169,-3.5530000000000004,45.101000000000006,4.454519053725105,2.9488063876778527,12.181935390770278,2026.0,30,33.762
1014,-0.357,45.883,-3.893,45.951,-3.689,46.155,0.2884995667241113,2.3882108784239677,14.688921802382891,2028.0,30,33.762
1015,0.493,44.319,-2.9410000000000003,47.209,1.275,44.931,4.792070533704612,2.9386612141884783,16.023133022733475,2030.0,30,33.762
1016,1.207,43.945,-3.587,45.067,1.3090000000000002,47.447,5.443823656218119,3.193277179879784,14.614119918377844,2032.0,30,33.762
1017,0.527,43.945,-3.145,44.42100000000001,2.7030000000000003,46.699000000000005,6.276016889715961,2.693451008636009,13.485785930223074,2034.0,30,33.762
1018,1.921,45.815000000000005,-2.057,41.837,1.853,48.195,7.464064844305682,3.049481164531619,10.77958443035632,2036.0,30,33.762
1019,-0.901,45.543000000000006,-2.4650000000000003,43.741,2.7030000000000003,45.917,5.607423650840019,1.9182943193638375,8.78979169156411,2038.0,30,33.762
1020,-1.445,45.135000000000005,-0.051,47.685,0.153,47.685,0.204,1.8646294726680168,0.5311865301113603,2040.0,30,33.762
1021,-0.357,45.067,-2.9410000000000003,45.067,-1.207,46.42700000000001,2.203714137541437,2.4675995618803666,12.447029159612391,2042.0,30,33.762
1022,-0.561,45.577000000000005,-2.873,46.665000000000006,2.9410000000000003,46.597,5.814397647220218,2.3976508877479947,7.5327091577603875,2044.0,30,33.762
1023,0.187,42.483,-0.901,36.941,0.527,47.277,10.434178453524742,3.8207088937008304,12.785214030316569,2046.0,30,33.762
1024,0.153,39.559000000000005,-0.6970000000000001,36.397000000000006,0.323,43.979000000000006,7.650302216252637,3.068086329493169,9.61040038584565,2048.0,30,33.762
1025,-0.017,41.463,-1.853,42.449000000000005,0.561,45.509,3.8975628282299697,1.8108632240803089,9.743572722421447,2050.0,30,33.762
1026,-0.357,42.789,-2.2950000000000004,45.815000000000005,2.7030000000000003,47.719,5.348384802910127,2.640496726121418,12.93067475427572,2052.0,30,33.762
1027,0.085,43.095000000000006,-3.655,46.325,2.601,46.665000000000006,6.265232318118779,2.334596962921945,12.218858518453116,2054.0,30,33.762
1028,-0.255,44.727,-2.8390000000000004,43.231,2.5330000000000004,47.855,7.088001128668083,2.8447853598924966,9.073189626971182,2056.0,30,33.762
1029,-0.663,43.911,-2.8390000000000004,44.965,-0.051,43.163,3.319660826048348,2.7666076009152185,4.90700399363066,2058.0,30,33.762
1030,-1.649,45.305,-3.859,45.169,0.799,42.245000000000005,5.499703628378533,2.694852888806306,7.628463803764888,2060.0,30,33.762
1031,-0.153,44.455000000000005,-2.805,42.347,-0.391,48.365,6.484112892292978,2.412469678654501,12.88585083992504,2062.0,30,33.762
1032,-0.629,44.455000000000005,-1.989,44.795,-0.357,46.359,2.260424738848874,2.603044419135182,14.369916203001104,2064.0,30,33.762
1033,0.357,44.183,-3.689,44.489,0.391,46.461000000000006,4.5315763261805495,2.082459043778653,11.301786635849355,2066.0,30,33.762
1034,1.241,45.815000000000005,-3.519,43.231,3.451,46.189,7.571701526077214,2.4439869679880912,9.920882727697675,2068.0,30,33.762
1035,1.003,45.849,-1.139,46.767,-0.493,45.237,1.660787764887495,2.583971279517163,13.676248212618374,2070.0,30,33.762
1036,-0.323,44.523,1.037,48.705000000000005,-0.969,42.483,6.537378679562628,2.937980979653061,8.135455022006896,2072.0,30,33.762
1037,0.8670000000000001,43.231,2.567,43.911,0.459,40.341,4.145909309186587,1.5245477977362056,6.42085750629004,2074.0,30,33.762
1038,0.357,44.931,1.955,45.679,2.091,42.041,3.6405411685627183,2.17212349263352,11.928278497922076,2076.0,30,33.762
1039,-1.3430000000000002,45.679,-1.853,44.897000000000006,2.567,42.449000000000005,5.052633372806699,2.660197029265092,18.15840187043537,2078.0,30,33.762
1040,-1.5810000000000002,45.611,0.051,46.971,1.105,47.107000000000006,1.0627379733499691,1.8158459037901524,8.788406019422125,2080.0,30,33.762
1041,0.221,45.679,-3.4850000000000003,43.605,0.969,43.027,4.491347236631788,1.818252687638758,9.78170207982784,2082.0,30,33.762
1042,-1.037,43.027,-3.349,46.529,0.935,43.401,5.304435879525739,2.2366805159961958,10.188997493559912,2084.0,30,33.762
1043,-0.051,43.979000000000006,-3.791,45.815000000000005,-0.629,42.313,4.718288672813482,2.7531088285439886,15.890482638512852,2086.0,30,33.762
1044,-0.323,44.659000000000006,-1.751,45.747,2.023,45.067,3.8347719619294174,1.9733539336011392,5.3246038674704925,2088.0,30,33.762
1045,-0.935,43.605,-3.757,45.713,-3.3830000000000005,45.747,0.3755422745843669,1.7828425442679514,0.9728454446997198,2090.0,30,33.762
1046,-0.391,44.013000000000005,-1.649,42.551,1.785,42.313,3.44223764432382,1.814913284205424,9.227344967988916,2092.0,30,33.762
1047,-1.445,45.237,-0.6970000000000001,40.477,0.357,45.917,5.541165581355605,2.487186305090766,14.537641276398722,2094.0,30,33.762
1048,-1.241,46.019000000000005,0.221,41.293000000000006,0.289,48.229000000000006,6.936333325323979,2.508880085227527,13.789280851418756,2096.0,30,33.762
1049,0.017,44.013000000000005,-2.431,42.857000000000006,2.1590000000000003,47.787000000000006,6.735948337094043,3.0242066334966777,10.75154395020287,2098.0,30,33.762
1050,-0.085,44.659000000000006,-0.6970000000000001,45.679,-0.255,43.673,2.054117815511077,2.544518334174453,3.333535003496937,2100.0,30,33.762
1051,0.323,44.353,-0.5950000000000001,41.905,-0.799,41.939,0.2068139260301394,2.780422752801021,1.6302673668019314,2102.0,30,33.762
1052,-0.017,44.557,-2.8390000000000004,44.217000000000006,-1.5470000000000002,46.597,2.7080738542366234,3.019197004877201,19.981517044550365,2104.0,30,33.762
1053,0.289,44.489,-1.105,44.387,1.003,44.965,2.1858060298205784,0.7789371444533555,2.7725135185062686,2106.0,30,33.762
1054,0.5950000000000001,44.727,-3.145,44.897000000000006,-0.221,45.339000000000006,2.957218287512777,2.72297313722826,16.006566765369417,2108.0,30,33.762
1055,0.5950000000000001,44.047,-2.499,43.605,0.6970000000000001,47.073,4.71608312055672,2.9986294676419303,12.579589917143323,2110.0,30,33.762
1056,0.7310000000000001,43.265,-0.935,41.191,-0.8670000000000001,48.875,7.6843008790650575,3.5591750542932155,12.91378311384699,2112.0,30,33.762
1057,-0.493,45.611,-0.901,41.157,2.2270000000000003,47.957,7.484943820764456,2.436801583864693,10.161432030592229,2114.0,30,33.762
1058,0.187,44.625,-2.737,44.285,1.377,48.025000000000006,5.559909711497121,2.169464347540629,6.630691995651583,2116.0,30,33.762
1059,0.5950000000000001,44.353,-2.805,44.387,0.901,42.585,4.120878547106187,1.8649075844415088,9.010223156336984,2118.0,30,33.762
1060,-0.255,43.707,-1.785,45.101000000000006,-1.139,43.29900000000001,1.9142936033952576,2.720330233398173,12.635142420810991,2120.0,30,33.762
1061,-0.391,44.353,-3.111,47.107000000000006,-3.689,45.203,1.9897989848223363,2.5656831239354423,17.704948429209722,2122.0,30,33.762
1062,1.003,45.203,-1.207,45.305,1.819,44.285,3.1932860817659297,1.16289429745096,4.85266152354666,2124.0,30,33.762
1063,0.5950000000000001,45.135000000000005,-0.017,47.413,0.765,44.387,3.12541197284454,1.3235488082720903,5.6422258794529245,2126.0,30,33.762
1064,-0.425,45.407,-3.723,46.155,-0.5950000000000001,43.639,4.01430442293556,2.9834995834586167,19.48064823069983,2128.0,30,33.762
1065,-0.527,44.761,-2.261,46.699000000000005,-2.431,46.495000000000005,0.2655484889808263,1.976764504327583,0.7093896014730869,2130.0,30,33.762
1066,-0.051,43.945,0.357,46.733,-2.499,43.469,4.337099491595738,2.836405648541765,11.633278606671404,2132.0,30,33.762
1067,-0.119,44.149,-0.561,48.841,-0.051,46.699000000000005,2.201877380782136,3.333901652622315,20.90564416804634,2134.0,30,33.762
1068,1.003,43.29900000000001,1.683,48.67100000000001,1.479,42.619,6.0554372261629466,2.6860658423032424,9.343333628984116,2136.0,30,33.762
1069,-0.663,46.053,2.023,47.855,-0.5950000000000001,39.525000000000006,8.73171369205381,3.260718312833448,16.65971296364397,2138.0,30,33.762
1070,-1.003,46.86900000000001,-3.5530000000000004,46.019000000000005,1.921,46.325,5.48254612383699,3.884812789857605,9.19117898492865,2140.0,30,33.762
1071,-0.255,44.829,-3.3830000000000005,45.849,2.261,44.489,5.805543557669687,3.352817946469029,11.761927831553344,2142.0,30,33.762
1072,-1.445,44.829,-2.329,46.019000000000005,2.635,42.551,6.0554372261629466,2.6545913138914976,7.081946763955281,2144.0,30,33.762
1073,-1.241,43.061,-3.927000000000001,45.951,3.5530000000000004,44.42100000000001,7.634873934781112,2.733337874760936,11.33262601748479,2146.0,30,33.762
1074,-0.187,43.333000000000006,-0.765,44.727,2.737,44.557,3.50612378560712,2.186681517975157,6.825982485337612,2148.0,30,33.762
1075,0.901,44.047,0.6970000000000001,45.407,2.363,48.093,3.1607201711002517,2.941578062640602,17.846543684710436,2150.0,30,33.762
1076,-0.255,44.795,2.023,43.231,2.125,44.251000000000005,1.0250873133543308,2.955797567692247,5.4098117305009765,2152.0,30,33.762
1077,0.561,45.237,-3.655,45.509,-3.5530000000000004,45.849,0.3549704213029587,3.0111795421462704,19.18567326796308,2154.0,30,33.762
1078,0.527,43.333000000000006,-3.961,45.441,2.601,42.823,7.064967657392354,3.509890143609629,9.896862521285804,2156.0,30,33.762
1079,0.051,44.727,0.153,45.849,1.105,41.769000000000005,4.189594729803827,2.7126928679176543,12.939303658042371,2158.0,30,33.762
1080,-0.493,45.475,0.255,48.467000000000006,-2.125,41.871,7.01224757121424,2.0601700258828366,9.145639912380377,2160.0,30,33.762
1081,0.391,45.237,-2.023,45.203,-0.901,39.253,6.054864490638912,2.8357118225382307,17.303915346330566,2162.0,30,33.762
1082,1.139,45.033,-3.3830000000000005,45.713,2.193,42.075,6.657838988741017,2.601142808966744,17.492493317745183,2164.0,30,33.762
1083,-1.3090000000000002,44.965,-2.431,43.435,-0.6970000000000001,48.025000000000006,4.906613496088723,3.1552780588439617,6.98733108618868,2166.0,30,33.762
1084,-1.139,45.169,-0.221,47.617,2.737,42.551,5.866354915959313,2.5958474644141383,14.064491980438182,2168.0,30,33.762
1085,-0.6970000000000001,45.441,1.649,47.447,2.5330000000000004,42.449000000000005,5.075574844291039,2.892420556798205,16.188220404433558,2170.0,30,33.762
1086,0.935,44.999,-1.819,45.815000000000005,-2.363,42.075,3.779356558992549,2.846573594704097,12.689995923982064,2172.0,30,33.762
1087,0.8670000000000001,44.132000000000005,-2.567,44.86300000000001,1.819,47.719,5.23390217715234,2.0979627874039077,11.092055413263507,2174.0,30,33.762
1088,0.255,44.319,-1.513,48.331,0.153,42.313,6.244347844250831,2.3780250879906606,9.09245623145193,2176.0,30,33.762
1089,0.7310000000000001,44.897000000000006,1.887,48.093,-0.289,41.293000000000006,7.139676183133239,1.9906818415748728,8.149693666800278,2178.0,30,33.762
1090,0.6970000000000001,43.979000000000006,,,,,7.139676183133239,2.2712848084107864,,2180.0,30,33.762
1091,0.5950000000000001,43.843,2.873,45.135000000000005,3.213,45.101000000000006,0.3416957711181103,2.37296541644629,0.4975467398220607,2182.0,30,33.762
1092,-1.173,44.625,-3.3150000000000004,45.407,0.969,43.197,4.820451846040992,2.415173096639798,12.713482627534155,2184.0,30,33.762
1093,-1.819,45.747,-0.425,48.467000000000006,0.153,45.645,2.8805846628766183,1.9329700321917505,13.334163709501931,2186.0,30,33.762
1094,-0.051,45.747,2.805,46.019000000000005,3.145,44.761,1.3031362169781024,3.262480042739289,19.859803964706074,2188.0,30,33.762
1095,-0.493,44.795,-3.791,46.597,-3.893,45.98500000000001,0.6204417780904184,2.563282369216815,11.89483085914616,2190.0,30,33.762
1096,-0.255,44.489,-3.723,46.291,2.873,42.891000000000005,7.420728805178101,3.1452381974167025,10.87749566816064,2192.0,30,33.762
1097,-0.969,44.693000000000005,-3.723,46.257000000000005,3.621,45.407,7.393026173360947,2.669726932781657,11.220257731622262,2194.0,30,33.762
1098,0.255,44.353,-2.907,43.979000000000006,0.221,41.939,3.7344322192269073,2.740161381734426,13.281298641772594,2196.0,30,33.762
1099,-0.119,45.305,-2.873,47.821000000000005,0.969,43.945,5.45750309207425,2.771562040485348,10.069905551861384,2198.0,30,33.762
1100,-0.935,45.509,-3.5530000000000004,45.917,1.683,44.591,5.401293548771442,2.454812983889397,9.67580488927742,2200.0,30,33.762
1101,-1.173,44.149,-1.479,46.835,1.037,47.345000000000006,2.567168868617723,2.2304644279513712,14.906377333065132,2202.0,30,33.762
1102,0.5950000000000001,44.285,0.153,41.157,2.4650000000000003,46.019000000000005,5.383715074184369,2.8267964376003354,7.47361566103996,2204.0,30,33.762
1103,-0.765,45.713,-2.397,43.809000000000005,2.7710000000000004,43.673,5.169789163979514,2.2383039832031355,10.392967972210185,2206.0,30,33.762
1104,-0.629,45.696000000000005,-3.2470000000000003,45.407,3.3150000000000004,44.149,6.681497436952289,2.089832930525016,8.648583544287932,2208.0,30,33.762
1105,-1.105,46.121,-3.3830000000000005,46.495000000000005,3.3830000000000005,45.543000000000006,6.832646632162387,2.940076778774253,8.626530950975075,2210.0,30,33.762
1106,0.935,45.237,0.051,46.597,3.2470000000000003,44.557,3.791571705770577,1.422153066989348,5.430351292834231,2212.0,30,33.762
1107,1.207,45.475,,,,,3.791571705770577,2.875549910289368,,2214.0,30,33.762
1108,-0.799,45.475,-0.221,44.795,0.629,48.569,3.8685366742477703,3.0885482657346843,7.169138521160703,2216.0,30,33.762
1109,-0.629,45.713,-0.7310000000000001,42.585,3.043,46.86900000000001,5.709267203415864,2.871431737672496,10.106650874141089,2218.0,30,33.762
1110,0.493,46.648,-3.893,44.149,3.4850000000000003,45.203,7.4529054737062115,3.3788309211846315,12.583725261183975,2220.0,30,33.762
1111,0.221,45.271,-3.5530000000000004,46.461000000000006,2.975,45.373000000000005,6.618045632964464,2.301601419353557,8.168633377780498,2222.0,30,33.762
1112,0.765,44.829,-2.431,42.279,2.261,42.823,4.723430956412934,2.034658042560894,15.177314386915828,2224.0,30,33.762
1113,-0.289,44.999,-3.3830000000000005,43.29900000000001,-1.6150000000000002,42.993,1.7942853730663917,2.622509724766241,16.760472579070505,2226.0,30,33.762
1114,-0.5950000000000001,46.597,-3.213,46.699000000000005,3.689,44.86300000000001,7.142023522784002,4.173150466115439,10.736036087601718,2228.0,30,33.762
1115,0.493,44.557,-3.5530000000000004,43.707,-0.935,44.285,2.68104606450542,2.290690985537458,14.974277790312176,2230.0,30,33.762
1116,-0.969,44.455000000000005,1.649,48.297,2.7710000000000004,42.857000000000006,5.554501237735032,3.0023694519377835,14.39820000007501,2232.0,30,33.762
1117,-0.7310000000000001,43.979000000000006,-1.887,48.331,0.765,43.673,5.36004365653863,2.84219763749132,9.944421984165832,2234.0,30,33.762
1118,-0.8330000000000001,44.081,-0.8670000000000001,37.757000000000005,2.907,42.823,6.317232938557831,3.046601026872308,23.71155966720994,2236.0,30,33.762
1119,-0.323,44.353,-2.9410000000000003,47.753,0.493,41.157,7.436368199598512,2.5218294942959103,13.807794204719144,2238.0,30,33.762
1120,1.3090000000000002,44.319,0.799,47.617,-0.901,40.885000000000005,6.943329460712635,2.492607295658181,10.98285828349152,2240.0,30,33.762
1121,-0.8330000000000001,46.155,0.7310000000000001,44.285,1.275,44.387,0.55347990026739,2.263677457080645,0.6882312030599849,2242.0,30,33.762
1122,0.935,45.577000000000005,-3.723,46.835,2.431,43.095000000000006,7.2013412639590975,3.261206909379191,13.111286455110656,2244.0,30,33.762
1123,0.901,45.135000000000005,-3.723,46.291,-2.5330000000000004,43.673,2.875764941715508,2.9696465068084046,15.37730072863646,2246.0,30,33.762
1124,1.0710000000000002,45.611,-3.689,46.257000000000005,2.4650000000000003,42.313,7.309367414489437,3.2439477715299567,13.276796115236,2248.0,30,33.762
1125,0.799,47.107000000000006,-2.1590000000000003,45.577000000000005,-0.425,41.157,4.747963352849303,3.3472665898975777,16.75573618037559,2250.0,30,33.762
1126,0.119,45.339000000000006,-1.377,45.781000000000006,2.125,45.305,3.534201465677926,1.5419770972427096,6.15281730283838,2252.0,30,33.762
1127,-0.527,44.727,1.241,43.945,1.377,46.461000000000006,2.5196729946562515,1.833184410898405,12.627766280048196,2254.0,30,33.762
1128,-1.003,45.101000000000006,-1.717,47.447,-1.751,48.025000000000006,0.5789991364414977,2.74274047761269,0.6187656434049094,2256.0,30,33.762
1129,-0.663,43.911,-2.193,43.707,1.955,42.211000000000006,4.4095260516295856,2.602842268572219,7.306449012141268,2258.0,30,33.762
1130,-1.0710000000000002,44.081,-2.4650000000000003,48.399,-1.105,44.353,4.268455926913151,2.570220708337136,18.53002439262527,2260.0,30,33.762
1131,-0.391,44.795,-1.649,48.467000000000006,1.3090000000000002,43.401,5.866354915959313,3.1676085869887416,25.69627948633157,2262.0,30,33.762
1132,-0.8330000000000001,44.727,-1.921,48.467000000000006,2.397,47.923,4.352132810473504,2.914962164836284,17.77732067452811,2264.0,30,33.762
1133,-0.221,46.818000000000005,-3.689,44.86300000000001,2.7030000000000003,47.175,6.797279455782292,3.330709230729588,9.926468788565831,2266.0,30,33.762
1134,0.459,46.903000000000006,-3.4170000000000003,45.883,3.2470000000000003,44.081,6.903339771443965,3.0874195929064,11.659586489880349,2268.0,30,33.762
1135,-0.085,46.189,-3.893,44.013000000000005,1.921,42.075,6.12849410540632,2.959538739689707,15.086502210463385,2270.0,30,33.762
1136,-0.561,45.441,-3.791,45.747,-0.459,42.653000000000006,4.546983615541187,2.9356348587998,6.583115304195203,2272.0,30,33.762
1137,1.275,44.387,-3.3830000000000005,46.121,0.969,42.075,5.942223489570214,2.510957632604577,12.136946788487268,2274.0,30,33.762
1138,-0.663,43.605,-2.091,47.311,1.377,45.815000000000005,3.776908788943678,2.424390189926991,11.33480581257884,2276.0,30,33.762
1139,-0.8330000000000001,43.843,-2.669,42.789,-2.4650000000000003,43.333000000000006,0.5809922546815921,2.160642671652511,0.7027702193027388,2278.0,30,33.762
1140,0.391,43.639,-1.853,45.169,3.519,45.101000000000006,5.372430362508202,2.512640565526871,16.20064519127466,2280.0,30,33.762
1141,-0.629,44.659000000000006,-3.893,45.781000000000006,0.561,48.331,5.132310980445359,3.657555277268107,16.990882151796832,2282.0,30,33.762
1142,-0.459,45.509,-1.3430000000000002,47.243,2.2270000000000003,47.889,3.62797684667364,2.630564603898977,18.3182726696601,2284.0,30,33.762
1143,0.425,45.849,-0.119,43.231,1.853,48.229000000000006,5.372968267168531,1.7204688401262545,8.07203670425415,2286.0,30,33.762
1144,0.7310000000000001,45.169,-2.193,43.061,0.629,43.095000000000006,2.82220481184481,2.6850973948003416,15.319515032777751,2288.0,30,33.762
1145,1.173,44.727,-1.5810000000000002,46.733,0.119,42.823,4.263578309354714,1.896003433971984,10.777576494939725,2290.0,30,33.762
1146,1.5470000000000002,42.925,-3.4170000000000003,43.129000000000005,2.091,47.345000000000006,6.936333325323979,2.764428103367736,11.818982978164536,2292.0,30,33.762
1147,0.5950000000000001,44.149,-2.8390000000000004,42.381,-2.431,47.855,5.489183910200132,2.919955951060938,17.301914924949777,2294.0,30,33.762
1148,-0.969,46.86900000000001,-3.689,46.189,0.8670000000000001,48.739,5.221076134284963,2.8449302359239814,7.972439123390908,2296.0,30,33.762
1149,-1.411,46.903000000000006,-0.935,40.545,0.935,47.54900000000001,7.249339004350674,2.786854472056274,11.367270163292382,2298.0,30,33.762
1150,-2.057,43.809000000000005,-3.791,45.713,-0.289,44.659000000000006,3.657173772190761,1.4224830996240492,5.5775957631016215,2300.0,30,33.762
1151,-0.5950000000000001,44.965,-2.499,44.965,3.2470000000000003,44.183,5.7989688738602485,2.3903263743177128,9.803078113275824,2302.0,30,33.762
1152,-0.5950000000000001,44.693000000000005,1.717,44.455000000000005,3.2470000000000003,44.897000000000006,1.5925652262937304,2.248714298927778,11.148296006045385,2304.0,30,33.762
1153,1.003,44.557,1.241,43.571000000000005,2.907,47.481,4.25013599782407,3.108493253735362,24.254687635611905,2306.0,30,33.762
1154,0.391,45.543000000000006,-3.723,46.359,1.411,46.461000000000006,5.13501314506594,2.7444516754741435,8.786764643087682,2308.0,30,33.762
1155,-1.037,45.135000000000005,-0.187,46.019000000000005,3.349,43.435,4.3795378751644565,2.2735875296677563,9.876322381633337,2310.0,30,33.762
1156,-0.969,44.999,-3.689,46.189,1.853,47.54900000000001,5.706431809808999,1.8515712290463957,8.720558559501162,2312.0,30,33.762
1157,-0.289,44.693000000000005,-3.3830000000000005,45.611,1.173,48.195,5.237765935969266,2.062205707729163,11.180442131605224,2314.0,30,33.762
1158,0.8330000000000001,44.217000000000006,-3.859,45.815000000000005,0.425,47.583000000000006,4.634488105497737,3.2327720604272634,14.4221546739899,2316.0,30,33.762
1159,0.5950000000000001,45.577000000000005,-3.2470000000000003,46.291,2.907,47.277,6.23248842758653,2.211857851085619,9.871518806890336,2318.0,30,33.762
1160,-0.561,44.86300000000001,-2.635,43.911,2.873,47.107000000000006,6.368082914033077,2.263634404517706,9.258751431247394,2320.0,30,33.762
1161,-0.901,44.489,-3.3830000000000005,46.325,1.649,47.447,5.155570579480026,2.210793875243703,11.266349635040507,2322.0,30,33.762
1162,-0.799,45.067,-2.2950000000000004,43.401,2.805,45.611,5.558246126252418,2.2428935844983235,7.935677743155599,2324.0,30,33.762
1163,-0.357,43.775000000000006,0.459,42.041,3.4170000000000003,46.495000000000005,5.346763507019925,2.3136305299211424,10.3499477262137,2326.0,30,33.762
1164,0.663,44.591,-3.1790000000000003,47.753,-0.187,44.557,4.377953859967006,2.558442252111509,11.342560115881714,2328.0,30,33.762
1165,1.105,44.86300000000001,-0.391,44.217000000000006,-0.459,43.775000000000006,0.4472001788908408,1.846849696338552,0.4698256302345379,2330.0,30,33.762
1166,0.051,45.101000000000006,-1.683,48.161,-0.8330000000000001,42.925,5.304544843810825,2.8016302754203006,10.278346568412536,2332.0,30,33.762
1167,-0.051,43.027,-1.513,45.135000000000005,0.6970000000000001,39.627,5.934826366457574,1.6526476834253157,8.066128066252764,2334.0,30,33.762
1168,0.221,42.279,0.357,43.809000000000005,0.255,40.817,2.9937381315004825,2.090765685978826,7.545892239088775,2336.0,30,33.762
1169,0.493,43.741,-3.3830000000000005,47.107000000000006,0.255,38.301,9.527889587941289,2.850637926221644,13.1650634368578,2338.0,30,33.762
1170,0.187,44.115,1.105,44.353,0.323,39.865,4.555619387086678,2.335764556026316,6.302250188501471,2340.0,30,33.762
1171,-1.513,46.087,-2.261,47.787000000000006,1.785,42.653000000000006,6.536671324152684,2.0203308884574844,7.992487478387066,2342.0,30,33.762
1172,-0.119,46.733,-0.051,46.937000000000005,1.411,47.345000000000006,1.5178629714173806,2.5584637016614464,6.249536934042556,2344.0,30,33.762
1173,0.493,45.203,-1.683,45.645,1.989,44.659000000000006,3.802075748850883,3.3564849670441057,10.184314311031926,2346.0,30,33.762
1174,0.357,44.591,-0.017,45.067,1.003,46.223000000000006,1.5416666306306304,2.7891267711621497,11.599349989379826,2348.0,30,33.762
1175,0.221,44.897000000000006,1.173,45.169,1.955,44.727,0.8982694473263577,1.648916596260282,9.741906772390733,2350.0,30,33.762
1176,-0.561,45.237,0.221,47.889,-3.1790000000000003,45.237,4.311972170596652,2.8740418971892514,5.032999294590983,2352.0,30,33.762
1177,0.901,44.727,1.3090000000000002,48.501000000000005,-2.091,44.965,4.90543535274903,2.309084219173943,11.148915464767263,2354.0,30,33.762
1178,1.0710000000000002,44.013000000000005,0.8330000000000001,48.977,-2.8390000000000004,43.29900000000001,6.761898254188687,3.0423158302679973,14.132635595777398,2356.0,30,33.762
1179,0.391,45.951,-2.7030000000000003,47.923,0.323,41.463,7.133601895256001,2.841356449652733,13.339077745084817,2358.0,30,33.762
1180,-0.085,45.271,-1.887,48.875,0.527,40.885000000000005,8.34670569745933,2.884385180461273,10.146037836694598,2360.0,30,33.762
1181,0.255,44.659000000000006,-2.261,48.263000000000005,-2.4650000000000003,48.025000000000006,0.3134645115479582,2.797341394329141,1.1347698937384003,2362.0,30,33.762
1182,0.289,46.529,-3.3830000000000005,45.883,2.261,46.461000000000006,5.673519190061844,3.4566472092885574,8.756375875156323,2364.0,30,33.762
1183,-0.323,45.543000000000006,-2.2950000000000004,44.523,1.819,41.871,4.894701216621909,2.534582197170539,12.487649365843362,2366.0,30,33.762
1184,-0.221,46.699000000000005,-3.3830000000000005,46.665000000000006,3.587,44.081,7.433569532869118,3.288699628067308,10.88683282916292,2368.0,30,33.762
1185,0.153,46.563,-3.723,46.42700000000001,3.4170000000000003,44.013000000000005,7.537041594684217,3.4100124880968425,12.359010887783125,2370.0,30,33.762
1186,0.561,45.747,-0.017,48.569,0.255,44.251000000000005,4.326558447542342,2.51419711235847,5.286104764547414,2372.0,30,33.762
1187,1.887,44.693000000000005,-2.737,44.693000000000005,-0.119,44.591,2.619986259505954,2.1014382063142256,13.26234440990575,2374.0,30,33.762
1188,-0.187,43.265,-3.4850000000000003,43.197,2.9410000000000003,45.713,6.900995000722723,2.5333489753017058,10.909847772805076,2376.0,30,33.762
1189,0.5950000000000001,44.625,-3.4170000000000003,46.393,1.445,42.143,6.457673265193898,2.4052797169186992,10.302882899738613,2378.0,30,33.762
1190,0.663,44.455000000000005,-1.989,47.345000000000006,2.431,43.129000000000005,6.108277662320207,2.0403178874708456,7.990743969182499,2380.0,30,33.762
1191,1.241,45.645,-3.4170000000000003,43.367,3.2470000000000003,44.761,6.808240007520299,2.2871694236278333,9.713826951194244,2382.0,30,33.762
1192,0.085,45.815000000000005,-0.7310000000000001,43.129000000000005,2.873,43.333000000000006,3.6097689676764633,2.590799280887046,12.3282122735071,2384.0,30,33.762
1193,-0.561,46.257000000000005,-1.819,44.86300000000001,-1.513,47.719,2.87234607942706,2.3762106635357987,9.629556485358638,2386.0,30,33.762
1194,-0.357,45.373000000000005,-1.751,42.007000000000005,0.5950000000000001,45.033,3.828889133939504,1.7474259063230533,6.873368976835661,2388.0,30,33.762
1195,0.663,45.441,-3.3150000000000004,43.129000000000005,1.989,43.265,5.305743303251676,3.3661833781044885,16.23620213219246,2390.0,30,33.762
1196,0.5950000000000001,45.203,-2.635,42.449000000000005,3.145,45.135000000000005,6.373617183358285,2.812807584410287,12.926460513316956,2392.0,30,33.762
1197,-0.765,44.285,-1.3430000000000002,43.163,-0.561,42.279,1.1802457371242654,3.4345691251284745,2.079624301457993,2394.0,30,33.762
1198,-0.493,43.741,-0.153,39.423,-0.425,38.947,0.5482335268843014,3.1497796356919623,0.6073070880236047,2396.0,30,33.762
1199,0.391,43.333000000000006,-0.561,47.617,-2.5330000000000004,42.347,5.626871599743502,2.770147289049035,11.017806392593272,2398.0,30,33.762
1200,-0.799,43.435,-3.5530000000000004,44.557,3.3150000000000004,45.543000000000006,6.938416245801344,3.4323418143437325,11.39026026141624,2400.0,30,33.762
1201,-0.323,45.033,-3.2470000000000003,44.761,-1.921,47.073,2.665261713228177,1.8794558015620195,12.520277430165129,2402.0,30,33.762
1202,-1.5470000000000002,44.183,0.935,43.911,0.119,47.957,4.127465566179808,2.751549472219153,11.668437059714469,2404.0,30,33.762
1203,0.663,44.727,,,,,4.127465566179808,1.2929274949901823,,2406.0,30,33.762
1204,0.119,45.237,0.221,41.191,-2.737,44.42100000000001,4.379801822000626,2.340762039093806,15.638625492816209,2408.0,30,33.762
1205,0.255,45.033,3.111,43.503,-3.349,45.747,6.838650159205397,2.105178039448868,8.14170881061483,2410.0,30,33.762
1206,-0.459,44.285,-2.091,46.971,-0.935,43.639,3.526834274530064,2.1306939950966077,5.332145734895807,2412.0,30,33.762
1207,0.425,44.727,-3.349,43.163,1.207,48.569,7.069792924831675,2.325590885553486,9.405361282989366,2414.0,30,33.762
1208,-1.003,45.441,3.3830000000000005,45.747,-2.635,46.019000000000005,6.024143756584831,2.492276650244504,15.939243069224494,2416.0,30,33.762
1209,-0.561,45.713,2.5330000000000004,46.767,-2.805,42.381,6.908779921230666,2.3763803025322523,9.047140057322284,2418.0,30,33.762
1210,-0.119,45.951,0.357,47.923,-2.4650000000000003,42.857000000000006,5.7989688738602485,2.7121393212990124,9.494140703112636,2420.0,30,33.762
1211,-0.901,45.849,-0.357,49.045,-0.901,41.225,7.838898902269375,3.051879416467885,13.078013086605049,2422.0,30,33.762
1212,-2.057,46.291,0.799,49.079,-1.717,44.931,4.851408043032456,2.6427748228076857,7.344139558384614,2424.0,30,33.762
1213,-0.051,45.373000000000005,-3.723,46.359,3.587,44.625,7.512846065240523,2.387013510173094,9.63829829056095,2426.0,30,33.762
1214,-1.6150000000000002,44.557,-3.3830000000000005,45.509,2.975,43.061,6.812992587695954,2.2374229732300157,8.923109923337508,2428.0,30,33.762
1215,0.017,46.121,0.493,43.605,2.7030000000000003,42.619,2.419978512301298,2.643832379091186,15.528212242167024,2430.0,30,33.762
1216,-0.6970000000000001,45.067,-0.765,43.401,2.125,42.041,3.194010018769509,2.230188444816173,14.689832870117511,2432.0,30,33.762
1217,0.017,44.795,-2.329,44.183,0.7310000000000001,41.463,4.09414215678938,3.05362256920009,15.30685148829468,2434.0,30,33.762
1218,0.017,45.815000000000005,-2.5330000000000004,46.563,2.261,48.093,5.032229724485957,2.863878982071899,10.503758240968931,2436.0,30,33.762
1219,-0.085,44.183,-3.111,44.319,-1.139,44.557,1.98631014698108,2.7697611164012104,16.82555894875153,2438.0,30,33.762
1220,0.221,43.197,-0.663,44.217000000000006,-1.003,44.761,0.6415107169798491,3.350439288736897,1.0606171164894913,2440.0,30,33.762
1221,-0.17,44.047,-3.587,43.843,0.561,43.775000000000006,4.148557339606144,2.942350058226019,22.99028428652403,2442.0,30,33.762
1222,-1.785,45.339000000000006,,,,,4.148557339606144,2.448608743738552,,2444.0,30,33.762
1223,0.187,46.087,-1.275,41.769000000000005,0.255,48.399,6.80424867270443,2.3831640631014075,9.320449243476247,2446.0,30,33.762
1224,0.765,45.271,-1.6150000000000002,43.231,2.1590000000000003,46.665000000000006,5.10249272414964,2.175134980177841,7.692515910585242,2448.0,30,33.762
1225,-0.051,45.509,-3.723,46.155,0.459,44.693000000000005,4.430188257850901,3.117918556738263,13.515011110902073,2450.0,30,33.762
1226,-1.6150000000000002,46.393,-3.281,42.891000000000005,2.329,45.475,6.176500303569976,3.0835228423811105,15.94896264276536,2452.0,30,33.762
1227,0.6970000000000001,43.605,-3.4170000000000003,44.387,2.5330000000000004,46.699000000000005,6.383403794215122,3.1591850003962385,15.878637349247436,2454.0,30,33.762
1228,0.799,44.761,-3.213,43.571000000000005,0.901,48.059000000000005,6.0882789029412905,2.76404753517356,13.05530473623191,2456.0,30,33.762
1229,-0.7310000000000001,44.86300000000001,-3.893,44.86300000000001,3.0770000000000004,47.073,7.311976476986233,2.0815504034386323,9.18461727729104,2458.0,30,33.762
1230,0.357,44.183,-0.799,47.345000000000006,-0.629,47.175,0.2404163056034262,2.0809520141044566,0.8990210667664258,2460.0,30,33.762
1231,-0.561,43.333000000000006,-1.887,41.73500000000001,2.091,44.897000000000006,5.0816068324891095,1.9142339063466545,10.410555350299234,2462.0,30,33.762
1232,0.323,42.959,-3.893,45.475,3.0770000000000004,46.223000000000006,7.010021683276023,2.432224167300374,12.72505046257146,2464.0,30,33.762
1233,1.105,46.665000000000006,-4.029,44.489,0.8670000000000001,44.897000000000006,4.912970588147257,2.4120825123892664,10.52149273301909,2466.0,30,33.762
1234,-0.289,46.325,-3.0090000000000003,42.789,2.397,46.631,6.632179129064594,2.783831076385437,10.658116972317162,2468.0,30,33.762
1235,-1.377,45.645,-1.445,41.837,-0.7310000000000001,44.523,2.77927904320527,2.804860108461157,23.222409692218616,2470.0,30,33.762
1236,0.323,45.339000000000006,-3.519,45.883,0.425,43.401,4.659984978516562,2.978706252415941,15.158970490691734,2472.0,30,33.762
1237,-0.221,45.951,-3.621,44.693000000000005,-2.193,44.897000000000006,1.4424978336205572,3.1558882332304994,20.89923366940145,2474.0,30,33.762
1238,-0.289,45.577000000000005,-0.425,41.157,1.751,45.373000000000005,4.744431683563375,1.6914809272565647,10.771958371491838,2476.0,30,33.762
1239,-1.3090000000000002,45.815000000000005,0.323,40.987,2.567,46.971,6.390914801497514,3.45559964542885,15.649071430759916,2478.0,30,33.762
1240,-0.357,44.047,0.017,44.285,-0.323,49.045,4.7721274081901885,1.9839504992144676,13.53733589822975,2480.0,30,33.762
1241,-1.003,44.727,0.425,41.769000000000005,2.7030000000000003,44.829,3.814824242347215,2.214225194586404,12.433791464485774,2482.0,30,33.762
1242,-0.017,44.625,2.2950000000000004,42.619,2.397,48.093,5.47495022808427,2.5785037909779542,16.22338589392636,2484.0,30,33.762
1243,-0.561,45.339000000000006,2.635,46.257000000000005,2.397,47.99100000000001,1.7502571239677902,3.229826907915685,19.878483495209267,2486.0,30,33.762
1244,-0.357,42.993,1.003,43.129000000000005,1.173,48.807,5.680544340113895,3.4573230432472943,13.962944052748178,2488.0,30,33.762
1245,-0.119,43.979000000000006,1.717,41.973000000000006,3.349,43.639,2.3321620869913824,2.1955534512124912,14.400023278764587,2490.0,30,33.762
1246,0.119,45.679,-3.723,46.529,3.3150000000000004,44.047,7.462825738284394,3.520241269658966,11.653117514259897,2492.0,30,33.762
1247,-0.289,46.189,3.043,46.86900000000001,-0.085,27.727,19.39588997700286,3.5157353570596945,,2494.0,30,33.762
1248,-0.153,44.761,-4.029,45.441,1.853,45.98500000000001,5.9071025046125625,3.164512539812739,12.920817634974846,2496.0,30,33.762
1249,0.085,43.979000000000006,-2.873,44.897000000000006,1.921,46.053,4.931406695862753,1.765049283238323,8.614422189125271,2498.0,30,33.762
1250,-0.051,45.98500000000001,-1.785,44.795,3.111,46.529,5.193993839041398,2.4853468149809887,6.362317182413486,2500.0,30,33.762
1251,-1.5470000000000002,45.271,-1.445,43.401,2.907,43.027,4.368040750725661,2.327265165035368,9.909564265755945,2502.0,30,33.762
1252,-1.0710000000000002,45.101000000000006,-3.1790000000000003,46.971,1.887,42.007000000000005,7.0926477425570775,2.8817885411142066,18.661239017556166,2504.0,30,33.762
1253,-0.085,44.353,-3.1790000000000003,45.033,3.2470000000000003,43.877,6.529150940206545,3.1576718170841818,23.114401541693358,2506.0,30,33.762
1254,-0.7310000000000001,43.673,-3.4170000000000003,47.413,0.221,37.723000000000006,10.3504175761174,3.4603942858933507,14.904259247463433,2508.0,30,33.762
1255,0.7310000000000001,45.067,-1.275,42.755,1.649,42.789,2.924197667737255,2.485475245089489,12.922633199013331,2510.0,30,33.762
1256,1.173,45.611,-2.125,43.095000000000006,-1.683,48.195,5.119117502070059,3.446775663852099,16.366402424226575,2512.0,30,33.762
1257,-0.017,44.931,-2.057,45.237,-2.193,45.339000000000006,0.17,2.7049359578625274,0.6206645271605713,2514.0,30,33.762
1258,0.425,46.767,-2.4650000000000003,43.945,-3.723,46.529,2.8739554624245662,3.268983791325148,18.128323878545714,2516.0,30,33.762
1259,0.017,44.523,1.921,47.787000000000006,1.3090000000000002,48.195,0.7355324601946539,2.6472234008345907,14.8234752235942,2518.0,30,33.762
1260,0.221,44.965,1.785,42.585,0.255,42.653000000000006,1.5315103656195084,2.687376970333724,2.4765214026623057,2520.0,30,33.762
1261,1.275,44.88,-0.8330000000000001,45.033,-0.6970000000000001,44.591,0.4624499972970051,1.763824272320617,10.024804074407092,2522.0,30,33.762
1262,1.411,43.707,-1.207,48.603,-2.2950000000000004,42.007000000000005,6.685129766878127,3.0936303167024737,13.935771389819044,2524.0,30,33.762
1263,0.8330000000000001,44.591,-3.043,46.665000000000006,-2.091,42.755,4.024227130766851,3.095338120551116,15.790481945541831,2526.0,30,33.762
1264,1.479,44.829,-0.561,49.045,-1.139,45.135000000000005,3.952490860204487,2.349240353562396,10.083016543714535,2528.0,30,33.762
1265,0.5950000000000001,44.761,-1.5810000000000002,48.467000000000006,0.017,40.171,8.44850400958655,3.2019364678094626,12.679928366822656,2530.0,30,33.762
1266,1.0710000000000002,46.121,-2.907,47.175,-0.391,41.225,6.460089473064596,3.3649468788561347,14.371184964764888,2532.0,30,33.762
1267,0.493,44.931,-2.4650000000000003,43.027,-0.901,41.599,2.117847964326052,2.715564507021781,17.17976120729592,2534.0,30,33.762
1268,0.085,44.931,-3.519,44.727,-1.955,44.081,1.6921619307855855,2.4734167356449603,1.952626823300265,2536.0,30,33.762
1269,-0.119,45.373000000000005,-1.921,44.217000000000006,0.119,47.651,3.994240353308749,2.6922397355096237,18.86082700136434,2538.0,30,33.762
1270,-0.8330000000000001,44.693000000000005,-1.921,48.195,0.7310000000000001,48.43300000000001,2.662658070425116,3.255719216755128,18.458331408232755,2540.0,30,33.762
1271,-0.5950000000000001,45.033,-2.193,47.617,0.221,49.079,2.82220481184481,3.249121824414394,3.2081428100256004,2542.0,30,33.762
1272,-0.5950000000000001,45.645,0.119,48.67100000000001,-0.357,42.551,6.138483200270243,2.6997702407873265,8.638075902892624,2544.0,30,33.762
1273,0.017,44.42100000000001,,,,,6.138483200270243,3.0623701276040536,,2546.0,30,33.762
1274,-0.255,45.203,-0.527,45.747,0.969,42.959,3.164010113763861,1.9423164551197971,8.378667043298904,2548.0,30,33.762
1275,0.629,45.305,-3.5530000000000004,45.237,-0.6970000000000001,48.909000000000006,4.651915734404484,3.367601370901368,18.054696411786484,2550.0,30,33.762
1276,1.241,45.611,-2.431,43.435,1.5810000000000002,45.067,4.331231695488017,2.478859893580289,10.429589284001462,2552.0,30,33.762
1277,0.6970000000000001,44.86300000000001,-3.927000000000001,45.271,-2.023,47.821000000000005,3.1824072649489725,3.094487039723749,17.703093132914848,2554.0,30,33.762
1278,0.969,45.543000000000006,-3.281,45.407,-0.901,42.891000000000005,3.4633301892831416,2.918367031926709,15.388224647091128,2556.0,30,33.762
1279,0.6970000000000001,45.611,-2.329,45.067,0.221,43.537000000000006,2.973785466371104,2.358231053888307,12.970486835626875,2558.0,30,33.762
1280,0.5950000000000001,45.543000000000006,0.765,42.007000000000005,2.7030000000000003,44.659000000000006,3.2846534063733426,2.5696426911258547,8.119070678057644,2560.0,30,33.762
1281,-0.663,44.183,-2.907,42.925,0.051,46.971,5.011973663139103,2.3945077690783703,6.242501097591761,2562.0,30,33.762
1282,-1.0710000000000002,45.747,-1.241,41.769000000000005,0.051,48.67100000000001,7.021884932124708,3.244633187151913,8.962511152277328,2564.0,30,33.762
1283,-0.901,44.86300000000001,-0.051,40.987,-0.8670000000000001,48.501000000000005,7.558177822729498,2.9252495608096583,8.921477821942918,2566.0,30,33.762
1284,0.459,43.29900000000001,-2.193,43.333000000000006,-0.459,47.413,4.43318801766855,2.392953251504341,4.862474394626145,2568.0,30,33.762
1285,-0.935,43.469,-2.1590000000000003,44.931,1.853,41.905,5.025218403213934,3.276571493808137,7.031753784600969,2570.0,30,33.762
1286,0.187,45.135000000000005,-3.893,45.815000000000005,-3.5530000000000004,46.495000000000005,0.7602631123499286,2.8430218355336057,14.998858651358864,2572.0,30,33.762
1287,-1.003,44.659000000000006,-3.5530000000000004,45.917,-0.629,43.435,3.835374818710683,2.717371921802359,9.512338721358352,2574.0,30,33.762
1288,0.289,45.237,-3.5530000000000004,46.155,3.1790000000000003,43.571000000000005,7.210886214606358,2.9433267777377266,11.4649624588287,2576.0,30,33.762
1289,1.275,46.665000000000006,-2.1590000000000003,46.665000000000006,2.7710000000000004,43.163,6.047222833665054,2.8313519125012774,11.475316191249137,2578.0,30,33.762
1290,-0.153,45.781000000000006,-1.479,47.413,3.4170000000000003,43.571000000000005,6.223486161308629,1.8605219991458744,8.448882210798752,2580.0,30,33.762
1291,-1.003,44.693000000000005,0.629,42.755,3.3150000000000004,44.761,3.3524068965446303,2.596697944517907,17.187848440177508,2582.0,30,33.762
1292,-1.0710000000000002,44.795,0.323,42.653000000000006,3.587,44.625,3.8134603708443073,3.2949937103797486,18.137026799594967,2584.0,30,33.762
1293,-0.289,45.237,1.819,42.415000000000006,0.221,43.197,1.7790806614653538,1.9807606101266837,3.818707028845088,2586.0,30,33.762
1294,-0.765,45.033,0.969,44.047,0.901,44.489,0.4472001788908408,2.244117931725956,0.4977684751488913,2588.0,30,33.762
1295,-0.901,45.475,-3.825,45.849,-1.853,48.093,2.987360038562477,2.339694324702954,13.452805875935509,2590.0,30,33.762
1296,-1.037,45.475,-3.893,44.659000000000006,-3.689,44.659000000000006,0.204,2.058841695610165,0.7753194599614629,2592.0,30,33.762
1297,-0.561,44.965,-0.799,46.291,-0.561,42.789,3.510078061810022,2.32603498136942,4.6206688810867975,2594.0,30,33.762
1298,1.037,44.489,0.527,48.025000000000006,1.037,46.699000000000005,1.4206956042727803,2.4359768252052,2.841627534070197,2596.0,30,33.762
1299,-0.085,44.285,-1.887,48.807,2.873,42.823,7.646296881497605,2.5764846644285515,11.36205005142013,2598.0,30,33.762
1300,0.561,43.979000000000006,-0.561,42.823,1.173,46.461000000000006,4.0301116609840975,1.9969337920037733,10.485452184260078,2600.0,30,33.762
1301,1.513,45.339000000000006,-0.629,43.095000000000006,0.153,42.483,0.993009566922696,2.400941012448546,14.465949127753577,2602.0,30,33.762
1302,-0.391,46.325,-1.3430000000000002,44.183,1.105,43.979000000000006,2.4564852940736284,1.696720487243597,9.589458775963443,2604.0,30,33.762
1303,0.221,46.359,-3.349,47.243,-0.969,41.395,6.313755142543936,2.500626371662804,11.66227989656882,2606.0,30,33.762
1304,0.5950000000000001,45.339000000000006,-3.1790000000000003,45.067,0.6970000000000001,40.341,6.112156084394442,2.9962783549230174,16.29160560059625,2608.0,30,33.762
1305,-1.5810000000000002,45.849,-0.8330000000000001,48.773,2.329,42.211000000000006,7.284098296975405,2.8830606722118635,14.29534579218928,2610.0,30,33.762
1306,-0.017,44.625,-2.193,44.081,-0.153,48.909000000000006,5.241296022931733,2.690131853471056,6.780685708576618,2612.0,30,33.762
1307,-1.445,44.285,-2.091,48.569,2.7030000000000003,42.517,7.720695564520079,2.69371758038546,13.47085254808914,2614.0,30,33.762
1308,-0.493,43.945,-3.723,44.319,3.0770000000000004,45.441,6.891943412420042,2.5626649644954664,9.476086758476216,2616.0,30,33.762
1309,-0.527,44.523,-3.757,45.815000000000005,-3.5530000000000004,45.917,0.2280789337049786,2.7477845907139176,19.320785505824016,2618.0,30,33.762
1310,-0.255,44.319,-0.221,40.409000000000006,0.5950000000000001,45.611,5.265611075649246,2.393716352252622,19.3955106747422,2620.0,30,33.762
1311,-0.799,43.979000000000006,0.493,38.573,-2.397,47.243,9.138982437886618,3.369979827757926,9.79164542167054,2622.0,30,33.762
1312,-1.921,44.489,-3.4170000000000003,44.931,-0.969,45.679,2.559728110561745,1.9630736968590932,6.380847498132122,2624.0,30,33.762
1313,0.272,44.42100000000001,-0.153,44.115,1.173,47.99100000000001,4.096541468116734,2.825477481205409,9.736768853763982,2626.0,30,33.762
1314,0.799,46.053,0.289,44.693000000000005,2.737,44.081,2.5233406428780083,1.8521475821115845,6.026494946034061,2628.0,30,33.762
1315,0.051,46.189,-0.561,41.599,2.091,47.685,6.638712224520657,2.2685529317024518,9.324819450665595,2630.0,30,33.762
1316,-0.323,45.645,-1.955,44.591,3.213,43.843,5.221851012811453,2.3213071802983323,10.7884938292247,2632.0,30,33.762
1317,-2.125,46.325,-1.241,43.197,0.969,48.195,5.464805943489669,2.8600021376499365,13.551555995975844,2634.0,30,33.762
1318,-0.799,45.509,1.5810000000000002,44.183,2.635,45.509,1.6938689441630366,2.264602760521438,14.541692568318952,2636.0,30,33.762
1319,-0.153,44.251000000000005,-2.1590000000000003,45.407,2.9410000000000003,43.639,5.397761017310788,1.815087341887356,8.88376996077771,2638.0,30,33.762
1320,-1.003,45.339000000000006,-1.6150000000000002,42.789,3.689,45.237,5.841670993816752,2.908778957078884,14.889513433870388,2640.0,30,33.762
1321,0.221,46.223000000000006,-3.519,45.883,1.5810000000000002,45.169,5.14973746903665,3.311514113023636,11.467396517504246,2642.0,30,33.762
1322,-0.119,44.455000000000005,0.459,42.041,1.479,45.271,3.387226003679117,1.9306213403176509,4.102505173309776,2644.0,30,33.762
1323,-0.527,45.373000000000005,0.085,46.495000000000005,0.459,46.495000000000005,0.374,1.7851415520517582,10.338709266157329,2646.0,30,33.762
1324,0.153,43.843,-3.145,45.373000000000005,-2.057,48.569,3.3761161117473435,3.2506086765854616,17.702804029323485,2648.0,30,33.762
1325,0.136,45.135000000000005,-2.2270000000000003,45.169,-1.955,45.237,0.2803711825420009,2.4655048005553497,0.4517040226599125,2650.0,30,33.762
1326,0.323,45.101000000000006,-2.601,42.279,-2.499,45.407,3.129662601623376,2.7738088748864778,16.835482749350074,2652.0,30,33.762
1327,0.5950000000000001,43.843,-2.397,43.231,0.425,48.229000000000006,5.739659223333734,2.9537494824486097,11.433997312273704,2654.0,30,33.762
1328,0.8330000000000001,43.741,-1.785,46.971,-0.051,41.055,6.164885400394723,2.050959442814293,9.543332587938814,2656.0,30,33.762
1329,-0.646,43.333000000000006,-2.023,46.665000000000006,3.213,45.305,5.4097408440700745,3.315575748861167,15.064955104820816,2658.0,30,33.762
1330,0.289,44.557,-3.621,45.611,2.193,48.093,6.321623209271493,3.0563530441925417,13.976702529809694,2660.0,30,33.762
1331,-0.017,44.455000000000005,-3.451,46.937000000000005,-1.173,45.98500000000001,2.468924462189964,2.3376634325801366,14.434610061439225,2662.0,30,33.762
1332,-0.051,44.285,-2.499,43.775000000000006,3.3150000000000004,46.019000000000005,6.2320247111191724,2.8795503517563827,8.232249363967293,2664.0,30,33.762
1333,-0.119,45.475,0.153,48.943000000000005,-0.357,47.107000000000006,1.9055172526114796,2.363374756565098,17.09949577394969,2666.0,30,33.762
1334,-1.717,44.86300000000001,0.289,48.501000000000005,-2.363,43.367,5.778499805312794,2.421195050589014,9.328205770488836,2668.0,30,33.762
1335,-0.5950000000000001,47.753,-3.723,46.393,3.0090000000000003,46.495000000000005,6.732772682929374,3.445411835910656,9.493537320690752,2670.0,30,33.762
1336,-0.969,46.121,0.459,42.007000000000005,2.737,47.039,5.52361367222582,3.284745766806165,16.018774901051593,2672.0,30,33.762
1337,-0.187,47.107000000000006,-2.261,47.175,2.261,47.175,4.522,2.0448472045759587,5.065609115642213,2674.0,30,33.762
1338,-0.969,44.86300000000001,-1.173,44.557,-0.527,40.647000000000006,3.963005929846687,2.453441394252442,14.597612236722057,2676.0,30,33.762
1339,0.323,47.515,2.567,47.311,3.281,44.013000000000005,3.3744036510174658,2.699214517274372,15.22596221061689,2678.0,30,33.762
1340,-0.306,44.251000000000005,-2.873,47.583000000000006,1.037,41.633,7.119733141066455,2.555720666768076,11.994658597374636,2680.0,30,33.762
1341,1.377,44.86300000000001,0.493,48.43300000000001,-0.901,37.349,11.171315589490794,3.478727544971302,13.70086379436549,2682.0,30,33.762
1342,0.629,43.044,,,,,11.171315589490794,3.4564986922267225,,2684.0,30,33.762
1343,0.051,44.523,,,,,11.171315589490794,2.497178829963528,,2686.0,30,33.762
1344,0.7310000000000001,44.149,,,,,11.171315589490794,2.684794379597633,,2688.0,30,33.762
1345,-1.3090000000000002,43.741,-2.9410000000000003,48.025000000000006,3.4170000000000003,45.679,6.7770111406135385,3.062573585910483,14.266218918372942,2690.0,30,33.762
1346,-1.5470000000000002,43.979000000000006,-1.173,48.943000000000005,2.873,45.475,5.328896696315289,3.371893917119839,17.50861086009658,2692.0,30,33.762
1347,-0.629,44.42100000000001,0.255,48.059000000000005,2.2270000000000003,47.277,2.121392938613684,3.123155278151788,18.36573035199497,2694.0,30,33.762
1348,-0.357,45.645,-3.927000000000001,45.917,-3.723,46.291,0.4260187789288167,3.530988839625404,22.9061351373796,2696.0,30,33.762
1349,-1.377,44.353,-0.901,46.291,3.0770000000000004,46.359,3.978581154130201,1.8408040711111775,12.662096662910647,2698.0,30,33.762
1350,0.493,44.795,-1.5470000000000002,45.849,-0.119,43.775000000000006,2.518066718734832,1.7225369245818107,9.05371373990692,2700.0,30,33.762
1351,0.901,45.883,-2.9410000000000003,47.447,0.153,41.497,6.706365334516157,3.020890002444992,12.631970039564363,2702.0,30,33.762
1352,0.051,45.339000000000006,-2.907,43.945,-2.669,44.115,0.2924790590794493,2.9458466308680435,18.87470280381284,2704.0,30,33.762
1353,-0.357,44.761,-1.921,47.787000000000006,2.873,42.857000000000006,6.876578800537372,2.316337662770668,7.866141259118154,2706.0,30,33.762
1354,0.085,44.217000000000006,-3.213,45.135000000000005,-1.275,41.973000000000006,3.70865042839036,2.2781325040591414,14.948461696419608,2708.0,30,33.762
1355,-0.051,44.659000000000006,-3.689,44.149,-0.051,46.257000000000005,4.204605570086212,2.406599300439473,8.334775288592484,2710.0,30,33.762
1356,0.221,44.795,0.357,40.171,2.397,47.141000000000005,7.262403183519901,2.953707271417425,8.562446999706426,2712.0,30,33.762
1357,0.425,45.611,-3.519,45.951,0.8670000000000001,44.251000000000005,4.703934098177823,3.921014655268362,11.908498919641128,2714.0,30,33.762
1358,0.187,44.659000000000006,-2.737,46.937000000000005,0.8330000000000001,47.99100000000001,3.722340124169204,2.891694130404066,5.075969638173691,2716.0,30,33.762
1359,-0.187,44.693000000000005,0.459,40.069,1.785,47.787000000000006,7.831079108271095,2.637761818738813,9.727575894720632,2718.0,30,33.762
1360,-1.6150000000000002,44.897000000000006,0.493,40.511,-0.6970000000000001,46.393,6.001168552873682,2.5538901942846954,13.480693510310395,2720.0,30,33.762
1361,-0.425,44.659000000000006,-0.7310000000000001,39.899,-0.6970000000000001,45.645,5.746100590835493,2.4981173872660323,9.09513501327361,2722.0,30,33.762
1362,0.221,45.781000000000006,0.527,38.743,-1.411,48.773,10.21551486710288,3.706241295809332,14.885275361926016,2724.0,30,33.762
1363,-1.003,43.843,-2.4650000000000003,42.721,-1.819,45.475,2.828750961113403,1.8557874457804933,5.075926579205345,2726.0,30,33.762
1364,-0.901,44.86300000000001,-2.2270000000000003,43.775000000000006,-0.017,45.237,2.649819616502225,1.7438739541555066,10.130241640600817,2728.0,30,33.762
1365,-1.003,44.42100000000001,-1.003,41.973000000000006,3.213,46.835,6.435347698454218,2.354304812143753,11.711527362462448,2730.0,30,33.762
1366,-1.003,44.965,-3.961,45.611,1.479,41.73500000000001,6.679593999638002,3.199691595843784,8.04267179790132,2732.0,30,33.762
1367,-0.017,46.189,-0.187,39.763000000000005,2.567,47.447,8.162620412588105,3.058131511536585,12.654016462832503,2734.0,30,33.762
1368,-0.374,43.843,-1.887,44.047,2.023,42.687000000000005,4.139770525041214,2.48302396402394,10.045347384341364,2736.0,30,33.762
1369,-0.663,43.061,-0.459,40.069,1.479,44.183,4.547619157317376,1.6398205562606716,7.53935196451902,2738.0,30,33.762
1370,-0.085,44.251000000000005,0.153,39.525000000000006,3.213,46.563,7.674440956838485,2.5473011479392387,11.50011027135475,2740.0,30,33.762
1371,-0.459,45.237,-3.2470000000000003,46.733,2.7710000000000004,43.027,7.067585160434929,2.6687255724857297,9.453852631651284,2742.0,30,33.762
1372,0.051,45.033,-3.621,46.699000000000005,-2.635,43.945,2.925185806064292,3.257112869465236,18.92669290321942,2744.0,30,33.762
1373,-0.323,43.945,-3.893,45.781000000000006,-2.363,43.367,2.8580230929787813,2.495173789495256,3.242219152818211,2746.0,30,33.762
1374,-0.357,43.843,-2.2270000000000003,48.569,1.649,43.945,6.0336350569122095,2.3571108299522487,14.29049244322136,2748.0,30,33.762
1375,-0.5950000000000001,44.081,-3.111,44.387,0.255,44.115,3.376972016466823,2.63687311483025,9.40040549482309,2750.0,30,33.762
1376,-2.023,44.557,-1.853,48.705000000000005,1.5810000000000002,46.767,3.943120591612689,3.40016214277502,18.432060755840965,2752.0,30,33.762
1377,-0.017,44.591,-0.459,40.647000000000006,-0.119,45.917,5.280956352783083,2.297227767617648,10.692802500740056,2754.0,30,33.762
1378,-0.7310000000000001,45.645,-3.893,44.761,1.717,41.939,6.279791716291234,2.871475897742438,16.537066257382115,2756.0,30,33.762
1379,-1.037,45.781000000000006,-1.241,41.905,2.261,43.707,3.9384270972051776,2.464791827238645,16.34751978190715,2758.0,30,33.762
1380,-0.527,43.911,0.493,41.123000000000005,1.0710000000000002,44.217000000000006,3.1475260126010083,1.5667330163584237,6.297438001229796,2760.0,30,33.762
1381,-0.544,44.727,1.5810000000000002,41.803,1.785,47.277,5.477799923326883,2.21006931608968,12.377030217420598,2762.0,30,33.762
1382,0.663,44.387,-0.799,40.885000000000005,0.391,45.781000000000006,5.038543043380696,2.248547513396148,10.257079704335789,2764.0,30,33.762
1383,-0.459,45.492,-0.255,40.579,2.975,46.291,6.562,2.8723316651790904,11.245686898001756,2766.0,30,33.762
1384,-0.459,44.659000000000006,-0.901,39.899,-0.527,40.001000000000005,0.3876596445337069,2.7088987603558565,1.0426730031099924,2768.0,30,33.762
1385,-0.969,45.441,-3.145,44.965,1.275,43.231,4.747963352849303,2.081686606508882,16.23576861801592,2770.0,30,33.762
1386,-1.479,42.789,-3.0090000000000003,44.081,2.2270000000000003,42.687000000000005,5.418388321263067,2.857395440948161,7.133405227668171,2772.0,30,33.762
1387,0.459,43.911,-0.357,46.155,2.567,46.325,2.928937691382321,2.002295911280509,13.385016293031535,2774.0,30,33.762
1388,-0.8670000000000001,44.353,,,,,2.928937691382321,2.6733619611194515,,2776.0,30,33.762
1389,-0.663,43.29900000000001,-3.451,45.101000000000006,3.519,44.625,6.98623475128055,3.0001004996927825,10.850998831885224,2778.0,30,33.762
1390,0.527,44.047,0.255,43.503,0.391,46.019000000000005,2.5196729946562515,2.290252768803515,6.721525999103033,2780.0,30,33.762
1391,-1.275,45.917,-0.765,41.973000000000006,2.397,47.889,6.708002683362612,2.6954335139155527,10.78516715268734,2782.0,30,33.762
1392,-0.663,44.999,0.459,45.135000000000005,2.635,47.413,3.150279352692393,2.8687453804383334,17.513965343517906,2784.0,30,33.762
1393,0.017,44.625,2.125,42.109,2.7710000000000004,44.081,2.075114454674729,1.7402317203002182,4.670819949604076,2786.0,30,33.762
1394,-0.629,44.625,,,,,2.075114454674729,2.4051357451426982,,2788.0,30,33.762
1395,-0.561,45.101000000000006,-2.193,42.857000000000006,0.289,48.637,6.290367556828457,2.173671186540289,7.54749231884412,2790.0,30,33.762
1396,0.357,43.197,-3.451,43.435,-1.241,48.229000000000006,5.278876395597837,3.167910279854548,14.567893695224877,2792.0,30,33.762
1397,1.479,43.197,-4.063000000000001,45.033,3.3150000000000004,45.339000000000006,7.384342895613665,3.026317238660182,12.067664606397392,2794.0,30,33.762
1398,-0.221,43.231,-1.3090000000000002,44.353,3.689,45.203,5.069763702580231,2.340741673506402,10.437480538971853,2796.0,30,33.762
1399,-0.663,45.033,-1.003,44.251000000000005,3.213,46.767,4.9096753456822375,2.267376460977278,12.242916016426811,2798.0,30,33.762
1400,0.5950000000000001,44.693000000000005,-3.111,45.237,2.1590000000000003,42.823,5.79657623084524,2.384136473368043,7.436468022370693,2800.0,30,33.762
1401,1.445,45.747,-2.9410000000000003,46.835,1.139,41.497,6.718678739156979,2.800111382447958,13.188056436033854,2802.0,30,33.762
1402,2.125,45.543000000000006,-1.6150000000000002,48.569,1.989,42.007000000000005,7.486565300590118,2.727485149289812,10.415667880232274,2804.0,30,33.762
1403,-0.425,45.407,-3.791,44.047,2.5330000000000004,47.277,7.101117940155621,2.392027741603697,12.049966533517388,2806.0,30,33.762
1404,0.153,45.509,-0.6970000000000001,44.795,1.139,47.753,3.4814738258387066,2.784590271297002,6.6810097079474176,2808.0,30,33.762
1405,0.799,45.917,-3.145,47.141000000000005,0.6970000000000001,40.885000000000005,7.3415597797743235,3.021576817492339,13.9364053946699,2810.0,30,33.762
1406,0.5950000000000001,45.509,1.207,48.535,0.357,44.047,4.567783269814802,1.854118816739656,11.0076183770296,2812.0,30,33.762
1407,1.479,43.197,0.5950000000000001,48.603,-1.0710000000000002,41.327000000000005,7.464297153784809,3.3626126074605,12.036137119071856,2814.0,30,33.762
1408,0.7310000000000001,46.325,0.901,47.447,0.629,42.245000000000005,5.209106257315165,2.6699594342166044,11.26437770592492,2816.0,30,33.762
1409,0.085,43.537000000000006,-0.527,49.011,-1.445,42.619,6.457583758651529,2.850616416566318,12.678228484206132,2818.0,30,33.762
1410,1.5470000000000002,45.101000000000006,0.663,48.501000000000005,0.085,44.353,4.188076885636175,2.4340979038129555,11.409010101292068,2820.0,30,33.762
1411,1.717,45.237,-3.2470000000000003,47.277,1.275,48.331,4.643210096474206,2.7627788754109472,18.789259545278338,2822.0,30,33.762
1412,-0.5950000000000001,43.741,-3.519,43.29900000000001,1.6150000000000002,48.535,7.333052024907502,2.923564302011391,20.782821054399072,2824.0,30,33.762
1413,-1.037,44.591,-2.7030000000000003,43.401,-0.357,46.563,3.937252849386232,3.191987374897509,10.112876044691587,2826.0,30,33.762
1414,-0.391,44.013000000000005,-3.5530000000000004,46.053,1.3430000000000002,46.971,4.98131910240651,2.584323636734288,15.92109765839871,2828.0,30,33.762
1415,-0.153,45.475,-1.785,45.135000000000005,0.969,41.871,4.270621968753498,2.1260244716063315,7.553181894161243,2830.0,30,33.762
1416,-1.139,44.149,-3.1790000000000003,42.653000000000006,2.125,43.29900000000001,5.343194924387468,1.5902525470461375,6.649495154688211,2832.0,30,33.762
1417,-1.105,45.135000000000005,-3.961,44.659000000000006,1.275,41.73500000000001,5.997121976415021,2.006648546179242,8.094062928791276,2834.0,30,33.762
1418,-0.8670000000000001,44.489,-1.6150000000000002,43.809000000000005,3.111,43.231,4.761214130870403,2.0749336794111275,8.117979949625095,2836.0,30,33.762
1419,-0.187,44.251000000000005,-1.819,44.829,0.391,45.781000000000006,2.406325829973988,2.7003529086275857,9.264997359261214,2838.0,30,33.762
1420,1.6150000000000002,43.673,-4.029,44.897000000000006,2.8390000000000004,46.42700000000001,7.036357296215138,3.117256015685387,12.073428626093648,2840.0,30,33.762
1421,-0.323,43.911,-2.499,43.265,3.0090000000000003,46.835,6.563761421624037,2.715062841339457,10.31843611830583,2842.0,30,33.762
1422,0.901,44.047,-2.737,44.047,3.3830000000000005,45.577000000000005,6.308351607195021,3.043920916723692,10.827205497358277,2844.0,30,33.762
1423,-0.323,44.047,-1.0710000000000002,45.577000000000005,-0.901,41.463,4.1175108985890985,2.860472968413926,7.530348462784606,2846.0,30,33.762
1424,0.969,45.407,-2.329,44.999,-1.0710000000000002,41.327000000000005,3.8815136222870583,2.783013077580162,13.508793513671645,2848.0,30,33.762
1425,-0.187,45.033,-2.601,48.195,-2.737,47.753,0.4624499972970051,2.455804688216608,0.6099692032375917,2850.0,30,33.762
1426,-0.323,44.013000000000005,2.2270000000000003,47.889,-0.289,45.033,3.8061781356105766,2.629576394568123,13.53436445176221,2852.0,30,33.762
1427,-0.629,45.543000000000006,3.5530000000000004,45.747,0.561,41.973000000000006,4.816133303802959,2.841031720202363,15.273748422757327,2854.0,30,33.762
1428,0.663,45.373000000000005,-3.043,44.829,0.969,42.993,4.412146869722267,2.345462296647695,12.90748202170192,2856.0,30,33.762
1429,1.3430000000000002,44.455000000000005,-2.737,47.481,-2.431,43.333000000000006,4.15927157084026,3.0571341751108987,15.759067911456787,2858.0,30,33.762
1430,-0.7310000000000001,44.931,1.241,45.475,0.425,40.103,5.43362126026465,2.0574865300589567,9.418314196052313,2860.0,30,33.762
1431,1.003,44.047,1.513,46.461000000000006,1.649,43.163,3.3008029326210924,2.413701269565765,5.03183221609285,2862.0,30,33.762
1432,0.085,43.639,-2.023,42.619,1.751,45.917,5.011973663139103,1.6051711590453186,7.386184629955938,2864.0,30,33.762
1433,-1.105,45.135000000000005,-3.519,45.339000000000006,-0.119,44.625,3.4741611937272,2.0416669075293736,17.346537563392097,2866.0,30,33.762
1434,1.037,44.319,-0.629,45.611,2.873,42.857000000000006,4.455167785841517,2.5735371223671475,10.044948303557446,2868.0,30,33.762
1435,0.8670000000000001,44.489,-3.689,43.673,2.397,47.345000000000006,7.107951885036927,2.1552996155925515,10.51358168165494,2870.0,30,33.762
1436,0.289,43.435,-1.819,46.665000000000006,2.363,44.455000000000005,4.730034249347462,3.192866009541491,11.60003539401873,2872.0,30,33.762
1437,-0.493,43.401,-0.799,46.325,2.261,45.543000000000006,3.1583419700849373,2.768779357625521,12.430585077760586,2874.0,30,33.762
1438,0.255,42.381,-2.499,42.313,3.2470000000000003,44.42100000000001,6.120472204005178,2.7850464264991563,7.515186009264379,2876.0,30,33.762
1439,0.8500000000000001,43.469,-1.241,41.395,0.8670000000000001,46.937000000000005,5.9293699496658165,2.5589776734195144,9.884219991164509,2878.0,30,33.762
1440,0.289,42.653000000000006,-0.527,39.491,-0.391,44.047,4.558029398764339,2.226586283428293,5.702228879501735,2880.0,30,33.762
1441,-0.629,42.177,,,,,4.558029398764339,3.804261768964551,,2882.0,30,33.762
1442,-1.0710000000000002,43.843,0.527,39.049,0.663,42.007000000000005,2.9611247862932086,2.0995755527001103,3.191048976490284,2884.0,30,33.762
1443,-0.323,43.622,-3.519,43.605,0.425,44.489,4.041855019666095,2.9602000686246543,7.598060923823338,2886.0,30,33.762
1444,-0.323,44.217000000000006,-3.757,45.543000000000006,3.2470000000000003,45.679,7.005320263913706,2.9080241835549576,12.515601176444074,2888.0,30,33.762
1445,1.3430000000000002,43.877,-3.723,45.407,2.397,48.059000000000005,6.669895351502901,3.251064808865208,14.71290713279442,2890.0,30,33.762
1446,1.105,44.353,-3.927000000000001,45.101000000000006,2.1590000000000003,47.719,6.625203393104245,3.0276646229664035,12.72651704379494,2892.0,30,33.762
1447,0.323,44.523,-1.819,43.367,-2.4650000000000003,45.645,2.367826007121301,1.944689601712216,4.992529293182458,2894.0,30,33.762
1448,0.153,43.639,-2.5330000000000004,43.061,3.0770000000000004,46.529,6.595386569413503,3.1878838825010694,10.08878615769655,2896.0,30,33.762
1449,-0.5950000000000001,44.387,-3.723,45.679,1.717,46.835,5.561468870721116,2.198656309952651,10.081987408726036,2898.0,30,33.762
1450,1.683,44.42100000000001,-0.289,49.147000000000006,1.819,43.877,5.675963706719768,2.767250342649292,9.613939636560024,2900.0,30,33.762
1451,0.7310000000000001,43.843,-0.323,47.413,0.663,41.73500000000001,5.762974926199141,2.7089659961024126,15.363021183239898,2902.0,30,33.762
1452,0.6970000000000001,44.115,0.6970000000000001,48.127,-0.493,41.871,6.3681736785361,2.459188285784491,11.805392484786935,2904.0,30,33.762
1453,0.7310000000000001,45.237,-0.391,49.147000000000006,2.057,44.489,5.262097300506709,2.530841041177518,15.354286825868163,2906.0,30,33.762
1454,-0.527,44.523,-1.5810000000000002,48.467000000000006,2.091,46.42700000000001,4.200617097522697,2.974553388310803,16.35915759850542,2908.0,30,33.762
1455,0.969,43.741,-0.6970000000000001,48.943000000000005,2.431,44.149,5.724230952713212,2.6287654653620582,13.76067590965147,2910.0,30,33.762
1456,1.989,47.175,-2.907,47.889,3.3150000000000004,43.503,7.612508128074479,3.218941468661569,10.90777664753625,2912.0,30,33.762
1457,-0.629,44.319,0.085,48.637,1.5810000000000002,46.801,2.368314168348448,2.347565527246076,12.558207747801498,2914.0,30,33.762
1458,0.629,46.767,-3.893,44.727,3.2470000000000003,46.733,7.416443622114309,2.316186579658484,13.29478647802723,2916.0,30,33.762
1459,-2.1590000000000003,45.679,-2.091,41.803,-0.323,47.379000000000005,5.849581181588987,3.160558119812298,8.162954988625822,2918.0,30,33.762
1460,-0.153,43.435,-0.8670000000000001,39.457,-1.785,47.515,8.110122563808762,2.6430442704522625,10.720235048293716,2920.0,30,33.762
1461,-1.037,43.571000000000005,-0.017,39.287000000000006,-3.757,45.883,7.582533613509406,3.492625720252416,8.376428170496355,2922.0,30,33.762
1462,-0.153,42.313,-0.493,34.935,-2.363,43.435,8.70326950059574,4.45336782858986,11.872247889299809,2924.0,30,33.762
1463,0.017,39.151,-0.8330000000000001,34.867000000000004,0.323,40.545,5.794481857767786,5.081625756651038,6.298985278985463,2926.0,30,33.762
1464,-0.357,44.081,-3.893,45.509,-1.5470000000000002,45.917,2.3812139761054656,1.892797504964004,8.41171682787047,2928.0,30,33.762
1465,0.901,44.761,-2.601,47.617,0.289,42.517,5.861919480852667,2.210122594610616,8.750279141369665,2930.0,30,33.762
1466,1.003,45.373000000000005,0.8670000000000001,44.761,-0.629,44.353,1.5506385781348275,2.407333935562025,6.362417170054155,2932.0,30,33.762
1467,-0.255,45.492,3.451,45.475,-2.1590000000000003,42.211000000000006,6.490438814132678,2.4017360501303875,12.03632070129794,2934.0,30,33.762
1468,-0.289,45.101000000000006,-1.513,45.509,-1.275,42.109,3.408319820674111,3.17498974337716,22.822651999140028,2936.0,30,33.762
1469,-1.0710000000000002,46.903000000000006,-0.221,47.073,-1.207,41.429,5.729479208444691,2.7308893869655235,13.979256298651354,2938.0,30,33.762
1470,-1.037,46.529,-3.213,43.197,-3.0090000000000003,43.231,0.2068139260301394,2.3744142785179903,0.5931432339085357,2940.0,30,33.762
1471,0.187,45.849,-1.5470000000000002,43.809000000000005,3.621,45.577000000000005,5.462055290822312,2.4855807245337047,14.143997185752196,2942.0,30,33.762
1472,1.139,44.285,0.527,45.135000000000005,1.6150000000000002,43.945,1.6124031753875951,1.6004998326415765,11.004497697741163,2944.0,30,33.762
1473,-0.391,44.387,-1.003,42.959,-0.017,44.557,1.8777113729218344,2.5474867059562767,3.3184578533244413,2946.0,30,33.762
1474,-1.207,46.529,-0.289,41.293000000000006,2.1590000000000003,47.889,7.035617954380411,3.097528606962804,14.346319304850203,2948.0,30,33.762
1475,0.255,46.155,-3.689,46.359,0.493,45.679,4.236923884140475,3.3918030298354798,9.309801266932784,2950.0,30,33.762
1476,-1.513,44.931,-1.887,42.925,-2.2270000000000003,44.183,1.3031362169781024,2.55771170478468,1.6008597060409302,2952.0,30,33.762
1477,0.391,43.809000000000005,-0.901,39.593,1.717,47.481,8.311105101007929,3.503158343265812,9.168432665784254,2954.0,30,33.762
1478,0.425,44.761,-0.459,41.497,0.017,44.557,3.096800929992111,2.684124839199041,15.8836028031657,2956.0,30,33.762
1479,1.513,44.625,0.935,41.701,0.391,42.823,1.246924215820673,2.6145866764908923,1.80805768810197,2958.0,30,33.762
1480,1.479,44.591,0.935,42.551,-1.3430000000000002,46.053,4.177713250092687,2.15927080706887,7.386884978966979,2960.0,30,33.762
1481,-0.357,44.931,0.357,46.325,2.261,47.753,2.3800000000000003,2.502539405922832,16.50480455255281,2962.0,30,33.762
1482,-0.187,45.815000000000005,-2.9410000000000003,44.523,2.431,45.645,5.487920188924034,2.8476135802371982,26.38559733622096,2964.0,30,33.762
1483,-1.105,45.101000000000006,-2.907,47.889,3.655,45.237,7.077637176346356,2.4591582965638987,12.649234118817754,2966.0,30,33.762
1484,-0.799,43.996,-2.975,48.025000000000006,1.5810000000000002,46.86900000000001,4.700369347189644,3.058968994595565,15.73600936847553,2968.0,30,33.762
1485,1.3430000000000002,45.815000000000005,-3.689,43.673,2.9410000000000003,46.291,7.128171153949658,2.494871520150101,9.878911880004145,2970.0,30,33.762
1486,-0.017,46.223000000000006,-0.221,44.86300000000001,3.655,45.713,3.968107357418648,2.3870249682523705,16.496875501053296,2972.0,30,33.762
1487,-0.765,44.183,-0.085,37.995000000000005,1.989,48.331,10.54202883699338,3.884527327929802,15.70473718400747,2974.0,30,33.762
1488,-0.663,44.285,-3.723,46.359,1.717,41.939,7.009279563550024,3.85851305974608,14.821668468219302,2976.0,30,33.762
1489,-0.7310000000000001,44.03,-2.669,45.883,1.241,43.537000000000006,4.559804381769025,2.3686347358483624,8.564641517481004,2978.0,30,33.762
1490,-0.357,44.489,-0.051,45.951,1.5810000000000002,42.993,3.378341012982556,2.3589189939606885,15.450630997472654,2980.0,30,33.762
1491,0.119,44.115,-0.391,48.67100000000001,1.887,43.809000000000005,5.369201802875359,2.998446020232039,12.92653262700277,2982.0,30,33.762
1492,-0.119,44.557,0.391,45.849,1.037,41.633,4.265204801647865,2.380589708053012,6.005244612968684,2984.0,30,33.762
1493,-0.8330000000000001,45.611,-3.893,45.781000000000006,2.431,42.483,7.132305377646137,2.7686610308559025,12.586840830036248,2986.0,30,33.762
1494,-0.017,45.339000000000006,-0.935,40.953,1.989,48.365,7.967905621931024,2.478193652842921,11.99604285418255,2988.0,30,33.762
1495,-1.003,44.013000000000005,-3.893,45.577000000000005,-3.4170000000000003,47.107000000000006,1.6023345468409524,2.331026814114368,11.643516914086346,2990.0,30,33.762
1496,-0.323,43.911,2.1590000000000003,43.605,1.955,43.673,0.2150348808914498,1.1938666663498387,1.0730027415584005,2992.0,30,33.762
1497,-0.663,44.387,-1.5810000000000002,42.687000000000005,0.017,44.081,2.120575393613724,1.8005166095851854,11.014553964838884,2994.0,30,33.762
1498,-0.221,45.203,-1.037,45.373000000000005,2.567,47.787000000000006,4.337765784364112,1.9127642981044648,10.13876407597478,2996.0,30,33.762
1499,1.6150000000000002,45.883,,,,,4.337765784364112,2.720306252963772,,2998.0,30,33.762
1500,-0.255,44.829,-3.927000000000001,44.591,-1.751,43.537000000000006,2.4178279508683,2.918210031401613,18.061969567564255,3000.0,30,33.762
1501,0.901,43.775000000000006,-3.4170000000000003,43.129000000000005,-1.683,47.413,4.621624389757351,3.340239889633974,16.344626154021952,3002.0,30,33.762
1502,0.765,43.741,-2.057,48.297,1.649,41.803,7.477063059784905,2.995718126814116,12.434203385152374,3004.0,30,33.762
1503,0.459,43.265,-0.425,44.761,-0.255,44.489,0.3207553584899245,2.387586976564387,0.564819621441931,3006.0,30,33.762
1504,0.901,42.653000000000006,,,,,0.3207553584899245,1.2006899669015254,,3008.0,30,33.762
1505,0.799,43.435,-3.723,46.291,3.1790000000000003,43.775000000000006,7.346282052848229,2.528303734815869,12.327013744019244,3010.0,30,33.762
1506,-0.051,44.115,-3.791,45.883,-0.527,46.087,3.2703687865438056,2.707969443349531,14.620295060396677,3012.0,30,33.762
1507,-0.323,44.965,-1.5810000000000002,48.501000000000005,-1.377,48.603,0.2280789337049786,2.9298568955987467,0.265773617052878,3014.0,30,33.762
1508,1.0710000000000002,44.965,-3.0090000000000003,45.033,1.411,47.039,4.853909352264421,2.4939703814442726,12.12855966493142,3016.0,30,33.762
1509,0.425,45.237,0.255,43.911,0.765,45.271,1.4524806367039804,2.465723848767067,8.313053175556945,3018.0,30,33.762
1510,-0.425,46.155,0.425,43.605,-0.221,45.98500000000001,2.4661135415872484,2.1710325499521383,14.686493876293609,3020.0,30,33.762
1511,-0.5950000000000001,44.897000000000006,0.901,46.495000000000005,-1.5810000000000002,48.67100000000001,3.3008029326210924,2.6680374886833875,10.8972697161762,3022.0,30,33.762
1512,-0.935,43.469,1.683,44.319,-1.037,48.331,4.847117081317513,2.7679203811110997,12.152141295876527,3024.0,30,33.762
1513,-1.207,43.775000000000006,0.663,41.191,-3.0770000000000004,43.979000000000006,4.664819825030759,1.8578966504281305,6.535770016181297,3026.0,30,33.762
1514,-0.935,45.509,0.629,45.475,2.261,46.631,1.999939999099973,2.14880823370228,14.859488281480711,3028.0,30,33.762
1515,-0.391,45.169,1.683,45.951,1.819,43.231,2.7233978776521077,2.8853897028324678,15.591752445466316,3030.0,30,33.762
1516,-0.323,42.483,-2.2950000000000004,42.415000000000006,0.323,42.619,2.6259360235923497,4.072568732894061,5.562669907152928,3032.0,30,33.762
1517,-0.459,44.251000000000005,-1.989,41.803,1.173,41.701,3.1636447335312483,2.282096816354402,7.512196876266277,3034.0,30,33.762
1518,-1.445,45.203,,,,,3.1636447335312483,2.767298414459535,,3036.0,30,33.762
1519,-0.017,45.305,1.105,48.909000000000006,2.567,46.835,2.53750270935816,3.0563088934821696,20.775704648996445,3038.0,30,33.762
1520,0.357,44.659000000000006,-0.017,47.753,1.513,48.263000000000005,1.6127616066858734,2.022578922919904,14.253666125809582,3040.0,30,33.762
1521,0.442,45.407,-2.737,43.333000000000006,-0.119,48.535,5.823635290778433,2.404663382136642,9.131502088321872,3042.0,30,33.762
1522,1.5810000000000002,46.461000000000006,-2.601,48.229000000000006,1.649,41.803,7.704282964689187,3.0091471722913927,14.790029259259695,3044.0,30,33.762
1523,0.493,46.291,-3.5530000000000004,47.005,0.425,42.177,6.255722819946549,3.060154097308133,18.384917240724796,3046.0,30,33.762
1524,0.357,45.543000000000006,-3.349,47.107000000000006,-2.907,44.42100000000001,2.722124170569741,3.0197994810124333,17.444402845802024,3048.0,30,33.762
1525,0.323,47.175,-3.111,47.005,3.145,44.217000000000006,6.849122571541555,3.56568937825646,10.532699121920716,3050.0,30,33.762
1526,-0.289,44.625,1.173,42.109,3.3150000000000004,44.795,3.435514517506803,3.004601109295004,13.915313601201696,3052.0,30,33.762
1527,-0.425,44.931,-2.9410000000000003,44.727,-1.887,45.339000000000006,1.2187944863675746,3.013424004535557,3.7648834412458654,3054.0,30,33.762
1528,0.153,46.563,-3.0770000000000004,47.413,-2.2950000000000004,42.279,5.193214803953328,3.350197680807764,16.136687688410703,3056.0,30,33.762
1529,0.459,46.019000000000005,2.873,43.095000000000006,2.669,42.517,0.6129437168288782,2.048638511188348,0.8362611166418811,3058.0,30,33.762
1530,-0.901,44.795,3.043,46.665000000000006,-0.221,42.041,5.65995335669827,3.1886966647991764,14.01750180831382,3060.0,30,33.762
1531,-1.105,45.611,0.561,46.835,0.527,39.525000000000006,7.310079069339812,3.4076362244529896,17.132659832918204,3062.0,30,33.762
1532,0.7310000000000001,45.407,-0.017,45.203,0.391,45.373000000000005,0.442,1.7774185480289963,8.816824932068231,3064.0,30,33.762
1533,-0.221,44.387,-2.907,47.481,-0.935,43.163,4.746989361690207,2.1789501481482545,12.011884096293912,3066.0,30,33.762
1534,-0.425,43.435,0.391,46.835,2.1590000000000003,43.095000000000006,4.136837439397396,2.121238337479157,13.804993785034814,3068.0,30,33.762
1535,-0.391,44.999,-3.893,45.475,-3.1790000000000003,43.843,1.7813534180504442,2.853707082404117,2.116049119573652,3070.0,30,33.762
1536,0.187,45.815000000000005,-0.901,40.273,3.213,45.577000000000005,6.712481806306816,2.2394476514359094,10.420868692938251,3072.0,30,33.762
1537,-0.357,44.693000000000005,-0.901,39.491,0.459,47.311,7.937379920351552,2.849090975292266,15.597793331463638,3074.0,30,33.762
1538,1.377,44.013000000000005,,,,,7.937379920351552,2.3265934019954915,,3076.0,30,33.762
1539,0.6970000000000001,44.829,-1.513,41.531000000000006,-2.8390000000000004,44.285,3.0565981090094265,3.113989111646468,18.081376358197875,3078.0,30,33.762
1540,0.5950000000000001,44.659000000000006,-2.975,44.829,-3.723,46.597,1.9197208130350625,2.914934726610181,15.945792344192371,3080.0,30,33.762
1541,-0.493,43.435,-0.221,39.763000000000005,-3.5530000000000004,46.189,7.238487411054882,2.755958197829463,12.599143607014575,3082.0,30,33.762
1542,-0.391,43.843,-2.635,42.347,3.281,46.019000000000005,6.962947651677413,2.265887390680829,8.16109058975952,3084.0,30,33.762
1543,0.051,43.673,-2.499,42.653000000000006,2.601,46.86900000000001,6.61699750642238,2.773691177329358,8.294792221623723,3086.0,30,33.762
1544,-0.459,43.877,-3.587,46.665000000000006,0.935,44.965,4.830992030628907,2.6330248410471944,12.308411034513629,3088.0,30,33.762
1545,0.255,43.435,-0.901,42.381,1.955,44.455000000000005,3.5296192429212536,2.8930395109202216,7.792616329368099,3090.0,30,33.762
1546,-0.8330000000000001,43.639,-2.567,48.195,1.5810000000000002,45.577000000000005,4.905081854566752,3.199972441259179,16.490284013627203,3092.0,30,33.762
1547,0.221,43.333000000000006,-3.825,45.883,2.057,47.141000000000005,6.015021861971909,3.080434846303606,14.459498923747672,3094.0,30,33.762
1548,-0.629,44.183,-3.2470000000000003,47.107000000000006,2.907,47.005,6.154845245820565,3.033454905768153,15.549948434119433,3096.0,30,33.762
1549,1.241,45.067,-3.145,43.061,-2.5330000000000004,47.787000000000006,4.765461152921089,3.2504689875640733,5.668578511591673,3098.0,30,33.762
1550,-1.241,44.591,-0.051,43.741,-2.601,48.501000000000005,5.400009259251321,2.5270440464841606,7.648206605512109,3100.0,30,33.762
1551,-0.765,45.067,0.425,46.121,-0.6970000000000001,47.923,2.122754813915164,3.41408150693588,20.563199274529776,3102.0,30,33.762
1552,0.221,44.795,,,,,2.122754813915164,2.7392246363539465,,3104.0,30,33.762
1553,-1.683,44.387,,,,,2.122754813915164,3.1191576432328603,,3106.0,30,33.762
1554,-2.057,44.625,-2.7030000000000003,43.571000000000005,0.017,47.583000000000006,4.847117081317513,2.414887245333384,7.714560906793572,3108.0,30,33.762
1555,-2.091,44.591,1.751,44.251000000000005,-2.567,47.005,5.121488065006108,1.9334323902948127,7.226576888052277,3110.0,30,33.762
1556,-0.663,44.659000000000006,2.8390000000000004,42.857000000000006,0.153,47.481,5.347520172939977,2.744320471720121,13.730353620519752,3112.0,30,33.762
1557,-0.5950000000000001,42.211000000000006,-0.663,36.805,-3.145,47.311,10.795200785534284,4.197262140024875,12.026947638195889,3114.0,30,33.762
1558,0.085,39.015,-0.663,35.275000000000006,0.799,42.823,7.688286415060251,4.103383856069636,8.120545695207094,3116.0,30,33.762
1559,-0.085,41.633,-0.153,39.117,3.1790000000000003,43.775000000000006,5.727057534196772,1.876428907280112,8.021826275237256,3118.0,30,33.762
1560,0.119,43.231,-3.655,46.699000000000005,0.7310000000000001,42.823,5.853236028044658,2.627257281979609,15.914653226317288,3120.0,30,33.762
1561,-0.425,44.217000000000006,-1.683,44.081,2.669,44.149,4.35253121757903,1.8964992931541995,5.221387393965942,3122.0,30,33.762
1562,-0.289,43.265,-3.043,43.911,-2.4650000000000003,44.183,0.6388020037539018,1.8925902684993927,11.329530924405251,3124.0,30,33.762
1563,-0.119,44.761,-1.853,41.803,1.377,46.223000000000006,5.47442234395557,1.6414524149751866,10.753430027433671,3126.0,30,33.762
1564,0.017,43.401,,,,,5.47442234395557,2.3948787738636854,,3128.0,30,33.762
1565,1.785,44.999,-1.105,43.639,2.7030000000000003,46.699000000000005,4.885126815140013,1.7930372725846933,7.716840109227961,3130.0,30,33.762
1566,0.901,44.387,-2.5330000000000004,44.523,-2.397,46.801,2.2820560904587777,2.6291305043921795,15.521554994026715,3132.0,30,33.762
1567,-1.173,43.673,-3.0770000000000004,44.081,2.8390000000000004,42.789,6.0554372261629466,2.681227252736835,8.691246377440809,3134.0,30,33.762
1568,-1.139,45.135000000000005,,,,,6.0554372261629466,1.9778141281997643,,3136.0,30,33.762
1569,0.119,44.387,-0.051,44.86300000000001,0.119,48.535,3.675933078825021,2.711974474154719,15.670327530136449,3138.0,30,33.762
1570,-0.068,44.846,-2.7030000000000003,47.107000000000006,0.8670000000000001,45.237,4.0301116609840975,2.463662084875563,10.523494955869891,3140.0,30,33.762
1571,0.935,45.169,1.241,41.939,3.451,45.951,4.580419631431164,2.213216142418004,5.810708048257226,3142.0,30,33.762
1572,-0.799,46.461000000000006,-1.275,42.313,2.669,47.209,6.286966836241464,2.851692008523257,11.641168604609051,3144.0,30,33.762
1573,-0.459,44.795,-0.527,37.825,0.255,48.195,10.399443446646556,3.504740768697634,15.961102011743137,3146.0,30,33.762
1574,-0.255,44.251000000000005,0.459,38.641000000000005,1.5470000000000002,47.685,9.109208527638392,3.2227407396834065,12.924019810697157,3148.0,30,33.762
1575,0.527,43.333000000000006,-1.3430000000000002,43.673,1.751,45.543000000000006,3.615208984277396,1.8096338835391077,5.280530608375554,3150.0,30,33.762
1576,0.017,46.189,-2.4650000000000003,42.993,-2.057,48.535,5.556998110490952,3.519415931587541,18.756524458439685,3152.0,30,33.762
1577,1.105,45.271,-0.391,42.007000000000005,-1.989,48.637,6.819860995650864,3.0065034923006366,13.205284554735217,3154.0,30,33.762
1578,0.8670000000000001,43.231,-0.255,40.545,0.663,48.331,7.839931122146419,2.6012460062372105,9.845434211466918,3156.0,30,33.762
1579,0.8330000000000001,43.809000000000005,-1.105,41.429,0.765,48.977,7.776194699208606,2.4474675158528543,10.366929957784407,3158.0,30,33.762
1580,0.561,44.081,0.119,45.781000000000006,0.8670000000000001,47.073,1.4929058912068105,2.934219789063424,18.86064330452953,3160.0,30,33.762
1581,1.887,43.809000000000005,0.119,42.449000000000005,1.513,48.161,5.879641145512199,2.9937415638480074,8.47906651941466,3162.0,30,33.762
1582,0.663,45.441,-2.125,42.313,-2.329,48.501000000000005,6.1913617242089805,3.132406287863748,15.047570184514084,3164.0,30,33.762
1583,0.119,45.917,,,,,6.1913617242089805,2.664334393923915,,3166.0,30,33.762
1584,1.513,46.019000000000005,-0.901,41.191,-1.3090000000000002,48.161,6.981931251451851,3.088237707141801,12.803085295586063,3168.0,30,33.762
1585,0.051,45.339000000000006,2.363,42.347,-2.057,47.413,6.723150749462636,3.289012023441388,12.011161299286808,3170.0,30,33.762
1586,-0.391,43.945,-0.187,41.633,0.935,45.237,3.774612562899669,1.229471968809174,4.475368596762463,3172.0,30,33.762
1587,-0.7140000000000001,44.217000000000006,-1.785,43.027,0.969,42.653000000000006,2.77927904320527,2.96032040685369,3.2657124557665376,3174.0,30,33.762
1588,-1.3430000000000002,44.251000000000005,-2.5330000000000004,43.095000000000006,0.561,42.007000000000005,3.279722549241018,2.355886443342782,3.607066374152872,3176.0,30,33.762
1589,0.085,44.42100000000001,-3.621,47.039,0.017,48.637,3.9734931735187367,2.754899769599711,13.829635898675258,3178.0,30,33.762
1590,-0.221,44.965,0.153,48.739,2.329,42.585,6.527380178907921,2.668749419984324,11.154340693572696,3180.0,30,33.762
1591,-0.969,43.367,-3.927000000000001,45.917,-0.017,39.967000000000006,7.119733141066455,3.435955947071028,7.767952345738253,3182.0,30,33.762
1592,-0.7310000000000001,44.166,0.255,48.467000000000006,3.043,43.231,5.932001348617514,3.1751470718927592,14.575248546613542,3184.0,30,33.762
1593,0.119,44.727,1.785,44.795,3.519,44.115,1.862567045773118,2.2102342824536345,16.884451401905256,3186.0,30,33.762
1594,0.017,44.404,-3.3830000000000005,44.829,-3.1790000000000003,44.931,0.2280789337049786,2.748741504930421,17.908258826269325,3188.0,30,33.762
1595,-0.068,43.061,-2.805,42.891000000000005,1.275,45.305,4.740653541443415,2.945508848082236,7.051297764855503,3190.0,30,33.762
1596,-1.0710000000000002,44.829,-1.445,48.297,-0.6970000000000001,46.835,1.6422387158997318,2.840812079117613,16.0581987191667,3192.0,30,33.762
1597,-0.969,44.557,-0.8330000000000001,43.707,-0.391,43.571000000000005,0.4624499972970051,2.2770537054959004,9.22769804316699,3194.0,30,33.762
1598,-0.425,44.149,-2.329,43.095000000000006,1.377,47.481,5.742075582922956,2.454116407862428,21.12155298638327,3196.0,30,33.762
1599,-0.153,44.897000000000006,-2.397,47.923,0.527,39.389,9.021027214236748,2.635928105351503,10.165284843731948,3198.0,30,33.762
1600,-1.139,43.741,0.8330000000000001,48.705000000000005,-0.153,39.423,9.334223052830913,3.3898553024413114,13.858923306357845,3200.0,30,33.762
1601,-0.969,44.353,-3.723,45.883,1.955,42.619,6.5493037797921705,2.2727494609096426,8.22966377342048,3202.0,30,33.762
1602,-1.139,43.809000000000005,-2.125,44.931,3.4170000000000003,44.183,5.592250709687469,2.6894341959860566,10.434673258555868,3204.0,30,33.762
1603,-0.6970000000000001,45.781000000000006,-2.907,44.523,3.655,44.829,6.569130840529819,2.6017333209147555,8.72072497772486,3206.0,30,33.762
1604,-1.003,46.121,-2.023,41.837,3.3830000000000005,45.169,6.350359044967458,2.447800220158545,10.265825372001768,3208.0,30,33.762
1605,0.153,44.999,-3.1790000000000003,42.959,3.3150000000000004,46.597,7.443593218332126,2.231397299311721,9.80665636128741,3210.0,30,33.762
1606,-0.153,43.29900000000001,-0.119,41.395,2.397,48.059000000000005,7.123142003357788,3.06828067586607,9.26231490900582,3212.0,30,33.762
1607,0.901,44.965,-2.975,42.993,0.8330000000000001,48.297,6.529416512981846,2.9465073651994502,12.174227064215891,3214.0,30,33.762
1608,0.561,45.475,1.207,48.569,0.935,48.739,0.3207553584899245,2.790965721060528,0.3619234937658968,3216.0,30,33.762
1609,1.717,44.455000000000005,-1.5470000000000002,48.43300000000001,0.153,41.837,6.811550190668788,3.410786685325437,12.841251781697496,3218.0,30,33.762
1610,0.119,45.492,-1.3090000000000002,44.115,-1.0710000000000002,44.455000000000005,0.4150228909349459,2.8759125873145024,19.078983786396154,3220.0,30,33.762
1611,0.289,46.053,-3.4850000000000003,44.931,-3.349,45.543000000000006,0.6269290230959164,3.356565306091043,20.91243097178019,3222.0,30,33.762
1612,0.119,45.271,-2.601,43.673,-2.397,48.263000000000005,4.594531096858526,3.068594643862109,16.628350427363074,3224.0,30,33.762
1613,0.289,45.577000000000005,-3.111,44.353,-2.669,47.923,3.597257844525466,3.5034688100791183,19.39264186215127,3226.0,30,33.762
1614,0.527,45.271,-3.689,44.115,-2.329,48.365,4.462297614458274,2.873061054240144,17.737185438597578,3228.0,30,33.762
1615,-1.207,45.067,-3.2470000000000003,44.625,-2.091,48.705000000000005,4.240605617125931,2.9148620421538087,19.144989937616863,3230.0,30,33.762
1616,-1.6150000000000002,45.645,-3.621,45.237,-0.119,42.143,4.672990477199798,2.200140800849521,9.419781636958769,3232.0,30,33.762
1617,0.425,43.333000000000006,-0.7310000000000001,47.515,0.289,43.741,3.9094086509343073,1.962631651842074,10.398787219462111,3234.0,30,33.762
1618,-0.051,45.917,-3.349,46.699000000000005,-2.329,43.095000000000006,3.745559504266352,3.218376594165877,16.479759928848278,3236.0,30,33.762
1619,1.0710000000000002,44.625,-3.723,43.979000000000006,0.153,48.875,6.244532968925698,3.44356868892672,16.518261941718738,3238.0,30,33.762
1620,1.173,44.115,0.425,46.903000000000006,1.853,41.871,5.230698614907955,2.4710523974738323,10.36156453445559,3240.0,30,33.762
1621,0.901,45.883,-3.859,45.475,-0.901,40.919,5.432025404947956,3.336087796417793,16.419466345389612,3242.0,30,33.762
1622,-0.901,44.047,-0.357,48.841,0.6970000000000001,44.999,3.983952810965512,2.9286672449860665,17.079787625274562,3244.0,30,33.762
1623,-0.153,43.945,-1.207,45.441,2.4650000000000003,44.999,3.698506184934669,2.5012553542749187,11.175835705985095,3246.0,30,33.762
1624,-0.561,45.033,-1.241,41.429,1.717,48.67100000000001,7.822808191436117,3.011327230476297,12.191984904674428,3248.0,30,33.762
1625,-0.765,44.625,-3.757,45.883,2.8390000000000004,43.367,7.059565992325591,3.441785382378961,10.403474699750982,3250.0,30,33.762
1626,-0.561,45.169,-3.723,46.359,0.289,42.789,5.370385833438786,3.1005801701969635,10.623503683029869,3252.0,30,33.762
1627,0.425,44.86300000000001,-3.5530000000000004,43.231,0.221,42.483,3.847412117254922,2.697830581493411,13.148192393119388,3254.0,30,33.762
1628,0.5950000000000001,44.727,-2.261,47.923,-0.561,40.953,7.174322267643126,3.021476264897913,11.225918604758585,3256.0,30,33.762
1629,-0.289,42.993,2.737,47.617,0.221,36.839000000000006,11.067770326493047,3.771538110933287,12.628144508512651,3258.0,30,33.762
1630,-0.391,43.707,2.057,44.625,-0.391,38.607,6.496847543232026,2.484203823693076,13.55534809786672,3260.0,30,33.762
1631,-0.391,44.251000000000005,1.445,43.469,1.785,42.925,0.6415107169798491,1.9014119978335584,12.484699619496054,3262.0,30,33.762
1632,-0.6970000000000001,45.305,0.8330000000000001,48.841,0.085,38.539,10.329119420357188,3.579127938247484,13.96322526647027,3264.0,30,33.762
1633,-1.139,44.659000000000006,-3.519,45.815000000000005,3.2470000000000003,46.733,6.827992384295695,3.482933613226291,8.997622277659183,3266.0,30,33.762
1634,-0.969,43.605,1.717,44.149,2.431,47.855,3.774153150045716,2.824327215494601,16.49517428519381,3268.0,30,33.762
1635,-0.255,43.537000000000006,-3.893,45.951,3.587,45.169,7.520766184372441,3.4602038398084467,12.5692916524901,3270.0,30,33.762
1636,-0.391,46.223000000000006,-0.051,48.501000000000005,0.323,47.311,1.2473876702934017,1.3573969335056273,1.860141349321277,3272.0,30,33.762
1637,-0.289,46.223000000000006,-3.587,45.577000000000005,-3.4170000000000003,45.679,0.1982523644247402,2.796071727624029,16.57426440531221,3274.0,30,33.762
1638,0.459,44.217000000000006,-3.757,45.101000000000006,1.853,48.535,6.577572196487091,2.5863710706892986,12.444013014219813,3276.0,30,33.762
1639,0.425,44.42100000000001,-2.193,47.753,-0.051,48.637,2.3172440527488685,2.776291096048828,18.039729032339057,3278.0,30,33.762
1640,-1.275,46.733,-3.859,44.489,-0.289,45.98500000000001,3.870777182944015,2.13887261999032,6.674519374646309,3280.0,30,33.762
1641,-0.527,45.98500000000001,-1.921,47.617,1.513,43.877,5.077396576987069,2.261851284987599,7.502417384260115,3282.0,30,33.762
1642,0.935,43.265,-2.1590000000000003,42.925,3.4850000000000003,44.625,5.89446655771326,3.05076660925928,7.72334374031578,3284.0,30,33.762
1643,0.017,44.659000000000006,-2.2270000000000003,42.075,-1.105,44.387,2.5698692573747794,2.373205516615952,7.251123426645177,3286.0,30,33.762
1644,-0.527,43.163,-0.357,41.497,-0.663,46.121,4.634113939039479,2.082770247950628,7.192797574267687,3288.0,30,33.762
1645,-0.663,41.905,0.459,37.587,-2.669,44.115,7.238726959901168,3.3076669599386737,8.190224280113037,3290.0,30,33.762
1646,-1.139,42.789,2.669,47.787000000000006,0.357,42.347,5.910917356891399,2.65146705904814,11.369232973352483,3292.0,30,33.762
1647,-1.445,43.775000000000006,0.901,44.047,1.139,43.945,0.2589362855993729,1.273946958797071,0.6069993943887234,3294.0,30,33.762
1648,-0.561,44.557,-2.907,43.945,1.819,46.529,5.386291117271699,1.6793238255392735,6.5783267461711326,3296.0,30,33.762
1649,-1.751,45.679,-3.689,44.251000000000005,0.153,46.699000000000005,4.555619387086678,2.32328371825026,7.387149062620221,3298.0,30,33.762
1650,-0.7310000000000001,44.047,-3.3150000000000004,47.481,2.499,43.707,6.931498539277059,2.816339775703772,11.37513365237129,3300.0,30,33.762
1651,0.493,44.523,-0.765,43.503,-0.221,42.449000000000005,1.1861079208908438,2.0409535092463686,15.332686312245231,3302.0,30,33.762
1652,-1.105,43.945,-1.5470000000000002,46.325,2.499,42.347,5.674028551214737,2.9870811770766075,7.751855531227111,3304.0,30,33.762
1653,0.425,42.789,-2.907,47.617,0.663,37.757000000000005,10.486395949037972,3.4087506878113305,13.737377742083508,3306.0,30,33.762
1654,0.153,43.605,-1.479,41.565000000000005,1.037,46.631,5.656377993026988,1.5646887247791028,8.319421831121904,3308.0,30,33.762
1655,-0.153,45.441,-3.1790000000000003,45.305,1.649,47.039,5.1299454188129525,2.37740348739351,10.229971953431711,3310.0,30,33.762
1656,0.085,45.305,-2.2950000000000004,43.367,-1.105,45.543000000000006,2.4801362865778165,2.012181327942511,5.922508333302531,3312.0,30,33.762
1657,0.391,44.183,-2.431,43.29900000000001,0.425,46.529,4.311570015667147,3.181602178882458,11.06652619751264,3314.0,30,33.762
1658,-0.153,44.251000000000005,-0.425,47.821000000000005,2.431,46.733,3.056219887377216,3.2725315299660687,16.865193052114247,3316.0,30,33.762
1659,-1.275,45.067,-1.5470000000000002,47.651,0.323,45.98500000000001,2.504487173055594,2.7963400053581364,14.226907730297938,3318.0,30,33.762
1660,-1.122,45.339000000000006,-2.499,43.673,-0.289,45.815000000000005,3.077704339276273,1.711146159076914,5.098799263934195,3320.0,30,33.762
1661,-0.017,46.087,2.057,47.685,2.635,43.095000000000006,4.626249452850549,2.245454742927026,9.933548435952448,3322.0,30,33.762
1662,0.187,45.917,-3.689,46.189,0.493,41.327000000000005,6.413124667430067,3.2774807940024924,15.005684183971995,3324.0,30,33.762
1663,0.153,46.087,1.479,41.701,2.4650000000000003,47.175,5.562092412033443,2.372188022319843,7.781456895191557,3326.0,30,33.762
1664,0.629,43.741,0.085,37.077000000000005,0.5950000000000001,48.773,11.707113905655827,3.64023536180722,14.05326250310445,3328.0,30,33.762
1665,-0.051,46.087,0.255,48.467000000000006,3.3150000000000004,46.359,3.715812697109477,2.03891812813597,13.317141878773452,3330.0,30,33.762
1666,-0.629,44.353,-2.499,43.537000000000006,-1.819,41.701,1.957880486648764,3.138590868859197,2.7297271137611547,3332.0,30,33.762
1667,-0.901,45.203,-2.499,45.373000000000005,-3.0090000000000003,42.585,2.83426251430597,1.7948723032141454,11.257744612644585,3334.0,30,33.762
1668,-0.969,45.815000000000005,0.187,48.569,-0.969,41.599,7.065213089497019,2.373893054264868,10.68725212208344,3336.0,30,33.762
1669,0.629,46.631,-3.2470000000000003,47.175,0.663,41.259,7.091343737261648,2.8419962690344875,13.660363945203049,3338.0,30,33.762
1670,1.717,46.257000000000005,1.411,47.923,1.105,44.013000000000005,3.9219556346292346,2.744737107159565,5.713231583119751,3340.0,30,33.762
1671,1.445,45.951,0.7310000000000001,48.059000000000005,0.221,42.279,5.802456376397845,3.065808596032466,8.672969787518213,3342.0,30,33.762
1672,-1.275,44.659000000000006,-2.601,45.713,3.2470000000000003,45.407,5.856000341530045,2.055626797381532,15.210456008520593,3344.0,30,33.762
1673,-0.629,45.033,-3.349,43.29900000000001,0.5950000000000001,40.273,4.971097665506081,2.495276876675941,8.972955681033087,3346.0,30,33.762
1674,-0.187,46.461000000000006,-0.425,41.803,0.289,43.265,1.6270341115047344,2.454837278541051,2.221545218480717,3348.0,30,33.762
1675,-0.119,43.435,-0.5950000000000001,40.613,0.153,45.951,5.3901528735278,1.742756376817207,6.941661502451626,3350.0,30,33.762
1676,-0.017,43.945,-3.111,44.931,0.323,42.517,4.197588831698503,2.5553535806361545,5.41340639231455,3352.0,30,33.762
1677,-0.629,44.727,-0.629,45.883,3.587,45.849,4.216137094545196,2.5673686441746626,7.459577828702373,3354.0,30,33.762
1678,0.017,43.469,-0.7310000000000001,41.667,-0.357,38.743,2.9478215685485445,3.3164549552737523,4.068862312622315,3356.0,30,33.762
1679,-0.187,43.333000000000006,-2.873,44.455000000000005,2.261,43.435,5.234343893937425,2.2877310470549737,7.356979572302888,3358.0,30,33.762
1680,1.241,45.169,-2.329,42.075,2.499,44.353,5.338433103448989,2.411020955664403,9.017526634552,3360.0,30,33.762
1681,-0.323,44.625,0.765,42.653000000000006,1.479,47.855,5.250771371903371,2.4916387597058494,8.133187859921406,3362.0,30,33.762
1682,0.323,43.673,-1.683,42.721,-1.275,42.993,0.4903549734631026,1.760080134561664,10.234650905276249,3364.0,30,33.762
1683,0.629,44.183,-2.9410000000000003,43.911,0.5950000000000001,40.443000000000005,4.952809303819399,2.0007196149012856,8.839267358705184,3366.0,30,33.762
1684,-1.717,42.925,1.819,43.911,1.0710000000000002,42.959,1.2107055794040105,1.64040891472082,2.831987473361034,3368.0,30,33.762
1685,0.221,47.209,-0.969,46.86900000000001,1.683,46.087,2.7648920412920286,1.1789649794477477,3.8580454078260233,3370.0,30,33.762
1686,-0.391,45.033,1.207,48.535,1.275,41.905,6.630348708778445,2.185431838238756,9.202243665620346,3372.0,30,33.762
1687,0.663,44.115,-1.445,42.143,0.7310000000000001,43.673,2.6600518791933365,1.7442084421081003,11.35665122162267,3374.0,30,33.762
1688,0.289,43.741,-2.7710000000000004,42.517,-1.513,44.251000000000005,2.1422698242751776,1.799241181018661,10.188993706948729,3376.0,30,33.762
1689,1.6150000000000002,44.897000000000006,-2.601,43.911,0.8670000000000001,45.203,3.700849632179076,2.049140061313882,7.031232612151595,3378.0,30,33.762
1690,0.5950000000000001,43.979000000000006,-0.8670000000000001,46.359,2.023,42.925,4.488257568366593,1.7477306539061104,6.996002153497906,3380.0,30,33.762
1691,-0.425,45.305,0.085,47.243,0.459,47.209,0.3755422745843669,2.4678630323027133,16.249828393312313,3382.0,30,33.762
1692,-0.119,46.053,-3.3830000000000005,43.095000000000006,0.6970000000000001,48.161,6.504671859517589,2.653553978612518,18.1575926317818,3384.0,30,33.762
1693,-2.363,46.665000000000006,-3.1790000000000003,44.047,-1.683,44.931,1.7376627981285668,1.9263669307076827,8.086299870089753,3386.0,30,33.762
1694,-0.935,47.005,-1.445,43.775000000000006,-0.6970000000000001,45.747,2.109096489020832,1.5788491096556931,10.980186975939189,3388.0,30,33.762
1695,-0.629,45.577000000000005,0.255,40.953,-0.493,48.331,7.415820116480712,2.567636704778178,8.81567485398452,3390.0,30,33.762
1696,0.5950000000000001,46.42700000000001,-2.1590000000000003,45.135000000000005,0.527,45.645,2.733989027044549,2.159135279533146,6.613191634956693,3392.0,30,33.762
1697,0.323,44.931,-3.893,44.965,-0.901,47.54900000000001,3.9533681842196287,2.531316061287327,14.562899865165727,3394.0,30,33.762
1698,-0.527,46.631,-3.689,46.223000000000006,1.683,47.005,5.428619345653184,2.7867101131044345,6.658596328987804,3396.0,30,33.762
1699,-1.0710000000000002,45.815000000000005,-2.567,44.557,3.0770000000000004,47.005,6.152027308131849,2.846333393585441,11.323764203391274,3398.0,30,33.762
1700,0.051,43.911,-0.629,42.925,1.717,47.719,5.33724198439606,2.389953182019451,13.864851704866275,3400.0,30,33.762
1701,-0.799,44.557,-3.111,45.815000000000005,1.411,43.537000000000006,5.063375158923146,1.6018231262427758,5.989712066011412,3402.0,30,33.762
1702,-0.8670000000000001,44.625,0.561,48.093,-0.051,43.775000000000006,4.361154434321262,1.9850450408040412,9.14724519219767,3404.0,30,33.762
1703,-1.003,45.203,1.207,48.195,-2.261,42.279,6.857556416100418,1.951725395876452,9.305934489414264,3406.0,30,33.762
1704,1.853,43.979000000000006,1.785,48.195,-2.193,44.183,5.649834333854401,2.821894495385455,12.82749091697876,3408.0,30,33.762
1705,1.649,44.319,1.3090000000000002,48.331,-1.717,46.019000000000005,3.808151782689341,2.7013122147556063,15.150158875401086,3410.0,30,33.762
1706,-0.221,46.86900000000001,-3.0090000000000003,44.829,0.187,40.307,5.537409141466792,3.4999442812782,7.75718254900329,3412.0,30,33.762
1707,-1.479,44.42100000000001,-3.5530000000000004,45.237,2.499,43.639,6.259417544788014,3.0530915321745216,10.150345569347662,3414.0,30,33.762
1708,0.153,45.305,-3.5530000000000004,45.305,-3.349,45.441,0.2451774867315513,2.739970488359281,17.040471212593935,3416.0,30,33.762
1709,-0.918,45.781000000000006,,,,,0.2451774867315513,2.8063269603750234,,3418.0,30,33.762
1710,0.051,43.707,-2.737,43.367,0.8670000000000001,47.923,5.809126612495204,2.0460453480802303,12.142020297972854,3420.0,30,33.762
1711,0.255,44.761,-1.785,42.211000000000006,3.5530000000000004,44.965,6.006559747476088,2.131149219852733,8.07798323486764,3422.0,30,33.762
1712,1.6150000000000002,43.911,-3.791,45.781000000000006,2.091,47.685,6.182486554777132,3.3103588921714606,14.592109298637086,3424.0,30,33.762
1713,0.068,44.693000000000005,0.153,41.973000000000006,1.5810000000000002,47.209,5.427235023471897,2.931049386981779,6.009515885803368,3426.0,30,33.762
1714,-0.221,44.727,-4.063000000000001,45.373000000000005,-0.085,46.971,4.286967226373442,2.617946530572386,12.902427069111956,3428.0,30,33.762
1715,-0.221,45.339000000000006,-2.4650000000000003,48.501000000000005,-0.391,48.467000000000006,2.074278669803072,2.9393056850651678,2.3486167782160234,3430.0,30,33.762
1716,-0.255,43.741,,,,,2.074278669803072,2.81008050377819,,3432.0,30,33.762
1717,0.5950000000000001,46.121,-3.213,46.053,0.119,46.359,3.346021518161532,2.701859434233494,18.259624134505668,3434.0,30,33.762
1718,1.496,45.407,-0.119,46.053,1.003,41.803,4.395609627799084,2.76298350572945,9.03672084292982,3436.0,30,33.762
1719,-0.119,45.203,-1.751,48.909000000000006,1.105,47.005,3.432484814241718,1.763690285237953,8.833304143832187,3438.0,30,33.762
1720,0.8670000000000001,45.747,-2.261,45.203,-0.935,44.047,1.7591509315576082,1.946803712717715,9.284027113225816,3440.0,30,33.762
1721,0.5950000000000001,46.155,-3.4850000000000003,43.29900000000001,2.1590000000000003,47.311,6.924657392246926,3.028400384667288,9.794566849652757,3442.0,30,33.762
1722,-1.479,45.441,1.3430000000000002,44.659000000000006,1.377,48.67100000000001,4.012144065210022,3.555106619797077,6.900981945756337,3444.0,30,33.762
1723,-1.037,45.339000000000006,0.663,38.777,-1.785,48.127,9.665154111549388,3.136990392313161,10.865381131173546,3446.0,30,33.762
1724,-0.901,44.353,-3.655,43.503,-0.663,42.279,3.232683096129282,2.4975439413812994,8.27208569149744,3448.0,30,33.762
1725,0.085,45.509,-3.893,45.067,-0.969,42.313,4.016751423725396,2.855930372304132,12.724238288753613,3450.0,30,33.762
1726,-0.935,46.42700000000001,-1.513,48.059000000000005,2.091,42.109,6.956386705754648,2.623207936294845,10.775067595024918,3452.0,30,33.762
1727,-0.8330000000000001,44.149,-1.5470000000000002,48.43300000000001,2.397,43.29900000000001,6.474032128434335,2.469400936819808,9.538276510854624,3454.0,30,33.762
1728,-0.323,43.741,-3.825,45.883,3.145,43.911,7.243596068252288,3.213743694704929,11.085969234241256,3456.0,30,33.762
1729,1.139,43.979000000000006,-3.111,47.311,2.057,45.407,5.507580230918112,2.2450157907181,10.390456949820472,3458.0,30,33.762
1730,-0.459,44.557,2.125,45.271,0.527,43.911,2.098381280892488,2.4662610885461143,3.974908949249599,3460.0,30,33.762
1731,-0.8330000000000001,44.336000000000006,2.7710000000000004,46.325,-0.799,44.931,3.832510404421624,2.308717314011252,14.52368643590488,3462.0,30,33.762
1732,0.034,44.42100000000001,2.873,42.653000000000006,-2.5330000000000004,43.435,5.462266928666156,2.4899533954440303,8.798299761153155,3464.0,30,33.762
1733,1.139,45.407,0.663,41.565000000000005,-2.4650000000000003,43.843,3.869582406410284,2.6840678709806243,14.058916449673514,3466.0,30,33.762
1734,-0.085,45.645,,,,,3.869582406410284,1.91727456373212,,3468.0,30,33.762
1735,-0.425,46.155,-1.003,44.693000000000005,1.173,46.189,2.640642346096873,0.9891066566523474,3.77552122044776,3470.0,30,33.762
1736,-0.255,44.217000000000006,-3.927000000000001,45.645,1.513,42.109,6.488212080380851,2.825404622397256,7.790109558223535,3472.0,30,33.762
1737,-0.765,43.639,-3.621,45.611,1.955,43.469,5.973268786853644,3.2190333811639555,8.244192320570171,3474.0,30,33.762
1738,-0.357,44.047,-3.893,46.019000000000005,3.621,44.455000000000005,7.675043452645725,3.039904076918437,10.368173072383328,3476.0,30,33.762
1739,0.255,44.285,-3.587,45.373000000000005,2.7030000000000003,46.767,6.442618722227787,3.233390173176232,13.20324932824743,3478.0,30,33.762
1740,0.051,45.747,-3.689,44.659000000000006,2.601,45.373000000000005,6.330394616451648,2.349339265026799,10.462296893425435,3480.0,30,33.762
1741,0.017,45.305,-2.737,45.067,1.785,45.373000000000005,4.532341558179392,2.570376531029096,9.690879162359144,3482.0,30,33.762
1742,0.119,45.475,-3.451,45.101000000000006,-3.043,44.659000000000006,0.6015214044404406,2.5417321948865204,16.828356127247524,3484.0,30,33.762
1743,0.459,45.747,-3.893,45.781000000000006,-3.757,46.42700000000001,0.6601605865242184,3.256999594761329,20.525285044865356,3486.0,30,33.762
1744,0.425,46.155,-2.8390000000000004,44.319,3.0770000000000004,43.809000000000005,5.937942067753777,2.652223251332812,7.093801083329546,3488.0,30,33.762
1745,-0.629,44.489,2.7030000000000003,47.141000000000005,1.241,43.639,3.794923978158193,1.9464361939352597,4.386604513519492,3490.0,30,33.762
1746,1.819,43.741,2.125,47.957,-1.785,41.701,7.377373245268265,2.8039646985568343,9.868255021511182,3492.0,30,33.762
1747,-0.357,45.883,3.451,45.067,-3.0090000000000003,42.959,6.795238332832779,2.915321253778722,20.68246258126791,3494.0,30,33.762
1748,-0.391,45.781000000000006,3.4850000000000003,46.121,-1.037,41.225,6.664780566530304,2.864576426290846,19.061512465623263,3496.0,30,33.762
1749,0.051,44.115,0.289,39.865,-0.8330000000000001,37.587,2.5393243195779465,3.4104438568657285,2.7576660291246737,3498.0,30,33.762
1750,-0.357,43.877,0.459,48.331,-0.7310000000000001,38.845000000000006,9.560350202790692,3.287664725344632,10.294857681253522,3500.0,30,33.762
1751,-0.935,46.257000000000005,-3.349,47.583000000000006,-1.921,46.155,2.01949696706878,2.4799407559506155,11.199205522101307,3502.0,30,33.762
1752,-1.0710000000000002,45.135000000000005,-3.145,47.651,0.7310000000000001,46.971,3.9351970725746384,2.3733711286116685,11.693186167161764,3504.0,30,33.762
1753,-1.649,44.897000000000006,-3.689,46.257000000000005,-1.3430000000000002,47.107000000000006,2.4952386659395933,2.505514302329861,18.48106935512744,3506.0,30,33.762
1754,0.901,43.503,0.969,43.503,2.1590000000000003,42.177,1.781677860894051,3.192786200582141,8.207943585655553,3508.0,30,33.762
1755,-0.255,44.999,-3.2470000000000003,47.685,2.805,44.013000000000005,7.078862055443658,2.4443089868037937,11.893119003583202,3510.0,30,33.762
1756,-0.8330000000000001,43.469,-3.3150000000000004,47.277,3.621,45.917,7.068075834341339,3.221372424914573,14.37591596144455,3512.0,30,33.762
1757,-0.901,43.231,-3.927000000000001,45.917,1.989,43.061,6.569306812746685,3.1645140444040964,9.43092367600924,3514.0,30,33.762
1758,-1.139,44.455000000000005,0.799,47.243,2.635,44.557,3.253535307938121,2.8908221366481754,15.680754646143685,3516.0,30,33.762
1759,-1.241,44.829,-3.349,45.441,2.125,47.243,5.762974926199141,2.487226375723393,7.487857239124269,3518.0,30,33.762
1760,-0.323,44.455000000000005,0.629,48.875,-0.153,42.585,6.338424409898726,2.1805454483080413,9.756415290820618,3520.0,30,33.762
1761,0.6970000000000001,44.965,-0.221,48.943000000000005,-3.281,45.475,4.624999891891892,2.916036237060345,16.51652263893303,3522.0,30,33.762
1762,0.6970000000000001,43.29900000000001,-2.4650000000000003,43.469,-2.4650000000000003,43.027,0.442,2.7930955904796924,18.25727971203536,3524.0,30,33.762
1763,-0.221,44.965,0.425,47.039,1.173,42.415000000000006,4.684109307008111,2.433260300660504,7.280266581996273,3526.0,30,33.762
1764,1.173,44.625,-0.187,41.701,1.241,42.313,1.5536177135962377,2.0116697378535164,1.8826965461441456,3528.0,30,33.762
1765,-0.051,45.203,-3.213,47.141000000000005,2.499,44.319,6.371077459896403,2.8544638635095203,7.495002361819495,3530.0,30,33.762
1766,-0.663,46.121,-2.805,42.381,-0.663,47.617,5.6571954182262445,1.7571375251910368,7.684743263233798,3532.0,30,33.762
1767,-0.425,46.631,-1.887,44.115,0.459,47.039,3.74879874093022,1.8528828022275543,9.59295891516655,3534.0,30,33.762
1768,0.017,45.203,-2.363,45.339000000000006,3.451,45.917,5.842660352955664,2.332354875242334,7.097563984925695,3536.0,30,33.762
1769,0.6970000000000001,45.747,-2.363,43.29900000000001,1.5470000000000002,47.957,6.08153467473466,2.253041778773801,8.716958281109745,3538.0,30,33.762
1770,0.969,44.183,-3.689,44.931,-1.513,48.331,4.036703605666386,3.211618302048173,16.826591891161286,3540.0,30,33.762
1771,0.391,43.605,-2.2270000000000003,48.161,-0.8670000000000001,45.101000000000006,3.348611652610676,3.3627735980784483,19.398040958194457,3542.0,30,33.762
1772,0.629,45.883,-2.7030000000000003,47.175,2.2950000000000004,47.447,5.005395888438796,2.693809410362137,5.710621762393547,3544.0,30,33.762
1773,0.289,44.472,-0.8330000000000001,43.29900000000001,0.5950000000000001,47.209,4.162605434100138,1.4917601408385703,9.488837371538366,3546.0,30,33.762
1774,0.8330000000000001,44.115,-3.791,44.86300000000001,2.907,47.243,7.108277147101118,2.860771302259689,12.144341693270851,3548.0,30,33.762
1775,0.8670000000000001,44.387,-3.043,44.693000000000005,1.037,45.98500000000001,4.279680361896201,2.87853030054448,10.696584368961204,3550.0,30,33.762
1776,0.799,45.067,,,,,4.279680361896201,1.7446256748651767,,3552.0,30,33.762
1777,-1.037,43.809000000000005,-2.737,47.685,1.513,42.075,7.038082125124713,2.017422363094922,9.091639031559197,3554.0,30,33.762
1778,-1.241,44.523,-2.7030000000000003,43.469,1.003,48.501000000000005,6.249436774622174,2.973815175890007,9.429496079900655,3556.0,30,33.762
1779,1.003,43.129000000000005,-0.391,41.395,0.6970000000000001,47.617,6.316409423082073,2.6949603299225235,11.440560981705431,3558.0,30,33.762
1780,-0.289,45.815000000000005,-3.5530000000000004,46.121,-0.8330000000000001,45.645,2.761335908577586,2.721115001206098,19.93855572923054,3560.0,30,33.762
1781,-0.221,44.42100000000001,-0.221,45.407,3.0770000000000004,43.945,3.607526576478682,2.503393396524149,9.118206151711467,3562.0,30,33.762
1782,-1.0710000000000002,44.86300000000001,-1.445,48.705000000000005,-2.193,47.345000000000006,1.5521288606298125,3.179430643657117,1.967233713772733,3564.0,30,33.762
1783,1.377,45.305,-1.955,47.107000000000006,1.3090000000000002,45.611,3.5905030288247914,2.63776148461658,9.406445485500605,3566.0,30,33.762
1784,0.663,43.537000000000006,-3.859,44.795,2.635,44.931,6.49542392765861,2.5557555064946538,16.00727255686748,3568.0,30,33.762
1785,-0.289,42.925,-3.689,45.135000000000005,0.459,45.543000000000006,4.168017274436372,2.6926150463948835,13.432692530483214,3570.0,30,33.762
1786,0.425,43.061,-2.193,47.719,0.459,41.701,6.576429730484468,2.4921592026937485,9.132620589182451,3572.0,30,33.762
1787,-0.221,44.829,0.527,47.583000000000006,-0.765,40.919,6.788089569238167,3.5991369172334022,11.01858587576965,3574.0,30,33.762
1788,-0.425,45.883,3.213,45.815000000000005,3.111,44.115,1.7030572509460746,2.4351835249443754,14.737631653564607,3576.0,30,33.762
1789,-0.153,44.42100000000001,-0.051,46.189,-0.425,41.055,5.147604491411515,1.9713323461330885,5.44483155865692,3578.0,30,33.762
1790,-0.391,43.571000000000005,-0.017,46.121,-0.6970000000000001,38.641000000000005,7.510845491687338,2.532404392515791,8.129156795990266,3580.0,30,33.762
1791,-0.323,42.687000000000005,2.8390000000000004,42.687000000000005,0.6970000000000001,39.423,3.904082478636946,2.3581438462377924,10.366594947775036,3582.0,30,33.762
1792,-0.527,43.29900000000001,2.9410000000000003,46.767,-2.5330000000000004,42.449000000000005,6.97207286249936,2.215223863047654,9.197677802542357,3584.0,30,33.762
1793,-0.017,43.911,0.153,48.637,-0.017,46.801,1.84385357336205,1.9318125729798792,1.973864744723261,3586.0,30,33.762
1794,-1.0710000000000002,43.979000000000006,-3.111,44.047,2.1590000000000003,47.209,6.145823297166947,2.2541636208237885,9.73843467370282,3588.0,30,33.762
1795,0.323,44.217000000000006,-0.561,47.855,2.5330000000000004,42.449000000000005,6.228777729217828,2.381240534566082,7.201796564082413,3590.0,30,33.762
1796,1.3430000000000002,44.591,-2.363,43.435,0.527,49.045,6.310641805712,2.8172028912572973,14.11421382516549,3592.0,30,33.762
1797,-0.493,44.285,-2.329,45.611,0.187,49.079,4.284539648550355,3.1945028064857235,5.0661047490445625,3594.0,30,33.762
1798,0.391,44.489,-0.187,42.517,1.955,45.305,3.5158367425123718,1.279322564574697,5.720338384020639,3596.0,30,33.762
